=== PM2.5 Prediction Evaluation Started at 2025-03-28 15:32:23.207793 ===
This log file will track the execution of evaluate_all_localities.py

2025-03-28 15:32:23 - Starting evaluation of all localities
2025-03-28 15:32:23 - Evaluation process started with PID: 4264
2025-03-28 15:32:23 - OUTPUT: 2025-03-28 15:32:23.896399: I tensorflow/core/util/port.cc:153] oneDNN custom operations are on. You may see slightly different numerical results due to floating-point round-off errors from different computation orders. To turn them off, set the environment variable `TF_ENABLE_ONEDNN_OPTS=0`.
2025-03-28 15:32:24 - OUTPUT: 2025-03-28 15:32:24.762338: I tensorflow/core/util/port.cc:153] oneDNN custom operations are on. You may see slightly different numerical results due to floating-point round-off errors from different computation orders. To turn them off, set the environment variable `TF_ENABLE_ONEDNN_OPTS=0`.
2025-03-28 15:32:27 - OUTPUT: 2025-03-28 15:32:27,995 - root - INFO - Evaluating 15 localities: Airport, Bandra, Borivali, Colaba, Kalyan, Kandivali, Kurla, Mahape, Mulund, Nerul, Powai, Sion, Vasai, Vileparle, Worli
2025-03-28 15:32:27 - OUTPUT: 2025-03-28 15:32:27,995 - root - INFO - Using sequence_length=24, prediction_horizon=6
2025-03-28 15:32:27 - OUTPUT: 
2025-03-28 15:32:27 - OUTPUT: Evaluating localities:   0%|          | 0/15 [00:00<?, ?it/s]2025-03-28 15:32:27,996 - root - INFO - Evaluating locality: Airport
2025-03-28 15:32:27 - OUTPUT: 2025-03-28 15:32:27,996 - root - INFO - Loaded coordinates for 26 localities
2025-03-28 15:32:28 - OUTPUT: 2025-03-28 15:32:27,999 - root - INFO - Found 12 nearby localities for Airport
2025-03-28 15:32:28 - OUTPUT: 2025-03-28 15:32:27,999 - root - INFO -   - Vileparle: 2.54 km, weight: 0.2804
2025-03-28 15:32:28 - OUTPUT: 2025-03-28 15:32:27,999 - root - INFO -   - Vile Parle: 2.54 km, weight: 0.2804
2025-03-28 15:32:28 - OUTPUT: 2025-03-28 15:32:27,999 - root - INFO -   - Kurla: 3.04 km, weight: 0.2185
2025-03-28 15:32:28 - OUTPUT: 2025-03-28 15:32:27,999 - root - INFO -   - Andheri: 3.90 km, weight: 0.1426
2025-03-28 15:32:28 - OUTPUT: 2025-03-28 15:32:27,999 - root - INFO -   - Juhu: 4.45 km, weight: 0.1083
2025-03-28 15:32:28 - OUTPUT: 2025-03-28 15:32:27,999 - root - INFO -   - Bandra: 4.67 km, weight: 0.0967
2025-03-28 15:32:28 - OUTPUT: 2025-03-28 15:32:27,999 - root - INFO -   - Sion: 4.77 km, weight: 0.0919
2025-03-28 15:32:28 - OUTPUT: 2025-03-28 15:32:27,999 - root - INFO -   - Dharavi: 5.05 km, weight: 0.0801
2025-03-28 15:32:28 - OUTPUT: 2025-03-28 15:32:27,999 - root - INFO -   - Chembur: 5.14 km, weight: 0.0765
2025-03-28 15:32:28 - OUTPUT: 2025-03-28 15:32:27,999 - root - INFO -   - Powai: 5.45 km, weight: 0.0656
2025-03-28 15:32:28 - OUTPUT: 2025-03-28 15:32:27,999 - root - INFO -   - Dadar: 8.28 km, weight: 0.0159
2025-03-28 15:32:28 - OUTPUT: 2025-03-28 15:32:28,000 - root - INFO -   - Worli: 9.97 km, weight: 0.0068
2025-03-28 15:32:28 - OUTPUT: 2025-03-28 15:32:28,000 - root - INFO - Initializing LSTM Predictor for Airport
2025-03-28 15:32:28 - OUTPUT: 2025-03-28 15:32:28,000 - root - INFO - Sequence length: 24, Prediction horizon: 6
2025-03-28 15:32:28 - OUTPUT: 2025-03-28 15:32:28,000 - root - INFO - Loading cleaned data from spatial_cleaned_data\Airport_spatial_weighted.csv
2025-03-28 15:32:28 - OUTPUT: 2025-03-28 15:32:28,011 - root - INFO - Using spatial data from nearby localities to fill any remaining missing values
2025-03-28 15:32:28 - OUTPUT: 2025-03-28 15:32:28,011 - root - INFO - No missing PM2.5 values found
2025-03-28 15:32:28 - OUTPUT: 2025-03-28 15:32:28,013 - root - INFO - Loaded cleaned data with shape: (5305, 4)
2025-03-28 15:32:28 - OUTPUT: 2025-03-28 15:32:28,013 - root - INFO - Features selected: ['PM10', 'RH', 'AT']
2025-03-28 15:32:28 - OUTPUT: 2025-03-28 15:32:28,013 - root - INFO - Train data shape: (4244, 4), Test data shape: (1061, 4)
2025-03-28 15:32:28 - OUTPUT: 2025-03-28 15:32:28,013 - root - INFO - Loading existing model for Airport
2025-03-28 15:32:28 - OUTPUT: 2025-03-28 15:32:28.017195: I tensorflow/core/platform/cpu_feature_guard.cc:210] This TensorFlow binary is optimized to use available CPU instructions in performance-critical operations.
2025-03-28 15:32:28 - OUTPUT: To enable the following instructions: AVX2 FMA, in other operations, rebuild TensorFlow with the appropriate compiler flags.
2025-03-28 15:32:28 - OUTPUT: 2025-03-28 15:32:28,223 - root - INFO - Evaluating predictions for Airport
2025-03-28 15:32:28 - OUTPUT: 2025-03-28 15:32:28,224 - root - INFO - Preparing sequences from data with shape: (1061, 4)
2025-03-28 15:32:28 - OUTPUT: 2025-03-28 15:32:28,235 - root - INFO - Creating 1032 sequences...
2025-03-28 15:32:28 - OUTPUT: 2025-03-28 15:32:28,237 - root - INFO - Sequence preparation completed. X shape: (1032, 24, 22), y shape: (1032, 6)
2025-03-28 15:32:28 - OUTPUT: 2025-03-28 15:32:28,237 - root - INFO - Sequence preparation took 0.01 seconds
2025-03-28 15:32:28 - OUTPUT: 2025-03-28 15:32:28,659 - root - ERROR - Error evaluating model for Airport: 'charmap' codec can't encode characters in position 21-40: character maps to <undefined>
2025-03-28 15:32:28 - OUTPUT: 
2025-03-28 15:32:28 - OUTPUT: Evaluating localities:   7%|6         | 1/15 [00:00<00:09,  1.51it/s]2025-03-28 15:32:28,660 - root - INFO - Evaluating locality: Bandra
2025-03-28 15:32:28 - OUTPUT: 2025-03-28 15:32:28,660 - root - INFO - Loaded coordinates for 26 localities
2025-03-28 15:32:28 - OUTPUT: 2025-03-28 15:32:28,665 - root - INFO - Found 12 nearby localities for Bandra
2025-03-28 15:32:28 - OUTPUT: 2025-03-28 15:32:28,665 - root - INFO -   - Dharavi: 2.26 km, weight: 0.3231
2025-03-28 15:32:28 - OUTPUT: 2025-03-28 15:32:28,665 - root - INFO -   - Sion: 2.60 km, weight: 0.2723
2025-03-28 15:32:28 - OUTPUT: 2025-03-28 15:32:28,665 - root - INFO -   - Dadar: 4.14 km, weight: 0.1262
2025-03-28 15:32:28 - OUTPUT: 2025-03-28 15:32:28,665 - root - INFO -   - Kurla: 4.30 km, weight: 0.1163
2025-03-28 15:32:28 - OUTPUT: 2025-03-28 15:32:28,665 - root - INFO -   - Airport: 4.67 km, weight: 0.0967
2025-03-28 15:32:28 - OUTPUT: 2025-03-28 15:32:28,665 - root - INFO -   - Vileparle: 4.99 km, weight: 0.0826
2025-03-28 15:32:28 - OUTPUT: 2025-03-28 15:32:28,665 - root - INFO -   - Vile Parle: 4.99 km, weight: 0.0825
2025-03-28 15:32:28 - OUTPUT: 2025-03-28 15:32:28,665 - root - INFO -   - Worli: 5.33 km, weight: 0.0697
2025-03-28 15:32:28 - OUTPUT: 2025-03-28 15:32:28,665 - root - INFO -   - Juhu: 5.91 km, weight: 0.0520
2025-03-28 15:32:28 - OUTPUT: 2025-03-28 15:32:28,665 - root - INFO -   - Chembur: 6.08 km, weight: 0.0479
2025-03-28 15:32:28 - OUTPUT: 2025-03-28 15:32:28,665 - root - INFO -   - Andheri: 7.19 km, weight: 0.0274
2025-03-28 15:32:28 - OUTPUT: 2025-03-28 15:32:28,665 - root - INFO -   - Powai: 9.98 km, weight: 0.0068
2025-03-28 15:32:28 - OUTPUT: 2025-03-28 15:32:28,666 - root - INFO - Initializing LSTM Predictor for Bandra
2025-03-28 15:32:28 - OUTPUT: 2025-03-28 15:32:28,666 - root - INFO - Sequence length: 24, Prediction horizon: 6
2025-03-28 15:32:28 - OUTPUT: 2025-03-28 15:32:28,666 - root - INFO - Loading cleaned data from spatial_cleaned_data\Bandra_spatial_weighted.csv
2025-03-28 15:32:28 - OUTPUT: 2025-03-28 15:32:28,678 - root - INFO - Using spatial data from nearby localities to fill any remaining missing values
2025-03-28 15:32:28 - OUTPUT: 2025-03-28 15:32:28,678 - root - INFO - No missing PM2.5 values found
2025-03-28 15:32:28 - OUTPUT: 2025-03-28 15:32:28,678 - root - INFO - Loaded cleaned data with shape: (5441, 4)
2025-03-28 15:32:28 - OUTPUT: 2025-03-28 15:32:28,678 - root - INFO - Features selected: ['PM10', 'RH', 'AT']
2025-03-28 15:32:28 - OUTPUT: 2025-03-28 15:32:28,679 - root - INFO - Train data shape: (4352, 4), Test data shape: (1089, 4)
2025-03-28 15:32:28 - OUTPUT: 2025-03-28 15:32:28,679 - root - INFO - Loading existing model for Bandra
2025-03-28 15:32:28 - OUTPUT: 2025-03-28 15:32:28,850 - root - INFO - Evaluating predictions for Bandra
2025-03-28 15:32:28 - OUTPUT: 2025-03-28 15:32:28,850 - root - INFO - Preparing sequences from data with shape: (1089, 4)
2025-03-28 15:32:28 - OUTPUT: 2025-03-28 15:32:28,863 - root - INFO - Creating 1060 sequences...
2025-03-28 15:32:28 - OUTPUT: 2025-03-28 15:32:28,866 - root - INFO - Sequence preparation completed. X shape: (1060, 24, 22), y shape: (1060, 6)
2025-03-28 15:32:28 - OUTPUT: 2025-03-28 15:32:28,866 - root - INFO - Sequence preparation took 0.02 seconds
2025-03-28 15:32:29 - OUTPUT: 2025-03-28 15:32:29,232 - root - ERROR - Error evaluating model for Bandra: 'charmap' codec can't encode characters in position 21-40: character maps to <undefined>
2025-03-28 15:32:29 - OUTPUT: 
2025-03-28 15:32:29 - OUTPUT: Evaluating localities:  13%|#3        | 2/15 [00:01<00:07,  1.64it/s]2025-03-28 15:32:29,234 - root - INFO - Evaluating locality: Borivali
2025-03-28 15:32:29 - OUTPUT: 2025-03-28 15:32:29,235 - root - INFO - Loaded coordinates for 26 localities
2025-03-28 15:32:29 - OUTPUT: 2025-03-28 15:32:29,241 - root - INFO - Found 2 nearby localities for Borivali
2025-03-28 15:32:29 - OUTPUT: 2025-03-28 15:32:29,241 - root - INFO -   - Kandivali: 3.02 km, weight: 0.2211
2025-03-28 15:32:29 - OUTPUT: 2025-03-28 15:32:29,241 - root - INFO -   - Malad: 4.78 km, weight: 0.0917
2025-03-28 15:32:29 - OUTPUT: 2025-03-28 15:32:29,241 - root - INFO - Initializing LSTM Predictor for Borivali
2025-03-28 15:32:29 - OUTPUT: 2025-03-28 15:32:29,241 - root - INFO - Sequence length: 24, Prediction horizon: 6
2025-03-28 15:32:29 - OUTPUT: 2025-03-28 15:32:29,242 - root - INFO - Loading cleaned data from spatial_cleaned_data\Borivali_spatial_weighted.csv
2025-03-28 15:32:29 - OUTPUT: 2025-03-28 15:32:29,249 - root - INFO - Using spatial data from nearby localities to fill any remaining missing values
2025-03-28 15:32:29 - OUTPUT: 2025-03-28 15:32:29,249 - root - INFO - No missing PM2.5 values found
2025-03-28 15:32:29 - OUTPUT: 2025-03-28 15:32:29,249 - root - INFO - Loaded cleaned data with shape: (5425, 4)
2025-03-28 15:32:29 - OUTPUT: 2025-03-28 15:32:29,249 - root - INFO - Features selected: ['PM10', 'RH', 'AT']
2025-03-28 15:32:29 - OUTPUT: 2025-03-28 15:32:29,250 - root - INFO - Train data shape: (4340, 4), Test data shape: (1085, 4)
2025-03-28 15:32:29 - OUTPUT: 2025-03-28 15:32:29,250 - root - INFO - Loading existing model for Borivali
2025-03-28 15:32:29 - OUTPUT: 2025-03-28 15:32:29,413 - root - INFO - Evaluating predictions for Borivali
2025-03-28 15:32:29 - OUTPUT: 2025-03-28 15:32:29,414 - root - INFO - Preparing sequences from data with shape: (1085, 4)
2025-03-28 15:32:29 - OUTPUT: 2025-03-28 15:32:29,424 - root - INFO - Creating 1056 sequences...
2025-03-28 15:32:29 - OUTPUT: 2025-03-28 15:32:29,426 - root - INFO - Sequence preparation completed. X shape: (1056, 24, 22), y shape: (1056, 6)
2025-03-28 15:32:29 - OUTPUT: 2025-03-28 15:32:29,426 - root - INFO - Sequence preparation took 0.01 seconds
2025-03-28 15:32:29 - OUTPUT: 2025-03-28 15:32:29,830 - root - ERROR - Error evaluating model for Borivali: 'charmap' codec can't encode characters in position 21-40: character maps to <undefined>
2025-03-28 15:32:29 - OUTPUT: 
2025-03-28 15:32:29 - OUTPUT: Evaluating localities:  20%|##        | 3/15 [00:01<00:07,  1.65it/s]2025-03-28 15:32:29,831 - root - INFO - Evaluating locality: Colaba
2025-03-28 15:32:29 - OUTPUT: 2025-03-28 15:32:29,832 - root - INFO - Loaded coordinates for 26 localities
2025-03-28 15:32:29 - OUTPUT: 2025-03-28 15:32:29,834 - root - INFO - Found 1 nearby localities for Colaba
2025-03-28 15:32:29 - OUTPUT: 2025-03-28 15:32:29,834 - root - INFO -   - Malabar Hill: 5.33 km, weight: 0.0696
2025-03-28 15:32:29 - OUTPUT: 2025-03-28 15:32:29,834 - root - INFO - Initializing LSTM Predictor for Colaba
2025-03-28 15:32:29 - OUTPUT: 2025-03-28 15:32:29,834 - root - INFO - Sequence length: 24, Prediction horizon: 6
2025-03-28 15:32:29 - OUTPUT: 2025-03-28 15:32:29,835 - root - INFO - Loading cleaned data from spatial_cleaned_data\Colaba_spatial_weighted.csv
2025-03-28 15:32:29 - OUTPUT: 2025-03-28 15:32:29,843 - root - INFO - Using spatial data from nearby localities to fill any remaining missing values
2025-03-28 15:32:29 - OUTPUT: 2025-03-28 15:32:29,844 - root - INFO - No missing PM2.5 values found
2025-03-28 15:32:29 - OUTPUT: 2025-03-28 15:32:29,844 - root - INFO - Loaded cleaned data with shape: (4801, 4)
2025-03-28 15:32:29 - OUTPUT: 2025-03-28 15:32:29,844 - root - INFO - Features selected: ['PM10', 'RH', 'AT']
2025-03-28 15:32:29 - OUTPUT: 2025-03-28 15:32:29,845 - root - INFO - Train data shape: (3840, 4), Test data shape: (961, 4)
2025-03-28 15:32:29 - OUTPUT: 2025-03-28 15:32:29,845 - root - INFO - Loading existing model for Colaba
2025-03-28 15:32:30 - OUTPUT: 2025-03-28 15:32:30,028 - root - INFO - Evaluating predictions for Colaba
2025-03-28 15:32:30 - OUTPUT: 2025-03-28 15:32:30,028 - root - INFO - Preparing sequences from data with shape: (961, 4)
2025-03-28 15:32:30 - OUTPUT: 2025-03-28 15:32:30,040 - root - INFO - Creating 932 sequences...
2025-03-28 15:32:30 - OUTPUT: 2025-03-28 15:32:30,042 - root - INFO - Sequence preparation completed. X shape: (932, 24, 22), y shape: (932, 6)
2025-03-28 15:32:30 - OUTPUT: 2025-03-28 15:32:30,042 - root - INFO - Sequence preparation took 0.01 seconds
2025-03-28 15:32:30 - OUTPUT: 2025-03-28 15:32:30,408 - root - ERROR - Error evaluating model for Colaba: 'charmap' codec can't encode characters in position 21-40: character maps to <undefined>
2025-03-28 15:32:30 - OUTPUT: 
2025-03-28 15:32:30 - OUTPUT: Evaluating localities:  27%|##6       | 4/15 [00:02<00:06,  1.68it/s]2025-03-28 15:32:30,410 - root - INFO - Evaluating locality: Kalyan
2025-03-28 15:32:30 - OUTPUT: 2025-03-28 15:32:30,410 - root - INFO - Loaded coordinates for 26 localities
2025-03-28 15:32:30 - OUTPUT: 2025-03-28 15:32:30,414 - root - INFO - Found 0 nearby localities for Kalyan
2025-03-28 15:32:30 - OUTPUT: 2025-03-28 15:32:30,414 - root - INFO - Initializing LSTM Predictor for Kalyan
2025-03-28 15:32:30 - OUTPUT: 2025-03-28 15:32:30,414 - root - INFO - Sequence length: 24, Prediction horizon: 6
2025-03-28 15:32:30 - OUTPUT: 2025-03-28 15:32:30,414 - root - INFO - Loading cleaned data from spatial_cleaned_data\Kalyan_spatial_weighted.csv
2025-03-28 15:32:30 - OUTPUT: 2025-03-28 15:32:30,422 - root - WARNING - Data still contains NaN values. Filling with forward and backward fill.
2025-03-28 15:32:30 - OUTPUT: 2025-03-28 15:32:30,423 - root - INFO - Loaded cleaned data with shape: (5442, 4)
2025-03-28 15:32:30 - OUTPUT: 2025-03-28 15:32:30,423 - root - INFO - Features selected: ['PM10', 'RH', 'AT']
2025-03-28 15:32:30 - OUTPUT: 2025-03-28 15:32:30,424 - root - INFO - Train data shape: (4353, 4), Test data shape: (1089, 4)
2025-03-28 15:32:30 - OUTPUT: 2025-03-28 15:32:30,424 - root - INFO - Loading existing model for Kalyan
2025-03-28 15:32:30 - OUTPUT: 2025-03-28 15:32:30,597 - root - INFO - Evaluating predictions for Kalyan
2025-03-28 15:32:30 - OUTPUT: 2025-03-28 15:32:30,597 - root - INFO - Preparing sequences from data with shape: (1089, 4)
2025-03-28 15:32:30 - OUTPUT: 2025-03-28 15:32:30,611 - root - INFO - Creating 1060 sequences...
2025-03-28 15:32:30 - OUTPUT: 2025-03-28 15:32:30,614 - root - INFO - Sequence preparation completed. X shape: (1060, 24, 22), y shape: (1060, 6)
2025-03-28 15:32:30 - OUTPUT: 2025-03-28 15:32:30,614 - root - INFO - Sequence preparation took 0.02 seconds
2025-03-28 15:32:30 - OUTPUT: WARNING:tensorflow:5 out of the last 9 calls to <function TensorFlowTrainer.make_predict_function.<locals>.one_step_on_data_distributed at 0x0000015E521F76A0> triggered tf.function retracing. Tracing is expensive and the excessive number of tracings could be due to (1) creating @tf.function repeatedly in a loop, (2) passing tensors with different shapes, (3) passing Python objects instead of tensors. For (1), please define your @tf.function outside of the loop. For (2), @tf.function has reduce_retracing=True option that can avoid unnecessary retracing. For (3), please refer to https://www.tensorflow.org/guide/function#controlling_retracing and https://www.tensorflow.org/api_docs/python/tf/function for  more details.
2025-03-28 15:32:30 - OUTPUT: 2025-03-28 15:32:30,971 - tensorflow - WARNING - 5 out of the last 9 calls to <function TensorFlowTrainer.make_predict_function.<locals>.one_step_on_data_distributed at 0x0000015E521F76A0> triggered tf.function retracing. Tracing is expensive and the excessive number of tracings could be due to (1) creating @tf.function repeatedly in a loop, (2) passing tensors with different shapes, (3) passing Python objects instead of tensors. For (1), please define your @tf.function outside of the loop. For (2), @tf.function has reduce_retracing=True option that can avoid unnecessary retracing. For (3), please refer to https://www.tensorflow.org/guide/function#controlling_retracing and https://www.tensorflow.org/api_docs/python/tf/function for  more details.
2025-03-28 15:32:30 - OUTPUT: 2025-03-28 15:32:30,979 - root - ERROR - Error evaluating model for Kalyan: 'charmap' codec can't encode characters in position 21-40: character maps to <undefined>
2025-03-28 15:32:30 - OUTPUT: 
2025-03-28 15:32:30 - OUTPUT: Evaluating localities:  33%|###3      | 5/15 [00:02<00:05,  1.71it/s]2025-03-28 15:32:30,980 - root - INFO - Evaluating locality: Kandivali
2025-03-28 15:32:30 - OUTPUT: 2025-03-28 15:32:30,980 - root - INFO - Loaded coordinates for 26 localities
2025-03-28 15:32:30 - OUTPUT: 2025-03-28 15:32:30,983 - root - INFO - Found 3 nearby localities for Kandivali
2025-03-28 15:32:30 - OUTPUT: 2025-03-28 15:32:30,983 - root - INFO -   - Malad: 1.76 km, weight: 0.4149
2025-03-28 15:32:30 - OUTPUT: 2025-03-28 15:32:30,983 - root - INFO -   - Borivali: 3.02 km, weight: 0.2211
2025-03-28 15:32:30 - OUTPUT: 2025-03-28 15:32:30,983 - root - INFO -   - Andheri: 9.16 km, weight: 0.0102
2025-03-28 15:32:30 - OUTPUT: 2025-03-28 15:32:30,983 - root - INFO - Initializing LSTM Predictor for Kandivali
2025-03-28 15:32:30 - OUTPUT: 2025-03-28 15:32:30,983 - root - INFO - Sequence length: 24, Prediction horizon: 6
2025-03-28 15:32:30 - OUTPUT: 2025-03-28 15:32:30,984 - root - INFO - Loading cleaned data from spatial_cleaned_data\Kandivali_spatial_weighted.csv
2025-03-28 15:32:30 - OUTPUT: 2025-03-28 15:32:30,991 - root - INFO - Using spatial data from nearby localities to fill any remaining missing values
2025-03-28 15:32:30 - OUTPUT: 2025-03-28 15:32:30,991 - root - INFO - No missing PM2.5 values found
2025-03-28 15:32:30 - OUTPUT: 2025-03-28 15:32:30,992 - root - INFO - Loaded cleaned data with shape: (4801, 4)
2025-03-28 15:32:30 - OUTPUT: 2025-03-28 15:32:30,992 - root - INFO - Features selected: ['PM10', 'RH', 'AT']
2025-03-28 15:32:30 - OUTPUT: 2025-03-28 15:32:30,992 - root - INFO - Train data shape: (3840, 4), Test data shape: (961, 4)
2025-03-28 15:32:30 - OUTPUT: 2025-03-28 15:32:30,992 - root - INFO - Loading existing model for Kandivali
2025-03-28 15:32:31 - OUTPUT: 2025-03-28 15:32:31,165 - root - INFO - Evaluating predictions for Kandivali
2025-03-28 15:32:31 - OUTPUT: 2025-03-28 15:32:31,165 - root - INFO - Preparing sequences from data with shape: (961, 4)
2025-03-28 15:32:31 - OUTPUT: 2025-03-28 15:32:31,174 - root - INFO - Creating 932 sequences...
2025-03-28 15:32:31 - OUTPUT: 2025-03-28 15:32:31,176 - root - INFO - Sequence preparation completed. X shape: (932, 24, 22), y shape: (932, 6)
2025-03-28 15:32:31 - OUTPUT: 2025-03-28 15:32:31,176 - root - INFO - Sequence preparation took 0.01 seconds
2025-03-28 15:32:31 - OUTPUT: WARNING:tensorflow:6 out of the last 11 calls to <function TensorFlowTrainer.make_predict_function.<locals>.one_step_on_data_distributed at 0x0000015E551F3060> triggered tf.function retracing. Tracing is expensive and the excessive number of tracings could be due to (1) creating @tf.function repeatedly in a loop, (2) passing tensors with different shapes, (3) passing Python objects instead of tensors. For (1), please define your @tf.function outside of the loop. For (2), @tf.function has reduce_retracing=True option that can avoid unnecessary retracing. For (3), please refer to https://www.tensorflow.org/guide/function#controlling_retracing and https://www.tensorflow.org/api_docs/python/tf/function for  more details.
2025-03-28 15:32:31 - OUTPUT: 2025-03-28 15:32:31,531 - tensorflow - WARNING - 6 out of the last 11 calls to <function TensorFlowTrainer.make_predict_function.<locals>.one_step_on_data_distributed at 0x0000015E551F3060> triggered tf.function retracing. Tracing is expensive and the excessive number of tracings could be due to (1) creating @tf.function repeatedly in a loop, (2) passing tensors with different shapes, (3) passing Python objects instead of tensors. For (1), please define your @tf.function outside of the loop. For (2), @tf.function has reduce_retracing=True option that can avoid unnecessary retracing. For (3), please refer to https://www.tensorflow.org/guide/function#controlling_retracing and https://www.tensorflow.org/api_docs/python/tf/function for  more details.
2025-03-28 15:32:31 - OUTPUT: 2025-03-28 15:32:31,541 - root - ERROR - Error evaluating model for Kandivali: 'charmap' codec can't encode characters in position 21-40: character maps to <undefined>
2025-03-28 15:32:31 - OUTPUT: 
2025-03-28 15:32:31 - OUTPUT: Evaluating localities:  40%|####      | 6/15 [00:03<00:05,  1.73it/s]2025-03-28 15:32:31,542 - root - INFO - Evaluating locality: Kurla
2025-03-28 15:32:31 - OUTPUT: 2025-03-28 15:32:31,542 - root - INFO - Loaded coordinates for 26 localities
2025-03-28 15:32:31 - OUTPUT: 2025-03-28 15:32:31,545 - root - INFO - Found 12 nearby localities for Kurla
2025-03-28 15:32:31 - OUTPUT: 2025-03-28 15:32:31,545 - root - INFO -   - Chembur: 2.27 km, weight: 0.3211
2025-03-28 15:32:31 - OUTPUT: 2025-03-28 15:32:31,545 - root - INFO -   - Sion: 2.71 km, weight: 0.2574
2025-03-28 15:32:31 - OUTPUT: 2025-03-28 15:32:31,545 - root - INFO -   - Airport: 3.04 km, weight: 0.2185
2025-03-28 15:32:31 - OUTPUT: 2025-03-28 15:32:31,545 - root - INFO -   - Dharavi: 3.21 km, weight: 0.2009
2025-03-28 15:32:31 - OUTPUT: 2025-03-28 15:32:31,545 - root - INFO -   - Bandra: 4.30 km, weight: 0.1163
2025-03-28 15:32:31 - OUTPUT: 2025-03-28 15:32:31,545 - root - INFO -   - Vileparle: 5.34 km, weight: 0.0694
2025-03-28 15:32:31 - OUTPUT: 2025-03-28 15:32:31,545 - root - INFO -   - Vile Parle: 5.34 km, weight: 0.0694
2025-03-28 15:32:31 - OUTPUT: 2025-03-28 15:32:31,545 - root - INFO -   - Dadar: 6.50 km, weight: 0.0388
2025-03-28 15:32:31 - OUTPUT: 2025-03-28 15:32:31,545 - root - INFO -   - Powai: 6.57 km, weight: 0.0374
2025-03-28 15:32:31 - OUTPUT: 2025-03-28 15:32:31,545 - root - INFO -   - Andheri: 6.94 km, weight: 0.0312
2025-03-28 15:32:31 - OUTPUT: 2025-03-28 15:32:31,545 - root - INFO -   - Juhu: 7.15 km, weight: 0.0281
2025-03-28 15:32:31 - OUTPUT: 2025-03-28 15:32:31,545 - root - INFO -   - Worli: 8.80 km, weight: 0.0123
2025-03-28 15:32:31 - OUTPUT: 2025-03-28 15:32:31,545 - root - INFO - Initializing LSTM Predictor for Kurla
2025-03-28 15:32:31 - OUTPUT: 2025-03-28 15:32:31,545 - root - INFO - Sequence length: 24, Prediction horizon: 6
2025-03-28 15:32:31 - OUTPUT: 2025-03-28 15:32:31,546 - root - INFO - Loading cleaned data from spatial_cleaned_data\Kurla_spatial_weighted.csv
2025-03-28 15:32:31 - OUTPUT: 2025-03-28 15:32:31,555 - root - INFO - Using spatial data from nearby localities to fill any remaining missing values
2025-03-28 15:32:31 - OUTPUT: 2025-03-28 15:32:31,555 - root - INFO - No missing PM2.5 values found
2025-03-28 15:32:31 - OUTPUT: 2025-03-28 15:32:31,556 - root - INFO - Loaded cleaned data with shape: (5425, 4)
2025-03-28 15:32:31 - OUTPUT: 2025-03-28 15:32:31,556 - root - INFO - Features selected: ['PM10', 'RH', 'AT']
2025-03-28 15:32:31 - OUTPUT: 2025-03-28 15:32:31,556 - root - INFO - Train data shape: (4340, 4), Test data shape: (1085, 4)
2025-03-28 15:32:31 - OUTPUT: 2025-03-28 15:32:31,556 - root - INFO - Loading existing model for Kurla
2025-03-28 15:32:31 - OUTPUT: 2025-03-28 15:32:31,675 - root - INFO - Evaluating predictions for Kurla
2025-03-28 15:32:31 - OUTPUT: 2025-03-28 15:32:31,675 - root - INFO - Preparing sequences from data with shape: (1085, 4)
2025-03-28 15:32:31 - OUTPUT: 2025-03-28 15:32:31,684 - root - INFO - Creating 1056 sequences...
2025-03-28 15:32:31 - OUTPUT: 2025-03-28 15:32:31,687 - root - INFO - Sequence preparation completed. X shape: (1056, 24, 22), y shape: (1056, 6)
2025-03-28 15:32:31 - OUTPUT: 2025-03-28 15:32:31,687 - root - INFO - Sequence preparation took 0.01 seconds
2025-03-28 15:32:32 - OUTPUT: 2025-03-28 15:32:32,039 - root - ERROR - Error evaluating model for Kurla: 'charmap' codec can't encode characters in position 21-40: character maps to <undefined>
2025-03-28 15:32:32 - OUTPUT: 
2025-03-28 15:32:32 - OUTPUT: Evaluating localities:  47%|####6     | 7/15 [00:04<00:04,  1.81it/s]2025-03-28 15:32:32,040 - root - INFO - Evaluating locality: Mahape
2025-03-28 15:32:32 - OUTPUT: 2025-03-28 15:32:32,041 - root - INFO - Loaded coordinates for 26 localities
2025-03-28 15:32:32 - OUTPUT: 2025-03-28 15:32:32,044 - root - INFO - Found 3 nearby localities for Mahape
2025-03-28 15:32:32 - OUTPUT: 2025-03-28 15:32:32,044 - root - INFO -   - Nerul: 8.48 km, weight: 0.0144
2025-03-28 15:32:32 - OUTPUT: 2025-03-28 15:32:32,044 - root - INFO -   - Navi Mumbai: 9.11 km, weight: 0.0105
2025-03-28 15:32:32 - OUTPUT: 2025-03-28 15:32:32,044 - root - INFO -   - Mulund: 9.72 km, weight: 0.0078
2025-03-28 15:32:32 - OUTPUT: 2025-03-28 15:32:32,044 - root - INFO - Initializing LSTM Predictor for Mahape
2025-03-28 15:32:32 - OUTPUT: 2025-03-28 15:32:32,044 - root - INFO - Sequence length: 24, Prediction horizon: 6
2025-03-28 15:32:32 - OUTPUT: 2025-03-28 15:32:32,044 - root - INFO - Loading cleaned data from spatial_cleaned_data\Mahape_spatial_weighted.csv
2025-03-28 15:32:32 - OUTPUT: 2025-03-28 15:32:32,052 - root - INFO - Using spatial data from nearby localities to fill any remaining missing values
2025-03-28 15:32:32 - OUTPUT: 2025-03-28 15:32:32,052 - root - INFO - No missing PM2.5 values found
2025-03-28 15:32:32 - OUTPUT: 2025-03-28 15:32:32,053 - root - INFO - Loaded cleaned data with shape: (5320, 4)
2025-03-28 15:32:32 - OUTPUT: 2025-03-28 15:32:32,053 - root - INFO - Features selected: ['PM10', 'RH', 'AT']
2025-03-28 15:32:32 - OUTPUT: 2025-03-28 15:32:32,053 - root - INFO - Train data shape: (4256, 4), Test data shape: (1064, 4)
2025-03-28 15:32:32 - OUTPUT: 2025-03-28 15:32:32,053 - root - INFO - Loading existing model for Mahape
2025-03-28 15:32:32 - OUTPUT: 2025-03-28 15:32:32,424 - root - INFO - Evaluating predictions for Mahape
2025-03-28 15:32:32 - OUTPUT: 2025-03-28 15:32:32,424 - root - INFO - Preparing sequences from data with shape: (1064, 4)
2025-03-28 15:32:32 - OUTPUT: 2025-03-28 15:32:32,434 - root - INFO - Creating 1035 sequences...
2025-03-28 15:32:32 - OUTPUT: 2025-03-28 15:32:32,437 - root - INFO - Sequence preparation completed. X shape: (1035, 24, 22), y shape: (1035, 6)
2025-03-28 15:32:32 - OUTPUT: 2025-03-28 15:32:32,437 - root - INFO - Sequence preparation took 0.01 seconds
2025-03-28 15:32:32 - OUTPUT: 2025-03-28 15:32:32,808 - root - ERROR - Error evaluating model for Mahape: 'charmap' codec can't encode characters in position 21-40: character maps to <undefined>
2025-03-28 15:32:32 - OUTPUT: 
2025-03-28 15:32:32 - OUTPUT: Evaluating localities:  53%|#####3    | 8/15 [00:04<00:04,  1.61it/s]2025-03-28 15:32:32,810 - root - INFO - Evaluating locality: Mulund
2025-03-28 15:32:32 - OUTPUT: 2025-03-28 15:32:32,810 - root - INFO - Loaded coordinates for 26 localities
2025-03-28 15:32:32 - OUTPUT: 2025-03-28 15:32:32,812 - root - INFO - Found 3 nearby localities for Mulund
2025-03-28 15:32:32 - OUTPUT: 2025-03-28 15:32:32,812 - root - INFO -   - Thane: 2.86 km, weight: 0.2397
2025-03-28 15:32:32 - OUTPUT: 2025-03-28 15:32:32,812 - root - INFO -   - Powai: 7.84 km, weight: 0.0198
2025-03-28 15:32:32 - OUTPUT: 2025-03-28 15:32:32,812 - root - INFO -   - Mahape: 9.72 km, weight: 0.0078
2025-03-28 15:32:32 - OUTPUT: 2025-03-28 15:32:32,812 - root - INFO - Initializing LSTM Predictor for Mulund
2025-03-28 15:32:32 - OUTPUT: 2025-03-28 15:32:32,812 - root - INFO - Sequence length: 24, Prediction horizon: 6
2025-03-28 15:32:32 - OUTPUT: 2025-03-28 15:32:32,813 - root - INFO - Loading cleaned data from spatial_cleaned_data\Mulund_spatial_weighted.csv
2025-03-28 15:32:32 - OUTPUT: 2025-03-28 15:32:32,823 - root - INFO - Using spatial data from nearby localities to fill any remaining missing values
2025-03-28 15:32:32 - OUTPUT: 2025-03-28 15:32:32,823 - root - INFO - No missing PM2.5 values found
2025-03-28 15:32:32 - OUTPUT: 2025-03-28 15:32:32,823 - root - INFO - Loaded cleaned data with shape: (5425, 4)
2025-03-28 15:32:32 - OUTPUT: 2025-03-28 15:32:32,823 - root - INFO - Features selected: ['PM10', 'RH', 'AT']
2025-03-28 15:32:32 - OUTPUT: 2025-03-28 15:32:32,824 - root - INFO - Train data shape: (4340, 4), Test data shape: (1085, 4)
2025-03-28 15:32:32 - OUTPUT: 2025-03-28 15:32:32,824 - root - INFO - Loading existing model for Mulund
2025-03-28 15:32:32 - OUTPUT: 2025-03-28 15:32:32,960 - root - INFO - Evaluating predictions for Mulund
2025-03-28 15:32:32 - OUTPUT: 2025-03-28 15:32:32,960 - root - INFO - Preparing sequences from data with shape: (1085, 4)
2025-03-28 15:32:32 - OUTPUT: 2025-03-28 15:32:32,973 - root - INFO - Creating 1056 sequences...
2025-03-28 15:32:32 - OUTPUT: 2025-03-28 15:32:32,976 - root - INFO - Sequence preparation completed. X shape: (1056, 24, 22), y shape: (1056, 6)
2025-03-28 15:32:32 - OUTPUT: 2025-03-28 15:32:32,976 - root - INFO - Sequence preparation took 0.02 seconds
2025-03-28 15:32:33 - OUTPUT: 2025-03-28 15:32:33,372 - root - ERROR - Error evaluating model for Mulund: 'charmap' codec can't encode characters in position 21-40: character maps to <undefined>
2025-03-28 15:32:33 - OUTPUT: 
2025-03-28 15:32:33 - OUTPUT: Evaluating localities:  60%|######    | 9/15 [00:05<00:03,  1.66it/s]2025-03-28 15:32:33,373 - root - INFO - Evaluating locality: Nerul
2025-03-28 15:32:33 - OUTPUT: 2025-03-28 15:32:33,373 - root - INFO - Loaded coordinates for 26 localities
2025-03-28 15:32:33 - OUTPUT: 2025-03-28 15:32:33,377 - root - INFO - Found 2 nearby localities for Nerul
2025-03-28 15:32:33 - OUTPUT: 2025-03-28 15:32:33,377 - root - INFO -   - Navi Mumbai: 0.79 km, weight: 0.6747
2025-03-28 15:32:33 - OUTPUT: 2025-03-28 15:32:33,377 - root - INFO -   - Mahape: 8.48 km, weight: 0.0144
2025-03-28 15:32:33 - OUTPUT: 2025-03-28 15:32:33,377 - root - INFO - Initializing LSTM Predictor for Nerul
2025-03-28 15:32:33 - OUTPUT: 2025-03-28 15:32:33,378 - root - INFO - Sequence length: 24, Prediction horizon: 6
2025-03-28 15:32:33 - OUTPUT: 2025-03-28 15:32:33,378 - root - INFO - Loading cleaned data from spatial_cleaned_data\Nerul_spatial_weighted.csv
2025-03-28 15:32:33 - OUTPUT: 2025-03-28 15:32:33,389 - root - INFO - Using spatial data from nearby localities to fill any remaining missing values
2025-03-28 15:32:33 - OUTPUT: 2025-03-28 15:32:33,389 - root - INFO - No missing PM2.5 values found
2025-03-28 15:32:33 - OUTPUT: 2025-03-28 15:32:33,390 - root - INFO - Loaded cleaned data with shape: (5305, 4)
2025-03-28 15:32:33 - OUTPUT: 2025-03-28 15:32:33,390 - root - INFO - Features selected: ['PM10', 'RH', 'AT']
2025-03-28 15:32:33 - OUTPUT: 2025-03-28 15:32:33,390 - root - INFO - Train data shape: (4244, 4), Test data shape: (1061, 4)
2025-03-28 15:32:33 - OUTPUT: 2025-03-28 15:32:33,390 - root - INFO - Loading existing model for Nerul
2025-03-28 15:32:33 - OUTPUT: 2025-03-28 15:32:33,524 - root - INFO - Evaluating predictions for Nerul
2025-03-28 15:32:33 - OUTPUT: 2025-03-28 15:32:33,525 - root - INFO - Preparing sequences from data with shape: (1061, 4)
2025-03-28 15:32:33 - OUTPUT: 2025-03-28 15:32:33,537 - root - INFO - Creating 1032 sequences...
2025-03-28 15:32:33 - OUTPUT: 2025-03-28 15:32:33,541 - root - INFO - Sequence preparation completed. X shape: (1032, 24, 22), y shape: (1032, 6)
2025-03-28 15:32:33 - OUTPUT: 2025-03-28 15:32:33,541 - root - INFO - Sequence preparation took 0.02 seconds
2025-03-28 15:32:33 - OUTPUT: 2025-03-28 15:32:33,923 - root - ERROR - Error evaluating model for Nerul: 'charmap' codec can't encode characters in position 21-40: character maps to <undefined>
2025-03-28 15:32:33 - OUTPUT: 
2025-03-28 15:32:33 - OUTPUT: Evaluating localities:  67%|######6   | 10/15 [00:05<00:02,  1.70it/s]2025-03-28 15:32:33,924 - root - INFO - Evaluating locality: Powai
2025-03-28 15:32:33 - OUTPUT: 2025-03-28 15:32:33,925 - root - INFO - Loaded coordinates for 26 localities
2025-03-28 15:32:33 - OUTPUT: 2025-03-28 15:32:33,927 - root - INFO - Found 12 nearby localities for Powai
2025-03-28 15:32:33 - OUTPUT: 2025-03-28 15:32:33,927 - root - INFO -   - Airport: 5.45 km, weight: 0.0656
2025-03-28 15:32:33 - OUTPUT: 2025-03-28 15:32:33,927 - root - INFO -   - Andheri: 6.41 km, weight: 0.0405
2025-03-28 15:32:33 - OUTPUT: 2025-03-28 15:32:33,928 - root - INFO -   - Kurla: 6.57 km, weight: 0.0374
2025-03-28 15:32:33 - OUTPUT: 2025-03-28 15:32:33,928 - root - INFO -   - Vile Parle: 6.98 km, weight: 0.0305
2025-03-28 15:32:33 - OUTPUT: 2025-03-28 15:32:33,928 - root - INFO -   - Vileparle: 6.98 km, weight: 0.0304
2025-03-28 15:32:33 - OUTPUT: 2025-03-28 15:32:33,928 - root - INFO -   - Chembur: 7.14 km, weight: 0.0281
2025-03-28 15:32:33 - OUTPUT: 2025-03-28 15:32:33,928 - root - INFO -   - Mulund: 7.84 km, weight: 0.0198
2025-03-28 15:32:33 - OUTPUT: 2025-03-28 15:32:33,928 - root - INFO -   - Juhu: 8.50 km, weight: 0.0143
2025-03-28 15:32:33 - OUTPUT: 2025-03-28 15:32:33,928 - root - INFO -   - Sion: 9.24 km, weight: 0.0099
2025-03-28 15:32:33 - OUTPUT: 2025-03-28 15:32:33,928 - root - INFO -   - Dharavi: 9.69 km, weight: 0.0079
2025-03-28 15:32:33 - OUTPUT: 2025-03-28 15:32:33,928 - root - INFO -   - Malad: 9.74 km, weight: 0.0077
2025-03-28 15:32:33 - OUTPUT: 2025-03-28 15:32:33,928 - root - INFO -   - Bandra: 9.98 km, weight: 0.0068
2025-03-28 15:32:33 - OUTPUT: 2025-03-28 15:32:33,928 - root - INFO - Initializing LSTM Predictor for Powai
2025-03-28 15:32:33 - OUTPUT: 2025-03-28 15:32:33,928 - root - INFO - Sequence length: 24, Prediction horizon: 6
2025-03-28 15:32:33 - OUTPUT: 2025-03-28 15:32:33,928 - root - INFO - Loading cleaned data from spatial_cleaned_data\Powai_spatial_weighted.csv
2025-03-28 15:32:33 - OUTPUT: 2025-03-28 15:32:33,939 - root - INFO - Using spatial data from nearby localities to fill any remaining missing values
2025-03-28 15:32:33 - OUTPUT: 2025-03-28 15:32:33,939 - root - INFO - No missing PM2.5 values found
2025-03-28 15:32:33 - OUTPUT: 2025-03-28 15:32:33,940 - root - INFO - Loaded cleaned data with shape: (5425, 4)
2025-03-28 15:32:33 - OUTPUT: 2025-03-28 15:32:33,940 - root - INFO - Features selected: ['PM10', 'RH', 'AT']
2025-03-28 15:32:33 - OUTPUT: 2025-03-28 15:32:33,940 - root - INFO - Train data shape: (4340, 4), Test data shape: (1085, 4)
2025-03-28 15:32:33 - OUTPUT: 2025-03-28 15:32:33,940 - root - INFO - Loading existing model for Powai
2025-03-28 15:32:34 - OUTPUT: 2025-03-28 15:32:34,066 - root - INFO - Evaluating predictions for Powai
2025-03-28 15:32:34 - OUTPUT: 2025-03-28 15:32:34,067 - root - INFO - Preparing sequences from data with shape: (1085, 4)
2025-03-28 15:32:34 - OUTPUT: 2025-03-28 15:32:34,078 - root - INFO - Creating 1056 sequences...
2025-03-28 15:32:34 - OUTPUT: 2025-03-28 15:32:34,079 - root - INFO - Sequence preparation completed. X shape: (1056, 24, 22), y shape: (1056, 6)
2025-03-28 15:32:34 - OUTPUT: 2025-03-28 15:32:34,080 - root - INFO - Sequence preparation took 0.01 seconds
2025-03-28 15:32:34 - OUTPUT: 2025-03-28 15:32:34,435 - root - ERROR - Error evaluating model for Powai: 'charmap' codec can't encode characters in position 21-40: character maps to <undefined>
2025-03-28 15:32:34 - OUTPUT: 
2025-03-28 15:32:34 - OUTPUT: Evaluating localities:  73%|#######3  | 11/15 [00:06<00:02,  1.77it/s]2025-03-28 15:32:34,436 - root - INFO - Evaluating locality: Sion
2025-03-28 15:32:34 - OUTPUT: 2025-03-28 15:32:34,436 - root - INFO - Loaded coordinates for 26 localities
2025-03-28 15:32:34 - OUTPUT: 2025-03-28 15:32:34,439 - root - INFO - Found 12 nearby localities for Sion
2025-03-28 15:32:34 - OUTPUT: 2025-03-28 15:32:34,439 - root - INFO -   - Dharavi: 0.54 km, weight: 0.7628
2025-03-28 15:32:34 - OUTPUT: 2025-03-28 15:32:34,439 - root - INFO -   - Bandra: 2.60 km, weight: 0.2723
2025-03-28 15:32:34 - OUTPUT: 2025-03-28 15:32:34,439 - root - INFO -   - Kurla: 2.71 km, weight: 0.2574
2025-03-28 15:32:34 - OUTPUT: 2025-03-28 15:32:34,439 - root - INFO -   - Chembur: 3.76 km, weight: 0.1522
2025-03-28 15:32:34 - OUTPUT: 2025-03-28 15:32:34,439 - root - INFO -   - Dadar: 3.79 km, weight: 0.1501
2025-03-28 15:32:34 - OUTPUT: 2025-03-28 15:32:34,439 - root - INFO -   - Airport: 4.77 km, weight: 0.0919
2025-03-28 15:32:34 - OUTPUT: 2025-03-28 15:32:34,439 - root - INFO -   - Worli: 6.12 km, weight: 0.0468
2025-03-28 15:32:34 - OUTPUT: 2025-03-28 15:32:34,439 - root - INFO -   - Vileparle: 6.25 km, weight: 0.0440
2025-03-28 15:32:34 - OUTPUT: 2025-03-28 15:32:34,439 - root - INFO -   - Vile Parle: 6.25 km, weight: 0.0440
2025-03-28 15:32:34 - OUTPUT: 2025-03-28 15:32:34,439 - root - INFO -   - Juhu: 7.68 km, weight: 0.0215
2025-03-28 15:32:34 - OUTPUT: 2025-03-28 15:32:34,439 - root - INFO -   - Andheri: 8.29 km, weight: 0.0158
2025-03-28 15:32:34 - OUTPUT: 2025-03-28 15:32:34,439 - root - INFO -   - Powai: 9.24 km, weight: 0.0099
2025-03-28 15:32:34 - OUTPUT: 2025-03-28 15:32:34,440 - root - INFO - Initializing LSTM Predictor for Sion
2025-03-28 15:32:34 - OUTPUT: 2025-03-28 15:32:34,440 - root - INFO - Sequence length: 24, Prediction horizon: 6
2025-03-28 15:32:34 - OUTPUT: 2025-03-28 15:32:34,440 - root - INFO - Loading cleaned data from spatial_cleaned_data\Sion_spatial_weighted.csv
2025-03-28 15:32:34 - OUTPUT: 2025-03-28 15:32:34,452 - root - INFO - Using spatial data from nearby localities to fill any remaining missing values
2025-03-28 15:32:34 - OUTPUT: 2025-03-28 15:32:34,453 - root - INFO - No missing PM2.5 values found
2025-03-28 15:32:34 - OUTPUT: 2025-03-28 15:32:34,453 - root - INFO - Loaded cleaned data with shape: (5305, 4)
2025-03-28 15:32:34 - OUTPUT: 2025-03-28 15:32:34,454 - root - INFO - Features selected: ['PM10', 'RH', 'AT']
2025-03-28 15:32:34 - OUTPUT: 2025-03-28 15:32:34,454 - root - INFO - Train data shape: (4244, 4), Test data shape: (1061, 4)
2025-03-28 15:32:34 - OUTPUT: 2025-03-28 15:32:34,454 - root - INFO - Training new model for Sion
2025-03-28 15:32:34 - OUTPUT: 2025-03-28 15:32:34,454 - root - INFO - Preparing sequences from data with shape: (4244, 4)
2025-03-28 15:32:34 - OUTPUT: 2025-03-28 15:32:34,469 - root - INFO - Creating 4215 sequences...
2025-03-28 15:32:34 - OUTPUT: 2025-03-28 15:32:34,479 - root - INFO - Sequence preparation completed. X shape: (4215, 24, 22), y shape: (4215, 6)
2025-03-28 15:32:34 - OUTPUT: 2025-03-28 15:32:34,479 - root - INFO - Sequence preparation took 0.03 seconds
2025-03-28 15:32:34 - OUTPUT: 2025-03-28 15:32:34,480 - root - INFO - Building stacked LSTM model with residual connections, input shape: (24, 22), output size: 6
2025-03-28 15:32:34 - OUTPUT: 2025-03-28 15:32:34,535 - root - INFO - Model architecture:
2025-03-28 15:32:34 - OUTPUT: 2025-03-28 15:32:34,549 - root - INFO - Model: "functional"
2025-03-28 15:32:34 - OUTPUT: +--------------------------------------------------------------------------+
2025-03-28 15:32:34 - OUTPUT: | Layer (type)        | Output Shape      |    Param # | Connected to      |
2025-03-28 15:32:34 - OUTPUT: |---------------------+-------------------+------------+-------------------|
2025-03-28 15:32:34 - OUTPUT: | input_layer         | (None, 24, 22)    |          0 | -                 |
2025-03-28 15:32:34 - OUTPUT: | (InputLayer)        |                   |            |                   |
2025-03-28 15:32:34 - OUTPUT: |---------------------+-------------------+------------+-------------------|
2025-03-28 15:32:34 - OUTPUT: | batch_normalization | (None, 24, 22)    |         88 | input_layer[0][0] |
2025-03-28 15:32:34 - OUTPUT: | (BatchNormalizatio… |                   |            |                   |
2025-03-28 15:32:34 - OUTPUT: |---------------------+-------------------+------------+-------------------|
2025-03-28 15:32:34 - OUTPUT: | lstm (LSTM)         | (None, 24, 128)   |     77,312 | batch_normalizat… |
2025-03-28 15:32:34 - OUTPUT: |---------------------+-------------------+------------+-------------------|
2025-03-28 15:32:34 - OUTPUT: | dropout (Dropout)   | (None, 24, 128)   |          0 | lstm[0][0]        |
2025-03-28 15:32:34 - OUTPUT: |---------------------+-------------------+------------+-------------------|
2025-03-28 15:32:34 - OUTPUT: | batch_normalizatio… | (None, 24, 128)   |        512 | dropout[0][0]     |
2025-03-28 15:32:34 - OUTPUT: | (BatchNormalizatio… |                   |            |                   |
2025-03-28 15:32:34 - OUTPUT: |---------------------+-------------------+------------+-------------------|
2025-03-28 15:32:34 - OUTPUT: | lstm_1 (LSTM)       | (None, 24, 128)   |    131,584 | batch_normalizat… |
2025-03-28 15:32:34 - OUTPUT: |---------------------+-------------------+------------+-------------------|
2025-03-28 15:32:34 - OUTPUT: | dropout_1 (Dropout) | (None, 24, 128)   |          0 | lstm_1[0][0]      |
2025-03-28 15:32:34 - OUTPUT: |---------------------+-------------------+------------+-------------------|
2025-03-28 15:32:34 - OUTPUT: | add (Add)           | (None, 24, 128)   |          0 | dropout[0][0],    |
2025-03-28 15:32:34 - OUTPUT: |                     |                   |            | dropout_1[0][0]   |
2025-03-28 15:32:34 - OUTPUT: |---------------------+-------------------+------------+-------------------|
2025-03-28 15:32:34 - OUTPUT: | batch_normalizatio… | (None, 24, 128)   |        512 | add[0][0]         |
2025-03-28 15:32:34 - OUTPUT: | (BatchNormalizatio… |                   |            |                   |
2025-03-28 15:32:34 - OUTPUT: |---------------------+-------------------+------------+-------------------|
2025-03-28 15:32:34 - OUTPUT: | lstm_2 (LSTM)       | (None, 64)        |     49,408 | batch_normalizat… |
2025-03-28 15:32:34 - OUTPUT: |---------------------+-------------------+------------+-------------------|
2025-03-28 15:32:34 - OUTPUT: | dropout_2 (Dropout) | (None, 64)        |          0 | lstm_2[0][0]      |
2025-03-28 15:32:34 - OUTPUT: |---------------------+-------------------+------------+-------------------|
2025-03-28 15:32:34 - OUTPUT: | batch_normalizatio… | (None, 64)        |        256 | dropout_2[0][0]   |
2025-03-28 15:32:34 - OUTPUT: | (BatchNormalizatio… |                   |            |                   |
2025-03-28 15:32:34 - OUTPUT: |---------------------+-------------------+------------+-------------------|
2025-03-28 15:32:34 - OUTPUT: | dense (Dense)       | (None, 64)        |      4,160 | batch_normalizat… |
2025-03-28 15:32:34 - OUTPUT: |---------------------+-------------------+------------+-------------------|
2025-03-28 15:32:34 - OUTPUT: | dropout_3 (Dropout) | (None, 64)        |          0 | dense[0][0]       |
2025-03-28 15:32:34 - OUTPUT: |---------------------+-------------------+------------+-------------------|
2025-03-28 15:32:34 - OUTPUT: | batch_normalizatio… | (None, 64)        |        256 | dropout_3[0][0]   |
2025-03-28 15:32:34 - OUTPUT: | (BatchNormalizatio… |                   |            |                   |
2025-03-28 15:32:34 - OUTPUT: |---------------------+-------------------+------------+-------------------|
2025-03-28 15:32:34 - OUTPUT: | dense_1 (Dense)     | (None, 32)        |      2,080 | batch_normalizat… |
2025-03-28 15:32:34 - OUTPUT: |---------------------+-------------------+------------+-------------------|
2025-03-28 15:32:34 - OUTPUT: | dropout_4 (Dropout) | (None, 32)        |          0 | dense_1[0][0]     |
2025-03-28 15:32:34 - OUTPUT: |---------------------+-------------------+------------+-------------------|
2025-03-28 15:32:34 - OUTPUT: | batch_normalizatio… | (None, 32)        |        128 | dropout_4[0][0]   |
2025-03-28 15:32:34 - OUTPUT: | (BatchNormalizatio… |                   |            |                   |
2025-03-28 15:32:34 - OUTPUT: |---------------------+-------------------+------------+-------------------|
2025-03-28 15:32:34 - OUTPUT: | dense_2 (Dense)     | (None, 6)         |        198 | batch_normalizat… |
2025-03-28 15:32:34 - OUTPUT: +--------------------------------------------------------------------------+
2025-03-28 15:32:34 - OUTPUT: Total params: 266,494 (1.02 MB)
2025-03-28 15:32:34 - OUTPUT: Trainable params: 265,618 (1.01 MB)
2025-03-28 15:32:34 - OUTPUT: Non-trainable params: 876 (3.42 KB)
2025-03-28 15:32:34 - OUTPUT: 
2025-03-28 15:32:34 - OUTPUT: 2025-03-28 15:32:34,549 - root - INFO - Starting model training with 4244 samples
2025-03-28 15:32:34 - OUTPUT: 2025-03-28 15:32:34,549 - root - INFO - Training parameters - epochs: 100, batch_size: 32, validation_split: 0.2
2025-03-28 15:32:34 - OUTPUT: 2025-03-28 15:32:34,549 - root - INFO - Preparing sequences from data with shape: (4244, 4)
2025-03-28 15:32:34 - OUTPUT: 2025-03-28 15:32:34,560 - root - INFO - Creating 4215 sequences...
2025-03-28 15:32:34 - OUTPUT: 2025-03-28 15:32:34,567 - root - INFO - Sequence preparation completed. X shape: (4215, 24, 22), y shape: (4215, 6)
2025-03-28 15:32:34 - OUTPUT: 2025-03-28 15:32:34,567 - root - INFO - Sequence preparation took 0.02 seconds
2025-03-28 15:32:41 - OUTPUT: 2025-03-28 15:32:41,446 - root - INFO - Epoch 1 - loss: 1.3145 - mae: 0.8961 - val_loss: 2.1071 - val_mae: 1.2422
2025-03-28 15:32:43 - OUTPUT: 2025-03-28 15:32:43,943 - root - INFO - Epoch 2 - loss: 0.7324 - mae: 0.6737 - val_loss: 2.0678 - val_mae: 1.2262
2025-03-28 15:32:46 - OUTPUT: 2025-03-28 15:32:46,265 - root - INFO - Epoch 3 - loss: 0.5282 - mae: 0.5731 - val_loss: 2.1298 - val_mae: 1.2323
2025-03-28 15:32:48 - OUTPUT: 2025-03-28 15:32:48,567 - root - INFO - Epoch 4 - loss: 0.4100 - mae: 0.5032 - val_loss: 1.4699 - val_mae: 1.0249
2025-03-28 15:32:50 - OUTPUT: 2025-03-28 15:32:50,782 - root - INFO - Epoch 5 - loss: 0.3434 - mae: 0.4577 - val_loss: 2.2552 - val_mae: 1.2877
2025-03-28 15:32:52 - OUTPUT: 2025-03-28 15:32:52,973 - root - INFO - Epoch 6 - loss: 0.2937 - mae: 0.4226 - val_loss: 2.0736 - val_mae: 1.2332
2025-03-28 15:32:55 - OUTPUT: 2025-03-28 15:32:55,254 - root - INFO - Epoch 7 - loss: 0.2670 - mae: 0.4005 - val_loss: 1.3324 - val_mae: 0.9747
2025-03-28 15:32:57 - OUTPUT: 2025-03-28 15:32:57,414 - root - INFO - Epoch 8 - loss: 0.2479 - mae: 0.3873 - val_loss: 1.2605 - val_mae: 0.9405
2025-03-28 15:32:59 - OUTPUT: 2025-03-28 15:32:59,492 - root - INFO - Epoch 9 - loss: 0.2324 - mae: 0.3736 - val_loss: 2.5121 - val_mae: 1.3613
2025-03-28 15:33:01 - OUTPUT: 2025-03-28 15:33:01,610 - root - INFO - Epoch 10 - loss: 0.2204 - mae: 0.3632 - val_loss: 2.4002 - val_mae: 1.3235
2025-03-28 15:33:03 - OUTPUT: 2025-03-28 15:33:03,679 - root - INFO - Epoch 11 - loss: 0.2168 - mae: 0.3584 - val_loss: 1.7334 - val_mae: 1.1111
2025-03-28 15:33:05 - OUTPUT: 2025-03-28 15:33:05,749 - root - INFO - Epoch 12 - loss: 0.2007 - mae: 0.3451 - val_loss: 2.0435 - val_mae: 1.2044
2025-03-28 15:33:07 - OUTPUT: 2025-03-28 15:33:07,966 - root - INFO - Epoch 13 - loss: 0.1954 - mae: 0.3400 - val_loss: 1.8883 - val_mae: 1.1717
2025-03-28 15:33:10 - OUTPUT: 2025-03-28 15:33:10,042 - root - INFO - Epoch 14 - loss: 0.1861 - mae: 0.3309 - val_loss: 1.9802 - val_mae: 1.2170
2025-03-28 15:33:12 - OUTPUT: 2025-03-28 15:33:12,142 - root - INFO - Epoch 15 - loss: 0.1828 - mae: 0.3284 - val_loss: 2.7068 - val_mae: 1.4120
2025-03-28 15:33:14 - OUTPUT: 2025-03-28 15:33:14,267 - root - INFO - Epoch 16 - loss: 0.1691 - mae: 0.3171 - val_loss: 2.4220 - val_mae: 1.3331
2025-03-28 15:33:16 - OUTPUT: 2025-03-28 15:33:16,340 - root - INFO - Epoch 17 - loss: 0.1713 - mae: 0.3179 - val_loss: 2.6558 - val_mae: 1.4023
2025-03-28 15:33:18 - OUTPUT: 2025-03-28 15:33:18,399 - root - INFO - Epoch 18 - loss: 0.1656 - mae: 0.3123 - val_loss: 2.5273 - val_mae: 1.3732
2025-03-28 15:33:20 - OUTPUT: 2025-03-28 15:33:20,507 - root - INFO - Epoch 19 - loss: 0.1571 - mae: 0.3053 - val_loss: 2.4396 - val_mae: 1.3546
2025-03-28 15:33:22 - OUTPUT: 2025-03-28 15:33:22,534 - root - INFO - Epoch 20 - loss: 0.1503 - mae: 0.2987 - val_loss: 2.4047 - val_mae: 1.3477
2025-03-28 15:33:24 - OUTPUT: 2025-03-28 15:33:24,590 - root - INFO - Epoch 21 - loss: 0.1485 - mae: 0.2963 - val_loss: 2.4354 - val_mae: 1.3546
2025-03-28 15:33:26 - OUTPUT: 2025-03-28 15:33:26,766 - root - INFO - Epoch 22 - loss: 0.1485 - mae: 0.2962 - val_loss: 2.7661 - val_mae: 1.4405
2025-03-28 15:33:28 - OUTPUT: 2025-03-28 15:33:28,929 - root - INFO - Epoch 23 - loss: 0.1479 - mae: 0.2947 - val_loss: 2.4299 - val_mae: 1.3568
2025-03-28 15:33:31 - OUTPUT: 2025-03-28 15:33:31,047 - root - INFO - Epoch 24 - loss: 0.1403 - mae: 0.2876 - val_loss: 2.6488 - val_mae: 1.4047
2025-03-28 15:33:33 - OUTPUT: 2025-03-28 15:33:33,156 - root - INFO - Epoch 25 - loss: 0.1394 - mae: 0.2879 - val_loss: 2.6502 - val_mae: 1.4042
2025-03-28 15:33:35 - OUTPUT: 2025-03-28 15:33:35,184 - root - INFO - Epoch 26 - loss: 0.1408 - mae: 0.2870 - val_loss: 2.5246 - val_mae: 1.3725
2025-03-28 15:33:37 - OUTPUT: 2025-03-28 15:33:37,303 - root - INFO - Epoch 27 - loss: 0.1410 - mae: 0.2884 - val_loss: 2.4081 - val_mae: 1.3411
2025-03-28 15:33:39 - OUTPUT: 2025-03-28 15:33:39,326 - root - INFO - Epoch 28 - loss: 0.1386 - mae: 0.2847 - val_loss: 2.6898 - val_mae: 1.4180
2025-03-28 15:33:39 - OUTPUT: 2025-03-28 15:33:39,337 - root - INFO - Training completed in 64.79 seconds
2025-03-28 15:33:39 - OUTPUT: 2025-03-28 15:33:39,337 - root - INFO - Final training loss: 0.1386
2025-03-28 15:33:39 - OUTPUT: 2025-03-28 15:33:39,337 - root - INFO - Final validation loss: 2.6898
2025-03-28 15:33:39 - OUTPUT: 2025-03-28 15:33:39,391 - root - INFO - Model saved to models/lstm_Sion_ph6.keras
2025-03-28 15:33:39 - OUTPUT: 2025-03-28 15:33:39,391 - root - INFO - Evaluating predictions for Sion
2025-03-28 15:33:39 - OUTPUT: 2025-03-28 15:33:39,392 - root - INFO - Preparing sequences from data with shape: (1061, 4)
2025-03-28 15:33:39 - OUTPUT: 2025-03-28 15:33:39,398 - root - INFO - Creating 1032 sequences...
2025-03-28 15:33:39 - OUTPUT: 2025-03-28 15:33:39,400 - root - INFO - Sequence preparation completed. X shape: (1032, 24, 22), y shape: (1032, 6)
2025-03-28 15:33:39 - OUTPUT: 2025-03-28 15:33:39,401 - root - INFO - Sequence preparation took 0.01 seconds
2025-03-28 15:33:39 - OUTPUT: 2025-03-28 15:33:39,749 - root - ERROR - Error evaluating model for Sion: 'charmap' codec can't encode characters in position 21-40: character maps to <undefined>
2025-03-28 15:33:39 - OUTPUT: 
2025-03-28 15:33:39 - OUTPUT: Evaluating localities:  80%|########  | 12/15 [01:11<01:00, 20.26s/it]2025-03-28 15:33:39,751 - root - INFO - Evaluating locality: Vasai
2025-03-28 15:33:39 - OUTPUT: 2025-03-28 15:33:39,759 - root - INFO - Loaded coordinates for 26 localities
2025-03-28 15:33:39 - OUTPUT: 2025-03-28 15:33:39,763 - root - INFO - Found 0 nearby localities for Vasai
2025-03-28 15:33:39 - OUTPUT: 2025-03-28 15:33:39,763 - root - INFO - Initializing LSTM Predictor for Vasai
2025-03-28 15:33:39 - OUTPUT: 2025-03-28 15:33:39,763 - root - INFO - Sequence length: 24, Prediction horizon: 6
2025-03-28 15:33:39 - OUTPUT: 2025-03-28 15:33:39,763 - root - INFO - Loading cleaned data from spatial_cleaned_data\Vasai_spatial_weighted.csv
2025-03-28 15:33:39 - OUTPUT: 2025-03-28 15:33:39,772 - root - WARNING - Data still contains NaN values. Filling with forward and backward fill.
2025-03-28 15:33:39 - OUTPUT: 2025-03-28 15:33:39,773 - root - INFO - Loaded cleaned data with shape: (5425, 4)
2025-03-28 15:33:39 - OUTPUT: 2025-03-28 15:33:39,773 - root - INFO - Features selected: ['PM10', 'RH', 'AT']
2025-03-28 15:33:39 - OUTPUT: 2025-03-28 15:33:39,773 - root - INFO - Train data shape: (4340, 4), Test data shape: (1085, 4)
2025-03-28 15:33:39 - OUTPUT: 2025-03-28 15:33:39,773 - root - INFO - Training new model for Vasai
2025-03-28 15:33:39 - OUTPUT: 2025-03-28 15:33:39,773 - root - INFO - Preparing sequences from data with shape: (4340, 4)
2025-03-28 15:33:39 - OUTPUT: 2025-03-28 15:33:39,784 - root - INFO - Creating 4311 sequences...
2025-03-28 15:33:39 - OUTPUT: 2025-03-28 15:33:39,792 - root - INFO - Sequence preparation completed. X shape: (4311, 24, 22), y shape: (4311, 6)
2025-03-28 15:33:39 - OUTPUT: 2025-03-28 15:33:39,792 - root - INFO - Sequence preparation took 0.02 seconds
2025-03-28 15:33:39 - OUTPUT: 2025-03-28 15:33:39,792 - root - INFO - Building stacked LSTM model with residual connections, input shape: (24, 22), output size: 6
2025-03-28 15:33:39 - OUTPUT: 2025-03-28 15:33:39,854 - root - INFO - Model architecture:
2025-03-28 15:33:39 - OUTPUT: 2025-03-28 15:33:39,864 - root - INFO - Model: "functional_1"
2025-03-28 15:33:39 - OUTPUT: +--------------------------------------------------------------------------+
2025-03-28 15:33:39 - OUTPUT: | Layer (type)        | Output Shape      |    Param # | Connected to      |
2025-03-28 15:33:39 - OUTPUT: |---------------------+-------------------+------------+-------------------|
2025-03-28 15:33:39 - OUTPUT: | input_layer_1       | (None, 24, 22)    |          0 | -                 |
2025-03-28 15:33:39 - OUTPUT: | (InputLayer)        |                   |            |                   |
2025-03-28 15:33:39 - OUTPUT: |---------------------+-------------------+------------+-------------------|
2025-03-28 15:33:39 - OUTPUT: | batch_normalizatio… | (None, 24, 22)    |         88 | input_layer_1[0]… |
2025-03-28 15:33:39 - OUTPUT: | (BatchNormalizatio… |                   |            |                   |
2025-03-28 15:33:39 - OUTPUT: |---------------------+-------------------+------------+-------------------|
2025-03-28 15:33:39 - OUTPUT: | lstm_3 (LSTM)       | (None, 24, 128)   |     77,312 | batch_normalizat… |
2025-03-28 15:33:39 - OUTPUT: |---------------------+-------------------+------------+-------------------|
2025-03-28 15:33:39 - OUTPUT: | dropout_5 (Dropout) | (None, 24, 128)   |          0 | lstm_3[0][0]      |
2025-03-28 15:33:39 - OUTPUT: |---------------------+-------------------+------------+-------------------|
2025-03-28 15:33:39 - OUTPUT: | batch_normalizatio… | (None, 24, 128)   |        512 | dropout_5[0][0]   |
2025-03-28 15:33:39 - OUTPUT: | (BatchNormalizatio… |                   |            |                   |
2025-03-28 15:33:39 - OUTPUT: |---------------------+-------------------+------------+-------------------|
2025-03-28 15:33:39 - OUTPUT: | lstm_4 (LSTM)       | (None, 24, 128)   |    131,584 | batch_normalizat… |
2025-03-28 15:33:39 - OUTPUT: |---------------------+-------------------+------------+-------------------|
2025-03-28 15:33:39 - OUTPUT: | dropout_6 (Dropout) | (None, 24, 128)   |          0 | lstm_4[0][0]      |
2025-03-28 15:33:39 - OUTPUT: |---------------------+-------------------+------------+-------------------|
2025-03-28 15:33:39 - OUTPUT: | add_1 (Add)         | (None, 24, 128)   |          0 | dropout_5[0][0],  |
2025-03-28 15:33:39 - OUTPUT: |                     |                   |            | dropout_6[0][0]   |
2025-03-28 15:33:39 - OUTPUT: |---------------------+-------------------+------------+-------------------|
2025-03-28 15:33:39 - OUTPUT: | batch_normalizatio… | (None, 24, 128)   |        512 | add_1[0][0]       |
2025-03-28 15:33:39 - OUTPUT: | (BatchNormalizatio… |                   |            |                   |
2025-03-28 15:33:39 - OUTPUT: |---------------------+-------------------+------------+-------------------|
2025-03-28 15:33:39 - OUTPUT: | lstm_5 (LSTM)       | (None, 64)        |     49,408 | batch_normalizat… |
2025-03-28 15:33:39 - OUTPUT: |---------------------+-------------------+------------+-------------------|
2025-03-28 15:33:39 - OUTPUT: | dropout_7 (Dropout) | (None, 64)        |          0 | lstm_5[0][0]      |
2025-03-28 15:33:39 - OUTPUT: |---------------------+-------------------+------------+-------------------|
2025-03-28 15:33:39 - OUTPUT: | batch_normalizatio… | (None, 64)        |        256 | dropout_7[0][0]   |
2025-03-28 15:33:39 - OUTPUT: | (BatchNormalizatio… |                   |            |                   |
2025-03-28 15:33:39 - OUTPUT: |---------------------+-------------------+------------+-------------------|
2025-03-28 15:33:39 - OUTPUT: | dense_3 (Dense)     | (None, 64)        |      4,160 | batch_normalizat… |
2025-03-28 15:33:39 - OUTPUT: |---------------------+-------------------+------------+-------------------|
2025-03-28 15:33:39 - OUTPUT: | dropout_8 (Dropout) | (None, 64)        |          0 | dense_3[0][0]     |
2025-03-28 15:33:39 - OUTPUT: |---------------------+-------------------+------------+-------------------|
2025-03-28 15:33:39 - OUTPUT: | batch_normalizatio… | (None, 64)        |        256 | dropout_8[0][0]   |
2025-03-28 15:33:39 - OUTPUT: | (BatchNormalizatio… |                   |            |                   |
2025-03-28 15:33:39 - OUTPUT: |---------------------+-------------------+------------+-------------------|
2025-03-28 15:33:39 - OUTPUT: | dense_4 (Dense)     | (None, 32)        |      2,080 | batch_normalizat… |
2025-03-28 15:33:39 - OUTPUT: |---------------------+-------------------+------------+-------------------|
2025-03-28 15:33:39 - OUTPUT: | dropout_9 (Dropout) | (None, 32)        |          0 | dense_4[0][0]     |
2025-03-28 15:33:39 - OUTPUT: |---------------------+-------------------+------------+-------------------|
2025-03-28 15:33:39 - OUTPUT: | batch_normalizatio… | (None, 32)        |        128 | dropout_9[0][0]   |
2025-03-28 15:33:39 - OUTPUT: | (BatchNormalizatio… |                   |            |                   |
2025-03-28 15:33:39 - OUTPUT: |---------------------+-------------------+------------+-------------------|
2025-03-28 15:33:39 - OUTPUT: | dense_5 (Dense)     | (None, 6)         |        198 | batch_normalizat… |
2025-03-28 15:33:39 - OUTPUT: +--------------------------------------------------------------------------+
2025-03-28 15:33:39 - OUTPUT: Total params: 266,494 (1.02 MB)
2025-03-28 15:33:39 - OUTPUT: Trainable params: 265,618 (1.01 MB)
2025-03-28 15:33:39 - OUTPUT: Non-trainable params: 876 (3.42 KB)
2025-03-28 15:33:39 - OUTPUT: 
2025-03-28 15:33:39 - OUTPUT: 2025-03-28 15:33:39,864 - root - INFO - Starting model training with 4340 samples
2025-03-28 15:33:39 - OUTPUT: 2025-03-28 15:33:39,864 - root - INFO - Training parameters - epochs: 100, batch_size: 32, validation_split: 0.2
2025-03-28 15:33:39 - OUTPUT: 2025-03-28 15:33:39,864 - root - INFO - Preparing sequences from data with shape: (4340, 4)
2025-03-28 15:33:39 - OUTPUT: 2025-03-28 15:33:39,875 - root - INFO - Creating 4311 sequences...
2025-03-28 15:33:39 - OUTPUT: 2025-03-28 15:33:39,884 - root - INFO - Sequence preparation completed. X shape: (4311, 24, 22), y shape: (4311, 6)
2025-03-28 15:33:39 - OUTPUT: 2025-03-28 15:33:39,885 - root - INFO - Sequence preparation took 0.02 seconds
2025-03-28 15:33:46 - OUTPUT: 2025-03-28 15:33:46,194 - root - INFO - Epoch 1 - loss: 0.5935 - mae: 0.6381 - val_loss: 3.2217 - val_mae: 1.5911
2025-03-28 15:33:48 - OUTPUT: 2025-03-28 15:33:48,406 - root - INFO - Epoch 2 - loss: 0.5673 - mae: 0.6046 - val_loss: 3.2277 - val_mae: 1.5928
2025-03-28 15:33:50 - OUTPUT: 2025-03-28 15:33:50,543 - root - INFO - Epoch 3 - loss: 0.5674 - mae: 0.6046 - val_loss: 3.2397 - val_mae: 1.5962
2025-03-28 15:33:52 - OUTPUT: 2025-03-28 15:33:52,711 - root - INFO - Epoch 4 - loss: 0.5675 - mae: 0.6047 - val_loss: 3.2582 - val_mae: 1.6014
2025-03-28 15:33:54 - OUTPUT: 2025-03-28 15:33:54,896 - root - INFO - Epoch 5 - loss: 0.5677 - mae: 0.6047 - val_loss: 3.2779 - val_mae: 1.6069
2025-03-28 15:33:57 - OUTPUT: 2025-03-28 15:33:57,011 - root - INFO - Epoch 6 - loss: 0.5677 - mae: 0.6047 - val_loss: 3.2773 - val_mae: 1.6067
2025-03-28 15:33:59 - OUTPUT: 2025-03-28 15:33:59,172 - root - INFO - Epoch 7 - loss: 0.5677 - mae: 0.6047 - val_loss: 3.2767 - val_mae: 1.6065
2025-03-28 15:34:01 - OUTPUT: 2025-03-28 15:34:01,421 - root - INFO - Epoch 8 - loss: 0.5676 - mae: 0.6047 - val_loss: 3.2760 - val_mae: 1.6063
2025-03-28 15:34:03 - OUTPUT: 2025-03-28 15:34:03,531 - root - INFO - Epoch 9 - loss: 0.5676 - mae: 0.6047 - val_loss: 3.2753 - val_mae: 1.6061
2025-03-28 15:34:05 - OUTPUT: 2025-03-28 15:34:05,639 - root - INFO - Epoch 10 - loss: 0.5676 - mae: 0.6047 - val_loss: 3.2745 - val_mae: 1.6059
2025-03-28 15:34:08 - OUTPUT: 2025-03-28 15:34:08,034 - root - INFO - Epoch 11 - loss: 0.5676 - mae: 0.6047 - val_loss: 3.2738 - val_mae: 1.6057
2025-03-28 15:34:10 - OUTPUT: 2025-03-28 15:34:10,408 - root - INFO - Epoch 12 - loss: 0.5673 - mae: 0.6043 - val_loss: 3.2277 - val_mae: 1.5928
2025-03-28 15:34:12 - OUTPUT: 2025-03-28 15:34:12,747 - root - INFO - Epoch 13 - loss: 0.5673 - mae: 0.6045 - val_loss: 3.2271 - val_mae: 1.5926
2025-03-28 15:34:14 - OUTPUT: 2025-03-28 15:34:14,987 - root - INFO - Epoch 14 - loss: 0.5673 - mae: 0.6045 - val_loss: 3.2266 - val_mae: 1.5925
2025-03-28 15:34:17 - OUTPUT: 2025-03-28 15:34:17,241 - root - INFO - Epoch 15 - loss: 0.5673 - mae: 0.6045 - val_loss: 3.2261 - val_mae: 1.5923
2025-03-28 15:34:19 - OUTPUT: 2025-03-28 15:34:19,637 - root - INFO - Epoch 16 - loss: 0.5673 - mae: 0.6045 - val_loss: 3.2256 - val_mae: 1.5922
2025-03-28 15:34:21 - OUTPUT: 2025-03-28 15:34:21,732 - root - INFO - Epoch 17 - loss: 0.5673 - mae: 0.6045 - val_loss: 3.2250 - val_mae: 1.5920
2025-03-28 15:34:23 - OUTPUT: 2025-03-28 15:34:23,880 - root - INFO - Epoch 18 - loss: 0.5673 - mae: 0.6045 - val_loss: 3.2245 - val_mae: 1.5919
2025-03-28 15:34:25 - OUTPUT: 2025-03-28 15:34:25,983 - root - INFO - Epoch 19 - loss: 0.5673 - mae: 0.6045 - val_loss: 3.2240 - val_mae: 1.5917
2025-03-28 15:34:28 - OUTPUT: 2025-03-28 15:34:28,087 - root - INFO - Epoch 20 - loss: 0.5673 - mae: 0.6045 - val_loss: 3.2234 - val_mae: 1.5916
2025-03-28 15:34:30 - OUTPUT: 2025-03-28 15:34:30,293 - root - INFO - Epoch 21 - loss: 0.5673 - mae: 0.6045 - val_loss: 3.2229 - val_mae: 1.5914
2025-03-28 15:34:30 - OUTPUT: 2025-03-28 15:34:30,303 - root - INFO - Training completed in 50.44 seconds
2025-03-28 15:34:30 - OUTPUT: 2025-03-28 15:34:30,303 - root - INFO - Final training loss: 0.5673
2025-03-28 15:34:30 - OUTPUT: 2025-03-28 15:34:30,303 - root - INFO - Final validation loss: 3.2229
2025-03-28 15:34:30 - OUTPUT: 2025-03-28 15:34:30,357 - root - INFO - Model saved to models/lstm_Vasai_ph6.keras
2025-03-28 15:34:30 - OUTPUT: 2025-03-28 15:34:30,357 - root - INFO - Evaluating predictions for Vasai
2025-03-28 15:34:30 - OUTPUT: 2025-03-28 15:34:30,357 - root - INFO - Preparing sequences from data with shape: (1085, 4)
2025-03-28 15:34:30 - OUTPUT: 2025-03-28 15:34:30,364 - root - INFO - Creating 1056 sequences...
2025-03-28 15:34:30 - OUTPUT: 2025-03-28 15:34:30,366 - root - INFO - Sequence preparation completed. X shape: (1056, 24, 22), y shape: (1056, 6)
2025-03-28 15:34:30 - OUTPUT: 2025-03-28 15:34:30,366 - root - INFO - Sequence preparation took 0.01 seconds
2025-03-28 15:34:30 - OUTPUT: 2025-03-28 15:34:30,928 - root - ERROR - Error evaluating model for Vasai: 'charmap' codec can't encode characters in position 21-40: character maps to <undefined>
2025-03-28 15:34:30 - OUTPUT: 
2025-03-28 15:34:30 - OUTPUT: Evaluating localities:  87%|########6 | 13/15 [02:02<00:59, 29.63s/it]2025-03-28 15:34:30,929 - root - INFO - Evaluating locality: Vileparle
2025-03-28 15:34:30 - OUTPUT: 2025-03-28 15:34:30,930 - root - INFO - Loaded coordinates for 26 localities
2025-03-28 15:34:30 - OUTPUT: 2025-03-28 15:34:30,932 - root - INFO - Found 12 nearby localities for Vileparle
2025-03-28 15:34:30 - OUTPUT: 2025-03-28 15:34:30,932 - root - INFO -   - Vile Parle: 0.00 km, weight: 0.9994
2025-03-28 15:34:30 - OUTPUT: 2025-03-28 15:34:30,932 - root - INFO -   - Juhu: 1.90 km, weight: 0.3859
2025-03-28 15:34:30 - OUTPUT: 2025-03-28 15:34:30,932 - root - INFO -   - Andheri: 2.21 km, weight: 0.3318
2025-03-28 15:34:30 - OUTPUT: 2025-03-28 15:34:30,932 - root - INFO -   - Airport: 2.54 km, weight: 0.2804
2025-03-28 15:34:30 - OUTPUT: 2025-03-28 15:34:30,932 - root - INFO -   - Bandra: 4.99 km, weight: 0.0826
2025-03-28 15:34:30 - OUTPUT: 2025-03-28 15:34:30,932 - root - INFO -   - Kurla: 5.34 km, weight: 0.0694
2025-03-28 15:34:30 - OUTPUT: 2025-03-28 15:34:30,932 - root - INFO -   - Sion: 6.25 km, weight: 0.0440
2025-03-28 15:34:30 - OUTPUT: 2025-03-28 15:34:30,932 - root - INFO -   - Dharavi: 6.33 km, weight: 0.0423
2025-03-28 15:34:30 - OUTPUT: 2025-03-28 15:34:30,932 - root - INFO -   - Powai: 6.98 km, weight: 0.0304
2025-03-28 15:34:30 - OUTPUT: 2025-03-28 15:34:30,933 - root - INFO -   - Chembur: 7.56 km, weight: 0.0228
2025-03-28 15:34:30 - OUTPUT: 2025-03-28 15:34:30,933 - root - INFO -   - Dadar: 9.10 km, weight: 0.0106
2025-03-28 15:34:30 - OUTPUT: 2025-03-28 15:34:30,933 - root - INFO -   - Malad: 9.62 km, weight: 0.0081
2025-03-28 15:34:30 - OUTPUT: 2025-03-28 15:34:30,933 - root - INFO - Initializing LSTM Predictor for Vileparle
2025-03-28 15:34:30 - OUTPUT: 2025-03-28 15:34:30,933 - root - INFO - Sequence length: 24, Prediction horizon: 6
2025-03-28 15:34:30 - OUTPUT: 2025-03-28 15:34:30,934 - root - INFO - Loading cleaned data from spatial_cleaned_data\Vileparle_spatial_weighted.csv
2025-03-28 15:34:30 - OUTPUT: 2025-03-28 15:34:30,945 - root - INFO - Using spatial data from nearby localities to fill any remaining missing values
2025-03-28 15:34:30 - OUTPUT: 2025-03-28 15:34:30,945 - root - INFO - No missing PM2.5 values found
2025-03-28 15:34:30 - OUTPUT: 2025-03-28 15:34:30,946 - root - INFO - Loaded cleaned data with shape: (5305, 4)
2025-03-28 15:34:30 - OUTPUT: 2025-03-28 15:34:30,946 - root - INFO - Features selected: ['PM10', 'RH', 'AT']
2025-03-28 15:34:30 - OUTPUT: 2025-03-28 15:34:30,946 - root - INFO - Train data shape: (4244, 4), Test data shape: (1061, 4)
2025-03-28 15:34:30 - OUTPUT: 2025-03-28 15:34:30,946 - root - INFO - Training new model for Vileparle
2025-03-28 15:34:30 - OUTPUT: 2025-03-28 15:34:30,946 - root - INFO - Preparing sequences from data with shape: (4244, 4)
2025-03-28 15:34:30 - OUTPUT: 2025-03-28 15:34:30,959 - root - INFO - Creating 4215 sequences...
2025-03-28 15:34:30 - OUTPUT: 2025-03-28 15:34:30,968 - root - INFO - Sequence preparation completed. X shape: (4215, 24, 22), y shape: (4215, 6)
2025-03-28 15:34:30 - OUTPUT: 2025-03-28 15:34:30,968 - root - INFO - Sequence preparation took 0.02 seconds
2025-03-28 15:34:30 - OUTPUT: 2025-03-28 15:34:30,969 - root - INFO - Building stacked LSTM model with residual connections, input shape: (24, 22), output size: 6
2025-03-28 15:34:31 - OUTPUT: 2025-03-28 15:34:31,023 - root - INFO - Model architecture:
2025-03-28 15:34:31 - OUTPUT: 2025-03-28 15:34:31,033 - root - INFO - Model: "functional_2"
2025-03-28 15:34:31 - OUTPUT: +--------------------------------------------------------------------------+
2025-03-28 15:34:31 - OUTPUT: | Layer (type)        | Output Shape      |    Param # | Connected to      |
2025-03-28 15:34:31 - OUTPUT: |---------------------+-------------------+------------+-------------------|
2025-03-28 15:34:31 - OUTPUT: | input_layer_2       | (None, 24, 22)    |          0 | -                 |
2025-03-28 15:34:31 - OUTPUT: | (InputLayer)        |                   |            |                   |
2025-03-28 15:34:31 - OUTPUT: |---------------------+-------------------+------------+-------------------|
2025-03-28 15:34:31 - OUTPUT: | batch_normalizatio… | (None, 24, 22)    |         88 | input_layer_2[0]… |
2025-03-28 15:34:31 - OUTPUT: | (BatchNormalizatio… |                   |            |                   |
2025-03-28 15:34:31 - OUTPUT: |---------------------+-------------------+------------+-------------------|
2025-03-28 15:34:31 - OUTPUT: | lstm_6 (LSTM)       | (None, 24, 128)   |     77,312 | batch_normalizat… |
2025-03-28 15:34:31 - OUTPUT: |---------------------+-------------------+------------+-------------------|
2025-03-28 15:34:31 - OUTPUT: | dropout_10          | (None, 24, 128)   |          0 | lstm_6[0][0]      |
2025-03-28 15:34:31 - OUTPUT: | (Dropout)           |                   |            |                   |
2025-03-28 15:34:31 - OUTPUT: |---------------------+-------------------+------------+-------------------|
2025-03-28 15:34:31 - OUTPUT: | batch_normalizatio… | (None, 24, 128)   |        512 | dropout_10[0][0]  |
2025-03-28 15:34:31 - OUTPUT: | (BatchNormalizatio… |                   |            |                   |
2025-03-28 15:34:31 - OUTPUT: |---------------------+-------------------+------------+-------------------|
2025-03-28 15:34:31 - OUTPUT: | lstm_7 (LSTM)       | (None, 24, 128)   |    131,584 | batch_normalizat… |
2025-03-28 15:34:31 - OUTPUT: |---------------------+-------------------+------------+-------------------|
2025-03-28 15:34:31 - OUTPUT: | dropout_11          | (None, 24, 128)   |          0 | lstm_7[0][0]      |
2025-03-28 15:34:31 - OUTPUT: | (Dropout)           |                   |            |                   |
2025-03-28 15:34:31 - OUTPUT: |---------------------+-------------------+------------+-------------------|
2025-03-28 15:34:31 - OUTPUT: | add_2 (Add)         | (None, 24, 128)   |          0 | dropout_10[0][0], |
2025-03-28 15:34:31 - OUTPUT: |                     |                   |            | dropout_11[0][0]  |
2025-03-28 15:34:31 - OUTPUT: |---------------------+-------------------+------------+-------------------|
2025-03-28 15:34:31 - OUTPUT: | batch_normalizatio… | (None, 24, 128)   |        512 | add_2[0][0]       |
2025-03-28 15:34:31 - OUTPUT: | (BatchNormalizatio… |                   |            |                   |
2025-03-28 15:34:31 - OUTPUT: |---------------------+-------------------+------------+-------------------|
2025-03-28 15:34:31 - OUTPUT: | lstm_8 (LSTM)       | (None, 64)        |     49,408 | batch_normalizat… |
2025-03-28 15:34:31 - OUTPUT: |---------------------+-------------------+------------+-------------------|
2025-03-28 15:34:31 - OUTPUT: | dropout_12          | (None, 64)        |          0 | lstm_8[0][0]      |
2025-03-28 15:34:31 - OUTPUT: | (Dropout)           |                   |            |                   |
2025-03-28 15:34:31 - OUTPUT: |---------------------+-------------------+------------+-------------------|
2025-03-28 15:34:31 - OUTPUT: | batch_normalizatio… | (None, 64)        |        256 | dropout_12[0][0]  |
2025-03-28 15:34:31 - OUTPUT: | (BatchNormalizatio… |                   |            |                   |
2025-03-28 15:34:31 - OUTPUT: |---------------------+-------------------+------------+-------------------|
2025-03-28 15:34:31 - OUTPUT: | dense_6 (Dense)     | (None, 64)        |      4,160 | batch_normalizat… |
2025-03-28 15:34:31 - OUTPUT: |---------------------+-------------------+------------+-------------------|
2025-03-28 15:34:31 - OUTPUT: | dropout_13          | (None, 64)        |          0 | dense_6[0][0]     |
2025-03-28 15:34:31 - OUTPUT: | (Dropout)           |                   |            |                   |
2025-03-28 15:34:31 - OUTPUT: |---------------------+-------------------+------------+-------------------|
2025-03-28 15:34:31 - OUTPUT: | batch_normalizatio… | (None, 64)        |        256 | dropout_13[0][0]  |
2025-03-28 15:34:31 - OUTPUT: | (BatchNormalizatio… |                   |            |                   |
2025-03-28 15:34:31 - OUTPUT: |---------------------+-------------------+------------+-------------------|
2025-03-28 15:34:31 - OUTPUT: | dense_7 (Dense)     | (None, 32)        |      2,080 | batch_normalizat… |
2025-03-28 15:34:31 - OUTPUT: |---------------------+-------------------+------------+-------------------|
2025-03-28 15:34:31 - OUTPUT: | dropout_14          | (None, 32)        |          0 | dense_7[0][0]     |
2025-03-28 15:34:31 - OUTPUT: | (Dropout)           |                   |            |                   |
2025-03-28 15:34:31 - OUTPUT: |---------------------+-------------------+------------+-------------------|
2025-03-28 15:34:31 - OUTPUT: | batch_normalizatio… | (None, 32)        |        128 | dropout_14[0][0]  |
2025-03-28 15:34:31 - OUTPUT: | (BatchNormalizatio… |                   |            |                   |
2025-03-28 15:34:31 - OUTPUT: |---------------------+-------------------+------------+-------------------|
2025-03-28 15:34:31 - OUTPUT: | dense_8 (Dense)     | (None, 6)         |        198 | batch_normalizat… |
2025-03-28 15:34:31 - OUTPUT: +--------------------------------------------------------------------------+
2025-03-28 15:34:31 - OUTPUT: Total params: 266,494 (1.02 MB)
2025-03-28 15:34:31 - OUTPUT: Trainable params: 265,618 (1.01 MB)
2025-03-28 15:34:31 - OUTPUT: Non-trainable params: 876 (3.42 KB)
2025-03-28 15:34:31 - OUTPUT: 
2025-03-28 15:34:31 - OUTPUT: 2025-03-28 15:34:31,033 - root - INFO - Starting model training with 4244 samples
2025-03-28 15:34:31 - OUTPUT: 2025-03-28 15:34:31,033 - root - INFO - Training parameters - epochs: 100, batch_size: 32, validation_split: 0.2
2025-03-28 15:34:31 - OUTPUT: 2025-03-28 15:34:31,033 - root - INFO - Preparing sequences from data with shape: (4244, 4)
2025-03-28 15:34:31 - OUTPUT: 2025-03-28 15:34:31,042 - root - INFO - Creating 4215 sequences...
2025-03-28 15:34:31 - OUTPUT: 2025-03-28 15:34:31,055 - root - INFO - Sequence preparation completed. X shape: (4215, 24, 22), y shape: (4215, 6)
2025-03-28 15:34:31 - OUTPUT: 2025-03-28 15:34:31,056 - root - INFO - Sequence preparation took 0.02 seconds
2025-03-28 15:34:37 - OUTPUT: 2025-03-28 15:34:37,323 - root - INFO - Epoch 1 - loss: 1.3182 - mae: 0.8966 - val_loss: 1.2692 - val_mae: 0.9454
2025-03-28 15:34:39 - OUTPUT: 2025-03-28 15:34:39,443 - root - INFO - Epoch 2 - loss: 0.7431 - mae: 0.6742 - val_loss: 0.7409 - val_mae: 0.6837
2025-03-28 15:34:41 - OUTPUT: 2025-03-28 15:34:41,658 - root - INFO - Epoch 3 - loss: 0.5430 - mae: 0.5726 - val_loss: 0.5759 - val_mae: 0.5763
2025-03-28 15:34:43 - OUTPUT: 2025-03-28 15:34:43,877 - root - INFO - Epoch 4 - loss: 0.4436 - mae: 0.5157 - val_loss: 0.5082 - val_mae: 0.5547
2025-03-28 15:34:45 - OUTPUT: 2025-03-28 15:34:45,981 - root - INFO - Epoch 5 - loss: 0.3745 - mae: 0.4745 - val_loss: 0.5309 - val_mae: 0.5668
2025-03-28 15:34:48 - OUTPUT: 2025-03-28 15:34:48,208 - root - INFO - Epoch 6 - loss: 0.3274 - mae: 0.4406 - val_loss: 0.5061 - val_mae: 0.5421
2025-03-28 15:34:50 - OUTPUT: 2025-03-28 15:34:50,345 - root - INFO - Epoch 7 - loss: 0.2950 - mae: 0.4170 - val_loss: 0.7288 - val_mae: 0.6852
2025-03-28 15:34:52 - OUTPUT: 2025-03-28 15:34:52,442 - root - INFO - Epoch 8 - loss: 0.2788 - mae: 0.4035 - val_loss: 0.6184 - val_mae: 0.6175
2025-03-28 15:34:54 - OUTPUT: 2025-03-28 15:34:54,778 - root - INFO - Epoch 9 - loss: 0.2534 - mae: 0.3883 - val_loss: 0.4922 - val_mae: 0.5403
2025-03-28 15:34:56 - OUTPUT: 2025-03-28 15:34:56,908 - root - INFO - Epoch 10 - loss: 0.2481 - mae: 0.3834 - val_loss: 0.5189 - val_mae: 0.5522
2025-03-28 15:34:59 - OUTPUT: 2025-03-28 15:34:59,081 - root - INFO - Epoch 11 - loss: 0.2336 - mae: 0.3724 - val_loss: 0.5433 - val_mae: 0.5810
2025-03-28 15:35:01 - OUTPUT: 2025-03-28 15:35:01,252 - root - INFO - Epoch 12 - loss: 0.2254 - mae: 0.3644 - val_loss: 0.5388 - val_mae: 0.5738
2025-03-28 15:35:03 - OUTPUT: 2025-03-28 15:35:03,534 - root - INFO - Epoch 13 - loss: 0.2140 - mae: 0.3565 - val_loss: 0.4710 - val_mae: 0.5304
2025-03-28 15:35:05 - OUTPUT: 2025-03-28 15:35:05,805 - root - INFO - Epoch 14 - loss: 0.2051 - mae: 0.3500 - val_loss: 0.4972 - val_mae: 0.5458
2025-03-28 15:35:07 - OUTPUT: 2025-03-28 15:35:07,944 - root - INFO - Epoch 15 - loss: 0.1990 - mae: 0.3440 - val_loss: 0.7985 - val_mae: 0.7251
2025-03-28 15:35:10 - OUTPUT: 2025-03-28 15:35:10,061 - root - INFO - Epoch 16 - loss: 0.1976 - mae: 0.3424 - val_loss: 0.6666 - val_mae: 0.6464
2025-03-28 15:35:12 - OUTPUT: 2025-03-28 15:35:12,272 - root - INFO - Epoch 17 - loss: 0.1910 - mae: 0.3372 - val_loss: 0.8351 - val_mae: 0.7465
2025-03-28 15:35:14 - OUTPUT: 2025-03-28 15:35:14,382 - root - INFO - Epoch 18 - loss: 0.1858 - mae: 0.3315 - val_loss: 0.6553 - val_mae: 0.6393
2025-03-28 15:35:16 - OUTPUT: 2025-03-28 15:35:16,557 - root - INFO - Epoch 19 - loss: 0.1788 - mae: 0.3262 - val_loss: 0.5765 - val_mae: 0.5961
2025-03-28 15:35:18 - OUTPUT: 2025-03-28 15:35:18,711 - root - INFO - Epoch 20 - loss: 0.1770 - mae: 0.3222 - val_loss: 0.7510 - val_mae: 0.7064
2025-03-28 15:35:20 - OUTPUT: 2025-03-28 15:35:20,831 - root - INFO - Epoch 21 - loss: 0.1710 - mae: 0.3184 - val_loss: 0.6316 - val_mae: 0.6209
2025-03-28 15:35:22 - OUTPUT: 2025-03-28 15:35:22,994 - root - INFO - Epoch 22 - loss: 0.1723 - mae: 0.3179 - val_loss: 0.7323 - val_mae: 0.6854
2025-03-28 15:35:25 - OUTPUT: 2025-03-28 15:35:25,154 - root - INFO - Epoch 23 - loss: 0.1670 - mae: 0.3131 - val_loss: 0.5607 - val_mae: 0.5810
2025-03-28 15:35:27 - OUTPUT: 2025-03-28 15:35:27,277 - root - INFO - Epoch 24 - loss: 0.1595 - mae: 0.3061 - val_loss: 0.6633 - val_mae: 0.6561
2025-03-28 15:35:29 - OUTPUT: 2025-03-28 15:35:29,467 - root - INFO - Epoch 25 - loss: 0.1550 - mae: 0.3019 - val_loss: 0.8177 - val_mae: 0.7406
2025-03-28 15:35:31 - OUTPUT: 2025-03-28 15:35:31,585 - root - INFO - Epoch 26 - loss: 0.1521 - mae: 0.2986 - val_loss: 0.6996 - val_mae: 0.6810
2025-03-28 15:35:33 - OUTPUT: 2025-03-28 15:35:33,740 - root - INFO - Epoch 27 - loss: 0.1549 - mae: 0.3011 - val_loss: 0.7131 - val_mae: 0.6856
2025-03-28 15:35:35 - OUTPUT: 2025-03-28 15:35:35,957 - root - INFO - Epoch 28 - loss: 0.1482 - mae: 0.2955 - val_loss: 0.8299 - val_mae: 0.7600
2025-03-28 15:35:38 - OUTPUT: 2025-03-28 15:35:38,068 - root - INFO - Epoch 29 - loss: 0.1497 - mae: 0.2949 - val_loss: 0.6663 - val_mae: 0.6648
2025-03-28 15:35:40 - OUTPUT: 2025-03-28 15:35:40,197 - root - INFO - Epoch 30 - loss: 0.1462 - mae: 0.2934 - val_loss: 0.7859 - val_mae: 0.7266
2025-03-28 15:35:42 - OUTPUT: 2025-03-28 15:35:42,361 - root - INFO - Epoch 31 - loss: 0.1475 - mae: 0.2945 - val_loss: 0.7330 - val_mae: 0.6993
2025-03-28 15:35:44 - OUTPUT: 2025-03-28 15:35:44,461 - root - INFO - Epoch 32 - loss: 0.1443 - mae: 0.2907 - val_loss: 0.8221 - val_mae: 0.7370
2025-03-28 15:35:46 - OUTPUT: 2025-03-28 15:35:46,714 - root - INFO - Epoch 33 - loss: 0.1440 - mae: 0.2901 - val_loss: 0.7162 - val_mae: 0.6848
2025-03-28 15:35:46 - OUTPUT: 2025-03-28 15:35:46,724 - root - INFO - Training completed in 75.69 seconds
2025-03-28 15:35:46 - OUTPUT: 2025-03-28 15:35:46,724 - root - INFO - Final training loss: 0.1440
2025-03-28 15:35:46 - OUTPUT: 2025-03-28 15:35:46,724 - root - INFO - Final validation loss: 0.7162
2025-03-28 15:35:46 - OUTPUT: 2025-03-28 15:35:46,778 - root - INFO - Model saved to models/lstm_Vileparle_ph6.keras
2025-03-28 15:35:46 - OUTPUT: 2025-03-28 15:35:46,778 - root - INFO - Evaluating predictions for Vileparle
2025-03-28 15:35:46 - OUTPUT: 2025-03-28 15:35:46,778 - root - INFO - Preparing sequences from data with shape: (1061, 4)
2025-03-28 15:35:46 - OUTPUT: 2025-03-28 15:35:46,785 - root - INFO - Creating 1032 sequences...
2025-03-28 15:35:46 - OUTPUT: 2025-03-28 15:35:46,787 - root - INFO - Sequence preparation completed. X shape: (1032, 24, 22), y shape: (1032, 6)
2025-03-28 15:35:46 - OUTPUT: 2025-03-28 15:35:46,787 - root - INFO - Sequence preparation took 0.01 seconds
2025-03-28 15:35:47 - OUTPUT: 2025-03-28 15:35:47,128 - root - ERROR - Error evaluating model for Vileparle: 'charmap' codec can't encode characters in position 21-40: character maps to <undefined>
2025-03-28 15:35:47 - OUTPUT: 
2025-03-28 15:35:47 - OUTPUT: Evaluating localities:  93%|#########3| 14/15 [03:19<00:43, 43.69s/it]2025-03-28 15:35:47,129 - root - INFO - Evaluating locality: Worli
2025-03-28 15:35:47 - OUTPUT: 2025-03-28 15:35:47,129 - root - INFO - Loaded coordinates for 26 localities
2025-03-28 15:35:47 - OUTPUT: 2025-03-28 15:35:47,132 - root - INFO - Found 8 nearby localities for Worli
2025-03-28 15:35:47 - OUTPUT: 2025-03-28 15:35:47,132 - root - INFO -   - Dadar: 2.79 km, weight: 0.2484
2025-03-28 15:35:47 - OUTPUT: 2025-03-28 15:35:47,132 - root - INFO -   - Bandra: 5.33 km, weight: 0.0697
2025-03-28 15:35:47 - OUTPUT: 2025-03-28 15:35:47,132 - root - INFO -   - Dharavi: 5.60 km, weight: 0.0608
2025-03-28 15:35:47 - OUTPUT: 2025-03-28 15:35:47,132 - root - INFO -   - Malabar Hill: 6.12 km, weight: 0.0468
2025-03-28 15:35:47 - OUTPUT: 2025-03-28 15:35:47,132 - root - INFO -   - Sion: 6.12 km, weight: 0.0468
2025-03-28 15:35:47 - OUTPUT: 2025-03-28 15:35:47,132 - root - INFO -   - Kurla: 8.80 km, weight: 0.0123
2025-03-28 15:35:47 - OUTPUT: 2025-03-28 15:35:47,132 - root - INFO -   - Chembur: 9.67 km, weight: 0.0079
2025-03-28 15:35:47 - OUTPUT: 2025-03-28 15:35:47,132 - root - INFO -   - Airport: 9.97 km, weight: 0.0068
2025-03-28 15:35:47 - OUTPUT: 2025-03-28 15:35:47,132 - root - INFO - Initializing LSTM Predictor for Worli
2025-03-28 15:35:47 - OUTPUT: 2025-03-28 15:35:47,132 - root - INFO - Sequence length: 24, Prediction horizon: 6
2025-03-28 15:35:47 - OUTPUT: 2025-03-28 15:35:47,133 - root - INFO - Loading cleaned data from spatial_cleaned_data\Worli_spatial_weighted.csv
2025-03-28 15:35:47 - OUTPUT: 2025-03-28 15:35:47,141 - root - INFO - Using spatial data from nearby localities to fill any remaining missing values
2025-03-28 15:35:47 - OUTPUT: 2025-03-28 15:35:47,142 - root - INFO - No missing PM2.5 values found
2025-03-28 15:35:47 - OUTPUT: 2025-03-28 15:35:47,142 - root - INFO - Loaded cleaned data with shape: (5425, 4)
2025-03-28 15:35:47 - OUTPUT: 2025-03-28 15:35:47,142 - root - INFO - Features selected: ['PM10', 'RH', 'AT']
2025-03-28 15:35:47 - OUTPUT: 2025-03-28 15:35:47,142 - root - INFO - Train data shape: (4340, 4), Test data shape: (1085, 4)
2025-03-28 15:35:47 - OUTPUT: 2025-03-28 15:35:47,142 - root - INFO - Training new model for Worli
2025-03-28 15:35:47 - OUTPUT: 2025-03-28 15:35:47,142 - root - INFO - Preparing sequences from data with shape: (4340, 4)
2025-03-28 15:35:47 - OUTPUT: 2025-03-28 15:35:47,154 - root - INFO - Creating 4311 sequences...
2025-03-28 15:35:47 - OUTPUT: 2025-03-28 15:35:47,161 - root - INFO - Sequence preparation completed. X shape: (4311, 24, 22), y shape: (4311, 6)
2025-03-28 15:35:47 - OUTPUT: 2025-03-28 15:35:47,161 - root - INFO - Sequence preparation took 0.02 seconds
2025-03-28 15:35:47 - OUTPUT: 2025-03-28 15:35:47,162 - root - INFO - Building stacked LSTM model with residual connections, input shape: (24, 22), output size: 6
2025-03-28 15:35:47 - OUTPUT: 2025-03-28 15:35:47,219 - root - INFO - Model architecture:
2025-03-28 15:35:47 - OUTPUT: 2025-03-28 15:35:47,229 - root - INFO - Model: "functional_3"
2025-03-28 15:35:47 - OUTPUT: +--------------------------------------------------------------------------+
2025-03-28 15:35:47 - OUTPUT: | Layer (type)        | Output Shape      |    Param # | Connected to      |
2025-03-28 15:35:47 - OUTPUT: |---------------------+-------------------+------------+-------------------|
2025-03-28 15:35:47 - OUTPUT: | input_layer_3       | (None, 24, 22)    |          0 | -                 |
2025-03-28 15:35:47 - OUTPUT: | (InputLayer)        |                   |            |                   |
2025-03-28 15:35:47 - OUTPUT: |---------------------+-------------------+------------+-------------------|
2025-03-28 15:35:47 - OUTPUT: | batch_normalizatio… | (None, 24, 22)    |         88 | input_layer_3[0]… |
2025-03-28 15:35:47 - OUTPUT: | (BatchNormalizatio… |                   |            |                   |
2025-03-28 15:35:47 - OUTPUT: |---------------------+-------------------+------------+-------------------|
2025-03-28 15:35:47 - OUTPUT: | lstm_9 (LSTM)       | (None, 24, 128)   |     77,312 | batch_normalizat… |
2025-03-28 15:35:47 - OUTPUT: |---------------------+-------------------+------------+-------------------|
2025-03-28 15:35:47 - OUTPUT: | dropout_15          | (None, 24, 128)   |          0 | lstm_9[0][0]      |
2025-03-28 15:35:47 - OUTPUT: | (Dropout)           |                   |            |                   |
2025-03-28 15:35:47 - OUTPUT: |---------------------+-------------------+------------+-------------------|
2025-03-28 15:35:47 - OUTPUT: | batch_normalizatio… | (None, 24, 128)   |        512 | dropout_15[0][0]  |
2025-03-28 15:35:47 - OUTPUT: | (BatchNormalizatio… |                   |            |                   |
2025-03-28 15:35:47 - OUTPUT: |---------------------+-------------------+------------+-------------------|
2025-03-28 15:35:47 - OUTPUT: | lstm_10 (LSTM)      | (None, 24, 128)   |    131,584 | batch_normalizat… |
2025-03-28 15:35:47 - OUTPUT: |---------------------+-------------------+------------+-------------------|
2025-03-28 15:35:47 - OUTPUT: | dropout_16          | (None, 24, 128)   |          0 | lstm_10[0][0]     |
2025-03-28 15:35:47 - OUTPUT: | (Dropout)           |                   |            |                   |
2025-03-28 15:35:47 - OUTPUT: |---------------------+-------------------+------------+-------------------|
2025-03-28 15:35:47 - OUTPUT: | add_3 (Add)         | (None, 24, 128)   |          0 | dropout_15[0][0], |
2025-03-28 15:35:47 - OUTPUT: |                     |                   |            | dropout_16[0][0]  |
2025-03-28 15:35:47 - OUTPUT: |---------------------+-------------------+------------+-------------------|
2025-03-28 15:35:47 - OUTPUT: | batch_normalizatio… | (None, 24, 128)   |        512 | add_3[0][0]       |
2025-03-28 15:35:47 - OUTPUT: | (BatchNormalizatio… |                   |            |                   |
2025-03-28 15:35:47 - OUTPUT: |---------------------+-------------------+------------+-------------------|
2025-03-28 15:35:47 - OUTPUT: | lstm_11 (LSTM)      | (None, 64)        |     49,408 | batch_normalizat… |
2025-03-28 15:35:47 - OUTPUT: |---------------------+-------------------+------------+-------------------|
2025-03-28 15:35:47 - OUTPUT: | dropout_17          | (None, 64)        |          0 | lstm_11[0][0]     |
2025-03-28 15:35:47 - OUTPUT: | (Dropout)           |                   |            |                   |
2025-03-28 15:35:47 - OUTPUT: |---------------------+-------------------+------------+-------------------|
2025-03-28 15:35:47 - OUTPUT: | batch_normalizatio… | (None, 64)        |        256 | dropout_17[0][0]  |
2025-03-28 15:35:47 - OUTPUT: | (BatchNormalizatio… |                   |            |                   |
2025-03-28 15:35:47 - OUTPUT: |---------------------+-------------------+------------+-------------------|
2025-03-28 15:35:47 - OUTPUT: | dense_9 (Dense)     | (None, 64)        |      4,160 | batch_normalizat… |
2025-03-28 15:35:47 - OUTPUT: |---------------------+-------------------+------------+-------------------|
2025-03-28 15:35:47 - OUTPUT: | dropout_18          | (None, 64)        |          0 | dense_9[0][0]     |
2025-03-28 15:35:47 - OUTPUT: | (Dropout)           |                   |            |                   |
2025-03-28 15:35:47 - OUTPUT: |---------------------+-------------------+------------+-------------------|
2025-03-28 15:35:47 - OUTPUT: | batch_normalizatio… | (None, 64)        |        256 | dropout_18[0][0]  |
2025-03-28 15:35:47 - OUTPUT: | (BatchNormalizatio… |                   |            |                   |
2025-03-28 15:35:47 - OUTPUT: |---------------------+-------------------+------------+-------------------|
2025-03-28 15:35:47 - OUTPUT: | dense_10 (Dense)    | (None, 32)        |      2,080 | batch_normalizat… |
2025-03-28 15:35:47 - OUTPUT: |---------------------+-------------------+------------+-------------------|
2025-03-28 15:35:47 - OUTPUT: | dropout_19          | (None, 32)        |          0 | dense_10[0][0]    |
2025-03-28 15:35:47 - OUTPUT: | (Dropout)           |                   |            |                   |
2025-03-28 15:35:47 - OUTPUT: |---------------------+-------------------+------------+-------------------|
2025-03-28 15:35:47 - OUTPUT: | batch_normalizatio… | (None, 32)        |        128 | dropout_19[0][0]  |
2025-03-28 15:35:47 - OUTPUT: | (BatchNormalizatio… |                   |            |                   |
2025-03-28 15:35:47 - OUTPUT: |---------------------+-------------------+------------+-------------------|
2025-03-28 15:35:47 - OUTPUT: | dense_11 (Dense)    | (None, 6)         |        198 | batch_normalizat… |
2025-03-28 15:35:47 - OUTPUT: +--------------------------------------------------------------------------+
2025-03-28 15:35:47 - OUTPUT: Total params: 266,494 (1.02 MB)
2025-03-28 15:35:47 - OUTPUT: Trainable params: 265,618 (1.01 MB)
2025-03-28 15:35:47 - OUTPUT: Non-trainable params: 876 (3.42 KB)
2025-03-28 15:35:47 - OUTPUT: 
2025-03-28 15:35:47 - OUTPUT: 2025-03-28 15:35:47,230 - root - INFO - Starting model training with 4340 samples
2025-03-28 15:35:47 - OUTPUT: 2025-03-28 15:35:47,230 - root - INFO - Training parameters - epochs: 100, batch_size: 32, validation_split: 0.2
2025-03-28 15:35:47 - OUTPUT: 2025-03-28 15:35:47,230 - root - INFO - Preparing sequences from data with shape: (4340, 4)
2025-03-28 15:35:47 - OUTPUT: 2025-03-28 15:35:47,241 - root - INFO - Creating 4311 sequences...
2025-03-28 15:35:47 - OUTPUT: 2025-03-28 15:35:47,251 - root - INFO - Sequence preparation completed. X shape: (4311, 24, 22), y shape: (4311, 6)
2025-03-28 15:35:47 - OUTPUT: 2025-03-28 15:35:47,251 - root - INFO - Sequence preparation took 0.02 seconds
2025-03-28 15:35:53 - OUTPUT: 2025-03-28 15:35:53,860 - root - INFO - Epoch 1 - loss: 1.3039 - mae: 0.9006 - val_loss: 1.2492 - val_mae: 0.9643
2025-03-28 15:35:56 - OUTPUT: 2025-03-28 15:35:56,090 - root - INFO - Epoch 2 - loss: 0.7539 - mae: 0.6852 - val_loss: 0.9783 - val_mae: 0.8326
2025-03-28 15:35:58 - OUTPUT: 2025-03-28 15:35:58,397 - root - INFO - Epoch 3 - loss: 0.5704 - mae: 0.5929 - val_loss: 0.7153 - val_mae: 0.6933
2025-03-28 15:36:00 - OUTPUT: 2025-03-28 15:36:00,573 - root - INFO - Epoch 4 - loss: 0.4651 - mae: 0.5301 - val_loss: 0.8704 - val_mae: 0.7649
2025-03-28 15:36:02 - OUTPUT: 2025-03-28 15:36:02,816 - root - INFO - Epoch 5 - loss: 0.4034 - mae: 0.4925 - val_loss: 0.6562 - val_mae: 0.6639
2025-03-28 15:36:05 - OUTPUT: 2025-03-28 15:36:05,169 - root - INFO - Epoch 6 - loss: 0.3614 - mae: 0.4646 - val_loss: 0.6454 - val_mae: 0.6523
2025-03-28 15:36:07 - OUTPUT: 2025-03-28 15:36:07,417 - root - INFO - Epoch 7 - loss: 0.3300 - mae: 0.4423 - val_loss: 0.6381 - val_mae: 0.6541
2025-03-28 15:36:09 - OUTPUT: 2025-03-28 15:36:09,736 - root - INFO - Epoch 8 - loss: 0.3095 - mae: 0.4256 - val_loss: 0.5496 - val_mae: 0.5962
2025-03-28 15:36:12 - OUTPUT: 2025-03-28 15:36:12,011 - root - INFO - Epoch 9 - loss: 0.2905 - mae: 0.4134 - val_loss: 0.5734 - val_mae: 0.6068
2025-03-28 15:36:14 - OUTPUT: 2025-03-28 15:36:14,198 - root - INFO - Epoch 10 - loss: 0.2800 - mae: 0.4047 - val_loss: 0.8191 - val_mae: 0.7556
2025-03-28 15:36:16 - OUTPUT: 2025-03-28 15:36:16,453 - root - INFO - Epoch 11 - loss: 0.2730 - mae: 0.4013 - val_loss: 0.7439 - val_mae: 0.7028
2025-03-28 15:36:18 - OUTPUT: 2025-03-28 15:36:18,622 - root - INFO - Epoch 12 - loss: 0.2648 - mae: 0.3934 - val_loss: 0.8727 - val_mae: 0.7756
2025-03-28 15:36:20 - OUTPUT: 2025-03-28 15:36:20,790 - root - INFO - Epoch 13 - loss: 0.2550 - mae: 0.3836 - val_loss: 0.6654 - val_mae: 0.6521
2025-03-28 15:36:23 - OUTPUT: 2025-03-28 15:36:23,028 - root - INFO - Epoch 14 - loss: 0.2535 - mae: 0.3843 - val_loss: 0.6097 - val_mae: 0.6157
2025-03-28 15:36:25 - OUTPUT: 2025-03-28 15:36:25,199 - root - INFO - Epoch 15 - loss: 0.2470 - mae: 0.3775 - val_loss: 0.8024 - val_mae: 0.7343
2025-03-28 15:36:27 - OUTPUT: 2025-03-28 15:36:27,371 - root - INFO - Epoch 16 - loss: 0.2515 - mae: 0.3824 - val_loss: 0.8987 - val_mae: 0.7560
2025-03-28 15:36:29 - OUTPUT: 2025-03-28 15:36:29,587 - root - INFO - Epoch 17 - loss: 0.2366 - mae: 0.3689 - val_loss: 0.7986 - val_mae: 0.7107
2025-03-28 15:36:31 - OUTPUT: 2025-03-28 15:36:31,772 - root - INFO - Epoch 18 - loss: 0.2278 - mae: 0.3618 - val_loss: 0.8487 - val_mae: 0.7297
2025-03-28 15:36:34 - OUTPUT: 2025-03-28 15:36:34,082 - root - INFO - Epoch 19 - loss: 0.2196 - mae: 0.3556 - val_loss: 1.0419 - val_mae: 0.8410
2025-03-28 15:36:36 - OUTPUT: 2025-03-28 15:36:36,261 - root - INFO - Epoch 20 - loss: 0.2125 - mae: 0.3490 - val_loss: 1.1166 - val_mae: 0.8619
2025-03-28 15:36:38 - OUTPUT: 2025-03-28 15:36:38,451 - root - INFO - Epoch 21 - loss: 0.2100 - mae: 0.3458 - val_loss: 1.1684 - val_mae: 0.8956
2025-03-28 15:36:40 - OUTPUT: 2025-03-28 15:36:40,690 - root - INFO - Epoch 22 - loss: 0.2071 - mae: 0.3434 - val_loss: 1.1616 - val_mae: 0.8974
2025-03-28 15:36:42 - OUTPUT: 2025-03-28 15:36:42,872 - root - INFO - Epoch 23 - loss: 0.2039 - mae: 0.3413 - val_loss: 1.1732 - val_mae: 0.9019
2025-03-28 15:36:45 - OUTPUT: 2025-03-28 15:36:45,100 - root - INFO - Epoch 24 - loss: 0.2035 - mae: 0.3397 - val_loss: 0.9957 - val_mae: 0.8144
2025-03-28 15:36:47 - OUTPUT: 2025-03-28 15:36:47,382 - root - INFO - Epoch 25 - loss: 0.1989 - mae: 0.3374 - val_loss: 1.0278 - val_mae: 0.8358
2025-03-28 15:36:49 - OUTPUT: 2025-03-28 15:36:49,542 - root - INFO - Epoch 26 - loss: 0.1999 - mae: 0.3374 - val_loss: 1.1634 - val_mae: 0.8950
2025-03-28 15:36:51 - OUTPUT: 2025-03-28 15:36:51,816 - root - INFO - Epoch 27 - loss: 0.1993 - mae: 0.3348 - val_loss: 1.1115 - val_mae: 0.8560
2025-03-28 15:36:54 - OUTPUT: 2025-03-28 15:36:54,082 - root - INFO - Epoch 28 - loss: 0.1968 - mae: 0.3342 - val_loss: 1.3591 - val_mae: 0.9828
2025-03-28 15:36:54 - OUTPUT: 2025-03-28 15:36:54,093 - root - INFO - Training completed in 66.86 seconds
2025-03-28 15:36:54 - OUTPUT: 2025-03-28 15:36:54,093 - root - INFO - Final training loss: 0.1968
2025-03-28 15:36:54 - OUTPUT: 2025-03-28 15:36:54,093 - root - INFO - Final validation loss: 1.3591
2025-03-28 15:36:54 - OUTPUT: 2025-03-28 15:36:54,145 - root - INFO - Model saved to models/lstm_Worli_ph6.keras
2025-03-28 15:36:54 - OUTPUT: 2025-03-28 15:36:54,145 - root - INFO - Evaluating predictions for Worli
2025-03-28 15:36:54 - OUTPUT: 2025-03-28 15:36:54,145 - root - INFO - Preparing sequences from data with shape: (1085, 4)
2025-03-28 15:36:54 - OUTPUT: 2025-03-28 15:36:54,151 - root - INFO - Creating 1056 sequences...
2025-03-28 15:36:54 - OUTPUT: 2025-03-28 15:36:54,153 - root - INFO - Sequence preparation completed. X shape: (1056, 24, 22), y shape: (1056, 6)
2025-03-28 15:36:54 - OUTPUT: 2025-03-28 15:36:54,153 - root - INFO - Sequence preparation took 0.01 seconds
2025-03-28 15:36:54 - OUTPUT: 2025-03-28 15:36:54,515 - root - ERROR - Error evaluating model for Worli: 'charmap' codec can't encode characters in position 21-40: character maps to <undefined>
2025-03-28 15:36:54 - OUTPUT: 
2025-03-28 15:36:54 - OUTPUT: Evaluating localities: 100%|##########| 15/15 [04:26<00:00, 50.84s/it]
2025-03-28 15:36:54 - OUTPUT: Evaluating localities: 100%|##########| 15/15 [04:26<00:00, 17.77s/it]
2025-03-28 15:36:54 - OUTPUT: 2025-03-28 15:36:54,518 - root - INFO -
2025-03-28 15:36:54 - OUTPUT: Results (sorted by RMSE):
2025-03-28 15:36:54 - OUTPUT: 2025-03-28 15:36:54,518 - root - INFO - +------------+-------+--------+-------+---------------------------------------------------------------------------------------------------------+
2025-03-28 15:36:54 - OUTPUT: 2025-03-28 15:36:54,519 - root - INFO - | Locality   | MAE   | RMSE   | MSE   | Status                                                                                                  |
2025-03-28 15:36:54 - OUTPUT: 2025-03-28 15:36:54,519 - root - INFO - +============+=======+========+=======+=========================================================================================================+
2025-03-28 15:36:54 - OUTPUT: 2025-03-28 15:36:54,519 - root - INFO - | Airport    | N/A   | N/A    | N/A   | Evaluation error: 'charmap' codec can't encode characters in position 21-40: character maps to <unde... |
2025-03-28 15:36:54 - OUTPUT: 2025-03-28 15:36:54,519 - root - INFO - +------------+-------+--------+-------+---------------------------------------------------------------------------------------------------------+
2025-03-28 15:36:54 - OUTPUT: 2025-03-28 15:36:54,519 - root - INFO - | Bandra     | N/A   | N/A    | N/A   | Evaluation error: 'charmap' codec can't encode characters in position 21-40: character maps to <unde... |
2025-03-28 15:36:54 - OUTPUT: 2025-03-28 15:36:54,519 - root - INFO - +------------+-------+--------+-------+---------------------------------------------------------------------------------------------------------+
2025-03-28 15:36:54 - OUTPUT: 2025-03-28 15:36:54,519 - root - INFO - | Borivali   | N/A   | N/A    | N/A   | Evaluation error: 'charmap' codec can't encode characters in position 21-40: character maps to <unde... |
2025-03-28 15:36:54 - OUTPUT: 2025-03-28 15:36:54,519 - root - INFO - +------------+-------+--------+-------+---------------------------------------------------------------------------------------------------------+
2025-03-28 15:36:54 - OUTPUT: 2025-03-28 15:36:54,519 - root - INFO - | Colaba     | N/A   | N/A    | N/A   | Evaluation error: 'charmap' codec can't encode characters in position 21-40: character maps to <unde... |
2025-03-28 15:36:54 - OUTPUT: 2025-03-28 15:36:54,519 - root - INFO - +------------+-------+--------+-------+---------------------------------------------------------------------------------------------------------+
2025-03-28 15:36:54 - OUTPUT: 2025-03-28 15:36:54,519 - root - INFO - | Kalyan     | N/A   | N/A    | N/A   | Evaluation error: 'charmap' codec can't encode characters in position 21-40: character maps to <unde... |
2025-03-28 15:36:54 - OUTPUT: 2025-03-28 15:36:54,519 - root - INFO - +------------+-------+--------+-------+---------------------------------------------------------------------------------------------------------+
2025-03-28 15:36:54 - OUTPUT: 2025-03-28 15:36:54,519 - root - INFO - | Kandivali  | N/A   | N/A    | N/A   | Evaluation error: 'charmap' codec can't encode characters in position 21-40: character maps to <unde... |
2025-03-28 15:36:54 - OUTPUT: 2025-03-28 15:36:54,519 - root - INFO - +------------+-------+--------+-------+---------------------------------------------------------------------------------------------------------+
2025-03-28 15:36:54 - OUTPUT: 2025-03-28 15:36:54,519 - root - INFO - | Kurla      | N/A   | N/A    | N/A   | Evaluation error: 'charmap' codec can't encode characters in position 21-40: character maps to <unde... |
2025-03-28 15:36:54 - OUTPUT: 2025-03-28 15:36:54,519 - root - INFO - +------------+-------+--------+-------+---------------------------------------------------------------------------------------------------------+
2025-03-28 15:36:54 - OUTPUT: 2025-03-28 15:36:54,519 - root - INFO - | Mahape     | N/A   | N/A    | N/A   | Evaluation error: 'charmap' codec can't encode characters in position 21-40: character maps to <unde... |
2025-03-28 15:36:54 - OUTPUT: 2025-03-28 15:36:54,519 - root - INFO - +------------+-------+--------+-------+---------------------------------------------------------------------------------------------------------+
2025-03-28 15:36:54 - OUTPUT: 2025-03-28 15:36:54,519 - root - INFO - | Mulund     | N/A   | N/A    | N/A   | Evaluation error: 'charmap' codec can't encode characters in position 21-40: character maps to <unde... |
2025-03-28 15:36:54 - OUTPUT: 2025-03-28 15:36:54,519 - root - INFO - +------------+-------+--------+-------+---------------------------------------------------------------------------------------------------------+
2025-03-28 15:36:54 - OUTPUT: 2025-03-28 15:36:54,519 - root - INFO - | Nerul      | N/A   | N/A    | N/A   | Evaluation error: 'charmap' codec can't encode characters in position 21-40: character maps to <unde... |
2025-03-28 15:36:54 - OUTPUT: 2025-03-28 15:36:54,520 - root - INFO - +------------+-------+--------+-------+---------------------------------------------------------------------------------------------------------+
2025-03-28 15:36:54 - OUTPUT: 2025-03-28 15:36:54,520 - root - INFO - | Powai      | N/A   | N/A    | N/A   | Evaluation error: 'charmap' codec can't encode characters in position 21-40: character maps to <unde... |
2025-03-28 15:36:54 - OUTPUT: 2025-03-28 15:36:54,520 - root - INFO - +------------+-------+--------+-------+---------------------------------------------------------------------------------------------------------+
2025-03-28 15:36:54 - OUTPUT: 2025-03-28 15:36:54,520 - root - INFO - | Sion       | N/A   | N/A    | N/A   | Evaluation error: 'charmap' codec can't encode characters in position 21-40: character maps to <unde... |
2025-03-28 15:36:54 - OUTPUT: 2025-03-28 15:36:54,520 - root - INFO - +------------+-------+--------+-------+---------------------------------------------------------------------------------------------------------+
2025-03-28 15:36:54 - OUTPUT: 2025-03-28 15:36:54,520 - root - INFO - | Vasai      | N/A   | N/A    | N/A   | Evaluation error: 'charmap' codec can't encode characters in position 21-40: character maps to <unde... |
2025-03-28 15:36:54 - OUTPUT: 2025-03-28 15:36:54,520 - root - INFO - +------------+-------+--------+-------+---------------------------------------------------------------------------------------------------------+
2025-03-28 15:36:54 - OUTPUT: 2025-03-28 15:36:54,520 - root - INFO - | Vileparle  | N/A   | N/A    | N/A   | Evaluation error: 'charmap' codec can't encode characters in position 21-40: character maps to <unde... |
2025-03-28 15:36:54 - OUTPUT: 2025-03-28 15:36:54,520 - root - INFO - +------------+-------+--------+-------+---------------------------------------------------------------------------------------------------------+
2025-03-28 15:36:54 - OUTPUT: 2025-03-28 15:36:54,520 - root - INFO - | Worli      | N/A   | N/A    | N/A   | Evaluation error: 'charmap' codec can't encode characters in position 21-40: character maps to <unde... |
2025-03-28 15:36:54 - OUTPUT: 2025-03-28 15:36:54,520 - root - INFO - +------------+-------+--------+-------+---------------------------------------------------------------------------------------------------------+
2025-03-28 15:36:54 - OUTPUT: 2025-03-28 15:36:54,520 - root - INFO -
2025-03-28 15:36:54 - OUTPUT: Results (sorted by RMSE):
2025-03-28 15:36:54 - OUTPUT: 2025-03-28 15:36:54,520 - root - INFO - +------------+-------+--------+-------+---------------------------------------------------------------------------------------------------------+
2025-03-28 15:36:54 - OUTPUT: | Locality   | MAE   | RMSE   | MSE   | Status                                                                                                  |
2025-03-28 15:36:54 - OUTPUT: +============+=======+========+=======+=========================================================================================================+
2025-03-28 15:36:54 - OUTPUT: | Airport    | N/A   | N/A    | N/A   | Evaluation error: 'charmap' codec can't encode characters in position 21-40: character maps to <unde... |
2025-03-28 15:36:54 - OUTPUT: +------------+-------+--------+-------+---------------------------------------------------------------------------------------------------------+
2025-03-28 15:36:54 - OUTPUT: | Bandra     | N/A   | N/A    | N/A   | Evaluation error: 'charmap' codec can't encode characters in position 21-40: character maps to <unde... |
2025-03-28 15:36:54 - OUTPUT: +------------+-------+--------+-------+---------------------------------------------------------------------------------------------------------+
2025-03-28 15:36:54 - OUTPUT: | Borivali   | N/A   | N/A    | N/A   | Evaluation error: 'charmap' codec can't encode characters in position 21-40: character maps to <unde... |
2025-03-28 15:36:54 - OUTPUT: +------------+-------+--------+-------+---------------------------------------------------------------------------------------------------------+
2025-03-28 15:36:54 - OUTPUT: | Colaba     | N/A   | N/A    | N/A   | Evaluation error: 'charmap' codec can't encode characters in position 21-40: character maps to <unde... |
2025-03-28 15:36:54 - OUTPUT: +------------+-------+--------+-------+---------------------------------------------------------------------------------------------------------+
2025-03-28 15:36:54 - OUTPUT: | Kalyan     | N/A   | N/A    | N/A   | Evaluation error: 'charmap' codec can't encode characters in position 21-40: character maps to <unde... |
2025-03-28 15:36:54 - OUTPUT: +------------+-------+--------+-------+---------------------------------------------------------------------------------------------------------+
2025-03-28 15:36:54 - OUTPUT: | Kandivali  | N/A   | N/A    | N/A   | Evaluation error: 'charmap' codec can't encode characters in position 21-40: character maps to <unde... |
2025-03-28 15:36:54 - OUTPUT: +------------+-------+--------+-------+---------------------------------------------------------------------------------------------------------+
2025-03-28 15:36:54 - OUTPUT: | Kurla      | N/A   | N/A    | N/A   | Evaluation error: 'charmap' codec can't encode characters in position 21-40: character maps to <unde... |
2025-03-28 15:36:54 - OUTPUT: +------------+-------+--------+-------+---------------------------------------------------------------------------------------------------------+
2025-03-28 15:36:54 - OUTPUT: | Mahape     | N/A   | N/A    | N/A   | Evaluation error: 'charmap' codec can't encode characters in position 21-40: character maps to <unde... |
2025-03-28 15:36:54 - OUTPUT: +------------+-------+--------+-------+---------------------------------------------------------------------------------------------------------+
2025-03-28 15:36:54 - OUTPUT: | Mulund     | N/A   | N/A    | N/A   | Evaluation error: 'charmap' codec can't encode characters in position 21-40: character maps to <unde... |
2025-03-28 15:36:54 - OUTPUT: +------------+-------+--------+-------+---------------------------------------------------------------------------------------------------------+
2025-03-28 15:36:54 - OUTPUT: | Nerul      | N/A   | N/A    | N/A   | Evaluation error: 'charmap' codec can't encode characters in position 21-40: character maps to <unde... |
2025-03-28 15:36:54 - OUTPUT: +------------+-------+--------+-------+---------------------------------------------------------------------------------------------------------+
2025-03-28 15:36:54 - OUTPUT: | Powai      | N/A   | N/A    | N/A   | Evaluation error: 'charmap' codec can't encode characters in position 21-40: character maps to <unde... |
2025-03-28 15:36:54 - OUTPUT: +------------+-------+--------+-------+---------------------------------------------------------------------------------------------------------+
2025-03-28 15:36:54 - OUTPUT: | Sion       | N/A   | N/A    | N/A   | Evaluation error: 'charmap' codec can't encode characters in position 21-40: character maps to <unde... |
2025-03-28 15:36:54 - OUTPUT: +------------+-------+--------+-------+---------------------------------------------------------------------------------------------------------+
2025-03-28 15:36:54 - OUTPUT: | Vasai      | N/A   | N/A    | N/A   | Evaluation error: 'charmap' codec can't encode characters in position 21-40: character maps to <unde... |
2025-03-28 15:36:54 - OUTPUT: +------------+-------+--------+-------+---------------------------------------------------------------------------------------------------------+
2025-03-28 15:36:54 - OUTPUT: | Vileparle  | N/A   | N/A    | N/A   | Evaluation error: 'charmap' codec can't encode characters in position 21-40: character maps to <unde... |
2025-03-28 15:36:54 - OUTPUT: +------------+-------+--------+-------+---------------------------------------------------------------------------------------------------------+
2025-03-28 15:36:54 - OUTPUT: | Worli      | N/A   | N/A    | N/A   | Evaluation error: 'charmap' codec can't encode characters in position 21-40: character maps to <unde... |
2025-03-28 15:36:54 - OUTPUT: +------------+-------+--------+-------+---------------------------------------------------------------------------------------------------------+
2025-03-28 15:36:54 - OUTPUT: 2025-03-28 15:36:54,540 - root - INFO - Evaluation complete
2025-03-28 15:36:54 - OUTPUT: 
2025-03-28 15:36:54 - OUTPUT: Results (sorted by RMSE):
2025-03-28 15:36:54 - OUTPUT: +------------+-------+--------+-------+---------------------------------------------------------------------------------------------------------+
2025-03-28 15:36:54 - OUTPUT: | Locality   | MAE   | RMSE   | MSE   | Status                                                                                                  |
2025-03-28 15:36:54 - OUTPUT: +============+=======+========+=======+=========================================================================================================+
2025-03-28 15:36:54 - OUTPUT: | Airport    | N/A   | N/A    | N/A   | Evaluation error: 'charmap' codec can't encode characters in position 21-40: character maps to <unde... |
2025-03-28 15:36:54 - OUTPUT: +------------+-------+--------+-------+---------------------------------------------------------------------------------------------------------+
2025-03-28 15:36:54 - OUTPUT: | Bandra     | N/A   | N/A    | N/A   | Evaluation error: 'charmap' codec can't encode characters in position 21-40: character maps to <unde... |
2025-03-28 15:36:54 - OUTPUT: +------------+-------+--------+-------+---------------------------------------------------------------------------------------------------------+
2025-03-28 15:36:54 - OUTPUT: | Borivali   | N/A   | N/A    | N/A   | Evaluation error: 'charmap' codec can't encode characters in position 21-40: character maps to <unde... |
2025-03-28 15:36:54 - OUTPUT: +------------+-------+--------+-------+---------------------------------------------------------------------------------------------------------+
2025-03-28 15:36:54 - OUTPUT: | Colaba     | N/A   | N/A    | N/A   | Evaluation error: 'charmap' codec can't encode characters in position 21-40: character maps to <unde... |
2025-03-28 15:36:54 - OUTPUT: +------------+-------+--------+-------+---------------------------------------------------------------------------------------------------------+
2025-03-28 15:36:54 - OUTPUT: | Kalyan     | N/A   | N/A    | N/A   | Evaluation error: 'charmap' codec can't encode characters in position 21-40: character maps to <unde... |
2025-03-28 15:36:54 - OUTPUT: +------------+-------+--------+-------+---------------------------------------------------------------------------------------------------------+
2025-03-28 15:36:54 - OUTPUT: | Kandivali  | N/A   | N/A    | N/A   | Evaluation error: 'charmap' codec can't encode characters in position 21-40: character maps to <unde... |
2025-03-28 15:36:54 - OUTPUT: +------------+-------+--------+-------+---------------------------------------------------------------------------------------------------------+
2025-03-28 15:36:54 - OUTPUT: | Kurla      | N/A   | N/A    | N/A   | Evaluation error: 'charmap' codec can't encode characters in position 21-40: character maps to <unde... |
2025-03-28 15:36:54 - OUTPUT: +------------+-------+--------+-------+---------------------------------------------------------------------------------------------------------+
2025-03-28 15:36:54 - OUTPUT: | Mahape     | N/A   | N/A    | N/A   | Evaluation error: 'charmap' codec can't encode characters in position 21-40: character maps to <unde... |
2025-03-28 15:36:54 - OUTPUT: +------------+-------+--------+-------+---------------------------------------------------------------------------------------------------------+
2025-03-28 15:36:54 - OUTPUT: | Mulund     | N/A   | N/A    | N/A   | Evaluation error: 'charmap' codec can't encode characters in position 21-40: character maps to <unde... |
2025-03-28 15:36:54 - OUTPUT: +------------+-------+--------+-------+---------------------------------------------------------------------------------------------------------+
2025-03-28 15:36:54 - OUTPUT: | Nerul      | N/A   | N/A    | N/A   | Evaluation error: 'charmap' codec can't encode characters in position 21-40: character maps to <unde... |
2025-03-28 15:36:54 - OUTPUT: +------------+-------+--------+-------+---------------------------------------------------------------------------------------------------------+
2025-03-28 15:36:54 - OUTPUT: | Powai      | N/A   | N/A    | N/A   | Evaluation error: 'charmap' codec can't encode characters in position 21-40: character maps to <unde... |
2025-03-28 15:36:54 - OUTPUT: +------------+-------+--------+-------+---------------------------------------------------------------------------------------------------------+
2025-03-28 15:36:54 - OUTPUT: | Sion       | N/A   | N/A    | N/A   | Evaluation error: 'charmap' codec can't encode characters in position 21-40: character maps to <unde... |
2025-03-28 15:36:54 - OUTPUT: +------------+-------+--------+-------+---------------------------------------------------------------------------------------------------------+
2025-03-28 15:36:54 - OUTPUT: | Vasai      | N/A   | N/A    | N/A   | Evaluation error: 'charmap' codec can't encode characters in position 21-40: character maps to <unde... |
2025-03-28 15:36:54 - OUTPUT: +------------+-------+--------+-------+---------------------------------------------------------------------------------------------------------+
2025-03-28 15:36:54 - OUTPUT: | Vileparle  | N/A   | N/A    | N/A   | Evaluation error: 'charmap' codec can't encode characters in position 21-40: character maps to <unde... |
2025-03-28 15:36:54 - OUTPUT: +------------+-------+--------+-------+---------------------------------------------------------------------------------------------------------+
2025-03-28 15:36:54 - OUTPUT: | Worli      | N/A   | N/A    | N/A   | Evaluation error: 'charmap' codec can't encode characters in position 21-40: character maps to <unde... |
2025-03-28 15:36:54 - OUTPUT: +------------+-------+--------+-------+---------------------------------------------------------------------------------------------------------+
2025-03-28 15:36:56 - Evaluation completed with return code: 0
