2025-03-28 14:06:13,533 - root - INFO - Loaded coordinates for 21 localities
2025-03-28 14:06:13,533 - root - WARNING - No coordinates found for Airport
2025-03-28 14:06:13,534 - root - INFO - Initializing LSTM Predictor for Airport
2025-03-28 14:06:13,534 - root - INFO - Sequence length: 24, Prediction horizon: 24
2025-03-28 14:06:13,534 - root - INFO - Using spatial data with decay factor 0.5 and max distance 10.0 km
2025-03-28 14:06:13,534 - root - INFO - Running in training mode
2025-03-28 14:06:13,535 - root - INFO - Loading cleaned data from cleaned_data\Airport_spatial_average.csv
2025-03-28 14:06:13,546 - root - WARNING - No nearby localities found or PM2.5 not in columns, dropping NaN values
2025-03-28 14:06:13,547 - root - INFO - Loaded cleaned data with shape: (5280, 4)
2025-03-28 14:06:13,548 - root - INFO - Features selected: ['PM10', 'RH', 'AT']
2025-03-28 14:06:13,548 - root - INFO - Starting model training with 4224 samples
2025-03-28 14:06:13,548 - root - INFO - Training parameters - epochs: 100, batch_size: 32, validation_split: 0.2
2025-03-28 14:06:13,548 - root - INFO - Preparing sequences from data with shape: (4224, 4)
2025-03-28 14:06:13,561 - root - INFO - Creating 4177 sequences...
2025-03-28 14:06:13,571 - root - INFO - Sequence preparation completed. X shape: (4177, 24, 22), y shape: (4177, 24)
2025-03-28 14:06:13,571 - root - INFO - Sequence preparation took 0.02 seconds
2025-03-28 14:06:13,572 - root - INFO - Building stacked LSTM model with residual connections, input shape: (24, 22)
2025-03-28 14:06:13,683 - root - INFO - Model architecture:
2025-03-28 14:06:20,076 - root - INFO - Epoch 1 - loss: 1.1687 - mae: 0.8232 - val_loss: 1.7005 - val_mae: 0.8985
2025-03-28 14:06:22,123 - root - INFO - Epoch 2 - loss: 0.7197 - mae: 0.6314 - val_loss: 1.6161 - val_mae: 0.8486
2025-03-28 14:06:24,106 - root - INFO - Epoch 3 - loss: 0.5909 - mae: 0.5618 - val_loss: 1.1927 - val_mae: 0.6835
2025-03-28 14:06:26,057 - root - INFO - Epoch 4 - loss: 0.5242 - mae: 0.5205 - val_loss: 1.7186 - val_mae: 0.9211
2025-03-28 14:06:28,048 - root - INFO - Epoch 5 - loss: 0.4647 - mae: 0.4872 - val_loss: 1.9030 - val_mae: 0.9807
2025-03-28 14:06:29,976 - root - INFO - Epoch 6 - loss: 0.4319 - mae: 0.4664 - val_loss: 1.6096 - val_mae: 0.8653
2025-03-28 14:06:31,883 - root - INFO - Epoch 7 - loss: 0.4181 - mae: 0.4554 - val_loss: 1.4882 - val_mae: 0.8069
2025-03-28 14:06:33,836 - root - INFO - Epoch 8 - loss: 0.3858 - mae: 0.4363 - val_loss: 1.9853 - val_mae: 1.0408
2025-03-28 14:06:35,751 - root - INFO - Epoch 9 - loss: 0.3722 - mae: 0.4301 - val_loss: 1.6877 - val_mae: 0.9326
2025-03-28 14:06:37,681 - root - INFO - Epoch 10 - loss: 0.3489 - mae: 0.4176 - val_loss: 1.9237 - val_mae: 0.9959
2025-03-28 14:06:39,627 - root - INFO - Epoch 11 - loss: 0.3407 - mae: 0.4123 - val_loss: 2.1549 - val_mae: 1.0832
2025-03-28 14:06:41,563 - root - INFO - Epoch 12 - loss: 0.3551 - mae: 0.4191 - val_loss: 1.6304 - val_mae: 0.9031
2025-03-28 14:06:43,568 - root - INFO - Epoch 13 - loss: 0.3437 - mae: 0.4170 - val_loss: 1.6290 - val_mae: 0.9011
2025-03-28 14:06:45,725 - root - INFO - Epoch 14 - loss: 0.3301 - mae: 0.4069 - val_loss: 1.9184 - val_mae: 1.0053
2025-03-28 14:06:47,661 - root - INFO - Epoch 15 - loss: 0.3193 - mae: 0.4017 - val_loss: 1.8350 - val_mae: 0.9747
2025-03-28 14:06:49,601 - root - INFO - Epoch 16 - loss: 0.3176 - mae: 0.3998 - val_loss: 1.7266 - val_mae: 0.9365
2025-03-28 14:06:51,526 - root - INFO - Epoch 17 - loss: 0.3184 - mae: 0.3986 - val_loss: 1.8554 - val_mae: 0.9811
2025-03-28 14:06:53,434 - root - INFO - Epoch 18 - loss: 0.3086 - mae: 0.3913 - val_loss: 1.6191 - val_mae: 0.9051
2025-03-28 14:06:55,356 - root - INFO - Epoch 19 - loss: 0.3090 - mae: 0.3924 - val_loss: 1.7809 - val_mae: 0.9571
2025-03-28 14:06:57,308 - root - INFO - Epoch 20 - loss: 0.3075 - mae: 0.3943 - val_loss: 1.7609 - val_mae: 0.9494
2025-03-28 14:06:59,251 - root - INFO - Epoch 21 - loss: 0.3062 - mae: 0.3912 - val_loss: 1.8298 - val_mae: 0.9759
2025-03-28 14:07:01,190 - root - INFO - Epoch 22 - loss: 0.3086 - mae: 0.3932 - val_loss: 1.7489 - val_mae: 0.9487
2025-03-28 14:07:03,120 - root - INFO - Epoch 23 - loss: 0.3005 - mae: 0.3879 - val_loss: 1.8208 - val_mae: 0.9738
2025-03-28 14:07:03,136 - root - INFO - Training completed in 49.59 seconds
2025-03-28 14:07:03,137 - root - INFO - Final training loss: 0.3005
2025-03-28 14:07:03,137 - root - INFO - Final validation loss: 1.8208
2025-03-28 14:18:55,833 - root - INFO - Evaluating 15 localities: Airport, Bandra, Borivali, Colaba, Kalyan, Kandivali, Kurla, Mahape, Mulund, Nerul, Powai, Sion, Vasai, Vileparle, Worli
2025-03-28 14:18:55,850 - root - INFO - Evaluating locality: Airport
2025-03-28 14:18:55,851 - root - INFO - Loaded coordinates for 21 localities
2025-03-28 14:18:55,851 - root - WARNING - No coordinates found for Airport
2025-03-28 14:18:55,851 - root - INFO - Initializing LSTM Predictor for Airport
2025-03-28 14:18:55,851 - root - INFO - Sequence length: 24, Prediction horizon: 24
2025-03-28 14:18:55,851 - root - INFO - Loading cleaned data from cleaned_data\Airport_spatial_average.csv
2025-03-28 14:18:55,861 - root - WARNING - No nearby localities found or PM2.5 not in columns, dropping NaN values
2025-03-28 14:18:55,864 - root - INFO - Loaded cleaned data with shape: (5280, 4)
2025-03-28 14:18:55,864 - root - INFO - Features selected: ['PM10', 'RH', 'AT']
2025-03-28 14:18:55,864 - root - INFO - Using existing model for Airport
2025-03-28 14:18:55,864 - root - INFO - Evaluating predictions for Airport
2025-03-28 14:18:55,864 - root - INFO - Preparing sequences from data with shape: (1056, 4)
2025-03-28 14:18:55,873 - root - INFO - Creating 1009 sequences...
2025-03-28 14:18:55,876 - root - INFO - Sequence preparation completed. X shape: (1009, 24, 22), y shape: (1009, 24)
2025-03-28 14:18:55,876 - root - INFO - Sequence preparation took 0.01 seconds
2025-03-28 14:18:55,876 - root - ERROR - Error evaluating model for Airport: 'NoneType' object has no attribute 'predict'
2025-03-28 14:18:55,877 - root - INFO - Evaluating locality: Bandra
2025-03-28 14:18:55,877 - root - INFO - Loaded coordinates for 21 localities
2025-03-28 14:18:55,953 - root - INFO - Found 10 nearby localities for Bandra
2025-03-28 14:18:55,953 - root - INFO -   - Dharavi: 2.26 km, weight: 0.3231
2025-03-28 14:18:55,954 - root - INFO -   - Sion: 2.60 km, weight: 0.2723
2025-03-28 14:18:55,954 - root - INFO -   - Dadar: 4.14 km, weight: 0.1262
2025-03-28 14:18:55,954 - root - INFO -   - Kurla: 4.30 km, weight: 0.1163
2025-03-28 14:18:55,954 - root - INFO -   - Vile Parle: 4.99 km, weight: 0.0825
2025-03-28 14:18:55,954 - root - INFO -   - Worli: 5.33 km, weight: 0.0697
2025-03-28 14:18:55,954 - root - INFO -   - Juhu: 5.91 km, weight: 0.0520
2025-03-28 14:18:55,954 - root - INFO -   - Chembur: 6.08 km, weight: 0.0479
2025-03-28 14:18:55,955 - root - INFO -   - Andheri: 7.19 km, weight: 0.0274
2025-03-28 14:18:55,955 - root - INFO -   - Powai: 9.98 km, weight: 0.0068
2025-03-28 14:18:55,955 - root - INFO - Initializing LSTM Predictor for Bandra
2025-03-28 14:18:55,955 - root - INFO - Sequence length: 24, Prediction horizon: 24
2025-03-28 14:18:55,955 - root - INFO - Loading cleaned data from cleaned_data\Bandra_spatial_average.csv
2025-03-28 14:18:55,965 - root - INFO - Using spatial data from nearby localities to fill missing values
2025-03-28 14:18:55,965 - root - INFO - Found 1 timestamps with missing PM2.5 values
2025-03-28 14:18:55,966 - root - WARNING - No data found for locality Dharavi
2025-03-28 14:18:55,974 - root - WARNING - No data found for locality Dadar
2025-03-28 14:18:55,986 - root - WARNING - No data found for locality Vile Parle
2025-03-28 14:18:55,994 - root - WARNING - No data found for locality Juhu
2025-03-28 14:18:55,995 - root - WARNING - No data found for locality Chembur
2025-03-28 14:18:55,995 - root - WARNING - No data found for locality Andheri
2025-03-28 14:18:56,009 - root - INFO - Filled 0 missing values using spatial data
2025-03-28 14:18:56,010 - root - INFO - Final data shape after filling: (5441, 4)
2025-03-28 14:18:56,010 - root - INFO - Loaded cleaned data with shape: (5441, 4)
2025-03-28 14:18:56,011 - root - INFO - Features selected: ['PM10', 'RH', 'AT']
2025-03-28 14:18:56,011 - root - INFO - Using existing model for Bandra
2025-03-28 14:18:56,011 - root - INFO - Evaluating predictions for Bandra
2025-03-28 14:18:56,012 - root - INFO - Preparing sequences from data with shape: (1089, 4)
2025-03-28 14:18:56,022 - root - INFO - Creating 1042 sequences...
2025-03-28 14:18:56,025 - root - INFO - Sequence preparation completed. X shape: (1042, 24, 22), y shape: (1042, 24)
2025-03-28 14:18:56,025 - root - INFO - Sequence preparation took 0.01 seconds
2025-03-28 14:18:56,025 - root - ERROR - Error evaluating model for Bandra: 'NoneType' object has no attribute 'predict'
2025-03-28 14:18:56,031 - root - INFO - Evaluating locality: Borivali
2025-03-28 14:18:56,031 - root - INFO - Loaded coordinates for 21 localities
2025-03-28 14:18:56,035 - root - INFO - Found 1 nearby localities for Borivali
2025-03-28 14:18:56,035 - root - INFO -   - Malad: 4.78 km, weight: 0.0917
2025-03-28 14:18:56,035 - root - INFO - Initializing LSTM Predictor for Borivali
2025-03-28 14:18:56,035 - root - INFO - Sequence length: 24, Prediction horizon: 24
2025-03-28 14:18:56,036 - root - INFO - Loading cleaned data from cleaned_data\Borivali_spatial_average.csv
2025-03-28 14:18:56,047 - root - INFO - Using spatial data from nearby localities to fill missing values
2025-03-28 14:18:56,047 - root - INFO - No missing PM2.5 values found
2025-03-28 14:18:56,048 - root - INFO - Loaded cleaned data with shape: (5425, 4)
2025-03-28 14:18:56,048 - root - INFO - Features selected: ['PM10', 'RH', 'AT']
2025-03-28 14:18:56,048 - root - INFO - Using existing model for Borivali
2025-03-28 14:18:56,048 - root - INFO - Evaluating predictions for Borivali
2025-03-28 14:18:56,048 - root - INFO - Preparing sequences from data with shape: (1085, 4)
2025-03-28 14:18:56,062 - root - INFO - Creating 1038 sequences...
2025-03-28 14:18:56,066 - root - INFO - Sequence preparation completed. X shape: (1038, 24, 22), y shape: (1038, 24)
2025-03-28 14:18:56,066 - root - INFO - Sequence preparation took 0.02 seconds
2025-03-28 14:18:56,066 - root - ERROR - Error evaluating model for Borivali: 'NoneType' object has no attribute 'predict'
2025-03-28 14:18:56,068 - root - INFO - Evaluating locality: Colaba
2025-03-28 14:18:56,068 - root - INFO - Loaded coordinates for 21 localities
2025-03-28 14:18:56,070 - root - INFO - Found 1 nearby localities for Colaba
2025-03-28 14:18:56,071 - root - INFO -   - Malabar Hill: 5.33 km, weight: 0.0696
2025-03-28 14:18:56,071 - root - INFO - Initializing LSTM Predictor for Colaba
2025-03-28 14:18:56,071 - root - INFO - Sequence length: 24, Prediction horizon: 24
2025-03-28 14:18:56,072 - root - INFO - Loading cleaned data from cleaned_data\Colaba_spatial_average.csv
2025-03-28 14:18:56,084 - root - INFO - Using spatial data from nearby localities to fill missing values
2025-03-28 14:18:56,084 - root - INFO - No missing PM2.5 values found
2025-03-28 14:18:56,085 - root - INFO - Loaded cleaned data with shape: (4801, 4)
2025-03-28 14:18:56,085 - root - INFO - Features selected: ['PM10', 'RH', 'AT']
2025-03-28 14:18:56,086 - root - INFO - Using existing model for Colaba
2025-03-28 14:18:56,086 - root - INFO - Evaluating predictions for Colaba
2025-03-28 14:18:56,086 - root - INFO - Preparing sequences from data with shape: (961, 4)
2025-03-28 14:18:56,104 - root - INFO - Creating 914 sequences...
2025-03-28 14:18:56,107 - root - INFO - Sequence preparation completed. X shape: (914, 24, 22), y shape: (914, 24)
2025-03-28 14:18:56,108 - root - INFO - Sequence preparation took 0.02 seconds
2025-03-28 14:18:56,109 - root - ERROR - Error evaluating model for Colaba: 'NoneType' object has no attribute 'predict'
2025-03-28 14:18:56,110 - root - INFO - Evaluating locality: Kalyan
2025-03-28 14:18:56,112 - root - INFO - Loaded coordinates for 21 localities
2025-03-28 14:18:56,115 - root - INFO - Found 0 nearby localities for Kalyan
2025-03-28 14:18:56,115 - root - INFO - Initializing LSTM Predictor for Kalyan
2025-03-28 14:18:56,116 - root - INFO - Sequence length: 24, Prediction horizon: 24
2025-03-28 14:18:56,116 - root - INFO - Loading cleaned data from cleaned_data\Kalyan_spatial_average.csv
2025-03-28 14:18:56,130 - root - WARNING - No nearby localities found or PM2.5 not in columns, dropping NaN values
2025-03-28 14:18:56,132 - root - INFO - Loaded cleaned data with shape: (5404, 4)
2025-03-28 14:18:56,132 - root - INFO - Features selected: ['PM10', 'RH', 'AT']
2025-03-28 14:18:56,133 - root - INFO - Using existing model for Kalyan
2025-03-28 14:18:56,133 - root - INFO - Evaluating predictions for Kalyan
2025-03-28 14:18:56,133 - root - INFO - Preparing sequences from data with shape: (1081, 4)
2025-03-28 14:18:56,147 - root - INFO - Creating 1034 sequences...
2025-03-28 14:18:56,150 - root - INFO - Sequence preparation completed. X shape: (1034, 24, 22), y shape: (1034, 24)
2025-03-28 14:18:56,150 - root - INFO - Sequence preparation took 0.02 seconds
2025-03-28 14:18:56,151 - root - ERROR - Error evaluating model for Kalyan: 'NoneType' object has no attribute 'predict'
2025-03-28 14:18:56,152 - root - INFO - Evaluating locality: Kandivali
2025-03-28 14:18:56,153 - root - INFO - Loaded coordinates for 21 localities
2025-03-28 14:18:56,153 - root - WARNING - No coordinates found for Kandivali
2025-03-28 14:18:56,153 - root - INFO - Initializing LSTM Predictor for Kandivali
2025-03-28 14:18:56,153 - root - INFO - Sequence length: 24, Prediction horizon: 24
2025-03-28 14:18:56,154 - root - INFO - Loading cleaned data from cleaned_data\Kandivali_spatial_average.csv
2025-03-28 14:18:56,165 - root - WARNING - No nearby localities found or PM2.5 not in columns, dropping NaN values
2025-03-28 14:18:56,166 - root - INFO - Loaded cleaned data with shape: (4776, 4)
2025-03-28 14:18:56,166 - root - INFO - Features selected: ['PM10', 'RH', 'AT']
2025-03-28 14:18:56,167 - root - INFO - Using existing model for Kandivali
2025-03-28 14:18:56,167 - root - INFO - Evaluating predictions for Kandivali
2025-03-28 14:18:56,167 - root - INFO - Preparing sequences from data with shape: (956, 4)
2025-03-28 14:18:56,181 - root - INFO - Creating 909 sequences...
2025-03-28 14:18:56,183 - root - INFO - Sequence preparation completed. X shape: (909, 24, 22), y shape: (909, 24)
2025-03-28 14:18:56,184 - root - INFO - Sequence preparation took 0.02 seconds
2025-03-28 14:18:56,184 - root - ERROR - Error evaluating model for Kandivali: 'NoneType' object has no attribute 'predict'
2025-03-28 14:18:56,185 - root - INFO - Evaluating locality: Kurla
2025-03-28 14:18:56,185 - root - INFO - Loaded coordinates for 21 localities
2025-03-28 14:18:56,188 - root - INFO - Found 10 nearby localities for Kurla
2025-03-28 14:18:56,188 - root - INFO -   - Chembur: 2.27 km, weight: 0.3211
2025-03-28 14:18:56,189 - root - INFO -   - Sion: 2.71 km, weight: 0.2574
2025-03-28 14:18:56,189 - root - INFO -   - Dharavi: 3.21 km, weight: 0.2009
2025-03-28 14:18:56,189 - root - INFO -   - Bandra: 4.30 km, weight: 0.1163
2025-03-28 14:18:56,190 - root - INFO -   - Vile Parle: 5.34 km, weight: 0.0694
2025-03-28 14:18:56,190 - root - INFO -   - Dadar: 6.50 km, weight: 0.0388
2025-03-28 14:18:56,190 - root - INFO -   - Powai: 6.57 km, weight: 0.0374
2025-03-28 14:18:56,190 - root - INFO -   - Andheri: 6.94 km, weight: 0.0312
2025-03-28 14:18:56,190 - root - INFO -   - Juhu: 7.15 km, weight: 0.0281
2025-03-28 14:18:56,190 - root - INFO -   - Worli: 8.80 km, weight: 0.0123
2025-03-28 14:18:56,190 - root - INFO - Initializing LSTM Predictor for Kurla
2025-03-28 14:18:56,191 - root - INFO - Sequence length: 24, Prediction horizon: 24
2025-03-28 14:18:56,192 - root - INFO - Loading cleaned data from cleaned_data\Kurla_spatial_average.csv
2025-03-28 14:18:56,205 - root - INFO - Using spatial data from nearby localities to fill missing values
2025-03-28 14:18:56,206 - root - INFO - No missing PM2.5 values found
2025-03-28 14:18:56,206 - root - INFO - Loaded cleaned data with shape: (5425, 4)
2025-03-28 14:18:56,208 - root - INFO - Features selected: ['PM10', 'RH', 'AT']
2025-03-28 14:18:56,209 - root - INFO - Using existing model for Kurla
2025-03-28 14:18:56,209 - root - INFO - Evaluating predictions for Kurla
2025-03-28 14:18:56,210 - root - INFO - Preparing sequences from data with shape: (1085, 4)
2025-03-28 14:18:56,230 - root - INFO - Creating 1038 sequences...
2025-03-28 14:18:56,236 - root - INFO - Sequence preparation completed. X shape: (1038, 24, 22), y shape: (1038, 24)
2025-03-28 14:18:56,236 - root - INFO - Sequence preparation took 0.03 seconds
2025-03-28 14:18:56,236 - root - ERROR - Error evaluating model for Kurla: 'NoneType' object has no attribute 'predict'
2025-03-28 14:18:56,242 - root - INFO - Evaluating locality: Mahape
2025-03-28 14:18:56,244 - root - INFO - Loaded coordinates for 21 localities
2025-03-28 14:18:56,244 - root - WARNING - No coordinates found for Mahape
2025-03-28 14:18:56,245 - root - INFO - Initializing LSTM Predictor for Mahape
2025-03-28 14:18:56,245 - root - INFO - Sequence length: 24, Prediction horizon: 24
2025-03-28 14:18:56,245 - root - INFO - Loading cleaned data from cleaned_data\Mahape_spatial_average.csv
2025-03-28 14:18:56,261 - root - WARNING - No nearby localities found or PM2.5 not in columns, dropping NaN values
2025-03-28 14:18:56,263 - root - INFO - Loaded cleaned data with shape: (5295, 4)
2025-03-28 14:18:56,263 - root - INFO - Features selected: ['PM10', 'RH', 'AT']
2025-03-28 14:18:56,263 - root - INFO - Using existing model for Mahape
2025-03-28 14:18:56,264 - root - INFO - Evaluating predictions for Mahape
2025-03-28 14:18:56,264 - root - INFO - Preparing sequences from data with shape: (1059, 4)
2025-03-28 14:18:56,276 - root - INFO - Creating 1012 sequences...
2025-03-28 14:18:56,279 - root - INFO - Sequence preparation completed. X shape: (1012, 24, 22), y shape: (1012, 24)
2025-03-28 14:18:56,279 - root - INFO - Sequence preparation took 0.01 seconds
2025-03-28 14:18:56,279 - root - ERROR - Error evaluating model for Mahape: 'NoneType' object has no attribute 'predict'
2025-03-28 14:18:56,283 - root - INFO - Evaluating locality: Mulund
2025-03-28 14:18:56,283 - root - INFO - Loaded coordinates for 21 localities
2025-03-28 14:18:56,285 - root - INFO - Found 2 nearby localities for Mulund
2025-03-28 14:18:56,285 - root - INFO -   - Thane: 2.86 km, weight: 0.2397
2025-03-28 14:18:56,285 - root - INFO -   - Powai: 7.84 km, weight: 0.0198
2025-03-28 14:18:56,285 - root - INFO - Initializing LSTM Predictor for Mulund
2025-03-28 14:18:56,286 - root - INFO - Sequence length: 24, Prediction horizon: 24
2025-03-28 14:18:56,286 - root - INFO - Loading cleaned data from cleaned_data\Mulund_spatial_average.csv
2025-03-28 14:18:56,298 - root - INFO - Using spatial data from nearby localities to fill missing values
2025-03-28 14:18:56,299 - root - INFO - No missing PM2.5 values found
2025-03-28 14:18:56,299 - root - INFO - Loaded cleaned data with shape: (5425, 4)
2025-03-28 14:18:56,299 - root - INFO - Features selected: ['PM10', 'RH', 'AT']
2025-03-28 14:18:56,300 - root - INFO - Using existing model for Mulund
2025-03-28 14:18:56,300 - root - INFO - Evaluating predictions for Mulund
2025-03-28 14:18:56,300 - root - INFO - Preparing sequences from data with shape: (1085, 4)
2025-03-28 14:18:56,313 - root - INFO - Creating 1038 sequences...
2025-03-28 14:18:56,315 - root - INFO - Sequence preparation completed. X shape: (1038, 24, 22), y shape: (1038, 24)
2025-03-28 14:18:56,316 - root - INFO - Sequence preparation took 0.02 seconds
2025-03-28 14:18:56,316 - root - ERROR - Error evaluating model for Mulund: 'NoneType' object has no attribute 'predict'
2025-03-28 14:18:56,353 - root - INFO - Evaluating locality: Nerul
2025-03-28 14:18:56,355 - root - INFO - Loaded coordinates for 21 localities
2025-03-28 14:18:56,356 - root - WARNING - No coordinates found for Nerul
2025-03-28 14:18:56,356 - root - INFO - Initializing LSTM Predictor for Nerul
2025-03-28 14:18:56,356 - root - INFO - Sequence length: 24, Prediction horizon: 24
2025-03-28 14:18:56,357 - root - INFO - Loading cleaned data from cleaned_data\Nerul_spatial_average.csv
2025-03-28 14:18:56,367 - root - WARNING - No nearby localities found or PM2.5 not in columns, dropping NaN values
2025-03-28 14:18:56,371 - root - INFO - Loaded cleaned data with shape: (5280, 4)
2025-03-28 14:18:56,371 - root - INFO - Features selected: ['PM10', 'RH', 'AT']
2025-03-28 14:18:56,376 - root - INFO - Using existing model for Nerul
2025-03-28 14:18:56,376 - root - INFO - Evaluating predictions for Nerul
2025-03-28 14:18:56,376 - root - INFO - Preparing sequences from data with shape: (1056, 4)
2025-03-28 14:18:56,386 - root - INFO - Creating 1009 sequences...
2025-03-28 14:18:56,389 - root - INFO - Sequence preparation completed. X shape: (1009, 24, 22), y shape: (1009, 24)
2025-03-28 14:18:56,389 - root - INFO - Sequence preparation took 0.01 seconds
2025-03-28 14:18:56,389 - root - ERROR - Error evaluating model for Nerul: 'NoneType' object has no attribute 'predict'
2025-03-28 14:18:56,391 - root - INFO - Evaluating locality: Powai
2025-03-28 14:18:56,391 - root - INFO - Loaded coordinates for 21 localities
2025-03-28 14:18:56,394 - root - INFO - Found 10 nearby localities for Powai
2025-03-28 14:18:56,394 - root - INFO -   - Andheri: 6.41 km, weight: 0.0405
2025-03-28 14:18:56,394 - root - INFO -   - Kurla: 6.57 km, weight: 0.0374
2025-03-28 14:18:56,394 - root - INFO -   - Vile Parle: 6.98 km, weight: 0.0305
2025-03-28 14:18:56,395 - root - INFO -   - Chembur: 7.14 km, weight: 0.0281
2025-03-28 14:18:56,395 - root - INFO -   - Mulund: 7.84 km, weight: 0.0198
2025-03-28 14:18:56,395 - root - INFO -   - Juhu: 8.50 km, weight: 0.0143
2025-03-28 14:18:56,395 - root - INFO -   - Sion: 9.24 km, weight: 0.0099
2025-03-28 14:18:56,395 - root - INFO -   - Dharavi: 9.69 km, weight: 0.0079
2025-03-28 14:18:56,395 - root - INFO -   - Malad: 9.74 km, weight: 0.0077
2025-03-28 14:18:56,396 - root - INFO -   - Bandra: 9.98 km, weight: 0.0068
2025-03-28 14:18:56,396 - root - INFO - Initializing LSTM Predictor for Powai
2025-03-28 14:18:56,396 - root - INFO - Sequence length: 24, Prediction horizon: 24
2025-03-28 14:18:56,396 - root - INFO - Loading cleaned data from cleaned_data\Powai_spatial_average.csv
2025-03-28 14:18:56,405 - root - INFO - Using spatial data from nearby localities to fill missing values
2025-03-28 14:18:56,405 - root - INFO - No missing PM2.5 values found
2025-03-28 14:18:56,406 - root - INFO - Loaded cleaned data with shape: (5425, 4)
2025-03-28 14:18:56,406 - root - INFO - Features selected: ['PM10', 'RH', 'AT']
2025-03-28 14:18:56,406 - root - INFO - Using existing model for Powai
2025-03-28 14:18:56,406 - root - INFO - Evaluating predictions for Powai
2025-03-28 14:18:56,406 - root - INFO - Preparing sequences from data with shape: (1085, 4)
2025-03-28 14:18:56,416 - root - INFO - Creating 1038 sequences...
2025-03-28 14:18:56,419 - root - INFO - Sequence preparation completed. X shape: (1038, 24, 22), y shape: (1038, 24)
2025-03-28 14:18:56,419 - root - INFO - Sequence preparation took 0.01 seconds
2025-03-28 14:18:56,420 - root - ERROR - Error evaluating model for Powai: 'NoneType' object has no attribute 'predict'
2025-03-28 14:18:56,421 - root - INFO - Evaluating locality: Sion
2025-03-28 14:18:56,422 - root - INFO - Loaded coordinates for 21 localities
2025-03-28 14:18:56,424 - root - INFO - Found 10 nearby localities for Sion
2025-03-28 14:18:56,424 - root - INFO -   - Dharavi: 0.54 km, weight: 0.7628
2025-03-28 14:18:56,424 - root - INFO -   - Bandra: 2.60 km, weight: 0.2723
2025-03-28 14:18:56,425 - root - INFO -   - Kurla: 2.71 km, weight: 0.2574
2025-03-28 14:18:56,425 - root - INFO -   - Chembur: 3.76 km, weight: 0.1522
2025-03-28 14:18:56,426 - root - INFO -   - Dadar: 3.79 km, weight: 0.1501
2025-03-28 14:18:56,426 - root - INFO -   - Worli: 6.12 km, weight: 0.0468
2025-03-28 14:18:56,426 - root - INFO -   - Vile Parle: 6.25 km, weight: 0.0440
2025-03-28 14:18:56,426 - root - INFO -   - Juhu: 7.68 km, weight: 0.0215
2025-03-28 14:18:56,426 - root - INFO -   - Andheri: 8.29 km, weight: 0.0158
2025-03-28 14:18:56,426 - root - INFO -   - Powai: 9.24 km, weight: 0.0099
2025-03-28 14:18:56,426 - root - INFO - Initializing LSTM Predictor for Sion
2025-03-28 14:18:56,427 - root - INFO - Sequence length: 24, Prediction horizon: 24
2025-03-28 14:18:56,427 - root - INFO - Loading cleaned data from cleaned_data\Sion_spatial_average.csv
2025-03-28 14:18:56,437 - root - INFO - Using spatial data from nearby localities to fill missing values
2025-03-28 14:18:56,438 - root - INFO - No missing PM2.5 values found
2025-03-28 14:18:56,438 - root - INFO - Loaded cleaned data with shape: (5305, 4)
2025-03-28 14:18:56,439 - root - INFO - Features selected: ['PM10', 'RH', 'AT']
2025-03-28 14:18:56,439 - root - INFO - Using existing model for Sion
2025-03-28 14:18:56,439 - root - INFO - Evaluating predictions for Sion
2025-03-28 14:18:56,439 - root - INFO - Preparing sequences from data with shape: (1061, 4)
2025-03-28 14:18:56,451 - root - INFO - Creating 1014 sequences...
2025-03-28 14:18:56,454 - root - INFO - Sequence preparation completed. X shape: (1014, 24, 22), y shape: (1014, 24)
2025-03-28 14:18:56,454 - root - INFO - Sequence preparation took 0.01 seconds
2025-03-28 14:18:56,455 - root - ERROR - Error evaluating model for Sion: 'NoneType' object has no attribute 'predict'
2025-03-28 14:18:56,456 - root - INFO - Evaluating locality: Vasai
2025-03-28 14:18:56,457 - root - INFO - Loaded coordinates for 21 localities
2025-03-28 14:18:56,460 - root - INFO - Found 0 nearby localities for Vasai
2025-03-28 14:18:56,460 - root - INFO - Initializing LSTM Predictor for Vasai
2025-03-28 14:18:56,460 - root - INFO - Sequence length: 24, Prediction horizon: 24
2025-03-28 14:18:56,461 - root - INFO - Loading cleaned data from cleaned_data\Vasai_spatial_average.csv
2025-03-28 14:18:56,470 - root - WARNING - No nearby localities found or PM2.5 not in columns, dropping NaN values
2025-03-28 14:18:56,471 - root - INFO - Loaded cleaned data with shape: (5400, 4)
2025-03-28 14:18:56,471 - root - INFO - Features selected: ['PM10', 'RH', 'AT']
2025-03-28 14:18:56,471 - root - INFO - Using existing model for Vasai
2025-03-28 14:18:56,472 - root - INFO - Evaluating predictions for Vasai
2025-03-28 14:18:56,472 - root - INFO - Preparing sequences from data with shape: (1080, 4)
2025-03-28 14:18:56,485 - root - INFO - Creating 1033 sequences...
2025-03-28 14:18:56,487 - root - INFO - Sequence preparation completed. X shape: (1033, 24, 22), y shape: (1033, 24)
2025-03-28 14:18:56,488 - root - INFO - Sequence preparation took 0.02 seconds
2025-03-28 14:18:56,488 - root - ERROR - Error evaluating model for Vasai: 'NoneType' object has no attribute 'predict'
2025-03-28 14:18:56,555 - root - INFO - Evaluating locality: Vileparle
2025-03-28 14:18:56,555 - root - INFO - Loaded coordinates for 21 localities
2025-03-28 14:18:56,556 - root - WARNING - No coordinates found for Vileparle
2025-03-28 14:18:56,556 - root - INFO - Initializing LSTM Predictor for Vileparle
2025-03-28 14:18:56,556 - root - INFO - Sequence length: 24, Prediction horizon: 24
2025-03-28 14:18:56,557 - root - INFO - Loading cleaned data from cleaned_data\Vileparle_spatial_average.csv
2025-03-28 14:18:56,567 - root - WARNING - No nearby localities found or PM2.5 not in columns, dropping NaN values
2025-03-28 14:18:56,569 - root - INFO - Loaded cleaned data with shape: (5280, 4)
2025-03-28 14:18:56,569 - root - INFO - Features selected: ['PM10', 'RH', 'AT']
2025-03-28 14:18:56,569 - root - INFO - Using existing model for Vileparle
2025-03-28 14:18:56,569 - root - INFO - Evaluating predictions for Vileparle
2025-03-28 14:18:56,569 - root - INFO - Preparing sequences from data with shape: (1056, 4)
2025-03-28 14:18:56,581 - root - INFO - Creating 1009 sequences...
2025-03-28 14:18:56,585 - root - INFO - Sequence preparation completed. X shape: (1009, 24, 22), y shape: (1009, 24)
2025-03-28 14:18:56,585 - root - INFO - Sequence preparation took 0.02 seconds
2025-03-28 14:18:56,585 - root - ERROR - Error evaluating model for Vileparle: 'NoneType' object has no attribute 'predict'
2025-03-28 14:18:56,588 - root - INFO - Evaluating locality: Worli
2025-03-28 14:18:56,588 - root - INFO - Loaded coordinates for 21 localities
2025-03-28 14:18:56,591 - root - INFO - Found 7 nearby localities for Worli
2025-03-28 14:18:56,591 - root - INFO -   - Dadar: 2.79 km, weight: 0.2484
2025-03-28 14:18:56,591 - root - INFO -   - Bandra: 5.33 km, weight: 0.0697
2025-03-28 14:18:56,591 - root - INFO -   - Dharavi: 5.60 km, weight: 0.0608
2025-03-28 14:18:56,591 - root - INFO -   - Malabar Hill: 6.12 km, weight: 0.0468
2025-03-28 14:18:56,591 - root - INFO -   - Sion: 6.12 km, weight: 0.0468
2025-03-28 14:18:56,592 - root - INFO -   - Kurla: 8.80 km, weight: 0.0123
2025-03-28 14:18:56,592 - root - INFO -   - Chembur: 9.67 km, weight: 0.0079
2025-03-28 14:18:56,592 - root - INFO - Initializing LSTM Predictor for Worli
2025-03-28 14:18:56,592 - root - INFO - Sequence length: 24, Prediction horizon: 24
2025-03-28 14:18:56,593 - root - INFO - Loading cleaned data from cleaned_data\Worli_spatial_average.csv
2025-03-28 14:18:56,603 - root - INFO - Using spatial data from nearby localities to fill missing values
2025-03-28 14:18:56,603 - root - INFO - No missing PM2.5 values found
2025-03-28 14:18:56,604 - root - INFO - Loaded cleaned data with shape: (5425, 4)
2025-03-28 14:18:56,604 - root - INFO - Features selected: ['PM10', 'RH', 'AT']
2025-03-28 14:18:56,604 - root - INFO - Using existing model for Worli
2025-03-28 14:18:56,604 - root - INFO - Evaluating predictions for Worli
2025-03-28 14:18:56,605 - root - INFO - Preparing sequences from data with shape: (1085, 4)
2025-03-28 14:18:56,617 - root - INFO - Creating 1038 sequences...
2025-03-28 14:18:56,619 - root - INFO - Sequence preparation completed. X shape: (1038, 24, 22), y shape: (1038, 24)
2025-03-28 14:18:56,619 - root - INFO - Sequence preparation took 0.01 seconds
2025-03-28 14:18:56,619 - root - ERROR - Error evaluating model for Worli: 'NoneType' object has no attribute 'predict'
2025-03-28 14:18:56,625 - root - INFO - Evaluation complete
2025-03-28 14:19:55,066 - root - INFO - Evaluating 15 localities: Airport, Bandra, Borivali, Colaba, Kalyan, Kandivali, Kurla, Mahape, Mulund, Nerul, Powai, Sion, Vasai, Vileparle, Worli
2025-03-28 14:19:55,068 - root - INFO - Evaluating locality: Airport
2025-03-28 14:19:55,068 - root - INFO - Loaded coordinates for 21 localities
2025-03-28 14:19:55,068 - root - WARNING - No coordinates found for Airport
2025-03-28 14:19:55,068 - root - INFO - Initializing LSTM Predictor for Airport
2025-03-28 14:19:55,068 - root - INFO - Sequence length: 24, Prediction horizon: 24
2025-03-28 14:19:55,069 - root - INFO - Loading cleaned data from cleaned_data\Airport_spatial_average.csv
2025-03-28 14:19:55,082 - root - WARNING - No nearby localities found or PM2.5 not in columns, dropping NaN values
2025-03-28 14:19:55,083 - root - INFO - Loaded cleaned data with shape: (5280, 4)
2025-03-28 14:19:55,083 - root - INFO - Features selected: ['PM10', 'RH', 'AT']
2025-03-28 14:19:55,084 - root - INFO - Train data shape: (4224, 4), Test data shape: (1056, 4)
2025-03-28 14:19:55,084 - root - INFO - Loading existing model for Airport
2025-03-28 14:19:55,302 - root - INFO - Evaluating predictions for Airport
2025-03-28 14:19:55,303 - root - INFO - Preparing sequences from data with shape: (1056, 4)
2025-03-28 14:19:55,313 - root - INFO - Creating 1009 sequences...
2025-03-28 14:19:55,316 - root - INFO - Sequence preparation completed. X shape: (1009, 24, 22), y shape: (1009, 24)
2025-03-28 14:19:55,316 - root - INFO - Sequence preparation took 0.01 seconds
2025-03-28 14:19:56,185 - root - INFO - Evaluation completed in 0.88 seconds
2025-03-28 14:19:56,185 - root - INFO - Evaluation metrics - MAE: 6.37, RMSE: 8.82
2025-03-28 14:19:56,892 - root - INFO - Evaluating locality: Bandra
2025-03-28 14:19:56,893 - root - INFO - Loaded coordinates for 21 localities
2025-03-28 14:19:56,895 - root - INFO - Found 10 nearby localities for Bandra
2025-03-28 14:19:56,895 - root - INFO -   - Dharavi: 2.26 km, weight: 0.3231
2025-03-28 14:19:56,895 - root - INFO -   - Sion: 2.60 km, weight: 0.2723
2025-03-28 14:19:56,896 - root - INFO -   - Dadar: 4.14 km, weight: 0.1262
2025-03-28 14:19:56,896 - root - INFO -   - Kurla: 4.30 km, weight: 0.1163
2025-03-28 14:19:56,896 - root - INFO -   - Vile Parle: 4.99 km, weight: 0.0825
2025-03-28 14:19:56,897 - root - INFO -   - Worli: 5.33 km, weight: 0.0697
2025-03-28 14:19:56,897 - root - INFO -   - Juhu: 5.91 km, weight: 0.0520
2025-03-28 14:19:56,897 - root - INFO -   - Chembur: 6.08 km, weight: 0.0479
2025-03-28 14:19:56,897 - root - INFO -   - Andheri: 7.19 km, weight: 0.0274
2025-03-28 14:19:56,897 - root - INFO -   - Powai: 9.98 km, weight: 0.0068
2025-03-28 14:19:56,897 - root - INFO - Initializing LSTM Predictor for Bandra
2025-03-28 14:19:56,897 - root - INFO - Sequence length: 24, Prediction horizon: 24
2025-03-28 14:19:56,897 - root - INFO - Loading cleaned data from cleaned_data\Bandra_spatial_average.csv
2025-03-28 14:19:56,908 - root - INFO - Using spatial data from nearby localities to fill missing values
2025-03-28 14:19:56,908 - root - INFO - Found 1 timestamps with missing PM2.5 values
2025-03-28 14:19:56,908 - root - WARNING - No data found for locality Dharavi
2025-03-28 14:19:56,917 - root - WARNING - No data found for locality Dadar
2025-03-28 14:19:56,925 - root - WARNING - No data found for locality Vile Parle
2025-03-28 14:19:56,934 - root - WARNING - No data found for locality Juhu
2025-03-28 14:19:56,934 - root - WARNING - No data found for locality Chembur
2025-03-28 14:19:56,934 - root - WARNING - No data found for locality Andheri
2025-03-28 14:19:56,942 - root - INFO - Filled 0 missing values using spatial data
2025-03-28 14:19:56,942 - root - INFO - Final data shape after filling: (5441, 4)
2025-03-28 14:19:56,944 - root - INFO - Loaded cleaned data with shape: (5441, 4)
2025-03-28 14:19:56,944 - root - INFO - Features selected: ['PM10', 'RH', 'AT']
2025-03-28 14:19:56,944 - root - INFO - Train data shape: (4352, 4), Test data shape: (1089, 4)
2025-03-28 14:19:56,944 - root - INFO - Loading existing model for Bandra
2025-03-28 14:19:57,033 - root - INFO - Evaluating predictions for Bandra
2025-03-28 14:19:57,033 - root - INFO - Preparing sequences from data with shape: (1089, 4)
2025-03-28 14:19:57,045 - root - INFO - Creating 1042 sequences...
2025-03-28 14:19:57,048 - root - INFO - Sequence preparation completed. X shape: (1042, 24, 22), y shape: (1042, 24)
2025-03-28 14:19:57,048 - root - INFO - Sequence preparation took 0.01 seconds
2025-03-28 14:19:57,526 - root - ERROR - Error evaluating model for Bandra: operands could not be broadcast together with shapes (1042,6) (1042,24) 
2025-03-28 14:19:57,527 - root - INFO - Evaluating locality: Borivali
2025-03-28 14:19:57,527 - root - INFO - Loaded coordinates for 21 localities
2025-03-28 14:19:57,529 - root - INFO - Found 1 nearby localities for Borivali
2025-03-28 14:19:57,529 - root - INFO -   - Malad: 4.78 km, weight: 0.0917
2025-03-28 14:19:57,529 - root - INFO - Initializing LSTM Predictor for Borivali
2025-03-28 14:19:57,529 - root - INFO - Sequence length: 24, Prediction horizon: 24
2025-03-28 14:19:57,531 - root - INFO - Loading cleaned data from cleaned_data\Borivali_spatial_average.csv
2025-03-28 14:19:57,539 - root - INFO - Using spatial data from nearby localities to fill missing values
2025-03-28 14:19:57,540 - root - INFO - No missing PM2.5 values found
2025-03-28 14:19:57,540 - root - INFO - Loaded cleaned data with shape: (5425, 4)
2025-03-28 14:19:57,540 - root - INFO - Features selected: ['PM10', 'RH', 'AT']
2025-03-28 14:19:57,540 - root - INFO - Train data shape: (4340, 4), Test data shape: (1085, 4)
2025-03-28 14:19:57,541 - root - INFO - Loading existing model for Borivali
2025-03-28 14:19:57,635 - root - INFO - Evaluating predictions for Borivali
2025-03-28 14:19:57,635 - root - INFO - Preparing sequences from data with shape: (1085, 4)
2025-03-28 14:19:57,645 - root - INFO - Creating 1038 sequences...
2025-03-28 14:19:57,647 - root - INFO - Sequence preparation completed. X shape: (1038, 24, 22), y shape: (1038, 24)
2025-03-28 14:19:57,647 - root - INFO - Sequence preparation took 0.01 seconds
2025-03-28 14:19:58,119 - root - ERROR - Error evaluating model for Borivali: operands could not be broadcast together with shapes (1038,6) (1038,24) 
2025-03-28 14:19:58,120 - root - INFO - Evaluating locality: Colaba
2025-03-28 14:19:58,121 - root - INFO - Loaded coordinates for 21 localities
2025-03-28 14:19:58,123 - root - INFO - Found 1 nearby localities for Colaba
2025-03-28 14:19:58,123 - root - INFO -   - Malabar Hill: 5.33 km, weight: 0.0696
2025-03-28 14:19:58,123 - root - INFO - Initializing LSTM Predictor for Colaba
2025-03-28 14:19:58,123 - root - INFO - Sequence length: 24, Prediction horizon: 24
2025-03-28 14:19:58,123 - root - INFO - Loading cleaned data from cleaned_data\Colaba_spatial_average.csv
2025-03-28 14:19:58,132 - root - INFO - Using spatial data from nearby localities to fill missing values
2025-03-28 14:19:58,132 - root - INFO - No missing PM2.5 values found
2025-03-28 14:19:58,133 - root - INFO - Loaded cleaned data with shape: (4801, 4)
2025-03-28 14:19:58,133 - root - INFO - Features selected: ['PM10', 'RH', 'AT']
2025-03-28 14:19:58,133 - root - INFO - Train data shape: (3840, 4), Test data shape: (961, 4)
2025-03-28 14:19:58,134 - root - INFO - Loading existing model for Colaba
2025-03-28 14:19:58,213 - root - INFO - Evaluating predictions for Colaba
2025-03-28 14:19:58,214 - root - INFO - Preparing sequences from data with shape: (961, 4)
2025-03-28 14:19:58,223 - root - INFO - Creating 914 sequences...
2025-03-28 14:19:58,225 - root - INFO - Sequence preparation completed. X shape: (914, 24, 22), y shape: (914, 24)
2025-03-28 14:19:58,226 - root - INFO - Sequence preparation took 0.01 seconds
2025-03-28 14:19:58,675 - root - ERROR - Error evaluating model for Colaba: operands could not be broadcast together with shapes (914,6) (914,24) 
2025-03-28 14:19:58,677 - root - INFO - Evaluating locality: Kalyan
2025-03-28 14:19:58,677 - root - INFO - Loaded coordinates for 21 localities
2025-03-28 14:19:58,679 - root - INFO - Found 0 nearby localities for Kalyan
2025-03-28 14:19:58,679 - root - INFO - Initializing LSTM Predictor for Kalyan
2025-03-28 14:19:58,679 - root - INFO - Sequence length: 24, Prediction horizon: 24
2025-03-28 14:19:58,680 - root - INFO - Loading cleaned data from cleaned_data\Kalyan_spatial_average.csv
2025-03-28 14:19:58,690 - root - WARNING - No nearby localities found or PM2.5 not in columns, dropping NaN values
2025-03-28 14:19:58,691 - root - INFO - Loaded cleaned data with shape: (5404, 4)
2025-03-28 14:19:58,692 - root - INFO - Features selected: ['PM10', 'RH', 'AT']
2025-03-28 14:19:58,692 - root - INFO - Train data shape: (4323, 4), Test data shape: (1081, 4)
2025-03-28 14:19:58,692 - root - INFO - Loading existing model for Kalyan
2025-03-28 14:19:58,769 - root - INFO - Evaluating predictions for Kalyan
2025-03-28 14:19:58,769 - root - INFO - Preparing sequences from data with shape: (1081, 4)
2025-03-28 14:19:58,778 - root - INFO - Creating 1034 sequences...
2025-03-28 14:19:58,781 - root - INFO - Sequence preparation completed. X shape: (1034, 24, 22), y shape: (1034, 24)
2025-03-28 14:19:58,781 - root - INFO - Sequence preparation took 0.01 seconds
2025-03-28 14:19:59,429 - root - ERROR - Error evaluating model for Kalyan: operands could not be broadcast together with shapes (1034,6) (1034,24) 
2025-03-28 14:19:59,431 - root - INFO - Evaluating locality: Kandivali
2025-03-28 14:19:59,431 - root - INFO - Loaded coordinates for 21 localities
2025-03-28 14:19:59,431 - root - WARNING - No coordinates found for Kandivali
2025-03-28 14:19:59,431 - root - INFO - Initializing LSTM Predictor for Kandivali
2025-03-28 14:19:59,432 - root - INFO - Sequence length: 24, Prediction horizon: 24
2025-03-28 14:19:59,432 - root - INFO - Loading cleaned data from cleaned_data\Kandivali_spatial_average.csv
2025-03-28 14:19:59,440 - root - WARNING - No nearby localities found or PM2.5 not in columns, dropping NaN values
2025-03-28 14:19:59,441 - root - INFO - Loaded cleaned data with shape: (4776, 4)
2025-03-28 14:19:59,441 - root - INFO - Features selected: ['PM10', 'RH', 'AT']
2025-03-28 14:19:59,442 - root - INFO - Train data shape: (3820, 4), Test data shape: (956, 4)
2025-03-28 14:19:59,442 - root - INFO - Loading existing model for Kandivali
2025-03-28 14:19:59,520 - root - INFO - Evaluating predictions for Kandivali
2025-03-28 14:19:59,520 - root - INFO - Preparing sequences from data with shape: (956, 4)
2025-03-28 14:19:59,529 - root - INFO - Creating 909 sequences...
2025-03-28 14:19:59,533 - root - INFO - Sequence preparation completed. X shape: (909, 24, 22), y shape: (909, 24)
2025-03-28 14:19:59,534 - root - INFO - Sequence preparation took 0.01 seconds
2025-03-28 14:19:59,993 - root - ERROR - Error evaluating model for Kandivali: operands could not be broadcast together with shapes (909,6) (909,24) 
2025-03-28 14:19:59,995 - root - INFO - Evaluating locality: Kurla
2025-03-28 14:19:59,995 - root - INFO - Loaded coordinates for 21 localities
2025-03-28 14:19:59,997 - root - INFO - Found 10 nearby localities for Kurla
2025-03-28 14:19:59,997 - root - INFO -   - Chembur: 2.27 km, weight: 0.3211
2025-03-28 14:19:59,997 - root - INFO -   - Sion: 2.71 km, weight: 0.2574
2025-03-28 14:19:59,997 - root - INFO -   - Dharavi: 3.21 km, weight: 0.2009
2025-03-28 14:19:59,997 - root - INFO -   - Bandra: 4.30 km, weight: 0.1163
2025-03-28 14:19:59,997 - root - INFO -   - Vile Parle: 5.34 km, weight: 0.0694
2025-03-28 14:19:59,998 - root - INFO -   - Dadar: 6.50 km, weight: 0.0388
2025-03-28 14:19:59,998 - root - INFO -   - Powai: 6.57 km, weight: 0.0374
2025-03-28 14:19:59,998 - root - INFO -   - Andheri: 6.94 km, weight: 0.0312
2025-03-28 14:19:59,998 - root - INFO -   - Juhu: 7.15 km, weight: 0.0281
2025-03-28 14:19:59,998 - root - INFO -   - Worli: 8.80 km, weight: 0.0123
2025-03-28 14:19:59,998 - root - INFO - Initializing LSTM Predictor for Kurla
2025-03-28 14:19:59,999 - root - INFO - Sequence length: 24, Prediction horizon: 24
2025-03-28 14:20:00,000 - root - INFO - Loading cleaned data from cleaned_data\Kurla_spatial_average.csv
2025-03-28 14:20:00,009 - root - INFO - Using spatial data from nearby localities to fill missing values
2025-03-28 14:20:00,009 - root - INFO - No missing PM2.5 values found
2025-03-28 14:20:00,010 - root - INFO - Loaded cleaned data with shape: (5425, 4)
2025-03-28 14:20:00,010 - root - INFO - Features selected: ['PM10', 'RH', 'AT']
2025-03-28 14:20:00,010 - root - INFO - Train data shape: (4340, 4), Test data shape: (1085, 4)
2025-03-28 14:20:00,011 - root - INFO - Loading existing model for Kurla
2025-03-28 14:20:00,088 - root - INFO - Evaluating predictions for Kurla
2025-03-28 14:20:00,089 - root - INFO - Preparing sequences from data with shape: (1085, 4)
2025-03-28 14:20:00,098 - root - INFO - Creating 1038 sequences...
2025-03-28 14:20:00,101 - root - INFO - Sequence preparation completed. X shape: (1038, 24, 22), y shape: (1038, 24)
2025-03-28 14:20:00,101 - root - INFO - Sequence preparation took 0.01 seconds
2025-03-28 14:20:00,570 - root - ERROR - Error evaluating model for Kurla: operands could not be broadcast together with shapes (1038,6) (1038,24) 
2025-03-28 14:20:00,571 - root - INFO - Evaluating locality: Mahape
2025-03-28 14:20:00,572 - root - INFO - Loaded coordinates for 21 localities
2025-03-28 14:20:00,572 - root - WARNING - No coordinates found for Mahape
2025-03-28 14:20:00,572 - root - INFO - Initializing LSTM Predictor for Mahape
2025-03-28 14:20:00,572 - root - INFO - Sequence length: 24, Prediction horizon: 24
2025-03-28 14:20:00,573 - root - INFO - Loading cleaned data from cleaned_data\Mahape_spatial_average.csv
2025-03-28 14:20:00,581 - root - WARNING - No nearby localities found or PM2.5 not in columns, dropping NaN values
2025-03-28 14:20:00,582 - root - INFO - Loaded cleaned data with shape: (5295, 4)
2025-03-28 14:20:00,582 - root - INFO - Features selected: ['PM10', 'RH', 'AT']
2025-03-28 14:20:00,583 - root - INFO - Train data shape: (4236, 4), Test data shape: (1059, 4)
2025-03-28 14:20:00,583 - root - INFO - Loading existing model for Mahape
2025-03-28 14:20:00,659 - root - INFO - Evaluating predictions for Mahape
2025-03-28 14:20:00,659 - root - INFO - Preparing sequences from data with shape: (1059, 4)
2025-03-28 14:20:00,670 - root - INFO - Creating 1012 sequences...
2025-03-28 14:20:00,672 - root - INFO - Sequence preparation completed. X shape: (1012, 24, 22), y shape: (1012, 24)
2025-03-28 14:20:00,672 - root - INFO - Sequence preparation took 0.01 seconds
2025-03-28 14:20:01,150 - root - ERROR - Error evaluating model for Mahape: operands could not be broadcast together with shapes (1012,6) (1012,24) 
2025-03-28 14:20:01,152 - root - INFO - Evaluating locality: Mulund
2025-03-28 14:20:01,152 - root - INFO - Loaded coordinates for 21 localities
2025-03-28 14:20:01,154 - root - INFO - Found 2 nearby localities for Mulund
2025-03-28 14:20:01,155 - root - INFO -   - Thane: 2.86 km, weight: 0.2397
2025-03-28 14:20:01,155 - root - INFO -   - Powai: 7.84 km, weight: 0.0198
2025-03-28 14:20:01,155 - root - INFO - Initializing LSTM Predictor for Mulund
2025-03-28 14:20:01,155 - root - INFO - Sequence length: 24, Prediction horizon: 24
2025-03-28 14:20:01,155 - root - INFO - Loading cleaned data from cleaned_data\Mulund_spatial_average.csv
2025-03-28 14:20:01,164 - root - INFO - Using spatial data from nearby localities to fill missing values
2025-03-28 14:20:01,165 - root - INFO - No missing PM2.5 values found
2025-03-28 14:20:01,165 - root - INFO - Loaded cleaned data with shape: (5425, 4)
2025-03-28 14:20:01,165 - root - INFO - Features selected: ['PM10', 'RH', 'AT']
2025-03-28 14:20:01,166 - root - INFO - Train data shape: (4340, 4), Test data shape: (1085, 4)
2025-03-28 14:20:01,166 - root - INFO - Loading existing model for Mulund
2025-03-28 14:20:01,249 - root - INFO - Evaluating predictions for Mulund
2025-03-28 14:20:01,249 - root - INFO - Preparing sequences from data with shape: (1085, 4)
2025-03-28 14:20:01,259 - root - INFO - Creating 1038 sequences...
2025-03-28 14:20:01,261 - root - INFO - Sequence preparation completed. X shape: (1038, 24, 22), y shape: (1038, 24)
2025-03-28 14:20:01,261 - root - INFO - Sequence preparation took 0.01 seconds
2025-03-28 14:20:01,727 - root - ERROR - Error evaluating model for Mulund: operands could not be broadcast together with shapes (1038,6) (1038,24) 
2025-03-28 14:20:01,729 - root - INFO - Evaluating locality: Nerul
2025-03-28 14:20:01,729 - root - INFO - Loaded coordinates for 21 localities
2025-03-28 14:20:01,730 - root - WARNING - No coordinates found for Nerul
2025-03-28 14:20:01,730 - root - INFO - Initializing LSTM Predictor for Nerul
2025-03-28 14:20:01,730 - root - INFO - Sequence length: 24, Prediction horizon: 24
2025-03-28 14:20:01,730 - root - INFO - Loading cleaned data from cleaned_data\Nerul_spatial_average.csv
2025-03-28 14:20:01,739 - root - WARNING - No nearby localities found or PM2.5 not in columns, dropping NaN values
2025-03-28 14:20:01,740 - root - INFO - Loaded cleaned data with shape: (5280, 4)
2025-03-28 14:20:01,740 - root - INFO - Features selected: ['PM10', 'RH', 'AT']
2025-03-28 14:20:01,740 - root - INFO - Train data shape: (4224, 4), Test data shape: (1056, 4)
2025-03-28 14:20:01,740 - root - INFO - Loading existing model for Nerul
2025-03-28 14:20:01,817 - root - INFO - Evaluating predictions for Nerul
2025-03-28 14:20:01,817 - root - INFO - Preparing sequences from data with shape: (1056, 4)
2025-03-28 14:20:01,827 - root - INFO - Creating 1009 sequences...
2025-03-28 14:20:01,829 - root - INFO - Sequence preparation completed. X shape: (1009, 24, 22), y shape: (1009, 24)
2025-03-28 14:20:01,829 - root - INFO - Sequence preparation took 0.01 seconds
2025-03-28 14:20:02,306 - root - ERROR - Error evaluating model for Nerul: operands could not be broadcast together with shapes (1009,6) (1009,24) 
2025-03-28 14:20:02,308 - root - INFO - Evaluating locality: Powai
2025-03-28 14:20:02,308 - root - INFO - Loaded coordinates for 21 localities
2025-03-28 14:20:02,310 - root - INFO - Found 10 nearby localities for Powai
2025-03-28 14:20:02,310 - root - INFO -   - Andheri: 6.41 km, weight: 0.0405
2025-03-28 14:20:02,310 - root - INFO -   - Kurla: 6.57 km, weight: 0.0374
2025-03-28 14:20:02,310 - root - INFO -   - Vile Parle: 6.98 km, weight: 0.0305
2025-03-28 14:20:02,311 - root - INFO -   - Chembur: 7.14 km, weight: 0.0281
2025-03-28 14:20:02,311 - root - INFO -   - Mulund: 7.84 km, weight: 0.0198
2025-03-28 14:20:02,311 - root - INFO -   - Juhu: 8.50 km, weight: 0.0143
2025-03-28 14:20:02,311 - root - INFO -   - Sion: 9.24 km, weight: 0.0099
2025-03-28 14:20:02,311 - root - INFO -   - Dharavi: 9.69 km, weight: 0.0079
2025-03-28 14:20:02,311 - root - INFO -   - Malad: 9.74 km, weight: 0.0077
2025-03-28 14:20:02,311 - root - INFO -   - Bandra: 9.98 km, weight: 0.0068
2025-03-28 14:20:02,311 - root - INFO - Initializing LSTM Predictor for Powai
2025-03-28 14:20:02,311 - root - INFO - Sequence length: 24, Prediction horizon: 24
2025-03-28 14:20:02,312 - root - INFO - Loading cleaned data from cleaned_data\Powai_spatial_average.csv
2025-03-28 14:20:02,321 - root - INFO - Using spatial data from nearby localities to fill missing values
2025-03-28 14:20:02,322 - root - INFO - No missing PM2.5 values found
2025-03-28 14:20:02,322 - root - INFO - Loaded cleaned data with shape: (5425, 4)
2025-03-28 14:20:02,322 - root - INFO - Features selected: ['PM10', 'RH', 'AT']
2025-03-28 14:20:02,323 - root - INFO - Train data shape: (4340, 4), Test data shape: (1085, 4)
2025-03-28 14:20:02,323 - root - INFO - Loading existing model for Powai
2025-03-28 14:20:02,400 - root - INFO - Evaluating predictions for Powai
2025-03-28 14:20:02,400 - root - INFO - Preparing sequences from data with shape: (1085, 4)
2025-03-28 14:20:02,410 - root - INFO - Creating 1038 sequences...
2025-03-28 14:20:02,413 - root - INFO - Sequence preparation completed. X shape: (1038, 24, 22), y shape: (1038, 24)
2025-03-28 14:20:02,413 - root - INFO - Sequence preparation took 0.01 seconds
2025-03-28 14:20:02,906 - root - ERROR - Error evaluating model for Powai: operands could not be broadcast together with shapes (1038,6) (1038,24) 
2025-03-28 14:20:02,960 - root - INFO - Evaluating locality: Sion
2025-03-28 14:20:02,961 - root - INFO - Loaded coordinates for 21 localities
2025-03-28 14:20:02,962 - root - INFO - Found 10 nearby localities for Sion
2025-03-28 14:20:02,962 - root - INFO -   - Dharavi: 0.54 km, weight: 0.7628
2025-03-28 14:20:02,962 - root - INFO -   - Bandra: 2.60 km, weight: 0.2723
2025-03-28 14:20:02,962 - root - INFO -   - Kurla: 2.71 km, weight: 0.2574
2025-03-28 14:20:02,963 - root - INFO -   - Chembur: 3.76 km, weight: 0.1522
2025-03-28 14:20:02,963 - root - INFO -   - Dadar: 3.79 km, weight: 0.1501
2025-03-28 14:20:02,963 - root - INFO -   - Worli: 6.12 km, weight: 0.0468
2025-03-28 14:20:02,963 - root - INFO -   - Vile Parle: 6.25 km, weight: 0.0440
2025-03-28 14:20:02,964 - root - INFO -   - Juhu: 7.68 km, weight: 0.0215
2025-03-28 14:20:02,964 - root - INFO -   - Andheri: 8.29 km, weight: 0.0158
2025-03-28 14:20:02,964 - root - INFO -   - Powai: 9.24 km, weight: 0.0099
2025-03-28 14:20:02,964 - root - INFO - Initializing LSTM Predictor for Sion
2025-03-28 14:20:02,964 - root - INFO - Sequence length: 24, Prediction horizon: 24
2025-03-28 14:20:02,965 - root - INFO - Loading cleaned data from cleaned_data\Sion_spatial_average.csv
2025-03-28 14:20:02,973 - root - INFO - Using spatial data from nearby localities to fill missing values
2025-03-28 14:20:02,974 - root - INFO - No missing PM2.5 values found
2025-03-28 14:20:02,975 - root - INFO - Loaded cleaned data with shape: (5305, 4)
2025-03-28 14:20:02,975 - root - INFO - Features selected: ['PM10', 'RH', 'AT']
2025-03-28 14:20:02,975 - root - INFO - Train data shape: (4244, 4), Test data shape: (1061, 4)
2025-03-28 14:20:02,975 - root - INFO - Loading existing model for Sion
2025-03-28 14:20:03,058 - root - INFO - Evaluating predictions for Sion
2025-03-28 14:20:03,058 - root - INFO - Preparing sequences from data with shape: (1061, 4)
2025-03-28 14:20:03,069 - root - INFO - Creating 1014 sequences...
2025-03-28 14:20:03,071 - root - INFO - Sequence preparation completed. X shape: (1014, 24, 22), y shape: (1014, 24)
2025-03-28 14:20:03,071 - root - INFO - Sequence preparation took 0.01 seconds
2025-03-28 14:20:03,590 - root - ERROR - Error evaluating model for Sion: operands could not be broadcast together with shapes (1014,6) (1014,24) 
2025-03-28 14:20:03,591 - root - INFO - Evaluating locality: Vasai
2025-03-28 14:20:03,592 - root - INFO - Loaded coordinates for 21 localities
2025-03-28 14:20:03,594 - root - INFO - Found 0 nearby localities for Vasai
2025-03-28 14:20:03,594 - root - INFO - Initializing LSTM Predictor for Vasai
2025-03-28 14:20:03,594 - root - INFO - Sequence length: 24, Prediction horizon: 24
2025-03-28 14:20:03,594 - root - INFO - Loading cleaned data from cleaned_data\Vasai_spatial_average.csv
2025-03-28 14:20:03,603 - root - WARNING - No nearby localities found or PM2.5 not in columns, dropping NaN values
2025-03-28 14:20:03,604 - root - INFO - Loaded cleaned data with shape: (5400, 4)
2025-03-28 14:20:03,604 - root - INFO - Features selected: ['PM10', 'RH', 'AT']
2025-03-28 14:20:03,605 - root - INFO - Train data shape: (4320, 4), Test data shape: (1080, 4)
2025-03-28 14:20:03,605 - root - INFO - Loading existing model for Vasai
2025-03-28 14:20:03,683 - root - INFO - Evaluating predictions for Vasai
2025-03-28 14:20:03,683 - root - INFO - Preparing sequences from data with shape: (1080, 4)
2025-03-28 14:20:03,692 - root - INFO - Creating 1033 sequences...
2025-03-28 14:20:03,694 - root - INFO - Sequence preparation completed. X shape: (1033, 24, 22), y shape: (1033, 24)
2025-03-28 14:20:03,694 - root - INFO - Sequence preparation took 0.01 seconds
2025-03-28 14:20:04,160 - root - ERROR - Error evaluating model for Vasai: operands could not be broadcast together with shapes (1033,6) (1033,24) 
2025-03-28 14:20:04,162 - root - INFO - Evaluating locality: Vileparle
2025-03-28 14:20:04,163 - root - INFO - Loaded coordinates for 21 localities
2025-03-28 14:20:04,163 - root - WARNING - No coordinates found for Vileparle
2025-03-28 14:20:04,163 - root - INFO - Initializing LSTM Predictor for Vileparle
2025-03-28 14:20:04,163 - root - INFO - Sequence length: 24, Prediction horizon: 24
2025-03-28 14:20:04,163 - root - INFO - Loading cleaned data from cleaned_data\Vileparle_spatial_average.csv
2025-03-28 14:20:04,170 - root - WARNING - No nearby localities found or PM2.5 not in columns, dropping NaN values
2025-03-28 14:20:04,173 - root - INFO - Loaded cleaned data with shape: (5280, 4)
2025-03-28 14:20:04,173 - root - INFO - Features selected: ['PM10', 'RH', 'AT']
2025-03-28 14:20:04,173 - root - INFO - Train data shape: (4224, 4), Test data shape: (1056, 4)
2025-03-28 14:20:04,173 - root - INFO - Loading existing model for Vileparle
2025-03-28 14:20:04,254 - root - INFO - Evaluating predictions for Vileparle
2025-03-28 14:20:04,255 - root - INFO - Preparing sequences from data with shape: (1056, 4)
2025-03-28 14:20:04,268 - root - INFO - Creating 1009 sequences...
2025-03-28 14:20:04,270 - root - INFO - Sequence preparation completed. X shape: (1009, 24, 22), y shape: (1009, 24)
2025-03-28 14:20:04,270 - root - INFO - Sequence preparation took 0.02 seconds
2025-03-28 14:20:04,759 - root - ERROR - Error evaluating model for Vileparle: operands could not be broadcast together with shapes (1009,6) (1009,24) 
2025-03-28 14:20:04,760 - root - INFO - Evaluating locality: Worli
2025-03-28 14:20:04,761 - root - INFO - Loaded coordinates for 21 localities
2025-03-28 14:20:04,763 - root - INFO - Found 7 nearby localities for Worli
2025-03-28 14:20:04,763 - root - INFO -   - Dadar: 2.79 km, weight: 0.2484
2025-03-28 14:20:04,763 - root - INFO -   - Bandra: 5.33 km, weight: 0.0697
2025-03-28 14:20:04,763 - root - INFO -   - Dharavi: 5.60 km, weight: 0.0608
2025-03-28 14:20:04,763 - root - INFO -   - Malabar Hill: 6.12 km, weight: 0.0468
2025-03-28 14:20:04,763 - root - INFO -   - Sion: 6.12 km, weight: 0.0468
2025-03-28 14:20:04,763 - root - INFO -   - Kurla: 8.80 km, weight: 0.0123
2025-03-28 14:20:04,764 - root - INFO -   - Chembur: 9.67 km, weight: 0.0079
2025-03-28 14:20:04,764 - root - INFO - Initializing LSTM Predictor for Worli
2025-03-28 14:20:04,764 - root - INFO - Sequence length: 24, Prediction horizon: 24
2025-03-28 14:20:04,764 - root - INFO - Loading cleaned data from cleaned_data\Worli_spatial_average.csv
2025-03-28 14:20:04,772 - root - INFO - Using spatial data from nearby localities to fill missing values
2025-03-28 14:20:04,773 - root - INFO - No missing PM2.5 values found
2025-03-28 14:20:04,773 - root - INFO - Loaded cleaned data with shape: (5425, 4)
2025-03-28 14:20:04,773 - root - INFO - Features selected: ['PM10', 'RH', 'AT']
2025-03-28 14:20:04,773 - root - INFO - Train data shape: (4340, 4), Test data shape: (1085, 4)
2025-03-28 14:20:04,773 - root - INFO - Loading existing model for Worli
2025-03-28 14:20:04,853 - root - INFO - Evaluating predictions for Worli
2025-03-28 14:20:04,853 - root - INFO - Preparing sequences from data with shape: (1085, 4)
2025-03-28 14:20:04,864 - root - INFO - Creating 1038 sequences...
2025-03-28 14:20:04,866 - root - INFO - Sequence preparation completed. X shape: (1038, 24, 22), y shape: (1038, 24)
2025-03-28 14:20:04,867 - root - INFO - Sequence preparation took 0.01 seconds
2025-03-28 14:20:05,343 - root - ERROR - Error evaluating model for Worli: operands could not be broadcast together with shapes (1038,6) (1038,24) 
2025-03-28 14:20:05,348 - root - INFO - Evaluation complete
2025-03-28 14:22:08,358 - root - INFO - Evaluating 15 localities: Airport, Bandra, Borivali, Colaba, Kalyan, Kandivali, Kurla, Mahape, Mulund, Nerul, Powai, Sion, Vasai, Vileparle, Worli
2025-03-28 14:22:08,358 - root - INFO - Using sequence_length=24, prediction_horizon=6
2025-03-28 14:22:08,359 - root - INFO - Evaluating locality: Airport
2025-03-28 14:22:08,359 - root - INFO - Loaded coordinates for 21 localities
2025-03-28 14:22:08,360 - root - WARNING - No coordinates found for Airport
2025-03-28 14:22:08,360 - root - INFO - Initializing LSTM Predictor for Airport
2025-03-28 14:22:08,360 - root - INFO - Sequence length: 24, Prediction horizon: 6
2025-03-28 14:22:08,360 - root - INFO - Loading cleaned data from cleaned_data\Airport_spatial_average.csv
2025-03-28 14:22:08,371 - root - WARNING - No nearby localities found or PM2.5 not in columns, dropping NaN values
2025-03-28 14:22:08,373 - root - INFO - Loaded cleaned data with shape: (5280, 4)
2025-03-28 14:22:08,373 - root - INFO - Features selected: ['PM10', 'RH', 'AT']
2025-03-28 14:22:08,373 - root - INFO - Train data shape: (4224, 4), Test data shape: (1056, 4)
2025-03-28 14:22:08,373 - root - INFO - Training new model for Airport
2025-03-28 14:22:08,373 - root - INFO - Preparing sequences from data with shape: (4224, 4)
2025-03-28 14:22:08,385 - root - INFO - Creating 4195 sequences...
2025-03-28 14:22:08,392 - root - INFO - Sequence preparation completed. X shape: (4195, 24, 22), y shape: (4195, 6)
2025-03-28 14:22:08,393 - root - INFO - Sequence preparation took 0.02 seconds
2025-03-28 14:22:08,393 - root - INFO - Building stacked LSTM model with residual connections, input shape: (24, 22), output size: 6
2025-03-28 14:22:08,497 - root - INFO - Model architecture:
2025-03-28 14:22:08,515 - root - INFO - Starting model training with 4224 samples
2025-03-28 14:22:08,515 - root - INFO - Training parameters - epochs: 100, batch_size: 32, validation_split: 0.2
2025-03-28 14:22:08,515 - root - INFO - Preparing sequences from data with shape: (4224, 4)
2025-03-28 14:22:08,523 - root - INFO - Creating 4195 sequences...
2025-03-28 14:22:08,533 - root - INFO - Sequence preparation completed. X shape: (4195, 24, 22), y shape: (4195, 6)
2025-03-28 14:22:08,533 - root - INFO - Sequence preparation took 0.02 seconds
2025-03-28 14:22:14,998 - root - INFO - Epoch 1 - loss: 1.4159 - mae: 0.9146 - val_loss: 1.5665 - val_mae: 0.8422
2025-03-28 14:22:17,092 - root - INFO - Epoch 2 - loss: 0.8314 - mae: 0.6853 - val_loss: 1.5605 - val_mae: 0.8330
2025-03-28 14:22:19,414 - root - INFO - Epoch 3 - loss: 0.6430 - mae: 0.5914 - val_loss: 1.2799 - val_mae: 0.7156
2025-03-28 14:22:21,947 - root - INFO - Epoch 4 - loss: 0.5391 - mae: 0.5315 - val_loss: 1.2708 - val_mae: 0.7053
2025-03-28 14:22:24,120 - root - INFO - Epoch 5 - loss: 0.4495 - mae: 0.4795 - val_loss: 1.1302 - val_mae: 0.6380
2025-03-28 14:22:26,239 - root - INFO - Epoch 6 - loss: 0.4078 - mae: 0.4489 - val_loss: 1.0255 - val_mae: 0.6885
2025-03-28 14:22:28,381 - root - INFO - Epoch 7 - loss: 0.3807 - mae: 0.4310 - val_loss: 1.0914 - val_mae: 0.6455
2025-03-28 14:22:30,501 - root - INFO - Epoch 8 - loss: 0.3539 - mae: 0.4135 - val_loss: 1.1117 - val_mae: 0.6603
2025-03-28 14:22:32,541 - root - INFO - Epoch 9 - loss: 0.3396 - mae: 0.4071 - val_loss: 1.0463 - val_mae: 0.6348
2025-03-28 14:22:34,701 - root - INFO - Epoch 10 - loss: 0.3345 - mae: 0.4038 - val_loss: 1.1971 - val_mae: 0.6830
2025-03-28 14:22:36,784 - root - INFO - Epoch 11 - loss: 0.3222 - mae: 0.3959 - val_loss: 1.0282 - val_mae: 0.6366
2025-03-28 14:22:38,903 - root - INFO - Epoch 12 - loss: 0.3083 - mae: 0.3872 - val_loss: 1.0144 - val_mae: 0.6640
2025-03-28 14:22:41,133 - root - INFO - Epoch 13 - loss: 0.2994 - mae: 0.3840 - val_loss: 1.1773 - val_mae: 0.6828
2025-03-28 14:22:43,429 - root - INFO - Epoch 14 - loss: 0.2994 - mae: 0.3806 - val_loss: 1.1147 - val_mae: 0.6562
2025-03-28 14:22:45,501 - root - INFO - Epoch 15 - loss: 0.2848 - mae: 0.3730 - val_loss: 1.2165 - val_mae: 0.7370
2025-03-28 14:22:47,592 - root - INFO - Epoch 16 - loss: 0.2808 - mae: 0.3723 - val_loss: 1.0988 - val_mae: 0.6867
2025-03-28 14:22:49,569 - root - INFO - Epoch 17 - loss: 0.2774 - mae: 0.3675 - val_loss: 1.0439 - val_mae: 0.6388
2025-03-28 14:22:51,547 - root - INFO - Epoch 18 - loss: 0.2697 - mae: 0.3600 - val_loss: 1.2317 - val_mae: 0.7190
2025-03-28 14:22:53,521 - root - INFO - Epoch 19 - loss: 0.2706 - mae: 0.3599 - val_loss: 1.1593 - val_mae: 0.7180
2025-03-28 14:22:55,496 - root - INFO - Epoch 20 - loss: 0.2622 - mae: 0.3563 - val_loss: 1.2870 - val_mae: 0.7696
2025-03-28 14:22:57,484 - root - INFO - Epoch 21 - loss: 0.2623 - mae: 0.3561 - val_loss: 1.0953 - val_mae: 0.6773
2025-03-28 14:22:59,468 - root - INFO - Epoch 22 - loss: 0.2522 - mae: 0.3462 - val_loss: 1.3625 - val_mae: 0.8000
2025-03-28 14:23:01,452 - root - INFO - Epoch 23 - loss: 0.2428 - mae: 0.3400 - val_loss: 1.2220 - val_mae: 0.7331
2025-03-28 14:23:03,414 - root - INFO - Epoch 24 - loss: 0.2388 - mae: 0.3376 - val_loss: 1.2073 - val_mae: 0.7025
2025-03-28 14:23:05,377 - root - INFO - Epoch 25 - loss: 0.2297 - mae: 0.3317 - val_loss: 1.1802 - val_mae: 0.7019
2025-03-28 14:23:07,334 - root - INFO - Epoch 26 - loss: 0.2357 - mae: 0.3297 - val_loss: 1.2643 - val_mae: 0.7341
2025-03-28 14:23:09,323 - root - INFO - Epoch 27 - loss: 0.2288 - mae: 0.3290 - val_loss: 1.1715 - val_mae: 0.6956
2025-03-28 14:23:11,300 - root - INFO - Epoch 28 - loss: 0.2277 - mae: 0.3299 - val_loss: 1.1466 - val_mae: 0.6743
2025-03-28 14:23:13,279 - root - INFO - Epoch 29 - loss: 0.2308 - mae: 0.3282 - val_loss: 1.1994 - val_mae: 0.7125
2025-03-28 14:23:15,427 - root - INFO - Epoch 30 - loss: 0.2285 - mae: 0.3275 - val_loss: 1.2300 - val_mae: 0.7256
2025-03-28 14:23:17,682 - root - INFO - Epoch 31 - loss: 0.2269 - mae: 0.3255 - val_loss: 1.1829 - val_mae: 0.6977
2025-03-28 14:23:19,925 - root - INFO - Epoch 32 - loss: 0.2226 - mae: 0.3225 - val_loss: 1.1742 - val_mae: 0.7000
2025-03-28 14:23:19,942 - root - INFO - Training completed in 71.43 seconds
2025-03-28 14:23:19,943 - root - INFO - Final training loss: 0.2226
2025-03-28 14:23:19,943 - root - INFO - Final validation loss: 1.1742
2025-03-28 14:23:19,998 - root - INFO - Model saved to models/lstm_Airport_ph6.keras
2025-03-28 14:23:19,998 - root - INFO - Evaluating predictions for Airport
2025-03-28 14:23:19,999 - root - INFO - Preparing sequences from data with shape: (1056, 4)
2025-03-28 14:23:20,005 - root - INFO - Creating 1027 sequences...
2025-03-28 14:23:20,007 - root - INFO - Sequence preparation completed. X shape: (1027, 24, 22), y shape: (1027, 6)
2025-03-28 14:23:20,007 - root - INFO - Sequence preparation took 0.01 seconds
2025-03-28 14:23:20,877 - root - INFO - Evaluation completed in 0.88 seconds
2025-03-28 14:23:20,877 - root - INFO - Evaluation metrics - MAE: 7.71, RMSE: 10.29
2025-03-28 14:23:21,323 - root - INFO - Evaluating locality: Bandra
2025-03-28 14:23:21,323 - root - INFO - Loaded coordinates for 21 localities
2025-03-28 14:23:21,326 - root - INFO - Found 10 nearby localities for Bandra
2025-03-28 14:23:21,327 - root - INFO -   - Dharavi: 2.26 km, weight: 0.3231
2025-03-28 14:23:21,327 - root - INFO -   - Sion: 2.60 km, weight: 0.2723
2025-03-28 14:23:21,327 - root - INFO -   - Dadar: 4.14 km, weight: 0.1262
2025-03-28 14:23:21,327 - root - INFO -   - Kurla: 4.30 km, weight: 0.1163
2025-03-28 14:23:21,327 - root - INFO -   - Vile Parle: 4.99 km, weight: 0.0825
2025-03-28 14:23:21,327 - root - INFO -   - Worli: 5.33 km, weight: 0.0697
2025-03-28 14:23:21,327 - root - INFO -   - Juhu: 5.91 km, weight: 0.0520
2025-03-28 14:23:21,327 - root - INFO -   - Chembur: 6.08 km, weight: 0.0479
2025-03-28 14:23:21,327 - root - INFO -   - Andheri: 7.19 km, weight: 0.0274
2025-03-28 14:23:21,327 - root - INFO -   - Powai: 9.98 km, weight: 0.0068
2025-03-28 14:23:21,327 - root - INFO - Initializing LSTM Predictor for Bandra
2025-03-28 14:23:21,327 - root - INFO - Sequence length: 24, Prediction horizon: 6
2025-03-28 14:23:21,328 - root - INFO - Loading cleaned data from cleaned_data\Bandra_spatial_average.csv
2025-03-28 14:23:21,336 - root - INFO - Using spatial data from nearby localities to fill missing values
2025-03-28 14:23:21,337 - root - INFO - Found 1 timestamps with missing PM2.5 values
2025-03-28 14:23:21,337 - root - WARNING - No data found for locality Dharavi
2025-03-28 14:23:21,344 - root - WARNING - No data found for locality Dadar
2025-03-28 14:23:21,350 - root - WARNING - No data found for locality Vile Parle
2025-03-28 14:23:21,358 - root - WARNING - No data found for locality Juhu
2025-03-28 14:23:21,358 - root - WARNING - No data found for locality Chembur
2025-03-28 14:23:21,358 - root - WARNING - No data found for locality Andheri
2025-03-28 14:23:21,366 - root - INFO - Filled 0 missing values using spatial data
2025-03-28 14:23:21,366 - root - INFO - Final data shape after filling: (5441, 4)
2025-03-28 14:23:21,367 - root - INFO - Loaded cleaned data with shape: (5441, 4)
2025-03-28 14:23:21,367 - root - INFO - Features selected: ['PM10', 'RH', 'AT']
2025-03-28 14:23:21,367 - root - INFO - Train data shape: (4352, 4), Test data shape: (1089, 4)
2025-03-28 14:23:21,367 - root - INFO - Training new model for Bandra
2025-03-28 14:23:21,367 - root - INFO - Preparing sequences from data with shape: (4352, 4)
2025-03-28 14:23:21,378 - root - INFO - Creating 4323 sequences...
2025-03-28 14:23:21,386 - root - INFO - Sequence preparation completed. X shape: (4323, 24, 22), y shape: (4323, 6)
2025-03-28 14:23:21,386 - root - INFO - Sequence preparation took 0.02 seconds
2025-03-28 14:23:21,386 - root - INFO - Building stacked LSTM model with residual connections, input shape: (24, 22), output size: 6
2025-03-28 14:23:21,451 - root - INFO - Model architecture:
2025-03-28 14:23:21,464 - root - INFO - Starting model training with 4352 samples
2025-03-28 14:23:21,464 - root - INFO - Training parameters - epochs: 100, batch_size: 32, validation_split: 0.2
2025-03-28 14:23:21,464 - root - INFO - Preparing sequences from data with shape: (4352, 4)
2025-03-28 14:23:21,471 - root - INFO - Creating 4323 sequences...
2025-03-28 14:23:21,479 - root - INFO - Sequence preparation completed. X shape: (4323, 24, 22), y shape: (4323, 6)
2025-03-28 14:23:21,479 - root - INFO - Sequence preparation took 0.02 seconds
2025-03-28 14:23:28,048 - root - INFO - Epoch 1 - loss: 1.3450 - mae: 0.8969 - val_loss: 0.1363 - val_mae: 0.3079
2025-03-28 14:23:30,221 - root - INFO - Epoch 2 - loss: 0.8160 - mae: 0.6875 - val_loss: 0.2454 - val_mae: 0.4452
2025-03-28 14:23:32,345 - root - INFO - Epoch 3 - loss: 0.6528 - mae: 0.6032 - val_loss: 0.2201 - val_mae: 0.4287
2025-03-28 14:23:34,446 - root - INFO - Epoch 4 - loss: 0.5561 - mae: 0.5508 - val_loss: 0.2143 - val_mae: 0.4282
2025-03-28 14:23:36,626 - root - INFO - Epoch 5 - loss: 0.5034 - mae: 0.5178 - val_loss: 0.1938 - val_mae: 0.4056
2025-03-28 14:23:38,778 - root - INFO - Epoch 6 - loss: 0.4603 - mae: 0.4896 - val_loss: 0.1978 - val_mae: 0.4070
2025-03-28 14:23:40,877 - root - INFO - Epoch 7 - loss: 0.4390 - mae: 0.4790 - val_loss: 0.1943 - val_mae: 0.3952
2025-03-28 14:23:42,937 - root - INFO - Epoch 8 - loss: 0.4586 - mae: 0.4890 - val_loss: 0.2342 - val_mae: 0.4445
2025-03-28 14:23:44,995 - root - INFO - Epoch 9 - loss: 0.4159 - mae: 0.4622 - val_loss: 0.1827 - val_mae: 0.3883
2025-03-28 14:23:47,098 - root - INFO - Epoch 10 - loss: 0.4029 - mae: 0.4551 - val_loss: 0.1510 - val_mae: 0.3514
2025-03-28 14:23:49,153 - root - INFO - Epoch 11 - loss: 0.3989 - mae: 0.4502 - val_loss: 0.2106 - val_mae: 0.4168
2025-03-28 14:23:51,223 - root - INFO - Epoch 12 - loss: 0.3830 - mae: 0.4417 - val_loss: 0.1399 - val_mae: 0.3222
2025-03-28 14:23:53,270 - root - INFO - Epoch 13 - loss: 0.3730 - mae: 0.4352 - val_loss: 0.1470 - val_mae: 0.3296
2025-03-28 14:23:55,396 - root - INFO - Epoch 14 - loss: 0.3737 - mae: 0.4346 - val_loss: 0.1266 - val_mae: 0.3060
2025-03-28 14:23:57,599 - root - INFO - Epoch 15 - loss: 0.3673 - mae: 0.4316 - val_loss: 0.1084 - val_mae: 0.2733
2025-03-28 14:23:59,713 - root - INFO - Epoch 16 - loss: 0.3591 - mae: 0.4262 - val_loss: 0.1041 - val_mae: 0.2662
2025-03-28 14:24:01,793 - root - INFO - Epoch 17 - loss: 0.3570 - mae: 0.4259 - val_loss: 0.1451 - val_mae: 0.3331
2025-03-28 14:24:03,963 - root - INFO - Epoch 18 - loss: 0.3532 - mae: 0.4241 - val_loss: 0.1290 - val_mae: 0.3065
2025-03-28 14:24:06,022 - root - INFO - Epoch 19 - loss: 0.3564 - mae: 0.4239 - val_loss: 0.1186 - val_mae: 0.2873
2025-03-28 14:24:08,057 - root - INFO - Epoch 20 - loss: 0.3506 - mae: 0.4200 - val_loss: 0.1326 - val_mae: 0.3077
2025-03-28 14:24:10,097 - root - INFO - Epoch 21 - loss: 0.3501 - mae: 0.4191 - val_loss: 0.1211 - val_mae: 0.2878
2025-03-28 14:24:12,140 - root - INFO - Epoch 22 - loss: 0.3979 - mae: 0.4532 - val_loss: 0.1641 - val_mae: 0.3522
2025-03-28 14:24:14,183 - root - INFO - Epoch 23 - loss: 0.3657 - mae: 0.4291 - val_loss: 0.1754 - val_mae: 0.3742
2025-03-28 14:24:16,236 - root - INFO - Epoch 24 - loss: 0.3568 - mae: 0.4251 - val_loss: 0.1734 - val_mae: 0.3723
2025-03-28 14:24:18,269 - root - INFO - Epoch 25 - loss: 0.3521 - mae: 0.4211 - val_loss: 0.1583 - val_mae: 0.3533
2025-03-28 14:24:20,375 - root - INFO - Epoch 26 - loss: 0.3476 - mae: 0.4193 - val_loss: 0.1643 - val_mae: 0.3581
2025-03-28 14:24:22,433 - root - INFO - Epoch 27 - loss: 0.3420 - mae: 0.4150 - val_loss: 0.1334 - val_mae: 0.3141
2025-03-28 14:24:24,486 - root - INFO - Epoch 28 - loss: 0.3406 - mae: 0.4144 - val_loss: 0.1378 - val_mae: 0.3181
2025-03-28 14:24:26,527 - root - INFO - Epoch 29 - loss: 0.3834 - mae: 0.4444 - val_loss: 0.2399 - val_mae: 0.4430
2025-03-28 14:24:28,612 - root - INFO - Epoch 30 - loss: 0.3540 - mae: 0.4255 - val_loss: 0.2026 - val_mae: 0.4065
2025-03-28 14:24:30,667 - root - INFO - Epoch 31 - loss: 0.3526 - mae: 0.4254 - val_loss: 0.1920 - val_mae: 0.3963
2025-03-28 14:24:32,725 - root - INFO - Epoch 32 - loss: 0.3454 - mae: 0.4170 - val_loss: 0.1517 - val_mae: 0.3465
2025-03-28 14:24:34,769 - root - INFO - Epoch 33 - loss: 0.3471 - mae: 0.4188 - val_loss: 0.1797 - val_mae: 0.3806
2025-03-28 14:24:36,834 - root - INFO - Epoch 34 - loss: 0.3431 - mae: 0.4160 - val_loss: 0.1699 - val_mae: 0.3655
2025-03-28 14:24:38,874 - root - INFO - Epoch 35 - loss: 0.3377 - mae: 0.4114 - val_loss: 0.1534 - val_mae: 0.3440
2025-03-28 14:24:40,921 - root - INFO - Epoch 36 - loss: 0.3396 - mae: 0.4147 - val_loss: 0.1407 - val_mae: 0.3275
2025-03-28 14:24:40,931 - root - INFO - Training completed in 79.47 seconds
2025-03-28 14:24:40,932 - root - INFO - Final training loss: 0.3396
2025-03-28 14:24:40,932 - root - INFO - Final validation loss: 0.1407
2025-03-28 14:24:40,985 - root - INFO - Model saved to models/lstm_Bandra_ph6.keras
2025-03-28 14:24:40,985 - root - INFO - Evaluating predictions for Bandra
2025-03-28 14:24:40,985 - root - INFO - Preparing sequences from data with shape: (1089, 4)
2025-03-28 14:24:40,992 - root - INFO - Creating 1060 sequences...
2025-03-28 14:24:40,993 - root - INFO - Sequence preparation completed. X shape: (1060, 24, 22), y shape: (1060, 6)
2025-03-28 14:24:40,994 - root - INFO - Sequence preparation took 0.01 seconds
2025-03-28 14:24:41,875 - root - INFO - Evaluation completed in 0.89 seconds
2025-03-28 14:24:41,875 - root - INFO - Evaluation metrics - MAE: 20.20, RMSE: 22.30
2025-03-28 14:24:42,271 - root - INFO - Evaluating locality: Borivali
2025-03-28 14:24:42,271 - root - INFO - Loaded coordinates for 21 localities
2025-03-28 14:24:42,274 - root - INFO - Found 1 nearby localities for Borivali
2025-03-28 14:24:42,274 - root - INFO -   - Malad: 4.78 km, weight: 0.0917
2025-03-28 14:24:42,275 - root - INFO - Initializing LSTM Predictor for Borivali
2025-03-28 14:24:42,275 - root - INFO - Sequence length: 24, Prediction horizon: 6
2025-03-28 14:24:42,275 - root - INFO - Loading cleaned data from cleaned_data\Borivali_spatial_average.csv
2025-03-28 14:24:42,283 - root - INFO - Using spatial data from nearby localities to fill missing values
2025-03-28 14:24:42,284 - root - INFO - No missing PM2.5 values found
2025-03-28 14:24:42,284 - root - INFO - Loaded cleaned data with shape: (5425, 4)
2025-03-28 14:24:42,284 - root - INFO - Features selected: ['PM10', 'RH', 'AT']
2025-03-28 14:24:42,285 - root - INFO - Train data shape: (4340, 4), Test data shape: (1085, 4)
2025-03-28 14:24:42,285 - root - INFO - Training new model for Borivali
2025-03-28 14:24:42,285 - root - INFO - Preparing sequences from data with shape: (4340, 4)
2025-03-28 14:24:42,298 - root - INFO - Creating 4311 sequences...
2025-03-28 14:24:42,306 - root - INFO - Sequence preparation completed. X shape: (4311, 24, 22), y shape: (4311, 6)
2025-03-28 14:24:42,306 - root - INFO - Sequence preparation took 0.02 seconds
2025-03-28 14:24:42,306 - root - INFO - Building stacked LSTM model with residual connections, input shape: (24, 22), output size: 6
2025-03-28 14:24:42,378 - root - INFO - Model architecture:
2025-03-28 14:24:42,393 - root - INFO - Starting model training with 4340 samples
2025-03-28 14:24:42,393 - root - INFO - Training parameters - epochs: 100, batch_size: 32, validation_split: 0.2
2025-03-28 14:24:42,393 - root - INFO - Preparing sequences from data with shape: (4340, 4)
2025-03-28 14:24:42,400 - root - INFO - Creating 4311 sequences...
2025-03-28 14:24:42,407 - root - INFO - Sequence preparation completed. X shape: (4311, 24, 22), y shape: (4311, 6)
2025-03-28 14:24:42,408 - root - INFO - Sequence preparation took 0.02 seconds
2025-03-28 14:24:48,725 - root - INFO - Epoch 1 - loss: 1.2376 - mae: 0.8591 - val_loss: 1.0345 - val_mae: 0.8611
2025-03-28 14:24:50,869 - root - INFO - Epoch 2 - loss: 0.7116 - mae: 0.6419 - val_loss: 0.8729 - val_mae: 0.7903
2025-03-28 14:24:52,948 - root - INFO - Epoch 3 - loss: 0.5446 - mae: 0.5560 - val_loss: 0.8413 - val_mae: 0.7822
2025-03-28 14:24:55,050 - root - INFO - Epoch 4 - loss: 0.4459 - mae: 0.4969 - val_loss: 0.7678 - val_mae: 0.7458
2025-03-28 14:24:57,233 - root - INFO - Epoch 5 - loss: 0.3930 - mae: 0.4618 - val_loss: 0.3883 - val_mae: 0.4968
2025-03-28 14:24:59,487 - root - INFO - Epoch 6 - loss: 0.3552 - mae: 0.4369 - val_loss: 0.3425 - val_mae: 0.4688
2025-03-28 14:25:01,743 - root - INFO - Epoch 7 - loss: 0.3185 - mae: 0.4158 - val_loss: 0.3556 - val_mae: 0.4826
2025-03-28 14:25:03,983 - root - INFO - Epoch 8 - loss: 0.3002 - mae: 0.4025 - val_loss: 0.6038 - val_mae: 0.6469
2025-03-28 14:25:06,159 - root - INFO - Epoch 9 - loss: 0.2919 - mae: 0.3957 - val_loss: 0.6807 - val_mae: 0.6912
2025-03-28 14:25:08,366 - root - INFO - Epoch 10 - loss: 0.2728 - mae: 0.3859 - val_loss: 0.6658 - val_mae: 0.6903
2025-03-28 14:25:10,556 - root - INFO - Epoch 11 - loss: 0.2665 - mae: 0.3784 - val_loss: 0.4013 - val_mae: 0.5118
2025-03-28 14:25:12,725 - root - INFO - Epoch 12 - loss: 0.2587 - mae: 0.3733 - val_loss: 0.9530 - val_mae: 0.7809
2025-03-28 14:25:14,762 - root - INFO - Epoch 13 - loss: 0.2593 - mae: 0.3731 - val_loss: 0.4926 - val_mae: 0.5645
2025-03-28 14:25:16,802 - root - INFO - Epoch 14 - loss: 0.2472 - mae: 0.3639 - val_loss: 0.9342 - val_mae: 0.7984
2025-03-28 14:25:18,823 - root - INFO - Epoch 15 - loss: 0.2512 - mae: 0.3670 - val_loss: 0.4229 - val_mae: 0.5138
2025-03-28 14:25:20,890 - root - INFO - Epoch 16 - loss: 0.2390 - mae: 0.3576 - val_loss: 0.7829 - val_mae: 0.7442
2025-03-28 14:25:22,916 - root - INFO - Epoch 17 - loss: 0.2285 - mae: 0.3486 - val_loss: 0.5336 - val_mae: 0.5916
2025-03-28 14:25:24,923 - root - INFO - Epoch 18 - loss: 0.2274 - mae: 0.3484 - val_loss: 0.7506 - val_mae: 0.7112
2025-03-28 14:25:26,942 - root - INFO - Epoch 19 - loss: 0.2186 - mae: 0.3398 - val_loss: 0.7323 - val_mae: 0.7103
2025-03-28 14:25:28,976 - root - INFO - Epoch 20 - loss: 0.2147 - mae: 0.3372 - val_loss: 0.7926 - val_mae: 0.7422
2025-03-28 14:25:31,006 - root - INFO - Epoch 21 - loss: 0.2089 - mae: 0.3326 - val_loss: 0.6686 - val_mae: 0.6667
2025-03-28 14:25:33,027 - root - INFO - Epoch 22 - loss: 0.2066 - mae: 0.3316 - val_loss: 0.6553 - val_mae: 0.6552
2025-03-28 14:25:35,067 - root - INFO - Epoch 23 - loss: 0.2099 - mae: 0.3344 - val_loss: 0.7007 - val_mae: 0.6730
2025-03-28 14:25:37,136 - root - INFO - Epoch 24 - loss: 0.2049 - mae: 0.3285 - val_loss: 0.8570 - val_mae: 0.7671
2025-03-28 14:25:39,241 - root - INFO - Epoch 25 - loss: 0.2046 - mae: 0.3287 - val_loss: 0.7916 - val_mae: 0.7282
2025-03-28 14:25:41,291 - root - INFO - Epoch 26 - loss: 0.2017 - mae: 0.3257 - val_loss: 0.7721 - val_mae: 0.7232
2025-03-28 14:25:41,303 - root - INFO - Training completed in 58.91 seconds
2025-03-28 14:25:41,303 - root - INFO - Final training loss: 0.2017
2025-03-28 14:25:41,303 - root - INFO - Final validation loss: 0.7721
2025-03-28 14:25:41,664 - root - INFO - Model saved to models/lstm_Borivali_ph6.keras
2025-03-28 14:25:41,664 - root - INFO - Evaluating predictions for Borivali
2025-03-28 14:25:41,665 - root - INFO - Preparing sequences from data with shape: (1085, 4)
2025-03-28 14:25:41,671 - root - INFO - Creating 1056 sequences...
2025-03-28 14:25:41,673 - root - INFO - Sequence preparation completed. X shape: (1056, 24, 22), y shape: (1056, 6)
2025-03-28 14:25:41,673 - root - INFO - Sequence preparation took 0.01 seconds
2025-03-28 14:25:42,271 - root - INFO - Evaluation completed in 0.61 seconds
2025-03-28 14:25:42,271 - root - INFO - Evaluation metrics - MAE: 10.36, RMSE: 12.39
2025-03-28 14:25:42,675 - root - INFO - Evaluating locality: Colaba
2025-03-28 14:25:42,676 - root - INFO - Loaded coordinates for 21 localities
2025-03-28 14:25:42,678 - root - INFO - Found 1 nearby localities for Colaba
2025-03-28 14:25:42,678 - root - INFO -   - Malabar Hill: 5.33 km, weight: 0.0696
2025-03-28 14:25:42,678 - root - INFO - Initializing LSTM Predictor for Colaba
2025-03-28 14:25:42,678 - root - INFO - Sequence length: 24, Prediction horizon: 6
2025-03-28 14:25:42,679 - root - INFO - Loading cleaned data from cleaned_data\Colaba_spatial_average.csv
2025-03-28 14:25:42,687 - root - INFO - Using spatial data from nearby localities to fill missing values
2025-03-28 14:25:42,688 - root - INFO - No missing PM2.5 values found
2025-03-28 14:25:42,688 - root - INFO - Loaded cleaned data with shape: (4801, 4)
2025-03-28 14:25:42,689 - root - INFO - Features selected: ['PM10', 'RH', 'AT']
2025-03-28 14:25:42,689 - root - INFO - Train data shape: (3840, 4), Test data shape: (961, 4)
2025-03-28 14:25:42,689 - root - INFO - Training new model for Colaba
2025-03-28 14:25:42,689 - root - INFO - Preparing sequences from data with shape: (3840, 4)
2025-03-28 14:25:42,701 - root - INFO - Creating 3811 sequences...
2025-03-28 14:25:42,708 - root - INFO - Sequence preparation completed. X shape: (3811, 24, 22), y shape: (3811, 6)
2025-03-28 14:25:42,708 - root - INFO - Sequence preparation took 0.02 seconds
2025-03-28 14:25:42,709 - root - INFO - Building stacked LSTM model with residual connections, input shape: (24, 22), output size: 6
2025-03-28 14:25:42,772 - root - INFO - Model architecture:
2025-03-28 14:25:42,785 - root - INFO - Starting model training with 3840 samples
2025-03-28 14:25:42,786 - root - INFO - Training parameters - epochs: 100, batch_size: 32, validation_split: 0.2
2025-03-28 14:25:42,786 - root - INFO - Preparing sequences from data with shape: (3840, 4)
2025-03-28 14:25:42,792 - root - INFO - Creating 3811 sequences...
2025-03-28 14:25:42,799 - root - INFO - Sequence preparation completed. X shape: (3811, 24, 22), y shape: (3811, 6)
2025-03-28 14:25:42,799 - root - INFO - Sequence preparation took 0.01 seconds
2025-03-28 14:25:48,787 - root - INFO - Epoch 1 - loss: 1.6148 - mae: 0.9877 - val_loss: 0.7362 - val_mae: 0.6568
2025-03-28 14:25:50,751 - root - INFO - Epoch 2 - loss: 1.0404 - mae: 0.7858 - val_loss: 0.6997 - val_mae: 0.6375
2025-03-28 14:25:52,685 - root - INFO - Epoch 3 - loss: 0.8490 - mae: 0.7028 - val_loss: 0.7908 - val_mae: 0.6935
2025-03-28 14:25:54,523 - root - INFO - Epoch 4 - loss: 0.7100 - mae: 0.6354 - val_loss: 0.8447 - val_mae: 0.7161
2025-03-28 14:25:56,369 - root - INFO - Epoch 5 - loss: 0.6296 - mae: 0.5929 - val_loss: 0.8247 - val_mae: 0.7112
2025-03-28 14:25:58,195 - root - INFO - Epoch 6 - loss: 0.5632 - mae: 0.5584 - val_loss: 0.9330 - val_mae: 0.7694
2025-03-28 14:26:00,004 - root - INFO - Epoch 7 - loss: 0.5230 - mae: 0.5316 - val_loss: 0.9305 - val_mae: 0.7574
2025-03-28 14:26:01,798 - root - INFO - Epoch 8 - loss: 0.4820 - mae: 0.5106 - val_loss: 1.1033 - val_mae: 0.8448
2025-03-28 14:26:03,673 - root - INFO - Epoch 9 - loss: 0.4763 - mae: 0.5076 - val_loss: 1.0608 - val_mae: 0.8137
2025-03-28 14:26:05,483 - root - INFO - Epoch 10 - loss: 0.4400 - mae: 0.4899 - val_loss: 1.2606 - val_mae: 0.8983
2025-03-28 14:26:07,276 - root - INFO - Epoch 11 - loss: 0.4401 - mae: 0.4880 - val_loss: 1.0999 - val_mae: 0.8446
2025-03-28 14:26:09,072 - root - INFO - Epoch 12 - loss: 0.4114 - mae: 0.4705 - val_loss: 1.3644 - val_mae: 0.9619
2025-03-28 14:26:10,870 - root - INFO - Epoch 13 - loss: 0.3889 - mae: 0.4559 - val_loss: 1.3023 - val_mae: 0.9219
2025-03-28 14:26:12,673 - root - INFO - Epoch 14 - loss: 0.3715 - mae: 0.4447 - val_loss: 1.3534 - val_mae: 0.9369
2025-03-28 14:26:14,454 - root - INFO - Epoch 15 - loss: 0.3646 - mae: 0.4408 - val_loss: 1.4267 - val_mae: 0.9604
2025-03-28 14:26:16,256 - root - INFO - Epoch 16 - loss: 0.3545 - mae: 0.4331 - val_loss: 1.4340 - val_mae: 0.9675
2025-03-28 14:26:18,065 - root - INFO - Epoch 17 - loss: 0.3475 - mae: 0.4283 - val_loss: 1.4957 - val_mae: 0.9889
2025-03-28 14:26:19,986 - root - INFO - Epoch 18 - loss: 0.3485 - mae: 0.4293 - val_loss: 1.4741 - val_mae: 0.9720
2025-03-28 14:26:21,866 - root - INFO - Epoch 19 - loss: 0.3420 - mae: 0.4243 - val_loss: 1.4355 - val_mae: 0.9559
2025-03-28 14:26:23,667 - root - INFO - Epoch 20 - loss: 0.3409 - mae: 0.4254 - val_loss: 1.4952 - val_mae: 0.9817
2025-03-28 14:26:25,454 - root - INFO - Epoch 21 - loss: 0.3350 - mae: 0.4181 - val_loss: 1.3815 - val_mae: 0.9318
2025-03-28 14:26:27,232 - root - INFO - Epoch 22 - loss: 0.3365 - mae: 0.4196 - val_loss: 1.2694 - val_mae: 0.8858
2025-03-28 14:26:27,243 - root - INFO - Training completed in 44.46 seconds
2025-03-28 14:26:27,243 - root - INFO - Final training loss: 0.3365
2025-03-28 14:26:27,243 - root - INFO - Final validation loss: 1.2694
2025-03-28 14:26:27,296 - root - INFO - Model saved to models/lstm_Colaba_ph6.keras
2025-03-28 14:26:27,296 - root - INFO - Evaluating predictions for Colaba
2025-03-28 14:26:27,296 - root - INFO - Preparing sequences from data with shape: (961, 4)
2025-03-28 14:26:27,303 - root - INFO - Creating 932 sequences...
2025-03-28 14:26:27,305 - root - INFO - Sequence preparation completed. X shape: (932, 24, 22), y shape: (932, 6)
2025-03-28 14:26:27,305 - root - INFO - Sequence preparation took 0.01 seconds
2025-03-28 14:26:28,154 - root - INFO - Evaluation completed in 0.86 seconds
2025-03-28 14:26:28,154 - root - INFO - Evaluation metrics - MAE: 12.81, RMSE: 14.82
2025-03-28 14:26:28,513 - root - INFO - Evaluating locality: Kalyan
2025-03-28 14:26:28,514 - root - INFO - Loaded coordinates for 21 localities
2025-03-28 14:26:28,516 - root - INFO - Found 0 nearby localities for Kalyan
2025-03-28 14:26:28,516 - root - INFO - Initializing LSTM Predictor for Kalyan
2025-03-28 14:26:28,516 - root - INFO - Sequence length: 24, Prediction horizon: 6
2025-03-28 14:26:28,517 - root - INFO - Loading cleaned data from cleaned_data\Kalyan_spatial_average.csv
2025-03-28 14:26:28,525 - root - WARNING - No nearby localities found or PM2.5 not in columns, dropping NaN values
2025-03-28 14:26:28,526 - root - INFO - Loaded cleaned data with shape: (5404, 4)
2025-03-28 14:26:28,526 - root - INFO - Features selected: ['PM10', 'RH', 'AT']
2025-03-28 14:26:28,526 - root - INFO - Train data shape: (4323, 4), Test data shape: (1081, 4)
2025-03-28 14:26:28,527 - root - INFO - Training new model for Kalyan
2025-03-28 14:26:28,527 - root - INFO - Preparing sequences from data with shape: (4323, 4)
2025-03-28 14:26:28,538 - root - INFO - Creating 4294 sequences...
2025-03-28 14:26:28,545 - root - INFO - Sequence preparation completed. X shape: (4294, 24, 22), y shape: (4294, 6)
2025-03-28 14:26:28,545 - root - INFO - Sequence preparation took 0.02 seconds
2025-03-28 14:26:28,545 - root - INFO - Building stacked LSTM model with residual connections, input shape: (24, 22), output size: 6
2025-03-28 14:26:28,610 - root - INFO - Model architecture:
2025-03-28 14:26:28,623 - root - INFO - Starting model training with 4323 samples
2025-03-28 14:26:28,623 - root - INFO - Training parameters - epochs: 100, batch_size: 32, validation_split: 0.2
2025-03-28 14:26:28,623 - root - INFO - Preparing sequences from data with shape: (4323, 4)
2025-03-28 14:26:28,631 - root - INFO - Creating 4294 sequences...
2025-03-28 14:26:28,638 - root - INFO - Sequence preparation completed. X shape: (4294, 24, 22), y shape: (4294, 6)
2025-03-28 14:26:28,638 - root - INFO - Sequence preparation took 0.02 seconds
2025-03-28 14:26:35,158 - root - INFO - Epoch 1 - loss: 1.5057 - mae: 0.9591 - val_loss: 1.1161 - val_mae: 0.8570
2025-03-28 14:26:37,397 - root - INFO - Epoch 2 - loss: 0.9530 - mae: 0.7559 - val_loss: 1.0026 - val_mae: 0.7983
2025-03-28 14:26:39,527 - root - INFO - Epoch 3 - loss: 0.7412 - mae: 0.6595 - val_loss: 1.2051 - val_mae: 0.9041
2025-03-28 14:26:41,706 - root - INFO - Epoch 4 - loss: 0.6093 - mae: 0.5922 - val_loss: 0.8614 - val_mae: 0.7298
2025-03-28 14:26:43,869 - root - INFO - Epoch 5 - loss: 0.5259 - mae: 0.5445 - val_loss: 0.9981 - val_mae: 0.8046
2025-03-28 14:26:45,982 - root - INFO - Epoch 6 - loss: 0.4666 - mae: 0.5110 - val_loss: 1.0577 - val_mae: 0.8322
2025-03-28 14:26:48,083 - root - INFO - Epoch 7 - loss: 0.4273 - mae: 0.4853 - val_loss: 1.0153 - val_mae: 0.8048
2025-03-28 14:26:50,290 - root - INFO - Epoch 8 - loss: 0.3964 - mae: 0.4635 - val_loss: 1.0557 - val_mae: 0.8153
2025-03-28 14:26:52,456 - root - INFO - Epoch 9 - loss: 0.3749 - mae: 0.4519 - val_loss: 0.9864 - val_mae: 0.7946
2025-03-28 14:26:54,610 - root - INFO - Epoch 10 - loss: 0.3629 - mae: 0.4432 - val_loss: 1.3983 - val_mae: 0.9708
2025-03-28 14:26:56,797 - root - INFO - Epoch 11 - loss: 0.3493 - mae: 0.4357 - val_loss: 1.1532 - val_mae: 0.8712
2025-03-28 14:26:58,968 - root - INFO - Epoch 12 - loss: 0.3294 - mae: 0.4186 - val_loss: 1.1693 - val_mae: 0.8889
2025-03-28 14:27:01,073 - root - INFO - Epoch 13 - loss: 0.3219 - mae: 0.4147 - val_loss: 1.2679 - val_mae: 0.9331
2025-03-28 14:27:03,159 - root - INFO - Epoch 14 - loss: 0.3120 - mae: 0.4082 - val_loss: 1.1436 - val_mae: 0.8641
2025-03-28 14:27:05,236 - root - INFO - Epoch 15 - loss: 0.2912 - mae: 0.3956 - val_loss: 1.3049 - val_mae: 0.9356
2025-03-28 14:27:07,403 - root - INFO - Epoch 16 - loss: 0.2839 - mae: 0.3882 - val_loss: 1.2012 - val_mae: 0.8922
2025-03-28 14:27:09,476 - root - INFO - Epoch 17 - loss: 0.2769 - mae: 0.3847 - val_loss: 1.1383 - val_mae: 0.8663
2025-03-28 14:27:11,569 - root - INFO - Epoch 18 - loss: 0.2727 - mae: 0.3801 - val_loss: 1.1755 - val_mae: 0.8794
2025-03-28 14:27:13,681 - root - INFO - Epoch 19 - loss: 0.2652 - mae: 0.3756 - val_loss: 1.0565 - val_mae: 0.8281
2025-03-28 14:27:15,777 - root - INFO - Epoch 20 - loss: 0.2648 - mae: 0.3728 - val_loss: 1.1938 - val_mae: 0.8880
2025-03-28 14:27:17,861 - root - INFO - Epoch 21 - loss: 0.2606 - mae: 0.3708 - val_loss: 1.2792 - val_mae: 0.9291
2025-03-28 14:27:19,988 - root - INFO - Epoch 22 - loss: 0.2600 - mae: 0.3708 - val_loss: 1.2007 - val_mae: 0.8866
2025-03-28 14:27:22,161 - root - INFO - Epoch 23 - loss: 0.2557 - mae: 0.3659 - val_loss: 1.1114 - val_mae: 0.8464
2025-03-28 14:27:24,257 - root - INFO - Epoch 24 - loss: 0.2549 - mae: 0.3671 - val_loss: 1.2064 - val_mae: 0.8837
2025-03-28 14:27:24,267 - root - INFO - Training completed in 55.64 seconds
2025-03-28 14:27:24,268 - root - INFO - Final training loss: 0.2549
2025-03-28 14:27:24,268 - root - INFO - Final validation loss: 1.2064
2025-03-28 14:27:24,319 - root - INFO - Model saved to models/lstm_Kalyan_ph6.keras
2025-03-28 14:27:24,319 - root - INFO - Evaluating predictions for Kalyan
2025-03-28 14:27:24,319 - root - INFO - Preparing sequences from data with shape: (1081, 4)
2025-03-28 14:27:24,326 - root - INFO - Creating 1052 sequences...
2025-03-28 14:27:24,327 - root - INFO - Sequence preparation completed. X shape: (1052, 24, 22), y shape: (1052, 6)
2025-03-28 14:27:24,327 - root - INFO - Sequence preparation took 0.01 seconds
2025-03-28 14:27:25,192 - root - INFO - Evaluation completed in 0.87 seconds
2025-03-28 14:27:25,192 - root - INFO - Evaluation metrics - MAE: 34.65, RMSE: 37.53
2025-03-28 14:27:25,565 - root - INFO - Evaluating locality: Kandivali
2025-03-28 14:27:25,565 - root - INFO - Loaded coordinates for 21 localities
2025-03-28 14:27:25,565 - root - WARNING - No coordinates found for Kandivali
2025-03-28 14:27:25,565 - root - INFO - Initializing LSTM Predictor for Kandivali
2025-03-28 14:27:25,566 - root - INFO - Sequence length: 24, Prediction horizon: 6
2025-03-28 14:27:25,566 - root - INFO - Loading cleaned data from cleaned_data\Kandivali_spatial_average.csv
2025-03-28 14:27:25,575 - root - WARNING - No nearby localities found or PM2.5 not in columns, dropping NaN values
2025-03-28 14:27:25,576 - root - INFO - Loaded cleaned data with shape: (4776, 4)
2025-03-28 14:27:25,576 - root - INFO - Features selected: ['PM10', 'RH', 'AT']
2025-03-28 14:27:25,576 - root - INFO - Train data shape: (3820, 4), Test data shape: (956, 4)
2025-03-28 14:27:25,576 - root - INFO - Training new model for Kandivali
2025-03-28 14:27:25,576 - root - INFO - Preparing sequences from data with shape: (3820, 4)
2025-03-28 14:27:25,588 - root - INFO - Creating 3791 sequences...
2025-03-28 14:27:25,593 - root - INFO - Sequence preparation completed. X shape: (3791, 24, 22), y shape: (3791, 6)
2025-03-28 14:27:25,594 - root - INFO - Sequence preparation took 0.02 seconds
2025-03-28 14:27:25,594 - root - INFO - Building stacked LSTM model with residual connections, input shape: (24, 22), output size: 6
2025-03-28 14:27:25,661 - root - INFO - Model architecture:
2025-03-28 14:27:25,673 - root - INFO - Starting model training with 3820 samples
2025-03-28 14:27:25,673 - root - INFO - Training parameters - epochs: 100, batch_size: 32, validation_split: 0.2
2025-03-28 14:27:25,673 - root - INFO - Preparing sequences from data with shape: (3820, 4)
2025-03-28 14:27:25,681 - root - INFO - Creating 3791 sequences...
2025-03-28 14:27:25,688 - root - INFO - Sequence preparation completed. X shape: (3791, 24, 22), y shape: (3791, 6)
2025-03-28 14:27:25,688 - root - INFO - Sequence preparation took 0.02 seconds
2025-03-28 14:27:31,590 - root - INFO - Epoch 1 - loss: 1.4503 - mae: 0.9387 - val_loss: 1.2842 - val_mae: 0.8773
2025-03-28 14:27:33,490 - root - INFO - Epoch 2 - loss: 0.8178 - mae: 0.7085 - val_loss: 1.0626 - val_mae: 0.7964
2025-03-28 14:27:35,365 - root - INFO - Epoch 3 - loss: 0.6189 - mae: 0.6100 - val_loss: 0.8107 - val_mae: 0.6859
2025-03-28 14:27:37,160 - root - INFO - Epoch 4 - loss: 0.4982 - mae: 0.5419 - val_loss: 0.8516 - val_mae: 0.7256
2025-03-28 14:27:39,057 - root - INFO - Epoch 5 - loss: 0.4155 - mae: 0.4921 - val_loss: 0.7178 - val_mae: 0.6704
2025-03-28 14:27:40,958 - root - INFO - Epoch 6 - loss: 0.3560 - mae: 0.4567 - val_loss: 0.6955 - val_mae: 0.6580
2025-03-28 14:27:42,764 - root - INFO - Epoch 7 - loss: 0.3162 - mae: 0.4286 - val_loss: 0.7238 - val_mae: 0.6753
2025-03-28 14:27:44,547 - root - INFO - Epoch 8 - loss: 0.2988 - mae: 0.4162 - val_loss: 0.7497 - val_mae: 0.6865
2025-03-28 14:27:46,417 - root - INFO - Epoch 9 - loss: 0.2824 - mae: 0.4053 - val_loss: 0.7754 - val_mae: 0.6985
2025-03-28 14:27:48,200 - root - INFO - Epoch 10 - loss: 0.2671 - mae: 0.3927 - val_loss: 0.7930 - val_mae: 0.7208
2025-03-28 14:27:49,987 - root - INFO - Epoch 11 - loss: 0.2552 - mae: 0.3833 - val_loss: 0.7451 - val_mae: 0.6717
2025-03-28 14:27:51,777 - root - INFO - Epoch 12 - loss: 0.2418 - mae: 0.3741 - val_loss: 0.7736 - val_mae: 0.6869
2025-03-28 14:27:53,576 - root - INFO - Epoch 13 - loss: 0.2322 - mae: 0.3673 - val_loss: 0.8487 - val_mae: 0.7416
2025-03-28 14:27:55,364 - root - INFO - Epoch 14 - loss: 0.2285 - mae: 0.3630 - val_loss: 0.8036 - val_mae: 0.6966
2025-03-28 14:27:57,148 - root - INFO - Epoch 15 - loss: 0.2168 - mae: 0.3550 - val_loss: 0.7424 - val_mae: 0.6868
2025-03-28 14:27:58,963 - root - INFO - Epoch 16 - loss: 0.2093 - mae: 0.3476 - val_loss: 0.7528 - val_mae: 0.6783
2025-03-28 14:28:00,856 - root - INFO - Epoch 17 - loss: 0.2038 - mae: 0.3419 - val_loss: 0.7636 - val_mae: 0.6812
2025-03-28 14:28:02,725 - root - INFO - Epoch 18 - loss: 0.1977 - mae: 0.3363 - val_loss: 0.7656 - val_mae: 0.6777
2025-03-28 14:28:04,553 - root - INFO - Epoch 19 - loss: 0.1904 - mae: 0.3307 - val_loss: 0.7753 - val_mae: 0.6785
2025-03-28 14:28:06,331 - root - INFO - Epoch 20 - loss: 0.1854 - mae: 0.3259 - val_loss: 0.7894 - val_mae: 0.6953
2025-03-28 14:28:08,115 - root - INFO - Epoch 21 - loss: 0.1875 - mae: 0.3278 - val_loss: 0.7741 - val_mae: 0.6823
2025-03-28 14:28:09,950 - root - INFO - Epoch 22 - loss: 0.1836 - mae: 0.3238 - val_loss: 0.7977 - val_mae: 0.6975
2025-03-28 14:28:11,771 - root - INFO - Epoch 23 - loss: 0.1812 - mae: 0.3231 - val_loss: 0.7846 - val_mae: 0.6903
2025-03-28 14:28:13,593 - root - INFO - Epoch 24 - loss: 0.1758 - mae: 0.3188 - val_loss: 0.7936 - val_mae: 0.6960
2025-03-28 14:28:15,439 - root - INFO - Epoch 25 - loss: 0.1774 - mae: 0.3186 - val_loss: 0.7812 - val_mae: 0.6870
2025-03-28 14:28:17,315 - root - INFO - Epoch 26 - loss: 0.1766 - mae: 0.3190 - val_loss: 0.7630 - val_mae: 0.6720
2025-03-28 14:28:17,326 - root - INFO - Training completed in 51.65 seconds
2025-03-28 14:28:17,327 - root - INFO - Final training loss: 0.1766
2025-03-28 14:28:17,327 - root - INFO - Final validation loss: 0.7630
2025-03-28 14:28:17,381 - root - INFO - Model saved to models/lstm_Kandivali_ph6.keras
2025-03-28 14:28:17,381 - root - INFO - Evaluating predictions for Kandivali
2025-03-28 14:28:17,381 - root - INFO - Preparing sequences from data with shape: (956, 4)
2025-03-28 14:28:17,387 - root - INFO - Creating 927 sequences...
2025-03-28 14:28:17,389 - root - INFO - Sequence preparation completed. X shape: (927, 24, 22), y shape: (927, 6)
2025-03-28 14:28:17,389 - root - INFO - Sequence preparation took 0.01 seconds
2025-03-28 14:28:18,217 - root - INFO - Evaluation completed in 0.84 seconds
2025-03-28 14:28:18,218 - root - INFO - Evaluation metrics - MAE: 15.37, RMSE: 17.82
2025-03-28 14:28:18,588 - root - INFO - Evaluating locality: Kurla
2025-03-28 14:28:18,588 - root - INFO - Loaded coordinates for 21 localities
2025-03-28 14:28:18,590 - root - INFO - Found 10 nearby localities for Kurla
2025-03-28 14:28:18,590 - root - INFO -   - Chembur: 2.27 km, weight: 0.3211
2025-03-28 14:28:18,591 - root - INFO -   - Sion: 2.71 km, weight: 0.2574
2025-03-28 14:28:18,591 - root - INFO -   - Dharavi: 3.21 km, weight: 0.2009
2025-03-28 14:28:18,591 - root - INFO -   - Bandra: 4.30 km, weight: 0.1163
2025-03-28 14:28:18,591 - root - INFO -   - Vile Parle: 5.34 km, weight: 0.0694
2025-03-28 14:28:18,591 - root - INFO -   - Dadar: 6.50 km, weight: 0.0388
2025-03-28 14:28:18,591 - root - INFO -   - Powai: 6.57 km, weight: 0.0374
2025-03-28 14:28:18,591 - root - INFO -   - Andheri: 6.94 km, weight: 0.0312
2025-03-28 14:28:18,591 - root - INFO -   - Juhu: 7.15 km, weight: 0.0281
2025-03-28 14:28:18,592 - root - INFO -   - Worli: 8.80 km, weight: 0.0123
2025-03-28 14:28:18,592 - root - INFO - Initializing LSTM Predictor for Kurla
2025-03-28 14:28:18,592 - root - INFO - Sequence length: 24, Prediction horizon: 6
2025-03-28 14:28:18,593 - root - INFO - Loading cleaned data from cleaned_data\Kurla_spatial_average.csv
2025-03-28 14:28:18,600 - root - INFO - Using spatial data from nearby localities to fill missing values
2025-03-28 14:28:18,601 - root - INFO - No missing PM2.5 values found
2025-03-28 14:28:18,601 - root - INFO - Loaded cleaned data with shape: (5425, 4)
2025-03-28 14:28:18,602 - root - INFO - Features selected: ['PM10', 'RH', 'AT']
2025-03-28 14:28:18,602 - root - INFO - Train data shape: (4340, 4), Test data shape: (1085, 4)
2025-03-28 14:28:18,602 - root - INFO - Training new model for Kurla
2025-03-28 14:28:18,602 - root - INFO - Preparing sequences from data with shape: (4340, 4)
2025-03-28 14:28:18,613 - root - INFO - Creating 4311 sequences...
2025-03-28 14:28:18,621 - root - INFO - Sequence preparation completed. X shape: (4311, 24, 22), y shape: (4311, 6)
2025-03-28 14:28:18,621 - root - INFO - Sequence preparation took 0.02 seconds
2025-03-28 14:28:18,621 - root - INFO - Building stacked LSTM model with residual connections, input shape: (24, 22), output size: 6
2025-03-28 14:28:18,686 - root - INFO - Model architecture:
2025-03-28 14:28:18,700 - root - INFO - Starting model training with 4340 samples
2025-03-28 14:28:18,700 - root - INFO - Training parameters - epochs: 100, batch_size: 32, validation_split: 0.2
2025-03-28 14:28:18,700 - root - INFO - Preparing sequences from data with shape: (4340, 4)
2025-03-28 14:28:18,706 - root - INFO - Creating 4311 sequences...
2025-03-28 14:28:18,715 - root - INFO - Sequence preparation completed. X shape: (4311, 24, 22), y shape: (4311, 6)
2025-03-28 14:28:18,715 - root - INFO - Sequence preparation took 0.02 seconds
2025-03-28 14:28:25,504 - root - INFO - Epoch 1 - loss: 1.2688 - mae: 0.8786 - val_loss: 1.7743 - val_mae: 1.1140
2025-03-28 14:28:27,839 - root - INFO - Epoch 2 - loss: 0.6527 - mae: 0.6321 - val_loss: 1.4820 - val_mae: 0.9953
2025-03-28 14:28:30,014 - root - INFO - Epoch 3 - loss: 0.4801 - mae: 0.5338 - val_loss: 1.4571 - val_mae: 0.9869
2025-03-28 14:28:32,244 - root - INFO - Epoch 4 - loss: 0.3750 - mae: 0.4674 - val_loss: 1.2810 - val_mae: 0.9137
2025-03-28 14:28:34,352 - root - INFO - Epoch 5 - loss: 0.3192 - mae: 0.4256 - val_loss: 1.7104 - val_mae: 1.0848
2025-03-28 14:33:02,187 - root - INFO - Evaluating 15 localities: Airport, Bandra, Borivali, Colaba, Kalyan, Kandivali, Kurla, Mahape, Mulund, Nerul, Powai, Sion, Vasai, Vileparle, Worli
2025-03-28 14:33:02,187 - root - INFO - Using sequence_length=24, prediction_horizon=6
2025-03-28 14:33:02,189 - root - INFO - Evaluating locality: Airport
2025-03-28 14:33:02,189 - root - INFO - Loaded coordinates for 21 localities
2025-03-28 14:33:02,189 - root - WARNING - No coordinates found for Airport
2025-03-28 14:33:02,189 - root - INFO - Initializing LSTM Predictor for Airport
2025-03-28 14:33:02,189 - root - INFO - Sequence length: 24, Prediction horizon: 6
2025-03-28 14:33:02,190 - root - INFO - Loading cleaned data from cleaned_data\Airport_spatial_average.csv
2025-03-28 14:33:02,200 - root - WARNING - No nearby localities found or PM2.5 not in columns, dropping NaN values
2025-03-28 14:33:02,202 - root - INFO - Loaded cleaned data with shape: (5280, 4)
2025-03-28 14:33:02,202 - root - INFO - Features selected: ['PM10', 'RH', 'AT']
2025-03-28 14:33:02,202 - root - INFO - Train data shape: (4224, 4), Test data shape: (1056, 4)
2025-03-28 14:33:02,203 - root - INFO - Loading existing model for Airport
2025-03-28 14:33:02,407 - root - INFO - Evaluating predictions for Airport
2025-03-28 14:33:02,407 - root - INFO - Preparing sequences from data with shape: (1056, 4)
2025-03-28 14:33:02,425 - root - INFO - Creating 1027 sequences...
2025-03-28 14:33:02,432 - root - INFO - Sequence preparation completed. X shape: (1027, 24, 22), y shape: (1027, 6)
2025-03-28 14:33:02,432 - root - INFO - Sequence preparation took 0.03 seconds
2025-03-28 14:33:03,390 - root - INFO - Evaluation completed in 0.98 seconds
2025-03-28 14:33:03,390 - root - INFO - Evaluation metrics - MAE: 6.40, RMSE: 8.36
2025-03-28 14:33:03,855 - root - INFO - Plots saved to plots/distance_Airport_predictions.png and plots/distance_Airport_error_distribution.png
2025-03-28 14:33:03,856 - root - INFO - Final Evaluation Results:
2025-03-28 14:33:03,856 - root - INFO - MAE: 6.40
2025-03-28 14:33:03,856 - root - INFO - RMSE: 8.36
2025-03-28 14:33:03,856 - root - INFO - MSE: 69.86
2025-03-28 14:33:03,857 - root - INFO - Evaluating locality: Bandra
2025-03-28 14:33:03,858 - root - INFO - Loaded coordinates for 21 localities
2025-03-28 14:33:03,860 - root - INFO - Found 10 nearby localities for Bandra
2025-03-28 14:33:03,860 - root - INFO -   - Dharavi: 2.26 km, weight: 0.3231
2025-03-28 14:33:03,860 - root - INFO -   - Sion: 2.60 km, weight: 0.2723
2025-03-28 14:33:03,860 - root - INFO -   - Dadar: 4.14 km, weight: 0.1262
2025-03-28 14:33:03,860 - root - INFO -   - Kurla: 4.30 km, weight: 0.1163
2025-03-28 14:33:03,860 - root - INFO -   - Vile Parle: 4.99 km, weight: 0.0825
2025-03-28 14:33:03,860 - root - INFO -   - Worli: 5.33 km, weight: 0.0697
2025-03-28 14:33:03,860 - root - INFO -   - Juhu: 5.91 km, weight: 0.0520
2025-03-28 14:33:03,860 - root - INFO -   - Chembur: 6.08 km, weight: 0.0479
2025-03-28 14:33:03,861 - root - INFO -   - Andheri: 7.19 km, weight: 0.0274
2025-03-28 14:33:03,861 - root - INFO -   - Powai: 9.98 km, weight: 0.0068
2025-03-28 14:33:03,861 - root - INFO - Initializing LSTM Predictor for Bandra
2025-03-28 14:33:03,861 - root - INFO - Sequence length: 24, Prediction horizon: 6
2025-03-28 14:33:03,861 - root - INFO - Loading cleaned data from cleaned_data\Bandra_spatial_average.csv
2025-03-28 14:33:03,870 - root - INFO - Using spatial data from nearby localities to fill missing values
2025-03-28 14:33:03,870 - root - INFO - Found 1 timestamps with missing PM2.5 values
2025-03-28 14:33:03,870 - root - WARNING - No data found for locality Dharavi
2025-03-28 14:33:03,876 - root - WARNING - No data found for locality Dadar
2025-03-28 14:33:03,883 - root - WARNING - No data found for locality Vile Parle
2025-03-28 14:33:03,891 - root - WARNING - No data found for locality Juhu
2025-03-28 14:33:03,891 - root - WARNING - No data found for locality Chembur
2025-03-28 14:33:03,891 - root - WARNING - No data found for locality Andheri
2025-03-28 14:33:03,899 - root - INFO - Filled 0 missing values using spatial data
2025-03-28 14:33:03,899 - root - INFO - Final data shape after filling: (5441, 4)
2025-03-28 14:33:03,900 - root - INFO - Loaded cleaned data with shape: (5441, 4)
2025-03-28 14:33:03,900 - root - INFO - Features selected: ['PM10', 'RH', 'AT']
2025-03-28 14:33:03,901 - root - INFO - Train data shape: (4352, 4), Test data shape: (1089, 4)
2025-03-28 14:33:03,901 - root - INFO - Loading existing model for Bandra
2025-03-28 14:33:04,062 - root - INFO - Evaluating predictions for Bandra
2025-03-28 14:33:04,062 - root - INFO - Preparing sequences from data with shape: (1089, 4)
2025-03-28 14:33:04,073 - root - INFO - Creating 1060 sequences...
2025-03-28 14:33:04,075 - root - INFO - Sequence preparation completed. X shape: (1060, 24, 22), y shape: (1060, 6)
2025-03-28 14:33:04,075 - root - INFO - Sequence preparation took 0.01 seconds
2025-03-28 14:33:04,973 - root - INFO - Evaluation completed in 0.91 seconds
2025-03-28 14:33:04,973 - root - INFO - Evaluation metrics - MAE: 8.69, RMSE: 11.81
2025-03-28 14:33:05,343 - root - INFO - Plots saved to plots/distance_Bandra_predictions.png and plots/distance_Bandra_error_distribution.png
2025-03-28 14:33:05,343 - root - INFO - Final Evaluation Results:
2025-03-28 14:33:05,343 - root - INFO - MAE: 8.69
2025-03-28 14:33:05,344 - root - INFO - RMSE: 11.81
2025-03-28 14:33:05,344 - root - INFO - MSE: 139.37
2025-03-28 14:33:05,345 - root - INFO - Evaluating locality: Borivali
2025-03-28 14:33:05,345 - root - INFO - Loaded coordinates for 21 localities
2025-03-28 14:33:05,348 - root - INFO - Found 1 nearby localities for Borivali
2025-03-28 14:33:05,348 - root - INFO -   - Malad: 4.78 km, weight: 0.0917
2025-03-28 14:33:05,348 - root - INFO - Initializing LSTM Predictor for Borivali
2025-03-28 14:33:05,348 - root - INFO - Sequence length: 24, Prediction horizon: 6
2025-03-28 14:33:05,349 - root - INFO - Loading cleaned data from cleaned_data\Borivali_spatial_average.csv
2025-03-28 14:33:05,356 - root - INFO - Using spatial data from nearby localities to fill missing values
2025-03-28 14:33:05,356 - root - INFO - No missing PM2.5 values found
2025-03-28 14:33:05,357 - root - INFO - Loaded cleaned data with shape: (5425, 4)
2025-03-28 14:33:05,357 - root - INFO - Features selected: ['PM10', 'RH', 'AT']
2025-03-28 14:33:05,357 - root - INFO - Train data shape: (4340, 4), Test data shape: (1085, 4)
2025-03-28 14:33:05,358 - root - INFO - Loading existing model for Borivali
2025-03-28 14:33:05,514 - root - INFO - Evaluating predictions for Borivali
2025-03-28 14:33:05,514 - root - INFO - Preparing sequences from data with shape: (1085, 4)
2025-03-28 14:33:05,525 - root - INFO - Creating 1056 sequences...
2025-03-28 14:33:05,527 - root - INFO - Sequence preparation completed. X shape: (1056, 24, 22), y shape: (1056, 6)
2025-03-28 14:33:05,528 - root - INFO - Sequence preparation took 0.01 seconds
2025-03-28 14:33:06,125 - root - INFO - Evaluation completed in 0.61 seconds
2025-03-28 14:33:06,125 - root - INFO - Evaluation metrics - MAE: 6.31, RMSE: 9.47
2025-03-28 14:33:06,688 - root - INFO - Plots saved to plots/distance_Borivali_predictions.png and plots/distance_Borivali_error_distribution.png
2025-03-28 14:33:06,688 - root - INFO - Final Evaluation Results:
2025-03-28 14:33:06,688 - root - INFO - MAE: 6.31
2025-03-28 14:33:06,689 - root - INFO - RMSE: 9.47
2025-03-28 14:33:06,689 - root - INFO - MSE: 89.62
2025-03-28 14:33:06,690 - root - INFO - Evaluating locality: Colaba
2025-03-28 14:33:06,690 - root - INFO - Loaded coordinates for 21 localities
2025-03-28 14:33:06,692 - root - INFO - Found 1 nearby localities for Colaba
2025-03-28 14:33:06,693 - root - INFO -   - Malabar Hill: 5.33 km, weight: 0.0696
2025-03-28 14:33:06,693 - root - INFO - Initializing LSTM Predictor for Colaba
2025-03-28 14:33:06,693 - root - INFO - Sequence length: 24, Prediction horizon: 6
2025-03-28 14:33:06,693 - root - INFO - Loading cleaned data from cleaned_data\Colaba_spatial_average.csv
2025-03-28 14:33:06,702 - root - INFO - Using spatial data from nearby localities to fill missing values
2025-03-28 14:33:06,702 - root - INFO - No missing PM2.5 values found
2025-03-28 14:33:06,702 - root - INFO - Loaded cleaned data with shape: (4801, 4)
2025-03-28 14:33:06,703 - root - INFO - Features selected: ['PM10', 'RH', 'AT']
2025-03-28 14:33:06,703 - root - INFO - Train data shape: (3840, 4), Test data shape: (961, 4)
2025-03-28 14:33:06,703 - root - INFO - Loading existing model for Colaba
2025-03-28 14:33:06,869 - root - INFO - Evaluating predictions for Colaba
2025-03-28 14:33:06,869 - root - INFO - Preparing sequences from data with shape: (961, 4)
2025-03-28 14:33:06,880 - root - INFO - Creating 932 sequences...
2025-03-28 14:33:06,882 - root - INFO - Sequence preparation completed. X shape: (932, 24, 22), y shape: (932, 6)
2025-03-28 14:33:06,882 - root - INFO - Sequence preparation took 0.01 seconds
2025-03-28 14:33:07,741 - root - INFO - Evaluation completed in 0.87 seconds
2025-03-28 14:33:07,741 - root - INFO - Evaluation metrics - MAE: 6.99, RMSE: 10.21
2025-03-28 14:33:08,130 - root - INFO - Plots saved to plots/distance_Colaba_predictions.png and plots/distance_Colaba_error_distribution.png
2025-03-28 14:33:08,131 - root - INFO - Final Evaluation Results:
2025-03-28 14:33:08,131 - root - INFO - MAE: 6.99
2025-03-28 14:33:08,131 - root - INFO - RMSE: 10.21
2025-03-28 14:33:08,131 - root - INFO - MSE: 104.21
2025-03-28 14:33:08,132 - root - INFO - Evaluating locality: Kalyan
2025-03-28 14:33:08,132 - root - INFO - Loaded coordinates for 21 localities
2025-03-28 14:33:08,134 - root - INFO - Found 0 nearby localities for Kalyan
2025-03-28 14:33:08,134 - root - INFO - Initializing LSTM Predictor for Kalyan
2025-03-28 14:33:08,135 - root - INFO - Sequence length: 24, Prediction horizon: 6
2025-03-28 14:33:08,135 - root - INFO - Loading cleaned data from cleaned_data\Kalyan_spatial_average.csv
2025-03-28 14:33:08,144 - root - WARNING - No nearby localities found or PM2.5 not in columns, dropping NaN values
2025-03-28 14:33:08,145 - root - INFO - Loaded cleaned data with shape: (5404, 4)
2025-03-28 14:33:08,145 - root - INFO - Features selected: ['PM10', 'RH', 'AT']
2025-03-28 14:33:08,145 - root - INFO - Train data shape: (4323, 4), Test data shape: (1081, 4)
2025-03-28 14:33:08,145 - root - INFO - Loading existing model for Kalyan
2025-03-28 14:33:08,345 - root - INFO - Evaluating predictions for Kalyan
2025-03-28 14:33:08,346 - root - INFO - Preparing sequences from data with shape: (1081, 4)
2025-03-28 14:33:08,357 - root - INFO - Creating 1052 sequences...
2025-03-28 14:33:08,359 - root - INFO - Sequence preparation completed. X shape: (1052, 24, 22), y shape: (1052, 6)
2025-03-28 14:33:08,359 - root - INFO - Sequence preparation took 0.01 seconds
2025-03-28 14:33:09,291 - root - INFO - Evaluation completed in 0.94 seconds
2025-03-28 14:33:09,291 - root - INFO - Evaluation metrics - MAE: 9.42, RMSE: 15.69
2025-03-28 14:33:09,683 - root - INFO - Plots saved to plots/distance_Kalyan_predictions.png and plots/distance_Kalyan_error_distribution.png
2025-03-28 14:33:09,684 - root - INFO - Final Evaluation Results:
2025-03-28 14:33:09,685 - root - INFO - MAE: 9.42
2025-03-28 14:33:09,686 - root - INFO - RMSE: 15.69
2025-03-28 14:33:09,686 - root - INFO - MSE: 246.18
2025-03-28 14:33:09,687 - root - INFO - Evaluating locality: Kandivali
2025-03-28 14:33:09,688 - root - INFO - Loaded coordinates for 21 localities
2025-03-28 14:33:09,689 - root - WARNING - No coordinates found for Kandivali
2025-03-28 14:33:09,689 - root - INFO - Initializing LSTM Predictor for Kandivali
2025-03-28 14:33:09,689 - root - INFO - Sequence length: 24, Prediction horizon: 6
2025-03-28 14:33:09,690 - root - INFO - Loading cleaned data from cleaned_data\Kandivali_spatial_average.csv
2025-03-28 14:33:09,701 - root - WARNING - No nearby localities found or PM2.5 not in columns, dropping NaN values
2025-03-28 14:33:09,703 - root - INFO - Loaded cleaned data with shape: (4776, 4)
2025-03-28 14:33:09,703 - root - INFO - Features selected: ['PM10', 'RH', 'AT']
2025-03-28 14:33:09,703 - root - INFO - Train data shape: (3820, 4), Test data shape: (956, 4)
2025-03-28 14:33:09,704 - root - INFO - Loading existing model for Kandivali
2025-03-28 14:33:09,895 - root - INFO - Evaluating predictions for Kandivali
2025-03-28 14:33:09,896 - root - INFO - Preparing sequences from data with shape: (956, 4)
2025-03-28 14:33:09,909 - root - INFO - Creating 927 sequences...
2025-03-28 14:33:09,912 - root - INFO - Sequence preparation completed. X shape: (927, 24, 22), y shape: (927, 6)
2025-03-28 14:33:09,912 - root - INFO - Sequence preparation took 0.02 seconds
2025-03-28 14:33:10,809 - root - INFO - Evaluation completed in 0.91 seconds
2025-03-28 14:33:10,809 - root - INFO - Evaluation metrics - MAE: 8.75, RMSE: 12.72
2025-03-28 14:33:11,215 - root - INFO - Plots saved to plots/distance_Kandivali_predictions.png and plots/distance_Kandivali_error_distribution.png
2025-03-28 14:33:11,216 - root - INFO - Final Evaluation Results:
2025-03-28 14:33:11,216 - root - INFO - MAE: 8.75
2025-03-28 14:33:11,216 - root - INFO - RMSE: 12.72
2025-03-28 14:33:11,216 - root - INFO - MSE: 161.81
2025-03-28 14:33:11,217 - root - INFO - Evaluating locality: Kurla
2025-03-28 14:33:11,218 - root - INFO - Loaded coordinates for 21 localities
2025-03-28 14:33:11,220 - root - INFO - Found 10 nearby localities for Kurla
2025-03-28 14:33:11,220 - root - INFO -   - Chembur: 2.27 km, weight: 0.3211
2025-03-28 14:33:11,220 - root - INFO -   - Sion: 2.71 km, weight: 0.2574
2025-03-28 14:33:11,220 - root - INFO -   - Dharavi: 3.21 km, weight: 0.2009
2025-03-28 14:33:11,220 - root - INFO -   - Bandra: 4.30 km, weight: 0.1163
2025-03-28 14:33:11,221 - root - INFO -   - Vile Parle: 5.34 km, weight: 0.0694
2025-03-28 14:33:11,221 - root - INFO -   - Dadar: 6.50 km, weight: 0.0388
2025-03-28 14:33:11,221 - root - INFO -   - Powai: 6.57 km, weight: 0.0374
2025-03-28 14:33:11,221 - root - INFO -   - Andheri: 6.94 km, weight: 0.0312
2025-03-28 14:33:11,221 - root - INFO -   - Juhu: 7.15 km, weight: 0.0281
2025-03-28 14:33:11,221 - root - INFO -   - Worli: 8.80 km, weight: 0.0123
2025-03-28 14:33:11,222 - root - INFO - Initializing LSTM Predictor for Kurla
2025-03-28 14:33:11,222 - root - INFO - Sequence length: 24, Prediction horizon: 6
2025-03-28 14:33:11,222 - root - INFO - Loading cleaned data from cleaned_data\Kurla_spatial_average.csv
2025-03-28 14:33:11,230 - root - INFO - Using spatial data from nearby localities to fill missing values
2025-03-28 14:33:11,231 - root - INFO - No missing PM2.5 values found
2025-03-28 14:33:11,231 - root - INFO - Loaded cleaned data with shape: (5425, 4)
2025-03-28 14:33:11,232 - root - INFO - Features selected: ['PM10', 'RH', 'AT']
2025-03-28 14:33:11,232 - root - INFO - Train data shape: (4340, 4), Test data shape: (1085, 4)
2025-03-28 14:33:11,232 - root - INFO - Training new model for Kurla
2025-03-28 14:33:11,232 - root - INFO - Preparing sequences from data with shape: (4340, 4)
2025-03-28 14:33:11,244 - root - INFO - Creating 4311 sequences...
2025-03-28 14:33:11,251 - root - INFO - Sequence preparation completed. X shape: (4311, 24, 22), y shape: (4311, 6)
2025-03-28 14:33:11,251 - root - INFO - Sequence preparation took 0.02 seconds
2025-03-28 14:33:11,251 - root - INFO - Building stacked LSTM model with residual connections, input shape: (24, 22), output size: 6
2025-03-28 14:33:11,302 - root - INFO - Model architecture:
2025-03-28 14:33:11,320 - root - INFO - Starting model training with 4340 samples
2025-03-28 14:33:11,320 - root - INFO - Training parameters - epochs: 100, batch_size: 32, validation_split: 0.2
2025-03-28 14:33:11,320 - root - INFO - Preparing sequences from data with shape: (4340, 4)
2025-03-28 14:33:11,329 - root - INFO - Creating 4311 sequences...
2025-03-28 14:33:11,336 - root - INFO - Sequence preparation completed. X shape: (4311, 24, 22), y shape: (4311, 6)
2025-03-28 14:33:11,337 - root - INFO - Sequence preparation took 0.02 seconds
2025-03-28 14:33:18,209 - root - INFO - Epoch 1 - loss: 1.2952 - mae: 0.8938 - val_loss: 2.0390 - val_mae: 1.2029
2025-03-28 14:35:18,941 - root - INFO - Evaluating 15 localities: Airport, Bandra, Borivali, Colaba, Kalyan, Kandivali, Kurla, Mahape, Mulund, Nerul, Powai, Sion, Vasai, Vileparle, Worli
2025-03-28 14:35:18,942 - root - INFO - Using sequence_length=24, prediction_horizon=6
2025-03-28 14:35:18,943 - root - INFO - Evaluating locality: Airport
2025-03-28 14:35:18,943 - root - INFO - Loaded coordinates for 21 localities
2025-03-28 14:35:18,943 - root - WARNING - No coordinates found for Airport
2025-03-28 14:35:18,944 - root - INFO - Initializing LSTM Predictor for Airport
2025-03-28 14:35:18,944 - root - INFO - Sequence length: 24, Prediction horizon: 6
2025-03-28 14:35:18,944 - root - INFO - Loading cleaned data from cleaned_data\Airport_spatial_average.csv
2025-03-28 14:35:18,956 - root - WARNING - No nearby localities found or PM2.5 not in columns, dropping NaN values
2025-03-28 14:35:18,958 - root - INFO - Loaded cleaned data with shape: (5280, 4)
2025-03-28 14:35:18,958 - root - INFO - Features selected: ['PM10', 'RH', 'AT']
2025-03-28 14:35:18,958 - root - INFO - Train data shape: (4224, 4), Test data shape: (1056, 4)
2025-03-28 14:35:18,958 - root - INFO - Loading existing model for Airport
2025-03-28 14:35:19,167 - root - INFO - Evaluating predictions for Airport
2025-03-28 14:35:19,168 - root - INFO - Preparing sequences from data with shape: (1056, 4)
2025-03-28 14:35:19,181 - root - INFO - Creating 1027 sequences...
2025-03-28 14:35:19,182 - root - INFO - Sequence preparation completed. X shape: (1027, 24, 22), y shape: (1027, 6)
2025-03-28 14:35:19,182 - root - INFO - Sequence preparation took 0.01 seconds
2025-03-28 14:35:20,228 - root - INFO - Evaluation completed in 1.06 seconds
2025-03-28 14:35:20,228 - root - INFO - Evaluation metrics - MAE: 6.40, RMSE: 8.36
2025-03-28 14:35:20,712 - root - INFO - Plots saved to plots/distance_Airport_predictions.png and plots/distance_Airport_error_distribution.png
2025-03-28 14:35:20,713 - root - INFO - Final Evaluation Results:
2025-03-28 14:35:20,713 - root - INFO - MAE: 6.40
2025-03-28 14:35:20,713 - root - INFO - RMSE: 8.36
2025-03-28 14:35:20,713 - root - INFO - MSE: 69.86
2025-03-28 14:35:20,714 - root - INFO - Evaluating locality: Bandra
2025-03-28 14:35:20,714 - root - INFO - Loaded coordinates for 21 localities
2025-03-28 14:35:20,716 - root - INFO - Found 10 nearby localities for Bandra
2025-03-28 14:35:20,717 - root - INFO -   - Dharavi: 2.26 km, weight: 0.3231
2025-03-28 14:35:20,717 - root - INFO -   - Sion: 2.60 km, weight: 0.2723
2025-03-28 14:35:20,717 - root - INFO -   - Dadar: 4.14 km, weight: 0.1262
2025-03-28 14:35:20,717 - root - INFO -   - Kurla: 4.30 km, weight: 0.1163
2025-03-28 14:35:20,717 - root - INFO -   - Vile Parle: 4.99 km, weight: 0.0825
2025-03-28 14:35:20,717 - root - INFO -   - Worli: 5.33 km, weight: 0.0697
2025-03-28 14:35:20,717 - root - INFO -   - Juhu: 5.91 km, weight: 0.0520
2025-03-28 14:35:20,717 - root - INFO -   - Chembur: 6.08 km, weight: 0.0479
2025-03-28 14:35:20,718 - root - INFO -   - Andheri: 7.19 km, weight: 0.0274
2025-03-28 14:35:20,718 - root - INFO -   - Powai: 9.98 km, weight: 0.0068
2025-03-28 14:35:20,718 - root - INFO - Initializing LSTM Predictor for Bandra
2025-03-28 14:35:20,718 - root - INFO - Sequence length: 24, Prediction horizon: 6
2025-03-28 14:35:20,719 - root - INFO - Loading cleaned data from cleaned_data\Bandra_spatial_average.csv
2025-03-28 14:35:20,728 - root - INFO - Using spatial data from nearby localities to fill missing values
2025-03-28 14:35:20,728 - root - INFO - Found 1 timestamps with missing PM2.5 values
2025-03-28 14:35:20,729 - root - WARNING - No data found for locality Dharavi
2025-03-28 14:35:20,737 - root - WARNING - No data found for locality Dadar
2025-03-28 14:35:20,744 - root - WARNING - No data found for locality Vile Parle
2025-03-28 14:35:20,751 - root - WARNING - No data found for locality Juhu
2025-03-28 14:35:20,752 - root - WARNING - No data found for locality Chembur
2025-03-28 14:35:20,752 - root - WARNING - No data found for locality Andheri
2025-03-28 14:35:20,761 - root - INFO - Filled 0 missing values using spatial data
2025-03-28 14:35:20,762 - root - INFO - Final data shape after filling: (5441, 4)
2025-03-28 14:35:20,763 - root - INFO - Loaded cleaned data with shape: (5441, 4)
2025-03-28 14:35:20,763 - root - INFO - Features selected: ['PM10', 'RH', 'AT']
2025-03-28 14:35:20,763 - root - INFO - Train data shape: (4352, 4), Test data shape: (1089, 4)
2025-03-28 14:35:20,764 - root - INFO - Loading existing model for Bandra
2025-03-28 14:35:20,936 - root - INFO - Evaluating predictions for Bandra
2025-03-28 14:35:20,937 - root - INFO - Preparing sequences from data with shape: (1089, 4)
2025-03-28 14:35:20,946 - root - INFO - Creating 1060 sequences...
2025-03-28 14:35:20,949 - root - INFO - Sequence preparation completed. X shape: (1060, 24, 22), y shape: (1060, 6)
2025-03-28 14:35:20,949 - root - INFO - Sequence preparation took 0.01 seconds
2025-03-28 14:35:21,826 - root - INFO - Evaluation completed in 0.89 seconds
2025-03-28 14:35:21,826 - root - INFO - Evaluation metrics - MAE: 8.69, RMSE: 11.81
2025-03-28 14:35:22,222 - root - INFO - Plots saved to plots/distance_Bandra_predictions.png and plots/distance_Bandra_error_distribution.png
2025-03-28 14:35:22,222 - root - INFO - Final Evaluation Results:
2025-03-28 14:35:22,222 - root - INFO - MAE: 8.69
2025-03-28 14:35:22,223 - root - INFO - RMSE: 11.81
2025-03-28 14:35:22,223 - root - INFO - MSE: 139.37
2025-03-28 14:35:22,224 - root - INFO - Evaluating locality: Borivali
2025-03-28 14:35:22,224 - root - INFO - Loaded coordinates for 21 localities
2025-03-28 14:35:22,226 - root - INFO - Found 1 nearby localities for Borivali
2025-03-28 14:35:22,226 - root - INFO -   - Malad: 4.78 km, weight: 0.0917
2025-03-28 14:35:22,226 - root - INFO - Initializing LSTM Predictor for Borivali
2025-03-28 14:35:22,226 - root - INFO - Sequence length: 24, Prediction horizon: 6
2025-03-28 14:35:22,227 - root - INFO - Loading cleaned data from cleaned_data\Borivali_spatial_average.csv
2025-03-28 14:35:22,234 - root - INFO - Using spatial data from nearby localities to fill missing values
2025-03-28 14:35:22,235 - root - INFO - No missing PM2.5 values found
2025-03-28 14:35:22,235 - root - INFO - Loaded cleaned data with shape: (5425, 4)
2025-03-28 14:35:22,236 - root - INFO - Features selected: ['PM10', 'RH', 'AT']
2025-03-28 14:35:22,236 - root - INFO - Train data shape: (4340, 4), Test data shape: (1085, 4)
2025-03-28 14:35:22,236 - root - INFO - Loading existing model for Borivali
2025-03-28 14:35:22,400 - root - INFO - Evaluating predictions for Borivali
2025-03-28 14:35:22,401 - root - INFO - Preparing sequences from data with shape: (1085, 4)
2025-03-28 14:35:22,411 - root - INFO - Creating 1056 sequences...
2025-03-28 14:35:22,414 - root - INFO - Sequence preparation completed. X shape: (1056, 24, 22), y shape: (1056, 6)
2025-03-28 14:35:22,415 - root - INFO - Sequence preparation took 0.01 seconds
2025-03-28 14:35:22,980 - root - INFO - Evaluation completed in 0.58 seconds
2025-03-28 14:35:22,980 - root - INFO - Evaluation metrics - MAE: 6.31, RMSE: 9.47
2025-03-28 14:35:23,548 - root - INFO - Plots saved to plots/distance_Borivali_predictions.png and plots/distance_Borivali_error_distribution.png
2025-03-28 14:35:23,549 - root - INFO - Final Evaluation Results:
2025-03-28 14:35:23,549 - root - INFO - MAE: 6.31
2025-03-28 14:35:23,549 - root - INFO - RMSE: 9.47
2025-03-28 14:35:23,550 - root - INFO - MSE: 89.62
2025-03-28 14:35:23,550 - root - INFO - Evaluating locality: Colaba
2025-03-28 14:35:23,550 - root - INFO - Loaded coordinates for 21 localities
2025-03-28 14:35:23,552 - root - INFO - Found 1 nearby localities for Colaba
2025-03-28 14:35:23,552 - root - INFO -   - Malabar Hill: 5.33 km, weight: 0.0696
2025-03-28 14:35:23,553 - root - INFO - Initializing LSTM Predictor for Colaba
2025-03-28 14:35:23,553 - root - INFO - Sequence length: 24, Prediction horizon: 6
2025-03-28 14:35:23,553 - root - INFO - Loading cleaned data from cleaned_data\Colaba_spatial_average.csv
2025-03-28 14:35:23,562 - root - INFO - Using spatial data from nearby localities to fill missing values
2025-03-28 14:35:23,562 - root - INFO - No missing PM2.5 values found
2025-03-28 14:35:23,563 - root - INFO - Loaded cleaned data with shape: (4801, 4)
2025-03-28 14:35:23,563 - root - INFO - Features selected: ['PM10', 'RH', 'AT']
2025-03-28 14:35:23,563 - root - INFO - Train data shape: (3840, 4), Test data shape: (961, 4)
2025-03-28 14:35:23,563 - root - INFO - Loading existing model for Colaba
2025-03-28 14:35:23,722 - root - INFO - Evaluating predictions for Colaba
2025-03-28 14:35:23,723 - root - INFO - Preparing sequences from data with shape: (961, 4)
2025-03-28 14:35:23,732 - root - INFO - Creating 932 sequences...
2025-03-28 14:35:23,734 - root - INFO - Sequence preparation completed. X shape: (932, 24, 22), y shape: (932, 6)
2025-03-28 14:35:23,734 - root - INFO - Sequence preparation took 0.01 seconds
2025-03-28 14:35:24,594 - root - INFO - Evaluation completed in 0.87 seconds
2025-03-28 14:35:24,595 - root - INFO - Evaluation metrics - MAE: 6.99, RMSE: 10.21
2025-03-28 14:35:24,964 - root - INFO - Plots saved to plots/distance_Colaba_predictions.png and plots/distance_Colaba_error_distribution.png
2025-03-28 14:35:24,964 - root - INFO - Final Evaluation Results:
2025-03-28 14:35:24,965 - root - INFO - MAE: 6.99
2025-03-28 14:35:24,965 - root - INFO - RMSE: 10.21
2025-03-28 14:35:24,965 - root - INFO - MSE: 104.21
2025-03-28 14:35:24,966 - root - INFO - Evaluating locality: Kalyan
2025-03-28 14:35:24,966 - root - INFO - Loaded coordinates for 21 localities
2025-03-28 14:35:24,968 - root - INFO - Found 0 nearby localities for Kalyan
2025-03-28 14:35:24,969 - root - INFO - Initializing LSTM Predictor for Kalyan
2025-03-28 14:35:24,969 - root - INFO - Sequence length: 24, Prediction horizon: 6
2025-03-28 14:35:24,969 - root - INFO - Loading cleaned data from cleaned_data\Kalyan_spatial_average.csv
2025-03-28 14:35:24,979 - root - WARNING - No nearby localities found or PM2.5 not in columns, dropping NaN values
2025-03-28 14:35:24,980 - root - INFO - Loaded cleaned data with shape: (5404, 4)
2025-03-28 14:35:24,980 - root - INFO - Features selected: ['PM10', 'RH', 'AT']
2025-03-28 14:35:24,981 - root - INFO - Train data shape: (4323, 4), Test data shape: (1081, 4)
2025-03-28 14:35:24,981 - root - INFO - Loading existing model for Kalyan
2025-03-28 14:35:25,149 - root - INFO - Evaluating predictions for Kalyan
2025-03-28 14:35:25,149 - root - INFO - Preparing sequences from data with shape: (1081, 4)
2025-03-28 14:35:25,160 - root - INFO - Creating 1052 sequences...
2025-03-28 14:35:25,161 - root - INFO - Sequence preparation completed. X shape: (1052, 24, 22), y shape: (1052, 6)
2025-03-28 14:35:25,162 - root - INFO - Sequence preparation took 0.01 seconds
2025-03-28 14:35:26,224 - root - INFO - Evaluation completed in 1.08 seconds
2025-03-28 14:35:26,225 - root - INFO - Evaluation metrics - MAE: 9.42, RMSE: 15.69
2025-03-28 14:35:26,675 - root - INFO - Plots saved to plots/distance_Kalyan_predictions.png and plots/distance_Kalyan_error_distribution.png
2025-03-28 14:35:26,676 - root - INFO - Final Evaluation Results:
2025-03-28 14:35:26,676 - root - INFO - MAE: 9.42
2025-03-28 14:35:26,676 - root - INFO - RMSE: 15.69
2025-03-28 14:35:26,676 - root - INFO - MSE: 246.18
2025-03-28 14:35:26,677 - root - INFO - Evaluating locality: Kandivali
2025-03-28 14:35:26,678 - root - INFO - Loaded coordinates for 21 localities
2025-03-28 14:35:26,678 - root - WARNING - No coordinates found for Kandivali
2025-03-28 14:35:26,678 - root - INFO - Initializing LSTM Predictor for Kandivali
2025-03-28 14:35:26,678 - root - INFO - Sequence length: 24, Prediction horizon: 6
2025-03-28 14:35:26,678 - root - INFO - Loading cleaned data from cleaned_data\Kandivali_spatial_average.csv
2025-03-28 14:35:26,686 - root - WARNING - No nearby localities found or PM2.5 not in columns, dropping NaN values
2025-03-28 14:35:26,687 - root - INFO - Loaded cleaned data with shape: (4776, 4)
2025-03-28 14:35:26,687 - root - INFO - Features selected: ['PM10', 'RH', 'AT']
2025-03-28 14:35:26,688 - root - INFO - Train data shape: (3820, 4), Test data shape: (956, 4)
2025-03-28 14:35:26,688 - root - INFO - Loading existing model for Kandivali
2025-03-28 14:35:26,853 - root - INFO - Evaluating predictions for Kandivali
2025-03-28 14:35:26,853 - root - INFO - Preparing sequences from data with shape: (956, 4)
2025-03-28 14:35:26,868 - root - INFO - Creating 927 sequences...
2025-03-28 14:35:26,870 - root - INFO - Sequence preparation completed. X shape: (927, 24, 22), y shape: (927, 6)
2025-03-28 14:35:26,870 - root - INFO - Sequence preparation took 0.02 seconds
2025-03-28 14:35:27,726 - root - INFO - Evaluation completed in 0.87 seconds
2025-03-28 14:35:27,726 - root - INFO - Evaluation metrics - MAE: 8.75, RMSE: 12.72
2025-03-28 14:35:28,090 - root - INFO - Plots saved to plots/distance_Kandivali_predictions.png and plots/distance_Kandivali_error_distribution.png
2025-03-28 14:35:28,091 - root - INFO - Final Evaluation Results:
2025-03-28 14:35:28,091 - root - INFO - MAE: 8.75
2025-03-28 14:35:28,091 - root - INFO - RMSE: 12.72
2025-03-28 14:35:28,091 - root - INFO - MSE: 161.81
2025-03-28 14:35:28,092 - root - INFO - Evaluating locality: Kurla
2025-03-28 14:35:28,093 - root - INFO - Loaded coordinates for 21 localities
2025-03-28 14:35:28,095 - root - INFO - Found 10 nearby localities for Kurla
2025-03-28 14:35:28,095 - root - INFO -   - Chembur: 2.27 km, weight: 0.3211
2025-03-28 14:35:28,095 - root - INFO -   - Sion: 2.71 km, weight: 0.2574
2025-03-28 14:35:28,095 - root - INFO -   - Dharavi: 3.21 km, weight: 0.2009
2025-03-28 14:35:28,095 - root - INFO -   - Bandra: 4.30 km, weight: 0.1163
2025-03-28 14:35:28,095 - root - INFO -   - Vile Parle: 5.34 km, weight: 0.0694
2025-03-28 14:35:28,095 - root - INFO -   - Dadar: 6.50 km, weight: 0.0388
2025-03-28 14:35:28,096 - root - INFO -   - Powai: 6.57 km, weight: 0.0374
2025-03-28 14:35:28,096 - root - INFO -   - Andheri: 6.94 km, weight: 0.0312
2025-03-28 14:35:28,096 - root - INFO -   - Juhu: 7.15 km, weight: 0.0281
2025-03-28 14:35:28,096 - root - INFO -   - Worli: 8.80 km, weight: 0.0123
2025-03-28 14:35:28,097 - root - INFO - Initializing LSTM Predictor for Kurla
2025-03-28 14:35:28,097 - root - INFO - Sequence length: 24, Prediction horizon: 6
2025-03-28 14:35:28,097 - root - INFO - Loading cleaned data from cleaned_data\Kurla_spatial_average.csv
2025-03-28 14:35:28,105 - root - INFO - Using spatial data from nearby localities to fill missing values
2025-03-28 14:35:28,106 - root - INFO - No missing PM2.5 values found
2025-03-28 14:35:28,106 - root - INFO - Loaded cleaned data with shape: (5425, 4)
2025-03-28 14:35:28,106 - root - INFO - Features selected: ['PM10', 'RH', 'AT']
2025-03-28 14:35:28,107 - root - INFO - Train data shape: (4340, 4), Test data shape: (1085, 4)
2025-03-28 14:35:28,107 - root - INFO - Training new model for Kurla
2025-03-28 14:35:28,107 - root - INFO - Preparing sequences from data with shape: (4340, 4)
2025-03-28 14:35:28,119 - root - INFO - Creating 4311 sequences...
2025-03-28 14:35:28,129 - root - INFO - Sequence preparation completed. X shape: (4311, 24, 22), y shape: (4311, 6)
2025-03-28 14:35:28,129 - root - INFO - Sequence preparation took 0.02 seconds
2025-03-28 14:35:28,130 - root - INFO - Building stacked LSTM model with residual connections, input shape: (24, 22), output size: 6
2025-03-28 14:35:28,179 - root - INFO - Model architecture:
2025-03-28 14:35:28,203 - root - INFO - Starting model training with 4340 samples
2025-03-28 14:35:28,203 - root - INFO - Training parameters - epochs: 100, batch_size: 32, validation_split: 0.2
2025-03-28 14:35:28,203 - root - INFO - Preparing sequences from data with shape: (4340, 4)
2025-03-28 14:35:28,211 - root - INFO - Creating 4311 sequences...
2025-03-28 14:35:28,222 - root - INFO - Sequence preparation completed. X shape: (4311, 24, 22), y shape: (4311, 6)
2025-03-28 14:35:28,222 - root - INFO - Sequence preparation took 0.02 seconds
2025-03-28 14:35:34,953 - root - INFO - Epoch 1 - loss: 1.2940 - mae: 0.8825 - val_loss: 1.6200 - val_mae: 1.0468
2025-03-28 14:35:37,175 - root - INFO - Epoch 2 - loss: 0.6637 - mae: 0.6337 - val_loss: 1.4124 - val_mae: 0.9591
2025-03-28 14:35:39,590 - root - INFO - Epoch 3 - loss: 0.4785 - mae: 0.5278 - val_loss: 1.3296 - val_mae: 0.9232
2025-03-28 14:35:41,660 - root - INFO - Epoch 4 - loss: 0.3786 - mae: 0.4654 - val_loss: 1.4426 - val_mae: 0.9833
2025-03-28 14:35:43,845 - root - INFO - Epoch 5 - loss: 0.3224 - mae: 0.4246 - val_loss: 1.5061 - val_mae: 1.0047
2025-03-28 14:35:46,142 - root - INFO - Epoch 6 - loss: 0.2867 - mae: 0.3990 - val_loss: 1.5697 - val_mae: 1.0327
2025-03-28 14:35:48,344 - root - INFO - Epoch 7 - loss: 0.2651 - mae: 0.3818 - val_loss: 1.8487 - val_mae: 1.1526
2025-03-28 14:35:50,429 - root - INFO - Epoch 8 - loss: 0.2438 - mae: 0.3668 - val_loss: 1.6551 - val_mae: 1.0759
2025-03-28 14:35:52,621 - root - INFO - Epoch 9 - loss: 0.2366 - mae: 0.3604 - val_loss: 1.3092 - val_mae: 0.9262
2025-03-28 14:35:54,941 - root - INFO - Epoch 10 - loss: 0.2216 - mae: 0.3492 - val_loss: 1.6188 - val_mae: 1.0585
2025-03-28 14:35:57,125 - root - INFO - Epoch 11 - loss: 0.2200 - mae: 0.3464 - val_loss: 1.5863 - val_mae: 1.0468
2025-03-28 14:35:59,332 - root - INFO - Epoch 12 - loss: 0.2081 - mae: 0.3377 - val_loss: 1.4836 - val_mae: 1.0004
2025-03-28 14:36:01,559 - root - INFO - Epoch 13 - loss: 0.2006 - mae: 0.3307 - val_loss: 1.7804 - val_mae: 1.1193
2025-03-28 14:36:03,911 - root - INFO - Epoch 14 - loss: 0.1958 - mae: 0.3262 - val_loss: 1.8463 - val_mae: 1.1557
2025-03-28 14:36:06,234 - root - INFO - Epoch 15 - loss: 0.1937 - mae: 0.3257 - val_loss: 1.8634 - val_mae: 1.1641
2025-03-28 14:36:08,361 - root - INFO - Epoch 16 - loss: 0.1900 - mae: 0.3216 - val_loss: 1.9922 - val_mae: 1.2078
2025-03-28 14:36:10,906 - root - INFO - Epoch 17 - loss: 0.1863 - mae: 0.3171 - val_loss: 1.9582 - val_mae: 1.1939
2025-03-28 14:36:13,329 - root - INFO - Epoch 18 - loss: 0.1844 - mae: 0.3146 - val_loss: 1.9307 - val_mae: 1.1713
2025-03-28 14:36:15,643 - root - INFO - Epoch 19 - loss: 0.1828 - mae: 0.3131 - val_loss: 1.5996 - val_mae: 1.0504
2025-03-28 14:36:17,994 - root - INFO - Epoch 20 - loss: 0.1710 - mae: 0.3025 - val_loss: 1.9050 - val_mae: 1.1702
2025-03-28 14:36:20,191 - root - INFO - Epoch 21 - loss: 0.1658 - mae: 0.2982 - val_loss: 1.9014 - val_mae: 1.1697
2025-03-28 14:36:22,563 - root - INFO - Epoch 22 - loss: 0.1650 - mae: 0.2964 - val_loss: 2.0172 - val_mae: 1.2126
2025-03-28 14:36:24,795 - root - INFO - Epoch 23 - loss: 0.1626 - mae: 0.2947 - val_loss: 1.6620 - val_mae: 1.0740
2025-03-28 14:36:26,910 - root - INFO - Epoch 24 - loss: 0.1593 - mae: 0.2917 - val_loss: 1.8197 - val_mae: 1.1352
2025-03-28 14:36:29,162 - root - INFO - Epoch 25 - loss: 0.1586 - mae: 0.2914 - val_loss: 1.6544 - val_mae: 1.0733
2025-03-28 14:36:34,166 - root - INFO - Evaluating 15 localities: Airport, Bandra, Borivali, Colaba, Kalyan, Kandivali, Kurla, Mahape, Mulund, Nerul, Powai, Sion, Vasai, Vileparle, Worli
2025-03-28 14:36:34,166 - root - INFO - Using sequence_length=24, prediction_horizon=6
2025-03-28 14:36:34,167 - root - INFO - Evaluating locality: Airport
2025-03-28 14:36:34,167 - root - INFO - Loaded coordinates for 21 localities
2025-03-28 14:36:34,168 - root - WARNING - No coordinates found for Airport
2025-03-28 14:36:34,168 - root - INFO - Initializing LSTM Predictor for Airport
2025-03-28 14:36:34,168 - root - INFO - Sequence length: 24, Prediction horizon: 6
2025-03-28 14:36:34,168 - root - INFO - Loading cleaned data from cleaned_data\Airport_spatial_average.csv
2025-03-28 14:36:34,181 - root - WARNING - No nearby localities found or PM2.5 not in columns, dropping NaN values
2025-03-28 14:36:34,182 - root - INFO - Loaded cleaned data with shape: (5280, 4)
2025-03-28 14:36:34,182 - root - INFO - Features selected: ['PM10', 'RH', 'AT']
2025-03-28 14:36:34,182 - root - INFO - Train data shape: (4224, 4), Test data shape: (1056, 4)
2025-03-28 14:36:34,182 - root - INFO - Loading existing model for Airport
2025-03-28 14:36:34,402 - root - INFO - Evaluating predictions for Airport
2025-03-28 14:36:34,402 - root - INFO - Preparing sequences from data with shape: (1056, 4)
2025-03-28 14:36:34,413 - root - INFO - Creating 1027 sequences...
2025-03-28 14:36:34,415 - root - INFO - Sequence preparation completed. X shape: (1027, 24, 22), y shape: (1027, 6)
2025-03-28 14:36:34,415 - root - INFO - Sequence preparation took 0.01 seconds
2025-03-28 14:36:35,372 - root - INFO - Evaluation completed in 0.97 seconds
2025-03-28 14:36:35,373 - root - INFO - Evaluation metrics - MAE: 6.40, RMSE: 8.36
2025-03-28 14:36:35,884 - root - INFO - Plots saved to plots/distance_Airport_predictions.png and plots/distance_Airport_error_distribution.png
2025-03-28 14:36:35,885 - root - INFO - Final Evaluation Results:
2025-03-28 14:36:35,886 - root - INFO - MAE: 6.40
2025-03-28 14:36:35,886 - root - INFO - RMSE: 8.36
2025-03-28 14:36:35,886 - root - INFO - MSE: 69.86
2025-03-28 14:36:35,887 - root - INFO - Evaluating locality: Bandra
2025-03-28 14:36:35,887 - root - INFO - Loaded coordinates for 21 localities
2025-03-28 14:36:35,890 - root - INFO - Found 10 nearby localities for Bandra
2025-03-28 14:36:35,890 - root - INFO -   - Dharavi: 2.26 km, weight: 0.3231
2025-03-28 14:36:35,890 - root - INFO -   - Sion: 2.60 km, weight: 0.2723
2025-03-28 14:36:35,890 - root - INFO -   - Dadar: 4.14 km, weight: 0.1262
2025-03-28 14:36:35,891 - root - INFO -   - Kurla: 4.30 km, weight: 0.1163
2025-03-28 14:36:35,891 - root - INFO -   - Vile Parle: 4.99 km, weight: 0.0825
2025-03-28 14:36:35,891 - root - INFO -   - Worli: 5.33 km, weight: 0.0697
2025-03-28 14:36:35,891 - root - INFO -   - Juhu: 5.91 km, weight: 0.0520
2025-03-28 14:36:35,891 - root - INFO -   - Chembur: 6.08 km, weight: 0.0479
2025-03-28 14:36:35,891 - root - INFO -   - Andheri: 7.19 km, weight: 0.0274
2025-03-28 14:36:35,891 - root - INFO -   - Powai: 9.98 km, weight: 0.0068
2025-03-28 14:36:35,892 - root - INFO - Initializing LSTM Predictor for Bandra
2025-03-28 14:36:35,892 - root - INFO - Sequence length: 24, Prediction horizon: 6
2025-03-28 14:36:35,892 - root - INFO - Loading cleaned data from cleaned_data\Bandra_spatial_average.csv
2025-03-28 14:36:35,901 - root - INFO - Using spatial data from nearby localities to fill missing values
2025-03-28 14:36:35,901 - root - INFO - Found 1 timestamps with missing PM2.5 values
2025-03-28 14:36:35,901 - root - WARNING - No data found for locality Dharavi
2025-03-28 14:36:35,909 - root - WARNING - No data found for locality Dadar
2025-03-28 14:36:35,916 - root - WARNING - No data found for locality Vile Parle
2025-03-28 14:36:35,923 - root - WARNING - No data found for locality Juhu
2025-03-28 14:36:35,923 - root - WARNING - No data found for locality Chembur
2025-03-28 14:36:35,924 - root - WARNING - No data found for locality Andheri
2025-03-28 14:36:35,932 - root - INFO - Filled 0 missing values using spatial data
2025-03-28 14:36:35,932 - root - INFO - Final data shape after filling: (5441, 4)
2025-03-28 14:36:35,932 - root - INFO - Loaded cleaned data with shape: (5441, 4)
2025-03-28 14:36:35,933 - root - INFO - Features selected: ['PM10', 'RH', 'AT']
2025-03-28 14:36:35,933 - root - INFO - Train data shape: (4352, 4), Test data shape: (1089, 4)
2025-03-28 14:36:35,934 - root - INFO - Loading existing model for Bandra
2025-03-28 14:36:36,097 - root - INFO - Evaluating predictions for Bandra
2025-03-28 14:36:36,097 - root - INFO - Preparing sequences from data with shape: (1089, 4)
2025-03-28 14:36:36,108 - root - INFO - Creating 1060 sequences...
2025-03-28 14:36:36,110 - root - INFO - Sequence preparation completed. X shape: (1060, 24, 22), y shape: (1060, 6)
2025-03-28 14:36:36,110 - root - INFO - Sequence preparation took 0.01 seconds
2025-03-28 14:36:37,073 - root - INFO - Evaluation completed in 0.98 seconds
2025-03-28 14:36:37,073 - root - INFO - Evaluation metrics - MAE: 8.69, RMSE: 11.81
2025-03-28 14:36:37,511 - root - INFO - Plots saved to plots/distance_Bandra_predictions.png and plots/distance_Bandra_error_distribution.png
2025-03-28 14:36:37,512 - root - INFO - Final Evaluation Results:
2025-03-28 14:36:37,512 - root - INFO - MAE: 8.69
2025-03-28 14:36:37,512 - root - INFO - RMSE: 11.81
2025-03-28 14:36:37,512 - root - INFO - MSE: 139.37
2025-03-28 14:36:37,513 - root - INFO - Evaluating locality: Borivali
2025-03-28 14:36:37,514 - root - INFO - Loaded coordinates for 21 localities
2025-03-28 14:36:37,516 - root - INFO - Found 1 nearby localities for Borivali
2025-03-28 14:36:37,516 - root - INFO -   - Malad: 4.78 km, weight: 0.0917
2025-03-28 14:36:37,516 - root - INFO - Initializing LSTM Predictor for Borivali
2025-03-28 14:36:37,516 - root - INFO - Sequence length: 24, Prediction horizon: 6
2025-03-28 14:36:37,517 - root - INFO - Loading cleaned data from cleaned_data\Borivali_spatial_average.csv
2025-03-28 14:36:37,525 - root - INFO - Using spatial data from nearby localities to fill missing values
2025-03-28 14:36:37,526 - root - INFO - No missing PM2.5 values found
2025-03-28 14:36:37,526 - root - INFO - Loaded cleaned data with shape: (5425, 4)
2025-03-28 14:36:37,526 - root - INFO - Features selected: ['PM10', 'RH', 'AT']
2025-03-28 14:36:37,526 - root - INFO - Train data shape: (4340, 4), Test data shape: (1085, 4)
2025-03-28 14:36:37,527 - root - INFO - Loading existing model for Borivali
2025-03-28 14:36:37,728 - root - INFO - Evaluating predictions for Borivali
2025-03-28 14:36:37,728 - root - INFO - Preparing sequences from data with shape: (1085, 4)
2025-03-28 14:36:37,741 - root - INFO - Creating 1056 sequences...
2025-03-28 14:36:37,743 - root - INFO - Sequence preparation completed. X shape: (1056, 24, 22), y shape: (1056, 6)
2025-03-28 14:36:37,744 - root - INFO - Sequence preparation took 0.02 seconds
2025-03-28 14:36:38,434 - root - INFO - Evaluation completed in 0.71 seconds
2025-03-28 14:36:38,435 - root - INFO - Evaluation metrics - MAE: 6.31, RMSE: 9.47
2025-03-28 14:36:39,038 - root - INFO - Plots saved to plots/distance_Borivali_predictions.png and plots/distance_Borivali_error_distribution.png
2025-03-28 14:36:39,038 - root - INFO - Final Evaluation Results:
2025-03-28 14:36:39,039 - root - INFO - MAE: 6.31
2025-03-28 14:36:39,039 - root - INFO - RMSE: 9.47
2025-03-28 14:36:39,039 - root - INFO - MSE: 89.62
2025-03-28 14:36:39,040 - root - INFO - Evaluating locality: Colaba
2025-03-28 14:36:39,040 - root - INFO - Loaded coordinates for 21 localities
2025-03-28 14:36:39,042 - root - INFO - Found 1 nearby localities for Colaba
2025-03-28 14:36:39,042 - root - INFO -   - Malabar Hill: 5.33 km, weight: 0.0696
2025-03-28 14:36:39,043 - root - INFO - Initializing LSTM Predictor for Colaba
2025-03-28 14:36:39,043 - root - INFO - Sequence length: 24, Prediction horizon: 6
2025-03-28 14:36:39,043 - root - INFO - Loading cleaned data from cleaned_data\Colaba_spatial_average.csv
2025-03-28 14:36:39,051 - root - INFO - Using spatial data from nearby localities to fill missing values
2025-03-28 14:36:39,052 - root - INFO - No missing PM2.5 values found
2025-03-28 14:36:39,052 - root - INFO - Loaded cleaned data with shape: (4801, 4)
2025-03-28 14:36:39,053 - root - INFO - Features selected: ['PM10', 'RH', 'AT']
2025-03-28 14:36:39,053 - root - INFO - Train data shape: (3840, 4), Test data shape: (961, 4)
2025-03-28 14:36:39,053 - root - INFO - Loading existing model for Colaba
2025-03-28 14:36:39,220 - root - INFO - Evaluating predictions for Colaba
2025-03-28 14:36:39,220 - root - INFO - Preparing sequences from data with shape: (961, 4)
2025-03-28 14:36:39,230 - root - INFO - Creating 932 sequences...
2025-03-28 14:36:39,233 - root - INFO - Sequence preparation completed. X shape: (932, 24, 22), y shape: (932, 6)
2025-03-28 14:36:39,233 - root - INFO - Sequence preparation took 0.01 seconds
2025-03-28 14:36:40,187 - root - INFO - Evaluation completed in 0.97 seconds
2025-03-28 14:36:40,187 - root - INFO - Evaluation metrics - MAE: 6.99, RMSE: 10.21
2025-03-28 14:36:40,576 - root - INFO - Plots saved to plots/distance_Colaba_predictions.png and plots/distance_Colaba_error_distribution.png
2025-03-28 14:36:40,577 - root - INFO - Final Evaluation Results:
2025-03-28 14:36:40,577 - root - INFO - MAE: 6.99
2025-03-28 14:36:40,577 - root - INFO - RMSE: 10.21
2025-03-28 14:36:40,577 - root - INFO - MSE: 104.21
2025-03-28 14:36:40,578 - root - INFO - Evaluating locality: Kalyan
2025-03-28 14:36:40,578 - root - INFO - Loaded coordinates for 21 localities
2025-03-28 14:36:40,580 - root - INFO - Found 0 nearby localities for Kalyan
2025-03-28 14:36:40,581 - root - INFO - Initializing LSTM Predictor for Kalyan
2025-03-28 14:36:40,581 - root - INFO - Sequence length: 24, Prediction horizon: 6
2025-03-28 14:36:40,581 - root - INFO - Loading cleaned data from cleaned_data\Kalyan_spatial_average.csv
2025-03-28 14:36:40,590 - root - WARNING - No nearby localities found or PM2.5 not in columns, dropping NaN values
2025-03-28 14:36:40,591 - root - INFO - Loaded cleaned data with shape: (5404, 4)
2025-03-28 14:36:40,591 - root - INFO - Features selected: ['PM10', 'RH', 'AT']
2025-03-28 14:36:40,591 - root - INFO - Train data shape: (4323, 4), Test data shape: (1081, 4)
2025-03-28 14:36:40,591 - root - INFO - Loading existing model for Kalyan
2025-03-28 14:36:40,766 - root - INFO - Evaluating predictions for Kalyan
2025-03-28 14:36:40,767 - root - INFO - Preparing sequences from data with shape: (1081, 4)
2025-03-28 14:36:40,778 - root - INFO - Creating 1052 sequences...
2025-03-28 14:36:40,782 - root - INFO - Sequence preparation completed. X shape: (1052, 24, 22), y shape: (1052, 6)
2025-03-28 14:36:40,782 - root - INFO - Sequence preparation took 0.01 seconds
2025-03-28 14:36:41,765 - root - INFO - Evaluation completed in 1.00 seconds
2025-03-28 14:36:41,765 - root - INFO - Evaluation metrics - MAE: 9.42, RMSE: 15.69
2025-03-28 14:36:42,193 - root - INFO - Plots saved to plots/distance_Kalyan_predictions.png and plots/distance_Kalyan_error_distribution.png
2025-03-28 14:36:42,193 - root - INFO - Final Evaluation Results:
2025-03-28 14:36:42,193 - root - INFO - MAE: 9.42
2025-03-28 14:36:42,194 - root - INFO - RMSE: 15.69
2025-03-28 14:36:42,194 - root - INFO - MSE: 246.18
2025-03-28 14:36:42,195 - root - INFO - Evaluating locality: Kandivali
2025-03-28 14:36:42,195 - root - INFO - Loaded coordinates for 21 localities
2025-03-28 14:36:42,195 - root - WARNING - No coordinates found for Kandivali
2025-03-28 14:36:42,195 - root - INFO - Initializing LSTM Predictor for Kandivali
2025-03-28 14:36:42,195 - root - INFO - Sequence length: 24, Prediction horizon: 6
2025-03-28 14:36:42,195 - root - INFO - Loading cleaned data from cleaned_data\Kandivali_spatial_average.csv
2025-03-28 14:36:42,204 - root - WARNING - No nearby localities found or PM2.5 not in columns, dropping NaN values
2025-03-28 14:36:42,205 - root - INFO - Loaded cleaned data with shape: (4776, 4)
2025-03-28 14:36:42,205 - root - INFO - Features selected: ['PM10', 'RH', 'AT']
2025-03-28 14:36:42,205 - root - INFO - Train data shape: (3820, 4), Test data shape: (956, 4)
2025-03-28 14:36:42,205 - root - INFO - Loading existing model for Kandivali
2025-03-28 14:36:42,372 - root - INFO - Evaluating predictions for Kandivali
2025-03-28 14:36:42,372 - root - INFO - Preparing sequences from data with shape: (956, 4)
2025-03-28 14:36:42,383 - root - INFO - Creating 927 sequences...
2025-03-28 14:36:42,385 - root - INFO - Sequence preparation completed. X shape: (927, 24, 22), y shape: (927, 6)
2025-03-28 14:36:42,385 - root - INFO - Sequence preparation took 0.01 seconds
2025-03-28 14:36:43,269 - root - INFO - Evaluation completed in 0.90 seconds
2025-03-28 14:36:43,269 - root - INFO - Evaluation metrics - MAE: 8.75, RMSE: 12.72
2025-03-28 14:36:43,656 - root - INFO - Plots saved to plots/distance_Kandivali_predictions.png and plots/distance_Kandivali_error_distribution.png
2025-03-28 14:36:43,657 - root - INFO - Final Evaluation Results:
2025-03-28 14:36:43,657 - root - INFO - MAE: 8.75
2025-03-28 14:36:43,657 - root - INFO - RMSE: 12.72
2025-03-28 14:36:43,657 - root - INFO - MSE: 161.81
2025-03-28 14:36:43,658 - root - INFO - Evaluating locality: Kurla
2025-03-28 14:36:43,658 - root - INFO - Loaded coordinates for 21 localities
2025-03-28 14:36:43,660 - root - INFO - Found 10 nearby localities for Kurla
2025-03-28 14:36:43,660 - root - INFO -   - Chembur: 2.27 km, weight: 0.3211
2025-03-28 14:36:43,660 - root - INFO -   - Sion: 2.71 km, weight: 0.2574
2025-03-28 14:36:43,660 - root - INFO -   - Dharavi: 3.21 km, weight: 0.2009
2025-03-28 14:36:43,660 - root - INFO -   - Bandra: 4.30 km, weight: 0.1163
2025-03-28 14:36:43,660 - root - INFO -   - Vile Parle: 5.34 km, weight: 0.0694
2025-03-28 14:36:43,661 - root - INFO -   - Dadar: 6.50 km, weight: 0.0388
2025-03-28 14:36:43,661 - root - INFO -   - Powai: 6.57 km, weight: 0.0374
2025-03-28 14:36:43,661 - root - INFO -   - Andheri: 6.94 km, weight: 0.0312
2025-03-28 14:36:43,661 - root - INFO -   - Juhu: 7.15 km, weight: 0.0281
2025-03-28 14:36:43,662 - root - INFO -   - Worli: 8.80 km, weight: 0.0123
2025-03-28 14:36:43,662 - root - INFO - Initializing LSTM Predictor for Kurla
2025-03-28 14:36:43,662 - root - INFO - Sequence length: 24, Prediction horizon: 6
2025-03-28 14:36:43,662 - root - INFO - Loading cleaned data from cleaned_data\Kurla_spatial_average.csv
2025-03-28 14:36:43,670 - root - INFO - Using spatial data from nearby localities to fill missing values
2025-03-28 14:36:43,670 - root - INFO - No missing PM2.5 values found
2025-03-28 14:36:43,671 - root - INFO - Loaded cleaned data with shape: (5425, 4)
2025-03-28 14:36:43,671 - root - INFO - Features selected: ['PM10', 'RH', 'AT']
2025-03-28 14:36:43,671 - root - INFO - Train data shape: (4340, 4), Test data shape: (1085, 4)
2025-03-28 14:36:43,672 - root - INFO - Training new model for Kurla
2025-03-28 14:36:43,672 - root - INFO - Preparing sequences from data with shape: (4340, 4)
2025-03-28 14:36:43,685 - root - INFO - Creating 4311 sequences...
2025-03-28 14:36:43,694 - root - INFO - Sequence preparation completed. X shape: (4311, 24, 22), y shape: (4311, 6)
2025-03-28 14:36:43,694 - root - INFO - Sequence preparation took 0.02 seconds
2025-03-28 14:36:43,695 - root - INFO - Building stacked LSTM model with residual connections, input shape: (24, 22), output size: 6
2025-03-28 14:36:43,748 - root - INFO - Model architecture:
2025-03-28 14:36:43,767 - root - INFO - Starting model training with 4340 samples
2025-03-28 14:36:43,767 - root - INFO - Training parameters - epochs: 100, batch_size: 32, validation_split: 0.2
2025-03-28 14:36:43,768 - root - INFO - Preparing sequences from data with shape: (4340, 4)
2025-03-28 14:36:43,778 - root - INFO - Creating 4311 sequences...
2025-03-28 14:36:43,786 - root - INFO - Sequence preparation completed. X shape: (4311, 24, 22), y shape: (4311, 6)
2025-03-28 14:36:43,786 - root - INFO - Sequence preparation took 0.02 seconds
2025-03-28 14:36:53,797 - root - INFO - Epoch 1 - loss: 1.2204 - mae: 0.8615 - val_loss: 1.8655 - val_mae: 1.1463
2025-03-28 14:36:56,616 - root - INFO - Epoch 2 - loss: 0.6408 - mae: 0.6256 - val_loss: 1.4341 - val_mae: 0.9725
2025-03-28 14:36:59,386 - root - INFO - Epoch 3 - loss: 0.4751 - mae: 0.5325 - val_loss: 1.3217 - val_mae: 0.9254
2025-03-28 14:37:01,892 - root - INFO - Epoch 4 - loss: 0.3827 - mae: 0.4731 - val_loss: 1.2610 - val_mae: 0.8955
2025-03-28 14:37:06,678 - root - INFO - Evaluating 15 localities: Airport, Bandra, Borivali, Colaba, Kalyan, Kandivali, Kurla, Mahape, Mulund, Nerul, Powai, Sion, Vasai, Vileparle, Worli
2025-03-28 14:37:06,678 - root - INFO - Using sequence_length=24, prediction_horizon=6
2025-03-28 14:37:06,680 - root - INFO - Evaluating locality: Airport
2025-03-28 14:37:06,680 - root - INFO - Loaded coordinates for 21 localities
2025-03-28 14:37:06,680 - root - WARNING - No coordinates found for Airport
2025-03-28 14:37:06,680 - root - INFO - Initializing LSTM Predictor for Airport
2025-03-28 14:37:06,680 - root - INFO - Sequence length: 24, Prediction horizon: 6
2025-03-28 14:37:06,681 - root - INFO - Loading cleaned data from cleaned_data\Airport_spatial_average.csv
2025-03-28 14:37:06,695 - root - WARNING - No nearby localities found or PM2.5 not in columns, dropping NaN values
2025-03-28 14:37:06,697 - root - INFO - Loaded cleaned data with shape: (5280, 4)
2025-03-28 14:37:06,697 - root - INFO - Features selected: ['PM10', 'RH', 'AT']
2025-03-28 14:37:06,697 - root - INFO - Train data shape: (4224, 4), Test data shape: (1056, 4)
2025-03-28 14:37:06,697 - root - INFO - Loading existing model for Airport
2025-03-28 14:37:06,950 - root - INFO - Evaluating predictions for Airport
2025-03-28 14:37:06,951 - root - INFO - Preparing sequences from data with shape: (1056, 4)
2025-03-28 14:37:06,966 - root - INFO - Creating 1027 sequences...
2025-03-28 14:37:06,969 - root - INFO - Sequence preparation completed. X shape: (1027, 24, 22), y shape: (1027, 6)
2025-03-28 14:37:06,969 - root - INFO - Sequence preparation took 0.02 seconds
2025-03-28 14:37:07,553 - root - ERROR - Error evaluating model for Airport: 'charmap' codec can't encode characters in position 21-40: character maps to <undefined>
2025-03-28 14:37:07,555 - root - INFO - Evaluating locality: Bandra
2025-03-28 14:37:07,555 - root - INFO - Loaded coordinates for 21 localities
2025-03-28 14:37:07,559 - root - INFO - Found 10 nearby localities for Bandra
2025-03-28 14:37:07,559 - root - INFO -   - Dharavi: 2.26 km, weight: 0.3231
2025-03-28 14:37:07,559 - root - INFO -   - Sion: 2.60 km, weight: 0.2723
2025-03-28 14:37:07,559 - root - INFO -   - Dadar: 4.14 km, weight: 0.1262
2025-03-28 14:37:07,559 - root - INFO -   - Kurla: 4.30 km, weight: 0.1163
2025-03-28 14:37:07,559 - root - INFO -   - Vile Parle: 4.99 km, weight: 0.0825
2025-03-28 14:37:07,559 - root - INFO -   - Worli: 5.33 km, weight: 0.0697
2025-03-28 14:37:07,560 - root - INFO -   - Juhu: 5.91 km, weight: 0.0520
2025-03-28 14:37:07,560 - root - INFO -   - Chembur: 6.08 km, weight: 0.0479
2025-03-28 14:37:07,560 - root - INFO -   - Andheri: 7.19 km, weight: 0.0274
2025-03-28 14:37:07,560 - root - INFO -   - Powai: 9.98 km, weight: 0.0068
2025-03-28 14:37:07,560 - root - INFO - Initializing LSTM Predictor for Bandra
2025-03-28 14:37:07,560 - root - INFO - Sequence length: 24, Prediction horizon: 6
2025-03-28 14:37:07,560 - root - INFO - Loading cleaned data from cleaned_data\Bandra_spatial_average.csv
2025-03-28 14:37:07,573 - root - INFO - Using spatial data from nearby localities to fill missing values
2025-03-28 14:37:07,574 - root - INFO - Found 1 timestamps with missing PM2.5 values
2025-03-28 14:37:07,574 - root - WARNING - No data found for locality Dharavi
2025-03-28 14:37:07,582 - root - WARNING - No data found for locality Dadar
2025-03-28 14:37:07,592 - root - WARNING - No data found for locality Vile Parle
2025-03-28 14:37:07,611 - root - WARNING - No data found for locality Juhu
2025-03-28 14:37:07,611 - root - WARNING - No data found for locality Chembur
2025-03-28 14:37:07,611 - root - WARNING - No data found for locality Andheri
2025-03-28 14:37:07,627 - root - INFO - Filled 0 missing values using spatial data
2025-03-28 14:37:07,627 - root - INFO - Final data shape after filling: (5441, 4)
2025-03-28 14:37:07,628 - root - INFO - Loaded cleaned data with shape: (5441, 4)
2025-03-28 14:37:07,628 - root - INFO - Features selected: ['PM10', 'RH', 'AT']
2025-03-28 14:37:07,628 - root - INFO - Train data shape: (4352, 4), Test data shape: (1089, 4)
2025-03-28 14:37:07,629 - root - INFO - Loading existing model for Bandra
2025-03-28 14:37:07,842 - root - INFO - Evaluating predictions for Bandra
2025-03-28 14:37:07,842 - root - INFO - Preparing sequences from data with shape: (1089, 4)
2025-03-28 14:37:07,854 - root - INFO - Creating 1060 sequences...
2025-03-28 14:37:07,857 - root - INFO - Sequence preparation completed. X shape: (1060, 24, 22), y shape: (1060, 6)
2025-03-28 14:37:07,857 - root - INFO - Sequence preparation took 0.01 seconds
2025-03-28 14:37:08,357 - root - ERROR - Error evaluating model for Bandra: 'charmap' codec can't encode characters in position 21-40: character maps to <undefined>
2025-03-28 14:37:08,358 - root - INFO - Evaluating locality: Borivali
2025-03-28 14:37:08,358 - root - INFO - Loaded coordinates for 21 localities
2025-03-28 14:37:08,361 - root - INFO - Found 1 nearby localities for Borivali
2025-03-28 14:37:08,361 - root - INFO -   - Malad: 4.78 km, weight: 0.0917
2025-03-28 14:37:08,361 - root - INFO - Initializing LSTM Predictor for Borivali
2025-03-28 14:37:08,361 - root - INFO - Sequence length: 24, Prediction horizon: 6
2025-03-28 14:37:08,362 - root - INFO - Loading cleaned data from cleaned_data\Borivali_spatial_average.csv
2025-03-28 14:37:08,374 - root - INFO - Using spatial data from nearby localities to fill missing values
2025-03-28 14:37:08,374 - root - INFO - No missing PM2.5 values found
2025-03-28 14:37:08,375 - root - INFO - Loaded cleaned data with shape: (5425, 4)
2025-03-28 14:37:08,375 - root - INFO - Features selected: ['PM10', 'RH', 'AT']
2025-03-28 14:37:08,375 - root - INFO - Train data shape: (4340, 4), Test data shape: (1085, 4)
2025-03-28 14:37:08,375 - root - INFO - Loading existing model for Borivali
2025-03-28 14:37:08,576 - root - INFO - Evaluating predictions for Borivali
2025-03-28 14:37:08,576 - root - INFO - Preparing sequences from data with shape: (1085, 4)
2025-03-28 14:37:08,592 - root - INFO - Creating 1056 sequences...
2025-03-28 14:37:08,594 - root - INFO - Sequence preparation completed. X shape: (1056, 24, 22), y shape: (1056, 6)
2025-03-28 14:37:08,594 - root - INFO - Sequence preparation took 0.02 seconds
2025-03-28 14:37:09,012 - root - ERROR - Error evaluating model for Borivali: 'charmap' codec can't encode characters in position 21-40: character maps to <undefined>
2025-03-28 14:37:09,013 - root - INFO - Evaluating locality: Colaba
2025-03-28 14:37:09,013 - root - INFO - Loaded coordinates for 21 localities
2025-03-28 14:37:09,015 - root - INFO - Found 1 nearby localities for Colaba
2025-03-28 14:37:09,015 - root - INFO -   - Malabar Hill: 5.33 km, weight: 0.0696
2025-03-28 14:37:09,015 - root - INFO - Initializing LSTM Predictor for Colaba
2025-03-28 14:37:09,015 - root - INFO - Sequence length: 24, Prediction horizon: 6
2025-03-28 14:37:09,016 - root - INFO - Loading cleaned data from cleaned_data\Colaba_spatial_average.csv
2025-03-28 14:37:09,025 - root - INFO - Using spatial data from nearby localities to fill missing values
2025-03-28 14:37:09,025 - root - INFO - No missing PM2.5 values found
2025-03-28 14:37:09,026 - root - INFO - Loaded cleaned data with shape: (4801, 4)
2025-03-28 14:37:09,026 - root - INFO - Features selected: ['PM10', 'RH', 'AT']
2025-03-28 14:37:09,026 - root - INFO - Train data shape: (3840, 4), Test data shape: (961, 4)
2025-03-28 14:37:09,026 - root - INFO - Loading existing model for Colaba
2025-03-28 14:37:09,223 - root - INFO - Evaluating predictions for Colaba
2025-03-28 14:37:09,223 - root - INFO - Preparing sequences from data with shape: (961, 4)
2025-03-28 14:37:09,236 - root - INFO - Creating 932 sequences...
2025-03-28 14:37:09,238 - root - INFO - Sequence preparation completed. X shape: (932, 24, 22), y shape: (932, 6)
2025-03-28 14:37:09,238 - root - INFO - Sequence preparation took 0.02 seconds
2025-03-28 14:37:09,644 - root - ERROR - Error evaluating model for Colaba: 'charmap' codec can't encode characters in position 21-40: character maps to <undefined>
2025-03-28 14:37:09,646 - root - INFO - Evaluating locality: Kalyan
2025-03-28 14:37:09,646 - root - INFO - Loaded coordinates for 21 localities
2025-03-28 14:37:09,649 - root - INFO - Found 0 nearby localities for Kalyan
2025-03-28 14:37:09,649 - root - INFO - Initializing LSTM Predictor for Kalyan
2025-03-28 14:37:09,649 - root - INFO - Sequence length: 24, Prediction horizon: 6
2025-03-28 14:37:09,650 - root - INFO - Loading cleaned data from cleaned_data\Kalyan_spatial_average.csv
2025-03-28 14:37:09,662 - root - WARNING - No nearby localities found or PM2.5 not in columns, dropping NaN values
2025-03-28 14:37:09,664 - root - INFO - Loaded cleaned data with shape: (5404, 4)
2025-03-28 14:37:09,664 - root - INFO - Features selected: ['PM10', 'RH', 'AT']
2025-03-28 14:37:09,664 - root - INFO - Train data shape: (4323, 4), Test data shape: (1081, 4)
2025-03-28 14:37:09,665 - root - INFO - Loading existing model for Kalyan
2025-03-28 14:37:09,869 - root - INFO - Evaluating predictions for Kalyan
2025-03-28 14:37:09,869 - root - INFO - Preparing sequences from data with shape: (1081, 4)
2025-03-28 14:37:09,880 - root - INFO - Creating 1052 sequences...
2025-03-28 14:37:09,883 - root - INFO - Sequence preparation completed. X shape: (1052, 24, 22), y shape: (1052, 6)
2025-03-28 14:37:09,883 - root - INFO - Sequence preparation took 0.01 seconds
2025-03-28 14:37:10,306 - tensorflow - WARNING - 5 out of the last 9 calls to <function TensorFlowTrainer.make_predict_function.<locals>.one_step_on_data_distributed at 0x000001CBF4CC7D80> triggered tf.function retracing. Tracing is expensive and the excessive number of tracings could be due to (1) creating @tf.function repeatedly in a loop, (2) passing tensors with different shapes, (3) passing Python objects instead of tensors. For (1), please define your @tf.function outside of the loop. For (2), @tf.function has reduce_retracing=True option that can avoid unnecessary retracing. For (3), please refer to https://www.tensorflow.org/guide/function#controlling_retracing and https://www.tensorflow.org/api_docs/python/tf/function for  more details.
2025-03-28 14:37:10,316 - root - ERROR - Error evaluating model for Kalyan: 'charmap' codec can't encode characters in position 21-40: character maps to <undefined>
2025-03-28 14:37:10,318 - root - INFO - Evaluating locality: Kandivali
2025-03-28 14:37:10,318 - root - INFO - Loaded coordinates for 21 localities
2025-03-28 14:37:10,318 - root - WARNING - No coordinates found for Kandivali
2025-03-28 14:37:10,318 - root - INFO - Initializing LSTM Predictor for Kandivali
2025-03-28 14:37:10,318 - root - INFO - Sequence length: 24, Prediction horizon: 6
2025-03-28 14:37:10,319 - root - INFO - Loading cleaned data from cleaned_data\Kandivali_spatial_average.csv
2025-03-28 14:37:10,329 - root - WARNING - No nearby localities found or PM2.5 not in columns, dropping NaN values
2025-03-28 14:37:10,331 - root - INFO - Loaded cleaned data with shape: (4776, 4)
2025-03-28 14:37:10,331 - root - INFO - Features selected: ['PM10', 'RH', 'AT']
2025-03-28 14:37:10,331 - root - INFO - Train data shape: (3820, 4), Test data shape: (956, 4)
2025-03-28 14:37:10,331 - root - INFO - Loading existing model for Kandivali
2025-03-28 14:37:10,521 - root - INFO - Evaluating predictions for Kandivali
2025-03-28 14:37:10,521 - root - INFO - Preparing sequences from data with shape: (956, 4)
2025-03-28 14:37:10,533 - root - INFO - Creating 927 sequences...
2025-03-28 14:37:10,535 - root - INFO - Sequence preparation completed. X shape: (927, 24, 22), y shape: (927, 6)
2025-03-28 14:37:10,535 - root - INFO - Sequence preparation took 0.01 seconds
2025-03-28 14:37:10,904 - tensorflow - WARNING - 6 out of the last 11 calls to <function TensorFlowTrainer.make_predict_function.<locals>.one_step_on_data_distributed at 0x000001CBF4C4D120> triggered tf.function retracing. Tracing is expensive and the excessive number of tracings could be due to (1) creating @tf.function repeatedly in a loop, (2) passing tensors with different shapes, (3) passing Python objects instead of tensors. For (1), please define your @tf.function outside of the loop. For (2), @tf.function has reduce_retracing=True option that can avoid unnecessary retracing. For (3), please refer to https://www.tensorflow.org/guide/function#controlling_retracing and https://www.tensorflow.org/api_docs/python/tf/function for  more details.
2025-03-28 14:37:10,914 - root - ERROR - Error evaluating model for Kandivali: 'charmap' codec can't encode characters in position 21-40: character maps to <undefined>
2025-03-28 14:37:10,915 - root - INFO - Evaluating locality: Kurla
2025-03-28 14:37:10,915 - root - INFO - Loaded coordinates for 21 localities
2025-03-28 14:37:10,918 - root - INFO - Found 10 nearby localities for Kurla
2025-03-28 14:37:10,918 - root - INFO -   - Chembur: 2.27 km, weight: 0.3211
2025-03-28 14:37:10,918 - root - INFO -   - Sion: 2.71 km, weight: 0.2574
2025-03-28 14:37:10,918 - root - INFO -   - Dharavi: 3.21 km, weight: 0.2009
2025-03-28 14:37:10,918 - root - INFO -   - Bandra: 4.30 km, weight: 0.1163
2025-03-28 14:37:10,918 - root - INFO -   - Vile Parle: 5.34 km, weight: 0.0694
2025-03-28 14:37:10,918 - root - INFO -   - Dadar: 6.50 km, weight: 0.0388
2025-03-28 14:37:10,919 - root - INFO -   - Powai: 6.57 km, weight: 0.0374
2025-03-28 14:37:10,919 - root - INFO -   - Andheri: 6.94 km, weight: 0.0312
2025-03-28 14:37:10,919 - root - INFO -   - Juhu: 7.15 km, weight: 0.0281
2025-03-28 14:37:10,919 - root - INFO -   - Worli: 8.80 km, weight: 0.0123
2025-03-28 14:37:10,919 - root - INFO - Initializing LSTM Predictor for Kurla
2025-03-28 14:37:10,919 - root - INFO - Sequence length: 24, Prediction horizon: 6
2025-03-28 14:37:10,919 - root - INFO - Loading cleaned data from cleaned_data\Kurla_spatial_average.csv
2025-03-28 14:37:10,932 - root - INFO - Using spatial data from nearby localities to fill missing values
2025-03-28 14:37:10,932 - root - INFO - No missing PM2.5 values found
2025-03-28 14:37:10,933 - root - INFO - Loaded cleaned data with shape: (5425, 4)
2025-03-28 14:37:10,933 - root - INFO - Features selected: ['PM10', 'RH', 'AT']
2025-03-28 14:37:10,933 - root - INFO - Train data shape: (4340, 4), Test data shape: (1085, 4)
2025-03-28 14:37:10,933 - root - INFO - Training new model for Kurla
2025-03-28 14:37:10,933 - root - INFO - Preparing sequences from data with shape: (4340, 4)
2025-03-28 14:37:10,948 - root - INFO - Creating 4311 sequences...
2025-03-28 14:37:10,957 - root - INFO - Sequence preparation completed. X shape: (4311, 24, 22), y shape: (4311, 6)
2025-03-28 14:37:10,957 - root - INFO - Sequence preparation took 0.02 seconds
2025-03-28 14:37:10,957 - root - INFO - Building stacked LSTM model with residual connections, input shape: (24, 22), output size: 6
2025-03-28 14:37:11,020 - root - INFO - Model architecture:
2025-03-28 14:37:11,038 - root - INFO - Model: "functional"
+--------------------------------------------------------------------------+
| Layer (type)        | Output Shape      |    Param # | Connected to      |
|---------------------+-------------------+------------+-------------------|
| input_layer         | (None, 24, 22)    |          0 | -                 |
| (InputLayer)        |                   |            |                   |
|---------------------+-------------------+------------+-------------------|
| batch_normalization | (None, 24, 22)    |         88 | input_layer[0][0] |
| (BatchNormalizatio… |                   |            |                   |
|---------------------+-------------------+------------+-------------------|
| lstm (LSTM)         | (None, 24, 128)   |     77,312 | batch_normalizat… |
|---------------------+-------------------+------------+-------------------|
| dropout (Dropout)   | (None, 24, 128)   |          0 | lstm[0][0]        |
|---------------------+-------------------+------------+-------------------|
| batch_normalizatio… | (None, 24, 128)   |        512 | dropout[0][0]     |
| (BatchNormalizatio… |                   |            |                   |
|---------------------+-------------------+------------+-------------------|
| lstm_1 (LSTM)       | (None, 24, 128)   |    131,584 | batch_normalizat… |
|---------------------+-------------------+------------+-------------------|
| dropout_1 (Dropout) | (None, 24, 128)   |          0 | lstm_1[0][0]      |
|---------------------+-------------------+------------+-------------------|
| add (Add)           | (None, 24, 128)   |          0 | dropout[0][0],    |
|                     |                   |            | dropout_1[0][0]   |
|---------------------+-------------------+------------+-------------------|
| batch_normalizatio… | (None, 24, 128)   |        512 | add[0][0]         |
| (BatchNormalizatio… |                   |            |                   |
|---------------------+-------------------+------------+-------------------|
| lstm_2 (LSTM)       | (None, 64)        |     49,408 | batch_normalizat… |
|---------------------+-------------------+------------+-------------------|
| dropout_2 (Dropout) | (None, 64)        |          0 | lstm_2[0][0]      |
|---------------------+-------------------+------------+-------------------|
| batch_normalizatio… | (None, 64)        |        256 | dropout_2[0][0]   |
| (BatchNormalizatio… |                   |            |                   |
|---------------------+-------------------+------------+-------------------|
| dense (Dense)       | (None, 64)        |      4,160 | batch_normalizat… |
|---------------------+-------------------+------------+-------------------|
| dropout_3 (Dropout) | (None, 64)        |          0 | dense[0][0]       |
|---------------------+-------------------+------------+-------------------|
| batch_normalizatio… | (None, 64)        |        256 | dropout_3[0][0]   |
| (BatchNormalizatio… |                   |            |                   |
|---------------------+-------------------+------------+-------------------|
| dense_1 (Dense)     | (None, 32)        |      2,080 | batch_normalizat… |
|---------------------+-------------------+------------+-------------------|
| dropout_4 (Dropout) | (None, 32)        |          0 | dense_1[0][0]     |
|---------------------+-------------------+------------+-------------------|
| batch_normalizatio… | (None, 32)        |        128 | dropout_4[0][0]   |
| (BatchNormalizatio… |                   |            |                   |
|---------------------+-------------------+------------+-------------------|
| dense_2 (Dense)     | (None, 6)         |        198 | batch_normalizat… |
+--------------------------------------------------------------------------+
 Total params: 266,494 (1.02 MB)
 Trainable params: 265,618 (1.01 MB)
 Non-trainable params: 876 (3.42 KB)

2025-03-28 14:37:11,038 - root - INFO - Starting model training with 4340 samples
2025-03-28 14:37:11,038 - root - INFO - Training parameters - epochs: 100, batch_size: 32, validation_split: 0.2
2025-03-28 14:37:11,038 - root - INFO - Preparing sequences from data with shape: (4340, 4)
2025-03-28 14:37:11,051 - root - INFO - Creating 4311 sequences...
2025-03-28 14:37:11,063 - root - INFO - Sequence preparation completed. X shape: (4311, 24, 22), y shape: (4311, 6)
2025-03-28 14:37:11,063 - root - INFO - Sequence preparation took 0.02 seconds
2025-03-28 14:37:17,952 - root - INFO - Epoch 1 - loss: 1.3116 - mae: 0.8981 - val_loss: 2.0900 - val_mae: 1.2169
2025-03-28 14:37:20,279 - root - INFO - Epoch 2 - loss: 0.7046 - mae: 0.6520 - val_loss: 1.4871 - val_mae: 0.9946
2025-03-28 14:37:22,358 - root - INFO - Epoch 3 - loss: 0.5068 - mae: 0.5482 - val_loss: 1.5368 - val_mae: 1.0119
2025-03-28 14:37:24,516 - root - INFO - Epoch 4 - loss: 0.4009 - mae: 0.4827 - val_loss: 1.3167 - val_mae: 0.9182
2025-03-28 14:37:26,715 - root - INFO - Epoch 5 - loss: 0.3258 - mae: 0.4320 - val_loss: 1.7585 - val_mae: 1.0961
2025-03-28 14:37:28,847 - root - INFO - Epoch 6 - loss: 0.2910 - mae: 0.4044 - val_loss: 1.4299 - val_mae: 0.9762
2025-03-28 14:37:30,941 - root - INFO - Epoch 7 - loss: 0.2621 - mae: 0.3811 - val_loss: 1.7290 - val_mae: 1.0899
2025-03-28 14:37:33,092 - root - INFO - Epoch 8 - loss: 0.2466 - mae: 0.3670 - val_loss: 1.5376 - val_mae: 1.0150
2025-03-28 14:37:35,319 - root - INFO - Epoch 9 - loss: 0.2375 - mae: 0.3620 - val_loss: 1.8048 - val_mae: 1.1216
2025-03-28 14:37:37,690 - root - INFO - Epoch 10 - loss: 0.2240 - mae: 0.3513 - val_loss: 1.7807 - val_mae: 1.1147
2025-03-28 14:37:39,982 - root - INFO - Epoch 11 - loss: 0.2143 - mae: 0.3434 - val_loss: 1.8214 - val_mae: 1.1284
2025-03-28 14:37:42,454 - root - INFO - Epoch 12 - loss: 0.2113 - mae: 0.3389 - val_loss: 1.8357 - val_mae: 1.1459
2025-03-28 14:37:44,841 - root - INFO - Epoch 13 - loss: 0.2015 - mae: 0.3297 - val_loss: 1.8535 - val_mae: 1.1403
2025-03-28 14:37:47,066 - root - INFO - Epoch 14 - loss: 0.1963 - mae: 0.3263 - val_loss: 1.7475 - val_mae: 1.1052
2025-03-28 14:37:49,230 - root - INFO - Epoch 15 - loss: 0.1897 - mae: 0.3197 - val_loss: 1.5539 - val_mae: 1.0347
2025-03-28 14:37:51,442 - root - INFO - Epoch 16 - loss: 0.1825 - mae: 0.3126 - val_loss: 1.5002 - val_mae: 1.0118
2025-03-28 14:37:53,567 - root - INFO - Epoch 17 - loss: 0.1801 - mae: 0.3106 - val_loss: 1.4915 - val_mae: 1.0109
2025-03-28 14:37:55,743 - root - INFO - Epoch 18 - loss: 0.1748 - mae: 0.3076 - val_loss: 1.6965 - val_mae: 1.0898
2025-03-28 14:37:57,979 - root - INFO - Epoch 19 - loss: 0.1711 - mae: 0.3027 - val_loss: 1.6608 - val_mae: 1.0758
2025-03-28 14:38:00,239 - root - INFO - Epoch 20 - loss: 0.1707 - mae: 0.3025 - val_loss: 1.5899 - val_mae: 1.0524
2025-03-28 14:38:02,513 - root - INFO - Epoch 21 - loss: 0.1722 - mae: 0.3030 - val_loss: 1.6152 - val_mae: 1.0581
2025-03-28 14:38:04,651 - root - INFO - Epoch 22 - loss: 0.1662 - mae: 0.2992 - val_loss: 1.6883 - val_mae: 1.0831
2025-03-28 14:38:06,814 - root - INFO - Epoch 23 - loss: 0.1662 - mae: 0.2987 - val_loss: 1.4480 - val_mae: 0.9815
2025-03-28 14:38:09,027 - root - INFO - Epoch 24 - loss: 0.1678 - mae: 0.2992 - val_loss: 1.6974 - val_mae: 1.0887
2025-03-28 14:38:09,036 - root - INFO - Training completed in 58.00 seconds
2025-03-28 14:38:09,036 - root - INFO - Final training loss: 0.1678
2025-03-28 14:38:09,036 - root - INFO - Final validation loss: 1.6974
2025-03-28 14:38:09,092 - root - INFO - Model saved to models/lstm_Kurla_ph6.keras
2025-03-28 14:38:09,092 - root - INFO - Evaluating predictions for Kurla
2025-03-28 14:38:09,092 - root - INFO - Preparing sequences from data with shape: (1085, 4)
2025-03-28 14:38:09,099 - root - INFO - Creating 1056 sequences...
2025-03-28 14:38:09,101 - root - INFO - Sequence preparation completed. X shape: (1056, 24, 22), y shape: (1056, 6)
2025-03-28 14:38:09,101 - root - INFO - Sequence preparation took 0.01 seconds
2025-03-28 14:38:09,472 - root - ERROR - Error evaluating model for Kurla: 'charmap' codec can't encode characters in position 21-40: character maps to <undefined>
2025-03-28 14:38:09,473 - root - INFO - Evaluating locality: Mahape
2025-03-28 14:38:09,474 - root - INFO - Loaded coordinates for 21 localities
2025-03-28 14:38:09,474 - root - WARNING - No coordinates found for Mahape
2025-03-28 14:38:09,474 - root - INFO - Initializing LSTM Predictor for Mahape
2025-03-28 14:38:09,474 - root - INFO - Sequence length: 24, Prediction horizon: 6
2025-03-28 14:38:09,475 - root - INFO - Loading cleaned data from cleaned_data\Mahape_spatial_average.csv
2025-03-28 14:38:09,483 - root - WARNING - No nearby localities found or PM2.5 not in columns, dropping NaN values
2025-03-28 14:38:09,484 - root - INFO - Loaded cleaned data with shape: (5295, 4)
2025-03-28 14:38:09,484 - root - INFO - Features selected: ['PM10', 'RH', 'AT']
2025-03-28 14:38:09,484 - root - INFO - Train data shape: (4236, 4), Test data shape: (1059, 4)
2025-03-28 14:38:09,484 - root - INFO - Training new model for Mahape
2025-03-28 14:38:09,484 - root - INFO - Preparing sequences from data with shape: (4236, 4)
2025-03-28 14:38:09,497 - root - INFO - Creating 4207 sequences...
2025-03-28 14:38:09,505 - root - INFO - Sequence preparation completed. X shape: (4207, 24, 22), y shape: (4207, 6)
2025-03-28 14:38:09,505 - root - INFO - Sequence preparation took 0.02 seconds
2025-03-28 14:38:09,505 - root - INFO - Building stacked LSTM model with residual connections, input shape: (24, 22), output size: 6
2025-03-28 14:38:09,566 - root - INFO - Model architecture:
2025-03-28 14:38:09,582 - root - INFO - Model: "functional_1"
+--------------------------------------------------------------------------+
| Layer (type)        | Output Shape      |    Param # | Connected to      |
|---------------------+-------------------+------------+-------------------|
| input_layer_1       | (None, 24, 22)    |          0 | -                 |
| (InputLayer)        |                   |            |                   |
|---------------------+-------------------+------------+-------------------|
| batch_normalizatio… | (None, 24, 22)    |         88 | input_layer_1[0]… |
| (BatchNormalizatio… |                   |            |                   |
|---------------------+-------------------+------------+-------------------|
| lstm_3 (LSTM)       | (None, 24, 128)   |     77,312 | batch_normalizat… |
|---------------------+-------------------+------------+-------------------|
| dropout_5 (Dropout) | (None, 24, 128)   |          0 | lstm_3[0][0]      |
|---------------------+-------------------+------------+-------------------|
| batch_normalizatio… | (None, 24, 128)   |        512 | dropout_5[0][0]   |
| (BatchNormalizatio… |                   |            |                   |
|---------------------+-------------------+------------+-------------------|
| lstm_4 (LSTM)       | (None, 24, 128)   |    131,584 | batch_normalizat… |
|---------------------+-------------------+------------+-------------------|
| dropout_6 (Dropout) | (None, 24, 128)   |          0 | lstm_4[0][0]      |
|---------------------+-------------------+------------+-------------------|
| add_1 (Add)         | (None, 24, 128)   |          0 | dropout_5[0][0],  |
|                     |                   |            | dropout_6[0][0]   |
|---------------------+-------------------+------------+-------------------|
| batch_normalizatio… | (None, 24, 128)   |        512 | add_1[0][0]       |
| (BatchNormalizatio… |                   |            |                   |
|---------------------+-------------------+------------+-------------------|
| lstm_5 (LSTM)       | (None, 64)        |     49,408 | batch_normalizat… |
|---------------------+-------------------+------------+-------------------|
| dropout_7 (Dropout) | (None, 64)        |          0 | lstm_5[0][0]      |
|---------------------+-------------------+------------+-------------------|
| batch_normalizatio… | (None, 64)        |        256 | dropout_7[0][0]   |
| (BatchNormalizatio… |                   |            |                   |
|---------------------+-------------------+------------+-------------------|
| dense_3 (Dense)     | (None, 64)        |      4,160 | batch_normalizat… |
|---------------------+-------------------+------------+-------------------|
| dropout_8 (Dropout) | (None, 64)        |          0 | dense_3[0][0]     |
|---------------------+-------------------+------------+-------------------|
| batch_normalizatio… | (None, 64)        |        256 | dropout_8[0][0]   |
| (BatchNormalizatio… |                   |            |                   |
|---------------------+-------------------+------------+-------------------|
| dense_4 (Dense)     | (None, 32)        |      2,080 | batch_normalizat… |
|---------------------+-------------------+------------+-------------------|
| dropout_9 (Dropout) | (None, 32)        |          0 | dense_4[0][0]     |
|---------------------+-------------------+------------+-------------------|
| batch_normalizatio… | (None, 32)        |        128 | dropout_9[0][0]   |
| (BatchNormalizatio… |                   |            |                   |
|---------------------+-------------------+------------+-------------------|
| dense_5 (Dense)     | (None, 6)         |        198 | batch_normalizat… |
+--------------------------------------------------------------------------+
 Total params: 266,494 (1.02 MB)
 Trainable params: 265,618 (1.01 MB)
 Non-trainable params: 876 (3.42 KB)

2025-03-28 14:38:09,582 - root - INFO - Starting model training with 4236 samples
2025-03-28 14:38:09,582 - root - INFO - Training parameters - epochs: 100, batch_size: 32, validation_split: 0.2
2025-03-28 14:38:09,582 - root - INFO - Preparing sequences from data with shape: (4236, 4)
2025-03-28 14:38:09,594 - root - INFO - Creating 4207 sequences...
2025-03-28 14:38:09,604 - root - INFO - Sequence preparation completed. X shape: (4207, 24, 22), y shape: (4207, 6)
2025-03-28 14:38:09,604 - root - INFO - Sequence preparation took 0.02 seconds
2025-03-28 14:38:16,319 - root - INFO - Epoch 1 - loss: 1.4131 - mae: 0.9254 - val_loss: 1.7789 - val_mae: 1.1314
2025-03-28 14:38:18,530 - root - INFO - Epoch 2 - loss: 0.7666 - mae: 0.6856 - val_loss: 1.7642 - val_mae: 1.1323
2025-03-28 14:38:20,664 - root - INFO - Epoch 3 - loss: 0.5697 - mae: 0.5841 - val_loss: 1.7759 - val_mae: 1.1383
2025-03-28 14:38:22,897 - root - INFO - Epoch 4 - loss: 0.4466 - mae: 0.5159 - val_loss: 1.6342 - val_mae: 1.0874
2025-03-28 14:38:25,101 - root - INFO - Epoch 5 - loss: 0.3616 - mae: 0.4593 - val_loss: 1.0001 - val_mae: 0.8005
2025-03-28 14:38:27,283 - root - INFO - Epoch 6 - loss: 0.3198 - mae: 0.4305 - val_loss: 0.9690 - val_mae: 0.8014
2025-03-28 14:38:29,432 - root - INFO - Epoch 7 - loss: 0.2939 - mae: 0.4111 - val_loss: 1.4018 - val_mae: 0.9868
2025-03-28 14:38:31,654 - root - INFO - Epoch 8 - loss: 0.2704 - mae: 0.3937 - val_loss: 1.4445 - val_mae: 1.0042
2025-03-28 14:38:33,743 - root - INFO - Epoch 9 - loss: 0.2549 - mae: 0.3803 - val_loss: 1.8105 - val_mae: 1.1571
2025-03-28 14:38:35,823 - root - INFO - Epoch 10 - loss: 0.2435 - mae: 0.3747 - val_loss: 1.2898 - val_mae: 0.9484
2025-03-28 14:38:38,034 - root - INFO - Epoch 11 - loss: 0.2429 - mae: 0.3712 - val_loss: 1.4396 - val_mae: 1.0137
2025-03-28 14:38:40,163 - root - INFO - Epoch 12 - loss: 0.2292 - mae: 0.3586 - val_loss: 1.2942 - val_mae: 0.9465
2025-03-28 14:38:42,339 - root - INFO - Epoch 13 - loss: 0.2231 - mae: 0.3577 - val_loss: 1.4071 - val_mae: 0.9837
2025-03-28 14:38:44,544 - root - INFO - Epoch 14 - loss: 0.2143 - mae: 0.3489 - val_loss: 1.3421 - val_mae: 0.9556
2025-03-28 14:38:46,660 - root - INFO - Epoch 15 - loss: 0.2119 - mae: 0.3492 - val_loss: 1.4316 - val_mae: 1.0060
2025-03-28 14:38:48,874 - root - INFO - Epoch 16 - loss: 0.2107 - mae: 0.3475 - val_loss: 1.1697 - val_mae: 0.8801
2025-03-28 14:38:51,000 - root - INFO - Epoch 17 - loss: 0.1972 - mae: 0.3371 - val_loss: 1.3512 - val_mae: 0.9745
2025-03-28 14:38:53,112 - root - INFO - Epoch 18 - loss: 0.1907 - mae: 0.3338 - val_loss: 1.1488 - val_mae: 0.8774
2025-03-28 14:38:55,295 - root - INFO - Epoch 19 - loss: 0.1839 - mae: 0.3223 - val_loss: 1.2761 - val_mae: 0.9320
2025-03-28 14:38:57,438 - root - INFO - Epoch 20 - loss: 0.1779 - mae: 0.3191 - val_loss: 1.4727 - val_mae: 1.0098
2025-03-28 14:38:59,682 - root - INFO - Epoch 21 - loss: 0.1750 - mae: 0.3176 - val_loss: 1.3156 - val_mae: 0.9440
2025-03-28 14:39:02,045 - root - INFO - Epoch 22 - loss: 0.1759 - mae: 0.3169 - val_loss: 1.5714 - val_mae: 1.0538
2025-03-28 14:39:04,407 - root - INFO - Epoch 23 - loss: 0.1724 - mae: 0.3149 - val_loss: 1.5546 - val_mae: 1.0456
2025-03-28 14:39:06,859 - root - INFO - Epoch 24 - loss: 0.1714 - mae: 0.3121 - val_loss: 1.5126 - val_mae: 1.0105
2025-03-28 14:39:09,054 - root - INFO - Epoch 25 - loss: 0.1704 - mae: 0.3118 - val_loss: 1.5459 - val_mae: 1.0291
2025-03-28 14:39:11,357 - root - INFO - Epoch 26 - loss: 0.1675 - mae: 0.3086 - val_loss: 1.5832 - val_mae: 1.0613
2025-03-28 14:39:11,367 - root - INFO - Training completed in 61.78 seconds
2025-03-28 14:39:11,367 - root - INFO - Final training loss: 0.1675
2025-03-28 14:39:11,367 - root - INFO - Final validation loss: 1.5832
2025-03-28 14:39:11,421 - root - INFO - Model saved to models/lstm_Mahape_ph6.keras
2025-03-28 14:39:11,422 - root - INFO - Evaluating predictions for Mahape
2025-03-28 14:39:11,422 - root - INFO - Preparing sequences from data with shape: (1059, 4)
2025-03-28 14:39:11,428 - root - INFO - Creating 1030 sequences...
2025-03-28 14:39:11,430 - root - INFO - Sequence preparation completed. X shape: (1030, 24, 22), y shape: (1030, 6)
2025-03-28 14:39:11,430 - root - INFO - Sequence preparation took 0.01 seconds
2025-03-28 14:39:11,776 - root - ERROR - Error evaluating model for Mahape: 'charmap' codec can't encode characters in position 21-40: character maps to <undefined>
2025-03-28 14:39:11,777 - root - INFO - Evaluating locality: Mulund
2025-03-28 14:39:11,777 - root - INFO - Loaded coordinates for 21 localities
2025-03-28 14:39:11,780 - root - INFO - Found 2 nearby localities for Mulund
2025-03-28 14:39:11,780 - root - INFO -   - Thane: 2.86 km, weight: 0.2397
2025-03-28 14:39:11,781 - root - INFO -   - Powai: 7.84 km, weight: 0.0198
2025-03-28 14:39:11,781 - root - INFO - Initializing LSTM Predictor for Mulund
2025-03-28 14:39:11,781 - root - INFO - Sequence length: 24, Prediction horizon: 6
2025-03-28 14:39:11,781 - root - INFO - Loading cleaned data from cleaned_data\Mulund_spatial_average.csv
2025-03-28 14:39:11,792 - root - INFO - Using spatial data from nearby localities to fill missing values
2025-03-28 14:39:11,792 - root - INFO - No missing PM2.5 values found
2025-03-28 14:39:11,793 - root - INFO - Loaded cleaned data with shape: (5425, 4)
2025-03-28 14:39:11,793 - root - INFO - Features selected: ['PM10', 'RH', 'AT']
2025-03-28 14:39:11,793 - root - INFO - Train data shape: (4340, 4), Test data shape: (1085, 4)
2025-03-28 14:39:11,793 - root - INFO - Training new model for Mulund
2025-03-28 14:39:11,793 - root - INFO - Preparing sequences from data with shape: (4340, 4)
2025-03-28 14:39:11,808 - root - INFO - Creating 4311 sequences...
2025-03-28 14:39:11,816 - root - INFO - Sequence preparation completed. X shape: (4311, 24, 22), y shape: (4311, 6)
2025-03-28 14:39:11,816 - root - INFO - Sequence preparation took 0.02 seconds
2025-03-28 14:39:11,816 - root - INFO - Building stacked LSTM model with residual connections, input shape: (24, 22), output size: 6
2025-03-28 14:39:11,874 - root - INFO - Model architecture:
2025-03-28 14:39:11,884 - root - INFO - Model: "functional_2"
+--------------------------------------------------------------------------+
| Layer (type)        | Output Shape      |    Param # | Connected to      |
|---------------------+-------------------+------------+-------------------|
| input_layer_2       | (None, 24, 22)    |          0 | -                 |
| (InputLayer)        |                   |            |                   |
|---------------------+-------------------+------------+-------------------|
| batch_normalizatio… | (None, 24, 22)    |         88 | input_layer_2[0]… |
| (BatchNormalizatio… |                   |            |                   |
|---------------------+-------------------+------------+-------------------|
| lstm_6 (LSTM)       | (None, 24, 128)   |     77,312 | batch_normalizat… |
|---------------------+-------------------+------------+-------------------|
| dropout_10          | (None, 24, 128)   |          0 | lstm_6[0][0]      |
| (Dropout)           |                   |            |                   |
|---------------------+-------------------+------------+-------------------|
| batch_normalizatio… | (None, 24, 128)   |        512 | dropout_10[0][0]  |
| (BatchNormalizatio… |                   |            |                   |
|---------------------+-------------------+------------+-------------------|
| lstm_7 (LSTM)       | (None, 24, 128)   |    131,584 | batch_normalizat… |
|---------------------+-------------------+------------+-------------------|
| dropout_11          | (None, 24, 128)   |          0 | lstm_7[0][0]      |
| (Dropout)           |                   |            |                   |
|---------------------+-------------------+------------+-------------------|
| add_2 (Add)         | (None, 24, 128)   |          0 | dropout_10[0][0], |
|                     |                   |            | dropout_11[0][0]  |
|---------------------+-------------------+------------+-------------------|
| batch_normalizatio… | (None, 24, 128)   |        512 | add_2[0][0]       |
| (BatchNormalizatio… |                   |            |                   |
|---------------------+-------------------+------------+-------------------|
| lstm_8 (LSTM)       | (None, 64)        |     49,408 | batch_normalizat… |
|---------------------+-------------------+------------+-------------------|
| dropout_12          | (None, 64)        |          0 | lstm_8[0][0]      |
| (Dropout)           |                   |            |                   |
|---------------------+-------------------+------------+-------------------|
| batch_normalizatio… | (None, 64)        |        256 | dropout_12[0][0]  |
| (BatchNormalizatio… |                   |            |                   |
|---------------------+-------------------+------------+-------------------|
| dense_6 (Dense)     | (None, 64)        |      4,160 | batch_normalizat… |
|---------------------+-------------------+------------+-------------------|
| dropout_13          | (None, 64)        |          0 | dense_6[0][0]     |
| (Dropout)           |                   |            |                   |
|---------------------+-------------------+------------+-------------------|
| batch_normalizatio… | (None, 64)        |        256 | dropout_13[0][0]  |
| (BatchNormalizatio… |                   |            |                   |
|---------------------+-------------------+------------+-------------------|
| dense_7 (Dense)     | (None, 32)        |      2,080 | batch_normalizat… |
|---------------------+-------------------+------------+-------------------|
| dropout_14          | (None, 32)        |          0 | dense_7[0][0]     |
| (Dropout)           |                   |            |                   |
|---------------------+-------------------+------------+-------------------|
| batch_normalizatio… | (None, 32)        |        128 | dropout_14[0][0]  |
| (BatchNormalizatio… |                   |            |                   |
|---------------------+-------------------+------------+-------------------|
| dense_8 (Dense)     | (None, 6)         |        198 | batch_normalizat… |
+--------------------------------------------------------------------------+
 Total params: 266,494 (1.02 MB)
 Trainable params: 265,618 (1.01 MB)
 Non-trainable params: 876 (3.42 KB)

2025-03-28 14:39:11,884 - root - INFO - Starting model training with 4340 samples
2025-03-28 14:39:11,884 - root - INFO - Training parameters - epochs: 100, batch_size: 32, validation_split: 0.2
2025-03-28 14:39:11,884 - root - INFO - Preparing sequences from data with shape: (4340, 4)
2025-03-28 14:39:11,894 - root - INFO - Creating 4311 sequences...
2025-03-28 14:39:11,902 - root - INFO - Sequence preparation completed. X shape: (4311, 24, 22), y shape: (4311, 6)
2025-03-28 14:39:11,902 - root - INFO - Sequence preparation took 0.02 seconds
2025-03-28 14:39:18,739 - root - INFO - Epoch 1 - loss: 1.1783 - mae: 0.8520 - val_loss: 2.0616 - val_mae: 1.2116
2025-03-28 14:39:21,221 - root - INFO - Epoch 2 - loss: 0.6241 - mae: 0.6190 - val_loss: 1.7206 - val_mae: 1.0829
2025-03-28 14:39:24,099 - root - INFO - Epoch 3 - loss: 0.4521 - mae: 0.5207 - val_loss: 1.6021 - val_mae: 1.0362
2025-03-28 14:39:26,711 - root - INFO - Epoch 4 - loss: 0.3575 - mae: 0.4581 - val_loss: 1.6023 - val_mae: 1.0256
2025-03-28 14:39:29,344 - root - INFO - Epoch 5 - loss: 0.2961 - mae: 0.4143 - val_loss: 2.2243 - val_mae: 1.2701
2025-03-28 14:39:31,884 - root - INFO - Epoch 6 - loss: 0.2634 - mae: 0.3887 - val_loss: 1.5269 - val_mae: 0.9814
2025-03-28 14:39:34,318 - root - INFO - Epoch 7 - loss: 0.2337 - mae: 0.3651 - val_loss: 1.8220 - val_mae: 1.1083
2025-03-28 14:39:36,747 - root - INFO - Epoch 8 - loss: 0.2204 - mae: 0.3535 - val_loss: 2.4418 - val_mae: 1.3282
2025-03-28 14:39:39,062 - root - INFO - Epoch 9 - loss: 0.1992 - mae: 0.3358 - val_loss: 1.3597 - val_mae: 0.9281
2025-03-28 14:39:41,860 - root - INFO - Epoch 10 - loss: 0.1946 - mae: 0.3305 - val_loss: 1.3087 - val_mae: 0.9108
2025-03-28 14:39:44,735 - root - INFO - Epoch 11 - loss: 0.1835 - mae: 0.3227 - val_loss: 1.1472 - val_mae: 0.8525
2025-03-28 14:39:47,645 - root - INFO - Epoch 12 - loss: 0.1739 - mae: 0.3139 - val_loss: 1.6320 - val_mae: 1.0266
2025-03-28 14:39:50,554 - root - INFO - Epoch 13 - loss: 0.1686 - mae: 0.3090 - val_loss: 1.9425 - val_mae: 1.1590
2025-03-28 14:39:53,191 - root - INFO - Epoch 14 - loss: 0.1610 - mae: 0.3020 - val_loss: 1.9731 - val_mae: 1.1867
2025-03-28 14:39:55,681 - root - INFO - Epoch 15 - loss: 0.1545 - mae: 0.2952 - val_loss: 1.8400 - val_mae: 1.1238
2025-03-28 14:39:57,993 - root - INFO - Epoch 16 - loss: 0.1507 - mae: 0.2910 - val_loss: 1.8065 - val_mae: 1.1246
2025-03-28 14:40:00,378 - root - INFO - Epoch 17 - loss: 0.1474 - mae: 0.2872 - val_loss: 1.6956 - val_mae: 1.0663
2025-03-28 14:40:02,609 - root - INFO - Epoch 18 - loss: 0.1433 - mae: 0.2836 - val_loss: 2.4865 - val_mae: 1.3625
2025-03-28 14:40:04,950 - root - INFO - Epoch 19 - loss: 0.1443 - mae: 0.2850 - val_loss: 1.9653 - val_mae: 1.1797
2025-03-28 14:40:07,175 - root - INFO - Epoch 20 - loss: 0.1408 - mae: 0.2805 - val_loss: 2.1402 - val_mae: 1.2214
2025-03-28 14:40:09,455 - root - INFO - Epoch 21 - loss: 0.1334 - mae: 0.2751 - val_loss: 2.1183 - val_mae: 1.2204
2025-03-28 14:40:11,958 - root - INFO - Epoch 22 - loss: 0.1270 - mae: 0.2671 - val_loss: 2.0018 - val_mae: 1.1695
2025-03-28 14:40:26,734 - root - INFO - Evaluating 15 localities: Airport, Bandra, Borivali, Colaba, Kalyan, Kandivali, Kurla, Mahape, Mulund, Nerul, Powai, Sion, Vasai, Vileparle, Worli
2025-03-28 14:40:26,734 - root - INFO - Using sequence_length=24, prediction_horizon=6
2025-03-28 14:40:26,736 - root - INFO - Evaluating locality: Airport
2025-03-28 14:40:26,736 - root - INFO - Loaded coordinates for 26 localities
2025-03-28 14:40:26,739 - root - INFO - Found 12 nearby localities for Airport
2025-03-28 14:40:26,739 - root - INFO -   - Vileparle: 2.54 km, weight: 0.2804
2025-03-28 14:40:26,739 - root - INFO -   - Vile Parle: 2.54 km, weight: 0.2804
2025-03-28 14:40:26,739 - root - INFO -   - Kurla: 3.04 km, weight: 0.2185
2025-03-28 14:40:26,739 - root - INFO -   - Andheri: 3.90 km, weight: 0.1426
2025-03-28 14:40:26,739 - root - INFO -   - Juhu: 4.45 km, weight: 0.1083
2025-03-28 14:40:26,740 - root - INFO -   - Bandra: 4.67 km, weight: 0.0967
2025-03-28 14:40:26,740 - root - INFO -   - Sion: 4.77 km, weight: 0.0919
2025-03-28 14:40:26,740 - root - INFO -   - Dharavi: 5.05 km, weight: 0.0801
2025-03-28 14:40:26,740 - root - INFO -   - Chembur: 5.14 km, weight: 0.0765
2025-03-28 14:40:26,740 - root - INFO -   - Powai: 5.45 km, weight: 0.0656
2025-03-28 14:40:26,740 - root - INFO -   - Dadar: 8.28 km, weight: 0.0159
2025-03-28 14:40:26,740 - root - INFO -   - Worli: 9.97 km, weight: 0.0068
2025-03-28 14:40:26,741 - root - INFO - Initializing LSTM Predictor for Airport
2025-03-28 14:40:26,741 - root - INFO - Sequence length: 24, Prediction horizon: 6
2025-03-28 14:40:26,741 - root - INFO - Loading cleaned data from cleaned_data\Airport_spatial_average.csv
2025-03-28 14:40:26,756 - root - INFO - Using spatial data from nearby localities to fill missing values
2025-03-28 14:40:26,757 - root - INFO - No missing PM2.5 values found
2025-03-28 14:40:26,757 - root - INFO - Loaded cleaned data with shape: (5305, 4)
2025-03-28 14:40:26,758 - root - INFO - Features selected: ['PM10', 'RH', 'AT']
2025-03-28 14:40:26,758 - root - INFO - Train data shape: (4244, 4), Test data shape: (1061, 4)
2025-03-28 14:40:26,758 - root - INFO - Loading existing model for Airport
2025-03-28 14:40:26,980 - root - INFO - Evaluating predictions for Airport
2025-03-28 14:40:26,981 - root - INFO - Preparing sequences from data with shape: (1061, 4)
2025-03-28 14:40:26,992 - root - INFO - Creating 1032 sequences...
2025-03-28 14:40:26,994 - root - INFO - Sequence preparation completed. X shape: (1032, 24, 22), y shape: (1032, 6)
2025-03-28 14:40:26,994 - root - INFO - Sequence preparation took 0.01 seconds
2025-03-28 14:40:28,023 - root - INFO - Evaluation completed in 1.04 seconds
2025-03-28 14:40:28,024 - root - INFO - Evaluation metrics - MAE: 6.49, RMSE: 8.42
2025-03-28 14:40:28,557 - root - INFO - Plots saved to plots/distance_Airport_predictions.png and plots/distance_Airport_error_distribution.png
2025-03-28 14:40:28,557 - root - INFO - Final Evaluation Results:
2025-03-28 14:40:28,558 - root - INFO - MAE: 6.49
2025-03-28 14:40:28,558 - root - INFO - RMSE: 8.42
2025-03-28 14:40:28,558 - root - INFO - MSE: 70.87
2025-03-28 14:40:28,558 - root - INFO - Evaluating locality: Bandra
2025-03-28 14:40:28,559 - root - INFO - Loaded coordinates for 26 localities
2025-03-28 14:40:28,561 - root - INFO - Found 12 nearby localities for Bandra
2025-03-28 14:40:28,562 - root - INFO -   - Dharavi: 2.26 km, weight: 0.3231
2025-03-28 14:40:28,562 - root - INFO -   - Sion: 2.60 km, weight: 0.2723
2025-03-28 14:40:28,562 - root - INFO -   - Dadar: 4.14 km, weight: 0.1262
2025-03-28 14:40:28,563 - root - INFO -   - Kurla: 4.30 km, weight: 0.1163
2025-03-28 14:40:28,563 - root - INFO -   - Airport: 4.67 km, weight: 0.0967
2025-03-28 14:40:28,563 - root - INFO -   - Vileparle: 4.99 km, weight: 0.0826
2025-03-28 14:40:28,563 - root - INFO -   - Vile Parle: 4.99 km, weight: 0.0825
2025-03-28 14:40:28,563 - root - INFO -   - Worli: 5.33 km, weight: 0.0697
2025-03-28 14:40:28,563 - root - INFO -   - Juhu: 5.91 km, weight: 0.0520
2025-03-28 14:40:28,564 - root - INFO -   - Chembur: 6.08 km, weight: 0.0479
2025-03-28 14:40:28,564 - root - INFO -   - Andheri: 7.19 km, weight: 0.0274
2025-03-28 14:40:28,564 - root - INFO -   - Powai: 9.98 km, weight: 0.0068
2025-03-28 14:40:28,564 - root - INFO - Initializing LSTM Predictor for Bandra
2025-03-28 14:40:28,564 - root - INFO - Sequence length: 24, Prediction horizon: 6
2025-03-28 14:40:28,564 - root - INFO - Loading cleaned data from cleaned_data\Bandra_spatial_average.csv
2025-03-28 14:40:28,574 - root - INFO - Using spatial data from nearby localities to fill missing values
2025-03-28 14:40:28,574 - root - INFO - Found 1 timestamps with missing PM2.5 values
2025-03-28 14:40:28,574 - root - WARNING - No data found for locality Dharavi
2025-03-28 14:40:28,582 - root - WARNING - No data found for locality Dadar
2025-03-28 14:40:28,603 - root - WARNING - No data found for locality Vile Parle
2025-03-28 14:40:28,612 - root - WARNING - No data found for locality Juhu
2025-03-28 14:40:28,612 - root - WARNING - No data found for locality Chembur
2025-03-28 14:40:28,613 - root - WARNING - No data found for locality Andheri
2025-03-28 14:40:28,622 - root - INFO - Filled 0 missing values using spatial data
2025-03-28 14:40:28,622 - root - INFO - Final data shape after filling: (5441, 4)
2025-03-28 14:40:28,623 - root - INFO - Loaded cleaned data with shape: (5441, 4)
2025-03-28 14:40:28,623 - root - INFO - Features selected: ['PM10', 'RH', 'AT']
2025-03-28 14:40:28,623 - root - INFO - Train data shape: (4352, 4), Test data shape: (1089, 4)
2025-03-28 14:40:28,624 - root - INFO - Loading existing model for Bandra
2025-03-28 14:40:28,819 - root - INFO - Evaluating predictions for Bandra
2025-03-28 14:40:28,820 - root - INFO - Preparing sequences from data with shape: (1089, 4)
2025-03-28 14:40:28,833 - root - INFO - Creating 1060 sequences...
2025-03-28 14:40:28,836 - root - INFO - Sequence preparation completed. X shape: (1060, 24, 22), y shape: (1060, 6)
2025-03-28 14:40:28,836 - root - INFO - Sequence preparation took 0.02 seconds
2025-03-28 14:40:29,821 - root - INFO - Evaluation completed in 1.00 seconds
2025-03-28 14:40:29,822 - root - INFO - Evaluation metrics - MAE: 8.69, RMSE: 11.81
2025-03-28 14:40:30,253 - root - INFO - Plots saved to plots/distance_Bandra_predictions.png and plots/distance_Bandra_error_distribution.png
2025-03-28 14:40:30,253 - root - INFO - Final Evaluation Results:
2025-03-28 14:40:30,254 - root - INFO - MAE: 8.69
2025-03-28 14:40:30,254 - root - INFO - RMSE: 11.81
2025-03-28 14:40:30,254 - root - INFO - MSE: 139.37
2025-03-28 14:40:30,255 - root - INFO - Evaluating locality: Borivali
2025-03-28 14:40:30,255 - root - INFO - Loaded coordinates for 26 localities
2025-03-28 14:40:30,258 - root - INFO - Found 2 nearby localities for Borivali
2025-03-28 14:40:30,258 - root - INFO -   - Kandivali: 3.02 km, weight: 0.2211
2025-03-28 14:40:30,258 - root - INFO -   - Malad: 4.78 km, weight: 0.0917
2025-03-28 14:40:30,258 - root - INFO - Initializing LSTM Predictor for Borivali
2025-03-28 14:40:30,258 - root - INFO - Sequence length: 24, Prediction horizon: 6
2025-03-28 14:40:30,258 - root - INFO - Loading cleaned data from cleaned_data\Borivali_spatial_average.csv
2025-03-28 14:40:30,272 - root - INFO - Using spatial data from nearby localities to fill missing values
2025-03-28 14:40:30,273 - root - INFO - No missing PM2.5 values found
2025-03-28 14:40:30,274 - root - INFO - Loaded cleaned data with shape: (5425, 4)
2025-03-28 14:40:30,274 - root - INFO - Features selected: ['PM10', 'RH', 'AT']
2025-03-28 14:40:30,274 - root - INFO - Train data shape: (4340, 4), Test data shape: (1085, 4)
2025-03-28 14:40:30,275 - root - INFO - Loading existing model for Borivali
2025-03-28 14:40:30,441 - root - INFO - Evaluating predictions for Borivali
2025-03-28 14:40:30,442 - root - INFO - Preparing sequences from data with shape: (1085, 4)
2025-03-28 14:40:30,452 - root - INFO - Creating 1056 sequences...
2025-03-28 14:40:30,454 - root - INFO - Sequence preparation completed. X shape: (1056, 24, 22), y shape: (1056, 6)
2025-03-28 14:40:30,455 - root - INFO - Sequence preparation took 0.01 seconds
2025-03-28 14:40:31,026 - root - INFO - Evaluation completed in 0.58 seconds
2025-03-28 14:40:31,026 - root - INFO - Evaluation metrics - MAE: 6.31, RMSE: 9.47
2025-03-28 14:40:31,609 - root - INFO - Plots saved to plots/distance_Borivali_predictions.png and plots/distance_Borivali_error_distribution.png
2025-03-28 14:40:31,610 - root - INFO - Final Evaluation Results:
2025-03-28 14:40:31,610 - root - INFO - MAE: 6.31
2025-03-28 14:40:31,610 - root - INFO - RMSE: 9.47
2025-03-28 14:40:31,610 - root - INFO - MSE: 89.62
2025-03-28 14:40:31,612 - root - INFO - Evaluating locality: Colaba
2025-03-28 14:40:31,612 - root - INFO - Loaded coordinates for 26 localities
2025-03-28 14:40:31,615 - root - INFO - Found 1 nearby localities for Colaba
2025-03-28 14:40:31,615 - root - INFO -   - Malabar Hill: 5.33 km, weight: 0.0696
2025-03-28 14:40:31,615 - root - INFO - Initializing LSTM Predictor for Colaba
2025-03-28 14:40:31,615 - root - INFO - Sequence length: 24, Prediction horizon: 6
2025-03-28 14:40:31,616 - root - INFO - Loading cleaned data from cleaned_data\Colaba_spatial_average.csv
2025-03-28 14:40:31,624 - root - INFO - Using spatial data from nearby localities to fill missing values
2025-03-28 14:40:31,625 - root - INFO - No missing PM2.5 values found
2025-03-28 14:40:31,625 - root - INFO - Loaded cleaned data with shape: (4801, 4)
2025-03-28 14:40:31,625 - root - INFO - Features selected: ['PM10', 'RH', 'AT']
2025-03-28 14:40:31,626 - root - INFO - Train data shape: (3840, 4), Test data shape: (961, 4)
2025-03-28 14:40:31,626 - root - INFO - Loading existing model for Colaba
2025-03-28 14:40:31,787 - root - INFO - Evaluating predictions for Colaba
2025-03-28 14:40:31,787 - root - INFO - Preparing sequences from data with shape: (961, 4)
2025-03-28 14:40:31,798 - root - INFO - Creating 932 sequences...
2025-03-28 14:40:31,800 - root - INFO - Sequence preparation completed. X shape: (932, 24, 22), y shape: (932, 6)
2025-03-28 14:40:31,800 - root - INFO - Sequence preparation took 0.01 seconds
2025-03-28 14:40:32,666 - root - INFO - Evaluation completed in 0.88 seconds
2025-03-28 14:40:32,666 - root - INFO - Evaluation metrics - MAE: 6.99, RMSE: 10.21
2025-03-28 14:40:33,020 - root - INFO - Plots saved to plots/distance_Colaba_predictions.png and plots/distance_Colaba_error_distribution.png
2025-03-28 14:40:33,021 - root - INFO - Final Evaluation Results:
2025-03-28 14:40:33,021 - root - INFO - MAE: 6.99
2025-03-28 14:40:33,021 - root - INFO - RMSE: 10.21
2025-03-28 14:40:33,021 - root - INFO - MSE: 104.21
2025-03-28 14:40:33,022 - root - INFO - Evaluating locality: Kalyan
2025-03-28 14:40:33,023 - root - INFO - Loaded coordinates for 26 localities
2025-03-28 14:40:33,025 - root - INFO - Found 0 nearby localities for Kalyan
2025-03-28 14:40:33,025 - root - INFO - Initializing LSTM Predictor for Kalyan
2025-03-28 14:40:33,025 - root - INFO - Sequence length: 24, Prediction horizon: 6
2025-03-28 14:40:33,026 - root - INFO - Loading cleaned data from cleaned_data\Kalyan_spatial_average.csv
2025-03-28 14:40:33,034 - root - WARNING - No nearby localities found or PM2.5 not in columns, dropping NaN values
2025-03-28 14:40:33,035 - root - INFO - Loaded cleaned data with shape: (5404, 4)
2025-03-28 14:40:33,035 - root - INFO - Features selected: ['PM10', 'RH', 'AT']
2025-03-28 14:40:33,035 - root - INFO - Train data shape: (4323, 4), Test data shape: (1081, 4)
2025-03-28 14:40:33,035 - root - INFO - Loading existing model for Kalyan
2025-03-28 14:40:33,228 - root - INFO - Evaluating predictions for Kalyan
2025-03-28 14:40:33,228 - root - INFO - Preparing sequences from data with shape: (1081, 4)
2025-03-28 14:40:33,238 - root - INFO - Creating 1052 sequences...
2025-03-28 14:40:33,240 - root - INFO - Sequence preparation completed. X shape: (1052, 24, 22), y shape: (1052, 6)
2025-03-28 14:40:33,240 - root - INFO - Sequence preparation took 0.01 seconds
2025-03-28 14:40:34,117 - root - INFO - Evaluation completed in 0.89 seconds
2025-03-28 14:40:34,117 - root - INFO - Evaluation metrics - MAE: 9.42, RMSE: 15.69
2025-03-28 14:40:34,578 - root - INFO - Plots saved to plots/distance_Kalyan_predictions.png and plots/distance_Kalyan_error_distribution.png
2025-03-28 14:40:34,579 - root - INFO - Final Evaluation Results:
2025-03-28 14:40:34,579 - root - INFO - MAE: 9.42
2025-03-28 14:40:34,579 - root - INFO - RMSE: 15.69
2025-03-28 14:40:34,579 - root - INFO - MSE: 246.18
2025-03-28 14:40:34,580 - root - INFO - Evaluating locality: Kandivali
2025-03-28 14:40:34,581 - root - INFO - Loaded coordinates for 26 localities
2025-03-28 14:40:34,583 - root - INFO - Found 3 nearby localities for Kandivali
2025-03-28 14:40:34,584 - root - INFO -   - Malad: 1.76 km, weight: 0.4149
2025-03-28 14:40:34,584 - root - INFO -   - Borivali: 3.02 km, weight: 0.2211
2025-03-28 14:40:34,584 - root - INFO -   - Andheri: 9.16 km, weight: 0.0102
2025-03-28 14:40:34,584 - root - INFO - Initializing LSTM Predictor for Kandivali
2025-03-28 14:40:34,584 - root - INFO - Sequence length: 24, Prediction horizon: 6
2025-03-28 14:40:34,585 - root - INFO - Loading cleaned data from cleaned_data\Kandivali_spatial_average.csv
2025-03-28 14:40:34,594 - root - INFO - Using spatial data from nearby localities to fill missing values
2025-03-28 14:40:34,594 - root - INFO - No missing PM2.5 values found
2025-03-28 14:40:34,595 - root - INFO - Loaded cleaned data with shape: (4801, 4)
2025-03-28 14:40:34,595 - root - INFO - Features selected: ['PM10', 'RH', 'AT']
2025-03-28 14:40:34,595 - root - INFO - Train data shape: (3840, 4), Test data shape: (961, 4)
2025-03-28 14:40:34,595 - root - INFO - Loading existing model for Kandivali
2025-03-28 14:40:34,790 - root - INFO - Evaluating predictions for Kandivali
2025-03-28 14:40:34,790 - root - INFO - Preparing sequences from data with shape: (961, 4)
2025-03-28 14:40:34,800 - root - INFO - Creating 932 sequences...
2025-03-28 14:40:34,803 - root - INFO - Sequence preparation completed. X shape: (932, 24, 22), y shape: (932, 6)
2025-03-28 14:40:34,803 - root - INFO - Sequence preparation took 0.01 seconds
2025-03-28 14:40:35,740 - root - INFO - Evaluation completed in 0.95 seconds
2025-03-28 14:40:35,741 - root - INFO - Evaluation metrics - MAE: 8.82, RMSE: 12.80
2025-03-28 14:40:36,137 - root - INFO - Plots saved to plots/distance_Kandivali_predictions.png and plots/distance_Kandivali_error_distribution.png
2025-03-28 14:40:36,138 - root - INFO - Final Evaluation Results:
2025-03-28 14:40:36,138 - root - INFO - MAE: 8.82
2025-03-28 14:40:36,139 - root - INFO - RMSE: 12.80
2025-03-28 14:40:36,139 - root - INFO - MSE: 163.75
2025-03-28 14:40:36,140 - root - INFO - Evaluating locality: Kurla
2025-03-28 14:40:36,140 - root - INFO - Loaded coordinates for 26 localities
2025-03-28 14:40:36,143 - root - INFO - Found 12 nearby localities for Kurla
2025-03-28 14:40:36,143 - root - INFO -   - Chembur: 2.27 km, weight: 0.3211
2025-03-28 14:40:36,143 - root - INFO -   - Sion: 2.71 km, weight: 0.2574
2025-03-28 14:40:36,143 - root - INFO -   - Airport: 3.04 km, weight: 0.2185
2025-03-28 14:40:36,144 - root - INFO -   - Dharavi: 3.21 km, weight: 0.2009
2025-03-28 14:40:36,144 - root - INFO -   - Bandra: 4.30 km, weight: 0.1163
2025-03-28 14:40:36,144 - root - INFO -   - Vileparle: 5.34 km, weight: 0.0694
2025-03-28 14:40:36,144 - root - INFO -   - Vile Parle: 5.34 km, weight: 0.0694
2025-03-28 14:40:36,144 - root - INFO -   - Dadar: 6.50 km, weight: 0.0388
2025-03-28 14:40:36,144 - root - INFO -   - Powai: 6.57 km, weight: 0.0374
2025-03-28 14:40:36,144 - root - INFO -   - Andheri: 6.94 km, weight: 0.0312
2025-03-28 14:40:36,145 - root - INFO -   - Juhu: 7.15 km, weight: 0.0281
2025-03-28 14:40:36,145 - root - INFO -   - Worli: 8.80 km, weight: 0.0123
2025-03-28 14:40:36,145 - root - INFO - Initializing LSTM Predictor for Kurla
2025-03-28 14:40:36,145 - root - INFO - Sequence length: 24, Prediction horizon: 6
2025-03-28 14:40:36,145 - root - INFO - Loading cleaned data from cleaned_data\Kurla_spatial_average.csv
2025-03-28 14:40:36,154 - root - INFO - Using spatial data from nearby localities to fill missing values
2025-03-28 14:40:36,154 - root - INFO - No missing PM2.5 values found
2025-03-28 14:40:36,155 - root - INFO - Loaded cleaned data with shape: (5425, 4)
2025-03-28 14:40:36,155 - root - INFO - Features selected: ['PM10', 'RH', 'AT']
2025-03-28 14:40:36,155 - root - INFO - Train data shape: (4340, 4), Test data shape: (1085, 4)
2025-03-28 14:40:36,156 - root - INFO - Loading existing model for Kurla
2025-03-28 14:40:36,284 - root - INFO - Evaluating predictions for Kurla
2025-03-28 14:40:36,284 - root - INFO - Preparing sequences from data with shape: (1085, 4)
2025-03-28 14:40:36,295 - root - INFO - Creating 1056 sequences...
2025-03-28 14:40:36,297 - root - INFO - Sequence preparation completed. X shape: (1056, 24, 22), y shape: (1056, 6)
2025-03-28 14:40:36,297 - root - INFO - Sequence preparation took 0.01 seconds
2025-03-28 14:40:36,866 - root - INFO - Evaluation completed in 0.58 seconds
2025-03-28 14:40:36,866 - root - INFO - Evaluation metrics - MAE: 10.56, RMSE: 23.83
2025-03-28 14:40:37,620 - root - INFO - Plots saved to plots/distance_Kurla_predictions.png and plots/distance_Kurla_error_distribution.png
2025-03-28 14:40:37,621 - root - INFO - Final Evaluation Results:
2025-03-28 14:40:37,621 - root - INFO - MAE: 10.56
2025-03-28 14:40:37,621 - root - INFO - RMSE: 23.83
2025-03-28 14:40:37,621 - root - INFO - MSE: 568.00
2025-03-28 14:40:37,622 - root - INFO - Evaluating locality: Mahape
2025-03-28 14:40:37,623 - root - INFO - Loaded coordinates for 26 localities
2025-03-28 14:40:37,625 - root - INFO - Found 3 nearby localities for Mahape
2025-03-28 14:40:37,625 - root - INFO -   - Nerul: 8.48 km, weight: 0.0144
2025-03-28 14:40:37,625 - root - INFO -   - Navi Mumbai: 9.11 km, weight: 0.0105
2025-03-28 14:40:37,626 - root - INFO -   - Mulund: 9.72 km, weight: 0.0078
2025-03-28 14:40:37,626 - root - INFO - Initializing LSTM Predictor for Mahape
2025-03-28 14:40:37,626 - root - INFO - Sequence length: 24, Prediction horizon: 6
2025-03-28 14:40:37,626 - root - INFO - Loading cleaned data from cleaned_data\Mahape_spatial_average.csv
2025-03-28 14:40:37,634 - root - INFO - Using spatial data from nearby localities to fill missing values
2025-03-28 14:40:37,635 - root - INFO - No missing PM2.5 values found
2025-03-28 14:40:37,636 - root - INFO - Loaded cleaned data with shape: (5320, 4)
2025-03-28 14:40:37,636 - root - INFO - Features selected: ['PM10', 'RH', 'AT']
2025-03-28 14:40:37,637 - root - INFO - Train data shape: (4256, 4), Test data shape: (1064, 4)
2025-03-28 14:40:37,637 - root - INFO - Loading existing model for Mahape
2025-03-28 14:40:37,758 - root - INFO - Evaluating predictions for Mahape
2025-03-28 14:40:37,758 - root - INFO - Preparing sequences from data with shape: (1064, 4)
2025-03-28 14:40:37,770 - root - INFO - Creating 1035 sequences...
2025-03-28 14:40:37,772 - root - INFO - Sequence preparation completed. X shape: (1035, 24, 22), y shape: (1035, 6)
2025-03-28 14:40:37,772 - root - INFO - Sequence preparation took 0.01 seconds
2025-03-28 14:40:38,665 - root - INFO - Evaluation completed in 0.91 seconds
2025-03-28 14:40:38,665 - root - INFO - Evaluation metrics - MAE: 8.83, RMSE: 12.08
2025-03-28 14:40:39,052 - root - INFO - Plots saved to plots/distance_Mahape_predictions.png and plots/distance_Mahape_error_distribution.png
2025-03-28 14:40:39,053 - root - INFO - Final Evaluation Results:
2025-03-28 14:40:39,053 - root - INFO - MAE: 8.83
2025-03-28 14:40:39,053 - root - INFO - RMSE: 12.08
2025-03-28 14:40:39,053 - root - INFO - MSE: 145.86
2025-03-28 14:40:39,055 - root - INFO - Evaluating locality: Mulund
2025-03-28 14:40:39,055 - root - INFO - Loaded coordinates for 26 localities
2025-03-28 14:40:39,058 - root - INFO - Found 3 nearby localities for Mulund
2025-03-28 14:40:39,058 - root - INFO -   - Thane: 2.86 km, weight: 0.2397
2025-03-28 14:40:39,058 - root - INFO -   - Powai: 7.84 km, weight: 0.0198
2025-03-28 14:40:39,058 - root - INFO -   - Mahape: 9.72 km, weight: 0.0078
2025-03-28 14:40:39,058 - root - INFO - Initializing LSTM Predictor for Mulund
2025-03-28 14:40:39,058 - root - INFO - Sequence length: 24, Prediction horizon: 6
2025-03-28 14:40:39,058 - root - INFO - Loading cleaned data from cleaned_data\Mulund_spatial_average.csv
2025-03-28 14:40:39,068 - root - INFO - Using spatial data from nearby localities to fill missing values
2025-03-28 14:40:39,069 - root - INFO - No missing PM2.5 values found
2025-03-28 14:40:39,069 - root - INFO - Loaded cleaned data with shape: (5425, 4)
2025-03-28 14:40:39,069 - root - INFO - Features selected: ['PM10', 'RH', 'AT']
2025-03-28 14:40:39,070 - root - INFO - Train data shape: (4340, 4), Test data shape: (1085, 4)
2025-03-28 14:40:39,070 - root - INFO - Training new model for Mulund
2025-03-28 14:40:39,070 - root - INFO - Preparing sequences from data with shape: (4340, 4)
2025-03-28 14:40:39,082 - root - INFO - Creating 4311 sequences...
2025-03-28 14:40:39,089 - root - INFO - Sequence preparation completed. X shape: (4311, 24, 22), y shape: (4311, 6)
2025-03-28 14:40:39,089 - root - INFO - Sequence preparation took 0.02 seconds
2025-03-28 14:40:39,090 - root - INFO - Building stacked LSTM model with residual connections, input shape: (24, 22), output size: 6
2025-03-28 14:40:39,142 - root - INFO - Model architecture:
2025-03-28 14:40:39,162 - root - INFO - Starting model training with 4340 samples
2025-03-28 14:40:39,162 - root - INFO - Training parameters - epochs: 100, batch_size: 32, validation_split: 0.2
2025-03-28 14:40:39,162 - root - INFO - Preparing sequences from data with shape: (4340, 4)
2025-03-28 14:40:39,170 - root - INFO - Creating 4311 sequences...
2025-03-28 14:40:39,178 - root - INFO - Sequence preparation completed. X shape: (4311, 24, 22), y shape: (4311, 6)
2025-03-28 14:40:39,178 - root - INFO - Sequence preparation took 0.02 seconds
2025-03-28 14:40:53,850 - root - INFO - Evaluating 15 localities: Airport, Bandra, Borivali, Colaba, Kalyan, Kandivali, Kurla, Mahape, Mulund, Nerul, Powai, Sion, Vasai, Vileparle, Worli
2025-03-28 14:40:53,850 - root - INFO - Using sequence_length=24, prediction_horizon=6
2025-03-28 14:40:53,851 - root - INFO - Evaluating locality: Airport
2025-03-28 14:40:53,852 - root - INFO - Loaded coordinates for 26 localities
2025-03-28 14:40:53,854 - root - INFO - Found 12 nearby localities for Airport
2025-03-28 14:40:53,854 - root - INFO -   - Vileparle: 2.54 km, weight: 0.2804
2025-03-28 14:40:53,854 - root - INFO -   - Vile Parle: 2.54 km, weight: 0.2804
2025-03-28 14:40:53,854 - root - INFO -   - Kurla: 3.04 km, weight: 0.2185
2025-03-28 14:40:53,855 - root - INFO -   - Andheri: 3.90 km, weight: 0.1426
2025-03-28 14:40:53,855 - root - INFO -   - Juhu: 4.45 km, weight: 0.1083
2025-03-28 14:40:53,855 - root - INFO -   - Bandra: 4.67 km, weight: 0.0967
2025-03-28 14:40:53,855 - root - INFO -   - Sion: 4.77 km, weight: 0.0919
2025-03-28 14:40:53,855 - root - INFO -   - Dharavi: 5.05 km, weight: 0.0801
2025-03-28 14:40:53,855 - root - INFO -   - Chembur: 5.14 km, weight: 0.0765
2025-03-28 14:40:53,855 - root - INFO -   - Powai: 5.45 km, weight: 0.0656
2025-03-28 14:40:53,855 - root - INFO -   - Dadar: 8.28 km, weight: 0.0159
2025-03-28 14:40:53,855 - root - INFO -   - Worli: 9.97 km, weight: 0.0068
2025-03-28 14:40:53,855 - root - INFO - Initializing LSTM Predictor for Airport
2025-03-28 14:40:53,855 - root - INFO - Sequence length: 24, Prediction horizon: 6
2025-03-28 14:40:53,855 - root - INFO - Loading cleaned data from cleaned_data\Airport_spatial_average.csv
2025-03-28 14:40:53,869 - root - INFO - Using spatial data from nearby localities to fill missing values
2025-03-28 14:40:53,869 - root - INFO - No missing PM2.5 values found
2025-03-28 14:40:53,869 - root - INFO - Loaded cleaned data with shape: (5305, 4)
2025-03-28 14:40:53,869 - root - INFO - Features selected: ['PM10', 'RH', 'AT']
2025-03-28 14:40:53,870 - root - INFO - Train data shape: (4244, 4), Test data shape: (1061, 4)
2025-03-28 14:40:53,870 - root - INFO - Loading existing model for Airport
2025-03-28 14:40:54,105 - root - INFO - Evaluating predictions for Airport
2025-03-28 14:40:54,105 - root - INFO - Preparing sequences from data with shape: (1061, 4)
2025-03-28 14:40:54,116 - root - INFO - Creating 1032 sequences...
2025-03-28 14:40:54,119 - root - INFO - Sequence preparation completed. X shape: (1032, 24, 22), y shape: (1032, 6)
2025-03-28 14:40:54,120 - root - INFO - Sequence preparation took 0.01 seconds
2025-03-28 14:40:54,512 - root - ERROR - Error evaluating model for Airport: 'charmap' codec can't encode characters in position 21-40: character maps to <undefined>
2025-03-28 14:40:54,513 - root - INFO - Evaluating locality: Bandra
2025-03-28 14:40:54,514 - root - INFO - Loaded coordinates for 26 localities
2025-03-28 14:40:54,518 - root - INFO - Found 12 nearby localities for Bandra
2025-03-28 14:40:54,518 - root - INFO -   - Dharavi: 2.26 km, weight: 0.3231
2025-03-28 14:40:54,518 - root - INFO -   - Sion: 2.60 km, weight: 0.2723
2025-03-28 14:40:54,518 - root - INFO -   - Dadar: 4.14 km, weight: 0.1262
2025-03-28 14:40:54,518 - root - INFO -   - Kurla: 4.30 km, weight: 0.1163
2025-03-28 14:40:54,518 - root - INFO -   - Airport: 4.67 km, weight: 0.0967
2025-03-28 14:40:54,518 - root - INFO -   - Vileparle: 4.99 km, weight: 0.0826
2025-03-28 14:40:54,519 - root - INFO -   - Vile Parle: 4.99 km, weight: 0.0825
2025-03-28 14:40:54,519 - root - INFO -   - Worli: 5.33 km, weight: 0.0697
2025-03-28 14:40:54,519 - root - INFO -   - Juhu: 5.91 km, weight: 0.0520
2025-03-28 14:40:54,519 - root - INFO -   - Chembur: 6.08 km, weight: 0.0479
2025-03-28 14:40:54,519 - root - INFO -   - Andheri: 7.19 km, weight: 0.0274
2025-03-28 14:40:54,519 - root - INFO -   - Powai: 9.98 km, weight: 0.0068
2025-03-28 14:40:54,519 - root - INFO - Initializing LSTM Predictor for Bandra
2025-03-28 14:40:54,519 - root - INFO - Sequence length: 24, Prediction horizon: 6
2025-03-28 14:40:54,520 - root - INFO - Loading cleaned data from cleaned_data\Bandra_spatial_average.csv
2025-03-28 14:40:54,533 - root - INFO - Using spatial data from nearby localities to fill missing values
2025-03-28 14:40:54,534 - root - INFO - Found 1 timestamps with missing PM2.5 values
2025-03-28 14:40:54,534 - root - WARNING - No data found for locality Dharavi
2025-03-28 14:40:54,542 - root - WARNING - No data found for locality Dadar
2025-03-28 14:40:54,567 - root - WARNING - No data found for locality Vile Parle
2025-03-28 14:40:54,576 - root - WARNING - No data found for locality Juhu
2025-03-28 14:40:54,576 - root - WARNING - No data found for locality Chembur
2025-03-28 14:40:54,576 - root - WARNING - No data found for locality Andheri
2025-03-28 14:40:54,588 - root - INFO - Filled 0 missing values using spatial data
2025-03-28 14:40:54,588 - root - INFO - Final data shape after filling: (5441, 4)
2025-03-28 14:40:54,589 - root - INFO - Loaded cleaned data with shape: (5441, 4)
2025-03-28 14:40:54,589 - root - INFO - Features selected: ['PM10', 'RH', 'AT']
2025-03-28 14:40:54,589 - root - INFO - Train data shape: (4352, 4), Test data shape: (1089, 4)
2025-03-28 14:40:54,589 - root - INFO - Loading existing model for Bandra
2025-03-28 14:40:54,781 - root - INFO - Evaluating predictions for Bandra
2025-03-28 14:40:54,782 - root - INFO - Preparing sequences from data with shape: (1089, 4)
2025-03-28 14:40:54,793 - root - INFO - Creating 1060 sequences...
2025-03-28 14:40:54,795 - root - INFO - Sequence preparation completed. X shape: (1060, 24, 22), y shape: (1060, 6)
2025-03-28 14:40:54,795 - root - INFO - Sequence preparation took 0.01 seconds
2025-03-28 14:40:55,167 - root - ERROR - Error evaluating model for Bandra: 'charmap' codec can't encode characters in position 21-40: character maps to <undefined>
2025-03-28 14:40:55,168 - root - INFO - Evaluating locality: Borivali
2025-03-28 14:40:55,168 - root - INFO - Loaded coordinates for 26 localities
2025-03-28 14:40:55,172 - root - INFO - Found 2 nearby localities for Borivali
2025-03-28 14:40:55,172 - root - INFO -   - Kandivali: 3.02 km, weight: 0.2211
2025-03-28 14:40:55,172 - root - INFO -   - Malad: 4.78 km, weight: 0.0917
2025-03-28 14:40:55,172 - root - INFO - Initializing LSTM Predictor for Borivali
2025-03-28 14:40:55,172 - root - INFO - Sequence length: 24, Prediction horizon: 6
2025-03-28 14:40:55,173 - root - INFO - Loading cleaned data from cleaned_data\Borivali_spatial_average.csv
2025-03-28 14:40:55,181 - root - INFO - Using spatial data from nearby localities to fill missing values
2025-03-28 14:40:55,181 - root - INFO - No missing PM2.5 values found
2025-03-28 14:40:55,182 - root - INFO - Loaded cleaned data with shape: (5425, 4)
2025-03-28 14:40:55,182 - root - INFO - Features selected: ['PM10', 'RH', 'AT']
2025-03-28 14:40:55,182 - root - INFO - Train data shape: (4340, 4), Test data shape: (1085, 4)
2025-03-28 14:40:55,182 - root - INFO - Loading existing model for Borivali
2025-03-28 14:40:55,371 - root - INFO - Evaluating predictions for Borivali
2025-03-28 14:40:55,371 - root - INFO - Preparing sequences from data with shape: (1085, 4)
2025-03-28 14:40:55,382 - root - INFO - Creating 1056 sequences...
2025-03-28 14:40:55,384 - root - INFO - Sequence preparation completed. X shape: (1056, 24, 22), y shape: (1056, 6)
2025-03-28 14:40:55,384 - root - INFO - Sequence preparation took 0.01 seconds
2025-03-28 14:40:55,771 - root - ERROR - Error evaluating model for Borivali: 'charmap' codec can't encode characters in position 21-40: character maps to <undefined>
2025-03-28 14:40:55,773 - root - INFO - Evaluating locality: Colaba
2025-03-28 14:40:55,773 - root - INFO - Loaded coordinates for 26 localities
2025-03-28 14:40:55,776 - root - INFO - Found 1 nearby localities for Colaba
2025-03-28 14:40:55,776 - root - INFO -   - Malabar Hill: 5.33 km, weight: 0.0696
2025-03-28 14:40:55,776 - root - INFO - Initializing LSTM Predictor for Colaba
2025-03-28 14:40:55,776 - root - INFO - Sequence length: 24, Prediction horizon: 6
2025-03-28 14:40:55,777 - root - INFO - Loading cleaned data from cleaned_data\Colaba_spatial_average.csv
2025-03-28 14:40:55,785 - root - INFO - Using spatial data from nearby localities to fill missing values
2025-03-28 14:40:55,785 - root - INFO - No missing PM2.5 values found
2025-03-28 14:40:55,786 - root - INFO - Loaded cleaned data with shape: (4801, 4)
2025-03-28 14:40:55,786 - root - INFO - Features selected: ['PM10', 'RH', 'AT']
2025-03-28 14:40:55,786 - root - INFO - Train data shape: (3840, 4), Test data shape: (961, 4)
2025-03-28 14:40:55,787 - root - INFO - Loading existing model for Colaba
2025-03-28 14:40:55,960 - root - INFO - Evaluating predictions for Colaba
2025-03-28 14:40:55,961 - root - INFO - Preparing sequences from data with shape: (961, 4)
2025-03-28 14:40:55,971 - root - INFO - Creating 932 sequences...
2025-03-28 14:40:55,972 - root - INFO - Sequence preparation completed. X shape: (932, 24, 22), y shape: (932, 6)
2025-03-28 14:40:55,973 - root - INFO - Sequence preparation took 0.01 seconds
2025-03-28 14:40:56,363 - root - ERROR - Error evaluating model for Colaba: 'charmap' codec can't encode characters in position 21-40: character maps to <undefined>
2025-03-28 14:40:56,364 - root - INFO - Evaluating locality: Kalyan
2025-03-28 14:40:56,364 - root - INFO - Loaded coordinates for 26 localities
2025-03-28 14:40:56,367 - root - INFO - Found 0 nearby localities for Kalyan
2025-03-28 14:40:56,367 - root - INFO - Initializing LSTM Predictor for Kalyan
2025-03-28 14:40:56,367 - root - INFO - Sequence length: 24, Prediction horizon: 6
2025-03-28 14:40:56,368 - root - INFO - Loading cleaned data from cleaned_data\Kalyan_spatial_average.csv
2025-03-28 14:40:56,376 - root - WARNING - No nearby localities found or PM2.5 not in columns, dropping NaN values
2025-03-28 14:40:56,378 - root - INFO - Loaded cleaned data with shape: (5404, 4)
2025-03-28 14:40:56,378 - root - INFO - Features selected: ['PM10', 'RH', 'AT']
2025-03-28 14:40:56,378 - root - INFO - Train data shape: (4323, 4), Test data shape: (1081, 4)
2025-03-28 14:40:56,378 - root - INFO - Loading existing model for Kalyan
2025-03-28 14:40:56,542 - root - INFO - Evaluating predictions for Kalyan
2025-03-28 14:40:56,543 - root - INFO - Preparing sequences from data with shape: (1081, 4)
2025-03-28 14:40:56,555 - root - INFO - Creating 1052 sequences...
2025-03-28 14:40:56,557 - root - INFO - Sequence preparation completed. X shape: (1052, 24, 22), y shape: (1052, 6)
2025-03-28 14:40:56,557 - root - INFO - Sequence preparation took 0.01 seconds
2025-03-28 14:40:56,925 - tensorflow - WARNING - 5 out of the last 9 calls to <function TensorFlowTrainer.make_predict_function.<locals>.one_step_on_data_distributed at 0x000002372839BCE0> triggered tf.function retracing. Tracing is expensive and the excessive number of tracings could be due to (1) creating @tf.function repeatedly in a loop, (2) passing tensors with different shapes, (3) passing Python objects instead of tensors. For (1), please define your @tf.function outside of the loop. For (2), @tf.function has reduce_retracing=True option that can avoid unnecessary retracing. For (3), please refer to https://www.tensorflow.org/guide/function#controlling_retracing and https://www.tensorflow.org/api_docs/python/tf/function for  more details.
2025-03-28 14:40:56,934 - root - ERROR - Error evaluating model for Kalyan: 'charmap' codec can't encode characters in position 21-40: character maps to <undefined>
2025-03-28 14:40:56,935 - root - INFO - Evaluating locality: Kandivali
2025-03-28 14:40:56,935 - root - INFO - Loaded coordinates for 26 localities
2025-03-28 14:40:56,938 - root - INFO - Found 3 nearby localities for Kandivali
2025-03-28 14:40:56,938 - root - INFO -   - Malad: 1.76 km, weight: 0.4149
2025-03-28 14:40:56,938 - root - INFO -   - Borivali: 3.02 km, weight: 0.2211
2025-03-28 14:40:56,938 - root - INFO -   - Andheri: 9.16 km, weight: 0.0102
2025-03-28 14:40:56,938 - root - INFO - Initializing LSTM Predictor for Kandivali
2025-03-28 14:40:56,938 - root - INFO - Sequence length: 24, Prediction horizon: 6
2025-03-28 14:40:56,939 - root - INFO - Loading cleaned data from cleaned_data\Kandivali_spatial_average.csv
2025-03-28 14:40:56,947 - root - INFO - Using spatial data from nearby localities to fill missing values
2025-03-28 14:40:56,948 - root - INFO - No missing PM2.5 values found
2025-03-28 14:40:56,948 - root - INFO - Loaded cleaned data with shape: (4801, 4)
2025-03-28 14:40:56,948 - root - INFO - Features selected: ['PM10', 'RH', 'AT']
2025-03-28 14:40:56,949 - root - INFO - Train data shape: (3840, 4), Test data shape: (961, 4)
2025-03-28 14:40:56,949 - root - INFO - Loading existing model for Kandivali
2025-03-28 14:40:57,139 - root - INFO - Evaluating predictions for Kandivali
2025-03-28 14:40:57,139 - root - INFO - Preparing sequences from data with shape: (961, 4)
2025-03-28 14:40:57,150 - root - INFO - Creating 932 sequences...
2025-03-28 14:40:57,152 - root - INFO - Sequence preparation completed. X shape: (932, 24, 22), y shape: (932, 6)
2025-03-28 14:40:57,152 - root - INFO - Sequence preparation took 0.01 seconds
2025-03-28 14:40:57,511 - tensorflow - WARNING - 6 out of the last 11 calls to <function TensorFlowTrainer.make_predict_function.<locals>.one_step_on_data_distributed at 0x0000023726D35440> triggered tf.function retracing. Tracing is expensive and the excessive number of tracings could be due to (1) creating @tf.function repeatedly in a loop, (2) passing tensors with different shapes, (3) passing Python objects instead of tensors. For (1), please define your @tf.function outside of the loop. For (2), @tf.function has reduce_retracing=True option that can avoid unnecessary retracing. For (3), please refer to https://www.tensorflow.org/guide/function#controlling_retracing and https://www.tensorflow.org/api_docs/python/tf/function for  more details.
2025-03-28 14:40:57,521 - root - ERROR - Error evaluating model for Kandivali: 'charmap' codec can't encode characters in position 21-40: character maps to <undefined>
2025-03-28 14:40:57,522 - root - INFO - Evaluating locality: Kurla
2025-03-28 14:40:57,522 - root - INFO - Loaded coordinates for 26 localities
2025-03-28 14:40:57,525 - root - INFO - Found 12 nearby localities for Kurla
2025-03-28 14:40:57,526 - root - INFO -   - Chembur: 2.27 km, weight: 0.3211
2025-03-28 14:40:57,526 - root - INFO -   - Sion: 2.71 km, weight: 0.2574
2025-03-28 14:40:57,526 - root - INFO -   - Airport: 3.04 km, weight: 0.2185
2025-03-28 14:40:57,526 - root - INFO -   - Dharavi: 3.21 km, weight: 0.2009
2025-03-28 14:40:57,526 - root - INFO -   - Bandra: 4.30 km, weight: 0.1163
2025-03-28 14:40:57,526 - root - INFO -   - Vileparle: 5.34 km, weight: 0.0694
2025-03-28 14:40:57,526 - root - INFO -   - Vile Parle: 5.34 km, weight: 0.0694
2025-03-28 14:40:57,526 - root - INFO -   - Dadar: 6.50 km, weight: 0.0388
2025-03-28 14:40:57,526 - root - INFO -   - Powai: 6.57 km, weight: 0.0374
2025-03-28 14:40:57,526 - root - INFO -   - Andheri: 6.94 km, weight: 0.0312
2025-03-28 14:40:57,526 - root - INFO -   - Juhu: 7.15 km, weight: 0.0281
2025-03-28 14:40:57,526 - root - INFO -   - Worli: 8.80 km, weight: 0.0123
2025-03-28 14:40:57,527 - root - INFO - Initializing LSTM Predictor for Kurla
2025-03-28 14:40:57,527 - root - INFO - Sequence length: 24, Prediction horizon: 6
2025-03-28 14:40:57,527 - root - INFO - Loading cleaned data from cleaned_data\Kurla_spatial_average.csv
2025-03-28 14:40:57,537 - root - INFO - Using spatial data from nearby localities to fill missing values
2025-03-28 14:40:57,538 - root - INFO - No missing PM2.5 values found
2025-03-28 14:40:57,538 - root - INFO - Loaded cleaned data with shape: (5425, 4)
2025-03-28 14:40:57,538 - root - INFO - Features selected: ['PM10', 'RH', 'AT']
2025-03-28 14:40:57,539 - root - INFO - Train data shape: (4340, 4), Test data shape: (1085, 4)
2025-03-28 14:40:57,539 - root - INFO - Loading existing model for Kurla
2025-03-28 14:40:57,686 - root - INFO - Evaluating predictions for Kurla
2025-03-28 14:40:57,686 - root - INFO - Preparing sequences from data with shape: (1085, 4)
2025-03-28 14:40:57,697 - root - INFO - Creating 1056 sequences...
2025-03-28 14:40:57,700 - root - INFO - Sequence preparation completed. X shape: (1056, 24, 22), y shape: (1056, 6)
2025-03-28 14:40:57,700 - root - INFO - Sequence preparation took 0.01 seconds
2025-03-28 14:40:58,066 - root - ERROR - Error evaluating model for Kurla: 'charmap' codec can't encode characters in position 21-40: character maps to <undefined>
2025-03-28 14:40:58,068 - root - INFO - Evaluating locality: Mahape
2025-03-28 14:40:58,068 - root - INFO - Loaded coordinates for 26 localities
2025-03-28 14:40:58,071 - root - INFO - Found 3 nearby localities for Mahape
2025-03-28 14:40:58,072 - root - INFO -   - Nerul: 8.48 km, weight: 0.0144
2025-03-28 14:40:58,072 - root - INFO -   - Navi Mumbai: 9.11 km, weight: 0.0105
2025-03-28 14:40:58,072 - root - INFO -   - Mulund: 9.72 km, weight: 0.0078
2025-03-28 14:40:58,072 - root - INFO - Initializing LSTM Predictor for Mahape
2025-03-28 14:40:58,072 - root - INFO - Sequence length: 24, Prediction horizon: 6
2025-03-28 14:40:58,072 - root - INFO - Loading cleaned data from cleaned_data\Mahape_spatial_average.csv
2025-03-28 14:40:58,083 - root - INFO - Using spatial data from nearby localities to fill missing values
2025-03-28 14:40:58,083 - root - INFO - No missing PM2.5 values found
2025-03-28 14:40:58,083 - root - INFO - Loaded cleaned data with shape: (5320, 4)
2025-03-28 14:40:58,084 - root - INFO - Features selected: ['PM10', 'RH', 'AT']
2025-03-28 14:40:58,084 - root - INFO - Train data shape: (4256, 4), Test data shape: (1064, 4)
2025-03-28 14:40:58,084 - root - INFO - Loading existing model for Mahape
2025-03-28 14:40:58,463 - root - INFO - Evaluating predictions for Mahape
2025-03-28 14:40:58,463 - root - INFO - Preparing sequences from data with shape: (1064, 4)
2025-03-28 14:40:58,473 - root - INFO - Creating 1035 sequences...
2025-03-28 14:40:58,475 - root - INFO - Sequence preparation completed. X shape: (1035, 24, 22), y shape: (1035, 6)
2025-03-28 14:40:58,475 - root - INFO - Sequence preparation took 0.01 seconds
2025-03-28 14:40:58,845 - root - ERROR - Error evaluating model for Mahape: 'charmap' codec can't encode characters in position 21-40: character maps to <undefined>
2025-03-28 14:40:58,846 - root - INFO - Evaluating locality: Mulund
2025-03-28 14:40:58,846 - root - INFO - Loaded coordinates for 26 localities
2025-03-28 14:40:58,849 - root - INFO - Found 3 nearby localities for Mulund
2025-03-28 14:40:58,849 - root - INFO -   - Thane: 2.86 km, weight: 0.2397
2025-03-28 14:40:58,849 - root - INFO -   - Powai: 7.84 km, weight: 0.0198
2025-03-28 14:40:58,849 - root - INFO -   - Mahape: 9.72 km, weight: 0.0078
2025-03-28 14:40:58,849 - root - INFO - Initializing LSTM Predictor for Mulund
2025-03-28 14:40:58,849 - root - INFO - Sequence length: 24, Prediction horizon: 6
2025-03-28 14:40:58,850 - root - INFO - Loading cleaned data from cleaned_data\Mulund_spatial_average.csv
2025-03-28 14:40:58,859 - root - INFO - Using spatial data from nearby localities to fill missing values
2025-03-28 14:40:58,859 - root - INFO - No missing PM2.5 values found
2025-03-28 14:40:58,860 - root - INFO - Loaded cleaned data with shape: (5425, 4)
2025-03-28 14:40:58,860 - root - INFO - Features selected: ['PM10', 'RH', 'AT']
2025-03-28 14:40:58,860 - root - INFO - Train data shape: (4340, 4), Test data shape: (1085, 4)
2025-03-28 14:40:58,860 - root - INFO - Training new model for Mulund
2025-03-28 14:40:58,860 - root - INFO - Preparing sequences from data with shape: (4340, 4)
2025-03-28 14:40:58,872 - root - INFO - Creating 4311 sequences...
2025-03-28 14:40:58,880 - root - INFO - Sequence preparation completed. X shape: (4311, 24, 22), y shape: (4311, 6)
2025-03-28 14:40:58,880 - root - INFO - Sequence preparation took 0.02 seconds
2025-03-28 14:40:58,880 - root - INFO - Building stacked LSTM model with residual connections, input shape: (24, 22), output size: 6
2025-03-28 14:40:58,931 - root - INFO - Model architecture:
2025-03-28 14:40:58,944 - root - INFO - Model: "functional"
+--------------------------------------------------------------------------+
| Layer (type)        | Output Shape      |    Param # | Connected to      |
|---------------------+-------------------+------------+-------------------|
| input_layer         | (None, 24, 22)    |          0 | -                 |
| (InputLayer)        |                   |            |                   |
|---------------------+-------------------+------------+-------------------|
| batch_normalization | (None, 24, 22)    |         88 | input_layer[0][0] |
| (BatchNormalizatio… |                   |            |                   |
|---------------------+-------------------+------------+-------------------|
| lstm (LSTM)         | (None, 24, 128)   |     77,312 | batch_normalizat… |
|---------------------+-------------------+------------+-------------------|
| dropout (Dropout)   | (None, 24, 128)   |          0 | lstm[0][0]        |
|---------------------+-------------------+------------+-------------------|
| batch_normalizatio… | (None, 24, 128)   |        512 | dropout[0][0]     |
| (BatchNormalizatio… |                   |            |                   |
|---------------------+-------------------+------------+-------------------|
| lstm_1 (LSTM)       | (None, 24, 128)   |    131,584 | batch_normalizat… |
|---------------------+-------------------+------------+-------------------|
| dropout_1 (Dropout) | (None, 24, 128)   |          0 | lstm_1[0][0]      |
|---------------------+-------------------+------------+-------------------|
| add (Add)           | (None, 24, 128)   |          0 | dropout[0][0],    |
|                     |                   |            | dropout_1[0][0]   |
|---------------------+-------------------+------------+-------------------|
| batch_normalizatio… | (None, 24, 128)   |        512 | add[0][0]         |
| (BatchNormalizatio… |                   |            |                   |
|---------------------+-------------------+------------+-------------------|
| lstm_2 (LSTM)       | (None, 64)        |     49,408 | batch_normalizat… |
|---------------------+-------------------+------------+-------------------|
| dropout_2 (Dropout) | (None, 64)        |          0 | lstm_2[0][0]      |
|---------------------+-------------------+------------+-------------------|
| batch_normalizatio… | (None, 64)        |        256 | dropout_2[0][0]   |
| (BatchNormalizatio… |                   |            |                   |
|---------------------+-------------------+------------+-------------------|
| dense (Dense)       | (None, 64)        |      4,160 | batch_normalizat… |
|---------------------+-------------------+------------+-------------------|
| dropout_3 (Dropout) | (None, 64)        |          0 | dense[0][0]       |
|---------------------+-------------------+------------+-------------------|
| batch_normalizatio… | (None, 64)        |        256 | dropout_3[0][0]   |
| (BatchNormalizatio… |                   |            |                   |
|---------------------+-------------------+------------+-------------------|
| dense_1 (Dense)     | (None, 32)        |      2,080 | batch_normalizat… |
|---------------------+-------------------+------------+-------------------|
| dropout_4 (Dropout) | (None, 32)        |          0 | dense_1[0][0]     |
|---------------------+-------------------+------------+-------------------|
| batch_normalizatio… | (None, 32)        |        128 | dropout_4[0][0]   |
| (BatchNormalizatio… |                   |            |                   |
|---------------------+-------------------+------------+-------------------|
| dense_2 (Dense)     | (None, 6)         |        198 | batch_normalizat… |
+--------------------------------------------------------------------------+
 Total params: 266,494 (1.02 MB)
 Trainable params: 265,618 (1.01 MB)
 Non-trainable params: 876 (3.42 KB)

2025-03-28 14:40:58,945 - root - INFO - Starting model training with 4340 samples
2025-03-28 14:40:58,945 - root - INFO - Training parameters - epochs: 100, batch_size: 32, validation_split: 0.2
2025-03-28 14:40:58,945 - root - INFO - Preparing sequences from data with shape: (4340, 4)
2025-03-28 14:40:58,955 - root - INFO - Creating 4311 sequences...
2025-03-28 14:40:58,963 - root - INFO - Sequence preparation completed. X shape: (4311, 24, 22), y shape: (4311, 6)
2025-03-28 14:40:58,963 - root - INFO - Sequence preparation took 0.02 seconds
2025-03-28 14:41:05,716 - root - INFO - Epoch 1 - loss: 1.2231 - mae: 0.8671 - val_loss: 2.1134 - val_mae: 1.2277
2025-03-28 14:41:07,947 - root - INFO - Epoch 2 - loss: 0.6648 - mae: 0.6416 - val_loss: 1.6807 - val_mae: 1.0685
2025-03-28 14:41:10,374 - root - INFO - Epoch 3 - loss: 0.4765 - mae: 0.5366 - val_loss: 1.5709 - val_mae: 1.0275
2025-03-28 14:41:12,575 - root - INFO - Epoch 4 - loss: 0.3796 - mae: 0.4753 - val_loss: 1.6820 - val_mae: 1.0793
2025-03-28 14:41:14,929 - root - INFO - Epoch 5 - loss: 0.3146 - mae: 0.4272 - val_loss: 1.1939 - val_mae: 0.8728
2025-03-28 14:41:17,456 - root - INFO - Epoch 6 - loss: 0.2607 - mae: 0.3878 - val_loss: 1.0862 - val_mae: 0.8295
2025-03-28 14:41:19,722 - root - INFO - Epoch 7 - loss: 0.2376 - mae: 0.3694 - val_loss: 1.1889 - val_mae: 0.8729
2025-03-28 14:41:21,936 - root - INFO - Epoch 8 - loss: 0.2150 - mae: 0.3474 - val_loss: 1.6028 - val_mae: 1.0583
2025-03-28 14:41:24,101 - root - INFO - Epoch 9 - loss: 0.2067 - mae: 0.3420 - val_loss: 1.3801 - val_mae: 0.9634
2025-03-28 14:41:26,265 - root - INFO - Epoch 10 - loss: 0.1903 - mae: 0.3278 - val_loss: 1.3438 - val_mae: 0.9433
2025-03-28 14:41:28,527 - root - INFO - Epoch 11 - loss: 0.1847 - mae: 0.3235 - val_loss: 1.1250 - val_mae: 0.8573
2025-03-28 14:41:30,695 - root - INFO - Epoch 12 - loss: 0.1791 - mae: 0.3198 - val_loss: 1.3916 - val_mae: 0.9696
2025-03-28 14:41:32,865 - root - INFO - Epoch 13 - loss: 0.1708 - mae: 0.3107 - val_loss: 1.8135 - val_mae: 1.1332
2025-03-28 14:41:35,227 - root - INFO - Epoch 14 - loss: 0.1695 - mae: 0.3071 - val_loss: 2.0003 - val_mae: 1.2074
2025-03-28 14:41:37,425 - root - INFO - Epoch 15 - loss: 0.1597 - mae: 0.2998 - val_loss: 2.3747 - val_mae: 1.3293
2025-03-28 14:41:39,657 - root - INFO - Epoch 16 - loss: 0.1525 - mae: 0.2933 - val_loss: 2.3777 - val_mae: 1.3347
2025-03-28 14:41:41,914 - root - INFO - Epoch 17 - loss: 0.1444 - mae: 0.2840 - val_loss: 2.0292 - val_mae: 1.2130
2025-03-28 14:41:44,160 - root - INFO - Epoch 18 - loss: 0.1382 - mae: 0.2796 - val_loss: 2.0810 - val_mae: 1.2158
2025-03-28 14:41:46,436 - root - INFO - Epoch 19 - loss: 0.1356 - mae: 0.2761 - val_loss: 2.1198 - val_mae: 1.2430
2025-03-28 14:41:48,644 - root - INFO - Epoch 20 - loss: 0.1349 - mae: 0.2749 - val_loss: 2.0441 - val_mae: 1.2175
2025-03-28 14:41:50,916 - root - INFO - Epoch 21 - loss: 0.1321 - mae: 0.2727 - val_loss: 2.0429 - val_mae: 1.2186
2025-03-28 14:41:53,193 - root - INFO - Epoch 22 - loss: 0.1275 - mae: 0.2671 - val_loss: 2.2633 - val_mae: 1.2868
2025-03-28 14:41:55,597 - root - INFO - Epoch 23 - loss: 0.1286 - mae: 0.2690 - val_loss: 1.7984 - val_mae: 1.1233
2025-03-28 14:41:57,995 - root - INFO - Epoch 24 - loss: 0.1293 - mae: 0.2662 - val_loss: 2.5062 - val_mae: 1.3817
2025-03-28 14:42:00,291 - root - INFO - Epoch 25 - loss: 0.1264 - mae: 0.2656 - val_loss: 2.0300 - val_mae: 1.2123
2025-03-28 14:42:02,561 - root - INFO - Epoch 26 - loss: 0.1244 - mae: 0.2640 - val_loss: 2.0217 - val_mae: 1.2035
2025-03-28 14:42:02,571 - root - INFO - Training completed in 63.63 seconds
2025-03-28 14:42:02,571 - root - INFO - Final training loss: 0.1244
2025-03-28 14:42:02,571 - root - INFO - Final validation loss: 2.0217
2025-03-28 14:42:02,627 - root - INFO - Model saved to models/lstm_Mulund_ph6.keras
2025-03-28 14:42:02,627 - root - INFO - Evaluating predictions for Mulund
2025-03-28 14:42:02,627 - root - INFO - Preparing sequences from data with shape: (1085, 4)
2025-03-28 14:42:02,634 - root - INFO - Creating 1056 sequences...
2025-03-28 14:42:02,636 - root - INFO - Sequence preparation completed. X shape: (1056, 24, 22), y shape: (1056, 6)
2025-03-28 14:42:02,636 - root - INFO - Sequence preparation took 0.01 seconds
2025-03-28 14:42:02,998 - root - ERROR - Error evaluating model for Mulund: 'charmap' codec can't encode characters in position 21-40: character maps to <undefined>
2025-03-28 14:42:02,999 - root - INFO - Evaluating locality: Nerul
2025-03-28 14:42:02,999 - root - INFO - Loaded coordinates for 26 localities
2025-03-28 14:42:03,002 - root - INFO - Found 2 nearby localities for Nerul
2025-03-28 14:42:03,002 - root - INFO -   - Navi Mumbai: 0.79 km, weight: 0.6747
2025-03-28 14:42:03,002 - root - INFO -   - Mahape: 8.48 km, weight: 0.0144
2025-03-28 14:42:03,002 - root - INFO - Initializing LSTM Predictor for Nerul
2025-03-28 14:42:03,003 - root - INFO - Sequence length: 24, Prediction horizon: 6
2025-03-28 14:42:03,003 - root - INFO - Loading cleaned data from cleaned_data\Nerul_spatial_average.csv
2025-03-28 14:42:03,011 - root - INFO - Using spatial data from nearby localities to fill missing values
2025-03-28 14:42:03,012 - root - INFO - No missing PM2.5 values found
2025-03-28 14:42:03,013 - root - INFO - Loaded cleaned data with shape: (5305, 4)
2025-03-28 14:42:03,013 - root - INFO - Features selected: ['PM10', 'RH', 'AT']
2025-03-28 14:42:03,013 - root - INFO - Train data shape: (4244, 4), Test data shape: (1061, 4)
2025-03-28 14:42:03,013 - root - INFO - Training new model for Nerul
2025-03-28 14:42:03,013 - root - INFO - Preparing sequences from data with shape: (4244, 4)
2025-03-28 14:42:03,026 - root - INFO - Creating 4215 sequences...
2025-03-28 14:42:03,034 - root - INFO - Sequence preparation completed. X shape: (4215, 24, 22), y shape: (4215, 6)
2025-03-28 14:42:03,034 - root - INFO - Sequence preparation took 0.02 seconds
2025-03-28 14:42:03,034 - root - INFO - Building stacked LSTM model with residual connections, input shape: (24, 22), output size: 6
2025-03-28 14:42:03,381 - root - INFO - Model architecture:
2025-03-28 14:42:03,392 - root - INFO - Model: "functional_1"
+--------------------------------------------------------------------------+
| Layer (type)        | Output Shape      |    Param # | Connected to      |
|---------------------+-------------------+------------+-------------------|
| input_layer_1       | (None, 24, 22)    |          0 | -                 |
| (InputLayer)        |                   |            |                   |
|---------------------+-------------------+------------+-------------------|
| batch_normalizatio… | (None, 24, 22)    |         88 | input_layer_1[0]… |
| (BatchNormalizatio… |                   |            |                   |
|---------------------+-------------------+------------+-------------------|
| lstm_3 (LSTM)       | (None, 24, 128)   |     77,312 | batch_normalizat… |
|---------------------+-------------------+------------+-------------------|
| dropout_5 (Dropout) | (None, 24, 128)   |          0 | lstm_3[0][0]      |
|---------------------+-------------------+------------+-------------------|
| batch_normalizatio… | (None, 24, 128)   |        512 | dropout_5[0][0]   |
| (BatchNormalizatio… |                   |            |                   |
|---------------------+-------------------+------------+-------------------|
| lstm_4 (LSTM)       | (None, 24, 128)   |    131,584 | batch_normalizat… |
|---------------------+-------------------+------------+-------------------|
| dropout_6 (Dropout) | (None, 24, 128)   |          0 | lstm_4[0][0]      |
|---------------------+-------------------+------------+-------------------|
| add_1 (Add)         | (None, 24, 128)   |          0 | dropout_5[0][0],  |
|                     |                   |            | dropout_6[0][0]   |
|---------------------+-------------------+------------+-------------------|
| batch_normalizatio… | (None, 24, 128)   |        512 | add_1[0][0]       |
| (BatchNormalizatio… |                   |            |                   |
|---------------------+-------------------+------------+-------------------|
| lstm_5 (LSTM)       | (None, 64)        |     49,408 | batch_normalizat… |
|---------------------+-------------------+------------+-------------------|
| dropout_7 (Dropout) | (None, 64)        |          0 | lstm_5[0][0]      |
|---------------------+-------------------+------------+-------------------|
| batch_normalizatio… | (None, 64)        |        256 | dropout_7[0][0]   |
| (BatchNormalizatio… |                   |            |                   |
|---------------------+-------------------+------------+-------------------|
| dense_3 (Dense)     | (None, 64)        |      4,160 | batch_normalizat… |
|---------------------+-------------------+------------+-------------------|
| dropout_8 (Dropout) | (None, 64)        |          0 | dense_3[0][0]     |
|---------------------+-------------------+------------+-------------------|
| batch_normalizatio… | (None, 64)        |        256 | dropout_8[0][0]   |
| (BatchNormalizatio… |                   |            |                   |
|---------------------+-------------------+------------+-------------------|
| dense_4 (Dense)     | (None, 32)        |      2,080 | batch_normalizat… |
|---------------------+-------------------+------------+-------------------|
| dropout_9 (Dropout) | (None, 32)        |          0 | dense_4[0][0]     |
|---------------------+-------------------+------------+-------------------|
| batch_normalizatio… | (None, 32)        |        128 | dropout_9[0][0]   |
| (BatchNormalizatio… |                   |            |                   |
|---------------------+-------------------+------------+-------------------|
| dense_5 (Dense)     | (None, 6)         |        198 | batch_normalizat… |
+--------------------------------------------------------------------------+
 Total params: 266,494 (1.02 MB)
 Trainable params: 265,618 (1.01 MB)
 Non-trainable params: 876 (3.42 KB)

2025-03-28 14:42:03,392 - root - INFO - Starting model training with 4244 samples
2025-03-28 14:42:03,392 - root - INFO - Training parameters - epochs: 100, batch_size: 32, validation_split: 0.2
2025-03-28 14:42:03,392 - root - INFO - Preparing sequences from data with shape: (4244, 4)
2025-03-28 14:42:03,402 - root - INFO - Creating 4215 sequences...
2025-03-28 14:42:03,411 - root - INFO - Sequence preparation completed. X shape: (4215, 24, 22), y shape: (4215, 6)
2025-03-28 14:42:03,411 - root - INFO - Sequence preparation took 0.02 seconds
2025-03-28 14:42:10,049 - root - INFO - Epoch 1 - loss: 1.5298 - mae: 0.9715 - val_loss: 2.2058 - val_mae: 1.2935
2025-03-28 14:42:12,521 - root - INFO - Epoch 2 - loss: 0.8390 - mae: 0.7175 - val_loss: 1.3456 - val_mae: 0.9780
2025-03-28 14:42:14,793 - root - INFO - Epoch 3 - loss: 0.5738 - mae: 0.5884 - val_loss: 1.6185 - val_mae: 1.0947
2025-03-28 14:42:17,061 - root - INFO - Epoch 4 - loss: 0.4442 - mae: 0.5135 - val_loss: 1.7239 - val_mae: 1.1305
2025-03-28 14:42:19,376 - root - INFO - Epoch 5 - loss: 0.3668 - mae: 0.4664 - val_loss: 1.2437 - val_mae: 0.9362
2025-03-28 14:42:21,728 - root - INFO - Epoch 6 - loss: 0.2987 - mae: 0.4160 - val_loss: 1.6094 - val_mae: 1.1008
2025-03-28 14:42:24,071 - root - INFO - Epoch 7 - loss: 0.2690 - mae: 0.3953 - val_loss: 1.4457 - val_mae: 1.0254
2025-03-28 14:42:26,363 - root - INFO - Epoch 8 - loss: 0.2427 - mae: 0.3748 - val_loss: 1.4756 - val_mae: 1.0465
2025-03-28 14:42:28,900 - root - INFO - Epoch 9 - loss: 0.2431 - mae: 0.3757 - val_loss: 1.2830 - val_mae: 0.9576
2025-03-28 14:42:31,532 - root - INFO - Epoch 10 - loss: 0.2264 - mae: 0.3620 - val_loss: 1.2025 - val_mae: 0.9143
2025-03-28 14:42:33,740 - root - INFO - Epoch 11 - loss: 0.2138 - mae: 0.3515 - val_loss: 1.3168 - val_mae: 0.9604
2025-03-28 14:42:35,958 - root - INFO - Epoch 12 - loss: 0.2145 - mae: 0.3517 - val_loss: 1.8881 - val_mae: 1.1930
2025-03-28 15:24:38,171 - root - INFO - Evaluating 15 localities: Airport, Bandra, Borivali, Colaba, Kalyan, Kandivali, Kurla, Mahape, Mulund, Nerul, Powai, Sion, Vasai, Vileparle, Worli
2025-03-28 15:24:38,172 - root - INFO - Using sequence_length=24, prediction_horizon=6
2025-03-28 15:24:38,173 - root - INFO - Evaluating locality: Airport
2025-03-28 15:24:38,173 - root - INFO - Loaded coordinates for 26 localities
2025-03-28 15:24:38,176 - root - INFO - Found 12 nearby localities for Airport
2025-03-28 15:24:38,176 - root - INFO -   - Vileparle: 2.54 km, weight: 0.2804
2025-03-28 15:24:38,176 - root - INFO -   - Vile Parle: 2.54 km, weight: 0.2804
2025-03-28 15:24:38,176 - root - INFO -   - Kurla: 3.04 km, weight: 0.2185
2025-03-28 15:24:38,177 - root - INFO -   - Andheri: 3.90 km, weight: 0.1426
2025-03-28 15:24:38,177 - root - INFO -   - Juhu: 4.45 km, weight: 0.1083
2025-03-28 15:24:38,177 - root - INFO -   - Bandra: 4.67 km, weight: 0.0967
2025-03-28 15:24:38,177 - root - INFO -   - Sion: 4.77 km, weight: 0.0919
2025-03-28 15:24:38,177 - root - INFO -   - Dharavi: 5.05 km, weight: 0.0801
2025-03-28 15:24:38,177 - root - INFO -   - Chembur: 5.14 km, weight: 0.0765
2025-03-28 15:24:38,177 - root - INFO -   - Powai: 5.45 km, weight: 0.0656
2025-03-28 15:24:38,178 - root - INFO -   - Dadar: 8.28 km, weight: 0.0159
2025-03-28 15:24:38,178 - root - INFO -   - Worli: 9.97 km, weight: 0.0068
2025-03-28 15:24:38,178 - root - INFO - Initializing LSTM Predictor for Airport
2025-03-28 15:24:38,178 - root - INFO - Sequence length: 24, Prediction horizon: 6
2025-03-28 15:24:38,178 - root - INFO - Loading cleaned data from spatial_cleaned_data\Airport_spatial_weighted.csv
2025-03-28 15:24:38,192 - root - INFO - Using spatial data from nearby localities to fill any remaining missing values
2025-03-28 15:24:38,192 - root - INFO - No missing PM2.5 values found
2025-03-28 15:24:38,193 - root - INFO - Loaded cleaned data with shape: (5305, 4)
2025-03-28 15:24:38,193 - root - INFO - Features selected: ['PM10', 'RH', 'AT']
2025-03-28 15:24:38,193 - root - INFO - Train data shape: (4244, 4), Test data shape: (1061, 4)
2025-03-28 15:24:38,194 - root - INFO - Loading existing model for Airport
2025-03-28 15:24:38,431 - root - INFO - Evaluating predictions for Airport
2025-03-28 15:24:38,432 - root - INFO - Preparing sequences from data with shape: (1061, 4)
2025-03-28 15:24:38,444 - root - INFO - Creating 1032 sequences...
2025-03-28 15:24:38,448 - root - INFO - Sequence preparation completed. X shape: (1032, 24, 22), y shape: (1032, 6)
2025-03-28 15:24:38,448 - root - INFO - Sequence preparation took 0.02 seconds
2025-03-28 15:25:06,598 - root - INFO - Evaluating 15 localities: Airport, Bandra, Borivali, Colaba, Kalyan, Kandivali, Kurla, Mahape, Mulund, Nerul, Powai, Sion, Vasai, Vileparle, Worli
2025-03-28 15:25:06,598 - root - INFO - Using sequence_length=24, prediction_horizon=6
2025-03-28 15:25:06,599 - root - INFO - Evaluating locality: Airport
2025-03-28 15:25:06,599 - root - INFO - Loaded coordinates for 26 localities
2025-03-28 15:25:06,603 - root - INFO - Found 12 nearby localities for Airport
2025-03-28 15:25:06,603 - root - INFO -   - Vileparle: 2.54 km, weight: 0.2804
2025-03-28 15:25:06,603 - root - INFO -   - Vile Parle: 2.54 km, weight: 0.2804
2025-03-28 15:25:06,603 - root - INFO -   - Kurla: 3.04 km, weight: 0.2185
2025-03-28 15:25:06,604 - root - INFO -   - Andheri: 3.90 km, weight: 0.1426
2025-03-28 15:25:06,604 - root - INFO -   - Juhu: 4.45 km, weight: 0.1083
2025-03-28 15:25:06,604 - root - INFO -   - Bandra: 4.67 km, weight: 0.0967
2025-03-28 15:25:06,604 - root - INFO -   - Sion: 4.77 km, weight: 0.0919
2025-03-28 15:25:06,604 - root - INFO -   - Dharavi: 5.05 km, weight: 0.0801
2025-03-28 15:25:06,605 - root - INFO -   - Chembur: 5.14 km, weight: 0.0765
2025-03-28 15:25:06,605 - root - INFO -   - Powai: 5.45 km, weight: 0.0656
2025-03-28 15:25:06,605 - root - INFO -   - Dadar: 8.28 km, weight: 0.0159
2025-03-28 15:25:06,605 - root - INFO -   - Worli: 9.97 km, weight: 0.0068
2025-03-28 15:25:06,605 - root - INFO - Initializing LSTM Predictor for Airport
2025-03-28 15:25:06,605 - root - INFO - Sequence length: 24, Prediction horizon: 6
2025-03-28 15:25:06,606 - root - INFO - Loading cleaned data from spatial_cleaned_data\Airport_spatial_weighted.csv
2025-03-28 15:25:06,620 - root - INFO - Using spatial data from nearby localities to fill any remaining missing values
2025-03-28 15:25:06,621 - root - INFO - No missing PM2.5 values found
2025-03-28 15:25:06,621 - root - INFO - Loaded cleaned data with shape: (5305, 4)
2025-03-28 15:25:06,622 - root - INFO - Features selected: ['PM10', 'RH', 'AT']
2025-03-28 15:25:06,622 - root - INFO - Train data shape: (4244, 4), Test data shape: (1061, 4)
2025-03-28 15:25:06,622 - root - INFO - Loading existing model for Airport
2025-03-28 15:25:06,837 - root - INFO - Evaluating predictions for Airport
2025-03-28 15:25:06,837 - root - INFO - Preparing sequences from data with shape: (1061, 4)
2025-03-28 15:25:06,849 - root - INFO - Creating 1032 sequences...
2025-03-28 15:25:06,851 - root - INFO - Sequence preparation completed. X shape: (1032, 24, 22), y shape: (1032, 6)
2025-03-28 15:25:06,851 - root - INFO - Sequence preparation took 0.01 seconds
2025-03-28 15:25:07,764 - root - INFO - Evaluation completed in 0.93 seconds
2025-03-28 15:25:07,764 - root - INFO - Evaluation metrics - MAE: 6.56, RMSE: 8.50
2025-03-28 15:25:08,599 - root - INFO - Plots saved to plots/distance_Airport_predictions.png and plots/distance_Airport_error_distribution.png
2025-03-28 15:25:08,600 - root - INFO - Final Evaluation Results:
2025-03-28 15:25:08,600 - root - INFO - MAE: 6.56
2025-03-28 15:25:08,601 - root - INFO - RMSE: 8.50
2025-03-28 15:25:08,601 - root - INFO - MSE: 72.30
2025-03-28 15:25:08,602 - root - INFO - Evaluating locality: Bandra
2025-03-28 15:25:08,602 - root - INFO - Loaded coordinates for 26 localities
2025-03-28 15:25:08,605 - root - INFO - Found 12 nearby localities for Bandra
2025-03-28 15:25:08,605 - root - INFO -   - Dharavi: 2.26 km, weight: 0.3231
2025-03-28 15:25:08,605 - root - INFO -   - Sion: 2.60 km, weight: 0.2723
2025-03-28 15:25:08,605 - root - INFO -   - Dadar: 4.14 km, weight: 0.1262
2025-03-28 15:25:08,605 - root - INFO -   - Kurla: 4.30 km, weight: 0.1163
2025-03-28 15:25:08,606 - root - INFO -   - Airport: 4.67 km, weight: 0.0967
2025-03-28 15:25:08,606 - root - INFO -   - Vileparle: 4.99 km, weight: 0.0826
2025-03-28 15:25:08,606 - root - INFO -   - Vile Parle: 4.99 km, weight: 0.0825
2025-03-28 15:25:08,606 - root - INFO -   - Worli: 5.33 km, weight: 0.0697
2025-03-28 15:25:08,606 - root - INFO -   - Juhu: 5.91 km, weight: 0.0520
2025-03-28 15:25:08,606 - root - INFO -   - Chembur: 6.08 km, weight: 0.0479
2025-03-28 15:25:08,606 - root - INFO -   - Andheri: 7.19 km, weight: 0.0274
2025-03-28 15:25:08,606 - root - INFO -   - Powai: 9.98 km, weight: 0.0068
2025-03-28 15:25:08,606 - root - INFO - Initializing LSTM Predictor for Bandra
2025-03-28 15:25:08,607 - root - INFO - Sequence length: 24, Prediction horizon: 6
2025-03-28 15:25:08,607 - root - INFO - Loading cleaned data from spatial_cleaned_data\Bandra_spatial_weighted.csv
2025-03-28 15:25:08,615 - root - INFO - Using spatial data from nearby localities to fill any remaining missing values
2025-03-28 15:25:08,615 - root - INFO - No missing PM2.5 values found
2025-03-28 15:25:08,616 - root - INFO - Loaded cleaned data with shape: (5441, 4)
2025-03-28 15:25:08,616 - root - INFO - Features selected: ['PM10', 'RH', 'AT']
2025-03-28 15:25:08,616 - root - INFO - Train data shape: (4352, 4), Test data shape: (1089, 4)
2025-03-28 15:25:08,617 - root - INFO - Loading existing model for Bandra
2025-03-28 15:25:08,793 - root - INFO - Evaluating predictions for Bandra
2025-03-28 15:25:08,794 - root - INFO - Preparing sequences from data with shape: (1089, 4)
2025-03-28 15:25:08,807 - root - INFO - Creating 1060 sequences...
2025-03-28 15:25:08,809 - root - INFO - Sequence preparation completed. X shape: (1060, 24, 22), y shape: (1060, 6)
2025-03-28 15:25:08,809 - root - INFO - Sequence preparation took 0.02 seconds
2025-03-28 15:25:09,737 - root - INFO - Evaluation completed in 0.94 seconds
2025-03-28 15:25:09,737 - root - INFO - Evaluation metrics - MAE: 9.47, RMSE: 12.76
2025-03-28 15:25:10,121 - root - INFO - Plots saved to plots/distance_Bandra_predictions.png and plots/distance_Bandra_error_distribution.png
2025-03-28 15:25:10,121 - root - INFO - Final Evaluation Results:
2025-03-28 15:25:10,122 - root - INFO - MAE: 9.47
2025-03-28 15:25:10,122 - root - INFO - RMSE: 12.76
2025-03-28 15:25:10,122 - root - INFO - MSE: 162.89
2025-03-28 15:25:10,123 - root - INFO - Evaluating locality: Borivali
2025-03-28 15:25:10,123 - root - INFO - Loaded coordinates for 26 localities
2025-03-28 15:25:10,126 - root - INFO - Found 2 nearby localities for Borivali
2025-03-28 15:25:10,126 - root - INFO -   - Kandivali: 3.02 km, weight: 0.2211
2025-03-28 15:25:10,126 - root - INFO -   - Malad: 4.78 km, weight: 0.0917
2025-03-28 15:25:10,126 - root - INFO - Initializing LSTM Predictor for Borivali
2025-03-28 15:25:10,126 - root - INFO - Sequence length: 24, Prediction horizon: 6
2025-03-28 15:25:10,127 - root - INFO - Loading cleaned data from spatial_cleaned_data\Borivali_spatial_weighted.csv
2025-03-28 15:25:10,136 - root - INFO - Using spatial data from nearby localities to fill any remaining missing values
2025-03-28 15:25:10,136 - root - INFO - No missing PM2.5 values found
2025-03-28 15:25:10,137 - root - INFO - Loaded cleaned data with shape: (5425, 4)
2025-03-28 15:25:10,137 - root - INFO - Features selected: ['PM10', 'RH', 'AT']
2025-03-28 15:25:10,137 - root - INFO - Train data shape: (4340, 4), Test data shape: (1085, 4)
2025-03-28 15:25:10,137 - root - INFO - Loading existing model for Borivali
2025-03-28 15:25:10,296 - root - INFO - Evaluating predictions for Borivali
2025-03-28 15:25:10,296 - root - INFO - Preparing sequences from data with shape: (1085, 4)
2025-03-28 15:25:10,307 - root - INFO - Creating 1056 sequences...
2025-03-28 15:25:10,310 - root - INFO - Sequence preparation completed. X shape: (1056, 24, 22), y shape: (1056, 6)
2025-03-28 15:25:10,310 - root - INFO - Sequence preparation took 0.01 seconds
2025-03-28 15:25:10,928 - root - INFO - Evaluation completed in 0.63 seconds
2025-03-28 15:25:10,928 - root - INFO - Evaluation metrics - MAE: 5.95, RMSE: 9.14
2025-03-28 15:25:11,503 - root - INFO - Plots saved to plots/distance_Borivali_predictions.png and plots/distance_Borivali_error_distribution.png
2025-03-28 15:25:11,504 - root - INFO - Final Evaluation Results:
2025-03-28 15:25:11,504 - root - INFO - MAE: 5.95
2025-03-28 15:25:11,504 - root - INFO - RMSE: 9.14
2025-03-28 15:25:11,504 - root - INFO - MSE: 83.59
2025-03-28 15:25:11,505 - root - INFO - Evaluating locality: Colaba
2025-03-28 15:25:11,505 - root - INFO - Loaded coordinates for 26 localities
2025-03-28 15:25:11,508 - root - INFO - Found 1 nearby localities for Colaba
2025-03-28 15:25:11,508 - root - INFO -   - Malabar Hill: 5.33 km, weight: 0.0696
2025-03-28 15:25:11,508 - root - INFO - Initializing LSTM Predictor for Colaba
2025-03-28 15:25:11,508 - root - INFO - Sequence length: 24, Prediction horizon: 6
2025-03-28 15:25:11,509 - root - INFO - Loading cleaned data from spatial_cleaned_data\Colaba_spatial_weighted.csv
2025-03-28 15:25:11,517 - root - INFO - Using spatial data from nearby localities to fill any remaining missing values
2025-03-28 15:25:11,517 - root - INFO - No missing PM2.5 values found
2025-03-28 15:25:11,517 - root - INFO - Loaded cleaned data with shape: (4801, 4)
2025-03-28 15:25:11,518 - root - INFO - Features selected: ['PM10', 'RH', 'AT']
2025-03-28 15:25:11,518 - root - INFO - Train data shape: (3840, 4), Test data shape: (961, 4)
2025-03-28 15:25:11,519 - root - INFO - Loading existing model for Colaba
2025-03-28 15:25:11,694 - root - INFO - Evaluating predictions for Colaba
2025-03-28 15:25:11,694 - root - INFO - Preparing sequences from data with shape: (961, 4)
2025-03-28 15:25:11,708 - root - INFO - Creating 932 sequences...
2025-03-28 15:25:11,710 - root - INFO - Sequence preparation completed. X shape: (932, 24, 22), y shape: (932, 6)
2025-03-28 15:25:11,710 - root - INFO - Sequence preparation took 0.02 seconds
2025-03-28 15:25:12,584 - root - INFO - Evaluation completed in 0.89 seconds
2025-03-28 15:25:12,584 - root - INFO - Evaluation metrics - MAE: 1.99, RMSE: 4.08
2025-03-28 15:25:13,054 - root - INFO - Plots saved to plots/distance_Colaba_predictions.png and plots/distance_Colaba_error_distribution.png
2025-03-28 15:25:13,054 - root - INFO - Final Evaluation Results:
2025-03-28 15:25:13,054 - root - INFO - MAE: 1.99
2025-03-28 15:25:13,055 - root - INFO - RMSE: 4.08
2025-03-28 15:25:13,055 - root - INFO - MSE: 16.67
2025-03-28 15:25:13,056 - root - INFO - Evaluating locality: Kalyan
2025-03-28 15:25:13,056 - root - INFO - Loaded coordinates for 26 localities
2025-03-28 15:25:13,058 - root - INFO - Found 0 nearby localities for Kalyan
2025-03-28 15:25:13,059 - root - INFO - Initializing LSTM Predictor for Kalyan
2025-03-28 15:25:13,059 - root - INFO - Sequence length: 24, Prediction horizon: 6
2025-03-28 15:25:13,059 - root - INFO - Loading cleaned data from spatial_cleaned_data\Kalyan_spatial_weighted.csv
2025-03-28 15:25:13,067 - root - WARNING - Data still contains NaN values. Filling with forward and backward fill.
2025-03-28 15:25:13,068 - root - INFO - Loaded cleaned data with shape: (5442, 4)
2025-03-28 15:25:13,068 - root - INFO - Features selected: ['PM10', 'RH', 'AT']
2025-03-28 15:25:13,069 - root - INFO - Train data shape: (4353, 4), Test data shape: (1089, 4)
2025-03-28 15:25:13,069 - root - INFO - Loading existing model for Kalyan
2025-03-28 15:25:13,231 - root - INFO - Evaluating predictions for Kalyan
2025-03-28 15:25:13,232 - root - INFO - Preparing sequences from data with shape: (1089, 4)
2025-03-28 15:25:13,241 - root - INFO - Creating 1060 sequences...
2025-03-28 15:25:13,244 - root - INFO - Sequence preparation completed. X shape: (1060, 24, 22), y shape: (1060, 6)
2025-03-28 15:25:13,244 - root - INFO - Sequence preparation took 0.01 seconds
2025-03-28 15:25:14,138 - root - INFO - Evaluation completed in 0.91 seconds
2025-03-28 15:25:14,138 - root - INFO - Evaluation metrics - MAE: 12.31, RMSE: 16.93
2025-03-28 15:25:14,511 - root - INFO - Plots saved to plots/distance_Kalyan_predictions.png and plots/distance_Kalyan_error_distribution.png
2025-03-28 15:25:14,511 - root - INFO - Final Evaluation Results:
2025-03-28 15:25:14,511 - root - INFO - MAE: 12.31
2025-03-28 15:25:14,512 - root - INFO - RMSE: 16.93
2025-03-28 15:25:14,512 - root - INFO - MSE: 286.79
2025-03-28 15:25:14,513 - root - INFO - Evaluating locality: Kandivali
2025-03-28 15:25:14,513 - root - INFO - Loaded coordinates for 26 localities
2025-03-28 15:25:14,516 - root - INFO - Found 3 nearby localities for Kandivali
2025-03-28 15:25:14,516 - root - INFO -   - Malad: 1.76 km, weight: 0.4149
2025-03-28 15:25:14,516 - root - INFO -   - Borivali: 3.02 km, weight: 0.2211
2025-03-28 15:25:14,516 - root - INFO -   - Andheri: 9.16 km, weight: 0.0102
2025-03-28 15:25:14,516 - root - INFO - Initializing LSTM Predictor for Kandivali
2025-03-28 15:25:14,516 - root - INFO - Sequence length: 24, Prediction horizon: 6
2025-03-28 15:25:14,516 - root - INFO - Loading cleaned data from spatial_cleaned_data\Kandivali_spatial_weighted.csv
2025-03-28 15:25:14,525 - root - INFO - Using spatial data from nearby localities to fill any remaining missing values
2025-03-28 15:25:14,525 - root - INFO - No missing PM2.5 values found
2025-03-28 15:25:14,526 - root - INFO - Loaded cleaned data with shape: (4801, 4)
2025-03-28 15:25:14,526 - root - INFO - Features selected: ['PM10', 'RH', 'AT']
2025-03-28 15:25:14,526 - root - INFO - Train data shape: (3840, 4), Test data shape: (961, 4)
2025-03-28 15:25:14,526 - root - INFO - Loading existing model for Kandivali
2025-03-28 15:25:14,685 - root - INFO - Evaluating predictions for Kandivali
2025-03-28 15:25:14,686 - root - INFO - Preparing sequences from data with shape: (961, 4)
2025-03-28 15:25:14,695 - root - INFO - Creating 932 sequences...
2025-03-28 15:25:14,698 - root - INFO - Sequence preparation completed. X shape: (932, 24, 22), y shape: (932, 6)
2025-03-28 15:25:14,698 - root - INFO - Sequence preparation took 0.01 seconds
2025-03-28 15:25:15,580 - root - INFO - Evaluation completed in 0.89 seconds
2025-03-28 15:25:15,580 - root - INFO - Evaluation metrics - MAE: 8.92, RMSE: 12.92
2025-03-28 15:25:15,961 - root - INFO - Plots saved to plots/distance_Kandivali_predictions.png and plots/distance_Kandivali_error_distribution.png
2025-03-28 15:25:15,962 - root - INFO - Final Evaluation Results:
2025-03-28 15:25:15,962 - root - INFO - MAE: 8.92
2025-03-28 15:25:15,962 - root - INFO - RMSE: 12.92
2025-03-28 15:25:15,963 - root - INFO - MSE: 166.87
2025-03-28 15:25:15,963 - root - INFO - Evaluating locality: Kurla
2025-03-28 15:25:15,964 - root - INFO - Loaded coordinates for 26 localities
2025-03-28 15:25:15,966 - root - INFO - Found 12 nearby localities for Kurla
2025-03-28 15:25:15,966 - root - INFO -   - Chembur: 2.27 km, weight: 0.3211
2025-03-28 15:25:15,966 - root - INFO -   - Sion: 2.71 km, weight: 0.2574
2025-03-28 15:25:15,966 - root - INFO -   - Airport: 3.04 km, weight: 0.2185
2025-03-28 15:25:15,966 - root - INFO -   - Dharavi: 3.21 km, weight: 0.2009
2025-03-28 15:25:15,967 - root - INFO -   - Bandra: 4.30 km, weight: 0.1163
2025-03-28 15:25:15,967 - root - INFO -   - Vileparle: 5.34 km, weight: 0.0694
2025-03-28 15:25:15,967 - root - INFO -   - Vile Parle: 5.34 km, weight: 0.0694
2025-03-28 15:25:15,967 - root - INFO -   - Dadar: 6.50 km, weight: 0.0388
2025-03-28 15:25:15,967 - root - INFO -   - Powai: 6.57 km, weight: 0.0374
2025-03-28 15:25:15,967 - root - INFO -   - Andheri: 6.94 km, weight: 0.0312
2025-03-28 15:25:15,967 - root - INFO -   - Juhu: 7.15 km, weight: 0.0281
2025-03-28 15:25:15,967 - root - INFO -   - Worli: 8.80 km, weight: 0.0123
2025-03-28 15:25:15,968 - root - INFO - Initializing LSTM Predictor for Kurla
2025-03-28 15:25:15,968 - root - INFO - Sequence length: 24, Prediction horizon: 6
2025-03-28 15:25:15,969 - root - INFO - Loading cleaned data from spatial_cleaned_data\Kurla_spatial_weighted.csv
2025-03-28 15:25:15,977 - root - INFO - Using spatial data from nearby localities to fill any remaining missing values
2025-03-28 15:25:15,977 - root - INFO - No missing PM2.5 values found
2025-03-28 15:25:15,978 - root - INFO - Loaded cleaned data with shape: (5425, 4)
2025-03-28 15:25:15,978 - root - INFO - Features selected: ['PM10', 'RH', 'AT']
2025-03-28 15:25:15,978 - root - INFO - Train data shape: (4340, 4), Test data shape: (1085, 4)
2025-03-28 15:25:15,978 - root - INFO - Loading existing model for Kurla
2025-03-28 15:25:16,097 - root - INFO - Evaluating predictions for Kurla
2025-03-28 15:25:16,097 - root - INFO - Preparing sequences from data with shape: (1085, 4)
2025-03-28 15:25:16,108 - root - INFO - Creating 1056 sequences...
2025-03-28 15:25:16,113 - root - INFO - Sequence preparation completed. X shape: (1056, 24, 22), y shape: (1056, 6)
2025-03-28 15:25:16,113 - root - INFO - Sequence preparation took 0.02 seconds
2025-03-28 15:25:16,953 - root - INFO - Evaluation completed in 0.86 seconds
2025-03-28 15:25:16,953 - root - INFO - Evaluation metrics - MAE: 10.40, RMSE: 23.73
2025-03-28 15:25:17,468 - root - INFO - Plots saved to plots/distance_Kurla_predictions.png and plots/distance_Kurla_error_distribution.png
2025-03-28 15:25:17,469 - root - INFO - Final Evaluation Results:
2025-03-28 15:25:17,469 - root - INFO - MAE: 10.40
2025-03-28 15:25:17,469 - root - INFO - RMSE: 23.73
2025-03-28 15:25:17,469 - root - INFO - MSE: 562.92
2025-03-28 15:25:17,470 - root - INFO - Evaluating locality: Mahape
2025-03-28 15:25:17,470 - root - INFO - Loaded coordinates for 26 localities
2025-03-28 15:25:17,473 - root - INFO - Found 3 nearby localities for Mahape
2025-03-28 15:25:17,473 - root - INFO -   - Nerul: 8.48 km, weight: 0.0144
2025-03-28 15:25:17,473 - root - INFO -   - Navi Mumbai: 9.11 km, weight: 0.0105
2025-03-28 15:25:17,473 - root - INFO -   - Mulund: 9.72 km, weight: 0.0078
2025-03-28 15:25:17,474 - root - INFO - Initializing LSTM Predictor for Mahape
2025-03-28 15:25:17,474 - root - INFO - Sequence length: 24, Prediction horizon: 6
2025-03-28 15:25:17,474 - root - INFO - Loading cleaned data from spatial_cleaned_data\Mahape_spatial_weighted.csv
2025-03-28 15:25:17,482 - root - INFO - Using spatial data from nearby localities to fill any remaining missing values
2025-03-28 15:25:17,482 - root - INFO - No missing PM2.5 values found
2025-03-28 15:25:17,483 - root - INFO - Loaded cleaned data with shape: (5320, 4)
2025-03-28 15:25:17,483 - root - INFO - Features selected: ['PM10', 'RH', 'AT']
2025-03-28 15:25:17,484 - root - INFO - Train data shape: (4256, 4), Test data shape: (1064, 4)
2025-03-28 15:25:17,484 - root - INFO - Loading existing model for Mahape
2025-03-28 15:25:17,603 - root - INFO - Evaluating predictions for Mahape
2025-03-28 15:25:17,603 - root - INFO - Preparing sequences from data with shape: (1064, 4)
2025-03-28 15:25:17,614 - root - INFO - Creating 1035 sequences...
2025-03-28 15:25:17,616 - root - INFO - Sequence preparation completed. X shape: (1035, 24, 22), y shape: (1035, 6)
2025-03-28 15:25:17,616 - root - INFO - Sequence preparation took 0.01 seconds
2025-03-28 15:25:18,493 - root - INFO - Evaluation completed in 0.89 seconds
2025-03-28 15:25:18,494 - root - INFO - Evaluation metrics - MAE: 9.78, RMSE: 13.41
2025-03-28 15:25:18,885 - root - INFO - Plots saved to plots/distance_Mahape_predictions.png and plots/distance_Mahape_error_distribution.png
2025-03-28 15:25:18,886 - root - INFO - Final Evaluation Results:
2025-03-28 15:25:18,886 - root - INFO - MAE: 9.78
2025-03-28 15:25:18,886 - root - INFO - RMSE: 13.41
2025-03-28 15:25:18,886 - root - INFO - MSE: 179.89
2025-03-28 15:25:18,887 - root - INFO - Evaluating locality: Mulund
2025-03-28 15:25:18,888 - root - INFO - Loaded coordinates for 26 localities
2025-03-28 15:25:18,891 - root - INFO - Found 3 nearby localities for Mulund
2025-03-28 15:25:18,891 - root - INFO -   - Thane: 2.86 km, weight: 0.2397
2025-03-28 15:25:18,891 - root - INFO -   - Powai: 7.84 km, weight: 0.0198
2025-03-28 15:25:18,891 - root - INFO -   - Mahape: 9.72 km, weight: 0.0078
2025-03-28 15:25:18,891 - root - INFO - Initializing LSTM Predictor for Mulund
2025-03-28 15:25:18,892 - root - INFO - Sequence length: 24, Prediction horizon: 6
2025-03-28 15:25:18,892 - root - INFO - Loading cleaned data from spatial_cleaned_data\Mulund_spatial_weighted.csv
2025-03-28 15:25:18,902 - root - INFO - Using spatial data from nearby localities to fill any remaining missing values
2025-03-28 15:25:18,902 - root - INFO - No missing PM2.5 values found
2025-03-28 15:25:18,903 - root - INFO - Loaded cleaned data with shape: (5425, 4)
2025-03-28 15:25:18,903 - root - INFO - Features selected: ['PM10', 'RH', 'AT']
2025-03-28 15:25:18,903 - root - INFO - Train data shape: (4340, 4), Test data shape: (1085, 4)
2025-03-28 15:25:18,903 - root - INFO - Loading existing model for Mulund
2025-03-28 15:25:19,019 - root - INFO - Evaluating predictions for Mulund
2025-03-28 15:25:19,020 - root - INFO - Preparing sequences from data with shape: (1085, 4)
2025-03-28 15:25:19,030 - root - INFO - Creating 1056 sequences...
2025-03-28 15:25:19,032 - root - INFO - Sequence preparation completed. X shape: (1056, 24, 22), y shape: (1056, 6)
2025-03-28 15:25:19,032 - root - INFO - Sequence preparation took 0.01 seconds
2025-03-28 15:25:19,610 - root - INFO - Evaluation completed in 0.59 seconds
2025-03-28 15:25:19,610 - root - INFO - Evaluation metrics - MAE: 7.20, RMSE: 9.61
2025-03-28 15:25:20,018 - root - INFO - Plots saved to plots/distance_Mulund_predictions.png and plots/distance_Mulund_error_distribution.png
2025-03-28 15:25:20,018 - root - INFO - Final Evaluation Results:
2025-03-28 15:25:20,018 - root - INFO - MAE: 7.20
2025-03-28 15:25:20,018 - root - INFO - RMSE: 9.61
2025-03-28 15:25:20,018 - root - INFO - MSE: 92.35
2025-03-28 15:25:20,019 - root - INFO - Evaluating locality: Nerul
2025-03-28 15:25:20,020 - root - INFO - Loaded coordinates for 26 localities
2025-03-28 15:25:20,022 - root - INFO - Found 2 nearby localities for Nerul
2025-03-28 15:25:20,022 - root - INFO -   - Navi Mumbai: 0.79 km, weight: 0.6747
2025-03-28 15:25:20,023 - root - INFO -   - Mahape: 8.48 km, weight: 0.0144
2025-03-28 15:25:20,023 - root - INFO - Initializing LSTM Predictor for Nerul
2025-03-28 15:25:20,023 - root - INFO - Sequence length: 24, Prediction horizon: 6
2025-03-28 15:25:20,023 - root - INFO - Loading cleaned data from spatial_cleaned_data\Nerul_spatial_weighted.csv
2025-03-28 15:25:20,031 - root - INFO - Using spatial data from nearby localities to fill any remaining missing values
2025-03-28 15:25:20,032 - root - INFO - No missing PM2.5 values found
2025-03-28 15:25:20,032 - root - INFO - Loaded cleaned data with shape: (5305, 4)
2025-03-28 15:25:20,032 - root - INFO - Features selected: ['PM10', 'RH', 'AT']
2025-03-28 15:25:20,032 - root - INFO - Train data shape: (4244, 4), Test data shape: (1061, 4)
2025-03-28 15:25:20,032 - root - INFO - Training new model for Nerul
2025-03-28 15:25:20,033 - root - INFO - Preparing sequences from data with shape: (4244, 4)
2025-03-28 15:25:20,044 - root - INFO - Creating 4215 sequences...
2025-03-28 15:25:20,053 - root - INFO - Sequence preparation completed. X shape: (4215, 24, 22), y shape: (4215, 6)
2025-03-28 15:25:20,054 - root - INFO - Sequence preparation took 0.02 seconds
2025-03-28 15:25:20,054 - root - INFO - Building stacked LSTM model with residual connections, input shape: (24, 22), output size: 6
2025-03-28 15:25:20,101 - root - INFO - Model architecture:
2025-03-28 15:25:20,138 - root - INFO - Starting model training with 4244 samples
2025-03-28 15:25:20,138 - root - INFO - Training parameters - epochs: 100, batch_size: 32, validation_split: 0.2
2025-03-28 15:25:20,138 - root - INFO - Preparing sequences from data with shape: (4244, 4)
2025-03-28 15:25:20,146 - root - INFO - Creating 4215 sequences...
2025-03-28 15:25:20,156 - root - INFO - Sequence preparation completed. X shape: (4215, 24, 22), y shape: (4215, 6)
2025-03-28 15:25:20,157 - root - INFO - Sequence preparation took 0.02 seconds
2025-03-28 15:25:26,687 - root - INFO - Epoch 1 - loss: 1.3874 - mae: 0.9228 - val_loss: 1.7808 - val_mae: 1.1281
2025-03-28 15:25:28,939 - root - INFO - Epoch 2 - loss: 0.7330 - mae: 0.6692 - val_loss: 1.4361 - val_mae: 0.9974
2025-03-28 15:25:31,062 - root - INFO - Epoch 3 - loss: 0.5206 - mae: 0.5584 - val_loss: 1.1503 - val_mae: 0.8864
2025-03-28 15:25:33,147 - root - INFO - Epoch 4 - loss: 0.3998 - mae: 0.4886 - val_loss: 1.1669 - val_mae: 0.8948
2025-03-28 15:25:35,306 - root - INFO - Epoch 5 - loss: 0.3328 - mae: 0.4401 - val_loss: 1.2865 - val_mae: 0.9561
2025-03-28 15:25:37,455 - root - INFO - Epoch 6 - loss: 0.2880 - mae: 0.4097 - val_loss: 0.9030 - val_mae: 0.7662
2025-03-28 15:25:39,522 - root - INFO - Epoch 7 - loss: 0.2571 - mae: 0.3846 - val_loss: 1.0687 - val_mae: 0.8480
2025-03-28 15:25:41,672 - root - INFO - Epoch 8 - loss: 0.2483 - mae: 0.3783 - val_loss: 1.1733 - val_mae: 0.8958
2025-03-28 15:25:43,754 - root - INFO - Epoch 9 - loss: 0.2304 - mae: 0.3647 - val_loss: 1.3422 - val_mae: 0.9650
2025-03-28 15:25:45,924 - root - INFO - Epoch 10 - loss: 0.2200 - mae: 0.3563 - val_loss: 1.3813 - val_mae: 0.9898
2025-03-28 15:25:48,037 - root - INFO - Epoch 11 - loss: 0.2108 - mae: 0.3481 - val_loss: 1.2026 - val_mae: 0.9132
2025-03-28 15:25:50,116 - root - INFO - Epoch 12 - loss: 0.2004 - mae: 0.3402 - val_loss: 1.3191 - val_mae: 0.9597
2025-03-28 15:25:52,228 - root - INFO - Epoch 13 - loss: 0.1992 - mae: 0.3392 - val_loss: 1.1150 - val_mae: 0.8791
2025-03-28 15:25:54,338 - root - INFO - Epoch 14 - loss: 0.1905 - mae: 0.3320 - val_loss: 1.1605 - val_mae: 0.8951
2025-03-28 15:25:56,428 - root - INFO - Epoch 15 - loss: 0.1859 - mae: 0.3261 - val_loss: 0.9856 - val_mae: 0.8130
2025-03-28 15:25:58,593 - root - INFO - Epoch 16 - loss: 0.1866 - mae: 0.3264 - val_loss: 1.2968 - val_mae: 0.9510
2025-03-28 15:26:00,667 - root - INFO - Epoch 17 - loss: 0.1717 - mae: 0.3130 - val_loss: 1.1220 - val_mae: 0.8831
2025-03-28 15:26:02,762 - root - INFO - Epoch 18 - loss: 0.1653 - mae: 0.3068 - val_loss: 1.0719 - val_mae: 0.8516
2025-03-28 15:26:04,906 - root - INFO - Epoch 19 - loss: 0.1604 - mae: 0.3039 - val_loss: 1.0321 - val_mae: 0.8384
2025-03-28 15:26:07,231 - root - INFO - Epoch 20 - loss: 0.1615 - mae: 0.3046 - val_loss: 1.0940 - val_mae: 0.8538
2025-03-28 15:26:09,526 - root - INFO - Epoch 21 - loss: 0.1586 - mae: 0.3029 - val_loss: 1.1476 - val_mae: 0.8823
2025-03-28 15:26:59,522 - root - INFO - Evaluating 15 localities: Airport, Bandra, Borivali, Colaba, Kalyan, Kandivali, Kurla, Mahape, Mulund, Nerul, Powai, Sion, Vasai, Vileparle, Worli
2025-03-28 15:26:59,522 - root - INFO - Using sequence_length=24, prediction_horizon=6
2025-03-28 15:26:59,523 - root - INFO - Evaluating locality: Airport
2025-03-28 15:26:59,523 - root - INFO - Loaded coordinates for 26 localities
2025-03-28 15:26:59,526 - root - INFO - Found 12 nearby localities for Airport
2025-03-28 15:26:59,526 - root - INFO -   - Vileparle: 2.54 km, weight: 0.2804
2025-03-28 15:26:59,526 - root - INFO -   - Vile Parle: 2.54 km, weight: 0.2804
2025-03-28 15:26:59,526 - root - INFO -   - Kurla: 3.04 km, weight: 0.2185
2025-03-28 15:26:59,526 - root - INFO -   - Andheri: 3.90 km, weight: 0.1426
2025-03-28 15:26:59,527 - root - INFO -   - Juhu: 4.45 km, weight: 0.1083
2025-03-28 15:26:59,527 - root - INFO -   - Bandra: 4.67 km, weight: 0.0967
2025-03-28 15:26:59,527 - root - INFO -   - Sion: 4.77 km, weight: 0.0919
2025-03-28 15:26:59,527 - root - INFO -   - Dharavi: 5.05 km, weight: 0.0801
2025-03-28 15:26:59,527 - root - INFO -   - Chembur: 5.14 km, weight: 0.0765
2025-03-28 15:26:59,527 - root - INFO -   - Powai: 5.45 km, weight: 0.0656
2025-03-28 15:26:59,528 - root - INFO -   - Dadar: 8.28 km, weight: 0.0159
2025-03-28 15:26:59,528 - root - INFO -   - Worli: 9.97 km, weight: 0.0068
2025-03-28 15:26:59,528 - root - INFO - Initializing LSTM Predictor for Airport
2025-03-28 15:26:59,528 - root - INFO - Sequence length: 24, Prediction horizon: 6
2025-03-28 15:26:59,528 - root - INFO - Loading cleaned data from spatial_cleaned_data\Airport_spatial_weighted.csv
2025-03-28 15:26:59,541 - root - INFO - Using spatial data from nearby localities to fill any remaining missing values
2025-03-28 15:26:59,542 - root - INFO - No missing PM2.5 values found
2025-03-28 15:26:59,542 - root - INFO - Loaded cleaned data with shape: (5305, 4)
2025-03-28 15:26:59,543 - root - INFO - Features selected: ['PM10', 'RH', 'AT']
2025-03-28 15:26:59,543 - root - INFO - Train data shape: (4244, 4), Test data shape: (1061, 4)
2025-03-28 15:26:59,543 - root - INFO - Loading existing model for Airport
2025-03-28 15:26:59,748 - root - INFO - Evaluating predictions for Airport
2025-03-28 15:26:59,749 - root - INFO - Preparing sequences from data with shape: (1061, 4)
2025-03-28 15:26:59,760 - root - INFO - Creating 1032 sequences...
2025-03-28 15:26:59,761 - root - INFO - Sequence preparation completed. X shape: (1032, 24, 22), y shape: (1032, 6)
2025-03-28 15:26:59,762 - root - INFO - Sequence preparation took 0.01 seconds
2025-03-28 15:27:00,666 - root - INFO - Evaluation completed in 0.92 seconds
2025-03-28 15:27:00,667 - root - INFO - Evaluation metrics - MAE: 6.56, RMSE: 8.50
2025-03-28 15:27:01,134 - root - INFO - Plots saved to plots/distance_Airport_predictions.png and plots/distance_Airport_error_distribution.png
2025-03-28 15:27:01,135 - root - INFO - Final Evaluation Results:
2025-03-28 15:27:01,136 - root - INFO - MAE: 6.56
2025-03-28 15:27:01,136 - root - INFO - RMSE: 8.50
2025-03-28 15:27:01,136 - root - INFO - MSE: 72.30
2025-03-28 15:27:01,137 - root - INFO - Evaluating locality: Bandra
2025-03-28 15:27:01,137 - root - INFO - Loaded coordinates for 26 localities
2025-03-28 15:27:01,140 - root - INFO - Found 12 nearby localities for Bandra
2025-03-28 15:27:01,140 - root - INFO -   - Dharavi: 2.26 km, weight: 0.3231
2025-03-28 15:27:01,140 - root - INFO -   - Sion: 2.60 km, weight: 0.2723
2025-03-28 15:27:01,140 - root - INFO -   - Dadar: 4.14 km, weight: 0.1262
2025-03-28 15:27:01,140 - root - INFO -   - Kurla: 4.30 km, weight: 0.1163
2025-03-28 15:27:01,141 - root - INFO -   - Airport: 4.67 km, weight: 0.0967
2025-03-28 15:27:01,141 - root - INFO -   - Vileparle: 4.99 km, weight: 0.0826
2025-03-28 15:27:01,141 - root - INFO -   - Vile Parle: 4.99 km, weight: 0.0825
2025-03-28 15:27:01,141 - root - INFO -   - Worli: 5.33 km, weight: 0.0697
2025-03-28 15:27:01,141 - root - INFO -   - Juhu: 5.91 km, weight: 0.0520
2025-03-28 15:27:01,141 - root - INFO -   - Chembur: 6.08 km, weight: 0.0479
2025-03-28 15:27:01,141 - root - INFO -   - Andheri: 7.19 km, weight: 0.0274
2025-03-28 15:27:01,142 - root - INFO -   - Powai: 9.98 km, weight: 0.0068
2025-03-28 15:27:01,142 - root - INFO - Initializing LSTM Predictor for Bandra
2025-03-28 15:27:01,142 - root - INFO - Sequence length: 24, Prediction horizon: 6
2025-03-28 15:27:01,142 - root - INFO - Loading cleaned data from spatial_cleaned_data\Bandra_spatial_weighted.csv
2025-03-28 15:27:01,152 - root - INFO - Using spatial data from nearby localities to fill any remaining missing values
2025-03-28 15:27:01,152 - root - INFO - No missing PM2.5 values found
2025-03-28 15:27:01,153 - root - INFO - Loaded cleaned data with shape: (5441, 4)
2025-03-28 15:27:01,153 - root - INFO - Features selected: ['PM10', 'RH', 'AT']
2025-03-28 15:27:01,153 - root - INFO - Train data shape: (4352, 4), Test data shape: (1089, 4)
2025-03-28 15:27:01,153 - root - INFO - Loading existing model for Bandra
2025-03-28 15:27:01,317 - root - INFO - Evaluating predictions for Bandra
2025-03-28 15:27:01,317 - root - INFO - Preparing sequences from data with shape: (1089, 4)
2025-03-28 15:27:01,328 - root - INFO - Creating 1060 sequences...
2025-03-28 15:27:01,330 - root - INFO - Sequence preparation completed. X shape: (1060, 24, 22), y shape: (1060, 6)
2025-03-28 15:27:01,330 - root - INFO - Sequence preparation took 0.01 seconds
2025-03-28 15:27:02,167 - root - INFO - Evaluation completed in 0.85 seconds
2025-03-28 15:27:02,168 - root - INFO - Evaluation metrics - MAE: 9.47, RMSE: 12.76
2025-03-28 15:27:02,554 - root - INFO - Plots saved to plots/distance_Bandra_predictions.png and plots/distance_Bandra_error_distribution.png
2025-03-28 15:27:02,555 - root - INFO - Final Evaluation Results:
2025-03-28 15:27:02,555 - root - INFO - MAE: 9.47
2025-03-28 15:27:02,556 - root - INFO - RMSE: 12.76
2025-03-28 15:27:02,556 - root - INFO - MSE: 162.89
2025-03-28 15:27:02,557 - root - INFO - Evaluating locality: Borivali
2025-03-28 15:27:02,557 - root - INFO - Loaded coordinates for 26 localities
2025-03-28 15:27:02,560 - root - INFO - Found 2 nearby localities for Borivali
2025-03-28 15:27:02,560 - root - INFO -   - Kandivali: 3.02 km, weight: 0.2211
2025-03-28 15:27:02,560 - root - INFO -   - Malad: 4.78 km, weight: 0.0917
2025-03-28 15:27:02,560 - root - INFO - Initializing LSTM Predictor for Borivali
2025-03-28 15:27:02,560 - root - INFO - Sequence length: 24, Prediction horizon: 6
2025-03-28 15:27:02,561 - root - INFO - Loading cleaned data from spatial_cleaned_data\Borivali_spatial_weighted.csv
2025-03-28 15:27:02,570 - root - INFO - Using spatial data from nearby localities to fill any remaining missing values
2025-03-28 15:27:02,570 - root - INFO - No missing PM2.5 values found
2025-03-28 15:27:02,571 - root - INFO - Loaded cleaned data with shape: (5425, 4)
2025-03-28 15:27:02,571 - root - INFO - Features selected: ['PM10', 'RH', 'AT']
2025-03-28 15:27:02,571 - root - INFO - Train data shape: (4340, 4), Test data shape: (1085, 4)
2025-03-28 15:27:02,572 - root - INFO - Loading existing model for Borivali
2025-03-28 15:27:02,750 - root - INFO - Evaluating predictions for Borivali
2025-03-28 15:27:02,750 - root - INFO - Preparing sequences from data with shape: (1085, 4)
2025-03-28 15:27:02,761 - root - INFO - Creating 1056 sequences...
2025-03-28 15:27:02,764 - root - INFO - Sequence preparation completed. X shape: (1056, 24, 22), y shape: (1056, 6)
2025-03-28 15:27:02,765 - root - INFO - Sequence preparation took 0.01 seconds
2025-03-28 15:27:03,354 - root - INFO - Evaluation completed in 0.60 seconds
2025-03-28 15:27:03,354 - root - INFO - Evaluation metrics - MAE: 5.95, RMSE: 9.14
2025-03-28 15:27:03,922 - root - INFO - Plots saved to plots/distance_Borivali_predictions.png and plots/distance_Borivali_error_distribution.png
2025-03-28 15:27:03,922 - root - INFO - Final Evaluation Results:
2025-03-28 15:27:03,923 - root - INFO - MAE: 5.95
2025-03-28 15:27:03,923 - root - INFO - RMSE: 9.14
2025-03-28 15:27:03,923 - root - INFO - MSE: 83.59
2025-03-28 15:27:03,924 - root - INFO - Evaluating locality: Colaba
2025-03-28 15:27:03,924 - root - INFO - Loaded coordinates for 26 localities
2025-03-28 15:27:03,927 - root - INFO - Found 1 nearby localities for Colaba
2025-03-28 15:27:03,927 - root - INFO -   - Malabar Hill: 5.33 km, weight: 0.0696
2025-03-28 15:27:03,927 - root - INFO - Initializing LSTM Predictor for Colaba
2025-03-28 15:27:03,927 - root - INFO - Sequence length: 24, Prediction horizon: 6
2025-03-28 15:27:03,928 - root - INFO - Loading cleaned data from spatial_cleaned_data\Colaba_spatial_weighted.csv
2025-03-28 15:27:03,936 - root - INFO - Using spatial data from nearby localities to fill any remaining missing values
2025-03-28 15:27:03,937 - root - INFO - No missing PM2.5 values found
2025-03-28 15:27:03,937 - root - INFO - Loaded cleaned data with shape: (4801, 4)
2025-03-28 15:27:03,937 - root - INFO - Features selected: ['PM10', 'RH', 'AT']
2025-03-28 15:27:03,938 - root - INFO - Train data shape: (3840, 4), Test data shape: (961, 4)
2025-03-28 15:27:03,938 - root - INFO - Loading existing model for Colaba
2025-03-28 15:27:04,100 - root - INFO - Evaluating predictions for Colaba
2025-03-28 15:27:04,100 - root - INFO - Preparing sequences from data with shape: (961, 4)
2025-03-28 15:27:04,111 - root - INFO - Creating 932 sequences...
2025-03-28 15:27:04,114 - root - INFO - Sequence preparation completed. X shape: (932, 24, 22), y shape: (932, 6)
2025-03-28 15:27:04,114 - root - INFO - Sequence preparation took 0.01 seconds
2025-03-28 15:27:04,932 - root - INFO - Evaluation completed in 0.83 seconds
2025-03-28 15:27:04,932 - root - INFO - Evaluation metrics - MAE: 1.99, RMSE: 4.08
2025-03-28 15:27:05,357 - root - INFO - Plots saved to plots/distance_Colaba_predictions.png and plots/distance_Colaba_error_distribution.png
2025-03-28 15:27:05,357 - root - INFO - Final Evaluation Results:
2025-03-28 15:27:05,358 - root - INFO - MAE: 1.99
2025-03-28 15:27:05,358 - root - INFO - RMSE: 4.08
2025-03-28 15:27:05,358 - root - INFO - MSE: 16.67
2025-03-28 15:27:05,358 - root - INFO - Evaluating locality: Kalyan
2025-03-28 15:27:05,359 - root - INFO - Loaded coordinates for 26 localities
2025-03-28 15:27:05,361 - root - INFO - Found 0 nearby localities for Kalyan
2025-03-28 15:27:05,361 - root - INFO - Initializing LSTM Predictor for Kalyan
2025-03-28 15:27:05,362 - root - INFO - Sequence length: 24, Prediction horizon: 6
2025-03-28 15:27:05,363 - root - INFO - Loading cleaned data from spatial_cleaned_data\Kalyan_spatial_weighted.csv
2025-03-28 15:27:05,370 - root - WARNING - Data still contains NaN values. Filling with forward and backward fill.
2025-03-28 15:27:05,371 - root - INFO - Loaded cleaned data with shape: (5442, 4)
2025-03-28 15:27:05,372 - root - INFO - Features selected: ['PM10', 'RH', 'AT']
2025-03-28 15:27:05,372 - root - INFO - Train data shape: (4353, 4), Test data shape: (1089, 4)
2025-03-28 15:27:05,372 - root - INFO - Loading existing model for Kalyan
2025-03-28 15:27:05,541 - root - INFO - Evaluating predictions for Kalyan
2025-03-28 15:27:05,541 - root - INFO - Preparing sequences from data with shape: (1089, 4)
2025-03-28 15:27:05,550 - root - INFO - Creating 1060 sequences...
2025-03-28 15:27:05,552 - root - INFO - Sequence preparation completed. X shape: (1060, 24, 22), y shape: (1060, 6)
2025-03-28 15:27:05,552 - root - INFO - Sequence preparation took 0.01 seconds
2025-03-28 15:27:06,413 - root - INFO - Evaluation completed in 0.87 seconds
2025-03-28 15:27:06,413 - root - INFO - Evaluation metrics - MAE: 12.31, RMSE: 16.93
2025-03-28 15:27:06,751 - root - INFO - Plots saved to plots/distance_Kalyan_predictions.png and plots/distance_Kalyan_error_distribution.png
2025-03-28 15:27:06,752 - root - INFO - Final Evaluation Results:
2025-03-28 15:27:06,752 - root - INFO - MAE: 12.31
2025-03-28 15:27:06,752 - root - INFO - RMSE: 16.93
2025-03-28 15:27:06,752 - root - INFO - MSE: 286.79
2025-03-28 15:27:06,753 - root - INFO - Evaluating locality: Kandivali
2025-03-28 15:27:06,754 - root - INFO - Loaded coordinates for 26 localities
2025-03-28 15:27:06,756 - root - INFO - Found 3 nearby localities for Kandivali
2025-03-28 15:27:06,756 - root - INFO -   - Malad: 1.76 km, weight: 0.4149
2025-03-28 15:27:06,756 - root - INFO -   - Borivali: 3.02 km, weight: 0.2211
2025-03-28 15:27:06,756 - root - INFO -   - Andheri: 9.16 km, weight: 0.0102
2025-03-28 15:27:06,756 - root - INFO - Initializing LSTM Predictor for Kandivali
2025-03-28 15:27:06,757 - root - INFO - Sequence length: 24, Prediction horizon: 6
2025-03-28 15:27:06,758 - root - INFO - Loading cleaned data from spatial_cleaned_data\Kandivali_spatial_weighted.csv
2025-03-28 15:27:06,766 - root - INFO - Using spatial data from nearby localities to fill any remaining missing values
2025-03-28 15:27:06,766 - root - INFO - No missing PM2.5 values found
2025-03-28 15:27:06,766 - root - INFO - Loaded cleaned data with shape: (4801, 4)
2025-03-28 15:27:06,766 - root - INFO - Features selected: ['PM10', 'RH', 'AT']
2025-03-28 15:27:06,766 - root - INFO - Train data shape: (3840, 4), Test data shape: (961, 4)
2025-03-28 15:27:06,766 - root - INFO - Loading existing model for Kandivali
2025-03-28 15:27:06,928 - root - INFO - Evaluating predictions for Kandivali
2025-03-28 15:27:06,928 - root - INFO - Preparing sequences from data with shape: (961, 4)
2025-03-28 15:27:06,938 - root - INFO - Creating 932 sequences...
2025-03-28 15:27:06,940 - root - INFO - Sequence preparation completed. X shape: (932, 24, 22), y shape: (932, 6)
2025-03-28 15:27:06,940 - root - INFO - Sequence preparation took 0.01 seconds
2025-03-28 15:27:07,736 - root - INFO - Evaluation completed in 0.81 seconds
2025-03-28 15:27:07,737 - root - INFO - Evaluation metrics - MAE: 8.92, RMSE: 12.92
2025-03-28 15:27:08,093 - root - INFO - Plots saved to plots/distance_Kandivali_predictions.png and plots/distance_Kandivali_error_distribution.png
2025-03-28 15:27:08,094 - root - INFO - Final Evaluation Results:
2025-03-28 15:27:08,094 - root - INFO - MAE: 8.92
2025-03-28 15:27:08,094 - root - INFO - RMSE: 12.92
2025-03-28 15:27:08,095 - root - INFO - MSE: 166.87
2025-03-28 15:27:08,095 - root - INFO - Evaluating locality: Kurla
2025-03-28 15:27:08,096 - root - INFO - Loaded coordinates for 26 localities
2025-03-28 15:27:08,099 - root - INFO - Found 12 nearby localities for Kurla
2025-03-28 15:27:08,099 - root - INFO -   - Chembur: 2.27 km, weight: 0.3211
2025-03-28 15:27:08,099 - root - INFO -   - Sion: 2.71 km, weight: 0.2574
2025-03-28 15:27:08,099 - root - INFO -   - Airport: 3.04 km, weight: 0.2185
2025-03-28 15:27:08,099 - root - INFO -   - Dharavi: 3.21 km, weight: 0.2009
2025-03-28 15:27:08,099 - root - INFO -   - Bandra: 4.30 km, weight: 0.1163
2025-03-28 15:27:08,099 - root - INFO -   - Vileparle: 5.34 km, weight: 0.0694
2025-03-28 15:27:08,099 - root - INFO -   - Vile Parle: 5.34 km, weight: 0.0694
2025-03-28 15:27:08,099 - root - INFO -   - Dadar: 6.50 km, weight: 0.0388
2025-03-28 15:27:08,099 - root - INFO -   - Powai: 6.57 km, weight: 0.0374
2025-03-28 15:27:08,100 - root - INFO -   - Andheri: 6.94 km, weight: 0.0312
2025-03-28 15:27:08,100 - root - INFO -   - Juhu: 7.15 km, weight: 0.0281
2025-03-28 15:27:08,100 - root - INFO -   - Worli: 8.80 km, weight: 0.0123
2025-03-28 15:27:08,100 - root - INFO - Initializing LSTM Predictor for Kurla
2025-03-28 15:27:08,101 - root - INFO - Sequence length: 24, Prediction horizon: 6
2025-03-28 15:27:08,101 - root - INFO - Loading cleaned data from spatial_cleaned_data\Kurla_spatial_weighted.csv
2025-03-28 15:27:08,108 - root - INFO - Using spatial data from nearby localities to fill any remaining missing values
2025-03-28 15:27:08,109 - root - INFO - No missing PM2.5 values found
2025-03-28 15:27:08,109 - root - INFO - Loaded cleaned data with shape: (5425, 4)
2025-03-28 15:27:08,109 - root - INFO - Features selected: ['PM10', 'RH', 'AT']
2025-03-28 15:27:08,110 - root - INFO - Train data shape: (4340, 4), Test data shape: (1085, 4)
2025-03-28 15:27:08,110 - root - INFO - Loading existing model for Kurla
2025-03-28 15:27:08,230 - root - INFO - Evaluating predictions for Kurla
2025-03-28 15:27:08,230 - root - INFO - Preparing sequences from data with shape: (1085, 4)
2025-03-28 15:27:08,239 - root - INFO - Creating 1056 sequences...
2025-03-28 15:27:08,242 - root - INFO - Sequence preparation completed. X shape: (1056, 24, 22), y shape: (1056, 6)
2025-03-28 15:27:08,242 - root - INFO - Sequence preparation took 0.01 seconds
2025-03-28 15:27:09,021 - root - INFO - Evaluation completed in 0.79 seconds
2025-03-28 15:27:09,021 - root - INFO - Evaluation metrics - MAE: 10.40, RMSE: 23.73
2025-03-28 15:27:09,495 - root - INFO - Plots saved to plots/distance_Kurla_predictions.png and plots/distance_Kurla_error_distribution.png
2025-03-28 15:27:09,496 - root - INFO - Final Evaluation Results:
2025-03-28 15:27:09,496 - root - INFO - MAE: 10.40
2025-03-28 15:27:09,496 - root - INFO - RMSE: 23.73
2025-03-28 15:27:09,496 - root - INFO - MSE: 562.92
2025-03-28 15:27:09,498 - root - INFO - Evaluating locality: Mahape
2025-03-28 15:27:09,498 - root - INFO - Loaded coordinates for 26 localities
2025-03-28 15:27:09,501 - root - INFO - Found 3 nearby localities for Mahape
2025-03-28 15:27:09,501 - root - INFO -   - Nerul: 8.48 km, weight: 0.0144
2025-03-28 15:27:09,501 - root - INFO -   - Navi Mumbai: 9.11 km, weight: 0.0105
2025-03-28 15:27:09,501 - root - INFO -   - Mulund: 9.72 km, weight: 0.0078
2025-03-28 15:27:09,501 - root - INFO - Initializing LSTM Predictor for Mahape
2025-03-28 15:27:09,501 - root - INFO - Sequence length: 24, Prediction horizon: 6
2025-03-28 15:27:09,502 - root - INFO - Loading cleaned data from spatial_cleaned_data\Mahape_spatial_weighted.csv
2025-03-28 15:27:09,510 - root - INFO - Using spatial data from nearby localities to fill any remaining missing values
2025-03-28 15:27:09,510 - root - INFO - No missing PM2.5 values found
2025-03-28 15:27:09,510 - root - INFO - Loaded cleaned data with shape: (5320, 4)
2025-03-28 15:27:09,510 - root - INFO - Features selected: ['PM10', 'RH', 'AT']
2025-03-28 15:27:09,511 - root - INFO - Train data shape: (4256, 4), Test data shape: (1064, 4)
2025-03-28 15:27:09,511 - root - INFO - Loading existing model for Mahape
2025-03-28 15:27:09,632 - root - INFO - Evaluating predictions for Mahape
2025-03-28 15:27:09,635 - root - INFO - Preparing sequences from data with shape: (1064, 4)
2025-03-28 15:27:09,650 - root - INFO - Creating 1035 sequences...
2025-03-28 15:27:09,653 - root - INFO - Sequence preparation completed. X shape: (1035, 24, 22), y shape: (1035, 6)
2025-03-28 15:27:09,653 - root - INFO - Sequence preparation took 0.02 seconds
2025-03-28 15:27:10,503 - root - INFO - Evaluation completed in 0.87 seconds
2025-03-28 15:27:10,505 - root - INFO - Evaluation metrics - MAE: 9.78, RMSE: 13.41
2025-03-28 15:27:10,878 - root - INFO - Plots saved to plots/distance_Mahape_predictions.png and plots/distance_Mahape_error_distribution.png
2025-03-28 15:27:10,878 - root - INFO - Final Evaluation Results:
2025-03-28 15:27:10,879 - root - INFO - MAE: 9.78
2025-03-28 15:27:10,879 - root - INFO - RMSE: 13.41
2025-03-28 15:27:10,879 - root - INFO - MSE: 179.89
2025-03-28 15:27:10,880 - root - INFO - Evaluating locality: Mulund
2025-03-28 15:27:10,881 - root - INFO - Loaded coordinates for 26 localities
2025-03-28 15:27:10,884 - root - INFO - Found 3 nearby localities for Mulund
2025-03-28 15:27:10,884 - root - INFO -   - Thane: 2.86 km, weight: 0.2397
2025-03-28 15:27:10,884 - root - INFO -   - Powai: 7.84 km, weight: 0.0198
2025-03-28 15:27:10,884 - root - INFO -   - Mahape: 9.72 km, weight: 0.0078
2025-03-28 15:27:10,884 - root - INFO - Initializing LSTM Predictor for Mulund
2025-03-28 15:27:10,884 - root - INFO - Sequence length: 24, Prediction horizon: 6
2025-03-28 15:27:10,884 - root - INFO - Loading cleaned data from spatial_cleaned_data\Mulund_spatial_weighted.csv
2025-03-28 15:27:10,893 - root - INFO - Using spatial data from nearby localities to fill any remaining missing values
2025-03-28 15:27:10,893 - root - INFO - No missing PM2.5 values found
2025-03-28 15:27:10,894 - root - INFO - Loaded cleaned data with shape: (5425, 4)
2025-03-28 15:27:10,894 - root - INFO - Features selected: ['PM10', 'RH', 'AT']
2025-03-28 15:27:10,894 - root - INFO - Train data shape: (4340, 4), Test data shape: (1085, 4)
2025-03-28 15:27:10,895 - root - INFO - Loading existing model for Mulund
2025-03-28 15:27:11,011 - root - INFO - Evaluating predictions for Mulund
2025-03-28 15:27:11,012 - root - INFO - Preparing sequences from data with shape: (1085, 4)
2025-03-28 15:27:11,023 - root - INFO - Creating 1056 sequences...
2025-03-28 15:27:11,025 - root - INFO - Sequence preparation completed. X shape: (1056, 24, 22), y shape: (1056, 6)
2025-03-28 15:27:11,026 - root - INFO - Sequence preparation took 0.01 seconds
2025-03-28 15:27:11,583 - root - INFO - Evaluation completed in 0.57 seconds
2025-03-28 15:27:11,584 - root - INFO - Evaluation metrics - MAE: 7.20, RMSE: 9.61
2025-03-28 15:27:11,961 - root - INFO - Plots saved to plots/distance_Mulund_predictions.png and plots/distance_Mulund_error_distribution.png
2025-03-28 15:27:11,962 - root - INFO - Final Evaluation Results:
2025-03-28 15:27:11,962 - root - INFO - MAE: 7.20
2025-03-28 15:27:11,962 - root - INFO - RMSE: 9.61
2025-03-28 15:27:11,963 - root - INFO - MSE: 92.35
2025-03-28 15:27:11,964 - root - INFO - Evaluating locality: Nerul
2025-03-28 15:27:11,964 - root - INFO - Loaded coordinates for 26 localities
2025-03-28 15:27:11,967 - root - INFO - Found 2 nearby localities for Nerul
2025-03-28 15:27:11,967 - root - INFO -   - Navi Mumbai: 0.79 km, weight: 0.6747
2025-03-28 15:27:11,968 - root - INFO -   - Mahape: 8.48 km, weight: 0.0144
2025-03-28 15:27:11,968 - root - INFO - Initializing LSTM Predictor for Nerul
2025-03-28 15:27:11,968 - root - INFO - Sequence length: 24, Prediction horizon: 6
2025-03-28 15:27:11,969 - root - INFO - Loading cleaned data from spatial_cleaned_data\Nerul_spatial_weighted.csv
2025-03-28 15:27:11,978 - root - INFO - Using spatial data from nearby localities to fill any remaining missing values
2025-03-28 15:27:11,978 - root - INFO - No missing PM2.5 values found
2025-03-28 15:27:11,978 - root - INFO - Loaded cleaned data with shape: (5305, 4)
2025-03-28 15:27:11,978 - root - INFO - Features selected: ['PM10', 'RH', 'AT']
2025-03-28 15:27:11,979 - root - INFO - Train data shape: (4244, 4), Test data shape: (1061, 4)
2025-03-28 15:27:11,979 - root - INFO - Training new model for Nerul
2025-03-28 15:27:11,979 - root - INFO - Preparing sequences from data with shape: (4244, 4)
2025-03-28 15:27:11,991 - root - INFO - Creating 4215 sequences...
2025-03-28 15:27:11,997 - root - INFO - Sequence preparation completed. X shape: (4215, 24, 22), y shape: (4215, 6)
2025-03-28 15:27:11,997 - root - INFO - Sequence preparation took 0.02 seconds
2025-03-28 15:27:11,997 - root - INFO - Building stacked LSTM model with residual connections, input shape: (24, 22), output size: 6
2025-03-28 15:27:12,049 - root - INFO - Model architecture:
2025-03-28 15:27:12,067 - root - INFO - Starting model training with 4244 samples
2025-03-28 15:27:12,067 - root - INFO - Training parameters - epochs: 100, batch_size: 32, validation_split: 0.2
2025-03-28 15:27:12,068 - root - INFO - Preparing sequences from data with shape: (4244, 4)
2025-03-28 15:27:12,076 - root - INFO - Creating 4215 sequences...
2025-03-28 15:27:12,083 - root - INFO - Sequence preparation completed. X shape: (4215, 24, 22), y shape: (4215, 6)
2025-03-28 15:27:12,083 - root - INFO - Sequence preparation took 0.01 seconds
2025-03-28 15:27:18,430 - root - INFO - Epoch 1 - loss: 1.4056 - mae: 0.9307 - val_loss: 1.7553 - val_mae: 1.1199
2025-03-28 15:27:20,631 - root - INFO - Epoch 2 - loss: 0.7591 - mae: 0.6825 - val_loss: 1.4985 - val_mae: 1.0264
2025-03-28 15:27:22,790 - root - INFO - Epoch 3 - loss: 0.5331 - mae: 0.5658 - val_loss: 1.1455 - val_mae: 0.8897
2025-03-28 15:27:24,823 - root - INFO - Epoch 4 - loss: 0.4135 - mae: 0.4943 - val_loss: 1.2290 - val_mae: 0.9292
2025-03-28 15:27:26,961 - root - INFO - Epoch 5 - loss: 0.3467 - mae: 0.4475 - val_loss: 0.9968 - val_mae: 0.8211
2025-03-28 15:27:28,971 - root - INFO - Epoch 6 - loss: 0.2916 - mae: 0.4103 - val_loss: 1.0734 - val_mae: 0.8481
2025-03-28 15:27:30,988 - root - INFO - Epoch 7 - loss: 0.2635 - mae: 0.3889 - val_loss: 0.8654 - val_mae: 0.7578
2025-03-28 15:27:33,196 - root - INFO - Epoch 8 - loss: 0.2502 - mae: 0.3778 - val_loss: 0.8683 - val_mae: 0.7526
2025-03-28 15:27:35,332 - root - INFO - Epoch 9 - loss: 0.2294 - mae: 0.3629 - val_loss: 1.3234 - val_mae: 0.9740
2025-03-28 15:27:37,542 - root - INFO - Epoch 10 - loss: 0.2234 - mae: 0.3593 - val_loss: 1.0360 - val_mae: 0.8286
2025-03-28 15:27:39,711 - root - INFO - Epoch 11 - loss: 0.2142 - mae: 0.3518 - val_loss: 1.3164 - val_mae: 0.9734
2025-03-28 15:27:41,906 - root - INFO - Epoch 12 - loss: 0.2070 - mae: 0.3454 - val_loss: 1.0992 - val_mae: 0.8740
2025-03-28 15:27:44,107 - root - INFO - Epoch 13 - loss: 0.1928 - mae: 0.3328 - val_loss: 1.3561 - val_mae: 0.9915
2025-03-28 15:27:46,238 - root - INFO - Epoch 14 - loss: 0.1984 - mae: 0.3365 - val_loss: 1.1780 - val_mae: 0.9125
2025-03-28 15:27:48,306 - root - INFO - Epoch 15 - loss: 0.1846 - mae: 0.3260 - val_loss: 1.2582 - val_mae: 0.9451
2025-03-28 15:27:50,431 - root - INFO - Epoch 16 - loss: 0.1833 - mae: 0.3260 - val_loss: 1.1432 - val_mae: 0.8933
2025-03-28 15:27:52,526 - root - INFO - Epoch 17 - loss: 0.1806 - mae: 0.3217 - val_loss: 1.5040 - val_mae: 1.0546
2025-03-28 15:27:54,759 - root - INFO - Epoch 18 - loss: 0.1731 - mae: 0.3139 - val_loss: 1.3334 - val_mae: 0.9759
2025-03-28 15:27:57,022 - root - INFO - Epoch 19 - loss: 0.1638 - mae: 0.3067 - val_loss: 1.0806 - val_mae: 0.8527
2025-03-28 15:27:59,234 - root - INFO - Epoch 20 - loss: 0.1609 - mae: 0.3030 - val_loss: 1.1508 - val_mae: 0.9004
2025-03-28 15:28:01,445 - root - INFO - Epoch 21 - loss: 0.1580 - mae: 0.3002 - val_loss: 1.2589 - val_mae: 0.9429
2025-03-28 15:28:03,664 - root - INFO - Epoch 22 - loss: 0.1573 - mae: 0.3014 - val_loss: 1.1394 - val_mae: 0.8915
2025-03-28 15:28:05,785 - root - INFO - Epoch 23 - loss: 0.1574 - mae: 0.3002 - val_loss: 1.2206 - val_mae: 0.9177
2025-03-28 15:28:07,971 - root - INFO - Epoch 24 - loss: 0.1562 - mae: 0.3002 - val_loss: 1.2039 - val_mae: 0.9088
2025-03-28 15:28:10,176 - root - INFO - Epoch 25 - loss: 0.1536 - mae: 0.2966 - val_loss: 1.2659 - val_mae: 0.9473
2025-03-28 15:28:12,367 - root - INFO - Epoch 26 - loss: 0.1511 - mae: 0.2941 - val_loss: 1.3026 - val_mae: 0.9567
2025-03-28 15:28:14,718 - root - INFO - Epoch 27 - loss: 0.1500 - mae: 0.2927 - val_loss: 1.1687 - val_mae: 0.9030
2025-03-28 15:28:14,728 - root - INFO - Training completed in 62.66 seconds
2025-03-28 15:28:14,729 - root - INFO - Final training loss: 0.1500
2025-03-28 15:28:14,729 - root - INFO - Final validation loss: 1.1687
2025-03-28 15:28:14,784 - root - INFO - Model saved to models/lstm_Nerul_ph6.keras
2025-03-28 15:28:14,784 - root - INFO - Evaluating predictions for Nerul
2025-03-28 15:28:14,785 - root - INFO - Preparing sequences from data with shape: (1061, 4)
2025-03-28 15:28:14,791 - root - INFO - Creating 1032 sequences...
2025-03-28 15:28:14,793 - root - INFO - Sequence preparation completed. X shape: (1032, 24, 22), y shape: (1032, 6)
2025-03-28 15:28:14,793 - root - INFO - Sequence preparation took 0.01 seconds
2025-03-28 15:28:15,671 - root - INFO - Evaluation completed in 0.89 seconds
2025-03-28 15:28:15,671 - root - INFO - Evaluation metrics - MAE: 27.46, RMSE: 30.69
2025-03-28 15:28:16,093 - root - INFO - Plots saved to plots/distance_Nerul_predictions.png and plots/distance_Nerul_error_distribution.png
2025-03-28 15:28:16,094 - root - INFO - Final Evaluation Results:
2025-03-28 15:28:16,094 - root - INFO - MAE: 27.46
2025-03-28 15:28:16,094 - root - INFO - RMSE: 30.69
2025-03-28 15:28:16,095 - root - INFO - MSE: 941.90
2025-03-28 15:28:16,097 - root - INFO - Evaluating locality: Powai
2025-03-28 15:28:16,097 - root - INFO - Loaded coordinates for 26 localities
2025-03-28 15:28:16,100 - root - INFO - Found 12 nearby localities for Powai
2025-03-28 15:28:16,100 - root - INFO -   - Airport: 5.45 km, weight: 0.0656
2025-03-28 15:28:16,100 - root - INFO -   - Andheri: 6.41 km, weight: 0.0405
2025-03-28 15:28:16,100 - root - INFO -   - Kurla: 6.57 km, weight: 0.0374
2025-03-28 15:28:16,100 - root - INFO -   - Vile Parle: 6.98 km, weight: 0.0305
2025-03-28 15:28:16,101 - root - INFO -   - Vileparle: 6.98 km, weight: 0.0304
2025-03-28 15:28:16,101 - root - INFO -   - Chembur: 7.14 km, weight: 0.0281
2025-03-28 15:28:16,101 - root - INFO -   - Mulund: 7.84 km, weight: 0.0198
2025-03-28 15:28:16,101 - root - INFO -   - Juhu: 8.50 km, weight: 0.0143
2025-03-28 15:28:16,101 - root - INFO -   - Sion: 9.24 km, weight: 0.0099
2025-03-28 15:28:16,101 - root - INFO -   - Dharavi: 9.69 km, weight: 0.0079
2025-03-28 15:28:16,101 - root - INFO -   - Malad: 9.74 km, weight: 0.0077
2025-03-28 15:28:16,101 - root - INFO -   - Bandra: 9.98 km, weight: 0.0068
2025-03-28 15:28:16,102 - root - INFO - Initializing LSTM Predictor for Powai
2025-03-28 15:28:16,102 - root - INFO - Sequence length: 24, Prediction horizon: 6
2025-03-28 15:28:16,102 - root - INFO - Loading cleaned data from spatial_cleaned_data\Powai_spatial_weighted.csv
2025-03-28 15:28:16,110 - root - INFO - Using spatial data from nearby localities to fill any remaining missing values
2025-03-28 15:28:16,111 - root - INFO - No missing PM2.5 values found
2025-03-28 15:28:16,111 - root - INFO - Loaded cleaned data with shape: (5425, 4)
2025-03-28 15:28:16,112 - root - INFO - Features selected: ['PM10', 'RH', 'AT']
2025-03-28 15:28:16,112 - root - INFO - Train data shape: (4340, 4), Test data shape: (1085, 4)
2025-03-28 15:28:16,113 - root - INFO - Training new model for Powai
2025-03-28 15:28:16,113 - root - INFO - Preparing sequences from data with shape: (4340, 4)
2025-03-28 15:28:16,125 - root - INFO - Creating 4311 sequences...
2025-03-28 15:28:16,132 - root - INFO - Sequence preparation completed. X shape: (4311, 24, 22), y shape: (4311, 6)
2025-03-28 15:28:16,132 - root - INFO - Sequence preparation took 0.02 seconds
2025-03-28 15:28:16,132 - root - INFO - Building stacked LSTM model with residual connections, input shape: (24, 22), output size: 6
2025-03-28 15:28:16,182 - root - INFO - Model architecture:
2025-03-28 15:28:16,197 - root - INFO - Starting model training with 4340 samples
2025-03-28 15:28:16,197 - root - INFO - Training parameters - epochs: 100, batch_size: 32, validation_split: 0.2
2025-03-28 15:28:16,197 - root - INFO - Preparing sequences from data with shape: (4340, 4)
2025-03-28 15:28:16,206 - root - INFO - Creating 4311 sequences...
2025-03-28 15:28:16,213 - root - INFO - Sequence preparation completed. X shape: (4311, 24, 22), y shape: (4311, 6)
2025-03-28 15:28:16,214 - root - INFO - Sequence preparation took 0.02 seconds
2025-03-28 15:28:22,838 - root - INFO - Epoch 1 - loss: 1.2978 - mae: 0.8941 - val_loss: 1.4725 - val_mae: 1.0291
2025-03-28 15:28:25,045 - root - INFO - Epoch 2 - loss: 0.7785 - mae: 0.6906 - val_loss: 1.0762 - val_mae: 0.8655
2025-03-28 15:28:27,287 - root - INFO - Epoch 3 - loss: 0.5952 - mae: 0.5972 - val_loss: 1.1134 - val_mae: 0.8939
2025-03-28 15:28:29,489 - root - INFO - Epoch 4 - loss: 0.4756 - mae: 0.5299 - val_loss: 0.8659 - val_mae: 0.7694
2025-03-28 15:28:31,789 - root - INFO - Epoch 5 - loss: 0.4022 - mae: 0.4835 - val_loss: 0.6537 - val_mae: 0.6540
2025-03-28 15:28:34,076 - root - INFO - Epoch 6 - loss: 0.3684 - mae: 0.4628 - val_loss: 1.0695 - val_mae: 0.8672
2025-03-28 15:28:36,486 - root - INFO - Epoch 7 - loss: 0.3257 - mae: 0.4348 - val_loss: 1.1379 - val_mae: 0.8878
2025-03-28 15:28:38,685 - root - INFO - Epoch 8 - loss: 0.3090 - mae: 0.4230 - val_loss: 0.7708 - val_mae: 0.7110
2025-03-28 15:28:40,965 - root - INFO - Epoch 9 - loss: 0.2921 - mae: 0.4133 - val_loss: 1.2030 - val_mae: 0.9308
2025-03-28 15:28:43,536 - root - INFO - Epoch 10 - loss: 0.2853 - mae: 0.4065 - val_loss: 1.3036 - val_mae: 0.9787
2025-03-28 15:28:45,963 - root - INFO - Epoch 11 - loss: 0.2720 - mae: 0.3959 - val_loss: 1.0862 - val_mae: 0.8589
2025-03-28 15:28:48,387 - root - INFO - Epoch 12 - loss: 0.2661 - mae: 0.3915 - val_loss: 1.3857 - val_mae: 1.0071
2025-03-28 15:28:50,928 - root - INFO - Epoch 13 - loss: 0.2509 - mae: 0.3815 - val_loss: 1.4734 - val_mae: 1.0372
2025-03-28 15:28:53,489 - root - INFO - Epoch 14 - loss: 0.2542 - mae: 0.3832 - val_loss: 1.1533 - val_mae: 0.8976
2025-03-28 15:28:56,145 - root - INFO - Epoch 15 - loss: 0.2498 - mae: 0.3816 - val_loss: 1.4848 - val_mae: 1.0356
2025-03-28 15:28:58,595 - root - INFO - Epoch 16 - loss: 0.2234 - mae: 0.3575 - val_loss: 1.3477 - val_mae: 0.9763
2025-03-28 15:29:00,793 - root - INFO - Epoch 17 - loss: 0.2139 - mae: 0.3500 - val_loss: 1.2953 - val_mae: 0.9376
2025-03-28 15:29:03,060 - root - INFO - Epoch 18 - loss: 0.2180 - mae: 0.3520 - val_loss: 1.3560 - val_mae: 0.9632
2025-03-28 15:29:05,270 - root - INFO - Epoch 19 - loss: 0.2119 - mae: 0.3487 - val_loss: 1.2386 - val_mae: 0.9221
2025-03-28 15:29:07,514 - root - INFO - Epoch 20 - loss: 0.2080 - mae: 0.3436 - val_loss: 1.6028 - val_mae: 1.0784
2025-03-28 15:29:09,737 - root - INFO - Epoch 21 - loss: 0.2056 - mae: 0.3439 - val_loss: 1.4670 - val_mae: 1.0257
2025-03-28 15:29:11,900 - root - INFO - Epoch 22 - loss: 0.2043 - mae: 0.3404 - val_loss: 1.5504 - val_mae: 1.0604
2025-03-28 15:29:14,182 - root - INFO - Epoch 23 - loss: 0.2022 - mae: 0.3391 - val_loss: 1.4836 - val_mae: 1.0324
2025-03-28 15:29:16,400 - root - INFO - Epoch 24 - loss: 0.1956 - mae: 0.3357 - val_loss: 1.4953 - val_mae: 1.0394
2025-03-28 15:29:18,605 - root - INFO - Epoch 25 - loss: 0.1939 - mae: 0.3324 - val_loss: 1.5372 - val_mae: 1.0609
2025-03-28 15:29:18,616 - root - INFO - Training completed in 62.42 seconds
2025-03-28 15:29:18,616 - root - INFO - Final training loss: 0.1939
2025-03-28 15:29:18,616 - root - INFO - Final validation loss: 1.5372
2025-03-28 15:29:18,671 - root - INFO - Model saved to models/lstm_Powai_ph6.keras
2025-03-28 15:29:18,672 - root - INFO - Evaluating predictions for Powai
2025-03-28 15:29:18,672 - root - INFO - Preparing sequences from data with shape: (1085, 4)
2025-03-28 15:29:18,680 - root - INFO - Creating 1056 sequences...
2025-03-28 15:29:18,682 - root - INFO - Sequence preparation completed. X shape: (1056, 24, 22), y shape: (1056, 6)
2025-03-28 15:29:18,682 - root - INFO - Sequence preparation took 0.01 seconds
2025-03-28 15:29:19,284 - root - INFO - Evaluation completed in 0.61 seconds
2025-03-28 15:29:19,284 - root - INFO - Evaluation metrics - MAE: 18.93, RMSE: 20.69
2025-03-28 15:29:19,711 - root - INFO - Plots saved to plots/distance_Powai_predictions.png and plots/distance_Powai_error_distribution.png
2025-03-28 15:29:19,713 - root - INFO - Final Evaluation Results:
2025-03-28 15:29:19,713 - root - INFO - MAE: 18.93
2025-03-28 15:29:19,713 - root - INFO - RMSE: 20.69
2025-03-28 15:29:19,713 - root - INFO - MSE: 428.16
2025-03-28 15:29:19,715 - root - INFO - Evaluating locality: Sion
2025-03-28 15:29:19,716 - root - INFO - Loaded coordinates for 26 localities
2025-03-28 15:29:19,718 - root - INFO - Found 12 nearby localities for Sion
2025-03-28 15:29:19,718 - root - INFO -   - Dharavi: 0.54 km, weight: 0.7628
2025-03-28 15:29:19,719 - root - INFO -   - Bandra: 2.60 km, weight: 0.2723
2025-03-28 15:29:19,719 - root - INFO -   - Kurla: 2.71 km, weight: 0.2574
2025-03-28 15:29:19,719 - root - INFO -   - Chembur: 3.76 km, weight: 0.1522
2025-03-28 15:29:19,719 - root - INFO -   - Dadar: 3.79 km, weight: 0.1501
2025-03-28 15:29:19,719 - root - INFO -   - Airport: 4.77 km, weight: 0.0919
2025-03-28 15:29:19,719 - root - INFO -   - Worli: 6.12 km, weight: 0.0468
2025-03-28 15:29:19,720 - root - INFO -   - Vileparle: 6.25 km, weight: 0.0440
2025-03-28 15:29:19,720 - root - INFO -   - Vile Parle: 6.25 km, weight: 0.0440
2025-03-28 15:29:19,720 - root - INFO -   - Juhu: 7.68 km, weight: 0.0215
2025-03-28 15:29:19,720 - root - INFO -   - Andheri: 8.29 km, weight: 0.0158
2025-03-28 15:29:19,721 - root - INFO -   - Powai: 9.24 km, weight: 0.0099
2025-03-28 15:29:19,721 - root - INFO - Initializing LSTM Predictor for Sion
2025-03-28 15:29:19,721 - root - INFO - Sequence length: 24, Prediction horizon: 6
2025-03-28 15:29:19,721 - root - INFO - Loading cleaned data from spatial_cleaned_data\Sion_spatial_weighted.csv
2025-03-28 15:29:19,733 - root - INFO - Using spatial data from nearby localities to fill any remaining missing values
2025-03-28 15:29:19,734 - root - INFO - No missing PM2.5 values found
2025-03-28 15:29:19,734 - root - INFO - Loaded cleaned data with shape: (5305, 4)
2025-03-28 15:29:19,734 - root - INFO - Features selected: ['PM10', 'RH', 'AT']
2025-03-28 15:29:19,735 - root - INFO - Train data shape: (4244, 4), Test data shape: (1061, 4)
2025-03-28 15:29:19,735 - root - INFO - Training new model for Sion
2025-03-28 15:29:19,735 - root - INFO - Preparing sequences from data with shape: (4244, 4)
2025-03-28 15:29:19,747 - root - INFO - Creating 4215 sequences...
2025-03-28 15:29:19,756 - root - INFO - Sequence preparation completed. X shape: (4215, 24, 22), y shape: (4215, 6)
2025-03-28 15:29:19,756 - root - INFO - Sequence preparation took 0.02 seconds
2025-03-28 15:29:19,756 - root - INFO - Building stacked LSTM model with residual connections, input shape: (24, 22), output size: 6
2025-03-28 15:29:19,808 - root - INFO - Model architecture:
2025-03-28 15:29:19,821 - root - INFO - Starting model training with 4244 samples
2025-03-28 15:29:19,821 - root - INFO - Training parameters - epochs: 100, batch_size: 32, validation_split: 0.2
2025-03-28 15:29:19,821 - root - INFO - Preparing sequences from data with shape: (4244, 4)
2025-03-28 15:29:19,828 - root - INFO - Creating 4215 sequences...
2025-03-28 15:29:19,835 - root - INFO - Sequence preparation completed. X shape: (4215, 24, 22), y shape: (4215, 6)
2025-03-28 15:29:19,835 - root - INFO - Sequence preparation took 0.01 seconds
2025-03-28 15:29:26,978 - root - INFO - Epoch 1 - loss: 1.1980 - mae: 0.8555 - val_loss: 1.5389 - val_mae: 1.0511
2025-03-28 15:32:27,995 - root - INFO - Evaluating 15 localities: Airport, Bandra, Borivali, Colaba, Kalyan, Kandivali, Kurla, Mahape, Mulund, Nerul, Powai, Sion, Vasai, Vileparle, Worli
2025-03-28 15:32:27,995 - root - INFO - Using sequence_length=24, prediction_horizon=6
2025-03-28 15:32:27,996 - root - INFO - Evaluating locality: Airport
2025-03-28 15:32:27,996 - root - INFO - Loaded coordinates for 26 localities
2025-03-28 15:32:27,999 - root - INFO - Found 12 nearby localities for Airport
2025-03-28 15:32:27,999 - root - INFO -   - Vileparle: 2.54 km, weight: 0.2804
2025-03-28 15:32:27,999 - root - INFO -   - Vile Parle: 2.54 km, weight: 0.2804
2025-03-28 15:32:27,999 - root - INFO -   - Kurla: 3.04 km, weight: 0.2185
2025-03-28 15:32:27,999 - root - INFO -   - Andheri: 3.90 km, weight: 0.1426
2025-03-28 15:32:27,999 - root - INFO -   - Juhu: 4.45 km, weight: 0.1083
2025-03-28 15:32:27,999 - root - INFO -   - Bandra: 4.67 km, weight: 0.0967
2025-03-28 15:32:27,999 - root - INFO -   - Sion: 4.77 km, weight: 0.0919
2025-03-28 15:32:27,999 - root - INFO -   - Dharavi: 5.05 km, weight: 0.0801
2025-03-28 15:32:27,999 - root - INFO -   - Chembur: 5.14 km, weight: 0.0765
2025-03-28 15:32:27,999 - root - INFO -   - Powai: 5.45 km, weight: 0.0656
2025-03-28 15:32:27,999 - root - INFO -   - Dadar: 8.28 km, weight: 0.0159
2025-03-28 15:32:28,000 - root - INFO -   - Worli: 9.97 km, weight: 0.0068
2025-03-28 15:32:28,000 - root - INFO - Initializing LSTM Predictor for Airport
2025-03-28 15:32:28,000 - root - INFO - Sequence length: 24, Prediction horizon: 6
2025-03-28 15:32:28,000 - root - INFO - Loading cleaned data from spatial_cleaned_data\Airport_spatial_weighted.csv
2025-03-28 15:32:28,011 - root - INFO - Using spatial data from nearby localities to fill any remaining missing values
2025-03-28 15:32:28,011 - root - INFO - No missing PM2.5 values found
2025-03-28 15:32:28,013 - root - INFO - Loaded cleaned data with shape: (5305, 4)
2025-03-28 15:32:28,013 - root - INFO - Features selected: ['PM10', 'RH', 'AT']
2025-03-28 15:32:28,013 - root - INFO - Train data shape: (4244, 4), Test data shape: (1061, 4)
2025-03-28 15:32:28,013 - root - INFO - Loading existing model for Airport
2025-03-28 15:32:28,223 - root - INFO - Evaluating predictions for Airport
2025-03-28 15:32:28,224 - root - INFO - Preparing sequences from data with shape: (1061, 4)
2025-03-28 15:32:28,235 - root - INFO - Creating 1032 sequences...
2025-03-28 15:32:28,237 - root - INFO - Sequence preparation completed. X shape: (1032, 24, 22), y shape: (1032, 6)
2025-03-28 15:32:28,237 - root - INFO - Sequence preparation took 0.01 seconds
2025-03-28 15:32:28,659 - root - ERROR - Error evaluating model for Airport: 'charmap' codec can't encode characters in position 21-40: character maps to <undefined>
2025-03-28 15:32:28,660 - root - INFO - Evaluating locality: Bandra
2025-03-28 15:32:28,660 - root - INFO - Loaded coordinates for 26 localities
2025-03-28 15:32:28,665 - root - INFO - Found 12 nearby localities for Bandra
2025-03-28 15:32:28,665 - root - INFO -   - Dharavi: 2.26 km, weight: 0.3231
2025-03-28 15:32:28,665 - root - INFO -   - Sion: 2.60 km, weight: 0.2723
2025-03-28 15:32:28,665 - root - INFO -   - Dadar: 4.14 km, weight: 0.1262
2025-03-28 15:32:28,665 - root - INFO -   - Kurla: 4.30 km, weight: 0.1163
2025-03-28 15:32:28,665 - root - INFO -   - Airport: 4.67 km, weight: 0.0967
2025-03-28 15:32:28,665 - root - INFO -   - Vileparle: 4.99 km, weight: 0.0826
2025-03-28 15:32:28,665 - root - INFO -   - Vile Parle: 4.99 km, weight: 0.0825
2025-03-28 15:32:28,665 - root - INFO -   - Worli: 5.33 km, weight: 0.0697
2025-03-28 15:32:28,665 - root - INFO -   - Juhu: 5.91 km, weight: 0.0520
2025-03-28 15:32:28,665 - root - INFO -   - Chembur: 6.08 km, weight: 0.0479
2025-03-28 15:32:28,665 - root - INFO -   - Andheri: 7.19 km, weight: 0.0274
2025-03-28 15:32:28,665 - root - INFO -   - Powai: 9.98 km, weight: 0.0068
2025-03-28 15:32:28,666 - root - INFO - Initializing LSTM Predictor for Bandra
2025-03-28 15:32:28,666 - root - INFO - Sequence length: 24, Prediction horizon: 6
2025-03-28 15:32:28,666 - root - INFO - Loading cleaned data from spatial_cleaned_data\Bandra_spatial_weighted.csv
2025-03-28 15:32:28,678 - root - INFO - Using spatial data from nearby localities to fill any remaining missing values
2025-03-28 15:32:28,678 - root - INFO - No missing PM2.5 values found
2025-03-28 15:32:28,678 - root - INFO - Loaded cleaned data with shape: (5441, 4)
2025-03-28 15:32:28,678 - root - INFO - Features selected: ['PM10', 'RH', 'AT']
2025-03-28 15:32:28,679 - root - INFO - Train data shape: (4352, 4), Test data shape: (1089, 4)
2025-03-28 15:32:28,679 - root - INFO - Loading existing model for Bandra
2025-03-28 15:32:28,850 - root - INFO - Evaluating predictions for Bandra
2025-03-28 15:32:28,850 - root - INFO - Preparing sequences from data with shape: (1089, 4)
2025-03-28 15:32:28,863 - root - INFO - Creating 1060 sequences...
2025-03-28 15:32:28,866 - root - INFO - Sequence preparation completed. X shape: (1060, 24, 22), y shape: (1060, 6)
2025-03-28 15:32:28,866 - root - INFO - Sequence preparation took 0.02 seconds
2025-03-28 15:32:29,232 - root - ERROR - Error evaluating model for Bandra: 'charmap' codec can't encode characters in position 21-40: character maps to <undefined>
2025-03-28 15:32:29,234 - root - INFO - Evaluating locality: Borivali
2025-03-28 15:32:29,235 - root - INFO - Loaded coordinates for 26 localities
2025-03-28 15:32:29,241 - root - INFO - Found 2 nearby localities for Borivali
2025-03-28 15:32:29,241 - root - INFO -   - Kandivali: 3.02 km, weight: 0.2211
2025-03-28 15:32:29,241 - root - INFO -   - Malad: 4.78 km, weight: 0.0917
2025-03-28 15:32:29,241 - root - INFO - Initializing LSTM Predictor for Borivali
2025-03-28 15:32:29,241 - root - INFO - Sequence length: 24, Prediction horizon: 6
2025-03-28 15:32:29,242 - root - INFO - Loading cleaned data from spatial_cleaned_data\Borivali_spatial_weighted.csv
2025-03-28 15:32:29,249 - root - INFO - Using spatial data from nearby localities to fill any remaining missing values
2025-03-28 15:32:29,249 - root - INFO - No missing PM2.5 values found
2025-03-28 15:32:29,249 - root - INFO - Loaded cleaned data with shape: (5425, 4)
2025-03-28 15:32:29,249 - root - INFO - Features selected: ['PM10', 'RH', 'AT']
2025-03-28 15:32:29,250 - root - INFO - Train data shape: (4340, 4), Test data shape: (1085, 4)
2025-03-28 15:32:29,250 - root - INFO - Loading existing model for Borivali
2025-03-28 15:32:29,413 - root - INFO - Evaluating predictions for Borivali
2025-03-28 15:32:29,414 - root - INFO - Preparing sequences from data with shape: (1085, 4)
2025-03-28 15:32:29,424 - root - INFO - Creating 1056 sequences...
2025-03-28 15:32:29,426 - root - INFO - Sequence preparation completed. X shape: (1056, 24, 22), y shape: (1056, 6)
2025-03-28 15:32:29,426 - root - INFO - Sequence preparation took 0.01 seconds
2025-03-28 15:32:29,830 - root - ERROR - Error evaluating model for Borivali: 'charmap' codec can't encode characters in position 21-40: character maps to <undefined>
2025-03-28 15:32:29,831 - root - INFO - Evaluating locality: Colaba
2025-03-28 15:32:29,832 - root - INFO - Loaded coordinates for 26 localities
2025-03-28 15:32:29,834 - root - INFO - Found 1 nearby localities for Colaba
2025-03-28 15:32:29,834 - root - INFO -   - Malabar Hill: 5.33 km, weight: 0.0696
2025-03-28 15:32:29,834 - root - INFO - Initializing LSTM Predictor for Colaba
2025-03-28 15:32:29,834 - root - INFO - Sequence length: 24, Prediction horizon: 6
2025-03-28 15:32:29,835 - root - INFO - Loading cleaned data from spatial_cleaned_data\Colaba_spatial_weighted.csv
2025-03-28 15:32:29,843 - root - INFO - Using spatial data from nearby localities to fill any remaining missing values
2025-03-28 15:32:29,844 - root - INFO - No missing PM2.5 values found
2025-03-28 15:32:29,844 - root - INFO - Loaded cleaned data with shape: (4801, 4)
2025-03-28 15:32:29,844 - root - INFO - Features selected: ['PM10', 'RH', 'AT']
2025-03-28 15:32:29,845 - root - INFO - Train data shape: (3840, 4), Test data shape: (961, 4)
2025-03-28 15:32:29,845 - root - INFO - Loading existing model for Colaba
2025-03-28 15:32:30,028 - root - INFO - Evaluating predictions for Colaba
2025-03-28 15:32:30,028 - root - INFO - Preparing sequences from data with shape: (961, 4)
2025-03-28 15:32:30,040 - root - INFO - Creating 932 sequences...
2025-03-28 15:32:30,042 - root - INFO - Sequence preparation completed. X shape: (932, 24, 22), y shape: (932, 6)
2025-03-28 15:32:30,042 - root - INFO - Sequence preparation took 0.01 seconds
2025-03-28 15:32:30,408 - root - ERROR - Error evaluating model for Colaba: 'charmap' codec can't encode characters in position 21-40: character maps to <undefined>
2025-03-28 15:32:30,410 - root - INFO - Evaluating locality: Kalyan
2025-03-28 15:32:30,410 - root - INFO - Loaded coordinates for 26 localities
2025-03-28 15:32:30,414 - root - INFO - Found 0 nearby localities for Kalyan
2025-03-28 15:32:30,414 - root - INFO - Initializing LSTM Predictor for Kalyan
2025-03-28 15:32:30,414 - root - INFO - Sequence length: 24, Prediction horizon: 6
2025-03-28 15:32:30,414 - root - INFO - Loading cleaned data from spatial_cleaned_data\Kalyan_spatial_weighted.csv
2025-03-28 15:32:30,422 - root - WARNING - Data still contains NaN values. Filling with forward and backward fill.
2025-03-28 15:32:30,423 - root - INFO - Loaded cleaned data with shape: (5442, 4)
2025-03-28 15:32:30,423 - root - INFO - Features selected: ['PM10', 'RH', 'AT']
2025-03-28 15:32:30,424 - root - INFO - Train data shape: (4353, 4), Test data shape: (1089, 4)
2025-03-28 15:32:30,424 - root - INFO - Loading existing model for Kalyan
2025-03-28 15:32:30,597 - root - INFO - Evaluating predictions for Kalyan
2025-03-28 15:32:30,597 - root - INFO - Preparing sequences from data with shape: (1089, 4)
2025-03-28 15:32:30,611 - root - INFO - Creating 1060 sequences...
2025-03-28 15:32:30,614 - root - INFO - Sequence preparation completed. X shape: (1060, 24, 22), y shape: (1060, 6)
2025-03-28 15:32:30,614 - root - INFO - Sequence preparation took 0.02 seconds
2025-03-28 15:32:30,971 - tensorflow - WARNING - 5 out of the last 9 calls to <function TensorFlowTrainer.make_predict_function.<locals>.one_step_on_data_distributed at 0x0000015E521F76A0> triggered tf.function retracing. Tracing is expensive and the excessive number of tracings could be due to (1) creating @tf.function repeatedly in a loop, (2) passing tensors with different shapes, (3) passing Python objects instead of tensors. For (1), please define your @tf.function outside of the loop. For (2), @tf.function has reduce_retracing=True option that can avoid unnecessary retracing. For (3), please refer to https://www.tensorflow.org/guide/function#controlling_retracing and https://www.tensorflow.org/api_docs/python/tf/function for  more details.
2025-03-28 15:32:30,979 - root - ERROR - Error evaluating model for Kalyan: 'charmap' codec can't encode characters in position 21-40: character maps to <undefined>
2025-03-28 15:32:30,980 - root - INFO - Evaluating locality: Kandivali
2025-03-28 15:32:30,980 - root - INFO - Loaded coordinates for 26 localities
2025-03-28 15:32:30,983 - root - INFO - Found 3 nearby localities for Kandivali
2025-03-28 15:32:30,983 - root - INFO -   - Malad: 1.76 km, weight: 0.4149
2025-03-28 15:32:30,983 - root - INFO -   - Borivali: 3.02 km, weight: 0.2211
2025-03-28 15:32:30,983 - root - INFO -   - Andheri: 9.16 km, weight: 0.0102
2025-03-28 15:32:30,983 - root - INFO - Initializing LSTM Predictor for Kandivali
2025-03-28 15:32:30,983 - root - INFO - Sequence length: 24, Prediction horizon: 6
2025-03-28 15:32:30,984 - root - INFO - Loading cleaned data from spatial_cleaned_data\Kandivali_spatial_weighted.csv
2025-03-28 15:32:30,991 - root - INFO - Using spatial data from nearby localities to fill any remaining missing values
2025-03-28 15:32:30,991 - root - INFO - No missing PM2.5 values found
2025-03-28 15:32:30,992 - root - INFO - Loaded cleaned data with shape: (4801, 4)
2025-03-28 15:32:30,992 - root - INFO - Features selected: ['PM10', 'RH', 'AT']
2025-03-28 15:32:30,992 - root - INFO - Train data shape: (3840, 4), Test data shape: (961, 4)
2025-03-28 15:32:30,992 - root - INFO - Loading existing model for Kandivali
2025-03-28 15:32:31,165 - root - INFO - Evaluating predictions for Kandivali
2025-03-28 15:32:31,165 - root - INFO - Preparing sequences from data with shape: (961, 4)
2025-03-28 15:32:31,174 - root - INFO - Creating 932 sequences...
2025-03-28 15:32:31,176 - root - INFO - Sequence preparation completed. X shape: (932, 24, 22), y shape: (932, 6)
2025-03-28 15:32:31,176 - root - INFO - Sequence preparation took 0.01 seconds
2025-03-28 15:32:31,531 - tensorflow - WARNING - 6 out of the last 11 calls to <function TensorFlowTrainer.make_predict_function.<locals>.one_step_on_data_distributed at 0x0000015E551F3060> triggered tf.function retracing. Tracing is expensive and the excessive number of tracings could be due to (1) creating @tf.function repeatedly in a loop, (2) passing tensors with different shapes, (3) passing Python objects instead of tensors. For (1), please define your @tf.function outside of the loop. For (2), @tf.function has reduce_retracing=True option that can avoid unnecessary retracing. For (3), please refer to https://www.tensorflow.org/guide/function#controlling_retracing and https://www.tensorflow.org/api_docs/python/tf/function for  more details.
2025-03-28 15:32:31,541 - root - ERROR - Error evaluating model for Kandivali: 'charmap' codec can't encode characters in position 21-40: character maps to <undefined>
2025-03-28 15:32:31,542 - root - INFO - Evaluating locality: Kurla
2025-03-28 15:32:31,542 - root - INFO - Loaded coordinates for 26 localities
2025-03-28 15:32:31,545 - root - INFO - Found 12 nearby localities for Kurla
2025-03-28 15:32:31,545 - root - INFO -   - Chembur: 2.27 km, weight: 0.3211
2025-03-28 15:32:31,545 - root - INFO -   - Sion: 2.71 km, weight: 0.2574
2025-03-28 15:32:31,545 - root - INFO -   - Airport: 3.04 km, weight: 0.2185
2025-03-28 15:32:31,545 - root - INFO -   - Dharavi: 3.21 km, weight: 0.2009
2025-03-28 15:32:31,545 - root - INFO -   - Bandra: 4.30 km, weight: 0.1163
2025-03-28 15:32:31,545 - root - INFO -   - Vileparle: 5.34 km, weight: 0.0694
2025-03-28 15:32:31,545 - root - INFO -   - Vile Parle: 5.34 km, weight: 0.0694
2025-03-28 15:32:31,545 - root - INFO -   - Dadar: 6.50 km, weight: 0.0388
2025-03-28 15:32:31,545 - root - INFO -   - Powai: 6.57 km, weight: 0.0374
2025-03-28 15:32:31,545 - root - INFO -   - Andheri: 6.94 km, weight: 0.0312
2025-03-28 15:32:31,545 - root - INFO -   - Juhu: 7.15 km, weight: 0.0281
2025-03-28 15:32:31,545 - root - INFO -   - Worli: 8.80 km, weight: 0.0123
2025-03-28 15:32:31,545 - root - INFO - Initializing LSTM Predictor for Kurla
2025-03-28 15:32:31,545 - root - INFO - Sequence length: 24, Prediction horizon: 6
2025-03-28 15:32:31,546 - root - INFO - Loading cleaned data from spatial_cleaned_data\Kurla_spatial_weighted.csv
2025-03-28 15:32:31,555 - root - INFO - Using spatial data from nearby localities to fill any remaining missing values
2025-03-28 15:32:31,555 - root - INFO - No missing PM2.5 values found
2025-03-28 15:32:31,556 - root - INFO - Loaded cleaned data with shape: (5425, 4)
2025-03-28 15:32:31,556 - root - INFO - Features selected: ['PM10', 'RH', 'AT']
2025-03-28 15:32:31,556 - root - INFO - Train data shape: (4340, 4), Test data shape: (1085, 4)
2025-03-28 15:32:31,556 - root - INFO - Loading existing model for Kurla
2025-03-28 15:32:31,675 - root - INFO - Evaluating predictions for Kurla
2025-03-28 15:32:31,675 - root - INFO - Preparing sequences from data with shape: (1085, 4)
2025-03-28 15:32:31,684 - root - INFO - Creating 1056 sequences...
2025-03-28 15:32:31,687 - root - INFO - Sequence preparation completed. X shape: (1056, 24, 22), y shape: (1056, 6)
2025-03-28 15:32:31,687 - root - INFO - Sequence preparation took 0.01 seconds
2025-03-28 15:32:32,039 - root - ERROR - Error evaluating model for Kurla: 'charmap' codec can't encode characters in position 21-40: character maps to <undefined>
2025-03-28 15:32:32,040 - root - INFO - Evaluating locality: Mahape
2025-03-28 15:32:32,041 - root - INFO - Loaded coordinates for 26 localities
2025-03-28 15:32:32,044 - root - INFO - Found 3 nearby localities for Mahape
2025-03-28 15:32:32,044 - root - INFO -   - Nerul: 8.48 km, weight: 0.0144
2025-03-28 15:32:32,044 - root - INFO -   - Navi Mumbai: 9.11 km, weight: 0.0105
2025-03-28 15:32:32,044 - root - INFO -   - Mulund: 9.72 km, weight: 0.0078
2025-03-28 15:32:32,044 - root - INFO - Initializing LSTM Predictor for Mahape
2025-03-28 15:32:32,044 - root - INFO - Sequence length: 24, Prediction horizon: 6
2025-03-28 15:32:32,044 - root - INFO - Loading cleaned data from spatial_cleaned_data\Mahape_spatial_weighted.csv
2025-03-28 15:32:32,052 - root - INFO - Using spatial data from nearby localities to fill any remaining missing values
2025-03-28 15:32:32,052 - root - INFO - No missing PM2.5 values found
2025-03-28 15:32:32,053 - root - INFO - Loaded cleaned data with shape: (5320, 4)
2025-03-28 15:32:32,053 - root - INFO - Features selected: ['PM10', 'RH', 'AT']
2025-03-28 15:32:32,053 - root - INFO - Train data shape: (4256, 4), Test data shape: (1064, 4)
2025-03-28 15:32:32,053 - root - INFO - Loading existing model for Mahape
2025-03-28 15:32:32,424 - root - INFO - Evaluating predictions for Mahape
2025-03-28 15:32:32,424 - root - INFO - Preparing sequences from data with shape: (1064, 4)
2025-03-28 15:32:32,434 - root - INFO - Creating 1035 sequences...
2025-03-28 15:32:32,437 - root - INFO - Sequence preparation completed. X shape: (1035, 24, 22), y shape: (1035, 6)
2025-03-28 15:32:32,437 - root - INFO - Sequence preparation took 0.01 seconds
2025-03-28 15:32:32,808 - root - ERROR - Error evaluating model for Mahape: 'charmap' codec can't encode characters in position 21-40: character maps to <undefined>
2025-03-28 15:32:32,810 - root - INFO - Evaluating locality: Mulund
2025-03-28 15:32:32,810 - root - INFO - Loaded coordinates for 26 localities
2025-03-28 15:32:32,812 - root - INFO - Found 3 nearby localities for Mulund
2025-03-28 15:32:32,812 - root - INFO -   - Thane: 2.86 km, weight: 0.2397
2025-03-28 15:32:32,812 - root - INFO -   - Powai: 7.84 km, weight: 0.0198
2025-03-28 15:32:32,812 - root - INFO -   - Mahape: 9.72 km, weight: 0.0078
2025-03-28 15:32:32,812 - root - INFO - Initializing LSTM Predictor for Mulund
2025-03-28 15:32:32,812 - root - INFO - Sequence length: 24, Prediction horizon: 6
2025-03-28 15:32:32,813 - root - INFO - Loading cleaned data from spatial_cleaned_data\Mulund_spatial_weighted.csv
2025-03-28 15:32:32,823 - root - INFO - Using spatial data from nearby localities to fill any remaining missing values
2025-03-28 15:32:32,823 - root - INFO - No missing PM2.5 values found
2025-03-28 15:32:32,823 - root - INFO - Loaded cleaned data with shape: (5425, 4)
2025-03-28 15:32:32,823 - root - INFO - Features selected: ['PM10', 'RH', 'AT']
2025-03-28 15:32:32,824 - root - INFO - Train data shape: (4340, 4), Test data shape: (1085, 4)
2025-03-28 15:32:32,824 - root - INFO - Loading existing model for Mulund
2025-03-28 15:32:32,960 - root - INFO - Evaluating predictions for Mulund
2025-03-28 15:32:32,960 - root - INFO - Preparing sequences from data with shape: (1085, 4)
2025-03-28 15:32:32,973 - root - INFO - Creating 1056 sequences...
2025-03-28 15:32:32,976 - root - INFO - Sequence preparation completed. X shape: (1056, 24, 22), y shape: (1056, 6)
2025-03-28 15:32:32,976 - root - INFO - Sequence preparation took 0.02 seconds
2025-03-28 15:32:33,372 - root - ERROR - Error evaluating model for Mulund: 'charmap' codec can't encode characters in position 21-40: character maps to <undefined>
2025-03-28 15:32:33,373 - root - INFO - Evaluating locality: Nerul
2025-03-28 15:32:33,373 - root - INFO - Loaded coordinates for 26 localities
2025-03-28 15:32:33,377 - root - INFO - Found 2 nearby localities for Nerul
2025-03-28 15:32:33,377 - root - INFO -   - Navi Mumbai: 0.79 km, weight: 0.6747
2025-03-28 15:32:33,377 - root - INFO -   - Mahape: 8.48 km, weight: 0.0144
2025-03-28 15:32:33,377 - root - INFO - Initializing LSTM Predictor for Nerul
2025-03-28 15:32:33,378 - root - INFO - Sequence length: 24, Prediction horizon: 6
2025-03-28 15:32:33,378 - root - INFO - Loading cleaned data from spatial_cleaned_data\Nerul_spatial_weighted.csv
2025-03-28 15:32:33,389 - root - INFO - Using spatial data from nearby localities to fill any remaining missing values
2025-03-28 15:32:33,389 - root - INFO - No missing PM2.5 values found
2025-03-28 15:32:33,390 - root - INFO - Loaded cleaned data with shape: (5305, 4)
2025-03-28 15:32:33,390 - root - INFO - Features selected: ['PM10', 'RH', 'AT']
2025-03-28 15:32:33,390 - root - INFO - Train data shape: (4244, 4), Test data shape: (1061, 4)
2025-03-28 15:32:33,390 - root - INFO - Loading existing model for Nerul
2025-03-28 15:32:33,524 - root - INFO - Evaluating predictions for Nerul
2025-03-28 15:32:33,525 - root - INFO - Preparing sequences from data with shape: (1061, 4)
2025-03-28 15:32:33,537 - root - INFO - Creating 1032 sequences...
2025-03-28 15:32:33,541 - root - INFO - Sequence preparation completed. X shape: (1032, 24, 22), y shape: (1032, 6)
2025-03-28 15:32:33,541 - root - INFO - Sequence preparation took 0.02 seconds
2025-03-28 15:32:33,923 - root - ERROR - Error evaluating model for Nerul: 'charmap' codec can't encode characters in position 21-40: character maps to <undefined>
2025-03-28 15:32:33,924 - root - INFO - Evaluating locality: Powai
2025-03-28 15:32:33,925 - root - INFO - Loaded coordinates for 26 localities
2025-03-28 15:32:33,927 - root - INFO - Found 12 nearby localities for Powai
2025-03-28 15:32:33,927 - root - INFO -   - Airport: 5.45 km, weight: 0.0656
2025-03-28 15:32:33,927 - root - INFO -   - Andheri: 6.41 km, weight: 0.0405
2025-03-28 15:32:33,928 - root - INFO -   - Kurla: 6.57 km, weight: 0.0374
2025-03-28 15:32:33,928 - root - INFO -   - Vile Parle: 6.98 km, weight: 0.0305
2025-03-28 15:32:33,928 - root - INFO -   - Vileparle: 6.98 km, weight: 0.0304
2025-03-28 15:32:33,928 - root - INFO -   - Chembur: 7.14 km, weight: 0.0281
2025-03-28 15:32:33,928 - root - INFO -   - Mulund: 7.84 km, weight: 0.0198
2025-03-28 15:32:33,928 - root - INFO -   - Juhu: 8.50 km, weight: 0.0143
2025-03-28 15:32:33,928 - root - INFO -   - Sion: 9.24 km, weight: 0.0099
2025-03-28 15:32:33,928 - root - INFO -   - Dharavi: 9.69 km, weight: 0.0079
2025-03-28 15:32:33,928 - root - INFO -   - Malad: 9.74 km, weight: 0.0077
2025-03-28 15:32:33,928 - root - INFO -   - Bandra: 9.98 km, weight: 0.0068
2025-03-28 15:32:33,928 - root - INFO - Initializing LSTM Predictor for Powai
2025-03-28 15:32:33,928 - root - INFO - Sequence length: 24, Prediction horizon: 6
2025-03-28 15:32:33,928 - root - INFO - Loading cleaned data from spatial_cleaned_data\Powai_spatial_weighted.csv
2025-03-28 15:32:33,939 - root - INFO - Using spatial data from nearby localities to fill any remaining missing values
2025-03-28 15:32:33,939 - root - INFO - No missing PM2.5 values found
2025-03-28 15:32:33,940 - root - INFO - Loaded cleaned data with shape: (5425, 4)
2025-03-28 15:32:33,940 - root - INFO - Features selected: ['PM10', 'RH', 'AT']
2025-03-28 15:32:33,940 - root - INFO - Train data shape: (4340, 4), Test data shape: (1085, 4)
2025-03-28 15:32:33,940 - root - INFO - Loading existing model for Powai
2025-03-28 15:32:34,066 - root - INFO - Evaluating predictions for Powai
2025-03-28 15:32:34,067 - root - INFO - Preparing sequences from data with shape: (1085, 4)
2025-03-28 15:32:34,078 - root - INFO - Creating 1056 sequences...
2025-03-28 15:32:34,079 - root - INFO - Sequence preparation completed. X shape: (1056, 24, 22), y shape: (1056, 6)
2025-03-28 15:32:34,080 - root - INFO - Sequence preparation took 0.01 seconds
2025-03-28 15:32:34,435 - root - ERROR - Error evaluating model for Powai: 'charmap' codec can't encode characters in position 21-40: character maps to <undefined>
2025-03-28 15:32:34,436 - root - INFO - Evaluating locality: Sion
2025-03-28 15:32:34,436 - root - INFO - Loaded coordinates for 26 localities
2025-03-28 15:32:34,439 - root - INFO - Found 12 nearby localities for Sion
2025-03-28 15:32:34,439 - root - INFO -   - Dharavi: 0.54 km, weight: 0.7628
2025-03-28 15:32:34,439 - root - INFO -   - Bandra: 2.60 km, weight: 0.2723
2025-03-28 15:32:34,439 - root - INFO -   - Kurla: 2.71 km, weight: 0.2574
2025-03-28 15:32:34,439 - root - INFO -   - Chembur: 3.76 km, weight: 0.1522
2025-03-28 15:32:34,439 - root - INFO -   - Dadar: 3.79 km, weight: 0.1501
2025-03-28 15:32:34,439 - root - INFO -   - Airport: 4.77 km, weight: 0.0919
2025-03-28 15:32:34,439 - root - INFO -   - Worli: 6.12 km, weight: 0.0468
2025-03-28 15:32:34,439 - root - INFO -   - Vileparle: 6.25 km, weight: 0.0440
2025-03-28 15:32:34,439 - root - INFO -   - Vile Parle: 6.25 km, weight: 0.0440
2025-03-28 15:32:34,439 - root - INFO -   - Juhu: 7.68 km, weight: 0.0215
2025-03-28 15:32:34,439 - root - INFO -   - Andheri: 8.29 km, weight: 0.0158
2025-03-28 15:32:34,439 - root - INFO -   - Powai: 9.24 km, weight: 0.0099
2025-03-28 15:32:34,440 - root - INFO - Initializing LSTM Predictor for Sion
2025-03-28 15:32:34,440 - root - INFO - Sequence length: 24, Prediction horizon: 6
2025-03-28 15:32:34,440 - root - INFO - Loading cleaned data from spatial_cleaned_data\Sion_spatial_weighted.csv
2025-03-28 15:32:34,452 - root - INFO - Using spatial data from nearby localities to fill any remaining missing values
2025-03-28 15:32:34,453 - root - INFO - No missing PM2.5 values found
2025-03-28 15:32:34,453 - root - INFO - Loaded cleaned data with shape: (5305, 4)
2025-03-28 15:32:34,454 - root - INFO - Features selected: ['PM10', 'RH', 'AT']
2025-03-28 15:32:34,454 - root - INFO - Train data shape: (4244, 4), Test data shape: (1061, 4)
2025-03-28 15:32:34,454 - root - INFO - Training new model for Sion
2025-03-28 15:32:34,454 - root - INFO - Preparing sequences from data with shape: (4244, 4)
2025-03-28 15:32:34,469 - root - INFO - Creating 4215 sequences...
2025-03-28 15:32:34,479 - root - INFO - Sequence preparation completed. X shape: (4215, 24, 22), y shape: (4215, 6)
2025-03-28 15:32:34,479 - root - INFO - Sequence preparation took 0.03 seconds
2025-03-28 15:32:34,480 - root - INFO - Building stacked LSTM model with residual connections, input shape: (24, 22), output size: 6
2025-03-28 15:32:34,535 - root - INFO - Model architecture:
2025-03-28 15:32:34,549 - root - INFO - Model: "functional"
+--------------------------------------------------------------------------+
| Layer (type)        | Output Shape      |    Param # | Connected to      |
|---------------------+-------------------+------------+-------------------|
| input_layer         | (None, 24, 22)    |          0 | -                 |
| (InputLayer)        |                   |            |                   |
|---------------------+-------------------+------------+-------------------|
| batch_normalization | (None, 24, 22)    |         88 | input_layer[0][0] |
| (BatchNormalizatio… |                   |            |                   |
|---------------------+-------------------+------------+-------------------|
| lstm (LSTM)         | (None, 24, 128)   |     77,312 | batch_normalizat… |
|---------------------+-------------------+------------+-------------------|
| dropout (Dropout)   | (None, 24, 128)   |          0 | lstm[0][0]        |
|---------------------+-------------------+------------+-------------------|
| batch_normalizatio… | (None, 24, 128)   |        512 | dropout[0][0]     |
| (BatchNormalizatio… |                   |            |                   |
|---------------------+-------------------+------------+-------------------|
| lstm_1 (LSTM)       | (None, 24, 128)   |    131,584 | batch_normalizat… |
|---------------------+-------------------+------------+-------------------|
| dropout_1 (Dropout) | (None, 24, 128)   |          0 | lstm_1[0][0]      |
|---------------------+-------------------+------------+-------------------|
| add (Add)           | (None, 24, 128)   |          0 | dropout[0][0],    |
|                     |                   |            | dropout_1[0][0]   |
|---------------------+-------------------+------------+-------------------|
| batch_normalizatio… | (None, 24, 128)   |        512 | add[0][0]         |
| (BatchNormalizatio… |                   |            |                   |
|---------------------+-------------------+------------+-------------------|
| lstm_2 (LSTM)       | (None, 64)        |     49,408 | batch_normalizat… |
|---------------------+-------------------+------------+-------------------|
| dropout_2 (Dropout) | (None, 64)        |          0 | lstm_2[0][0]      |
|---------------------+-------------------+------------+-------------------|
| batch_normalizatio… | (None, 64)        |        256 | dropout_2[0][0]   |
| (BatchNormalizatio… |                   |            |                   |
|---------------------+-------------------+------------+-------------------|
| dense (Dense)       | (None, 64)        |      4,160 | batch_normalizat… |
|---------------------+-------------------+------------+-------------------|
| dropout_3 (Dropout) | (None, 64)        |          0 | dense[0][0]       |
|---------------------+-------------------+------------+-------------------|
| batch_normalizatio… | (None, 64)        |        256 | dropout_3[0][0]   |
| (BatchNormalizatio… |                   |            |                   |
|---------------------+-------------------+------------+-------------------|
| dense_1 (Dense)     | (None, 32)        |      2,080 | batch_normalizat… |
|---------------------+-------------------+------------+-------------------|
| dropout_4 (Dropout) | (None, 32)        |          0 | dense_1[0][0]     |
|---------------------+-------------------+------------+-------------------|
| batch_normalizatio… | (None, 32)        |        128 | dropout_4[0][0]   |
| (BatchNormalizatio… |                   |            |                   |
|---------------------+-------------------+------------+-------------------|
| dense_2 (Dense)     | (None, 6)         |        198 | batch_normalizat… |
+--------------------------------------------------------------------------+
 Total params: 266,494 (1.02 MB)
 Trainable params: 265,618 (1.01 MB)
 Non-trainable params: 876 (3.42 KB)

2025-03-28 15:32:34,549 - root - INFO - Starting model training with 4244 samples
2025-03-28 15:32:34,549 - root - INFO - Training parameters - epochs: 100, batch_size: 32, validation_split: 0.2
2025-03-28 15:32:34,549 - root - INFO - Preparing sequences from data with shape: (4244, 4)
2025-03-28 15:32:34,560 - root - INFO - Creating 4215 sequences...
2025-03-28 15:32:34,567 - root - INFO - Sequence preparation completed. X shape: (4215, 24, 22), y shape: (4215, 6)
2025-03-28 15:32:34,567 - root - INFO - Sequence preparation took 0.02 seconds
2025-03-28 15:32:41,446 - root - INFO - Epoch 1 - loss: 1.3145 - mae: 0.8961 - val_loss: 2.1071 - val_mae: 1.2422
2025-03-28 15:32:43,943 - root - INFO - Epoch 2 - loss: 0.7324 - mae: 0.6737 - val_loss: 2.0678 - val_mae: 1.2262
2025-03-28 15:32:46,265 - root - INFO - Epoch 3 - loss: 0.5282 - mae: 0.5731 - val_loss: 2.1298 - val_mae: 1.2323
2025-03-28 15:32:48,567 - root - INFO - Epoch 4 - loss: 0.4100 - mae: 0.5032 - val_loss: 1.4699 - val_mae: 1.0249
2025-03-28 15:32:50,782 - root - INFO - Epoch 5 - loss: 0.3434 - mae: 0.4577 - val_loss: 2.2552 - val_mae: 1.2877
2025-03-28 15:32:52,973 - root - INFO - Epoch 6 - loss: 0.2937 - mae: 0.4226 - val_loss: 2.0736 - val_mae: 1.2332
2025-03-28 15:32:55,254 - root - INFO - Epoch 7 - loss: 0.2670 - mae: 0.4005 - val_loss: 1.3324 - val_mae: 0.9747
2025-03-28 15:32:57,414 - root - INFO - Epoch 8 - loss: 0.2479 - mae: 0.3873 - val_loss: 1.2605 - val_mae: 0.9405
2025-03-28 15:32:59,492 - root - INFO - Epoch 9 - loss: 0.2324 - mae: 0.3736 - val_loss: 2.5121 - val_mae: 1.3613
2025-03-28 15:33:01,610 - root - INFO - Epoch 10 - loss: 0.2204 - mae: 0.3632 - val_loss: 2.4002 - val_mae: 1.3235
2025-03-28 15:33:03,679 - root - INFO - Epoch 11 - loss: 0.2168 - mae: 0.3584 - val_loss: 1.7334 - val_mae: 1.1111
2025-03-28 15:33:05,749 - root - INFO - Epoch 12 - loss: 0.2007 - mae: 0.3451 - val_loss: 2.0435 - val_mae: 1.2044
2025-03-28 15:33:07,966 - root - INFO - Epoch 13 - loss: 0.1954 - mae: 0.3400 - val_loss: 1.8883 - val_mae: 1.1717
2025-03-28 15:33:10,042 - root - INFO - Epoch 14 - loss: 0.1861 - mae: 0.3309 - val_loss: 1.9802 - val_mae: 1.2170
2025-03-28 15:33:12,142 - root - INFO - Epoch 15 - loss: 0.1828 - mae: 0.3284 - val_loss: 2.7068 - val_mae: 1.4120
2025-03-28 15:33:14,267 - root - INFO - Epoch 16 - loss: 0.1691 - mae: 0.3171 - val_loss: 2.4220 - val_mae: 1.3331
2025-03-28 15:33:16,340 - root - INFO - Epoch 17 - loss: 0.1713 - mae: 0.3179 - val_loss: 2.6558 - val_mae: 1.4023
2025-03-28 15:33:18,399 - root - INFO - Epoch 18 - loss: 0.1656 - mae: 0.3123 - val_loss: 2.5273 - val_mae: 1.3732
2025-03-28 15:33:20,507 - root - INFO - Epoch 19 - loss: 0.1571 - mae: 0.3053 - val_loss: 2.4396 - val_mae: 1.3546
2025-03-28 15:33:22,534 - root - INFO - Epoch 20 - loss: 0.1503 - mae: 0.2987 - val_loss: 2.4047 - val_mae: 1.3477
2025-03-28 15:33:24,590 - root - INFO - Epoch 21 - loss: 0.1485 - mae: 0.2963 - val_loss: 2.4354 - val_mae: 1.3546
2025-03-28 15:33:26,766 - root - INFO - Epoch 22 - loss: 0.1485 - mae: 0.2962 - val_loss: 2.7661 - val_mae: 1.4405
2025-03-28 15:33:28,929 - root - INFO - Epoch 23 - loss: 0.1479 - mae: 0.2947 - val_loss: 2.4299 - val_mae: 1.3568
2025-03-28 15:33:31,047 - root - INFO - Epoch 24 - loss: 0.1403 - mae: 0.2876 - val_loss: 2.6488 - val_mae: 1.4047
2025-03-28 15:33:33,156 - root - INFO - Epoch 25 - loss: 0.1394 - mae: 0.2879 - val_loss: 2.6502 - val_mae: 1.4042
2025-03-28 15:33:35,184 - root - INFO - Epoch 26 - loss: 0.1408 - mae: 0.2870 - val_loss: 2.5246 - val_mae: 1.3725
2025-03-28 15:33:37,303 - root - INFO - Epoch 27 - loss: 0.1410 - mae: 0.2884 - val_loss: 2.4081 - val_mae: 1.3411
2025-03-28 15:33:39,326 - root - INFO - Epoch 28 - loss: 0.1386 - mae: 0.2847 - val_loss: 2.6898 - val_mae: 1.4180
2025-03-28 15:33:39,337 - root - INFO - Training completed in 64.79 seconds
2025-03-28 15:33:39,337 - root - INFO - Final training loss: 0.1386
2025-03-28 15:33:39,337 - root - INFO - Final validation loss: 2.6898
2025-03-28 15:33:39,391 - root - INFO - Model saved to models/lstm_Sion_ph6.keras
2025-03-28 15:33:39,391 - root - INFO - Evaluating predictions for Sion
2025-03-28 15:33:39,392 - root - INFO - Preparing sequences from data with shape: (1061, 4)
2025-03-28 15:33:39,398 - root - INFO - Creating 1032 sequences...
2025-03-28 15:33:39,400 - root - INFO - Sequence preparation completed. X shape: (1032, 24, 22), y shape: (1032, 6)
2025-03-28 15:33:39,401 - root - INFO - Sequence preparation took 0.01 seconds
2025-03-28 15:33:39,749 - root - ERROR - Error evaluating model for Sion: 'charmap' codec can't encode characters in position 21-40: character maps to <undefined>
2025-03-28 15:33:39,751 - root - INFO - Evaluating locality: Vasai
2025-03-28 15:33:39,759 - root - INFO - Loaded coordinates for 26 localities
2025-03-28 15:33:39,763 - root - INFO - Found 0 nearby localities for Vasai
2025-03-28 15:33:39,763 - root - INFO - Initializing LSTM Predictor for Vasai
2025-03-28 15:33:39,763 - root - INFO - Sequence length: 24, Prediction horizon: 6
2025-03-28 15:33:39,763 - root - INFO - Loading cleaned data from spatial_cleaned_data\Vasai_spatial_weighted.csv
2025-03-28 15:33:39,772 - root - WARNING - Data still contains NaN values. Filling with forward and backward fill.
2025-03-28 15:33:39,773 - root - INFO - Loaded cleaned data with shape: (5425, 4)
2025-03-28 15:33:39,773 - root - INFO - Features selected: ['PM10', 'RH', 'AT']
2025-03-28 15:33:39,773 - root - INFO - Train data shape: (4340, 4), Test data shape: (1085, 4)
2025-03-28 15:33:39,773 - root - INFO - Training new model for Vasai
2025-03-28 15:33:39,773 - root - INFO - Preparing sequences from data with shape: (4340, 4)
2025-03-28 15:33:39,784 - root - INFO - Creating 4311 sequences...
2025-03-28 15:33:39,792 - root - INFO - Sequence preparation completed. X shape: (4311, 24, 22), y shape: (4311, 6)
2025-03-28 15:33:39,792 - root - INFO - Sequence preparation took 0.02 seconds
2025-03-28 15:33:39,792 - root - INFO - Building stacked LSTM model with residual connections, input shape: (24, 22), output size: 6
2025-03-28 15:33:39,854 - root - INFO - Model architecture:
2025-03-28 15:33:39,864 - root - INFO - Model: "functional_1"
+--------------------------------------------------------------------------+
| Layer (type)        | Output Shape      |    Param # | Connected to      |
|---------------------+-------------------+------------+-------------------|
| input_layer_1       | (None, 24, 22)    |          0 | -                 |
| (InputLayer)        |                   |            |                   |
|---------------------+-------------------+------------+-------------------|
| batch_normalizatio… | (None, 24, 22)    |         88 | input_layer_1[0]… |
| (BatchNormalizatio… |                   |            |                   |
|---------------------+-------------------+------------+-------------------|
| lstm_3 (LSTM)       | (None, 24, 128)   |     77,312 | batch_normalizat… |
|---------------------+-------------------+------------+-------------------|
| dropout_5 (Dropout) | (None, 24, 128)   |          0 | lstm_3[0][0]      |
|---------------------+-------------------+------------+-------------------|
| batch_normalizatio… | (None, 24, 128)   |        512 | dropout_5[0][0]   |
| (BatchNormalizatio… |                   |            |                   |
|---------------------+-------------------+------------+-------------------|
| lstm_4 (LSTM)       | (None, 24, 128)   |    131,584 | batch_normalizat… |
|---------------------+-------------------+------------+-------------------|
| dropout_6 (Dropout) | (None, 24, 128)   |          0 | lstm_4[0][0]      |
|---------------------+-------------------+------------+-------------------|
| add_1 (Add)         | (None, 24, 128)   |          0 | dropout_5[0][0],  |
|                     |                   |            | dropout_6[0][0]   |
|---------------------+-------------------+------------+-------------------|
| batch_normalizatio… | (None, 24, 128)   |        512 | add_1[0][0]       |
| (BatchNormalizatio… |                   |            |                   |
|---------------------+-------------------+------------+-------------------|
| lstm_5 (LSTM)       | (None, 64)        |     49,408 | batch_normalizat… |
|---------------------+-------------------+------------+-------------------|
| dropout_7 (Dropout) | (None, 64)        |          0 | lstm_5[0][0]      |
|---------------------+-------------------+------------+-------------------|
| batch_normalizatio… | (None, 64)        |        256 | dropout_7[0][0]   |
| (BatchNormalizatio… |                   |            |                   |
|---------------------+-------------------+------------+-------------------|
| dense_3 (Dense)     | (None, 64)        |      4,160 | batch_normalizat… |
|---------------------+-------------------+------------+-------------------|
| dropout_8 (Dropout) | (None, 64)        |          0 | dense_3[0][0]     |
|---------------------+-------------------+------------+-------------------|
| batch_normalizatio… | (None, 64)        |        256 | dropout_8[0][0]   |
| (BatchNormalizatio… |                   |            |                   |
|---------------------+-------------------+------------+-------------------|
| dense_4 (Dense)     | (None, 32)        |      2,080 | batch_normalizat… |
|---------------------+-------------------+------------+-------------------|
| dropout_9 (Dropout) | (None, 32)        |          0 | dense_4[0][0]     |
|---------------------+-------------------+------------+-------------------|
| batch_normalizatio… | (None, 32)        |        128 | dropout_9[0][0]   |
| (BatchNormalizatio… |                   |            |                   |
|---------------------+-------------------+------------+-------------------|
| dense_5 (Dense)     | (None, 6)         |        198 | batch_normalizat… |
+--------------------------------------------------------------------------+
 Total params: 266,494 (1.02 MB)
 Trainable params: 265,618 (1.01 MB)
 Non-trainable params: 876 (3.42 KB)

2025-03-28 15:33:39,864 - root - INFO - Starting model training with 4340 samples
2025-03-28 15:33:39,864 - root - INFO - Training parameters - epochs: 100, batch_size: 32, validation_split: 0.2
2025-03-28 15:33:39,864 - root - INFO - Preparing sequences from data with shape: (4340, 4)
2025-03-28 15:33:39,875 - root - INFO - Creating 4311 sequences...
2025-03-28 15:33:39,884 - root - INFO - Sequence preparation completed. X shape: (4311, 24, 22), y shape: (4311, 6)
2025-03-28 15:33:39,885 - root - INFO - Sequence preparation took 0.02 seconds
2025-03-28 15:33:46,194 - root - INFO - Epoch 1 - loss: 0.5935 - mae: 0.6381 - val_loss: 3.2217 - val_mae: 1.5911
2025-03-28 15:33:48,406 - root - INFO - Epoch 2 - loss: 0.5673 - mae: 0.6046 - val_loss: 3.2277 - val_mae: 1.5928
2025-03-28 15:33:50,543 - root - INFO - Epoch 3 - loss: 0.5674 - mae: 0.6046 - val_loss: 3.2397 - val_mae: 1.5962
2025-03-28 15:33:52,711 - root - INFO - Epoch 4 - loss: 0.5675 - mae: 0.6047 - val_loss: 3.2582 - val_mae: 1.6014
2025-03-28 15:33:54,896 - root - INFO - Epoch 5 - loss: 0.5677 - mae: 0.6047 - val_loss: 3.2779 - val_mae: 1.6069
2025-03-28 15:33:57,011 - root - INFO - Epoch 6 - loss: 0.5677 - mae: 0.6047 - val_loss: 3.2773 - val_mae: 1.6067
2025-03-28 15:33:59,172 - root - INFO - Epoch 7 - loss: 0.5677 - mae: 0.6047 - val_loss: 3.2767 - val_mae: 1.6065
2025-03-28 15:34:01,421 - root - INFO - Epoch 8 - loss: 0.5676 - mae: 0.6047 - val_loss: 3.2760 - val_mae: 1.6063
2025-03-28 15:34:03,531 - root - INFO - Epoch 9 - loss: 0.5676 - mae: 0.6047 - val_loss: 3.2753 - val_mae: 1.6061
2025-03-28 15:34:05,639 - root - INFO - Epoch 10 - loss: 0.5676 - mae: 0.6047 - val_loss: 3.2745 - val_mae: 1.6059
2025-03-28 15:34:08,034 - root - INFO - Epoch 11 - loss: 0.5676 - mae: 0.6047 - val_loss: 3.2738 - val_mae: 1.6057
2025-03-28 15:34:10,408 - root - INFO - Epoch 12 - loss: 0.5673 - mae: 0.6043 - val_loss: 3.2277 - val_mae: 1.5928
2025-03-28 15:34:12,747 - root - INFO - Epoch 13 - loss: 0.5673 - mae: 0.6045 - val_loss: 3.2271 - val_mae: 1.5926
2025-03-28 15:34:14,987 - root - INFO - Epoch 14 - loss: 0.5673 - mae: 0.6045 - val_loss: 3.2266 - val_mae: 1.5925
2025-03-28 15:34:17,241 - root - INFO - Epoch 15 - loss: 0.5673 - mae: 0.6045 - val_loss: 3.2261 - val_mae: 1.5923
2025-03-28 15:34:19,637 - root - INFO - Epoch 16 - loss: 0.5673 - mae: 0.6045 - val_loss: 3.2256 - val_mae: 1.5922
2025-03-28 15:34:21,732 - root - INFO - Epoch 17 - loss: 0.5673 - mae: 0.6045 - val_loss: 3.2250 - val_mae: 1.5920
2025-03-28 15:34:23,880 - root - INFO - Epoch 18 - loss: 0.5673 - mae: 0.6045 - val_loss: 3.2245 - val_mae: 1.5919
2025-03-28 15:34:25,983 - root - INFO - Epoch 19 - loss: 0.5673 - mae: 0.6045 - val_loss: 3.2240 - val_mae: 1.5917
2025-03-28 15:34:28,087 - root - INFO - Epoch 20 - loss: 0.5673 - mae: 0.6045 - val_loss: 3.2234 - val_mae: 1.5916
2025-03-28 15:34:30,293 - root - INFO - Epoch 21 - loss: 0.5673 - mae: 0.6045 - val_loss: 3.2229 - val_mae: 1.5914
2025-03-28 15:34:30,303 - root - INFO - Training completed in 50.44 seconds
2025-03-28 15:34:30,303 - root - INFO - Final training loss: 0.5673
2025-03-28 15:34:30,303 - root - INFO - Final validation loss: 3.2229
2025-03-28 15:34:30,357 - root - INFO - Model saved to models/lstm_Vasai_ph6.keras
2025-03-28 15:34:30,357 - root - INFO - Evaluating predictions for Vasai
2025-03-28 15:34:30,357 - root - INFO - Preparing sequences from data with shape: (1085, 4)
2025-03-28 15:34:30,364 - root - INFO - Creating 1056 sequences...
2025-03-28 15:34:30,366 - root - INFO - Sequence preparation completed. X shape: (1056, 24, 22), y shape: (1056, 6)
2025-03-28 15:34:30,366 - root - INFO - Sequence preparation took 0.01 seconds
2025-03-28 15:34:30,928 - root - ERROR - Error evaluating model for Vasai: 'charmap' codec can't encode characters in position 21-40: character maps to <undefined>
2025-03-28 15:34:30,929 - root - INFO - Evaluating locality: Vileparle
2025-03-28 15:34:30,930 - root - INFO - Loaded coordinates for 26 localities
2025-03-28 15:34:30,932 - root - INFO - Found 12 nearby localities for Vileparle
2025-03-28 15:34:30,932 - root - INFO -   - Vile Parle: 0.00 km, weight: 0.9994
2025-03-28 15:34:30,932 - root - INFO -   - Juhu: 1.90 km, weight: 0.3859
2025-03-28 15:34:30,932 - root - INFO -   - Andheri: 2.21 km, weight: 0.3318
2025-03-28 15:34:30,932 - root - INFO -   - Airport: 2.54 km, weight: 0.2804
2025-03-28 15:34:30,932 - root - INFO -   - Bandra: 4.99 km, weight: 0.0826
2025-03-28 15:34:30,932 - root - INFO -   - Kurla: 5.34 km, weight: 0.0694
2025-03-28 15:34:30,932 - root - INFO -   - Sion: 6.25 km, weight: 0.0440
2025-03-28 15:34:30,932 - root - INFO -   - Dharavi: 6.33 km, weight: 0.0423
2025-03-28 15:34:30,932 - root - INFO -   - Powai: 6.98 km, weight: 0.0304
2025-03-28 15:34:30,933 - root - INFO -   - Chembur: 7.56 km, weight: 0.0228
2025-03-28 15:34:30,933 - root - INFO -   - Dadar: 9.10 km, weight: 0.0106
2025-03-28 15:34:30,933 - root - INFO -   - Malad: 9.62 km, weight: 0.0081
2025-03-28 15:34:30,933 - root - INFO - Initializing LSTM Predictor for Vileparle
2025-03-28 15:34:30,933 - root - INFO - Sequence length: 24, Prediction horizon: 6
2025-03-28 15:34:30,934 - root - INFO - Loading cleaned data from spatial_cleaned_data\Vileparle_spatial_weighted.csv
2025-03-28 15:34:30,945 - root - INFO - Using spatial data from nearby localities to fill any remaining missing values
2025-03-28 15:34:30,945 - root - INFO - No missing PM2.5 values found
2025-03-28 15:34:30,946 - root - INFO - Loaded cleaned data with shape: (5305, 4)
2025-03-28 15:34:30,946 - root - INFO - Features selected: ['PM10', 'RH', 'AT']
2025-03-28 15:34:30,946 - root - INFO - Train data shape: (4244, 4), Test data shape: (1061, 4)
2025-03-28 15:34:30,946 - root - INFO - Training new model for Vileparle
2025-03-28 15:34:30,946 - root - INFO - Preparing sequences from data with shape: (4244, 4)
2025-03-28 15:34:30,959 - root - INFO - Creating 4215 sequences...
2025-03-28 15:34:30,968 - root - INFO - Sequence preparation completed. X shape: (4215, 24, 22), y shape: (4215, 6)
2025-03-28 15:34:30,968 - root - INFO - Sequence preparation took 0.02 seconds
2025-03-28 15:34:30,969 - root - INFO - Building stacked LSTM model with residual connections, input shape: (24, 22), output size: 6
2025-03-28 15:34:31,023 - root - INFO - Model architecture:
2025-03-28 15:34:31,033 - root - INFO - Model: "functional_2"
+--------------------------------------------------------------------------+
| Layer (type)        | Output Shape      |    Param # | Connected to      |
|---------------------+-------------------+------------+-------------------|
| input_layer_2       | (None, 24, 22)    |          0 | -                 |
| (InputLayer)        |                   |            |                   |
|---------------------+-------------------+------------+-------------------|
| batch_normalizatio… | (None, 24, 22)    |         88 | input_layer_2[0]… |
| (BatchNormalizatio… |                   |            |                   |
|---------------------+-------------------+------------+-------------------|
| lstm_6 (LSTM)       | (None, 24, 128)   |     77,312 | batch_normalizat… |
|---------------------+-------------------+------------+-------------------|
| dropout_10          | (None, 24, 128)   |          0 | lstm_6[0][0]      |
| (Dropout)           |                   |            |                   |
|---------------------+-------------------+------------+-------------------|
| batch_normalizatio… | (None, 24, 128)   |        512 | dropout_10[0][0]  |
| (BatchNormalizatio… |                   |            |                   |
|---------------------+-------------------+------------+-------------------|
| lstm_7 (LSTM)       | (None, 24, 128)   |    131,584 | batch_normalizat… |
|---------------------+-------------------+------------+-------------------|
| dropout_11          | (None, 24, 128)   |          0 | lstm_7[0][0]      |
| (Dropout)           |                   |            |                   |
|---------------------+-------------------+------------+-------------------|
| add_2 (Add)         | (None, 24, 128)   |          0 | dropout_10[0][0], |
|                     |                   |            | dropout_11[0][0]  |
|---------------------+-------------------+------------+-------------------|
| batch_normalizatio… | (None, 24, 128)   |        512 | add_2[0][0]       |
| (BatchNormalizatio… |                   |            |                   |
|---------------------+-------------------+------------+-------------------|
| lstm_8 (LSTM)       | (None, 64)        |     49,408 | batch_normalizat… |
|---------------------+-------------------+------------+-------------------|
| dropout_12          | (None, 64)        |          0 | lstm_8[0][0]      |
| (Dropout)           |                   |            |                   |
|---------------------+-------------------+------------+-------------------|
| batch_normalizatio… | (None, 64)        |        256 | dropout_12[0][0]  |
| (BatchNormalizatio… |                   |            |                   |
|---------------------+-------------------+------------+-------------------|
| dense_6 (Dense)     | (None, 64)        |      4,160 | batch_normalizat… |
|---------------------+-------------------+------------+-------------------|
| dropout_13          | (None, 64)        |          0 | dense_6[0][0]     |
| (Dropout)           |                   |            |                   |
|---------------------+-------------------+------------+-------------------|
| batch_normalizatio… | (None, 64)        |        256 | dropout_13[0][0]  |
| (BatchNormalizatio… |                   |            |                   |
|---------------------+-------------------+------------+-------------------|
| dense_7 (Dense)     | (None, 32)        |      2,080 | batch_normalizat… |
|---------------------+-------------------+------------+-------------------|
| dropout_14          | (None, 32)        |          0 | dense_7[0][0]     |
| (Dropout)           |                   |            |                   |
|---------------------+-------------------+------------+-------------------|
| batch_normalizatio… | (None, 32)        |        128 | dropout_14[0][0]  |
| (BatchNormalizatio… |                   |            |                   |
|---------------------+-------------------+------------+-------------------|
| dense_8 (Dense)     | (None, 6)         |        198 | batch_normalizat… |
+--------------------------------------------------------------------------+
 Total params: 266,494 (1.02 MB)
 Trainable params: 265,618 (1.01 MB)
 Non-trainable params: 876 (3.42 KB)

2025-03-28 15:34:31,033 - root - INFO - Starting model training with 4244 samples
2025-03-28 15:34:31,033 - root - INFO - Training parameters - epochs: 100, batch_size: 32, validation_split: 0.2
2025-03-28 15:34:31,033 - root - INFO - Preparing sequences from data with shape: (4244, 4)
2025-03-28 15:34:31,042 - root - INFO - Creating 4215 sequences...
2025-03-28 15:34:31,055 - root - INFO - Sequence preparation completed. X shape: (4215, 24, 22), y shape: (4215, 6)
2025-03-28 15:34:31,056 - root - INFO - Sequence preparation took 0.02 seconds
2025-03-28 15:34:37,323 - root - INFO - Epoch 1 - loss: 1.3182 - mae: 0.8966 - val_loss: 1.2692 - val_mae: 0.9454
2025-03-28 15:34:39,443 - root - INFO - Epoch 2 - loss: 0.7431 - mae: 0.6742 - val_loss: 0.7409 - val_mae: 0.6837
2025-03-28 15:34:41,658 - root - INFO - Epoch 3 - loss: 0.5430 - mae: 0.5726 - val_loss: 0.5759 - val_mae: 0.5763
2025-03-28 15:34:43,877 - root - INFO - Epoch 4 - loss: 0.4436 - mae: 0.5157 - val_loss: 0.5082 - val_mae: 0.5547
2025-03-28 15:34:45,981 - root - INFO - Epoch 5 - loss: 0.3745 - mae: 0.4745 - val_loss: 0.5309 - val_mae: 0.5668
2025-03-28 15:34:48,208 - root - INFO - Epoch 6 - loss: 0.3274 - mae: 0.4406 - val_loss: 0.5061 - val_mae: 0.5421
2025-03-28 15:34:50,345 - root - INFO - Epoch 7 - loss: 0.2950 - mae: 0.4170 - val_loss: 0.7288 - val_mae: 0.6852
2025-03-28 15:34:52,442 - root - INFO - Epoch 8 - loss: 0.2788 - mae: 0.4035 - val_loss: 0.6184 - val_mae: 0.6175
2025-03-28 15:34:54,778 - root - INFO - Epoch 9 - loss: 0.2534 - mae: 0.3883 - val_loss: 0.4922 - val_mae: 0.5403
2025-03-28 15:34:56,908 - root - INFO - Epoch 10 - loss: 0.2481 - mae: 0.3834 - val_loss: 0.5189 - val_mae: 0.5522
2025-03-28 15:34:59,081 - root - INFO - Epoch 11 - loss: 0.2336 - mae: 0.3724 - val_loss: 0.5433 - val_mae: 0.5810
2025-03-28 15:35:01,252 - root - INFO - Epoch 12 - loss: 0.2254 - mae: 0.3644 - val_loss: 0.5388 - val_mae: 0.5738
2025-03-28 15:35:03,534 - root - INFO - Epoch 13 - loss: 0.2140 - mae: 0.3565 - val_loss: 0.4710 - val_mae: 0.5304
2025-03-28 15:35:05,805 - root - INFO - Epoch 14 - loss: 0.2051 - mae: 0.3500 - val_loss: 0.4972 - val_mae: 0.5458
2025-03-28 15:35:07,944 - root - INFO - Epoch 15 - loss: 0.1990 - mae: 0.3440 - val_loss: 0.7985 - val_mae: 0.7251
2025-03-28 15:35:10,061 - root - INFO - Epoch 16 - loss: 0.1976 - mae: 0.3424 - val_loss: 0.6666 - val_mae: 0.6464
2025-03-28 15:35:12,272 - root - INFO - Epoch 17 - loss: 0.1910 - mae: 0.3372 - val_loss: 0.8351 - val_mae: 0.7465
2025-03-28 15:35:14,382 - root - INFO - Epoch 18 - loss: 0.1858 - mae: 0.3315 - val_loss: 0.6553 - val_mae: 0.6393
2025-03-28 15:35:16,557 - root - INFO - Epoch 19 - loss: 0.1788 - mae: 0.3262 - val_loss: 0.5765 - val_mae: 0.5961
2025-03-28 15:35:18,711 - root - INFO - Epoch 20 - loss: 0.1770 - mae: 0.3222 - val_loss: 0.7510 - val_mae: 0.7064
2025-03-28 15:35:20,831 - root - INFO - Epoch 21 - loss: 0.1710 - mae: 0.3184 - val_loss: 0.6316 - val_mae: 0.6209
2025-03-28 15:35:22,994 - root - INFO - Epoch 22 - loss: 0.1723 - mae: 0.3179 - val_loss: 0.7323 - val_mae: 0.6854
2025-03-28 15:35:25,154 - root - INFO - Epoch 23 - loss: 0.1670 - mae: 0.3131 - val_loss: 0.5607 - val_mae: 0.5810
2025-03-28 15:35:27,277 - root - INFO - Epoch 24 - loss: 0.1595 - mae: 0.3061 - val_loss: 0.6633 - val_mae: 0.6561
2025-03-28 15:35:29,467 - root - INFO - Epoch 25 - loss: 0.1550 - mae: 0.3019 - val_loss: 0.8177 - val_mae: 0.7406
2025-03-28 15:35:31,585 - root - INFO - Epoch 26 - loss: 0.1521 - mae: 0.2986 - val_loss: 0.6996 - val_mae: 0.6810
2025-03-28 15:35:33,740 - root - INFO - Epoch 27 - loss: 0.1549 - mae: 0.3011 - val_loss: 0.7131 - val_mae: 0.6856
2025-03-28 15:35:35,957 - root - INFO - Epoch 28 - loss: 0.1482 - mae: 0.2955 - val_loss: 0.8299 - val_mae: 0.7600
2025-03-28 15:35:38,068 - root - INFO - Epoch 29 - loss: 0.1497 - mae: 0.2949 - val_loss: 0.6663 - val_mae: 0.6648
2025-03-28 15:35:40,197 - root - INFO - Epoch 30 - loss: 0.1462 - mae: 0.2934 - val_loss: 0.7859 - val_mae: 0.7266
2025-03-28 15:35:42,361 - root - INFO - Epoch 31 - loss: 0.1475 - mae: 0.2945 - val_loss: 0.7330 - val_mae: 0.6993
2025-03-28 15:35:44,461 - root - INFO - Epoch 32 - loss: 0.1443 - mae: 0.2907 - val_loss: 0.8221 - val_mae: 0.7370
2025-03-28 15:35:46,714 - root - INFO - Epoch 33 - loss: 0.1440 - mae: 0.2901 - val_loss: 0.7162 - val_mae: 0.6848
2025-03-28 15:35:46,724 - root - INFO - Training completed in 75.69 seconds
2025-03-28 15:35:46,724 - root - INFO - Final training loss: 0.1440
2025-03-28 15:35:46,724 - root - INFO - Final validation loss: 0.7162
2025-03-28 15:35:46,778 - root - INFO - Model saved to models/lstm_Vileparle_ph6.keras
2025-03-28 15:35:46,778 - root - INFO - Evaluating predictions for Vileparle
2025-03-28 15:35:46,778 - root - INFO - Preparing sequences from data with shape: (1061, 4)
2025-03-28 15:35:46,785 - root - INFO - Creating 1032 sequences...
2025-03-28 15:35:46,787 - root - INFO - Sequence preparation completed. X shape: (1032, 24, 22), y shape: (1032, 6)
2025-03-28 15:35:46,787 - root - INFO - Sequence preparation took 0.01 seconds
2025-03-28 15:35:47,128 - root - ERROR - Error evaluating model for Vileparle: 'charmap' codec can't encode characters in position 21-40: character maps to <undefined>
2025-03-28 15:35:47,129 - root - INFO - Evaluating locality: Worli
2025-03-28 15:35:47,129 - root - INFO - Loaded coordinates for 26 localities
2025-03-28 15:35:47,132 - root - INFO - Found 8 nearby localities for Worli
2025-03-28 15:35:47,132 - root - INFO -   - Dadar: 2.79 km, weight: 0.2484
2025-03-28 15:35:47,132 - root - INFO -   - Bandra: 5.33 km, weight: 0.0697
2025-03-28 15:35:47,132 - root - INFO -   - Dharavi: 5.60 km, weight: 0.0608
2025-03-28 15:35:47,132 - root - INFO -   - Malabar Hill: 6.12 km, weight: 0.0468
2025-03-28 15:35:47,132 - root - INFO -   - Sion: 6.12 km, weight: 0.0468
2025-03-28 15:35:47,132 - root - INFO -   - Kurla: 8.80 km, weight: 0.0123
2025-03-28 15:35:47,132 - root - INFO -   - Chembur: 9.67 km, weight: 0.0079
2025-03-28 15:35:47,132 - root - INFO -   - Airport: 9.97 km, weight: 0.0068
2025-03-28 15:35:47,132 - root - INFO - Initializing LSTM Predictor for Worli
2025-03-28 15:35:47,132 - root - INFO - Sequence length: 24, Prediction horizon: 6
2025-03-28 15:35:47,133 - root - INFO - Loading cleaned data from spatial_cleaned_data\Worli_spatial_weighted.csv
2025-03-28 15:35:47,141 - root - INFO - Using spatial data from nearby localities to fill any remaining missing values
2025-03-28 15:35:47,142 - root - INFO - No missing PM2.5 values found
2025-03-28 15:35:47,142 - root - INFO - Loaded cleaned data with shape: (5425, 4)
2025-03-28 15:35:47,142 - root - INFO - Features selected: ['PM10', 'RH', 'AT']
2025-03-28 15:35:47,142 - root - INFO - Train data shape: (4340, 4), Test data shape: (1085, 4)
2025-03-28 15:35:47,142 - root - INFO - Training new model for Worli
2025-03-28 15:35:47,142 - root - INFO - Preparing sequences from data with shape: (4340, 4)
2025-03-28 15:35:47,154 - root - INFO - Creating 4311 sequences...
2025-03-28 15:35:47,161 - root - INFO - Sequence preparation completed. X shape: (4311, 24, 22), y shape: (4311, 6)
2025-03-28 15:35:47,161 - root - INFO - Sequence preparation took 0.02 seconds
2025-03-28 15:35:47,162 - root - INFO - Building stacked LSTM model with residual connections, input shape: (24, 22), output size: 6
2025-03-28 15:35:47,219 - root - INFO - Model architecture:
2025-03-28 15:35:47,229 - root - INFO - Model: "functional_3"
+--------------------------------------------------------------------------+
| Layer (type)        | Output Shape      |    Param # | Connected to      |
|---------------------+-------------------+------------+-------------------|
| input_layer_3       | (None, 24, 22)    |          0 | -                 |
| (InputLayer)        |                   |            |                   |
|---------------------+-------------------+------------+-------------------|
| batch_normalizatio… | (None, 24, 22)    |         88 | input_layer_3[0]… |
| (BatchNormalizatio… |                   |            |                   |
|---------------------+-------------------+------------+-------------------|
| lstm_9 (LSTM)       | (None, 24, 128)   |     77,312 | batch_normalizat… |
|---------------------+-------------------+------------+-------------------|
| dropout_15          | (None, 24, 128)   |          0 | lstm_9[0][0]      |
| (Dropout)           |                   |            |                   |
|---------------------+-------------------+------------+-------------------|
| batch_normalizatio… | (None, 24, 128)   |        512 | dropout_15[0][0]  |
| (BatchNormalizatio… |                   |            |                   |
|---------------------+-------------------+------------+-------------------|
| lstm_10 (LSTM)      | (None, 24, 128)   |    131,584 | batch_normalizat… |
|---------------------+-------------------+------------+-------------------|
| dropout_16          | (None, 24, 128)   |          0 | lstm_10[0][0]     |
| (Dropout)           |                   |            |                   |
|---------------------+-------------------+------------+-------------------|
| add_3 (Add)         | (None, 24, 128)   |          0 | dropout_15[0][0], |
|                     |                   |            | dropout_16[0][0]  |
|---------------------+-------------------+------------+-------------------|
| batch_normalizatio… | (None, 24, 128)   |        512 | add_3[0][0]       |
| (BatchNormalizatio… |                   |            |                   |
|---------------------+-------------------+------------+-------------------|
| lstm_11 (LSTM)      | (None, 64)        |     49,408 | batch_normalizat… |
|---------------------+-------------------+------------+-------------------|
| dropout_17          | (None, 64)        |          0 | lstm_11[0][0]     |
| (Dropout)           |                   |            |                   |
|---------------------+-------------------+------------+-------------------|
| batch_normalizatio… | (None, 64)        |        256 | dropout_17[0][0]  |
| (BatchNormalizatio… |                   |            |                   |
|---------------------+-------------------+------------+-------------------|
| dense_9 (Dense)     | (None, 64)        |      4,160 | batch_normalizat… |
|---------------------+-------------------+------------+-------------------|
| dropout_18          | (None, 64)        |          0 | dense_9[0][0]     |
| (Dropout)           |                   |            |                   |
|---------------------+-------------------+------------+-------------------|
| batch_normalizatio… | (None, 64)        |        256 | dropout_18[0][0]  |
| (BatchNormalizatio… |                   |            |                   |
|---------------------+-------------------+------------+-------------------|
| dense_10 (Dense)    | (None, 32)        |      2,080 | batch_normalizat… |
|---------------------+-------------------+------------+-------------------|
| dropout_19          | (None, 32)        |          0 | dense_10[0][0]    |
| (Dropout)           |                   |            |                   |
|---------------------+-------------------+------------+-------------------|
| batch_normalizatio… | (None, 32)        |        128 | dropout_19[0][0]  |
| (BatchNormalizatio… |                   |            |                   |
|---------------------+-------------------+------------+-------------------|
| dense_11 (Dense)    | (None, 6)         |        198 | batch_normalizat… |
+--------------------------------------------------------------------------+
 Total params: 266,494 (1.02 MB)
 Trainable params: 265,618 (1.01 MB)
 Non-trainable params: 876 (3.42 KB)

2025-03-28 15:35:47,230 - root - INFO - Starting model training with 4340 samples
2025-03-28 15:35:47,230 - root - INFO - Training parameters - epochs: 100, batch_size: 32, validation_split: 0.2
2025-03-28 15:35:47,230 - root - INFO - Preparing sequences from data with shape: (4340, 4)
2025-03-28 15:35:47,241 - root - INFO - Creating 4311 sequences...
2025-03-28 15:35:47,251 - root - INFO - Sequence preparation completed. X shape: (4311, 24, 22), y shape: (4311, 6)
2025-03-28 15:35:47,251 - root - INFO - Sequence preparation took 0.02 seconds
2025-03-28 15:35:53,860 - root - INFO - Epoch 1 - loss: 1.3039 - mae: 0.9006 - val_loss: 1.2492 - val_mae: 0.9643
2025-03-28 15:35:56,090 - root - INFO - Epoch 2 - loss: 0.7539 - mae: 0.6852 - val_loss: 0.9783 - val_mae: 0.8326
2025-03-28 15:35:58,397 - root - INFO - Epoch 3 - loss: 0.5704 - mae: 0.5929 - val_loss: 0.7153 - val_mae: 0.6933
2025-03-28 15:36:00,573 - root - INFO - Epoch 4 - loss: 0.4651 - mae: 0.5301 - val_loss: 0.8704 - val_mae: 0.7649
2025-03-28 15:36:02,816 - root - INFO - Epoch 5 - loss: 0.4034 - mae: 0.4925 - val_loss: 0.6562 - val_mae: 0.6639
2025-03-28 15:36:05,169 - root - INFO - Epoch 6 - loss: 0.3614 - mae: 0.4646 - val_loss: 0.6454 - val_mae: 0.6523
2025-03-28 15:36:07,417 - root - INFO - Epoch 7 - loss: 0.3300 - mae: 0.4423 - val_loss: 0.6381 - val_mae: 0.6541
2025-03-28 15:36:09,736 - root - INFO - Epoch 8 - loss: 0.3095 - mae: 0.4256 - val_loss: 0.5496 - val_mae: 0.5962
2025-03-28 15:36:12,011 - root - INFO - Epoch 9 - loss: 0.2905 - mae: 0.4134 - val_loss: 0.5734 - val_mae: 0.6068
2025-03-28 15:36:14,198 - root - INFO - Epoch 10 - loss: 0.2800 - mae: 0.4047 - val_loss: 0.8191 - val_mae: 0.7556
2025-03-28 15:36:16,453 - root - INFO - Epoch 11 - loss: 0.2730 - mae: 0.4013 - val_loss: 0.7439 - val_mae: 0.7028
2025-03-28 15:36:18,622 - root - INFO - Epoch 12 - loss: 0.2648 - mae: 0.3934 - val_loss: 0.8727 - val_mae: 0.7756
2025-03-28 15:36:20,790 - root - INFO - Epoch 13 - loss: 0.2550 - mae: 0.3836 - val_loss: 0.6654 - val_mae: 0.6521
2025-03-28 15:36:23,028 - root - INFO - Epoch 14 - loss: 0.2535 - mae: 0.3843 - val_loss: 0.6097 - val_mae: 0.6157
2025-03-28 15:36:25,199 - root - INFO - Epoch 15 - loss: 0.2470 - mae: 0.3775 - val_loss: 0.8024 - val_mae: 0.7343
2025-03-28 15:36:27,371 - root - INFO - Epoch 16 - loss: 0.2515 - mae: 0.3824 - val_loss: 0.8987 - val_mae: 0.7560
2025-03-28 15:36:29,587 - root - INFO - Epoch 17 - loss: 0.2366 - mae: 0.3689 - val_loss: 0.7986 - val_mae: 0.7107
2025-03-28 15:36:31,772 - root - INFO - Epoch 18 - loss: 0.2278 - mae: 0.3618 - val_loss: 0.8487 - val_mae: 0.7297
2025-03-28 15:36:34,082 - root - INFO - Epoch 19 - loss: 0.2196 - mae: 0.3556 - val_loss: 1.0419 - val_mae: 0.8410
2025-03-28 15:36:36,261 - root - INFO - Epoch 20 - loss: 0.2125 - mae: 0.3490 - val_loss: 1.1166 - val_mae: 0.8619
2025-03-28 15:36:38,451 - root - INFO - Epoch 21 - loss: 0.2100 - mae: 0.3458 - val_loss: 1.1684 - val_mae: 0.8956
2025-03-28 15:36:40,690 - root - INFO - Epoch 22 - loss: 0.2071 - mae: 0.3434 - val_loss: 1.1616 - val_mae: 0.8974
2025-03-28 15:36:42,872 - root - INFO - Epoch 23 - loss: 0.2039 - mae: 0.3413 - val_loss: 1.1732 - val_mae: 0.9019
2025-03-28 15:36:45,100 - root - INFO - Epoch 24 - loss: 0.2035 - mae: 0.3397 - val_loss: 0.9957 - val_mae: 0.8144
2025-03-28 15:36:47,382 - root - INFO - Epoch 25 - loss: 0.1989 - mae: 0.3374 - val_loss: 1.0278 - val_mae: 0.8358
2025-03-28 15:36:49,542 - root - INFO - Epoch 26 - loss: 0.1999 - mae: 0.3374 - val_loss: 1.1634 - val_mae: 0.8950
2025-03-28 15:36:51,816 - root - INFO - Epoch 27 - loss: 0.1993 - mae: 0.3348 - val_loss: 1.1115 - val_mae: 0.8560
2025-03-28 15:36:54,082 - root - INFO - Epoch 28 - loss: 0.1968 - mae: 0.3342 - val_loss: 1.3591 - val_mae: 0.9828
2025-03-28 15:36:54,093 - root - INFO - Training completed in 66.86 seconds
2025-03-28 15:36:54,093 - root - INFO - Final training loss: 0.1968
2025-03-28 15:36:54,093 - root - INFO - Final validation loss: 1.3591
2025-03-28 15:36:54,145 - root - INFO - Model saved to models/lstm_Worli_ph6.keras
2025-03-28 15:36:54,145 - root - INFO - Evaluating predictions for Worli
2025-03-28 15:36:54,145 - root - INFO - Preparing sequences from data with shape: (1085, 4)
2025-03-28 15:36:54,151 - root - INFO - Creating 1056 sequences...
2025-03-28 15:36:54,153 - root - INFO - Sequence preparation completed. X shape: (1056, 24, 22), y shape: (1056, 6)
2025-03-28 15:36:54,153 - root - INFO - Sequence preparation took 0.01 seconds
2025-03-28 15:36:54,515 - root - ERROR - Error evaluating model for Worli: 'charmap' codec can't encode characters in position 21-40: character maps to <undefined>
2025-03-28 15:36:54,518 - root - INFO - 
Results (sorted by RMSE):
2025-03-28 15:36:54,518 - root - INFO - +------------+-------+--------+-------+---------------------------------------------------------------------------------------------------------+
2025-03-28 15:36:54,519 - root - INFO - | Locality   | MAE   | RMSE   | MSE   | Status                                                                                                  |
2025-03-28 15:36:54,519 - root - INFO - +============+=======+========+=======+=========================================================================================================+
2025-03-28 15:36:54,519 - root - INFO - | Airport    | N/A   | N/A    | N/A   | Evaluation error: 'charmap' codec can't encode characters in position 21-40: character maps to <unde... |
2025-03-28 15:36:54,519 - root - INFO - +------------+-------+--------+-------+---------------------------------------------------------------------------------------------------------+
2025-03-28 15:36:54,519 - root - INFO - | Bandra     | N/A   | N/A    | N/A   | Evaluation error: 'charmap' codec can't encode characters in position 21-40: character maps to <unde... |
2025-03-28 15:36:54,519 - root - INFO - +------------+-------+--------+-------+---------------------------------------------------------------------------------------------------------+
2025-03-28 15:36:54,519 - root - INFO - | Borivali   | N/A   | N/A    | N/A   | Evaluation error: 'charmap' codec can't encode characters in position 21-40: character maps to <unde... |
2025-03-28 15:36:54,519 - root - INFO - +------------+-------+--------+-------+---------------------------------------------------------------------------------------------------------+
2025-03-28 15:36:54,519 - root - INFO - | Colaba     | N/A   | N/A    | N/A   | Evaluation error: 'charmap' codec can't encode characters in position 21-40: character maps to <unde... |
2025-03-28 15:36:54,519 - root - INFO - +------------+-------+--------+-------+---------------------------------------------------------------------------------------------------------+
2025-03-28 15:36:54,519 - root - INFO - | Kalyan     | N/A   | N/A    | N/A   | Evaluation error: 'charmap' codec can't encode characters in position 21-40: character maps to <unde... |
2025-03-28 15:36:54,519 - root - INFO - +------------+-------+--------+-------+---------------------------------------------------------------------------------------------------------+
2025-03-28 15:36:54,519 - root - INFO - | Kandivali  | N/A   | N/A    | N/A   | Evaluation error: 'charmap' codec can't encode characters in position 21-40: character maps to <unde... |
2025-03-28 15:36:54,519 - root - INFO - +------------+-------+--------+-------+---------------------------------------------------------------------------------------------------------+
2025-03-28 15:36:54,519 - root - INFO - | Kurla      | N/A   | N/A    | N/A   | Evaluation error: 'charmap' codec can't encode characters in position 21-40: character maps to <unde... |
2025-03-28 15:36:54,519 - root - INFO - +------------+-------+--------+-------+---------------------------------------------------------------------------------------------------------+
2025-03-28 15:36:54,519 - root - INFO - | Mahape     | N/A   | N/A    | N/A   | Evaluation error: 'charmap' codec can't encode characters in position 21-40: character maps to <unde... |
2025-03-28 15:36:54,519 - root - INFO - +------------+-------+--------+-------+---------------------------------------------------------------------------------------------------------+
2025-03-28 15:36:54,519 - root - INFO - | Mulund     | N/A   | N/A    | N/A   | Evaluation error: 'charmap' codec can't encode characters in position 21-40: character maps to <unde... |
2025-03-28 15:36:54,519 - root - INFO - +------------+-------+--------+-------+---------------------------------------------------------------------------------------------------------+
2025-03-28 15:36:54,519 - root - INFO - | Nerul      | N/A   | N/A    | N/A   | Evaluation error: 'charmap' codec can't encode characters in position 21-40: character maps to <unde... |
2025-03-28 15:36:54,520 - root - INFO - +------------+-------+--------+-------+---------------------------------------------------------------------------------------------------------+
2025-03-28 15:36:54,520 - root - INFO - | Powai      | N/A   | N/A    | N/A   | Evaluation error: 'charmap' codec can't encode characters in position 21-40: character maps to <unde... |
2025-03-28 15:36:54,520 - root - INFO - +------------+-------+--------+-------+---------------------------------------------------------------------------------------------------------+
2025-03-28 15:36:54,520 - root - INFO - | Sion       | N/A   | N/A    | N/A   | Evaluation error: 'charmap' codec can't encode characters in position 21-40: character maps to <unde... |
2025-03-28 15:36:54,520 - root - INFO - +------------+-------+--------+-------+---------------------------------------------------------------------------------------------------------+
2025-03-28 15:36:54,520 - root - INFO - | Vasai      | N/A   | N/A    | N/A   | Evaluation error: 'charmap' codec can't encode characters in position 21-40: character maps to <unde... |
2025-03-28 15:36:54,520 - root - INFO - +------------+-------+--------+-------+---------------------------------------------------------------------------------------------------------+
2025-03-28 15:36:54,520 - root - INFO - | Vileparle  | N/A   | N/A    | N/A   | Evaluation error: 'charmap' codec can't encode characters in position 21-40: character maps to <unde... |
2025-03-28 15:36:54,520 - root - INFO - +------------+-------+--------+-------+---------------------------------------------------------------------------------------------------------+
2025-03-28 15:36:54,520 - root - INFO - | Worli      | N/A   | N/A    | N/A   | Evaluation error: 'charmap' codec can't encode characters in position 21-40: character maps to <unde... |
2025-03-28 15:36:54,520 - root - INFO - +------------+-------+--------+-------+---------------------------------------------------------------------------------------------------------+
2025-03-28 15:36:54,520 - root - INFO - 
Results (sorted by RMSE):
2025-03-28 15:36:54,520 - root - INFO - +------------+-------+--------+-------+---------------------------------------------------------------------------------------------------------+
| Locality   | MAE   | RMSE   | MSE   | Status                                                                                                  |
+============+=======+========+=======+=========================================================================================================+
| Airport    | N/A   | N/A    | N/A   | Evaluation error: 'charmap' codec can't encode characters in position 21-40: character maps to <unde... |
+------------+-------+--------+-------+---------------------------------------------------------------------------------------------------------+
| Bandra     | N/A   | N/A    | N/A   | Evaluation error: 'charmap' codec can't encode characters in position 21-40: character maps to <unde... |
+------------+-------+--------+-------+---------------------------------------------------------------------------------------------------------+
| Borivali   | N/A   | N/A    | N/A   | Evaluation error: 'charmap' codec can't encode characters in position 21-40: character maps to <unde... |
+------------+-------+--------+-------+---------------------------------------------------------------------------------------------------------+
| Colaba     | N/A   | N/A    | N/A   | Evaluation error: 'charmap' codec can't encode characters in position 21-40: character maps to <unde... |
+------------+-------+--------+-------+---------------------------------------------------------------------------------------------------------+
| Kalyan     | N/A   | N/A    | N/A   | Evaluation error: 'charmap' codec can't encode characters in position 21-40: character maps to <unde... |
+------------+-------+--------+-------+---------------------------------------------------------------------------------------------------------+
| Kandivali  | N/A   | N/A    | N/A   | Evaluation error: 'charmap' codec can't encode characters in position 21-40: character maps to <unde... |
+------------+-------+--------+-------+---------------------------------------------------------------------------------------------------------+
| Kurla      | N/A   | N/A    | N/A   | Evaluation error: 'charmap' codec can't encode characters in position 21-40: character maps to <unde... |
+------------+-------+--------+-------+---------------------------------------------------------------------------------------------------------+
| Mahape     | N/A   | N/A    | N/A   | Evaluation error: 'charmap' codec can't encode characters in position 21-40: character maps to <unde... |
+------------+-------+--------+-------+---------------------------------------------------------------------------------------------------------+
| Mulund     | N/A   | N/A    | N/A   | Evaluation error: 'charmap' codec can't encode characters in position 21-40: character maps to <unde... |
+------------+-------+--------+-------+---------------------------------------------------------------------------------------------------------+
| Nerul      | N/A   | N/A    | N/A   | Evaluation error: 'charmap' codec can't encode characters in position 21-40: character maps to <unde... |
+------------+-------+--------+-------+---------------------------------------------------------------------------------------------------------+
| Powai      | N/A   | N/A    | N/A   | Evaluation error: 'charmap' codec can't encode characters in position 21-40: character maps to <unde... |
+------------+-------+--------+-------+---------------------------------------------------------------------------------------------------------+
| Sion       | N/A   | N/A    | N/A   | Evaluation error: 'charmap' codec can't encode characters in position 21-40: character maps to <unde... |
+------------+-------+--------+-------+---------------------------------------------------------------------------------------------------------+
| Vasai      | N/A   | N/A    | N/A   | Evaluation error: 'charmap' codec can't encode characters in position 21-40: character maps to <unde... |
+------------+-------+--------+-------+---------------------------------------------------------------------------------------------------------+
| Vileparle  | N/A   | N/A    | N/A   | Evaluation error: 'charmap' codec can't encode characters in position 21-40: character maps to <unde... |
+------------+-------+--------+-------+---------------------------------------------------------------------------------------------------------+
| Worli      | N/A   | N/A    | N/A   | Evaluation error: 'charmap' codec can't encode characters in position 21-40: character maps to <unde... |
+------------+-------+--------+-------+---------------------------------------------------------------------------------------------------------+
2025-03-28 15:36:54,540 - root - INFO - Evaluation complete
2025-03-28 15:45:58,165 - root - INFO - Evaluating 15 localities: Airport, Bandra, Borivali, Colaba, Kalyan, Kandivali, Kurla, Mahape, Mulund, Nerul, Powai, Sion, Vasai, Vileparle, Worli
2025-03-28 15:45:58,165 - root - INFO - Using sequence_length=24, prediction_horizon=6
2025-03-28 15:45:58,166 - root - INFO - Evaluating locality: Airport
2025-03-28 15:45:58,166 - root - INFO - Loaded coordinates for 26 localities
2025-03-28 15:45:58,169 - root - INFO - Found 12 nearby localities for Airport
2025-03-28 15:45:58,169 - root - INFO -   - Vileparle: 2.54 km, weight: 0.2804
2025-03-28 15:45:58,169 - root - INFO -   - Vile Parle: 2.54 km, weight: 0.2804
2025-03-28 15:45:58,169 - root - INFO -   - Kurla: 3.04 km, weight: 0.2185
2025-03-28 15:45:58,169 - root - INFO -   - Andheri: 3.90 km, weight: 0.1426
2025-03-28 15:45:58,169 - root - INFO -   - Juhu: 4.45 km, weight: 0.1083
2025-03-28 15:45:58,169 - root - INFO -   - Bandra: 4.67 km, weight: 0.0967
2025-03-28 15:45:58,169 - root - INFO -   - Sion: 4.77 km, weight: 0.0919
2025-03-28 15:45:58,169 - root - INFO -   - Dharavi: 5.05 km, weight: 0.0801
2025-03-28 15:45:58,169 - root - INFO -   - Chembur: 5.14 km, weight: 0.0765
2025-03-28 15:45:58,169 - root - INFO -   - Powai: 5.45 km, weight: 0.0656
2025-03-28 15:45:58,169 - root - INFO -   - Dadar: 8.28 km, weight: 0.0159
2025-03-28 15:45:58,170 - root - INFO -   - Worli: 9.97 km, weight: 0.0068
2025-03-28 15:45:58,170 - root - INFO - Initializing LSTM Predictor for Airport
2025-03-28 15:45:58,170 - root - INFO - Sequence length: 24, Prediction horizon: 6
2025-03-28 15:45:58,171 - root - INFO - Loading cleaned data from spatial_cleaned_data\Airport_spatial_weighted.csv
2025-03-28 15:45:58,184 - root - INFO - Using spatial data from nearby localities to fill any remaining missing values
2025-03-28 15:45:58,184 - root - INFO - No missing PM2.5 values found
2025-03-28 15:45:58,185 - root - INFO - Loaded cleaned data with shape: (5305, 4)
2025-03-28 15:45:58,185 - root - INFO - Features selected: ['PM10', 'RH', 'AT']
2025-03-28 15:45:58,185 - root - INFO - Train data shape: (4244, 4), Test data shape: (1061, 4)
2025-03-28 15:45:58,186 - root - INFO - Loading existing model for Airport
2025-03-28 15:45:58,436 - root - INFO - Evaluating predictions for Airport
2025-03-28 15:45:58,436 - root - INFO - Preparing sequences from data with shape: (1061, 4)
2025-03-28 15:45:58,449 - root - INFO - Creating 1032 sequences...
2025-03-28 15:45:58,451 - root - INFO - Sequence preparation completed. X shape: (1032, 24, 22), y shape: (1032, 6)
2025-03-28 15:45:58,451 - root - INFO - Sequence preparation took 0.02 seconds
2025-03-28 15:45:58,862 - root - ERROR - Error in evaluate_predictions: 'charmap' codec can't encode characters in position 21-40: character maps to <undefined>
2025-03-28 15:45:58,881 - root - ERROR - Traceback (most recent call last):
  File "C:\Users\Pranav\Desktop\IIT Kanpur\project\2022_SSDA_airquality\lstm_distance.py", line 644, in evaluate_predictions
    y_pred_scaled = self.model.predict(X)
                    ^^^^^^^^^^^^^^^^^^^^^
  File "C:\Users\Pranav\AppData\Roaming\Python\Python312\site-packages\keras\src\utils\traceback_utils.py", line 122, in error_handler
    raise e.with_traceback(filtered_tb) from None
  File "C:\Program Files\Python312\Lib\concurrent\futures\_base.py", line 461, in result
    self = None
    ^^^^
  File "C:\Program Files\Python312\Lib\concurrent\futures\_base.py", line 404, in __get_result
    self = None
    ^^^^
  File "C:\Program Files\Python312\Lib\concurrent\futures\thread.py", line 62, in run
    self = None
    ^^^^
  File "C:\Program Files\Python312\Lib\encodings\cp1252.py", line 19, in encode
    return codecs.charmap_encode(input,self.errors,encoding_table)[0]
           ^^^^^^^^^^^^^^^^^^^^^^^^^^^^^^^^^^^^^^^^^^^^^^^^^^^^^^^
UnicodeEncodeError: 'charmap' codec can't encode characters in position 21-40: character maps to <undefined>

2025-03-28 15:45:58,882 - root - ERROR - Error evaluating model for Airport: 'charmap' codec can't encode characters in position 21-40: character maps to <undefined>
2025-03-28 15:45:58,882 - root - ERROR - Traceback (most recent call last):
  File "C:\Users\Pranav\Desktop\IIT Kanpur\project\2022_SSDA_airquality\evaluate_all_localities.py", line 147, in evaluate_locality
    results = predictor.evaluate_predictions(test_data)
              ^^^^^^^^^^^^^^^^^^^^^^^^^^^^^^^^^^^^^^^^^
  File "C:\Users\Pranav\Desktop\IIT Kanpur\project\2022_SSDA_airquality\lstm_distance.py", line 644, in evaluate_predictions
    y_pred_scaled = self.model.predict(X)
                    ^^^^^^^^^^^^^^^^^^^^^
  File "C:\Users\Pranav\AppData\Roaming\Python\Python312\site-packages\keras\src\utils\traceback_utils.py", line 122, in error_handler
    raise e.with_traceback(filtered_tb) from None
  File "C:\Program Files\Python312\Lib\concurrent\futures\_base.py", line 461, in result
    self = None
    ^^^^
  File "C:\Program Files\Python312\Lib\concurrent\futures\_base.py", line 404, in __get_result
    self = None
    ^^^^
  File "C:\Program Files\Python312\Lib\concurrent\futures\thread.py", line 62, in run
    self = None
    ^^^^
  File "C:\Program Files\Python312\Lib\encodings\cp1252.py", line 19, in encode
    return codecs.charmap_encode(input,self.errors,encoding_table)[0]
           ^^^^^^^^^^^^^^^^^^^^^^^^^^^^^^^^^^^^^^^^^^^^^^^^^^^^^^^
UnicodeEncodeError: 'charmap' codec can't encode characters in position 21-40: character maps to <undefined>

2025-03-28 15:45:58,884 - root - INFO - Evaluating locality: Bandra
2025-03-28 15:45:58,884 - root - INFO - Loaded coordinates for 26 localities
2025-03-28 15:45:58,887 - root - INFO - Found 12 nearby localities for Bandra
2025-03-28 15:45:58,887 - root - INFO -   - Dharavi: 2.26 km, weight: 0.3231
2025-03-28 15:45:58,887 - root - INFO -   - Sion: 2.60 km, weight: 0.2723
2025-03-28 15:45:58,887 - root - INFO -   - Dadar: 4.14 km, weight: 0.1262
2025-03-28 15:45:58,887 - root - INFO -   - Kurla: 4.30 km, weight: 0.1163
2025-03-28 15:45:58,887 - root - INFO -   - Airport: 4.67 km, weight: 0.0967
2025-03-28 15:45:58,887 - root - INFO -   - Vileparle: 4.99 km, weight: 0.0826
2025-03-28 15:45:58,887 - root - INFO -   - Vile Parle: 4.99 km, weight: 0.0825
2025-03-28 15:45:58,887 - root - INFO -   - Worli: 5.33 km, weight: 0.0697
2025-03-28 15:45:58,887 - root - INFO -   - Juhu: 5.91 km, weight: 0.0520
2025-03-28 15:45:58,888 - root - INFO -   - Chembur: 6.08 km, weight: 0.0479
2025-03-28 15:45:58,888 - root - INFO -   - Andheri: 7.19 km, weight: 0.0274
2025-03-28 15:45:58,888 - root - INFO -   - Powai: 9.98 km, weight: 0.0068
2025-03-28 15:45:58,888 - root - INFO - Initializing LSTM Predictor for Bandra
2025-03-28 15:45:58,888 - root - INFO - Sequence length: 24, Prediction horizon: 6
2025-03-28 15:45:58,888 - root - INFO - Loading cleaned data from spatial_cleaned_data\Bandra_spatial_weighted.csv
2025-03-28 15:45:58,899 - root - INFO - Using spatial data from nearby localities to fill any remaining missing values
2025-03-28 15:45:58,900 - root - INFO - No missing PM2.5 values found
2025-03-28 15:45:58,900 - root - INFO - Loaded cleaned data with shape: (5441, 4)
2025-03-28 15:45:58,900 - root - INFO - Features selected: ['PM10', 'RH', 'AT']
2025-03-28 15:45:58,901 - root - INFO - Train data shape: (4352, 4), Test data shape: (1089, 4)
2025-03-28 15:45:58,901 - root - INFO - Loading existing model for Bandra
2025-03-28 15:45:59,076 - root - INFO - Evaluating predictions for Bandra
2025-03-28 15:45:59,076 - root - INFO - Preparing sequences from data with shape: (1089, 4)
2025-03-28 15:45:59,089 - root - INFO - Creating 1060 sequences...
2025-03-28 15:45:59,092 - root - INFO - Sequence preparation completed. X shape: (1060, 24, 22), y shape: (1060, 6)
2025-03-28 15:45:59,092 - root - INFO - Sequence preparation took 0.02 seconds
2025-03-28 15:45:59,482 - root - ERROR - Error in evaluate_predictions: 'charmap' codec can't encode characters in position 21-40: character maps to <undefined>
2025-03-28 15:45:59,482 - root - ERROR - Traceback (most recent call last):
  File "C:\Users\Pranav\Desktop\IIT Kanpur\project\2022_SSDA_airquality\lstm_distance.py", line 644, in evaluate_predictions
    y_pred_scaled = self.model.predict(X)
                    ^^^^^^^^^^^^^^^^^^^^^
  File "C:\Users\Pranav\AppData\Roaming\Python\Python312\site-packages\keras\src\utils\traceback_utils.py", line 122, in error_handler
    raise e.with_traceback(filtered_tb) from None
  File "C:\Program Files\Python312\Lib\concurrent\futures\_base.py", line 461, in result
    self = None
    ^^^^
  File "C:\Program Files\Python312\Lib\concurrent\futures\_base.py", line 404, in __get_result
    self = None
    ^^^^
  File "C:\Program Files\Python312\Lib\concurrent\futures\thread.py", line 62, in run
    self = None
    ^^^^
  File "C:\Program Files\Python312\Lib\encodings\cp1252.py", line 19, in encode
    return codecs.charmap_encode(input,self.errors,encoding_table)[0]
           ^^^^^^^^^^^^^^^^^^^^^^^^^^^^^^^^^^^^^^^^^^^^^^^^^^^^^^^
UnicodeEncodeError: 'charmap' codec can't encode characters in position 21-40: character maps to <undefined>

2025-03-28 15:45:59,483 - root - ERROR - Error evaluating model for Bandra: 'charmap' codec can't encode characters in position 21-40: character maps to <undefined>
2025-03-28 15:45:59,483 - root - ERROR - Traceback (most recent call last):
  File "C:\Users\Pranav\Desktop\IIT Kanpur\project\2022_SSDA_airquality\evaluate_all_localities.py", line 147, in evaluate_locality
    results = predictor.evaluate_predictions(test_data)
              ^^^^^^^^^^^^^^^^^^^^^^^^^^^^^^^^^^^^^^^^^
  File "C:\Users\Pranav\Desktop\IIT Kanpur\project\2022_SSDA_airquality\lstm_distance.py", line 644, in evaluate_predictions
    y_pred_scaled = self.model.predict(X)
                    ^^^^^^^^^^^^^^^^^^^^^
  File "C:\Users\Pranav\AppData\Roaming\Python\Python312\site-packages\keras\src\utils\traceback_utils.py", line 122, in error_handler
    raise e.with_traceback(filtered_tb) from None
  File "C:\Program Files\Python312\Lib\concurrent\futures\_base.py", line 461, in result
    self = None
    ^^^^
  File "C:\Program Files\Python312\Lib\concurrent\futures\_base.py", line 404, in __get_result
    self = None
    ^^^^
  File "C:\Program Files\Python312\Lib\concurrent\futures\thread.py", line 62, in run
    self = None
    ^^^^
  File "C:\Program Files\Python312\Lib\encodings\cp1252.py", line 19, in encode
    return codecs.charmap_encode(input,self.errors,encoding_table)[0]
           ^^^^^^^^^^^^^^^^^^^^^^^^^^^^^^^^^^^^^^^^^^^^^^^^^^^^^^^
UnicodeEncodeError: 'charmap' codec can't encode characters in position 21-40: character maps to <undefined>

2025-03-28 15:45:59,484 - root - INFO - Evaluating locality: Borivali
2025-03-28 15:45:59,484 - root - INFO - Loaded coordinates for 26 localities
2025-03-28 15:45:59,487 - root - INFO - Found 2 nearby localities for Borivali
2025-03-28 15:45:59,487 - root - INFO -   - Kandivali: 3.02 km, weight: 0.2211
2025-03-28 15:45:59,487 - root - INFO -   - Malad: 4.78 km, weight: 0.0917
2025-03-28 15:45:59,488 - root - INFO - Initializing LSTM Predictor for Borivali
2025-03-28 15:45:59,488 - root - INFO - Sequence length: 24, Prediction horizon: 6
2025-03-28 15:45:59,488 - root - INFO - Loading cleaned data from spatial_cleaned_data\Borivali_spatial_weighted.csv
2025-03-28 15:45:59,497 - root - INFO - Using spatial data from nearby localities to fill any remaining missing values
2025-03-28 15:45:59,497 - root - INFO - No missing PM2.5 values found
2025-03-28 15:45:59,497 - root - INFO - Loaded cleaned data with shape: (5425, 4)
2025-03-28 15:45:59,498 - root - INFO - Features selected: ['PM10', 'RH', 'AT']
2025-03-28 15:45:59,498 - root - INFO - Train data shape: (4340, 4), Test data shape: (1085, 4)
2025-03-28 15:45:59,498 - root - INFO - Loading existing model for Borivali
2025-03-28 15:45:59,691 - root - INFO - Evaluating predictions for Borivali
2025-03-28 15:45:59,691 - root - INFO - Preparing sequences from data with shape: (1085, 4)
2025-03-28 15:45:59,702 - root - INFO - Creating 1056 sequences...
2025-03-28 15:45:59,704 - root - INFO - Sequence preparation completed. X shape: (1056, 24, 22), y shape: (1056, 6)
2025-03-28 15:45:59,704 - root - INFO - Sequence preparation took 0.01 seconds
2025-03-28 15:46:00,057 - root - ERROR - Error in evaluate_predictions: 'charmap' codec can't encode characters in position 21-40: character maps to <undefined>
2025-03-28 15:46:00,058 - root - ERROR - Traceback (most recent call last):
  File "C:\Users\Pranav\Desktop\IIT Kanpur\project\2022_SSDA_airquality\lstm_distance.py", line 644, in evaluate_predictions
    y_pred_scaled = self.model.predict(X)
                    ^^^^^^^^^^^^^^^^^^^^^
  File "C:\Users\Pranav\AppData\Roaming\Python\Python312\site-packages\keras\src\utils\traceback_utils.py", line 122, in error_handler
    raise e.with_traceback(filtered_tb) from None
  File "C:\Program Files\Python312\Lib\concurrent\futures\_base.py", line 461, in result
    self = None
    ^^^^
  File "C:\Program Files\Python312\Lib\concurrent\futures\_base.py", line 404, in __get_result
    self = None
    ^^^^
  File "C:\Program Files\Python312\Lib\concurrent\futures\thread.py", line 62, in run
    self = None
    ^^^^
  File "C:\Program Files\Python312\Lib\encodings\cp1252.py", line 19, in encode
    return codecs.charmap_encode(input,self.errors,encoding_table)[0]
           ^^^^^^^^^^^^^^^^^^^^^^^^^^^^^^^^^^^^^^^^^^^^^^^^^^^^^^^
UnicodeEncodeError: 'charmap' codec can't encode characters in position 21-40: character maps to <undefined>

2025-03-28 15:46:00,058 - root - ERROR - Error evaluating model for Borivali: 'charmap' codec can't encode characters in position 21-40: character maps to <undefined>
2025-03-28 15:46:00,058 - root - ERROR - Traceback (most recent call last):
  File "C:\Users\Pranav\Desktop\IIT Kanpur\project\2022_SSDA_airquality\evaluate_all_localities.py", line 147, in evaluate_locality
    results = predictor.evaluate_predictions(test_data)
              ^^^^^^^^^^^^^^^^^^^^^^^^^^^^^^^^^^^^^^^^^
  File "C:\Users\Pranav\Desktop\IIT Kanpur\project\2022_SSDA_airquality\lstm_distance.py", line 644, in evaluate_predictions
    y_pred_scaled = self.model.predict(X)
                    ^^^^^^^^^^^^^^^^^^^^^
  File "C:\Users\Pranav\AppData\Roaming\Python\Python312\site-packages\keras\src\utils\traceback_utils.py", line 122, in error_handler
    raise e.with_traceback(filtered_tb) from None
  File "C:\Program Files\Python312\Lib\concurrent\futures\_base.py", line 461, in result
    self = None
    ^^^^
  File "C:\Program Files\Python312\Lib\concurrent\futures\_base.py", line 404, in __get_result
    self = None
    ^^^^
  File "C:\Program Files\Python312\Lib\concurrent\futures\thread.py", line 62, in run
    self = None
    ^^^^
  File "C:\Program Files\Python312\Lib\encodings\cp1252.py", line 19, in encode
    return codecs.charmap_encode(input,self.errors,encoding_table)[0]
           ^^^^^^^^^^^^^^^^^^^^^^^^^^^^^^^^^^^^^^^^^^^^^^^^^^^^^^^
UnicodeEncodeError: 'charmap' codec can't encode characters in position 21-40: character maps to <undefined>

2025-03-28 15:46:00,059 - root - INFO - Evaluating locality: Colaba
2025-03-28 15:46:00,059 - root - INFO - Loaded coordinates for 26 localities
2025-03-28 15:46:00,063 - root - INFO - Found 1 nearby localities for Colaba
2025-03-28 15:46:00,063 - root - INFO -   - Malabar Hill: 5.33 km, weight: 0.0696
2025-03-28 15:46:00,063 - root - INFO - Initializing LSTM Predictor for Colaba
2025-03-28 15:46:00,063 - root - INFO - Sequence length: 24, Prediction horizon: 6
2025-03-28 15:46:00,064 - root - INFO - Loading cleaned data from spatial_cleaned_data\Colaba_spatial_weighted.csv
2025-03-28 15:46:00,075 - root - INFO - Using spatial data from nearby localities to fill any remaining missing values
2025-03-28 15:46:00,075 - root - INFO - No missing PM2.5 values found
2025-03-28 15:46:00,076 - root - INFO - Loaded cleaned data with shape: (4801, 4)
2025-03-28 15:46:00,076 - root - INFO - Features selected: ['PM10', 'RH', 'AT']
2025-03-28 15:46:00,076 - root - INFO - Train data shape: (3840, 4), Test data shape: (961, 4)
2025-03-28 15:46:00,076 - root - INFO - Loading existing model for Colaba
2025-03-28 15:46:00,295 - root - INFO - Evaluating predictions for Colaba
2025-03-28 15:46:00,295 - root - INFO - Preparing sequences from data with shape: (961, 4)
2025-03-28 15:46:00,308 - root - INFO - Creating 932 sequences...
2025-03-28 15:46:00,310 - root - INFO - Sequence preparation completed. X shape: (932, 24, 22), y shape: (932, 6)
2025-03-28 15:46:00,310 - root - INFO - Sequence preparation took 0.02 seconds
2025-03-28 15:46:00,679 - root - ERROR - Error in evaluate_predictions: 'charmap' codec can't encode characters in position 21-40: character maps to <undefined>
2025-03-28 15:46:00,679 - root - ERROR - Traceback (most recent call last):
  File "C:\Users\Pranav\Desktop\IIT Kanpur\project\2022_SSDA_airquality\lstm_distance.py", line 644, in evaluate_predictions
    y_pred_scaled = self.model.predict(X)
                    ^^^^^^^^^^^^^^^^^^^^^
  File "C:\Users\Pranav\AppData\Roaming\Python\Python312\site-packages\keras\src\utils\traceback_utils.py", line 122, in error_handler
    raise e.with_traceback(filtered_tb) from None
  File "C:\Program Files\Python312\Lib\concurrent\futures\_base.py", line 461, in result
    self = None
    ^^^^
  File "C:\Program Files\Python312\Lib\concurrent\futures\_base.py", line 404, in __get_result
    self = None
    ^^^^
  File "C:\Program Files\Python312\Lib\concurrent\futures\thread.py", line 62, in run
    self = None
    ^^^^
  File "C:\Program Files\Python312\Lib\encodings\cp1252.py", line 19, in encode
    return codecs.charmap_encode(input,self.errors,encoding_table)[0]
           ^^^^^^^^^^^^^^^^^^^^^^^^^^^^^^^^^^^^^^^^^^^^^^^^^^^^^^^
UnicodeEncodeError: 'charmap' codec can't encode characters in position 21-40: character maps to <undefined>

2025-03-28 15:46:00,680 - root - ERROR - Error evaluating model for Colaba: 'charmap' codec can't encode characters in position 21-40: character maps to <undefined>
2025-03-28 15:46:00,680 - root - ERROR - Traceback (most recent call last):
  File "C:\Users\Pranav\Desktop\IIT Kanpur\project\2022_SSDA_airquality\evaluate_all_localities.py", line 147, in evaluate_locality
    results = predictor.evaluate_predictions(test_data)
              ^^^^^^^^^^^^^^^^^^^^^^^^^^^^^^^^^^^^^^^^^
  File "C:\Users\Pranav\Desktop\IIT Kanpur\project\2022_SSDA_airquality\lstm_distance.py", line 644, in evaluate_predictions
    y_pred_scaled = self.model.predict(X)
                    ^^^^^^^^^^^^^^^^^^^^^
  File "C:\Users\Pranav\AppData\Roaming\Python\Python312\site-packages\keras\src\utils\traceback_utils.py", line 122, in error_handler
    raise e.with_traceback(filtered_tb) from None
  File "C:\Program Files\Python312\Lib\concurrent\futures\_base.py", line 461, in result
    self = None
    ^^^^
  File "C:\Program Files\Python312\Lib\concurrent\futures\_base.py", line 404, in __get_result
    self = None
    ^^^^
  File "C:\Program Files\Python312\Lib\concurrent\futures\thread.py", line 62, in run
    self = None
    ^^^^
  File "C:\Program Files\Python312\Lib\encodings\cp1252.py", line 19, in encode
    return codecs.charmap_encode(input,self.errors,encoding_table)[0]
           ^^^^^^^^^^^^^^^^^^^^^^^^^^^^^^^^^^^^^^^^^^^^^^^^^^^^^^^
UnicodeEncodeError: 'charmap' codec can't encode characters in position 21-40: character maps to <undefined>

2025-03-28 15:46:00,681 - root - INFO - Evaluating locality: Kalyan
2025-03-28 15:46:00,681 - root - INFO - Loaded coordinates for 26 localities
2025-03-28 15:46:00,684 - root - INFO - Found 0 nearby localities for Kalyan
2025-03-28 15:46:00,684 - root - INFO - Initializing LSTM Predictor for Kalyan
2025-03-28 15:46:00,684 - root - INFO - Sequence length: 24, Prediction horizon: 6
2025-03-28 15:46:00,684 - root - INFO - Loading cleaned data from spatial_cleaned_data\Kalyan_spatial_weighted.csv
2025-03-28 15:46:00,694 - root - WARNING - Data still contains NaN values. Filling with forward and backward fill.
2025-03-28 15:46:00,695 - root - INFO - Loaded cleaned data with shape: (5442, 4)
2025-03-28 15:46:00,695 - root - INFO - Features selected: ['PM10', 'RH', 'AT']
2025-03-28 15:46:00,695 - root - INFO - Train data shape: (4353, 4), Test data shape: (1089, 4)
2025-03-28 15:46:00,695 - root - INFO - Loading existing model for Kalyan
2025-03-28 15:46:00,867 - root - INFO - Evaluating predictions for Kalyan
2025-03-28 15:46:00,867 - root - INFO - Preparing sequences from data with shape: (1089, 4)
2025-03-28 15:46:00,878 - root - INFO - Creating 1060 sequences...
2025-03-28 15:46:00,880 - root - INFO - Sequence preparation completed. X shape: (1060, 24, 22), y shape: (1060, 6)
2025-03-28 15:46:00,880 - root - INFO - Sequence preparation took 0.01 seconds
2025-03-28 15:46:01,228 - tensorflow - WARNING - 5 out of the last 9 calls to <function TensorFlowTrainer.make_predict_function.<locals>.one_step_on_data_distributed at 0x0000026D69329B20> triggered tf.function retracing. Tracing is expensive and the excessive number of tracings could be due to (1) creating @tf.function repeatedly in a loop, (2) passing tensors with different shapes, (3) passing Python objects instead of tensors. For (1), please define your @tf.function outside of the loop. For (2), @tf.function has reduce_retracing=True option that can avoid unnecessary retracing. For (3), please refer to https://www.tensorflow.org/guide/function#controlling_retracing and https://www.tensorflow.org/api_docs/python/tf/function for  more details.
2025-03-28 15:46:01,237 - root - ERROR - Error in evaluate_predictions: 'charmap' codec can't encode characters in position 21-40: character maps to <undefined>
2025-03-28 15:46:01,238 - root - ERROR - Traceback (most recent call last):
  File "C:\Users\Pranav\Desktop\IIT Kanpur\project\2022_SSDA_airquality\lstm_distance.py", line 644, in evaluate_predictions
    y_pred_scaled = self.model.predict(X)
                    ^^^^^^^^^^^^^^^^^^^^^
  File "C:\Users\Pranav\AppData\Roaming\Python\Python312\site-packages\keras\src\utils\traceback_utils.py", line 122, in error_handler
    raise e.with_traceback(filtered_tb) from None
  File "C:\Program Files\Python312\Lib\concurrent\futures\_base.py", line 461, in result
    self = None
    ^^^^
  File "C:\Program Files\Python312\Lib\concurrent\futures\_base.py", line 404, in __get_result
    self = None
    ^^^^
  File "C:\Program Files\Python312\Lib\concurrent\futures\thread.py", line 62, in run
    self = None
    ^^^^
  File "C:\Program Files\Python312\Lib\encodings\cp1252.py", line 19, in encode
    return codecs.charmap_encode(input,self.errors,encoding_table)[0]
           ^^^^^^^^^^^^^^^^^^^^^^^^^^^^^^^^^^^^^^^^^^^^^^^^^^^^^^^
UnicodeEncodeError: 'charmap' codec can't encode characters in position 21-40: character maps to <undefined>

2025-03-28 15:46:01,238 - root - ERROR - Error evaluating model for Kalyan: 'charmap' codec can't encode characters in position 21-40: character maps to <undefined>
2025-03-28 15:46:01,238 - root - ERROR - Traceback (most recent call last):
  File "C:\Users\Pranav\Desktop\IIT Kanpur\project\2022_SSDA_airquality\evaluate_all_localities.py", line 147, in evaluate_locality
    results = predictor.evaluate_predictions(test_data)
              ^^^^^^^^^^^^^^^^^^^^^^^^^^^^^^^^^^^^^^^^^
  File "C:\Users\Pranav\Desktop\IIT Kanpur\project\2022_SSDA_airquality\lstm_distance.py", line 644, in evaluate_predictions
    y_pred_scaled = self.model.predict(X)
                    ^^^^^^^^^^^^^^^^^^^^^
  File "C:\Users\Pranav\AppData\Roaming\Python\Python312\site-packages\keras\src\utils\traceback_utils.py", line 122, in error_handler
    raise e.with_traceback(filtered_tb) from None
  File "C:\Program Files\Python312\Lib\concurrent\futures\_base.py", line 461, in result
    self = None
    ^^^^
  File "C:\Program Files\Python312\Lib\concurrent\futures\_base.py", line 404, in __get_result
    self = None
    ^^^^
  File "C:\Program Files\Python312\Lib\concurrent\futures\thread.py", line 62, in run
    self = None
    ^^^^
  File "C:\Program Files\Python312\Lib\encodings\cp1252.py", line 19, in encode
    return codecs.charmap_encode(input,self.errors,encoding_table)[0]
           ^^^^^^^^^^^^^^^^^^^^^^^^^^^^^^^^^^^^^^^^^^^^^^^^^^^^^^^
UnicodeEncodeError: 'charmap' codec can't encode characters in position 21-40: character maps to <undefined>

2025-03-28 15:46:01,239 - root - INFO - Evaluating locality: Kandivali
2025-03-28 15:46:01,240 - root - INFO - Loaded coordinates for 26 localities
2025-03-28 15:46:01,242 - root - INFO - Found 3 nearby localities for Kandivali
2025-03-28 15:46:01,242 - root - INFO -   - Malad: 1.76 km, weight: 0.4149
2025-03-28 15:46:01,242 - root - INFO -   - Borivali: 3.02 km, weight: 0.2211
2025-03-28 15:46:01,242 - root - INFO -   - Andheri: 9.16 km, weight: 0.0102
2025-03-28 15:46:01,242 - root - INFO - Initializing LSTM Predictor for Kandivali
2025-03-28 15:46:01,242 - root - INFO - Sequence length: 24, Prediction horizon: 6
2025-03-28 15:46:01,243 - root - INFO - Loading cleaned data from spatial_cleaned_data\Kandivali_spatial_weighted.csv
2025-03-28 15:46:01,251 - root - INFO - Using spatial data from nearby localities to fill any remaining missing values
2025-03-28 15:46:01,252 - root - INFO - No missing PM2.5 values found
2025-03-28 15:46:01,252 - root - INFO - Loaded cleaned data with shape: (4801, 4)
2025-03-28 15:46:01,252 - root - INFO - Features selected: ['PM10', 'RH', 'AT']
2025-03-28 15:46:01,252 - root - INFO - Train data shape: (3840, 4), Test data shape: (961, 4)
2025-03-28 15:46:01,252 - root - INFO - Loading existing model for Kandivali
2025-03-28 15:46:01,433 - root - INFO - Evaluating predictions for Kandivali
2025-03-28 15:46:01,433 - root - INFO - Preparing sequences from data with shape: (961, 4)
2025-03-28 15:46:01,443 - root - INFO - Creating 932 sequences...
2025-03-28 15:46:01,444 - root - INFO - Sequence preparation completed. X shape: (932, 24, 22), y shape: (932, 6)
2025-03-28 15:46:01,444 - root - INFO - Sequence preparation took 0.01 seconds
2025-03-28 15:46:01,790 - tensorflow - WARNING - 6 out of the last 11 calls to <function TensorFlowTrainer.make_predict_function.<locals>.one_step_on_data_distributed at 0x0000026D6AA9B1A0> triggered tf.function retracing. Tracing is expensive and the excessive number of tracings could be due to (1) creating @tf.function repeatedly in a loop, (2) passing tensors with different shapes, (3) passing Python objects instead of tensors. For (1), please define your @tf.function outside of the loop. For (2), @tf.function has reduce_retracing=True option that can avoid unnecessary retracing. For (3), please refer to https://www.tensorflow.org/guide/function#controlling_retracing and https://www.tensorflow.org/api_docs/python/tf/function for  more details.
2025-03-28 15:46:01,808 - root - ERROR - Error in evaluate_predictions: 'charmap' codec can't encode characters in position 21-40: character maps to <undefined>
2025-03-28 15:46:01,810 - root - ERROR - Traceback (most recent call last):
  File "C:\Users\Pranav\Desktop\IIT Kanpur\project\2022_SSDA_airquality\lstm_distance.py", line 644, in evaluate_predictions
    y_pred_scaled = self.model.predict(X)
                    ^^^^^^^^^^^^^^^^^^^^^
  File "C:\Users\Pranav\AppData\Roaming\Python\Python312\site-packages\keras\src\utils\traceback_utils.py", line 122, in error_handler
    raise e.with_traceback(filtered_tb) from None
  File "C:\Program Files\Python312\Lib\concurrent\futures\_base.py", line 461, in result
    self = None
    ^^^^
  File "C:\Program Files\Python312\Lib\concurrent\futures\_base.py", line 404, in __get_result
    self = None
    ^^^^
  File "C:\Program Files\Python312\Lib\concurrent\futures\thread.py", line 62, in run
    self = None
    ^^^^
  File "C:\Program Files\Python312\Lib\encodings\cp1252.py", line 19, in encode
    return codecs.charmap_encode(input,self.errors,encoding_table)[0]
           ^^^^^^^^^^^^^^^^^^^^^^^^^^^^^^^^^^^^^^^^^^^^^^^^^^^^^^^
UnicodeEncodeError: 'charmap' codec can't encode characters in position 21-40: character maps to <undefined>

2025-03-28 15:46:01,810 - root - ERROR - Error evaluating model for Kandivali: 'charmap' codec can't encode characters in position 21-40: character maps to <undefined>
2025-03-28 15:46:01,811 - root - ERROR - Traceback (most recent call last):
  File "C:\Users\Pranav\Desktop\IIT Kanpur\project\2022_SSDA_airquality\evaluate_all_localities.py", line 147, in evaluate_locality
    results = predictor.evaluate_predictions(test_data)
              ^^^^^^^^^^^^^^^^^^^^^^^^^^^^^^^^^^^^^^^^^
  File "C:\Users\Pranav\Desktop\IIT Kanpur\project\2022_SSDA_airquality\lstm_distance.py", line 644, in evaluate_predictions
    y_pred_scaled = self.model.predict(X)
                    ^^^^^^^^^^^^^^^^^^^^^
  File "C:\Users\Pranav\AppData\Roaming\Python\Python312\site-packages\keras\src\utils\traceback_utils.py", line 122, in error_handler
    raise e.with_traceback(filtered_tb) from None
  File "C:\Program Files\Python312\Lib\concurrent\futures\_base.py", line 461, in result
    self = None
    ^^^^
  File "C:\Program Files\Python312\Lib\concurrent\futures\_base.py", line 404, in __get_result
    self = None
    ^^^^
  File "C:\Program Files\Python312\Lib\concurrent\futures\thread.py", line 62, in run
    self = None
    ^^^^
  File "C:\Program Files\Python312\Lib\encodings\cp1252.py", line 19, in encode
    return codecs.charmap_encode(input,self.errors,encoding_table)[0]
           ^^^^^^^^^^^^^^^^^^^^^^^^^^^^^^^^^^^^^^^^^^^^^^^^^^^^^^^
UnicodeEncodeError: 'charmap' codec can't encode characters in position 21-40: character maps to <undefined>

2025-03-28 15:46:01,812 - root - INFO - Evaluating locality: Kurla
2025-03-28 15:46:01,812 - root - INFO - Loaded coordinates for 26 localities
2025-03-28 15:46:01,815 - root - INFO - Found 12 nearby localities for Kurla
2025-03-28 15:46:01,815 - root - INFO -   - Chembur: 2.27 km, weight: 0.3211
2025-03-28 15:46:01,815 - root - INFO -   - Sion: 2.71 km, weight: 0.2574
2025-03-28 15:46:01,815 - root - INFO -   - Airport: 3.04 km, weight: 0.2185
2025-03-28 15:46:01,816 - root - INFO -   - Dharavi: 3.21 km, weight: 0.2009
2025-03-28 15:46:01,816 - root - INFO -   - Bandra: 4.30 km, weight: 0.1163
2025-03-28 15:46:01,816 - root - INFO -   - Vileparle: 5.34 km, weight: 0.0694
2025-03-28 15:46:01,816 - root - INFO -   - Vile Parle: 5.34 km, weight: 0.0694
2025-03-28 15:46:01,816 - root - INFO -   - Dadar: 6.50 km, weight: 0.0388
2025-03-28 15:46:01,816 - root - INFO -   - Powai: 6.57 km, weight: 0.0374
2025-03-28 15:46:01,816 - root - INFO -   - Andheri: 6.94 km, weight: 0.0312
2025-03-28 15:46:01,816 - root - INFO -   - Juhu: 7.15 km, weight: 0.0281
2025-03-28 15:46:01,816 - root - INFO -   - Worli: 8.80 km, weight: 0.0123
2025-03-28 15:46:01,816 - root - INFO - Initializing LSTM Predictor for Kurla
2025-03-28 15:46:01,816 - root - INFO - Sequence length: 24, Prediction horizon: 6
2025-03-28 15:46:01,817 - root - INFO - Loading cleaned data from spatial_cleaned_data\Kurla_spatial_weighted.csv
2025-03-28 15:46:01,829 - root - INFO - Using spatial data from nearby localities to fill any remaining missing values
2025-03-28 15:46:01,830 - root - INFO - No missing PM2.5 values found
2025-03-28 15:46:01,830 - root - INFO - Loaded cleaned data with shape: (5425, 4)
2025-03-28 15:46:01,830 - root - INFO - Features selected: ['PM10', 'RH', 'AT']
2025-03-28 15:46:01,830 - root - INFO - Train data shape: (4340, 4), Test data shape: (1085, 4)
2025-03-28 15:46:01,830 - root - INFO - Loading existing model for Kurla
2025-03-28 15:46:01,976 - root - INFO - Evaluating predictions for Kurla
2025-03-28 15:46:01,976 - root - INFO - Preparing sequences from data with shape: (1085, 4)
2025-03-28 15:46:01,985 - root - INFO - Creating 1056 sequences...
2025-03-28 15:46:01,987 - root - INFO - Sequence preparation completed. X shape: (1056, 24, 22), y shape: (1056, 6)
2025-03-28 15:46:01,987 - root - INFO - Sequence preparation took 0.01 seconds
2025-03-28 15:46:02,408 - root - ERROR - Error in evaluate_predictions: 'charmap' codec can't encode characters in position 21-40: character maps to <undefined>
2025-03-28 15:46:02,409 - root - ERROR - Traceback (most recent call last):
  File "C:\Users\Pranav\Desktop\IIT Kanpur\project\2022_SSDA_airquality\lstm_distance.py", line 644, in evaluate_predictions
    y_pred_scaled = self.model.predict(X)
                    ^^^^^^^^^^^^^^^^^^^^^
  File "C:\Users\Pranav\AppData\Roaming\Python\Python312\site-packages\keras\src\utils\traceback_utils.py", line 122, in error_handler
    raise e.with_traceback(filtered_tb) from None
  File "C:\Program Files\Python312\Lib\concurrent\futures\_base.py", line 461, in result
    self = None
    ^^^^
  File "C:\Program Files\Python312\Lib\concurrent\futures\_base.py", line 404, in __get_result
    self = None
    ^^^^
  File "C:\Program Files\Python312\Lib\concurrent\futures\thread.py", line 62, in run
    self = None
    ^^^^
  File "C:\Program Files\Python312\Lib\encodings\cp1252.py", line 19, in encode
    return codecs.charmap_encode(input,self.errors,encoding_table)[0]
           ^^^^^^^^^^^^^^^^^^^^^^^^^^^^^^^^^^^^^^^^^^^^^^^^^^^^^^^
UnicodeEncodeError: 'charmap' codec can't encode characters in position 21-40: character maps to <undefined>

2025-03-28 15:46:02,409 - root - ERROR - Error evaluating model for Kurla: 'charmap' codec can't encode characters in position 21-40: character maps to <undefined>
2025-03-28 15:46:02,410 - root - ERROR - Traceback (most recent call last):
  File "C:\Users\Pranav\Desktop\IIT Kanpur\project\2022_SSDA_airquality\evaluate_all_localities.py", line 147, in evaluate_locality
    results = predictor.evaluate_predictions(test_data)
              ^^^^^^^^^^^^^^^^^^^^^^^^^^^^^^^^^^^^^^^^^
  File "C:\Users\Pranav\Desktop\IIT Kanpur\project\2022_SSDA_airquality\lstm_distance.py", line 644, in evaluate_predictions
    y_pred_scaled = self.model.predict(X)
                    ^^^^^^^^^^^^^^^^^^^^^
  File "C:\Users\Pranav\AppData\Roaming\Python\Python312\site-packages\keras\src\utils\traceback_utils.py", line 122, in error_handler
    raise e.with_traceback(filtered_tb) from None
  File "C:\Program Files\Python312\Lib\concurrent\futures\_base.py", line 461, in result
    self = None
    ^^^^
  File "C:\Program Files\Python312\Lib\concurrent\futures\_base.py", line 404, in __get_result
    self = None
    ^^^^
  File "C:\Program Files\Python312\Lib\concurrent\futures\thread.py", line 62, in run
    self = None
    ^^^^
  File "C:\Program Files\Python312\Lib\encodings\cp1252.py", line 19, in encode
    return codecs.charmap_encode(input,self.errors,encoding_table)[0]
           ^^^^^^^^^^^^^^^^^^^^^^^^^^^^^^^^^^^^^^^^^^^^^^^^^^^^^^^
UnicodeEncodeError: 'charmap' codec can't encode characters in position 21-40: character maps to <undefined>

2025-03-28 15:46:02,411 - root - INFO - Evaluating locality: Mahape
2025-03-28 15:46:02,411 - root - INFO - Loaded coordinates for 26 localities
2025-03-28 15:46:02,415 - root - INFO - Found 3 nearby localities for Mahape
2025-03-28 15:46:02,415 - root - INFO -   - Nerul: 8.48 km, weight: 0.0144
2025-03-28 15:46:02,415 - root - INFO -   - Navi Mumbai: 9.11 km, weight: 0.0105
2025-03-28 15:46:02,416 - root - INFO -   - Mulund: 9.72 km, weight: 0.0078
2025-03-28 15:46:02,416 - root - INFO - Initializing LSTM Predictor for Mahape
2025-03-28 15:46:02,416 - root - INFO - Sequence length: 24, Prediction horizon: 6
2025-03-28 15:46:02,416 - root - INFO - Loading cleaned data from spatial_cleaned_data\Mahape_spatial_weighted.csv
2025-03-28 15:46:02,429 - root - INFO - Using spatial data from nearby localities to fill any remaining missing values
2025-03-28 15:46:02,430 - root - INFO - No missing PM2.5 values found
2025-03-28 15:46:02,430 - root - INFO - Loaded cleaned data with shape: (5320, 4)
2025-03-28 15:46:02,431 - root - INFO - Features selected: ['PM10', 'RH', 'AT']
2025-03-28 15:46:02,431 - root - INFO - Train data shape: (4256, 4), Test data shape: (1064, 4)
2025-03-28 15:46:02,431 - root - INFO - Loading existing model for Mahape
2025-03-28 15:46:02,847 - root - INFO - Evaluating predictions for Mahape
2025-03-28 15:46:02,848 - root - INFO - Preparing sequences from data with shape: (1064, 4)
2025-03-28 15:46:02,860 - root - INFO - Creating 1035 sequences...
2025-03-28 15:46:02,862 - root - INFO - Sequence preparation completed. X shape: (1035, 24, 22), y shape: (1035, 6)
2025-03-28 15:46:02,862 - root - INFO - Sequence preparation took 0.01 seconds
2025-03-28 15:46:03,272 - root - ERROR - Error in evaluate_predictions: 'charmap' codec can't encode characters in position 21-40: character maps to <undefined>
2025-03-28 15:46:03,273 - root - ERROR - Traceback (most recent call last):
  File "C:\Users\Pranav\Desktop\IIT Kanpur\project\2022_SSDA_airquality\lstm_distance.py", line 644, in evaluate_predictions
    y_pred_scaled = self.model.predict(X)
                    ^^^^^^^^^^^^^^^^^^^^^
  File "C:\Users\Pranav\AppData\Roaming\Python\Python312\site-packages\keras\src\utils\traceback_utils.py", line 122, in error_handler
    raise e.with_traceback(filtered_tb) from None
  File "C:\Program Files\Python312\Lib\concurrent\futures\_base.py", line 461, in result
    self = None
    ^^^^
  File "C:\Program Files\Python312\Lib\concurrent\futures\_base.py", line 404, in __get_result
    self = None
    ^^^^
  File "C:\Program Files\Python312\Lib\concurrent\futures\thread.py", line 62, in run
    self = None
    ^^^^
  File "C:\Program Files\Python312\Lib\encodings\cp1252.py", line 19, in encode
    return codecs.charmap_encode(input,self.errors,encoding_table)[0]
           ^^^^^^^^^^^^^^^^^^^^^^^^^^^^^^^^^^^^^^^^^^^^^^^^^^^^^^^
UnicodeEncodeError: 'charmap' codec can't encode characters in position 21-40: character maps to <undefined>

2025-03-28 15:46:03,274 - root - ERROR - Error evaluating model for Mahape: 'charmap' codec can't encode characters in position 21-40: character maps to <undefined>
2025-03-28 15:46:03,274 - root - ERROR - Traceback (most recent call last):
  File "C:\Users\Pranav\Desktop\IIT Kanpur\project\2022_SSDA_airquality\evaluate_all_localities.py", line 147, in evaluate_locality
    results = predictor.evaluate_predictions(test_data)
              ^^^^^^^^^^^^^^^^^^^^^^^^^^^^^^^^^^^^^^^^^
  File "C:\Users\Pranav\Desktop\IIT Kanpur\project\2022_SSDA_airquality\lstm_distance.py", line 644, in evaluate_predictions
    y_pred_scaled = self.model.predict(X)
                    ^^^^^^^^^^^^^^^^^^^^^
  File "C:\Users\Pranav\AppData\Roaming\Python\Python312\site-packages\keras\src\utils\traceback_utils.py", line 122, in error_handler
    raise e.with_traceback(filtered_tb) from None
  File "C:\Program Files\Python312\Lib\concurrent\futures\_base.py", line 461, in result
    self = None
    ^^^^
  File "C:\Program Files\Python312\Lib\concurrent\futures\_base.py", line 404, in __get_result
    self = None
    ^^^^
  File "C:\Program Files\Python312\Lib\concurrent\futures\thread.py", line 62, in run
    self = None
    ^^^^
  File "C:\Program Files\Python312\Lib\encodings\cp1252.py", line 19, in encode
    return codecs.charmap_encode(input,self.errors,encoding_table)[0]
           ^^^^^^^^^^^^^^^^^^^^^^^^^^^^^^^^^^^^^^^^^^^^^^^^^^^^^^^
UnicodeEncodeError: 'charmap' codec can't encode characters in position 21-40: character maps to <undefined>

2025-03-28 15:46:03,275 - root - INFO - Evaluating locality: Mulund
2025-03-28 15:46:03,275 - root - INFO - Loaded coordinates for 26 localities
2025-03-28 15:46:03,278 - root - INFO - Found 3 nearby localities for Mulund
2025-03-28 15:46:03,278 - root - INFO -   - Thane: 2.86 km, weight: 0.2397
2025-03-28 15:46:03,278 - root - INFO -   - Powai: 7.84 km, weight: 0.0198
2025-03-28 15:46:03,278 - root - INFO -   - Mahape: 9.72 km, weight: 0.0078
2025-03-28 15:46:03,278 - root - INFO - Initializing LSTM Predictor for Mulund
2025-03-28 15:46:03,278 - root - INFO - Sequence length: 24, Prediction horizon: 6
2025-03-28 15:46:03,279 - root - INFO - Loading cleaned data from spatial_cleaned_data\Mulund_spatial_weighted.csv
2025-03-28 15:46:03,289 - root - INFO - Using spatial data from nearby localities to fill any remaining missing values
2025-03-28 15:46:03,290 - root - INFO - No missing PM2.5 values found
2025-03-28 15:46:03,290 - root - INFO - Loaded cleaned data with shape: (5425, 4)
2025-03-28 15:46:03,290 - root - INFO - Features selected: ['PM10', 'RH', 'AT']
2025-03-28 15:46:03,291 - root - INFO - Train data shape: (4340, 4), Test data shape: (1085, 4)
2025-03-28 15:46:03,291 - root - INFO - Loading existing model for Mulund
2025-03-28 15:46:03,422 - root - INFO - Evaluating predictions for Mulund
2025-03-28 15:46:03,422 - root - INFO - Preparing sequences from data with shape: (1085, 4)
2025-03-28 15:46:03,437 - root - INFO - Creating 1056 sequences...
2025-03-28 15:46:03,440 - root - INFO - Sequence preparation completed. X shape: (1056, 24, 22), y shape: (1056, 6)
2025-03-28 15:46:03,440 - root - INFO - Sequence preparation took 0.02 seconds
2025-03-28 15:46:03,828 - root - ERROR - Error in evaluate_predictions: 'charmap' codec can't encode characters in position 21-40: character maps to <undefined>
2025-03-28 15:46:03,829 - root - ERROR - Traceback (most recent call last):
  File "C:\Users\Pranav\Desktop\IIT Kanpur\project\2022_SSDA_airquality\lstm_distance.py", line 644, in evaluate_predictions
    y_pred_scaled = self.model.predict(X)
                    ^^^^^^^^^^^^^^^^^^^^^
  File "C:\Users\Pranav\AppData\Roaming\Python\Python312\site-packages\keras\src\utils\traceback_utils.py", line 122, in error_handler
    raise e.with_traceback(filtered_tb) from None
  File "C:\Program Files\Python312\Lib\concurrent\futures\_base.py", line 461, in result
    self = None
    ^^^^
  File "C:\Program Files\Python312\Lib\concurrent\futures\_base.py", line 404, in __get_result
    self = None
    ^^^^
  File "C:\Program Files\Python312\Lib\concurrent\futures\thread.py", line 62, in run
    self = None
    ^^^^
  File "C:\Program Files\Python312\Lib\encodings\cp1252.py", line 19, in encode
    return codecs.charmap_encode(input,self.errors,encoding_table)[0]
           ^^^^^^^^^^^^^^^^^^^^^^^^^^^^^^^^^^^^^^^^^^^^^^^^^^^^^^^
UnicodeEncodeError: 'charmap' codec can't encode characters in position 21-40: character maps to <undefined>

2025-03-28 15:46:03,830 - root - ERROR - Error evaluating model for Mulund: 'charmap' codec can't encode characters in position 21-40: character maps to <undefined>
2025-03-28 15:46:03,830 - root - ERROR - Traceback (most recent call last):
  File "C:\Users\Pranav\Desktop\IIT Kanpur\project\2022_SSDA_airquality\evaluate_all_localities.py", line 147, in evaluate_locality
    results = predictor.evaluate_predictions(test_data)
              ^^^^^^^^^^^^^^^^^^^^^^^^^^^^^^^^^^^^^^^^^
  File "C:\Users\Pranav\Desktop\IIT Kanpur\project\2022_SSDA_airquality\lstm_distance.py", line 644, in evaluate_predictions
    y_pred_scaled = self.model.predict(X)
                    ^^^^^^^^^^^^^^^^^^^^^
  File "C:\Users\Pranav\AppData\Roaming\Python\Python312\site-packages\keras\src\utils\traceback_utils.py", line 122, in error_handler
    raise e.with_traceback(filtered_tb) from None
  File "C:\Program Files\Python312\Lib\concurrent\futures\_base.py", line 461, in result
    self = None
    ^^^^
  File "C:\Program Files\Python312\Lib\concurrent\futures\_base.py", line 404, in __get_result
    self = None
    ^^^^
  File "C:\Program Files\Python312\Lib\concurrent\futures\thread.py", line 62, in run
    self = None
    ^^^^
  File "C:\Program Files\Python312\Lib\encodings\cp1252.py", line 19, in encode
    return codecs.charmap_encode(input,self.errors,encoding_table)[0]
           ^^^^^^^^^^^^^^^^^^^^^^^^^^^^^^^^^^^^^^^^^^^^^^^^^^^^^^^
UnicodeEncodeError: 'charmap' codec can't encode characters in position 21-40: character maps to <undefined>

2025-03-28 15:46:03,831 - root - INFO - Evaluating locality: Nerul
2025-03-28 15:46:03,831 - root - INFO - Loaded coordinates for 26 localities
2025-03-28 15:46:03,835 - root - INFO - Found 2 nearby localities for Nerul
2025-03-28 15:46:03,835 - root - INFO -   - Navi Mumbai: 0.79 km, weight: 0.6747
2025-03-28 15:46:03,835 - root - INFO -   - Mahape: 8.48 km, weight: 0.0144
2025-03-28 15:46:03,835 - root - INFO - Initializing LSTM Predictor for Nerul
2025-03-28 15:46:03,835 - root - INFO - Sequence length: 24, Prediction horizon: 6
2025-03-28 15:46:03,836 - root - INFO - Loading cleaned data from spatial_cleaned_data\Nerul_spatial_weighted.csv
2025-03-28 15:46:03,846 - root - INFO - Using spatial data from nearby localities to fill any remaining missing values
2025-03-28 15:46:03,846 - root - INFO - No missing PM2.5 values found
2025-03-28 15:46:03,848 - root - INFO - Loaded cleaned data with shape: (5305, 4)
2025-03-28 15:46:03,848 - root - INFO - Features selected: ['PM10', 'RH', 'AT']
2025-03-28 15:46:03,848 - root - INFO - Train data shape: (4244, 4), Test data shape: (1061, 4)
2025-03-28 15:46:03,848 - root - INFO - Loading existing model for Nerul
2025-03-28 15:46:04,049 - root - INFO - Evaluating predictions for Nerul
2025-03-28 15:46:04,049 - root - INFO - Preparing sequences from data with shape: (1061, 4)
2025-03-28 15:46:04,063 - root - INFO - Creating 1032 sequences...
2025-03-28 15:46:04,066 - root - INFO - Sequence preparation completed. X shape: (1032, 24, 22), y shape: (1032, 6)
2025-03-28 15:46:04,066 - root - INFO - Sequence preparation took 0.02 seconds
2025-03-28 15:46:04,474 - root - ERROR - Error in evaluate_predictions: 'charmap' codec can't encode characters in position 21-40: character maps to <undefined>
2025-03-28 15:46:04,475 - root - ERROR - Traceback (most recent call last):
  File "C:\Users\Pranav\Desktop\IIT Kanpur\project\2022_SSDA_airquality\lstm_distance.py", line 644, in evaluate_predictions
    y_pred_scaled = self.model.predict(X)
                    ^^^^^^^^^^^^^^^^^^^^^
  File "C:\Users\Pranav\AppData\Roaming\Python\Python312\site-packages\keras\src\utils\traceback_utils.py", line 122, in error_handler
    raise e.with_traceback(filtered_tb) from None
  File "C:\Program Files\Python312\Lib\concurrent\futures\_base.py", line 461, in result
    self = None
    ^^^^
  File "C:\Program Files\Python312\Lib\concurrent\futures\_base.py", line 404, in __get_result
    self = None
    ^^^^
  File "C:\Program Files\Python312\Lib\concurrent\futures\thread.py", line 62, in run
    self = None
    ^^^^
  File "C:\Program Files\Python312\Lib\encodings\cp1252.py", line 19, in encode
    return codecs.charmap_encode(input,self.errors,encoding_table)[0]
           ^^^^^^^^^^^^^^^^^^^^^^^^^^^^^^^^^^^^^^^^^^^^^^^^^^^^^^^
UnicodeEncodeError: 'charmap' codec can't encode characters in position 21-40: character maps to <undefined>

2025-03-28 15:46:04,475 - root - ERROR - Error evaluating model for Nerul: 'charmap' codec can't encode characters in position 21-40: character maps to <undefined>
2025-03-28 15:46:04,475 - root - ERROR - Traceback (most recent call last):
  File "C:\Users\Pranav\Desktop\IIT Kanpur\project\2022_SSDA_airquality\evaluate_all_localities.py", line 147, in evaluate_locality
    results = predictor.evaluate_predictions(test_data)
              ^^^^^^^^^^^^^^^^^^^^^^^^^^^^^^^^^^^^^^^^^
  File "C:\Users\Pranav\Desktop\IIT Kanpur\project\2022_SSDA_airquality\lstm_distance.py", line 644, in evaluate_predictions
    y_pred_scaled = self.model.predict(X)
                    ^^^^^^^^^^^^^^^^^^^^^
  File "C:\Users\Pranav\AppData\Roaming\Python\Python312\site-packages\keras\src\utils\traceback_utils.py", line 122, in error_handler
    raise e.with_traceback(filtered_tb) from None
  File "C:\Program Files\Python312\Lib\concurrent\futures\_base.py", line 461, in result
    self = None
    ^^^^
  File "C:\Program Files\Python312\Lib\concurrent\futures\_base.py", line 404, in __get_result
    self = None
    ^^^^
  File "C:\Program Files\Python312\Lib\concurrent\futures\thread.py", line 62, in run
    self = None
    ^^^^
  File "C:\Program Files\Python312\Lib\encodings\cp1252.py", line 19, in encode
    return codecs.charmap_encode(input,self.errors,encoding_table)[0]
           ^^^^^^^^^^^^^^^^^^^^^^^^^^^^^^^^^^^^^^^^^^^^^^^^^^^^^^^
UnicodeEncodeError: 'charmap' codec can't encode characters in position 21-40: character maps to <undefined>

2025-03-28 15:46:04,477 - root - INFO - Evaluating locality: Powai
2025-03-28 15:46:04,477 - root - INFO - Loaded coordinates for 26 localities
2025-03-28 15:46:04,481 - root - INFO - Found 12 nearby localities for Powai
2025-03-28 15:46:04,481 - root - INFO -   - Airport: 5.45 km, weight: 0.0656
2025-03-28 15:46:04,481 - root - INFO -   - Andheri: 6.41 km, weight: 0.0405
2025-03-28 15:46:04,481 - root - INFO -   - Kurla: 6.57 km, weight: 0.0374
2025-03-28 15:46:04,481 - root - INFO -   - Vile Parle: 6.98 km, weight: 0.0305
2025-03-28 15:46:04,482 - root - INFO -   - Vileparle: 6.98 km, weight: 0.0304
2025-03-28 15:46:04,482 - root - INFO -   - Chembur: 7.14 km, weight: 0.0281
2025-03-28 15:46:04,482 - root - INFO -   - Mulund: 7.84 km, weight: 0.0198
2025-03-28 15:46:04,482 - root - INFO -   - Juhu: 8.50 km, weight: 0.0143
2025-03-28 15:46:04,482 - root - INFO -   - Sion: 9.24 km, weight: 0.0099
2025-03-28 15:46:04,482 - root - INFO -   - Dharavi: 9.69 km, weight: 0.0079
2025-03-28 15:46:04,482 - root - INFO -   - Malad: 9.74 km, weight: 0.0077
2025-03-28 15:46:04,483 - root - INFO -   - Bandra: 9.98 km, weight: 0.0068
2025-03-28 15:46:04,483 - root - INFO - Initializing LSTM Predictor for Powai
2025-03-28 15:46:04,483 - root - INFO - Sequence length: 24, Prediction horizon: 6
2025-03-28 15:46:04,484 - root - INFO - Loading cleaned data from spatial_cleaned_data\Powai_spatial_weighted.csv
2025-03-28 15:46:04,497 - root - INFO - Using spatial data from nearby localities to fill any remaining missing values
2025-03-28 15:46:04,498 - root - INFO - No missing PM2.5 values found
2025-03-28 15:46:04,499 - root - INFO - Loaded cleaned data with shape: (5425, 4)
2025-03-28 15:46:04,499 - root - INFO - Features selected: ['PM10', 'RH', 'AT']
2025-03-28 15:46:04,499 - root - INFO - Train data shape: (4340, 4), Test data shape: (1085, 4)
2025-03-28 15:46:04,499 - root - INFO - Loading existing model for Powai
2025-03-28 15:46:04,664 - root - INFO - Evaluating predictions for Powai
2025-03-28 15:46:04,665 - root - INFO - Preparing sequences from data with shape: (1085, 4)
2025-03-28 15:46:04,676 - root - INFO - Creating 1056 sequences...
2025-03-28 15:46:04,678 - root - INFO - Sequence preparation completed. X shape: (1056, 24, 22), y shape: (1056, 6)
2025-03-28 15:46:04,678 - root - INFO - Sequence preparation took 0.01 seconds
2025-03-28 15:46:05,083 - root - ERROR - Error in evaluate_predictions: 'charmap' codec can't encode characters in position 21-40: character maps to <undefined>
2025-03-28 15:46:05,084 - root - ERROR - Traceback (most recent call last):
  File "C:\Users\Pranav\Desktop\IIT Kanpur\project\2022_SSDA_airquality\lstm_distance.py", line 644, in evaluate_predictions
    y_pred_scaled = self.model.predict(X)
                    ^^^^^^^^^^^^^^^^^^^^^
  File "C:\Users\Pranav\AppData\Roaming\Python\Python312\site-packages\keras\src\utils\traceback_utils.py", line 122, in error_handler
    raise e.with_traceback(filtered_tb) from None
  File "C:\Program Files\Python312\Lib\concurrent\futures\_base.py", line 461, in result
    self = None
    ^^^^
  File "C:\Program Files\Python312\Lib\concurrent\futures\_base.py", line 404, in __get_result
    self = None
    ^^^^
  File "C:\Program Files\Python312\Lib\concurrent\futures\thread.py", line 62, in run
    self = None
    ^^^^
  File "C:\Program Files\Python312\Lib\encodings\cp1252.py", line 19, in encode
    return codecs.charmap_encode(input,self.errors,encoding_table)[0]
           ^^^^^^^^^^^^^^^^^^^^^^^^^^^^^^^^^^^^^^^^^^^^^^^^^^^^^^^
UnicodeEncodeError: 'charmap' codec can't encode characters in position 21-40: character maps to <undefined>

2025-03-28 15:46:05,084 - root - ERROR - Error evaluating model for Powai: 'charmap' codec can't encode characters in position 21-40: character maps to <undefined>
2025-03-28 15:46:05,085 - root - ERROR - Traceback (most recent call last):
  File "C:\Users\Pranav\Desktop\IIT Kanpur\project\2022_SSDA_airquality\evaluate_all_localities.py", line 147, in evaluate_locality
    results = predictor.evaluate_predictions(test_data)
              ^^^^^^^^^^^^^^^^^^^^^^^^^^^^^^^^^^^^^^^^^
  File "C:\Users\Pranav\Desktop\IIT Kanpur\project\2022_SSDA_airquality\lstm_distance.py", line 644, in evaluate_predictions
    y_pred_scaled = self.model.predict(X)
                    ^^^^^^^^^^^^^^^^^^^^^
  File "C:\Users\Pranav\AppData\Roaming\Python\Python312\site-packages\keras\src\utils\traceback_utils.py", line 122, in error_handler
    raise e.with_traceback(filtered_tb) from None
  File "C:\Program Files\Python312\Lib\concurrent\futures\_base.py", line 461, in result
    self = None
    ^^^^
  File "C:\Program Files\Python312\Lib\concurrent\futures\_base.py", line 404, in __get_result
    self = None
    ^^^^
  File "C:\Program Files\Python312\Lib\concurrent\futures\thread.py", line 62, in run
    self = None
    ^^^^
  File "C:\Program Files\Python312\Lib\encodings\cp1252.py", line 19, in encode
    return codecs.charmap_encode(input,self.errors,encoding_table)[0]
           ^^^^^^^^^^^^^^^^^^^^^^^^^^^^^^^^^^^^^^^^^^^^^^^^^^^^^^^
UnicodeEncodeError: 'charmap' codec can't encode characters in position 21-40: character maps to <undefined>

2025-03-28 15:46:05,086 - root - INFO - Evaluating locality: Sion
2025-03-28 15:46:05,086 - root - INFO - Loaded coordinates for 26 localities
2025-03-28 15:46:05,089 - root - INFO - Found 12 nearby localities for Sion
2025-03-28 15:46:05,089 - root - INFO -   - Dharavi: 0.54 km, weight: 0.7628
2025-03-28 15:46:05,089 - root - INFO -   - Bandra: 2.60 km, weight: 0.2723
2025-03-28 15:46:05,089 - root - INFO -   - Kurla: 2.71 km, weight: 0.2574
2025-03-28 15:46:05,089 - root - INFO -   - Chembur: 3.76 km, weight: 0.1522
2025-03-28 15:46:05,089 - root - INFO -   - Dadar: 3.79 km, weight: 0.1501
2025-03-28 15:46:05,089 - root - INFO -   - Airport: 4.77 km, weight: 0.0919
2025-03-28 15:46:05,089 - root - INFO -   - Worli: 6.12 km, weight: 0.0468
2025-03-28 15:46:05,089 - root - INFO -   - Vileparle: 6.25 km, weight: 0.0440
2025-03-28 15:46:05,089 - root - INFO -   - Vile Parle: 6.25 km, weight: 0.0440
2025-03-28 15:46:05,089 - root - INFO -   - Juhu: 7.68 km, weight: 0.0215
2025-03-28 15:46:05,089 - root - INFO -   - Andheri: 8.29 km, weight: 0.0158
2025-03-28 15:46:05,089 - root - INFO -   - Powai: 9.24 km, weight: 0.0099
2025-03-28 15:46:05,089 - root - INFO - Initializing LSTM Predictor for Sion
2025-03-28 15:46:05,090 - root - INFO - Sequence length: 24, Prediction horizon: 6
2025-03-28 15:46:05,090 - root - INFO - Loading cleaned data from spatial_cleaned_data\Sion_spatial_weighted.csv
2025-03-28 15:46:05,100 - root - INFO - Using spatial data from nearby localities to fill any remaining missing values
2025-03-28 15:46:05,101 - root - INFO - No missing PM2.5 values found
2025-03-28 15:46:05,102 - root - INFO - Loaded cleaned data with shape: (5305, 4)
2025-03-28 15:46:05,102 - root - INFO - Features selected: ['PM10', 'RH', 'AT']
2025-03-28 15:46:05,102 - root - INFO - Train data shape: (4244, 4), Test data shape: (1061, 4)
2025-03-28 15:46:05,102 - root - INFO - Loading existing model for Sion
2025-03-28 15:46:05,264 - root - INFO - Evaluating predictions for Sion
2025-03-28 15:46:05,265 - root - INFO - Preparing sequences from data with shape: (1061, 4)
2025-03-28 15:46:05,276 - root - INFO - Creating 1032 sequences...
2025-03-28 15:46:05,278 - root - INFO - Sequence preparation completed. X shape: (1032, 24, 22), y shape: (1032, 6)
2025-03-28 15:46:05,278 - root - INFO - Sequence preparation took 0.01 seconds
2025-03-28 15:46:05,684 - root - ERROR - Error in evaluate_predictions: 'charmap' codec can't encode characters in position 21-40: character maps to <undefined>
2025-03-28 15:46:05,684 - root - ERROR - Traceback (most recent call last):
  File "C:\Users\Pranav\Desktop\IIT Kanpur\project\2022_SSDA_airquality\lstm_distance.py", line 644, in evaluate_predictions
    y_pred_scaled = self.model.predict(X)
                    ^^^^^^^^^^^^^^^^^^^^^
  File "C:\Users\Pranav\AppData\Roaming\Python\Python312\site-packages\keras\src\utils\traceback_utils.py", line 122, in error_handler
    raise e.with_traceback(filtered_tb) from None
  File "C:\Program Files\Python312\Lib\concurrent\futures\_base.py", line 461, in result
    self = None
    ^^^^
  File "C:\Program Files\Python312\Lib\concurrent\futures\_base.py", line 404, in __get_result
    self = None
    ^^^^
  File "C:\Program Files\Python312\Lib\concurrent\futures\thread.py", line 62, in run
    self = None
    ^^^^
  File "C:\Program Files\Python312\Lib\encodings\cp1252.py", line 19, in encode
    return codecs.charmap_encode(input,self.errors,encoding_table)[0]
           ^^^^^^^^^^^^^^^^^^^^^^^^^^^^^^^^^^^^^^^^^^^^^^^^^^^^^^^
UnicodeEncodeError: 'charmap' codec can't encode characters in position 21-40: character maps to <undefined>

2025-03-28 15:46:05,684 - root - ERROR - Error evaluating model for Sion: 'charmap' codec can't encode characters in position 21-40: character maps to <undefined>
2025-03-28 15:46:05,686 - root - ERROR - Traceback (most recent call last):
  File "C:\Users\Pranav\Desktop\IIT Kanpur\project\2022_SSDA_airquality\evaluate_all_localities.py", line 147, in evaluate_locality
    results = predictor.evaluate_predictions(test_data)
              ^^^^^^^^^^^^^^^^^^^^^^^^^^^^^^^^^^^^^^^^^
  File "C:\Users\Pranav\Desktop\IIT Kanpur\project\2022_SSDA_airquality\lstm_distance.py", line 644, in evaluate_predictions
    y_pred_scaled = self.model.predict(X)
                    ^^^^^^^^^^^^^^^^^^^^^
  File "C:\Users\Pranav\AppData\Roaming\Python\Python312\site-packages\keras\src\utils\traceback_utils.py", line 122, in error_handler
    raise e.with_traceback(filtered_tb) from None
  File "C:\Program Files\Python312\Lib\concurrent\futures\_base.py", line 461, in result
    self = None
    ^^^^
  File "C:\Program Files\Python312\Lib\concurrent\futures\_base.py", line 404, in __get_result
    self = None
    ^^^^
  File "C:\Program Files\Python312\Lib\concurrent\futures\thread.py", line 62, in run
    self = None
    ^^^^
  File "C:\Program Files\Python312\Lib\encodings\cp1252.py", line 19, in encode
    return codecs.charmap_encode(input,self.errors,encoding_table)[0]
           ^^^^^^^^^^^^^^^^^^^^^^^^^^^^^^^^^^^^^^^^^^^^^^^^^^^^^^^
UnicodeEncodeError: 'charmap' codec can't encode characters in position 21-40: character maps to <undefined>

2025-03-28 15:46:05,687 - root - INFO - Evaluating locality: Vasai
2025-03-28 15:46:05,687 - root - INFO - Loaded coordinates for 26 localities
2025-03-28 15:46:05,690 - root - INFO - Found 0 nearby localities for Vasai
2025-03-28 15:46:05,690 - root - INFO - Initializing LSTM Predictor for Vasai
2025-03-28 15:46:05,690 - root - INFO - Sequence length: 24, Prediction horizon: 6
2025-03-28 15:46:05,691 - root - INFO - Loading cleaned data from spatial_cleaned_data\Vasai_spatial_weighted.csv
2025-03-28 15:46:05,699 - root - WARNING - Data still contains NaN values. Filling with forward and backward fill.
2025-03-28 15:46:05,699 - root - INFO - Loaded cleaned data with shape: (5425, 4)
2025-03-28 15:46:05,700 - root - INFO - Features selected: ['PM10', 'RH', 'AT']
2025-03-28 15:46:05,700 - root - INFO - Train data shape: (4340, 4), Test data shape: (1085, 4)
2025-03-28 15:46:05,700 - root - INFO - Loading existing model for Vasai
2025-03-28 15:46:05,838 - root - INFO - Evaluating predictions for Vasai
2025-03-28 15:46:05,838 - root - INFO - Preparing sequences from data with shape: (1085, 4)
2025-03-28 15:46:05,849 - root - INFO - Creating 1056 sequences...
2025-03-28 15:46:05,851 - root - INFO - Sequence preparation completed. X shape: (1056, 24, 22), y shape: (1056, 6)
2025-03-28 15:46:05,852 - root - INFO - Sequence preparation took 0.01 seconds
2025-03-28 15:46:06,279 - root - ERROR - Error in evaluate_predictions: 'charmap' codec can't encode characters in position 21-40: character maps to <undefined>
2025-03-28 15:46:06,279 - root - ERROR - Traceback (most recent call last):
  File "C:\Users\Pranav\Desktop\IIT Kanpur\project\2022_SSDA_airquality\lstm_distance.py", line 644, in evaluate_predictions
    y_pred_scaled = self.model.predict(X)
                    ^^^^^^^^^^^^^^^^^^^^^
  File "C:\Users\Pranav\AppData\Roaming\Python\Python312\site-packages\keras\src\utils\traceback_utils.py", line 122, in error_handler
    raise e.with_traceback(filtered_tb) from None
  File "C:\Program Files\Python312\Lib\concurrent\futures\_base.py", line 461, in result
    self = None
    ^^^^
  File "C:\Program Files\Python312\Lib\concurrent\futures\_base.py", line 404, in __get_result
    self = None
    ^^^^
  File "C:\Program Files\Python312\Lib\concurrent\futures\thread.py", line 62, in run
    self = None
    ^^^^
  File "C:\Program Files\Python312\Lib\encodings\cp1252.py", line 19, in encode
    return codecs.charmap_encode(input,self.errors,encoding_table)[0]
           ^^^^^^^^^^^^^^^^^^^^^^^^^^^^^^^^^^^^^^^^^^^^^^^^^^^^^^^
UnicodeEncodeError: 'charmap' codec can't encode characters in position 21-40: character maps to <undefined>

2025-03-28 15:46:06,280 - root - ERROR - Error evaluating model for Vasai: 'charmap' codec can't encode characters in position 21-40: character maps to <undefined>
2025-03-28 15:46:06,280 - root - ERROR - Traceback (most recent call last):
  File "C:\Users\Pranav\Desktop\IIT Kanpur\project\2022_SSDA_airquality\evaluate_all_localities.py", line 147, in evaluate_locality
    results = predictor.evaluate_predictions(test_data)
              ^^^^^^^^^^^^^^^^^^^^^^^^^^^^^^^^^^^^^^^^^
  File "C:\Users\Pranav\Desktop\IIT Kanpur\project\2022_SSDA_airquality\lstm_distance.py", line 644, in evaluate_predictions
    y_pred_scaled = self.model.predict(X)
                    ^^^^^^^^^^^^^^^^^^^^^
  File "C:\Users\Pranav\AppData\Roaming\Python\Python312\site-packages\keras\src\utils\traceback_utils.py", line 122, in error_handler
    raise e.with_traceback(filtered_tb) from None
  File "C:\Program Files\Python312\Lib\concurrent\futures\_base.py", line 461, in result
    self = None
    ^^^^
  File "C:\Program Files\Python312\Lib\concurrent\futures\_base.py", line 404, in __get_result
    self = None
    ^^^^
  File "C:\Program Files\Python312\Lib\concurrent\futures\thread.py", line 62, in run
    self = None
    ^^^^
  File "C:\Program Files\Python312\Lib\encodings\cp1252.py", line 19, in encode
    return codecs.charmap_encode(input,self.errors,encoding_table)[0]
           ^^^^^^^^^^^^^^^^^^^^^^^^^^^^^^^^^^^^^^^^^^^^^^^^^^^^^^^
UnicodeEncodeError: 'charmap' codec can't encode characters in position 21-40: character maps to <undefined>

2025-03-28 15:46:06,281 - root - INFO - Evaluating locality: Vileparle
2025-03-28 15:46:06,288 - root - INFO - Loaded coordinates for 26 localities
2025-03-28 15:46:06,292 - root - INFO - Found 12 nearby localities for Vileparle
2025-03-28 15:46:06,292 - root - INFO -   - Vile Parle: 0.00 km, weight: 0.9994
2025-03-28 15:46:06,292 - root - INFO -   - Juhu: 1.90 km, weight: 0.3859
2025-03-28 15:46:06,292 - root - INFO -   - Andheri: 2.21 km, weight: 0.3318
2025-03-28 15:46:06,292 - root - INFO -   - Airport: 2.54 km, weight: 0.2804
2025-03-28 15:46:06,292 - root - INFO -   - Bandra: 4.99 km, weight: 0.0826
2025-03-28 15:46:06,292 - root - INFO -   - Kurla: 5.34 km, weight: 0.0694
2025-03-28 15:46:06,292 - root - INFO -   - Sion: 6.25 km, weight: 0.0440
2025-03-28 15:46:06,292 - root - INFO -   - Dharavi: 6.33 km, weight: 0.0423
2025-03-28 15:46:06,292 - root - INFO -   - Powai: 6.98 km, weight: 0.0304
2025-03-28 15:46:06,292 - root - INFO -   - Chembur: 7.56 km, weight: 0.0228
2025-03-28 15:46:06,293 - root - INFO -   - Dadar: 9.10 km, weight: 0.0106
2025-03-28 15:46:06,293 - root - INFO -   - Malad: 9.62 km, weight: 0.0081
2025-03-28 15:46:06,293 - root - INFO - Initializing LSTM Predictor for Vileparle
2025-03-28 15:46:06,293 - root - INFO - Sequence length: 24, Prediction horizon: 6
2025-03-28 15:46:06,293 - root - INFO - Loading cleaned data from spatial_cleaned_data\Vileparle_spatial_weighted.csv
2025-03-28 15:46:06,304 - root - INFO - Using spatial data from nearby localities to fill any remaining missing values
2025-03-28 15:46:06,304 - root - INFO - No missing PM2.5 values found
2025-03-28 15:46:06,305 - root - INFO - Loaded cleaned data with shape: (5305, 4)
2025-03-28 15:46:06,305 - root - INFO - Features selected: ['PM10', 'RH', 'AT']
2025-03-28 15:46:06,305 - root - INFO - Train data shape: (4244, 4), Test data shape: (1061, 4)
2025-03-28 15:46:06,305 - root - INFO - Loading existing model for Vileparle
2025-03-28 15:46:06,432 - root - INFO - Evaluating predictions for Vileparle
2025-03-28 15:46:06,432 - root - INFO - Preparing sequences from data with shape: (1061, 4)
2025-03-28 15:46:06,442 - root - INFO - Creating 1032 sequences...
2025-03-28 15:46:06,444 - root - INFO - Sequence preparation completed. X shape: (1032, 24, 22), y shape: (1032, 6)
2025-03-28 15:46:06,444 - root - INFO - Sequence preparation took 0.01 seconds
2025-03-28 15:46:06,850 - root - ERROR - Error in evaluate_predictions: 'charmap' codec can't encode characters in position 21-40: character maps to <undefined>
2025-03-28 15:46:06,851 - root - ERROR - Traceback (most recent call last):
  File "C:\Users\Pranav\Desktop\IIT Kanpur\project\2022_SSDA_airquality\lstm_distance.py", line 644, in evaluate_predictions
    y_pred_scaled = self.model.predict(X)
                    ^^^^^^^^^^^^^^^^^^^^^
  File "C:\Users\Pranav\AppData\Roaming\Python\Python312\site-packages\keras\src\utils\traceback_utils.py", line 122, in error_handler
    raise e.with_traceback(filtered_tb) from None
  File "C:\Program Files\Python312\Lib\concurrent\futures\_base.py", line 461, in result
    self = None
    ^^^^
  File "C:\Program Files\Python312\Lib\concurrent\futures\_base.py", line 404, in __get_result
    self = None
    ^^^^
  File "C:\Program Files\Python312\Lib\concurrent\futures\thread.py", line 62, in run
    self = None
    ^^^^
  File "C:\Program Files\Python312\Lib\encodings\cp1252.py", line 19, in encode
    return codecs.charmap_encode(input,self.errors,encoding_table)[0]
           ^^^^^^^^^^^^^^^^^^^^^^^^^^^^^^^^^^^^^^^^^^^^^^^^^^^^^^^
UnicodeEncodeError: 'charmap' codec can't encode characters in position 21-40: character maps to <undefined>

2025-03-28 15:46:06,852 - root - ERROR - Error evaluating model for Vileparle: 'charmap' codec can't encode characters in position 21-40: character maps to <undefined>
2025-03-28 15:46:06,852 - root - ERROR - Traceback (most recent call last):
  File "C:\Users\Pranav\Desktop\IIT Kanpur\project\2022_SSDA_airquality\evaluate_all_localities.py", line 147, in evaluate_locality
    results = predictor.evaluate_predictions(test_data)
              ^^^^^^^^^^^^^^^^^^^^^^^^^^^^^^^^^^^^^^^^^
  File "C:\Users\Pranav\Desktop\IIT Kanpur\project\2022_SSDA_airquality\lstm_distance.py", line 644, in evaluate_predictions
    y_pred_scaled = self.model.predict(X)
                    ^^^^^^^^^^^^^^^^^^^^^
  File "C:\Users\Pranav\AppData\Roaming\Python\Python312\site-packages\keras\src\utils\traceback_utils.py", line 122, in error_handler
    raise e.with_traceback(filtered_tb) from None
  File "C:\Program Files\Python312\Lib\concurrent\futures\_base.py", line 461, in result
    self = None
    ^^^^
  File "C:\Program Files\Python312\Lib\concurrent\futures\_base.py", line 404, in __get_result
    self = None
    ^^^^
  File "C:\Program Files\Python312\Lib\concurrent\futures\thread.py", line 62, in run
    self = None
    ^^^^
  File "C:\Program Files\Python312\Lib\encodings\cp1252.py", line 19, in encode
    return codecs.charmap_encode(input,self.errors,encoding_table)[0]
           ^^^^^^^^^^^^^^^^^^^^^^^^^^^^^^^^^^^^^^^^^^^^^^^^^^^^^^^
UnicodeEncodeError: 'charmap' codec can't encode characters in position 21-40: character maps to <undefined>

2025-03-28 15:46:06,853 - root - INFO - Evaluating locality: Worli
2025-03-28 15:46:06,854 - root - INFO - Loaded coordinates for 26 localities
2025-03-28 15:46:06,858 - root - INFO - Found 8 nearby localities for Worli
2025-03-28 15:46:06,858 - root - INFO -   - Dadar: 2.79 km, weight: 0.2484
2025-03-28 15:46:06,858 - root - INFO -   - Bandra: 5.33 km, weight: 0.0697
2025-03-28 15:46:06,858 - root - INFO -   - Dharavi: 5.60 km, weight: 0.0608
2025-03-28 15:46:06,858 - root - INFO -   - Malabar Hill: 6.12 km, weight: 0.0468
2025-03-28 15:46:06,858 - root - INFO -   - Sion: 6.12 km, weight: 0.0468
2025-03-28 15:46:06,858 - root - INFO -   - Kurla: 8.80 km, weight: 0.0123
2025-03-28 15:46:06,858 - root - INFO -   - Chembur: 9.67 km, weight: 0.0079
2025-03-28 15:46:06,858 - root - INFO -   - Airport: 9.97 km, weight: 0.0068
2025-03-28 15:46:06,858 - root - INFO - Initializing LSTM Predictor for Worli
2025-03-28 15:46:06,858 - root - INFO - Sequence length: 24, Prediction horizon: 6
2025-03-28 15:46:06,859 - root - INFO - Loading cleaned data from spatial_cleaned_data\Worli_spatial_weighted.csv
2025-03-28 15:46:06,870 - root - INFO - Using spatial data from nearby localities to fill any remaining missing values
2025-03-28 15:46:06,871 - root - INFO - No missing PM2.5 values found
2025-03-28 15:46:06,871 - root - INFO - Loaded cleaned data with shape: (5425, 4)
2025-03-28 15:46:06,871 - root - INFO - Features selected: ['PM10', 'RH', 'AT']
2025-03-28 15:46:06,871 - root - INFO - Train data shape: (4340, 4), Test data shape: (1085, 4)
2025-03-28 15:46:06,871 - root - INFO - Loading existing model for Worli
2025-03-28 15:46:07,030 - root - INFO - Evaluating predictions for Worli
2025-03-28 15:46:07,031 - root - INFO - Preparing sequences from data with shape: (1085, 4)
2025-03-28 15:46:07,043 - root - INFO - Creating 1056 sequences...
2025-03-28 15:46:07,045 - root - INFO - Sequence preparation completed. X shape: (1056, 24, 22), y shape: (1056, 6)
2025-03-28 15:46:07,046 - root - INFO - Sequence preparation took 0.01 seconds
2025-03-28 15:46:07,540 - root - ERROR - Error in evaluate_predictions: 'charmap' codec can't encode characters in position 21-40: character maps to <undefined>
2025-03-28 15:46:07,541 - root - ERROR - Traceback (most recent call last):
  File "C:\Users\Pranav\Desktop\IIT Kanpur\project\2022_SSDA_airquality\lstm_distance.py", line 644, in evaluate_predictions
    y_pred_scaled = self.model.predict(X)
                    ^^^^^^^^^^^^^^^^^^^^^
  File "C:\Users\Pranav\AppData\Roaming\Python\Python312\site-packages\keras\src\utils\traceback_utils.py", line 122, in error_handler
    raise e.with_traceback(filtered_tb) from None
  File "C:\Program Files\Python312\Lib\concurrent\futures\_base.py", line 461, in result
    self = None
    ^^^^
  File "C:\Program Files\Python312\Lib\concurrent\futures\_base.py", line 404, in __get_result
    self = None
    ^^^^
  File "C:\Program Files\Python312\Lib\concurrent\futures\thread.py", line 62, in run
    self = None
    ^^^^
  File "C:\Program Files\Python312\Lib\encodings\cp1252.py", line 19, in encode
    return codecs.charmap_encode(input,self.errors,encoding_table)[0]
           ^^^^^^^^^^^^^^^^^^^^^^^^^^^^^^^^^^^^^^^^^^^^^^^^^^^^^^^
UnicodeEncodeError: 'charmap' codec can't encode characters in position 21-40: character maps to <undefined>

2025-03-28 15:46:07,541 - root - ERROR - Error evaluating model for Worli: 'charmap' codec can't encode characters in position 21-40: character maps to <undefined>
2025-03-28 15:46:07,541 - root - ERROR - Traceback (most recent call last):
  File "C:\Users\Pranav\Desktop\IIT Kanpur\project\2022_SSDA_airquality\evaluate_all_localities.py", line 147, in evaluate_locality
    results = predictor.evaluate_predictions(test_data)
              ^^^^^^^^^^^^^^^^^^^^^^^^^^^^^^^^^^^^^^^^^
  File "C:\Users\Pranav\Desktop\IIT Kanpur\project\2022_SSDA_airquality\lstm_distance.py", line 644, in evaluate_predictions
    y_pred_scaled = self.model.predict(X)
                    ^^^^^^^^^^^^^^^^^^^^^
  File "C:\Users\Pranav\AppData\Roaming\Python\Python312\site-packages\keras\src\utils\traceback_utils.py", line 122, in error_handler
    raise e.with_traceback(filtered_tb) from None
  File "C:\Program Files\Python312\Lib\concurrent\futures\_base.py", line 461, in result
    self = None
    ^^^^
  File "C:\Program Files\Python312\Lib\concurrent\futures\_base.py", line 404, in __get_result
    self = None
    ^^^^
  File "C:\Program Files\Python312\Lib\concurrent\futures\thread.py", line 62, in run
    self = None
    ^^^^
  File "C:\Program Files\Python312\Lib\encodings\cp1252.py", line 19, in encode
    return codecs.charmap_encode(input,self.errors,encoding_table)[0]
           ^^^^^^^^^^^^^^^^^^^^^^^^^^^^^^^^^^^^^^^^^^^^^^^^^^^^^^^
UnicodeEncodeError: 'charmap' codec can't encode characters in position 21-40: character maps to <undefined>

2025-03-28 15:46:07,545 - root - INFO - 
Results (sorted by RMSE):
2025-03-28 15:46:07,545 - root - INFO - +------------+-------+--------+-------+---------------------------------------------------------------------------------------------------------+
2025-03-28 15:46:07,545 - root - INFO - | Locality   | MAE   | RMSE   | MSE   | Status                                                                                                  |
2025-03-28 15:46:07,545 - root - INFO - +============+=======+========+=======+=========================================================================================================+
2025-03-28 15:46:07,545 - root - INFO - | Airport    | N/A   | N/A    | N/A   | Evaluation error: 'charmap' codec can't encode characters in position 21-40: character maps to <unde... |
2025-03-28 15:46:07,545 - root - INFO - +------------+-------+--------+-------+---------------------------------------------------------------------------------------------------------+
2025-03-28 15:46:07,545 - root - INFO - | Bandra     | N/A   | N/A    | N/A   | Evaluation error: 'charmap' codec can't encode characters in position 21-40: character maps to <unde... |
2025-03-28 15:46:07,545 - root - INFO - +------------+-------+--------+-------+---------------------------------------------------------------------------------------------------------+
2025-03-28 15:46:07,545 - root - INFO - | Borivali   | N/A   | N/A    | N/A   | Evaluation error: 'charmap' codec can't encode characters in position 21-40: character maps to <unde... |
2025-03-28 15:46:07,546 - root - INFO - +------------+-------+--------+-------+---------------------------------------------------------------------------------------------------------+
2025-03-28 15:46:07,546 - root - INFO - | Colaba     | N/A   | N/A    | N/A   | Evaluation error: 'charmap' codec can't encode characters in position 21-40: character maps to <unde... |
2025-03-28 15:46:07,546 - root - INFO - +------------+-------+--------+-------+---------------------------------------------------------------------------------------------------------+
2025-03-28 15:46:07,546 - root - INFO - | Kalyan     | N/A   | N/A    | N/A   | Evaluation error: 'charmap' codec can't encode characters in position 21-40: character maps to <unde... |
2025-03-28 15:46:07,546 - root - INFO - +------------+-------+--------+-------+---------------------------------------------------------------------------------------------------------+
2025-03-28 15:46:07,546 - root - INFO - | Kandivali  | N/A   | N/A    | N/A   | Evaluation error: 'charmap' codec can't encode characters in position 21-40: character maps to <unde... |
2025-03-28 15:46:07,558 - root - INFO - +------------+-------+--------+-------+---------------------------------------------------------------------------------------------------------+
2025-03-28 15:46:07,558 - root - INFO - | Kurla      | N/A   | N/A    | N/A   | Evaluation error: 'charmap' codec can't encode characters in position 21-40: character maps to <unde... |
2025-03-28 15:46:07,558 - root - INFO - +------------+-------+--------+-------+---------------------------------------------------------------------------------------------------------+
2025-03-28 15:46:07,558 - root - INFO - | Mahape     | N/A   | N/A    | N/A   | Evaluation error: 'charmap' codec can't encode characters in position 21-40: character maps to <unde... |
2025-03-28 15:46:07,558 - root - INFO - +------------+-------+--------+-------+---------------------------------------------------------------------------------------------------------+
2025-03-28 15:46:07,558 - root - INFO - | Mulund     | N/A   | N/A    | N/A   | Evaluation error: 'charmap' codec can't encode characters in position 21-40: character maps to <unde... |
2025-03-28 15:46:07,558 - root - INFO - +------------+-------+--------+-------+---------------------------------------------------------------------------------------------------------+
2025-03-28 15:46:07,558 - root - INFO - | Nerul      | N/A   | N/A    | N/A   | Evaluation error: 'charmap' codec can't encode characters in position 21-40: character maps to <unde... |
2025-03-28 15:46:07,558 - root - INFO - +------------+-------+--------+-------+---------------------------------------------------------------------------------------------------------+
2025-03-28 15:46:07,558 - root - INFO - | Powai      | N/A   | N/A    | N/A   | Evaluation error: 'charmap' codec can't encode characters in position 21-40: character maps to <unde... |
2025-03-28 15:46:07,558 - root - INFO - +------------+-------+--------+-------+---------------------------------------------------------------------------------------------------------+
2025-03-28 15:46:07,558 - root - INFO - | Sion       | N/A   | N/A    | N/A   | Evaluation error: 'charmap' codec can't encode characters in position 21-40: character maps to <unde... |
2025-03-28 15:46:07,559 - root - INFO - +------------+-------+--------+-------+---------------------------------------------------------------------------------------------------------+
2025-03-28 15:46:07,559 - root - INFO - | Vasai      | N/A   | N/A    | N/A   | Evaluation error: 'charmap' codec can't encode characters in position 21-40: character maps to <unde... |
2025-03-28 15:46:07,559 - root - INFO - +------------+-------+--------+-------+---------------------------------------------------------------------------------------------------------+
2025-03-28 15:46:07,559 - root - INFO - | Vileparle  | N/A   | N/A    | N/A   | Evaluation error: 'charmap' codec can't encode characters in position 21-40: character maps to <unde... |
2025-03-28 15:46:07,559 - root - INFO - +------------+-------+--------+-------+---------------------------------------------------------------------------------------------------------+
2025-03-28 15:46:07,559 - root - INFO - | Worli      | N/A   | N/A    | N/A   | Evaluation error: 'charmap' codec can't encode characters in position 21-40: character maps to <unde... |
2025-03-28 15:46:07,559 - root - INFO - +------------+-------+--------+-------+---------------------------------------------------------------------------------------------------------+
2025-03-28 15:46:07,559 - root - ERROR - Error generating results table: __main__.custom_print() got multiple values for keyword argument 'file'
2025-03-28 15:46:07,560 - root - INFO - Evaluation complete
2025-03-28 15:49:38,666 - root - INFO - Evaluating 15 localities: Airport, Bandra, Borivali, Colaba, Kalyan, Kandivali, Kurla, Mahape, Mulund, Nerul, Powai, Sion, Vasai, Vileparle, Worli
2025-03-28 15:49:38,666 - root - INFO - Using sequence_length=24, prediction_horizon=6
2025-03-28 15:49:38,668 - root - INFO - Evaluating locality: Airport
2025-03-28 15:49:38,668 - root - INFO - Loaded coordinates for 26 localities
2025-03-28 15:49:38,670 - root - INFO - Found 12 nearby localities for Airport
2025-03-28 15:49:38,670 - root - INFO -   - Vileparle: 2.54 km, weight: 0.2804
2025-03-28 15:49:38,670 - root - INFO -   - Vile Parle: 2.54 km, weight: 0.2804
2025-03-28 15:49:38,670 - root - INFO -   - Kurla: 3.04 km, weight: 0.2185
2025-03-28 15:49:38,670 - root - INFO -   - Andheri: 3.90 km, weight: 0.1426
2025-03-28 15:49:38,670 - root - INFO -   - Juhu: 4.45 km, weight: 0.1083
2025-03-28 15:49:38,671 - root - INFO -   - Bandra: 4.67 km, weight: 0.0967
2025-03-28 15:49:38,671 - root - INFO -   - Sion: 4.77 km, weight: 0.0919
2025-03-28 15:49:38,671 - root - INFO -   - Dharavi: 5.05 km, weight: 0.0801
2025-03-28 15:49:38,671 - root - INFO -   - Chembur: 5.14 km, weight: 0.0765
2025-03-28 15:49:38,671 - root - INFO -   - Powai: 5.45 km, weight: 0.0656
2025-03-28 15:49:38,671 - root - INFO -   - Dadar: 8.28 km, weight: 0.0159
2025-03-28 15:49:38,671 - root - INFO -   - Worli: 9.97 km, weight: 0.0068
2025-03-28 15:49:38,671 - root - INFO - Initializing LSTM Predictor for Airport
2025-03-28 15:49:38,671 - root - INFO - Sequence length: 24, Prediction horizon: 6
2025-03-28 15:49:38,671 - root - INFO - Loading cleaned data from spatial_cleaned_data\Airport_spatial_weighted.csv
2025-03-28 15:49:38,686 - root - INFO - Using spatial data from nearby localities to fill any remaining missing values
2025-03-28 15:49:38,686 - root - INFO - No missing PM2.5 values found
2025-03-28 15:49:38,687 - root - INFO - Loaded cleaned data with shape: (5305, 4)
2025-03-28 15:49:38,687 - root - INFO - Features selected: ['PM10', 'RH', 'AT']
2025-03-28 15:49:38,687 - root - INFO - Train data shape: (4244, 4), Test data shape: (1061, 4)
2025-03-28 15:49:38,687 - root - INFO - Loading existing model for Airport
2025-03-28 15:49:38,914 - root - INFO - Evaluating predictions for Airport
2025-03-28 15:49:38,914 - root - INFO - Preparing sequences from data with shape: (1061, 4)
2025-03-28 15:49:38,926 - root - INFO - Creating 1032 sequences...
2025-03-28 15:49:38,931 - root - INFO - Sequence preparation completed. X shape: (1032, 24, 22), y shape: (1032, 6)
2025-03-28 15:49:38,931 - root - INFO - Sequence preparation took 0.02 seconds
2025-03-28 15:49:39,442 - root - ERROR - Error in evaluate_predictions: 'charmap' codec can't encode characters in position 21-40: character maps to <undefined>
2025-03-28 15:49:39,445 - root - ERROR - Traceback (most recent call last):
  File "C:\Users\Pranav\Desktop\IIT Kanpur\project\2022_SSDA_airquality\lstm_distance.py", line 644, in evaluate_predictions
    y_pred_scaled = self.model.predict(X)
                    ^^^^^^^^^^^^^^^^^^^^^
  File "C:\Users\Pranav\AppData\Roaming\Python\Python312\site-packages\keras\src\utils\traceback_utils.py", line 122, in error_handler
    raise e.with_traceback(filtered_tb) from None
  File "C:\Program Files\Python312\Lib\concurrent\futures\_base.py", line 461, in result
    self = None
    ^^^^
  File "C:\Program Files\Python312\Lib\concurrent\futures\_base.py", line 404, in __get_result
    self = None
    ^^^^
  File "C:\Program Files\Python312\Lib\concurrent\futures\thread.py", line 62, in run
    self = None
    ^^^^
  File "C:\Program Files\Python312\Lib\encodings\cp1252.py", line 19, in encode
    return codecs.charmap_encode(input,self.errors,encoding_table)[0]
           ^^^^^^^^^^^^^^^^^^^^^^^^^^^^^^^^^^^^^^^^^^^^^^^^^^^^^^^
UnicodeEncodeError: 'charmap' codec can't encode characters in position 21-40: character maps to <undefined>

2025-03-28 15:49:39,445 - root - ERROR - Error evaluating model for Airport: 'charmap' codec can't encode characters in position 21-40: character maps to <undefined>
2025-03-28 15:49:39,446 - root - ERROR - Traceback (most recent call last):
  File "C:\Users\Pranav\Desktop\IIT Kanpur\project\2022_SSDA_airquality\evaluate_all_localities.py", line 147, in evaluate_locality
    results = predictor.evaluate_predictions(test_data)
              ^^^^^^^^^^^^^^^^^^^^^^^^^^^^^^^^^^^^^^^^^
  File "C:\Users\Pranav\Desktop\IIT Kanpur\project\2022_SSDA_airquality\lstm_distance.py", line 644, in evaluate_predictions
    y_pred_scaled = self.model.predict(X)
                    ^^^^^^^^^^^^^^^^^^^^^
  File "C:\Users\Pranav\AppData\Roaming\Python\Python312\site-packages\keras\src\utils\traceback_utils.py", line 122, in error_handler
    raise e.with_traceback(filtered_tb) from None
  File "C:\Program Files\Python312\Lib\concurrent\futures\_base.py", line 461, in result
    self = None
    ^^^^
  File "C:\Program Files\Python312\Lib\concurrent\futures\_base.py", line 404, in __get_result
    self = None
    ^^^^
  File "C:\Program Files\Python312\Lib\concurrent\futures\thread.py", line 62, in run
    self = None
    ^^^^
  File "C:\Program Files\Python312\Lib\encodings\cp1252.py", line 19, in encode
    return codecs.charmap_encode(input,self.errors,encoding_table)[0]
           ^^^^^^^^^^^^^^^^^^^^^^^^^^^^^^^^^^^^^^^^^^^^^^^^^^^^^^^
UnicodeEncodeError: 'charmap' codec can't encode characters in position 21-40: character maps to <undefined>

2025-03-28 15:49:39,447 - root - INFO - Evaluating locality: Bandra
2025-03-28 15:49:39,448 - root - INFO - Loaded coordinates for 26 localities
2025-03-28 15:49:39,452 - root - INFO - Found 12 nearby localities for Bandra
2025-03-28 15:49:39,452 - root - INFO -   - Dharavi: 2.26 km, weight: 0.3231
2025-03-28 15:49:39,452 - root - INFO -   - Sion: 2.60 km, weight: 0.2723
2025-03-28 15:49:39,453 - root - INFO -   - Dadar: 4.14 km, weight: 0.1262
2025-03-28 15:49:39,453 - root - INFO -   - Kurla: 4.30 km, weight: 0.1163
2025-03-28 15:49:39,453 - root - INFO -   - Airport: 4.67 km, weight: 0.0967
2025-03-28 15:49:39,453 - root - INFO -   - Vileparle: 4.99 km, weight: 0.0826
2025-03-28 15:49:39,453 - root - INFO -   - Vile Parle: 4.99 km, weight: 0.0825
2025-03-28 15:49:39,453 - root - INFO -   - Worli: 5.33 km, weight: 0.0697
2025-03-28 15:49:39,453 - root - INFO -   - Juhu: 5.91 km, weight: 0.0520
2025-03-28 15:49:39,454 - root - INFO -   - Chembur: 6.08 km, weight: 0.0479
2025-03-28 15:49:39,454 - root - INFO -   - Andheri: 7.19 km, weight: 0.0274
2025-03-28 15:49:39,454 - root - INFO -   - Powai: 9.98 km, weight: 0.0068
2025-03-28 15:49:39,454 - root - INFO - Initializing LSTM Predictor for Bandra
2025-03-28 15:49:39,454 - root - INFO - Sequence length: 24, Prediction horizon: 6
2025-03-28 15:49:39,455 - root - INFO - Loading cleaned data from spatial_cleaned_data\Bandra_spatial_weighted.csv
2025-03-28 15:49:39,469 - root - INFO - Using spatial data from nearby localities to fill any remaining missing values
2025-03-28 15:49:39,469 - root - INFO - No missing PM2.5 values found
2025-03-28 15:49:39,470 - root - INFO - Loaded cleaned data with shape: (5441, 4)
2025-03-28 15:49:39,470 - root - INFO - Features selected: ['PM10', 'RH', 'AT']
2025-03-28 15:49:39,470 - root - INFO - Train data shape: (4352, 4), Test data shape: (1089, 4)
2025-03-28 15:49:39,470 - root - INFO - Loading existing model for Bandra
2025-03-28 15:49:39,650 - root - INFO - Evaluating predictions for Bandra
2025-03-28 15:49:39,651 - root - INFO - Preparing sequences from data with shape: (1089, 4)
2025-03-28 15:49:39,666 - root - INFO - Creating 1060 sequences...
2025-03-28 15:49:39,668 - root - INFO - Sequence preparation completed. X shape: (1060, 24, 22), y shape: (1060, 6)
2025-03-28 15:49:39,668 - root - INFO - Sequence preparation took 0.02 seconds
2025-03-28 15:49:40,023 - root - ERROR - Error in evaluate_predictions: 'charmap' codec can't encode characters in position 21-40: character maps to <undefined>
2025-03-28 15:49:40,024 - root - ERROR - Traceback (most recent call last):
  File "C:\Users\Pranav\Desktop\IIT Kanpur\project\2022_SSDA_airquality\lstm_distance.py", line 644, in evaluate_predictions
    y_pred_scaled = self.model.predict(X)
                    ^^^^^^^^^^^^^^^^^^^^^
  File "C:\Users\Pranav\AppData\Roaming\Python\Python312\site-packages\keras\src\utils\traceback_utils.py", line 122, in error_handler
    raise e.with_traceback(filtered_tb) from None
  File "C:\Program Files\Python312\Lib\concurrent\futures\_base.py", line 461, in result
    self = None
    ^^^^
  File "C:\Program Files\Python312\Lib\concurrent\futures\_base.py", line 404, in __get_result
    self = None
    ^^^^
  File "C:\Program Files\Python312\Lib\concurrent\futures\thread.py", line 62, in run
    self = None
    ^^^^
  File "C:\Program Files\Python312\Lib\encodings\cp1252.py", line 19, in encode
    return codecs.charmap_encode(input,self.errors,encoding_table)[0]
           ^^^^^^^^^^^^^^^^^^^^^^^^^^^^^^^^^^^^^^^^^^^^^^^^^^^^^^^
UnicodeEncodeError: 'charmap' codec can't encode characters in position 21-40: character maps to <undefined>

2025-03-28 15:49:40,024 - root - ERROR - Error evaluating model for Bandra: 'charmap' codec can't encode characters in position 21-40: character maps to <undefined>
2025-03-28 15:49:40,024 - root - ERROR - Traceback (most recent call last):
  File "C:\Users\Pranav\Desktop\IIT Kanpur\project\2022_SSDA_airquality\evaluate_all_localities.py", line 147, in evaluate_locality
    results = predictor.evaluate_predictions(test_data)
              ^^^^^^^^^^^^^^^^^^^^^^^^^^^^^^^^^^^^^^^^^
  File "C:\Users\Pranav\Desktop\IIT Kanpur\project\2022_SSDA_airquality\lstm_distance.py", line 644, in evaluate_predictions
    y_pred_scaled = self.model.predict(X)
                    ^^^^^^^^^^^^^^^^^^^^^
  File "C:\Users\Pranav\AppData\Roaming\Python\Python312\site-packages\keras\src\utils\traceback_utils.py", line 122, in error_handler
    raise e.with_traceback(filtered_tb) from None
  File "C:\Program Files\Python312\Lib\concurrent\futures\_base.py", line 461, in result
    self = None
    ^^^^
  File "C:\Program Files\Python312\Lib\concurrent\futures\_base.py", line 404, in __get_result
    self = None
    ^^^^
  File "C:\Program Files\Python312\Lib\concurrent\futures\thread.py", line 62, in run
    self = None
    ^^^^
  File "C:\Program Files\Python312\Lib\encodings\cp1252.py", line 19, in encode
    return codecs.charmap_encode(input,self.errors,encoding_table)[0]
           ^^^^^^^^^^^^^^^^^^^^^^^^^^^^^^^^^^^^^^^^^^^^^^^^^^^^^^^
UnicodeEncodeError: 'charmap' codec can't encode characters in position 21-40: character maps to <undefined>

2025-03-28 15:49:40,025 - root - INFO - Evaluating locality: Borivali
2025-03-28 15:49:40,026 - root - INFO - Loaded coordinates for 26 localities
2025-03-28 15:49:40,028 - root - INFO - Found 2 nearby localities for Borivali
2025-03-28 15:49:40,028 - root - INFO -   - Kandivali: 3.02 km, weight: 0.2211
2025-03-28 15:49:40,028 - root - INFO -   - Malad: 4.78 km, weight: 0.0917
2025-03-28 15:49:40,028 - root - INFO - Initializing LSTM Predictor for Borivali
2025-03-28 15:49:40,028 - root - INFO - Sequence length: 24, Prediction horizon: 6
2025-03-28 15:49:40,028 - root - INFO - Loading cleaned data from spatial_cleaned_data\Borivali_spatial_weighted.csv
2025-03-28 15:49:40,037 - root - INFO - Using spatial data from nearby localities to fill any remaining missing values
2025-03-28 15:49:40,038 - root - INFO - No missing PM2.5 values found
2025-03-28 15:49:40,038 - root - INFO - Loaded cleaned data with shape: (5425, 4)
2025-03-28 15:49:40,038 - root - INFO - Features selected: ['PM10', 'RH', 'AT']
2025-03-28 15:49:40,038 - root - INFO - Train data shape: (4340, 4), Test data shape: (1085, 4)
2025-03-28 15:49:40,038 - root - INFO - Loading existing model for Borivali
2025-03-28 15:49:40,211 - root - INFO - Evaluating predictions for Borivali
2025-03-28 15:49:40,211 - root - INFO - Preparing sequences from data with shape: (1085, 4)
2025-03-28 15:49:40,221 - root - INFO - Creating 1056 sequences...
2025-03-28 15:49:40,223 - root - INFO - Sequence preparation completed. X shape: (1056, 24, 22), y shape: (1056, 6)
2025-03-28 15:49:40,223 - root - INFO - Sequence preparation took 0.01 seconds
2025-03-28 15:49:40,607 - root - ERROR - Error in evaluate_predictions: 'charmap' codec can't encode characters in position 21-40: character maps to <undefined>
2025-03-28 15:49:40,607 - root - ERROR - Traceback (most recent call last):
  File "C:\Users\Pranav\Desktop\IIT Kanpur\project\2022_SSDA_airquality\lstm_distance.py", line 644, in evaluate_predictions
    y_pred_scaled = self.model.predict(X)
                    ^^^^^^^^^^^^^^^^^^^^^
  File "C:\Users\Pranav\AppData\Roaming\Python\Python312\site-packages\keras\src\utils\traceback_utils.py", line 122, in error_handler
    raise e.with_traceback(filtered_tb) from None
  File "C:\Program Files\Python312\Lib\concurrent\futures\_base.py", line 461, in result
    self = None
    ^^^^
  File "C:\Program Files\Python312\Lib\concurrent\futures\_base.py", line 404, in __get_result
    self = None
    ^^^^
  File "C:\Program Files\Python312\Lib\concurrent\futures\thread.py", line 62, in run
    self = None
    ^^^^
  File "C:\Program Files\Python312\Lib\encodings\cp1252.py", line 19, in encode
    return codecs.charmap_encode(input,self.errors,encoding_table)[0]
           ^^^^^^^^^^^^^^^^^^^^^^^^^^^^^^^^^^^^^^^^^^^^^^^^^^^^^^^
UnicodeEncodeError: 'charmap' codec can't encode characters in position 21-40: character maps to <undefined>

2025-03-28 15:49:40,608 - root - ERROR - Error evaluating model for Borivali: 'charmap' codec can't encode characters in position 21-40: character maps to <undefined>
2025-03-28 15:49:40,608 - root - ERROR - Traceback (most recent call last):
  File "C:\Users\Pranav\Desktop\IIT Kanpur\project\2022_SSDA_airquality\evaluate_all_localities.py", line 147, in evaluate_locality
    results = predictor.evaluate_predictions(test_data)
              ^^^^^^^^^^^^^^^^^^^^^^^^^^^^^^^^^^^^^^^^^
  File "C:\Users\Pranav\Desktop\IIT Kanpur\project\2022_SSDA_airquality\lstm_distance.py", line 644, in evaluate_predictions
    y_pred_scaled = self.model.predict(X)
                    ^^^^^^^^^^^^^^^^^^^^^
  File "C:\Users\Pranav\AppData\Roaming\Python\Python312\site-packages\keras\src\utils\traceback_utils.py", line 122, in error_handler
    raise e.with_traceback(filtered_tb) from None
  File "C:\Program Files\Python312\Lib\concurrent\futures\_base.py", line 461, in result
    self = None
    ^^^^
  File "C:\Program Files\Python312\Lib\concurrent\futures\_base.py", line 404, in __get_result
    self = None
    ^^^^
  File "C:\Program Files\Python312\Lib\concurrent\futures\thread.py", line 62, in run
    self = None
    ^^^^
  File "C:\Program Files\Python312\Lib\encodings\cp1252.py", line 19, in encode
    return codecs.charmap_encode(input,self.errors,encoding_table)[0]
           ^^^^^^^^^^^^^^^^^^^^^^^^^^^^^^^^^^^^^^^^^^^^^^^^^^^^^^^
UnicodeEncodeError: 'charmap' codec can't encode characters in position 21-40: character maps to <undefined>

2025-03-28 15:49:40,609 - root - INFO - Evaluating locality: Colaba
2025-03-28 15:49:40,609 - root - INFO - Loaded coordinates for 26 localities
2025-03-28 15:49:40,613 - root - INFO - Found 1 nearby localities for Colaba
2025-03-28 15:49:40,613 - root - INFO -   - Malabar Hill: 5.33 km, weight: 0.0696
2025-03-28 15:49:40,613 - root - INFO - Initializing LSTM Predictor for Colaba
2025-03-28 15:49:40,613 - root - INFO - Sequence length: 24, Prediction horizon: 6
2025-03-28 15:49:40,613 - root - INFO - Loading cleaned data from spatial_cleaned_data\Colaba_spatial_weighted.csv
2025-03-28 15:49:40,624 - root - INFO - Using spatial data from nearby localities to fill any remaining missing values
2025-03-28 15:49:40,625 - root - INFO - No missing PM2.5 values found
2025-03-28 15:49:40,625 - root - INFO - Loaded cleaned data with shape: (4801, 4)
2025-03-28 15:49:40,625 - root - INFO - Features selected: ['PM10', 'RH', 'AT']
2025-03-28 15:49:40,626 - root - INFO - Train data shape: (3840, 4), Test data shape: (961, 4)
2025-03-28 15:49:40,626 - root - INFO - Loading existing model for Colaba
2025-03-28 15:49:40,810 - root - INFO - Evaluating predictions for Colaba
2025-03-28 15:49:40,810 - root - INFO - Preparing sequences from data with shape: (961, 4)
2025-03-28 15:49:40,821 - root - INFO - Creating 932 sequences...
2025-03-28 15:49:40,822 - root - INFO - Sequence preparation completed. X shape: (932, 24, 22), y shape: (932, 6)
2025-03-28 15:49:40,822 - root - INFO - Sequence preparation took 0.01 seconds
2025-03-28 15:49:41,155 - root - ERROR - Error in evaluate_predictions: 'charmap' codec can't encode characters in position 21-40: character maps to <undefined>
2025-03-28 15:49:41,155 - root - ERROR - Traceback (most recent call last):
  File "C:\Users\Pranav\Desktop\IIT Kanpur\project\2022_SSDA_airquality\lstm_distance.py", line 644, in evaluate_predictions
    y_pred_scaled = self.model.predict(X)
                    ^^^^^^^^^^^^^^^^^^^^^
  File "C:\Users\Pranav\AppData\Roaming\Python\Python312\site-packages\keras\src\utils\traceback_utils.py", line 122, in error_handler
    raise e.with_traceback(filtered_tb) from None
  File "C:\Program Files\Python312\Lib\concurrent\futures\_base.py", line 461, in result
    self = None
    ^^^^
  File "C:\Program Files\Python312\Lib\concurrent\futures\_base.py", line 404, in __get_result
    self = None
    ^^^^
  File "C:\Program Files\Python312\Lib\concurrent\futures\thread.py", line 62, in run
    self = None
    ^^^^
  File "C:\Program Files\Python312\Lib\encodings\cp1252.py", line 19, in encode
    return codecs.charmap_encode(input,self.errors,encoding_table)[0]
           ^^^^^^^^^^^^^^^^^^^^^^^^^^^^^^^^^^^^^^^^^^^^^^^^^^^^^^^
UnicodeEncodeError: 'charmap' codec can't encode characters in position 21-40: character maps to <undefined>

2025-03-28 15:49:41,156 - root - ERROR - Error evaluating model for Colaba: 'charmap' codec can't encode characters in position 21-40: character maps to <undefined>
2025-03-28 15:49:41,156 - root - ERROR - Traceback (most recent call last):
  File "C:\Users\Pranav\Desktop\IIT Kanpur\project\2022_SSDA_airquality\evaluate_all_localities.py", line 147, in evaluate_locality
    results = predictor.evaluate_predictions(test_data)
              ^^^^^^^^^^^^^^^^^^^^^^^^^^^^^^^^^^^^^^^^^
  File "C:\Users\Pranav\Desktop\IIT Kanpur\project\2022_SSDA_airquality\lstm_distance.py", line 644, in evaluate_predictions
    y_pred_scaled = self.model.predict(X)
                    ^^^^^^^^^^^^^^^^^^^^^
  File "C:\Users\Pranav\AppData\Roaming\Python\Python312\site-packages\keras\src\utils\traceback_utils.py", line 122, in error_handler
    raise e.with_traceback(filtered_tb) from None
  File "C:\Program Files\Python312\Lib\concurrent\futures\_base.py", line 461, in result
    self = None
    ^^^^
  File "C:\Program Files\Python312\Lib\concurrent\futures\_base.py", line 404, in __get_result
    self = None
    ^^^^
  File "C:\Program Files\Python312\Lib\concurrent\futures\thread.py", line 62, in run
    self = None
    ^^^^
  File "C:\Program Files\Python312\Lib\encodings\cp1252.py", line 19, in encode
    return codecs.charmap_encode(input,self.errors,encoding_table)[0]
           ^^^^^^^^^^^^^^^^^^^^^^^^^^^^^^^^^^^^^^^^^^^^^^^^^^^^^^^
UnicodeEncodeError: 'charmap' codec can't encode characters in position 21-40: character maps to <undefined>

2025-03-28 15:49:41,157 - root - INFO - Evaluating locality: Kalyan
2025-03-28 15:49:41,157 - root - INFO - Loaded coordinates for 26 localities
2025-03-28 15:49:41,160 - root - INFO - Found 0 nearby localities for Kalyan
2025-03-28 15:49:41,160 - root - INFO - Initializing LSTM Predictor for Kalyan
2025-03-28 15:49:41,160 - root - INFO - Sequence length: 24, Prediction horizon: 6
2025-03-28 15:49:41,161 - root - INFO - Loading cleaned data from spatial_cleaned_data\Kalyan_spatial_weighted.csv
2025-03-28 15:49:41,171 - root - WARNING - Data still contains NaN values. Filling with forward and backward fill.
2025-03-28 15:49:41,171 - root - INFO - Loaded cleaned data with shape: (5442, 4)
2025-03-28 15:49:41,172 - root - INFO - Features selected: ['PM10', 'RH', 'AT']
2025-03-28 15:49:41,172 - root - INFO - Train data shape: (4353, 4), Test data shape: (1089, 4)
2025-03-28 15:49:41,172 - root - INFO - Loading existing model for Kalyan
2025-03-28 15:49:41,342 - root - INFO - Evaluating predictions for Kalyan
2025-03-28 15:49:41,343 - root - INFO - Preparing sequences from data with shape: (1089, 4)
2025-03-28 15:49:41,354 - root - INFO - Creating 1060 sequences...
2025-03-28 15:49:41,356 - root - INFO - Sequence preparation completed. X shape: (1060, 24, 22), y shape: (1060, 6)
2025-03-28 15:49:41,356 - root - INFO - Sequence preparation took 0.01 seconds
2025-03-28 15:49:41,678 - tensorflow - WARNING - 5 out of the last 9 calls to <function TensorFlowTrainer.make_predict_function.<locals>.one_step_on_data_distributed at 0x0000027902179B20> triggered tf.function retracing. Tracing is expensive and the excessive number of tracings could be due to (1) creating @tf.function repeatedly in a loop, (2) passing tensors with different shapes, (3) passing Python objects instead of tensors. For (1), please define your @tf.function outside of the loop. For (2), @tf.function has reduce_retracing=True option that can avoid unnecessary retracing. For (3), please refer to https://www.tensorflow.org/guide/function#controlling_retracing and https://www.tensorflow.org/api_docs/python/tf/function for  more details.
2025-03-28 15:49:41,686 - root - ERROR - Error in evaluate_predictions: 'charmap' codec can't encode characters in position 21-40: character maps to <undefined>
2025-03-28 15:49:41,687 - root - ERROR - Traceback (most recent call last):
  File "C:\Users\Pranav\Desktop\IIT Kanpur\project\2022_SSDA_airquality\lstm_distance.py", line 644, in evaluate_predictions
    y_pred_scaled = self.model.predict(X)
                    ^^^^^^^^^^^^^^^^^^^^^
  File "C:\Users\Pranav\AppData\Roaming\Python\Python312\site-packages\keras\src\utils\traceback_utils.py", line 122, in error_handler
    raise e.with_traceback(filtered_tb) from None
  File "C:\Program Files\Python312\Lib\concurrent\futures\_base.py", line 461, in result
    self = None
    ^^^^
  File "C:\Program Files\Python312\Lib\concurrent\futures\_base.py", line 404, in __get_result
    self = None
    ^^^^
  File "C:\Program Files\Python312\Lib\concurrent\futures\thread.py", line 62, in run
    self = None
    ^^^^
  File "C:\Program Files\Python312\Lib\encodings\cp1252.py", line 19, in encode
    return codecs.charmap_encode(input,self.errors,encoding_table)[0]
           ^^^^^^^^^^^^^^^^^^^^^^^^^^^^^^^^^^^^^^^^^^^^^^^^^^^^^^^
UnicodeEncodeError: 'charmap' codec can't encode characters in position 21-40: character maps to <undefined>

2025-03-28 15:49:41,687 - root - ERROR - Error evaluating model for Kalyan: 'charmap' codec can't encode characters in position 21-40: character maps to <undefined>
2025-03-28 15:49:41,688 - root - ERROR - Traceback (most recent call last):
  File "C:\Users\Pranav\Desktop\IIT Kanpur\project\2022_SSDA_airquality\evaluate_all_localities.py", line 147, in evaluate_locality
    results = predictor.evaluate_predictions(test_data)
              ^^^^^^^^^^^^^^^^^^^^^^^^^^^^^^^^^^^^^^^^^
  File "C:\Users\Pranav\Desktop\IIT Kanpur\project\2022_SSDA_airquality\lstm_distance.py", line 644, in evaluate_predictions
    y_pred_scaled = self.model.predict(X)
                    ^^^^^^^^^^^^^^^^^^^^^
  File "C:\Users\Pranav\AppData\Roaming\Python\Python312\site-packages\keras\src\utils\traceback_utils.py", line 122, in error_handler
    raise e.with_traceback(filtered_tb) from None
  File "C:\Program Files\Python312\Lib\concurrent\futures\_base.py", line 461, in result
    self = None
    ^^^^
  File "C:\Program Files\Python312\Lib\concurrent\futures\_base.py", line 404, in __get_result
    self = None
    ^^^^
  File "C:\Program Files\Python312\Lib\concurrent\futures\thread.py", line 62, in run
    self = None
    ^^^^
  File "C:\Program Files\Python312\Lib\encodings\cp1252.py", line 19, in encode
    return codecs.charmap_encode(input,self.errors,encoding_table)[0]
           ^^^^^^^^^^^^^^^^^^^^^^^^^^^^^^^^^^^^^^^^^^^^^^^^^^^^^^^
UnicodeEncodeError: 'charmap' codec can't encode characters in position 21-40: character maps to <undefined>

2025-03-28 15:49:41,688 - root - INFO - Evaluating locality: Kandivali
2025-03-28 15:49:41,689 - root - INFO - Loaded coordinates for 26 localities
2025-03-28 15:49:41,692 - root - INFO - Found 3 nearby localities for Kandivali
2025-03-28 15:49:41,692 - root - INFO -   - Malad: 1.76 km, weight: 0.4149
2025-03-28 15:49:41,692 - root - INFO -   - Borivali: 3.02 km, weight: 0.2211
2025-03-28 15:49:41,692 - root - INFO -   - Andheri: 9.16 km, weight: 0.0102
2025-03-28 15:49:41,692 - root - INFO - Initializing LSTM Predictor for Kandivali
2025-03-28 15:49:41,692 - root - INFO - Sequence length: 24, Prediction horizon: 6
2025-03-28 15:49:41,693 - root - INFO - Loading cleaned data from spatial_cleaned_data\Kandivali_spatial_weighted.csv
2025-03-28 15:49:41,703 - root - INFO - Using spatial data from nearby localities to fill any remaining missing values
2025-03-28 15:49:41,703 - root - INFO - No missing PM2.5 values found
2025-03-28 15:49:41,704 - root - INFO - Loaded cleaned data with shape: (4801, 4)
2025-03-28 15:49:41,704 - root - INFO - Features selected: ['PM10', 'RH', 'AT']
2025-03-28 15:49:41,704 - root - INFO - Train data shape: (3840, 4), Test data shape: (961, 4)
2025-03-28 15:49:41,704 - root - INFO - Loading existing model for Kandivali
2025-03-28 15:49:41,873 - root - INFO - Evaluating predictions for Kandivali
2025-03-28 15:49:41,873 - root - INFO - Preparing sequences from data with shape: (961, 4)
2025-03-28 15:49:41,883 - root - INFO - Creating 932 sequences...
2025-03-28 15:49:41,886 - root - INFO - Sequence preparation completed. X shape: (932, 24, 22), y shape: (932, 6)
2025-03-28 15:49:41,886 - root - INFO - Sequence preparation took 0.01 seconds
2025-03-28 15:49:42,214 - tensorflow - WARNING - 6 out of the last 11 calls to <function TensorFlowTrainer.make_predict_function.<locals>.one_step_on_data_distributed at 0x00000279039DB420> triggered tf.function retracing. Tracing is expensive and the excessive number of tracings could be due to (1) creating @tf.function repeatedly in a loop, (2) passing tensors with different shapes, (3) passing Python objects instead of tensors. For (1), please define your @tf.function outside of the loop. For (2), @tf.function has reduce_retracing=True option that can avoid unnecessary retracing. For (3), please refer to https://www.tensorflow.org/guide/function#controlling_retracing and https://www.tensorflow.org/api_docs/python/tf/function for  more details.
2025-03-28 15:49:42,224 - root - ERROR - Error in evaluate_predictions: 'charmap' codec can't encode characters in position 21-40: character maps to <undefined>
2025-03-28 15:49:42,224 - root - ERROR - Traceback (most recent call last):
  File "C:\Users\Pranav\Desktop\IIT Kanpur\project\2022_SSDA_airquality\lstm_distance.py", line 644, in evaluate_predictions
    y_pred_scaled = self.model.predict(X)
                    ^^^^^^^^^^^^^^^^^^^^^
  File "C:\Users\Pranav\AppData\Roaming\Python\Python312\site-packages\keras\src\utils\traceback_utils.py", line 122, in error_handler
    raise e.with_traceback(filtered_tb) from None
  File "C:\Program Files\Python312\Lib\concurrent\futures\_base.py", line 461, in result
    self = None
    ^^^^
  File "C:\Program Files\Python312\Lib\concurrent\futures\_base.py", line 404, in __get_result
    self = None
    ^^^^
  File "C:\Program Files\Python312\Lib\concurrent\futures\thread.py", line 62, in run
    self = None
    ^^^^
  File "C:\Program Files\Python312\Lib\encodings\cp1252.py", line 19, in encode
    return codecs.charmap_encode(input,self.errors,encoding_table)[0]
           ^^^^^^^^^^^^^^^^^^^^^^^^^^^^^^^^^^^^^^^^^^^^^^^^^^^^^^^
UnicodeEncodeError: 'charmap' codec can't encode characters in position 21-40: character maps to <undefined>

2025-03-28 15:49:42,224 - root - ERROR - Error evaluating model for Kandivali: 'charmap' codec can't encode characters in position 21-40: character maps to <undefined>
2025-03-28 15:49:42,225 - root - ERROR - Traceback (most recent call last):
  File "C:\Users\Pranav\Desktop\IIT Kanpur\project\2022_SSDA_airquality\evaluate_all_localities.py", line 147, in evaluate_locality
    results = predictor.evaluate_predictions(test_data)
              ^^^^^^^^^^^^^^^^^^^^^^^^^^^^^^^^^^^^^^^^^
  File "C:\Users\Pranav\Desktop\IIT Kanpur\project\2022_SSDA_airquality\lstm_distance.py", line 644, in evaluate_predictions
    y_pred_scaled = self.model.predict(X)
                    ^^^^^^^^^^^^^^^^^^^^^
  File "C:\Users\Pranav\AppData\Roaming\Python\Python312\site-packages\keras\src\utils\traceback_utils.py", line 122, in error_handler
    raise e.with_traceback(filtered_tb) from None
  File "C:\Program Files\Python312\Lib\concurrent\futures\_base.py", line 461, in result
    self = None
    ^^^^
  File "C:\Program Files\Python312\Lib\concurrent\futures\_base.py", line 404, in __get_result
    self = None
    ^^^^
  File "C:\Program Files\Python312\Lib\concurrent\futures\thread.py", line 62, in run
    self = None
    ^^^^
  File "C:\Program Files\Python312\Lib\encodings\cp1252.py", line 19, in encode
    return codecs.charmap_encode(input,self.errors,encoding_table)[0]
           ^^^^^^^^^^^^^^^^^^^^^^^^^^^^^^^^^^^^^^^^^^^^^^^^^^^^^^^
UnicodeEncodeError: 'charmap' codec can't encode characters in position 21-40: character maps to <undefined>

2025-03-28 15:49:42,226 - root - INFO - Evaluating locality: Kurla
2025-03-28 15:49:42,226 - root - INFO - Loaded coordinates for 26 localities
2025-03-28 15:49:42,229 - root - INFO - Found 12 nearby localities for Kurla
2025-03-28 15:49:42,229 - root - INFO -   - Chembur: 2.27 km, weight: 0.3211
2025-03-28 15:49:42,229 - root - INFO -   - Sion: 2.71 km, weight: 0.2574
2025-03-28 15:49:42,229 - root - INFO -   - Airport: 3.04 km, weight: 0.2185
2025-03-28 15:49:42,229 - root - INFO -   - Dharavi: 3.21 km, weight: 0.2009
2025-03-28 15:49:42,229 - root - INFO -   - Bandra: 4.30 km, weight: 0.1163
2025-03-28 15:49:42,229 - root - INFO -   - Vileparle: 5.34 km, weight: 0.0694
2025-03-28 15:49:42,230 - root - INFO -   - Vile Parle: 5.34 km, weight: 0.0694
2025-03-28 15:49:42,230 - root - INFO -   - Dadar: 6.50 km, weight: 0.0388
2025-03-28 15:49:42,230 - root - INFO -   - Powai: 6.57 km, weight: 0.0374
2025-03-28 15:49:42,230 - root - INFO -   - Andheri: 6.94 km, weight: 0.0312
2025-03-28 15:49:42,230 - root - INFO -   - Juhu: 7.15 km, weight: 0.0281
2025-03-28 15:49:42,230 - root - INFO -   - Worli: 8.80 km, weight: 0.0123
2025-03-28 15:49:42,230 - root - INFO - Initializing LSTM Predictor for Kurla
2025-03-28 15:49:42,230 - root - INFO - Sequence length: 24, Prediction horizon: 6
2025-03-28 15:49:42,230 - root - INFO - Loading cleaned data from spatial_cleaned_data\Kurla_spatial_weighted.csv
2025-03-28 15:49:42,240 - root - INFO - Using spatial data from nearby localities to fill any remaining missing values
2025-03-28 15:49:42,240 - root - INFO - No missing PM2.5 values found
2025-03-28 15:49:42,241 - root - INFO - Loaded cleaned data with shape: (5425, 4)
2025-03-28 15:49:42,241 - root - INFO - Features selected: ['PM10', 'RH', 'AT']
2025-03-28 15:49:42,241 - root - INFO - Train data shape: (4340, 4), Test data shape: (1085, 4)
2025-03-28 15:49:42,241 - root - INFO - Loading existing model for Kurla
2025-03-28 15:49:42,366 - root - INFO - Evaluating predictions for Kurla
2025-03-28 15:49:42,366 - root - INFO - Preparing sequences from data with shape: (1085, 4)
2025-03-28 15:49:42,376 - root - INFO - Creating 1056 sequences...
2025-03-28 15:49:42,378 - root - INFO - Sequence preparation completed. X shape: (1056, 24, 22), y shape: (1056, 6)
2025-03-28 15:49:42,378 - root - INFO - Sequence preparation took 0.01 seconds
2025-03-28 15:49:42,702 - root - ERROR - Error in evaluate_predictions: 'charmap' codec can't encode characters in position 21-40: character maps to <undefined>
2025-03-28 15:49:42,702 - root - ERROR - Traceback (most recent call last):
  File "C:\Users\Pranav\Desktop\IIT Kanpur\project\2022_SSDA_airquality\lstm_distance.py", line 644, in evaluate_predictions
    y_pred_scaled = self.model.predict(X)
                    ^^^^^^^^^^^^^^^^^^^^^
  File "C:\Users\Pranav\AppData\Roaming\Python\Python312\site-packages\keras\src\utils\traceback_utils.py", line 122, in error_handler
    raise e.with_traceback(filtered_tb) from None
  File "C:\Program Files\Python312\Lib\concurrent\futures\_base.py", line 461, in result
    self = None
    ^^^^
  File "C:\Program Files\Python312\Lib\concurrent\futures\_base.py", line 404, in __get_result
    self = None
    ^^^^
  File "C:\Program Files\Python312\Lib\concurrent\futures\thread.py", line 62, in run
    self = None
    ^^^^
  File "C:\Program Files\Python312\Lib\encodings\cp1252.py", line 19, in encode
    return codecs.charmap_encode(input,self.errors,encoding_table)[0]
           ^^^^^^^^^^^^^^^^^^^^^^^^^^^^^^^^^^^^^^^^^^^^^^^^^^^^^^^
UnicodeEncodeError: 'charmap' codec can't encode characters in position 21-40: character maps to <undefined>

2025-03-28 15:49:42,702 - root - ERROR - Error evaluating model for Kurla: 'charmap' codec can't encode characters in position 21-40: character maps to <undefined>
2025-03-28 15:49:42,703 - root - ERROR - Traceback (most recent call last):
  File "C:\Users\Pranav\Desktop\IIT Kanpur\project\2022_SSDA_airquality\evaluate_all_localities.py", line 147, in evaluate_locality
    results = predictor.evaluate_predictions(test_data)
              ^^^^^^^^^^^^^^^^^^^^^^^^^^^^^^^^^^^^^^^^^
  File "C:\Users\Pranav\Desktop\IIT Kanpur\project\2022_SSDA_airquality\lstm_distance.py", line 644, in evaluate_predictions
    y_pred_scaled = self.model.predict(X)
                    ^^^^^^^^^^^^^^^^^^^^^
  File "C:\Users\Pranav\AppData\Roaming\Python\Python312\site-packages\keras\src\utils\traceback_utils.py", line 122, in error_handler
    raise e.with_traceback(filtered_tb) from None
  File "C:\Program Files\Python312\Lib\concurrent\futures\_base.py", line 461, in result
    self = None
    ^^^^
  File "C:\Program Files\Python312\Lib\concurrent\futures\_base.py", line 404, in __get_result
    self = None
    ^^^^
  File "C:\Program Files\Python312\Lib\concurrent\futures\thread.py", line 62, in run
    self = None
    ^^^^
  File "C:\Program Files\Python312\Lib\encodings\cp1252.py", line 19, in encode
    return codecs.charmap_encode(input,self.errors,encoding_table)[0]
           ^^^^^^^^^^^^^^^^^^^^^^^^^^^^^^^^^^^^^^^^^^^^^^^^^^^^^^^
UnicodeEncodeError: 'charmap' codec can't encode characters in position 21-40: character maps to <undefined>

2025-03-28 15:49:42,704 - root - INFO - Evaluating locality: Mahape
2025-03-28 15:49:42,704 - root - INFO - Loaded coordinates for 26 localities
2025-03-28 15:49:42,707 - root - INFO - Found 3 nearby localities for Mahape
2025-03-28 15:49:42,708 - root - INFO -   - Nerul: 8.48 km, weight: 0.0144
2025-03-28 15:49:42,708 - root - INFO -   - Navi Mumbai: 9.11 km, weight: 0.0105
2025-03-28 15:49:42,708 - root - INFO -   - Mulund: 9.72 km, weight: 0.0078
2025-03-28 15:49:42,708 - root - INFO - Initializing LSTM Predictor for Mahape
2025-03-28 15:49:42,708 - root - INFO - Sequence length: 24, Prediction horizon: 6
2025-03-28 15:49:42,708 - root - INFO - Loading cleaned data from spatial_cleaned_data\Mahape_spatial_weighted.csv
2025-03-28 15:49:42,717 - root - INFO - Using spatial data from nearby localities to fill any remaining missing values
2025-03-28 15:49:42,717 - root - INFO - No missing PM2.5 values found
2025-03-28 15:49:42,718 - root - INFO - Loaded cleaned data with shape: (5320, 4)
2025-03-28 15:49:42,718 - root - INFO - Features selected: ['PM10', 'RH', 'AT']
2025-03-28 15:49:42,719 - root - INFO - Train data shape: (4256, 4), Test data shape: (1064, 4)
2025-03-28 15:49:42,719 - root - INFO - Loading existing model for Mahape
2025-03-28 15:49:43,071 - root - INFO - Evaluating predictions for Mahape
2025-03-28 15:49:43,071 - root - INFO - Preparing sequences from data with shape: (1064, 4)
2025-03-28 15:49:43,081 - root - INFO - Creating 1035 sequences...
2025-03-28 15:49:43,083 - root - INFO - Sequence preparation completed. X shape: (1035, 24, 22), y shape: (1035, 6)
2025-03-28 15:49:43,083 - root - INFO - Sequence preparation took 0.01 seconds
2025-03-28 15:49:43,424 - root - ERROR - Error in evaluate_predictions: 'charmap' codec can't encode characters in position 21-40: character maps to <undefined>
2025-03-28 15:49:43,425 - root - ERROR - Traceback (most recent call last):
  File "C:\Users\Pranav\Desktop\IIT Kanpur\project\2022_SSDA_airquality\lstm_distance.py", line 644, in evaluate_predictions
    y_pred_scaled = self.model.predict(X)
                    ^^^^^^^^^^^^^^^^^^^^^
  File "C:\Users\Pranav\AppData\Roaming\Python\Python312\site-packages\keras\src\utils\traceback_utils.py", line 122, in error_handler
    raise e.with_traceback(filtered_tb) from None
  File "C:\Program Files\Python312\Lib\concurrent\futures\_base.py", line 461, in result
    self = None
    ^^^^
  File "C:\Program Files\Python312\Lib\concurrent\futures\_base.py", line 404, in __get_result
    self = None
    ^^^^
  File "C:\Program Files\Python312\Lib\concurrent\futures\thread.py", line 62, in run
    self = None
    ^^^^
  File "C:\Program Files\Python312\Lib\encodings\cp1252.py", line 19, in encode
    return codecs.charmap_encode(input,self.errors,encoding_table)[0]
           ^^^^^^^^^^^^^^^^^^^^^^^^^^^^^^^^^^^^^^^^^^^^^^^^^^^^^^^
UnicodeEncodeError: 'charmap' codec can't encode characters in position 21-40: character maps to <undefined>

2025-03-28 15:49:43,425 - root - ERROR - Error evaluating model for Mahape: 'charmap' codec can't encode characters in position 21-40: character maps to <undefined>
2025-03-28 15:49:43,425 - root - ERROR - Traceback (most recent call last):
  File "C:\Users\Pranav\Desktop\IIT Kanpur\project\2022_SSDA_airquality\evaluate_all_localities.py", line 147, in evaluate_locality
    results = predictor.evaluate_predictions(test_data)
              ^^^^^^^^^^^^^^^^^^^^^^^^^^^^^^^^^^^^^^^^^
  File "C:\Users\Pranav\Desktop\IIT Kanpur\project\2022_SSDA_airquality\lstm_distance.py", line 644, in evaluate_predictions
    y_pred_scaled = self.model.predict(X)
                    ^^^^^^^^^^^^^^^^^^^^^
  File "C:\Users\Pranav\AppData\Roaming\Python\Python312\site-packages\keras\src\utils\traceback_utils.py", line 122, in error_handler
    raise e.with_traceback(filtered_tb) from None
  File "C:\Program Files\Python312\Lib\concurrent\futures\_base.py", line 461, in result
    self = None
    ^^^^
  File "C:\Program Files\Python312\Lib\concurrent\futures\_base.py", line 404, in __get_result
    self = None
    ^^^^
  File "C:\Program Files\Python312\Lib\concurrent\futures\thread.py", line 62, in run
    self = None
    ^^^^
  File "C:\Program Files\Python312\Lib\encodings\cp1252.py", line 19, in encode
    return codecs.charmap_encode(input,self.errors,encoding_table)[0]
           ^^^^^^^^^^^^^^^^^^^^^^^^^^^^^^^^^^^^^^^^^^^^^^^^^^^^^^^
UnicodeEncodeError: 'charmap' codec can't encode characters in position 21-40: character maps to <undefined>

2025-03-28 15:49:43,426 - root - INFO - Evaluating locality: Mulund
2025-03-28 15:49:43,426 - root - INFO - Loaded coordinates for 26 localities
2025-03-28 15:49:43,430 - root - INFO - Found 3 nearby localities for Mulund
2025-03-28 15:49:43,430 - root - INFO -   - Thane: 2.86 km, weight: 0.2397
2025-03-28 15:49:43,430 - root - INFO -   - Powai: 7.84 km, weight: 0.0198
2025-03-28 15:49:43,430 - root - INFO -   - Mahape: 9.72 km, weight: 0.0078
2025-03-28 15:49:43,430 - root - INFO - Initializing LSTM Predictor for Mulund
2025-03-28 15:49:43,430 - root - INFO - Sequence length: 24, Prediction horizon: 6
2025-03-28 15:49:43,431 - root - INFO - Loading cleaned data from spatial_cleaned_data\Mulund_spatial_weighted.csv
2025-03-28 15:49:43,441 - root - INFO - Using spatial data from nearby localities to fill any remaining missing values
2025-03-28 15:49:43,442 - root - INFO - No missing PM2.5 values found
2025-03-28 15:49:43,442 - root - INFO - Loaded cleaned data with shape: (5425, 4)
2025-03-28 15:49:43,443 - root - INFO - Features selected: ['PM10', 'RH', 'AT']
2025-03-28 15:49:43,443 - root - INFO - Train data shape: (4340, 4), Test data shape: (1085, 4)
2025-03-28 15:49:43,443 - root - INFO - Loading existing model for Mulund
2025-03-28 15:49:43,576 - root - INFO - Evaluating predictions for Mulund
2025-03-28 15:49:43,576 - root - INFO - Preparing sequences from data with shape: (1085, 4)
2025-03-28 15:49:43,586 - root - INFO - Creating 1056 sequences...
2025-03-28 15:49:43,588 - root - INFO - Sequence preparation completed. X shape: (1056, 24, 22), y shape: (1056, 6)
2025-03-28 15:49:43,588 - root - INFO - Sequence preparation took 0.01 seconds
2025-03-28 15:49:43,916 - root - ERROR - Error in evaluate_predictions: 'charmap' codec can't encode characters in position 21-40: character maps to <undefined>
2025-03-28 15:49:43,917 - root - ERROR - Traceback (most recent call last):
  File "C:\Users\Pranav\Desktop\IIT Kanpur\project\2022_SSDA_airquality\lstm_distance.py", line 644, in evaluate_predictions
    y_pred_scaled = self.model.predict(X)
                    ^^^^^^^^^^^^^^^^^^^^^
  File "C:\Users\Pranav\AppData\Roaming\Python\Python312\site-packages\keras\src\utils\traceback_utils.py", line 122, in error_handler
    raise e.with_traceback(filtered_tb) from None
  File "C:\Program Files\Python312\Lib\concurrent\futures\_base.py", line 461, in result
    self = None
    ^^^^
  File "C:\Program Files\Python312\Lib\concurrent\futures\_base.py", line 404, in __get_result
    self = None
    ^^^^
  File "C:\Program Files\Python312\Lib\concurrent\futures\thread.py", line 62, in run
    self = None
    ^^^^
  File "C:\Program Files\Python312\Lib\encodings\cp1252.py", line 19, in encode
    return codecs.charmap_encode(input,self.errors,encoding_table)[0]
           ^^^^^^^^^^^^^^^^^^^^^^^^^^^^^^^^^^^^^^^^^^^^^^^^^^^^^^^
UnicodeEncodeError: 'charmap' codec can't encode characters in position 21-40: character maps to <undefined>

2025-03-28 15:49:43,917 - root - ERROR - Error evaluating model for Mulund: 'charmap' codec can't encode characters in position 21-40: character maps to <undefined>
2025-03-28 15:49:43,917 - root - ERROR - Traceback (most recent call last):
  File "C:\Users\Pranav\Desktop\IIT Kanpur\project\2022_SSDA_airquality\evaluate_all_localities.py", line 147, in evaluate_locality
    results = predictor.evaluate_predictions(test_data)
              ^^^^^^^^^^^^^^^^^^^^^^^^^^^^^^^^^^^^^^^^^
  File "C:\Users\Pranav\Desktop\IIT Kanpur\project\2022_SSDA_airquality\lstm_distance.py", line 644, in evaluate_predictions
    y_pred_scaled = self.model.predict(X)
                    ^^^^^^^^^^^^^^^^^^^^^
  File "C:\Users\Pranav\AppData\Roaming\Python\Python312\site-packages\keras\src\utils\traceback_utils.py", line 122, in error_handler
    raise e.with_traceback(filtered_tb) from None
  File "C:\Program Files\Python312\Lib\concurrent\futures\_base.py", line 461, in result
    self = None
    ^^^^
  File "C:\Program Files\Python312\Lib\concurrent\futures\_base.py", line 404, in __get_result
    self = None
    ^^^^
  File "C:\Program Files\Python312\Lib\concurrent\futures\thread.py", line 62, in run
    self = None
    ^^^^
  File "C:\Program Files\Python312\Lib\encodings\cp1252.py", line 19, in encode
    return codecs.charmap_encode(input,self.errors,encoding_table)[0]
           ^^^^^^^^^^^^^^^^^^^^^^^^^^^^^^^^^^^^^^^^^^^^^^^^^^^^^^^
UnicodeEncodeError: 'charmap' codec can't encode characters in position 21-40: character maps to <undefined>

2025-03-28 15:49:43,919 - root - INFO - Evaluating locality: Nerul
2025-03-28 15:49:43,920 - root - INFO - Loaded coordinates for 26 localities
2025-03-28 15:49:43,923 - root - INFO - Found 2 nearby localities for Nerul
2025-03-28 15:49:43,923 - root - INFO -   - Navi Mumbai: 0.79 km, weight: 0.6747
2025-03-28 15:49:43,923 - root - INFO -   - Mahape: 8.48 km, weight: 0.0144
2025-03-28 15:49:43,923 - root - INFO - Initializing LSTM Predictor for Nerul
2025-03-28 15:49:43,924 - root - INFO - Sequence length: 24, Prediction horizon: 6
2025-03-28 15:49:43,925 - root - INFO - Loading cleaned data from spatial_cleaned_data\Nerul_spatial_weighted.csv
2025-03-28 15:49:43,934 - root - INFO - Using spatial data from nearby localities to fill any remaining missing values
2025-03-28 15:49:43,934 - root - INFO - No missing PM2.5 values found
2025-03-28 15:49:43,934 - root - INFO - Loaded cleaned data with shape: (5305, 4)
2025-03-28 15:49:43,934 - root - INFO - Features selected: ['PM10', 'RH', 'AT']
2025-03-28 15:49:43,935 - root - INFO - Train data shape: (4244, 4), Test data shape: (1061, 4)
2025-03-28 15:49:43,935 - root - INFO - Loading existing model for Nerul
2025-03-28 15:49:44,065 - root - INFO - Evaluating predictions for Nerul
2025-03-28 15:49:44,065 - root - INFO - Preparing sequences from data with shape: (1061, 4)
2025-03-28 15:49:44,075 - root - INFO - Creating 1032 sequences...
2025-03-28 15:49:44,078 - root - INFO - Sequence preparation completed. X shape: (1032, 24, 22), y shape: (1032, 6)
2025-03-28 15:49:44,079 - root - INFO - Sequence preparation took 0.01 seconds
2025-03-28 15:52:05,970 - root - INFO - Evaluating 15 localities: Airport, Bandra, Borivali, Colaba, Kalyan, Kandivali, Kurla, Mahape, Mulund, Nerul, Powai, Sion, Vasai, Vileparle, Worli
2025-03-28 15:52:05,970 - root - INFO - Using sequence_length=24, prediction_horizon=6
2025-03-28 15:52:05,972 - root - INFO - Evaluating locality: Airport
2025-03-28 15:52:05,972 - root - INFO - Loaded coordinates for 26 localities
2025-03-28 15:52:05,974 - root - INFO - Found 12 nearby localities for Airport
2025-03-28 15:52:05,974 - root - INFO -   - Vileparle: 2.54 km, weight: 0.2804
2025-03-28 15:52:05,974 - root - INFO -   - Vile Parle: 2.54 km, weight: 0.2804
2025-03-28 15:52:05,975 - root - INFO -   - Kurla: 3.04 km, weight: 0.2185
2025-03-28 15:52:05,975 - root - INFO -   - Andheri: 3.90 km, weight: 0.1426
2025-03-28 15:52:05,975 - root - INFO -   - Juhu: 4.45 km, weight: 0.1083
2025-03-28 15:52:05,975 - root - INFO -   - Bandra: 4.67 km, weight: 0.0967
2025-03-28 15:52:05,975 - root - INFO -   - Sion: 4.77 km, weight: 0.0919
2025-03-28 15:52:05,975 - root - INFO -   - Dharavi: 5.05 km, weight: 0.0801
2025-03-28 15:52:05,975 - root - INFO -   - Chembur: 5.14 km, weight: 0.0765
2025-03-28 15:52:05,975 - root - INFO -   - Powai: 5.45 km, weight: 0.0656
2025-03-28 15:52:05,975 - root - INFO -   - Dadar: 8.28 km, weight: 0.0159
2025-03-28 15:52:05,975 - root - INFO -   - Worli: 9.97 km, weight: 0.0068
2025-03-28 15:52:05,975 - root - INFO - Initializing LSTM Predictor for Airport
2025-03-28 15:52:05,975 - root - INFO - Sequence length: 24, Prediction horizon: 6
2025-03-28 15:52:05,976 - root - INFO - Loading cleaned data from spatial_cleaned_data\Airport_spatial_weighted.csv
2025-03-28 15:52:05,990 - root - INFO - Using spatial data from nearby localities to fill any remaining missing values
2025-03-28 15:52:05,990 - root - INFO - No missing PM2.5 values found
2025-03-28 15:52:05,991 - root - INFO - Loaded cleaned data with shape: (5305, 4)
2025-03-28 15:52:05,991 - root - INFO - Features selected: ['PM10', 'RH', 'AT']
2025-03-28 15:52:05,991 - root - INFO - Train data shape: (4244, 4), Test data shape: (1061, 4)
2025-03-28 15:52:05,991 - root - INFO - Loading existing model for Airport
2025-03-28 15:52:06,210 - root - INFO - Evaluating predictions for Airport
2025-03-28 15:52:06,210 - root - INFO - Preparing sequences from data with shape: (1061, 4)
2025-03-28 15:52:06,220 - root - INFO - Creating 1032 sequences...
2025-03-28 15:52:06,222 - root - INFO - Sequence preparation completed. X shape: (1032, 24, 22), y shape: (1032, 6)
2025-03-28 15:52:06,222 - root - INFO - Sequence preparation took 0.01 seconds
2025-03-28 15:52:06,607 - root - ERROR - Error in evaluate_predictions: 'charmap' codec can't encode characters in position 21-40: character maps to <undefined>
2025-03-28 15:52:06,608 - root - ERROR - Traceback (most recent call last):
  File "C:\Users\Pranav\Desktop\IIT Kanpur\project\2022_SSDA_airquality\lstm_distance.py", line 644, in evaluate_predictions
    y_pred_scaled = self.model.predict(X)
                    ^^^^^^^^^^^^^^^^^^^^^
  File "C:\Users\Pranav\AppData\Roaming\Python\Python312\site-packages\keras\src\utils\traceback_utils.py", line 122, in error_handler
    raise e.with_traceback(filtered_tb) from None
  File "C:\Program Files\Python312\Lib\concurrent\futures\_base.py", line 461, in result
    self = None
    ^^^^
  File "C:\Program Files\Python312\Lib\concurrent\futures\_base.py", line 404, in __get_result
    self = None
    ^^^^
  File "C:\Program Files\Python312\Lib\concurrent\futures\thread.py", line 62, in run
    self = None
    ^^^^
  File "C:\Program Files\Python312\Lib\encodings\cp1252.py", line 19, in encode
    return codecs.charmap_encode(input,self.errors,encoding_table)[0]
           ^^^^^^^^^^^^^^^^^^^^^^^^^^^^^^^^^^^^^^^^^^^^^^^^^^^^^^^
UnicodeEncodeError: 'charmap' codec can't encode characters in position 21-40: character maps to <undefined>

2025-03-28 15:52:06,608 - root - ERROR - Error evaluating model for Airport: 'charmap' codec can't encode characters in position 21-40: character maps to <undefined>
2025-03-28 15:52:06,609 - root - ERROR - Traceback (most recent call last):
  File "C:\Users\Pranav\Desktop\IIT Kanpur\project\2022_SSDA_airquality\evaluate_all_localities.py", line 147, in evaluate_locality
    results = predictor.evaluate_predictions(test_data)
              ^^^^^^^^^^^^^^^^^^^^^^^^^^^^^^^^^^^^^^^^^
  File "C:\Users\Pranav\Desktop\IIT Kanpur\project\2022_SSDA_airquality\lstm_distance.py", line 644, in evaluate_predictions
    y_pred_scaled = self.model.predict(X)
                    ^^^^^^^^^^^^^^^^^^^^^
  File "C:\Users\Pranav\AppData\Roaming\Python\Python312\site-packages\keras\src\utils\traceback_utils.py", line 122, in error_handler
    raise e.with_traceback(filtered_tb) from None
  File "C:\Program Files\Python312\Lib\concurrent\futures\_base.py", line 461, in result
    self = None
    ^^^^
  File "C:\Program Files\Python312\Lib\concurrent\futures\_base.py", line 404, in __get_result
    self = None
    ^^^^
  File "C:\Program Files\Python312\Lib\concurrent\futures\thread.py", line 62, in run
    self = None
    ^^^^
  File "C:\Program Files\Python312\Lib\encodings\cp1252.py", line 19, in encode
    return codecs.charmap_encode(input,self.errors,encoding_table)[0]
           ^^^^^^^^^^^^^^^^^^^^^^^^^^^^^^^^^^^^^^^^^^^^^^^^^^^^^^^
UnicodeEncodeError: 'charmap' codec can't encode characters in position 21-40: character maps to <undefined>

2025-03-28 15:52:06,609 - root - INFO - Evaluating locality: Bandra
2025-03-28 15:52:06,610 - root - INFO - Loaded coordinates for 26 localities
2025-03-28 15:52:06,613 - root - INFO - Found 12 nearby localities for Bandra
2025-03-28 15:52:06,613 - root - INFO -   - Dharavi: 2.26 km, weight: 0.3231
2025-03-28 15:52:06,613 - root - INFO -   - Sion: 2.60 km, weight: 0.2723
2025-03-28 15:52:06,613 - root - INFO -   - Dadar: 4.14 km, weight: 0.1262
2025-03-28 15:52:06,613 - root - INFO -   - Kurla: 4.30 km, weight: 0.1163
2025-03-28 15:52:06,613 - root - INFO -   - Airport: 4.67 km, weight: 0.0967
2025-03-28 15:52:06,613 - root - INFO -   - Vileparle: 4.99 km, weight: 0.0826
2025-03-28 15:52:06,613 - root - INFO -   - Vile Parle: 4.99 km, weight: 0.0825
2025-03-28 15:52:06,613 - root - INFO -   - Worli: 5.33 km, weight: 0.0697
2025-03-28 15:52:06,613 - root - INFO -   - Juhu: 5.91 km, weight: 0.0520
2025-03-28 15:52:06,613 - root - INFO -   - Chembur: 6.08 km, weight: 0.0479
2025-03-28 15:52:06,613 - root - INFO -   - Andheri: 7.19 km, weight: 0.0274
2025-03-28 15:52:06,613 - root - INFO -   - Powai: 9.98 km, weight: 0.0068
2025-03-28 15:52:06,613 - root - INFO - Initializing LSTM Predictor for Bandra
2025-03-28 15:52:06,613 - root - INFO - Sequence length: 24, Prediction horizon: 6
2025-03-28 15:52:06,614 - root - INFO - Loading cleaned data from spatial_cleaned_data\Bandra_spatial_weighted.csv
2025-03-28 15:52:06,624 - root - INFO - Using spatial data from nearby localities to fill any remaining missing values
2025-03-28 15:52:06,624 - root - INFO - No missing PM2.5 values found
2025-03-28 15:52:06,625 - root - INFO - Loaded cleaned data with shape: (5441, 4)
2025-03-28 15:52:06,625 - root - INFO - Features selected: ['PM10', 'RH', 'AT']
2025-03-28 15:52:06,625 - root - INFO - Train data shape: (4352, 4), Test data shape: (1089, 4)
2025-03-28 15:52:06,625 - root - INFO - Loading existing model for Bandra
2025-03-28 15:52:06,811 - root - INFO - Evaluating predictions for Bandra
2025-03-28 15:52:06,811 - root - INFO - Preparing sequences from data with shape: (1089, 4)
2025-03-28 15:52:06,825 - root - INFO - Creating 1060 sequences...
2025-03-28 15:52:06,828 - root - INFO - Sequence preparation completed. X shape: (1060, 24, 22), y shape: (1060, 6)
2025-03-28 15:52:06,828 - root - INFO - Sequence preparation took 0.02 seconds
2025-03-28 15:52:07,170 - root - ERROR - Error in evaluate_predictions: 'charmap' codec can't encode characters in position 21-40: character maps to <undefined>
2025-03-28 15:52:07,171 - root - ERROR - Traceback (most recent call last):
  File "C:\Users\Pranav\Desktop\IIT Kanpur\project\2022_SSDA_airquality\lstm_distance.py", line 644, in evaluate_predictions
    y_pred_scaled = self.model.predict(X)
                    ^^^^^^^^^^^^^^^^^^^^^
  File "C:\Users\Pranav\AppData\Roaming\Python\Python312\site-packages\keras\src\utils\traceback_utils.py", line 122, in error_handler
    raise e.with_traceback(filtered_tb) from None
  File "C:\Program Files\Python312\Lib\concurrent\futures\_base.py", line 461, in result
    self = None
    ^^^^
  File "C:\Program Files\Python312\Lib\concurrent\futures\_base.py", line 404, in __get_result
    self = None
    ^^^^
  File "C:\Program Files\Python312\Lib\concurrent\futures\thread.py", line 62, in run
    self = None
    ^^^^
  File "C:\Program Files\Python312\Lib\encodings\cp1252.py", line 19, in encode
    return codecs.charmap_encode(input,self.errors,encoding_table)[0]
           ^^^^^^^^^^^^^^^^^^^^^^^^^^^^^^^^^^^^^^^^^^^^^^^^^^^^^^^
UnicodeEncodeError: 'charmap' codec can't encode characters in position 21-40: character maps to <undefined>

2025-03-28 15:52:07,171 - root - ERROR - Error evaluating model for Bandra: 'charmap' codec can't encode characters in position 21-40: character maps to <undefined>
2025-03-28 15:52:07,171 - root - ERROR - Traceback (most recent call last):
  File "C:\Users\Pranav\Desktop\IIT Kanpur\project\2022_SSDA_airquality\evaluate_all_localities.py", line 147, in evaluate_locality
    results = predictor.evaluate_predictions(test_data)
              ^^^^^^^^^^^^^^^^^^^^^^^^^^^^^^^^^^^^^^^^^
  File "C:\Users\Pranav\Desktop\IIT Kanpur\project\2022_SSDA_airquality\lstm_distance.py", line 644, in evaluate_predictions
    y_pred_scaled = self.model.predict(X)
                    ^^^^^^^^^^^^^^^^^^^^^
  File "C:\Users\Pranav\AppData\Roaming\Python\Python312\site-packages\keras\src\utils\traceback_utils.py", line 122, in error_handler
    raise e.with_traceback(filtered_tb) from None
  File "C:\Program Files\Python312\Lib\concurrent\futures\_base.py", line 461, in result
    self = None
    ^^^^
  File "C:\Program Files\Python312\Lib\concurrent\futures\_base.py", line 404, in __get_result
    self = None
    ^^^^
  File "C:\Program Files\Python312\Lib\concurrent\futures\thread.py", line 62, in run
    self = None
    ^^^^
  File "C:\Program Files\Python312\Lib\encodings\cp1252.py", line 19, in encode
    return codecs.charmap_encode(input,self.errors,encoding_table)[0]
           ^^^^^^^^^^^^^^^^^^^^^^^^^^^^^^^^^^^^^^^^^^^^^^^^^^^^^^^
UnicodeEncodeError: 'charmap' codec can't encode characters in position 21-40: character maps to <undefined>

2025-03-28 15:52:07,172 - root - INFO - Evaluating locality: Borivali
2025-03-28 15:52:07,172 - root - INFO - Loaded coordinates for 26 localities
2025-03-28 15:52:07,175 - root - INFO - Found 2 nearby localities for Borivali
2025-03-28 15:52:07,175 - root - INFO -   - Kandivali: 3.02 km, weight: 0.2211
2025-03-28 15:52:07,175 - root - INFO -   - Malad: 4.78 km, weight: 0.0917
2025-03-28 15:52:07,175 - root - INFO - Initializing LSTM Predictor for Borivali
2025-03-28 15:52:07,175 - root - INFO - Sequence length: 24, Prediction horizon: 6
2025-03-28 15:52:07,176 - root - INFO - Loading cleaned data from spatial_cleaned_data\Borivali_spatial_weighted.csv
2025-03-28 15:52:07,184 - root - INFO - Using spatial data from nearby localities to fill any remaining missing values
2025-03-28 15:52:07,184 - root - INFO - No missing PM2.5 values found
2025-03-28 15:52:07,185 - root - INFO - Loaded cleaned data with shape: (5425, 4)
2025-03-28 15:52:07,185 - root - INFO - Features selected: ['PM10', 'RH', 'AT']
2025-03-28 15:52:07,186 - root - INFO - Train data shape: (4340, 4), Test data shape: (1085, 4)
2025-03-28 15:52:07,186 - root - INFO - Loading existing model for Borivali
2025-03-28 15:52:07,348 - root - INFO - Evaluating predictions for Borivali
2025-03-28 15:52:07,349 - root - INFO - Preparing sequences from data with shape: (1085, 4)
2025-03-28 15:52:07,360 - root - INFO - Creating 1056 sequences...
2025-03-28 15:52:07,361 - root - INFO - Sequence preparation completed. X shape: (1056, 24, 22), y shape: (1056, 6)
2025-03-28 15:52:07,361 - root - INFO - Sequence preparation took 0.01 seconds
2025-03-28 15:52:07,708 - root - ERROR - Error in evaluate_predictions: 'charmap' codec can't encode characters in position 21-40: character maps to <undefined>
2025-03-28 15:52:07,709 - root - ERROR - Traceback (most recent call last):
  File "C:\Users\Pranav\Desktop\IIT Kanpur\project\2022_SSDA_airquality\lstm_distance.py", line 644, in evaluate_predictions
    y_pred_scaled = self.model.predict(X)
                    ^^^^^^^^^^^^^^^^^^^^^
  File "C:\Users\Pranav\AppData\Roaming\Python\Python312\site-packages\keras\src\utils\traceback_utils.py", line 122, in error_handler
    raise e.with_traceback(filtered_tb) from None
  File "C:\Program Files\Python312\Lib\concurrent\futures\_base.py", line 461, in result
    self = None
    ^^^^
  File "C:\Program Files\Python312\Lib\concurrent\futures\_base.py", line 404, in __get_result
    self = None
    ^^^^
  File "C:\Program Files\Python312\Lib\concurrent\futures\thread.py", line 62, in run
    self = None
    ^^^^
  File "C:\Program Files\Python312\Lib\encodings\cp1252.py", line 19, in encode
    return codecs.charmap_encode(input,self.errors,encoding_table)[0]
           ^^^^^^^^^^^^^^^^^^^^^^^^^^^^^^^^^^^^^^^^^^^^^^^^^^^^^^^
UnicodeEncodeError: 'charmap' codec can't encode characters in position 21-40: character maps to <undefined>

2025-03-28 15:52:07,709 - root - ERROR - Error evaluating model for Borivali: 'charmap' codec can't encode characters in position 21-40: character maps to <undefined>
2025-03-28 15:52:07,710 - root - ERROR - Traceback (most recent call last):
  File "C:\Users\Pranav\Desktop\IIT Kanpur\project\2022_SSDA_airquality\evaluate_all_localities.py", line 147, in evaluate_locality
    results = predictor.evaluate_predictions(test_data)
              ^^^^^^^^^^^^^^^^^^^^^^^^^^^^^^^^^^^^^^^^^
  File "C:\Users\Pranav\Desktop\IIT Kanpur\project\2022_SSDA_airquality\lstm_distance.py", line 644, in evaluate_predictions
    y_pred_scaled = self.model.predict(X)
                    ^^^^^^^^^^^^^^^^^^^^^
  File "C:\Users\Pranav\AppData\Roaming\Python\Python312\site-packages\keras\src\utils\traceback_utils.py", line 122, in error_handler
    raise e.with_traceback(filtered_tb) from None
  File "C:\Program Files\Python312\Lib\concurrent\futures\_base.py", line 461, in result
    self = None
    ^^^^
  File "C:\Program Files\Python312\Lib\concurrent\futures\_base.py", line 404, in __get_result
    self = None
    ^^^^
  File "C:\Program Files\Python312\Lib\concurrent\futures\thread.py", line 62, in run
    self = None
    ^^^^
  File "C:\Program Files\Python312\Lib\encodings\cp1252.py", line 19, in encode
    return codecs.charmap_encode(input,self.errors,encoding_table)[0]
           ^^^^^^^^^^^^^^^^^^^^^^^^^^^^^^^^^^^^^^^^^^^^^^^^^^^^^^^
UnicodeEncodeError: 'charmap' codec can't encode characters in position 21-40: character maps to <undefined>

2025-03-28 15:52:07,710 - root - INFO - Evaluating locality: Colaba
2025-03-28 15:52:07,710 - root - INFO - Loaded coordinates for 26 localities
2025-03-28 15:52:07,713 - root - INFO - Found 1 nearby localities for Colaba
2025-03-28 15:52:07,713 - root - INFO -   - Malabar Hill: 5.33 km, weight: 0.0696
2025-03-28 15:52:07,713 - root - INFO - Initializing LSTM Predictor for Colaba
2025-03-28 15:52:07,713 - root - INFO - Sequence length: 24, Prediction horizon: 6
2025-03-28 15:52:07,714 - root - INFO - Loading cleaned data from spatial_cleaned_data\Colaba_spatial_weighted.csv
2025-03-28 15:52:07,722 - root - INFO - Using spatial data from nearby localities to fill any remaining missing values
2025-03-28 15:52:07,723 - root - INFO - No missing PM2.5 values found
2025-03-28 15:52:07,723 - root - INFO - Loaded cleaned data with shape: (4801, 4)
2025-03-28 15:52:07,723 - root - INFO - Features selected: ['PM10', 'RH', 'AT']
2025-03-28 15:52:07,724 - root - INFO - Train data shape: (3840, 4), Test data shape: (961, 4)
2025-03-28 15:52:07,724 - root - INFO - Loading existing model for Colaba
2025-03-28 15:52:07,937 - root - INFO - Evaluating predictions for Colaba
2025-03-28 15:52:07,937 - root - INFO - Preparing sequences from data with shape: (961, 4)
2025-03-28 15:52:07,951 - root - INFO - Creating 932 sequences...
2025-03-28 15:52:07,953 - root - INFO - Sequence preparation completed. X shape: (932, 24, 22), y shape: (932, 6)
2025-03-28 15:52:07,953 - root - INFO - Sequence preparation took 0.02 seconds
2025-03-28 15:52:08,326 - root - ERROR - Error in evaluate_predictions: 'charmap' codec can't encode characters in position 21-40: character maps to <undefined>
2025-03-28 15:52:08,328 - root - ERROR - Traceback (most recent call last):
  File "C:\Users\Pranav\Desktop\IIT Kanpur\project\2022_SSDA_airquality\lstm_distance.py", line 644, in evaluate_predictions
    y_pred_scaled = self.model.predict(X)
                    ^^^^^^^^^^^^^^^^^^^^^
  File "C:\Users\Pranav\AppData\Roaming\Python\Python312\site-packages\keras\src\utils\traceback_utils.py", line 122, in error_handler
    raise e.with_traceback(filtered_tb) from None
  File "C:\Program Files\Python312\Lib\concurrent\futures\_base.py", line 461, in result
    self = None
    ^^^^
  File "C:\Program Files\Python312\Lib\concurrent\futures\_base.py", line 404, in __get_result
    self = None
    ^^^^
  File "C:\Program Files\Python312\Lib\concurrent\futures\thread.py", line 62, in run
    self = None
    ^^^^
  File "C:\Program Files\Python312\Lib\encodings\cp1252.py", line 19, in encode
    return codecs.charmap_encode(input,self.errors,encoding_table)[0]
           ^^^^^^^^^^^^^^^^^^^^^^^^^^^^^^^^^^^^^^^^^^^^^^^^^^^^^^^
UnicodeEncodeError: 'charmap' codec can't encode characters in position 21-40: character maps to <undefined>

2025-03-28 15:52:08,328 - root - ERROR - Error evaluating model for Colaba: 'charmap' codec can't encode characters in position 21-40: character maps to <undefined>
2025-03-28 15:52:08,328 - root - ERROR - Traceback (most recent call last):
  File "C:\Users\Pranav\Desktop\IIT Kanpur\project\2022_SSDA_airquality\evaluate_all_localities.py", line 147, in evaluate_locality
    results = predictor.evaluate_predictions(test_data)
              ^^^^^^^^^^^^^^^^^^^^^^^^^^^^^^^^^^^^^^^^^
  File "C:\Users\Pranav\Desktop\IIT Kanpur\project\2022_SSDA_airquality\lstm_distance.py", line 644, in evaluate_predictions
    y_pred_scaled = self.model.predict(X)
                    ^^^^^^^^^^^^^^^^^^^^^
  File "C:\Users\Pranav\AppData\Roaming\Python\Python312\site-packages\keras\src\utils\traceback_utils.py", line 122, in error_handler
    raise e.with_traceback(filtered_tb) from None
  File "C:\Program Files\Python312\Lib\concurrent\futures\_base.py", line 461, in result
    self = None
    ^^^^
  File "C:\Program Files\Python312\Lib\concurrent\futures\_base.py", line 404, in __get_result
    self = None
    ^^^^
  File "C:\Program Files\Python312\Lib\concurrent\futures\thread.py", line 62, in run
    self = None
    ^^^^
  File "C:\Program Files\Python312\Lib\encodings\cp1252.py", line 19, in encode
    return codecs.charmap_encode(input,self.errors,encoding_table)[0]
           ^^^^^^^^^^^^^^^^^^^^^^^^^^^^^^^^^^^^^^^^^^^^^^^^^^^^^^^
UnicodeEncodeError: 'charmap' codec can't encode characters in position 21-40: character maps to <undefined>

2025-03-28 15:52:08,329 - root - INFO - Evaluating locality: Kalyan
2025-03-28 15:52:08,330 - root - INFO - Loaded coordinates for 26 localities
2025-03-28 15:52:08,332 - root - INFO - Found 0 nearby localities for Kalyan
2025-03-28 15:52:08,332 - root - INFO - Initializing LSTM Predictor for Kalyan
2025-03-28 15:52:08,332 - root - INFO - Sequence length: 24, Prediction horizon: 6
2025-03-28 15:52:08,334 - root - INFO - Loading cleaned data from spatial_cleaned_data\Kalyan_spatial_weighted.csv
2025-03-28 15:52:08,346 - root - WARNING - Data still contains NaN values. Filling with forward and backward fill.
2025-03-28 15:52:08,347 - root - INFO - Loaded cleaned data with shape: (5442, 4)
2025-03-28 15:52:08,347 - root - INFO - Features selected: ['PM10', 'RH', 'AT']
2025-03-28 15:52:08,347 - root - INFO - Train data shape: (4353, 4), Test data shape: (1089, 4)
2025-03-28 15:52:08,347 - root - INFO - Loading existing model for Kalyan
2025-03-28 15:52:08,525 - root - INFO - Evaluating predictions for Kalyan
2025-03-28 15:52:08,526 - root - INFO - Preparing sequences from data with shape: (1089, 4)
2025-03-28 15:52:08,536 - root - INFO - Creating 1060 sequences...
2025-03-28 15:52:08,538 - root - INFO - Sequence preparation completed. X shape: (1060, 24, 22), y shape: (1060, 6)
2025-03-28 15:52:08,538 - root - INFO - Sequence preparation took 0.01 seconds
2025-03-28 15:52:08,888 - tensorflow - WARNING - 5 out of the last 9 calls to <function TensorFlowTrainer.make_predict_function.<locals>.one_step_on_data_distributed at 0x0000020D1EEE9B20> triggered tf.function retracing. Tracing is expensive and the excessive number of tracings could be due to (1) creating @tf.function repeatedly in a loop, (2) passing tensors with different shapes, (3) passing Python objects instead of tensors. For (1), please define your @tf.function outside of the loop. For (2), @tf.function has reduce_retracing=True option that can avoid unnecessary retracing. For (3), please refer to https://www.tensorflow.org/guide/function#controlling_retracing and https://www.tensorflow.org/api_docs/python/tf/function for  more details.
2025-03-28 15:52:08,896 - root - ERROR - Error in evaluate_predictions: 'charmap' codec can't encode characters in position 21-40: character maps to <undefined>
2025-03-28 15:52:08,897 - root - ERROR - Traceback (most recent call last):
  File "C:\Users\Pranav\Desktop\IIT Kanpur\project\2022_SSDA_airquality\lstm_distance.py", line 644, in evaluate_predictions
    y_pred_scaled = self.model.predict(X)
                    ^^^^^^^^^^^^^^^^^^^^^
  File "C:\Users\Pranav\AppData\Roaming\Python\Python312\site-packages\keras\src\utils\traceback_utils.py", line 122, in error_handler
    raise e.with_traceback(filtered_tb) from None
  File "C:\Program Files\Python312\Lib\concurrent\futures\_base.py", line 461, in result
    self = None
    ^^^^
  File "C:\Program Files\Python312\Lib\concurrent\futures\_base.py", line 404, in __get_result
    self = None
    ^^^^
  File "C:\Program Files\Python312\Lib\concurrent\futures\thread.py", line 62, in run
    self = None
    ^^^^
  File "C:\Program Files\Python312\Lib\encodings\cp1252.py", line 19, in encode
    return codecs.charmap_encode(input,self.errors,encoding_table)[0]
           ^^^^^^^^^^^^^^^^^^^^^^^^^^^^^^^^^^^^^^^^^^^^^^^^^^^^^^^
UnicodeEncodeError: 'charmap' codec can't encode characters in position 21-40: character maps to <undefined>

2025-03-28 15:52:08,897 - root - ERROR - Error evaluating model for Kalyan: 'charmap' codec can't encode characters in position 21-40: character maps to <undefined>
2025-03-28 15:52:08,898 - root - ERROR - Traceback (most recent call last):
  File "C:\Users\Pranav\Desktop\IIT Kanpur\project\2022_SSDA_airquality\evaluate_all_localities.py", line 147, in evaluate_locality
    results = predictor.evaluate_predictions(test_data)
              ^^^^^^^^^^^^^^^^^^^^^^^^^^^^^^^^^^^^^^^^^
  File "C:\Users\Pranav\Desktop\IIT Kanpur\project\2022_SSDA_airquality\lstm_distance.py", line 644, in evaluate_predictions
    y_pred_scaled = self.model.predict(X)
                    ^^^^^^^^^^^^^^^^^^^^^
  File "C:\Users\Pranav\AppData\Roaming\Python\Python312\site-packages\keras\src\utils\traceback_utils.py", line 122, in error_handler
    raise e.with_traceback(filtered_tb) from None
  File "C:\Program Files\Python312\Lib\concurrent\futures\_base.py", line 461, in result
    self = None
    ^^^^
  File "C:\Program Files\Python312\Lib\concurrent\futures\_base.py", line 404, in __get_result
    self = None
    ^^^^
  File "C:\Program Files\Python312\Lib\concurrent\futures\thread.py", line 62, in run
    self = None
    ^^^^
  File "C:\Program Files\Python312\Lib\encodings\cp1252.py", line 19, in encode
    return codecs.charmap_encode(input,self.errors,encoding_table)[0]
           ^^^^^^^^^^^^^^^^^^^^^^^^^^^^^^^^^^^^^^^^^^^^^^^^^^^^^^^
UnicodeEncodeError: 'charmap' codec can't encode characters in position 21-40: character maps to <undefined>

2025-03-28 15:52:08,898 - root - INFO - Evaluating locality: Kandivali
2025-03-28 15:52:08,899 - root - INFO - Loaded coordinates for 26 localities
2025-03-28 15:52:08,902 - root - INFO - Found 3 nearby localities for Kandivali
2025-03-28 15:52:08,902 - root - INFO -   - Malad: 1.76 km, weight: 0.4149
2025-03-28 15:52:08,902 - root - INFO -   - Borivali: 3.02 km, weight: 0.2211
2025-03-28 15:52:08,902 - root - INFO -   - Andheri: 9.16 km, weight: 0.0102
2025-03-28 15:52:08,902 - root - INFO - Initializing LSTM Predictor for Kandivali
2025-03-28 15:52:08,902 - root - INFO - Sequence length: 24, Prediction horizon: 6
2025-03-28 15:52:08,902 - root - INFO - Loading cleaned data from spatial_cleaned_data\Kandivali_spatial_weighted.csv
2025-03-28 15:52:08,911 - root - INFO - Using spatial data from nearby localities to fill any remaining missing values
2025-03-28 15:52:08,912 - root - INFO - No missing PM2.5 values found
2025-03-28 15:52:08,913 - root - INFO - Loaded cleaned data with shape: (4801, 4)
2025-03-28 15:52:08,913 - root - INFO - Features selected: ['PM10', 'RH', 'AT']
2025-03-28 15:52:08,913 - root - INFO - Train data shape: (3840, 4), Test data shape: (961, 4)
2025-03-28 15:52:08,913 - root - INFO - Loading existing model for Kandivali
2025-03-28 15:52:09,089 - root - INFO - Evaluating predictions for Kandivali
2025-03-28 15:52:09,090 - root - INFO - Preparing sequences from data with shape: (961, 4)
2025-03-28 15:52:09,100 - root - INFO - Creating 932 sequences...
2025-03-28 15:52:09,102 - root - INFO - Sequence preparation completed. X shape: (932, 24, 22), y shape: (932, 6)
2025-03-28 15:52:09,102 - root - INFO - Sequence preparation took 0.01 seconds
2025-03-28 15:52:09,430 - tensorflow - WARNING - 6 out of the last 11 calls to <function TensorFlowTrainer.make_predict_function.<locals>.one_step_on_data_distributed at 0x0000020D2064B420> triggered tf.function retracing. Tracing is expensive and the excessive number of tracings could be due to (1) creating @tf.function repeatedly in a loop, (2) passing tensors with different shapes, (3) passing Python objects instead of tensors. For (1), please define your @tf.function outside of the loop. For (2), @tf.function has reduce_retracing=True option that can avoid unnecessary retracing. For (3), please refer to https://www.tensorflow.org/guide/function#controlling_retracing and https://www.tensorflow.org/api_docs/python/tf/function for  more details.
2025-03-28 15:52:09,438 - root - ERROR - Error in evaluate_predictions: 'charmap' codec can't encode characters in position 21-40: character maps to <undefined>
2025-03-28 15:52:09,439 - root - ERROR - Traceback (most recent call last):
  File "C:\Users\Pranav\Desktop\IIT Kanpur\project\2022_SSDA_airquality\lstm_distance.py", line 644, in evaluate_predictions
    y_pred_scaled = self.model.predict(X)
                    ^^^^^^^^^^^^^^^^^^^^^
  File "C:\Users\Pranav\AppData\Roaming\Python\Python312\site-packages\keras\src\utils\traceback_utils.py", line 122, in error_handler
    raise e.with_traceback(filtered_tb) from None
  File "C:\Program Files\Python312\Lib\concurrent\futures\_base.py", line 461, in result
    self = None
    ^^^^
  File "C:\Program Files\Python312\Lib\concurrent\futures\_base.py", line 404, in __get_result
    self = None
    ^^^^
  File "C:\Program Files\Python312\Lib\concurrent\futures\thread.py", line 62, in run
    self = None
    ^^^^
  File "C:\Program Files\Python312\Lib\encodings\cp1252.py", line 19, in encode
    return codecs.charmap_encode(input,self.errors,encoding_table)[0]
           ^^^^^^^^^^^^^^^^^^^^^^^^^^^^^^^^^^^^^^^^^^^^^^^^^^^^^^^
UnicodeEncodeError: 'charmap' codec can't encode characters in position 21-40: character maps to <undefined>

2025-03-28 15:52:09,439 - root - ERROR - Error evaluating model for Kandivali: 'charmap' codec can't encode characters in position 21-40: character maps to <undefined>
2025-03-28 15:52:09,440 - root - ERROR - Traceback (most recent call last):
  File "C:\Users\Pranav\Desktop\IIT Kanpur\project\2022_SSDA_airquality\evaluate_all_localities.py", line 147, in evaluate_locality
    results = predictor.evaluate_predictions(test_data)
              ^^^^^^^^^^^^^^^^^^^^^^^^^^^^^^^^^^^^^^^^^
  File "C:\Users\Pranav\Desktop\IIT Kanpur\project\2022_SSDA_airquality\lstm_distance.py", line 644, in evaluate_predictions
    y_pred_scaled = self.model.predict(X)
                    ^^^^^^^^^^^^^^^^^^^^^
  File "C:\Users\Pranav\AppData\Roaming\Python\Python312\site-packages\keras\src\utils\traceback_utils.py", line 122, in error_handler
    raise e.with_traceback(filtered_tb) from None
  File "C:\Program Files\Python312\Lib\concurrent\futures\_base.py", line 461, in result
    self = None
    ^^^^
  File "C:\Program Files\Python312\Lib\concurrent\futures\_base.py", line 404, in __get_result
    self = None
    ^^^^
  File "C:\Program Files\Python312\Lib\concurrent\futures\thread.py", line 62, in run
    self = None
    ^^^^
  File "C:\Program Files\Python312\Lib\encodings\cp1252.py", line 19, in encode
    return codecs.charmap_encode(input,self.errors,encoding_table)[0]
           ^^^^^^^^^^^^^^^^^^^^^^^^^^^^^^^^^^^^^^^^^^^^^^^^^^^^^^^
UnicodeEncodeError: 'charmap' codec can't encode characters in position 21-40: character maps to <undefined>

2025-03-28 15:52:09,441 - root - INFO - Evaluating locality: Kurla
2025-03-28 15:52:09,441 - root - INFO - Loaded coordinates for 26 localities
2025-03-28 15:52:09,444 - root - INFO - Found 12 nearby localities for Kurla
2025-03-28 15:52:09,444 - root - INFO -   - Chembur: 2.27 km, weight: 0.3211
2025-03-28 15:52:09,445 - root - INFO -   - Sion: 2.71 km, weight: 0.2574
2025-03-28 15:52:09,445 - root - INFO -   - Airport: 3.04 km, weight: 0.2185
2025-03-28 15:52:09,445 - root - INFO -   - Dharavi: 3.21 km, weight: 0.2009
2025-03-28 15:52:09,445 - root - INFO -   - Bandra: 4.30 km, weight: 0.1163
2025-03-28 15:52:09,445 - root - INFO -   - Vileparle: 5.34 km, weight: 0.0694
2025-03-28 15:52:09,445 - root - INFO -   - Vile Parle: 5.34 km, weight: 0.0694
2025-03-28 15:52:09,445 - root - INFO -   - Dadar: 6.50 km, weight: 0.0388
2025-03-28 15:52:09,445 - root - INFO -   - Powai: 6.57 km, weight: 0.0374
2025-03-28 15:52:09,445 - root - INFO -   - Andheri: 6.94 km, weight: 0.0312
2025-03-28 15:52:09,445 - root - INFO -   - Juhu: 7.15 km, weight: 0.0281
2025-03-28 15:52:09,445 - root - INFO -   - Worli: 8.80 km, weight: 0.0123
2025-03-28 15:52:09,445 - root - INFO - Initializing LSTM Predictor for Kurla
2025-03-28 15:52:09,445 - root - INFO - Sequence length: 24, Prediction horizon: 6
2025-03-28 15:52:09,445 - root - INFO - Loading cleaned data from spatial_cleaned_data\Kurla_spatial_weighted.csv
2025-03-28 15:52:09,455 - root - INFO - Using spatial data from nearby localities to fill any remaining missing values
2025-03-28 15:52:09,455 - root - INFO - No missing PM2.5 values found
2025-03-28 15:52:09,456 - root - INFO - Loaded cleaned data with shape: (5425, 4)
2025-03-28 15:52:09,456 - root - INFO - Features selected: ['PM10', 'RH', 'AT']
2025-03-28 15:52:09,456 - root - INFO - Train data shape: (4340, 4), Test data shape: (1085, 4)
2025-03-28 15:52:09,456 - root - INFO - Loading existing model for Kurla
2025-03-28 15:52:09,589 - root - INFO - Evaluating predictions for Kurla
2025-03-28 15:52:09,589 - root - INFO - Preparing sequences from data with shape: (1085, 4)
2025-03-28 15:52:09,599 - root - INFO - Creating 1056 sequences...
2025-03-28 15:52:09,601 - root - INFO - Sequence preparation completed. X shape: (1056, 24, 22), y shape: (1056, 6)
2025-03-28 15:52:09,601 - root - INFO - Sequence preparation took 0.01 seconds
2025-03-28 15:52:09,934 - root - ERROR - Error in evaluate_predictions: 'charmap' codec can't encode characters in position 21-40: character maps to <undefined>
2025-03-28 15:52:09,935 - root - ERROR - Traceback (most recent call last):
  File "C:\Users\Pranav\Desktop\IIT Kanpur\project\2022_SSDA_airquality\lstm_distance.py", line 644, in evaluate_predictions
    y_pred_scaled = self.model.predict(X)
                    ^^^^^^^^^^^^^^^^^^^^^
  File "C:\Users\Pranav\AppData\Roaming\Python\Python312\site-packages\keras\src\utils\traceback_utils.py", line 122, in error_handler
    raise e.with_traceback(filtered_tb) from None
  File "C:\Program Files\Python312\Lib\concurrent\futures\_base.py", line 461, in result
    self = None
    ^^^^
  File "C:\Program Files\Python312\Lib\concurrent\futures\_base.py", line 404, in __get_result
    self = None
    ^^^^
  File "C:\Program Files\Python312\Lib\concurrent\futures\thread.py", line 62, in run
    self = None
    ^^^^
  File "C:\Program Files\Python312\Lib\encodings\cp1252.py", line 19, in encode
    return codecs.charmap_encode(input,self.errors,encoding_table)[0]
           ^^^^^^^^^^^^^^^^^^^^^^^^^^^^^^^^^^^^^^^^^^^^^^^^^^^^^^^
UnicodeEncodeError: 'charmap' codec can't encode characters in position 21-40: character maps to <undefined>

2025-03-28 15:52:09,935 - root - ERROR - Error evaluating model for Kurla: 'charmap' codec can't encode characters in position 21-40: character maps to <undefined>
2025-03-28 15:52:09,935 - root - ERROR - Traceback (most recent call last):
  File "C:\Users\Pranav\Desktop\IIT Kanpur\project\2022_SSDA_airquality\evaluate_all_localities.py", line 147, in evaluate_locality
    results = predictor.evaluate_predictions(test_data)
              ^^^^^^^^^^^^^^^^^^^^^^^^^^^^^^^^^^^^^^^^^
  File "C:\Users\Pranav\Desktop\IIT Kanpur\project\2022_SSDA_airquality\lstm_distance.py", line 644, in evaluate_predictions
    y_pred_scaled = self.model.predict(X)
                    ^^^^^^^^^^^^^^^^^^^^^
  File "C:\Users\Pranav\AppData\Roaming\Python\Python312\site-packages\keras\src\utils\traceback_utils.py", line 122, in error_handler
    raise e.with_traceback(filtered_tb) from None
  File "C:\Program Files\Python312\Lib\concurrent\futures\_base.py", line 461, in result
    self = None
    ^^^^
  File "C:\Program Files\Python312\Lib\concurrent\futures\_base.py", line 404, in __get_result
    self = None
    ^^^^
  File "C:\Program Files\Python312\Lib\concurrent\futures\thread.py", line 62, in run
    self = None
    ^^^^
  File "C:\Program Files\Python312\Lib\encodings\cp1252.py", line 19, in encode
    return codecs.charmap_encode(input,self.errors,encoding_table)[0]
           ^^^^^^^^^^^^^^^^^^^^^^^^^^^^^^^^^^^^^^^^^^^^^^^^^^^^^^^
UnicodeEncodeError: 'charmap' codec can't encode characters in position 21-40: character maps to <undefined>

2025-03-28 15:52:09,936 - root - INFO - Evaluating locality: Mahape
2025-03-28 15:52:09,936 - root - INFO - Loaded coordinates for 26 localities
2025-03-28 15:52:09,940 - root - INFO - Found 3 nearby localities for Mahape
2025-03-28 15:52:09,940 - root - INFO -   - Nerul: 8.48 km, weight: 0.0144
2025-03-28 15:52:09,940 - root - INFO -   - Navi Mumbai: 9.11 km, weight: 0.0105
2025-03-28 15:52:09,940 - root - INFO -   - Mulund: 9.72 km, weight: 0.0078
2025-03-28 15:52:09,940 - root - INFO - Initializing LSTM Predictor for Mahape
2025-03-28 15:52:09,940 - root - INFO - Sequence length: 24, Prediction horizon: 6
2025-03-28 15:52:09,941 - root - INFO - Loading cleaned data from spatial_cleaned_data\Mahape_spatial_weighted.csv
2025-03-28 15:52:09,951 - root - INFO - Using spatial data from nearby localities to fill any remaining missing values
2025-03-28 15:52:09,951 - root - INFO - No missing PM2.5 values found
2025-03-28 15:52:09,952 - root - INFO - Loaded cleaned data with shape: (5320, 4)
2025-03-28 15:52:09,952 - root - INFO - Features selected: ['PM10', 'RH', 'AT']
2025-03-28 15:52:09,952 - root - INFO - Train data shape: (4256, 4), Test data shape: (1064, 4)
2025-03-28 15:52:09,952 - root - INFO - Loading existing model for Mahape
2025-03-28 15:52:10,303 - root - INFO - Evaluating predictions for Mahape
2025-03-28 15:52:10,303 - root - INFO - Preparing sequences from data with shape: (1064, 4)
2025-03-28 15:52:10,313 - root - INFO - Creating 1035 sequences...
2025-03-28 15:52:10,315 - root - INFO - Sequence preparation completed. X shape: (1035, 24, 22), y shape: (1035, 6)
2025-03-28 15:52:10,315 - root - INFO - Sequence preparation took 0.01 seconds
2025-03-28 15:52:10,643 - root - ERROR - Error in evaluate_predictions: 'charmap' codec can't encode characters in position 21-40: character maps to <undefined>
2025-03-28 15:52:10,643 - root - ERROR - Traceback (most recent call last):
  File "C:\Users\Pranav\Desktop\IIT Kanpur\project\2022_SSDA_airquality\lstm_distance.py", line 644, in evaluate_predictions
    y_pred_scaled = self.model.predict(X)
                    ^^^^^^^^^^^^^^^^^^^^^
  File "C:\Users\Pranav\AppData\Roaming\Python\Python312\site-packages\keras\src\utils\traceback_utils.py", line 122, in error_handler
    raise e.with_traceback(filtered_tb) from None
  File "C:\Program Files\Python312\Lib\concurrent\futures\_base.py", line 461, in result
    self = None
    ^^^^
  File "C:\Program Files\Python312\Lib\concurrent\futures\_base.py", line 404, in __get_result
    self = None
    ^^^^
  File "C:\Program Files\Python312\Lib\concurrent\futures\thread.py", line 62, in run
    self = None
    ^^^^
  File "C:\Program Files\Python312\Lib\encodings\cp1252.py", line 19, in encode
    return codecs.charmap_encode(input,self.errors,encoding_table)[0]
           ^^^^^^^^^^^^^^^^^^^^^^^^^^^^^^^^^^^^^^^^^^^^^^^^^^^^^^^
UnicodeEncodeError: 'charmap' codec can't encode characters in position 21-40: character maps to <undefined>

2025-03-28 15:52:10,643 - root - ERROR - Error evaluating model for Mahape: 'charmap' codec can't encode characters in position 21-40: character maps to <undefined>
2025-03-28 15:52:10,644 - root - ERROR - Traceback (most recent call last):
  File "C:\Users\Pranav\Desktop\IIT Kanpur\project\2022_SSDA_airquality\evaluate_all_localities.py", line 147, in evaluate_locality
    results = predictor.evaluate_predictions(test_data)
              ^^^^^^^^^^^^^^^^^^^^^^^^^^^^^^^^^^^^^^^^^
  File "C:\Users\Pranav\Desktop\IIT Kanpur\project\2022_SSDA_airquality\lstm_distance.py", line 644, in evaluate_predictions
    y_pred_scaled = self.model.predict(X)
                    ^^^^^^^^^^^^^^^^^^^^^
  File "C:\Users\Pranav\AppData\Roaming\Python\Python312\site-packages\keras\src\utils\traceback_utils.py", line 122, in error_handler
    raise e.with_traceback(filtered_tb) from None
  File "C:\Program Files\Python312\Lib\concurrent\futures\_base.py", line 461, in result
    self = None
    ^^^^
  File "C:\Program Files\Python312\Lib\concurrent\futures\_base.py", line 404, in __get_result
    self = None
    ^^^^
  File "C:\Program Files\Python312\Lib\concurrent\futures\thread.py", line 62, in run
    self = None
    ^^^^
  File "C:\Program Files\Python312\Lib\encodings\cp1252.py", line 19, in encode
    return codecs.charmap_encode(input,self.errors,encoding_table)[0]
           ^^^^^^^^^^^^^^^^^^^^^^^^^^^^^^^^^^^^^^^^^^^^^^^^^^^^^^^
UnicodeEncodeError: 'charmap' codec can't encode characters in position 21-40: character maps to <undefined>

2025-03-28 15:52:10,645 - root - INFO - Evaluating locality: Mulund
2025-03-28 15:52:10,645 - root - INFO - Loaded coordinates for 26 localities
2025-03-28 15:52:10,648 - root - INFO - Found 3 nearby localities for Mulund
2025-03-28 15:52:10,648 - root - INFO -   - Thane: 2.86 km, weight: 0.2397
2025-03-28 15:52:10,648 - root - INFO -   - Powai: 7.84 km, weight: 0.0198
2025-03-28 15:52:10,648 - root - INFO -   - Mahape: 9.72 km, weight: 0.0078
2025-03-28 15:52:10,649 - root - INFO - Initializing LSTM Predictor for Mulund
2025-03-28 15:52:10,649 - root - INFO - Sequence length: 24, Prediction horizon: 6
2025-03-28 15:52:10,649 - root - INFO - Loading cleaned data from spatial_cleaned_data\Mulund_spatial_weighted.csv
2025-03-28 15:52:10,659 - root - INFO - Using spatial data from nearby localities to fill any remaining missing values
2025-03-28 15:52:10,659 - root - INFO - No missing PM2.5 values found
2025-03-28 15:52:10,660 - root - INFO - Loaded cleaned data with shape: (5425, 4)
2025-03-28 15:52:10,660 - root - INFO - Features selected: ['PM10', 'RH', 'AT']
2025-03-28 15:52:10,660 - root - INFO - Train data shape: (4340, 4), Test data shape: (1085, 4)
2025-03-28 15:52:10,660 - root - INFO - Loading existing model for Mulund
2025-03-28 15:52:10,792 - root - INFO - Evaluating predictions for Mulund
2025-03-28 15:52:10,793 - root - INFO - Preparing sequences from data with shape: (1085, 4)
2025-03-28 15:52:10,803 - root - INFO - Creating 1056 sequences...
2025-03-28 15:52:10,805 - root - INFO - Sequence preparation completed. X shape: (1056, 24, 22), y shape: (1056, 6)
2025-03-28 15:52:10,805 - root - INFO - Sequence preparation took 0.01 seconds
2025-03-28 15:54:50,464 - root - INFO - Evaluating 15 localities: Airport, Bandra, Borivali, Colaba, Kalyan, Kandivali, Kurla, Mahape, Mulund, Nerul, Powai, Sion, Vasai, Vileparle, Worli
2025-03-28 15:54:50,465 - root - INFO - Using sequence_length=24, prediction_horizon=6
2025-03-28 15:54:50,466 - root - INFO - Evaluating locality: Airport
2025-03-28 15:54:50,466 - root - INFO - Loaded coordinates for 26 localities
2025-03-28 15:54:50,469 - root - INFO - Found 12 nearby localities for Airport
2025-03-28 15:54:50,469 - root - INFO -   - Vileparle: 2.54 km, weight: 0.2804
2025-03-28 15:54:50,469 - root - INFO -   - Vile Parle: 2.54 km, weight: 0.2804
2025-03-28 15:54:50,469 - root - INFO -   - Kurla: 3.04 km, weight: 0.2185
2025-03-28 15:54:50,469 - root - INFO -   - Andheri: 3.90 km, weight: 0.1426
2025-03-28 15:54:50,469 - root - INFO -   - Juhu: 4.45 km, weight: 0.1083
2025-03-28 15:54:50,469 - root - INFO -   - Bandra: 4.67 km, weight: 0.0967
2025-03-28 15:54:50,469 - root - INFO -   - Sion: 4.77 km, weight: 0.0919
2025-03-28 15:54:50,469 - root - INFO -   - Dharavi: 5.05 km, weight: 0.0801
2025-03-28 15:54:50,470 - root - INFO -   - Chembur: 5.14 km, weight: 0.0765
2025-03-28 15:54:50,470 - root - INFO -   - Powai: 5.45 km, weight: 0.0656
2025-03-28 15:54:50,470 - root - INFO -   - Dadar: 8.28 km, weight: 0.0159
2025-03-28 15:54:50,471 - root - INFO -   - Worli: 9.97 km, weight: 0.0068
2025-03-28 15:54:50,471 - root - INFO - Initializing LSTM Predictor for Airport
2025-03-28 15:54:50,471 - root - INFO - Sequence length: 24, Prediction horizon: 6
2025-03-28 15:54:50,471 - root - INFO - Loading cleaned data from spatial_cleaned_data\Airport_spatial_weighted.csv
2025-03-28 15:54:50,482 - root - INFO - Using spatial data from nearby localities to fill any remaining missing values
2025-03-28 15:54:50,482 - root - INFO - No missing PM2.5 values found
2025-03-28 15:54:50,483 - root - INFO - Loaded cleaned data with shape: (5305, 4)
2025-03-28 15:54:50,483 - root - INFO - Features selected: ['PM10', 'RH', 'AT']
2025-03-28 15:54:50,484 - root - INFO - Train data shape: (4244, 4), Test data shape: (1061, 4)
2025-03-28 15:54:50,484 - root - INFO - Loading existing model for Airport
2025-03-28 15:54:50,688 - root - INFO - Evaluating predictions for Airport
2025-03-28 15:54:50,688 - root - INFO - Preparing sequences from data with shape: (1061, 4)
2025-03-28 15:54:50,702 - root - INFO - Creating 1032 sequences...
2025-03-28 15:54:50,704 - root - INFO - Sequence preparation completed. X shape: (1032, 24, 22), y shape: (1032, 6)
2025-03-28 15:54:50,704 - root - INFO - Sequence preparation took 0.02 seconds
2025-03-28 15:54:51,667 - root - INFO - Evaluation completed in 0.98 seconds
2025-03-28 15:54:51,668 - root - INFO - Evaluation metrics - MAE: 6.56, RMSE: 8.50
2025-03-28 15:54:51,668 - root - ERROR - Error in visualize_results: name 'matplotlib' is not defined
2025-03-28 15:54:51,671 - root - ERROR - Traceback (most recent call last):
  File "C:\Users\Pranav\Desktop\IIT Kanpur\project\2022_SSDA_airquality\lstm_distance.py", line 719, in visualize_results
    matplotlib.use('Agg')
    ^^^^^^^^^^
NameError: name 'matplotlib' is not defined

2025-03-28 15:54:51,671 - root - INFO - Final Evaluation Results:
2025-03-28 15:54:51,671 - root - INFO - MAE: 6.56
2025-03-28 15:54:51,671 - root - INFO - RMSE: 8.50
2025-03-28 15:54:51,672 - root - INFO - MSE: 72.30
2025-03-28 15:54:51,673 - root - INFO - Evaluating locality: Bandra
2025-03-28 15:54:51,673 - root - INFO - Loaded coordinates for 26 localities
2025-03-28 15:54:51,676 - root - INFO - Found 12 nearby localities for Bandra
2025-03-28 15:54:51,676 - root - INFO -   - Dharavi: 2.26 km, weight: 0.3231
2025-03-28 15:54:51,676 - root - INFO -   - Sion: 2.60 km, weight: 0.2723
2025-03-28 15:54:51,676 - root - INFO -   - Dadar: 4.14 km, weight: 0.1262
2025-03-28 15:54:51,677 - root - INFO -   - Kurla: 4.30 km, weight: 0.1163
2025-03-28 15:54:51,677 - root - INFO -   - Airport: 4.67 km, weight: 0.0967
2025-03-28 15:54:51,677 - root - INFO -   - Vileparle: 4.99 km, weight: 0.0826
2025-03-28 15:54:51,677 - root - INFO -   - Vile Parle: 4.99 km, weight: 0.0825
2025-03-28 15:54:51,677 - root - INFO -   - Worli: 5.33 km, weight: 0.0697
2025-03-28 15:54:51,677 - root - INFO -   - Juhu: 5.91 km, weight: 0.0520
2025-03-28 15:54:51,678 - root - INFO -   - Chembur: 6.08 km, weight: 0.0479
2025-03-28 15:54:51,678 - root - INFO -   - Andheri: 7.19 km, weight: 0.0274
2025-03-28 15:54:51,678 - root - INFO -   - Powai: 9.98 km, weight: 0.0068
2025-03-28 15:54:51,678 - root - INFO - Initializing LSTM Predictor for Bandra
2025-03-28 15:54:51,678 - root - INFO - Sequence length: 24, Prediction horizon: 6
2025-03-28 15:54:51,678 - root - INFO - Loading cleaned data from spatial_cleaned_data\Bandra_spatial_weighted.csv
2025-03-28 15:54:51,687 - root - INFO - Using spatial data from nearby localities to fill any remaining missing values
2025-03-28 15:54:51,687 - root - INFO - No missing PM2.5 values found
2025-03-28 15:54:51,688 - root - INFO - Loaded cleaned data with shape: (5441, 4)
2025-03-28 15:54:51,688 - root - INFO - Features selected: ['PM10', 'RH', 'AT']
2025-03-28 15:54:51,689 - root - INFO - Train data shape: (4352, 4), Test data shape: (1089, 4)
2025-03-28 15:54:51,689 - root - INFO - Loading existing model for Bandra
2025-03-28 15:54:51,857 - root - INFO - Evaluating predictions for Bandra
2025-03-28 15:54:51,858 - root - INFO - Preparing sequences from data with shape: (1089, 4)
2025-03-28 15:54:51,869 - root - INFO - Creating 1060 sequences...
2025-03-28 15:54:51,872 - root - INFO - Sequence preparation completed. X shape: (1060, 24, 22), y shape: (1060, 6)
2025-03-28 15:54:51,872 - root - INFO - Sequence preparation took 0.01 seconds
2025-03-28 15:54:52,795 - root - INFO - Evaluation completed in 0.94 seconds
2025-03-28 15:54:52,795 - root - INFO - Evaluation metrics - MAE: 9.47, RMSE: 12.76
2025-03-28 15:54:52,795 - root - ERROR - Error in visualize_results: name 'matplotlib' is not defined
2025-03-28 15:54:52,798 - root - ERROR - Traceback (most recent call last):
  File "C:\Users\Pranav\Desktop\IIT Kanpur\project\2022_SSDA_airquality\lstm_distance.py", line 719, in visualize_results
    matplotlib.use('Agg')
    ^^^^^^^^^^
NameError: name 'matplotlib' is not defined

2025-03-28 15:54:52,798 - root - INFO - Final Evaluation Results:
2025-03-28 15:54:52,798 - root - INFO - MAE: 9.47
2025-03-28 15:54:52,798 - root - INFO - RMSE: 12.76
2025-03-28 15:54:52,798 - root - INFO - MSE: 162.89
2025-03-28 15:54:52,800 - root - INFO - Evaluating locality: Borivali
2025-03-28 15:54:52,801 - root - INFO - Loaded coordinates for 26 localities
2025-03-28 15:54:52,804 - root - INFO - Found 2 nearby localities for Borivali
2025-03-28 15:54:52,804 - root - INFO -   - Kandivali: 3.02 km, weight: 0.2211
2025-03-28 15:54:52,804 - root - INFO -   - Malad: 4.78 km, weight: 0.0917
2025-03-28 15:54:52,804 - root - INFO - Initializing LSTM Predictor for Borivali
2025-03-28 15:54:52,805 - root - INFO - Sequence length: 24, Prediction horizon: 6
2025-03-28 15:54:52,805 - root - INFO - Loading cleaned data from spatial_cleaned_data\Borivali_spatial_weighted.csv
2025-03-28 15:54:52,814 - root - INFO - Using spatial data from nearby localities to fill any remaining missing values
2025-03-28 15:54:52,814 - root - INFO - No missing PM2.5 values found
2025-03-28 15:54:52,815 - root - INFO - Loaded cleaned data with shape: (5425, 4)
2025-03-28 15:54:52,815 - root - INFO - Features selected: ['PM10', 'RH', 'AT']
2025-03-28 15:54:52,815 - root - INFO - Train data shape: (4340, 4), Test data shape: (1085, 4)
2025-03-28 15:54:52,815 - root - INFO - Loading existing model for Borivali
2025-03-28 15:54:52,990 - root - INFO - Evaluating predictions for Borivali
2025-03-28 15:54:52,991 - root - INFO - Preparing sequences from data with shape: (1085, 4)
2025-03-28 15:54:53,002 - root - INFO - Creating 1056 sequences...
2025-03-28 15:54:53,005 - root - INFO - Sequence preparation completed. X shape: (1056, 24, 22), y shape: (1056, 6)
2025-03-28 15:54:53,005 - root - INFO - Sequence preparation took 0.01 seconds
2025-03-28 15:54:53,633 - root - INFO - Evaluation completed in 0.64 seconds
2025-03-28 15:54:53,634 - root - INFO - Evaluation metrics - MAE: 5.95, RMSE: 9.14
2025-03-28 15:54:53,634 - root - ERROR - Error in visualize_results: name 'matplotlib' is not defined
2025-03-28 15:54:53,637 - root - ERROR - Traceback (most recent call last):
  File "C:\Users\Pranav\Desktop\IIT Kanpur\project\2022_SSDA_airquality\lstm_distance.py", line 719, in visualize_results
    matplotlib.use('Agg')
    ^^^^^^^^^^
NameError: name 'matplotlib' is not defined

2025-03-28 15:54:53,637 - root - INFO - Final Evaluation Results:
2025-03-28 15:54:53,637 - root - INFO - MAE: 5.95
2025-03-28 15:54:53,637 - root - INFO - RMSE: 9.14
2025-03-28 15:54:53,637 - root - INFO - MSE: 83.59
2025-03-28 15:54:53,639 - root - INFO - Evaluating locality: Colaba
2025-03-28 15:54:53,639 - root - INFO - Loaded coordinates for 26 localities
2025-03-28 15:54:53,642 - root - INFO - Found 1 nearby localities for Colaba
2025-03-28 15:54:53,642 - root - INFO -   - Malabar Hill: 5.33 km, weight: 0.0696
2025-03-28 15:54:53,642 - root - INFO - Initializing LSTM Predictor for Colaba
2025-03-28 15:54:53,642 - root - INFO - Sequence length: 24, Prediction horizon: 6
2025-03-28 15:54:53,643 - root - INFO - Loading cleaned data from spatial_cleaned_data\Colaba_spatial_weighted.csv
2025-03-28 15:54:53,649 - root - INFO - Using spatial data from nearby localities to fill any remaining missing values
2025-03-28 15:54:53,650 - root - INFO - No missing PM2.5 values found
2025-03-28 15:54:53,650 - root - INFO - Loaded cleaned data with shape: (4801, 4)
2025-03-28 15:54:53,650 - root - INFO - Features selected: ['PM10', 'RH', 'AT']
2025-03-28 15:54:53,651 - root - INFO - Train data shape: (3840, 4), Test data shape: (961, 4)
2025-03-28 15:54:53,651 - root - INFO - Loading existing model for Colaba
2025-03-28 15:54:53,839 - root - INFO - Evaluating predictions for Colaba
2025-03-28 15:54:53,839 - root - INFO - Preparing sequences from data with shape: (961, 4)
2025-03-28 15:54:53,851 - root - INFO - Creating 932 sequences...
2025-03-28 15:54:53,853 - root - INFO - Sequence preparation completed. X shape: (932, 24, 22), y shape: (932, 6)
2025-03-28 15:54:53,853 - root - INFO - Sequence preparation took 0.01 seconds
2025-03-28 15:54:54,716 - root - INFO - Evaluation completed in 0.88 seconds
2025-03-28 15:54:54,716 - root - INFO - Evaluation metrics - MAE: 1.99, RMSE: 4.08
2025-03-28 15:54:54,716 - root - ERROR - Error in visualize_results: name 'matplotlib' is not defined
2025-03-28 15:54:54,718 - root - ERROR - Traceback (most recent call last):
  File "C:\Users\Pranav\Desktop\IIT Kanpur\project\2022_SSDA_airquality\lstm_distance.py", line 719, in visualize_results
    matplotlib.use('Agg')
    ^^^^^^^^^^
NameError: name 'matplotlib' is not defined

2025-03-28 15:54:54,719 - root - INFO - Final Evaluation Results:
2025-03-28 15:54:54,719 - root - INFO - MAE: 1.99
2025-03-28 15:54:54,719 - root - INFO - RMSE: 4.08
2025-03-28 15:54:54,719 - root - INFO - MSE: 16.67
2025-03-28 15:54:54,720 - root - INFO - Evaluating locality: Kalyan
2025-03-28 15:54:54,721 - root - INFO - Loaded coordinates for 26 localities
2025-03-28 15:54:54,723 - root - INFO - Found 0 nearby localities for Kalyan
2025-03-28 15:54:54,723 - root - INFO - Initializing LSTM Predictor for Kalyan
2025-03-28 15:54:54,723 - root - INFO - Sequence length: 24, Prediction horizon: 6
2025-03-28 15:54:54,723 - root - INFO - Loading cleaned data from spatial_cleaned_data\Kalyan_spatial_weighted.csv
2025-03-28 15:54:54,730 - root - WARNING - Data still contains NaN values. Filling with forward and backward fill.
2025-03-28 15:54:54,731 - root - INFO - Loaded cleaned data with shape: (5442, 4)
2025-03-28 15:54:54,732 - root - INFO - Features selected: ['PM10', 'RH', 'AT']
2025-03-28 15:54:54,732 - root - INFO - Train data shape: (4353, 4), Test data shape: (1089, 4)
2025-03-28 15:54:54,732 - root - INFO - Loading existing model for Kalyan
2025-03-28 15:54:54,892 - root - INFO - Evaluating predictions for Kalyan
2025-03-28 15:54:54,892 - root - INFO - Preparing sequences from data with shape: (1089, 4)
2025-03-28 15:54:54,904 - root - INFO - Creating 1060 sequences...
2025-03-28 15:54:54,906 - root - INFO - Sequence preparation completed. X shape: (1060, 24, 22), y shape: (1060, 6)
2025-03-28 15:54:54,906 - root - INFO - Sequence preparation took 0.01 seconds
2025-03-28 15:54:55,747 - root - INFO - Evaluation completed in 0.85 seconds
2025-03-28 15:54:55,747 - root - INFO - Evaluation metrics - MAE: 12.31, RMSE: 16.93
2025-03-28 15:54:55,748 - root - ERROR - Error in visualize_results: name 'matplotlib' is not defined
2025-03-28 15:54:55,750 - root - ERROR - Traceback (most recent call last):
  File "C:\Users\Pranav\Desktop\IIT Kanpur\project\2022_SSDA_airquality\lstm_distance.py", line 719, in visualize_results
    matplotlib.use('Agg')
    ^^^^^^^^^^
NameError: name 'matplotlib' is not defined

2025-03-28 15:54:55,750 - root - INFO - Final Evaluation Results:
2025-03-28 15:54:55,750 - root - INFO - MAE: 12.31
2025-03-28 15:54:55,751 - root - INFO - RMSE: 16.93
2025-03-28 15:54:55,751 - root - INFO - MSE: 286.79
2025-03-28 15:54:55,752 - root - INFO - Evaluating locality: Kandivali
2025-03-28 15:54:55,752 - root - INFO - Loaded coordinates for 26 localities
2025-03-28 15:54:55,755 - root - INFO - Found 3 nearby localities for Kandivali
2025-03-28 15:54:55,755 - root - INFO -   - Malad: 1.76 km, weight: 0.4149
2025-03-28 15:54:55,755 - root - INFO -   - Borivali: 3.02 km, weight: 0.2211
2025-03-28 15:54:55,755 - root - INFO -   - Andheri: 9.16 km, weight: 0.0102
2025-03-28 15:54:55,755 - root - INFO - Initializing LSTM Predictor for Kandivali
2025-03-28 15:54:55,755 - root - INFO - Sequence length: 24, Prediction horizon: 6
2025-03-28 15:54:55,756 - root - INFO - Loading cleaned data from spatial_cleaned_data\Kandivali_spatial_weighted.csv
2025-03-28 15:54:55,764 - root - INFO - Using spatial data from nearby localities to fill any remaining missing values
2025-03-28 15:54:55,764 - root - INFO - No missing PM2.5 values found
2025-03-28 15:54:55,765 - root - INFO - Loaded cleaned data with shape: (4801, 4)
2025-03-28 15:54:55,765 - root - INFO - Features selected: ['PM10', 'RH', 'AT']
2025-03-28 15:54:55,765 - root - INFO - Train data shape: (3840, 4), Test data shape: (961, 4)
2025-03-28 15:54:55,765 - root - INFO - Loading existing model for Kandivali
2025-03-28 15:54:56,157 - root - INFO - Evaluating predictions for Kandivali
2025-03-28 15:54:56,158 - root - INFO - Preparing sequences from data with shape: (961, 4)
2025-03-28 15:54:56,167 - root - INFO - Creating 932 sequences...
2025-03-28 15:54:56,169 - root - INFO - Sequence preparation completed. X shape: (932, 24, 22), y shape: (932, 6)
2025-03-28 15:54:56,169 - root - INFO - Sequence preparation took 0.01 seconds
2025-03-28 15:54:57,024 - root - INFO - Evaluation completed in 0.87 seconds
2025-03-28 15:54:57,024 - root - INFO - Evaluation metrics - MAE: 8.92, RMSE: 12.92
2025-03-28 15:54:57,024 - root - ERROR - Error in visualize_results: name 'matplotlib' is not defined
2025-03-28 15:54:57,026 - root - ERROR - Traceback (most recent call last):
  File "C:\Users\Pranav\Desktop\IIT Kanpur\project\2022_SSDA_airquality\lstm_distance.py", line 719, in visualize_results
    matplotlib.use('Agg')
    ^^^^^^^^^^
NameError: name 'matplotlib' is not defined

2025-03-28 15:54:57,026 - root - INFO - Final Evaluation Results:
2025-03-28 15:54:57,026 - root - INFO - MAE: 8.92
2025-03-28 15:54:57,026 - root - INFO - RMSE: 12.92
2025-03-28 15:54:57,027 - root - INFO - MSE: 166.87
2025-03-28 15:54:57,028 - root - INFO - Evaluating locality: Kurla
2025-03-28 15:54:57,028 - root - INFO - Loaded coordinates for 26 localities
2025-03-28 15:54:57,031 - root - INFO - Found 12 nearby localities for Kurla
2025-03-28 15:54:57,031 - root - INFO -   - Chembur: 2.27 km, weight: 0.3211
2025-03-28 15:54:57,031 - root - INFO -   - Sion: 2.71 km, weight: 0.2574
2025-03-28 15:54:57,031 - root - INFO -   - Airport: 3.04 km, weight: 0.2185
2025-03-28 15:54:57,032 - root - INFO -   - Dharavi: 3.21 km, weight: 0.2009
2025-03-28 15:54:57,032 - root - INFO -   - Bandra: 4.30 km, weight: 0.1163
2025-03-28 15:54:57,032 - root - INFO -   - Vileparle: 5.34 km, weight: 0.0694
2025-03-28 15:54:57,032 - root - INFO -   - Vile Parle: 5.34 km, weight: 0.0694
2025-03-28 15:54:57,032 - root - INFO -   - Dadar: 6.50 km, weight: 0.0388
2025-03-28 15:54:57,032 - root - INFO -   - Powai: 6.57 km, weight: 0.0374
2025-03-28 15:54:57,032 - root - INFO -   - Andheri: 6.94 km, weight: 0.0312
2025-03-28 15:54:57,032 - root - INFO -   - Juhu: 7.15 km, weight: 0.0281
2025-03-28 15:54:57,032 - root - INFO -   - Worli: 8.80 km, weight: 0.0123
2025-03-28 15:54:57,032 - root - INFO - Initializing LSTM Predictor for Kurla
2025-03-28 15:54:57,032 - root - INFO - Sequence length: 24, Prediction horizon: 6
2025-03-28 15:54:57,033 - root - INFO - Loading cleaned data from spatial_cleaned_data\Kurla_spatial_weighted.csv
2025-03-28 15:54:57,042 - root - INFO - Using spatial data from nearby localities to fill any remaining missing values
2025-03-28 15:54:57,042 - root - INFO - No missing PM2.5 values found
2025-03-28 15:54:57,043 - root - INFO - Loaded cleaned data with shape: (5425, 4)
2025-03-28 15:54:57,043 - root - INFO - Features selected: ['PM10', 'RH', 'AT']
2025-03-28 15:54:57,043 - root - INFO - Train data shape: (4340, 4), Test data shape: (1085, 4)
2025-03-28 15:54:57,044 - root - INFO - Loading existing model for Kurla
2025-03-28 15:54:57,165 - root - INFO - Evaluating predictions for Kurla
2025-03-28 15:54:57,165 - root - INFO - Preparing sequences from data with shape: (1085, 4)
2025-03-28 15:54:57,174 - root - INFO - Creating 1056 sequences...
2025-03-28 15:54:57,176 - root - INFO - Sequence preparation completed. X shape: (1056, 24, 22), y shape: (1056, 6)
2025-03-28 15:54:57,176 - root - INFO - Sequence preparation took 0.01 seconds
2025-03-28 15:54:57,743 - root - INFO - Evaluation completed in 0.58 seconds
2025-03-28 15:54:57,743 - root - INFO - Evaluation metrics - MAE: 10.40, RMSE: 23.73
2025-03-28 15:54:57,743 - root - ERROR - Error in visualize_results: name 'matplotlib' is not defined
2025-03-28 15:54:57,745 - root - ERROR - Traceback (most recent call last):
  File "C:\Users\Pranav\Desktop\IIT Kanpur\project\2022_SSDA_airquality\lstm_distance.py", line 719, in visualize_results
    matplotlib.use('Agg')
    ^^^^^^^^^^
NameError: name 'matplotlib' is not defined

2025-03-28 15:54:57,745 - root - INFO - Final Evaluation Results:
2025-03-28 15:54:57,746 - root - INFO - MAE: 10.40
2025-03-28 15:54:57,746 - root - INFO - RMSE: 23.73
2025-03-28 15:54:57,746 - root - INFO - MSE: 562.92
2025-03-28 15:54:57,747 - root - INFO - Evaluating locality: Mahape
2025-03-28 15:54:57,748 - root - INFO - Loaded coordinates for 26 localities
2025-03-28 15:54:57,750 - root - INFO - Found 3 nearby localities for Mahape
2025-03-28 15:54:57,750 - root - INFO -   - Nerul: 8.48 km, weight: 0.0144
2025-03-28 15:54:57,751 - root - INFO -   - Navi Mumbai: 9.11 km, weight: 0.0105
2025-03-28 15:54:57,751 - root - INFO -   - Mulund: 9.72 km, weight: 0.0078
2025-03-28 15:54:57,751 - root - INFO - Initializing LSTM Predictor for Mahape
2025-03-28 15:54:57,752 - root - INFO - Sequence length: 24, Prediction horizon: 6
2025-03-28 15:54:57,753 - root - INFO - Loading cleaned data from spatial_cleaned_data\Mahape_spatial_weighted.csv
2025-03-28 15:54:57,765 - root - INFO - Using spatial data from nearby localities to fill any remaining missing values
2025-03-28 15:54:57,766 - root - INFO - No missing PM2.5 values found
2025-03-28 15:54:57,766 - root - INFO - Loaded cleaned data with shape: (5320, 4)
2025-03-28 15:54:57,766 - root - INFO - Features selected: ['PM10', 'RH', 'AT']
2025-03-28 15:54:57,766 - root - INFO - Train data shape: (4256, 4), Test data shape: (1064, 4)
2025-03-28 15:54:57,767 - root - INFO - Loading existing model for Mahape
2025-03-28 15:54:57,901 - root - INFO - Evaluating predictions for Mahape
2025-03-28 15:54:57,902 - root - INFO - Preparing sequences from data with shape: (1064, 4)
2025-03-28 15:54:57,911 - root - INFO - Creating 1035 sequences...
2025-03-28 15:54:57,913 - root - INFO - Sequence preparation completed. X shape: (1035, 24, 22), y shape: (1035, 6)
2025-03-28 15:54:57,914 - root - INFO - Sequence preparation took 0.01 seconds
2025-03-28 15:54:58,751 - root - INFO - Evaluation completed in 0.85 seconds
2025-03-28 15:54:58,751 - root - INFO - Evaluation metrics - MAE: 9.78, RMSE: 13.41
2025-03-28 15:54:58,751 - root - ERROR - Error in visualize_results: name 'matplotlib' is not defined
2025-03-28 15:54:58,754 - root - ERROR - Traceback (most recent call last):
  File "C:\Users\Pranav\Desktop\IIT Kanpur\project\2022_SSDA_airquality\lstm_distance.py", line 719, in visualize_results
    matplotlib.use('Agg')
    ^^^^^^^^^^
NameError: name 'matplotlib' is not defined

2025-03-28 15:54:58,754 - root - INFO - Final Evaluation Results:
2025-03-28 15:54:58,754 - root - INFO - MAE: 9.78
2025-03-28 15:54:58,754 - root - INFO - RMSE: 13.41
2025-03-28 15:54:58,755 - root - INFO - MSE: 179.89
2025-03-28 15:54:58,755 - root - INFO - Evaluating locality: Mulund
2025-03-28 15:54:58,756 - root - INFO - Loaded coordinates for 26 localities
2025-03-28 15:54:58,759 - root - INFO - Found 3 nearby localities for Mulund
2025-03-28 15:54:58,759 - root - INFO -   - Thane: 2.86 km, weight: 0.2397
2025-03-28 15:54:58,759 - root - INFO -   - Powai: 7.84 km, weight: 0.0198
2025-03-28 15:54:58,759 - root - INFO -   - Mahape: 9.72 km, weight: 0.0078
2025-03-28 15:54:58,759 - root - INFO - Initializing LSTM Predictor for Mulund
2025-03-28 15:54:58,759 - root - INFO - Sequence length: 24, Prediction horizon: 6
2025-03-28 15:54:58,759 - root - INFO - Loading cleaned data from spatial_cleaned_data\Mulund_spatial_weighted.csv
2025-03-28 15:54:58,768 - root - INFO - Using spatial data from nearby localities to fill any remaining missing values
2025-03-28 15:54:58,768 - root - INFO - No missing PM2.5 values found
2025-03-28 15:54:58,769 - root - INFO - Loaded cleaned data with shape: (5425, 4)
2025-03-28 15:54:58,769 - root - INFO - Features selected: ['PM10', 'RH', 'AT']
2025-03-28 15:54:58,769 - root - INFO - Train data shape: (4340, 4), Test data shape: (1085, 4)
2025-03-28 15:54:58,770 - root - INFO - Loading existing model for Mulund
2025-03-28 15:54:58,895 - root - INFO - Evaluating predictions for Mulund
2025-03-28 15:54:58,895 - root - INFO - Preparing sequences from data with shape: (1085, 4)
2025-03-28 15:54:58,906 - root - INFO - Creating 1056 sequences...
2025-03-28 15:54:58,908 - root - INFO - Sequence preparation completed. X shape: (1056, 24, 22), y shape: (1056, 6)
2025-03-28 15:54:58,908 - root - INFO - Sequence preparation took 0.01 seconds
2025-03-28 15:54:59,467 - root - INFO - Evaluation completed in 0.57 seconds
2025-03-28 15:54:59,467 - root - INFO - Evaluation metrics - MAE: 7.20, RMSE: 9.61
2025-03-28 15:54:59,468 - root - ERROR - Error in visualize_results: name 'matplotlib' is not defined
2025-03-28 15:54:59,471 - root - ERROR - Traceback (most recent call last):
  File "C:\Users\Pranav\Desktop\IIT Kanpur\project\2022_SSDA_airquality\lstm_distance.py", line 719, in visualize_results
    matplotlib.use('Agg')
    ^^^^^^^^^^
NameError: name 'matplotlib' is not defined

2025-03-28 15:54:59,471 - root - INFO - Final Evaluation Results:
2025-03-28 15:54:59,471 - root - INFO - MAE: 7.20
2025-03-28 15:54:59,471 - root - INFO - RMSE: 9.61
2025-03-28 15:54:59,471 - root - INFO - MSE: 92.35
2025-03-28 15:54:59,472 - root - INFO - Evaluating locality: Nerul
2025-03-28 15:54:59,473 - root - INFO - Loaded coordinates for 26 localities
2025-03-28 15:54:59,475 - root - INFO - Found 2 nearby localities for Nerul
2025-03-28 15:54:59,475 - root - INFO -   - Navi Mumbai: 0.79 km, weight: 0.6747
2025-03-28 15:54:59,475 - root - INFO -   - Mahape: 8.48 km, weight: 0.0144
2025-03-28 15:54:59,475 - root - INFO - Initializing LSTM Predictor for Nerul
2025-03-28 15:54:59,476 - root - INFO - Sequence length: 24, Prediction horizon: 6
2025-03-28 15:54:59,476 - root - INFO - Loading cleaned data from spatial_cleaned_data\Nerul_spatial_weighted.csv
2025-03-28 15:54:59,484 - root - INFO - Using spatial data from nearby localities to fill any remaining missing values
2025-03-28 15:54:59,484 - root - INFO - No missing PM2.5 values found
2025-03-28 15:54:59,484 - root - INFO - Loaded cleaned data with shape: (5305, 4)
2025-03-28 15:54:59,484 - root - INFO - Features selected: ['PM10', 'RH', 'AT']
2025-03-28 15:54:59,485 - root - INFO - Train data shape: (4244, 4), Test data shape: (1061, 4)
2025-03-28 15:54:59,485 - root - INFO - Loading existing model for Nerul
2025-03-28 15:54:59,603 - root - INFO - Evaluating predictions for Nerul
2025-03-28 15:54:59,603 - root - INFO - Preparing sequences from data with shape: (1061, 4)
2025-03-28 15:54:59,616 - root - INFO - Creating 1032 sequences...
2025-03-28 15:54:59,617 - root - INFO - Sequence preparation completed. X shape: (1032, 24, 22), y shape: (1032, 6)
2025-03-28 15:54:59,618 - root - INFO - Sequence preparation took 0.01 seconds
2025-03-28 15:55:00,482 - root - INFO - Evaluation completed in 0.88 seconds
2025-03-28 15:55:00,482 - root - INFO - Evaluation metrics - MAE: 10.31, RMSE: 13.41
2025-03-28 15:55:00,482 - root - ERROR - Error in visualize_results: name 'matplotlib' is not defined
2025-03-28 15:55:00,484 - root - ERROR - Traceback (most recent call last):
  File "C:\Users\Pranav\Desktop\IIT Kanpur\project\2022_SSDA_airquality\lstm_distance.py", line 719, in visualize_results
    matplotlib.use('Agg')
    ^^^^^^^^^^
NameError: name 'matplotlib' is not defined

2025-03-28 15:55:00,485 - root - INFO - Final Evaluation Results:
2025-03-28 15:55:00,485 - root - INFO - MAE: 10.31
2025-03-28 15:55:00,485 - root - INFO - RMSE: 13.41
2025-03-28 15:55:00,486 - root - INFO - MSE: 179.90
2025-03-28 15:55:00,487 - root - INFO - Evaluating locality: Powai
2025-03-28 15:55:00,487 - root - INFO - Loaded coordinates for 26 localities
2025-03-28 15:55:00,490 - root - INFO - Found 12 nearby localities for Powai
2025-03-28 15:55:00,490 - root - INFO -   - Airport: 5.45 km, weight: 0.0656
2025-03-28 15:55:00,490 - root - INFO -   - Andheri: 6.41 km, weight: 0.0405
2025-03-28 15:55:00,490 - root - INFO -   - Kurla: 6.57 km, weight: 0.0374
2025-03-28 15:55:00,490 - root - INFO -   - Vile Parle: 6.98 km, weight: 0.0305
2025-03-28 15:55:00,491 - root - INFO -   - Vileparle: 6.98 km, weight: 0.0304
2025-03-28 15:55:00,491 - root - INFO -   - Chembur: 7.14 km, weight: 0.0281
2025-03-28 15:55:00,491 - root - INFO -   - Mulund: 7.84 km, weight: 0.0198
2025-03-28 15:55:00,491 - root - INFO -   - Juhu: 8.50 km, weight: 0.0143
2025-03-28 15:55:00,491 - root - INFO -   - Sion: 9.24 km, weight: 0.0099
2025-03-28 15:55:00,491 - root - INFO -   - Dharavi: 9.69 km, weight: 0.0079
2025-03-28 15:55:00,491 - root - INFO -   - Malad: 9.74 km, weight: 0.0077
2025-03-28 15:55:00,492 - root - INFO -   - Bandra: 9.98 km, weight: 0.0068
2025-03-28 15:55:00,492 - root - INFO - Initializing LSTM Predictor for Powai
2025-03-28 15:55:00,492 - root - INFO - Sequence length: 24, Prediction horizon: 6
2025-03-28 15:55:00,492 - root - INFO - Loading cleaned data from spatial_cleaned_data\Powai_spatial_weighted.csv
2025-03-28 15:55:00,502 - root - INFO - Using spatial data from nearby localities to fill any remaining missing values
2025-03-28 15:55:00,502 - root - INFO - No missing PM2.5 values found
2025-03-28 15:55:00,503 - root - INFO - Loaded cleaned data with shape: (5425, 4)
2025-03-28 15:55:00,503 - root - INFO - Features selected: ['PM10', 'RH', 'AT']
2025-03-28 15:55:00,503 - root - INFO - Train data shape: (4340, 4), Test data shape: (1085, 4)
2025-03-28 15:55:00,504 - root - INFO - Loading existing model for Powai
2025-03-28 15:55:00,622 - root - INFO - Evaluating predictions for Powai
2025-03-28 15:55:00,622 - root - INFO - Preparing sequences from data with shape: (1085, 4)
2025-03-28 15:55:00,632 - root - INFO - Creating 1056 sequences...
2025-03-28 15:55:00,634 - root - INFO - Sequence preparation completed. X shape: (1056, 24, 22), y shape: (1056, 6)
2025-03-28 15:55:00,634 - root - INFO - Sequence preparation took 0.01 seconds
2025-03-28 15:55:01,211 - root - INFO - Evaluation completed in 0.59 seconds
2025-03-28 15:55:01,211 - root - INFO - Evaluation metrics - MAE: 5.88, RMSE: 8.30
2025-03-28 15:55:01,211 - root - ERROR - Error in visualize_results: name 'matplotlib' is not defined
2025-03-28 15:55:01,214 - root - ERROR - Traceback (most recent call last):
  File "C:\Users\Pranav\Desktop\IIT Kanpur\project\2022_SSDA_airquality\lstm_distance.py", line 719, in visualize_results
    matplotlib.use('Agg')
    ^^^^^^^^^^
NameError: name 'matplotlib' is not defined

2025-03-28 15:55:01,214 - root - INFO - Final Evaluation Results:
2025-03-28 15:55:01,214 - root - INFO - MAE: 5.88
2025-03-28 15:55:01,214 - root - INFO - RMSE: 8.30
2025-03-28 15:55:01,214 - root - INFO - MSE: 68.85
2025-03-28 15:55:01,216 - root - INFO - Evaluating locality: Sion
2025-03-28 15:55:01,216 - root - INFO - Loaded coordinates for 26 localities
2025-03-28 15:55:01,219 - root - INFO - Found 12 nearby localities for Sion
2025-03-28 15:55:01,219 - root - INFO -   - Dharavi: 0.54 km, weight: 0.7628
2025-03-28 15:55:01,219 - root - INFO -   - Bandra: 2.60 km, weight: 0.2723
2025-03-28 15:55:01,219 - root - INFO -   - Kurla: 2.71 km, weight: 0.2574
2025-03-28 15:55:01,219 - root - INFO -   - Chembur: 3.76 km, weight: 0.1522
2025-03-28 15:55:01,219 - root - INFO -   - Dadar: 3.79 km, weight: 0.1501
2025-03-28 15:55:01,219 - root - INFO -   - Airport: 4.77 km, weight: 0.0919
2025-03-28 15:55:01,219 - root - INFO -   - Worli: 6.12 km, weight: 0.0468
2025-03-28 15:55:01,219 - root - INFO -   - Vileparle: 6.25 km, weight: 0.0440
2025-03-28 15:55:01,220 - root - INFO -   - Vile Parle: 6.25 km, weight: 0.0440
2025-03-28 15:55:01,220 - root - INFO -   - Juhu: 7.68 km, weight: 0.0215
2025-03-28 15:55:01,220 - root - INFO -   - Andheri: 8.29 km, weight: 0.0158
2025-03-28 15:55:01,220 - root - INFO -   - Powai: 9.24 km, weight: 0.0099
2025-03-28 15:55:01,221 - root - INFO - Initializing LSTM Predictor for Sion
2025-03-28 15:55:01,221 - root - INFO - Sequence length: 24, Prediction horizon: 6
2025-03-28 15:55:01,221 - root - INFO - Loading cleaned data from spatial_cleaned_data\Sion_spatial_weighted.csv
2025-03-28 15:55:01,230 - root - INFO - Using spatial data from nearby localities to fill any remaining missing values
2025-03-28 15:55:01,230 - root - INFO - No missing PM2.5 values found
2025-03-28 15:55:01,231 - root - INFO - Loaded cleaned data with shape: (5305, 4)
2025-03-28 15:55:01,231 - root - INFO - Features selected: ['PM10', 'RH', 'AT']
2025-03-28 15:55:01,231 - root - INFO - Train data shape: (4244, 4), Test data shape: (1061, 4)
2025-03-28 15:55:01,232 - root - INFO - Loading existing model for Sion
2025-03-28 15:55:01,348 - root - INFO - Evaluating predictions for Sion
2025-03-28 15:55:01,349 - root - INFO - Preparing sequences from data with shape: (1061, 4)
2025-03-28 15:55:01,358 - root - INFO - Creating 1032 sequences...
2025-03-28 15:55:01,360 - root - INFO - Sequence preparation completed. X shape: (1032, 24, 22), y shape: (1032, 6)
2025-03-28 15:55:01,361 - root - INFO - Sequence preparation took 0.01 seconds
2025-03-28 15:55:02,187 - root - INFO - Evaluation completed in 0.84 seconds
2025-03-28 15:55:02,187 - root - INFO - Evaluation metrics - MAE: 4.38, RMSE: 5.61
2025-03-28 15:55:02,187 - root - ERROR - Error in visualize_results: name 'matplotlib' is not defined
2025-03-28 15:55:02,190 - root - ERROR - Traceback (most recent call last):
  File "C:\Users\Pranav\Desktop\IIT Kanpur\project\2022_SSDA_airquality\lstm_distance.py", line 719, in visualize_results
    matplotlib.use('Agg')
    ^^^^^^^^^^
NameError: name 'matplotlib' is not defined

2025-03-28 15:55:02,190 - root - INFO - Final Evaluation Results:
2025-03-28 15:55:02,190 - root - INFO - MAE: 4.38
2025-03-28 15:55:02,190 - root - INFO - RMSE: 5.61
2025-03-28 15:55:02,190 - root - INFO - MSE: 31.47
2025-03-28 15:55:02,192 - root - INFO - Evaluating locality: Vasai
2025-03-28 15:55:02,192 - root - INFO - Loaded coordinates for 26 localities
2025-03-28 15:55:02,195 - root - INFO - Found 0 nearby localities for Vasai
2025-03-28 15:55:02,195 - root - INFO - Initializing LSTM Predictor for Vasai
2025-03-28 15:55:02,195 - root - INFO - Sequence length: 24, Prediction horizon: 6
2025-03-28 15:55:02,195 - root - INFO - Loading cleaned data from spatial_cleaned_data\Vasai_spatial_weighted.csv
2025-03-28 15:55:02,203 - root - WARNING - Data still contains NaN values. Filling with forward and backward fill.
2025-03-28 15:55:02,204 - root - INFO - Loaded cleaned data with shape: (5425, 4)
2025-03-28 15:55:02,204 - root - INFO - Features selected: ['PM10', 'RH', 'AT']
2025-03-28 15:55:02,204 - root - INFO - Train data shape: (4340, 4), Test data shape: (1085, 4)
2025-03-28 15:55:02,205 - root - INFO - Loading existing model for Vasai
2025-03-28 15:55:02,324 - root - INFO - Evaluating predictions for Vasai
2025-03-28 15:55:02,324 - root - INFO - Preparing sequences from data with shape: (1085, 4)
2025-03-28 15:55:02,336 - root - INFO - Creating 1056 sequences...
2025-03-28 15:55:02,338 - root - INFO - Sequence preparation completed. X shape: (1056, 24, 22), y shape: (1056, 6)
2025-03-28 15:55:02,338 - root - INFO - Sequence preparation took 0.01 seconds
2025-03-28 15:55:02,889 - root - INFO - Evaluation completed in 0.57 seconds
2025-03-28 15:55:02,890 - root - INFO - Evaluation metrics - MAE: 8.41, RMSE: 12.44
2025-03-28 15:55:02,890 - root - ERROR - Error in visualize_results: name 'matplotlib' is not defined
2025-03-28 15:55:02,892 - root - ERROR - Traceback (most recent call last):
  File "C:\Users\Pranav\Desktop\IIT Kanpur\project\2022_SSDA_airquality\lstm_distance.py", line 719, in visualize_results
    matplotlib.use('Agg')
    ^^^^^^^^^^
NameError: name 'matplotlib' is not defined

2025-03-28 15:55:02,893 - root - INFO - Final Evaluation Results:
2025-03-28 15:55:02,893 - root - INFO - MAE: 8.41
2025-03-28 15:55:02,893 - root - INFO - RMSE: 12.44
2025-03-28 15:55:02,893 - root - INFO - MSE: 154.71
2025-03-28 15:55:02,894 - root - INFO - Evaluating locality: Vileparle
2025-03-28 15:55:02,895 - root - INFO - Loaded coordinates for 26 localities
2025-03-28 15:55:02,898 - root - INFO - Found 12 nearby localities for Vileparle
2025-03-28 15:55:02,898 - root - INFO -   - Vile Parle: 0.00 km, weight: 0.9994
2025-03-28 15:55:02,898 - root - INFO -   - Juhu: 1.90 km, weight: 0.3859
2025-03-28 15:55:02,898 - root - INFO -   - Andheri: 2.21 km, weight: 0.3318
2025-03-28 15:55:02,899 - root - INFO -   - Airport: 2.54 km, weight: 0.2804
2025-03-28 15:55:02,899 - root - INFO -   - Bandra: 4.99 km, weight: 0.0826
2025-03-28 15:55:02,899 - root - INFO -   - Kurla: 5.34 km, weight: 0.0694
2025-03-28 15:55:02,899 - root - INFO -   - Sion: 6.25 km, weight: 0.0440
2025-03-28 15:55:02,899 - root - INFO -   - Dharavi: 6.33 km, weight: 0.0423
2025-03-28 15:55:02,899 - root - INFO -   - Powai: 6.98 km, weight: 0.0304
2025-03-28 15:55:02,899 - root - INFO -   - Chembur: 7.56 km, weight: 0.0228
2025-03-28 15:55:02,899 - root - INFO -   - Dadar: 9.10 km, weight: 0.0106
2025-03-28 15:55:02,899 - root - INFO -   - Malad: 9.62 km, weight: 0.0081
2025-03-28 15:55:02,900 - root - INFO - Initializing LSTM Predictor for Vileparle
2025-03-28 15:55:02,900 - root - INFO - Sequence length: 24, Prediction horizon: 6
2025-03-28 15:55:02,901 - root - INFO - Loading cleaned data from spatial_cleaned_data\Vileparle_spatial_weighted.csv
2025-03-28 15:55:02,909 - root - INFO - Using spatial data from nearby localities to fill any remaining missing values
2025-03-28 15:55:02,909 - root - INFO - No missing PM2.5 values found
2025-03-28 15:55:02,909 - root - INFO - Loaded cleaned data with shape: (5305, 4)
2025-03-28 15:55:02,910 - root - INFO - Features selected: ['PM10', 'RH', 'AT']
2025-03-28 15:55:02,910 - root - INFO - Train data shape: (4244, 4), Test data shape: (1061, 4)
2025-03-28 15:55:02,910 - root - INFO - Loading existing model for Vileparle
2025-03-28 15:55:03,033 - root - INFO - Evaluating predictions for Vileparle
2025-03-28 15:55:03,033 - root - INFO - Preparing sequences from data with shape: (1061, 4)
2025-03-28 15:55:03,043 - root - INFO - Creating 1032 sequences...
2025-03-28 15:55:03,045 - root - INFO - Sequence preparation completed. X shape: (1032, 24, 22), y shape: (1032, 6)
2025-03-28 15:55:03,045 - root - INFO - Sequence preparation took 0.01 seconds
2025-03-28 15:55:04,131 - root - INFO - Evaluation completed in 1.10 seconds
2025-03-28 15:55:04,131 - root - INFO - Evaluation metrics - MAE: 8.42, RMSE: 11.39
2025-03-28 15:55:04,131 - root - ERROR - Error in visualize_results: name 'matplotlib' is not defined
2025-03-28 15:55:04,134 - root - ERROR - Traceback (most recent call last):
  File "C:\Users\Pranav\Desktop\IIT Kanpur\project\2022_SSDA_airquality\lstm_distance.py", line 719, in visualize_results
    matplotlib.use('Agg')
    ^^^^^^^^^^
NameError: name 'matplotlib' is not defined

2025-03-28 15:55:04,134 - root - INFO - Final Evaluation Results:
2025-03-28 15:55:04,134 - root - INFO - MAE: 8.42
2025-03-28 15:55:04,134 - root - INFO - RMSE: 11.39
2025-03-28 15:55:04,134 - root - INFO - MSE: 129.66
2025-03-28 15:55:04,136 - root - INFO - Evaluating locality: Worli
2025-03-28 15:55:04,136 - root - INFO - Loaded coordinates for 26 localities
2025-03-28 15:55:04,139 - root - INFO - Found 8 nearby localities for Worli
2025-03-28 15:55:04,139 - root - INFO -   - Dadar: 2.79 km, weight: 0.2484
2025-03-28 15:55:04,140 - root - INFO -   - Bandra: 5.33 km, weight: 0.0697
2025-03-28 15:55:04,140 - root - INFO -   - Dharavi: 5.60 km, weight: 0.0608
2025-03-28 15:55:04,140 - root - INFO -   - Malabar Hill: 6.12 km, weight: 0.0468
2025-03-28 15:55:04,140 - root - INFO -   - Sion: 6.12 km, weight: 0.0468
2025-03-28 15:55:04,140 - root - INFO -   - Kurla: 8.80 km, weight: 0.0123
2025-03-28 15:55:04,140 - root - INFO -   - Chembur: 9.67 km, weight: 0.0079
2025-03-28 15:55:04,141 - root - INFO -   - Airport: 9.97 km, weight: 0.0068
2025-03-28 15:55:04,141 - root - INFO - Initializing LSTM Predictor for Worli
2025-03-28 15:55:04,141 - root - INFO - Sequence length: 24, Prediction horizon: 6
2025-03-28 15:55:04,141 - root - INFO - Loading cleaned data from spatial_cleaned_data\Worli_spatial_weighted.csv
2025-03-28 15:55:04,151 - root - INFO - Using spatial data from nearby localities to fill any remaining missing values
2025-03-28 15:55:04,151 - root - INFO - No missing PM2.5 values found
2025-03-28 15:55:04,152 - root - INFO - Loaded cleaned data with shape: (5425, 4)
2025-03-28 15:55:04,152 - root - INFO - Features selected: ['PM10', 'RH', 'AT']
2025-03-28 15:55:04,152 - root - INFO - Train data shape: (4340, 4), Test data shape: (1085, 4)
2025-03-28 15:55:04,153 - root - INFO - Loading existing model for Worli
2025-03-28 15:55:04,276 - root - INFO - Evaluating predictions for Worli
2025-03-28 15:55:04,276 - root - INFO - Preparing sequences from data with shape: (1085, 4)
2025-03-28 15:55:04,286 - root - INFO - Creating 1056 sequences...
2025-03-28 15:55:04,288 - root - INFO - Sequence preparation completed. X shape: (1056, 24, 22), y shape: (1056, 6)
2025-03-28 15:55:04,288 - root - INFO - Sequence preparation took 0.01 seconds
2025-03-28 15:55:04,897 - root - INFO - Evaluation completed in 0.62 seconds
2025-03-28 15:55:04,897 - root - INFO - Evaluation metrics - MAE: 5.73, RMSE: 8.47
2025-03-28 15:55:04,898 - root - ERROR - Error in visualize_results: name 'matplotlib' is not defined
2025-03-28 15:55:04,901 - root - ERROR - Traceback (most recent call last):
  File "C:\Users\Pranav\Desktop\IIT Kanpur\project\2022_SSDA_airquality\lstm_distance.py", line 719, in visualize_results
    matplotlib.use('Agg')
    ^^^^^^^^^^
NameError: name 'matplotlib' is not defined

2025-03-28 15:55:04,901 - root - INFO - Final Evaluation Results:
2025-03-28 15:55:04,901 - root - INFO - MAE: 5.73
2025-03-28 15:55:04,901 - root - INFO - RMSE: 8.47
2025-03-28 15:55:04,902 - root - INFO - MSE: 71.75
2025-03-28 15:55:04,904 - root - INFO - 
Results (sorted by RMSE):
2025-03-28 15:55:04,905 - root - INFO - +------------+---------+---------+----------+----------+
2025-03-28 15:55:04,905 - root - INFO - | Locality   |     MAE |    RMSE |      MSE | Status   |
2025-03-28 15:55:04,905 - root - INFO - +============+=========+=========+==========+==========+
2025-03-28 15:55:04,905 - root - INFO - | Colaba     |  1.9895 |  4.0827 |  16.6681 | Success  |
2025-03-28 15:55:04,905 - root - INFO - +------------+---------+---------+----------+----------+
2025-03-28 15:55:04,905 - root - INFO - | Sion       |  4.3795 |  5.6097 |  31.4687 | Success  |
2025-03-28 15:55:04,906 - root - INFO - +------------+---------+---------+----------+----------+
2025-03-28 15:55:04,906 - root - INFO - | Powai      |  5.8827 |  8.2978 |  68.854  | Success  |
2025-03-28 15:55:04,906 - root - INFO - +------------+---------+---------+----------+----------+
2025-03-28 15:55:04,906 - root - INFO - | Worli      |  5.7296 |  8.4705 |  71.7501 | Success  |
2025-03-28 15:55:04,906 - root - INFO - +------------+---------+---------+----------+----------+
2025-03-28 15:55:04,906 - root - INFO - | Airport    |  6.5582 |  8.503  |  72.3016 | Success  |
2025-03-28 15:55:04,906 - root - INFO - +------------+---------+---------+----------+----------+
2025-03-28 15:55:04,907 - root - INFO - | Borivali   |  5.9511 |  9.143  |  83.5937 | Success  |
2025-03-28 15:55:04,907 - root - INFO - +------------+---------+---------+----------+----------+
2025-03-28 15:55:04,907 - root - INFO - | Mulund     |  7.2032 |  9.6101 |  92.3533 | Success  |
2025-03-28 15:55:04,907 - root - INFO - +------------+---------+---------+----------+----------+
2025-03-28 15:55:04,907 - root - INFO - | Vileparle  |  8.417  | 11.3867 | 129.657  | Success  |
2025-03-28 15:55:04,907 - root - INFO - +------------+---------+---------+----------+----------+
2025-03-28 15:55:04,907 - root - INFO - | Vasai      |  8.4115 | 12.4383 | 154.713  | Success  |
2025-03-28 15:55:04,907 - root - INFO - +------------+---------+---------+----------+----------+
2025-03-28 15:55:04,908 - root - INFO - | Bandra     |  9.4693 | 12.763  | 162.894  | Success  |
2025-03-28 15:55:04,908 - root - INFO - +------------+---------+---------+----------+----------+
2025-03-28 15:55:04,908 - root - INFO - | Kandivali  |  8.915  | 12.9179 | 166.872  | Success  |
2025-03-28 15:55:04,908 - root - INFO - +------------+---------+---------+----------+----------+
2025-03-28 15:55:04,908 - root - INFO - | Mahape     |  9.7834 | 13.4124 | 179.892  | Success  |
2025-03-28 15:55:04,908 - root - INFO - +------------+---------+---------+----------+----------+
2025-03-28 15:55:04,908 - root - INFO - | Nerul      | 10.309  | 13.4127 | 179.902  | Success  |
2025-03-28 15:55:04,908 - root - INFO - +------------+---------+---------+----------+----------+
2025-03-28 15:55:04,908 - root - INFO - | Kalyan     | 12.3084 | 16.9348 | 286.786  | Success  |
2025-03-28 15:55:04,908 - root - INFO - +------------+---------+---------+----------+----------+
2025-03-28 15:55:04,908 - root - INFO - | Kurla      | 10.3991 | 23.726  | 562.924  | Success  |
2025-03-28 15:55:04,909 - root - INFO - +------------+---------+---------+----------+----------+
2025-03-28 15:55:04,909 - root - ERROR - Error generating results table: __main__.custom_print() got multiple values for keyword argument 'file'
2025-03-28 15:55:04,909 - root - INFO - 
Average metrics across 15 localities:
2025-03-28 15:55:04,909 - root - INFO - Average MAE: 7.7138
2025-03-28 15:55:04,909 - root - INFO - Average RMSE: 11.3806
2025-03-28 15:55:04,909 - root - INFO - Average MSE: 150.7085
2025-03-28 15:55:04,910 - root - INFO - Evaluation complete
2025-03-28 15:57:41,208 - root - INFO - Making multi-horizon predictions for Airport
2025-03-28 15:57:41,209 - root - INFO - Loaded coordinates for 26 localities
2025-03-28 15:57:41,212 - root - INFO - Found 12 nearby localities for Airport
2025-03-28 15:57:41,212 - root - INFO -   - Vileparle: 2.54 km, weight: 0.2804
2025-03-28 15:57:41,212 - root - INFO -   - Vile Parle: 2.54 km, weight: 0.2804
2025-03-28 15:57:41,212 - root - INFO -   - Kurla: 3.04 km, weight: 0.2185
2025-03-28 15:57:41,213 - root - INFO -   - Andheri: 3.90 km, weight: 0.1426
2025-03-28 15:57:41,213 - root - INFO -   - Juhu: 4.45 km, weight: 0.1083
2025-03-28 15:57:41,213 - root - INFO -   - Bandra: 4.67 km, weight: 0.0967
2025-03-28 15:57:41,213 - root - INFO -   - Sion: 4.77 km, weight: 0.0919
2025-03-28 15:57:41,213 - root - INFO -   - Dharavi: 5.05 km, weight: 0.0801
2025-03-28 15:57:41,213 - root - INFO -   - Chembur: 5.14 km, weight: 0.0765
2025-03-28 15:57:41,213 - root - INFO -   - Powai: 5.45 km, weight: 0.0656
2025-03-28 15:57:41,214 - root - INFO -   - Dadar: 8.28 km, weight: 0.0159
2025-03-28 15:57:41,214 - root - INFO -   - Worli: 9.97 km, weight: 0.0068
2025-03-28 15:57:41,215 - root - INFO - Initializing LSTM Predictor for Airport
2025-03-28 15:57:41,215 - root - INFO - Sequence length: 24, Prediction horizon: 5
2025-03-28 15:57:41,215 - root - INFO - Loading cleaned data from spatial_cleaned_data\Airport_spatial_weighted.csv
2025-03-28 15:57:41,227 - root - INFO - Using spatial data from nearby localities to fill any remaining missing values
2025-03-28 15:57:41,227 - root - INFO - No missing PM2.5 values found
2025-03-28 15:57:41,228 - root - INFO - Loaded cleaned data with shape: (5305, 4)
2025-03-28 15:57:41,228 - root - INFO - Features selected: ['PM10', 'RH', 'AT']
2025-03-28 15:57:41,229 - root - INFO - Train data shape: (4244, 4), Test data shape: (1061, 4)
2025-03-28 15:57:41,229 - root - WARNING - Model not found at models/lstm_Airport_ph5.keras, training new model
2025-03-28 15:57:41,229 - root - INFO - Preparing sequences from data with shape: (4244, 4)
2025-03-28 15:57:41,242 - root - INFO - Creating 4216 sequences...
2025-03-28 15:57:41,249 - root - INFO - Sequence preparation completed. X shape: (4216, 24, 22), y shape: (4216, 5)
2025-03-28 15:57:41,249 - root - INFO - Sequence preparation took 0.02 seconds
2025-03-28 15:57:41,249 - root - INFO - Building stacked LSTM model with residual connections, input shape: (24, 22), output size: 5
2025-03-28 15:57:41,357 - root - INFO - Model architecture:
2025-03-28 15:57:41,380 - root - INFO - Starting model training with 4244 samples
2025-03-28 15:57:41,380 - root - INFO - Training parameters - epochs: 100, batch_size: 32, validation_split: 0.2
2025-03-28 15:57:41,380 - root - INFO - Preparing sequences from data with shape: (4244, 4)
2025-03-28 15:57:41,390 - root - INFO - Creating 4216 sequences...
2025-03-28 15:57:41,398 - root - INFO - Sequence preparation completed. X shape: (4216, 24, 22), y shape: (4216, 5)
2025-03-28 15:57:41,398 - root - INFO - Sequence preparation took 0.02 seconds
2025-03-28 15:57:47,780 - root - INFO - Epoch 1 - loss: 1.3514 - mae: 0.8901 - val_loss: 1.9402 - val_mae: 0.9994
2025-03-28 15:57:49,985 - root - INFO - Epoch 2 - loss: 0.7802 - mae: 0.6638 - val_loss: 1.6592 - val_mae: 0.8779
2025-03-28 15:57:52,114 - root - INFO - Epoch 3 - loss: 0.6134 - mae: 0.5789 - val_loss: 1.5397 - val_mae: 0.8252
2025-03-28 15:57:54,610 - root - INFO - Epoch 4 - loss: 0.5199 - mae: 0.5202 - val_loss: 1.3450 - val_mae: 0.7317
2025-03-28 15:57:57,130 - root - INFO - Epoch 5 - loss: 0.4471 - mae: 0.4780 - val_loss: 1.3495 - val_mae: 0.7490
2025-03-28 15:57:59,302 - root - INFO - Epoch 6 - loss: 0.4076 - mae: 0.4541 - val_loss: 1.2586 - val_mae: 0.7061
2025-03-28 15:58:01,463 - root - INFO - Epoch 7 - loss: 0.3747 - mae: 0.4318 - val_loss: 1.2018 - val_mae: 0.6791
2025-03-28 15:58:03,566 - root - INFO - Epoch 8 - loss: 0.3625 - mae: 0.4280 - val_loss: 1.2215 - val_mae: 0.7181
2025-03-28 15:58:05,691 - root - INFO - Epoch 9 - loss: 0.3352 - mae: 0.4093 - val_loss: 1.2613 - val_mae: 0.7067
2025-03-28 15:58:07,866 - root - INFO - Epoch 10 - loss: 0.3282 - mae: 0.4037 - val_loss: 1.1921 - val_mae: 0.6695
2025-03-28 15:58:10,110 - root - INFO - Epoch 11 - loss: 0.3329 - mae: 0.4053 - val_loss: 1.3922 - val_mae: 0.7718
2025-03-28 15:58:12,296 - root - INFO - Epoch 12 - loss: 0.3152 - mae: 0.3949 - val_loss: 1.3710 - val_mae: 0.7525
2025-03-28 15:58:14,505 - root - INFO - Epoch 13 - loss: 0.3126 - mae: 0.3922 - val_loss: 1.1284 - val_mae: 0.6815
2025-03-28 15:58:16,646 - root - INFO - Epoch 14 - loss: 0.3041 - mae: 0.3841 - val_loss: 1.2492 - val_mae: 0.7294
2025-03-28 15:58:18,728 - root - INFO - Epoch 15 - loss: 0.3011 - mae: 0.3841 - val_loss: 1.2829 - val_mae: 0.7245
2025-03-28 15:58:20,867 - root - INFO - Epoch 16 - loss: 0.2943 - mae: 0.3773 - val_loss: 1.3433 - val_mae: 0.7369
2025-03-28 15:58:22,957 - root - INFO - Epoch 17 - loss: 0.2765 - mae: 0.3659 - val_loss: 1.2282 - val_mae: 0.6996
2025-03-28 15:58:25,091 - root - INFO - Epoch 18 - loss: 0.2743 - mae: 0.3670 - val_loss: 1.3964 - val_mae: 0.7674
2025-03-28 15:58:27,188 - root - INFO - Epoch 19 - loss: 0.2665 - mae: 0.3605 - val_loss: 1.2253 - val_mae: 0.6884
2025-03-28 15:58:29,266 - root - INFO - Epoch 20 - loss: 0.2760 - mae: 0.3652 - val_loss: 1.3773 - val_mae: 0.7574
2025-03-28 15:58:31,382 - root - INFO - Epoch 21 - loss: 0.2673 - mae: 0.3599 - val_loss: 1.4661 - val_mae: 0.7835
2025-03-28 15:58:33,503 - root - INFO - Epoch 22 - loss: 0.2555 - mae: 0.3508 - val_loss: 1.3434 - val_mae: 0.7382
2025-03-28 15:58:35,632 - root - INFO - Epoch 23 - loss: 0.2652 - mae: 0.3601 - val_loss: 1.4778 - val_mae: 0.7931
2025-03-28 15:58:38,018 - root - INFO - Epoch 24 - loss: 0.2523 - mae: 0.3502 - val_loss: 1.4430 - val_mae: 0.7973
2025-03-28 15:58:40,132 - root - INFO - Epoch 25 - loss: 0.2394 - mae: 0.3371 - val_loss: 1.3883 - val_mae: 0.7606
2025-03-28 15:58:42,278 - root - INFO - Epoch 26 - loss: 0.2371 - mae: 0.3393 - val_loss: 1.3851 - val_mae: 0.7517
2025-03-28 15:58:44,362 - root - INFO - Epoch 27 - loss: 0.2384 - mae: 0.3381 - val_loss: 1.3528 - val_mae: 0.7482
2025-03-28 15:58:46,458 - root - INFO - Epoch 28 - loss: 0.2291 - mae: 0.3318 - val_loss: 1.4146 - val_mae: 0.7804
2025-03-28 15:58:48,569 - root - INFO - Epoch 29 - loss: 0.2376 - mae: 0.3352 - val_loss: 1.3780 - val_mae: 0.7563
2025-03-28 15:58:50,684 - root - INFO - Epoch 30 - loss: 0.2316 - mae: 0.3343 - val_loss: 1.5497 - val_mae: 0.8267
2025-03-28 15:58:52,764 - root - INFO - Epoch 31 - loss: 0.2352 - mae: 0.3354 - val_loss: 1.3336 - val_mae: 0.7414
2025-03-28 15:58:54,821 - root - INFO - Epoch 32 - loss: 0.2258 - mae: 0.3310 - val_loss: 1.4482 - val_mae: 0.7901
2025-03-28 15:58:56,903 - root - INFO - Epoch 33 - loss: 0.2279 - mae: 0.3292 - val_loss: 1.4583 - val_mae: 0.7918
2025-03-28 15:58:56,921 - root - INFO - Training completed in 75.54 seconds
2025-03-28 15:58:56,921 - root - INFO - Final training loss: 0.2279
2025-03-28 15:58:56,922 - root - INFO - Final validation loss: 1.4583
2025-03-28 15:58:56,978 - root - INFO - Model saved to models/lstm_Airport_ph5.keras
2025-03-28 15:58:56,978 - root - INFO - Preparing sequences from data with shape: (1061, 4)
2025-03-28 15:58:56,985 - root - INFO - Creating 1033 sequences...
2025-03-28 15:58:56,987 - root - INFO - Sequence preparation completed. X shape: (1033, 24, 22), y shape: (1033, 5)
2025-03-28 15:58:56,987 - root - INFO - Sequence preparation took 0.01 seconds
2025-03-28 15:58:57,862 - root - INFO - Horizon 1 hour - MAE: 8.79, RMSE: 11.18
2025-03-28 15:58:57,863 - root - INFO - Horizon 2 hour - MAE: 8.20, RMSE: 10.56
2025-03-28 15:58:57,864 - root - INFO - Horizon 3 hour - MAE: 8.33, RMSE: 10.64
2025-03-28 15:58:57,864 - root - INFO - Horizon 4 hour - MAE: 8.55, RMSE: 10.76
2025-03-28 15:58:57,865 - root - INFO - Horizon 5 hour - MAE: 9.24, RMSE: 11.24
2025-03-28 15:58:57,990 - root - ERROR - Error in multi-horizon prediction: index 1038 is out of bounds for axis 0 with size 1033
2025-03-28 15:58:57,990 - root - ERROR - Traceback (most recent call last):
  File "C:\Users\Pranav\Desktop\IIT Kanpur\project\2022_SSDA_airquality\multi_horizon_prediction.py", line 250, in main
    results = predict_multiple_horizons(
              ^^^^^^^^^^^^^^^^^^^^^^^^^^
  File "C:\Users\Pranav\Desktop\IIT Kanpur\project\2022_SSDA_airquality\multi_horizon_prediction.py", line 136, in predict_multiple_horizons
    visualize_multi_horizon_results(results, locality, test_data)
  File "C:\Users\Pranav\Desktop\IIT Kanpur\project\2022_SSDA_airquality\multi_horizon_prediction.py", line 177, in visualize_multi_horizon_results
    actual_values = results[1]['actual'][sample_indices]  # Use horizon 1 for actual values
                    ~~~~~~~~~~~~~~~~~~~~^^^^^^^^^^^^^^^^
IndexError: index 1038 is out of bounds for axis 0 with size 1033

2025-03-28 17:44:33,635 - root - INFO - Evaluating 15 localities: Airport, Bandra, Borivali, Colaba, Kalyan, Kandivali, Kurla, Mahape, Mulund, Nerul, Powai, Sion, Vasai, Vileparle, Worli
2025-03-28 17:44:33,635 - root - INFO - Using sequence_length=24, prediction_horizon=6
2025-03-28 17:44:33,636 - root - INFO - Evaluating locality: Airport
2025-03-28 17:44:33,636 - root - INFO - Loaded coordinates for 26 localities
2025-03-28 17:44:33,639 - root - INFO - Found 12 nearby localities for Airport
2025-03-28 17:44:33,639 - root - INFO -   - Vileparle: 2.54 km, weight: 0.2804
2025-03-28 17:44:33,639 - root - INFO -   - Vile Parle: 2.54 km, weight: 0.2804
2025-03-28 17:44:33,639 - root - INFO -   - Kurla: 3.04 km, weight: 0.2185
2025-03-28 17:44:33,639 - root - INFO -   - Andheri: 3.90 km, weight: 0.1426
2025-03-28 17:44:33,639 - root - INFO -   - Juhu: 4.45 km, weight: 0.1083
2025-03-28 17:44:33,639 - root - INFO -   - Bandra: 4.67 km, weight: 0.0967
2025-03-28 17:44:33,639 - root - INFO -   - Sion: 4.77 km, weight: 0.0919
2025-03-28 17:44:33,639 - root - INFO -   - Dharavi: 5.05 km, weight: 0.0801
2025-03-28 17:44:33,639 - root - INFO -   - Chembur: 5.14 km, weight: 0.0765
2025-03-28 17:44:33,640 - root - INFO -   - Powai: 5.45 km, weight: 0.0656
2025-03-28 17:44:33,640 - root - INFO -   - Dadar: 8.28 km, weight: 0.0159
2025-03-28 17:44:33,640 - root - INFO -   - Worli: 9.97 km, weight: 0.0068
2025-03-28 17:44:33,640 - root - INFO - Initializing LSTM Predictor for Airport
2025-03-28 17:44:33,640 - root - INFO - Sequence length: 24, Prediction horizon: 6
2025-03-28 17:44:33,640 - root - INFO - Loading cleaned data from spatial_cleaned_data\Airport_spatial_weighted.csv
2025-03-28 17:44:33,655 - root - INFO - Using spatial data from nearby localities to fill any remaining missing values
2025-03-28 17:44:33,655 - root - INFO - No missing PM2.5 values found
2025-03-28 17:44:33,656 - root - INFO - Loaded cleaned data with shape: (5305, 4)
2025-03-28 17:44:33,656 - root - INFO - Features selected: ['PM10', 'RH', 'AT']
2025-03-28 17:44:33,656 - root - INFO - Train data shape: (4244, 4), Test data shape: (1061, 4)
2025-03-28 17:44:33,656 - root - INFO - Loading existing model for Airport
2025-03-28 17:44:33,876 - root - INFO - Evaluating predictions for Airport
2025-03-28 17:44:33,876 - root - INFO - Preparing sequences from data with shape: (1061, 4)
2025-03-28 17:44:33,887 - root - INFO - Creating 1032 sequences...
2025-03-28 17:44:33,890 - root - INFO - Sequence preparation completed. X shape: (1032, 24, 22), y shape: (1032, 6)
2025-03-28 17:44:33,890 - root - INFO - Sequence preparation took 0.01 seconds
2025-03-28 17:44:34,847 - root - INFO - Evaluation completed in 0.97 seconds
2025-03-28 17:44:34,847 - root - INFO - Evaluation metrics - MAE: 6.56, RMSE: 8.50
2025-03-28 17:44:35,236 - root - INFO - Plots saved to plots/distance_Airport_predictions.png and plots/distance_Airport_error_distribution.png
2025-03-28 17:44:35,237 - root - INFO - Final Evaluation Results:
2025-03-28 17:44:35,237 - root - INFO - MAE: 6.56
2025-03-28 17:44:35,237 - root - INFO - RMSE: 8.50
2025-03-28 17:44:35,237 - root - INFO - MSE: 72.30
2025-03-28 17:44:35,238 - root - INFO - Evaluating locality: Bandra
2025-03-28 17:44:35,238 - root - INFO - Loaded coordinates for 26 localities
2025-03-28 17:44:35,242 - root - INFO - Found 12 nearby localities for Bandra
2025-03-28 17:44:35,242 - root - INFO -   - Dharavi: 2.26 km, weight: 0.3231
2025-03-28 17:44:35,242 - root - INFO -   - Sion: 2.60 km, weight: 0.2723
2025-03-28 17:44:35,242 - root - INFO -   - Dadar: 4.14 km, weight: 0.1262
2025-03-28 17:44:35,242 - root - INFO -   - Kurla: 4.30 km, weight: 0.1163
2025-03-28 17:44:35,243 - root - INFO -   - Airport: 4.67 km, weight: 0.0967
2025-03-28 17:44:35,243 - root - INFO -   - Vileparle: 4.99 km, weight: 0.0826
2025-03-28 17:44:35,243 - root - INFO -   - Vile Parle: 4.99 km, weight: 0.0825
2025-03-28 17:44:35,243 - root - INFO -   - Worli: 5.33 km, weight: 0.0697
2025-03-28 17:44:35,243 - root - INFO -   - Juhu: 5.91 km, weight: 0.0520
2025-03-28 17:44:35,243 - root - INFO -   - Chembur: 6.08 km, weight: 0.0479
2025-03-28 17:44:35,243 - root - INFO -   - Andheri: 7.19 km, weight: 0.0274
2025-03-28 17:44:35,243 - root - INFO -   - Powai: 9.98 km, weight: 0.0068
2025-03-28 17:44:35,243 - root - INFO - Initializing LSTM Predictor for Bandra
2025-03-28 17:44:35,243 - root - INFO - Sequence length: 24, Prediction horizon: 6
2025-03-28 17:44:35,244 - root - INFO - Loading cleaned data from spatial_cleaned_data\Bandra_spatial_weighted.csv
2025-03-28 17:44:35,269 - root - INFO - Using spatial data from nearby localities to fill any remaining missing values
2025-03-28 17:44:35,269 - root - INFO - No missing PM2.5 values found
2025-03-28 17:44:35,271 - root - INFO - Loaded cleaned data with shape: (5441, 4)
2025-03-28 17:44:35,271 - root - INFO - Features selected: ['PM10', 'RH', 'AT']
2025-03-28 17:44:35,272 - root - INFO - Train data shape: (4352, 4), Test data shape: (1089, 4)
2025-03-28 17:44:35,272 - root - INFO - Loading existing model for Bandra
2025-03-28 17:44:35,444 - root - INFO - Evaluating predictions for Bandra
2025-03-28 17:44:35,444 - root - INFO - Preparing sequences from data with shape: (1089, 4)
2025-03-28 17:44:35,454 - root - INFO - Creating 1060 sequences...
2025-03-28 17:44:35,456 - root - INFO - Sequence preparation completed. X shape: (1060, 24, 22), y shape: (1060, 6)
2025-03-28 17:44:35,456 - root - INFO - Sequence preparation took 0.01 seconds
2025-03-28 17:44:36,328 - root - INFO - Evaluation completed in 0.88 seconds
2025-03-28 17:44:36,328 - root - INFO - Evaluation metrics - MAE: 9.47, RMSE: 12.76
2025-03-28 17:44:36,655 - root - INFO - Plots saved to plots/distance_Bandra_predictions.png and plots/distance_Bandra_error_distribution.png
2025-03-28 17:44:36,656 - root - INFO - Final Evaluation Results:
2025-03-28 17:44:36,656 - root - INFO - MAE: 9.47
2025-03-28 17:44:36,656 - root - INFO - RMSE: 12.76
2025-03-28 17:44:36,656 - root - INFO - MSE: 162.89
2025-03-28 17:44:36,657 - root - INFO - Evaluating locality: Borivali
2025-03-28 17:44:36,657 - root - INFO - Loaded coordinates for 26 localities
2025-03-28 17:44:36,660 - root - INFO - Found 2 nearby localities for Borivali
2025-03-28 17:44:36,660 - root - INFO -   - Kandivali: 3.02 km, weight: 0.2211
2025-03-28 17:44:36,660 - root - INFO -   - Malad: 4.78 km, weight: 0.0917
2025-03-28 17:44:36,660 - root - INFO - Initializing LSTM Predictor for Borivali
2025-03-28 17:44:36,660 - root - INFO - Sequence length: 24, Prediction horizon: 6
2025-03-28 17:44:36,660 - root - INFO - Loading cleaned data from spatial_cleaned_data\Borivali_spatial_weighted.csv
2025-03-28 17:44:36,670 - root - INFO - Using spatial data from nearby localities to fill any remaining missing values
2025-03-28 17:44:36,671 - root - INFO - No missing PM2.5 values found
2025-03-28 17:44:36,671 - root - INFO - Loaded cleaned data with shape: (5425, 4)
2025-03-28 17:44:36,671 - root - INFO - Features selected: ['PM10', 'RH', 'AT']
2025-03-28 17:44:36,671 - root - INFO - Train data shape: (4340, 4), Test data shape: (1085, 4)
2025-03-28 17:44:36,672 - root - INFO - Loading existing model for Borivali
2025-03-28 17:44:36,851 - root - INFO - Evaluating predictions for Borivali
2025-03-28 17:44:36,852 - root - INFO - Preparing sequences from data with shape: (1085, 4)
2025-03-28 17:44:36,862 - root - INFO - Creating 1056 sequences...
2025-03-28 17:44:36,864 - root - INFO - Sequence preparation completed. X shape: (1056, 24, 22), y shape: (1056, 6)
2025-03-28 17:44:36,864 - root - INFO - Sequence preparation took 0.01 seconds
2025-03-28 17:44:37,607 - root - INFO - Evaluation completed in 0.76 seconds
2025-03-28 17:44:37,607 - root - INFO - Evaluation metrics - MAE: 5.95, RMSE: 9.14
2025-03-28 17:44:37,967 - root - INFO - Plots saved to plots/distance_Borivali_predictions.png and plots/distance_Borivali_error_distribution.png
2025-03-28 17:44:37,967 - root - INFO - Final Evaluation Results:
2025-03-28 17:44:37,967 - root - INFO - MAE: 5.95
2025-03-28 17:44:37,967 - root - INFO - RMSE: 9.14
2025-03-28 17:44:37,967 - root - INFO - MSE: 83.59
2025-03-28 17:44:37,968 - root - INFO - Evaluating locality: Colaba
2025-03-28 17:44:37,969 - root - INFO - Loaded coordinates for 26 localities
2025-03-28 17:44:37,971 - root - INFO - Found 1 nearby localities for Colaba
2025-03-28 17:44:37,972 - root - INFO -   - Malabar Hill: 5.33 km, weight: 0.0696
2025-03-28 17:44:37,972 - root - INFO - Initializing LSTM Predictor for Colaba
2025-03-28 17:44:37,972 - root - INFO - Sequence length: 24, Prediction horizon: 6
2025-03-28 17:44:37,972 - root - INFO - Loading cleaned data from spatial_cleaned_data\Colaba_spatial_weighted.csv
2025-03-28 17:44:37,982 - root - INFO - Using spatial data from nearby localities to fill any remaining missing values
2025-03-28 17:44:37,983 - root - INFO - No missing PM2.5 values found
2025-03-28 17:44:37,983 - root - INFO - Loaded cleaned data with shape: (4801, 4)
2025-03-28 17:44:37,983 - root - INFO - Features selected: ['PM10', 'RH', 'AT']
2025-03-28 17:44:37,984 - root - INFO - Train data shape: (3840, 4), Test data shape: (961, 4)
2025-03-28 17:44:37,984 - root - INFO - Loading existing model for Colaba
2025-03-28 17:44:38,150 - root - INFO - Evaluating predictions for Colaba
2025-03-28 17:44:38,150 - root - INFO - Preparing sequences from data with shape: (961, 4)
2025-03-28 17:44:38,160 - root - INFO - Creating 932 sequences...
2025-03-28 17:44:38,164 - root - INFO - Sequence preparation completed. X shape: (932, 24, 22), y shape: (932, 6)
2025-03-28 17:44:38,164 - root - INFO - Sequence preparation took 0.01 seconds
2025-03-28 17:44:39,011 - root - INFO - Evaluation completed in 0.86 seconds
2025-03-28 17:44:39,011 - root - INFO - Evaluation metrics - MAE: 1.99, RMSE: 4.08
2025-03-28 17:44:39,421 - root - INFO - Plots saved to plots/distance_Colaba_predictions.png and plots/distance_Colaba_error_distribution.png
2025-03-28 17:44:39,421 - root - INFO - Final Evaluation Results:
2025-03-28 17:44:39,421 - root - INFO - MAE: 1.99
2025-03-28 17:44:39,422 - root - INFO - RMSE: 4.08
2025-03-28 17:44:39,422 - root - INFO - MSE: 16.67
2025-03-28 17:44:39,422 - root - INFO - Evaluating locality: Kalyan
2025-03-28 17:44:39,423 - root - INFO - Loaded coordinates for 26 localities
2025-03-28 17:44:39,425 - root - INFO - Found 0 nearby localities for Kalyan
2025-03-28 17:44:39,426 - root - INFO - Initializing LSTM Predictor for Kalyan
2025-03-28 17:44:39,426 - root - INFO - Sequence length: 24, Prediction horizon: 6
2025-03-28 17:44:39,426 - root - INFO - Loading cleaned data from spatial_cleaned_data\Kalyan_spatial_weighted.csv
2025-03-28 17:44:39,436 - root - WARNING - Data still contains NaN values. Filling with forward and backward fill.
2025-03-28 17:44:39,437 - root - INFO - Loaded cleaned data with shape: (5442, 4)
2025-03-28 17:44:39,437 - root - INFO - Features selected: ['PM10', 'RH', 'AT']
2025-03-28 17:44:39,437 - root - INFO - Train data shape: (4353, 4), Test data shape: (1089, 4)
2025-03-28 17:44:39,437 - root - INFO - Loading existing model for Kalyan
2025-03-28 17:44:39,596 - root - INFO - Evaluating predictions for Kalyan
2025-03-28 17:44:39,596 - root - INFO - Preparing sequences from data with shape: (1089, 4)
2025-03-28 17:44:39,606 - root - INFO - Creating 1060 sequences...
2025-03-28 17:44:39,608 - root - INFO - Sequence preparation completed. X shape: (1060, 24, 22), y shape: (1060, 6)
2025-03-28 17:44:39,608 - root - INFO - Sequence preparation took 0.01 seconds
2025-03-28 17:44:40,480 - root - INFO - Evaluation completed in 0.88 seconds
2025-03-28 17:44:40,480 - root - INFO - Evaluation metrics - MAE: 12.31, RMSE: 16.93
2025-03-28 17:44:40,844 - root - INFO - Plots saved to plots/distance_Kalyan_predictions.png and plots/distance_Kalyan_error_distribution.png
2025-03-28 17:44:40,844 - root - INFO - Final Evaluation Results:
2025-03-28 17:44:40,845 - root - INFO - MAE: 12.31
2025-03-28 17:44:40,845 - root - INFO - RMSE: 16.93
2025-03-28 17:44:40,845 - root - INFO - MSE: 286.79
2025-03-28 17:44:40,846 - root - INFO - Evaluating locality: Kandivali
2025-03-28 17:44:40,846 - root - INFO - Loaded coordinates for 26 localities
2025-03-28 17:44:40,849 - root - INFO - Found 3 nearby localities for Kandivali
2025-03-28 17:44:40,849 - root - INFO -   - Malad: 1.76 km, weight: 0.4149
2025-03-28 17:44:40,849 - root - INFO -   - Borivali: 3.02 km, weight: 0.2211
2025-03-28 17:44:40,850 - root - INFO -   - Andheri: 9.16 km, weight: 0.0102
2025-03-28 17:44:40,850 - root - INFO - Initializing LSTM Predictor for Kandivali
2025-03-28 17:44:40,850 - root - INFO - Sequence length: 24, Prediction horizon: 6
2025-03-28 17:44:40,851 - root - INFO - Loading cleaned data from spatial_cleaned_data\Kandivali_spatial_weighted.csv
2025-03-28 17:44:40,863 - root - INFO - Using spatial data from nearby localities to fill any remaining missing values
2025-03-28 17:44:40,863 - root - INFO - No missing PM2.5 values found
2025-03-28 17:44:40,864 - root - INFO - Loaded cleaned data with shape: (4801, 4)
2025-03-28 17:44:40,864 - root - INFO - Features selected: ['PM10', 'RH', 'AT']
2025-03-28 17:44:40,864 - root - INFO - Train data shape: (3840, 4), Test data shape: (961, 4)
2025-03-28 17:44:40,864 - root - INFO - Loading existing model for Kandivali
2025-03-28 17:44:41,044 - root - INFO - Evaluating predictions for Kandivali
2025-03-28 17:44:41,045 - root - INFO - Preparing sequences from data with shape: (961, 4)
2025-03-28 17:44:41,055 - root - INFO - Creating 932 sequences...
2025-03-28 17:44:41,057 - root - INFO - Sequence preparation completed. X shape: (932, 24, 22), y shape: (932, 6)
2025-03-28 17:44:41,057 - root - INFO - Sequence preparation took 0.01 seconds
2025-03-28 17:44:41,908 - root - INFO - Evaluation completed in 0.86 seconds
2025-03-28 17:44:41,908 - root - INFO - Evaluation metrics - MAE: 8.92, RMSE: 12.92
2025-03-28 17:44:42,244 - root - INFO - Plots saved to plots/distance_Kandivali_predictions.png and plots/distance_Kandivali_error_distribution.png
2025-03-28 17:44:42,244 - root - INFO - Final Evaluation Results:
2025-03-28 17:44:42,244 - root - INFO - MAE: 8.92
2025-03-28 17:44:42,245 - root - INFO - RMSE: 12.92
2025-03-28 17:44:42,245 - root - INFO - MSE: 166.87
2025-03-28 17:44:42,245 - root - INFO - Evaluating locality: Kurla
2025-03-28 17:44:42,246 - root - INFO - Loaded coordinates for 26 localities
2025-03-28 17:44:42,248 - root - INFO - Found 12 nearby localities for Kurla
2025-03-28 17:44:42,248 - root - INFO -   - Chembur: 2.27 km, weight: 0.3211
2025-03-28 17:44:42,248 - root - INFO -   - Sion: 2.71 km, weight: 0.2574
2025-03-28 17:44:42,248 - root - INFO -   - Airport: 3.04 km, weight: 0.2185
2025-03-28 17:44:42,248 - root - INFO -   - Dharavi: 3.21 km, weight: 0.2009
2025-03-28 17:44:42,248 - root - INFO -   - Bandra: 4.30 km, weight: 0.1163
2025-03-28 17:44:42,249 - root - INFO -   - Vileparle: 5.34 km, weight: 0.0694
2025-03-28 17:44:42,249 - root - INFO -   - Vile Parle: 5.34 km, weight: 0.0694
2025-03-28 17:44:42,249 - root - INFO -   - Dadar: 6.50 km, weight: 0.0388
2025-03-28 17:44:42,249 - root - INFO -   - Powai: 6.57 km, weight: 0.0374
2025-03-28 17:44:42,249 - root - INFO -   - Andheri: 6.94 km, weight: 0.0312
2025-03-28 17:44:42,249 - root - INFO -   - Juhu: 7.15 km, weight: 0.0281
2025-03-28 17:44:42,249 - root - INFO -   - Worli: 8.80 km, weight: 0.0123
2025-03-28 17:44:42,249 - root - INFO - Initializing LSTM Predictor for Kurla
2025-03-28 17:44:42,249 - root - INFO - Sequence length: 24, Prediction horizon: 6
2025-03-28 17:44:42,249 - root - INFO - Loading cleaned data from spatial_cleaned_data\Kurla_spatial_weighted.csv
2025-03-28 17:44:42,258 - root - INFO - Using spatial data from nearby localities to fill any remaining missing values
2025-03-28 17:44:42,258 - root - INFO - No missing PM2.5 values found
2025-03-28 17:44:42,259 - root - INFO - Loaded cleaned data with shape: (5425, 4)
2025-03-28 17:44:42,259 - root - INFO - Features selected: ['PM10', 'RH', 'AT']
2025-03-28 17:44:42,259 - root - INFO - Train data shape: (4340, 4), Test data shape: (1085, 4)
2025-03-28 17:44:42,259 - root - INFO - Loading existing model for Kurla
2025-03-28 17:44:42,392 - root - INFO - Evaluating predictions for Kurla
2025-03-28 17:44:42,392 - root - INFO - Preparing sequences from data with shape: (1085, 4)
2025-03-28 17:44:42,639 - root - INFO - Creating 1056 sequences...
2025-03-28 17:44:42,642 - root - INFO - Sequence preparation completed. X shape: (1056, 24, 22), y shape: (1056, 6)
2025-03-28 17:44:42,642 - root - INFO - Sequence preparation took 0.25 seconds
2025-03-28 17:44:43,249 - root - INFO - Evaluation completed in 0.86 seconds
2025-03-28 17:44:43,249 - root - INFO - Evaluation metrics - MAE: 10.40, RMSE: 23.73
2025-03-28 17:44:43,710 - root - INFO - Plots saved to plots/distance_Kurla_predictions.png and plots/distance_Kurla_error_distribution.png
2025-03-28 17:44:43,710 - root - INFO - Final Evaluation Results:
2025-03-28 17:44:43,710 - root - INFO - MAE: 10.40
2025-03-28 17:44:43,710 - root - INFO - RMSE: 23.73
2025-03-28 17:44:43,710 - root - INFO - MSE: 562.92
2025-03-28 17:44:43,711 - root - INFO - Evaluating locality: Mahape
2025-03-28 17:44:43,711 - root - INFO - Loaded coordinates for 26 localities
2025-03-28 17:44:43,714 - root - INFO - Found 3 nearby localities for Mahape
2025-03-28 17:44:43,715 - root - INFO -   - Nerul: 8.48 km, weight: 0.0144
2025-03-28 17:44:43,715 - root - INFO -   - Navi Mumbai: 9.11 km, weight: 0.0105
2025-03-28 17:44:43,715 - root - INFO -   - Mulund: 9.72 km, weight: 0.0078
2025-03-28 17:44:43,715 - root - INFO - Initializing LSTM Predictor for Mahape
2025-03-28 17:44:43,715 - root - INFO - Sequence length: 24, Prediction horizon: 6
2025-03-28 17:44:43,716 - root - INFO - Loading cleaned data from spatial_cleaned_data\Mahape_spatial_weighted.csv
2025-03-28 17:44:43,725 - root - INFO - Using spatial data from nearby localities to fill any remaining missing values
2025-03-28 17:44:43,725 - root - INFO - No missing PM2.5 values found
2025-03-28 17:44:43,725 - root - INFO - Loaded cleaned data with shape: (5320, 4)
2025-03-28 17:44:43,725 - root - INFO - Features selected: ['PM10', 'RH', 'AT']
2025-03-28 17:44:43,726 - root - INFO - Train data shape: (4256, 4), Test data shape: (1064, 4)
2025-03-28 17:44:43,726 - root - INFO - Loading existing model for Mahape
2025-03-28 17:44:43,845 - root - INFO - Evaluating predictions for Mahape
2025-03-28 17:44:43,845 - root - INFO - Preparing sequences from data with shape: (1064, 4)
2025-03-28 17:44:43,855 - root - INFO - Creating 1035 sequences...
2025-03-28 17:44:43,857 - root - INFO - Sequence preparation completed. X shape: (1035, 24, 22), y shape: (1035, 6)
2025-03-28 17:44:43,857 - root - INFO - Sequence preparation took 0.01 seconds
2025-03-28 17:44:44,685 - root - INFO - Evaluation completed in 0.84 seconds
2025-03-28 17:44:44,685 - root - INFO - Evaluation metrics - MAE: 9.78, RMSE: 13.41
2025-03-28 17:44:45,028 - root - INFO - Plots saved to plots/distance_Mahape_predictions.png and plots/distance_Mahape_error_distribution.png
2025-03-28 17:44:45,029 - root - INFO - Final Evaluation Results:
2025-03-28 17:44:45,029 - root - INFO - MAE: 9.78
2025-03-28 17:44:45,030 - root - INFO - RMSE: 13.41
2025-03-28 17:44:45,030 - root - INFO - MSE: 179.89
2025-03-28 17:44:45,036 - root - INFO - Evaluating locality: Mulund
2025-03-28 17:44:45,036 - root - INFO - Loaded coordinates for 26 localities
2025-03-28 17:44:45,040 - root - INFO - Found 3 nearby localities for Mulund
2025-03-28 17:44:45,040 - root - INFO -   - Thane: 2.86 km, weight: 0.2397
2025-03-28 17:44:45,041 - root - INFO -   - Powai: 7.84 km, weight: 0.0198
2025-03-28 17:44:45,041 - root - INFO -   - Mahape: 9.72 km, weight: 0.0078
2025-03-28 17:44:45,041 - root - INFO - Initializing LSTM Predictor for Mulund
2025-03-28 17:44:45,041 - root - INFO - Sequence length: 24, Prediction horizon: 6
2025-03-28 17:44:45,041 - root - INFO - Loading cleaned data from spatial_cleaned_data\Mulund_spatial_weighted.csv
2025-03-28 17:44:45,052 - root - INFO - Using spatial data from nearby localities to fill any remaining missing values
2025-03-28 17:44:45,053 - root - INFO - No missing PM2.5 values found
2025-03-28 17:44:45,053 - root - INFO - Loaded cleaned data with shape: (5425, 4)
2025-03-28 17:44:45,054 - root - INFO - Features selected: ['PM10', 'RH', 'AT']
2025-03-28 17:44:45,054 - root - INFO - Train data shape: (4340, 4), Test data shape: (1085, 4)
2025-03-28 17:44:45,054 - root - INFO - Loading existing model for Mulund
2025-03-28 17:44:45,187 - root - INFO - Evaluating predictions for Mulund
2025-03-28 17:44:45,187 - root - INFO - Preparing sequences from data with shape: (1085, 4)
2025-03-28 17:44:45,198 - root - INFO - Creating 1056 sequences...
2025-03-28 17:44:45,202 - root - INFO - Sequence preparation completed. X shape: (1056, 24, 22), y shape: (1056, 6)
2025-03-28 17:44:45,202 - root - INFO - Sequence preparation took 0.01 seconds
2025-03-28 17:44:45,768 - root - INFO - Evaluation completed in 0.58 seconds
2025-03-28 17:44:45,769 - root - INFO - Evaluation metrics - MAE: 7.20, RMSE: 9.61
2025-03-28 17:44:46,116 - root - INFO - Plots saved to plots/distance_Mulund_predictions.png and plots/distance_Mulund_error_distribution.png
2025-03-28 17:44:46,117 - root - INFO - Final Evaluation Results:
2025-03-28 17:44:46,117 - root - INFO - MAE: 7.20
2025-03-28 17:44:46,118 - root - INFO - RMSE: 9.61
2025-03-28 17:44:46,118 - root - INFO - MSE: 92.35
2025-03-28 17:44:46,119 - root - INFO - Evaluating locality: Nerul
2025-03-28 17:44:46,119 - root - INFO - Loaded coordinates for 26 localities
2025-03-28 17:44:46,122 - root - INFO - Found 2 nearby localities for Nerul
2025-03-28 17:44:46,122 - root - INFO -   - Navi Mumbai: 0.79 km, weight: 0.6747
2025-03-28 17:44:46,122 - root - INFO -   - Mahape: 8.48 km, weight: 0.0144
2025-03-28 17:44:46,122 - root - INFO - Initializing LSTM Predictor for Nerul
2025-03-28 17:44:46,122 - root - INFO - Sequence length: 24, Prediction horizon: 6
2025-03-28 17:44:46,122 - root - INFO - Loading cleaned data from spatial_cleaned_data\Nerul_spatial_weighted.csv
2025-03-28 17:44:46,133 - root - INFO - Using spatial data from nearby localities to fill any remaining missing values
2025-03-28 17:44:46,133 - root - INFO - No missing PM2.5 values found
2025-03-28 17:44:46,134 - root - INFO - Loaded cleaned data with shape: (5305, 4)
2025-03-28 17:44:46,134 - root - INFO - Features selected: ['PM10', 'RH', 'AT']
2025-03-28 17:44:46,134 - root - INFO - Train data shape: (4244, 4), Test data shape: (1061, 4)
2025-03-28 17:44:46,134 - root - INFO - Loading existing model for Nerul
2025-03-28 17:44:46,262 - root - INFO - Evaluating predictions for Nerul
2025-03-28 17:44:46,263 - root - INFO - Preparing sequences from data with shape: (1061, 4)
2025-03-28 17:44:46,274 - root - INFO - Creating 1032 sequences...
2025-03-28 17:44:46,276 - root - INFO - Sequence preparation completed. X shape: (1032, 24, 22), y shape: (1032, 6)
2025-03-28 17:44:46,276 - root - INFO - Sequence preparation took 0.01 seconds
2025-03-28 17:44:47,172 - root - INFO - Evaluation completed in 0.91 seconds
2025-03-28 17:44:47,172 - root - INFO - Evaluation metrics - MAE: 10.31, RMSE: 13.41
2025-03-28 17:44:47,510 - root - INFO - Plots saved to plots/distance_Nerul_predictions.png and plots/distance_Nerul_error_distribution.png
2025-03-28 17:44:47,510 - root - INFO - Final Evaluation Results:
2025-03-28 17:44:47,511 - root - INFO - MAE: 10.31
2025-03-28 17:44:47,511 - root - INFO - RMSE: 13.41
2025-03-28 17:44:47,511 - root - INFO - MSE: 179.90
2025-03-28 17:44:47,512 - root - INFO - Evaluating locality: Powai
2025-03-28 17:44:47,512 - root - INFO - Loaded coordinates for 26 localities
2025-03-28 17:44:47,515 - root - INFO - Found 12 nearby localities for Powai
2025-03-28 17:44:47,515 - root - INFO -   - Airport: 5.45 km, weight: 0.0656
2025-03-28 17:44:47,515 - root - INFO -   - Andheri: 6.41 km, weight: 0.0405
2025-03-28 17:44:47,515 - root - INFO -   - Kurla: 6.57 km, weight: 0.0374
2025-03-28 17:44:47,515 - root - INFO -   - Vile Parle: 6.98 km, weight: 0.0305
2025-03-28 17:44:47,515 - root - INFO -   - Vileparle: 6.98 km, weight: 0.0304
2025-03-28 17:44:47,515 - root - INFO -   - Chembur: 7.14 km, weight: 0.0281
2025-03-28 17:44:47,515 - root - INFO -   - Mulund: 7.84 km, weight: 0.0198
2025-03-28 17:44:47,515 - root - INFO -   - Juhu: 8.50 km, weight: 0.0143
2025-03-28 17:44:47,516 - root - INFO -   - Sion: 9.24 km, weight: 0.0099
2025-03-28 17:44:47,516 - root - INFO -   - Dharavi: 9.69 km, weight: 0.0079
2025-03-28 17:44:47,516 - root - INFO -   - Malad: 9.74 km, weight: 0.0077
2025-03-28 17:44:47,516 - root - INFO -   - Bandra: 9.98 km, weight: 0.0068
2025-03-28 17:44:47,516 - root - INFO - Initializing LSTM Predictor for Powai
2025-03-28 17:44:47,516 - root - INFO - Sequence length: 24, Prediction horizon: 6
2025-03-28 17:44:47,516 - root - INFO - Loading cleaned data from spatial_cleaned_data\Powai_spatial_weighted.csv
2025-03-28 17:44:47,526 - root - INFO - Using spatial data from nearby localities to fill any remaining missing values
2025-03-28 17:44:47,527 - root - INFO - No missing PM2.5 values found
2025-03-28 17:44:47,528 - root - INFO - Loaded cleaned data with shape: (5425, 4)
2025-03-28 17:44:47,528 - root - INFO - Features selected: ['PM10', 'RH', 'AT']
2025-03-28 17:44:47,528 - root - INFO - Train data shape: (4340, 4), Test data shape: (1085, 4)
2025-03-28 17:44:47,528 - root - INFO - Loading existing model for Powai
2025-03-28 17:44:47,699 - root - INFO - Evaluating predictions for Powai
2025-03-28 17:44:47,699 - root - INFO - Preparing sequences from data with shape: (1085, 4)
2025-03-28 17:44:47,711 - root - INFO - Creating 1056 sequences...
2025-03-28 17:44:47,714 - root - INFO - Sequence preparation completed. X shape: (1056, 24, 22), y shape: (1056, 6)
2025-03-28 17:44:47,714 - root - INFO - Sequence preparation took 0.01 seconds
2025-03-28 17:44:48,279 - root - INFO - Evaluation completed in 0.58 seconds
2025-03-28 17:44:48,279 - root - INFO - Evaluation metrics - MAE: 5.88, RMSE: 8.30
2025-03-28 17:44:48,852 - root - INFO - Plots saved to plots/distance_Powai_predictions.png and plots/distance_Powai_error_distribution.png
2025-03-28 17:44:48,853 - root - INFO - Final Evaluation Results:
2025-03-28 17:44:48,853 - root - INFO - MAE: 5.88
2025-03-28 17:44:48,853 - root - INFO - RMSE: 8.30
2025-03-28 17:44:48,853 - root - INFO - MSE: 68.85
2025-03-28 17:44:48,855 - root - INFO - Evaluating locality: Sion
2025-03-28 17:44:48,855 - root - INFO - Loaded coordinates for 26 localities
2025-03-28 17:44:48,858 - root - INFO - Found 12 nearby localities for Sion
2025-03-28 17:44:48,858 - root - INFO -   - Dharavi: 0.54 km, weight: 0.7628
2025-03-28 17:44:48,858 - root - INFO -   - Bandra: 2.60 km, weight: 0.2723
2025-03-28 17:44:48,858 - root - INFO -   - Kurla: 2.71 km, weight: 0.2574
2025-03-28 17:44:48,858 - root - INFO -   - Chembur: 3.76 km, weight: 0.1522
2025-03-28 17:44:48,858 - root - INFO -   - Dadar: 3.79 km, weight: 0.1501
2025-03-28 17:44:48,858 - root - INFO -   - Airport: 4.77 km, weight: 0.0919
2025-03-28 17:44:48,858 - root - INFO -   - Worli: 6.12 km, weight: 0.0468
2025-03-28 17:44:48,858 - root - INFO -   - Vileparle: 6.25 km, weight: 0.0440
2025-03-28 17:44:48,858 - root - INFO -   - Vile Parle: 6.25 km, weight: 0.0440
2025-03-28 17:44:48,858 - root - INFO -   - Juhu: 7.68 km, weight: 0.0215
2025-03-28 17:44:48,858 - root - INFO -   - Andheri: 8.29 km, weight: 0.0158
2025-03-28 17:44:48,859 - root - INFO -   - Powai: 9.24 km, weight: 0.0099
2025-03-28 17:44:48,859 - root - INFO - Initializing LSTM Predictor for Sion
2025-03-28 17:44:48,859 - root - INFO - Sequence length: 24, Prediction horizon: 6
2025-03-28 17:44:48,859 - root - INFO - Loading cleaned data from spatial_cleaned_data\Sion_spatial_weighted.csv
2025-03-28 17:44:48,869 - root - INFO - Using spatial data from nearby localities to fill any remaining missing values
2025-03-28 17:44:48,869 - root - INFO - No missing PM2.5 values found
2025-03-28 17:44:48,869 - root - INFO - Loaded cleaned data with shape: (5305, 4)
2025-03-28 17:44:48,869 - root - INFO - Features selected: ['PM10', 'RH', 'AT']
2025-03-28 17:44:48,870 - root - INFO - Train data shape: (4244, 4), Test data shape: (1061, 4)
2025-03-28 17:44:48,870 - root - INFO - Loading existing model for Sion
2025-03-28 17:44:48,989 - root - INFO - Evaluating predictions for Sion
2025-03-28 17:44:48,989 - root - INFO - Preparing sequences from data with shape: (1061, 4)
2025-03-28 17:44:48,999 - root - INFO - Creating 1032 sequences...
2025-03-28 17:44:49,001 - root - INFO - Sequence preparation completed. X shape: (1032, 24, 22), y shape: (1032, 6)
2025-03-28 17:44:49,002 - root - INFO - Sequence preparation took 0.01 seconds
2025-03-28 17:44:49,887 - root - INFO - Evaluation completed in 0.90 seconds
2025-03-28 17:44:49,887 - root - INFO - Evaluation metrics - MAE: 4.38, RMSE: 5.61
2025-03-28 17:44:50,226 - root - INFO - Plots saved to plots/distance_Sion_predictions.png and plots/distance_Sion_error_distribution.png
2025-03-28 17:44:50,227 - root - INFO - Final Evaluation Results:
2025-03-28 17:44:50,227 - root - INFO - MAE: 4.38
2025-03-28 17:44:50,227 - root - INFO - RMSE: 5.61
2025-03-28 17:44:50,227 - root - INFO - MSE: 31.47
2025-03-28 17:44:50,228 - root - INFO - Evaluating locality: Vasai
2025-03-28 17:44:50,228 - root - INFO - Loaded coordinates for 26 localities
2025-03-28 17:44:50,231 - root - INFO - Found 0 nearby localities for Vasai
2025-03-28 17:44:50,231 - root - INFO - Initializing LSTM Predictor for Vasai
2025-03-28 17:44:50,231 - root - INFO - Sequence length: 24, Prediction horizon: 6
2025-03-28 17:44:50,232 - root - INFO - Loading cleaned data from spatial_cleaned_data\Vasai_spatial_weighted.csv
2025-03-28 17:44:50,240 - root - WARNING - Data still contains NaN values. Filling with forward and backward fill.
2025-03-28 17:44:50,241 - root - INFO - Loaded cleaned data with shape: (5425, 4)
2025-03-28 17:44:50,241 - root - INFO - Features selected: ['PM10', 'RH', 'AT']
2025-03-28 17:44:50,241 - root - INFO - Train data shape: (4340, 4), Test data shape: (1085, 4)
2025-03-28 17:44:50,241 - root - INFO - Loading existing model for Vasai
2025-03-28 17:44:50,386 - root - INFO - Evaluating predictions for Vasai
2025-03-28 17:44:50,387 - root - INFO - Preparing sequences from data with shape: (1085, 4)
2025-03-28 17:44:50,399 - root - INFO - Creating 1056 sequences...
2025-03-28 17:44:50,401 - root - INFO - Sequence preparation completed. X shape: (1056, 24, 22), y shape: (1056, 6)
2025-03-28 17:44:50,402 - root - INFO - Sequence preparation took 0.02 seconds
2025-03-28 17:44:51,021 - root - INFO - Evaluation completed in 0.63 seconds
2025-03-28 17:44:51,021 - root - INFO - Evaluation metrics - MAE: 8.41, RMSE: 12.44
2025-03-28 17:44:51,366 - root - INFO - Plots saved to plots/distance_Vasai_predictions.png and plots/distance_Vasai_error_distribution.png
2025-03-28 17:44:51,367 - root - INFO - Final Evaluation Results:
2025-03-28 17:44:51,367 - root - INFO - MAE: 8.41
2025-03-28 17:44:51,368 - root - INFO - RMSE: 12.44
2025-03-28 17:44:51,368 - root - INFO - MSE: 154.71
2025-03-28 17:44:51,368 - root - INFO - Evaluating locality: Vileparle
2025-03-28 17:44:51,369 - root - INFO - Loaded coordinates for 26 localities
2025-03-28 17:44:51,372 - root - INFO - Found 12 nearby localities for Vileparle
2025-03-28 17:44:51,372 - root - INFO -   - Vile Parle: 0.00 km, weight: 0.9994
2025-03-28 17:44:51,372 - root - INFO -   - Juhu: 1.90 km, weight: 0.3859
2025-03-28 17:44:51,372 - root - INFO -   - Andheri: 2.21 km, weight: 0.3318
2025-03-28 17:44:51,372 - root - INFO -   - Airport: 2.54 km, weight: 0.2804
2025-03-28 17:44:51,372 - root - INFO -   - Bandra: 4.99 km, weight: 0.0826
2025-03-28 17:44:51,372 - root - INFO -   - Kurla: 5.34 km, weight: 0.0694
2025-03-28 17:44:51,372 - root - INFO -   - Sion: 6.25 km, weight: 0.0440
2025-03-28 17:44:51,372 - root - INFO -   - Dharavi: 6.33 km, weight: 0.0423
2025-03-28 17:44:51,372 - root - INFO -   - Powai: 6.98 km, weight: 0.0304
2025-03-28 17:44:51,372 - root - INFO -   - Chembur: 7.56 km, weight: 0.0228
2025-03-28 17:44:51,372 - root - INFO -   - Dadar: 9.10 km, weight: 0.0106
2025-03-28 17:44:51,372 - root - INFO -   - Malad: 9.62 km, weight: 0.0081
2025-03-28 17:44:51,373 - root - INFO - Initializing LSTM Predictor for Vileparle
2025-03-28 17:44:51,373 - root - INFO - Sequence length: 24, Prediction horizon: 6
2025-03-28 17:44:51,373 - root - INFO - Loading cleaned data from spatial_cleaned_data\Vileparle_spatial_weighted.csv
2025-03-28 17:44:51,382 - root - INFO - Using spatial data from nearby localities to fill any remaining missing values
2025-03-28 17:44:51,382 - root - INFO - No missing PM2.5 values found
2025-03-28 17:44:51,382 - root - INFO - Loaded cleaned data with shape: (5305, 4)
2025-03-28 17:44:51,382 - root - INFO - Features selected: ['PM10', 'RH', 'AT']
2025-03-28 17:44:51,383 - root - INFO - Train data shape: (4244, 4), Test data shape: (1061, 4)
2025-03-28 17:44:51,383 - root - INFO - Loading existing model for Vileparle
2025-03-28 17:44:51,541 - root - INFO - Evaluating predictions for Vileparle
2025-03-28 17:44:51,542 - root - INFO - Preparing sequences from data with shape: (1061, 4)
2025-03-28 17:44:51,554 - root - INFO - Creating 1032 sequences...
2025-03-28 17:44:51,557 - root - INFO - Sequence preparation completed. X shape: (1032, 24, 22), y shape: (1032, 6)
2025-03-28 17:44:51,557 - root - INFO - Sequence preparation took 0.01 seconds
2025-03-28 17:44:52,438 - root - INFO - Evaluation completed in 0.90 seconds
2025-03-28 17:44:52,439 - root - INFO - Evaluation metrics - MAE: 8.42, RMSE: 11.39
2025-03-28 17:44:52,781 - root - INFO - Plots saved to plots/distance_Vileparle_predictions.png and plots/distance_Vileparle_error_distribution.png
2025-03-28 17:44:52,782 - root - INFO - Final Evaluation Results:
2025-03-28 17:44:52,782 - root - INFO - MAE: 8.42
2025-03-28 17:44:52,782 - root - INFO - RMSE: 11.39
2025-03-28 17:44:52,782 - root - INFO - MSE: 129.66
2025-03-28 17:44:52,782 - root - INFO - Evaluating locality: Worli
2025-03-28 17:44:52,782 - root - INFO - Loaded coordinates for 26 localities
2025-03-28 17:44:52,786 - root - INFO - Found 8 nearby localities for Worli
2025-03-28 17:44:52,786 - root - INFO -   - Dadar: 2.79 km, weight: 0.2484
2025-03-28 17:44:52,786 - root - INFO -   - Bandra: 5.33 km, weight: 0.0697
2025-03-28 17:44:52,786 - root - INFO -   - Dharavi: 5.60 km, weight: 0.0608
2025-03-28 17:44:52,786 - root - INFO -   - Malabar Hill: 6.12 km, weight: 0.0468
2025-03-28 17:44:52,786 - root - INFO -   - Sion: 6.12 km, weight: 0.0468
2025-03-28 17:44:52,786 - root - INFO -   - Kurla: 8.80 km, weight: 0.0123
2025-03-28 17:44:52,786 - root - INFO -   - Chembur: 9.67 km, weight: 0.0079
2025-03-28 17:44:52,786 - root - INFO -   - Airport: 9.97 km, weight: 0.0068
2025-03-28 17:44:52,786 - root - INFO - Initializing LSTM Predictor for Worli
2025-03-28 17:44:52,786 - root - INFO - Sequence length: 24, Prediction horizon: 6
2025-03-28 17:44:52,787 - root - INFO - Loading cleaned data from spatial_cleaned_data\Worli_spatial_weighted.csv
2025-03-28 17:44:52,800 - root - INFO - Using spatial data from nearby localities to fill any remaining missing values
2025-03-28 17:44:52,801 - root - INFO - No missing PM2.5 values found
2025-03-28 17:44:52,801 - root - INFO - Loaded cleaned data with shape: (5425, 4)
2025-03-28 17:44:52,801 - root - INFO - Features selected: ['PM10', 'RH', 'AT']
2025-03-28 17:44:52,802 - root - INFO - Train data shape: (4340, 4), Test data shape: (1085, 4)
2025-03-28 17:44:52,802 - root - INFO - Loading existing model for Worli
2025-03-28 17:44:52,941 - root - INFO - Evaluating predictions for Worli
2025-03-28 17:44:52,941 - root - INFO - Preparing sequences from data with shape: (1085, 4)
2025-03-28 17:44:52,954 - root - INFO - Creating 1056 sequences...
2025-03-28 17:44:52,958 - root - INFO - Sequence preparation completed. X shape: (1056, 24, 22), y shape: (1056, 6)
2025-03-28 17:44:52,958 - root - INFO - Sequence preparation took 0.02 seconds
2025-03-28 17:44:53,547 - root - INFO - Evaluation completed in 0.61 seconds
2025-03-28 17:44:53,547 - root - INFO - Evaluation metrics - MAE: 5.73, RMSE: 8.47
2025-03-28 17:44:53,893 - root - INFO - Plots saved to plots/distance_Worli_predictions.png and plots/distance_Worli_error_distribution.png
2025-03-28 17:44:53,893 - root - INFO - Final Evaluation Results:
2025-03-28 17:44:53,893 - root - INFO - MAE: 5.73
2025-03-28 17:44:53,893 - root - INFO - RMSE: 8.47
2025-03-28 17:44:53,893 - root - INFO - MSE: 71.75
2025-03-28 17:44:53,895 - root - INFO - 
Results (sorted by RMSE):
2025-03-28 17:44:53,895 - root - INFO - +------------+---------+---------+----------+----------+
2025-03-28 17:44:53,895 - root - INFO - | Locality   |     MAE |    RMSE |      MSE | Status   |
2025-03-28 17:44:53,895 - root - INFO - +============+=========+=========+==========+==========+
2025-03-28 17:44:53,895 - root - INFO - | Colaba     |  1.9895 |  4.0827 |  16.6681 | Success  |
2025-03-28 17:44:53,896 - root - INFO - +------------+---------+---------+----------+----------+
2025-03-28 17:44:53,896 - root - INFO - | Sion       |  4.3795 |  5.6097 |  31.4687 | Success  |
2025-03-28 17:44:53,896 - root - INFO - +------------+---------+---------+----------+----------+
2025-03-28 17:44:53,896 - root - INFO - | Powai      |  5.8827 |  8.2978 |  68.854  | Success  |
2025-03-28 17:44:53,896 - root - INFO - +------------+---------+---------+----------+----------+
2025-03-28 17:44:53,896 - root - INFO - | Worli      |  5.7296 |  8.4705 |  71.7501 | Success  |
2025-03-28 17:44:53,896 - root - INFO - +------------+---------+---------+----------+----------+
2025-03-28 17:44:53,896 - root - INFO - | Airport    |  6.5582 |  8.503  |  72.3016 | Success  |
2025-03-28 17:44:53,896 - root - INFO - +------------+---------+---------+----------+----------+
2025-03-28 17:44:53,896 - root - INFO - | Borivali   |  5.9511 |  9.143  |  83.5937 | Success  |
2025-03-28 17:44:53,896 - root - INFO - +------------+---------+---------+----------+----------+
2025-03-28 17:44:53,897 - root - INFO - | Mulund     |  7.2032 |  9.6101 |  92.3533 | Success  |
2025-03-28 17:44:53,897 - root - INFO - +------------+---------+---------+----------+----------+
2025-03-28 17:44:53,897 - root - INFO - | Vileparle  |  8.417  | 11.3867 | 129.657  | Success  |
2025-03-28 17:44:53,897 - root - INFO - +------------+---------+---------+----------+----------+
2025-03-28 17:44:53,897 - root - INFO - | Vasai      |  8.4115 | 12.4383 | 154.713  | Success  |
2025-03-28 17:44:53,897 - root - INFO - +------------+---------+---------+----------+----------+
2025-03-28 17:44:53,897 - root - INFO - | Bandra     |  9.4693 | 12.763  | 162.894  | Success  |
2025-03-28 17:44:53,897 - root - INFO - +------------+---------+---------+----------+----------+
2025-03-28 17:44:53,897 - root - INFO - | Kandivali  |  8.915  | 12.9179 | 166.872  | Success  |
2025-03-28 17:44:53,897 - root - INFO - +------------+---------+---------+----------+----------+
2025-03-28 17:44:53,897 - root - INFO - | Mahape     |  9.7834 | 13.4124 | 179.892  | Success  |
2025-03-28 17:44:53,897 - root - INFO - +------------+---------+---------+----------+----------+
2025-03-28 17:44:53,897 - root - INFO - | Nerul      | 10.309  | 13.4127 | 179.902  | Success  |
2025-03-28 17:44:53,897 - root - INFO - +------------+---------+---------+----------+----------+
2025-03-28 17:44:53,897 - root - INFO - | Kalyan     | 12.3084 | 16.9348 | 286.786  | Success  |
2025-03-28 17:44:53,897 - root - INFO - +------------+---------+---------+----------+----------+
2025-03-28 17:44:53,897 - root - INFO - | Kurla      | 10.3991 | 23.726  | 562.924  | Success  |
2025-03-28 17:44:53,897 - root - INFO - +------------+---------+---------+----------+----------+
2025-03-28 17:44:53,897 - root - ERROR - Error generating results table: __main__.custom_print() got multiple values for keyword argument 'file'
2025-03-28 17:44:53,897 - root - INFO - 
Average metrics across 15 localities:
2025-03-28 17:44:53,897 - root - INFO - Average MAE: 7.7138
2025-03-28 17:44:53,897 - root - INFO - Average RMSE: 11.3806
2025-03-28 17:44:53,897 - root - INFO - Average MSE: 150.7085
2025-03-28 17:44:53,898 - root - INFO - Evaluation complete
2025-03-28 17:55:18,947 - root - INFO - Loaded coordinates for 26 localities
2025-03-28 17:55:18,951 - root - INFO - Found 12 nearby localities for Airport
2025-03-28 17:55:18,951 - root - INFO -   - Vileparle: 2.54 km, weight: 0.2804
2025-03-28 17:55:18,951 - root - INFO -   - Vile Parle: 2.54 km, weight: 0.2804
2025-03-28 17:55:18,952 - root - INFO -   - Kurla: 3.04 km, weight: 0.2185
2025-03-28 17:55:18,952 - root - INFO -   - Andheri: 3.90 km, weight: 0.1426
2025-03-28 17:55:18,952 - root - INFO -   - Juhu: 4.45 km, weight: 0.1083
2025-03-28 17:55:18,952 - root - INFO -   - Bandra: 4.67 km, weight: 0.0967
2025-03-28 17:55:18,952 - root - INFO -   - Sion: 4.77 km, weight: 0.0919
2025-03-28 17:55:18,952 - root - INFO -   - Dharavi: 5.05 km, weight: 0.0801
2025-03-28 17:55:18,952 - root - INFO -   - Chembur: 5.14 km, weight: 0.0765
2025-03-28 17:55:18,953 - root - INFO -   - Powai: 5.45 km, weight: 0.0656
2025-03-28 17:55:18,953 - root - INFO -   - Dadar: 8.28 km, weight: 0.0159
2025-03-28 17:55:18,953 - root - INFO -   - Worli: 9.97 km, weight: 0.0068
2025-03-28 17:55:18,953 - root - INFO - Initializing LSTM Predictor for Airport
2025-03-28 17:55:18,953 - root - INFO - Sequence length: 24, Prediction horizon: 5
2025-03-28 17:55:18,954 - root - INFO - Using spatial data with decay factor 0.5 and max distance 10.0 km
2025-03-28 17:55:18,954 - root - INFO - Running in prediction mode
2025-03-28 17:55:18,954 - root - INFO - Loading cleaned data from spatial_cleaned_data\Airport_spatial_weighted.csv
2025-03-28 17:55:18,965 - root - INFO - Using spatial data from nearby localities to fill any remaining missing values
2025-03-28 17:55:18,966 - root - INFO - No missing PM2.5 values found
2025-03-28 17:55:18,966 - root - INFO - Loaded cleaned data with shape: (5305, 4)
2025-03-28 17:55:18,966 - root - INFO - Features selected: ['PM10', 'RH', 'AT']
2025-03-28 17:55:18,967 - root - INFO - Making predictions for Airport
2025-03-28 17:55:18,967 - root - INFO - Preparing sequences from data with shape: (5305, 4)
2025-03-28 17:55:18,983 - root - INFO - Creating 5277 sequences...
2025-03-28 17:55:18,994 - root - INFO - Sequence preparation completed. X shape: (5277, 24, 22), y shape: (5277, 5)
2025-03-28 17:55:18,995 - root - INFO - Sequence preparation took 0.03 seconds
2025-03-28 18:01:15,330 - root - INFO - Running prediction for Airport
2025-03-28 18:01:15,331 - root - INFO - Parameters: sequence_length=24, prediction_horizon=5
2025-03-28 18:01:15,331 - root - INFO - Spatial parameters: decay_factor=0.5, max_distance=10.0
2025-03-28 18:01:15,331 - root - INFO - Loaded coordinates for 26 localities
2025-03-28 18:01:15,334 - root - INFO - Found 12 nearby localities for Airport
2025-03-28 18:01:15,335 - root - INFO -   - Vileparle: 2.54 km, weight: 0.2804
2025-03-28 18:01:15,335 - root - INFO -   - Vile Parle: 2.54 km, weight: 0.2804
2025-03-28 18:01:15,335 - root - INFO -   - Kurla: 3.04 km, weight: 0.2185
2025-03-28 18:01:15,335 - root - INFO -   - Andheri: 3.90 km, weight: 0.1426
2025-03-28 18:01:15,335 - root - INFO -   - Juhu: 4.45 km, weight: 0.1083
2025-03-28 18:01:15,335 - root - INFO -   - Bandra: 4.67 km, weight: 0.0967
2025-03-28 18:01:15,336 - root - INFO -   - Sion: 4.77 km, weight: 0.0919
2025-03-28 18:01:15,336 - root - INFO -   - Dharavi: 5.05 km, weight: 0.0801
2025-03-28 18:01:15,336 - root - INFO -   - Chembur: 5.14 km, weight: 0.0765
2025-03-28 18:01:15,336 - root - INFO -   - Powai: 5.45 km, weight: 0.0656
2025-03-28 18:01:15,336 - root - INFO -   - Dadar: 8.28 km, weight: 0.0159
2025-03-28 18:01:15,336 - root - INFO -   - Worli: 9.97 km, weight: 0.0068
2025-03-28 18:01:15,337 - root - INFO - Initializing LSTM Predictor for Airport
2025-03-28 18:01:15,337 - root - INFO - Sequence length: 24, Prediction horizon: 5
2025-03-28 18:01:15,337 - root - INFO - Loading cleaned data from spatial_cleaned_data\Airport_spatial_weighted.csv
2025-03-28 18:01:15,348 - root - INFO - Using spatial data from nearby localities to fill any remaining missing values
2025-03-28 18:01:15,349 - root - INFO - No missing PM2.5 values found
2025-03-28 18:01:15,349 - root - INFO - Loaded cleaned data with shape: (5305, 4)
2025-03-28 18:01:15,349 - root - INFO - Features selected: ['PM10', 'RH', 'AT']
2025-03-28 18:01:15,349 - root - INFO - Loaded data with shape: (5305, 4)
2025-03-28 18:01:15,350 - root - INFO - Loading model from models/lstm_Airport_ph5.keras
2025-03-28 18:01:15,633 - root - INFO - Model loaded successfully
2025-03-28 18:01:15,634 - root - INFO - Using most recent 24 data points for prediction
2025-03-28 18:01:15,634 - root - INFO - Making predictions for Airport
2025-03-28 18:01:15,634 - root - INFO - Preparing sequences from data with shape: (5305, 4)
2025-03-28 18:01:15,658 - root - INFO - Creating 5277 sequences...
2025-03-28 18:01:15,671 - root - INFO - Sequence preparation completed. X shape: (5277, 24, 22), y shape: (5277, 5)
2025-03-28 18:01:15,671 - root - INFO - Sequence preparation took 0.04 seconds
2025-03-28 18:01:16,094 - root - INFO - Prediction completed in 0.42 seconds
2025-03-28 18:01:16,102 - root - INFO - Predictions saved to predictions/Airport_predictions_20250328_180116.csv
2025-03-28 18:01:16,102 - root - INFO - 
Predictions for the next hours:
2025-03-28 18:01:16,102 - root - INFO - --------------------------------------------------
2025-03-28 18:01:16,103 - root - INFO - Time                 PM2.5 Prediction
2025-03-28 18:01:16,103 - root - INFO - --------------------------------------------------
2025-03-28 18:01:16,103 - root - INFO - 2025-03-28 19:01:16  24.80          
2025-03-28 18:01:16,103 - root - INFO - 2025-03-28 20:01:16  23.86          
2025-03-28 18:01:16,103 - root - INFO - 2025-03-28 21:01:16  24.10          
2025-03-28 18:01:16,103 - root - INFO - 2025-03-28 22:01:16  24.51          
2025-03-28 18:01:16,104 - root - INFO - 2025-03-28 23:01:16  25.81          
2025-03-28 18:01:16,104 - root - INFO - --------------------------------------------------
2025-03-28 18:01:16,247 - matplotlib.category - INFO - Using categorical units to plot a list of strings that are all parsable as floats or dates. If these strings should be plotted as numbers, cast to the appropriate data type before plotting.
2025-03-28 18:01:16,250 - matplotlib.category - INFO - Using categorical units to plot a list of strings that are all parsable as floats or dates. If these strings should be plotted as numbers, cast to the appropriate data type before plotting.
2025-03-28 18:01:16,391 - root - INFO - Plot saved to predictions/Airport_predictions_20250328_180116.png
2025-03-28 18:14:20,124 - root - INFO - Running prediction and comparison for Airport
2025-03-28 18:14:20,124 - root - INFO - Parameters: sequence_length=24, prediction_horizon=5, test_samples=50
2025-03-28 18:14:20,131 - root - INFO - Loaded coordinates for 26 localities
2025-03-28 18:14:20,134 - root - INFO - Found 12 nearby localities for Airport
2025-03-28 18:14:20,134 - root - INFO -   - Vileparle: 2.54 km, weight: 0.2804
2025-03-28 18:14:20,134 - root - INFO -   - Vile Parle: 2.54 km, weight: 0.2804
2025-03-28 18:14:20,134 - root - INFO -   - Kurla: 3.04 km, weight: 0.2185
2025-03-28 18:14:20,134 - root - INFO -   - Andheri: 3.90 km, weight: 0.1426
2025-03-28 18:14:20,134 - root - INFO -   - Juhu: 4.45 km, weight: 0.1083
2025-03-28 18:14:20,134 - root - INFO -   - Bandra: 4.67 km, weight: 0.0967
2025-03-28 18:14:20,134 - root - INFO -   - Sion: 4.77 km, weight: 0.0919
2025-03-28 18:14:20,135 - root - INFO -   - Dharavi: 5.05 km, weight: 0.0801
2025-03-28 18:14:20,135 - root - INFO -   - Chembur: 5.14 km, weight: 0.0765
2025-03-28 18:14:20,135 - root - INFO -   - Powai: 5.45 km, weight: 0.0656
2025-03-28 18:14:20,135 - root - INFO -   - Dadar: 8.28 km, weight: 0.0159
2025-03-28 18:14:20,136 - root - INFO -   - Worli: 9.97 km, weight: 0.0068
2025-03-28 18:14:20,136 - root - INFO - Initializing LSTM Predictor for Airport
2025-03-28 18:14:20,136 - root - INFO - Sequence length: 24, Prediction horizon: 5
2025-03-28 18:14:20,137 - root - INFO - Loading cleaned data from spatial_cleaned_data\Airport_spatial_weighted.csv
2025-03-28 18:14:20,157 - root - INFO - Using spatial data from nearby localities to fill any remaining missing values
2025-03-28 18:14:20,157 - root - INFO - No missing PM2.5 values found
2025-03-28 18:14:20,158 - root - INFO - Loaded cleaned data with shape: (5305, 4)
2025-03-28 18:14:20,158 - root - INFO - Features selected: ['PM10', 'RH', 'AT']
2025-03-28 18:14:20,158 - root - INFO - Loaded data with shape: (5305, 4)
2025-03-28 18:14:20,158 - root - INFO - Train data shape: (4244, 4), Test data shape: (1061, 4)
2025-03-28 18:14:20,158 - root - INFO - Loading model from models/lstm_Airport_ph5.keras
2025-03-28 18:14:20,385 - root - INFO - Model loaded successfully
2025-03-28 18:14:20,386 - root - INFO - Preparing sequences from data with shape: (1061, 4)
2025-03-28 18:14:20,397 - root - INFO - Creating 1033 sequences...
2025-03-28 18:14:20,399 - root - INFO - Sequence preparation completed. X shape: (1033, 24, 22), y shape: (1033, 5)
2025-03-28 18:14:20,400 - root - INFO - Sequence preparation took 0.01 seconds
2025-03-28 18:14:20,400 - root - INFO - Processing test sample 1/50
2025-03-28 18:14:20,772 - root - INFO - Sample 1 - Predicted: [33.940132 35.263554 34.882496 34.249474 34.68934 ], Actual: [38.17 41.9  37.13 39.92 37.08]
2025-03-28 18:14:20,772 - root - INFO - Processing test sample 2/50
2025-03-28 18:14:20,814 - root - INFO - Sample 2 - Predicted: [34.45598  36.491993 36.56718  36.27035  37.25748 ], Actual: [21.61 23.93 36.67 34.08 31.07]
2025-03-28 18:14:20,815 - root - INFO - Processing test sample 3/50
2025-03-28 18:14:20,857 - root - INFO - Sample 3 - Predicted: [14.28257  14.307856 15.057066 16.086962 17.03145 ], Actual: [16.99465383 18.6366332  20.43523912 19.98175837 19.61204651]
2025-03-28 18:14:20,857 - root - INFO - Processing test sample 4/50
2025-03-28 18:14:20,895 - root - INFO - Sample 4 - Predicted: [21.540733 21.195747 21.044716 20.4022   19.741379], Actual: [30.39       25.18195831 20.82710447 18.43292891 19.91084453]
2025-03-28 18:14:20,895 - root - INFO - Processing test sample 5/50
2025-03-28 18:14:20,933 - root - INFO - Sample 5 - Predicted: [19.695772 18.693602 18.26396  17.696247 16.891735], Actual: [23.9  27.8  28.98 28.03 30.92]
2025-03-28 18:14:20,933 - root - INFO - Processing test sample 6/50
2025-03-28 18:14:20,970 - root - INFO - Sample 6 - Predicted: [23.04432  22.772842 22.487198 21.863377 20.932865], Actual: [21.03 29.75 25.14 23.06 16.18]
2025-03-28 18:14:20,970 - root - INFO - Processing test sample 7/50
2025-03-28 18:14:21,008 - root - INFO - Sample 7 - Predicted: [26.752287 26.737793 26.258556 25.465796 24.75661 ], Actual: [19.02 28.45 27.05 34.78 37.92]
2025-03-28 18:14:21,008 - root - INFO - Processing test sample 8/50
2025-03-28 18:14:21,046 - root - INFO - Sample 8 - Predicted: [30.312046 31.629688 31.675518 31.330246 31.603653], Actual: [22.97 25.91 19.2  17.   14.08]
2025-03-28 18:14:21,046 - root - INFO - Processing test sample 9/50
2025-03-28 18:14:21,084 - root - INFO - Sample 9 - Predicted: [28.259743 29.35631  29.410973 29.216644 29.176414], Actual: [26.89 25.05 25.98 26.   25.03]
2025-03-28 18:14:21,084 - root - INFO - Processing test sample 10/50
2025-03-28 18:14:21,124 - root - INFO - Sample 10 - Predicted: [17.909792 19.50898  20.659708 22.229265 23.650913], Actual: [23.         27.86       28.         27.03       23.64945895]
2025-03-28 18:14:21,124 - root - INFO - Processing test sample 11/50
2025-03-28 18:14:21,164 - root - INFO - Sample 11 - Predicted: [15.495863 16.062794 17.181168 18.528393 19.817451], Actual: [16.17 15.   20.83 22.95 17.34]
2025-03-28 18:14:21,164 - root - INFO - Processing test sample 12/50
2025-03-28 18:14:21,203 - root - INFO - Sample 12 - Predicted: [18.206903 17.257906 16.943224 16.551338 16.028862], Actual: [23.07       21.         22.95       21.78740102 18.97      ]
2025-03-28 18:14:21,203 - root - INFO - Processing test sample 13/50
2025-03-28 18:14:21,249 - root - INFO - Sample 13 - Predicted: [23.855995 23.633858 23.310282 22.6127   21.618782], Actual: [22.   33.   28.   27.05 27.  ]
2025-03-28 18:14:21,249 - root - INFO - Processing test sample 14/50
2025-03-28 18:14:21,294 - root - INFO - Sample 14 - Predicted: [15.857067 15.0889   14.637762 14.41076  14.115196], Actual: [13.97      14.        16.92      20.2489513 19.03     ]
2025-03-28 18:14:21,294 - root - INFO - Processing test sample 15/50
2025-03-28 18:14:21,333 - root - INFO - Sample 15 - Predicted: [16.380743  15.529362  15.265682  14.8240185 14.464209 ], Actual: [14.95  9.17  9.    9.97 11.95]
2025-03-28 18:14:21,334 - root - INFO - Processing test sample 16/50
2025-03-28 18:14:21,370 - root - INFO - Sample 16 - Predicted: [27.040365 27.08386  26.526596 25.794376 24.703178], Actual: [18.         15.08       15.         14.03       25.76349834]
2025-03-28 18:14:21,370 - root - INFO - Processing test sample 17/50
2025-03-28 18:14:21,411 - root - INFO - Sample 17 - Predicted: [19.992828 22.01525  23.609978 25.200851 26.129042], Actual: [18.89 18.03 11.18 17.8  11.21]
2025-03-28 18:14:21,411 - root - INFO - Processing test sample 18/50
2025-03-28 18:14:21,448 - root - INFO - Sample 18 - Predicted: [16.882029 18.450989 19.833916 21.562466 22.913822], Actual: [17.81057768 22.52489796 21.133645   17.42831188 19.425108  ]
2025-03-28 18:14:21,448 - root - INFO - Processing test sample 19/50
2025-03-28 18:14:21,486 - root - INFO - Sample 19 - Predicted: [22.193178 23.661413 24.746695 25.607256 26.076933], Actual: [26.3629403  23.9442124  24.62202472 28.95008403 26.40978205]
2025-03-28 18:14:21,486 - root - INFO - Processing test sample 20/50
2025-03-28 18:14:21,528 - root - INFO - Sample 20 - Predicted: [26.0193   26.129372 25.70299  25.028627 23.963919], Actual: [23.83 22.05 20.05 19.05 21.91]
2025-03-28 18:14:21,529 - root - INFO - Processing test sample 21/50
2025-03-28 18:14:21,568 - root - INFO - Sample 21 - Predicted: [22.537386 22.081665 21.80101  21.12783  20.110611], Actual: [27.78 35.78 31.15 36.83 35.05]
2025-03-28 18:14:21,569 - root - INFO - Processing test sample 22/50
2025-03-28 18:14:21,605 - root - INFO - Sample 22 - Predicted: [24.958103 24.667374 24.229382 23.434662 22.51406 ], Actual: [2.06 2.97 5.91 8.92 9.97]
2025-03-28 18:14:21,605 - root - INFO - Processing test sample 23/50
2025-03-28 18:14:21,643 - root - INFO - Sample 23 - Predicted: [21.04848  21.690544 22.017462 22.376339 22.285841], Actual: [6.09 8.92 9.   7.11 6.03]
2025-03-28 18:14:21,643 - root - INFO - Processing test sample 24/50
2025-03-28 18:14:21,680 - root - INFO - Sample 24 - Predicted: [21.529911 21.620512 21.842396 21.448631 21.012493], Actual: [13.09 12.03 14.92 13.11 12.  ]
2025-03-28 18:14:21,681 - root - INFO - Processing test sample 25/50
2025-03-28 18:14:21,717 - root - INFO - Sample 25 - Predicted: [25.94633  26.82957  27.065306 26.898981 26.797064], Actual: [25.         26.37166543 18.22       17.85748381 13.64357997]
2025-03-28 18:14:21,717 - root - INFO - Processing test sample 26/50
2025-03-28 18:14:21,753 - root - INFO - Sample 26 - Predicted: [20.78863  22.108921 22.9946   23.810347 24.245213], Actual: [21.   18.   15.09 22.8  13.55]
2025-03-28 18:14:21,754 - root - INFO - Processing test sample 27/50
2025-03-28 18:14:21,793 - root - INFO - Sample 27 - Predicted: [29.454718 29.189474 28.56175  27.527628 26.543526], Actual: [54.97 54.03 51.09 45.18 34.3 ]
2025-03-28 18:14:21,793 - root - INFO - Processing test sample 28/50
2025-03-28 18:14:21,834 - root - INFO - Sample 28 - Predicted: [33.651615 34.09521  33.28134  32.30175  31.966259], Actual: [27.88 32.86 27.17 29.92 28.05]
2025-03-28 18:14:21,835 - root - INFO - Processing test sample 29/50
2025-03-28 18:14:21,874 - root - INFO - Sample 29 - Predicted: [30.473623 30.518469 29.77773  28.865108 27.947622], Actual: [22.21 21.03 26.82 22.15 26.86]
2025-03-28 18:14:21,874 - root - INFO - Processing test sample 30/50
2025-03-28 18:14:21,913 - root - INFO - Sample 30 - Predicted: [25.9496   25.811035 25.37827  24.600275 23.673851], Actual: [21.95 24.91 27.91 26.05 26.97]
2025-03-28 18:14:21,914 - root - INFO - Processing test sample 31/50
2025-03-28 18:14:21,955 - root - INFO - Sample 31 - Predicted: [24.764393 24.626307 24.2608   23.525965 22.5932  ], Actual: [22.73 20.08 18.12 18.97 19.  ]
2025-03-28 18:14:21,955 - root - INFO - Processing test sample 32/50
2025-03-28 18:14:21,993 - root - INFO - Sample 32 - Predicted: [34.144707 34.487583 33.235455 31.92089  31.217056], Actual: [20.91 13.25 15.91 23.75 18.17]
2025-03-28 18:14:21,993 - root - INFO - Processing test sample 33/50
2025-03-28 18:14:22,029 - root - INFO - Sample 33 - Predicted: [35.585667 37.528736 37.023415 36.45028  37.005733], Actual: [18.21 19.95 19.03 14.   17.  ]
2025-03-28 18:14:22,029 - root - INFO - Processing test sample 34/50
2025-03-28 18:14:22,072 - root - INFO - Sample 34 - Predicted: [21.017748 22.589403 23.805391 24.726667 25.222305], Actual: [19.92 18.05 18.   18.   21.88]
2025-03-28 18:14:22,072 - root - INFO - Processing test sample 35/50
2025-03-28 18:14:22,110 - root - INFO - Sample 35 - Predicted: [13.670854  14.709712  15.9445095 17.81575   20.321867 ], Actual: [17.94 18.   18.97 19.   11.24]
2025-03-28 18:14:22,110 - root - INFO - Processing test sample 36/50
2025-03-28 18:14:22,145 - root - INFO - Sample 36 - Predicted: [14.455174 14.109673 14.145961 14.182806 14.726374], Actual: [19.   18.03 20.92 20.05 17.09]
2025-03-28 18:14:22,145 - root - INFO - Processing test sample 37/50
2025-03-28 18:14:22,182 - root - INFO - Sample 37 - Predicted: [15.38476  14.716426 14.443881 14.106662 14.059901], Actual: [19.   19.97 19.03 16.09 21.83]
2025-03-28 18:14:22,182 - root - INFO - Processing test sample 38/50
2025-03-28 18:14:22,219 - root - INFO - Sample 38 - Predicted: [21.657022 21.281902 21.14446  20.725319 19.827143], Actual: [16.   17.94 24.79 24.03 14.61]
2025-03-28 18:14:22,219 - root - INFO - Processing test sample 39/50
2025-03-28 18:14:22,254 - root - INFO - Sample 39 - Predicted: [20.88293  20.361485 20.162527 19.734854 19.01999 ], Actual: [20.88 18.19 17.03 19.   23.83]
2025-03-28 18:14:22,255 - root - INFO - Processing test sample 40/50
2025-03-28 18:14:22,289 - root - INFO - Sample 40 - Predicted: [33.824074 33.84541  32.568638 31.240139 30.49477 ], Actual: [21.3  18.2  18.   18.   17.03]
2025-03-28 18:14:22,289 - root - INFO - Processing test sample 41/50
2025-03-28 18:14:22,326 - root - INFO - Sample 41 - Predicted: [21.400871 20.85637  20.305712 19.88406  19.247023], Actual: [12.89 14.95 10.15 11.94 13.93]
2025-03-28 18:14:22,326 - root - INFO - Processing test sample 42/50
2025-03-28 18:14:22,364 - root - INFO - Sample 42 - Predicted: [16.081072 17.772491 19.184174 21.151857 22.99158 ], Actual: [ 5.   10.    9.06 12.88 14.94]
2025-03-28 18:14:22,364 - root - INFO - Processing test sample 43/50
2025-03-28 18:14:22,399 - root - INFO - Sample 43 - Predicted: [14.407133 16.02102  17.382084 19.488209 21.828812], Actual: [ 8.          6.24        8.69138419 20.54166797 10.        ]
2025-03-28 18:14:22,399 - root - INFO - Processing test sample 44/50
2025-03-28 18:14:22,434 - root - INFO - Sample 44 - Predicted: [15.209702 14.406869 13.865347 13.591411 13.866764], Actual: [7.24 6.   4.05 2.06 1.  ]
2025-03-28 18:14:22,434 - root - INFO - Processing test sample 45/50
2025-03-28 18:14:22,470 - root - INFO - Sample 45 - Predicted: [16.772545 16.294096 15.802153 15.43462  15.670288], Actual: [22.         29.51902073 17.          7.          8.67      ]
2025-03-28 18:14:22,471 - root - INFO - Processing test sample 46/50
2025-03-28 18:14:22,507 - root - INFO - Sample 46 - Predicted: [19.461433 18.89833  18.469978 17.95553  17.539494], Actual: [13.         16.94453421 12.82       10.2        16.        ]
2025-03-28 18:14:22,507 - root - INFO - Processing test sample 47/50
2025-03-28 18:14:22,543 - root - INFO - Sample 47 - Predicted: [18.194763 17.441498 16.83831  16.413599 16.180643], Actual: [12.85 11.06  7.12  7.97  8.97]
2025-03-28 18:14:22,543 - root - INFO - Processing test sample 48/50
2025-03-28 18:14:22,578 - root - INFO - Sample 48 - Predicted: [16.722403 16.03724  15.68088  15.381334 15.498291], Actual: [ 9.1  14.82 19.83 20.   19.03]
2025-03-28 18:14:22,578 - root - INFO - Processing test sample 49/50
2025-03-28 18:14:22,615 - root - INFO - Sample 49 - Predicted: [23.925297 24.190012 24.230656 23.877405 23.214674], Actual: [ 8.37  7.03 12.8  13.   11.06]
2025-03-28 18:14:22,615 - root - INFO - Processing test sample 50/50
2025-03-28 18:14:22,653 - root - INFO - Sample 50 - Predicted: [18.957369 18.782076 18.798075 18.543331 18.443436], Actual: [ 8.73 12.83 28.47 12.52 11.07]
2025-03-28 18:14:22,655 - root - INFO - Horizon 1 hour - MAE: 6.59, RMSE: 8.62, R²: -0.0011
2025-03-28 18:14:22,655 - root - INFO - Horizon 2 hour - MAE: 7.36, RMSE: 9.38, R²: -0.0009
2025-03-28 18:14:22,656 - root - INFO - Horizon 3 hour - MAE: 7.23, RMSE: 8.84, R²: -0.0302
2025-03-28 18:14:22,657 - root - INFO - Horizon 4 hour - MAE: 6.99, RMSE: 8.47, R²: 0.0373
2025-03-28 18:14:22,658 - root - INFO - Horizon 5 hour - MAE: 7.15, RMSE: 8.80, R²: -0.1647
2025-03-28 18:14:22,658 - root - INFO - Overall - MAE: 7.06, RMSE: 8.83, R²: -0.0248
2025-03-28 18:14:23,349 - root - INFO - Metrics plot saved to comparison_plots/Airport_metrics_by_horizon.png
2025-03-28 18:14:23,600 - root - INFO - 1-hour prediction plot saved to comparison_plots/Airport_1hour_prediction.png
2025-03-28 18:14:23,851 - root - INFO - 2-hour prediction plot saved to comparison_plots/Airport_2hour_prediction.png
2025-03-28 18:14:24,138 - root - INFO - 3-hour prediction plot saved to comparison_plots/Airport_3hour_prediction.png
2025-03-28 18:14:24,382 - root - INFO - 4-hour prediction plot saved to comparison_plots/Airport_4hour_prediction.png
2025-03-28 18:14:24,644 - root - INFO - 5-hour prediction plot saved to comparison_plots/Airport_5hour_prediction.png
2025-03-28 18:14:25,159 - root - INFO - Combined plot saved to comparison_plots/Airport_all_horizons.png
2025-03-28 18:21:27,764 - root - INFO - Found 15 localities: Airport, Bandra, Borivali, Colaba, Kalyan, Kandivali, Kurla, Mahape, Mulund, Nerul, Powai, Sion, Vasai, Vileparle, Worli
2025-03-28 18:21:27,765 - root - INFO - Processing locality 1/15: Airport
2025-03-28 18:21:27,765 - root - INFO - Running prediction for Airport
2025-03-28 18:21:27,765 - root - INFO - Parameters: sequence_length=24, prediction_horizon=5
2025-03-28 18:21:27,765 - root - INFO - Loaded coordinates for 26 localities
2025-03-28 18:21:27,768 - root - INFO - Found 12 nearby localities for Airport
2025-03-28 18:21:27,768 - root - INFO -   - Vileparle: 2.54 km, weight: 0.2804
2025-03-28 18:21:27,768 - root - INFO -   - Vile Parle: 2.54 km, weight: 0.2804
2025-03-28 18:21:27,768 - root - INFO -   - Kurla: 3.04 km, weight: 0.2185
2025-03-28 18:21:27,768 - root - INFO -   - Andheri: 3.90 km, weight: 0.1426
2025-03-28 18:21:27,768 - root - INFO -   - Juhu: 4.45 km, weight: 0.1083
2025-03-28 18:21:27,768 - root - INFO -   - Bandra: 4.67 km, weight: 0.0967
2025-03-28 18:21:27,768 - root - INFO -   - Sion: 4.77 km, weight: 0.0919
2025-03-28 18:21:27,768 - root - INFO -   - Dharavi: 5.05 km, weight: 0.0801
2025-03-28 18:21:27,769 - root - INFO -   - Chembur: 5.14 km, weight: 0.0765
2025-03-28 18:21:27,769 - root - INFO -   - Powai: 5.45 km, weight: 0.0656
2025-03-28 18:21:27,769 - root - INFO -   - Dadar: 8.28 km, weight: 0.0159
2025-03-28 18:21:27,769 - root - INFO -   - Worli: 9.97 km, weight: 0.0068
2025-03-28 18:21:27,769 - root - INFO - Initializing LSTM Predictor for Airport
2025-03-28 18:21:27,769 - root - INFO - Sequence length: 24, Prediction horizon: 5
2025-03-28 18:21:27,769 - root - INFO - Loading cleaned data from spatial_cleaned_data\Airport_spatial_weighted.csv
2025-03-28 18:21:27,782 - root - INFO - Using spatial data from nearby localities to fill any remaining missing values
2025-03-28 18:21:27,783 - root - INFO - No missing PM2.5 values found
2025-03-28 18:21:27,784 - root - INFO - Loaded cleaned data with shape: (5305, 4)
2025-03-28 18:21:27,784 - root - INFO - Features selected: ['PM10', 'RH', 'AT']
2025-03-28 18:21:27,784 - root - INFO - Loaded data with shape: (5305, 4)
2025-03-28 18:21:27,784 - root - INFO - Loading model from models/lstm_Airport_ph5.keras
2025-03-28 18:21:28,010 - root - INFO - Model loaded successfully
2025-03-28 18:21:28,010 - root - INFO - Using most recent 24 data points for prediction
2025-03-28 18:21:28,011 - root - INFO - Making predictions for Airport
2025-03-28 18:21:28,011 - root - INFO - Preparing sequences from data with shape: (5305, 4)
2025-03-28 18:21:28,026 - root - INFO - Creating 5277 sequences...
2025-03-28 18:21:28,036 - root - INFO - Sequence preparation completed. X shape: (5277, 24, 22), y shape: (5277, 5)
2025-03-28 18:21:28,037 - root - INFO - Sequence preparation took 0.03 seconds
2025-03-28 18:21:28,403 - root - INFO - Prediction completed in 0.37 seconds
2025-03-28 18:21:28,408 - root - INFO - Predictions saved to predictions/Airport_predictions_20250328_182128.csv
2025-03-28 18:21:28,412 - root - INFO - Simulated actual values saved to actual_values/Airport_actual_20250328_182128.csv
2025-03-28 18:21:28,732 - root - INFO - Plot saved to all_localities_plots/Airport_comparison_20250328_182128.png
2025-03-28 18:21:28,732 - root - INFO - Processing locality 2/15: Bandra
2025-03-28 18:21:28,732 - root - INFO - Running prediction for Bandra
2025-03-28 18:21:28,732 - root - INFO - Parameters: sequence_length=24, prediction_horizon=5
2025-03-28 18:21:28,733 - root - INFO - Loaded coordinates for 26 localities
2025-03-28 18:21:28,736 - root - INFO - Found 12 nearby localities for Bandra
2025-03-28 18:21:28,736 - root - INFO -   - Dharavi: 2.26 km, weight: 0.3231
2025-03-28 18:21:28,736 - root - INFO -   - Sion: 2.60 km, weight: 0.2723
2025-03-28 18:21:28,736 - root - INFO -   - Dadar: 4.14 km, weight: 0.1262
2025-03-28 18:21:28,736 - root - INFO -   - Kurla: 4.30 km, weight: 0.1163
2025-03-28 18:21:28,736 - root - INFO -   - Airport: 4.67 km, weight: 0.0967
2025-03-28 18:21:28,737 - root - INFO -   - Vileparle: 4.99 km, weight: 0.0826
2025-03-28 18:21:28,737 - root - INFO -   - Vile Parle: 4.99 km, weight: 0.0825
2025-03-28 18:21:28,737 - root - INFO -   - Worli: 5.33 km, weight: 0.0697
2025-03-28 18:21:28,737 - root - INFO -   - Juhu: 5.91 km, weight: 0.0520
2025-03-28 18:21:28,737 - root - INFO -   - Chembur: 6.08 km, weight: 0.0479
2025-03-28 18:21:28,737 - root - INFO -   - Andheri: 7.19 km, weight: 0.0274
2025-03-28 18:21:28,737 - root - INFO -   - Powai: 9.98 km, weight: 0.0068
2025-03-28 18:21:28,738 - root - INFO - Initializing LSTM Predictor for Bandra
2025-03-28 18:21:28,738 - root - INFO - Sequence length: 24, Prediction horizon: 5
2025-03-28 18:21:28,738 - root - INFO - Loading cleaned data from spatial_cleaned_data\Bandra_spatial_weighted.csv
2025-03-28 18:21:28,785 - root - INFO - Using spatial data from nearby localities to fill any remaining missing values
2025-03-28 18:21:28,788 - root - INFO - No missing PM2.5 values found
2025-03-28 18:21:28,790 - root - INFO - Loaded cleaned data with shape: (5441, 4)
2025-03-28 18:21:28,791 - root - INFO - Features selected: ['PM10', 'RH', 'AT']
2025-03-28 18:21:28,791 - root - INFO - Loaded data with shape: (5441, 4)
2025-03-28 18:21:28,791 - root - INFO - Found alternative model at models/lstm_Bandra_ph6.keras
2025-03-28 18:21:28,791 - root - INFO - Loading model from models/lstm_Bandra_ph6.keras
2025-03-28 18:21:29,002 - root - INFO - Model loaded successfully
2025-03-28 18:21:29,003 - root - INFO - Using most recent 24 data points for prediction
2025-03-28 18:21:29,003 - root - INFO - Making predictions for Bandra
2025-03-28 18:21:29,003 - root - INFO - Preparing sequences from data with shape: (5441, 4)
2025-03-28 18:21:29,016 - root - INFO - Creating 5413 sequences...
2025-03-28 18:21:29,026 - root - INFO - Sequence preparation completed. X shape: (5413, 24, 22), y shape: (5413, 5)
2025-03-28 18:21:29,026 - root - INFO - Sequence preparation took 0.02 seconds
2025-03-28 18:21:29,409 - root - INFO - Prediction completed in 0.38 seconds
2025-03-28 18:21:29,411 - root - ERROR - Error making predictions for Bandra: All arrays must be of the same length
2025-03-28 18:21:29,426 - root - ERROR - Traceback (most recent call last):
  File "C:\Users\Pranav\Desktop\IIT Kanpur\project\2022_SSDA_airquality\run_all_localities.py", line 165, in run_prediction_for_locality
    pred_df = pd.DataFrame({
              ^^^^^^^^^^^^^^
  File "C:\Users\Pranav\AppData\Roaming\Python\Python312\site-packages\pandas\core\frame.py", line 778, in __init__
    mgr = dict_to_mgr(data, index, columns, dtype=dtype, copy=copy, typ=manager)
          ^^^^^^^^^^^^^^^^^^^^^^^^^^^^^^^^^^^^^^^^^^^^^^^^^^^^^^^^^^^^^^^^^^^^^^
  File "C:\Users\Pranav\AppData\Roaming\Python\Python312\site-packages\pandas\core\internals\construction.py", line 503, in dict_to_mgr
    return arrays_to_mgr(arrays, columns, index, dtype=dtype, typ=typ, consolidate=copy)
           ^^^^^^^^^^^^^^^^^^^^^^^^^^^^^^^^^^^^^^^^^^^^^^^^^^^^^^^^^^^^^^^^^^^^^^^^^^^^^
  File "C:\Users\Pranav\AppData\Roaming\Python\Python312\site-packages\pandas\core\internals\construction.py", line 114, in arrays_to_mgr
    index = _extract_index(arrays)
            ^^^^^^^^^^^^^^^^^^^^^^
  File "C:\Users\Pranav\AppData\Roaming\Python\Python312\site-packages\pandas\core\internals\construction.py", line 677, in _extract_index
    raise ValueError("All arrays must be of the same length")
ValueError: All arrays must be of the same length

2025-03-28 18:21:29,427 - root - WARNING - Prediction failed for Bandra, skipping visualization
2025-03-28 18:21:29,427 - root - INFO - Processing locality 3/15: Borivali
2025-03-28 18:21:29,427 - root - INFO - Running prediction for Borivali
2025-03-28 18:21:29,427 - root - INFO - Parameters: sequence_length=24, prediction_horizon=5
2025-03-28 18:21:29,428 - root - INFO - Loaded coordinates for 26 localities
2025-03-28 18:21:29,431 - root - INFO - Found 2 nearby localities for Borivali
2025-03-28 18:21:29,431 - root - INFO -   - Kandivali: 3.02 km, weight: 0.2211
2025-03-28 18:21:29,431 - root - INFO -   - Malad: 4.78 km, weight: 0.0917
2025-03-28 18:21:29,431 - root - INFO - Initializing LSTM Predictor for Borivali
2025-03-28 18:21:29,431 - root - INFO - Sequence length: 24, Prediction horizon: 5
2025-03-28 18:21:29,432 - root - INFO - Loading cleaned data from spatial_cleaned_data\Borivali_spatial_weighted.csv
2025-03-28 18:21:29,452 - root - INFO - Using spatial data from nearby localities to fill any remaining missing values
2025-03-28 18:21:29,453 - root - INFO - No missing PM2.5 values found
2025-03-28 18:21:29,453 - root - INFO - Loaded cleaned data with shape: (5425, 4)
2025-03-28 18:21:29,454 - root - INFO - Features selected: ['PM10', 'RH', 'AT']
2025-03-28 18:21:29,454 - root - INFO - Loaded data with shape: (5425, 4)
2025-03-28 18:21:29,454 - root - INFO - Found alternative model at models/lstm_Borivali_ph6.keras
2025-03-28 18:21:29,454 - root - INFO - Loading model from models/lstm_Borivali_ph6.keras
2025-03-28 18:21:29,656 - root - INFO - Model loaded successfully
2025-03-28 18:21:29,656 - root - INFO - Using most recent 24 data points for prediction
2025-03-28 18:21:29,656 - root - INFO - Making predictions for Borivali
2025-03-28 18:21:29,657 - root - INFO - Preparing sequences from data with shape: (5425, 4)
2025-03-28 18:21:29,676 - root - INFO - Creating 5397 sequences...
2025-03-28 18:21:29,690 - root - INFO - Sequence preparation completed. X shape: (5397, 24, 22), y shape: (5397, 5)
2025-03-28 18:21:29,690 - root - INFO - Sequence preparation took 0.03 seconds
2025-03-28 18:21:30,041 - root - INFO - Prediction completed in 0.35 seconds
2025-03-28 18:21:30,043 - root - ERROR - Error making predictions for Borivali: All arrays must be of the same length
2025-03-28 18:21:30,044 - root - ERROR - Traceback (most recent call last):
  File "C:\Users\Pranav\Desktop\IIT Kanpur\project\2022_SSDA_airquality\run_all_localities.py", line 165, in run_prediction_for_locality
    pred_df = pd.DataFrame({
              ^^^^^^^^^^^^^^
  File "C:\Users\Pranav\AppData\Roaming\Python\Python312\site-packages\pandas\core\frame.py", line 778, in __init__
    mgr = dict_to_mgr(data, index, columns, dtype=dtype, copy=copy, typ=manager)
          ^^^^^^^^^^^^^^^^^^^^^^^^^^^^^^^^^^^^^^^^^^^^^^^^^^^^^^^^^^^^^^^^^^^^^^
  File "C:\Users\Pranav\AppData\Roaming\Python\Python312\site-packages\pandas\core\internals\construction.py", line 503, in dict_to_mgr
    return arrays_to_mgr(arrays, columns, index, dtype=dtype, typ=typ, consolidate=copy)
           ^^^^^^^^^^^^^^^^^^^^^^^^^^^^^^^^^^^^^^^^^^^^^^^^^^^^^^^^^^^^^^^^^^^^^^^^^^^^^
  File "C:\Users\Pranav\AppData\Roaming\Python\Python312\site-packages\pandas\core\internals\construction.py", line 114, in arrays_to_mgr
    index = _extract_index(arrays)
            ^^^^^^^^^^^^^^^^^^^^^^
  File "C:\Users\Pranav\AppData\Roaming\Python\Python312\site-packages\pandas\core\internals\construction.py", line 677, in _extract_index
    raise ValueError("All arrays must be of the same length")
ValueError: All arrays must be of the same length

2025-03-28 18:21:30,044 - root - WARNING - Prediction failed for Borivali, skipping visualization
2025-03-28 18:21:30,045 - root - INFO - Processing locality 4/15: Colaba
2025-03-28 18:21:30,045 - root - INFO - Running prediction for Colaba
2025-03-28 18:21:30,045 - root - INFO - Parameters: sequence_length=24, prediction_horizon=5
2025-03-28 18:21:30,045 - root - INFO - Loaded coordinates for 26 localities
2025-03-28 18:21:30,048 - root - INFO - Found 1 nearby localities for Colaba
2025-03-28 18:21:30,048 - root - INFO -   - Malabar Hill: 5.33 km, weight: 0.0696
2025-03-28 18:21:30,048 - root - INFO - Initializing LSTM Predictor for Colaba
2025-03-28 18:21:30,049 - root - INFO - Sequence length: 24, Prediction horizon: 5
2025-03-28 18:21:30,049 - root - INFO - Loading cleaned data from spatial_cleaned_data\Colaba_spatial_weighted.csv
2025-03-28 18:21:30,066 - root - INFO - Using spatial data from nearby localities to fill any remaining missing values
2025-03-28 18:21:30,066 - root - INFO - No missing PM2.5 values found
2025-03-28 18:21:30,066 - root - INFO - Loaded cleaned data with shape: (4801, 4)
2025-03-28 18:21:30,067 - root - INFO - Features selected: ['PM10', 'RH', 'AT']
2025-03-28 18:21:30,067 - root - INFO - Loaded data with shape: (4801, 4)
2025-03-28 18:21:30,068 - root - INFO - Found alternative model at models/lstm_Colaba_ph6.keras
2025-03-28 18:21:30,068 - root - INFO - Loading model from models/lstm_Colaba_ph6.keras
2025-03-28 18:21:30,261 - root - INFO - Model loaded successfully
2025-03-28 18:21:30,262 - root - INFO - Using most recent 24 data points for prediction
2025-03-28 18:21:30,263 - root - INFO - Making predictions for Colaba
2025-03-28 18:21:30,263 - root - INFO - Preparing sequences from data with shape: (4801, 4)
2025-03-28 18:21:30,276 - root - INFO - Creating 4773 sequences...
2025-03-28 18:21:30,284 - root - INFO - Sequence preparation completed. X shape: (4773, 24, 22), y shape: (4773, 5)
2025-03-28 18:21:30,284 - root - INFO - Sequence preparation took 0.02 seconds
2025-03-28 18:21:30,619 - root - INFO - Prediction completed in 0.33 seconds
2025-03-28 18:21:30,621 - root - ERROR - Error making predictions for Colaba: All arrays must be of the same length
2025-03-28 18:21:30,622 - root - ERROR - Traceback (most recent call last):
  File "C:\Users\Pranav\Desktop\IIT Kanpur\project\2022_SSDA_airquality\run_all_localities.py", line 165, in run_prediction_for_locality
    pred_df = pd.DataFrame({
              ^^^^^^^^^^^^^^
  File "C:\Users\Pranav\AppData\Roaming\Python\Python312\site-packages\pandas\core\frame.py", line 778, in __init__
    mgr = dict_to_mgr(data, index, columns, dtype=dtype, copy=copy, typ=manager)
          ^^^^^^^^^^^^^^^^^^^^^^^^^^^^^^^^^^^^^^^^^^^^^^^^^^^^^^^^^^^^^^^^^^^^^^
  File "C:\Users\Pranav\AppData\Roaming\Python\Python312\site-packages\pandas\core\internals\construction.py", line 503, in dict_to_mgr
    return arrays_to_mgr(arrays, columns, index, dtype=dtype, typ=typ, consolidate=copy)
           ^^^^^^^^^^^^^^^^^^^^^^^^^^^^^^^^^^^^^^^^^^^^^^^^^^^^^^^^^^^^^^^^^^^^^^^^^^^^^
  File "C:\Users\Pranav\AppData\Roaming\Python\Python312\site-packages\pandas\core\internals\construction.py", line 114, in arrays_to_mgr
    index = _extract_index(arrays)
            ^^^^^^^^^^^^^^^^^^^^^^
  File "C:\Users\Pranav\AppData\Roaming\Python\Python312\site-packages\pandas\core\internals\construction.py", line 677, in _extract_index
    raise ValueError("All arrays must be of the same length")
ValueError: All arrays must be of the same length

2025-03-28 18:21:30,622 - root - WARNING - Prediction failed for Colaba, skipping visualization
2025-03-28 18:21:30,622 - root - INFO - Processing locality 5/15: Kalyan
2025-03-28 18:21:30,623 - root - INFO - Running prediction for Kalyan
2025-03-28 18:21:30,623 - root - INFO - Parameters: sequence_length=24, prediction_horizon=5
2025-03-28 18:21:30,623 - root - INFO - Loaded coordinates for 26 localities
2025-03-28 18:21:30,626 - root - INFO - Found 0 nearby localities for Kalyan
2025-03-28 18:21:30,626 - root - INFO - Initializing LSTM Predictor for Kalyan
2025-03-28 18:21:30,626 - root - INFO - Sequence length: 24, Prediction horizon: 5
2025-03-28 18:21:30,626 - root - INFO - Loading cleaned data from spatial_cleaned_data\Kalyan_spatial_weighted.csv
2025-03-28 18:21:30,645 - root - WARNING - Data still contains NaN values. Filling with forward and backward fill.
2025-03-28 18:21:30,646 - root - INFO - Loaded cleaned data with shape: (5442, 4)
2025-03-28 18:21:30,646 - root - INFO - Features selected: ['PM10', 'RH', 'AT']
2025-03-28 18:21:30,647 - root - INFO - Loaded data with shape: (5442, 4)
2025-03-28 18:21:30,647 - root - INFO - Found alternative model at models/lstm_Kalyan_ph6.keras
2025-03-28 18:21:30,648 - root - INFO - Loading model from models/lstm_Kalyan_ph6.keras
2025-03-28 18:21:30,834 - root - INFO - Model loaded successfully
2025-03-28 18:21:30,835 - root - INFO - Using most recent 24 data points for prediction
2025-03-28 18:21:30,836 - root - INFO - Making predictions for Kalyan
2025-03-28 18:21:30,836 - root - INFO - Preparing sequences from data with shape: (5442, 4)
2025-03-28 18:21:30,850 - root - INFO - Creating 5414 sequences...
2025-03-28 18:21:30,860 - root - INFO - Sequence preparation completed. X shape: (5414, 24, 22), y shape: (5414, 5)
2025-03-28 18:21:30,860 - root - INFO - Sequence preparation took 0.02 seconds
2025-03-28 18:21:31,197 - tensorflow - WARNING - 5 out of the last 5 calls to <function TensorFlowTrainer.make_predict_function.<locals>.one_step_on_data_distributed at 0x0000027263B347C0> triggered tf.function retracing. Tracing is expensive and the excessive number of tracings could be due to (1) creating @tf.function repeatedly in a loop, (2) passing tensors with different shapes, (3) passing Python objects instead of tensors. For (1), please define your @tf.function outside of the loop. For (2), @tf.function has reduce_retracing=True option that can avoid unnecessary retracing. For (3), please refer to https://www.tensorflow.org/guide/function#controlling_retracing and https://www.tensorflow.org/api_docs/python/tf/function for  more details.
2025-03-28 18:21:31,201 - root - INFO - Prediction completed in 0.34 seconds
2025-03-28 18:21:31,203 - root - ERROR - Error making predictions for Kalyan: All arrays must be of the same length
2025-03-28 18:21:31,204 - root - ERROR - Traceback (most recent call last):
  File "C:\Users\Pranav\Desktop\IIT Kanpur\project\2022_SSDA_airquality\run_all_localities.py", line 165, in run_prediction_for_locality
    pred_df = pd.DataFrame({
              ^^^^^^^^^^^^^^
  File "C:\Users\Pranav\AppData\Roaming\Python\Python312\site-packages\pandas\core\frame.py", line 778, in __init__
    mgr = dict_to_mgr(data, index, columns, dtype=dtype, copy=copy, typ=manager)
          ^^^^^^^^^^^^^^^^^^^^^^^^^^^^^^^^^^^^^^^^^^^^^^^^^^^^^^^^^^^^^^^^^^^^^^
  File "C:\Users\Pranav\AppData\Roaming\Python\Python312\site-packages\pandas\core\internals\construction.py", line 503, in dict_to_mgr
    return arrays_to_mgr(arrays, columns, index, dtype=dtype, typ=typ, consolidate=copy)
           ^^^^^^^^^^^^^^^^^^^^^^^^^^^^^^^^^^^^^^^^^^^^^^^^^^^^^^^^^^^^^^^^^^^^^^^^^^^^^
  File "C:\Users\Pranav\AppData\Roaming\Python\Python312\site-packages\pandas\core\internals\construction.py", line 114, in arrays_to_mgr
    index = _extract_index(arrays)
            ^^^^^^^^^^^^^^^^^^^^^^
  File "C:\Users\Pranav\AppData\Roaming\Python\Python312\site-packages\pandas\core\internals\construction.py", line 677, in _extract_index
    raise ValueError("All arrays must be of the same length")
ValueError: All arrays must be of the same length

2025-03-28 18:21:31,204 - root - WARNING - Prediction failed for Kalyan, skipping visualization
2025-03-28 18:21:31,204 - root - INFO - Processing locality 6/15: Kandivali
2025-03-28 18:21:31,205 - root - INFO - Running prediction for Kandivali
2025-03-28 18:21:31,205 - root - INFO - Parameters: sequence_length=24, prediction_horizon=5
2025-03-28 18:21:31,205 - root - INFO - Loaded coordinates for 26 localities
2025-03-28 18:21:31,208 - root - INFO - Found 3 nearby localities for Kandivali
2025-03-28 18:21:31,208 - root - INFO -   - Malad: 1.76 km, weight: 0.4149
2025-03-28 18:21:31,208 - root - INFO -   - Borivali: 3.02 km, weight: 0.2211
2025-03-28 18:21:31,208 - root - INFO -   - Andheri: 9.16 km, weight: 0.0102
2025-03-28 18:21:31,208 - root - INFO - Initializing LSTM Predictor for Kandivali
2025-03-28 18:21:31,208 - root - INFO - Sequence length: 24, Prediction horizon: 5
2025-03-28 18:21:31,209 - root - INFO - Loading cleaned data from spatial_cleaned_data\Kandivali_spatial_weighted.csv
2025-03-28 18:21:31,230 - root - INFO - Using spatial data from nearby localities to fill any remaining missing values
2025-03-28 18:21:31,230 - root - INFO - No missing PM2.5 values found
2025-03-28 18:21:31,231 - root - INFO - Loaded cleaned data with shape: (4801, 4)
2025-03-28 18:21:31,231 - root - INFO - Features selected: ['PM10', 'RH', 'AT']
2025-03-28 18:21:31,231 - root - INFO - Loaded data with shape: (4801, 4)
2025-03-28 18:21:31,231 - root - INFO - Found alternative model at models/lstm_Kandivali_ph6.keras
2025-03-28 18:21:31,232 - root - INFO - Loading model from models/lstm_Kandivali_ph6.keras
2025-03-28 18:21:31,410 - root - INFO - Model loaded successfully
2025-03-28 18:21:31,411 - root - INFO - Using most recent 24 data points for prediction
2025-03-28 18:21:31,411 - root - INFO - Making predictions for Kandivali
2025-03-28 18:21:31,411 - root - INFO - Preparing sequences from data with shape: (4801, 4)
2025-03-28 18:21:31,424 - root - INFO - Creating 4773 sequences...
2025-03-28 18:21:31,433 - root - INFO - Sequence preparation completed. X shape: (4773, 24, 22), y shape: (4773, 5)
2025-03-28 18:21:31,433 - root - INFO - Sequence preparation took 0.02 seconds
2025-03-28 18:21:31,766 - tensorflow - WARNING - 6 out of the last 6 calls to <function TensorFlowTrainer.make_predict_function.<locals>.one_step_on_data_distributed at 0x0000027263C5DC60> triggered tf.function retracing. Tracing is expensive and the excessive number of tracings could be due to (1) creating @tf.function repeatedly in a loop, (2) passing tensors with different shapes, (3) passing Python objects instead of tensors. For (1), please define your @tf.function outside of the loop. For (2), @tf.function has reduce_retracing=True option that can avoid unnecessary retracing. For (3), please refer to https://www.tensorflow.org/guide/function#controlling_retracing and https://www.tensorflow.org/api_docs/python/tf/function for  more details.
2025-03-28 18:21:31,771 - root - INFO - Prediction completed in 0.34 seconds
2025-03-28 18:21:31,773 - root - ERROR - Error making predictions for Kandivali: All arrays must be of the same length
2025-03-28 18:21:31,774 - root - ERROR - Traceback (most recent call last):
  File "C:\Users\Pranav\Desktop\IIT Kanpur\project\2022_SSDA_airquality\run_all_localities.py", line 165, in run_prediction_for_locality
    pred_df = pd.DataFrame({
              ^^^^^^^^^^^^^^
  File "C:\Users\Pranav\AppData\Roaming\Python\Python312\site-packages\pandas\core\frame.py", line 778, in __init__
    mgr = dict_to_mgr(data, index, columns, dtype=dtype, copy=copy, typ=manager)
          ^^^^^^^^^^^^^^^^^^^^^^^^^^^^^^^^^^^^^^^^^^^^^^^^^^^^^^^^^^^^^^^^^^^^^^
  File "C:\Users\Pranav\AppData\Roaming\Python\Python312\site-packages\pandas\core\internals\construction.py", line 503, in dict_to_mgr
    return arrays_to_mgr(arrays, columns, index, dtype=dtype, typ=typ, consolidate=copy)
           ^^^^^^^^^^^^^^^^^^^^^^^^^^^^^^^^^^^^^^^^^^^^^^^^^^^^^^^^^^^^^^^^^^^^^^^^^^^^^
  File "C:\Users\Pranav\AppData\Roaming\Python\Python312\site-packages\pandas\core\internals\construction.py", line 114, in arrays_to_mgr
    index = _extract_index(arrays)
            ^^^^^^^^^^^^^^^^^^^^^^
  File "C:\Users\Pranav\AppData\Roaming\Python\Python312\site-packages\pandas\core\internals\construction.py", line 677, in _extract_index
    raise ValueError("All arrays must be of the same length")
ValueError: All arrays must be of the same length

2025-03-28 18:21:31,774 - root - WARNING - Prediction failed for Kandivali, skipping visualization
2025-03-28 18:21:31,775 - root - INFO - Processing locality 7/15: Kurla
2025-03-28 18:21:31,775 - root - INFO - Running prediction for Kurla
2025-03-28 18:21:31,775 - root - INFO - Parameters: sequence_length=24, prediction_horizon=5
2025-03-28 18:21:31,775 - root - INFO - Loaded coordinates for 26 localities
2025-03-28 18:21:31,778 - root - INFO - Found 12 nearby localities for Kurla
2025-03-28 18:21:31,778 - root - INFO -   - Chembur: 2.27 km, weight: 0.3211
2025-03-28 18:21:31,778 - root - INFO -   - Sion: 2.71 km, weight: 0.2574
2025-03-28 18:21:31,778 - root - INFO -   - Airport: 3.04 km, weight: 0.2185
2025-03-28 18:21:31,778 - root - INFO -   - Dharavi: 3.21 km, weight: 0.2009
2025-03-28 18:21:31,778 - root - INFO -   - Bandra: 4.30 km, weight: 0.1163
2025-03-28 18:21:31,778 - root - INFO -   - Vileparle: 5.34 km, weight: 0.0694
2025-03-28 18:21:31,779 - root - INFO -   - Vile Parle: 5.34 km, weight: 0.0694
2025-03-28 18:21:31,779 - root - INFO -   - Dadar: 6.50 km, weight: 0.0388
2025-03-28 18:21:31,779 - root - INFO -   - Powai: 6.57 km, weight: 0.0374
2025-03-28 18:21:31,780 - root - INFO -   - Andheri: 6.94 km, weight: 0.0312
2025-03-28 18:21:31,780 - root - INFO -   - Juhu: 7.15 km, weight: 0.0281
2025-03-28 18:21:31,780 - root - INFO -   - Worli: 8.80 km, weight: 0.0123
2025-03-28 18:21:31,780 - root - INFO - Initializing LSTM Predictor for Kurla
2025-03-28 18:21:31,780 - root - INFO - Sequence length: 24, Prediction horizon: 5
2025-03-28 18:21:31,781 - root - INFO - Loading cleaned data from spatial_cleaned_data\Kurla_spatial_weighted.csv
2025-03-28 18:21:31,799 - root - INFO - Using spatial data from nearby localities to fill any remaining missing values
2025-03-28 18:21:31,800 - root - INFO - No missing PM2.5 values found
2025-03-28 18:21:31,801 - root - INFO - Loaded cleaned data with shape: (5425, 4)
2025-03-28 18:21:31,801 - root - INFO - Features selected: ['PM10', 'RH', 'AT']
2025-03-28 18:21:31,801 - root - INFO - Loaded data with shape: (5425, 4)
2025-03-28 18:21:31,801 - root - INFO - Found alternative model at models/lstm_Kurla_ph6.keras
2025-03-28 18:21:31,802 - root - INFO - Loading model from models/lstm_Kurla_ph6.keras
2025-03-28 18:21:31,936 - root - INFO - Model loaded successfully
2025-03-28 18:21:31,936 - root - INFO - Using most recent 24 data points for prediction
2025-03-28 18:21:31,937 - root - INFO - Making predictions for Kurla
2025-03-28 18:21:31,937 - root - INFO - Preparing sequences from data with shape: (5425, 4)
2025-03-28 18:21:31,950 - root - INFO - Creating 5397 sequences...
2025-03-28 18:21:31,961 - root - INFO - Sequence preparation completed. X shape: (5397, 24, 22), y shape: (5397, 5)
2025-03-28 18:21:31,961 - root - INFO - Sequence preparation took 0.02 seconds
2025-03-28 18:21:32,289 - root - INFO - Prediction completed in 0.33 seconds
2025-03-28 18:21:32,292 - root - ERROR - Error making predictions for Kurla: All arrays must be of the same length
2025-03-28 18:21:32,293 - root - ERROR - Traceback (most recent call last):
  File "C:\Users\Pranav\Desktop\IIT Kanpur\project\2022_SSDA_airquality\run_all_localities.py", line 165, in run_prediction_for_locality
    pred_df = pd.DataFrame({
              ^^^^^^^^^^^^^^
  File "C:\Users\Pranav\AppData\Roaming\Python\Python312\site-packages\pandas\core\frame.py", line 778, in __init__
    mgr = dict_to_mgr(data, index, columns, dtype=dtype, copy=copy, typ=manager)
          ^^^^^^^^^^^^^^^^^^^^^^^^^^^^^^^^^^^^^^^^^^^^^^^^^^^^^^^^^^^^^^^^^^^^^^
  File "C:\Users\Pranav\AppData\Roaming\Python\Python312\site-packages\pandas\core\internals\construction.py", line 503, in dict_to_mgr
    return arrays_to_mgr(arrays, columns, index, dtype=dtype, typ=typ, consolidate=copy)
           ^^^^^^^^^^^^^^^^^^^^^^^^^^^^^^^^^^^^^^^^^^^^^^^^^^^^^^^^^^^^^^^^^^^^^^^^^^^^^
  File "C:\Users\Pranav\AppData\Roaming\Python\Python312\site-packages\pandas\core\internals\construction.py", line 114, in arrays_to_mgr
    index = _extract_index(arrays)
            ^^^^^^^^^^^^^^^^^^^^^^
  File "C:\Users\Pranav\AppData\Roaming\Python\Python312\site-packages\pandas\core\internals\construction.py", line 677, in _extract_index
    raise ValueError("All arrays must be of the same length")
ValueError: All arrays must be of the same length

2025-03-28 18:21:32,293 - root - WARNING - Prediction failed for Kurla, skipping visualization
2025-03-28 18:21:32,293 - root - INFO - Processing locality 8/15: Mahape
2025-03-28 18:21:32,293 - root - INFO - Running prediction for Mahape
2025-03-28 18:21:32,293 - root - INFO - Parameters: sequence_length=24, prediction_horizon=5
2025-03-28 18:21:32,294 - root - INFO - Loaded coordinates for 26 localities
2025-03-28 18:21:32,297 - root - INFO - Found 3 nearby localities for Mahape
2025-03-28 18:21:32,297 - root - INFO -   - Nerul: 8.48 km, weight: 0.0144
2025-03-28 18:21:32,297 - root - INFO -   - Navi Mumbai: 9.11 km, weight: 0.0105
2025-03-28 18:21:32,298 - root - INFO -   - Mulund: 9.72 km, weight: 0.0078
2025-03-28 18:21:32,298 - root - INFO - Initializing LSTM Predictor for Mahape
2025-03-28 18:21:32,298 - root - INFO - Sequence length: 24, Prediction horizon: 5
2025-03-28 18:21:32,299 - root - INFO - Loading cleaned data from spatial_cleaned_data\Mahape_spatial_weighted.csv
2025-03-28 18:21:32,316 - root - INFO - Using spatial data from nearby localities to fill any remaining missing values
2025-03-28 18:21:32,316 - root - INFO - No missing PM2.5 values found
2025-03-28 18:21:32,316 - root - INFO - Loaded cleaned data with shape: (5320, 4)
2025-03-28 18:21:32,317 - root - INFO - Features selected: ['PM10', 'RH', 'AT']
2025-03-28 18:21:32,317 - root - INFO - Loaded data with shape: (5320, 4)
2025-03-28 18:21:32,317 - root - INFO - Found alternative model at models/lstm_Mahape_ph6.keras
2025-03-28 18:21:32,317 - root - INFO - Loading model from models/lstm_Mahape_ph6.keras
2025-03-28 18:21:32,471 - root - INFO - Model loaded successfully
2025-03-28 18:21:32,471 - root - INFO - Using most recent 24 data points for prediction
2025-03-28 18:21:32,471 - root - INFO - Making predictions for Mahape
2025-03-28 18:21:32,471 - root - INFO - Preparing sequences from data with shape: (5320, 4)
2025-03-28 18:21:32,486 - root - INFO - Creating 5292 sequences...
2025-03-28 18:21:32,495 - root - INFO - Sequence preparation completed. X shape: (5292, 24, 22), y shape: (5292, 5)
2025-03-28 18:21:32,495 - root - INFO - Sequence preparation took 0.02 seconds
2025-03-28 18:21:32,898 - root - INFO - Prediction completed in 0.40 seconds
2025-03-28 18:21:32,899 - root - ERROR - Error making predictions for Mahape: All arrays must be of the same length
2025-03-28 18:21:32,901 - root - ERROR - Traceback (most recent call last):
  File "C:\Users\Pranav\Desktop\IIT Kanpur\project\2022_SSDA_airquality\run_all_localities.py", line 165, in run_prediction_for_locality
    pred_df = pd.DataFrame({
              ^^^^^^^^^^^^^^
  File "C:\Users\Pranav\AppData\Roaming\Python\Python312\site-packages\pandas\core\frame.py", line 778, in __init__
    mgr = dict_to_mgr(data, index, columns, dtype=dtype, copy=copy, typ=manager)
          ^^^^^^^^^^^^^^^^^^^^^^^^^^^^^^^^^^^^^^^^^^^^^^^^^^^^^^^^^^^^^^^^^^^^^^
  File "C:\Users\Pranav\AppData\Roaming\Python\Python312\site-packages\pandas\core\internals\construction.py", line 503, in dict_to_mgr
    return arrays_to_mgr(arrays, columns, index, dtype=dtype, typ=typ, consolidate=copy)
           ^^^^^^^^^^^^^^^^^^^^^^^^^^^^^^^^^^^^^^^^^^^^^^^^^^^^^^^^^^^^^^^^^^^^^^^^^^^^^
  File "C:\Users\Pranav\AppData\Roaming\Python\Python312\site-packages\pandas\core\internals\construction.py", line 114, in arrays_to_mgr
    index = _extract_index(arrays)
            ^^^^^^^^^^^^^^^^^^^^^^
  File "C:\Users\Pranav\AppData\Roaming\Python\Python312\site-packages\pandas\core\internals\construction.py", line 677, in _extract_index
    raise ValueError("All arrays must be of the same length")
ValueError: All arrays must be of the same length

2025-03-28 18:21:32,901 - root - WARNING - Prediction failed for Mahape, skipping visualization
2025-03-28 18:21:32,901 - root - INFO - Processing locality 9/15: Mulund
2025-03-28 18:21:32,901 - root - INFO - Running prediction for Mulund
2025-03-28 18:21:32,901 - root - INFO - Parameters: sequence_length=24, prediction_horizon=5
2025-03-28 18:21:32,902 - root - INFO - Loaded coordinates for 26 localities
2025-03-28 18:21:32,906 - root - INFO - Found 3 nearby localities for Mulund
2025-03-28 18:21:32,906 - root - INFO -   - Thane: 2.86 km, weight: 0.2397
2025-03-28 18:21:32,906 - root - INFO -   - Powai: 7.84 km, weight: 0.0198
2025-03-28 18:21:32,906 - root - INFO -   - Mahape: 9.72 km, weight: 0.0078
2025-03-28 18:21:32,906 - root - INFO - Initializing LSTM Predictor for Mulund
2025-03-28 18:21:32,907 - root - INFO - Sequence length: 24, Prediction horizon: 5
2025-03-28 18:21:32,907 - root - INFO - Loading cleaned data from spatial_cleaned_data\Mulund_spatial_weighted.csv
2025-03-28 18:21:32,926 - root - INFO - Using spatial data from nearby localities to fill any remaining missing values
2025-03-28 18:21:32,927 - root - INFO - No missing PM2.5 values found
2025-03-28 18:21:32,927 - root - INFO - Loaded cleaned data with shape: (5425, 4)
2025-03-28 18:21:32,927 - root - INFO - Features selected: ['PM10', 'RH', 'AT']
2025-03-28 18:21:32,928 - root - INFO - Loaded data with shape: (5425, 4)
2025-03-28 18:21:32,928 - root - INFO - Found alternative model at models/lstm_Mulund_ph6.keras
2025-03-28 18:21:32,928 - root - INFO - Loading model from models/lstm_Mulund_ph6.keras
2025-03-28 18:21:33,078 - root - INFO - Model loaded successfully
2025-03-28 18:21:33,079 - root - INFO - Using most recent 24 data points for prediction
2025-03-28 18:21:33,079 - root - INFO - Making predictions for Mulund
2025-03-28 18:21:33,080 - root - INFO - Preparing sequences from data with shape: (5425, 4)
2025-03-28 18:21:33,094 - root - INFO - Creating 5397 sequences...
2025-03-28 18:21:33,105 - root - INFO - Sequence preparation completed. X shape: (5397, 24, 22), y shape: (5397, 5)
2025-03-28 18:21:33,105 - root - INFO - Sequence preparation took 0.03 seconds
2025-03-28 18:21:33,652 - root - INFO - Prediction completed in 0.55 seconds
2025-03-28 18:21:33,653 - root - ERROR - Error making predictions for Mulund: All arrays must be of the same length
2025-03-28 18:21:33,655 - root - ERROR - Traceback (most recent call last):
  File "C:\Users\Pranav\Desktop\IIT Kanpur\project\2022_SSDA_airquality\run_all_localities.py", line 165, in run_prediction_for_locality
    pred_df = pd.DataFrame({
              ^^^^^^^^^^^^^^
  File "C:\Users\Pranav\AppData\Roaming\Python\Python312\site-packages\pandas\core\frame.py", line 778, in __init__
    mgr = dict_to_mgr(data, index, columns, dtype=dtype, copy=copy, typ=manager)
          ^^^^^^^^^^^^^^^^^^^^^^^^^^^^^^^^^^^^^^^^^^^^^^^^^^^^^^^^^^^^^^^^^^^^^^
  File "C:\Users\Pranav\AppData\Roaming\Python\Python312\site-packages\pandas\core\internals\construction.py", line 503, in dict_to_mgr
    return arrays_to_mgr(arrays, columns, index, dtype=dtype, typ=typ, consolidate=copy)
           ^^^^^^^^^^^^^^^^^^^^^^^^^^^^^^^^^^^^^^^^^^^^^^^^^^^^^^^^^^^^^^^^^^^^^^^^^^^^^
  File "C:\Users\Pranav\AppData\Roaming\Python\Python312\site-packages\pandas\core\internals\construction.py", line 114, in arrays_to_mgr
    index = _extract_index(arrays)
            ^^^^^^^^^^^^^^^^^^^^^^
  File "C:\Users\Pranav\AppData\Roaming\Python\Python312\site-packages\pandas\core\internals\construction.py", line 677, in _extract_index
    raise ValueError("All arrays must be of the same length")
ValueError: All arrays must be of the same length

2025-03-28 18:21:33,655 - root - WARNING - Prediction failed for Mulund, skipping visualization
2025-03-28 18:21:33,655 - root - INFO - Processing locality 10/15: Nerul
2025-03-28 18:21:33,655 - root - INFO - Running prediction for Nerul
2025-03-28 18:21:33,655 - root - INFO - Parameters: sequence_length=24, prediction_horizon=5
2025-03-28 18:21:33,656 - root - INFO - Loaded coordinates for 26 localities
2025-03-28 18:21:33,659 - root - INFO - Found 2 nearby localities for Nerul
2025-03-28 18:21:33,659 - root - INFO -   - Navi Mumbai: 0.79 km, weight: 0.6747
2025-03-28 18:21:33,660 - root - INFO -   - Mahape: 8.48 km, weight: 0.0144
2025-03-28 18:21:33,660 - root - INFO - Initializing LSTM Predictor for Nerul
2025-03-28 18:21:33,660 - root - INFO - Sequence length: 24, Prediction horizon: 5
2025-03-28 18:21:33,661 - root - INFO - Loading cleaned data from spatial_cleaned_data\Nerul_spatial_weighted.csv
2025-03-28 18:21:33,679 - root - INFO - Using spatial data from nearby localities to fill any remaining missing values
2025-03-28 18:21:33,680 - root - INFO - No missing PM2.5 values found
2025-03-28 18:21:33,681 - root - INFO - Loaded cleaned data with shape: (5305, 4)
2025-03-28 18:21:33,681 - root - INFO - Features selected: ['PM10', 'RH', 'AT']
2025-03-28 18:21:33,681 - root - INFO - Loaded data with shape: (5305, 4)
2025-03-28 18:21:33,681 - root - INFO - Found alternative model at models/lstm_Nerul_ph6.keras
2025-03-28 18:21:33,682 - root - INFO - Loading model from models/lstm_Nerul_ph6.keras
2025-03-28 18:21:33,816 - root - INFO - Model loaded successfully
2025-03-28 18:21:33,816 - root - INFO - Using most recent 24 data points for prediction
2025-03-28 18:21:33,816 - root - INFO - Making predictions for Nerul
2025-03-28 18:21:33,817 - root - INFO - Preparing sequences from data with shape: (5305, 4)
2025-03-28 18:21:33,830 - root - INFO - Creating 5277 sequences...
2025-03-28 18:21:33,841 - root - INFO - Sequence preparation completed. X shape: (5277, 24, 22), y shape: (5277, 5)
2025-03-28 18:21:33,842 - root - INFO - Sequence preparation took 0.03 seconds
2025-03-28 18:21:34,192 - root - INFO - Prediction completed in 0.35 seconds
2025-03-28 18:21:34,195 - root - ERROR - Error making predictions for Nerul: All arrays must be of the same length
2025-03-28 18:21:34,195 - root - ERROR - Traceback (most recent call last):
  File "C:\Users\Pranav\Desktop\IIT Kanpur\project\2022_SSDA_airquality\run_all_localities.py", line 165, in run_prediction_for_locality
    pred_df = pd.DataFrame({
              ^^^^^^^^^^^^^^
  File "C:\Users\Pranav\AppData\Roaming\Python\Python312\site-packages\pandas\core\frame.py", line 778, in __init__
    mgr = dict_to_mgr(data, index, columns, dtype=dtype, copy=copy, typ=manager)
          ^^^^^^^^^^^^^^^^^^^^^^^^^^^^^^^^^^^^^^^^^^^^^^^^^^^^^^^^^^^^^^^^^^^^^^
  File "C:\Users\Pranav\AppData\Roaming\Python\Python312\site-packages\pandas\core\internals\construction.py", line 503, in dict_to_mgr
    return arrays_to_mgr(arrays, columns, index, dtype=dtype, typ=typ, consolidate=copy)
           ^^^^^^^^^^^^^^^^^^^^^^^^^^^^^^^^^^^^^^^^^^^^^^^^^^^^^^^^^^^^^^^^^^^^^^^^^^^^^
  File "C:\Users\Pranav\AppData\Roaming\Python\Python312\site-packages\pandas\core\internals\construction.py", line 114, in arrays_to_mgr
    index = _extract_index(arrays)
            ^^^^^^^^^^^^^^^^^^^^^^
  File "C:\Users\Pranav\AppData\Roaming\Python\Python312\site-packages\pandas\core\internals\construction.py", line 677, in _extract_index
    raise ValueError("All arrays must be of the same length")
ValueError: All arrays must be of the same length

2025-03-28 18:21:34,196 - root - WARNING - Prediction failed for Nerul, skipping visualization
2025-03-28 18:21:34,196 - root - INFO - Processing locality 11/15: Powai
2025-03-28 18:21:34,197 - root - INFO - Running prediction for Powai
2025-03-28 18:21:34,197 - root - INFO - Parameters: sequence_length=24, prediction_horizon=5
2025-03-28 18:21:34,197 - root - INFO - Loaded coordinates for 26 localities
2025-03-28 18:21:34,200 - root - INFO - Found 12 nearby localities for Powai
2025-03-28 18:21:34,200 - root - INFO -   - Airport: 5.45 km, weight: 0.0656
2025-03-28 18:21:34,200 - root - INFO -   - Andheri: 6.41 km, weight: 0.0405
2025-03-28 18:21:34,200 - root - INFO -   - Kurla: 6.57 km, weight: 0.0374
2025-03-28 18:21:34,200 - root - INFO -   - Vile Parle: 6.98 km, weight: 0.0305
2025-03-28 18:21:34,200 - root - INFO -   - Vileparle: 6.98 km, weight: 0.0304
2025-03-28 18:21:34,200 - root - INFO -   - Chembur: 7.14 km, weight: 0.0281
2025-03-28 18:21:34,200 - root - INFO -   - Mulund: 7.84 km, weight: 0.0198
2025-03-28 18:21:34,201 - root - INFO -   - Juhu: 8.50 km, weight: 0.0143
2025-03-28 18:21:34,201 - root - INFO -   - Sion: 9.24 km, weight: 0.0099
2025-03-28 18:21:34,201 - root - INFO -   - Dharavi: 9.69 km, weight: 0.0079
2025-03-28 18:21:34,202 - root - INFO -   - Malad: 9.74 km, weight: 0.0077
2025-03-28 18:21:34,202 - root - INFO -   - Bandra: 9.98 km, weight: 0.0068
2025-03-28 18:21:34,202 - root - INFO - Initializing LSTM Predictor for Powai
2025-03-28 18:21:34,202 - root - INFO - Sequence length: 24, Prediction horizon: 5
2025-03-28 18:21:34,203 - root - INFO - Loading cleaned data from spatial_cleaned_data\Powai_spatial_weighted.csv
2025-03-28 18:21:34,227 - root - INFO - Using spatial data from nearby localities to fill any remaining missing values
2025-03-28 18:21:34,227 - root - INFO - No missing PM2.5 values found
2025-03-28 18:21:34,228 - root - INFO - Loaded cleaned data with shape: (5425, 4)
2025-03-28 18:21:34,228 - root - INFO - Features selected: ['PM10', 'RH', 'AT']
2025-03-28 18:21:34,228 - root - INFO - Loaded data with shape: (5425, 4)
2025-03-28 18:21:34,228 - root - INFO - Found alternative model at models/lstm_Powai_ph6.keras
2025-03-28 18:21:34,229 - root - INFO - Loading model from models/lstm_Powai_ph6.keras
2025-03-28 18:21:34,377 - root - INFO - Model loaded successfully
2025-03-28 18:21:34,378 - root - INFO - Using most recent 24 data points for prediction
2025-03-28 18:21:34,378 - root - INFO - Making predictions for Powai
2025-03-28 18:21:34,378 - root - INFO - Preparing sequences from data with shape: (5425, 4)
2025-03-28 18:21:34,392 - root - INFO - Creating 5397 sequences...
2025-03-28 18:21:34,406 - root - INFO - Sequence preparation completed. X shape: (5397, 24, 22), y shape: (5397, 5)
2025-03-28 18:21:34,406 - root - INFO - Sequence preparation took 0.03 seconds
2025-03-28 18:21:34,743 - root - INFO - Prediction completed in 0.34 seconds
2025-03-28 18:21:34,744 - root - ERROR - Error making predictions for Powai: All arrays must be of the same length
2025-03-28 18:21:34,745 - root - ERROR - Traceback (most recent call last):
  File "C:\Users\Pranav\Desktop\IIT Kanpur\project\2022_SSDA_airquality\run_all_localities.py", line 165, in run_prediction_for_locality
    pred_df = pd.DataFrame({
              ^^^^^^^^^^^^^^
  File "C:\Users\Pranav\AppData\Roaming\Python\Python312\site-packages\pandas\core\frame.py", line 778, in __init__
    mgr = dict_to_mgr(data, index, columns, dtype=dtype, copy=copy, typ=manager)
          ^^^^^^^^^^^^^^^^^^^^^^^^^^^^^^^^^^^^^^^^^^^^^^^^^^^^^^^^^^^^^^^^^^^^^^
  File "C:\Users\Pranav\AppData\Roaming\Python\Python312\site-packages\pandas\core\internals\construction.py", line 503, in dict_to_mgr
    return arrays_to_mgr(arrays, columns, index, dtype=dtype, typ=typ, consolidate=copy)
           ^^^^^^^^^^^^^^^^^^^^^^^^^^^^^^^^^^^^^^^^^^^^^^^^^^^^^^^^^^^^^^^^^^^^^^^^^^^^^
  File "C:\Users\Pranav\AppData\Roaming\Python\Python312\site-packages\pandas\core\internals\construction.py", line 114, in arrays_to_mgr
    index = _extract_index(arrays)
            ^^^^^^^^^^^^^^^^^^^^^^
  File "C:\Users\Pranav\AppData\Roaming\Python\Python312\site-packages\pandas\core\internals\construction.py", line 677, in _extract_index
    raise ValueError("All arrays must be of the same length")
ValueError: All arrays must be of the same length

2025-03-28 18:21:34,745 - root - WARNING - Prediction failed for Powai, skipping visualization
2025-03-28 18:21:34,745 - root - INFO - Processing locality 12/15: Sion
2025-03-28 18:21:34,746 - root - INFO - Running prediction for Sion
2025-03-28 18:21:34,746 - root - INFO - Parameters: sequence_length=24, prediction_horizon=5
2025-03-28 18:21:34,747 - root - INFO - Loaded coordinates for 26 localities
2025-03-28 18:21:34,749 - root - INFO - Found 12 nearby localities for Sion
2025-03-28 18:21:34,749 - root - INFO -   - Dharavi: 0.54 km, weight: 0.7628
2025-03-28 18:21:34,750 - root - INFO -   - Bandra: 2.60 km, weight: 0.2723
2025-03-28 18:21:34,750 - root - INFO -   - Kurla: 2.71 km, weight: 0.2574
2025-03-28 18:21:34,750 - root - INFO -   - Chembur: 3.76 km, weight: 0.1522
2025-03-28 18:21:34,750 - root - INFO -   - Dadar: 3.79 km, weight: 0.1501
2025-03-28 18:21:34,750 - root - INFO -   - Airport: 4.77 km, weight: 0.0919
2025-03-28 18:21:34,750 - root - INFO -   - Worli: 6.12 km, weight: 0.0468
2025-03-28 18:21:34,750 - root - INFO -   - Vileparle: 6.25 km, weight: 0.0440
2025-03-28 18:21:34,750 - root - INFO -   - Vile Parle: 6.25 km, weight: 0.0440
2025-03-28 18:21:34,750 - root - INFO -   - Juhu: 7.68 km, weight: 0.0215
2025-03-28 18:21:34,750 - root - INFO -   - Andheri: 8.29 km, weight: 0.0158
2025-03-28 18:21:34,750 - root - INFO -   - Powai: 9.24 km, weight: 0.0099
2025-03-28 18:21:34,751 - root - INFO - Initializing LSTM Predictor for Sion
2025-03-28 18:21:34,751 - root - INFO - Sequence length: 24, Prediction horizon: 5
2025-03-28 18:21:34,752 - root - INFO - Loading cleaned data from spatial_cleaned_data\Sion_spatial_weighted.csv
2025-03-28 18:21:34,771 - root - INFO - Using spatial data from nearby localities to fill any remaining missing values
2025-03-28 18:21:34,771 - root - INFO - No missing PM2.5 values found
2025-03-28 18:21:34,772 - root - INFO - Loaded cleaned data with shape: (5305, 4)
2025-03-28 18:21:34,772 - root - INFO - Features selected: ['PM10', 'RH', 'AT']
2025-03-28 18:21:34,772 - root - INFO - Loaded data with shape: (5305, 4)
2025-03-28 18:21:34,773 - root - INFO - Found alternative model at models/lstm_Sion_ph6.keras
2025-03-28 18:21:34,773 - root - INFO - Loading model from models/lstm_Sion_ph6.keras
2025-03-28 18:21:34,918 - root - INFO - Model loaded successfully
2025-03-28 18:21:34,918 - root - INFO - Using most recent 24 data points for prediction
2025-03-28 18:21:34,918 - root - INFO - Making predictions for Sion
2025-03-28 18:21:34,919 - root - INFO - Preparing sequences from data with shape: (5305, 4)
2025-03-28 18:21:34,933 - root - INFO - Creating 5277 sequences...
2025-03-28 18:21:34,946 - root - INFO - Sequence preparation completed. X shape: (5277, 24, 22), y shape: (5277, 5)
2025-03-28 18:21:34,947 - root - INFO - Sequence preparation took 0.03 seconds
2025-03-28 18:21:35,274 - root - INFO - Prediction completed in 0.33 seconds
2025-03-28 18:21:35,275 - root - ERROR - Error making predictions for Sion: All arrays must be of the same length
2025-03-28 18:21:35,276 - root - ERROR - Traceback (most recent call last):
  File "C:\Users\Pranav\Desktop\IIT Kanpur\project\2022_SSDA_airquality\run_all_localities.py", line 165, in run_prediction_for_locality
    pred_df = pd.DataFrame({
              ^^^^^^^^^^^^^^
  File "C:\Users\Pranav\AppData\Roaming\Python\Python312\site-packages\pandas\core\frame.py", line 778, in __init__
    mgr = dict_to_mgr(data, index, columns, dtype=dtype, copy=copy, typ=manager)
          ^^^^^^^^^^^^^^^^^^^^^^^^^^^^^^^^^^^^^^^^^^^^^^^^^^^^^^^^^^^^^^^^^^^^^^
  File "C:\Users\Pranav\AppData\Roaming\Python\Python312\site-packages\pandas\core\internals\construction.py", line 503, in dict_to_mgr
    return arrays_to_mgr(arrays, columns, index, dtype=dtype, typ=typ, consolidate=copy)
           ^^^^^^^^^^^^^^^^^^^^^^^^^^^^^^^^^^^^^^^^^^^^^^^^^^^^^^^^^^^^^^^^^^^^^^^^^^^^^
  File "C:\Users\Pranav\AppData\Roaming\Python\Python312\site-packages\pandas\core\internals\construction.py", line 114, in arrays_to_mgr
    index = _extract_index(arrays)
            ^^^^^^^^^^^^^^^^^^^^^^
  File "C:\Users\Pranav\AppData\Roaming\Python\Python312\site-packages\pandas\core\internals\construction.py", line 677, in _extract_index
    raise ValueError("All arrays must be of the same length")
ValueError: All arrays must be of the same length

2025-03-28 18:21:35,277 - root - WARNING - Prediction failed for Sion, skipping visualization
2025-03-28 18:21:35,277 - root - INFO - Processing locality 13/15: Vasai
2025-03-28 18:21:35,277 - root - INFO - Running prediction for Vasai
2025-03-28 18:21:35,277 - root - INFO - Parameters: sequence_length=24, prediction_horizon=5
2025-03-28 18:21:35,278 - root - INFO - Loaded coordinates for 26 localities
2025-03-28 18:21:35,281 - root - INFO - Found 0 nearby localities for Vasai
2025-03-28 18:21:35,281 - root - INFO - Initializing LSTM Predictor for Vasai
2025-03-28 18:21:35,281 - root - INFO - Sequence length: 24, Prediction horizon: 5
2025-03-28 18:21:35,281 - root - INFO - Loading cleaned data from spatial_cleaned_data\Vasai_spatial_weighted.csv
2025-03-28 18:21:35,299 - root - WARNING - Data still contains NaN values. Filling with forward and backward fill.
2025-03-28 18:21:35,299 - root - INFO - Loaded cleaned data with shape: (5425, 4)
2025-03-28 18:21:35,299 - root - INFO - Features selected: ['PM10', 'RH', 'AT']
2025-03-28 18:21:35,299 - root - INFO - Loaded data with shape: (5425, 4)
2025-03-28 18:21:35,300 - root - INFO - Found alternative model at models/lstm_Vasai_ph6.keras
2025-03-28 18:21:35,300 - root - INFO - Loading model from models/lstm_Vasai_ph6.keras
2025-03-28 18:21:35,443 - root - INFO - Model loaded successfully
2025-03-28 18:21:35,443 - root - INFO - Using most recent 24 data points for prediction
2025-03-28 18:21:35,443 - root - INFO - Making predictions for Vasai
2025-03-28 18:21:35,443 - root - INFO - Preparing sequences from data with shape: (5425, 4)
2025-03-28 18:21:35,458 - root - INFO - Creating 5397 sequences...
2025-03-28 18:21:35,469 - root - INFO - Sequence preparation completed. X shape: (5397, 24, 22), y shape: (5397, 5)
2025-03-28 18:21:35,469 - root - INFO - Sequence preparation took 0.03 seconds
2025-03-28 18:21:35,799 - root - INFO - Prediction completed in 0.33 seconds
2025-03-28 18:21:35,801 - root - ERROR - Error making predictions for Vasai: All arrays must be of the same length
2025-03-28 18:21:35,802 - root - ERROR - Traceback (most recent call last):
  File "C:\Users\Pranav\Desktop\IIT Kanpur\project\2022_SSDA_airquality\run_all_localities.py", line 165, in run_prediction_for_locality
    pred_df = pd.DataFrame({
              ^^^^^^^^^^^^^^
  File "C:\Users\Pranav\AppData\Roaming\Python\Python312\site-packages\pandas\core\frame.py", line 778, in __init__
    mgr = dict_to_mgr(data, index, columns, dtype=dtype, copy=copy, typ=manager)
          ^^^^^^^^^^^^^^^^^^^^^^^^^^^^^^^^^^^^^^^^^^^^^^^^^^^^^^^^^^^^^^^^^^^^^^
  File "C:\Users\Pranav\AppData\Roaming\Python\Python312\site-packages\pandas\core\internals\construction.py", line 503, in dict_to_mgr
    return arrays_to_mgr(arrays, columns, index, dtype=dtype, typ=typ, consolidate=copy)
           ^^^^^^^^^^^^^^^^^^^^^^^^^^^^^^^^^^^^^^^^^^^^^^^^^^^^^^^^^^^^^^^^^^^^^^^^^^^^^
  File "C:\Users\Pranav\AppData\Roaming\Python\Python312\site-packages\pandas\core\internals\construction.py", line 114, in arrays_to_mgr
    index = _extract_index(arrays)
            ^^^^^^^^^^^^^^^^^^^^^^
  File "C:\Users\Pranav\AppData\Roaming\Python\Python312\site-packages\pandas\core\internals\construction.py", line 677, in _extract_index
    raise ValueError("All arrays must be of the same length")
ValueError: All arrays must be of the same length

2025-03-28 18:21:35,802 - root - WARNING - Prediction failed for Vasai, skipping visualization
2025-03-28 18:21:35,802 - root - INFO - Processing locality 14/15: Vileparle
2025-03-28 18:21:35,803 - root - INFO - Running prediction for Vileparle
2025-03-28 18:21:35,803 - root - INFO - Parameters: sequence_length=24, prediction_horizon=5
2025-03-28 18:21:35,803 - root - INFO - Loaded coordinates for 26 localities
2025-03-28 18:21:35,807 - root - INFO - Found 12 nearby localities for Vileparle
2025-03-28 18:21:35,807 - root - INFO -   - Vile Parle: 0.00 km, weight: 0.9994
2025-03-28 18:21:35,807 - root - INFO -   - Juhu: 1.90 km, weight: 0.3859
2025-03-28 18:21:35,807 - root - INFO -   - Andheri: 2.21 km, weight: 0.3318
2025-03-28 18:21:35,807 - root - INFO -   - Airport: 2.54 km, weight: 0.2804
2025-03-28 18:21:35,808 - root - INFO -   - Bandra: 4.99 km, weight: 0.0826
2025-03-28 18:21:35,808 - root - INFO -   - Kurla: 5.34 km, weight: 0.0694
2025-03-28 18:21:35,808 - root - INFO -   - Sion: 6.25 km, weight: 0.0440
2025-03-28 18:21:35,808 - root - INFO -   - Dharavi: 6.33 km, weight: 0.0423
2025-03-28 18:21:35,808 - root - INFO -   - Powai: 6.98 km, weight: 0.0304
2025-03-28 18:21:35,808 - root - INFO -   - Chembur: 7.56 km, weight: 0.0228
2025-03-28 18:21:35,808 - root - INFO -   - Dadar: 9.10 km, weight: 0.0106
2025-03-28 18:21:35,809 - root - INFO -   - Malad: 9.62 km, weight: 0.0081
2025-03-28 18:21:35,809 - root - INFO - Initializing LSTM Predictor for Vileparle
2025-03-28 18:21:35,809 - root - INFO - Sequence length: 24, Prediction horizon: 5
2025-03-28 18:21:35,809 - root - INFO - Loading cleaned data from spatial_cleaned_data\Vileparle_spatial_weighted.csv
2025-03-28 18:21:35,826 - root - INFO - Using spatial data from nearby localities to fill any remaining missing values
2025-03-28 18:21:35,827 - root - INFO - No missing PM2.5 values found
2025-03-28 18:21:35,828 - root - INFO - Loaded cleaned data with shape: (5305, 4)
2025-03-28 18:21:35,828 - root - INFO - Features selected: ['PM10', 'RH', 'AT']
2025-03-28 18:21:35,828 - root - INFO - Loaded data with shape: (5305, 4)
2025-03-28 18:21:35,828 - root - INFO - Found alternative model at models/lstm_Vileparle_ph6.keras
2025-03-28 18:21:35,828 - root - INFO - Loading model from models/lstm_Vileparle_ph6.keras
2025-03-28 18:21:35,984 - root - INFO - Model loaded successfully
2025-03-28 18:21:35,985 - root - INFO - Using most recent 24 data points for prediction
2025-03-28 18:21:35,985 - root - INFO - Making predictions for Vileparle
2025-03-28 18:21:35,985 - root - INFO - Preparing sequences from data with shape: (5305, 4)
2025-03-28 18:21:36,002 - root - INFO - Creating 5277 sequences...
2025-03-28 18:21:36,018 - root - INFO - Sequence preparation completed. X shape: (5277, 24, 22), y shape: (5277, 5)
2025-03-28 18:21:36,018 - root - INFO - Sequence preparation took 0.03 seconds
2025-03-28 18:21:36,357 - root - INFO - Prediction completed in 0.34 seconds
2025-03-28 18:21:36,358 - root - ERROR - Error making predictions for Vileparle: All arrays must be of the same length
2025-03-28 18:21:36,360 - root - ERROR - Traceback (most recent call last):
  File "C:\Users\Pranav\Desktop\IIT Kanpur\project\2022_SSDA_airquality\run_all_localities.py", line 165, in run_prediction_for_locality
    pred_df = pd.DataFrame({
              ^^^^^^^^^^^^^^
  File "C:\Users\Pranav\AppData\Roaming\Python\Python312\site-packages\pandas\core\frame.py", line 778, in __init__
    mgr = dict_to_mgr(data, index, columns, dtype=dtype, copy=copy, typ=manager)
          ^^^^^^^^^^^^^^^^^^^^^^^^^^^^^^^^^^^^^^^^^^^^^^^^^^^^^^^^^^^^^^^^^^^^^^
  File "C:\Users\Pranav\AppData\Roaming\Python\Python312\site-packages\pandas\core\internals\construction.py", line 503, in dict_to_mgr
    return arrays_to_mgr(arrays, columns, index, dtype=dtype, typ=typ, consolidate=copy)
           ^^^^^^^^^^^^^^^^^^^^^^^^^^^^^^^^^^^^^^^^^^^^^^^^^^^^^^^^^^^^^^^^^^^^^^^^^^^^^
  File "C:\Users\Pranav\AppData\Roaming\Python\Python312\site-packages\pandas\core\internals\construction.py", line 114, in arrays_to_mgr
    index = _extract_index(arrays)
            ^^^^^^^^^^^^^^^^^^^^^^
  File "C:\Users\Pranav\AppData\Roaming\Python\Python312\site-packages\pandas\core\internals\construction.py", line 677, in _extract_index
    raise ValueError("All arrays must be of the same length")
ValueError: All arrays must be of the same length

2025-03-28 18:21:36,360 - root - WARNING - Prediction failed for Vileparle, skipping visualization
2025-03-28 18:21:36,360 - root - INFO - Processing locality 15/15: Worli
2025-03-28 18:21:36,360 - root - INFO - Running prediction for Worli
2025-03-28 18:21:36,360 - root - INFO - Parameters: sequence_length=24, prediction_horizon=5
2025-03-28 18:21:36,361 - root - INFO - Loaded coordinates for 26 localities
2025-03-28 18:21:36,364 - root - INFO - Found 8 nearby localities for Worli
2025-03-28 18:21:36,364 - root - INFO -   - Dadar: 2.79 km, weight: 0.2484
2025-03-28 18:21:36,364 - root - INFO -   - Bandra: 5.33 km, weight: 0.0697
2025-03-28 18:21:36,365 - root - INFO -   - Dharavi: 5.60 km, weight: 0.0608
2025-03-28 18:21:36,365 - root - INFO -   - Malabar Hill: 6.12 km, weight: 0.0468
2025-03-28 18:21:36,365 - root - INFO -   - Sion: 6.12 km, weight: 0.0468
2025-03-28 18:21:36,365 - root - INFO -   - Kurla: 8.80 km, weight: 0.0123
2025-03-28 18:21:36,365 - root - INFO -   - Chembur: 9.67 km, weight: 0.0079
2025-03-28 18:21:36,366 - root - INFO -   - Airport: 9.97 km, weight: 0.0068
2025-03-28 18:21:36,366 - root - INFO - Initializing LSTM Predictor for Worli
2025-03-28 18:21:36,366 - root - INFO - Sequence length: 24, Prediction horizon: 5
2025-03-28 18:21:36,366 - root - INFO - Loading cleaned data from spatial_cleaned_data\Worli_spatial_weighted.csv
2025-03-28 18:21:36,387 - root - INFO - Using spatial data from nearby localities to fill any remaining missing values
2025-03-28 18:21:36,388 - root - INFO - No missing PM2.5 values found
2025-03-28 18:21:36,388 - root - INFO - Loaded cleaned data with shape: (5425, 4)
2025-03-28 18:21:36,389 - root - INFO - Features selected: ['PM10', 'RH', 'AT']
2025-03-28 18:21:36,389 - root - INFO - Loaded data with shape: (5425, 4)
2025-03-28 18:21:36,389 - root - INFO - Found alternative model at models/lstm_Worli_ph6.keras
2025-03-28 18:21:36,389 - root - INFO - Loading model from models/lstm_Worli_ph6.keras
2025-03-28 18:21:36,543 - root - INFO - Model loaded successfully
2025-03-28 18:21:36,543 - root - INFO - Using most recent 24 data points for prediction
2025-03-28 18:21:36,543 - root - INFO - Making predictions for Worli
2025-03-28 18:21:36,543 - root - INFO - Preparing sequences from data with shape: (5425, 4)
2025-03-28 18:21:36,559 - root - INFO - Creating 5397 sequences...
2025-03-28 18:21:36,570 - root - INFO - Sequence preparation completed. X shape: (5397, 24, 22), y shape: (5397, 5)
2025-03-28 18:21:36,570 - root - INFO - Sequence preparation took 0.03 seconds
2025-03-28 18:21:36,918 - root - INFO - Prediction completed in 0.35 seconds
2025-03-28 18:21:36,920 - root - ERROR - Error making predictions for Worli: All arrays must be of the same length
2025-03-28 18:21:36,922 - root - ERROR - Traceback (most recent call last):
  File "C:\Users\Pranav\Desktop\IIT Kanpur\project\2022_SSDA_airquality\run_all_localities.py", line 165, in run_prediction_for_locality
    pred_df = pd.DataFrame({
              ^^^^^^^^^^^^^^
  File "C:\Users\Pranav\AppData\Roaming\Python\Python312\site-packages\pandas\core\frame.py", line 778, in __init__
    mgr = dict_to_mgr(data, index, columns, dtype=dtype, copy=copy, typ=manager)
          ^^^^^^^^^^^^^^^^^^^^^^^^^^^^^^^^^^^^^^^^^^^^^^^^^^^^^^^^^^^^^^^^^^^^^^
  File "C:\Users\Pranav\AppData\Roaming\Python\Python312\site-packages\pandas\core\internals\construction.py", line 503, in dict_to_mgr
    return arrays_to_mgr(arrays, columns, index, dtype=dtype, typ=typ, consolidate=copy)
           ^^^^^^^^^^^^^^^^^^^^^^^^^^^^^^^^^^^^^^^^^^^^^^^^^^^^^^^^^^^^^^^^^^^^^^^^^^^^^
  File "C:\Users\Pranav\AppData\Roaming\Python\Python312\site-packages\pandas\core\internals\construction.py", line 114, in arrays_to_mgr
    index = _extract_index(arrays)
            ^^^^^^^^^^^^^^^^^^^^^^
  File "C:\Users\Pranav\AppData\Roaming\Python\Python312\site-packages\pandas\core\internals\construction.py", line 677, in _extract_index
    raise ValueError("All arrays must be of the same length")
ValueError: All arrays must be of the same length

2025-03-28 18:21:36,922 - root - WARNING - Prediction failed for Worli, skipping visualization
2025-03-28 18:21:36,925 - root - INFO - Summary saved to all_localities_summary_20250328_182136.csv
2025-03-28 18:21:37,148 - root - INFO - Summary plot saved to all_localities_summary_20250328_182137.png
2025-03-28 18:21:37,150 - root - INFO - Total execution time: 9.39 seconds
2025-03-28 18:31:24,696 - root - INFO - Processing specific localities: Bandra, Kurla, Powai
2025-03-28 18:31:24,696 - root - INFO - Processing locality 1/3: Bandra
2025-03-28 18:31:24,697 - root - INFO - Running prediction for Bandra
2025-03-28 18:31:24,697 - root - INFO - Parameters: sequence_length=24, prediction_horizon=5
2025-03-28 18:31:24,697 - root - INFO - Loaded coordinates for 26 localities
2025-03-28 18:31:24,700 - root - INFO - Found 12 nearby localities for Bandra
2025-03-28 18:31:24,700 - root - INFO -   - Dharavi: 2.26 km, weight: 0.3231
2025-03-28 18:31:24,700 - root - INFO -   - Sion: 2.60 km, weight: 0.2723
2025-03-28 18:31:24,700 - root - INFO -   - Dadar: 4.14 km, weight: 0.1262
2025-03-28 18:31:24,700 - root - INFO -   - Kurla: 4.30 km, weight: 0.1163
2025-03-28 18:31:24,700 - root - INFO -   - Airport: 4.67 km, weight: 0.0967
2025-03-28 18:31:24,700 - root - INFO -   - Vileparle: 4.99 km, weight: 0.0826
2025-03-28 18:31:24,700 - root - INFO -   - Vile Parle: 4.99 km, weight: 0.0825
2025-03-28 18:31:24,701 - root - INFO -   - Worli: 5.33 km, weight: 0.0697
2025-03-28 18:31:24,701 - root - INFO -   - Juhu: 5.91 km, weight: 0.0520
2025-03-28 18:31:24,701 - root - INFO -   - Chembur: 6.08 km, weight: 0.0479
2025-03-28 18:31:24,701 - root - INFO -   - Andheri: 7.19 km, weight: 0.0274
2025-03-28 18:31:24,701 - root - INFO -   - Powai: 9.98 km, weight: 0.0068
2025-03-28 18:31:24,701 - root - INFO - Initializing LSTM Predictor for Bandra
2025-03-28 18:31:24,701 - root - INFO - Sequence length: 24, Prediction horizon: 5
2025-03-28 18:31:24,702 - root - INFO - Loading cleaned data from spatial_cleaned_data\Bandra_spatial_weighted.csv
2025-03-28 18:31:24,713 - root - INFO - Using spatial data from nearby localities to fill any remaining missing values
2025-03-28 18:31:24,714 - root - INFO - No missing PM2.5 values found
2025-03-28 18:31:24,714 - root - INFO - Loaded cleaned data with shape: (5441, 4)
2025-03-28 18:31:24,714 - root - INFO - Features selected: ['PM10', 'RH', 'AT']
2025-03-28 18:31:24,715 - root - INFO - Loaded data with shape: (5441, 4)
2025-03-28 18:31:24,715 - root - INFO - Found alternative model at models/lstm_Bandra_ph6.keras
2025-03-28 18:31:24,715 - root - INFO - Loading model from models/lstm_Bandra_ph6.keras
2025-03-28 18:31:24,924 - root - INFO - Model loaded successfully
2025-03-28 18:31:24,925 - root - INFO - Using most recent 24 data points for prediction
2025-03-28 18:31:24,925 - root - INFO - Making predictions for Bandra
2025-03-28 18:31:24,925 - root - INFO - Preparing sequences from data with shape: (5441, 4)
2025-03-28 18:31:24,941 - root - INFO - Creating 5413 sequences...
2025-03-28 18:31:24,951 - root - INFO - Sequence preparation completed. X shape: (5413, 24, 22), y shape: (5413, 5)
2025-03-28 18:31:24,952 - root - INFO - Sequence preparation took 0.03 seconds
2025-03-28 18:31:25,304 - root - INFO - Prediction completed in 0.35 seconds
2025-03-28 18:31:25,309 - root - INFO - Predictions saved to predictions/Bandra_predictions_20250328_183125.csv
2025-03-28 18:31:25,311 - root - INFO - Simulated actual values saved to actual_values/Bandra_actual_20250328_183125.csv
2025-03-28 18:31:25,592 - root - INFO - Plot saved to all_localities_plots/Bandra_comparison_20250328_183125.png
2025-03-28 18:31:25,593 - root - INFO - Processing locality 2/3: Kurla
2025-03-28 18:31:25,593 - root - INFO - Running prediction for Kurla
2025-03-28 18:31:25,593 - root - INFO - Parameters: sequence_length=24, prediction_horizon=5
2025-03-28 18:31:25,594 - root - INFO - Loaded coordinates for 26 localities
2025-03-28 18:31:25,596 - root - INFO - Found 12 nearby localities for Kurla
2025-03-28 18:31:25,597 - root - INFO -   - Chembur: 2.27 km, weight: 0.3211
2025-03-28 18:31:25,597 - root - INFO -   - Sion: 2.71 km, weight: 0.2574
2025-03-28 18:31:25,597 - root - INFO -   - Airport: 3.04 km, weight: 0.2185
2025-03-28 18:31:25,597 - root - INFO -   - Dharavi: 3.21 km, weight: 0.2009
2025-03-28 18:31:25,597 - root - INFO -   - Bandra: 4.30 km, weight: 0.1163
2025-03-28 18:31:25,597 - root - INFO -   - Vileparle: 5.34 km, weight: 0.0694
2025-03-28 18:31:25,597 - root - INFO -   - Vile Parle: 5.34 km, weight: 0.0694
2025-03-28 18:31:25,597 - root - INFO -   - Dadar: 6.50 km, weight: 0.0388
2025-03-28 18:31:25,598 - root - INFO -   - Powai: 6.57 km, weight: 0.0374
2025-03-28 18:31:25,598 - root - INFO -   - Andheri: 6.94 km, weight: 0.0312
2025-03-28 18:31:25,598 - root - INFO -   - Juhu: 7.15 km, weight: 0.0281
2025-03-28 18:31:25,599 - root - INFO -   - Worli: 8.80 km, weight: 0.0123
2025-03-28 18:31:25,599 - root - INFO - Initializing LSTM Predictor for Kurla
2025-03-28 18:31:25,599 - root - INFO - Sequence length: 24, Prediction horizon: 5
2025-03-28 18:31:25,599 - root - INFO - Loading cleaned data from spatial_cleaned_data\Kurla_spatial_weighted.csv
2025-03-28 18:31:25,611 - root - INFO - Using spatial data from nearby localities to fill any remaining missing values
2025-03-28 18:31:25,611 - root - INFO - No missing PM2.5 values found
2025-03-28 18:31:25,612 - root - INFO - Loaded cleaned data with shape: (5425, 4)
2025-03-28 18:31:25,613 - root - INFO - Features selected: ['PM10', 'RH', 'AT']
2025-03-28 18:31:25,613 - root - INFO - Loaded data with shape: (5425, 4)
2025-03-28 18:31:25,613 - root - INFO - Found alternative model at models/lstm_Kurla_ph6.keras
2025-03-28 18:31:25,613 - root - INFO - Loading model from models/lstm_Kurla_ph6.keras
2025-03-28 18:31:25,779 - root - INFO - Model loaded successfully
2025-03-28 18:31:25,780 - root - INFO - Using most recent 24 data points for prediction
2025-03-28 18:31:25,780 - root - INFO - Making predictions for Kurla
2025-03-28 18:31:25,780 - root - INFO - Preparing sequences from data with shape: (5425, 4)
2025-03-28 18:31:25,794 - root - INFO - Creating 5397 sequences...
2025-03-28 18:31:25,803 - root - INFO - Sequence preparation completed. X shape: (5397, 24, 22), y shape: (5397, 5)
2025-03-28 18:31:25,804 - root - INFO - Sequence preparation took 0.02 seconds
2025-03-28 18:31:26,153 - root - INFO - Prediction completed in 0.35 seconds
2025-03-28 18:31:26,156 - root - INFO - Predictions saved to predictions/Kurla_predictions_20250328_183126.csv
2025-03-28 18:31:26,158 - root - INFO - Simulated actual values saved to actual_values/Kurla_actual_20250328_183126.csv
2025-03-28 18:31:26,354 - root - INFO - Plot saved to all_localities_plots/Kurla_comparison_20250328_183126.png
2025-03-28 18:31:26,354 - root - INFO - Processing locality 3/3: Powai
2025-03-28 18:31:26,355 - root - INFO - Running prediction for Powai
2025-03-28 18:31:26,355 - root - INFO - Parameters: sequence_length=24, prediction_horizon=5
2025-03-28 18:31:26,355 - root - INFO - Loaded coordinates for 26 localities
2025-03-28 18:31:26,358 - root - INFO - Found 12 nearby localities for Powai
2025-03-28 18:31:26,358 - root - INFO -   - Airport: 5.45 km, weight: 0.0656
2025-03-28 18:31:26,358 - root - INFO -   - Andheri: 6.41 km, weight: 0.0405
2025-03-28 18:31:26,358 - root - INFO -   - Kurla: 6.57 km, weight: 0.0374
2025-03-28 18:31:26,358 - root - INFO -   - Vile Parle: 6.98 km, weight: 0.0305
2025-03-28 18:31:26,358 - root - INFO -   - Vileparle: 6.98 km, weight: 0.0304
2025-03-28 18:31:26,358 - root - INFO -   - Chembur: 7.14 km, weight: 0.0281
2025-03-28 18:31:26,358 - root - INFO -   - Mulund: 7.84 km, weight: 0.0198
2025-03-28 18:31:26,358 - root - INFO -   - Juhu: 8.50 km, weight: 0.0143
2025-03-28 18:31:26,359 - root - INFO -   - Sion: 9.24 km, weight: 0.0099
2025-03-28 18:31:26,359 - root - INFO -   - Dharavi: 9.69 km, weight: 0.0079
2025-03-28 18:31:26,359 - root - INFO -   - Malad: 9.74 km, weight: 0.0077
2025-03-28 18:31:26,359 - root - INFO -   - Bandra: 9.98 km, weight: 0.0068
2025-03-28 18:31:26,360 - root - INFO - Initializing LSTM Predictor for Powai
2025-03-28 18:31:26,360 - root - INFO - Sequence length: 24, Prediction horizon: 5
2025-03-28 18:31:26,360 - root - INFO - Loading cleaned data from spatial_cleaned_data\Powai_spatial_weighted.csv
2025-03-28 18:31:26,370 - root - INFO - Using spatial data from nearby localities to fill any remaining missing values
2025-03-28 18:31:26,370 - root - INFO - No missing PM2.5 values found
2025-03-28 18:31:26,371 - root - INFO - Loaded cleaned data with shape: (5425, 4)
2025-03-28 18:31:26,371 - root - INFO - Features selected: ['PM10', 'RH', 'AT']
2025-03-28 18:31:26,371 - root - INFO - Loaded data with shape: (5425, 4)
2025-03-28 18:31:26,371 - root - INFO - Found alternative model at models/lstm_Powai_ph6.keras
2025-03-28 18:31:26,371 - root - INFO - Loading model from models/lstm_Powai_ph6.keras
2025-03-28 18:31:26,499 - root - INFO - Model loaded successfully
2025-03-28 18:31:26,500 - root - INFO - Using most recent 24 data points for prediction
2025-03-28 18:31:26,501 - root - INFO - Making predictions for Powai
2025-03-28 18:31:26,501 - root - INFO - Preparing sequences from data with shape: (5425, 4)
2025-03-28 18:31:26,516 - root - INFO - Creating 5397 sequences...
2025-03-28 18:31:26,525 - root - INFO - Sequence preparation completed. X shape: (5397, 24, 22), y shape: (5397, 5)
2025-03-28 18:31:26,526 - root - INFO - Sequence preparation took 0.03 seconds
2025-03-28 18:31:26,841 - root - INFO - Prediction completed in 0.32 seconds
2025-03-28 18:31:26,845 - root - INFO - Predictions saved to predictions/Powai_predictions_20250328_183126.csv
2025-03-28 18:31:26,846 - root - INFO - Simulated actual values saved to actual_values/Powai_actual_20250328_183126.csv
2025-03-28 18:31:27,034 - root - INFO - Plot saved to all_localities_plots/Powai_comparison_20250328_183126.png
2025-03-28 18:31:27,037 - root - INFO - Summary saved to selected_localities_summary_20250328_183127.csv
2025-03-28 18:31:27,038 - root - INFO - Total execution time: 2.34 seconds
2025-03-28 18:43:50,982 - root - INFO - Running prediction for Dadar
2025-03-28 18:43:50,983 - root - INFO - Parameters: sequence_length=24, prediction_horizon=5
2025-03-28 18:43:50,983 - root - INFO - Spatial parameters: decay_factor=0.5, max_distance=10.0
2025-03-28 18:43:50,983 - root - INFO - Loaded coordinates for 26 localities
2025-03-28 18:43:50,986 - root - INFO - Found 10 nearby localities for Dadar
2025-03-28 18:43:50,986 - root - INFO -   - Worli: 2.79 km, weight: 0.2484
2025-03-28 18:43:50,986 - root - INFO -   - Dharavi: 3.35 km, weight: 0.1876
2025-03-28 18:43:50,987 - root - INFO -   - Sion: 3.79 km, weight: 0.1501
2025-03-28 18:43:50,987 - root - INFO -   - Bandra: 4.14 km, weight: 0.1262
2025-03-28 18:43:50,987 - root - INFO -   - Kurla: 6.50 km, weight: 0.0388
2025-03-28 18:43:50,987 - root - INFO -   - Chembur: 7.03 km, weight: 0.0297
2025-03-28 18:43:50,987 - root - INFO -   - Malabar Hill: 7.85 km, weight: 0.0198
2025-03-28 18:43:50,987 - root - INFO -   - Airport: 8.28 km, weight: 0.0159
2025-03-28 18:43:50,987 - root - INFO -   - Vileparle: 9.10 km, weight: 0.0106
2025-03-28 18:43:50,987 - root - INFO -   - Vile Parle: 9.10 km, weight: 0.0106
2025-03-28 18:43:50,988 - root - INFO - Initializing LSTM Predictor for Dadar
2025-03-28 18:43:50,988 - root - INFO - Sequence length: 24, Prediction horizon: 5
2025-03-28 18:43:50,989 - root - WARNING - No spatial weighted data found for locality Dadar, checking regular cleaned data
2025-03-28 18:43:50,989 - root - ERROR - Error in prediction: No cleaned data found for locality Dadar
2025-03-28 18:43:50,990 - root - ERROR - Traceback (most recent call last):
  File "C:\Users\Pranav\Desktop\IIT Kanpur\project\2022_SSDA_airquality\run_prediction.py", line 180, in main
    run_prediction(
  File "C:\Users\Pranav\Desktop\IIT Kanpur\project\2022_SSDA_airquality\run_prediction.py", line 45, in run_prediction
    data = predictor.load_cleaned_data()
           ^^^^^^^^^^^^^^^^^^^^^^^^^^^^^
  File "C:\Users\Pranav\Desktop\IIT Kanpur\project\2022_SSDA_airquality\lstm_distance.py", line 177, in load_cleaned_data
    raise ValueError(f"No cleaned data found for locality {self.locality}")
ValueError: No cleaned data found for locality Dadar

