2025-03-28 11:31:07,051 - INFO - Starting LSTM predictor main execution
2025-03-28 11:31:07,053 - INFO - Initializing LSTM Predictor for Airport
2025-03-28 11:31:07,053 - INFO - Sequence length: 24, Prediction horizon: 6
2025-03-28 11:31:07,053 - INFO - Loading cleaned data from cleaned_data\Airport_spatial_average.csv
2025-03-28 11:31:07,067 - INFO - Loaded cleaned data with shape: (5280, 4)
2025-03-28 11:31:07,067 - INFO - Features selected: ['PM10', 'RH', 'AT']
2025-03-28 11:31:07,067 - INFO - Starting model training with 4224 samples
2025-03-28 11:31:07,067 - INFO - Training parameters - epochs: 150, batch_size: 64, validation_split: 0.2
2025-03-28 11:31:07,068 - INFO - Preparing sequences from data with shape: (4224, 4)
2025-03-28 11:31:07,082 - INFO - Creating 4195 sequences...
2025-03-28 11:31:07,090 - INFO - Sequence preparation completed. X shape: (4195, 24, 35), y shape: (4195, 6)
2025-03-28 11:31:07,090 - INFO - Sequence preparation took 0.02 seconds
2025-03-28 11:31:07,090 - INFO - Building LSTM model with attention, input shape: (24, 35)
2025-03-28 11:31:07,181 - INFO - Model architecture:
2025-03-28 11:31:11,946 - INFO - Epoch 1 - loss: 0.6411 - mae: 0.6230 - val_loss: 0.5039 - val_mae: 0.5721
2025-03-28 11:31:12,751 - INFO - Epoch 2 - loss: 0.4486 - mae: 0.5159 - val_loss: 0.3607 - val_mae: 0.4359
2025-03-28 11:31:13,519 - INFO - Epoch 3 - loss: 0.3876 - mae: 0.4795 - val_loss: 0.3258 - val_mae: 0.4113
2025-03-28 11:31:14,239 - INFO - Epoch 4 - loss: 0.3451 - mae: 0.4508 - val_loss: 0.4293 - val_mae: 0.4964
2025-03-28 11:31:14,982 - INFO - Epoch 5 - loss: 0.3229 - mae: 0.4366 - val_loss: 0.3476 - val_mae: 0.4199
2025-03-28 11:31:15,749 - INFO - Epoch 6 - loss: 0.3036 - mae: 0.4242 - val_loss: 0.3800 - val_mae: 0.4382
2025-03-28 11:31:16,485 - INFO - Epoch 7 - loss: 0.2919 - mae: 0.4158 - val_loss: 0.4043 - val_mae: 0.4838
2025-03-28 11:31:17,204 - INFO - Epoch 8 - loss: 0.2777 - mae: 0.4028 - val_loss: 0.4169 - val_mae: 0.4569
2025-03-28 11:31:17,949 - INFO - Epoch 9 - loss: 0.2614 - mae: 0.3918 - val_loss: 0.4327 - val_mae: 0.4856
2025-03-28 11:31:18,766 - INFO - Epoch 10 - loss: 0.2480 - mae: 0.3807 - val_loss: 0.4123 - val_mae: 0.4495
2025-03-28 11:31:19,564 - INFO - Epoch 11 - loss: 0.2393 - mae: 0.3740 - val_loss: 0.3818 - val_mae: 0.4449
2025-03-28 11:31:20,364 - INFO - Epoch 12 - loss: 0.2345 - mae: 0.3712 - val_loss: 0.4302 - val_mae: 0.4660
2025-03-28 11:31:21,206 - ERROR - An error occurred: This optimizer was created with a `LearningRateSchedule` object as its `learning_rate` constructor argument, hence its learning rate is not settable. If you need the learning rate to be settable, you should instantiate the optimizer with a float `learning_rate` argument.
2025-03-28 11:35:28,048 - INFO - Starting LSTM predictor main execution
2025-03-28 11:35:28,050 - INFO - Initializing LSTM Predictor for Airport
2025-03-28 11:35:28,051 - INFO - Sequence length: 24, Prediction horizon: 6
2025-03-28 11:35:28,051 - INFO - Loading cleaned data from cleaned_data\Airport_spatial_average.csv
2025-03-28 11:35:28,063 - INFO - Loaded cleaned data with shape: (5280, 4)
2025-03-28 11:35:28,063 - INFO - Features selected: ['PM10', 'RH', 'AT']
2025-03-28 11:35:28,063 - INFO - Starting model training with 4224 samples
2025-03-28 11:35:28,064 - INFO - Training parameters - epochs: 150, batch_size: 64, validation_split: 0.2
2025-03-28 11:35:28,064 - INFO - Preparing sequences from data with shape: (4224, 4)
2025-03-28 11:35:28,081 - INFO - Creating 4195 sequences...
2025-03-28 11:35:28,090 - INFO - Sequence preparation completed. X shape: (4195, 24, 35), y shape: (4195, 6)
2025-03-28 11:35:28,090 - INFO - Sequence preparation took 0.03 seconds
2025-03-28 11:35:28,091 - INFO - Building LSTM model with attention, input shape: (24, 35)
2025-03-28 11:35:28,925 - WARNING - From C:\Users\Pranav\AppData\Roaming\Python\Python312\site-packages\keras\src\backend\tensorflow\core.py:204: The name tf.placeholder is deprecated. Please use tf.compat.v1.placeholder instead.

2025-03-28 11:35:28,942 - ERROR - An error occurred: Exception encountered when calling AttentionLayer.call().

[1mCould not automatically infer the output shape / dtype of 'attention_layer' (of type AttentionLayer). Either the `AttentionLayer.call()` method is incorrect, or you need to implement the `AttentionLayer.compute_output_spec() / compute_output_shape()` method. Error encountered:

Dimensions must be equal, but are 128 and 24 for '{{node mul}} = Mul[T=DT_FLOAT](Placeholder, transpose_2)' with input shapes: [?,24,128], [?,1,24].[0m

Arguments received by AttentionLayer.call():
  • args=('<KerasTensor shape=(None, 24, 128), dtype=float32, sparse=False, name=keras_tensor_2>',)
  • kwargs=<class 'inspect._empty'>
2025-03-28 11:36:06,016 - INFO - Starting LSTM predictor main execution
2025-03-28 11:36:06,017 - INFO - Initializing LSTM Predictor for Airport
2025-03-28 11:36:06,018 - INFO - Sequence length: 24, Prediction horizon: 6
2025-03-28 11:36:06,018 - INFO - Loading cleaned data from cleaned_data\Airport_spatial_average.csv
2025-03-28 11:36:06,029 - INFO - Loaded cleaned data with shape: (5280, 4)
2025-03-28 11:36:06,029 - INFO - Features selected: ['PM10', 'RH', 'AT']
2025-03-28 11:36:06,029 - INFO - Starting model training with 4224 samples
2025-03-28 11:36:06,029 - INFO - Training parameters - epochs: 150, batch_size: 64, validation_split: 0.2
2025-03-28 11:36:06,030 - INFO - Preparing sequences from data with shape: (4224, 4)
2025-03-28 11:36:06,043 - INFO - Creating 4195 sequences...
2025-03-28 11:36:06,051 - INFO - Sequence preparation completed. X shape: (4195, 24, 35), y shape: (4195, 6)
2025-03-28 11:36:06,051 - INFO - Sequence preparation took 0.02 seconds
2025-03-28 11:36:06,051 - INFO - Building LSTM model with attention, input shape: (24, 35)
2025-03-28 11:36:06,711 - WARNING - From C:\Users\Pranav\AppData\Roaming\Python\Python312\site-packages\keras\src\backend\tensorflow\core.py:204: The name tf.placeholder is deprecated. Please use tf.compat.v1.placeholder instead.

2025-03-28 11:36:06,748 - INFO - Model architecture:
2025-03-28 11:36:09,512 - INFO - Epoch 1 - loss: 0.6494 - mae: 0.6312 - val_loss: 0.4547 - val_mae: 0.5201
2025-03-28 11:36:09,947 - INFO - Epoch 2 - loss: 0.4910 - mae: 0.5425 - val_loss: 0.3620 - val_mae: 0.4436
2025-03-28 11:36:10,344 - INFO - Epoch 3 - loss: 0.4176 - mae: 0.4974 - val_loss: 0.3950 - val_mae: 0.4663
2025-03-28 11:36:10,756 - INFO - Epoch 4 - loss: 0.3781 - mae: 0.4731 - val_loss: 0.3973 - val_mae: 0.4628
2025-03-28 11:36:11,175 - INFO - Epoch 5 - loss: 0.3547 - mae: 0.4585 - val_loss: 0.4003 - val_mae: 0.4623
2025-03-28 11:36:11,592 - INFO - Epoch 6 - loss: 0.3221 - mae: 0.4350 - val_loss: 0.4060 - val_mae: 0.4621
2025-03-28 11:36:12,000 - INFO - Epoch 7 - loss: 0.3011 - mae: 0.4182 - val_loss: 0.4350 - val_mae: 0.5171
2025-03-28 11:36:12,415 - INFO - Epoch 8 - loss: 0.2784 - mae: 0.4026 - val_loss: 0.3930 - val_mae: 0.4733
2025-03-28 11:36:12,821 - INFO - Epoch 9 - loss: 0.2639 - mae: 0.3922 - val_loss: 0.4558 - val_mae: 0.5145
2025-03-28 11:36:13,224 - INFO - Epoch 10 - loss: 0.2605 - mae: 0.3890 - val_loss: 0.4679 - val_mae: 0.5366
2025-03-28 11:36:13,622 - INFO - Epoch 11 - loss: 0.2459 - mae: 0.3783 - val_loss: 0.5098 - val_mae: 0.5556
2025-03-28 11:36:14,024 - INFO - Epoch 12 - loss: 0.2427 - mae: 0.3759 - val_loss: 0.4807 - val_mae: 0.5560
2025-03-28 11:36:14,423 - INFO - Epoch 13 - loss: 0.2296 - mae: 0.3657 - val_loss: 0.4861 - val_mae: 0.5449
2025-03-28 11:36:14,823 - INFO - Epoch 14 - loss: 0.2182 - mae: 0.3571 - val_loss: 0.5173 - val_mae: 0.5615
2025-03-28 11:36:15,245 - INFO - Epoch 15 - loss: 0.2160 - mae: 0.3547 - val_loss: 0.5021 - val_mae: 0.5535
2025-03-28 11:36:15,647 - INFO - Epoch 16 - loss: 0.2087 - mae: 0.3469 - val_loss: 0.5184 - val_mae: 0.5647
2025-03-28 11:36:16,061 - INFO - Epoch 17 - loss: 0.2097 - mae: 0.3481 - val_loss: 0.5044 - val_mae: 0.5439
2025-03-28 11:36:16,455 - INFO - Epoch 18 - loss: 0.2074 - mae: 0.3459 - val_loss: 0.5075 - val_mae: 0.5439
2025-03-28 11:36:16,906 - INFO - Epoch 19 - loss: 0.2027 - mae: 0.3414 - val_loss: 0.5078 - val_mae: 0.5423
2025-03-28 11:36:17,382 - INFO - Epoch 20 - loss: 0.1998 - mae: 0.3396 - val_loss: 0.5029 - val_mae: 0.5425
2025-03-28 11:36:17,835 - INFO - Epoch 21 - loss: 0.2002 - mae: 0.3396 - val_loss: 0.5346 - val_mae: 0.5624
2025-03-28 11:36:18,353 - INFO - Epoch 22 - loss: 0.1997 - mae: 0.3390 - val_loss: 0.5180 - val_mae: 0.5522
2025-03-28 11:36:18,365 - INFO - Training completed in 12.34 seconds
2025-03-28 11:36:18,366 - INFO - Final training loss: 0.1997
2025-03-28 11:36:18,366 - INFO - Final validation loss: 0.5180
2025-03-28 11:36:18,367 - INFO - Evaluating predictions for Airport
2025-03-28 11:36:18,367 - INFO - Preparing sequences from data with shape: (1056, 4)
2025-03-28 11:36:18,377 - INFO - Creating 1027 sequences...
2025-03-28 11:36:18,380 - INFO - Sequence preparation completed. X shape: (1027, 24, 35), y shape: (1027, 6)
2025-03-28 11:36:18,380 - INFO - Sequence preparation took 0.01 seconds
2025-03-28 11:36:18,839 - INFO - Evaluation completed in 0.47 seconds
2025-03-28 11:36:18,839 - INFO - Evaluation metrics - MAE: 10.83, RMSE: 12.56
2025-03-28 11:36:18,840 - INFO - Generating prediction plots for Airport
2025-03-28 11:36:19,443 - INFO - Saved prediction plot to predictions/lstm_prediction_Airport.png
2025-03-28 11:36:19,963 - INFO - Saved error distribution plot to predictions/lstm_error_distribution_Airport.png
2025-03-28 11:36:19,963 - INFO - 
Final Evaluation Results:
2025-03-28 11:36:19,963 - INFO - MAE: 10.83
2025-03-28 11:36:19,963 - INFO - RMSE: 12.56
2025-03-28 11:36:19,963 - INFO - Initializing LSTM Predictor for Bandra
2025-03-28 11:36:19,963 - INFO - Sequence length: 24, Prediction horizon: 6
2025-03-28 11:36:19,964 - INFO - Loading cleaned data from cleaned_data\Bandra_spatial_average.csv
2025-03-28 11:36:19,973 - INFO - Loaded cleaned data with shape: (5404, 4)
2025-03-28 11:36:19,973 - INFO - Features selected: ['PM10', 'RH', 'AT']
2025-03-28 11:36:19,974 - INFO - Starting model training with 4323 samples
2025-03-28 11:36:19,974 - INFO - Training parameters - epochs: 150, batch_size: 64, validation_split: 0.2
2025-03-28 11:36:19,974 - INFO - Preparing sequences from data with shape: (4323, 4)
2025-03-28 11:36:19,988 - INFO - Creating 4294 sequences...
2025-03-28 11:36:19,995 - INFO - Sequence preparation completed. X shape: (4294, 24, 35), y shape: (4294, 6)
2025-03-28 11:36:19,995 - INFO - Sequence preparation took 0.02 seconds
2025-03-28 11:36:19,996 - INFO - Building LSTM model with attention, input shape: (24, 35)
2025-03-28 11:36:20,041 - INFO - Model architecture:
2025-03-28 11:36:22,752 - INFO - Epoch 1 - loss: 0.8428 - mae: 0.6034 - val_loss: 0.2110 - val_mae: 0.3060
2025-03-28 11:36:23,217 - INFO - Epoch 2 - loss: 0.5885 - mae: 0.4348 - val_loss: 0.2419 - val_mae: 0.3420
2025-03-28 11:36:23,688 - INFO - Epoch 3 - loss: 0.5215 - mae: 0.3922 - val_loss: 0.2849 - val_mae: 0.4210
2025-03-28 11:36:24,167 - INFO - Epoch 4 - loss: 0.4911 - mae: 0.3749 - val_loss: 0.3382 - val_mae: 0.4804
2025-03-28 11:36:24,633 - INFO - Epoch 5 - loss: 0.4606 - mae: 0.3592 - val_loss: 0.3166 - val_mae: 0.4551
2025-03-28 11:36:25,097 - INFO - Epoch 6 - loss: 0.4414 - mae: 0.3421 - val_loss: 0.4021 - val_mae: 0.5323
2025-03-28 11:36:25,568 - INFO - Epoch 7 - loss: 0.4305 - mae: 0.3397 - val_loss: 0.4105 - val_mae: 0.5400
2025-03-28 11:36:26,040 - INFO - Epoch 8 - loss: 0.4111 - mae: 0.3252 - val_loss: 0.4729 - val_mae: 0.5848
2025-03-28 11:36:26,501 - INFO - Epoch 9 - loss: 0.4126 - mae: 0.3256 - val_loss: 0.4237 - val_mae: 0.5475
2025-03-28 11:36:26,970 - INFO - Epoch 10 - loss: 0.3986 - mae: 0.3155 - val_loss: 0.4529 - val_mae: 0.5675
2025-03-28 11:36:27,435 - INFO - Epoch 11 - loss: 0.3957 - mae: 0.3123 - val_loss: 0.4972 - val_mae: 0.5974
2025-03-28 11:36:27,906 - INFO - Epoch 12 - loss: 0.3822 - mae: 0.3019 - val_loss: 0.4878 - val_mae: 0.5934
2025-03-28 11:36:28,382 - INFO - Epoch 13 - loss: 0.3734 - mae: 0.2939 - val_loss: 0.4712 - val_mae: 0.5762
2025-03-28 11:36:28,848 - INFO - Epoch 14 - loss: 0.3707 - mae: 0.2924 - val_loss: 0.5135 - val_mae: 0.6045
2025-03-28 11:36:29,315 - INFO - Epoch 15 - loss: 0.3706 - mae: 0.2910 - val_loss: 0.5196 - val_mae: 0.6078
2025-03-28 11:36:29,789 - INFO - Epoch 16 - loss: 0.3636 - mae: 0.2876 - val_loss: 0.5077 - val_mae: 0.5994
2025-03-28 11:36:30,264 - INFO - Epoch 17 - loss: 0.3634 - mae: 0.2887 - val_loss: 0.5058 - val_mae: 0.5937
2025-03-28 11:36:30,729 - INFO - Epoch 18 - loss: 0.3651 - mae: 0.2876 - val_loss: 0.5202 - val_mae: 0.6045
2025-03-28 11:36:31,200 - INFO - Epoch 19 - loss: 0.3645 - mae: 0.2865 - val_loss: 0.5387 - val_mae: 0.6179
2025-03-28 11:36:31,666 - INFO - Epoch 20 - loss: 0.3585 - mae: 0.2868 - val_loss: 0.5300 - val_mae: 0.6120
2025-03-28 11:36:32,135 - INFO - Epoch 21 - loss: 0.3476 - mae: 0.2828 - val_loss: 0.5474 - val_mae: 0.6248
2025-03-28 11:36:32,142 - INFO - Training completed in 12.17 seconds
2025-03-28 11:36:32,142 - INFO - Final training loss: 0.3476
2025-03-28 11:36:32,142 - INFO - Final validation loss: 0.5474
2025-03-28 11:36:32,143 - INFO - Evaluating predictions for Bandra
2025-03-28 11:36:32,144 - INFO - Preparing sequences from data with shape: (1081, 4)
2025-03-28 11:36:32,157 - INFO - Creating 1052 sequences...
2025-03-28 11:36:32,161 - INFO - Sequence preparation completed. X shape: (1052, 24, 35), y shape: (1052, 6)
2025-03-28 11:36:32,161 - INFO - Sequence preparation took 0.02 seconds
2025-03-28 11:36:32,640 - INFO - Evaluation completed in 0.50 seconds
2025-03-28 11:36:32,641 - INFO - Evaluation metrics - MAE: 10.69, RMSE: 13.15
2025-03-28 11:36:32,642 - INFO - Generating prediction plots for Bandra
2025-03-28 11:36:33,182 - INFO - Saved prediction plot to predictions/lstm_prediction_Bandra.png
2025-03-28 11:36:33,610 - INFO - Saved error distribution plot to predictions/lstm_error_distribution_Bandra.png
2025-03-28 11:36:33,611 - INFO - 
Final Evaluation Results:
2025-03-28 11:36:33,611 - INFO - MAE: 10.69
2025-03-28 11:36:33,611 - INFO - RMSE: 13.15
2025-03-28 11:36:33,612 - INFO - Initializing LSTM Predictor for Borivali
2025-03-28 11:36:33,612 - INFO - Sequence length: 24, Prediction horizon: 6
2025-03-28 11:36:33,612 - INFO - Loading cleaned data from cleaned_data\Borivali_spatial_average.csv
2025-03-28 11:36:33,621 - INFO - Loaded cleaned data with shape: (5400, 4)
2025-03-28 11:36:33,621 - INFO - Features selected: ['PM10', 'RH', 'AT']
2025-03-28 11:36:33,621 - INFO - Starting model training with 4320 samples
2025-03-28 11:36:33,621 - INFO - Training parameters - epochs: 150, batch_size: 64, validation_split: 0.2
2025-03-28 11:36:33,621 - INFO - Preparing sequences from data with shape: (4320, 4)
2025-03-28 11:36:33,636 - INFO - Creating 4291 sequences...
2025-03-28 11:36:33,644 - INFO - Sequence preparation completed. X shape: (4291, 24, 35), y shape: (4291, 6)
2025-03-28 11:36:33,644 - INFO - Sequence preparation took 0.02 seconds
2025-03-28 11:36:33,644 - INFO - Building LSTM model with attention, input shape: (24, 35)
2025-03-28 11:36:33,692 - INFO - Model architecture:
2025-03-28 11:36:36,725 - INFO - Epoch 1 - loss: 0.6150 - mae: 0.5695 - val_loss: 0.4013 - val_mae: 0.5669
2025-03-28 11:36:37,226 - INFO - Epoch 2 - loss: 0.4078 - mae: 0.4693 - val_loss: 0.1889 - val_mae: 0.3689
2025-03-28 11:36:37,694 - INFO - Epoch 3 - loss: 0.3615 - mae: 0.4376 - val_loss: 0.2985 - val_mae: 0.4872
2025-03-28 11:36:38,176 - INFO - Epoch 4 - loss: 0.3196 - mae: 0.4142 - val_loss: 0.4142 - val_mae: 0.5913
2025-03-28 11:36:38,658 - INFO - Epoch 5 - loss: 0.2961 - mae: 0.3983 - val_loss: 0.4647 - val_mae: 0.6306
2025-03-28 11:36:39,132 - INFO - Epoch 6 - loss: 0.2847 - mae: 0.3873 - val_loss: 0.3000 - val_mae: 0.4892
2025-03-28 11:36:39,611 - INFO - Epoch 7 - loss: 0.2657 - mae: 0.3752 - val_loss: 0.2430 - val_mae: 0.4327
2025-03-28 11:36:40,080 - INFO - Epoch 8 - loss: 0.2499 - mae: 0.3616 - val_loss: 0.2761 - val_mae: 0.4591
2025-03-28 11:36:40,550 - INFO - Epoch 9 - loss: 0.2472 - mae: 0.3593 - val_loss: 0.3699 - val_mae: 0.5463
2025-03-28 11:36:41,032 - INFO - Epoch 10 - loss: 0.2400 - mae: 0.3502 - val_loss: 0.2123 - val_mae: 0.3942
2025-03-28 11:36:41,505 - INFO - Epoch 11 - loss: 0.2380 - mae: 0.3477 - val_loss: 0.3944 - val_mae: 0.5680
2025-03-28 11:36:41,976 - INFO - Epoch 12 - loss: 0.2245 - mae: 0.3385 - val_loss: 0.3066 - val_mae: 0.4891
2025-03-28 11:36:42,453 - INFO - Epoch 13 - loss: 0.2134 - mae: 0.3286 - val_loss: 0.2609 - val_mae: 0.4421
2025-03-28 11:36:42,925 - INFO - Epoch 14 - loss: 0.2103 - mae: 0.3244 - val_loss: 0.3019 - val_mae: 0.4776
2025-03-28 11:36:43,395 - INFO - Epoch 15 - loss: 0.2062 - mae: 0.3237 - val_loss: 0.2891 - val_mae: 0.4664
2025-03-28 11:36:43,867 - INFO - Epoch 16 - loss: 0.2029 - mae: 0.3213 - val_loss: 0.2448 - val_mae: 0.4202
2025-03-28 11:36:44,326 - INFO - Epoch 17 - loss: 0.1938 - mae: 0.3148 - val_loss: 0.2408 - val_mae: 0.4056
2025-03-28 11:36:44,787 - INFO - Epoch 18 - loss: 0.1962 - mae: 0.3151 - val_loss: 0.2861 - val_mae: 0.4596
2025-03-28 11:36:45,265 - INFO - Epoch 19 - loss: 0.1961 - mae: 0.3138 - val_loss: 0.2600 - val_mae: 0.4336
2025-03-28 11:36:45,726 - INFO - Epoch 20 - loss: 0.1891 - mae: 0.3095 - val_loss: 0.3286 - val_mae: 0.4986
2025-03-28 11:36:46,194 - INFO - Epoch 21 - loss: 0.1873 - mae: 0.3066 - val_loss: 0.3658 - val_mae: 0.5338
2025-03-28 11:36:46,668 - INFO - Epoch 22 - loss: 0.1847 - mae: 0.3042 - val_loss: 0.2975 - val_mae: 0.4704
2025-03-28 11:36:46,675 - INFO - Training completed in 13.05 seconds
2025-03-28 11:36:46,675 - INFO - Final training loss: 0.1847
2025-03-28 11:36:46,675 - INFO - Final validation loss: 0.2975
2025-03-28 11:36:46,676 - INFO - Evaluating predictions for Borivali
2025-03-28 11:36:46,676 - INFO - Preparing sequences from data with shape: (1080, 4)
2025-03-28 11:36:46,686 - INFO - Creating 1051 sequences...
2025-03-28 11:36:46,689 - INFO - Sequence preparation completed. X shape: (1051, 24, 35), y shape: (1051, 6)
2025-03-28 11:36:46,689 - INFO - Sequence preparation took 0.01 seconds
2025-03-28 11:36:47,195 - INFO - Evaluation completed in 0.52 seconds
2025-03-28 11:36:47,195 - INFO - Evaluation metrics - MAE: 20.78, RMSE: 22.13
2025-03-28 11:36:47,196 - INFO - Generating prediction plots for Borivali
2025-03-28 11:36:47,755 - INFO - Saved prediction plot to predictions/lstm_prediction_Borivali.png
2025-03-28 11:36:48,179 - INFO - Saved error distribution plot to predictions/lstm_error_distribution_Borivali.png
2025-03-28 11:36:48,179 - INFO - 
Final Evaluation Results:
2025-03-28 11:36:48,179 - INFO - MAE: 20.78
2025-03-28 11:36:48,179 - INFO - RMSE: 22.13
2025-03-28 11:36:48,179 - INFO - Initializing LSTM Predictor for Colaba
2025-03-28 11:36:48,180 - INFO - Sequence length: 24, Prediction horizon: 6
2025-03-28 11:36:48,180 - INFO - Loading cleaned data from cleaned_data\Colaba_spatial_average.csv
2025-03-28 11:36:48,188 - INFO - Loaded cleaned data with shape: (4776, 4)
2025-03-28 11:36:48,188 - INFO - Features selected: ['PM10', 'RH', 'AT']
2025-03-28 11:36:48,189 - INFO - Starting model training with 3820 samples
2025-03-28 11:36:48,189 - INFO - Training parameters - epochs: 150, batch_size: 64, validation_split: 0.2
2025-03-28 11:36:48,189 - INFO - Preparing sequences from data with shape: (3820, 4)
2025-03-28 11:36:48,201 - INFO - Creating 3791 sequences...
2025-03-28 11:36:48,209 - INFO - Sequence preparation completed. X shape: (3791, 24, 35), y shape: (3791, 6)
2025-03-28 11:36:48,209 - INFO - Sequence preparation took 0.02 seconds
2025-03-28 11:36:48,210 - INFO - Building LSTM model with attention, input shape: (24, 35)
2025-03-28 11:36:48,255 - INFO - Model architecture:
2025-03-28 11:36:51,044 - INFO - Epoch 1 - loss: 0.9081 - mae: 0.7426 - val_loss: 0.6780 - val_mae: 0.6696
2025-03-28 11:36:51,473 - INFO - Epoch 2 - loss: 0.7133 - mae: 0.6471 - val_loss: 0.7067 - val_mae: 0.6833
2025-03-28 11:36:51,890 - INFO - Epoch 3 - loss: 0.5879 - mae: 0.5818 - val_loss: 0.7423 - val_mae: 0.7035
2025-03-28 11:36:52,307 - INFO - Epoch 4 - loss: 0.5230 - mae: 0.5490 - val_loss: 0.7785 - val_mae: 0.7186
2025-03-28 11:36:52,730 - INFO - Epoch 5 - loss: 0.4603 - mae: 0.5112 - val_loss: 0.7673 - val_mae: 0.7043
2025-03-28 11:36:53,147 - INFO - Epoch 6 - loss: 0.4203 - mae: 0.4906 - val_loss: 0.8404 - val_mae: 0.7370
2025-03-28 11:36:53,564 - INFO - Epoch 7 - loss: 0.3925 - mae: 0.4731 - val_loss: 0.8262 - val_mae: 0.7300
2025-03-28 11:36:53,987 - INFO - Epoch 8 - loss: 0.3701 - mae: 0.4595 - val_loss: 1.0221 - val_mae: 0.8064
2025-03-28 11:36:54,403 - INFO - Epoch 9 - loss: 0.3492 - mae: 0.4461 - val_loss: 0.9563 - val_mae: 0.7831
2025-03-28 11:36:54,815 - INFO - Epoch 10 - loss: 0.3334 - mae: 0.4348 - val_loss: 1.0123 - val_mae: 0.8041
2025-03-28 11:36:55,234 - INFO - Epoch 11 - loss: 0.3254 - mae: 0.4285 - val_loss: 0.9945 - val_mae: 0.7993
2025-03-28 11:36:55,645 - INFO - Epoch 12 - loss: 0.3098 - mae: 0.4171 - val_loss: 0.9341 - val_mae: 0.7677
2025-03-28 11:36:56,066 - INFO - Epoch 13 - loss: 0.2994 - mae: 0.4093 - val_loss: 0.9867 - val_mae: 0.7918
2025-03-28 11:36:56,487 - INFO - Epoch 14 - loss: 0.2893 - mae: 0.4024 - val_loss: 1.0189 - val_mae: 0.8016
2025-03-28 11:36:56,901 - INFO - Epoch 15 - loss: 0.2844 - mae: 0.3994 - val_loss: 1.0217 - val_mae: 0.8024
2025-03-28 11:36:57,315 - INFO - Epoch 16 - loss: 0.2815 - mae: 0.3946 - val_loss: 1.0559 - val_mae: 0.8127
2025-03-28 11:36:57,737 - INFO - Epoch 17 - loss: 0.2781 - mae: 0.3919 - val_loss: 0.9890 - val_mae: 0.7845
2025-03-28 11:36:58,169 - INFO - Epoch 18 - loss: 0.2726 - mae: 0.3855 - val_loss: 1.0285 - val_mae: 0.8038
2025-03-28 11:36:58,587 - INFO - Epoch 19 - loss: 0.2718 - mae: 0.3880 - val_loss: 1.0075 - val_mae: 0.7933
2025-03-28 11:36:59,005 - INFO - Epoch 20 - loss: 0.2675 - mae: 0.3837 - val_loss: 0.9898 - val_mae: 0.7839
2025-03-28 11:36:59,419 - INFO - Epoch 21 - loss: 0.2678 - mae: 0.3848 - val_loss: 1.0186 - val_mae: 0.7959
2025-03-28 11:36:59,425 - INFO - Training completed in 11.24 seconds
2025-03-28 11:36:59,426 - INFO - Final training loss: 0.2678
2025-03-28 11:36:59,426 - INFO - Final validation loss: 1.0186
2025-03-28 11:36:59,427 - INFO - Evaluating predictions for Colaba
2025-03-28 11:36:59,427 - INFO - Preparing sequences from data with shape: (956, 4)
2025-03-28 11:36:59,437 - INFO - Creating 927 sequences...
2025-03-28 11:36:59,439 - INFO - Sequence preparation completed. X shape: (927, 24, 35), y shape: (927, 6)
2025-03-28 11:36:59,440 - INFO - Sequence preparation took 0.01 seconds
2025-03-28 11:36:59,904 - INFO - Evaluation completed in 0.48 seconds
2025-03-28 11:36:59,904 - INFO - Evaluation metrics - MAE: 22.57, RMSE: 24.23
2025-03-28 11:36:59,904 - INFO - Generating prediction plots for Colaba
2025-03-28 11:37:00,482 - INFO - Saved prediction plot to predictions/lstm_prediction_Colaba.png
2025-03-28 11:37:00,853 - INFO - Saved error distribution plot to predictions/lstm_error_distribution_Colaba.png
2025-03-28 11:37:00,853 - INFO - 
Final Evaluation Results:
2025-03-28 11:37:00,853 - INFO - MAE: 22.57
2025-03-28 11:37:00,854 - INFO - RMSE: 24.23
2025-03-28 11:37:00,854 - INFO - Initializing LSTM Predictor for Kalyan
2025-03-28 11:37:00,854 - INFO - Sequence length: 24, Prediction horizon: 6
2025-03-28 11:37:00,855 - INFO - Loading cleaned data from cleaned_data\Kalyan_spatial_average.csv
2025-03-28 11:37:00,864 - INFO - Loaded cleaned data with shape: (5404, 4)
2025-03-28 11:37:00,864 - INFO - Features selected: ['PM10', 'RH', 'AT']
2025-03-28 11:37:00,865 - INFO - Starting model training with 4323 samples
2025-03-28 11:37:00,865 - INFO - Training parameters - epochs: 150, batch_size: 64, validation_split: 0.2
2025-03-28 11:37:00,865 - INFO - Preparing sequences from data with shape: (4323, 4)
2025-03-28 11:37:00,877 - INFO - Creating 4294 sequences...
2025-03-28 11:37:00,886 - INFO - Sequence preparation completed. X shape: (4294, 24, 35), y shape: (4294, 6)
2025-03-28 11:37:00,886 - INFO - Sequence preparation took 0.02 seconds
2025-03-28 11:37:00,886 - INFO - Building LSTM model with attention, input shape: (24, 35)
2025-03-28 11:37:00,933 - INFO - Model architecture:
2025-03-28 11:37:03,758 - INFO - Epoch 1 - loss: 0.8657 - mae: 0.6800 - val_loss: 0.5790 - val_mae: 0.6393
2025-03-28 11:37:04,276 - INFO - Epoch 2 - loss: 0.6623 - mae: 0.5842 - val_loss: 0.4732 - val_mae: 0.5484
2025-03-28 11:37:04,781 - INFO - Epoch 3 - loss: 0.5514 - mae: 0.5278 - val_loss: 0.4057 - val_mae: 0.4724
2025-03-28 11:37:05,248 - INFO - Epoch 4 - loss: 0.4776 - mae: 0.4918 - val_loss: 0.4457 - val_mae: 0.5088
2025-03-28 11:37:05,755 - INFO - Epoch 5 - loss: 0.4469 - mae: 0.4739 - val_loss: 0.3559 - val_mae: 0.4174
2025-03-28 11:37:06,226 - INFO - Epoch 6 - loss: 0.4254 - mae: 0.4615 - val_loss: 0.4385 - val_mae: 0.5061
2025-03-28 11:37:06,739 - INFO - Epoch 7 - loss: 0.4021 - mae: 0.4458 - val_loss: 0.3360 - val_mae: 0.4093
2025-03-28 11:37:07,213 - INFO - Epoch 8 - loss: 0.3714 - mae: 0.4263 - val_loss: 0.4368 - val_mae: 0.4897
2025-03-28 11:37:07,683 - INFO - Epoch 9 - loss: 0.3420 - mae: 0.4069 - val_loss: 0.4245 - val_mae: 0.4843
2025-03-28 11:37:08,153 - INFO - Epoch 10 - loss: 0.3251 - mae: 0.3981 - val_loss: 0.3494 - val_mae: 0.4087
2025-03-28 11:37:08,636 - INFO - Epoch 11 - loss: 0.3093 - mae: 0.3850 - val_loss: 0.3782 - val_mae: 0.4249
2025-03-28 11:37:09,108 - INFO - Epoch 12 - loss: 0.2955 - mae: 0.3751 - val_loss: 0.3572 - val_mae: 0.4140
2025-03-28 11:37:09,594 - INFO - Epoch 13 - loss: 0.2989 - mae: 0.3750 - val_loss: 0.3497 - val_mae: 0.3971
2025-03-28 11:37:10,148 - INFO - Epoch 14 - loss: 0.2791 - mae: 0.3628 - val_loss: 0.3755 - val_mae: 0.4268
2025-03-28 11:37:10,668 - INFO - Epoch 15 - loss: 0.2716 - mae: 0.3561 - val_loss: 0.3801 - val_mae: 0.4206
2025-03-28 11:37:11,200 - INFO - Epoch 16 - loss: 0.2577 - mae: 0.3476 - val_loss: 0.3491 - val_mae: 0.4054
2025-03-28 11:37:11,814 - INFO - Epoch 17 - loss: 0.2547 - mae: 0.3439 - val_loss: 0.3664 - val_mae: 0.3951
2025-03-28 11:37:12,352 - INFO - Epoch 18 - loss: 0.2477 - mae: 0.3368 - val_loss: 0.3802 - val_mae: 0.4172
2025-03-28 11:37:12,970 - INFO - Epoch 19 - loss: 0.2344 - mae: 0.3285 - val_loss: 0.3676 - val_mae: 0.4014
2025-03-28 11:37:13,489 - INFO - Epoch 20 - loss: 0.2387 - mae: 0.3312 - val_loss: 0.3510 - val_mae: 0.3914
2025-03-28 11:37:13,985 - INFO - Epoch 21 - loss: 0.2376 - mae: 0.3287 - val_loss: 0.3615 - val_mae: 0.4043
2025-03-28 11:37:14,479 - INFO - Epoch 22 - loss: 0.2333 - mae: 0.3284 - val_loss: 0.3879 - val_mae: 0.4271
2025-03-28 11:37:14,976 - INFO - Epoch 23 - loss: 0.2304 - mae: 0.3250 - val_loss: 0.3705 - val_mae: 0.3970
2025-03-28 11:37:15,454 - INFO - Epoch 24 - loss: 0.2255 - mae: 0.3186 - val_loss: 0.3686 - val_mae: 0.4083
2025-03-28 11:37:15,937 - INFO - Epoch 25 - loss: 0.2225 - mae: 0.3186 - val_loss: 0.3678 - val_mae: 0.4074
2025-03-28 11:37:16,400 - INFO - Epoch 26 - loss: 0.2193 - mae: 0.3162 - val_loss: 0.3683 - val_mae: 0.4060
2025-03-28 11:37:16,806 - INFO - Epoch 27 - loss: 0.2221 - mae: 0.3153 - val_loss: 0.3789 - val_mae: 0.4155
2025-03-28 11:37:16,812 - INFO - Training completed in 15.95 seconds
2025-03-28 11:37:16,813 - INFO - Final training loss: 0.2221
2025-03-28 11:37:16,813 - INFO - Final validation loss: 0.3789
2025-03-28 11:37:16,814 - INFO - Evaluating predictions for Kalyan
2025-03-28 11:37:16,814 - INFO - Preparing sequences from data with shape: (1081, 4)
2025-03-28 11:37:16,825 - INFO - Creating 1052 sequences...
2025-03-28 11:37:16,828 - INFO - Sequence preparation completed. X shape: (1052, 24, 35), y shape: (1052, 6)
2025-03-28 11:37:16,828 - INFO - Sequence preparation took 0.01 seconds
2025-03-28 11:37:17,608 - INFO - Evaluation completed in 0.79 seconds
2025-03-28 11:37:17,608 - INFO - Evaluation metrics - MAE: 29.29, RMSE: 32.10
2025-03-28 11:37:17,608 - INFO - Generating prediction plots for Kalyan
2025-03-28 11:37:18,211 - INFO - Saved prediction plot to predictions/lstm_prediction_Kalyan.png
2025-03-28 11:37:18,633 - INFO - Saved error distribution plot to predictions/lstm_error_distribution_Kalyan.png
2025-03-28 11:37:18,634 - INFO - 
Final Evaluation Results:
2025-03-28 11:37:18,634 - INFO - MAE: 29.29
2025-03-28 11:37:18,634 - INFO - RMSE: 32.10
2025-03-28 11:37:18,634 - INFO - Initializing LSTM Predictor for Kandivali
2025-03-28 11:37:18,634 - INFO - Sequence length: 24, Prediction horizon: 6
2025-03-28 11:37:18,635 - INFO - Loading cleaned data from cleaned_data\Kandivali_spatial_average.csv
2025-03-28 11:37:18,644 - INFO - Loaded cleaned data with shape: (4776, 4)
2025-03-28 11:37:18,644 - INFO - Features selected: ['PM10', 'RH', 'AT']
2025-03-28 11:37:18,644 - INFO - Starting model training with 3820 samples
2025-03-28 11:37:18,644 - INFO - Training parameters - epochs: 150, batch_size: 64, validation_split: 0.2
2025-03-28 11:37:18,645 - INFO - Preparing sequences from data with shape: (3820, 4)
2025-03-28 11:37:18,658 - INFO - Creating 3791 sequences...
2025-03-28 11:37:18,665 - INFO - Sequence preparation completed. X shape: (3791, 24, 35), y shape: (3791, 6)
2025-03-28 11:37:18,665 - INFO - Sequence preparation took 0.02 seconds
2025-03-28 11:37:18,666 - INFO - Building LSTM model with attention, input shape: (24, 35)
2025-03-28 11:37:18,714 - INFO - Model architecture:
2025-03-28 11:37:21,326 - INFO - Epoch 1 - loss: 0.6501 - mae: 0.6071 - val_loss: 0.5868 - val_mae: 0.6420
2025-03-28 11:37:21,789 - INFO - Epoch 2 - loss: 0.4523 - mae: 0.5040 - val_loss: 0.3983 - val_mae: 0.4846
2025-03-28 11:37:22,168 - INFO - Epoch 3 - loss: 0.3736 - mae: 0.4524 - val_loss: 0.4296 - val_mae: 0.4894
2025-03-28 11:37:22,577 - INFO - Epoch 4 - loss: 0.3406 - mae: 0.4302 - val_loss: 0.4152 - val_mae: 0.4995
2025-03-28 11:37:22,942 - INFO - Epoch 5 - loss: 0.3024 - mae: 0.4065 - val_loss: 0.4815 - val_mae: 0.5155
2025-03-28 11:37:23,384 - INFO - Epoch 6 - loss: 0.2803 - mae: 0.3880 - val_loss: 0.4939 - val_mae: 0.5192
2025-03-28 11:37:23,848 - INFO - Epoch 7 - loss: 0.2544 - mae: 0.3702 - val_loss: 0.5375 - val_mae: 0.5669
2025-03-28 11:37:24,256 - INFO - Epoch 8 - loss: 0.2344 - mae: 0.3563 - val_loss: 0.4909 - val_mae: 0.5477
2025-03-28 11:37:24,687 - INFO - Epoch 9 - loss: 0.2233 - mae: 0.3463 - val_loss: 0.5396 - val_mae: 0.5615
2025-03-28 11:37:25,121 - INFO - Epoch 10 - loss: 0.2100 - mae: 0.3359 - val_loss: 0.5197 - val_mae: 0.5436
2025-03-28 11:37:25,528 - INFO - Epoch 11 - loss: 0.1920 - mae: 0.3228 - val_loss: 0.5945 - val_mae: 0.5939
2025-03-28 11:37:25,965 - INFO - Epoch 12 - loss: 0.1814 - mae: 0.3142 - val_loss: 0.6094 - val_mae: 0.6153
2025-03-28 11:37:26,381 - INFO - Epoch 13 - loss: 0.1714 - mae: 0.3028 - val_loss: 0.5662 - val_mae: 0.5778
2025-03-28 11:37:26,779 - INFO - Epoch 14 - loss: 0.1721 - mae: 0.3031 - val_loss: 0.5353 - val_mae: 0.5621
2025-03-28 11:37:27,176 - INFO - Epoch 15 - loss: 0.1667 - mae: 0.3012 - val_loss: 0.5954 - val_mae: 0.6028
2025-03-28 11:37:27,566 - INFO - Epoch 16 - loss: 0.1643 - mae: 0.2961 - val_loss: 0.5816 - val_mae: 0.5940
2025-03-28 11:37:27,966 - INFO - Epoch 17 - loss: 0.1589 - mae: 0.2899 - val_loss: 0.6022 - val_mae: 0.5949
2025-03-28 11:37:28,382 - INFO - Epoch 18 - loss: 0.1605 - mae: 0.2917 - val_loss: 0.6556 - val_mae: 0.6252
2025-03-28 11:37:28,796 - INFO - Epoch 19 - loss: 0.1488 - mae: 0.2853 - val_loss: 0.5716 - val_mae: 0.5737
2025-03-28 11:37:29,193 - INFO - Epoch 20 - loss: 0.1542 - mae: 0.2864 - val_loss: 0.6214 - val_mae: 0.6054
2025-03-28 11:37:29,611 - INFO - Epoch 21 - loss: 0.1462 - mae: 0.2795 - val_loss: 0.6138 - val_mae: 0.5991
2025-03-28 11:37:30,017 - INFO - Epoch 22 - loss: 0.1529 - mae: 0.2837 - val_loss: 0.6292 - val_mae: 0.6029
2025-03-28 11:37:30,025 - INFO - Training completed in 11.38 seconds
2025-03-28 11:37:30,025 - INFO - Final training loss: 0.1529
2025-03-28 11:37:30,025 - INFO - Final validation loss: 0.6292
2025-03-28 11:37:30,026 - INFO - Evaluating predictions for Kandivali
2025-03-28 11:37:30,027 - INFO - Preparing sequences from data with shape: (956, 4)
2025-03-28 11:37:30,040 - INFO - Creating 927 sequences...
2025-03-28 11:37:30,042 - INFO - Sequence preparation completed. X shape: (927, 24, 35), y shape: (927, 6)
2025-03-28 11:37:30,043 - INFO - Sequence preparation took 0.02 seconds
2025-03-28 11:37:30,537 - INFO - Evaluation completed in 0.51 seconds
2025-03-28 11:37:30,537 - INFO - Evaluation metrics - MAE: 18.63, RMSE: 21.16
2025-03-28 11:37:30,538 - INFO - Generating prediction plots for Kandivali
2025-03-28 11:37:31,100 - INFO - Saved prediction plot to predictions/lstm_prediction_Kandivali.png
2025-03-28 11:37:31,479 - INFO - Saved error distribution plot to predictions/lstm_error_distribution_Kandivali.png
2025-03-28 11:37:31,479 - INFO - 
Final Evaluation Results:
2025-03-28 11:37:31,480 - INFO - MAE: 18.63
2025-03-28 11:37:31,480 - INFO - RMSE: 21.16
2025-03-28 11:37:31,480 - INFO - Initializing LSTM Predictor for Kurla
2025-03-28 11:37:31,480 - INFO - Sequence length: 24, Prediction horizon: 6
2025-03-28 11:37:31,481 - INFO - Loading cleaned data from cleaned_data\Kurla_spatial_average.csv
2025-03-28 11:37:31,490 - INFO - Loaded cleaned data with shape: (5400, 4)
2025-03-28 11:37:31,490 - INFO - Features selected: ['PM10', 'RH', 'AT']
2025-03-28 11:37:31,490 - INFO - Starting model training with 4320 samples
2025-03-28 11:37:31,490 - INFO - Training parameters - epochs: 150, batch_size: 64, validation_split: 0.2
2025-03-28 11:37:31,490 - INFO - Preparing sequences from data with shape: (4320, 4)
2025-03-28 11:37:31,504 - INFO - Creating 4291 sequences...
2025-03-28 11:37:31,512 - INFO - Sequence preparation completed. X shape: (4291, 24, 35), y shape: (4291, 6)
2025-03-28 11:37:31,512 - INFO - Sequence preparation took 0.02 seconds
2025-03-28 11:37:31,512 - INFO - Building LSTM model with attention, input shape: (24, 35)
2025-03-28 11:37:31,558 - INFO - Model architecture:
2025-03-28 11:37:34,339 - INFO - Epoch 1 - loss: 0.6715 - mae: 0.5588 - val_loss: 0.6520 - val_mae: 0.6231
2025-03-28 11:37:34,833 - INFO - Epoch 2 - loss: 0.5171 - mae: 0.4658 - val_loss: 0.6503 - val_mae: 0.6231
2025-03-28 11:37:35,267 - INFO - Epoch 3 - loss: 0.4628 - mae: 0.4322 - val_loss: 0.6854 - val_mae: 0.6497
2025-03-28 11:37:35,742 - INFO - Epoch 4 - loss: 0.4444 - mae: 0.4225 - val_loss: 0.5673 - val_mae: 0.5488
2025-03-28 11:37:36,250 - INFO - Epoch 5 - loss: 0.4076 - mae: 0.3996 - val_loss: 0.7298 - val_mae: 0.6689
2025-03-28 11:37:36,693 - INFO - Epoch 6 - loss: 0.3896 - mae: 0.3887 - val_loss: 0.6365 - val_mae: 0.6005
2025-03-28 11:37:37,165 - INFO - Epoch 7 - loss: 0.3726 - mae: 0.3785 - val_loss: 0.5797 - val_mae: 0.5569
2025-03-28 11:37:37,605 - INFO - Epoch 8 - loss: 0.3617 - mae: 0.3707 - val_loss: 0.6087 - val_mae: 0.5801
2025-03-28 11:37:38,047 - INFO - Epoch 9 - loss: 0.3555 - mae: 0.3665 - val_loss: 0.6991 - val_mae: 0.6567
2025-03-28 11:37:38,499 - INFO - Epoch 10 - loss: 0.3427 - mae: 0.3586 - val_loss: 0.5830 - val_mae: 0.5734
2025-03-28 11:37:38,927 - INFO - Epoch 11 - loss: 0.3332 - mae: 0.3495 - val_loss: 0.6645 - val_mae: 0.6337
2025-03-28 11:37:39,355 - INFO - Epoch 12 - loss: 0.3222 - mae: 0.3458 - val_loss: 0.6935 - val_mae: 0.6508
2025-03-28 11:37:39,787 - INFO - Epoch 13 - loss: 0.3180 - mae: 0.3412 - val_loss: 0.6037 - val_mae: 0.5841
2025-03-28 11:37:40,239 - INFO - Epoch 14 - loss: 0.3113 - mae: 0.3332 - val_loss: 0.6445 - val_mae: 0.6174
2025-03-28 11:37:40,699 - INFO - Epoch 15 - loss: 0.3031 - mae: 0.3283 - val_loss: 0.6281 - val_mae: 0.6004
2025-03-28 11:37:41,172 - INFO - Epoch 16 - loss: 0.2966 - mae: 0.3270 - val_loss: 0.6469 - val_mae: 0.6205
2025-03-28 11:37:41,664 - INFO - Epoch 17 - loss: 0.2928 - mae: 0.3236 - val_loss: 0.6061 - val_mae: 0.5855
2025-03-28 11:37:42,164 - INFO - Epoch 18 - loss: 0.2950 - mae: 0.3230 - val_loss: 0.6417 - val_mae: 0.6146
2025-03-28 11:37:42,619 - INFO - Epoch 19 - loss: 0.2888 - mae: 0.3171 - val_loss: 0.5761 - val_mae: 0.5570
2025-03-28 11:37:43,079 - INFO - Epoch 20 - loss: 0.2848 - mae: 0.3167 - val_loss: 0.6193 - val_mae: 0.5974
2025-03-28 11:37:43,527 - INFO - Epoch 21 - loss: 0.2914 - mae: 0.3166 - val_loss: 0.6746 - val_mae: 0.6426
2025-03-28 11:37:43,965 - INFO - Epoch 22 - loss: 0.2888 - mae: 0.3156 - val_loss: 0.6174 - val_mae: 0.5972
2025-03-28 11:37:44,439 - INFO - Epoch 23 - loss: 0.2848 - mae: 0.3127 - val_loss: 0.6844 - val_mae: 0.6487
2025-03-28 11:37:44,876 - INFO - Epoch 24 - loss: 0.2781 - mae: 0.3104 - val_loss: 0.6950 - val_mae: 0.6589
2025-03-28 11:37:44,883 - INFO - Training completed in 13.39 seconds
2025-03-28 11:37:44,883 - INFO - Final training loss: 0.2781
2025-03-28 11:37:44,883 - INFO - Final validation loss: 0.6950
2025-03-28 11:37:44,884 - INFO - Evaluating predictions for Kurla
2025-03-28 11:37:44,884 - INFO - Preparing sequences from data with shape: (1080, 4)
2025-03-28 11:37:44,894 - INFO - Creating 1051 sequences...
2025-03-28 11:37:44,896 - INFO - Sequence preparation completed. X shape: (1051, 24, 35), y shape: (1051, 6)
2025-03-28 11:37:44,896 - INFO - Sequence preparation took 0.01 seconds
2025-03-28 11:37:45,385 - INFO - Evaluation completed in 0.50 seconds
2025-03-28 11:37:45,385 - INFO - Evaluation metrics - MAE: 29.42, RMSE: 36.06
2025-03-28 11:37:45,386 - INFO - Generating prediction plots for Kurla
2025-03-28 11:37:45,918 - INFO - Saved prediction plot to predictions/lstm_prediction_Kurla.png
2025-03-28 11:37:46,853 - INFO - Saved error distribution plot to predictions/lstm_error_distribution_Kurla.png
2025-03-28 11:37:46,854 - INFO - 
Final Evaluation Results:
2025-03-28 11:37:46,855 - INFO - MAE: 29.42
2025-03-28 11:37:46,855 - INFO - RMSE: 36.06
2025-03-28 11:37:46,855 - INFO - Initializing LSTM Predictor for Mahape
2025-03-28 11:37:46,855 - INFO - Sequence length: 24, Prediction horizon: 6
2025-03-28 11:37:46,855 - INFO - Loading cleaned data from cleaned_data\Mahape_spatial_average.csv
2025-03-28 11:37:46,865 - INFO - Loaded cleaned data with shape: (5295, 4)
2025-03-28 11:37:46,865 - INFO - Features selected: ['PM10', 'RH', 'AT']
2025-03-28 11:37:46,865 - INFO - Starting model training with 4236 samples
2025-03-28 11:37:46,865 - INFO - Training parameters - epochs: 150, batch_size: 64, validation_split: 0.2
2025-03-28 11:37:46,865 - INFO - Preparing sequences from data with shape: (4236, 4)
2025-03-28 11:37:46,880 - INFO - Creating 4207 sequences...
2025-03-28 11:37:46,889 - INFO - Sequence preparation completed. X shape: (4207, 24, 35), y shape: (4207, 6)
2025-03-28 11:37:46,890 - INFO - Sequence preparation took 0.02 seconds
2025-03-28 11:37:46,890 - INFO - Building LSTM model with attention, input shape: (24, 35)
2025-03-28 11:37:46,945 - INFO - Model architecture:
2025-03-28 11:37:49,782 - INFO - Epoch 1 - loss: 0.7643 - mae: 0.5998 - val_loss: 0.6769 - val_mae: 0.7415
2025-03-28 11:37:50,245 - INFO - Epoch 2 - loss: 0.5087 - mae: 0.4904 - val_loss: 0.3710 - val_mae: 0.5308
2025-03-28 11:37:50,705 - INFO - Epoch 3 - loss: 0.3871 - mae: 0.4378 - val_loss: 0.2482 - val_mae: 0.4144
2025-03-28 11:37:51,121 - INFO - Epoch 4 - loss: 0.3458 - mae: 0.4170 - val_loss: 0.2916 - val_mae: 0.4446
2025-03-28 11:37:51,580 - INFO - Epoch 5 - loss: 0.3139 - mae: 0.3950 - val_loss: 0.2209 - val_mae: 0.3702
2025-03-28 11:37:52,023 - INFO - Epoch 6 - loss: 0.2845 - mae: 0.3790 - val_loss: 0.3660 - val_mae: 0.5089
2025-03-28 11:37:52,469 - INFO - Epoch 7 - loss: 0.2655 - mae: 0.3616 - val_loss: 0.5497 - val_mae: 0.6380
2025-03-28 11:37:52,933 - INFO - Epoch 8 - loss: 0.2782 - mae: 0.3593 - val_loss: 0.4437 - val_mae: 0.5597
2025-03-28 11:37:53,361 - INFO - Epoch 9 - loss: 0.2344 - mae: 0.3422 - val_loss: 0.3666 - val_mae: 0.4942
2025-03-28 11:37:53,830 - INFO - Epoch 10 - loss: 0.2218 - mae: 0.3351 - val_loss: 0.4130 - val_mae: 0.5360
2025-03-28 11:37:54,290 - INFO - Epoch 11 - loss: 0.2044 - mae: 0.3309 - val_loss: 0.5050 - val_mae: 0.5997
2025-03-28 11:37:54,711 - INFO - Epoch 12 - loss: 0.1974 - mae: 0.3217 - val_loss: 0.2888 - val_mae: 0.4322
2025-03-28 11:37:55,116 - INFO - Epoch 13 - loss: 0.2057 - mae: 0.3196 - val_loss: 0.3664 - val_mae: 0.4993
2025-03-28 11:37:55,525 - INFO - Epoch 14 - loss: 0.1901 - mae: 0.3105 - val_loss: 0.3159 - val_mae: 0.4346
2025-03-28 11:37:55,928 - INFO - Epoch 15 - loss: 0.1876 - mae: 0.3119 - val_loss: 0.4195 - val_mae: 0.5283
2025-03-28 11:37:56,360 - INFO - Epoch 16 - loss: 0.1752 - mae: 0.2988 - val_loss: 0.5178 - val_mae: 0.5962
2025-03-28 11:37:56,772 - INFO - Epoch 17 - loss: 0.1598 - mae: 0.2899 - val_loss: 0.5042 - val_mae: 0.5877
2025-03-28 11:37:57,176 - INFO - Epoch 18 - loss: 0.1734 - mae: 0.2913 - val_loss: 0.5332 - val_mae: 0.6005
2025-03-28 11:37:57,582 - INFO - Epoch 19 - loss: 0.1643 - mae: 0.2873 - val_loss: 0.4883 - val_mae: 0.5694
2025-03-28 11:37:57,997 - INFO - Epoch 20 - loss: 0.1721 - mae: 0.2903 - val_loss: 0.5079 - val_mae: 0.5909
2025-03-28 11:37:58,413 - INFO - Epoch 21 - loss: 0.1585 - mae: 0.2862 - val_loss: 0.5395 - val_mae: 0.6221
2025-03-28 11:37:58,823 - INFO - Epoch 22 - loss: 0.1579 - mae: 0.2833 - val_loss: 0.5378 - val_mae: 0.6162
2025-03-28 11:37:59,236 - INFO - Epoch 23 - loss: 0.1597 - mae: 0.2849 - val_loss: 0.6126 - val_mae: 0.6562
2025-03-28 11:37:59,655 - INFO - Epoch 24 - loss: 0.1521 - mae: 0.2816 - val_loss: 0.5858 - val_mae: 0.6384
2025-03-28 11:38:00,083 - INFO - Epoch 25 - loss: 0.1548 - mae: 0.2782 - val_loss: 0.5948 - val_mae: 0.6513
2025-03-28 11:38:00,090 - INFO - Training completed in 13.22 seconds
2025-03-28 11:38:00,090 - INFO - Final training loss: 0.1548
2025-03-28 11:38:00,090 - INFO - Final validation loss: 0.5948
2025-03-28 11:38:00,091 - INFO - Evaluating predictions for Mahape
2025-03-28 11:38:00,091 - INFO - Preparing sequences from data with shape: (1059, 4)
2025-03-28 11:38:00,101 - INFO - Creating 1030 sequences...
2025-03-28 11:38:00,103 - INFO - Sequence preparation completed. X shape: (1030, 24, 35), y shape: (1030, 6)
2025-03-28 11:38:00,103 - INFO - Sequence preparation took 0.01 seconds
2025-03-28 11:38:00,587 - INFO - Evaluation completed in 0.50 seconds
2025-03-28 11:38:00,587 - INFO - Evaluation metrics - MAE: 22.17, RMSE: 25.05
2025-03-28 11:38:00,588 - INFO - Generating prediction plots for Mahape
2025-03-28 11:38:01,131 - INFO - Saved prediction plot to predictions/lstm_prediction_Mahape.png
2025-03-28 11:38:01,520 - INFO - Saved error distribution plot to predictions/lstm_error_distribution_Mahape.png
2025-03-28 11:38:01,521 - INFO - 
Final Evaluation Results:
2025-03-28 11:38:01,521 - INFO - MAE: 22.17
2025-03-28 11:38:01,521 - INFO - RMSE: 25.05
2025-03-28 11:38:01,521 - INFO - Initializing LSTM Predictor for Mulund
2025-03-28 11:38:01,521 - INFO - Sequence length: 24, Prediction horizon: 6
2025-03-28 11:38:01,522 - INFO - Loading cleaned data from cleaned_data\Mulund_spatial_average.csv
2025-03-28 11:38:01,531 - INFO - Loaded cleaned data with shape: (5400, 4)
2025-03-28 11:38:01,531 - INFO - Features selected: ['PM10', 'RH', 'AT']
2025-03-28 11:38:01,531 - INFO - Starting model training with 4320 samples
2025-03-28 11:38:01,531 - INFO - Training parameters - epochs: 150, batch_size: 64, validation_split: 0.2
2025-03-28 11:38:01,532 - INFO - Preparing sequences from data with shape: (4320, 4)
2025-03-28 11:38:01,545 - INFO - Creating 4291 sequences...
2025-03-28 11:38:01,553 - INFO - Sequence preparation completed. X shape: (4291, 24, 35), y shape: (4291, 6)
2025-03-28 11:38:01,553 - INFO - Sequence preparation took 0.02 seconds
2025-03-28 11:38:01,554 - INFO - Building LSTM model with attention, input shape: (24, 35)
2025-03-28 11:38:01,600 - INFO - Model architecture:
2025-03-28 11:38:04,309 - INFO - Epoch 1 - loss: 0.5692 - mae: 0.5786 - val_loss: 0.6143 - val_mae: 0.6787
2025-03-28 11:38:04,763 - INFO - Epoch 2 - loss: 0.4071 - mae: 0.4812 - val_loss: 0.5966 - val_mae: 0.6722
2025-03-28 11:38:05,183 - INFO - Epoch 3 - loss: 0.3368 - mae: 0.4320 - val_loss: 0.7221 - val_mae: 0.7475
2025-03-28 11:38:05,627 - INFO - Epoch 4 - loss: 0.3025 - mae: 0.4115 - val_loss: 0.8339 - val_mae: 0.8179
2025-03-28 11:38:06,055 - INFO - Epoch 5 - loss: 0.2770 - mae: 0.3908 - val_loss: 0.6209 - val_mae: 0.6716
2025-03-28 11:38:06,481 - INFO - Epoch 6 - loss: 0.2461 - mae: 0.3673 - val_loss: 0.9249 - val_mae: 0.8572
2025-03-28 11:38:06,908 - INFO - Epoch 7 - loss: 0.2315 - mae: 0.3579 - val_loss: 0.7831 - val_mae: 0.7766
2025-03-28 11:38:07,337 - INFO - Epoch 8 - loss: 0.2204 - mae: 0.3490 - val_loss: 0.8660 - val_mae: 0.8196
2025-03-28 11:38:07,745 - INFO - Epoch 9 - loss: 0.2078 - mae: 0.3378 - val_loss: 0.9780 - val_mae: 0.8779
2025-03-28 11:38:08,158 - INFO - Epoch 10 - loss: 0.1958 - mae: 0.3282 - val_loss: 0.9806 - val_mae: 0.8726
2025-03-28 11:38:08,577 - INFO - Epoch 11 - loss: 0.1912 - mae: 0.3231 - val_loss: 1.0881 - val_mae: 0.9290
2025-03-28 11:38:08,995 - INFO - Epoch 12 - loss: 0.1801 - mae: 0.3131 - val_loss: 1.0985 - val_mae: 0.9181
2025-03-28 11:38:09,435 - INFO - Epoch 13 - loss: 0.1665 - mae: 0.3014 - val_loss: 0.9104 - val_mae: 0.8256
2025-03-28 11:38:09,840 - INFO - Epoch 14 - loss: 0.1591 - mae: 0.2941 - val_loss: 0.9765 - val_mae: 0.8582
2025-03-28 11:38:10,252 - INFO - Epoch 15 - loss: 0.1590 - mae: 0.2937 - val_loss: 0.9378 - val_mae: 0.8283
2025-03-28 11:38:10,666 - INFO - Epoch 16 - loss: 0.1552 - mae: 0.2901 - val_loss: 1.0372 - val_mae: 0.8773
2025-03-28 11:38:11,105 - INFO - Epoch 17 - loss: 0.1516 - mae: 0.2858 - val_loss: 0.9848 - val_mae: 0.8432
2025-03-28 11:38:11,552 - INFO - Epoch 18 - loss: 0.1497 - mae: 0.2858 - val_loss: 1.0238 - val_mae: 0.8708
2025-03-28 11:38:11,992 - INFO - Epoch 19 - loss: 0.1466 - mae: 0.2805 - val_loss: 1.0302 - val_mae: 0.8705
2025-03-28 11:38:12,418 - INFO - Epoch 20 - loss: 0.1456 - mae: 0.2795 - val_loss: 0.9827 - val_mae: 0.8576
2025-03-28 11:38:12,833 - INFO - Epoch 21 - loss: 0.1405 - mae: 0.2754 - val_loss: 1.0519 - val_mae: 0.8835
2025-03-28 11:38:13,253 - INFO - Epoch 22 - loss: 0.1440 - mae: 0.2778 - val_loss: 1.1667 - val_mae: 0.9418
2025-03-28 11:38:13,259 - INFO - Training completed in 11.73 seconds
2025-03-28 11:38:13,260 - INFO - Final training loss: 0.1440
2025-03-28 11:38:13,260 - INFO - Final validation loss: 1.1667
2025-03-28 11:38:13,261 - INFO - Evaluating predictions for Mulund
2025-03-28 11:38:13,261 - INFO - Preparing sequences from data with shape: (1080, 4)
2025-03-28 11:38:13,271 - INFO - Creating 1051 sequences...
2025-03-28 11:38:13,273 - INFO - Sequence preparation completed. X shape: (1051, 24, 35), y shape: (1051, 6)
2025-03-28 11:38:13,273 - INFO - Sequence preparation took 0.01 seconds
2025-03-28 11:38:13,728 - INFO - Evaluation completed in 0.47 seconds
2025-03-28 11:38:13,728 - INFO - Evaluation metrics - MAE: 28.09, RMSE: 29.47
2025-03-28 11:38:13,729 - INFO - Generating prediction plots for Mulund
2025-03-28 11:38:14,280 - INFO - Saved prediction plot to predictions/lstm_prediction_Mulund.png
2025-03-28 11:38:14,662 - INFO - Saved error distribution plot to predictions/lstm_error_distribution_Mulund.png
2025-03-28 11:38:14,663 - INFO - 
Final Evaluation Results:
2025-03-28 11:38:14,663 - INFO - MAE: 28.09
2025-03-28 11:38:14,663 - INFO - RMSE: 29.47
2025-03-28 11:38:14,663 - INFO - Initializing LSTM Predictor for Nerul
2025-03-28 11:38:14,663 - INFO - Sequence length: 24, Prediction horizon: 6
2025-03-28 11:38:14,664 - INFO - Loading cleaned data from cleaned_data\Nerul_spatial_average.csv
2025-03-28 11:38:14,673 - INFO - Loaded cleaned data with shape: (5280, 4)
2025-03-28 11:38:14,673 - INFO - Features selected: ['PM10', 'RH', 'AT']
2025-03-28 11:38:14,673 - INFO - Starting model training with 4224 samples
2025-03-28 11:38:14,674 - INFO - Training parameters - epochs: 150, batch_size: 64, validation_split: 0.2
2025-03-28 11:38:14,674 - INFO - Preparing sequences from data with shape: (4224, 4)
2025-03-28 11:38:14,687 - INFO - Creating 4195 sequences...
2025-03-28 11:38:14,695 - INFO - Sequence preparation completed. X shape: (4195, 24, 35), y shape: (4195, 6)
2025-03-28 11:38:14,695 - INFO - Sequence preparation took 0.02 seconds
2025-03-28 11:38:14,695 - INFO - Building LSTM model with attention, input shape: (24, 35)
2025-03-28 11:38:14,740 - INFO - Model architecture:
2025-03-28 11:38:17,820 - INFO - Epoch 1 - loss: 0.6957 - mae: 0.6506 - val_loss: 0.5903 - val_mae: 0.6696
2025-03-28 11:38:18,300 - INFO - Epoch 2 - loss: 0.4552 - mae: 0.5144 - val_loss: 0.2703 - val_mae: 0.3958
2025-03-28 11:38:18,721 - INFO - Epoch 3 - loss: 0.3548 - mae: 0.4476 - val_loss: 0.3155 - val_mae: 0.4547
2025-03-28 11:38:19,160 - INFO - Epoch 4 - loss: 0.2860 - mae: 0.4037 - val_loss: 0.2601 - val_mae: 0.4028
2025-03-28 11:38:19,571 - INFO - Epoch 5 - loss: 0.2634 - mae: 0.3877 - val_loss: 0.3100 - val_mae: 0.4478
2025-03-28 11:38:20,039 - INFO - Epoch 6 - loss: 0.2304 - mae: 0.3634 - val_loss: 0.2581 - val_mae: 0.3859
2025-03-28 11:38:20,444 - INFO - Epoch 7 - loss: 0.2189 - mae: 0.3548 - val_loss: 0.3008 - val_mae: 0.4426
2025-03-28 11:38:20,850 - INFO - Epoch 8 - loss: 0.2074 - mae: 0.3464 - val_loss: 0.2595 - val_mae: 0.3882
2025-03-28 11:38:21,262 - INFO - Epoch 9 - loss: 0.1982 - mae: 0.3366 - val_loss: 0.4248 - val_mae: 0.5510
2025-03-28 11:38:21,665 - INFO - Epoch 10 - loss: 0.1936 - mae: 0.3307 - val_loss: 0.2684 - val_mae: 0.3937
2025-03-28 11:38:22,090 - INFO - Epoch 11 - loss: 0.1803 - mae: 0.3244 - val_loss: 0.2888 - val_mae: 0.4330
2025-03-28 11:38:22,506 - INFO - Epoch 12 - loss: 0.1721 - mae: 0.3145 - val_loss: 0.2669 - val_mae: 0.4091
2025-03-28 11:38:22,912 - INFO - Epoch 13 - loss: 0.1710 - mae: 0.3129 - val_loss: 0.3271 - val_mae: 0.4703
2025-03-28 11:38:23,314 - INFO - Epoch 14 - loss: 0.1649 - mae: 0.3079 - val_loss: 0.2688 - val_mae: 0.3995
2025-03-28 11:38:23,767 - INFO - Epoch 15 - loss: 0.1545 - mae: 0.2975 - val_loss: 0.3433 - val_mae: 0.4837
2025-03-28 11:38:24,204 - INFO - Epoch 16 - loss: 0.1535 - mae: 0.2972 - val_loss: 0.3479 - val_mae: 0.4792
2025-03-28 11:38:24,627 - INFO - Epoch 17 - loss: 0.1444 - mae: 0.2884 - val_loss: 0.2984 - val_mae: 0.4283
2025-03-28 11:38:25,048 - INFO - Epoch 18 - loss: 0.1377 - mae: 0.2814 - val_loss: 0.3184 - val_mae: 0.4502
2025-03-28 11:38:25,452 - INFO - Epoch 19 - loss: 0.1353 - mae: 0.2790 - val_loss: 0.3414 - val_mae: 0.4761
2025-03-28 11:38:25,851 - INFO - Epoch 20 - loss: 0.1329 - mae: 0.2768 - val_loss: 0.3550 - val_mae: 0.4883
2025-03-28 11:38:26,268 - INFO - Epoch 21 - loss: 0.1332 - mae: 0.2756 - val_loss: 0.3642 - val_mae: 0.4967
2025-03-28 11:38:26,685 - INFO - Epoch 22 - loss: 0.1362 - mae: 0.2780 - val_loss: 0.3248 - val_mae: 0.4534
2025-03-28 11:38:27,089 - INFO - Epoch 23 - loss: 0.1322 - mae: 0.2742 - val_loss: 0.3652 - val_mae: 0.4923
2025-03-28 11:38:27,498 - INFO - Epoch 24 - loss: 0.1295 - mae: 0.2717 - val_loss: 0.3854 - val_mae: 0.5170
2025-03-28 11:38:27,902 - INFO - Epoch 25 - loss: 0.1276 - mae: 0.2695 - val_loss: 0.3676 - val_mae: 0.4942
2025-03-28 11:38:28,308 - INFO - Epoch 26 - loss: 0.1268 - mae: 0.2693 - val_loss: 0.4119 - val_mae: 0.5374
2025-03-28 11:38:28,315 - INFO - Training completed in 13.64 seconds
2025-03-28 11:38:28,315 - INFO - Final training loss: 0.1268
2025-03-28 11:38:28,315 - INFO - Final validation loss: 0.4119
2025-03-28 11:38:28,316 - INFO - Evaluating predictions for Nerul
2025-03-28 11:38:28,317 - INFO - Preparing sequences from data with shape: (1056, 4)
2025-03-28 11:38:28,327 - INFO - Creating 1027 sequences...
2025-03-28 11:38:28,329 - INFO - Sequence preparation completed. X shape: (1027, 24, 35), y shape: (1027, 6)
2025-03-28 11:38:28,329 - INFO - Sequence preparation took 0.01 seconds
2025-03-28 11:38:28,783 - INFO - Evaluation completed in 0.47 seconds
2025-03-28 11:38:28,783 - INFO - Evaluation metrics - MAE: 30.10, RMSE: 32.68
2025-03-28 11:38:28,783 - INFO - Generating prediction plots for Nerul
2025-03-28 11:38:29,320 - INFO - Saved prediction plot to predictions/lstm_prediction_Nerul.png
2025-03-28 11:38:29,709 - INFO - Saved error distribution plot to predictions/lstm_error_distribution_Nerul.png
2025-03-28 11:38:29,710 - INFO - 
Final Evaluation Results:
2025-03-28 11:38:29,710 - INFO - MAE: 30.10
2025-03-28 11:38:29,710 - INFO - RMSE: 32.68
2025-03-28 11:38:29,710 - INFO - Initializing LSTM Predictor for Powai
2025-03-28 11:38:29,710 - INFO - Sequence length: 24, Prediction horizon: 6
2025-03-28 11:38:29,711 - INFO - Loading cleaned data from cleaned_data\Powai_spatial_average.csv
2025-03-28 11:38:29,720 - INFO - Loaded cleaned data with shape: (5400, 4)
2025-03-28 11:38:29,720 - INFO - Features selected: ['PM10', 'RH', 'AT']
2025-03-28 11:38:29,720 - INFO - Starting model training with 4320 samples
2025-03-28 11:38:29,720 - INFO - Training parameters - epochs: 150, batch_size: 64, validation_split: 0.2
2025-03-28 11:38:29,720 - INFO - Preparing sequences from data with shape: (4320, 4)
2025-03-28 11:38:29,734 - INFO - Creating 4291 sequences...
2025-03-28 11:38:29,742 - INFO - Sequence preparation completed. X shape: (4291, 24, 35), y shape: (4291, 6)
2025-03-28 11:38:29,742 - INFO - Sequence preparation took 0.02 seconds
2025-03-28 11:38:29,742 - INFO - Building LSTM model with attention, input shape: (24, 35)
2025-03-28 11:38:29,787 - INFO - Model architecture:
2025-03-28 11:38:32,500 - INFO - Epoch 1 - loss: 0.7405 - mae: 0.6456 - val_loss: 0.6313 - val_mae: 0.7085
2025-03-28 11:38:32,967 - INFO - Epoch 2 - loss: 0.4507 - mae: 0.5141 - val_loss: 0.5688 - val_mae: 0.6642
2025-03-28 11:38:33,381 - INFO - Epoch 3 - loss: 0.3782 - mae: 0.4715 - val_loss: 0.6521 - val_mae: 0.7177
2025-03-28 11:38:33,796 - INFO - Epoch 4 - loss: 0.3306 - mae: 0.4405 - val_loss: 0.6300 - val_mae: 0.6951
2025-03-28 11:38:34,209 - INFO - Epoch 5 - loss: 0.3029 - mae: 0.4203 - val_loss: 0.7710 - val_mae: 0.7624
2025-03-28 11:38:34,620 - INFO - Epoch 6 - loss: 0.2750 - mae: 0.4027 - val_loss: 0.6214 - val_mae: 0.6770
2025-03-28 11:38:35,055 - INFO - Epoch 7 - loss: 0.2650 - mae: 0.3949 - val_loss: 0.6209 - val_mae: 0.6789
2025-03-28 11:38:35,503 - INFO - Epoch 8 - loss: 0.2475 - mae: 0.3811 - val_loss: 0.5583 - val_mae: 0.6277
2025-03-28 11:38:35,913 - INFO - Epoch 9 - loss: 0.2366 - mae: 0.3733 - val_loss: 0.5825 - val_mae: 0.6427
2025-03-28 11:38:36,330 - INFO - Epoch 10 - loss: 0.2258 - mae: 0.3625 - val_loss: 0.5677 - val_mae: 0.6222
2025-03-28 11:38:36,796 - INFO - Epoch 11 - loss: 0.2141 - mae: 0.3534 - val_loss: 0.5568 - val_mae: 0.6152
2025-03-28 11:38:37,255 - INFO - Epoch 12 - loss: 0.2089 - mae: 0.3502 - val_loss: 0.5648 - val_mae: 0.6227
2025-03-28 11:38:37,700 - INFO - Epoch 13 - loss: 0.1985 - mae: 0.3404 - val_loss: 0.5737 - val_mae: 0.6088
2025-03-28 11:38:38,114 - INFO - Epoch 14 - loss: 0.1982 - mae: 0.3393 - val_loss: 0.7150 - val_mae: 0.7251
2025-03-28 11:38:38,524 - INFO - Epoch 15 - loss: 0.1903 - mae: 0.3318 - val_loss: 0.5916 - val_mae: 0.6418
2025-03-28 11:38:38,942 - INFO - Epoch 16 - loss: 0.1878 - mae: 0.3301 - val_loss: 0.6556 - val_mae: 0.6806
2025-03-28 11:38:39,376 - INFO - Epoch 17 - loss: 0.1768 - mae: 0.3208 - val_loss: 0.6051 - val_mae: 0.6399
2025-03-28 11:38:39,791 - INFO - Epoch 18 - loss: 0.1769 - mae: 0.3205 - val_loss: 0.6639 - val_mae: 0.6774
2025-03-28 11:38:40,213 - INFO - Epoch 19 - loss: 0.1722 - mae: 0.3143 - val_loss: 0.6403 - val_mae: 0.6597
2025-03-28 11:38:40,619 - INFO - Epoch 20 - loss: 0.1707 - mae: 0.3121 - val_loss: 0.7085 - val_mae: 0.7003
2025-03-28 11:38:41,027 - INFO - Epoch 21 - loss: 0.1641 - mae: 0.3087 - val_loss: 0.5657 - val_mae: 0.6114
2025-03-28 11:38:41,459 - INFO - Epoch 22 - loss: 0.1597 - mae: 0.3035 - val_loss: 0.6267 - val_mae: 0.6489
2025-03-28 11:38:41,877 - INFO - Epoch 23 - loss: 0.1502 - mae: 0.2949 - val_loss: 0.6455 - val_mae: 0.6627
2025-03-28 11:38:42,283 - INFO - Epoch 24 - loss: 0.1542 - mae: 0.2970 - val_loss: 0.5982 - val_mae: 0.6270
2025-03-28 11:38:42,703 - INFO - Epoch 25 - loss: 0.1485 - mae: 0.2919 - val_loss: 0.6703 - val_mae: 0.6763
2025-03-28 11:38:43,113 - INFO - Epoch 26 - loss: 0.1480 - mae: 0.2933 - val_loss: 0.6545 - val_mae: 0.6663
2025-03-28 11:38:43,534 - INFO - Epoch 27 - loss: 0.1476 - mae: 0.2920 - val_loss: 0.7428 - val_mae: 0.7217
2025-03-28 11:38:43,965 - INFO - Epoch 28 - loss: 0.1478 - mae: 0.2906 - val_loss: 0.6927 - val_mae: 0.6907
2025-03-28 11:38:44,373 - INFO - Epoch 29 - loss: 0.1458 - mae: 0.2902 - val_loss: 0.6590 - val_mae: 0.6734
2025-03-28 11:38:44,788 - INFO - Epoch 30 - loss: 0.1440 - mae: 0.2885 - val_loss: 0.7283 - val_mae: 0.7130
2025-03-28 11:38:45,211 - INFO - Epoch 31 - loss: 0.1462 - mae: 0.2900 - val_loss: 0.7249 - val_mae: 0.7150
2025-03-28 11:38:45,217 - INFO - Training completed in 15.50 seconds
2025-03-28 11:38:45,217 - INFO - Final training loss: 0.1462
2025-03-28 11:38:45,217 - INFO - Final validation loss: 0.7249
2025-03-28 11:38:45,218 - INFO - Evaluating predictions for Powai
2025-03-28 11:38:45,219 - INFO - Preparing sequences from data with shape: (1080, 4)
2025-03-28 11:38:45,227 - INFO - Creating 1051 sequences...
2025-03-28 11:38:45,230 - INFO - Sequence preparation completed. X shape: (1051, 24, 35), y shape: (1051, 6)
2025-03-28 11:38:45,230 - INFO - Sequence preparation took 0.01 seconds
2025-03-28 11:38:45,678 - INFO - Evaluation completed in 0.46 seconds
2025-03-28 11:38:45,678 - INFO - Evaluation metrics - MAE: 27.86, RMSE: 30.09
2025-03-28 11:38:45,679 - INFO - Generating prediction plots for Powai
2025-03-28 11:38:46,214 - INFO - Saved prediction plot to predictions/lstm_prediction_Powai.png
2025-03-28 11:38:46,595 - INFO - Saved error distribution plot to predictions/lstm_error_distribution_Powai.png
2025-03-28 11:38:46,595 - INFO - 
Final Evaluation Results:
2025-03-28 11:38:46,595 - INFO - MAE: 27.86
2025-03-28 11:38:46,595 - INFO - RMSE: 30.09
2025-03-28 11:38:46,595 - INFO - Initializing LSTM Predictor for Sion
2025-03-28 11:38:46,596 - INFO - Sequence length: 24, Prediction horizon: 6
2025-03-28 11:38:46,597 - INFO - Loading cleaned data from cleaned_data\Sion_spatial_average.csv
2025-03-28 11:38:46,606 - INFO - Loaded cleaned data with shape: (5280, 4)
2025-03-28 11:38:46,606 - INFO - Features selected: ['PM10', 'RH', 'AT']
2025-03-28 11:38:46,606 - INFO - Starting model training with 4224 samples
2025-03-28 11:38:46,606 - INFO - Training parameters - epochs: 150, batch_size: 64, validation_split: 0.2
2025-03-28 11:38:46,606 - INFO - Preparing sequences from data with shape: (4224, 4)
2025-03-28 11:38:46,620 - INFO - Creating 4195 sequences...
2025-03-28 11:38:46,627 - INFO - Sequence preparation completed. X shape: (4195, 24, 35), y shape: (4195, 6)
2025-03-28 11:38:46,627 - INFO - Sequence preparation took 0.02 seconds
2025-03-28 11:38:46,628 - INFO - Building LSTM model with attention, input shape: (24, 35)
2025-03-28 11:38:46,673 - INFO - Model architecture:
2025-03-28 11:38:49,439 - INFO - Epoch 1 - loss: 0.6681 - mae: 0.6087 - val_loss: 0.4438 - val_mae: 0.5234
2025-03-28 11:38:49,851 - INFO - Epoch 2 - loss: 0.4504 - mae: 0.4966 - val_loss: 0.7675 - val_mae: 0.7675
2025-03-28 11:38:50,315 - INFO - Epoch 3 - loss: 0.3689 - mae: 0.4479 - val_loss: 0.5294 - val_mae: 0.6138
2025-03-28 11:38:50,731 - INFO - Epoch 4 - loss: 0.3398 - mae: 0.4291 - val_loss: 0.7768 - val_mae: 0.7765
2025-03-28 11:38:51,145 - INFO - Epoch 5 - loss: 0.2977 - mae: 0.4014 - val_loss: 0.8342 - val_mae: 0.8026
2025-03-28 11:38:51,571 - INFO - Epoch 6 - loss: 0.2827 - mae: 0.3916 - val_loss: 0.8907 - val_mae: 0.8259
2025-03-28 11:38:51,974 - INFO - Epoch 7 - loss: 0.2640 - mae: 0.3801 - val_loss: 0.7552 - val_mae: 0.7558
2025-03-28 11:38:52,418 - INFO - Epoch 8 - loss: 0.2459 - mae: 0.3662 - val_loss: 0.9522 - val_mae: 0.8613
2025-03-28 11:38:52,827 - INFO - Epoch 9 - loss: 0.2300 - mae: 0.3524 - val_loss: 1.2414 - val_mae: 0.9957
2025-03-28 11:38:53,250 - INFO - Epoch 10 - loss: 0.2230 - mae: 0.3468 - val_loss: 1.1228 - val_mae: 0.9356
2025-03-28 11:38:53,677 - INFO - Epoch 11 - loss: 0.2147 - mae: 0.3414 - val_loss: 0.8405 - val_mae: 0.8023
2025-03-28 11:38:54,136 - INFO - Epoch 12 - loss: 0.1988 - mae: 0.3261 - val_loss: 1.0970 - val_mae: 0.9218
2025-03-28 11:38:54,619 - INFO - Epoch 13 - loss: 0.1940 - mae: 0.3222 - val_loss: 1.1499 - val_mae: 0.9504
2025-03-28 11:38:55,027 - INFO - Epoch 14 - loss: 0.1901 - mae: 0.3188 - val_loss: 1.1122 - val_mae: 0.9317
2025-03-28 11:38:55,444 - INFO - Epoch 15 - loss: 0.1826 - mae: 0.3125 - val_loss: 1.1301 - val_mae: 0.9369
2025-03-28 11:38:55,848 - INFO - Epoch 16 - loss: 0.1827 - mae: 0.3122 - val_loss: 1.0912 - val_mae: 0.9191
2025-03-28 11:38:56,256 - INFO - Epoch 17 - loss: 0.1777 - mae: 0.3086 - val_loss: 1.1991 - val_mae: 0.9643
2025-03-28 11:38:56,683 - INFO - Epoch 18 - loss: 0.1784 - mae: 0.3083 - val_loss: 1.2241 - val_mae: 0.9785
2025-03-28 11:38:57,089 - INFO - Epoch 19 - loss: 0.1725 - mae: 0.3035 - val_loss: 1.2046 - val_mae: 0.9767
2025-03-28 11:38:57,495 - INFO - Epoch 20 - loss: 0.1718 - mae: 0.3024 - val_loss: 1.1745 - val_mae: 0.9554
2025-03-28 11:38:57,905 - INFO - Epoch 21 - loss: 0.1714 - mae: 0.3013 - val_loss: 1.1572 - val_mae: 0.9480
2025-03-28 11:38:57,911 - INFO - Training completed in 11.30 seconds
2025-03-28 11:38:57,912 - INFO - Final training loss: 0.1714
2025-03-28 11:38:57,913 - INFO - Final validation loss: 1.1572
2025-03-28 11:38:57,913 - INFO - Evaluating predictions for Sion
2025-03-28 11:38:57,913 - INFO - Preparing sequences from data with shape: (1056, 4)
2025-03-28 11:38:57,923 - INFO - Creating 1027 sequences...
2025-03-28 11:38:57,926 - INFO - Sequence preparation completed. X shape: (1027, 24, 35), y shape: (1027, 6)
2025-03-28 11:38:57,926 - INFO - Sequence preparation took 0.01 seconds
2025-03-28 11:38:58,371 - INFO - Evaluation completed in 0.46 seconds
2025-03-28 11:38:58,372 - INFO - Evaluation metrics - MAE: 20.40, RMSE: 21.36
2025-03-28 11:38:58,372 - INFO - Generating prediction plots for Sion
2025-03-28 11:38:58,902 - INFO - Saved prediction plot to predictions/lstm_prediction_Sion.png
2025-03-28 11:38:59,271 - INFO - Saved error distribution plot to predictions/lstm_error_distribution_Sion.png
2025-03-28 11:38:59,271 - INFO - 
Final Evaluation Results:
2025-03-28 11:38:59,271 - INFO - MAE: 20.40
2025-03-28 11:38:59,271 - INFO - RMSE: 21.36
2025-03-28 11:38:59,271 - INFO - Initializing LSTM Predictor for Vasai
2025-03-28 11:38:59,271 - INFO - Sequence length: 24, Prediction horizon: 6
2025-03-28 11:38:59,272 - INFO - Loading cleaned data from cleaned_data\Vasai_spatial_average.csv
2025-03-28 11:38:59,282 - INFO - Loaded cleaned data with shape: (5400, 4)
2025-03-28 11:38:59,282 - INFO - Features selected: ['PM10', 'RH', 'AT']
2025-03-28 11:38:59,282 - INFO - Starting model training with 4320 samples
2025-03-28 11:38:59,282 - INFO - Training parameters - epochs: 150, batch_size: 64, validation_split: 0.2
2025-03-28 11:38:59,282 - INFO - Preparing sequences from data with shape: (4320, 4)
2025-03-28 11:38:59,295 - INFO - Creating 4291 sequences...
2025-03-28 11:38:59,303 - INFO - Sequence preparation completed. X shape: (4291, 24, 35), y shape: (4291, 6)
2025-03-28 11:38:59,303 - INFO - Sequence preparation took 0.02 seconds
2025-03-28 11:38:59,303 - INFO - Building LSTM model with attention, input shape: (24, 35)
2025-03-28 11:38:59,349 - INFO - Model architecture:
2025-03-28 11:39:02,091 - INFO - Epoch 1 - loss: 0.6300 - mae: 0.6333 - val_loss: 0.5814 - val_mae: 0.6598
2025-03-28 11:39:02,534 - INFO - Epoch 2 - loss: 0.3988 - mae: 0.4997 - val_loss: 0.4923 - val_mae: 0.6227
2025-03-28 11:39:03,009 - INFO - Epoch 3 - loss: 0.3144 - mae: 0.4403 - val_loss: 0.4434 - val_mae: 0.5845
2025-03-28 11:39:03,432 - INFO - Epoch 4 - loss: 0.2728 - mae: 0.4092 - val_loss: 0.6172 - val_mae: 0.7068
2025-03-28 11:39:03,835 - INFO - Epoch 5 - loss: 0.2412 - mae: 0.3851 - val_loss: 0.5578 - val_mae: 0.6599
2025-03-28 11:39:04,253 - INFO - Epoch 6 - loss: 0.2245 - mae: 0.3681 - val_loss: 0.5657 - val_mae: 0.6571
2025-03-28 11:39:04,663 - INFO - Epoch 7 - loss: 0.2125 - mae: 0.3600 - val_loss: 0.6083 - val_mae: 0.6817
2025-03-28 11:39:05,065 - INFO - Epoch 8 - loss: 0.2005 - mae: 0.3498 - val_loss: 0.5870 - val_mae: 0.6559
2025-03-28 11:39:05,496 - INFO - Epoch 9 - loss: 0.1858 - mae: 0.3364 - val_loss: 0.5399 - val_mae: 0.6148
2025-03-28 11:39:05,910 - INFO - Epoch 10 - loss: 0.1776 - mae: 0.3287 - val_loss: 0.7079 - val_mae: 0.7259
2025-03-28 11:39:06,333 - INFO - Epoch 11 - loss: 0.1707 - mae: 0.3218 - val_loss: 0.6474 - val_mae: 0.6858
2025-03-28 11:39:06,771 - INFO - Epoch 12 - loss: 0.1620 - mae: 0.3134 - val_loss: 0.5134 - val_mae: 0.5860
2025-03-28 11:39:07,196 - INFO - Epoch 13 - loss: 0.1594 - mae: 0.3105 - val_loss: 0.5442 - val_mae: 0.6205
2025-03-28 11:39:07,630 - INFO - Epoch 14 - loss: 0.1505 - mae: 0.3000 - val_loss: 0.5242 - val_mae: 0.5912
2025-03-28 11:39:08,043 - INFO - Epoch 15 - loss: 0.1436 - mae: 0.2940 - val_loss: 0.6083 - val_mae: 0.6557
2025-03-28 11:39:08,452 - INFO - Epoch 16 - loss: 0.1407 - mae: 0.2914 - val_loss: 0.6089 - val_mae: 0.6350
2025-03-28 11:39:08,863 - INFO - Epoch 17 - loss: 0.1385 - mae: 0.2898 - val_loss: 0.5408 - val_mae: 0.5988
2025-03-28 11:39:09,274 - INFO - Epoch 18 - loss: 0.1347 - mae: 0.2838 - val_loss: 0.5916 - val_mae: 0.6320
2025-03-28 11:39:09,707 - INFO - Epoch 19 - loss: 0.1318 - mae: 0.2814 - val_loss: 0.6782 - val_mae: 0.6768
2025-03-28 11:39:10,110 - INFO - Epoch 20 - loss: 0.1301 - mae: 0.2798 - val_loss: 0.6767 - val_mae: 0.6759
2025-03-28 11:39:10,529 - INFO - Epoch 21 - loss: 0.1308 - mae: 0.2805 - val_loss: 0.6595 - val_mae: 0.6678
2025-03-28 11:39:10,939 - INFO - Epoch 22 - loss: 0.1284 - mae: 0.2781 - val_loss: 0.5785 - val_mae: 0.6201
2025-03-28 11:39:11,341 - INFO - Epoch 23 - loss: 0.1244 - mae: 0.2731 - val_loss: 0.6295 - val_mae: 0.6433
2025-03-28 11:39:11,347 - INFO - Training completed in 12.07 seconds
2025-03-28 11:39:11,347 - INFO - Final training loss: 0.1244
2025-03-28 11:39:11,347 - INFO - Final validation loss: 0.6295
2025-03-28 11:39:11,348 - INFO - Evaluating predictions for Vasai
2025-03-28 11:39:11,348 - INFO - Preparing sequences from data with shape: (1080, 4)
2025-03-28 11:39:11,359 - INFO - Creating 1051 sequences...
2025-03-28 11:39:11,361 - INFO - Sequence preparation completed. X shape: (1051, 24, 35), y shape: (1051, 6)
2025-03-28 11:39:11,361 - INFO - Sequence preparation took 0.01 seconds
2025-03-28 11:39:11,824 - INFO - Evaluation completed in 0.48 seconds
2025-03-28 11:39:11,824 - INFO - Evaluation metrics - MAE: 26.65, RMSE: 28.22
2025-03-28 11:39:11,825 - INFO - Generating prediction plots for Vasai
2025-03-28 11:39:12,391 - INFO - Saved prediction plot to predictions/lstm_prediction_Vasai.png
2025-03-28 11:39:13,296 - INFO - Saved error distribution plot to predictions/lstm_error_distribution_Vasai.png
2025-03-28 11:39:13,296 - INFO - 
Final Evaluation Results:
2025-03-28 11:39:13,296 - INFO - MAE: 26.65
2025-03-28 11:39:13,296 - INFO - RMSE: 28.22
2025-03-28 11:39:13,297 - INFO - Initializing LSTM Predictor for Vileparle
2025-03-28 11:39:13,297 - INFO - Sequence length: 24, Prediction horizon: 6
2025-03-28 11:39:13,297 - INFO - Loading cleaned data from cleaned_data\Vileparle_spatial_average.csv
2025-03-28 11:39:13,305 - INFO - Loaded cleaned data with shape: (5280, 4)
2025-03-28 11:39:13,306 - INFO - Features selected: ['PM10', 'RH', 'AT']
2025-03-28 11:39:13,306 - INFO - Starting model training with 4224 samples
2025-03-28 11:39:13,306 - INFO - Training parameters - epochs: 150, batch_size: 64, validation_split: 0.2
2025-03-28 11:39:13,306 - INFO - Preparing sequences from data with shape: (4224, 4)
2025-03-28 11:39:13,321 - INFO - Creating 4195 sequences...
2025-03-28 11:39:13,330 - INFO - Sequence preparation completed. X shape: (4195, 24, 35), y shape: (4195, 6)
2025-03-28 11:39:13,330 - INFO - Sequence preparation took 0.02 seconds
2025-03-28 11:39:13,330 - INFO - Building LSTM model with attention, input shape: (24, 35)
2025-03-28 11:39:13,377 - INFO - Model architecture:
2025-03-28 11:39:16,115 - INFO - Epoch 1 - loss: 0.6429 - mae: 0.6072 - val_loss: 0.3590 - val_mae: 0.5119
2025-03-28 11:39:16,575 - INFO - Epoch 2 - loss: 0.4290 - mae: 0.4883 - val_loss: 0.2112 - val_mae: 0.3697
2025-03-28 11:39:16,986 - INFO - Epoch 3 - loss: 0.3521 - mae: 0.4435 - val_loss: 0.2601 - val_mae: 0.4281
2025-03-28 11:39:17,401 - INFO - Epoch 4 - loss: 0.3018 - mae: 0.4101 - val_loss: 0.2742 - val_mae: 0.4339
2025-03-28 11:39:17,819 - INFO - Epoch 5 - loss: 0.2729 - mae: 0.3902 - val_loss: 0.2439 - val_mae: 0.4068
2025-03-28 11:39:18,249 - INFO - Epoch 6 - loss: 0.2506 - mae: 0.3764 - val_loss: 0.3180 - val_mae: 0.4463
2025-03-28 11:39:18,656 - INFO - Epoch 7 - loss: 0.2291 - mae: 0.3593 - val_loss: 0.4375 - val_mae: 0.5361
2025-03-28 11:39:19,071 - INFO - Epoch 8 - loss: 0.2153 - mae: 0.3479 - val_loss: 0.3383 - val_mae: 0.4815
2025-03-28 11:39:19,542 - INFO - Epoch 9 - loss: 0.2004 - mae: 0.3378 - val_loss: 0.3029 - val_mae: 0.4540
2025-03-28 11:39:19,991 - INFO - Epoch 10 - loss: 0.1950 - mae: 0.3309 - val_loss: 0.3012 - val_mae: 0.4433
2025-03-28 11:39:20,455 - INFO - Epoch 11 - loss: 0.1920 - mae: 0.3275 - val_loss: 0.5089 - val_mae: 0.5776
2025-03-28 11:39:20,890 - INFO - Epoch 12 - loss: 0.1747 - mae: 0.3146 - val_loss: 0.3585 - val_mae: 0.4808
2025-03-28 11:39:21,317 - INFO - Epoch 13 - loss: 0.1593 - mae: 0.3007 - val_loss: 0.3755 - val_mae: 0.4853
2025-03-28 11:39:21,738 - INFO - Epoch 14 - loss: 0.1609 - mae: 0.3019 - val_loss: 0.3155 - val_mae: 0.4484
2025-03-28 11:39:22,145 - INFO - Epoch 15 - loss: 0.1561 - mae: 0.2971 - val_loss: 0.3781 - val_mae: 0.4805
2025-03-28 11:39:22,576 - INFO - Epoch 16 - loss: 0.1499 - mae: 0.2906 - val_loss: 0.3562 - val_mae: 0.4775
2025-03-28 11:39:22,995 - INFO - Epoch 17 - loss: 0.1452 - mae: 0.2862 - val_loss: 0.2823 - val_mae: 0.4123
2025-03-28 11:39:23,403 - INFO - Epoch 18 - loss: 0.1479 - mae: 0.2882 - val_loss: 0.4981 - val_mae: 0.5382
2025-03-28 11:39:23,815 - INFO - Epoch 19 - loss: 0.1431 - mae: 0.2832 - val_loss: 0.3300 - val_mae: 0.4601
2025-03-28 11:39:24,238 - INFO - Epoch 20 - loss: 0.1418 - mae: 0.2805 - val_loss: 0.3599 - val_mae: 0.4606
2025-03-28 11:39:24,663 - INFO - Epoch 21 - loss: 0.1381 - mae: 0.2799 - val_loss: 0.4293 - val_mae: 0.5012
2025-03-28 11:39:25,076 - INFO - Epoch 22 - loss: 0.1328 - mae: 0.2736 - val_loss: 0.3171 - val_mae: 0.4496
2025-03-28 11:39:25,082 - INFO - Training completed in 11.78 seconds
2025-03-28 11:39:25,083 - INFO - Final training loss: 0.1328
2025-03-28 11:39:25,083 - INFO - Final validation loss: 0.3171
2025-03-28 11:39:25,084 - INFO - Evaluating predictions for Vileparle
2025-03-28 11:39:25,084 - INFO - Preparing sequences from data with shape: (1056, 4)
2025-03-28 11:39:25,094 - INFO - Creating 1027 sequences...
2025-03-28 11:39:25,095 - INFO - Sequence preparation completed. X shape: (1027, 24, 35), y shape: (1027, 6)
2025-03-28 11:39:25,095 - INFO - Sequence preparation took 0.01 seconds
2025-03-28 11:39:25,556 - INFO - Evaluation completed in 0.47 seconds
2025-03-28 11:39:25,556 - INFO - Evaluation metrics - MAE: 19.38, RMSE: 21.39
2025-03-28 11:39:25,556 - INFO - Generating prediction plots for Vileparle
2025-03-28 11:39:26,104 - INFO - Saved prediction plot to predictions/lstm_prediction_Vileparle.png
2025-03-28 11:39:26,492 - INFO - Saved error distribution plot to predictions/lstm_error_distribution_Vileparle.png
2025-03-28 11:39:26,492 - INFO - 
Final Evaluation Results:
2025-03-28 11:39:26,493 - INFO - MAE: 19.38
2025-03-28 11:39:26,493 - INFO - RMSE: 21.39
2025-03-28 11:39:26,493 - INFO - Initializing LSTM Predictor for Worli
2025-03-28 11:39:26,493 - INFO - Sequence length: 24, Prediction horizon: 6
2025-03-28 11:39:26,494 - INFO - Loading cleaned data from cleaned_data\Worli_spatial_average.csv
2025-03-28 11:39:26,504 - INFO - Loaded cleaned data with shape: (5400, 4)
2025-03-28 11:39:26,504 - INFO - Features selected: ['PM10', 'RH', 'AT']
2025-03-28 11:39:26,504 - INFO - Starting model training with 4320 samples
2025-03-28 11:39:26,504 - INFO - Training parameters - epochs: 150, batch_size: 64, validation_split: 0.2
2025-03-28 11:39:26,504 - INFO - Preparing sequences from data with shape: (4320, 4)
2025-03-28 11:39:26,517 - INFO - Creating 4291 sequences...
2025-03-28 11:39:26,525 - INFO - Sequence preparation completed. X shape: (4291, 24, 35), y shape: (4291, 6)
2025-03-28 11:39:26,525 - INFO - Sequence preparation took 0.02 seconds
2025-03-28 11:39:26,525 - INFO - Building LSTM model with attention, input shape: (24, 35)
2025-03-28 11:39:26,572 - INFO - Model architecture:
2025-03-28 11:39:29,330 - INFO - Epoch 1 - loss: 0.6256 - mae: 0.6017 - val_loss: 0.4892 - val_mae: 0.6430
2025-03-28 11:39:29,797 - INFO - Epoch 2 - loss: 0.4519 - mae: 0.5036 - val_loss: 0.4517 - val_mae: 0.6152
2025-03-28 11:39:30,253 - INFO - Epoch 3 - loss: 0.3753 - mae: 0.4535 - val_loss: 0.3939 - val_mae: 0.5701
2025-03-28 11:39:30,704 - INFO - Epoch 4 - loss: 0.3378 - mae: 0.4274 - val_loss: 0.3332 - val_mae: 0.5084
2025-03-28 11:39:31,156 - INFO - Epoch 5 - loss: 0.3077 - mae: 0.4073 - val_loss: 0.3801 - val_mae: 0.5435
2025-03-28 11:39:31,584 - INFO - Epoch 6 - loss: 0.2909 - mae: 0.3950 - val_loss: 0.5958 - val_mae: 0.6973
2025-03-28 11:39:32,009 - INFO - Epoch 7 - loss: 0.2754 - mae: 0.3824 - val_loss: 0.4249 - val_mae: 0.5794
2025-03-28 11:39:32,442 - INFO - Epoch 8 - loss: 0.2533 - mae: 0.3665 - val_loss: 0.4843 - val_mae: 0.6255
2025-03-28 11:39:32,867 - INFO - Epoch 9 - loss: 0.2511 - mae: 0.3626 - val_loss: 0.4704 - val_mae: 0.6154
2025-03-28 11:39:33,314 - INFO - Epoch 10 - loss: 0.2436 - mae: 0.3580 - val_loss: 0.6278 - val_mae: 0.7204
2025-03-28 11:39:33,777 - INFO - Epoch 11 - loss: 0.2391 - mae: 0.3537 - val_loss: 0.5549 - val_mae: 0.6708
2025-03-28 11:39:34,223 - INFO - Epoch 12 - loss: 0.2282 - mae: 0.3430 - val_loss: 0.6635 - val_mae: 0.7479
2025-03-28 11:39:34,657 - INFO - Epoch 13 - loss: 0.2185 - mae: 0.3360 - val_loss: 0.5772 - val_mae: 0.6871
2025-03-28 11:39:35,088 - INFO - Epoch 14 - loss: 0.2120 - mae: 0.3313 - val_loss: 0.5701 - val_mae: 0.6882
2025-03-28 11:39:35,530 - INFO - Epoch 15 - loss: 0.2046 - mae: 0.3222 - val_loss: 0.5254 - val_mae: 0.6484
2025-03-28 11:39:35,953 - INFO - Epoch 16 - loss: 0.1978 - mae: 0.3175 - val_loss: 0.4908 - val_mae: 0.6235
2025-03-28 11:39:36,385 - INFO - Epoch 17 - loss: 0.1973 - mae: 0.3165 - val_loss: 0.4644 - val_mae: 0.6039
2025-03-28 11:39:36,803 - INFO - Epoch 18 - loss: 0.1921 - mae: 0.3131 - val_loss: 0.5448 - val_mae: 0.6591
2025-03-28 11:39:37,248 - INFO - Epoch 19 - loss: 0.1917 - mae: 0.3123 - val_loss: 0.6277 - val_mae: 0.7167
2025-03-28 11:39:37,705 - INFO - Epoch 20 - loss: 0.1923 - mae: 0.3108 - val_loss: 0.5473 - val_mae: 0.6602
2025-03-28 11:39:38,128 - INFO - Epoch 21 - loss: 0.1888 - mae: 0.3094 - val_loss: 0.4623 - val_mae: 0.6010
2025-03-28 11:39:38,551 - INFO - Epoch 22 - loss: 0.1842 - mae: 0.3043 - val_loss: 0.5848 - val_mae: 0.6883
2025-03-28 11:39:38,981 - INFO - Epoch 23 - loss: 0.1839 - mae: 0.3036 - val_loss: 0.5413 - val_mae: 0.6592
2025-03-28 11:39:39,409 - INFO - Epoch 24 - loss: 0.1787 - mae: 0.2997 - val_loss: 0.6302 - val_mae: 0.7160
2025-03-28 11:39:39,416 - INFO - Training completed in 12.91 seconds
2025-03-28 11:39:39,416 - INFO - Final training loss: 0.1787
2025-03-28 11:39:39,416 - INFO - Final validation loss: 0.6302
2025-03-28 11:39:39,417 - INFO - Evaluating predictions for Worli
2025-03-28 11:39:39,417 - INFO - Preparing sequences from data with shape: (1080, 4)
2025-03-28 11:39:39,427 - INFO - Creating 1051 sequences...
2025-03-28 11:39:39,429 - INFO - Sequence preparation completed. X shape: (1051, 24, 35), y shape: (1051, 6)
2025-03-28 11:39:39,429 - INFO - Sequence preparation took 0.01 seconds
2025-03-28 11:39:39,892 - INFO - Evaluation completed in 0.47 seconds
2025-03-28 11:39:39,892 - INFO - Evaluation metrics - MAE: 27.22, RMSE: 28.32
2025-03-28 11:39:39,893 - INFO - Generating prediction plots for Worli
2025-03-28 11:39:40,418 - INFO - Saved prediction plot to predictions/lstm_prediction_Worli.png
2025-03-28 11:39:40,808 - INFO - Saved error distribution plot to predictions/lstm_error_distribution_Worli.png
2025-03-28 11:39:40,808 - INFO - 
Final Evaluation Results:
2025-03-28 11:39:40,808 - INFO - MAE: 27.22
2025-03-28 11:39:40,808 - INFO - RMSE: 28.32
2025-03-28 11:39:40,808 - INFO - Total execution time: 214.79 seconds
2025-03-28 11:42:01,016 - INFO - Starting LSTM predictor main execution
2025-03-28 11:42:01,017 - INFO - Initializing LSTM Predictor for Airport
2025-03-28 11:42:01,017 - INFO - Sequence length: 24, Prediction horizon: 6
2025-03-28 11:42:01,018 - INFO - Loading cleaned data from cleaned_data\Airport_spatial_average.csv
2025-03-28 11:42:01,030 - INFO - Loaded cleaned data with shape: (5280, 4)
2025-03-28 11:42:01,030 - INFO - Features selected: ['PM10', 'RH', 'AT']
2025-03-28 11:42:01,030 - INFO - Starting model training with 4224 samples
2025-03-28 11:42:01,031 - INFO - Training parameters - epochs: 200, batch_size: 32, validation_split: 0.2
2025-03-28 11:42:01,031 - INFO - Preparing sequences from data with shape: (4224, 4)
2025-03-28 11:42:01,052 - INFO - Creating 4195 sequences...
2025-03-28 11:42:01,061 - INFO - Sequence preparation completed. X shape: (4195, 24, 47), y shape: (4195, 6)
2025-03-28 11:42:01,061 - INFO - Sequence preparation took 0.03 seconds
2025-03-28 11:42:01,061 - INFO - Building LSTM model with attention, input shape: (24, 47)
2025-03-28 11:42:01,763 - WARNING - From C:\Users\Pranav\AppData\Roaming\Python\Python312\site-packages\keras\src\backend\tensorflow\core.py:204: The name tf.placeholder is deprecated. Please use tf.compat.v1.placeholder instead.

2025-03-28 11:42:01,797 - INFO - Model architecture:
2025-03-28 11:42:07,037 - INFO - Epoch 1 - loss: 0.8132 - mae: 0.6847 - val_loss: 0.6676 - val_mae: 0.6865
2025-03-28 11:42:08,122 - INFO - Epoch 2 - loss: 0.5358 - mae: 0.5596 - val_loss: 0.4649 - val_mae: 0.5533
2025-03-28 11:42:09,186 - INFO - Epoch 3 - loss: 0.4208 - mae: 0.5203 - val_loss: 0.4666 - val_mae: 0.6554
2025-03-28 11:42:10,232 - INFO - Epoch 4 - loss: 0.3514 - mae: 0.4892 - val_loss: 0.4232 - val_mae: 0.6434
2025-03-28 11:42:11,345 - INFO - Epoch 5 - loss: 0.3095 - mae: 0.4729 - val_loss: 0.3057 - val_mae: 0.4965
2025-03-28 11:42:12,361 - INFO - Epoch 6 - loss: 0.2781 - mae: 0.4566 - val_loss: 0.3422 - val_mae: 0.5836
2025-03-28 11:42:13,349 - INFO - Epoch 7 - loss: 0.2556 - mae: 0.4437 - val_loss: 0.3119 - val_mae: 0.5534
2025-03-28 11:42:14,341 - INFO - Epoch 8 - loss: 0.2384 - mae: 0.4339 - val_loss: 0.2659 - val_mae: 0.4901
2025-03-28 11:42:15,316 - INFO - Epoch 9 - loss: 0.2249 - mae: 0.4264 - val_loss: 0.2729 - val_mae: 0.5080
2025-03-28 11:42:16,321 - INFO - Epoch 10 - loss: 0.2109 - mae: 0.4143 - val_loss: 0.2941 - val_mae: 0.5625
2025-03-28 11:42:17,371 - INFO - Epoch 11 - loss: 0.1992 - mae: 0.4042 - val_loss: 0.2907 - val_mae: 0.5591
2025-03-28 11:42:18,329 - INFO - Epoch 12 - loss: 0.1933 - mae: 0.4036 - val_loss: 0.3550 - val_mae: 0.6557
2025-03-28 11:42:19,324 - INFO - Epoch 13 - loss: 0.1871 - mae: 0.3989 - val_loss: 0.2819 - val_mae: 0.5570
2025-03-28 11:42:20,296 - INFO - Epoch 14 - loss: 0.1810 - mae: 0.3958 - val_loss: 0.2949 - val_mae: 0.5822
2025-03-28 11:42:21,256 - INFO - Epoch 15 - loss: 0.1744 - mae: 0.3893 - val_loss: 0.3245 - val_mae: 0.6229
2025-03-28 11:42:22,240 - INFO - Epoch 16 - loss: 0.1681 - mae: 0.3833 - val_loss: 0.2717 - val_mae: 0.5586
2025-03-28 11:42:23,237 - INFO - Epoch 17 - loss: 0.1678 - mae: 0.3861 - val_loss: 0.2604 - val_mae: 0.5433
2025-03-28 11:42:24,251 - INFO - Epoch 18 - loss: 0.1630 - mae: 0.3812 - val_loss: 0.3306 - val_mae: 0.6423
2025-03-28 11:42:25,305 - INFO - Epoch 19 - loss: 0.1603 - mae: 0.3791 - val_loss: 0.3144 - val_mae: 0.6280
2025-03-28 11:42:26,305 - INFO - Epoch 20 - loss: 0.1550 - mae: 0.3731 - val_loss: 0.3460 - val_mae: 0.6688
2025-03-28 11:42:27,275 - INFO - Epoch 21 - loss: 0.1523 - mae: 0.3722 - val_loss: 0.2875 - val_mae: 0.5882
2025-03-28 11:42:28,272 - INFO - Epoch 22 - loss: 0.1511 - mae: 0.3726 - val_loss: 0.2646 - val_mae: 0.5621
2025-03-28 11:42:29,231 - INFO - Epoch 23 - loss: 0.1482 - mae: 0.3695 - val_loss: 0.2970 - val_mae: 0.6030
2025-03-28 11:42:30,213 - INFO - Epoch 24 - loss: 0.1463 - mae: 0.3674 - val_loss: 0.2789 - val_mae: 0.5768
2025-03-28 11:42:31,173 - INFO - Epoch 25 - loss: 0.1425 - mae: 0.3626 - val_loss: 0.2780 - val_mae: 0.5812
2025-03-28 11:42:32,130 - INFO - Epoch 26 - loss: 0.1401 - mae: 0.3591 - val_loss: 0.2892 - val_mae: 0.5988
2025-03-28 11:42:33,113 - INFO - Epoch 27 - loss: 0.1370 - mae: 0.3545 - val_loss: 0.2973 - val_mae: 0.6078
2025-03-28 11:42:34,079 - INFO - Epoch 28 - loss: 0.1380 - mae: 0.3596 - val_loss: 0.3113 - val_mae: 0.6287
2025-03-28 11:42:35,067 - INFO - Epoch 29 - loss: 0.1351 - mae: 0.3556 - val_loss: 0.2791 - val_mae: 0.5824
2025-03-28 11:42:36,019 - INFO - Epoch 30 - loss: 0.1327 - mae: 0.3523 - val_loss: 0.2960 - val_mae: 0.6105
2025-03-28 11:42:36,990 - INFO - Epoch 31 - loss: 0.1331 - mae: 0.3533 - val_loss: 0.3206 - val_mae: 0.6455
2025-03-28 11:42:37,955 - INFO - Epoch 32 - loss: 0.1295 - mae: 0.3484 - val_loss: 0.2770 - val_mae: 0.5851
2025-03-28 11:42:38,961 - INFO - Epoch 33 - loss: 0.1241 - mae: 0.3402 - val_loss: 0.2879 - val_mae: 0.5946
2025-03-28 11:42:39,919 - INFO - Epoch 34 - loss: 0.1222 - mae: 0.3353 - val_loss: 0.2804 - val_mae: 0.5822
2025-03-28 11:42:40,888 - INFO - Epoch 35 - loss: 0.1195 - mae: 0.3309 - val_loss: 0.2838 - val_mae: 0.5873
2025-03-28 11:42:41,879 - INFO - Epoch 36 - loss: 0.1161 - mae: 0.3240 - val_loss: 0.2783 - val_mae: 0.5803
2025-03-28 11:42:42,829 - INFO - Epoch 37 - loss: 0.1180 - mae: 0.3294 - val_loss: 0.2788 - val_mae: 0.5824
2025-03-28 11:42:43,818 - INFO - Epoch 38 - loss: 0.1178 - mae: 0.3285 - val_loss: 0.3007 - val_mae: 0.6149
2025-03-28 11:42:44,786 - INFO - Epoch 39 - loss: 0.1173 - mae: 0.3277 - val_loss: 0.3228 - val_mae: 0.6423
2025-03-28 11:42:45,789 - INFO - Epoch 40 - loss: 0.1170 - mae: 0.3276 - val_loss: 0.2865 - val_mae: 0.5910
2025-03-28 11:42:46,761 - INFO - Epoch 41 - loss: 0.1167 - mae: 0.3268 - val_loss: 0.2865 - val_mae: 0.5945
2025-03-28 11:42:47,759 - INFO - Epoch 42 - loss: 0.1171 - mae: 0.3286 - val_loss: 0.2993 - val_mae: 0.6144
2025-03-28 11:42:48,712 - INFO - Epoch 43 - loss: 0.1161 - mae: 0.3274 - val_loss: 0.3052 - val_mae: 0.6173
2025-03-28 11:42:49,710 - INFO - Epoch 44 - loss: 0.1159 - mae: 0.3264 - val_loss: 0.3301 - val_mae: 0.6566
2025-03-28 11:42:50,680 - INFO - Epoch 45 - loss: 0.1152 - mae: 0.3256 - val_loss: 0.2873 - val_mae: 0.5937
2025-03-28 11:42:51,645 - INFO - Epoch 46 - loss: 0.1148 - mae: 0.3254 - val_loss: 0.3156 - val_mae: 0.6356
2025-03-28 11:42:52,645 - INFO - Epoch 47 - loss: 0.1143 - mae: 0.3242 - val_loss: 0.3174 - val_mae: 0.6405
2025-03-28 11:42:52,659 - INFO - Training completed in 51.63 seconds
2025-03-28 11:42:52,660 - INFO - Final training loss: 0.1143
2025-03-28 11:42:52,660 - INFO - Final validation loss: 0.3174
2025-03-28 11:42:52,661 - INFO - Evaluating predictions for Airport
2025-03-28 11:42:52,661 - INFO - Preparing sequences from data with shape: (1056, 4)
2025-03-28 11:42:52,675 - INFO - Creating 1027 sequences...
2025-03-28 11:42:52,677 - INFO - Sequence preparation completed. X shape: (1027, 24, 47), y shape: (1027, 6)
2025-03-28 11:42:52,677 - INFO - Sequence preparation took 0.02 seconds
2025-03-28 11:42:53,402 - INFO - Evaluation completed in 0.74 seconds
2025-03-28 11:42:53,403 - INFO - Evaluation metrics - MAE: 18.27, RMSE: 19.77
2025-03-28 11:42:53,403 - INFO - Generating prediction plots for Airport
2025-03-28 11:42:54,000 - INFO - Saved prediction plot to predictions/lstm_prediction_Airport.png
2025-03-28 11:42:54,380 - INFO - Saved error distribution plot to predictions/lstm_error_distribution_Airport.png
2025-03-28 11:42:54,381 - INFO - 
Final Evaluation Results:
2025-03-28 11:42:54,381 - INFO - MAE: 18.27
2025-03-28 11:42:54,381 - INFO - RMSE: 19.77
2025-03-28 11:42:54,381 - INFO - Initializing LSTM Predictor for Bandra
2025-03-28 11:42:54,382 - INFO - Sequence length: 24, Prediction horizon: 6
2025-03-28 11:42:54,382 - INFO - Loading cleaned data from cleaned_data\Bandra_spatial_average.csv
2025-03-28 11:42:54,391 - INFO - Loaded cleaned data with shape: (5404, 4)
2025-03-28 11:42:54,391 - INFO - Features selected: ['PM10', 'RH', 'AT']
2025-03-28 11:42:54,392 - INFO - Starting model training with 4323 samples
2025-03-28 11:42:54,392 - INFO - Training parameters - epochs: 200, batch_size: 32, validation_split: 0.2
2025-03-28 11:42:54,392 - INFO - Preparing sequences from data with shape: (4323, 4)
2025-03-28 11:42:54,411 - INFO - Creating 4294 sequences...
2025-03-28 11:42:54,420 - INFO - Sequence preparation completed. X shape: (4294, 24, 47), y shape: (4294, 6)
2025-03-28 11:42:54,420 - INFO - Sequence preparation took 0.03 seconds
2025-03-28 11:42:54,420 - INFO - Building LSTM model with attention, input shape: (24, 47)
2025-03-28 11:42:54,482 - INFO - Model architecture:
2025-03-28 11:42:59,563 - INFO - Epoch 1 - loss: 0.7765 - mae: 0.6227 - val_loss: 0.4728 - val_mae: 0.3831
2025-03-28 11:43:00,616 - INFO - Epoch 2 - loss: 0.4748 - mae: 0.4504 - val_loss: 0.3674 - val_mae: 0.4085
2025-03-28 11:43:01,664 - INFO - Epoch 3 - loss: 0.3573 - mae: 0.4079 - val_loss: 0.2735 - val_mae: 0.3484
2025-03-28 11:43:02,731 - INFO - Epoch 4 - loss: 0.2871 - mae: 0.3793 - val_loss: 0.2680 - val_mae: 0.4440
2025-03-28 11:43:03,747 - INFO - Epoch 5 - loss: 0.2471 - mae: 0.3627 - val_loss: 0.2711 - val_mae: 0.4999
2025-03-28 11:43:04,804 - INFO - Epoch 6 - loss: 0.2224 - mae: 0.3579 - val_loss: 0.2671 - val_mae: 0.5185
2025-03-28 11:43:05,881 - INFO - Epoch 7 - loss: 0.1991 - mae: 0.3431 - val_loss: 0.2555 - val_mae: 0.5208
2025-03-28 11:43:06,909 - INFO - Epoch 8 - loss: 0.1841 - mae: 0.3364 - val_loss: 0.3132 - val_mae: 0.6216
2025-03-28 11:43:07,992 - INFO - Epoch 9 - loss: 0.1690 - mae: 0.3270 - val_loss: 0.3291 - val_mae: 0.6664
2025-03-28 11:43:09,060 - INFO - Epoch 10 - loss: 0.1618 - mae: 0.3243 - val_loss: 0.2551 - val_mae: 0.5599
2025-03-28 11:43:10,062 - INFO - Epoch 11 - loss: 0.1523 - mae: 0.3181 - val_loss: 0.2782 - val_mae: 0.5982
2025-03-28 11:43:11,091 - INFO - Epoch 12 - loss: 0.1462 - mae: 0.3129 - val_loss: 0.3083 - val_mae: 0.6495
2025-03-28 11:43:12,103 - INFO - Epoch 13 - loss: 0.1384 - mae: 0.3058 - val_loss: 0.3334 - val_mae: 0.6939
2025-03-28 11:43:13,104 - INFO - Epoch 14 - loss: 0.1366 - mae: 0.3096 - val_loss: 0.2755 - val_mae: 0.6012
2025-03-28 11:43:14,245 - INFO - Epoch 15 - loss: 0.1329 - mae: 0.3070 - val_loss: 0.2737 - val_mae: 0.6148
2025-03-28 11:43:15,283 - INFO - Epoch 16 - loss: 0.1279 - mae: 0.3036 - val_loss: 0.2799 - val_mae: 0.6245
2025-03-28 11:43:16,462 - INFO - Epoch 17 - loss: 0.1267 - mae: 0.3031 - val_loss: 0.3198 - val_mae: 0.6762
2025-03-28 11:43:17,538 - INFO - Epoch 18 - loss: 0.1285 - mae: 0.3078 - val_loss: 0.3166 - val_mae: 0.6732
2025-03-28 11:43:18,693 - INFO - Epoch 19 - loss: 0.1211 - mae: 0.2978 - val_loss: 0.3108 - val_mae: 0.6669
2025-03-28 11:43:19,694 - INFO - Epoch 20 - loss: 0.1171 - mae: 0.2941 - val_loss: 0.2825 - val_mae: 0.6464
2025-03-28 11:43:20,694 - INFO - Epoch 21 - loss: 0.1159 - mae: 0.2930 - val_loss: 0.2826 - val_mae: 0.6361
2025-03-28 11:43:21,704 - INFO - Epoch 22 - loss: 0.1157 - mae: 0.2946 - val_loss: 0.2513 - val_mae: 0.5901
2025-03-28 11:43:22,821 - INFO - Epoch 23 - loss: 0.1140 - mae: 0.2928 - val_loss: 0.2350 - val_mae: 0.5677
2025-03-28 11:43:23,997 - INFO - Epoch 24 - loss: 0.1124 - mae: 0.2900 - val_loss: 0.2974 - val_mae: 0.6611
2025-03-28 11:43:25,177 - INFO - Epoch 25 - loss: 0.1095 - mae: 0.2861 - val_loss: 0.2877 - val_mae: 0.6336
2025-03-28 11:43:26,443 - INFO - Epoch 26 - loss: 0.1084 - mae: 0.2853 - val_loss: 0.2575 - val_mae: 0.6028
2025-03-28 11:43:27,865 - INFO - Epoch 27 - loss: 0.1077 - mae: 0.2858 - val_loss: 0.2831 - val_mae: 0.6442
2025-03-28 11:43:29,147 - INFO - Epoch 28 - loss: 0.1067 - mae: 0.2855 - val_loss: 0.2754 - val_mae: 0.6240
2025-03-28 11:43:30,461 - INFO - Epoch 29 - loss: 0.1087 - mae: 0.2894 - val_loss: 0.2527 - val_mae: 0.6019
2025-03-28 11:43:31,677 - INFO - Epoch 30 - loss: 0.1086 - mae: 0.2889 - val_loss: 0.3135 - val_mae: 0.6830
2025-03-28 11:43:32,722 - INFO - Epoch 31 - loss: 0.1082 - mae: 0.2893 - val_loss: 0.3052 - val_mae: 0.6756
2025-03-28 11:43:33,834 - INFO - Epoch 32 - loss: 0.1053 - mae: 0.2851 - val_loss: 0.3072 - val_mae: 0.6686
2025-03-28 11:43:34,852 - INFO - Epoch 33 - loss: 0.1041 - mae: 0.2841 - val_loss: 0.2823 - val_mae: 0.6371
2025-03-28 11:43:35,914 - INFO - Epoch 34 - loss: 0.1030 - mae: 0.2830 - val_loss: 0.2219 - val_mae: 0.5531
2025-03-28 11:43:36,895 - INFO - Epoch 35 - loss: 0.1038 - mae: 0.2835 - val_loss: 0.2936 - val_mae: 0.6530
2025-03-28 11:43:37,916 - INFO - Epoch 36 - loss: 0.1021 - mae: 0.2808 - val_loss: 0.2621 - val_mae: 0.6072
2025-03-28 11:43:38,955 - INFO - Epoch 37 - loss: 0.1032 - mae: 0.2832 - val_loss: 0.2489 - val_mae: 0.5908
2025-03-28 11:43:40,047 - INFO - Epoch 38 - loss: 0.1045 - mae: 0.2861 - val_loss: 0.3128 - val_mae: 0.6946
2025-03-28 11:43:41,071 - INFO - Epoch 39 - loss: 0.1011 - mae: 0.2789 - val_loss: 0.2636 - val_mae: 0.6167
2025-03-28 11:43:42,083 - INFO - Epoch 40 - loss: 0.0988 - mae: 0.2761 - val_loss: 0.3043 - val_mae: 0.6593
2025-03-28 11:43:43,070 - INFO - Epoch 41 - loss: 0.0989 - mae: 0.2776 - val_loss: 0.2525 - val_mae: 0.6123
2025-03-28 11:43:44,070 - INFO - Epoch 42 - loss: 0.1006 - mae: 0.2803 - val_loss: 0.2590 - val_mae: 0.6195
2025-03-28 11:43:45,056 - INFO - Epoch 43 - loss: 0.0976 - mae: 0.2753 - val_loss: 0.2779 - val_mae: 0.6411
2025-03-28 11:43:46,046 - INFO - Epoch 44 - loss: 0.1000 - mae: 0.2816 - val_loss: 0.2911 - val_mae: 0.6653
2025-03-28 11:43:47,030 - INFO - Epoch 45 - loss: 0.0989 - mae: 0.2781 - val_loss: 0.2889 - val_mae: 0.6499
2025-03-28 11:43:47,993 - INFO - Epoch 46 - loss: 0.0972 - mae: 0.2753 - val_loss: 0.2611 - val_mae: 0.6132
2025-03-28 11:43:48,998 - INFO - Epoch 47 - loss: 0.1020 - mae: 0.2819 - val_loss: 0.2354 - val_mae: 0.5773
2025-03-28 11:43:49,995 - INFO - Epoch 48 - loss: 0.1017 - mae: 0.2827 - val_loss: 0.2954 - val_mae: 0.6620
2025-03-28 11:43:51,018 - INFO - Epoch 49 - loss: 0.0954 - mae: 0.2718 - val_loss: 0.2842 - val_mae: 0.6483
2025-03-28 11:43:52,003 - INFO - Epoch 50 - loss: 0.0929 - mae: 0.2663 - val_loss: 0.2643 - val_mae: 0.6226
2025-03-28 11:43:53,023 - INFO - Epoch 51 - loss: 0.0929 - mae: 0.2655 - val_loss: 0.2815 - val_mae: 0.6483
2025-03-28 11:43:54,006 - INFO - Epoch 52 - loss: 0.0927 - mae: 0.2667 - val_loss: 0.2710 - val_mae: 0.6325
2025-03-28 11:43:55,020 - INFO - Epoch 53 - loss: 0.0918 - mae: 0.2649 - val_loss: 0.2832 - val_mae: 0.6495
2025-03-28 11:43:56,014 - INFO - Epoch 54 - loss: 0.0915 - mae: 0.2646 - val_loss: 0.2827 - val_mae: 0.6460
2025-03-28 11:43:57,025 - INFO - Epoch 55 - loss: 0.0913 - mae: 0.2632 - val_loss: 0.2798 - val_mae: 0.6429
2025-03-28 11:43:58,002 - INFO - Epoch 56 - loss: 0.0911 - mae: 0.2637 - val_loss: 0.2684 - val_mae: 0.6294
2025-03-28 11:43:59,000 - INFO - Epoch 57 - loss: 0.0905 - mae: 0.2626 - val_loss: 0.2706 - val_mae: 0.6330
2025-03-28 11:43:59,985 - INFO - Epoch 58 - loss: 0.0908 - mae: 0.2640 - val_loss: 0.2739 - val_mae: 0.6363
2025-03-28 11:44:00,999 - INFO - Epoch 59 - loss: 0.0900 - mae: 0.2624 - val_loss: 0.2723 - val_mae: 0.6318
2025-03-28 11:44:02,004 - INFO - Epoch 60 - loss: 0.0907 - mae: 0.2650 - val_loss: 0.2701 - val_mae: 0.6304
2025-03-28 11:44:03,010 - INFO - Epoch 61 - loss: 0.0909 - mae: 0.2642 - val_loss: 0.2821 - val_mae: 0.6456
2025-03-28 11:44:04,042 - INFO - Epoch 62 - loss: 0.0893 - mae: 0.2612 - val_loss: 0.2640 - val_mae: 0.6204
2025-03-28 11:44:05,027 - INFO - Epoch 63 - loss: 0.0896 - mae: 0.2623 - val_loss: 0.2749 - val_mae: 0.6382
2025-03-28 11:44:06,040 - INFO - Epoch 64 - loss: 0.0888 - mae: 0.2609 - val_loss: 0.2658 - val_mae: 0.6286
2025-03-28 11:44:06,047 - INFO - Training completed in 71.66 seconds
2025-03-28 11:44:06,048 - INFO - Final training loss: 0.0888
2025-03-28 11:44:06,048 - INFO - Final validation loss: 0.2658
2025-03-28 11:44:06,050 - INFO - Evaluating predictions for Bandra
2025-03-28 11:44:06,050 - INFO - Preparing sequences from data with shape: (1081, 4)
2025-03-28 11:44:06,063 - INFO - Creating 1052 sequences...
2025-03-28 11:44:06,066 - INFO - Sequence preparation completed. X shape: (1052, 24, 47), y shape: (1052, 6)
2025-03-28 11:44:06,066 - INFO - Sequence preparation took 0.02 seconds
2025-03-28 11:44:06,785 - INFO - Evaluation completed in 0.74 seconds
2025-03-28 11:44:06,786 - INFO - Evaluation metrics - MAE: 23.14, RMSE: 25.82
2025-03-28 11:44:06,786 - INFO - Generating prediction plots for Bandra
2025-03-28 11:44:07,290 - INFO - Saved prediction plot to predictions/lstm_prediction_Bandra.png
2025-03-28 11:44:07,761 - INFO - Saved error distribution plot to predictions/lstm_error_distribution_Bandra.png
2025-03-28 11:44:07,761 - INFO - 
Final Evaluation Results:
2025-03-28 11:44:07,761 - INFO - MAE: 23.14
2025-03-28 11:44:07,762 - INFO - RMSE: 25.82
2025-03-28 11:44:07,762 - INFO - Initializing LSTM Predictor for Borivali
2025-03-28 11:44:07,762 - INFO - Sequence length: 24, Prediction horizon: 6
2025-03-28 11:44:07,763 - INFO - Loading cleaned data from cleaned_data\Borivali_spatial_average.csv
2025-03-28 11:44:07,773 - INFO - Loaded cleaned data with shape: (5400, 4)
2025-03-28 11:44:07,773 - INFO - Features selected: ['PM10', 'RH', 'AT']
2025-03-28 11:44:07,773 - INFO - Starting model training with 4320 samples
2025-03-28 11:44:07,773 - INFO - Training parameters - epochs: 200, batch_size: 32, validation_split: 0.2
2025-03-28 11:44:07,774 - INFO - Preparing sequences from data with shape: (4320, 4)
2025-03-28 11:44:07,794 - INFO - Creating 4291 sequences...
2025-03-28 11:44:07,805 - INFO - Sequence preparation completed. X shape: (4291, 24, 47), y shape: (4291, 6)
2025-03-28 11:44:07,805 - INFO - Sequence preparation took 0.03 seconds
2025-03-28 11:44:07,805 - INFO - Building LSTM model with attention, input shape: (24, 47)
2025-03-28 11:44:07,877 - INFO - Model architecture:
2025-03-28 11:44:12,792 - INFO - Epoch 1 - loss: 0.7525 - mae: 0.5740 - val_loss: 0.5730 - val_mae: 0.5508
2025-03-28 11:44:13,811 - INFO - Epoch 2 - loss: 0.5041 - mae: 0.4757 - val_loss: 0.4095 - val_mae: 0.4859
2025-03-28 11:44:14,897 - INFO - Epoch 3 - loss: 0.3923 - mae: 0.4460 - val_loss: 0.3003 - val_mae: 0.3997
2025-03-28 11:44:15,982 - INFO - Epoch 4 - loss: 0.3374 - mae: 0.4412 - val_loss: 0.2655 - val_mae: 0.4138
2025-03-28 11:44:17,030 - INFO - Epoch 5 - loss: 0.2905 - mae: 0.4196 - val_loss: 0.2642 - val_mae: 0.4612
2025-03-28 11:44:17,991 - INFO - Epoch 6 - loss: 0.2568 - mae: 0.4051 - val_loss: 0.2695 - val_mae: 0.5082
2025-03-28 11:44:19,010 - INFO - Epoch 7 - loss: 0.2349 - mae: 0.3957 - val_loss: 0.2967 - val_mae: 0.5727
2025-03-28 11:44:20,080 - INFO - Epoch 8 - loss: 0.2209 - mae: 0.3926 - val_loss: 0.2640 - val_mae: 0.5334
2025-03-28 11:44:21,221 - INFO - Epoch 9 - loss: 0.2029 - mae: 0.3819 - val_loss: 0.2636 - val_mae: 0.5436
2025-03-28 11:44:22,283 - INFO - Epoch 10 - loss: 0.1913 - mae: 0.3760 - val_loss: 0.3560 - val_mae: 0.6881
2025-03-28 11:44:23,329 - INFO - Epoch 11 - loss: 0.1837 - mae: 0.3716 - val_loss: 0.3017 - val_mae: 0.6285
2025-03-28 11:44:24,314 - INFO - Epoch 12 - loss: 0.1742 - mae: 0.3656 - val_loss: 0.2683 - val_mae: 0.5986
2025-03-28 11:44:25,344 - INFO - Epoch 13 - loss: 0.1688 - mae: 0.3631 - val_loss: 0.2251 - val_mae: 0.5184
2025-03-28 11:44:26,395 - INFO - Epoch 14 - loss: 0.1636 - mae: 0.3604 - val_loss: 0.2130 - val_mae: 0.5024
2025-03-28 11:44:27,555 - INFO - Epoch 15 - loss: 0.1584 - mae: 0.3576 - val_loss: 0.1937 - val_mae: 0.4776
2025-03-28 11:44:28,544 - INFO - Epoch 16 - loss: 0.1526 - mae: 0.3531 - val_loss: 0.2244 - val_mae: 0.5340
2025-03-28 11:44:29,541 - INFO - Epoch 17 - loss: 0.1491 - mae: 0.3510 - val_loss: 0.2966 - val_mae: 0.6405
2025-03-28 11:44:30,512 - INFO - Epoch 18 - loss: 0.1460 - mae: 0.3476 - val_loss: 0.2541 - val_mae: 0.5842
2025-03-28 11:44:31,508 - INFO - Epoch 19 - loss: 0.1409 - mae: 0.3432 - val_loss: 0.2522 - val_mae: 0.5878
2025-03-28 11:44:32,483 - INFO - Epoch 20 - loss: 0.1387 - mae: 0.3422 - val_loss: 0.2289 - val_mae: 0.5464
2025-03-28 11:44:33,552 - INFO - Epoch 21 - loss: 0.1365 - mae: 0.3409 - val_loss: 0.2359 - val_mae: 0.5593
2025-03-28 11:44:34,540 - INFO - Epoch 22 - loss: 0.1351 - mae: 0.3405 - val_loss: 0.2649 - val_mae: 0.6119
2025-03-28 11:44:35,502 - INFO - Epoch 23 - loss: 0.1328 - mae: 0.3384 - val_loss: 0.2343 - val_mae: 0.5587
2025-03-28 11:44:36,487 - INFO - Epoch 24 - loss: 0.1305 - mae: 0.3367 - val_loss: 0.2234 - val_mae: 0.5566
2025-03-28 11:44:37,449 - INFO - Epoch 25 - loss: 0.1292 - mae: 0.3366 - val_loss: 0.2318 - val_mae: 0.5651
2025-03-28 11:44:38,442 - INFO - Epoch 26 - loss: 0.1258 - mae: 0.3328 - val_loss: 0.2842 - val_mae: 0.6419
2025-03-28 11:44:39,410 - INFO - Epoch 27 - loss: 0.1251 - mae: 0.3319 - val_loss: 0.2988 - val_mae: 0.6572
2025-03-28 11:44:40,406 - INFO - Epoch 28 - loss: 0.1237 - mae: 0.3304 - val_loss: 0.2880 - val_mae: 0.6452
2025-03-28 11:44:41,375 - INFO - Epoch 29 - loss: 0.1221 - mae: 0.3292 - val_loss: 0.2868 - val_mae: 0.6366
2025-03-28 11:44:42,367 - INFO - Epoch 30 - loss: 0.1216 - mae: 0.3283 - val_loss: 0.2810 - val_mae: 0.6323
2025-03-28 11:44:43,315 - INFO - Epoch 31 - loss: 0.1174 - mae: 0.3211 - val_loss: 0.2718 - val_mae: 0.6319
2025-03-28 11:44:44,291 - INFO - Epoch 32 - loss: 0.1138 - mae: 0.3144 - val_loss: 0.2648 - val_mae: 0.6235
2025-03-28 11:44:45,265 - INFO - Epoch 33 - loss: 0.1147 - mae: 0.3161 - val_loss: 0.2802 - val_mae: 0.6446
2025-03-28 11:44:46,223 - INFO - Epoch 34 - loss: 0.1122 - mae: 0.3122 - val_loss: 0.2658 - val_mae: 0.6243
2025-03-28 11:44:47,241 - INFO - Epoch 35 - loss: 0.1124 - mae: 0.3132 - val_loss: 0.2729 - val_mae: 0.6365
2025-03-28 11:44:48,203 - INFO - Epoch 36 - loss: 0.1141 - mae: 0.3158 - val_loss: 0.2540 - val_mae: 0.6087
2025-03-28 11:44:49,200 - INFO - Epoch 37 - loss: 0.1127 - mae: 0.3144 - val_loss: 0.2997 - val_mae: 0.6723
2025-03-28 11:44:50,191 - INFO - Epoch 38 - loss: 0.1118 - mae: 0.3133 - val_loss: 0.3017 - val_mae: 0.6754
2025-03-28 11:44:51,179 - INFO - Epoch 39 - loss: 0.1107 - mae: 0.3123 - val_loss: 0.2772 - val_mae: 0.6459
2025-03-28 11:44:52,123 - INFO - Epoch 40 - loss: 0.1103 - mae: 0.3112 - val_loss: 0.3228 - val_mae: 0.7066
2025-03-28 11:44:53,113 - INFO - Epoch 41 - loss: 0.1108 - mae: 0.3131 - val_loss: 0.2810 - val_mae: 0.6451
2025-03-28 11:44:54,080 - INFO - Epoch 42 - loss: 0.1100 - mae: 0.3099 - val_loss: 0.2807 - val_mae: 0.6462
2025-03-28 11:44:55,051 - INFO - Epoch 43 - loss: 0.1088 - mae: 0.3096 - val_loss: 0.3075 - val_mae: 0.6885
2025-03-28 11:44:56,020 - INFO - Epoch 44 - loss: 0.1106 - mae: 0.3139 - val_loss: 0.3062 - val_mae: 0.6841
2025-03-28 11:44:56,970 - INFO - Epoch 45 - loss: 0.1089 - mae: 0.3098 - val_loss: 0.2884 - val_mae: 0.6580
2025-03-28 11:44:56,977 - INFO - Training completed in 49.20 seconds
2025-03-28 11:44:56,978 - INFO - Final training loss: 0.1089
2025-03-28 11:44:56,978 - INFO - Final validation loss: 0.2884
2025-03-28 11:44:56,979 - INFO - Evaluating predictions for Borivali
2025-03-28 11:44:56,980 - INFO - Preparing sequences from data with shape: (1080, 4)
2025-03-28 11:44:56,993 - INFO - Creating 1051 sequences...
2025-03-28 11:44:56,995 - INFO - Sequence preparation completed. X shape: (1051, 24, 47), y shape: (1051, 6)
2025-03-28 11:44:56,995 - INFO - Sequence preparation took 0.02 seconds
2025-03-28 11:44:57,751 - INFO - Evaluation completed in 0.77 seconds
2025-03-28 11:44:57,751 - INFO - Evaluation metrics - MAE: 34.22, RMSE: 37.02
2025-03-28 11:44:57,752 - INFO - Generating prediction plots for Borivali
2025-03-28 11:44:58,265 - INFO - Saved prediction plot to predictions/lstm_prediction_Borivali.png
2025-03-28 11:44:58,642 - INFO - Saved error distribution plot to predictions/lstm_error_distribution_Borivali.png
2025-03-28 11:44:58,642 - INFO - 
Final Evaluation Results:
2025-03-28 11:44:58,642 - INFO - MAE: 34.22
2025-03-28 11:44:58,642 - INFO - RMSE: 37.02
2025-03-28 11:44:58,642 - INFO - Initializing LSTM Predictor for Colaba
2025-03-28 11:44:58,642 - INFO - Sequence length: 24, Prediction horizon: 6
2025-03-28 11:44:58,643 - INFO - Loading cleaned data from cleaned_data\Colaba_spatial_average.csv
2025-03-28 11:44:58,651 - INFO - Loaded cleaned data with shape: (4776, 4)
2025-03-28 11:44:58,651 - INFO - Features selected: ['PM10', 'RH', 'AT']
2025-03-28 11:44:58,652 - INFO - Starting model training with 3820 samples
2025-03-28 11:44:58,652 - INFO - Training parameters - epochs: 200, batch_size: 32, validation_split: 0.2
2025-03-28 11:44:58,652 - INFO - Preparing sequences from data with shape: (3820, 4)
2025-03-28 11:44:58,669 - INFO - Creating 3791 sequences...
2025-03-28 11:44:58,676 - INFO - Sequence preparation completed. X shape: (3791, 24, 47), y shape: (3791, 6)
2025-03-28 11:44:58,676 - INFO - Sequence preparation took 0.02 seconds
2025-03-28 11:44:58,677 - INFO - Building LSTM model with attention, input shape: (24, 47)
2025-03-28 11:44:58,738 - INFO - Model architecture:
2025-03-28 11:45:03,966 - INFO - Epoch 1 - loss: 0.8752 - mae: 0.7372 - val_loss: 0.6654 - val_mae: 0.6222
2025-03-28 11:45:04,983 - INFO - Epoch 2 - loss: 0.6261 - mae: 0.6322 - val_loss: 0.5612 - val_mae: 0.6358
2025-03-28 11:45:06,009 - INFO - Epoch 3 - loss: 0.4956 - mae: 0.5743 - val_loss: 0.4855 - val_mae: 0.6210
2025-03-28 11:45:07,024 - INFO - Epoch 4 - loss: 0.4292 - mae: 0.5514 - val_loss: 0.4642 - val_mae: 0.6377
2025-03-28 11:45:08,020 - INFO - Epoch 5 - loss: 0.3743 - mae: 0.5213 - val_loss: 0.4719 - val_mae: 0.6792
2025-03-28 11:45:09,098 - INFO - Epoch 6 - loss: 0.3421 - mae: 0.5094 - val_loss: 0.4537 - val_mae: 0.6739
2025-03-28 11:45:10,089 - INFO - Epoch 7 - loss: 0.3146 - mae: 0.4947 - val_loss: 0.4660 - val_mae: 0.7151
2025-03-28 11:45:11,061 - INFO - Epoch 8 - loss: 0.2910 - mae: 0.4795 - val_loss: 0.4804 - val_mae: 0.7550
2025-03-28 11:45:12,000 - INFO - Epoch 9 - loss: 0.2777 - mae: 0.4766 - val_loss: 0.4820 - val_mae: 0.7687
2025-03-28 11:45:12,988 - INFO - Epoch 10 - loss: 0.2673 - mae: 0.4728 - val_loss: 0.5183 - val_mae: 0.8206
2025-03-28 11:45:13,950 - INFO - Epoch 11 - loss: 0.2572 - mae: 0.4687 - val_loss: 0.4793 - val_mae: 0.7869
2025-03-28 11:45:14,987 - INFO - Epoch 12 - loss: 0.2456 - mae: 0.4596 - val_loss: 0.4870 - val_mae: 0.7969
2025-03-28 11:45:16,008 - INFO - Epoch 13 - loss: 0.2357 - mae: 0.4508 - val_loss: 0.4534 - val_mae: 0.7630
2025-03-28 11:45:17,000 - INFO - Epoch 14 - loss: 0.2301 - mae: 0.4487 - val_loss: 0.4924 - val_mae: 0.8169
2025-03-28 11:45:17,964 - INFO - Epoch 15 - loss: 0.2208 - mae: 0.4418 - val_loss: 0.5025 - val_mae: 0.8296
2025-03-28 11:45:18,990 - INFO - Epoch 16 - loss: 0.2161 - mae: 0.4383 - val_loss: 0.4248 - val_mae: 0.7372
2025-03-28 11:45:19,952 - INFO - Epoch 17 - loss: 0.2116 - mae: 0.4338 - val_loss: 0.5184 - val_mae: 0.8517
2025-03-28 11:45:21,005 - INFO - Epoch 18 - loss: 0.2034 - mae: 0.4255 - val_loss: 0.4806 - val_mae: 0.8113
2025-03-28 11:45:21,984 - INFO - Epoch 19 - loss: 0.1956 - mae: 0.4164 - val_loss: 0.4435 - val_mae: 0.7710
2025-03-28 11:45:22,950 - INFO - Epoch 20 - loss: 0.1947 - mae: 0.4184 - val_loss: 0.5810 - val_mae: 0.9310
2025-03-28 11:45:23,920 - INFO - Epoch 21 - loss: 0.1893 - mae: 0.4119 - val_loss: 0.5077 - val_mae: 0.8509
2025-03-28 11:45:24,883 - INFO - Epoch 22 - loss: 0.1866 - mae: 0.4102 - val_loss: 0.5005 - val_mae: 0.8445
2025-03-28 11:45:25,906 - INFO - Epoch 23 - loss: 0.1865 - mae: 0.4113 - val_loss: 0.5280 - val_mae: 0.8719
2025-03-28 11:45:26,977 - INFO - Epoch 24 - loss: 0.1819 - mae: 0.4057 - val_loss: 0.5410 - val_mae: 0.8908
2025-03-28 11:45:28,039 - INFO - Epoch 25 - loss: 0.1782 - mae: 0.4014 - val_loss: 0.5051 - val_mae: 0.8449
2025-03-28 11:45:29,005 - INFO - Epoch 26 - loss: 0.1764 - mae: 0.4016 - val_loss: 0.5191 - val_mae: 0.8674
2025-03-28 11:45:30,000 - INFO - Epoch 27 - loss: 0.1732 - mae: 0.3971 - val_loss: 0.5405 - val_mae: 0.8902
2025-03-28 11:45:30,960 - INFO - Epoch 28 - loss: 0.1732 - mae: 0.3978 - val_loss: 0.5454 - val_mae: 0.8924
2025-03-28 11:45:31,918 - INFO - Epoch 29 - loss: 0.1690 - mae: 0.3920 - val_loss: 0.4577 - val_mae: 0.7929
2025-03-28 11:45:32,930 - INFO - Epoch 30 - loss: 0.1663 - mae: 0.3894 - val_loss: 0.5380 - val_mae: 0.8850
2025-03-28 11:45:33,913 - INFO - Epoch 31 - loss: 0.1660 - mae: 0.3899 - val_loss: 0.5106 - val_mae: 0.8630
2025-03-28 11:45:34,876 - INFO - Epoch 32 - loss: 0.1588 - mae: 0.3772 - val_loss: 0.5053 - val_mae: 0.8533
2025-03-28 11:45:35,835 - INFO - Epoch 33 - loss: 0.1557 - mae: 0.3740 - val_loss: 0.5339 - val_mae: 0.8832
2025-03-28 11:45:36,810 - INFO - Epoch 34 - loss: 0.1551 - mae: 0.3718 - val_loss: 0.5092 - val_mae: 0.8568
2025-03-28 11:45:37,758 - INFO - Epoch 35 - loss: 0.1521 - mae: 0.3675 - val_loss: 0.5433 - val_mae: 0.8956
2025-03-28 11:45:38,730 - INFO - Epoch 36 - loss: 0.1524 - mae: 0.3673 - val_loss: 0.5400 - val_mae: 0.8920
2025-03-28 11:45:39,704 - INFO - Epoch 37 - loss: 0.1514 - mae: 0.3676 - val_loss: 0.5561 - val_mae: 0.9077
2025-03-28 11:45:40,682 - INFO - Epoch 38 - loss: 0.1536 - mae: 0.3707 - val_loss: 0.5628 - val_mae: 0.9182
2025-03-28 11:45:41,663 - INFO - Epoch 39 - loss: 0.1514 - mae: 0.3683 - val_loss: 0.5536 - val_mae: 0.9063
2025-03-28 11:45:42,636 - INFO - Epoch 40 - loss: 0.1498 - mae: 0.3655 - val_loss: 0.5314 - val_mae: 0.8823
2025-03-28 11:45:43,575 - INFO - Epoch 41 - loss: 0.1478 - mae: 0.3630 - val_loss: 0.5398 - val_mae: 0.8931
2025-03-28 11:45:44,530 - INFO - Epoch 42 - loss: 0.1492 - mae: 0.3651 - val_loss: 0.5458 - val_mae: 0.9012
2025-03-28 11:45:45,502 - INFO - Epoch 43 - loss: 0.1495 - mae: 0.3655 - val_loss: 0.5326 - val_mae: 0.8857
2025-03-28 11:45:46,452 - INFO - Epoch 44 - loss: 0.1496 - mae: 0.3665 - val_loss: 0.5500 - val_mae: 0.9040
2025-03-28 11:45:47,424 - INFO - Epoch 45 - loss: 0.1467 - mae: 0.3616 - val_loss: 0.5705 - val_mae: 0.9273
2025-03-28 11:45:48,368 - INFO - Epoch 46 - loss: 0.1470 - mae: 0.3631 - val_loss: 0.5530 - val_mae: 0.9102
2025-03-28 11:45:48,375 - INFO - Training completed in 49.72 seconds
2025-03-28 11:45:48,376 - INFO - Final training loss: 0.1470
2025-03-28 11:45:48,376 - INFO - Final validation loss: 0.5530
2025-03-28 11:45:48,376 - INFO - Evaluating predictions for Colaba
2025-03-28 11:45:48,376 - INFO - Preparing sequences from data with shape: (956, 4)
2025-03-28 11:45:48,391 - INFO - Creating 927 sequences...
2025-03-28 11:45:48,394 - INFO - Sequence preparation completed. X shape: (927, 24, 47), y shape: (927, 6)
2025-03-28 11:45:48,394 - INFO - Sequence preparation took 0.02 seconds
2025-03-28 11:45:49,141 - INFO - Evaluation completed in 0.76 seconds
2025-03-28 11:45:49,141 - INFO - Evaluation metrics - MAE: 21.94, RMSE: 24.98
2025-03-28 11:45:49,142 - INFO - Generating prediction plots for Colaba
2025-03-28 11:45:49,687 - INFO - Saved prediction plot to predictions/lstm_prediction_Colaba.png
2025-03-28 11:45:50,055 - INFO - Saved error distribution plot to predictions/lstm_error_distribution_Colaba.png
2025-03-28 11:45:50,055 - INFO - 
Final Evaluation Results:
2025-03-28 11:45:50,055 - INFO - MAE: 21.94
2025-03-28 11:45:50,055 - INFO - RMSE: 24.98
2025-03-28 11:45:50,055 - INFO - Initializing LSTM Predictor for Kalyan
2025-03-28 11:45:50,056 - INFO - Sequence length: 24, Prediction horizon: 6
2025-03-28 11:45:50,056 - INFO - Loading cleaned data from cleaned_data\Kalyan_spatial_average.csv
2025-03-28 11:45:50,065 - INFO - Loaded cleaned data with shape: (5404, 4)
2025-03-28 11:45:50,066 - INFO - Features selected: ['PM10', 'RH', 'AT']
2025-03-28 11:45:50,066 - INFO - Starting model training with 4323 samples
2025-03-28 11:45:50,066 - INFO - Training parameters - epochs: 200, batch_size: 32, validation_split: 0.2
2025-03-28 11:45:50,066 - INFO - Preparing sequences from data with shape: (4323, 4)
2025-03-28 11:45:50,084 - INFO - Creating 4294 sequences...
2025-03-28 11:45:50,093 - INFO - Sequence preparation completed. X shape: (4294, 24, 47), y shape: (4294, 6)
2025-03-28 11:45:50,093 - INFO - Sequence preparation took 0.03 seconds
2025-03-28 11:45:50,094 - INFO - Building LSTM model with attention, input shape: (24, 47)
2025-03-28 11:45:50,155 - INFO - Model architecture:
2025-03-28 11:45:55,374 - INFO - Epoch 1 - loss: 0.8228 - mae: 0.6791 - val_loss: 0.5741 - val_mae: 0.5462
2025-03-28 11:45:56,407 - INFO - Epoch 2 - loss: 0.5597 - mae: 0.5740 - val_loss: 0.4382 - val_mae: 0.5205
2025-03-28 11:45:57,438 - INFO - Epoch 3 - loss: 0.4389 - mae: 0.5292 - val_loss: 0.4005 - val_mae: 0.5637
2025-03-28 11:45:58,523 - INFO - Epoch 4 - loss: 0.3677 - mae: 0.4946 - val_loss: 0.3230 - val_mae: 0.4943
2025-03-28 11:45:59,599 - INFO - Epoch 5 - loss: 0.3196 - mae: 0.4676 - val_loss: 0.3523 - val_mae: 0.5807
2025-03-28 11:46:00,593 - INFO - Epoch 6 - loss: 0.2847 - mae: 0.4439 - val_loss: 0.3291 - val_mae: 0.5614
2025-03-28 11:46:01,615 - INFO - Epoch 7 - loss: 0.2629 - mae: 0.4313 - val_loss: 0.3099 - val_mae: 0.5581
2025-03-28 11:46:02,632 - INFO - Epoch 8 - loss: 0.2439 - mae: 0.4184 - val_loss: 0.3339 - val_mae: 0.6021
2025-03-28 11:46:03,603 - INFO - Epoch 9 - loss: 0.2287 - mae: 0.4082 - val_loss: 0.3322 - val_mae: 0.6146
2025-03-28 11:46:04,682 - INFO - Epoch 10 - loss: 0.2168 - mae: 0.3995 - val_loss: 0.2977 - val_mae: 0.5740
2025-03-28 11:46:05,731 - INFO - Epoch 11 - loss: 0.2110 - mae: 0.3976 - val_loss: 0.3161 - val_mae: 0.6060
2025-03-28 11:46:06,744 - INFO - Epoch 12 - loss: 0.1981 - mae: 0.3844 - val_loss: 0.2982 - val_mae: 0.5933
2025-03-28 11:46:07,775 - INFO - Epoch 13 - loss: 0.1927 - mae: 0.3821 - val_loss: 0.2818 - val_mae: 0.5570
2025-03-28 11:46:08,789 - INFO - Epoch 14 - loss: 0.1881 - mae: 0.3804 - val_loss: 0.3021 - val_mae: 0.5919
2025-03-28 11:46:09,764 - INFO - Epoch 15 - loss: 0.1797 - mae: 0.3697 - val_loss: 0.3364 - val_mae: 0.6483
2025-03-28 11:46:10,795 - INFO - Epoch 16 - loss: 0.1780 - mae: 0.3715 - val_loss: 0.3388 - val_mae: 0.6593
2025-03-28 11:46:11,832 - INFO - Epoch 17 - loss: 0.1697 - mae: 0.3617 - val_loss: 0.2869 - val_mae: 0.5925
2025-03-28 11:46:12,878 - INFO - Epoch 18 - loss: 0.1689 - mae: 0.3640 - val_loss: 0.2763 - val_mae: 0.5672
2025-03-28 11:46:13,869 - INFO - Epoch 19 - loss: 0.1637 - mae: 0.3582 - val_loss: 0.2954 - val_mae: 0.5962
2025-03-28 11:46:14,913 - INFO - Epoch 20 - loss: 0.1624 - mae: 0.3568 - val_loss: 0.2756 - val_mae: 0.5703
2025-03-28 11:46:15,942 - INFO - Epoch 21 - loss: 0.1593 - mae: 0.3557 - val_loss: 0.2602 - val_mae: 0.5562
2025-03-28 11:46:17,039 - INFO - Epoch 22 - loss: 0.1545 - mae: 0.3506 - val_loss: 0.2587 - val_mae: 0.5545
2025-03-28 11:46:18,067 - INFO - Epoch 23 - loss: 0.1530 - mae: 0.3490 - val_loss: 0.2589 - val_mae: 0.5529
2025-03-28 11:46:19,061 - INFO - Epoch 24 - loss: 0.1519 - mae: 0.3481 - val_loss: 0.2620 - val_mae: 0.5622
2025-03-28 11:46:20,053 - INFO - Epoch 25 - loss: 0.1491 - mae: 0.3458 - val_loss: 0.2812 - val_mae: 0.5971
2025-03-28 11:46:21,086 - INFO - Epoch 26 - loss: 0.1500 - mae: 0.3482 - val_loss: 0.2376 - val_mae: 0.5171
2025-03-28 11:46:22,095 - INFO - Epoch 27 - loss: 0.1430 - mae: 0.3383 - val_loss: 0.2702 - val_mae: 0.5866
2025-03-28 11:46:23,114 - INFO - Epoch 28 - loss: 0.1449 - mae: 0.3417 - val_loss: 0.2787 - val_mae: 0.5959
2025-03-28 11:46:24,155 - INFO - Epoch 29 - loss: 0.1422 - mae: 0.3396 - val_loss: 0.2794 - val_mae: 0.5958
2025-03-28 11:46:25,143 - INFO - Epoch 30 - loss: 0.1411 - mae: 0.3376 - val_loss: 0.2950 - val_mae: 0.6278
2025-03-28 11:46:26,145 - INFO - Epoch 31 - loss: 0.1402 - mae: 0.3390 - val_loss: 0.2514 - val_mae: 0.5504
2025-03-28 11:46:27,124 - INFO - Epoch 32 - loss: 0.1386 - mae: 0.3364 - val_loss: 0.2534 - val_mae: 0.5536
2025-03-28 11:46:28,176 - INFO - Epoch 33 - loss: 0.1340 - mae: 0.3290 - val_loss: 0.2394 - val_mae: 0.5352
2025-03-28 11:46:29,202 - INFO - Epoch 34 - loss: 0.1351 - mae: 0.3316 - val_loss: 0.2642 - val_mae: 0.5759
2025-03-28 11:46:30,262 - INFO - Epoch 35 - loss: 0.1325 - mae: 0.3269 - val_loss: 0.2546 - val_mae: 0.5546
2025-03-28 11:46:31,315 - INFO - Epoch 36 - loss: 0.1320 - mae: 0.3277 - val_loss: 0.2343 - val_mae: 0.5306
2025-03-28 11:46:32,416 - INFO - Epoch 37 - loss: 0.1301 - mae: 0.3253 - val_loss: 0.2271 - val_mae: 0.5199
2025-03-28 11:46:33,433 - INFO - Epoch 38 - loss: 0.1320 - mae: 0.3313 - val_loss: 0.2620 - val_mae: 0.5682
2025-03-28 11:46:34,574 - INFO - Epoch 39 - loss: 0.1284 - mae: 0.3237 - val_loss: 0.2535 - val_mae: 0.5523
2025-03-28 11:46:35,817 - INFO - Epoch 40 - loss: 0.1296 - mae: 0.3276 - val_loss: 0.2645 - val_mae: 0.5731
2025-03-28 11:46:36,879 - INFO - Epoch 41 - loss: 0.1289 - mae: 0.3250 - val_loss: 0.2390 - val_mae: 0.5461
2025-03-28 11:46:37,872 - INFO - Epoch 42 - loss: 0.1303 - mae: 0.3279 - val_loss: 0.2453 - val_mae: 0.5507
2025-03-28 11:46:38,883 - INFO - Epoch 43 - loss: 0.1301 - mae: 0.3285 - val_loss: 0.2385 - val_mae: 0.5381
2025-03-28 11:46:39,866 - INFO - Epoch 44 - loss: 0.1271 - mae: 0.3234 - val_loss: 0.2879 - val_mae: 0.6039
2025-03-28 11:46:40,858 - INFO - Epoch 45 - loss: 0.1278 - mae: 0.3256 - val_loss: 0.2303 - val_mae: 0.5239
2025-03-28 11:46:41,848 - INFO - Epoch 46 - loss: 0.1238 - mae: 0.3184 - val_loss: 0.2841 - val_mae: 0.6092
2025-03-28 11:46:42,814 - INFO - Epoch 47 - loss: 0.1228 - mae: 0.3177 - val_loss: 0.2835 - val_mae: 0.6055
2025-03-28 11:46:43,824 - INFO - Epoch 48 - loss: 0.1277 - mae: 0.3270 - val_loss: 0.2516 - val_mae: 0.5554
2025-03-28 11:46:44,809 - INFO - Epoch 49 - loss: 0.1231 - mae: 0.3192 - val_loss: 0.2734 - val_mae: 0.5791
2025-03-28 11:46:45,865 - INFO - Epoch 50 - loss: 0.1246 - mae: 0.3228 - val_loss: 0.2626 - val_mae: 0.5629
2025-03-28 11:46:46,853 - INFO - Epoch 51 - loss: 0.1236 - mae: 0.3213 - val_loss: 0.2704 - val_mae: 0.5772
2025-03-28 11:46:47,861 - INFO - Epoch 52 - loss: 0.1199 - mae: 0.3137 - val_loss: 0.2609 - val_mae: 0.5629
2025-03-28 11:46:48,825 - INFO - Epoch 53 - loss: 0.1137 - mae: 0.3025 - val_loss: 0.2736 - val_mae: 0.5867
2025-03-28 11:46:49,819 - INFO - Epoch 54 - loss: 0.1112 - mae: 0.2993 - val_loss: 0.2740 - val_mae: 0.5857
2025-03-28 11:46:50,790 - INFO - Epoch 55 - loss: 0.1091 - mae: 0.2939 - val_loss: 0.2670 - val_mae: 0.5777
2025-03-28 11:46:51,809 - INFO - Epoch 56 - loss: 0.1100 - mae: 0.2953 - val_loss: 0.2788 - val_mae: 0.5926
2025-03-28 11:46:52,790 - INFO - Epoch 57 - loss: 0.1109 - mae: 0.2978 - val_loss: 0.2756 - val_mae: 0.5820
2025-03-28 11:46:53,794 - INFO - Epoch 58 - loss: 0.1087 - mae: 0.2946 - val_loss: 0.2656 - val_mae: 0.5745
2025-03-28 11:46:54,779 - INFO - Epoch 59 - loss: 0.1095 - mae: 0.2951 - val_loss: 0.2739 - val_mae: 0.5831
2025-03-28 11:46:55,754 - INFO - Epoch 60 - loss: 0.1088 - mae: 0.2940 - val_loss: 0.2904 - val_mae: 0.6095
2025-03-28 11:46:56,788 - INFO - Epoch 61 - loss: 0.1079 - mae: 0.2924 - val_loss: 0.2833 - val_mae: 0.5983
2025-03-28 11:46:57,821 - INFO - Epoch 62 - loss: 0.1079 - mae: 0.2941 - val_loss: 0.2515 - val_mae: 0.5475
2025-03-28 11:46:58,815 - INFO - Epoch 63 - loss: 0.1088 - mae: 0.2953 - val_loss: 0.2626 - val_mae: 0.5704
2025-03-28 11:46:59,791 - INFO - Epoch 64 - loss: 0.1065 - mae: 0.2913 - val_loss: 0.2819 - val_mae: 0.5956
2025-03-28 11:47:00,794 - INFO - Epoch 65 - loss: 0.1077 - mae: 0.2952 - val_loss: 0.2973 - val_mae: 0.6201
2025-03-28 11:47:01,778 - INFO - Epoch 66 - loss: 0.1075 - mae: 0.2922 - val_loss: 0.2621 - val_mae: 0.5655
2025-03-28 11:47:02,777 - INFO - Epoch 67 - loss: 0.1068 - mae: 0.2923 - val_loss: 0.2849 - val_mae: 0.5965
2025-03-28 11:47:02,785 - INFO - Training completed in 72.72 seconds
2025-03-28 11:47:02,785 - INFO - Final training loss: 0.1068
2025-03-28 11:47:02,785 - INFO - Final validation loss: 0.2849
2025-03-28 11:47:02,786 - INFO - Evaluating predictions for Kalyan
2025-03-28 11:47:02,787 - INFO - Preparing sequences from data with shape: (1081, 4)
2025-03-28 11:47:02,800 - INFO - Creating 1052 sequences...
2025-03-28 11:47:02,802 - INFO - Sequence preparation completed. X shape: (1052, 24, 47), y shape: (1052, 6)
2025-03-28 11:47:02,802 - INFO - Sequence preparation took 0.02 seconds
2025-03-28 11:47:03,520 - INFO - Evaluation completed in 0.73 seconds
2025-03-28 11:47:03,521 - INFO - Evaluation metrics - MAE: 42.93, RMSE: 45.72
2025-03-28 11:47:03,521 - INFO - Generating prediction plots for Kalyan
2025-03-28 11:47:04,069 - INFO - Saved prediction plot to predictions/lstm_prediction_Kalyan.png
2025-03-28 11:47:04,470 - INFO - Saved error distribution plot to predictions/lstm_error_distribution_Kalyan.png
2025-03-28 11:47:04,470 - INFO - 
Final Evaluation Results:
2025-03-28 11:47:04,470 - INFO - MAE: 42.93
2025-03-28 11:47:04,470 - INFO - RMSE: 45.72
2025-03-28 11:47:04,470 - INFO - Initializing LSTM Predictor for Kandivali
2025-03-28 11:47:04,470 - INFO - Sequence length: 24, Prediction horizon: 6
2025-03-28 11:47:04,471 - INFO - Loading cleaned data from cleaned_data\Kandivali_spatial_average.csv
2025-03-28 11:47:04,479 - INFO - Loaded cleaned data with shape: (4776, 4)
2025-03-28 11:47:04,480 - INFO - Features selected: ['PM10', 'RH', 'AT']
2025-03-28 11:47:04,480 - INFO - Starting model training with 3820 samples
2025-03-28 11:47:04,480 - INFO - Training parameters - epochs: 200, batch_size: 32, validation_split: 0.2
2025-03-28 11:47:04,480 - INFO - Preparing sequences from data with shape: (3820, 4)
2025-03-28 11:47:04,498 - INFO - Creating 3791 sequences...
2025-03-28 11:47:04,506 - INFO - Sequence preparation completed. X shape: (3791, 24, 47), y shape: (3791, 6)
2025-03-28 11:47:04,506 - INFO - Sequence preparation took 0.03 seconds
2025-03-28 11:47:04,506 - INFO - Building LSTM model with attention, input shape: (24, 47)
2025-03-28 11:47:04,571 - INFO - Model architecture:
2025-03-28 11:47:09,387 - INFO - Epoch 1 - loss: 0.8007 - mae: 0.6304 - val_loss: 0.6869 - val_mae: 0.6607
2025-03-28 11:47:10,306 - INFO - Epoch 2 - loss: 0.5513 - mae: 0.5234 - val_loss: 0.5009 - val_mae: 0.5665
2025-03-28 11:47:11,285 - INFO - Epoch 3 - loss: 0.4277 - mae: 0.4729 - val_loss: 0.3971 - val_mae: 0.5048
2025-03-28 11:47:12,197 - INFO - Epoch 4 - loss: 0.3518 - mae: 0.4379 - val_loss: 0.3663 - val_mae: 0.5216
2025-03-28 11:47:13,118 - INFO - Epoch 5 - loss: 0.3064 - mae: 0.4229 - val_loss: 0.3468 - val_mae: 0.5328
2025-03-28 11:47:14,059 - INFO - Epoch 6 - loss: 0.2737 - mae: 0.4090 - val_loss: 0.3366 - val_mae: 0.5412
2025-03-28 11:47:14,983 - INFO - Epoch 7 - loss: 0.2494 - mae: 0.3971 - val_loss: 0.3168 - val_mae: 0.5215
2025-03-28 11:47:15,933 - INFO - Epoch 8 - loss: 0.2327 - mae: 0.3914 - val_loss: 0.3142 - val_mae: 0.5437
2025-03-28 11:47:16,799 - INFO - Epoch 9 - loss: 0.2138 - mae: 0.3756 - val_loss: 0.3389 - val_mae: 0.6028
2025-03-28 11:47:17,805 - INFO - Epoch 10 - loss: 0.2009 - mae: 0.3679 - val_loss: 0.2958 - val_mae: 0.5454
2025-03-28 11:47:18,709 - INFO - Epoch 11 - loss: 0.1871 - mae: 0.3572 - val_loss: 0.3002 - val_mae: 0.5638
2025-03-28 11:47:19,609 - INFO - Epoch 12 - loss: 0.1747 - mae: 0.3445 - val_loss: 0.3432 - val_mae: 0.6269
2025-03-28 11:47:20,497 - INFO - Epoch 13 - loss: 0.1726 - mae: 0.3501 - val_loss: 0.3087 - val_mae: 0.5838
2025-03-28 11:47:21,387 - INFO - Epoch 14 - loss: 0.1592 - mae: 0.3308 - val_loss: 0.3669 - val_mae: 0.6619
2025-03-28 11:47:22,312 - INFO - Epoch 15 - loss: 0.1556 - mae: 0.3313 - val_loss: 0.2892 - val_mae: 0.5622
2025-03-28 11:47:23,196 - INFO - Epoch 16 - loss: 0.1512 - mae: 0.3298 - val_loss: 0.3242 - val_mae: 0.6046
2025-03-28 11:47:24,156 - INFO - Epoch 17 - loss: 0.1531 - mae: 0.3362 - val_loss: 0.3217 - val_mae: 0.6160
2025-03-28 11:47:25,077 - INFO - Epoch 18 - loss: 0.1394 - mae: 0.3149 - val_loss: 0.3229 - val_mae: 0.6144
2025-03-28 11:47:25,940 - INFO - Epoch 19 - loss: 0.1348 - mae: 0.3115 - val_loss: 0.3445 - val_mae: 0.6505
2025-03-28 11:47:26,846 - INFO - Epoch 20 - loss: 0.1311 - mae: 0.3076 - val_loss: 0.3892 - val_mae: 0.7053
2025-03-28 11:47:27,730 - INFO - Epoch 21 - loss: 0.1286 - mae: 0.3085 - val_loss: 0.3293 - val_mae: 0.6340
2025-03-28 11:47:28,668 - INFO - Epoch 22 - loss: 0.1285 - mae: 0.3082 - val_loss: 0.3489 - val_mae: 0.6656
2025-03-28 11:47:29,558 - INFO - Epoch 23 - loss: 0.1247 - mae: 0.3075 - val_loss: 0.3035 - val_mae: 0.5993
2025-03-28 11:47:30,499 - INFO - Epoch 24 - loss: 0.1193 - mae: 0.2988 - val_loss: 0.4096 - val_mae: 0.7407
2025-03-28 11:47:31,390 - INFO - Epoch 25 - loss: 0.1164 - mae: 0.2957 - val_loss: 0.3801 - val_mae: 0.7056
2025-03-28 11:47:32,267 - INFO - Epoch 26 - loss: 0.1181 - mae: 0.3011 - val_loss: 0.3453 - val_mae: 0.6618
2025-03-28 11:47:33,176 - INFO - Epoch 27 - loss: 0.1164 - mae: 0.2976 - val_loss: 0.3647 - val_mae: 0.6846
2025-03-28 11:47:34,061 - INFO - Epoch 28 - loss: 0.1119 - mae: 0.2910 - val_loss: 0.3853 - val_mae: 0.7095
2025-03-28 11:47:34,987 - INFO - Epoch 29 - loss: 0.1122 - mae: 0.2947 - val_loss: 0.3467 - val_mae: 0.6646
2025-03-28 11:47:35,863 - INFO - Epoch 30 - loss: 0.1100 - mae: 0.2912 - val_loss: 0.3616 - val_mae: 0.6841
2025-03-28 11:47:36,736 - INFO - Epoch 31 - loss: 0.1047 - mae: 0.2817 - val_loss: 0.3526 - val_mae: 0.6719
2025-03-28 11:47:37,684 - INFO - Epoch 32 - loss: 0.1011 - mae: 0.2736 - val_loss: 0.3581 - val_mae: 0.6762
2025-03-28 11:47:38,590 - INFO - Epoch 33 - loss: 0.1000 - mae: 0.2740 - val_loss: 0.3406 - val_mae: 0.6514
2025-03-28 11:47:39,513 - INFO - Epoch 34 - loss: 0.0989 - mae: 0.2717 - val_loss: 0.3850 - val_mae: 0.7090
2025-03-28 11:47:40,410 - INFO - Epoch 35 - loss: 0.0993 - mae: 0.2710 - val_loss: 0.3734 - val_mae: 0.6928
2025-03-28 11:47:41,306 - INFO - Epoch 36 - loss: 0.0966 - mae: 0.2692 - val_loss: 0.3651 - val_mae: 0.6848
2025-03-28 11:47:42,298 - INFO - Epoch 37 - loss: 0.0970 - mae: 0.2690 - val_loss: 0.3778 - val_mae: 0.6985
2025-03-28 11:47:43,174 - INFO - Epoch 38 - loss: 0.0978 - mae: 0.2705 - val_loss: 0.3619 - val_mae: 0.6774
2025-03-28 11:47:44,092 - INFO - Epoch 39 - loss: 0.0966 - mae: 0.2674 - val_loss: 0.3730 - val_mae: 0.6958
2025-03-28 11:47:44,971 - INFO - Epoch 40 - loss: 0.0952 - mae: 0.2672 - val_loss: 0.3780 - val_mae: 0.7033
2025-03-28 11:47:45,874 - INFO - Epoch 41 - loss: 0.0978 - mae: 0.2713 - val_loss: 0.3730 - val_mae: 0.6964
2025-03-28 11:47:46,753 - INFO - Epoch 42 - loss: 0.0960 - mae: 0.2678 - val_loss: 0.3717 - val_mae: 0.6942
2025-03-28 11:47:47,611 - INFO - Epoch 43 - loss: 0.0955 - mae: 0.2673 - val_loss: 0.3848 - val_mae: 0.7136
2025-03-28 11:47:48,517 - INFO - Epoch 44 - loss: 0.0962 - mae: 0.2700 - val_loss: 0.3940 - val_mae: 0.7226
2025-03-28 11:47:49,389 - INFO - Epoch 45 - loss: 0.0963 - mae: 0.2693 - val_loss: 0.4031 - val_mae: 0.7349
2025-03-28 11:47:49,396 - INFO - Training completed in 44.92 seconds
2025-03-28 11:47:49,397 - INFO - Final training loss: 0.0963
2025-03-28 11:47:49,397 - INFO - Final validation loss: 0.4031
2025-03-28 11:47:49,398 - INFO - Evaluating predictions for Kandivali
2025-03-28 11:47:49,398 - INFO - Preparing sequences from data with shape: (956, 4)
2025-03-28 11:47:49,411 - INFO - Creating 927 sequences...
2025-03-28 11:47:49,414 - INFO - Sequence preparation completed. X shape: (927, 24, 47), y shape: (927, 6)
2025-03-28 11:47:49,414 - INFO - Sequence preparation took 0.02 seconds
2025-03-28 11:47:50,144 - INFO - Evaluation completed in 0.75 seconds
2025-03-28 11:47:50,144 - INFO - Evaluation metrics - MAE: 24.91, RMSE: 27.23
2025-03-28 11:47:50,145 - INFO - Generating prediction plots for Kandivali
2025-03-28 11:47:50,717 - INFO - Saved prediction plot to predictions/lstm_prediction_Kandivali.png
2025-03-28 11:47:51,096 - INFO - Saved error distribution plot to predictions/lstm_error_distribution_Kandivali.png
2025-03-28 11:47:51,097 - INFO - 
Final Evaluation Results:
2025-03-28 11:47:51,097 - INFO - MAE: 24.91
2025-03-28 11:47:51,098 - INFO - RMSE: 27.23
2025-03-28 11:47:51,098 - INFO - Initializing LSTM Predictor for Kurla
2025-03-28 11:47:51,098 - INFO - Sequence length: 24, Prediction horizon: 6
2025-03-28 11:47:51,098 - INFO - Loading cleaned data from cleaned_data\Kurla_spatial_average.csv
2025-03-28 11:47:51,106 - INFO - Loaded cleaned data with shape: (5400, 4)
2025-03-28 11:47:51,106 - INFO - Features selected: ['PM10', 'RH', 'AT']
2025-03-28 11:47:51,106 - INFO - Starting model training with 4320 samples
2025-03-28 11:47:51,107 - INFO - Training parameters - epochs: 200, batch_size: 32, validation_split: 0.2
2025-03-28 11:47:51,107 - INFO - Preparing sequences from data with shape: (4320, 4)
2025-03-28 11:47:51,124 - INFO - Creating 4291 sequences...
2025-03-28 11:47:51,134 - INFO - Sequence preparation completed. X shape: (4291, 24, 47), y shape: (4291, 6)
2025-03-28 11:47:51,134 - INFO - Sequence preparation took 0.03 seconds
2025-03-28 11:47:51,134 - INFO - Building LSTM model with attention, input shape: (24, 47)
2025-03-28 11:47:51,192 - INFO - Model architecture:
2025-03-28 11:47:56,594 - INFO - Epoch 1 - loss: 0.7411 - mae: 0.5849 - val_loss: 0.6797 - val_mae: 0.7461
2025-03-28 11:47:57,658 - INFO - Epoch 2 - loss: 0.4783 - mae: 0.4816 - val_loss: 0.4351 - val_mae: 0.5682
2025-03-28 11:47:58,749 - INFO - Epoch 3 - loss: 0.3657 - mae: 0.4496 - val_loss: 0.3675 - val_mae: 0.5675
2025-03-28 11:47:59,820 - INFO - Epoch 4 - loss: 0.3024 - mae: 0.4310 - val_loss: 0.3172 - val_mae: 0.5492
2025-03-28 11:48:00,879 - INFO - Epoch 5 - loss: 0.2659 - mae: 0.4199 - val_loss: 0.3305 - val_mae: 0.6127
2025-03-28 11:48:02,027 - INFO - Epoch 6 - loss: 0.2373 - mae: 0.4080 - val_loss: 0.2940 - val_mae: 0.5763
2025-03-28 11:48:03,153 - INFO - Epoch 7 - loss: 0.2158 - mae: 0.3961 - val_loss: 0.2884 - val_mae: 0.5843
2025-03-28 11:48:04,169 - INFO - Epoch 8 - loss: 0.2021 - mae: 0.3929 - val_loss: 0.2907 - val_mae: 0.6004
2025-03-28 11:48:05,265 - INFO - Epoch 9 - loss: 0.1938 - mae: 0.3910 - val_loss: 0.2279 - val_mae: 0.5120
2025-03-28 11:48:06,290 - INFO - Epoch 10 - loss: 0.1823 - mae: 0.3828 - val_loss: 0.2501 - val_mae: 0.5528
2025-03-28 11:48:07,373 - INFO - Epoch 11 - loss: 0.1732 - mae: 0.3758 - val_loss: 0.2457 - val_mae: 0.5559
2025-03-28 11:48:08,435 - INFO - Epoch 12 - loss: 0.1677 - mae: 0.3738 - val_loss: 0.2835 - val_mae: 0.6175
2025-03-28 11:48:09,507 - INFO - Epoch 13 - loss: 0.1600 - mae: 0.3668 - val_loss: 0.2714 - val_mae: 0.6051
2025-03-28 11:48:10,526 - INFO - Epoch 14 - loss: 0.1570 - mae: 0.3657 - val_loss: 0.2448 - val_mae: 0.5698
2025-03-28 11:48:11,581 - INFO - Epoch 15 - loss: 0.1513 - mae: 0.3620 - val_loss: 0.2759 - val_mae: 0.5964
2025-03-28 11:48:12,601 - INFO - Epoch 16 - loss: 0.1487 - mae: 0.3608 - val_loss: 0.2559 - val_mae: 0.5782
2025-03-28 11:48:13,621 - INFO - Epoch 17 - loss: 0.1439 - mae: 0.3550 - val_loss: 0.2966 - val_mae: 0.6499
2025-03-28 11:48:14,660 - INFO - Epoch 18 - loss: 0.1418 - mae: 0.3524 - val_loss: 0.2768 - val_mae: 0.6197
2025-03-28 11:48:15,676 - INFO - Epoch 19 - loss: 0.1410 - mae: 0.3535 - val_loss: 0.2802 - val_mae: 0.6227
2025-03-28 11:48:16,724 - INFO - Epoch 20 - loss: 0.1380 - mae: 0.3510 - val_loss: 0.3161 - val_mae: 0.6769
2025-03-28 11:48:17,731 - INFO - Epoch 21 - loss: 0.1376 - mae: 0.3527 - val_loss: 0.2916 - val_mae: 0.6461
2025-03-28 11:48:18,789 - INFO - Epoch 22 - loss: 0.1340 - mae: 0.3477 - val_loss: 0.3023 - val_mae: 0.6577
2025-03-28 11:48:19,804 - INFO - Epoch 23 - loss: 0.1329 - mae: 0.3475 - val_loss: 0.3010 - val_mae: 0.6518
2025-03-28 11:48:20,848 - INFO - Epoch 24 - loss: 0.1312 - mae: 0.3444 - val_loss: 0.2793 - val_mae: 0.6273
2025-03-28 11:48:21,878 - INFO - Epoch 25 - loss: 0.1256 - mae: 0.3347 - val_loss: 0.2942 - val_mae: 0.6502
2025-03-28 11:48:22,923 - INFO - Epoch 26 - loss: 0.1233 - mae: 0.3295 - val_loss: 0.3063 - val_mae: 0.6621
2025-03-28 11:48:23,927 - INFO - Epoch 27 - loss: 0.1228 - mae: 0.3282 - val_loss: 0.2995 - val_mae: 0.6499
2025-03-28 11:48:24,970 - INFO - Epoch 28 - loss: 0.1212 - mae: 0.3256 - val_loss: 0.2955 - val_mae: 0.6447
2025-03-28 11:48:25,975 - INFO - Epoch 29 - loss: 0.1191 - mae: 0.3227 - val_loss: 0.3016 - val_mae: 0.6507
2025-03-28 11:48:26,996 - INFO - Epoch 30 - loss: 0.1193 - mae: 0.3232 - val_loss: 0.3226 - val_mae: 0.6847
2025-03-28 11:48:28,039 - INFO - Epoch 31 - loss: 0.1189 - mae: 0.3219 - val_loss: 0.2899 - val_mae: 0.6360
2025-03-28 11:48:29,118 - INFO - Epoch 32 - loss: 0.1182 - mae: 0.3218 - val_loss: 0.3192 - val_mae: 0.6791
2025-03-28 11:48:30,202 - INFO - Epoch 33 - loss: 0.1164 - mae: 0.3190 - val_loss: 0.3097 - val_mae: 0.6654
2025-03-28 11:48:31,290 - INFO - Epoch 34 - loss: 0.1178 - mae: 0.3213 - val_loss: 0.2964 - val_mae: 0.6454
2025-03-28 11:48:32,310 - INFO - Epoch 35 - loss: 0.1156 - mae: 0.3168 - val_loss: 0.3211 - val_mae: 0.6842
2025-03-28 11:48:33,355 - INFO - Epoch 36 - loss: 0.1158 - mae: 0.3182 - val_loss: 0.3193 - val_mae: 0.6808
2025-03-28 11:48:34,397 - INFO - Epoch 37 - loss: 0.1152 - mae: 0.3163 - val_loss: 0.3085 - val_mae: 0.6626
2025-03-28 11:48:35,431 - INFO - Epoch 38 - loss: 0.1157 - mae: 0.3167 - val_loss: 0.3208 - val_mae: 0.6786
2025-03-28 11:48:36,453 - INFO - Epoch 39 - loss: 0.1143 - mae: 0.3152 - val_loss: 0.3281 - val_mae: 0.6897
2025-03-28 11:48:36,460 - INFO - Training completed in 45.35 seconds
2025-03-28 11:48:36,461 - INFO - Final training loss: 0.1143
2025-03-28 11:48:36,461 - INFO - Final validation loss: 0.3281
2025-03-28 11:48:36,461 - INFO - Evaluating predictions for Kurla
2025-03-28 11:48:36,462 - INFO - Preparing sequences from data with shape: (1080, 4)
2025-03-28 11:48:36,476 - INFO - Creating 1051 sequences...
2025-03-28 11:48:36,479 - INFO - Sequence preparation completed. X shape: (1051, 24, 47), y shape: (1051, 6)
2025-03-28 11:48:36,479 - INFO - Sequence preparation took 0.02 seconds
2025-03-28 11:48:37,210 - INFO - Evaluation completed in 0.75 seconds
2025-03-28 11:48:37,210 - INFO - Evaluation metrics - MAE: 25.56, RMSE: 33.15
2025-03-28 11:48:37,211 - INFO - Generating prediction plots for Kurla
2025-03-28 11:48:37,736 - INFO - Saved prediction plot to predictions/lstm_prediction_Kurla.png
2025-03-28 11:48:38,271 - INFO - Saved error distribution plot to predictions/lstm_error_distribution_Kurla.png
2025-03-28 11:48:38,272 - INFO - 
Final Evaluation Results:
2025-03-28 11:48:38,272 - INFO - MAE: 25.56
2025-03-28 11:48:38,272 - INFO - RMSE: 33.15
2025-03-28 11:48:38,272 - INFO - Initializing LSTM Predictor for Mahape
2025-03-28 11:48:38,272 - INFO - Sequence length: 24, Prediction horizon: 6
2025-03-28 11:48:38,273 - INFO - Loading cleaned data from cleaned_data\Mahape_spatial_average.csv
2025-03-28 11:48:38,281 - INFO - Loaded cleaned data with shape: (5295, 4)
2025-03-28 11:48:38,282 - INFO - Features selected: ['PM10', 'RH', 'AT']
2025-03-28 11:48:38,282 - INFO - Starting model training with 4236 samples
2025-03-28 11:48:38,282 - INFO - Training parameters - epochs: 200, batch_size: 32, validation_split: 0.2
2025-03-28 11:48:38,282 - INFO - Preparing sequences from data with shape: (4236, 4)
2025-03-28 11:48:38,299 - INFO - Creating 4207 sequences...
2025-03-28 11:48:38,308 - INFO - Sequence preparation completed. X shape: (4207, 24, 47), y shape: (4207, 6)
2025-03-28 11:48:38,308 - INFO - Sequence preparation took 0.03 seconds
2025-03-28 11:48:38,308 - INFO - Building LSTM model with attention, input shape: (24, 47)
2025-03-28 11:48:38,367 - INFO - Model architecture:
2025-03-28 11:48:43,226 - INFO - Epoch 1 - loss: 0.7535 - mae: 0.6084 - val_loss: 0.6503 - val_mae: 0.7025
2025-03-28 11:48:44,309 - INFO - Epoch 2 - loss: 0.4829 - mae: 0.4860 - val_loss: 0.4589 - val_mae: 0.6039
2025-03-28 11:48:45,346 - INFO - Epoch 3 - loss: 0.3701 - mae: 0.4487 - val_loss: 0.3785 - val_mae: 0.5752
2025-03-28 11:48:46,401 - INFO - Epoch 4 - loss: 0.3080 - mae: 0.4254 - val_loss: 0.3447 - val_mae: 0.5745
2025-03-28 11:48:47,410 - INFO - Epoch 5 - loss: 0.2651 - mae: 0.4020 - val_loss: 0.3209 - val_mae: 0.5740
2025-03-28 11:48:48,469 - INFO - Epoch 6 - loss: 0.2382 - mae: 0.3908 - val_loss: 0.3130 - val_mae: 0.5894
2025-03-28 11:48:49,438 - INFO - Epoch 7 - loss: 0.2189 - mae: 0.3798 - val_loss: 0.3497 - val_mae: 0.6573
2025-03-28 11:48:50,504 - INFO - Epoch 8 - loss: 0.2060 - mae: 0.3744 - val_loss: 0.3464 - val_mae: 0.6601
2025-03-28 11:48:51,468 - INFO - Epoch 9 - loss: 0.1901 - mae: 0.3611 - val_loss: 0.3527 - val_mae: 0.6642
2025-03-28 11:48:52,448 - INFO - Epoch 10 - loss: 0.1766 - mae: 0.3514 - val_loss: 0.3503 - val_mae: 0.6745
2025-03-28 11:48:53,436 - INFO - Epoch 11 - loss: 0.1717 - mae: 0.3483 - val_loss: 0.4212 - val_mae: 0.7751
2025-03-28 11:48:54,404 - INFO - Epoch 12 - loss: 0.1649 - mae: 0.3458 - val_loss: 0.3648 - val_mae: 0.7082
2025-03-28 11:48:55,394 - INFO - Epoch 13 - loss: 0.1610 - mae: 0.3433 - val_loss: 0.3491 - val_mae: 0.6847
2025-03-28 11:48:56,345 - INFO - Epoch 14 - loss: 0.1551 - mae: 0.3395 - val_loss: 0.3828 - val_mae: 0.7262
2025-03-28 11:48:57,320 - INFO - Epoch 15 - loss: 0.1479 - mae: 0.3318 - val_loss: 0.4562 - val_mae: 0.8187
2025-03-28 11:48:58,278 - INFO - Epoch 16 - loss: 0.1445 - mae: 0.3306 - val_loss: 0.3568 - val_mae: 0.7012
2025-03-28 11:48:59,258 - INFO - Epoch 17 - loss: 0.1337 - mae: 0.3151 - val_loss: 0.4616 - val_mae: 0.8374
2025-03-28 11:49:00,209 - INFO - Epoch 18 - loss: 0.1364 - mae: 0.3217 - val_loss: 0.4301 - val_mae: 0.8000
2025-03-28 11:49:01,194 - INFO - Epoch 19 - loss: 0.1300 - mae: 0.3146 - val_loss: 0.4817 - val_mae: 0.8539
2025-03-28 11:49:02,171 - INFO - Epoch 20 - loss: 0.1250 - mae: 0.3084 - val_loss: 0.4326 - val_mae: 0.8046
2025-03-28 11:49:03,142 - INFO - Epoch 21 - loss: 0.1258 - mae: 0.3105 - val_loss: 0.4068 - val_mae: 0.7775
2025-03-28 11:49:04,148 - INFO - Epoch 22 - loss: 0.1172 - mae: 0.2946 - val_loss: 0.4863 - val_mae: 0.8673
2025-03-28 11:49:05,124 - INFO - Epoch 23 - loss: 0.1140 - mae: 0.2892 - val_loss: 0.4548 - val_mae: 0.8292
2025-03-28 11:49:06,134 - INFO - Epoch 24 - loss: 0.1118 - mae: 0.2863 - val_loss: 0.4773 - val_mae: 0.8553
2025-03-28 11:49:07,132 - INFO - Epoch 25 - loss: 0.1120 - mae: 0.2868 - val_loss: 0.4532 - val_mae: 0.8277
2025-03-28 11:49:08,146 - INFO - Epoch 26 - loss: 0.1117 - mae: 0.2856 - val_loss: 0.4928 - val_mae: 0.8731
2025-03-28 11:49:09,139 - INFO - Epoch 27 - loss: 0.1115 - mae: 0.2867 - val_loss: 0.4776 - val_mae: 0.8554
2025-03-28 11:49:10,142 - INFO - Epoch 28 - loss: 0.1098 - mae: 0.2844 - val_loss: 0.4689 - val_mae: 0.8489
2025-03-28 11:49:11,098 - INFO - Epoch 29 - loss: 0.1073 - mae: 0.2817 - val_loss: 0.5072 - val_mae: 0.8888
2025-03-28 11:49:12,068 - INFO - Epoch 30 - loss: 0.1116 - mae: 0.2866 - val_loss: 0.4865 - val_mae: 0.8661
2025-03-28 11:49:13,037 - INFO - Epoch 31 - loss: 0.1069 - mae: 0.2828 - val_loss: 0.4770 - val_mae: 0.8590
2025-03-28 11:49:14,003 - INFO - Epoch 32 - loss: 0.1064 - mae: 0.2809 - val_loss: 0.4712 - val_mae: 0.8451
2025-03-28 11:49:14,989 - INFO - Epoch 33 - loss: 0.1066 - mae: 0.2817 - val_loss: 0.5031 - val_mae: 0.8898
2025-03-28 11:49:15,937 - INFO - Epoch 34 - loss: 0.1042 - mae: 0.2772 - val_loss: 0.4740 - val_mae: 0.8515
2025-03-28 11:49:16,917 - INFO - Epoch 35 - loss: 0.1055 - mae: 0.2792 - val_loss: 0.5327 - val_mae: 0.9244
2025-03-28 11:49:17,882 - INFO - Epoch 36 - loss: 0.1015 - mae: 0.2748 - val_loss: 0.4802 - val_mae: 0.8626
2025-03-28 11:49:17,890 - INFO - Training completed in 39.61 seconds
2025-03-28 11:49:17,890 - INFO - Final training loss: 0.1015
2025-03-28 11:49:17,890 - INFO - Final validation loss: 0.4802
2025-03-28 11:49:17,892 - INFO - Evaluating predictions for Mahape
2025-03-28 11:49:17,892 - INFO - Preparing sequences from data with shape: (1059, 4)
2025-03-28 11:49:17,905 - INFO - Creating 1030 sequences...
2025-03-28 11:49:17,907 - INFO - Sequence preparation completed. X shape: (1030, 24, 47), y shape: (1030, 6)
2025-03-28 11:49:17,908 - INFO - Sequence preparation took 0.02 seconds
2025-03-28 11:49:18,689 - INFO - Evaluation completed in 0.80 seconds
2025-03-28 11:49:18,689 - INFO - Evaluation metrics - MAE: 38.30, RMSE: 39.94
2025-03-28 11:49:18,689 - INFO - Generating prediction plots for Mahape
2025-03-28 11:49:19,232 - INFO - Saved prediction plot to predictions/lstm_prediction_Mahape.png
2025-03-28 11:49:19,627 - INFO - Saved error distribution plot to predictions/lstm_error_distribution_Mahape.png
2025-03-28 11:49:19,627 - INFO - 
Final Evaluation Results:
2025-03-28 11:49:19,627 - INFO - MAE: 38.30
2025-03-28 11:49:19,627 - INFO - RMSE: 39.94
2025-03-28 11:49:19,628 - INFO - Initializing LSTM Predictor for Mulund
2025-03-28 11:49:19,628 - INFO - Sequence length: 24, Prediction horizon: 6
2025-03-28 11:49:19,628 - INFO - Loading cleaned data from cleaned_data\Mulund_spatial_average.csv
2025-03-28 11:49:19,637 - INFO - Loaded cleaned data with shape: (5400, 4)
2025-03-28 11:49:19,637 - INFO - Features selected: ['PM10', 'RH', 'AT']
2025-03-28 11:49:19,638 - INFO - Starting model training with 4320 samples
2025-03-28 11:49:19,638 - INFO - Training parameters - epochs: 200, batch_size: 32, validation_split: 0.2
2025-03-28 11:49:19,638 - INFO - Preparing sequences from data with shape: (4320, 4)
2025-03-28 11:49:19,655 - INFO - Creating 4291 sequences...
2025-03-28 11:49:19,664 - INFO - Sequence preparation completed. X shape: (4291, 24, 47), y shape: (4291, 6)
2025-03-28 11:49:19,664 - INFO - Sequence preparation took 0.03 seconds
2025-03-28 11:49:19,665 - INFO - Building LSTM model with attention, input shape: (24, 47)
2025-03-28 11:49:19,724 - INFO - Model architecture:
2025-03-28 11:49:25,557 - INFO - Epoch 1 - loss: 0.7732 - mae: 0.6123 - val_loss: 0.9395 - val_mae: 1.0099
2025-03-28 11:49:26,616 - INFO - Epoch 2 - loss: 0.5199 - mae: 0.5046 - val_loss: 0.7043 - val_mae: 0.8771
2025-03-28 11:49:27,726 - INFO - Epoch 3 - loss: 0.3952 - mae: 0.4548 - val_loss: 0.5809 - val_mae: 0.8027
2025-03-28 11:49:28,844 - INFO - Epoch 4 - loss: 0.3272 - mae: 0.4276 - val_loss: 0.6138 - val_mae: 0.8931
2025-03-28 11:49:29,977 - INFO - Epoch 5 - loss: 0.2834 - mae: 0.4109 - val_loss: 0.7620 - val_mae: 1.0877
2025-03-28 11:49:30,996 - INFO - Epoch 6 - loss: 0.2544 - mae: 0.4036 - val_loss: 0.7911 - val_mae: 1.1361
2025-03-28 11:49:32,081 - INFO - Epoch 7 - loss: 0.2292 - mae: 0.3910 - val_loss: 0.7471 - val_mae: 1.1058
2025-03-28 11:49:33,087 - INFO - Epoch 8 - loss: 0.2124 - mae: 0.3837 - val_loss: 0.8237 - val_mae: 1.2032
2025-03-28 11:49:34,157 - INFO - Epoch 9 - loss: 0.1970 - mae: 0.3759 - val_loss: 0.7893 - val_mae: 1.1735
2025-03-28 11:49:35,267 - INFO - Epoch 10 - loss: 0.1877 - mae: 0.3728 - val_loss: 0.7172 - val_mae: 1.1024
2025-03-28 11:49:36,330 - INFO - Epoch 11 - loss: 0.1769 - mae: 0.3644 - val_loss: 0.8392 - val_mae: 1.2387
2025-03-28 11:49:37,333 - INFO - Epoch 12 - loss: 0.1699 - mae: 0.3629 - val_loss: 0.8953 - val_mae: 1.3043
2025-03-28 11:49:38,380 - INFO - Epoch 13 - loss: 0.1641 - mae: 0.3622 - val_loss: 0.8854 - val_mae: 1.2997
2025-03-28 11:49:39,379 - INFO - Epoch 14 - loss: 0.1562 - mae: 0.3547 - val_loss: 0.7878 - val_mae: 1.1947
2025-03-28 11:49:40,401 - INFO - Epoch 15 - loss: 0.1507 - mae: 0.3521 - val_loss: 0.9033 - val_mae: 1.3247
2025-03-28 11:49:41,388 - INFO - Epoch 16 - loss: 0.1469 - mae: 0.3504 - val_loss: 0.7794 - val_mae: 1.1992
2025-03-28 11:49:42,408 - INFO - Epoch 17 - loss: 0.1447 - mae: 0.3504 - val_loss: 0.8058 - val_mae: 1.2306
2025-03-28 11:49:43,411 - INFO - Epoch 18 - loss: 0.1416 - mae: 0.3482 - val_loss: 0.8033 - val_mae: 1.2296
2025-03-28 11:49:44,431 - INFO - Epoch 19 - loss: 0.1333 - mae: 0.3353 - val_loss: 0.7927 - val_mae: 1.2162
2025-03-28 11:49:45,429 - INFO - Epoch 20 - loss: 0.1312 - mae: 0.3319 - val_loss: 0.8271 - val_mae: 1.2550
2025-03-28 11:49:46,437 - INFO - Epoch 21 - loss: 0.1289 - mae: 0.3282 - val_loss: 0.8462 - val_mae: 1.2740
2025-03-28 11:49:47,479 - INFO - Epoch 22 - loss: 0.1295 - mae: 0.3296 - val_loss: 0.7970 - val_mae: 1.2207
2025-03-28 11:49:48,488 - INFO - Epoch 23 - loss: 0.1268 - mae: 0.3268 - val_loss: 0.8478 - val_mae: 1.2764
2025-03-28 11:49:49,531 - INFO - Epoch 24 - loss: 0.1274 - mae: 0.3286 - val_loss: 0.8671 - val_mae: 1.2966
2025-03-28 11:49:50,576 - INFO - Epoch 25 - loss: 0.1253 - mae: 0.3254 - val_loss: 0.8503 - val_mae: 1.2808
2025-03-28 11:49:51,639 - INFO - Epoch 26 - loss: 0.1252 - mae: 0.3264 - val_loss: 0.8876 - val_mae: 1.3188
2025-03-28 11:49:52,664 - INFO - Epoch 27 - loss: 0.1238 - mae: 0.3240 - val_loss: 0.8944 - val_mae: 1.3279
2025-03-28 11:49:53,711 - INFO - Epoch 28 - loss: 0.1238 - mae: 0.3242 - val_loss: 0.8709 - val_mae: 1.3001
2025-03-28 11:49:54,714 - INFO - Epoch 29 - loss: 0.1224 - mae: 0.3233 - val_loss: 0.8930 - val_mae: 1.3253
2025-03-28 11:49:55,737 - INFO - Epoch 30 - loss: 0.1224 - mae: 0.3242 - val_loss: 0.8828 - val_mae: 1.3152
2025-03-28 11:49:56,733 - INFO - Epoch 31 - loss: 0.1216 - mae: 0.3232 - val_loss: 0.8393 - val_mae: 1.2672
2025-03-28 11:49:57,763 - INFO - Epoch 32 - loss: 0.1213 - mae: 0.3227 - val_loss: 0.8871 - val_mae: 1.3199
2025-03-28 11:49:58,770 - INFO - Epoch 33 - loss: 0.1217 - mae: 0.3251 - val_loss: 0.8232 - val_mae: 1.2506
2025-03-28 11:49:58,777 - INFO - Training completed in 39.14 seconds
2025-03-28 11:49:58,777 - INFO - Final training loss: 0.1217
2025-03-28 11:49:58,778 - INFO - Final validation loss: 0.8232
2025-03-28 11:49:58,779 - INFO - Evaluating predictions for Mulund
2025-03-28 11:49:58,779 - INFO - Preparing sequences from data with shape: (1080, 4)
2025-03-28 11:49:58,792 - INFO - Creating 1051 sequences...
2025-03-28 11:49:58,795 - INFO - Sequence preparation completed. X shape: (1051, 24, 47), y shape: (1051, 6)
2025-03-28 11:49:58,795 - INFO - Sequence preparation took 0.02 seconds
2025-03-28 11:49:59,523 - INFO - Evaluation completed in 0.74 seconds
2025-03-28 11:49:59,523 - INFO - Evaluation metrics - MAE: 36.20, RMSE: 37.31
2025-03-28 11:49:59,524 - INFO - Generating prediction plots for Mulund
2025-03-28 11:50:00,066 - INFO - Saved prediction plot to predictions/lstm_prediction_Mulund.png
2025-03-28 11:50:00,436 - INFO - Saved error distribution plot to predictions/lstm_error_distribution_Mulund.png
2025-03-28 11:50:00,436 - INFO - 
Final Evaluation Results:
2025-03-28 11:50:00,437 - INFO - MAE: 36.20
2025-03-28 11:50:00,437 - INFO - RMSE: 37.31
2025-03-28 11:50:00,437 - INFO - Initializing LSTM Predictor for Nerul
2025-03-28 11:50:00,437 - INFO - Sequence length: 24, Prediction horizon: 6
2025-03-28 11:50:00,437 - INFO - Loading cleaned data from cleaned_data\Nerul_spatial_average.csv
2025-03-28 11:50:00,446 - INFO - Loaded cleaned data with shape: (5280, 4)
2025-03-28 11:50:00,446 - INFO - Features selected: ['PM10', 'RH', 'AT']
2025-03-28 11:50:00,447 - INFO - Starting model training with 4224 samples
2025-03-28 11:50:00,447 - INFO - Training parameters - epochs: 200, batch_size: 32, validation_split: 0.2
2025-03-28 11:50:00,447 - INFO - Preparing sequences from data with shape: (4224, 4)
2025-03-28 11:50:00,464 - INFO - Creating 4195 sequences...
2025-03-28 11:50:00,475 - INFO - Sequence preparation completed. X shape: (4195, 24, 47), y shape: (4195, 6)
2025-03-28 11:50:00,475 - INFO - Sequence preparation took 0.03 seconds
2025-03-28 11:50:00,475 - INFO - Building LSTM model with attention, input shape: (24, 47)
2025-03-28 11:50:00,535 - INFO - Model architecture:
2025-03-28 11:50:05,590 - INFO - Epoch 1 - loss: 0.7920 - mae: 0.6745 - val_loss: 0.7236 - val_mae: 0.7963
2025-03-28 11:50:06,629 - INFO - Epoch 2 - loss: 0.4933 - mae: 0.5201 - val_loss: 0.4836 - val_mae: 0.6334
2025-03-28 11:50:07,656 - INFO - Epoch 3 - loss: 0.3717 - mae: 0.4653 - val_loss: 0.4455 - val_mae: 0.6733
2025-03-28 11:50:08,719 - INFO - Epoch 4 - loss: 0.3071 - mae: 0.4371 - val_loss: 0.4116 - val_mae: 0.6713
2025-03-28 11:50:09,692 - INFO - Epoch 5 - loss: 0.2628 - mae: 0.4109 - val_loss: 0.4524 - val_mae: 0.7562
2025-03-28 11:50:10,812 - INFO - Epoch 6 - loss: 0.2339 - mae: 0.3952 - val_loss: 0.3849 - val_mae: 0.6811
2025-03-28 11:50:11,846 - INFO - Epoch 7 - loss: 0.2110 - mae: 0.3791 - val_loss: 0.3434 - val_mae: 0.6395
2025-03-28 11:50:12,851 - INFO - Epoch 8 - loss: 0.1946 - mae: 0.3701 - val_loss: 0.3986 - val_mae: 0.7183
2025-03-28 11:50:13,823 - INFO - Epoch 9 - loss: 0.1849 - mae: 0.3665 - val_loss: 0.3572 - val_mae: 0.6684
2025-03-28 11:50:14,824 - INFO - Epoch 10 - loss: 0.1731 - mae: 0.3584 - val_loss: 0.4755 - val_mae: 0.8285
2025-03-28 11:50:15,847 - INFO - Epoch 11 - loss: 0.1647 - mae: 0.3494 - val_loss: 0.3314 - val_mae: 0.6437
2025-03-28 11:50:16,973 - INFO - Epoch 12 - loss: 0.1572 - mae: 0.3461 - val_loss: 0.2597 - val_mae: 0.5433
2025-03-28 11:50:17,956 - INFO - Epoch 13 - loss: 0.1504 - mae: 0.3399 - val_loss: 0.4249 - val_mae: 0.7811
2025-03-28 11:50:18,917 - INFO - Epoch 14 - loss: 0.1448 - mae: 0.3356 - val_loss: 0.2765 - val_mae: 0.5650
2025-03-28 11:50:19,890 - INFO - Epoch 15 - loss: 0.1408 - mae: 0.3347 - val_loss: 0.3592 - val_mae: 0.6879
2025-03-28 11:50:20,874 - INFO - Epoch 16 - loss: 0.1351 - mae: 0.3279 - val_loss: 0.3796 - val_mae: 0.7176
2025-03-28 11:50:21,866 - INFO - Epoch 17 - loss: 0.1338 - mae: 0.3301 - val_loss: 0.3806 - val_mae: 0.7350
2025-03-28 11:50:22,935 - INFO - Epoch 18 - loss: 0.1283 - mae: 0.3216 - val_loss: 0.4208 - val_mae: 0.7762
2025-03-28 11:50:23,964 - INFO - Epoch 19 - loss: 0.1262 - mae: 0.3209 - val_loss: 0.3471 - val_mae: 0.6667
2025-03-28 11:50:24,939 - INFO - Epoch 20 - loss: 0.1232 - mae: 0.3188 - val_loss: 0.3884 - val_mae: 0.7470
2025-03-28 11:50:25,934 - INFO - Epoch 21 - loss: 0.1233 - mae: 0.3226 - val_loss: 0.3573 - val_mae: 0.7056
2025-03-28 11:50:26,896 - INFO - Epoch 22 - loss: 0.1215 - mae: 0.3209 - val_loss: 0.3919 - val_mae: 0.7646
2025-03-28 11:50:27,896 - INFO - Epoch 23 - loss: 0.1142 - mae: 0.3095 - val_loss: 0.4304 - val_mae: 0.7980
2025-03-28 11:50:28,868 - INFO - Epoch 24 - loss: 0.1111 - mae: 0.3048 - val_loss: 0.4118 - val_mae: 0.7785
2025-03-28 11:50:29,911 - INFO - Epoch 25 - loss: 0.1130 - mae: 0.3104 - val_loss: 0.4121 - val_mae: 0.7758
2025-03-28 11:50:31,030 - INFO - Epoch 26 - loss: 0.1095 - mae: 0.3048 - val_loss: 0.4965 - val_mae: 0.8771
2025-03-28 11:50:32,071 - INFO - Epoch 27 - loss: 0.1066 - mae: 0.3023 - val_loss: 0.4050 - val_mae: 0.7785
2025-03-28 11:50:33,049 - INFO - Epoch 28 - loss: 0.1011 - mae: 0.2905 - val_loss: 0.4320 - val_mae: 0.8067
2025-03-28 11:50:34,035 - INFO - Epoch 29 - loss: 0.0992 - mae: 0.2870 - val_loss: 0.4620 - val_mae: 0.8405
2025-03-28 11:50:35,041 - INFO - Epoch 30 - loss: 0.0983 - mae: 0.2864 - val_loss: 0.4713 - val_mae: 0.8575
2025-03-28 11:50:36,021 - INFO - Epoch 31 - loss: 0.0986 - mae: 0.2871 - val_loss: 0.4664 - val_mae: 0.8486
2025-03-28 11:50:37,016 - INFO - Epoch 32 - loss: 0.0976 - mae: 0.2846 - val_loss: 0.4715 - val_mae: 0.8503
2025-03-28 11:50:37,982 - INFO - Epoch 33 - loss: 0.0969 - mae: 0.2840 - val_loss: 0.4864 - val_mae: 0.8700
2025-03-28 11:50:38,986 - INFO - Epoch 34 - loss: 0.0954 - mae: 0.2831 - val_loss: 0.4760 - val_mae: 0.8596
2025-03-28 11:50:39,983 - INFO - Epoch 35 - loss: 0.0957 - mae: 0.2825 - val_loss: 0.4773 - val_mae: 0.8569
2025-03-28 11:50:40,968 - INFO - Epoch 36 - loss: 0.0953 - mae: 0.2820 - val_loss: 0.4492 - val_mae: 0.8257
2025-03-28 11:50:41,995 - INFO - Epoch 37 - loss: 0.0943 - mae: 0.2809 - val_loss: 0.4619 - val_mae: 0.8410
2025-03-28 11:50:42,994 - INFO - Epoch 38 - loss: 0.0942 - mae: 0.2816 - val_loss: 0.4603 - val_mae: 0.8370
2025-03-28 11:50:43,961 - INFO - Epoch 39 - loss: 0.0945 - mae: 0.2810 - val_loss: 0.4924 - val_mae: 0.8804
2025-03-28 11:50:44,945 - INFO - Epoch 40 - loss: 0.0932 - mae: 0.2798 - val_loss: 0.4854 - val_mae: 0.8694
2025-03-28 11:50:45,906 - INFO - Epoch 41 - loss: 0.0940 - mae: 0.2803 - val_loss: 0.5013 - val_mae: 0.8851
2025-03-28 11:50:46,892 - INFO - Epoch 42 - loss: 0.0917 - mae: 0.2779 - val_loss: 0.4556 - val_mae: 0.8369
2025-03-28 11:50:46,900 - INFO - Training completed in 46.45 seconds
2025-03-28 11:50:46,901 - INFO - Final training loss: 0.0917
2025-03-28 11:50:46,901 - INFO - Final validation loss: 0.4556
2025-03-28 11:50:46,901 - INFO - Evaluating predictions for Nerul
2025-03-28 11:50:46,902 - INFO - Preparing sequences from data with shape: (1056, 4)
2025-03-28 11:50:46,916 - INFO - Creating 1027 sequences...
2025-03-28 11:50:46,918 - INFO - Sequence preparation completed. X shape: (1027, 24, 47), y shape: (1027, 6)
2025-03-28 11:50:46,919 - INFO - Sequence preparation took 0.02 seconds
2025-03-28 11:50:47,669 - INFO - Evaluation completed in 0.77 seconds
2025-03-28 11:50:47,669 - INFO - Evaluation metrics - MAE: 35.75, RMSE: 37.18
2025-03-28 11:50:47,670 - INFO - Generating prediction plots for Nerul
2025-03-28 11:50:48,169 - INFO - Saved prediction plot to predictions/lstm_prediction_Nerul.png
2025-03-28 11:50:48,548 - INFO - Saved error distribution plot to predictions/lstm_error_distribution_Nerul.png
2025-03-28 11:50:48,549 - INFO - 
Final Evaluation Results:
2025-03-28 11:50:48,549 - INFO - MAE: 35.75
2025-03-28 11:50:48,550 - INFO - RMSE: 37.18
2025-03-28 11:50:48,550 - INFO - Initializing LSTM Predictor for Powai
2025-03-28 11:50:48,550 - INFO - Sequence length: 24, Prediction horizon: 6
2025-03-28 11:50:48,550 - INFO - Loading cleaned data from cleaned_data\Powai_spatial_average.csv
2025-03-28 11:50:48,559 - INFO - Loaded cleaned data with shape: (5400, 4)
2025-03-28 11:50:48,559 - INFO - Features selected: ['PM10', 'RH', 'AT']
2025-03-28 11:50:48,559 - INFO - Starting model training with 4320 samples
2025-03-28 11:50:48,559 - INFO - Training parameters - epochs: 200, batch_size: 32, validation_split: 0.2
2025-03-28 11:50:48,559 - INFO - Preparing sequences from data with shape: (4320, 4)
2025-03-28 11:50:48,577 - INFO - Creating 4291 sequences...
2025-03-28 11:50:48,586 - INFO - Sequence preparation completed. X shape: (4291, 24, 47), y shape: (4291, 6)
2025-03-28 11:50:48,586 - INFO - Sequence preparation took 0.03 seconds
2025-03-28 11:50:48,587 - INFO - Building LSTM model with attention, input shape: (24, 47)
2025-03-28 11:50:48,648 - INFO - Model architecture:
2025-03-28 11:50:53,658 - INFO - Epoch 1 - loss: 0.7803 - mae: 0.6302 - val_loss: 0.6587 - val_mae: 0.6821
2025-03-28 11:50:54,685 - INFO - Epoch 2 - loss: 0.5193 - mae: 0.5202 - val_loss: 0.5503 - val_mae: 0.6945
2025-03-28 11:50:55,783 - INFO - Epoch 3 - loss: 0.4014 - mae: 0.4788 - val_loss: 0.4415 - val_mae: 0.6363
2025-03-28 11:50:56,841 - INFO - Epoch 4 - loss: 0.3380 - mae: 0.4592 - val_loss: 0.4812 - val_mae: 0.7444
2025-03-28 11:50:58,015 - INFO - Epoch 5 - loss: 0.2945 - mae: 0.4418 - val_loss: 0.3876 - val_mae: 0.6523
2025-03-28 11:50:59,075 - INFO - Epoch 6 - loss: 0.2692 - mae: 0.4355 - val_loss: 0.4655 - val_mae: 0.7692
2025-03-28 11:51:00,119 - INFO - Epoch 7 - loss: 0.2379 - mae: 0.4147 - val_loss: 0.4334 - val_mae: 0.7495
2025-03-28 11:51:01,106 - INFO - Epoch 8 - loss: 0.2255 - mae: 0.4133 - val_loss: 0.5727 - val_mae: 0.9093
2025-03-28 11:51:02,110 - INFO - Epoch 9 - loss: 0.2135 - mae: 0.4074 - val_loss: 0.5618 - val_mae: 0.9144
2025-03-28 11:51:03,118 - INFO - Epoch 10 - loss: 0.1973 - mae: 0.3936 - val_loss: 0.5704 - val_mae: 0.9185
2025-03-28 11:51:04,184 - INFO - Epoch 11 - loss: 0.1891 - mae: 0.3909 - val_loss: 0.5317 - val_mae: 0.8857
2025-03-28 11:51:05,188 - INFO - Epoch 12 - loss: 0.1801 - mae: 0.3853 - val_loss: 0.7112 - val_mae: 1.0931
2025-03-28 11:51:06,175 - INFO - Epoch 13 - loss: 0.1730 - mae: 0.3794 - val_loss: 0.7517 - val_mae: 1.1446
2025-03-28 11:51:07,183 - INFO - Epoch 14 - loss: 0.1678 - mae: 0.3772 - val_loss: 0.5580 - val_mae: 0.9310
2025-03-28 11:51:08,159 - INFO - Epoch 15 - loss: 0.1624 - mae: 0.3726 - val_loss: 0.6752 - val_mae: 1.0658
2025-03-28 11:51:09,182 - INFO - Epoch 16 - loss: 0.1588 - mae: 0.3736 - val_loss: 0.6385 - val_mae: 1.0236
2025-03-28 11:51:10,170 - INFO - Epoch 17 - loss: 0.1537 - mae: 0.3684 - val_loss: 0.6706 - val_mae: 1.0606
2025-03-28 11:51:11,176 - INFO - Epoch 18 - loss: 0.1526 - mae: 0.3696 - val_loss: 0.5874 - val_mae: 0.9770
2025-03-28 11:51:12,157 - INFO - Epoch 19 - loss: 0.1512 - mae: 0.3714 - val_loss: 0.7047 - val_mae: 1.1071
2025-03-28 11:51:13,159 - INFO - Epoch 20 - loss: 0.1473 - mae: 0.3657 - val_loss: 0.6857 - val_mae: 1.0907
2025-03-28 11:51:14,163 - INFO - Epoch 21 - loss: 0.1383 - mae: 0.3523 - val_loss: 0.7159 - val_mae: 1.1199
2025-03-28 11:51:15,173 - INFO - Epoch 22 - loss: 0.1354 - mae: 0.3488 - val_loss: 0.7320 - val_mae: 1.1380
2025-03-28 11:51:16,151 - INFO - Epoch 23 - loss: 0.1356 - mae: 0.3487 - val_loss: 0.7314 - val_mae: 1.1366
2025-03-28 11:51:17,153 - INFO - Epoch 24 - loss: 0.1358 - mae: 0.3506 - val_loss: 0.7520 - val_mae: 1.1622
2025-03-28 11:51:18,158 - INFO - Epoch 25 - loss: 0.1325 - mae: 0.3453 - val_loss: 0.6915 - val_mae: 1.0918
2025-03-28 11:51:19,221 - INFO - Epoch 26 - loss: 0.1319 - mae: 0.3450 - val_loss: 0.7018 - val_mae: 1.1007
2025-03-28 11:51:20,297 - INFO - Epoch 27 - loss: 0.1302 - mae: 0.3432 - val_loss: 0.7500 - val_mae: 1.1524
2025-03-28 11:51:21,315 - INFO - Epoch 28 - loss: 0.1299 - mae: 0.3429 - val_loss: 0.7653 - val_mae: 1.1746
2025-03-28 11:51:22,313 - INFO - Epoch 29 - loss: 0.1305 - mae: 0.3450 - val_loss: 0.7639 - val_mae: 1.1727
2025-03-28 11:51:23,322 - INFO - Epoch 30 - loss: 0.1312 - mae: 0.3457 - val_loss: 0.7508 - val_mae: 1.1584
2025-03-28 11:51:24,344 - INFO - Epoch 31 - loss: 0.1300 - mae: 0.3455 - val_loss: 0.7129 - val_mae: 1.1157
2025-03-28 11:51:25,331 - INFO - Epoch 32 - loss: 0.1287 - mae: 0.3429 - val_loss: 0.7542 - val_mae: 1.1620
2025-03-28 11:51:26,351 - INFO - Epoch 33 - loss: 0.1280 - mae: 0.3430 - val_loss: 0.7809 - val_mae: 1.1945
2025-03-28 11:51:27,344 - INFO - Epoch 34 - loss: 0.1277 - mae: 0.3430 - val_loss: 0.7330 - val_mae: 1.1422
2025-03-28 11:51:28,366 - INFO - Epoch 35 - loss: 0.1270 - mae: 0.3419 - val_loss: 0.7100 - val_mae: 1.1136
2025-03-28 11:51:28,374 - INFO - Training completed in 39.82 seconds
2025-03-28 11:51:28,374 - INFO - Final training loss: 0.1270
2025-03-28 11:51:28,374 - INFO - Final validation loss: 0.7100
2025-03-28 11:51:28,375 - INFO - Evaluating predictions for Powai
2025-03-28 11:51:28,375 - INFO - Preparing sequences from data with shape: (1080, 4)
2025-03-28 11:51:28,389 - INFO - Creating 1051 sequences...
2025-03-28 11:51:28,392 - INFO - Sequence preparation completed. X shape: (1051, 24, 47), y shape: (1051, 6)
2025-03-28 11:51:28,392 - INFO - Sequence preparation took 0.02 seconds
2025-03-28 11:51:29,112 - INFO - Evaluation completed in 0.74 seconds
2025-03-28 11:51:29,112 - INFO - Evaluation metrics - MAE: 30.02, RMSE: 31.51
2025-03-28 11:51:29,112 - INFO - Generating prediction plots for Powai
2025-03-28 11:51:29,656 - INFO - Saved prediction plot to predictions/lstm_prediction_Powai.png
2025-03-28 11:51:30,722 - INFO - Saved error distribution plot to predictions/lstm_error_distribution_Powai.png
2025-03-28 11:51:30,723 - INFO - 
Final Evaluation Results:
2025-03-28 11:51:30,724 - INFO - MAE: 30.02
2025-03-28 11:51:30,724 - INFO - RMSE: 31.51
2025-03-28 11:51:30,724 - INFO - Initializing LSTM Predictor for Sion
2025-03-28 11:51:30,724 - INFO - Sequence length: 24, Prediction horizon: 6
2025-03-28 11:51:30,724 - INFO - Loading cleaned data from cleaned_data\Sion_spatial_average.csv
2025-03-28 11:51:30,734 - INFO - Loaded cleaned data with shape: (5280, 4)
2025-03-28 11:51:30,734 - INFO - Features selected: ['PM10', 'RH', 'AT']
2025-03-28 11:51:30,734 - INFO - Starting model training with 4224 samples
2025-03-28 11:51:30,734 - INFO - Training parameters - epochs: 200, batch_size: 32, validation_split: 0.2
2025-03-28 11:51:30,734 - INFO - Preparing sequences from data with shape: (4224, 4)
2025-03-28 11:51:30,752 - INFO - Creating 4195 sequences...
2025-03-28 11:51:30,764 - INFO - Sequence preparation completed. X shape: (4195, 24, 47), y shape: (4195, 6)
2025-03-28 11:51:30,764 - INFO - Sequence preparation took 0.03 seconds
2025-03-28 11:51:30,765 - INFO - Building LSTM model with attention, input shape: (24, 47)
2025-03-28 11:51:30,826 - INFO - Model architecture:
2025-03-28 11:51:36,030 - INFO - Epoch 1 - loss: 0.7702 - mae: 0.6290 - val_loss: 0.6639 - val_mae: 0.7200
2025-03-28 11:51:37,124 - INFO - Epoch 2 - loss: 0.5016 - mae: 0.5155 - val_loss: 0.5276 - val_mae: 0.6896
2025-03-28 11:51:38,151 - INFO - Epoch 3 - loss: 0.3872 - mae: 0.4741 - val_loss: 0.5696 - val_mae: 0.8214
2025-03-28 11:51:39,268 - INFO - Epoch 4 - loss: 0.3208 - mae: 0.4478 - val_loss: 0.5779 - val_mae: 0.8710
2025-03-28 11:51:40,348 - INFO - Epoch 5 - loss: 0.2804 - mae: 0.4307 - val_loss: 0.4616 - val_mae: 0.7628
2025-03-28 11:51:41,377 - INFO - Epoch 6 - loss: 0.2530 - mae: 0.4202 - val_loss: 0.5473 - val_mae: 0.8830
2025-03-28 11:51:42,374 - INFO - Epoch 7 - loss: 0.2319 - mae: 0.4106 - val_loss: 0.5091 - val_mae: 0.8561
2025-03-28 11:51:43,389 - INFO - Epoch 8 - loss: 0.2160 - mae: 0.4027 - val_loss: 0.4880 - val_mae: 0.8400
2025-03-28 11:51:44,424 - INFO - Epoch 9 - loss: 0.2026 - mae: 0.3956 - val_loss: 0.5679 - val_mae: 0.9382
2025-03-28 11:51:45,489 - INFO - Epoch 10 - loss: 0.1934 - mae: 0.3886 - val_loss: 0.5344 - val_mae: 0.9047
2025-03-28 11:51:46,489 - INFO - Epoch 11 - loss: 0.1882 - mae: 0.3881 - val_loss: 0.5827 - val_mae: 0.9667
2025-03-28 11:51:47,490 - INFO - Epoch 12 - loss: 0.1760 - mae: 0.3756 - val_loss: 0.4794 - val_mae: 0.8574
2025-03-28 11:51:48,471 - INFO - Epoch 13 - loss: 0.1704 - mae: 0.3726 - val_loss: 0.5248 - val_mae: 0.9150
2025-03-28 11:51:49,510 - INFO - Epoch 14 - loss: 0.1667 - mae: 0.3733 - val_loss: 0.4537 - val_mae: 0.8397
2025-03-28 11:51:50,515 - INFO - Epoch 15 - loss: 0.1590 - mae: 0.3634 - val_loss: 0.5664 - val_mae: 0.9662
2025-03-28 11:51:51,633 - INFO - Epoch 16 - loss: 0.1545 - mae: 0.3614 - val_loss: 0.3975 - val_mae: 0.7710
2025-03-28 11:51:52,645 - INFO - Epoch 17 - loss: 0.1523 - mae: 0.3610 - val_loss: 0.4932 - val_mae: 0.8880
2025-03-28 11:51:53,648 - INFO - Epoch 18 - loss: 0.1499 - mae: 0.3588 - val_loss: 0.4701 - val_mae: 0.8608
2025-03-28 11:51:54,675 - INFO - Epoch 19 - loss: 0.1440 - mae: 0.3522 - val_loss: 0.5307 - val_mae: 0.9299
2025-03-28 11:51:55,677 - INFO - Epoch 20 - loss: 0.1428 - mae: 0.3527 - val_loss: 0.4593 - val_mae: 0.8535
2025-03-28 11:51:56,706 - INFO - Epoch 21 - loss: 0.1404 - mae: 0.3504 - val_loss: 0.5141 - val_mae: 0.9194
2025-03-28 11:51:57,765 - INFO - Epoch 22 - loss: 0.1359 - mae: 0.3450 - val_loss: 0.5469 - val_mae: 0.9551
2025-03-28 11:51:58,790 - INFO - Epoch 23 - loss: 0.1357 - mae: 0.3464 - val_loss: 0.5067 - val_mae: 0.9057
2025-03-28 11:51:59,779 - INFO - Epoch 24 - loss: 0.1361 - mae: 0.3467 - val_loss: 0.5263 - val_mae: 0.9369
2025-03-28 11:52:00,794 - INFO - Epoch 25 - loss: 0.1322 - mae: 0.3423 - val_loss: 0.4952 - val_mae: 0.8955
2025-03-28 11:52:01,816 - INFO - Epoch 26 - loss: 0.1307 - mae: 0.3422 - val_loss: 0.5453 - val_mae: 0.9564
2025-03-28 11:52:02,871 - INFO - Epoch 27 - loss: 0.1286 - mae: 0.3383 - val_loss: 0.4803 - val_mae: 0.8768
2025-03-28 11:52:03,889 - INFO - Epoch 28 - loss: 0.1277 - mae: 0.3386 - val_loss: 0.4431 - val_mae: 0.8425
2025-03-28 11:52:04,933 - INFO - Epoch 29 - loss: 0.1254 - mae: 0.3346 - val_loss: 0.4874 - val_mae: 0.8930
2025-03-28 11:52:05,947 - INFO - Epoch 30 - loss: 0.1243 - mae: 0.3338 - val_loss: 0.5931 - val_mae: 1.0131
2025-03-28 11:52:06,957 - INFO - Epoch 31 - loss: 0.1219 - mae: 0.3282 - val_loss: 0.4822 - val_mae: 0.8844
2025-03-28 11:52:07,941 - INFO - Epoch 32 - loss: 0.1158 - mae: 0.3170 - val_loss: 0.5180 - val_mae: 0.9308
2025-03-28 11:52:08,953 - INFO - Epoch 33 - loss: 0.1100 - mae: 0.3081 - val_loss: 0.5204 - val_mae: 0.9325
2025-03-28 11:52:09,965 - INFO - Epoch 34 - loss: 0.1100 - mae: 0.3085 - val_loss: 0.5749 - val_mae: 0.9933
2025-03-28 11:52:10,937 - INFO - Epoch 35 - loss: 0.1095 - mae: 0.3073 - val_loss: 0.5566 - val_mae: 0.9729
2025-03-28 11:52:11,950 - INFO - Epoch 36 - loss: 0.1082 - mae: 0.3053 - val_loss: 0.5625 - val_mae: 0.9785
2025-03-28 11:52:12,948 - INFO - Epoch 37 - loss: 0.1070 - mae: 0.3031 - val_loss: 0.5669 - val_mae: 0.9846
2025-03-28 11:52:13,978 - INFO - Epoch 38 - loss: 0.1063 - mae: 0.3016 - val_loss: 0.5651 - val_mae: 0.9812
2025-03-28 11:52:14,959 - INFO - Epoch 39 - loss: 0.1062 - mae: 0.3023 - val_loss: 0.5366 - val_mae: 0.9476
2025-03-28 11:52:15,975 - INFO - Epoch 40 - loss: 0.1053 - mae: 0.2992 - val_loss: 0.5374 - val_mae: 0.9491
2025-03-28 11:52:16,951 - INFO - Epoch 41 - loss: 0.1052 - mae: 0.3018 - val_loss: 0.5221 - val_mae: 0.9284
2025-03-28 11:52:17,977 - INFO - Epoch 42 - loss: 0.1052 - mae: 0.3017 - val_loss: 0.5555 - val_mae: 0.9726
2025-03-28 11:52:18,973 - INFO - Epoch 43 - loss: 0.1045 - mae: 0.3007 - val_loss: 0.5434 - val_mae: 0.9574
2025-03-28 11:52:19,988 - INFO - Epoch 44 - loss: 0.1041 - mae: 0.2988 - val_loss: 0.5644 - val_mae: 0.9784
2025-03-28 11:52:20,969 - INFO - Epoch 45 - loss: 0.1061 - mae: 0.3025 - val_loss: 0.5582 - val_mae: 0.9722
2025-03-28 11:52:21,970 - INFO - Epoch 46 - loss: 0.1030 - mae: 0.2972 - val_loss: 0.5683 - val_mae: 0.9828
2025-03-28 11:52:21,977 - INFO - Training completed in 51.24 seconds
2025-03-28 11:52:21,978 - INFO - Final training loss: 0.1030
2025-03-28 11:52:21,978 - INFO - Final validation loss: 0.5683
2025-03-28 11:52:21,979 - INFO - Evaluating predictions for Sion
2025-03-28 11:52:21,980 - INFO - Preparing sequences from data with shape: (1056, 4)
2025-03-28 11:52:21,994 - INFO - Creating 1027 sequences...
2025-03-28 11:52:21,996 - INFO - Sequence preparation completed. X shape: (1027, 24, 47), y shape: (1027, 6)
2025-03-28 11:52:21,996 - INFO - Sequence preparation took 0.02 seconds
2025-03-28 11:52:22,739 - INFO - Evaluation completed in 0.76 seconds
2025-03-28 11:52:22,739 - INFO - Evaluation metrics - MAE: 37.19, RMSE: 37.93
2025-03-28 11:52:22,740 - INFO - Generating prediction plots for Sion
2025-03-28 11:52:23,229 - INFO - Saved prediction plot to predictions/lstm_prediction_Sion.png
2025-03-28 11:52:23,588 - INFO - Saved error distribution plot to predictions/lstm_error_distribution_Sion.png
2025-03-28 11:52:23,588 - INFO - 
Final Evaluation Results:
2025-03-28 11:52:23,589 - INFO - MAE: 37.19
2025-03-28 11:52:23,589 - INFO - RMSE: 37.93
2025-03-28 11:52:23,589 - INFO - Initializing LSTM Predictor for Vasai
2025-03-28 11:52:23,589 - INFO - Sequence length: 24, Prediction horizon: 6
2025-03-28 11:52:23,590 - INFO - Loading cleaned data from cleaned_data\Vasai_spatial_average.csv
2025-03-28 11:52:23,599 - INFO - Loaded cleaned data with shape: (5400, 4)
2025-03-28 11:52:23,599 - INFO - Features selected: ['PM10', 'RH', 'AT']
2025-03-28 11:52:23,599 - INFO - Starting model training with 4320 samples
2025-03-28 11:52:23,599 - INFO - Training parameters - epochs: 200, batch_size: 32, validation_split: 0.2
2025-03-28 11:52:23,599 - INFO - Preparing sequences from data with shape: (4320, 4)
2025-03-28 11:52:23,617 - INFO - Creating 4291 sequences...
2025-03-28 11:52:23,627 - INFO - Sequence preparation completed. X shape: (4291, 24, 47), y shape: (4291, 6)
2025-03-28 11:52:23,627 - INFO - Sequence preparation took 0.03 seconds
2025-03-28 11:52:23,627 - INFO - Building LSTM model with attention, input shape: (24, 47)
2025-03-28 11:52:23,694 - INFO - Model architecture:
2025-03-28 11:52:28,648 - INFO - Epoch 1 - loss: 0.7793 - mae: 0.6315 - val_loss: 0.6856 - val_mae: 0.6947
2025-03-28 11:52:29,692 - INFO - Epoch 2 - loss: 0.5178 - mae: 0.5070 - val_loss: 0.5403 - val_mae: 0.6624
2025-03-28 11:52:30,766 - INFO - Epoch 3 - loss: 0.3974 - mae: 0.4582 - val_loss: 0.5107 - val_mae: 0.7100
2025-03-28 11:52:31,842 - INFO - Epoch 4 - loss: 0.3300 - mae: 0.4355 - val_loss: 0.4327 - val_mae: 0.6492
2025-03-28 11:52:32,875 - INFO - Epoch 5 - loss: 0.2852 - mae: 0.4182 - val_loss: 0.4598 - val_mae: 0.7291
2025-03-28 11:52:34,000 - INFO - Epoch 6 - loss: 0.2534 - mae: 0.4040 - val_loss: 0.3400 - val_mae: 0.5765
2025-03-28 11:52:35,058 - INFO - Epoch 7 - loss: 0.2271 - mae: 0.3895 - val_loss: 0.3936 - val_mae: 0.6735
2025-03-28 11:52:36,130 - INFO - Epoch 8 - loss: 0.2098 - mae: 0.3799 - val_loss: 0.5100 - val_mae: 0.8364
2025-03-28 11:52:37,158 - INFO - Epoch 9 - loss: 0.1912 - mae: 0.3665 - val_loss: 0.5078 - val_mae: 0.8381
2025-03-28 11:52:38,156 - INFO - Epoch 10 - loss: 0.1815 - mae: 0.3622 - val_loss: 0.5385 - val_mae: 0.8796
2025-03-28 11:52:39,195 - INFO - Epoch 11 - loss: 0.1691 - mae: 0.3522 - val_loss: 0.6470 - val_mae: 1.0235
2025-03-28 11:52:40,254 - INFO - Epoch 12 - loss: 0.1575 - mae: 0.3400 - val_loss: 0.5821 - val_mae: 0.9440
2025-03-28 11:52:41,266 - INFO - Epoch 13 - loss: 0.1531 - mae: 0.3408 - val_loss: 0.5809 - val_mae: 0.9457
2025-03-28 11:52:42,259 - INFO - Epoch 14 - loss: 0.1464 - mae: 0.3355 - val_loss: 0.5917 - val_mae: 0.9659
2025-03-28 11:52:43,244 - INFO - Epoch 15 - loss: 0.1401 - mae: 0.3299 - val_loss: 0.6329 - val_mae: 1.0169
2025-03-28 11:52:44,260 - INFO - Epoch 16 - loss: 0.1360 - mae: 0.3275 - val_loss: 0.5004 - val_mae: 0.8693
2025-03-28 11:52:45,245 - INFO - Epoch 17 - loss: 0.1314 - mae: 0.3239 - val_loss: 0.6581 - val_mae: 1.0574
2025-03-28 11:52:46,259 - INFO - Epoch 18 - loss: 0.1270 - mae: 0.3187 - val_loss: 0.6240 - val_mae: 1.0195
2025-03-28 11:52:47,236 - INFO - Epoch 19 - loss: 0.1220 - mae: 0.3129 - val_loss: 0.6204 - val_mae: 1.0170
2025-03-28 11:52:48,250 - INFO - Epoch 20 - loss: 0.1187 - mae: 0.3099 - val_loss: 0.5787 - val_mae: 0.9672
2025-03-28 11:52:49,240 - INFO - Epoch 21 - loss: 0.1161 - mae: 0.3091 - val_loss: 0.6078 - val_mae: 1.0044
2025-03-28 11:52:50,266 - INFO - Epoch 22 - loss: 0.1087 - mae: 0.2941 - val_loss: 0.5754 - val_mae: 0.9664
2025-03-28 11:52:51,258 - INFO - Epoch 23 - loss: 0.1066 - mae: 0.2919 - val_loss: 0.5729 - val_mae: 0.9632
2025-03-28 11:52:52,266 - INFO - Epoch 24 - loss: 0.1038 - mae: 0.2873 - val_loss: 0.5928 - val_mae: 0.9877
2025-03-28 11:52:53,244 - INFO - Epoch 25 - loss: 0.1051 - mae: 0.2886 - val_loss: 0.5681 - val_mae: 0.9592
2025-03-28 11:52:54,247 - INFO - Epoch 26 - loss: 0.1024 - mae: 0.2847 - val_loss: 0.5938 - val_mae: 0.9922
2025-03-28 11:52:55,255 - INFO - Epoch 27 - loss: 0.1010 - mae: 0.2829 - val_loss: 0.5594 - val_mae: 0.9474
2025-03-28 11:52:56,243 - INFO - Epoch 28 - loss: 0.1004 - mae: 0.2825 - val_loss: 0.5718 - val_mae: 0.9659
2025-03-28 11:52:57,257 - INFO - Epoch 29 - loss: 0.0998 - mae: 0.2815 - val_loss: 0.5745 - val_mae: 0.9704
2025-03-28 11:52:58,250 - INFO - Epoch 30 - loss: 0.0997 - mae: 0.2834 - val_loss: 0.5778 - val_mae: 0.9719
2025-03-28 11:52:59,265 - INFO - Epoch 31 - loss: 0.1000 - mae: 0.2830 - val_loss: 0.5749 - val_mae: 0.9702
2025-03-28 11:53:00,253 - INFO - Epoch 32 - loss: 0.0989 - mae: 0.2831 - val_loss: 0.5724 - val_mae: 0.9683
2025-03-28 11:53:01,277 - INFO - Epoch 33 - loss: 0.0977 - mae: 0.2808 - val_loss: 0.5798 - val_mae: 0.9772
2025-03-28 11:53:02,273 - INFO - Epoch 34 - loss: 0.0983 - mae: 0.2829 - val_loss: 0.5768 - val_mae: 0.9706
2025-03-28 11:53:03,291 - INFO - Epoch 35 - loss: 0.0963 - mae: 0.2790 - val_loss: 0.5866 - val_mae: 0.9881
2025-03-28 11:53:04,280 - INFO - Epoch 36 - loss: 0.0980 - mae: 0.2834 - val_loss: 0.5515 - val_mae: 0.9469
2025-03-28 11:53:04,287 - INFO - Training completed in 40.69 seconds
2025-03-28 11:53:04,287 - INFO - Final training loss: 0.0980
2025-03-28 11:53:04,288 - INFO - Final validation loss: 0.5515
2025-03-28 11:53:04,289 - INFO - Evaluating predictions for Vasai
2025-03-28 11:53:04,289 - INFO - Preparing sequences from data with shape: (1080, 4)
2025-03-28 11:53:04,303 - INFO - Creating 1051 sequences...
2025-03-28 11:53:04,305 - INFO - Sequence preparation completed. X shape: (1051, 24, 47), y shape: (1051, 6)
2025-03-28 11:53:04,305 - INFO - Sequence preparation took 0.02 seconds
2025-03-28 11:53:05,032 - INFO - Evaluation completed in 0.74 seconds
2025-03-28 11:53:05,032 - INFO - Evaluation metrics - MAE: 30.11, RMSE: 32.25
2025-03-28 11:53:05,033 - INFO - Generating prediction plots for Vasai
2025-03-28 11:53:05,591 - INFO - Saved prediction plot to predictions/lstm_prediction_Vasai.png
2025-03-28 11:53:05,969 - INFO - Saved error distribution plot to predictions/lstm_error_distribution_Vasai.png
2025-03-28 11:53:05,969 - INFO - 
Final Evaluation Results:
2025-03-28 11:53:05,970 - INFO - MAE: 30.11
2025-03-28 11:53:05,970 - INFO - RMSE: 32.25
2025-03-28 11:53:05,970 - INFO - Initializing LSTM Predictor for Vileparle
2025-03-28 11:53:05,970 - INFO - Sequence length: 24, Prediction horizon: 6
2025-03-28 11:53:05,970 - INFO - Loading cleaned data from cleaned_data\Vileparle_spatial_average.csv
2025-03-28 11:53:05,979 - INFO - Loaded cleaned data with shape: (5280, 4)
2025-03-28 11:53:05,979 - INFO - Features selected: ['PM10', 'RH', 'AT']
2025-03-28 11:53:05,979 - INFO - Starting model training with 4224 samples
2025-03-28 11:53:05,979 - INFO - Training parameters - epochs: 200, batch_size: 32, validation_split: 0.2
2025-03-28 11:53:05,980 - INFO - Preparing sequences from data with shape: (4224, 4)
2025-03-28 11:53:05,997 - INFO - Creating 4195 sequences...
2025-03-28 11:53:06,007 - INFO - Sequence preparation completed. X shape: (4195, 24, 47), y shape: (4195, 6)
2025-03-28 11:53:06,007 - INFO - Sequence preparation took 0.03 seconds
2025-03-28 11:53:06,008 - INFO - Building LSTM model with attention, input shape: (24, 47)
2025-03-28 11:53:06,068 - INFO - Model architecture:
2025-03-28 11:53:11,159 - INFO - Epoch 1 - loss: 0.7869 - mae: 0.6349 - val_loss: 0.7316 - val_mae: 0.7667
2025-03-28 11:53:12,247 - INFO - Epoch 2 - loss: 0.5282 - mae: 0.5156 - val_loss: 0.4352 - val_mae: 0.5097
2025-03-28 11:53:13,277 - INFO - Epoch 3 - loss: 0.4049 - mae: 0.4659 - val_loss: 0.3385 - val_mae: 0.4554
2025-03-28 11:53:14,367 - INFO - Epoch 4 - loss: 0.3379 - mae: 0.4420 - val_loss: 0.2915 - val_mae: 0.4413
2025-03-28 11:53:15,399 - INFO - Epoch 5 - loss: 0.2920 - mae: 0.4229 - val_loss: 0.2708 - val_mae: 0.4559
2025-03-28 11:53:16,458 - INFO - Epoch 6 - loss: 0.2599 - mae: 0.4070 - val_loss: 0.2403 - val_mae: 0.4351
2025-03-28 11:53:17,498 - INFO - Epoch 7 - loss: 0.2363 - mae: 0.3960 - val_loss: 0.2263 - val_mae: 0.4318
2025-03-28 11:53:18,601 - INFO - Epoch 8 - loss: 0.2179 - mae: 0.3866 - val_loss: 0.2596 - val_mae: 0.5125
2025-03-28 11:53:19,625 - INFO - Epoch 9 - loss: 0.2020 - mae: 0.3761 - val_loss: 0.2146 - val_mae: 0.4456
2025-03-28 11:53:20,650 - INFO - Epoch 10 - loss: 0.1916 - mae: 0.3714 - val_loss: 0.2506 - val_mae: 0.5254
2025-03-28 11:53:21,647 - INFO - Epoch 11 - loss: 0.1801 - mae: 0.3628 - val_loss: 0.2747 - val_mae: 0.5562
2025-03-28 11:53:22,666 - INFO - Epoch 12 - loss: 0.1708 - mae: 0.3565 - val_loss: 0.2948 - val_mae: 0.5977
2025-03-28 11:53:23,667 - INFO - Epoch 13 - loss: 0.1640 - mae: 0.3516 - val_loss: 0.2153 - val_mae: 0.4894
2025-03-28 11:53:24,740 - INFO - Epoch 14 - loss: 0.1553 - mae: 0.3440 - val_loss: 0.2596 - val_mae: 0.5653
2025-03-28 11:53:25,740 - INFO - Epoch 15 - loss: 0.1500 - mae: 0.3403 - val_loss: 0.2976 - val_mae: 0.6230
2025-03-28 11:53:26,737 - INFO - Epoch 16 - loss: 0.1443 - mae: 0.3357 - val_loss: 0.3464 - val_mae: 0.6947
2025-03-28 11:53:27,777 - INFO - Epoch 17 - loss: 0.1399 - mae: 0.3310 - val_loss: 0.1752 - val_mae: 0.4224
2025-03-28 11:53:28,771 - INFO - Epoch 18 - loss: 0.1392 - mae: 0.3334 - val_loss: 0.2077 - val_mae: 0.4934
2025-03-28 11:53:29,863 - INFO - Epoch 19 - loss: 0.1294 - mae: 0.3188 - val_loss: 0.1730 - val_mae: 0.4330
2025-03-28 11:53:30,971 - INFO - Epoch 20 - loss: 0.1283 - mae: 0.3210 - val_loss: 0.2609 - val_mae: 0.5849
2025-03-28 11:53:32,057 - INFO - Epoch 21 - loss: 0.1255 - mae: 0.3187 - val_loss: 0.2432 - val_mae: 0.5685
2025-03-28 11:53:33,111 - INFO - Epoch 22 - loss: 0.1254 - mae: 0.3219 - val_loss: 0.2802 - val_mae: 0.6129
2025-03-28 11:53:34,126 - INFO - Epoch 23 - loss: 0.1207 - mae: 0.3138 - val_loss: 0.2486 - val_mae: 0.5807
2025-03-28 11:53:35,115 - INFO - Epoch 24 - loss: 0.1165 - mae: 0.3076 - val_loss: 0.1943 - val_mae: 0.4840
2025-03-28 11:53:36,200 - INFO - Epoch 25 - loss: 0.1161 - mae: 0.3076 - val_loss: 0.2245 - val_mae: 0.5458
2025-03-28 11:53:37,238 - INFO - Epoch 26 - loss: 0.1108 - mae: 0.3017 - val_loss: 0.2412 - val_mae: 0.5717
2025-03-28 11:53:38,403 - INFO - Epoch 27 - loss: 0.1110 - mae: 0.3028 - val_loss: 0.2272 - val_mae: 0.5480
2025-03-28 11:53:39,391 - INFO - Epoch 28 - loss: 0.1108 - mae: 0.3038 - val_loss: 0.2557 - val_mae: 0.5942
2025-03-28 11:53:40,402 - INFO - Epoch 29 - loss: 0.1066 - mae: 0.2982 - val_loss: 0.2223 - val_mae: 0.5545
2025-03-28 11:53:41,426 - INFO - Epoch 30 - loss: 0.1062 - mae: 0.2975 - val_loss: 0.1641 - val_mae: 0.4414
2025-03-28 11:53:42,436 - INFO - Epoch 31 - loss: 0.1046 - mae: 0.2962 - val_loss: 0.1778 - val_mae: 0.4690
2025-03-28 11:53:43,504 - INFO - Epoch 32 - loss: 0.1038 - mae: 0.2961 - val_loss: 0.2733 - val_mae: 0.6354
2025-03-28 11:53:44,527 - INFO - Epoch 33 - loss: 0.1030 - mae: 0.2935 - val_loss: 0.2203 - val_mae: 0.5495
2025-03-28 11:53:45,505 - INFO - Epoch 34 - loss: 0.1039 - mae: 0.2965 - val_loss: 0.2428 - val_mae: 0.5780
2025-03-28 11:53:46,588 - INFO - Epoch 35 - loss: 0.1004 - mae: 0.2910 - val_loss: 0.2081 - val_mae: 0.5255
2025-03-28 11:53:47,577 - INFO - Epoch 36 - loss: 0.0991 - mae: 0.2903 - val_loss: 0.2232 - val_mae: 0.5570
2025-03-28 11:53:48,575 - INFO - Epoch 37 - loss: 0.0992 - mae: 0.2905 - val_loss: 0.2009 - val_mae: 0.5226
2025-03-28 11:53:49,561 - INFO - Epoch 38 - loss: 0.0998 - mae: 0.2920 - val_loss: 0.2300 - val_mae: 0.5712
2025-03-28 11:53:50,541 - INFO - Epoch 39 - loss: 0.0982 - mae: 0.2896 - val_loss: 0.2609 - val_mae: 0.6169
2025-03-28 11:53:51,547 - INFO - Epoch 40 - loss: 0.0967 - mae: 0.2859 - val_loss: 0.2270 - val_mae: 0.5648
2025-03-28 11:53:52,532 - INFO - Epoch 41 - loss: 0.0962 - mae: 0.2858 - val_loss: 0.2364 - val_mae: 0.5839
2025-03-28 11:53:53,541 - INFO - Epoch 42 - loss: 0.0945 - mae: 0.2852 - val_loss: 0.1966 - val_mae: 0.5175
2025-03-28 11:53:54,603 - INFO - Epoch 43 - loss: 0.0939 - mae: 0.2850 - val_loss: 0.1838 - val_mae: 0.4951
2025-03-28 11:53:55,634 - INFO - Epoch 44 - loss: 0.0921 - mae: 0.2794 - val_loss: 0.2198 - val_mae: 0.5567
2025-03-28 11:53:56,645 - INFO - Epoch 45 - loss: 0.0930 - mae: 0.2824 - val_loss: 0.2097 - val_mae: 0.5463
2025-03-28 11:53:57,655 - INFO - Epoch 46 - loss: 0.0869 - mae: 0.2700 - val_loss: 0.2112 - val_mae: 0.5446
2025-03-28 11:53:58,641 - INFO - Epoch 47 - loss: 0.0848 - mae: 0.2649 - val_loss: 0.2133 - val_mae: 0.5481
2025-03-28 11:53:59,642 - INFO - Epoch 48 - loss: 0.0830 - mae: 0.2632 - val_loss: 0.2179 - val_mae: 0.5578
2025-03-28 11:54:00,617 - INFO - Epoch 49 - loss: 0.0815 - mae: 0.2607 - val_loss: 0.2171 - val_mae: 0.5546
2025-03-28 11:54:01,632 - INFO - Epoch 50 - loss: 0.0840 - mae: 0.2639 - val_loss: 0.2201 - val_mae: 0.5600
2025-03-28 11:54:02,633 - INFO - Epoch 51 - loss: 0.0820 - mae: 0.2611 - val_loss: 0.2333 - val_mae: 0.5789
2025-03-28 11:54:03,666 - INFO - Epoch 52 - loss: 0.0801 - mae: 0.2585 - val_loss: 0.2141 - val_mae: 0.5503
2025-03-28 11:54:04,674 - INFO - Epoch 53 - loss: 0.0807 - mae: 0.2583 - val_loss: 0.2272 - val_mae: 0.5703
2025-03-28 11:54:05,647 - INFO - Epoch 54 - loss: 0.0790 - mae: 0.2549 - val_loss: 0.2411 - val_mae: 0.5930
2025-03-28 11:54:06,658 - INFO - Epoch 55 - loss: 0.0805 - mae: 0.2586 - val_loss: 0.2381 - val_mae: 0.5883
2025-03-28 11:54:07,640 - INFO - Epoch 56 - loss: 0.0798 - mae: 0.2570 - val_loss: 0.2199 - val_mae: 0.5563
2025-03-28 11:54:08,647 - INFO - Epoch 57 - loss: 0.0784 - mae: 0.2555 - val_loss: 0.2235 - val_mae: 0.5646
2025-03-28 11:54:09,623 - INFO - Epoch 58 - loss: 0.0796 - mae: 0.2582 - val_loss: 0.2095 - val_mae: 0.5385
2025-03-28 11:54:10,627 - INFO - Epoch 59 - loss: 0.0799 - mae: 0.2593 - val_loss: 0.2119 - val_mae: 0.5447
2025-03-28 11:54:11,625 - INFO - Epoch 60 - loss: 0.0772 - mae: 0.2528 - val_loss: 0.2174 - val_mae: 0.5549
2025-03-28 11:54:11,633 - INFO - Training completed in 65.65 seconds
2025-03-28 11:54:11,633 - INFO - Final training loss: 0.0772
2025-03-28 11:54:11,634 - INFO - Final validation loss: 0.2174
2025-03-28 11:54:11,635 - INFO - Evaluating predictions for Vileparle
2025-03-28 11:54:11,635 - INFO - Preparing sequences from data with shape: (1056, 4)
2025-03-28 11:54:11,649 - INFO - Creating 1027 sequences...
2025-03-28 11:54:11,652 - INFO - Sequence preparation completed. X shape: (1027, 24, 47), y shape: (1027, 6)
2025-03-28 11:54:11,652 - INFO - Sequence preparation took 0.02 seconds
2025-03-28 11:54:13,149 - INFO - Evaluation completed in 1.51 seconds
2025-03-28 11:54:13,149 - INFO - Evaluation metrics - MAE: 20.53, RMSE: 22.32
2025-03-28 11:54:13,149 - INFO - Generating prediction plots for Vileparle
2025-03-28 11:54:13,678 - INFO - Saved prediction plot to predictions/lstm_prediction_Vileparle.png
2025-03-28 11:54:14,110 - INFO - Saved error distribution plot to predictions/lstm_error_distribution_Vileparle.png
2025-03-28 11:54:14,110 - INFO - 
Final Evaluation Results:
2025-03-28 11:54:14,111 - INFO - MAE: 20.53
2025-03-28 11:54:14,111 - INFO - RMSE: 22.32
2025-03-28 11:54:14,111 - INFO - Initializing LSTM Predictor for Worli
2025-03-28 11:54:14,111 - INFO - Sequence length: 24, Prediction horizon: 6
2025-03-28 11:54:14,111 - INFO - Loading cleaned data from cleaned_data\Worli_spatial_average.csv
2025-03-28 11:54:14,121 - INFO - Loaded cleaned data with shape: (5400, 4)
2025-03-28 11:54:14,121 - INFO - Features selected: ['PM10', 'RH', 'AT']
2025-03-28 11:54:14,121 - INFO - Starting model training with 4320 samples
2025-03-28 11:54:14,121 - INFO - Training parameters - epochs: 200, batch_size: 32, validation_split: 0.2
2025-03-28 11:54:14,121 - INFO - Preparing sequences from data with shape: (4320, 4)
2025-03-28 11:54:14,140 - INFO - Creating 4291 sequences...
2025-03-28 11:54:14,150 - INFO - Sequence preparation completed. X shape: (4291, 24, 47), y shape: (4291, 6)
2025-03-28 11:54:14,150 - INFO - Sequence preparation took 0.03 seconds
2025-03-28 11:54:14,150 - INFO - Building LSTM model with attention, input shape: (24, 47)
2025-03-28 11:54:14,211 - INFO - Model architecture:
2025-03-28 11:54:19,362 - INFO - Epoch 1 - loss: 0.7689 - mae: 0.6163 - val_loss: 0.6351 - val_mae: 0.6578
2025-03-28 11:54:20,451 - INFO - Epoch 2 - loss: 0.5064 - mae: 0.5021 - val_loss: 0.5051 - val_mae: 0.6553
2025-03-28 11:54:21,545 - INFO - Epoch 3 - loss: 0.3875 - mae: 0.4580 - val_loss: 0.4845 - val_mae: 0.7220
2025-03-28 11:54:22,704 - INFO - Epoch 4 - loss: 0.3246 - mae: 0.4408 - val_loss: 0.3870 - val_mae: 0.6369
2025-03-28 11:54:23,784 - INFO - Epoch 5 - loss: 0.2831 - mae: 0.4269 - val_loss: 0.3984 - val_mae: 0.6896
2025-03-28 11:54:24,860 - INFO - Epoch 6 - loss: 0.2521 - mae: 0.4147 - val_loss: 0.3709 - val_mae: 0.6709
2025-03-28 11:54:25,958 - INFO - Epoch 7 - loss: 0.2270 - mae: 0.3994 - val_loss: 0.3226 - val_mae: 0.6237
2025-03-28 11:54:26,986 - INFO - Epoch 8 - loss: 0.2112 - mae: 0.3950 - val_loss: 0.4292 - val_mae: 0.7796
2025-03-28 11:54:28,075 - INFO - Epoch 9 - loss: 0.1998 - mae: 0.3909 - val_loss: 0.4724 - val_mae: 0.8445
2025-03-28 11:54:29,140 - INFO - Epoch 10 - loss: 0.1868 - mae: 0.3810 - val_loss: 0.3898 - val_mae: 0.7456
2025-03-28 11:54:30,193 - INFO - Epoch 11 - loss: 0.1766 - mae: 0.3743 - val_loss: 0.4297 - val_mae: 0.8037
2025-03-28 11:54:31,216 - INFO - Epoch 12 - loss: 0.1680 - mae: 0.3684 - val_loss: 0.4308 - val_mae: 0.8120
2025-03-28 11:54:32,269 - INFO - Epoch 13 - loss: 0.1615 - mae: 0.3632 - val_loss: 0.4206 - val_mae: 0.7990
2025-03-28 11:54:33,401 - INFO - Epoch 14 - loss: 0.1587 - mae: 0.3650 - val_loss: 0.2934 - val_mae: 0.6341
2025-03-28 11:54:34,460 - INFO - Epoch 15 - loss: 0.1529 - mae: 0.3598 - val_loss: 0.5070 - val_mae: 0.9121
2025-03-28 11:54:35,570 - INFO - Epoch 16 - loss: 0.1493 - mae: 0.3580 - val_loss: 0.4881 - val_mae: 0.8837
2025-03-28 11:54:36,620 - INFO - Epoch 17 - loss: 0.1449 - mae: 0.3547 - val_loss: 0.5575 - val_mae: 0.9686
2025-03-28 11:54:37,649 - INFO - Epoch 18 - loss: 0.1421 - mae: 0.3531 - val_loss: 0.4940 - val_mae: 0.8971
2025-03-28 11:54:38,701 - INFO - Epoch 19 - loss: 0.1421 - mae: 0.3553 - val_loss: 0.4331 - val_mae: 0.8295
2025-03-28 11:54:39,730 - INFO - Epoch 20 - loss: 0.1337 - mae: 0.3449 - val_loss: 0.5128 - val_mae: 0.9249
2025-03-28 11:54:40,783 - INFO - Epoch 21 - loss: 0.1313 - mae: 0.3415 - val_loss: 0.3741 - val_mae: 0.7520
2025-03-28 11:54:41,802 - INFO - Epoch 22 - loss: 0.1295 - mae: 0.3407 - val_loss: 0.6032 - val_mae: 1.0286
2025-03-28 11:54:42,835 - INFO - Epoch 23 - loss: 0.1304 - mae: 0.3460 - val_loss: 0.5535 - val_mae: 0.9731
2025-03-28 11:54:43,862 - INFO - Epoch 24 - loss: 0.1265 - mae: 0.3406 - val_loss: 0.6183 - val_mae: 1.0459
2025-03-28 11:54:44,903 - INFO - Epoch 25 - loss: 0.1260 - mae: 0.3406 - val_loss: 0.4405 - val_mae: 0.8480
2025-03-28 11:54:45,935 - INFO - Epoch 26 - loss: 0.1262 - mae: 0.3427 - val_loss: 0.4845 - val_mae: 0.8942
2025-03-28 11:54:46,996 - INFO - Epoch 27 - loss: 0.1219 - mae: 0.3354 - val_loss: 0.5023 - val_mae: 0.9191
2025-03-28 11:54:48,033 - INFO - Epoch 28 - loss: 0.1208 - mae: 0.3353 - val_loss: 0.4435 - val_mae: 0.8539
2025-03-28 11:54:49,062 - INFO - Epoch 29 - loss: 0.1215 - mae: 0.3380 - val_loss: 0.4168 - val_mae: 0.8100
2025-03-28 11:54:50,111 - INFO - Epoch 30 - loss: 0.1166 - mae: 0.3301 - val_loss: 0.4778 - val_mae: 0.8882
2025-03-28 11:54:51,131 - INFO - Epoch 31 - loss: 0.1143 - mae: 0.3241 - val_loss: 0.5130 - val_mae: 0.9281
2025-03-28 11:54:52,190 - INFO - Epoch 32 - loss: 0.1139 - mae: 0.3240 - val_loss: 0.5381 - val_mae: 0.9571
2025-03-28 11:54:53,214 - INFO - Epoch 33 - loss: 0.1131 - mae: 0.3225 - val_loss: 0.5473 - val_mae: 0.9698
2025-03-28 11:54:54,270 - INFO - Epoch 34 - loss: 0.1122 - mae: 0.3221 - val_loss: 0.5704 - val_mae: 0.9925
2025-03-28 11:54:55,306 - INFO - Epoch 35 - loss: 0.1117 - mae: 0.3215 - val_loss: 0.4826 - val_mae: 0.8942
2025-03-28 11:54:56,356 - INFO - Epoch 36 - loss: 0.1120 - mae: 0.3223 - val_loss: 0.5385 - val_mae: 0.9585
2025-03-28 11:54:57,386 - INFO - Epoch 37 - loss: 0.1116 - mae: 0.3213 - val_loss: 0.4915 - val_mae: 0.9022
2025-03-28 11:54:58,443 - INFO - Epoch 38 - loss: 0.1102 - mae: 0.3186 - val_loss: 0.5806 - val_mae: 1.0068
2025-03-28 11:54:59,461 - INFO - Epoch 39 - loss: 0.1101 - mae: 0.3197 - val_loss: 0.5354 - val_mae: 0.9553
2025-03-28 11:55:00,514 - INFO - Epoch 40 - loss: 0.1092 - mae: 0.3179 - val_loss: 0.5635 - val_mae: 0.9855
2025-03-28 11:55:01,534 - INFO - Epoch 41 - loss: 0.1098 - mae: 0.3196 - val_loss: 0.5096 - val_mae: 0.9190
2025-03-28 11:55:02,577 - INFO - Epoch 42 - loss: 0.1094 - mae: 0.3194 - val_loss: 0.5586 - val_mae: 0.9821
2025-03-28 11:55:03,601 - INFO - Epoch 43 - loss: 0.1094 - mae: 0.3188 - val_loss: 0.5899 - val_mae: 1.0172
2025-03-28 11:55:04,654 - INFO - Epoch 44 - loss: 0.1096 - mae: 0.3191 - val_loss: 0.5560 - val_mae: 0.9768
2025-03-28 11:55:04,662 - INFO - Training completed in 50.54 seconds
2025-03-28 11:55:04,662 - INFO - Final training loss: 0.1096
2025-03-28 11:55:04,663 - INFO - Final validation loss: 0.5560
2025-03-28 11:55:04,664 - INFO - Evaluating predictions for Worli
2025-03-28 11:55:04,664 - INFO - Preparing sequences from data with shape: (1080, 4)
2025-03-28 11:55:04,678 - INFO - Creating 1051 sequences...
2025-03-28 11:55:04,681 - INFO - Sequence preparation completed. X shape: (1051, 24, 47), y shape: (1051, 6)
2025-03-28 11:55:04,681 - INFO - Sequence preparation took 0.02 seconds
2025-03-28 11:55:05,421 - INFO - Evaluation completed in 0.76 seconds
2025-03-28 11:55:05,421 - INFO - Evaluation metrics - MAE: 41.44, RMSE: 42.52
2025-03-28 11:55:05,422 - INFO - Generating prediction plots for Worli
2025-03-28 11:55:05,928 - INFO - Saved prediction plot to predictions/lstm_prediction_Worli.png
2025-03-28 11:55:06,308 - INFO - Saved error distribution plot to predictions/lstm_error_distribution_Worli.png
2025-03-28 11:55:06,308 - INFO - 
Final Evaluation Results:
2025-03-28 11:55:06,308 - INFO - MAE: 41.44
2025-03-28 11:55:06,308 - INFO - RMSE: 42.52
2025-03-28 11:55:06,308 - INFO - Total execution time: 785.29 seconds
2025-03-28 11:56:46,850 - INFO - Starting LSTM predictor main execution
2025-03-28 11:56:46,851 - INFO - Initializing LSTM Predictor for Airport
2025-03-28 11:56:46,851 - INFO - Sequence length: 24, Prediction horizon: 6
2025-03-28 11:56:46,851 - INFO - Loading cleaned data from cleaned_data\Airport_spatial_average.csv
2025-03-28 11:56:46,863 - INFO - Loaded cleaned data with shape: (5280, 4)
2025-03-28 11:56:46,863 - INFO - Features selected: ['PM10', 'RH', 'AT']
2025-03-28 11:56:46,864 - INFO - Starting model training with 4224 samples
2025-03-28 11:56:46,864 - INFO - Training parameters - epochs: 100, batch_size: 32, validation_split: 0.2
2025-03-28 11:56:46,864 - INFO - Preparing sequences from data with shape: (4224, 4)
2025-03-28 11:56:46,873 - INFO - Creating 4195 sequences...
2025-03-28 11:56:46,880 - INFO - Sequence preparation completed. X shape: (4195, 24, 22), y shape: (4195, 6)
2025-03-28 11:56:46,880 - INFO - Sequence preparation took 0.02 seconds
2025-03-28 11:56:46,880 - INFO - Building LSTM model with attention, input shape: (24, 22)
2025-03-28 11:56:47,579 - WARNING - From C:\Users\Pranav\AppData\Roaming\Python\Python312\site-packages\keras\src\backend\tensorflow\core.py:204: The name tf.placeholder is deprecated. Please use tf.compat.v1.placeholder instead.

2025-03-28 11:56:47,609 - INFO - Model architecture:
2025-03-28 11:56:50,282 - INFO - Epoch 1 - loss: 0.6114 - mae: 0.6122 - val_loss: 0.6009 - val_mae: 0.6281
2025-03-28 11:56:50,848 - INFO - Epoch 2 - loss: 0.4434 - mae: 0.5134 - val_loss: 0.6368 - val_mae: 0.6678
2025-03-28 11:56:51,422 - INFO - Epoch 3 - loss: 0.3722 - mae: 0.4690 - val_loss: 0.4373 - val_mae: 0.5503
2025-03-28 11:56:52,034 - INFO - Epoch 4 - loss: 0.3379 - mae: 0.4456 - val_loss: 0.3933 - val_mae: 0.4988
2025-03-28 11:56:52,587 - INFO - Epoch 5 - loss: 0.3216 - mae: 0.4352 - val_loss: 0.4238 - val_mae: 0.5168
2025-03-28 11:56:53,150 - INFO - Epoch 6 - loss: 0.2905 - mae: 0.4121 - val_loss: 0.4347 - val_mae: 0.5106
2025-03-28 11:56:53,696 - INFO - Epoch 7 - loss: 0.2697 - mae: 0.3980 - val_loss: 0.4002 - val_mae: 0.4901
2025-03-28 11:56:54,228 - INFO - Epoch 8 - loss: 0.2609 - mae: 0.3904 - val_loss: 0.4796 - val_mae: 0.5514
2025-03-28 11:56:54,764 - INFO - Epoch 9 - loss: 0.2465 - mae: 0.3804 - val_loss: 0.5248 - val_mae: 0.5781
2025-03-28 11:56:55,316 - INFO - Epoch 10 - loss: 0.2240 - mae: 0.3610 - val_loss: 0.4273 - val_mae: 0.5062
2025-03-28 11:56:55,856 - INFO - Epoch 11 - loss: 0.2157 - mae: 0.3549 - val_loss: 0.4439 - val_mae: 0.5212
2025-03-28 11:56:56,404 - INFO - Epoch 12 - loss: 0.2169 - mae: 0.3551 - val_loss: 0.4537 - val_mae: 0.5261
2025-03-28 11:56:56,942 - INFO - Epoch 13 - loss: 0.2077 - mae: 0.3477 - val_loss: 0.4618 - val_mae: 0.5304
2025-03-28 11:56:57,501 - INFO - Epoch 14 - loss: 0.2030 - mae: 0.3432 - val_loss: 0.4125 - val_mae: 0.4922
2025-03-28 11:56:58,045 - INFO - Epoch 15 - loss: 0.1972 - mae: 0.3368 - val_loss: 0.4575 - val_mae: 0.5221
2025-03-28 11:56:58,583 - INFO - Epoch 16 - loss: 0.1893 - mae: 0.3310 - val_loss: 0.5171 - val_mae: 0.5634
2025-03-28 11:56:59,115 - INFO - Epoch 17 - loss: 0.1895 - mae: 0.3303 - val_loss: 0.4873 - val_mae: 0.5373
2025-03-28 11:56:59,687 - INFO - Epoch 18 - loss: 0.1862 - mae: 0.3294 - val_loss: 0.5005 - val_mae: 0.5487
2025-03-28 11:57:00,218 - INFO - Epoch 19 - loss: 0.1858 - mae: 0.3274 - val_loss: 0.5250 - val_mae: 0.5658
2025-03-28 11:57:00,228 - INFO - Training completed in 13.37 seconds
2025-03-28 11:57:00,229 - INFO - Final training loss: 0.1858
2025-03-28 11:57:00,229 - INFO - Final validation loss: 0.5250
2025-03-28 11:57:00,229 - INFO - Evaluating predictions for Airport
2025-03-28 11:57:00,230 - INFO - Preparing sequences from data with shape: (1056, 4)
2025-03-28 11:57:00,236 - INFO - Creating 1027 sequences...
2025-03-28 11:57:00,238 - INFO - Sequence preparation completed. X shape: (1027, 24, 22), y shape: (1027, 6)
2025-03-28 11:57:00,238 - INFO - Sequence preparation took 0.01 seconds
2025-03-28 11:57:00,677 - INFO - Evaluation completed in 0.45 seconds
2025-03-28 11:57:00,677 - INFO - Evaluation metrics - MAE: 14.65, RMSE: 16.23
2025-03-28 11:57:00,678 - INFO - Generating prediction plots for Airport
2025-03-28 11:57:01,303 - INFO - Saved prediction plot to predictions/lstm_prediction_Airport.png
2025-03-28 11:57:01,747 - INFO - Saved error distribution plot to predictions/lstm_error_distribution_Airport.png
2025-03-28 11:57:01,747 - INFO - 
Final Evaluation Results:
2025-03-28 11:57:01,748 - INFO - MAE: 14.65
2025-03-28 11:57:01,748 - INFO - RMSE: 16.23
2025-03-28 11:57:01,748 - INFO - Initializing LSTM Predictor for Bandra
2025-03-28 11:57:01,748 - INFO - Sequence length: 24, Prediction horizon: 6
2025-03-28 11:57:01,749 - INFO - Loading cleaned data from cleaned_data\Bandra_spatial_average.csv
2025-03-28 11:57:01,759 - INFO - Loaded cleaned data with shape: (5404, 4)
2025-03-28 11:57:01,759 - INFO - Features selected: ['PM10', 'RH', 'AT']
2025-03-28 11:57:01,759 - INFO - Starting model training with 4323 samples
2025-03-28 11:57:01,759 - INFO - Training parameters - epochs: 100, batch_size: 32, validation_split: 0.2
2025-03-28 11:57:01,760 - INFO - Preparing sequences from data with shape: (4323, 4)
2025-03-28 11:57:01,770 - INFO - Creating 4294 sequences...
2025-03-28 11:57:01,776 - INFO - Sequence preparation completed. X shape: (4294, 24, 22), y shape: (4294, 6)
2025-03-28 11:57:01,777 - INFO - Sequence preparation took 0.02 seconds
2025-03-28 11:57:01,777 - INFO - Building LSTM model with attention, input shape: (24, 22)
2025-03-28 11:57:01,818 - INFO - Model architecture:
2025-03-28 11:57:04,736 - INFO - Epoch 1 - loss: 0.7250 - mae: 0.5214 - val_loss: 0.2444 - val_mae: 0.3744
2025-03-28 11:57:05,290 - INFO - Epoch 2 - loss: 0.5451 - mae: 0.3950 - val_loss: 0.3035 - val_mae: 0.4607
2025-03-28 11:57:05,846 - INFO - Epoch 3 - loss: 0.5001 - mae: 0.3669 - val_loss: 0.2594 - val_mae: 0.4076
2025-03-28 11:57:06,403 - INFO - Epoch 4 - loss: 0.4763 - mae: 0.3502 - val_loss: 0.2869 - val_mae: 0.4368
2025-03-28 11:57:06,951 - INFO - Epoch 5 - loss: 0.4524 - mae: 0.3378 - val_loss: 0.3063 - val_mae: 0.4576
2025-03-28 11:57:07,501 - INFO - Epoch 6 - loss: 0.4316 - mae: 0.3235 - val_loss: 0.3454 - val_mae: 0.4914
2025-03-28 11:57:08,092 - INFO - Epoch 7 - loss: 0.4118 - mae: 0.3115 - val_loss: 0.3248 - val_mae: 0.4686
2025-03-28 11:57:08,638 - INFO - Epoch 8 - loss: 0.3978 - mae: 0.3042 - val_loss: 0.3262 - val_mae: 0.4638
2025-03-28 11:57:09,225 - INFO - Epoch 9 - loss: 0.3884 - mae: 0.3015 - val_loss: 0.4367 - val_mae: 0.5506
2025-03-28 11:57:09,809 - INFO - Epoch 10 - loss: 0.3848 - mae: 0.2990 - val_loss: 0.4293 - val_mae: 0.5488
2025-03-28 11:57:10,414 - INFO - Epoch 11 - loss: 0.3762 - mae: 0.2947 - val_loss: 0.4083 - val_mae: 0.5336
2025-03-28 11:57:10,961 - INFO - Epoch 12 - loss: 0.3683 - mae: 0.2895 - val_loss: 0.4243 - val_mae: 0.5423
2025-03-28 11:57:11,504 - INFO - Epoch 13 - loss: 0.3556 - mae: 0.2854 - val_loss: 0.4652 - val_mae: 0.5701
2025-03-28 11:57:12,070 - INFO - Epoch 14 - loss: 0.3547 - mae: 0.2792 - val_loss: 0.4842 - val_mae: 0.5812
2025-03-28 11:57:12,641 - INFO - Epoch 15 - loss: 0.3559 - mae: 0.2793 - val_loss: 0.5195 - val_mae: 0.6059
2025-03-28 11:57:13,202 - INFO - Epoch 16 - loss: 0.3520 - mae: 0.2806 - val_loss: 0.5188 - val_mae: 0.5929
2025-03-28 11:57:13,209 - INFO - Training completed in 11.45 seconds
2025-03-28 11:57:13,209 - INFO - Final training loss: 0.3520
2025-03-28 11:57:13,209 - INFO - Final validation loss: 0.5188
2025-03-28 11:57:13,210 - INFO - Evaluating predictions for Bandra
2025-03-28 11:57:13,210 - INFO - Preparing sequences from data with shape: (1081, 4)
2025-03-28 11:57:13,217 - INFO - Creating 1052 sequences...
2025-03-28 11:57:13,219 - INFO - Sequence preparation completed. X shape: (1052, 24, 22), y shape: (1052, 6)
2025-03-28 11:57:13,219 - INFO - Sequence preparation took 0.01 seconds
2025-03-28 11:57:13,648 - INFO - Evaluation completed in 0.44 seconds
2025-03-28 11:57:13,648 - INFO - Evaluation metrics - MAE: 19.17, RMSE: 21.58
2025-03-28 11:57:13,649 - INFO - Generating prediction plots for Bandra
2025-03-28 11:57:14,228 - INFO - Saved prediction plot to predictions/lstm_prediction_Bandra.png
2025-03-28 11:57:14,620 - INFO - Saved error distribution plot to predictions/lstm_error_distribution_Bandra.png
2025-03-28 11:57:14,621 - INFO - 
Final Evaluation Results:
2025-03-28 11:57:14,621 - INFO - MAE: 19.17
2025-03-28 11:57:14,621 - INFO - RMSE: 21.58
2025-03-28 11:57:14,621 - INFO - Initializing LSTM Predictor for Borivali
2025-03-28 11:57:14,621 - INFO - Sequence length: 24, Prediction horizon: 6
2025-03-28 11:57:14,622 - INFO - Loading cleaned data from cleaned_data\Borivali_spatial_average.csv
2025-03-28 11:57:14,631 - INFO - Loaded cleaned data with shape: (5400, 4)
2025-03-28 11:57:14,631 - INFO - Features selected: ['PM10', 'RH', 'AT']
2025-03-28 11:57:14,631 - INFO - Starting model training with 4320 samples
2025-03-28 11:57:14,632 - INFO - Training parameters - epochs: 100, batch_size: 32, validation_split: 0.2
2025-03-28 11:57:14,632 - INFO - Preparing sequences from data with shape: (4320, 4)
2025-03-28 11:57:14,640 - INFO - Creating 4291 sequences...
2025-03-28 11:57:14,646 - INFO - Sequence preparation completed. X shape: (4291, 24, 22), y shape: (4291, 6)
2025-03-28 11:57:14,646 - INFO - Sequence preparation took 0.01 seconds
2025-03-28 11:57:14,647 - INFO - Building LSTM model with attention, input shape: (24, 22)
2025-03-28 11:57:14,688 - INFO - Model architecture:
2025-03-28 11:57:17,424 - INFO - Epoch 1 - loss: 0.5295 - mae: 0.5277 - val_loss: 0.2726 - val_mae: 0.4606
2025-03-28 11:57:17,975 - INFO - Epoch 2 - loss: 0.3634 - mae: 0.4433 - val_loss: 0.2737 - val_mae: 0.4572
2025-03-28 11:57:18,560 - INFO - Epoch 3 - loss: 0.3254 - mae: 0.4169 - val_loss: 0.2207 - val_mae: 0.4042
2025-03-28 11:57:19,139 - INFO - Epoch 4 - loss: 0.3022 - mae: 0.3986 - val_loss: 0.3015 - val_mae: 0.4813
2025-03-28 11:57:19,693 - INFO - Epoch 5 - loss: 0.2826 - mae: 0.3877 - val_loss: 0.3311 - val_mae: 0.5069
2025-03-28 11:57:20,230 - INFO - Epoch 6 - loss: 0.2745 - mae: 0.3795 - val_loss: 0.2669 - val_mae: 0.4265
2025-03-28 11:57:20,785 - INFO - Epoch 7 - loss: 0.2543 - mae: 0.3673 - val_loss: 0.4643 - val_mae: 0.6003
2025-03-28 11:57:21,352 - INFO - Epoch 8 - loss: 0.2394 - mae: 0.3545 - val_loss: 0.3448 - val_mae: 0.5022
2025-03-28 11:57:21,943 - INFO - Epoch 9 - loss: 0.2192 - mae: 0.3394 - val_loss: 0.4406 - val_mae: 0.5855
2025-03-28 11:57:22,531 - INFO - Epoch 10 - loss: 0.2127 - mae: 0.3335 - val_loss: 0.3975 - val_mae: 0.5545
2025-03-28 11:57:23,102 - INFO - Epoch 11 - loss: 0.2064 - mae: 0.3280 - val_loss: 0.3610 - val_mae: 0.5086
2025-03-28 11:57:23,667 - INFO - Epoch 12 - loss: 0.2015 - mae: 0.3237 - val_loss: 0.5120 - val_mae: 0.6309
2025-03-28 11:57:24,207 - INFO - Epoch 13 - loss: 0.2005 - mae: 0.3221 - val_loss: 0.5393 - val_mae: 0.6559
2025-03-28 11:57:24,758 - INFO - Epoch 14 - loss: 0.1857 - mae: 0.3127 - val_loss: 0.4366 - val_mae: 0.5750
2025-03-28 11:57:25,333 - INFO - Epoch 15 - loss: 0.1854 - mae: 0.3115 - val_loss: 0.5015 - val_mae: 0.6187
2025-03-28 11:57:25,885 - INFO - Epoch 16 - loss: 0.1804 - mae: 0.3051 - val_loss: 0.4500 - val_mae: 0.5730
2025-03-28 11:57:26,445 - INFO - Epoch 17 - loss: 0.1769 - mae: 0.3046 - val_loss: 0.5098 - val_mae: 0.6234
2025-03-28 11:57:27,000 - INFO - Epoch 18 - loss: 0.1763 - mae: 0.3058 - val_loss: 0.5014 - val_mae: 0.6223
2025-03-28 11:57:27,006 - INFO - Training completed in 12.37 seconds
2025-03-28 11:57:27,006 - INFO - Final training loss: 0.1763
2025-03-28 11:57:27,006 - INFO - Final validation loss: 0.5014
2025-03-28 11:57:27,007 - INFO - Evaluating predictions for Borivali
2025-03-28 11:57:27,007 - INFO - Preparing sequences from data with shape: (1080, 4)
2025-03-28 11:57:27,014 - INFO - Creating 1051 sequences...
2025-03-28 11:57:27,016 - INFO - Sequence preparation completed. X shape: (1051, 24, 22), y shape: (1051, 6)
2025-03-28 11:57:27,016 - INFO - Sequence preparation took 0.01 seconds
2025-03-28 11:57:27,468 - INFO - Evaluation completed in 0.46 seconds
2025-03-28 11:57:27,468 - INFO - Evaluation metrics - MAE: 25.90, RMSE: 27.70
2025-03-28 11:57:27,469 - INFO - Generating prediction plots for Borivali
2025-03-28 11:57:28,032 - INFO - Saved prediction plot to predictions/lstm_prediction_Borivali.png
2025-03-28 11:57:28,428 - INFO - Saved error distribution plot to predictions/lstm_error_distribution_Borivali.png
2025-03-28 11:57:28,429 - INFO - 
Final Evaluation Results:
2025-03-28 11:57:28,429 - INFO - MAE: 25.90
2025-03-28 11:57:28,429 - INFO - RMSE: 27.70
2025-03-28 11:57:28,429 - INFO - Initializing LSTM Predictor for Colaba
2025-03-28 11:57:28,429 - INFO - Sequence length: 24, Prediction horizon: 6
2025-03-28 11:57:28,430 - INFO - Loading cleaned data from cleaned_data\Colaba_spatial_average.csv
2025-03-28 11:57:28,438 - INFO - Loaded cleaned data with shape: (4776, 4)
2025-03-28 11:57:28,438 - INFO - Features selected: ['PM10', 'RH', 'AT']
2025-03-28 11:57:28,439 - INFO - Starting model training with 3820 samples
2025-03-28 11:57:28,439 - INFO - Training parameters - epochs: 100, batch_size: 32, validation_split: 0.2
2025-03-28 11:57:28,439 - INFO - Preparing sequences from data with shape: (3820, 4)
2025-03-28 11:57:28,447 - INFO - Creating 3791 sequences...
2025-03-28 11:57:28,453 - INFO - Sequence preparation completed. X shape: (3791, 24, 22), y shape: (3791, 6)
2025-03-28 11:57:28,453 - INFO - Sequence preparation took 0.01 seconds
2025-03-28 11:57:28,453 - INFO - Building LSTM model with attention, input shape: (24, 22)
2025-03-28 11:57:28,741 - INFO - Model architecture:
2025-03-28 11:57:31,551 - INFO - Epoch 1 - loss: 0.8061 - mae: 0.6924 - val_loss: 0.5714 - val_mae: 0.5923
2025-03-28 11:57:32,100 - INFO - Epoch 2 - loss: 0.5958 - mae: 0.5864 - val_loss: 0.5811 - val_mae: 0.6133
2025-03-28 11:57:32,618 - INFO - Epoch 3 - loss: 0.5112 - mae: 0.5385 - val_loss: 0.6087 - val_mae: 0.6327
2025-03-28 11:57:33,138 - INFO - Epoch 4 - loss: 0.4567 - mae: 0.5094 - val_loss: 0.6303 - val_mae: 0.6336
2025-03-28 11:57:33,677 - INFO - Epoch 5 - loss: 0.4159 - mae: 0.4869 - val_loss: 0.5918 - val_mae: 0.6039
2025-03-28 11:57:34,195 - INFO - Epoch 6 - loss: 0.3909 - mae: 0.4698 - val_loss: 0.6557 - val_mae: 0.6441
2025-03-28 11:57:34,703 - INFO - Epoch 7 - loss: 0.3486 - mae: 0.4431 - val_loss: 0.6834 - val_mae: 0.6606
2025-03-28 11:57:35,220 - INFO - Epoch 8 - loss: 0.3300 - mae: 0.4312 - val_loss: 0.6882 - val_mae: 0.6619
2025-03-28 11:57:35,758 - INFO - Epoch 9 - loss: 0.3210 - mae: 0.4223 - val_loss: 0.6843 - val_mae: 0.6590
2025-03-28 11:57:36,306 - INFO - Epoch 10 - loss: 0.3082 - mae: 0.4164 - val_loss: 0.6673 - val_mae: 0.6463
2025-03-28 11:57:36,817 - INFO - Epoch 11 - loss: 0.3048 - mae: 0.4117 - val_loss: 0.7511 - val_mae: 0.6985
2025-03-28 11:57:37,311 - INFO - Epoch 12 - loss: 0.2890 - mae: 0.4034 - val_loss: 0.7322 - val_mae: 0.6771
2025-03-28 11:57:37,795 - INFO - Epoch 13 - loss: 0.2806 - mae: 0.3958 - val_loss: 0.7353 - val_mae: 0.6823
2025-03-28 11:57:38,325 - INFO - Epoch 14 - loss: 0.2801 - mae: 0.3949 - val_loss: 0.7439 - val_mae: 0.6855
2025-03-28 11:57:38,813 - INFO - Epoch 15 - loss: 0.2707 - mae: 0.3857 - val_loss: 0.7916 - val_mae: 0.7049
2025-03-28 11:57:39,306 - INFO - Epoch 16 - loss: 0.2708 - mae: 0.3854 - val_loss: 0.7598 - val_mae: 0.6905
2025-03-28 11:57:39,312 - INFO - Training completed in 10.87 seconds
2025-03-28 11:57:39,312 - INFO - Final training loss: 0.2708
2025-03-28 11:57:39,313 - INFO - Final validation loss: 0.7598
2025-03-28 11:57:39,313 - INFO - Evaluating predictions for Colaba
2025-03-28 11:57:39,313 - INFO - Preparing sequences from data with shape: (956, 4)
2025-03-28 11:57:39,320 - INFO - Creating 927 sequences...
2025-03-28 11:57:39,321 - INFO - Sequence preparation completed. X shape: (927, 24, 22), y shape: (927, 6)
2025-03-28 11:57:39,321 - INFO - Sequence preparation took 0.01 seconds
2025-03-28 11:57:39,752 - INFO - Evaluation completed in 0.44 seconds
2025-03-28 11:57:39,752 - INFO - Evaluation metrics - MAE: 19.08, RMSE: 20.91
2025-03-28 11:57:39,753 - INFO - Generating prediction plots for Colaba
2025-03-28 11:57:40,312 - INFO - Saved prediction plot to predictions/lstm_prediction_Colaba.png
2025-03-28 11:57:40,689 - INFO - Saved error distribution plot to predictions/lstm_error_distribution_Colaba.png
2025-03-28 11:57:40,690 - INFO - 
Final Evaluation Results:
2025-03-28 11:57:40,690 - INFO - MAE: 19.08
2025-03-28 11:57:40,690 - INFO - RMSE: 20.91
2025-03-28 11:57:40,690 - INFO - Initializing LSTM Predictor for Kalyan
2025-03-28 11:57:40,690 - INFO - Sequence length: 24, Prediction horizon: 6
2025-03-28 11:57:40,691 - INFO - Loading cleaned data from cleaned_data\Kalyan_spatial_average.csv
2025-03-28 11:57:40,700 - INFO - Loaded cleaned data with shape: (5404, 4)
2025-03-28 11:57:40,700 - INFO - Features selected: ['PM10', 'RH', 'AT']
2025-03-28 11:57:40,700 - INFO - Starting model training with 4323 samples
2025-03-28 11:57:40,700 - INFO - Training parameters - epochs: 100, batch_size: 32, validation_split: 0.2
2025-03-28 11:57:40,700 - INFO - Preparing sequences from data with shape: (4323, 4)
2025-03-28 11:57:40,711 - INFO - Creating 4294 sequences...
2025-03-28 11:57:40,720 - INFO - Sequence preparation completed. X shape: (4294, 24, 22), y shape: (4294, 6)
2025-03-28 11:57:40,721 - INFO - Sequence preparation took 0.02 seconds
2025-03-28 11:57:40,721 - INFO - Building LSTM model with attention, input shape: (24, 22)
2025-03-28 11:57:40,762 - INFO - Model architecture:
2025-03-28 11:57:43,512 - INFO - Epoch 1 - loss: 0.7892 - mae: 0.6381 - val_loss: 0.4391 - val_mae: 0.5231
2025-03-28 11:57:44,095 - INFO - Epoch 2 - loss: 0.5647 - mae: 0.5312 - val_loss: 0.3924 - val_mae: 0.4943
2025-03-28 11:57:44,699 - INFO - Epoch 3 - loss: 0.4929 - mae: 0.4908 - val_loss: 0.3882 - val_mae: 0.5027
2025-03-28 11:57:45,278 - INFO - Epoch 4 - loss: 0.4303 - mae: 0.4578 - val_loss: 0.3894 - val_mae: 0.4927
2025-03-28 11:57:45,912 - INFO - Epoch 5 - loss: 0.3896 - mae: 0.4327 - val_loss: 0.3904 - val_mae: 0.4898
2025-03-28 11:57:46,599 - INFO - Epoch 6 - loss: 0.3617 - mae: 0.4199 - val_loss: 0.3569 - val_mae: 0.4581
2025-03-28 11:57:47,161 - INFO - Epoch 7 - loss: 0.3400 - mae: 0.4036 - val_loss: 0.4242 - val_mae: 0.5188
2025-03-28 11:57:47,751 - INFO - Epoch 8 - loss: 0.3251 - mae: 0.3924 - val_loss: 0.3807 - val_mae: 0.4845
2025-03-28 11:57:48,368 - INFO - Epoch 9 - loss: 0.2928 - mae: 0.3764 - val_loss: 0.3504 - val_mae: 0.4487
2025-03-28 11:57:48,996 - INFO - Epoch 10 - loss: 0.2821 - mae: 0.3663 - val_loss: 0.3267 - val_mae: 0.4249
2025-03-28 11:57:49,548 - INFO - Epoch 11 - loss: 0.2763 - mae: 0.3623 - val_loss: 0.3827 - val_mae: 0.4802
2025-03-28 11:57:50,085 - INFO - Epoch 12 - loss: 0.2716 - mae: 0.3566 - val_loss: 0.3412 - val_mae: 0.4385
2025-03-28 11:57:50,649 - INFO - Epoch 13 - loss: 0.2504 - mae: 0.3417 - val_loss: 0.3687 - val_mae: 0.4612
2025-03-28 11:57:51,223 - INFO - Epoch 14 - loss: 0.2470 - mae: 0.3396 - val_loss: 0.3503 - val_mae: 0.4456
2025-03-28 11:57:51,784 - INFO - Epoch 15 - loss: 0.2444 - mae: 0.3352 - val_loss: 0.3460 - val_mae: 0.4380
2025-03-28 11:57:52,325 - INFO - Epoch 16 - loss: 0.2215 - mae: 0.3181 - val_loss: 0.3558 - val_mae: 0.4493
2025-03-28 11:57:52,879 - INFO - Epoch 17 - loss: 0.2180 - mae: 0.3133 - val_loss: 0.3580 - val_mae: 0.4505
2025-03-28 11:57:53,460 - INFO - Epoch 18 - loss: 0.2157 - mae: 0.3133 - val_loss: 0.3632 - val_mae: 0.4558
2025-03-28 11:57:54,067 - INFO - Epoch 19 - loss: 0.2121 - mae: 0.3089 - val_loss: 0.3496 - val_mae: 0.4450
2025-03-28 11:57:54,647 - INFO - Epoch 20 - loss: 0.2091 - mae: 0.3065 - val_loss: 0.3521 - val_mae: 0.4409
2025-03-28 11:57:55,207 - INFO - Epoch 21 - loss: 0.1994 - mae: 0.3001 - val_loss: 0.3414 - val_mae: 0.4292
2025-03-28 11:57:55,776 - INFO - Epoch 22 - loss: 0.1968 - mae: 0.2962 - val_loss: 0.3733 - val_mae: 0.4617
2025-03-28 11:57:56,328 - INFO - Epoch 23 - loss: 0.1941 - mae: 0.2951 - val_loss: 0.3388 - val_mae: 0.4274
2025-03-28 11:57:56,877 - INFO - Epoch 24 - loss: 0.1940 - mae: 0.2941 - val_loss: 0.3620 - val_mae: 0.4482
2025-03-28 11:57:57,459 - INFO - Epoch 25 - loss: 0.1941 - mae: 0.2943 - val_loss: 0.3608 - val_mae: 0.4458
2025-03-28 11:57:57,465 - INFO - Training completed in 16.76 seconds
2025-03-28 11:57:57,465 - INFO - Final training loss: 0.1941
2025-03-28 11:57:57,466 - INFO - Final validation loss: 0.3608
2025-03-28 11:57:57,466 - INFO - Evaluating predictions for Kalyan
2025-03-28 11:57:57,466 - INFO - Preparing sequences from data with shape: (1081, 4)
2025-03-28 11:57:57,473 - INFO - Creating 1052 sequences...
2025-03-28 11:57:57,475 - INFO - Sequence preparation completed. X shape: (1052, 24, 22), y shape: (1052, 6)
2025-03-28 11:57:57,475 - INFO - Sequence preparation took 0.01 seconds
2025-03-28 11:57:57,906 - INFO - Evaluation completed in 0.44 seconds
2025-03-28 11:57:57,906 - INFO - Evaluation metrics - MAE: 34.66, RMSE: 37.68
2025-03-28 11:57:57,907 - INFO - Generating prediction plots for Kalyan
2025-03-28 11:57:58,479 - INFO - Saved prediction plot to predictions/lstm_prediction_Kalyan.png
2025-03-28 11:57:58,871 - INFO - Saved error distribution plot to predictions/lstm_error_distribution_Kalyan.png
2025-03-28 11:57:58,871 - INFO - 
Final Evaluation Results:
2025-03-28 11:57:58,871 - INFO - MAE: 34.66
2025-03-28 11:57:58,871 - INFO - RMSE: 37.68
2025-03-28 11:57:58,871 - INFO - Initializing LSTM Predictor for Kandivali
2025-03-28 11:57:58,871 - INFO - Sequence length: 24, Prediction horizon: 6
2025-03-28 11:57:58,872 - INFO - Loading cleaned data from cleaned_data\Kandivali_spatial_average.csv
2025-03-28 11:57:58,881 - INFO - Loaded cleaned data with shape: (4776, 4)
2025-03-28 11:57:58,881 - INFO - Features selected: ['PM10', 'RH', 'AT']
2025-03-28 11:57:58,881 - INFO - Starting model training with 3820 samples
2025-03-28 11:57:58,881 - INFO - Training parameters - epochs: 100, batch_size: 32, validation_split: 0.2
2025-03-28 11:57:58,882 - INFO - Preparing sequences from data with shape: (3820, 4)
2025-03-28 11:57:58,889 - INFO - Creating 3791 sequences...
2025-03-28 11:57:58,895 - INFO - Sequence preparation completed. X shape: (3791, 24, 22), y shape: (3791, 6)
2025-03-28 11:57:58,895 - INFO - Sequence preparation took 0.01 seconds
2025-03-28 11:57:58,895 - INFO - Building LSTM model with attention, input shape: (24, 22)
2025-03-28 11:57:58,939 - INFO - Model architecture:
2025-03-28 11:58:01,963 - INFO - Epoch 1 - loss: 0.5683 - mae: 0.5632 - val_loss: 0.4354 - val_mae: 0.5060
2025-03-28 11:58:02,514 - INFO - Epoch 2 - loss: 0.3779 - mae: 0.4579 - val_loss: 0.4264 - val_mae: 0.4840
2025-03-28 11:58:03,120 - INFO - Epoch 3 - loss: 0.3138 - mae: 0.4113 - val_loss: 0.3994 - val_mae: 0.4627
2025-03-28 11:58:03,671 - INFO - Epoch 4 - loss: 0.2624 - mae: 0.3781 - val_loss: 0.4064 - val_mae: 0.4650
2025-03-28 11:58:04,234 - INFO - Epoch 5 - loss: 0.2421 - mae: 0.3605 - val_loss: 0.4515 - val_mae: 0.4894
2025-03-28 11:58:04,771 - INFO - Epoch 6 - loss: 0.2270 - mae: 0.3495 - val_loss: 0.4656 - val_mae: 0.5006
2025-03-28 11:58:05,298 - INFO - Epoch 7 - loss: 0.2029 - mae: 0.3330 - val_loss: 0.4312 - val_mae: 0.4741
2025-03-28 11:58:05,842 - INFO - Epoch 8 - loss: 0.1927 - mae: 0.3220 - val_loss: 0.4585 - val_mae: 0.4866
2025-03-28 11:58:06,436 - INFO - Epoch 9 - loss: 0.1645 - mae: 0.2993 - val_loss: 0.4807 - val_mae: 0.5007
2025-03-28 11:58:06,994 - INFO - Epoch 10 - loss: 0.1642 - mae: 0.2978 - val_loss: 0.4803 - val_mae: 0.5097
2025-03-28 11:58:07,532 - INFO - Epoch 11 - loss: 0.1589 - mae: 0.2926 - val_loss: 0.4955 - val_mae: 0.5112
2025-03-28 11:58:08,066 - INFO - Epoch 12 - loss: 0.1472 - mae: 0.2831 - val_loss: 0.5105 - val_mae: 0.5208
2025-03-28 11:58:08,621 - INFO - Epoch 13 - loss: 0.1449 - mae: 0.2803 - val_loss: 0.5108 - val_mae: 0.5157
2025-03-28 11:58:09,173 - INFO - Epoch 14 - loss: 0.1362 - mae: 0.2713 - val_loss: 0.5040 - val_mae: 0.5130
2025-03-28 11:58:09,692 - INFO - Epoch 15 - loss: 0.1348 - mae: 0.2703 - val_loss: 0.4892 - val_mae: 0.5055
2025-03-28 11:58:10,224 - INFO - Epoch 16 - loss: 0.1339 - mae: 0.2677 - val_loss: 0.4999 - val_mae: 0.5090
2025-03-28 11:58:10,779 - INFO - Epoch 17 - loss: 0.1273 - mae: 0.2623 - val_loss: 0.5002 - val_mae: 0.5096
2025-03-28 11:58:11,331 - INFO - Epoch 18 - loss: 0.1291 - mae: 0.2636 - val_loss: 0.4921 - val_mae: 0.5043
2025-03-28 11:58:11,337 - INFO - Training completed in 12.46 seconds
2025-03-28 11:58:11,337 - INFO - Final training loss: 0.1291
2025-03-28 11:58:11,338 - INFO - Final validation loss: 0.4921
2025-03-28 11:58:11,338 - INFO - Evaluating predictions for Kandivali
2025-03-28 11:58:11,338 - INFO - Preparing sequences from data with shape: (956, 4)
2025-03-28 11:58:11,344 - INFO - Creating 927 sequences...
2025-03-28 11:58:11,346 - INFO - Sequence preparation completed. X shape: (927, 24, 22), y shape: (927, 6)
2025-03-28 11:58:11,347 - INFO - Sequence preparation took 0.01 seconds
2025-03-28 11:58:11,777 - INFO - Evaluation completed in 0.44 seconds
2025-03-28 11:58:11,778 - INFO - Evaluation metrics - MAE: 9.58, RMSE: 13.27
2025-03-28 11:58:11,779 - INFO - Generating prediction plots for Kandivali
2025-03-28 11:58:12,333 - INFO - Saved prediction plot to predictions/lstm_prediction_Kandivali.png
2025-03-28 11:58:12,729 - INFO - Saved error distribution plot to predictions/lstm_error_distribution_Kandivali.png
2025-03-28 11:58:12,729 - INFO - 
Final Evaluation Results:
2025-03-28 11:58:12,729 - INFO - MAE: 9.58
2025-03-28 11:58:12,730 - INFO - RMSE: 13.27
2025-03-28 11:58:12,730 - INFO - Initializing LSTM Predictor for Kurla
2025-03-28 11:58:12,730 - INFO - Sequence length: 24, Prediction horizon: 6
2025-03-28 11:58:12,730 - INFO - Loading cleaned data from cleaned_data\Kurla_spatial_average.csv
2025-03-28 11:58:12,739 - INFO - Loaded cleaned data with shape: (5400, 4)
2025-03-28 11:58:12,739 - INFO - Features selected: ['PM10', 'RH', 'AT']
2025-03-28 11:58:12,739 - INFO - Starting model training with 4320 samples
2025-03-28 11:58:12,739 - INFO - Training parameters - epochs: 100, batch_size: 32, validation_split: 0.2
2025-03-28 11:58:12,740 - INFO - Preparing sequences from data with shape: (4320, 4)
2025-03-28 11:58:12,747 - INFO - Creating 4291 sequences...
2025-03-28 11:58:12,755 - INFO - Sequence preparation completed. X shape: (4291, 24, 22), y shape: (4291, 6)
2025-03-28 11:58:12,755 - INFO - Sequence preparation took 0.02 seconds
2025-03-28 11:58:12,755 - INFO - Building LSTM model with attention, input shape: (24, 22)
2025-03-28 11:58:12,798 - INFO - Model architecture:
2025-03-28 11:58:15,498 - INFO - Epoch 1 - loss: 0.6519 - mae: 0.5443 - val_loss: 0.5041 - val_mae: 0.4885
2025-03-28 11:58:16,060 - INFO - Epoch 2 - loss: 0.5004 - mae: 0.4533 - val_loss: 0.5215 - val_mae: 0.5093
2025-03-28 11:58:16,637 - INFO - Epoch 3 - loss: 0.4489 - mae: 0.4228 - val_loss: 0.4972 - val_mae: 0.4898
2025-03-28 11:58:17,205 - INFO - Epoch 4 - loss: 0.4192 - mae: 0.4046 - val_loss: 0.7691 - val_mae: 0.7053
2025-03-28 11:58:17,761 - INFO - Epoch 5 - loss: 0.3952 - mae: 0.3880 - val_loss: 0.7858 - val_mae: 0.7181
2025-03-28 11:58:18,311 - INFO - Epoch 6 - loss: 0.3726 - mae: 0.3754 - val_loss: 0.6324 - val_mae: 0.5993
2025-03-28 11:58:18,893 - INFO - Epoch 7 - loss: 0.3559 - mae: 0.3633 - val_loss: 0.7597 - val_mae: 0.7003
2025-03-28 11:58:19,438 - INFO - Epoch 8 - loss: 0.3479 - mae: 0.3577 - val_loss: 0.6886 - val_mae: 0.6344
2025-03-28 11:58:20,046 - INFO - Epoch 9 - loss: 0.3196 - mae: 0.3400 - val_loss: 0.7055 - val_mae: 0.6515
2025-03-28 11:58:20,627 - INFO - Epoch 10 - loss: 0.3085 - mae: 0.3328 - val_loss: 0.9253 - val_mae: 0.7933
2025-03-28 11:58:21,210 - INFO - Epoch 11 - loss: 0.3079 - mae: 0.3322 - val_loss: 0.8632 - val_mae: 0.7496
2025-03-28 11:58:21,755 - INFO - Epoch 12 - loss: 0.3005 - mae: 0.3274 - val_loss: 0.8338 - val_mae: 0.7279
2025-03-28 11:58:22,303 - INFO - Epoch 13 - loss: 0.2983 - mae: 0.3229 - val_loss: 0.9883 - val_mae: 0.8113
2025-03-28 11:58:22,861 - INFO - Epoch 14 - loss: 0.2911 - mae: 0.3158 - val_loss: 0.9839 - val_mae: 0.8179
2025-03-28 11:58:23,433 - INFO - Epoch 15 - loss: 0.2848 - mae: 0.3150 - val_loss: 0.8978 - val_mae: 0.7697
2025-03-28 11:58:23,990 - INFO - Epoch 16 - loss: 0.2858 - mae: 0.3138 - val_loss: 0.8597 - val_mae: 0.7435
2025-03-28 11:58:24,534 - INFO - Epoch 17 - loss: 0.2789 - mae: 0.3094 - val_loss: 0.9613 - val_mae: 0.7980
2025-03-28 11:58:25,084 - INFO - Epoch 18 - loss: 0.2763 - mae: 0.3074 - val_loss: 0.9007 - val_mae: 0.7724
2025-03-28 11:58:25,090 - INFO - Training completed in 12.35 seconds
2025-03-28 11:58:25,090 - INFO - Final training loss: 0.2763
2025-03-28 11:58:25,090 - INFO - Final validation loss: 0.9007
2025-03-28 11:58:25,091 - INFO - Evaluating predictions for Kurla
2025-03-28 11:58:25,091 - INFO - Preparing sequences from data with shape: (1080, 4)
2025-03-28 11:58:25,097 - INFO - Creating 1051 sequences...
2025-03-28 11:58:25,099 - INFO - Sequence preparation completed. X shape: (1051, 24, 22), y shape: (1051, 6)
2025-03-28 11:58:25,100 - INFO - Sequence preparation took 0.01 seconds
2025-03-28 11:58:25,542 - INFO - Evaluation completed in 0.45 seconds
2025-03-28 11:58:25,542 - INFO - Evaluation metrics - MAE: 28.04, RMSE: 35.23
2025-03-28 11:58:25,542 - INFO - Generating prediction plots for Kurla
2025-03-28 11:58:26,061 - INFO - Saved prediction plot to predictions/lstm_prediction_Kurla.png
2025-03-28 11:58:26,585 - INFO - Saved error distribution plot to predictions/lstm_error_distribution_Kurla.png
2025-03-28 11:58:26,586 - INFO - 
Final Evaluation Results:
2025-03-28 11:58:26,586 - INFO - MAE: 28.04
2025-03-28 11:58:26,586 - INFO - RMSE: 35.23
2025-03-28 11:58:26,586 - INFO - Initializing LSTM Predictor for Mahape
2025-03-28 11:58:26,587 - INFO - Sequence length: 24, Prediction horizon: 6
2025-03-28 11:58:26,587 - INFO - Loading cleaned data from cleaned_data\Mahape_spatial_average.csv
2025-03-28 11:58:26,596 - INFO - Loaded cleaned data with shape: (5295, 4)
2025-03-28 11:58:26,596 - INFO - Features selected: ['PM10', 'RH', 'AT']
2025-03-28 11:58:26,596 - INFO - Starting model training with 4236 samples
2025-03-28 11:58:26,596 - INFO - Training parameters - epochs: 100, batch_size: 32, validation_split: 0.2
2025-03-28 11:58:26,596 - INFO - Preparing sequences from data with shape: (4236, 4)
2025-03-28 11:58:26,604 - INFO - Creating 4207 sequences...
2025-03-28 11:58:26,611 - INFO - Sequence preparation completed. X shape: (4207, 24, 22), y shape: (4207, 6)
2025-03-28 11:58:26,611 - INFO - Sequence preparation took 0.01 seconds
2025-03-28 11:58:26,611 - INFO - Building LSTM model with attention, input shape: (24, 22)
2025-03-28 11:58:26,653 - INFO - Model architecture:
2025-03-28 11:58:29,683 - INFO - Epoch 1 - loss: 0.7021 - mae: 0.5599 - val_loss: 0.5760 - val_mae: 0.6715
2025-03-28 11:58:30,251 - INFO - Epoch 2 - loss: 0.4479 - mae: 0.4410 - val_loss: 0.3381 - val_mae: 0.4955
2025-03-28 11:58:30,801 - INFO - Epoch 3 - loss: 0.3537 - mae: 0.4013 - val_loss: 0.3659 - val_mae: 0.5167
2025-03-28 11:58:31,344 - INFO - Epoch 4 - loss: 0.2971 - mae: 0.3734 - val_loss: 0.5015 - val_mae: 0.6238
2025-03-28 11:58:31,901 - INFO - Epoch 5 - loss: 0.2622 - mae: 0.3604 - val_loss: 0.5680 - val_mae: 0.6584
2025-03-28 11:58:32,453 - INFO - Epoch 6 - loss: 0.2601 - mae: 0.3549 - val_loss: 0.4616 - val_mae: 0.5904
2025-03-28 11:58:32,982 - INFO - Epoch 7 - loss: 0.2596 - mae: 0.3511 - val_loss: 0.5679 - val_mae: 0.6595
2025-03-28 11:58:33,523 - INFO - Epoch 8 - loss: 0.2147 - mae: 0.3272 - val_loss: 0.6952 - val_mae: 0.7413
2025-03-28 11:58:34,144 - INFO - Epoch 9 - loss: 0.1925 - mae: 0.3169 - val_loss: 0.5715 - val_mae: 0.6634
2025-03-28 11:58:34,700 - INFO - Epoch 10 - loss: 0.1831 - mae: 0.3112 - val_loss: 0.7357 - val_mae: 0.7600
2025-03-28 11:58:35,244 - INFO - Epoch 11 - loss: 0.1853 - mae: 0.3093 - val_loss: 0.6896 - val_mae: 0.7310
2025-03-28 11:58:35,798 - INFO - Epoch 12 - loss: 0.1775 - mae: 0.3045 - val_loss: 0.5208 - val_mae: 0.6185
2025-03-28 11:58:36,388 - INFO - Epoch 13 - loss: 0.1627 - mae: 0.2943 - val_loss: 0.6114 - val_mae: 0.6838
2025-03-28 11:58:36,945 - INFO - Epoch 14 - loss: 0.1580 - mae: 0.2906 - val_loss: 0.5820 - val_mae: 0.6643
2025-03-28 11:58:37,500 - INFO - Epoch 15 - loss: 0.1582 - mae: 0.2885 - val_loss: 0.6114 - val_mae: 0.6839
2025-03-28 11:58:38,060 - INFO - Epoch 16 - loss: 0.1577 - mae: 0.2885 - val_loss: 0.6601 - val_mae: 0.7115
2025-03-28 11:58:38,626 - INFO - Epoch 17 - loss: 0.1509 - mae: 0.2844 - val_loss: 0.6631 - val_mae: 0.7127
2025-03-28 11:58:38,632 - INFO - Training completed in 12.04 seconds
2025-03-28 11:58:38,633 - INFO - Final training loss: 0.1509
2025-03-28 11:58:38,633 - INFO - Final validation loss: 0.6631
2025-03-28 11:58:38,633 - INFO - Evaluating predictions for Mahape
2025-03-28 11:58:38,634 - INFO - Preparing sequences from data with shape: (1059, 4)
2025-03-28 11:58:38,640 - INFO - Creating 1030 sequences...
2025-03-28 11:58:38,642 - INFO - Sequence preparation completed. X shape: (1030, 24, 22), y shape: (1030, 6)
2025-03-28 11:58:38,642 - INFO - Sequence preparation took 0.01 seconds
2025-03-28 11:58:39,095 - INFO - Evaluation completed in 0.46 seconds
2025-03-28 11:58:39,096 - INFO - Evaluation metrics - MAE: 29.54, RMSE: 31.92
2025-03-28 11:58:39,096 - INFO - Generating prediction plots for Mahape
2025-03-28 11:58:39,666 - INFO - Saved prediction plot to predictions/lstm_prediction_Mahape.png
2025-03-28 11:58:40,053 - INFO - Saved error distribution plot to predictions/lstm_error_distribution_Mahape.png
2025-03-28 11:58:40,053 - INFO - 
Final Evaluation Results:
2025-03-28 11:58:40,053 - INFO - MAE: 29.54
2025-03-28 11:58:40,053 - INFO - RMSE: 31.92
2025-03-28 11:58:40,053 - INFO - Initializing LSTM Predictor for Mulund
2025-03-28 11:58:40,054 - INFO - Sequence length: 24, Prediction horizon: 6
2025-03-28 11:58:40,055 - INFO - Loading cleaned data from cleaned_data\Mulund_spatial_average.csv
2025-03-28 11:58:40,064 - INFO - Loaded cleaned data with shape: (5400, 4)
2025-03-28 11:58:40,064 - INFO - Features selected: ['PM10', 'RH', 'AT']
2025-03-28 11:58:40,065 - INFO - Starting model training with 4320 samples
2025-03-28 11:58:40,065 - INFO - Training parameters - epochs: 100, batch_size: 32, validation_split: 0.2
2025-03-28 11:58:40,065 - INFO - Preparing sequences from data with shape: (4320, 4)
2025-03-28 11:58:40,074 - INFO - Creating 4291 sequences...
2025-03-28 11:58:40,082 - INFO - Sequence preparation completed. X shape: (4291, 24, 22), y shape: (4291, 6)
2025-03-28 11:58:40,082 - INFO - Sequence preparation took 0.02 seconds
2025-03-28 11:58:40,082 - INFO - Building LSTM model with attention, input shape: (24, 22)
2025-03-28 11:58:40,124 - INFO - Model architecture:
2025-03-28 11:58:42,951 - INFO - Epoch 1 - loss: 0.5390 - mae: 0.5612 - val_loss: 0.7112 - val_mae: 0.7478
2025-03-28 11:58:43,502 - INFO - Epoch 2 - loss: 0.3619 - mae: 0.4477 - val_loss: 0.8082 - val_mae: 0.8109
2025-03-28 11:58:44,053 - INFO - Epoch 3 - loss: 0.3015 - mae: 0.4051 - val_loss: 1.1001 - val_mae: 0.9651
2025-03-28 11:58:44,654 - INFO - Epoch 4 - loss: 0.2664 - mae: 0.3817 - val_loss: 0.6805 - val_mae: 0.7196
2025-03-28 11:58:45,218 - INFO - Epoch 5 - loss: 0.2333 - mae: 0.3581 - val_loss: 1.0967 - val_mae: 0.9130
2025-03-28 11:58:45,776 - INFO - Epoch 6 - loss: 0.2209 - mae: 0.3490 - val_loss: 1.4396 - val_mae: 1.0621
2025-03-28 11:58:46,322 - INFO - Epoch 7 - loss: 0.1994 - mae: 0.3319 - val_loss: 1.4146 - val_mae: 1.0029
2025-03-28 11:58:46,898 - INFO - Epoch 8 - loss: 0.1899 - mae: 0.3228 - val_loss: 1.4438 - val_mae: 1.0508
2025-03-28 11:58:47,518 - INFO - Epoch 9 - loss: 0.1786 - mae: 0.3106 - val_loss: 0.8054 - val_mae: 0.7548
2025-03-28 11:58:48,097 - INFO - Epoch 10 - loss: 0.1599 - mae: 0.2960 - val_loss: 1.4420 - val_mae: 1.0033
2025-03-28 11:58:48,655 - INFO - Epoch 11 - loss: 0.1566 - mae: 0.2907 - val_loss: 1.5107 - val_mae: 1.0354
2025-03-28 11:58:49,238 - INFO - Epoch 12 - loss: 0.1532 - mae: 0.2862 - val_loss: 1.3209 - val_mae: 0.9599
2025-03-28 11:58:49,817 - INFO - Epoch 13 - loss: 0.1488 - mae: 0.2831 - val_loss: 1.4298 - val_mae: 1.0063
2025-03-28 11:58:50,377 - INFO - Epoch 14 - loss: 0.1430 - mae: 0.2782 - val_loss: 1.1894 - val_mae: 0.9072
2025-03-28 11:58:50,929 - INFO - Epoch 15 - loss: 0.1368 - mae: 0.2727 - val_loss: 1.3434 - val_mae: 0.9572
2025-03-28 11:58:51,519 - INFO - Epoch 16 - loss: 0.1337 - mae: 0.2685 - val_loss: 1.2748 - val_mae: 0.9341
2025-03-28 11:58:52,071 - INFO - Epoch 17 - loss: 0.1300 - mae: 0.2642 - val_loss: 1.4625 - val_mae: 1.0052
2025-03-28 11:58:52,616 - INFO - Epoch 18 - loss: 0.1271 - mae: 0.2602 - val_loss: 1.3732 - val_mae: 0.9773
2025-03-28 11:58:53,180 - INFO - Epoch 19 - loss: 0.1255 - mae: 0.2596 - val_loss: 1.4721 - val_mae: 1.0000
2025-03-28 11:58:53,186 - INFO - Training completed in 13.12 seconds
2025-03-28 11:58:53,187 - INFO - Final training loss: 0.1255
2025-03-28 11:58:53,187 - INFO - Final validation loss: 1.4721
2025-03-28 11:58:53,187 - INFO - Evaluating predictions for Mulund
2025-03-28 11:58:53,188 - INFO - Preparing sequences from data with shape: (1080, 4)
2025-03-28 11:58:53,195 - INFO - Creating 1051 sequences...
2025-03-28 11:58:53,198 - INFO - Sequence preparation completed. X shape: (1051, 24, 22), y shape: (1051, 6)
2025-03-28 11:58:53,198 - INFO - Sequence preparation took 0.01 seconds
2025-03-28 11:58:53,646 - INFO - Evaluation completed in 0.46 seconds
2025-03-28 11:58:53,647 - INFO - Evaluation metrics - MAE: 36.03, RMSE: 38.11
2025-03-28 11:58:53,647 - INFO - Generating prediction plots for Mulund
2025-03-28 11:58:54,170 - INFO - Saved prediction plot to predictions/lstm_prediction_Mulund.png
2025-03-28 11:58:54,552 - INFO - Saved error distribution plot to predictions/lstm_error_distribution_Mulund.png
2025-03-28 11:58:54,553 - INFO - 
Final Evaluation Results:
2025-03-28 11:58:54,553 - INFO - MAE: 36.03
2025-03-28 11:58:54,553 - INFO - RMSE: 38.11
2025-03-28 11:58:54,553 - INFO - Initializing LSTM Predictor for Nerul
2025-03-28 11:58:54,553 - INFO - Sequence length: 24, Prediction horizon: 6
2025-03-28 11:58:54,554 - INFO - Loading cleaned data from cleaned_data\Nerul_spatial_average.csv
2025-03-28 11:58:54,563 - INFO - Loaded cleaned data with shape: (5280, 4)
2025-03-28 11:58:54,563 - INFO - Features selected: ['PM10', 'RH', 'AT']
2025-03-28 11:58:54,564 - INFO - Starting model training with 4224 samples
2025-03-28 11:58:54,564 - INFO - Training parameters - epochs: 100, batch_size: 32, validation_split: 0.2
2025-03-28 11:58:54,564 - INFO - Preparing sequences from data with shape: (4224, 4)
2025-03-28 11:58:54,571 - INFO - Creating 4195 sequences...
2025-03-28 11:58:54,578 - INFO - Sequence preparation completed. X shape: (4195, 24, 22), y shape: (4195, 6)
2025-03-28 11:58:54,578 - INFO - Sequence preparation took 0.01 seconds
2025-03-28 11:58:54,578 - INFO - Building LSTM model with attention, input shape: (24, 22)
2025-03-28 11:58:54,618 - INFO - Model architecture:
2025-03-28 11:58:57,319 - INFO - Epoch 1 - loss: 0.6031 - mae: 0.5936 - val_loss: 0.5257 - val_mae: 0.6442
2025-03-28 11:58:57,891 - INFO - Epoch 2 - loss: 0.3594 - mae: 0.4437 - val_loss: 0.6113 - val_mae: 0.7013
2025-03-28 11:58:58,423 - INFO - Epoch 3 - loss: 0.2870 - mae: 0.3997 - val_loss: 0.5384 - val_mae: 0.6577
2025-03-28 11:58:58,999 - INFO - Epoch 4 - loss: 0.2591 - mae: 0.3812 - val_loss: 0.4144 - val_mae: 0.5597
2025-03-28 11:58:59,564 - INFO - Epoch 5 - loss: 0.2383 - mae: 0.3645 - val_loss: 0.3791 - val_mae: 0.5243
2025-03-28 11:59:00,117 - INFO - Epoch 6 - loss: 0.2171 - mae: 0.3517 - val_loss: 0.5208 - val_mae: 0.6276
2025-03-28 11:59:00,664 - INFO - Epoch 7 - loss: 0.1989 - mae: 0.3376 - val_loss: 0.6304 - val_mae: 0.6917
2025-03-28 11:59:01,216 - INFO - Epoch 8 - loss: 0.1846 - mae: 0.3264 - val_loss: 0.6207 - val_mae: 0.6850
2025-03-28 11:59:01,813 - INFO - Epoch 9 - loss: 0.1699 - mae: 0.3134 - val_loss: 0.4699 - val_mae: 0.5758
2025-03-28 11:59:02,390 - INFO - Epoch 10 - loss: 0.1692 - mae: 0.3124 - val_loss: 0.5448 - val_mae: 0.6212
2025-03-28 11:59:02,959 - INFO - Epoch 11 - loss: 0.1510 - mae: 0.2970 - val_loss: 0.5405 - val_mae: 0.6127
2025-03-28 11:59:03,559 - INFO - Epoch 12 - loss: 0.1413 - mae: 0.2873 - val_loss: 0.6003 - val_mae: 0.6510
2025-03-28 11:59:04,155 - INFO - Epoch 13 - loss: 0.1338 - mae: 0.2798 - val_loss: 0.5585 - val_mae: 0.6305
2025-03-28 11:59:04,702 - INFO - Epoch 14 - loss: 0.1364 - mae: 0.2814 - val_loss: 0.5463 - val_mae: 0.6136
2025-03-28 11:59:05,236 - INFO - Epoch 15 - loss: 0.1338 - mae: 0.2802 - val_loss: 0.6582 - val_mae: 0.6791
2025-03-28 11:59:05,777 - INFO - Epoch 16 - loss: 0.1237 - mae: 0.2689 - val_loss: 0.5691 - val_mae: 0.6270
2025-03-28 11:59:06,333 - INFO - Epoch 17 - loss: 0.1230 - mae: 0.2681 - val_loss: 0.6466 - val_mae: 0.6769
2025-03-28 11:59:06,860 - INFO - Epoch 18 - loss: 0.1195 - mae: 0.2632 - val_loss: 0.6698 - val_mae: 0.6935
2025-03-28 11:59:07,401 - INFO - Epoch 19 - loss: 0.1176 - mae: 0.2636 - val_loss: 0.5873 - val_mae: 0.6375
2025-03-28 11:59:07,990 - INFO - Epoch 20 - loss: 0.1184 - mae: 0.2630 - val_loss: 0.6340 - val_mae: 0.6635
2025-03-28 11:59:07,995 - INFO - Training completed in 13.43 seconds
2025-03-28 11:59:07,995 - INFO - Final training loss: 0.1184
2025-03-28 11:59:07,996 - INFO - Final validation loss: 0.6340
2025-03-28 11:59:07,997 - INFO - Evaluating predictions for Nerul
2025-03-28 11:59:07,997 - INFO - Preparing sequences from data with shape: (1056, 4)
2025-03-28 11:59:08,003 - INFO - Creating 1027 sequences...
2025-03-28 11:59:08,005 - INFO - Sequence preparation completed. X shape: (1027, 24, 22), y shape: (1027, 6)
2025-03-28 11:59:08,005 - INFO - Sequence preparation took 0.01 seconds
2025-03-28 11:59:08,489 - INFO - Evaluation completed in 0.49 seconds
2025-03-28 11:59:08,489 - INFO - Evaluation metrics - MAE: 34.14, RMSE: 36.14
2025-03-28 11:59:08,489 - INFO - Generating prediction plots for Nerul
2025-03-28 11:59:08,990 - INFO - Saved prediction plot to predictions/lstm_prediction_Nerul.png
2025-03-28 11:59:09,377 - INFO - Saved error distribution plot to predictions/lstm_error_distribution_Nerul.png
2025-03-28 11:59:09,377 - INFO - 
Final Evaluation Results:
2025-03-28 11:59:09,377 - INFO - MAE: 34.14
2025-03-28 11:59:09,377 - INFO - RMSE: 36.14
2025-03-28 11:59:09,377 - INFO - Initializing LSTM Predictor for Powai
2025-03-28 11:59:09,377 - INFO - Sequence length: 24, Prediction horizon: 6
2025-03-28 11:59:09,378 - INFO - Loading cleaned data from cleaned_data\Powai_spatial_average.csv
2025-03-28 11:59:09,387 - INFO - Loaded cleaned data with shape: (5400, 4)
2025-03-28 11:59:09,387 - INFO - Features selected: ['PM10', 'RH', 'AT']
2025-03-28 11:59:09,388 - INFO - Starting model training with 4320 samples
2025-03-28 11:59:09,388 - INFO - Training parameters - epochs: 100, batch_size: 32, validation_split: 0.2
2025-03-28 11:59:09,388 - INFO - Preparing sequences from data with shape: (4320, 4)
2025-03-28 11:59:09,396 - INFO - Creating 4291 sequences...
2025-03-28 11:59:09,403 - INFO - Sequence preparation completed. X shape: (4291, 24, 22), y shape: (4291, 6)
2025-03-28 11:59:09,403 - INFO - Sequence preparation took 0.02 seconds
2025-03-28 11:59:09,403 - INFO - Building LSTM model with attention, input shape: (24, 22)
2025-03-28 11:59:09,446 - INFO - Model architecture:
2025-03-28 11:59:12,566 - INFO - Epoch 1 - loss: 0.5340 - mae: 0.5631 - val_loss: 0.4499 - val_mae: 0.5878
2025-03-28 11:59:13,176 - INFO - Epoch 2 - loss: 0.3909 - mae: 0.4824 - val_loss: 0.3337 - val_mae: 0.4905
2025-03-28 11:59:13,831 - INFO - Epoch 3 - loss: 0.3362 - mae: 0.4467 - val_loss: 0.3188 - val_mae: 0.4692
2025-03-28 11:59:14,431 - INFO - Epoch 4 - loss: 0.3036 - mae: 0.4244 - val_loss: 0.6142 - val_mae: 0.7055
2025-03-28 11:59:15,023 - INFO - Epoch 5 - loss: 0.2757 - mae: 0.4039 - val_loss: 0.4998 - val_mae: 0.6156
2025-03-28 11:59:15,600 - INFO - Epoch 6 - loss: 0.2531 - mae: 0.3885 - val_loss: 0.5049 - val_mae: 0.6072
2025-03-28 11:59:16,158 - INFO - Epoch 7 - loss: 0.2385 - mae: 0.3750 - val_loss: 0.5674 - val_mae: 0.6500
2025-03-28 11:59:16,719 - INFO - Epoch 8 - loss: 0.2163 - mae: 0.3584 - val_loss: 0.6675 - val_mae: 0.7063
2025-03-28 11:59:17,314 - INFO - Epoch 9 - loss: 0.2057 - mae: 0.3466 - val_loss: 0.6357 - val_mae: 0.6813
2025-03-28 11:59:17,876 - INFO - Epoch 10 - loss: 0.1938 - mae: 0.3363 - val_loss: 0.7371 - val_mae: 0.7429
2025-03-28 11:59:18,445 - INFO - Epoch 11 - loss: 0.1863 - mae: 0.3299 - val_loss: 0.6805 - val_mae: 0.6978
2025-03-28 11:59:19,024 - INFO - Epoch 12 - loss: 0.1833 - mae: 0.3276 - val_loss: 0.6058 - val_mae: 0.6470
2025-03-28 11:59:19,644 - INFO - Epoch 13 - loss: 0.1760 - mae: 0.3215 - val_loss: 0.6592 - val_mae: 0.6737
2025-03-28 11:59:20,235 - INFO - Epoch 14 - loss: 0.1698 - mae: 0.3142 - val_loss: 0.6778 - val_mae: 0.6832
2025-03-28 11:59:20,819 - INFO - Epoch 15 - loss: 0.1650 - mae: 0.3100 - val_loss: 0.6886 - val_mae: 0.6904
2025-03-28 11:59:21,409 - INFO - Epoch 16 - loss: 0.1623 - mae: 0.3081 - val_loss: 0.7470 - val_mae: 0.7191
2025-03-28 11:59:21,975 - INFO - Epoch 17 - loss: 0.1595 - mae: 0.3050 - val_loss: 0.7717 - val_mae: 0.7414
2025-03-28 11:59:22,536 - INFO - Epoch 18 - loss: 0.1602 - mae: 0.3058 - val_loss: 0.6963 - val_mae: 0.6950
2025-03-28 11:59:22,542 - INFO - Training completed in 13.15 seconds
2025-03-28 11:59:22,542 - INFO - Final training loss: 0.1602
2025-03-28 11:59:22,542 - INFO - Final validation loss: 0.6963
2025-03-28 11:59:22,542 - INFO - Evaluating predictions for Powai
2025-03-28 11:59:22,542 - INFO - Preparing sequences from data with shape: (1080, 4)
2025-03-28 11:59:22,549 - INFO - Creating 1051 sequences...
2025-03-28 11:59:22,551 - INFO - Sequence preparation completed. X shape: (1051, 24, 22), y shape: (1051, 6)
2025-03-28 11:59:22,551 - INFO - Sequence preparation took 0.01 seconds
2025-03-28 11:59:23,000 - INFO - Evaluation completed in 0.46 seconds
2025-03-28 11:59:23,000 - INFO - Evaluation metrics - MAE: 22.54, RMSE: 24.14
2025-03-28 11:59:23,000 - INFO - Generating prediction plots for Powai
2025-03-28 11:59:23,547 - INFO - Saved prediction plot to predictions/lstm_prediction_Powai.png
2025-03-28 11:59:23,929 - INFO - Saved error distribution plot to predictions/lstm_error_distribution_Powai.png
2025-03-28 11:59:23,929 - INFO - 
Final Evaluation Results:
2025-03-28 11:59:23,930 - INFO - MAE: 22.54
2025-03-28 11:59:23,930 - INFO - RMSE: 24.14
2025-03-28 11:59:23,930 - INFO - Initializing LSTM Predictor for Sion
2025-03-28 11:59:23,930 - INFO - Sequence length: 24, Prediction horizon: 6
2025-03-28 11:59:23,931 - INFO - Loading cleaned data from cleaned_data\Sion_spatial_average.csv
2025-03-28 11:59:23,939 - INFO - Loaded cleaned data with shape: (5280, 4)
2025-03-28 11:59:23,939 - INFO - Features selected: ['PM10', 'RH', 'AT']
2025-03-28 11:59:23,940 - INFO - Starting model training with 4224 samples
2025-03-28 11:59:23,940 - INFO - Training parameters - epochs: 100, batch_size: 32, validation_split: 0.2
2025-03-28 11:59:23,940 - INFO - Preparing sequences from data with shape: (4224, 4)
2025-03-28 11:59:23,947 - INFO - Creating 4195 sequences...
2025-03-28 11:59:23,956 - INFO - Sequence preparation completed. X shape: (4195, 24, 22), y shape: (4195, 6)
2025-03-28 11:59:23,956 - INFO - Sequence preparation took 0.02 seconds
2025-03-28 11:59:23,956 - INFO - Building LSTM model with attention, input shape: (24, 22)
2025-03-28 11:59:23,996 - INFO - Model architecture:
2025-03-28 11:59:26,679 - INFO - Epoch 1 - loss: 0.5908 - mae: 0.5726 - val_loss: 0.5633 - val_mae: 0.6239
2025-03-28 11:59:27,235 - INFO - Epoch 2 - loss: 0.4055 - mae: 0.4677 - val_loss: 0.6994 - val_mae: 0.7365
2025-03-28 11:59:27,798 - INFO - Epoch 3 - loss: 0.3495 - mae: 0.4316 - val_loss: 0.8033 - val_mae: 0.8023
2025-03-28 11:59:28,342 - INFO - Epoch 4 - loss: 0.3286 - mae: 0.4185 - val_loss: 0.7658 - val_mae: 0.7716
2025-03-28 11:59:28,874 - INFO - Epoch 5 - loss: 0.2871 - mae: 0.3905 - val_loss: 0.6235 - val_mae: 0.6734
2025-03-28 11:59:29,406 - INFO - Epoch 6 - loss: 0.2626 - mae: 0.3741 - val_loss: 0.8264 - val_mae: 0.8057
2025-03-28 11:59:29,978 - INFO - Epoch 7 - loss: 0.2268 - mae: 0.3485 - val_loss: 0.6768 - val_mae: 0.7115
2025-03-28 11:59:30,510 - INFO - Epoch 8 - loss: 0.2217 - mae: 0.3419 - val_loss: 0.7711 - val_mae: 0.7690
2025-03-28 11:59:31,067 - INFO - Epoch 9 - loss: 0.2055 - mae: 0.3326 - val_loss: 0.7839 - val_mae: 0.7772
2025-03-28 11:59:31,646 - INFO - Epoch 10 - loss: 0.1959 - mae: 0.3237 - val_loss: 0.8601 - val_mae: 0.8205
2025-03-28 11:59:32,243 - INFO - Epoch 11 - loss: 0.1912 - mae: 0.3186 - val_loss: 0.7451 - val_mae: 0.7433
2025-03-28 11:59:32,785 - INFO - Epoch 12 - loss: 0.1829 - mae: 0.3125 - val_loss: 0.9019 - val_mae: 0.8396
2025-03-28 11:59:33,318 - INFO - Epoch 13 - loss: 0.1794 - mae: 0.3084 - val_loss: 0.8683 - val_mae: 0.8182
2025-03-28 11:59:33,851 - INFO - Epoch 14 - loss: 0.1719 - mae: 0.3027 - val_loss: 0.8862 - val_mae: 0.8276
2025-03-28 11:59:34,424 - INFO - Epoch 15 - loss: 0.1744 - mae: 0.3032 - val_loss: 0.9175 - val_mae: 0.8402
2025-03-28 11:59:34,962 - INFO - Epoch 16 - loss: 0.1708 - mae: 0.3001 - val_loss: 0.9210 - val_mae: 0.8400
2025-03-28 11:59:34,969 - INFO - Training completed in 11.03 seconds
2025-03-28 11:59:34,969 - INFO - Final training loss: 0.1708
2025-03-28 11:59:34,969 - INFO - Final validation loss: 0.9210
2025-03-28 11:59:34,970 - INFO - Evaluating predictions for Sion
2025-03-28 11:59:34,970 - INFO - Preparing sequences from data with shape: (1056, 4)
2025-03-28 11:59:34,976 - INFO - Creating 1027 sequences...
2025-03-28 11:59:34,977 - INFO - Sequence preparation completed. X shape: (1027, 24, 22), y shape: (1027, 6)
2025-03-28 11:59:34,978 - INFO - Sequence preparation took 0.01 seconds
2025-03-28 11:59:35,411 - INFO - Evaluation completed in 0.44 seconds
2025-03-28 11:59:35,411 - INFO - Evaluation metrics - MAE: 29.46, RMSE: 30.49
2025-03-28 11:59:35,411 - INFO - Generating prediction plots for Sion
2025-03-28 11:59:35,924 - INFO - Saved prediction plot to predictions/lstm_prediction_Sion.png
2025-03-28 11:59:36,304 - INFO - Saved error distribution plot to predictions/lstm_error_distribution_Sion.png
2025-03-28 11:59:36,305 - INFO - 
Final Evaluation Results:
2025-03-28 11:59:36,305 - INFO - MAE: 29.46
2025-03-28 11:59:36,306 - INFO - RMSE: 30.49
2025-03-28 11:59:36,306 - INFO - Initializing LSTM Predictor for Vasai
2025-03-28 11:59:36,306 - INFO - Sequence length: 24, Prediction horizon: 6
2025-03-28 11:59:36,307 - INFO - Loading cleaned data from cleaned_data\Vasai_spatial_average.csv
2025-03-28 11:59:36,315 - INFO - Loaded cleaned data with shape: (5400, 4)
2025-03-28 11:59:36,316 - INFO - Features selected: ['PM10', 'RH', 'AT']
2025-03-28 11:59:36,316 - INFO - Starting model training with 4320 samples
2025-03-28 11:59:36,316 - INFO - Training parameters - epochs: 100, batch_size: 32, validation_split: 0.2
2025-03-28 11:59:36,316 - INFO - Preparing sequences from data with shape: (4320, 4)
2025-03-28 11:59:36,324 - INFO - Creating 4291 sequences...
2025-03-28 11:59:36,332 - INFO - Sequence preparation completed. X shape: (4291, 24, 22), y shape: (4291, 6)
2025-03-28 11:59:36,332 - INFO - Sequence preparation took 0.02 seconds
2025-03-28 11:59:36,332 - INFO - Building LSTM model with attention, input shape: (24, 22)
2025-03-28 11:59:36,376 - INFO - Model architecture:
2025-03-28 11:59:39,090 - INFO - Epoch 1 - loss: 0.4972 - mae: 0.5600 - val_loss: 0.4072 - val_mae: 0.5565
2025-03-28 11:59:39,683 - INFO - Epoch 2 - loss: 0.3254 - mae: 0.4493 - val_loss: 0.3641 - val_mae: 0.5219
2025-03-28 11:59:40,234 - INFO - Epoch 3 - loss: 0.2695 - mae: 0.4070 - val_loss: 0.4003 - val_mae: 0.5506
2025-03-28 11:59:40,812 - INFO - Epoch 4 - loss: 0.2359 - mae: 0.3793 - val_loss: 0.3857 - val_mae: 0.5240
2025-03-28 11:59:41,364 - INFO - Epoch 5 - loss: 0.2164 - mae: 0.3623 - val_loss: 0.6131 - val_mae: 0.6938
2025-03-28 11:59:41,909 - INFO - Epoch 6 - loss: 0.2019 - mae: 0.3493 - val_loss: 0.4925 - val_mae: 0.5991
2025-03-28 11:59:42,511 - INFO - Epoch 7 - loss: 0.1865 - mae: 0.3369 - val_loss: 0.4835 - val_mae: 0.5908
2025-03-28 11:59:43,100 - INFO - Epoch 8 - loss: 0.1665 - mae: 0.3171 - val_loss: 0.4557 - val_mae: 0.5709
2025-03-28 11:59:43,736 - INFO - Epoch 9 - loss: 0.1567 - mae: 0.3081 - val_loss: 0.4715 - val_mae: 0.5820
2025-03-28 11:59:44,334 - INFO - Epoch 10 - loss: 0.1510 - mae: 0.3024 - val_loss: 0.4834 - val_mae: 0.5946
2025-03-28 11:59:44,933 - INFO - Epoch 11 - loss: 0.1421 - mae: 0.2919 - val_loss: 0.4554 - val_mae: 0.5753
2025-03-28 11:59:45,505 - INFO - Epoch 12 - loss: 0.1419 - mae: 0.2915 - val_loss: 0.4652 - val_mae: 0.5800
2025-03-28 11:59:46,074 - INFO - Epoch 13 - loss: 0.1341 - mae: 0.2836 - val_loss: 0.4941 - val_mae: 0.5974
2025-03-28 11:59:46,640 - INFO - Epoch 14 - loss: 0.1294 - mae: 0.2795 - val_loss: 0.4806 - val_mae: 0.5876
2025-03-28 11:59:47,244 - INFO - Epoch 15 - loss: 0.1288 - mae: 0.2776 - val_loss: 0.4300 - val_mae: 0.5491
2025-03-28 11:59:47,834 - INFO - Epoch 16 - loss: 0.1250 - mae: 0.2739 - val_loss: 0.4340 - val_mae: 0.5497
2025-03-28 11:59:48,412 - INFO - Epoch 17 - loss: 0.1274 - mae: 0.2753 - val_loss: 0.4391 - val_mae: 0.5554
2025-03-28 11:59:48,418 - INFO - Training completed in 12.10 seconds
2025-03-28 11:59:48,419 - INFO - Final training loss: 0.1274
2025-03-28 11:59:48,419 - INFO - Final validation loss: 0.4391
2025-03-28 11:59:48,419 - INFO - Evaluating predictions for Vasai
2025-03-28 11:59:48,420 - INFO - Preparing sequences from data with shape: (1080, 4)
2025-03-28 11:59:48,426 - INFO - Creating 1051 sequences...
2025-03-28 11:59:48,428 - INFO - Sequence preparation completed. X shape: (1051, 24, 22), y shape: (1051, 6)
2025-03-28 11:59:48,428 - INFO - Sequence preparation took 0.01 seconds
2025-03-28 11:59:48,886 - INFO - Evaluation completed in 0.47 seconds
2025-03-28 11:59:48,886 - INFO - Evaluation metrics - MAE: 25.36, RMSE: 26.84
2025-03-28 11:59:48,887 - INFO - Generating prediction plots for Vasai
2025-03-28 11:59:49,455 - INFO - Saved prediction plot to predictions/lstm_prediction_Vasai.png
2025-03-28 11:59:49,842 - INFO - Saved error distribution plot to predictions/lstm_error_distribution_Vasai.png
2025-03-28 11:59:49,842 - INFO - 
Final Evaluation Results:
2025-03-28 11:59:49,842 - INFO - MAE: 25.36
2025-03-28 11:59:49,842 - INFO - RMSE: 26.84
2025-03-28 11:59:49,842 - INFO - Initializing LSTM Predictor for Vileparle
2025-03-28 11:59:49,843 - INFO - Sequence length: 24, Prediction horizon: 6
2025-03-28 11:59:49,844 - INFO - Loading cleaned data from cleaned_data\Vileparle_spatial_average.csv
2025-03-28 11:59:49,853 - INFO - Loaded cleaned data with shape: (5280, 4)
2025-03-28 11:59:49,853 - INFO - Features selected: ['PM10', 'RH', 'AT']
2025-03-28 11:59:49,854 - INFO - Starting model training with 4224 samples
2025-03-28 11:59:49,854 - INFO - Training parameters - epochs: 100, batch_size: 32, validation_split: 0.2
2025-03-28 11:59:49,854 - INFO - Preparing sequences from data with shape: (4224, 4)
2025-03-28 11:59:49,862 - INFO - Creating 4195 sequences...
2025-03-28 11:59:49,869 - INFO - Sequence preparation completed. X shape: (4195, 24, 22), y shape: (4195, 6)
2025-03-28 11:59:49,869 - INFO - Sequence preparation took 0.01 seconds
2025-03-28 11:59:49,869 - INFO - Building LSTM model with attention, input shape: (24, 22)
2025-03-28 11:59:49,910 - INFO - Model architecture:
2025-03-28 11:59:52,638 - INFO - Epoch 1 - loss: 0.5346 - mae: 0.5464 - val_loss: 0.2011 - val_mae: 0.3552
2025-03-28 11:59:53,173 - INFO - Epoch 2 - loss: 0.3521 - mae: 0.4397 - val_loss: 0.2487 - val_mae: 0.4214
2025-03-28 11:59:53,764 - INFO - Epoch 3 - loss: 0.2998 - mae: 0.4059 - val_loss: 0.1742 - val_mae: 0.3273
2025-03-28 11:59:54,306 - INFO - Epoch 4 - loss: 0.2705 - mae: 0.3850 - val_loss: 0.2153 - val_mae: 0.3801
2025-03-28 11:59:54,848 - INFO - Epoch 5 - loss: 0.2478 - mae: 0.3700 - val_loss: 0.5079 - val_mae: 0.6113
2025-03-28 11:59:55,413 - INFO - Epoch 6 - loss: 0.2229 - mae: 0.3516 - val_loss: 0.1725 - val_mae: 0.3199
2025-03-28 11:59:55,959 - INFO - Epoch 7 - loss: 0.2040 - mae: 0.3378 - val_loss: 0.2060 - val_mae: 0.3504
2025-03-28 11:59:56,495 - INFO - Epoch 8 - loss: 0.1945 - mae: 0.3277 - val_loss: 0.2630 - val_mae: 0.4146
2025-03-28 11:59:57,059 - INFO - Epoch 9 - loss: 0.1772 - mae: 0.3150 - val_loss: 0.4591 - val_mae: 0.5723
2025-03-28 11:59:57,653 - INFO - Epoch 10 - loss: 0.1727 - mae: 0.3099 - val_loss: 0.4241 - val_mae: 0.5518
2025-03-28 11:59:58,209 - INFO - Epoch 11 - loss: 0.1590 - mae: 0.2990 - val_loss: 0.3899 - val_mae: 0.5196
2025-03-28 11:59:58,744 - INFO - Epoch 12 - loss: 0.1380 - mae: 0.2793 - val_loss: 0.4360 - val_mae: 0.5481
2025-03-28 11:59:59,272 - INFO - Epoch 13 - loss: 0.1377 - mae: 0.2773 - val_loss: 0.2791 - val_mae: 0.4219
2025-03-28 11:59:59,825 - INFO - Epoch 14 - loss: 0.1336 - mae: 0.2740 - val_loss: 0.3953 - val_mae: 0.5258
2025-03-28 12:00:00,365 - INFO - Epoch 15 - loss: 0.1329 - mae: 0.2712 - val_loss: 0.3673 - val_mae: 0.4987
2025-03-28 12:00:00,897 - INFO - Epoch 16 - loss: 0.1268 - mae: 0.2673 - val_loss: 0.3895 - val_mae: 0.5267
2025-03-28 12:00:01,433 - INFO - Epoch 17 - loss: 0.1203 - mae: 0.2589 - val_loss: 0.3895 - val_mae: 0.5185
2025-03-28 12:00:01,980 - INFO - Epoch 18 - loss: 0.1163 - mae: 0.2539 - val_loss: 0.4112 - val_mae: 0.5369
2025-03-28 12:00:02,520 - INFO - Epoch 19 - loss: 0.1153 - mae: 0.2538 - val_loss: 0.4371 - val_mae: 0.5505
2025-03-28 12:00:03,070 - INFO - Epoch 20 - loss: 0.1149 - mae: 0.2544 - val_loss: 0.4658 - val_mae: 0.5728
2025-03-28 12:00:03,635 - INFO - Epoch 21 - loss: 0.1171 - mae: 0.2557 - val_loss: 0.4166 - val_mae: 0.5354
2025-03-28 12:00:03,641 - INFO - Training completed in 13.79 seconds
2025-03-28 12:00:03,641 - INFO - Final training loss: 0.1171
2025-03-28 12:00:03,641 - INFO - Final validation loss: 0.4166
2025-03-28 12:00:03,642 - INFO - Evaluating predictions for Vileparle
2025-03-28 12:00:03,642 - INFO - Preparing sequences from data with shape: (1056, 4)
2025-03-28 12:00:03,648 - INFO - Creating 1027 sequences...
2025-03-28 12:00:03,651 - INFO - Sequence preparation completed. X shape: (1027, 24, 22), y shape: (1027, 6)
2025-03-28 12:00:03,651 - INFO - Sequence preparation took 0.01 seconds
2025-03-28 12:00:04,132 - INFO - Evaluation completed in 0.49 seconds
2025-03-28 12:00:04,132 - INFO - Evaluation metrics - MAE: 21.34, RMSE: 25.75
2025-03-28 12:00:04,132 - INFO - Generating prediction plots for Vileparle
2025-03-28 12:00:05,235 - INFO - Saved prediction plot to predictions/lstm_prediction_Vileparle.png
2025-03-28 12:00:05,624 - INFO - Saved error distribution plot to predictions/lstm_error_distribution_Vileparle.png
2025-03-28 12:00:05,625 - INFO - 
Final Evaluation Results:
2025-03-28 12:00:05,625 - INFO - MAE: 21.34
2025-03-28 12:00:05,625 - INFO - RMSE: 25.75
2025-03-28 12:00:05,625 - INFO - Initializing LSTM Predictor for Worli
2025-03-28 12:00:05,626 - INFO - Sequence length: 24, Prediction horizon: 6
2025-03-28 12:00:05,626 - INFO - Loading cleaned data from cleaned_data\Worli_spatial_average.csv
2025-03-28 12:00:05,635 - INFO - Loaded cleaned data with shape: (5400, 4)
2025-03-28 12:00:05,635 - INFO - Features selected: ['PM10', 'RH', 'AT']
2025-03-28 12:00:05,635 - INFO - Starting model training with 4320 samples
2025-03-28 12:00:05,636 - INFO - Training parameters - epochs: 100, batch_size: 32, validation_split: 0.2
2025-03-28 12:00:05,636 - INFO - Preparing sequences from data with shape: (4320, 4)
2025-03-28 12:00:05,644 - INFO - Creating 4291 sequences...
2025-03-28 12:00:05,651 - INFO - Sequence preparation completed. X shape: (4291, 24, 22), y shape: (4291, 6)
2025-03-28 12:00:05,652 - INFO - Sequence preparation took 0.02 seconds
2025-03-28 12:00:05,652 - INFO - Building LSTM model with attention, input shape: (24, 22)
2025-03-28 12:00:05,694 - INFO - Model architecture:
2025-03-28 12:00:08,507 - INFO - Epoch 1 - loss: 0.5664 - mae: 0.5623 - val_loss: 0.2660 - val_mae: 0.4572
2025-03-28 12:00:09,120 - INFO - Epoch 2 - loss: 0.3896 - mae: 0.4584 - val_loss: 0.2227 - val_mae: 0.4160
2025-03-28 12:00:09,709 - INFO - Epoch 3 - loss: 0.3428 - mae: 0.4284 - val_loss: 0.2232 - val_mae: 0.4042
2025-03-28 12:00:10,306 - INFO - Epoch 4 - loss: 0.3085 - mae: 0.4046 - val_loss: 0.3835 - val_mae: 0.5531
2025-03-28 12:00:10,950 - INFO - Epoch 5 - loss: 0.2939 - mae: 0.3939 - val_loss: 0.1628 - val_mae: 0.3258
2025-03-28 12:00:11,539 - INFO - Epoch 6 - loss: 0.2696 - mae: 0.3772 - val_loss: 0.5763 - val_mae: 0.6899
2025-03-28 12:00:12,124 - INFO - Epoch 7 - loss: 0.2510 - mae: 0.3646 - val_loss: 0.6115 - val_mae: 0.7145
2025-03-28 12:00:12,751 - INFO - Epoch 8 - loss: 0.2345 - mae: 0.3496 - val_loss: 0.5430 - val_mae: 0.6618
2025-03-28 12:00:13,376 - INFO - Epoch 9 - loss: 0.2243 - mae: 0.3422 - val_loss: 0.7473 - val_mae: 0.7832
2025-03-28 12:00:13,984 - INFO - Epoch 10 - loss: 0.2204 - mae: 0.3381 - val_loss: 0.7797 - val_mae: 0.7885
2025-03-28 12:00:14,562 - INFO - Epoch 11 - loss: 0.2026 - mae: 0.3256 - val_loss: 0.7811 - val_mae: 0.7928
2025-03-28 12:00:15,181 - INFO - Epoch 12 - loss: 0.1936 - mae: 0.3148 - val_loss: 0.6188 - val_mae: 0.7000
2025-03-28 12:00:15,761 - INFO - Epoch 13 - loss: 0.1892 - mae: 0.3098 - val_loss: 0.6913 - val_mae: 0.7446
2025-03-28 12:00:16,345 - INFO - Epoch 14 - loss: 0.1851 - mae: 0.3087 - val_loss: 0.6856 - val_mae: 0.7351
2025-03-28 12:00:16,930 - INFO - Epoch 15 - loss: 0.1816 - mae: 0.3058 - val_loss: 0.7381 - val_mae: 0.7697
2025-03-28 12:00:17,533 - INFO - Epoch 16 - loss: 0.1779 - mae: 0.3010 - val_loss: 0.6788 - val_mae: 0.7320
2025-03-28 12:00:18,111 - INFO - Epoch 17 - loss: 0.1738 - mae: 0.2970 - val_loss: 0.6775 - val_mae: 0.7320
2025-03-28 12:00:18,698 - INFO - Epoch 18 - loss: 0.1729 - mae: 0.2973 - val_loss: 0.6992 - val_mae: 0.7398
2025-03-28 12:00:19,293 - INFO - Epoch 19 - loss: 0.1707 - mae: 0.2949 - val_loss: 0.6952 - val_mae: 0.7391
2025-03-28 12:00:19,877 - INFO - Epoch 20 - loss: 0.1682 - mae: 0.2932 - val_loss: 0.6579 - val_mae: 0.7130
2025-03-28 12:00:19,884 - INFO - Training completed in 14.25 seconds
2025-03-28 12:00:19,884 - INFO - Final training loss: 0.1682
2025-03-28 12:00:19,884 - INFO - Final validation loss: 0.6579
2025-03-28 12:00:19,885 - INFO - Evaluating predictions for Worli
2025-03-28 12:00:19,885 - INFO - Preparing sequences from data with shape: (1080, 4)
2025-03-28 12:00:19,891 - INFO - Creating 1051 sequences...
2025-03-28 12:00:19,893 - INFO - Sequence preparation completed. X shape: (1051, 24, 22), y shape: (1051, 6)
2025-03-28 12:00:19,893 - INFO - Sequence preparation took 0.01 seconds
2025-03-28 12:00:20,345 - INFO - Evaluation completed in 0.46 seconds
2025-03-28 12:00:20,345 - INFO - Evaluation metrics - MAE: 27.87, RMSE: 30.24
2025-03-28 12:00:20,345 - INFO - Generating prediction plots for Worli
2025-03-28 12:00:20,910 - INFO - Saved prediction plot to predictions/lstm_prediction_Worli.png
2025-03-28 12:00:21,301 - INFO - Saved error distribution plot to predictions/lstm_error_distribution_Worli.png
2025-03-28 12:00:21,301 - INFO - 
Final Evaluation Results:
2025-03-28 12:00:21,302 - INFO - MAE: 27.87
2025-03-28 12:00:21,302 - INFO - RMSE: 30.24
2025-03-28 12:00:21,302 - INFO - Total execution time: 214.45 seconds
2025-03-28 12:03:01,583 - INFO - Starting LSTM predictor main execution
2025-03-28 12:03:01,584 - INFO - Initializing LSTM Predictor for Airport
2025-03-28 12:03:01,584 - INFO - Sequence length: 24, Prediction horizon: 6
2025-03-28 12:03:01,584 - INFO - Loading cleaned data from cleaned_data\Airport_spatial_average.csv
2025-03-28 12:03:01,599 - INFO - Loaded cleaned data with shape: (5280, 4)
2025-03-28 12:03:01,600 - INFO - Features selected: ['PM10', 'RH', 'AT']
2025-03-28 12:03:01,600 - INFO - Starting model training with 4224 samples
2025-03-28 12:03:01,600 - INFO - Training parameters - epochs: 100, batch_size: 32, validation_split: 0.2
2025-03-28 12:03:01,600 - INFO - Preparing sequences from data with shape: (4224, 4)
2025-03-28 12:03:01,616 - INFO - Creating 4195 sequences...
2025-03-28 12:03:01,625 - INFO - Sequence preparation completed. X shape: (4195, 24, 22), y shape: (4195, 6)
2025-03-28 12:03:01,625 - INFO - Sequence preparation took 0.02 seconds
2025-03-28 12:03:01,626 - INFO - Building LSTM model with improved architecture, input shape: (24, 22)
2025-03-28 12:03:01,701 - INFO - Model architecture:
2025-03-28 12:03:04,929 - INFO - Epoch 1 - loss: 0.5181 - mae: 0.5105 - val_loss: 1.4981 - val_mae: 0.8143
2025-03-28 12:03:06,047 - INFO - Epoch 2 - loss: 0.4226 - mae: 0.4568 - val_loss: 1.3103 - val_mae: 0.7357
2025-03-28 12:03:07,211 - INFO - Epoch 3 - loss: 0.3644 - mae: 0.4315 - val_loss: 1.4360 - val_mae: 0.8208
2025-03-28 12:03:08,319 - INFO - Epoch 4 - loss: 0.3492 - mae: 0.4240 - val_loss: 1.5814 - val_mae: 0.8786
2025-03-28 12:03:09,464 - INFO - Epoch 5 - loss: 0.3420 - mae: 0.4134 - val_loss: 1.1693 - val_mae: 0.7241
2025-03-28 12:03:10,555 - INFO - Epoch 6 - loss: 0.3007 - mae: 0.3983 - val_loss: 1.2621 - val_mae: 0.7584
2025-03-28 12:03:11,684 - INFO - Epoch 7 - loss: 0.2969 - mae: 0.3935 - val_loss: 1.2679 - val_mae: 0.7731
2025-03-28 12:03:12,832 - INFO - Epoch 8 - loss: 0.2919 - mae: 0.3843 - val_loss: 1.4962 - val_mae: 0.8638
2025-03-28 12:03:13,954 - INFO - Epoch 9 - loss: 0.2597 - mae: 0.3702 - val_loss: 1.3782 - val_mae: 0.8061
2025-03-28 12:03:15,062 - INFO - Epoch 10 - loss: 0.2881 - mae: 0.3806 - val_loss: 1.3701 - val_mae: 0.7743
2025-03-28 12:03:16,161 - INFO - Epoch 11 - loss: 0.2673 - mae: 0.3639 - val_loss: 1.3038 - val_mae: 0.7763
2025-03-28 12:03:17,249 - INFO - Epoch 12 - loss: 0.2326 - mae: 0.3488 - val_loss: 1.3973 - val_mae: 0.8153
2025-03-28 12:03:18,354 - INFO - Epoch 13 - loss: 0.2236 - mae: 0.3411 - val_loss: 1.4232 - val_mae: 0.8219
2025-03-28 12:03:19,446 - INFO - Epoch 14 - loss: 0.2220 - mae: 0.3375 - val_loss: 1.4894 - val_mae: 0.8386
2025-03-28 12:03:20,560 - INFO - Epoch 15 - loss: 0.2169 - mae: 0.3343 - val_loss: 1.4698 - val_mae: 0.8297
2025-03-28 12:03:21,648 - INFO - Epoch 16 - loss: 0.2067 - mae: 0.3252 - val_loss: 1.4389 - val_mae: 0.8202
2025-03-28 12:03:22,753 - INFO - Epoch 17 - loss: 0.2141 - mae: 0.3260 - val_loss: 1.4727 - val_mae: 0.8354
2025-03-28 12:03:23,845 - INFO - Epoch 18 - loss: 0.2085 - mae: 0.3234 - val_loss: 1.4987 - val_mae: 0.8504
2025-03-28 12:03:24,934 - INFO - Epoch 19 - loss: 0.1979 - mae: 0.3190 - val_loss: 1.5346 - val_mae: 0.8590
2025-03-28 12:03:26,042 - INFO - Epoch 20 - loss: 0.2010 - mae: 0.3184 - val_loss: 1.4841 - val_mae: 0.8451
2025-03-28 12:03:26,055 - INFO - Training completed in 24.46 seconds
2025-03-28 12:03:26,055 - INFO - Final training loss: 0.2010
2025-03-28 12:03:26,055 - INFO - Final validation loss: 1.4841
2025-03-28 12:03:26,056 - INFO - Evaluating predictions for Airport
2025-03-28 12:03:26,057 - INFO - Preparing sequences from data with shape: (1056, 4)
2025-03-28 12:03:26,064 - INFO - Creating 1027 sequences...
2025-03-28 12:03:26,066 - INFO - Sequence preparation completed. X shape: (1027, 24, 22), y shape: (1027, 6)
2025-03-28 12:03:26,066 - INFO - Sequence preparation took 0.01 seconds
2025-03-28 12:03:26,534 - INFO - Evaluation completed in 0.48 seconds
2025-03-28 12:03:26,534 - INFO - Evaluation metrics - MAE: 13.42, RMSE: 14.77
2025-03-28 12:03:27,031 - INFO - Generating prediction plots for Airport
2025-03-28 12:03:27,741 - INFO - Saved prediction plot to predictions/lstm_prediction_Airport.png
2025-03-28 12:03:28,147 - INFO - Saved error distribution plot to predictions/lstm_error_distribution_Airport.png
2025-03-28 12:03:28,147 - INFO - 
Final Evaluation Results:
2025-03-28 12:03:28,148 - INFO - MAE: 13.42
2025-03-28 12:03:28,148 - INFO - RMSE: 14.77
2025-03-28 12:03:28,148 - INFO - Initializing LSTM Predictor for Bandra
2025-03-28 12:03:28,148 - INFO - Sequence length: 24, Prediction horizon: 6
2025-03-28 12:03:28,149 - INFO - Loading cleaned data from cleaned_data\Bandra_spatial_average.csv
2025-03-28 12:03:28,159 - INFO - Loaded cleaned data with shape: (5404, 4)
2025-03-28 12:03:28,159 - INFO - Features selected: ['PM10', 'RH', 'AT']
2025-03-28 12:03:28,159 - INFO - Starting model training with 4323 samples
2025-03-28 12:03:28,159 - INFO - Training parameters - epochs: 100, batch_size: 32, validation_split: 0.2
2025-03-28 12:03:28,159 - INFO - Preparing sequences from data with shape: (4323, 4)
2025-03-28 12:03:28,171 - INFO - Creating 4294 sequences...
2025-03-28 12:03:28,178 - INFO - Sequence preparation completed. X shape: (4294, 24, 22), y shape: (4294, 6)
2025-03-28 12:03:28,178 - INFO - Sequence preparation took 0.02 seconds
2025-03-28 12:03:28,179 - INFO - Building LSTM model with improved architecture, input shape: (24, 22)
2025-03-28 12:03:28,216 - INFO - Model architecture:
2025-03-28 12:03:31,421 - INFO - Epoch 1 - loss: 0.6431 - mae: 0.6046 - val_loss: 0.1126 - val_mae: 0.2809
2025-03-28 12:03:32,587 - INFO - Epoch 2 - loss: 0.4873 - mae: 0.5013 - val_loss: 0.1289 - val_mae: 0.3052
2025-03-28 12:03:33,680 - INFO - Epoch 3 - loss: 0.4463 - mae: 0.4769 - val_loss: 0.1280 - val_mae: 0.3115
2025-03-28 12:03:34,811 - INFO - Epoch 4 - loss: 0.4181 - mae: 0.4580 - val_loss: 0.1504 - val_mae: 0.3332
2025-03-28 12:03:36,013 - INFO - Epoch 5 - loss: 0.3937 - mae: 0.4455 - val_loss: 0.0900 - val_mae: 0.2343
2025-03-28 12:03:37,169 - INFO - Epoch 6 - loss: 0.3769 - mae: 0.4321 - val_loss: 0.0824 - val_mae: 0.2168
2025-03-28 12:03:38,279 - INFO - Epoch 7 - loss: 0.3641 - mae: 0.4231 - val_loss: 0.0987 - val_mae: 0.2544
2025-03-28 12:03:39,400 - INFO - Epoch 8 - loss: 0.3513 - mae: 0.4171 - val_loss: 0.1083 - val_mae: 0.2655
2025-03-28 12:03:40,508 - INFO - Epoch 9 - loss: 0.3433 - mae: 0.4116 - val_loss: 0.0923 - val_mae: 0.2362
2025-03-28 12:03:41,709 - INFO - Epoch 10 - loss: 0.3330 - mae: 0.4046 - val_loss: 0.0748 - val_mae: 0.1959
2025-03-28 12:03:42,825 - INFO - Epoch 11 - loss: 0.3229 - mae: 0.3956 - val_loss: 0.0820 - val_mae: 0.2020
2025-03-28 12:03:43,986 - INFO - Epoch 12 - loss: 0.3252 - mae: 0.3979 - val_loss: 0.0741 - val_mae: 0.1786
2025-03-28 12:03:45,098 - INFO - Epoch 13 - loss: 0.3148 - mae: 0.3902 - val_loss: 0.0852 - val_mae: 0.1972
2025-03-28 12:03:46,221 - INFO - Epoch 14 - loss: 0.3043 - mae: 0.3798 - val_loss: 0.1014 - val_mae: 0.2238
2025-03-28 12:03:47,374 - INFO - Epoch 15 - loss: 0.3141 - mae: 0.3836 - val_loss: 0.1074 - val_mae: 0.2438
2025-03-28 12:03:48,501 - INFO - Epoch 16 - loss: 0.3029 - mae: 0.3786 - val_loss: 0.1161 - val_mae: 0.2543
2025-03-28 12:03:49,620 - INFO - Epoch 17 - loss: 0.2944 - mae: 0.3738 - val_loss: 0.1205 - val_mae: 0.2672
2025-03-28 12:03:50,735 - INFO - Epoch 18 - loss: 0.2866 - mae: 0.3687 - val_loss: 0.1041 - val_mae: 0.2352
2025-03-28 12:03:51,860 - INFO - Epoch 19 - loss: 0.2799 - mae: 0.3620 - val_loss: 0.1098 - val_mae: 0.2448
2025-03-28 12:03:52,961 - INFO - Epoch 20 - loss: 0.2749 - mae: 0.3597 - val_loss: 0.1200 - val_mae: 0.2596
2025-03-28 12:03:54,075 - INFO - Epoch 21 - loss: 0.2737 - mae: 0.3599 - val_loss: 0.1134 - val_mae: 0.2443
2025-03-28 12:03:55,179 - INFO - Epoch 22 - loss: 0.2727 - mae: 0.3592 - val_loss: 0.1255 - val_mae: 0.2658
2025-03-28 12:03:56,311 - INFO - Epoch 23 - loss: 0.2691 - mae: 0.3568 - val_loss: 0.1141 - val_mae: 0.2441
2025-03-28 12:03:57,430 - INFO - Epoch 24 - loss: 0.2654 - mae: 0.3517 - val_loss: 0.1237 - val_mae: 0.2634
2025-03-28 12:03:58,563 - INFO - Epoch 25 - loss: 0.2640 - mae: 0.3513 - val_loss: 0.1312 - val_mae: 0.2754
2025-03-28 12:03:59,675 - INFO - Epoch 26 - loss: 0.2635 - mae: 0.3519 - val_loss: 0.1283 - val_mae: 0.2705
2025-03-28 12:04:00,810 - INFO - Epoch 27 - loss: 0.2638 - mae: 0.3522 - val_loss: 0.1289 - val_mae: 0.2658
2025-03-28 12:04:00,817 - INFO - Training completed in 32.66 seconds
2025-03-28 12:04:00,817 - INFO - Final training loss: 0.2638
2025-03-28 12:04:00,817 - INFO - Final validation loss: 0.1289
2025-03-28 12:04:00,818 - INFO - Evaluating predictions for Bandra
2025-03-28 12:04:00,818 - INFO - Preparing sequences from data with shape: (1081, 4)
2025-03-28 12:04:00,829 - INFO - Creating 1052 sequences...
2025-03-28 12:04:00,831 - INFO - Sequence preparation completed. X shape: (1052, 24, 22), y shape: (1052, 6)
2025-03-28 12:04:00,831 - INFO - Sequence preparation took 0.01 seconds
2025-03-28 12:04:01,312 - INFO - Evaluation completed in 0.49 seconds
2025-03-28 12:04:01,313 - INFO - Evaluation metrics - MAE: 9.98, RMSE: 12.41
2025-03-28 12:04:01,677 - INFO - Generating prediction plots for Bandra
2025-03-28 12:04:02,221 - INFO - Saved prediction plot to predictions/lstm_prediction_Bandra.png
2025-03-28 12:04:02,611 - INFO - Saved error distribution plot to predictions/lstm_error_distribution_Bandra.png
2025-03-28 12:04:02,611 - INFO - 
Final Evaluation Results:
2025-03-28 12:04:02,611 - INFO - MAE: 9.98
2025-03-28 12:04:02,611 - INFO - RMSE: 12.41
2025-03-28 12:04:02,611 - INFO - Initializing LSTM Predictor for Borivali
2025-03-28 12:04:02,612 - INFO - Sequence length: 24, Prediction horizon: 6
2025-03-28 12:04:02,613 - INFO - Loading cleaned data from cleaned_data\Borivali_spatial_average.csv
2025-03-28 12:04:02,621 - INFO - Loaded cleaned data with shape: (5400, 4)
2025-03-28 12:04:02,621 - INFO - Features selected: ['PM10', 'RH', 'AT']
2025-03-28 12:04:02,622 - INFO - Starting model training with 4320 samples
2025-03-28 12:04:02,622 - INFO - Training parameters - epochs: 100, batch_size: 32, validation_split: 0.2
2025-03-28 12:04:02,622 - INFO - Preparing sequences from data with shape: (4320, 4)
2025-03-28 12:04:02,634 - INFO - Creating 4291 sequences...
2025-03-28 12:04:02,641 - INFO - Sequence preparation completed. X shape: (4291, 24, 22), y shape: (4291, 6)
2025-03-28 12:04:02,641 - INFO - Sequence preparation took 0.02 seconds
2025-03-28 12:04:02,642 - INFO - Building LSTM model with improved architecture, input shape: (24, 22)
2025-03-28 12:04:02,676 - INFO - Model architecture:
2025-03-28 12:04:06,214 - INFO - Epoch 1 - loss: 0.4744 - mae: 0.5072 - val_loss: 0.8573 - val_mae: 0.7851
2025-03-28 12:04:07,447 - INFO - Epoch 2 - loss: 0.3644 - mae: 0.4405 - val_loss: 0.5216 - val_mae: 0.5912
2025-03-28 12:04:08,623 - INFO - Epoch 3 - loss: 0.3296 - mae: 0.4193 - val_loss: 0.9253 - val_mae: 0.8412
2025-03-28 12:04:09,852 - INFO - Epoch 4 - loss: 0.3117 - mae: 0.4090 - val_loss: 0.6278 - val_mae: 0.6648
2025-03-28 12:04:11,052 - INFO - Epoch 5 - loss: 0.2969 - mae: 0.4013 - val_loss: 0.9316 - val_mae: 0.8368
2025-03-28 12:04:12,209 - INFO - Epoch 6 - loss: 0.2793 - mae: 0.3900 - val_loss: 0.6974 - val_mae: 0.6993
2025-03-28 12:04:13,370 - INFO - Epoch 7 - loss: 0.2631 - mae: 0.3763 - val_loss: 0.7814 - val_mae: 0.7529
2025-03-28 12:04:14,510 - INFO - Epoch 8 - loss: 0.2449 - mae: 0.3628 - val_loss: 1.1432 - val_mae: 0.9312
2025-03-28 12:04:15,668 - INFO - Epoch 9 - loss: 0.2418 - mae: 0.3586 - val_loss: 1.1394 - val_mae: 0.9265
2025-03-28 12:04:16,793 - INFO - Epoch 10 - loss: 0.2229 - mae: 0.3466 - val_loss: 1.1768 - val_mae: 0.9447
2025-03-28 12:04:17,947 - INFO - Epoch 11 - loss: 0.2169 - mae: 0.3422 - val_loss: 1.2298 - val_mae: 0.9654
2025-03-28 12:04:19,076 - INFO - Epoch 12 - loss: 0.2088 - mae: 0.3346 - val_loss: 1.3690 - val_mae: 1.0234
2025-03-28 12:04:20,230 - INFO - Epoch 13 - loss: 0.1976 - mae: 0.3275 - val_loss: 1.2760 - val_mae: 0.9826
2025-03-28 12:04:21,361 - INFO - Epoch 14 - loss: 0.1929 - mae: 0.3223 - val_loss: 1.2253 - val_mae: 0.9622
2025-03-28 12:04:22,508 - INFO - Epoch 15 - loss: 0.1913 - mae: 0.3219 - val_loss: 1.0801 - val_mae: 0.8961
2025-03-28 12:04:23,641 - INFO - Epoch 16 - loss: 0.1879 - mae: 0.3180 - val_loss: 1.1787 - val_mae: 0.9422
2025-03-28 12:04:24,787 - INFO - Epoch 17 - loss: 0.1853 - mae: 0.3140 - val_loss: 1.1809 - val_mae: 0.9423
2025-03-28 12:04:24,793 - INFO - Training completed in 22.17 seconds
2025-03-28 12:04:24,794 - INFO - Final training loss: 0.1853
2025-03-28 12:04:24,794 - INFO - Final validation loss: 1.1809
2025-03-28 12:04:24,795 - INFO - Evaluating predictions for Borivali
2025-03-28 12:04:24,795 - INFO - Preparing sequences from data with shape: (1080, 4)
2025-03-28 12:04:24,801 - INFO - Creating 1051 sequences...
2025-03-28 12:04:24,803 - INFO - Sequence preparation completed. X shape: (1051, 24, 22), y shape: (1051, 6)
2025-03-28 12:04:24,803 - INFO - Sequence preparation took 0.01 seconds
2025-03-28 12:04:25,270 - INFO - Evaluation completed in 0.47 seconds
2025-03-28 12:04:25,270 - INFO - Evaluation metrics - MAE: 15.70, RMSE: 17.21
2025-03-28 12:04:25,653 - INFO - Generating prediction plots for Borivali
2025-03-28 12:04:26,203 - INFO - Saved prediction plot to predictions/lstm_prediction_Borivali.png
2025-03-28 12:04:26,605 - INFO - Saved error distribution plot to predictions/lstm_error_distribution_Borivali.png
2025-03-28 12:04:26,606 - INFO - 
Final Evaluation Results:
2025-03-28 12:04:26,606 - INFO - MAE: 15.70
2025-03-28 12:04:26,606 - INFO - RMSE: 17.21
2025-03-28 12:04:26,606 - INFO - Initializing LSTM Predictor for Colaba
2025-03-28 12:04:26,606 - INFO - Sequence length: 24, Prediction horizon: 6
2025-03-28 12:04:26,607 - INFO - Loading cleaned data from cleaned_data\Colaba_spatial_average.csv
2025-03-28 12:04:26,616 - INFO - Loaded cleaned data with shape: (4776, 4)
2025-03-28 12:04:26,616 - INFO - Features selected: ['PM10', 'RH', 'AT']
2025-03-28 12:04:26,616 - INFO - Starting model training with 3820 samples
2025-03-28 12:04:26,616 - INFO - Training parameters - epochs: 100, batch_size: 32, validation_split: 0.2
2025-03-28 12:04:26,616 - INFO - Preparing sequences from data with shape: (3820, 4)
2025-03-28 12:04:26,627 - INFO - Creating 3791 sequences...
2025-03-28 12:04:26,634 - INFO - Sequence preparation completed. X shape: (3791, 24, 22), y shape: (3791, 6)
2025-03-28 12:04:26,634 - INFO - Sequence preparation took 0.02 seconds
2025-03-28 12:04:26,634 - INFO - Building LSTM model with improved architecture, input shape: (24, 22)
2025-03-28 12:04:26,667 - INFO - Model architecture:
2025-03-28 12:04:29,784 - INFO - Epoch 1 - loss: 0.7968 - mae: 0.6755 - val_loss: 0.6653 - val_mae: 0.6186
2025-03-28 12:04:30,795 - INFO - Epoch 2 - loss: 0.6224 - mae: 0.5853 - val_loss: 0.6987 - val_mae: 0.6412
2025-03-28 12:04:31,773 - INFO - Epoch 3 - loss: 0.5583 - mae: 0.5505 - val_loss: 0.7787 - val_mae: 0.6898
2025-03-28 12:04:32,774 - INFO - Epoch 4 - loss: 0.5183 - mae: 0.5290 - val_loss: 0.7026 - val_mae: 0.6550
2025-03-28 12:04:33,761 - INFO - Epoch 5 - loss: 0.4689 - mae: 0.5055 - val_loss: 1.0443 - val_mae: 0.8203
2025-03-28 12:04:34,786 - INFO - Epoch 6 - loss: 0.4435 - mae: 0.4903 - val_loss: 1.0822 - val_mae: 0.8344
2025-03-28 12:04:35,790 - INFO - Epoch 7 - loss: 0.4060 - mae: 0.4676 - val_loss: 1.0675 - val_mae: 0.8222
2025-03-28 12:04:36,779 - INFO - Epoch 8 - loss: 0.3749 - mae: 0.4516 - val_loss: 1.1224 - val_mae: 0.8417
2025-03-28 12:04:37,746 - INFO - Epoch 9 - loss: 0.3715 - mae: 0.4456 - val_loss: 1.2934 - val_mae: 0.9047
2025-03-28 12:04:38,721 - INFO - Epoch 10 - loss: 0.3600 - mae: 0.4407 - val_loss: 1.0942 - val_mae: 0.8331
2025-03-28 12:04:39,717 - INFO - Epoch 11 - loss: 0.3543 - mae: 0.4340 - val_loss: 1.0921 - val_mae: 0.8325
2025-03-28 12:04:40,695 - INFO - Epoch 12 - loss: 0.3408 - mae: 0.4238 - val_loss: 1.1970 - val_mae: 0.8810
2025-03-28 12:04:41,690 - INFO - Epoch 13 - loss: 0.3262 - mae: 0.4156 - val_loss: 1.2492 - val_mae: 0.8982
2025-03-28 12:04:42,670 - INFO - Epoch 14 - loss: 0.3143 - mae: 0.4085 - val_loss: 1.2400 - val_mae: 0.8967
2025-03-28 12:04:43,655 - INFO - Epoch 15 - loss: 0.3230 - mae: 0.4130 - val_loss: 1.2185 - val_mae: 0.8859
2025-03-28 12:04:44,624 - INFO - Epoch 16 - loss: 0.3146 - mae: 0.4078 - val_loss: 1.2498 - val_mae: 0.9037
2025-03-28 12:04:44,631 - INFO - Training completed in 18.01 seconds
2025-03-28 12:04:44,631 - INFO - Final training loss: 0.3146
2025-03-28 12:04:44,631 - INFO - Final validation loss: 1.2498
2025-03-28 12:04:44,632 - INFO - Evaluating predictions for Colaba
2025-03-28 12:04:44,633 - INFO - Preparing sequences from data with shape: (956, 4)
2025-03-28 12:04:44,639 - INFO - Creating 927 sequences...
2025-03-28 12:04:44,640 - INFO - Sequence preparation completed. X shape: (927, 24, 22), y shape: (927, 6)
2025-03-28 12:04:44,640 - INFO - Sequence preparation took 0.01 seconds
2025-03-28 12:04:45,094 - INFO - Evaluation completed in 0.46 seconds
2025-03-28 12:04:45,094 - INFO - Evaluation metrics - MAE: 8.84, RMSE: 11.44
2025-03-28 12:04:45,465 - INFO - Generating prediction plots for Colaba
2025-03-28 12:04:46,022 - INFO - Saved prediction plot to predictions/lstm_prediction_Colaba.png
2025-03-28 12:04:46,401 - INFO - Saved error distribution plot to predictions/lstm_error_distribution_Colaba.png
2025-03-28 12:04:46,402 - INFO - 
Final Evaluation Results:
2025-03-28 12:04:46,403 - INFO - MAE: 8.84
2025-03-28 12:04:46,403 - INFO - RMSE: 11.44
2025-03-28 12:04:46,404 - INFO - Initializing LSTM Predictor for Kalyan
2025-03-28 12:04:46,404 - INFO - Sequence length: 24, Prediction horizon: 6
2025-03-28 12:04:46,404 - INFO - Loading cleaned data from cleaned_data\Kalyan_spatial_average.csv
2025-03-28 12:04:46,413 - INFO - Loaded cleaned data with shape: (5404, 4)
2025-03-28 12:04:46,413 - INFO - Features selected: ['PM10', 'RH', 'AT']
2025-03-28 12:04:46,414 - INFO - Starting model training with 4323 samples
2025-03-28 12:04:46,414 - INFO - Training parameters - epochs: 100, batch_size: 32, validation_split: 0.2
2025-03-28 12:04:46,414 - INFO - Preparing sequences from data with shape: (4323, 4)
2025-03-28 12:04:46,426 - INFO - Creating 4294 sequences...
2025-03-28 12:04:46,433 - INFO - Sequence preparation completed. X shape: (4294, 24, 22), y shape: (4294, 6)
2025-03-28 12:04:46,433 - INFO - Sequence preparation took 0.02 seconds
2025-03-28 12:04:46,433 - INFO - Building LSTM model with improved architecture, input shape: (24, 22)
2025-03-28 12:04:46,465 - INFO - Model architecture:
2025-03-28 12:04:49,960 - INFO - Epoch 1 - loss: 0.6559 - mae: 0.6142 - val_loss: 0.7899 - val_mae: 0.6988
2025-03-28 12:04:51,082 - INFO - Epoch 2 - loss: 0.4971 - mae: 0.5240 - val_loss: 0.8959 - val_mae: 0.7534
2025-03-28 12:04:52,261 - INFO - Epoch 3 - loss: 0.4411 - mae: 0.4913 - val_loss: 0.6584 - val_mae: 0.6356
2025-03-28 12:04:53,440 - INFO - Epoch 4 - loss: 0.4066 - mae: 0.4690 - val_loss: 0.6488 - val_mae: 0.6306
2025-03-28 12:04:54,650 - INFO - Epoch 5 - loss: 0.3846 - mae: 0.4546 - val_loss: 0.5764 - val_mae: 0.6074
2025-03-28 12:04:55,773 - INFO - Epoch 6 - loss: 0.3583 - mae: 0.4360 - val_loss: 0.6755 - val_mae: 0.6545
2025-03-28 12:04:56,911 - INFO - Epoch 7 - loss: 0.3333 - mae: 0.4213 - val_loss: 0.7427 - val_mae: 0.6885
2025-03-28 12:04:58,047 - INFO - Epoch 8 - loss: 0.3160 - mae: 0.4129 - val_loss: 0.7315 - val_mae: 0.6868
2025-03-28 12:04:59,174 - INFO - Epoch 9 - loss: 0.3063 - mae: 0.4056 - val_loss: 0.5965 - val_mae: 0.6081
2025-03-28 12:05:00,371 - INFO - Epoch 10 - loss: 0.2821 - mae: 0.3868 - val_loss: 0.8082 - val_mae: 0.7082
2025-03-28 12:05:01,495 - INFO - Epoch 11 - loss: 0.2571 - mae: 0.3710 - val_loss: 0.7559 - val_mae: 0.6942
2025-03-28 12:05:02,648 - INFO - Epoch 12 - loss: 0.2453 - mae: 0.3584 - val_loss: 0.7454 - val_mae: 0.6929
2025-03-28 12:05:03,772 - INFO - Epoch 13 - loss: 0.2469 - mae: 0.3599 - val_loss: 0.7060 - val_mae: 0.6696
2025-03-28 12:05:04,908 - INFO - Epoch 14 - loss: 0.2360 - mae: 0.3504 - val_loss: 0.6918 - val_mae: 0.6646
2025-03-28 12:05:06,036 - INFO - Epoch 15 - loss: 0.2384 - mae: 0.3513 - val_loss: 0.7180 - val_mae: 0.6756
2025-03-28 12:05:07,184 - INFO - Epoch 16 - loss: 0.2202 - mae: 0.3375 - val_loss: 0.7502 - val_mae: 0.6871
2025-03-28 12:05:08,304 - INFO - Epoch 17 - loss: 0.2152 - mae: 0.3337 - val_loss: 0.7248 - val_mae: 0.6813
2025-03-28 12:05:09,447 - INFO - Epoch 18 - loss: 0.2131 - mae: 0.3315 - val_loss: 0.7360 - val_mae: 0.6843
2025-03-28 12:05:10,590 - INFO - Epoch 19 - loss: 0.2116 - mae: 0.3284 - val_loss: 0.7046 - val_mae: 0.6691
2025-03-28 12:05:11,779 - INFO - Epoch 20 - loss: 0.2038 - mae: 0.3230 - val_loss: 0.6914 - val_mae: 0.6618
2025-03-28 12:05:11,786 - INFO - Training completed in 25.37 seconds
2025-03-28 12:05:11,786 - INFO - Final training loss: 0.2038
2025-03-28 12:05:11,786 - INFO - Final validation loss: 0.6914
2025-03-28 12:05:11,787 - INFO - Evaluating predictions for Kalyan
2025-03-28 12:05:11,788 - INFO - Preparing sequences from data with shape: (1081, 4)
2025-03-28 12:05:11,795 - INFO - Creating 1052 sequences...
2025-03-28 12:05:11,797 - INFO - Sequence preparation completed. X shape: (1052, 24, 22), y shape: (1052, 6)
2025-03-28 12:05:11,797 - INFO - Sequence preparation took 0.01 seconds
2025-03-28 12:05:12,301 - INFO - Evaluation completed in 0.51 seconds
2025-03-28 12:05:12,302 - INFO - Evaluation metrics - MAE: 21.70, RMSE: 25.44
2025-03-28 12:05:12,697 - INFO - Generating prediction plots for Kalyan
2025-03-28 12:05:13,285 - INFO - Saved prediction plot to predictions/lstm_prediction_Kalyan.png
2025-03-28 12:05:13,698 - INFO - Saved error distribution plot to predictions/lstm_error_distribution_Kalyan.png
2025-03-28 12:05:13,698 - INFO - 
Final Evaluation Results:
2025-03-28 12:05:13,698 - INFO - MAE: 21.70
2025-03-28 12:05:13,698 - INFO - RMSE: 25.44
2025-03-28 12:05:13,699 - INFO - Initializing LSTM Predictor for Kandivali
2025-03-28 12:05:13,699 - INFO - Sequence length: 24, Prediction horizon: 6
2025-03-28 12:05:13,699 - INFO - Loading cleaned data from cleaned_data\Kandivali_spatial_average.csv
2025-03-28 12:05:13,708 - INFO - Loaded cleaned data with shape: (4776, 4)
2025-03-28 12:05:13,708 - INFO - Features selected: ['PM10', 'RH', 'AT']
2025-03-28 12:05:13,708 - INFO - Starting model training with 3820 samples
2025-03-28 12:05:13,708 - INFO - Training parameters - epochs: 100, batch_size: 32, validation_split: 0.2
2025-03-28 12:05:13,709 - INFO - Preparing sequences from data with shape: (3820, 4)
2025-03-28 12:05:13,720 - INFO - Creating 3791 sequences...
2025-03-28 12:05:13,726 - INFO - Sequence preparation completed. X shape: (3791, 24, 22), y shape: (3791, 6)
2025-03-28 12:05:13,726 - INFO - Sequence preparation took 0.02 seconds
2025-03-28 12:05:13,727 - INFO - Building LSTM model with improved architecture, input shape: (24, 22)
2025-03-28 12:05:13,759 - INFO - Model architecture:
2025-03-28 12:05:16,909 - INFO - Epoch 1 - loss: 0.5755 - mae: 0.5761 - val_loss: 0.8123 - val_mae: 0.6975
2025-03-28 12:05:17,962 - INFO - Epoch 2 - loss: 0.3799 - mae: 0.4627 - val_loss: 0.5913 - val_mae: 0.5988
2025-03-28 12:05:18,994 - INFO - Epoch 3 - loss: 0.3278 - mae: 0.4295 - val_loss: 0.5624 - val_mae: 0.5816
2025-03-28 12:05:20,017 - INFO - Epoch 4 - loss: 0.2838 - mae: 0.4019 - val_loss: 0.6562 - val_mae: 0.6461
2025-03-28 12:05:21,045 - INFO - Epoch 5 - loss: 0.2671 - mae: 0.3891 - val_loss: 0.6600 - val_mae: 0.6375
2025-03-28 12:05:22,090 - INFO - Epoch 6 - loss: 0.2537 - mae: 0.3817 - val_loss: 0.7085 - val_mae: 0.6540
2025-03-28 12:05:23,098 - INFO - Epoch 7 - loss: 0.2394 - mae: 0.3659 - val_loss: 0.7627 - val_mae: 0.6946
2025-03-28 12:05:24,121 - INFO - Epoch 8 - loss: 0.2209 - mae: 0.3557 - val_loss: 0.8031 - val_mae: 0.7151
2025-03-28 12:05:25,120 - INFO - Epoch 9 - loss: 0.2020 - mae: 0.3390 - val_loss: 0.7929 - val_mae: 0.7095
2025-03-28 12:05:26,141 - INFO - Epoch 10 - loss: 0.1909 - mae: 0.3292 - val_loss: 0.7865 - val_mae: 0.7085
2025-03-28 12:05:27,141 - INFO - Epoch 11 - loss: 0.1822 - mae: 0.3231 - val_loss: 0.8333 - val_mae: 0.7346
2025-03-28 12:05:28,205 - INFO - Epoch 12 - loss: 0.1772 - mae: 0.3171 - val_loss: 0.8374 - val_mae: 0.7284
2025-03-28 12:05:29,301 - INFO - Epoch 13 - loss: 0.1713 - mae: 0.3123 - val_loss: 0.9279 - val_mae: 0.7746
2025-03-28 12:05:30,352 - INFO - Epoch 14 - loss: 0.1589 - mae: 0.3025 - val_loss: 0.8655 - val_mae: 0.7469
2025-03-28 12:05:31,359 - INFO - Epoch 15 - loss: 0.1582 - mae: 0.2986 - val_loss: 0.8679 - val_mae: 0.7459
2025-03-28 12:05:32,366 - INFO - Epoch 16 - loss: 0.1568 - mae: 0.2987 - val_loss: 0.8960 - val_mae: 0.7547
2025-03-28 12:05:33,368 - INFO - Epoch 17 - loss: 0.1559 - mae: 0.2971 - val_loss: 0.9387 - val_mae: 0.7758
2025-03-28 12:05:34,371 - INFO - Epoch 18 - loss: 0.1536 - mae: 0.2956 - val_loss: 0.9628 - val_mae: 0.7888
2025-03-28 12:05:34,378 - INFO - Training completed in 20.67 seconds
2025-03-28 12:05:34,378 - INFO - Final training loss: 0.1536
2025-03-28 12:05:34,379 - INFO - Final validation loss: 0.9628
2025-03-28 12:05:34,379 - INFO - Evaluating predictions for Kandivali
2025-03-28 12:05:34,380 - INFO - Preparing sequences from data with shape: (956, 4)
2025-03-28 12:05:34,386 - INFO - Creating 927 sequences...
2025-03-28 12:05:34,388 - INFO - Sequence preparation completed. X shape: (927, 24, 22), y shape: (927, 6)
2025-03-28 12:05:34,388 - INFO - Sequence preparation took 0.01 seconds
2025-03-28 12:05:34,846 - INFO - Evaluation completed in 0.47 seconds
2025-03-28 12:05:34,846 - INFO - Evaluation metrics - MAE: 13.75, RMSE: 15.93
2025-03-28 12:05:35,211 - INFO - Generating prediction plots for Kandivali
2025-03-28 12:05:35,763 - INFO - Saved prediction plot to predictions/lstm_prediction_Kandivali.png
2025-03-28 12:05:36,142 - INFO - Saved error distribution plot to predictions/lstm_error_distribution_Kandivali.png
2025-03-28 12:05:36,143 - INFO - 
Final Evaluation Results:
2025-03-28 12:05:36,143 - INFO - MAE: 13.75
2025-03-28 12:05:36,143 - INFO - RMSE: 15.93
2025-03-28 12:05:36,144 - INFO - Initializing LSTM Predictor for Kurla
2025-03-28 12:05:36,144 - INFO - Sequence length: 24, Prediction horizon: 6
2025-03-28 12:05:36,144 - INFO - Loading cleaned data from cleaned_data\Kurla_spatial_average.csv
2025-03-28 12:05:36,153 - INFO - Loaded cleaned data with shape: (5400, 4)
2025-03-28 12:05:36,153 - INFO - Features selected: ['PM10', 'RH', 'AT']
2025-03-28 12:05:36,153 - INFO - Starting model training with 4320 samples
2025-03-28 12:05:36,154 - INFO - Training parameters - epochs: 100, batch_size: 32, validation_split: 0.2
2025-03-28 12:05:36,154 - INFO - Preparing sequences from data with shape: (4320, 4)
2025-03-28 12:05:36,167 - INFO - Creating 4291 sequences...
2025-03-28 12:05:36,174 - INFO - Sequence preparation completed. X shape: (4291, 24, 22), y shape: (4291, 6)
2025-03-28 12:05:36,175 - INFO - Sequence preparation took 0.02 seconds
2025-03-28 12:05:36,175 - INFO - Building LSTM model with improved architecture, input shape: (24, 22)
2025-03-28 12:05:36,207 - INFO - Model architecture:
2025-03-28 12:05:39,831 - INFO - Epoch 1 - loss: 0.3720 - mae: 0.4646 - val_loss: 1.8218 - val_mae: 1.1321
2025-03-28 12:05:41,072 - INFO - Epoch 2 - loss: 0.2876 - mae: 0.3996 - val_loss: 1.5936 - val_mae: 1.0620
2025-03-28 12:05:42,291 - INFO - Epoch 3 - loss: 0.2619 - mae: 0.3818 - val_loss: 1.6023 - val_mae: 1.0640
2025-03-28 12:05:43,559 - INFO - Epoch 4 - loss: 0.2470 - mae: 0.3682 - val_loss: 1.4183 - val_mae: 0.9880
2025-03-28 12:05:44,785 - INFO - Epoch 5 - loss: 0.2334 - mae: 0.3572 - val_loss: 1.6376 - val_mae: 1.0765
2025-03-28 12:05:45,998 - INFO - Epoch 6 - loss: 0.2198 - mae: 0.3459 - val_loss: 1.6114 - val_mae: 1.0762
2025-03-28 12:05:47,192 - INFO - Epoch 7 - loss: 0.2101 - mae: 0.3382 - val_loss: 1.4516 - val_mae: 1.0127
2025-03-28 12:05:48,385 - INFO - Epoch 8 - loss: 0.1985 - mae: 0.3275 - val_loss: 1.8600 - val_mae: 1.1725
2025-03-28 12:05:49,585 - INFO - Epoch 9 - loss: 0.1896 - mae: 0.3218 - val_loss: 2.3492 - val_mae: 1.3289
2025-03-28 12:05:50,772 - INFO - Epoch 10 - loss: 0.1704 - mae: 0.3043 - val_loss: 2.1494 - val_mae: 1.2568
2025-03-28 12:05:51,976 - INFO - Epoch 11 - loss: 0.1651 - mae: 0.2985 - val_loss: 1.7698 - val_mae: 1.1174
2025-03-28 12:05:53,154 - INFO - Epoch 12 - loss: 0.1603 - mae: 0.2935 - val_loss: 1.6891 - val_mae: 1.0932
2025-03-28 12:05:54,355 - INFO - Epoch 13 - loss: 0.1564 - mae: 0.2887 - val_loss: 1.8608 - val_mae: 1.1461
2025-03-28 12:05:55,547 - INFO - Epoch 14 - loss: 0.1524 - mae: 0.2859 - val_loss: 1.9363 - val_mae: 1.1838
2025-03-28 12:05:56,749 - INFO - Epoch 15 - loss: 0.1465 - mae: 0.2788 - val_loss: 1.9625 - val_mae: 1.1919
2025-03-28 12:05:57,940 - INFO - Epoch 16 - loss: 0.1452 - mae: 0.2786 - val_loss: 2.1424 - val_mae: 1.2515
2025-03-28 12:05:59,131 - INFO - Epoch 17 - loss: 0.1408 - mae: 0.2741 - val_loss: 1.9504 - val_mae: 1.1854
2025-03-28 12:06:00,342 - INFO - Epoch 18 - loss: 0.1434 - mae: 0.2761 - val_loss: 2.0390 - val_mae: 1.2210
2025-03-28 12:06:01,530 - INFO - Epoch 19 - loss: 0.1399 - mae: 0.2712 - val_loss: 1.9778 - val_mae: 1.1956
2025-03-28 12:06:01,536 - INFO - Training completed in 25.38 seconds
2025-03-28 12:06:01,537 - INFO - Final training loss: 0.1399
2025-03-28 12:06:01,537 - INFO - Final validation loss: 1.9778
2025-03-28 12:06:01,538 - INFO - Evaluating predictions for Kurla
2025-03-28 12:06:01,538 - INFO - Preparing sequences from data with shape: (1080, 4)
2025-03-28 12:06:01,544 - INFO - Creating 1051 sequences...
2025-03-28 12:06:01,545 - INFO - Sequence preparation completed. X shape: (1051, 24, 22), y shape: (1051, 6)
2025-03-28 12:06:01,546 - INFO - Sequence preparation took 0.01 seconds
2025-03-28 12:06:02,024 - INFO - Evaluation completed in 0.49 seconds
2025-03-28 12:06:02,024 - INFO - Evaluation metrics - MAE: 29.53, RMSE: 36.02
2025-03-28 12:06:02,526 - INFO - Generating prediction plots for Kurla
2025-03-28 12:06:03,032 - INFO - Saved prediction plot to predictions/lstm_prediction_Kurla.png
2025-03-28 12:06:03,571 - INFO - Saved error distribution plot to predictions/lstm_error_distribution_Kurla.png
2025-03-28 12:06:03,572 - INFO - 
Final Evaluation Results:
2025-03-28 12:06:03,573 - INFO - MAE: 29.53
2025-03-28 12:06:03,573 - INFO - RMSE: 36.02
2025-03-28 12:06:03,573 - INFO - Initializing LSTM Predictor for Mahape
2025-03-28 12:06:03,573 - INFO - Sequence length: 24, Prediction horizon: 6
2025-03-28 12:06:03,574 - INFO - Loading cleaned data from cleaned_data\Mahape_spatial_average.csv
2025-03-28 12:06:03,582 - INFO - Loaded cleaned data with shape: (5295, 4)
2025-03-28 12:06:03,582 - INFO - Features selected: ['PM10', 'RH', 'AT']
2025-03-28 12:06:03,582 - INFO - Starting model training with 4236 samples
2025-03-28 12:06:03,582 - INFO - Training parameters - epochs: 100, batch_size: 32, validation_split: 0.2
2025-03-28 12:06:03,582 - INFO - Preparing sequences from data with shape: (4236, 4)
2025-03-28 12:06:03,594 - INFO - Creating 4207 sequences...
2025-03-28 12:06:03,601 - INFO - Sequence preparation completed. X shape: (4207, 24, 22), y shape: (4207, 6)
2025-03-28 12:06:03,601 - INFO - Sequence preparation took 0.02 seconds
2025-03-28 12:06:03,602 - INFO - Building LSTM model with improved architecture, input shape: (24, 22)
2025-03-28 12:06:03,634 - INFO - Model architecture:
2025-03-28 12:06:06,798 - INFO - Epoch 1 - loss: 0.4676 - mae: 0.5198 - val_loss: 1.2777 - val_mae: 0.9474
2025-03-28 12:06:07,945 - INFO - Epoch 2 - loss: 0.3045 - mae: 0.4154 - val_loss: 1.1686 - val_mae: 0.9056
2025-03-28 12:06:09,074 - INFO - Epoch 3 - loss: 0.2729 - mae: 0.3955 - val_loss: 1.2779 - val_mae: 0.9524
2025-03-28 12:06:10,176 - INFO - Epoch 4 - loss: 0.2540 - mae: 0.3799 - val_loss: 1.2194 - val_mae: 0.9205
2025-03-28 12:06:11,347 - INFO - Epoch 5 - loss: 0.2393 - mae: 0.3713 - val_loss: 1.2273 - val_mae: 0.9132
2025-03-28 12:06:12,450 - INFO - Epoch 6 - loss: 0.2277 - mae: 0.3596 - val_loss: 1.5502 - val_mae: 1.0527
2025-03-28 12:06:13,567 - INFO - Epoch 7 - loss: 0.2152 - mae: 0.3509 - val_loss: 1.2519 - val_mae: 0.9321
2025-03-28 12:06:14,670 - INFO - Epoch 8 - loss: 0.1954 - mae: 0.3363 - val_loss: 1.4576 - val_mae: 1.0286
2025-03-28 12:06:15,794 - INFO - Epoch 9 - loss: 0.1885 - mae: 0.3312 - val_loss: 1.3683 - val_mae: 0.9863
2025-03-28 12:06:16,912 - INFO - Epoch 10 - loss: 0.1808 - mae: 0.3233 - val_loss: 1.2755 - val_mae: 0.9364
2025-03-28 12:06:18,082 - INFO - Epoch 11 - loss: 0.1741 - mae: 0.3178 - val_loss: 1.4289 - val_mae: 1.0008
2025-03-28 12:06:19,221 - INFO - Epoch 12 - loss: 0.1675 - mae: 0.3117 - val_loss: 1.4450 - val_mae: 1.0045
2025-03-28 12:06:20,355 - INFO - Epoch 13 - loss: 0.1598 - mae: 0.3033 - val_loss: 1.5401 - val_mae: 1.0494
2025-03-28 12:06:21,481 - INFO - Epoch 14 - loss: 0.1530 - mae: 0.2984 - val_loss: 1.6399 - val_mae: 1.0843
2025-03-28 12:06:22,588 - INFO - Epoch 15 - loss: 0.1499 - mae: 0.2959 - val_loss: 1.5355 - val_mae: 1.0453
2025-03-28 12:06:23,701 - INFO - Epoch 16 - loss: 0.1464 - mae: 0.2941 - val_loss: 1.7401 - val_mae: 1.1233
2025-03-28 12:06:24,833 - INFO - Epoch 17 - loss: 0.1425 - mae: 0.2874 - val_loss: 1.6683 - val_mae: 1.1036
2025-03-28 12:06:24,840 - INFO - Training completed in 21.26 seconds
2025-03-28 12:06:24,841 - INFO - Final training loss: 0.1425
2025-03-28 12:06:24,841 - INFO - Final validation loss: 1.6683
2025-03-28 12:06:24,842 - INFO - Evaluating predictions for Mahape
2025-03-28 12:06:24,842 - INFO - Preparing sequences from data with shape: (1059, 4)
2025-03-28 12:06:24,849 - INFO - Creating 1030 sequences...
2025-03-28 12:06:24,851 - INFO - Sequence preparation completed. X shape: (1030, 24, 22), y shape: (1030, 6)
2025-03-28 12:06:24,851 - INFO - Sequence preparation took 0.01 seconds
2025-03-28 12:06:25,310 - INFO - Evaluation completed in 0.47 seconds
2025-03-28 12:06:25,310 - INFO - Evaluation metrics - MAE: 30.64, RMSE: 32.20
2025-03-28 12:06:25,697 - INFO - Generating prediction plots for Mahape
2025-03-28 12:06:26,238 - INFO - Saved prediction plot to predictions/lstm_prediction_Mahape.png
2025-03-28 12:06:26,685 - INFO - Saved error distribution plot to predictions/lstm_error_distribution_Mahape.png
2025-03-28 12:06:26,685 - INFO - 
Final Evaluation Results:
2025-03-28 12:06:26,685 - INFO - MAE: 30.64
2025-03-28 12:06:26,686 - INFO - RMSE: 32.20
2025-03-28 12:06:26,686 - INFO - Initializing LSTM Predictor for Mulund
2025-03-28 12:06:26,686 - INFO - Sequence length: 24, Prediction horizon: 6
2025-03-28 12:06:26,687 - INFO - Loading cleaned data from cleaned_data\Mulund_spatial_average.csv
2025-03-28 12:06:26,697 - INFO - Loaded cleaned data with shape: (5400, 4)
2025-03-28 12:06:26,697 - INFO - Features selected: ['PM10', 'RH', 'AT']
2025-03-28 12:06:26,697 - INFO - Starting model training with 4320 samples
2025-03-28 12:06:26,697 - INFO - Training parameters - epochs: 100, batch_size: 32, validation_split: 0.2
2025-03-28 12:06:26,697 - INFO - Preparing sequences from data with shape: (4320, 4)
2025-03-28 12:06:26,711 - INFO - Creating 4291 sequences...
2025-03-28 12:06:26,719 - INFO - Sequence preparation completed. X shape: (4291, 24, 22), y shape: (4291, 6)
2025-03-28 12:06:26,720 - INFO - Sequence preparation took 0.02 seconds
2025-03-28 12:06:26,720 - INFO - Building LSTM model with improved architecture, input shape: (24, 22)
2025-03-28 12:06:26,760 - INFO - Model architecture:
2025-03-28 12:06:30,577 - INFO - Epoch 1 - loss: 0.3829 - mae: 0.4738 - val_loss: 1.3954 - val_mae: 0.9594
2025-03-28 12:06:31,756 - INFO - Epoch 2 - loss: 0.2809 - mae: 0.3994 - val_loss: 1.6029 - val_mae: 1.0534
2025-03-28 12:06:32,983 - INFO - Epoch 3 - loss: 0.2412 - mae: 0.3672 - val_loss: 1.3896 - val_mae: 0.9670
2025-03-28 12:06:34,197 - INFO - Epoch 4 - loss: 0.2221 - mae: 0.3511 - val_loss: 1.6856 - val_mae: 1.1115
2025-03-28 12:06:35,395 - INFO - Epoch 5 - loss: 0.2130 - mae: 0.3438 - val_loss: 1.8191 - val_mae: 1.1449
2025-03-28 12:06:36,577 - INFO - Epoch 6 - loss: 0.1937 - mae: 0.3288 - val_loss: 2.2728 - val_mae: 1.3017
2025-03-28 12:06:37,755 - INFO - Epoch 7 - loss: 0.1873 - mae: 0.3213 - val_loss: 1.9314 - val_mae: 1.1886
2025-03-28 12:06:38,947 - INFO - Epoch 8 - loss: 0.1736 - mae: 0.3126 - val_loss: 2.2028 - val_mae: 1.2698
2025-03-28 12:06:40,168 - INFO - Epoch 9 - loss: 0.1502 - mae: 0.2909 - val_loss: 2.3834 - val_mae: 1.3371
2025-03-28 12:06:41,374 - INFO - Epoch 10 - loss: 0.1461 - mae: 0.2892 - val_loss: 2.4743 - val_mae: 1.3718
2025-03-28 12:06:42,545 - INFO - Epoch 11 - loss: 0.1407 - mae: 0.2829 - val_loss: 2.3430 - val_mae: 1.3151
2025-03-28 12:06:43,731 - INFO - Epoch 12 - loss: 0.1376 - mae: 0.2778 - val_loss: 2.4343 - val_mae: 1.3498
2025-03-28 12:06:44,911 - INFO - Epoch 13 - loss: 0.1293 - mae: 0.2704 - val_loss: 2.5079 - val_mae: 1.3689
2025-03-28 12:06:46,102 - INFO - Epoch 14 - loss: 0.1232 - mae: 0.2647 - val_loss: 2.5345 - val_mae: 1.3819
2025-03-28 12:06:47,277 - INFO - Epoch 15 - loss: 0.1192 - mae: 0.2599 - val_loss: 2.5109 - val_mae: 1.3770
2025-03-28 12:06:48,467 - INFO - Epoch 16 - loss: 0.1181 - mae: 0.2581 - val_loss: 2.6090 - val_mae: 1.4083
2025-03-28 12:06:49,655 - INFO - Epoch 17 - loss: 0.1124 - mae: 0.2525 - val_loss: 2.4966 - val_mae: 1.3652
2025-03-28 12:06:50,820 - INFO - Epoch 18 - loss: 0.1128 - mae: 0.2527 - val_loss: 2.5331 - val_mae: 1.3862
2025-03-28 12:06:50,826 - INFO - Training completed in 24.13 seconds
2025-03-28 12:06:50,827 - INFO - Final training loss: 0.1128
2025-03-28 12:06:50,827 - INFO - Final validation loss: 2.5331
2025-03-28 12:06:50,827 - INFO - Evaluating predictions for Mulund
2025-03-28 12:06:50,828 - INFO - Preparing sequences from data with shape: (1080, 4)
2025-03-28 12:06:50,834 - INFO - Creating 1051 sequences...
2025-03-28 12:06:50,837 - INFO - Sequence preparation completed. X shape: (1051, 24, 22), y shape: (1051, 6)
2025-03-28 12:06:50,837 - INFO - Sequence preparation took 0.01 seconds
2025-03-28 12:06:51,335 - INFO - Evaluation completed in 0.51 seconds
2025-03-28 12:06:51,336 - INFO - Evaluation metrics - MAE: 26.02, RMSE: 27.18
2025-03-28 12:06:51,727 - INFO - Generating prediction plots for Mulund
2025-03-28 12:06:52,268 - INFO - Saved prediction plot to predictions/lstm_prediction_Mulund.png
2025-03-28 12:06:52,660 - INFO - Saved error distribution plot to predictions/lstm_error_distribution_Mulund.png
2025-03-28 12:06:52,660 - INFO - 
Final Evaluation Results:
2025-03-28 12:06:52,661 - INFO - MAE: 26.02
2025-03-28 12:06:52,661 - INFO - RMSE: 27.18
2025-03-28 12:06:52,661 - INFO - Initializing LSTM Predictor for Nerul
2025-03-28 12:06:52,661 - INFO - Sequence length: 24, Prediction horizon: 6
2025-03-28 12:06:52,661 - INFO - Loading cleaned data from cleaned_data\Nerul_spatial_average.csv
2025-03-28 12:06:52,671 - INFO - Loaded cleaned data with shape: (5280, 4)
2025-03-28 12:06:52,671 - INFO - Features selected: ['PM10', 'RH', 'AT']
2025-03-28 12:06:52,671 - INFO - Starting model training with 4224 samples
2025-03-28 12:06:52,671 - INFO - Training parameters - epochs: 100, batch_size: 32, validation_split: 0.2
2025-03-28 12:06:52,672 - INFO - Preparing sequences from data with shape: (4224, 4)
2025-03-28 12:06:52,684 - INFO - Creating 4195 sequences...
2025-03-28 12:06:52,691 - INFO - Sequence preparation completed. X shape: (4195, 24, 22), y shape: (4195, 6)
2025-03-28 12:06:52,691 - INFO - Sequence preparation took 0.02 seconds
2025-03-28 12:06:52,691 - INFO - Building LSTM model with improved architecture, input shape: (24, 22)
2025-03-28 12:06:52,723 - INFO - Model architecture:
2025-03-28 12:06:55,932 - INFO - Epoch 1 - loss: 0.4767 - mae: 0.5332 - val_loss: 1.2533 - val_mae: 0.9407
2025-03-28 12:06:57,109 - INFO - Epoch 2 - loss: 0.3125 - mae: 0.4274 - val_loss: 1.0858 - val_mae: 0.8747
2025-03-28 12:06:58,280 - INFO - Epoch 3 - loss: 0.2729 - mae: 0.3972 - val_loss: 1.0870 - val_mae: 0.8843
2025-03-28 12:06:59,455 - INFO - Epoch 4 - loss: 0.2573 - mae: 0.3877 - val_loss: 0.9115 - val_mae: 0.7953
2025-03-28 12:07:00,734 - INFO - Epoch 5 - loss: 0.2327 - mae: 0.3652 - val_loss: 0.7036 - val_mae: 0.6631
2025-03-28 12:07:01,881 - INFO - Epoch 6 - loss: 0.2158 - mae: 0.3545 - val_loss: 0.9253 - val_mae: 0.7936
2025-03-28 12:07:03,046 - INFO - Epoch 7 - loss: 0.2013 - mae: 0.3434 - val_loss: 1.3164 - val_mae: 0.9886
2025-03-28 12:07:04,188 - INFO - Epoch 8 - loss: 0.1923 - mae: 0.3363 - val_loss: 1.0803 - val_mae: 0.8654
2025-03-28 12:07:05,347 - INFO - Epoch 9 - loss: 0.1852 - mae: 0.3297 - val_loss: 0.8443 - val_mae: 0.7559
2025-03-28 12:07:06,554 - INFO - Epoch 10 - loss: 0.1767 - mae: 0.3222 - val_loss: 1.0010 - val_mae: 0.8370
2025-03-28 12:07:07,696 - INFO - Epoch 11 - loss: 0.1565 - mae: 0.3016 - val_loss: 1.0233 - val_mae: 0.8406
2025-03-28 12:07:08,859 - INFO - Epoch 12 - loss: 0.1496 - mae: 0.2967 - val_loss: 1.3812 - val_mae: 1.0008
2025-03-28 12:07:10,001 - INFO - Epoch 13 - loss: 0.1389 - mae: 0.2850 - val_loss: 1.0658 - val_mae: 0.8632
2025-03-28 12:07:11,165 - INFO - Epoch 14 - loss: 0.1354 - mae: 0.2817 - val_loss: 1.2395 - val_mae: 0.9399
2025-03-28 12:07:12,292 - INFO - Epoch 15 - loss: 0.1349 - mae: 0.2812 - val_loss: 1.2057 - val_mae: 0.9240
2025-03-28 12:07:13,457 - INFO - Epoch 16 - loss: 0.1276 - mae: 0.2728 - val_loss: 1.2030 - val_mae: 0.9223
2025-03-28 12:07:14,591 - INFO - Epoch 17 - loss: 0.1221 - mae: 0.2687 - val_loss: 1.1327 - val_mae: 0.8871
2025-03-28 12:07:15,751 - INFO - Epoch 18 - loss: 0.1238 - mae: 0.2697 - val_loss: 1.2209 - val_mae: 0.9287
2025-03-28 12:07:16,886 - INFO - Epoch 19 - loss: 0.1223 - mae: 0.2667 - val_loss: 1.2415 - val_mae: 0.9354
2025-03-28 12:07:18,043 - INFO - Epoch 20 - loss: 0.1186 - mae: 0.2650 - val_loss: 1.2247 - val_mae: 0.9239
2025-03-28 12:07:18,050 - INFO - Training completed in 25.38 seconds
2025-03-28 12:07:18,050 - INFO - Final training loss: 0.1186
2025-03-28 12:07:18,050 - INFO - Final validation loss: 1.2247
2025-03-28 12:07:18,051 - INFO - Evaluating predictions for Nerul
2025-03-28 12:07:18,051 - INFO - Preparing sequences from data with shape: (1056, 4)
2025-03-28 12:07:18,058 - INFO - Creating 1027 sequences...
2025-03-28 12:07:18,060 - INFO - Sequence preparation completed. X shape: (1027, 24, 22), y shape: (1027, 6)
2025-03-28 12:07:18,060 - INFO - Sequence preparation took 0.01 seconds
2025-03-28 12:07:18,536 - INFO - Evaluation completed in 0.48 seconds
2025-03-28 12:07:18,537 - INFO - Evaluation metrics - MAE: 44.93, RMSE: 47.46
2025-03-28 12:07:18,892 - INFO - Generating prediction plots for Nerul
2025-03-28 12:07:19,441 - INFO - Saved prediction plot to predictions/lstm_prediction_Nerul.png
2025-03-28 12:07:19,808 - INFO - Saved error distribution plot to predictions/lstm_error_distribution_Nerul.png
2025-03-28 12:07:19,809 - INFO - 
Final Evaluation Results:
2025-03-28 12:07:19,809 - INFO - MAE: 44.93
2025-03-28 12:07:19,809 - INFO - RMSE: 47.46
2025-03-28 12:07:19,809 - INFO - Initializing LSTM Predictor for Powai
2025-03-28 12:07:19,810 - INFO - Sequence length: 24, Prediction horizon: 6
2025-03-28 12:07:19,810 - INFO - Loading cleaned data from cleaned_data\Powai_spatial_average.csv
2025-03-28 12:07:19,819 - INFO - Loaded cleaned data with shape: (5400, 4)
2025-03-28 12:07:19,819 - INFO - Features selected: ['PM10', 'RH', 'AT']
2025-03-28 12:07:19,819 - INFO - Starting model training with 4320 samples
2025-03-28 12:07:19,819 - INFO - Training parameters - epochs: 100, batch_size: 32, validation_split: 0.2
2025-03-28 12:07:19,820 - INFO - Preparing sequences from data with shape: (4320, 4)
2025-03-28 12:07:19,831 - INFO - Creating 4291 sequences...
2025-03-28 12:07:19,838 - INFO - Sequence preparation completed. X shape: (4291, 24, 22), y shape: (4291, 6)
2025-03-28 12:07:19,838 - INFO - Sequence preparation took 0.02 seconds
2025-03-28 12:07:19,838 - INFO - Building LSTM model with improved architecture, input shape: (24, 22)
2025-03-28 12:07:19,871 - INFO - Model architecture:
2025-03-28 12:07:23,148 - INFO - Epoch 1 - loss: 0.5063 - mae: 0.5438 - val_loss: 0.8476 - val_mae: 0.7641
2025-03-28 12:07:24,388 - INFO - Epoch 2 - loss: 0.3840 - mae: 0.4678 - val_loss: 0.7507 - val_mae: 0.7258
2025-03-28 12:07:25,571 - INFO - Epoch 3 - loss: 0.3485 - mae: 0.4496 - val_loss: 0.7766 - val_mae: 0.7299
2025-03-28 12:07:26,753 - INFO - Epoch 4 - loss: 0.3195 - mae: 0.4309 - val_loss: 1.0619 - val_mae: 0.8660
2025-03-28 12:07:28,034 - INFO - Epoch 5 - loss: 0.2941 - mae: 0.4136 - val_loss: 0.6662 - val_mae: 0.6790
2025-03-28 12:07:29,238 - INFO - Epoch 6 - loss: 0.2733 - mae: 0.4010 - val_loss: 1.1169 - val_mae: 0.8946
2025-03-28 12:07:30,495 - INFO - Epoch 7 - loss: 0.2632 - mae: 0.3930 - val_loss: 0.5688 - val_mae: 0.6262
2025-03-28 12:07:31,643 - INFO - Epoch 8 - loss: 0.2458 - mae: 0.3816 - val_loss: 1.3420 - val_mae: 1.0076
2025-03-28 12:07:32,829 - INFO - Epoch 9 - loss: 0.2299 - mae: 0.3680 - val_loss: 0.9082 - val_mae: 0.8066
2025-03-28 12:07:34,016 - INFO - Epoch 10 - loss: 0.2228 - mae: 0.3623 - val_loss: 1.0410 - val_mae: 0.8664
2025-03-28 12:07:35,170 - INFO - Epoch 11 - loss: 0.2092 - mae: 0.3478 - val_loss: 1.1359 - val_mae: 0.9069
2025-03-28 12:07:36,310 - INFO - Epoch 12 - loss: 0.1943 - mae: 0.3377 - val_loss: 1.1352 - val_mae: 0.9089
2025-03-28 12:07:37,468 - INFO - Epoch 13 - loss: 0.1778 - mae: 0.3226 - val_loss: 0.9794 - val_mae: 0.8330
2025-03-28 12:07:38,629 - INFO - Epoch 14 - loss: 0.1686 - mae: 0.3142 - val_loss: 0.9982 - val_mae: 0.8457
2025-03-28 12:07:39,777 - INFO - Epoch 15 - loss: 0.1629 - mae: 0.3097 - val_loss: 1.1669 - val_mae: 0.9213
2025-03-28 12:07:40,929 - INFO - Epoch 16 - loss: 0.1637 - mae: 0.3074 - val_loss: 1.1352 - val_mae: 0.9069
2025-03-28 12:07:42,074 - INFO - Epoch 17 - loss: 0.1564 - mae: 0.3011 - val_loss: 1.1996 - val_mae: 0.9353
2025-03-28 12:07:43,230 - INFO - Epoch 18 - loss: 0.1515 - mae: 0.2965 - val_loss: 1.1404 - val_mae: 0.9060
2025-03-28 12:07:44,373 - INFO - Epoch 19 - loss: 0.1478 - mae: 0.2914 - val_loss: 1.1450 - val_mae: 0.9105
2025-03-28 12:07:45,536 - INFO - Epoch 20 - loss: 0.1489 - mae: 0.2934 - val_loss: 1.0861 - val_mae: 0.8809
2025-03-28 12:07:46,680 - INFO - Epoch 21 - loss: 0.1466 - mae: 0.2915 - val_loss: 1.1670 - val_mae: 0.9161
2025-03-28 12:07:47,820 - INFO - Epoch 22 - loss: 0.1455 - mae: 0.2903 - val_loss: 1.1242 - val_mae: 0.8999
2025-03-28 12:07:47,827 - INFO - Training completed in 28.01 seconds
2025-03-28 12:07:47,827 - INFO - Final training loss: 0.1455
2025-03-28 12:07:47,827 - INFO - Final validation loss: 1.1242
2025-03-28 12:07:47,829 - INFO - Evaluating predictions for Powai
2025-03-28 12:07:47,829 - INFO - Preparing sequences from data with shape: (1080, 4)
2025-03-28 12:07:47,836 - INFO - Creating 1051 sequences...
2025-03-28 12:07:47,838 - INFO - Sequence preparation completed. X shape: (1051, 24, 22), y shape: (1051, 6)
2025-03-28 12:07:47,838 - INFO - Sequence preparation took 0.01 seconds
2025-03-28 12:07:48,319 - INFO - Evaluation completed in 0.49 seconds
2025-03-28 12:07:48,319 - INFO - Evaluation metrics - MAE: 14.95, RMSE: 16.95
2025-03-28 12:07:48,711 - INFO - Generating prediction plots for Powai
2025-03-28 12:07:49,253 - INFO - Saved prediction plot to predictions/lstm_prediction_Powai.png
2025-03-28 12:07:49,645 - INFO - Saved error distribution plot to predictions/lstm_error_distribution_Powai.png
2025-03-28 12:07:49,647 - INFO - 
Final Evaluation Results:
2025-03-28 12:07:49,647 - INFO - MAE: 14.95
2025-03-28 12:07:49,648 - INFO - RMSE: 16.95
2025-03-28 12:07:49,648 - INFO - Initializing LSTM Predictor for Sion
2025-03-28 12:07:49,648 - INFO - Sequence length: 24, Prediction horizon: 6
2025-03-28 12:07:49,648 - INFO - Loading cleaned data from cleaned_data\Sion_spatial_average.csv
2025-03-28 12:07:49,656 - INFO - Loaded cleaned data with shape: (5280, 4)
2025-03-28 12:07:49,656 - INFO - Features selected: ['PM10', 'RH', 'AT']
2025-03-28 12:07:49,656 - INFO - Starting model training with 4224 samples
2025-03-28 12:07:49,656 - INFO - Training parameters - epochs: 100, batch_size: 32, validation_split: 0.2
2025-03-28 12:07:49,656 - INFO - Preparing sequences from data with shape: (4224, 4)
2025-03-28 12:07:49,669 - INFO - Creating 4195 sequences...
2025-03-28 12:07:49,675 - INFO - Sequence preparation completed. X shape: (4195, 24, 22), y shape: (4195, 6)
2025-03-28 12:07:49,675 - INFO - Sequence preparation took 0.02 seconds
2025-03-28 12:07:49,676 - INFO - Building LSTM model with improved architecture, input shape: (24, 22)
2025-03-28 12:07:49,708 - INFO - Model architecture:
2025-03-28 12:07:53,407 - INFO - Epoch 1 - loss: 0.4032 - mae: 0.4911 - val_loss: 1.7296 - val_mae: 1.1267
2025-03-28 12:07:54,652 - INFO - Epoch 2 - loss: 0.3111 - mae: 0.4297 - val_loss: 1.0442 - val_mae: 0.8411
2025-03-28 12:07:55,869 - INFO - Epoch 3 - loss: 0.2727 - mae: 0.4011 - val_loss: 1.5150 - val_mae: 1.0462
2025-03-28 12:07:57,104 - INFO - Epoch 4 - loss: 0.2455 - mae: 0.3829 - val_loss: 1.3005 - val_mae: 0.9634
2025-03-28 12:07:58,370 - INFO - Epoch 5 - loss: 0.2287 - mae: 0.3673 - val_loss: 1.0175 - val_mae: 0.8439
2025-03-28 12:07:59,568 - INFO - Epoch 6 - loss: 0.2175 - mae: 0.3585 - val_loss: 2.1319 - val_mae: 1.2675
2025-03-28 12:08:00,785 - INFO - Epoch 7 - loss: 0.2057 - mae: 0.3484 - val_loss: 2.0173 - val_mae: 1.2178
2025-03-28 12:08:01,988 - INFO - Epoch 8 - loss: 0.1920 - mae: 0.3358 - val_loss: 1.9314 - val_mae: 1.2056
2025-03-28 12:08:03,244 - INFO - Epoch 9 - loss: 0.1747 - mae: 0.3217 - val_loss: 2.1996 - val_mae: 1.2729
2025-03-28 12:08:04,460 - INFO - Epoch 10 - loss: 0.1696 - mae: 0.3162 - val_loss: 1.6696 - val_mae: 1.1101
2025-03-28 12:08:05,655 - INFO - Epoch 11 - loss: 0.1478 - mae: 0.2941 - val_loss: 1.9673 - val_mae: 1.2023
2025-03-28 12:08:06,868 - INFO - Epoch 12 - loss: 0.1425 - mae: 0.2899 - val_loss: 2.2140 - val_mae: 1.2883
2025-03-28 12:08:08,088 - INFO - Epoch 13 - loss: 0.1384 - mae: 0.2854 - val_loss: 2.0957 - val_mae: 1.2547
2025-03-28 12:08:09,306 - INFO - Epoch 14 - loss: 0.1323 - mae: 0.2779 - val_loss: 2.3859 - val_mae: 1.3367
2025-03-28 12:08:10,514 - INFO - Epoch 15 - loss: 0.1292 - mae: 0.2743 - val_loss: 2.4450 - val_mae: 1.3518
2025-03-28 12:08:11,748 - INFO - Epoch 16 - loss: 0.1220 - mae: 0.2655 - val_loss: 2.6213 - val_mae: 1.3958
2025-03-28 12:08:12,959 - INFO - Epoch 17 - loss: 0.1155 - mae: 0.2603 - val_loss: 2.4566 - val_mae: 1.3506
2025-03-28 12:08:14,175 - INFO - Epoch 18 - loss: 0.1155 - mae: 0.2595 - val_loss: 2.4776 - val_mae: 1.3636
2025-03-28 12:08:15,404 - INFO - Epoch 19 - loss: 0.1145 - mae: 0.2591 - val_loss: 2.3888 - val_mae: 1.3367
2025-03-28 12:08:16,606 - INFO - Epoch 20 - loss: 0.1141 - mae: 0.2581 - val_loss: 2.5886 - val_mae: 1.3900
2025-03-28 12:08:16,613 - INFO - Training completed in 26.96 seconds
2025-03-28 12:08:16,613 - INFO - Final training loss: 0.1141
2025-03-28 12:08:16,614 - INFO - Final validation loss: 2.5886
2025-03-28 12:08:16,615 - INFO - Evaluating predictions for Sion
2025-03-28 12:08:16,615 - INFO - Preparing sequences from data with shape: (1056, 4)
2025-03-28 12:08:16,621 - INFO - Creating 1027 sequences...
2025-03-28 12:08:16,622 - INFO - Sequence preparation completed. X shape: (1027, 24, 22), y shape: (1027, 6)
2025-03-28 12:08:16,623 - INFO - Sequence preparation took 0.01 seconds
2025-03-28 12:08:17,130 - INFO - Evaluation completed in 0.51 seconds
2025-03-28 12:08:17,130 - INFO - Evaluation metrics - MAE: 22.71, RMSE: 24.29
2025-03-28 12:08:17,502 - INFO - Generating prediction plots for Sion
2025-03-28 12:08:18,047 - INFO - Saved prediction plot to predictions/lstm_prediction_Sion.png
2025-03-28 12:08:18,421 - INFO - Saved error distribution plot to predictions/lstm_error_distribution_Sion.png
2025-03-28 12:08:18,421 - INFO - 
Final Evaluation Results:
2025-03-28 12:08:18,421 - INFO - MAE: 22.71
2025-03-28 12:08:18,421 - INFO - RMSE: 24.29
2025-03-28 12:08:18,422 - INFO - Initializing LSTM Predictor for Vasai
2025-03-28 12:08:18,422 - INFO - Sequence length: 24, Prediction horizon: 6
2025-03-28 12:08:18,423 - INFO - Loading cleaned data from cleaned_data\Vasai_spatial_average.csv
2025-03-28 12:08:18,433 - INFO - Loaded cleaned data with shape: (5400, 4)
2025-03-28 12:08:18,433 - INFO - Features selected: ['PM10', 'RH', 'AT']
2025-03-28 12:08:18,433 - INFO - Starting model training with 4320 samples
2025-03-28 12:08:18,433 - INFO - Training parameters - epochs: 100, batch_size: 32, validation_split: 0.2
2025-03-28 12:08:18,433 - INFO - Preparing sequences from data with shape: (4320, 4)
2025-03-28 12:08:18,446 - INFO - Creating 4291 sequences...
2025-03-28 12:08:18,453 - INFO - Sequence preparation completed. X shape: (4291, 24, 22), y shape: (4291, 6)
2025-03-28 12:08:18,453 - INFO - Sequence preparation took 0.02 seconds
2025-03-28 12:08:18,454 - INFO - Building LSTM model with improved architecture, input shape: (24, 22)
2025-03-28 12:08:18,486 - INFO - Model architecture:
2025-03-28 12:08:21,740 - INFO - Epoch 1 - loss: 0.4266 - mae: 0.5059 - val_loss: 1.0230 - val_mae: 0.8394
2025-03-28 12:08:22,910 - INFO - Epoch 2 - loss: 0.3080 - mae: 0.4268 - val_loss: 1.2395 - val_mae: 0.9437
2025-03-28 12:08:24,123 - INFO - Epoch 3 - loss: 0.2672 - mae: 0.3951 - val_loss: 0.7585 - val_mae: 0.7134
2025-03-28 12:08:25,292 - INFO - Epoch 4 - loss: 0.2375 - mae: 0.3731 - val_loss: 0.9902 - val_mae: 0.8285
2025-03-28 12:08:26,524 - INFO - Epoch 5 - loss: 0.2215 - mae: 0.3590 - val_loss: 1.3950 - val_mae: 1.0144
2025-03-28 12:08:27,689 - INFO - Epoch 6 - loss: 0.2082 - mae: 0.3472 - val_loss: 1.2605 - val_mae: 0.9445
2025-03-28 12:08:28,865 - INFO - Epoch 7 - loss: 0.1915 - mae: 0.3352 - val_loss: 1.7077 - val_mae: 1.1283
2025-03-28 12:08:30,174 - INFO - Epoch 8 - loss: 0.1767 - mae: 0.3241 - val_loss: 1.1732 - val_mae: 0.8992
2025-03-28 12:08:31,388 - INFO - Epoch 9 - loss: 0.1618 - mae: 0.3099 - val_loss: 1.5080 - val_mae: 1.0445
2025-03-28 12:08:32,640 - INFO - Epoch 10 - loss: 0.1555 - mae: 0.3010 - val_loss: 1.3360 - val_mae: 0.9681
2025-03-28 12:08:33,833 - INFO - Epoch 11 - loss: 0.1471 - mae: 0.2941 - val_loss: 1.4180 - val_mae: 1.0089
2025-03-28 12:08:35,023 - INFO - Epoch 12 - loss: 0.1462 - mae: 0.2923 - val_loss: 1.6819 - val_mae: 1.1185
2025-03-28 12:08:36,185 - INFO - Epoch 13 - loss: 0.1419 - mae: 0.2871 - val_loss: 1.4584 - val_mae: 1.0289
2025-03-28 12:08:37,369 - INFO - Epoch 14 - loss: 0.1328 - mae: 0.2780 - val_loss: 1.4264 - val_mae: 1.0097
2025-03-28 12:08:38,546 - INFO - Epoch 15 - loss: 0.1310 - mae: 0.2747 - val_loss: 1.4643 - val_mae: 1.0208
2025-03-28 12:08:39,720 - INFO - Epoch 16 - loss: 0.1253 - mae: 0.2695 - val_loss: 1.4574 - val_mae: 1.0193
2025-03-28 12:08:40,897 - INFO - Epoch 17 - loss: 0.1239 - mae: 0.2683 - val_loss: 1.5423 - val_mae: 1.0473
2025-03-28 12:08:42,053 - INFO - Epoch 18 - loss: 0.1275 - mae: 0.2700 - val_loss: 1.5402 - val_mae: 1.0490
2025-03-28 12:08:42,060 - INFO - Training completed in 23.63 seconds
2025-03-28 12:08:42,061 - INFO - Final training loss: 0.1275
2025-03-28 12:08:42,061 - INFO - Final validation loss: 1.5402
2025-03-28 12:08:42,062 - INFO - Evaluating predictions for Vasai
2025-03-28 12:08:42,062 - INFO - Preparing sequences from data with shape: (1080, 4)
2025-03-28 12:08:42,068 - INFO - Creating 1051 sequences...
2025-03-28 12:08:42,070 - INFO - Sequence preparation completed. X shape: (1051, 24, 22), y shape: (1051, 6)
2025-03-28 12:08:42,070 - INFO - Sequence preparation took 0.01 seconds
2025-03-28 12:08:42,554 - INFO - Evaluation completed in 0.49 seconds
2025-03-28 12:08:42,555 - INFO - Evaluation metrics - MAE: 22.05, RMSE: 23.75
2025-03-28 12:08:42,948 - INFO - Generating prediction plots for Vasai
2025-03-28 12:08:43,504 - INFO - Saved prediction plot to predictions/lstm_prediction_Vasai.png
2025-03-28 12:08:43,908 - INFO - Saved error distribution plot to predictions/lstm_error_distribution_Vasai.png
2025-03-28 12:08:43,909 - INFO - 
Final Evaluation Results:
2025-03-28 12:08:43,909 - INFO - MAE: 22.05
2025-03-28 12:08:43,909 - INFO - RMSE: 23.75
2025-03-28 12:08:43,909 - INFO - Initializing LSTM Predictor for Vileparle
2025-03-28 12:08:43,909 - INFO - Sequence length: 24, Prediction horizon: 6
2025-03-28 12:08:43,910 - INFO - Loading cleaned data from cleaned_data\Vileparle_spatial_average.csv
2025-03-28 12:08:43,919 - INFO - Loaded cleaned data with shape: (5280, 4)
2025-03-28 12:08:43,919 - INFO - Features selected: ['PM10', 'RH', 'AT']
2025-03-28 12:08:43,919 - INFO - Starting model training with 4224 samples
2025-03-28 12:08:43,920 - INFO - Training parameters - epochs: 100, batch_size: 32, validation_split: 0.2
2025-03-28 12:08:43,920 - INFO - Preparing sequences from data with shape: (4224, 4)
2025-03-28 12:08:43,931 - INFO - Creating 4195 sequences...
2025-03-28 12:08:43,938 - INFO - Sequence preparation completed. X shape: (4195, 24, 22), y shape: (4195, 6)
2025-03-28 12:08:43,938 - INFO - Sequence preparation took 0.02 seconds
2025-03-28 12:08:43,939 - INFO - Building LSTM model with improved architecture, input shape: (24, 22)
2025-03-28 12:08:43,975 - INFO - Model architecture:
2025-03-28 12:08:47,139 - INFO - Epoch 1 - loss: 0.4444 - mae: 0.5131 - val_loss: 0.7688 - val_mae: 0.7051
2025-03-28 12:08:48,280 - INFO - Epoch 2 - loss: 0.3279 - mae: 0.4394 - val_loss: 0.5713 - val_mae: 0.5888
2025-03-28 12:08:49,530 - INFO - Epoch 3 - loss: 0.2851 - mae: 0.4094 - val_loss: 0.4878 - val_mae: 0.5392
2025-03-28 12:08:50,921 - INFO - Epoch 4 - loss: 0.2631 - mae: 0.3920 - val_loss: 0.5787 - val_mae: 0.6020
2025-03-28 12:08:52,417 - INFO - Epoch 5 - loss: 0.2443 - mae: 0.3786 - val_loss: 0.6349 - val_mae: 0.6445
2025-03-28 12:08:53,638 - INFO - Epoch 6 - loss: 0.2215 - mae: 0.3610 - val_loss: 0.5768 - val_mae: 0.6149
2025-03-28 12:08:54,778 - INFO - Epoch 7 - loss: 0.2130 - mae: 0.3532 - val_loss: 0.6610 - val_mae: 0.6564
2025-03-28 12:08:55,944 - INFO - Epoch 8 - loss: 0.1923 - mae: 0.3387 - val_loss: 0.5058 - val_mae: 0.5583
2025-03-28 12:08:57,167 - INFO - Epoch 9 - loss: 0.1719 - mae: 0.3209 - val_loss: 0.6544 - val_mae: 0.6615
2025-03-28 12:08:58,357 - INFO - Epoch 10 - loss: 0.1647 - mae: 0.3112 - val_loss: 0.6411 - val_mae: 0.6424
2025-03-28 12:08:59,477 - INFO - Epoch 11 - loss: 0.1550 - mae: 0.3039 - val_loss: 0.7510 - val_mae: 0.7119
2025-03-28 12:09:00,623 - INFO - Epoch 12 - loss: 0.1509 - mae: 0.2999 - val_loss: 0.6683 - val_mae: 0.6631
2025-03-28 12:09:01,757 - INFO - Epoch 13 - loss: 0.1437 - mae: 0.2920 - val_loss: 0.5521 - val_mae: 0.5927
2025-03-28 12:09:02,903 - INFO - Epoch 14 - loss: 0.1402 - mae: 0.2877 - val_loss: 0.6141 - val_mae: 0.6302
2025-03-28 12:09:04,048 - INFO - Epoch 15 - loss: 0.1320 - mae: 0.2793 - val_loss: 0.6004 - val_mae: 0.6200
2025-03-28 12:09:05,171 - INFO - Epoch 16 - loss: 0.1356 - mae: 0.2815 - val_loss: 0.6494 - val_mae: 0.6541
2025-03-28 12:09:06,286 - INFO - Epoch 17 - loss: 0.1274 - mae: 0.2739 - val_loss: 0.5789 - val_mae: 0.6059
2025-03-28 12:09:07,404 - INFO - Epoch 18 - loss: 0.1281 - mae: 0.2750 - val_loss: 0.5800 - val_mae: 0.6119
2025-03-28 12:09:07,410 - INFO - Training completed in 23.49 seconds
2025-03-28 12:09:07,410 - INFO - Final training loss: 0.1281
2025-03-28 12:09:07,410 - INFO - Final validation loss: 0.5800
2025-03-28 12:09:07,411 - INFO - Evaluating predictions for Vileparle
2025-03-28 12:09:07,411 - INFO - Preparing sequences from data with shape: (1056, 4)
2025-03-28 12:09:07,418 - INFO - Creating 1027 sequences...
2025-03-28 12:09:07,420 - INFO - Sequence preparation completed. X shape: (1027, 24, 22), y shape: (1027, 6)
2025-03-28 12:09:07,420 - INFO - Sequence preparation took 0.01 seconds
2025-03-28 12:09:07,894 - INFO - Evaluation completed in 0.48 seconds
2025-03-28 12:09:07,895 - INFO - Evaluation metrics - MAE: 12.89, RMSE: 14.91
2025-03-28 12:09:08,263 - INFO - Generating prediction plots for Vileparle
2025-03-28 12:09:08,831 - INFO - Saved prediction plot to predictions/lstm_prediction_Vileparle.png
2025-03-28 12:09:09,232 - INFO - Saved error distribution plot to predictions/lstm_error_distribution_Vileparle.png
2025-03-28 12:09:09,232 - INFO - 
Final Evaluation Results:
2025-03-28 12:09:09,232 - INFO - MAE: 12.89
2025-03-28 12:09:09,232 - INFO - RMSE: 14.91
2025-03-28 12:09:09,233 - INFO - Initializing LSTM Predictor for Worli
2025-03-28 12:09:09,233 - INFO - Sequence length: 24, Prediction horizon: 6
2025-03-28 12:09:09,233 - INFO - Loading cleaned data from cleaned_data\Worli_spatial_average.csv
2025-03-28 12:09:09,242 - INFO - Loaded cleaned data with shape: (5400, 4)
2025-03-28 12:09:09,242 - INFO - Features selected: ['PM10', 'RH', 'AT']
2025-03-28 12:09:09,242 - INFO - Starting model training with 4320 samples
2025-03-28 12:09:09,242 - INFO - Training parameters - epochs: 100, batch_size: 32, validation_split: 0.2
2025-03-28 12:09:09,242 - INFO - Preparing sequences from data with shape: (4320, 4)
2025-03-28 12:09:09,254 - INFO - Creating 4291 sequences...
2025-03-28 12:09:09,261 - INFO - Sequence preparation completed. X shape: (4291, 24, 22), y shape: (4291, 6)
2025-03-28 12:09:09,262 - INFO - Sequence preparation took 0.02 seconds
2025-03-28 12:09:09,263 - INFO - Building LSTM model with improved architecture, input shape: (24, 22)
2025-03-28 12:09:09,293 - INFO - Model architecture:
2025-03-28 12:09:13,109 - INFO - Epoch 1 - loss: 0.4290 - mae: 0.5113 - val_loss: 0.8432 - val_mae: 0.7722
2025-03-28 12:09:14,383 - INFO - Epoch 2 - loss: 0.3121 - mae: 0.4336 - val_loss: 0.6816 - val_mae: 0.6783
2025-03-28 12:09:15,653 - INFO - Epoch 3 - loss: 0.2759 - mae: 0.4064 - val_loss: 1.0002 - val_mae: 0.8634
2025-03-28 12:09:16,935 - INFO - Epoch 4 - loss: 0.2544 - mae: 0.3900 - val_loss: 1.1938 - val_mae: 0.9414
2025-03-28 12:09:18,189 - INFO - Epoch 5 - loss: 0.2452 - mae: 0.3814 - val_loss: 1.6987 - val_mae: 1.1671
2025-03-28 12:09:19,448 - INFO - Epoch 6 - loss: 0.2227 - mae: 0.3641 - val_loss: 2.1606 - val_mae: 1.3249
2025-03-28 12:09:20,683 - INFO - Epoch 7 - loss: 0.2142 - mae: 0.3575 - val_loss: 1.2734 - val_mae: 0.9883
2025-03-28 12:09:21,938 - INFO - Epoch 8 - loss: 0.1894 - mae: 0.3368 - val_loss: 1.8353 - val_mae: 1.2120
2025-03-28 12:09:23,184 - INFO - Epoch 9 - loss: 0.1807 - mae: 0.3281 - val_loss: 1.8157 - val_mae: 1.1970
2025-03-28 12:09:24,445 - INFO - Epoch 10 - loss: 0.1706 - mae: 0.3201 - val_loss: 1.6011 - val_mae: 1.1113
2025-03-28 12:09:25,704 - INFO - Epoch 11 - loss: 0.1657 - mae: 0.3142 - val_loss: 1.7279 - val_mae: 1.1490
2025-03-28 12:09:26,952 - INFO - Epoch 12 - loss: 0.1618 - mae: 0.3085 - val_loss: 1.8218 - val_mae: 1.1866
2025-03-28 12:09:28,219 - INFO - Epoch 13 - loss: 0.1498 - mae: 0.2964 - val_loss: 1.8081 - val_mae: 1.1785
2025-03-28 12:09:29,460 - INFO - Epoch 14 - loss: 0.1460 - mae: 0.2931 - val_loss: 1.8132 - val_mae: 1.1694
2025-03-28 12:09:30,720 - INFO - Epoch 15 - loss: 0.1441 - mae: 0.2925 - val_loss: 1.8985 - val_mae: 1.2087
2025-03-28 12:09:31,976 - INFO - Epoch 16 - loss: 0.1409 - mae: 0.2880 - val_loss: 1.9954 - val_mae: 1.2304
2025-03-28 12:09:33,226 - INFO - Epoch 17 - loss: 0.1410 - mae: 0.2880 - val_loss: 2.0382 - val_mae: 1.2561
2025-03-28 12:09:33,234 - INFO - Training completed in 23.99 seconds
2025-03-28 12:09:33,235 - INFO - Final training loss: 0.1410
2025-03-28 12:09:33,235 - INFO - Final validation loss: 2.0382
2025-03-28 12:09:33,236 - INFO - Evaluating predictions for Worli
2025-03-28 12:09:33,237 - INFO - Preparing sequences from data with shape: (1080, 4)
2025-03-28 12:09:33,244 - INFO - Creating 1051 sequences...
2025-03-28 12:09:33,246 - INFO - Sequence preparation completed. X shape: (1051, 24, 22), y shape: (1051, 6)
2025-03-28 12:09:33,246 - INFO - Sequence preparation took 0.01 seconds
2025-03-28 12:09:33,745 - INFO - Evaluation completed in 0.51 seconds
2025-03-28 12:09:33,745 - INFO - Evaluation metrics - MAE: 22.64, RMSE: 23.72
2025-03-28 12:09:34,149 - INFO - Generating prediction plots for Worli
2025-03-28 12:09:34,699 - INFO - Saved prediction plot to predictions/lstm_prediction_Worli.png
2025-03-28 12:09:35,090 - INFO - Saved error distribution plot to predictions/lstm_error_distribution_Worli.png
2025-03-28 12:09:35,091 - INFO - 
Final Evaluation Results:
2025-03-28 12:09:35,091 - INFO - MAE: 22.64
2025-03-28 12:09:35,092 - INFO - RMSE: 23.72
2025-03-28 12:09:35,092 - INFO - Total execution time: 393.51 seconds
2025-03-28 12:10:54,453 - INFO - Initializing LSTM Predictor for Worli
2025-03-28 12:10:54,453 - INFO - Sequence length: 24, Prediction horizon: 6
2025-03-28 12:10:54,453 - INFO - Loading cleaned data from cleaned_data\Worli_spatial_average.csv
2025-03-28 12:10:54,465 - INFO - Loaded cleaned data with shape: (5400, 4)
2025-03-28 12:10:54,465 - INFO - Features selected: ['PM10', 'RH', 'AT']
2025-03-28 12:10:54,465 - INFO - Train data shape: (4320, 4), Test data shape: (1080, 4)
2025-03-28 12:10:54,465 - INFO - Loading existing model for Worli
2025-03-28 12:10:54,594 - INFO - Evaluating predictions for Worli
2025-03-28 12:10:54,594 - INFO - Preparing sequences from data with shape: (1080, 4)
2025-03-28 12:10:54,605 - INFO - Creating 1051 sequences...
2025-03-28 12:10:54,607 - INFO - Sequence preparation completed. X shape: (1051, 24, 22), y shape: (1051, 6)
2025-03-28 12:10:54,607 - INFO - Sequence preparation took 0.01 seconds
2025-03-28 12:10:55,161 - INFO - Evaluation completed in 0.57 seconds
2025-03-28 12:10:55,161 - INFO - Evaluation metrics - MAE: 4.84, RMSE: 7.36
2025-03-28 12:10:55,622 - INFO - Final Evaluation Results:
2025-03-28 12:10:55,622 - INFO - MAE: 4.84
2025-03-28 12:10:55,623 - INFO - RMSE: 7.36
2025-03-28 12:10:55,623 - ERROR - Error: name 'start_time' is not defined
