From Date,PM2.5,PM10,RH,AT
2020-11-01 00:00:00,38.97,90.76,67.91,27.19
2020-11-01 01:00:00,46.92,90.76,68.95,26.82
2020-11-01 02:00:00,48.47,90.76,73.46,26.28
2020-11-01 03:00:00,47.38,90.76,78.37,25.75
2020-11-01 04:00:00,50.99,90.76,79.59,25.39
2020-11-01 05:00:00,39.03,90.76,77.36,25.2
2020-11-01 06:00:00,38.26,90.76,77.7,25.05
2020-11-01 07:00:00,54.1,90.76,79.95,25.2
2020-11-01 08:00:00,52.65,90.76,72.38,27.11
2020-11-01 09:00:00,46.21,90.76,60.15,30.23
2020-11-01 10:00:00,41.09,90.76,51.43,32.77
2020-11-01 11:00:00,26.0,90.76,42.77,34.58
2020-11-01 12:00:00,28.01,90.76,46.84,35.36
2020-11-01 13:00:00,21.05,90.76,48.84,34.97
2020-11-01 14:00:00,25.46,90.76,49.05,34.14
2020-11-01 15:00:00,22.66,90.76,52.86,33.52
2020-11-01 16:00:00,19.63,90.76,54.92,32.8
2020-11-01 17:00:00,20.07,90.76,55.82,31.66
2020-11-01 18:00:00,25.7,90.76,61.14,30.57
2020-11-01 19:00:00,24.09,90.76,66.81,29.7
2020-11-01 20:00:00,24.32,90.76,70.19,29.12
2020-11-01 21:00:00,27.74,90.76,71.61,29.0
2020-11-01 22:00:00,31.07,90.76,73.79,28.81
2020-11-01 23:00:00,41.41,90.76,75.44,28.35
2020-11-02 00:00:00,39.33,90.76,73.63,27.91
2020-11-02 01:00:00,39.25,90.76,74.65,27.49
2020-11-02 02:00:00,43.03,90.76,78.27,27.26
2020-11-02 03:00:00,42.77,90.76,79.19,27.12
2020-11-02 04:00:00,38.49,90.76,77.98,27.25
2020-11-02 05:00:00,42.05,90.76,77.72,27.41
2020-11-02 06:00:00,47.82,90.76,78.21,26.97
2020-11-02 07:00:00,46.82,90.76,77.38,27.28
2020-11-02 08:00:00,49.26,90.76,75.31,28.33
2020-11-02 09:00:00,55.9,90.76,68.78,30.19
2020-11-02 10:00:00,52.27,90.76,60.86,32.12
2020-11-02 11:00:00,46.06,90.76,50.29,34.36
2020-11-02 12:00:00,44.49,90.76,43.31,35.76
2020-11-02 13:00:00,46.07,90.76,42.58,36.02
2020-11-02 14:00:00,41.04,90.76,45.91,35.62
2020-11-02 15:00:00,39.22,90.76,57.88,34.91
2020-11-02 16:00:00,39.11,90.76,64.74,33.46
2020-11-02 17:00:00,36.91,90.76,68.84,32.26
2020-11-02 18:00:00,41.42,90.76,76.62,31.17
2020-11-02 19:00:00,35.14,90.76,82.27,30.49
2020-11-02 20:00:00,39.48,90.76,82.77,30.34
2020-11-02 21:00:00,38.04,90.76,85.22,30.25
2020-11-02 22:00:00,43.15,90.76,89.16,29.85
2020-11-02 23:00:00,46.37,90.76,82.33,29.86
2020-11-03 00:00:00,45.14,90.76,69.33,30.0
2020-11-03 01:00:00,59.56,90.76,72.69,29.02
2020-11-03 02:00:00,53.73,90.76,74.88,28.46
2020-11-03 03:00:00,65.41,90.76,75.47,28.41
2020-11-03 04:00:00,55.09,90.76,79.13,27.56
2020-11-03 05:00:00,52.94,90.76,78.81,27.76
2020-11-03 06:00:00,54.42,90.76,78.97,27.71
2020-11-03 07:00:00,54.07,90.76,82.28,27.01
2020-11-03 08:00:00,52.73,90.76,77.85,28.2
2020-11-03 09:00:00,52.62,90.76,62.82,30.87
2020-11-03 10:00:00,54.46,90.76,51.06,33.2
2020-11-03 11:00:00,49.39,90.76,45.89,34.92
2020-11-03 12:00:00,47.8,90.76,44.57,36.02
2020-11-03 13:00:00,46.76,90.76,52.64,35.8
2020-11-03 14:00:00,45.9,90.76,55.47,34.69
2020-11-03 15:00:00,39.37,90.76,55.85,34.24
2020-11-03 16:00:00,30.88,90.76,58.23,33.24
2020-11-03 17:00:00,41.24,90.76,62.97,32.0
2020-11-03 18:00:00,40.0,90.76,71.12,31.24
2020-11-03 19:00:00,34.55,90.76,71.59,30.54
2020-11-03 20:00:00,39.89,90.76,73.6,29.91
2020-11-03 21:00:00,43.71,90.76,75.26,29.38
2020-11-03 22:00:00,50.4,90.76,75.98,28.93
2020-11-03 23:00:00,56.93,90.76,77.9,28.65
2020-11-04 00:00:00,50.78,90.76,79.38,28.21
2020-11-04 01:00:00,64.69,90.76,81.76,27.75
2020-11-04 02:00:00,58.8,90.76,84.25,27.31
2020-11-04 03:00:00,53.56,90.76,80.76,27.34
2020-11-04 04:00:00,49.08,90.76,76.86,27.68
2020-11-04 05:00:00,53.78,90.76,78.9,27.3
2020-11-04 06:00:00,43.15,90.76,78.72,27.08
2020-11-04 07:00:00,54.74,90.76,78.91,26.92
2020-11-04 08:00:00,55.65,90.76,74.0,28.38
2020-11-04 09:00:00,49.53,90.76,64.48,31.02
2020-11-04 10:00:00,46.65,90.76,51.94,33.18
2020-11-04 11:00:00,42.72,90.76,42.93,35.06
2020-11-04 12:00:00,44.67,90.76,39.47,36.26
2020-11-04 13:00:00,47.38,90.76,39.88,36.28
2020-11-04 14:00:00,46.04,90.76,44.47,35.56
2020-11-04 15:00:00,25.85,90.76,43.92,34.97
2020-11-04 16:00:00,33.93,90.76,49.27,33.64
2020-11-04 17:00:00,35.09,90.76,56.39,32.52
2020-11-04 18:00:00,35.32,90.76,62.37,31.45
2020-11-04 19:00:00,32.09,90.76,68.72,30.44
2020-11-04 20:00:00,43.9,90.76,70.12,29.81
2020-11-04 21:00:00,45.27,90.76,68.53,29.38
2020-11-04 22:00:00,51.57,90.76,68.91,28.82
2020-11-04 23:00:00,50.8,90.76,70.14,27.94
2020-11-05 00:00:00,58.76,90.76,74.67,27.31
2020-11-05 01:00:00,65.36,90.76,77.43,26.73
2020-11-05 02:00:00,67.76,90.76,76.84,26.64
2020-11-05 03:00:00,57.6,90.76,72.39,27.24
2020-11-05 04:00:00,54.01,90.76,70.25,27.22
2020-11-05 05:00:00,49.94,90.76,70.45,26.95
2020-11-05 06:00:00,48.13,90.76,71.73,26.81
2020-11-05 07:00:00,52.7,90.76,71.01,27.26
2020-11-05 08:00:00,53.9,90.76,66.13,28.45
2020-11-05 09:00:00,47.91,90.76,59.68,30.38
2020-11-05 10:00:00,62.84,90.76,53.08,32.26
2020-11-05 11:00:00,59.93,90.76,47.41,34.26
2020-11-05 12:00:00,50.64,90.76,41.46,35.84
2020-11-05 13:00:00,47.51,90.76,43.15,36.47
2020-11-05 14:00:00,39.18,90.76,54.22,35.84
2020-11-05 15:00:00,33.59,90.76,58.12,34.3
2020-11-05 16:00:00,30.35,90.76,60.77,33.38
2020-11-05 17:00:00,36.18,90.76,61.08,32.28
2020-11-05 18:00:00,31.95,90.76,58.96,31.14
2020-11-05 19:00:00,23.89,90.76,57.76,30.4
2020-11-05 20:00:00,40.13,90.76,51.38,30.1
2020-11-05 21:00:00,39.55,90.76,50.73,29.14
2020-11-05 22:00:00,34.93,90.76,52.47,28.32
2020-11-05 23:00:00,42.07,90.76,55.86,27.86
2020-11-06 00:00:00,41.6,90.76,59.78,27.07
2020-11-06 01:00:00,44.27,90.76,61.5,26.44
2020-11-06 02:00:00,46.93,90.76,64.16,25.7
2020-11-06 03:00:00,43.55,90.76,68.3,25.01
2020-11-06 04:00:00,43.77,90.76,68.44,25.08
2020-11-06 05:00:00,40.05,90.76,64.14,25.66
2020-11-06 06:00:00,35.06,90.76,60.75,26.06
2020-11-06 07:00:00,38.99,90.76,56.72,27.03
2020-11-06 08:00:00,45.54,90.76,54.11,28.28
2020-11-06 09:00:00,48.52,90.76,50.67,30.2
2020-11-06 10:00:00,44.69,90.76,47.55,32.0
2020-11-06 11:00:00,34.95,90.76,41.37,34.06
2020-11-06 12:00:00,40.95,90.76,35.58,35.26
2020-11-06 13:00:00,34.23,90.76,33.53,36.11
2020-11-06 14:00:00,34.19,90.76,32.83,36.41
2020-11-06 15:00:00,32.28,90.76,32.2,36.41
2020-11-06 16:00:00,36.88,90.76,32.4,35.48
2020-11-06 17:00:00,41.33,90.76,37.06,33.92
2020-11-06 18:00:00,41.7,90.76,48.87,32.0
2020-11-06 19:00:00,21.35,90.76,60.81,30.24
2020-11-06 20:00:00,36.69,90.76,57.6,29.66
2020-11-06 21:00:00,29.45,90.76,62.04,28.64
2020-11-06 22:00:00,38.86,90.76,67.33,27.82
2020-11-06 23:00:00,55.89,90.76,69.35,27.39
2020-11-07 00:00:00,53.55,90.76,73.45,26.67
2020-11-07 01:00:00,52.92,90.76,76.07,26.11
2020-11-07 02:00:00,53.75,90.76,76.31,25.53
2020-11-07 03:00:00,42.72,90.76,71.32,25.75
2020-11-07 04:00:00,42.78,90.76,65.75,26.3
2020-11-07 05:00:00,39.3,90.76,66.79,25.84
2020-11-07 06:00:00,37.78,90.76,63.21,26.05
2020-11-07 07:00:00,52.78,90.76,62.75,25.73
2020-11-07 08:00:00,51.37,90.76,59.55,26.83
2020-11-07 09:00:00,41.98,90.76,52.88,29.04
2020-11-07 10:00:00,48.59,90.76,47.04,31.43
2020-11-07 11:00:00,47.57,90.76,41.3,33.33
2020-11-07 12:00:00,47.61,90.76,39.24,34.96
2020-11-07 13:00:00,51.19,90.76,39.68,36.16
2020-11-07 14:00:00,42.94,90.76,43.59,36.75
2020-11-07 15:00:00,34.77,90.76,49.02,35.58
2020-11-07 16:00:00,34.13,90.76,53.53,33.64
2020-11-07 17:00:00,31.73,90.76,63.8,32.36
2020-11-07 18:00:00,34.03,90.76,70.94,31.04
2020-11-07 19:00:00,34.66,90.76,74.09,29.95
2020-11-07 20:00:00,42.66,90.76,74.44,29.24
2020-11-07 21:00:00,46.78,90.76,72.39,29.07
2020-11-07 22:00:00,46.76,90.76,67.81,28.81
2020-11-07 23:00:00,60.26,90.76,66.29,28.43
2020-11-08 00:00:00,53.05,90.76,66.28,28.37
2020-11-08 01:00:00,52.2,90.76,66.04,27.54
2020-11-08 02:00:00,39.66,90.76,68.91,27.06
2020-11-08 03:00:00,53.54,90.76,69.07,26.66
2020-11-08 04:00:00,37.05,90.76,62.57,26.99
2020-11-08 05:00:00,35.45,90.76,56.97,27.68
2020-11-08 06:00:00,35.52,90.76,54.05,27.72
2020-11-08 07:00:00,37.06,90.76,52.49,27.87
2020-11-08 08:00:00,38.47,90.76,50.74,28.88
2020-11-08 09:00:00,38.19,90.76,49.25,30.46
2020-11-08 10:00:00,40.87,90.76,46.13,32.16
2020-11-08 11:00:00,44.5,90.76,42.9,33.82
2020-11-08 12:00:00,42.72,90.76,40.54,35.15
2020-11-08 13:00:00,36.64,90.76,40.18,36.16
2020-11-08 14:00:00,32.47,90.76,39.49,37.02
2020-11-08 15:00:00,39.57,90.76,42.2,36.54
2020-11-08 16:00:00,37.03,90.76,51.43,34.61
2020-11-08 17:00:00,32.85,90.76,57.1,32.69
2020-11-08 18:00:00,38.73,90.76,60.3,31.28
2020-11-08 19:00:00,45.91,90.76,69.65,30.06
2020-11-08 20:00:00,41.11,90.76,73.6,29.51
2020-11-08 21:00:00,47.8,90.76,70.69,29.04
2020-11-08 22:00:00,50.37,90.76,70.6,28.95
2020-11-08 23:00:00,55.19,90.76,68.68,28.81
2020-11-09 00:00:00,79.6,90.76,69.23,27.81
2020-11-09 01:00:00,55.72,90.76,71.94,27.12
2020-11-09 02:00:00,50.04,90.76,71.54,26.84
2020-11-09 03:00:00,48.9,90.76,71.41,26.52
2020-11-09 04:00:00,47.66,90.76,68.68,26.63
2020-11-09 05:00:00,48.97,90.76,65.66,26.73
2020-11-09 06:00:00,48.95,90.76,65.84,26.38
2020-11-09 07:00:00,42.81,90.76,61.52,26.89
2020-11-09 08:00:00,65.56,90.76,58.24,28.2
2020-11-09 09:00:00,55.05,90.76,51.89,30.35
2020-11-09 10:00:00,55.15,90.76,44.16,32.66
2020-11-09 11:00:00,46.22,90.76,38.26,34.16
2020-11-09 12:00:00,46.21,90.76,35.49,35.36
2020-11-09 13:00:00,41.7,90.76,33.88,36.29
2020-11-09 14:00:00,23.83,90.76,32.56,36.44
2020-11-09 15:00:00,32.61,90.76,33.51,35.73
2020-11-09 16:00:00,27.72,90.76,35.88,34.69
2020-11-09 17:00:00,30.01,90.76,39.31,33.62
2020-11-09 18:00:00,28.23,90.76,45.56,31.84
2020-11-09 19:00:00,33.12,90.76,51.61,30.19
2020-11-09 20:00:00,37.55,90.76,59.94,29.39
2020-11-09 21:00:00,46.28,90.76,68.8,28.59
2020-11-09 22:00:00,48.67,90.76,68.49,27.87
2020-11-09 23:00:00,77.7,90.76,67.77,27.42
2020-11-10 00:00:00,63.91,90.76,65.49,27.45
2020-11-10 01:00:00,63.01,90.76,64.25,27.04
2020-11-10 02:00:00,53.64,90.76,65.95,26.23
2020-11-10 03:00:00,54.62,90.76,67.8,25.9
2020-11-10 04:00:00,49.2,90.76,73.92,24.64
2020-11-10 05:00:00,51.87,90.76,71.98,24.91
2020-11-10 06:00:00,50.21,90.76,67.17,25.39
2020-11-10 07:00:00,51.37,90.76,65.67,25.36
2020-11-10 08:00:00,47.42,90.76,61.18,26.61
2020-11-10 09:00:00,58.89,90.76,52.74,28.33
2020-11-10 10:00:00,49.73,90.76,44.22,30.85
2020-11-10 11:00:00,46.36,90.76,38.88,33.12
2020-11-10 12:00:00,42.99,90.76,33.69,34.29
2020-11-10 13:00:00,44.74,90.76,30.77,35.06
2020-11-10 14:00:00,42.98,90.76,28.54,35.72
2020-11-10 15:00:00,35.18,90.76,33.47,34.65
2020-11-10 16:00:00,38.43,90.76,43.98,32.61
2020-11-10 17:00:00,44.03,90.76,49.45,31.23
2020-11-10 18:00:00,30.32,90.76,63.01,30.11
2020-11-10 19:00:00,41.03,90.76,64.81,29.11
2020-11-10 20:00:00,35.8,90.76,63.53,28.38
2020-11-10 21:00:00,43.98,90.76,62.2,28.0
2020-11-10 22:00:00,48.53,90.76,59.52,27.46
2020-11-10 23:00:00,52.34,90.76,60.74,27.02
2020-11-11 00:00:00,66.16,90.76,62.13,26.86
2020-11-11 01:00:00,63.73,90.76,60.94,26.6
2020-11-11 02:00:00,60.38,90.76,60.54,26.18
2020-11-11 03:00:00,53.42,90.76,60.69,25.52
2020-11-11 04:00:00,50.86,90.76,61.46,24.72
2020-11-11 05:00:00,57.55,90.76,61.38,24.16
2020-11-11 06:00:00,60.3,90.76,60.62,23.42
2020-11-11 07:00:00,66.14,90.76,59.84,23.89
2020-11-11 08:00:00,76.0,90.76,55.87,25.83
2020-11-11 09:00:00,59.09,90.76,46.1,28.19
2020-11-11 10:00:00,53.01,90.76,37.94,30.19
2020-11-11 11:00:00,52.39,90.76,33.79,31.95
2020-11-11 12:00:00,35.14,90.76,28.98,33.39
2020-11-11 13:00:00,52.53,90.76,26.09,34.42
2020-11-11 14:00:00,57.16,90.76,25.04,34.84
2020-11-11 15:00:00,94.03,90.76,26.05,34.77
2020-11-11 16:00:00,75.15,90.76,28.52,33.59
2020-11-11 17:00:00,44.81,90.76,39.8,31.65
2020-11-11 18:00:00,33.32,90.76,55.02,29.5
2020-11-11 19:00:00,36.63,90.76,55.62,28.7
2020-11-11 20:00:00,61.33,90.76,58.2,27.85
2020-11-11 21:00:00,91.27,90.76,61.35,26.96
2020-11-11 22:00:00,74.33,90.76,59.67,26.94
2020-11-11 23:00:00,66.12,90.76,56.19,26.76
2020-11-12 00:00:00,57.53,90.76,51.89,26.2
2020-11-12 01:00:00,54.24,90.76,51.25,25.46
2020-11-12 02:00:00,48.66,90.76,47.94,25.51
2020-11-12 03:00:00,43.02,90.76,41.02,26.44
2020-11-12 04:00:00,43.71,90.76,41.65,26.0
2020-11-12 05:00:00,51.42,90.76,42.96,25.5
2020-11-12 06:00:00,50.0,90.76,44.54,25.08
2020-11-12 07:00:00,54.46,90.76,47.5,25.06
2020-11-12 08:00:00,62.34,90.76,47.34,26.14
2020-11-12 09:00:00,57.73,90.76,42.84,28.28
2020-11-12 10:00:00,55.97,90.76,39.44,30.32
2020-11-12 11:00:00,68.37,90.76,37.6,32.24
2020-11-12 12:00:00,53.14,90.76,34.32,33.82
2020-11-12 13:00:00,40.79,90.76,35.84,34.66
2020-11-12 14:00:00,35.64,90.76,42.3,34.44
2020-11-12 15:00:00,37.56,90.76,49.68,32.58
2020-11-12 16:00:00,48.35,90.76,57.16,31.14
2020-11-12 17:00:00,37.74,90.76,61.32,30.16
2020-11-12 18:00:00,41.04,90.76,64.46,28.94
2020-11-12 19:00:00,46.94,90.76,61.12,27.94
2020-11-12 20:00:00,49.19,90.76,56.6,27.5
2020-11-12 21:00:00,56.0,90.76,57.52,27.0
2020-11-12 22:00:00,56.4,90.76,59.96,26.3
2020-11-12 23:00:00,70.58,90.76,63.7,25.46
2020-11-13 00:00:00,64.96,90.76,66.34,24.82
2020-11-13 01:00:00,69.0,90.76,69.7,24.24
2020-11-13 02:00:00,62.21,90.76,71.58,23.96
2020-11-13 03:00:00,64.71,90.76,72.38,23.74
2020-11-13 04:00:00,60.29,90.76,72.76,23.42
2020-11-13 05:00:00,51.5,90.76,71.52,23.26
2020-11-13 06:00:00,50.09,90.76,69.38,23.32
2020-11-13 07:00:00,50.56,90.76,67.2,23.94
2020-11-13 08:00:00,49.52,90.76,62.08,26.32
2020-11-13 09:00:00,48.81,90.76,51.9,29.86
2020-11-13 10:00:00,39.62,90.76,48.02,32.22
2020-11-13 11:00:00,40.2,90.76,46.8,34.28
2020-11-13 12:00:00,35.64,90.76,48.1,35.38
2020-11-13 13:00:00,31.86,90.76,47.4,35.98
2020-11-13 14:00:00,28.91,90.76,50.32,35.82
2020-11-13 15:00:00,22.05,90.76,57.52,33.9
2020-11-13 16:00:00,20.95,90.76,61.92,32.36
2020-11-13 17:00:00,22.68,90.76,65.68,31.08
2020-11-13 18:00:00,27.43,90.76,67.7,30.36
2020-11-13 19:00:00,29.96,90.76,67.64,29.68
2020-11-13 20:00:00,40.73,90.76,68.28,28.96
2020-11-13 21:00:00,45.44,90.76,66.3,28.68
2020-11-13 22:00:00,39.88,90.76,63.86,28.36
2020-11-13 23:00:00,48.19,90.76,66.36,27.46
2020-11-14 00:00:00,43.95,90.76,69.3,26.9
2020-11-14 01:00:00,47.71416666666667,90.76,73.08,26.44
2020-11-14 02:00:00,51.47833333333334,90.76,75.62,26.04
2020-11-14 03:00:00,55.2425,90.76,77.12,25.68
2020-11-14 04:00:00,59.00666666666667,90.76,77.42,25.42
2020-11-14 05:00:00,62.770833333333336,90.76,77.68,25.22
2020-11-14 06:00:00,66.535,90.76,76.38,25.46
2020-11-14 07:00:00,70.29916666666666,90.76,72.52,26.61
2020-11-14 08:00:00,74.06333333333333,90.76,67.18,28.55
2020-11-14 09:00:00,77.8275,90.76,63.48,30.87
2020-11-14 10:00:00,81.59166666666667,90.76,60.09,33.09
2020-11-14 11:00:00,85.35583333333332,90.76,52.59,35.27
2020-11-14 12:00:00,89.12,90.76,48.91,36.3
2020-11-14 13:00:00,92.88416666666666,90.76,49.34,36.19
2020-11-14 14:00:00,96.64833333333333,90.76,52.87,35.39
2020-11-14 15:00:00,100.4125,90.76,55.23,34.73
2020-11-14 16:00:00,104.17666666666666,90.76,60.7,33.43
2020-11-14 17:00:00,107.94083333333333,90.76,68.89,31.69
2020-11-14 18:00:00,111.705,90.76,72.87,30.59
2020-11-14 19:00:00,115.46916666666667,90.76,73.59,30.18
2020-11-14 20:00:00,119.23333333333333,90.76,72.72,29.71
2020-11-14 21:00:00,122.99749999999999,90.76,72.34,29.26
2020-11-14 22:00:00,126.76166666666666,90.76,74.23,28.91
2020-11-14 23:00:00,130.5258333333333,90.76,76.53,28.34
2020-11-15 00:00:00,134.29,90.76,76.61,27.94
2020-11-15 01:00:00,129.29,90.76,78.19,27.49
2020-11-15 02:00:00,115.8,90.76,80.5,27.16
2020-11-15 03:00:00,108.37,90.76,82.64,26.86
2020-11-15 04:00:00,88.21,90.76,83.2,26.42
2020-11-15 05:00:00,61.3,90.76,83.91,26.26
2020-11-15 06:00:00,55.93,90.76,83.65,26.4
2020-11-15 07:00:00,52.97,90.76,81.87,26.98
2020-11-15 08:00:00,39.17,90.76,75.83,28.57
2020-11-15 09:00:00,33.45,90.76,65.14,31.23
2020-11-15 10:00:00,36.65,90.76,59.22,33.21
2020-11-15 11:00:00,30.7,90.76,54.83,34.75
2020-11-15 12:00:00,26.7,90.76,54.52,35.45
2020-11-15 13:00:00,28.34,90.76,59.43,34.61
2020-11-15 14:00:00,23.97,90.76,61.12,34.18
2020-11-15 15:00:00,20.34,90.76,62.37,33.87
2020-11-15 16:00:00,21.92,90.76,65.77,32.39
2020-11-15 17:00:00,29.69,90.76,72.79,31.44
2020-11-15 18:00:00,29.24,90.76,78.04,30.61
2020-11-15 19:00:00,31.63,90.76,74.88,30.2
2020-11-15 20:00:00,52.55,90.76,72.26,29.84
2020-11-15 21:00:00,72.07,90.76,73.36,29.54
2020-11-15 22:00:00,76.73,90.76,72.62,29.57
2020-11-15 23:00:00,80.57,90.76,72.63,29.43
2020-11-16 00:00:00,60.3,90.76,69.65,29.73
2020-11-16 01:00:00,49.49,90.76,70.38,28.97
2020-11-16 02:00:00,39.76,90.76,72.64,27.99
2020-11-16 03:00:00,37.54,90.76,77.83,27.54
2020-11-16 04:00:00,43.44,90.76,83.32,27.3
2020-11-16 05:00:00,36.59,90.76,80.23,27.05
2020-11-16 06:00:00,37.38,90.76,79.67,26.62
2020-11-16 07:00:00,37.41,90.76,80.13,26.86
2020-11-16 08:00:00,46.52,90.76,74.45,28.61
2020-11-16 09:00:00,41.09,90.76,63.82,31.37
2020-11-16 10:00:00,43.08,90.76,57.39,33.16
2020-11-16 11:00:00,33.7,90.76,51.64,34.63
2020-11-16 12:00:00,27.42,90.76,46.49,36.16
2020-11-16 13:00:00,34.38,90.76,48.34,36.4
2020-11-16 14:00:00,22.96,90.76,55.27,35.67
2020-11-16 15:00:00,46.84,90.76,60.0,34.11
2020-11-16 16:00:00,13.72,90.76,65.59,32.82
2020-11-16 17:00:00,56.0,90.76,72.33,31.67
2020-11-16 18:00:00,58.33,90.76,71.58,31.12
2020-11-16 19:00:00,50.35,90.76,69.34,30.59
2020-11-16 20:00:00,64.16,90.76,71.48,29.88
2020-11-16 21:00:00,89.1,90.76,72.76,29.66
2020-11-16 22:00:00,132.96,90.76,73.53,29.44
2020-11-16 23:00:00,141.45,90.76,74.17,29.04
2020-11-17 00:00:00,107.69,90.76,74.49,28.63
2020-11-17 01:00:00,3.35,90.76,76.15,28.19
2020-11-17 02:00:00,7.910769230769231,90.76,77.66,27.65
2020-11-17 03:00:00,12.471538461538461,90.76,78.15,27.13
2020-11-17 04:00:00,17.032307692307693,90.76,78.79,26.94
2020-11-17 05:00:00,21.593076923076925,90.76,78.91,26.84
2020-11-17 06:00:00,26.153846153846157,90.76,79.32,26.64
2020-11-17 07:00:00,30.714615384615385,90.76,78.16,26.95
2020-11-17 08:00:00,35.27538461538462,90.76,70.56,28.7
2020-11-17 09:00:00,39.83615384615385,90.76,60.27,31.81
2020-11-17 10:00:00,44.39692307692308,90.76,54.16,33.64
2020-11-17 11:00:00,48.95769230769231,90.76,52.45,34.66
2020-11-17 12:00:00,53.518461538461544,90.76,48.95,36.05
2020-11-17 13:00:00,58.07923076923077,90.76,51.98,36.41
2020-11-17 14:00:00,62.64,90.76,59.81,35.47
2020-11-17 15:00:00,84.29,90.76,63.09,34.12
2020-11-17 16:00:00,62.15,90.76,65.38,32.97
2020-11-17 17:00:00,53.33,90.76,64.75,32.21
2020-11-17 18:00:00,46.78,90.76,65.74,31.39
2020-11-17 19:00:00,46.41,90.76,68.39,30.59
2020-11-17 20:00:00,50.39,90.76,69.99,29.97
2020-11-17 21:00:00,57.78,90.76,73.34,29.29
2020-11-17 22:00:00,62.57,90.76,76.69,28.79
2020-11-17 23:00:00,66.23,90.76,77.48,28.62
2020-11-18 00:00:00,50.45,90.76,77.3,28.63
2020-11-18 01:00:00,48.96266666666667,90.76,78.3,28.32
2020-11-18 02:00:00,47.47533333333334,90.76,79.04,27.99
2020-11-18 03:00:00,45.988,90.76,80.59,27.57
2020-11-18 04:00:00,44.50066666666667,90.76,82.04,27.27
2020-11-18 05:00:00,43.013333333333335,90.76,81.33,26.81
2020-11-18 06:00:00,41.526,90.76,80.24,26.4
2020-11-18 07:00:00,40.03866666666667,90.76,78.72,27.06
2020-11-18 08:00:00,38.55133333333333,90.76,69.98,28.78
2020-11-18 09:00:00,37.064,90.76,63.01,30.77
2020-11-18 10:00:00,35.57666666666667,90.76,58.21,32.96
2020-11-18 11:00:00,34.089333333333336,90.76,53.58,35.05
2020-11-18 12:00:00,32.602000000000004,90.76,54.85,35.77
2020-11-18 13:00:00,31.11466666666667,90.76,59.81,34.96
2020-11-18 14:00:00,29.627333333333336,90.76,60.36,34.25
2020-11-18 15:00:00,28.14,90.76,62.17,33.23
2020-11-18 16:00:00,172.69,90.76,65.92,32.01
2020-11-18 17:00:00,122.74,90.76,68.25,31.35
2020-11-18 18:00:00,56.47,90.76,70.3,30.66
2020-11-18 19:00:00,48.59,90.76,72.95,29.95
2020-11-18 20:00:00,37.45,90.76,73.91,29.35
2020-11-18 21:00:00,36.51,90.76,73.05,28.91
2020-11-18 22:00:00,43.83,90.76,72.78,29.09
2020-11-18 23:00:00,44.12,90.76,72.36,29.33
2020-11-19 00:00:00,49.22,90.76,73.62,29.14
2020-11-19 01:00:00,37.89,90.76,73.33,29.16
2020-11-19 02:00:00,36.29,90.76,71.99,28.73
2020-11-19 03:00:00,36.75,90.76,73.86,27.95
2020-11-19 04:00:00,34.94,90.76,75.61,27.68
2020-11-19 05:00:00,35.64,90.76,75.12,27.76
2020-11-19 06:00:00,40.08,90.76,76.08,27.57
2020-11-19 07:00:00,43.51,90.76,78.93,27.65
2020-11-19 08:00:00,47.19,90.76,78.17,28.33
2020-11-19 09:00:00,42.16,90.76,70.88,29.72
2020-11-19 10:00:00,43.87,90.76,65.84,31.66
2020-11-19 11:00:00,43.22,90.76,65.28,32.47
2020-11-19 12:00:00,43.95,90.76,63.69,32.59
2020-11-19 13:00:00,31.45,90.76,62.7,32.66
2020-11-19 14:00:00,37.89,90.76,61.99,32.53
2020-11-19 15:00:00,33.24,90.76,62.04,32.29
2020-11-19 16:00:00,31.69,90.76,63.79,31.22
2020-11-19 17:00:00,33.0,90.76,63.16,30.77
2020-11-19 18:00:00,33.36,90.76,62.99,29.68
2020-11-19 19:00:00,36.31,90.76,65.09,28.63
2020-11-19 20:00:00,37.21,90.76,65.12,28.27
2020-11-19 21:00:00,46.82,90.76,65.22,27.93
2020-11-19 22:00:00,40.76,90.76,66.39,27.57
2020-11-19 23:00:00,46.71,90.76,67.34,27.19
2020-11-20 00:00:00,44.45,90.76,68.72,26.81
2020-11-20 01:00:00,42.7,90.76,70.1,26.74
2020-11-20 02:00:00,42.12,90.76,71.05,26.46
2020-11-20 03:00:00,29.65,90.76,70.34,25.83
2020-11-20 04:00:00,33.15,90.76,68.86,25.77
2020-11-20 05:00:00,24.51,90.76,65.46,26.42
2020-11-20 06:00:00,35.37,90.76,63.14,26.54
2020-11-20 07:00:00,36.08,90.76,66.83,26.24
2020-11-20 08:00:00,26.31,90.76,63.48,27.88
2020-11-20 09:00:00,29.52,90.76,56.77,30.39
2020-11-20 10:00:00,28.08,90.76,54.7,32.32
2020-11-20 11:00:00,36.51,90.76,55.08,33.05
2020-11-20 12:00:00,35.13,90.76,57.44,32.87
2020-11-20 13:00:00,32.8,90.76,57.64,33.14
2020-11-20 14:00:00,22.58,90.76,57.8,32.9
2020-11-20 15:00:00,22.62,90.76,58.54,32.2
2020-11-20 16:00:00,28.12,90.76,58.94,31.55
2020-11-20 17:00:00,24.6,90.76,59.78,30.69
2020-11-20 18:00:00,28.27,90.76,60.89,29.74
2020-11-20 19:00:00,34.29,90.76,64.61,28.98
2020-11-20 20:00:00,40.75,90.76,67.97,28.31
2020-11-20 21:00:00,42.59,90.76,67.22,28.12
2020-11-20 22:00:00,52.44,90.76,68.54,27.74
2020-11-20 23:00:00,47.91,90.76,71.28,27.1
2020-11-21 00:00:00,49.27,90.76,73.7,26.45
2020-11-21 01:00:00,51.78,90.76,74.59,26.02
2020-11-21 02:00:00,59.29,90.76,75.35,25.81
2020-11-21 03:00:00,46.62,90.76,75.57,25.62
2020-11-21 04:00:00,38.97,90.76,74.74,25.24
2020-11-21 05:00:00,43.23,90.76,75.52,24.81
2020-11-21 06:00:00,28.37,90.76,74.41,24.57
2020-11-21 07:00:00,39.68,90.76,74.32,24.57
2020-11-21 08:00:00,35.09,90.76,69.72,26.66
2020-11-21 09:00:00,34.52,90.76,59.23,30.3
2020-11-21 10:00:00,41.05,90.76,53.82,32.26
2020-11-21 11:00:00,37.04,90.76,53.78,32.94
2020-11-21 12:00:00,34.84,90.76,55.99,32.74
2020-11-21 13:00:00,28.8,90.76,56.06,32.57
2020-11-21 14:00:00,20.64,90.76,57.73,32.76
2020-11-21 15:00:00,8.46,90.76,61.22,32.02
2020-11-21 16:00:00,7.8725000000000005,90.76,65.9,30.76
2020-11-21 17:00:00,7.285,90.76,67.74,30.05
2020-11-21 18:00:00,6.697500000000001,90.76,71.91,29.32
2020-11-21 19:00:00,6.11,90.76,77.68,28.33
2020-11-21 20:00:00,16.05,90.76,78.73,27.78
2020-11-21 21:00:00,32.0,90.76,75.44,27.77
2020-11-21 22:00:00,32.57,90.76,73.5,27.34
2020-11-21 23:00:00,21.55,90.76,78.08,26.83
2020-11-22 00:00:00,20.25,90.76,80.68,26.3
2020-11-22 01:00:00,36.59,90.76,82.19,25.6
2020-11-22 02:00:00,38.05,90.76,82.03,25.03
2020-11-22 03:00:00,43.98,90.76,81.77,24.67
2020-11-22 04:00:00,47.87,90.76,82.01,24.37
2020-11-22 05:00:00,44.67,90.76,82.54,24.16
2020-11-22 06:00:00,35.5,90.76,79.23,24.57
2020-11-22 07:00:00,44.61,90.76,78.11,24.86
2020-11-22 08:00:00,39.45,90.76,75.85,26.2
2020-11-22 09:00:00,25.59,90.76,66.9,29.41
2020-11-22 10:00:00,31.3,90.76,60.86,31.7
2020-11-22 11:00:00,35.16,90.76,57.75,33.98
2020-11-22 12:00:00,24.19,90.76,61.21,34.04
2020-11-22 13:00:00,16.76,90.76,62.14,32.64
2020-11-22 14:00:00,12.69,90.76,61.44,32.25
2020-11-22 15:00:00,20.19,90.76,62.48,32.07
2020-11-22 16:00:00,20.37,90.76,65.42,31.3
2020-11-22 17:00:00,23.62,90.76,69.48,29.94
2020-11-22 18:00:00,12.37,90.76,72.3,28.98
2020-11-22 19:00:00,15.47,90.76,72.44,28.48
2020-11-22 20:00:00,15.84,90.76,72.44,27.81
2020-11-22 21:00:00,26.99,90.76,73.88,27.04
2020-11-22 22:00:00,37.13,90.76,77.77,26.48
2020-11-22 23:00:00,41.28,90.76,82.74,26.03
2020-11-23 00:00:00,33.85,90.76,84.93,25.71
2020-11-23 01:00:00,19.66,90.76,85.01,25.34
2020-11-23 02:00:00,22.06,90.76,84.26,24.74
2020-11-23 03:00:00,23.51,90.76,84.08,24.36
2020-11-23 04:00:00,22.32,90.76,85.17,24.13
2020-11-23 05:00:00,35.73,90.76,86.25,23.98
2020-11-23 06:00:00,25.98,90.76,87.87,23.8
2020-11-23 07:00:00,25.07,90.76,87.17,23.74
2020-11-23 08:00:00,20.0,90.76,78.25,25.95
2020-11-23 09:00:00,13.24,90.76,63.52,29.84
2020-11-23 10:00:00,22.42,90.76,52.84,32.88
2020-11-23 11:00:00,29.68,90.76,49.98,34.11
2020-11-23 12:00:00,4.13,90.76,46.78,33.91
2020-11-23 13:00:00,0.99,90.76,35.3,34.23
2020-11-23 14:00:00,4.85,90.76,31.33,34.58
2020-11-23 15:00:00,0.99,90.76,33.18,33.66
2020-11-23 16:00:00,4.31,90.76,35.2,32.11
2020-11-23 17:00:00,9.18,90.76,39.02,30.86
2020-11-23 18:00:00,12.59,90.76,47.45,29.8
2020-11-23 19:00:00,14.35,90.76,55.12,28.7
2020-11-23 20:00:00,17.54,90.76,59.99,28.13
2020-11-23 21:00:00,17.38,90.76,64.35,27.56
2020-11-23 22:00:00,19.36,90.76,68.36,26.84
2020-11-23 23:00:00,19.23,90.76,70.06,26.16
2020-11-24 00:00:00,17.7,90.76,72.0,25.44
2020-11-24 01:00:00,29.07,90.76,74.97,24.93
2020-11-24 02:00:00,23.44,90.76,78.25,24.57
2020-11-24 03:00:00,27.03,90.76,80.11,24.31
2020-11-24 04:00:00,23.99,90.76,80.13,24.16
2020-11-24 05:00:00,21.47,90.76,79.44,24.05
2020-11-24 06:00:00,23.13,90.76,78.3,24.17
2020-11-24 07:00:00,11.25,90.76,75.05,24.7
2020-11-24 08:00:00,19.31,90.76,67.66,25.96
2020-11-24 09:00:00,12.48,90.76,59.23,28.26
2020-11-24 10:00:00,17.8,90.76,49.97,30.88
2020-11-24 11:00:00,23.3,90.76,49.44,31.69
2020-11-24 12:00:00,11.82,90.76,52.52,31.72
2020-11-24 13:00:00,16.71,90.76,49.28,32.97
2020-11-24 14:00:00,7.51,90.76,48.73,33.11
2020-11-24 15:00:00,5.25,90.76,48.12,32.3
2020-11-24 16:00:00,13.74,90.76,48.61,30.79
2020-11-24 17:00:00,5.92,90.76,52.5,29.78
2020-11-24 18:00:00,14.08,90.76,54.35,29.02
2020-11-24 19:00:00,20.04,90.76,59.05,28.09
2020-11-24 20:00:00,24.17,90.76,67.08,27.61
2020-11-24 21:00:00,23.39,90.76,68.53,27.37
2020-11-24 22:00:00,28.54,90.76,69.4,27.11
2020-11-24 23:00:00,22.48,90.76,69.32,26.95
2020-11-25 00:00:00,22.83,90.76,68.61,26.64
2020-11-25 01:00:00,23.44,90.76,69.02,26.43
2020-11-25 02:00:00,24.0,90.76,71.95,26.16
2020-11-25 03:00:00,23.08,90.76,74.68,25.64
2020-11-25 04:00:00,20.85,90.76,75.35,25.57
2020-11-25 05:00:00,18.78,90.76,77.12,25.23
2020-11-25 06:00:00,11.12,90.76,77.88,24.78
2020-11-25 07:00:00,19.93,90.76,77.09,24.76
2020-11-25 08:00:00,21.99,90.76,73.39,26.09
2020-11-25 09:00:00,10.9,90.76,64.38,28.87
2020-11-25 10:00:00,23.05,90.76,56.38,31.36
2020-11-25 11:00:00,22.36,90.76,57.95,32.27
2020-11-25 12:00:00,16.96,90.76,59.03,33.06
2020-11-25 13:00:00,13.06,90.76,57.98,33.28
2020-11-25 14:00:00,14.43,90.76,60.97,32.21
2020-11-25 15:00:00,24.34,90.76,63.32,31.31
2020-11-25 16:00:00,22.15,90.76,62.88,30.5
2020-11-25 17:00:00,17.04,90.76,59.99,29.88
2020-11-25 18:00:00,14.48,90.76,60.62,29.12
2020-11-25 19:00:00,16.57,90.76,62.7,28.32
2020-11-25 20:00:00,18.64,90.76,64.85,27.71
2020-11-25 21:00:00,36.7,90.76,71.28,26.94
2020-11-25 22:00:00,19.94,90.76,72.74,26.47
2020-11-25 23:00:00,28.74,90.76,69.96,26.12
2020-11-26 00:00:00,28.26,90.76,72.87,25.73
2020-11-26 01:00:00,33.63,90.76,79.08,25.41
2020-11-26 02:00:00,18.45,90.76,81.59,25.26
2020-11-26 03:00:00,14.76,90.76,78.4,24.94
2020-11-26 04:00:00,17.47,90.76,75.96,25.0
2020-11-26 05:00:00,22.14,90.76,76.33,24.97
2020-11-26 06:00:00,10.65,90.76,79.39,24.3
2020-11-26 07:00:00,14.63,90.76,80.51,24.3
2020-11-26 08:00:00,19.06,90.76,76.44,25.92
2020-11-26 09:00:00,16.21,90.76,66.13,29.01
2020-11-26 10:00:00,10.46,90.76,55.91,31.31
2020-11-26 11:00:00,19.42,90.76,44.02,33.21
2020-11-26 12:00:00,32.02,90.76,37.69,34.39
2020-11-26 13:00:00,15.62,90.76,36.99,34.99
2020-11-26 14:00:00,35.4,90.76,45.0,34.0
2020-11-26 15:00:00,29.74,90.76,55.28,32.07
2020-11-26 16:00:00,30.56,90.76,59.41,30.91
2020-11-26 17:00:00,16.86,90.76,64.22,29.86
2020-11-26 18:00:00,27.43,90.76,68.08,29.04
2020-11-26 19:00:00,5.24,90.76,71.19,28.7
2020-11-26 20:00:00,12.51,90.76,67.4,28.57
2020-11-26 21:00:00,13.33,90.76,66.97,28.05
2020-11-26 22:00:00,24.81,90.76,68.99,27.29
2020-11-26 23:00:00,15.33,90.76,70.09,26.55
2020-11-27 00:00:00,10.96,90.76,69.81,25.84
2020-11-27 01:00:00,9.87,90.76,68.91,25.28
2020-11-27 02:00:00,6.07,90.76,70.55,24.69
2020-11-27 03:00:00,18.94,90.76,74.31,24.04
2020-11-27 04:00:00,0.18,90.76,68.71,24.27
2020-11-27 05:00:00,8.78,90.76,57.66,25.22
2020-11-27 06:00:00,4.43,90.76,54.05,25.45
2020-11-27 07:00:00,7.86,90.76,50.86,25.93
2020-11-27 08:00:00,7.98,90.76,46.55,27.57
2020-11-27 09:00:00,14.72,90.76,44.7,29.37
2020-11-27 10:00:00,12.54,90.76,44.13,30.62
2020-11-27 11:00:00,15.57,90.76,43.09,32.13
2020-11-27 12:00:00,1.18,90.76,41.12,33.46
2020-11-27 13:00:00,6.28,90.76,37.08,34.33
2020-11-27 14:00:00,2.1,90.76,34.72,34.95
2020-11-27 15:00:00,3.92,90.76,35.3,34.81
2020-11-27 16:00:00,12.21,90.76,43.38,34.04
2020-11-27 17:00:00,20.32,90.76,54.25,32.02
2020-11-27 18:00:00,7.46,90.76,49.28,30.76
2020-11-27 19:00:00,11.52,90.76,42.39,30.53
2020-11-27 20:00:00,11.32,90.76,43.94,29.62
2020-11-27 21:00:00,10.67,90.76,42.93,29.27
2020-11-27 22:00:00,11.48,90.76,42.4,29.01
2020-11-27 23:00:00,7.14,90.76,44.82,28.19
2020-11-28 00:00:00,15.93,90.76,45.62,27.52
2020-11-28 01:00:00,3.39,90.76,46.0,27.31
2020-11-28 02:00:00,10.74,90.76,48.09,26.61
2020-11-28 03:00:00,17.3,90.76,48.33,26.54
2020-11-28 04:00:00,9.27,90.76,49.79,26.46
2020-11-28 05:00:00,11.62,90.76,51.62,26.3
2020-11-28 06:00:00,12.0,90.76,52.03,26.43
2020-11-28 07:00:00,5.91,90.76,53.36,26.64
2020-11-28 08:00:00,14.34,90.76,53.86,26.92
2020-11-28 09:00:00,6.86,90.76,51.01,28.27
2020-11-28 10:00:00,4.16,90.76,47.66,30.09
2020-11-28 11:00:00,2.49,90.76,46.06,30.83
2020-11-28 12:00:00,7.01,90.76,46.44,31.18
2020-11-28 13:00:00,3.5,90.76,46.24,32.02
2020-11-28 14:00:00,4.1,90.76,44.45,33.29
2020-11-28 15:00:00,4.37,90.76,45.8,32.97
2020-11-28 16:00:00,4.87,90.76,48.89,31.93
2020-11-28 17:00:00,18.15,90.76,58.38,30.86
2020-11-28 18:00:00,13.263333333333332,90.76,70.81,29.16
2020-11-28 19:00:00,8.376666666666667,90.76,71.43,29.0
2020-11-28 20:00:00,3.49,90.76,70.61,29.13
2020-11-28 21:00:00,4.61,90.76,68.75,29.56
2020-11-28 22:00:00,7.22,90.76,65.87,29.81
2020-11-28 23:00:00,1.76,90.76,64.78,29.48
2020-11-29 00:00:00,0.38,90.76,64.97,29.2
2020-11-29 01:00:00,2.87,90.76,64.92,28.8
2020-11-29 02:00:00,0.68,90.76,64.63,28.48
2020-11-29 03:00:00,0.66,90.76,63.56,28.48
2020-11-29 04:00:00,0.64,90.76,66.3,27.62
2020-11-29 05:00:00,5.23,90.76,70.45,26.63
2020-11-29 06:00:00,12.34,90.76,73.46,26.12
2020-11-29 07:00:00,0.52,90.76,74.64,26.16
2020-11-29 08:00:00,0.14,90.76,67.88,28.1
2020-11-29 09:00:00,5.31,90.76,59.62,30.5
2020-11-29 10:00:00,4.42,90.76,57.02,31.4
2020-11-29 11:00:00,0.73,90.76,52.1,32.97
2020-11-29 12:00:00,1.27,90.76,47.17,34.66
2020-11-29 13:00:00,2.01,90.76,47.35,34.92
2020-11-29 14:00:00,6.39,90.76,53.5,34.03
2020-11-29 15:00:00,1.55,90.76,58.14,32.66
2020-11-29 16:00:00,1.6,90.76,58.0,31.41
2020-11-29 17:00:00,4.91,90.76,61.35,30.3
2020-11-29 18:00:00,8.12,90.76,66.17,29.26
2020-11-29 19:00:00,7.29,90.76,68.84,28.64
2020-11-29 20:00:00,4.17,90.76,69.18,28.48
2020-11-29 21:00:00,1.05,90.76,69.56,28.2
2020-11-29 22:00:00,1.0768840579710146,90.76,68.97641025641026,28.42051282051282
2020-11-29 23:00:00,1.103768115942029,90.76,68.39282051282052,28.64102564102564
2020-11-30 00:00:00,1.1306521739130435,90.76,67.80923076923077,28.861538461538462
2020-11-30 01:00:00,1.157536231884058,90.76,67.22564102564102,29.08205128205128
2020-11-30 02:00:00,1.1844202898550726,90.76,66.64205128205128,29.3025641025641
2020-11-30 03:00:00,1.211304347826087,90.76,66.05846153846154,29.52307692307692
2020-11-30 04:00:00,1.2381884057971015,90.76,65.4748717948718,29.74358974358974
2020-11-30 05:00:00,1.2650724637681159,90.76,64.89128205128205,29.964102564102564
2020-11-30 06:00:00,1.2919565217391304,90.76,64.3076923076923,30.184615384615384
2020-11-30 07:00:00,1.318840579710145,90.76,63.724102564102566,30.405128205128204
2020-11-30 08:00:00,1.3457246376811596,90.76,63.140512820512825,30.625641025641023
2020-11-30 09:00:00,1.372608695652174,90.76,62.55692307692308,30.846153846153847
2020-11-30 10:00:00,1.3994927536231885,90.76,61.973333333333336,31.066666666666666
2020-11-30 11:00:00,1.4263768115942028,90.76,61.38974358974359,31.287179487179486
2020-11-30 12:00:00,1.4532608695652174,90.76,60.80615384615385,31.507692307692306
2020-11-30 13:00:00,1.480144927536232,90.76,60.22256410256411,31.728205128205126
2020-11-30 14:00:00,1.5070289855072465,90.76,59.63897435897436,31.94871794871795
2020-11-30 15:00:00,1.533913043478261,90.76,59.05538461538462,32.169230769230765
2020-11-30 16:00:00,1.5607971014492754,90.76,58.47179487179487,32.38974358974359
2020-11-30 17:00:00,1.58768115942029,90.76,57.88820512820513,32.61025641025641
2020-11-30 18:00:00,1.6145652173913043,90.76,57.30461538461539,32.83076923076923
2020-11-30 19:00:00,1.6414492753623189,90.76,56.72102564102564,33.05128205128205
2020-11-30 20:00:00,1.6683333333333334,90.76,56.1374358974359,33.27179487179487
2020-11-30 21:00:00,1.695217391304348,90.76,55.55384615384615,33.49230769230769
2020-11-30 22:00:00,1.7221014492753624,90.76,54.97025641025641,33.712820512820514
2020-11-30 23:00:00,1.748985507246377,90.76,54.38666666666667,33.93333333333333
2020-12-01 00:00:00,1.7758695652173913,90.76,53.80307692307692,34.15384615384615
2020-12-01 01:00:00,1.8027536231884058,90.76,53.219487179487174,34.37435897435897
2020-12-01 02:00:00,1.8296376811594204,90.76,52.635897435897434,34.59487179487179
2020-12-01 03:00:00,1.856521739130435,90.76,52.05230769230769,34.815384615384616
2020-12-01 04:00:00,1.8834057971014495,90.76,51.46871794871795,35.03589743589743
2020-12-01 05:00:00,1.9102898550724638,90.76,50.885128205128204,35.256410256410255
2020-12-01 06:00:00,1.9371739130434782,90.76,50.301538461538456,35.47692307692307
2020-12-01 07:00:00,1.9640579710144928,90.76,49.717948717948715,35.697435897435895
2020-12-01 08:00:00,1.9909420289855073,90.76,49.134358974358975,35.91794871794872
2020-12-01 09:00:00,2.017826086956522,90.76,48.550769230769234,36.138461538461534
2020-12-01 10:00:00,2.0447101449275364,90.76,47.967179487179486,36.35897435897436
2020-12-01 11:00:00,2.0715942028985506,90.76,47.38358974358974,36.579487179487174
2020-12-01 12:00:00,2.098478260869565,90.76,46.8,36.8
2020-12-01 13:00:00,2.1253623188405797,90.76,53.23,35.95
2020-12-01 14:00:00,2.1522463768115943,90.76,62.45,34.63
2020-12-01 15:00:00,2.179130434782609,90.76,66.44,33.85
2020-12-01 16:00:00,2.2060144927536234,90.76,71.78,32.4
2020-12-01 17:00:00,2.232898550724638,90.76,74.26,30.89
2020-12-01 18:00:00,2.2597826086956525,90.76,73.28,30.09
2020-12-01 19:00:00,2.286666666666667,90.76,69.98,29.88
2020-12-01 20:00:00,2.313550724637681,90.76,65.14,29.92
2020-12-01 21:00:00,2.3404347826086958,90.76,63.28,29.7
2020-12-01 22:00:00,2.3673188405797103,90.76,66.41,29.34
2020-12-01 23:00:00,2.3942028985507244,90.76,72.91,28.54
2020-12-02 00:00:00,2.421086956521739,90.76,76.05,27.88
2020-12-02 01:00:00,2.4479710144927536,90.76,76.47,27.55
2020-12-02 02:00:00,2.474855072463768,90.76,77.47,27.32
2020-12-02 03:00:00,2.5017391304347827,90.76,79.22,27.05
2020-12-02 04:00:00,2.5286231884057973,90.76,79.73,27.05
2020-12-02 05:00:00,2.555507246376812,90.76,78.69,27.1
2020-12-02 06:00:00,2.5823913043478264,90.76,77.88,27.01
2020-12-02 07:00:00,2.609275362318841,90.76,77.71,27.08
2020-12-02 08:00:00,2.6361594202898555,90.76,74.27,28.03
2020-12-02 09:00:00,2.6630434782608696,90.76,68.78,29.67
2020-12-02 10:00:00,2.689927536231884,90.76,62.89,31.69
2020-12-02 11:00:00,2.7168115942028987,90.76,55.75,33.59
2020-12-02 12:00:00,2.743695652173913,90.76,50.16,34.48
2020-12-02 13:00:00,2.7705797101449274,90.76,54.09,34.56
2020-12-02 14:00:00,2.797463768115942,90.76,59.2,34.08
2020-12-02 15:00:00,2.8243478260869566,90.76,61.29,33.02
2020-12-02 16:00:00,2.851231884057971,90.76,67.5,31.61
2020-12-02 17:00:00,2.8781159420289857,90.76,69.91,30.58
2020-12-02 18:00:00,2.9050000000000002,90.76,68.86,29.92
2020-12-02 19:00:00,2.931884057971015,90.76,72.17,29.23
2020-12-02 20:00:00,2.9587681159420294,90.76,76.65,28.39
2020-12-02 21:00:00,2.985652173913044,90.76,77.58,27.4
2020-12-02 22:00:00,3.012536231884058,90.76,77.02,26.71
2020-12-02 23:00:00,3.0394202898550726,90.76,77.75,26.51
2020-12-03 00:00:00,3.0663043478260867,90.76,78.85,26.4
2020-12-03 01:00:00,3.0931884057971013,90.76,74.43,26.63
2020-12-03 02:00:00,3.120072463768116,90.76,71.71,26.08
2020-12-03 03:00:00,3.1469565217391304,90.76,74.79,24.92
2020-12-03 04:00:00,3.173840579710145,90.76,68.16,25.52
2020-12-03 05:00:00,3.2007246376811596,90.76,60.92,26.5
2020-12-03 06:00:00,3.227608695652174,90.76,63.72,26.23
2020-12-03 07:00:00,3.2544927536231887,90.76,65.99,25.9
2020-12-03 08:00:00,3.2813768115942032,90.76,63.41,27.08
2020-12-03 09:00:00,3.308260869565218,90.76,57.24,29.5
2020-12-03 10:00:00,3.3351449275362324,90.76,48.6,31.52
2020-12-03 11:00:00,3.362028985507247,90.76,40.4,33.45
2020-12-03 12:00:00,3.3889130434782606,90.76,37.31,35.1
2020-12-03 13:00:00,3.415797101449275,90.76,42.48,35.15
2020-12-03 14:00:00,3.4426811594202897,90.76,49.55,33.86
2020-12-03 15:00:00,3.4695652173913043,90.76,51.65,32.92
2020-12-03 16:00:00,3.496449275362319,90.76,56.92,31.88
2020-12-03 17:00:00,3.5233333333333334,90.76,60.07,30.4
2020-12-03 18:00:00,3.550217391304348,90.76,60.3,29.48
2020-12-03 19:00:00,3.5771014492753626,90.76,62.49,28.92
2020-12-03 20:00:00,3.603985507246377,90.76,65.58,28.47
2020-12-03 21:00:00,3.6308695652173917,90.76,66.95,27.74
2020-12-03 22:00:00,3.6577536231884062,90.76,65.67,27.02
2020-12-03 23:00:00,3.684637681159421,90.76,64.75,26.57
2020-12-04 00:00:00,3.7115217391304354,90.76,67.17,25.98
2020-12-04 01:00:00,3.738405797101449,90.76,70.39,25.37
2020-12-04 02:00:00,3.7652898550724636,90.76,73.93,24.83
2020-12-04 03:00:00,3.792173913043478,90.76,74.61,24.41
2020-12-04 04:00:00,3.8190579710144927,90.76,73.18,24.16
2020-12-04 05:00:00,3.8459420289855073,90.76,75.03,23.68
2020-12-04 06:00:00,3.872826086956522,90.76,75.81,23.44
2020-12-04 07:00:00,3.8997101449275364,90.76,73.34,24.06
2020-12-04 08:00:00,3.926594202898551,90.76,67.47,25.94
2020-12-04 09:00:00,3.9534782608695656,90.76,57.56,28.61
2020-12-04 10:00:00,3.98036231884058,90.76,46.3,30.59
2020-12-04 11:00:00,4.007246376811595,90.76,37.95,32.41
2020-12-04 12:00:00,4.034130434782609,90.76,31.68,34.38
2020-12-04 13:00:00,4.061014492753623,90.76,30.08,35.39
2020-12-04 14:00:00,4.0878985507246375,90.76,38.2,34.9
2020-12-04 15:00:00,4.114782608695652,90.76,46.27,33.09
2020-12-04 16:00:00,4.141666666666667,90.76,48.44,31.48
2020-12-04 17:00:00,4.168550724637681,90.76,56.28,30.45
2020-12-04 18:00:00,4.195434782608696,90.76,63.48,29.14
2020-12-04 19:00:00,4.22231884057971,90.76,66.44,28.04
2020-12-04 20:00:00,4.249202898550725,90.76,64.12,27.32
2020-12-04 21:00:00,4.276086956521739,90.76,62.04,26.87
2020-12-04 22:00:00,4.302971014492754,90.76,64.34,26.41
2020-12-04 23:00:00,4.3298550724637686,90.76,64.34,25.83
2020-12-05 00:00:00,4.356739130434783,90.76,67.13,25.31
2020-12-05 01:00:00,4.383623188405798,90.76,69.17,24.83
2020-12-05 02:00:00,4.410507246376811,90.76,71.24,24.21
2020-12-05 03:00:00,4.437391304347826,90.76,75.3,23.72
2020-12-05 04:00:00,4.4642753623188405,90.76,76.33,23.21
2020-12-05 05:00:00,4.491159420289855,90.76,75.9,22.95
2020-12-05 06:00:00,4.51804347826087,90.76,77.1,22.81
2020-12-05 07:00:00,4.544927536231884,90.76,79.28,22.79
2020-12-05 08:00:00,4.571811594202899,90.76,72.64,24.79
2020-12-05 09:00:00,4.598695652173913,90.76,57.94,28.38
2020-12-05 10:00:00,4.625579710144928,90.76,47.59,31.01
2020-12-05 11:00:00,4.652463768115942,90.76,39.67,32.75
2020-12-05 12:00:00,4.679347826086957,90.76,33.45,34.5
2020-12-05 13:00:00,4.7062318840579715,90.76,30.16,35.84
2020-12-05 14:00:00,4.733115942028986,90.76,36.31,35.34
2020-12-05 15:00:00,4.76,90.76,47.18,33.78
2020-12-05 16:00:00,5.69,90.76,53.0,32.1
2020-12-05 17:00:00,7.33,90.76,59.86,30.75
2020-12-05 18:00:00,3.41,90.76,63.75,29.35
2020-12-05 19:00:00,9.27,90.76,63.81,28.41
2020-12-05 20:00:00,6.59,90.76,62.4,27.74
2020-12-05 21:00:00,11.51,90.76,60.13,27.11
2020-12-05 22:00:00,24.65,90.76,63.0,26.68
2020-12-05 23:00:00,23.89,90.76,69.53,25.88
2020-12-06 00:00:00,14.54,90.76,71.26,25.02
2020-12-06 01:00:00,18.83,90.76,69.41,24.88
2020-12-06 02:00:00,8.89,90.76,67.24,24.46
2020-12-06 03:00:00,17.74,90.76,66.58,23.92
2020-12-06 04:00:00,10.52,90.76,67.2,23.52
2020-12-06 05:00:00,6.9,90.76,66.77,22.78
2020-12-06 06:00:00,9.8,90.76,61.8,23.05
2020-12-06 07:00:00,18.14,90.76,62.43,22.77
2020-12-06 08:00:00,9.61,90.76,56.3,24.82
2020-12-06 09:00:00,7.62,90.76,44.36,28.91
2020-12-06 10:00:00,7.04,90.76,38.86,31.14
2020-12-06 11:00:00,11.59,90.76,33.49,32.6
2020-12-06 12:00:00,9.36,90.76,30.03,33.81
2020-12-06 13:00:00,6.82,90.76,27.02,35.1
2020-12-06 14:00:00,9.89,90.76,25.01,35.8
2020-12-06 15:00:00,12.88,90.76,34.88,34.02
2020-12-06 16:00:00,4.71,90.76,47.98,31.68
2020-12-06 17:00:00,18.62,90.76,51.86,30.41
2020-12-06 18:00:00,12.99,90.76,58.86,28.94
2020-12-06 19:00:00,2.31,90.76,62.01,28.06
2020-12-06 20:00:00,10.91,90.76,58.51,27.29
2020-12-06 21:00:00,11.77,90.76,58.2,26.56
2020-12-06 22:00:00,12.66,90.76,58.11,26.26
2020-12-06 23:00:00,17.96,90.76,58.45,25.63
2020-12-07 00:00:00,10.68,90.76,58.55,25.57
2020-12-07 01:00:00,16.61,90.76,59.23,25.73
2020-12-07 02:00:00,20.23,90.76,65.35,24.37
2020-12-07 03:00:00,11.52,90.76,68.55,23.72
2020-12-07 04:00:00,9.14,90.76,66.34,24.1
2020-12-07 05:00:00,8.96,90.76,65.08,23.81
2020-12-07 06:00:00,13.19,90.76,63.16,23.64
2020-12-07 07:00:00,6.45,90.76,56.59,24.35
2020-12-07 08:00:00,12.43,90.76,50.09,26.12
2020-12-07 09:00:00,14.75,90.76,44.86,28.7
2020-12-07 10:00:00,7.98,90.76,39.02,31.0
2020-12-07 11:00:00,15.15,90.76,36.06,32.5
2020-12-07 12:00:00,12.29,90.76,34.77,33.95
2020-12-07 13:00:00,5.88,90.76,32.48,35.02
2020-12-07 14:00:00,11.65,90.76,28.3,35.72
2020-12-07 15:00:00,13.5,90.76,30.41,35.4
2020-12-07 16:00:00,15.04,90.76,39.59,33.85
2020-12-07 17:00:00,23.58,90.76,50.75,32.02
2020-12-07 18:00:00,7.27,90.76,61.09,29.92
2020-12-07 19:00:00,9.31,90.76,62.33,28.43
2020-12-07 20:00:00,4.43,90.76,59.09,27.77
2020-12-07 21:00:00,14.21,90.76,57.21,27.22
2020-12-07 22:00:00,21.9,90.76,59.48,26.66
2020-12-07 23:00:00,19.97,90.76,61.43,26.12
2020-12-08 00:00:00,14.94,90.76,64.41,25.47
2020-12-08 01:00:00,16.44,90.76,66.55,24.77
2020-12-08 02:00:00,16.88,90.76,68.34,23.98
2020-12-08 03:00:00,4.03,90.76,69.93,23.5
2020-12-08 04:00:00,8.27,90.76,66.94,23.69
2020-12-08 05:00:00,8.65,90.76,62.36,24.23
2020-12-08 06:00:00,5.49,90.76,56.09,24.84
2020-12-08 07:00:00,1.52,90.76,51.16,25.1
2020-12-08 08:00:00,11.36,90.76,48.91,26.28
2020-12-08 09:00:00,8.15,90.76,43.49,29.25
2020-12-08 10:00:00,11.55,90.76,38.86,32.0
2020-12-08 11:00:00,12.82,90.76,37.23,33.56
2020-12-08 12:00:00,9.44,90.76,36.23,34.48
2020-12-08 13:00:00,7.57,90.76,35.27,35.13
2020-12-08 14:00:00,11.39,90.76,41.08,34.89
2020-12-08 15:00:00,11.39,90.76,48.38,33.49
2020-12-08 16:00:00,8.39,90.76,50.68,32.18
2020-12-08 17:00:00,4.39,90.76,54.64,30.94
2020-12-08 18:00:00,9.43,90.76,58.58,29.63
2020-12-08 19:00:00,14.88,90.76,65.94,28.57
2020-12-08 20:00:00,3.42,90.76,71.28,27.91
2020-12-08 21:00:00,3.2199999999999998,90.76,72.45,27.18
2020-12-08 22:00:00,3.02,90.76,73.21,26.46
2020-12-08 23:00:00,15.67,90.76,74.5,26.25
2020-12-09 00:00:00,8.26,90.76,77.91,26.06
2020-12-09 01:00:00,10.68,90.76,79.26,25.8
2020-12-09 02:00:00,8.27,90.76,79.06,25.41
2020-12-09 03:00:00,8.15,90.76,77.67,25.05
2020-12-09 04:00:00,17.02,90.76,73.09,25.47
2020-12-09 05:00:00,5.75,90.76,67.69,25.62
2020-12-09 06:00:00,17.1,90.76,65.67,25.44
2020-12-09 07:00:00,15.43,90.76,63.02,25.89
2020-12-09 08:00:00,9.04,90.76,59.8,26.66
2020-12-09 09:00:00,8.23,90.76,53.93,28.58
2020-12-09 10:00:00,7.55,90.76,46.25,31.32
2020-12-09 11:00:00,10.31,90.76,42.5,32.7
2020-12-09 12:00:00,11.7,90.76,41.37,33.73
2020-12-09 13:00:00,5.92,90.76,40.76,35.19
2020-12-09 14:00:00,9.86,90.76,41.22,35.59
2020-12-09 15:00:00,5.07,90.76,42.93,34.85
2020-12-09 16:00:00,8.73,90.76,49.73,32.76
2020-12-09 17:00:00,18.59,90.76,57.68,31.03
2020-12-09 18:00:00,5.73,90.76,61.09,30.07
2020-12-09 19:00:00,11.36,90.76,60.53,29.65
2020-12-09 20:00:00,11.89,90.76,60.37,29.22
2020-12-09 21:00:00,3.62,90.76,60.48,28.9
2020-12-09 22:00:00,11.79,90.76,60.42,28.95
2020-12-09 23:00:00,16.31,90.76,63.63,28.61
2020-12-10 00:00:00,21.86,90.76,67.69,28.59
2020-12-10 01:00:00,5.46,90.76,69.81,28.56
2020-12-10 02:00:00,7.1,90.76,72.32,28.15
2020-12-10 03:00:00,9.7,90.76,73.91,28.29
2020-12-10 04:00:00,4.0,90.76,73.55,28.12
2020-12-10 05:00:00,3.21,90.76,70.3,27.84
2020-12-10 06:00:00,17.92,90.76,70.67,27.57
2020-12-10 07:00:00,10.99,90.76,75.09,26.86
2020-12-10 08:00:00,10.25,90.76,69.09,27.94
2020-12-10 09:00:00,13.28,90.76,59.0,30.54
2020-12-10 10:00:00,6.74,90.76,53.15,32.52
2020-12-10 11:00:00,15.51,90.76,47.59,34.35
2020-12-10 12:00:00,37.87,90.76,50.46,33.88
2020-12-10 13:00:00,4.2,90.76,56.96,32.48
2020-12-10 14:00:00,47.6,90.76,56.36,32.47
2020-12-10 15:00:00,127.47,90.76,57.67,31.9
2020-12-10 16:00:00,75.86,90.76,66.81,31.13
2020-12-10 17:00:00,57.932500000000005,90.76,75.47,30.11
2020-12-10 18:00:00,40.005,90.76,75.48,29.47
2020-12-10 19:00:00,22.0775,90.76,74.8,29.1
2020-12-10 20:00:00,4.15,90.76,78.96,28.65
2020-12-10 21:00:00,1.42,90.76,80.28,28.74
2020-12-10 22:00:00,3.61,90.76,79.36,28.71
2020-12-10 23:00:00,2.11,90.76,80.2,28.26
2020-12-11 00:00:00,98.62,90.76,79.96,27.81
2020-12-11 01:00:00,700.86,90.76,78.31,27.6
2020-12-11 02:00:00,637.8045454545455,90.76,78.19,27.55
2020-12-11 03:00:00,574.7490909090909,90.76,78.25,27.36
2020-12-11 04:00:00,511.6936363636364,90.76,78.1,27.05
2020-12-11 05:00:00,448.6381818181818,90.76,77.38,26.99
2020-12-11 06:00:00,385.5827272727273,90.76,76.89,26.91
2020-12-11 07:00:00,322.52727272727276,90.76,79.97,26.41
2020-12-11 08:00:00,259.4718181818182,90.76,84.77,25.91
2020-12-11 09:00:00,196.41636363636366,90.76,88.51,25.41
2020-12-11 10:00:00,133.3609090909091,90.76,92.08,25.2
2020-12-11 11:00:00,70.30545454545461,90.76,92.17,25.54
2020-12-11 12:00:00,7.25,90.76,84.81,26.33
2020-12-11 13:00:00,24.63,90.76,75.88,27.42
2020-12-11 14:00:00,22.77,90.76,70.22,28.48
2020-12-11 15:00:00,20.91,90.76,66.1,29.19
2020-12-11 16:00:00,18.405,90.76,65.28,29.35
2020-12-11 17:00:00,15.899999999999999,90.76,66.76,29.49
2020-12-11 18:00:00,13.395,90.76,70.36,28.98
2020-12-11 19:00:00,10.889999999999999,90.76,74.26,27.91
2020-12-11 20:00:00,8.384999999999998,90.76,76.37,27.46
2020-12-11 21:00:00,5.88,90.76,75.75,27.54
2020-12-11 22:00:00,0.88,90.76,75.84,27.75
2020-12-11 23:00:00,2.74,90.76,78.38,27.55
2020-12-12 00:00:00,1.66,90.76,78.57,27.45
2020-12-12 01:00:00,0.02,90.76,79.59,27.3
2020-12-12 02:00:00,5.7,90.76,82.03,26.96
2020-12-12 03:00:00,11.86,90.76,83.33,26.51
2020-12-12 04:00:00,4.48,90.76,84.77,26.2
2020-12-12 05:00:00,11.53,90.76,85.36,26.2
2020-12-12 06:00:00,1.3,90.76,84.47,26.25
2020-12-12 07:00:00,10.91,90.76,84.28,26.16
2020-12-12 08:00:00,8.65,90.76,85.13,26.05
2020-12-12 09:00:00,8.39,90.76,84.05,26.54
2020-12-12 10:00:00,3.65,90.76,82.25,27.09
2020-12-12 11:00:00,15.71,90.76,79.0,27.54
2020-12-12 12:00:00,7.26,90.76,73.33,28.48
2020-12-12 13:00:00,9.84,90.76,70.46,29.44
2020-12-12 14:00:00,54.09,90.76,69.86,30.14
2020-12-12 15:00:00,675.97,90.76,70.23,29.82
2020-12-12 16:00:00,666.7385714285715,90.76,72.25,28.96
2020-12-12 17:00:00,657.5071428571429,90.76,75.05,28.46
2020-12-12 18:00:00,648.2757142857143,90.76,76.98,27.91
2020-12-12 19:00:00,639.0442857142857,90.76,78.71,27.36
2020-12-12 20:00:00,629.8128571428572,90.76,81.11,26.47
2020-12-12 21:00:00,620.5814285714287,90.76,83.89,25.61
2020-12-12 22:00:00,611.35,90.76,83.18,25.69
2020-12-12 23:00:00,602.1185714285715,90.76,78.95,26.39
2020-12-13 00:00:00,592.8871428571429,90.76,76.04,26.65
2020-12-13 01:00:00,583.6557142857143,90.76,74.31,26.5
2020-12-13 02:00:00,574.4242857142857,90.76,73.8,26.49
2020-12-13 03:00:00,565.1928571428572,90.76,77.62,26.16
2020-12-13 04:00:00,555.9614285714285,90.76,79.23,25.99
2020-12-13 05:00:00,546.73,90.76,75.88,26.11
2020-12-13 06:00:00,537.4985714285715,90.76,75.48,25.85
2020-12-13 07:00:00,528.2671428571429,90.76,78.31,25.9
2020-12-13 08:00:00,519.0357142857143,90.76,80.37,26.09
2020-12-13 09:00:00,509.80428571428575,90.76,84.97,25.86
2020-12-13 10:00:00,500.5728571428572,90.76,85.23,26.27
2020-12-13 11:00:00,491.3414285714286,90.76,77.76,27.25
2020-12-13 12:00:00,482.11,90.76,74.54,27.79
2020-12-13 13:00:00,472.8785714285715,90.76,71.61,28.25
2020-12-13 14:00:00,463.64714285714285,90.76,69.95,28.35
2020-12-13 15:00:00,454.41571428571433,90.76,72.12,27.96
2020-12-13 16:00:00,445.18428571428575,90.76,76.23,27.21
2020-12-13 17:00:00,435.95285714285717,90.76,78.39,26.56
2020-12-13 18:00:00,426.7214285714286,90.76,78.36,26.49
2020-12-13 19:00:00,417.49,90.76,76.36,26.7
2020-12-13 20:00:00,408.2585714285715,90.76,74.64,26.6
2020-12-13 21:00:00,399.0271428571429,90.76,75.57,26.55
2020-12-13 22:00:00,389.7957142857143,90.76,76.55,26.5
2020-12-13 23:00:00,380.56428571428575,90.76,76.6,26.5
2020-12-14 00:00:00,371.33285714285716,90.76,76.59,26.5
2020-12-14 01:00:00,362.1014285714286,90.76,82.94,25.58
2020-12-14 02:00:00,352.87,90.76,90.18,24.55
2020-12-14 03:00:00,343.6385714285715,90.76,90.65,24.6
2020-12-14 04:00:00,334.4071428571429,90.76,91.53,24.65
2020-12-14 05:00:00,325.1757142857143,90.76,94.11,24.45
2020-12-14 06:00:00,315.94428571428574,90.76,97.31,24.01
2020-12-14 07:00:00,306.71285714285716,90.76,99.44,23.65
2020-12-14 08:00:00,297.4814285714286,90.76,99.9,23.45
2020-12-14 09:00:00,288.25000000000006,90.76,99.9,23.35
2020-12-14 10:00:00,279.0185714285715,90.76,99.9,23.84
2020-12-14 11:00:00,269.7871428571429,90.76,97.84,24.79
2020-12-14 12:00:00,260.5557142857143,90.76,93.84,25.64
2020-12-14 13:00:00,251.32428571428574,90.76,88.33,26.68
2020-12-14 14:00:00,242.09285714285716,90.76,79.81,27.94
2020-12-14 15:00:00,232.86142857142863,90.76,76.75,28.4
2020-12-14 16:00:00,223.63000000000005,90.76,78.85,28.15
2020-12-14 17:00:00,214.39857142857147,90.76,81.34,27.56
2020-12-14 18:00:00,205.1671428571429,90.76,85.42,26.66
2020-12-14 19:00:00,195.9357142857143,90.76,86.95,25.81
2020-12-14 20:00:00,186.70428571428573,90.76,88.07,25.35
2020-12-14 21:00:00,177.47285714285715,90.76,89.15,25.2
2020-12-14 22:00:00,168.24142857142863,90.76,90.42,24.9
2020-12-14 23:00:00,159.01,90.76,92.34,24.8
2020-12-15 00:00:00,149.77857142857147,90.76,92.8,24.8
2020-12-15 01:00:00,140.54714285714294,90.76,92.75,24.55
2020-12-15 02:00:00,131.3157142857143,90.76,91.77,24.4
2020-12-15 03:00:00,122.08428571428578,90.76,92.36,24.16
2020-12-15 04:00:00,112.85285714285715,90.76,94.14,23.9
2020-12-15 05:00:00,103.62142857142862,90.76,95.28,23.61
2020-12-15 06:00:00,94.38999999999999,90.76,96.64,23.2
2020-12-15 07:00:00,85.15857142857146,90.76,95.73,23.34
2020-12-15 08:00:00,75.92714285714294,90.76,89.61,24.68
2020-12-15 09:00:00,66.6957142857143,90.76,81.08,26.88
2020-12-15 10:00:00,57.46428571428578,90.76,75.0,28.68
2020-12-15 11:00:00,48.23285714285714,90.76,74.55,29.06
2020-12-15 12:00:00,39.00142857142862,90.76,75.48,28.94
2020-12-15 13:00:00,29.77,90.76,72.68,29.74
2020-12-15 14:00:00,54.7,90.76,71.59,30.45
2020-12-15 15:00:00,233.39,90.76,73.17,30.21
2020-12-15 16:00:00,228.902,90.76,76.25,29.26
2020-12-15 17:00:00,224.414,90.76,78.54,28.21
2020-12-15 18:00:00,219.926,90.76,81.54,27.36
2020-12-15 19:00:00,215.438,90.76,85.28,26.85
2020-12-15 20:00:00,210.95,90.76,84.44,26.8
2020-12-15 21:00:00,206.462,90.76,83.39,26.6
2020-12-15 22:00:00,201.974,90.76,86.82,25.9
2020-12-15 23:00:00,197.486,90.76,89.7,25.35
2020-12-16 00:00:00,192.998,90.76,90.05,25.1
2020-12-16 01:00:00,188.51,90.76,91.48,24.75
2020-12-16 02:00:00,184.022,90.76,93.59,24.3
2020-12-16 03:00:00,179.534,90.76,94.4,24.15
2020-12-16 04:00:00,175.046,90.76,94.75,23.95
2020-12-16 05:00:00,170.558,90.76,94.11,23.8
2020-12-16 06:00:00,166.07,90.76,93.25,23.8
2020-12-16 07:00:00,161.582,90.76,94.19,23.7
2020-12-16 08:00:00,157.094,90.76,92.48,24.39
2020-12-16 09:00:00,152.606,90.76,84.51,26.23
2020-12-16 10:00:00,148.118,90.76,74.15,28.63
2020-12-16 11:00:00,143.63,90.76,65.39,30.59
2020-12-16 12:00:00,139.142,90.76,65.85,31.2
2020-12-16 13:00:00,134.654,90.76,70.0,30.9
2020-12-16 14:00:00,130.166,90.76,70.88,30.35
2020-12-16 15:00:00,125.678,90.76,73.23,29.7
2020-12-16 16:00:00,121.19,90.76,75.73,29.3
2020-12-16 17:00:00,116.702,90.76,78.93,28.7
2020-12-16 18:00:00,112.214,90.76,81.09,27.8
2020-12-16 19:00:00,107.726,90.76,80.09625,27.927500000000002
2020-12-16 20:00:00,103.238,90.76,79.1025,28.055
2020-12-16 21:00:00,98.75,90.76,78.10875,28.1825
2020-12-16 22:00:00,94.262,90.76,77.11500000000001,28.310000000000002
2020-12-16 23:00:00,89.774,90.76,76.12125,28.4375
2020-12-17 00:00:00,85.286,90.76,75.1275,28.565
2020-12-17 01:00:00,80.798,90.76,74.13375,28.6925
2020-12-17 02:00:00,76.31,90.76,73.14,28.82
2020-12-17 03:00:00,71.822,90.76,72.14625,28.9475
2020-12-17 04:00:00,67.334,90.76,71.1525,29.075
2020-12-17 05:00:00,62.846000000000004,90.76,70.15875,29.2025
2020-12-17 06:00:00,58.358000000000004,90.76,69.16499999999999,29.33
2020-12-17 07:00:00,53.870000000000005,90.76,68.17125,29.4575
2020-12-17 08:00:00,49.382000000000005,90.76,67.1775,29.585
2020-12-17 09:00:00,44.894000000000005,90.76,66.18375,29.7125
2020-12-17 10:00:00,40.406000000000006,90.76,65.19,29.84
2020-12-17 11:00:00,35.918000000000006,90.76,57.99,31.59
2020-12-17 12:00:00,31.43,90.76,59.1,32.85
2020-12-17 13:00:00,34.52,90.76,65.68,32.45
2020-12-17 14:00:00,25.65,90.76,67.1,31.5
2020-12-17 15:00:00,19.7,90.76,68.8,30.7
2020-12-17 16:00:00,29.91,90.76,74.55,29.85
2020-12-17 17:00:00,28.09,90.76,78.15,28.85
2020-12-17 18:00:00,9.5,90.76,79.8,27.95
2020-12-17 19:00:00,17.78,90.76,83.55,27.25
2020-12-17 20:00:00,13.77,90.76,87.0,26.7
2020-12-17 21:00:00,24.69,90.76,88.35,26.4
2020-12-17 22:00:00,13.2,90.76,89.2,26.1
2020-12-17 23:00:00,15.52,90.76,91.3,25.6
2020-12-18 00:00:00,13.93,90.76,93.25,25.15
2020-12-18 01:00:00,21.68,90.76,94.7,24.85
2020-12-18 02:00:00,21.94,90.76,95.95,24.55
2020-12-18 03:00:00,10.54,90.76,96.3,24.2
2020-12-18 04:00:00,22.57,90.76,91.95,24.2
2020-12-18 05:00:00,8.9,90.76,85.25,24.75
2020-12-18 06:00:00,9.24,90.76,83.65,24.85
2020-12-18 07:00:00,11.8,90.76,82.3,24.6
2020-12-18 08:00:00,16.95,90.76,76.25,25.65
2020-12-18 09:00:00,12.84,90.76,68.0,28.0
2020-12-18 10:00:00,8.91,90.76,59.65,29.95
2020-12-18 11:00:00,16.2,90.76,53.5,31.8
2020-12-18 12:00:00,18.32,90.76,48.35,33.6
2020-12-18 13:00:00,22.64,90.76,52.2,33.35
2020-12-18 14:00:00,12.78,90.76,61.1,32.0
2020-12-18 15:00:00,10.39,90.76,65.75,30.85
2020-12-18 16:00:00,12.64,90.76,69.75,30.1
2020-12-18 17:00:00,18.13,90.76,74.15,29.6
2020-12-18 18:00:00,4.59,90.76,76.15,28.55
2020-12-18 19:00:00,12.61,90.76,78.55,27.5
2020-12-18 20:00:00,11.03,90.76,83.4,26.95
2020-12-18 21:00:00,17.04,90.76,85.3,26.5
2020-12-18 22:00:00,14.46,90.76,84.05,26.15
2020-12-18 23:00:00,13.32,90.76,81.55,25.8
2020-12-19 00:00:00,8.54,90.76,81.2,25.35
2020-12-19 01:00:00,17.34,90.76,83.35,24.9
2020-12-19 02:00:00,7.41,90.76,85.3,24.3
2020-12-19 03:00:00,9.75,90.76,83.55,24.3
2020-12-19 04:00:00,6.84,90.76,80.65,24.65
2020-12-19 05:00:00,9.59,90.76,77.2,24.65
2020-12-19 06:00:00,8.58,90.76,74.5,24.6
2020-12-19 07:00:00,9.03,90.76,73.8,24.6
2020-12-19 08:00:00,15.18,90.76,69.36,25.56
2020-12-19 09:00:00,10.51,90.76,61.91,27.61
2020-12-19 10:00:00,5.6,90.76,55.22,29.3
2020-12-19 11:00:00,25.16,90.76,50.94,30.81
2020-12-19 12:00:00,12.06,90.76,47.43,32.61
2020-12-19 13:00:00,3.73,90.76,42.62,33.65
2020-12-19 14:00:00,2.0,90.76,37.57,34.3
2020-12-19 15:00:00,6.81,90.76,37.58,34.6
2020-12-19 16:00:00,9.54,90.76,40.05,33.79
2020-12-19 17:00:00,8.27,90.76,41.56,32.64
2020-12-19 18:00:00,45.56,90.76,54.88,30.43
2020-12-19 19:00:00,13.77,90.76,66.7,28.45
2020-12-19 20:00:00,4.63,90.76,64.78,28.2
2020-12-19 21:00:00,19.06,90.76,68.21,27.64
2020-12-19 22:00:00,23.02,90.76,72.59,26.7
2020-12-19 23:00:00,7.28,90.76,70.08,26.4
2020-12-20 00:00:00,9.74,90.76,68.65,26.4
2020-12-20 01:00:00,19.43,90.76,70.0,25.95
2020-12-20 02:00:00,3.56,90.76,73.85,24.95
2020-12-20 03:00:00,6.93,90.76,76.8,24.3
2020-12-20 04:00:00,11.12,90.76,73.41,24.05
2020-12-20 05:00:00,4.94,90.76,69.44,23.64
2020-12-20 06:00:00,8.61,90.76,67.63,23.55
2020-12-20 07:00:00,16.45,90.76,68.17,23.34
2020-12-20 08:00:00,10.41,90.76,65.8,24.46
2020-12-20 09:00:00,11.28,90.76,57.35,27.01
2020-12-20 10:00:00,3.62,90.76,49.15,29.16
2020-12-20 11:00:00,16.31,90.76,42.83,30.66
2020-12-20 12:00:00,5.52,90.76,39.54,31.7
2020-12-20 13:00:00,8.6,90.76,38.75,32.6
2020-12-20 14:00:00,6.62,90.76,38.14,33.0
2020-12-20 15:00:00,7.09,90.76,39.47,32.7
2020-12-20 16:00:00,3.85,90.76,41.65,31.74
2020-12-20 17:00:00,11.5,90.76,44.48,30.74
2020-12-20 18:00:00,37.73,90.76,55.95,29.09
2020-12-20 19:00:00,9.65,90.76,62.07,27.9
2020-12-20 20:00:00,25.47,90.76,64.65,27.34
2020-12-20 21:00:00,19.46,90.76,72.99,26.29
2020-12-20 22:00:00,2.21,90.76,76.09,25.75
2020-12-20 23:00:00,13.74,90.76,76.31,25.14
2020-12-21 00:00:00,5.16,90.76,76.54,24.55
2020-12-21 01:00:00,14.9,90.76,73.82,24.75
2020-12-21 02:00:00,2.07,90.76,71.0,24.75
2020-12-21 03:00:00,9.87,90.76,70.65,24.2
2020-12-21 04:00:00,7.25,90.76,69.79,23.75
2020-12-21 05:00:00,12.62,90.76,70.37,23.55
2020-12-21 06:00:00,9.25,90.76,72.51,23.05
2020-12-21 07:00:00,8.13,90.76,71.68,22.55
2020-12-21 08:00:00,12.97,90.76,64.44,23.66
2020-12-21 09:00:00,2.84,90.76,51.47,26.31
2020-12-21 10:00:00,8.32,90.76,42.98,28.66
2020-12-21 11:00:00,13.16,90.76,39.62,30.26
2020-12-21 12:00:00,2.64,90.76,34.52,31.86
2020-12-21 13:00:00,0.82,90.76,29.78,32.95
2020-12-21 14:00:00,7.83,90.76,28.45,33.25
2020-12-21 15:00:00,3.72,90.76,28.24,33.35
2020-12-21 16:00:00,17.35,90.76,35.84,32.34
2020-12-21 17:00:00,13.33,90.76,49.0,30.24
2020-12-21 18:00:00,14.11,90.76,55.36,29.0
2020-12-21 19:00:00,19.32,90.76,59.48,28.19
2020-12-21 20:00:00,10.19,90.76,63.71,27.2
2020-12-21 21:00:00,2.35,90.76,60.85,26.75
2020-12-21 22:00:00,9.66,90.76,60.9,25.99
2020-12-21 23:00:00,7.72,90.76,65.15,24.74
2020-12-22 00:00:00,11.31,90.76,68.16,23.84
2020-12-22 01:00:00,19.67,90.76,72.74,23.19
2020-12-22 02:00:00,4.98,90.76,70.51,23.2
2020-12-22 03:00:00,6.21,90.76,66.5,23.14
2020-12-22 04:00:00,13.25,90.76,65.38,22.7
2020-12-22 05:00:00,5.67,90.76,64.09,22.7
2020-12-22 06:00:00,10.08,90.76,65.74,22.34
2020-12-22 07:00:00,3.52,90.76,61.72,22.2
2020-12-22 08:00:00,9.26,90.76,53.7,23.73
2020-12-22 09:00:00,8.36,90.76,47.86,25.98
2020-12-22 10:00:00,21.6,90.76,40.11,28.28
2020-12-22 11:00:00,18.59,90.76,34.31,30.11
2020-12-22 12:00:00,30.1,90.76,32.65,31.41
2020-12-22 13:00:00,34.74,90.76,30.86,32.86
2020-12-22 14:00:00,49.22,90.5121,30.48,33.75
2020-12-22 15:00:00,56.9,90.2642,35.67,33.0
2020-12-22 16:00:00,69.2,90.0163,48.09,30.66
2020-12-22 17:00:00,25.24,89.7684,59.08,28.79
2020-12-22 18:00:00,28.52,89.5205,63.1,27.4
2020-12-22 19:00:00,9.2,89.27260000000001,66.62,26.35
2020-12-22 20:00:00,4.72,89.02470000000001,70.25,25.94
2020-12-22 21:00:00,0.24,88.77680000000001,71.39,25.34
2020-12-22 22:00:00,10.44,88.52890000000001,72.6,24.55
2020-12-22 23:00:00,5.73,88.281,74.4,23.7
2020-12-23 00:00:00,5.73,88.0331,76.27,23.05
2020-12-23 01:00:00,5.99,87.7852,77.95,22.39
2020-12-23 02:00:00,5.4,87.5373,79.55,21.75
2020-12-23 03:00:00,10.9,87.2894,80.55,21.2
2020-12-23 04:00:00,8.57,87.0415,80.86,20.9
2020-12-23 05:00:00,10.69,86.7936,81.5,20.75
2020-12-23 06:00:00,5.87,86.54570000000001,79.98,20.55
2020-12-23 07:00:00,2.92,86.29780000000001,72.85,20.85
2020-12-23 08:00:00,6.26,86.04990000000001,62.59,22.73
2020-12-23 09:00:00,7.8,85.802,53.52,25.59
2020-12-23 10:00:00,3.82,85.5541,46.2,28.15
2020-12-23 11:00:00,4.59,85.3062,39.55,30.2
2020-12-23 12:00:00,18.12,85.0583,34.55,31.55
2020-12-23 13:00:00,4.57,84.8104,39.8,32.15
2020-12-23 14:00:00,2.45,84.5625,44.4,32.35
2020-12-23 15:00:00,5.71,84.3146,43.77,31.79
2020-12-23 16:00:00,23.16,84.0667,49.73,30.33
2020-12-23 17:00:00,4.07,83.81880000000001,57.35,28.95
2020-12-23 18:00:00,3.9729411764705884,83.57090000000001,56.90588235294118,28.91176470588235
2020-12-23 19:00:00,3.8758823529411766,83.32300000000001,56.46176470588235,28.873529411764704
2020-12-23 20:00:00,3.778823529411765,83.0751,56.01764705882353,28.83529411764706
2020-12-23 21:00:00,3.6817647058823533,82.8272,55.5735294117647,28.79705882352941
2020-12-23 22:00:00,3.5847058823529414,82.5793,55.129411764705885,28.758823529411764
2020-12-23 23:00:00,3.4876470588235295,82.3314,54.68529411764706,28.720588235294116
2020-12-24 00:00:00,3.3905882352941177,82.0835,54.241176470588236,28.68235294117647
2020-12-24 01:00:00,3.2935294117647063,81.8356,53.79705882352941,28.644117647058824
2020-12-24 02:00:00,3.1964705882352944,81.5877,53.35294117647059,28.605882352941176
2020-12-24 03:00:00,3.0994117647058825,81.3398,52.90882352941176,28.56764705882353
2020-12-24 04:00:00,3.0023529411764707,81.09190000000001,52.46470588235294,28.529411764705884
2020-12-24 05:00:00,2.905294117647059,80.84400000000001,52.02058823529411,28.491176470588236
2020-12-24 06:00:00,2.8082352941176474,80.5961,51.576470588235296,28.45294117647059
2020-12-24 07:00:00,2.711176470588235,80.3482,51.13235294117647,28.41470588235294
2020-12-24 08:00:00,2.6141176470588237,80.1003,50.688235294117646,28.376470588235293
2020-12-24 09:00:00,2.517058823529412,79.8524,50.24411764705882,28.33823529411765
2020-12-24 10:00:00,2.42,79.6045,49.8,28.3
2020-12-24 11:00:00,10.03,79.3566,42.91,30.02
2020-12-24 12:00:00,7.76,79.1087,37.95,32.08
2020-12-24 13:00:00,23.16,78.8608,34.13,33.6
2020-12-24 14:00:00,98.56,78.6129,42.78,32.92
2020-12-24 15:00:00,49.66,78.36500000000001,53.25,31.5
2020-12-24 16:00:00,27.49,78.11710000000001,60.2,29.73
2020-12-24 17:00:00,52.22,77.8692,66.83,28.19
2020-12-24 18:00:00,13.11,77.6213,67.86,27.44
2020-12-24 19:00:00,1.49,77.3734,66.81,26.89
2020-12-24 20:00:00,3.11,77.1255,67.77,26.23
2020-12-24 21:00:00,12.19,76.8776,72.54,25.38
2020-12-24 22:00:00,4.89,76.6297,76.18,24.84
2020-12-24 23:00:00,9.94,76.3818,78.13,24.54
2020-12-25 00:00:00,10.11,76.1339,80.39,24.14
2020-12-25 01:00:00,6.47,75.886,83.05,23.75
2020-12-25 02:00:00,16.93,75.63810000000001,84.87,23.39
2020-12-25 03:00:00,10.78,75.39020000000001,86.18,23.15
2020-12-25 04:00:00,8.23,75.1423,87.0,22.84
2020-12-25 05:00:00,11.86,74.8944,82.25,23.12
2020-12-25 06:00:00,6.1,74.6465,78.68,23.39
2020-12-25 07:00:00,10.66,74.3986,77.48,23.25
2020-12-25 08:00:00,6.0,74.1507,67.8,24.54
2020-12-25 09:00:00,7.92,73.9028,56.73,27.14
2020-12-25 10:00:00,13.5,73.6549,49.63,29.79
2020-12-25 11:00:00,11.08,73.407,44.99,31.68
2020-12-25 12:00:00,5.22,73.1591,42.91,33.03
2020-12-25 13:00:00,10.16,72.91120000000001,39.54,34.01
2020-12-25 14:00:00,1.29,72.66329999999999,37.72,34.51
2020-12-25 15:00:00,5.73,72.4154,39.24,34.49
2020-12-25 16:00:00,8.8,72.1675,43.07,33.2
2020-12-25 17:00:00,28.61,71.9196,55.31,31.47
2020-12-25 18:00:00,19.76,71.6717,68.33,29.91
2020-12-25 19:00:00,19.22,71.4238,75.28,28.58
2020-12-25 20:00:00,8.93,71.1759,76.22,27.89
2020-12-25 21:00:00,5.04,70.928,74.13,27.39
2020-12-25 22:00:00,6.94,70.6801,73.48,27.05
2020-12-25 23:00:00,2.23,70.4322,72.36,26.58
2020-12-26 00:00:00,18.96,70.18430000000001,74.47,25.78
2020-12-26 01:00:00,5.29,69.93639999999999,78.09,25.19
2020-12-26 02:00:00,20.03,69.6885,79.05,24.84
2020-12-26 03:00:00,6.9,69.4406,79.31,24.44
2020-12-26 04:00:00,13.14,69.1927,79.24,24.15
2020-12-26 05:00:00,10.21,68.9448,78.37,24.1
2020-12-26 06:00:00,12.65,68.6969,74.82,24.47
2020-12-26 07:00:00,6.6,68.449,74.03,24.43
2020-12-26 08:00:00,19.36,68.2011,69.01,25.51
2020-12-26 09:00:00,3.56,67.9532,58.41,27.95
2020-12-26 10:00:00,10.68,67.7053,50.64,30.46
2020-12-26 11:00:00,7.59,67.4574,44.38,32.48
2020-12-26 12:00:00,7.83,67.20949999999999,40.34,33.88
2020-12-26 13:00:00,4.57,66.9616,39.0,34.5
2020-12-26 14:00:00,9.14,66.7137,40.09,34.61
2020-12-26 15:00:00,4.55,66.4658,41.83,34.28
2020-12-26 16:00:00,44.05,66.2179,45.79,32.81
2020-12-26 17:00:00,20.07,65.97,53.71,30.96
2020-12-26 18:00:00,6.13,67.17,63.63,29.47
2020-12-26 19:00:00,32.64,62.37,73.25,28.64
2020-12-26 20:00:00,14.09,54.56,78.39,28.09
2020-12-26 21:00:00,13.62,49.09,80.03,27.59
2020-12-26 22:00:00,9.16,47.8,79.55,27.4
2020-12-26 23:00:00,1.06,52.69,77.04,27.14
2020-12-27 00:00:00,11.05,52.0,77.37,26.33
2020-12-27 01:00:00,10.24,53.85,80.05,25.59
2020-12-27 02:00:00,7.48,52.61,81.3,25.19
2020-12-27 03:00:00,12.83,51.68,82.13,24.84
2020-12-27 04:00:00,10.04,50.85,81.02,24.59
2020-12-27 05:00:00,5.47,45.38,78.46,24.4
2020-12-27 06:00:00,10.31,42.05,78.96,24.09
2020-12-27 07:00:00,20.55,39.39,80.15,23.95
2020-12-27 08:00:00,29.01,46.05,77.49,25.41
2020-12-27 09:00:00,5.13,47.53,68.94,27.95
2020-12-27 10:00:00,15.66,50.51,59.12,30.25
2020-12-27 11:00:00,7.41,53.37,58.02,30.73
2020-12-27 12:00:00,7.74,55.81,58.41,30.3
2020-12-27 13:00:00,11.02,56.05,57.12,30.5
2020-12-27 14:00:00,17.62,55.69,61.62,30.55
2020-12-27 15:00:00,9.01,53.77,62.43,30.71
2020-12-27 16:00:00,21.11,51.33,60.99,30.22
2020-12-27 17:00:00,10.77,49.2,65.29,29.08
2020-12-27 18:00:00,6.39,47.33,68.82,28.08
2020-12-27 19:00:00,12.58,46.02,73.06,27.08
2020-12-27 20:00:00,5.69,45.1,75.25,26.6
2020-12-27 21:00:00,7.79,47.35,72.84,26.34
2020-12-27 22:00:00,7.83,48.31,72.9,25.52
2020-12-27 23:00:00,9.37,49.41,75.16,24.52
2020-12-28 00:00:00,5.57,49.93,74.67,23.89
2020-12-28 01:00:00,2.39,50.55,70.4,23.59
2020-12-28 02:00:00,1.34,50.62,66.27,23.45
2020-12-28 03:00:00,1.95,51.11,65.48,22.98
2020-12-28 04:00:00,5.6,49.06,68.85,22.07
2020-12-28 05:00:00,8.45,47.59,72.56,21.28
2020-12-28 06:00:00,11.62,47.51,73.7,20.79
2020-12-28 07:00:00,6.41,46.28,71.84,20.55
2020-12-28 08:00:00,11.62,46.98,61.66,22.34
2020-12-28 09:00:00,1.51,47.7,54.84,24.84
2020-12-28 10:00:00,3.89,51.11,48.74,26.76
2020-12-28 11:00:00,0.16,113.98,41.27,28.75
2020-12-28 12:00:00,13.47,89.65,39.89,29.49
2020-12-28 13:00:00,2.35,17.43,41.01,29.13
2020-12-28 14:00:00,2.6,40.14,42.15,29.21
2020-12-28 15:00:00,1.83,48.31,44.36,28.76
2020-12-28 16:00:00,9.56,50.09,49.2,27.68
2020-12-28 17:00:00,0.24,49.13,51.85,26.61
2020-12-28 18:00:00,17.93,44.51,54.7,25.47
2020-12-28 19:00:00,4.27,44.5,55.93,24.95
2020-12-28 20:00:00,8.1,46.83,55.54,24.27
2020-12-28 21:00:00,5.22,50.05,56.2,23.44
2020-12-28 22:00:00,4.11,48.77,55.83,22.88
2020-12-28 23:00:00,5.05,56.44,56.61,22.18
2020-12-29 00:00:00,4.7,51.9,57.76,21.64
2020-12-29 01:00:00,7.01,51.07,59.75,21.02
2020-12-29 02:00:00,4.72,53.77,63.03,20.34
2020-12-29 03:00:00,15.0,54.64,66.13,19.94
2020-12-29 04:00:00,2.01,52.59,68.34,19.74
2020-12-29 05:00:00,14.45,51.33,69.63,19.59
2020-12-29 06:00:00,9.27,52.4,69.41,19.39
2020-12-29 07:00:00,12.69,49.53,70.39,19.41
2020-12-29 08:00:00,11.5,46.51,65.41,21.14
2020-12-29 09:00:00,5.7,50.65,55.59,23.87
2020-12-29 10:00:00,6.72,50.64,50.73,25.84
2020-12-29 11:00:00,9.86,56.6,47.7,27.66
2020-12-29 12:00:00,6.22,60.89,47.27,28.97
2020-12-29 13:00:00,24.05,55.62,47.39,29.93
2020-12-29 14:00:00,2.2,56.34,49.56,29.97
2020-12-29 15:00:00,9.01,54.09,57.1,28.87
2020-12-29 16:00:00,24.25,53.37,63.25,27.77
2020-12-29 17:00:00,9.17,47.27,65.86,27.03
2020-12-29 18:00:00,8.56,42.45,67.44,25.95
2020-12-29 19:00:00,6.56,46.83,71.46,24.66
2020-12-29 20:00:00,10.79,52.81,75.84,23.82
2020-12-29 21:00:00,13.25,48.14,76.78,23.29
2020-12-29 22:00:00,15.58,48.38,76.66,22.99
2020-12-29 23:00:00,8.24,48.23,78.34,22.47
2020-12-30 00:00:00,3.38,47.88,79.91,21.94
2020-12-30 01:00:00,18.23,49.33,80.74,21.74
2020-12-30 02:00:00,7.57,52.76,81.83,21.48
2020-12-30 03:00:00,12.95,57.15,79.9,21.09
2020-12-30 04:00:00,4.62,51.95,78.81,20.74
2020-12-30 05:00:00,9.6,48.27,79.97,20.49
2020-12-30 06:00:00,3.66,43.95,80.47,20.4
2020-12-30 07:00:00,21.3,46.91,81.61,20.34
2020-12-30 08:00:00,18.75,44.96,75.25,21.68
2020-12-30 09:00:00,4.64,54.02,63.02,24.77
2020-12-30 10:00:00,8.77,55.25,54.86,27.36
2020-12-30 11:00:00,28.23,50.96,55.07,29.43
2020-12-30 12:00:00,8.1,60.81,60.11,29.27
2020-12-30 13:00:00,17.67,59.71,60.05,28.68
2020-12-30 14:00:00,2.59,55.06,58.42,29.42
2020-12-30 15:00:00,11.02,40.26,61.04,29.22
2020-12-30 16:00:00,6.42,60.94,65.19,28.37
2020-12-30 17:00:00,5.88,47.73,66.25,27.46
2020-12-30 18:00:00,10.31,46.55,68.97,26.46
2020-12-30 19:00:00,17.18,47.85,73.86,25.68
2020-12-30 20:00:00,10.54,47.67,75.98,25.13
2020-12-30 21:00:00,13.96,39.73,77.25,24.47
2020-12-30 22:00:00,14.94,56.24,78.21,23.94
2020-12-30 23:00:00,10.03,53.45,79.78,23.64
2020-12-31 00:00:00,13.63,47.85,82.38,23.34
2020-12-31 01:00:00,12.41,52.91,84.13,22.93
2020-12-31 02:00:00,9.06,53.37,83.75,22.54
2020-12-31 03:00:00,11.04,49.26,84.6,22.24
2020-12-31 04:00:00,7.67,44.22,86.69,21.99
2020-12-31 05:00:00,11.62,51.13,86.12,21.74
2020-12-31 06:00:00,9.58,51.49,82.48,21.97
2020-12-31 07:00:00,10.62,43.61,79.13,22.41
2020-12-31 08:00:00,8.83,50.67,72.55,23.89
2020-12-31 09:00:00,19.55,48.54,63.06,26.43
2020-12-31 10:00:00,3.97,54.38,56.08,28.57
2020-12-31 11:00:00,10.09,53.67,52.1,30.42
2020-12-31 12:00:00,8.47,40.49,49.12,31.84
2020-12-31 13:00:00,12.39,53.79,46.47,33.38
2020-12-31 14:00:00,3.78,53.65,43.4,34.62
2020-12-31 15:00:00,10.2,57.71,48.82,33.88
2020-12-31 16:00:00,16.18,54.12,55.38,32.3
2020-12-31 17:00:00,34.42,47.84,63.41,30.67
2020-12-31 18:00:00,8.11,49.28,72.21,28.99
2020-12-31 19:00:00,9.34,49.95,73.78,27.81
2020-12-31 20:00:00,11.14,39.03,72.85,27.24
2020-12-31 21:00:00,6.61,50.0,71.76,26.88
2020-12-31 22:00:00,11.23,54.16,72.81,26.38
2020-12-31 23:00:00,15.43,49.54,78.19,25.77
2021-01-01 00:00:00,17.41,56.86,83.53,25.23
2021-01-01 01:00:00,13.46,46.67,86.5,24.84
2021-01-01 02:00:00,12.73,55.39,88.08,24.54
2021-01-01 03:00:00,16.98,39.67,88.72,24.34
2021-01-01 04:00:00,8.38,59.2,89.54,24.19
2021-01-01 05:00:00,9.75,53.72,90.0,24.15
2021-01-01 06:00:00,12.9,46.45,88.38,23.98
2021-01-01 07:00:00,6.83,44.73,83.39,24.29
2021-01-01 08:00:00,8.66,48.54,75.29,25.67
2021-01-01 09:00:00,13.71,50.71,66.85,27.79
2021-01-01 10:00:00,7.99,49.81,60.33,29.92
2021-01-01 11:00:00,4.52,58.13,56.13,31.45
2021-01-01 12:00:00,5.24,56.22,52.33,32.97
2021-01-01 13:00:00,5.2,58.28,50.89,34.02
2021-01-01 14:00:00,16.46,54.08,54.36,33.23
2021-01-01 15:00:00,3.71,50.18,57.33,31.97
2021-01-01 16:00:00,16.56,51.34,62.01,30.9
2021-01-01 17:00:00,23.57,49.62,68.39,29.87
2021-01-01 18:00:00,9.59,47.78,74.95,28.75
2021-01-01 19:00:00,7.03,36.48,77.31,27.99
2021-01-01 20:00:00,11.21,47.88,75.82,27.84
2021-01-01 21:00:00,7.98,50.16,75.5,27.58
2021-01-01 22:00:00,12.49,49.91,75.82,27.29
2021-01-01 23:00:00,8.81,49.75,77.34,27.09
2021-01-02 00:00:00,18.73,53.06,80.77,26.78
2021-01-02 01:00:00,11.41,50.12,84.36,26.33
2021-01-02 02:00:00,8.09,50.27,85.75,26.1
2021-01-02 03:00:00,19.6,51.04,86.72,25.83
2021-01-02 04:00:00,4.93,50.73,86.52,25.65
2021-01-02 05:00:00,10.31,47.14,85.86,25.54
2021-01-02 06:00:00,15.07,50.08,86.32,25.23
2021-01-02 07:00:00,9.19,45.93,86.44,25.05
2021-01-02 08:00:00,11.98,46.12,86.08,25.33
2021-01-02 09:00:00,21.23,47.17,79.64,26.96
2021-01-02 10:00:00,11.12,51.14,73.2,29.02
2021-01-02 11:00:00,7.48,55.28,72.14,30.02
2021-01-02 12:00:00,2.83,56.67,71.17,29.87
2021-01-02 13:00:00,11.05,56.74,70.56,29.87
2021-01-02 14:00:00,11.04,54.22,70.75,29.99
2021-01-02 15:00:00,2.62,52.44,71.4,29.14
2021-01-02 16:00:00,15.54,50.53,72.93,27.95
2021-01-02 17:00:00,5.2,45.5,75.43,26.95
2021-01-02 18:00:00,4.42,48.56,75.55,26.23
2021-01-02 19:00:00,10.63,42.79,76.57,25.56
2021-01-02 20:00:00,9.87,48.25,76.78,25.42
2021-01-02 21:00:00,3.51,51.23,73.59,25.65
2021-01-02 22:00:00,7.59,45.87,73.2,25.26
2021-01-02 23:00:00,11.2,48.99,76.0,24.63
2021-01-03 00:00:00,16.19,55.05,79.19,24.23
2021-01-03 01:00:00,9.43,52.73,80.76,23.94
2021-01-03 02:00:00,6.43,53.17,80.46,23.96
2021-01-03 03:00:00,12.06,51.56,80.05,23.77
2021-01-03 04:00:00,6.68,53.14,79.84,23.45
2021-01-03 05:00:00,7.5,47.4,80.57,23.13
2021-01-03 06:00:00,10.8,47.29,81.9,22.9
2021-01-03 07:00:00,16.57,38.45,83.16,22.79
2021-01-03 08:00:00,15.58,77.2,82.82,23.62
2021-01-03 09:00:00,7.43,44.16,75.58,25.6
2021-01-03 10:00:00,15.6,56.24,67.69,27.58
2021-01-03 11:00:00,12.12,63.54,66.25,28.62
2021-01-03 12:00:00,0.68,55.02,66.09,28.26
2021-01-03 13:00:00,10.6,66.51,64.25,27.96
2021-01-03 14:00:00,4.29,49.2,62.22,28.32
2021-01-03 15:00:00,4.12,63.14,61.45,28.5
2021-01-03 16:00:00,14.87,55.14,63.3,27.57
2021-01-03 17:00:00,6.86,42.47,66.65,26.8
2021-01-03 18:00:00,1.71,58.33,69.56,25.87
2021-01-03 19:00:00,15.25,47.38,71.35,24.77
2021-01-03 20:00:00,9.73,44.69,69.56,24.45
2021-01-03 21:00:00,4.81,47.47,67.16,24.45
2021-01-03 22:00:00,7.25,32.64,65.86,24.94
2021-01-03 23:00:00,18.58,52.99,67.47,25.08
2021-01-04 00:00:00,8.85,55.32,69.4,25.01
2021-01-04 01:00:00,6.37,60.15,70.38,24.88
2021-01-04 02:00:00,28.97,52.89,74.25,24.54
2021-01-04 03:00:00,8.8,51.82,75.55,24.4
2021-01-04 04:00:00,5.14,52.35,75.21,24.18
2021-01-04 05:00:00,6.54,48.17,76.23,23.62
2021-01-04 06:00:00,9.13,46.61,75.35,23.57
2021-01-04 07:00:00,19.6,48.86,74.62,23.91
2021-01-04 08:00:00,6.03,41.44,75.77,24.16
2021-01-04 09:00:00,15.29,50.71,73.67,24.73
2021-01-04 10:00:00,13.78,50.52,68.8,25.81
2021-01-04 11:00:00,8.11,55.67,65.88,27.05
2021-01-04 12:00:00,10.16,56.31,62.69,28.04
2021-01-04 13:00:00,2.88,55.82,60.16,28.51
2021-01-04 14:00:00,8.96,52.99,59.85,28.33
2021-01-04 15:00:00,10.7,52.7,58.38,28.59
2021-01-04 16:00:00,6.9,48.84,59.66,28.84
2021-01-04 17:00:00,12.91,46.74,65.23,27.28
2021-01-04 18:00:00,19.73,44.35,70.55,25.83
2021-01-04 19:00:00,12.39,47.73,75.0,25.11
2021-01-04 20:00:00,6.83,46.73,76.12,24.87
2021-01-04 21:00:00,5.55,47.0,69.79,24.78
2021-01-04 22:00:00,23.45,47.2,68.5,24.49
2021-01-04 23:00:00,6.88,49.89,71.03,24.62
2021-01-05 00:00:00,4.9,49.67,70.24,24.58
2021-01-05 01:00:00,3.96,50.3,68.27,24.62
2021-01-05 02:00:00,9.27,51.62,66.06,24.47
2021-01-05 03:00:00,6.27,50.56,66.03,24.04
2021-01-05 04:00:00,7.06,50.37,68.02,23.79
2021-01-05 05:00:00,15.18,47.75,70.47,23.54
2021-01-05 06:00:00,6.5,47.73,70.72,23.45
2021-01-05 07:00:00,6.13,47.65,68.35,23.61
2021-01-05 08:00:00,10.98,44.46,65.79,24.14
2021-01-05 09:00:00,13.64,46.45,63.59,25.49
2021-01-05 10:00:00,27.68,52.32,62.98,26.63
2021-01-05 11:00:00,14.9,56.05,62.7,28.0
2021-01-05 12:00:00,23.34,57.55,63.63,28.84
2021-01-05 13:00:00,5.17,56.92,64.09,28.36
2021-01-05 14:00:00,16.31,54.92,62.23,28.33
2021-01-05 15:00:00,9.96,52.71,63.12,28.27
2021-01-05 16:00:00,11.63,51.34,65.03,27.62
2021-01-05 17:00:00,7.82,46.2,68.05,26.64
2021-01-05 18:00:00,16.26,43.46,71.12,25.61
2021-01-05 19:00:00,11.54,45.22,73.06,25.09
2021-01-05 20:00:00,10.5,46.86,72.84,25.0
2021-01-05 21:00:00,3.97,45.73,72.24,24.78
2021-01-05 22:00:00,26.45,49.81,72.93,24.6
2021-01-05 23:00:00,12.06,48.28,74.14,24.66
2021-01-06 00:00:00,13.5,47.54,77.38,24.09
2021-01-06 01:00:00,6.81,55.8,78.36,23.77
2021-01-06 02:00:00,18.04,55.82,76.07,23.79
2021-01-06 03:00:00,1.4,50.15,73.36,23.59
2021-01-06 04:00:00,14.07,50.95,71.44,23.23
2021-01-06 05:00:00,2.6,45.95,69.08,22.62
2021-01-06 06:00:00,9.75,41.6,66.77,22.52
2021-01-06 07:00:00,10.08,49.62,66.92,22.42
2021-01-06 08:00:00,8.0,45.47,66.39,22.8
2021-01-06 09:00:00,18.87,48.32,63.26,24.51
2021-01-06 10:00:00,20.48,54.02,58.97,26.6
2021-01-06 11:00:00,16.71,57.04,56.95,28.32
2021-01-06 12:00:00,3.66,54.76,58.27,28.51
2021-01-06 13:00:00,4.94,61.4,59.36,28.7
2021-01-06 14:00:00,14.22,54.32,59.45,28.75
2021-01-06 15:00:00,12.63,52.95,61.33,28.56
2021-01-06 16:00:00,7.19,51.21,65.52,27.98
2021-01-06 17:00:00,20.87,46.4,69.09,26.73
2021-01-06 18:00:00,5.03,45.63,69.53,25.98
2021-01-06 19:00:00,16.62,33.98,71.33,25.74
2021-01-06 20:00:00,26.51,52.56,73.92,25.64
2021-01-06 21:00:00,7.56,42.4,74.44,25.38
2021-01-06 22:00:00,4.86,57.05,73.9,25.03
2021-01-06 23:00:00,3.47,54.52,73.17,24.9
2021-01-07 00:00:00,14.7,48.86,72.45,24.73
2021-01-07 01:00:00,8.85,56.7,71.54,24.43
2021-01-07 02:00:00,6.38,43.71,70.21,24.24
2021-01-07 03:00:00,4.89,57.76,70.83,23.92
2021-01-07 04:00:00,9.44,51.16,73.18,23.37
2021-01-07 05:00:00,9.66,51.73,73.64,23.21
2021-01-07 06:00:00,14.96,37.9,72.81,23.13
2021-01-07 07:00:00,10.42,54.37,73.94,23.11
2021-01-07 08:00:00,14.88,43.73,73.82,23.7
2021-01-07 09:00:00,23.1,49.94,67.91,25.88
2021-01-07 10:00:00,12.34,57.04,63.66,27.8
2021-01-07 11:00:00,18.95,55.09,61.56,29.2
2021-01-07 12:00:00,7.78,51.95,61.16,29.89
2021-01-07 13:00:00,9.48,59.0,59.56,30.46
2021-01-07 14:00:00,5.13,62.06,60.32,30.11
2021-01-07 15:00:00,12.66,53.08,63.05,29.4
2021-01-07 16:00:00,8.92,46.34,65.22,29.01
2021-01-07 17:00:00,16.56,50.03,68.71,28.48
2021-01-07 18:00:00,7.77,46.46,70.9,27.63
2021-01-07 19:00:00,14.99,44.69,72.47,27.1
2021-01-07 20:00:00,3.02,45.26,72.18,27.04
2021-01-07 21:00:00,26.54,49.38,72.48,27.05
2021-01-07 22:00:00,13.15,53.15,74.61,27.16
2021-01-07 23:00:00,22.7,52.68,77.83,27.09
2021-01-08 00:00:00,5.98,51.37,81.37,26.55
2021-01-08 01:00:00,15.21,53.91,82.7,26.09
2021-01-08 02:00:00,9.57,53.91,82.98,26.0
2021-01-08 03:00:00,12.63,53.6,84.03,25.89
2021-01-08 04:00:00,15.8,49.95,86.09,25.58
2021-01-08 05:00:00,4.34,48.34,87.37,25.29
2021-01-08 06:00:00,12.49,45.18,87.66,25.14
2021-01-08 07:00:00,11.23,45.03,87.69,25.38
2021-01-08 08:00:00,14.35,44.86,91.02,25.66
2021-01-08 09:00:00,29.8,46.94,90.22,26.31
2021-01-08 10:00:00,21.575,55.35,84.41,27.3
2021-01-08 11:00:00,13.35,50.37,80.26,28.26
2021-01-08 12:00:00,3.54,57.12,75.59,29.48
2021-01-08 13:00:00,4.69,58.04,74.46,29.54
2021-01-08 14:00:00,8.83,55.92,75.49,29.27
2021-01-08 15:00:00,6.21,38.34,76.13,28.89
2021-01-08 16:00:00,7.15,50.15,77.09,28.39
2021-01-08 17:00:00,11.43,56.8,76.11,28.52
2021-01-08 18:00:00,15.22,34.2,78.8,28.08
2021-01-08 19:00:00,24.25,11.8,82.82,26.93
2021-01-08 20:00:00,24.152298136645964,50.0,82.97,26.45
2021-01-08 21:00:00,24.054596273291924,50.0,83.47,26.44
2021-01-08 22:00:00,23.956894409937888,50.0,83.4,26.45
2021-01-08 23:00:00,23.859192546583852,50.0,82.7,26.44
2021-01-09 00:00:00,23.761490683229813,50.0,85.84,26.12
2021-01-09 01:00:00,23.663788819875776,50.0,88.97,25.73
2021-01-09 02:00:00,23.56608695652174,50.0,90.11,25.54
2021-01-09 03:00:00,23.4683850931677,50.0,90.2,25.5
2021-01-09 04:00:00,23.370683229813665,50.0,89.73,25.44
2021-01-09 05:00:00,23.27298136645963,50.0,89.77,25.4
2021-01-09 06:00:00,23.17527950310559,50.0,90.52,25.12
2021-01-09 07:00:00,23.077577639751553,50.0,91.11,24.68
2021-01-09 08:00:00,22.979875776397517,50.0,90.02,25.12
2021-01-09 09:00:00,22.882173913043477,50.0,84.44,26.66
2021-01-09 10:00:00,22.78447204968944,50.0,76.09,29.07
2021-01-09 11:00:00,22.686770186335405,50.0,71.11,30.52
2021-01-09 12:00:00,22.589068322981365,50.0,68.64,31.43
2021-01-09 13:00:00,22.49136645962733,50.0,68.4,31.38
2021-01-09 14:00:00,22.393664596273293,50.0,72.13,30.23
2021-01-09 15:00:00,22.295962732919254,50.0,76.91,29.02
2021-01-09 16:00:00,22.198260869565217,50.0,76.78,28.61
2021-01-09 17:00:00,22.10055900621118,50.0,75.65,28.59
2021-01-09 18:00:00,22.002857142857142,50.0,78.24,27.94
2021-01-09 19:00:00,21.905155279503106,50.0,82.41,27.11
2021-01-09 20:00:00,21.80745341614907,50.0,85.81,26.69
2021-01-09 21:00:00,21.70975155279503,50.0,87.9,26.49
2021-01-09 22:00:00,21.612049689440994,50.0,88.94,26.4
2021-01-09 23:00:00,21.514347826086958,50.0,88.69,26.4
2021-01-10 00:00:00,21.416645962732918,50.0,88.98,26.17
2021-01-10 01:00:00,21.318944099378882,50.0,88.43,25.94
2021-01-10 02:00:00,21.221242236024846,50.0,88.22,25.84
2021-01-10 03:00:00,21.123540372670806,50.0,89.54,25.74
2021-01-10 04:00:00,21.02583850931677,50.0,91.27,25.53
2021-01-10 05:00:00,20.928136645962734,50.0,92.55,25.4
2021-01-10 06:00:00,20.830434782608695,50.0,93.23,25.34
2021-01-10 07:00:00,20.73273291925466,50.0,93.67,25.36
2021-01-10 08:00:00,20.635031055900622,50.0,91.05,26.3
2021-01-10 09:00:00,20.537329192546583,50.0,80.59,28.4
2021-01-10 10:00:00,20.439627329192547,50.0,71.35,30.34
2021-01-10 11:00:00,20.341925465838507,50.0,64.99,32.34
2021-01-10 12:00:00,20.24422360248447,50.0,58.39,34.41
2021-01-10 13:00:00,20.146521739130435,50.0,62.81,33.85
2021-01-10 14:00:00,20.048819875776395,50.0,67.18,32.74
2021-01-10 15:00:00,19.95111801242236,50.0,69.16,31.63
2021-01-10 16:00:00,19.853416149068323,50.0,73.64,30.35
2021-01-10 17:00:00,19.755714285714284,50.0,75.4,29.61
2021-01-10 18:00:00,19.658012422360247,50.0,74.89,29.19
2021-01-10 19:00:00,19.56031055900621,50.0,75.41,28.98
2021-01-10 20:00:00,19.46260869565217,50.0,74.57,28.95
2021-01-10 21:00:00,19.364906832298136,50.0,73.68,28.88
2021-01-10 22:00:00,19.2672049689441,50.0,79.96,28.06
2021-01-10 23:00:00,19.16950310559006,50.0,86.24,27.21
2021-01-11 00:00:00,19.071801242236024,50.0,88.29,26.94
2021-01-11 01:00:00,18.974099378881988,50.0,89.3,26.5
2021-01-11 02:00:00,18.876397515527948,50.0,89.71,26.2
2021-01-11 03:00:00,18.778695652173912,50.0,90.88,25.97
2021-01-11 04:00:00,18.680993788819876,50.0,92.15,25.74
2021-01-11 05:00:00,18.583291925465836,50.0,92.84,25.7
2021-01-11 06:00:00,18.4855900621118,50.0,93.38,25.47
2021-01-11 07:00:00,18.387888198757764,50.0,93.48,25.41
2021-01-11 08:00:00,18.290186335403725,50.0,86.03,27.09
2021-01-11 09:00:00,18.19248447204969,50.0,75.19,29.66
2021-01-11 10:00:00,18.094782608695652,50.0,63.15,32.34
2021-01-11 11:00:00,17.997080745341613,50.0,61.87,33.37
2021-01-11 12:00:00,17.899378881987577,50.0,62.26,34.1
2021-01-11 13:00:00,17.80167701863354,50.0,63.72,33.84
2021-01-11 14:00:00,17.7039751552795,50.0,68.38,32.48
2021-01-11 15:00:00,17.606273291925465,50.0,68.12,31.6
2021-01-11 16:00:00,17.50857142857143,50.0,68.02,31.02
2021-01-11 17:00:00,17.41086956521739,50.0,68.74,30.74
2021-01-11 18:00:00,17.313167701863353,50.0,69.15,29.96
2021-01-11 19:00:00,17.215465838509317,50.0,73.24,28.72
2021-01-11 20:00:00,17.117763975155277,50.0,77.63,28.03
2021-01-11 21:00:00,17.02006211180124,50.0,80.56,27.73
2021-01-11 22:00:00,16.922360248447205,50.0,83.66,27.54
2021-01-11 23:00:00,16.824658385093166,50.0,85.68,27.21
2021-01-12 00:00:00,16.72695652173913,50.0,87.5,26.88
2021-01-12 01:00:00,16.629254658385094,50.0,89.12,26.57
2021-01-12 02:00:00,16.531552795031054,50.0,89.26,26.34
2021-01-12 03:00:00,16.433850931677018,50.0,89.51,26.02
2021-01-12 04:00:00,16.33614906832298,50.0,89.73,25.8
2021-01-12 05:00:00,16.238447204968942,50.0,89.43,25.74
2021-01-12 06:00:00,16.140745341614906,50.0,88.56,25.64
2021-01-12 07:00:00,16.04304347826087,50.0,88.0,25.54
2021-01-12 08:00:00,15.945341614906832,50.0,83.24,26.74
2021-01-12 09:00:00,15.847639751552794,50.0,71.72,29.51
2021-01-12 10:00:00,15.749937888198758,50.0,60.03,32.14
2021-01-12 11:00:00,15.65223602484472,50.0,48.66,34.3
2021-01-12 12:00:00,15.554534161490682,50.0,39.68,36.34
2021-01-12 13:00:00,15.456832298136646,50.0,48.46,36.05
2021-01-12 14:00:00,15.359130434782609,50.0,61.85,33.83
2021-01-12 15:00:00,15.26142857142857,50.0,68.03,31.82
2021-01-12 16:00:00,15.163726708074535,50.0,68.62,30.87
2021-01-12 17:00:00,15.066024844720497,50.0,68.17,30.36
2021-01-12 18:00:00,14.968322981366459,50.0,71.63,29.64
2021-01-12 19:00:00,14.870621118012423,50.0,77.56,28.79
2021-01-12 20:00:00,14.772919254658385,50.0,80.36,28.11
2021-01-12 21:00:00,14.675217391304347,50.0,81.83,27.61
2021-01-12 22:00:00,14.57751552795031,50.0,82.44,27.4
2021-01-12 23:00:00,14.479813664596273,50.0,82.78,27.17
2021-01-13 00:00:00,14.382111801242235,50.0,84.84,26.71
2021-01-13 01:00:00,14.284409937888197,50.0,86.63,26.27
2021-01-13 02:00:00,14.186708074534161,50.0,84.98,26.04
2021-01-13 03:00:00,14.089006211180124,50.0,83.86,25.83
2021-01-13 04:00:00,13.991304347826086,50.0,85.12,25.47
2021-01-13 05:00:00,13.89360248447205,50.0,86.03,25.3
2021-01-13 06:00:00,13.795900621118012,50.0,86.03,25.24
2021-01-13 07:00:00,13.698198757763974,50.0,84.93,25.14
2021-01-13 08:00:00,13.600496894409938,50.0,80.88,26.13
2021-01-13 09:00:00,13.5027950310559,50.0,66.04,29.36
2021-01-13 10:00:00,13.405093167701862,50.0,52.68,32.4
2021-01-13 11:00:00,13.307391304347826,50.0,54.75,33.07
2021-01-13 12:00:00,13.209689440993788,50.0,59.63,32.95
2021-01-13 13:00:00,13.11198757763975,50.0,61.83,32.66
2021-01-13 14:00:00,13.014285714285714,50.0,65.36,32.11
2021-01-13 15:00:00,12.916583850931676,50.0,65.77,31.61
2021-01-13 16:00:00,12.818881987577639,50.0,62.35,30.66
2021-01-13 17:00:00,12.721180124223602,50.0,61.28,29.81
2021-01-13 18:00:00,12.623478260869565,50.0,59.22,29.2
2021-01-13 19:00:00,12.525776397515527,50.0,57.64,28.5
2021-01-13 20:00:00,12.42807453416149,50.0,67.17,27.51
2021-01-13 21:00:00,12.330372670807453,50.0,76.05,26.77
2021-01-13 22:00:00,12.232670807453415,50.0,72.58,26.66
2021-01-13 23:00:00,12.134968944099379,50.0,71.36,26.01
2021-01-14 00:00:00,12.037267080745341,50.0,75.31,25.04
2021-01-14 01:00:00,11.939565217391303,50.0,80.16,24.64
2021-01-14 02:00:00,11.841863354037267,50.0,81.97,24.71
2021-01-14 03:00:00,11.74416149068323,50.0,82.02,24.69
2021-01-14 04:00:00,11.646459627329191,50.0,82.28,24.71
2021-01-14 05:00:00,11.548757763975155,50.0,78.16,24.91
2021-01-14 06:00:00,11.451055900621117,50.0,72.37,24.82
2021-01-14 07:00:00,11.35335403726708,50.0,71.74,24.24
2021-01-14 08:00:00,11.255652173913044,50.0,71.7,24.88
2021-01-14 09:00:00,11.157950310559006,50.0,59.8,28.31
2021-01-14 10:00:00,11.060248447204968,50.0,49.04,31.4
2021-01-14 11:00:00,10.962546583850932,50.0,53.05,32.43
2021-01-14 12:00:00,10.864844720496894,50.0,59.48,31.85
2021-01-14 13:00:00,10.767142857142856,50.0,60.83,31.41
2021-01-14 14:00:00,10.66944099378882,50.0,61.8,30.63
2021-01-14 15:00:00,10.571739130434782,50.0,65.08,29.54
2021-01-14 16:00:00,10.474037267080744,50.0,62.39,29.37
2021-01-14 17:00:00,10.376335403726708,50.0,59.91,29.27
2021-01-14 18:00:00,10.27863354037267,50.0,69.11,27.94
2021-01-14 19:00:00,10.180931677018632,50.0,78.87,26.58
2021-01-14 20:00:00,10.083229813664596,50.0,80.76,25.97
2021-01-14 21:00:00,9.985527950310559,50.0,77.35,25.57
2021-01-14 22:00:00,9.88782608695652,50.0,75.31,25.05
2021-01-14 23:00:00,9.790124223602485,50.0,76.32,24.39
2021-01-15 00:00:00,9.692422360248447,120.8,78.33,24.27
2021-01-15 01:00:00,9.594720496894409,73.26,81.84,24.23
2021-01-15 02:00:00,9.497018633540373,59.58,81.27,23.93
2021-01-15 03:00:00,9.399316770186335,52.53,79.44,23.86
2021-01-15 04:00:00,9.301614906832297,27.73,82.0,23.73
2021-01-15 05:00:00,9.203913043478261,50.0,85.46,23.25
2021-01-15 06:00:00,9.106211180124223,50.0,88.33,22.77
2021-01-15 07:00:00,9.008509316770185,50.0,90.47,22.48
2021-01-15 08:00:00,8.91080745341615,50.0,83.12,23.27
2021-01-15 09:00:00,8.813105590062111,50.0,72.04,25.46
2021-01-15 10:00:00,8.715403726708074,50.0,70.34,27.46
2021-01-15 11:00:00,8.617701863354036,333.29,68.43,29.2
2021-01-15 12:00:00,8.52,177.99,65.44,30.29
2021-01-15 13:00:00,3.2,67.68,67.47,29.75
2021-01-15 14:00:00,10.7,53.9,68.33,29.02
2021-01-15 15:00:00,2.71,50.43,65.85,29.19
2021-01-15 16:00:00,2.57,50.56,62.48,28.7
2021-01-15 17:00:00,1.97,50.23,58.34,28.31
2021-01-15 18:00:00,19.62,48.26,62.76,27.59
2021-01-15 19:00:00,19.4,48.48,70.23,26.25
2021-01-15 20:00:00,4.12,47.62,74.15,25.41
2021-01-15 21:00:00,5.52,48.22,73.25,24.85
2021-01-15 22:00:00,4.16,50.03,70.55,24.72
2021-01-15 23:00:00,0.83,51.83,69.62,24.1
2021-01-16 00:00:00,1.59,53.97,70.38,23.19
2021-01-16 01:00:00,9.96,51.89,74.85,22.43
2021-01-16 02:00:00,4.49,52.57,74.91,22.16
2021-01-16 03:00:00,4.38,53.35,72.94,22.14
2021-01-16 04:00:00,6.98,52.02,73.83,21.93
2021-01-16 05:00:00,14.25,50.39,75.72,21.56
2021-01-16 06:00:00,10.86,48.59,79.11,21.34
2021-01-16 07:00:00,4.74,48.69,80.9,21.18
2021-01-16 08:00:00,22.91,48.05,73.55,23.2
2021-01-16 09:00:00,11.87,49.84,59.72,26.33
2021-01-16 10:00:00,0.83,52.76,50.62,28.49
2021-01-16 11:00:00,8.35,54.02,48.33,29.73
2021-01-16 12:00:00,12.19,56.39,47.73,30.39
2021-01-16 13:00:00,3.89,56.7,47.34,31.01
2021-01-16 14:00:00,2.01,53.92,48.12,31.06
2021-01-16 15:00:00,4.35,46.22,53.95,30.08
2021-01-16 16:00:00,8.69,54.69,63.01,28.62
2021-01-16 17:00:00,5.88,47.62,67.03,27.59
2021-01-16 18:00:00,13.33,47.11,68.89,26.6
2021-01-16 19:00:00,20.41,49.13,73.25,25.98
2021-01-16 20:00:00,11.21,46.21,76.49,25.55
2021-01-16 21:00:00,3.55,48.95,77.38,25.01
2021-01-16 22:00:00,5.3,46.86,75.28,24.62
2021-01-16 23:00:00,13.08,51.14,76.91,24.32
2021-01-17 00:00:00,13.57,51.17,79.55,23.79
2021-01-17 01:00:00,5.31,53.78,80.62,23.44
2021-01-17 02:00:00,15.56,50.72,82.54,23.23
2021-01-17 03:00:00,16.43,53.11,84.78,22.87
2021-01-17 04:00:00,10.35,52.58,86.52,22.76
2021-01-17 05:00:00,12.58,47.78,85.58,22.68
2021-01-17 06:00:00,6.17,48.65,83.16,22.48
2021-01-17 07:00:00,10.09,47.8,82.96,22.46
2021-01-17 08:00:00,24.94,46.95,77.26,24.07
2021-01-17 09:00:00,2.59,47.48,67.61,26.54
2021-01-17 10:00:00,4.8,49.53,58.3,28.55
2021-01-17 11:00:00,16.46,52.37,56.4,29.71
2021-01-17 12:00:00,5.83,54.37,55.74,30.47
2021-01-17 13:00:00,5.42,53.94,52.28,30.68
2021-01-17 14:00:00,5.01,53.97,49.5,30.89
2021-01-17 15:00:00,14.31,52.51,51.06,30.63
2021-01-17 16:00:00,7.91,51.19,54.78,29.89
2021-01-17 17:00:00,17.17,47.06,60.1,28.95
2021-01-17 18:00:00,17.77,45.65,66.67,27.62
2021-01-17 19:00:00,10.43,46.55,71.66,26.53
2021-01-17 20:00:00,8.54,47.2,74.77,26.02
2021-01-17 21:00:00,6.18,47.09,76.09,25.43
2021-01-17 22:00:00,9.64,49.69,77.06,24.92
2021-01-17 23:00:00,11.95,51.23,78.54,25.09
2021-01-18 00:00:00,3.02,51.06,81.91,24.77
2021-01-18 01:00:00,6.55,39.41,84.15,24.23
2021-01-18 02:00:00,13.16,64.29,84.58,23.98
2021-01-18 03:00:00,3.96,46.21,82.43,24.13
2021-01-18 04:00:00,7.75,54.27,78.7,24.18
2021-01-18 05:00:00,10.39,45.53,78.66,23.93
2021-01-18 06:00:00,9.86,46.9,81.16,24.15
2021-01-18 07:00:00,8.98,46.7,82.38,24.46
2021-01-18 08:00:00,11.5,46.55,81.28,24.73
2021-01-18 09:00:00,9.64,47.07,74.51,26.77
2021-01-18 10:00:00,9.74,50.0,63.24,28.8
2021-01-18 11:00:00,9.84,53.77,57.97,30.18
2021-01-18 12:00:00,9.87,55.6,59.14,31.15
2021-01-18 13:00:00,1.75,56.26,59.87,31.4
2021-01-18 14:00:00,2.88,54.47,60.58,30.64
2021-01-18 15:00:00,5.07,53.06,58.67,30.34
2021-01-18 16:00:00,10.84,50.84,58.84,29.91
2021-01-18 17:00:00,11.47,48.79,62.61,29.09
2021-01-18 18:00:00,5.25,47.26,68.19,28.03
2021-01-18 19:00:00,17.81,46.59,74.9,27.2
2021-01-18 20:00:00,3.43,46.42,75.93,26.64
2021-01-18 21:00:00,0.38,48.48,70.93,26.34
2021-01-18 22:00:00,2.9,49.86,63.94,25.89
2021-01-18 23:00:00,10.14,51.2,64.14,25.01
2021-01-19 00:00:00,8.7,50.89,66.22,24.36
2021-01-19 01:00:00,10.46,51.66,67.81,24.14
2021-01-19 02:00:00,12.3,52.68,72.12,23.75
2021-01-19 03:00:00,18.16,50.7,77.12,23.5
2021-01-19 04:00:00,7.66,50.2,78.86,23.73
2021-01-19 05:00:00,6.97,47.32,79.52,23.49
2021-01-19 06:00:00,9.01,46.03,80.63,23.08
2021-01-19 07:00:00,11.21,45.52,74.88,23.06
2021-01-19 08:00:00,2.63,44.65,65.3,24.34
2021-01-19 09:00:00,11.31,45.85,57.83,27.14
2021-01-19 10:00:00,11.475000000000001,49.19,48.96,29.91
2021-01-19 11:00:00,11.64,53.12,43.36,32.02
2021-01-19 12:00:00,20.82,55.94,47.62,32.74
2021-01-19 13:00:00,1.68,54.83,50.61,32.82
2021-01-19 14:00:00,10.09,59.87,49.84,33.02
2021-01-19 15:00:00,11.62,52.0,53.72,32.51
2021-01-19 16:00:00,15.75,51.17,60.48,30.98
2021-01-19 17:00:00,13.82,48.85,63.2,29.55
2021-01-19 18:00:00,11.27,45.9,66.73,28.63
2021-01-19 19:00:00,17.23,46.48,67.84,27.89
2021-01-19 20:00:00,7.53,47.79,71.38,27.01
2021-01-19 21:00:00,14.37,48.73,76.86,26.48
2021-01-19 22:00:00,13.43,48.28,78.85,26.1
2021-01-19 23:00:00,0.8,51.43,79.33,25.55
2021-01-20 00:00:00,11.95,51.2,80.26,25.12
2021-01-20 01:00:00,11.33,51.02,79.8,24.82
2021-01-20 02:00:00,5.17,50.64,79.51,24.58
2021-01-20 03:00:00,1.47,50.74,78.8,24.09
2021-01-20 04:00:00,6.11,49.05,80.04,23.56
2021-01-20 05:00:00,13.76,48.46,82.16,23.34
2021-01-20 06:00:00,14.27,50.48,83.64,23.18
2021-01-20 07:00:00,18.69,45.07,83.94,23.1
2021-01-20 08:00:00,18.49,44.87,75.39,24.28
2021-01-20 09:00:00,1.33,44.82,60.09,27.24
2021-01-20 10:00:00,2.01,48.99,48.01,30.19
2021-01-20 11:00:00,14.26,53.11,47.65,31.32
2021-01-20 12:00:00,4.5,55.29,49.28,31.82
2021-01-20 13:00:00,13.04,58.09,49.51,32.22
2021-01-20 14:00:00,7.02,53.36,52.02,31.88
2021-01-20 15:00:00,6.47,51.06,55.54,31.3
2021-01-20 16:00:00,6.15,50.11,56.64,30.56
2021-01-20 17:00:00,5.51,47.96,54.32,29.72
2021-01-20 18:00:00,9.54,45.91,50.34,28.69
2021-01-20 19:00:00,12.5,51.98,52.05,27.37
2021-01-20 20:00:00,13.15,45.48,57.08,26.74
2021-01-20 21:00:00,10.36,46.23,52.72,26.64
2021-01-20 22:00:00,5.39,48.83,46.48,25.71
2021-01-20 23:00:00,5.64,52.59,48.73,24.45
2021-01-21 00:00:00,10.3,56.27,53.46,23.7
2021-01-21 01:00:00,10.24,51.45,57.91,23.32
2021-01-21 02:00:00,22.26,50.23,66.26,23.38
2021-01-21 03:00:00,6.34,50.45,66.97,22.84
2021-01-21 04:00:00,1.44,49.06,59.86,22.94
2021-01-21 05:00:00,10.98,47.44,59.85,22.7
2021-01-21 06:00:00,18.66,45.66,65.5,22.42
2021-01-21 07:00:00,5.82,46.56,69.09,22.38
2021-01-21 08:00:00,6.62,47.14,67.64,23.25
2021-01-21 09:00:00,9.26,47.02,58.73,25.68
2021-01-21 10:00:00,12.89,48.09,51.08,27.97
2021-01-21 11:00:00,20.68,57.18,51.02,29.29
2021-01-21 12:00:00,12.5,55.35,50.24,30.77
2021-01-21 13:00:00,5.2,55.07,48.12,31.14
2021-01-21 14:00:00,3.96,53.99,49.02,30.72
2021-01-21 15:00:00,6.04,51.46,49.17,30.06
2021-01-21 16:00:00,14.03,49.87,52.46,29.34
2021-01-21 17:00:00,14.5,48.17,58.61,28.38
2021-01-21 18:00:00,8.88,46.64,63.32,27.12
2021-01-21 19:00:00,20.63,47.4,67.52,26.12
2021-01-21 20:00:00,23.5,46.09,73.46,25.44
2021-01-21 21:00:00,6.56,47.88,75.88,25.08
2021-01-21 22:00:00,16.9,48.97,76.97,24.94
2021-01-21 23:00:00,7.27,50.07,79.39,24.42
2021-01-22 00:00:00,1.76,50.57,80.7,23.86
2021-01-22 01:00:00,7.86,55.66,82.21,23.22
2021-01-22 02:00:00,8.63,51.11,82.98,22.78
2021-01-22 03:00:00,5.22,52.42,83.44,22.34
2021-01-22 04:00:00,6.48,50.38,83.2,21.92
2021-01-22 05:00:00,12.68,48.31,83.46,21.56
2021-01-22 06:00:00,1.79,47.15,82.04,21.28
2021-01-22 07:00:00,7.49,46.85,81.58,21.2
2021-01-22 08:00:00,17.41,46.22,76.34,22.28
2021-01-22 09:00:00,6.25,45.88,64.52,24.86
2021-01-22 10:00:00,5.67,50.28,55.9,27.3
2021-01-22 11:00:00,12.03,53.4,52.26,29.6
2021-01-22 12:00:00,12.22,54.89,51.72,30.6
2021-01-22 13:00:00,10.04,55.65,53.14,31.14
2021-01-22 14:00:00,6.33,55.0,54.98,30.78
2021-01-22 15:00:00,3.63,54.27,58.16,30.0
2021-01-22 16:00:00,23.45,51.97,64.66,29.2
2021-01-22 17:00:00,8.39,55.11,68.5,28.5
2021-01-22 18:00:00,16.87,47.66,70.4,27.58
2021-01-22 19:00:00,0.76,46.93,70.38,26.68
2021-01-22 20:00:00,8.07,45.9,68.44,26.1
2021-01-22 21:00:00,7.29,51.64,68.8,25.42
2021-01-22 22:00:00,28.47,46.73,74.94,24.86
2021-01-22 23:00:00,9.42,50.79,80.06,24.58
2021-01-23 00:00:00,5.36,49.68,81.88,24.2
2021-01-23 01:00:00,13.15,50.25,84.14,23.76
2021-01-23 02:00:00,7.69,49.69,85.96,23.48
2021-01-23 03:00:00,6.58,50.54,85.14,23.1
2021-01-23 04:00:00,3.05,47.61,84.36,22.72
2021-01-23 05:00:00,5.05,46.91,73.78,23.26
2021-01-23 06:00:00,6.03,46.13,65.8,23.28
2021-01-23 07:00:00,1.16,46.15,63.64,22.88
2021-01-23 08:00:00,17.66,44.66,63.68,23.4
2021-01-23 09:00:00,9.0,47.95,59.18,26.02
2021-01-23 10:00:00,12.53,49.26,51.14,29.24
2021-01-23 11:00:00,8.5,51.87,47.44,31.84
2021-01-23 12:00:00,25.73,56.83,49.16,33.22
2021-01-23 13:00:00,5.39,56.61,51.74,32.9
2021-01-23 14:00:00,6.12,54.64,52.2,32.92
2021-01-23 15:00:00,11.47,53.81,56.44,31.76
2021-01-23 16:00:00,12.59,50.95,62.64,30.38
2021-01-23 17:00:00,16.46,48.78,68.64,29.14
2021-01-23 18:00:00,13.76,44.41,73.0,27.78
2021-01-23 19:00:00,7.38,48.07,73.78,26.64
2021-01-23 20:00:00,6.34,46.63,73.62,26.08
2021-01-23 21:00:00,8.59,47.97,75.8,25.8
2021-01-23 22:00:00,0.11,46.57,77.9,25.6
2021-01-23 23:00:00,7.49,50.75,80.98,24.92
2021-01-24 00:00:00,14.87,50.44,84.26,23.83
2021-01-24 01:00:00,10.293333333333333,50.99,85.66333333333334,23.456666666666667
2021-01-24 02:00:00,5.716666666666667,51.54,87.06666666666666,23.083333333333332
2021-01-24 03:00:00,1.14,52.09,88.47,22.71
2021-01-24 04:00:00,3.6500000000000004,51.64,87.89,22.47
2021-01-24 05:00:00,6.16,48.28,87.13,22.25
2021-01-24 06:00:00,27.82,47.69,87.6,22.2
2021-01-24 07:00:00,22.2875,46.85666666666666,77.66666666666666,24.133333333333333
2021-01-24 08:00:00,16.755000000000003,46.02333333333333,67.73333333333333,26.066666666666666
2021-01-24 09:00:00,11.2225,45.19,57.8,28.0
2021-01-24 10:00:00,5.69,48.45,56.65,28.66
2021-01-24 11:00:00,2.51,52.39,52.63,30.19
2021-01-24 12:00:00,5.21,54.91,53.71,30.9
2021-01-24 13:00:00,14.35,55.25,55.31,31.2
2021-01-24 14:00:00,2.07,52.98,58.88,29.95
2021-01-24 15:00:00,7.52,52.44,63.82,29.12
2021-01-24 16:00:00,14.96,50.72,63.7,28.96
2021-01-24 17:00:00,8.675,48.83,62.05,28.19
2021-01-24 18:00:00,2.39,48.64,60.67,27.56
2021-01-24 19:00:00,16.06,47.39,65.69,26.49
2021-01-24 20:00:00,14.71,46.03,70.67,25.78
2021-01-24 21:00:00,5.88,47.11,71.38,25.34
2021-01-24 22:00:00,6.779999999999999,47.87,62.46,24.8
2021-01-24 23:00:00,7.68,48.68,61.0,23.87
2021-01-25 00:00:00,12.56,52.38,67.49,22.86
2021-01-25 01:00:00,8.23,50.42,70.5,22.38
2021-01-25 02:00:00,5.12,52.04,71.26,21.94
2021-01-25 03:00:00,11.83,51.5,73.31,21.34
2021-01-25 04:00:00,4.75,51.71,75.11,20.98
2021-01-25 05:00:00,9.41,48.36,75.92,20.66
2021-01-25 06:00:00,5.15,46.65,75.66,20.44
2021-01-25 07:00:00,18.3,45.62,75.84,20.46
2021-01-25 08:00:00,11.65,47.73,72.39,21.59
2021-01-25 09:00:00,2.09,46.5,62.45,24.18
2021-01-25 10:00:00,13.5,48.28,56.39,26.61
2021-01-25 11:00:00,2.17,51.08,50.03,28.55
2021-01-25 12:00:00,24.82,53.53,45.07,30.21
2021-01-25 13:00:00,4.34,56.28,46.26,30.74
2021-01-25 14:00:00,4.22,53.81,45.48,29.97
2021-01-25 15:00:00,7.42,52.03,45.43,29.08
2021-01-25 16:00:00,14.6,51.36,50.9,28.44
2021-01-25 17:00:00,15.8,49.44,55.59,27.41
2021-01-25 18:00:00,21.06,46.3,62.21,26.36
2021-01-25 19:00:00,13.95,48.32,68.89,25.52
2021-01-25 20:00:00,8.8,46.77,72.41,24.84
2021-01-25 21:00:00,14.08,46.26,70.13,24.48
2021-01-25 22:00:00,9.4,49.65,66.73,24.22
2021-01-25 23:00:00,11.31,49.09,67.84,23.92
2021-01-26 00:00:00,12.77,50.97,71.58,23.07
2021-01-26 01:00:00,3.21,51.85,71.08,22.84
2021-01-26 02:00:00,11.96,50.88,74.24,21.91
2021-01-26 03:00:00,1.78,51.83,78.11,20.89
2021-01-26 04:00:00,13.41,50.65,77.97,20.64
2021-01-26 05:00:00,5.64,49.41,79.25,20.36
2021-01-26 06:00:00,12.98,48.2,79.37,20.08
2021-01-26 07:00:00,2.84,44.48,79.37,19.88
2021-01-26 08:00:00,17.14,47.63,77.74,21.01
2021-01-26 09:00:00,4.12,46.01,67.44,23.86
2021-01-26 10:00:00,9.39,45.69,55.06,26.85
2021-01-26 11:00:00,12.91,54.58,53.04,28.76
2021-01-26 12:00:00,9.01,55.25,52.63,29.36
2021-01-26 13:00:00,6.57,54.89,51.74,29.28
2021-01-26 14:00:00,8.68,54.92,55.44,29.32
2021-01-26 15:00:00,5.58,53.2,58.49,28.91
2021-01-26 16:00:00,15.39,50.74,61.99,27.56
2021-01-26 17:00:00,6.55,49.11,63.96,26.66
2021-01-26 18:00:00,17.09,47.55,67.85,25.95
2021-01-26 19:00:00,13.93,47.27,74.27,24.99
2021-01-26 20:00:00,10.88,47.32,76.86,24.36
2021-01-26 21:00:00,4.3,48.67,75.06,23.89
2021-01-26 22:00:00,0.76,49.41,76.22,23.09
2021-01-26 23:00:00,12.56,50.12,79.78,22.21
2021-01-27 00:00:00,6.77,51.36,82.32,21.59
2021-01-27 01:00:00,10.44,51.86,82.37,21.03
2021-01-27 02:00:00,7.96,49.8,83.91,20.49
2021-01-27 03:00:00,7.83,49.03,86.61,20.18
2021-01-27 04:00:00,7.14,50.14,85.91,19.79
2021-01-27 05:00:00,13.15,50.25,85.39,19.54
2021-01-27 06:00:00,4.84,48.93,84.97,19.44
2021-01-27 07:00:00,8.76,46.33,84.74,19.58
2021-01-27 08:00:00,27.92,46.57,79.77,20.74
2021-01-27 09:00:00,2.94,46.08,66.97,23.72
2021-01-27 10:00:00,10.0,49.42,56.13,26.61
2021-01-27 11:00:00,13.26,51.96,52.55,28.84
2021-01-27 12:00:00,3.84,53.59,51.04,29.27
2021-01-27 13:00:00,4.64,54.71,48.46,29.3
2021-01-27 14:00:00,9.1,54.47,50.96,29.62
2021-01-27 15:00:00,8.63,52.8,56.72,28.96
2021-01-27 16:00:00,7.2,52.14,61.71,28.13
2021-01-27 17:00:00,3.58,50.52,65.94,27.29
2021-01-27 18:00:00,16.06,48.58,69.51,25.92
2021-01-27 19:00:00,7.85,47.19,72.51,24.63
2021-01-27 20:00:00,10.21,45.65,73.84,23.71
2021-01-27 21:00:00,7.73,47.65,74.18,23.46
2021-01-27 22:00:00,6.98,47.46,77.11,22.7
2021-01-27 23:00:00,21.75,50.5,81.22,21.83
2021-01-28 00:00:00,0.28,51.43,84.47,21.36
2021-01-28 01:00:00,12.98,51.51,85.91,20.95
2021-01-28 02:00:00,7.13,51.8,85.79,20.49
2021-01-28 03:00:00,7.99,50.37,84.86,20.12
2021-01-28 04:00:00,14.75,50.88,86.06,19.81
2021-01-28 05:00:00,6.68,49.45,87.22,19.52
2021-01-28 06:00:00,13.31,47.61,85.32,19.27
2021-01-28 07:00:00,8.32,47.1,83.3,19.51
2021-01-28 08:00:00,10.27,44.78,78.17,20.62
2021-01-28 09:00:00,13.52,45.29,70.61,23.17
2021-01-28 10:00:00,7.49,48.87,60.42,26.44
2021-01-28 11:00:00,13.45,50.08,52.26,29.3
2021-01-28 12:00:00,7.12,52.94,52.09,30.48
2021-01-28 13:00:00,3.22,53.9,55.25,29.92
2021-01-28 14:00:00,18.26,54.39,57.2,29.56
2021-01-28 15:00:00,0.59,54.8,55.05,29.66
2021-01-28 16:00:00,15.39,52.2,60.55,28.46
2021-01-28 17:00:00,4.34,48.67,67.9,26.84
2021-01-28 18:00:00,9.23,48.29,71.92,25.56
2021-01-28 19:00:00,9.4,46.19,74.22,24.67
2021-01-28 20:00:00,13.64,45.09,74.43,23.91
2021-01-28 21:00:00,4.0,46.91,72.47,23.54
2021-01-28 22:00:00,12.32,48.9,74.91,22.64
2021-01-28 23:00:00,4.99,51.36,76.97,21.98
2021-01-29 00:00:00,17.51,52.26,77.33,21.53
2021-01-29 01:00:00,7.09,51.34,79.82,20.8
2021-01-29 02:00:00,15.15,52.94,83.36,20.25
2021-01-29 03:00:00,6.0,52.61,85.19,19.85
2021-01-29 04:00:00,11.42,50.27,85.5,19.57
2021-01-29 05:00:00,12.79,48.76,85.07,19.38
2021-01-29 06:00:00,7.09,48.0,83.94,19.18
2021-01-29 07:00:00,8.99,45.39,82.97,19.1
2021-01-29 08:00:00,24.61,45.09,79.49,20.39
2021-01-29 09:00:00,3.01,45.74,65.97,23.66
2021-01-29 10:00:00,3.24,48.52,55.34,26.31
2021-01-29 11:00:00,5.45,55.12,50.44,29.02
2021-01-29 12:00:00,15.66,57.85,49.87,30.55
2021-01-29 13:00:00,23.51,53.19,51.09,31.01
2021-01-29 14:00:00,6.87,51.12,53.31,30.83
2021-01-29 15:00:00,10.61,51.12,55.3,29.8
2021-01-29 16:00:00,11.74,50.65,58.94,28.87
2021-01-29 17:00:00,7.35,49.19,62.94,27.92
2021-01-29 18:00:00,4.59,46.88,62.04,27.19
2021-01-29 19:00:00,22.05,48.3,67.73,26.07
2021-01-29 20:00:00,3.09,48.21,76.41,25.01
2021-01-29 21:00:00,10.21,48.41,81.69,24.08
2021-01-29 22:00:00,16.09,47.62,84.78,23.27
2021-01-29 23:00:00,1.1,50.11,83.48,22.75
2021-01-30 00:00:00,14.29,51.66,81.35,22.16
2021-01-30 01:00:00,5.99,53.16,81.71,21.59
2021-01-30 02:00:00,7.86,53.8,83.44,21.27
2021-01-30 03:00:00,7.64,51.19,85.94,21.01
2021-01-30 04:00:00,11.96,51.7,85.26,20.84
2021-01-30 05:00:00,5.32,49.27,76.3,21.42
2021-01-30 06:00:00,7.55,43.58,74.36,20.93
2021-01-30 07:00:00,14.39,45.04,77.84,20.34
2021-01-30 08:00:00,15.86,48.7,76.78,21.54
2021-01-30 09:00:00,4.19,45.61,64.11,25.29
2021-01-30 10:00:00,2.21,46.79,51.72,28.59
2021-01-30 11:00:00,0.81,53.02,44.11,30.87
2021-01-30 12:00:00,12.7,55.61,37.33,32.82
2021-01-30 13:00:00,5.73,56.67,41.77,33.5
2021-01-30 14:00:00,19.55,54.13,47.62,33.0
2021-01-30 15:00:00,0.97,52.87,46.36,32.26
2021-01-30 16:00:00,14.71,48.59,55.02,30.13
2021-01-30 17:00:00,11.98,48.14,61.16,28.38
2021-01-30 18:00:00,11.68,48.77,64.06,27.38
2021-01-30 19:00:00,18.3,47.67,60.51,26.81
2021-01-30 20:00:00,2.08,46.69,55.87,26.08
2021-01-30 21:00:00,3.76,47.42,55.68,25.32
2021-01-30 22:00:00,12.2,48.26,59.08,24.48
2021-01-30 23:00:00,8.58,51.88,64.88,23.6
2021-01-31 00:00:00,21.5,51.28,70.53,22.92
2021-01-31 01:00:00,10.72,51.85,72.81,22.45
2021-01-31 02:00:00,3.43,51.34,75.55,21.74
2021-01-31 03:00:00,11.05,50.66,78.53,21.21
2021-01-31 04:00:00,13.13,50.34,81.33,21.04
2021-01-31 05:00:00,9.08,48.94,81.0,20.94
2021-01-31 06:00:00,13.54,47.05,77.11,20.71
2021-01-31 07:00:00,11.94,47.59,72.75,20.54
2021-01-31 08:00:00,8.22,45.62,67.4,21.87
2021-01-31 09:00:00,4.02,46.24,52.72,25.56
2021-01-31 10:00:00,4.75,48.7,43.7,28.48
2021-01-31 11:00:00,2.14,50.72,37.95,30.88
2021-01-31 12:00:00,26.75,55.31,41.28,32.15
2021-01-31 13:00:00,5.61,55.22,45.28,32.17
2021-01-31 14:00:00,9.77,53.79,48.7,31.23
2021-01-31 15:00:00,13.12,52.08,51.94,31.13
2021-01-31 16:00:00,16.42,50.57,59.92,29.78
2021-01-31 17:00:00,7.96,50.11,61.03,28.55
2021-01-31 18:00:00,5.1,48.13,59.35,28.02
2021-01-31 19:00:00,0.75,46.19,56.61,27.17
2021-01-31 20:00:00,5.14,45.43,52.83,26.05
2021-01-31 21:00:00,9.87,47.61,57.69,25.41
2021-01-31 22:00:00,15.75,47.22,65.38,24.73
2021-01-31 23:00:00,4.83,50.65,70.56,24.15
2021-02-01 00:00:00,23.42,52.58,75.59,23.81
2021-02-01 01:00:00,6.16,51.87,78.91,23.51
2021-02-01 02:00:00,10.72,52.25,78.08,23.15
2021-02-01 03:00:00,4.31,51.13,74.17,23.0
2021-02-01 04:00:00,4.18,49.59,70.16,23.0
2021-02-01 05:00:00,11.24,46.81,70.35,22.75
2021-02-01 06:00:00,9.95,45.84,72.61,22.48
2021-02-01 07:00:00,8.77,45.73,70.54,22.4
2021-02-01 08:00:00,3.98,46.04,61.21,24.52
2021-02-01 09:00:00,0.88,44.4,50.94,27.54
2021-02-01 10:00:00,19.65,48.52,45.93,30.11
2021-02-01 11:00:00,3.0,52.94,44.0,32.32
2021-02-01 12:00:00,14.26,55.82,42.52,33.91
2021-02-01 13:00:00,7.99,56.72,40.55,35.28
2021-02-01 14:00:00,8.62,54.64,48.49,34.54
2021-02-01 15:00:00,9.48,53.02,52.5,33.3
2021-02-01 16:00:00,4.01,51.02,54.31,31.81
2021-02-01 17:00:00,4.51,50.9,56.8,30.79
2021-02-01 18:00:00,20.98,48.62,59.22,29.59
2021-02-01 19:00:00,10.92,47.58,64.69,28.31
2021-02-01 20:00:00,25.56,46.69,70.81,27.4
2021-02-01 21:00:00,7.93,47.15,73.72,26.79
2021-02-01 22:00:00,7.6,48.53,73.0,26.22
2021-02-01 23:00:00,2.18,50.42,73.49,25.5
2021-02-02 00:00:00,3.17,50.84,75.2,25.01
2021-02-02 01:00:00,19.47,50.69,77.87,24.84
2021-02-02 02:00:00,6.53,50.45,68.99,25.8
2021-02-02 03:00:00,7.79,50.82,63.56,26.09
2021-02-02 04:00:00,7.0,49.17,62.14,26.02
2021-02-02 05:00:00,3.73,49.03,60.34,25.66
2021-02-02 06:00:00,3.07,47.08,58.58,25.65
2021-02-02 07:00:00,19.16,45.42,58.37,25.48
2021-02-02 08:00:00,10.03,46.05,54.56,26.55
2021-02-02 09:00:00,3.62,46.08,47.45,28.87
2021-02-02 10:00:00,8.03,49.84,40.43,31.18
2021-02-02 11:00:00,3.02,53.21,34.82,33.19
2021-02-02 12:00:00,0.27,55.55,30.05,35.16
2021-02-02 13:00:00,0.26,56.69,25.79,36.46
2021-02-02 14:00:00,1.98,58.58,21.79,37.43
2021-02-02 15:00:00,6.529999999999999,56.67,20.43,37.36
2021-02-02 16:00:00,11.08,55.41,43.16,34.52
2021-02-02 17:00:00,25.51,48.25,60.8,30.67
2021-02-02 18:00:00,4.92,45.21,63.49,28.73
2021-02-02 19:00:00,12.8,43.79,62.97,28.15
2021-02-02 20:00:00,16.77,46.42,68.0,27.62
2021-02-02 21:00:00,14.71,46.88,72.7,26.96
2021-02-02 22:00:00,2.45,49.25,71.97,26.26
2021-02-02 23:00:00,4.63,50.59,69.56,25.56
2021-02-03 00:00:00,6.82,51.04,67.32,25.36
2021-02-03 01:00:00,0.77,50.84,68.51,24.84
2021-02-03 02:00:00,4.79,51.94,72.78,23.94
2021-02-03 03:00:00,21.43,51.87,74.41,23.47
2021-02-03 04:00:00,2.25,49.83,74.93,23.27
2021-02-03 05:00:00,15.2,49.08,79.03,23.07
2021-02-03 06:00:00,12.56,47.98,83.29,23.0
2021-02-03 07:00:00,6.96,46.55,83.42,22.87
2021-02-03 08:00:00,21.85,47.23,78.24,24.26
2021-02-03 09:00:00,0.34,46.27,61.98,27.5
2021-02-03 10:00:00,9.65,50.34,44.73,29.98
2021-02-03 11:00:00,3.25,55.54,34.67,32.25
2021-02-03 12:00:00,2.34,56.35,27.95,34.47
2021-02-03 13:00:00,10.9,55.72,26.74,35.45
2021-02-03 14:00:00,2.56,54.39,29.68,35.41
2021-02-03 15:00:00,8.74,53.4,30.11,34.6
2021-02-03 16:00:00,14.92,51.21,33.65,33.06
2021-02-03 17:00:00,4.89,47.78,41.7,31.32
2021-02-03 18:00:00,19.28,47.91,51.78,29.88
2021-02-03 19:00:00,12.3,46.15,59.81,28.45
2021-02-03 20:00:00,15.56,44.66,62.83,27.77
2021-02-03 21:00:00,6.73,46.13,64.15,27.13
2021-02-03 22:00:00,32.12,48.07,65.84,26.67
2021-02-03 23:00:00,7.68,50.53,64.22,26.34
2021-02-04 00:00:00,6.03,51.48,64.8,25.56
2021-02-04 01:00:00,4.8,51.59,67.04,24.69
2021-02-04 02:00:00,12.05,52.11,69.16,24.14
2021-02-04 03:00:00,11.97,51.96,71.01,23.81
2021-02-04 04:00:00,3.83,49.65,74.38,23.7
2021-02-04 05:00:00,11.28,48.28,75.68,23.45
2021-02-04 06:00:00,13.46,47.37,75.37,23.23
2021-02-04 07:00:00,11.89,46.35,74.41,23.14
2021-02-04 08:00:00,5.0,47.94,66.68,24.55
2021-02-04 09:00:00,6.15,46.92,56.23,27.43
2021-02-04 10:00:00,8.82,50.12,47.98,29.55
2021-02-04 11:00:00,14.59,52.51,39.22,31.37
2021-02-04 12:00:00,20.36,54.36,41.53,32.03
2021-02-04 13:00:00,10.39,55.12,46.04,31.68
2021-02-04 14:00:00,17.31,53.53,47.9,31.37
2021-02-04 15:00:00,11.65,53.81,46.32,30.92
2021-02-04 16:00:00,20.74,50.97,56.02,29.94
2021-02-04 17:00:00,13.79,49.5,62.78,28.99
2021-02-04 18:00:00,17.27,48.53,64.39,27.94
2021-02-04 19:00:00,9.16,47.92,66.78,27.05
2021-02-04 20:00:00,1.53,46.56,67.76,26.48
2021-02-04 21:00:00,10.08,47.16,66.59,25.85
2021-02-04 22:00:00,2.06,48.29,66.92,25.09
2021-02-04 23:00:00,12.86,49.78,68.08,24.54
2021-02-05 00:00:00,7.52,51.47,70.89,24.14
2021-02-05 01:00:00,21.74,51.26,74.98,23.68
2021-02-05 02:00:00,0.49,50.94,74.01,23.82
2021-02-05 03:00:00,6.19,50.41,70.75,24.19
2021-02-05 04:00:00,23.65,49.88,75.83,24.3
2021-02-05 05:00:00,10.67,49.47,77.51,23.91
2021-02-05 06:00:00,1.35,47.58,75.28,23.38
2021-02-05 07:00:00,19.57,44.99,76.71,22.69
2021-02-05 08:00:00,1.12,45.77,68.51,23.8
2021-02-05 09:00:00,5.73,47.46,56.55,26.2
2021-02-05 10:00:00,7.89,49.78,44.62,29.34
2021-02-05 11:00:00,9.33,53.68,47.22,30.21
2021-02-05 12:00:00,7.22,54.59,50.47,30.64
2021-02-05 13:00:00,15.68,55.41,48.98,30.87
2021-02-05 14:00:00,15.76,55.16,51.59,30.61
2021-02-05 15:00:00,19.94,53.81,56.02,30.43
2021-02-05 16:00:00,7.05,51.89,54.62,29.7
2021-02-05 17:00:00,6.51,49.83,56.96,28.66
2021-02-05 18:00:00,5.68,48.44,55.75,27.91
2021-02-05 19:00:00,9.11,45.16,58.46,27.06
2021-02-05 20:00:00,5.59,47.12,60.46,26.57
2021-02-05 21:00:00,7.76,47.17,52.24,26.5
2021-02-05 22:00:00,5.44,48.57,47.86,25.67
2021-02-05 23:00:00,16.65,50.14,45.92,25.2
2021-02-06 00:00:00,8.66,51.01,46.52,24.88
2021-02-06 01:00:00,9.85,52.87,48.78,24.12
2021-02-06 02:00:00,11.11,51.77,53.46,22.97
2021-02-06 03:00:00,9.59,52.5,57.49,22.11
2021-02-06 04:00:00,7.77,50.13,59.97,21.58
2021-02-06 05:00:00,22.26,49.29,59.46,21.34
2021-02-06 06:00:00,17.05,46.73,59.72,21.17
2021-02-06 07:00:00,3.95,45.61,60.49,21.1
2021-02-06 08:00:00,4.61,46.02,52.04,23.4
2021-02-06 09:00:00,5.36,46.97,42.6,26.49
2021-02-06 10:00:00,16.14,46.59,38.78,28.27
2021-02-06 11:00:00,13.59,52.05,37.08,30.04
2021-02-06 12:00:00,8.36,55.49,35.03,31.88
2021-02-06 13:00:00,10.1,57.94,33.43,33.78
2021-02-06 14:00:00,14.79,56.43,34.22,34.82
2021-02-06 15:00:00,23.86,52.33,45.4,33.0
2021-02-06 16:00:00,14.35,50.65,52.42,30.93
2021-02-06 17:00:00,4.56,49.77,50.33,30.27
2021-02-06 18:00:00,15.82,49.48,48.41,29.62
2021-02-06 19:00:00,6.96,47.05,47.88,28.91
2021-02-06 20:00:00,12.06,46.86,50.53,28.57
2021-02-06 21:00:00,2.73,46.41,51.65,28.11
2021-02-06 22:00:00,13.31,48.59,51.66,27.45
2021-02-06 23:00:00,1.83,50.05,49.03,26.88
2021-02-07 00:00:00,0.69,52.17,41.96,27.6
2021-02-07 01:00:00,8.33,50.68,38.84,28.04
2021-02-07 02:00:00,0.96,51.35,38.48,27.48
2021-02-07 03:00:00,5.5,50.78,38.49,27.07
2021-02-07 04:00:00,1.39,47.74,38.92,26.42
2021-02-07 05:00:00,10.71,48.28,39.42,25.65
2021-02-07 06:00:00,2.07,47.41,39.66,25.14
2021-02-07 07:00:00,0.78,46.81,39.7,24.93
2021-02-07 08:00:00,12.53,45.99,38.73,25.86
2021-02-07 09:00:00,4.67,45.1,36.39,27.36
2021-02-07 10:00:00,21.89,48.42,33.98,29.0
2021-02-07 11:00:00,9.93,53.09,32.23,30.82
2021-02-07 12:00:00,14.81,55.34,31.12,32.47
2021-02-07 13:00:00,4.56,56.17,27.96,34.74
2021-02-07 14:00:00,8.71,55.21,31.88,35.44
2021-02-07 15:00:00,4.32,53.58,33.42,34.53
2021-02-07 16:00:00,30.6,48.38,46.91,31.91
2021-02-07 17:00:00,8.55,47.82,49.52,30.44
2021-02-07 18:00:00,16.17,48.8,47.31,29.59
2021-02-07 19:00:00,8.82,47.22,49.76,27.98
2021-02-07 20:00:00,0.78,46.04,48.19,27.3
2021-02-07 21:00:00,12.78,48.01,44.77,27.62
2021-02-07 22:00:00,3.39,49.35,44.73,27.48
2021-02-07 23:00:00,7.26,50.87,47.55,26.33
2021-02-08 00:00:00,12.91,50.5,51.12,25.09
2021-02-08 01:00:00,3.92,50.19,55.56,24.12
2021-02-08 02:00:00,7.12,51.36,54.2,23.93
2021-02-08 03:00:00,3.28,49.79,49.79,24.71
2021-02-08 04:00:00,15.22,50.12,49.07,24.58
2021-02-08 05:00:00,10.11,47.72,47.76,24.36
2021-02-08 06:00:00,3.66,47.702799999999996,46.67,24.46
2021-02-08 07:00:00,8.4,47.6856,47.11,24.3
2021-02-08 08:00:00,2.01,47.6684,45.66,25.16
2021-02-08 09:00:00,18.39,47.651199999999996,41.61,27.31
2021-02-08 10:00:00,7.21,47.634,35.77,30.0
2021-02-08 11:00:00,9.59,47.6168,30.79,32.09
2021-02-08 12:00:00,7.66,47.5996,26.4,34.05
2021-02-08 13:00:00,1.53,47.5824,23.64,35.31
2021-02-08 14:00:00,8.37,47.5652,25.45,35.92
2021-02-08 15:00:00,13.5,47.548,25.7,35.2
2021-02-08 16:00:00,15.37,47.5308,38.31,32.77
2021-02-08 17:00:00,26.96,47.5136,48.18,30.93
2021-02-08 18:00:00,16.98,47.4964,46.63,29.6
2021-02-08 19:00:00,5.79,47.4792,46.93,28.32
2021-02-08 20:00:00,5.6,47.461999999999996,45.94,27.84
2021-02-08 21:00:00,11.96,47.4448,40.8,27.41
2021-02-08 22:00:00,6.77,47.4276,40.08,26.3
2021-02-08 23:00:00,2.75,47.410399999999996,42.51,25.35
2021-02-09 00:00:00,9.22,47.3932,47.78,24.13
2021-02-09 01:00:00,0.5,47.376,53.23,23.21
2021-02-09 02:00:00,13.75,47.3588,57.8,22.68
2021-02-09 03:00:00,8.14,47.3416,59.78,22.69
2021-02-09 04:00:00,3.05,47.3244,55.45,23.38
2021-02-09 05:00:00,6.61,47.3072,50.73,23.77
2021-02-09 06:00:00,0.11,47.29,50.08,23.67
2021-02-09 07:00:00,19.77,46.57,49.23,23.6
2021-02-09 08:00:00,3.97,45.64,44.89,25.62
2021-02-09 09:00:00,9.69,47.6,37.9,28.52
2021-02-09 10:00:00,8.51,49.53,31.3,30.73
2021-02-09 11:00:00,13.21,53.03,25.62,32.63
2021-02-09 12:00:00,7.64,58.61,22.07,34.8
2021-02-09 13:00:00,13.86,60.38,25.42,36.25
2021-02-09 14:00:00,7.72,56.57,36.54,35.1
2021-02-09 15:00:00,13.12,56.56,44.03,33.0
2021-02-09 16:00:00,28.52,52.11,53.62,31.26
2021-02-09 17:00:00,14.83,48.0,54.49,29.79
2021-02-09 18:00:00,4.39,44.38,49.22,29.04
2021-02-09 19:00:00,2.3,43.69,51.75,27.92
2021-02-09 20:00:00,18.74,44.23,56.83,27.07
2021-02-09 21:00:00,5.74,46.26,59.8,26.25
2021-02-09 22:00:00,10.66,48.3,60.14,25.38
2021-02-09 23:00:00,4.58,50.24,61.27,24.58
2021-02-10 00:00:00,8.04,51.72,65.77,23.84
2021-02-10 01:00:00,20.85,51.12,68.25,23.21
2021-02-10 02:00:00,7.92,52.25,71.42,22.74
2021-02-10 03:00:00,2.85,51.69,74.04,22.14
2021-02-10 04:00:00,13.44,50.28,72.91,21.7
2021-02-10 05:00:00,15.02,49.65,71.09,21.47
2021-02-10 06:00:00,0.65,47.6,71.51,21.27
2021-02-10 07:00:00,18.36,46.66,75.97,21.33
2021-02-10 08:00:00,7.7,47.32,62.5,23.48
2021-02-10 09:00:00,2.34,47.61,45.06,27.07
2021-02-10 10:00:00,16.75,48.9,36.36,29.89
2021-02-10 11:00:00,10.79,52.86,33.39,31.48
2021-02-10 12:00:00,11.12,54.9,37.65,32.62
2021-02-10 13:00:00,10.2,56.48,40.91,33.13
2021-02-10 14:00:00,9.84,56.31,42.34,33.0
2021-02-10 15:00:00,10.62,53.35,48.23,32.31
2021-02-10 16:00:00,12.52,51.27,54.67,31.09
2021-02-10 17:00:00,31.97,46.79,64.85,29.56
2021-02-10 18:00:00,9.52,47.62,72.09,28.16
2021-02-10 19:00:00,12.19,47.39,71.0,26.79
2021-02-10 20:00:00,6.06,46.55,67.58,26.3
2021-02-10 21:00:00,20.81,46.35,70.11,25.71
2021-02-10 22:00:00,5.58,47.36,73.77,24.74
2021-02-10 23:00:00,6.96,49.76,75.09,24.14
2021-02-11 00:00:00,5.18,51.78,77.33,23.74
2021-02-11 01:00:00,17.32,51.92,80.37,23.27
2021-02-11 02:00:00,16.02,51.75,83.43,22.77
2021-02-11 03:00:00,7.45,51.84,85.28,22.34
2021-02-11 04:00:00,8.31,50.1,83.93,22.0
2021-02-11 05:00:00,20.41,48.87,82.87,21.96
2021-02-11 06:00:00,4.94,46.77,82.93,21.74
2021-02-11 07:00:00,10.22,47.27,82.41,21.4
2021-02-11 08:00:00,17.18,49.01,76.72,23.07
2021-02-11 09:00:00,10.629999999999999,46.76,57.9,26.82
2021-02-11 10:00:00,4.08,51.04,41.96,30.0
2021-02-11 11:00:00,1.71,55.62,33.94,32.34
2021-02-11 12:00:00,23.03,56.63,36.85,33.62
2021-02-11 13:00:00,11.14,59.34,41.47,34.29
2021-02-11 14:00:00,20.01,58.48,46.11,33.84
2021-02-11 15:00:00,16.52,56.1,52.59,32.06
2021-02-11 16:00:00,5.95,54.12,53.88,30.97
2021-02-11 17:00:00,18.3,47.3,57.95,30.01
2021-02-11 18:00:00,3.46,43.29,60.14,28.68
2021-02-11 19:00:00,25.16,42.78,62.75,27.67
2021-02-11 20:00:00,12.82,43.57,68.98,27.01
2021-02-11 21:00:00,15.32,45.12,72.22,26.08
2021-02-11 22:00:00,7.93,48.33,74.3,25.24
2021-02-11 23:00:00,8.75,48.13,76.44,24.61
2021-02-12 00:00:00,15.83,49.45,80.38,24.14
2021-02-12 01:00:00,4.88,50.77,80.66,23.67
2021-02-12 02:00:00,4.33,52.1,81.34,23.3
2021-02-12 03:00:00,8.77,51.78,83.21,22.94
2021-02-12 04:00:00,18.95,49.16,82.88,22.73
2021-02-12 05:00:00,4.79,47.84,81.61,22.5
2021-02-12 06:00:00,15.15,46.77,79.69,22.53
2021-02-12 07:00:00,3.32,46.14,74.38,22.47
2021-02-12 08:00:00,11.01,46.27,68.72,24.1
2021-02-12 09:00:00,5.74,47.13,59.72,26.96
2021-02-12 10:00:00,4.36,50.68,49.67,29.77
2021-02-12 11:00:00,11.04,54.13,42.4,32.08
2021-02-12 12:00:00,22.82,55.79,45.94,33.06
2021-02-12 13:00:00,9.27,58.28,52.37,31.95
2021-02-12 14:00:00,13.29,56.7,54.07,31.3
2021-02-12 15:00:00,5.01,53.65,55.39,30.97
2021-02-12 16:00:00,2.34,50.13,60.13,30.27
2021-02-12 17:00:00,13.41,46.89,66.83,29.14
2021-02-12 18:00:00,18.27,45.42,70.12,28.04
2021-02-12 19:00:00,19.24,45.88,75.16,27.23
2021-02-12 20:00:00,5.62,45.85,79.02,26.67
2021-02-12 21:00:00,4.77,45.47,78.28,26.17
2021-02-12 22:00:00,0.48,47.54,73.14,25.93
2021-02-12 23:00:00,6.33,50.19,68.98,25.44
2021-02-13 00:00:00,4.73,51.18,69.12,24.8
2021-02-13 01:00:00,4.68,51.09,68.77,24.34
2021-02-13 02:00:00,6.48,50.51,69.62,23.87
2021-02-13 03:00:00,1.06,49.35,68.38,23.3
2021-02-13 04:00:00,2.87,50.68,65.02,22.84
2021-02-13 05:00:00,4.23,49.37,58.18,22.77
2021-02-13 06:00:00,6.05,46.75,60.72,22.6
2021-02-13 07:00:00,6.95,45.72,63.23,22.3
2021-02-13 08:00:00,21.27,46.2,60.12,23.59
2021-02-13 09:00:00,6.92,47.36,50.27,26.94
2021-02-13 10:00:00,0.44,50.17,40.45,29.69
2021-02-13 11:00:00,5.86,52.93,36.61,31.19
2021-02-13 12:00:00,12.11,55.15,38.35,32.06
2021-02-13 13:00:00,26.75,57.2,44.06,32.43
2021-02-13 14:00:00,9.84,55.52,50.5,32.17
2021-02-13 15:00:00,8.01,52.62,56.7,31.47
2021-02-13 16:00:00,6.41,51.81,60.85,30.54
2021-02-13 17:00:00,9.98,47.84,66.33,29.07
2021-02-13 18:00:00,28.8,45.57,73.89,28.1
2021-02-13 19:00:00,6.1,44.97,78.78,27.17
2021-02-13 20:00:00,3.29,44.98,81.16,26.6
2021-02-13 21:00:00,12.06,47.54,81.33,26.1
2021-02-13 22:00:00,17.98,48.11,80.84,25.5
2021-02-13 23:00:00,11.87,50.19,80.57,25.1
2021-02-14 00:00:00,2.06,51.37,80.1,24.93
2021-02-14 01:00:00,17.35,50.7,79.64,25.16
2021-02-14 02:00:00,3.49,51.1,80.75,25.1
2021-02-14 03:00:00,6.71,50.27,82.52,24.34
2021-02-14 04:00:00,8.79,49.95,84.16,23.67
2021-02-14 05:00:00,6.18,49.69,84.63,23.43
2021-02-14 06:00:00,8.11,47.48,84.86,23.07
2021-02-14 07:00:00,5.67,48.14,83.74,23.16
2021-02-14 08:00:00,6.57,47.08,77.23,24.16
2021-02-14 09:00:00,8.41,45.89,68.9,26.8
2021-02-14 10:00:00,4.76,49.4,63.0,28.63
2021-02-14 11:00:00,7.14,54.13,59.66,30.2
2021-02-14 12:00:00,11.28,56.89,59.8,31.27
2021-02-14 13:00:00,17.59,56.77,59.3,31.63
2021-02-14 14:00:00,14.42,55.3,59.66,31.77
2021-02-14 15:00:00,1.53,54.28,62.56,31.2
2021-02-14 16:00:00,9.6,52.64,67.33,29.56
2021-02-14 17:00:00,8.48,46.9,68.36,28.56
2021-02-14 18:00:00,14.82,46.64,67.47,27.8
2021-02-14 19:00:00,4.07,45.95,70.8,27.16
2021-02-14 20:00:00,8.83,45.82,72.6,26.66
2021-02-14 21:00:00,5.74,46.83,72.4,26.43
2021-02-14 22:00:00,4.42,48.54,72.63,26.13
2021-02-14 23:00:00,5.54,49.52,72.4,25.53
2021-02-15 00:00:00,1.43,50.76,71.06,25.36
2021-02-15 01:00:00,10.08,52.01,70.23,25.46
2021-02-15 02:00:00,12.88,51.56,72.36,25.23
2021-02-15 03:00:00,2.23,50.53,76.03,24.37
2021-02-15 04:00:00,10.91,50.27,80.1,23.93
2021-02-15 05:00:00,12.35,48.92,82.83,23.96
2021-02-15 06:00:00,6.85,47.24,83.5,23.87
2021-02-15 07:00:00,7.25,46.1,82.83,23.8
2021-02-15 08:00:00,16.18,46.84,79.23,24.86
2021-02-15 09:00:00,8.12,47.19,72.86,26.6
2021-02-15 10:00:00,3.89,49.03,66.43,27.93
2021-02-15 11:00:00,0.3,53.66,63.4,28.9
2021-02-15 12:00:00,3.86,56.54,63.1,29.53
2021-02-15 13:00:00,11.69,56.06,62.4,30.1
2021-02-15 14:00:00,7.03,53.38,65.27,29.97
2021-02-15 15:00:00,5.66,53.47,69.83,29.13
2021-02-15 16:00:00,11.33,51.66,68.43,28.73
2021-02-15 17:00:00,45.93,50.57,67.0,28.7
2021-02-15 18:00:00,45.77974576271186,52.504999999999995,72.55,27.7
2021-02-15 19:00:00,45.62949152542373,54.44,78.1,26.7
2021-02-15 20:00:00,45.47923728813559,54.426681614349775,78.10986547085201,26.70224215246637
2021-02-15 21:00:00,45.328983050847455,54.41336322869955,78.11973094170403,26.704484304932734
2021-02-15 22:00:00,45.178728813559324,54.40004484304932,78.12959641255605,26.706726457399103
2021-02-15 23:00:00,45.028474576271186,54.3867264573991,78.13946188340806,26.70896860986547
2021-02-16 00:00:00,44.87822033898305,54.37340807174888,78.14932735426008,26.711210762331838
2021-02-16 01:00:00,44.72796610169492,54.360089686098654,78.1591928251121,26.713452914798207
2021-02-16 02:00:00,44.57771186440678,54.34677130044843,78.16905829596412,26.715695067264573
2021-02-16 03:00:00,44.42745762711864,54.3334529147982,78.17892376681614,26.717937219730942
2021-02-16 04:00:00,44.27720338983051,54.32013452914798,78.18878923766816,26.720179372197308
2021-02-16 05:00:00,44.12694915254237,54.306816143497755,78.19865470852018,26.722421524663677
2021-02-16 06:00:00,43.976694915254235,54.29349775784753,78.20852017937219,26.724663677130046
2021-02-16 07:00:00,43.826440677966104,54.28017937219731,78.2183856502242,26.72690582959641
2021-02-16 08:00:00,43.67618644067797,54.26686098654708,78.22825112107623,26.72914798206278
2021-02-16 09:00:00,43.52593220338983,54.25354260089686,78.23811659192825,26.731390134529146
2021-02-16 10:00:00,43.3756779661017,54.240224215246634,78.24798206278027,26.733632286995515
2021-02-16 11:00:00,43.22542372881356,54.22690582959641,78.25784753363229,26.73587443946188
2021-02-16 12:00:00,43.07516949152542,54.21358744394619,78.26771300448429,26.73811659192825
2021-02-16 13:00:00,42.92491525423729,54.20026905829596,78.27757847533631,26.74035874439462
2021-02-16 14:00:00,42.77466101694915,54.186950672645736,78.28744394618833,26.742600896860985
2021-02-16 15:00:00,42.624406779661015,54.17363228699551,78.29730941704035,26.744843049327354
2021-02-16 16:00:00,42.474152542372885,54.16031390134529,78.30717488789237,26.74708520179372
2021-02-16 17:00:00,42.32389830508475,54.14699551569507,78.31704035874439,26.74932735426009
2021-02-16 18:00:00,42.17364406779661,54.13367713004484,78.32690582959641,26.751569506726458
2021-02-16 19:00:00,42.02338983050848,54.120358744394615,78.33677130044842,26.753811659192824
2021-02-16 20:00:00,41.87313559322034,54.10704035874439,78.34663677130044,26.756053811659193
2021-02-16 21:00:00,41.7228813559322,54.09372197309417,78.35650224215246,26.75829596412556
2021-02-16 22:00:00,41.572627118644064,54.080403587443946,78.36636771300448,26.760538116591928
2021-02-16 23:00:00,41.42237288135593,54.06708520179372,78.3762331838565,26.762780269058297
2021-02-17 00:00:00,41.272118644067795,54.053766816143494,78.38609865470852,26.765022421524662
2021-02-17 01:00:00,41.121864406779665,54.04044843049327,78.39596412556054,26.76726457399103
2021-02-17 02:00:00,40.97161016949153,54.02713004484305,78.40582959641254,26.769506726457397
2021-02-17 03:00:00,40.82135593220339,54.013811659192825,78.41569506726456,26.771748878923766
2021-02-17 04:00:00,40.67110169491525,54.000493273542595,78.42556053811659,26.773991031390135
2021-02-17 05:00:00,40.52084745762712,53.98717488789237,78.4354260089686,26.7762331838565
2021-02-17 06:00:00,40.37059322033898,53.97385650224215,78.44529147982063,26.77847533632287
2021-02-17 07:00:00,40.22033898305085,53.96053811659193,78.45515695067265,26.780717488789236
2021-02-17 08:00:00,40.07008474576271,53.947219730941704,78.46502242152467,26.782959641255605
2021-02-17 09:00:00,39.919830508474575,53.933901345291474,78.47488789237667,26.78520179372197
2021-02-17 10:00:00,39.76957627118644,53.92058295964125,78.48475336322869,26.78744394618834
2021-02-17 11:00:00,39.61932203389831,53.90726457399103,78.49461883408071,26.78968609865471
2021-02-17 12:00:00,39.46906779661017,53.893946188340806,78.50448430493273,26.791928251121075
2021-02-17 13:00:00,39.31881355932204,53.88062780269058,78.51434977578475,26.794170403587444
2021-02-17 14:00:00,39.1685593220339,53.86730941704036,78.52421524663677,26.79641255605381
2021-02-17 15:00:00,39.01830508474576,53.85399103139013,78.53408071748878,26.79865470852018
2021-02-17 16:00:00,38.868050847457624,53.84067264573991,78.5439461883408,26.800896860986548
2021-02-17 17:00:00,38.71779661016949,53.827354260089685,78.55381165919282,26.803139013452913
2021-02-17 18:00:00,38.567542372881356,53.81403587443946,78.56367713004484,26.805381165919282
2021-02-17 19:00:00,38.41728813559322,53.80071748878924,78.57354260089686,26.807623318385648
2021-02-17 20:00:00,38.26703389830509,53.78739910313901,78.58340807174888,26.809865470852017
2021-02-17 21:00:00,38.11677966101695,53.774080717488786,78.5932735426009,26.812107623318386
2021-02-17 22:00:00,37.96652542372881,53.76076233183856,78.6031390134529,26.814349775784752
2021-02-17 23:00:00,37.81627118644068,53.74744394618834,78.61300448430492,26.81659192825112
2021-02-18 00:00:00,37.66601694915254,53.73412556053812,78.62286995515694,26.818834080717487
2021-02-18 01:00:00,37.51576271186441,53.72080717488789,78.63273542600896,26.821076233183856
2021-02-18 02:00:00,37.365508474576274,53.707488789237665,78.64260089686098,26.823318385650225
2021-02-18 03:00:00,37.215254237288136,53.69417040358744,78.652466367713,26.82556053811659
2021-02-18 04:00:00,37.065,53.68085201793722,78.66233183856502,26.82780269058296
2021-02-18 05:00:00,36.91474576271187,53.667533632287,78.67219730941703,26.830044843049325
2021-02-18 06:00:00,36.76449152542373,53.65421524663677,78.68206278026905,26.832286995515695
2021-02-18 07:00:00,36.61423728813559,53.640896860986544,78.69192825112107,26.834529147982064
2021-02-18 08:00:00,36.46398305084746,53.62757847533632,78.70179372197309,26.83677130044843
2021-02-18 09:00:00,36.31372881355932,53.6142600896861,78.71165919282511,26.8390134529148
2021-02-18 10:00:00,36.163474576271184,53.600941704035876,78.72152466367713,26.841255605381164
2021-02-18 11:00:00,36.013220338983054,53.587623318385646,78.73139013452915,26.843497757847533
2021-02-18 12:00:00,35.862966101694916,53.57430493273542,78.74125560538116,26.8457399103139
2021-02-18 13:00:00,35.71271186440678,53.5609865470852,78.75112107623318,26.847982062780268
2021-02-18 14:00:00,35.56245762711865,53.54766816143498,78.7609865470852,26.850224215246637
2021-02-18 15:00:00,35.41220338983051,53.534349775784754,78.77085201793722,26.852466367713003
2021-02-18 16:00:00,35.26194915254237,53.521031390134524,78.78071748878924,26.854708520179372
2021-02-18 17:00:00,35.11169491525423,53.5077130044843,78.79058295964126,26.856950672645738
2021-02-18 18:00:00,34.9614406779661,53.49439461883408,78.80044843049326,26.859192825112107
2021-02-18 19:00:00,34.811186440677965,53.481076233183856,78.81031390134528,26.861434977578476
2021-02-18 20:00:00,34.660932203389834,53.46775784753363,78.8201793721973,26.86367713004484
2021-02-18 21:00:00,34.510677966101696,53.4544394618834,78.83004484304932,26.86591928251121
2021-02-18 22:00:00,34.36042372881356,53.44112107623318,78.83991031390134,26.868161434977576
2021-02-18 23:00:00,34.21016949152542,53.42780269058296,78.84977578475336,26.870403587443946
2021-02-19 00:00:00,34.05991525423729,53.414484304932735,78.85964125560538,26.872645739910315
2021-02-19 01:00:00,33.90966101694915,53.40116591928251,78.86950672645739,26.87488789237668
2021-02-19 02:00:00,33.75940677966102,53.38784753363228,78.87937219730941,26.87713004484305
2021-02-19 03:00:00,33.60915254237288,53.37452914798206,78.88923766816143,26.879372197309415
2021-02-19 04:00:00,33.458898305084745,53.36121076233184,78.89910313901345,26.881614349775784
2021-02-19 05:00:00,33.30864406779661,53.347892376681614,78.90896860986547,26.883856502242153
2021-02-19 06:00:00,33.158389830508476,53.33457399103139,78.91883408071749,26.88609865470852
2021-02-19 07:00:00,33.00813559322034,53.32125560538116,78.92869955156951,26.888340807174888
2021-02-19 08:00:00,32.85788135593221,53.30793721973094,78.93856502242151,26.890582959641254
2021-02-19 09:00:00,32.70762711864407,53.294618834080715,78.94843049327353,26.892825112107623
2021-02-19 10:00:00,32.55737288135593,53.28130044843049,78.95829596412555,26.89506726457399
2021-02-19 11:00:00,32.40711864406779,53.26798206278027,78.96816143497757,26.897309417040358
2021-02-19 12:00:00,32.25686440677966,53.25466367713004,78.9780269058296,26.899551569506727
2021-02-19 13:00:00,32.106610169491525,53.24134529147982,78.98789237668161,26.901793721973092
2021-02-19 14:00:00,31.95635593220339,53.228026905829594,78.99775784753363,26.90403587443946
2021-02-19 15:00:00,31.806101694915256,53.21470852017937,79.00762331838564,26.906278026905827
2021-02-19 16:00:00,31.655847457627118,53.20139013452915,79.01748878923766,26.908520179372196
2021-02-19 17:00:00,31.505593220338984,53.18807174887892,79.02735426008968,26.910762331838566
2021-02-19 18:00:00,31.35533898305085,53.174753363228696,79.0372197309417,26.91300448430493
2021-02-19 19:00:00,31.20508474576271,53.16143497757847,79.04708520179372,26.9152466367713
2021-02-19 20:00:00,31.054830508474577,53.14811659192825,79.05695067264574,26.917488789237666
2021-02-19 21:00:00,30.904576271186443,53.13479820627803,79.06681614349776,26.919730941704035
2021-02-19 22:00:00,30.754322033898305,53.1214798206278,79.07668161434977,26.921973094170404
2021-02-19 23:00:00,30.60406779661017,53.108161434977575,79.08654708520179,26.92421524663677
2021-02-20 00:00:00,30.453813559322036,53.09484304932735,79.0964125560538,26.92645739910314
2021-02-20 01:00:00,30.303559322033898,53.08152466367713,79.10627802690583,26.928699551569505
2021-02-20 02:00:00,30.153305084745764,53.068206278026906,79.11614349775785,26.930941704035874
2021-02-20 03:00:00,30.00305084745763,53.054887892376684,79.12600896860987,26.933183856502243
2021-02-20 04:00:00,29.85279661016949,53.041569506726454,79.13587443946187,26.93542600896861
2021-02-20 05:00:00,29.702542372881357,53.02825112107623,79.14573991031389,26.937668161434978
2021-02-20 06:00:00,29.552288135593223,53.01493273542601,79.15560538116591,26.939910313901343
2021-02-20 07:00:00,29.402033898305085,53.001614349775785,79.16547085201793,26.942152466367713
2021-02-20 08:00:00,29.25177966101695,52.988295964125555,79.17533632286995,26.94439461883408
2021-02-20 09:00:00,29.101525423728816,52.97497757847533,79.18520179372197,26.946636771300447
2021-02-20 10:00:00,28.951271186440678,52.96165919282511,79.19506726457399,26.948878923766816
2021-02-20 11:00:00,28.801016949152544,52.94834080717489,79.204932735426,26.951121076233182
2021-02-20 12:00:00,28.650762711864406,52.935022421524664,79.21479820627802,26.95336322869955
2021-02-20 13:00:00,28.50050847457627,52.92170403587444,79.22466367713004,26.955605381165917
2021-02-20 14:00:00,28.350254237288137,52.90838565022421,79.23452914798206,26.957847533632286
2021-02-20 15:00:00,28.2,52.89506726457399,79.24439461883408,26.960089686098655
2021-02-20 16:00:00,28.049745762711865,52.881748878923766,79.2542600896861,26.96233183856502
2021-02-20 17:00:00,27.89949152542373,52.86843049327354,79.26412556053812,26.96457399103139
2021-02-20 18:00:00,27.749237288135593,52.85511210762332,79.27399103139012,26.966816143497756
2021-02-20 19:00:00,27.59898305084746,52.84179372197309,79.28385650224214,26.969058295964125
2021-02-20 20:00:00,27.448728813559324,52.82847533632287,79.29372197309416,26.971300448430494
2021-02-20 21:00:00,27.298474576271186,52.815156950672645,79.30358744394618,26.97354260089686
2021-02-20 22:00:00,27.14822033898305,52.80183856502242,79.3134529147982,26.97578475336323
2021-02-20 23:00:00,26.997966101694917,52.7885201793722,79.32331838565023,26.978026905829594
2021-02-21 00:00:00,26.84771186440678,52.77520179372197,79.33318385650225,26.980269058295963
2021-02-21 01:00:00,26.697457627118645,52.761883408071746,79.34304932735425,26.982511210762333
2021-02-21 02:00:00,26.54720338983051,52.74856502242152,79.35291479820627,26.984753363228698
2021-02-21 03:00:00,26.396949152542373,52.7352466367713,79.36278026905829,26.986995515695067
2021-02-21 04:00:00,26.24669491525424,52.72192825112108,79.37264573991031,26.989237668161433
2021-02-21 05:00:00,26.096440677966104,52.70860986547085,79.38251121076233,26.991479820627802
2021-02-21 06:00:00,25.946186440677966,52.695291479820625,79.39237668161435,26.99372197309417
2021-02-21 07:00:00,25.79593220338983,52.6819730941704,79.40224215246636,26.995964125560537
2021-02-21 08:00:00,25.645677966101697,52.66865470852018,79.41210762331838,26.998206278026906
2021-02-21 09:00:00,25.49542372881356,52.65533632286996,79.4219730941704,27.00044843049327
2021-02-21 10:00:00,25.345169491525425,52.64201793721973,79.43183856502242,27.00269058295964
2021-02-21 11:00:00,25.19491525423729,52.628699551569504,79.44170403587444,27.00493273542601
2021-02-21 12:00:00,25.044661016949153,52.61538116591928,79.45156950672646,27.007174887892376
2021-02-21 13:00:00,24.89440677966102,52.60206278026906,79.46143497757848,27.009417040358745
2021-02-21 14:00:00,24.744152542372884,52.588744394618836,79.47130044843048,27.01165919282511
2021-02-21 15:00:00,24.593898305084746,52.575426008968606,79.4811659192825,27.01390134529148
2021-02-21 16:00:00,24.443644067796612,52.56210762331838,79.49103139013452,27.016143497757845
2021-02-21 17:00:00,24.293389830508474,52.54878923766816,79.50089686098654,27.018385650224214
2021-02-21 18:00:00,24.14313559322034,52.53547085201794,79.51076233183856,27.020627802690584
2021-02-21 19:00:00,23.992881355932205,52.522152466367714,79.52062780269058,27.02286995515695
2021-02-21 20:00:00,23.842627118644067,52.508834080717484,79.5304932735426,27.02511210762332
2021-02-21 21:00:00,23.692372881355933,52.49551569506726,79.54035874439461,27.027354260089684
2021-02-21 22:00:00,23.5421186440678,52.48219730941704,79.55022421524663,27.029596412556053
2021-02-21 23:00:00,23.39186440677966,52.468878923766816,79.56008968609865,27.031838565022422
2021-02-22 00:00:00,23.241610169491526,52.45556053811659,79.56995515695067,27.034080717488788
2021-02-22 01:00:00,23.091355932203392,52.44224215246636,79.57982062780269,27.036322869955157
2021-02-22 02:00:00,22.941101694915254,52.42892376681614,79.58968609865471,27.038565022421523
2021-02-22 03:00:00,22.79084745762712,52.41560538116592,79.59955156950673,27.04080717488789
2021-02-22 04:00:00,22.640593220338985,52.402286995515695,79.60941704035874,27.04304932735426
2021-02-22 05:00:00,22.490338983050847,52.38896860986547,79.61928251121076,27.045291479820627
2021-02-22 06:00:00,22.340084745762713,52.37565022421524,79.62914798206278,27.047533632286996
2021-02-22 07:00:00,22.18983050847458,52.36233183856502,79.6390134529148,27.04977578475336
2021-02-22 08:00:00,22.03957627118644,52.3490134529148,79.64887892376682,27.05201793721973
2021-02-22 09:00:00,21.889322033898306,52.335695067264574,79.65874439461884,27.0542600896861
2021-02-22 10:00:00,21.739067796610172,52.32237668161435,79.66860986547084,27.056502242152465
2021-02-22 11:00:00,21.588813559322034,52.30905829596412,79.67847533632286,27.058744394618834
2021-02-22 12:00:00,21.4385593220339,52.2957399103139,79.68834080717488,27.0609865470852
2021-02-22 13:00:00,21.288305084745765,52.282421524663675,79.6982062780269,27.06322869955157
2021-02-22 14:00:00,21.138050847457627,52.26910313901345,79.70807174887892,27.065470852017935
2021-02-22 15:00:00,20.987796610169493,52.25578475336323,79.71793721973094,27.067713004484304
2021-02-22 16:00:00,20.83754237288136,52.242466367713,79.72780269058296,27.069955156950673
2021-02-22 17:00:00,20.68728813559322,52.22914798206278,79.73766816143497,27.07219730941704
2021-02-22 18:00:00,20.537033898305086,52.215829596412554,79.74753363228699,27.074439461883408
2021-02-22 19:00:00,20.386779661016952,52.20251121076233,79.75739910313901,27.076681614349773
2021-02-22 20:00:00,20.236525423728814,52.18919282511211,79.76726457399103,27.078923766816143
2021-02-22 21:00:00,20.08627118644068,52.17587443946188,79.77713004484305,27.081165919282512
2021-02-22 22:00:00,19.936016949152545,52.162556053811656,79.78699551569507,27.083408071748877
2021-02-22 23:00:00,19.785762711864407,52.14923766816143,79.79686098654709,27.085650224215247
2021-02-23 00:00:00,19.635508474576273,52.13591928251121,79.8067264573991,27.087892376681612
2021-02-23 01:00:00,19.48525423728814,52.12260089686099,79.81659192825111,27.09013452914798
2021-02-23 02:00:00,19.335,52.109282511210765,79.82645739910313,27.09237668161435
2021-02-23 03:00:00,19.184745762711866,52.095964125560535,79.83632286995515,27.094618834080716
2021-02-23 04:00:00,19.03449152542373,52.08264573991031,79.84618834080717,27.096860986547085
2021-02-23 05:00:00,18.884237288135594,52.06932735426009,79.8560538116592,27.09910313901345
2021-02-23 06:00:00,18.73398305084746,52.056008968609866,79.86591928251121,27.10134529147982
2021-02-23 07:00:00,18.583728813559322,52.04269058295964,79.87578475336322,27.10358744394619
2021-02-23 08:00:00,18.433474576271188,52.029372197309414,79.88565022421524,27.105829596412555
2021-02-23 09:00:00,18.283220338983053,52.01605381165919,79.89551569506726,27.108071748878924
2021-02-23 10:00:00,18.132966101694915,52.00273542600897,79.90538116591928,27.11031390134529
2021-02-23 11:00:00,17.98271186440678,51.989417040358745,79.9152466367713,27.11255605381166
2021-02-23 12:00:00,17.832457627118647,51.97609865470852,79.92511210762332,27.114798206278024
2021-02-23 13:00:00,17.68220338983051,51.96278026905829,79.93497757847533,27.117040358744394
2021-02-23 14:00:00,17.531949152542374,51.94946188340807,79.94484304932735,27.119282511210763
2021-02-23 15:00:00,17.38169491525424,51.93614349775785,79.95470852017937,27.12152466367713
2021-02-23 16:00:00,17.231440677966102,51.922825112107624,79.96457399103139,27.123766816143497
2021-02-23 17:00:00,17.081186440677968,51.909506726457394,79.9744394618834,27.126008968609863
2021-02-23 18:00:00,16.930932203389833,51.89618834080717,79.98430493273543,27.128251121076232
2021-02-23 19:00:00,16.780677966101695,51.88286995515695,79.99417040358745,27.1304932735426
2021-02-23 20:00:00,16.63042372881356,51.869551569506726,80.00403587443945,27.132735426008967
2021-02-23 21:00:00,16.480169491525427,51.8562331838565,80.01390134529147,27.134977578475336
2021-02-23 22:00:00,16.32991525423729,51.84291479820628,80.02376681614349,27.137219730941702
2021-02-23 23:00:00,16.179661016949154,51.82959641255605,80.03363228699551,27.13946188340807
2021-02-24 00:00:00,16.02940677966102,51.81627802690583,80.04349775784753,27.14170403587444
2021-02-24 01:00:00,15.879152542372882,51.802959641255605,80.05336322869955,27.143946188340806
2021-02-24 02:00:00,15.728898305084748,51.78964125560538,80.06322869955157,27.146188340807175
2021-02-24 03:00:00,15.578644067796613,51.77632286995516,80.07309417040358,27.14843049327354
2021-02-24 04:00:00,15.428389830508475,51.76300448430493,80.0829596412556,27.15067264573991
2021-02-24 05:00:00,15.278135593220341,51.749686098654706,80.09282511210762,27.15291479820628
2021-02-24 06:00:00,15.127881355932207,51.73636771300448,80.10269058295964,27.155156950672644
2021-02-24 07:00:00,14.977627118644069,51.72304932735426,80.11255605381166,27.157399103139014
2021-02-24 08:00:00,14.827372881355934,51.70973094170404,80.12242152466368,27.15964125560538
2021-02-24 09:00:00,14.677118644067797,51.69641255605381,80.1322869955157,27.16188340807175
2021-02-24 10:00:00,14.526864406779662,51.683094170403585,80.1421524663677,27.164125560538118
2021-02-24 11:00:00,14.376610169491528,51.66977578475336,80.15201793721972,27.166367713004483
2021-02-24 12:00:00,14.22635593220339,51.65645739910314,80.16188340807174,27.168609865470852
2021-02-24 13:00:00,14.076101694915256,51.64313901345292,80.17174887892376,27.170852017937218
2021-02-24 14:00:00,13.925847457627121,51.62982062780269,80.18161434977578,27.173094170403587
2021-02-24 15:00:00,13.775593220338983,51.616502242152464,80.1914798206278,27.175336322869953
2021-02-24 16:00:00,13.625338983050852,51.60318385650224,80.20134529147981,27.177578475336322
2021-02-24 17:00:00,13.475084745762715,51.58986547085202,80.21121076233183,27.17982062780269
2021-02-24 18:00:00,13.324830508474577,51.576547085201796,80.22107623318385,27.182062780269057
2021-02-24 19:00:00,13.174576271186446,51.563228699551566,80.23094170403587,27.184304932735426
2021-02-24 20:00:00,13.024322033898308,51.54991031390134,80.24080717488789,27.18654708520179
2021-02-24 21:00:00,12.87406779661017,51.53659192825112,80.25067264573991,27.18878923766816
2021-02-24 22:00:00,12.72381355932204,51.5232735426009,80.26053811659193,27.19103139013453
2021-02-24 23:00:00,12.573559322033901,51.509955156950674,80.27040358744394,27.193273542600895
2021-02-25 00:00:00,12.423305084745763,51.496636771300444,80.28026905829596,27.195515695067265
2021-02-25 01:00:00,12.273050847457633,51.48331838565022,80.29013452914798,27.19775784753363
2021-02-25 02:00:00,12.122796610169495,51.47,80.3,27.2
2021-02-25 03:00:00,11.972542372881357,98.86,75.89,26.5
2021-02-25 04:00:00,11.822288135593219,50.0,71.48,25.99
2021-02-25 05:00:00,11.672033898305088,50.0,72.36,25.62
2021-02-25 06:00:00,11.52177966101695,50.0,72.99,25.36
2021-02-25 07:00:00,11.371525423728812,50.0,65.9,25.23
2021-02-25 08:00:00,11.221271186440681,50.0,61.08,26.67
2021-02-25 09:00:00,11.071016949152543,50.0,48.47,30.17
2021-02-25 10:00:00,10.920762711864406,50.0,40.67,33.01
2021-02-25 11:00:00,10.770508474576275,50.0,43.77,33.84
2021-02-25 12:00:00,10.620254237288137,50.0,48.54,34.04
2021-02-25 13:00:00,10.47,50.0,48.75,34.1
2021-02-25 14:00:00,15.2,50.0,49.91,34.03
2021-02-25 15:00:00,15.2,50.0,55.08,32.88
2021-02-25 16:00:00,20.99,55.83,59.17,32.26
2021-02-25 17:00:00,22.1,56.9,58.21,31.5
2021-02-25 18:00:00,22.1,56.9,57.4,30.43
2021-02-25 19:00:00,22.1,56.9,54.74,29.89
2021-02-25 20:00:00,22.1,56.9,51.01,29.52
2021-02-25 21:00:00,22.1,56.9,47.38,29.47
2021-02-25 22:00:00,22.1,56.9,51.2,28.59
2021-02-25 23:00:00,22.1,56.9,58.34,27.71
2021-02-26 00:00:00,22.1,56.9,62.81,26.94
2021-02-26 01:00:00,22.1,56.9,76.47,27.12
2021-02-26 02:00:00,22.1,56.9,83.65,26.95
2021-02-26 03:00:00,22.1,56.9,83.7,26.31
2021-02-26 04:00:00,22.1,56.9,84.1,25.82
2021-02-26 05:00:00,22.1,56.9,83.7,25.84
2021-02-26 06:00:00,22.1,56.9,81.37,25.2
2021-02-26 07:00:00,22.1,56.9,78.19,24.9
2021-02-26 08:00:00,22.1,56.9,67.82,26.86
2021-02-26 09:00:00,22.1,56.9,55.12,29.31
2021-02-26 10:00:00,22.1,56.9,42.86,32.12
2021-02-26 11:00:00,22.1,56.9,49.95,32.72
2021-02-26 12:00:00,22.1,56.9,55.88,33.09
2021-02-26 13:00:00,22.1,56.9,55.58,33.02
2021-02-26 14:00:00,22.1,56.9,55.2,32.97
2021-02-26 15:00:00,11.78,354.0,49.92,32.65
2021-02-26 16:00:00,12.06,106.74,51.73,31.94
2021-02-26 17:00:00,26.92,78.48,54.47,31.08
2021-02-26 18:00:00,33.12,62.03,55.45,30.04
2021-02-26 19:00:00,47.92,41.93,60.42,28.87
2021-02-26 20:00:00,11.66,21.83,67.29,28.01
2021-02-26 21:00:00,24.68,40.49,73.08,27.45
2021-02-26 22:00:00,21.41,47.81,75.74,26.88
2021-02-26 23:00:00,20.66,55.08,75.99,26.7
2021-02-27 00:00:00,14.37,59.31,76.04,26.7
2021-02-27 01:00:00,14.25,59.45,77.29,26.35
2021-02-27 02:00:00,16.82,59.78,79.69,25.71
2021-02-27 03:00:00,20.58,57.49,85.2,25.6
2021-02-27 04:00:00,24.645,56.465,86.45,24.98
2021-02-27 05:00:00,28.71,55.44,87.7,24.36
2021-02-27 06:00:00,25.66,51.37,90.5,24.3
2021-02-27 07:00:00,32.105,51.894999999999996,84.59,24.82
2021-02-27 08:00:00,38.55,52.42,78.68,25.34
2021-02-27 09:00:00,33.504999999999995,55.775000000000006,63.125,28.725
2021-02-27 10:00:00,28.46,59.13,47.57,32.11
2021-02-27 11:00:00,46.24,59.44,52.96,32.68
2021-02-27 12:00:00,33.38,85.07,56.94,33.2
2021-02-27 13:00:00,33.81,85.04,61.83,32.38
2021-02-27 14:00:00,31.19,75.43,62.08,32.25
2021-02-27 15:00:00,25.09,77.65,63.05,31.77
2021-02-27 16:00:00,4.15,69.43,58.19,31.85
2021-02-27 17:00:00,11.51,76.08,52.72,31.86
2021-02-27 18:00:00,11.51,59.98,57.35,30.89
2021-02-27 19:00:00,11.51,47.51,61.65,29.66
2021-02-27 20:00:00,11.51,34.56,57.71,29.58
2021-02-27 21:00:00,11.51,16.83,51.99,29.28
2021-02-27 22:00:00,11.51,39.27,55.86,27.98
2021-02-27 23:00:00,11.51,53.02,62.61,27.92
2021-02-28 00:00:00,14.34,48.81,73.46,27.75
2021-02-28 01:00:00,15.478947368421053,38.01,77.58,26.83
2021-02-28 02:00:00,16.617894736842103,38.86,75.67,26.85
2021-02-28 03:00:00,17.756842105263157,39.71,76.2,26.51
2021-02-28 04:00:00,18.89578947368421,40.559999999999995,76.66,25.81
2021-02-28 05:00:00,20.034736842105264,41.41,77.51,25.11
2021-02-28 06:00:00,21.173684210526318,42.26,77.34,24.76
2021-02-28 07:00:00,22.312631578947368,43.11,77.38,24.35
2021-02-28 08:00:00,23.45157894736842,43.959999999999994,65.39,26.65
2021-02-28 09:00:00,24.590526315789475,44.809999999999995,53.55,30.5
2021-02-28 10:00:00,25.729473684210525,45.66,43.0,34.08
2021-02-28 11:00:00,26.86842105263158,46.51,34.8,36.85
2021-02-28 12:00:00,28.007368421052632,47.36,43.41,35.36
2021-02-28 13:00:00,29.146315789473686,48.209999999999994,49.33,34.26
2021-02-28 14:00:00,30.28526315789474,49.059999999999995,51.23,34.2
2021-02-28 15:00:00,31.42421052631579,49.91,56.49,32.94
2021-02-28 16:00:00,32.56315789473685,50.76,53.74,33.17
2021-02-28 17:00:00,33.7021052631579,51.61,52.12,32.8
2021-02-28 18:00:00,34.84105263157895,52.459999999999994,55.73,31.8
2021-02-28 19:00:00,35.980000000000004,53.309999999999995,58.33,30.51
2021-02-28 20:00:00,37.118947368421054,54.16,51.6,30.52
2021-02-28 21:00:00,38.257894736842104,55.00999999999999,49.94,30.27
2021-02-28 22:00:00,39.39684210526316,55.86,53.95,29.32
2021-02-28 23:00:00,40.53578947368421,56.709999999999994,53.42,28.86
2021-03-01 00:00:00,41.67473684210526,57.559999999999995,60.85,28.16
2021-03-01 01:00:00,42.81368421052632,58.41,62.04,28.04
2021-03-01 02:00:00,43.952631578947376,59.25999999999999,64.84,27.32
2021-03-01 03:00:00,45.09157894736842,60.11,64.56,26.57
2021-03-01 04:00:00,46.230526315789476,60.959999999999994,61.68,26.47
2021-03-01 05:00:00,47.36947368421053,61.809999999999995,60.59,26.29
2021-03-01 06:00:00,48.508421052631576,62.66,62.97,25.7
2021-03-01 07:00:00,49.64736842105263,63.50999999999999,65.62,25.29
2021-03-01 08:00:00,50.78631578947369,64.35999999999999,60.09,26.75
2021-03-01 09:00:00,51.92526315789473,65.21,49.53,30.64
2021-03-01 10:00:00,53.06421052631579,66.06,40.55,34.12
2021-03-01 11:00:00,54.20315789473685,66.91,46.17,34.36
2021-03-01 12:00:00,55.342105263157904,67.75999999999999,50.2,34.66
2021-03-01 13:00:00,56.48105263157895,68.60999999999999,54.24,34.41
2021-03-01 14:00:00,57.62,69.46,53.75,34.69
2021-03-01 15:00:00,57.12,69.9,51.98,34.76
2021-03-01 16:00:00,57.12,69.9,53.43,34.14
2021-03-01 17:00:00,175.64,162.85,57.09,32.49
2021-03-01 18:00:00,27.58,75.3,57.38,31.54
2021-03-01 19:00:00,36.17,59.33,62.08,30.48
2021-03-01 20:00:00,12.43,37.55,67.66,29.68
2021-03-01 21:00:00,17.37,27.39,68.04,29.07
2021-03-01 22:00:00,4.18,31.77,63.44,29.25
2021-03-01 23:00:00,25.76,43.53,64.73,28.77
2021-03-02 00:00:00,4.61,32.88,68.96,27.79
2021-03-02 01:00:00,22.2,51.23,73.59,27.22
2021-03-02 02:00:00,25.14,59.11,75.78,27.17
2021-03-02 03:00:00,25.14,59.11,76.38,26.7
2021-03-02 04:00:00,25.14,59.11,78.12,25.87
2021-03-02 05:00:00,25.14,59.11,78.73,25.39
2021-03-02 06:00:00,25.14,59.11,79.26,25.02
2021-03-02 07:00:00,25.14,59.11,79.92,24.83
2021-03-02 08:00:00,25.14,59.11,73.39,26.98
2021-03-02 09:00:00,25.14,59.11,55.85,31.0
2021-03-02 10:00:00,25.14,59.11,40.39,34.41
2021-03-02 11:00:00,25.14,59.11,42.29,35.37
2021-03-02 12:00:00,25.14,59.11,45.12,34.97
2021-03-02 13:00:00,30.74,67.84,49.11,34.3
2021-03-02 14:00:00,33.02,71.3,52.32,33.96
2021-03-02 15:00:00,33.02,71.3,52.5,34.04
2021-03-02 16:00:00,33.02,71.3,49.97,33.39
2021-03-02 17:00:00,38.76,82.58,48.08,32.25
2021-03-02 18:00:00,40.1,87.91,46.15,31.12
2021-03-02 19:00:00,40.1,87.91,44.58,30.16
2021-03-02 20:00:00,40.1,87.91,43.06,29.54
2021-03-02 21:00:00,40.1,87.91,35.06,29.33
2021-03-02 22:00:00,40.1,87.91,32.0,28.66
2021-03-02 23:00:00,40.1,87.91,34.98,27.9
2021-03-03 00:00:00,40.1,87.91,41.25,26.84
2021-03-03 01:00:00,40.1,87.91,53.18,26.07
2021-03-03 02:00:00,40.1,87.91,56.98,26.54
2021-03-03 03:00:00,40.1,87.91,46.09,27.51
2021-03-03 04:00:00,40.1,87.91,38.86,27.44
2021-03-03 05:00:00,40.1,87.91,41.97,25.95
2021-03-03 06:00:00,40.1,87.91,47.82,25.04
2021-03-03 07:00:00,40.1,87.91,50.78,24.69
2021-03-03 08:00:00,40.1,87.91,44.97,26.73
2021-03-03 09:00:00,40.1,87.91,37.56,30.44
2021-03-03 10:00:00,40.1,87.91,29.27,34.09
2021-03-03 11:00:00,40.1,87.91,25.13,37.23
2021-03-03 12:00:00,40.1,87.91,36.8,37.17
2021-03-03 13:00:00,44.97,89.94,42.01,36.44
2021-03-03 14:00:00,45.2,92.31,41.25,37.0
2021-03-03 15:00:00,45.2,92.31,49.79,34.84
2021-03-03 16:00:00,45.2,92.31,60.23,32.02
2021-03-03 17:00:00,45.2,92.31,65.42,30.45
2021-03-03 18:00:00,45.2,92.31,66.9,29.46
2021-03-03 19:00:00,45.2,92.31,67.6,28.7
2021-03-03 20:00:00,45.2,92.31,67.87,28.28
2021-03-03 21:00:00,45.2,92.31,68.61,27.63
2021-03-03 22:00:00,45.2,92.31,69.82,27.11
2021-03-03 23:00:00,45.2,92.31,71.91,26.36
2021-03-04 00:00:00,45.2,92.31,69.12,26.17
2021-03-04 01:00:00,45.2,92.31,59.31,26.62
2021-03-04 02:00:00,45.2,92.31,65.0,26.59
2021-03-04 03:00:00,45.2,92.31,63.65,25.93
2021-03-04 04:00:00,45.2,92.31,63.59,25.06
2021-03-04 05:00:00,45.2,92.31,66.1,24.44
2021-03-04 06:00:00,45.2,92.31,67.51,24.23
2021-03-04 07:00:00,45.2,92.31,73.34,24.13
2021-03-04 08:00:00,45.2,92.31,62.8,26.59
2021-03-04 09:00:00,45.2,92.31,45.8,30.3
2021-03-04 10:00:00,45.2,92.31,33.67,34.24
2021-03-04 11:00:00,45.2,92.31,22.95,37.67
2021-03-04 12:00:00,45.76,93.53,37.22,36.61
2021-03-04 13:00:00,55.2,112.31,44.44,36.16
2021-03-04 14:00:00,63.05,120.03,41.13,35.58
2021-03-04 15:00:00,65.3,122.31,44.6,34.15
2021-03-04 16:00:00,61.14,118.72,44.42,33.55
2021-03-04 17:00:00,53.42,112.22,43.31,33.07
2021-03-04 18:00:00,53.42,112.22,48.64,32.18
2021-03-04 19:00:00,53.42,112.22,54.17,30.54
2021-03-04 20:00:00,53.42,112.22,58.3,29.07
2021-03-04 21:00:00,53.42,112.22,61.77,28.48
2021-03-04 22:00:00,53.42,112.22,66.64,28.04
2021-03-04 23:00:00,53.42,112.22,69.34,27.69
2021-03-05 00:00:00,53.42,112.22,73.95,27.02
2021-03-05 01:00:00,53.42,112.22,81.33,26.66
2021-03-05 02:00:00,53.42,112.22,87.18,26.1
2021-03-05 03:00:00,53.42,112.22,88.67,25.75
2021-03-05 04:00:00,53.42,112.22,89.99,25.27
2021-03-05 05:00:00,53.42,112.22,91.64,25.17
2021-03-05 06:00:00,53.42,112.22,93.32,25.13
2021-03-05 07:00:00,53.42,112.22,92.65,24.52
2021-03-05 08:00:00,53.42,112.22,76.0,26.3
2021-03-05 09:00:00,53.42,112.22,54.26,30.9
2021-03-05 10:00:00,53.42,112.22,31.57,35.27
2021-03-05 11:00:00,53.42,112.22,20.27,37.83
2021-03-05 12:00:00,53.42,112.22,37.53,35.96
2021-03-05 13:00:00,32.51,100.14,42.3,35.79
2021-03-05 14:00:00,31.15,99.43,42.56,35.81
2021-03-05 15:00:00,31.15,99.43,42.81,34.77
2021-03-05 16:00:00,31.15,99.43,45.78,33.83
2021-03-05 17:00:00,44.03,102.09,55.1,32.53
2021-03-05 18:00:00,45.2,102.31,62.53,31.03
2021-03-05 19:00:00,45.2,102.31,64.27,29.88
2021-03-05 20:00:00,45.2,102.31,65.01,28.74
2021-03-05 21:00:00,45.2,102.31,70.25,27.82
2021-03-05 22:00:00,45.2,102.31,74.35,27.96
2021-03-05 23:00:00,45.2,102.31,75.63,27.67
2021-03-06 00:00:00,45.2,102.31,78.59,27.14
2021-03-06 01:00:00,45.2,102.31,84.22,27.07
2021-03-06 02:00:00,45.2,102.31,88.15,26.95
2021-03-06 03:00:00,45.2,102.31,90.22,26.75
2021-03-06 04:00:00,45.2,102.31,91.78,26.48
2021-03-06 05:00:00,45.2,102.31,92.41,26.04
2021-03-06 06:00:00,45.2,102.31,93.58,25.75
2021-03-06 07:00:00,45.2,102.31,93.42,25.84
2021-03-06 08:00:00,45.2,102.31,89.37,27.2
2021-03-06 09:00:00,45.2,102.31,82.63,28.49
2021-03-06 10:00:00,45.2,102.31,73.52,30.46
2021-03-06 11:00:00,45.2,102.31,61.12,32.47
2021-03-06 12:00:00,45.2,102.31,61.52,33.51
2021-03-06 13:00:00,47.12,108.78,65.48,32.98
2021-03-06 14:00:00,50.27,119.2,66.11,32.63
2021-03-06 15:00:00,51.68,121.36,62.03,32.09
2021-03-06 16:00:00,33.13,96.6,63.6,31.5
2021-03-06 17:00:00,22.25,102.09,71.66,30.56
2021-03-06 18:00:00,23.14,109.2,73.65,29.62
2021-03-06 19:00:00,23.14,109.2,79.1,28.24
2021-03-06 20:00:00,23.14,109.2,84.04,28.02
2021-03-06 21:00:00,23.14,109.2,86.33,27.95
2021-03-06 22:00:00,23.14,109.2,89.25,27.46
2021-03-06 23:00:00,23.14,109.2,90.34,26.79
2021-03-07 00:00:00,23.14,109.2,86.28,26.31
2021-03-07 01:00:00,23.14,109.2,86.0,26.2
2021-03-07 02:00:00,23.14,109.2,88.09,25.91
2021-03-07 03:00:00,23.14,109.2,89.85,25.73
2021-03-07 04:00:00,23.14,109.2,91.81,25.48
2021-03-07 05:00:00,23.14,109.2,91.82,24.89
2021-03-07 06:00:00,23.14,109.2,89.72,24.63
2021-03-07 07:00:00,23.14,109.2,91.09,24.96
2021-03-07 08:00:00,23.14,109.2,88.0,26.76
2021-03-07 09:00:00,23.14,109.2,66.93,30.21
2021-03-07 10:00:00,23.14,109.2,49.58,32.81
2021-03-07 11:00:00,23.14,109.2,42.62,34.12
2021-03-07 12:00:00,23.14,109.2,44.07,35.41
2021-03-07 13:00:00,23.14,109.2,49.43,34.79
2021-03-07 14:00:00,23.14,109.2,48.06,34.91
2021-03-07 15:00:00,23.14,109.2,49.57,34.59
2021-03-07 16:00:00,23.14,109.2,49.8,33.31
2021-03-07 17:00:00,23.14,109.2,51.81,32.18
2021-03-07 18:00:00,23.14,109.2,50.6,31.25
2021-03-07 19:00:00,23.14,109.2,54.2,29.84
2021-03-07 20:00:00,23.14,109.2,57.63,28.82
2021-03-07 21:00:00,23.14,109.2,60.1,27.59
2021-03-07 22:00:00,23.14,109.2,60.08,27.05
2021-03-07 23:00:00,23.14,109.2,55.39,26.64
2021-03-08 00:00:00,23.14,109.2,56.52,26.14
2021-03-08 01:00:00,23.14,109.2,58.25,25.71
2021-03-08 02:00:00,23.14,109.2,57.34,25.16
2021-03-08 03:00:00,23.14,109.2,57.69,24.64
2021-03-08 04:00:00,23.14,109.2,58.94,24.14
2021-03-08 05:00:00,23.14,109.2,61.61,23.93
2021-03-08 06:00:00,23.14,109.2,62.64,23.75
2021-03-08 07:00:00,23.14,109.2,61.47,23.91
2021-03-08 08:00:00,23.14,109.2,50.53,26.6
2021-03-08 09:00:00,23.14,109.2,43.39,30.27
2021-03-08 10:00:00,23.14,109.2,42.2,32.6
2021-03-08 11:00:00,23.14,109.2,47.4,33.68
2021-03-08 12:00:00,23.14,109.2,58.5,33.03
2021-03-08 13:00:00,27.59,112.71,61.28,33.56
2021-03-08 14:00:00,28.18,113.2,61.14,33.68
2021-03-08 15:00:00,28.18,113.2,63.58,32.88
2021-03-08 16:00:00,28.18,113.2,68.04,31.95
2021-03-08 17:00:00,39.27,128.94,71.56,30.69
2021-03-08 18:00:00,39.4,129.12,69.08,30.08
2021-03-08 19:00:00,39.4,129.12,70.76,29.56
2021-03-08 20:00:00,39.4,129.12,73.06,28.96
2021-03-08 21:00:00,39.4,129.12,73.79,28.29
2021-03-08 22:00:00,39.4,129.12,76.66,27.59
2021-03-08 23:00:00,39.4,129.12,78.06,27.55
2021-03-09 00:00:00,39.4,129.12,78.63,27.75
2021-03-09 01:00:00,39.4,129.12,82.8,27.29
2021-03-09 02:00:00,39.4,129.12,84.08,27.02
2021-03-09 03:00:00,39.4,129.12,78.98,26.85
2021-03-09 04:00:00,39.4,129.12,78.92,26.8
2021-03-09 05:00:00,39.4,129.12,81.2,26.29
2021-03-09 06:00:00,39.4,129.12,82.96,25.52
2021-03-09 07:00:00,39.4,129.12,83.62,25.15
2021-03-09 08:00:00,39.4,129.12,72.27,27.14
2021-03-09 09:00:00,39.4,129.12,59.19,29.94
2021-03-09 10:00:00,39.4,129.12,50.73,32.16
2021-03-09 11:00:00,39.4,129.12,52.0,33.72
2021-03-09 12:00:00,39.4,129.12,49.2,35.19
2021-03-09 13:00:00,41.75,131.39,51.63,34.58
2021-03-09 14:00:00,41.76712328767123,131.35605479452053,51.63978082191781,34.57594520547945
2021-03-09 15:00:00,41.784246575342465,131.32210958904108,51.64956164383562,34.5718904109589
2021-03-09 16:00:00,41.8013698630137,131.28816438356162,51.659342465753426,34.56783561643835
2021-03-09 17:00:00,41.81849315068493,131.25421917808217,51.66912328767123,34.56378082191781
2021-03-09 18:00:00,41.83561643835616,131.22027397260274,51.67890410958904,34.55972602739726
2021-03-09 19:00:00,41.852739726027394,131.18632876712329,51.68868493150685,34.55567123287671
2021-03-09 20:00:00,41.86986301369863,131.15238356164383,51.69846575342466,34.55161643835616
2021-03-09 21:00:00,41.886986301369866,131.11843835616438,51.70824657534247,34.547561643835614
2021-03-09 22:00:00,41.9041095890411,131.08449315068492,51.71802739726028,34.543506849315065
2021-03-09 23:00:00,41.92123287671233,131.05054794520547,51.72780821917809,34.539452054794516
2021-03-10 00:00:00,41.93835616438356,131.016602739726,51.737589041095895,34.535397260273974
2021-03-10 01:00:00,41.955479452054796,130.98265753424656,51.7473698630137,34.531342465753426
2021-03-10 02:00:00,41.97260273972603,130.9487123287671,51.75715068493151,34.52728767123288
2021-03-10 03:00:00,41.98972602739726,130.91476712328765,51.76693150684932,34.52323287671233
2021-03-10 04:00:00,42.00684931506849,130.88082191780822,51.776712328767125,34.51917808219178
2021-03-10 05:00:00,42.023972602739725,130.84687671232876,51.78649315068493,34.51512328767123
2021-03-10 06:00:00,42.04109589041096,130.8129315068493,51.79627397260274,34.51106849315068
2021-03-10 07:00:00,42.05821917808219,130.77898630136986,51.80605479452055,34.50701369863013
2021-03-10 08:00:00,42.07534246575342,130.7450410958904,51.815835616438356,34.50295890410959
2021-03-10 09:00:00,42.092465753424655,130.71109589041095,51.825616438356164,34.49890410958904
2021-03-10 10:00:00,42.10958904109589,130.6771506849315,51.83539726027397,34.49484931506849
2021-03-10 11:00:00,42.12671232876713,130.64320547945204,51.84517808219179,34.490794520547944
2021-03-10 12:00:00,42.14383561643836,130.60926027397258,51.854958904109594,34.486739726027395
2021-03-10 13:00:00,42.16095890410959,130.57531506849313,51.8647397260274,34.482684931506846
2021-03-10 14:00:00,42.178082191780824,130.5413698630137,51.87452054794521,34.4786301369863
2021-03-10 15:00:00,42.195205479452056,130.50742465753424,51.88430136986302,34.474575342465755
2021-03-10 16:00:00,42.21232876712329,130.4734794520548,51.894082191780825,34.470520547945206
2021-03-10 17:00:00,42.22945205479452,130.43953424657533,51.90386301369863,34.46646575342466
2021-03-10 18:00:00,42.24657534246575,130.40558904109588,51.91364383561644,34.46241095890411
2021-03-10 19:00:00,42.263698630136986,130.37164383561642,51.92342465753425,34.45835616438356
2021-03-10 20:00:00,42.28082191780822,130.33769863013697,51.933205479452056,34.45430136986301
2021-03-10 21:00:00,42.29794520547945,130.30375342465751,51.942986301369864,34.45024657534246
2021-03-10 22:00:00,42.31506849315068,130.26980821917806,51.95276712328767,34.44619178082192
2021-03-10 23:00:00,42.332191780821915,130.2358630136986,51.96254794520548,34.44213698630137
2021-03-11 00:00:00,42.34931506849315,130.20191780821918,51.97232876712329,34.43808219178082
2021-03-11 01:00:00,42.36643835616438,130.16797260273972,51.9821095890411,34.43402739726027
2021-03-11 02:00:00,42.38356164383562,130.13402739726027,51.99189041095891,34.429972602739724
2021-03-11 03:00:00,42.40068493150685,130.1000821917808,52.00167123287672,34.425917808219175
2021-03-11 04:00:00,42.417808219178085,130.06613698630136,52.011452054794525,34.421863013698626
2021-03-11 05:00:00,42.43493150684932,130.0321917808219,52.02123287671233,34.41780821917808
2021-03-11 06:00:00,42.45205479452055,129.99824657534245,52.03101369863014,34.413753424657536
2021-03-11 07:00:00,42.46917808219178,129.964301369863,52.04079452054795,34.40969863013699
2021-03-11 08:00:00,42.486301369863014,129.93035616438354,52.050575342465756,34.40564383561644
2021-03-11 09:00:00,42.50342465753425,129.89641095890408,52.06035616438356,34.40158904109589
2021-03-11 10:00:00,42.52054794520548,129.86246575342466,52.07013698630137,34.39753424657534
2021-03-11 11:00:00,42.53767123287671,129.8285205479452,52.07991780821918,34.39347945205479
2021-03-11 12:00:00,42.554794520547944,129.79457534246575,52.089698630136986,34.38942465753424
2021-03-11 13:00:00,42.571917808219176,129.7606301369863,52.099479452054794,34.3853698630137
2021-03-11 14:00:00,42.58904109589041,129.72668493150684,52.1092602739726,34.38131506849315
2021-03-11 15:00:00,42.60616438356164,129.69273972602738,52.11904109589042,34.3772602739726
2021-03-11 16:00:00,42.62328767123287,129.65879452054793,52.128821917808224,34.373205479452054
2021-03-11 17:00:00,42.64041095890411,129.62484931506847,52.13860273972603,34.369150684931505
2021-03-11 18:00:00,42.657534246575345,129.59090410958902,52.14838356164384,34.365095890410956
2021-03-11 19:00:00,42.67465753424658,129.55695890410956,52.15816438356165,34.36104109589041
2021-03-11 20:00:00,42.69178082191781,129.52301369863014,52.167945205479455,34.356986301369865
2021-03-11 21:00:00,42.70890410958904,129.48906849315068,52.17772602739726,34.352931506849316
2021-03-11 22:00:00,42.726027397260275,129.45512328767123,52.18750684931507,34.34887671232877
2021-03-11 23:00:00,42.74315068493151,129.42117808219177,52.19728767123288,34.34482191780822
2021-03-12 00:00:00,42.76027397260274,129.38723287671232,52.207068493150686,34.34076712328767
2021-03-12 01:00:00,42.77739726027397,129.35328767123286,52.216849315068494,34.33671232876712
2021-03-12 02:00:00,42.794520547945204,129.3193424657534,52.2266301369863,34.33265753424657
2021-03-12 03:00:00,42.81164383561644,129.28539726027395,52.23641095890411,34.32860273972602
2021-03-12 04:00:00,42.82876712328767,129.2514520547945,52.24619178082192,34.32454794520548
2021-03-12 05:00:00,42.8458904109589,129.21750684931504,52.25597260273973,34.32049315068493
2021-03-12 06:00:00,42.863013698630134,129.18356164383562,52.26575342465754,34.31643835616438
2021-03-12 07:00:00,42.880136986301366,129.14961643835616,52.27553424657535,34.312383561643834
2021-03-12 08:00:00,42.897260273972606,129.1156712328767,52.285315068493155,34.308328767123285
2021-03-12 09:00:00,42.91438356164384,129.08172602739725,52.29509589041096,34.304273972602736
2021-03-12 10:00:00,42.93150684931507,129.0477808219178,52.30487671232877,34.30021917808219
2021-03-12 11:00:00,42.9486301369863,129.01383561643834,52.31465753424658,34.296164383561646
2021-03-12 12:00:00,42.965753424657535,128.9798904109589,52.324438356164386,34.2921095890411
2021-03-12 13:00:00,42.98287671232877,128.94594520547943,52.33421917808219,34.28805479452055
2021-03-12 14:00:00,43.0,128.91199999999998,52.344,34.284
2021-03-12 15:00:00,43.01712328767123,128.87805479452055,52.35378082191781,34.27994520547945
2021-03-12 16:00:00,43.034246575342465,128.8441095890411,52.36356164383562,34.2758904109589
2021-03-12 17:00:00,43.0513698630137,128.81016438356164,52.373342465753424,34.27183561643835
2021-03-12 18:00:00,43.06849315068493,128.7762191780822,52.38312328767123,34.26778082191781
2021-03-12 19:00:00,43.08561643835616,128.74227397260273,52.39290410958905,34.26372602739726
2021-03-12 20:00:00,43.102739726027394,128.70832876712328,52.402684931506855,34.25967123287671
2021-03-12 21:00:00,43.11986301369863,128.67438356164382,52.41246575342466,34.255616438356164
2021-03-12 22:00:00,43.136986301369866,128.64043835616437,52.42224657534247,34.251561643835615
2021-03-12 23:00:00,43.1541095890411,128.6064931506849,52.43202739726028,34.247506849315066
2021-03-13 00:00:00,43.17123287671233,128.57254794520546,52.441808219178085,34.24345205479452
2021-03-13 01:00:00,43.18835616438356,128.53860273972603,52.45158904109589,34.239397260273975
2021-03-13 02:00:00,43.205479452054796,128.50465753424658,52.4613698630137,34.235342465753426
2021-03-13 03:00:00,43.22260273972603,128.47071232876712,52.47115068493151,34.23128767123288
2021-03-13 04:00:00,43.23972602739726,128.43676712328767,52.480931506849316,34.22723287671233
2021-03-13 05:00:00,43.25684931506849,128.4028219178082,52.490712328767124,34.22317808219178
2021-03-13 06:00:00,43.273972602739725,128.36887671232876,52.50049315068493,34.21912328767123
2021-03-13 07:00:00,43.29109589041096,128.3349315068493,52.51027397260274,34.21506849315068
2021-03-13 08:00:00,43.30821917808219,128.30098630136985,52.52005479452055,34.21101369863013
2021-03-13 09:00:00,43.32534246575342,128.2670410958904,52.52983561643836,34.20695890410959
2021-03-13 10:00:00,43.342465753424655,128.23309589041094,52.53961643835617,34.20290410958904
2021-03-13 11:00:00,43.35958904109589,128.1991506849315,52.54939726027398,34.19884931506849
2021-03-13 12:00:00,43.37671232876713,128.16520547945206,52.559178082191785,34.194794520547944
2021-03-13 13:00:00,43.39383561643836,128.1312602739726,52.56895890410959,34.190739726027395
2021-03-13 14:00:00,43.41095890410959,128.09731506849315,52.5787397260274,34.186684931506846
2021-03-13 15:00:00,43.428082191780824,128.0633698630137,52.58852054794521,34.1826301369863
2021-03-13 16:00:00,43.445205479452056,128.02942465753424,52.598301369863016,34.178575342465756
2021-03-13 17:00:00,43.46232876712329,127.99547945205478,52.608082191780824,34.17452054794521
2021-03-13 18:00:00,43.47945205479452,127.96153424657533,52.61786301369863,34.17046575342466
2021-03-13 19:00:00,43.49657534246575,127.92758904109589,52.62764383561644,34.16641095890411
2021-03-13 20:00:00,43.513698630136986,127.89364383561643,52.63742465753425,34.16235616438356
2021-03-13 21:00:00,43.53082191780822,127.85969863013698,52.647205479452055,34.15830136986301
2021-03-13 22:00:00,43.54794520547945,127.82575342465752,52.65698630136987,34.15424657534246
2021-03-13 23:00:00,43.56506849315068,127.79180821917807,52.66676712328768,34.15019178082192
2021-03-14 00:00:00,43.582191780821915,127.75786301369862,52.676547945205485,34.14613698630137
2021-03-14 01:00:00,43.59931506849315,127.72391780821917,52.68632876712329,34.14208219178082
2021-03-14 02:00:00,43.61643835616438,127.68997260273972,52.6961095890411,34.138027397260274
2021-03-14 03:00:00,43.63356164383562,127.65602739726026,52.70589041095891,34.133972602739725
2021-03-14 04:00:00,43.65068493150685,127.6220821917808,52.715671232876716,34.129917808219176
2021-03-14 05:00:00,43.667808219178085,127.58813698630136,52.72545205479452,34.12586301369863
2021-03-14 06:00:00,43.68493150684932,127.55419178082191,52.73523287671233,34.12180821917808
2021-03-14 07:00:00,43.70205479452055,127.52024657534245,52.74501369863014,34.117753424657536
2021-03-14 08:00:00,43.71917808219178,127.486301369863,52.75479452054795,34.11369863013699
2021-03-14 09:00:00,43.736301369863014,127.45235616438356,52.764575342465754,34.10964383561644
2021-03-14 10:00:00,43.75342465753425,127.4184109589041,52.77435616438356,34.10558904109589
2021-03-14 11:00:00,43.77054794520548,127.38446575342465,52.78413698630137,34.10153424657534
2021-03-14 12:00:00,43.78767123287671,127.3505205479452,52.79391780821918,34.09747945205479
2021-03-14 13:00:00,43.804794520547944,127.31657534246574,52.80369863013699,34.09342465753424
2021-03-14 14:00:00,43.821917808219176,127.28263013698628,52.8134794520548,34.0893698630137
2021-03-14 15:00:00,43.83904109589041,127.24868493150684,52.82326027397261,34.08531506849315
2021-03-14 16:00:00,43.85616438356164,127.21473972602739,52.833041095890415,34.0812602739726
2021-03-14 17:00:00,43.87328767123287,127.18079452054793,52.84282191780822,34.077205479452054
2021-03-14 18:00:00,43.89041095890411,127.14684931506848,52.85260273972603,34.073150684931505
2021-03-14 19:00:00,43.907534246575345,127.11290410958904,52.86238356164384,34.069095890410956
2021-03-14 20:00:00,43.92465753424658,127.07895890410958,52.872164383561646,34.06504109589041
2021-03-14 21:00:00,43.94178082191781,127.04501369863013,52.881945205479454,34.060986301369866
2021-03-14 22:00:00,43.95890410958904,127.01106849315067,52.89172602739726,34.05693150684932
2021-03-14 23:00:00,43.976027397260275,126.97712328767122,52.90150684931507,34.05287671232877
2021-03-15 00:00:00,43.99315068493151,126.94317808219178,52.91128767123288,34.04882191780822
2021-03-15 01:00:00,44.01027397260274,126.90923287671232,52.921068493150685,34.04476712328767
2021-03-15 02:00:00,44.02739726027397,126.87528767123287,52.93084931506849,34.04071232876712
2021-03-15 03:00:00,44.044520547945204,126.84134246575341,52.94063013698631,34.03665753424657
2021-03-15 04:00:00,44.06164383561644,126.80739726027396,52.950410958904115,34.03260273972602
2021-03-15 05:00:00,44.07876712328767,126.77345205479452,52.96019178082192,34.02854794520548
2021-03-15 06:00:00,44.0958904109589,126.73950684931506,52.96997260273973,34.02449315068493
2021-03-15 07:00:00,44.113013698630134,126.70556164383561,52.97975342465754,34.020438356164384
2021-03-15 08:00:00,44.130136986301366,126.67161643835615,52.989534246575346,34.016383561643835
2021-03-15 09:00:00,44.147260273972606,126.6376712328767,52.99931506849315,34.012328767123286
2021-03-15 10:00:00,44.16438356164384,126.60372602739726,53.00909589041096,34.00827397260274
2021-03-15 11:00:00,44.18150684931507,126.5697808219178,53.01887671232877,34.00421917808219
2021-03-15 12:00:00,44.1986301369863,126.53583561643835,53.02865753424658,34.000164383561646
2021-03-15 13:00:00,44.215753424657535,126.5018904109589,53.038438356164384,33.9961095890411
2021-03-15 14:00:00,44.23287671232877,126.46794520547944,53.04821917808219,33.99205479452055
2021-03-15 15:00:00,44.25,126.434,53.058,33.988
2021-03-15 16:00:00,44.26712328767123,126.40005479452054,53.06778082191781,33.98394520547945
2021-03-15 17:00:00,44.284246575342465,126.36610958904109,53.07756164383562,33.9798904109589
2021-03-15 18:00:00,44.3013698630137,126.33216438356163,53.08734246575343,33.97583561643835
2021-03-15 19:00:00,44.31849315068493,126.29821917808218,53.09712328767124,33.97178082191781
2021-03-15 20:00:00,44.33561643835616,126.26427397260274,53.106904109589046,33.96772602739726
2021-03-15 21:00:00,44.352739726027394,126.23032876712328,53.11668493150685,33.96367123287671
2021-03-15 22:00:00,44.36986301369863,126.19638356164383,53.12646575342466,33.959616438356164
2021-03-15 23:00:00,44.38698630136986,126.16243835616437,53.13624657534247,33.955561643835615
2021-03-16 00:00:00,44.4041095890411,126.12849315068492,53.146027397260276,33.95150684931507
2021-03-16 01:00:00,44.42123287671233,126.09454794520548,53.155808219178084,33.94745205479452
2021-03-16 02:00:00,44.43835616438356,126.06060273972602,53.16558904109589,33.94339726027397
2021-03-16 03:00:00,44.455479452054796,126.02665753424657,53.1753698630137,33.93934246575343
2021-03-16 04:00:00,44.47260273972603,125.99271232876711,53.18515068493151,33.93528767123288
2021-03-16 05:00:00,44.48972602739726,125.95876712328766,53.194931506849315,33.93123287671233
2021-03-16 06:00:00,44.50684931506849,125.92482191780822,53.20471232876712,33.92717808219178
2021-03-16 07:00:00,44.523972602739725,125.89087671232876,53.21449315068494,33.92312328767123
2021-03-16 08:00:00,44.54109589041096,125.8569315068493,53.224273972602745,33.91906849315068
2021-03-16 09:00:00,44.55821917808219,125.82298630136985,53.23405479452055,33.91501369863013
2021-03-16 10:00:00,44.57534246575342,125.7890410958904,53.24383561643836,33.91095890410959
2021-03-16 11:00:00,44.592465753424655,125.75509589041096,53.25361643835617,33.90690410958904
2021-03-16 12:00:00,44.60958904109589,125.7211506849315,53.263397260273976,33.902849315068494
2021-03-16 13:00:00,44.62671232876713,125.68720547945205,53.273178082191784,33.898794520547945
2021-03-16 14:00:00,44.64383561643836,125.65326027397259,53.28295890410959,33.894739726027396
2021-03-16 15:00:00,44.66095890410959,125.61931506849314,53.2927397260274,33.89068493150685
2021-03-16 16:00:00,44.678082191780824,125.5853698630137,53.30252054794521,33.8866301369863
2021-03-16 17:00:00,44.695205479452056,125.55142465753424,53.312301369863015,33.882575342465756
2021-03-16 18:00:00,44.71232876712329,125.51747945205479,53.32208219178082,33.87852054794521
2021-03-16 19:00:00,44.72945205479452,125.48353424657533,53.33186301369863,33.87446575342466
2021-03-16 20:00:00,44.74657534246575,125.44958904109588,53.34164383561644,33.87041095890411
2021-03-16 21:00:00,44.763698630136986,125.41564383561644,53.35142465753425,33.86635616438356
2021-03-16 22:00:00,44.78082191780822,125.38169863013698,53.36120547945206,33.86230136986301
2021-03-16 23:00:00,44.79794520547945,125.34775342465753,53.37098630136987,33.85824657534246
2021-03-17 00:00:00,44.81506849315068,125.31380821917807,53.380767123287676,33.85419178082192
2021-03-17 01:00:00,44.832191780821915,125.27986301369862,53.39054794520548,33.85013698630137
2021-03-17 02:00:00,44.84931506849315,125.24591780821918,53.40032876712329,33.84608219178082
2021-03-17 03:00:00,44.86643835616438,125.21197260273972,53.4101095890411,33.842027397260274
2021-03-17 04:00:00,44.88356164383562,125.17802739726027,53.41989041095891,33.837972602739725
2021-03-17 05:00:00,44.90068493150685,125.14408219178081,53.429671232876714,33.83391780821918
2021-03-17 06:00:00,44.917808219178085,125.11013698630137,53.43945205479452,33.82986301369863
2021-03-17 07:00:00,44.93493150684932,125.07619178082192,53.44923287671233,33.82580821917808
2021-03-17 08:00:00,44.95205479452055,125.04224657534246,53.45901369863014,33.82175342465754
2021-03-17 09:00:00,44.96917808219178,125.008301369863,53.468794520547945,33.81769863013699
2021-03-17 10:00:00,44.986301369863014,124.97435616438355,53.47857534246575,33.81364383561644
2021-03-17 11:00:00,45.00342465753425,124.9404109589041,53.48835616438357,33.80958904109589
2021-03-17 12:00:00,45.02054794520548,124.90646575342465,53.498136986301375,33.80553424657534
2021-03-17 13:00:00,45.03767123287671,124.8725205479452,53.50791780821918,33.80147945205479
2021-03-17 14:00:00,45.054794520547944,124.83857534246575,53.51769863013699,33.79742465753424
2021-03-17 15:00:00,45.071917808219176,124.80463013698629,53.5274794520548,33.7933698630137
2021-03-17 16:00:00,45.08904109589041,124.77068493150685,53.537260273972606,33.78931506849315
2021-03-17 17:00:00,45.10616438356164,124.7367397260274,53.547041095890414,33.785260273972604
2021-03-17 18:00:00,45.12328767123287,124.70279452054794,53.55682191780822,33.781205479452055
2021-03-17 19:00:00,45.14041095890411,124.66884931506848,53.56660273972603,33.777150684931506
2021-03-17 20:00:00,45.157534246575345,124.63490410958903,53.57638356164384,33.77309589041096
2021-03-17 21:00:00,45.17465753424658,124.60095890410958,53.586164383561645,33.76904109589041
2021-03-17 22:00:00,45.19178082191781,124.56701369863013,53.59594520547945,33.764986301369866
2021-03-17 23:00:00,45.20890410958904,124.53306849315068,53.60572602739726,33.76093150684932
2021-03-18 00:00:00,45.226027397260275,124.49912328767122,53.61550684931507,33.75687671232877
2021-03-18 01:00:00,45.24315068493151,124.46517808219177,53.62528767123288,33.75282191780822
2021-03-18 02:00:00,45.26027397260274,124.43123287671233,53.63506849315069,33.74876712328767
2021-03-18 03:00:00,45.27739726027397,124.39728767123287,53.6448493150685,33.74471232876712
2021-03-18 04:00:00,45.294520547945204,124.36334246575342,53.654630136986306,33.74065753424657
2021-03-18 05:00:00,45.31164383561644,124.32939726027396,53.664410958904114,33.736602739726024
2021-03-18 06:00:00,45.32876712328767,124.29545205479451,53.67419178082192,33.73254794520548
2021-03-18 07:00:00,45.3458904109589,124.26150684931507,53.68397260273973,33.72849315068493
2021-03-18 08:00:00,45.363013698630134,124.22756164383561,53.69375342465754,33.724438356164384
2021-03-18 09:00:00,45.380136986301366,124.19361643835616,53.703534246575344,33.720383561643835
2021-03-18 10:00:00,45.397260273972606,124.1596712328767,53.71331506849315,33.71632876712329
2021-03-18 11:00:00,45.41438356164384,124.12572602739725,53.72309589041096,33.71227397260274
2021-03-18 12:00:00,45.43150684931507,124.09178082191781,53.73287671232877,33.70821917808219
2021-03-18 13:00:00,45.4486301369863,124.05783561643835,53.742657534246575,33.70416438356165
2021-03-18 14:00:00,45.465753424657535,124.0238904109589,53.75243835616439,33.7001095890411
2021-03-18 15:00:00,45.48287671232877,123.98994520547944,53.7622191780822,33.69605479452055
2021-03-18 16:00:00,45.5,123.95599999999999,53.772000000000006,33.692
2021-03-18 17:00:00,45.51712328767123,123.92205479452055,53.78178082191781,33.68794520547945
2021-03-18 18:00:00,45.534246575342465,123.8881095890411,53.79156164383562,33.6838904109589
2021-03-18 19:00:00,45.5513698630137,123.85416438356164,53.80134246575343,33.67983561643835
2021-03-18 20:00:00,45.56849315068493,123.82021917808218,53.811123287671236,33.67578082191781
2021-03-18 21:00:00,45.58561643835616,123.78627397260273,53.820904109589044,33.67172602739726
2021-03-18 22:00:00,45.602739726027394,123.75232876712329,53.83068493150685,33.667671232876714
2021-03-18 23:00:00,45.61986301369863,123.71838356164383,53.84046575342466,33.663616438356165
2021-03-19 00:00:00,45.63698630136986,123.68443835616438,53.85024657534247,33.659561643835616
2021-03-19 01:00:00,45.6541095890411,123.65049315068492,53.860027397260275,33.65550684931507
2021-03-19 02:00:00,45.67123287671233,123.61654794520547,53.86980821917808,33.65145205479452
2021-03-19 03:00:00,45.68835616438356,123.58260273972603,53.87958904109589,33.647397260273976
2021-03-19 04:00:00,45.705479452054796,123.54865753424657,53.8893698630137,33.64334246575343
2021-03-19 05:00:00,45.72260273972603,123.51471232876712,53.89915068493151,33.63928767123288
2021-03-19 06:00:00,45.73972602739726,123.48076712328766,53.90893150684932,33.63523287671233
2021-03-19 07:00:00,45.75684931506849,123.44682191780821,53.91871232876713,33.63117808219178
2021-03-19 08:00:00,45.773972602739725,123.41287671232877,53.928493150684936,33.62712328767123
2021-03-19 09:00:00,45.79109589041096,123.37893150684931,53.938273972602744,33.62306849315068
2021-03-19 10:00:00,45.80821917808219,123.34498630136986,53.94805479452055,33.619013698630134
2021-03-19 11:00:00,45.82534246575342,123.3110410958904,53.95783561643836,33.61495890410959
2021-03-19 12:00:00,45.842465753424655,123.27709589041095,53.96761643835617,33.61090410958904
2021-03-19 13:00:00,45.85958904109589,123.2431506849315,53.977397260273975,33.606849315068494
2021-03-19 14:00:00,45.87671232876713,123.20920547945205,53.98717808219178,33.602794520547945
2021-03-19 15:00:00,45.89383561643835,123.1752602739726,53.99695890410959,33.5987397260274
2021-03-19 16:00:00,45.91095890410959,123.14131506849314,54.0067397260274,33.59468493150685
2021-03-19 17:00:00,45.928082191780824,123.1073698630137,54.016520547945206,33.5906301369863
2021-03-19 18:00:00,45.945205479452056,123.07342465753425,54.02630136986301,33.58657534246576
2021-03-19 19:00:00,45.96232876712329,123.03947945205479,54.03608219178083,33.58252054794521
2021-03-19 20:00:00,45.97945205479452,123.00553424657534,54.045863013698636,33.57846575342466
2021-03-19 21:00:00,45.99657534246575,122.97158904109588,54.05564383561644,33.57441095890411
2021-03-19 22:00:00,46.013698630136986,122.93764383561643,54.06542465753425,33.57035616438356
2021-03-19 23:00:00,46.03082191780822,122.90369863013699,54.07520547945206,33.56630136986301
2021-03-20 00:00:00,46.04794520547945,122.86975342465753,54.08498630136987,33.56224657534246
2021-03-20 01:00:00,46.06506849315068,122.83580821917808,54.094767123287674,33.558191780821915
2021-03-20 02:00:00,46.082191780821915,122.80186301369862,54.10454794520548,33.55413698630137
2021-03-20 03:00:00,46.09931506849315,122.76791780821918,54.11432876712329,33.550082191780824
2021-03-20 04:00:00,46.11643835616438,122.73397260273973,54.1241095890411,33.546027397260275
2021-03-20 05:00:00,46.13356164383562,122.70002739726027,54.133890410958905,33.541972602739726
2021-03-20 06:00:00,46.15068493150685,122.66608219178082,54.14367123287671,33.53791780821918
2021-03-20 07:00:00,46.167808219178085,122.63213698630136,54.15345205479452,33.53386301369863
2021-03-20 08:00:00,46.18493150684932,122.5981917808219,54.16323287671233,33.52980821917808
2021-03-20 09:00:00,46.20205479452055,122.56424657534247,54.17301369863014,33.52575342465754
2021-03-20 10:00:00,46.21917808219178,122.53030136986301,54.18279452054795,33.52169863013699
2021-03-20 11:00:00,46.236301369863014,122.49635616438356,54.19257534246576,33.51764383561644
2021-03-20 12:00:00,46.25342465753425,122.4624109589041,54.202356164383566,33.51358904109589
2021-03-20 13:00:00,46.27054794520548,122.42846575342466,54.212136986301374,33.50953424657534
2021-03-20 14:00:00,46.28767123287671,122.3945205479452,54.22191780821918,33.50547945205479
2021-03-20 15:00:00,46.304794520547944,122.36057534246575,54.23169863013699,33.501424657534244
2021-03-20 16:00:00,46.321917808219176,122.3266301369863,54.2414794520548,33.4973698630137
2021-03-20 17:00:00,46.33904109589041,122.29268493150684,54.251260273972605,33.49331506849315
2021-03-20 18:00:00,46.35616438356164,122.25873972602739,54.26104109589041,33.489260273972604
2021-03-20 19:00:00,46.37328767123287,122.22479452054795,54.27082191780822,33.485205479452055
2021-03-20 20:00:00,46.39041095890411,122.19084931506849,54.28060273972603,33.48115068493151
2021-03-20 21:00:00,46.407534246575345,122.15690410958904,54.290383561643836,33.47709589041096
2021-03-20 22:00:00,46.42465753424658,122.12295890410958,54.30016438356164,33.47304109589041
2021-03-20 23:00:00,46.44178082191781,122.08901369863014,54.30994520547946,33.46898630136987
2021-03-21 00:00:00,46.45890410958904,122.05506849315069,54.319726027397266,33.46493150684932
2021-03-21 01:00:00,46.476027397260275,122.02112328767123,54.329506849315074,33.46087671232877
2021-03-21 02:00:00,46.49315068493151,121.98717808219178,54.33928767123288,33.45682191780822
2021-03-21 03:00:00,46.51027397260274,121.95323287671232,54.34906849315069,33.45276712328767
2021-03-21 04:00:00,46.52739726027397,121.91928767123287,54.3588493150685,33.44871232876712
2021-03-21 05:00:00,46.544520547945204,121.88534246575342,54.368630136986305,33.44465753424657
2021-03-21 06:00:00,46.56164383561644,121.85139726027397,54.37841095890411,33.44060273972603
2021-03-21 07:00:00,46.57876712328767,121.81745205479451,54.38819178082192,33.43654794520548
2021-03-21 08:00:00,46.5958904109589,121.78350684931506,54.39797260273973,33.432493150684934
2021-03-21 09:00:00,46.613013698630134,121.74956164383562,54.407753424657535,33.428438356164385
2021-03-21 10:00:00,46.630136986301366,121.71561643835616,54.41753424657534,33.424383561643836
2021-03-21 11:00:00,46.647260273972606,121.68167123287671,54.42731506849315,33.42032876712329
2021-03-21 12:00:00,46.66438356164384,121.64772602739725,54.43709589041096,33.41627397260274
2021-03-21 13:00:00,46.68150684931507,121.6137808219178,54.44687671232877,33.41221917808219
2021-03-21 14:00:00,46.6986301369863,121.57983561643834,54.45665753424658,33.40816438356165
2021-03-21 15:00:00,46.715753424657535,121.5458904109589,54.46643835616439,33.4041095890411
2021-03-21 16:00:00,46.73287671232877,121.51194520547945,54.4762191780822,33.40005479452055
2021-03-21 17:00:00,46.75,121.478,54.486000000000004,33.396
2021-03-21 18:00:00,46.76712328767123,121.44405479452054,54.49578082191781,33.39194520547945
2021-03-21 19:00:00,46.784246575342465,121.4101095890411,54.50556164383562,33.3878904109589
2021-03-21 20:00:00,46.8013698630137,121.37616438356164,54.51534246575343,33.383835616438354
2021-03-21 21:00:00,46.81849315068493,121.34221917808219,54.525123287671235,33.37978082191781
2021-03-21 22:00:00,46.83561643835616,121.30827397260273,54.53490410958904,33.37572602739726
2021-03-21 23:00:00,46.852739726027394,121.27432876712328,54.54468493150685,33.371671232876714
2021-03-22 00:00:00,46.869863013698634,121.24038356164384,54.55446575342466,33.367616438356166
2021-03-22 01:00:00,46.88698630136986,121.20643835616438,54.564246575342466,33.36356164383562
2021-03-22 02:00:00,46.9041095890411,121.17249315068493,54.574027397260274,33.35950684931507
2021-03-22 03:00:00,46.92123287671233,121.13854794520547,54.58380821917808,33.35545205479452
2021-03-22 04:00:00,46.93835616438356,121.10460273972602,54.593589041095896,33.35139726027397
2021-03-22 05:00:00,46.955479452054796,121.07065753424658,54.603369863013704,33.34734246575343
2021-03-22 06:00:00,46.97260273972603,121.03671232876712,54.61315068493151,33.34328767123288
2021-03-22 07:00:00,46.98972602739726,121.00276712328767,54.62293150684932,33.33923287671233
2021-03-22 08:00:00,47.00684931506849,120.96882191780821,54.63271232876713,33.33517808219178
2021-03-22 09:00:00,47.023972602739725,120.93487671232876,54.642493150684935,33.33112328767123
2021-03-22 10:00:00,47.04109589041096,120.90093150684932,54.65227397260274,33.32706849315068
2021-03-22 11:00:00,47.05821917808219,120.86698630136986,54.66205479452055,33.323013698630135
2021-03-22 12:00:00,47.07534246575342,120.83304109589041,54.67183561643836,33.31895890410959
2021-03-22 13:00:00,47.092465753424655,120.79909589041095,54.681616438356166,33.314904109589044
2021-03-22 14:00:00,47.10958904109589,120.7651506849315,54.69139726027397,33.310849315068495
2021-03-22 15:00:00,47.12671232876713,120.73120547945206,54.70117808219178,33.306794520547946
2021-03-22 16:00:00,47.14383561643835,120.6972602739726,54.71095890410959,33.3027397260274
2021-03-22 17:00:00,47.16095890410959,120.66331506849315,54.7207397260274,33.29868493150685
2021-03-22 18:00:00,47.178082191780824,120.6293698630137,54.73052054794521,33.2946301369863
2021-03-22 19:00:00,47.195205479452056,120.59542465753424,54.74030136986302,33.29057534246576
2021-03-22 20:00:00,47.21232876712329,120.5614794520548,54.75008219178083,33.28652054794521
2021-03-22 21:00:00,47.22945205479452,120.52753424657534,54.759863013698634,33.28246575342466
2021-03-22 22:00:00,47.24657534246575,120.49358904109589,54.76964383561644,33.27841095890411
2021-03-22 23:00:00,47.263698630136986,120.45964383561643,54.77942465753425,33.27435616438356
2021-03-23 00:00:00,47.28082191780822,120.42569863013699,54.78920547945206,33.27030136986301
2021-03-23 01:00:00,47.29794520547945,120.39175342465754,54.798986301369865,33.266246575342464
2021-03-23 02:00:00,47.31506849315068,120.35780821917808,54.80876712328767,33.26219178082192
2021-03-23 03:00:00,47.332191780821915,120.32386301369863,54.81854794520548,33.25813698630137
2021-03-23 04:00:00,47.34931506849315,120.28991780821917,54.82832876712329,33.254082191780824
2021-03-23 05:00:00,47.36643835616438,120.25597260273972,54.838109589041096,33.250027397260276
2021-03-23 06:00:00,47.38356164383562,120.22202739726028,54.847890410958904,33.24597260273973
2021-03-23 07:00:00,47.400684931506845,120.18808219178082,54.85767123287671,33.24191780821918
2021-03-23 08:00:00,47.417808219178085,120.15413698630137,54.867452054794526,33.23786301369863
2021-03-23 09:00:00,47.43493150684932,120.12019178082191,54.877232876712334,33.23380821917808
2021-03-23 10:00:00,47.45205479452055,120.08624657534247,54.88701369863014,33.22975342465754
2021-03-23 11:00:00,47.46917808219178,120.05230136986302,54.89679452054795,33.22569863013699
2021-03-23 12:00:00,47.486301369863014,120.01835616438356,54.90657534246576,33.22164383561644
2021-03-23 13:00:00,47.50342465753425,119.9844109589041,54.916356164383565,33.21758904109589
2021-03-23 14:00:00,47.52054794520548,119.95046575342465,54.92613698630137,33.21353424657534
2021-03-23 15:00:00,47.53767123287671,119.9165205479452,54.93591780821918,33.209479452054794
2021-03-23 16:00:00,47.554794520547944,119.88257534246576,54.94569863013699,33.205424657534245
2021-03-23 17:00:00,47.571917808219176,119.8486301369863,54.955479452054796,33.2013698630137
2021-03-23 18:00:00,47.58904109589041,119.81468493150685,54.9652602739726,33.197315068493154
2021-03-23 19:00:00,47.60616438356164,119.78073972602739,54.97504109589041,33.193260273972605
2021-03-23 20:00:00,47.62328767123287,119.74679452054795,54.98482191780822,33.189205479452056
2021-03-23 21:00:00,47.64041095890411,119.7128493150685,54.994602739726034,33.18515068493151
2021-03-23 22:00:00,47.657534246575345,119.67890410958904,55.00438356164384,33.18109589041096
2021-03-23 23:00:00,47.67465753424658,119.64495890410959,55.01416438356165,33.17704109589041
2021-03-24 00:00:00,47.69178082191781,119.61101369863013,55.02394520547946,33.17298630136987
2021-03-24 01:00:00,47.70890410958904,119.57706849315068,55.033726027397265,33.16893150684932
2021-03-24 02:00:00,47.726027397260275,119.54312328767124,55.04350684931507,33.16487671232877
2021-03-24 03:00:00,47.74315068493151,119.50917808219178,55.05328767123288,33.16082191780822
2021-03-24 04:00:00,47.76027397260274,119.47523287671233,55.06306849315069,33.15676712328767
2021-03-24 05:00:00,47.77739726027397,119.44128767123287,55.072849315068495,33.15271232876712
2021-03-24 06:00:00,47.794520547945204,119.40734246575343,55.0826301369863,33.148657534246574
2021-03-24 07:00:00,47.81164383561644,119.37339726027398,55.09241095890411,33.144602739726025
2021-03-24 08:00:00,47.82876712328767,119.33945205479452,55.10219178082192,33.14054794520548
2021-03-24 09:00:00,47.8458904109589,119.30550684931507,55.111972602739726,33.136493150684935
2021-03-24 10:00:00,47.863013698630134,119.27156164383561,55.121753424657534,33.132438356164386
2021-03-24 11:00:00,47.880136986301366,119.23761643835616,55.13153424657534,33.12838356164384
2021-03-24 12:00:00,47.897260273972606,119.20367123287672,55.14131506849316,33.12432876712329
2021-03-24 13:00:00,47.91438356164384,119.16972602739726,55.151095890410964,33.12027397260274
2021-03-24 14:00:00,47.93150684931507,119.1357808219178,55.16087671232877,33.11621917808219
2021-03-24 15:00:00,47.9486301369863,119.10183561643835,55.17065753424658,33.11216438356165
2021-03-24 16:00:00,47.965753424657535,119.06789041095891,55.18043835616439,33.1081095890411
2021-03-24 17:00:00,47.98287671232877,119.03394520547945,55.190219178082195,33.10405479452055
2021-03-24 18:00:00,48.0,119.0,55.2,33.1
2021-03-24 19:00:00,48.0,119.0,55.12,32.41
2021-03-24 20:00:00,48.0,119.0,55.18,31.81
2021-03-24 21:00:00,48.0,119.0,50.26,32.24
2021-03-24 22:00:00,48.0,119.0,52.04,31.78
2021-03-24 23:00:00,48.0,119.0,55.86,30.29
2021-03-25 00:00:00,48.0,119.0,61.25,29.2
2021-03-25 01:00:00,48.0,119.0,66.23,28.38
2021-03-25 02:00:00,48.0,119.0,67.61,27.73
2021-03-25 03:00:00,48.0,119.0,67.62,27.45
2021-03-25 04:00:00,48.0,119.0,61.65,27.4
2021-03-25 05:00:00,48.0,119.0,63.22,26.86
2021-03-25 06:00:00,48.0,119.0,63.97,26.7
2021-03-25 07:00:00,48.0,119.0,63.13,26.55
2021-03-25 08:00:00,48.0,119.0,51.7,29.66
2021-03-25 09:00:00,48.0,119.0,32.64,34.46
2021-03-25 10:00:00,48.0,119.0,24.29,37.53
2021-03-25 11:00:00,48.0,119.0,22.43,39.34
2021-03-25 12:00:00,48.0,119.0,36.25,38.62
2021-03-25 13:00:00,133.4,263.48,37.39,38.45
2021-03-25 14:00:00,151.94,155.85,38.35,38.58
2021-03-25 15:00:00,111.11,148.09,37.59,38.83
2021-03-25 16:00:00,92.06,147.52,27.93,38.9
2021-03-25 17:00:00,96.70095238095239,151.73904761904762,28.271428571428572,38.89047619047619
2021-03-25 18:00:00,101.34190476190477,155.95809523809524,28.61285714285714,38.88095238095238
2021-03-25 19:00:00,105.98285714285714,160.17714285714288,28.954285714285714,38.871428571428574
2021-03-25 20:00:00,110.62380952380953,164.3961904761905,29.295714285714286,38.86190476190476
2021-03-25 21:00:00,115.26476190476191,168.6152380952381,29.63714285714286,38.852380952380955
2021-03-25 22:00:00,119.90571428571428,172.83428571428573,29.978571428571428,38.84285714285714
2021-03-25 23:00:00,124.54666666666667,177.05333333333334,30.32,38.833333333333336
2021-03-26 00:00:00,129.18761904761905,181.27238095238096,30.661428571428573,38.82380952380952
2021-03-26 01:00:00,133.82857142857142,185.49142857142857,31.002857142857145,38.81428571428572
2021-03-26 02:00:00,138.46952380952382,189.7104761904762,31.344285714285714,38.804761904761904
2021-03-26 03:00:00,143.1104761904762,193.92952380952383,31.685714285714287,38.7952380952381
2021-03-26 04:00:00,147.75142857142856,198.14857142857144,32.027142857142856,38.785714285714285
2021-03-26 05:00:00,152.39238095238096,202.36761904761906,32.36857142857143,38.77619047619048
2021-03-26 06:00:00,157.03333333333333,206.58666666666667,32.71,38.766666666666666
2021-03-26 07:00:00,161.6742857142857,210.8057142857143,33.05142857142857,38.75714285714286
2021-03-26 08:00:00,166.3152380952381,215.02476190476193,33.392857142857146,38.74761904761905
2021-03-26 09:00:00,170.9561904761905,219.24380952380955,33.73428571428572,38.73809523809524
2021-03-26 10:00:00,175.59714285714287,223.46285714285716,34.075714285714284,38.72857142857143
2021-03-26 11:00:00,180.23809523809524,227.68190476190478,34.417142857142856,38.71904761904762
2021-03-26 12:00:00,184.87904761904764,231.9009523809524,34.75857142857143,38.70952380952381
2021-03-26 13:00:00,189.52,236.12,35.1,38.7
2021-03-26 14:00:00,120.66,171.35,33.31,38.86
2021-03-26 15:00:00,116.13,151.75,32.49,37.81
2021-03-26 16:00:00,110.46,141.22,30.84,37.42
2021-03-26 17:00:00,103.63,141.69,33.36,36.54
2021-03-26 18:00:00,93.75,138.1,39.41,35.29
2021-03-26 19:00:00,88.18,134.73,44.09,34.14
2021-03-26 20:00:00,89.69,134.65,49.36,33.04
2021-03-26 21:00:00,78.18,136.24,48.81,32.1
2021-03-26 22:00:00,92.16,137.81,49.46,31.12
2021-03-26 23:00:00,91.52,139.34,48.71,30.04
2021-03-27 00:00:00,56.74,125.46,50.81,29.57
2021-03-27 01:00:00,42.13,122.9,53.99,28.8
2021-03-27 02:00:00,48.0,139.0,56.8,28.21
2021-03-27 03:00:00,48.0,139.0,58.8,27.71
2021-03-27 04:00:00,48.0,139.0,58.27,27.6
2021-03-27 05:00:00,48.0,139.0,58.54,27.13
2021-03-27 06:00:00,48.0,139.0,58.86,26.92
2021-03-27 07:00:00,48.0,139.0,46.69,27.52
2021-03-27 08:00:00,48.0,139.0,42.34,29.8
2021-03-27 09:00:00,48.0,139.0,33.23,34.44
2021-03-27 10:00:00,48.0,139.0,26.03,37.78
2021-03-27 11:00:00,48.0,139.0,20.34,40.42
2021-03-27 12:00:00,48.0,139.0,17.31,42.24
2021-03-27 13:00:00,48.0,139.0,24.81,42.29
2021-03-27 14:00:00,48.0,139.0,28.11,41.5
2021-03-27 15:00:00,48.0,139.0,30.19,39.43
2021-03-27 16:00:00,48.0,139.0,34.98,37.58
2021-03-27 17:00:00,48.0,139.0,32.31,36.19
2021-03-27 18:00:00,48.0,139.0,29.02,35.98
2021-03-27 19:00:00,48.0,139.0,26.77,34.99
2021-03-27 20:00:00,48.0,139.0,26.61,34.23
2021-03-27 21:00:00,48.0,139.0,27.63,33.24
2021-03-27 22:00:00,48.0,139.0,32.02,31.52
2021-03-27 23:00:00,48.0,139.0,39.11,30.4
2021-03-28 00:00:00,48.0,139.0,46.17,29.5
2021-03-28 01:00:00,48.0,139.0,49.64,28.91
2021-03-28 02:00:00,48.0,139.0,54.71,28.26
2021-03-28 03:00:00,48.0,139.0,72.18,28.33
2021-03-28 04:00:00,48.0,139.0,72.21,28.01
2021-03-28 05:00:00,48.0,139.0,68.96,27.59
2021-03-28 06:00:00,48.0,139.0,68.09,27.5
2021-03-28 07:00:00,48.0,139.0,69.63,27.5
2021-03-28 08:00:00,48.0,139.0,67.06,30.3
2021-03-28 09:00:00,48.0,139.0,65.34,31.88
2021-03-28 10:00:00,48.0,139.0,63.39,33.81
2021-03-28 11:00:00,48.0,139.0,60.95,35.0
2021-03-28 12:00:00,48.0,139.0,63.04,35.51
2021-03-28 13:00:00,48.0,139.0,63.33,35.36
2021-03-28 14:00:00,48.0,139.0,69.5,34.75
2021-03-28 15:00:00,48.0,139.0,73.63,33.9
2021-03-28 16:00:00,48.0,139.0,71.72,33.62
2021-03-28 17:00:00,48.0,139.0,71.31,32.03
2021-03-28 18:00:00,48.0,139.0,77.75,30.97
2021-03-28 19:00:00,48.0,139.0,82.0,29.78
2021-03-28 20:00:00,48.0,139.0,80.19,28.87
2021-03-28 21:00:00,48.0,139.0,79.11,29.32
2021-03-28 22:00:00,48.0,139.0,79.62,29.34
2021-03-28 23:00:00,48.0,139.0,84.34,29.07
2021-03-29 00:00:00,48.0,139.0,87.72,28.45
2021-03-29 01:00:00,48.0,139.0,90.41,28.07
2021-03-29 02:00:00,48.0,139.0,92.25,28.0
2021-03-29 03:00:00,48.0,139.0,93.77,27.77
2021-03-29 04:00:00,48.0,139.0,94.18,27.46
2021-03-29 05:00:00,48.0,139.0,93.41,27.24
2021-03-29 06:00:00,48.0,139.0,93.44,26.96
2021-03-29 07:00:00,48.0,139.0,93.58,27.37
2021-03-29 08:00:00,48.0,139.0,84.59,29.22
2021-03-29 09:00:00,48.0,139.0,75.13,31.03
2021-03-29 10:00:00,48.0,139.0,65.44,33.44
2021-03-29 11:00:00,48.0,139.0,59.23,35.64
2021-03-29 12:00:00,48.0,139.0,53.16,36.57
2021-03-29 13:00:00,48.0,139.0,54.62,36.7
2021-03-29 14:00:00,48.0,139.0,61.51,34.98
2021-03-29 15:00:00,48.0,139.0,67.74,33.87
2021-03-29 16:00:00,48.0,139.0,71.9,32.68
2021-03-29 17:00:00,48.0,139.0,72.7,31.54
2021-03-29 18:00:00,48.0,139.0,77.48,30.98
2021-03-29 19:00:00,48.0,139.0,82.72,30.04
2021-03-29 20:00:00,48.0,139.0,85.52,29.64
2021-03-29 21:00:00,48.0,139.0,86.31,29.21
2021-03-29 22:00:00,48.0,139.0,87.58,28.63
2021-03-29 23:00:00,48.0,139.0,88.53,28.27
2021-03-30 00:00:00,48.0,139.0,89.72,27.96
2021-03-30 01:00:00,48.0,139.0,90.55,27.51
2021-03-30 02:00:00,48.0,139.0,91.41,27.32
2021-03-30 03:00:00,48.0,139.0,92.62,27.07
2021-03-30 04:00:00,48.0,139.0,94.08,26.84
2021-03-30 05:00:00,48.0,139.0,93.77,26.41
2021-03-30 06:00:00,48.0,139.0,94.77,26.93
2021-03-30 07:00:00,48.0,139.0,96.19,26.78
2021-03-30 08:00:00,48.0,139.0,89.22,28.34
2021-03-30 09:00:00,48.0,139.0,77.96,30.76
2021-03-30 10:00:00,48.0,139.0,70.98,32.25
2021-03-30 11:00:00,48.0,139.0,66.41,33.45
2021-03-30 12:00:00,48.0,139.0,65.5,33.7
2021-03-30 13:00:00,48.0,139.0,62.42,34.09
2021-03-30 14:00:00,48.0,139.0,61.05,34.12
2021-03-30 15:00:00,48.0,139.0,60.5,34.02
2021-03-30 16:00:00,48.0,139.0,61.19,33.37
2021-03-30 17:00:00,48.0,139.0,64.56,31.62
2021-03-30 18:00:00,48.0,139.0,69.89,30.49
2021-03-30 19:00:00,48.0,139.0,72.6,29.43
2021-03-30 20:00:00,48.0,139.0,75.21,28.57
2021-03-30 21:00:00,48.0,139.0,76.98,27.93
2021-03-30 22:00:00,48.0,139.0,80.06,27.32
2021-03-30 23:00:00,48.0,139.0,81.12,26.88
2021-03-31 00:00:00,48.0,139.0,81.75,26.56
2021-03-31 01:00:00,48.0,139.0,83.08,26.42
2021-03-31 02:00:00,48.0,139.0,85.06,26.16
2021-03-31 03:00:00,48.0,139.0,86.76,25.94
2021-03-31 04:00:00,48.0,139.0,88.28,25.66
2021-03-31 05:00:00,48.0,139.0,89.39,25.44
2021-03-31 06:00:00,48.0,139.0,90.23,25.48
2021-03-31 07:00:00,48.0,139.0,89.22,25.89
2021-03-31 08:00:00,48.0,139.0,77.78,29.07
2021-03-31 09:00:00,48.0,139.0,69.91,30.92
2021-03-31 10:00:00,48.0,139.0,60.95,32.46
2021-03-31 11:00:00,48.0,139.0,60.71,33.83
2021-03-31 12:00:00,53.55,152.07,60.02,34.1
2021-03-31 13:00:00,108.94,276.26,59.78,34.18
2021-03-31 14:00:00,63.59,163.91,63.35,34.04
2021-03-31 15:00:00,78.21,147.26,67.45,33.13
2021-03-31 16:00:00,72.2,144.71,70.18,32.59
2021-03-31 17:00:00,94.73,141.97,75.24,31.24
2021-03-31 18:00:00,79.4,137.53,79.56,30.27
2021-03-31 19:00:00,70.78,135.31,82.83,29.32
2021-03-31 20:00:00,69.48,136.89,84.75,28.78
2021-03-31 21:00:00,63.74,136.84,86.82,28.38
2021-03-31 22:00:00,60.03,135.49,89.18,27.83
2021-03-31 23:00:00,76.09,137.41,90.64,27.62
2021-04-01 00:00:00,47.86,125.92,87.84,27.84
2021-04-01 01:00:00,41.6,121.3,86.77,27.82
2021-04-01 02:00:00,48.0,139.0,85.29,27.8
2021-04-01 03:00:00,48.0,139.0,84.98,27.95
2021-04-01 04:00:00,48.0,139.0,85.0,27.92
2021-04-01 05:00:00,48.0,139.0,84.84,27.66
2021-04-01 06:00:00,48.0,139.0,84.95,27.68
2021-04-01 07:00:00,48.0,139.0,85.55,28.17
2021-04-01 08:00:00,48.0,139.0,83.59,29.08
2021-04-01 09:00:00,48.0,139.0,77.28,30.55
2021-04-01 10:00:00,48.0,139.0,69.59,32.08
2021-04-01 11:00:00,48.0,139.0,65.0,33.65
2021-04-01 12:00:00,48.0,139.0,66.23,33.92
2021-04-01 13:00:00,48.0,139.0,65.47,34.06
2021-04-01 14:00:00,48.0,139.0,65.18,33.94
2021-04-01 15:00:00,48.0,139.1,67.17,33.58
2021-04-01 16:00:00,49.95,144.24,68.65,32.47
2021-04-01 17:00:00,46.7,142.22,70.79,31.73
2021-04-01 18:00:00,38.68,134.98,74.14,30.73
2021-04-01 19:00:00,38.0,134.3,77.42,29.87
2021-04-01 20:00:00,32.2,111.22,79.99,29.3
2021-04-01 21:00:00,31.4,108.5,81.13,28.88
2021-04-01 22:00:00,31.19,107.91,81.38,28.56
2021-04-01 23:00:00,28.48,100.4,79.35,28.73
2021-04-02 00:00:00,28.5,100.4,76.43,28.88
2021-04-02 01:00:00,28.5,100.4,75.64,28.5
2021-04-02 02:00:00,28.5,100.4,76.54,28.24
2021-04-02 03:00:00,28.5,100.4,78.38,27.57
2021-04-02 04:00:00,28.5,100.4,79.51,27.48
2021-04-02 05:00:00,28.5,100.4,80.33,27.26
2021-04-02 06:00:00,28.5,100.4,79.63,27.36
2021-04-02 07:00:00,28.5,100.4,80.82,27.87
2021-04-02 08:00:00,28.5,100.4,77.17,29.1
2021-04-02 09:00:00,28.5,100.4,69.63,31.14
2021-04-02 10:00:00,28.5,100.4,64.82,32.23
2021-04-02 11:00:00,153.41,202.88,61.79,33.34
2021-04-02 12:00:00,103.58,146.68,60.96,33.91
2021-04-02 13:00:00,76.59,117.68,59.64,33.92
2021-04-02 14:00:00,63.27,107.23,60.64,33.5
2021-04-02 15:00:00,78.22,127.13,60.22,33.56
2021-04-02 16:00:00,86.08,110.21,62.52,33.05
2021-04-02 17:00:00,90.25,106.26,66.98,31.64
2021-04-02 18:00:00,84.55,107.64,69.89,30.59
2021-04-02 19:00:00,75.1,106.28,72.06,29.69
2021-04-02 20:00:00,65.11,108.31,74.08,29.11
2021-04-02 21:00:00,68.2,107.05,76.31,28.45
2021-04-02 22:00:00,73.02,107.68,78.14,27.82
2021-04-02 23:00:00,63.51,108.57,79.05,27.62
2021-04-03 00:00:00,34.2,84.42,79.52,27.36
2021-04-03 01:00:00,32.72,96.29,80.86,27.06
2021-04-03 02:00:00,38.0,110.4,82.22,26.61
2021-04-03 03:00:00,38.0,110.4,82.97,26.42
2021-04-03 04:00:00,38.0,110.4,83.65,26.16
2021-04-03 05:00:00,38.0,110.4,83.96,26.02
2021-04-03 06:00:00,38.0,110.4,84.63,26.0
2021-04-03 07:00:00,38.0,110.4,83.7,26.39
2021-04-03 08:00:00,38.0,110.4,77.48,28.55
2021-04-03 09:00:00,38.0,110.4,70.38,30.91
2021-04-03 10:00:00,38.0,110.4,68.58,31.72
2021-04-03 11:00:00,38.0,110.4,65.42,32.67
2021-04-03 12:00:00,38.0,110.4,63.73,32.82
2021-04-03 13:00:00,68.26,139.41,62.95,32.96
2021-04-03 14:00:00,78.18,110.22,63.35,33.31
2021-04-03 15:00:00,56.94,116.2,64.37,32.85
2021-04-03 16:00:00,73.63,114.54,64.91,32.15
2021-04-03 17:00:00,64.54,110.92,69.34,30.74
2021-04-03 18:00:00,62.23,102.34,72.39,30.08
2021-04-03 19:00:00,47.28,102.07,74.71,29.21
2021-04-03 20:00:00,53.98,104.3,75.59,28.92
2021-04-03 21:00:00,43.34,104.87,76.65,28.98
2021-04-03 22:00:00,46.01,106.83,77.61,28.92
2021-04-03 23:00:00,50.05,107.33,78.35,28.66
2021-04-04 00:00:00,43.89,91.05,78.34,28.6
2021-04-04 01:00:00,24.38,94.55,78.46,28.12
2021-04-04 02:00:00,28.5,108.4,78.73,28.08
2021-04-04 03:00:00,28.5,108.4,80.38,27.78
2021-04-04 04:00:00,28.5,108.4,80.01,27.7
2021-04-04 05:00:00,28.5,108.4,80.03,27.46
2021-04-04 06:00:00,28.5,108.4,81.2,27.4
2021-04-04 07:00:00,28.5,108.4,82.05,27.4
2021-04-04 08:00:00,28.5,108.4,76.28,28.74
2021-04-04 09:00:00,28.5,108.4,71.31,29.97
2021-04-04 10:00:00,28.5,108.4,65.27,32.49
2021-04-04 11:00:00,28.5,108.4,61.77,33.57
2021-04-04 12:00:00,28.5,108.4,61.04,34.33
2021-04-04 13:00:00,28.5,108.4,60.52,34.58
2021-04-04 14:00:00,28.5,108.4,61.74,34.28
2021-04-04 15:00:00,28.5,108.4,62.97,33.57
2021-04-04 16:00:00,28.5,108.4,65.09,33.0
2021-04-04 17:00:00,28.5,108.4,68.83,31.71
2021-04-04 18:00:00,28.5,108.4,72.85,30.61
2021-04-04 19:00:00,28.5,108.4,76.22,30.0
2021-04-04 20:00:00,28.5,108.4,77.53,29.43
2021-04-04 21:00:00,28.5,108.4,79.83,29.22
2021-04-04 22:00:00,28.5,108.4,81.5,29.12
2021-04-04 23:00:00,28.5,108.4,83.06,28.71
2021-04-05 00:00:00,28.5,108.4,85.29,28.36
2021-04-05 01:00:00,28.5,108.4,84.84,28.38
2021-04-05 02:00:00,28.5,108.4,85.16,27.84
2021-04-05 03:00:00,28.5,108.4,85.3,27.7
2021-04-05 04:00:00,28.5,108.4,85.38,27.54
2021-04-05 05:00:00,28.5,108.4,84.04,27.74
2021-04-05 06:00:00,28.5,108.4,84.42,27.56
2021-04-05 07:00:00,28.5,108.4,84.36,27.82
2021-04-05 08:00:00,28.5,108.4,78.22,29.82
2021-04-05 09:00:00,28.5,108.4,74.38,30.62
2021-04-05 10:00:00,28.5,108.4,68.76,32.38
2021-04-05 11:00:00,28.5,108.4,65.98,33.6
2021-04-05 12:00:00,28.5,108.4,66.0,33.4
2021-04-05 13:00:00,114.67,249.53,63.78,34.34
2021-04-05 14:00:00,63.77,113.72,64.4,34.04
2021-04-05 15:00:00,48.44,116.64,64.14,33.42
2021-04-05 16:00:00,48.26,125.44,64.08,32.9
2021-04-05 17:00:00,76.63,120.33,67.14,32.32
2021-04-05 18:00:00,42.32,118.72,71.1,31.08
2021-04-05 19:00:00,53.44,116.24,73.26,30.48
2021-04-05 20:00:00,42.47,116.79,75.44,30.08
2021-04-05 21:00:00,48.16,118.45,76.14,29.44
2021-04-05 22:00:00,46.5,117.94,74.04,28.98
2021-04-05 23:00:00,43.89,120.81,74.86,28.42
2021-04-06 00:00:00,45.72,102.09,76.24,27.9
2021-04-06 01:00:00,24.7,104.48,75.38,27.56
2021-04-06 02:00:00,28.5,120.4,73.1,27.66
2021-04-06 03:00:00,28.5,120.4,68.68,27.3
2021-04-06 04:00:00,28.5,120.4,69.54,26.64
2021-04-06 05:00:00,28.5,120.4,72.64,26.02
2021-04-06 06:00:00,28.5,120.4,74.26,25.74
2021-04-06 07:00:00,28.5,120.4,70.18,26.42
2021-04-06 08:00:00,28.5,120.4,64.62,29.64
2021-04-06 09:00:00,28.5,120.4,59.26,32.56
2021-04-06 10:00:00,28.5,120.4,53.16,34.94
2021-04-06 11:00:00,28.5,120.4,52.22,36.44
2021-04-06 12:00:00,28.5,120.4,57.58,37.18
2021-04-06 13:00:00,28.5,120.4,62.5,36.5
2021-04-06 14:00:00,28.5,120.4,62.52,35.74
2021-04-06 15:00:00,28.5,120.4,59.26,35.68
2021-04-06 16:00:00,28.5,120.4,53.86,35.7
2021-04-06 17:00:00,28.5,120.4,59.5,34.18
2021-04-06 18:00:00,28.5,120.4,66.72,32.68
2021-04-06 19:00:00,28.5,120.4,70.74,31.6
2021-04-06 20:00:00,28.5,120.4,71.4,31.24
2021-04-06 21:00:00,28.5,120.4,71.64,30.96
2021-04-06 22:00:00,28.5,120.4,73.94,30.18
2021-04-06 23:00:00,28.5,120.4,76.98,29.6
2021-04-07 00:00:00,28.5,120.4,79.04,29.02
2021-04-07 01:00:00,28.5,120.4,78.84,29.06
2021-04-07 02:00:00,28.5,120.4,81.74,28.54
2021-04-07 03:00:00,28.5,120.4,82.66,28.32
2021-04-07 04:00:00,28.5,120.4,85.42,27.5
2021-04-07 05:00:00,28.5,120.4,87.38,26.98
2021-04-07 06:00:00,28.5,120.4,88.34,27.06
2021-04-07 07:00:00,28.5,120.4,88.66,27.18
2021-04-07 08:00:00,28.5,120.4,78.62,29.68
2021-04-07 09:00:00,28.5,120.4,68.1,31.82
2021-04-07 10:00:00,28.5,120.4,64.34,33.64
2021-04-07 11:00:00,28.5,120.4,64.22,34.4
2021-04-07 12:00:00,28.5,120.4,64.14,35.22
2021-04-07 13:00:00,85.84,229.81,64.74,35.08
2021-04-07 14:00:00,55.16,111.98,60.82,35.24
2021-04-07 15:00:00,53.36,106.66,59.56,35.06
2021-04-07 16:00:00,52.15,102.09,57.9,34.12
2021-04-07 17:00:00,67.81,101.94,61.58,32.94
2021-04-07 18:00:00,61.08,100.35,64.92,32.14
2021-04-07 19:00:00,47.41,97.61,66.94,31.36
2021-04-07 20:00:00,60.58,97.65,67.54,30.72
2021-04-07 21:00:00,64.58,98.35,66.24,30.04
2021-04-07 22:00:00,53.59,97.47,69.9,29.58
2021-04-07 23:00:00,66.67,100.21,75.22,29.98
2021-04-08 00:00:00,35.66,53.7,75.82,29.86
2021-04-08 01:00:00,24.38,87.01,76.58,29.72
2021-04-08 02:00:00,28.5,100.4,78.16,29.06
2021-04-08 03:00:00,28.5,100.4,79.78,28.66
2021-04-08 04:00:00,28.5,100.4,82.58,28.12
2021-04-08 05:00:00,28.5,100.4,84.88,27.76
2021-04-08 06:00:00,28.5,100.4,86.26,27.62
2021-04-08 07:00:00,28.5,100.4,86.18,27.68
2021-04-08 08:00:00,28.5,100.4,82.02,29.14
2021-04-08 09:00:00,38.99,93.93,74.76,31.1
2021-04-08 10:00:00,40.39,96.81,70.56,32.14
2021-04-08 11:00:00,41.91,130.6,69.98,32.86
2021-04-08 12:00:00,42.5,131.6,69.68,33.64
2021-04-08 13:00:00,45.18,135.12,72.16,32.92
2021-04-08 14:00:00,55.75,153.37,70.88,33.98
2021-04-08 15:00:00,51.68,150.06,71.12,33.5
2021-04-08 16:00:00,49.51,148.45,71.22,32.34
2021-04-08 17:00:00,49.51,148.45,73.05,31.21
2021-04-08 18:00:00,54.81,137.45,75.51,30.68
2021-04-08 19:00:00,67.53,112.47,78.01,29.95
2021-04-08 20:00:00,67.53,112.47,78.26,29.72
2021-04-08 21:00:00,67.53,112.47,81.66,28.98
2021-04-08 22:00:00,67.53,112.47,84.75,28.56
2021-04-08 23:00:00,67.53,112.47,87.47,28.26
2021-04-09 00:00:00,67.53,112.47,89.37,28.12
2021-04-09 01:00:00,67.53,112.47,89.46,27.78
2021-04-09 02:00:00,67.53,112.47,89.4,27.46
2021-04-09 03:00:00,67.53,112.47,89.8,27.32
2021-04-09 04:00:00,67.53,112.47,90.22,27.22
2021-04-09 05:00:00,67.53,112.47,91.43,26.96
2021-04-09 06:00:00,67.53,112.47,92.18,26.9
2021-04-09 07:00:00,67.53,112.47,92.38,27.14
2021-04-09 08:00:00,67.53,112.47,82.73,29.05
2021-04-09 09:00:00,67.53,112.47,74.19,31.27
2021-04-09 10:00:00,67.53,112.47,69.88,32.58
2021-04-09 11:00:00,49.77,165.63,67.34,33.2
2021-04-09 12:00:00,89.22,152.19,65.35,33.79
2021-04-09 13:00:00,97.63,138.75,64.67,34.06
2021-04-09 14:00:00,78.69,133.02,64.44,34.18
2021-04-09 15:00:00,87.98,129.62,65.37,34.12
2021-04-09 16:00:00,80.68,127.79,67.22,33.53
2021-04-09 17:00:00,71.57,121.96,69.79,32.18
2021-04-09 18:00:00,78.53,120.27,72.89,31.17
2021-04-09 19:00:00,73.67,120.72,75.85,30.43
2021-04-09 20:00:00,70.34,120.72,78.43,29.81
2021-04-09 21:00:00,68.38,119.56,81.58,29.29
2021-04-09 22:00:00,60.81,121.25,84.23,29.04
2021-04-09 23:00:00,68.71,124.54,86.08,28.59
2021-04-10 00:00:00,19.08,90.85,86.32,28.42
2021-04-10 01:00:00,33.14,109.11,84.35,28.72
2021-04-10 02:00:00,38.0,124.3,84.06,28.47
2021-04-10 03:00:00,38.0,124.3,85.48,27.83
2021-04-10 04:00:00,38.0,124.3,88.96,27.05
2021-04-10 05:00:00,38.0,124.3,89.7,26.66
2021-04-10 06:00:00,38.0,124.3,91.0,26.68
2021-04-10 07:00:00,38.0,124.3,89.52,27.43
2021-04-10 08:00:00,38.0,124.3,81.72,29.22
2021-04-10 09:00:00,38.0,124.3,71.24,31.46
2021-04-10 10:00:00,38.0,124.3,67.33,33.11
2021-04-10 11:00:00,38.0,124.3,63.25,34.13
2021-04-10 12:00:00,38.0,124.3,64.91,34.14
2021-04-10 13:00:00,38.0,124.3,63.31,34.42
2021-04-10 14:00:00,38.0,124.3,64.66,34.17
2021-04-10 15:00:00,38.0,124.3,69.4,32.88
2021-04-10 16:00:00,38.0,124.3,72.18,32.11
2021-04-10 17:00:00,38.0,124.3,73.41,31.76
2021-04-10 18:00:00,38.0,124.3,76.95,30.88
2021-04-10 19:00:00,38.0,124.3,79.41,30.37
2021-04-10 20:00:00,38.0,124.3,82.41,29.73
2021-04-10 21:00:00,38.0,124.3,92.15,27.96
2021-04-10 22:00:00,38.0,124.3,94.44,27.6
2021-04-10 23:00:00,38.0,124.3,95.48,27.27
2021-04-11 00:00:00,38.0,124.3,95.53,27.28
2021-04-11 01:00:00,38.0,124.3,95.83,27.05
2021-04-11 02:00:00,38.0,124.3,96.22,26.67
2021-04-11 03:00:00,38.0,124.3,96.22,26.52
2021-04-11 04:00:00,38.0,124.3,95.79,26.58
2021-04-11 05:00:00,38.0,124.3,95.21,26.68
2021-04-11 06:00:00,38.0,124.3,94.85,26.7
2021-04-11 07:00:00,38.0,124.3,95.29,26.62
2021-04-11 08:00:00,38.0,124.3,85.27,28.48
2021-04-11 09:00:00,38.0,124.3,72.63,30.53
2021-04-11 10:00:00,38.0,124.3,62.95,32.7
2021-04-11 11:00:00,38.0,124.3,42.68,36.2
2021-04-11 12:00:00,38.0,124.3,52.55,36.66
2021-04-11 13:00:00,38.0,124.3,49.86,37.17
2021-04-11 14:00:00,38.0,124.3,56.0,36.4
2021-04-11 15:00:00,38.0,124.3,56.28,35.38
2021-04-11 16:00:00,38.0,124.3,62.0,34.79
2021-04-11 17:00:00,38.0,124.3,72.43,33.22
2021-04-11 18:00:00,38.0,124.3,79.58,31.66
2021-04-11 19:00:00,38.0,124.3,84.4,30.91
2021-04-11 20:00:00,38.0,124.3,86.43,30.55
2021-04-11 21:00:00,38.0,124.3,87.52,30.09
2021-04-11 22:00:00,38.0,124.3,88.77,29.67
2021-04-11 23:00:00,38.0,124.3,89.0,29.27
2021-04-12 00:00:00,38.0,124.3,89.66,28.87
2021-04-12 01:00:00,38.0,124.3,91.28,29.21
2021-04-12 02:00:00,38.0,124.3,91.44,29.3
2021-04-12 03:00:00,38.0,124.3,89.18,29.38
2021-04-12 04:00:00,38.0,124.3,88.94,29.32
2021-04-12 05:00:00,38.0,124.3,90.15,28.72
2021-04-12 06:00:00,38.0,124.3,92.21,28.27
2021-04-12 07:00:00,38.0,124.3,92.84,28.36
2021-04-12 08:00:00,38.0,124.3,86.4,29.63
2021-04-12 09:00:00,38.0,124.3,78.67,31.21
2021-04-12 10:00:00,38.0,124.3,69.82,33.55
2021-04-12 11:00:00,38.0,124.3,67.62,34.9
2021-04-12 12:00:00,38.0,124.3,65.61,36.08
2021-04-12 13:00:00,38.0,124.3,54.84,36.05
2021-04-12 14:00:00,38.0,124.3,59.18,36.0
2021-04-12 15:00:00,38.0,124.3,63.8,35.09
2021-04-12 16:00:00,38.0,124.3,64.09,34.65
2021-04-12 17:00:00,38.0,124.3,62.52,33.86
2021-04-12 18:00:00,38.0,124.3,60.31,33.2
2021-04-12 19:00:00,38.0,124.3,62.53,32.61
2021-04-12 20:00:00,38.0,124.3,59.4,32.66
2021-04-12 21:00:00,38.0,124.3,60.41,32.04
2021-04-12 22:00:00,38.0,124.3,63.35,30.99
2021-04-12 23:00:00,38.0,124.3,69.41,30.3
2021-04-13 00:00:00,38.0,124.3,73.81,30.53
2021-04-13 01:00:00,38.0,124.3,77.21,30.6
2021-04-13 02:00:00,38.0,124.3,78.54,30.19
2021-04-13 03:00:00,38.0,124.3,79.93,30.02
2021-04-13 04:00:00,38.0,124.3,79.29,29.59
2021-04-13 05:00:00,38.0,124.3,79.92,29.09
2021-04-13 06:00:00,38.0,124.3,80.59,29.08
2021-04-13 07:00:00,38.0,124.3,77.58,29.59
2021-04-13 08:00:00,38.0,124.3,70.16,31.02
2021-04-13 09:00:00,38.0,124.3,64.26,33.35
2021-04-13 10:00:00,38.0,124.3,56.31,36.1
2021-04-13 11:00:00,38.0,124.3,62.03,36.6
2021-04-13 12:00:00,38.0,124.3,67.88,35.61
2021-04-13 13:00:00,38.0,124.3,67.48,35.56
2021-04-13 14:00:00,38.0,124.3,63.58,36.26
2021-04-13 15:00:00,38.0,124.3,60.74,35.74
2021-04-13 16:00:00,38.0,124.3,67.94,34.61
2021-04-13 17:00:00,38.0,124.3,74.12,33.16
2021-04-13 18:00:00,38.0,124.3,76.17,31.91
2021-04-13 19:00:00,38.0,124.3,77.3,31.29
2021-04-13 20:00:00,38.0,124.3,81.14,30.7
2021-04-13 21:00:00,38.0,124.3,84.38,30.1
2021-04-13 22:00:00,38.0,124.3,86.47,30.16
2021-04-13 23:00:00,38.0,124.3,85.56,30.03
2021-04-14 00:00:00,38.0,124.3,84.56,30.16
2021-04-14 01:00:00,38.0,124.3,84.98,30.2
2021-04-14 02:00:00,38.0,124.3,84.52,30.28
2021-04-14 03:00:00,38.0,124.3,83.9,29.88
2021-04-14 04:00:00,38.0,124.3,83.14,29.63
2021-04-14 05:00:00,38.0,124.3,83.75,29.19
2021-04-14 06:00:00,38.0,124.3,84.81,28.69
2021-04-14 07:00:00,38.0,124.3,85.33,29.09
2021-04-14 08:00:00,38.0,124.3,73.48,31.43
2021-04-14 09:00:00,38.0,124.3,67.28,32.56
2021-04-14 10:00:00,38.0,124.3,57.64,35.02
2021-04-14 11:00:00,38.0,124.3,59.69,35.67
2021-04-14 12:00:00,38.0,124.3,61.57,36.36
2021-04-14 13:00:00,38.0,124.3,60.06,36.58
2021-04-14 14:00:00,38.0,124.3,62.35,36.35
2021-04-14 15:00:00,38.0,124.3,63.98,35.39
2021-04-14 16:00:00,38.0,124.3,67.76,34.2
2021-04-14 17:00:00,38.0,124.3,70.24,33.0
2021-04-14 18:00:00,38.0,124.3,76.23,31.81
2021-04-14 19:00:00,38.0,124.3,80.05,30.77
2021-04-14 20:00:00,38.0,124.3,81.59,30.27
2021-04-14 21:00:00,38.0,124.3,82.38,30.28
2021-04-14 22:00:00,38.0,124.3,81.34,30.46
2021-04-14 23:00:00,38.0,124.3,81.02,30.09
2021-04-15 00:00:00,38.0,124.3,80.59,29.75
2021-04-15 01:00:00,38.0,124.3,82.82,29.37
2021-04-15 02:00:00,38.0,124.3,86.61,29.13
2021-04-15 03:00:00,38.0,124.3,88.13,28.77
2021-04-15 04:00:00,38.0,124.3,89.05,28.2
2021-04-15 05:00:00,38.0,124.3,87.96,27.93
2021-04-15 06:00:00,38.0,124.3,87.61,28.23
2021-04-15 07:00:00,38.0,124.3,87.85,28.88
2021-04-15 08:00:00,38.0,124.3,80.7,30.74
2021-04-15 09:00:00,41.4,114.19,70.26,32.67
2021-04-15 10:00:00,44.8,104.3,64.26,34.32
2021-04-15 11:00:00,42.73,117.22,54.29,35.67
2021-04-15 12:00:00,45.88,137.4,49.0,37.39
2021-04-15 13:00:00,45.88,137.4,52.77,36.7
2021-04-15 14:00:00,45.88,137.4,57.43,36.5
2021-04-15 15:00:00,45.88,137.4,64.16,34.84
2021-04-15 16:00:00,45.88,137.4,68.46,33.59
2021-04-15 17:00:00,45.88,137.4,71.09,32.74
2021-04-15 18:00:00,45.88,137.4,75.31,31.69
2021-04-15 19:00:00,45.88,137.4,77.75,30.76
2021-04-15 20:00:00,45.88,137.4,78.93,30.02
2021-04-15 21:00:00,45.88,137.4,81.09,29.65
2021-04-15 22:00:00,45.88,137.4,82.49,29.27
2021-04-15 23:00:00,45.88,137.4,84.02,28.87
2021-04-16 00:00:00,45.88,137.4,86.28,28.63
2021-04-16 01:00:00,45.88,137.4,88.02,28.52
2021-04-16 02:00:00,45.88,137.4,88.63,28.25
2021-04-16 03:00:00,45.88,137.4,89.78,28.12
2021-04-16 04:00:00,45.88,137.4,87.27,27.35
2021-04-16 05:00:00,45.88,137.4,85.79,27.03
2021-04-16 06:00:00,45.88,137.4,86.09,26.83
2021-04-16 07:00:00,45.88,137.4,87.36,27.29
2021-04-16 08:00:00,45.88,137.4,75.35,29.96
2021-04-16 09:00:00,45.88,137.4,62.22,32.33
2021-04-16 10:00:00,38.26,105.4,60.6,33.86
2021-04-16 11:00:00,38.0,104.3,63.36,34.35
2021-04-16 12:00:00,27.77,121.8,64.23,34.81
2021-04-16 13:00:00,31.97,111.25,62.97,35.15
2021-04-16 14:00:00,32.8,109.37,64.37,34.7
2021-04-16 15:00:00,32.8,109.37,67.86,33.52
2021-04-16 16:00:00,32.8,109.37,67.66,33.63
2021-04-16 17:00:00,31.43,106.66,73.08,32.36
2021-04-16 18:00:00,29.91,99.34,78.2,31.1
2021-04-16 19:00:00,29.66,93.7,79.5,30.31
2021-04-16 20:00:00,26.1,74.2,79.85,29.78
2021-04-16 21:00:00,26.1,74.2,80.06,29.7
2021-04-16 22:00:00,26.1,74.2,80.93,29.62
2021-04-16 23:00:00,26.1,74.2,80.93,29.43
2021-04-17 00:00:00,26.1,74.2,79.73,29.4
2021-04-17 01:00:00,26.1,74.2,80.91,29.15
2021-04-17 02:00:00,26.1,74.2,82.95,28.85
2021-04-17 03:00:00,26.1,74.2,85.3,28.13
2021-04-17 04:00:00,26.1,74.2,86.78,27.66
2021-04-17 05:00:00,26.1,74.2,88.33,27.27
2021-04-17 06:00:00,26.1,74.2,89.52,27.03
2021-04-17 07:00:00,26.1,74.2,88.7,27.08
2021-04-17 08:00:00,26.1,74.2,76.83,30.02
2021-04-17 09:00:00,26.1,74.2,71.83,31.68
2021-04-17 10:00:00,26.1,74.2,69.13,32.98
2021-04-17 11:00:00,26.1,74.2,67.87,33.95
2021-04-17 12:00:00,26.1,74.2,65.86,35.18
2021-04-17 13:00:00,26.1,74.2,68.08,34.9
2021-04-17 14:00:00,26.1,74.2,68.85,34.63
2021-04-17 15:00:00,26.1,74.2,70.4,34.68
2021-04-17 16:00:00,26.1,74.2,71.53,33.87
2021-04-17 17:00:00,26.1,74.2,72.62,32.87
2021-04-17 18:00:00,26.1,74.2,71.63,31.95
2021-04-17 19:00:00,26.1,74.2,75.56,31.05
2021-04-17 20:00:00,26.1,74.2,79.73,30.48
2021-04-17 21:00:00,26.1,74.2,82.65,30.48
2021-04-17 22:00:00,26.1,74.2,84.1,30.0
2021-04-17 23:00:00,26.1,74.2,85.72,29.73
2021-04-18 00:00:00,26.1,74.2,86.91,29.78
2021-04-18 01:00:00,26.1,74.2,87.6,29.3
2021-04-18 02:00:00,26.1,74.2,88.28,29.28
2021-04-18 03:00:00,26.1,74.2,89.4,29.05
2021-04-18 04:00:00,26.1,74.2,89.85,28.83
2021-04-18 05:00:00,26.1,74.2,90.48,28.46
2021-04-18 06:00:00,26.1,74.2,90.6,28.07
2021-04-18 07:00:00,26.1,74.2,90.1,28.41
2021-04-18 08:00:00,26.1,74.2,80.83,30.41
2021-04-18 09:00:00,26.1,74.2,72.41,32.38
2021-04-18 10:00:00,26.1,74.2,63.43,35.11
2021-04-18 11:00:00,26.1,74.2,64.06,36.35
2021-04-18 12:00:00,26.1,74.2,67.41,36.17
2021-04-18 13:00:00,26.1,74.2,69.75,35.68
2021-04-18 14:00:00,26.1,74.2,64.77,35.52
2021-04-18 15:00:00,26.1,74.2,63.78,36.09
2021-04-18 16:00:00,26.1,74.2,63.8,35.78
2021-04-18 17:00:00,26.1,74.2,72.78,33.94
2021-04-18 18:00:00,26.1,74.2,75.59,32.93
2021-04-18 19:00:00,26.1,74.2,77.64,31.88
2021-04-18 20:00:00,26.1,74.2,79.26,31.45
2021-04-18 21:00:00,26.1,74.2,81.34,30.9
2021-04-18 22:00:00,26.1,74.2,83.88,30.38
2021-04-18 23:00:00,26.1,74.2,83.71,30.3
2021-04-19 00:00:00,26.1,74.2,85.78,30.3
2021-04-19 01:00:00,26.1,74.2,86.03,29.71
2021-04-19 02:00:00,26.1,74.2,87.34,29.01
2021-04-19 03:00:00,26.1,74.2,87.94,28.73
2021-04-19 04:00:00,26.1,74.2,88.34,28.53
2021-04-19 05:00:00,26.1,74.2,87.81,28.67
2021-04-19 06:00:00,26.1,74.2,87.87,28.95
2021-04-19 07:00:00,26.1,74.2,86.05,29.42
2021-04-19 08:00:00,26.1,74.2,78.91,31.34
2021-04-19 09:00:00,26.1,74.2,75.59,32.28
2021-04-19 10:00:00,26.1,74.2,69.79,33.75
2021-04-19 11:00:00,26.1,74.2,67.03,34.08
2021-04-19 12:00:00,26.1,74.2,65.77,34.44
2021-04-19 13:00:00,26.1,74.2,66.61,35.0
2021-04-19 14:00:00,26.1,74.2,65.7,35.44
2021-04-19 15:00:00,26.1,74.2,66.68,35.16
2021-04-19 16:00:00,26.1,74.2,68.08,34.25
2021-04-19 17:00:00,26.1,74.2,69.14,33.17
2021-04-19 18:00:00,26.1,74.2,71.33,31.82
2021-04-19 19:00:00,26.1,74.2,75.25,31.09
2021-04-19 20:00:00,26.1,74.2,76.58,30.49
2021-04-19 21:00:00,26.1,74.2,76.78,29.98
2021-04-19 22:00:00,26.1,74.2,80.18,29.73
2021-04-19 23:00:00,26.1,74.2,82.91,29.28
2021-04-20 00:00:00,26.1,74.2,84.23,29.2
2021-04-20 01:00:00,26.1,74.2,83.3,29.12
2021-04-20 02:00:00,26.1,74.2,83.02,28.84
2021-04-20 03:00:00,26.1,74.2,83.25,28.88
2021-04-20 04:00:00,26.1,74.2,84.23,28.39
2021-04-20 05:00:00,26.1,74.2,85.75,27.96
2021-04-20 06:00:00,26.1,74.2,85.66,27.9
2021-04-20 07:00:00,26.1,74.2,83.4,29.0
2021-04-20 08:00:00,26.1,74.2,76.24,30.3
2021-04-20 09:00:00,26.1,74.2,70.86,31.51
2021-04-20 10:00:00,26.1,74.2,63.43,34.06
2021-04-20 11:00:00,26.1,74.2,62.96,35.0
2021-04-20 12:00:00,26.1,74.2,64.45,34.59
2021-04-20 13:00:00,26.1,74.2,63.6,34.58
2021-04-20 14:00:00,26.1,74.2,62.89,34.85
2021-04-20 15:00:00,26.1,74.2,64.83,34.73
2021-04-20 16:00:00,26.1,74.2,67.06,33.69
2021-04-20 17:00:00,26.1,74.2,70.94,32.74
2021-04-20 18:00:00,26.1,74.2,75.74,31.67
2021-04-20 19:00:00,26.1,74.2,79.37,30.82
2021-04-20 20:00:00,26.1,74.2,81.5,30.45
2021-04-20 21:00:00,26.1,74.2,81.38,30.31
2021-04-20 22:00:00,26.1,74.2,81.3,29.79
2021-04-20 23:00:00,26.1,74.2,82.56,29.53
2021-04-21 00:00:00,26.1,74.2,84.06,29.16
2021-04-21 01:00:00,26.1,74.2,82.44,28.84
2021-04-21 02:00:00,26.1,74.2,82.86,28.38
2021-04-21 03:00:00,26.1,74.2,82.49,28.21
2021-04-21 04:00:00,26.1,74.2,82.74,28.03
2021-04-21 05:00:00,26.1,74.2,82.55,28.17
2021-04-21 06:00:00,26.1,74.2,83.43,28.28
2021-04-21 07:00:00,26.1,74.2,83.18,28.72
2021-04-21 08:00:00,26.1,74.2,76.18,30.23
2021-04-21 09:00:00,26.1,74.2,68.99,31.85
2021-04-21 10:00:00,26.1,74.2,65.11,33.53
2021-04-21 11:00:00,33.37,89.93,65.1,34.05
2021-04-21 12:00:00,39.18,102.23,63.51,34.61
2021-04-21 13:00:00,39.18,102.23,65.9,33.86
2021-04-21 14:00:00,31.78,94.1,65.89,33.61
2021-04-21 15:00:00,29.3,90.78,63.35,34.19
2021-04-21 16:00:00,27.16,87.4,66.11,33.96
2021-04-21 17:00:00,27.16,87.4,70.58,32.55
2021-04-21 18:00:00,27.16,87.4,74.59,31.29
2021-04-21 19:00:00,27.16,87.4,78.43,30.59
2021-04-21 20:00:00,27.16,87.4,79.34,29.91
2021-04-21 21:00:00,27.16,87.4,80.5,29.63
2021-04-21 22:00:00,27.16,87.4,81.81,29.43
2021-04-21 23:00:00,27.16,87.4,82.42,29.31
2021-04-22 00:00:00,27.16,87.4,82.75,29.13
2021-04-22 01:00:00,27.16,87.4,82.8,29.1
2021-04-22 02:00:00,27.16,87.4,84.07,28.93
2021-04-22 03:00:00,27.16,87.4,83.53,28.98
2021-04-22 04:00:00,27.16,87.4,83.06,29.0
2021-04-22 05:00:00,27.16,87.4,83.17,29.0
2021-04-22 06:00:00,27.16,87.4,83.2,28.74
2021-04-22 07:00:00,27.16,87.4,80.4,29.29
2021-04-22 08:00:00,27.16,87.4,72.0,30.67
2021-04-22 09:00:00,27.16,87.4,66.94,31.92
2021-04-22 10:00:00,27.16,87.4,52.95,34.56
2021-04-22 11:00:00,27.16,87.4,59.87,35.0
2021-04-22 12:00:00,27.16,87.4,62.35,35.42
2021-04-22 13:00:00,27.16,87.4,66.24,34.05
2021-04-22 14:00:00,27.16,87.4,64.01,34.73
2021-04-22 15:00:00,27.16,87.4,63.92,35.11
2021-04-22 16:00:00,27.16,87.4,68.4,34.2
2021-04-22 17:00:00,27.16,87.4,72.3,32.9
2021-04-22 18:00:00,27.16,87.4,76.12,31.97
2021-04-22 19:00:00,27.16,87.4,80.03,31.04
2021-04-22 20:00:00,27.16,87.4,78.99,30.3
2021-04-22 21:00:00,27.16,87.4,78.19,30.03
2021-04-22 22:00:00,27.16,87.4,80.06,29.83
2021-04-22 23:00:00,27.16,87.4,82.87,29.12
2021-04-23 00:00:00,27.16,87.4,85.09,28.49
2021-04-23 01:00:00,27.16,87.4,86.93,28.06
2021-04-23 02:00:00,27.16,87.4,88.39,27.66
2021-04-23 03:00:00,27.16,87.4,87.58,27.6
2021-04-23 04:00:00,27.16,87.4,86.47,27.6
2021-04-23 05:00:00,27.16,87.4,86.55,27.34
2021-04-23 06:00:00,27.16,87.4,87.71,27.38
2021-04-23 07:00:00,27.16,87.4,87.39,27.82
2021-04-23 08:00:00,27.16,87.4,68.43,31.56
2021-04-23 09:00:00,27.16,87.4,55.24,33.64
2021-04-23 10:00:00,27.16,87.4,46.87,36.45
2021-04-23 11:00:00,27.16,87.4,54.97,36.56
2021-04-23 12:00:00,27.16,87.4,58.13,35.31
2021-04-23 13:00:00,27.16,87.4,51.94,36.12
2021-04-23 14:00:00,27.16,87.4,49.36,35.28
2021-04-23 15:00:00,27.16,87.4,55.05,35.87
2021-04-23 16:00:00,27.16,87.4,54.23,35.15
2021-04-23 17:00:00,27.16,87.4,59.0,33.55
2021-04-23 18:00:00,27.16,87.4,63.55,32.02
2021-04-23 19:00:00,27.16,87.4,64.37,30.78
2021-04-23 20:00:00,27.16,87.4,66.35,30.34
2021-04-23 21:00:00,27.16,87.4,71.03,29.88
2021-04-23 22:00:00,27.16,87.4,71.89,29.63
2021-04-23 23:00:00,27.16,87.4,73.09,29.26
2021-04-24 00:00:00,27.16,87.4,77.04,29.03
2021-04-24 01:00:00,27.16,87.4,77.95,28.49
2021-04-24 02:00:00,27.16,87.4,80.3,27.89
2021-04-24 03:00:00,27.16,87.4,81.89,27.55
2021-04-24 04:00:00,27.16,87.4,84.22,26.91
2021-04-24 05:00:00,27.16,87.4,86.38,26.55
2021-04-24 06:00:00,27.16,87.4,87.3,26.24
2021-04-24 07:00:00,27.16,87.4,80.38,28.08
2021-04-24 08:00:00,27.16,87.4,72.87,30.2
2021-04-24 09:00:00,27.16,87.4,64.78,32.04
2021-04-24 10:00:00,27.16,87.4,65.22,33.33
2021-04-24 11:00:00,27.16,87.4,63.36,34.36
2021-04-24 12:00:00,27.16,87.4,61.37,35.27
2021-04-24 13:00:00,27.16,87.4,62.12,35.23
2021-04-24 14:00:00,27.16,87.4,63.24,35.11
2021-04-24 15:00:00,27.16,87.4,64.17,34.67
2021-04-24 16:00:00,27.16,87.4,65.67,34.26
2021-04-24 17:00:00,27.16,87.4,69.84,32.92
2021-04-24 18:00:00,27.16,87.4,73.66,31.59
2021-04-24 19:00:00,27.16,87.4,76.59,30.71
2021-04-24 20:00:00,27.16,87.4,76.74,30.51
2021-04-24 21:00:00,27.16,87.4,78.84,30.33
2021-04-24 22:00:00,27.16,87.4,80.82,30.21
2021-04-24 23:00:00,27.16,87.4,82.38,29.94
2021-04-25 00:00:00,27.16,87.4,83.37,29.81
2021-04-25 01:00:00,27.16,87.4,84.27,29.2
2021-04-25 02:00:00,27.16,87.4,86.03,28.76
2021-04-25 03:00:00,27.16,87.4,87.84,28.44
2021-04-25 04:00:00,27.16,87.4,87.93,28.48
2021-04-25 05:00:00,27.16,87.4,88.75,28.24
2021-04-25 06:00:00,27.16,87.4,89.58,28.29
2021-04-25 07:00:00,27.16,87.4,87.56,28.55
2021-04-25 08:00:00,27.16,87.4,78.56,30.99
2021-04-25 09:00:00,27.16,87.4,59.73,33.11
2021-04-25 10:00:00,27.16,87.4,63.3,34.25
2021-04-25 11:00:00,27.16,87.4,61.41,35.77
2021-04-25 12:00:00,27.16,87.4,61.16,36.51
2021-04-25 13:00:00,27.16,87.4,58.46,36.26
2021-04-25 14:00:00,27.16,87.4,58.6,36.54
2021-04-25 15:00:00,27.16,87.4,65.46,35.74
2021-04-25 16:00:00,27.16,87.4,72.93,34.83
2021-04-25 17:00:00,27.16,87.4,73.4,34.02
2021-04-25 18:00:00,27.16,87.4,74.84,32.7
2021-04-25 19:00:00,27.16,87.4,74.07,32.59
2021-04-25 20:00:00,27.16,87.4,75.1,32.43
2021-04-25 21:00:00,27.16,87.4,49.2,33.17
2021-04-25 22:00:00,27.16,87.4,51.73,31.5
2021-04-25 23:00:00,27.16,87.4,73.0,31.03
2021-04-26 00:00:00,27.16,87.4,85.81,31.34
2021-04-26 01:00:00,27.16,87.4,87.14,31.05
2021-04-26 02:00:00,27.16,87.4,88.39,30.66
2021-04-26 03:00:00,27.16,87.4,88.6,30.34
2021-04-26 04:00:00,27.16,87.4,89.63,29.95
2021-04-26 05:00:00,27.16,87.4,89.8,29.9
2021-04-26 06:00:00,27.16,87.4,89.63,29.47
2021-04-26 07:00:00,27.16,87.4,86.58,30.61
2021-04-26 08:00:00,27.16,87.4,82.05,31.23
2021-04-26 09:00:00,27.16,87.4,74.77,33.37
2021-04-26 10:00:00,27.16,87.4,66.38,35.77
2021-04-26 11:00:00,27.16,87.4,65.46,36.27
2021-04-26 12:00:00,27.16,87.4,70.41,35.78
2021-04-26 13:00:00,27.16,87.4,70.25,35.27
2021-04-26 14:00:00,27.16,87.4,70.88,35.2
2021-04-26 15:00:00,27.16,87.4,70.57,34.59
2021-04-26 16:00:00,27.16,87.4,66.11,34.84
2021-04-26 17:00:00,27.16,87.4,70.14,33.78
2021-04-26 18:00:00,27.16,87.4,75.98,32.83
2021-04-26 19:00:00,27.16,87.4,78.95,31.84
2021-04-26 20:00:00,27.16,87.4,80.76,30.84
2021-04-26 21:00:00,27.16,87.4,83.84,30.61
2021-04-26 22:00:00,27.16,87.4,85.08,29.99
2021-04-26 23:00:00,27.16,87.4,85.54,29.9
2021-04-27 00:00:00,27.16,87.4,84.05,30.16
2021-04-27 01:00:00,27.16,87.4,83.8,29.59
2021-04-27 02:00:00,27.16,87.4,84.92,30.02
2021-04-27 03:00:00,27.16,87.4,84.67,29.84
2021-04-27 04:00:00,27.16,87.4,86.15,29.28
2021-04-27 05:00:00,27.16,87.4,86.83,28.94
2021-04-27 06:00:00,27.16,87.4,88.28,29.07
2021-04-27 07:00:00,27.16,87.4,87.64,29.44
2021-04-27 08:00:00,27.16,87.4,79.41,31.05
2021-04-27 09:00:00,27.16,87.4,76.21,32.25
2021-04-27 10:00:00,27.16,87.4,69.44,34.29
2021-04-27 11:00:00,27.16,87.4,66.93,35.72
2021-04-27 12:00:00,27.16,87.4,64.79,35.81
2021-04-27 13:00:00,27.16,87.4,60.51,36.49
2021-04-27 14:00:00,27.16,87.4,64.67,35.64
2021-04-27 15:00:00,27.16,87.4,64.1,35.59
2021-04-27 16:00:00,27.16,87.4,62.16,34.12
2021-04-27 17:00:00,27.16,87.4,67.97,33.64
2021-04-27 18:00:00,27.16,87.4,71.76,32.64
2021-04-27 19:00:00,27.16,87.4,74.28,31.8
2021-04-27 20:00:00,27.16,87.4,75.38,31.44
2021-04-27 21:00:00,27.16,87.4,74.03,31.4
2021-04-27 22:00:00,27.16,87.4,75.62,30.88
2021-04-27 23:00:00,27.16,87.4,77.63,30.62
2021-04-28 00:00:00,27.16,87.4,79.8,30.16
2021-04-28 01:00:00,27.16,87.4,81.49,30.7
2021-04-28 02:00:00,27.16,87.4,84.73,30.54
2021-04-28 03:00:00,27.16,87.4,84.77,30.07
2021-04-28 04:00:00,27.16,87.4,84.18,29.91
2021-04-28 05:00:00,27.16,87.4,84.1,29.29
2021-04-28 06:00:00,27.16,87.4,83.75,28.94
2021-04-28 07:00:00,27.16,87.4,84.31,29.94
2021-04-28 08:00:00,27.16,87.4,79.98,31.22
2021-04-28 09:00:00,27.16,87.4,72.02,32.7
2021-04-28 10:00:00,27.16,87.4,64.31,34.2
2021-04-28 11:00:00,27.16,87.4,60.87,35.7
2021-04-28 12:00:00,27.16,87.4,59.2,35.81
2021-04-28 13:00:00,27.16,87.4,65.76,35.97
2021-04-28 14:00:00,27.16,87.4,67.58,35.56
2021-04-28 15:00:00,27.16,87.4,67.18,34.46
2021-04-28 16:00:00,27.16,87.4,70.13,33.69
2021-04-28 17:00:00,27.16,87.4,72.07,32.73
2021-04-28 18:00:00,27.16,87.4,78.02,31.47
2021-04-28 19:00:00,27.16,87.4,78.9,31.04
2021-04-28 20:00:00,27.16,87.4,78.98,30.48
2021-04-28 21:00:00,27.16,87.4,78.56,30.23
2021-04-28 22:00:00,27.16,87.4,76.5,30.11
2021-04-28 23:00:00,27.16,87.4,74.98,30.19
2021-04-29 00:00:00,27.16,87.4,78.18,30.02
2021-04-29 01:00:00,27.16,87.4,83.55,29.91
2021-04-29 02:00:00,27.16,87.4,84.82,29.73
2021-04-29 03:00:00,27.16,87.4,85.59,29.27
2021-04-29 04:00:00,27.16,87.4,85.61,29.63
2021-04-29 05:00:00,27.16,87.4,86.73,29.35
2021-04-29 06:00:00,27.16,87.4,88.28,29.12
2021-04-29 07:00:00,27.16,87.4,85.38,29.88
2021-04-29 08:00:00,27.16,87.4,76.84,31.64
2021-04-29 09:00:00,27.16,87.4,66.76,33.46
2021-04-29 10:00:00,27.16,87.4,63.32,34.65
2021-04-29 11:00:00,27.16,87.4,64.47,35.23
2021-04-29 12:00:00,27.16,87.4,62.45,35.65
2021-04-29 13:00:00,27.16,87.4,60.54,36.13
2021-04-29 14:00:00,27.16,87.4,59.61,36.2
2021-04-29 15:00:00,27.16,87.4,63.14,35.77
2021-04-29 16:00:00,27.16,87.4,69.16,34.57
2021-04-29 17:00:00,27.16,87.4,75.63,33.36
2021-04-29 18:00:00,27.16,87.4,79.88,31.81
2021-04-29 19:00:00,27.16,87.4,82.91,30.91
2021-04-29 20:00:00,27.16,87.4,83.56,30.88
2021-04-29 21:00:00,27.16,87.4,82.3,31.07
2021-04-29 22:00:00,27.16,87.4,79.13,31.01
2021-04-29 23:00:00,27.16,87.4,82.1,30.91
2021-04-30 00:00:00,27.16,87.4,84.34,30.46
2021-04-30 01:00:00,27.16,87.4,86.69,30.23
2021-04-30 02:00:00,27.16,87.4,88.22,29.85
2021-04-30 03:00:00,27.16,87.4,88.22,29.45
2021-04-30 04:00:00,27.16,87.4,87.5,29.48
2021-04-30 05:00:00,27.16,87.4,86.44,29.93
2021-04-30 06:00:00,27.16,87.4,85.25,40.12
2021-04-30 07:00:00,27.16,87.4,83.27,55.81
2021-04-30 08:00:00,27.16,87.4,80.47,57.9
2021-04-30 09:00:00,27.16,87.4,74.43,57.9
2021-04-30 10:00:00,27.16,87.4,73.51,57.9
2021-04-30 11:00:00,27.16,87.4,71.75,57.9
2021-04-30 12:00:00,27.16,87.4,71.94,57.9
2021-04-30 13:00:00,27.16,87.4,68.34,57.9
2021-04-30 14:00:00,27.16,87.4,68.5,57.9
2021-04-30 15:00:00,27.16,87.4,67.99,57.9
2021-04-30 16:00:00,27.16,87.4,68.16,57.9
2021-04-30 17:00:00,27.16,87.4,74.48,57.9
2021-04-30 18:00:00,27.16,87.4,79.76,57.9
2021-04-30 19:00:00,27.16,87.4,82.75,57.9
2021-04-30 20:00:00,27.16,87.4,82.84,57.9
2021-04-30 21:00:00,27.16,87.4,83.06,57.9
2021-04-30 22:00:00,27.16,87.4,79.87,57.9
2021-04-30 23:00:00,27.16,87.4,76.87,57.9
2021-05-01 00:00:00,27.16,87.4,76.85,57.9
2021-05-01 01:00:00,27.16,87.4,81.17,57.9
2021-05-01 02:00:00,27.16,87.4,83.98,57.9
2021-05-01 03:00:00,27.16,87.4,85.96,57.9
2021-05-01 04:00:00,27.16,87.4,84.89,57.9
2021-05-01 05:00:00,27.16,87.4,84.7,57.9
2021-05-01 06:00:00,27.16,87.4,84.0,57.9
2021-05-01 07:00:00,27.16,87.4,81.81,57.9
2021-05-01 08:00:00,27.16,87.4,81.15,57.9
2021-05-01 09:00:00,27.16,87.4,72.99,57.9
2021-05-01 10:00:00,27.16,87.4,62.12,37.14
2021-05-01 11:00:00,27.16,87.4,61.92,35.41
2021-05-01 12:00:00,27.16,87.4,59.83,35.95
2021-05-01 13:00:00,27.16,87.4,61.33,36.52
2021-05-01 14:00:00,27.16,87.4,69.45,55.18
2021-05-01 15:00:00,27.16,87.4,73.04,57.9
2021-05-01 16:00:00,27.16,87.4,70.61,57.9
2021-05-01 17:00:00,27.16,87.4,75.34,57.9
2021-05-01 18:00:00,27.16,87.4,77.75,57.9
2021-05-01 19:00:00,27.16,87.4,78.44,57.9
2021-05-01 20:00:00,27.16,87.4,79.46,57.9
2021-05-01 21:00:00,27.16,87.4,80.56,57.9
2021-05-01 22:00:00,27.16,87.4,82.27,57.9
2021-05-01 23:00:00,27.16,87.4,83.63,57.9
2021-05-02 00:00:00,27.16,87.4,84.5,57.9
2021-05-02 01:00:00,27.16,87.4,84.16,57.9
2021-05-02 02:00:00,27.16,87.4,85.5,57.9
2021-05-02 03:00:00,27.16,87.4,81.34,57.9
2021-05-02 04:00:00,27.16,87.4,71.54,57.9
2021-05-02 05:00:00,27.16,87.4,72.56,57.9
2021-05-02 06:00:00,27.16,87.4,77.52,57.9
2021-05-02 07:00:00,27.16,87.4,86.28,57.9
2021-05-02 08:00:00,27.16,87.4,83.1,57.9
2021-05-02 09:00:00,27.16,87.4,79.95,34.81
2021-05-02 10:00:00,27.16,87.4,74.68,33.27
2021-05-02 11:00:00,27.16,87.4,71.72,33.68
2021-05-02 12:00:00,27.16,87.4,69.03,34.84
2021-05-02 13:00:00,27.16,87.4,63.08,55.1
2021-05-02 14:00:00,27.16,87.4,67.22,37.36
2021-05-02 15:00:00,27.16,87.4,69.83,34.15
2021-05-02 16:00:00,27.16,87.4,68.52,54.99
2021-05-02 17:00:00,27.16,87.4,74.0,35.95
2021-05-02 18:00:00,27.16,87.4,77.78,32.11
2021-05-02 19:00:00,27.16,87.4,80.13,31.56
2021-05-02 20:00:00,27.16,87.4,82.16,30.8
2021-05-02 21:00:00,27.16,87.4,60.19,54.58
2021-05-02 22:00:00,27.16,87.4,62.45,57.9
2021-05-02 23:00:00,27.16,87.4,77.59,57.9
2021-05-03 00:00:00,27.16,87.4,84.25,55.35
2021-05-03 01:00:00,27.16,87.4,86.56,57.54
2021-05-03 02:00:00,27.16,87.4,85.83,57.9
2021-05-03 03:00:00,27.16,87.4,85.7,57.9
2021-05-03 04:00:00,27.16,87.4,72.62,57.9
2021-05-03 05:00:00,27.16,87.4,74.78,57.9
2021-05-03 06:00:00,27.16,87.4,77.51,57.9
2021-05-03 07:00:00,27.16,87.4,80.89,57.9
2021-05-03 08:00:00,27.16,87.4,68.4,57.9
2021-05-03 09:00:00,27.16,87.4,62.81,57.9
2021-05-03 10:00:00,27.16,87.4,53.91,57.9
2021-05-03 11:00:00,27.16,87.4,57.66,57.9
2021-05-03 12:00:00,27.16,87.4,56.8,57.9
2021-05-03 13:00:00,27.16,87.4,60.58,57.9
2021-05-03 14:00:00,27.16,87.4,59.24,57.9
2021-05-03 15:00:00,27.16,87.4,62.53,57.9
2021-05-03 16:00:00,27.16,87.4,65.29,57.9
2021-05-03 17:00:00,27.16,87.4,74.43,57.9
2021-05-03 18:00:00,27.16,87.4,76.75,57.9
2021-05-03 19:00:00,27.16,87.4,75.48,57.9
2021-05-03 20:00:00,27.16,87.4,76.63,57.9
2021-05-03 21:00:00,30.773333333333333,93.03333333333333,76.28666666666666,57.9
2021-05-03 22:00:00,34.38666666666667,98.66666666666667,75.94333333333333,57.9
2021-05-03 23:00:00,38.0,104.3,75.6,57.9
2021-05-04 00:00:00,38.0,104.3,77.5,57.9
2021-05-04 01:00:00,38.0,104.3,79.39999999999999,57.9
2021-05-04 02:00:00,38.0,104.3,81.3,57.9
2021-05-04 03:00:00,38.0,104.3,83.19999999999999,57.9
2021-05-04 04:00:00,38.0,104.3,85.1,57.9
2021-05-04 05:00:00,38.0,104.3,85.1542857142857,57.9
2021-05-04 06:00:00,38.0,104.3,85.20857142857142,57.9
2021-05-04 07:00:00,38.0,104.3,85.26285714285714,57.9
2021-05-04 08:00:00,38.0,104.3,85.31714285714285,57.9
2021-05-04 09:00:00,38.0,104.3,85.37142857142857,57.9
2021-05-04 10:00:00,38.0,104.3,85.42571428571428,57.9
2021-05-04 11:00:00,38.0,104.3,85.47999999999999,57.9
2021-05-04 12:00:00,38.0,104.3,85.53428571428572,57.9
2021-05-04 13:00:00,38.0,104.3,85.58857142857143,57.9
2021-05-04 14:00:00,38.0,104.3,85.64285714285714,57.9
2021-05-04 15:00:00,38.0,104.3,85.69714285714285,57.9
2021-05-04 16:00:00,38.0,104.3,85.75142857142856,57.9
2021-05-04 17:00:00,38.0,104.3,85.80571428571429,57.9
2021-05-04 18:00:00,38.0,104.3,85.86,57.9
2021-05-04 19:00:00,38.0,104.3,85.91428571428571,57.9
2021-05-04 20:00:00,38.0,104.3,85.96857142857142,57.9
2021-05-04 21:00:00,38.0,104.3,86.02285714285713,57.9
2021-05-04 22:00:00,38.0,104.3,86.07714285714286,57.9
2021-05-04 23:00:00,38.0,104.3,86.13142857142857,57.9
2021-05-05 00:00:00,38.0,104.3,86.18571428571428,57.9
2021-05-05 01:00:00,38.0,104.3,86.24,57.9
2021-05-05 02:00:00,38.0,104.3,86.2942857142857,57.9
2021-05-05 03:00:00,38.0,104.3,86.34857142857143,57.9
2021-05-05 04:00:00,38.0,104.3,86.40285714285714,57.9
2021-05-05 05:00:00,38.0,104.3,86.45714285714286,57.9
2021-05-05 06:00:00,38.0,104.3,86.51142857142857,57.9
2021-05-05 07:00:00,38.0,104.3,86.56571428571428,57.9
2021-05-05 08:00:00,38.0,104.3,86.62,57.9
2021-05-05 09:00:00,38.0,104.3,86.67428571428572,57.9
2021-05-05 10:00:00,38.0,104.3,86.72857142857143,57.9
2021-05-05 11:00:00,38.0,104.3,86.78285714285714,57.9
2021-05-05 12:00:00,38.0,104.3,86.83714285714285,57.9
2021-05-05 13:00:00,38.0,104.3,86.89142857142858,57.9
2021-05-05 14:00:00,38.0,104.3,86.94571428571429,57.9
2021-05-05 15:00:00,38.0,104.3,87.0,57.9
2021-05-05 16:00:00,38.0,104.3,87.05428571428571,57.9
2021-05-05 17:00:00,38.0,104.3,87.10857142857142,57.9
2021-05-05 18:00:00,38.0,104.3,87.16285714285715,57.9
2021-05-05 19:00:00,38.0,104.3,87.21714285714286,57.9
2021-05-05 20:00:00,38.0,104.3,87.27142857142857,57.9
2021-05-05 21:00:00,38.0,104.3,87.32571428571428,57.9
2021-05-05 22:00:00,38.0,104.3,87.38,57.9
2021-05-05 23:00:00,38.0,104.3,87.43428571428572,57.9
2021-05-06 00:00:00,38.0,104.3,87.48857142857143,57.9
2021-05-06 01:00:00,38.0,104.3,87.54285714285714,57.9
2021-05-06 02:00:00,38.0,104.3,87.59714285714286,57.9
2021-05-06 03:00:00,38.0,104.3,87.65142857142857,57.9
2021-05-06 04:00:00,38.0,104.3,87.7057142857143,57.9
2021-05-06 05:00:00,38.0,104.3,87.76,57.9
2021-05-06 06:00:00,38.0,104.3,87.81428571428572,57.9
2021-05-06 07:00:00,38.0,104.3,87.86857142857143,57.9
2021-05-06 08:00:00,38.0,104.3,87.92285714285714,57.9
2021-05-06 09:00:00,38.0,104.3,87.97714285714287,57.9
2021-05-06 10:00:00,38.0,104.3,88.03142857142858,57.9
2021-05-06 11:00:00,38.0,104.3,88.08571428571429,57.9
2021-05-06 12:00:00,38.0,104.3,88.14,57.9
2021-05-06 13:00:00,38.0,104.3,88.19428571428571,57.9
2021-05-06 14:00:00,38.0,104.3,88.24857142857144,57.9
2021-05-06 15:00:00,38.0,104.3,88.30285714285715,57.9
2021-05-06 16:00:00,38.0,104.3,88.35714285714286,57.9
2021-05-06 17:00:00,38.0,104.3,88.41142857142857,57.9
2021-05-06 18:00:00,38.0,104.3,88.46571428571428,57.9
2021-05-06 19:00:00,38.0,104.3,88.52000000000001,57.9
2021-05-06 20:00:00,38.0,104.3,88.57428571428572,57.9
2021-05-06 21:00:00,38.0,104.3,88.62857142857143,57.9
2021-05-06 22:00:00,38.0,104.3,88.68285714285715,57.9
2021-05-06 23:00:00,38.0,104.3,88.73714285714286,57.9
2021-05-07 00:00:00,38.0,104.3,88.79142857142858,57.9
2021-05-07 01:00:00,38.0,104.3,88.8457142857143,57.9
2021-05-07 02:00:00,38.0,104.3,88.9,57.9
2021-05-07 03:00:00,38.0,104.3,88.842,57.9
2021-05-07 04:00:00,38.0,104.3,88.784,57.9
2021-05-07 05:00:00,38.0,104.3,88.726,57.9
2021-05-07 06:00:00,38.0,104.3,88.668,57.9
2021-05-07 07:00:00,38.0,104.3,88.61,57.9
2021-05-07 08:00:00,38.0,104.3,88.552,57.9
2021-05-07 09:00:00,38.0,104.3,88.494,57.9
2021-05-07 10:00:00,38.0,104.3,88.436,57.9
2021-05-07 11:00:00,38.0,104.3,88.378,57.9
2021-05-07 12:00:00,38.0,104.3,88.32000000000001,57.9
2021-05-07 13:00:00,38.0,104.3,88.262,57.9
2021-05-07 14:00:00,38.0,104.3,88.20400000000001,57.9
2021-05-07 15:00:00,38.0,104.3,88.146,57.9
2021-05-07 16:00:00,38.0,104.3,88.08800000000001,57.9
2021-05-07 17:00:00,38.0,104.3,88.03,57.9
2021-05-07 18:00:00,38.0,104.3,87.97200000000001,57.9
2021-05-07 19:00:00,38.0,104.3,87.914,57.9
2021-05-07 20:00:00,38.0,104.3,87.85600000000001,57.9
2021-05-07 21:00:00,38.0,104.3,87.798,57.9
2021-05-07 22:00:00,38.0,104.3,87.74000000000001,57.9
2021-05-07 23:00:00,38.0,104.3,87.682,57.9
2021-05-08 00:00:00,38.0,104.3,87.62400000000001,57.9
2021-05-08 01:00:00,38.0,104.3,87.566,57.9
2021-05-08 02:00:00,38.0,104.3,87.50800000000001,57.9
2021-05-08 03:00:00,38.0,104.3,87.45,57.9
2021-05-08 04:00:00,38.0,104.3,87.392,57.9
2021-05-08 05:00:00,38.0,104.3,87.334,57.9
2021-05-08 06:00:00,38.0,104.3,87.276,57.9
2021-05-08 07:00:00,38.0,104.3,87.218,57.9
2021-05-08 08:00:00,38.0,104.3,87.16,57.9
2021-05-08 09:00:00,38.0,104.3,87.102,57.9
2021-05-08 10:00:00,38.0,104.3,87.044,57.9
2021-05-08 11:00:00,38.0,104.3,86.986,57.9
2021-05-08 12:00:00,38.0,104.3,86.928,57.9
2021-05-08 13:00:00,38.0,104.3,86.87,57.9
2021-05-08 14:00:00,38.0,104.3,86.812,57.9
2021-05-08 15:00:00,38.0,104.3,86.754,57.9
2021-05-08 16:00:00,38.0,104.3,86.696,57.9
2021-05-08 17:00:00,38.0,104.3,86.638,57.9
2021-05-08 18:00:00,38.0,104.3,86.58,57.9
2021-05-08 19:00:00,38.0,104.3,86.522,57.9
2021-05-08 20:00:00,38.0,104.3,86.464,57.9
2021-05-08 21:00:00,38.0,104.3,86.406,57.9
2021-05-08 22:00:00,38.0,104.3,86.348,57.9
2021-05-08 23:00:00,38.0,104.3,86.29,57.9
2021-05-09 00:00:00,38.0,104.3,86.232,57.9
2021-05-09 01:00:00,38.0,104.3,86.174,57.9
2021-05-09 02:00:00,38.0,104.3,86.116,57.9
2021-05-09 03:00:00,38.0,104.3,86.058,57.9
2021-05-09 04:00:00,38.0,104.3,86.0,57.9
2021-05-09 05:00:00,38.0,104.3,85.85416666666667,57.9
2021-05-09 06:00:00,38.0,104.3,85.70833333333333,57.9
2021-05-09 07:00:00,38.0,104.3,85.5625,57.9
2021-05-09 08:00:00,38.0,104.3,85.41666666666667,57.9
2021-05-09 09:00:00,38.0,104.3,85.27083333333333,57.9
2021-05-09 10:00:00,38.0,104.3,85.125,57.9
2021-05-09 11:00:00,38.0,104.3,84.97916666666667,57.9
2021-05-09 12:00:00,38.0,104.3,84.83333333333333,57.9
2021-05-09 13:00:00,38.0,104.3,84.6875,57.9
2021-05-09 14:00:00,38.0,104.3,84.54166666666667,57.9
2021-05-09 15:00:00,38.0,104.3,84.39583333333333,57.9
2021-05-09 16:00:00,38.0,104.3,84.25,57.9
2021-05-09 17:00:00,38.0,104.3,84.10416666666667,57.9
2021-05-09 18:00:00,38.0,104.3,83.95833333333333,57.9
2021-05-09 19:00:00,38.0,104.3,83.8125,57.9
2021-05-09 20:00:00,38.0,104.3,83.66666666666667,57.9
2021-05-09 21:00:00,38.0,104.3,83.52083333333333,57.9
2021-05-09 22:00:00,38.0,104.3,83.375,57.9
2021-05-09 23:00:00,38.0,104.3,83.22916666666667,57.9
2021-05-10 00:00:00,38.0,104.3,83.08333333333333,57.9
2021-05-10 01:00:00,38.0,104.3,82.9375,57.9
2021-05-10 02:00:00,38.0,104.3,82.79166666666667,57.9
2021-05-10 03:00:00,38.0,104.3,82.64583333333333,57.9
2021-05-10 04:00:00,38.0,104.3,82.5,57.9
2021-05-10 05:00:00,38.0,104.3,82.40277777777777,57.9
2021-05-10 06:00:00,38.0,104.3,82.30555555555556,57.9
2021-05-10 07:00:00,38.0,104.3,82.20833333333333,57.9
2021-05-10 08:00:00,38.0,104.3,82.11111111111111,57.9
2021-05-10 09:00:00,38.0,104.3,82.01388888888889,57.9
2021-05-10 10:00:00,38.0,104.3,81.91666666666667,57.9
2021-05-10 11:00:00,38.0,104.3,81.81944444444444,57.9
2021-05-10 12:00:00,38.0,104.3,81.72222222222223,57.9
2021-05-10 13:00:00,38.0,104.3,81.625,57.9
2021-05-10 14:00:00,38.0,104.3,81.52777777777777,57.9
2021-05-10 15:00:00,38.0,104.3,81.43055555555556,57.9
2021-05-10 16:00:00,38.0,104.3,81.33333333333333,57.9
2021-05-10 17:00:00,38.0,104.3,81.23611111111111,57.9
2021-05-10 18:00:00,38.0,104.3,81.13888888888889,57.9
2021-05-10 19:00:00,38.0,104.3,81.04166666666667,57.9
2021-05-10 20:00:00,38.0,104.3,80.94444444444444,57.9
2021-05-10 21:00:00,38.0,104.3,80.84722222222223,57.9
2021-05-10 22:00:00,38.0,104.3,80.75,57.9
2021-05-10 23:00:00,38.0,104.3,80.65277777777777,57.9
2021-05-11 00:00:00,38.0,104.3,80.55555555555556,57.9
2021-05-11 01:00:00,38.0,104.3,80.45833333333333,57.9
2021-05-11 02:00:00,38.0,104.3,80.36111111111111,57.9
2021-05-11 03:00:00,38.0,104.3,80.26388888888889,57.9
2021-05-11 04:00:00,38.0,104.3,80.16666666666667,57.9
2021-05-11 05:00:00,38.0,104.3,80.06944444444444,57.9
2021-05-11 06:00:00,38.0,104.3,79.97222222222223,57.9
2021-05-11 07:00:00,38.0,104.3,79.875,57.9
2021-05-11 08:00:00,38.0,104.3,79.77777777777777,57.9
2021-05-11 09:00:00,38.0,104.3,79.68055555555556,57.9
2021-05-11 10:00:00,38.0,104.3,79.58333333333333,57.9
2021-05-11 11:00:00,38.0,104.3,79.48611111111111,57.9
2021-05-11 12:00:00,38.0,104.3,79.38888888888889,57.9
2021-05-11 13:00:00,38.0,104.3,79.29166666666667,57.9
2021-05-11 14:00:00,38.0,104.3,79.19444444444444,57.9
2021-05-11 15:00:00,38.0,104.3,79.09722222222223,57.9
2021-05-11 16:00:00,38.0,104.3,79.0,57.9
2021-05-11 17:00:00,38.0,104.3,78.90277777777777,57.9
2021-05-11 18:00:00,38.0,104.3,78.80555555555556,57.9
2021-05-11 19:00:00,38.0,104.3,78.70833333333333,57.9
2021-05-11 20:00:00,38.0,104.3,78.61111111111111,57.9
2021-05-11 21:00:00,38.0,104.3,78.51388888888889,57.9
2021-05-11 22:00:00,38.0,104.3,78.41666666666667,57.9
2021-05-11 23:00:00,38.0,104.3,78.31944444444444,57.9
2021-05-12 00:00:00,38.0,104.3,78.22222222222223,57.9
2021-05-12 01:00:00,38.0,104.3,78.125,57.9
2021-05-12 02:00:00,38.0,104.3,78.02777777777777,57.9
2021-05-12 03:00:00,38.0,104.3,77.93055555555556,57.9
2021-05-12 04:00:00,38.0,104.3,77.83333333333333,57.9
2021-05-12 05:00:00,38.0,104.3,77.73611111111111,57.9
2021-05-12 06:00:00,38.0,104.3,77.63888888888889,57.9
2021-05-12 07:00:00,38.0,104.3,77.54166666666667,57.9
2021-05-12 08:00:00,38.0,104.3,77.44444444444444,57.9
2021-05-12 09:00:00,38.0,104.3,77.34722222222223,57.9
2021-05-12 10:00:00,38.0,104.3,77.25,57.9
2021-05-12 11:00:00,38.0,104.3,77.15277777777777,57.9
2021-05-12 12:00:00,38.0,104.3,77.05555555555556,57.9
2021-05-12 13:00:00,38.0,104.3,76.95833333333333,57.9
2021-05-12 14:00:00,38.0,104.3,76.86111111111111,57.9
2021-05-12 15:00:00,38.0,104.3,76.76388888888889,57.9
2021-05-12 16:00:00,38.0,104.3,76.66666666666667,57.9
2021-05-12 17:00:00,38.0,104.3,76.56944444444444,57.9
2021-05-12 18:00:00,38.0,104.3,76.47222222222223,57.9
2021-05-12 19:00:00,38.0,104.3,76.375,57.9
2021-05-12 20:00:00,38.0,104.3,76.27777777777777,57.9
2021-05-12 21:00:00,38.0,104.3,76.18055555555556,57.9
2021-05-12 22:00:00,38.0,104.3,76.08333333333333,57.9
2021-05-12 23:00:00,38.0,104.3,75.98611111111111,57.9
2021-05-13 00:00:00,38.0,104.3,75.88888888888889,57.9
2021-05-13 01:00:00,38.0,104.3,75.79166666666667,57.9
2021-05-13 02:00:00,38.0,104.3,75.69444444444444,57.9
2021-05-13 03:00:00,38.0,104.3,75.59722222222223,57.9
2021-05-13 04:00:00,38.0,104.3,75.5,57.9
2021-05-13 05:00:00,38.0,104.3,75.6468085106383,57.9
2021-05-13 06:00:00,38.0,104.3,75.7936170212766,57.9
2021-05-13 07:00:00,38.0,104.3,75.9404255319149,57.9
2021-05-13 08:00:00,38.0,104.3,76.08723404255319,57.9
2021-05-13 09:00:00,38.0,104.3,76.23404255319149,57.9
2021-05-13 10:00:00,38.0,104.3,76.3808510638298,57.9
2021-05-13 11:00:00,38.0,104.3,76.52765957446809,57.9
2021-05-13 12:00:00,38.0,104.3,76.67446808510638,57.9
2021-05-13 13:00:00,38.0,104.3,76.82127659574468,57.9
2021-05-13 14:00:00,38.0,104.3,76.96808510638299,57.9
2021-05-13 15:00:00,38.0,104.3,77.11489361702128,57.9
2021-05-13 16:00:00,38.0,104.3,77.26170212765958,57.9
2021-05-13 17:00:00,38.0,104.3,77.40851063829787,57.9
2021-05-13 18:00:00,38.0,104.3,77.55531914893618,57.9
2021-05-13 19:00:00,38.0,104.3,77.70212765957447,57.9
2021-05-13 20:00:00,38.0,104.3,77.84893617021277,57.9
2021-05-13 21:00:00,38.0,104.3,77.99574468085106,57.9
2021-05-13 22:00:00,38.0,104.3,78.14255319148937,57.9
2021-05-13 23:00:00,38.0,104.3,78.28936170212766,57.9
2021-05-14 00:00:00,38.0,104.3,78.43617021276596,57.9
2021-05-14 01:00:00,38.0,104.3,78.58297872340425,57.9
2021-05-14 02:00:00,38.0,104.3,78.72978723404256,57.9
2021-05-14 03:00:00,38.0,104.3,78.87659574468086,57.9
2021-05-14 04:00:00,38.0,104.3,79.02340425531915,57.9
2021-05-14 05:00:00,38.0,104.3,79.17021276595744,57.9
2021-05-14 06:00:00,38.0,104.3,79.31702127659575,57.9
2021-05-14 07:00:00,38.0,104.3,79.46382978723405,57.9
2021-05-14 08:00:00,38.0,104.3,79.61063829787234,57.9
2021-05-14 09:00:00,38.0,104.3,79.75744680851064,57.9
2021-05-14 10:00:00,38.0,104.3,79.90425531914894,57.9
2021-05-14 11:00:00,38.0,104.3,80.05106382978724,57.9
2021-05-14 12:00:00,38.0,104.3,80.19787234042553,57.9
2021-05-14 13:00:00,38.0,104.3,80.34468085106383,57.9
2021-05-14 14:00:00,38.0,104.3,80.49148936170214,57.9
2021-05-14 15:00:00,38.0,104.3,80.63829787234043,57.9
2021-05-14 16:00:00,38.0,104.3,80.78510638297873,57.9
2021-05-14 17:00:00,38.0,104.3,80.93191489361702,57.9
2021-05-14 18:00:00,38.0,104.3,81.07872340425533,57.9
2021-05-14 19:00:00,38.0,104.3,81.22553191489362,57.9
2021-05-14 20:00:00,38.0,104.3,81.37234042553192,57.9
2021-05-14 21:00:00,38.0,104.3,81.51914893617021,57.9
2021-05-14 22:00:00,38.0,104.3,81.66595744680852,57.9
2021-05-14 23:00:00,38.0,104.3,81.81276595744681,57.9
2021-05-15 00:00:00,38.0,104.3,81.95957446808511,57.9
2021-05-15 01:00:00,38.0,104.3,82.10638297872342,57.9
2021-05-15 02:00:00,38.0,104.3,82.25319148936171,57.9
2021-05-15 03:00:00,38.0,104.3,82.4,57.9
2021-05-15 04:00:00,38.0,104.3,81.86222222222223,57.9
2021-05-15 05:00:00,38.0,104.3,81.32444444444445,57.9
2021-05-15 06:00:00,38.0,104.3,80.78666666666668,57.9
2021-05-15 07:00:00,38.0,104.3,80.2488888888889,57.9
2021-05-15 08:00:00,38.0,104.3,79.71111111111112,57.9
2021-05-15 09:00:00,38.0,104.3,79.17333333333335,57.9
2021-05-15 10:00:00,38.0,104.3,78.63555555555556,57.9
2021-05-15 11:00:00,38.0,104.3,78.09777777777778,57.9
2021-05-15 12:00:00,38.0,104.3,77.56,57.9
2021-05-15 13:00:00,38.0,104.3,77.02222222222223,57.9
2021-05-15 14:00:00,38.0,104.3,76.48444444444445,57.9
2021-05-15 15:00:00,38.0,104.3,75.94666666666667,57.9
2021-05-15 16:00:00,38.0,104.3,75.4088888888889,57.9
2021-05-15 17:00:00,38.0,104.3,74.87111111111112,57.9
2021-05-15 18:00:00,38.0,104.3,74.33333333333334,57.9
2021-05-15 19:00:00,38.0,104.3,73.79555555555557,57.9
2021-05-15 20:00:00,38.0,104.3,73.25777777777779,57.9
2021-05-15 21:00:00,38.0,104.3,72.72,57.9
2021-05-15 22:00:00,38.0,104.3,72.18222222222222,57.9
2021-05-15 23:00:00,38.0,104.3,71.64444444444445,57.9
2021-05-16 00:00:00,38.0,104.3,71.10666666666667,57.9
2021-05-16 01:00:00,38.0,104.3,70.56888888888889,57.9
2021-05-16 02:00:00,38.0,104.3,70.03111111111112,57.9
2021-05-16 03:00:00,38.0,104.3,69.49333333333334,57.9
2021-05-16 04:00:00,38.0,104.3,68.95555555555556,57.9
2021-05-16 05:00:00,38.0,104.3,68.41777777777779,57.9
2021-05-16 06:00:00,38.0,104.3,67.88000000000001,57.9
2021-05-16 07:00:00,38.0,104.3,67.34222222222223,57.9
2021-05-16 08:00:00,38.0,104.3,66.80444444444444,57.9
2021-05-16 09:00:00,38.0,104.3,66.26666666666668,57.9
2021-05-16 10:00:00,38.0,104.3,65.72888888888889,57.9
2021-05-16 11:00:00,38.0,104.3,65.19111111111111,57.9
2021-05-16 12:00:00,38.0,104.3,64.65333333333334,57.9
2021-05-16 13:00:00,38.0,104.3,64.11555555555556,57.9
2021-05-16 14:00:00,38.0,104.3,63.57777777777778,57.9
2021-05-16 15:00:00,38.0,104.3,63.040000000000006,57.9
2021-05-16 16:00:00,38.0,104.3,62.50222222222223,57.9
2021-05-16 17:00:00,38.0,104.3,61.96444444444445,57.9
2021-05-16 18:00:00,38.0,104.3,61.42666666666668,57.9
2021-05-16 19:00:00,38.0,104.3,60.88888888888889,57.9
2021-05-16 20:00:00,38.0,104.3,60.351111111111116,57.9
2021-05-16 21:00:00,38.0,104.3,59.81333333333334,57.9
2021-05-16 22:00:00,38.0,104.3,59.275555555555556,57.9
2021-05-16 23:00:00,38.0,104.3,58.73777777777778,57.9
2021-05-17 00:00:00,38.0,104.3,58.2,57.9
2021-05-17 01:00:00,38.0,104.3,63.983333333333334,57.9
2021-05-17 02:00:00,38.0,104.3,69.76666666666667,57.9
2021-05-17 03:00:00,38.0,104.3,75.55000000000001,57.9
2021-05-17 04:00:00,38.0,104.3,81.33333333333334,57.9
2021-05-17 05:00:00,38.0,104.3,87.11666666666667,57.9
2021-05-17 06:00:00,38.0,104.3,92.9,57.9
2021-05-17 07:00:00,38.0,104.3,93.5,57.9
2021-05-17 08:00:00,38.0,104.3,94.1,57.9
2021-05-17 09:00:00,38.0,104.3,94.7,57.9
2021-05-17 10:00:00,38.0,104.3,95.3,57.9
2021-05-17 11:00:00,38.0,104.3,96.45,57.9
2021-05-17 12:00:00,38.0,104.3,97.6,57.9
2021-05-17 13:00:00,38.0,104.3,98.75,57.9
2021-05-17 14:00:00,38.0,104.3,99.9,57.9
2021-05-17 15:00:00,38.0,104.3,99.9,57.9
2021-05-17 16:00:00,38.0,104.3,99.9,57.9
2021-05-17 17:00:00,38.0,104.3,99.9,57.9
2021-05-17 18:00:00,38.0,104.3,99.82857142857144,57.9
2021-05-17 19:00:00,38.0,104.3,99.75714285714287,57.9
2021-05-17 20:00:00,38.0,104.3,99.6857142857143,57.9
2021-05-17 21:00:00,38.0,104.3,99.61428571428571,57.9
2021-05-17 22:00:00,38.0,104.3,99.54285714285714,57.9
2021-05-17 23:00:00,38.0,104.3,99.47142857142858,57.9
2021-05-18 00:00:00,38.0,104.3,99.4,57.9
2021-05-18 01:00:00,38.0,104.3,97.575,57.9
2021-05-18 02:00:00,38.0,104.3,95.75,57.9
2021-05-18 03:00:00,38.0,104.3,93.925,57.9
2021-05-18 04:00:00,38.0,104.3,92.1,57.9
2021-05-18 05:00:00,38.0,104.3,91.69999999999999,57.9
2021-05-18 06:00:00,38.0,104.3,91.3,57.9
2021-05-18 07:00:00,38.0,104.3,90.9,57.9
2021-05-18 08:00:00,38.0,104.3,90.5,57.9
2021-05-18 09:00:00,38.0,104.3,90.1,57.9
2021-05-18 10:00:00,38.0,104.3,89.7,57.9
2021-05-18 11:00:00,38.0,104.3,89.30000000000001,57.9
2021-05-18 12:00:00,38.0,104.3,88.9,57.9
2021-05-18 13:00:00,38.0,104.3,88.21666666666667,57.9
2021-05-18 14:00:00,38.0,104.3,87.53333333333333,57.9
2021-05-18 15:00:00,38.0,104.3,86.85,57.9
2021-05-18 16:00:00,38.0,104.3,86.16666666666667,57.9
2021-05-18 17:00:00,38.0,104.3,85.48333333333333,57.9
2021-05-18 18:00:00,38.0,104.3,84.8,57.9
2021-05-18 19:00:00,38.0,104.3,85.75555555555556,57.9
2021-05-18 20:00:00,38.0,104.3,86.71111111111111,57.9
2021-05-18 21:00:00,38.0,104.3,87.66666666666667,57.9
2021-05-18 22:00:00,38.0,104.3,88.62222222222222,57.9
2021-05-18 23:00:00,38.0,104.3,89.57777777777778,57.9
2021-05-19 00:00:00,38.0,104.3,90.53333333333333,57.9
2021-05-19 01:00:00,38.0,104.3,91.4888888888889,57.9
2021-05-19 02:00:00,38.0,104.3,92.44444444444444,57.9
2021-05-19 03:00:00,38.0,104.3,93.4,57.9
2021-05-19 04:00:00,38.0,104.3,93.25,57.9
2021-05-19 05:00:00,38.0,104.3,93.1,57.9
2021-05-19 06:00:00,38.0,104.3,92.95,57.9
2021-05-19 07:00:00,38.0,104.3,92.8,57.9
2021-05-19 08:00:00,38.0,104.3,94.375,57.9
2021-05-19 09:00:00,38.0,104.3,95.94999999999999,57.9
2021-05-19 10:00:00,38.0,104.3,97.52499999999999,57.9
2021-05-19 11:00:00,38.0,104.3,99.1,57.9
2021-05-19 12:00:00,38.0,104.3,98.02222222222221,57.9
2021-05-19 13:00:00,38.0,104.3,96.94444444444444,57.9
2021-05-19 14:00:00,38.0,104.3,95.86666666666666,57.9
2021-05-19 15:00:00,38.0,104.3,94.78888888888889,57.9
2021-05-19 16:00:00,38.0,104.3,93.71111111111111,57.9
2021-05-19 17:00:00,38.0,104.3,92.63333333333334,57.9
2021-05-19 18:00:00,38.0,104.3,91.55555555555556,57.9
2021-05-19 19:00:00,38.0,104.3,90.47777777777779,57.9
2021-05-19 20:00:00,38.0,104.3,89.4,57.9
2021-05-19 21:00:00,38.0,104.3,89.54848484848485,57.9
2021-05-19 22:00:00,38.0,104.3,89.6969696969697,57.9
2021-05-19 23:00:00,38.0,104.3,89.84545454545454,57.9
2021-05-20 00:00:00,38.0,104.3,89.9939393939394,57.9
2021-05-20 01:00:00,38.0,104.3,90.14242424242424,57.9
2021-05-20 02:00:00,38.0,104.3,90.2909090909091,57.9
2021-05-20 03:00:00,38.0,104.3,90.43939393939394,57.9
2021-05-20 04:00:00,38.0,104.3,90.5878787878788,57.9
2021-05-20 05:00:00,38.0,104.3,90.73636363636363,57.9
2021-05-20 06:00:00,38.0,104.3,90.88484848484849,57.9
2021-05-20 07:00:00,38.0,104.3,91.03333333333333,57.9
2021-05-20 08:00:00,38.0,104.3,91.18181818181819,57.9
2021-05-20 09:00:00,38.0,104.3,91.33030303030303,57.9
2021-05-20 10:00:00,38.0,104.3,91.47878787878788,57.9
2021-05-20 11:00:00,38.0,104.3,91.62727272727273,57.9
2021-05-20 12:00:00,38.0,104.3,91.77575757575758,57.9
2021-05-20 13:00:00,38.0,104.3,91.92424242424242,57.9
2021-05-20 14:00:00,38.0,104.3,92.07272727272728,57.9
2021-05-20 15:00:00,38.0,104.3,92.22121212121212,57.9
2021-05-20 16:00:00,38.0,104.3,92.36969696969697,57.9
2021-05-20 17:00:00,38.0,104.3,92.51818181818182,57.9
2021-05-20 18:00:00,38.0,104.3,92.66666666666667,57.9
2021-05-20 19:00:00,38.0,104.3,92.81515151515151,57.9
2021-05-20 20:00:00,38.0,104.3,92.96363636363637,57.9
2021-05-20 21:00:00,38.0,104.3,93.11212121212121,57.9
2021-05-20 22:00:00,38.0,104.3,93.26060606060607,57.9
2021-05-20 23:00:00,38.0,104.3,93.4090909090909,57.9
2021-05-21 00:00:00,38.0,104.3,93.55757575757576,57.9
2021-05-21 01:00:00,38.0,104.3,93.7060606060606,57.9
2021-05-21 02:00:00,38.0,104.3,93.85454545454544,57.9
2021-05-21 03:00:00,38.0,104.3,94.0030303030303,57.9
2021-05-21 04:00:00,38.0,104.3,94.15151515151516,57.9
2021-05-21 05:00:00,38.0,104.3,94.3,57.9
2021-05-21 06:00:00,38.0,104.3,93.77,57.9
2021-05-21 07:00:00,38.0,104.3,93.24,57.9
2021-05-21 08:00:00,38.0,104.3,92.71,57.9
2021-05-21 09:00:00,38.0,104.3,92.17999999999999,57.9
2021-05-21 10:00:00,38.0,104.3,91.65,57.9
2021-05-21 11:00:00,38.0,104.3,91.12,57.9
2021-05-21 12:00:00,38.0,104.3,90.59,57.9
2021-05-21 13:00:00,38.0,104.3,90.06,57.9
2021-05-21 14:00:00,38.0,104.3,89.53,57.9
2021-05-21 15:00:00,38.0,104.3,89.0,57.9
2021-05-21 16:00:00,38.0,104.3,88.47,57.9
2021-05-21 17:00:00,38.0,104.3,87.94,57.9
2021-05-21 18:00:00,38.0,104.3,87.41,57.9
2021-05-21 19:00:00,38.0,104.3,86.88,57.9
2021-05-21 20:00:00,38.0,104.3,86.35,57.9
2021-05-21 21:00:00,38.0,104.3,85.82000000000001,57.9
2021-05-21 22:00:00,38.0,104.3,85.29,57.9
2021-05-21 23:00:00,38.0,104.3,84.76,57.9
2021-05-22 00:00:00,38.0,104.3,84.23,57.9
2021-05-22 01:00:00,38.0,104.3,83.7,57.9
2021-05-22 02:00:00,38.0,104.3,84.54,57.9
2021-05-22 03:00:00,38.0,104.3,85.38000000000001,57.9
2021-05-22 04:00:00,38.0,104.3,86.22,57.9
2021-05-22 05:00:00,38.0,104.3,87.06,57.9
2021-05-22 06:00:00,38.0,104.3,87.9,57.9
2021-05-22 07:00:00,38.0,104.3,88.15,57.9
2021-05-22 08:00:00,38.0,104.3,88.4,57.9
2021-05-22 09:00:00,38.0,104.3,88.65,57.9
2021-05-22 10:00:00,38.0,104.3,88.9,57.9
2021-05-22 11:00:00,38.0,104.3,89.15,57.9
2021-05-22 12:00:00,38.0,104.3,89.4,57.9
2021-05-22 13:00:00,38.0,104.3,89.65,57.9
2021-05-22 14:00:00,38.0,104.3,89.9,57.9
2021-05-22 15:00:00,38.0,104.3,90.15,57.9
2021-05-22 16:00:00,38.0,104.3,90.4,57.9
2021-05-22 17:00:00,38.0,104.3,90.65,57.9
2021-05-22 18:00:00,38.0,104.3,90.9,57.9
2021-05-22 19:00:00,38.0,104.3,91.15,57.9
2021-05-22 20:00:00,38.0,104.3,91.4,57.9
2021-05-22 21:00:00,38.0,104.3,91.65,57.9
2021-05-22 22:00:00,38.0,104.3,91.9,57.9
2021-05-22 23:00:00,38.0,104.3,92.15,57.9
2021-05-23 00:00:00,38.0,104.3,92.4,57.9
2021-05-23 01:00:00,38.0,104.3,92.65,57.9
2021-05-23 02:00:00,38.0,104.3,92.9,57.9
2021-05-23 03:00:00,38.0,104.3,93.15,57.9
2021-05-23 04:00:00,38.0,104.3,93.4,57.9
2021-05-23 05:00:00,38.0,104.3,93.65,57.9
2021-05-23 06:00:00,38.0,104.3,93.9,57.9
2021-05-23 07:00:00,38.0,104.3,93.45200000000001,57.9
2021-05-23 08:00:00,38.0,104.3,93.004,57.9
2021-05-23 09:00:00,38.0,104.3,92.55600000000001,57.9
2021-05-23 10:00:00,38.0,104.3,92.108,57.9
2021-05-23 11:00:00,38.0,104.3,91.66000000000001,57.9
2021-05-23 12:00:00,38.0,104.3,91.212,57.9
2021-05-23 13:00:00,38.0,104.3,90.76400000000001,57.9
2021-05-23 14:00:00,38.0,104.3,90.316,57.9
2021-05-23 15:00:00,38.0,104.3,89.86800000000001,57.9
2021-05-23 16:00:00,38.0,104.3,89.42,57.9
2021-05-23 17:00:00,38.0,104.3,88.97200000000001,57.9
2021-05-23 18:00:00,38.0,104.3,88.524,57.9
2021-05-23 19:00:00,38.0,104.3,88.07600000000001,57.9
2021-05-23 20:00:00,38.0,104.3,87.628,57.9
2021-05-23 21:00:00,38.0,104.3,87.18,57.9
2021-05-23 22:00:00,38.0,104.3,86.732,57.9
2021-05-23 23:00:00,38.0,104.3,86.284,57.9
2021-05-24 00:00:00,38.0,104.3,85.836,57.9
2021-05-24 01:00:00,38.0,104.3,85.388,57.9
2021-05-24 02:00:00,38.0,104.3,84.94,57.9
2021-05-24 03:00:00,38.0,104.3,84.492,57.9
2021-05-24 04:00:00,38.0,104.3,84.044,57.9
2021-05-24 05:00:00,38.0,104.3,83.596,57.9
2021-05-24 06:00:00,38.0,104.3,83.148,57.9
2021-05-24 07:00:00,38.0,104.3,82.7,57.9
2021-05-24 08:00:00,38.0,104.3,82.40344827586208,57.9
2021-05-24 09:00:00,38.0,104.3,82.10689655172413,57.9
2021-05-24 10:00:00,38.0,104.3,81.8103448275862,57.9
2021-05-24 11:00:00,38.0,104.3,81.51379310344828,57.9
2021-05-24 12:00:00,38.0,104.3,81.21724137931035,57.9
2021-05-24 13:00:00,38.0,104.3,80.92068965517241,57.9
2021-05-24 14:00:00,38.0,104.3,80.62413793103448,57.9
2021-05-24 15:00:00,38.0,104.3,80.32758620689656,57.9
2021-05-24 16:00:00,38.0,104.3,80.03103448275863,57.9
2021-05-24 17:00:00,38.0,104.3,79.73448275862069,57.9
2021-05-24 18:00:00,38.0,104.3,79.43793103448276,57.9
2021-05-24 19:00:00,38.0,104.3,79.14137931034483,57.9
2021-05-24 20:00:00,38.0,104.3,78.84482758620689,57.9
2021-05-24 21:00:00,38.0,104.3,78.54827586206896,57.9
2021-05-24 22:00:00,38.0,104.3,78.25172413793103,57.9
2021-05-24 23:00:00,38.0,104.3,77.95517241379311,57.9
2021-05-25 00:00:00,38.0,104.3,77.65862068965517,57.9
2021-05-25 01:00:00,38.0,104.3,77.36206896551724,57.9
2021-05-25 02:00:00,38.0,104.3,77.06551724137931,57.9
2021-05-25 03:00:00,35.74777777777778,108.53777777777778,76.76896551724137,57.9
2021-05-25 04:00:00,33.495555555555555,112.77555555555556,76.47241379310344,57.9
2021-05-25 05:00:00,31.243333333333332,117.01333333333334,76.17586206896551,57.9
2021-05-25 06:00:00,28.99111111111111,121.2511111111111,75.87931034482759,57.9
2021-05-25 07:00:00,26.738888888888887,125.48888888888888,75.58275862068965,57.9
2021-05-25 08:00:00,24.486666666666668,129.72666666666666,75.28620689655172,57.9
2021-05-25 09:00:00,22.234444444444446,133.96444444444444,74.98965517241379,57.9
2021-05-25 10:00:00,19.982222222222223,138.20222222222222,74.69310344827585,57.9
2021-05-25 11:00:00,17.73,142.44,74.39655172413792,57.9
2021-05-25 12:00:00,47.42,133.85,74.1,57.9
2021-05-25 13:00:00,144.77,149.78,73.5,57.9
2021-05-25 14:00:00,138.15411764705883,148.6690909090909,74.175,57.9
2021-05-25 15:00:00,131.53823529411767,147.55818181818182,74.85,57.9
2021-05-25 16:00:00,124.92235294117648,146.44727272727272,75.525,57.9
2021-05-25 17:00:00,118.3064705882353,145.33636363636364,76.2,57.9
2021-05-25 18:00:00,111.69058823529411,144.22545454545454,76.875,57.9
2021-05-25 19:00:00,105.07470588235294,143.11454545454546,77.55,57.9
2021-05-25 20:00:00,98.45882352941177,142.00363636363636,78.225,57.9
2021-05-25 21:00:00,91.84294117647059,140.89272727272729,78.89999999999999,57.9
2021-05-25 22:00:00,85.2270588235294,139.78181818181818,79.57499999999999,57.9
2021-05-25 23:00:00,78.61117647058823,138.6709090909091,80.25,57.9
2021-05-26 00:00:00,71.99529411764706,137.56,80.925,57.9
2021-05-26 01:00:00,65.37941176470588,133.59,81.6,57.9
2021-05-26 02:00:00,58.763529411764694,134.336,81.88,57.9
2021-05-26 03:00:00,52.14764705882352,135.082,82.16,57.9
2021-05-26 04:00:00,45.53176470588235,135.828,82.44,57.9
2021-05-26 05:00:00,38.91588235294117,136.57399999999998,82.72,57.9
2021-05-26 06:00:00,32.3,137.32,83.0,57.9
2021-05-26 07:00:00,32.61666666666667,135.48555555555555,82.75263157894737,57.9
2021-05-26 08:00:00,32.93333333333333,133.6511111111111,82.50526315789473,57.9
2021-05-26 09:00:00,33.25,131.81666666666666,82.2578947368421,57.9
2021-05-26 10:00:00,33.56666666666666,129.98222222222222,82.01052631578948,57.9
2021-05-26 11:00:00,33.88333333333333,128.14777777777778,81.76315789473684,57.9
2021-05-26 12:00:00,34.199999999999996,126.31333333333333,81.51578947368421,57.9
2021-05-26 13:00:00,34.516666666666666,124.47888888888889,81.26842105263158,57.9
2021-05-26 14:00:00,34.83333333333333,122.64444444444445,81.02105263157894,57.9
2021-05-26 15:00:00,35.15,120.81,80.77368421052631,57.9
2021-05-26 16:00:00,35.46666666666667,118.97555555555556,80.52631578947368,57.9
2021-05-26 17:00:00,35.78333333333333,117.1411111111111,80.27894736842106,57.9
2021-05-26 18:00:00,36.1,115.30666666666666,80.03157894736842,57.9
2021-05-26 19:00:00,36.416666666666664,113.47222222222221,79.78421052631579,57.9
2021-05-26 20:00:00,36.733333333333334,111.63777777777777,79.53684210526316,57.9
2021-05-26 21:00:00,37.05,109.80333333333333,79.28947368421052,57.9
2021-05-26 22:00:00,37.36666666666667,107.96888888888888,79.0421052631579,57.9
2021-05-26 23:00:00,37.68333333333333,106.13444444444444,78.79473684210527,57.9
2021-05-27 00:00:00,38.0,104.3,78.54736842105262,57.9
2021-05-27 01:00:00,38.0,104.3,78.3,57.9
2021-05-27 02:00:00,38.0,104.3,78.38260869565217,57.9
2021-05-27 03:00:00,38.0,104.3,78.46521739130435,57.9
2021-05-27 04:00:00,38.0,104.3,78.54782608695652,57.9
2021-05-27 05:00:00,38.0,104.3,78.63043478260869,57.9
2021-05-27 06:00:00,38.0,104.3,78.71304347826087,57.9
2021-05-27 07:00:00,38.0,104.3,78.79565217391304,57.9
2021-05-27 08:00:00,38.0,104.3,78.87826086956521,57.9
2021-05-27 09:00:00,38.0,104.3,78.9608695652174,57.9
2021-05-27 10:00:00,38.0,104.3,79.04347826086956,57.9
2021-05-27 11:00:00,38.0,104.3,79.12608695652173,57.9
2021-05-27 12:00:00,38.0,104.3,79.20869565217392,57.9
2021-05-27 13:00:00,38.0,104.3,79.29130434782608,57.9
2021-05-27 14:00:00,38.0,104.3,79.37391304347827,57.9
2021-05-27 15:00:00,38.0,104.3,79.45652173913044,57.9
2021-05-27 16:00:00,38.0,104.3,79.5391304347826,57.9
2021-05-27 17:00:00,38.0,104.3,79.62173913043479,57.9
2021-05-27 18:00:00,38.0,104.3,79.70434782608696,57.9
2021-05-27 19:00:00,38.0,104.3,79.78695652173913,57.9
2021-05-27 20:00:00,38.0,104.3,79.86956521739131,57.9
2021-05-27 21:00:00,38.0,104.3,79.95217391304348,57.9
2021-05-27 22:00:00,38.0,104.3,80.03478260869565,57.9
2021-05-27 23:00:00,38.0,104.3,80.11739130434783,57.9
2021-05-28 00:00:00,38.0,104.3,80.2,57.9
2021-05-28 01:00:00,38.0,104.3,80.94,57.9
2021-05-28 02:00:00,38.0,104.3,81.68,57.9
2021-05-28 03:00:00,38.0,104.3,82.42,57.9
2021-05-28 04:00:00,38.0,104.3,83.16000000000001,57.9
2021-05-28 05:00:00,38.0,104.3,83.9,57.9
2021-05-28 06:00:00,38.0,104.3,83.92500000000001,57.9
2021-05-28 07:00:00,38.0,104.3,83.95,57.9
2021-05-28 08:00:00,38.0,104.3,83.97500000000001,57.9
2021-05-28 09:00:00,38.0,104.3,84.0,57.9
2021-05-28 10:00:00,38.0,104.3,84.025,57.9
2021-05-28 11:00:00,38.0,104.3,84.05000000000001,57.9
2021-05-28 12:00:00,38.0,104.3,84.075,57.9
2021-05-28 13:00:00,38.0,104.3,84.10000000000001,57.9
2021-05-28 14:00:00,38.0,104.3,84.125,57.9
2021-05-28 15:00:00,38.0,104.3,84.15,57.9
2021-05-28 16:00:00,38.0,104.3,84.17500000000001,57.9
2021-05-28 17:00:00,38.0,104.3,84.2,57.9
2021-05-28 18:00:00,38.0,104.3,84.22500000000001,57.9
2021-05-28 19:00:00,38.0,104.3,84.25,57.9
2021-05-28 20:00:00,38.0,104.3,84.275,57.9
2021-05-28 21:00:00,38.0,104.3,84.30000000000001,57.9
2021-05-28 22:00:00,38.0,104.3,84.325,57.9
2021-05-28 23:00:00,38.0,104.3,84.35000000000001,57.9
2021-05-29 00:00:00,38.0,104.3,84.375,57.9
2021-05-29 01:00:00,38.0,104.3,84.4,57.9
2021-05-29 02:00:00,38.0,104.3,84.63333333333334,57.9
2021-05-29 03:00:00,38.0,104.3,84.86666666666667,57.9
2021-05-29 04:00:00,38.0,104.3,85.1,57.9
2021-05-29 05:00:00,38.0,104.3,85.33333333333333,57.9
2021-05-29 06:00:00,38.0,104.3,85.56666666666666,57.9
2021-05-29 07:00:00,38.0,104.3,85.8,57.9
2021-05-29 08:00:00,38.0,104.3,85.645,57.9
2021-05-29 09:00:00,38.0,104.3,85.49,57.9
2021-05-29 10:00:00,38.0,104.3,85.335,57.9
2021-05-29 11:00:00,38.0,104.3,85.17999999999999,57.9
2021-05-29 12:00:00,38.0,104.3,85.025,57.9
2021-05-29 13:00:00,38.0,104.3,84.87,57.9
2021-05-29 14:00:00,38.0,104.3,84.715,57.9
2021-05-29 15:00:00,38.0,104.3,84.56,57.9
2021-05-29 16:00:00,38.0,104.3,84.405,57.9
2021-05-29 17:00:00,38.0,104.3,84.25,57.9
2021-05-29 18:00:00,38.0,104.3,84.095,57.9
2021-05-29 19:00:00,38.0,104.3,83.94,57.9
2021-05-29 20:00:00,38.0,104.3,83.785,57.9
2021-05-29 21:00:00,38.0,104.3,83.63,57.9
2021-05-29 22:00:00,38.0,104.3,83.475,57.9
2021-05-29 23:00:00,38.0,104.3,83.32000000000001,57.9
2021-05-30 00:00:00,38.0,104.3,83.165,57.9
2021-05-30 01:00:00,38.0,104.3,83.01,57.9
2021-05-30 02:00:00,38.0,104.3,82.855,57.9
2021-05-30 03:00:00,38.0,104.3,82.7,57.9
2021-05-30 04:00:00,38.0,104.3,82.7,57.9
2021-05-30 05:00:00,38.0,104.3,82.7,57.9
2021-05-30 06:00:00,38.0,104.3,82.7,57.9
2021-05-30 07:00:00,38.0,104.3,82.7,57.9
2021-05-30 08:00:00,38.0,104.3,82.7,57.9
2021-05-30 09:00:00,38.0,104.3,82.7,57.9
2021-05-30 10:00:00,38.0,104.3,82.7,57.9
2021-05-30 11:00:00,38.0,104.3,82.7,57.9
2021-05-30 12:00:00,38.0,104.3,82.7,57.9
2021-05-30 13:00:00,38.0,104.3,82.7,57.9
2021-05-30 14:00:00,38.0,104.3,82.7,57.9
2021-05-30 15:00:00,38.0,104.3,82.7,57.9
2021-05-30 16:00:00,38.0,104.3,82.7,57.9
2021-05-30 17:00:00,38.0,104.3,82.7,57.9
2021-05-30 18:00:00,38.0,104.3,82.7,57.9
2021-05-30 19:00:00,38.0,104.3,82.7,57.9
2021-05-30 20:00:00,38.0,104.3,82.7,57.9
2021-05-30 21:00:00,38.0,104.3,82.7,57.9
2021-05-30 22:00:00,38.0,104.3,82.7,57.9
2021-05-30 23:00:00,38.0,104.3,82.7,57.9
2021-05-31 00:00:00,38.0,104.3,82.7,57.9
2021-05-31 01:00:00,38.0,104.3,82.7,57.9
2021-05-31 02:00:00,38.0,104.3,82.7,57.9
2021-05-31 03:00:00,38.0,104.3,82.39375,57.9
2021-05-31 04:00:00,38.0,104.3,82.0875,57.9
2021-05-31 05:00:00,38.0,104.3,81.78125,57.9
2021-05-31 06:00:00,38.0,104.3,81.475,57.9
2021-05-31 07:00:00,38.0,104.3,81.16875,57.9
2021-05-31 08:00:00,38.0,104.3,80.8625,57.9
2021-05-31 09:00:00,38.0,104.3,80.55625,57.9
2021-05-31 10:00:00,38.0,104.3,80.25,57.9
2021-05-31 11:00:00,38.0,104.3,79.94375,57.9
2021-05-31 12:00:00,38.0,104.3,79.6375,57.9
2021-05-31 13:00:00,38.0,104.3,79.33125,57.9
2021-05-31 14:00:00,38.0,104.3,79.025,57.9
2021-05-31 15:00:00,38.0,104.3,78.71875,57.9
2021-05-31 16:00:00,38.0,104.3,78.4125,57.9
2021-05-31 17:00:00,38.0,104.3,78.10625,57.9
2021-05-31 18:00:00,38.0,104.3,77.8,57.9
2021-05-31 19:00:00,38.0,104.3,78.91818181818182,57.9
2021-05-31 20:00:00,38.0,104.3,80.03636363636363,57.9
2021-05-31 21:00:00,38.0,104.3,81.15454545454546,57.9
2021-05-31 22:00:00,38.0,104.3,82.27272727272727,57.9
2021-05-31 23:00:00,38.0,104.3,83.39090909090909,57.9
2021-06-01 00:00:00,38.0,104.3,84.5090909090909,57.9
2021-06-01 01:00:00,38.0,104.3,85.62727272727273,57.9
2021-06-01 02:00:00,38.0,104.3,86.74545454545454,57.9
2021-06-01 03:00:00,38.0,104.3,87.86363636363636,57.9
2021-06-01 04:00:00,38.0,104.3,88.98181818181817,57.9
2021-06-01 05:00:00,38.0,104.3,90.1,57.9
2021-06-01 06:00:00,38.0,104.3,90.59411764705882,57.9
2021-06-01 07:00:00,38.0,104.3,91.08823529411764,57.9
2021-06-01 08:00:00,38.0,104.3,91.58235294117647,57.9
2021-06-01 09:00:00,38.0,104.3,92.0764705882353,57.9
2021-06-01 10:00:00,38.0,104.3,92.57058823529411,57.9
2021-06-01 11:00:00,38.0,104.3,93.06470588235294,57.9
2021-06-01 12:00:00,38.0,104.3,93.55882352941177,57.9
2021-06-01 13:00:00,38.0,104.3,94.05294117647058,57.9
2021-06-01 14:00:00,38.0,104.3,94.54705882352941,57.9
2021-06-01 15:00:00,38.0,104.3,95.04117647058823,57.9
2021-06-01 16:00:00,38.0,104.3,95.53529411764706,57.9
2021-06-01 17:00:00,38.0,104.3,96.02941176470588,57.9
2021-06-01 18:00:00,38.0,104.3,96.5235294117647,57.9
2021-06-01 19:00:00,38.0,104.3,97.01764705882353,57.9
2021-06-01 20:00:00,38.0,104.3,97.51176470588236,57.9
2021-06-01 21:00:00,38.0,104.3,98.00588235294117,57.9
2021-06-01 22:00:00,38.0,104.3,98.5,57.9
2021-06-01 23:00:00,38.0,104.3,98.625,57.9
2021-06-02 00:00:00,38.0,104.3,98.75,57.9
2021-06-02 01:00:00,38.0,104.3,98.875,57.9
2021-06-02 02:00:00,38.0,104.3,99.0,57.9
2021-06-02 03:00:00,38.0,104.3,98.05,57.9
2021-06-02 04:00:00,38.0,104.3,97.1,57.9
2021-06-02 05:00:00,38.0,104.3,96.15,57.9
2021-06-02 06:00:00,38.0,104.3,95.2,57.9
2021-06-02 07:00:00,38.0,104.3,94.32000000000001,57.9
2021-06-02 08:00:00,38.0,104.3,93.44,57.9
2021-06-02 09:00:00,38.0,104.3,92.56,57.9
2021-06-02 10:00:00,38.0,104.3,91.67999999999999,57.9
2021-06-02 11:00:00,38.0,104.3,90.8,57.9
2021-06-02 12:00:00,38.0,104.3,89.80909090909091,57.9
2021-06-02 13:00:00,38.0,104.3,88.81818181818181,57.9
2021-06-02 14:00:00,38.0,104.3,87.82727272727273,57.9
2021-06-02 15:00:00,38.0,104.3,86.83636363636364,57.9
2021-06-02 16:00:00,38.0,104.3,85.84545454545454,57.9
2021-06-02 17:00:00,38.0,104.3,84.85454545454546,57.9
2021-06-02 18:00:00,38.0,104.3,83.86363636363636,57.9
2021-06-02 19:00:00,38.0,104.3,82.87272727272727,57.9
2021-06-02 20:00:00,38.0,104.3,81.88181818181819,57.9
2021-06-02 21:00:00,38.0,104.3,80.89090909090909,57.9
2021-06-02 22:00:00,38.0,104.3,79.9,57.9
2021-06-02 23:00:00,38.0,104.3,80.7,57.9
2021-06-03 00:00:00,38.0,104.3,81.5,57.9
2021-06-03 01:00:00,38.0,104.3,82.3,57.9
2021-06-03 02:00:00,38.0,104.3,83.1,57.9
2021-06-03 03:00:00,38.0,104.3,83.9,57.9
2021-06-03 04:00:00,38.0,104.3,84.7,57.9
2021-06-03 05:00:00,38.0,104.3,85.5,57.9
2021-06-03 06:00:00,38.0,104.3,86.3,57.9
2021-06-03 07:00:00,38.0,104.3,85.85454545454544,57.9
2021-06-03 08:00:00,38.0,104.3,85.4090909090909,57.9
2021-06-03 09:00:00,38.0,104.3,84.96363636363637,57.9
2021-06-03 10:00:00,38.0,104.3,84.51818181818182,57.9
2021-06-03 11:00:00,38.0,104.3,84.07272727272726,57.9
2021-06-03 12:00:00,38.0,104.3,83.62727272727273,57.9
2021-06-03 13:00:00,38.0,104.3,83.18181818181819,57.9
2021-06-03 14:00:00,38.0,104.3,82.73636363636363,57.9
2021-06-03 15:00:00,38.0,104.3,82.29090909090908,57.9
2021-06-03 16:00:00,38.0,104.3,81.84545454545454,57.9
2021-06-03 17:00:00,38.0,104.3,81.4,57.9
2021-06-03 18:00:00,38.0,104.3,80.95454545454545,57.9
2021-06-03 19:00:00,38.0,104.3,80.5090909090909,57.9
2021-06-03 20:00:00,38.0,104.3,80.06363636363636,57.9
2021-06-03 21:00:00,38.0,104.3,79.61818181818182,57.9
2021-06-03 22:00:00,38.0,104.3,79.17272727272727,57.9
2021-06-03 23:00:00,38.0,104.3,78.72727272727272,57.9
2021-06-04 00:00:00,38.0,104.3,78.28181818181818,57.9
2021-06-04 01:00:00,38.0,104.3,77.83636363636364,57.9
2021-06-04 02:00:00,38.0,104.3,77.39090909090909,57.9
2021-06-04 03:00:00,38.0,104.3,76.94545454545454,57.9
2021-06-04 04:00:00,38.0,104.3,76.5,57.9
2021-06-04 05:00:00,38.0,104.3,76.57,57.9
2021-06-04 06:00:00,38.0,104.3,76.64,57.9
2021-06-04 07:00:00,38.0,104.3,76.71000000000001,57.9
2021-06-04 08:00:00,38.0,104.3,76.78,57.9
2021-06-04 09:00:00,38.0,104.3,76.85,57.9
2021-06-04 10:00:00,38.0,104.3,76.92,57.9
2021-06-04 11:00:00,38.0,104.3,76.99000000000001,57.9
2021-06-04 12:00:00,38.0,104.3,77.06,57.9
2021-06-04 13:00:00,38.0,104.3,77.13,57.9
2021-06-04 14:00:00,38.0,104.3,77.2,57.9
2021-06-04 15:00:00,38.0,104.3,77.27000000000001,57.9
2021-06-04 16:00:00,38.0,104.3,77.34,57.9
2021-06-04 17:00:00,38.0,104.3,77.41,57.9
2021-06-04 18:00:00,38.0,104.3,77.48,57.9
2021-06-04 19:00:00,38.0,104.3,77.55000000000001,57.9
2021-06-04 20:00:00,38.0,104.3,77.62,57.9
2021-06-04 21:00:00,38.0,104.3,77.69,57.9
2021-06-04 22:00:00,38.0,104.3,77.76,57.9
2021-06-04 23:00:00,38.0,104.3,77.83000000000001,57.9
2021-06-05 00:00:00,38.0,104.3,77.9,57.9
2021-06-05 01:00:00,38.0,104.3,78.35000000000001,57.9
2021-06-05 02:00:00,38.0,104.3,78.8,57.9
2021-06-05 03:00:00,38.0,104.3,79.25,57.9
2021-06-05 04:00:00,38.0,104.3,79.7,57.9
2021-06-05 05:00:00,38.0,104.3,80.14999999999999,57.9
2021-06-05 06:00:00,38.0,104.3,80.6,57.9
2021-06-05 07:00:00,38.0,104.3,80.47333333333333,57.9
2021-06-05 08:00:00,38.0,104.3,80.34666666666666,57.9
2021-06-05 09:00:00,38.0,104.3,80.22,57.9
2021-06-05 10:00:00,38.0,104.3,80.09333333333333,57.9
2021-06-05 11:00:00,38.0,104.3,79.96666666666667,57.9
2021-06-05 12:00:00,38.0,104.3,79.84,57.9
2021-06-05 13:00:00,38.0,104.3,79.71333333333334,57.9
2021-06-05 14:00:00,38.0,104.3,79.58666666666666,57.9
2021-06-05 15:00:00,38.0,104.3,79.46,57.9
2021-06-05 16:00:00,38.0,104.3,79.33333333333333,57.9
2021-06-05 17:00:00,38.0,104.3,79.20666666666666,57.9
2021-06-05 18:00:00,38.0,104.3,79.08,57.9
2021-06-05 19:00:00,38.0,104.3,78.95333333333333,57.9
2021-06-05 20:00:00,38.0,104.3,78.82666666666667,57.9
2021-06-05 21:00:00,38.0,104.3,78.7,57.9
2021-06-05 22:00:00,38.0,104.3,81.68333333333334,57.9
2021-06-05 23:00:00,38.0,104.3,84.66666666666667,57.9
2021-06-06 00:00:00,38.0,104.3,87.65,57.9
2021-06-06 01:00:00,38.0,104.3,90.63333333333333,57.9
2021-06-06 02:00:00,38.0,104.3,93.61666666666666,57.9
2021-06-06 03:00:00,38.0,104.3,96.6,57.9
2021-06-06 04:00:00,38.0,104.3,82.23333333333333,44.96666666666667
2021-06-06 05:00:00,38.0,104.3,67.86666666666666,32.03333333333333
2021-06-06 06:00:00,38.0,104.3,53.5,19.1
2021-06-06 07:00:00,38.0,104.3,60.8,28.8
2021-06-06 08:00:00,38.0,104.3,68.1,38.5
2021-06-06 09:00:00,38.0,104.3,75.4,48.2
2021-06-06 10:00:00,38.0,104.3,82.7,57.9
2021-06-06 11:00:00,38.0,104.3,82.41666666666667,57.9
2021-06-06 12:00:00,38.0,104.3,82.13333333333334,57.9
2021-06-06 13:00:00,38.0,104.3,81.85,57.9
2021-06-06 14:00:00,38.0,104.3,81.56666666666666,57.9
2021-06-06 15:00:00,38.0,104.3,81.28333333333333,57.9
2021-06-06 16:00:00,38.0,104.3,81.0,57.9
2021-06-06 17:00:00,38.0,104.3,80.71666666666667,57.9
2021-06-06 18:00:00,38.0,104.3,80.43333333333334,57.9
2021-06-06 19:00:00,38.0,104.3,80.15,57.9
2021-06-06 20:00:00,38.0,104.3,79.86666666666666,57.9
2021-06-06 21:00:00,38.0,104.3,79.58333333333333,57.9
2021-06-06 22:00:00,38.0,104.3,79.3,57.9
2021-06-06 23:00:00,38.0,104.3,79.98,57.9
2021-06-07 00:00:00,38.0,104.3,80.66,57.9
2021-06-07 01:00:00,38.0,104.3,81.34,57.9
2021-06-07 02:00:00,38.0,104.3,82.02,57.9
2021-06-07 03:00:00,38.0,104.3,82.7,57.9
2021-06-07 04:00:00,38.0,104.3,88.43333333333334,57.9
2021-06-07 05:00:00,38.0,104.3,94.16666666666667,57.9
2021-06-07 06:00:00,38.0,104.3,99.9,57.9
2021-06-07 07:00:00,38.0,104.3,98.825,57.9
2021-06-07 08:00:00,38.0,104.3,97.75,57.9
2021-06-07 09:00:00,38.0,104.3,96.675,57.9
2021-06-07 10:00:00,38.0,104.3,95.6,57.9
2021-06-07 11:00:00,38.0,104.3,93.83333333333333,57.9
2021-06-07 12:00:00,38.0,104.3,92.06666666666666,57.9
2021-06-07 13:00:00,38.0,104.3,90.3,57.9
2021-06-07 14:00:00,38.0,104.3,88.53333333333333,57.9
2021-06-07 15:00:00,38.0,104.3,86.76666666666667,57.9
2021-06-07 16:00:00,38.0,104.3,85.0,57.9
2021-06-07 17:00:00,38.0,104.3,83.23333333333333,57.9
2021-06-07 18:00:00,38.0,104.3,81.46666666666667,57.9
2021-06-07 19:00:00,38.0,104.3,79.7,57.9
2021-06-07 20:00:00,38.0,104.3,80.88,57.9
2021-06-07 21:00:00,38.0,104.3,82.06,57.9
2021-06-07 22:00:00,38.0,104.3,83.24,57.9
2021-06-07 23:00:00,38.0,104.3,84.42,57.9
2021-06-08 00:00:00,38.0,104.3,85.6,57.9
2021-06-08 01:00:00,38.0,104.3,88.05,57.9
2021-06-08 02:00:00,38.0,104.3,90.5,57.9
2021-06-08 03:00:00,38.0,104.3,92.95,57.9
2021-06-08 04:00:00,38.0,104.3,95.4,57.9
2021-06-08 05:00:00,38.0,104.3,96.9,57.9
2021-06-08 06:00:00,38.0,104.3,98.4,57.9
2021-06-08 07:00:00,38.0,104.3,99.9,57.9
2021-06-08 08:00:00,38.0,104.3,99.76,57.9
2021-06-08 09:00:00,38.0,104.3,99.62,57.9
2021-06-08 10:00:00,38.0,104.3,99.48,57.9
2021-06-08 11:00:00,38.0,104.3,99.34,57.9
2021-06-08 12:00:00,38.0,104.3,99.2,57.9
2021-06-08 13:00:00,38.0,104.3,87.61666666666667,53.03333333333333
2021-06-08 14:00:00,38.0,104.3,76.03333333333333,48.166666666666664
2021-06-08 15:00:00,38.0,104.3,64.45,43.3
2021-06-08 16:00:00,38.0,104.3,52.86666666666667,38.43333333333334
2021-06-08 17:00:00,38.0,104.3,41.28333333333333,33.56666666666666
2021-06-08 18:00:00,38.0,104.3,29.7,28.7
2021-06-08 19:00:00,38.0,104.3,47.25,36.0
2021-06-08 20:00:00,38.0,104.3,64.8,43.3
2021-06-08 21:00:00,38.0,104.3,82.35000000000001,50.599999999999994
2021-06-08 22:00:00,38.0,104.3,99.9,57.9
2021-06-08 23:00:00,38.0,104.3,99.9,57.9
2021-06-09 00:00:00,38.0,104.3,99.9,57.9
2021-06-09 01:00:00,38.0,104.3,99.9,57.9
2021-06-09 02:00:00,38.0,104.3,99.9,57.9
2021-06-09 03:00:00,38.0,104.3,99.9,57.9
2021-06-09 04:00:00,38.0,104.3,99.9,57.9
2021-06-09 05:00:00,38.0,104.3,99.9,57.9
2021-06-09 06:00:00,38.0,104.3,99.9,57.9
2021-06-09 07:00:00,38.0,104.3,99.9,57.9
2021-06-09 08:00:00,38.0,104.3,99.9,57.9
2021-06-09 09:00:00,38.0,104.3,99.9,57.9
2021-06-09 10:00:00,38.0,104.3,99.9,57.9
2021-06-09 11:00:00,38.0,104.3,99.9,57.9
2021-06-09 12:00:00,38.0,104.3,99.9,57.9
2021-06-09 13:00:00,38.0,104.3,99.9,57.9
2021-06-09 14:00:00,38.0,104.3,99.9,57.9
2021-06-09 15:00:00,38.0,104.3,99.9,57.9
2021-06-09 16:00:00,38.0,104.3,99.9,57.9
2021-06-09 17:00:00,38.0,104.3,99.9,57.9
2021-06-09 18:00:00,38.0,104.3,99.9,57.9
2021-06-09 19:00:00,38.0,104.3,99.9,57.9
2021-06-09 20:00:00,38.0,104.3,99.9,57.9
2021-06-09 21:00:00,38.0,104.3,99.9,57.9
2021-06-09 22:00:00,38.0,104.3,99.9,57.9
2021-06-09 23:00:00,38.0,104.3,99.9,57.9
2021-06-10 00:00:00,38.0,104.3,99.9,57.9
2021-06-10 01:00:00,38.0,104.3,99.9,57.9
2021-06-10 02:00:00,38.0,104.3,99.9,57.9
2021-06-10 03:00:00,38.0,104.3,99.9,57.9
2021-06-10 04:00:00,38.0,104.3,99.9,57.9
2021-06-10 05:00:00,38.0,104.3,99.9,57.9
2021-06-10 06:00:00,38.0,104.3,99.9,57.9
2021-06-10 07:00:00,38.0,104.3,99.9,57.9
2021-06-10 08:00:00,38.0,104.3,99.9,57.9
2021-06-10 09:00:00,38.0,104.3,99.9,57.9
2021-06-10 10:00:00,38.0,104.3,96.275,57.9
2021-06-10 11:00:00,38.0,104.3,92.65,57.9
2021-06-10 12:00:00,38.0,104.3,89.025,57.9
2021-06-10 13:00:00,38.0,104.3,85.4,57.9
2021-06-10 14:00:00,38.0,104.3,89.025,57.9
2021-06-10 15:00:00,38.0,104.3,92.65,57.9
2021-06-10 16:00:00,38.0,104.3,96.275,57.9
2021-06-10 17:00:00,38.0,104.3,99.9,57.9
2021-06-10 18:00:00,38.0,104.3,99.9,57.9
2021-06-10 19:00:00,38.0,104.3,99.9,57.9
2021-06-10 20:00:00,38.0,104.3,99.9,57.9
2021-06-10 21:00:00,38.0,104.3,99.9,57.9
2021-06-10 22:00:00,38.0,104.3,99.9,57.9
2021-06-10 23:00:00,38.0,104.3,99.9,57.9
2021-06-11 00:00:00,38.0,104.3,99.9,57.9
2021-06-11 01:00:00,38.0,104.3,99.9,57.9
2021-06-11 02:00:00,38.0,104.3,99.9,57.9
2021-06-11 03:00:00,38.0,104.3,99.9,57.9
2021-06-11 04:00:00,38.0,104.3,99.9,57.9
2021-06-11 05:00:00,38.0,104.3,99.9,57.9
2021-06-11 06:00:00,38.0,104.3,99.9,57.9
2021-06-11 07:00:00,38.0,104.3,99.9,57.9
2021-06-11 08:00:00,38.0,104.3,99.9,57.9
2021-06-11 09:00:00,38.0,104.3,99.9,57.9
2021-06-11 10:00:00,38.0,104.3,99.9,57.9
2021-06-11 11:00:00,38.0,104.3,99.9,57.9
2021-06-11 12:00:00,38.0,104.3,99.9,57.9
2021-06-11 13:00:00,38.0,104.3,99.9,57.9
2021-06-11 14:00:00,38.0,104.3,99.9,57.9
2021-06-11 15:00:00,38.0,104.3,99.9,57.9
2021-06-11 16:00:00,38.0,104.3,99.9,57.9
2021-06-11 17:00:00,38.0,104.3,99.9,57.9
2021-06-11 18:00:00,38.0,104.3,99.9,57.9
2021-06-11 19:00:00,38.0,104.3,99.9,57.9
2021-06-11 20:00:00,38.0,104.3,99.9,57.9
2021-06-11 21:00:00,38.0,104.3,99.9,57.9
2021-06-11 22:00:00,38.0,104.3,99.9,57.9
2021-06-11 23:00:00,38.0,104.3,99.9,57.9
2021-06-12 00:00:00,38.0,104.3,99.9,57.9
2021-06-12 01:00:00,38.0,104.3,99.9,57.9
2021-06-12 02:00:00,38.0,104.3,99.9,57.9
2021-06-12 03:00:00,38.0,104.3,99.9,57.9
2021-06-12 04:00:00,38.0,104.3,99.9,57.9
2021-06-12 05:00:00,38.0,104.3,99.9,57.9
2021-06-12 06:00:00,38.0,104.3,99.9,57.9
2021-06-12 07:00:00,38.0,104.3,99.9,57.9
2021-06-12 08:00:00,38.0,104.3,99.9,57.9
2021-06-12 09:00:00,38.0,104.3,99.9,57.9
2021-06-12 10:00:00,38.0,104.3,99.9,57.9
2021-06-12 11:00:00,38.0,104.3,99.9,57.9
2021-06-12 12:00:00,38.0,104.3,99.9,57.9
2021-06-12 13:00:00,38.0,104.3,99.9,57.9
2021-06-12 14:00:00,38.0,104.3,96.825,57.9
2021-06-12 15:00:00,38.0,104.3,93.75,57.9
2021-06-12 16:00:00,38.0,104.3,90.675,57.9
2021-06-12 17:00:00,38.0,104.3,87.6,57.9
2021-06-12 18:00:00,38.0,104.3,90.02499999999999,57.9
2021-06-12 19:00:00,38.0,104.3,92.44999999999999,57.9
2021-06-12 20:00:00,38.0,104.3,94.875,57.9
2021-06-12 21:00:00,38.0,104.3,97.3,57.9
2021-06-12 22:00:00,38.0,104.3,95.825,57.9
2021-06-12 23:00:00,38.0,104.3,94.35,57.9
2021-06-13 00:00:00,38.0,104.3,92.875,57.9
2021-06-13 01:00:00,38.0,104.3,91.4,57.9
2021-06-13 02:00:00,38.0,104.3,93.525,57.9
2021-06-13 03:00:00,38.0,104.3,95.65,57.9
2021-06-13 04:00:00,38.0,104.3,97.775,57.9
2021-06-13 05:00:00,38.0,104.3,99.9,57.9
2021-06-13 06:00:00,38.0,104.3,98.75,57.9
2021-06-13 07:00:00,38.0,104.3,97.6,57.9
2021-06-13 08:00:00,38.0,104.3,96.45,57.9
2021-06-13 09:00:00,38.0,104.3,95.3,57.9
2021-06-13 10:00:00,38.0,104.3,94.14444444444445,57.9
2021-06-13 11:00:00,38.0,104.3,92.9888888888889,57.9
2021-06-13 12:00:00,38.0,104.3,91.83333333333333,57.9
2021-06-13 13:00:00,38.0,104.3,90.67777777777778,57.9
2021-06-13 14:00:00,38.0,104.3,89.52222222222223,57.9
2021-06-13 15:00:00,38.0,104.3,88.36666666666667,57.9
2021-06-13 16:00:00,38.0,104.3,87.21111111111111,57.9
2021-06-13 17:00:00,38.0,104.3,86.05555555555556,57.9
2021-06-13 18:00:00,38.0,104.3,84.9,57.9
2021-06-13 19:00:00,38.0,104.3,86.35000000000001,57.9
2021-06-13 20:00:00,38.0,104.3,87.8,57.9
2021-06-13 21:00:00,38.0,104.3,89.25,57.9
2021-06-13 22:00:00,38.0,104.3,90.7,57.9
2021-06-13 23:00:00,38.0,104.3,92.14999999999999,57.9
2021-06-14 00:00:00,38.0,104.3,93.6,57.9
2021-06-14 01:00:00,38.0,104.3,92.11999999999999,57.9
2021-06-14 02:00:00,38.0,104.3,90.64,57.9
2021-06-14 03:00:00,38.0,104.3,89.16,57.9
2021-06-14 04:00:00,38.0,104.3,87.68,57.9
2021-06-14 05:00:00,38.0,104.3,86.2,57.9
2021-06-14 06:00:00,38.0,104.3,85.475,57.9
2021-06-14 07:00:00,38.0,104.3,84.75,57.9
2021-06-14 08:00:00,38.0,104.3,84.025,57.9
2021-06-14 09:00:00,38.0,104.3,83.3,57.9
2021-06-14 10:00:00,38.0,104.3,83.53571428571428,57.9
2021-06-14 11:00:00,38.0,104.3,83.77142857142857,57.9
2021-06-14 12:00:00,38.0,104.3,84.00714285714285,57.9
2021-06-14 13:00:00,38.0,104.3,84.24285714285713,57.9
2021-06-14 14:00:00,38.0,104.3,84.47857142857143,57.9
2021-06-14 15:00:00,38.0,104.3,84.71428571428571,57.9
2021-06-14 16:00:00,38.0,104.3,84.94999999999999,57.9
2021-06-14 17:00:00,38.0,104.3,85.18571428571428,57.9
2021-06-14 18:00:00,38.0,104.3,85.42142857142856,57.9
2021-06-14 19:00:00,38.0,104.3,85.65714285714286,57.9
2021-06-14 20:00:00,38.0,104.3,85.89285714285714,57.9
2021-06-14 21:00:00,38.0,104.3,86.12857142857142,57.9
2021-06-14 22:00:00,38.0,104.3,86.36428571428571,57.9
2021-06-14 23:00:00,38.0,104.3,86.6,57.9
2021-06-15 00:00:00,38.0,104.3,87.5,57.9
2021-06-15 01:00:00,38.0,104.3,88.39999999999999,57.9
2021-06-15 02:00:00,38.0,104.3,89.3,57.9
2021-06-15 03:00:00,38.0,104.3,90.2,57.9
2021-06-15 04:00:00,38.0,104.3,91.1,57.9
2021-06-15 05:00:00,38.0,104.3,92.0,57.9
2021-06-15 06:00:00,38.0,104.3,92.05714285714286,57.9
2021-06-15 07:00:00,38.0,104.3,92.11428571428571,57.9
2021-06-15 08:00:00,38.0,104.3,92.17142857142858,57.9
2021-06-15 09:00:00,38.0,104.3,92.22857142857143,57.9
2021-06-15 10:00:00,38.0,104.3,92.28571428571429,57.9
2021-06-15 11:00:00,38.0,104.3,92.34285714285714,57.9
2021-06-15 12:00:00,38.0,104.3,92.4,57.9
2021-06-15 13:00:00,38.0,104.3,95.78,57.9
2021-06-15 14:00:00,38.0,104.3,99.19,57.9
2021-06-15 15:00:00,38.0,104.3,99.19,57.9
2021-06-15 16:00:00,38.0,104.3,99.19,57.9
