From Date,PM2.5,PM10,RH,AT
2020-11-01 00:00:00,68.06636363636363,77.77,74.0,26.07
2020-11-01 01:00:00,66.51333333333334,143.0,64.11,26.21
2020-11-01 02:00:00,64.292,63.91,65.55,25.79
2020-11-01 03:00:00,65.69500000000001,66.0,79.22,24.455833333333334
2020-11-01 04:00:00,65.36272727272727,65.0,68.89,25.02
2020-11-01 05:00:00,55.58636363636363,67.23,69.42,24.85
2020-11-01 06:00:00,58.53636363636363,63.0,69.14,24.81
2020-11-01 07:00:00,66.74727272727273,61.0,81.31,24.35
2020-11-01 08:00:00,73.83545454545454,121.0,77.06,25.15
2020-11-01 09:00:00,68.25090909090909,105.16,73.13,26.07
2020-11-01 10:00:00,57.68,106.0,67.53,26.85
2020-11-01 11:00:00,51.13545454545454,79.0,62.01,28.37
2020-11-01 12:00:00,47.551818181818184,66.41,55.23,29.62
2020-11-01 13:00:00,46.93636363636363,54.76,54.7,29.79
2020-11-01 14:00:00,44.67249999999999,46.93,57.0,28.87
2020-11-01 15:00:00,45.07749999999999,40.08,57.66,28.68
2020-11-01 16:00:00,40.559999999999995,38.0,58.1,28.37
2020-11-01 17:00:00,36.57,30.0,56.39,27.8
2020-11-01 18:00:00,40.57090909090909,35.61,63.18,27.25
2020-11-01 19:00:00,44.81545454545455,39.31,66.05,26.82
2020-11-01 20:00:00,54.38454545454545,40.0,68.23,26.67
2020-11-01 21:00:00,64.60363636363637,39.3,70.57,26.7
2020-11-01 22:00:00,64.37090909090908,44.66,72.03,26.43
2020-11-01 23:00:00,61.22666666666668,53.0,71.78,26.34
2020-11-02 00:00:00,59.77333333333333,46.0,70.09,26.25
2020-11-02 01:00:00,61.077,48.91,75.96,25.61
2020-11-02 02:00:00,62.9209090909091,51.0,79.53,25.2
2020-11-02 03:00:00,63.72818181818182,55.0,77.85,24.98
2020-11-02 04:00:00,59.107499999999995,52.0,78.64,25.04
2020-11-02 05:00:00,61.882727272727266,63.2,79.88,25.38
2020-11-02 06:00:00,69.41363636363637,79.66,81.28,24.99
2020-11-02 07:00:00,72.87545454545455,88.47,82.15,24.97
2020-11-02 08:00:00,76.13909090909091,85.0,79.14,25.67
2020-11-02 09:00:00,83.3375,104.67,75.1,27.1
2020-11-02 10:00:00,81.37499999999999,112.75,70.17,27.7
2020-11-02 11:00:00,76.11166666666668,94.0,64.88,28.91
2020-11-02 12:00:00,73.21083333333334,95.0,52.8,30.58
2020-11-02 13:00:00,71.3725,90.34,49.123000000000005,35.74583333333333
2020-11-02 14:00:00,71.11666666666669,81.39,68.14,29.55
2020-11-02 15:00:00,72.13833333333334,75.71,72.18,28.74
2020-11-02 16:00:00,73.79166666666667,63.54,73.66,28.39
2020-11-02 17:00:00,72.97916666666667,61.0,77.16,27.98
2020-11-02 18:00:00,78.5275,64.0,78.89,27.45
2020-11-02 19:00:00,83.64916666666667,220.28666666666666,82.71000000000001,29.395
2020-11-02 20:00:00,95.01272727272728,74.56,84.31,27.04
2020-11-02 21:00:00,96.939,244.33249999999998,85.52699999999999,28.63666666666667
2020-11-02 22:00:00,96.99600000000001,229.65125,85.61100000000002,28.276666666666667
2020-11-02 23:00:00,95.41636363636363,203.79555555555555,81.869,28.082499999999996
2020-11-03 00:00:00,96.10818181818182,98.44,79.26400000000001,27.747500000000006
2020-11-03 01:00:00,91.31333333333333,112.0,80.086,27.33
2020-11-03 02:00:00,94.14909090909092,181.25555555555556,79.75199999999998,27.142500000000002
2020-11-03 03:00:00,89.92999999999999,177.11625,80.814,26.763333333333332
2020-11-03 04:00:00,88.15,170.61125,82.84100000000001,26.334999999999997
2020-11-03 05:00:00,88.03454545454547,138.94,84.35000000000001,26.03833333333333
2020-11-03 06:00:00,87.48818181818181,169.33875,85.20200000000003,25.805000000000003
2020-11-03 07:00:00,85.54636363636364,168.21375,83.99222222222222,26.430909090909093
2020-11-03 08:00:00,89.17727272727272,84.0,74.44200000000001,28.345
2020-11-03 09:00:00,84.45636363636363,83.0,62.69499999999999,31.006666666666664
2020-11-03 10:00:00,82.62454545454547,94.0,52.81700000000001,33.30916666666666
2020-11-03 11:00:00,78.0125,81.5,48.214000000000006,34.791666666666664
2020-11-03 12:00:00,76.06545454545454,85.0,47.761,35.53636363636364
2020-11-03 13:00:00,76.177,167.4025,49.16555555555556,36.004
2020-11-03 14:00:00,73.64363636363638,74.0,50.907000000000004,35.556363636363635
2020-11-03 15:00:00,70.11727272727272,57.28,55.766,35.236666666666665
2020-11-03 16:00:00,68.04916666666666,53.0,62.12700000000001,33.90333333333333
2020-11-03 17:00:00,69.00166666666665,53.0,72.029,31.67
2020-11-03 18:00:00,75.22166666666665,55.02,67.02,27.68
2020-11-03 19:00:00,78.39833333333333,62.03,75.97,27.35
2020-11-03 20:00:00,81.2325,53.0,77.19,27.21
2020-11-03 21:00:00,90.705,224.92374999999998,81.211,27.98416666666667
2020-11-03 22:00:00,98.60454545454546,58.0,70.62,27.01
2020-11-03 23:00:00,97.65666666666665,78.53,77.47,26.43
2020-11-04 00:00:00,97.25,81.07,85.12,25.91
2020-11-04 01:00:00,95.75625,75.69,86.59,25.47
2020-11-04 02:00:00,90.05444444444443,77.66,81.97,25.38
2020-11-04 03:00:00,85.14,86.0,83.67,25.16
2020-11-04 04:00:00,80.50444444444445,133.42,81.25,25.18
2020-11-04 05:00:00,78.12899999999999,104.79,83.62,25.09
2020-11-04 06:00:00,76.069,87.47,85.43,24.88
2020-11-04 07:00:00,83.74,102.22,81.53,25.04
2020-11-04 08:00:00,85.67099999999999,127.25,80.22,25.21
2020-11-04 09:00:00,82.62899999999999,104.53,76.26,25.7
2020-11-04 10:00:00,79.34818181818181,86.16,59.59,27.5
2020-11-04 11:00:00,72.96545454545455,74.75,58.34,27.89
2020-11-04 12:00:00,68.50727272727272,68.91,50.93,29.73
2020-11-04 13:00:00,65.02,71.0,43.62,30.93
2020-11-04 14:00:00,73.66909090909091,53.0,50.06,30.77
2020-11-04 15:00:00,67.55636363636364,54.0,47.951,35.50833333333333
2020-11-04 16:00:00,64.9218181818182,63.98,65.87,28.76
2020-11-04 17:00:00,65.0675,72.98,68.56,28.03
2020-11-04 18:00:00,67.16666666666666,61.38,66.53,27.48
2020-11-04 19:00:00,76.92833333333333,57.53,67.56,27.24
2020-11-04 20:00:00,94.43166666666667,57.49,77.13,27.04
2020-11-04 21:00:00,94.9709090909091,71.0,75.25500000000002,27.9225
2020-11-04 22:00:00,96.47818181818182,65.68,71.29,26.65
2020-11-04 23:00:00,97.46090909090908,75.0,73.38,26.36
2020-11-05 00:00:00,103.78909090909089,93.25,82.97,25.8
2020-11-05 01:00:00,91.90000000000002,97.53,73.86,25.83
2020-11-05 02:00:00,88.38,110.28,78.99,25.05
2020-11-05 03:00:00,81.44000000000001,115.22,81.218,25.338333333333335
2020-11-05 04:00:00,81.65999999999998,108.69,77.33,25.21
2020-11-05 05:00:00,78.87909090909092,81.93,78.98,24.95
2020-11-05 06:00:00,74.505,67.44,83.09,24.39
2020-11-05 07:00:00,74.898,63.25,83.36,24.7
2020-11-05 08:00:00,75.13111111111112,77.88,80.97,25.52
2020-11-05 09:00:00,71.41333333333334,94.94,77.03,26.05
2020-11-05 10:00:00,76.41000000000001,74.83,62.44,28.29
2020-11-05 11:00:00,78.7475,70.98,57.23,29.04
2020-11-05 12:00:00,71.85666666666665,82.0,48.77,30.38
2020-11-05 13:00:00,72.6225,80.89,49.94,31.19
2020-11-05 14:00:00,62.47833333333333,71.86,66.34,28.94
2020-11-05 15:00:00,58.26500000000001,66.69,65.41,28.73
2020-11-05 16:00:00,55.43999999999999,66.0,73.03,28.21
2020-11-05 17:00:00,56.69916666666666,118.39444444444445,63.916,31.905833333333344
2020-11-05 18:00:00,60.14666666666667,142.61200000000002,67.45800000000001,30.00333333333334
2020-11-05 19:00:00,62.15363636363636,162.79,64.748,29.125833333333333
2020-11-05 20:00:00,67.01272727272728,163.31333333333336,59.95399999999999,28.583333333333332
2020-11-05 21:00:00,65.99727272727272,170.29222222222222,58.964,27.823333333333334
2020-11-05 22:00:00,74.19727272727272,191.82888888888888,62.87800000000001,27.020000000000007
2020-11-05 23:00:00,76.74090909090908,200.90666666666664,66.078,26.41333333333333
2020-11-06 00:00:00,70.42333333333335,173.8311111111111,67.604,25.921666666666667
2020-11-06 01:00:00,67.99000000000001,150.83666666666667,68.10400000000001,25.685
2020-11-06 02:00:00,62.636363636363626,130.54,68.39200000000001,25.416666666666668
2020-11-06 03:00:00,61.796363636363644,129.33444444444444,68.855,25.242499999999996
2020-11-06 04:00:00,65.45636363636362,128.11666666666667,68.35799999999999,25.149999999999995
2020-11-06 05:00:00,58.99181818181819,109.69777777777777,67.75,24.962500000000002
2020-11-06 06:00:00,58.6275,103.117,67.30999999999999,24.919166666666666
2020-11-06 07:00:00,65.48333333333333,119.674,64.964,25.66
2020-11-06 08:00:00,67.90166666666666,134.528,60.923,27.75583333333333
2020-11-06 09:00:00,69.21,134.082,54.895,30.279999999999998
2020-11-06 10:00:00,67.61916666666667,143.231,49.292,32.160833333333336
2020-11-06 11:00:00,60.88272727272729,140.94555555555553,39.05111111111111,33.46363636363637
2020-11-06 12:00:00,57.444545454545455,133.5222222222222,35.559999999999995,34.43818181818181
2020-11-06 13:00:00,56.027499999999996,126.513,37.162000000000006,35.41416666666667
2020-11-06 14:00:00,49.895,115.36500000000001,36.009,35.95
2020-11-06 15:00:00,43.461666666666666,97.48100000000001,36.475,35.90166666666667
2020-11-06 16:00:00,41.11666666666667,98.799,40.95700000000001,34.74166666666667
2020-11-06 17:00:00,42.71416666666667,104.26200000000001,53.33200000000001,32.19083333333334
2020-11-06 18:00:00,48.11750000000001,117.675,67.995,29.751666666666665
2020-11-06 19:00:00,53.76583333333334,133.607,67.964,28.8425
2020-11-06 20:00:00,65.34833333333334,159.815,69.686,27.874999999999996
2020-11-06 21:00:00,67.20833333333333,175.65777777777777,72.60400000000001,27.09416666666667
2020-11-06 22:00:00,73.11181818181818,182.3422222222222,75.66100000000002,26.47
2020-11-06 23:00:00,82.03454545454545,204.32222222222222,78.05799999999999,25.776666666666667
2020-11-07 00:00:00,76.14090909090909,190.49222222222227,78.293,25.362499999999997
2020-11-07 01:00:00,73.92600000000002,179.135,77.725,24.860833333333332
2020-11-07 02:00:00,71.30416666666666,143.38222222222223,75.982,24.499999999999996
2020-11-07 03:00:00,65.48272727272727,123.2588888888889,75.10499999999999,24.365
2020-11-07 04:00:00,66.83090909090909,128.62625,73.56899999999999,23.997500000000002
2020-11-07 05:00:00,64.73,125.40625,73.56499999999998,23.736666666666665
2020-11-07 06:00:00,63.577999999999996,131.3825,72.21099999999998,23.608333333333334
2020-11-07 07:00:00,69.71545454545455,138.125,70.368,24.040000000000003
2020-11-07 08:00:00,70.027,143.78142857142856,70.19571428571429,26.3675
2020-11-07 09:00:00,65.98666666666665,147.35857142857142,60.04,29.902857142857137
2020-11-07 10:00:00,66.649,154.29333333333332,53.61,32.38166666666667
2020-11-07 11:00:00,61.028,64.46,46.59166666666667,34.357142857142854
2020-11-07 12:00:00,63.80363636363638,67.0,44.85333333333333,35.54571428571428
2020-11-07 13:00:00,60.47545454545454,69.78,45.80666666666667,36.33857142857143
2020-11-07 14:00:00,55.83250000000001,65.23,51.75,30.88
2020-11-07 15:00:00,54.6625,60.53,66.98,28.61
2020-11-07 16:00:00,56.678333333333335,57.69,69.08,28.21
2020-11-07 17:00:00,58.39333333333334,56.0,70.84,27.71
2020-11-07 18:00:00,59.79916666666667,52.07,70.49,27.31
2020-11-07 19:00:00,62.93666666666667,50.06,76.63,26.69
2020-11-07 20:00:00,73.64909090909092,52.0,75.83,26.68
2020-11-07 21:00:00,82.62363636363636,60.0,74.44,26.59
2020-11-07 22:00:00,85.25363636363636,63.42,67.23,26.66
2020-11-07 23:00:00,91.98545454545456,82.0,71.95,26.36
2020-11-08 00:00:00,92.2990909090909,85.11,71.64,26.1
2020-11-08 01:00:00,79.676,101.38,72.97,25.63
2020-11-08 02:00:00,73.95181818181817,100.0,71.12,25.39
2020-11-08 03:00:00,70.52,80.89,69.56,25.25
2020-11-08 04:00:00,68.15727272727273,64.0,73.59,24.92
2020-11-08 05:00:00,64.69000000000001,63.84,67.49,25.06
2020-11-08 06:00:00,59.358181818181826,63.0,63.43,25.15
2020-11-08 07:00:00,59.27181818181818,54.69,60.44,25.32
2020-11-08 08:00:00,59.83636363636364,54.0,58.2,25.98
2020-11-08 09:00:00,63.05583333333333,56.76,59.73,26.59
2020-11-08 10:00:00,61.469166666666666,72.0,56.25,27.65
2020-11-08 11:00:00,56.82249999999999,65.69,56.29,28.57
2020-11-08 12:00:00,53.82750000000001,64.0,58.93,29.09
2020-11-08 13:00:00,51.19583333333333,50.0,57.33,29.58
2020-11-08 14:00:00,50.04999999999999,52.0,52.09,30.42
2020-11-08 15:00:00,51.431666666666665,46.69,42.01,31.25
2020-11-08 16:00:00,48.71,47.84,62.31,29.61
2020-11-08 17:00:00,52.51833333333334,52.0,66.56,28.22
2020-11-08 18:00:00,61.668333333333344,60.32,64.87,27.83
2020-11-08 19:00:00,71.06,59.82,68.53,27.51
2020-11-08 20:00:00,80.5125,54.06,77.58,27.17
2020-11-08 21:00:00,83.95181818181817,51.07,80.17,26.77
2020-11-08 22:00:00,83.39363636363636,46.0,74.5,26.72
2020-11-08 23:00:00,85.44909090909091,67.6,73.88,26.39
2020-11-09 00:00:00,87.546,81.38,78.53,25.73
2020-11-09 01:00:00,75.907,79.25,77.08,25.49
2020-11-09 02:00:00,75.03363636363636,86.31,74.27,25.49
2020-11-09 03:00:00,75.49249999999999,87.0,79.493,24.845833333333335
2020-11-09 04:00:00,82.66400000000002,85.0,78.35,24.77
2020-11-09 05:00:00,78.58909090909091,80.91,74.47,24.52
2020-11-09 06:00:00,74.92545454545456,66.11,78.92,24.14
2020-11-09 07:00:00,75.19200000000001,71.44,75.53,24.75
2020-11-09 08:00:00,77.78200000000001,63.0,63.88,25.84
2020-11-09 09:00:00,75.715,70.0,63.98,26.23
2020-11-09 10:00:00,75.11583333333333,70.84,58.48,27.12
2020-11-09 11:00:00,72.25833333333334,75.0,42.853,33.699999999999996
2020-11-09 12:00:00,73.60583333333334,80.0,44.4,29.83
2020-11-09 13:00:00,61.535833333333336,75.0,37.00699999999999,35.667500000000004
2020-11-09 14:00:00,52.92583333333334,70.64,36.58,30.42
2020-11-09 15:00:00,45.416666666666664,47.0,39.12,30.18
2020-11-09 16:00:00,41.285000000000004,56.8,44.79,30.1
2020-11-09 17:00:00,42.1875,65.33,47.08,29.42
2020-11-09 18:00:00,49.49666666666666,76.13,44.09,28.45
2020-11-09 19:00:00,62.07,69.82,61.7,27.64
2020-11-09 20:00:00,72.2609090909091,65.0,74.27,26.73
2020-11-09 21:00:00,82.27636363636363,60.0,74.43,26.44
2020-11-09 22:00:00,87.42181818181817,49.0,73.79,25.8
2020-11-09 23:00:00,125.0,58.0,73.546,25.97083333333333
2020-11-10 00:00:00,80.099,173.69,72.01,25.6
2020-11-10 01:00:00,77.0,89.0,75.39,24.9
2020-11-10 02:00:00,76.17090909090909,160.5511111111111,74.49,24.55
2020-11-10 03:00:00,80.34454545454547,166.00222222222223,72.81,24.0
2020-11-10 04:00:00,79.34818181818183,157.07222222222222,75.52,23.56
2020-11-10 05:00:00,78.22454545454546,146.01999999999998,76.25,23.24
2020-11-10 06:00:00,76.25545454545455,141.36333333333334,72.45,23.21
2020-11-10 07:00:00,90.0,93.0,66.58,23.94
2020-11-10 08:00:00,90.0,88.02,55.8,25.03
2020-11-10 09:00:00,81.67,61.0,53.61,25.61
2020-11-10 10:00:00,79.74999999999999,168.03,48.38,26.56
2020-11-10 11:00:00,78.53,81.29,42.15,27.88
2020-11-10 12:00:00,66.22,72.0,37.98,28.94
2020-11-10 13:00:00,62.0,68.0,35.67,29.86
2020-11-10 14:00:00,56.271666666666675,62.0,32.26,30.14
2020-11-10 15:00:00,63.0,112.197,35.42,30.18
2020-11-10 16:00:00,58.94916666666668,127.71,60.13,27.36
2020-11-10 17:00:00,85.0,134.93555555555557,63.94,27.02
2020-11-10 18:00:00,66.69818181818182,177.386,66.06,26.34
2020-11-10 19:00:00,74.7309090909091,196.01666666666668,70.84,26.2
2020-11-10 20:00:00,82.62583333333333,189.606,73.74,25.71
2020-11-10 21:00:00,98.34583333333332,203.98899999999998,63.28,25.77
2020-11-10 22:00:00,94.88454545454546,218.42555555555555,63.08,24.98
2020-11-10 23:00:00,96.89454545454545,221.72444444444443,70.1,24.85
2020-11-11 00:00:00,101.33099999999999,223.09333333333336,74.85,24.31
2020-11-11 01:00:00,88.67111111111112,187.73000000000002,68.59,24.11
2020-11-11 02:00:00,86.88600000000001,175.50222222222223,73.25,23.36
2020-11-11 03:00:00,85.64999999999999,156.054,69.91,23.26
2020-11-11 04:00:00,84.33454545454546,150.257,69.22,23.05
2020-11-11 05:00:00,81.82545454545453,139.701,66.98,23.04
2020-11-11 06:00:00,84.58727272727272,152.55,63.01,23.18
2020-11-11 07:00:00,84.06333333333335,146.645,55.14,23.83
2020-11-11 08:00:00,87.23416666666668,162.57600000000002,51.28,24.41
2020-11-11 09:00:00,85.36,172.42999999999998,48.55,24.88
2020-11-11 10:00:00,61.33,71.0,48.72,25.98
2020-11-11 11:00:00,74.96090909090908,79.13,38.61,27.58
2020-11-11 12:00:00,67.03090909090909,69.0,32.78222222222222,33.20909090909092
2020-11-11 13:00:00,64.78125,67.38,34.48,29.23
2020-11-11 14:00:00,57.93181818181818,64.0,29.2,29.7
2020-11-11 15:00:00,59.81,57.68,33.95,29.69
2020-11-11 16:00:00,58.597500000000004,56.0,56.2,27.7
2020-11-11 17:00:00,61.685833333333335,54.0,55.00699999999999,30.36916666666667
2020-11-11 18:00:00,66.995,54.0,65.09,26.04
2020-11-11 19:00:00,73.0025,58.69,64.46,26.04
2020-11-11 20:00:00,84.62666666666667,39.27,64.92,25.74
2020-11-11 21:00:00,96.3775,39.2,65.94,25.31
2020-11-11 22:00:00,100.17250000000001,70.47,67.72,25.2
2020-11-11 23:00:00,96.07545454545453,90.89,64.82,24.6
2020-11-12 00:00:00,88.90750000000001,107.33,58.13,24.51
2020-11-12 01:00:00,81.84000000000002,82.47,55.75,24.02
2020-11-12 02:00:00,80.74833333333333,82.98,52.41,23.84
2020-11-12 03:00:00,81.6225,72.31,54.09,23.61
2020-11-12 04:00:00,85.31,74.0,62.11,23.02
2020-11-12 05:00:00,80.76545454545455,142.1325,54.815,23.158333333333335
2020-11-12 06:00:00,79.6025,145.51125000000002,58.395555555555546,22.69090909090909
2020-11-12 07:00:00,86.25750000000001,78.0,65.71,23.22
2020-11-12 08:00:00,91.61,67.44,62.34,24.44
2020-11-12 09:00:00,92.54272727272728,77.0,60.18,25.07
2020-11-12 10:00:00,83.41181818181818,73.25,54.44,25.59
2020-11-12 11:00:00,78.01333333333332,76.0,44.35,27.83
2020-11-12 12:00:00,63.556,72.0,41.64,28.83
2020-11-12 13:00:00,57.19,67.0,47.27,28.88
2020-11-12 14:00:00,53.03,63.76,54.72,27.75
2020-11-12 15:00:00,59.71900000000001,54.78,59.13,27.41
2020-11-12 16:00:00,52.658181818181816,50.0,61.74,27.26
2020-11-12 17:00:00,55.76,51.16,68.99,26.12
2020-11-12 18:00:00,64.47999999999999,52.0,73.66,25.56
2020-11-12 19:00:00,72.69416666666667,54.0,74.66,25.59
2020-11-12 20:00:00,85.07666666666667,56.06,66.62,25.7
2020-11-12 21:00:00,86.389,54.91,51.68,26.2
2020-11-12 22:00:00,97.086,59.49,69.96,25.286666666666665
2020-11-12 23:00:00,98.74363636363637,69.89,53.35,25.12
2020-11-13 00:00:00,122.08916666666669,81.47,67.4,24.28
2020-11-13 01:00:00,103.08444444444444,84.0,68.25,24.17
2020-11-13 02:00:00,95.45100000000001,90.67,69.92,23.83
2020-11-13 03:00:00,90.9109090909091,78.0,66.31,23.86
2020-11-13 04:00:00,92.76333333333332,70.34,64.64,23.8
2020-11-13 05:00:00,88.14111111111112,61.25,70.2,23.5
2020-11-13 06:00:00,84.86399999999999,64.0,70.23,23.57
2020-11-13 07:00:00,82.11111111111111,68.0,66.3,24.16
2020-11-13 08:00:00,76.57818181818182,63.49,56.96,26.74
2020-11-13 09:00:00,74.7218181818182,65.73,56.44,27.48
2020-11-13 10:00:00,66.817,48.0,53.74,28.47
2020-11-13 11:00:00,56.67,73.0,54.14,29.23
2020-11-13 12:00:00,49.884,73.0,59.0,30.1
2020-11-13 13:00:00,36.972,76.87,59.16,29.25
2020-11-13 14:00:00,31.296363636363637,41.92,65.58,28.66
2020-11-13 15:00:00,28.15909090909091,37.0,66.8,28.51
2020-11-13 16:00:00,32.59166666666666,90.766,65.02,28.32
2020-11-13 17:00:00,48.0,53.0,71.45,27.23
2020-11-13 18:00:00,47.446666666666665,132.24900000000002,75.13,26.75
2020-11-13 19:00:00,54.27916666666667,129.342,73.14,26.75
2020-11-13 20:00:00,64.75666666666666,134.55299999999997,71.6,26.66
2020-11-13 21:00:00,67.42454545454547,135.88777777777779,71.76,26.63
2020-11-13 22:00:00,59.470000000000006,117.20222222222225,69.4,25.94
2020-11-13 23:00:00,63.74272727272727,149.64375,75.86111111111111,27.105454545454542
2020-11-14 00:00:00,72.57999999999998,168.18333333333334,68.33,26.16
2020-11-14 01:00:00,67.69444444444444,166.41888888888892,66.66,25.75
2020-11-14 02:00:00,76.17,157.3775,63.89,25.37
2020-11-14 03:00:00,64.23888888888888,130.97625,65.73,24.88
2020-11-14 04:00:00,56.49250000000001,105.00125,69.16,24.76
2020-11-14 05:00:00,56.59375,107.04999999999998,74.65,24.66
2020-11-14 06:00:00,64.63375,115.79714285714286,79.93,24.31
2020-11-14 07:00:00,75.44555555555554,131.95000000000002,78.56,24.8
2020-11-14 08:00:00,73.92299999999999,130.13125,76.07,25.09
2020-11-14 09:00:00,69.35888888888888,126.91571428571429,73.19,26.22
2020-11-14 10:00:00,54.17454545454545,105.45222222222223,73.49,26.56
2020-11-14 11:00:00,39.47,85.037,62.64,29.03
2020-11-14 12:00:00,26.939,67.67888888888889,56.85,30.52
2020-11-14 13:00:00,25.142000000000003,57.94,47.3,33.4
2020-11-14 14:00:00,27.0,33.56,56.18,31.59
2020-11-14 15:00:00,29.45,43.0,63.03,30.34
2020-11-14 16:00:00,26.89181818181818,62.76300000000001,71.35,28.32
2020-11-14 17:00:00,26.250909090909094,65.83699999999999,77.24,27.2
2020-11-14 18:00:00,36.00909090909091,72.155,79.79,26.85
2020-11-14 19:00:00,37.48818181818182,76.72222222222223,77.7,26.82
2020-11-14 20:00:00,55.965999999999994,96.95125,77.98,26.73
2020-11-14 21:00:00,101.07700000000001,165.00333333333333,72.47,26.82
2020-11-14 22:00:00,136.63333333333333,216.76375000000002,74.69,26.79
2020-11-14 23:00:00,163.91699999999997,201.315,81.6,27.7675
2020-11-15 00:00:00,174.719,257.8375,75.0,26.02
2020-11-15 01:00:00,136.61700000000002,186.91222222222223,77.95,25.45
2020-11-15 02:00:00,138.93800000000002,175.72625,79.94,25.34
2020-11-15 03:00:00,123.78545454545453,155.3477777777778,80.53,25.22
2020-11-15 04:00:00,105.848,149.1575,82.1,25.34
2020-11-15 05:00:00,88.88545454545455,152.65249999999997,85.89,24.92
2020-11-15 06:00:00,92.33200000000001,145.9325,88.28666666666669,25.871818181818185
2020-11-15 07:00:00,86.79,153.48714285714283,75.6,27.21
2020-11-15 08:00:00,74.718,131.41714285714286,77.24,26.5
2020-11-15 09:00:00,70.20500000000001,121.37571428571428,78.26,26.44
2020-11-15 10:00:00,53.17249999999999,95.92555555555555,77.62,26.67
2020-11-15 11:00:00,48.47750000000001,88.19222222222223,65.72,28.23
2020-11-15 12:00:00,44.38181818181818,90.92777777777779,61.92,29.03
2020-11-15 13:00:00,42.72454545454545,84.52444444444444,68.8,29.41
2020-11-15 14:00:00,43.151666666666664,90.342,75.49,28.2
2020-11-15 15:00:00,41.725,86.699,77.08,27.97
2020-11-15 16:00:00,42.306666666666665,87.684,78.55,27.62
2020-11-15 17:00:00,43.70363636363636,90.23666666666666,81.84,27.09
2020-11-15 18:00:00,53.893636363636354,107.67333333333335,84.03,26.42
2020-11-15 19:00:00,56.78636363636363,112.08333333333333,82.52,26.52
2020-11-15 20:00:00,82.50636363636364,145.0511111111111,79.63,26.62
2020-11-15 21:00:00,101.73727272727272,170.01666666666668,77.07,26.8
2020-11-15 22:00:00,105.98545454545456,180.65333333333334,71.71,27.04
2020-11-15 23:00:00,115.55727272727273,197.63,78.549,28.215
2020-11-16 00:00:00,88.93454545454546,149.95888888888888,80.06,26.16
2020-11-16 01:00:00,63.503,104.71700000000001,69.1,26.59
2020-11-16 02:00:00,63.224000000000004,105.09222222222222,65.41,26.75
2020-11-16 03:00:00,67.14636363636363,110.70555555555556,71.23,26.04
2020-11-16 04:00:00,69.18272727272728,114.67555555555555,80.87,25.56
2020-11-16 05:00:00,62.01,103.71333333333332,74.63,25.62
2020-11-16 06:00:00,58.63999999999999,99.52000000000001,74.57,25.29
2020-11-16 07:00:00,62.907272727272726,109.34444444444445,75.22,25.54
2020-11-16 08:00:00,70.12272727272727,130.19222222222226,68.58,27.99
2020-11-16 09:00:00,72.24909090909092,129.74222222222224,67.71,27.88
2020-11-16 10:00:00,64.37416666666668,112.73400000000001,67.37,28.07
2020-11-16 11:00:00,56.00416666666666,104.643,59.21,29.85
2020-11-16 12:00:00,44.49181818181818,131.98444444444442,53.66,30.6
2020-11-16 13:00:00,39.10142857142857,84.94666666666666,51.036,36.4475
2020-11-16 14:00:00,36.8175,76.25222222222222,65.7,29.39
2020-11-16 15:00:00,39.225833333333334,82.20599999999999,73.28,28.41
2020-11-16 16:00:00,73.0,84.53444444444443,65.39444444444445,34.34090909090909
2020-11-16 17:00:00,55.6109090909091,114.22999999999999,81.12,27.05
2020-11-16 18:00:00,70.51666666666667,134.421,81.71,26.82
2020-11-16 19:00:00,71.29750000000001,131.18,81.65,26.79
2020-11-16 20:00:00,88.06166666666665,162.05666666666667,79.24,26.84
2020-11-16 21:00:00,103.39250000000003,184.03333333333336,78.13,26.84
2020-11-16 22:00:00,118.0,192.98444444444442,78.56,26.53
2020-11-16 23:00:00,116.15454545454546,202.41777777777776,82.14,26.0
2020-11-17 00:00:00,120.71,216.14,82.14,25.81
2020-11-17 01:00:00,89.526,190.92222222222222,83.51,25.66
2020-11-17 02:00:00,95.64000000000001,176.14111111111112,84.87,25.38
2020-11-17 03:00:00,83.38900000000001,144.51777777777775,74.13,25.96
2020-11-17 04:00:00,76.576,133.13222222222223,74.66,25.88
2020-11-17 05:00:00,66.57,117.85666666666667,74.34,25.59
2020-11-17 06:00:00,61.847,113.2088888888889,73.09,25.43
2020-11-17 07:00:00,57.404999999999994,113.08333333333333,67.27,27.31
2020-11-17 08:00:00,56.452,108.25800000000001,63.19,28.49
2020-11-17 09:00:00,56.312,111.204,64.27,28.05
2020-11-17 10:00:00,52.213,108.94800000000001,59.004,33.83416666666667
2020-11-17 11:00:00,49.209,104.227,58.96,30.68
2020-11-17 12:00:00,66.06,82.73,55.38,31.05
2020-11-17 13:00:00,66.0,85.0,67.28,29.8
2020-11-17 14:00:00,40.0,57.0,74.78,28.58
2020-11-17 15:00:00,40.97,64.78,75.33,28.22
2020-11-17 16:00:00,51.66,71.78,75.81,27.83
2020-11-17 17:00:00,52.0,71.0,78.82,26.89
2020-11-17 18:00:00,61.0,82.0,80.73,26.62
2020-11-17 19:00:00,60.03,82.0,80.72,26.61
2020-11-17 20:00:00,51.6,82.94,82.81,26.51
2020-11-17 21:00:00,46.3,72.61,79.58,26.67
2020-11-17 22:00:00,53.76,81.69,77.23,26.74
2020-11-17 23:00:00,55.94,85.88,79.59,26.12
2020-11-18 00:00:00,48.22,94.72,82.02,26.09
2020-11-18 01:00:00,60.6,107.57,85.78,25.84
2020-11-18 02:00:00,72.6,121.57,88.37,25.42
2020-11-18 03:00:00,60.86,108.85,88.94,25.21
2020-11-18 04:00:00,65.33,108.88,82.51,25.5
2020-11-18 05:00:00,67.25500000000001,131.65666666666667,82.53,26.350833333333338
2020-11-18 06:00:00,67.469,133.96444444444444,82.465,26.077500000000004
2020-11-18 07:00:00,72.71300000000001,142.58333333333334,79.61,26.574166666666667
2020-11-18 08:00:00,76.41900000000001,150.18444444444444,73.365,28.48166666666667
2020-11-18 09:00:00,47.0,86.0,67.57700000000001,30.633333333333336
2020-11-18 10:00:00,57.66,94.72,67.73,27.45
2020-11-18 11:00:00,55.19,94.06,64.83,28.67
2020-11-18 12:00:00,55.0,94.0,62.72,30.91
2020-11-18 13:00:00,54.0,103.0,59.46,32.12
2020-11-18 14:00:00,49.34,87.04,65.16,29.81
2020-11-18 15:00:00,44.3,86.0,72.16,27.99
2020-11-18 16:00:00,41.2,82.25,67.637,32.68833333333333
2020-11-18 17:00:00,39.07,75.22,75.66,27.04
2020-11-18 18:00:00,58.83083333333334,127.18700000000001,77.332,29.818333333333328
2020-11-18 19:00:00,36.91,69.03,83.69,26.09
2020-11-18 20:00:00,38.88,66.19,80.97,26.18
2020-11-18 21:00:00,63.51636363636363,124.52111111111111,81.025,28.417500000000004
2020-11-18 22:00:00,44.91,68.12,74.85,26.43
2020-11-18 23:00:00,40.15,83.51,76.82,26.55
2020-11-19 00:00:00,55.0,87.0,77.01,26.27
2020-11-19 01:00:00,54.03,91.86,75.54,26.2
2020-11-19 02:00:00,50.0,96.0,74.28,26.01
2020-11-19 03:00:00,50.0,99.88,75.3,25.71
2020-11-19 04:00:00,51.88,108.45,74.53,25.62
2020-11-19 05:00:00,52.0,109.0,74.42,25.58
2020-11-19 06:00:00,50.0,108.0,82.56699999999998,26.909999999999997
2020-11-19 07:00:00,54.7,110.84,73.2,26.56
2020-11-19 08:00:00,58.87,116.82,71.47,27.84
2020-11-19 09:00:00,43.0,84.0,68.59,28.01
2020-11-19 10:00:00,53.33,98.09,68.0,28.73
2020-11-19 11:00:00,40.43,83.44,66.98,28.9
2020-11-19 12:00:00,35.3,74.55,67.71,28.53
2020-11-19 13:00:00,36.94,87.0,63.13199999999999,34.22
2020-11-19 14:00:00,41.0,116.98125,66.17571428571429,34.038888888888884
2020-11-19 15:00:00,50.0,70.0,71.39,27.08
2020-11-19 16:00:00,41.0,71.0,72.04,26.59
2020-11-19 17:00:00,47.78,58.4,71.03,26.27
2020-11-19 18:00:00,35.8,54.25,72.36,25.99
2020-11-19 19:00:00,41.0,56.0,73.77,25.95
2020-11-19 20:00:00,33.45,63.55,72.73600000000002,28.287500000000005
2020-11-19 21:00:00,48.0,81.0,69.7,25.62
2020-11-19 22:00:00,48.0,83.84,70.52,25.42
2020-11-19 23:00:00,55.47,86.81,69.84,25.19
2020-11-20 00:00:00,53.0,86.0,71.39,25.13
2020-11-20 01:00:00,54.94,94.72,68.11,25.27
2020-11-20 02:00:00,66.63,109.54,59.56,25.55
2020-11-20 03:00:00,36.95,76.07,69.07,24.86
2020-11-20 04:00:00,34.12,75.0,71.06,24.76
2020-11-20 05:00:00,34.0,64.0,70.52,24.63
2020-11-20 06:00:00,44.0,77.0,66.26,24.55
2020-11-20 07:00:00,44.0,75.12,63.06,25.12
2020-11-20 08:00:00,48.0,84.0,57.2,26.53
2020-11-20 09:00:00,52.0,87.0,62.66,26.07
2020-11-20 10:00:00,52.94,89.81,65.76,26.46
2020-11-20 11:00:00,53.0,90.0,62.01,28.39
2020-11-20 12:00:00,38.0,67.0,63.76,28.25
2020-11-20 13:00:00,50.6,69.91,64.1,28.02
2020-11-20 14:00:00,39.0,60.0,67.6,27.71
2020-11-20 15:00:00,33.18,59.03,66.35,27.64
2020-11-20 16:00:00,37.72,58.06,66.43,27.36
2020-11-20 17:00:00,27.67,50.4,71.16,26.45
2020-11-20 18:00:00,39.6,65.51,71.08,26.27
2020-11-20 19:00:00,39.03,58.22,71.91,26.1
2020-11-20 20:00:00,38.06,70.2,75.4,25.82
2020-11-20 21:00:00,41.0,80.0,71.86,25.66
2020-11-20 22:00:00,59.42,93.57,74.08,25.22
2020-11-20 23:00:00,57.0,110.0,75.56,24.79
2020-11-21 00:00:00,54.0,101.0,80.171,25.664166666666663
2020-11-21 01:00:00,54.0,98.0,76.82,24.31
2020-11-21 02:00:00,52.06,97.03,75.75,24.34
2020-11-21 03:00:00,55.88,96.03,73.59,24.21
2020-11-21 04:00:00,44.37,78.55,72.18,23.73
2020-11-21 05:00:00,37.22,70.25,68.15,23.89
2020-11-21 06:00:00,33.12,67.08,69.75,23.79
2020-11-21 07:00:00,33.97,76.69,80.94200000000001,24.055833333333336
2020-11-21 08:00:00,47.57,80.88,60.63,27.15
2020-11-21 09:00:00,47.0,85.0,57.79,27.93
2020-11-21 10:00:00,42.15,82.09,59.43,28.18
2020-11-21 11:00:00,42.0,82.0,59.07,29.36
2020-11-21 12:00:00,57.0,137.83428571428573,57.958888888888886,34.094545454545454
2020-11-21 13:00:00,42.46,72.18,60.815,34.25142857142857
2020-11-21 14:00:00,36.36,116.03833333333334,59.36000000000001,34.21
2020-11-21 15:00:00,38.0,62.0,62.56666666666666,34.25714285714285
2020-11-21 16:00:00,45.76,67.63,64.30714285714286,33.2325
2020-11-21 17:00:00,34.59,116.97142857142856,72.25166666666665,31.29571428571429
2020-11-21 18:00:00,29.0,64.0,82.55,25.25
2020-11-21 19:00:00,27.06,63.03,82.98,25.13
2020-11-21 20:00:00,36.0,69.0,81.86,25.12
2020-11-21 21:00:00,37.94,76.75,81.6,24.98
2020-11-21 22:00:00,34.12,72.15,82.2,24.9
2020-11-21 23:00:00,28.37,64.49,83.26,24.71
2020-11-22 00:00:00,31.88,58.18,81.88,24.51
2020-11-22 01:00:00,30.11,60.84,78.55,24.39
2020-11-22 02:00:00,38.73,69.72,77.28,24.32
2020-11-22 03:00:00,61.0,97.0,87.35777777777778,23.96272727272727
2020-11-22 04:00:00,62.88,97.0,80.02,23.83
2020-11-22 05:00:00,77.09,102.66,81.35,23.68
2020-11-22 06:00:00,75.0,112.0,79.89,23.63
2020-11-22 07:00:00,66.55,118.61,77.21,24.77
2020-11-22 08:00:00,52.43,120.94,69.61,26.77
2020-11-22 09:00:00,57.83,121.97,68.46,26.42
2020-11-22 10:00:00,54.11,122.94,67.68,26.65
2020-11-22 11:00:00,45.55,105.06,59.16,29.51
2020-11-22 12:00:00,41.13,96.25,63.73,29.65
2020-11-22 13:00:00,41.0,115.44,71.54,27.55
2020-11-22 14:00:00,39.06,97.58,73.47,26.93
2020-11-22 15:00:00,34.0,90.0,74.26,26.73
2020-11-22 16:00:00,45.27,108.78,66.54499999999999,32.18666666666667
2020-11-22 17:00:00,33.86,91.22,75.8,26.12
2020-11-22 18:00:00,30.09,77.36,80.23,25.53
2020-11-22 19:00:00,39.0,80.0,81.25,25.25
2020-11-22 20:00:00,23.98,70.56,79.69,25.12
2020-11-22 21:00:00,27.0,74.0,81.502,26.150000000000002
2020-11-22 22:00:00,29.9,73.03,76.4,24.39
2020-11-22 23:00:00,31.94,82.72,82.5,23.93
2020-11-23 00:00:00,35.88,96.57,83.34,23.56
2020-11-23 01:00:00,34.07,95.06,84.94,23.58
2020-11-23 02:00:00,41.51,101.61,85.53,23.38
2020-11-23 03:00:00,44.91,113.67,78.63,23.32
2020-11-23 04:00:00,53.73,126.6,79.88,23.21
2020-11-23 05:00:00,48.36,118.54,81.6,23.3
2020-11-23 06:00:00,51.0,119.0,78.93,22.99
2020-11-23 07:00:00,50.03,119.0,77.72,23.69
2020-11-23 08:00:00,44.0,110.0,76.63,25.06
2020-11-23 09:00:00,50.78,104.18,74.48,25.31
2020-11-23 10:00:00,61.7,122.47,71.42,25.81
2020-11-23 11:00:00,71.0,128.0,64.09,28.63
2020-11-23 12:00:00,61.0,126.0,64.82,28.55
2020-11-23 13:00:00,37.0,86.0,46.09,29.6
2020-11-23 14:00:00,12.0,38.0,39.01,29.63
2020-11-23 15:00:00,9.16,21.95,41.35,28.7
2020-11-23 16:00:00,12.78,20.06,46.34,27.83
2020-11-23 17:00:00,12.03,25.83,49.39,26.97
2020-11-23 18:00:00,12.0,22.0,56.96,26.27
2020-11-23 19:00:00,14.0,32.0,61.12,25.91
2020-11-23 20:00:00,17.89,48.58,65.47,25.55
2020-11-23 21:00:00,17.0,48.0,69.22,25.27
2020-11-23 22:00:00,23.57,56.5,66.98,25.09
2020-11-23 23:00:00,23.03,58.95,67.09,24.95
2020-11-24 00:00:00,29.0,69.0,70.15,24.06
2020-11-24 01:00:00,35.0,72.0,73.52,24.2
2020-11-24 02:00:00,47.2,77.66,76.6,23.91
2020-11-24 03:00:00,47.03,100.31,72.72,23.77
2020-11-24 04:00:00,42.14,99.06,73.36,23.7
2020-11-24 05:00:00,41.03,93.17,76.15,23.65
2020-11-24 06:00:00,39.06,96.89,83.154,22.904166666666665
2020-11-24 07:00:00,39.97,88.25,66.54,24.41
2020-11-24 08:00:00,44.0,94.0,64.32,25.43
2020-11-24 09:00:00,62.78,116.66,67.91,24.74
2020-11-24 10:00:00,64.94,112.34,67.09,25.22
2020-11-24 11:00:00,72.0,118.0,60.09,27.21
2020-11-24 12:00:00,38.95,93.69,49.098,33.42666666666667
2020-11-24 13:00:00,33.15,77.49,53.91,28.25
2020-11-24 14:00:00,28.0,72.0,54.11,27.29
2020-11-24 15:00:00,32.85,72.0,64.34,26.73
2020-11-24 16:00:00,34.88,85.16,64.09,26.5
2020-11-24 17:00:00,33.0,91.0,67.99,25.93
2020-11-24 18:00:00,37.0,78.0,65.10454545454544,28.57583333333334
2020-11-24 19:00:00,36.03,90.64,77.03,25.37
2020-11-24 20:00:00,36.0,86.14,79.53,25.13
2020-11-24 21:00:00,85.643,216.46,72.43545454545455,27.003333333333334
2020-11-24 22:00:00,60.58,122.56,76.89,24.9
2020-11-24 23:00:00,56.15,125.91,76.62,24.77
2020-11-25 00:00:00,56.0,123.0,78.98,24.71
2020-11-25 01:00:00,57.94,118.14,80.36,24.44
2020-11-25 02:00:00,93.91399999999999,211.343,78.50090909090909,25.223333333333333
2020-11-25 03:00:00,47.22,104.84,82.6,24.01
2020-11-25 04:00:00,46.06,108.78,82.91,23.93
2020-11-25 05:00:00,55.7,120.67,82.66,24.25
2020-11-25 06:00:00,67.67,143.36,79.03,24.45
2020-11-25 07:00:00,68.97,135.25,75.93,24.45
2020-11-25 08:00:00,83.5,148.58,71.12,26.38
2020-11-25 09:00:00,99.11,151.83,76.26,25.45
2020-11-25 10:00:00,126.0,163.0,74.04,26.21
2020-11-25 11:00:00,110.04,152.61,71.95,27.12
2020-11-25 12:00:00,92.47,123.81,63.95,28.98
2020-11-25 13:00:00,74.16,123.94,66.67,28.35
2020-11-25 14:00:00,64.28,122.06,70.58,27.55
2020-11-25 15:00:00,69.0,142.0,75.76,26.57
2020-11-25 16:00:00,78.69,154.64,74.81,26.39
2020-11-25 17:00:00,67.73,126.67,68.59,26.16
2020-11-25 18:00:00,58.5,102.2,70.77,25.9
2020-11-25 19:00:00,54.12,92.25,77.39,25.63
2020-11-25 20:00:00,65.0,105.0,73.45363636363636,27.075833333333332
2020-11-25 21:00:00,67.0,119.0,85.14,24.95
2020-11-25 22:00:00,70.0,138.0,82.25,24.66
2020-11-25 23:00:00,74.86,146.75,73.03,24.69
2020-11-26 00:00:00,82.78,139.25,74.0,24.21
2020-11-26 01:00:00,82.03,139.0,79.61,24.19
2020-11-26 02:00:00,85.75,147.0,79.97,24.25
2020-11-26 03:00:00,62.39,118.72,74.84,24.19
2020-11-26 04:00:00,68.75,126.75,78.5,23.62
2020-11-26 05:00:00,112.44,146.0,78.59,23.35
2020-11-26 06:00:00,100.42,142.14,77.16,23.02
2020-11-26 07:00:00,80.61,136.17,75.04,23.72
2020-11-26 08:00:00,85.0,140.0,70.55,25.65
2020-11-26 09:00:00,73.0,136.0,68.64,25.9
2020-11-26 10:00:00,74.94,124.33,56.54636363636364,31.070000000000004
2020-11-26 11:00:00,76.0,130.0,55.32,27.11
2020-11-26 12:00:00,70.17,111.53,45.68,28.41
2020-11-26 13:00:00,55.45,93.48,62.36,28.73
2020-11-26 14:00:00,60.83,100.78,66.06,28.08
2020-11-26 15:00:00,49.66,89.66,67.59,27.29
2020-11-26 16:00:00,70.8025,149.82,60.74090909090909,32.12
2020-11-26 17:00:00,68.75,99.94,77.5,25.56
2020-11-26 18:00:00,74.82,110.69,78.8,25.35
2020-11-26 19:00:00,70.14,105.17,77.31,25.5
2020-11-26 20:00:00,112.43727272727274,220.737,73.68454545454546,27.53
2020-11-26 21:00:00,83.33,123.16,71.34,25.16
2020-11-26 22:00:00,85.94,124.97,70.47,24.85
2020-11-26 23:00:00,91.66,129.72,67.88,24.77
2020-11-27 00:00:00,89.0,124.0,64.22,24.98
2020-11-27 01:00:00,70.58,107.47,57.92,24.87
2020-11-27 02:00:00,70.97,99.22,56.61,24.66
2020-11-27 03:00:00,60.66,103.73,53.23,24.69
2020-11-27 04:00:00,55.15,98.17,54.19,24.69
2020-11-27 05:00:00,55.97,98.0,52.14,25.0
2020-11-27 06:00:00,49.22,83.42,53.27,24.92
2020-11-27 07:00:00,46.08,77.15,56.83,24.87
2020-11-27 08:00:00,49.88,77.0,57.71,25.34
2020-11-27 09:00:00,49.0,74.0,54.84,26.12
2020-11-27 10:00:00,49.0,72.1,50.0,26.86
2020-11-27 11:00:00,64.56,70.05,45.89,28.39
2020-11-27 12:00:00,44.58,59.3,45.0,29.19
2020-11-27 13:00:00,40.25,59.0,42.75,29.71
2020-11-27 14:00:00,27.0,48.0,43.83,29.9
2020-11-27 15:00:00,27.95,43.28,41.67,30.18
2020-11-27 16:00:00,32.0,46.0,72.96,26.28
2020-11-27 17:00:00,51.39,67.39,74.11,26.05
2020-11-27 18:00:00,51.0,75.0,62.55,26.91
2020-11-27 19:00:00,77.0,148.04375,43.91,27.97
2020-11-27 20:00:00,74.0,85.0,41.99,27.5
2020-11-27 21:00:00,73.06,79.34,43.5,26.91
2020-11-27 22:00:00,62.33,79.0,46.7,26.16
2020-11-27 23:00:00,61.0,79.0,46.7,25.59
2020-11-28 00:00:00,59.12,89.0,46.21,25.3
2020-11-28 01:00:00,57.05,89.97,47.98,24.87
2020-11-28 02:00:00,60.0,97.0,49.41,24.52
2020-11-28 03:00:00,59.03,100.89,48.44,24.36
2020-11-28 04:00:00,60.89,101.94,48.52,24.34
2020-11-28 05:00:00,56.0,101.0,50.54,24.01
2020-11-28 06:00:00,54.05,97.1,52.47,23.9
2020-11-28 07:00:00,50.2,92.25,54.8,23.98
2020-11-28 08:00:00,50.0,89.08,55.89,24.93
2020-11-28 09:00:00,43.0,79.0,54.85,25.38
2020-11-28 10:00:00,39.12,75.11,50.38,26.88
2020-11-28 11:00:00,36.16,66.45,49.46,27.09
2020-11-28 12:00:00,38.84,52.7,48.78,27.67
2020-11-28 13:00:00,28.34,38.39,53.86,28.3
2020-11-28 14:00:00,28.0,41.89,58.23,27.4
2020-11-28 15:00:00,32.86,41.02,63.64,26.64
2020-11-28 16:00:00,25.22,41.0,77.69,25.4
2020-11-28 17:00:00,35.0,56.0,77.88,25.37
2020-11-28 18:00:00,43.45,69.22,67.90875,28.79222222222222
2020-11-28 19:00:00,41.0,74.0,79.5,25.52
2020-11-28 20:00:00,46.64,74.94,79.95,25.64
2020-11-28 21:00:00,63.0,83.1,73.66,25.9
2020-11-28 22:00:00,30.88,54.75,74.74,25.71
2020-11-28 23:00:00,29.0,46.0,76.45,25.5
2020-11-29 00:00:00,28.03,41.14,73.4,25.67
2020-11-29 01:00:00,23.0,42.0,67.99,25.81
2020-11-29 02:00:00,23.0,36.27,68.0,25.82
2020-11-29 03:00:00,18.0,36.0,69.69,25.34
2020-11-29 04:00:00,20.84,38.85,72.77749999999999,25.85125
2020-11-29 05:00:00,22.95,43.86,72.06,24.88
2020-11-29 06:00:00,23.0,45.78,73.0,24.77
2020-11-29 07:00:00,30.78,45.03,70.12,25.41
2020-11-29 08:00:00,30.05,49.72,65.78,26.59
2020-11-29 09:00:00,30.0,56.0,68.95,26.0
2020-11-29 10:00:00,26.22,51.28,68.03,26.32
2020-11-29 11:00:00,26.0,43.45,67.7,26.86
2020-11-29 12:00:00,22.12,42.02,51.78,30.29
2020-11-29 13:00:00,17.0,36.0,49.92,31.46
2020-11-29 14:00:00,22.82,39.9,52.01,30.78
2020-11-29 15:00:00,17.0,29.0,63.16,28.62
2020-11-29 16:00:00,21.0,33.0,67.92,27.51
2020-11-29 17:00:00,17.11,34.95,73.89,26.48
2020-11-29 18:00:00,17.97,36.95,78.09,25.71
2020-11-29 19:00:00,19.88,37.95,79.05,25.62
2020-11-29 20:00:00,24.72,40.86,77.14,25.67
2020-11-29 21:00:00,27.91,41.98,71.17,25.84
2020-11-29 22:00:00,32.0,51.0,69.99,25.7
2020-11-29 23:00:00,40.73,54.91,68.94,25.63
2020-11-30 00:00:00,41.97,68.61,68.08,25.52
2020-11-30 01:00:00,40.0,58.0,73.0,24.8
2020-11-30 02:00:00,42.92,64.81,75.78,24.77
2020-11-30 03:00:00,56.61,82.55,74.11,24.81
2020-11-30 04:00:00,50.2,83.0,73.13,24.19
2020-11-30 05:00:00,45.0,75.0,75.75,23.87
2020-11-30 06:00:00,68.33,84.75,74.03,24.1
2020-11-30 07:00:00,48.34,79.34,72.25,24.68
2020-11-30 08:00:00,48.95,91.67,70.27,26.5
2020-11-30 09:00:00,57.0,90.0,62.65333333333333,30.161666666666665
2020-11-30 10:00:00,57.0,92.0,56.25857142857143,32.04857142857143
2020-11-30 11:00:00,60.89,92.97,61.16,28.77
2020-11-30 12:00:00,65.86,91.0,52.715,34.00777777777777
2020-11-30 13:00:00,76.0,106.0,64.13,29.59
2020-11-30 14:00:00,51.45,84.15,69.88,27.93
2020-11-30 15:00:00,44.34,67.71,74.26,27.01
2020-11-30 16:00:00,48.0,74.0,79.56,26.47
2020-11-30 17:00:00,48.0,77.78,79.79,26.32
2020-11-30 18:00:00,44.0,70.0,71.37666666666667,28.807142857142853
2020-11-30 19:00:00,47.89,72.92,82.58,25.85
2020-11-30 20:00:00,51.89,77.88,77.74,26.1
2020-11-30 21:00:00,53.0,69.0,76.94,26.19
2020-11-30 22:00:00,44.0,63.0,76.9,25.66
2020-11-30 23:00:00,43.0,68.0,77.37333333333333,26.69857142857143
2020-12-01 00:00:00,43.95,73.7,85.55,25.33
2020-12-01 01:00:00,52.0,86.0,84.89,25.13
2020-12-01 02:00:00,44.45,83.15,85.25,25.26
2020-12-01 03:00:00,50.8,83.0,86.66,25.08
2020-12-01 04:00:00,48.08,73.25,82.21,25.17
2020-12-01 05:00:00,52.72,79.61,79.5,25.23
2020-12-01 06:00:00,82.0,88.0,78.74,24.98
2020-12-01 07:00:00,77.14,90.92,76.77,25.29
2020-12-01 08:00:00,60.0,89.1,77.73,25.73
2020-12-01 09:00:00,72.61,92.9,74.13,26.52
2020-12-01 10:00:00,76.88,110.55,75.64,26.54
2020-12-01 11:00:00,77.0,103.2,73.56,27.4
2020-12-01 12:00:00,84.56,99.2,63.71,29.48
2020-12-01 13:00:00,75.0,98.0,52.138999999999996,35.488181818181815
2020-12-01 14:00:00,63.0,88.0,61.09,32.06
2020-12-01 15:00:00,62.0,83.0,69.57,29.75
2020-12-01 16:00:00,57.14,90.8,79.98,27.28
2020-12-01 17:00:00,66.0,106.0,83.09,26.44
2020-12-01 18:00:00,55.0,78.0,81.88,26.2
2020-12-01 19:00:00,62.0,81.0,72.44888888888889,29.115
2020-12-01 20:00:00,52.0,71.0,72.36,26.69
2020-12-01 21:00:00,43.25,67.11,72.33,26.71
2020-12-01 22:00:00,40.16,60.39,76.36,26.27
2020-12-01 23:00:00,41.95,65.85,76.56,26.07
2020-12-02 00:00:00,51.0,62.0,79.38,25.54
2020-12-02 01:00:00,48.37,75.33,79.99,25.5
2020-12-02 02:00:00,47.03,76.03,85.04,25.05
2020-12-02 03:00:00,51.86,87.7,87.59,24.8
2020-12-02 04:00:00,63.0,90.0,86.57,24.67
2020-12-02 05:00:00,64.89,94.75,83.41,24.72
2020-12-02 06:00:00,96.0,104.0,82.02,24.45
2020-12-02 07:00:00,85.61,123.0,84.79,24.29
2020-12-02 08:00:00,109.0,119.0,77.71000000000001,27.889090909090907
2020-12-02 09:00:00,114.0,133.0,78.92,26.16
2020-12-02 10:00:00,94.56,126.19,72.72,26.95
2020-12-02 11:00:00,92.06,122.1,63.53,28.07
2020-12-02 12:00:00,90.0,110.0,63.05,28.65
2020-12-02 13:00:00,97.78,114.88,59.58,29.61
2020-12-02 14:00:00,80.06,102.65,61.67,30.59
2020-12-02 15:00:00,83.72,117.2,73.83,27.6
2020-12-02 16:00:00,84.97,114.1,76.5,26.99
2020-12-02 17:00:00,62.69,85.77,77.35,26.5
2020-12-02 18:00:00,60.11,79.3,72.74,29.451666666666664
2020-12-02 19:00:00,60.98,80.95,79.24,25.74
2020-12-02 20:00:00,46.42,69.27,80.95,25.5
2020-12-02 21:00:00,51.83,73.88,79.89,25.43
2020-12-02 22:00:00,55.0,81.0,79.61,26.60909090909091
2020-12-02 23:00:00,59.72,84.8,79.897,26.272727272727273
2020-12-03 00:00:00,59.0,87.0,80.92,24.71
2020-12-03 01:00:00,68.0,101.0,86.96,24.27
2020-12-03 02:00:00,80.0,103.0,80.5,24.33
2020-12-03 03:00:00,73.991,142.33857142857144,73.35,24.58
2020-12-03 04:00:00,89.0,101.0,79.29,23.89
2020-12-03 05:00:00,75.29222222222222,140.33285714285714,79.11,23.79
2020-12-03 06:00:00,75.6222222222222,147.88857142857142,78.44,23.78
2020-12-03 07:00:00,93.16,104.16,74.34181818181817,24.109166666666667
2020-12-03 08:00:00,106.0,107.0,70.43,24.51
2020-12-03 09:00:00,70.11,85.15,68.82,24.96
2020-12-03 10:00:00,47.58,75.22,62.98,25.77
2020-12-03 11:00:00,49.0,72.0,57.74,27.07
2020-12-03 12:00:00,52.0,72.0,44.510000000000005,34.950909090909086
2020-12-03 13:00:00,47.0,68.0,48.56,28.98
2020-12-03 14:00:00,47.95,68.95,53.15,29.27
2020-12-03 15:00:00,51.0,64.0,60.67,27.98
2020-12-03 16:00:00,62.0,70.0,62.71,27.52
2020-12-03 17:00:00,48.39,59.24,68.23,26.71
2020-12-03 18:00:00,40.22,59.98,71.24,25.88
2020-12-03 19:00:00,42.92,63.9,74.73,25.59
2020-12-03 20:00:00,43.97,59.12,75.89,25.37
2020-12-03 21:00:00,58.54,79.47,68.12,25.12
2020-12-03 22:00:00,67.0,82.0,66.78,24.88
2020-12-03 23:00:00,88.476,238.86499999999998,73.335,25.494545454545456
2020-12-04 00:00:00,88.48444444444445,216.42000000000002,75.232,24.812727272727273
2020-12-04 01:00:00,81.76222222222222,187.76111111111112,76.87,24.320909090909087
2020-12-04 02:00:00,89.97,188.27222222222224,77.99699999999999,23.819999999999997
2020-12-04 03:00:00,88.97999999999999,183.19,76.05800000000002,23.730909090909087
2020-12-04 04:00:00,80.55250000000001,157.9611111111111,75.60454545454546,23.3875
2020-12-04 05:00:00,78.40555555555557,148.84500000000003,76.606,23.10727272727273
2020-12-04 06:00:00,80.0,104.0,81.88,22.56
2020-12-04 07:00:00,110.14,121.55,80.43,22.8
2020-12-04 08:00:00,140.0,184.4755555555556,72.90181818181819,25.164166666666663
2020-12-04 09:00:00,113.0,126.0,67.65,24.39
2020-12-04 10:00:00,103.0,119.0,58.7,25.86
2020-12-04 11:00:00,89.78,103.71,58.54,26.66
2020-12-04 12:00:00,98.0,104.0,61.18,27.73
2020-12-04 13:00:00,98.0,104.0,42.76,30.07
2020-12-04 14:00:00,53.41,71.83,35.02,31.0
2020-12-04 15:00:00,38.78,54.85,39.8,29.88
2020-12-04 16:00:00,42.86,54.98,52.21,27.89
2020-12-04 17:00:00,34.25,55.98,62.44,26.59
2020-12-04 18:00:00,37.89,65.75,68.68,26.0
2020-12-04 19:00:00,47.72,70.88,73.79,25.43
2020-12-04 20:00:00,56.0,84.0,75.02,24.93
2020-12-04 21:00:00,61.83,78.15,72.77,24.52
2020-12-04 22:00:00,56.0,78.0,71.79,25.0
2020-12-04 23:00:00,64.75,93.2,65.43,24.33
2020-12-05 00:00:00,74.0,102.0,82.47,23.36
2020-12-05 01:00:00,107.28125,268.0866666666667,76.38727272727273,23.185
2020-12-05 02:00:00,72.9,95.22,80.74,23.5
2020-12-05 03:00:00,82.72,95.0,76.34,23.1
2020-12-05 04:00:00,94.57727272727271,184.521,78.01,22.95
2020-12-05 05:00:00,91.52818181818182,187.30777777777777,80.59,22.57
2020-12-05 06:00:00,106.84,120.25,79.91,22.49
2020-12-05 07:00:00,96.0,124.0,73.09,22.48
2020-12-05 08:00:00,91.28,121.15,66.05,24.93
2020-12-05 09:00:00,82.11,103.0,65.84,25.11
2020-12-05 10:00:00,71.28,94.17,60.23,25.99
2020-12-05 11:00:00,74.75,96.84,48.27,27.39
2020-12-05 12:00:00,89.0,90.0,50.76,28.19
2020-12-05 13:00:00,89.97,93.8,42.96,29.98
2020-12-05 14:00:00,54.0,84.0,47.05,30.23
2020-12-05 15:00:00,65.67,86.92,48.78,29.22
2020-12-05 16:00:00,46.0,68.0,61.09,27.09
2020-12-05 17:00:00,42.0,60.0,63.36,26.71
2020-12-05 18:00:00,43.89,62.85,67.96181818181819,28.463333333333328
2020-12-05 19:00:00,47.0,57.0,73.31,25.75
2020-12-05 20:00:00,65.47,74.55,72.34,25.36
2020-12-05 21:00:00,59.2,73.05,64.83,25.35
2020-12-05 22:00:00,61.84,69.2,54.66,25.25
2020-12-05 23:00:00,61.05,79.45,76.53363636363638,24.460833333333337
2020-12-06 00:00:00,74.0,93.0,72.87,24.49
2020-12-06 01:00:00,83.72,97.87,72.62,24.03
2020-12-06 02:00:00,75.7481818181818,169.2188888888889,73.06,23.53
2020-12-06 03:00:00,97.48,103.12,70.45,23.61
2020-12-06 04:00:00,60.05,75.62,66.06,23.34
2020-12-06 05:00:00,56.16,71.2,70.64,23.07
2020-12-06 06:00:00,61.0,88.0,71.81,22.7
2020-12-06 07:00:00,54.0,84.0,73.79,22.84
2020-12-06 08:00:00,64.45,88.75,60.81,24.48
2020-12-06 09:00:00,55.55,74.0,48.00454545454545,28.86916666666667
2020-12-06 10:00:00,56.73083333333333,135.52800000000002,41.67545454545455,31.289166666666663
2020-12-06 11:00:00,69.9,85.11,51.34,26.83
2020-12-06 12:00:00,64.17,68.38,39.58,28.36
2020-12-06 13:00:00,31.82,47.98,27.7,31.06
2020-12-06 14:00:00,35.0,47.0,33.62,29.91
2020-12-06 15:00:00,31.19583333333333,80.316,36.99818181818181,35.13666666666666
2020-12-06 16:00:00,36.49583333333334,101.893,46.46454545454545,33.255833333333335
2020-12-06 17:00:00,44.6475,127.934,57.310909090909085,30.688333333333333
2020-12-06 18:00:00,51.8425,173.924,67.36818181818182,28.238333333333333
2020-12-06 19:00:00,55.81416666666667,163.003,68.60363636363637,27.076666666666668
2020-12-06 20:00:00,60.84666666666667,162.999,65.19727272727272,26.39833333333333
2020-12-06 21:00:00,73.01666666666667,181.559,64.82818181818182,25.468333333333334
2020-12-06 22:00:00,78.56166666666665,197.436,64.90181818181817,25.024166666666662
2020-12-06 23:00:00,78.30999999999999,202.464,68.61363636363636,24.304999999999996
2020-12-07 00:00:00,79.89166666666667,216.47444444444443,70.92363636363636,23.674999999999997
2020-12-07 01:00:00,82.52900000000001,217.68666666666664,72.61636363636363,23.176666666666666
2020-12-07 02:00:00,74.37166666666667,171.33200000000002,74.36818181818181,22.600000000000005
2020-12-07 03:00:00,74.81666666666666,158.6377777777778,74.85363636363637,22.129166666666663
2020-12-07 04:00:00,69.05545454545455,143.48899999999998,72.94,21.977499999999996
2020-12-07 05:00:00,75.292,158.27222222222224,71.41545454545455,21.871666666666666
2020-12-07 06:00:00,74.69,153.50666666666666,68.04454545454546,22.075833333333332
2020-12-07 07:00:00,71.075,147.86777777777777,64.27090909090909,22.6725
2020-12-07 08:00:00,63.0,92.0,61.33,24.8
2020-12-07 09:00:00,63.347500000000004,139.071,48.657272727272726,28.985000000000003
2020-12-07 10:00:00,58.54916666666667,149.478,43.149090909090916,31.393333333333334
2020-12-07 11:00:00,70.0,85.0,42.16,28.73
2020-12-07 12:00:00,53.37166666666668,144.666,38.49,29.7
2020-12-07 13:00:00,49.57999999999999,133.7511111111111,35.78,30.7
2020-12-07 14:00:00,43.285000000000004,118.14299999999999,31.71,31.32
2020-12-07 15:00:00,39.98916666666667,99.66799999999999,59.08,28.41
2020-12-07 16:00:00,57.05,63.0,62.14,27.76
2020-12-07 17:00:00,50.39,62.05,60.52,27.41
2020-12-07 18:00:00,51.95,56.12,69.19,26.36
2020-12-07 19:00:00,46.17,55.02,66.9,25.9
2020-12-07 20:00:00,38.0,54.0,60.2,25.92
2020-12-07 21:00:00,43.0,60.0,60.16,24.96
2020-12-07 22:00:00,71.0,72.0,59.47,24.87
2020-12-07 23:00:00,87.29545454545455,254.9188888888889,71.79,24.36
2020-12-08 00:00:00,61.89,81.75,80.39,23.95
2020-12-08 01:00:00,49.27,77.11,79.89,23.76
2020-12-08 02:00:00,70.72,79.85,69.34,24.05
2020-12-08 03:00:00,77.09916666666668,185.192,71.39454545454547,22.606666666666666
2020-12-08 04:00:00,72.0,96.0,63.79,23.78
2020-12-08 05:00:00,53.11,83.65,63.55,23.79
2020-12-08 06:00:00,54.0,83.0,60.23,23.91
2020-12-08 07:00:00,48.0,73.0,54.23,25.14
2020-12-08 08:00:00,35.0,65.0,48.25,26.27
2020-12-08 09:00:00,31.0,58.0,48.789090909090916,29.625000000000004
2020-12-08 10:00:00,40.0,57.0,47.01,27.91
2020-12-08 11:00:00,48.0,60.0,42.12499999999999,33.82090909090909
2020-12-08 12:00:00,52.0,57.0,47.29,29.7
2020-12-08 13:00:00,44.0,51.0,44.11,30.48
2020-12-08 14:00:00,25.0,52.0,60.93,28.73
2020-12-08 15:00:00,45.0,60.0,63.8,27.52
2020-12-08 16:00:00,37.22,51.23,68.38,26.94
2020-12-08 17:00:00,34.0,53.0,66.93,26.53
2020-12-08 18:00:00,38.72,48.25,68.29,26.12
2020-12-08 19:00:00,32.2,45.07,71.37,25.81
2020-12-08 20:00:00,28.2,39.27,68.51,25.78
2020-12-08 21:00:00,28.0,48.0,73.23,25.11
2020-12-08 22:00:00,34.0,60.0,72.5,24.92
2020-12-08 23:00:00,36.84,61.9,75.02,24.71
2020-12-09 00:00:00,35.1,60.09,76.64,24.29
2020-12-09 01:00:00,34.05,58.1,77.09,24.11
2020-12-09 02:00:00,48.0,68.0,80.22,23.83
2020-12-09 03:00:00,47.0,80.0,82.84,23.36
2020-12-09 04:00:00,46.05,74.3,75.96,23.56
2020-12-09 05:00:00,73.93833333333335,159.0666666666667,69.44,23.79
2020-12-09 06:00:00,64.28,94.12,66.95,23.85
2020-12-09 07:00:00,54.9,84.89,68.83,23.79
2020-12-09 08:00:00,41.36,69.33,74.25,24.1
2020-12-09 09:00:00,75.0,90.0,72.03,25.08
2020-12-09 10:00:00,70.28,94.75,61.22,26.54
2020-12-09 11:00:00,55.0,84.0,52.82,27.41
2020-12-09 12:00:00,56.0,67.0,55.09,27.75
2020-12-09 13:00:00,76.0,80.0,57.23,28.67
2020-12-09 14:00:00,57.0,71.4,51.64,29.45
2020-12-09 15:00:00,28.0,48.0,49.17,30.01
2020-12-09 16:00:00,24.0,37.0,53.54,29.64
2020-12-09 17:00:00,27.8,43.69,73.39,26.45
2020-12-09 18:00:00,33.0,59.0,75.79,26.2
2020-12-09 19:00:00,40.55,60.9,72.17,26.1
2020-12-09 20:00:00,35.17,55.13,66.45,26.33
2020-12-09 21:00:00,43.5,58.82,68.97,26.38
2020-12-09 22:00:00,51.79,68.8,67.99,26.28
2020-12-09 23:00:00,55.0,69.0,80.83,25.53
2020-12-10 00:00:00,37.5,55.35,77.81,25.6
2020-12-10 01:00:00,30.18,61.84,73.67,25.62
2020-12-10 02:00:00,29.02,50.27,68.17,26.11
2020-12-10 03:00:00,31.0,44.0,63.71,26.43
2020-12-10 04:00:00,28.0,41.0,77.07,25.66
2020-12-10 05:00:00,36.0,58.0,77.66,24.99
2020-12-10 06:00:00,42.0,58.0,77.81,26.384166666666673
2020-12-10 07:00:00,47.7,58.95,76.06,25.4
2020-12-10 08:00:00,61.0,69.0,61.16,27.79
2020-12-10 09:00:00,76.0,90.0,58.22,27.99
2020-12-10 10:00:00,77.89,99.56,63.25,27.55
2020-12-10 11:00:00,97.95,113.3,61.27,28.0
2020-12-10 12:00:00,69.75,98.36,62.58,29.41
2020-12-10 13:00:00,61.4,90.35,62.77,28.73
2020-12-10 14:00:00,42.11,71.84,65.84,27.54
2020-12-10 15:00:00,41.98,61.22,65.74,27.77
2020-12-10 16:00:00,46.86,66.87,78.8,26.77
2020-12-10 17:00:00,44.08,70.91,81.32,26.03
2020-12-10 18:00:00,47.89,70.02,81.82,25.76
2020-12-10 19:00:00,86.50888888888889,225.61285714285714,76.65249999999999,29.560000000000002
2020-12-10 20:00:00,51.0,69.0,82.49,25.82
2020-12-10 21:00:00,49.0,72.0,81.13,25.83
2020-12-10 22:00:00,54.85,85.69,81.98,25.75
2020-12-10 23:00:00,56.95,89.91,81.42,25.37
2020-12-11 00:00:00,50.19,76.33,80.66,25.06
2020-12-11 01:00:00,47.08,76.0,81.28,24.8
2020-12-11 02:00:00,93.338,149.22,82.01454545454546,26.94333333333333
2020-12-11 03:00:00,59.0,86.0,81.58,24.28
2020-12-11 04:00:00,59.0,90.0,81.11,24.09
2020-12-11 05:00:00,88.49999999999999,147.75777777777776,80.70727272727272,26.183333333333334
2020-12-11 06:00:00,56.0,84.0,87.11,22.91
2020-12-11 07:00:00,46.55,78.27,89.21,22.8
2020-12-11 08:00:00,54.77,92.67,87.54,22.85
2020-12-11 09:00:00,63.89,112.13,90.51,22.33
2020-12-11 10:00:00,57.42,114.0,88.94,22.97
2020-12-11 11:00:00,41.45,76.0,86.73,22.99
2020-12-11 12:00:00,45.72,79.82,83.69,23.69
2020-12-11 13:00:00,65.0,100.0,77.96,24.27
2020-12-11 14:00:00,45.44,75.7,76.14,24.55
2020-12-11 15:00:00,58.55,80.8,70.66,25.74
2020-12-11 16:00:00,51.0,71.0,73.5,25.47
2020-12-11 17:00:00,47.1,71.0,73.25,25.57
2020-12-11 18:00:00,47.0,71.0,74.38,25.21
2020-12-11 19:00:00,72.5,86.29,74.01,25.18
2020-12-11 20:00:00,93.84,105.26,77.9,24.71
2020-12-11 21:00:00,86.0,106.0,77.46,24.84
2020-12-11 22:00:00,84.05,107.96,77.54,24.97
2020-12-11 23:00:00,81.0,100.0,77.79,24.89
2020-12-12 00:00:00,71.0,95.0,80.79,24.58
2020-12-12 01:00:00,39.8,69.58,81.62,24.2
2020-12-12 02:00:00,39.98,69.98,85.98,23.44
2020-12-12 03:00:00,33.17,56.55,85.11,23.38
2020-12-12 04:00:00,31.0,61.0,85.72,23.27
2020-12-12 05:00:00,29.05,61.0,85.64,23.36
2020-12-12 06:00:00,35.0,60.0,82.2,23.59
2020-12-12 07:00:00,37.0,74.0,81.73,23.58
2020-12-12 08:00:00,41.88,73.02,86.36,23.17
2020-12-12 09:00:00,29.65,56.75,83.98,23.65
2020-12-12 10:00:00,30.0,52.0,81.12,24.07
2020-12-12 11:00:00,37.8,57.87,73.25,25.56
2020-12-12 12:00:00,58.0,82.0,72.38,26.99
2020-12-12 13:00:00,48.25,65.38,77.38,25.8
2020-12-12 14:00:00,40.0,62.0,75.91,26.06
2020-12-12 15:00:00,39.03,59.07,76.17,25.39
2020-12-12 16:00:00,36.0,55.0,78.86,24.85
2020-12-12 17:00:00,32.11,51.08,81.56,24.56
2020-12-12 18:00:00,39.0,57.0,82.87,24.41
2020-12-12 19:00:00,38.02,60.92,81.34,24.26
2020-12-12 20:00:00,39.95,71.51,79.89,24.05
2020-12-12 21:00:00,34.15,65.14,79.38,23.92
2020-12-12 22:00:00,44.73,71.86,79.23,23.98
2020-12-12 23:00:00,60.2,81.56,77.62,24.19
2020-12-13 00:00:00,73.0,97.0,74.14,24.21
2020-12-13 01:00:00,65.44,86.43,73.12,24.0
2020-12-13 02:00:00,50.42,77.2,78.23,23.54
2020-12-13 03:00:00,68.72599999999998,108.05222222222223,80.05363636363637,25.32916666666667
2020-12-13 04:00:00,44.0,79.0,78.23,23.44
2020-12-13 05:00:00,52.77,85.84,76.67,23.57
2020-12-13 06:00:00,50.08,86.0,75.27,23.53
2020-12-13 07:00:00,52.84,82.18,75.23,23.75
2020-12-13 08:00:00,54.0,75.0,84.75,22.88
2020-12-13 09:00:00,35.0,64.49,82.61,23.77
2020-12-13 10:00:00,33.02,57.13,74.92,24.59
2020-12-13 11:00:00,42.45,71.34,72.55,25.11
2020-12-13 12:00:00,36.39,55.75,71.31,25.24
2020-12-13 13:00:00,37.0,56.0,71.29,25.33
2020-12-13 14:00:00,41.5,59.64,73.68,25.65
2020-12-13 15:00:00,38.2,59.05,78.47,24.31
2020-12-13 16:00:00,30.2,45.27,80.98,23.65
2020-12-13 17:00:00,23.19,43.04,82.96,23.33
2020-12-13 18:00:00,26.9,43.0,78.4,23.6
2020-12-13 19:00:00,43.0,63.0,79.11,23.2
2020-12-13 20:00:00,38.56,71.2,79.94,23.12
2020-12-13 21:00:00,37.05,66.23,80.66,23.05
2020-12-13 22:00:00,44.8,78.71,79.81,23.3
2020-12-13 23:00:00,46.89,80.91,81.43,22.96
2020-12-14 00:00:00,72.93,124.59200000000001,82.65727272727273,24.968333333333334
2020-12-14 01:00:00,41.24,80.12,83.14,22.58
2020-12-14 02:00:00,41.0,83.91,84.98,22.59
2020-12-14 03:00:00,41.97,75.2,83.59,22.51
2020-12-14 04:00:00,31.27,74.02,83.84,22.56
2020-12-14 05:00:00,35.0,69.0,89.86,21.88
2020-12-14 06:00:00,14.53,38.6,90.94,21.82
2020-12-14 07:00:00,8.3,21.66,88.95,21.77
2020-12-14 08:00:00,3.12,22.96,95.32,20.46
2020-12-14 09:00:00,13.45,23.95,96.71,20.44
2020-12-14 10:00:00,9.0,23.0,94.18,21.51
2020-12-14 11:00:00,9.0,19.0,90.19363636363637,25.051666666666666
2020-12-14 12:00:00,13.88,34.69,87.14,22.84
2020-12-14 13:00:00,12.0,45.0,84.39,23.53
2020-12-14 14:00:00,29.5,50.87,81.87,24.04
2020-12-14 15:00:00,43.163,79.51400000000001,79.01545454545455,27.814166666666665
2020-12-14 16:00:00,34.0,59.0,76.67,25.02
2020-12-14 17:00:00,28.16,47.24,79.18,24.7
2020-12-14 18:00:00,57.25,107.8,86.16909090909093,25.823333333333334
2020-12-14 19:00:00,32.65,77.62,85.86,23.29
2020-12-14 20:00:00,21.27,65.23,86.28,23.33
2020-12-14 21:00:00,35.0,58.0,84.94,23.2
2020-12-14 22:00:00,39.88,60.94,84.8,23.06
2020-12-14 23:00:00,45.0,66.0,84.91,23.17
2020-12-15 00:00:00,47.93,75.0,87.03,23.09
2020-12-15 01:00:00,54.65,86.53,86.31,22.81
2020-12-15 02:00:00,48.0,77.0,85.57,22.84
2020-12-15 03:00:00,45.08,74.06,85.09,22.56
2020-12-15 04:00:00,44.02,76.94,86.09,22.19
2020-12-15 05:00:00,43.1,69.71,86.66,21.96
2020-12-15 06:00:00,45.85,76.69,86.4,21.84
2020-12-15 07:00:00,42.1,70.14,86.87,21.97
2020-12-15 08:00:00,47.73,81.53,82.05,23.63
2020-12-15 09:00:00,48.0,78.09,74.64,25.34
2020-12-15 10:00:00,51.0,74.0,76.23,25.39
2020-12-15 11:00:00,62.7,90.67,75.28,26.07
2020-12-15 12:00:00,38.62,66.48,74.78,26.23
2020-12-15 13:00:00,37.0,62.0,76.06,25.92
2020-12-15 14:00:00,37.98,62.98,76.6,26.0
2020-12-15 15:00:00,39.9,65.88,77.98,25.77
2020-12-15 16:00:00,47.0,80.0,82.47,24.98
2020-12-15 17:00:00,51.75,82.88,84.77,24.2
2020-12-15 18:00:00,42.0,72.0,87.41,23.64
2020-12-15 19:00:00,45.9,79.84,88.04,23.64
2020-12-15 20:00:00,46.0,81.0,84.97,23.78
2020-12-15 21:00:00,47.95,82.97,84.9,23.68
2020-12-15 22:00:00,59.0,89.0,87.07,23.36
2020-12-15 23:00:00,68.0,101.0,85.93,23.08
2020-12-16 00:00:00,60.0,91.0,88.21,22.75
2020-12-16 01:00:00,69.73,99.82,87.91,22.81
2020-12-16 02:00:00,76.0,106.0,89.28,22.52
2020-12-16 03:00:00,72.0,102.0,90.2790909090909,23.39272727272727
2020-12-16 04:00:00,70.0,99.0,85.11,22.48
2020-12-16 05:00:00,64.3,87.47,85.12,22.32
2020-12-16 06:00:00,61.15,90.84,85.66,22.18
2020-12-16 07:00:00,61.95,89.08,86.3,22.38
2020-12-16 08:00:00,59.0,95.0,85.12,22.98
2020-12-16 09:00:00,62.0,92.0,77.41,24.55
2020-12-16 10:00:00,81.0,98.0,79.74,23.84
2020-12-16 11:00:00,94.3,108.57,77.13,25.06
2020-12-16 12:00:00,56.78,88.81,74.37,26.38
2020-12-16 13:00:00,56.95,81.0,76.51,25.83
2020-12-16 14:00:00,47.25,72.17,77.2,25.77
2020-12-16 15:00:00,43.0,75.0,79.69,25.63
2020-12-16 16:00:00,54.0,83.0,83.11,24.94
2020-12-16 17:00:00,44.25,70.25,85.34,24.38
2020-12-16 18:00:00,42.1,73.84,86.28,23.94
2020-12-16 19:00:00,46.75,82.65,86.84,23.79
2020-12-16 20:00:00,51.77,72.44,86.08,23.7
2020-12-16 21:00:00,55.0,75.0,84.62,23.55
2020-12-16 22:00:00,71.0,88.0,85.96,23.33
2020-12-16 23:00:00,74.0,84.0,86.78916666666667,24.314999999999998
2020-12-17 00:00:00,75.9,89.77,86.99,23.03
2020-12-17 01:00:00,81.7,91.92,87.1,22.96
2020-12-17 02:00:00,65.42,79.25,86.28,22.81
2020-12-17 03:00:00,59.15,79.0,86.15,22.6
2020-12-17 04:00:00,59.0,79.0,81.64,22.9
2020-12-17 05:00:00,58.05,75.16,81.93,22.67
2020-12-17 06:00:00,58.0,71.08,81.46,22.53
2020-12-17 07:00:00,63.87,77.88,81.73,22.49
2020-12-17 08:00:00,75.0,162.99666666666667,83.74749999999999,24.549230769230768
2020-12-17 09:00:00,70.12,88.05,74.33,24.86
2020-12-17 10:00:00,60.25,76.23,72.78,25.59
2020-12-17 11:00:00,70.41,84.7,70.58,25.82
2020-12-17 12:00:00,71.0,81.08,64.45,26.87
2020-12-17 13:00:00,76.84,85.9,68.28,27.66
2020-12-17 14:00:00,61.8,85.04,74.18,26.66
2020-12-17 15:00:00,62.9,78.27,78.45,25.76
2020-12-17 16:00:00,61.0,79.0,80.63,25.47
2020-12-17 17:00:00,61.95,80.92,83.47,24.77
2020-12-17 18:00:00,78.15,94.45,84.82,24.16
2020-12-17 19:00:00,59.0,80.0,86.81,23.91
2020-12-17 20:00:00,65.0,86.0,88.29,23.68
2020-12-17 21:00:00,68.9,100.71,87.46,23.6
2020-12-17 22:00:00,74.87,100.02,88.34,23.3
2020-12-17 23:00:00,123.56090909090908,225.39090909090908,88.16166666666668,24.673846153846153
2020-12-18 00:00:00,93.89,110.64,89.53,22.97
2020-12-18 01:00:00,104.72,113.94,83.13,23.37
2020-12-18 02:00:00,92.33,111.05,84.5,23.19
2020-12-18 03:00:00,93.9,111.0,85.91,22.87
2020-12-18 04:00:00,86.2,99.23,85.16,22.59
2020-12-18 05:00:00,63.0,82.0,83.73,22.51
2020-12-18 06:00:00,58.14,77.1,83.23,22.32
2020-12-18 07:00:00,62.88,78.0,80.95,22.66
2020-12-18 08:00:00,60.0,75.0,78.1,23.78
2020-12-18 09:00:00,61.0,75.0,73.45,24.77
2020-12-18 10:00:00,62.91,78.87,70.91,25.26
2020-12-18 11:00:00,70.0,82.0,63.93,26.73
2020-12-18 12:00:00,86.0,87.0,51.33461538461539,33.294999999999995
2020-12-18 13:00:00,75.0,77.0,59.17,28.5
2020-12-18 14:00:00,70.22,78.94,71.43,26.78
2020-12-18 15:00:00,48.55,68.18,75.26,26.39
2020-12-18 16:00:00,56.55,70.88,77.06,25.87
2020-12-18 17:00:00,58.95,72.97,79.36,25.28
2020-12-18 18:00:00,60.0,71.0,83.58,24.62
2020-12-18 19:00:00,60.98,75.9,85.9,24.2
2020-12-18 20:00:00,51.03,71.33,85.12,24.14
2020-12-18 21:00:00,55.87,77.88,78.56,24.45
2020-12-18 22:00:00,67.73,79.97,74.56,24.46
2020-12-18 23:00:00,83.0,93.0,72.53,24.23
2020-12-19 00:00:00,61.0,82.0,76.45,23.88
2020-12-19 01:00:00,61.0,68.27,77.47,23.95
2020-12-19 02:00:00,54.65,155.83333333333334,82.33076923076925,23.825714285714287
2020-12-19 03:00:00,82.6,85.34,82.9,23.14
2020-12-19 04:00:00,77.16,80.1,84.0,22.94
2020-12-19 05:00:00,65.3,80.98,76.18,22.97
2020-12-19 06:00:00,48.38,64.28,77.31,22.73
2020-12-19 07:00:00,44.0,62.0,78.14,22.74
2020-12-19 08:00:00,49.73,68.77,77.26,22.98
2020-12-19 09:00:00,53.69,73.67,66.88,24.38
2020-12-19 10:00:00,45.23,68.12,61.72,25.75
2020-12-19 11:00:00,49.89,71.93,56.7,27.06
2020-12-19 12:00:00,67.31,72.0,52.32,27.84
2020-12-19 13:00:00,63.208461538461535,147.85583333333332,46.54,28.99
2020-12-19 14:00:00,54.0,59.0,41.87461538461538,33.989285714285714
2020-12-19 15:00:00,54.0,61.0,37.98,29.94
2020-12-19 16:00:00,46.18,52.17,55.94,28.08
2020-12-19 17:00:00,58.0,60.0,76.8,25.8
2020-12-19 18:00:00,50.0,61.0,78.48,25.14
2020-12-19 19:00:00,44.0,67.0,73.14,24.94
2020-12-19 20:00:00,48.88,66.02,68.09,25.27
2020-12-19 21:00:00,53.75,68.9,59.99,25.86
2020-12-19 22:00:00,65.73,71.9,62.74,25.05
2020-12-19 23:00:00,75.75,87.69,74.26,24.28
2020-12-20 00:00:00,82.83,87.02,73.39,24.12
2020-12-20 01:00:00,85.92,129.28,74.58,23.75
2020-12-20 02:00:00,83.88833333333334,160.37727272727273,74.8,23.73
2020-12-20 03:00:00,84.52666666666667,151.06818181818178,68.37,23.96
2020-12-20 04:00:00,82.79583333333332,148.45300000000003,74.34,23.27
2020-12-20 05:00:00,78.66499999999999,132.64,66.58,23.32
2020-12-20 06:00:00,80.47333333333334,136.71454545454546,67.82,22.77
2020-12-20 07:00:00,72.2,75.94,64.81,22.75
2020-12-20 08:00:00,67.0,69.0,62.73,23.75
2020-12-20 09:00:00,64.08,78.81,59.66,24.4
2020-12-20 10:00:00,66.93,72.12,58.79,25.08
2020-12-20 11:00:00,55.0,68.0,48.76,26.59
2020-12-20 12:00:00,44.27,54.27,46.77,27.19
2020-12-20 13:00:00,33.27,46.16,42.25,27.72
2020-12-20 14:00:00,37.0,44.0,40.67,28.14
2020-12-20 15:00:00,52.86727272727273,102.059,49.26,27.43
2020-12-20 16:00:00,42.27,52.02,53.96,26.95
2020-12-20 17:00:00,44.85,56.84,58.7,26.22
2020-12-20 18:00:00,33.27,57.0,71.45,25.08
2020-12-20 19:00:00,35.0,50.0,68.38,24.48
2020-12-20 20:00:00,38.82,50.97,75.26,24.03
2020-12-20 21:00:00,38.05,51.96,77.7,23.69
2020-12-20 22:00:00,46.0,56.0,72.89,23.38
2020-12-20 23:00:00,60.0,73.0,73.9,22.7
2020-12-21 00:00:00,64.87,71.0,72.77,23.36
2020-12-21 01:00:00,73.1,73.8,73.53,22.89
2020-12-21 02:00:00,71.13,79.8,78.01,22.54
2020-12-21 03:00:00,86.0,87.0,60.84,22.9
2020-12-21 04:00:00,48.0,53.0,52.58,22.88
2020-12-21 05:00:00,33.7,43.34,57.94,22.43
2020-12-21 06:00:00,36.0,46.0,65.42,22.17
2020-12-21 07:00:00,48.0,54.0,62.24,22.11
2020-12-21 08:00:00,48.98,59.9,66.6,22.53
2020-12-21 09:00:00,54.0,65.0,61.48,23.48
2020-12-21 10:00:00,53.05,64.04,52.72,24.51
2020-12-21 11:00:00,47.3,55.3,49.16,25.5
2020-12-21 12:00:00,45.31636363636363,129.21,41.33,26.75
2020-12-21 13:00:00,37.940000000000005,110.07833333333332,35.8,27.81
2020-12-21 14:00:00,32.676153846153845,88.64333333333333,33.66,28.38
2020-12-21 15:00:00,42.0,46.0,31.27,28.68
2020-12-21 16:00:00,37.62416666666667,113.46545454545456,48.25,26.95
2020-12-21 17:00:00,38.77166666666667,101.538,49.99583333333333,29.96538461538462
2020-12-21 18:00:00,34.0,42.0,63.29,25.2
2020-12-21 19:00:00,33.05,42.97,72.33,24.84
2020-12-21 20:00:00,26.32,36.2,73.96,24.03
2020-12-21 21:00:00,19.16,38.96,62.92,24.12
2020-12-21 22:00:00,24.87,48.83,56.67,23.92
2020-12-21 23:00:00,43.0,58.0,63.6,23.0
2020-12-22 00:00:00,46.8,57.03,73.67,22.93
2020-12-22 01:00:00,57.0,58.0,77.53,21.63
2020-12-22 02:00:00,48.23,64.88,75.0,21.79
2020-12-22 03:00:00,79.28,81.06,73.66,21.86
2020-12-22 04:00:00,71.64454545454545,154.23499999999999,67.44,21.86
2020-12-22 05:00:00,68.9,72.8,68.66,21.73
2020-12-22 06:00:00,76.0,81.0,71.04,21.39
2020-12-22 07:00:00,57.42,74.12,68.51,21.28
2020-12-22 08:00:00,53.1,69.08,63.26,22.5
2020-12-22 09:00:00,44.4,65.13,58.69,23.26
2020-12-22 10:00:00,39.11,57.13,54.88,24.04
2020-12-22 11:00:00,48.78,60.93,49.34,25.09
2020-12-22 12:00:00,56.0,68.0,41.61,26.89
2020-12-22 13:00:00,44.413333333333334,130.52923076923076,44.74,26.63
2020-12-22 14:00:00,44.703076923076914,117.335,45.92,27.15
2020-12-22 15:00:00,44.70083333333333,110.1475,37.67,28.18
2020-12-22 16:00:00,32.82,47.27,44.49,27.66
2020-12-22 17:00:00,29.0,42.0,71.81,24.95
2020-12-22 18:00:00,47.05,63.27,70.11,24.39
2020-12-22 19:00:00,48.0,62.03,69.52,24.15
2020-12-22 20:00:00,31.0,48.0,75.99,23.62
2020-12-22 21:00:00,31.0,42.1,77.24,23.34
2020-12-22 22:00:00,26.0,37.0,71.61,22.98
2020-12-22 23:00:00,26.9,43.46,76.19769230769231,21.533571428571427
2020-12-23 00:00:00,33.83,50.0,77.25307692307693,20.95285714285714
2020-12-23 01:00:00,36.85,53.86,76.87,21.63
2020-12-23 02:00:00,55.0,66.0,78.45,21.01
2020-12-23 03:00:00,57.85,72.77,77.4,21.12
2020-12-23 04:00:00,68.75,81.88,79.84,20.47
2020-12-23 05:00:00,78.78,91.86,78.83,20.6
2020-12-23 06:00:00,65.31,87.08,76.2,20.67
2020-12-23 07:00:00,64.0,76.0,79.44,19.93
2020-12-23 08:00:00,94.71083333333333,204.65454545454543,74.94,20.3
2020-12-23 09:00:00,106.25,107.66,69.06,21.43
2020-12-23 10:00:00,73.0,89.0,57.99,23.2
2020-12-23 11:00:00,77.88,92.92,54.35,23.95
2020-12-23 12:00:00,68.0,93.0,46.86,25.31
2020-12-23 13:00:00,63.0,73.0,42.89,26.89
2020-12-23 14:00:00,48.33,64.15,44.77,27.02
2020-12-23 15:00:00,48.98,67.93,52.14,27.3
2020-12-23 16:00:00,75.0,138.0,61.25,25.95
2020-12-23 17:00:00,52.0,82.0,65.7,25.04
2020-12-23 18:00:00,51.02,88.88,70.7,24.18
2020-12-23 19:00:00,48.0,80.0,69.43416666666667,25.058461538461536
2020-12-23 20:00:00,34.31,53.45,73.47,23.71
2020-12-23 21:00:00,35.95,53.0,74.56,23.33
2020-12-23 22:00:00,36.95,51.06,66.47,23.32
2020-12-23 23:00:00,38.95,85.42,58.68,23.01
2020-12-24 00:00:00,56.0,99.0,71.84,22.52
2020-12-24 01:00:00,89.25,99.98,71.53,22.4
2020-12-24 02:00:00,74.71,82.6,69.1,22.13
2020-12-24 03:00:00,73.05,83.94,73.2,21.48
2020-12-24 04:00:00,80.65,117.6,76.87,21.15
2020-12-24 05:00:00,80.02,97.38,69.07,21.09
2020-12-24 06:00:00,69.49,86.31,68.93,20.83
2020-12-24 07:00:00,64.12,87.97,69.93,20.94
2020-12-24 08:00:00,50.31,73.25,70.62,21.82
2020-12-24 09:00:00,45.11,73.98,62.48,23.07
2020-12-24 10:00:00,36.0,66.0,60.73,23.98
2020-12-24 11:00:00,39.0,66.0,55.65,25.1
2020-12-24 12:00:00,45.84,65.02,42.91,27.55
2020-12-24 13:00:00,32.33,54.15,52.74,27.25
2020-12-24 14:00:00,45.0,62.0,62.13,26.34
2020-12-24 15:00:00,28.6,54.44,65.68,25.74
2020-12-24 16:00:00,16.25,46.11,70.81,25.01
2020-12-24 17:00:00,17.0,45.0,77.0,24.23
2020-12-24 18:00:00,14.07,47.95,77.79,23.89
2020-12-24 19:00:00,22.8,48.98,76.94,23.7
2020-12-24 20:00:00,24.95,48.02,75.2,23.69
2020-12-24 21:00:00,34.0,57.0,78.19,23.39
2020-12-24 22:00:00,42.0,72.0,78.59,23.15
2020-12-24 23:00:00,47.7,79.73,80.05,23.1
2020-12-25 00:00:00,53.0,82.0,78.13,22.45
2020-12-25 01:00:00,54.0,88.0,81.73,22.18
2020-12-25 02:00:00,57.82,90.9,85.45,22.38
2020-12-25 03:00:00,59.95,79.17,84.86,22.04
2020-12-25 04:00:00,43.0,64.0,82.87,21.96
2020-12-25 05:00:00,48.73,67.89,84.19,21.84
2020-12-25 06:00:00,69.53,92.58,78.04,21.97
2020-12-25 07:00:00,74.78,112.44,77.5,21.91
2020-12-25 08:00:00,59.0,99.0,71.03,22.74
2020-12-25 09:00:00,41.0,80.0,69.72,24.09
2020-12-25 10:00:00,58.2,90.69,66.61,24.61
2020-12-25 11:00:00,48.0,77.0,56.48,26.3
2020-12-25 12:00:00,57.5,82.8,54.43,26.88
2020-12-25 13:00:00,69.66214285714285,169.68083333333334,41.776153846153846,34.21642857142858
2020-12-25 14:00:00,62.71,80.36,48.11,28.85
2020-12-25 15:00:00,49.58,72.22,45.81,30.73
2020-12-25 16:00:00,47.09,72.0,53.38,29.59
2020-12-25 17:00:00,48.0,83.0,64.15,27.35
2020-12-25 18:00:00,41.0,60.0,80.56,25.48
2020-12-25 19:00:00,55.67,73.81,81.09,25.32
2020-12-25 20:00:00,44.53,79.84,80.0,25.15
2020-12-25 21:00:00,47.91,81.97,80.77,24.76
2020-12-25 22:00:00,44.09,68.23,77.77,24.47
2020-12-25 23:00:00,47.84,62.16,75.64,24.46
2020-12-26 00:00:00,44.09,68.88,71.51,23.84
2020-12-26 01:00:00,44.98,67.03,76.47,23.37
2020-12-26 02:00:00,47.93,69.96,82.53,23.04
2020-12-26 03:00:00,64.0,80.0,80.52,22.84
2020-12-26 04:00:00,80.58,96.77,84.47,22.82
2020-12-26 05:00:00,79.0,97.0,78.52,22.84
2020-12-26 06:00:00,72.31,101.86,83.25,22.49
2020-12-26 07:00:00,79.29,105.78,81.68,22.38
2020-12-26 08:00:00,101.51,127.69,75.79,23.2
2020-12-26 09:00:00,78.53,94.57,68.14,24.09
2020-12-26 10:00:00,49.95,70.79,53.07153846153846,30.419285714285714
2020-12-26 11:00:00,86.66071428571429,193.13636363636363,47.56615384615384,32.33357142857143
2020-12-26 12:00:00,103.0,174.0,64.95,26.15
2020-12-26 13:00:00,120.0,291.0,51.12,28.6
2020-12-26 14:00:00,55.0,115.0,41.01,30.4
2020-12-26 15:00:00,34.0,64.0,47.13,29.84
2020-12-26 16:00:00,51.0,75.0,53.67,28.59
2020-12-26 17:00:00,36.0,57.0,60.51,26.92
2020-12-26 18:00:00,37.91,62.84,76.67,25.28
2020-12-26 19:00:00,38.0,57.0,84.4,24.88
2020-12-26 20:00:00,33.22,51.2,85.42,24.86
2020-12-26 21:00:00,40.0,54.0,85.83,24.7
2020-12-26 22:00:00,50.76,58.93,84.41,24.62
2020-12-26 23:00:00,69.16,70.66,80.1,24.33
2020-12-27 00:00:00,58.3,71.0,75.38,24.21
2020-12-27 01:00:00,76.16,79.75,79.09,23.86
2020-12-27 02:00:00,119.0166666666667,204.9375,82.59,23.34
2020-12-27 03:00:00,111.0,115.0,80.45846153846153,23.57428571428572
2020-12-27 04:00:00,112.22499999999998,186.22583333333333,79.07615384615384,23.402142857142856
2020-12-27 05:00:00,106.28750000000001,191.55583333333334,78.6,22.93
2020-12-27 06:00:00,109.76272727272726,235.08083333333332,78.39,22.55
2020-12-27 07:00:00,115.33,119.0,77.9,22.69
2020-12-27 08:00:00,118.47923076923075,214.84166666666667,73.33,24.03
2020-12-27 09:00:00,77.53,95.0,75.29,24.03
2020-12-27 10:00:00,86.61,106.66,76.56,23.99
2020-12-27 11:00:00,122.35,133.25,66.09,26.7
2020-12-27 12:00:00,69.31,86.67,64.46,26.87
2020-12-27 13:00:00,67.09,76.44,64.04,26.91
2020-12-27 14:00:00,60.0,80.0,68.13,26.5
2020-12-27 15:00:00,66.84,96.77,71.4,25.89
2020-12-27 16:00:00,77.0,99.0,70.27,25.32
2020-12-27 17:00:00,74.0,89.0,77.31,24.45
2020-12-27 18:00:00,63.49,89.0,79.42,24.07
2020-12-27 19:00:00,62.0,79.0,81.0,23.84
2020-12-27 20:00:00,52.22,74.07,78.8,23.56
2020-12-27 21:00:00,48.18,65.25,74.54,23.39
2020-12-27 22:00:00,56.82,74.86,72.56,23.18
2020-12-27 23:00:00,61.78,79.86,73.6,22.75
2020-12-28 00:00:00,63.95,72.11,71.73,22.46
2020-12-28 01:00:00,82.26181818181817,163.73363636363635,76.78818181818183,22.286666666666665
2020-12-28 02:00:00,52.36,63.28,63.04,22.24
2020-12-28 03:00:00,42.0,58.0,63.4,21.34
2020-12-28 04:00:00,41.02,55.03,66.05,20.99
2020-12-28 05:00:00,44.82,63.75,65.19,20.7
2020-12-28 06:00:00,45.95,65.95,65.66,20.27
2020-12-28 07:00:00,46.0,69.89,54.78,20.91
2020-12-28 08:00:00,38.0,56.0,47.98,22.73
2020-12-28 09:00:00,43.86,56.98,52.99,24.36
2020-12-28 10:00:00,47.0,66.0,49.09,25.05
2020-12-28 11:00:00,45.0,55.0,48.18,24.81
2020-12-28 12:00:00,45.0,61.0,46.92,25.02
2020-12-28 13:00:00,37.34571428571429,107.67615384615384,40.90615384615384,30.512857142857143
2020-12-28 14:00:00,25.0,45.0,49.96,24.54
2020-12-28 15:00:00,30.0,46.0,54.41,24.02
2020-12-28 16:00:00,36.69,61.11,55.74,23.81
2020-12-28 17:00:00,37.0,69.0,61.66,22.83
2020-12-28 18:00:00,39.0,81.0,63.48,22.58
2020-12-28 19:00:00,37.09,80.03,67.34,22.34
2020-12-28 20:00:00,45.6,81.94,62.08,21.81
2020-12-28 21:00:00,53.82,81.02,60.29,21.33
2020-12-28 22:00:00,48.27,80.02,60.18,21.12
2020-12-28 23:00:00,38.2,63.28,58.51,21.04
2020-12-29 00:00:00,38.0,58.0,55.12,20.54
2020-12-29 01:00:00,59.56,66.9,55.28,20.24
2020-12-29 02:00:00,70.75,74.91,59.85,19.91
2020-12-29 03:00:00,95.84,107.09,64.03,19.46
2020-12-29 04:00:00,47.31,56.47,64.63,19.2
2020-12-29 05:00:00,39.13,56.98,65.27,19.09
2020-12-29 06:00:00,38.04,56.0,61.47,18.84
2020-12-29 07:00:00,38.0,61.0,66.53,19.62
2020-12-29 08:00:00,60.0,69.0,58.18,21.8
2020-12-29 09:00:00,44.0,72.0,47.95,23.56
2020-12-29 10:00:00,48.9,72.0,46.79,24.86
2020-12-29 11:00:00,78.36461538461539,195.79416666666668,47.857692307692304,28.520714285714284
2020-12-29 12:00:00,22.0,50.0,53.77,24.48
2020-12-29 13:00:00,22.0,53.94,55.88,24.62
2020-12-29 14:00:00,69.37642857142856,180.68153846153848,56.59,25.11
2020-12-29 15:00:00,38.0,96.0,64.14,24.41
2020-12-29 16:00:00,35.0,85.0,71.53,23.91
2020-12-29 17:00:00,36.92,67.4,73.35,23.23
2020-12-29 18:00:00,55.0,76.0,76.5,22.47
2020-12-29 19:00:00,64.0,80.0,79.39,22.27
2020-12-29 20:00:00,72.8,86.84,77.11,22.23
2020-12-29 21:00:00,71.04,91.93,76.73,21.73
2020-12-29 22:00:00,84.69,106.79,77.64,21.45
2020-12-29 23:00:00,93.83,109.97,79.65,21.19
2020-12-30 00:00:00,101.0,137.0,77.72,20.98
2020-12-30 01:00:00,75.5,92.62,78.9,20.88
2020-12-30 02:00:00,82.84,94.97,77.82,20.58
2020-12-30 03:00:00,62.0,89.0,72.68,20.45
2020-12-30 04:00:00,65.0,75.0,72.83,20.11
2020-12-30 05:00:00,61.0,77.0,76.51,19.88
2020-12-30 06:00:00,65.56,83.69,76.23,19.83
2020-12-30 07:00:00,66.0,84.99,71.75,20.05
2020-12-30 08:00:00,71.0,99.0,68.91,21.21
2020-12-30 09:00:00,73.0,103.0,66.81,22.03
2020-12-30 10:00:00,67.0,90.0,70.03,21.82
2020-12-30 11:00:00,96.33,121.56,67.96,23.09
2020-12-30 12:00:00,86.44,109.29,62.04,25.17
2020-12-30 13:00:00,69.38,95.19,68.13,24.6
2020-12-30 14:00:00,52.38,81.19,68.54,24.85
2020-12-30 15:00:00,51.0,90.0,70.1,24.68
2020-12-30 16:00:00,54.91,89.02,75.27,23.97
2020-12-30 17:00:00,50.0,80.0,78.24,23.31
2020-12-30 18:00:00,52.73,83.78,79.51,22.81
2020-12-30 19:00:00,60.64,92.75,81.17,22.67
2020-12-30 20:00:00,60.02,92.01,78.94,22.52
2020-12-30 21:00:00,72.0,104.0,78.97,22.23
2020-12-30 22:00:00,83.47,114.69,78.5,22.18
2020-12-30 23:00:00,101.0,131.0,75.36,22.48
2020-12-31 00:00:00,104.91,139.88,71.39,22.32
2020-12-31 01:00:00,84.81,123.47,76.25,21.93
2020-12-31 02:00:00,103.11,131.75,80.41,21.52
2020-12-31 03:00:00,87.75,121.31,78.05,21.54
2020-12-31 04:00:00,77.22,110.12,74.99,21.47
2020-12-31 05:00:00,76.02,112.97,74.34,21.08
2020-12-31 06:00:00,75.04,104.2,74.65,21.13
2020-12-31 07:00:00,71.0,107.0,76.78,21.43
2020-12-31 08:00:00,69.0,102.0,73.58,22.57
2020-12-31 09:00:00,61.32,100.03,68.6,23.72
2020-12-31 10:00:00,63.89,100.98,65.98,24.57
2020-12-31 11:00:00,73.78,108.91,61.09,25.8
2020-12-31 12:00:00,94.0,113.0,57.15,26.64
2020-12-31 13:00:00,99.77,108.11,55.52,27.18
2020-12-31 14:00:00,78.40857142857142,163.62307692307692,47.74,34.14785714285715
2020-12-31 15:00:00,57.0,86.0,50.143846153846155,33.73428571428572
2020-12-31 16:00:00,79.55,107.75,62.16,27.91
2020-12-31 17:00:00,69.0,100.0,73.01,26.33
2020-12-31 18:00:00,80.0,106.0,80.53,25.04
2020-12-31 19:00:00,70.44,101.11,83.56,23.68
2020-12-31 20:00:00,60.2,94.08,77.74,23.81
2020-12-31 21:00:00,62.93,96.97,72.35,24.02
2020-12-31 22:00:00,70.84,100.95,74.85,23.7
2020-12-31 23:00:00,71.98,101.0,80.41,23.38
2021-01-01 00:00:00,74.94,265.085,84.63,22.92
2021-01-01 01:00:00,83.83,292.3466666666667,86.24,22.68
2021-01-01 02:00:00,65.42,268.6472727272727,87.42,22.54
2021-01-01 03:00:00,74.78,235.31727272727275,87.72,22.35
2021-01-01 04:00:00,75.0,223.6775,88.43,22.32
2021-01-01 05:00:00,75.98,216.34500000000003,87.06,22.5
2021-01-01 06:00:00,82.84,212.03833333333333,82.46,22.49
2021-01-01 07:00:00,111.44,227.31272727272727,85.16,22.28
2021-01-01 08:00:00,118.88,238.37545454545455,82.76,22.93
2021-01-01 09:00:00,141.55,216.4709090909091,79.9,23.66
2021-01-01 10:00:00,119.45,143.0,73.05,24.88
2021-01-01 11:00:00,104.25,135.09,67.66,25.86
2021-01-01 12:00:00,109.9,135.99,70.09,26.27
2021-01-01 13:00:00,114.9,138.97,60.24,28.06
2021-01-01 14:00:00,71.98,104.47,54.78,30.17
2021-01-01 15:00:00,55.31,82.25,62.94,28.75
2021-01-01 16:00:00,60.87,82.0,72.39,27.11
2021-01-01 17:00:00,50.22,72.11,77.37,26.11
2021-01-01 18:00:00,40.2,58.16,83.62,25.07
2021-01-01 19:00:00,49.78,83.64,86.54,24.14
2021-01-01 20:00:00,76.55,109.71,82.93,23.93
2021-01-01 21:00:00,76.02,113.95,77.71,24.08
2021-01-01 22:00:00,72.09,109.07,78.55,23.96
2021-01-01 23:00:00,80.8,118.86,81.43,23.69
2021-01-02 00:00:00,81.0,116.09,85.03,23.59
2021-01-02 01:00:00,79.09,104.34,84.97,23.55
2021-01-02 02:00:00,77.05,106.97,84.13,23.43
2021-01-02 03:00:00,74.12,107.0,85.56,23.13
2021-01-02 04:00:00,64.22,106.02,86.4,22.93
2021-01-02 05:00:00,55.2,91.0,86.58,22.65
2021-01-02 06:00:00,56.96,90.01,85.41,22.68
2021-01-02 07:00:00,63.87,97.91,84.09,22.79
2021-01-02 08:00:00,73.0,104.0,78.92,23.77
2021-01-02 09:00:00,89.0,114.0,78.39,25.1
2021-01-02 10:00:00,72.75,104.22,82.73,24.56
2021-01-02 11:00:00,86.67,111.91,81.2,24.85
2021-01-02 12:00:00,86.02,120.9,68.49,28.99
2021-01-02 13:00:00,79.16,111.11,68.99,27.06
2021-01-02 14:00:00,81.87,113.94,76.78,25.12
2021-01-02 15:00:00,79.0,133.0,77.56,24.48
2021-01-02 16:00:00,79.0,140.82,79.25,23.96
2021-01-02 17:00:00,116.41,112.0,81.5,23.09
2021-01-02 18:00:00,48.0,81.34,82.25,22.63
2021-01-02 19:00:00,50.0,84.0,83.3,22.47
2021-01-02 20:00:00,49.0,81.0,78.99166666666667,25.1076923076923
2021-01-02 21:00:00,48.02,80.01,73.57,22.89
2021-01-02 22:00:00,62.41,95.65,76.25,22.63
2021-01-02 23:00:00,62.0,89.0,77.62,22.45
2021-01-03 00:00:00,61.02,86.03,78.92,22.42
2021-01-03 01:00:00,69.0,90.0,79.7,22.21
2021-01-03 02:00:00,59.0,82.0,81.92,22.13
2021-01-03 03:00:00,61.0,83.0,83.56,21.98
2021-01-03 04:00:00,55.0,79.0,79.22,21.93
2021-01-03 05:00:00,60.0,82.0,76.69,21.82
2021-01-03 06:00:00,60.0,88.92,77.32,21.77
2021-01-03 07:00:00,133.9572727272727,84.11,77.44,21.76
2021-01-03 08:00:00,138.95416666666668,98.83,77.22,22.78
2021-01-03 09:00:00,138.5575,99.99,73.14,23.88
2021-01-03 10:00:00,144.72666666666666,99.02,68.79,25.32
2021-01-03 11:00:00,147.03666666666666,103.91,69.56,25.42
2021-01-03 12:00:00,140.5825,93.19,71.24,24.02
2021-01-03 13:00:00,130.365,95.97,69.01,23.78
2021-01-03 14:00:00,118.06083333333335,79.0,71.1,23.49
2021-01-03 15:00:00,111.63,74.07,71.13,23.62
2021-01-03 16:00:00,110.26923076923079,71.03,72.93,23.24
2021-01-03 17:00:00,100.61384615384617,66.0,73.97,22.98
2021-01-03 18:00:00,94.25846153846155,56.0,75.81,22.34
2021-01-03 19:00:00,93.09384615384616,54.02,77.47,22.19
2021-01-03 20:00:00,93.88076923076923,54.99,77.77,21.92
2021-01-03 21:00:00,95.84,69.0,69.83,21.88
2021-01-03 22:00:00,97.47769230769231,76.87,66.88,22.34
2021-01-03 23:00:00,104.83769230769232,88.88,67.03,22.93
2021-01-04 00:00:00,102.14153846153846,119.66,71.07,22.75
2021-01-04 01:00:00,101.96583333333332,98.25,73.08,22.6
2021-01-04 02:00:00,101.78363636363635,89.2,73.69,22.35
2021-01-04 03:00:00,102.1090909090909,90.98,75.73,22.28
2021-01-04 04:00:00,104.16833333333334,84.06,76.23,22.03
2021-01-04 05:00:00,102.76333333333336,70.23,75.36,21.82
2021-01-04 06:00:00,103.15499999999999,80.0,72.9,21.99
2021-01-04 07:00:00,112.66666666666667,82.97,71.65,22.11
2021-01-04 08:00:00,117.17333333333333,89.94,74.13,22.36
2021-01-04 09:00:00,124.6,136.22,71.2,23.46
2021-01-04 10:00:00,91.0,106.0,67.54,24.62
2021-01-04 11:00:00,72.0,89.0,65.41,24.56
2021-01-04 12:00:00,131.0,175.0,62.93833333333333,28.966923076923077
2021-01-04 13:00:00,83.93,104.59,66.4,23.96
2021-01-04 14:00:00,83.98,101.03,67.66,23.79
2021-01-04 15:00:00,80.08,101.0,67.36,24.39
2021-01-04 16:00:00,85.0,97.0,71.38,23.86
2021-01-04 17:00:00,73.23,88.08,73.45,23.05
2021-01-04 18:00:00,71.0,98.0,74.28461538461536,25.48
2021-01-04 19:00:00,75.0,101.0,80.3,22.11
2021-01-04 20:00:00,71.0,84.0,81.11,21.94
2021-01-04 21:00:00,68.07,89.92,77.98,21.97
2021-01-04 22:00:00,66.04,91.98,75.97,22.0
2021-01-04 23:00:00,75.81,99.93,74.18,21.98
2021-01-05 00:00:00,64.27,83.0,73.62,22.05
2021-01-05 01:00:00,63.04,83.0,73.53,21.88
2021-01-05 02:00:00,59.08,84.98,71.46,21.77
2021-01-05 03:00:00,59.96,80.11,71.81,21.62
2021-01-05 04:00:00,58.04,70.11,72.92,21.45
2021-01-05 05:00:00,59.95,73.97,72.59,21.39
2021-01-05 06:00:00,56.0,73.0,70.01,21.48
2021-01-05 07:00:00,55.0,70.0,62.75,21.88
2021-01-05 08:00:00,57.0,84.0,63.32,22.18
2021-01-05 09:00:00,68.77,88.94,62.12,22.97
2021-01-05 10:00:00,79.78,122.62,64.08,23.85
2021-01-05 11:00:00,73.23,106.28,65.27,24.43
2021-01-05 12:00:00,78.0,96.0,66.08,25.24
2021-01-05 13:00:00,90.0,106.0,68.47,24.56
2021-01-05 14:00:00,89.0,113.0,70.42,24.12
2021-01-05 15:00:00,96.84,129.81,72.66,23.89
2021-01-05 16:00:00,91.12,122.07,74.54,23.48
2021-01-05 17:00:00,86.1,113.08,77.92,22.84
2021-01-05 18:00:00,86.98,112.01,79.95,22.39
2021-01-05 19:00:00,85.0,110.0,79.53,22.21
2021-01-05 20:00:00,75.44,104.13,75.84,22.14
2021-01-05 21:00:00,71.09,104.0,73.8,22.31
2021-01-05 22:00:00,77.86,101.03,74.07,22.19
2021-01-05 23:00:00,88.78,102.98,76.28,22.15
2021-01-06 00:00:00,93.78,104.95,76.97,22.23
2021-01-06 01:00:00,104.0,131.0,78.32,21.94
2021-01-06 02:00:00,91.5,127.09,78.92,21.71
2021-01-06 03:00:00,83.31,100.45,76.8,21.62
2021-01-06 04:00:00,78.0,95.0,70.38,21.29
2021-01-06 05:00:00,65.29,93.0,73.84333333333333,22.391000000000002
2021-01-06 06:00:00,66.96,97.94,69.8,20.5
2021-01-06 07:00:00,72.77,93.11,71.72,20.47
2021-01-06 08:00:00,78.0,96.0,69.84,21.52
2021-01-06 09:00:00,83.77,112.72,67.54,22.49
2021-01-06 10:00:00,80.08,104.08,66.21,23.08
2021-01-06 11:00:00,87.0,137.0,66.84,23.87
2021-01-06 12:00:00,88.96,127.08,65.69,24.29
2021-01-06 13:00:00,83.12,126.01,64.85,24.31
2021-01-06 14:00:00,72.22,114.13,68.72,23.92
2021-01-06 15:00:00,75.0,121.0,71.15,23.98
2021-01-06 16:00:00,77.88,117.06,75.89,23.38
2021-01-06 17:00:00,72.47,117.97,77.14,23.01
2021-01-06 18:00:00,82.51,121.92,79.36,22.52
2021-01-06 19:00:00,69.27,118.05,79.84,22.4
2021-01-06 20:00:00,68.05,104.31,80.52,22.18
2021-01-06 21:00:00,55.25,101.03,80.64,22.12
2021-01-06 22:00:00,60.88,97.03,79.02,21.93
2021-01-06 23:00:00,61.96,100.94,77.82,21.96
2021-01-07 00:00:00,64.87,100.02,75.71,21.86
2021-01-07 01:00:00,64.0,98.0,73.5,21.8
2021-01-07 02:00:00,61.1,100.95,74.52,21.5
2021-01-07 03:00:00,59.04,96.03,74.86,21.54
2021-01-07 04:00:00,65.0,87.0,76.03,21.45
2021-01-07 05:00:00,56.0,87.0,76.03,21.39
2021-01-07 06:00:00,60.8,89.94,76.03,21.3
2021-01-07 07:00:00,68.84,92.97,74.65,21.56
2021-01-07 08:00:00,82.73,102.92,72.63,22.41
2021-01-07 09:00:00,82.02,112.92,68.41,24.02
2021-01-07 10:00:00,80.04,109.04,67.65,23.95
2021-01-07 11:00:00,89.61,125.72,66.54,25.59
2021-01-07 12:00:00,72.35,122.05,71.41,24.45
2021-01-07 13:00:00,60.47,123.97,71.11,24.91
2021-01-07 14:00:00,51.17,119.04,73.25,24.59
2021-01-07 15:00:00,49.03,114.04,76.33,24.51
2021-01-07 16:00:00,48.02,108.05,78.03,24.13
2021-01-07 17:00:00,46.03,101.06,81.33,23.65
2021-01-07 18:00:00,50.0,109.0,80.51,23.34
2021-01-07 19:00:00,55.0,101.0,78.19,23.52
2021-01-07 20:00:00,59.0,105.0,73.86,27.06083333333333
2021-01-07 21:00:00,67.83,98.06,82.94,23.91
2021-01-07 22:00:00,64.0,96.0,83.76,23.62
2021-01-07 23:00:00,67.92,104.92,85.98,23.53
2021-01-08 00:00:00,58.34,96.2,87.77,23.22
2021-01-08 01:00:00,61.0,90.0,82.46181818181817,25.905833333333334
2021-01-08 02:00:00,59.03,97.95,84.73,22.9
2021-01-08 03:00:00,63.0,91.0,86.19,22.86
2021-01-08 04:00:00,70.84,106.82,86.2,22.85
2021-01-08 05:00:00,69.04,101.05,87.28,22.72
2021-01-08 06:00:00,78.81,109.92,87.23,22.68
2021-01-08 07:00:00,124.09545454545454,214.3025,85.82999999999998,25.060833333333335
2021-01-08 08:00:00,132.14272727272726,227.94916666666666,87.02583333333332,25.282307692307693
2021-01-08 09:00:00,90.0,116.0,82.69,24.6
2021-01-08 10:00:00,87.05,118.98,79.94,25.39
2021-01-08 11:00:00,77.19,110.08,80.22,25.07
2021-01-08 12:00:00,73.0,118.0,79.31,25.14
2021-01-08 13:00:00,78.88,124.94,79.69,25.03
2021-01-08 14:00:00,73.0,107.0,75.58090909090909,28.702500000000004
2021-01-08 15:00:00,60.0,94.0,79.3,25.25
2021-01-08 16:00:00,64.0,110.0,82.44,24.43
2021-01-08 17:00:00,66.88,112.95,81.31,24.5
2021-01-08 18:00:00,56.0,92.0,83.38,23.94
2021-01-08 19:00:00,50.12,88.03,87.72,23.17
2021-01-08 20:00:00,53.0,103.0,86.61,23.16
2021-01-08 21:00:00,54.96,92.06,87.2,23.02
2021-01-08 22:00:00,54.02,97.9,86.4,23.07
2021-01-08 23:00:00,54.98,92.03,85.87,23.41
2021-01-09 00:00:00,52.0,101.0,88.7,22.98
2021-01-09 01:00:00,78.1,137.38,89.47,22.75
2021-01-09 02:00:00,65.0,112.0,89.92,22.55
2021-01-09 03:00:00,60.1,105.06,89.76,22.48
2021-01-09 04:00:00,59.0,96.0,89.38,22.45
2021-01-09 05:00:00,52.27,88.09,86.69636363636363,24.980833333333333
2021-01-09 06:00:00,57.88,89.98,89.84,22.27
2021-01-09 07:00:00,54.16,81.15,88.94,22.33
2021-01-09 08:00:00,63.8,109.76,84.53,23.83
2021-01-09 09:00:00,53.0,83.0,79.3,25.21
2021-01-09 10:00:00,53.0,80.03,76.25,26.07
2021-01-09 11:00:00,39.0,53.0,73.24,27.56
2021-01-09 12:00:00,60.57,88.4,71.37,27.71
2021-01-09 13:00:00,57.0,95.0,78.79,25.59
2021-01-09 14:00:00,47.17,86.05,82.21,24.81
2021-01-09 15:00:00,39.16,82.02,82.89,24.74
2021-01-09 16:00:00,46.84,93.9,84.19,24.32
2021-01-09 17:00:00,49.89,101.87,85.28,23.74
2021-01-09 18:00:00,51.0,96.0,84.95,23.5
2021-01-09 19:00:00,56.8,93.05,85.33,23.4
2021-01-09 20:00:00,46.22,86.06,87.69,23.37
2021-01-09 21:00:00,49.0,73.0,88.56,23.35
2021-01-09 22:00:00,51.0,78.0,87.8,23.32
2021-01-09 23:00:00,54.0,77.0,88.04,23.28
2021-01-10 00:00:00,54.0,83.88,87.48,23.29
2021-01-10 01:00:00,56.0,87.0,87.28,23.43
2021-01-10 02:00:00,57.87,80.23,86.00333333333334,25.51384615384615
2021-01-10 03:00:00,64.86,88.92,90.7,22.57
2021-01-10 04:00:00,55.2,88.01,90.82,22.76
2021-01-10 05:00:00,61.77,82.06,91.19,22.89
2021-01-10 06:00:00,63.0,89.0,91.29,22.77
2021-01-10 07:00:00,121.548,187.56909090909093,88.48916666666668,24.704615384615387
2021-01-10 08:00:00,65.0,87.0,81.78,24.99
2021-01-10 09:00:00,53.0,77.0,77.37916666666666,28.709999999999997
2021-01-10 10:00:00,52.02,77.99,77.22,26.31
2021-01-10 11:00:00,59.73,85.87,70.88,28.26
2021-01-10 12:00:00,65.9,86.0,68.16,28.17
2021-01-10 13:00:00,55.22,76.08,72.97,28.34
2021-01-10 14:00:00,64.61,84.88,79.42,26.54
2021-01-10 15:00:00,65.0,104.0,82.82,26.03
2021-01-10 16:00:00,65.98,99.04,83.21,25.71
2021-01-10 17:00:00,62.08,95.03,85.23,24.59
2021-01-10 18:00:00,65.92,99.96,84.91,24.24
2021-01-10 19:00:00,64.0,96.0,82.25,24.89
2021-01-10 20:00:00,57.0,81.0,81.51,25.06
2021-01-10 21:00:00,57.96,78.05,81.28,25.09
2021-01-10 22:00:00,58.98,80.97,86.38,24.44
2021-01-10 23:00:00,59.98,90.84,88.16,24.08
2021-01-11 00:00:00,64.86,85.1,88.39,23.91
2021-01-11 01:00:00,65.0,84.0,88.63,23.81
2021-01-11 02:00:00,65.96,98.8,88.45,23.56
2021-01-11 03:00:00,58.44,87.27,88.91,23.43
2021-01-11 04:00:00,58.98,89.98,88.61,23.48
2021-01-11 05:00:00,74.73,94.96,89.51,23.45
2021-01-11 06:00:00,74.0,101.0,88.84,23.43
2021-01-11 07:00:00,72.04,96.03,85.24,24.04
2021-01-11 08:00:00,70.04,93.02,82.12,25.07
2021-01-11 09:00:00,62.0,95.0,79.39,26.23
2021-01-11 10:00:00,71.81,99.97,68.23,28.1
2021-01-11 11:00:00,63.15,87.11,64.34,29.55
2021-01-11 12:00:00,61.06,94.0,56.137499999999996,34.85846153846154
2021-01-11 13:00:00,62.94,104.81,75.5,27.77
2021-01-11 14:00:00,60.0,98.0,79.83,26.63
2021-01-11 15:00:00,61.94,103.9,79.16,26.54
2021-01-11 16:00:00,50.0,147.295,67.10555555555555,32.251111111111115
2021-01-11 17:00:00,32.6,76.0,81.35,25.04
2021-01-11 18:00:00,39.87,77.99,82.42,24.61
2021-01-11 19:00:00,59.67,98.83,83.3,24.49
2021-01-11 20:00:00,94.87153846153845,173.20384615384611,74.93416666666667,28.276923076923076
2021-01-11 21:00:00,43.23,75.15,83.27,24.46
2021-01-11 22:00:00,48.0,87.0,79.60416666666667,27.283076923076923
2021-01-11 23:00:00,74.0,129.0,82.00666666666667,26.839230769230767
2021-01-12 00:00:00,55.74,78.85,87.54,24.17
2021-01-12 01:00:00,55.97,83.97,88.07,23.91
2021-01-12 02:00:00,41.29,76.07,88.89,23.66
2021-01-12 03:00:00,50.0,83.0,89.31,23.56
2021-01-12 04:00:00,49.08,81.07,89.33,23.55
2021-01-12 05:00:00,56.0,83.0,85.03666666666666,25.235384615384614
2021-01-12 06:00:00,70.75,91.94,83.38,23.96
2021-01-12 07:00:00,74.0,116.0,82.59,24.27
2021-01-12 08:00:00,80.86,96.17,75.24,26.2
2021-01-12 09:00:00,85.93,100.97,70.09,27.07
2021-01-12 10:00:00,89.0,97.0,71.04,27.01
2021-01-12 11:00:00,80.29615384615386,157.71153846153845,61.35,29.51
2021-01-12 12:00:00,35.04,84.21,59.61,30.65
2021-01-12 13:00:00,63.22916666666666,133.2,57.53,30.84
2021-01-12 14:00:00,53.0,94.0,79.88,26.8
2021-01-12 15:00:00,47.1,87.04,81.55,26.19
2021-01-12 16:00:00,65.37,106.0,63.958333333333336,31.882500000000004
2021-01-12 17:00:00,66.0,101.09,82.76,25.02
2021-01-12 18:00:00,82.0,101.0,83.25,24.43
2021-01-12 19:00:00,106.58,121.88,85.49,24.27
2021-01-12 20:00:00,86.0,179.0,85.52,24.2
2021-01-12 21:00:00,75.37,96.92,86.93,24.12
2021-01-12 22:00:00,84.0,107.0,87.33,24.07
2021-01-12 23:00:00,85.97,92.08,86.58,24.14
2021-01-13 00:00:00,78.0,130.0,80.67636363636365,26.84416666666667
2021-01-13 01:00:00,74.0,83.0,86.08,23.98
2021-01-13 02:00:00,74.0,80.02,86.16,24.0
2021-01-13 03:00:00,61.44,77.03,89.53,23.7
2021-01-13 04:00:00,59.0,83.0,90.77,23.23
2021-01-13 05:00:00,55.0,79.0,80.53416666666668,25.228461538461538
2021-01-13 06:00:00,55.0,72.0,75.58,24.15
2021-01-13 07:00:00,86.13461538461537,146.02363636363634,81.01727272727273,25.10833333333333
2021-01-13 08:00:00,47.04,64.01,77.19,25.13
2021-01-13 09:00:00,59.78,86.87,75.82,25.3
2021-01-13 10:00:00,80.65,100.92,74.32,26.1
2021-01-13 11:00:00,79.13,116.64,70.84,27.86
2021-01-13 12:00:00,61.303333333333335,126.63083333333333,71.87,27.33
2021-01-13 13:00:00,38.0,72.0,75.76,26.66
2021-01-13 14:00:00,31.13,64.05,76.3,26.14
2021-01-13 15:00:00,33.0,74.0,77.88,25.84
2021-01-13 16:00:00,40.84,84.91,76.37,25.54
2021-01-13 17:00:00,43.95,71.08,73.53,25.1
2021-01-13 18:00:00,25.63,63.14,72.32,24.7
2021-01-13 19:00:00,33.0,62.0,82.22,23.9
2021-01-13 20:00:00,71.07636363636364,135.99692307692308,86.48,23.39
2021-01-13 21:00:00,7.0,83.0,84.28,23.24
2021-01-13 22:00:00,21.75,76.04,78.57,23.34
2021-01-13 23:00:00,38.0,69.0,73.35,23.29
2021-01-14 00:00:00,40.89,68.02,76.77,23.04
2021-01-14 01:00:00,49.0,69.0,81.14,22.74
2021-01-14 02:00:00,46.1,68.01,80.94,22.74
2021-01-14 03:00:00,53.87,73.98,80.91,22.74
2021-01-14 04:00:00,88.3875,159.26333333333332,78.86,22.96
2021-01-14 05:00:00,31.5,76.21,76.38,22.91
2021-01-14 06:00:00,48.67,84.9,75.34,22.7
2021-01-14 07:00:00,89.0,106.0,78.16,22.53
2021-01-14 08:00:00,73.31,96.07,69.18,24.42
2021-01-14 09:00:00,73.0,94.02,70.76,24.49
2021-01-14 10:00:00,141.0,180.2092307692308,71.79,24.85
2021-01-14 11:00:00,124.2,133.56,69.39,26.12
2021-01-14 12:00:00,91.1,123.12,69.24,26.7
2021-01-14 13:00:00,49.68,109.08,72.96,25.71
2021-01-14 14:00:00,26.0,74.0,74.72,25.3
2021-01-14 15:00:00,73.0,111.0,76.02,24.86
2021-01-14 16:00:00,23.0,85.0,74.31,24.67
2021-01-14 17:00:00,37.0,78.0,78.16,24.36
2021-01-14 18:00:00,37.94,135.2423076923077,69.0275,27.595384615384617
2021-01-14 19:00:00,28.17,60.03,82.81,23.27
2021-01-14 20:00:00,68.71818181818182,140.25166666666667,78.96,23.28
2021-01-14 21:00:00,4.0,81.0,78.12,23.11
2021-01-14 22:00:00,15.2,42.87,75.66,23.02
2021-01-14 23:00:00,28.56,58.81,76.06,22.58
2021-01-15 00:00:00,29.91,51.18,76.39,22.46
2021-01-15 01:00:00,34.92,56.97,82.35,22.31
2021-01-15 02:00:00,40.8,67.94,81.2,22.38
2021-01-15 03:00:00,89.18,90.87,82.81,22.01
2021-01-15 04:00:00,78.13083333333334,24.0,83.83999999999999,22.283076923076923
2021-01-15 05:00:00,1.97,31.98,85.12,21.68
2021-01-15 06:00:00,31.5,50.94,86.14,21.3
2021-01-15 07:00:00,66.0,78.0,84.05,21.44
2021-01-15 08:00:00,59.12,80.98,82.33,22.04
2021-01-15 09:00:00,22.62,61.11,75.72,24.07
2021-01-15 10:00:00,50.0,85.0,69.47833333333332,27.95846153846154
2021-01-15 11:00:00,18.53,50.2,72.92,25.62
2021-01-15 12:00:00,19.94,43.04,73.3,25.16
2021-01-15 13:00:00,17.05,49.96,72.93,24.67
2021-01-15 14:00:00,11.2,44.06,72.44,24.7
2021-01-15 15:00:00,13.94,43.01,72.87,24.34
2021-01-15 16:00:00,42.02076923076923,107.49846153846154,56.52181818181818,29.465
2021-01-15 17:00:00,23.0,42.0,68.79,24.06
2021-01-15 18:00:00,25.88,51.89,68.78,23.45
2021-01-15 19:00:00,30.0,38.0,73.47,22.91
2021-01-15 20:00:00,30.0,37.0,75.17,22.56
2021-01-15 21:00:00,24.2,35.02,74.56,22.55
2021-01-15 22:00:00,18.0,31.0,77.27,22.45
2021-01-15 23:00:00,20.95,42.93,73.22,22.32
2021-01-16 00:00:00,20.0,37.0,71.79,21.55
2021-01-16 01:00:00,27.87,40.98,67.67,21.22
2021-01-16 02:00:00,43.87,59.58,68.55,21.31
2021-01-16 03:00:00,36.17,60.0,71.39,21.47
2021-01-16 04:00:00,26.0,42.0,77.27,21.17
2021-01-16 05:00:00,29.0,50.0,76.82,20.63
2021-01-16 06:00:00,24.16,53.95,75.47,20.49
2021-01-16 07:00:00,27.0,61.0,68.68,21.35
2021-01-16 08:00:00,33.0,65.0,57.92,24.12
2021-01-16 09:00:00,40.0,66.0,53.75,24.51
2021-01-16 10:00:00,46.0,71.0,52.6,26.23
2021-01-16 11:00:00,44.13,64.16,48.52090909090909,30.210000000000004
2021-01-16 12:00:00,21.77,50.08,54.67,25.48
2021-01-16 13:00:00,54.817692307692305,142.31416666666667,46.93727272727272,31.953333333333333
2021-01-16 14:00:00,46.42363636363636,111.99499999999998,51.32899999999999,31.75272727272727
2021-01-16 15:00:00,45.01923076923077,111.81916666666667,53.59363636363637,30.83583333333333
2021-01-16 16:00:00,48.68583333333333,113.949,58.159000000000006,29.744545454545456
2021-01-16 17:00:00,22.0,47.0,73.33,23.55
2021-01-16 18:00:00,28.88,52.98,75.69,23.15
2021-01-16 19:00:00,45.72,86.91,75.92,22.86
2021-01-16 20:00:00,40.1,69.1,76.76,22.76
2021-01-16 21:00:00,49.0,80.0,76.51,22.52
2021-01-16 22:00:00,57.85,80.0,75.66,22.13
2021-01-16 23:00:00,47.18,77.01,79.14,21.95
2021-01-17 00:00:00,41.23,69.09,78.49,21.84
2021-01-17 01:00:00,47.0,67.0,78.46,21.77
2021-01-17 02:00:00,38.0,73.0,81.73,21.52
2021-01-17 03:00:00,41.93,69.01,84.91,21.44
2021-01-17 04:00:00,45.0,74.0,87.74,21.41
2021-01-17 05:00:00,38.12,67.04,86.85,21.48
2021-01-17 06:00:00,46.85,73.98,87.5,21.52
2021-01-17 07:00:00,53.77,69.06,87.51,21.34
2021-01-17 08:00:00,56.9,73.97,79.01,22.85
2021-01-17 09:00:00,55.0,83.0,70.84,24.41
2021-01-17 10:00:00,53.0,78.0,63.39,25.58
2021-01-17 11:00:00,27.36,57.06,60.19,26.66
2021-01-17 12:00:00,22.16,53.05,62.5,25.55
2021-01-17 13:00:00,18.0,48.0,61.28,25.41
2021-01-17 14:00:00,22.0,50.0,51.588,32.054545454545455
2021-01-17 15:00:00,11.37,41.1,65.25,24.96
2021-01-17 16:00:00,17.88,40.0,66.96,24.73
2021-01-17 17:00:00,14.07,45.98,70.75,24.29
2021-01-17 18:00:00,14.0,40.0,73.56,23.83
2021-01-17 19:00:00,10.07,38.01,76.2,23.68
2021-01-17 20:00:00,13.0,35.0,78.97,23.34
2021-01-17 21:00:00,17.67,34.01,78.69,23.28
2021-01-17 22:00:00,29.0,46.0,79.91,22.53
2021-01-17 23:00:00,19.28,42.02,80.37,22.66
2021-01-18 00:00:00,19.98,36.03,81.73,22.38
2021-01-18 01:00:00,20.0,39.0,83.17,22.47
2021-01-18 02:00:00,59.296666666666674,133.57090909090908,82.21222222222222,22.964
2021-01-18 03:00:00,18.95,31.02,84.28,22.52
2021-01-18 04:00:00,17.03,32.99,83.96,22.33
2021-01-18 05:00:00,16.0,37.0,82.47,22.24
2021-01-18 06:00:00,19.87,33.02,82.34,22.24
2021-01-18 07:00:00,19.03,34.0,84.62,22.09
2021-01-18 08:00:00,19.94,32.02,82.45,22.74
2021-01-18 09:00:00,50.69416666666667,103.69636363636364,73.383,26.80818181818182
2021-01-18 10:00:00,53.56545454545455,111.3309090909091,61.11363636363637,29.010833333333338
2021-01-18 11:00:00,22.0,41.0,66.54,26.95
2021-01-18 12:00:00,33.8,47.96,66.0,26.89
2021-01-18 13:00:00,2.27,29.05,67.3,31.4
2021-01-18 14:00:00,18.68,34.97,69.88,30.64
2021-01-18 15:00:00,29.0,48.0,68.41,30.34
2021-01-18 16:00:00,13.54,38.05,68.03,29.91
2021-01-18 17:00:00,17.0,35.0,73.31,29.09
2021-01-18 18:00:00,9.13,31.05,74.09,28.03
2021-01-18 19:00:00,9.0,30.0,77.89,27.2
2021-01-18 20:00:00,12.93,33.98,81.09,26.64
2021-01-18 21:00:00,14.93,38.97,80.02,26.34
2021-01-18 22:00:00,21.0,38.0,60.61,25.89
2021-01-18 23:00:00,21.98,42.98,58.16,25.01
2021-01-19 00:00:00,24.0,43.0,51.89,24.36
2021-01-19 01:00:00,26.96,39.01,46.13,24.14
2021-01-19 02:00:00,20.0,37.0,63.92,23.75
2021-01-19 03:00:00,12.13,38.0,67.93,23.5
2021-01-19 04:00:00,14.9,30.05,72.85,23.73
2021-01-19 05:00:00,17.95,37.98,68.24,23.49
2021-01-19 06:00:00,22.0,40.0,67.29,23.08
2021-01-19 07:00:00,41.0,59.0,71.17,23.06
2021-01-19 08:00:00,39.05,60.0,64.25,24.34
2021-01-19 09:00:00,33.16,52.09,62.77,27.14
2021-01-19 10:00:00,37.92,65.92,59.15,29.91
2021-01-19 11:00:00,47.86,82.95,58.42,32.02
2021-01-19 12:00:00,78.0,120.0,61.38,32.74
2021-01-19 13:00:00,84.80153846153847,176.25333333333333,49.685,32.82
2021-01-19 14:00:00,45.25,92.02,64.54,33.02
2021-01-19 15:00:00,42.09,90.0,71.93,32.51
2021-01-19 16:00:00,36.0,173.9909090909091,57.157000000000004,30.98
2021-01-19 17:00:00,37.0,80.0,75.85,29.55
2021-01-19 18:00:00,39.9,79.0,78.09,28.63
2021-01-19 19:00:00,35.07,66.03,79.05,27.89
2021-01-19 20:00:00,36.0,74.0,77.62,27.01
2021-01-19 21:00:00,29.23,66.05,73.4718181818182,26.48
2021-01-19 22:00:00,39.0,58.0,76.98,26.1
2021-01-19 23:00:00,49.82,69.97,75.53,25.55
2021-01-20 00:00:00,62.75,91.88,73.78,25.12
2021-01-20 01:00:00,75.78,103.97,72.78,24.82
2021-01-20 02:00:00,57.0,87.0,79.53,24.58
2021-01-20 03:00:00,51.1,81.03,77.52,24.09
2021-01-20 04:00:00,43.13,81.0,76.34,23.56
2021-01-20 05:00:00,46.86,77.02,75.05,23.34
2021-01-20 06:00:00,59.0,89.0,65.77,23.18
2021-01-20 07:00:00,59.0,80.05,64.81,23.1
2021-01-20 08:00:00,51.11,84.98,68.11,24.28
2021-01-20 09:00:00,57.0,90.0,54.08,27.24
2021-01-20 10:00:00,30.0,59.0,59.86,30.19
2021-01-20 11:00:00,76.35,86.92,58.59,31.32
2021-01-20 12:00:00,54.0,80.0,55.09,31.82
2021-01-20 13:00:00,54.98,88.0,58.87,32.22
2021-01-20 14:00:00,41.23,67.12,63.16,31.88
2021-01-20 15:00:00,41.98,70.99,66.28,31.3
2021-01-20 16:00:00,43.94,69.02,64.13,30.56
2021-01-20 17:00:00,44.0,68.0,62.09,29.72
2021-01-20 18:00:00,42.05,65.02,63.33,28.69
2021-01-20 19:00:00,30.8,55.11,62.2,27.37
2021-01-20 20:00:00,28.06,56.0,62.11,26.74
2021-01-20 21:00:00,28.0,50.0,64.12,26.64
2021-01-20 22:00:00,28.96,55.97,55.04,25.71
2021-01-20 23:00:00,39.27,56.99,52.46,24.45
2021-01-21 00:00:00,32.27,49.05,63.9,23.7
2021-01-21 01:00:00,36.92,52.99,67.59,23.32
2021-01-21 02:00:00,32.08,55.0,71.79,23.38
2021-01-21 03:00:00,34.0,46.0,70.0,22.84
2021-01-21 04:00:00,31.1,61.91,64.73,22.94
2021-01-21 05:00:00,46.47,76.91,72.08,22.7
2021-01-21 06:00:00,40.23,67.06,73.86,22.42
2021-01-21 07:00:00,37.0,59.0,75.237,22.38
2021-01-21 08:00:00,38.97,68.97,64.84,23.25
2021-01-21 09:00:00,50.0,85.0,60.76,25.68
2021-01-21 10:00:00,73.34,96.94,61.58,27.97
2021-01-21 11:00:00,73.03,96.0,58.14,29.29
2021-01-21 12:00:00,72.03,120.0,56.04,26.61
2021-01-21 13:00:00,61.18,103.09,56.74,26.1
2021-01-21 14:00:00,54.1,101.0,56.09,26.19
2021-01-21 15:00:00,42.4,87.08,63.38,24.99
2021-01-21 16:00:00,51.86,99.0,63.71,24.82
2021-01-21 17:00:00,51.03,99.0,63.48,24.61
2021-01-21 18:00:00,47.07,94.02,67.97,23.73
2021-01-21 19:00:00,52.9,93.0,66.58,23.38
2021-01-21 20:00:00,37.0,77.0,69.26,23.19
2021-01-21 21:00:00,35.0,69.0,75.15,22.7
2021-01-21 22:00:00,34.0,66.0,75.79,22.49
2021-01-21 23:00:00,32.03,73.98,77.75,22.16
2021-01-22 00:00:00,49.7,80.98,79.0,21.9
2021-01-22 01:00:00,45.07,80.0,78.78,21.69
2021-01-22 02:00:00,50.9,73.0,77.28,21.59
2021-01-22 03:00:00,48.04,80.98,79.67,21.25
2021-01-22 04:00:00,47.01,68.0,80.91,21.1
2021-01-22 05:00:00,48.0,76.0,78.31,20.69
2021-01-22 06:00:00,45.05,78.99,81.99,20.54
2021-01-22 07:00:00,79.03,113.0,82.93,20.3
2021-01-22 08:00:00,102.0,133.0,76.38,21.7
2021-01-22 09:00:00,102.98,137.99,68.09,22.52
2021-01-22 10:00:00,95.0,142.0,63.34,23.37
2021-01-22 11:00:00,109.5,151.0,64.62,23.89
2021-01-22 12:00:00,89.29,128.0,59.18,25.92
2021-01-22 13:00:00,50.0,95.0,61.45,25.61
2021-01-22 14:00:00,49.0,97.0,66.32,25.49
2021-01-22 15:00:00,46.1,90.04,69.94,25.04
2021-01-22 16:00:00,34.2,88.0,74.42,24.72
2021-01-22 17:00:00,38.93,94.98,75.69,24.31
2021-01-22 18:00:00,43.0,92.0,81.15,23.48
2021-01-22 19:00:00,53.82,110.95,79.51,23.32
2021-01-22 20:00:00,54.0,92.05,76.04,23.41
2021-01-22 21:00:00,58.93,85.02,75.73,23.34
2021-01-22 22:00:00,52.0,79.0,75.73,24.104166666666668
2021-01-22 23:00:00,54.95,83.98,73.78,22.59
2021-01-23 00:00:00,62.87,76.05,76.11,22.59
2021-01-23 01:00:00,50.18,83.0,81.41,22.41
2021-01-23 02:00:00,53.93,89.0,83.94,21.77
2021-01-23 03:00:00,53.0,92.0,76.27,22.28
2021-01-23 04:00:00,62.83,96.98,69.72,22.48
2021-01-23 05:00:00,70.73,107.94,70.51,22.45
2021-01-23 06:00:00,54.94,90.0,69.69,22.25
2021-01-23 07:00:00,40.47,71.0,62.91,22.52
2021-01-23 08:00:00,39.0,71.0,58.59,23.51
2021-01-23 09:00:00,29.0,66.0,50.12,25.73
2021-01-23 10:00:00,53.65,84.0,63.52,24.69
2021-01-23 11:00:00,110.05,140.84,66.98,24.77
2021-01-23 12:00:00,114.93,175.9,61.51,26.27
2021-01-23 13:00:00,109.2,151.0,59.59,26.65
2021-01-23 14:00:00,67.0,113.0,64.4,26.51
2021-01-23 15:00:00,50.0,98.0,69.1,25.83
2021-01-23 16:00:00,48.06,100.98,73.09,25.3
2021-01-23 17:00:00,56.85,118.95,80.12,24.18
2021-01-23 18:00:00,53.11,106.0,83.55,23.36
2021-01-23 19:00:00,31.73,74.18,85.11,23.02
2021-01-23 20:00:00,38.47,75.98,85.77,22.93
2021-01-23 21:00:00,74.78166666666668,157.48166666666665,75.37699999999998,25.08909090909091
2021-01-23 22:00:00,73.7225,174.0218181818182,78.025,24.58090909090909
2021-01-23 23:00:00,85.4775,195.7744444444444,79.36285714285714,24.2425
2021-01-24 00:00:00,76.826,197.71,77.77,22.6725
2021-01-24 01:00:00,77.16777777777777,190.84,80.47571428571428,22.9225
2021-01-24 02:00:00,73.34,147.495,80.17,20.634
2021-01-24 03:00:00,65.2225,174.04875,83.15800000000002,21.888333333333335
2021-01-24 04:00:00,79.1511111111111,190.40375,81.0457142857143,22.45625
2021-01-24 05:00:00,53.541999999999994,138.54333333333332,78.90666666666667,21.9625
2021-01-24 06:00:00,80.24142857142859,166.1766666666667,89.44800000000001,21.133333333333333
2021-01-24 07:00:00,81.95,183.4,84.728,20.728333333333335
2021-01-24 08:00:00,123.3,216.25,86.95500000000001,23.676666666666666
2021-01-24 09:00:00,68.0,109.0,69.75750000000001,26.78666666666667
2021-01-24 10:00:00,58.14,97.0,59.37,26.62
2021-01-24 11:00:00,55.0,82.0,59.2,26.11
2021-01-24 12:00:00,28.38,62.0,59.01,26.39
2021-01-24 13:00:00,14.39,51.0,62.44,26.15
2021-01-24 14:00:00,13.0,51.0,67.31,25.49
2021-01-24 15:00:00,21.75,55.0,70.77,24.84
2021-01-24 16:00:00,28.77,63.0,71.53,24.56
2021-01-24 17:00:00,40.83,64.0,72.11,24.1
2021-01-24 18:00:00,30.15,57.0,71.71,23.59
2021-01-24 19:00:00,34.84,56.0,74.0,23.28
2021-01-24 20:00:00,35.0,57.0,73.32333333333332,25.059000000000005
2021-01-24 21:00:00,38.93,67.0,76.7,22.48
2021-01-24 22:00:00,53.0,88.0,70.19,22.28
2021-01-24 23:00:00,59.8,101.0,70.11,22.18
2021-01-25 00:00:00,65.9,95.02,69.09,21.85
2021-01-25 01:00:00,80.0,101.0,69.48,21.39
2021-01-25 02:00:00,72.11,88.0,68.98,21.25
2021-01-25 03:00:00,74.94,100.0,69.16,21.1
2021-01-25 04:00:00,64.15,86.0,69.53,20.58
2021-01-25 05:00:00,49.41,86.0,72.87,20.29
2021-01-25 06:00:00,53.86,92.0,71.62,20.33
2021-01-25 07:00:00,68.0,100.0,70.69,20.16
2021-01-25 08:00:00,78.0,106.0,56.94,22.25
2021-01-25 09:00:00,85.89,103.0,56.48,23.13
2021-01-25 10:00:00,79.0,98.0,60.41,22.7
2021-01-25 11:00:00,75.11,95.0,55.59,25.24
2021-01-25 12:00:00,53.61,103.0,51.47,25.31
2021-01-25 13:00:00,36.0,86.0,51.33,25.39
2021-01-25 14:00:00,32.0,81.0,52.98,25.0
2021-01-25 15:00:00,31.02,85.0,53.59,24.74
2021-01-25 16:00:00,22.12,76.0,58.2,24.14
2021-01-25 17:00:00,25.89,78.0,62.27,23.49
2021-01-25 18:00:00,37.6,84.0,68.35,22.91
2021-01-25 19:00:00,38.0,83.0,74.98,22.46
2021-01-25 20:00:00,38.97,91.0,73.99909090909091,23.9525
2021-01-25 21:00:00,36.0,89.0,72.43636363636364,23.353333333333335
2021-01-25 22:00:00,37.97,92.0,73.04,21.95
2021-01-25 23:00:00,43.0,97.0,73.45,21.67
2021-01-26 00:00:00,38.0,86.0,72.37,21.25
2021-01-26 01:00:00,41.95,91.0,74.63,20.98
2021-01-26 02:00:00,44.0,84.0,75.69,20.75
2021-01-26 03:00:00,48.86,77.0,72.91,20.48
2021-01-26 04:00:00,58.72,84.0,74.58,20.24
2021-01-26 05:00:00,67.75,97.0,74.98,20.02
2021-01-26 06:00:00,67.02,97.01,73.55,19.75
2021-01-26 07:00:00,67.0,101.0,72.04,19.67
2021-01-26 08:00:00,87.71,112.0,67.95,22.07
2021-01-26 09:00:00,99.6,142.0,63.37,22.22
2021-01-26 10:00:00,81.53,106.0,63.12,22.28
2021-01-26 11:00:00,85.0,117.0,61.77,23.23
2021-01-26 12:00:00,73.0,107.0,54.87,24.79
2021-01-26 13:00:00,51.61,89.0,59.58,24.36
2021-01-26 14:00:00,26.35,75.0,64.92,24.2
2021-01-26 15:00:00,26.0,79.0,66.94,23.62
2021-01-26 16:00:00,31.92,88.0,68.29,23.44
2021-01-26 17:00:00,32.0,82.98,68.72,23.0
2021-01-26 18:00:00,35.95,77.0,71.19,22.42
2021-01-26 19:00:00,39.0,78.0,77.22,21.91
2021-01-26 20:00:00,40.0,90.0,76.46,21.85
2021-01-26 21:00:00,27.18,85.0,71.09,21.62
2021-01-26 22:00:00,27.0,84.03,73.73,20.98
2021-01-26 23:00:00,45.73,88.0,74.15,20.66
2021-01-27 00:00:00,54.85,95.0,77.56,20.2
2021-01-27 01:00:00,55.0,93.0,77.69,20.27
2021-01-27 02:00:00,63.0,90.0,73.66,19.82
2021-01-27 03:00:00,42.59,75.0,76.63,19.77
2021-01-27 04:00:00,43.97,73.0,78.38,19.74
2021-01-27 05:00:00,71.61,96.0,78.73,19.27
2021-01-27 06:00:00,44.0,86.0,78.65,19.27
2021-01-27 07:00:00,49.0,82.0,75.7,19.91
2021-01-27 08:00:00,55.9,86.06,75.45,20.72
2021-01-27 09:00:00,69.0,106.0,71.49,21.31
2021-01-27 10:00:00,87.0,112.0,68.77,22.12
2021-01-27 11:00:00,69.5,100.0,62.98,24.45
2021-01-27 12:00:00,52.47,95.0,59.09,24.25
2021-01-27 13:00:00,30.3,75.0,62.44,23.9
2021-01-27 14:00:00,23.2,72.96,62.42,24.02
2021-01-27 15:00:00,15.09,66.0,65.38,24.05
2021-01-27 16:00:00,20.0,71.02,68.94,23.82
2021-01-27 17:00:00,33.84,75.0,72.9,23.16
2021-01-27 18:00:00,34.98,71.0,75.55,22.52
2021-01-27 19:00:00,37.96,75.0,78.05,21.93
2021-01-27 20:00:00,32.08,69.0,78.22,21.91
2021-01-27 21:00:00,28.05,61.0,82.78,21.64
2021-01-27 22:00:00,37.0,82.99,76.48,21.26
2021-01-27 23:00:00,39.96,80.0,77.95,20.05
2021-01-28 00:00:00,40.98,82.03,81.24,20.18
2021-01-28 01:00:00,54.8,93.97,78.5,20.45
2021-01-28 02:00:00,58.95,83.0,76.46,20.42
2021-01-28 03:00:00,51.09,82.0,68.88,20.32
2021-01-28 04:00:00,44.12,75.98,71.39,19.45
2021-01-28 05:00:00,46.94,70.0,84.175,18.70307692307692
2021-01-28 06:00:00,72.0,100.0,74.81,19.55
2021-01-28 07:00:00,54.0,94.0,73.42,19.26
2021-01-28 08:00:00,49.07,89.0,70.17,21.52
2021-01-28 09:00:00,66.75,108.0,61.41,23.7
2021-01-28 10:00:00,60.0,91.06,56.57,24.99
2021-01-28 11:00:00,66.9,103.0,64.48,23.3
2021-01-28 12:00:00,67.0,108.82,60.06,24.41
2021-01-28 13:00:00,43.33,77.0,62.77,24.34
2021-01-28 14:00:00,30.0,76.94,66.91,24.12
2021-01-28 15:00:00,15.0,67.0,67.31,24.31
2021-01-28 16:00:00,22.0,79.0,67.39,24.05
2021-01-28 17:00:00,30.88,90.0,74.53,23.18
2021-01-28 18:00:00,60.58,115.0,79.36,21.99
2021-01-28 19:00:00,43.25,89.0,79.8,21.59
2021-01-28 20:00:00,26.23,77.0,78.37,21.71
2021-01-28 21:00:00,23.04,69.0,74.44,21.61
2021-01-28 22:00:00,24.98,70.99,72.23,21.02
2021-01-28 23:00:00,40.82,68.0,72.69,20.8
2021-01-29 00:00:00,49.0,81.0,74.21,20.34
2021-01-29 01:00:00,51.94,78.97,74.01,20.07
2021-01-29 02:00:00,52.0,73.0,75.53,19.73
2021-01-29 03:00:00,49.09,76.0,73.95,19.63
2021-01-29 04:00:00,48.0,73.0,72.62,19.48
2021-01-29 05:00:00,41.2,72.01,67.47,19.41
2021-01-29 06:00:00,46.92,75.0,68.98,19.24
2021-01-29 07:00:00,40.19,74.0,72.22,19.32
2021-01-29 08:00:00,58.79,77.0,66.37,21.62
2021-01-29 09:00:00,54.0,89.0,65.63333333333331,23.810000000000002
2021-01-29 10:00:00,51.0,89.0,51.06,26.48
2021-01-29 11:00:00,57.81,87.0,58.72,23.73
2021-01-29 12:00:00,63.0,87.0,60.58,24.38
2021-01-29 13:00:00,52.3,79.0,59.01,25.36
2021-01-29 14:00:00,45.1,91.0,63.56,24.67
2021-01-29 15:00:00,25.22,67.03,67.58,24.39
2021-01-29 16:00:00,29.93,76.97,68.62,24.31
2021-01-29 17:00:00,22.0,66.0,74.74,23.52
2021-01-29 18:00:00,32.0,80.0,74.12,22.8
2021-01-29 19:00:00,41.78,80.0,76.45,22.62
2021-01-29 20:00:00,42.0,74.0,80.68,22.28
2021-01-29 21:00:00,30.27,62.0,83.0,22.14
2021-01-29 22:00:00,48.73,70.0,81.62,21.67
2021-01-29 23:00:00,41.11,67.0,81.46,21.43
2021-01-30 00:00:00,52.0,89.0,80.48,21.33
2021-01-30 01:00:00,31.59,72.88,80.39,21.02
2021-01-30 02:00:00,21.14,51.02,79.66,20.61
2021-01-30 03:00:00,35.66,54.0,78.59,20.5
2021-01-30 04:00:00,48.0,72.0,83.25,20.68
2021-01-30 05:00:00,100.89,104.0,82.47,20.74
2021-01-30 06:00:00,106.97,158.0,82.52,20.28
2021-01-30 07:00:00,104.04,151.86,81.86,20.19
2021-01-30 08:00:00,83.23,126.0,70.49,21.94
2021-01-30 09:00:00,69.0,123.99,61.85,23.8
2021-01-30 10:00:00,77.9,122.0,63.63,23.59
2021-01-30 11:00:00,54.0,91.0,59.74,24.51
2021-01-30 12:00:00,59.84,91.15,53.09,26.85
2021-01-30 13:00:00,64.0,117.98,60.37,26.9
2021-01-30 14:00:00,64.0,114.0,63.49,26.44
2021-01-30 15:00:00,50.0,88.0,66.56,25.88
2021-01-30 16:00:00,31.0,73.95,71.62,24.95
2021-01-30 17:00:00,27.0,65.0,74.31,24.24
2021-01-30 18:00:00,28.95,60.0,62.25545454545454,27.245833333333334
2021-01-30 19:00:00,34.93,58.0,76.3,22.98
2021-01-30 20:00:00,31.05,54.98,69.11,23.0
2021-01-30 21:00:00,25.0,47.0,61.16,23.27
2021-01-30 22:00:00,37.64,56.0,57.26,22.79
2021-01-30 23:00:00,38.0,67.0,69.73636363636363,22.265833333333333
2021-01-31 00:00:00,26.0,60.0,68.83,21.88
2021-01-31 01:00:00,42.81,88.0,73.01,21.09
2021-01-31 02:00:00,34.0,63.0,79.18,21.12
2021-01-31 03:00:00,41.0,63.02,81.81,20.81
2021-01-31 04:00:00,47.92,69.09,80.96,20.84
2021-01-31 05:00:00,60.0,84.02,80.14,20.82
2021-01-31 06:00:00,59.0,87.55,78.89,20.41
2021-01-31 07:00:00,87.68,127.92,71.05,20.63
2021-01-31 08:00:00,68.56,99.0,70.09,21.25
2021-01-31 09:00:00,59.12,101.09,67.72,22.24
2021-01-31 10:00:00,90.56,133.89,58.88,23.65
2021-01-31 11:00:00,65.5,95.0,55.84,24.12
2021-01-31 12:00:00,62.11,87.0,56.36,25.29
2021-01-31 13:00:00,49.29,81.0,46.51,27.73
2021-01-31 14:00:00,40.0,81.95,62.84,26.03
2021-01-31 15:00:00,28.32,62.95,67.12,25.24
2021-01-31 16:00:00,8.55,46.02,70.31,25.0
2021-01-31 17:00:00,17.0,54.98,70.18,24.51
2021-01-31 18:00:00,24.91,51.01,71.25,23.8
2021-01-31 19:00:00,25.0,55.0,76.88,23.12
2021-01-31 20:00:00,25.0,49.0,65.37,23.19
2021-01-31 21:00:00,20.07,50.03,73.31,22.97
2021-01-31 22:00:00,28.9,63.0,74.36,22.75
2021-01-31 23:00:00,46.94,73.0,76.32,22.51
2021-02-01 00:00:00,23.35,56.0,81.3,22.26
2021-02-01 01:00:00,24.98,56.03,77.51,22.35
2021-02-01 02:00:00,42.75,69.0,70.26,22.37
2021-02-01 03:00:00,39.05,70.0,73.16,22.18
2021-02-01 04:00:00,44.93,72.02,77.25,21.64
2021-02-01 05:00:00,45.99,78.02,71.75,21.92
2021-02-01 06:00:00,52.9,83.0,68.65,21.86
2021-02-01 07:00:00,53.0,81.0,65.77,22.03
2021-02-01 08:00:00,41.13,80.01,64.94,23.16
2021-02-01 09:00:00,41.0,83.96,62.62,24.27
2021-02-01 10:00:00,38.04,70.03,55.29,25.91
2021-02-01 11:00:00,40.97,82.04,48.24,27.83
2021-02-01 12:00:00,54.84,89.04,48.73,28.64
2021-02-01 13:00:00,62.91,95.98,56.75,28.79
2021-02-01 14:00:00,52.12,90.92,60.34,27.37
2021-02-01 15:00:00,39.14,76.97,65.75,26.64
2021-02-01 16:00:00,19.22,67.0,65.57,26.6
2021-02-01 17:00:00,24.93,69.0,67.89,26.17
2021-02-01 18:00:00,32.89,69.97,70.29,25.03
2021-02-01 19:00:00,30.03,64.03,65.61,24.94
2021-02-01 20:00:00,46.81,74.0,65.46,24.73
2021-02-01 21:00:00,41.08,67.12,70.6,24.12
2021-02-01 22:00:00,34.06,88.0,77.89,23.5
2021-02-01 23:00:00,28.07,88.0,80.29,23.31
2021-02-02 00:00:00,49.7,109.0,82.08,23.05
2021-02-02 01:00:00,39.15,74.04,83.02,22.93
2021-02-02 02:00:00,49.0,79.12,81.22,23.28
2021-02-02 03:00:00,65.0,99.93,74.51,23.35
2021-02-02 04:00:00,85.71,97.09,72.28,23.33
2021-02-02 05:00:00,107.0,129.01,77.06,22.73
2021-02-02 06:00:00,104.04,131.03,77.61,22.59
2021-02-02 07:00:00,102.03,142.0,72.27,22.77
2021-02-02 08:00:00,102.0,152.44,60.8,24.64
2021-02-02 09:00:00,56.51,102.92,51.85,25.73
2021-02-02 10:00:00,47.08,74.0,45.77,26.98
2021-02-02 11:00:00,64.57153846153847,182.58416666666665,38.21818181818181,33.28
2021-02-02 12:00:00,52.715,171.18800000000002,45.58,28.83
2021-02-02 13:00:00,42.58384615384615,141.14846153846153,29.868333333333336,35.75615384615385
2021-02-02 14:00:00,37.0,45.0,25.354166666666668,36.41461538461538
2021-02-02 15:00:00,39.96,47.05,50.86,29.99
2021-02-02 16:00:00,23.23,61.02,69.75,27.42
2021-02-02 17:00:00,39.53,69.01,77.77,25.52
2021-02-02 18:00:00,35.14,71.0,79.93,24.77
2021-02-02 19:00:00,31.05,72.22,77.91,24.24
2021-02-02 20:00:00,40.78,92.0,73.12,24.23
2021-02-02 21:00:00,33.11,70.98,63.74,24.58
2021-02-02 22:00:00,30.03,63.01,59.67,24.3
2021-02-02 23:00:00,41.83,67.0,58.0,23.98
2021-02-03 00:00:00,39.0,74.84,61.11,23.28
2021-02-03 01:00:00,102.24833333333335,227.38538461538457,72.64636363636363,23.128333333333334
2021-02-03 02:00:00,26.01,57.0,68.15,22.34
2021-02-03 03:00:00,33.0,64.0,72.94,21.78
2021-02-03 04:00:00,46.84,67.0,84.2,21.79
2021-02-03 05:00:00,46.0,66.03,83.1,21.63
2021-02-03 06:00:00,40.14,69.06,81.8,21.3
2021-02-03 07:00:00,63.0,80.1,81.79,21.77
2021-02-03 08:00:00,78.56,114.98,75.89,22.86
2021-02-03 09:00:00,70.18,109.0,74.59,22.72
2021-02-03 10:00:00,98.0,125.25,67.65,24.06
2021-02-03 11:00:00,111.0,148.0,56.75,25.59
2021-02-03 12:00:00,110.02,138.88,32.08083333333334,33.655833333333334
2021-02-03 13:00:00,101.1,116.69,33.21,28.29
2021-02-03 14:00:00,37.45,61.97,30.43,30.66
2021-02-03 15:00:00,26.0,51.94,34.7225,33.2875
2021-02-03 16:00:00,21.07,40.03,48.37,27.7
2021-02-03 17:00:00,29.0,44.98,58.43,26.34
2021-02-03 18:00:00,29.0,44.02,64.13,25.24
2021-02-03 19:00:00,28.01,46.0,69.25,24.74
2021-02-03 20:00:00,28.0,47.03,65.63166666666666,25.994999999999994
2021-02-03 21:00:00,28.0,55.95,76.15,23.84
2021-02-03 22:00:00,29.95,48.05,76.97,23.6
2021-02-03 23:00:00,33.94,52.05,79.79,23.31
2021-02-04 00:00:00,41.0,62.03,81.42,22.81
2021-02-04 01:00:00,55.83,75.07,76.16,22.88
2021-02-04 02:00:00,79.73,87.97,76.83,22.65
2021-02-04 03:00:00,62.0,83.05,76.83,22.06
2021-02-04 04:00:00,68.9,91.14,76.58,21.83
2021-02-04 05:00:00,69.96,108.0,78.15,21.62
2021-02-04 06:00:00,62.22,85.94,69.97,22.29
2021-02-04 07:00:00,43.07,75.0,70.79,22.21
2021-02-04 08:00:00,56.0,91.13,70.86,22.73
2021-02-04 09:00:00,78.0,103.07,67.62,23.28
2021-02-04 10:00:00,79.0,108.0,64.57,23.55
2021-02-04 11:00:00,83.89,120.0,59.54,24.42
2021-02-04 12:00:00,80.06,116.49,53.67,26.72
2021-02-04 13:00:00,41.0,70.93,45.28545454545454,32.26916666666667
2021-02-04 14:00:00,31.0,68.06,64.85,25.53
2021-02-04 15:00:00,31.0,78.0,63.62,25.41
2021-02-04 16:00:00,43.0,177.72076923076924,52.205000000000005,31.066153846153842
2021-02-04 17:00:00,46.0,104.91,72.94,24.43
2021-02-04 18:00:00,45.04,88.0,73.51,23.96
2021-02-04 19:00:00,40.0,192.20769230769233,68.38416666666666,26.303076923076922
2021-02-04 20:00:00,39.01,76.0,72.94,23.52
2021-02-04 21:00:00,39.0,75.02,68.54,23.57
2021-02-04 22:00:00,47.76,79.0,64.37,23.45
2021-02-04 23:00:00,49.98,74.0,69.39,22.88
2021-02-05 00:00:00,61.0,80.02,69.27,22.71
2021-02-05 01:00:00,53.0,84.0,70.97,22.5
2021-02-05 02:00:00,44.1,79.92,73.22,22.8
2021-02-05 03:00:00,24.28,49.99,75.74,22.38
2021-02-05 04:00:00,22.02,48.98,81.83,21.89
2021-02-05 05:00:00,24.0,46.87,80.27749999999999,21.75692307692308
2021-02-05 06:00:00,22.02,41.04,74.91,21.62
2021-02-05 07:00:00,77.39357142857143,151.67538461538464,77.13833333333334,21.305384615384614
2021-02-05 08:00:00,79.95285714285714,189.76153846153846,61.26,24.55
2021-02-05 09:00:00,90.0,93.94,56.77,25.12
2021-02-05 10:00:00,57.0,193.12153846153845,49.620000000000005,29.004615384615384
2021-02-05 11:00:00,90.62,127.97,55.63,25.74
2021-02-05 12:00:00,72.21,115.0,55.75,26.59
2021-02-05 13:00:00,29.47,62.0,56.96,26.34
2021-02-05 14:00:00,22.07,57.16,57.43,26.27
2021-02-05 15:00:00,31.78,71.0,65.55,25.45
2021-02-05 16:00:00,34.91,76.92,67.44,24.87
2021-02-05 17:00:00,31.05,67.0,69.68,24.51
2021-02-05 18:00:00,37.92,65.5,70.86,23.88
2021-02-05 19:00:00,81.0,110.0,59.505,26.353846153846156
2021-02-05 20:00:00,32.0,62.95,68.73,23.54
2021-02-05 21:00:00,24.0,53.04,63.65,23.31
2021-02-05 22:00:00,18.07,55.1,55.7,23.17
2021-02-05 23:00:00,28.76,64.0,54.15,22.97
2021-02-06 00:00:00,18.0,53.0,48.42,22.77
2021-02-06 01:00:00,29.87,47.08,42.08,22.85
2021-02-06 02:00:00,30.99,56.99,46.81,21.95
2021-02-06 03:00:00,33.97,55.97,48.99,21.53
2021-02-06 04:00:00,31.03,51.05,50.06,21.66
2021-02-06 05:00:00,40.0,60.18,51.31,21.23
2021-02-06 06:00:00,47.82,92.0,46.67,21.48
2021-02-06 07:00:00,41.08,66.1,49.75,21.42
2021-02-06 08:00:00,50.0,83.91,43.64,23.57
2021-02-06 09:00:00,50.0,76.21,46.88,24.05
2021-02-06 10:00:00,56.84,94.83,47.88,23.87
2021-02-06 11:00:00,36.0,64.0,44.58,25.48
2021-02-06 12:00:00,40.0,60.95,36.97,27.48
2021-02-06 13:00:00,33.0,51.06,35.45,28.84
2021-02-06 14:00:00,30.03,61.92,48.15,28.71
2021-02-06 15:00:00,19.24,48.0,42.916666666666664,33.23000000000001
2021-02-06 16:00:00,20.98,53.0,64.93,25.94
2021-02-06 17:00:00,15.27,54.0,50.40166666666668,30.79153846153846
2021-02-06 18:00:00,14.0,63.0,59.88,24.89
2021-02-06 19:00:00,25.0,68.0,67.22,24.55
2021-02-06 20:00:00,69.55357142857143,195.53,59.61083333333334,26.929230769230767
2021-02-06 21:00:00,30.98,54.07,49.66,25.87
2021-02-06 22:00:00,39.9,67.08,46.77,25.55
2021-02-06 23:00:00,56.0,81.0,42.39,25.44
2021-02-07 00:00:00,40.0,82.0,42.62,25.15
2021-02-07 01:00:00,30.22,66.0,47.88333333333335,25.618461538461535
2021-02-07 02:00:00,26.05,51.01,49.54,24.03
2021-02-07 03:00:00,28.94,52.0,50.14,23.61
2021-02-07 04:00:00,25.05,52.0,50.27,23.01
2021-02-07 05:00:00,28.91,55.0,51.68,22.46
2021-02-07 06:00:00,31.0,51.02,53.0,21.96
2021-02-07 07:00:00,22.25,56.05,49.04,22.48
2021-02-07 08:00:00,34.86,60.03,46.83,23.1
2021-02-07 09:00:00,42.0,65.05,44.47,24.06
2021-02-07 10:00:00,38.0,73.89,44.11,24.8
2021-02-07 11:00:00,38.0,55.0,39.69,26.26
2021-02-07 12:00:00,36.02,63.98,36.58,27.91
2021-02-07 13:00:00,42.92,59.93,33.17,29.34
2021-02-07 14:00:00,44.97,48.04,43.17,29.15
2021-02-07 15:00:00,30.0,55.0,48.58,27.72
2021-02-07 16:00:00,26.11,53.0,51.5,27.48
2021-02-07 17:00:00,28.0,48.0,66.32,25.3
2021-02-07 18:00:00,20.09,39.05,65.7,24.63
2021-02-07 19:00:00,29.78,47.0,65.66,24.28
2021-02-07 20:00:00,29.0,44.0,68.21,24.21
2021-02-07 21:00:00,22.16,52.05,46.93,25.57
2021-02-07 22:00:00,36.0,58.17,53.64,24.58
2021-02-07 23:00:00,44.0,71.02,61.2,23.62
2021-02-08 00:00:00,45.0,75.0,63.7,22.89
2021-02-08 01:00:00,43.0,74.0,70.61,22.75
2021-02-08 02:00:00,43.0,69.16,66.17,22.89
2021-02-08 03:00:00,60.0,81.02,61.75,22.38
2021-02-08 04:00:00,56.03,82.0,68.27,21.98
2021-02-08 05:00:00,64.8,84.0,65.36,22.01
2021-02-08 06:00:00,54.25,,57.77,22.11
2021-02-08 07:00:00,35.0,,56.2,22.14
2021-02-08 08:00:00,47.86,,52.19,23.37
2021-02-08 09:00:00,33.17,,49.81,23.84
2021-02-08 10:00:00,43.88,,46.78,25.11
2021-02-08 11:00:00,60.24,,46.19,25.71
2021-02-08 12:00:00,63.0,,33.34,28.41
2021-02-08 13:00:00,57.05,,28.6,29.18
2021-02-08 14:00:00,39.162142857142854,,26.94,30.05
2021-02-08 15:00:00,43.1,,53.81,27.7
2021-02-08 16:00:00,26.14,,53.44,27.35
2021-02-08 17:00:00,29.95,,52.14,26.6
2021-02-08 18:00:00,31.98,,69.73,24.83
2021-02-08 19:00:00,32.0,,73.77,24.0
2021-02-08 20:00:00,28.0,,65.57,23.8
2021-02-08 21:00:00,35.0,,50.05833333333334,25.686153846153847
2021-02-08 22:00:00,24.09,,48.44,23.81
2021-02-08 23:00:00,45.0,,49.74,23.68
2021-02-09 00:00:00,72.63,,55.7,22.95
2021-02-09 01:00:00,27.0,,54.99,22.47
2021-02-09 02:00:00,36.0,,67.01,21.67
2021-02-09 03:00:00,38.98,,61.48,22.15
2021-02-09 04:00:00,59.77,,63.05,21.81
2021-02-09 05:00:00,64.89,,68.84,21.37
2021-02-09 06:00:00,50.0,82.0,64.775,20.517272727272726
2021-02-09 07:00:00,54.95,82.22,66.56,21.85
2021-02-09 08:00:00,80.0,98.12,59.59,23.73
2021-02-09 09:00:00,60.22,112.74,50.12,24.63
2021-02-09 10:00:00,52.0,85.0,41.78,26.13
2021-02-09 11:00:00,58.94,85.55,37.45,27.02
2021-02-09 12:00:00,86.0,109.0,37.24,27.8
2021-02-09 13:00:00,55.26,81.0,29.68,29.63
2021-02-09 14:00:00,44.12,67.89,35.53,30.56
2021-02-09 15:00:00,39.05,58.34,46.27,29.41
2021-02-09 16:00:00,40.98,73.9,68.5,25.94
2021-02-09 17:00:00,31.11,67.03,68.55,25.22
2021-02-09 18:00:00,26.11,68.93,68.54,24.45
2021-02-09 19:00:00,32.0,59.0,72.06,23.96
2021-02-09 20:00:00,31.0,57.15,70.69,23.8
2021-02-09 21:00:00,31.0,62.07,63.91,23.88
2021-02-09 22:00:00,73.14636363636363,234.96249999999998,57.61181818181819,24.492500000000003
2021-02-09 23:00:00,93.69999999999999,255.54999999999998,62.19909090909091,23.462500000000002
2021-02-10 00:00:00,97.71166666666666,276.41583333333335,64.97454545454546,22.668333333333337
2021-02-10 01:00:00,99.86454545454545,276.85083333333336,67.51545454545455,21.96166666666667
2021-02-10 02:00:00,93.58250000000002,221.3166666666667,69.57636363636362,21.485
2021-02-10 03:00:00,86.7525,225.00916666666663,71.03999999999999,21.015833333333337
2021-02-10 04:00:00,84.20461538461538,203.75833333333333,70.92999999999999,20.766666666666666
2021-02-10 05:00:00,81.1625,190.91,70.94272727272727,20.6225
2021-02-10 06:00:00,82.70272727272727,192.44916666666666,70.75,20.388333333333332
2021-02-10 07:00:00,92.71545454545455,207.53666666666666,69.06454545454545,20.53166666666667
2021-02-10 08:00:00,97.0,241.6683333333333,67.23,22.83
2021-02-10 09:00:00,83.16,237.7484615384615,64.16,22.97
2021-02-10 10:00:00,95.89,146.0,61.39,23.49
2021-02-10 11:00:00,108.86,145.74,57.94,24.88
2021-02-10 12:00:00,83.22,126.72,48.24,28.67
2021-02-10 13:00:00,60.19,102.0,51.99,26.7
2021-02-10 14:00:00,23.31,59.0,56.69,25.92
2021-02-10 15:00:00,31.8,60.0,60.74,26.05
2021-02-10 16:00:00,35.95,67.0,71.48,25.31
2021-02-10 17:00:00,31.04,59.94,76.41,24.65
2021-02-10 18:00:00,23.09,55.04,77.01,24.16
2021-02-10 19:00:00,31.0,58.0,81.9,23.45
2021-02-10 20:00:00,41.75,86.0,75.3,23.26
2021-02-10 21:00:00,54.89,86.01,75.62,23.2
2021-02-10 22:00:00,54.0,87.15,73.62,22.46
2021-02-10 23:00:00,76.81,100.12,69.53,22.39
2021-02-11 00:00:00,83.92,115.0,68.81,22.3
2021-02-11 01:00:00,135.42,170.28,74.98,21.59
2021-02-11 02:00:00,28.21,90.1,78.78,21.72
2021-02-11 03:00:00,55.76,99.23,84.14,21.43
2021-02-11 04:00:00,59.97,105.76,84.72,21.3
2021-02-11 05:00:00,65.87,90.07,82.7,21.01
2021-02-11 06:00:00,69.97,95.37,82.75,20.9
2021-02-11 07:00:00,111.09,136.0,82.84,20.7
2021-02-11 08:00:00,91.81,123.75,60.55,24.48
2021-02-11 09:00:00,112.44,147.0,56.990833333333335,26.709230769230775
2021-02-11 10:00:00,87.0,149.72,62.34,24.24
2021-02-11 11:00:00,100.69,133.0,41.5225,31.693076923076923
2021-02-11 12:00:00,111.51,157.0,41.14874999999999,33.75375
2021-02-11 13:00:00,78.42153846153846,184.25375,44.63249999999999,33.803749999999994
2021-02-11 14:00:00,70.64142857142858,149.91916666666665,41.34090909090909,34.63666666666666
2021-02-11 15:00:00,46.0,90.82,70.36,25.84
2021-02-11 16:00:00,34.27,74.81,68.97,25.46
2021-02-11 17:00:00,23.09,64.0,69.07,25.37
2021-02-11 18:00:00,34.0,72.92,72.41,24.32
2021-02-11 19:00:00,32.02,64.0,72.31,23.95
2021-02-11 20:00:00,38.89,70.0,67.51,25.905384615384612
2021-02-11 21:00:00,42.97,89.07,74.27,23.54
2021-02-11 22:00:00,54.0,97.0,70.22,22.99
2021-02-11 23:00:00,68.88,130.0,73.51583333333333,23.53153846153846
2021-02-12 00:00:00,78.8,131.69,80.34,22.07
2021-02-12 01:00:00,62.0,94.62,84.36,21.68
2021-02-12 02:00:00,44.0,72.19,82.97,21.45
2021-02-12 03:00:00,51.86,83.12,84.48,21.62
2021-02-12 04:00:00,61.84,97.93,81.4,22.0
2021-02-12 05:00:00,74.86,87.27,80.25,21.08
2021-02-12 06:00:00,76.98,99.08,84.29,21.03
2021-02-12 07:00:00,70.16,104.89,85.25,21.23
2021-02-12 08:00:00,111.35666666666667,250.56500000000003,70.7518181818182,23.25916666666667
2021-02-12 09:00:00,61.0,72.35,65.39,24.48
2021-02-12 10:00:00,58.03,89.84,66.37,24.07
2021-02-12 11:00:00,95.58,139.11,63.75,24.98
2021-02-12 12:00:00,108.0,151.51,66.98,25.25
2021-02-12 13:00:00,50.97,92.8,61.22,27.06
2021-02-12 14:00:00,33.14,69.0,54.302,31.71090909090909
2021-02-12 15:00:00,29.0,67.81,74.93,25.31
2021-02-12 16:00:00,19.08,57.0,73.9,25.34
2021-02-12 17:00:00,17.0,189.54666666666665,58.382500000000014,29.666153846153843
2021-02-12 18:00:00,23.92,53.05,79.55,24.07
2021-02-12 19:00:00,25.0,58.06,79.21,23.78
2021-02-12 20:00:00,35.0,65.0,76.10499999999999,26.543333333333333
2021-02-12 21:00:00,38.0,66.0,75.08857142857143,25.594285714285714
2021-02-12 22:00:00,57.0,197.111,74.51222222222222,24.623333333333335
2021-02-12 23:00:00,42.0,67.58,73.6975,23.96153846153846
2021-02-13 00:00:00,52.0,79.03,73.38,23.12
2021-02-13 01:00:00,31.0,51.0,70.48,23.12
2021-02-13 02:00:00,31.99,50.0,65.84,22.78
2021-02-13 03:00:00,27.04,47.0,56.62,23.0
2021-02-13 04:00:00,25.0,53.0,60.85,22.22
2021-02-13 05:00:00,24.0,52.0,76.6,21.97
2021-02-13 06:00:00,53.0,81.2,74.72,21.58
2021-02-13 07:00:00,70.6,93.22,74.03,21.62
2021-02-13 08:00:00,71.0,106.0,70.21,22.97
2021-02-13 09:00:00,80.0,110.79,58.59,24.15
2021-02-13 10:00:00,56.4,85.94,57.66,24.68
2021-02-13 11:00:00,51.09,81.12,52.57,26.81
2021-02-13 12:00:00,57.69,95.0,36.28,29.46
2021-02-13 13:00:00,39.42,55.0,43.48,29.73
2021-02-13 14:00:00,28.09,56.99,57.64,27.53
2021-02-13 15:00:00,28.99,55.88,62.05,26.94
2021-02-13 16:00:00,28.01,41.89,69.19,25.55
2021-02-13 17:00:00,20.18,37.02,74.25,24.93
2021-02-13 18:00:00,26.0,39.98,79.44,24.12
2021-02-13 19:00:00,79.1,155.76,80.66,23.79
2021-02-13 20:00:00,46.28,83.0,82.16,23.47
2021-02-13 21:00:00,27.0,47.02,83.71,23.21
2021-02-13 22:00:00,31.95,49.53,82.5,23.04
2021-02-13 23:00:00,55.6,72.76,82.27,22.86
2021-02-14 00:00:00,24.27,44.04,84.87,22.63
2021-02-14 01:00:00,36.71,50.0,86.61,22.49
2021-02-14 02:00:00,34.03,47.0,87.5,22.48
2021-02-14 03:00:00,32.02,43.98,86.71,22.32
2021-02-14 04:00:00,31.0,42.11,84.75,22.17
2021-02-14 05:00:00,32.0,49.31,83.73,21.84
2021-02-14 06:00:00,28.0,55.98,83.89,21.66
2021-02-14 07:00:00,40.0,54.0,83.47,21.65
2021-02-14 08:00:00,80.0125,169.20846153846153,77.30999999999999,23.557692307692307
2021-02-14 09:00:00,43.03,80.0,67.72,24.95
2021-02-14 10:00:00,28.12,46.98,66.17,25.77
2021-02-14 11:00:00,21.12,44.0,67.36,25.86
2021-02-14 12:00:00,22.98,43.0,67.04,26.3
2021-02-14 13:00:00,19.06,44.91,66.83,26.29
2021-02-14 14:00:00,23.96,34.06,71.52,25.58
2021-02-14 15:00:00,15.15,37.0,73.18,25.32
2021-02-14 16:00:00,20.0,37.0,76.27,24.92
2021-02-14 17:00:00,23.94,45.17,75.72,24.61
2021-02-14 18:00:00,23.0,50.1,76.43,23.98
2021-02-14 19:00:00,28.0,56.0,78.16,23.57
2021-02-14 20:00:00,28.99,54.0,78.49,23.51
2021-02-14 21:00:00,27.02,48.0,77.96,23.41
2021-02-14 22:00:00,22.09,40.01,75.51,23.21
2021-02-14 23:00:00,24.0,40.95,77.46,22.92
2021-02-15 00:00:00,20.0,38.0,79.05,22.72
2021-02-15 01:00:00,28.85,41.0,79.91,22.62
2021-02-15 02:00:00,22.0,35.91,78.55,22.55
2021-02-15 03:00:00,19.02,27.96,79.94,22.3
2021-02-15 04:00:00,17.02,25.98,81.61,22.12
2021-02-15 05:00:00,12.22,23.0,82.78,22.04
2021-02-15 06:00:00,40.53363636363636,87.165,80.09545454545456,22.152500000000003
2021-02-15 07:00:00,44.8609090909091,99.425,79.32,22.472499999999997
2021-02-15 08:00:00,46.14636363636364,110.92833333333333,76.69636363636364,23.75916666666667
2021-02-15 09:00:00,57.31909090909091,125.01500000000003,68.85181818181819,26.153333333333332
2021-02-15 10:00:00,57.34,133.32,64.17750000000001,28.42307692307692
2021-02-15 11:00:00,44.556666666666665,129.68846153846155,61.78916666666667,29.503076923076925
2021-02-15 12:00:00,42.42,127.43083333333333,61.345833333333324,30.28461538461538
2021-02-15 13:00:00,37.12923076923077,124.04692307692306,63.37333333333334,30.632307692307695
2021-02-15 14:00:00,9.0,25.0,75.9,24.49
2021-02-15 15:00:00,9.0,40.0,76.16,24.35
2021-02-15 16:00:00,49.25923076923077,40.14,65.495,29.459230769230768
2021-02-15 17:00:00,26.0,46.0,77.03,23.87
2021-02-15 18:00:00,28.98,62.0,80.73,23.3
2021-02-15 19:00:00,25.0,53.05,80.83,23.0
2021-02-15 20:00:00,27.95,57.0,72.68,23.31
2021-02-15 21:00:00,28.0,58.97,73.17,23.32
2021-02-15 22:00:00,35.73,56.0,73.99,23.2
2021-02-15 23:00:00,37.98,69.45,79.48,22.66
2021-02-16 00:00:00,21.0,37.0,81.25,22.56
2021-02-16 01:00:00,15.05,26.96,83.96,22.55
2021-02-16 02:00:00,15.0,23.0,84.81,22.47
2021-02-16 03:00:00,10.04,26.05,86.02,22.23
2021-02-16 04:00:00,12.97,31.0,86.35,22.04
2021-02-16 05:00:00,7.07,24.01,86.12,21.88
2021-02-16 06:00:00,16.84,25.07,86.25,21.8
2021-02-16 07:00:00,20.95,33.36,86.6,21.73
2021-02-16 08:00:00,51.0,51.22,83.12,22.13
2021-02-16 09:00:00,72.75,99.0,82.4,22.43
2021-02-16 10:00:00,60.11,76.68,75.63,24.78
2021-02-16 11:00:00,25.29,38.99,72.84,25.62
2021-02-16 12:00:00,20.09,38.0,74.7,24.98
2021-02-16 13:00:00,11.0,32.0,68.73181818181818,29.8925
2021-02-16 14:00:00,8.0,34.0,74.67,24.36
2021-02-16 15:00:00,18.0,38.98,76.27,23.87
2021-02-16 16:00:00,22.91,35.98,77.52,23.55
2021-02-16 17:00:00,19.03,35.11,79.27,23.11
2021-02-16 18:00:00,17.04,40.0,78.69,22.87
2021-02-16 19:00:00,17.0,42.95,78.29,22.73
2021-02-16 20:00:00,23.0,39.0,78.25,22.74
2021-02-16 21:00:00,23.99,43.0,77.06,22.71
2021-02-16 22:00:00,28.91,46.98,77.05,22.64
2021-02-16 23:00:00,34.9,45.0,77.66,22.61
2021-02-17 00:00:00,30.09,40.0,76.98,22.54
2021-02-17 01:00:00,24.05,37.99,77.97,22.19
2021-02-17 02:00:00,27.0,37.14,79.55,21.65
2021-02-17 03:00:00,36.89,44.95,81.08,21.74
2021-02-17 04:00:00,29.07,40.0,83.06,21.74
2021-02-17 05:00:00,21.13,30.0,84.78,21.62
2021-02-17 06:00:00,19.04,30.13,84.94,21.32
2021-02-17 07:00:00,24.95,36.0,85.44,21.12
2021-02-17 08:00:00,37.89,45.09,79.43,23.17
2021-02-17 09:00:00,44.94,52.6,72.44,24.76
2021-02-17 10:00:00,32.11,35.05,68.7,25.14
2021-02-17 11:00:00,26.06,39.09,69.05,25.05
2021-02-17 12:00:00,52.48230769230769,136.56454545454545,62.636,30.566363636363636
2021-02-17 13:00:00,12.29,33.0,72.3,24.45
2021-02-17 14:00:00,14.97,42.3,72.6,24.39
2021-02-17 15:00:00,28.77,69.0,73.05,24.38
2021-02-17 16:00:00,15.23,30.06,74.63,24.19
2021-02-17 17:00:00,18.97,33.0,76.65,23.89
2021-02-17 18:00:00,23.0,37.0,75.76,23.6
2021-02-17 19:00:00,24.0,45.09,74.49,23.71
2021-02-17 20:00:00,28.96,53.05,74.1,23.77
2021-02-17 21:00:00,37.92,58.0,74.66,23.78
2021-02-17 22:00:00,47.0,72.0,75.93,23.34
2021-02-17 23:00:00,45.0,63.14,77.54,23.16
2021-02-18 00:00:00,49.0,76.14,78.15,22.78
2021-02-18 01:00:00,62.0,81.0,77.78,22.88
2021-02-18 02:00:00,59.02,80.0,83.68,22.68
2021-02-18 03:00:00,53.05,58.99,87.34,22.03
2021-02-18 04:00:00,43.08,58.0,87.3,22.13
2021-02-18 05:00:00,47.96,58.02,86.66,21.84
2021-02-18 06:00:00,52.95,60.0,84.32,22.08
2021-02-18 07:00:00,74.82,84.0,82.98,22.13
2021-02-18 08:00:00,96.82,103.2,83.44,22.7
2021-02-18 09:00:00,95.02,121.06,74.34,24.19
2021-02-18 10:00:00,92.0,124.0,59.78,26.39
2021-02-18 11:00:00,76.0,96.89,57.86,26.55
2021-02-18 12:00:00,62.23,87.56,60.19,27.91
2021-02-18 13:00:00,76.88,111.93,59.19,28.43
2021-02-18 14:00:00,61.13,105.4,56.37,29.02
2021-02-18 15:00:00,53.0,78.93,62.2,27.76
2021-02-18 16:00:00,49.0,73.2,65.42,27.58
2021-02-18 17:00:00,50.95,82.0,67.81,27.02
2021-02-18 18:00:00,58.0,80.22,73.01,25.44
2021-02-18 19:00:00,87.41692307692308,173.22416666666666,83.58,24.68
2021-02-18 20:00:00,90.64153846153847,230.31333333333336,75.76,22.79
2021-02-18 21:00:00,65.22333333333334,10.12,74.92,21.98
2021-02-18 22:00:00,40.62416666666667,19.0,73.94,22.3
2021-02-18 23:00:00,36.522727272727266,29.0,72.26,22.14
2021-02-19 00:00:00,5.9,21.0,69.81,22.41
2021-02-19 01:00:00,9.93,32.0,70.43,22.29
2021-02-19 02:00:00,6.0,16.0,72.75,22.06
2021-02-19 03:00:00,17.0,21.78,68.47,22.56
2021-02-19 04:00:00,2.0,12.23,69.29,22.44
2021-02-19 05:00:00,22.65,33.0,69.7,22.45
2021-02-19 06:00:00,25.98,32.95,72.2,22.38
2021-02-19 07:00:00,17.15,29.0,67.01,22.7
2021-02-19 08:00:00,44.36333333333334,92.07700000000001,65.55,22.95
2021-02-19 09:00:00,34.38,76.0,63.29,23.4
2021-02-19 10:00:00,47.98692307692308,115.80333333333334,61.06,24.33
2021-02-19 11:00:00,43.73384615384616,113.93833333333333,60.59,25.49
2021-02-19 12:00:00,43.39384615384615,24.03,56.71,26.73
2021-02-19 13:00:00,8.0,26.91,52.02,27.42
2021-02-19 14:00:00,6.02,23.05,52.03,28.66
2021-02-19 15:00:00,20.75,28.02,56.88,28.1
2021-02-19 16:00:00,24.98,29.47,68.09,25.83
2021-02-19 17:00:00,32.93,46.02,72.92,25.04
2021-02-19 18:00:00,24.0,47.69,75.8,24.33
2021-02-19 19:00:00,26.96,40.95,76.48,24.35
2021-02-19 20:00:00,17.05,36.0,63.92,25.05
2021-02-19 21:00:00,27.0,48.0,69.35,24.22
2021-02-19 22:00:00,28.96,54.05,71.3,24.44
2021-02-19 23:00:00,48.83,59.0,78.64,24.07
2021-02-20 00:00:00,39.08,47.89,75.9,24.1
2021-02-20 01:00:00,39.0,40.16,70.49,24.11
2021-02-20 02:00:00,39.98,46.88,66.05,23.71
2021-02-20 03:00:00,68.26846153846154,143.9141666666667,66.72,23.33
2021-02-20 04:00:00,18.15,30.02,65.68,23.08
2021-02-20 05:00:00,8.11,31.95,66.89,22.59
2021-02-20 06:00:00,11.0,27.72,73.65,22.31
2021-02-20 07:00:00,33.0,39.95,68.42,22.83
2021-02-20 08:00:00,30.05,36.0,67.73,23.58
2021-02-20 09:00:00,37.89,42.05,57.63,23.92
2021-02-20 10:00:00,43.0,46.0,51.57,25.48
2021-02-20 11:00:00,45.0,76.0,49.52,26.39
2021-02-20 12:00:00,26.053846153846152,89.10000000000001,50.4,26.38
2021-02-20 13:00:00,5.0,27.08,40.04,28.68
2021-02-20 14:00:00,10.97,33.0,36.7,29.31
2021-02-20 15:00:00,17.94,32.98,50.03,28.5
2021-02-20 16:00:00,19.98,31.0,66.44,26.02
2021-02-20 17:00:00,3.14,20.46,66.79,25.66
2021-02-20 18:00:00,24.0,41.05,68.39,25.2
2021-02-20 19:00:00,17.12,43.0,74.45,24.79
2021-02-20 20:00:00,20.98,40.0,68.31,24.9
2021-02-20 21:00:00,18.0,40.0,65.6309090909091,26.59166666666667
2021-02-20 22:00:00,25.0,48.32,54.3,25.76
2021-02-20 23:00:00,47.81,70.97,48.87,26.29
2021-02-21 00:00:00,38.33,68.0,58.00363636363636,25.830833333333334
2021-02-21 01:00:00,41.97,52.0,64.41,23.98
2021-02-21 02:00:00,38.0,52.95,64.55,24.14
2021-02-21 03:00:00,46.66384615384615,96.99727272727273,56.35,24.28
2021-02-21 04:00:00,26.29,45.0,59.97,23.98
2021-02-21 05:00:00,14.07,37.02,59.27,23.94
2021-02-21 06:00:00,7.04,38.0,60.38,23.74
2021-02-21 07:00:00,27.77,46.4,67.79,23.38
2021-02-21 08:00:00,37.0,82.0,65.69,24.01
2021-02-21 09:00:00,37.0,57.0,53.74,25.81
2021-02-21 10:00:00,40.97,61.0,46.27,27.44
2021-02-21 11:00:00,33.14,45.05,46.39,28.06
2021-02-21 12:00:00,37.96,46.8,44.84,28.76
2021-02-21 13:00:00,29.0,39.78,43.05,29.8
2021-02-21 14:00:00,17.2,32.0,44.16,31.29
2021-02-21 15:00:00,26.89,44.0,42.62,30.13
2021-02-21 16:00:00,19.0,30.34,47.68,29.81
2021-02-21 17:00:00,22.95,42.07,70.75,26.88
2021-02-21 18:00:00,35.89,48.0,68.03,26.13
2021-02-21 19:00:00,33.0,48.05,61.19,26.07
2021-02-21 20:00:00,31.02,52.03,57.66,26.3
2021-02-21 21:00:00,34.0,53.75,48.2,27.02
2021-02-21 22:00:00,18.13,45.03,55.83,26.15
2021-02-21 23:00:00,28.0,47.78,69.31,24.96
2021-02-22 00:00:00,21.0,43.72,72.13,24.55
2021-02-22 01:00:00,28.0,55.64,68.58,24.3
2021-02-22 02:00:00,37.95,43.0,66.27,24.43
2021-02-22 03:00:00,47.84,55.64,74.47,23.96
2021-02-22 04:00:00,77.97,78.0,70.78,23.81
2021-02-22 05:00:00,53.0,71.0,67.52,23.82
2021-02-22 06:00:00,42.09,71.06,69.86,23.76
2021-02-22 07:00:00,48.0,75.15,70.23,23.7
2021-02-22 08:00:00,66.0,86.27,66.74,24.76
2021-02-22 09:00:00,75.94,93.92,66.44,25.34
2021-02-22 10:00:00,72.02,87.95,67.75,25.48
2021-02-22 11:00:00,69.0,84.97,56.94,27.54
2021-02-22 12:00:00,58.0,84.0,45.57,30.6
2021-02-22 13:00:00,32.0,83.44,44.8,31.58
2021-02-22 14:00:00,13.0,29.84,44.84,31.63
2021-02-22 15:00:00,20.95,58.5,52.64,30.45
2021-02-22 16:00:00,20.0,41.2,59.98,28.66
2021-02-22 17:00:00,28.0,48.02,70.27,27.1
2021-02-22 18:00:00,27.0,48.98,76.24,26.33
2021-02-22 19:00:00,30.98,48.18,74.56,26.06
2021-02-22 20:00:00,39.92,61.0,74.59,25.91
2021-02-22 21:00:00,35.05,40.23,64.8,26.23
2021-02-22 22:00:00,44.84,57.14,55.58,26.45
2021-02-22 23:00:00,49.97,62.53,51.46,26.52
2021-02-23 00:00:00,29.35,110.0,51.73,26.38
2021-02-23 01:00:00,23.05,43.0,55.88,25.51
2021-02-23 02:00:00,28.97,42.91,63.3,24.82
2021-02-23 03:00:00,30.98,40.0,65.19,24.7
2021-02-23 04:00:00,63.64,72.21,69.06,24.48
2021-02-23 05:00:00,71.0,86.47,79.89,23.56
2021-02-23 06:00:00,43.0,49.11,74.73,23.85
2021-02-23 07:00:00,30.07,51.45,75.33,24.09
2021-02-23 08:00:00,41.93,67.06,81.22,23.59
2021-02-23 09:00:00,41.01,69.6,78.5,24.11
2021-02-23 10:00:00,92.0,112.0,76.35,24.55
2021-02-23 11:00:00,87.04,98.16,62.95,27.35
2021-02-23 12:00:00,75.08,103.77,51.17,29.54
2021-02-23 13:00:00,57.06,87.0,51.38,30.5
2021-02-23 14:00:00,55.0,72.18,61.12,28.94
2021-02-23 15:00:00,49.05,83.0,69.46,27.48
2021-02-23 16:00:00,48.01,83.88,63.24,28.2
2021-02-23 17:00:00,45.03,74.81,76.86,26.48
2021-02-23 18:00:00,41.0,61.25,78.24,25.65
2021-02-23 19:00:00,45.96,70.0,69.4,25.89
2021-02-23 20:00:00,47.98,70.02,70.94,25.96
2021-02-23 21:00:00,55.93,70.97,67.4,25.95
2021-02-23 22:00:00,60.96,70.06,71.14,25.35
2021-02-23 23:00:00,48.07,72.0,79.05,24.5
2021-02-24 00:00:00,44.03,103.11,80.67,24.28
2021-02-24 01:00:00,46.97,72.0,82.58,23.87
2021-02-24 02:00:00,46.02,70.0,86.66,23.78
2021-02-24 03:00:00,70.72,72.0,83.71,23.82
2021-02-24 04:00:00,108.37583333333333,214.80083333333334,83.33,23.36
2021-02-24 05:00:00,29.98,70.0,83.61,23.38
2021-02-24 06:00:00,51.0,70.47,86.38,23.45
2021-02-24 07:00:00,66.0,88.39,86.22,24.38
2021-02-24 08:00:00,77.93,112.0,81.13,24.73
2021-02-24 09:00:00,93.0,136.14,70.69,25.41
2021-02-24 10:00:00,95.97,145.97,65.8,26.17
2021-02-24 11:00:00,111.0,142.89,60.74,27.79
2021-02-24 12:00:00,82.32,103.61,59.14,29.48
2021-02-24 13:00:00,78.91000000000001,185.28833333333338,43.45727272727273,35.945
2021-02-24 14:00:00,48.09,80.71,50.56,29.47
2021-02-24 15:00:00,27.0,59.9,68.12,27.65
2021-02-24 16:00:00,22.03,54.34,70.02,27.3
2021-02-24 17:00:00,34.86,63.94,67.83,27.18
2021-02-24 18:00:00,34.01,61.45,66.63,26.68
2021-02-24 19:00:00,52.75,77.0,62.57,26.68
2021-02-24 20:00:00,48.05,77.0,58.51,26.98
2021-02-24 21:00:00,48.0,78.0,65.84,26.49
2021-02-24 22:00:00,61.88,82.0,53.91,27.13
2021-02-24 23:00:00,63.0,90.0,69.78,25.07
2021-02-25 00:00:00,53.11,108.0,67.06,24.79
2021-02-25 01:00:00,95.78666666666665,216.55833333333337,68.31636363636363,25.904166666666665
2021-02-25 02:00:00,36.0,53.56,78.12,24.75
2021-02-25 03:00:00,51.82,63.0,77.24,24.65
2021-02-25 04:00:00,39.0,54.96,75.13,24.32
2021-02-25 05:00:00,35.02,52.05,71.27,24.39
2021-02-25 06:00:00,40.0,55.17,74.49,24.12
2021-02-25 07:00:00,39.02,64.0,70.52,24.23
2021-02-25 08:00:00,65.0,209.69307692307694,63.855,26.783076923076926
2021-02-25 09:00:00,90.86,104.48,68.2,25.96
2021-02-25 10:00:00,137.38,192.0,60.63,26.4
2021-02-25 11:00:00,50.19,83.0,51.75,28.61
2021-02-25 12:00:00,35.47,57.0,57.26,28.58
2021-02-25 13:00:00,20.0,56.7,64.89,27.45
2021-02-25 14:00:00,15.0,48.0,62.75,28.16
2021-02-25 15:00:00,21.96,41.0,65.73,27.5
2021-02-25 16:00:00,12.22,48.0,64.33,27.7
2021-02-25 17:00:00,54.89666666666667,137.592,55.306999999999995,32.13181818181818
2021-02-25 18:00:00,26.98,63.02,68.28,25.89
2021-02-25 19:00:00,36.0,63.6,56.772000000000006,29.761818181818175
2021-02-25 20:00:00,28.05,52.02,66.62,25.76
2021-02-25 21:00:00,31.94,52.96,56.94,26.38
2021-02-25 22:00:00,29.04,50.0,52.28,26.35
2021-02-25 23:00:00,28.0,41.38,73.15,24.77
2021-02-26 00:00:00,43.89,66.75,79.61,24.35
2021-02-26 01:00:00,54.75,23.28,83.19,24.23
2021-02-26 02:00:00,10.88,33.0,83.76,24.08
2021-02-26 03:00:00,16.97,34.13,83.42,23.76
2021-02-26 04:00:00,28.93,42.0,84.47,23.53
2021-02-26 05:00:00,25.03,40.02,80.5,23.38
2021-02-26 06:00:00,25.0,41.13,70.78,23.64
2021-02-26 07:00:00,38.0,49.0,59.94,24.41
2021-02-26 08:00:00,39.98,54.16,53.09,26.34
2021-02-26 09:00:00,44.0,62.05,56.3,26.6
2021-02-26 10:00:00,65.82,132.6,67.77,26.4
2021-02-26 11:00:00,60.0,90.78,62.89,27.32
2021-02-26 12:00:00,34.14,47.6,68.83,26.89
2021-02-26 13:00:00,22.0,36.05,67.52,26.7
2021-02-26 14:00:00,25.0,40.07,63.8,27.11
2021-02-26 15:00:00,11.0,45.18,61.95,27.21
2021-02-26 16:00:00,17.96,57.9,64.27,26.71
2021-02-26 17:00:00,38.66428571428572,125.97384615384615,45.39166666666667,32.13692307692307
2021-02-26 18:00:00,41.64,90.0,67.88,25.41
2021-02-26 19:00:00,19.18,48.85,70.46,25.01
2021-02-26 20:00:00,15.04,38.45,73.66,24.76
2021-02-26 21:00:00,26.8,54.0,76.71,24.55
2021-02-26 22:00:00,17.05,44.0,77.33,24.38
2021-02-26 23:00:00,21.96,39.0,75.93,24.24
2021-02-27 00:00:00,15.0,42.0,74.39,24.21
2021-02-27 01:00:00,10.03,44.0,76.2,24.09
2021-02-27 02:00:00,15.0,32.0,83.43,23.62
2021-02-27 03:00:00,37.02333333333333,96.94111111111111,83.08555555555557,24.163999999999998
2021-02-27 04:00:00,44.19555555555556,103.30777777777777,83.9675,23.23125
2021-02-27 05:00:00,39.20700000000001,85.21333333333332,89.0788888888889,23.39333333333333
2021-02-27 06:00:00,42.94,100.488,85.57111111111111,23.543
2021-02-27 07:00:00,45.61285714285714,98.584,81.96199999999999,23.172000000000004
2021-02-27 08:00:00,60.565999999999995,153.176,73.39777777777778,26.134000000000004
2021-02-27 09:00:00,62.7025,159.12375,60.712857142857146,29.58625
2021-02-27 10:00:00,55.0,62.9,63.98,25.77
2021-02-27 11:00:00,38.0,57.0,68.21,26.97
2021-02-27 12:00:00,30.0,55.0,69.33,26.85
2021-02-27 13:00:00,21.0,42.0,56.804545454545455,33.85916666666667
2021-02-27 14:00:00,25.0,42.0,70.79,26.57
2021-02-27 15:00:00,4.0,48.0,73.04,26.38
2021-02-27 16:00:00,11.0,42.0,67.57,26.61
2021-02-27 17:00:00,21.0,39.0,65.0,26.45
2021-02-27 18:00:00,14.0,36.0,66.93,25.97
2021-02-27 19:00:00,23.0,39.0,70.08,25.65
2021-02-27 20:00:00,28.0,48.0,74.99,25.32
2021-02-27 21:00:00,33.0,50.0,77.16,25.19
2021-02-27 22:00:00,28.0,41.0,76.38,24.98
2021-02-27 23:00:00,24.0,45.0,75.91,24.98
2021-02-28 00:00:00,22.02,39.73,76.94,24.54
2021-02-28 01:00:00,13.11,33.87,77.09,24.34
2021-02-28 02:00:00,11.03,27.0,77.77,24.16
2021-02-28 03:00:00,17.96,27.16,81.46,23.84
2021-02-28 04:00:00,17.02,36.0,79.75,23.8
2021-02-28 05:00:00,20.95,36.0,77.75,23.81
2021-02-28 06:00:00,23.0,32.71,74.85,23.47
2021-02-28 07:00:00,34.82,42.35,71.73,24.58
2021-02-28 08:00:00,61.49272727272728,161.375,62.97099999999999,26.670909090909092
2021-02-28 09:00:00,74.0,78.11,67.48,25.26
2021-02-28 10:00:00,58.0,83.73,57.91,26.31
2021-02-28 11:00:00,58.99,76.0,60.19,26.97
2021-02-28 12:00:00,57.0,65.5,61.3,27.85
2021-02-28 13:00:00,35.0,71.79,66.07,27.7
2021-02-28 14:00:00,25.0,58.0,66.69,28.02
2021-02-28 15:00:00,17.0,57.98,67.32,27.61
2021-02-28 16:00:00,24.95,57.02,69.42,27.5
2021-02-28 17:00:00,22.02,58.14,68.93,27.12
2021-02-28 18:00:00,28.91,65.86,71.02,26.35
2021-02-28 19:00:00,29.99,58.0,72.78,25.96
2021-02-28 20:00:00,41.92,57.93,65.73,26.28
2021-02-28 21:00:00,39.02,54.11,67.44,25.66
2021-02-28 22:00:00,46.82,60.0,74.22,25.45
2021-02-28 23:00:00,38.06,58.02,65.65,25.96
2021-03-01 00:00:00,39.96,59.0,70.06,25.45
2021-03-01 01:00:00,30.07,58.77,68.1,25.41
2021-03-01 02:00:00,29.02,48.0,73.16,25.18
2021-03-01 03:00:00,23.09,51.0,68.44,25.28
2021-03-01 04:00:00,24.0,45.12,57.45,25.21
2021-03-01 05:00:00,27.97,52.2,61.92,24.59
2021-03-01 06:00:00,46.73,59.0,60.7,24.2
2021-03-01 07:00:00,40.11,59.78,58.47,24.61
2021-03-01 08:00:00,59.87,84.0,55.1,27.59
2021-03-01 09:00:00,58.0,90.52,53.94,28.11
2021-03-01 10:00:00,42.11,62.0,59.63,27.34
2021-03-01 11:00:00,32.0,61.0,61.29,27.77
2021-03-01 12:00:00,36.0,51.0,68.0,27.55
2021-03-01 13:00:00,36.0,59.0,62.83,28.62
2021-03-01 14:00:00,29.08,71.37,65.42,28.37
2021-03-01 15:00:00,38.89,93.0,65.53,28.39
2021-03-01 16:00:00,34.0,80.0,70.3,27.49
2021-03-01 17:00:00,72.53785714285713,174.01833333333332,72.78,26.86
2021-03-01 18:00:00,63.74692307692308,81.0,72.78,26.25
2021-03-01 19:00:00,28.0,77.0,76.01,25.79
2021-03-01 20:00:00,49.88,76.9,76.19,25.77
2021-03-01 21:00:00,55.94,71.27,69.91,26.17
2021-03-01 22:00:00,72.0,79.0,70.34,25.62
2021-03-01 23:00:00,75.0,79.0,73.82,25.21
2021-03-02 00:00:00,63.0,75.35,75.59,24.84
2021-03-02 01:00:00,84.7,93.0,79.04,24.42
2021-03-02 02:00:00,71.08,78.0,81.81,24.74
2021-03-02 03:00:00,39.11,45.0,76.01,24.75
2021-03-02 04:00:00,49.0,53.16,79.52,23.89
2021-03-02 05:00:00,72.72249999999998,199.89272727272729,84.48,23.56
2021-03-02 06:00:00,66.64416666666666,187.9509090909091,83.61,23.43
2021-03-02 07:00:00,64.0,72.75,80.76,24.19
2021-03-02 08:00:00,104.31,116.67,76.6,24.59
2021-03-02 09:00:00,81.0,99.92,73.75,25.72
2021-03-02 10:00:00,87.96,94.88,67.95,26.68
2021-03-02 11:00:00,80.09,92.0,61.35,29.08
2021-03-02 12:00:00,73.0,88.0,66.13,28.18
2021-03-02 13:00:00,43.67,69.0,66.36,28.09
2021-03-02 14:00:00,34.1,55.28,64.71,28.36
2021-03-02 15:00:00,47.92,72.1,62.89,28.13
2021-03-02 16:00:00,25.26,75.0,64.61,27.66
2021-03-02 17:00:00,27.96,64.84,64.06,27.02
2021-03-02 18:00:00,21.05,58.18,63.74,26.14
2021-03-02 19:00:00,27.0,63.0,64.52,25.65
2021-03-02 20:00:00,24.0,48.0,67.06,25.5
2021-03-02 21:00:00,22.0,37.11,47.7,26.14
2021-03-02 22:00:00,24.0,42.08,34.52,25.71
2021-03-02 23:00:00,24.0,45.0,46.47916666666666,25.758333333333336
2021-03-03 00:00:00,45.0,61.19,64.56,24.55
2021-03-03 01:00:00,24.0,36.0,63.7,24.71
2021-03-03 02:00:00,18.0,38.0,59.79,25.17
2021-03-03 03:00:00,10.0,35.0,61.64,24.82
2021-03-03 04:00:00,13.0,35.0,56.82,24.84
2021-03-03 05:00:00,15.0,39.34,47.18,24.66
2021-03-03 06:00:00,25.9,45.13,46.14,24.0
2021-03-03 07:00:00,30.98,49.34,45.34,24.75
2021-03-03 08:00:00,50.84,79.0,49.09,26.27
2021-03-03 09:00:00,59.84,102.0,37.71,28.88
2021-03-03 10:00:00,69.0,91.0,44.09,28.12
2021-03-03 11:00:00,57.0,72.0,48.09,27.67
2021-03-03 12:00:00,62.95,80.0,48.27,30.17
2021-03-03 13:00:00,59.0,93.0,51.67,30.12
2021-03-03 14:00:00,59.0,86.0,65.58,28.48
2021-03-03 15:00:00,30.22,74.0,71.84,26.98
2021-03-03 16:00:00,64.16857142857144,204.05846153846153,72.14,26.74
2021-03-03 17:00:00,4.75,24.0,72.14,26.54
2021-03-03 18:00:00,16.0,75.81,72.84,25.64
2021-03-03 19:00:00,32.0,71.0,70.32,25.68
2021-03-03 20:00:00,38.89,67.81,73.77,25.3
2021-03-03 21:00:00,33.09,58.06,74.63,25.11
2021-03-03 22:00:00,48.0,61.0,75.33,24.89
2021-03-03 23:00:00,42.03,56.0,76.93,24.8
2021-03-04 00:00:00,19.13,42.17,77.47,24.64
2021-03-04 01:00:00,32.89,51.83,77.02,24.68
2021-03-04 02:00:00,23.0,42.73,75.19,24.12
2021-03-04 03:00:00,28.0,39.7,68.77,24.8
2021-03-04 04:00:00,65.71,74.41,63.06,24.63
2021-03-04 05:00:00,54.05,60.02,70.77,23.88
2021-03-04 06:00:00,51.05,61.0,79.01,23.6
2021-03-04 07:00:00,65.88,78.0,81.38,23.33
2021-03-04 08:00:00,79.88,91.0,66.51,25.6
2021-03-04 09:00:00,87.0,112.0,63.09,27.36
2021-03-04 10:00:00,111.0,122.0,53.87,28.41
2021-03-04 11:00:00,80.0,109.0,56.21,29.43
2021-03-04 12:00:00,80.0,108.0,60.57,29.03
2021-03-04 13:00:00,53.56,100.79,50.49,29.64
2021-03-04 14:00:00,39.0,71.0,52.05,29.72
2021-03-04 15:00:00,27.0,74.0,57.05,29.11
2021-03-04 16:00:00,33.0,58.28,60.01,28.8
2021-03-04 17:00:00,26.44,67.0,43.404999999999994,33.71999999999999
2021-03-04 18:00:00,25.0,60.0,63.39,27.26
2021-03-04 19:00:00,23.0,54.0,66.7,26.6
2021-03-04 20:00:00,36.0,57.44,59.41999999999999,28.936666666666667
2021-03-04 21:00:00,46.0,73.0,71.61,25.14
2021-03-04 22:00:00,69.0,84.0,68.59,25.53
2021-03-04 23:00:00,73.0,88.0,81.12,24.67
2021-03-05 00:00:00,44.0,71.0,87.32,24.39
2021-03-05 01:00:00,104.76100000000001,279.83833333333337,76.2218181818182,24.937272727272724
2021-03-05 02:00:00,101.32545454545453,229.83727272727273,78.16272727272728,24.562727272727273
2021-03-05 03:00:00,98.10909090909091,228.85583333333332,79.18272727272728,24.09090909090909
2021-03-05 04:00:00,92.43,221.07500000000002,80.12818181818183,23.88454545454545
2021-03-05 05:00:00,96.78727272727274,218.6575,81.21363636363635,23.503636363636364
2021-03-05 06:00:00,97.8509090909091,215.38916666666668,82.22272727272728,23.10454545454545
2021-03-05 07:00:00,104.25545454545454,240.88749999999996,80.8809090909091,23.470000000000002
2021-03-05 08:00:00,117.34272727272727,276.4416666666667,69.17818181818183,27.076363636363638
2021-03-05 09:00:00,128.58363636363637,294.3533333333333,49.81636363636364,32.234545454545454
2021-03-05 10:00:00,126.36636363636362,295.0916666666667,34.143636363636354,35.53818181818182
2021-03-05 11:00:00,60.0,100.0,42.61,29.16
2021-03-05 12:00:00,54.0,81.0,41.9,31.73
2021-03-05 13:00:00,55.98,81.05,50.66,32.03
2021-03-05 14:00:00,55.0,84.03,51.28,31.46
2021-03-05 15:00:00,62.84,85.0,62.54,29.86
2021-03-05 16:00:00,46.57,74.0,67.31,28.42
2021-03-05 17:00:00,20.0,47.0,66.44,27.7
2021-03-05 18:00:00,17.09,45.0,74.08,26.82
2021-03-05 19:00:00,40.0,55.22,79.82,25.57
2021-03-05 20:00:00,32.05,48.0,83.43,24.93
2021-03-05 21:00:00,34.0,39.5,85.78,24.59
2021-03-05 22:00:00,31.0,44.0,84.71,24.41
2021-03-05 23:00:00,38.0,41.0,92.79,24.87
2021-03-06 00:00:00,47.0,57.0,93.0,24.5
2021-03-06 01:00:00,30.0,47.0,92.82,24.45
2021-03-06 02:00:00,38.0,48.0,91.18,23.69
2021-03-06 03:00:00,17.0,26.0,90.0,23.63
2021-03-06 04:00:00,15.0,30.0,90.13,23.37
2021-03-06 05:00:00,29.0,45.0,90.46,23.27
2021-03-06 06:00:00,28.0,39.0,90.96,23.37
2021-03-06 07:00:00,79.24428571428572,148.13692307692307,87.6,23.13
2021-03-06 08:00:00,58.0,70.0,87.02,23.82
2021-03-06 09:00:00,82.7,108.19,81.75,24.43
2021-03-06 10:00:00,64.0,96.0,79.29,25.54
2021-03-06 11:00:00,63.0,88.0,82.59,26.05
2021-03-06 12:00:00,76.49076923076923,182.0784615384615,66.09833333333334,32.8175
2021-03-06 13:00:00,23.0,45.0,68.59,29.81
2021-03-06 14:00:00,25.0,45.23,69.67,29.45
2021-03-06 15:00:00,40.88,51.0,69.47,28.12
2021-03-06 16:00:00,28.0,38.0,69.95,27.74
2021-03-06 17:00:00,23.0,42.0,76.48,26.69
2021-03-06 18:00:00,36.371428571428574,139.03153846153845,67.75666666666666,29.735833333333336
2021-03-06 19:00:00,19.09,34.0,76.01666666666667,28.174166666666665
2021-03-06 20:00:00,14.02,31.1,86.89,25.06
2021-03-06 21:00:00,21.82,36.0,87.28,25.01
2021-03-06 22:00:00,31.97,38.0,88.1,24.47
2021-03-06 23:00:00,44.0,48.0,89.46,24.05
2021-03-07 00:00:00,31.0,45.0,89.54,23.68
2021-03-07 01:00:00,28.04,41.29,90.59,23.43
2021-03-07 02:00:00,42.0,56.0,91.17,23.21
2021-03-07 03:00:00,80.46,101.0,91.82,23.28
2021-03-07 04:00:00,27.0,42.0,93.01,22.89
2021-03-07 05:00:00,32.0,43.75,93.74,23.16
2021-03-07 06:00:00,38.0,40.0,93.68,23.13
2021-03-07 07:00:00,63.099999999999994,150.36692307692306,91.97,23.18
2021-03-07 08:00:00,75.37166666666666,181.6838461538462,84.9,24.49
2021-03-07 09:00:00,73.0,79.0,72.3,26.92
2021-03-07 10:00:00,70.0,84.0,72.02,27.03
2021-03-07 11:00:00,81.0,102.0,55.51,29.21
2021-03-07 12:00:00,20.0,49.0,54.77,29.26
2021-03-07 13:00:00,13.0,35.0,60.05,28.6
2021-03-07 14:00:00,15.0,31.59,38.62454545454546,35.690909090909095
2021-03-07 15:00:00,20.96,38.0,65.06,28.05
2021-03-07 16:00:00,21.0,37.0,62.73,27.52
2021-03-07 17:00:00,16.0,30.0,60.1,27.28
2021-03-07 18:00:00,18.0,31.91,60.35,26.6
2021-03-07 19:00:00,14.05,31.0,63.21,26.35
2021-03-07 20:00:00,25.0,35.0,62.9,25.99
2021-03-07 21:00:00,26.0,29.0,65.89,25.57
2021-03-07 22:00:00,26.0,35.18,64.13,25.33
2021-03-07 23:00:00,36.0,41.42,65.15,24.88
2021-03-08 00:00:00,41.0,47.58,59.82,25.0
2021-03-08 01:00:00,46.32416666666668,144.3353846153846,62.20666666666667,24.4175
2021-03-08 02:00:00,42.44166666666667,124.28538461538461,61.53083333333334,23.839166666666667
2021-03-08 03:00:00,42.58166666666667,116.18230769230769,61.646666666666675,23.338333333333335
2021-03-08 04:00:00,48.035833333333336,130.20000000000002,63.98818181818182,22.768181818181816
2021-03-08 05:00:00,22.0,26.0,52.33,24.12
2021-03-08 06:00:00,25.0,39.0,56.26,23.64
2021-03-08 07:00:00,54.0,55.35,54.04,25.2
2021-03-08 08:00:00,57.0,61.0,52.16,26.88
2021-03-08 09:00:00,29.0,47.0,47.02,28.17
2021-03-08 10:00:00,29.0,49.0,50.05,28.94
2021-03-08 11:00:00,18.0,175.91846153846154,42.98727272727273,34.12727272727273
2021-03-08 12:00:00,17.0,45.0,69.25,27.77
2021-03-08 13:00:00,14.0,32.0,73.57,27.35
2021-03-08 14:00:00,15.0,27.0,53.230833333333344,34.56416666666667
2021-03-08 15:00:00,20.96,36.65,75.19,27.06
2021-03-08 16:00:00,14.09,23.0,78.12,26.7
2021-03-08 17:00:00,15.99,27.37,79.62,26.07
2021-03-08 18:00:00,19.0,46.0,65.16999999999999,30.255833333333328
2021-03-08 19:00:00,16.02,33.94,77.04,25.8
2021-03-08 20:00:00,16.0,31.7,77.09,25.6
2021-03-08 21:00:00,20.97,48.98,77.04,25.5
2021-03-08 22:00:00,29.98,48.94,77.64,25.34
2021-03-08 23:00:00,38.0,69.0,80.12,25.14
2021-03-09 00:00:00,30.02,36.98,80.8,25.02
2021-03-09 01:00:00,25.03,36.0,83.91,24.67
2021-03-09 02:00:00,25.0,30.0,80.77,24.55
2021-03-09 03:00:00,19.0,27.98,80.05,24.46
2021-03-09 04:00:00,12.02,27.0,84.77,24.0
2021-03-09 05:00:00,18.96,27.0,84.29,23.92
2021-03-09 06:00:00,27.0,47.0,83.24,23.38
2021-03-09 07:00:00,38.0,52.27,82.56,24.06
2021-03-09 08:00:00,62.54615384615386,178.87615384615387,73.90083333333335,26.532500000000002
2021-03-09 09:00:00,65.06,72.0,70.92,25.59
2021-03-09 10:00:00,73.92384615384616,214.43,50.765833333333326,32.47249999999999
2021-03-09 11:00:00,23.0,109.11,55.53,27.98
2021-03-09 12:00:00,51.92,89.67,60.53,29.03
2021-03-09 13:00:00,63.97,72.69,64.03,28.51
2021-03-09 14:00:00,32.18,57.0,64.69,28.47
2021-03-09 15:00:00,48.0,73.47,54.58,29.12
2021-03-09 16:00:00,47.0,67.67,56.59,28.8
2021-03-09 17:00:00,38.02,53.05,61.38,27.93
2021-03-09 18:00:00,31.0,54.39,65.46,27.06
2021-03-09 19:00:00,32.99,64.0,64.09,27.0
2021-03-09 20:00:00,18.0,44.2,60.78,27.29
2021-03-09 21:00:00,30.93,54.12,48.86,27.71
2021-03-09 22:00:00,41.0,61.86,46.24,27.67
2021-03-09 23:00:00,65.93,104.16,59.72,25.89
2021-03-10 00:00:00,66.0,85.25,71.85,25.29
2021-03-10 01:00:00,51.17,69.0,77.46,25.17
2021-03-10 02:00:00,25.0,29.0,85.44,24.77
2021-03-10 03:00:00,20.02,30.07,83.6,24.68
2021-03-10 04:00:00,26.96,33.0,82.12,24.73
2021-03-10 05:00:00,0.3,16.0,79.57,24.84
2021-03-10 06:00:00,10.97,21.62,74.58,24.56
2021-03-10 07:00:00,29.95,38.2,68.69,24.86
2021-03-10 08:00:00,59.92,68.0,72.77,25.55
2021-03-10 09:00:00,76.26818181818182,205.55800000000005,75.13,25.55
2021-03-10 10:00:00,39.0,86.96,64.05,27.12
2021-03-10 11:00:00,56.95,85.62,61.17,28.86
2021-03-10 12:00:00,54.0,67.27,49.8109090909091,34.64363636363636
2021-03-10 13:00:00,9.12,30.06,75.09,27.51
2021-03-10 14:00:00,9.0,33.0,76.37,27.57
2021-03-10 15:00:00,17.0,38.0,77.97,27.11
2021-03-10 16:00:00,16.0,37.64,77.87,27.0
2021-03-10 17:00:00,34.0,109.73,76.38,26.67
2021-03-10 18:00:00,35.0,96.0,73.81,26.27
2021-03-10 19:00:00,34.0,58.98,74.26,26.0
2021-03-10 20:00:00,41.95,57.85,72.44,26.09
2021-03-10 21:00:00,23.05,52.0,67.86272727272727,27.61636363636364
2021-03-10 22:00:00,28.98,61.8,71.07,25.38
2021-03-10 23:00:00,46.9,102.0,76.2,25.24
2021-03-11 00:00:00,41.0,68.8,80.72,25.19
2021-03-11 01:00:00,28.04,39.84,81.6,25.01
2021-03-11 02:00:00,23.02,31.91,84.6,24.82
2021-03-11 03:00:00,16.02,29.98,85.07,24.72
2021-03-11 04:00:00,11.0,28.89,83.73,24.43
2021-03-11 05:00:00,57.90666666666667,127.34500000000001,78.48818181818181,24.55363636363636
2021-03-11 06:00:00,20.94,36.0,73.03,24.14
2021-03-11 07:00:00,25.97,31.74,72.22,24.48
2021-03-11 08:00:00,31.98,51.25,71.33,26.15
2021-03-11 09:00:00,53.94,78.0,70.26,26.49
2021-03-11 10:00:00,66.85,109.0,68.01,27.7
2021-03-11 11:00:00,24.12,47.69,75.11,27.11
2021-03-11 12:00:00,19.02,32.0,76.69,26.64
2021-03-11 13:00:00,8.0,32.31,75.0,26.55
2021-03-11 14:00:00,10.98,39.0,74.62,26.53
2021-03-11 15:00:00,19.0,48.84,75.28,26.19
2021-03-11 16:00:00,17.01,42.05,78.88,25.9
2021-03-11 17:00:00,19.98,44.0,77.47,25.72
2021-03-11 18:00:00,19.0,38.0,78.64,25.15
2021-03-11 19:00:00,21.99,37.14,77.41,25.05
2021-03-11 20:00:00,22.0,39.91,73.44,25.1
2021-03-11 21:00:00,27.0,38.18,74.42,24.96
2021-03-11 22:00:00,37.0,42.0,76.6,24.81
2021-03-11 23:00:00,48.0,53.6,79.0,24.19
2021-03-12 00:00:00,12.1,29.0,79.71,24.0
2021-03-12 01:00:00,23.87,31.0,78.95,23.87
2021-03-12 02:00:00,18.02,27.0,78.77,23.85
2021-03-12 03:00:00,17.0,27.05,78.67,23.98
2021-03-12 04:00:00,18.0,28.95,82.69,23.7
2021-03-12 05:00:00,25.98,27.95,85.74,23.19
2021-03-12 06:00:00,12.0,26.27,86.72,23.21
2021-03-12 07:00:00,22.0,32.0,85.68,23.75
2021-03-12 08:00:00,37.82,38.0,79.43,25.01
2021-03-12 09:00:00,34.02,38.0,74.47,25.59
2021-03-12 10:00:00,36.99,61.51,63.17,27.98
2021-03-12 11:00:00,25.06,39.82,67.5,27.49
2021-03-12 12:00:00,16.0,32.44,71.07,27.17
2021-03-12 13:00:00,18.0,37.0,74.35,26.72
2021-03-12 14:00:00,11.04,29.4,75.89,26.47
2021-03-12 15:00:00,14.0,38.05,76.59,26.68
2021-03-12 16:00:00,16.99,39.0,78.31,26.46
2021-03-12 17:00:00,21.94,58.0,79.96,26.25
2021-03-12 18:00:00,25.0,41.91,70.92,26.59
2021-03-12 19:00:00,32.0,40.05,68.33,26.71
2021-03-12 20:00:00,31.01,42.27,69.23,26.57
2021-03-12 21:00:00,38.97,52.64,67.79,26.37
2021-03-12 22:00:00,23.05,45.12,78.15,25.76
2021-03-12 23:00:00,37.91,50.42,79.74,25.53
2021-03-13 00:00:00,39.99,68.8,82.73,25.35
2021-03-13 01:00:00,41.0,59.91,85.59,25.02
2021-03-13 02:00:00,41.0,57.65,87.29,24.77
2021-03-13 03:00:00,32.02,50.98,83.59,24.5
2021-03-13 04:00:00,27.0,49.98,71.98,24.64
2021-03-13 05:00:00,29.99,49.0,77.53909090909092,24.766363636363636
2021-03-13 06:00:00,40.0,55.0,76.59,24.478181818181817
2021-03-13 07:00:00,48.0,55.29,68.13,24.94
2021-03-13 08:00:00,56.98,68.7,63.37,26.56
2021-03-13 09:00:00,70.96,95.34,58.21,27.06
2021-03-13 10:00:00,69.0,81.29,55.85,27.41
2021-03-13 11:00:00,68.0,94.0,50.88,28.45
2021-03-13 12:00:00,62.02,86.2,49.63,31.48
2021-03-13 13:00:00,82.94,153.11,52.8,30.6
2021-03-13 14:00:00,37.13,70.11,62.31,29.14
2021-03-13 15:00:00,38.99,75.0,67.82,28.53
2021-03-13 16:00:00,35.0,64.0,67.95,27.98
2021-03-13 17:00:00,52.95,84.0,69.3,27.6
2021-03-13 18:00:00,55.99,86.88,66.07,27.07
2021-03-13 19:00:00,56.0,81.89,68.74,26.55
2021-03-13 20:00:00,39.0,77.0,66.91,26.73
2021-03-13 21:00:00,28.0,78.0,63.89,26.92
2021-03-13 22:00:00,47.89,75.75,45.95,27.59
2021-03-13 23:00:00,42.0,67.16,48.0,26.38
2021-03-14 00:00:00,61.0,90.88,66.18,25.51
2021-03-14 01:00:00,56.0,78.95,73.32,25.64
2021-03-14 02:00:00,53.0,58.64,71.7,25.56
2021-03-14 03:00:00,33.0,51.19,57.97,26.27
2021-03-14 04:00:00,34.0,55.0,65.03,25.73
2021-03-14 05:00:00,36.98,54.92,69.35,25.36
2021-03-14 06:00:00,28.0,52.0,74.37,25.0
2021-03-14 07:00:00,27.0,52.0,72.43,25.15
2021-03-14 08:00:00,39.0,60.96,54.36,27.37
2021-03-14 09:00:00,58.0,99.6,53.7,27.25
2021-03-14 10:00:00,58.0,73.45,52.9,27.79
2021-03-14 11:00:00,66.0,80.98,55.89,29.08
2021-03-14 12:00:00,39.08,58.91,62.43,28.73
2021-03-14 13:00:00,24.04,55.0,68.0,28.0
2021-03-14 14:00:00,19.03,54.4,61.39,28.77
2021-03-14 15:00:00,23.0,70.0,57.73,29.04
2021-03-14 16:00:00,38.91,78.75,53.47,28.91
2021-03-14 17:00:00,38.0,67.82,57.01,28.22
2021-03-14 18:00:00,41.0,64.09,59.61,27.6
2021-03-14 19:00:00,46.0,68.0,63.47,27.06
2021-03-14 20:00:00,38.09,60.0,63.12,26.85
2021-03-14 21:00:00,42.98,59.25,61.88,26.66
2021-03-14 22:00:00,46.99,69.17,62.3,26.04
2021-03-14 23:00:00,42.0,77.78,79.42,25.94
2021-03-15 00:00:00,84.88,95.03,81.73,25.43
2021-03-15 01:00:00,39.25,57.0,81.53,24.91
2021-03-15 02:00:00,52.0,61.93,82.03,24.86
2021-03-15 03:00:00,43.1,59.0,79.1,25.15
2021-03-15 04:00:00,34.0,48.75,73.95,25.4
2021-03-15 05:00:00,26.0,39.08,75.94,25.12
2021-03-15 06:00:00,21.0,42.05,75.87,24.86
2021-03-15 07:00:00,24.0,43.23,76.7,25.32
2021-03-15 08:00:00,40.0,51.95,72.18,26.78
2021-03-15 09:00:00,38.0,50.3,61.77,28.49
2021-03-15 10:00:00,45.0,65.65,61.77,28.58
2021-03-15 11:00:00,60.0,131.9,66.72,28.26
2021-03-15 12:00:00,42.0,73.0,67.5,27.98
2021-03-15 13:00:00,34.0,67.0,43.20363636363636,35.58181818181818
2021-03-15 14:00:00,28.02,67.33,63.09,28.6
2021-03-15 15:00:00,31.99,81.4,59.7,28.7
2021-03-15 16:00:00,36.0,69.93,59.32,28.58
2021-03-15 17:00:00,43.95,66.56,59.95,28.11
2021-03-15 18:00:00,49.11538461538463,180.4981818181818,43.192727272727275,32.37090909090909
2021-03-15 19:00:00,46.0,60.0,55.97,27.65
2021-03-15 20:00:00,44.0,59.95,46.09,28.23
2021-03-15 21:00:00,47.0,58.0,46.75,27.56
2021-03-15 22:00:00,58.0,73.44,39.25,27.04
2021-03-15 23:00:00,64.98,92.51,59.93,25.87
2021-03-16 00:00:00,52.07,70.62,72.87,25.59
2021-03-16 01:00:00,42.0,55.4,70.52,26.02
2021-03-16 02:00:00,37.0,50.0,61.25090909090909,25.996363636363636
2021-03-16 03:00:00,23.0,34.0,78.45,25.2
2021-03-16 04:00:00,24.0,34.2,78.53,25.07
2021-03-16 05:00:00,32.0,42.08,80.03,24.85
2021-03-16 06:00:00,40.0,45.0,73.93,24.68
2021-03-16 07:00:00,38.0,53.0,70.32,25.07
2021-03-16 08:00:00,67.84,74.13,61.65,27.04
2021-03-16 09:00:00,63.03,77.0,60.48,27.98
2021-03-16 10:00:00,51.0,79.42,57.57,29.21
2021-03-16 11:00:00,39.0,58.65,41.367999999999995,35.134
2021-03-16 12:00:00,38.0,51.95,62.75,28.31
2021-03-16 13:00:00,28.03,50.0,65.87,28.15
2021-03-16 14:00:00,30.0,56.12,68.73,27.96
2021-03-16 15:00:00,40.0,61.14,65.89,28.26
2021-03-16 16:00:00,43.98,67.0,55.2,29.12
2021-03-16 17:00:00,57.0,68.08,53.89,28.7
2021-03-16 18:00:00,58.0,71.0,46.348,32.579
2021-03-16 19:00:00,53.0,65.0,59.24,27.62
2021-03-16 20:00:00,54.0,68.97,55.76,27.72
2021-03-16 21:00:00,54.0,67.8,50.17,28.22
2021-03-16 22:00:00,58.98,64.75,34.06,28.68
2021-03-16 23:00:00,66.95,82.11,46.98,27.02
2021-03-17 00:00:00,72.0,104.15,72.2,26.16
2021-03-17 01:00:00,48.0,67.85,71.408,27.014
2021-03-17 02:00:00,31.19,46.0,83.35,25.12
2021-03-17 03:00:00,52.37769230769231,141.57545454545456,73.55,26.15090909090909
2021-03-17 04:00:00,31.0,43.31,68.39,25.32
2021-03-17 05:00:00,37.0,49.6,64.35,25.01
2021-03-17 06:00:00,34.01,46.0,72.37,24.56
2021-03-17 07:00:00,44.0,53.55,74.68,25.24
2021-03-17 08:00:00,67.0,75.0,68.57,25.86
2021-03-17 09:00:00,94.0,97.0,65.77,26.38
2021-03-17 10:00:00,96.99,117.8,61.93,27.39
2021-03-17 11:00:00,102.0,109.8,58.9,28.55
2021-03-17 12:00:00,95.0,106.0,57.47,29.88
2021-03-17 13:00:00,49.0,69.0,59.27,30.07
2021-03-17 14:00:00,37.0,48.11,71.41,28.25
2021-03-17 15:00:00,26.06,51.9,72.37,28.11
2021-03-17 16:00:00,30.0,48.75,64.03,28.23
2021-03-17 17:00:00,38.0,63.0,60.82,28.53
2021-03-17 18:00:00,45.0,64.28,61.23,28.21
2021-03-17 19:00:00,59.0,74.84,67.5,27.46
2021-03-17 20:00:00,51.0,72.0,62.92,27.63
2021-03-17 21:00:00,80.07700000000001,224.3922222222222,54.7375,29.77375
2021-03-17 22:00:00,66.0,77.5,50.59,27.78
2021-03-17 23:00:00,91.0,124.15,65.1,26.52
2021-03-18 00:00:00,66.0,89.3,78.94,25.74
2021-03-18 01:00:00,48.05,57.0,78.95,25.89
2021-03-18 02:00:00,30.0,35.95,79.91,25.55
2021-03-18 03:00:00,24.04,35.05,78.54,25.53
2021-03-18 04:00:00,27.0,37.2,75.17,25.55
2021-03-18 05:00:00,35.98,45.05,71.21,25.6
2021-03-18 06:00:00,37.99,46.08,65.08,25.87
2021-03-18 07:00:00,43.0,49.7,73.5,25.29
2021-03-18 08:00:00,50.95,63.0,71.75,25.68
2021-03-18 09:00:00,78.0,81.0,62.37,27.88
2021-03-18 10:00:00,79.0,110.12,57.84,29.95
2021-03-18 11:00:00,58.0,77.33,62.56,28.89
2021-03-18 12:00:00,36.0,51.0,68.83,28.56
2021-03-18 13:00:00,39.0,55.55,69.48,28.3
2021-03-18 14:00:00,28.0,47.0,71.55,27.72
2021-03-18 15:00:00,29.0,46.0,57.31909090909091,33.71727272727273
2021-03-18 16:00:00,41.0,85.0,75.45,26.88
2021-03-18 17:00:00,28.0,48.9,77.75,26.65
2021-03-18 18:00:00,35.0,47.0,79.43,25.98
2021-03-18 19:00:00,33.0,48.0,67.74454545454546,28.936363636363637
2021-03-18 20:00:00,37.0,42.05,73.07,26.05
2021-03-18 21:00:00,42.0,44.05,76.44,25.77
2021-03-18 22:00:00,32.03,45.95,79.05,25.63
2021-03-18 23:00:00,32.0,44.4,81.17,25.45
2021-03-19 00:00:00,29.0,60.0,77.88,25.43
2021-03-19 01:00:00,46.22636363636364,128.1208333333333,77.84909090909092,26.180909090909093
2021-03-19 02:00:00,30.0,41.23,68.39,25.4
2021-03-19 03:00:00,45.0,50.0,68.75,25.19
2021-03-19 04:00:00,51.0,60.0,73.11,24.82
2021-03-19 05:00:00,57.0,60.1,75.63,24.48
2021-03-19 06:00:00,58.0,64.2,77.06,24.22
2021-03-19 07:00:00,64.0,72.21,75.57,25.01
2021-03-19 08:00:00,67.44,228.76000000000002,68.48181818181818,27.584545454545456
2021-03-19 09:00:00,75.03,85.33,71.33,25.83
2021-03-19 10:00:00,80.97,98.0,62.66,28.07
2021-03-19 11:00:00,89.97,104.0,63.31,28.0
2021-03-19 12:00:00,55.360833333333325,209.22333333333333,69.47,27.56
2021-03-19 13:00:00,57.01636363636364,201.11363636363637,69.82,27.58
2021-03-19 14:00:00,42.0,61.95,62.33,28.16
2021-03-19 15:00:00,42.0,60.88,64.56,27.53
2021-03-19 16:00:00,34.0,56.0,67.05,27.13
2021-03-19 17:00:00,40.0,55.8,68.98,26.72
2021-03-19 18:00:00,45.0,52.0,57.943636363636365,30.40727272727273
2021-03-19 19:00:00,36.0,52.0,77.01,25.66
2021-03-19 20:00:00,52.0,54.0,76.31,25.51
2021-03-19 21:00:00,45.0,48.7,77.34,25.08
2021-03-19 22:00:00,59.78153846153847,204.07416666666666,79.11,25.05
2021-03-19 23:00:00,39.0,47.65,80.49,24.81
2021-03-20 00:00:00,33.0,41.0,77.03,24.76
2021-03-20 01:00:00,38.0,41.0,77.8,24.56
2021-03-20 02:00:00,48.0,49.65,83.97,24.08
2021-03-20 03:00:00,39.0,43.0,83.23,24.0
2021-03-20 04:00:00,40.69384615384615,157.17333333333337,82.25,23.95
2021-03-20 05:00:00,43.0,44.89,81.24,23.93
2021-03-20 06:00:00,38.432307692307695,149.80749999999998,83.05,23.75
2021-03-20 07:00:00,42.846363636363634,192.52,87.75166666666667,24.985
2021-03-20 08:00:00,83.0,199.816,83.44166666666668,26.643333333333334
2021-03-20 09:00:00,27.0,217.07666666666668,74.90833333333335,28.901666666666667
2021-03-20 10:00:00,51.38454545454545,219.2571428571429,63.39333333333334,31.065
2021-03-20 11:00:00,51.701538461538455,227.4275,72.26,26.34
2021-03-20 12:00:00,52.131538461538476,235.91833333333332,70.56,26.55
2021-03-20 13:00:00,57.0,58.0,64.78,26.62
2021-03-20 14:00:00,60.99,64.5,65.4,26.55
2021-03-20 15:00:00,50.0,55.27,62.74,26.66
2021-03-20 16:00:00,51.0,65.8,62.91,26.59
2021-03-20 17:00:00,48.0,58.22,65.98,26.2
2021-03-20 18:00:00,49.0,62.0,70.87,25.83
2021-03-20 19:00:00,52.0,54.98,76.99,25.3
2021-03-20 20:00:00,51.0,53.86,79.34,25.09
2021-03-20 21:00:00,52.403076923076924,208.09500000000003,80.26,24.95
2021-03-20 22:00:00,48.0,48.7,81.98,24.78
2021-03-20 23:00:00,50.0,54.66,83.33,24.39
2021-03-21 00:00:00,38.0,48.66,84.75,24.33
2021-03-21 01:00:00,34.0,42.61,84.5490909090909,25.245454545454546
2021-03-21 02:00:00,51.748461538461534,180.73583333333332,86.44,23.99
2021-03-21 03:00:00,40.0,43.02,86.55,23.96
2021-03-21 04:00:00,50.913846153846166,171.11333333333334,86.95,23.86
2021-03-21 05:00:00,54.363076923076925,176.0591666666667,88.38,23.32
2021-03-21 06:00:00,47.0,49.0,88.58,23.4
2021-03-21 07:00:00,98.0,196.99909090909088,87.45,23.77
2021-03-21 08:00:00,68.90846153846154,57.0,82.73,24.84
2021-03-21 09:00:00,52.06,57.25,81.1,25.01
2021-03-21 10:00:00,73.81583333333333,227.42090909090905,71.88,27.16
2021-03-21 11:00:00,46.0,54.75,59.64,28.33
2021-03-21 12:00:00,62.27538461538461,208.24583333333337,60.96,28.33
2021-03-21 13:00:00,38.0,48.0,60.23,28.2
2021-03-21 14:00:00,42.0,53.92,60.33,28.46
2021-03-21 15:00:00,41.0,51.0,61.16,29.02
2021-03-21 16:00:00,45.0,51.14,62.26,28.4
2021-03-21 17:00:00,40.0,55.66,65.27,27.39
2021-03-21 18:00:00,45.0,194.82750000000001,67.65583333333333,29.905
2021-03-21 19:00:00,41.99,52.72,70.65,25.91
2021-03-21 20:00:00,40.0,43.0,72.35,25.57
2021-03-21 21:00:00,41.0,49.9,76.9,24.87
2021-03-21 22:00:00,43.0,48.02,77.78,24.73
2021-03-21 23:00:00,36.0,48.72,80.69,24.3
2021-03-22 00:00:00,34.0,44.02,81.72,24.3
2021-03-22 01:00:00,31.0,44.85,84.21,24.03
2021-03-22 02:00:00,27.0,39.0,85.33,23.99
2021-03-22 03:00:00,24.02,32.72,86.85,24.02
2021-03-22 04:00:00,28.0,45.05,87.53,23.63
2021-03-22 05:00:00,33.0,46.86,87.41,23.62
2021-03-22 06:00:00,35.0,42.03,87.41,23.89
2021-03-22 07:00:00,40.0,43.0,86.77,24.08
2021-03-22 08:00:00,47.0,58.17,81.56,25.27
2021-03-22 09:00:00,46.0,64.14,74.26,27.41
2021-03-22 10:00:00,47.0,69.0,70.3,27.62
2021-03-22 11:00:00,69.64615384615385,197.26,54.06,34.0375
2021-03-22 12:00:00,51.0,80.56,71.78,27.92
2021-03-22 13:00:00,52.0,65.0,73.84,27.7
2021-03-22 14:00:00,35.0,53.8,73.16,27.81
2021-03-22 15:00:00,54.65461538461538,159.07666666666665,54.559090909090905,34.67181818181818
2021-03-22 16:00:00,29.0,45.95,68.43,27.59
2021-03-22 17:00:00,22.0,45.11,72.05,27.26
2021-03-22 18:00:00,26.0,46.95,75.58,26.73
2021-03-22 19:00:00,46.777692307692305,176.31416666666667,73.38636363636364,29.41363636363637
2021-03-22 20:00:00,51.04,173.48583333333332,80.03,26.29
2021-03-22 21:00:00,57.00307692307692,188.63,81.0,26.13
2021-03-22 22:00:00,60.46076923076923,191.20749999999998,82.42,26.02
2021-03-22 23:00:00,38.0,40.0,76.73272727272727,27.54818181818182
2021-03-23 00:00:00,36.0,40.95,82.59,25.82
2021-03-23 01:00:00,67.80363636363637,196.69000000000003,80.53,25.76
2021-03-23 02:00:00,41.0,54.08,68.98,25.76
2021-03-23 03:00:00,62.85250000000001,159.56833333333336,70.22,25.44
2021-03-23 04:00:00,51.0,56.0,57.03,26.19
2021-03-23 05:00:00,52.0,56.72,67.19,25.44
2021-03-23 06:00:00,51.0,69.72,74.31,24.63
2021-03-23 07:00:00,72.0,82.0,75.73,25.24
2021-03-23 08:00:00,94.08,238.56750000000002,62.56,28.98
2021-03-23 09:00:00,94.1675,233.79083333333332,53.04454545454546,32.199090909090906
2021-03-23 10:00:00,87.87916666666668,219.20666666666668,48.07,34.17454545454545
2021-03-23 11:00:00,57.95,88.56,53.39,29.79
2021-03-23 12:00:00,39.0,80.83,59.06,29.08
2021-03-23 13:00:00,41.0,75.0,64.01,28.65
2021-03-23 14:00:00,35.0,59.0,48.013999999999996,35.409000000000006
2021-03-23 15:00:00,54.95846153846154,145.65666666666667,48.23363636363636,34.5790909090909
2021-03-23 16:00:00,17.0,51.22,71.13,27.86
2021-03-23 17:00:00,32.0,53.03,77.01,26.87
2021-03-23 18:00:00,56.98615384615384,178.71727272727273,54.14818181818182,31.540000000000006
2021-03-23 19:00:00,62.50461538461538,172.7675,53.903636363636366,30.865454545454543
2021-03-23 20:00:00,64.61615384615385,175.97583333333333,55.3890909090909,30.285454545454545
2021-03-23 21:00:00,71.62846153846155,200.71333333333334,57.86727272727273,29.447272727272722
2021-03-23 22:00:00,85.34461538461538,231.75750000000002,61.75,28.707272727272724
2021-03-23 23:00:00,91.88692307692305,257.795,63.710909090909084,28.220909090909092
2021-03-24 00:00:00,92.94692307692307,249.1408333333333,65.66181818181818,27.524545454545454
2021-03-24 01:00:00,104.01,262.57166666666666,67.49363636363636,27.427272727272726
2021-03-24 02:00:00,99.02230769230769,254.005,68.6809090909091,27.319090909090907
2021-03-24 03:00:00,91.13846153846154,229.38749999999996,64.95363636363635,27.16
2021-03-24 04:00:00,84.07916666666668,188.2981818181818,65.0,26.895999999999997
2021-03-24 05:00:00,84.53076923076924,181.97833333333332,65.30818181818181,26.524545454545454
2021-03-24 06:00:00,85.05461538461539,193.035,67.53090909090908,26.313636363636363
2021-03-24 07:00:00,89.66000000000001,216.7483333333333,65.99545454545455,26.985454545454544
2021-03-24 08:00:00,51.11,80.0,54.8,28.47
2021-03-24 09:00:00,59.0,80.0,51.87,29.77
2021-03-24 10:00:00,66.0,93.11,49.33,30.14
2021-03-24 11:00:00,67.0,112.0,44.87,31.17
2021-03-24 12:00:00,81.0,109.0,47.09,32.41
2021-03-24 13:00:00,70.92,99.44,69.23,29.27
2021-03-24 14:00:00,41.0,79.94,70.8,29.25
2021-03-24 15:00:00,40.0,78.0,62.26,29.9
2021-03-24 16:00:00,38.06,79.34,65.44,29.33
2021-03-24 17:00:00,48.93,87.22,63.54,28.86
2021-03-24 18:00:00,43.0,104.69,64.37,28.61
2021-03-24 19:00:00,54.0,94.0,64.83,28.27
2021-03-24 20:00:00,53.0,99.11,63.03,28.23
2021-03-24 21:00:00,44.0,68.31,61.85,28.37
2021-03-24 22:00:00,56.0,79.0,61.97,28.02
2021-03-24 23:00:00,58.0,92.0,68.63,27.11
2021-03-25 00:00:00,47.09,97.88,71.25,26.34
2021-03-25 01:00:00,59.0,94.14,58.29,26.95
2021-03-25 02:00:00,45.0,99.0,62.11,26.88
2021-03-25 03:00:00,53.01,98.89,68.9,26.36
2021-03-25 04:00:00,55.02,97.15,66.41,26.21
2021-03-25 05:00:00,60.0,101.55,70.81,25.92
2021-03-25 06:00:00,59.0,87.0,66.02,26.18
2021-03-25 07:00:00,82.04714285714286,208.82846153846154,60.39000000000001,26.86666666666667
2021-03-25 08:00:00,90.1657142857143,248.84846153846152,44.903333333333336,31.099166666666665
2021-03-25 09:00:00,48.0,77.44,56.18,28.18
2021-03-25 10:00:00,58.0,85.0,47.38,29.45
2021-03-25 11:00:00,59.0,91.97,37.05,32.16
2021-03-25 12:00:00,67.03,90.51,51.6,30.87
2021-03-25 13:00:00,57.07769230769231,159.26333333333332,49.98,30.95
2021-03-25 14:00:00,44.0,66.78,55.02,31.23
2021-03-25 15:00:00,50.01,62.57,49.72,31.81
2021-03-25 16:00:00,52.0,55.3,41.3,32.09
2021-03-25 17:00:00,16.721818181818183,102.8690909090909,45.61,30.68
2021-03-25 18:00:00,17.186666666666664,86.73363636363636,48.52,30.08
2021-03-25 19:00:00,23.71166666666667,95.59545454545454,54.31,29.19
2021-03-25 20:00:00,32.0,42.0,54.58,28.74
2021-03-25 21:00:00,50.92000000000001,155.80272727272728,42.84,29.1
2021-03-25 22:00:00,64.2225,185.03181818181818,35.8,29.19
2021-03-25 23:00:00,70.39250000000001,199.5790909090909,40.62,28.54
2021-03-26 00:00:00,51.96,52.91,53.9,26.57
2021-03-26 01:00:00,38.0,50.3,58.26,25.87
2021-03-26 02:00:00,37.0,59.91,61.5,25.62
2021-03-26 03:00:00,40.0,57.11,62.56,25.3
2021-03-26 04:00:00,30.98,59.06,65.18,24.75
2021-03-26 05:00:00,25.02,60.97,66.81,24.65
2021-03-26 06:00:00,34.0,60.0,73.92,24.14
2021-03-26 07:00:00,40.0,67.31,73.05,26.56
2021-03-26 08:00:00,70.0,78.84,65.74,26.92
2021-03-26 09:00:00,100.59454545454545,272.4418181818182,55.13,27.74
2021-03-26 10:00:00,75.0,90.03,52.85,28.54
2021-03-26 11:00:00,73.0,91.0,52.63,29.61
2021-03-26 12:00:00,91.0,98.06,47.31,31.15
2021-03-26 13:00:00,64.0,99.56,54.23,30.66
2021-03-26 14:00:00,48.98,83.57,58.79,30.59
2021-03-26 15:00:00,40.0,69.83,52.66,31.09
2021-03-26 16:00:00,45.0,64.0,52.78,30.46
2021-03-26 17:00:00,50.0,58.06,51.08,30.32
2021-03-26 18:00:00,53.0,59.0,52.21,29.73
2021-03-26 19:00:00,50.0,59.54,58.12,28.91
2021-03-26 20:00:00,40.0,45.0,60.04,28.74
2021-03-26 21:00:00,30.0,48.22,58.3,28.46
2021-03-26 22:00:00,36.0,50.06,57.06,28.07
2021-03-26 23:00:00,50.0,52.0,52.93,27.92
2021-03-27 00:00:00,73.88153846153847,207.06083333333333,61.54,26.47
2021-03-27 01:00:00,50.0,59.16,62.59,26.55
2021-03-27 02:00:00,73.85307692307693,198.05416666666667,56.67272727272727,27.05454545454546
2021-03-27 03:00:00,49.0,62.0,75.75,25.82
2021-03-27 04:00:00,55.0,79.78,73.62,24.5
2021-03-27 05:00:00,50.0,72.0,78.8,24.87
2021-03-27 06:00:00,43.29,72.06,73.08,25.42
2021-03-27 07:00:00,69.0,98.03,61.89,27.47
2021-03-27 08:00:00,109.83749999999999,289.52272727272725,57.6,28.73
2021-03-27 09:00:00,114.0,127.0,53.5,29.28
2021-03-27 10:00:00,97.97,131.78,32.62,32.32
2021-03-27 11:00:00,89.0,93.16,33.13,35.36
2021-03-27 12:00:00,65.06214285714286,188.32615384615383,43.6,33.55
2021-03-27 13:00:00,72.0,83.0,39.6,33.8
2021-03-27 14:00:00,67.0,97.33,47.34,32.19
2021-03-27 15:00:00,51.0,91.39,47.8,31.98
2021-03-27 16:00:00,30.0,69.83,52.99,31.03
2021-03-27 17:00:00,36.99,64.16,53.9,30.21
2021-03-27 18:00:00,35.0,67.0,49.86,29.95
2021-03-27 19:00:00,31.01,62.2,53.33,29.15
2021-03-27 20:00:00,35.14,68.51,41.68,29.88
2021-03-27 21:00:00,58.94,60.76,40.95,29.87
2021-03-27 22:00:00,37.03,53.46,42.64,28.8
2021-03-27 23:00:00,48.0,68.0,54.16,27.86
2021-03-28 00:00:00,35.08,63.1,49.86,27.12
2021-03-28 01:00:00,49.0,80.0,58.92,26.58
2021-03-28 02:00:00,43.0,71.08,69.23,26.35
2021-03-28 03:00:00,29.98,72.47,80.29,26.03
2021-03-28 04:00:00,25.0,49.0,74.15,25.62
2021-03-28 05:00:00,29.01,48.86,80.09,25.15
2021-03-28 06:00:00,31.0,46.7,80.32,25.09
2021-03-28 07:00:00,20.13,42.61,79.58,26.12
2021-03-28 08:00:00,43.01,52.95,79.37,26.37
2021-03-28 09:00:00,47.0,83.0,81.13,26.63
2021-03-28 10:00:00,45.0,83.0,81.77,26.99
2021-03-28 11:00:00,45.94,74.56,82.82,27.62
2021-03-28 12:00:00,24.02,58.61,81.61,28.77
2021-03-28 13:00:00,28.0,52.0,80.69,29.29
2021-03-28 14:00:00,33.02,52.0,79.81,29.5
2021-03-28 15:00:00,38.0,59.0,69.08333333333334,33.223333333333336
2021-03-28 16:00:00,49.0,58.76,75.95,29.18
2021-03-28 17:00:00,39.07,50.75,77.83,27.95
2021-03-28 18:00:00,61.25,129.2507692307692,81.81,27.09
2021-03-28 19:00:00,47.96357142857143,132.6246153846154,87.91,25.7
2021-03-28 20:00:00,18.0,39.88,89.91,25.83
2021-03-28 21:00:00,28.02,36.03,90.58,25.79
2021-03-28 22:00:00,33.02,37.43,92.08,25.24
2021-03-28 23:00:00,39.0,50.88,92.53,25.09
2021-03-29 00:00:00,89.43428571428572,180.97769230769234,92.66,24.99
2021-03-29 01:00:00,88.51692307692306,182.70384615384617,93.25,25.3
2021-03-29 02:00:00,85.02285714285713,168.03076923076924,93.1,25.25
2021-03-29 03:00:00,77.92214285714286,63.0,93.43,24.57
2021-03-29 04:00:00,73.0423076923077,47.0,93.84,24.25
2021-03-29 05:00:00,60.99461538461538,38.0,92.95,24.21
2021-03-29 06:00:00,59.24384615384614,38.0,92.16,24.2
2021-03-29 07:00:00,58.24076923076923,47.0,91.2,24.57
2021-03-29 08:00:00,62.676666666666655,50.34,87.74,25.7
2021-03-29 09:00:00,79.26,95.28,84.96,26.02
2021-03-29 10:00:00,75.10923076923078,131.0,83.25,26.37
2021-03-29 11:00:00,82.69071428571428,120.0,79.67,27.19
2021-03-29 12:00:00,80.32571428571428,109.08,67.27,29.46
2021-03-29 13:00:00,73.78642857142857,80.0,56.55250000000001,34.959999999999994
2021-03-29 14:00:00,56.955,74.93,71.61,28.88
2021-03-29 15:00:00,43.25857142857142,41.0,78.56,28.34
2021-03-29 16:00:00,32.07,45.0,79.98,27.49
2021-03-29 17:00:00,25.693076923076926,24.0,62.71583333333333,32.4075
2021-03-29 18:00:00,21.22307692307692,19.49,82.61,26.59
2021-03-29 19:00:00,20.81692307692308,27.0,86.53,26.1
2021-03-29 20:00:00,22.488461538461536,23.55,83.37333333333335,28.653333333333336
2021-03-29 21:00:00,24.639230769230775,32.0,88.49,25.38
2021-03-29 22:00:00,27.23076923076923,37.0,90.67,24.67
2021-03-29 23:00:00,26.383846153846154,19.43,91.77,24.43
2021-03-30 00:00:00,26.97384615384615,33.0,92.79,24.35
2021-03-30 01:00:00,10.05,19.9,93.61,24.06
2021-03-30 02:00:00,23.184615384615388,66.34153846153846,94.03,23.75
2021-03-30 03:00:00,23.238461538461536,62.34538461538462,94.11,23.74
2021-03-30 04:00:00,24.086666666666662,20.06,93.23,24.05
2021-03-30 05:00:00,23.903076923076924,64.90692307692309,92.16,24.38
2021-03-30 06:00:00,27.705384615384617,71.18923076923076,92.43,24.32
2021-03-30 07:00:00,33.189230769230775,85.4846153846154,89.42,24.93
2021-03-30 08:00:00,34.635,118.63153846153848,88.4,25.44
2021-03-30 09:00:00,32.30384615384615,101.22384615384615,87.16,25.59
2021-03-30 10:00:00,30.352307692307686,104.32692307692308,84.54,26.0
2021-03-30 11:00:00,30.23384615384615,128.55416666666667,71.66,28.73
2021-03-30 12:00:00,34.09,56.06,68.58,29.27
2021-03-30 13:00:00,24.09,77.99,69.37,29.21
2021-03-30 14:00:00,26.94,73.97,67.65,29.42
2021-03-30 15:00:00,26.0,69.0,65.7,29.83
2021-03-30 16:00:00,30.0,72.0,57.06333333333333,32.95583333333333
2021-03-30 17:00:00,20.91,62.01,71.03,27.59
2021-03-30 18:00:00,18.0,66.0,74.31,26.32
2021-03-30 19:00:00,21.0,96.0,79.14,25.01
2021-03-30 20:00:00,24.91,73.98,81.19,24.36
2021-03-30 21:00:00,22.3,67.02,82.29,23.96
2021-03-30 22:00:00,27.0,71.0,82.39,23.86
2021-03-30 23:00:00,16.18,58.0,83.84,23.43
2021-03-31 00:00:00,22.0,50.0,83.21,23.44
2021-03-31 01:00:00,27.0,64.0,83.49,23.27
2021-03-31 02:00:00,26.0,98.0,84.23,23.08
2021-03-31 03:00:00,20.27,100.0,84.38,23.23
2021-03-31 04:00:00,29.0,100.0,86.63083333333333,23.9575
2021-03-31 05:00:00,30.19153846153847,84.90153846153848,87.6225,23.771666666666675
2021-03-31 06:00:00,22.0,60.0,88.66,23.4
2021-03-31 07:00:00,37.13769230769231,111.60307692307691,86.57666666666665,25.205000000000002
2021-03-31 08:00:00,32.0,71.0,80.76,25.3
2021-03-31 09:00:00,40.53,79.0,78.5,26.09
2021-03-31 10:00:00,33.57,77.97,71.95,28.08
2021-03-31 11:00:00,26.88,73.0,68.33,28.48
2021-03-31 12:00:00,23.0,73.0,70.79,27.94
2021-03-31 13:00:00,19.18,63.98,72.88,27.92
2021-03-31 14:00:00,24.91,55.11,73.53,27.98
2021-03-31 15:00:00,22.34,75.09,76.82,27.32
2021-03-31 16:00:00,32.91,107.0,80.44,26.76
2021-03-31 17:00:00,29.94,106.91,82.06,26.45
2021-03-31 18:00:00,27.82,90.01,84.76,25.73
2021-03-31 19:00:00,31.6,94.0,86.61,25.3
2021-03-31 20:00:00,166.0,103.2923076923077,87.28,25.03
2021-03-31 21:00:00,27.0,124.0,88.47,24.75
2021-03-31 22:00:00,31.0,110.0,90.8,24.06
2021-03-31 23:00:00,22.26,132.66,87.48666666666666,26.585000000000004
2021-04-01 00:00:00,30.2,76.0,89.06,24.34
2021-04-01 01:00:00,36.0,104.29923076923077,87.53,24.43
2021-04-01 02:00:00,34.07,151.07,86.44,24.53
2021-04-01 03:00:00,36.36,177.26,85.97,24.39
2021-04-01 04:00:00,42.12,224.0,86.0,24.37
2021-04-01 05:00:00,43.9,237.0,86.19,24.37
2021-04-01 06:00:00,35.82714285714285,140.43923076923076,85.99333333333334,26.4575
2021-04-01 07:00:00,53.5,280.0,89.21,24.37
2021-04-01 08:00:00,61.53,154.6423076923077,86.75,24.93
2021-04-01 09:00:00,83.12,164.5184615384615,82.94,25.94
2021-04-01 10:00:00,59.0,180.87153846153845,80.09,26.38
2021-04-01 11:00:00,52.82,111.15,75.62,27.39
2021-04-01 12:00:00,47.0,179.0,74.03,28.11
2021-04-01 13:00:00,47.19,180.13,69.46,29.49
2021-04-01 14:00:00,50.0,203.0,67.92,29.75
2021-04-01 15:00:00,47.0,203.97,67.95833333333333,32.45000000000001
2021-04-01 16:00:00,41.95785714285713,195.21416666666667,68.63833333333334,32.06916666666667
2021-04-01 17:00:00,51.0,212.0,73.58,28.07
2021-04-01 18:00:00,51.13,218.01,79.03,26.46
2021-04-01 19:00:00,52.0,219.0,79.97,25.95
2021-04-01 20:00:00,56.0,214.0,80.93583333333332,28.11666666666667
2021-04-01 21:00:00,54.0,201.0,84.45,24.71
2021-04-01 22:00:00,51.3,193.26,84.85,24.51
2021-04-01 23:00:00,59.09,233.0,84.05,24.73
2021-04-02 00:00:00,45.0,224.0,80.37,25.04
2021-04-02 01:00:00,48.0,156.0,80.36,24.86
2021-04-02 02:00:00,52.94,187.94,80.6,24.69
2021-04-02 03:00:00,51.83,176.85,80.59,24.45
2021-04-02 04:00:00,46.8,150.0,80.82,24.36
2021-04-02 05:00:00,41.14,148.97,81.23,23.9
2021-04-02 06:00:00,43.0,144.0,86.32,24.31
2021-04-02 07:00:00,52.53,172.0,87.1,24.41
2021-04-02 08:00:00,67.34,131.0,83.31,25.16
2021-04-02 09:00:00,57.34,131.06,76.5,26.05
2021-04-02 10:00:00,48.0,137.0,73.19,26.75
2021-04-02 11:00:00,48.0,197.0,74.62,26.93
2021-04-02 12:00:00,45.0,103.0,67.66,28.24
2021-04-02 13:00:00,45.93,59.0,64.59,28.95
2021-04-02 14:00:00,44.0,59.0,63.82,29.34
2021-04-02 15:00:00,41.14,59.01,65.24,29.34
2021-04-02 16:00:00,43.0,61.0,67.19,28.7
2021-04-02 17:00:00,43.665,205.63,68.52083333333333,30.78666666666666
2021-04-02 18:00:00,49.0,57.0,73.78,26.86
2021-04-02 19:00:00,41.99583333333333,186.73538461538465,78.24,25.45
2021-04-02 20:00:00,46.8,57.06,79.59,24.83
2021-04-02 21:00:00,44.23,69.16,81.37,24.27
2021-04-02 22:00:00,50.4,127.8,82.07,24.05
2021-04-02 23:00:00,42.13,110.0,82.41,23.97
2021-04-03 00:00:00,45.07,150.28615384615384,82.43,23.93
2021-04-03 01:00:00,39.0,40.0,83.14727272727272,25.915454545454544
2021-04-03 02:00:00,41.0,119.0,82.6,23.86
2021-04-03 03:00:00,38.2,108.0,83.4,23.54
2021-04-03 04:00:00,41.0,108.0,82.45,23.99
2021-04-03 05:00:00,38.8,92.66,81.88,23.61
2021-04-03 06:00:00,36.0,63.0,82.4,23.47
2021-04-03 07:00:00,37.60307692307693,148.69923076923078,80.41,25.15
2021-04-03 08:00:00,39.38307692307693,162.71384615384616,82.26,25.02
2021-04-03 09:00:00,41.62916666666666,180.0407692307692,77.41,26.09
2021-04-03 10:00:00,46.857692307692304,198.94307692307692,74.88,26.54
2021-04-03 11:00:00,44.1475,196.67384615384617,70.43,28.04
2021-04-03 12:00:00,40.0,58.0,67.64,28.56
2021-04-03 13:00:00,36.65428571428571,185.47923076923078,68.2425,31.459166666666665
2021-04-03 14:00:00,35.910714285714285,177.53076923076924,65.17,29.44
2021-04-03 15:00:00,33.34428571428572,164.43846153846152,65.87,29.04
2021-04-03 16:00:00,31.139999999999997,147.1423076923077,70.07,27.89
2021-04-03 17:00:00,29.916153846153843,142.1425,70.79,27.55
2021-04-03 18:00:00,28.183571428571423,134.82,75.2,26.23
2021-04-03 19:00:00,29.73,42.99,78.37,25.55
2021-04-03 20:00:00,26.0,41.0,79.54,25.37
2021-04-03 21:00:00,26.8,42.91,79.05749999999999,27.964166666666667
2021-04-03 22:00:00,25.362142857142857,105.80846153846151,81.11,24.91
2021-04-03 23:00:00,25.765384615384615,102.2153846153846,81.43,24.76
2021-04-04 00:00:00,26.03384615384615,99.97461538461536,81.36,24.62
2021-04-04 01:00:00,25.893333333333334,103.95538461538462,81.63916666666667,26.992500000000003
2021-04-04 02:00:00,24.415384615384614,107.7030769230769,80.29,24.65
2021-04-04 03:00:00,23.89923076923077,106.08076923076922,79.39,24.78
2021-04-04 04:00:00,24.827692307692306,108.84923076923077,79.08,24.57
2021-04-04 05:00:00,25.188461538461542,105.18923076923073,83.64,24.78
2021-04-04 06:00:00,26.886153846153846,105.65461538461538,83.91,24.73
2021-04-04 07:00:00,29.54769230769231,120.44153846153844,81.61666666666666,27.139166666666668
2021-04-04 08:00:00,37.0,38.0,78.82,26.01
2021-04-04 09:00:00,31.051666666666666,125.66916666666667,77.97,26.15
2021-04-04 10:00:00,31.889999999999997,134.14166666666668,74.35,27.05
2021-04-04 11:00:00,33.4,59.68,69.63,28.58
2021-04-04 12:00:00,35.034166666666664,140.09416666666667,65.48,29.66
2021-04-04 13:00:00,30.58,135.08416666666668,66.16,29.56
2021-04-04 14:00:00,24.978333333333335,128.88916666666668,67.66,29.07
2021-04-04 15:00:00,25.465833333333336,132.71333333333334,65.73666666666666,32.775
2021-04-04 16:00:00,24.340999999999998,130.75899999999996,68.138,31.863
2021-04-04 17:00:00,24.233,144.01799999999997,71.33,30.774000000000008
2021-04-04 18:00:00,26.349,128.26800000000003,76.36500000000001,29.342999999999996
2021-04-04 19:00:00,23.044166666666666,118.36500000000001,80.94,25.95
2021-04-04 20:00:00,23.651666666666667,109.11333333333334,82.15,25.8
2021-04-04 21:00:00,24.33,102.80499999999999,83.38,25.67
2021-04-04 22:00:00,25.326666666666668,97.98416666666667,84.13,25.53
2021-04-04 23:00:00,34.0,64.0,84.75,25.39
2021-04-05 00:00:00,20.0,89.53333333333335,85.62,25.16
2021-04-05 01:00:00,22.84090909090909,86.66083333333331,85.24,25.04
2021-04-05 02:00:00,21.261666666666667,87.55333333333334,85.17,24.94
2021-04-05 03:00:00,29.97,36.0,85.3,24.83
2021-04-05 04:00:00,28.67,36.0,84.92,24.77
2021-04-05 05:00:00,19.54,36.27,84.64,24.82
2021-04-05 06:00:00,27.0,84.0,82.08,25.09
2021-04-05 07:00:00,27.07,99.91,80.68,25.61
2021-04-05 08:00:00,29.0,83.0,77.38,26.67
2021-04-05 09:00:00,27.0,93.89230769230768,74.16,27.59
2021-04-05 10:00:00,27.14,29.21,69.71,28.93
2021-04-05 11:00:00,28.97,47.98,69.86,29.12
2021-04-05 12:00:00,28.03,38.98,72.56,28.44
2021-04-05 13:00:00,29.0,30.0,73.24,28.2
2021-04-05 14:00:00,29.7,117.76923076923077,73.13,28.2
2021-04-05 15:00:00,20.94,132.57,73.32,27.64
2021-04-05 16:00:00,20.0,138.40153846153845,71.53,27.5
2021-04-05 17:00:00,24.0,138.45153846153846,76.89,27.07
2021-04-05 18:00:00,23.32,120.55076923076925,80.0,26.76
2021-04-05 19:00:00,31.64,110.68999999999998,74.21545454545456,29.64909090909091
2021-04-05 20:00:00,26.8,106.97923076923075,80.46,26.57
2021-04-05 21:00:00,24.13,104.64384615384617,75.86166666666665,28.430833333333336
2021-04-05 22:00:00,24.93,108.2523076923077,76.71,26.45
2021-04-05 23:00:00,23.46,120.67923076923077,76.00250000000001,27.19416666666667
2021-04-06 00:00:00,30.0,119.41692307692308,77.29333333333334,26.774166666666662
2021-04-06 01:00:00,34.66416666666667,108.90916666666668,77.15909090909092,26.566363636363636
2021-04-06 02:00:00,28.0,110.94153846153846,76.65,26.14
2021-04-06 03:00:00,34.97,102.62615384615385,66.66,26.23
2021-04-06 04:00:00,34.0,115.79769230769229,64.49,26.29
2021-04-06 05:00:00,47.47,124.46076923076923,58.28,26.09
2021-04-06 06:00:00,39.87,134.48076923076923,61.47,25.76
2021-04-06 07:00:00,36.0,147.47461538461536,64.58,26.49
2021-04-06 08:00:00,43.0,164.29230769230767,66.86,28.59
2021-04-06 09:00:00,36.78,163.69153846153844,54.59727272727273,33.00272727272727
2021-04-06 10:00:00,34.0,172.4046153846154,45.46636363636364,35.91181818181818
2021-04-06 11:00:00,51.29,172.15769230769232,69.38,30.93
2021-04-06 12:00:00,57.27,164.23461538461535,74.32,29.61
2021-04-06 13:00:00,34.77,175.79583333333335,78.07,29.03
2021-04-06 14:00:00,28.0,154.5823076923077,74.54,29.86
2021-04-06 15:00:00,39.1,151.51230769230767,51.36818181818182,36.546363636363644
2021-04-06 16:00:00,41.9,153.0725,68.8,29.52
2021-04-06 17:00:00,39.07,132.97583333333333,76.57,28.25
2021-04-06 18:00:00,40.89,138.34230769230768,76.77,27.97
2021-04-06 19:00:00,38.0,136.01333333333335,77.42,27.59
2021-04-06 20:00:00,38.0,129.57500000000002,72.75,27.62
2021-04-06 21:00:00,36.121428571428574,125.33166666666669,69.88090909090909,29.59
2021-04-06 22:00:00,38.07,113.57166666666666,77.86,26.9
2021-04-06 23:00:00,40.0,108.59166666666668,77.91,26.66
2021-04-07 00:00:00,28.13,107.99749999999999,78.34,26.52
2021-04-07 01:00:00,31.77,99.76416666666667,82.71,26.27
2021-04-07 02:00:00,25.0,87.51333333333334,82.5,26.19
2021-04-07 03:00:00,30.0,88.84750000000001,84.04,25.84
2021-04-07 04:00:00,35.0,93.76538461538462,85.32,25.18
2021-04-07 05:00:00,28.71,100.45166666666667,84.71909090909091,25.901818181818182
2021-04-07 06:00:00,27.0,107.84250000000003,84.95,25.42
2021-04-07 07:00:00,29.87,131.02166666666665,80.63,26.79
2021-04-07 08:00:00,41.0,139.17416666666668,74.44,28.12
2021-04-07 09:00:00,36.0,128.57916666666668,69.04,29.5
2021-04-07 10:00:00,33.8,151.225,69.62,29.89
2021-04-07 11:00:00,31.14,157.83666666666667,72.46,29.17
2021-04-07 12:00:00,35.34,161.20615384615382,74.48,28.9
2021-04-07 13:00:00,40.0,169.16666666666666,74.63,28.76
2021-04-07 14:00:00,39.47,144.53083333333333,72.83,28.74
2021-04-07 15:00:00,31.86,141.32090909090908,68.03,28.62
2021-04-07 16:00:00,28.0,152.11909090909091,68.57,28.66
2021-04-07 17:00:00,32.0,143.5481818181818,71.7,28.05
2021-04-07 18:00:00,38.22,139.15666666666667,70.49,27.56
2021-04-07 19:00:00,44.0,137.45333333333335,69.04,27.52
2021-04-07 20:00:00,36.68076923076923,36.9,69.86,27.43
2021-04-07 21:00:00,39.51692307692308,34.06,71.83,27.49
2021-04-07 22:00:00,44.340833333333336,35.43,72.00636363636363,28.814545454545456
2021-04-07 23:00:00,44.36416666666667,35.2,75.58272727272728,28.832727272727276
2021-04-08 00:00:00,34.33615384615385,17.46,77.42,26.66
2021-04-08 01:00:00,32.51454545454545,23.29,77.66,26.56
2021-04-08 02:00:00,31.699166666666667,27.34,78.36,26.13
2021-04-08 03:00:00,32.52153846153846,32.0,79.67,25.87
2021-04-08 04:00:00,35.74923076923076,37.6,82.55,25.31
2021-04-08 05:00:00,33.06333333333334,35.11,83.75,25.0
2021-04-08 06:00:00,37.37538461538462,38.0,84.99,24.85
2021-04-08 07:00:00,43.674615384615386,35.75,84.42,25.38
2021-04-08 08:00:00,44.01538461538461,29.07,76.75,27.89
2021-04-08 09:00:00,38.58307692307692,30.0,74.9,28.18
2021-04-08 10:00:00,30.0,145.16083333333333,73.72,28.76
2021-04-08 11:00:00,31.0,146.48833333333334,70.84,29.36
2021-04-08 12:00:00,30.93,143.42,71.29181818181819,32.63272727272727
2021-04-08 13:00:00,30.0,147.86833333333334,72.47,29.84
2021-04-08 14:00:00,26.18,135.975,75.68,28.96
2021-04-08 15:00:00,31.1,122.72916666666669,78.87,27.77
2021-04-08 16:00:00,33.82,117.72454545454544,79.21,27.39
2021-04-08 17:00:00,29.0,124.51666666666667,80.7,27.01
2021-04-08 18:00:00,32.0,128.00583333333333,82.19,26.33
2021-04-08 19:00:00,29.07,127.98666666666666,84.05,25.91
2021-04-08 20:00:00,31.0,119.77499999999999,79.53636363636365,28.528181818181814
2021-04-08 21:00:00,34.47,110.14833333333333,88.25,24.96
2021-04-08 22:00:00,27.0,112.22500000000001,89.04,24.68
2021-04-08 23:00:00,24.13,109.85166666666669,91.25,24.43
2021-04-09 00:00:00,28.0,111.175,91.26,24.41
2021-04-09 01:00:00,22.18,100.1125,90.34,24.23
2021-04-09 02:00:00,26.96,102.15500000000002,89.74,24.12
2021-04-09 03:00:00,25.86,103.255,89.5,24.02
2021-04-09 04:00:00,24.0,98.1275,88.91,23.83
2021-04-09 05:00:00,23.0,101.71333333333335,89.48,23.74
2021-04-09 06:00:00,26.04,89.19083333333333,88.06,23.94
2021-04-09 07:00:00,27.87,105.66166666666668,86.7,24.8
2021-04-09 08:00:00,38.53,120.04666666666668,75.59,27.52
2021-04-09 09:00:00,26.29,116.0116666666667,81.83,26.34
2021-04-09 10:00:00,30.27,124.66153846153847,79.65,26.64
2021-04-09 11:00:00,36.71,140.35307692307694,73.77,28.93
2021-04-09 12:00:00,33.0,153.8518181818182,68.58,30.1
2021-04-09 13:00:00,33.0,152.9275,71.96,28.39
2021-04-09 14:00:00,33.47,148.08333333333334,73.33,28.32
2021-04-09 15:00:00,40.07,159.07727272727274,75.75,27.91
2021-04-09 16:00:00,41.0,170.41666666666666,76.27,27.92
2021-04-09 17:00:00,44.03,176.36200000000002,76.79,27.17
2021-04-09 18:00:00,45.11,181.81090909090906,79.0,26.8
2021-04-09 19:00:00,48.0,192.9881818181818,77.05545454545455,29.477272727272727
2021-04-09 20:00:00,46.64,201.3063636363636,80.0018181818182,28.828181818181818
2021-04-09 21:00:00,42.0,185.72545454545454,85.08,25.91
2021-04-09 22:00:00,38.29,171.40272727272725,86.3,25.66
2021-04-09 23:00:00,41.93,167.60818181818183,86.58,25.51
2021-04-10 00:00:00,39.67,153.59272727272727,86.2,25.45
2021-04-10 01:00:00,31.0,145.80999999999997,85.09,25.38
2021-04-10 02:00:00,38.0,140.70727272727274,84.55,25.24
2021-04-10 03:00:00,37.22,140.9309090909091,84.86,24.96
2021-04-10 04:00:00,40.14,137.20200000000003,86.03,24.33
2021-04-10 05:00:00,44.14,135.9609090909091,88.06,25.05
2021-04-10 06:00:00,48.0,141.72545454545454,87.71,24.8
2021-04-10 07:00:00,40.0,163.2372727272727,86.30199999999999,26.094
2021-04-10 08:00:00,37.14,163.6118181818182,75.49,27.65
2021-04-10 09:00:00,38.0,181.3133333333333,72.68,28.87
2021-04-10 10:00:00,48.0,195.98153846153843,60.14916666666667,33.525000000000006
2021-04-10 11:00:00,51.97,199.12384615384613,72.74,28.88
2021-04-10 12:00:00,47.952142857142846,185.49076923076925,62.69166666666666,33.811666666666675
2021-04-10 13:00:00,46.0,178.3807692307692,62.56583333333333,34.19083333333333
2021-04-10 14:00:00,38.0,168.84384615384613,73.99,28.38
2021-04-10 15:00:00,32.0,150.28846153846155,67.69166666666668,32.865833333333335
2021-04-10 16:00:00,29.71,145.3723076923077,78.81,27.67
2021-04-10 17:00:00,26.94,131.4230769230769,79.53,27.52
2021-04-10 18:00:00,37.77,128.52384615384614,81.47,26.75
2021-04-10 19:00:00,32.0,133.49333333333334,82.81,26.32
2021-04-10 20:00:00,39.14,130.28384615384613,84.66,26.26
2021-04-10 21:00:00,41.0,116.28769230769232,86.07,26.24
2021-04-10 22:00:00,26.43,112.02923076923076,89.1,25.11
2021-04-10 23:00:00,29.27,107.8076923076923,88.59,25.18
2021-04-11 00:00:00,33.0,101.29615384615386,86.09,24.98
2021-04-11 01:00:00,32.93,96.94,86.72,24.71
2021-04-11 02:00:00,30.93,97.52153846153846,85.03,24.85
2021-04-11 03:00:00,30.0,97.03846153846153,85.18999999999998,26.17
2021-04-11 04:00:00,33.0,97.92230769230767,87.9,25.16
2021-04-11 05:00:00,37.25,101.26916666666669,87.16,25.27
2021-04-11 06:00:00,44.0,100.9176923076923,88.01,24.98
2021-04-11 07:00:00,46.59,121.80000000000001,85.91166666666668,26.38416666666667
2021-04-11 08:00:00,53.54,132.90692307692308,78.68,26.72
2021-04-11 09:00:00,39.0,145.9930769230769,77.92,26.86
2021-04-11 10:00:00,54.0,154.81153846153845,73.19,27.58
2021-04-11 11:00:00,56.93,150.6430769230769,57.75,30.89
2021-04-11 12:00:00,56.66,144.40846153846152,60.93,31.36
2021-04-11 13:00:00,73.0,146.11846153846156,51.609166666666674,35.961666666666666
2021-04-11 14:00:00,51.49,136.8830769230769,64.84,31.07
2021-04-11 15:00:00,37.6,123.86384615384615,71.27,29.66
2021-04-11 16:00:00,26.93,118.19846153846152,59.94583333333333,34.82
2021-04-11 17:00:00,25.96,106.91384615384617,82.64,27.64
2021-04-11 18:00:00,24.96,107.26076923076924,76.60583333333334,31.108333333333334
2021-04-11 19:00:00,24.0,102.2476923076923,88.55,26.74
2021-04-11 20:00:00,24.94,99.47076923076922,88.72,26.52
2021-04-11 21:00:00,37.0,95.56153846153846,88.67,26.26
2021-04-11 22:00:00,36.0,101.79692307692306,84.465,28.444166666666664
2021-04-11 23:00:00,32.0,110.12923076923077,90.56,25.69
2021-04-12 00:00:00,27.23,110.86166666666668,92.03,25.47
2021-04-12 01:00:00,32.27,99.57461538461537,91.9,25.57
2021-04-12 02:00:00,22.25,88.87769230769231,91.43,25.77
2021-04-12 03:00:00,29.0,76.75916666666667,90.39,25.59
2021-04-12 04:00:00,31.0,71.92999999999999,89.72,25.58
2021-04-12 05:00:00,28.04,71.23,90.68,24.99
2021-04-12 06:00:00,28.79,77.44461538461539,91.28,25.15
2021-04-12 07:00:00,26.65,84.9425,88.14,26.38
2021-04-12 08:00:00,35.31,98.58,85.65,26.89
2021-04-12 09:00:00,39.0,113.09615384615384,83.31,27.23
2021-04-12 10:00:00,34.4,117.49083333333333,80.45,27.94
2021-04-12 11:00:00,44.77,140.95727272727274,74.85,30.46
2021-04-12 12:00:00,42.0,149.5218181818182,69.69,32.24
2021-04-12 13:00:00,44.62,145.35181818181817,57.49583333333334,35.14
2021-04-12 14:00:00,52.0,130.7423076923077,72.94,29.61
2021-04-12 15:00:00,37.0,140.61846153846153,76.15,28.56
2021-04-12 16:00:00,34.5,139.49692307692308,74.88,28.49
2021-04-12 17:00:00,28.16,145.4176923076923,72.11,28.42
2021-04-12 18:00:00,30.0,142.62,59.57083333333333,32.8675
2021-04-12 19:00:00,32.86,158.70846153846153,71.0,27.71
2021-04-12 20:00:00,31.0,176.36076923076922,67.98,27.52
2021-04-12 21:00:00,41.09,145.90153846153845,71.36,27.15
2021-04-12 22:00:00,53.84,141.9623076923077,72.33,26.81
2021-04-12 23:00:00,49.69,162.94846153846154,76.66,27.36
2021-04-13 00:00:00,41.17,142.02923076923076,78.62,27.27
2021-04-13 01:00:00,19.62,112.68384615384615,78.48,27.19
2021-04-13 02:00:00,35.86,124.13692307692307,77.65,26.76
2021-04-13 03:00:00,45.6,117.28153846153847,81.42,26.66
2021-04-13 04:00:00,33.295,99.01307692307692,79.19083333333333,28.572499999999994
2021-04-13 05:00:00,36.15571428571429,104.29076923076923,79.63000000000001,28.173333333333332
2021-04-13 06:00:00,39.11142857142857,111.7369230769231,80.06416666666665,27.8925
2021-04-13 07:00:00,48.62357142857143,141.1430769230769,75.54,27.08
2021-04-13 08:00:00,61.0,160.17083333333335,74.03,27.84
2021-04-13 09:00:00,93.52,159.00833333333333,69.27,29.47
2021-04-13 10:00:00,76.0,153.15250000000003,69.16,30.32
2021-04-13 11:00:00,47.0,148.55727272727276,77.91,29.37
2021-04-13 12:00:00,28.18,142.01363636363635,78.47,28.84
2021-04-13 13:00:00,33.0,132.37363636363636,79.25,28.67
2021-04-13 14:00:00,33.08,129.27846153846153,74.86,29.33
2021-04-13 15:00:00,34.78,119.36916666666667,68.19,30.38
2021-04-13 16:00:00,32.0,114.79818181818182,67.14,30.24
2021-04-13 17:00:00,34.84,104.02833333333332,66.49,29.49
2021-04-13 18:00:00,31.8,114.28333333333335,70.87,28.31
2021-04-13 19:00:00,40.91,119.35083333333334,80.06,27.27
2021-04-13 20:00:00,28.0,114.62166666666667,82.91,26.68
2021-04-13 21:00:00,31.0,102.88000000000001,84.18,26.33
2021-04-13 22:00:00,30.16,92.7625,86.93,26.63
2021-04-13 23:00:00,34.0,86.72999999999998,86.45,26.35
2021-04-14 00:00:00,34.64,80.81166666666665,85.56,26.42
2021-04-14 01:00:00,30.0,76.40416666666667,85.68,26.54
2021-04-14 02:00:00,28.26785714285714,75.05666666666666,84.31500000000001,29.0
2021-04-14 03:00:00,27.584285714285716,72.87333333333332,83.82916666666667,28.905
2021-04-14 04:00:00,27.923571428571428,78.33416666666666,83.89333333333333,28.625833333333333
2021-04-14 05:00:00,30.433571428571433,83.70416666666667,84.40666666666668,28.245000000000005
2021-04-14 06:00:00,31.685714285714283,87.02999999999999,85.23583333333333,27.94583333333333
2021-04-14 07:00:00,34.64,91.9976923076923,83.43166666666666,28.866666666666664
2021-04-14 08:00:00,37.0,91.12615384615385,75.61272727272727,30.94909090909091
2021-04-14 09:00:00,38.16,93.54416666666667,78.73,27.86
2021-04-14 10:00:00,39.0,102.83461538461539,77.71,28.29
2021-04-14 11:00:00,37.00928571428572,46.69,61.33,30.3
2021-04-14 12:00:00,40.26846153846154,44.88,61.12,29.23
2021-04-14 13:00:00,42.11230769230769,41.77,55.42,32.7
2021-04-14 14:00:00,38.97571428571429,36.18,57.0,32.82
2021-04-14 15:00:00,38.96384615384616,40.88,66.1,31.31
2021-04-14 16:00:00,37.52846153846154,38.0,72.88,29.66
2021-04-14 17:00:00,35.200833333333335,38.0,76.01,28.55
2021-04-14 18:00:00,30.8875,47.93,81.4,27.39
2021-04-14 19:00:00,26.545384615384613,71.0,83.94,26.98
2021-04-14 20:00:00,25.473333333333333,211.58,85.75,26.58
2021-04-14 21:00:00,24.806153846153844,158.88,85.95,26.5
2021-04-14 22:00:00,27.751538461538466,47.26,82.17454545454547,29.55363636363636
2021-04-14 23:00:00,28.247500000000002,28.45,86.75,26.3
2021-04-15 00:00:00,28.45846153846154,22.0,87.78,25.95
2021-04-15 01:00:00,30.563636363636363,33.82,84.50181818181818,28.481818181818184
2021-04-15 02:00:00,28.89692307692308,59.84,89.5,25.22
2021-04-15 03:00:00,26.23769230769231,58.0,88.42,25.21
2021-04-15 04:00:00,30.06692307692308,149.17,87.34,25.34
2021-04-15 05:00:00,32.69916666666666,76.25,84.91,25.35
2021-04-15 06:00:00,33.90583333333334,34.77,85.44,25.23
2021-04-15 07:00:00,37.107692307692304,29.7,84.95,26.01
2021-04-15 08:00:00,41.36692307692307,38.0,82.19,26.6
2021-04-15 09:00:00,42.02076923076923,38.89,81.34,26.92
2021-04-15 10:00:00,42.80692307692307,61.58,78.89,27.83
2021-04-15 11:00:00,46.06307692307692,75.16,73.77,28.69
2021-04-15 12:00:00,44.83846153846153,79.0,68.8,30.51
2021-04-15 13:00:00,44.3023076923077,67.35,64.64,31.57
2021-04-15 14:00:00,41.30615384615385,35.56,66.84,30.98
2021-04-15 15:00:00,37.90692307692307,30.0,68.03,31.02
2021-04-15 16:00:00,33.816153846153846,34.0,73.83,29.28
2021-04-15 17:00:00,29.381538461538454,91.79818181818182,72.57636363636364,32.27636363636364
2021-04-15 18:00:00,29.848461538461535,91.34363636363636,76.99727272727274,30.925454545454542
2021-04-15 19:00:00,35.33307692307692,75.0,80.93,26.87
2021-04-15 20:00:00,35.49428571428571,98.44,84.93,26.0
2021-04-15 21:00:00,35.86642857142858,216.32,85.96,25.69
2021-04-15 22:00:00,36.245,66.0,86.73,25.46
2021-04-15 23:00:00,35.90071428571428,74.0,84.52416666666666,28.026666666666667
2021-04-16 00:00:00,38.16615384615385,43.65,87.58,25.7
2021-04-16 01:00:00,36.73307692307692,35.0,88.21,25.79
2021-04-16 02:00:00,39.84714285714285,59.23,88.94,25.34
2021-04-16 03:00:00,38.561428571428564,65.0,85.97,25.19
2021-04-16 04:00:00,38.1,90.52,83.88,24.85
2021-04-16 05:00:00,37.43714285714286,52.52,83.11,24.7
2021-04-16 06:00:00,37.50428571428572,34.77,83.31,24.62
2021-04-16 07:00:00,38.54,32.0,78.14,26.96
2021-04-16 08:00:00,41.20928571428571,35.0,75.90333333333332,29.840833333333332
2021-04-16 09:00:00,39.554285714285705,98.96250000000002,62.81916666666667,32.30083333333334
2021-04-16 10:00:00,35.254999999999995,57.0,65.59,29.88
2021-04-16 11:00:00,31.518571428571427,29.0,60.8525,33.720000000000006
2021-04-16 12:00:00,26.827857142857148,32.0,64.37333333333333,33.66833333333334
2021-04-16 13:00:00,22.799999999999994,21.84,74.01,28.11
2021-04-16 14:00:00,20.50214285714286,16.0,67.01416666666667,33.744166666666665
2021-04-16 15:00:00,17.11642857142857,15.77,74.95,28.09
2021-04-16 16:00:00,21.615714285714283,13.54,77.75,27.5
2021-04-16 17:00:00,22.452857142857145,27.0,79.89,27.1
2021-04-16 18:00:00,21.861666666666668,24.0,80.66428571428571,30.445714285714285
2021-04-16 19:00:00,22.87,39.73,82.62142857142858,29.464285714285715
2021-04-16 20:00:00,22.91818181818182,33.0,83.46142857142857,28.992857142857144
2021-04-16 21:00:00,24.33230769230769,45.98,84.28,26.02
2021-04-16 22:00:00,25.98846153846154,35.0,84.3,26.0
2021-04-16 23:00:00,25.290000000000003,21.0,81.24000000000001,28.20454545454545
2021-04-17 00:00:00,24.717692307692307,19.16,83.09,25.89
2021-04-17 01:00:00,21.149999999999995,20.0,83.92,25.78
2021-04-17 02:00:00,19.25692307692308,19.0,83.33,25.63
2021-04-17 03:00:00,17.755384615384614,38.38,81.81,25.55
2021-04-17 04:00:00,19.416923076923077,23.0,82.39,25.36
2021-04-17 05:00:00,20.27846153846154,50.14,83.97,25.13
2021-04-17 06:00:00,23.953846153846158,28.38,85.42,25.09
2021-04-17 07:00:00,27.629999999999995,25.0,84.02,25.62
2021-04-17 08:00:00,30.890833333333333,89.85727272727273,73.772,29.357999999999997
2021-04-17 09:00:00,28.08583333333333,81.86272727272727,68.76500000000001,31.014
2021-04-17 10:00:00,28.053076923076926,27.17,72.97,29.38
2021-04-17 11:00:00,31.583571428571428,32.71,74.0,29.21
2021-04-17 12:00:00,29.60214285714286,26.0,69.027,33.907000000000004
2021-04-17 13:00:00,24.144166666666667,96.49571428571429,71.93857142857142,34.63142857142858
2021-04-17 14:00:00,21.2725,148.67,73.92999999999999,34.30142857142857
2021-04-17 15:00:00,22.691666666666666,24.04,73.58857142857144,34.10857142857143
2021-04-17 16:00:00,22.917857142857144,89.41461538461539,67.78363636363636,33.66909090909091
2021-04-17 17:00:00,23.457142857142856,34.22,79.63,27.59
2021-04-17 18:00:00,24.305714285714288,26.67,71.6809090909091,31.568181818181824
2021-04-17 19:00:00,29.54571428571428,35.0,82.75,27.02
2021-04-17 20:00:00,30.514999999999997,39.4,85.41,26.7
2021-04-17 21:00:00,31.08785714285714,171.9,86.37,26.51
2021-04-17 22:00:00,31.255714285714287,985.0,87.14,26.41
2021-04-17 23:00:00,32.04785714285715,3.73,87.5,26.24
2021-04-18 00:00:00,28.712307692307693,23.84,88.44,26.12
2021-04-18 01:00:00,25.64909090909091,20.36,89.12,25.98
2021-04-18 02:00:00,23.561666666666667,27.84,89.18,25.95
2021-04-18 03:00:00,23.665833333333328,26.21,87.97,25.93
2021-04-18 04:00:00,23.701666666666668,31.0,85.5,26.13
2021-04-18 05:00:00,23.849166666666665,139.0,85.56,26.12
2021-04-18 06:00:00,26.783333333333335,263.08,87.13,25.8
2021-04-18 07:00:00,33.36083333333333,33.33,79.23,27.95
2021-04-18 08:00:00,34.151666666666664,35.23,73.27,29.09
2021-04-18 09:00:00,36.22833333333333,41.0,74.71,29.58
2021-04-18 10:00:00,37.38636363636363,108.23363636363636,61.82111111111111,35.07555555555555
2021-04-18 11:00:00,40.33727272727273,36.69,75.84,29.59
2021-04-18 12:00:00,36.335454545454546,35.0,78.29,29.34
2021-04-18 13:00:00,31.705454545454543,174.0,70.69111111111111,35.10777777777778
2021-04-18 14:00:00,29.796363636363637,316.0,68.17444444444443,35.382222222222225
2021-04-18 15:00:00,28.225,106.0,79.61,29.08
2021-04-18 16:00:00,32.311,27.0,80.5,28.59
2021-04-18 17:00:00,35.28818181818182,35.96,81.99,28.47
2021-04-18 18:00:00,39.74999999999999,35.0,83.21,28.04
2021-04-18 19:00:00,43.378181818181815,44.0,83.95,27.65
2021-04-18 20:00:00,51.36181818181819,88.0,83.86,27.33
2021-04-18 21:00:00,52.66181818181818,195.0,78.86625,30.68875
2021-04-18 22:00:00,51.31909090909091,281.87,84.5,27.04
2021-04-18 23:00:00,48.82909090909091,600.0,85.35,27.08
2021-04-19 00:00:00,41.39181818181818,21.0,88.56,26.54
2021-04-19 01:00:00,37.92999999999999,30.48,87.59,26.41
2021-04-19 02:00:00,35.26272727272727,36.0,86.32,26.49
2021-04-19 03:00:00,33.93272727272727,38.0,85.82,26.15
2021-04-19 04:00:00,34.31818181818182,70.0,87.64,25.58
2021-04-19 05:00:00,35.83181818181818,69.32,87.8,25.68
2021-04-19 06:00:00,35.24727272727273,149.0,88.75,26.05
2021-04-19 07:00:00,33.77272727272728,463.0,86.01,26.73
2021-04-19 08:00:00,35.826363636363645,17.0,83.58,27.33
2021-04-19 09:00:00,33.74818181818181,42.99,79.06,28.27
2021-04-19 10:00:00,31.67833333333333,31.0,77.09,28.31
2021-04-19 11:00:00,33.16384615384615,39.34,71.29,30.28
2021-04-19 12:00:00,32.08384615384615,43.0,69.96,30.39
2021-04-19 13:00:00,26.040769230769232,32.0,68.71583333333332,33.62
2021-04-19 14:00:00,23.629230769230766,36.66,68.63,30.98
2021-04-19 15:00:00,20.345,64.09,69.24,30.62
2021-04-19 16:00:00,19.87923076923077,17.0,72.53,29.34
2021-04-19 17:00:00,22.746666666666666,21.25,74.23,28.68
2021-04-19 18:00:00,21.033846153846152,24.41,79.62,27.29
2021-04-19 19:00:00,22.50846153846154,31.75,81.03,26.94
2021-04-19 20:00:00,24.585384615384616,62.25,82.5,26.6
2021-04-19 21:00:00,22.68307692307692,68.0,81.68,26.24
2021-04-19 22:00:00,23.674615384615386,297.33,86.54,25.87
2021-04-19 23:00:00,24.86,687.21,86.05555555555556,27.83
2021-04-20 00:00:00,24.178181818181823,25.0,86.71285714285715,28.74142857142857
2021-04-20 01:00:00,22.59,68.175,86.44857142857144,28.625714285714288
2021-04-20 02:00:00,22.647499999999997,20.73,84.83,25.38
2021-04-20 03:00:00,21.975833333333338,20.16,85.88,25.18
2021-04-20 04:00:00,23.30153846153846,45.09,86.84,24.8
2021-04-20 05:00:00,22.607692307692307,56.53,86.55,24.61
2021-04-20 06:00:00,23.051666666666666,45.84,86.24,24.88
2021-04-20 07:00:00,23.393076923076926,53.58,76.19,28.47
2021-04-20 08:00:00,24.658333333333335,21.66,69.28,29.52
2021-04-20 09:00:00,22.97153846153846,27.67,67.9,29.91
2021-04-20 10:00:00,21.47692307692308,21.0,67.24,30.31
2021-04-20 11:00:00,24.950833333333335,27.21,64.88,31.07
2021-04-20 12:00:00,24.987692307692306,32.0,65.67,31.13
2021-04-20 13:00:00,21.457692307692305,36.96,69.83,29.83
2021-04-20 14:00:00,19.565384615384616,36.0,69.83,29.64
2021-04-20 15:00:00,18.638461538461538,32.0,68.35,30.85
2021-04-20 16:00:00,21.286666666666665,81.31166666666668,66.55583333333334,33.2575
2021-04-20 17:00:00,22.11307692307692,26.0,71.23249999999999,32.13666666666666
2021-04-20 18:00:00,21.553076923076922,26.0,80.16,27.24
2021-04-20 19:00:00,22.793076923076924,75.42461538461538,80.34583333333333,29.649166666666662
2021-04-20 20:00:00,22.68769230769231,38.0,85.66,26.51
2021-04-20 21:00:00,22.016923076923078,121.17,82.19583333333334,29.039999999999996
2021-04-20 22:00:00,21.579166666666666,414.41,84.44,26.36
2021-04-20 23:00:00,19.820833333333336,55.3,85.56,26.09
2021-04-21 00:00:00,19.32833333333333,45.88,84.72,25.98
2021-04-21 01:00:00,19.443636363636365,20.09,83.28,25.66
2021-04-21 02:00:00,17.44666666666667,21.12,84.17,25.42
2021-04-21 03:00:00,17.544,24.34,83.6,25.34
2021-04-21 04:00:00,23.172000000000004,28.88,82.27,25.66
2021-04-21 05:00:00,20.27,49.36,82.35,25.61
2021-04-21 06:00:00,23.09583333333333,56.96,81.93,25.64
2021-04-21 07:00:00,26.49333333333333,56.0,80.74,26.45
2021-04-21 08:00:00,26.036666666666665,46.08,85.57,25.95
2021-04-21 09:00:00,27.075,25.62,77.9,27.53
2021-04-21 10:00:00,25.966666666666665,39.38,74.88,28.69
2021-04-21 11:00:00,26.446666666666673,25.21,68.76,30.57
2021-04-21 12:00:00,25.421666666666663,30.16,66.52,30.46
2021-04-21 13:00:00,23.896666666666672,32.0,67.76,30.11
2021-04-21 14:00:00,21.3175,37.84,70.08,28.95
2021-04-21 15:00:00,19.953333333333333,25.17,73.43,28.3
2021-04-21 16:00:00,20.1125,28.75,74.77,28.13
2021-04-21 17:00:00,20.2575,23.08,77.92,27.46
2021-04-21 18:00:00,22.087500000000002,25.0,79.83,27.01
2021-04-21 19:00:00,22.575833333333332,27.0,81.9,26.71
2021-04-21 20:00:00,22.581666666666663,26.0,79.19818181818181,28.776363636363634
2021-04-21 21:00:00,22.445833333333336,77.84666666666666,80.59636363636363,28.297272727272727
2021-04-21 22:00:00,22.015833333333333,75.61916666666667,81.57454545454544,27.986363636363635
2021-04-21 23:00:00,19.441666666666666,43.17,81.84100000000001,27.445
2021-04-22 00:00:00,20.49416666666667,64.0,83.5,26.08
2021-04-22 01:00:00,23.024545454545454,67.02416666666666,82.94636363636364,27.33454545454545
2021-04-22 02:00:00,22.358333333333334,18.09,83.66,25.98
2021-04-22 03:00:00,20.927500000000002,20.04,82.44,26.13
2021-04-22 04:00:00,21.1925,21.29,81.44,26.2
2021-04-22 05:00:00,20.3475,27.66,83.2,25.8
2021-04-22 06:00:00,21.085833333333333,24.0,83.78,25.69
2021-04-22 07:00:00,23.996666666666666,32.83,81.0,26.29
2021-04-22 08:00:00,26.115,29.0,74.78181818181817,30.216363636363635
2021-04-22 09:00:00,24.915000000000003,38.0,65.84,29.78
2021-04-22 10:00:00,27.58615384615384,28.71,67.58,28.91
2021-04-22 11:00:00,28.83083333333333,45.0,67.68,30.4
2021-04-22 12:00:00,32.79923076923077,28.75,70.26,29.8
2021-04-22 13:00:00,29.96692307692308,36.96,72.99,28.8
2021-04-22 14:00:00,28.005833333333342,36.0,74.13,29.05
2021-04-22 15:00:00,27.861538461538462,107.36454545454544,65.9509090909091,34.459090909090904
2021-04-22 16:00:00,26.470000000000002,102.30699999999999,69.98333333333332,33.775555555555556
2021-04-22 17:00:00,26.10076923076923,101.94416666666666,71.0888888888889,32.367777777777775
2021-04-22 18:00:00,25.715384615384615,22.0,84.32,27.19
2021-04-22 19:00:00,25.826153846153844,25.45,86.04,26.71
2021-04-22 20:00:00,25.37,90.24076923076925,79.66454545454546,29.336363636363636
2021-04-22 21:00:00,25.806153846153848,33.0,80.45,26.84
2021-04-22 22:00:00,24.991538461538465,26.67,82.3075,28.394166666666663
2021-04-22 23:00:00,26.656153846153845,36.4,81.44,26.22
2021-04-23 00:00:00,24.264166666666668,51.59,80.34,26.05
2021-04-23 01:00:00,27.390000000000008,34.33,83.13,25.66
2021-04-23 02:00:00,34.339166666666664,26.0,85.626,26.225
2021-04-23 03:00:00,33.73583333333333,35.83,83.88,25.51
2021-04-23 04:00:00,31.897692307692314,34.5,82.45,25.51
2021-04-23 05:00:00,32.825833333333335,47.78,82.68,25.38
2021-04-23 06:00:00,31.08833333333334,56.0,84.79,25.24
2021-04-23 07:00:00,31.538333333333338,99.01153846153845,83.62090909090911,27.427272727272726
2021-04-23 08:00:00,35.068461538461534,30.0,64.31,28.81
2021-04-23 09:00:00,32.5525,35.87,61.73,29.52
2021-04-23 10:00:00,27.670833333333334,33.0,49.50090909090909,35.03545454545454
2021-04-23 11:00:00,27.558461538461536,43.0,59.95,31.51
2021-04-23 12:00:00,25.71272727272727,107.23416666666668,54.380909090909086,34.77363636363636
2021-04-23 13:00:00,23.036923076923074,103.50692307692309,51.01,34.87083333333334
2021-04-23 14:00:00,19.974615384615383,92.81384615384617,50.2275,34.725
2021-04-23 15:00:00,16.783076923076923,26.75,59.21,30.41
2021-04-23 16:00:00,15.753846153846151,84.98846153846154,51.2525,34.634166666666665
2021-04-23 17:00:00,14.581538461538461,18.5,68.38,28.15
2021-04-23 18:00:00,15.496153846153847,13.59,70.88,27.34
2021-04-23 19:00:00,17.96076923076923,20.0,73.45,27.1
2021-04-23 20:00:00,21.365384615384617,21.0,76.78,26.64
2021-04-23 21:00:00,23.77,28.8,78.16,26.38
2021-04-23 22:00:00,25.726923076923075,45.38,77.69,26.44
2021-04-23 23:00:00,25.764615384615386,39.0,79.1,26.12
2021-04-24 00:00:00,24.806923076923077,41.66,76.43,25.98
2021-04-24 01:00:00,26.8275,26.82,78.82,25.39
2021-04-24 02:00:00,27.688333333333333,24.67,79.69,25.11
2021-04-24 03:00:00,29.902307692307694,17.13,81.09,24.93
2021-04-24 04:00:00,30.646666666666665,20.0,83.24,24.27
2021-04-24 05:00:00,28.396666666666665,30.22,83.95,24.39
2021-04-24 06:00:00,29.998461538461545,35.0,83.23,24.83
2021-04-24 07:00:00,34.80916666666666,34.0,79.42,26.21
2021-04-24 08:00:00,35.73923076923077,56.58,75.69,26.77
2021-04-24 09:00:00,33.05384615384615,42.45,72.72,27.59
2021-04-24 10:00:00,29.28846153846154,52.13,69.53,29.37
2021-04-24 11:00:00,29.427692307692308,53.93,64.59,30.66
2021-04-24 12:00:00,30.325384615384618,31.14,67.45,29.9
2021-04-24 13:00:00,29.533076923076923,34.34,67.59,30.46
2021-04-24 14:00:00,23.466923076923077,38.0,67.47,30.44
2021-04-24 15:00:00,19.900769230769235,28.27,72.41,28.62
2021-04-24 16:00:00,17.173846153846156,30.64,73.69,28.41
2021-04-24 17:00:00,15.973076923076926,25.4,71.75250000000001,31.62833333333334
2021-04-24 18:00:00,18.096923076923076,84.1453846153846,76.23083333333334,30.283333333333335
2021-04-24 19:00:00,18.496923076923075,23.18,81.63,26.76
2021-04-24 20:00:00,20.057692307692307,25.0,79.86833333333333,29.166666666666668
2021-04-24 21:00:00,20.46666666666667,25.0,83.17,26.62
2021-04-24 22:00:00,20.424615384615382,40.0,83.86,26.53
2021-04-24 23:00:00,19.633333333333336,29.0,84.54,26.55
2021-04-25 00:00:00,19.79,126.27,85.5,26.27
2021-04-25 01:00:00,19.80909090909091,89.0,85.69,26.18
2021-04-25 02:00:00,17.64166666666667,18.27,85.8,25.97
2021-04-25 03:00:00,18.573333333333334,21.0,86.04,25.9
2021-04-25 04:00:00,18.326923076923077,19.0,85.45,25.85
2021-04-25 05:00:00,20.72846153846154,22.38,85.6,25.78
2021-04-25 06:00:00,23.599999999999998,54.0,87.47,25.56
2021-04-25 07:00:00,27.49833333333333,57.0,87.04,26.09
2021-04-25 08:00:00,26.680000000000003,259.58,79.64,27.29
2021-04-25 09:00:00,29.30230769230769,104.31,73.69,28.89
2021-04-25 10:00:00,31.28692307692307,25.58,69.36,30.31
2021-04-25 11:00:00,34.33,38.0,70.68,29.52
2021-04-25 12:00:00,33.78076923076923,119.85363636363637,62.26272727272727,35.07909090909091
2021-04-25 13:00:00,32.38384615384615,124.41846153846153,63.05166666666667,35.425000000000004
2021-04-25 14:00:00,28.724166666666665,30.0,73.65,30.0
2021-04-25 15:00:00,22.572499999999994,37.82,77.25,29.26
2021-04-25 16:00:00,22.007499999999997,206.0,69.35666666666667,34.56916666666666
2021-04-25 17:00:00,25.771666666666665,347.0,84.28,28.29
2021-04-25 18:00:00,30.6275,114.0,81.56,28.23
2021-04-25 19:00:00,36.538333333333334,35.0,80.89,28.41
2021-04-25 20:00:00,42.93333333333333,42.09,84.67,28.44
2021-04-25 21:00:00,44.830000000000005,46.36,86.5,27.84
2021-04-25 22:00:00,52.37916666666666,175.94,90.2,27.31
2021-04-25 23:00:00,55.2409090909091,981.41,90.88,27.0
2021-04-26 00:00:00,58.85999999999999,920.71,90.59,26.95
2021-04-26 01:00:00,50.26090909090909,452.15,90.36,27.07
2021-04-26 02:00:00,43.02166666666667,285.84,90.13,26.87
2021-04-26 03:00:00,39.99666666666667,49.0,90.28,26.7
2021-04-26 04:00:00,42.49166666666667,71.87,90.38,26.41
2021-04-26 05:00:00,41.788333333333334,69.8,91.05,26.24
2021-04-26 06:00:00,43.280833333333334,78.53,87.03916666666667,28.660833333333333
2021-04-26 07:00:00,48.9275,87.87,84.39,27.63
2021-04-26 08:00:00,53.31461538461539,194.02,85.72,27.52
2021-04-26 09:00:00,51.59923076923076,430.0,83.39,28.11
2021-04-26 10:00:00,50.54538461538462,298.0,66.81833333333331,35.220000000000006
2021-04-26 11:00:00,51.14538461538462,80.0,71.48,31.67
2021-04-26 12:00:00,47.24076923076923,170.09846153846155,72.585,34.03333333333334
2021-04-26 13:00:00,47.01307692307693,182.15333333333334,72.84454545454545,33.598181818181814
2021-04-26 14:00:00,48.075384615384614,190.28769230769234,70.17583333333333,33.947500000000005
2021-04-26 15:00:00,49.25923076923076,200.47538461538463,67.17916666666666,34.0825
2021-04-26 16:00:00,46.673846153846156,198.85923076923078,65.67083333333332,34.05916666666666
2021-04-26 17:00:00,44.71692307692308,190.53461538461536,70.2790909090909,32.86181818181819
2021-04-26 18:00:00,40.863846153846154,176.0976923076923,75.70090909090908,31.44181818181818
2021-04-26 19:00:00,39.71307692307692,178.00153846153842,78.90363636363637,30.477272727272727
2021-04-26 20:00:00,43.553076923076915,194.0938461538462,81.6309090909091,29.987272727272728
2021-04-26 21:00:00,43.63230769230769,192.00615384615384,82.69333333333333,29.91333333333333
2021-04-26 22:00:00,42.802307692307686,192.4061538461538,83.57000000000001,29.56833333333333
2021-04-26 23:00:00,43.28923076923076,194.84,84.22666666666667,29.453333333333337
2021-04-27 00:00:00,43.19230769230769,200.16923076923078,84.47250000000001,29.3575
2021-04-27 01:00:00,40.393333333333324,195.76916666666668,84.89083333333333,29.21083333333333
2021-04-27 02:00:00,40.36692307692307,193.72249999999997,85.23166666666667,29.069999999999997
2021-04-27 03:00:00,38.80769230769231,200.86166666666668,85.29833333333333,28.87666666666667
2021-04-27 04:00:00,39.433846153846154,196.39,85.72333333333331,28.551666666666666
2021-04-27 05:00:00,40.879230769230766,199.02,86.37833333333334,28.254166666666666
2021-04-27 06:00:00,43.087692307692315,198.33454545454543,86.92583333333333,28.174166666666665
2021-04-27 07:00:00,46.36230769230769,198.53363636363636,84.54916666666666,29.385833333333338
2021-04-27 08:00:00,45.93846153846154,215.7772727272727,77.68916666666667,31.514166666666668
2021-04-27 09:00:00,45.355384615384615,227.85818181818178,70.79666666666667,33.15333333333333
2021-04-27 10:00:00,48.27076923076923,225.12181818181818,67.20416666666667,34.209999999999994
2021-04-27 11:00:00,49.7275,223.372,67.71636363636362,34.78363636363636
2021-04-27 12:00:00,48.17249999999999,231.064,66.50090909090909,34.81363636363636
2021-04-27 13:00:00,46.568333333333335,228.04800000000006,65.52636363636363,34.777272727272724
2021-04-27 14:00:00,42.89333333333334,202.39100000000002,64.16636363636363,34.656363636363636
2021-04-27 15:00:00,40.73333333333333,176.702,62.81818181818182,34.53727272727273
2021-04-27 16:00:00,35.300000000000004,172.69636363636366,61.86416666666668,33.87833333333334
2021-04-27 17:00:00,31.701538461538462,156.64454545454544,68.58999999999999,32.80083333333334
2021-04-27 18:00:00,32.540769230769236,146.65090909090907,73.89,31.450000000000003
2021-04-27 19:00:00,31.99769230769231,141.96454545454546,76.06083333333333,30.59583333333333
2021-04-27 20:00:00,34.644615384615385,132.07272727272726,76.95083333333334,30.402499999999993
2021-04-27 21:00:00,34.80384615384616,128.62727272727273,77.07416666666667,30.42083333333333
2021-04-27 22:00:00,32.417692307692306,139.1381818181818,77.27833333333332,30.127499999999998
2021-04-27 23:00:00,34.43846153846154,137.88181818181818,78.47,30.066666666666663
2021-04-28 00:00:00,34.21769230769231,131.31545454545454,81.5325,29.655833333333334
2021-04-28 01:00:00,31.58583333333333,120.00727272727272,83.45833333333333,29.316666666666666
2021-04-28 02:00:00,29.823076923076925,116.6490909090909,85.09499999999998,29.007499999999997
2021-04-28 03:00:00,29.130769230769236,111.58090909090907,84.6425,28.909166666666668
2021-04-28 04:00:00,27.568461538461538,98.45454545454545,84.58083333333333,28.567500000000006
2021-04-28 05:00:00,30.88461538461538,97.30090909090909,85.37833333333333,28.07833333333333
2021-04-28 06:00:00,36.06384615384615,112.23363636363636,84.79833333333333,28.003333333333334
2021-04-28 07:00:00,37.53666666666667,134.10999999999999,82.65666666666665,28.98333333333333
2021-04-28 08:00:00,41.1075,154.57636363636362,78.08,30.80666666666667
2021-04-28 09:00:00,41.965384615384615,145.59363636363636,71.18833333333333,32.68833333333334
2021-04-28 10:00:00,43.79846153846154,152.21699999999998,65.06272727272727,34.24909090909091
2021-04-28 11:00:00,42.61454545454546,161.266,59.16090909090909,34.21454545454546
2021-04-28 12:00:00,38.226000000000006,155.14666666666665,61.285000000000004,34.068
2021-04-28 13:00:00,35.757,148.49444444444444,65.5,33.904999999999994
2021-04-28 14:00:00,31.54090909090909,124.13222222222223,65.99799999999999,33.84499999999999
2021-04-28 15:00:00,29.65909090909091,121.8822222222222,65.86800000000001,33.57200000000001
2021-04-28 16:00:00,29.576363636363638,122.19555555555556,67.82999999999998,32.924
2021-04-28 17:00:00,24.56,109.41444444444443,70.71700000000001,31.782
2021-04-28 18:00:00,24.05909090909091,103.5,74.998,30.604000000000003
2021-04-28 19:00:00,27.318181818181817,109.64111111111112,77.019,29.938
2021-04-28 20:00:00,25.215454545454545,111.5511111111111,77.919,29.580000000000002
2021-04-28 21:00:00,26.675454545454546,105.10777777777777,77.318,29.344
2021-04-28 22:00:00,26.08545454545454,97.30222222222224,76.90900000000002,29.01
2021-04-28 23:00:00,26.44363636363637,100.23555555555555,76.083,28.869000000000007
2021-04-29 00:00:00,25.36909090909091,92.00111111111111,78.047,28.647
2021-04-29 01:00:00,24.662727272727274,98.762,83.45181818181818,28.904545454545453
2021-04-29 02:00:00,22.283636363636365,88.90888888888888,84.1490909090909,28.65636363636364
2021-04-29 03:00:00,20.68,72.62100000000001,84.78363636363635,28.404545454545453
2021-04-29 04:00:00,22.34181818181818,67.006,85.23818181818183,28.279090909090908
2021-04-29 05:00:00,22.51545454545455,60.063,85.96454545454546,27.969090909090905
2021-04-29 06:00:00,21.842999999999996,74.54444444444444,85.53299999999999,28.185000000000002
2021-04-29 07:00:00,25.24,77.237,83.68909090909091,29.162727272727274
2021-04-29 08:00:00,29.322499999999994,87.27000000000001,76.29636363636365,31.59454545454546
2021-04-29 09:00:00,27.675833333333333,91.262,66.3709090909091,33.27545454545455
2021-04-29 10:00:00,29.68666666666667,103.76500000000001,62.09545454545455,34.1390909090909
2021-04-29 11:00:00,30.165833333333335,97.407,65.70181818181818,34.519999999999996
2021-04-29 12:00:00,27.07538461538462,107.03090909090908,65.31166666666668,34.40666666666667
2021-04-29 13:00:00,23.835833333333337,101.228,65.0125,34.69416666666667
2021-04-29 14:00:00,22.754545454545454,93.849,64.08166666666666,34.77083333333333
2021-04-29 15:00:00,18.511999999999997,76.494,67.53090909090908,34.49090909090909
2021-04-29 16:00:00,17.515,93.319,72.235,33.22833333333333
2021-04-29 17:00:00,17.035,89.38699999999999,76.65666666666667,32.01416666666667
2021-04-29 18:00:00,15.559000000000001,82.51800000000001,80.36583333333334,30.825833333333335
2021-04-29 19:00:00,18.09,65.94272727272727,82.90083333333334,30.058333333333334
2021-04-29 20:00:00,18.18,67.666,82.56750000000001,29.927500000000006
2021-04-29 21:00:00,19.42,63.548,81.92666666666666,30.03583333333334
2021-04-29 22:00:00,21.959,59.407000000000004,81.65272727272728,30.100909090909088
2021-04-29 23:00:00,24.136000000000003,83.97333333333334,83.14818181818183,29.29363636363637
2021-04-30 00:00:00,23.217000000000002,87.15222222222222,84.5990909090909,28.96454545454545
2021-04-30 01:00:00,23.016666666666666,80.45444444444445,85.90363636363637,28.768181818181823
2021-04-30 02:00:00,21.332,51.97888888888888,86.86000000000001,28.885454545454547
2021-04-30 03:00:00,17.742,56.16300000000001,87.07083333333333,28.313333333333333
2021-04-30 04:00:00,18.691818181818178,59.742,87.29083333333334,28.21083333333333
2021-04-30 05:00:00,22.120909090909095,68.734,86.42,28.155833333333334
2021-04-30 06:00:00,30.529090909090915,85.915,84.74916666666668,28.89250000000001
2021-04-30 07:00:00,41.61545454545455,105.32099999999998,82.03500000000001,31.161666666666672
2021-04-30 08:00:00,47.06833333333333,123.465,77.04666666666667,33.266666666666666
2021-04-30 09:00:00,45.755833333333335,118.147,73.10249999999999,34.774166666666666
2021-04-30 10:00:00,43.57666666666666,141.51500000000001,72.14999999999999,35.2225
2021-04-30 11:00:00,35.4925,126.75100000000002,71.09916666666668,35.43
2021-04-30 12:00:00,31.58636363636364,98.77199999999999,69.98833333333333,35.48916666666666
2021-04-30 13:00:00,28.278181818181817,88.07399999999998,68.5625,35.60583333333334
2021-04-30 14:00:00,25.235454545454544,92.05777777777779,67.50333333333334,35.784166666666664
2021-04-30 15:00:00,20.767272727272726,80.316,66.59916666666668,35.74416666666667
2021-04-30 16:00:00,17.946363636363635,78.826,68.19083333333333,35.16166666666666
2021-04-30 17:00:00,17.615999999999996,77.07777777777778,75.61181818181818,33.829090909090915
2021-04-30 18:00:00,17.740909090909092,75.98,82.27363636363637,32.61272727272728
2021-04-30 19:00:00,17.982727272727274,70.292,81.59500000000001,32.205000000000005
2021-04-30 20:00:00,18.55909090909091,76.11000000000001,81.055,32.03416666666667
2021-04-30 21:00:00,19.41272727272727,72.006,80.46499999999999,31.870833333333326
2021-04-30 22:00:00,19.465454545454545,70.82111111111112,81.51545454545455,31.747272727272726
2021-04-30 23:00:00,23.092999999999996,74.99699999999999,77.80000000000001,31.745833333333334
2021-05-01 00:00:00,23.735,84.285,79.34250000000002,31.460833333333337
2021-05-01 01:00:00,21.223333333333333,81.572,81.74909090909092,31.269999999999996
2021-05-01 02:00:00,21.845,83.16300000000001,83.14272727272727,31.123636363636365
2021-05-01 03:00:00,21.145000000000003,74.33666666666666,83.67,31.509000000000004
2021-05-01 04:00:00,19.337000000000003,77.45444444444443,83.998,31.593
2021-05-01 05:00:00,19.183999999999997,72.72666666666667,84.58583333333333,31.0125
2021-05-01 06:00:00,19.465,69.48888888888888,84.2,31.048333333333332
2021-05-01 07:00:00,21.581,65.73888888888888,83.14545454545454,31.780909090909088
2021-05-01 08:00:00,24.391,76.1511111111111,79.73181818181818,32.92636363636364
2021-05-01 09:00:00,26.649,84.2188888888889,71.24000000000001,34.419999999999995
2021-05-01 10:00:00,33.71727272727273,93.38777777777779,61.96999999999999,34.464166666666664
2021-05-01 11:00:00,33.532000000000004,100.151,56.485833333333325,35.70666666666666
2021-05-01 12:00:00,32.732000000000006,96.881,57.32083333333335,35.88
2021-05-01 13:00:00,34.09181818181818,93.051,63.50583333333333,35.291666666666664
2021-05-01 14:00:00,23.380000000000003,81.74600000000001,67.17666666666668,36.330000000000005
2021-05-01 15:00:00,24.681818181818183,76.316,69.57083333333334,36.095
2021-05-01 16:00:00,20.693636363636365,72.34299999999999,68.84083333333334,35.535833333333336
2021-05-01 17:00:00,17.61181818181818,70.12499999999999,72.05083333333333,34.7125
2021-05-01 18:00:00,18.672727272727272,72.81899999999999,74.2675,33.783333333333324
2021-05-01 19:00:00,22.268181818181816,76.359,77.21083333333333,32.98166666666666
2021-05-01 20:00:00,23.966363636363635,77.37700000000001,77.91333333333333,32.626666666666665
2021-05-01 21:00:00,25.967272727272725,79.464,79.55166666666666,32.36166666666667
2021-05-01 22:00:00,25.453636363636363,76.48400000000001,81.67,32.01416666666666
2021-05-01 23:00:00,23.472727272727276,76.711,82.77416666666666,31.7375
2021-05-02 00:00:00,24.71090909090909,74.461,83.51416666666667,31.525000000000002
2021-05-02 01:00:00,26.949,71.751,83.81083333333333,31.293333333333333
2021-05-02 02:00:00,28.38090909090909,71.062,83.66416666666667,31.3225
2021-05-02 03:00:00,27.494545454545456,77.80600000000001,81.31416666666667,31.4575
2021-05-02 04:00:00,29.679999999999996,78.254,79.97583333333333,31.336666666666662
2021-05-02 05:00:00,32.095454545454544,74.46333333333334,81.57454545454544,31.317272727272723
2021-05-02 06:00:00,32.14727272727273,74.7911111111111,83.33636363636364,31.230909090909087
2021-05-02 07:00:00,29.370000000000005,88.487,82.90083333333332,32.09666666666667
2021-05-02 08:00:00,32.416363636363634,86.86999999999999,80.83666666666666,33.34916666666667
2021-05-02 09:00:00,28.339090909090906,80.922,78.24666666666667,32.09499999999999
2021-05-02 10:00:00,24.71545454545454,78.89699999999999,74.9675,32.74999999999999
2021-05-02 11:00:00,25.002999999999997,80.6711111111111,71.85,33.61818181818182
2021-05-02 12:00:00,24.553000000000004,83.73,68.27181818181818,34.41
2021-05-02 13:00:00,26.079,92.97222222222223,66.09272727272727,36.39818181818182
2021-05-02 14:00:00,26.085999999999995,90.93333333333334,66.0190909090909,34.57636363636363
2021-05-02 15:00:00,24.256,84.99444444444445,67.77545454545455,33.908181818181816
2021-05-02 16:00:00,19.880000000000003,81.01111111111112,69.46272727272728,35.38727272727273
2021-05-02 17:00:00,18.347,78.2811111111111,73.64545454545454,32.63454545454545
2021-05-02 18:00:00,19.919999999999998,76.92888888888889,76.49636363636364,31.437272727272727
2021-05-02 19:00:00,26.131818181818186,86.41600000000003,75.54,30.746666666666666
2021-05-02 20:00:00,29.559090909090912,92.20222222222223,69.28272727272727,30.040000000000006
2021-05-02 21:00:00,39.807272727272725,104.77333333333334,67.20636363636365,31.731818181818188
2021-05-02 22:00:00,40.83909090909091,100.36777777777779,70.21545454545453,31.713636363636365
2021-05-02 23:00:00,40.56090909090909,100.00333333333333,75.29454545454546,31.41090909090909
2021-05-03 00:00:00,39.00363636363636,98.29111111111112,80.69909090909091,30.900909090909092
2021-05-03 01:00:00,37.440999999999995,83.33666666666666,82.05181818181818,30.85
2021-05-03 02:00:00,36.56636363636364,78.04222222222221,81.82636363636362,30.69454545454546
2021-05-03 03:00:00,41.592727272727274,85.54222222222222,80.70454545454547,30.816363636363636
2021-05-03 04:00:00,41.63727272727273,83.65444444444444,78.88818181818182,30.709090909090904
2021-05-03 05:00:00,39.43181818181818,88.27888888888889,81.26,30.402000000000005
2021-05-03 06:00:00,39.714999999999996,88.32,82.71300000000001,30.264
2021-05-03 07:00:00,42.292,91.57777777777778,78.02363636363636,31.478181818181817
2021-05-03 08:00:00,48.9,116.14444444444446,71.13400000000001,33.955
2021-05-03 09:00:00,50.702727272727266,115.49888888888891,60.45545454545456,36.302727272727275
2021-05-03 10:00:00,41.04090909090908,94.33222222222221,53.946363636363635,37.667272727272724
2021-05-03 11:00:00,40.559090909090905,103.23444444444445,56.366,37.949
2021-05-03 12:00:00,47.654,126.76222222222223,59.214,37.619
2021-05-03 13:00:00,45.836363636363636,122.11888888888888,61.129999999999995,37.348181818181814
2021-05-03 14:00:00,42.028999999999996,120.37888888888887,62.254999999999995,37.376999999999995
2021-05-03 15:00:00,41.005,132.1988888888889,63.66818181818182,37.05090909090909
2021-05-03 16:00:00,36.696999999999996,117.04222222222224,68.95909090909092,36.06090909090909
2021-05-03 17:00:00,30.991000000000003,113.32444444444445,74.69818181818182,34.88818181818183
2021-05-03 18:00:00,29.143,110.17222222222222,76.86454545454546,33.79727272727273
2021-05-03 19:00:00,26.973000000000003,97.96,78.76363636363637,33.03363636363636
2021-05-03 20:00:00,26.014999999999997,92.47888888888889,79.91600000000001,32.56
2021-05-03 21:00:00,22.211111111111112,84.11,80.55222222222223,29.34777777777778
2021-05-03 22:00:00,23.916666666666668,76.93125,80.937,29.453000000000003
2021-05-03 23:00:00,27.081,118.3511111111111,80.308,31.906
2021-05-04 00:00:00,26.11555555555556,120.58375,81.40700000000001,29.047000000000004
2021-05-04 01:00:00,24.526249999999997,91.0575,83.3,28.807
2021-05-04 02:00:00,21.767777777777773,71.39500000000001,84.52111111111111,28.305555555555557
2021-05-04 03:00:00,22.532,65.10333333333332,87.045,28.326
2021-05-04 04:00:00,23.329,62.208888888888886,87.72727272727273,30.886363636363637
2021-05-04 05:00:00,24.006666666666668,58.59125,87.985,27.97
2021-05-04 06:00:00,24.813333333333336,63.89750000000001,88.544,27.776999999999997
2021-05-04 07:00:00,25.494444444444444,67.56375,84.45599999999999,29.356
2021-05-04 08:00:00,34.806000000000004,76.85624999999999,74.55000000000001,31.50111111111111
2021-05-04 09:00:00,33.23222222222223,101.02777777777779,64.31499999999998,34.018
2021-05-04 10:00:00,35.7675,96.87571428571428,59.487500000000004,35.230000000000004
2021-05-04 11:00:00,36.517,105.5788888888889,57.153,35.784
2021-05-04 12:00:00,36.513,125.73555555555555,61.48545454545454,35.24090909090909
2021-05-04 13:00:00,31.758,113.07777777777778,64.71727272727273,35.07090909090909
2021-05-04 14:00:00,22.075999999999997,94.15666666666668,65.00636363636364,34.89636363636364
2021-05-04 15:00:00,18.996000000000002,108.595,64.203,34.754999999999995
2021-05-04 16:00:00,17.617,102.53888888888888,66.4190909090909,34.47090909090909
2021-05-04 17:00:00,22.419,110.02555555555556,68.34800000000001,33.735
2021-05-04 18:00:00,23.07222222222222,108.35875000000001,73.683,32.468
2021-05-04 19:00:00,24.117,99.8825,76.36399999999999,31.473000000000003
2021-05-04 20:00:00,27.494999999999997,98.15625,77.596,30.921999999999997
2021-05-04 21:00:00,33.540000000000006,87.38749999999999,78.481,30.382000000000005
2021-05-04 22:00:00,32.12818181818182,88.84625,79.08222222222223,30.04444444444444
2021-05-04 23:00:00,35.662727272727274,101.44875,81.59700000000001,29.447999999999997
2021-05-05 00:00:00,32.39727272727273,96.1625,83.242,29.301000000000005
2021-05-05 01:00:00,32.49777777777777,85.36857142857143,84.142,29.112000000000002
2021-05-05 02:00:00,27.944000000000006,71.39714285714287,84.51699999999998,28.855
2021-05-05 03:00:00,27.263636363636362,74.43,85.66299999999998,28.462
2021-05-05 04:00:00,28.563333333333333,69.51571428571428,89.80444444444444,27.712222222222223
2021-05-05 05:00:00,27.603,72.77,87.27000000000001,27.729000000000003
2021-05-05 06:00:00,29.63,68.00999999999999,87.452,27.612000000000002
2021-05-05 07:00:00,37.31,89.13,83.987,29.389
2021-05-05 08:00:00,38.62,89.55875,74.436,31.919
2021-05-05 09:00:00,33.342727272727274,76.02625,66.67800000000001,33.498000000000005
2021-05-05 10:00:00,28.500909090909087,68.9625,65.26899999999999,34.665
2021-05-05 11:00:00,28.342000000000002,77.14500000000001,64.838,34.916
2021-05-05 12:00:00,24.777,85.5657142857143,68.27777777777777,34.614444444444445
2021-05-05 13:00:00,26.183333333333334,117.79,71.81333333333333,34.46666666666667
2021-05-05 14:00:00,23.64428571428571,114.976,69.645,33.40625
2021-05-05 15:00:00,25.344285714285714,107.894,70.49875,33.07625
2021-05-05 16:00:00,23.0475,93.41000000000001,71.55125000000001,32.60375
2021-05-05 17:00:00,23.660000000000004,110.81166666666665,72.7575,32.03
2021-05-05 18:00:00,27.083750000000002,100.84333333333335,79.70375,31.6875
2021-05-05 19:00:00,25.676249999999996,98.545,83.0657142857143,30.70142857142857
2021-05-05 20:00:00,26.305714285714284,90.78666666666665,84.0775,30.4575
2021-05-05 21:00:00,26.382857142857144,85.23,85.43625,30.04875
2021-05-05 22:00:00,24.662857142857142,101.98599999999999,85.85142857142857,29.585714285714282
2021-05-05 23:00:00,23.134285714285713,117.468,86.805,29.25125
2021-05-06 00:00:00,18.47714285714286,91.724,87.33625,28.8175
2021-05-06 01:00:00,19.516666666666666,109.42999999999999,88.0775,28.5975
2021-05-06 02:00:00,20.275555555555556,76.85571428571427,88.90875,28.39875
2021-05-06 03:00:00,16.692857142857143,52.26166666666666,89.32625,28.145
2021-05-06 04:00:00,17.554285714285715,59.18000000000001,89.90625,27.877499999999998
2021-05-06 05:00:00,19.641428571428573,57.98,90.22,27.661250000000003
2021-05-06 06:00:00,18.648571428571433,53.294999999999995,90.685,27.67625
2021-05-06 07:00:00,22.18857142857143,61.39333333333334,86.8275,29.30625
2021-05-06 08:00:00,25.10571428571429,63.58166666666667,76.84375,31.98875
2021-05-06 09:00:00,32.40375,77.86333333333333,69.10374999999999,33.9375
2021-05-06 10:00:00,31.981111111111108,90.97714285714287,68.2311111111111,34.21666666666667
2021-05-06 11:00:00,28.412222222222223,97.4857142857143,69.65333333333334,34.367777777777775
2021-05-06 12:00:00,20.282222222222224,104.32249999999999,69.57000000000001,34.09444444444445
2021-05-06 13:00:00,18.762999999999998,81.5688888888889,67.08111111111111,34.46000000000001
2021-05-06 14:00:00,18.348888888888887,88.64625000000001,64.18875,33.63250000000001
2021-05-06 15:00:00,18.365,91.50888888888888,71.55666666666667,33.908888888888896
2021-05-06 16:00:00,19.428000000000004,91.93666666666667,74.92888888888889,32.99333333333333
2021-05-06 17:00:00,20.567,88.35222222222222,76.90555555555555,32.01444444444444
2021-05-06 18:00:00,21.898000000000003,85.64222222222222,80.01555555555557,30.842222222222226
2021-05-06 19:00:00,20.654545454545453,87.62444444444445,83.51555555555555,29.916666666666668
2021-05-06 20:00:00,19.71,80.73,85.25555555555556,29.43333333333333
2021-05-06 21:00:00,21.181818181818183,76.12222222222222,86.07333333333332,29.128888888888884
2021-05-06 22:00:00,20.767272727272726,78.13,86.75333333333333,28.886666666666663
2021-05-06 23:00:00,22.569090909090907,99.0788888888889,87.89,28.653333333333332
2021-05-07 00:00:00,24.551818181818188,110.29624999999999,88.29124999999999,28.5125
2021-05-07 01:00:00,23.391,79.41888888888889,89.23777777777778,28.087777777777774
2021-05-07 02:00:00,22.037499999999998,65.73600000000002,89.23100000000001,30.952999999999996
2021-05-07 03:00:00,19.412727272727274,61.837777777777774,88.85777777777778,27.92666666666667
2021-05-07 04:00:00,16.88909090909091,54.248888888888885,88.05111111111111,27.99888888888889
2021-05-07 05:00:00,17.80181818181818,52.146666666666675,87.78555555555555,27.99777777777778
2021-05-07 06:00:00,17.818181818181817,54.78666666666667,88.63666666666667,27.864444444444445
2021-05-07 07:00:00,24.221818181818186,64.71111111111111,86.18444444444444,29.14111111111111
2021-05-07 08:00:00,27.626363636363635,72.26888888888888,76.56333333333333,31.526666666666667
2021-05-07 09:00:00,27.091818181818187,79.82333333333332,66.91888888888889,33.654444444444444
2021-05-07 10:00:00,27.444,87.10374999999999,60.60888888888889,35.08111111111111
2021-05-07 11:00:00,26.272000000000002,96.105,67.03333333333333,34.60555555555556
2021-05-07 12:00:00,26.398000000000003,101.26444444444445,70.477,34.175
2021-05-07 13:00:00,25.90545454545455,93.46444444444445,70.7988888888889,33.80111111111111
2021-05-07 14:00:00,26.79,89.89444444444445,69.78777777777776,34.03777777777778
2021-05-07 15:00:00,21.794,98.64666666666666,67.403,34.336
2021-05-07 16:00:00,21.869,101.23666666666666,71.271,33.70100000000001
2021-05-07 17:00:00,20.845999999999997,106.80444444444446,76.791,32.513999999999996
2021-05-07 18:00:00,22.975555555555555,103.16125,80.48888888888888,31.45888888888889
2021-05-07 19:00:00,22.918749999999996,94.14285714285712,82.76750000000001,30.762500000000003
2021-05-07 20:00:00,24.29,99.15428571428572,83.52625,30.44125
2021-05-07 21:00:00,24.66888888888889,96.24571428571429,84.38875,30.081249999999997
2021-05-07 22:00:00,26.695555555555554,105.06857142857143,85.36,29.7875
2021-05-07 23:00:00,26.896666666666665,87.1557142857143,86.31875,29.51375
2021-05-08 00:00:00,26.873333333333335,75.33142857142856,87.38624999999999,29.16
2021-05-08 01:00:00,24.63444444444444,72.99,87.935,28.85875
2021-05-08 02:00:00,22.89666666666667,59.107142857142854,87.095,28.675
2021-05-08 03:00:00,20.756666666666668,59.68714285714286,88.065,28.486250000000002
2021-05-08 04:00:00,21.043,60.833749999999995,88.72874999999999,28.259999999999998
2021-05-08 05:00:00,17.404444444444447,49.78857142857142,89.06625,28.015
2021-05-08 06:00:00,21.926666666666666,52.77428571428571,90.28857142857143,27.89428571428571
2021-05-08 07:00:00,23.485555555555553,60.97714285714286,86.4242857142857,29.807142857142857
2021-05-08 08:00:00,27.62777777777778,67.84714285714287,77.36857142857143,32.26142857142857
2021-05-08 09:00:00,28.389999999999997,71.87857142857142,66.07142857142857,34.598571428571425
2021-05-08 10:00:00,28.557,82.46875,62.989999999999995,35.09125
2021-05-08 11:00:00,26.220000000000006,92.57249999999999,63.64874999999999,35.245000000000005
2021-05-08 12:00:00,23.098888888888887,104.24625,68.01625,35.02875
2021-05-08 13:00:00,21.24333333333333,106.99375,69.8225,34.74375
2021-05-08 14:00:00,19.09777777777778,93.95,69.60875,34.62875
2021-05-08 15:00:00,17.357777777777777,92.72,71.1325,34.35
2021-05-08 16:00:00,18.437142857142852,103.375,70.81333333333333,33.02
2021-05-08 17:00:00,17.325714285714287,91.325,75.51,31.94333333333333
2021-05-08 18:00:00,20.532857142857146,80.73,80.46333333333332,30.633333333333336
2021-05-08 19:00:00,17.37857142857143,82.62833333333333,82.48,30.11666666666667
2021-05-08 20:00:00,16.497142857142858,79.46333333333334,83.43666666666667,29.868333333333336
2021-05-08 21:00:00,13.967142857142857,67.08999999999999,84.11333333333333,29.771666666666665
2021-05-08 22:00:00,15.444999999999999,75.74600000000001,83.84,29.508000000000003
2021-05-08 23:00:00,17.71333333333333,82.71000000000001,84.44571428571429,29.56714285714286
2021-05-09 00:00:00,15.73,71.04,84.5,29.369999999999997
2021-05-09 01:00:00,22.478,,83.2475,29.8925
2021-05-09 02:00:00,16.432,116.0,82.92750000000001,29.6325
2021-05-09 03:00:00,13.876,116.0,82.91,29.325
2021-05-09 04:00:00,17.098333333333333,75.335,84.628,34.9
2021-05-09 05:00:00,13.391428571428571,54.74166666666665,87.10000000000001,27.95
2021-05-09 06:00:00,15.055714285714286,49.22,87.29857142857142,27.990000000000002
2021-05-09 07:00:00,15.731428571428571,55.19333333333333,82.18571428571428,29.68
2021-05-09 08:00:00,17.5,70.862,71.78857142857143,32.19714285714286
2021-05-09 09:00:00,19.080000000000002,77.24600000000001,67.87333333333332,32.89333333333333
2021-05-09 10:00:00,21.787142857142857,87.34142857142857,70.9575,34.37125
2021-05-09 11:00:00,24.13,101.22666666666669,70.9125,34.536249999999995
2021-05-09 12:00:00,24.12714285714286,111.33166666666666,71.16,34.485
2021-05-09 13:00:00,21.905,103.24166666666667,71.42500000000001,34.3125
2021-05-09 14:00:00,20.091666666666665,109.97500000000001,71.84125,34.135000000000005
2021-05-09 15:00:00,16.463333333333335,87.4057142857143,72.63624999999999,33.9325
2021-05-09 16:00:00,14.626666666666667,102.17333333333333,72.79124999999999,33.69125
2021-05-09 17:00:00,16.486,106.60799999999999,71.41999999999999,32.26571428571429
2021-05-09 18:00:00,20.161666666666665,97.78499999999998,80.21,31.365
2021-05-09 19:00:00,18.6925,85.84142857142858,82.67375,30.6175
2021-05-09 20:00:00,16.33625,74.28999999999999,83.88125,30.3
2021-05-09 21:00:00,15.56625,63.48428571428571,84.75125,30.02625
2021-05-09 22:00:00,14.71875,57.92,85.54875,29.77625
2021-05-09 23:00:00,14.44625,58.74857142857143,86.15375,29.51375
2021-05-10 00:00:00,16.5425,57.56,86.56375,29.24375
2021-05-10 01:00:00,16.1425,55.58714285714286,86.89124999999999,29.058750000000003
2021-05-10 02:00:00,14.68375,54.49,86.74000000000001,28.9975
2021-05-10 03:00:00,13.01375,62.56285714285714,86.67750000000001,28.7675
2021-05-10 04:00:00,15.295,56.175,86.32444444444445,31.810000000000002
2021-05-10 05:00:00,11.17125,43.69714285714286,87.18125,28.24125
2021-05-10 06:00:00,11.485000000000001,45.73285714285714,86.22000000000001,28.542857142857144
2021-05-10 07:00:00,18.47625,63.91428571428571,81.92750000000001,30.268749999999997
2021-05-10 08:00:00,18.4075,58.709999999999994,74.16125,32.28
2021-05-10 09:00:00,15.62125,67.32285714285715,66.74875,33.92125
2021-05-10 10:00:00,21.58857142857143,73.00833333333334,65.72285714285714,34.68571428571429
2021-05-10 11:00:00,21.83,76.29285714285713,64.755,34.926249999999996
2021-05-10 12:00:00,19.264285714285712,82.31428571428572,66.0125,34.832499999999996
2021-05-10 13:00:00,16.884285714285717,86.22428571428573,62.91,34.9725
2021-05-10 14:00:00,13.355,90.99142857142859,58.7388888888889,34.99666666666666
2021-05-10 15:00:00,12.92875,107.38571428571427,60.92333333333334,34.654444444444444
2021-05-10 16:00:00,13.281428571428572,132.03833333333336,64.9225,33.84375
2021-05-10 17:00:00,13.43625,123.35249999999999,70.17444444444443,32.73888888888889
2021-05-10 18:00:00,79.828,69.90857142857143,76.41111111111111,31.074444444444445
2021-05-10 19:00:00,19.81,92.56428571428572,80.27111111111111,29.95555555555556
2021-05-10 20:00:00,26.306,102.89285714285714,79.95125,29.15125
2021-05-10 21:00:00,24.857,75.7757142857143,81.445,28.8225
2021-05-10 22:00:00,18.541111111111107,74.06428571428572,82.87625,28.505
2021-05-10 23:00:00,19.667,75.05714285714285,83.7025,28.402499999999996
2021-05-11 00:00:00,19.397,61.14857142857143,83.8175,28.24375
2021-05-11 01:00:00,22.398000000000003,74.11,84.0,27.997500000000002
2021-05-11 02:00:00,19.74888888888889,72.09666666666668,84.41125,27.717499999999998
2021-05-11 03:00:00,20.336,64.14625,84.98374999999999,27.494999999999997
2021-05-11 04:00:00,17.272,55.73571428571427,85.0,27.48625
2021-05-11 05:00:00,16.39888888888889,56.116666666666674,83.77142857142857,27.631428571428575
2021-05-11 06:00:00,17.8275,55.26833333333334,83.87571428571428,27.827142857142853
2021-05-11 07:00:00,24.42875,63.406666666666666,78.65999999999998,29.40571428571429
2021-05-11 08:00:00,26.36777777777778,69.21,76.235,31.23875
2021-05-11 09:00:00,22.794545454545457,67.70625,69.52222222222221,32.89000000000001
2021-05-11 10:00:00,21.825454545454548,69.22874999999999,65.82666666666667,33.81
2021-05-11 11:00:00,24.438181818181818,89.33875,64.58888888888889,33.907777777777774
2021-05-11 12:00:00,21.725454545454543,58.68857142857142,65.58375000000001,34.10625
2021-05-11 13:00:00,18.24727272727273,76.9775,64.16000000000001,34.05444444444444
2021-05-11 14:00:00,14.876,67.55375000000001,63.1911111111111,34.28555555555556
2021-05-11 15:00:00,15.273,77.175,63.370000000000005,34.36777777777778
2021-05-11 16:00:00,16.037,80.8025,65.05777777777779,33.818888888888885
2021-05-11 17:00:00,17.520999999999997,70.385,69.66111111111111,32.45222222222222
2021-05-11 18:00:00,18.79,82.775,74.74777777777778,31.105555555555554
2021-05-11 19:00:00,18.924545454545452,71.88374999999999,78.46777777777778,30.014444444444443
2021-05-11 20:00:00,19.53727272727273,57.27875,80.4877777777778,29.553333333333327
2021-05-11 21:00:00,17.499090909090906,51.697500000000005,81.56444444444443,29.182222222222222
2021-05-11 22:00:00,16.602727272727268,57.41499999999999,83.0611111111111,28.866666666666667
2021-05-11 23:00:00,17.66090909090909,61.08125,83.56777777777778,28.759999999999998
2021-05-12 00:00:00,14.870909090909093,55.1525,83.8488888888889,28.596666666666668
2021-05-12 01:00:00,15.717272727272729,57.63,83.99222222222222,28.49333333333334
2021-05-12 02:00:00,18.23909090909091,48.08,83.75666666666666,28.36111111111111
2021-05-12 03:00:00,18.649999999999995,55.48666666666667,83.50333333333333,28.245555555555555
2021-05-12 04:00:00,20.08454545454546,56.059999999999995,83.94111111111111,28.093333333333334
2021-05-12 05:00:00,17.802727272727275,56.37428571428571,84.25111111111111,27.86
2021-05-12 06:00:00,16.17,56.50571428571429,84.35222222222222,27.96
2021-05-12 07:00:00,20.685454545454547,58.37857142857142,79.41444444444444,29.97888888888889
2021-05-12 08:00:00,18.931,55.741428571428564,72.39666666666666,31.970000000000002
2021-05-12 09:00:00,18.249090909090906,64.62857142857142,67.49000000000001,32.80444444444444
2021-05-12 10:00:00,17.631818181818183,67.61,64.38333333333334,33.79
2021-05-12 11:00:00,19.44272727272727,88.76714285714284,63.154444444444444,34.172222222222224
2021-05-12 12:00:00,16.981818181818184,75.50375,64.2622222222222,33.858888888888885
2021-05-12 13:00:00,20.072727272727274,74.32125,64.19111111111111,33.91111111111112
2021-05-12 14:00:00,16.317272727272726,70.4675,64.52666666666667,33.76111111111111
2021-05-12 15:00:00,14.841,71.38375,65.29333333333335,33.58666666666667
2021-05-12 16:00:00,17.243,76.33142857142856,68.45,33.04875
2021-05-12 17:00:00,14.497777777777777,76.87142857142858,70.30125,32.334999999999994
2021-05-12 18:00:00,17.784444444444443,75.2757142857143,73.35,30.98
2021-05-12 19:00:00,18.91333333333333,83.94142857142856,76.58875,29.83625
2021-05-12 20:00:00,16.98875,75.57285714285715,77.6175,29.533749999999998
2021-05-12 21:00:00,14.011111111111111,55.70142857142857,78.29625000000001,29.348750000000003
2021-05-12 22:00:00,14.924444444444443,62.89,77.97125,29.32875
2021-05-12 23:00:00,13.672222222222224,63.519999999999996,78.155,29.10875
2021-05-13 00:00:00,16.723000000000003,55.83714285714286,79.8475,28.69125
2021-05-13 01:00:00,16.427,53.449999999999996,80.87125,28.50125
2021-05-13 02:00:00,20.112,62.99571428571428,81.08428571428571,28.48428571428571
2021-05-13 03:00:00,20.583636363636362,76.56,82.08500000000001,28.19
2021-05-13 04:00:00,19.085454545454542,66.02875,81.88111111111111,31.453333333333333
2021-05-13 05:00:00,17.845999999999997,84.24,83.41428571428571,28.472857142857144
2021-05-13 06:00:00,18.701,70.75142857142858,82.855,28.36
2021-05-13 07:00:00,18.104000000000003,72.49,79.77375,29.86
2021-05-13 08:00:00,18.82,69.83428571428571,74.03125,31.48625
2021-05-13 09:00:00,17.334,66.46285714285713,67.78875,33.0
2021-05-13 10:00:00,17.385,70.17999999999999,65.8975,33.4175
2021-05-13 11:00:00,18.228749999999998,83.74833333333335,64.17250000000001,33.69125
2021-05-13 12:00:00,23.182222222222222,86.18428571428572,64.445,33.625
2021-05-13 13:00:00,19.02,82.83,63.98375,33.6275
2021-05-13 14:00:00,13.215555555555556,79.52571428571427,64.55125000000001,33.57875
2021-05-13 15:00:00,16.975555555555555,94.69857142857143,64.9075,33.555
2021-05-13 16:00:00,16.944444444444443,85.28142857142858,66.31,32.9975
2021-05-13 17:00:00,16.954444444444444,94.62428571428572,69.6175,32.42
2021-05-13 18:00:00,18.590000000000003,91.41285714285713,74.725,30.8225
2021-05-13 19:00:00,19.453,79.61428571428571,76.06625,29.9725
2021-05-13 20:00:00,21.405,79.34714285714286,77.72749999999999,29.478749999999998
2021-05-13 21:00:00,23.55777777777778,75.93666666666667,79.72749999999999,29.12375
2021-05-13 22:00:00,18.391,73.43714285714285,81.42750000000001,28.82875
2021-05-13 23:00:00,17.933,69.69571428571429,82.56,28.555
2021-05-14 00:00:00,17.337,60.10142857142857,83.73375,28.316249999999997
2021-05-14 01:00:00,15.523,56.90857142857143,84.7025,28.009999999999998
2021-05-14 02:00:00,17.114545454545453,61.2775,85.36125,27.713749999999997
2021-05-14 03:00:00,17.054000000000002,52.534285714285716,85.9025,27.52375
2021-05-14 04:00:00,18.095555555555556,52.125,86.02125,27.3475
2021-05-14 05:00:00,18.065,52.02285714285715,86.61625000000001,27.17875
2021-05-14 06:00:00,19.855,57.22857142857142,86.7125,27.23375
2021-05-14 07:00:00,17.178888888888892,75.04285714285713,82.00500000000001,29.125
2021-05-14 08:00:00,17.252222222222223,70.61714285714285,74.04124999999999,31.42125
2021-05-14 09:00:00,18.596666666666664,60.76833333333334,65.83875,33.175
2021-05-14 10:00:00,19.096,71.19285714285714,61.52000000000001,34.30111111111111
2021-05-14 11:00:00,21.59111111111111,72.96166666666666,58.29875,34.004999999999995
2021-05-14 12:00:00,32.727,84.30571428571429,61.877500000000005,33.765
2021-05-14 13:00:00,23.643,87.34285714285716,62.36,33.74875
2021-05-14 14:00:00,22.07,92.57857142857142,61.56125,33.7025
2021-05-14 15:00:00,17.203333333333333,85.07428571428571,63.011250000000004,33.209999999999994
2021-05-14 16:00:00,16.218888888888888,93.01857142857143,63.2375,32.82625
2021-05-14 17:00:00,17.56222222222222,89.58875,69.86,32.23222222222223
2021-05-14 18:00:00,15.91,86.94874999999999,73.82666666666667,31.39
2021-05-14 19:00:00,16.994999999999997,77.32749999999999,77.90777777777778,30.447777777777773
2021-05-14 20:00:00,20.012727272727272,66.67625000000001,80.215,30.0275
2021-05-14 21:00:00,17.188,61.51428571428572,80.91375000000001,29.9425
2021-05-14 22:00:00,16.509999999999998,52.026250000000005,80.71222222222224,30.085555555555555
2021-05-14 23:00:00,15.479090909090907,52.176249999999996,79.41444444444444,30.083333333333332
2021-05-15 00:00:00,15.369090909090907,49.58571428571428,79.37375,29.892500000000002
2021-05-15 01:00:00,14.030909090909091,48.23428571428572,80.94444444444444,29.695555555555554
2021-05-15 02:00:00,14.32727272727273,47.85625,82.85666666666667,29.582222222222224
2021-05-15 03:00:00,17.8225,52.01444444444444,83.462,32.405
2021-05-15 04:00:00,17.143636363636364,45.3725,83.47333333333333,29.511111111111113
2021-05-15 05:00:00,19.665,53.410000000000004,83.365,29.44875
2021-05-15 06:00:00,19.668888888888887,50.65625,80.8111111111111,29.522222222222222
2021-05-15 07:00:00,17.003999999999998,59.427499999999995,77.40555555555557,29.883333333333333
2021-05-15 08:00:00,21.212727272727275,72.84,68.90222222222222,30.99777777777778
2021-05-15 09:00:00,29.62,83.49625,65.03555555555555,31.346666666666668
2021-05-15 10:00:00,39.815000000000005,125.19555555555556,62.245000000000005,32.1075
2021-05-15 11:00:00,49.01272727272727,142.5575,56.17888888888889,34.26444444444444
2021-05-15 12:00:00,59.78888888888889,147.17142857142858,51.88111111111111,35.70555555555555
2021-05-15 13:00:00,65.93909090909091,158.47625,47.394444444444446,37.16222222222222
2021-05-15 14:00:00,68.98272727272727,158.3175,46.55444444444444,37.846666666666664
2021-05-15 15:00:00,73.55272727272728,167.78375,54.42333333333334,37.092222222222226
2021-05-15 16:00:00,76.12666666666665,179.06857142857143,66.63444444444444,35.44888888888889
2021-05-15 17:00:00,60.749,159.42125,70.0988888888889,34.68333333333334
2021-05-15 18:00:00,50.88,151.3542857142857,73.91499999999999,34.285
2021-05-15 19:00:00,51.29299999999999,143.0142857142857,75.69749999999999,33.2625
2021-05-15 20:00:00,65.69500000000001,153.83625,70.47666666666666,33.6
2021-05-15 21:00:00,61.01555555555555,169.0257142857143,63.34374999999999,34.29625
2021-05-15 22:00:00,62.25199999999999,165.2025,57.10111111111111,34.48
2021-05-15 23:00:00,61.278000000000006,180.47142857142856,66.685,33.5275
2021-05-16 00:00:00,56.07333333333334,235.96142857142857,85.54,29.13375
2021-05-16 01:00:00,33.12555555555556,95.92666666666668,86.1275,28.75
2021-05-16 02:00:00,28.444444444444443,55.800000000000004,85.915,28.475000000000005
2021-05-16 03:00:00,28.398888888888887,58.59142857142857,83.86,28.68375
2021-05-16 04:00:00,26.621999999999996,62.05875,76.85714285714286,28.18285714285714
2021-05-16 05:00:00,11.953333333333335,29.918333333333333,76.72857142857143,28.62857142857143
2021-05-16 06:00:00,8.35375,23.05666666666667,79.74285714285713,28.225714285714286
2021-05-16 07:00:00,9.237777777777778,28.676,74.60000000000001,28.879999999999995
2021-05-16 08:00:00,10.725555555555555,42.361666666666665,70.73125,30.293750000000003
2021-05-16 09:00:00,12.86,39.04,65.79,31.88375
2021-05-16 10:00:00,16.199,48.31666666666667,60.54571428571428,33.72142857142857
2021-05-16 11:00:00,16.770000000000003,55.98166666666666,55.25875,35.14375
2021-05-16 12:00:00,14.363,60.268333333333324,53.251666666666665,35.06666666666666
2021-05-16 13:00:00,14.513,54.62142857142857,51.73375,35.477500000000006
2021-05-16 14:00:00,13.164444444444447,50.324999999999996,51.17285714285715,35.33571428571429
2021-05-16 15:00:00,11.288,49.615714285714276,55.72625,36.176249999999996
2021-05-16 16:00:00,12.056666666666665,49.91833333333333,55.73571428571428,36.67857142857144
2021-05-16 17:00:00,13.9625,59.228571428571435,56.5475,35.5425
2021-05-16 18:00:00,14.504999999999999,65.66285714285713,55.769999999999996,35.18375
2021-05-16 19:00:00,15.18666666666667,73.55499999999999,52.09333333333334,33.99666666666667
2021-05-16 20:00:00,12.498333333333335,80.97166666666666,54.60166666666667,33.263333333333335
2021-05-16 21:00:00,10.521666666666667,98.012,57.128,33.134
2021-05-16 22:00:00,10.266666666666667,83.58166666666666,60.365,31.926666666666666
2021-05-16 23:00:00,12.734285714285715,69.91624999999999,65.14999999999999,32.2
2021-05-17 00:00:00,12.64285714285714,94.555,64.48625000000001,35.3
2021-05-17 01:00:00,9.098333333333331,75.824,68.365,31.834999999999997
2021-05-17 02:00:00,7.672857142857143,51.13142857142857,69.49,30.76571428571429
2021-05-17 03:00:00,7.983750000000001,40.537142857142854,71.51714285714286,30.301428571428573
2021-05-17 04:00:00,9.05875,46.245000000000005,80.61500000000001,28.097499999999997
2021-05-17 05:00:00,10.13875,40.21142857142858,92.92666666666666,25.503333333333334
2021-05-17 06:00:00,14.4725,34.215555555555554,94.31375,29.06125
2021-05-17 07:00:00,10.485714285714286,20.805714285714288,93.89333333333333,24.671666666666667
2021-05-17 08:00:00,6.281666666666666,20.830000000000002,92.07333333333332,25.284999999999997
2021-05-17 09:00:00,6.1499999999999995,24.705714285714286,93.75166666666667,25.001666666666665
2021-05-17 10:00:00,12.331666666666669,38.26375,97.28857142857143,29.15285714285714
2021-05-17 11:00:00,7.506,17.315999999999995,97.98833333333333,24.593333333333334
2021-05-17 12:00:00,8.245,21.833333333333332,97.65333333333332,24.593333333333334
2021-05-17 13:00:00,15.06,37.85666666666666,98.53800000000001,23.942
2021-05-17 14:00:00,13.736666666666665,32.68,99.38833333333334,30.045
2021-05-17 15:00:00,14.26,31.362000000000002,99.27499999999999,25.247500000000002
2021-05-17 16:00:00,13.229999999999999,34.218333333333334,99.2875,25.4475
2021-05-17 17:00:00,24.554,63.61833333333333,99.3675,32.7175
2021-05-17 18:00:00,12.135,38.15,99.45666666666666,23.746666666666666
2021-05-17 19:00:00,8.2875,23.476000000000003,99.44666666666667,25.143333333333334
2021-05-17 20:00:00,20.023333333333333,57.553333333333335,96.76249999999999,26.597500000000004
2021-05-17 21:00:00,15.879999999999999,48.138,93.86333333333334,27.22666666666667
2021-05-17 22:00:00,16.772499999999997,43.19833333333333,96.3325,27.3625
2021-05-17 23:00:00,18.589999999999996,51.51666666666667,96.375,27.0275
2021-05-18 00:00:00,15.916000000000002,40.794285714285714,95.728,33.626
2021-05-18 01:00:00,9.294999999999998,29.398000000000003,95.304,27.682
2021-05-18 02:00:00,10.635,32.885,95.026,27.836000000000002
2021-05-18 03:00:00,13.778333333333336,44.44571428571429,94.76399999999998,27.8
2021-05-18 04:00:00,14.088333333333336,42.36285714285714,94.27166666666666,32.755
2021-05-18 05:00:00,10.620000000000001,35.10333333333333,92.184,28.296000000000003
2021-05-18 06:00:00,11.074999999999998,39.49166666666667,92.16714285714285,28.171428571428574
2021-05-18 07:00:00,13.3125,52.89857142857142,93.21714285714286,28.10571428571428
2021-05-18 08:00:00,10.778571428571428,42.47,91.38428571428571,28.315714285714282
2021-05-18 09:00:00,11.48857142857143,43.24333333333333,90.38714285714285,28.712857142857143
2021-05-18 10:00:00,10.701666666666668,45.63666666666666,89.09857142857142,28.932857142857138
2021-05-18 11:00:00,14.075000000000001,54.86875,88.62375,29.137500000000003
2021-05-18 12:00:00,20.248333333333335,60.69875,89.28875,33.191250000000004
2021-05-18 13:00:00,16.435000000000002,60.955714285714286,86.86375,30.332500000000003
2021-05-18 14:00:00,14.918571428571427,64.97428571428571,84.82124999999999,30.74
2021-05-18 15:00:00,16.231428571428573,64.07833333333333,85.16875,30.66375
2021-05-18 16:00:00,16.86,73.51666666666667,86.20000000000002,30.82
2021-05-18 17:00:00,18.576666666666668,78.87428571428572,87.16142857142856,30.504285714285714
2021-05-18 18:00:00,18.735555555555557,82.25285714285714,87.98857142857142,34.19142857142857
2021-05-18 19:00:00,16.66125,75.43571428571428,89.20875,29.541249999999998
2021-05-18 20:00:00,17.04,74.06285714285714,90.50714285714287,29.268571428571427
2021-05-18 21:00:00,18.462222222222223,73.09428571428572,91.1775,28.955
2021-05-18 22:00:00,19.577777777777776,66.9925,91.96714285714286,28.625714285714285
2021-05-18 23:00:00,15.333000000000002,60.25875,93.6225,27.845
2021-05-19 00:00:00,15.117777777777778,55.6325,95.41571428571429,27.292857142857144
2021-05-19 01:00:00,10.721428571428572,42.31,94.52285714285715,27.279999999999998
2021-05-19 02:00:00,10.5975,36.666250000000005,93.6875,27.208750000000002
2021-05-19 03:00:00,14.056666666666667,40.64555555555555,92.4688888888889,30.99888888888889
2021-05-19 04:00:00,9.42625,36.36857142857143,91.39125,27.74875
2021-05-19 05:00:00,10.576666666666664,33.27428571428571,91.41,27.755
2021-05-19 06:00:00,11.096666666666668,36.010000000000005,91.07,27.41625
2021-05-19 07:00:00,13.28875,46.33500000000001,93.9675,29.60125
2021-05-19 08:00:00,8.357777777777777,160.43428571428572,97.0425,24.65875
2021-05-19 09:00:00,8.2425,63.17428571428571,97.41375,25.18125
2021-05-19 10:00:00,13.098749999999999,41.93,96.96833333333332,25.63333333333333
2021-05-19 11:00:00,16.44222222222222,47.33142857142857,95.4825,31.41875
2021-05-19 12:00:00,17.564999999999998,43.65166666666667,90.28571428571429,29.121428571428574
2021-05-19 13:00:00,17.44,50.11000000000001,85.81142857142858,30.1
2021-05-19 14:00:00,13.804285714285713,49.35142857142857,82.765,31.133333333333336
2021-05-19 15:00:00,14.705714285714285,49.68142857142857,78.63874999999999,31.615000000000002
2021-05-19 16:00:00,15.192499999999999,63.43428571428571,77.95,31.572499999999998
2021-05-19 17:00:00,15.1025,85.34714285714286,79.32624999999999,30.96875
2021-05-19 18:00:00,20.228749999999998,89.22999999999999,84.30875,29.668749999999996
2021-05-19 19:00:00,19.19666666666667,77.86500000000001,88.41375,28.79375
2021-05-19 20:00:00,17.54222222222222,66.5425,90.36444444444444,31.73333333333333
2021-05-19 21:00:00,18.07375,55.41142857142857,92.6425,27.847499999999997
2021-05-19 22:00:00,20.525000000000002,56.191428571428574,92.875,27.762500000000003
2021-05-19 23:00:00,22.229999999999997,66.58285714285715,92.34625,27.63125
2021-05-20 00:00:00,22.757777777777775,74.31125,92.3225,27.456249999999997
