From Date,PM2.5,PM10,RH,AT
2020-11-01 00:00:00,93.06,231.75,74.97999999999999,28.43
2020-11-01 01:00:00,86.58,158.33,75.625,27.27
2020-11-01 02:00:00,52.68,96.89,77.43900000000001,26.55
2020-11-01 03:00:00,43.48,66.47,79.22,26.44
2020-11-01 04:00:00,35.55,62.18,79.02636363636366,26.19
2020-11-01 05:00:00,30.36,48.38,79.44,25.9
2020-11-01 06:00:00,38.4,59.72,80.02363636363636,25.85
2020-11-01 07:00:00,39.93,67.36,80.43636363636364,25.93
2020-11-01 08:00:00,43.72,88.89,73.38636363636364,27.33
2020-11-01 09:00:00,44.0,94.63,62.59636363636364,29.2
2020-11-01 10:00:00,33.77,104.96,53.18363636363636,31.24
2020-11-01 11:00:00,31.14,105.09,48.27,34.08
2020-11-01 12:00:00,37.49,144.06,47.88090909090909,36.71
2020-11-01 13:00:00,51.96,142.0,50.290000000000006,38.0
2020-11-01 14:00:00,58.58,156.53,52.209999999999994,38.28
2020-11-01 15:00:00,70.13,185.25,50.85363636363636,37.53
2020-11-01 16:00:00,71.93,193.45,54.24454545454545,36.31
2020-11-01 17:00:00,61.77,177.65,60.14272727272728,34.55
2020-11-01 18:00:00,59.14,142.39,69.12181818181817,32.87
2020-11-01 19:00:00,74.77,173.41,72.91909090909093,31.68
2020-11-01 20:00:00,125.17,345.04,76.28818181818181,30.72
2020-11-01 21:00:00,129.93,414.68,77.79090909090908,30.52
2020-11-01 22:00:00,142.1,475.41,78.37454545454544,30.38
2020-11-01 23:00:00,95.54,250.28,78.904,30.07
2020-11-02 00:00:00,72.52,191.68,78.181,29.57
2020-11-02 01:00:00,79.38,157.93,79.602,29.08
2020-11-02 02:00:00,72.56,125.93,81.34200000000001,28.57
2020-11-02 03:00:00,74.79,114.8,81.495,27.86
2020-11-02 04:00:00,65.72,99.47,81.68299999999999,27.59
2020-11-02 05:00:00,65.93,79.89,82.275,27.63
2020-11-02 06:00:00,66.0,93.44,83.32799999999999,27.55
2020-11-02 07:00:00,64.14,103.17,83.45899999999999,27.63
2020-11-02 08:00:00,66.78,132.07,80.732,28.74
2020-11-02 09:00:00,74.42,153.0,73.715,30.36
2020-11-02 10:00:00,73.14,161.18,64.845,32.46
2020-11-02 11:00:00,59.04,166.54,53.354,34.45
2020-11-02 12:00:00,68.2,180.62,48.209090909090904,36.47
2020-11-02 13:00:00,67.14,201.07,49.123000000000005,37.64
2020-11-02 14:00:00,69.79,189.0,52.121818181818185,37.98
2020-11-02 15:00:00,73.72,195.36,59.23272727272727,37.1
2020-11-02 16:00:00,78.65,225.16,64.87818181818182,36.38
2020-11-02 17:00:00,79.93,208.93,70.67272727272727,35.13
2020-11-02 18:00:00,85.57,208.82,77.88181818181819,33.09
2020-11-02 19:00:00,121.25,513.29,82.71000000000001,31.93
2020-11-02 20:00:00,183.38,676.62,84.22454545454546,31.47
2020-11-02 21:00:00,166.6,457.67,85.52699999999999,31.13
2020-11-02 22:00:00,160.35,397.64,85.61100000000002,30.45
2020-11-02 23:00:00,121.03,244.12,81.869,30.02
2020-11-03 00:00:00,116.14,229.0,79.26400000000001,29.23
2020-11-03 01:00:00,92.73,159.97,80.086,28.89
2020-11-03 02:00:00,88.21,131.13,79.75199999999998,28.43
2020-11-03 03:00:00,79.62,110.78,80.814,28.1
2020-11-03 04:00:00,69.69,98.1,82.84100000000001,27.88
2020-11-03 05:00:00,69.93,98.82,84.35000000000001,27.48
2020-11-03 06:00:00,74.67,102.63,85.20200000000003,27.28
2020-11-03 07:00:00,71.29,119.35,83.99222222222222,27.32
2020-11-03 08:00:00,85.89,183.48,74.44200000000001,28.67
2020-11-03 09:00:00,83.29,183.64,62.69499999999999,30.73
2020-11-03 10:00:00,79.29,203.95,52.81700000000001,32.67
2020-11-03 11:00:00,69.61,187.31,48.214000000000006,34.26
2020-11-03 12:00:00,76.06545454545454,189.775,47.761,35.53636363636364
2020-11-03 13:00:00,76.177,167.4025,49.16555555555556,36.004
2020-11-03 14:00:00,73.64363636363638,164.019,50.907000000000004,35.556363636363635
2020-11-03 15:00:00,70.11727272727272,149.92555555555558,55.766,37.39
2020-11-03 16:00:00,77.0,189.0,62.12700000000001,36.99
2020-11-03 17:00:00,70.5,202.62,72.029,35.13
2020-11-03 18:00:00,87.63,307.87,75.03636363636363,33.1
2020-11-03 19:00:00,90.86,281.67,78.34727272727274,31.94
2020-11-03 20:00:00,84.5,233.49,79.80363636363637,30.91
2020-11-03 21:00:00,125.88,392.09,81.211,30.28
2020-11-03 22:00:00,134.58,435.25,81.38454545454546,29.69
2020-11-03 23:00:00,117.32,287.22,83.98272727272727,29.18
2020-11-04 00:00:00,116.0,262.92,86.03272727272726,28.1
2020-11-04 01:00:00,88.17,145.73,86.36909090909091,27.51
2020-11-04 02:00:00,69.3,98.58,85.93090909090908,27.23
2020-11-04 03:00:00,65.21,94.09,82.677,27.09
2020-11-04 04:00:00,65.93,98.54,81.488,27.05
2020-11-04 05:00:00,61.35,84.42,82.085,26.96
2020-11-04 06:00:00,56.36,72.1,83.41545454545455,26.99
2020-11-04 07:00:00,61.58,110.97,81.35909090909092,27.05
2020-11-04 08:00:00,64.79,124.8,74.80272727272727,28.3
2020-11-04 09:00:00,67.78,136.08,65.07454545454547,30.33
2020-11-04 10:00:00,67.07,173.33,54.27909090909091,32.98
2020-11-04 11:00:00,63.29,161.6,47.70363636363636,35.04
2020-11-04 12:00:00,63.93,163.63,44.653636363636366,37.29
2020-11-04 13:00:00,64.93,173.08,45.91181818181818,39.35
2020-11-04 14:00:00,104.08,158.25555555555556,47.45,38.94
2020-11-04 15:00:00,65.25,147.0,47.951,37.57
2020-11-04 16:00:00,56.43,137.92,55.68545454545453,36.81
2020-11-04 17:00:00,62.49,191.5,64.14272727272729,35.05
2020-11-04 18:00:00,98.36,213.38,73.485,32.85
2020-11-04 19:00:00,108.42,269.5,74.19818181818181,31.43
2020-11-04 20:00:00,139.62,363.11,75.19545454545455,31.22
2020-11-04 21:00:00,86.17,193.42,75.25500000000002,30.63
2020-11-04 22:00:00,91.31,213.0,76.00181818181818,29.74
2020-11-04 23:00:00,99.42,217.54,78.50999999999999,29.2
2020-11-05 00:00:00,108.35,171.82,80.23545454545454,28.3
2020-11-05 01:00:00,90.44,159.71,80.61909090909093,27.41
2020-11-05 02:00:00,83.43,109.04,80.95636363636365,27.01
2020-11-05 03:00:00,76.5,124.89,81.218,26.57
2020-11-05 04:00:00,64.88,98.22,79.98818181818181,26.09
2020-11-05 05:00:00,78.87909090909092,139.5522222222222,78.45727272727274,25.196666666666662
2020-11-05 06:00:00,74.505,126.9511111111111,78.83818181818182,24.998333333333335
2020-11-05 07:00:00,74.898,130.6588888888889,77.43454545454546,25.548333333333336
2020-11-05 08:00:00,75.13111111111112,139.5022222222222,72.4490909090909,27.420833333333334
2020-11-05 09:00:00,71.41333333333334,145.23666666666668,65.27818181818182,29.813333333333333
2020-11-05 10:00:00,64.0,151.0,56.040000000000006,31.67
2020-11-05 11:00:00,75.13,168.31,48.98,33.62
2020-11-05 12:00:00,62.97,148.98,44.01090909090909,36.56
2020-11-05 13:00:00,60.14,135.19,43.72636363636364,37.96
2020-11-05 14:00:00,52.56,133.09,46.841818181818184,38.66
2020-11-05 15:00:00,55.72,146.67,50.77363636363636,37.23
2020-11-05 16:00:00,50.0,115.83600000000001,55.92909090909091,36.56
2020-11-05 17:00:00,55.57,118.39444444444445,63.916,34.75
2020-11-05 18:00:00,68.06,210.0,67.45800000000001,32.59
2020-11-05 19:00:00,80.13,236.34,64.748,31.4
2020-11-05 20:00:00,75.43,98.69,59.95399999999999,30.8
2020-11-05 21:00:00,73.14,219.43,58.964,29.33
2020-11-05 22:00:00,137.94,344.15,62.87800000000001,28.57
2020-11-05 23:00:00,112.38,303.98,66.078,28.3
2020-11-06 00:00:00,97.94,196.36,67.604,27.7
2020-11-06 01:00:00,84.01,151.38,68.10400000000001,26.67
2020-11-06 02:00:00,77.43,135.28,68.39200000000001,25.96
2020-11-06 03:00:00,65.9,97.67,68.855,26.03
2020-11-06 04:00:00,71.5,115.8,68.35799999999999,25.78
2020-11-06 05:00:00,63.62,84.33,67.75,24.93
2020-11-06 06:00:00,61.14,84.63,67.30999999999999,24.84
2020-11-06 07:00:00,66.57,100.49,64.964,24.98
2020-11-06 08:00:00,74.42,142.88,60.923,26.29
2020-11-06 09:00:00,65.72,115.21,54.895,28.89
2020-11-06 10:00:00,67.78,140.25,49.292,31.59
2020-11-06 11:00:00,65.22,143.0,39.05111111111111,33.63
2020-11-06 12:00:00,49.0,119.0,35.559999999999995,36.8
2020-11-06 13:00:00,53.64,122.63,37.162000000000006,37.73
2020-11-06 14:00:00,45.65,100.29,36.009,38.08
2020-11-06 15:00:00,43.14,105.27,36.475,36.92
2020-11-06 16:00:00,40.22,115.99,40.95700000000001,36.35
2020-11-06 17:00:00,45.57,113.37,53.33200000000001,34.61
2020-11-06 18:00:00,59.92,150.35,67.995,32.41
2020-11-06 19:00:00,71.2,190.44,67.964,31.04
2020-11-06 20:00:00,102.62,294.22,69.686,30.21
2020-11-06 21:00:00,85.52,224.07,72.60400000000001,29.32
2020-11-06 22:00:00,83.07,205.1,75.66100000000002,28.89
2020-11-06 23:00:00,76.48,187.62,78.05799999999999,27.68
2020-11-07 00:00:00,79.7,176.01,78.293,27.01
2020-11-07 01:00:00,63.0,179.135,77.725,25.99
2020-11-07 02:00:00,88.98,143.38222222222223,75.982,24.99
2020-11-07 03:00:00,61.31,123.2588888888889,75.10499999999999,24.85
2020-11-07 04:00:00,54.36,128.62625,73.56899999999999,24.39
2020-11-07 05:00:00,50.29,125.40625,73.56499999999998,24.06
2020-11-07 06:00:00,51.86,131.3825,72.21099999999998,23.51
2020-11-07 07:00:00,55.7,138.125,70.368,23.29
2020-11-07 08:00:00,57.86,143.78142857142856,70.19571428571429,26.3675
2020-11-07 09:00:00,60.79,147.35857142857142,60.04,29.902857142857137
2020-11-07 10:00:00,55.43,154.29333333333332,53.61,32.38166666666667
2020-11-07 11:00:00,55.0,145.05285714285714,46.59166666666667,34.357142857142854
2020-11-07 12:00:00,48.52,125.0,44.85333333333333,35.54571428571428
2020-11-07 13:00:00,50.77,109.0,45.80666666666667,36.33857142857143
2020-11-07 14:00:00,49.15,96.0,45.81909090909091,39.13
2020-11-07 15:00:00,49.93,105.11,50.790000000000006,37.37
2020-11-07 16:00:00,51.86,106.91,59.364545454545464,36.61
2020-11-07 17:00:00,61.28,132.51,69.60454545454546,35.24
2020-11-07 18:00:00,70.38,155.93,74.0909090909091,33.76
2020-11-07 19:00:00,68.21,143.47,76.50272727272727,32.59
2020-11-07 20:00:00,78.2,183.91,76.26818181818183,31.18
2020-11-07 21:00:00,97.53,243.41,74.07090909090908,30.27
2020-11-07 22:00:00,110.13,238.98,74.18727272727273,29.55
2020-11-07 23:00:00,105.43,206.21,75.89,28.64
2020-11-08 00:00:00,94.8,167.57,74.1009090909091,27.56
2020-11-08 01:00:00,70.81,108.42,73.76545454545453,26.9
2020-11-08 02:00:00,61.58,91.19,73.57727272727271,26.42
2020-11-08 03:00:00,58.22,85.44,71.89,26.24
2020-11-08 04:00:00,58.93,78.62,69.99181818181819,25.97
2020-11-08 05:00:00,51.59,74.37,66.44727272727272,25.8
2020-11-08 06:00:00,56.58,90.35,63.86000000000001,25.49
2020-11-08 07:00:00,53.29,84.71,61.76272727272728,25.85
2020-11-08 08:00:00,61.35,102.22,58.63999999999999,27.55
2020-11-08 09:00:00,59.22,98.53,54.61000000000001,29.93
2020-11-08 10:00:00,54.38,96.0,50.54272727272728,33.06
2020-11-08 11:00:00,53.07,117.0,47.23181818181818,35.73
2020-11-08 12:00:00,47.43,135.22,44.91272727272727,37.56
2020-11-08 13:00:00,50.71,130.64,43.72545454545454,38.4
2020-11-08 14:00:00,46.36,99.06,42.74454545454545,38.51
2020-11-08 15:00:00,53.42,100.56,43.526363636363634,37.24
2020-11-08 16:00:00,47.51,125.53,52.95272727272727,36.52
2020-11-08 17:00:00,53.49,135.29,60.88727272727272,34.94
2020-11-08 18:00:00,67.92,197.95,68.08727272727273,32.91
2020-11-08 19:00:00,88.42,285.09,74.05909090909091,31.62
2020-11-08 20:00:00,100.2,277.51,76.24,30.83
2020-11-08 21:00:00,117.65,243.3,77.4490909090909,29.6
2020-11-08 22:00:00,93.02,178.95,76.53636363636363,29.26
2020-11-08 23:00:00,86.36,153.87,76.39363636363636,28.2
2020-11-09 00:00:00,84.14,132.89,77.26272727272728,27.48
2020-11-09 01:00:00,79.36,120.07,78.44363636363636,26.77
2020-11-09 02:00:00,70.65,89.84,78.59363636363636,25.82
2020-11-09 03:00:00,63.5,98.84,79.493,25.18
2020-11-09 04:00:00,63.0,90.89,77.05000000000001,25.26
2020-11-09 05:00:00,56.51,78.16,75.13909090909091,25.09
2020-11-09 06:00:00,56.93,84.31,74.95272727272727,24.95
2020-11-09 07:00:00,69.03,96.84,71.93909090909091,25.09
2020-11-09 08:00:00,64.43,102.54,65.15818181818183,26.09
2020-11-09 09:00:00,71.42,123.95,57.2309090909091,28.81
2020-11-09 10:00:00,68.29,153.33,48.20545454545454,32.02
2020-11-09 11:00:00,65.22,156.91,42.853,34.3
2020-11-09 12:00:00,64.07,143.02,39.829090909090915,36.15
2020-11-09 13:00:00,51.94,127.25,37.00699999999999,37.69
2020-11-09 14:00:00,45.44,98.75,36.62545454545455,37.65
2020-11-09 15:00:00,38.51,79.65,38.61090909090909,36.4
2020-11-09 16:00:00,37.07,80.73,44.25090909090908,35.8
2020-11-09 17:00:00,49.95,108.33,52.40909090909091,34.05
2020-11-09 18:00:00,69.56,152.94,60.55090909090909,31.97
2020-11-09 19:00:00,122.95,233.07,67.27454545454546,30.69
2020-11-09 20:00:00,117.75,238.18,74.0090909090909,29.73
2020-11-09 21:00:00,132.77,315.44,75.08000000000001,28.89
2020-11-09 22:00:00,128.43,283.82,74.7609090909091,28.2
2020-11-09 23:00:00,121.5,256.0,73.546,26.9
2020-11-10 00:00:00,84.0,147.91,74.69363636363636,25.92
2020-11-10 01:00:00,73.58,111.49,76.21545454545455,25.16
2020-11-10 02:00:00,63.75,91.69,76.28363636363635,25.21
2020-11-10 03:00:00,61.15,82.71,77.07727272727273,24.53
2020-11-10 04:00:00,58.22,74.71,78.50272727272727,24.0
2020-11-10 05:00:00,57.07,74.0,76.83818181818182,23.79
2020-11-10 06:00:00,61.64,84.93,75.47818181818184,23.32
2020-11-10 07:00:00,62.92,96.02,74.06363636363636,23.38
2020-11-10 08:00:00,83.41,113.44,67.17545454545456,24.63
2020-11-10 09:00:00,90.57,188.07,55.07363636363637,27.43
2020-11-10 10:00:00,78.01,148.39,44.24727272727273,30.45
2020-11-10 11:00:00,69.59,137.62,37.811818181818175,32.95
2020-11-10 12:00:00,71.78,153.4,34.70454545454545,35.05
2020-11-10 13:00:00,66.43,134.05,31.206363636363633,36.76
2020-11-10 14:00:00,61.36,114.69,29.685454545454547,37.48
2020-11-10 15:00:00,59.14,118.0,35.150909090909096,35.97
2020-11-10 16:00:00,55.29,110.0,46.89727272727273,35.32
2020-11-10 17:00:00,61.49,170.13,61.395454545454534,33.31
2020-11-10 18:00:00,91.69,337.07,68.14818181818183,30.91
2020-11-10 19:00:00,101.4,338.38,71.97000000000001,29.38
2020-11-10 20:00:00,131.69,413.77,71.88181818181818,28.91
2020-11-10 21:00:00,227.7,304.38,69.12545454545455,27.96
2020-11-10 22:00:00,134.8,241.98,69.52636363636364,26.82
2020-11-10 23:00:00,128.85,216.95,72.46818181818183,25.89
2020-11-11 00:00:00,116.05,194.05,72.64363636363636,25.21
2020-11-11 01:00:00,88.17,124.58,71.77727272727273,24.28
2020-11-11 02:00:00,79.5,117.09,70.92636363636365,23.79
2020-11-11 03:00:00,72.53,106.98,67.07000000000001,23.49
2020-11-11 04:00:00,76.64,103.27,65.25636363636363,23.55
2020-11-11 05:00:00,74.22,98.44,64.77272727272727,22.68
2020-11-11 06:00:00,71.22,95.27,63.23363636363637,22.11
2020-11-11 07:00:00,81.2,110.47,62.095454545454544,22.26
2020-11-11 08:00:00,82.0,125.67,55.89000000000001,23.42
2020-11-11 09:00:00,86.64,164.35,47.279999999999994,26.79
2020-11-11 10:00:00,80.5,154.33,40.951818181818176,30.07
2020-11-11 11:00:00,74.43,162.11,35.95363636363636,32.86
2020-11-11 12:00:00,66.58,165.74,32.78222222222222,34.61
2020-11-11 13:00:00,66.0,166.0,30.904000000000003,36.92
2020-11-11 14:00:00,57.93181818181818,166.0,29.425454545454546,36.85
2020-11-11 15:00:00,65.0,166.0,30.925454545454546,35.42
2020-11-11 16:00:00,65.0,166.0,41.50636363636364,34.77
2020-11-11 17:00:00,74.0,136.065,55.00699999999999,32.73
2020-11-11 18:00:00,84.17,146.565,64.78181818181818,30.55
2020-11-11 19:00:00,116.55,149.37099999999998,66.18272727272729,28.96
2020-11-11 20:00:00,153.22,156.202,67.91090909090909,27.81
2020-11-11 21:00:00,146.72,194.88666666666666,69.123,27.3
2020-11-11 22:00:00,138.6,220.54888888888888,66.55600000000001,26.63
2020-11-11 23:00:00,110.2,212.25125,63.102,26.28
2020-11-12 00:00:00,86.03,190.7575,58.819,25.68
2020-11-12 01:00:00,82.15,161.4177777777778,56.26363636363636,24.24
2020-11-12 02:00:00,85.71,144.20444444444445,53.11818181818182,23.37
2020-11-12 03:00:00,86.93,140.24,52.222727272727276,23.14
2020-11-12 04:00:00,87.0,139.78,54.661,22.48
2020-11-12 05:00:00,81.45,142.1325,54.815,22.22
2020-11-12 06:00:00,76.38,145.51125000000002,58.395555555555546,21.77
2020-11-12 07:00:00,84.35,151.95,60.565999999999995,21.7
2020-11-12 08:00:00,96.1,164.90777777777777,57.08299999999999,23.43
2020-11-12 09:00:00,113.65,175.36333333333334,50.382999999999996,26.18
2020-11-12 10:00:00,94.59,169.99333333333334,44.339999999999996,29.6
2020-11-12 11:00:00,77.23,161.98,40.61899999999999,32.69
2020-11-12 12:00:00,59.35,136.4,38.20363636363636,35.28
2020-11-12 13:00:00,57.19,127.4,39.37636363636364,36.87
2020-11-12 14:00:00,47.0,97.0,42.18272727272727,37.17
2020-11-12 15:00:00,44.22,107.02,46.172000000000004,36.0
2020-11-12 16:00:00,38.43,113.47,54.51181818181818,35.51
2020-11-12 17:00:00,42.64,140.42,64.51727272727273,33.64
2020-11-12 18:00:00,59.65,261.44,70.46545454545455,31.34
2020-11-12 19:00:00,81.41,285.75,70.16909090909091,30.11
2020-11-12 20:00:00,101.56,250.44,69.33363636363636,29.1
2020-11-12 21:00:00,94.67,233.33,66.77636363636363,28.19
2020-11-12 22:00:00,175.4,367.75,69.96,27.49
2020-11-12 23:00:00,133.75,277.73,71.87272727272727,26.92
2020-11-13 00:00:00,125.38,204.22,75.10636363636364,25.5
2020-11-13 01:00:00,85.11,136.95,75.67545454545456,24.88
2020-11-13 02:00:00,75.5,106.4,77.02454545454545,24.47
2020-11-13 03:00:00,71.29,115.84,76.79363636363635,24.35
2020-11-13 04:00:00,74.71,108.0,75.29999999999998,23.74
2020-11-13 05:00:00,84.27,120.75,75.49090909090908,23.44
2020-11-13 06:00:00,82.22,124.74,74.05727272727273,23.6
2020-11-13 07:00:00,92.2,126.83,71.45,23.79
2020-11-13 08:00:00,93.0,140.67,64.89090909090909,25.57
2020-11-13 09:00:00,86.53,142.91,56.82363636363637,28.18
2020-11-13 10:00:00,77.66,151.2,53.02454545454544,31.23
2020-11-13 11:00:00,54.8,122.84,53.83818181818182,34.5
2020-11-13 12:00:00,40.05,93.58,55.04299999999999,37.06
2020-11-13 13:00:00,36.972,88.2175,53.235,39.33
2020-11-13 14:00:00,41.0,70.0,54.521,39.06
2020-11-13 15:00:00,21.52,54.47,58.482000000000006,37.4
2020-11-13 16:00:00,27.4,63.02,62.811,36.89
2020-11-13 17:00:00,24.3,75.84,69.514,35.12
2020-11-13 18:00:00,70.25,300.22,74.27727272727272,33.07
2020-11-13 19:00:00,74.92,200.82,75.04636363636364,32.34
2020-11-13 20:00:00,77.78,138.74,74.24545454545454,31.82
2020-11-13 21:00:00,57.59,103.02,72.758,31.39
2020-11-13 22:00:00,59.71,105.47,71.892,30.01
2020-11-13 23:00:00,104.4,192.56,75.86111111111111,29.35
2020-11-14 00:00:00,80.25,142.69,76.79400000000001,28.86
2020-11-14 01:00:00,85.4,158.87,77.68,28.02
2020-11-14 02:00:00,89.71,148.2,77.69100000000002,27.7
2020-11-14 03:00:00,70.58,104.18,77.09,26.92
2020-11-14 04:00:00,67.15,94.53,78.00700000000002,26.48
2020-11-14 05:00:00,54.98,77.6,79.267,26.44
2020-11-14 06:00:00,55.85,86.93,80.86999999999999,26.64
2020-11-14 07:00:00,73.58,110.78,80.183,27.21
2020-11-14 08:00:00,75.93,134.93,74.077,28.87
2020-11-14 09:00:00,59.35,121.51,67.42999999999999,31.44
2020-11-14 10:00:00,55.23,109.98,62.18545454545454,33.98
2020-11-14 11:00:00,42.98,88.95,56.193636363636365,36.86
2020-11-14 12:00:00,20.66,60.58,53.35272727272727,38.56
2020-11-14 13:00:00,25.142000000000003,57.94,52.82545454545454,38.69
2020-11-14 14:00:00,27.570909090909087,52.0,55.58545454545455,38.53
2020-11-14 15:00:00,30.0,57.48,58.83363636363636,37.8
2020-11-14 16:00:00,18.9,45.2,63.86454545454546,37.54
2020-11-14 17:00:00,18.0,46.73,71.22818181818182,35.61
2020-11-14 18:00:00,43.05,94.38,77.02727272727273,33.45
2020-11-14 19:00:00,45.0,76.72222222222223,78.20818181818183,32.56
2020-11-14 20:00:00,117.15,96.95125,78.87545454545456,31.85
2020-11-14 21:00:00,101.07700000000001,165.00333333333333,79.36818181818181,31.23
2020-11-14 22:00:00,136.63333333333333,216.76375000000002,79.76545454545455,31.0
2020-11-14 23:00:00,392.0,201.315,81.6,30.59
2020-11-15 00:00:00,213.47,257.8375,81.48,30.02
2020-11-15 01:00:00,269.3,186.91222222222223,83.01272727272728,29.61
2020-11-15 02:00:00,367.5,175.72625,85.10545454545453,29.06
2020-11-15 03:00:00,296.14,155.3477777777778,85.87272727272727,28.16
2020-11-15 04:00:00,151.25,149.1575,86.91181818181818,27.49
2020-11-15 05:00:00,112.25,152.65249999999997,88.15363636363635,27.39
2020-11-15 06:00:00,98.9,145.9325,88.28666666666669,27.29
2020-11-15 07:00:00,79.44,153.48714285714283,85.43400000000001,27.56
2020-11-15 08:00:00,78.92,131.41714285714286,79.81899999999999,28.99
2020-11-15 09:00:00,84.55,121.37571428571428,70.376,31.41
2020-11-15 10:00:00,63.73,95.92555555555555,64.30090909090907,33.75
2020-11-15 11:00:00,46.25,88.19222222222223,59.549090909090914,36.48
2020-11-15 12:00:00,47.77,81.0,57.78,38.91
2020-11-15 13:00:00,41.51,77.35,61.61818181818182,40.58
2020-11-15 14:00:00,34.52,68.78,64.00454545454546,40.53
2020-11-15 15:00:00,29.36,65.26,65.44636363636363,37.66
2020-11-15 16:00:00,35.48,73.22,68.89,37.3
2020-11-15 17:00:00,41.56,108.62,75.92272727272729,35.75
2020-11-15 18:00:00,97.5,191.27,81.09700000000001,33.76
2020-11-15 19:00:00,90.9,156.18,79.978,32.68
2020-11-15 20:00:00,173.4,245.74,78.68,32.27
2020-11-15 21:00:00,137.45,200.4,78.11818181818181,31.88
2020-11-15 22:00:00,109.95,161.2,78.12727272727273,31.21
2020-11-15 23:00:00,102.45,158.91,78.549,30.39
2020-11-16 00:00:00,105.7,155.35,76.58363636363636,30.19
2020-11-16 01:00:00,86.58,144.95,75.75272727272727,29.59
2020-11-16 02:00:00,82.22,128.51,77.71181818181819,28.84
2020-11-16 03:00:00,96.8,121.53,81.98636363636363,28.29
2020-11-16 04:00:00,91.53,110.98,82.89454545454545,27.95
2020-11-16 05:00:00,78.97,99.07,81.38,27.72
2020-11-16 06:00:00,71.53,88.89,82.44181818181818,27.42
2020-11-16 07:00:00,73.78,104.45,82.49818181818182,27.61
2020-11-16 08:00:00,72.14,118.8,75.80909090909091,28.69
2020-11-16 09:00:00,86.8,124.56,68.08,30.75
2020-11-16 10:00:00,93.55,132.31,62.089999999999996,33.1
2020-11-16 11:00:00,74.52,129.34,54.38363636363636,35.73
2020-11-16 12:00:00,44.33,455.26,51.15909090909091,37.39
2020-11-16 13:00:00,38.29,109.71,51.036,39.28
2020-11-16 14:00:00,29.68,63.98,54.960909090909084,39.47
2020-11-16 15:00:00,19.75,67.56,59.09818181818182,37.94
2020-11-16 16:00:00,26.4,68.91,65.39444444444445,37.53
2020-11-16 17:00:00,34.4,77.22,72.60272727272728,36.3
2020-11-16 18:00:00,43.35,122.0,75.58181818181819,34.57
2020-11-16 19:00:00,62.5,146.95,76.45181818181817,33.5
2020-11-16 20:00:00,98.33,158.14,77.92636363636365,32.93
2020-11-16 21:00:00,96.37,150.8,77.81363636363636,32.23
2020-11-16 22:00:00,107.1,164.88,78.75454545454545,31.76
2020-11-16 23:00:00,93.2,150.63,79.69727272727273,31.05
2020-11-17 00:00:00,93.86,146.27,79.8490909090909,30.3
2020-11-17 01:00:00,76.42,122.24,80.27363636363636,29.6
2020-11-17 02:00:00,76.85,122.74,81.29727272727274,29.08
2020-11-17 03:00:00,85.33,137.62,80.45727272727274,28.57
2020-11-17 04:00:00,104.5,139.91,80.41999999999999,28.37
2020-11-17 05:00:00,93.95,128.12,79.4009090909091,28.06
2020-11-17 06:00:00,81.9,114.2,79.8709090909091,27.74
2020-11-17 07:00:00,81.0,121.25,77.62181818181818,27.8
2020-11-17 08:00:00,82.85,129.31,71.22454545454546,28.85
2020-11-17 09:00:00,71.01,107.15,63.7409090909091,31.04
2020-11-17 10:00:00,65.38,121.45,59.004,33.85
2020-11-17 11:00:00,49.27,111.16,56.153636363636366,36.12
2020-11-17 12:00:00,30.43,85.4,55.442727272727275,37.59
2020-11-17 13:00:00,27.15,73.89,58.455999999999996,39.26
2020-11-17 14:00:00,23.3,57.51,59.93181818181817,39.53
2020-11-17 15:00:00,29.48,56.0,63.67000000000001,38.61
2020-11-17 16:00:00,22.58,67.84,66.4309090909091,38.18
2020-11-17 17:00:00,19.23,53.47,71.21272727272728,36.64
2020-11-17 18:00:00,67.1,141.56,76.098,34.27
2020-11-17 19:00:00,95.05,187.47,76.58454545454546,33.33
2020-11-17 20:00:00,145.1,243.09,78.52818181818184,32.79
2020-11-17 21:00:00,194.32,308.32,80.27272727272727,32.53
2020-11-17 22:00:00,106.42,162.3,81.15363636363637,32.12
2020-11-17 23:00:00,85.12,141.6,81.20545454545456,31.64
2020-11-18 00:00:00,77.53,132.8,82.16727272727272,30.89
2020-11-18 01:00:00,74.22,126.52,82.78636363636365,30.07
2020-11-18 02:00:00,80.47,134.2,82.9509090909091,29.3
2020-11-18 03:00:00,89.33,141.0,83.43454545454546,29.02
2020-11-18 04:00:00,90.93,136.43,83.87090909090911,28.72
2020-11-18 05:00:00,84.53,137.83,82.53,28.49
2020-11-18 06:00:00,80.31,136.18,82.465,28.12
2020-11-18 07:00:00,78.15,136.0,79.61,27.93
2020-11-18 08:00:00,99.28,162.5,73.365,28.65
2020-11-18 09:00:00,93.6,143.0,67.57700000000001,30.01
2020-11-18 10:00:00,73.58,130.03,62.629999999999995,32.18
2020-11-18 11:00:00,68.3,138.14,61.07818181818182,35.23
2020-11-18 12:00:00,65.22,143.57,60.42181818181818,37.42
2020-11-18 13:00:00,65.0,162.28,62.131818181818176,38.12
2020-11-18 14:00:00,59.45,132.93,63.32090909090909,37.86
2020-11-18 15:00:00,49.75,119.95,66.06636363636365,36.92
2020-11-18 16:00:00,48.07,116.25,67.637,36.02
2020-11-18 17:00:00,84.08,169.0,72.1809090909091,34.59
2020-11-18 18:00:00,82.36,152.07,77.332,33.37
2020-11-18 19:00:00,86.62,171.93,80.25272727272727,32.52
2020-11-18 20:00:00,81.45,157.55,80.28909090909092,31.88
2020-11-18 21:00:00,82.85,143.25,81.025,31.48
2020-11-18 22:00:00,80.22,143.83,80.70181818181817,31.03
2020-11-18 23:00:00,83.69,149.47,79.61,30.42
2020-11-19 00:00:00,90.47,148.18,78.71181818181817,29.98
2020-11-19 01:00:00,89.15,143.43,78.62,29.5
2020-11-19 02:00:00,94.55,138.43,78.78818181818183,29.16
2020-11-19 03:00:00,91.3,146.22,79.58363636363636,29.12
2020-11-19 04:00:00,102.1,145.17,80.15181818181819,29.17
2020-11-19 05:00:00,92.83,135.86,80.93272727272726,28.82
2020-11-19 06:00:00,104.03,148.71,82.56699999999998,28.59
2020-11-19 07:00:00,125.29,174.6,81.36090909090909,28.68
2020-11-19 08:00:00,147.35,204.42,78.66600000000001,29.81
2020-11-19 09:00:00,136.05,216.14,72.44090909090909,31.08
2020-11-19 10:00:00,127.6,219.74,67.05272727272728,32.86
2020-11-19 11:00:00,104.8,195.17,65.09909090909092,34.84
2020-11-19 12:00:00,88.2,175.38,63.851818181818174,37.38
2020-11-19 13:00:00,68.5,137.44,63.13199999999999,38.35
2020-11-19 14:00:00,57.75,112.48,66.17571428571429,37.42
2020-11-19 15:00:00,48.67,109.83,63.68,37.2
2020-11-19 16:00:00,52.62,101.78,65.39272727272729,36.39
2020-11-19 17:00:00,54.84,108.31,66.55454545454546,34.72
2020-11-19 18:00:00,66.1,125.45,69.83454545454546,33.18
2020-11-19 19:00:00,68.85,136.14,72.11909090909091,32.1
2020-11-19 20:00:00,69.0,136.09,72.73600000000002,31.36
2020-11-19 21:00:00,64.38,126.89,73.95727272727272,30.83
2020-11-19 22:00:00,64.92,123.17,74.05545454545454,30.45
2020-11-19 23:00:00,52.98,101.98,73.83272727272728,29.91
2020-11-20 00:00:00,52.93,90.0,74.78454545454547,29.45
2020-11-20 01:00:00,52.08,88.17,75.44500000000001,28.96
2020-11-20 02:00:00,49.23,84.34,74.59818181818183,28.27
2020-11-20 03:00:00,58.25,95.88,75.49727272727273,28.0
2020-11-20 04:00:00,70.99,114.36,74.63090909090909,27.66
2020-11-20 05:00:00,93.28,123.31,72.59545454545456,27.27
2020-11-20 06:00:00,95.0,139.0,72.50454545454545,26.83
2020-11-20 07:00:00,98.7,139.91,72.64363636363636,26.97
2020-11-20 08:00:00,59.779999999999994,131.08499999999998,67.30818181818182,27.546666666666667
2020-11-20 09:00:00,57.36666666666667,118.97,63.093636363636364,29.685000000000002
2020-11-20 10:00:00,86.0,114.147,61.16545454545454,31.333333333333332
2020-11-20 11:00:00,71.2,135.83,59.9609090909091,33.7
2020-11-20 12:00:00,62.6,137.66,61.0390909090909,35.58
2020-11-20 13:00:00,60.15,136.17,59.98545454545454,38.02
2020-11-20 14:00:00,48.87,102.21,59.439090909090915,38.44
2020-11-20 15:00:00,26.73,67.93,59.866363636363644,37.19
2020-11-20 16:00:00,20.38,51.29,63.56909090909091,35.57
2020-11-20 17:00:00,71.8,148.7,67.02090909090909,34.17
2020-11-20 18:00:00,74.15,174.45,68.78909090909089,33.02
2020-11-20 19:00:00,84.17,154.07,73.28909090909092,31.88
2020-11-20 20:00:00,114.6,193.12,75.24727272727273,31.6
2020-11-20 21:00:00,85.64,147.65,74.66818181818182,30.76
2020-11-20 22:00:00,77.46,138.44,77.67454545454547,30.19
2020-11-20 23:00:00,74.23,135.26,79.01636363636364,29.72
2020-11-21 00:00:00,67.55,118.55,80.171,29.02
2020-11-21 01:00:00,64.23,108.8,80.44545454545454,28.54
2020-11-21 02:00:00,67.7,102.52,80.85363636363637,27.55
2020-11-21 03:00:00,79.1,128.5,79.57636363636365,27.08
2020-11-21 04:00:00,83.7,134.66,78.89181818181818,26.63
2020-11-21 05:00:00,85.85,115.75,77.49363636363636,26.26
2020-11-21 06:00:00,91.54,131.37,79.26363636363635,25.87
2020-11-21 07:00:00,102.17,146.71,80.94200000000001,25.84
2020-11-21 08:00:00,100.22,154.4,72.44818181818182,27.39
2020-11-21 09:00:00,97.23,170.49,62.652727272727276,29.37
2020-11-21 10:00:00,86.83,140.93,58.376363636363635,31.92
2020-11-21 11:00:00,66.0,115.0,57.471818181818186,34.13
2020-11-21 12:00:00,58.62,108.38,57.958888888888886,35.42
2020-11-21 13:00:00,54.3,103.69,60.815,34.25142857142857
2020-11-21 14:00:00,35.55,70.72,59.36000000000001,34.21
2020-11-21 15:00:00,23.82,58.76,62.56666666666666,34.25714285714285
2020-11-21 16:00:00,21.16,57.0,64.30714285714286,33.2325
2020-11-21 17:00:00,22.84,58.0,72.25166666666665,31.29571428571429
2020-11-21 18:00:00,70.03,169.0,77.922,32.19
2020-11-21 19:00:00,90.62,195.0,80.425,31.54
2020-11-21 20:00:00,99.36,198.63,82.307,30.71
2020-11-21 21:00:00,102.78,192.6,81.863,29.87
2020-11-21 22:00:00,118.72,217.83,84.09,28.85
2020-11-21 23:00:00,141.28,255.9,86.11300000000001,28.55
2020-11-22 00:00:00,98.73,151.0,86.08600000000001,28.16
2020-11-22 01:00:00,90.38,143.69,85.326,27.59
2020-11-22 02:00:00,100.17,151.22,86.246,26.81
2020-11-22 03:00:00,96.38,142.89,87.35777777777778,25.68
2020-11-22 04:00:00,79.35,115.41,86.852,25.36
2020-11-22 05:00:00,69.67,98.38,86.512,25.34
2020-11-22 06:00:00,80.99,107.97,85.97799999999998,25.27
2020-11-22 07:00:00,79.22,111.74,85.66,25.45
2020-11-22 08:00:00,69.75,108.33,79.238,26.84
2020-11-22 09:00:00,72.69,118.97,69.5,29.47
2020-11-22 10:00:00,71.16,123.66,62.92900000000001,32.7
2020-11-22 11:00:00,71.92,134.76,60.08699999999999,35.56
2020-11-22 12:00:00,60.0,112.16,61.964999999999996,38.48
2020-11-22 13:00:00,40.5,69.0,61.89181818181819,39.72
2020-11-22 14:00:00,42.7,84.73,63.63999999999999,39.17
2020-11-22 15:00:00,45.78,88.0,64.59181818181818,37.27
2020-11-22 16:00:00,52.48,108.84,66.54499999999999,36.32
2020-11-22 17:00:00,62.22,121.28,72.73454545454547,34.28
2020-11-22 18:00:00,79.65,152.8,77.85363636363637,31.95
2020-11-22 19:00:00,112.45,184.0,79.27636363636363,30.56
2020-11-22 20:00:00,126.99,214.0,79.72636363636364,29.71
2020-11-22 21:00:00,141.83,250.56,81.502,29.09
2020-11-22 22:00:00,150.38,251.51,83.09363636363636,28.59
2020-11-22 23:00:00,176.0,297.0,85.93545454545455,27.99
2020-11-23 00:00:00,160.28,290.34,86.25999999999998,27.08
2020-11-23 01:00:00,99.91,174.76,87.69999999999999,26.16
2020-11-23 02:00:00,85.75,136.0,87.74999999999999,25.4
2020-11-23 03:00:00,55.4,88.33,86.28399999999999,24.88
2020-11-23 04:00:00,53.0,80.34,87.82999999999998,24.52
2020-11-23 05:00:00,53.0,76.69,87.163,24.68
2020-11-23 06:00:00,59.45,76.91,86.227,24.21
2020-11-23 07:00:00,60.92,91.07,84.98799999999999,23.91
2020-11-23 08:00:00,70.25,144.83,75.966,25.48
2020-11-23 09:00:00,91.31,172.0,64.75500000000001,28.55
2020-11-23 10:00:00,63.31,123.67,58.814,30.15
2020-11-23 11:00:00,55.7,107.91,48.45,33.61
2020-11-23 12:00:00,41.08,96.92,44.245999999999995,36.7
2020-11-23 13:00:00,27.05,75.83,37.968999999999994,38.2
2020-11-23 14:00:00,32.48,92.33,34.93090909090909,38.15
2020-11-23 15:00:00,28.38,98.58,35.60909090909092,36.61
2020-11-23 16:00:00,24.3,92.6,38.71636363636364,35.36
2020-11-23 17:00:00,29.55,97.8,46.56000000000001,33.61
2020-11-23 18:00:00,43.88,114.58,56.64363636363637,31.62
2020-11-23 19:00:00,68.06,168.09,65.02454545454545,30.09
2020-11-23 20:00:00,105.05,222.35,70.06636363636365,29.14
2020-11-23 21:00:00,91.35,175.82,73.12727272727274,28.94
2020-11-23 22:00:00,63.25,154.55,75.15181818181819,27.84
2020-11-23 23:00:00,95.12,221.54,77.12727272727274,27.55
2020-11-24 00:00:00,77.71,168.6,79.71727272727274,26.4
2020-11-24 01:00:00,62.17,124.62,81.56727272727272,25.45
2020-11-24 02:00:00,68.4,120.08,83.64999999999999,25.25
2020-11-24 03:00:00,56.98,97.08,83.36181818181818,24.75
2020-11-24 04:00:00,55.08,96.83,83.47363636363637,24.6
2020-11-24 05:00:00,55.92,87.86,83.65363636363637,24.27
2020-11-24 06:00:00,53.23,84.25,83.154,23.96
2020-11-24 07:00:00,53.0,93.14,79.67909090909092,24.27
2020-11-24 08:00:00,65.91,124.25,72.8190909090909,25.44
2020-11-24 09:00:00,82.68,144.37,63.11818181818182,27.72
2020-11-24 10:00:00,84.92,152.4,54.870909090909095,30.03
2020-11-24 11:00:00,63.73,140.17,50.76727272727272,32.59
2020-11-24 12:00:00,48.2,106.1,49.098,35.64
2020-11-24 13:00:00,43.31,110.31,49.57090909090909,37.7
2020-11-24 14:00:00,54.99,113.74,51.15,38.24
2020-11-24 15:00:00,53.25,102.2,53.97909090909092,36.98
2020-11-24 16:00:00,48.39,101.91,52.546666666666674,36.3
2020-11-24 17:00:00,56.33,135.92,63.3,34.47
2020-11-24 18:00:00,104.95,219.67,65.10454545454544,32.24
2020-11-24 19:00:00,128.43,253.58,69.64083333333333,31.12
2020-11-24 20:00:00,146.6,285.25,72.81666666666668,30.42
2020-11-24 21:00:00,136.93,243.22,72.43545454545455,30.02
2020-11-24 22:00:00,153.57,269.25,73.055,29.54
2020-11-24 23:00:00,133.79,230.88,74.38666666666666,29.15
2020-11-25 00:00:00,139.38,252.57,75.29083333333334,28.75
2020-11-25 01:00:00,170.43,294.3,76.41416666666666,28.2
2020-11-25 02:00:00,164.68,265.0,78.50090909090909,27.48
2020-11-25 03:00:00,150.17,246.47,79.10499999999999,26.93
2020-11-25 04:00:00,135.17,212.1,79.7975,26.97
2020-11-25 05:00:00,132.16,195.25,81.08833333333334,27.02
2020-11-25 06:00:00,108.94,164.67,80.89916666666667,26.61
2020-11-25 07:00:00,111.62,166.58,80.66416666666667,26.39
2020-11-25 08:00:00,110.16,217.42,75.665,27.23
2020-11-25 09:00:00,110.92,196.33,68.80833333333334,29.62
2020-11-25 10:00:00,109.16,184.83,61.01916666666668,31.67
2020-11-25 11:00:00,93.32,179.42,54.97666666666667,34.78
2020-11-25 12:00:00,71.71,135.13,51.300000000000004,37.16
2020-11-25 13:00:00,57.05,117.25,53.90083333333333,38.25
2020-11-25 14:00:00,63.4,139.83,58.532500000000006,38.28
2020-11-25 15:00:00,55.7,119.15,63.17916666666667,36.7
2020-11-25 16:00:00,51.3,111.48,64.74000000000001,35.6
2020-11-25 17:00:00,86.97,174.0,65.3775,33.2
2020-11-25 18:00:00,125.97,229.0,68.94999999999999,31.84
2020-11-25 19:00:00,127.15,227.58,70.575,30.88
2020-11-25 20:00:00,130.69,231.57,73.45363636363636,30.31
2020-11-25 21:00:00,121.78,209.15,76.52666666666667,30.01
2020-11-25 22:00:00,115.47,197.86,77.33083333333332,29.3
2020-11-25 23:00:00,114.08,186.0,77.72749999999998,28.78
2020-11-26 00:00:00,112.16,170.33,79.82333333333332,28.59
2020-11-26 01:00:00,104.62,159.83,81.05416666666666,27.3
2020-11-26 02:00:00,127.08,198.3,81.12666666666667,26.2
2020-11-26 03:00:00,112.4,161.79,80.33749999999999,25.89
2020-11-26 04:00:00,112.87,164.5,80.5925,25.75
2020-11-26 05:00:00,113.92,196.17,81.43916666666667,25.43
2020-11-26 06:00:00,112.16,153.17,82.28833333333333,24.8
2020-11-26 07:00:00,100.01,142.6,82.18750000000001,24.63
2020-11-26 08:00:00,96.23,150.25,75.93916666666667,25.53
2020-11-26 09:00:00,90.47,145.5,66.44416666666667,27.76
2020-11-26 10:00:00,88.16,159.67,56.54636363636364,30.27
2020-11-26 11:00:00,88.92,139.0,50.39000000000001,32.93
2020-11-26 12:00:00,74.25,145.22,45.6675,35.69
2020-11-26 13:00:00,65.62,125.9,46.00416666666666,37.88
2020-11-26 14:00:00,62.23,107.5,49.03166666666666,37.95
2020-11-26 15:00:00,63.85,104.17,54.27818181818182,36.54
2020-11-26 16:00:00,61.23,110.42,60.74090909090909,35.92
2020-11-26 17:00:00,76.72,149.5,68.55416666666667,34.27
2020-11-26 18:00:00,82.61,174.08,73.61083333333333,32.46
2020-11-26 19:00:00,103.29,201.67,74.20083333333332,31.62
2020-11-26 20:00:00,127.2,217.75,73.68454545454546,30.66
2020-11-26 21:00:00,118.86,192.42,74.17500000000001,29.86
2020-11-26 22:00:00,110.62,180.86,73.23,29.12
2020-11-26 23:00:00,112.77,185.48,71.39333333333333,28.23
2020-11-27 00:00:00,114.84,186.92,70.87166666666666,27.22
2020-11-27 01:00:00,125.11,203.45,70.65333333333335,26.55
2020-11-27 02:00:00,128.77,192.58,69.055,26.0
2020-11-27 03:00:00,129.0,185.42,67.31916666666667,25.46
2020-11-27 04:00:00,122.54,185.91,61.80083333333332,24.96
2020-11-27 05:00:00,98.94,142.92,56.620909090909095,24.84
2020-11-27 06:00:00,92.39,130.78,55.55090909090907,24.67
2020-11-27 07:00:00,107.72,158.42,56.198181818181816,24.83
2020-11-27 08:00:00,105.31,216.75,53.23909090909091,26.32
2020-11-27 09:00:00,85.63,191.75,50.550000000000004,28.8
2020-11-27 10:00:00,70.17,126.67,45.193,32.11
2020-11-27 11:00:00,49.63,122.84,43.992000000000004,34.37
2020-11-27 12:00:00,36.01,117.5,41.809999999999995,35.92
2020-11-27 13:00:00,41.45,146.33,38.748999999999995,37.2
2020-11-27 14:00:00,39.23,106.83,36.802,37.26
2020-11-27 15:00:00,40.84,108.48,37.138999999999996,36.07
2020-11-27 16:00:00,38.23,83.33,47.814,35.39
2020-11-27 17:00:00,50.91,101.17,52.36800000000001,33.75
2020-11-27 18:00:00,81.51,165.15,50.28800000000001,32.16
2020-11-27 19:00:00,88.61,209.5,46.464,30.79
2020-11-27 20:00:00,90.84,191.92,44.513,29.42
2020-11-27 21:00:00,73.48,135.92,44.754,28.99
2020-11-27 22:00:00,72.0,131.92,46.547000000000004,28.6
2020-11-27 23:00:00,75.69,137.5,48.379999999999995,27.77
2020-11-28 00:00:00,83.38,149.0,49.135555555555555,27.52
2020-11-28 01:00:00,81.22,142.67,50.74444444444444,27.69
2020-11-28 02:00:00,89.33,141.09,52.416666666666664,27.57
2020-11-28 03:00:00,80.78,124.55,53.81888888888889,26.96
2020-11-28 04:00:00,105.82,156.92,53.21666666666667,26.75
2020-11-28 05:00:00,104.31,146.25,54.733333333333334,26.74
2020-11-28 06:00:00,102.16,141.33,56.709999999999994,26.98
2020-11-28 07:00:00,89.07,146.48,58.342222222222226,27.34
2020-11-28 08:00:00,96.3,206.4,57.04,28.54
2020-11-28 09:00:00,82.25,152.42,53.501,30.18
2020-11-28 10:00:00,38.53,96.73,48.842,32.09
2020-11-28 11:00:00,30.39,83.75,48.105999999999995,33.28
2020-11-28 12:00:00,18.93,77.5,47.01555555555556,35.15
2020-11-28 13:00:00,24.45,71.5,48.16444444444444,35.93
2020-11-28 14:00:00,16.7,65.48,50.29333333333333,35.48
2020-11-28 15:00:00,20.61,59.5,53.48,34.93
2020-11-28 16:00:00,25.61,70.0,58.48111111111112,33.97
2020-11-28 17:00:00,32.44,85.62,64.12444444444445,33.31
2020-11-28 18:00:00,51.45,138.33,67.90875,32.56
2020-11-28 19:00:00,76.06,223.67,71.20555555555556,32.19
2020-11-28 20:00:00,99.24,209.0,70.79777777777778,32.05
2020-11-28 21:00:00,61.34,123.75,68.94666666666666,31.57
2020-11-28 22:00:00,45.09,111.42,68.46,31.02
2020-11-28 23:00:00,39.39,101.83,69.27555555555556,30.9
2020-11-29 00:00:00,35.31,74.5,67.76555555555555,30.65
2020-11-29 01:00:00,38.69,91.25,67.67888888888889,29.77
2020-11-29 02:00:00,41.76,87.1,68.56555555555556,29.34
2020-11-29 03:00:00,33.52375,89.70166666666667,70.46375,26.57125
2020-11-29 04:00:00,31.253333333333337,96.69285714285714,72.77749999999999,25.85125
2020-11-29 05:00:00,33.49111111111111,95.95285714285714,75.13777777777779,25.25888888888889
2020-11-29 06:00:00,39.18888888888889,99.05428571428571,77.15888888888887,24.897777777777776
2020-11-29 07:00:00,45.82888888888888,124.69857142857143,75.87333333333333,25.50222222222222
2020-11-29 08:00:00,50.31777777777778,134.73285714285714,67.50444444444445,27.91
2020-11-29 09:00:00,51.16777777777778,123.16142857142859,60.45777777777778,29.485555555555557
2020-11-29 10:00:00,37.38,94.16428571428571,57.45555555555555,30.349999999999998
2020-11-29 11:00:00,33.161111111111104,100.69571428571429,53.47777777777778,31.532222222222224
2020-11-29 12:00:00,27.445555555555554,81.37714285714286,48.17777777777778,32.766666666666666
2020-11-29 13:00:00,22.745555555555555,58.191428571428574,48.78666666666667,33.04222222222223
2020-11-29 14:00:00,24.971111111111114,57.33571428571429,54.97555555555556,32.15444444444445
2020-11-29 15:00:00,27.991111111111113,87.37142857142858,57.635555555555555,31.32
2020-11-29 16:00:00,27.95,89.89142857142859,58.57111111111111,30.455555555555552
2020-11-29 17:00:00,24.818888888888885,78.18285714285716,64.03222222222222,29.082222222222224
2020-11-29 18:00:00,25.756666666666664,77.22714285714287,69.76555555555557,27.77777777777778
2020-11-29 19:00:00,30.452222222222222,90.63857142857141,72.32222222222224,27.41222222222222
2020-11-29 20:00:00,35.55111111111111,84.64142857142858,73.76555555555555,27.103333333333335
2020-11-29 21:00:00,37.77,87.7357142857143,73.33777777777779,26.827777777777776
2020-11-29 22:00:00,43.760000000000005,91.27499999999999,74.38,26.46857142857143
2020-11-29 23:00:00,47.681428571428576,99.90499999999999,75.1557142857143,26.15714285714285
2020-11-30 00:00:00,52.48285714285714,116.63166666666667,76.04999999999998,25.83428571428571
2020-11-30 01:00:00,48.82666666666666,113.37333333333333,77.53428571428572,25.444285714285712
2020-11-30 02:00:00,45.080000000000005,104.36333333333334,77.17999999999999,25.390000000000004
2020-11-30 03:00:00,47.04142857142857,100.55333333333333,77.70142857142856,25.17428571428571
2020-11-30 04:00:00,44.895714285714284,93.35000000000001,79.64428571428572,24.624285714285715
2020-11-30 05:00:00,42.083749999999995,90.935,81.47285714285715,24.39428571428571
2020-11-30 06:00:00,52.07714285714285,106.16333333333336,81.26714285714286,24.321428571428573
2020-11-30 07:00:00,59.52428571428571,127.05833333333334,79.2242857142857,24.93285714285714
2020-11-30 08:00:00,65.43285714285715,140.74,71.78999999999999,27.307142857142857
2020-11-30 09:00:00,70.03857142857142,150.66333333333333,62.65333333333333,30.161666666666665
2020-11-30 10:00:00,69.95875000000001,151.8114285714286,56.25857142857143,32.04857142857143
2020-11-30 11:00:00,68.15625,144.59,54.68625,32.42375
2020-11-30 12:00:00,40.56,81.69,52.715,37.46
2020-11-30 13:00:00,39.08,101.17,57.239999999999995,38.87
2020-11-30 14:00:00,32.56,81.0,59.72555555555555,38.6
2020-11-30 15:00:00,26.47,61.58,62.776250000000005,37.48
2020-11-30 16:00:00,21.39,52.67,66.49714285714286,37.16
2020-11-30 17:00:00,32.07,83.17,69.18142857142857,34.97
2020-11-30 18:00:00,74.38,163.0,71.37666666666667,33.42
2020-11-30 19:00:00,108.43,195.67,74.95,32.62
2020-11-30 20:00:00,87.02,145.59,73.03571428571429,31.86
2020-11-30 21:00:00,70.25,124.5,72.94714285714285,31.38
2020-11-30 22:00:00,79.14,135.87,75.14,30.69
2020-11-30 23:00:00,89.22,164.5,77.37333333333333,30.38
2020-12-01 00:00:00,81.7,139.5,79.79714285714286,30.75
2020-12-01 01:00:00,69.96,116.89,81.68142857142857,30.83
2020-12-01 02:00:00,57.01,92.08,82.1557142857143,29.95
2020-12-01 03:00:00,67.03,110.17,82.46428571428571,29.09
2020-12-01 04:00:00,64.31,106.48,79.62714285714284,28.3
2020-12-01 05:00:00,67.69,110.58,77.35714285714286,27.94
2020-12-01 06:00:00,64.31,113.75,77.69428571428573,27.63
2020-12-01 07:00:00,58.47,98.37,77.91714285714285,27.81
2020-12-01 08:00:00,65.38,112.58,74.88428571428571,28.84
2020-12-01 09:00:00,69.68,121.33,66.86142857142856,31.16
2020-12-01 10:00:00,60.8,127.5,58.67555555555556,33.51
2020-12-01 11:00:00,61.84,133.52,53.29,35.27
2020-12-01 12:00:00,55.55,123.92,50.05363636363636,38.35
2020-12-01 13:00:00,43.93,97.25,52.138999999999996,39.81
2020-12-01 14:00:00,44.84,88.58,58.199090909090906,39.59
2020-12-01 15:00:00,37.62,88.0,63.209090909090904,38.17
2020-12-01 16:00:00,42.52,90.75,68.65,37.5
2020-12-01 17:00:00,47.6,107.5,71.477,35.2
2020-12-01 18:00:00,78.43,154.83,73.96100000000001,33.39
2020-12-01 19:00:00,88.38,174.58,72.44888888888889,32.75
2020-12-01 20:00:00,100.95,176.0,70.58200000000001,32.14
2020-12-01 21:00:00,117.63,202.58,70.33099999999999,31.77
2020-12-01 22:00:00,95.08,164.52,73.587,31.27
2020-12-01 23:00:00,83.78,133.5,76.101,30.56
2020-12-02 00:00:00,78.39,136.52,78.09100000000001,30.44
2020-12-02 01:00:00,72.48,129.67,78.81099999999999,29.57
2020-12-02 02:00:00,80.28,129.92,81.065,28.75
2020-12-02 03:00:00,90.2,127.25,81.955,27.94
2020-12-02 04:00:00,80.86,115.08,81.874,27.46
2020-12-02 05:00:00,74.47,105.75,81.131,27.2
2020-12-02 06:00:00,73.08,106.83,80.747,26.88
2020-12-02 07:00:00,69.31,112.52,80.45900000000002,27.06
2020-12-02 08:00:00,80.03,134.08,77.71000000000001,28.34
2020-12-02 09:00:00,77.32,139.67,71.18909090909092,30.37
2020-12-02 10:00:00,78.84,159.31,62.7725,32.54
2020-12-02 11:00:00,75.31,144.45,56.442499999999995,34.88
2020-12-02 12:00:00,67.62,154.92,54.20749999999999,37.74
2020-12-02 13:00:00,63.31,108.19,54.7425,38.87
2020-12-02 14:00:00,54.75,105.83,59.0525,38.55
2020-12-02 15:00:00,54.0,96.83,62.034166666666664,37.59
2020-12-02 16:00:00,46.64,103.33,66.23333333333333,36.98
2020-12-02 17:00:00,57.03,112.25,70.06333333333332,35.02
2020-12-02 18:00:00,67.22,137.75,72.74,33.02
2020-12-02 19:00:00,113.97,223.42,76.69090909090909,31.82
2020-12-02 20:00:00,145.67,275.92,79.23727272727272,31.69
2020-12-02 21:00:00,90.82,170.0,79.79454545454546,30.73
2020-12-02 22:00:00,86.92,175.94,79.61,29.81
2020-12-02 23:00:00,87.92,156.93,79.897,28.76
2020-12-03 00:00:00,79.72,138.45,79.72363636363637,28.3
2020-12-03 01:00:00,67.93,121.42,77.79181818181817,27.48
2020-12-03 02:00:00,79.91,125.5,77.39090909090909,26.55
2020-12-03 03:00:00,81.0,122.33,74.89272727272727,26.0
2020-12-03 04:00:00,83.77,119.24,74.78636363636362,25.92
2020-12-03 05:00:00,86.76,131.83,73.8509090909091,25.6
2020-12-03 06:00:00,73.21,114.61,74.38083333333334,24.91
2020-12-03 07:00:00,82.14,145.08,74.34181818181817,24.82
2020-12-03 08:00:00,97.75,147.08,69.64583333333333,26.01
2020-12-03 09:00:00,88.89,161.71,62.317499999999995,28.8
2020-12-03 10:00:00,79.7,162.08,52.91999999999999,32.21
2020-12-03 11:00:00,64.25,156.5,47.66,34.57
2020-12-03 12:00:00,63.0,140.37,44.510000000000005,36.46
2020-12-03 13:00:00,63.961,138.38333333333335,44.38181818181818,38.62
2020-12-03 14:00:00,42.0,95.0,48.70272727272727,38.07
2020-12-03 15:00:00,47.53,77.53,52.43454545454545,37.29
2020-12-03 16:00:00,40.62,76.92,55.440909090909095,36.7
2020-12-03 17:00:00,40.0,98.15,63.01181818181818,34.94
2020-12-03 18:00:00,74.7,183.81,67.51545454545455,33.19
2020-12-03 19:00:00,70.591,153.57888888888886,69.4890909090909,31.41
2020-12-03 20:00:00,94.0,187.0,71.93636363636364,30.32
2020-12-03 21:00:00,87.56,155.83,70.29545454545455,29.35
2020-12-03 22:00:00,80.55,136.45,71.51636363636364,28.59
2020-12-03 23:00:00,96.55,169.94,73.335,28.04
2020-12-04 00:00:00,85.13,140.0,75.232,27.34
2020-12-04 01:00:00,85.84,148.0,76.87,26.81
2020-12-04 02:00:00,93.38,156.35,77.99699999999999,25.63
2020-12-04 03:00:00,94.92,144.13,76.05800000000002,24.94
2020-12-04 04:00:00,84.89,125.58,75.60454545454546,24.53
2020-12-04 05:00:00,78.47,112.08,76.606,24.04
2020-12-04 06:00:00,70.64,89.85,78.62916666666666,23.56
2020-12-04 07:00:00,70.92,103.58,78.56666666666668,23.39
2020-12-04 08:00:00,86.68,135.34,72.90181818181819,24.23
2020-12-04 09:00:00,90.77,155.47,62.57500000000001,26.38
2020-12-04 10:00:00,74.45,131.33,51.237500000000004,30.04
2020-12-04 11:00:00,69.32,140.92,44.19,33.14
2020-12-04 12:00:00,65.31,152.12,40.666666666666664,36.11
2020-12-04 13:00:00,51.21,142.92,38.9825,38.38
2020-12-04 14:00:00,50.0,110.74,42.57,37.88
2020-12-04 15:00:00,47.48,100.5,47.11083333333334,36.65
2020-12-04 16:00:00,51.61,94.4,51.74916666666667,36.02
2020-12-04 17:00:00,58.44,160.2,59.165,34.3
2020-12-04 18:00:00,79.23,221.17,66.5275,31.93
2020-12-04 19:00:00,94.8,202.17,68.98916666666666,30.37
2020-12-04 20:00:00,140.13,286.17,69.94166666666668,28.98
2020-12-04 21:00:00,178.02,375.83,70.525,28.39
2020-12-04 22:00:00,212.35,448.28,71.79,27.89
2020-12-04 23:00:00,179.58,374.4,72.43916666666667,27.36
2020-12-05 00:00:00,170.56,335.0,75.13416666666666,26.36
2020-12-05 01:00:00,143.25,262.12,76.38727272727273,25.03
2020-12-05 02:00:00,99.5,171.27,78.39,24.16
2020-12-05 03:00:00,84.97,133.85,78.62333333333332,23.78
2020-12-05 04:00:00,76.62,120.05,79.00333333333333,23.12
2020-12-05 05:00:00,65.86,99.69,79.86250000000001,22.66
2020-12-05 06:00:00,62.23,87.92,80.74083333333333,22.16
2020-12-05 07:00:00,65.69,94.0,79.38916666666665,22.02
2020-12-05 08:00:00,66.92,103.19,70.06583333333334,23.39
2020-12-05 09:00:00,72.52,127.92,59.84583333333334,26.29
2020-12-05 10:00:00,74.84,140.08,49.04666666666665,29.94
2020-12-05 11:00:00,76.84,162.15,41.516666666666666,34.64
2020-12-05 12:00:00,65.05,152.97,39.223333333333336,37.84
2020-12-05 13:00:00,47.45,120.83,36.455,40.08
2020-12-05 14:00:00,43.24,91.0,37.921666666666674,40.33
2020-12-05 15:00:00,34.7,80.89,45.974999999999994,37.34
2020-12-05 16:00:00,32.16,77.5,53.02583333333334,36.61
2020-12-05 17:00:00,42.12,133.0,62.3725,33.52
2020-12-05 18:00:00,76.0,258.18,67.96181818181819,31.25
2020-12-05 19:00:00,121.3,342.99,70.78416666666666,30.35
2020-12-05 20:00:00,135.15,294.48,72.13416666666667,29.14
2020-12-05 21:00:00,155.31,324.75,70.88250000000001,28.43
2020-12-05 22:00:00,111.03,238.17,71.93583333333332,27.53
2020-12-05 23:00:00,102.4,213.22,76.53363636363638,26.77
2020-12-06 00:00:00,109.36,201.75,76.66416666666667,25.8
2020-12-06 01:00:00,101.72,191.83,74.01916666666668,24.61
2020-12-06 02:00:00,85.32,146.0,72.79333333333334,23.45
2020-12-06 03:00:00,58.18,101.87,71.79249999999999,22.86
2020-12-06 04:00:00,55.08,82.37,69.16666666666667,22.65
2020-12-06 05:00:00,55.92,89.28,68.08416666666666,22.1
2020-12-06 06:00:00,55.08,84.48,67.40666666666668,21.91
2020-12-06 07:00:00,55.92,86.76,65.7975,21.53
2020-12-06 08:00:00,57.84,109.0,58.23000000000001,23.37
2020-12-06 09:00:00,70.87,133.0,48.00454545454545,26.86
2020-12-06 10:00:00,74.77,138.0,41.67545454545455,30.45
2020-12-06 11:00:00,57.53,146.25,38.69,34.3
2020-12-06 12:00:00,55.08,117.58,34.41833333333334,36.88
2020-12-06 13:00:00,43.97,90.17,30.815,38.34
2020-12-06 14:00:00,36.56,89.83,31.139166666666668,39.42
2020-12-06 15:00:00,27.72,75.28,36.99818181818181,37.23
2020-12-06 16:00:00,32.52,69.0,46.46454545454545,36.23
2020-12-06 17:00:00,47.71,148.07,57.310909090909085,33.41
2020-12-06 18:00:00,96.84,396.96,67.36818181818182,30.98
2020-12-06 19:00:00,112.03,355.48,68.60363636363637,30.04
2020-12-06 20:00:00,128.63,275.52,65.19727272727272,28.52
2020-12-06 21:00:00,164.02,340.31,64.82818181818182,27.76
2020-12-06 22:00:00,201.94,449.62,64.90181818181817,27.08
2020-12-06 23:00:00,143.21,328.36,68.61363636363636,26.21
2020-12-07 00:00:00,118.69,226.0,70.92363636363636,24.91
2020-12-07 01:00:00,118.84,198.5,72.61636363636363,23.67
2020-12-07 02:00:00,89.56,146.0,74.36818181818181,23.06
2020-12-07 03:00:00,73.17,112.09,74.85363636363637,22.66
2020-12-07 04:00:00,68.32,98.97,72.94,22.23
2020-12-07 05:00:00,60.64,90.64,71.41545454545455,22.18
2020-12-07 06:00:00,69.19,94.6,68.04454545454546,21.83
2020-12-07 07:00:00,69.08,97.76,64.27090909090909,21.46
2020-12-07 08:00:00,78.22,122.83,57.394166666666656,23.12
2020-12-07 09:00:00,79.0,151.0,48.657272727272726,26.49
2020-12-07 10:00:00,74.4,154.17,43.149090909090916,30.33
2020-12-07 11:00:00,57.45,125.5,40.20916666666666,33.55
2020-12-07 12:00:00,59.68,124.84,38.125,36.0
2020-12-07 13:00:00,45.24,109.37,36.1175,37.67
2020-12-07 14:00:00,44.91,97.03,35.08583333333334,38.49
2020-12-07 15:00:00,44.08,84.05,39.12833333333334,37.15
2020-12-07 16:00:00,43.08,116.1,44.395833333333336,36.53
2020-12-07 17:00:00,54.04,157.5,54.97083333333334,33.98
2020-12-07 18:00:00,92.7,338.45,68.31272727272727,31.78
2020-12-07 19:00:00,91.4,326.42,66.04083333333334,30.38
2020-12-07 20:00:00,119.42,299.25,64.53666666666668,28.88
2020-12-07 21:00:00,113.72,285.0,67.26583333333332,28.6
2020-12-07 22:00:00,101.97,244.74,68.00083333333332,28.23
2020-12-07 23:00:00,88.21,199.54,69.75250000000001,27.01
2020-12-08 00:00:00,97.08,164.83,73.09750000000001,26.24
2020-12-08 01:00:00,100.76,171.22,72.71416666666669,24.92
2020-12-08 02:00:00,76.17,115.91,72.76166666666666,24.12
2020-12-08 03:00:00,60.21,98.41,71.39454545454547,23.48
2020-12-08 04:00:00,59.0,89.56,69.3925,22.91
2020-12-08 05:00:00,61.76,90.0,68.11916666666667,22.89
2020-12-08 06:00:00,64.76,90.92,65.85636363636364,22.96
2020-12-08 07:00:00,71.44,108.47,60.69916666666666,23.34
2020-12-08 08:00:00,68.32,121.95,55.42749999999999,24.39
2020-12-08 09:00:00,71.68,135.0,48.789090909090916,27.61
2020-12-08 10:00:00,66.48,143.28,43.66090909090909,31.63
2020-12-08 11:00:00,63.24,140.64,42.12499999999999,34.24
2020-12-08 12:00:00,50.17,112.42,41.307272727272725,36.83
2020-12-08 13:00:00,44.4,100.0,40.00272727272728,38.79
2020-12-08 14:00:00,39.4,104.19,44.607499999999995,39.47
2020-12-08 15:00:00,40.84,86.0,49.781666666666666,37.49
2020-12-08 16:00:00,38.26,92.0,54.2175,36.99
2020-12-08 17:00:00,64.66,191.3,59.77333333333334,34.55
2020-12-08 18:00:00,81.71,275.39,65.52666666666666,32.31
2020-12-08 19:00:00,119.78,255.33,71.02166666666666,30.86
2020-12-08 20:00:00,123.0,255.76,72.93916666666668,30.09
2020-12-08 21:00:00,97.25,206.35,73.8275,29.46
2020-12-08 22:00:00,80.29,179.01,74.5125,29.08
2020-12-08 23:00:00,79.0,191.63,76.165,27.99
2020-12-09 00:00:00,80.84,176.45,77.37166666666667,27.45
2020-12-09 01:00:00,94.83,180.06,79.35000000000001,26.87
2020-12-09 02:00:00,100.6,164.22,79.28833333333334,25.53
2020-12-09 03:00:00,84.45,136.1,78.93416666666666,25.21
2020-12-09 04:00:00,66.44,100.76,75.03333333333333,24.81
2020-12-09 05:00:00,63.16,89.61,69.26363636363637,24.84
2020-12-09 06:00:00,61.16,93.53,69.99,24.88
2020-12-09 07:00:00,62.84,116.07,69.40333333333332,24.94
2020-12-09 08:00:00,74.03,118.92,66.88250000000001,25.54
2020-12-09 09:00:00,76.84,142.64,58.1025,28.47
2020-12-09 10:00:00,67.81,145.16,51.07083333333333,31.52
2020-12-09 11:00:00,59.62,138.56,47.453333333333326,35.11
2020-12-09 12:00:00,57.16,125.09,45.74916666666667,38.23
2020-12-09 13:00:00,55.16,119.0,46.0725,40.36
2020-12-09 14:00:00,52.25,95.17,46.57583333333333,39.94
2020-12-09 15:00:00,33.61,76.0,49.44416666666666,37.48
2020-12-09 16:00:00,37.52,111.0,57.245,35.52
2020-12-09 17:00:00,58.1,197.0,66.195,33.48
2020-12-09 18:00:00,83.91,195.32,68.63000000000001,32.77
2020-12-09 19:00:00,109.92,219.84,68.10416666666667,32.16
2020-12-09 20:00:00,131.31,272.34,67.10916666666667,31.65
2020-12-09 21:00:00,155.99,297.63,67.17416666666666,31.21
2020-12-09 22:00:00,127.66,238.0,68.92083333333333,30.93
2020-12-09 23:00:00,158.1,322.85,72.82083333333334,30.62
2020-12-10 00:00:00,160.08,326.33,75.81250000000001,30.54
2020-12-10 01:00:00,163.75,316.0,77.65416666666667,27.065833333333334
2020-12-10 02:00:00,117.0,127.66888888888889,77.39416666666666,26.98
2020-12-10 03:00:00,125.22,229.47,76.50333333333334,29.41
2020-12-10 04:00:00,127.84,229.68,76.87416666666668,28.55
2020-12-10 05:00:00,116.05,195.0,76.93500000000002,28.45
2020-12-10 06:00:00,114.08,190.78,77.81,27.64
2020-12-10 07:00:00,115.83,182.0,77.17333333333333,27.34
2020-12-10 08:00:00,111.4,170.0,70.6525,27.98
2020-12-10 09:00:00,112.84,213.0,63.23749999999999,30.45
2020-12-10 10:00:00,110.24,203.0,56.92250000000001,32.76
2020-12-10 11:00:00,94.11,165.62,52.77666666666667,35.16
2020-12-10 12:00:00,60.82,118.0,53.11000000000001,36.13
2020-12-10 13:00:00,53.4,123.0,54.471666666666664,36.9
2020-12-10 14:00:00,43.8,103.69,58.85833333333333,36.83
2020-12-10 15:00:00,54.95,130.5,63.01499999999999,36.66
2020-12-10 16:00:00,48.67,130.24,70.94166666666666,36.31
2020-12-10 17:00:00,57.17,158.52,74.74416666666667,35.15
2020-12-10 18:00:00,80.07,246.08,77.3225,33.53
2020-12-10 19:00:00,103.69,263.33,76.65249999999999,32.98
2020-12-10 20:00:00,137.0,257.0,80.165,32.57
2020-12-10 21:00:00,137.0,275.46,80.66250000000001,32.32
2020-12-10 22:00:00,149.87,328.65,80.735,31.95
2020-12-10 23:00:00,149.16,308.02,81.06500000000001,31.23
2020-12-11 00:00:00,169.17,264.62,81.19833333333332,30.63
2020-12-11 01:00:00,147.09,209.35,81.55416666666667,30.32
2020-12-11 02:00:00,166.76,167.6,82.01454545454546,29.79
2020-12-11 03:00:00,85.031,145.38666666666666,81.85,29.21
2020-12-11 04:00:00,83.944,148.92999999999998,81.45916666666666,28.62
2020-12-11 05:00:00,88.49999999999999,147.75777777777776,80.70727272727272,28.24
2020-12-11 06:00:00,161.86,138.36444444444444,81.59916666666665,28.04
2020-12-11 07:00:00,70.871,133.5522222222222,83.30416666666666,27.77
2020-12-11 08:00:00,111.29,121.4,84.00249999999998,28.03
2020-12-11 09:00:00,157.0,150.80555555555554,85.18333333333334,28.2
2020-12-11 10:00:00,101.83,146.02,85.88833333333332,28.23
2020-12-11 11:00:00,97.92,126.93,83.88833333333332,28.78
2020-12-11 12:00:00,84.21,113.01,80.78833333333334,29.3
2020-12-11 13:00:00,90.33,118.44,74.95166666666667,30.38
2020-12-11 14:00:00,54.558181818181815,108.048,71.57083333333334,31.05
2020-12-11 15:00:00,48.387499999999996,102.702,69.54416666666667,31.29
2020-12-11 16:00:00,54.93272727272727,112.11899999999999,70.47833333333334,31.04
2020-12-11 17:00:00,58.32181818181819,114.40799999999999,71.94,30.66
2020-12-11 18:00:00,134.48,149.59,76.14083333333333,29.97
2020-12-11 19:00:00,165.17,187.86,78.60583333333334,29.31
2020-12-11 20:00:00,80.1790909090909,167.02,79.77666666666666,29.0
2020-12-11 21:00:00,83.501,153.05,79.71083333333333,29.04
2020-12-11 22:00:00,80.20166666666667,157.52,79.88,29.04
2020-12-11 23:00:00,76.95333333333333,154.32,80.96916666666668,28.8
2020-12-12 00:00:00,73.12545454545453,151.24,81.8575,28.74
2020-12-12 01:00:00,65.018,149.40444444444444,83.25833333333334,25.701666666666668
2020-12-12 02:00:00,61.03999999999999,119.93444444444442,84.82416666666667,25.359166666666663
2020-12-12 03:00:00,56.53727272727272,102.0788888888889,85.42,25.111666666666668
2020-12-12 04:00:00,55.09090909090909,98.67333333333335,86.10583333333334,24.847500000000007
2020-12-12 05:00:00,50.99636363636363,91.53555555555555,86.01916666666666,24.843333333333337
2020-12-12 06:00:00,47.62,86.78222222222223,85.38999999999999,24.875
2020-12-12 07:00:00,45.627272727272725,88.74777777777778,84.64166666666667,24.971666666666664
2020-12-12 08:00:00,48.11833333333334,86.25111111111111,85.20333333333333,25.16916666666667
2020-12-12 09:00:00,48.178333333333335,118.0,83.60416666666667,28.45
2020-12-12 10:00:00,48.22,92.18,81.36749999999999,29.23
2020-12-12 11:00:00,57.557500000000005,101.07,77.88666666666667,30.31
2020-12-12 12:00:00,62.36833333333334,124.13,73.07416666666667,31.79
2020-12-12 13:00:00,61.1575,143.73,70.19916666666667,32.66
2020-12-12 14:00:00,61.982499999999995,136.7,69.12083333333334,33.38
2020-12-12 15:00:00,112.57166666666666,136.0,70.86,32.59
2020-12-12 16:00:00,61.41,127.72,74.26916666666666,31.48
2020-12-12 17:00:00,63.85999999999999,142.0,76.7990909090909,30.55
2020-12-12 18:00:00,69.25090909090909,150.0,78.42083333333333,29.84
2020-12-12 19:00:00,73.93363636363637,162.91,80.33090909090909,29.23
2020-12-12 20:00:00,72.5490909090909,151.0,80.75666666666666,28.77
2020-12-12 21:00:00,73.5190909090909,143.56,81.49916666666665,28.47
2020-12-12 22:00:00,78.09363636363636,132.94,81.84666666666668,28.28
2020-12-12 23:00:00,82.27181818181818,158.101,80.54833333333333,25.58583333333333
2020-12-13 00:00:00,80.14181818181818,103.0,79.34500000000001,27.36
2020-12-13 01:00:00,71.995,97.48,79.1125,27.12
2020-12-13 02:00:00,69.61999999999999,97.0,78.46833333333335,27.07
2020-12-13 03:00:00,68.72599999999998,102.87,80.05363636363637,26.94
2020-12-13 04:00:00,65.91363636363636,101.24,81.03750000000001,26.77
2020-12-13 05:00:00,66.53545454545456,106.53,80.73416666666667,26.75
2020-12-13 06:00:00,68.026,107.0,81.14833333333334,26.84
2020-12-13 07:00:00,70.34899999999999,106.08,82.17166666666667,26.78
2020-12-13 08:00:00,67.98599999999999,111.53,83.52166666666666,26.9
2020-12-13 09:00:00,63.58599999999999,103.7,85.32916666666667,27.38
2020-12-13 10:00:00,56.67099999999999,111.3,81.67750000000002,28.1
2020-12-13 11:00:00,50.01700000000001,90.79,77.77583333333334,29.92
2020-12-13 12:00:00,45.439,100.03,75.3475,29.82
2020-12-13 13:00:00,45.450909090909086,91.78,73.62750000000001,30.4
2020-12-13 14:00:00,44.841818181818184,99.3,74.9975,30.36
2020-12-13 15:00:00,48.45,123.91,77.9975,29.51
2020-12-13 16:00:00,46.39454545454546,128.76,80.59333333333332,28.71
2020-12-13 17:00:00,45.045454545454554,114.25,82.46416666666669,27.37
2020-12-13 18:00:00,49.45727272727272,106.56,80.71999999999998,26.92
2020-12-13 19:00:00,57.18699999999999,107.84,79.93636363636364,26.96
2020-12-13 20:00:00,63.562,127.31,80.04666666666667,27.29
2020-12-13 21:00:00,67.074,145.6,81.1225,27.38
2020-12-13 22:00:00,68.80444444444444,140.55,80.94818181818181,27.13
2020-12-13 23:00:00,72.038,125.28,81.31250000000001,27.02
2020-12-14 00:00:00,72.93,129.53,82.65727272727273,26.9
2020-12-14 01:00:00,66.47900000000001,118.93,85.89333333333333,26.86
2020-12-14 02:00:00,67.309,142.82,88.38166666666667,25.83
2020-12-14 03:00:00,65.994,106.27,88.91750000000002,25.33
2020-12-14 04:00:00,60.55818181818183,98.4,90.12833333333333,25.24
2020-12-14 05:00:00,51.327,84.21,91.73333333333333,25.39
2020-12-14 06:00:00,36.12636363636364,76.55,92.86333333333333,25.45
2020-12-14 07:00:00,32.968,69.55,92.44833333333332,25.41
2020-12-14 08:00:00,32.763,69.0,93.32166666666666,25.58
2020-12-14 09:00:00,32.89333333333334,81.95,93.84166666666665,25.92
2020-12-14 10:00:00,30.863999999999997,82.08,92.90250000000002,26.35
2020-12-14 11:00:00,33.13909090909091,67.29,90.19363636363637,27.06
2020-12-14 12:00:00,35.03727272727273,53.09,86.94999999999999,28.47
2020-12-14 13:00:00,35.05777777777777,55.69,81.39999999999999,29.07
2020-12-14 14:00:00,40.318000000000005,64.3,77.57,29.91
2020-12-14 15:00:00,43.163,69.58,79.01545454545455,30.22
2020-12-14 16:00:00,46.025454545454544,75.52,79.30583333333334,29.86
2020-12-14 17:00:00,45.081818181818186,96.29,80.93083333333333,29.72
2020-12-14 18:00:00,47.65,82.82,86.16909090909093,28.76
2020-12-14 19:00:00,43.877272727272725,94.91,87.34583333333335,27.89
2020-12-14 20:00:00,43.980909090909094,97.69,88.10083333333334,27.63
2020-12-14 21:00:00,55.74363636363637,125.5,88.34083333333332,27.23
2020-12-14 22:00:00,60.539,142.75,89.27416666666666,26.66
2020-12-14 23:00:00,70.05454545454546,151.36,89.68416666666667,26.34
2020-12-15 00:00:00,73.96545454545455,129.93,89.865,26.12
2020-12-15 01:00:00,74.797,131.69,89.65666666666665,25.93
2020-12-15 02:00:00,79.842,138.45,89.34272727272727,25.62
2020-12-15 03:00:00,82.425,137.16,89.84181818181818,25.24
2020-12-15 04:00:00,77.175,147.15,90.0409090909091,24.95
2020-12-15 05:00:00,72.929,148.0,90.27181818181818,24.59
2020-12-15 06:00:00,72.92099999999999,151.68,90.66,24.38
2020-12-15 07:00:00,81.0911111111111,171.42,90.00636363636364,24.64
2020-12-15 08:00:00,80.68444444444445,148.25,86.12727272727273,24.91
2020-12-15 09:00:00,79.447,120.18,79.67166666666667,25.4
2020-12-15 10:00:00,78.921,88.58,73.69333333333334,26.73
2020-12-15 11:00:00,76.26818181818182,92.45,71.48666666666666,29.48
2020-12-15 12:00:00,76.55454545454545,108.2,71.6375,33.34
2020-12-15 13:00:00,71.51916666666666,119.28,71.11749999999999,36.4
2020-12-15 14:00:00,74.84416666666667,134.301,71.07833333333333,30.87666666666666
2020-12-15 15:00:00,93.2275,131.0,72.38666666666667,35.69
2020-12-15 16:00:00,87.81818181818183,118.0,75.36166666666666,34.91
2020-12-15 17:00:00,86.7572727272727,139.21,78.73,32.65
2020-12-15 18:00:00,82.28999999999999,147.022,82.41166666666666,26.55916666666667
2020-12-15 19:00:00,81.13181818181818,141.59599999999998,84.75583333333334,25.985833333333336
2020-12-15 20:00:00,89.364,153.084,85.12916666666666,25.700833333333332
2020-12-15 21:00:00,96.42,174.66199999999998,85.76499999999999,25.33583333333333
2020-12-15 22:00:00,101.9888888888889,183.156,87.245,24.806666666666672
2020-12-15 23:00:00,107.6875,197.3,88.24833333333332,24.351666666666663
2020-12-16 00:00:00,106.11777777777779,186.46777777777777,89.03166666666668,24.009166666666662
2020-12-16 01:00:00,107.24555555555555,181.6277777777778,89.63583333333334,23.76166666666667
2020-12-16 02:00:00,106.16888888888889,181.21555555555557,90.11416666666668,23.506666666666664
2020-12-16 03:00:00,103.76555555555555,174.92888888888888,90.2790909090909,23.39272727272727
2020-12-16 04:00:00,96.99600000000001,157.51900000000003,89.69833333333332,23.140833333333333
2020-12-16 05:00:00,94.9388888888889,154.10444444444445,88.8775,23.12666666666667
2020-12-16 06:00:00,87.22900000000001,148.80555555555554,89.4325,22.86833333333333
2020-12-16 07:00:00,92.273,153.79699999999997,90.1925,22.78916666666667
2020-12-16 08:00:00,93.889,162.053,87.44333333333333,24.135
2020-12-16 09:00:00,100.518,151.0,80.36333333333333,26.3
2020-12-16 10:00:00,107.08100000000002,166.68,74.41583333333334,27.98
2020-12-16 11:00:00,100.80199999999999,160.62,69.6875,30.34
2020-12-16 12:00:00,88.909,165.91,66.78916666666667,33.04
2020-12-16 13:00:00,95.0,132.98,65.36818181818181,35.84
2020-12-16 14:00:00,94.08,124.47,69.93333333333335,36.11
2020-12-16 15:00:00,91.25,135.07,69.16538461538462,35.88
2020-12-16 16:00:00,89.17,115.71,74.36285714285714,35.2
2020-12-16 17:00:00,92.68,135.25,78.67785714285715,33.28
2020-12-16 18:00:00,124.17,153.29749999999999,81.8092857142857,26.63285714285714
2020-12-16 19:00:00,174.81,166.34083333333336,84.27,25.807692307692303
2020-12-16 20:00:00,140.38,174.65545454545457,84.86153846153846,25.322307692307692
2020-12-16 21:00:00,125.08,188.21083333333334,85.65846153846155,24.846923076923076
2020-12-16 22:00:00,131.33,186.61916666666664,86.42846153846153,24.553076923076922
2020-12-16 23:00:00,144.83,201.05545454545452,86.78916666666667,24.314999999999998
2020-12-17 00:00:00,146.0,154.85,88.22461538461538,27.22
2020-12-17 01:00:00,143.25,153.08,88.97538461538464,26.87
2020-12-17 02:00:00,147.58,153.0,89.09538461538462,26.41
2020-12-17 03:00:00,156.25,161.3,89.33384615384612,25.84
2020-12-17 04:00:00,97.04545454545455,160.15,89.02461538461537,25.41
2020-12-17 05:00:00,92.55916666666667,148.0,89.67,25.15
2020-12-17 06:00:00,92.995,144.31,89.19692307692307,24.91
2020-12-17 07:00:00,92.48083333333334,155.99,87.60307692307691,24.86
2020-12-17 08:00:00,96.53416666666665,179.99,83.74749999999999,25.74
2020-12-17 09:00:00,96.2075,155.07,75.45384615384614,27.12
2020-12-17 10:00:00,94.7325,149.31,66.66714285714285,29.37
2020-12-17 11:00:00,91.30666666666667,150.84,61.9507142857143,32.24
2020-12-17 12:00:00,80.85909090909091,141.78,56.35230769230769,34.99
2020-12-17 13:00:00,75.89636363636365,117.02,60.47153846153845,37.6
2020-12-17 14:00:00,80.64307692307692,102.0,62.676923076923075,37.69
2020-12-17 15:00:00,85.21307692307693,94.62,65.70153846153846,36.69
2020-12-17 16:00:00,88.89923076923075,75.56,70.44083333333333,35.51
2020-12-17 17:00:00,87.4375,129.33,77.3753846153846,32.85
2020-12-17 18:00:00,92.98083333333334,203.88,79.22250000000001,30.58
2020-12-17 19:00:00,94.44636363636364,225.68,81.89,29.16
2020-12-17 20:00:00,100.75818181818181,274.95,84.43916666666667,28.65
2020-12-17 21:00:00,115.2375,281.77,86.9676923076923,28.76
2020-12-17 22:00:00,120.55000000000001,167.3,87.55692307692308,28.67
2020-12-17 23:00:00,123.56090909090908,141.4,88.16166666666668,28.05
2020-12-18 00:00:00,120.59166666666665,139.08,89.18615384615386,27.38
2020-12-18 01:00:00,115.89499999999998,133.47,89.35461538461536,26.6
2020-12-18 02:00:00,116.52076923076926,140.38,89.64153846153846,25.87
2020-12-18 03:00:00,107.94916666666667,145.62,89.25384615384615,25.37
2020-12-18 04:00:00,95.97692307692306,130.32,87.86846153846153,24.98
2020-12-18 05:00:00,84.89230769230768,111.42,86.07000000000001,24.68
2020-12-18 06:00:00,82.74846153846154,131.28,85.30076923076922,24.36
2020-12-18 07:00:00,84.74749999999999,119.17,84.17916666666667,24.52
2020-12-18 08:00:00,90.86846153846156,151.2,78.15846153846154,25.32
2020-12-18 09:00:00,87.52384615384615,150.31,69.55153846153846,27.22
2020-12-18 10:00:00,84.87285714285714,160.16,61.526923076923076,29.82
2020-12-18 11:00:00,79.37428571428572,162.92,56.16214285714286,33.35
2020-12-18 12:00:00,74.58142857142856,133.4,51.33461538461539,36.59
2020-12-18 13:00:00,63.88428571428572,123.62,50.69571428571428,38.24
2020-12-18 14:00:00,56.69071428571427,77.0,56.509285714285724,38.09
2020-12-18 15:00:00,58.775,83.45,60.26,36.67
2020-12-18 16:00:00,64.70214285714286,96.03,63.86142857142856,35.58
2020-12-18 17:00:00,71.17285714285715,110.51,68.8457142857143,33.98
2020-12-18 18:00:00,77.27714285714285,197.0,75.96785714285714,30.67
2020-12-18 19:00:00,82.22571428571429,231.62,80.6207142857143,30.17
2020-12-18 20:00:00,85.97615384615385,182.26,82.05571428571429,30.06
2020-12-18 21:00:00,89.0823076923077,150.81,80.85928571428573,29.27
2020-12-18 22:00:00,91.02928571428572,175.0,79.3142857142857,28.05
2020-12-18 23:00:00,87.58500000000001,201.0,79.38,27.43
2020-12-19 00:00:00,83.11857142857143,189.0,81.45785714285715,26.69
2020-12-19 01:00:00,76.9546153846154,191.53,82.30714285714286,26.21
2020-12-19 02:00:00,79.95857142857143,158.7,82.33076923076925,25.08
2020-12-19 03:00:00,83.14307692307692,120.0,82.53071428571427,24.33
2020-12-19 04:00:00,80.35076923076923,109.02,82.0035714285714,23.96
2020-12-19 05:00:00,75.80692307692307,134.16363636363636,80.27642857142857,22.916428571428572
2020-12-19 06:00:00,71.56214285714286,81.0,79.09714285714286,23.64
2020-12-19 07:00:00,75.62714285714286,97.94,77.49714285714286,23.81
2020-12-19 08:00:00,77.61769230769231,135.0,73.01785714285714,25.06
2020-12-19 09:00:00,78.98769230769231,184.11,63.84285714285715,25.66
2020-12-19 10:00:00,77.16071428571429,169.94,57.56214285714287,29.45
2020-12-19 11:00:00,77.95857142857142,144.02,52.702857142857134,32.59
2020-12-19 12:00:00,72.20071428571427,144.77,48.771428571428565,34.69
2020-12-19 13:00:00,63.208461538461535,127.42,45.019999999999996,36.5
2020-12-19 14:00:00,56.29285714285714,119.55,41.87461538461538,36.62
2020-12-19 15:00:00,53.46499999999999,105.17,42.23285714285714,35.4
2020-12-19 16:00:00,53.693571428571424,108.0,48.06642857142857,34.53
2020-12-19 17:00:00,59.39307692307692,127.37,61.26666666666666,32.76
2020-12-19 18:00:00,66.38538461538461,257.69,70.65692307692308,31.51
2020-12-19 19:00:00,77.82538461538462,244.59,74.84846153846154,30.8
2020-12-19 20:00:00,84.65076923076921,183.4,74.87916666666668,29.51
2020-12-19 21:00:00,92.14333333333333,265.0,75.48583333333333,28.19
2020-12-19 22:00:00,94.87153846153848,251.12,75.19230769230771,27.84
2020-12-19 23:00:00,96.96230769230768,224.67,76.19153846153847,27.23
2020-12-20 00:00:00,95.43538461538462,202.43,74.59538461538463,25.91
2020-12-20 01:00:00,86.09636363636365,178.84,74.6246153846154,25.52
2020-12-20 02:00:00,83.88833333333334,133.66,75.12615384615384,24.82
2020-12-20 03:00:00,84.52666666666667,118.01,73.52769230769232,24.4
2020-12-20 04:00:00,82.79583333333332,117.0,71.60153846153847,24.11
2020-12-20 05:00:00,78.66499999999999,109.62,70.91307692307693,23.57
2020-12-20 06:00:00,80.47333333333334,115.45,71.86923076923077,23.41
2020-12-20 07:00:00,81.9923076923077,117.85,72.08692307692307,22.88
2020-12-20 08:00:00,86.69692307692307,131.83,67.15538461538462,24.19
2020-12-20 09:00:00,84.57666666666667,150.54,59.93666666666666,26.74
2020-12-20 10:00:00,77.4675,150.0,51.51,29.88
2020-12-20 11:00:00,67.98583333333333,122.0,46.88181818181818,31.85
2020-12-20 12:00:00,58.42249999999999,119.0,43.62,35.5
2020-12-20 13:00:00,55.9,103.28,41.74363636363636,36.81
2020-12-20 14:00:00,52.36000000000001,93.69,40.64909090909091,37.41
2020-12-20 15:00:00,52.86727272727273,92.08,42.22416666666667,35.98
2020-12-20 16:00:00,50.99916666666667,83.0,48.59916666666667,34.94
2020-12-20 17:00:00,55.03833333333333,118.09,56.38,33.06
2020-12-20 18:00:00,59.058181818181815,179.17,68.88454545454546,30.75
2020-12-20 19:00:00,58.82181818181818,171.07,71.11454545454546,29.09
2020-12-20 20:00:00,64.91,179.22,75.89999999999999,27.95
2020-12-20 21:00:00,72.37166666666667,360.0,77.96916666666665,27.22
2020-12-20 22:00:00,70.675,372.91,78.45090909090908,26.97
2020-12-20 23:00:00,76.21636363636364,184.72,79.9909090909091,26.48
2020-12-21 00:00:00,82.77333333333334,164.0,79.3625,24.44
2020-12-21 01:00:00,84.56181818181818,199.15,79.235,23.85
2020-12-21 02:00:00,82.13749999999999,163.0,79.63666666666667,22.9
2020-12-21 03:00:00,80.78583333333333,140.0,76.4825,22.71
2020-12-21 04:00:00,76.16916666666667,123.0,75.89666666666666,21.86
2020-12-21 05:00:00,79.22083333333333,96.35,76.98166666666667,21.31
2020-12-21 06:00:00,79.74181818181819,93.87,76.58833333333332,20.99
2020-12-21 07:00:00,74.11999999999999,99.92,72.52545454545455,21.46
2020-12-21 08:00:00,69.72818181818182,136.7,64.21416666666669,22.55
2020-12-21 09:00:00,65.10416666666666,162.0,55.31999999999999,25.1
2020-12-21 10:00:00,60.63230769230769,205.47,45.78769230769231,28.35
2020-12-21 11:00:00,53.669230769230765,144.25,42.24428571428571,31.84
2020-12-21 12:00:00,45.31636363636363,140.0,36.25142857142857,34.51
2020-12-21 13:00:00,37.940000000000005,91.81,33.598571428571425,36.22
2020-12-21 14:00:00,32.676153846153845,84.56,32.64142857142856,37.29
2020-12-21 15:00:00,33.79769230769231,78.0,33.223076923076924,35.02
2020-12-21 16:00:00,37.62416666666667,317.7,39.406153846153856,34.55
2020-12-21 17:00:00,38.77166666666667,126.9,49.99583333333333,32.15
2020-12-21 18:00:00,50.16230769230769,279.0,61.62538461538462,29.87
2020-12-21 19:00:00,52.34666666666667,256.8,69.9423076923077,28.41
2020-12-21 20:00:00,49.65384615384615,336.06,71.31846153846155,27.14
2020-12-21 21:00:00,53.37230769230769,357.39,69.33846153846154,26.23
2020-12-21 22:00:00,62.9023076923077,397.7,70.10923076923076,25.45
2020-12-21 23:00:00,67.44538461538461,547.15,73.22461538461539,24.77
2020-12-22 00:00:00,75.15,235.0,75.44307692307692,23.33
2020-12-22 01:00:00,74.74818181818182,186.99,77.03538461538461,22.21
2020-12-22 02:00:00,75.79923076923077,117.44,75.39615384615385,21.72
2020-12-22 03:00:00,72.50538461538461,96.25,73.96461538461539,21.09
2020-12-22 04:00:00,71.64454545454545,83.01,72.64384615384614,20.66
2020-12-22 05:00:00,69.40538461538462,75.0,70.87692307692308,20.26
2020-12-22 06:00:00,70.20153846153846,84.25,68.10538461538462,20.05
2020-12-22 07:00:00,64.88454545454546,98.83,65.67076923076924,19.87
2020-12-22 08:00:00,65.02090909090909,111.05,59.72384615384614,20.47
2020-12-22 09:00:00,63.07750000000001,130.78,50.56384615384615,22.5
2020-12-22 10:00:00,57.41076923076923,191.0,41.14999999999999,28.68615384615385
2020-12-22 11:00:00,50.80785714285714,164.33,36.87928571428572,31.72
2020-12-22 12:00:00,49.48285714285714,162.92,35.137857142857136,34.41
2020-12-22 13:00:00,44.413333333333334,106.68,33.543571428571425,35.62
2020-12-22 14:00:00,44.703076923076914,98.31,33.760714285714286,35.55
2020-12-22 15:00:00,44.70083333333333,83.23,38.857142857142854,34.64
2020-12-22 16:00:00,48.948461538461544,87.54,48.550000000000004,33.71
2020-12-22 17:00:00,51.08214285714286,172.18,57.455714285714286,31.41
2020-12-22 18:00:00,58.77785714285714,319.6,64.41214285714285,28.48
2020-12-22 19:00:00,63.732142857142854,404.78,71.12857142857142,27.37
2020-12-22 20:00:00,70.65923076923077,327.08,74.26285714285713,26.08
2020-12-22 21:00:00,66.36785714285715,411.57,74.05999999999999,25.2
2020-12-22 22:00:00,69.04923076923077,485.6,74.08357142857143,24.48
2020-12-22 23:00:00,73.66,456.77,76.19769230769231,23.76
2020-12-23 00:00:00,78.40307692307691,229.9,77.25307692307693,22.62
2020-12-23 01:00:00,78.89,188.8,78.25642857142857,21.99
2020-12-23 02:00:00,80.33,126.0,79.1542857142857,21.17
2020-12-23 03:00:00,79.35142857142857,131.55,79.48642857142856,20.43
2020-12-23 04:00:00,82.0676923076923,95.92,79.72785714285715,20.03
2020-12-23 05:00:00,90.48583333333333,81.01,79.78071428571427,19.55
2020-12-23 06:00:00,93.05583333333334,79.08,78.2,19.56
2020-12-23 07:00:00,95.24230769230768,115.08,76.49857142857142,19.37
2020-12-23 08:00:00,94.71083333333333,181.75,71.16230769230768,19.96
2020-12-23 09:00:00,98.36,147.68,60.074285714285715,23.02
2020-12-23 10:00:00,94.17846153846155,154.16,50.25285714285714,26.79
2020-12-23 11:00:00,88.92615384615384,134.74,43.86923076923077,29.42
2020-12-23 12:00:00,74.53928571428571,131.0,39.72714285714286,34.94
2020-12-23 13:00:00,65.90357142857142,146.71333333333334,39.48142857142857,35.96
2020-12-23 14:00:00,61.735,97.0,40.69428571428572,37.19
2020-12-23 15:00:00,46.0,93.0,42.74571428571428,34.82
2020-12-23 16:00:00,45.09,82.86,48.86500000000001,34.02
2020-12-23 17:00:00,52.33,130.25,56.44499999999999,31.82
2020-12-23 18:00:00,92.42,273.68,65.62615384615385,29.45
2020-12-23 19:00:00,107.0,244.3,69.43416666666667,27.86
2020-12-23 20:00:00,167.58,342.75,70.89923076923077,26.61
2020-12-23 21:00:00,226.89,469.4,72.1776923076923,25.8
2020-12-23 22:00:00,199.92,434.6,71.52461538461539,25.17
2020-12-23 23:00:00,206.17,422.68,73.3223076923077,24.28
2020-12-24 00:00:00,231.75,431.22,77.26923076923077,23.64
2020-12-24 01:00:00,204.67,367.25,78.96153846153847,22.68
2020-12-24 02:00:00,125.92,219.12,79.29076923076923,21.64
2020-12-24 03:00:00,97.0,142.32,78.61923076923077,21.21
2020-12-24 04:00:00,77.58,120.4,79.4546153846154,20.76
2020-12-24 05:00:00,72.34,105.12,78.5946153846154,20.48
2020-12-24 06:00:00,67.42,91.97,78.06307692307692,19.98
2020-12-24 07:00:00,69.74,100.23,75.79076923076924,20.16
2020-12-24 08:00:00,85.58,133.47,71.50692307692307,21.19
2020-12-24 09:00:00,87.84,151.3,61.82307692307692,23.21
2020-12-24 10:00:00,70.64,130.02,52.631428571428565,26.71
2020-12-24 11:00:00,69.92,142.8,46.12642857142857,30.03
2020-12-24 12:00:00,74.58,140.3,42.51571428571429,33.46
2020-12-24 13:00:00,65.83,138.15,41.84000000000001,35.93
2020-12-24 14:00:00,54.0,129.68,44.21214285714285,37.41
2020-12-24 15:00:00,55.0,106.0,49.57214285714286,36.02
2020-12-24 16:00:00,53.17,109.69,57.887142857142855,35.25
2020-12-24 17:00:00,60.31,187.47,66.82785714285716,32.8
2020-12-24 18:00:00,94.81,305.93,70.17,30.61
2020-12-24 19:00:00,140.04,277.07,70.86285714285715,28.84
2020-12-24 20:00:00,326.42,523.75,74.03499999999998,27.57
2020-12-24 21:00:00,345.74,531.07,77.18285714285715,27.0
2020-12-24 22:00:00,365.25,610.48,79.02142857142857,26.33
2020-12-24 23:00:00,368.83,512.48,80.66428571428571,25.75
2020-12-25 00:00:00,210.9,371.96,82.06500000000001,25.11
2020-12-25 01:00:00,181.38,279.85,83.96357142857143,24.26
2020-12-25 02:00:00,171.75,256.35,83.8753846153846,23.64
2020-12-25 03:00:00,135.36,203.29,84.0876923076923,22.71
2020-12-25 04:00:00,110.98,155.53,82.79538461538462,22.2
2020-12-25 05:00:00,87.92,130.76,80.66846153846154,21.99
2020-12-25 06:00:00,90.58,129.0,78.32153846153845,21.75
2020-12-25 07:00:00,82.78,121.6,74.3423076923077,21.99
2020-12-25 08:00:00,95.71,147.82,65.92076923076924,23.32
2020-12-25 09:00:00,102.5,155.55,56.15538461538461,26.06
2020-12-25 10:00:00,91.08,157.0,52.29142857142858,29.81
2020-12-25 11:00:00,86.34,166.23,47.861428571428576,32.73
2020-12-25 12:00:00,69.55,138.32,45.295,35.67
2020-12-25 13:00:00,69.65,133.48,41.776153846153846,37.67
2020-12-25 14:00:00,62.69,122.54,41.527857142857144,38.22
2020-12-25 15:00:00,57.42,141.02583333333334,42.87571428571429,36.8
2020-12-25 16:00:00,57.0,152.12083333333334,50.34538461538462,35.88
2020-12-25 17:00:00,57.0,190.12333333333333,58.848461538461535,33.48
2020-12-25 18:00:00,57.0,226.46,69.66153846153847,31.2
2020-12-25 19:00:00,57.0,255.48666666666668,74.57384615384615,29.99
2020-12-25 20:00:00,57.0,265.3683333333334,75.73,29.58
2020-12-25 21:00:00,57.0,250.58500000000004,76.9076923076923,28.55
2020-12-25 22:00:00,57.0,234.03750000000002,76.12285714285714,27.64
2020-12-25 23:00:00,57.0,243.50909090909087,76.57785714285714,26.96
2020-12-26 00:00:00,57.0,245.1766666666667,78.4976923076923,26.3
2020-12-26 01:00:00,57.0,237.51583333333335,79.9176923076923,25.66
2020-12-26 02:00:00,57.0,207.48583333333332,80.97153846153846,25.08
2020-12-26 03:00:00,57.0,185.8475,80.59461538461538,24.37
2020-12-26 04:00:00,57.0,195.49909090909088,79.78384615384616,24.22
2020-12-26 05:00:00,57.0,180.12181818181818,77.96538461538462,23.97
2020-12-26 06:00:00,57.0,171.6809090909091,78.35692307692307,23.51
2020-12-26 07:00:00,57.0,192.15,78.46230769230769,23.69
2020-12-26 08:00:00,57.0,227.6590909090909,73.23923076923077,24.78
2020-12-26 09:00:00,57.0,250.01909090909092,62.135000000000005,27.89
2020-12-26 10:00:00,57.0,203.01999999999998,53.07153846153846,30.79
2020-12-26 11:00:00,57.0,193.13636363636363,47.56615384615384,33.93
2020-12-26 12:00:00,57.0,169.0,45.72357142857144,35.53
2020-12-26 13:00:00,66.69,201.2875,43.720714285714294,39.01
2020-12-26 14:00:00,61.4,118.0,43.92642857142857,39.2
2020-12-26 15:00:00,60.08,107.8,46.78214285714286,37.6
2020-12-26 16:00:00,76.53928571428571,174.90083333333334,51.45642857142857,36.41
2020-12-26 17:00:00,97.75,199.85,59.50428571428571,34.25
2020-12-26 18:00:00,115.59,263.35,68.36,32.19
2020-12-26 19:00:00,122.57,219.9,74.5,30.84
2020-12-26 20:00:00,155.9,266.88,78.8057142857143,29.42
2020-12-26 21:00:00,160.83,253.48,80.775,28.68
2020-12-26 22:00:00,186.59,298.25,81.37642857142858,28.32
2020-12-26 23:00:00,163.49,270.49,80.16642857142858,27.45
2020-12-27 00:00:00,147.29,260.6,80.11285714285714,26.76
2020-12-27 01:00:00,142.34,223.93,80.90857142857143,26.46
2020-12-27 02:00:00,137.43,198.8,81.72857142857141,25.78
2020-12-27 03:00:00,164.42,233.07,80.45846153846153,24.89
2020-12-27 04:00:00,135.01,184.2,79.07615384615384,24.53
2020-12-27 05:00:00,131.09,177.22,79.40928571428572,24.52
2020-12-27 06:00:00,120.95,156.65,80.15999999999998,24.11
2020-12-27 07:00:00,117.26,153.15,80.84142857142857,24.1
2020-12-27 08:00:00,117.91,166.88,77.40357142857144,24.96
2020-12-27 09:00:00,113.43,170.78,70.17571428571428,26.95
2020-12-27 10:00:00,123.97,182.1,62.43785714285714,28.84
2020-12-27 11:00:00,115.83,169.31,60.05499999999999,31.27
2020-12-27 12:00:00,104.0,155.9,59.42,34.72
2020-12-27 13:00:00,118.53,172.57,58.83846153846154,36.62
2020-12-27 14:00:00,99.83,170.3,60.744615384615386,37.36
2020-12-27 15:00:00,93.43,134.85,60.98307692307692,36.22
2020-12-27 16:00:00,75.64,130.15,61.970000000000006,35.22
2020-12-27 17:00:00,57.5,112.42,66.45615384615385,33.7
2020-12-27 18:00:00,99.87,167.43,73.22461538461539,31.68
2020-12-27 19:00:00,116.8,195.08,77.72153846153846,30.14
2020-12-27 20:00:00,139.02,227.43,77.76461538461538,29.35
2020-12-27 21:00:00,139.17,211.53,77.20307692307692,28.33
2020-12-27 22:00:00,115.24,181.32,77.66461538461539,27.3
2020-12-27 23:00:00,89.17,154.03,78.74333333333333,26.69
2020-12-28 00:00:00,76.95,143.68,77.66923076923078,26.24
2020-12-28 01:00:00,66.83,119.88,76.78818181818183,25.91
2020-12-28 02:00:00,63.26,100.42,74.4176923076923,25.32
2020-12-28 03:00:00,56.6,87.9,73.7325,24.66
2020-12-28 04:00:00,52.34,88.85,75.42416666666666,23.88
2020-12-28 05:00:00,60.23,89.93,74.4723076923077,22.78
2020-12-28 06:00:00,75.62,111.34,72.30307692307693,22.19
2020-12-28 07:00:00,87.05,129.7,69.29692307692306,21.92
2020-12-28 08:00:00,94.4,153.2,64.25846153846155,22.82
2020-12-28 09:00:00,93.17,164.25,57.55666666666667,24.86
2020-12-28 10:00:00,74.72,145.57,47.43642857142858,27.02
2020-12-28 11:00:00,63.02,142.16,42.698571428571434,29.26
2020-12-28 12:00:00,54.8,119.16,41.175,32.45
2020-12-28 13:00:00,42.89,102.0,40.90615384615384,34.9
2020-12-28 14:00:00,46.57,106.56,42.93214285714286,35.32
2020-12-28 15:00:00,36.03,79.25,45.323571428571434,34.0
2020-12-28 16:00:00,28.6,71.45,50.23285714285714,33.43
2020-12-28 17:00:00,35.31,83.95,54.90857142857142,31.58
2020-12-28 18:00:00,43.31,112.75,60.265,29.54
2020-12-28 19:00:00,44.0,136.28,63.2407142857143,28.05
2020-12-28 20:00:00,43.09,137.07,64.10928571428572,27.12
2020-12-28 21:00:00,55.8,164.0,65.87357142857142,25.93
2020-12-28 22:00:00,64.31,181.57,66.92785714285715,25.23
2020-12-28 23:00:00,65.0,182.07,67.22571428571429,24.79
2020-12-29 00:00:00,64.09,170.1,67.24,24.21
2020-12-29 01:00:00,53.03,152.25,68.43214285714286,22.89
2020-12-29 02:00:00,77.59,184.3,71.04285714285714,22.1
2020-12-29 03:00:00,80.0,175.9,72.69142857142857,21.66
2020-12-29 04:00:00,81.83,174.07,73.22857142857143,20.86
2020-12-29 05:00:00,79.26,155.5,73.40071428571427,20.48
2020-12-29 06:00:00,72.6,142.0,74.08428571428571,20.05
2020-12-29 07:00:00,85.75,173.45,75.93500000000002,20.01
2020-12-29 08:00:00,109.85,202.82,70.18285714285713,20.97
2020-12-29 09:00:00,105.6,203.15,58.78615384615385,22.94
2020-12-29 10:00:00,103.17,211.35,50.12285714285715,26.21
2020-12-29 11:00:00,97.55,211.08,47.857692307692304,28.76
2020-12-29 12:00:00,87.86,206.38,48.47071428571427,32.22
2020-12-29 13:00:00,67.81,158.0,49.22071428571429,35.53
2020-12-29 14:00:00,59.6,143.16,51.72785714285715,35.9
2020-12-29 15:00:00,90.77,179.19,56.08071428571428,35.01
2020-12-29 16:00:00,64.75,140.1,62.50769230769231,34.16
2020-12-29 17:00:00,77.53,180.25,66.45142857142856,31.56
2020-12-29 18:00:00,100.93,223.9,71.39785714285713,29.28
2020-12-29 19:00:00,126.76,270.48,75.88285714285715,27.74
2020-12-29 20:00:00,185.66,353.0,78.11500000000001,26.98
2020-12-29 21:00:00,178.2,350.22,79.23,27.0
2020-12-29 22:00:00,103.89,223.0,79.51285714285713,26.56
2020-12-29 23:00:00,81.42,209.31,80.21071428571429,25.84
2020-12-30 00:00:00,74.52,184.8,81.06214285714286,25.09
2020-12-30 01:00:00,72.19,170.1,81.25714285714287,24.07
2020-12-30 02:00:00,76.57,180.0,80.42428571428572,23.57
2020-12-30 03:00:00,86.17,181.85,80.05928571428572,22.96
2020-12-30 04:00:00,93.4,190.56,80.55428571428571,22.51
2020-12-30 05:00:00,99.48,196.25,80.46785714285716,22.0
2020-12-30 06:00:00,113.71,204.42,80.87071428571429,21.5
2020-12-30 07:00:00,109.53,202.22,80.31285714285714,21.15
2020-12-30 08:00:00,135.5,262.0,74.59142857142857,22.11
2020-12-30 09:00:00,142.57,337.0,66.72428571428571,24.13
2020-12-30 10:00:00,134.75,275.8,60.582857142857144,26.21
2020-12-30 11:00:00,119.42,228.93,57.59642857142858,29.62
2020-12-30 12:00:00,106.12,215.0,57.016428571428555,33.35
2020-12-30 13:00:00,99.52,206.68,58.39571428571429,35.94
2020-12-30 14:00:00,95.34,189.85,58.224285714285706,36.83
2020-12-30 15:00:00,97.81,187.0,60.957857142857144,35.74
2020-12-30 16:00:00,118.05,246.74,65.45785714285715,34.78
2020-12-30 17:00:00,124.57,234.8,68.9057142857143,32.1
2020-12-30 18:00:00,85.59857142857143,208.64846153846153,73.29714285714286,25.52285714285714
2020-12-30 19:00:00,94.69214285714285,211.94538461538463,77.33214285714284,28.03
2020-12-30 20:00:00,103.35230769230769,226.40846153846158,78.62142857142858,28.64
2020-12-30 21:00:00,126.0,236.0,78.91000000000001,27.92
2020-12-30 22:00:00,124.17,223.97,79.53357142857143,27.01
2020-12-30 23:00:00,126.74,223.0,79.63857142857144,25.91
2020-12-31 00:00:00,128.83,256.3,79.54214285714285,25.61
2020-12-31 01:00:00,104.4,180.38,81.75285714285714,24.93
2020-12-31 02:00:00,124.85,203.69,82.79,24.2
2020-12-31 03:00:00,123.34,209.71,82.94785714285716,23.68
2020-12-31 04:00:00,138.53,213.71,81.36428571428571,23.37
2020-12-31 05:00:00,133.6,197.35,80.9207142857143,22.94
2020-12-31 06:00:00,119.29,179.3,80.72285714285714,22.51
2020-12-31 07:00:00,111.6,164.12,79.62785714285714,22.18
2020-12-31 08:00:00,114.66,168.57,73.90428571428572,23.04
2020-12-31 09:00:00,134.19,205.07,64.7357142857143,25.73
2020-12-31 10:00:00,129.6,222.8,58.50928571428572,29.59
2020-12-31 11:00:00,105.31,200.83,54.254999999999995,32.55
2020-12-31 12:00:00,87.47,166.53,51.495000000000005,35.62
2020-12-31 13:00:00,75.95,176.03,48.756428571428565,37.43
2020-12-31 14:00:00,73.17,140.0,47.74,38.23
2020-12-31 15:00:00,60.2,127.72,50.143846153846155,37.31
2020-12-31 16:00:00,72.71,131.62,56.10571428571428,36.41
2020-12-31 17:00:00,79.5,169.11,64.51,34.17
2020-12-31 18:00:00,101.93,266.63,72.33214285714286,31.89
2020-12-31 19:00:00,145.0,415.52,75.8057142857143,30.64
2020-12-31 20:00:00,212.97,365.0,75.55642857142857,29.7
2020-12-31 21:00:00,190.67,303.05,75.76357142857144,29.14
2020-12-31 22:00:00,205.37,307.35,76.76857142857143,28.59
2020-12-31 23:00:00,212.48,329.34,78.69285714285715,27.92
2021-01-01 00:00:00,229.4,343.06,80.99571428571429,27.31
2021-01-01 01:00:00,247.45,383.89,83.59142857142858,26.95
2021-01-01 02:00:00,257.23,371.18,84.31076923076922,26.52
2021-01-01 03:00:00,194.94,268.25,84.76384615384615,25.79
2021-01-01 04:00:00,145.27,202.65,85.16307692307691,25.18
2021-01-01 05:00:00,118.22,183.2,84.46076923076923,25.06
2021-01-01 06:00:00,127.88,177.36,83.47692307692309,24.95
2021-01-01 07:00:00,127.18,176.07,83.09615384615384,24.98
2021-01-01 08:00:00,133.39,206.62,78.85538461538461,25.85
2021-01-01 09:00:00,134.91,202.53,71.45538461538462,28.08
2021-01-01 10:00:00,157.78,399.95,60.79615384615385,31.33
2021-01-01 11:00:00,117.96,197.0,55.56230769230769,34.69
2021-01-01 12:00:00,94.81,163.6,53.41384615384615,36.45
2021-01-01 13:00:00,90.80230769230769,172.80666666666664,52.861538461538466,32.323076923076925
2021-01-01 14:00:00,86.30000000000001,175.9608333333333,57.35357142857141,32.25857142857142
2021-01-01 15:00:00,89.9130769230769,175.90384615384616,61.93642857142858,30.92214285714286
2021-01-01 16:00:00,86.12846153846155,166.66615384615383,67.27642857142857,29.744285714285716
2021-01-01 17:00:00,92.11538461538461,169.87461538461537,72.32000000000001,28.667857142857144
2021-01-01 18:00:00,105.72461538461539,181.7723076923077,77.515,27.500714285714285
2021-01-01 19:00:00,118.84692307692306,202.73461538461535,78.84642857142855,26.77
2021-01-01 20:00:00,120.95833333333333,212.85583333333332,78.79357142857144,26.39928571428572
2021-01-01 21:00:00,119.545,205.5958333333333,78.83928571428571,26.165
2021-01-01 22:00:00,125.54076923076924,209.54666666666662,80.01785714285714,25.793571428571422
2021-01-01 23:00:00,128.52538461538464,225.6191666666667,81.6707142857143,25.608571428571423
2021-01-02 00:00:00,127.46249999999999,228.33166666666668,83.02214285714285,25.357142857142858
2021-01-02 01:00:00,121.44545454545455,223.97833333333335,84.12928571428571,24.95214285714286
2021-01-02 02:00:00,124.10666666666664,218.7083333333333,85.14928571428572,24.630714285714284
2021-01-02 03:00:00,124.3627272727273,212.93818181818185,86.67384615384617,24.31692307692308
2021-01-02 04:00:00,119.02999999999999,210.34454545454545,86.64153846153846,24.24230769230769
2021-01-02 05:00:00,111.78909090909092,186.83545454545455,86.49230769230768,24.113846153846154
2021-01-02 06:00:00,115.20272727272727,187.00999999999996,86.24846153846154,24.08230769230769
2021-01-02 07:00:00,123.7590909090909,210.67000000000004,85.84769230769231,24.163076923076922
2021-01-02 08:00:00,142.05499999999998,259.96636363636367,84.00076923076924,25.092307692307692
2021-01-02 09:00:00,143.65916666666666,247.3509090909091,79.65384615384616,26.939230769230768
2021-01-02 10:00:00,211.76,307.39,75.51846153846155,31.14
2021-01-02 11:00:00,206.6,316.5,71.58500000000001,33.59
2021-01-02 12:00:00,181.32,272.47,69.23642857142858,35.33
2021-01-02 13:00:00,149.84,237.55,69.30142857142859,35.82
2021-01-02 14:00:00,126.95,219.25,69.46928571428573,35.53
2021-01-02 15:00:00,117.71,204.12,70.045,34.9
2021-01-02 16:00:00,135.22,211.32,72.57928571428572,33.68
2021-01-02 17:00:00,144.31,215.71,75.0307142857143,31.75
2021-01-02 18:00:00,158.67,240.12,76.56,30.32
2021-01-02 19:00:00,193.71,282.8,78.63307692307693,29.46
2021-01-02 20:00:00,218.01,341.11,78.99166666666667,28.75
2021-01-02 21:00:00,202.69,309.75,77.74923076923076,28.33
2021-01-02 22:00:00,196.44,292.15,78.0976923076923,28.01
2021-01-02 23:00:00,145.74,215.85,79.39000000000001,27.48
2021-01-03 00:00:00,134.62,196.12,80.82153846153847,26.9
2021-01-03 01:00:00,135.82,192.22,82.15461538461537,26.68
2021-01-03 02:00:00,145.14,200.35,82.87076923076921,26.3
2021-01-03 03:00:00,146.91,210.27,83.41076923076922,25.87
2021-01-03 04:00:00,148.83,208.22,83.58538461538461,25.39
2021-01-03 05:00:00,163.58,220.97,83.65538461538462,24.98
2021-01-03 06:00:00,175.02,249.83,84.24000000000001,24.85
2021-01-03 07:00:00,178.74,245.5,84.63538461538461,24.56
2021-01-03 08:00:00,199.1,271.9,81.8323076923077,25.21
2021-01-03 09:00:00,190.07,262.88,74.94615384615385,26.42
2021-01-03 10:00:00,189.0,273.12,68.72076923076924,28.55
2021-01-03 11:00:00,164.4,238.75,65.87769230769231,31.77
2021-01-03 12:00:00,149.25,230.43,64.82153846153845,35.06
2021-01-03 13:00:00,124.31,191.96,62.50076923076924,37.37
2021-01-03 14:00:00,118.36,196.41,61.54384615384615,37.63
2021-01-03 15:00:00,110.71,181.23,62.399230769230755,35.81
2021-01-03 16:00:00,145.53,252.37,64.92000000000002,34.28
2021-01-03 17:00:00,152.65,263.13,67.66923076923078,31.78
2021-01-03 18:00:00,156.65,259.36,72.23692307692309,30.04
2021-01-03 19:00:00,164.29,265.0,74.05846153846154,28.38
2021-01-03 20:00:00,160.43,257.58,74.05307692307693,27.82
2021-01-03 21:00:00,167.31,277.41,73.87153846153846,27.38
2021-01-03 22:00:00,109.51,198.28,73.12538461538462,26.91
2021-01-03 23:00:00,101.27,187.0,72.13076923076923,26.49
2021-01-04 00:00:00,102.83,176.8,72.99307692307693,26.2
2021-01-04 01:00:00,109.39,168.56,74.48923076923077,26.19
2021-01-04 02:00:00,108.17,168.0,76.46923076923076,26.11
2021-01-04 03:00:00,114.39,166.14,77.73384615384616,25.82
2021-01-04 04:00:00,118.64,173.42,78.62538461538462,25.24
2021-01-04 05:00:00,124.48,177.0,79.3146153846154,24.82
2021-01-04 06:00:00,122.27,173.29,80.00461538461538,24.98
2021-01-04 07:00:00,133.84,188.81,80.06461538461538,25.07
2021-01-04 08:00:00,159.66,228.97,78.71384615384616,25.32
2021-01-04 09:00:00,153.8,238.5,75.46923076923078,26.65
2021-01-04 10:00:00,146.62,248.28,68.53461538461539,28.21
2021-01-04 11:00:00,152.38,243.83,64.78999999999999,29.86
2021-01-04 12:00:00,141.16,227.18,62.93833333333333,32.43
2021-01-04 13:00:00,138.18,237.21,61.739999999999995,28.268571428571427
2021-01-04 14:00:00,148.8,254.17,61.73076923076924,33.54
2021-01-04 15:00:00,159.07,274.67,61.63153846153846,33.09
2021-01-04 16:00:00,148.16,257.18,63.39642857142859,32.56
2021-01-04 17:00:00,147.0,267.9,69.55999999999999,31.9
2021-01-04 18:00:00,169.78,307.04,74.28461538461536,29.97
2021-01-04 19:00:00,164.8,262.33,77.59785714285715,28.71
2021-01-04 20:00:00,191.4,311.01,76.33928571428571,28.26
2021-01-04 21:00:00,215.92,332.97,71.85857142857142,27.97
2021-01-04 22:00:00,192.49,292.39,72.88214285714285,27.46
2021-01-04 23:00:00,179.14,258.55,73.91357142857144,26.95
2021-01-05 00:00:00,184.38,276.0,74.38857142857144,26.77
2021-01-05 01:00:00,186.83,277.86,74.32000000000001,26.82
2021-01-05 02:00:00,159.58,225.12,74.26142857142857,26.56
2021-01-05 03:00:00,172.49,241.64,75.06428571428572,26.08
2021-01-05 04:00:00,152.08,205.64,76.27214285714285,25.59
2021-01-05 05:00:00,149.09,214.77,76.67214285714286,25.33
2021-01-05 06:00:00,148.09,214.0,76.01357142857145,25.19
2021-01-05 07:00:00,166.46,238.77,74.73785714285715,25.41
2021-01-05 08:00:00,207.3,290.76,73.66,25.51
2021-01-05 09:00:00,174.56,262.82,69.46642857142858,26.47
2021-01-05 10:00:00,179.22,369.48,65.21714285714286,28.04
2021-01-05 11:00:00,180.91,310.0,63.14928571428571,30.54
2021-01-05 12:00:00,177.37,290.56,61.54642857142857,32.46
2021-01-05 13:00:00,142.38,227.97,62.24571428571429,35.06
2021-01-05 14:00:00,116.22,192.02,62.52642857142856,35.71
2021-01-05 15:00:00,113.09,188.15,64.94076923076923,35.31
2021-01-05 16:00:00,103.89,170.37,66.12615384615385,33.75
2021-01-05 17:00:00,165.15,284.05,69.66142857142857,31.99
2021-01-05 18:00:00,185.58,335.68,74.48538461538462,30.31
2021-01-05 19:00:00,220.71,356.11,76.34923076923077,29.09
2021-01-05 20:00:00,261.47,394.25,76.33846153846156,28.6
2021-01-05 21:00:00,206.55,318.14,76.17538461538462,28.47
2021-01-05 22:00:00,158.05,242.42,76.3276923076923,27.78
2021-01-05 23:00:00,166.75,243.84,77.80384615384615,27.43
2021-01-06 00:00:00,188.95,264.55,79.8623076923077,26.97
2021-01-06 01:00:00,210.13,295.0,79.96538461538461,26.45
2021-01-06 02:00:00,190.13,242.12,79.16818181818181,26.12
2021-01-06 03:00:00,167.05,230.56,76.64166666666668,25.81
2021-01-06 04:00:00,157.69,220.59,74.88000000000001,25.42
2021-01-06 05:00:00,143.33,218.07,73.84333333333333,24.82
2021-01-06 06:00:00,149.29,218.93,73.68199999999999,24.38
2021-01-06 07:00:00,157.28,216.21,73.65363636363635,24.23
2021-01-06 08:00:00,169.84,241.44,71.64833333333334,24.38
2021-01-06 09:00:00,170.09,259.42,67.26833333333333,25.97
2021-01-06 10:00:00,175.47,270.26,63.92846153846154,27.69
2021-01-06 11:00:00,176.0,284.0,61.22153846153845,30.14
2021-01-06 12:00:00,166.89,254.0,59.50307692307692,32.92
2021-01-06 13:00:00,148.63,243.8,59.1025,34.85
2021-01-06 14:00:00,129.69,204.96,61.42333333333334,36.66
2021-01-06 15:00:00,103.34,175.94,63.04833333333334,36.09
2021-01-06 16:00:00,82.78,142.45,66.4669230769231,35.42
2021-01-06 17:00:00,138.57,236.0,70.11916666666667,33.51
2021-01-06 18:00:00,190.41,307.44,72.63000000000001,31.84
2021-01-06 19:00:00,233.27,384.61,74.71916666666668,30.86
2021-01-06 20:00:00,216.95,355.78,75.99333333333333,30.62
2021-01-06 21:00:00,172.18,269.73,76.48166666666667,29.52
2021-01-06 22:00:00,168.91,242.0,76.51916666666666,28.74
2021-01-06 23:00:00,161.71,229.9,75.85166666666667,28.1
2021-01-07 00:00:00,157.35,222.5,75.77769230769232,27.83
2021-01-07 01:00:00,153.35,231.0,74.87846153846155,27.09
2021-01-07 02:00:00,145.71,210.59,74.55749999999999,26.57
2021-01-07 03:00:00,520.0,187.17636363636365,75.31272727272727,25.88
2021-01-07 04:00:00,164.0,223.0,76.54727272727274,25.58
2021-01-07 05:00:00,177.55,229.46,76.66181818181819,25.12
2021-01-07 06:00:00,179.0,260.62,77.10090909090908,24.78
2021-01-07 07:00:00,202.76,278.0,77.62181818181817,24.71
2021-01-07 08:00:00,214.13,309.55,76.08363636363637,25.31
2021-01-07 09:00:00,225.93,323.12,70.33749999999999,26.22
2021-01-07 10:00:00,208.78,306.44,65.70916666666666,29.76
2021-01-07 11:00:00,186.05,265.64,62.06846153846155,33.41
2021-01-07 12:00:00,125.69,198.69,62.48307692307693,36.05
2021-01-07 13:00:00,71.71,140.19,61.55076923076923,38.04
2021-01-07 14:00:00,57.89,121.12,62.99384615384614,38.04
2021-01-07 15:00:00,67.93,103.0,64.86615384615385,37.48
2021-01-07 16:00:00,54.52,104.7,66.76846153846154,37.13
2021-01-07 17:00:00,113.0,218.0,70.68249999999999,31.55
2021-01-07 18:00:00,37.38,92.75,72.29333333333334,31.22
2021-01-07 19:00:00,41.84,227.73,73.715,30.75
2021-01-07 20:00:00,50.29,139.73,73.86,29.99
2021-01-07 21:00:00,59.2,97.67,76.02846153846153,29.95
2021-01-07 22:00:00,63.64,112.68,77.50615384615385,29.98
2021-01-07 23:00:00,49.42,112.14,79.9323076923077,29.22
2021-01-08 00:00:00,48.0,74.89,83.22615384615385,28.94
2021-01-08 01:00:00,47.09,60.83,82.46181818181817,28.81
2021-01-08 02:00:00,42.45,75.81,82.75416666666668,27.99
2021-01-08 03:00:00,67.51,101.0,83.39916666666666,27.84
2021-01-08 04:00:00,49.95,61.94,84.69166666666668,27.64
2021-01-08 05:00:00,52.55,71.99,85.84181818181817,27.56
2021-01-08 06:00:00,60.29,85.06,85.84,27.41
2021-01-08 07:00:00,110.2,158.37,85.82999999999998,27.4
2021-01-08 08:00:00,138.62,213.17,87.02583333333332,27.43
2021-01-08 09:00:00,139.18,184.53,84.49846153846154,28.31
2021-01-08 10:00:00,137.18,170.0,81.75,29.09
2021-01-08 11:00:00,188.02,231.23,78.48333333333333,29.46
2021-01-08 12:00:00,192.09,240.64,75.32666666666667,30.05
2021-01-08 13:00:00,95.42,145.15,76.34166666666667,30.97
2021-01-08 14:00:00,68.65,102.69,75.58090909090909,31.7
2021-01-08 15:00:00,68.82,109.99,75.54666666666667,32.51
2021-01-08 16:00:00,58.03,95.19,76.83583333333334,32.38
2021-01-08 17:00:00,56.09,101.42,77.13000000000001,31.43
2021-01-08 18:00:00,64.2,109.44,79.63166666666666,30.48
2021-01-08 19:00:00,71.38,131.34,82.05416666666667,29.74
2021-01-08 20:00:00,82.02,140.42,82.79166666666667,29.52
2021-01-08 21:00:00,88.47,142.85,82.87333333333333,29.31
2021-01-08 22:00:00,89.91,142.07,83.16416666666669,29.14
2021-01-08 23:00:00,92.73,136.42,83.64583333333333,28.8
2021-01-09 00:00:00,91.18,135.07,85.51166666666667,28.34
2021-01-09 01:00:00,87.36,125.72,86.66333333333334,28.1
2021-01-09 02:00:00,88.82,117.56,86.97416666666668,27.87
2021-01-09 03:00:00,116.25,137.46,86.8725,27.6
2021-01-09 04:00:00,114.44,132.5,86.75583333333333,27.39
2021-01-09 05:00:00,114.0,143.19,86.69636363636363,27.15
2021-01-09 06:00:00,115.82,145.0,87.34666666666668,27.03
2021-01-09 07:00:00,116.0,147.79,87.64416666666665,26.69
2021-01-09 08:00:00,125.11,176.85,85.58666666666666,27.26
2021-01-09 09:00:00,129.65,190.98,80.07166666666667,28.29
2021-01-09 10:00:00,131.82,169.0,74.91230769230768,31.02
2021-01-09 11:00:00,102.77,150.39,70.01833333333333,32.02
2021-01-09 12:00:00,89.04,151.38363636363636,66.7223076923077,31.84692307692308
2021-01-09 13:00:00,74.38,115.68,68.06846153846153,37.07
2021-01-09 14:00:00,59.33,97.25,71.9,36.9
2021-01-09 15:00:00,61.66,100.65,74.44846153846154,35.87
2021-01-09 16:00:00,65.64,101.0,74.62384615384615,35.08
2021-01-09 17:00:00,101.53,168.93,75.55615384615383,33.21
2021-01-09 18:00:00,135.98,225.95,78.84076923076924,31.69
2021-01-09 19:00:00,169.98,255.12,81.55076923076922,30.73
2021-01-09 20:00:00,199.42,296.89,83.26153846153846,30.19
2021-01-09 21:00:00,194.73,299.07,84.56153846153846,30.06
2021-01-09 22:00:00,198.56,307.38,84.51384615384616,30.32
2021-01-09 23:00:00,138.87,214.94,84.47230769230768,30.35
2021-01-10 00:00:00,106.66,161.61,85.45923076923076,29.86
2021-01-10 01:00:00,107.64,151.5,85.63538461538461,29.27
2021-01-10 02:00:00,116.2,150.07,86.00333333333334,28.68
2021-01-10 03:00:00,116.09,161.13,87.28,28.31
2021-01-10 04:00:00,136.95,179.63,88.04692307692306,28.02
2021-01-10 05:00:00,139.0,184.72,88.46538461538461,27.59
2021-01-10 06:00:00,148.11,186.86,88.64307692307693,27.16
2021-01-10 07:00:00,158.11,212.12,88.48916666666668,26.98
2021-01-10 08:00:00,166.29,229.77,85.19076923076923,27.61
2021-01-10 09:00:00,177.93,238.44,77.37916666666666,29.28
2021-01-10 10:00:00,149.03,210.76,71.00461538461539,31.78
2021-01-10 11:00:00,106.03,156.83,66.23153846153846,34.91
2021-01-10 12:00:00,77.4,151.15,62.68230769230768,37.62
2021-01-10 13:00:00,48.66,119.45,63.714615384615385,38.64
2021-01-10 14:00:00,36.01,76.98,67.69538461538461,39.29
2021-01-10 15:00:00,32.27,68.42,68.925,37.91
2021-01-10 16:00:00,36.55,68.93,71.21,37.18
2021-01-10 17:00:00,67.07,118.32,74.85692307692308,34.29
2021-01-10 18:00:00,119.05,188.8,77.0646153846154,32.57
2021-01-10 19:00:00,140.4,202.35,77.46076923076923,31.79
2021-01-10 20:00:00,166.6,243.01,77.54846153846154,31.32
2021-01-10 21:00:00,193.53,291.0,78.99000000000001,31.02
2021-01-10 22:00:00,178.74,268.68,81.83307692307692,30.82
2021-01-10 23:00:00,171.55,273.51,84.52461538461537,30.45
2021-01-11 00:00:00,159.16,246.93,85.58307692307692,30.19
2021-01-11 01:00:00,164.39,264.54,86.22000000000001,29.72
2021-01-11 02:00:00,153.16,217.61,86.64230769230768,29.08
2021-01-11 03:00:00,141.1,183.38,87.02538461538461,28.55
2021-01-11 04:00:00,140.91,190.31,86.96461538461539,28.2
2021-01-11 05:00:00,145.54,188.22,87.28846153846153,27.83
2021-01-11 06:00:00,159.62,206.6,87.87307692307694,27.62
2021-01-11 07:00:00,150.1,195.94,87.29769230769232,27.41
2021-01-11 08:00:00,168.13,224.71,83.1123076923077,28.35
2021-01-11 09:00:00,158.16,246.54,74.61384615384615,29.98
2021-01-11 10:00:00,127.03,198.83,64.53692307692307,32.59
2021-01-11 11:00:00,98.49,180.16,59.72538461538461,35.53
2021-01-11 12:00:00,62.39,143.0,56.137499999999996,38.2
2021-01-11 13:00:00,48.1,108.0,62.75384615384615,39.8
2021-01-11 14:00:00,36.07,84.0,66.08307692307693,40.5
2021-01-11 15:00:00,31.36,78.0,65.94692307692306,38.95
2021-01-11 16:00:00,33.73,83.0,67.10555555555555,32.251111111111115
2021-01-11 17:00:00,72.27,146.0,69.54307692307692,35.2
2021-01-11 18:00:00,102.39,188.78,72.02153846153847,33.46
2021-01-11 19:00:00,132.33,239.46,73.78230769230768,32.41
2021-01-11 20:00:00,151.4,273.96,74.93416666666667,31.82
2021-01-11 21:00:00,153.0,300.4,78.04307692307692,31.45
2021-01-11 22:00:00,168.53,323.0,79.60416666666667,30.61
2021-01-11 23:00:00,170.0,318.0,82.00666666666667,30.34
2021-01-12 00:00:00,145.47,277.26,83.47000000000001,30.17
2021-01-12 01:00:00,115.75,181.4,84.24,29.87
2021-01-12 02:00:00,128.49,179.65,84.48923076923077,29.18
2021-01-12 03:00:00,108.16,164.0,85.21384615384615,28.39
2021-01-12 04:00:00,103.27,136.0,85.6369230769231,27.88
2021-01-12 05:00:00,108.47,134.14,85.03666666666666,27.6
2021-01-12 06:00:00,109.92,140.89,85.00923076923078,27.35
2021-01-12 07:00:00,113.64,165.25,84.80000000000001,27.11
2021-01-12 08:00:00,125.81,177.23,80.62538461538462,27.91
2021-01-12 09:00:00,123.37,177.0,69.77692307692307,29.4
2021-01-12 10:00:00,121.18,215.97,61.027692307692305,32.53
2021-01-12 11:00:00,80.12,158.69,53.26461538461539,35.23
2021-01-12 12:00:00,63.25,123.38,47.34307692307693,37.62
2021-01-12 13:00:00,48.33,121.0,48.87416666666667,39.75
2021-01-12 14:00:00,36.99,100.56,56.63769230769231,40.7
2021-01-12 15:00:00,36.0,96.21,61.49,39.39
2021-01-12 16:00:00,38.0,82.0,63.958333333333336,31.882500000000004
2021-01-12 17:00:00,83.97923076923078,162.50153846153847,68.54923076923077,36.17
2021-01-12 18:00:00,156.0,277.0,71.49923076923076,34.17
2021-01-12 19:00:00,142.33,272.35,74.86692307692307,33.23
2021-01-12 20:00:00,131.92,208.72,78.73307692307694,32.77
2021-01-12 21:00:00,112.78,175.24,80.0653846153846,32.33
2021-01-12 22:00:00,102.8,151.6,79.84384615384616,31.62
2021-01-12 23:00:00,99.28,165.77,80.44846153846153,30.86
2021-01-13 00:00:00,98.09,154.87,80.67636363636365,30.33
2021-01-13 01:00:00,91.64,138.18,81.29166666666666,29.5
2021-01-13 02:00:00,95.56,146.47,81.24166666666666,28.75
2021-01-13 03:00:00,115.16,164.75,81.71666666666667,28.25
2021-01-13 04:00:00,129.75,175.31,81.31916666666666,27.98
2021-01-13 05:00:00,107.38,150.02,80.53416666666668,27.48
2021-01-13 06:00:00,114.08,163.82,79.32916666666667,27.02
2021-01-13 07:00:00,119.56,176.13,81.01727272727273,27.05
2021-01-13 08:00:00,128.2,188.17,76.11416666666666,27.47
2021-01-13 09:00:00,113.51,174.11,67.495,29.12
2021-01-13 10:00:00,114.73,199.99,59.673846153846156,31.54
2021-01-13 11:00:00,94.05,156.54,53.77076923076924,34.47
2021-01-13 12:00:00,63.75,118.57,51.22615384615384,37.83
2021-01-13 13:00:00,41.87,90.88,56.073846153846155,40.19
2021-01-13 14:00:00,38.18,88.07,57.568461538461534,40.46
2021-01-13 15:00:00,26.19,64.73,56.439230769230775,38.9
2021-01-13 16:00:00,16.8,66.72,55.28846153846154,37.92
2021-01-13 17:00:00,42.42,98.64,55.28,35.95
2021-01-13 18:00:00,45.91,107.52,59.843333333333334,33.77
2021-01-13 19:00:00,62.4,138.71,63.899230769230776,32.17
2021-01-13 20:00:00,84.95,183.81,70.73916666666666,30.87
2021-01-13 21:00:00,140.59,268.89,74.77153846153846,29.9
2021-01-13 22:00:00,90.42,183.81,75.37666666666665,29.7
2021-01-13 23:00:00,94.08,152.81,75.48333333333333,29.28
2021-01-14 00:00:00,96.82,143.53,77.4246153846154,28.68
2021-01-14 01:00:00,95.18,139.28,79.75,28.45
2021-01-14 02:00:00,98.64,133.42,79.61416666666666,27.69
2021-01-14 03:00:00,105.36,147.89,78.21846153846154,27.09
2021-01-14 04:00:00,112.38,159.2,79.5825,26.34
2021-01-14 05:00:00,107.53,147.9,77.62615384615384,25.64
2021-01-14 06:00:00,84.22,116.29,78.0,24.77
2021-01-14 07:00:00,79.28,120.51,76.19909090909091,24.25
2021-01-14 08:00:00,73.55,116.33,73.20272727272727,24.7
2021-01-14 09:00:00,68.45,120.65,62.77769230769232,26.76
2021-01-14 10:00:00,68.0,129.4,54.01000000000001,30.44
2021-01-14 11:00:00,67.09,141.17,55.67000000000001,33.65
2021-01-14 12:00:00,61.48,150.36,58.04461538461539,37.6
2021-01-14 13:00:00,22.85,91.44,59.00846153846154,39.5
2021-01-14 14:00:00,8.1,48.85,60.880769230769225,40.81
2021-01-14 15:00:00,10.63,58.1,61.21769230769232,38.15
2021-01-14 16:00:00,54.73,137.17,59.126923076923084,36.02
2021-01-14 17:00:00,73.58,166.33,59.53307692307691,33.47
2021-01-14 18:00:00,74.09,158.69,69.0275,31.65
2021-01-14 19:00:00,69.46,154.28,76.99615384615385,30.23
2021-01-14 20:00:00,85.35,160.51,77.76307692307692,29.13
2021-01-14 21:00:00,109.71,194.5,77.74384615384615,27.98
2021-01-14 22:00:00,132.95,223.99,77.66230769230769,27.78
2021-01-14 23:00:00,150.49,265.2,78.23615384615384,27.23
2021-01-15 00:00:00,175.62,292.19,80.89153846153847,26.43
2021-01-15 01:00:00,190.88,310.07,82.41384615384617,26.16
2021-01-15 02:00:00,157.42,235.69,82.18692307692308,25.61
2021-01-15 03:00:00,136.74,207.67,82.10538461538461,24.91
2021-01-15 04:00:00,122.81,194.51,83.83999999999999,24.87
2021-01-15 05:00:00,118.37,168.89,85.45500000000003,24.29
2021-01-15 06:00:00,114.37,181.89,86.09846153846154,23.75
2021-01-15 07:00:00,95.78,151.27,85.86999999999999,23.68
2021-01-15 08:00:00,119.51,191.81,81.50615384615384,24.5
2021-01-15 09:00:00,122.0,210.82,74.89769230769232,26.28
2021-01-15 10:00:00,142.02,234.33,69.47833333333332,29.03
2021-01-15 11:00:00,150.36,257.4,63.191538461538464,31.97
2021-01-15 12:00:00,90.14,160.36,61.86692307692307,34.45
2021-01-15 13:00:00,93.08,164.0,63.51923076923077,37.24
2021-01-15 14:00:00,59.48,121.19,61.762499999999996,36.36
2021-01-15 15:00:00,58.73,145.92,59.59666666666666,34.13
2021-01-15 16:00:00,41.74,129.33,56.52181818181818,33.52
2021-01-15 17:00:00,42.73,101.94,58.19454545454544,32.22
2021-01-15 18:00:00,49.36,115.87,62.30363636363636,30.28
2021-01-15 19:00:00,86.33,170.39,69.72363636363637,29.41
2021-01-15 20:00:00,108.78,216.89,73.29545454545455,28.25
2021-01-15 21:00:00,110.27,201.53,73.67000000000002,27.18
2021-01-15 22:00:00,108.36,198.26,71.55,26.4
2021-01-15 23:00:00,50.08416666666667,110.03250000000001,70.53272727272729,22.024545454545454
2021-01-16 00:00:00,55.44166666666667,121.89999999999999,71.21909090909092,21.16
2021-01-16 01:00:00,58.800909090909094,146.07333333333332,72.85181818181819,20.60727272727273
2021-01-16 02:00:00,79.70166666666667,191.7833333333333,72.86,20.495454545454546
2021-01-16 03:00:00,63.747499999999995,143.72666666666666,71.76454545454544,20.596363636363638
2021-01-16 04:00:00,52.947272727272725,107.65545454545455,74.11545454545454,20.336363636363636
2021-01-16 05:00:00,51.28363636363636,103.744,74.62100000000001,20.396
2021-01-16 06:00:00,59.48,120.13900000000001,75.41999999999999,20.150000000000002
2021-01-16 07:00:00,67.32181818181817,146.847,75.503,20.116999999999997
2021-01-16 08:00:00,73.93909090909091,157.89083333333335,70.50454545454545,21.921818181818182
2021-01-16 09:00:00,108.0,198.0,57.92181818181818,25.14
2021-01-16 10:00:00,71.39333333333333,151.2525,52.24166666666667,27.51
2021-01-16 11:00:00,85.0,142.6316666666667,48.52090909090909,30.210000000000004
2021-01-16 12:00:00,70.47,153.32,47.458333333333336,33.67
2021-01-16 13:00:00,69.91,130.6,46.93727272727272,37.14
2021-01-16 14:00:00,70.0,143.93,51.32899999999999,37.99
2021-01-16 15:00:00,62.72,138.0,53.59363636363637,36.42
2021-01-16 16:00:00,59.27,142.68,58.159000000000006,34.87
2021-01-16 17:00:00,65.35,147.65,65.00636363636364,31.49
2021-01-16 18:00:00,81.49,162.0,70.28090909090908,29.78
2021-01-16 19:00:00,104.8,196.0,74.13272727272728,28.76
2021-01-16 20:00:00,136.92,232.27,76.03454545454544,27.95
2021-01-16 21:00:00,161.01,265.71,75.9690909090909,27.2
2021-01-16 22:00:00,199.4,315.6,75.68818181818182,26.46
2021-01-16 23:00:00,205.72,336.68,76.96000000000001,26.09
2021-01-17 00:00:00,215.96,340.78,78.13454545454546,25.83
2021-01-17 01:00:00,213.35,348.47,78.83454545454546,25.7
2021-01-17 02:00:00,213.91,330.8,78.7218181818182,25.32
2021-01-17 03:00:00,182.11,273.1,79.89272727272727,24.61
2021-01-17 04:00:00,152.61,236.43,81.74166666666666,24.09
2021-01-17 05:00:00,146.36,211.6,81.19,23.96
2021-01-17 06:00:00,148.72,217.44,81.82545454545453,23.51
2021-01-17 07:00:00,149.0,225.43,82.13818181818182,23.63
2021-01-17 08:00:00,154.45,226.0,78.45272727272729,24.36
2021-01-17 09:00:00,166.83,250.26,69.4809090909091,26.2
2021-01-17 10:00:00,163.46,264.27,57.69545454545455,29.27
2021-01-17 11:00:00,160.28,254.0,54.08181818181818,31.68
2021-01-17 12:00:00,129.12,216.78,55.4290909090909,34.05
2021-01-17 13:00:00,108.71,197.2,53.699090909090906,37.21
2021-01-17 14:00:00,93.35,173.6,51.588,38.56
2021-01-17 15:00:00,95.63,166.4,51.29272727272728,37.43
2021-01-17 16:00:00,73.29,131.47,53.23250000000001,36.66
2021-01-17 17:00:00,53.74,111.32,59.275454545454544,34.62
2021-01-17 18:00:00,101.14,174.4,67.89272727272727,31.84
2021-01-17 19:00:00,84.16,160.33,73.94454545454546,29.68
2021-01-17 20:00:00,98.32,180.4,75.82545454545455,28.44
2021-01-17 21:00:00,115.44,201.6,77.811,27.75
2021-01-17 22:00:00,171.22,269.86,78.116,27.49
2021-01-17 23:00:00,136.34,229.93,79.775,27.26
2021-01-18 00:00:00,141.99,230.67,81.593,26.53
2021-01-18 01:00:00,130.28,199.36,82.86699999999999,26.31
2021-01-18 02:00:00,148.04,221.27,82.21222222222222,26.14
2021-01-18 03:00:00,123.61,174.61,80.943,25.83
2021-01-18 04:00:00,90.17,116.87,79.966,25.47
2021-01-18 05:00:00,151.61,195.13,80.06500000000001,25.05
2021-01-18 06:00:00,121.6,163.97,81.568,24.84
2021-01-18 07:00:00,101.68,144.97,83.838,25.45
2021-01-18 08:00:00,102.72,170.02,82.43727272727273,26.73
2021-01-18 09:00:00,86.45,155.96,73.383,27.9
2021-01-18 10:00:00,90.45,162.47,61.11363636363637,29.75
2021-01-18 11:00:00,78.31,166.72,55.4675,32.09
2021-01-18 12:00:00,69.73,142.73,53.6775,34.03
2021-01-18 13:00:00,62.64,140.07,56.25333333333333,31.4
2021-01-18 14:00:00,71.99,137.4,57.104166666666664,30.64
2021-01-18 15:00:00,39.45,83.99,56.685,30.34
2021-01-18 16:00:00,39.63,99.6,57.195,29.91
2021-01-18 17:00:00,49.97,128.07,58.63818181818183,29.09
2021-01-18 18:00:00,63.74,169.0,67.98400000000001,28.03
2021-01-18 19:00:00,69.55,188.6,75.71100000000001,27.2
2021-01-18 20:00:00,105.42,222.67,73.42083333333333,26.64
2021-01-18 21:00:00,132.62,215.69,70.05181818181819,26.34
2021-01-18 22:00:00,115.92,224.31,65.87000000000002,25.89
2021-01-18 23:00:00,80.39,154.8,65.96454545454546,25.01
2021-01-19 00:00:00,64.28,121.67,67.18363636363637,24.36
2021-01-19 01:00:00,74.84,158.15,68.461,24.14
2021-01-19 02:00:00,75.09,132.07,70.97272727272728,23.75
2021-01-19 03:00:00,87.74,139.31,72.8,23.5
2021-01-19 04:00:00,90.82,155.82,73.70181818181818,23.73
2021-01-19 05:00:00,97.36,152.33,74.02,23.49
2021-01-19 06:00:00,108.9,162.33,74.58909090909091,23.08
2021-01-19 07:00:00,124.53,206.78,73.91545454545455,23.06
2021-01-19 08:00:00,143.08,234.14,69.15454545454544,24.34
2021-01-19 09:00:00,115.93,188.54,61.26363636363637,27.14
2021-01-19 10:00:00,93.98,171.97,54.26916666666667,29.91
2021-01-19 11:00:00,88.37,157.0,51.1675,32.02
2021-01-19 12:00:00,77.12,136.46,52.04272727272726,32.74
2021-01-19 13:00:00,63.26,126.0,49.685,32.82
2021-01-19 14:00:00,63.82,129.67,52.42,33.02
2021-01-19 15:00:00,48.56,176.05916666666667,55.60909090909092,32.51
2021-01-19 16:00:00,38.83,173.9909090909091,57.157000000000004,30.98
2021-01-19 17:00:00,57.98,136.0,62.24666666666667,29.55
2021-01-19 18:00:00,84.53,179.0,65.905,28.63
2021-01-19 19:00:00,109.99,220.51,68.15333333333334,27.89
2021-01-19 20:00:00,164.78,313.26,70.89416666666666,27.01
2021-01-19 21:00:00,185.44,337.22,73.4718181818182,26.48
2021-01-19 22:00:00,129.67,243.87,74.96000000000001,26.1
2021-01-19 23:00:00,99.43,161.0,74.92833333333333,25.55
2021-01-20 00:00:00,112.41,175.89,75.77499999999999,25.12
2021-01-20 01:00:00,94.02,167.67,76.64272727272727,24.82
2021-01-20 02:00:00,90.18,166.07,75.7475,24.58
2021-01-20 03:00:00,116.39,181.87,76.91636363636364,24.09
2021-01-20 04:00:00,107.19,162.47,76.44250000000001,23.56
2021-01-20 05:00:00,108.72,165.0,77.00636363636363,23.34
2021-01-20 06:00:00,111.7,155.72,76.255,23.18
2021-01-20 07:00:00,105.63,168.0,76.28416666666665,23.1
2021-01-20 08:00:00,116.79,180.13,71.32833333333333,24.28
2021-01-20 09:00:00,158.96,165.6,60.07333333333333,27.24
2021-01-20 10:00:00,82.98153846153848,255.48,53.22166666666667,30.19
2021-01-20 11:00:00,92.00923076923078,232.0,49.78583333333333,31.32
2021-01-20 12:00:00,78.0,185.33,46.65461538461539,31.82
2021-01-20 13:00:00,52.57,147.47,48.822307692307696,32.22
2021-01-20 14:00:00,39.1,105.8,50.96615384615385,31.88
2021-01-20 15:00:00,22.56,89.0,52.34461538461539,31.3
2021-01-20 16:00:00,25.54,100.13,52.26923076923076,30.56
2021-01-20 17:00:00,34.16,99.13,52.43000000000001,29.72
2021-01-20 18:00:00,46.79,117.67,56.34923076923077,28.69
2021-01-20 19:00:00,64.4,172.74,59.747499999999995,27.37
2021-01-20 20:00:00,86.89,233.11,63.02916666666667,26.74
2021-01-20 21:00:00,128.13,270.5,62.473333333333336,26.64
2021-01-20 22:00:00,214.81,433.53,60.915,25.71
2021-01-20 23:00:00,201.24,165.46666666666667,63.641818181818174,24.45
2021-01-21 00:00:00,179.2,368.5,66.61363636363636,23.7
2021-01-21 01:00:00,141.57,274.46,69.44181818181818,23.32
2021-01-21 02:00:00,113.52,214.8,71.49272727272727,23.38
2021-01-21 03:00:00,102.83,204.47,71.60181818181819,22.84
2021-01-21 04:00:00,89.28,166.67,69.70545454545456,22.94
2021-01-21 05:00:00,95.25,153.0,72.0590909090909,22.7
2021-01-21 06:00:00,119.62,185.67,74.01416666666667,22.42
2021-01-21 07:00:00,160.15,241.2,75.237,22.38
2021-01-21 08:00:00,197.5,305.67,70.91416666666669,23.25
2021-01-21 09:00:00,181.98,198.84583333333333,62.327499999999986,25.68
2021-01-21 10:00:00,140.16,216.82999999999998,55.284166666666664,27.97
2021-01-21 11:00:00,111.17153846153845,222.4946153846154,51.690000000000005,29.29
2021-01-21 12:00:00,108.0,178.0,49.651538461538465,34.75
2021-01-21 13:00:00,94.34461538461541,202.06416666666667,48.139230769230764,36.3
2021-01-21 14:00:00,65.0,122.0,48.12461538461538,37.09
2021-01-21 15:00:00,61.37,122.0,47.03615384615385,35.94
2021-01-21 16:00:00,88.25,169.6,48.02846153846153,34.36
2021-01-21 17:00:00,86.46,173.0,56.651538461538465,32.56
2021-01-21 18:00:00,101.44,184.2,66.14166666666667,30.49
2021-01-21 19:00:00,111.17,193.4,72.33916666666666,28.92
2021-01-21 20:00:00,161.05,269.38,76.78384615384616,27.29
2021-01-21 21:00:00,224.13,324.47,78.50307692307693,26.35
2021-01-21 22:00:00,229.09,334.53,79.52416666666666,25.88
2021-01-21 23:00:00,208.11,317.27,79.72166666666666,25.43
2021-01-22 00:00:00,164.47,239.74,80.0,25.26
2021-01-22 01:00:00,161.82,224.67,80.27083333333333,24.73
2021-01-22 02:00:00,163.82,229.6,80.87615384615384,24.4
2021-01-22 03:00:00,170.36,227.2,81.1125,23.75
2021-01-22 04:00:00,168.27,217.67,81.54916666666668,22.87
2021-01-22 05:00:00,153.47,224.47,81.13333333333331,22.41
2021-01-22 06:00:00,160.18,210.02,81.33500000000001,22.06
2021-01-22 07:00:00,158.28,208.07,81.81153846153848,21.52
2021-01-22 08:00:00,172.53,236.93,76.17083333333333,22.01
2021-01-22 09:00:00,177.63,239.0,65.45384615384617,24.22
2021-01-22 10:00:00,179.82,266.07,58.34461538461539,27.2
2021-01-22 11:00:00,159.11,248.4,54.12692307692308,30.59
2021-01-22 12:00:00,139.77,227.4,52.310769230769225,34.03
2021-01-22 13:00:00,99.85,170.53,53.48615384615384,37.68
2021-01-22 14:00:00,76.92,160.13,55.42307692307692,38.96
2021-01-22 15:00:00,93.17,169.33,59.00923076923077,37.7
2021-01-22 16:00:00,79.56,151.33,63.44923076923077,36.33
2021-01-22 17:00:00,107.97,205.23,66.84833333333331,33.9
2021-01-22 18:00:00,135.48,243.53,71.65416666666667,31.62
2021-01-22 19:00:00,159.8,267.47,72.33999999999999,29.92
2021-01-22 20:00:00,210.14,311.93,72.55166666666666,28.81
2021-01-22 21:00:00,310.99,454.07,73.95153846153846,28.0
2021-01-22 22:00:00,265.42,377.2,75.73,27.43
2021-01-22 23:00:00,262.73,392.47,77.58999999999999,27.02
2021-01-23 00:00:00,278.44,427.7,79.11333333333333,26.45
2021-01-23 01:00:00,285.43,453.33,81.09583333333335,26.1
2021-01-23 02:00:00,257.93,343.93,82.50916666666667,25.58
2021-01-23 03:00:00,242.28,321.07,81.64583333333333,25.32
2021-01-23 04:00:00,217.45,284.53,81.50090909090909,24.7
2021-01-23 05:00:00,195.05,262.4,78.0290909090909,23.88
2021-01-23 06:00:00,203.9,266.6,75.38090909090909,23.49
2021-01-23 07:00:00,241.27,327.67,74.60363636363637,23.45
2021-01-23 08:00:00,276.79,389.87,71.81,24.36
2021-01-23 09:00:00,250.03,345.47,64.10272727272728,26.14
2021-01-23 10:00:00,214.3,303.73,57.401666666666664,28.52
2021-01-23 11:00:00,177.39,261.68,54.35416666666668,31.49
2021-01-23 12:00:00,149.55,243.13,49.87846153846153,33.98
2021-01-23 13:00:00,71.61,210.27,49.92692307692308,37.95
2021-01-23 14:00:00,23.47,183.73,51.6925,39.16
2021-01-23 15:00:00,67.22,144.67,54.197272727272725,37.6
2021-01-23 16:00:00,76.72,136.4,58.30636363636363,36.61
2021-01-23 17:00:00,29.09,152.8,63.30916666666667,34.7
2021-01-23 18:00:00,107.89,214.67,70.19,32.31
2021-01-23 19:00:00,149.79,268.47,73.73666666666666,30.42
2021-01-23 20:00:00,153.0,281.33,75.2790909090909,29.07
2021-01-23 21:00:00,169.0,332.0,75.37699999999998,28.69
2021-01-23 22:00:00,155.42,214.75,78.025,27.77
2021-01-23 23:00:00,140.4,357.2,79.36285714285714,26.68
2021-01-24 00:00:00,158.92,394.87,77.77,25.91
2021-01-24 01:00:00,113.0,252.47,80.47571428571428,25.74
2021-01-24 02:00:00,116.0,179.0,80.17,24.72
2021-01-24 03:00:00,108.75,181.8,83.15800000000002,23.69
2021-01-24 04:00:00,109.0,177.0,81.0457142857143,23.48
2021-01-24 05:00:00,126.0,179.0,78.90666666666667,23.19
2021-01-24 06:00:00,156.01,198.06,89.44800000000001,22.92
2021-01-24 07:00:00,143.0,171.0,84.728,22.2
2021-01-24 08:00:00,143.0,201.0,86.95500000000001,23.16
2021-01-24 09:00:00,155.68,219.2,69.75750000000001,24.26
2021-01-24 10:00:00,142.51,214.53,58.51818181818181,28.21
2021-01-24 11:00:00,91.04,153.33,52.73090909090909,31.46
2021-01-24 12:00:00,111.43,171.47,50.462,34.47
2021-01-24 13:00:00,84.93,130.07,51.062,36.48
2021-01-24 14:00:00,57.48,101.8,56.04777777777778,37.35
2021-01-24 15:00:00,53.19,99.07,57.93800000000001,36.41
2021-01-24 16:00:00,58.45,109.4,58.27111111111112,34.91
2021-01-24 17:00:00,68.06,143.67,61.175,33.01
2021-01-24 18:00:00,80.77,167.47,66.18666666666667,30.93
2021-01-24 19:00:00,115.61,236.2,71.29299999999999,29.02
2021-01-24 20:00:00,177.86,328.47,73.32333333333332,27.94
2021-01-24 21:00:00,189.41,346.14,74.63600000000001,27.1
2021-01-24 22:00:00,178.23,325.53,72.956,27.36
2021-01-24 23:00:00,98.22,253.07,73.76444444444445,26.86
2021-01-25 00:00:00,82.75,253.6,76.31444444444445,25.98
2021-01-25 01:00:00,72.01,247.06,76.378,24.95
2021-01-25 02:00:00,80.99,236.64,75.84272727272727,23.42
2021-01-25 03:00:00,84.72,221.02,76.74181818181818,23.12
2021-01-25 04:00:00,98.62,244.34,77.09454545454545,22.5
2021-01-25 05:00:00,108.15,234.77,78.345,21.96
2021-01-25 06:00:00,103.57,213.41,78.066,22.1
2021-01-25 07:00:00,102.09,222.27,75.83099999999999,22.02
2021-01-25 08:00:00,113.81,224.87,72.09300000000002,22.32
2021-01-25 09:00:00,116.81,232.47,63.058181818181815,24.07
2021-01-25 10:00:00,104.32,243.4,53.9575,25.9
2021-01-25 11:00:00,89.47,226.0,48.4376923076923,30.61
2021-01-25 12:00:00,97.08,247.0,45.52538461538462,33.04
2021-01-25 13:00:00,93.47,209.67,46.72615384615385,35.84
2021-01-25 14:00:00,89.37,226.0,46.08307692307692,37.48
2021-01-25 15:00:00,82.66,173.73,46.81846153846155,36.39
2021-01-25 16:00:00,82.0,170.0,51.309999999999995,36.08
2021-01-25 17:00:00,56.20214285714285,190.5976923076923,58.20538461538461,31.32
2021-01-25 18:00:00,94.0,253.0,67.12538461538462,29.92
2021-01-25 19:00:00,102.15,270.73,72.53916666666667,28.39
2021-01-25 20:00:00,206.36,335.65,73.99909090909091,27.27
2021-01-25 21:00:00,84.39,365.2,72.43636363636364,26.18
2021-01-25 22:00:00,84.13666666666667,367.0,73.13416666666667,25.59
2021-01-25 23:00:00,89.67692307692307,271.52,75.94333333333334,25.55
2021-01-26 00:00:00,87.34750000000001,235.13,77.18727272727273,24.48
2021-01-26 01:00:00,84.5,222.73,77.555,23.79
2021-01-26 02:00:00,82.72076923076922,205.2,78.72666666666666,23.26
2021-01-26 03:00:00,82.40230769230769,229.2,79.44583333333334,22.92
2021-01-26 04:00:00,79.83083333333332,229.26,80.06090909090909,22.96
2021-01-26 05:00:00,83.19500000000001,231.81,79.55636363636364,21.96
2021-01-26 06:00:00,84.87249999999999,225.47,80.11090909090909,21.46
2021-01-26 07:00:00,87.47000000000001,245.0,80.3790909090909,21.34
2021-01-26 08:00:00,94.18769230769232,235.64,76.8990909090909,21.88
2021-01-26 09:00:00,102.63916666666665,267.57,66.75916666666667,23.94
2021-01-26 10:00:00,104.62916666666668,251.0,57.0525,26.96
2021-01-26 11:00:00,101.505,262.2,51.140833333333326,29.94
2021-01-26 12:00:00,94.12307692307692,248.0,50.280833333333334,32.69
2021-01-26 13:00:00,82.42461538461538,244.27,51.225833333333334,35.75
2021-01-26 14:00:00,68.29615384615384,231.0,53.63333333333333,37.59
2021-01-26 15:00:00,62.219230769230776,150.73,55.64538461538461,36.01
2021-01-26 16:00:00,60.465384615384615,160.19,58.73461538461539,33.74
2021-01-26 17:00:00,56.94384615384615,193.06,62.815,31.36
2021-01-26 18:00:00,62.699230769230766,227.95,70.8,29.12
2021-01-26 19:00:00,70.42307692307692,247.78,74.94166666666665,27.55
2021-01-26 20:00:00,74.58999999999999,266.0,76.74333333333333,26.2
2021-01-26 21:00:00,82.34846153846154,291.0,77.05583333333334,25.89
2021-01-26 22:00:00,87.85538461538461,289.13,78.79833333333333,25.93
2021-01-26 23:00:00,95.54384615384616,229.09,80.55666666666667,25.38
2021-01-27 00:00:00,102.10923076923078,181.0,81.1175,24.95
2021-01-27 01:00:00,95.80000000000001,172.0,81.5,24.16
2021-01-27 02:00:00,94.16846153846154,167.61,82.47833333333334,23.17
2021-01-27 03:00:00,92.94615384615385,182.87,82.33583333333333,22.59
2021-01-27 04:00:00,90.03384615384616,194.27,81.73083333333334,21.86
2021-01-27 05:00:00,91.5923076923077,184.73,82.46666666666665,21.78
2021-01-27 06:00:00,85.66692307692307,194.27,82.61166666666666,21.11
2021-01-27 07:00:00,91.2725,209.98,82.02166666666666,20.76
2021-01-27 08:00:00,96.92666666666668,224.1,77.68083333333334,21.8
2021-01-27 09:00:00,100.36500000000001,251.23,67.64615384615385,23.33
2021-01-27 10:00:00,99.18833333333333,295.12,59.48307692307692,26.06
2021-01-27 11:00:00,122.0,242.0,54.77461538461539,28.99
2021-01-27 12:00:00,102.08,215.0,53.693333333333335,33.9
2021-01-27 13:00:00,97.28,204.73,52.06230769230769,35.88
2021-01-27 14:00:00,97.91,198.8,52.823846153846155,36.86
2021-01-27 15:00:00,62.77,148.36,54.11166666666668,36.0
2021-01-27 16:00:00,70.77,158.1,57.41,34.34
2021-01-27 17:00:00,68.38,163.67,63.670769230769224,32.36
2021-01-27 18:00:00,79.79,188.34,71.11153846153846,29.89
2021-01-27 19:00:00,119.03,218.0,73.94769230769231,28.21
2021-01-27 20:00:00,147.45,262.0,75.61923076923077,26.77
2021-01-27 21:00:00,179.88,314.62,77.99538461538461,25.88
2021-01-27 22:00:00,202.92,342.27,79.38307692307693,25.91
2021-01-27 23:00:00,137.5,237.22,81.54615384615384,25.11
2021-01-28 00:00:00,124.57,217.8,82.48230769230769,24.56
2021-01-28 01:00:00,130.28,226.43,82.36461538461539,24.09
2021-01-28 02:00:00,137.34,214.0,82.5,23.1
2021-01-28 03:00:00,142.53,198.07,82.0023076923077,22.14
2021-01-28 04:00:00,143.91,200.75,83.28384615384614,21.99
2021-01-28 05:00:00,130.52,195.0,84.175,21.69
2021-01-28 06:00:00,136.25,196.87,83.75999999999999,21.56
2021-01-28 07:00:00,142.43,198.87,83.40307692307692,21.06
2021-01-28 08:00:00,166.55,250.49,79.41999999999999,21.53
2021-01-28 09:00:00,165.38,258.0,68.66153846153847,24.55
2021-01-28 10:00:00,148.7,258.0,58.850769230769224,25.42
2021-01-28 11:00:00,144.28,271.0,53.7525,29.86
2021-01-28 12:00:00,143.09,263.53,53.69538461538461,32.91
2021-01-28 13:00:00,110.4,226.93769230769232,54.65153846153847,29.683846153846158
2021-01-28 14:00:00,129.64,245.0,55.26076923076923,38.37
2021-01-28 15:00:00,68.61,160.67,53.19461538461539,36.76
2021-01-28 16:00:00,83.73,203.0,57.11384615384615,34.35
2021-01-28 17:00:00,81.47,174.0,66.46076923076923,31.4
2021-01-28 18:00:00,82.81,195.0,73.17999999999999,29.49
2021-01-28 19:00:00,127.37,256.0,76.17666666666668,27.2
2021-01-28 20:00:00,163.69,303.1,77.09538461538462,26.07
2021-01-28 21:00:00,234.01,386.0,77.26923076923077,26.58
2021-01-28 22:00:00,116.94,196.0,78.19923076923078,26.09
2021-01-28 23:00:00,84.98,168.0,78.45000000000002,25.58
2021-01-29 00:00:00,71.26,210.46615384615384,79.43692307692308,19.934615384615384
2021-01-29 01:00:00,65.5,147.0,80.99538461538462,23.9
2021-01-29 02:00:00,70.44,139.0,80.32615384615384,23.25
2021-01-29 03:00:00,92.67,163.0,80.13692307692307,23.03
2021-01-29 04:00:00,92.29,169.1153846153846,80.75923076923078,18.502307692307696
2021-01-29 05:00:00,97.44,156.96692307692308,80.42384615384616,18.220000000000002
2021-01-29 06:00:00,102.53,164.0,80.50769230769232,20.77
2021-01-29 07:00:00,120.26,184.39846153846153,80.66153846153846,18.08230769230769
2021-01-29 08:00:00,140.11,209.5953846153846,75.50846153846155,20.245384615384616
2021-01-29 09:00:00,148.34,215.0,65.63333333333331,23.810000000000002
2021-01-29 10:00:00,129.93,226.26,56.059999999999995,26.23
2021-01-29 11:00:00,103.61,198.98,52.10461538461539,30.42
2021-01-29 12:00:00,85.61,163.3,49.58846153846154,33.33
2021-01-29 13:00:00,72.0,157.0,50.33692307692308,36.97
2021-01-29 14:00:00,59.0,134.0,51.72230769230768,37.96
2021-01-29 15:00:00,50.88,140.55,53.02000000000001,36.6
2021-01-29 16:00:00,54.53,137.53,57.614166666666655,35.49
2021-01-29 17:00:00,71.3,185.68,60.38416666666666,33.09
2021-01-29 18:00:00,107.41,224.57,65.745,30.66
2021-01-29 19:00:00,125.49,244.73,72.19583333333334,28.96
2021-01-29 20:00:00,146.92,297.49,76.85833333333333,27.44
2021-01-29 21:00:00,194.17,393.68,78.84916666666668,26.76
2021-01-29 22:00:00,208.96,417.78,80.62916666666668,26.08
2021-01-29 23:00:00,255.28,514.48,81.19166666666668,25.23
2021-01-30 00:00:00,266.34,492.07,81.06333333333333,24.74
2021-01-30 01:00:00,176.44,348.13,82.0775,24.48
2021-01-30 02:00:00,134.4,231.28,81.75500000000001,23.62
2021-01-30 03:00:00,140.96,208.04,82.2425,22.59
2021-01-30 04:00:00,128.42,196.7,81.73416666666667,22.09
2021-01-30 05:00:00,121.57,174.53,78.74583333333334,21.91
2021-01-30 06:00:00,130.96,188.91,79.35000000000001,21.42
2021-01-30 07:00:00,126.57,200.3,80.31583333333333,21.23
2021-01-30 08:00:00,131.43,207.55,75.92916666666666,21.81
2021-01-30 09:00:00,143.77,224.9,63.366666666666674,24.36
2021-01-30 10:00:00,129.56,222.27,53.42615384615385,28.06
2021-01-30 11:00:00,93.48,191.95,47.80461538461539,31.76
2021-01-30 12:00:00,70.98,143.19,44.82916666666667,34.59
2021-01-30 13:00:00,56.32,149.36,43.169999999999995,37.5
2021-01-30 14:00:00,45.95,100.0,44.8075,38.69
2021-01-30 15:00:00,41.37,89.0,42.935833333333335,36.93
2021-01-30 16:00:00,50.96,129.25,48.62833333333334,35.57
2021-01-30 17:00:00,62.87,164.76,57.62833333333333,34.17
2021-01-30 18:00:00,67.62,163.25,62.25545454545454,31.75
2021-01-30 19:00:00,110.56,228.53,65.86,29.78
2021-01-30 20:00:00,164.87,363.2,63.65749999999999,27.94
2021-01-30 21:00:00,257.84,456.93,64.27833333333334,27.4
2021-01-30 22:00:00,148.74,345.92,65.66416666666666,26.18
2021-01-30 23:00:00,219.31,441.91,69.73636363636363,25.35
2021-01-31 00:00:00,213.56,476.07,72.1375,24.74
2021-01-31 01:00:00,175.78,316.99,74.67333333333335,24.21
2021-01-31 02:00:00,133.06,247.96,76.17750000000001,23.64
2021-01-31 03:00:00,125.38,287.06,78.09083333333334,22.65
2021-01-31 04:00:00,98.82,182.67,77.80916666666667,21.96
2021-01-31 05:00:00,90.58,162.82,76.17916666666667,21.84
2021-01-31 06:00:00,85.47,137.66,75.53363636363638,21.21
2021-01-31 07:00:00,85.0,136.94,73.5875,21.15
2021-01-31 08:00:00,91.34,152.91,68.02416666666666,22.31
2021-01-31 09:00:00,100.12,170.85,57.38083333333333,24.93
2021-01-31 10:00:00,89.23,186.98,48.089166666666664,28.02
2021-01-31 11:00:00,81.68,173.96,44.23916666666667,31.17
2021-01-31 12:00:00,77.38,163.64,45.09583333333333,34.14
2021-01-31 13:00:00,74.28,156.44,47.57749999999999,36.41
2021-01-31 14:00:00,73.09,151.32,49.53000000000001,37.38
2021-01-31 15:00:00,70.28,132.28,51.32916666666667,36.89
2021-01-31 16:00:00,73.62,139.43,54.928333333333335,35.52
2021-01-31 17:00:00,85.77,175.59,57.72416666666667,33.77
2021-01-31 18:00:00,106.92,216.38,61.65083333333334,31.55
2021-01-31 19:00:00,124.35,245.21,64.73583333333333,29.57
2021-01-31 20:00:00,135.06,275.08,62.23333333333333,28.6
2021-01-31 21:00:00,162.26,335.04,66.75916666666666,28.68
2021-01-31 22:00:00,91.65,210.75,70.11,27.57
2021-01-31 23:00:00,184.21,422.92,73.4825,26.69
2021-02-01 00:00:00,152.57,325.0,76.7375,26.23
2021-02-01 01:00:00,119.11,273.51,77.98166666666668,25.84
2021-02-01 02:00:00,128.68,255.02,76.97,25.06
2021-02-01 03:00:00,119.13,197.07,73.56666666666668,25.0
2021-02-01 04:00:00,112.58,167.72,72.005,24.14
2021-02-01 05:00:00,113.81,168.81,70.57583333333332,23.72
2021-02-01 06:00:00,114.9,182.1,71.78909090909092,23.36
2021-02-01 07:00:00,131.3,179.25,69.38000000000001,23.44
2021-02-01 08:00:00,123.97,210.83,66.27090909090909,24.42
2021-02-01 09:00:00,130.27,288.82,56.50583333333333,26.48
2021-02-01 10:00:00,125.57,246.23,51.754999999999995,30.1
2021-02-01 11:00:00,95.21,191.51,48.32461538461538,33.56
2021-02-01 12:00:00,79.42,163.78,46.05916666666667,36.22
2021-02-01 13:00:00,72.56,159.19,45.31384615384616,38.7
2021-02-01 14:00:00,56.61,144.17,46.25846153846154,39.1
2021-02-01 15:00:00,59.53,102.0,52.105384615384615,37.48
2021-02-01 16:00:00,52.75,120.0,54.82769230769231,36.91
2021-02-01 17:00:00,62.87,143.0,61.073846153846155,35.6
2021-02-01 18:00:00,89.29,367.16,66.07153846153845,33.66
2021-02-01 19:00:00,111.02,436.0,68.57692307692307,30.67
2021-02-01 20:00:00,151.84,388.26,72.08307692307692,30.89
2021-02-01 21:00:00,127.09,268.33,73.94615384615385,30.83
2021-02-01 22:00:00,103.17,261.87,73.7030769230769,29.8
2021-02-01 23:00:00,128.17,275.98,74.83076923076922,29.2
2021-02-02 00:00:00,115.65,228.0,76.4146153846154,28.66
2021-02-02 01:00:00,97.54,183.0,77.17923076923077,28.32
2021-02-02 02:00:00,79.7,134.0,75.66692307692307,27.2
2021-02-02 03:00:00,75.28,183.86,73.29923076923077,23.68923076923077
2021-02-02 04:00:00,81.35,131.0,70.7,25.2
2021-02-02 05:00:00,79.28,121.0,70.10692307692308,24.71
2021-02-02 06:00:00,79.0,150.84,67.3623076923077,23.527692307692305
2021-02-02 07:00:00,97.13,161.0,61.975384615384606,25.11
2021-02-02 08:00:00,127.0,206.07,56.049230769230775,25.81
2021-02-02 09:00:00,118.23,222.0,48.49692307692308,28.99
2021-02-02 10:00:00,100.7,257.57,42.69916666666666,32.69
2021-02-02 11:00:00,81.8,211.09,38.21818181818181,34.98
2021-02-02 12:00:00,70.97,171.18800000000002,34.36769230769231,34.09461538461539
2021-02-02 13:00:00,48.33,113.0,29.868333333333336,39.52
2021-02-02 14:00:00,36.95,89.6,25.354166666666668,39.38
2021-02-02 15:00:00,35.09,87.5,29.509999999999994,38.74
2021-02-02 16:00:00,31.38,85.13,43.26,37.25
2021-02-02 17:00:00,40.05,97.2,55.63461538461537,35.75
2021-02-02 18:00:00,70.88,346.0,62.62538461538462,32.18
2021-02-02 19:00:00,117.47,560.0,65.04153846153847,30.41
2021-02-02 20:00:00,150.98,374.86,68.18384615384616,29.63
2021-02-02 21:00:00,148.6,322.0,70.32846153846155,28.62
2021-02-02 22:00:00,151.58,319.4,71.0625,28.22
2021-02-02 23:00:00,146.57,296.0,70.00615384615386,27.2
2021-02-03 00:00:00,168.57,332.53,70.7175,26.5
2021-02-03 01:00:00,187.3,324.53,72.64636363636363,26.07
2021-02-03 02:00:00,170.93,307.28,74.85916666666667,25.3
2021-02-03 03:00:00,163.53,273.77,75.12272727272729,24.07
2021-02-03 04:00:00,121.45,225.12,78.66384615384617,23.42
2021-02-03 05:00:00,96.17,167.0,79.33384615384615,22.98
2021-02-03 06:00:00,90.39,154.0,79.84923076923077,22.22
2021-02-03 07:00:00,114.39,192.83,79.5369230769231,22.08
2021-02-03 08:00:00,98.03,236.77615384615385,72.24846153846154,23.30384615384616
2021-02-03 09:00:00,89.68,186.55,56.604166666666664,25.1
2021-02-03 10:00:00,75.46,183.01,45.84833333333333,29.2
2021-02-03 11:00:00,81.23,188.0,37.923846153846156,31.586923076923078
2021-02-03 12:00:00,90.15,162.28769230769234,32.08083333333334,33.655833333333334
2021-02-03 13:00:00,76.6,164.0,32.386923076923075,39.23
2021-02-03 14:00:00,56.89,121.26,33.66384615384615,39.4
2021-02-03 15:00:00,49.56,152.25692307692304,34.7225,33.2875
2021-02-03 16:00:00,44.47,149.89076923076922,40.24153846153846,31.860000000000007
2021-02-03 17:00:00,46.7,133.06083333333333,47.935,30.10666666666667
2021-02-03 18:00:00,72.36,220.0,55.48000000000001,28.419166666666666
2021-02-03 19:00:00,86.75,198.53,63.13307692307693,26.786923076923074
2021-02-03 20:00:00,99.73,139.48153846153846,65.63166666666666,25.994999999999994
2021-02-03 21:00:00,136.32,176.7546153846154,68.55307692307692,25.153076923076924
2021-02-03 22:00:00,171.69,193.73,69.36769230769231,24.740000000000002
2021-02-03 23:00:00,164.17,190.40076923076924,70.49230769230769,24.104615384615386
2021-02-04 00:00:00,164.81,194.57916666666668,68.6625,23.988333333333333
2021-02-04 01:00:00,164.1,178.5776923076923,69.02499999999999,23.402500000000003
2021-02-04 02:00:00,129.69,236.2,71.72153846153846,22.449230769230773
2021-02-04 03:00:00,117.88,162.51999999999998,72.62307692307694,22.27846153846154
2021-02-04 04:00:00,98.94,165.81076923076924,73.44307692307693,22.083846153846153
2021-02-04 05:00:00,79.8,166.91230769230768,74.75384615384615,21.763846153846153
2021-02-04 06:00:00,81.61,154.91,74.02692307692308,21.628461538461536
2021-02-04 07:00:00,88.32,164.7292307692308,73.1376923076923,21.584615384615386
2021-02-04 08:00:00,105.3,194.8353846153846,68.25999999999999,23.317692307692305
2021-02-04 09:00:00,112.43,199.0,56.134166666666665,26.09
2021-02-04 10:00:00,112.1,196.19,47.994166666666665,28.95
2021-02-04 11:00:00,81.29,163.0,43.68666666666666,32.62
2021-02-04 12:00:00,55.43,153.61,40.60538461538461,35.04
2021-02-04 13:00:00,49.37,131.66,45.28545454545454,37.2
2021-02-04 14:00:00,55.34,137.39,48.652307692307694,38.83
2021-02-04 15:00:00,59.61,136.0,49.65230769230769,37.16
2021-02-04 16:00:00,63.61,118.53,52.205000000000005,36.36
2021-02-04 17:00:00,66.71,167.46,59.00416666666666,33.89
2021-02-04 18:00:00,93.18,218.0,63.71615384615386,31.56
2021-02-04 19:00:00,103.23,231.17,68.38416666666666,30.14
2021-02-04 20:00:00,157.3,326.61,70.49846153846153,28.77
2021-02-04 21:00:00,172.96,335.0,69.94153846153847,27.94
2021-02-04 22:00:00,214.62,462.39,70.89384615384614,28.19
2021-02-04 23:00:00,129.62,277.89,69.84333333333335,28.1
2021-02-05 00:00:00,92.1,186.23,71.30250000000001,27.33
2021-02-05 01:00:00,107.08,178.0,74.10384615384615,26.3
2021-02-05 02:00:00,88.17,157.41,74.35615384615386,25.89
2021-02-05 03:00:00,84.2,144.0,75.50615384615384,24.49
2021-02-05 04:00:00,137.43,202.07,79.51692307692308,24.17
2021-02-05 05:00:00,135.75,205.0,80.27749999999999,23.58
2021-02-05 06:00:00,149.44,226.59,77.43083333333334,23.19
2021-02-05 07:00:00,175.39,252.35,77.13833333333334,23.17
2021-02-05 08:00:00,172.58,263.61,69.87923076923077,23.71
2021-02-05 09:00:00,145.82,243.0,58.23307692307692,26.36
2021-02-05 10:00:00,134.18,283.0,49.620000000000005,28.34
2021-02-05 11:00:00,101.4,167.3516666666667,47.322307692307696,29.92538461538462
2021-02-05 12:00:00,88.97,151.14153846153846,46.52153846153846,30.802307692307693
2021-02-05 13:00:00,53.57285714285715,141.4630769230769,47.95692307692308,31.0
2021-02-05 14:00:00,59.0,128.0,49.22923076923077,37.23
2021-02-05 15:00:00,41.85,99.9,50.12583333333333,36.42
2021-02-05 16:00:00,43.61,103.63,49.03153846153846,35.07
2021-02-05 17:00:00,52.15,162.04,52.21384615384614,33.41
2021-02-05 18:00:00,62.96,159.43,55.04076923076923,31.59
2021-02-05 19:00:00,60.38,137.41,59.505,29.81
2021-02-05 20:00:00,57.28,128.49,61.244166666666665,28.61
2021-02-05 21:00:00,87.69,176.82,58.93083333333333,27.79
2021-02-05 22:00:00,91.9,189.39,59.4923076923077,27.14
2021-02-05 23:00:00,77.51,189.06,58.95923076923077,26.23
2021-02-06 00:00:00,61.55,111.07,56.79692307692307,26.32
2021-02-06 01:00:00,68.12,118.2,52.04500000000001,25.79
2021-02-06 02:00:00,50.04,97.41,57.68692307692308,24.81
2021-02-06 03:00:00,66.06,130.74,59.464615384615385,24.32
2021-02-06 04:00:00,68.0,120.82,59.83615384615385,23.44
2021-02-06 05:00:00,89.68,145.35,61.09384615384616,22.6
2021-02-06 06:00:00,88.39,151.69,61.482307692307685,21.87
2021-02-06 07:00:00,94.32,159.0,61.46153846153846,21.5
2021-02-06 08:00:00,101.34,205.94,55.699230769230766,22.0
2021-02-06 09:00:00,102.0,187.41,46.96666666666667,24.21
2021-02-06 10:00:00,100.19,195.39,43.729166666666664,28.32
2021-02-06 11:00:00,84.65,177.0,40.44461538461538,31.83
2021-02-06 12:00:00,64.93,133.88,37.88153846153846,35.15
2021-02-06 13:00:00,54.88,121.42,35.51307692307692,36.99
2021-02-06 14:00:00,45.91,102.0,37.451538461538455,38.16
2021-02-06 15:00:00,43.19,91.66,42.916666666666664,36.84
2021-02-06 16:00:00,41.2,93.82,48.643076923076926,36.28
2021-02-06 17:00:00,35.58,97.75,50.40166666666668,35.08
2021-02-06 18:00:00,44.03,143.42,53.68307692307693,32.61
2021-02-06 19:00:00,83.7,334.52,58.58307692307692,30.78
2021-02-06 20:00:00,97.93,309.53,59.61083333333334,29.88
2021-02-06 21:00:00,96.28,216.44,57.26923076923077,29.37
2021-02-06 22:00:00,79.72,186.65,52.71000000000001,27.49
2021-02-06 23:00:00,140.13,301.41,50.23083333333333,26.46
2021-02-07 00:00:00,132.45,319.24,48.24545454545454,26.09
2021-02-07 01:00:00,91.56,185.0,47.88333333333335,25.55
2021-02-07 02:00:00,86.1,176.55,47.28461538461538,24.85
2021-02-07 03:00:00,75.16,137.28,47.49,24.71
2021-02-07 04:00:00,56.85,99.14,48.19909090909091,23.7
2021-02-07 05:00:00,55.9,107.33,47.9075,22.72
2021-02-07 06:00:00,54.19,108.0,48.6525,23.3
2021-02-07 07:00:00,49.48,91.32,49.01818181818182,22.98
2021-02-07 08:00:00,81.52,135.0,46.87416666666667,23.9
2021-02-07 09:00:00,114.56,193.0,42.2675,26.8
2021-02-07 10:00:00,83.96,154.81,38.94916666666666,29.84
2021-02-07 11:00:00,61.95,143.2,37.358999999999995,32.77
2021-02-07 12:00:00,72.64,158.68,35.589,35.47
2021-02-07 13:00:00,55.89,119.0,32.665,37.55
2021-02-07 14:00:00,39.55,105.86,35.223636363636366,38.19
2021-02-07 15:00:00,31.66,75.08,36.82333333333333,38.14
2021-02-07 16:00:00,35.52,71.0,43.01916666666667,36.52
2021-02-07 17:00:00,40.52,86.96,48.43272727272727,35.13
2021-02-07 18:00:00,59.97,182.0,53.33090909090909,32.88
2021-02-07 19:00:00,89.17,216.06,55.46916666666666,31.6
2021-02-07 20:00:00,79.35,190.95,56.04384615384616,29.88
2021-02-07 21:00:00,99.68,260.0,53.983000000000004,28.89
2021-02-07 22:00:00,85.74,201.0,52.653636363636366,27.6
2021-02-07 23:00:00,89.42,230.14,57.34166666666667,26.56
2021-02-08 00:00:00,95.38,202.17,62.78399999999999,26.23
2021-02-08 01:00:00,83.36,165.26,66.17,25.48
2021-02-08 02:00:00,76.58,145.14,62.17833333333334,24.52
2021-02-08 03:00:00,60.65,123.32,61.07750000000001,23.88
2021-02-08 04:00:00,58.88750000000001,131.37,60.33499999999999,23.47
2021-02-08 05:00:00,67.0,118.75,60.37727272727273,23.09
2021-02-08 06:00:00,80.5,,57.622307692307686,22.31
2021-02-08 07:00:00,82.0,,59.13666666666666,22.38
2021-02-08 08:00:00,95.45,,53.92083333333334,23.15
2021-02-08 09:00:00,99.71,,43.93083333333333,27.3
2021-02-08 10:00:00,63.21,,38.25692307692307,29.401538461538465
2021-02-08 11:00:00,55.39,,35.622499999999995,34.22
2021-02-08 12:00:00,49.61,,30.373076923076926,36.21
2021-02-08 13:00:00,39.97,,27.995384615384616,37.29
2021-02-08 14:00:00,31.77,,29.34769230769231,38.2
2021-02-08 15:00:00,33.71,,33.14923076923077,37.28
2021-02-08 16:00:00,31.29,,37.71692307692308,36.68
2021-02-08 17:00:00,35.44,,45.29230769230768,35.39
2021-02-08 18:00:00,53.15,,52.00769230769231,32.52
2021-02-08 19:00:00,85.69,,51.981666666666676,30.8
2021-02-08 20:00:00,86.29,,49.52916666666667,29.45
2021-02-08 21:00:00,82.39,,50.05833333333334,28.73
2021-02-08 22:00:00,61.23,,51.26615384615385,27.7
2021-02-08 23:00:00,60.81,,54.346923076923076,26.39
2021-02-09 00:00:00,79.06,,58.427692307692304,25.24
2021-02-09 01:00:00,71.07,,61.63076923076922,25.0
2021-02-09 02:00:00,77.22,,64.2523076923077,23.84
2021-02-09 03:00:00,97.86,,65.68416666666666,22.5
2021-02-09 04:00:00,112.64,,65.4575,22.17
2021-02-09 05:00:00,95.93,,62.34,21.4
2021-02-09 06:00:00,94.0,162.0,64.775,21.03
2021-02-09 07:00:00,88.58,136.65,64.12181818181817,20.51
2021-02-09 08:00:00,110.57,170.68,59.951818181818176,21.85
2021-02-09 09:00:00,130.15,361.0,46.94833333333333,26.12
2021-02-09 10:00:00,88.67,197.0,34.426153846153845,31.96
2021-02-09 11:00:00,64.14,161.32,30.1,35.25
2021-02-09 12:00:00,48.46,131.79,27.12,37.51
2021-02-09 13:00:00,38.87,98.86,30.247500000000002,39.53
2021-02-09 14:00:00,27.17,75.41,38.02833333333333,40.17
2021-02-09 15:00:00,27.82,69.0,40.37153846153846,38.62
2021-02-09 16:00:00,24.39,67.12,46.113076923076925,37.46
2021-02-09 17:00:00,33.93,88.94,49.19461538461538,35.5
2021-02-09 18:00:00,74.72,206.55,52.73923076923077,32.44
2021-02-09 19:00:00,98.86,220.0,57.26,30.13
2021-02-09 20:00:00,130.81,272.58,57.9175,28.79
2021-02-09 21:00:00,160.66,336.25,57.280833333333334,27.75
2021-02-09 22:00:00,73.14636363636363,447.22,57.61181818181819,26.84
2021-02-09 23:00:00,210.0,460.57,62.19909090909091,26.3
2021-02-10 00:00:00,137.73,285.22,64.97454545454546,25.52
2021-02-10 01:00:00,156.1,335.03,67.51545454545455,24.54
2021-02-10 02:00:00,121.98,246.6,69.57636363636362,24.04
2021-02-10 03:00:00,86.7525,201.14,71.03999999999999,22.69
2021-02-10 04:00:00,124.0,206.52,70.92999999999999,22.1
2021-02-10 05:00:00,128.51,179.85,70.94272727272727,21.42
2021-02-10 06:00:00,82.70272727272727,217.0,70.75,21.05
2021-02-10 07:00:00,92.71545454545455,193.42,69.06454545454545,20.89
2021-02-10 08:00:00,95.17615384615387,206.72,61.032500000000006,21.94
2021-02-10 09:00:00,103.84307692307691,239.05,47.8425,24.92
2021-02-10 10:00:00,97.02000000000001,217.40923076923076,41.09384615384616,29.665384615384614
2021-02-10 11:00:00,102.0,207.0,39.862307692307695,33.13
2021-02-10 12:00:00,74.02,186.02416666666667,39.83384615384615,32.323846153846155
2021-02-10 13:00:00,55.64,203.76846153846157,41.71307692307693,32.17461538461537
2021-02-10 14:00:00,44.86,177.4075,43.48333333333333,31.8625
2021-02-10 15:00:00,28.64,86.0,50.11499999999999,39.98
2021-02-10 16:00:00,35.1,89.0,54.90307692307692,37.57
2021-02-10 17:00:00,52.2,120.6,62.33692307692307,35.08
2021-02-10 18:00:00,75.67,181.33,71.09615384615384,31.79
2021-02-10 19:00:00,104.18,193.45,71.79846153846155,29.72
2021-02-10 20:00:00,129.58,235.43,70.82153846153847,28.32
2021-02-10 21:00:00,179.85,315.08,74.10153846153845,27.18
2021-02-10 22:00:00,211.18,379.15,75.80692307692308,26.73
2021-02-10 23:00:00,260.04,504.0,76.61307692307692,26.04
2021-02-11 00:00:00,243.33,441.02,77.35846153846154,25.4
2021-02-11 01:00:00,237.39,454.6,78.37384615384616,24.71
2021-02-11 02:00:00,227.1,378.84,80.00461538461538,24.36
2021-02-11 03:00:00,207.94,315.62,80.73384615384614,23.43
2021-02-11 04:00:00,186.13,279.1,80.53076923076924,22.54
2021-02-11 05:00:00,188.51,236.0,79.80692307692308,21.86
2021-02-11 06:00:00,160.11,211.56,79.06769230769231,21.53
2021-02-11 07:00:00,137.14,206.25,77.72538461538461,21.73
2021-02-11 08:00:00,137.7,212.59,69.5646153846154,22.52
2021-02-11 09:00:00,138.0,224.3,56.990833333333335,24.8
2021-02-11 10:00:00,119.94,215.93,48.120000000000005,26.76
2021-02-11 11:00:00,115.28,219.14,41.5225,30.89
2021-02-11 12:00:00,91.53,174.36,41.14874999999999,33.75375
2021-02-11 13:00:00,68.23,142.48,44.63249999999999,33.803749999999994
2021-02-11 14:00:00,58.78,141.63,41.34090909090909,40.89
2021-02-11 15:00:00,48.97,144.0,46.599999999999994,39.12
2021-02-11 16:00:00,52.5,121.47,49.13846153846153,37.87
2021-02-11 17:00:00,51.19,111.55,52.48384615384615,36.23
2021-02-11 18:00:00,88.92,204.28,56.25384615384615,33.47
2021-02-11 19:00:00,129.9,259.38,61.541538461538465,30.93
2021-02-11 20:00:00,167.3,320.0,67.51,29.12
2021-02-11 21:00:00,183.64,398.16,70.16615384615385,28.49
2021-02-11 22:00:00,202.15,487.0,71.49692307692308,27.75
2021-02-11 23:00:00,232.89,513.29,73.51583333333333,27.23
2021-02-12 00:00:00,219.75,455.31,76.01692307692308,26.26
2021-02-12 01:00:00,199.93,381.28,76.54461538461538,25.7
2021-02-12 02:00:00,205.22,365.7,76.65923076923076,25.39
2021-02-12 03:00:00,164.47,286.0,77.40692307692308,24.55
2021-02-12 04:00:00,146.73,253.26,78.11583333333334,23.98
2021-02-12 05:00:00,146.81,232.16,78.25333333333334,23.31
2021-02-12 06:00:00,136.17,235.28,77.47833333333334,22.88
2021-02-12 07:00:00,133.19,221.9,76.09916666666666,22.57
2021-02-12 08:00:00,148.36,250.1,70.7518181818182,23.74
2021-02-12 09:00:00,134.65,233.2,61.49666666666667,26.2
2021-02-12 10:00:00,145.83,270.38,52.87833333333333,28.35
2021-02-12 11:00:00,109.92363636363638,248.1290909090909,45.31636363636363,30.882727272727276
2021-02-12 12:00:00,112.92363636363635,242.00545454545457,46.17636363636364,36.38
2021-02-12 13:00:00,76.0,186.0,52.32363636363636,38.7
2021-02-12 14:00:00,76.9,169.1,54.302,40.39
2021-02-12 15:00:00,69.78,167.06,53.47666666666667,39.3
2021-02-12 16:00:00,64.5,138.91,55.54384615384615,36.38
2021-02-12 17:00:00,85.67,222.57,58.382500000000014,33.73
2021-02-12 18:00:00,91.61,201.71,67.30888888888889,31.7
2021-02-12 19:00:00,107.3,227.23,71.13900000000001,29.89
2021-02-12 20:00:00,110.8,224.31,76.10499999999999,28.95
2021-02-12 21:00:00,136.2,189.27,75.08857142857143,25.594285714285714
2021-02-12 22:00:00,150.74,280.0,74.51222222222222,24.623333333333335
2021-02-12 23:00:00,142.97,257.47,73.6975,26.95
2021-02-13 00:00:00,153.7,258.82,73.14153846153846,25.96
2021-02-13 01:00:00,177.57,282.47,72.46461538461539,25.55
2021-02-13 02:00:00,155.7,255.83,69.57416666666666,25.1
2021-02-13 03:00:00,164.61,257.5,64.52,24.43
2021-02-13 04:00:00,153.36,219.39,63.38727272727272,23.85
2021-02-13 05:00:00,150.2,248.07,67.62615384615385,23.1
2021-02-13 06:00:00,160.83,283.9,66.87181818181818,22.29
2021-02-13 07:00:00,156.58,227.0,66.55166666666668,22.09
2021-02-13 08:00:00,157.81,244.84,66.24666666666666,23.03
2021-02-13 09:00:00,148.83,237.59,50.30769230769231,25.45
2021-02-13 10:00:00,157.03,272.68,43.19461538461538,28.69
2021-02-13 11:00:00,151.7,276.88,41.31153846153846,32.2
2021-02-13 12:00:00,120.31,217.31,40.809999999999995,35.17
2021-02-13 13:00:00,92.62,183.38,46.149230769230776,38.42
2021-02-13 14:00:00,80.97,171.55,49.905,39.69
2021-02-13 15:00:00,77.29,158.8,57.117692307692316,38.35
2021-02-13 16:00:00,69.78,175.84,62.36,35.04
2021-02-13 17:00:00,61.78,189.2,67.21615384615384,33.2
2021-02-13 18:00:00,68.22,167.47,75.54769230769232,31.18
2021-02-13 19:00:00,84.36,176.36,79.38538461538464,29.76
2021-02-13 20:00:00,90.52,201.44,78.90307692307692,28.71
2021-02-13 21:00:00,93.7,187.02,79.69999999999999,27.99
2021-02-13 22:00:00,105.7,191.65,80.4976923076923,27.42
2021-02-13 23:00:00,109.71,229.67,80.94384615384615,26.99
2021-02-14 00:00:00,108.2,205.71,80.90692307692308,26.66
2021-02-14 01:00:00,117.93,195.55,80.74076923076925,26.27
2021-02-14 02:00:00,137.96,216.59,81.2376923076923,25.72
2021-02-14 03:00:00,123.75,196.38,81.87615384615385,24.82
2021-02-14 04:00:00,114.78,185.61,81.6346153846154,24.48
2021-02-14 05:00:00,121.2,179.7,82.57307692307691,24.29
2021-02-14 06:00:00,140.9,227.28,82.87153846153845,23.85
2021-02-14 07:00:00,145.71,234.0,82.38076923076923,23.15
2021-02-14 08:00:00,145.1,215.17,77.30999999999999,23.55
2021-02-14 09:00:00,153.1,228.08,70.30692307692308,25.6
2021-02-14 10:00:00,146.75,245.95,60.11666666666665,29.41
2021-02-14 11:00:00,118.92,214.14,54.945000000000014,32.25
2021-02-14 12:00:00,95.3,189.44,52.12583333333333,35.09
2021-02-14 13:00:00,96.64,180.5,55.064166666666665,37.74
2021-02-14 14:00:00,91.58,176.0,58.84,39.61
2021-02-14 15:00:00,82.87,176.0,61.32727272727273,38.35
2021-02-14 16:00:00,79.29,194.83,61.595,35.43
2021-02-14 17:00:00,71.8,171.42,64.99166666666667,33.79
2021-02-14 18:00:00,79.13,173.65,68.1225,31.63
2021-02-14 19:00:00,83.6,193.0,72.8876923076923,29.56
2021-02-14 20:00:00,112.8,222.0,72.43153846153845,28.85
2021-02-14 21:00:00,141.28,260.87,73.6923076923077,28.09
2021-02-14 22:00:00,117.9,216.18,72.68833333333332,27.55
2021-02-14 23:00:00,137.57,239.29,71.74333333333334,26.93
2021-02-15 00:00:00,142.7,250.44,70.70583333333333,26.42
2021-02-15 01:00:00,143.0,245.36,70.34416666666667,26.11
2021-02-15 02:00:00,145.7,245.94,72.91333333333333,25.59
2021-02-15 03:00:00,125.22,226.69,75.47083333333335,25.05
2021-02-15 04:00:00,71.7,129.49,78.05999999999999,24.48
2021-02-15 05:00:00,98.52,154.1,79.54083333333334,24.32
2021-02-15 06:00:00,122.95,186.23,80.09545454545456,24.06
2021-02-15 07:00:00,120.5,203.13,79.32,24.27
2021-02-15 08:00:00,124.5,200.22,76.69636363636364,24.71
2021-02-15 09:00:00,133.06,215.94,68.85181818181819,26.67
2021-02-15 10:00:00,141.23,244.12,64.17750000000001,29.56
2021-02-15 11:00:00,98.64,183.0,61.78916666666667,32.04
2021-02-15 12:00:00,85.88,190.0,61.345833333333324,35.03
2021-02-15 13:00:00,84.1,198.47,63.37333333333334,36.72
2021-02-15 14:00:00,79.52,176.5,65.23076923076923,37.61
2021-02-15 15:00:00,76.29,165.58,66.16230769230769,36.75
2021-02-15 16:00:00,70.58,160.0,65.495,34.62
2021-02-15 17:00:00,64.58,155.0,71.71461538461539,31.8
2021-02-15 18:00:00,94.46,200.0,76.58083333333333,30.53
2021-02-15 19:00:00,103.42,203.0,77.65615384615384,28.96
2021-02-15 20:00:00,110.3,219.01,75.17416666666666,28.27
2021-02-15 21:00:00,117.3,231.49,76.24083333333336,27.52
2021-02-15 22:00:00,111.68,213.26,78.10583333333334,26.91
2021-02-15 23:00:00,110.1,194.0,80.355,26.36
2021-02-16 00:00:00,102.83,188.0,82.92,25.55
2021-02-16 01:00:00,110.1,196.47,84.28833333333334,25.32
2021-02-16 02:00:00,103.8,168.75,85.49833333333333,24.96
2021-02-16 03:00:00,104.8,176.42,86.73083333333334,24.75
2021-02-16 04:00:00,103.2,224.08,87.64166666666667,24.36
2021-02-16 05:00:00,84.1,131.0,88.48166666666667,24.42
2021-02-16 06:00:00,86.5,140.42,92.19,24.14
2021-02-16 07:00:00,105.96,151.0,92.46,23.75
2021-02-16 08:00:00,128.78,191.56,89.0,24.37
2021-02-16 09:00:00,133.7,216.6,79.20333333333333,26.03
2021-02-16 10:00:00,117.8,107.95833333333333,72.23083333333334,27.605
2021-02-16 11:00:00,78.2,143.0,68.89333333333333,31.49
2021-02-16 12:00:00,59.6,132.4,69.08583333333333,33.88
2021-02-16 13:00:00,85.08,160.15,68.73181818181818,35.73
2021-02-16 14:00:00,60.9,141.18,69.11333333333333,36.8
2021-02-16 15:00:00,61.6,114.22583333333334,69.96583333333334,28.322499999999994
2021-02-16 16:00:00,56.53,113.53583333333334,71.8275,27.56833333333333
2021-02-16 17:00:00,53.3,113.35166666666667,74.68583333333335,26.425
2021-02-16 18:00:00,53.0,134.24,77.94500000000001,29.36
2021-02-16 19:00:00,62.03,136.83,79.09272727272727,28.18
2021-02-16 20:00:00,66.6,139.0,79.82083333333333,27.61
2021-02-16 21:00:00,78.73,141.0,78.63583333333334,27.2
2021-02-16 22:00:00,88.1,145.7,78.57,26.82
2021-02-16 23:00:00,101.6,165.74,79.71909090909091,26.38
2021-02-17 00:00:00,121.0,184.84,81.00916666666667,25.86
2021-02-17 01:00:00,117.6,192.59,82.43545454545455,25.66
2021-02-17 02:00:00,101.7,147.95,83.65333333333334,25.29
2021-02-17 03:00:00,83.75,128.82,84.94333333333334,25.19
2021-02-17 04:00:00,74.78,111.05,85.925,24.93
2021-02-17 05:00:00,77.61,122.24,86.86666666666667,24.62
2021-02-17 06:00:00,74.39,125.83,87.42916666666667,24.02
2021-02-17 07:00:00,110.0,186.16,87.18416666666667,24.05
2021-02-17 08:00:00,106.8,206.98,82.6675,25.02
2021-02-17 09:00:00,102.39,174.1,74.63636363636364,26.68
2021-02-17 10:00:00,93.0,188.0,65.41833333333334,28.6
2021-02-17 11:00:00,81.2,141.0,60.645,31.3
2021-02-17 12:00:00,88.1,170.14,62.636,34.4
2021-02-17 13:00:00,74.72,153.28,64.70833333333333,36.64
2021-02-17 14:00:00,65.8,137.87,65.77416666666667,37.6
2021-02-17 15:00:00,63.2,129.42,66.54416666666667,35.96
2021-02-17 16:00:00,55.8,139.6,67.55,34.04
2021-02-17 17:00:00,58.6,136.29,69.72083333333333,32.18
2021-02-17 18:00:00,77.9,155.74,71.34916666666668,30.61
2021-02-17 19:00:00,114.2,205.03,73.87166666666667,29.53
2021-02-17 20:00:00,81.1,218.0,75.52727272727272,28.96
2021-02-17 21:00:00,116.6,207.0,76.54,28.68
2021-02-17 22:00:00,125.5,206.06,78.1025,28.44
2021-02-17 23:00:00,144.0,252.06,79.7075,27.84
2021-02-18 00:00:00,164.96,296.43,80.685,27.35
2021-02-18 01:00:00,183.2,313.13,81.59083333333334,27.02
2021-02-18 02:00:00,178.7,316.88,82.28833333333334,26.64
2021-02-18 03:00:00,160.9,269.0,82.96583333333332,26.0
2021-02-18 04:00:00,150.0,233.22,83.39333333333333,25.94
2021-02-18 05:00:00,142.7,213.26,83.24916666666668,25.66
2021-02-18 06:00:00,152.77,215.71,82.54166666666667,25.01
2021-02-18 07:00:00,155.8,235.78,81.91666666666667,24.83
2021-02-18 08:00:00,157.8,231.35,78.49249999999999,25.93
2021-02-18 09:00:00,167.0,290.32,68.10916666666667,27.84
2021-02-18 10:00:00,140.01,267.5,58.22333333333332,30.41
2021-02-18 11:00:00,101.0,186.0,52.55166666666667,34.01
2021-02-18 12:00:00,83.5,176.0,50.93416666666667,36.42
2021-02-18 13:00:00,70.27,144.93,53.67416666666667,38.09
2021-02-18 14:00:00,56.4,117.38,58.49454545454546,39.41
2021-02-18 15:00:00,62.25,117.0,59.03916666666668,37.91
2021-02-18 16:00:00,84.69307692307692,191.95916666666665,62.471666666666664,35.99
2021-02-18 17:00:00,118.0,239.0,66.36666666666666,34.39
2021-02-18 18:00:00,117.1,237.12,70.70583333333332,32.88
2021-02-18 19:00:00,98.1,196.44,72.475,31.79
2021-02-18 20:00:00,60.0,347.49,70.04916666666666,28.09
2021-02-18 21:00:00,56.9,181.85,70.42545454545454,27.68
2021-02-18 22:00:00,58.8,116.38,71.44909090909091,25.17
2021-02-18 23:00:00,53.6,82.87,69.87454545454545,24.96
2021-02-19 00:00:00,65.6,104.54,68.5009090909091,25.48
2021-02-19 01:00:00,36.4,76.81,69.60545454545455,25.31
2021-02-19 02:00:00,32.1,53.34,70.91818181818181,25.04
2021-02-19 03:00:00,28.4,49.17,69.65727272727273,24.63
2021-02-19 04:00:00,36.1,50.88,68.74545454545455,24.3
2021-02-19 05:00:00,35.2,55.71,67.65181818181819,24.27
2021-02-19 06:00:00,43.1,75.83,65.59,24.14
2021-02-19 07:00:00,50.3,85.47,63.54545454545455,23.9
2021-02-19 08:00:00,58.2,102.9,61.048,25.51
2021-02-19 09:00:00,61.7,102.12,60.18333333333334,28.19
2021-02-19 10:00:00,51.2,114.24,54.97999999999999,30.84
2021-02-19 11:00:00,43.68,104.4,50.68166666666667,33.28
2021-02-19 12:00:00,42.1,83.22,46.84166666666667,35.45
2021-02-19 13:00:00,30.3,77.59,44.51333333333333,36.82
2021-02-19 14:00:00,35.28,75.12,46.42249999999999,36.87
2021-02-19 15:00:00,35.1,67.47,53.563333333333325,36.05
2021-02-19 16:00:00,36.8,79.24,58.65500000000001,35.63
2021-02-19 17:00:00,41.5,80.94,64.78333333333332,35.03
2021-02-19 18:00:00,53.7,106.42,66.53916666666667,32.59
2021-02-19 19:00:00,80.2,171.09,68.11916666666666,31.61
2021-02-19 20:00:00,127.1,253.16,67.52083333333333,30.84
2021-02-19 21:00:00,96.9,184.33,69.16666666666666,30.27
2021-02-19 22:00:00,73.14,151.75,71.15916666666666,29.2
2021-02-19 23:00:00,73.7,176.37,72.385,28.43
2021-02-20 00:00:00,74.9,168.58,72.32333333333334,27.47
2021-02-20 01:00:00,57.0,121.78,72.17416666666668,26.8
2021-02-20 02:00:00,52.29,110.53,72.38083333333334,26.18
2021-02-20 03:00:00,57.4,110.94,71.68166666666666,25.44
2021-02-20 04:00:00,56.2,89.34,72.83,24.66
2021-02-20 05:00:00,56.0,81.4,73.52583333333334,24.17
2021-02-20 06:00:00,54.18,86.62,72.48333333333333,23.94
2021-02-20 07:00:00,64.8,100.18,68.77333333333334,23.67
2021-02-20 08:00:00,72.3,111.38,62.81666666666667,24.82
2021-02-20 09:00:00,69.4,131.78,52.46545454545455,27.79
2021-02-20 10:00:00,63.6,138.3,44.93333333333334,30.95
2021-02-20 11:00:00,40.5,123.93,42.30916666666666,33.62
2021-02-20 12:00:00,30.82,78.61,40.36833333333334,35.87
2021-02-20 13:00:00,30.91,77.88,37.852500000000006,36.94
2021-02-20 14:00:00,32.8,82.72,36.5275,36.77
2021-02-20 15:00:00,33.9,71.7,41.99166666666667,36.73
2021-02-20 16:00:00,39.4,64.81,51.895833333333336,36.37
2021-02-20 17:00:00,36.43,73.42,56.821666666666665,35.22
2021-02-20 18:00:00,56.7,97.0,63.416666666666664,33.43
2021-02-20 19:00:00,63.5,123.5,65.15,32.31
2021-02-20 20:00:00,69.4,151.0,65.69916666666667,30.56
2021-02-20 21:00:00,80.8,191.63,65.6309090909091,29.53
2021-02-20 22:00:00,86.5,209.26,64.29583333333333,28.73
2021-02-20 23:00:00,66.97,165.0,59.52833333333333,28.08
2021-02-21 00:00:00,89.21,212.0,58.00363636363636,26.85
2021-02-21 01:00:00,90.2,205.0,57.8525,26.93
2021-02-21 02:00:00,72.96,135.67,57.1575,26.61
2021-02-21 03:00:00,71.0,121.35,58.63636363636363,25.32
2021-02-21 04:00:00,80.9,145.0,59.98749999999999,24.86
2021-02-21 05:00:00,82.0,131.0,60.480833333333344,24.83
2021-02-21 06:00:00,78.4,126.0,60.25583333333333,24.83
2021-02-21 07:00:00,89.7,167.91,60.49750000000001,24.83
2021-02-21 08:00:00,91.9,161.47,57.044999999999995,26.08
2021-02-21 09:00:00,82.1,149.0,50.431666666666665,30.19
2021-02-21 10:00:00,95.28,178.0,44.892500000000005,33.32
2021-02-21 11:00:00,64.6,140.0,42.79833333333334,36.09
2021-02-21 12:00:00,45.7,97.0,40.5025,37.65
2021-02-21 13:00:00,42.2,82.0,38.53416666666666,39.58
2021-02-21 14:00:00,44.7,77.0,39.222500000000004,38.69
2021-02-21 15:00:00,43.2,72.0,42.26,37.51
2021-02-21 16:00:00,31.39,69.0,47.51583333333334,37.37
2021-02-21 17:00:00,48.0,84.0,52.46833333333333,36.53
2021-02-21 18:00:00,75.2,164.0,58.894545454545444,33.19
2021-02-21 19:00:00,92.4,147.42249999999999,57.1975,28.470000000000002
2021-02-21 20:00:00,95.8,126.17909090909092,57.36545454545455,31.95
2021-02-21 21:00:00,109.5,258.0,56.294166666666676,30.27
2021-02-21 22:00:00,216.3,454.84,60.49181818181819,29.66
2021-02-21 23:00:00,204.6,493.0,65.6790909090909,28.94
2021-02-22 00:00:00,136.5,145.00166666666667,67.65833333333335,25.125
2021-02-22 01:00:00,111.0,201.0,68.43666666666667,27.61
2021-02-22 02:00:00,101.86,180.0,66.80250000000001,27.5
2021-02-22 03:00:00,136.1,144.0,66.67090909090909,26.92
2021-02-22 04:00:00,81.5,144.88,64.64750000000001,26.63
2021-02-22 05:00:00,88.66,144.0,64.74749999999999,26.21
2021-02-22 06:00:00,91.8,145.78,64.96749999999999,25.79
2021-02-22 07:00:00,106.4,154.83,64.68416666666666,25.73
2021-02-22 08:00:00,101.72,159.02750000000003,60.50749999999999,26.855000000000004
2021-02-22 09:00:00,101.91,191.0,52.73250000000001,30.52
2021-02-22 10:00:00,82.26,161.81,49.29083333333333,33.76
2021-02-22 11:00:00,61.1,147.0,46.40916666666667,36.46
2021-02-22 12:00:00,50.9,130.94,43.96333333333334,38.41
2021-02-22 13:00:00,37.4,89.58,44.40333333333333,40.07
2021-02-22 14:00:00,34.2,67.5,47.517500000000005,40.06
2021-02-22 15:00:00,25.93,63.45,50.43666666666667,39.91
2021-02-22 16:00:00,32.45,65.0,54.75333333333333,32.442499999999995
2021-02-22 17:00:00,54.68,143.29833333333335,58.078333333333326,31.143333333333327
2021-02-22 18:00:00,59.67,168.72,62.916666666666664,34.15
2021-02-22 19:00:00,64.5,161.57,65.48583333333335,32.97
2021-02-22 20:00:00,70.4,145.0,64.05666666666666,32.37
2021-02-22 21:00:00,65.69,131.75,61.57749999999999,31.9
2021-02-22 22:00:00,81.2,171.0,61.0725,30.9
2021-02-22 23:00:00,84.8,170.12,62.33583333333334,30.25
2021-02-23 00:00:00,95.76,169.12,65.05363636363636,29.55
2021-02-23 01:00:00,98.8,185.01,65.58583333333333,28.63
2021-02-23 02:00:00,112.46,215.19,67.45833333333333,28.11
2021-02-23 03:00:00,124.76,211.68,69.48833333333333,28.02
2021-02-23 04:00:00,98.2,134.96416666666667,70.9425,24.159166666666668
2021-02-23 05:00:00,104.0,167.64,72.85583333333334,26.64
2021-02-23 06:00:00,96.0,173.0,73.49000000000001,25.88
2021-02-23 07:00:00,111.2,173.0,72.82166666666667,25.72
2021-02-23 08:00:00,98.6,162.36,68.2175,26.95
2021-02-23 09:00:00,112.12,217.0,59.205000000000005,30.73
2021-02-23 10:00:00,100.5,220.5375,54.67000000000001,31.008333333333336
2021-02-23 11:00:00,110.61,226.9675,50.9,32.91416666666667
2021-02-23 12:00:00,101.39,221.45545454545456,47.610833333333325,34.119166666666665
2021-02-23 13:00:00,91.0,200.25,49.7525,39.91
2021-02-23 14:00:00,67.68,186.38400000000001,51.246,34.229
2021-02-23 15:00:00,60.0,121.0,51.13083333333333,39.7
2021-02-23 16:00:00,60.0,121.0,52.19499999999999,39.28
2021-02-23 17:00:00,85.0123076923077,191.59166666666667,59.93166666666667,36.92
2021-02-23 18:00:00,87.0,194.0,60.80916666666666,34.83
2021-02-23 19:00:00,111.0,222.0,58.67416666666668,33.12
2021-02-23 20:00:00,111.9,220.11,60.7125,32.74
2021-02-23 21:00:00,90.47,160.68,61.90999999999999,31.53
2021-02-23 22:00:00,134.66,267.37,64.87916666666666,30.74
2021-02-23 23:00:00,169.61,346.0,67.58833333333334,29.93
2021-02-24 00:00:00,197.22,421.33,71.11666666666666,29.46
2021-02-24 01:00:00,181.1,282.44,72.69333333333333,28.49
2021-02-24 02:00:00,175.41,260.75,73.795,28.2
2021-02-24 03:00:00,149.72,276.0,75.3475,27.43
2021-02-24 04:00:00,118.29,189.17,76.81,26.74
2021-02-24 05:00:00,111.39,170.78,77.38583333333332,26.56
2021-02-24 06:00:00,106.5,157.72,77.64833333333333,25.85
2021-02-24 07:00:00,110.48,211.78,76.74600000000001,25.63
2021-02-24 08:00:00,122.7,197.0,71.59666666666665,27.08
2021-02-24 09:00:00,115.0,203.61,59.810833333333335,29.73
2021-02-24 10:00:00,121.2,216.24,50.53916666666667,33.35
2021-02-24 11:00:00,95.9,224.56,45.16083333333333,36.41
2021-02-24 12:00:00,69.6,166.44,44.379999999999995,39.22
2021-02-24 13:00:00,57.13,151.7,43.45727272727273,41.08
2021-02-24 14:00:00,57.8,128.36,44.3225,41.5
2021-02-24 15:00:00,56.82,120.1,48.37833333333333,41.03
2021-02-24 16:00:00,68.18769230769232,167.06166666666667,47.04916666666666,39.28
2021-02-24 17:00:00,88.0,205.0,48.2725,37.26
2021-02-24 18:00:00,97.9,216.3,52.215,35.34
2021-02-24 19:00:00,144.9,248.07,55.1925,33.39
2021-02-24 20:00:00,197.7,462.18,56.277499999999996,32.94
2021-02-24 21:00:00,130.32,273.43,58.979166666666664,31.84
2021-02-24 22:00:00,112.13,292.13,60.37583333333333,31.27
2021-02-24 23:00:00,93.0,222.22,63.48166666666666,31.09
2021-02-25 00:00:00,73.06,141.72,66.01333333333334,30.13
2021-02-25 01:00:00,79.12,162.5,68.31636363636363,29.02
2021-02-25 02:00:00,88.08,191.0,72.66615384615385,28.3
2021-02-25 03:00:00,115.1,238.22,72.18461538461538,27.77
2021-02-25 04:00:00,114.41,227.78,72.46384615384616,27.45
2021-02-25 05:00:00,128.36,207.19,71.43230769230769,26.73
2021-02-25 06:00:00,128.2,192.78,72.21750000000002,26.21
2021-02-25 07:00:00,135.2,213.72,70.17076923076922,26.04
2021-02-25 08:00:00,211.37,343.44,63.855,27.98
2021-02-25 09:00:00,179.5,352.89,51.839166666666664,30.41
2021-02-25 10:00:00,117.58,209.44,44.635384615384616,33.34
2021-02-25 11:00:00,93.06,201.0,43.060769230769225,36.24
2021-02-25 12:00:00,83.82,175.43,47.646363636363624,39.38
2021-02-25 13:00:00,84.8,162.67,49.01500000000001,41.34
2021-02-25 14:00:00,57.19,126.53,49.474999999999994,41.56
2021-02-25 15:00:00,58.5,126.0,52.04666666666666,38.68
2021-02-25 16:00:00,82.33,193.06,53.43416666666666,38.19
2021-02-25 17:00:00,79.62,194.17,55.306999999999995,37.08
2021-02-25 18:00:00,87.0,344.0,57.23666666666666,35.39
2021-02-25 19:00:00,63.67,184.39,56.772000000000006,34.05
2021-02-25 20:00:00,64.59,138.17,58.095000000000006,32.96
2021-02-25 21:00:00,59.62,128.47,58.156666666666666,31.93
2021-02-25 22:00:00,70.66,123.28,59.907500000000006,30.77
2021-02-25 23:00:00,84.6,209.89,66.33416666666666,29.9
2021-02-26 00:00:00,99.42,235.78,71.0225,29.2
2021-02-26 01:00:00,54.75,212.0,79.31166666666667,28.33
2021-02-26 02:00:00,44.14833333333333,206.33,82.32583333333332,24.972499999999997
2021-02-26 03:00:00,43.28000000000001,243.67,83.50833333333333,24.553333333333338
2021-02-26 04:00:00,46.527499999999996,187.44,83.85818181818182,26.17
2021-02-26 05:00:00,47.03416666666667,148.0,82.7790909090909,25.66
2021-02-26 06:00:00,50.627272727272725,175.33,77.02,25.4
2021-02-26 07:00:00,56.07818181818182,127.03800000000001,71.12545454545456,24.281818181818178
2021-02-26 08:00:00,58.396666666666675,130.76363636363638,63.06636363636364,26.864545454545453
2021-02-26 09:00:00,58.01769230769231,145.3975,53.1709090909091,29.44090909090909
2021-02-26 10:00:00,57.5623076923077,147.7775,46.168333333333344,31.748333333333335
2021-02-26 11:00:00,55.68785714285714,146.30769230769232,46.402307692307694,35.8
2021-02-26 12:00:00,53.0,154.0,47.43307692307691,38.28
2021-02-26 13:00:00,21.2,97.33,49.559999999999995,40.25
2021-02-26 14:00:00,69.49,95.56,47.99615384615385,40.47
2021-02-26 15:00:00,78.0,80.0,46.07923076923077,39.58
2021-02-26 16:00:00,79.78,85.64,46.879230769230766,38.81
2021-02-26 17:00:00,81.8,137.0,45.39166666666667,36.76
2021-02-26 18:00:00,145.56,155.56,52.024166666666666,34.79
2021-02-26 19:00:00,40.40071428571429,127.15416666666665,59.87307692307692,32.97
2021-02-26 20:00:00,105.0,213.0,67.2,31.61
2021-02-26 21:00:00,160.63,235.67,73.56692307692308,30.25
2021-02-26 22:00:00,98.81,227.56,77.03461538461538,29.17
2021-02-26 23:00:00,37.41,210.0,77.8953846153846,28.42
2021-02-27 00:00:00,40.684999999999995,183.5,78.24076923076925,28.02
2021-02-27 01:00:00,36.96846153846154,146.11,79.37769230769231,27.23
2021-02-27 02:00:00,40.18083333333333,119.44,81.25363636363636,26.35
2021-02-27 03:00:00,37.02333333333333,157.0,83.08555555555557,25.83
2021-02-27 04:00:00,44.19555555555556,103.30777777777777,83.9675,23.23125
2021-02-27 05:00:00,39.20700000000001,85.21333333333332,89.0788888888889,23.39333333333333
2021-02-27 06:00:00,42.94,153.05,85.57111111111111,24.24
2021-02-27 07:00:00,45.61285714285714,98.584,81.96199999999999,23.172000000000004
2021-02-27 08:00:00,60.565999999999995,208.0,73.39777777777778,24.3
2021-02-27 09:00:00,62.7025,199.0,60.712857142857146,27.58
2021-02-27 10:00:00,55.799285714285716,177.28,52.096923076923076,31.54
2021-02-27 11:00:00,51.39,159.94,51.49846153846154,35.37
2021-02-27 12:00:00,47.160000000000004,167.5,54.559999999999995,39.23
2021-02-27 13:00:00,42.89846153846155,161.39,56.804545454545455,41.54
2021-02-27 14:00:00,42.40857142857143,100.63,58.869230769230775,42.21
2021-02-27 15:00:00,34.82,87.59,57.2023076923077,40.13
2021-02-27 16:00:00,14.62,155.0,51.722307692307695,38.67
2021-02-27 17:00:00,35.12142857142857,161.0,51.47461538461538,37.65
2021-02-27 18:00:00,145.8,191.19,57.40416666666666,36.4
2021-02-27 19:00:00,38.87071428571428,159.94,61.35583333333333,34.64
2021-02-27 20:00:00,46.30428571428571,199.65,59.55,33.35
2021-02-27 21:00:00,53.64214285714286,181.25,61.30583333333334,32.68
2021-02-27 22:00:00,64.37642857142858,172.0,63.76846153846154,32.48
2021-02-27 23:00:00,65.50142857142858,145.56,68.87181818181818,31.46
2021-02-28 00:00:00,57.14571428571429,177.13,73.89,30.92
2021-02-28 01:00:00,52.767500000000005,169.58,76.02272727272728,29.45
2021-02-28 02:00:00,48.666153846153854,252.0,76.09333333333335,28.05
2021-02-28 03:00:00,46.06846153846153,242.0,77.3275,27.39
2021-02-28 04:00:00,43.63230769230769,242.0,77.28583333333333,27.05
2021-02-28 05:00:00,42.47615384615384,190.0,76.52833333333332,26.36
2021-02-28 06:00:00,44.06153846153846,221.17,76.16916666666667,25.69
2021-02-28 07:00:00,52.88461538461539,236.33,75.39916666666669,25.95
2021-02-28 08:00:00,61.49272727272728,202.11,62.97099999999999,27.04
2021-02-28 09:00:00,72.88583333333334,215.15,50.89818181818182,30.28
2021-02-28 10:00:00,74.22454545454546,197.07,42.46636363636364,33.67
2021-02-28 11:00:00,67.8225,175.17,42.098181818181814,37.25
2021-02-28 12:00:00,61.93454545454544,136.67,46.188,40.73
2021-02-28 13:00:00,56.71,96.16,46.998333333333335,43.5
2021-02-28 14:00:00,53.88166666666666,95.89,48.75181818181818,34.02636363636364
2021-02-28 15:00:00,52.37583333333333,73.4,49.04750000000001,33.67000000000001
2021-02-28 16:00:00,56.8525,142.0,49.78636363636363,33.287272727272736
2021-02-28 17:00:00,56.88166666666666,162.44,52.70249999999999,38.54
2021-02-28 18:00:00,58.6625,147.06,58.61272727272728,36.86
2021-02-28 19:00:00,59.176153846153845,165.0,57.822307692307696,35.03
2021-02-28 20:00:00,58.046923076923086,182.05,59.423333333333325,33.85
2021-02-28 21:00:00,59.29153846153846,206.25,61.24,32.92
2021-02-28 22:00:00,64.34769230769231,225.1,63.018333333333324,27.510833333333334
2021-02-28 23:00:00,71.56692307692309,129.44,63.43000000000001,27.03
2021-03-01 00:00:00,76.46076923076923,107.85,64.89083333333333,26.735
2021-03-01 01:00:00,66.54416666666667,102.28,65.50846153846155,26.493076923076924
2021-03-01 02:00:00,57.32230769230769,100.11,66.34083333333334,26.283333333333335
2021-03-01 03:00:00,53.114615384615384,99.0,64.97833333333332,26.155833333333334
2021-03-01 04:00:00,54.54923076923077,128.35,63.254166666666656,25.902500000000003
2021-03-01 05:00:00,52.90615384615384,145.11,64.45818181818181,25.30636363636364
2021-03-01 06:00:00,53.63461538461539,161.17,66.41250000000001,24.75666666666667
2021-03-01 07:00:00,61.669230769230765,186.0,68.35636363636364,24.40272727272727
2021-03-01 08:00:00,74.98384615384616,198.31,61.55583333333333,27.16333333333333
2021-03-01 09:00:00,82.16461538461537,212.0,50.78333333333333,31.165000000000003
2021-03-01 10:00:00,74.36384615384614,212.0,45.95153846153846,33.606153846153845
2021-03-01 11:00:00,97.0,220.03,46.57307692307692,34.57
2021-03-01 12:00:00,69.19,137.0,49.078461538461525,34.94692307692307
2021-03-01 13:00:00,43.23,106.91,49.06461538461539,34.88461538461537
2021-03-01 14:00:00,33.83,100.0,50.61384615384616,34.863076923076925
2021-03-01 15:00:00,24.96,78.0,50.662307692307685,34.74153846153846
2021-03-01 16:00:00,80.11,96.0,52.48230769230769,33.92076923076923
2021-03-01 17:00:00,35.42,174.01833333333332,56.283076923076926,32.55769230769231
2021-03-01 18:00:00,63.74692307692308,216.0,60.70249999999999,30.955
2021-03-01 19:00:00,61.34857142857142,162.17384615384617,65.52153846153847,29.583846153846146
2021-03-01 20:00:00,62.212857142857146,170.37846153846155,67.85307692307694,28.837692307692308
2021-03-01 21:00:00,68.44285714285715,172.2061538461538,65.69538461538461,28.50615384615385
2021-03-01 22:00:00,69.43428571428572,197.0,65.17923076923077,28.03846153846154
2021-03-01 23:00:00,76.29357142857144,188.43615384615384,67.23461538461538,27.305384615384618
2021-03-02 00:00:00,79.87307692307692,230.60833333333335,67.28750000000001,27.175
2021-03-02 01:00:00,82.96333333333334,244.34166666666673,69.4775,26.749166666666664
2021-03-02 02:00:00,79.16461538461537,133.0,70.745,26.586666666666662
2021-03-02 03:00:00,66.25076923076922,129.0,71.49000000000001,25.85083333333333
2021-03-02 04:00:00,66.97307692307692,169.0,73.39333333333333,25.021666666666665
2021-03-02 05:00:00,72.72249999999998,199.89272727272729,73.52583333333332,24.618333333333336
2021-03-02 06:00:00,66.64416666666666,187.9509090909091,73.49749999999999,24.415000000000003
2021-03-02 07:00:00,73.77692307692305,187.08166666666668,75.63916666666665,24.44666666666667
2021-03-02 08:00:00,88.70615384615385,223.4775,66.65499999999999,27.753333333333334
2021-03-02 09:00:00,91.57923076923076,253.0,54.07416666666668,31.38083333333333
2021-03-02 10:00:00,89.33428571428571,244.86461538461538,43.958333333333336,33.895
2021-03-02 11:00:00,74.0,200.56846153846152,35.988461538461536,35.63230769230769
2021-03-02 12:00:00,48.33,152.84416666666667,42.03083333333333,35.29749999999999
2021-03-02 13:00:00,27.1,132.52,43.8775,34.90083333333333
2021-03-02 14:00:00,26.79,131.2223076923077,44.935,34.71666666666667
2021-03-02 15:00:00,27.0,153.64153846153846,44.73,34.333333333333336
2021-03-02 16:00:00,51.03,158.4176923076923,45.34,33.60692307692308
2021-03-02 17:00:00,74.7,142.9253846153846,45.3,32.38846153846154
2021-03-02 18:00:00,56.39,174.0,46.18461538461539,30.64307692307693
2021-03-02 19:00:00,53.11,153.2869230769231,46.90538461538461,29.341538461538455
2021-03-02 20:00:00,55.67,125.49,46.566923076923075,28.456923076923076
2021-03-02 21:00:00,118.77,110.04384615384615,43.58461538461539,27.568461538461538
2021-03-02 22:00:00,94.02,139.76153846153846,43.13,26.473076923076924
2021-03-02 23:00:00,79.0,160.19384615384615,46.47916666666666,25.758333333333336
2021-03-03 00:00:00,71.84,136.0,51.07307692307692,25.156923076923075
2021-03-03 01:00:00,62.03,185.79384615384612,54.68615384615384,24.959230769230768
2021-03-03 02:00:00,26.14,137.34999999999997,54.659230769230774,24.926923076923075
2021-03-03 03:00:00,54.29571428571429,130.22916666666669,52.93769230769231,24.763846153846153
2021-03-03 04:00:00,59.80357142857143,136.65666666666667,51.72769230769231,24.408461538461538
2021-03-03 05:00:00,68.12,193.23,53.385,23.834166666666665
2021-03-03 06:00:00,29.33,236.0,56.60833333333333,23.176666666666666
2021-03-03 07:00:00,64.97153846153846,157.7141666666666,57.55833333333333,23.376666666666665
2021-03-03 08:00:00,80.60000000000001,194.5566666666667,51.27,26.51583333333333
2021-03-03 09:00:00,84.55461538461539,288.0,40.79333333333333,30.7825
2021-03-03 10:00:00,92.31923076923076,226.415,36.056153846153855,33.371538461538464
2021-03-03 11:00:00,83.7,178.8,34.644615384615385,35.37153846153846
2021-03-03 12:00:00,88.52,155.11,35.950769230769225,36.356923076923074
2021-03-03 13:00:00,76.34,150.21,40.84538461538462,36.16846153846154
2021-03-03 14:00:00,43.6,121.67,41.83692307692308,36.54384615384616
2021-03-03 15:00:00,29.27,90.02,45.29615384615386,35.56153846153847
2021-03-03 16:00:00,29.8,76.0,50.83846153846154,34.00538461538462
2021-03-03 17:00:00,68.12142857142855,195.0784615384615,58.709230769230764,31.81538461538461
2021-03-03 18:00:00,191.95,229.83,66.2423076923077,29.57615384615385
2021-03-03 19:00:00,197.18,297.57,68.5023076923077,28.39923076923077
2021-03-03 20:00:00,123.53,373.72,70.22999999999999,27.686923076923083
2021-03-03 21:00:00,35.2,303.9,71.02000000000001,27.0223076923077
2021-03-03 22:00:00,43.95,289.26,72.19923076923077,26.413846153846155
2021-03-03 23:00:00,19.01,281.39,73.83615384615385,25.97846153846154
2021-03-04 00:00:00,79.35714285714286,247.0,73.14999999999999,25.49923076923077
2021-03-04 01:00:00,82.80923076923077,287.62,70.78153846153845,25.206923076923072
2021-03-04 02:00:00,79.58571428571427,272.0,70.27,24.90230769230769
2021-03-04 03:00:00,73.99785714285713,258.78,69.19923076923075,24.533846153846152
2021-03-04 04:00:00,77.78142857142858,285.47,69.38,24.004615384615384
2021-03-04 05:00:00,80.68357142857143,269.06,71.62153846153845,23.513846153846153
2021-03-04 06:00:00,85.05714285714285,287.0,73.43615384615386,23.41230769230769
2021-03-04 07:00:00,96.68846153846154,321.08,75.04583333333333,23.608333333333334
2021-03-04 08:00:00,102.03142857142858,236.94153846153847,64.82923076923076,26.672307692307694
2021-03-04 09:00:00,118.5076923076923,268.6884615384615,49.889230769230764,31.076153846153844
2021-03-04 10:00:00,109.6223076923077,365.0,38.621538461538464,34.32230769230769
2021-03-04 11:00:00,91.68285714285715,235.23,33.91692307692308,36.40153846153846
2021-03-04 12:00:00,75.15214285714285,184.56,34.58307692307692,37.105384615384615
2021-03-04 13:00:00,33.0,145.17,37.95,36.48461538461539
2021-03-04 14:00:00,21.34,88.0,40.08416666666667,35.62
2021-03-04 15:00:00,22.7,73.83,41.339999999999996,35.097692307692306
2021-03-04 16:00:00,9.2,105.2,40.85153846153845,34.52615384615384
2021-03-04 17:00:00,132.79,216.56,43.404999999999994,33.71999999999999
2021-03-04 18:00:00,50.366153846153836,147.25923076923075,50.8976923076923,31.527692307692313
2021-03-04 19:00:00,94.95,203.87,56.755384615384614,30.032307692307693
2021-03-04 20:00:00,75.62785714285714,298.56,59.41999999999999,28.936666666666667
2021-03-04 21:00:00,86.69214285714285,431.5,64.11846153846153,27.590769230769233
2021-03-04 22:00:00,106.51928571428572,435.22,66.96615384615384,26.86769230769231
2021-03-04 23:00:00,109.52214285714287,379.0,70.73230769230769,25.94538461538461
2021-03-05 00:00:00,108.7969230769231,396.45,73.43076923076924,25.415384615384614
2021-03-05 01:00:00,104.76100000000001,381.9,76.2218181818182,24.937272727272724
2021-03-05 02:00:00,101.32545454545453,305.22,78.16272727272728,24.562727272727273
2021-03-05 03:00:00,98.10909090909091,388.14,79.18272727272728,24.09090909090909
2021-03-05 04:00:00,92.43,346.58,80.12818181818183,23.88454545454545
2021-03-05 05:00:00,96.78727272727274,270.12,81.21363636363635,23.503636363636364
2021-03-05 06:00:00,97.8509090909091,279.26,82.22272727272728,23.10454545454545
2021-03-05 07:00:00,104.25545454545454,259.43,80.8809090909091,23.470000000000002
2021-03-05 08:00:00,117.34272727272727,305.17,69.17818181818183,27.076363636363638
2021-03-05 09:00:00,128.58363636363637,336.33,49.81636363636364,32.234545454545454
2021-03-05 10:00:00,126.36636363636362,357.83,34.143636363636354,35.53818181818182
2021-03-05 11:00:00,107.0,195.23,31.885833333333334,36.39666666666667
2021-03-05 12:00:00,81.89,154.83,37.55692307692308,36.209999999999994
2021-03-05 13:00:00,53.89,129.39,41.28692307692308,35.67153846153846
2021-03-05 14:00:00,52.8,107.16,45.423846153846156,35.06692307692308
2021-03-05 15:00:00,43.13,82.32,45.553076923076915,34.73076923076923
2021-03-05 16:00:00,50.95,138.78,47.85000000000001,33.95307692307693
2021-03-05 17:00:00,43.92,164.73,54.77538461538461,32.42230769230769
2021-03-05 18:00:00,72.52,186.84,58.565384615384616,30.691538461538464
2021-03-05 19:00:00,88.55,209.78,62.31230769230769,29.141538461538463
2021-03-05 20:00:00,121.38,269.73,66.26153846153845,27.99692307692308
2021-03-05 21:00:00,131.28,299.52,71.17692307692307,27.093076923076925
2021-03-05 22:00:00,146.35,328.47,75.33923076923077,26.62846153846154
2021-03-05 23:00:00,130.06,286.43,78.43692307692308,26.192307692307686
2021-03-06 00:00:00,133.37,270.7,81.0123076923077,25.79
2021-03-06 01:00:00,110.67,260.0,83.01230769230769,25.76076923076923
2021-03-06 02:00:00,108.89,227.8,84.42307692307692,25.46769230769231
2021-03-06 03:00:00,108.11,207.22,86.63923076923076,25.110769230769225
2021-03-06 04:00:00,117.05,435.96,88.4423076923077,24.77846153846154
2021-03-06 05:00:00,138.57,240.8,89.2969230769231,24.594615384615388
2021-03-06 06:00:00,144.59,216.74,89.82692307692308,24.391538461538463
2021-03-06 07:00:00,147.69,234.89,89.43538461538462,24.591538461538462
2021-03-06 08:00:00,124.67,272.92,86.19307692307692,26.405384615384612
2021-03-06 09:00:00,54.22,328.96,77.83,29.051538461538463
2021-03-06 10:00:00,78.09615384615384,305.16,68.63846153846154,30.910769230769233
2021-03-06 11:00:00,39.38,334.0,66.15846153846154,31.807692307692307
2021-03-06 12:00:00,76.49076923076923,247.0,66.09833333333334,32.8175
2021-03-06 13:00:00,71.14500000000001,229.0,67.1323076923077,32.53153846153846
2021-03-06 14:00:00,98.0,186.0,66.1423076923077,32.574615384615385
2021-03-06 15:00:00,169.73,202.1,62.24923076923076,32.39692307692307
2021-03-06 16:00:00,84.56,190.0,62.48230769230769,31.872307692307693
2021-03-06 17:00:00,54.22,164.0,66.47384615384615,30.868461538461535
2021-03-06 18:00:00,51.1,169.0,67.75666666666666,29.735833333333336
2021-03-06 19:00:00,58.18,177.52,76.01666666666667,28.174166666666665
2021-03-06 20:00:00,69.77,185.2,81.53769230769231,27.177692307692308
2021-03-06 21:00:00,68.32,117.3876923076923,83.62384615384615,26.630769230769236
2021-03-06 22:00:00,63.52,155.0,84.93538461538462,25.976153846153846
2021-03-06 23:00:00,71.96,174.95,85.74153846153845,25.411538461538466
2021-03-07 00:00:00,89.02,200.67,85.3776923076923,24.89692307692308
2021-03-07 01:00:00,97.25,217.0,85.53153846153845,24.355384615384615
2021-03-07 02:00:00,89.92,217.0,85.50692307692307,23.89692307692308
2021-03-07 03:00:00,84.53,185.0,87.635,23.22583333333333
2021-03-07 04:00:00,79.53,177.43,85.14076923076924,23.176923076923078
2021-03-07 05:00:00,86.18,188.0,85.1875,22.939999999999998
2021-03-07 06:00:00,87.89,191.79,84.6675,22.809166666666666
2021-03-07 07:00:00,100.56,195.0,84.00666666666666,23.1725
2021-03-07 08:00:00,122.64,226.0,76.53846153846152,26.09384615384615
2021-03-07 09:00:00,98.17,203.2,57.51615384615384,30.684615384615384
2021-03-07 10:00:00,108.42,236.0,47.09461538461539,32.559999999999995
2021-03-07 11:00:00,78.62,198.48,38.92923076923077,34.28923076923077
2021-03-07 12:00:00,63.58,156.24,39.9275,34.92166666666667
2021-03-07 13:00:00,46.75,125.76,42.876666666666665,34.81666666666667
2021-03-07 14:00:00,36.05,97.0,38.62454545454546,35.690909090909095
2021-03-07 15:00:00,14.47,99.0,40.05,34.68692307692307
2021-03-07 16:00:00,21.076153846153847,108.47,41.3925,33.6075
2021-03-07 17:00:00,22.42,123.0,44.62416666666667,32.22916666666667
2021-03-07 18:00:00,18.704285714285714,122.0,49.111538461538466,30.439230769230768
2021-03-07 19:00:00,200.0,124.37,54.9476923076923,28.84384615384615
2021-03-07 20:00:00,166.0,177.0,58.421538461538475,27.716923076923077
2021-03-07 21:00:00,79.02,108.98769230769228,62.68166666666667,26.512500000000003
2021-03-07 22:00:00,28.52,130.21,63.51384615384616,25.786923076923078
2021-03-07 23:00:00,145.07,304.0,64.70416666666667,24.945833333333336
2021-03-08 00:00:00,47.505384615384614,431.0,63.83083333333334,24.570833333333336
2021-03-08 01:00:00,46.32416666666668,358.1,62.20666666666667,24.4175
2021-03-08 02:00:00,42.44166666666667,291.04,61.53083333333334,23.839166666666667
2021-03-08 03:00:00,42.58166666666667,241.52,61.646666666666675,23.338333333333335
2021-03-08 04:00:00,48.035833333333336,130.20000000000002,63.98818181818182,22.768181818181816
2021-03-08 05:00:00,43.19538461538462,203.0,63.43692307692307,22.786153846153844
2021-03-08 06:00:00,45.46076923076923,201.0,63.61384615384615,22.71153846153846
2021-03-08 07:00:00,57.29076923076923,192.45,62.355384615384615,23.306153846153844
2021-03-08 08:00:00,152.06,282.0,54.769999999999996,26.55230769230769
2021-03-08 09:00:00,162.85,283.58,47.144615384615385,30.025384615384617
2021-03-08 10:00:00,133.1,217.0,43.39,32.309999999999995
2021-03-08 11:00:00,87.96,171.0,42.98727272727273,34.12727272727273
2021-03-08 12:00:00,70.45,175.47,50.04916666666667,33.72166666666667
2021-03-08 13:00:00,42.98,144.74,53.090769230769226,34.30846153846154
2021-03-08 14:00:00,28.37,100.25,53.230833333333344,34.56416666666667
2021-03-08 15:00:00,11.1,90.0,55.62384615384615,33.67076923076923
2021-03-08 16:00:00,216.99,109.53076923076922,58.65692307692307,32.934615384615384
2021-03-08 17:00:00,227.0,104.40538461538462,62.02846153846154,31.650769230769228
2021-03-08 18:00:00,132.48,180.78,65.16999999999999,30.255833333333328
2021-03-08 19:00:00,32.69285714285714,213.0,70.91153846153846,28.68846153846154
2021-03-08 20:00:00,36.17357142857143,262.0,73.69615384615386,27.75846153846154
2021-03-08 21:00:00,39.42285714285714,244.95,75.21923076923078,26.911538461538463
2021-03-08 22:00:00,47.80785714285713,219.3,76.52230769230769,26.283846153846152
2021-03-08 23:00:00,54.84642857142857,258.73,77.66384615384615,25.976153846153846
2021-03-09 00:00:00,52.836428571428556,216.35,79.88153846153847,25.85615384615384
2021-03-09 01:00:00,44.70153846153847,199.79,83.39307692307692,25.50076923076923
2021-03-09 02:00:00,38.48428571428571,186.69,83.75000000000001,25.272307692307688
2021-03-09 03:00:00,35.716923076923074,151.92,80.235,25.425
2021-03-09 04:00:00,33.35928571428571,157.58,81.53692307692307,24.746153846153845
2021-03-09 05:00:00,36.07714285714285,139.06,81.9346153846154,24.286923076923074
2021-03-09 06:00:00,38.74357142857143,171.15,82.36307692307693,23.88923076923077
2021-03-09 07:00:00,47.019285714285715,204.26,82.21153846153844,24.00153846153846
2021-03-09 08:00:00,62.54615384615386,241.97,73.90083333333335,26.532500000000002
2021-03-09 09:00:00,70.075,226.0,60.97307692307693,29.512307692307694
2021-03-09 10:00:00,73.92384615384616,309.0,50.765833333333326,32.47249999999999
2021-03-09 11:00:00,101.0,224.0,45.98923076923077,33.87307692307692
2021-03-09 12:00:00,75.06,177.45,44.29461538461539,34.747692307692304
2021-03-09 13:00:00,61.11,149.28,46.73769230769231,34.738461538461536
2021-03-09 14:00:00,50.13,135.55,45.77916666666667,34.92333333333334
2021-03-09 15:00:00,32.01,112.27,44.68,34.90416666666667
2021-03-09 16:00:00,40.73,137.52,45.48090909090909,34.32090909090909
2021-03-09 17:00:00,67.05,192.05,48.290909090909096,33.18545454545455
2021-03-09 18:00:00,83.46,223.42,53.0790909090909,31.426363636363636
2021-03-09 19:00:00,110.86,266.68,57.65909090909092,29.819999999999997
2021-03-09 20:00:00,159.62,340.0,55.99583333333334,29.180000000000003
2021-03-09 21:00:00,147.11,295.48,55.57749999999999,28.30666666666667
2021-03-09 22:00:00,116.38,233.15,56.77000000000001,27.580833333333334
2021-03-09 23:00:00,92.43,182.59,61.48833333333332,26.5625
2021-03-10 00:00:00,73.03,176.11,65.85333333333331,25.912499999999998
2021-03-10 01:00:00,88.0,184.53,69.65545454545455,25.676363636363636
2021-03-10 02:00:00,106.1,199.2,75.49181818181818,25.482727272727278
2021-03-10 03:00:00,134.02,115.11181818181818,79.17909090909092,25.235454545454548
2021-03-10 04:00:00,110.1,81.48181818181818,78.56727272727272,25.020000000000003
2021-03-10 05:00:00,113.28,72.70727272727272,76.48363636363636,24.629090909090905
2021-03-10 06:00:00,122.05,96.64545454545454,75.868,24.154999999999994
2021-03-10 07:00:00,123.0,133.65545454545455,72.29272727272726,24.570909090909094
2021-03-10 08:00:00,84.03,177.84181818181818,66.80272727272727,26.69727272727273
2021-03-10 09:00:00,67.37,205.55800000000005,55.13999999999999,29.865454545454543
2021-03-10 10:00:00,29.04,196.84454545454545,49.48363636363636,32.76272727272727
2021-03-10 11:00:00,69.20899999999999,171.27375,46.02181818181818,33.76181818181818
2021-03-10 12:00:00,163.0,175.247,49.8109090909091,34.64363636363636
2021-03-10 13:00:00,68.82,151.0,55.8975,33.82333333333333
2021-03-10 14:00:00,41.51461538461539,120.6,59.059999999999995,33.681666666666665
2021-03-10 15:00:00,36.65384615384616,108.0,60.965,33.18
2021-03-10 16:00:00,37.46923076923077,160.0,60.42083333333334,32.540000000000006
2021-03-10 17:00:00,42.59538461538462,181.78,60.1275,31.550000000000008
2021-03-10 18:00:00,59.03,188.68,62.784166666666664,30.16916666666666
2021-03-10 19:00:00,91.05,214.57,68.24083333333333,28.86916666666667
2021-03-10 20:00:00,45.7,283.25,67.365,28.233333333333334
2021-03-10 21:00:00,16.89,309.73,67.86272727272727,27.61636363636364
2021-03-10 22:00:00,66.52384615384615,337.52,70.78583333333333,26.655
2021-03-10 23:00:00,78.38461538461539,306.7,72.91583333333334,26.30666666666667
2021-03-11 00:00:00,77.96307692307693,288.8,76.26916666666666,25.974999999999998
2021-03-11 01:00:00,76.1075,340.1,79.26416666666667,25.698333333333327
2021-03-11 02:00:00,66.43076923076923,249.22,81.25166666666668,25.694999999999993
2021-03-11 03:00:00,55.73692307692307,233.58,81.78166666666665,25.620833333333334
2021-03-11 04:00:00,137.0,237.75,81.73666666666666,25.070833333333336
2021-03-11 05:00:00,140.58,222.84,78.48818181818181,24.55363636363636
2021-03-11 06:00:00,115.06,195.4,77.57416666666667,23.99
2021-03-11 07:00:00,129.05,235.8,76.14666666666666,24.3225
2021-03-11 08:00:00,140.84,281.83,69.49916666666667,27.050833333333333
2021-03-11 09:00:00,134.84,282.11,59.69416666666668,30.044166666666666
2021-03-11 10:00:00,155.47,246.85,58.07416666666666,31.63
2021-03-11 11:00:00,71.98,195.75,61.64000000000001,31.97333333333334
2021-03-11 12:00:00,39.08416666666667,170.27,66.29272727272725,31.518181818181816
2021-03-11 13:00:00,33.04916666666667,152.9,66.13545454545455,31.53909090909091
2021-03-11 14:00:00,27.42615384615385,155.8,61.34,31.8025
2021-03-11 15:00:00,43.0,162.63,59.1,31.909999999999997
2021-03-11 16:00:00,38.53,142.1,61.26749999999999,31.40166666666667
2021-03-11 17:00:00,41.58,134.37,64.7325,30.185
2021-03-11 18:00:00,43.79,130.21,71.61749999999999,28.5275
2021-03-11 19:00:00,52.08,156.52,77.14166666666667,27.47666666666667
2021-03-11 20:00:00,70.0,159.9,76.6275,26.958333333333332
2021-03-11 21:00:00,69.32,160.0,76.06000000000002,26.450833333333335
2021-03-11 22:00:00,62.74,136.32,77.5725,25.94
2021-03-11 23:00:00,26.18,125.5,79.3325,25.435833333333335
2021-03-12 00:00:00,125.8,151.03,79.45333333333333,25.162500000000005
2021-03-12 01:00:00,84.81,163.7,78.94083333333334,24.91
2021-03-12 02:00:00,47.53,187.68,76.82333333333334,24.798333333333332
2021-03-12 03:00:00,19.5,185.21,77.27,24.485
2021-03-12 04:00:00,37.082307692307694,149.9,79.52666666666666,23.912499999999998
2021-03-12 05:00:00,35.45307692307693,157.4,81.67833333333333,23.49416666666667
2021-03-12 06:00:00,93.02,182.63,83.56083333333333,23.355
2021-03-12 07:00:00,63.75,180.2,83.67333333333333,23.985833333333332
2021-03-12 08:00:00,49.16,219.9,77.37250000000002,26.37666666666667
2021-03-12 09:00:00,39.95,242.84,64.46000000000001,29.483636363636364
2021-03-12 10:00:00,79.25,177.69,52.902727272727276,31.231818181818184
2021-03-12 11:00:00,49.16,175.8,49.00545454545454,32.37272727272727
2021-03-12 12:00:00,19.8,142.7,47.220833333333324,33.455833333333324
2021-03-12 13:00:00,37.026923076923076,114.37,55.298333333333325,33.208333333333336
2021-03-12 14:00:00,32.79769230769231,124.7,58.848333333333336,32.755833333333335
2021-03-12 15:00:00,28.0,82.0,59.306666666666665,32.9275
2021-03-12 16:00:00,36.66,103.47,58.81916666666666,32.891666666666666
2021-03-12 17:00:00,34.62076923076923,106.0,59.25333333333333,31.75083333333333
2021-03-12 18:00:00,56.0,140.2,58.40416666666667,30.653333333333336
2021-03-12 19:00:00,88.2,240.8,58.15416666666667,29.526666666666667
2021-03-12 20:00:00,80.37,212.85,62.175833333333344,28.459166666666672
2021-03-12 21:00:00,93.31,227.15,66.07666666666667,27.39333333333333
2021-03-12 22:00:00,120.05,297.0,69.72500000000001,26.6875
2021-03-12 23:00:00,74.7,171.02,71.05583333333333,26.188333333333333
2021-03-13 00:00:00,65.43,136.53,73.46727272727273,25.752727272727274
2021-03-13 01:00:00,64.11,135.0,76.75083333333332,25.99083333333333
2021-03-13 02:00:00,76.48,132.15,80.27166666666668,25.725833333333338
2021-03-13 03:00:00,65.48,140.55,79.1225,25.40416666666667
2021-03-13 04:00:00,73.84,134.35,77.345,25.058333333333334
2021-03-13 05:00:00,95.57,161.55,77.53909090909092,24.766363636363636
2021-03-13 06:00:00,108.73,169.65,76.59,24.478181818181817
2021-03-13 07:00:00,127.0,214.65,73.315,24.99083333333333
2021-03-13 08:00:00,142.42,252.15,67.255,27.486666666666665
2021-03-13 09:00:00,139.52,243.55,52.53583333333333,30.9375
2021-03-13 10:00:00,118.45,253.45,40.779999999999994,33.615
2021-03-13 11:00:00,98.31,189.0,35.098333333333336,35.34
2021-03-13 12:00:00,52.03,152.1,32.52916666666667,36.8625
2021-03-13 13:00:00,58.833333333333336,170.40545454545455,35.31999999999999,37.04750000000001
2021-03-13 14:00:00,21.0,97.0,41.97090909090909,35.98909090909091
2021-03-13 15:00:00,28.16,83.7,42.87833333333333,35.83249999999999
2021-03-13 16:00:00,29.9,78.27,46.25545454545455,33.85454545454545
2021-03-13 17:00:00,59.52,141.65,52.17333333333334,32.32833333333333
2021-03-13 18:00:00,80.83,221.72,59.196666666666665,30.590000000000003
2021-03-13 19:00:00,101.76,268.75,60.88833333333334,29.585000000000004
2021-03-13 20:00:00,113.95,265.43,57.93272727272727,29.36454545454546
2021-03-13 21:00:00,83.69,200.21,56.87818181818182,28.816363636363636
2021-03-13 22:00:00,81.79,553.0,54.795,27.669
2021-03-13 23:00:00,73.97,198.74,56.98363636363636,27.030909090909088
2021-03-14 00:00:00,64.06,153.43,61.26454545454545,26.11818181818182
2021-03-14 01:00:00,59.42,142.5,63.60916666666665,26.150833333333335
2021-03-14 02:00:00,67.05,135.37,65.23583333333333,25.955000000000002
2021-03-14 03:00:00,69.79,177.75,62.63583333333333,25.819999999999997
2021-03-14 04:00:00,84.27,170.5,63.076666666666675,25.49333333333333
2021-03-14 05:00:00,118.99,225.1,62.90083333333333,25.5
2021-03-14 06:00:00,123.89,230.85,66.24166666666667,25.463333333333335
2021-03-14 07:00:00,116.87,247.0,66.40636363636362,25.470909090909092
2021-03-14 08:00:00,118.68,250.79,56.31583333333333,28.261666666666667
2021-03-14 09:00:00,127.05,256.4,46.35999999999999,30.949166666666667
2021-03-14 10:00:00,140.52,269.35,41.07333333333333,33.09166666666667
2021-03-14 11:00:00,105.33,209.2,41.400000000000006,34.16909090909091
2021-03-14 12:00:00,89.34,180.35,45.220909090909096,34.26727272727273
2021-03-14 13:00:00,69.22,139.22,45.57181818181818,34.21545454545455
2021-03-14 14:00:00,52.69,123.74,44.917272727272724,34.43727272727272
2021-03-14 15:00:00,47.42,100.27,41.845454545454544,34.525454545454544
2021-03-14 16:00:00,65.83,146.5,40.67181818181819,33.947272727272725
2021-03-14 17:00:00,81.42,184.15,45.45272727272727,32.87090909090909
2021-03-14 18:00:00,89.24,206.9,51.86,31.04444444444444
2021-03-14 19:00:00,101.63,244.1,56.702999999999996,29.693
2021-03-14 20:00:00,136.09,305.4,59.602,28.619000000000007
2021-03-14 21:00:00,162.36,340.5,61.400000000000006,27.81272727272727
2021-03-14 22:00:00,156.95,320.15,63.056363636363635,27.20272727272727
2021-03-14 23:00:00,193.57,453.9,65.0909090909091,26.939999999999998
2021-03-15 00:00:00,140.93,340.7,67.5690909090909,26.453636363636363
2021-03-15 01:00:00,81.39,179.6,70.35090909090908,25.665454545454544
2021-03-15 02:00:00,77.67,169.1,71.15600000000002,25.426000000000002
2021-03-15 03:00:00,134.35,241.94,72.3390909090909,25.494545454545456
2021-03-15 04:00:00,152.63,262.15,73.31818181818181,25.37090909090909
2021-03-15 05:00:00,187.95,297.2,74.34545454545454,25.05181818181818
2021-03-15 06:00:00,182.16,295.2,73.79727272727273,24.778181818181817
2021-03-15 07:00:00,172.97,321.6,74.04818181818183,25.13
2021-03-15 08:00:00,183.63,392.35,69.31454545454545,27.5
2021-03-15 09:00:00,191.26,377.95,55.901666666666664,31.005
2021-03-15 10:00:00,152.65,278.2,48.173333333333325,32.98499999999999
2021-03-15 11:00:00,122.99,251.15,44.2825,34.380833333333335
2021-03-15 12:00:00,111.95,239.55,47.23083333333333,34.79916666666667
2021-03-15 13:00:00,92.22,197.0,43.20363636363636,35.58181818181818
2021-03-15 14:00:00,56.91,136.38,44.333333333333336,34.90916666666667
2021-03-15 15:00:00,45.86,107.45,44.205000000000005,34.72
2021-03-15 16:00:00,53.04,160.33,43.49583333333334,34.4
2021-03-15 17:00:00,64.7,193.55,43.958333333333336,33.42666666666666
2021-03-15 18:00:00,50.62,159.98,43.192727272727275,32.37090909090909
2021-03-15 19:00:00,54.36,152.0,44.78916666666667,30.953333333333333
2021-03-15 20:00:00,62.15,163.4,44.815,29.9325
2021-03-15 21:00:00,88.94,230.6,45.656666666666666,29.07166666666667
2021-03-15 22:00:00,117.91,367.2,46.50090909090909,28.351818181818178
2021-03-15 23:00:00,86.16,228.65,53.70333333333334,26.9225
2021-03-16 00:00:00,87.36,234.3,56.30833333333334,26.588333333333328
2021-03-16 01:00:00,70.17,214.1,59.4,25.920909090909085
2021-03-16 02:00:00,17.02,167.4,61.25090909090909,25.996363636363636
2021-03-16 03:00:00,137.85,242.22,66.62333333333333,25.705833333333334
2021-03-16 04:00:00,215.42,296.35,68.38250000000001,25.499166666666667
2021-03-16 05:00:00,64.68,224.9,69.26,24.96666666666667
2021-03-16 06:00:00,52.38615384615385,139.82999999999998,67.84333333333335,24.520833333333332
2021-03-16 07:00:00,82.34,231.0,64.99583333333332,25.144166666666667
2021-03-16 08:00:00,271.63,337.4,55.88666666666666,28.295833333333334
2021-03-16 09:00:00,124.83,287.76,47.84916666666666,31.193333333333328
2021-03-16 10:00:00,60.950769230769225,291.9,41.03666666666667,33.48833333333334
2021-03-16 11:00:00,59.32666666666666,265.37,41.367999999999995,35.134
2021-03-16 12:00:00,56.92749999999999,207.0,44.814166666666665,34.843333333333334
2021-03-16 13:00:00,48.52846153846154,175.42,46.909166666666664,34.71
2021-03-16 14:00:00,47.62307692307692,150.34,47.7225,34.768333333333324
2021-03-16 15:00:00,34.77,131.0,47.61363636363637,34.766363636363636
2021-03-16 16:00:00,60.47,176.6,43.57636363636363,34.67090909090909
2021-03-16 17:00:00,78.19,217.95,44.052727272727275,33.67454545454546
2021-03-16 18:00:00,70.19,207.65,46.348,32.579
2021-03-16 19:00:00,66.35,196.0,49.67454545454545,30.884545454545457
2021-03-16 20:00:00,70.47,182.7,48.49666666666667,29.93583333333333
2021-03-16 21:00:00,132.53,336.85,49.33,29.187272727272727
2021-03-16 22:00:00,152.51,530.0,48.59166666666667,28.046666666666667
2021-03-16 23:00:00,174.4,452.39,52.682500000000005,27.17833333333333
2021-03-17 00:00:00,191.31,436.6,60.88916666666666,26.956666666666667
2021-03-17 01:00:00,154.66,333.1,71.408,27.014
2021-03-17 02:00:00,221.33,341.0,77.10181818181819,26.59272727272727
2021-03-17 03:00:00,187.96,317.0,73.55,26.15090909090909
2021-03-17 04:00:00,120.39,204.9,70.16090909090909,25.796363636363637
2021-03-17 05:00:00,109.43,191.0,68.8775,25.074166666666667
2021-03-17 06:00:00,83.99,158.6,70.53181818181818,24.874545454545455
2021-03-17 07:00:00,87.24,193.95,70.045,25.176666666666666
2021-03-17 08:00:00,128.2,252.05,63.52181818181817,27.86545454545455
2021-03-17 09:00:00,138.73,220.7318181818182,52.93818181818181,31.022727272727273
2021-03-17 10:00:00,77.79769230769232,233.02818181818185,43.67818181818182,33.722727272727276
2021-03-17 11:00:00,105.0,242.0,40.09909090909091,35.22636363636364
2021-03-17 12:00:00,83.53,226.8,42.11818181818182,36.053636363636365
2021-03-17 13:00:00,64.0,171.85,46.14454545454546,35.847272727272724
2021-03-17 14:00:00,49.52,145.0,49.158181818181816,34.939090909090915
2021-03-17 15:00:00,45.33,113.65,48.785,34.791666666666664
2021-03-17 16:00:00,57.51,151.6,49.23454545454546,34.20636363636364
2021-03-17 17:00:00,70.63,198.88,49.0725,33.26166666666667
2021-03-17 18:00:00,76.46,212.0,52.80249999999999,32.055
2021-03-17 19:00:00,103.8,274.1,56.61249999999999,30.924166666666665
2021-03-17 20:00:00,130.25,292.0,57.16454545454546,30.233636363636368
2021-03-17 21:00:00,110.71,226.0,54.7375,29.77375
2021-03-17 22:00:00,112.46,246.7,58.26272727272727,28.54454545454545
2021-03-17 23:00:00,84.38,190.1,62.040000000000006,27.787272727272725
2021-03-18 00:00:00,91.7,224.16,66.34583333333335,27.299999999999997
2021-03-18 01:00:00,99.12,226.0,69.9925,27.1375
2021-03-18 02:00:00,345.21,458.75,73.57181818181819,27.008181818181814
2021-03-18 03:00:00,183.59,298.1,73.76545454545455,26.720909090909096
2021-03-18 04:00:00,144.92,242.45,72.40181818181817,26.515454545454546
2021-03-18 05:00:00,174.27,273.35,70.5409090909091,26.255454545454544
2021-03-18 06:00:00,157.45,249.28,66.86416666666666,26.0475
2021-03-18 07:00:00,131.67,229.95,67.91454545454543,26.238181818181815
2021-03-18 08:00:00,128.1,247.05,62.20833333333334,28.30333333333333
2021-03-18 09:00:00,128.9,259.4,54.51454545454545,31.420909090909092
2021-03-18 10:00:00,113.4,224.1463636363637,50.213636363636354,33.16181818181818
2021-03-18 11:00:00,57.0,161.0,49.4725,33.541666666666664
2021-03-18 12:00:00,78.4,198.05,51.23333333333334,33.96916666666667
2021-03-18 13:00:00,81.0,187.65,51.67818181818181,34.444545454545455
2021-03-18 14:00:00,57.86,148.05,57.098333333333336,33.494166666666665
2021-03-18 15:00:00,44.3,114.65,57.31909090909091,33.71727272727273
2021-03-18 16:00:00,77.88,204.47,60.626363636363635,32.657272727272726
2021-03-18 17:00:00,102.51,216.6,62.721818181818186,31.316363636363636
2021-03-18 18:00:00,36.31,200.0,69.31833333333334,29.609999999999996
2021-03-18 19:00:00,47.5476923076923,196.2,67.74454545454546,28.936363636363637
2021-03-18 20:00:00,47.684615384615384,236.85,68.06500000000001,28.221666666666668
2021-03-18 21:00:00,51.087692307692315,210.93,71.38166666666667,27.72416666666666
2021-03-18 22:00:00,54.24307692307692,239.35,75.46333333333332,27.300833333333333
2021-03-18 23:00:00,52.052307692307686,229.6,78.56666666666666,26.93083333333333
2021-03-19 00:00:00,45.2776923076923,257.5,78.52833333333335,26.530833333333334
2021-03-19 01:00:00,46.22636363636364,248.55,77.84909090909092,26.180909090909093
2021-03-19 02:00:00,47.01846153846155,205.25,74.40083333333332,25.799999999999997
2021-03-19 03:00:00,48.873333333333335,211.57,75.51545454545455,25.204545454545453
2021-03-19 04:00:00,51.10923076923076,246.2,75.16083333333334,25.114166666666662
2021-03-19 05:00:00,51.96769230769231,186.07,77.1825,24.63916666666667
2021-03-19 06:00:00,55.23615384615385,226.7,78.59666666666666,24.33916666666667
2021-03-19 07:00:00,60.553076923076915,255.84,77.77,24.973333333333333
2021-03-19 08:00:00,67.44,228.76000000000002,68.48181818181818,27.584545454545456
2021-03-19 09:00:00,69.65384615384616,269.0,54.52333333333333,30.50833333333333
2021-03-19 10:00:00,71.96416666666667,288.95,47.71083333333334,32.51
2021-03-19 11:00:00,104.0,248.2,50.471666666666664,32.997499999999995
2021-03-19 12:00:00,66.55,199.45,54.114545454545464,32.989090909090905
2021-03-19 13:00:00,52.16,150.45,55.24909090909091,32.88818181818181
2021-03-19 14:00:00,54.57,160.35,49.85999999999999,33.195
2021-03-19 15:00:00,65.72,209.0,49.404999999999994,33.285833333333336
2021-03-19 16:00:00,60.76,192.85,48.5975,32.76166666666666
2021-03-19 17:00:00,61.78,185.35,49.5,31.866666666666664
2021-03-19 18:00:00,59.32,186.91,57.943636363636365,30.40727272727273
2021-03-19 19:00:00,94.78,233.19,67.85166666666667,28.4325
2021-03-19 20:00:00,116.83,263.73,73.07090909090908,27.69363636363636
2021-03-19 21:00:00,108.3,246.95,76.12,26.949166666666667
2021-03-19 22:00:00,103.42,231.75,77.525,26.507499999999997
2021-03-19 23:00:00,112.81,241.45,79.73363636363636,26.19181818181818
2021-03-20 00:00:00,146.1,305.65,80.41583333333334,25.811666666666664
2021-03-20 01:00:00,143.69,322.54,80.20916666666666,25.558333333333334
2021-03-20 02:00:00,101.09,334.77,83.15916666666668,25.239166666666662
2021-03-20 03:00:00,68.36,185.9,84.255,25.03833333333333
2021-03-20 04:00:00,70.34,166.6,84.365,24.832499999999996
2021-03-20 05:00:00,59.39,182.15,84.27749999999999,24.55
2021-03-20 06:00:00,66.92,174.45,84.72000000000001,24.35166666666667
2021-03-20 07:00:00,82.27,252.0,87.75166666666667,24.985
2021-03-20 08:00:00,75.95,196.76,83.44166666666668,26.643333333333334
2021-03-20 09:00:00,80.35,208.2,74.90833333333335,28.901666666666667
2021-03-20 10:00:00,66.73,215.4,63.39333333333334,31.065
2021-03-20 11:00:00,69.46,229.3,58.520833333333336,31.310000000000002
2021-03-20 12:00:00,66.43,209.04,55.00833333333333,31.94416666666667
2021-03-20 13:00:00,64.21,187.99,53.19583333333333,32.31499999999999
2021-03-20 14:00:00,105.02,188.91,54.13833333333334,32.305
2021-03-20 15:00:00,92.13,182.33,53.09416666666666,31.939166666666665
2021-03-20 16:00:00,83.76,245.84,52.31999999999999,31.549166666666665
2021-03-20 17:00:00,83.0,249.0,56.126363636363635,30.439999999999998
2021-03-20 18:00:00,49.96384615384616,228.54249999999993,64.345,29.096666666666664
2021-03-20 19:00:00,48.00615384615385,218.79583333333332,71.9225,27.862499999999997
2021-03-20 20:00:00,82.0,292.0,76.55333333333333,27.154166666666665
2021-03-20 21:00:00,76.63,272.0,79.375,26.72083333333333
2021-03-20 22:00:00,68.87,248.25,80.64999999999999,26.340833333333336
2021-03-20 23:00:00,78.7,238.43,82.30916666666666,25.851666666666663
2021-03-21 00:00:00,77.33,235.15,83.8025,25.558333333333326
2021-03-21 01:00:00,74.32,225.5,84.5490909090909,25.245454545454546
2021-03-21 02:00:00,89.16,256.44,85.98916666666668,24.718333333333334
2021-03-21 03:00:00,101.73,272.29,86.87166666666667,24.5125
2021-03-21 04:00:00,90.47,258.6,87.60249999999998,24.219166666666666
2021-03-21 05:00:00,79.87,233.6,88.12083333333332,23.930000000000003
2021-03-21 06:00:00,82.56,248.15,87.08545454545454,24.12
2021-03-21 07:00:00,98.16,298.4,86.08545454545455,24.673636363636362
2021-03-21 08:00:00,104.46,301.95,80.295,26.887500000000003
2021-03-21 09:00:00,113.03,296.3,70.11583333333333,29.383333333333336
2021-03-21 10:00:00,113.11,297.81,61.605999999999995,30.826999999999998
2021-03-21 11:00:00,95.17,288.47,52.48538461538463,32.56692307692308
2021-03-21 12:00:00,95.67,256.56,50.842307692307685,33.160000000000004
2021-03-21 13:00:00,87.96,225.47,50.26692307692308,33.543076923076924
2021-03-21 14:00:00,98.59,252.98,49.122307692307686,33.99999999999999
2021-03-21 15:00:00,84.84,215.03,49.21,33.92153846153846
2021-03-21 16:00:00,76.77,203.47,52.29384615384615,33.17846153846154
2021-03-21 17:00:00,77.78,203.95,59.48769230769231,31.543846153846154
2021-03-21 18:00:00,80.67,219.25,67.65583333333333,29.905
2021-03-21 19:00:00,85.47,235.25,73.29538461538462,28.362307692307695
2021-03-21 20:00:00,92.24,234.1,76.28692307692307,27.443846153846152
2021-03-21 21:00:00,91.22,255.0,79.14846153846155,26.66
2021-03-21 22:00:00,108.89,280.65,80.66923076923075,26.183846153846158
2021-03-21 23:00:00,100.3,305.75,81.80769230769229,25.75153846153846
2021-03-22 00:00:00,102.57,282.0,83.06692307692309,25.31692307692308
2021-03-22 01:00:00,108.36,281.1,83.86846153846153,25.315384615384616
2021-03-22 02:00:00,108.11,245.75,85.11076923076924,25.189999999999998
2021-03-22 03:00:00,117.78,259.25,86.68538461538462,24.92846153846154
2021-03-22 04:00:00,92.25,188.54,87.21846153846155,24.50769230769231
2021-03-22 05:00:00,128.23,274.56,87.18333333333334,24.281666666666666
2021-03-22 06:00:00,110.78,244.7,87.64083333333333,24.21083333333333
2021-03-22 07:00:00,110.67,245.85,86.73083333333334,24.804999999999996
2021-03-22 08:00:00,124.35,290.78,80.67416666666666,27.159166666666664
2021-03-22 09:00:00,124.44,289.36,70.46,29.84916666666666
2021-03-22 10:00:00,115.97,288.05,62.26000000000001,31.983333333333338
2021-03-22 11:00:00,96.28,252.0,54.06,34.0375
2021-03-22 12:00:00,78.84,208.17,56.39833333333334,33.957499999999996
2021-03-22 13:00:00,74.33,202.2,57.10333333333333,33.958333333333336
2021-03-22 14:00:00,67.75,176.35,57.12166666666666,34.026666666666664
2021-03-22 15:00:00,73.24,171.4,54.559090909090905,34.67181818181818
2021-03-22 16:00:00,74.0,215.0,54.225,33.570833333333326
2021-03-22 17:00:00,77.57,242.0,59.286666666666655,32.09000000000001
2021-03-22 18:00:00,76.22,226.75,67.415,30.395833333333332
2021-03-22 19:00:00,71.54,272.47,73.38636363636364,29.41363636363637
2021-03-22 20:00:00,86.16,263.0,74.47166666666665,28.69583333333333
2021-03-22 21:00:00,127.23,366.85,75.965,28.072500000000005
2021-03-22 22:00:00,148.05,363.45,76.89,27.722499999999997
2021-03-22 23:00:00,133.06,362.05,76.73272727272727,27.54818181818182
2021-03-23 00:00:00,115.89,290.75,76.26181818181819,27.375454545454545
2021-03-23 01:00:00,157.69,386.75,75.45333333333333,26.734166666666667
2021-03-23 02:00:00,119.44,290.05,73.52250000000001,26.260833333333338
2021-03-23 03:00:00,109.54,242.12,74.09166666666665,25.688333333333333
2021-03-23 04:00:00,96.62,229.0,71.68818181818182,25.691818181818178
2021-03-23 05:00:00,118.18,232.62,71.98166666666665,25.422499999999996
2021-03-23 06:00:00,122.78,293.02,74.08333333333333,25.11666666666667
2021-03-23 07:00:00,112.32,231.21,72.95083333333334,25.544999999999998
2021-03-23 08:00:00,134.18,291.83,63.28416666666666,28.727499999999996
2021-03-23 09:00:00,115.6,258.0,53.04454545454546,32.199090909090906
2021-03-23 10:00:00,80.9,211.31,48.07,34.17454545454545
2021-03-23 11:00:00,67.19,155.65,46.13,34.61166666666667
2021-03-23 12:00:00,57.98,148.24,46.86916666666667,34.71083333333333
2021-03-23 13:00:00,54.33,141.33,47.86250000000001,34.73916666666666
2021-03-23 14:00:00,49.53,114.32,48.013999999999996,35.409000000000006
2021-03-23 15:00:00,44.54,111.09,48.23363636363636,34.5790909090909
2021-03-23 16:00:00,71.64,269.16,54.03583333333333,33.11666666666667
2021-03-23 17:00:00,66.97,232.22,58.16,31.951666666666668
2021-03-23 18:00:00,84.67,178.71727272727273,54.14818181818182,31.540000000000006
2021-03-23 19:00:00,108.4,265.0,53.903636363636366,30.865454545454543
2021-03-23 20:00:00,125.27,287.87,55.3890909090909,30.285454545454545
2021-03-23 21:00:00,148.4,389.7,57.86727272727273,29.447272727272722
2021-03-23 22:00:00,140.3,363.47,61.75,28.707272727272724
2021-03-23 23:00:00,148.78,382.01,63.710909090909084,28.220909090909092
2021-03-24 00:00:00,128.6,300.11,65.66181818181818,27.524545454545454
2021-03-24 01:00:00,156.32,341.6,67.49363636363636,27.427272727272726
2021-03-24 02:00:00,144.84,298.13,68.6809090909091,27.319090909090907
2021-03-24 03:00:00,133.19,274.08,64.95363636363635,27.16
2021-03-24 04:00:00,124.95,227.43,65.0,26.895999999999997
2021-03-24 05:00:00,130.24,249.77,65.30818181818181,26.524545454545454
2021-03-24 06:00:00,139.03,275.77,67.53090909090908,26.313636363636363
2021-03-24 07:00:00,129.3,243.65,65.99545454545455,26.985454545454544
2021-03-24 08:00:00,179.72,332.51,59.40083333333334,29.325833333333332
2021-03-24 09:00:00,174.43,336.05,52.199999999999996,32.35916666666666
2021-03-24 10:00:00,112.37,302.65,45.005833333333335,35.035
2021-03-24 11:00:00,210.4,228.81,40.620000000000005,36.693333333333335
2021-03-24 12:00:00,131.0,144.0,43.74666666666667,36.95583333333333
2021-03-24 13:00:00,67.54615384615386,169.30999999999997,49.23833333333334,36.335
2021-03-24 14:00:00,65.20416666666667,175.86833333333334,50.10666666666666,36.06583333333333
2021-03-24 15:00:00,68.35230769230769,93.0,49.76916666666667,35.73333333333333
2021-03-24 16:00:00,68.37999999999998,179.45,50.66416666666667,34.90666666666666
2021-03-24 17:00:00,5.35,236.4,52.12416666666667,33.888333333333335
2021-03-24 18:00:00,3.33,228.52,56.13846153846154,32.51923076923077
2021-03-24 19:00:00,1.3,242.29,60.76583333333334,30.915833333333335
2021-03-24 20:00:00,75.09142857142857,285.75,60.194615384615375,30.62769230769231
2021-03-24 21:00:00,120.0,293.72,59.475,29.855833333333333
2021-03-24 22:00:00,106.56,222.54,59.09307692307693,29.576153846153847
2021-03-24 23:00:00,94.08,240.91,62.55461538461538,28.535384615384615
2021-03-25 00:00:00,92.11,210.56,64.60615384615384,27.65461538461539
2021-03-25 01:00:00,104.44,248.06,64.3323076923077,27.233076923076926
2021-03-25 02:00:00,104.22,213.8,62.93538461538461,27.33846153846154
2021-03-25 03:00:00,95.08,211.05,61.92916666666667,27.204166666666662
2021-03-25 04:00:00,118.89,259.59,61.24333333333333,26.91416666666667
2021-03-25 05:00:00,132.68,251.52,65.84,26.264166666666668
2021-03-25 06:00:00,144.7,258.62,64.33666666666667,25.9975
2021-03-25 07:00:00,171.78,323.79,60.39000000000001,26.86666666666667
2021-03-25 08:00:00,176.78,314.65,44.903333333333336,31.099166666666665
2021-03-25 09:00:00,202.91,340.68,36.754615384615384,34.15461538461538
2021-03-25 10:00:00,165.11,329.62,33.27769230769231,36.07923076923077
2021-03-25 11:00:00,89.78,208.95,30.014615384615386,37.68076923076923
2021-03-25 12:00:00,47.22,142.97,32.82333333333333,38.225833333333334
2021-03-25 13:00:00,34.98,145.0,33.92666666666667,38.218333333333334
2021-03-25 14:00:00,37.55,123.09,33.43333333333333,38.45916666666667
2021-03-25 15:00:00,22.89,97.23,30.079166666666666,38.53999999999999
2021-03-25 16:00:00,25.45,127.44,27.354166666666668,38.26499999999999
2021-03-25 17:00:00,22.45,97.56,28.812727272727273,37.080909090909095
2021-03-25 18:00:00,22.89,100.53,31.292727272727276,35.045454545454554
2021-03-25 19:00:00,20.33,94.33,36.73909090909091,32.90909090909091
2021-03-25 20:00:00,30.67,98.77,39.646363636363624,31.60272727272727
2021-03-25 21:00:00,51.55,214.62,38.99636363636364,30.475454545454546
2021-03-25 22:00:00,80.75,219.05,41.34545454545455,29.49909090909091
2021-03-25 23:00:00,67.06,261.88,44.17363636363636,28.620909090909095
2021-03-26 00:00:00,56.11,180.4,47.378181818181815,28.033636363636358
2021-03-26 01:00:00,64.78,187.43,49.958181818181814,27.623636363636365
2021-03-26 02:00:00,71.33,176.57,53.08181818181818,26.828181818181818
2021-03-26 03:00:00,74.67,188.38,56.56727272727273,25.993636363636366
2021-03-26 04:00:00,96.33,228.06,57.75181818181818,25.85454545454546
2021-03-26 05:00:00,102.57,193.8,60.711818181818174,25.317272727272726
2021-03-26 06:00:00,139.44,249.17,62.16181818181817,24.974545454545453
2021-03-26 07:00:00,164.51,297.73,59.45272727272729,26.04090909090909
2021-03-26 08:00:00,150.11,334.3,49.790000000000006,29.482727272727267
2021-03-26 09:00:00,145.32,321.71,38.59090909090909,33.47909090909091
2021-03-26 10:00:00,125.44,299.08,33.170833333333334,35.699999999999996
2021-03-26 11:00:00,76.78,202.72,30.958333333333332,37.31250000000001
2021-03-26 12:00:00,48.78,157.03,31.250833333333333,38.099999999999994
2021-03-26 13:00:00,41.55,122.61,34.84416666666667,38.12166666666667
2021-03-26 14:00:00,33.0,113.75,34.56416666666667,38.169166666666676
2021-03-26 15:00:00,42.67,113.95,36.00333333333334,37.51916666666666
2021-03-26 16:00:00,63.62,161.64,36.0875,36.85666666666666
2021-03-26 17:00:00,74.89,230.69,38.19416666666666,35.80583333333333
2021-03-26 18:00:00,79.56,227.31,44.18083333333334,34.160000000000004
2021-03-26 19:00:00,80.89,236.56,49.600833333333334,32.52583333333334
2021-03-26 20:00:00,126.47,329.42,51.429166666666674,31.611666666666665
2021-03-26 21:00:00,119.52,298.75,51.06166666666667,30.75916666666667
2021-03-26 22:00:00,83.22,260.9,50.80083333333334,30.04666666666667
2021-03-26 23:00:00,71.0,184.47,51.54833333333334,29.10166666666667
2021-03-27 00:00:00,72.66,233.25,54.35166666666666,28.264166666666668
2021-03-27 01:00:00,70.33,187.0,55.67333333333334,27.584166666666665
2021-03-27 02:00:00,78.89,195.57,56.67272727272727,27.05454545454546
2021-03-27 03:00:00,99.56,239.83,59.142500000000005,26.424166666666668
2021-03-27 04:00:00,108.24,200.91,57.28333333333334,26.600833333333338
2021-03-27 05:00:00,115.22,207.57,61.98,26.050909090909098
2021-03-27 06:00:00,109.78,208.0,60.779090909090904,25.95090909090909
2021-03-27 07:00:00,127.72,255.64,59.07545454545455,26.775454545454544
2021-03-27 08:00:00,162.78,327.75,50.18454545454545,30.39818181818182
2021-03-27 09:00:00,158.08,315.75,39.45181818181818,34.58545454545455
2021-03-27 10:00:00,135.67,305.44,30.624999999999996,37.549166666666665
2021-03-27 11:00:00,73.26,209.44,28.327499999999997,39.26166666666666
2021-03-27 12:00:00,57.11,185.89,27.53846153846154,39.7323076923077
2021-03-27 13:00:00,51.54,145.94,28.22083333333333,40.2875
2021-03-27 14:00:00,45.67,140.19,30.67916666666667,39.81916666666667
2021-03-27 15:00:00,39.67,120.94,34.80083333333333,38.74333333333333
2021-03-27 16:00:00,48.78,110.47,37.53166666666666,37.38
2021-03-27 17:00:00,77.64,249.51,36.833333333333336,36.02583333333333
2021-03-27 18:00:00,99.67,261.72,35.22666666666667,34.76416666666666
2021-03-27 19:00:00,105.56,280.1,39.20583333333334,33.22666666666667
2021-03-27 20:00:00,77.47,228.44,38.9975,32.1625
2021-03-27 21:00:00,111.45,294.6,38.78181818181818,31.633636363636366
2021-03-27 22:00:00,177.33,481.88,42.93,29.52076923076923
2021-03-27 23:00:00,171.67,393.82,47.34769230769231,28.507692307692306
2021-03-28 00:00:00,174.44,547.16,52.39636363636364,28.150909090909092
2021-03-28 01:00:00,150.11,350.15,53.92333333333334,27.271666666666665
2021-03-28 02:00:00,166.62,321.9,57.67666666666667,27.120000000000005
2021-03-28 03:00:00,166.33,312.42,66.99,26.701666666666668
2021-03-28 04:00:00,173.13,379.65,68.61999999999999,26.83363636363636
2021-03-28 05:00:00,171.32,357.27,68.32538461538462,25.81230769230769
2021-03-28 06:00:00,157.62,238.61583333333337,69.6775,26.10416666666667
2021-03-28 07:00:00,188.1,361.0,68.94923076923077,26.318461538461538
2021-03-28 08:00:00,213.36,380.92,66.36583333333334,29.21666666666667
2021-03-28 09:00:00,216.89,378.22,62.577692307692296,31.537692307692303
2021-03-28 10:00:00,242.78,479.95,62.19833333333332,32.685833333333335
2021-03-28 11:00:00,171.33,327.79,63.214999999999996,33.40833333333333
2021-03-28 12:00:00,152.19,338.1,64.85499999999999,33.75333333333334
2021-03-28 13:00:00,123.36,265.42,67.81083333333333,33.300000000000004
2021-03-28 14:00:00,103.11,213.41,69.44461538461539,33.18846153846154
2021-03-28 15:00:00,76.92,197.62,69.08333333333334,33.223333333333336
2021-03-28 16:00:00,62.45,186.51,68.04615384615386,32.59384615384616
2021-03-28 17:00:00,61.89,179.0,70.24846153846154,31.409230769230767
2021-03-28 18:00:00,72.67,177.09,76.67916666666666,29.985833333333336
2021-03-28 19:00:00,113.11,187.51,80.16230769230768,28.80615384615385
2021-03-28 20:00:00,105.56,208.96,80.31416666666667,28.485000000000003
2021-03-28 21:00:00,114.67,219.53,79.93916666666668,28.325
2021-03-28 22:00:00,167.56,274.31,82.10923076923076,27.651538461538465
2021-03-28 23:00:00,183.81,294.2,83.71307692307693,27.22153846153846
2021-03-29 00:00:00,207.29,295.0,85.48307692307692,26.86
2021-03-29 01:00:00,203.78,293.1,87.14461538461539,26.656153846153845
2021-03-29 02:00:00,155.89,234.88,88.11923076923077,26.346923076923076
2021-03-29 03:00:00,102.0,180.55,89.02083333333333,26.537499999999998
2021-03-29 04:00:00,121.85,220.82,89.19,26.146153846153847
2021-03-29 05:00:00,60.99461538461538,112.1692307692308,89.3153846153846,25.947692307692307
2021-03-29 06:00:00,59.24384615384614,109.90230769230769,89.53307692307693,25.80923076923077
2021-03-29 07:00:00,58.24076923076923,108.83307692307692,88.78307692307693,26.333076923076923
2021-03-29 08:00:00,62.676666666666655,120.20692307692306,82.36692307692307,28.453076923076917
2021-03-29 09:00:00,79.26,151.1207692307692,71.14230769230768,31.23846153846154
2021-03-29 10:00:00,75.10923076923078,160.96846153846155,63.144615384615385,33.19538461538461
2021-03-29 11:00:00,126.0,216.0,58.47,34.40461538461539
2021-03-29 12:00:00,117.28,206.55,55.09153846153846,34.88846153846154
2021-03-29 13:00:00,118.67,216.48,56.55250000000001,34.959999999999994
2021-03-29 14:00:00,69.07,129.34,63.5923076923077,33.85692307692307
2021-03-29 15:00:00,71.03,183.29,60.37230769230769,33.7823076923077
2021-03-29 16:00:00,56.89,162.11,60.738333333333344,32.86833333333333
2021-03-29 17:00:00,42.55,154.33,62.71583333333333,32.4075
2021-03-29 18:00:00,33.89,130.18,73.75307692307693,30.26461538461539
2021-03-29 19:00:00,37.45,127.09,81.52846153846153,29.008461538461535
2021-03-29 20:00:00,38.89,117.47,83.37333333333335,28.653333333333336
2021-03-29 21:00:00,30.11,106.52,83.82000000000001,27.912307692307692
2021-03-29 22:00:00,43.22,108.87,85.18923076923078,27.354615384615386
2021-03-29 23:00:00,58.33,139.58,86.16615384615383,27.005384615384614
2021-03-30 00:00:00,41.33,116.0,86.63923076923076,26.62076923076923
2021-03-30 01:00:00,38.11,109.33,87.82307692307691,26.17615384615385
2021-03-30 02:00:00,38.0,87.98,88.23615384615384,25.697692307692307
2021-03-30 03:00:00,34.41,78.45,88.87153846153845,25.25461538461538
2021-03-30 04:00:00,31.33,74.19,89.13583333333334,25.0825
2021-03-30 05:00:00,26.55,69.22,89.42923076923077,24.794615384615387
2021-03-30 06:00:00,49.18,109.13,89.84846153846154,24.71692307692308
2021-03-30 07:00:00,65.33,126.29,89.23692307692308,25.599230769230772
2021-03-30 08:00:00,91.97,174.78,83.8753846153846,28.070769230769226
2021-03-30 09:00:00,59.45,129.22,76.07692307692308,30.028461538461535
2021-03-30 10:00:00,63.89,147.96,70.72999999999999,31.509230769230776
2021-03-30 11:00:00,56.08,147.09,69.27499999999999,31.85416666666666
2021-03-30 12:00:00,47.0,135.16,65.75615384615385,32.456923076923076
2021-03-30 13:00:00,48.67,130.18,61.928461538461534,32.76307692307692
2021-03-30 14:00:00,46.33,134.78,58.66692307692308,32.92923076923077
2021-03-30 15:00:00,30.0,109.28,55.61307692307692,33.07230769230769
2021-03-30 16:00:00,23.55,89.84,57.06333333333333,32.95583333333333
2021-03-30 17:00:00,24.77,93.78,62.23692307692307,31.465384615384615
2021-03-30 18:00:00,25.0,95.91,68.105,29.96666666666667
2021-03-30 19:00:00,72.11,149.51,73.59538461538462,28.221538461538458
2021-03-30 20:00:00,58.45,145.31,76.77,27.18846153846153
2021-03-30 21:00:00,48.89,125.0,79.08923076923075,26.482307692307693
2021-03-30 22:00:00,54.22,128.82,80.91615384615385,25.7923076923077
2021-03-30 23:00:00,67.48,174.87,81.63153846153847,25.217692307692307
2021-03-31 00:00:00,64.56,163.66,82.71769230769232,24.901538461538458
2021-03-31 01:00:00,56.89,123.91,84.03846153846153,24.60153846153846
2021-03-31 02:00:00,51.55,107.71,85.34846153846154,24.25692307692308
2021-03-31 03:00:00,51.89,114.64,86.12923076923076,24.06692307692307
2021-03-31 04:00:00,54.67,130.29,86.63083333333333,23.9575
2021-03-31 05:00:00,61.23,148.2,87.6225,23.771666666666675
2021-03-31 06:00:00,64.67,166.31,88.22307692307692,23.743076923076924
2021-03-31 07:00:00,73.89,163.21,86.57666666666665,25.205000000000002
2021-03-31 08:00:00,99.89,199.31,78.94999999999999,28.310769230769232
2021-03-31 09:00:00,97.67,208.65,71.58916666666669,30.304166666666664
2021-03-31 10:00:00,65.89,169.94,64.46999999999998,31.718333333333334
2021-03-31 11:00:00,54.0,145.07,63.355,32.388333333333335
2021-03-31 12:00:00,61.0,174.58,61.93615384615384,32.636923076923075
2021-03-31 13:00:00,40.67,158.8,61.13666666666668,32.650833333333345
2021-03-31 14:00:00,31.78,125.51,64.18,32.464999999999996
2021-03-31 15:00:00,39.0,142.1,66.43749999999999,32.23
2021-03-31 16:00:00,34.68,167.84,68.03583333333334,31.872500000000006
2021-03-31 17:00:00,26.89,160.43,71.40615384615386,31.024615384615387
2021-03-31 18:00:00,49.05,148.53,78.49384615384615,29.306153846153848
2021-03-31 19:00:00,44.91,162.33,82.9,28.004615384615388
2021-03-31 20:00:00,42.23,153.44,84.50615384615384,27.43307692307692
2021-03-31 21:00:00,50.86,153.0,85.79076923076923,26.873076923076926
2021-03-31 22:00:00,48.45,151.09,87.15153846153846,26.353846153846153
2021-03-31 23:00:00,50.67,153.86,87.48666666666666,26.585000000000004
2021-04-01 00:00:00,63.45,173.06,86.51,26.525384615384613
2021-04-01 01:00:00,43.67,138.75,86.01846153846154,26.55461538461538
2021-04-01 02:00:00,48.11,129.35,85.53230769230768,26.60615384615384
2021-04-01 03:00:00,40.11,119.47,85.46692307692307,26.552307692307693
2021-04-01 04:00:00,42.55,157.11,85.35076923076923,26.475384615384616
2021-04-01 05:00:00,41.22,145.62,85.56,26.368461538461546
2021-04-01 06:00:00,51.67,134.49,85.99333333333334,26.4575
2021-04-01 07:00:00,62.78,164.49,85.98846153846155,26.806923076923077
2021-04-01 08:00:00,63.11,184.21,81.75615384615384,28.38
2021-04-01 09:00:00,75.44,202.2,75.2976923076923,30.04769230769231
2021-04-01 10:00:00,62.78,220.15,70.23,31.455384615384613
2021-04-01 11:00:00,61.88,224.82,68.22153846153846,32.18
2021-04-01 12:00:00,57.55,250.0,68.53538461538461,32.143076923076926
2021-04-01 13:00:00,58.78,227.13,68.11083333333333,32.30833333333333
2021-04-01 14:00:00,65.22,220.28,67.49923076923078,32.34538461538461
2021-04-01 15:00:00,42.24285714285714,192.66846153846154,67.95833333333333,32.45000000000001
2021-04-01 16:00:00,67.0,195.21416666666667,68.63833333333334,32.06916666666667
2021-04-01 17:00:00,56.36,299.0,72.36583333333334,30.755
2021-04-01 18:00:00,54.11,256.12,76.3253846153846,29.36461538461539
2021-04-01 19:00:00,54.0,227.31,79.20000000000002,28.436153846153847
2021-04-01 20:00:00,54.0,228.87,80.93583333333332,28.11666666666667
2021-04-01 21:00:00,55.78,224.22,82.01769230769231,27.54
2021-04-01 22:00:00,57.78,215.43,82.03538461538461,27.366153846153846
2021-04-01 23:00:00,54.45,223.57,80.75692307692307,27.47384615384616
2021-04-02 00:00:00,62.86,218.28,79.62384615384616,27.39076923076923
2021-04-02 01:00:00,55.98,215.14,79.29846153846155,27.186153846153847
2021-04-02 02:00:00,50.55,201.66,79.82923076923076,26.9123076923077
2021-04-02 03:00:00,47.33,186.67,80.61538461538461,26.555384615384618
2021-04-02 04:00:00,47.89,177.4,81.42583333333333,26.272500000000004
2021-04-02 05:00:00,54.22,190.38,82.11076923076924,25.866923076923072
2021-04-02 06:00:00,53.23,191.95,83.41230769230768,25.72846153846153
2021-04-02 07:00:00,53.89,173.79,83.86999999999999,26.457692307692312
2021-04-02 08:00:00,63.78,221.73,78.70538461538462,28.30230769230769
2021-04-02 09:00:00,65.89,234.51,71.18384615384616,29.958461538461542
2021-04-02 10:00:00,54.45,237.87,66.31,31.453333333333333
2021-04-02 11:00:00,52.11,224.62,66.02307692307691,31.788461538461544
2021-04-02 12:00:00,62.67,326.9,65.60846153846154,32.04615384615384
2021-04-02 13:00:00,59.55,251.73,64.50076923076924,32.213076923076926
2021-04-02 14:00:00,49.25,219.33,64.53153846153847,32.113846153846154
2021-04-02 15:00:00,56.0,260.05,64.91153846153846,31.998461538461534
2021-04-02 16:00:00,58.78,319.4,65.76923076923077,31.629999999999995
2021-04-02 17:00:00,48.37,264.67,68.52083333333333,30.78666666666666
2021-04-02 18:00:00,47.0,240.02,72.84153846153846,29.23
2021-04-02 19:00:00,48.78,224.67,76.06076923076922,28.17538461538462
2021-04-02 20:00:00,53.45,224.0,77.53230769230768,27.686923076923076
2021-04-02 21:00:00,46.0,208.51,79.00307692307693,27.156923076923082
2021-04-02 22:00:00,47.67,203.19,80.24923076923076,26.736923076923077
2021-04-02 23:00:00,49.78,195.35,81.21923076923076,26.38230769230769
2021-04-03 00:00:00,49.12,195.95,82.09692307692309,26.026153846153843
2021-04-03 01:00:00,49.0,196.96,83.14727272727272,25.915454545454544
2021-04-03 02:00:00,49.88,181.71,83.52,25.59692307692308
2021-04-03 03:00:00,42.81,171.3,84.27250000000002,25.3475
2021-04-03 04:00:00,41.11,171.0,84.60333333333334,25.285000000000007
2021-04-03 05:00:00,47.21,178.65,84.72249999999998,25.159166666666664
2021-04-03 06:00:00,55.98,195.4,84.90615384615384,25.11384615384615
2021-04-03 07:00:00,59.66,208.47,83.44846153846154,26.14076923076923
2021-04-03 08:00:00,63.55,241.41,77.90846153846154,28.356923076923074
2021-04-03 09:00:00,62.22,254.5,73.11083333333333,29.8625
2021-04-03 10:00:00,62.89,266.0,70.14846153846153,30.85769230769231
2021-04-03 11:00:00,64.77,266.96,69.02461538461539,31.20384615384615
2021-04-03 12:00:00,73.89,259.36,68.55153846153846,31.220000000000002
2021-04-03 13:00:00,63.47,247.53,68.2425,31.459166666666665
2021-04-03 14:00:00,62.89,247.95,67.83923076923077,31.346153846153847
2021-04-03 15:00:00,47.89,214.46,68.07538461538462,31.167692307692302
2021-04-03 16:00:00,45.11,205.67,68.9353846153846,30.786923076923074
2021-04-03 17:00:00,39.68,195.87,72.57000000000001,29.765833333333337
2021-04-03 18:00:00,39.88,179.0,74.71083333333333,28.559166666666666
2021-04-03 19:00:00,35.55,158.91,77.41538461538462,28.060000000000002
2021-04-03 20:00:00,45.67,167.56,78.1875,27.671666666666667
2021-04-03 21:00:00,38.11,145.04,79.05749999999999,27.964166666666667
2021-04-03 22:00:00,30.78,136.32,80.00846153846153,27.510769230769235
2021-04-03 23:00:00,25.55,128.69,80.69846153846153,27.283846153846152
2021-04-04 00:00:00,26.77,118.47,81.30461538461539,27.028461538461542
2021-04-04 01:00:00,28.78,131.38,81.63916666666667,26.992500000000003
2021-04-04 02:00:00,28.11,145.39,81.74384615384616,26.60692307692307
2021-04-04 03:00:00,27.11,111.0,81.8876923076923,26.47615384615385
2021-04-04 04:00:00,24.33,100.49,82.09153846153846,26.36538461538462
2021-04-04 05:00:00,27.56,101.91,82.67076923076924,26.376153846153848
2021-04-04 06:00:00,34.2,120.13,82.25538461538461,26.466923076923077
2021-04-04 07:00:00,35.89,130.22,81.61666666666666,27.139166666666668
2021-04-04 08:00:00,38.19,155.4,75.58461538461539,28.774615384615387
2021-04-04 09:00:00,31.051666666666666,125.66916666666667,70.48692307692308,30.326153846153844
2021-04-04 10:00:00,31.889999999999997,134.14166666666668,66.53846153846153,31.754615384615388
2021-04-04 11:00:00,35.042307692307695,137.04999999999998,65.12307692307692,32.395384615384614
2021-04-04 12:00:00,35.034166666666664,140.09416666666667,65.17923076923077,32.714615384615385
2021-04-04 13:00:00,30.58,135.08416666666668,65.59615384615384,32.64923076923076
2021-04-04 14:00:00,24.978333333333335,128.88916666666668,65.86461538461539,32.681538461538466
2021-04-04 15:00:00,25.465833333333336,132.71333333333334,65.73666666666666,32.775
2021-04-04 16:00:00,24.340999999999998,130.75899999999996,68.138,31.863
2021-04-04 17:00:00,24.233,144.01799999999997,71.33,30.774000000000008
2021-04-04 18:00:00,26.349,128.26800000000003,76.36500000000001,29.342999999999996
2021-04-04 19:00:00,23.044166666666666,118.36500000000001,78.49384615384615,28.62692307692308
2021-04-04 20:00:00,23.651666666666667,109.11333333333334,80.16307692307691,28.21846153846154
2021-04-04 21:00:00,24.33,102.80499999999999,81.92384615384616,27.85615384615384
2021-04-04 22:00:00,25.326666666666668,97.98416666666667,83.20923076923077,27.518461538461533
2021-04-04 23:00:00,25.47153846153846,91.41076923076925,84.15846153846155,27.272307692307695
2021-04-05 00:00:00,24.68769230769231,89.53333333333335,85.16538461538462,27.035384615384615
2021-04-05 01:00:00,22.84090909090909,86.66083333333331,85.55846153846151,26.822307692307692
2021-04-05 02:00:00,21.261666666666667,87.55333333333334,85.97000000000001,26.54153846153846
2021-04-05 03:00:00,22.893076923076926,80.61615384615385,86.15615384615386,26.373846153846156
2021-04-05 04:00:00,24.26076923076923,75.27846153846154,86.13384615384615,26.20230769230769
2021-04-05 05:00:00,24.49846153846153,69.91846153846154,86.33307692307692,26.075384615384614
2021-04-05 06:00:00,25.790769230769232,70.67000000000002,86.38384615384615,26.021538461538462
2021-04-05 07:00:00,25.746923076923075,77.24,84.66307692307693,26.886153846153846
2021-04-05 08:00:00,30.996923076923075,87.24846153846154,78.95153846153845,28.904615384615383
2021-04-05 09:00:00,49.0,131.0,72.95846153846153,30.50923076923077
2021-04-05 10:00:00,38.33,143.42,68.85153846153845,31.91769230769231
2021-04-05 11:00:00,45.89,151.67,68.25000000000001,32.43076923076923
2021-04-05 12:00:00,61.18,185.48,68.1930769230769,32.52076923076923
2021-04-05 13:00:00,56.8,184.12,67.14076923076924,32.83461538461539
2021-04-05 14:00:00,52.45,157.25,66.23461538461538,32.93230769230768
2021-04-05 15:00:00,35.09,161.48,65.65153846153845,32.58384615384615
2021-04-05 16:00:00,43.63,206.08,64.74615384615385,32.31923076923077
2021-04-05 17:00:00,28.15,194.62,68.74833333333332,31.4375
2021-04-05 18:00:00,50.89,181.58,72.81583333333333,30.23
2021-04-05 19:00:00,50.45,159.98,74.21545454545456,29.64909090909091
2021-04-05 20:00:00,55.32,180.02,75.72461538461539,28.923846153846153
2021-04-05 21:00:00,58.66,180.05,75.86166666666665,28.430833333333336
2021-04-05 22:00:00,62.55,187.65,75.77615384615386,27.711538461538456
2021-04-05 23:00:00,61.22,199.0,76.00250000000001,27.19416666666667
2021-04-06 00:00:00,60.12,198.0,77.29333333333334,26.774166666666662
2021-04-06 01:00:00,42.28,106.16,77.15909090909092,26.566363636363636
2021-04-06 02:00:00,43.55,125.96,75.74583333333332,26.294999999999998
2021-04-06 03:00:00,55.55,131.78,73.03166666666668,25.810000000000002
2021-04-06 04:00:00,50.78,125.28,73.725,25.30333333333333
2021-04-06 05:00:00,49.11,120.44,73.69923076923077,25.03846153846154
2021-04-06 06:00:00,73.03,161.25,73.45230769230768,24.812307692307698
2021-04-06 07:00:00,83.97,207.05,70.76076923076924,26.270000000000003
2021-04-06 08:00:00,108.94,294.29,62.864615384615384,30.02307692307692
2021-04-06 09:00:00,104.91,257.75,54.59727272727273,33.00272727272727
2021-04-06 10:00:00,75.63,190.95,45.46636363636364,35.91181818181818
2021-04-06 11:00:00,55.15,162.12,47.74833333333333,36.62166666666666
2021-04-06 12:00:00,57.45,181.0,54.607499999999995,36.43083333333333
2021-04-06 13:00:00,52.65,164.0,59.220000000000006,35.68583333333333
2021-04-06 14:00:00,33.39,163.0,59.28333333333333,35.85833333333334
2021-04-06 15:00:00,34.55,140.0,51.36818181818182,36.546363636363644
2021-04-06 16:00:00,42.98,153.0725,45.1175,35.97166666666666
2021-04-06 17:00:00,45.78,132.97583333333333,50.137499999999996,34.465833333333336
2021-04-06 18:00:00,53.09,177.78,61.73,32.29833333333334
2021-04-06 19:00:00,67.33,136.01333333333335,69.19083333333333,30.814166666666665
2021-04-06 20:00:00,62.76,129.57500000000002,69.50416666666668,30.21916666666667
2021-04-06 21:00:00,78.89,125.33166666666669,69.88090909090909,29.59
2021-04-06 22:00:00,66.78,113.57166666666666,73.78249999999998,28.715
2021-04-06 23:00:00,71.21,108.59166666666668,76.70416666666667,28.065
2021-04-07 00:00:00,72.0,107.99749999999999,78.14166666666667,27.6725
2021-04-07 01:00:00,86.18,99.76416666666667,79.15636363636364,27.203636363636363
2021-04-07 02:00:00,74.67,87.51333333333334,81.37583333333335,26.925833333333333
2021-04-07 03:00:00,50.83,88.84750000000001,82.80999999999999,26.5775
2021-04-07 04:00:00,46.22,97.0,84.32333333333334,26.076666666666664
2021-04-07 05:00:00,52.21,100.45166666666667,84.71909090909091,25.901818181818182
2021-04-07 06:00:00,73.38,107.84250000000003,85.1925,25.771666666666665
2021-04-07 07:00:00,76.0,131.02166666666665,83.72833333333334,26.825833333333335
2021-04-07 08:00:00,95.5,139.17416666666668,75.52083333333333,29.721666666666664
2021-04-07 09:00:00,89.14,128.57916666666668,65.79538461538462,32.043846153846154
2021-04-07 10:00:00,67.62,151.225,59.683076923076925,33.818461538461534
2021-04-07 11:00:00,56.14,157.83666666666667,60.88923076923077,34.09538461538461
2021-04-07 12:00:00,53.23,152.0,61.99692307692308,34.215384615384615
2021-04-07 13:00:00,52.12,169.16666666666666,63.81692307692309,34.25538461538462
2021-04-07 14:00:00,23.69,146.0,61.518333333333324,34.21166666666667
2021-04-07 15:00:00,318.22,141.32090909090908,57.51250000000001,34.300000000000004
2021-04-07 16:00:00,141.58,152.11909090909091,56.616666666666674,33.939166666666665
2021-04-07 17:00:00,34.667692307692306,143.5481818181818,58.82916666666666,32.700833333333335
2021-04-07 18:00:00,32.88166666666667,158.0,62.734166666666674,31.22916666666666
2021-04-07 19:00:00,99.0,166.0,66.7775,30.260833333333334
2021-04-07 20:00:00,44.0,181.0,67.17999999999999,29.72583333333333
2021-04-07 21:00:00,63.19,180.0,69.31583333333333,29.15166666666667
2021-04-07 22:00:00,75.43,193.7,72.00636363636363,28.814545454545456
2021-04-07 23:00:00,65.36,129.73,75.58272727272728,28.832727272727276
2021-04-08 00:00:00,61.38,97.96416666666669,75.55916666666666,28.53333333333333
2021-04-08 01:00:00,63.67,150.0,76.87249999999999,28.255
2021-04-08 02:00:00,66.66,93.90750000000001,78.39083333333333,27.845833333333335
2021-04-08 03:00:00,68.78,90.35500000000002,79.44181818181818,27.122727272727275
2021-04-08 04:00:00,70.0,102.39999999999999,82.09750000000001,26.77333333333333
2021-04-08 05:00:00,60.21,94.03636363636362,85.97272727272728,26.163636363636364
2021-04-08 06:00:00,68.75,125.8675,83.9275,26.474166666666672
2021-04-08 07:00:00,75.32,184.0,82.52833333333334,27.49916666666667
2021-04-08 08:00:00,88.54,156.47416666666666,77.80916666666667,29.338333333333335
2021-04-08 09:00:00,96.22,249.0,73.265,30.576666666666664
2021-04-08 10:00:00,57.89,185.0,71.44666666666667,31.275000000000002
2021-04-08 11:00:00,53.0,171.58,71.20916666666668,31.909999999999997
2021-04-08 12:00:00,56.55,200.8,71.29181818181819,32.63272727272727
2021-04-08 13:00:00,52.57,199.12,73.99249999999999,31.9825
2021-04-08 14:00:00,47.55,183.67,73.15750000000001,32.151666666666664
2021-04-08 15:00:00,45.23,156.17,72.54166666666667,31.885833333333334
2021-04-08 16:00:00,41.45,170.29,71.8825,31.403333333333332
2021-04-08 17:00:00,38.34,148.0,73.52166666666668,30.671666666666667
2021-04-08 18:00:00,36.23,147.96,76.65416666666665,29.58333333333334
2021-04-08 19:00:00,44.87,174.83,78.89666666666666,28.738333333333333
2021-04-08 20:00:00,49.55,176.0,79.53636363636365,28.528181818181814
2021-04-08 21:00:00,44.68,137.78,82.14833333333333,27.80083333333333
2021-04-08 22:00:00,50.2,139.83,83.83833333333332,27.493333333333336
2021-04-08 23:00:00,51.89,160.07,85.495,27.13666666666667
2021-04-09 00:00:00,48.45,152.42,86.41500000000002,26.996666666666666
2021-04-09 01:00:00,48.88,148.17,86.36000000000001,26.802500000000006
2021-04-09 02:00:00,55.2,139.38,86.84666666666665,26.454166666666662
2021-04-09 03:00:00,40.93,109.29,87.44916666666666,26.080000000000002
2021-04-09 04:00:00,36.35,121.38,88.32916666666667,25.683333333333334
2021-04-09 05:00:00,47.52,146.92,89.06333333333332,25.557499999999994
2021-04-09 06:00:00,46.33,124.04,89.21916666666665,25.513333333333332
2021-04-09 07:00:00,62.84,139.29,87.95083333333334,26.497500000000002
2021-04-09 08:00:00,57.02,162.04,80.65916666666668,28.810833333333335
2021-04-09 09:00:00,50.68,140.96,73.43500000000002,30.618333333333336
2021-04-09 10:00:00,55.32,169.71,66.60769230769232,32.096923076923076
2021-04-09 11:00:00,59.53,192.02,66.2076923076923,32.74769230769231
2021-04-09 12:00:00,60.88,186.3,65.85,33.23916666666667
2021-04-09 13:00:00,49.48,159.17,65.89,33.097500000000004
2021-04-09 14:00:00,48.0,159.92,66.8409090909091,33.13727272727272
2021-04-09 15:00:00,44.45,159.04,65.83272727272727,33.11818181818182
2021-04-09 16:00:00,41.34,168.58,66.2125,32.63666666666667
2021-04-09 17:00:00,38.44538461538461,176.36200000000002,70.56363636363636,31.20454545454545
2021-04-09 18:00:00,40.57,181.81090909090906,74.6190909090909,29.866363636363634
2021-04-09 19:00:00,46.30923076923078,192.9881818181818,77.05545454545455,29.477272727272727
2021-04-09 20:00:00,47.112307692307695,201.3063636363636,80.0018181818182,28.828181818181818
2021-04-09 21:00:00,44.81230769230769,185.72545454545454,82.49272727272728,27.99272727272727
2021-04-09 22:00:00,41.21769230769231,171.40272727272725,84.62416666666668,27.785833333333333
2021-04-09 23:00:00,41.96923076923076,167.60818181818183,85.67272727272727,27.24181818181818
2021-04-10 00:00:00,34.87,153.59272727272727,85.88833333333334,27.290833333333328
2021-04-10 01:00:00,32.977500000000006,145.80999999999997,84.72545454545455,26.95727272727273
2021-04-10 02:00:00,31.022307692307688,140.70727272727274,85.35666666666667,26.80333333333333
2021-04-10 03:00:00,31.425384615384612,140.9309090909091,86.22416666666668,26.180833333333336
2021-04-10 04:00:00,33.26384615384615,137.20200000000003,86.477,25.622000000000003
2021-04-10 05:00:00,35.82153846153846,135.9609090909091,87.52583333333335,25.263333333333332
2021-04-10 06:00:00,39.29615384615385,141.72545454545454,87.67833333333334,25.263333333333335
2021-04-10 07:00:00,41.55,163.2372727272727,86.30199999999999,26.094
2021-04-10 08:00:00,43.337692307692315,163.6118181818182,79.79916666666666,28.5175
2021-04-10 09:00:00,72.0,215.0,67.92333333333333,31.5175
2021-04-10 10:00:00,69.35,212.13,60.14916666666667,33.525000000000006
2021-04-10 11:00:00,69.0,187.25,61.891538461538474,33.56153846153847
2021-04-10 12:00:00,61.91,177.33,62.69166666666666,33.811666666666675
2021-04-10 13:00:00,74.44,215.22,62.56583333333333,34.19083333333333
2021-04-10 14:00:00,64.48,191.12,64.83384615384615,33.39846153846153
2021-04-10 15:00:00,55.02,187.13,67.69166666666668,32.865833333333335
2021-04-10 16:00:00,38.89,178.36,69.49846153846154,31.925384615384612
2021-04-10 17:00:00,31.68,153.08,71.74923076923076,31.172307692307694
2021-04-10 18:00:00,43.41,139.54,76.14538461538461,30.019999999999996
2021-04-10 19:00:00,56.48,162.0,81.06750000000001,29.031666666666666
2021-04-10 20:00:00,65.07,170.67,80.6076923076923,28.904615384615383
2021-04-10 21:00:00,55.37,164.58,82.31923076923077,28.63153846153846
2021-04-10 22:00:00,38.94,134.24,83.75076923076924,28.10230769230769
2021-04-10 23:00:00,42.32,129.17,84.74846153846154,27.654615384615383
2021-04-11 00:00:00,38.57,110.84,84.95000000000002,27.033846153846152
2021-04-11 01:00:00,37.12,103.27,84.51,26.468461538461536
2021-04-11 02:00:00,62.78,158.0,84.47692307692309,26.150000000000002
2021-04-11 03:00:00,69.55,163.0,85.18999999999998,26.17
2021-04-11 04:00:00,73.55,159.17,86.29461538461538,26.206923076923076
2021-04-11 05:00:00,79.32,170.5,86.4825,26.48
2021-04-11 06:00:00,80.0,168.12,88.0676923076923,25.780000000000005
2021-04-11 07:00:00,86.18,180.83,85.91166666666668,26.38416666666667
2021-04-11 08:00:00,59.78,148.56,77.27230769230768,28.58230769230769
2021-04-11 09:00:00,60.43,156.58,67.55230769230769,30.792307692307688
2021-04-11 10:00:00,62.77,154.12,55.922307692307704,33.61923076923077
2021-04-11 11:00:00,70.97,177.96,47.099230769230765,35.49
2021-04-11 12:00:00,67.57,156.96,51.09384615384616,35.656923076923086
2021-04-11 13:00:00,57.25,145.48,51.609166666666674,35.961666666666666
2021-04-11 14:00:00,50.68,125.83,56.74615384615384,35.268461538461544
2021-04-11 15:00:00,55.3,100.0,58.04538461538462,34.96692307692308
2021-04-11 16:00:00,41.23,143.79,59.94583333333333,34.82
2021-04-11 17:00:00,41.66,136.42,70.14153846153846,32.41230769230769
2021-04-11 18:00:00,49.02,140.57,76.60583333333334,31.108333333333334
2021-04-11 19:00:00,39.75,140.02,82.07384615384616,29.864615384615384
2021-04-11 20:00:00,72.14,164.88,83.8069230769231,29.29076923076923
2021-04-11 21:00:00,53.03,120.96,84.33692307692309,28.83153846153846
2021-04-11 22:00:00,49.12,143.0,84.465,28.444166666666664
2021-04-11 23:00:00,67.9,171.55,85.1576923076923,27.763076923076923
2021-04-12 00:00:00,47.92,135.62,86.27769230769232,27.613846153846147
2021-04-12 01:00:00,55.64,148.38,86.76999999999998,27.57307692307692
2021-04-12 02:00:00,58.77,140.6,87.32769230769229,27.65615384615385
2021-04-12 03:00:00,59.88,76.75916666666667,87.16230769230768,27.68846153846154
2021-04-12 04:00:00,46.67,71.92999999999999,87.42999999999999,27.47923076923077
2021-04-12 05:00:00,29.94,71.23,88.43307692307692,27.077692307692306
2021-04-12 06:00:00,36.86,100.0,89.26692307692308,26.820769230769233
2021-04-12 07:00:00,59.27,84.9425,88.20076923076923,27.676923076923078
2021-04-12 08:00:00,54.91,98.58,82.25076923076924,29.656153846153845
2021-04-12 09:00:00,65.52,161.0,75.96615384615384,31.483076923076922
2021-04-12 10:00:00,56.37,117.49083333333333,68.73692307692308,33.18846153846154
2021-04-12 11:00:00,61.18,148.16,63.96923076923077,34.46384615384615
2021-04-12 12:00:00,53.14,157.6,61.362307692307695,35.002307692307696
2021-04-12 13:00:00,53.77,144.0,57.49583333333334,35.14
2021-04-12 14:00:00,52.23,143.08,61.43846153846154,34.56923076923077
2021-04-12 15:00:00,55.5,241.75,61.72153846153846,34.326153846153844
2021-04-12 16:00:00,45.37,178.32,60.026923076923076,34.098461538461535
2021-04-12 17:00:00,48.43,195.0,59.98769230769231,33.33384615384615
2021-04-12 18:00:00,49.0,195.08,59.57083333333333,32.8675
2021-04-12 19:00:00,59.6,191.0,64.0946153846154,31.58692307692308
2021-04-12 20:00:00,58.33,332.12,63.81384615384616,31.287692307692307
2021-04-12 21:00:00,56.23,173.17,66.8723076923077,30.32384615384615
2021-04-12 22:00:00,67.53,153.54,70.17076923076924,29.286923076923078
2021-04-12 23:00:00,81.41,217.21,72.82923076923078,29.02692307692308
2021-04-13 00:00:00,88.32,215.21,75.19769230769232,29.038461538461544
2021-04-13 01:00:00,84.57,214.08,76.70384615384616,29.004615384615384
2021-04-13 02:00:00,89.3,224.08,78.13538461538461,28.799230769230768
2021-04-13 03:00:00,82.03,157.72,79.47153846153846,28.61
2021-04-13 04:00:00,86.32,175.16,79.19083333333333,28.572499999999994
2021-04-13 05:00:00,77.25,174.08,79.63000000000001,28.173333333333332
2021-04-13 06:00:00,76.89,185.5,80.06416666666665,27.8925
2021-04-13 07:00:00,90.17,259.0,77.02923076923076,28.60461538461539
2021-04-13 08:00:00,96.42,247.5,70.69615384615386,30.903076923076927
2021-04-13 09:00:00,110.25,224.0,62.71307692307692,33.393076923076926
2021-04-13 10:00:00,84.32,182.0,54.97846153846153,35.48384615384615
2021-04-13 11:00:00,80.11,148.55727272727276,57.5846153846154,35.665384615384625
2021-04-13 12:00:00,65.78,142.01363636363635,63.349230769230765,34.864615384615384
2021-04-13 13:00:00,67.56,132.37363636363636,66.59692307692308,34.52384615384616
2021-04-13 14:00:00,59.97,153.0,63.12769230769231,34.72615384615385
2021-04-13 15:00:00,51.01,119.36916666666667,62.01846153846153,34.8323076923077
2021-04-13 16:00:00,44.7,114.79818181818182,64.2475,34.05166666666666
2021-04-13 17:00:00,47.55,104.02833333333332,67.11153846153846,32.97769230769231
2021-04-13 18:00:00,57.75,114.28333333333335,72.30615384615385,31.458461538461542
2021-04-13 19:00:00,66.07,119.35083333333334,77.47846153846154,30.35692307692308
2021-04-13 20:00:00,50.15,114.62166666666667,80.53384615384616,29.663846153846155
2021-04-13 21:00:00,57.76,102.88000000000001,82.86,29.212307692307693
2021-04-13 22:00:00,56.34,92.7625,84.50615384615384,29.059230769230773
2021-04-13 23:00:00,40.98,86.72999999999998,84.6,28.910000000000004
2021-04-14 00:00:00,35.47,80.81166666666665,84.55461538461537,28.842307692307696
2021-04-14 01:00:00,35.88,76.40416666666667,84.83230769230771,28.754615384615384
2021-04-14 02:00:00,40.43,75.05666666666666,84.31500000000001,29.0
2021-04-14 03:00:00,33.01,72.87333333333332,83.82916666666667,28.905
2021-04-14 04:00:00,34.65,78.33416666666666,83.89333333333333,28.625833333333333
2021-04-14 05:00:00,32.35,83.70416666666667,84.40666666666668,28.245000000000005
2021-04-14 06:00:00,47.98,115.0,85.23583333333333,27.94583333333333
2021-04-14 07:00:00,63.3,115.92,83.43166666666666,28.866666666666664
2021-04-14 08:00:00,70.32,137.0,75.61272727272727,30.94909090909091
2021-04-14 09:00:00,68.31,93.54416666666667,67.89692307692307,32.54923076923076
2021-04-14 10:00:00,53.76,135.51,60.60000000000001,34.34461538461539
2021-04-14 11:00:00,41.24,100.4623076923077,59.774166666666666,34.725833333333334
2021-04-14 12:00:00,52.41,118.84,61.21,34.825
2021-04-14 13:00:00,51.35,117.0,60.18083333333333,35.59833333333333
2021-04-14 14:00:00,39.48,110.29,60.33692307692307,35.47230769230769
2021-04-14 15:00:00,40.65,100.42,65.92083333333333,34.48916666666667
2021-04-14 16:00:00,44.55,144.0,69.11333333333333,33.538333333333334
2021-04-14 17:00:00,41.47,195.95,72.92454545454545,32.232727272727274
2021-04-14 18:00:00,42.0,170.0,77.71272727272729,30.875454545454545
2021-04-14 19:00:00,39.33,132.62,80.34666666666668,29.9875
2021-04-14 20:00:00,34.57,138.0,81.54,29.60166666666667
2021-04-14 21:00:00,41.98,144.73,81.97000000000001,29.456666666666667
2021-04-14 22:00:00,41.23,124.0,82.17454545454547,29.55363636363636
2021-04-14 23:00:00,39.23,111.56,83.28166666666668,28.974166666666665
2021-04-15 00:00:00,39.88,101.43,84.10666666666665,28.52416666666667
2021-04-15 01:00:00,47.95,107.45,84.50181818181818,28.481818181818184
2021-04-15 02:00:00,44.55,108.0,86.31583333333334,27.891666666666666
2021-04-15 03:00:00,37.8,92.64,87.14166666666665,27.505
2021-04-15 04:00:00,43.18,93.92,87.2425,27.18833333333333
2021-04-15 05:00:00,53.72,95.92,87.11166666666666,26.97
2021-04-15 06:00:00,46.14,97.92,87.71416666666666,26.955
2021-04-15 07:00:00,52.98,122.0,86.20916666666666,28.0525
2021-04-15 08:00:00,88.45,257.0,79.43166666666666,30.224999999999998
2021-04-15 09:00:00,79.75,178.19,70.46083333333334,32.44166666666667
2021-04-15 10:00:00,55.92,128.0,62.37333333333333,34.1275
2021-04-15 11:00:00,69.78,130.0,58.40166666666667,34.530833333333334
2021-04-15 12:00:00,60.52,152.1,59.11166666666666,34.89083333333334
2021-04-15 13:00:00,53.7,143.42,58.005833333333335,34.87083333333333
2021-04-15 14:00:00,53.0,114.1,60.87166666666665,34.485
2021-04-15 15:00:00,54.77,190.0,67.26333333333334,33.65083333333333
2021-04-15 16:00:00,47.93,161.17,70.8075,32.80416666666667
2021-04-15 17:00:00,35.48,124.54,72.57636363636364,32.27636363636364
2021-04-15 18:00:00,32.23,116.28,76.99727272727274,30.925454545454542
2021-04-15 19:00:00,43.48,103.52,80.08416666666668,29.685000000000002
2021-04-15 20:00:00,46.77,106.66,81.59,28.91307692307693
2021-04-15 21:00:00,57.6,125.44,82.69,28.543846153846154
2021-04-15 22:00:00,53.68,122.21,83.66692307692308,28.166923076923077
2021-04-15 23:00:00,48.58,136.38,84.52416666666666,28.026666666666667
2021-04-16 00:00:00,58.6,121.0,85.38,27.939090909090908
2021-04-16 01:00:00,56.47,126.0,87.29692307692306,27.33923076923077
2021-04-16 02:00:00,59.53,116.4,87.08166666666665,27.287499999999998
2021-04-16 03:00:00,56.47,110.24,87.24538461538462,26.719230769230766
2021-04-16 04:00:00,74.55,119.58,86.63076923076922,26.20384615384615
2021-04-16 05:00:00,45.98,93.09,86.80230769230768,25.813076923076917
2021-04-16 06:00:00,54.37,92.0,87.46846153846155,25.72846153846154
2021-04-16 07:00:00,70.13,114.91,84.89769230769231,27.06153846153847
2021-04-16 08:00:00,74.65,141.0,75.90333333333332,29.840833333333332
2021-04-16 09:00:00,85.63,140.08,62.81916666666667,32.30083333333334
2021-04-16 10:00:00,65.8,134.44,58.74000000000001,33.34615384615384
2021-04-16 11:00:00,51.52,121.54,60.8525,33.720000000000006
2021-04-16 12:00:00,44.68,128.0,64.37333333333333,33.66833333333334
2021-04-16 13:00:00,35.17,99.25,66.3153846153846,33.48615384615385
2021-04-16 14:00:00,34.0,94.0,67.01416666666667,33.744166666666665
2021-04-16 15:00:00,22.52,101.69,69.42384615384616,32.70307692307693
2021-04-16 16:00:00,26.3,128.0,69.88615384615383,32.35230769230769
2021-04-16 17:00:00,27.88,127.09,73.40461538461537,31.447692307692304
2021-04-16 18:00:00,32.42,111.36,80.66428571428571,30.445714285714285
2021-04-16 19:00:00,32.12,131.08,82.62142857142858,29.464285714285715
2021-04-16 20:00:00,54.08,139.45,83.46142857142857,28.992857142857144
2021-04-16 21:00:00,34.03,104.44,80.61083333333333,28.319999999999997
2021-04-16 22:00:00,32.77,89.58,81.26416666666667,28.174166666666675
2021-04-16 23:00:00,33.0,88.04,81.24000000000001,28.20454545454545
2021-04-17 00:00:00,24.2,77.0,81.35166666666667,27.8325
2021-04-17 01:00:00,27.43,80.81,82.6025,27.610833333333336
2021-04-17 02:00:00,43.02,100.22,83.59250000000002,27.305000000000003
2021-04-17 03:00:00,13.2,65.34,84.25416666666668,26.82416666666667
2021-04-17 04:00:00,27.55,64.0,84.19666666666667,26.364166666666662
2021-04-17 05:00:00,24.68,74.54,84.8325,25.885
2021-04-17 06:00:00,27.53,76.92,85.7925,25.91416666666667
2021-04-17 07:00:00,40.37,97.18,81.51636363636364,27.031818181818185
2021-04-17 08:00:00,50.83,130.68,73.772,29.357999999999997
2021-04-17 09:00:00,49.35,112.0,68.76500000000001,31.014
2021-04-17 10:00:00,41.34,105.55,67.21833333333333,32.88999999999999
2021-04-17 11:00:00,35.45,112.34,67.2925,33.462500000000006
2021-04-17 12:00:00,32.35,113.0,69.027,33.907000000000004
2021-04-17 13:00:00,37.3,120.34,71.93857142857142,34.63142857142858
2021-04-17 14:00:00,30.02,106.25,73.92999999999999,34.30142857142857
2021-04-17 15:00:00,29.88,107.76,73.58857142857144,34.10857142857143
2021-04-17 16:00:00,27.35,113.77,67.78363636363636,33.66909090909091
2021-04-17 17:00:00,26.12,111.0,69.025,32.49916666666667
2021-04-17 18:00:00,33.07,138.79,71.6809090909091,31.568181818181824
2021-04-17 19:00:00,48.18,161.15,77.77916666666665,30.08666666666667
2021-04-17 20:00:00,58.83,169.38,80.93083333333333,29.468333333333334
2021-04-17 21:00:00,58.23,151.79,82.59250000000002,29.137500000000003
2021-04-17 22:00:00,52.7,138.5,83.75583333333333,28.84166666666667
2021-04-17 23:00:00,52.0,119.76,85.15499999999999,28.630833333333328
2021-04-18 00:00:00,39.67,101.0,86.2590909090909,28.45181818181818
2021-04-18 01:00:00,37.12,82.74,86.75727272727273,28.19363636363636
2021-04-18 02:00:00,25.48,62.78,87.16818181818182,27.992727272727276
2021-04-18 03:00:00,24.0,68.71,87.26272727272728,27.80454545454546
2021-04-18 04:00:00,39.95,87.26,87.30727272727273,27.617272727272724
2021-04-18 05:00:00,35.82,80.32,87.04636363636365,27.433636363636364
2021-04-18 06:00:00,52.67,93.45,86.97363636363637,27.166363636363634
2021-04-18 07:00:00,51.45,108.0,84.45272727272727,28.41909090909091
2021-04-18 08:00:00,60.72,141.54,76.39454545454545,30.80636363636364
2021-04-18 09:00:00,65.55,150.38,69.83272727272727,32.68181818181819
2021-04-18 10:00:00,72.18,162.53,61.82111111111111,35.07555555555555
2021-04-18 11:00:00,67.7,162.04,65.99199999999999,34.952999999999996
2021-04-18 12:00:00,48.45,139.0,68.761,34.696000000000005
2021-04-18 13:00:00,42.47,126.47,70.69111111111111,35.10777777777778
2021-04-18 14:00:00,34.93,99.09,68.17444444444443,35.382222222222225
2021-04-18 15:00:00,39.3,139.33,67.41222222222223,35.31555555555556
2021-04-18 16:00:00,50.04,160.0,67.19222222222223,35.044444444444444
2021-04-18 17:00:00,58.3,167.67,71.99777777777777,34.05888888888888
2021-04-18 18:00:00,56.35,164.16,73.56666666666666,32.669999999999995
2021-04-18 19:00:00,70.13,165.93,76.72222222222223,31.48222222222222
2021-04-18 20:00:00,138.25,297.29,78.24222222222221,30.776666666666667
2021-04-18 21:00:00,108.01,228.03,78.86625,30.68875
2021-04-18 22:00:00,87.05,195.0,82.03555555555556,29.89
2021-04-18 23:00:00,72.63,161.36,83.51555555555554,29.587777777777774
2021-04-19 00:00:00,56.91,132.16,85.17555555555555,29.189999999999998
2021-04-19 01:00:00,61.18,112.56,85.42666666666668,28.805555555555557
2021-04-19 02:00:00,54.93,113.89,85.27,28.55111111111111
2021-04-19 03:00:00,55.77,123.61,85.56444444444445,28.17555555555556
2021-04-19 04:00:00,49.8,116.31,85.89555555555555,27.984444444444446
2021-04-19 05:00:00,49.88,114.08,86.00777777777779,27.981111111111108
2021-04-19 06:00:00,54.42,115.92,85.75444444444445,28.11777777777778
2021-04-19 07:00:00,55.0,129.83,83.57777777777778,29.02111111111111
2021-04-19 08:00:00,57.65,122.7,79.19999999999999,30.814444444444444
2021-04-19 09:00:00,54.45,136.46,75.266,31.959000000000003
2021-04-19 10:00:00,50.45,152.33,71.56636363636363,32.82727272727272
2021-04-19 11:00:00,41.17,129.87,69.36846153846153,33.15692307692307
2021-04-19 12:00:00,54.13,152.07,69.05153846153846,33.214615384615385
2021-04-19 13:00:00,37.39,142.43,68.71583333333332,33.62
2021-04-19 14:00:00,32.35,155.45,68.40615384615386,33.403076923076924
2021-04-19 15:00:00,29.35,124.65,67.75461538461538,33.50461538461538
2021-04-19 16:00:00,28.12,133.53,67.23384615384617,33.33384615384615
2021-04-19 17:00:00,24.47,126.31,69.42769230769231,32.26307692307692
2021-04-19 18:00:00,20.47,116.39,73.69846153846154,30.732307692307693
2021-04-19 19:00:00,35.9,120.0,77.12076923076924,29.718461538461536
2021-04-19 20:00:00,39.77,126.73,78.07846153846153,29.263846153846153
2021-04-19 21:00:00,37.35,123.16,78.98538461538463,28.87538461538462
2021-04-19 22:00:00,30.82,168.12,82.1376923076923,28.473076923076924
2021-04-19 23:00:00,26.47,93.0,86.05555555555556,27.83
2021-04-20 00:00:00,21.6,81.0,86.71285714285715,28.74142857142857
2021-04-20 01:00:00,26.3,89.0,86.44857142857144,28.625714285714288
2021-04-20 02:00:00,29.65,122.0,84.14307692307693,27.64153846153846
2021-04-20 03:00:00,27.35,78.0,84.55076923076922,27.384615384615383
2021-04-20 04:00:00,29.65,63.58,85.19153846153846,27.10769230769231
2021-04-20 05:00:00,49.43,67.81,85.93923076923078,26.803076923076922
2021-04-20 06:00:00,41.43,87.22,88.59416666666665,26.669166666666666
2021-04-20 07:00:00,37.35,107.17,82.20230769230768,28.491538461538457
2021-04-20 08:00:00,40.53,106.08,75.74307692307693,30.076153846153847
2021-04-20 09:00:00,39.23,110.8,70.23846153846154,31.565384615384612
2021-04-20 10:00:00,10.82,107.16,66.75076923076924,32.67307692307692
2021-04-20 11:00:00,42.33,125.24,66.16916666666667,33.49333333333333
2021-04-20 12:00:00,44.35,126.96,67.05923076923077,33.16307692307693
2021-04-20 13:00:00,32.52,117.0,66.66999999999999,33.26461538461538
2021-04-20 14:00:00,28.36,112.0,65.85153846153845,33.46230769230769
2021-04-20 15:00:00,17.4,101.85,65.0753846153846,33.58
2021-04-20 16:00:00,22.18,100.04,66.55583333333334,33.2575
2021-04-20 17:00:00,26.53,100.0,71.23249999999999,32.13666666666666
2021-04-20 18:00:00,28.77,100.96,76.47,30.484615384615385
2021-04-20 19:00:00,33.42,110.63,80.34583333333333,29.649166666666662
2021-04-20 20:00:00,33.12,93.7,82.12846153846155,29.04076923076923
2021-04-20 21:00:00,27.7,77.62,82.19583333333334,29.039999999999996
2021-04-20 22:00:00,25.23,63.55,83.22333333333333,28.70583333333333
2021-04-20 23:00:00,25.0,55.31,84.38833333333334,28.330000000000002
2021-04-21 00:00:00,25.0,57.88,84.9325,28.035
2021-04-21 01:00:00,23.23,59.92,84.27,27.78333333333333
2021-04-21 02:00:00,23.0,56.0,87.01181818181819,27.272727272727273
2021-04-21 03:00:00,17.7,47.33,83.18636363636364,27.135454545454547
2021-04-21 04:00:00,38.2,74.8,83.22000000000001,27.15636363636364
2021-04-21 05:00:00,31.28,87.57,84.8425,27.1525
2021-04-21 06:00:00,32.65,79.35,85.22916666666664,27.134166666666662
2021-04-21 07:00:00,40.98,103.99,83.795,28.069166666666664
2021-04-21 08:00:00,43.77,129.0,78.52916666666665,29.94
2021-04-21 09:00:00,53.72,131.88,70.62916666666666,31.796666666666667
2021-04-21 10:00:00,43.55,112.73,66.82,33.0675
2021-04-21 11:00:00,29.63,97.16,63.869166666666665,32.57583333333333
2021-04-21 12:00:00,34.18,119.04,65.02333333333333,32.48916666666667
2021-04-21 13:00:00,58.85,161.45,66.19666666666667,32.08416666666667
2021-04-21 14:00:00,40.8,128.4,65.31083333333332,32.336666666666666
2021-04-21 15:00:00,28.28,113.2,65.47166666666666,32.4225
2021-04-21 16:00:00,27.0,110.08,66.75416666666666,32.20333333333334
2021-04-21 17:00:00,24.36,97.0,70.56833333333334,31.150000000000002
2021-04-21 18:00:00,31.95,106.63,74.82666666666667,29.90666666666667
2021-04-21 19:00:00,35.65,107.0,78.23083333333332,29.0325
2021-04-21 20:00:00,36.88,101.0,79.19818181818181,28.776363636363634
2021-04-21 21:00:00,25.52,105.82,80.59636363636363,28.297272727272727
2021-04-21 22:00:00,26.65,86.78,81.57454545454544,27.986363636363635
2021-04-21 23:00:00,26.12,87.92,81.84100000000001,27.445
2021-04-22 00:00:00,28.64,82.0,82.7325,27.343333333333334
2021-04-22 01:00:00,36.95,93.57,82.94636363636364,27.33454545454545
2021-04-22 02:00:00,43.3,113.37,82.96333333333334,27.2
2021-04-22 03:00:00,34.28,91.0,82.68666666666665,27.333333333333332
2021-04-22 04:00:00,36.53,100.61,85.05545454545455,26.970909090909092
2021-04-22 05:00:00,29.95,89.47,83.12249999999999,27.033333333333335
2021-04-22 06:00:00,33.4,88.0,83.57666666666667,26.790833333333335
2021-04-22 07:00:00,43.75,103.38,80.8,27.6825
2021-04-22 08:00:00,45.0,113.64,74.78181818181817,30.216363636363635
2021-04-22 09:00:00,39.75,112.16,65.72666666666667,32.052499999999995
2021-04-22 10:00:00,44.3,124.46,60.166923076923084,33.40615384615384
2021-04-22 11:00:00,45.0,131.73,60.835,34.0875
2021-04-22 12:00:00,52.05,146.46,62.125384615384625,34.15615384615384
2021-04-22 13:00:00,44.17,141.22,63.07666666666666,33.93083333333333
2021-04-22 14:00:00,36.82,127.55,64.08416666666666,34.527499999999996
2021-04-22 15:00:00,30.7,115.43,65.9509090909091,34.459090909090904
2021-04-22 16:00:00,36.0,133.0,69.98333333333332,33.775555555555556
2021-04-22 17:00:00,42.0,143.0,71.0888888888889,32.367777777777775
2021-04-22 18:00:00,38.47,154.53,75.54916666666666,30.88083333333333
2021-04-22 19:00:00,41.57,176.08,80.37384615384616,29.76538461538462
2021-04-22 20:00:00,42.88,131.83,79.66454545454546,29.336363636363636
2021-04-22 21:00:00,43.0,112.7,80.18181818181819,28.514545454545452
2021-04-22 22:00:00,40.35,99.01,82.3075,28.394166666666663
2021-04-22 23:00:00,37.36,104.73,83.24166666666667,27.47083333333333
2021-04-23 00:00:00,34.36,102.0,84.16333333333333,27.103333333333335
2021-04-23 01:00:00,35.77,100.08,85.12909090909092,26.405454545454543
2021-04-23 02:00:00,49.25,104.61,85.626,26.225
2021-04-23 03:00:00,80.15,155.94,85.39333333333333,26.33416666666666
2021-04-23 04:00:00,53.97,147.43,84.82636363636362,26.085454545454546
2021-04-23 05:00:00,64.09,168.0,85.4375,26.0275
2021-04-23 06:00:00,51.03,116.1,86.13000000000001,25.774999999999995
2021-04-23 07:00:00,54.3,144.84,83.62090909090911,27.427272727272726
2021-04-23 08:00:00,80.89,175.0,69.13916666666667,30.916666666666668
2021-04-23 09:00:00,81.35,199.12,57.587500000000006,32.935
2021-04-23 10:00:00,58.92,145.25,49.50090909090909,35.03545454545454
2021-04-23 11:00:00,42.75,141.07,51.80769230769231,34.951538461538455
2021-04-23 12:00:00,27.75,112.0,54.380909090909086,34.77363636363636
2021-04-23 13:00:00,26.88,132.41,51.01,34.87083333333334
2021-04-23 14:00:00,21.64,106.12,50.2275,34.725
2021-04-23 15:00:00,21.88,99.0,50.32307692307691,34.723846153846154
2021-04-23 16:00:00,21.12,101.89,51.2525,34.634166666666665
2021-04-23 17:00:00,14.75,103.0,57.583076923076916,32.68538461538462
2021-04-23 18:00:00,19.3,115.52,64.23,30.924615384615386
2021-04-23 19:00:00,27.95,118.89,68.50615384615385,29.71461538461538
2021-04-23 20:00:00,30.76,99.73,71.42384615384614,28.966153846153848
2021-04-23 21:00:00,31.88,97.07,74.39076923076924,28.336923076923078
2021-04-23 22:00:00,29.36,95.15,76.09083333333332,27.8425
2021-04-23 23:00:00,20.96,81.53,77.54615384615386,27.574615384615388
2021-04-24 00:00:00,34.09,85.0,78.76153846153846,27.103076923076927
2021-04-24 01:00:00,29.82,84.0,79.58833333333332,26.8175
2021-04-24 02:00:00,32.55,91.42,80.73,26.44333333333333
2021-04-24 03:00:00,54.2,118.0,82.1125,26.027500000000003
2021-04-24 04:00:00,46.43,116.08,84.17166666666667,25.398333333333337
2021-04-24 05:00:00,40.6,111.39,85.81692307692308,25.01307692307692
2021-04-24 06:00:00,40.88,115.0,85.5576923076923,25.116923076923076
2021-04-24 07:00:00,60.56,158.22,80.17083333333333,27.230000000000004
2021-04-24 08:00:00,70.05,173.0,72.78166666666668,29.860833333333336
2021-04-24 09:00:00,54.27,127.59,65.83833333333334,31.72583333333333
2021-04-24 10:00:00,43.12,118.0,63.5675,32.674166666666665
2021-04-24 11:00:00,32.31,115.0,63.019999999999996,33.42000000000001
2021-04-24 12:00:00,46.02,130.75,65.73307692307692,33.20846153846154
2021-04-24 13:00:00,49.78,160.75,65.9323076923077,33.400769230769235
2021-04-24 14:00:00,36.75,119.0,65.62461538461538,33.55692307692308
2021-04-24 15:00:00,30.58,116.22,67.33769230769231,32.97846153846154
2021-04-24 16:00:00,22.95,130.0,68.77538461538462,32.43615384615384
2021-04-24 17:00:00,20.23,104.95,71.75250000000001,31.62833333333334
2021-04-24 18:00:00,20.88,94.35,76.23083333333334,30.283333333333335
2021-04-24 19:00:00,21.0,98.0,78.86615384615385,29.336153846153845
2021-04-24 20:00:00,29.83,109.57,79.86833333333333,29.166666666666668
2021-04-24 21:00:00,33.64,102.0,81.56307692307692,28.78384615384616
2021-04-24 22:00:00,25.17,63.32833333333332,84.73500000000001,28.364999999999995
2021-04-24 23:00:00,26.64,77.22,83.42307692307693,28.454615384615387
2021-04-25 00:00:00,29.64,90.0,84.18692307692307,28.10461538461539
2021-04-25 01:00:00,30.88,79.0,85.3323076923077,27.760769230769235
2021-04-25 02:00:00,28.35,75.0,86.0323076923077,27.43307692307692
2021-04-25 03:00:00,25.36,70.0,86.76846153846154,27.193076923076923
2021-04-25 04:00:00,23.22,64.12,87.15923076923079,27.028461538461542
2021-04-25 05:00:00,36.25,85.31,87.72,26.842307692307692
2021-04-25 06:00:00,45.05,93.5,87.95076923076924,26.855384615384615
2021-04-25 07:00:00,57.48,115.0,85.37384615384616,27.96769230769231
2021-04-25 08:00:00,27.53,171.64,75.2823076923077,30.557692307692303
2021-04-25 09:00:00,51.95,134.0,63.36153846153847,32.92846153846154
2021-04-25 10:00:00,55.48,136.78,59.274615384615394,34.21076923076923
2021-04-25 11:00:00,58.53,146.39,61.39750000000001,34.615
2021-04-25 12:00:00,54.57,119.85363636363637,62.26272727272727,35.07909090909091
2021-04-25 13:00:00,54.0,154.0,63.05166666666667,35.425000000000004
2021-04-25 14:00:00,46.95,132.85,65.39076923076924,35.0
2021-04-25 15:00:00,22.572499999999994,96.48307692307692,68.93230769230769,34.50076923076924
2021-04-25 16:00:00,22.007499999999997,107.85538461538464,69.35666666666667,34.56916666666666
2021-04-25 17:00:00,25.771666666666665,121.97923076923075,71.90923076923076,33.145384615384614
2021-04-25 18:00:00,30.6275,112.33923076923075,73.97769230769231,32.27153846153846
2021-04-25 19:00:00,36.538333333333334,115.22923076923075,74.27615384615385,32.01076923076923
2021-04-25 20:00:00,42.93333333333333,123.84769230769231,67.72923076923077,32.076153846153844
2021-04-25 21:00:00,44.830000000000005,121.61846153846156,65.30692307692308,31.259999999999998
2021-04-25 22:00:00,52.37916666666666,139.04461538461538,67.55307692307692,30.426923076923075
2021-04-25 23:00:00,55.2409090909091,216.3975,74.40083333333332,29.969166666666663
2021-04-26 00:00:00,58.85999999999999,208.81846153846152,78.23846153846154,29.726153846153846
2021-04-26 01:00:00,50.26090909090909,164.2692307692308,81.89923076923077,29.430000000000007
2021-04-26 02:00:00,43.02166666666667,127.16,85.07307692307693,29.279999999999994
2021-04-26 03:00:00,39.99666666666667,115.75615384615386,86.46615384615384,29.11
2021-04-26 04:00:00,42.49166666666667,132.0769230769231,87.27,28.855384615384615
2021-04-26 05:00:00,41.788333333333334,137.48076923076925,87.13923076923076,28.68153846153846
2021-04-26 06:00:00,43.280833333333334,134.15692307692308,87.03916666666667,28.660833333333333
2021-04-26 07:00:00,48.9275,140.91166666666666,84.71153846153847,29.617692307692305
2021-04-26 08:00:00,94.0,203.0,80.09461538461538,31.245384615384612
2021-04-26 09:00:00,71.11,179.87,71.59538461538462,33.464615384615385
2021-04-26 10:00:00,54.75,184.78,66.81833333333331,35.220000000000006
2021-04-26 11:00:00,59.16,177.31,70.48230769230769,34.27076923076923
2021-04-26 12:00:00,60.88,166.4,72.585,34.03333333333334
2021-04-26 13:00:00,73.37,208.41,72.84454545454545,33.598181818181814
2021-04-26 14:00:00,72.36,212.89,70.17583333333333,33.947500000000005
2021-04-26 15:00:00,64.05,222.61,67.17916666666666,34.0825
2021-04-26 16:00:00,60.36,223.0,65.67083333333332,34.05916666666666
2021-04-26 17:00:00,64.4,219.13,70.2790909090909,32.86181818181819
2021-04-26 18:00:00,63.24,203.62,75.70090909090908,31.44181818181818
2021-04-26 19:00:00,57.72,210.0,78.90363636363637,30.477272727272727
2021-04-26 20:00:00,57.0,196.51,81.6309090909091,29.987272727272728
2021-04-26 21:00:00,56.12,183.47,82.69333333333333,29.91333333333333
2021-04-26 22:00:00,57.77,190.69,83.57000000000001,29.56833333333333
2021-04-26 23:00:00,60.64,220.8,84.22666666666667,29.453333333333337
2021-04-27 00:00:00,53.95,229.0,84.47250000000001,29.3575
2021-04-27 01:00:00,52.12,195.76916666666668,84.89083333333333,29.21083333333333
2021-04-27 02:00:00,51.12,193.72249999999997,85.23166666666667,29.069999999999997
2021-04-27 03:00:00,50.12,200.86166666666668,85.29833333333333,28.87666666666667
2021-04-27 04:00:00,47.36,196.39,85.72333333333331,28.551666666666666
2021-04-27 05:00:00,49.65,199.02,86.37833333333334,28.254166666666666
2021-04-27 06:00:00,54.36,198.33454545454543,86.92583333333333,28.174166666666665
2021-04-27 07:00:00,67.33,198.53363636363636,84.54916666666666,29.385833333333338
2021-04-27 08:00:00,61.95,215.7772727272727,77.68916666666667,31.514166666666668
2021-04-27 09:00:00,62.76,227.85818181818178,70.79666666666667,33.15333333333333
2021-04-27 10:00:00,81.49,225.12181818181818,67.20416666666667,34.209999999999994
2021-04-27 11:00:00,84.88,223.372,67.71636363636362,34.78363636363636
2021-04-27 12:00:00,57.41,231.064,66.50090909090909,34.81363636363636
2021-04-27 13:00:00,64.57,228.04800000000006,65.52636363636363,34.777272727272724
2021-04-27 14:00:00,62.48,202.39100000000002,64.16636363636363,34.656363636363636
2021-04-27 15:00:00,62.88,176.702,62.81818181818182,34.53727272727273
2021-04-27 16:00:00,48.91,172.69636363636366,61.86416666666668,33.87833333333334
2021-04-27 17:00:00,44.36,156.64454545454544,68.58999999999999,32.80083333333334
2021-04-27 18:00:00,39.67,146.65090909090907,73.89,31.450000000000003
2021-04-27 19:00:00,40.76,141.96454545454546,76.06083333333333,30.59583333333333
2021-04-27 20:00:00,58.61,132.07272727272726,76.95083333333334,30.402499999999993
2021-04-27 21:00:00,55.72,128.62727272727273,77.07416666666667,30.42083333333333
2021-04-27 22:00:00,39.15,139.1381818181818,77.27833333333332,30.127499999999998
2021-04-27 23:00:00,40.52,137.88181818181818,78.47,30.066666666666663
2021-04-28 00:00:00,49.8,131.31545454545454,81.5325,29.655833333333334
2021-04-28 01:00:00,37.92,120.00727272727272,83.45833333333333,29.316666666666666
2021-04-28 02:00:00,43.92,116.6490909090909,85.09499999999998,29.007499999999997
2021-04-28 03:00:00,46.76,111.58090909090907,84.6425,28.909166666666668
2021-04-28 04:00:00,39.08,98.45454545454545,84.58083333333333,28.567500000000006
2021-04-28 05:00:00,50.33,97.30090909090909,85.37833333333333,28.07833333333333
2021-04-28 06:00:00,49.36,112.23363636363636,84.79833333333333,28.003333333333334
2021-04-28 07:00:00,37.53666666666667,134.10999999999999,82.65666666666665,28.98333333333333
2021-04-28 08:00:00,41.1075,154.57636363636362,78.08,30.80666666666667
2021-04-28 09:00:00,51.0,145.59363636363636,71.18833333333333,32.68833333333334
2021-04-28 10:00:00,46.47,152.21699999999998,65.06272727272727,34.24909090909091
2021-04-28 11:00:00,42.61454545454546,161.266,59.16090909090909,34.21454545454546
2021-04-28 12:00:00,38.226000000000006,155.14666666666665,61.285000000000004,34.068
2021-04-28 13:00:00,35.757,148.49444444444444,65.5,33.904999999999994
2021-04-28 14:00:00,54.0,124.13222222222223,65.99799999999999,33.84499999999999
2021-04-28 15:00:00,46.95,121.8822222222222,65.86800000000001,33.57200000000001
2021-04-28 16:00:00,32.79,122.19555555555556,67.82999999999998,32.924
2021-04-28 17:00:00,29.24,109.41444444444443,70.71700000000001,31.782
2021-04-28 18:00:00,27.24,103.5,74.998,30.604000000000003
2021-04-28 19:00:00,38.45,109.64111111111112,77.019,29.938
2021-04-28 20:00:00,35.6,111.5511111111111,77.919,29.580000000000002
2021-04-28 21:00:00,54.37,105.10777777777777,77.318,29.344
2021-04-28 22:00:00,40.27,97.30222222222224,76.90900000000002,29.01
2021-04-28 23:00:00,34.47,100.23555555555555,76.083,28.869000000000007
2021-04-29 00:00:00,35.76,92.00111111111111,78.047,28.647
2021-04-29 01:00:00,36.88,98.762,83.45181818181818,28.904545454545453
2021-04-29 02:00:00,30.84,88.90888888888888,84.1490909090909,28.65636363636364
2021-04-29 03:00:00,30.0,72.62100000000001,84.78363636363635,28.404545454545453
2021-04-29 04:00:00,30.0,67.006,85.23818181818183,28.279090909090908
2021-04-29 05:00:00,38.72,60.063,85.96454545454546,27.969090909090905
2021-04-29 06:00:00,21.842999999999996,74.54444444444444,85.53299999999999,28.185000000000002
2021-04-29 07:00:00,25.24,77.237,83.68909090909091,29.162727272727274
2021-04-29 08:00:00,68.0,87.27000000000001,76.29636363636365,31.59454545454546
2021-04-29 09:00:00,62.72,91.262,66.3709090909091,33.27545454545455
2021-04-29 10:00:00,59.36,103.76500000000001,62.09545454545455,34.1390909090909
2021-04-29 11:00:00,59.88,97.407,65.70181818181818,34.519999999999996
2021-04-29 12:00:00,50.28,107.03090909090908,65.31166666666668,34.40666666666667
2021-04-29 13:00:00,49.0,101.228,65.0125,34.69416666666667
2021-04-29 14:00:00,55.14,93.849,64.08166666666666,34.77083333333333
2021-04-29 15:00:00,18.511999999999997,76.494,67.53090909090908,34.49090909090909
2021-04-29 16:00:00,17.515,93.319,72.235,33.22833333333333
2021-04-29 17:00:00,17.035,89.38699999999999,76.65666666666667,32.01416666666667
2021-04-29 18:00:00,15.559000000000001,82.51800000000001,80.36583333333334,30.825833333333335
2021-04-29 19:00:00,18.09,65.94272727272727,82.90083333333334,30.058333333333334
2021-04-29 20:00:00,18.18,67.666,82.56750000000001,29.927500000000006
2021-04-29 21:00:00,19.42,63.548,81.92666666666666,30.03583333333334
2021-04-29 22:00:00,21.959,59.407000000000004,81.65272727272728,30.100909090909088
2021-04-29 23:00:00,24.136000000000003,83.97333333333334,83.14818181818183,29.29363636363637
2021-04-30 00:00:00,23.217000000000002,87.15222222222222,84.5990909090909,28.96454545454545
2021-04-30 01:00:00,23.016666666666666,80.45444444444445,85.90363636363637,28.768181818181823
2021-04-30 02:00:00,21.332,51.97888888888888,86.86000000000001,28.885454545454547
2021-04-30 03:00:00,17.742,56.16300000000001,87.07083333333333,28.313333333333333
2021-04-30 04:00:00,18.691818181818178,59.742,87.29083333333334,28.21083333333333
2021-04-30 05:00:00,22.120909090909095,68.734,86.42,28.155833333333334
2021-04-30 06:00:00,30.529090909090915,85.915,84.74916666666668,28.89250000000001
2021-04-30 07:00:00,41.61545454545455,105.32099999999998,82.03500000000001,31.161666666666672
2021-04-30 08:00:00,66.0,123.465,77.04666666666667,33.266666666666666
2021-04-30 09:00:00,71.28,118.147,73.10249999999999,34.774166666666666
2021-04-30 10:00:00,73.75,141.51500000000001,72.14999999999999,35.2225
2021-04-30 11:00:00,54.69,126.75100000000002,71.09916666666668,35.43
2021-04-30 12:00:00,55.52,98.77199999999999,69.98833333333333,35.48916666666666
2021-04-30 13:00:00,57.76,88.07399999999998,68.5625,35.60583333333334
2021-04-30 14:00:00,47.43,92.05777777777779,67.50333333333334,35.784166666666664
2021-04-30 15:00:00,34.55,80.316,66.59916666666668,35.74416666666667
2021-04-30 16:00:00,17.946363636363635,78.826,68.19083333333333,35.16166666666666
2021-04-30 17:00:00,17.615999999999996,77.07777777777778,75.61181818181818,33.829090909090915
2021-04-30 18:00:00,17.740909090909092,75.98,82.27363636363637,32.61272727272728
2021-04-30 19:00:00,17.982727272727274,70.292,81.59500000000001,32.205000000000005
2021-04-30 20:00:00,18.55909090909091,76.11000000000001,81.055,32.03416666666667
2021-04-30 21:00:00,19.41272727272727,72.006,80.46499999999999,31.870833333333326
2021-04-30 22:00:00,19.465454545454545,70.82111111111112,81.51545454545455,31.747272727272726
2021-04-30 23:00:00,23.092999999999996,74.99699999999999,77.80000000000001,31.745833333333334
2021-05-01 00:00:00,23.735,84.285,79.34250000000002,31.460833333333337
2021-05-01 01:00:00,21.223333333333333,81.572,81.74909090909092,31.269999999999996
2021-05-01 02:00:00,21.845,83.16300000000001,83.14272727272727,31.123636363636365
2021-05-01 03:00:00,21.145000000000003,74.33666666666666,83.67,31.509000000000004
2021-05-01 04:00:00,19.337000000000003,77.45444444444443,83.998,31.593
2021-05-01 05:00:00,19.183999999999997,72.72666666666667,84.58583333333333,31.0125
2021-05-01 06:00:00,19.465,69.48888888888888,84.2,31.048333333333332
2021-05-01 07:00:00,21.581,65.73888888888888,83.14545454545454,31.780909090909088
2021-05-01 08:00:00,24.391,76.1511111111111,79.73181818181818,32.92636363636364
2021-05-01 09:00:00,26.649,84.2188888888889,71.24000000000001,34.419999999999995
2021-05-01 10:00:00,65.0,93.38777777777779,61.96999999999999,34.464166666666664
2021-05-01 11:00:00,33.532000000000004,100.151,56.485833333333325,35.70666666666666
2021-05-01 12:00:00,32.732000000000006,96.881,57.32083333333335,35.88
2021-05-01 13:00:00,65.0,93.051,63.50583333333333,35.291666666666664
2021-05-01 14:00:00,23.380000000000003,81.74600000000001,67.17666666666668,36.330000000000005
2021-05-01 15:00:00,55.0,76.316,69.57083333333334,36.095
2021-05-01 16:00:00,43.59,72.34299999999999,68.84083333333334,35.535833333333336
2021-05-01 17:00:00,33.2,70.12499999999999,72.05083333333333,34.7125
2021-05-01 18:00:00,24.07,72.81899999999999,74.2675,33.783333333333324
2021-05-01 19:00:00,31.8,76.359,77.21083333333333,32.98166666666666
2021-05-01 20:00:00,39.16,77.37700000000001,77.91333333333333,32.626666666666665
2021-05-01 21:00:00,47.05,79.464,79.55166666666666,32.36166666666667
2021-05-01 22:00:00,38.31,76.48400000000001,81.67,32.01416666666666
2021-05-01 23:00:00,37.88,76.711,82.77416666666666,31.7375
2021-05-02 00:00:00,35.37,74.461,83.51416666666667,31.525000000000002
2021-05-02 01:00:00,57.88,71.751,83.81083333333333,31.293333333333333
2021-05-02 02:00:00,53.1,71.062,83.66416666666667,31.3225
2021-05-02 03:00:00,53.76,77.80600000000001,81.31416666666667,31.4575
2021-05-02 04:00:00,63.66,78.254,79.97583333333333,31.336666666666662
2021-05-02 05:00:00,75.57,74.46333333333334,81.57454545454544,31.317272727272723
2021-05-02 06:00:00,62.08,74.7911111111111,83.33636363636364,31.230909090909087
2021-05-02 07:00:00,41.51,88.487,82.90083333333332,32.09666666666667
2021-05-02 08:00:00,45.16,86.86999999999999,80.83666666666666,33.34916666666667
2021-05-02 09:00:00,38.95,80.922,78.24666666666667,32.09499999999999
2021-05-02 10:00:00,34.48,78.89699999999999,74.9675,32.74999999999999
2021-05-02 11:00:00,39.28,80.6711111111111,71.85,33.61818181818182
2021-05-02 12:00:00,20.69,83.73,68.27181818181818,34.41
2021-05-02 13:00:00,39.95,92.97222222222223,66.09272727272727,36.39818181818182
2021-05-02 14:00:00,37.72,90.93333333333334,66.0190909090909,34.57636363636363
2021-05-02 15:00:00,37.87,84.99444444444445,67.77545454545455,33.908181818181816
2021-05-02 16:00:00,30.05,81.01111111111112,69.46272727272728,35.38727272727273
2021-05-02 17:00:00,25.49,78.2811111111111,73.64545454545454,32.63454545454545
2021-05-02 18:00:00,26.76,76.92888888888889,76.49636363636364,31.437272727272727
2021-05-02 19:00:00,49.89,86.41600000000003,75.54,30.746666666666666
2021-05-02 20:00:00,42.44,92.20222222222223,69.28272727272727,30.040000000000006
2021-05-02 21:00:00,34.84,104.77333333333334,67.20636363636365,31.731818181818188
2021-05-02 22:00:00,44.53,100.36777777777779,70.21545454545453,31.713636363636365
2021-05-02 23:00:00,50.4,100.00333333333333,75.29454545454546,31.41090909090909
2021-05-03 00:00:00,46.61,98.29111111111112,80.69909090909091,30.900909090909092
2021-05-03 01:00:00,49.52,83.33666666666666,82.05181818181818,30.85
2021-05-03 02:00:00,50.88,78.04222222222221,81.82636363636362,30.69454545454546
2021-05-03 03:00:00,59.8,85.54222222222222,80.70454545454547,30.816363636363636
2021-05-03 04:00:00,54.86,83.65444444444444,78.88818181818182,30.709090909090904
2021-05-03 05:00:00,49.61,88.27888888888889,81.26,30.402000000000005
2021-05-03 06:00:00,39.714999999999996,88.32,82.71300000000001,30.264
2021-05-03 07:00:00,42.292,91.57777777777778,78.02363636363636,31.478181818181817
2021-05-03 08:00:00,71.0,116.14444444444446,71.13400000000001,33.955
2021-05-03 09:00:00,71.88,115.49888888888891,60.45545454545456,36.302727272727275
2021-05-03 10:00:00,52.63,94.33222222222221,53.946363636363635,37.667272727272724
2021-05-03 11:00:00,44.0,103.23444444444445,56.366,37.949
2021-05-03 12:00:00,47.654,126.76222222222223,59.214,37.619
2021-05-03 13:00:00,43.0,122.11888888888888,61.129999999999995,37.348181818181814
2021-05-03 14:00:00,42.028999999999996,120.37888888888887,62.254999999999995,37.376999999999995
2021-05-03 15:00:00,41.005,132.1988888888889,63.66818181818182,37.05090909090909
2021-05-03 16:00:00,36.696999999999996,117.04222222222224,68.95909090909092,36.06090909090909
2021-05-03 17:00:00,30.991000000000003,113.32444444444445,74.69818181818182,34.88818181818183
2021-05-03 18:00:00,29.143,110.17222222222222,76.86454545454546,33.79727272727273
2021-05-03 19:00:00,26.973000000000003,97.96,78.76363636363637,33.03363636363636
2021-05-03 20:00:00,26.014999999999997,92.47888888888889,79.91600000000001,32.56
2021-05-03 21:00:00,22.211111111111112,84.11,80.55222222222223,29.34777777777778
2021-05-03 22:00:00,23.916666666666668,76.93125,80.937,29.453000000000003
2021-05-03 23:00:00,27.081,118.3511111111111,80.308,31.906
2021-05-04 00:00:00,26.11555555555556,120.58375,81.40700000000001,29.047000000000004
2021-05-04 01:00:00,24.526249999999997,91.0575,83.3,28.807
2021-05-04 02:00:00,21.767777777777773,71.39500000000001,84.52111111111111,28.305555555555557
2021-05-04 03:00:00,22.532,65.10333333333332,87.045,28.326
2021-05-04 04:00:00,23.329,62.208888888888886,87.72727272727273,30.886363636363637
2021-05-04 05:00:00,24.006666666666668,58.59125,87.985,27.97
2021-05-04 06:00:00,24.813333333333336,63.89750000000001,88.544,27.776999999999997
2021-05-04 07:00:00,25.494444444444444,67.56375,84.45599999999999,29.356
2021-05-04 08:00:00,65.0,76.85624999999999,74.55000000000001,31.50111111111111
2021-05-04 09:00:00,47.45,101.02777777777779,64.31499999999998,34.018
2021-05-04 10:00:00,47.64,96.87571428571428,59.487500000000004,35.230000000000004
2021-05-04 11:00:00,49.76,105.5788888888889,57.153,35.784
2021-05-04 12:00:00,44.72,125.73555555555555,61.48545454545454,35.24090909090909
2021-05-04 13:00:00,40.49,113.07777777777778,64.71727272727273,35.07090909090909
2021-05-04 14:00:00,22.075999999999997,94.15666666666668,65.00636363636364,34.89636363636364
2021-05-04 15:00:00,18.996000000000002,108.595,64.203,34.754999999999995
2021-05-04 16:00:00,17.617,102.53888888888888,66.4190909090909,34.47090909090909
2021-05-04 17:00:00,22.419,110.02555555555556,68.34800000000001,33.735
2021-05-04 18:00:00,23.07222222222222,108.35875000000001,73.683,32.468
2021-05-04 19:00:00,24.117,99.8825,76.36399999999999,31.473000000000003
2021-05-04 20:00:00,27.494999999999997,98.15625,77.596,30.921999999999997
2021-05-04 21:00:00,55.0,87.38749999999999,78.481,30.382000000000005
2021-05-04 22:00:00,46.2,88.84625,79.08222222222223,30.04444444444444
2021-05-04 23:00:00,59.05,101.44875,81.59700000000001,29.447999999999997
2021-05-05 00:00:00,54.86,96.1625,83.242,29.301000000000005
2021-05-05 01:00:00,58.4,85.36857142857143,84.142,29.112000000000002
2021-05-05 02:00:00,51.18,71.39714285714287,84.51699999999998,28.855
2021-05-05 03:00:00,49.12,74.43,85.66299999999998,28.462
2021-05-05 04:00:00,56.9,69.51571428571428,89.80444444444444,27.712222222222223
2021-05-05 05:00:00,51.86,72.77,87.27000000000001,27.729000000000003
2021-05-05 06:00:00,49.24,68.00999999999999,87.452,27.612000000000002
2021-05-05 07:00:00,68.31,89.13,83.987,29.389
2021-05-05 08:00:00,70.12,89.55875,74.436,31.919
2021-05-05 09:00:00,71.76,76.02625,66.67800000000001,33.498000000000005
2021-05-05 10:00:00,57.95,68.9625,65.26899999999999,34.665
2021-05-05 11:00:00,56.0,77.14500000000001,64.838,34.916
2021-05-05 12:00:00,41.95,85.5657142857143,68.27777777777777,34.614444444444445
2021-05-05 13:00:00,43.02,117.79,71.81333333333333,34.46666666666667
2021-05-05 14:00:00,23.64428571428571,114.976,69.645,33.40625
2021-05-05 15:00:00,25.344285714285714,107.894,70.49875,33.07625
2021-05-05 16:00:00,23.0475,93.41000000000001,71.55125000000001,32.60375
2021-05-05 17:00:00,23.660000000000004,110.81166666666665,72.7575,32.03
2021-05-05 18:00:00,27.083750000000002,100.84333333333335,79.70375,31.6875
2021-05-05 19:00:00,25.676249999999996,98.545,83.0657142857143,30.70142857142857
2021-05-05 20:00:00,26.305714285714284,90.78666666666665,84.0775,30.4575
2021-05-05 21:00:00,26.382857142857144,85.23,85.43625,30.04875
2021-05-05 22:00:00,24.662857142857142,101.98599999999999,85.85142857142857,29.585714285714282
2021-05-05 23:00:00,23.134285714285713,117.468,86.805,29.25125
2021-05-06 00:00:00,18.47714285714286,91.724,87.33625,28.8175
2021-05-06 01:00:00,19.516666666666666,109.42999999999999,88.0775,28.5975
2021-05-06 02:00:00,20.275555555555556,76.85571428571427,88.90875,28.39875
2021-05-06 03:00:00,16.692857142857143,52.26166666666666,89.32625,28.145
2021-05-06 04:00:00,17.554285714285715,59.18000000000001,89.90625,27.877499999999998
2021-05-06 05:00:00,19.641428571428573,57.98,90.22,27.661250000000003
2021-05-06 06:00:00,18.648571428571433,53.294999999999995,90.685,27.67625
2021-05-06 07:00:00,22.18857142857143,61.39333333333334,86.8275,29.30625
2021-05-06 08:00:00,25.10571428571429,63.58166666666667,76.84375,31.98875
2021-05-06 09:00:00,51.0,77.86333333333333,69.10374999999999,33.9375
2021-05-06 10:00:00,45.73,90.97714285714287,68.2311111111111,34.21666666666667
2021-05-06 11:00:00,48.02,97.4857142857143,69.65333333333334,34.367777777777775
2021-05-06 12:00:00,20.282222222222224,104.32249999999999,69.57000000000001,34.09444444444445
2021-05-06 13:00:00,18.762999999999998,81.5688888888889,67.08111111111111,34.46000000000001
2021-05-06 14:00:00,18.348888888888887,88.64625000000001,64.18875,33.63250000000001
2021-05-06 15:00:00,18.365,91.50888888888888,71.55666666666667,33.908888888888896
2021-05-06 16:00:00,19.428000000000004,91.93666666666667,74.92888888888889,32.99333333333333
2021-05-06 17:00:00,20.567,88.35222222222222,76.90555555555555,32.01444444444444
2021-05-06 18:00:00,21.898000000000003,85.64222222222222,80.01555555555557,30.842222222222226
2021-05-06 19:00:00,19.0,87.62444444444445,83.51555555555555,29.916666666666668
2021-05-06 20:00:00,30.41,80.73,85.25555555555556,29.43333333333333
2021-05-06 21:00:00,30.25,76.12222222222222,86.07333333333332,29.128888888888884
2021-05-06 22:00:00,31.75,78.13,86.75333333333333,28.886666666666663
2021-05-06 23:00:00,32.0,99.0788888888889,87.89,28.653333333333332
2021-05-07 00:00:00,36.38,110.29624999999999,88.29124999999999,28.5125
2021-05-07 01:00:00,37.87,79.41888888888889,89.23777777777778,28.087777777777774
2021-05-07 02:00:00,24.83,65.73600000000002,89.23100000000001,30.952999999999996
2021-05-07 03:00:00,34.41,61.837777777777774,88.85777777777778,27.92666666666667
2021-05-07 04:00:00,26.34,54.248888888888885,88.05111111111111,27.99888888888889
2021-05-07 05:00:00,25.88,52.146666666666675,87.78555555555555,27.99777777777778
2021-05-07 06:00:00,23.37,54.78666666666667,88.63666666666667,27.864444444444445
2021-05-07 07:00:00,30.02,64.71111111111111,86.18444444444444,29.14111111111111
2021-05-07 08:00:00,37.05,72.26888888888888,76.56333333333333,31.526666666666667
2021-05-07 09:00:00,35.49,79.82333333333332,66.91888888888889,33.654444444444444
2021-05-07 10:00:00,38.51,87.10374999999999,60.60888888888889,35.08111111111111
2021-05-07 11:00:00,34.61,96.105,67.03333333333333,34.60555555555556
2021-05-07 12:00:00,36.63,101.26444444444445,70.477,34.175
2021-05-07 13:00:00,37.88,93.46444444444445,70.7988888888889,33.80111111111111
2021-05-07 14:00:00,46.31,89.89444444444445,69.78777777777776,34.03777777777778
2021-05-07 15:00:00,21.794,98.64666666666666,67.403,34.336
2021-05-07 16:00:00,21.869,101.23666666666666,71.271,33.70100000000001
2021-05-07 17:00:00,20.845999999999997,106.80444444444446,76.791,32.513999999999996
2021-05-07 18:00:00,22.975555555555555,103.16125,80.48888888888888,31.45888888888889
2021-05-07 19:00:00,22.918749999999996,94.14285714285712,82.76750000000001,30.762500000000003
2021-05-07 20:00:00,24.29,99.15428571428572,83.52625,30.44125
2021-05-07 21:00:00,43.19,96.24571428571429,84.38875,30.081249999999997
2021-05-07 22:00:00,42.24,105.06857142857143,85.36,29.7875
2021-05-07 23:00:00,40.25,87.1557142857143,86.31875,29.51375
2021-05-08 00:00:00,41.76,75.33142857142856,87.38624999999999,29.16
2021-05-08 01:00:00,27.04,72.99,87.935,28.85875
2021-05-08 02:00:00,28.51,59.107142857142854,87.095,28.675
2021-05-08 03:00:00,28.12,59.68714285714286,88.065,28.486250000000002
2021-05-08 04:00:00,31.52,60.833749999999995,88.72874999999999,28.259999999999998
2021-05-08 05:00:00,27.61,49.78857142857142,89.06625,28.015
2021-05-08 06:00:00,32.27,52.77428571428571,90.28857142857143,27.89428571428571
2021-05-08 07:00:00,33.0,60.97714285714286,86.4242857142857,29.807142857142857
2021-05-08 08:00:00,31.24,67.84714285714287,77.36857142857143,32.26142857142857
2021-05-08 09:00:00,44.17,71.87857142857142,66.07142857142857,34.598571428571425
2021-05-08 10:00:00,50.49,82.46875,62.989999999999995,35.09125
2021-05-08 11:00:00,40.47,92.57249999999999,63.64874999999999,35.245000000000005
2021-05-08 12:00:00,23.098888888888887,104.24625,68.01625,35.02875
2021-05-08 13:00:00,21.24333333333333,106.99375,69.8225,34.74375
2021-05-08 14:00:00,19.09777777777778,93.95,69.60875,34.62875
2021-05-08 15:00:00,17.357777777777777,92.72,71.1325,34.35
2021-05-08 16:00:00,18.437142857142852,103.375,70.81333333333333,33.02
2021-05-08 17:00:00,17.325714285714287,91.325,75.51,31.94333333333333
2021-05-08 18:00:00,20.532857142857146,80.73,80.46333333333332,30.633333333333336
2021-05-08 19:00:00,17.37857142857143,82.62833333333333,82.48,30.11666666666667
2021-05-08 20:00:00,16.497142857142858,79.46333333333334,83.43666666666667,29.868333333333336
2021-05-08 21:00:00,13.967142857142857,67.08999999999999,84.11333333333333,29.771666666666665
2021-05-08 22:00:00,15.444999999999999,75.74600000000001,83.84,29.508000000000003
2021-05-08 23:00:00,17.71333333333333,82.71000000000001,84.44571428571429,29.56714285714286
2021-05-09 00:00:00,15.73,71.04,84.5,29.369999999999997
2021-05-09 01:00:00,22.478,,83.2475,29.8925
2021-05-09 02:00:00,16.432,116.0,82.92750000000001,29.6325
2021-05-09 03:00:00,13.876,116.0,82.91,29.325
2021-05-09 04:00:00,17.098333333333333,75.335,84.628,34.9
2021-05-09 05:00:00,13.391428571428571,54.74166666666665,87.10000000000001,27.95
2021-05-09 06:00:00,15.055714285714286,49.22,87.29857142857142,27.990000000000002
2021-05-09 07:00:00,15.731428571428571,55.19333333333333,82.18571428571428,29.68
2021-05-09 08:00:00,17.5,70.862,71.78857142857143,32.19714285714286
2021-05-09 09:00:00,19.080000000000002,77.24600000000001,67.87333333333332,32.89333333333333
2021-05-09 10:00:00,42.0,87.34142857142857,70.9575,34.37125
2021-05-09 11:00:00,47.25,101.22666666666669,70.9125,34.536249999999995
2021-05-09 12:00:00,44.49,111.33166666666666,71.16,34.485
2021-05-09 13:00:00,45.75,103.24166666666667,71.42500000000001,34.3125
2021-05-09 14:00:00,20.091666666666665,109.97500000000001,71.84125,34.135000000000005
2021-05-09 15:00:00,16.463333333333335,87.4057142857143,72.63624999999999,33.9325
2021-05-09 16:00:00,14.626666666666667,102.17333333333333,72.79124999999999,33.69125
2021-05-09 17:00:00,16.486,106.60799999999999,71.41999999999999,32.26571428571429
2021-05-09 18:00:00,20.161666666666665,97.78499999999998,80.21,31.365
2021-05-09 19:00:00,25.0,85.84142857142858,82.67375,30.6175
2021-05-09 20:00:00,18.0,74.28999999999999,83.88125,30.3
2021-05-09 21:00:00,22.25,63.48428571428571,84.75125,30.02625
2021-05-09 22:00:00,26.5,57.92,85.54875,29.77625
2021-05-09 23:00:00,23.49,58.74857142857143,86.15375,29.51375
2021-05-10 00:00:00,21.25,57.56,86.56375,29.24375
2021-05-10 01:00:00,15.73,55.58714285714286,86.89124999999999,29.058750000000003
2021-05-10 02:00:00,18.51,54.49,86.74000000000001,28.9975
2021-05-10 03:00:00,20.75,62.56285714285714,86.67750000000001,28.7675
2021-05-10 04:00:00,19.25,56.175,86.32444444444445,31.810000000000002
2021-05-10 05:00:00,23.38,43.69714285714286,87.18125,28.24125
2021-05-10 06:00:00,20.49,45.73285714285714,86.22000000000001,28.542857142857144
2021-05-10 07:00:00,23.78,63.91428571428571,81.92750000000001,30.268749999999997
2021-05-10 08:00:00,23.25,58.709999999999994,74.16125,32.28
2021-05-10 09:00:00,18.61,67.32285714285715,66.74875,33.92125
2021-05-10 10:00:00,18.88,73.00833333333334,65.72285714285714,34.68571428571429
2021-05-10 11:00:00,28.62,76.29285714285713,64.755,34.926249999999996
2021-05-10 12:00:00,19.264285714285712,82.31428571428572,66.0125,34.832499999999996
2021-05-10 13:00:00,16.884285714285717,86.22428571428573,62.91,34.9725
2021-05-10 14:00:00,13.355,90.99142857142859,58.7388888888889,34.99666666666666
2021-05-10 15:00:00,12.92875,107.38571428571427,60.92333333333334,34.654444444444444
2021-05-10 16:00:00,13.281428571428572,132.03833333333336,64.9225,33.84375
2021-05-10 17:00:00,13.43625,123.35249999999999,70.17444444444443,32.73888888888889
2021-05-10 18:00:00,79.828,69.90857142857143,76.41111111111111,31.074444444444445
2021-05-10 19:00:00,23.0,92.56428571428572,80.27111111111111,29.95555555555556
2021-05-10 20:00:00,19.49,102.89285714285714,79.95125,29.15125
2021-05-10 21:00:00,53.19,75.7757142857143,81.445,28.8225
2021-05-10 22:00:00,30.79,74.06428571428572,82.87625,28.505
2021-05-10 23:00:00,23.49,75.05714285714285,83.7025,28.402499999999996
2021-05-11 00:00:00,26.5,61.14857142857143,83.8175,28.24375
2021-05-11 01:00:00,27.0,74.11,84.0,27.997500000000002
2021-05-11 02:00:00,18.22,72.09666666666668,84.41125,27.717499999999998
2021-05-11 03:00:00,18.75,64.14625,84.98374999999999,27.494999999999997
2021-05-11 04:00:00,16.38,55.73571428571427,85.0,27.48625
2021-05-11 05:00:00,8.0,56.116666666666674,83.77142857142857,27.631428571428575
2021-05-11 06:00:00,20.12,55.26833333333334,83.87571428571428,27.827142857142853
2021-05-11 07:00:00,30.0,63.406666666666666,78.65999999999998,29.40571428571429
2021-05-11 08:00:00,45.88,69.21,76.235,31.23875
2021-05-11 09:00:00,30.5,67.70625,69.52222222222221,32.89000000000001
2021-05-11 10:00:00,27.12,69.22874999999999,65.82666666666667,33.81
2021-05-11 11:00:00,29.64,89.33875,64.58888888888889,33.907777777777774
2021-05-11 12:00:00,23.88,58.68857142857142,65.58375000000001,34.10625
2021-05-11 13:00:00,26.51,76.9775,64.16000000000001,34.05444444444444
2021-05-11 14:00:00,14.876,67.55375000000001,63.1911111111111,34.28555555555556
2021-05-11 15:00:00,15.273,77.175,63.370000000000005,34.36777777777778
2021-05-11 16:00:00,16.037,80.8025,65.05777777777779,33.818888888888885
2021-05-11 17:00:00,17.520999999999997,70.385,69.66111111111111,32.45222222222222
2021-05-11 18:00:00,18.79,82.775,74.74777777777778,31.105555555555554
2021-05-11 19:00:00,26.0,71.88374999999999,78.46777777777778,30.014444444444443
2021-05-11 20:00:00,30.38,57.27875,80.4877777777778,29.553333333333327
2021-05-11 21:00:00,27.46,51.697500000000005,81.56444444444443,29.182222222222222
2021-05-11 22:00:00,31.38,57.41499999999999,83.0611111111111,28.866666666666667
2021-05-11 23:00:00,20.62,61.08125,83.56777777777778,28.759999999999998
2021-05-12 00:00:00,19.88,55.1525,83.8488888888889,28.596666666666668
2021-05-12 01:00:00,18.25,57.63,83.99222222222222,28.49333333333334
2021-05-12 02:00:00,18.0,48.08,83.75666666666666,28.36111111111111
2021-05-12 03:00:00,22.38,55.48666666666667,83.50333333333333,28.245555555555555
2021-05-12 04:00:00,18.62,56.059999999999995,83.94111111111111,28.093333333333334
2021-05-12 05:00:00,24.12,56.37428571428571,84.25111111111111,27.86
2021-05-12 06:00:00,15.34,56.50571428571429,84.35222222222222,27.96
2021-05-12 07:00:00,26.09,58.37857142857142,79.41444444444444,29.97888888888889
2021-05-12 08:00:00,18.931,55.741428571428564,72.39666666666666,31.970000000000002
2021-05-12 09:00:00,23.0,64.62857142857142,67.49000000000001,32.80444444444444
2021-05-12 10:00:00,23.88,67.61,64.38333333333334,33.79
2021-05-12 11:00:00,24.0,88.76714285714284,63.154444444444444,34.172222222222224
2021-05-12 12:00:00,23.12,75.50375,64.2622222222222,33.858888888888885
2021-05-12 13:00:00,32.66,74.32125,64.19111111111111,33.91111111111112
2021-05-12 14:00:00,24.96,70.4675,64.52666666666667,33.76111111111111
2021-05-12 15:00:00,14.841,71.38375,65.29333333333335,33.58666666666667
2021-05-12 16:00:00,22.0,76.33142857142856,68.45,33.04875
2021-05-12 17:00:00,14.497777777777777,76.87142857142858,70.30125,32.334999999999994
2021-05-12 18:00:00,17.784444444444443,75.2757142857143,73.35,30.98
2021-05-12 19:00:00,18.91333333333333,83.94142857142856,76.58875,29.83625
2021-05-12 20:00:00,16.98875,75.57285714285715,77.6175,29.533749999999998
2021-05-12 21:00:00,17.0,55.70142857142857,78.29625000000001,29.348750000000003
2021-05-12 22:00:00,19.63,62.89,77.97125,29.32875
2021-05-12 23:00:00,20.0,63.519999999999996,78.155,29.10875
2021-05-13 00:00:00,16.51,55.83714285714286,79.8475,28.69125
2021-05-13 01:00:00,17.75,53.449999999999996,80.87125,28.50125
2021-05-13 02:00:00,17.12,62.99571428571428,81.08428571428571,28.48428571428571
2021-05-13 03:00:00,16.12,76.56,82.08500000000001,28.19
2021-05-13 04:00:00,24.75,66.02875,81.88111111111111,31.453333333333333
2021-05-13 05:00:00,18.12,84.24,83.41428571428571,28.472857142857144
2021-05-13 06:00:00,22.25,70.75142857142858,82.855,28.36
2021-05-13 07:00:00,32.66,72.49,79.77375,29.86
2021-05-13 08:00:00,41.88,69.83428571428571,74.03125,31.48625
2021-05-13 09:00:00,35.1,66.46285714285713,67.78875,33.0
2021-05-13 10:00:00,30.49,70.17999999999999,65.8975,33.4175
2021-05-13 11:00:00,18.228749999999998,83.74833333333335,64.17250000000001,33.69125
2021-05-13 12:00:00,23.182222222222222,86.18428571428572,64.445,33.625
2021-05-13 13:00:00,19.02,82.83,63.98375,33.6275
2021-05-13 14:00:00,13.215555555555556,79.52571428571427,64.55125000000001,33.57875
2021-05-13 15:00:00,16.975555555555555,94.69857142857143,64.9075,33.555
2021-05-13 16:00:00,16.944444444444443,85.28142857142858,66.31,32.9975
2021-05-13 17:00:00,16.954444444444444,94.62428571428572,69.6175,32.42
2021-05-13 18:00:00,18.590000000000003,91.41285714285713,74.725,30.8225
2021-05-13 19:00:00,22.0,79.61428571428571,76.06625,29.9725
2021-05-13 20:00:00,28.14,79.34714285714286,77.72749999999999,29.478749999999998
2021-05-13 21:00:00,26.38,75.93666666666667,79.72749999999999,29.12375
2021-05-13 22:00:00,24.23,73.43714285714285,81.42750000000001,28.82875
2021-05-13 23:00:00,22.25,69.69571428571429,82.56,28.555
2021-05-14 00:00:00,27.23,60.10142857142857,83.73375,28.316249999999997
2021-05-14 01:00:00,23.61,56.90857142857143,84.7025,28.009999999999998
2021-05-14 02:00:00,20.38,61.2775,85.36125,27.713749999999997
2021-05-14 03:00:00,26.14,52.534285714285716,85.9025,27.52375
2021-05-14 04:00:00,31.38,52.125,86.02125,27.3475
2021-05-14 05:00:00,30.25,52.02285714285715,86.61625000000001,27.17875
2021-05-14 06:00:00,41.38,57.22857142857142,86.7125,27.23375
2021-05-14 07:00:00,17.178888888888892,75.04285714285713,82.00500000000001,29.125
2021-05-14 08:00:00,17.252222222222223,70.61714285714285,74.04124999999999,31.42125
2021-05-14 09:00:00,31.0,60.76833333333334,65.83875,33.175
2021-05-14 10:00:00,30.12,71.19285714285714,61.52000000000001,34.30111111111111
2021-05-14 11:00:00,32.62,72.96166666666666,58.29875,34.004999999999995
2021-05-14 12:00:00,25.1,84.30571428571429,61.877500000000005,33.765
2021-05-14 13:00:00,36.29,87.34285714285716,62.36,33.74875
2021-05-14 14:00:00,22.07,92.57857142857142,61.56125,33.7025
2021-05-14 15:00:00,17.203333333333333,85.07428571428571,63.011250000000004,33.209999999999994
2021-05-14 16:00:00,16.218888888888888,93.01857142857143,63.2375,32.82625
2021-05-14 17:00:00,17.56222222222222,89.58875,69.86,32.23222222222223
2021-05-14 18:00:00,15.91,86.94874999999999,73.82666666666667,31.39
2021-05-14 19:00:00,16.994999999999997,77.32749999999999,77.90777777777778,30.447777777777773
2021-05-14 20:00:00,46.0,66.67625000000001,80.215,30.0275
2021-05-14 21:00:00,29.38,61.51428571428572,80.91375000000001,29.9425
2021-05-14 22:00:00,28.75,52.026250000000005,80.71222222222224,30.085555555555555
2021-05-14 23:00:00,29.88,52.176249999999996,79.41444444444444,30.083333333333332
2021-05-15 00:00:00,24.75,49.58571428571428,79.37375,29.892500000000002
2021-05-15 01:00:00,29.25,48.23428571428572,80.94444444444444,29.695555555555554
2021-05-15 02:00:00,26.5,47.85625,82.85666666666667,29.582222222222224
2021-05-15 03:00:00,25.12,52.01444444444444,83.462,32.405
2021-05-15 04:00:00,22.38,45.3725,83.47333333333333,29.511111111111113
2021-05-15 05:00:00,22.0,53.410000000000004,83.365,29.44875
2021-05-15 06:00:00,19.668888888888887,50.65625,80.8111111111111,29.522222222222222
2021-05-15 07:00:00,17.003999999999998,59.427499999999995,77.40555555555557,29.883333333333333
2021-05-15 08:00:00,34.0,72.84,68.90222222222222,30.99777777777778
2021-05-15 09:00:00,53.25,83.49625,65.03555555555555,31.346666666666668
2021-05-15 10:00:00,56.88,125.19555555555556,62.245000000000005,32.1075
2021-05-15 11:00:00,82.38,142.5575,56.17888888888889,34.26444444444444
2021-05-15 12:00:00,93.88,147.17142857142858,51.88111111111111,35.70555555555555
2021-05-15 13:00:00,85.3,158.47625,47.394444444444446,37.16222222222222
2021-05-15 14:00:00,70.88,158.3175,46.55444444444444,37.846666666666664
2021-05-15 15:00:00,65.5,167.78375,54.42333333333334,37.092222222222226
2021-05-15 16:00:00,76.12666666666665,179.06857142857143,66.63444444444444,35.44888888888889
2021-05-15 17:00:00,60.749,159.42125,70.0988888888889,34.68333333333334
2021-05-15 18:00:00,50.88,151.3542857142857,73.91499999999999,34.285
2021-05-15 19:00:00,51.29299999999999,143.0142857142857,75.69749999999999,33.2625
2021-05-15 20:00:00,65.69500000000001,153.83625,70.47666666666666,33.6
2021-05-15 21:00:00,61.01555555555555,169.0257142857143,63.34374999999999,34.29625
2021-05-15 22:00:00,62.25199999999999,165.2025,57.10111111111111,34.48
2021-05-15 23:00:00,61.278000000000006,180.47142857142856,66.685,33.5275
2021-05-16 00:00:00,56.07333333333334,235.96142857142857,85.54,29.13375
2021-05-16 01:00:00,33.12555555555556,95.92666666666668,86.1275,28.75
2021-05-16 02:00:00,28.444444444444443,55.800000000000004,85.915,28.475000000000005
2021-05-16 03:00:00,28.398888888888887,58.59142857142857,83.86,28.68375
2021-05-16 04:00:00,26.621999999999996,62.05875,76.85714285714286,28.18285714285714
2021-05-16 05:00:00,11.953333333333335,29.918333333333333,76.72857142857143,28.62857142857143
2021-05-16 06:00:00,8.35375,23.05666666666667,79.74285714285713,28.225714285714286
2021-05-16 07:00:00,22.0,28.676,74.60000000000001,28.879999999999995
2021-05-16 08:00:00,10.725555555555555,42.361666666666665,70.73125,30.293750000000003
2021-05-16 09:00:00,17.0,39.04,65.79,31.88375
2021-05-16 10:00:00,16.5,48.31666666666667,60.54571428571428,33.72142857142857
2021-05-16 11:00:00,16.770000000000003,55.98166666666666,55.25875,35.14375
2021-05-16 12:00:00,14.0,60.268333333333324,53.251666666666665,35.06666666666666
2021-05-16 13:00:00,14.0,54.62142857142857,51.73375,35.477500000000006
2021-05-16 14:00:00,10.5,50.324999999999996,51.17285714285715,35.33571428571429
2021-05-16 15:00:00,5.62,49.615714285714276,55.72625,36.176249999999996
2021-05-16 16:00:00,12.056666666666665,49.91833333333333,55.73571428571428,36.67857142857144
2021-05-16 17:00:00,13.9625,59.228571428571435,56.5475,35.5425
2021-05-16 18:00:00,14.504999999999999,65.66285714285713,55.769999999999996,35.18375
2021-05-16 19:00:00,15.18666666666667,73.55499999999999,52.09333333333334,33.99666666666667
2021-05-16 20:00:00,12.498333333333335,80.97166666666666,54.60166666666667,33.263333333333335
2021-05-16 21:00:00,10.521666666666667,98.012,57.128,33.134
2021-05-16 22:00:00,10.266666666666667,83.58166666666666,60.365,31.926666666666666
2021-05-16 23:00:00,12.734285714285715,69.91624999999999,65.14999999999999,32.2
2021-05-17 00:00:00,12.64285714285714,94.555,64.48625000000001,35.3
2021-05-17 01:00:00,9.098333333333331,75.824,68.365,31.834999999999997
2021-05-17 02:00:00,7.672857142857143,51.13142857142857,69.49,30.76571428571429
2021-05-17 03:00:00,8.0,40.537142857142854,71.51714285714286,30.301428571428573
2021-05-17 04:00:00,9.05875,46.245000000000005,80.61500000000001,28.097499999999997
2021-05-17 05:00:00,16.0,40.21142857142858,92.92666666666666,25.503333333333334
2021-05-17 06:00:00,21.38,34.215555555555554,94.31375,29.06125
2021-05-17 07:00:00,27.0,20.805714285714288,93.89333333333333,24.671666666666667
2021-05-17 08:00:00,6.281666666666666,20.830000000000002,92.07333333333332,25.284999999999997
2021-05-17 09:00:00,6.1499999999999995,24.705714285714286,93.75166666666667,25.001666666666665
2021-05-17 10:00:00,12.331666666666669,38.26375,97.28857142857143,29.15285714285714
2021-05-17 11:00:00,7.506,17.315999999999995,97.98833333333333,24.593333333333334
2021-05-17 12:00:00,8.245,21.833333333333332,97.65333333333332,24.593333333333334
2021-05-17 13:00:00,15.06,37.85666666666666,98.53800000000001,23.942
2021-05-17 14:00:00,13.736666666666665,32.68,99.38833333333334,30.045
2021-05-17 15:00:00,14.26,31.362000000000002,99.27499999999999,25.247500000000002
2021-05-17 16:00:00,13.229999999999999,34.218333333333334,99.2875,25.4475
2021-05-17 17:00:00,24.554,63.61833333333333,99.3675,32.7175
2021-05-17 18:00:00,12.135,38.15,99.45666666666666,23.746666666666666
2021-05-17 19:00:00,8.2875,23.476000000000003,99.44666666666667,25.143333333333334
2021-05-17 20:00:00,20.023333333333333,57.553333333333335,96.76249999999999,26.597500000000004
2021-05-17 21:00:00,15.879999999999999,48.138,93.86333333333334,27.22666666666667
2021-05-17 22:00:00,16.772499999999997,43.19833333333333,96.3325,27.3625
2021-05-17 23:00:00,18.589999999999996,51.51666666666667,96.375,27.0275
2021-05-18 00:00:00,15.916000000000002,40.794285714285714,95.728,33.626
2021-05-18 01:00:00,9.294999999999998,29.398000000000003,95.304,27.682
2021-05-18 02:00:00,10.635,32.885,95.026,27.836000000000002
2021-05-18 03:00:00,13.778333333333336,44.44571428571429,94.76399999999998,27.8
2021-05-18 04:00:00,14.088333333333336,42.36285714285714,94.27166666666666,32.755
2021-05-18 05:00:00,10.620000000000001,35.10333333333333,92.184,28.296000000000003
2021-05-18 06:00:00,11.074999999999998,39.49166666666667,92.16714285714285,28.171428571428574
2021-05-18 07:00:00,1.0,52.89857142857142,93.21714285714286,28.10571428571428
2021-05-18 08:00:00,3.62,42.47,91.38428571428571,28.315714285714282
2021-05-18 09:00:00,6.62,43.24333333333333,90.38714285714285,28.712857142857143
2021-05-18 10:00:00,10.701666666666668,45.63666666666666,89.09857142857142,28.932857142857138
2021-05-18 11:00:00,14.075000000000001,54.86875,88.62375,29.137500000000003
2021-05-18 12:00:00,20.248333333333335,60.69875,89.28875,33.191250000000004
2021-05-18 13:00:00,16.435000000000002,60.955714285714286,86.86375,30.332500000000003
2021-05-18 14:00:00,14.918571428571427,64.97428571428571,84.82124999999999,30.74
2021-05-18 15:00:00,16.231428571428573,64.07833333333333,85.16875,30.66375
2021-05-18 16:00:00,16.86,73.51666666666667,86.20000000000002,30.82
2021-05-18 17:00:00,18.576666666666668,78.87428571428572,87.16142857142856,30.504285714285714
2021-05-18 18:00:00,16.0,82.25285714285714,87.98857142857142,34.19142857142857
2021-05-18 19:00:00,16.66125,75.43571428571428,89.20875,29.541249999999998
2021-05-18 20:00:00,28.0,74.06285714285714,90.50714285714287,29.268571428571427
2021-05-18 21:00:00,28.0,73.09428571428572,91.1775,28.955
2021-05-18 22:00:00,23.62,66.9925,91.96714285714286,28.625714285714285
2021-05-18 23:00:00,18.62,60.25875,93.6225,27.845
2021-05-19 00:00:00,19.75,55.6325,95.41571428571429,27.292857142857144
2021-05-19 01:00:00,10.721428571428572,42.31,94.52285714285715,27.279999999999998
2021-05-19 02:00:00,10.5975,36.666250000000005,93.6875,27.208750000000002
2021-05-19 03:00:00,14.056666666666667,40.64555555555555,92.4688888888889,30.99888888888889
2021-05-19 04:00:00,9.42625,36.36857142857143,91.39125,27.74875
2021-05-19 05:00:00,10.576666666666664,33.27428571428571,91.41,27.755
2021-05-19 06:00:00,11.096666666666668,36.010000000000005,91.07,27.41625
2021-05-19 07:00:00,13.28875,46.33500000000001,93.9675,29.60125
2021-05-19 08:00:00,8.357777777777777,160.43428571428572,97.0425,24.65875
2021-05-19 09:00:00,8.2425,63.17428571428571,97.41375,25.18125
2021-05-19 10:00:00,13.098749999999999,41.93,96.96833333333332,25.63333333333333
2021-05-19 11:00:00,16.44222222222222,47.33142857142857,95.4825,31.41875
2021-05-19 12:00:00,17.564999999999998,43.65166666666667,90.28571428571429,29.121428571428574
2021-05-19 13:00:00,17.44,50.11000000000001,85.81142857142858,30.1
2021-05-19 14:00:00,13.804285714285713,49.35142857142857,82.765,31.133333333333336
2021-05-19 15:00:00,14.705714285714285,49.68142857142857,78.63874999999999,31.615000000000002
2021-05-19 16:00:00,15.192499999999999,63.43428571428571,77.95,31.572499999999998
2021-05-19 17:00:00,15.1025,85.34714285714286,79.32624999999999,30.96875
2021-05-19 18:00:00,20.228749999999998,89.22999999999999,84.30875,29.668749999999996
2021-05-19 19:00:00,19.19666666666667,77.86500000000001,88.41375,28.79375
2021-05-19 20:00:00,17.54222222222222,66.5425,90.36444444444444,31.73333333333333
2021-05-19 21:00:00,18.07375,55.41142857142857,92.6425,27.847499999999997
2021-05-19 22:00:00,20.525000000000002,56.191428571428574,92.875,27.762500000000003
2021-05-19 23:00:00,22.229999999999997,66.58285714285715,92.34625,27.63125
2021-05-20 00:00:00,22.757777777777775,74.31125,92.3225,27.456249999999997
2021-05-20 01:00:00,21.005714285714284,75.855,92.785,27.307499999999997
2021-05-20 02:00:00,22.698749999999997,81.09142857142857,93.03875,27.16375
2021-05-20 03:00:00,21.354999999999997,78.31714285714285,93.2375,26.92625
2021-05-20 04:00:00,27.042222222222225,82.4875,93.35375,26.715
2021-05-20 05:00:00,28.958750000000002,90.88428571428572,93.45249999999999,26.586250000000003
2021-05-20 06:00:00,29.17125,93.90857142857143,93.4075,26.73375
2021-05-20 07:00:00,29.416249999999998,100.4057142857143,90.84375,27.93625
2021-05-20 08:00:00,26.47625,105.37857142857142,86.50875,29.68875
2021-05-20 09:00:00,24.808888888888887,117.48249999999999,80.84125,31.25625
2021-05-20 10:00:00,25.74625,168.86571428571432,76.42375,32.22625
2021-05-20 11:00:00,32.605000000000004,203.9485714285714,75.78,32.5
2021-05-20 12:00:00,43.0,302.0,74.095,32.645
2021-05-20 13:00:00,45.62,290.4,74.5075,32.6525
2021-05-20 14:00:00,46.0,283.22,74.74125000000001,32.69125
2021-05-20 15:00:00,54.75,285.91,74.6875,32.56625
2021-05-20 16:00:00,64.94,300.09,75.14375,32.39875
2021-05-20 17:00:00,24.58125,200.33428571428573,77.10625,31.785000000000004
2021-05-20 18:00:00,29.795,179.69571428571427,79.935,30.695
2021-05-20 19:00:00,21.72625,153.36285714285717,83.1075,29.795
2021-05-20 20:00:00,30.0,174.0,84.49,29.471249999999998
2021-05-20 21:00:00,31.75,166.22,85.31375,29.233749999999997
2021-05-20 22:00:00,32.0,159.22,86.1175,28.9975
2021-05-20 23:00:00,33.75,168.69,87.495,28.7125
2021-05-21 00:00:00,34.0,170.93,88.70125,28.40625
2021-05-21 01:00:00,27.89,161.31,89.58857142857143,28.354285714285716
2021-05-21 02:00:00,12.12,123.19,90.77375,28.0425
2021-05-21 03:00:00,30.06,117.15,92.48857142857143,27.877142857142854
2021-05-21 04:00:00,37.37,127.66,92.89428571428573,27.705714285714286
2021-05-21 05:00:00,29.28,146.42,93.22125,31.2975
2021-05-21 06:00:00,22.77,121.8,93.05,27.59857142857143
2021-05-21 07:00:00,32.5,138.4,87.76666666666665,28.67
2021-05-21 08:00:00,40.98,167.12,82.77428571428572,30.88
2021-05-21 09:00:00,46.0,175.0,75.81857142857143,31.972857142857144
2021-05-21 10:00:00,51.22,172.0,67.00833333333333,32.52
2021-05-21 11:00:00,45.0,164.0,66.07428571428571,32.39
2021-05-21 12:00:00,40.27,169.67,66.69500000000001,32.37333333333333
2021-05-21 13:00:00,27.26,116.78600000000002,65.07714285714286,32.495714285714286
2021-05-21 14:00:00,25.49857142857143,139.0,64.91714285714285,32.61571428571428
2021-05-21 15:00:00,24.935000000000002,140.0,65.23571428571428,32.87
2021-05-21 16:00:00,27.0,147.75,67.08285714285714,32.49571428571429
2021-05-21 17:00:00,27.87,117.95,70.1425,31.541249999999998
2021-05-21 18:00:00,28.49,121.39,74.95142857142856,30.615714285714287
2021-05-21 19:00:00,24.30125,113.86571428571428,81.09625,30.11375
2021-05-21 20:00:00,27.013333333333335,120.47000000000001,82.99125000000001,29.7
2021-05-21 21:00:00,25.553333333333335,110.5757142857143,84.33375,29.372500000000002
2021-05-21 22:00:00,25.41444444444444,105.50428571428573,85.11625000000001,29.25125
2021-05-21 23:00:00,32.0,122.0,85.29875,29.134999999999998
2021-05-22 00:00:00,32.87,120.06,86.3625,28.9975
2021-05-22 01:00:00,31.25,112.25,86.56,32.08555555555556
2021-05-22 02:00:00,36.28,121.67,87.57374999999999,28.715
2021-05-22 03:00:00,43.11,123.94,87.51625,28.751250000000002
2021-05-22 04:00:00,44.87,131.0,87.61333333333333,28.47555555555556
2021-05-22 05:00:00,40.64,131.97,87.94874999999999,28.485
2021-05-22 06:00:00,39.12,141.69,87.97111111111111,31.694444444444443
2021-05-22 07:00:00,56.45,154.64,83.95,29.63111111111111
2021-05-22 08:00:00,49.39,154.03,75.91888888888889,31.74777777777778
2021-05-22 09:00:00,44.51,153.03,72.02875,32.89125
2021-05-22 10:00:00,39.64,127.8,68.59875,33.832499999999996
2021-05-22 11:00:00,38.13,138.0,67.85666666666665,33.77444444444444
2021-05-22 12:00:00,33.64,123.5,69.11222222222221,33.690000000000005
2021-05-22 13:00:00,42.59,137.54,68.079,33.660000000000004
2021-05-22 14:00:00,38.77,126.37,71.06777777777778,33.303333333333335
2021-05-22 15:00:00,28.41,107.57,73.24666666666667,32.77111111111111
2021-05-22 16:00:00,27.0,109.91,75.48249999999999,31.929999999999996
2021-05-22 17:00:00,29.62,116.78,76.95125,31.84625
2021-05-22 18:00:00,30.0,121.82,79.27250000000001,31.06375
2021-05-22 19:00:00,24.458000000000006,100.99333333333334,81.18625,29.802500000000002
2021-05-22 20:00:00,24.766000000000002,98.4588888888889,82.02,29.68125
2021-05-22 21:00:00,36.0,118.0,81.02555555555554,29.961111111111116
2021-05-22 22:00:00,29.89,115.09,81.28666666666666,29.86777777777778
2021-05-22 23:00:00,25.51,105.31,82.3088888888889,29.72222222222222
2021-05-23 00:00:00,36.34,113.72,83.93444444444444,29.50111111111111
2021-05-23 01:00:00,42.36,122.72,85.13875,29.606250000000003
2021-05-23 02:00:00,40.38,119.0,85.13666666666667,29.13888888888889
2021-05-23 03:00:00,35.64,113.18,86.53625,29.1975
2021-05-23 04:00:00,36.74,106.22,87.26555555555554,28.768888888888885
2021-05-23 05:00:00,77.12,147.0,88.43333333333334,28.515555555555554
2021-05-23 06:00:00,42.88,109.44,90.94800000000001,30.947000000000003
2021-05-23 07:00:00,23.171999999999997,76.28999999999999,88.61666666666667,28.595555555555556
2021-05-23 08:00:00,24.856,68.04444444444444,86.25777777777779,29.50222222222222
2021-05-23 09:00:00,22.828,60.69222222222223,80.26444444444445,31.554444444444446
2021-05-23 10:00:00,24.6,69.98555555555555,74.70333333333332,32.80555555555556
2021-05-23 11:00:00,26.84777777777778,80.55777777777777,71.44888888888889,33.48888888888889
2021-05-23 12:00:00,21.637777777777774,83.31222222222223,70.75555555555555,33.37555555555556
2021-05-23 13:00:00,21.487777777777776,79.41777777777777,69.70333333333332,33.45111111111112
2021-05-23 14:00:00,21.115555555555556,81.30333333333334,69.31,33.69555555555556
2021-05-23 15:00:00,21.743333333333332,80.94222222222223,70.79777777777778,33.474444444444444
2021-05-23 16:00:00,22.30777777777778,79.48555555555555,71.32444444444444,33.22
2021-05-23 17:00:00,21.41111111111111,71.44444444444444,73.41777777777777,32.45666666666667
2021-05-23 18:00:00,20.238888888888887,73.85555555555555,76.56666666666666,31.41111111111111
2021-05-23 19:00:00,19.73333333333333,74.80333333333334,81.31555555555556,30.244444444444444
2021-05-23 20:00:00,19.537777777777777,73.39777777777778,83.70444444444445,29.745555555555555
2021-05-23 21:00:00,19.177777777777777,72.78222222222222,84.86888888888888,29.463333333333328
2021-05-23 22:00:00,18.063333333333333,71.26333333333334,85.81777777777776,29.262222222222224
2021-05-23 23:00:00,20.42375,68.9025,85.48374999999999,29.405
2021-05-24 00:00:00,22.305555555555557,69.70375,87.3,28.950000000000003
2021-05-24 01:00:00,22.25777777777778,68.86125000000001,87.66333333333334,28.755555555555556
2021-05-24 02:00:00,17.42111111111111,62.22625,88.03,28.55888888888889
2021-05-24 03:00:00,16.067777777777778,55.76625,88.39111111111112,28.463333333333335
2021-05-24 04:00:00,15.776666666666667,52.58333333333334,88.39999999999999,28.38444444444444
2021-05-24 05:00:00,16.153333333333332,51.974444444444444,88.13333333333331,28.365555555555556
2021-05-24 06:00:00,18.151111111111113,60.26111111111111,88.39444444444445,28.380000000000003
2021-05-24 07:00:00,20.62,66.529,85.12,32.54900000000001
2021-05-24 08:00:00,20.30333333333333,70.07,79.77666666666667,31.438888888888894
2021-05-24 09:00:00,24.0,92.0,75.94,32.31777777777777
2021-05-24 10:00:00,24.86,94.91,72.99666666666667,33.18555555555555
2021-05-24 11:00:00,24.13,86.28,71.58999999999999,33.44777777777777
2021-05-24 12:00:00,22.25,83.09,71.53444444444443,33.53444444444444
2021-05-24 13:00:00,22.0,88.82,70.96999999999998,33.56444444444444
2021-05-24 14:00:00,23.75,91.91,70.205,33.575
2021-05-24 15:00:00,19.64,89.08,70.85444444444444,33.54888888888888
2021-05-24 16:00:00,19.0,89.97,72.51777777777778,33.129999999999995
2021-05-24 17:00:00,21.62,91.94,75.22333333333333,32.312222222222225
2021-05-24 18:00:00,23.75,95.88,78.85222222222222,31.260000000000005
2021-05-24 19:00:00,25.73,104.7,82.73555555555555,30.268888888888892
2021-05-24 20:00:00,34.72,113.72,84.29333333333332,29.924444444444443
2021-05-24 21:00:00,51.7,131.45,85.60222222222222,29.646666666666665
2021-05-24 22:00:00,26.96,97.1,86.81444444444445,29.43444444444445
2021-05-24 23:00:00,23.0,89.0,87.11444444444444,29.393333333333334
2021-05-25 00:00:00,23.0,74.46,86.91222222222223,29.392222222222227
2021-05-25 01:00:00,23.87,76.92,86.77111111111111,29.245555555555555
2021-05-25 02:00:00,105.78,178.79,86.88111111111112,29.063333333333333
2021-05-25 03:00:00,30.78,63.39,87.18888888888888,28.90888888888889
2021-05-25 04:00:00,23.23,69.69,85.29625,28.4575
2021-05-25 05:00:00,23.13,58.37,87.88555555555554,28.578888888888887
2021-05-25 06:00:00,29.11,83.2,88.25444444444445,28.50444444444444
2021-05-25 07:00:00,23.02,71.36,86.56666666666666,29.38444444444444
2021-05-25 08:00:00,31.59,101.0,81.60222222222222,31.15222222222222
2021-05-25 09:00:00,29.51,94.22,77.20222222222223,32.29777777777778
2021-05-25 10:00:00,24.65,79.42,75.77666666666666,32.71333333333334
2021-05-25 11:00:00,28.35,112.06,75.3711111111111,33.07555555555555
2021-05-25 12:00:00,28.13,109.0,75.329,35.547
2021-05-25 13:00:00,21.02,110.88,74.16999999999999,35.67700000000001
2021-05-25 14:00:00,64.0,124.58,72.44,33.55333333333333
2021-05-25 15:00:00,38.7,117.0,74.49111111111112,33.06333333333333
2021-05-25 16:00:00,24.53,102.42,72.50125,32.1725
2021-05-25 17:00:00,21.25,100.06,75.79125,31.416249999999998
2021-05-25 18:00:00,23.62,100.97,79.08500000000001,30.478749999999998
2021-05-25 19:00:00,30.11,109.72,81.09125,29.88375
2021-05-25 20:00:00,23.15,94.49,84.09750000000001,30.238750000000003
2021-05-25 21:00:00,27.23,96.92,83.99777777777778,29.794444444444448
2021-05-25 22:00:00,27.13,102.83,84.29333333333334,29.672222222222224
2021-05-25 23:00:00,33.11,89.39,84.31222222222222,29.555555555555557
2021-05-26 00:00:00,20.13,81.2,84.64444444444445,29.32333333333333
2021-05-26 01:00:00,22.36,72.25,84.95555555555555,32.592222222222226
2021-05-26 02:00:00,17.77,66.18,84.49555555555555,29.125555555555554
2021-05-26 03:00:00,14.39,57.27,84.32222222222222,29.077777777777776
2021-05-26 04:00:00,19.22,60.89,85.0311111111111,28.826666666666668
2021-05-26 05:00:00,21.75,59.0,86.02333333333333,28.496666666666663
2021-05-26 06:00:00,19.38,62.89,86.10444444444444,31.438888888888886
2021-05-26 07:00:00,32.95,107.0,84.07888888888888,29.24888888888889
2021-05-26 08:00:00,28.89,99.22,79.09444444444443,30.740000000000002
2021-05-26 09:00:00,21.02,80.58,74.985,32.015
2021-05-26 10:00:00,20.0,77.0,71.17777777777778,32.86666666666667
2021-05-26 11:00:00,14.77,80.0,69.22555555555556,33.355555555555554
2021-05-26 12:00:00,21.0,81.0,69.22333333333333,33.21222222222222
2021-05-26 13:00:00,16.77,80.0,68.39666666666666,33.50222222222222
2021-05-26 14:00:00,17.74,76.92222222222223,67.6988888888889,33.593333333333334
2021-05-26 15:00:00,15.38,86.0,68.83444444444444,33.354444444444454
2021-05-26 16:00:00,14.13,73.0,70.25444444444445,33.01888888888888
2021-05-26 17:00:00,16.61,87.02888888888889,72.77,32.095555555555556
2021-05-26 18:00:00,22.22,84.68,75.50333333333334,31.06666666666667
2021-05-26 19:00:00,30.85,96.0,75.33375,29.97625
2021-05-26 20:00:00,30.25,110.0,78.86,30.133333333333333
2021-05-26 21:00:00,25.64,76.3488888888889,79.27000000000001,30.052222222222227
2021-05-26 22:00:00,18.91,86.94,79.80333333333334,29.994444444444444
2021-05-26 23:00:00,17.13,79.0,80.05888888888889,29.940000000000005
2021-05-27 00:00:00,17.87,77.12,81.11333333333333,29.814444444444447
2021-05-27 01:00:00,13.64,68.95625000000001,79.76333333333334,32.47777777777778
2021-05-27 02:00:00,13.87,61.0,80.21285714285715,29.527142857142856
2021-05-27 03:00:00,15.75,61.94,80.38499999999999,29.16
2021-05-27 04:00:00,12.51,51.0,80.47625000000001,29.285
2021-05-27 05:00:00,18.98,52.06375,80.30000000000001,29.22
2021-05-27 06:00:00,13.89,58.78,80.63250000000001,29.32375
2021-05-27 07:00:00,12.13,65.0,78.87125,30.061249999999998
2021-05-27 08:00:00,16.46,80.04,82.73875,29.63625
2021-05-27 09:00:00,13.074444444444445,48.62111111111111,81.81555555555558,31.20555555555556
2021-05-27 10:00:00,13.0,84.0,76.60888888888888,32.44444444444444
2021-05-27 11:00:00,9.51,74.0,74.81555555555555,32.928888888888885
2021-05-27 12:00:00,20.31,82.75,74.37111111111112,32.92777777777778
2021-05-27 13:00:00,22.0,91.75,74.34555555555556,33.07
2021-05-27 14:00:00,18.49,75.07,72.99666666666667,33.34777777777778
2021-05-27 15:00:00,17.13,83.9,72.48222222222222,33.306666666666665
2021-05-27 16:00:00,13.0,68.0,73.85000000000001,32.92666666666667
2021-05-27 17:00:00,12.13,67.0,75.92444444444443,32.23888888888889
2021-05-27 18:00:00,9.38,67.0,79.13444444444445,31.17777777777778
2021-05-27 19:00:00,23.78,83.0,80.98,30.578888888888887
2021-05-27 20:00:00,39.08,66.9042857142857,81.8125,30.25875
2021-05-27 21:00:00,24.38,75.47,82.40777777777777,30.169999999999998
2021-05-27 22:00:00,17.65,69.0,82.96777777777778,30.12888888888889
2021-05-27 23:00:00,10.95,63.0,83.20666666666665,30.09222222222222
2021-05-28 00:00:00,14.35,67.0,83.52300000000001,32.781
2021-05-28 01:00:00,16.74,59.68625,85.2088888888889,29.775555555555556
2021-05-28 02:00:00,21.0,52.04222222222222,85.34666666666666,29.685555555555556
2021-05-28 03:00:00,20.13,67.0,85.65222222222222,29.68
2021-05-28 04:00:00,13.01,55.0,86.68777777777778,29.20888888888889
2021-05-28 05:00:00,17.23,47.0,87.17,32.013
2021-05-28 06:00:00,18.87,56.0,87.64333333333333,29.21111111111111
2021-05-28 07:00:00,23.36,59.107142857142854,84.25857142857144,29.701428571428572
2021-05-28 08:00:00,32.75,88.0,78.92142857142856,31.192857142857147
2021-05-28 09:00:00,31.38,97.72,75.57714285714285,31.858571428571423
2021-05-28 10:00:00,20.0,77.0,73.06714285714285,32.612857142857145
2021-05-28 11:00:00,17.32,73.17124999999999,71.7225,32.69125
2021-05-28 12:00:00,14.39,77.4525,74.06777777777779,33.357777777777784
2021-05-28 13:00:00,18.35,75.27250000000001,73.53333333333335,33.59111111111111
2021-05-28 14:00:00,17.25,74.31666666666666,73.0411111111111,33.67
2021-05-28 15:00:00,19.95,68.0,72.09777777777776,33.66111111111112
2021-05-28 16:00:00,16.6,73.3157142857143,74.79714285714284,33.761428571428574
2021-05-28 17:00:00,13.0,61.47,77.23714285714287,32.88857142857143
2021-05-28 18:00:00,16.49,101.445,79.7525,31.58625
2021-05-28 19:00:00,44.07,99.45,82.545,30.79
2021-05-28 20:00:00,29.74,88.68,83.91875,30.497500000000002
2021-05-28 21:00:00,21.78,69.87714285714286,85.32857142857142,30.634285714285713
2021-05-28 22:00:00,20.13,67.7575,85.8425,30.195
2021-05-28 23:00:00,22.62,64.63875,85.92875000000001,30.18875
2021-05-29 00:00:00,19.52,63.927499999999995,86.29499999999999,29.965000000000003
2021-05-29 01:00:00,19.0,69.0,86.81625,33.58
2021-05-29 02:00:00,13.82,57.0,88.16714285714285,29.880000000000003
2021-05-29 03:00:00,9.0,57.0,88.06125,29.447499999999998
2021-05-29 04:00:00,16.85,55.67375,88.625,29.200000000000003
2021-05-29 05:00:00,20.62,66.0,89.84142857142857,29.249999999999996
2021-05-29 06:00:00,14.14,61.12,89.19625,29.1475
2021-05-29 07:00:00,28.72,60.7988888888889,85.67666666666668,33.62777777777777
2021-05-29 08:00:00,24.91,61.21777777777777,80.33666666666667,31.814444444444447
2021-05-29 09:00:00,27.05,84.0,77.50142857142858,32.92857142857143
2021-05-29 10:00:00,33.23,73.32166666666667,71.05166666666666,32.870000000000005
2021-05-29 11:00:00,25.3,105.0,69.15,33.16
2021-05-29 12:00:00,26.62,97.4,68.74249999999999,33.36000000000001
2021-05-29 13:00:00,28.75,101.75,75.086,34.184000000000005
2021-05-29 14:00:00,23.78,89.0,75.64,34.226
2021-05-29 15:00:00,16.02,91.0,76.09400000000001,34.064
2021-05-29 16:00:00,20.23,87.0,77.348,33.712
2021-05-29 17:00:00,19.25,74.0,78.85799999999999,32.902
2021-05-29 18:00:00,13.77,86.0,81.56800000000001,32.148
2021-05-29 19:00:00,26.95,88.0,84.395,31.935
2021-05-29 20:00:00,30.75,77.13,85.18,31.52
2021-05-29 21:00:00,31.87,92.89,84.338,31.163999999999998
2021-05-29 22:00:00,21.53,87.37,85.24,30.66
2021-05-29 23:00:00,28.7,97.39,86.385,31.135
2021-05-30 00:00:00,16.96,54.81,86.89,31.015
2021-05-30 01:00:00,10.65,35.0,85.61800000000001,30.516000000000002
2021-05-30 02:00:00,15.22,27.39,83.53999999999999,29.98
2021-05-30 03:00:00,11.65,33.61,84.48833333333334,34.391666666666666
2021-05-30 04:00:00,17.98,41.55,85.565,29.6625
2021-05-30 05:00:00,16.38,41.0,86.376,29.572000000000003
2021-05-30 06:00:00,16.0,48.0,86.43599999999999,29.676
2021-05-30 07:00:00,22.11,88.0,79.66,30.37
2021-05-30 08:00:00,36.04,94.0,80.098,32.476
2021-05-30 09:00:00,38.0,98.0,80.512,32.972
2021-05-30 10:00:00,26.66,90.0,75.805,32.93375
2021-05-30 11:00:00,38.92,111.62,73.21333333333334,33.46
2021-05-30 12:00:00,54.05,126.77,72.08875,33.99875
2021-05-30 13:00:00,47.78,113.5,72.76777777777778,33.754444444444445
2021-05-30 14:00:00,18.815555555555555,67.78555555555555,72.72777777777777,33.73
2021-05-30 15:00:00,17.333333333333332,61.8625,73.64375000000001,33.81
2021-05-30 16:00:00,20.15111111111111,75.64222222222222,74.36555555555555,32.97333333333333
2021-05-30 17:00:00,18.633333333333333,62.790000000000006,75.61375000000001,32.91
2021-05-30 18:00:00,17.173333333333332,66.33444444444444,77.04666666666667,31.848888888888887
2021-05-30 19:00:00,18.275555555555556,68.58125,80.30375,31.32
2021-05-30 20:00:00,21.929999999999996,64.78222222222222,81.2811111111111,30.759999999999998
2021-05-30 21:00:00,19.813333333333333,63.26375,81.83500000000001,30.177500000000002
2021-05-30 22:00:00,16.35222222222222,54.18111111111111,81.71000000000001,29.240000000000002
2021-05-30 23:00:00,17.604444444444443,49.13777777777777,82.64777777777778,29.084444444444443
2021-05-31 00:00:00,19.325555555555557,55.2825,84.64375000000001,29.18
2021-05-31 01:00:00,6.33,19.0,85.9188888888889,28.43777777777778
2021-05-31 02:00:00,6.0,20.95,85.68200000000002,31.038
2021-05-31 03:00:00,6.87,15.17,85.84555555555556,27.90222222222222
2021-05-31 04:00:00,7.87,16.95,86.09666666666666,27.923333333333332
2021-05-31 05:00:00,10.59,17.0,87.405,28.005000000000003
2021-05-31 06:00:00,9.26,21.86,88.17125,28.03875
2021-05-31 07:00:00,24.607777777777773,55.23111111111111,86.60000000000001,29.21
2021-05-31 08:00:00,24.25625,65.04124999999999,82.78888888888889,30.63666666666667
2021-05-31 09:00:00,23.0,72.0,80.42333333333333,31.538888888888884
2021-05-31 10:00:00,23.47,71.51333333333334,79.7211111111111,32.10777777777778
2021-05-31 11:00:00,21.723750000000003,72.03333333333333,84.70555555555555,30.05111111111111
2021-05-31 12:00:00,38.0,95.0,87.72555555555556,29.52444444444445
2021-05-31 13:00:00,126.68,189.31,83.68625,31.94625
2021-05-31 14:00:00,46.67,88.94,80.42888888888889,31.953333333333333
2021-05-31 15:00:00,27.78,66.53,82.59555555555556,30.814444444444444
2021-05-31 16:00:00,20.05,48.5,83.4088888888889,30.626666666666665
2021-05-31 17:00:00,16.39,49.95,82.3175,31.125
2021-05-31 18:00:00,18.61,74.38,83.0825,34.53375
2021-05-31 19:00:00,19.0,74.02,84.6575,30.419999999999998
2021-05-31 20:00:00,23.35,78.86,84.83333333333333,29.876666666666665
2021-05-31 21:00:00,27.48,89.69,85.81888888888889,29.673333333333332
2021-05-31 22:00:00,28.0,74.44,87.19888888888889,29.39
2021-05-31 23:00:00,26.26,62.33,87.97333333333333,29.13222222222222
2021-06-01 00:00:00,39.91,82.42,88.83125000000001,28.473750000000003
2021-06-01 01:00:00,36.78,78.12,89.34222222222223,28.66
2021-06-01 02:00:00,34.26,74.11,89.84333333333333,28.535555555555554
2021-06-01 03:00:00,22.7,63.29,90.0788888888889,28.456666666666667
2021-06-01 04:00:00,26.22,57.16,90.61777777777777,28.37222222222222
2021-06-01 05:00:00,31.41,58.94,91.11699999999999,31.211000000000002
2021-06-01 06:00:00,34.62,87.19,90.7788888888889,28.426666666666662
2021-06-01 07:00:00,26.3,87.03,87.83222222222223,29.464444444444446
2021-06-01 08:00:00,30.18,98.64,83.85222222222222,30.799999999999997
2021-06-01 09:00:00,25.27,53.44,80.01444444444445,32.010000000000005
2021-06-01 10:00:00,18.6875,48.0,77.20444444444443,32.81
2021-06-01 11:00:00,13.0,55.324444444444445,75.32333333333334,33.23111111111111
2021-06-01 12:00:00,25.17,68.0,74.49777777777778,33.54222222222222
2021-06-01 13:00:00,27.0,77.72,73.44888888888889,33.89111111111111
2021-06-01 14:00:00,18.3,63.38,73.88333333333334,33.73888888888889
2021-06-01 15:00:00,17.0,73.71,75.27111111111111,33.27111111111111
2021-06-01 16:00:00,11.78,71.08,76.50333333333334,33.0611111111111
2021-06-01 17:00:00,10.13,61.25,77.63666666666667,32.41666666666666
2021-06-01 18:00:00,15.5625,47.9775,80.04875000000001,31.520000000000003
2021-06-01 19:00:00,18.55375,50.20375,82.545,29.35
2021-06-01 20:00:00,17.85,45.23375,91.76125,26.985
2021-06-01 21:00:00,18.49,41.693333333333335,95.7225,26.46375
2021-06-01 22:00:00,19.14,38.26444444444444,96.25444444444446,29.93333333333333
2021-06-01 23:00:00,16.0075,34.07714285714286,95.99125000000001,26.567500000000003
2021-06-02 00:00:00,15.31,34.15375,95.965,26.6325
2021-06-02 01:00:00,17.4775,33.03285714285715,96.21625,26.63625
2021-06-02 02:00:00,22.532222222222224,49.92222222222222,96.59555555555556,30.13444444444444
2021-06-02 03:00:00,24.33,47.29875,96.36500000000001,26.709999999999997
2021-06-02 04:00:00,23.770000000000003,46.28375,96.205,26.76375
2021-06-02 05:00:00,21.37625,45.477500000000006,95.81875,26.835
2021-06-02 06:00:00,25.34222222222222,53.936666666666675,95.58999999999999,30.507777777777775
2021-06-02 07:00:00,23.267500000000002,53.165,94.72714285714287,28.192857142857143
2021-06-02 08:00:00,23.990000000000002,54.44,89.87428571428572,28.931428571428572
2021-06-02 09:00:00,11.0,62.0,85.87,30.07166666666667
2021-06-02 10:00:00,24.16375,56.06333333333333,86.71000000000001,31.169999999999998
2021-06-02 11:00:00,41.0,67.0,85.2011111111111,34.154444444444444
2021-06-02 12:00:00,36.64,73.83,79.64875,32.448750000000004
2021-06-02 13:00:00,21.07,46.0,78.87,32.4975
2021-06-02 14:00:00,10.28,28.10625,79.525,32.43625
2021-06-02 15:00:00,22.91,49.0,79.2,32.849999999999994
2021-06-02 16:00:00,12.79,28.398571428571426,76.61125000000001,33.39375
2021-06-02 17:00:00,6.65,27.705714285714286,77.55285714285716,33.52428571428572
2021-06-02 18:00:00,11.22,27.64571428571429,79.50625,32.07125
2021-06-02 19:00:00,231.1,33.33714285714286,83.99,30.342857142857138
2021-06-02 20:00:00,169.23,38.53285714285715,86.02999999999999,29.18857142857143
2021-06-02 21:00:00,99.36,52.65625,86.96125,28.408749999999998
2021-06-02 22:00:00,60.57,59.0675,85.77125000000001,32.435
2021-06-02 23:00:00,29.92,78.0,86.28428571428572,28.684285714285714
2021-06-03 00:00:00,15.6,54.502857142857145,86.0942857142857,28.484285714285715
2021-06-03 01:00:00,13.13,48.921666666666674,86.34714285714287,28.41428571428571
2021-06-03 02:00:00,17.35,32.0,86.67857142857143,28.34857142857143
2021-06-03 03:00:00,11.89,32.0,87.99166666666667,28.196666666666662
2021-06-03 04:00:00,8.39,43.720000000000006,87.73714285714286,27.805714285714288
2021-06-03 05:00:00,9.74,48.98428571428571,87.51624999999999,27.45
2021-06-03 06:00:00,9.13,64.42375,87.67875000000001,31.7425
2021-06-03 07:00:00,16.82,61.388749999999995,84.16375,28.963749999999997
2021-06-03 08:00:00,18.87,63.745000000000005,75.81428571428572,31.11285714285714
2021-06-03 09:00:00,19.87,53.8325,70.06375,33.441250000000004
2021-06-03 10:00:00,27.82,67.0,68.7125,34.26625
2021-06-03 11:00:00,27.53,47.75,67.10222222222222,34.52111111111111
2021-06-03 12:00:00,16.745555555555555,48.787777777777784,68.23111111111112,34.27
2021-06-03 13:00:00,19.188888888888886,60.50888888888888,69.66666666666669,34.275555555555556
2021-06-03 14:00:00,40.0,72.0,69.27555555555556,34.32888888888889
2021-06-03 15:00:00,23.53,52.45,69.92875000000001,33.85249999999999
2021-06-03 16:00:00,27.93,67.56,70.555,33.435
2021-06-03 17:00:00,14.22,44.0,72.25222222222223,32.788888888888884
2021-06-03 18:00:00,21.59,45.95,78.05,31.6025
2021-06-03 19:00:00,15.18,43.08,81.62375,30.785
2021-06-03 20:00:00,10.52,68.35,76.99555555555555,29.93444444444444
2021-06-03 21:00:00,10.0,21.23,74.50777777777779,29.047777777777778
2021-06-03 22:00:00,16.11,51.11,78.17777777777778,28.803333333333335
2021-06-03 23:00:00,21.35,60.75,81.03875,28.509999999999998
2021-06-04 00:00:00,11.6,24.99,79.98111111111112,28.288888888888888
2021-06-04 01:00:00,12.61,22.05,80.5988888888889,27.796666666666667
2021-06-04 02:00:00,9.49,17.11,82.67,27.2975
2021-06-04 03:00:00,10.75,28.0,82.4588888888889,27.141111111111112
2021-06-04 04:00:00,9.26,22.17,82.727,30.142999999999994
2021-06-04 05:00:00,11.61,28.82,84.33,26.927777777777777
2021-06-04 06:00:00,12.96,34.4,84.35111111111112,27.16111111111111
2021-06-04 07:00:00,23.436666666666667,54.30111111111111,81.53777777777778,28.65666666666667
2021-06-04 08:00:00,26.54111111111111,59.92222222222222,76.47222222222221,31.205555555555552
2021-06-04 09:00:00,20.0,51.0,72.30555555555556,33.03333333333333
2021-06-04 10:00:00,17.3625,42.82222222222222,70.63374999999999,33.5625
2021-06-04 11:00:00,12.738888888888889,39.86333333333333,68.35000000000001,34.19777777777778
2021-06-04 12:00:00,14.677777777777777,45.25666666666667,68.82555555555557,34.15888888888889
2021-06-04 13:00:00,13.01,39.21666666666667,69.76222222222222,33.99777777777778
2021-06-04 14:00:00,9.447777777777778,28.962222222222223,70.2188888888889,34.146666666666675
2021-06-04 15:00:00,6.81125,29.22,68.5875,33.355000000000004
2021-06-04 16:00:00,44.0,70.0,70.2725,32.73625
2021-06-04 17:00:00,59.65,89.5,73.51625000000001,31.78125
2021-06-04 18:00:00,49.57,62.32,75.37,31.23375
2021-06-04 19:00:00,9.582857142857142,30.149999999999995,81.77375,29.955
2021-06-04 20:00:00,13.658750000000001,38.66777777777778,83.29666666666668,28.793333333333333
2021-06-04 21:00:00,15.45,42.458888888888886,83.9175,28.2175
2021-06-04 22:00:00,17.47375,46.90222222222222,83.78999999999999,28.09111111111111
2021-06-04 23:00:00,20.74875,58.49100000000001,85.385,27.95375
2021-06-05 00:00:00,20.9725,57.55799999999999,84.66555555555556,31.173333333333332
2021-06-05 01:00:00,18.771428571428572,46.597500000000004,85.63125,27.636249999999997
2021-06-05 02:00:00,21.465,54.81999999999999,84.96000000000001,27.575555555555557
2021-06-05 03:00:00,25.60875,57.7375,86.10125,27.42
2021-06-05 04:00:00,24.578750000000003,56.633750000000006,86.27250000000001,27.44125
2021-06-05 05:00:00,29.7375,67.83,84.8975,27.583750000000002
2021-06-05 06:00:00,29.32,63.315,82.91555555555556,30.780000000000005
2021-06-05 07:00:00,24.52142857142857,51.607142857142854,81.9,28.0825
2021-06-05 08:00:00,25.673333333333332,62.888571428571424,79.2757142857143,28.752857142857145
2021-06-05 09:00:00,28.843333333333334,66.57,74.4542857142857,30.22
2021-06-05 10:00:00,34.465,81.15125,75.005,31.80875
2021-06-05 11:00:00,29.03125,75.34125,73.90285714285713,32.91571428571428
2021-06-05 12:00:00,23.84111111111111,74.21625,71.82444444444445,32.85111111111111
2021-06-05 13:00:00,18.87111111111111,58.9075,71.58888888888889,33.08888888888889
2021-06-05 14:00:00,17.05375,49.56,71.379,32.968
2021-06-05 15:00:00,13.884444444444444,49.419999999999995,75.04666666666667,31.040000000000003
2021-06-05 16:00:00,13.325555555555557,50.0588888888889,79.51666666666667,29.90888888888889
2021-06-05 17:00:00,14.182222222222222,44.832222222222214,76.90599999999999,30.260999999999996
2021-06-05 18:00:00,14.59625,47.845555555555556,76.75555555555555,30.18333333333333
2021-06-05 19:00:00,16.600000000000005,52.38111111111111,79.49000000000001,29.00375
2021-06-05 20:00:00,20.616666666666667,64.06777777777778,80.97888888888889,29.188888888888886
2021-06-05 21:00:00,28.82222222222222,88.90666666666667,84.22125,32.2025
2021-06-05 22:00:00,27.92875,88.775,84.79124999999999,28.34625
2021-06-05 23:00:00,29.504999999999995,87.595,85.95857142857143,28.12857142857143
2021-06-06 00:00:00,29.914285714285715,86.45857142857142,86.62,27.725714285714282
2021-06-06 01:00:00,25.685714285714287,81.1742857142857,89.93375,26.08375
2021-06-06 02:00:00,19.805,52.019999999999996,96.2425,24.6825
2021-06-06 03:00:00,12.134444444444444,37.26222222222222,96.66666666666667,27.702222222222222
2021-06-06 04:00:00,10.83,27.4075,98.06444444444445,24.20111111111111
2021-06-06 05:00:00,16.189999999999998,36.49333333333333,98.33555555555556,24.296666666666667
2021-06-06 06:00:00,13.554444444444446,38.858888888888885,93.838,24.095999999999997
2021-06-06 07:00:00,11.599999999999998,22.123333333333335,97.76222222222222,25.317777777777778
2021-06-06 08:00:00,14.775714285714285,24.995,96.54,26.22625
2021-06-06 09:00:00,18.124444444444446,43.63,93.1888888888889,27.496666666666666
2021-06-06 10:00:00,17.764444444444443,51.55222222222223,84.75111111111113,32.955555555555556
2021-06-06 11:00:00,14.686250000000001,41.095,71.17444444444445,31.924444444444443
2021-06-06 12:00:00,14.67,42.645,68.88625,32.644999999999996
2021-06-06 13:00:00,16.13875,46.24625,67.59222222222223,33.013333333333335
2021-06-06 14:00:00,18.69,51.175,66.30111111111113,33.26777777777777
2021-06-06 15:00:00,16.28875,53.561249999999994,68.96,33.00857142857143
2021-06-06 16:00:00,13.078333333333333,50.947500000000005,72.655,32.4275
2021-06-06 17:00:00,15.01375,50.4675,74.54222222222222,31.939999999999998
2021-06-06 18:00:00,15.8675,51.511250000000004,78.34875,31.01125
2021-06-06 19:00:00,16.555,45.55125,80.08999999999999,29.95111111111111
2021-06-06 20:00:00,19.627142857142854,55.33375,82.435,29.56125
2021-06-06 21:00:00,19.84333333333333,61.607777777777784,83.17888888888889,29.37777777777778
2021-06-06 22:00:00,18.88625,58.837777777777774,84.8388888888889,32.121111111111105
2021-06-06 23:00:00,15.91375,47.1275,87.17222222222225,28.166666666666668
2021-06-07 00:00:00,17.172857142857143,36.9875,87.0125,28.173750000000002
2021-06-07 01:00:00,12.955714285714285,33.652857142857144,87.67750000000001,28.041249999999998
2021-06-07 02:00:00,16.18444444444444,46.43,86.75888888888889,28.085555555555555
2021-06-07 03:00:00,16.72111111111111,46.16777777777778,88.486,30.622999999999998
2021-06-07 04:00:00,11.36375,35.065,92.03555555555555,26.746666666666666
2021-06-07 05:00:00,15.19111111111111,35.51222222222222,96.75999999999999,25.190000000000005
2021-06-07 06:00:00,13.764444444444445,31.267777777777773,97.63300000000001,28.275
2021-06-07 07:00:00,11.358571428571427,24.928571428571427,97.04444444444445,25.40666666666667
2021-06-07 08:00:00,11.873750000000001,46.708749999999995,90.652,27.361
2021-06-07 09:00:00,15.824999999999998,48.14,86.394,28.526
2021-06-07 10:00:00,17.27777777777778,100.015,90.35363636363637,29.701818181818183
2021-06-07 11:00:00,22.0,91.0,88.92111111111112,28.036666666666665
2021-06-07 12:00:00,14.364444444444445,54.011111111111106,79.447,30.214000000000006
2021-06-07 13:00:00,16.605555555555554,69.41222222222221,74.98100000000001,31.544999999999998
2021-06-07 14:00:00,16.693333333333335,56.48777777777777,71.46199999999999,32.299
2021-06-07 15:00:00,13.0,47.0,72.58700000000002,31.877
2021-06-07 16:00:00,19.93,49.92,76.446,30.287
2021-06-07 17:00:00,19.26,58.77,73.22200000000001,30.85
2021-06-07 18:00:00,21.61,48.24,75.145,30.153000000000002
2021-06-07 19:00:00,24.6,74.33,79.53181818181817,31.90181818181819
2021-06-07 20:00:00,25.87,66.25,81.554,28.934999999999995
2021-06-07 21:00:00,30.35,77.73,87.25666666666667,28.38222222222222
2021-06-07 22:00:00,27.52,77.02,84.38699999999999,28.311
2021-06-07 23:00:00,13.13,52.62,84.967,28.264000000000003
2021-06-08 00:00:00,14.48,32.55,86.12818181818182,30.728181818181817
2021-06-08 01:00:00,17.6,38.8,87.12199999999999,27.833
2021-06-08 02:00:00,13.65,39.97,87.845,27.604000000000003
2021-06-08 03:00:00,14.74,38.1,89.58900000000001,27.129999999999995
2021-06-08 04:00:00,7.2,38.98,90.70454545454548,29.723636363636366
2021-06-08 05:00:00,6.0,39.0,90.15,26.744999999999997
2021-06-08 06:00:00,10.33,38.03,90.68700000000001,26.706
2021-06-08 07:00:00,15.35,45.79,92.63454545454546,29.662727272727274
2021-06-08 08:00:00,33.39,89.88,89.74199999999999,28.175000000000004
2021-06-08 09:00:00,30.8,73.45,86.81299999999999,29.123
2021-06-08 10:00:00,20.47,47.58,89.71888888888888,28.02
2021-06-08 11:00:00,14.67,49.92,92.574,28.008
2021-06-08 12:00:00,13.13,54.88,93.707,30.682
2021-06-08 13:00:00,8.65,34.52,91.61444444444444,28.13444444444444
2021-06-08 14:00:00,6.27,20.35,85.436,29.926
2021-06-08 15:00:00,5.13,25.85,79.94800000000001,31.561
2021-06-08 16:00:00,11.93,50.38,80.697,30.502999999999997
2021-06-08 17:00:00,21.7,62.73,85.172,28.562
2021-06-08 18:00:00,22.13,51.3,81.33545454545454,28.394545454545458
2021-06-08 19:00:00,12.47,42.23,87.86800000000001,28.081
2021-06-08 20:00:00,13.6,42.98,89.212,27.732999999999997
2021-06-08 21:00:00,20.95,61.52,91.72200000000001,27.000999999999998
2021-06-08 22:00:00,15.93,48.35,93.82636363636365,29.56181818181818
2021-06-08 23:00:00,18.47,47.02,93.582,26.690999999999995
2021-06-09 00:00:00,13.8,36.3,93.61600000000001,26.790999999999997
2021-06-09 01:00:00,26.0,75.97,93.619,26.787
2021-06-09 02:00:00,7.2,23.38,93.93545454545455,29.512727272727275
2021-06-09 03:00:00,3.13,17.12,93.398,26.463
2021-06-09 04:00:00,5.6,25.77,93.628,26.331
2021-06-09 05:00:00,6.0,11.0,93.885,26.135
2021-06-09 06:00:00,5.13,8.07,94.43727272727273,29.118181818181814
2021-06-09 07:00:00,4.13,6.05,94.44000000000001,25.958
2021-06-09 08:00:00,3.13,5.03,94.557,25.517000000000003
2021-06-09 09:00:00,4.73,5.97,95.20545454545454,28.28818181818182
2021-06-09 10:00:00,5.87,14.78,94.96099999999998,25.592999999999996
2021-06-09 11:00:00,8.588,25.234444444444446,94.64222222222222,25.583333333333332
2021-06-09 12:00:00,9.26,11.2,95.107,29.136999999999993
2021-06-09 13:00:00,9.8,12.95,94.56333333333333,25.59111111111111
2021-06-09 14:00:00,11.93142857142857,6.17,94.59222222222222,25.354444444444443
2021-06-09 15:00:00,10.56375,11.87,95.14,28.568
2021-06-09 16:00:00,7.1450000000000005,22.73,94.63222222222221,25.410000000000004
2021-06-09 17:00:00,9.83222222222222,27.88,94.50222222222222,25.78222222222222
2021-06-09 18:00:00,10.824444444444444,22.13,94.888,29.118000000000002
2021-06-09 19:00:00,12.435555555555556,25.0,94.65599999999999,25.266
2021-06-09 20:00:00,13.0,38.0,94.328,25.160000000000004
2021-06-09 21:00:00,19.95,47.78,94.36,28.337272727272726
2021-06-09 22:00:00,21.0,44.1,94.014,25.198999999999998
2021-06-09 23:00:00,22.73,41.08,94.05199999999999,25.046999999999997
2021-06-10 00:00:00,29.07,48.82,98.31222222222223,28.470000000000002
2021-06-10 01:00:00,25.65,44.12,98.34,25.266000000000002
2021-06-10 02:00:00,25.0,33.27,98.36800000000001,25.380000000000003
2021-06-10 03:00:00,16.2,26.31,98.515,30.938333333333333
2021-06-10 04:00:00,14.89,28.696666666666662,98.708,25.618000000000002
2021-06-10 05:00:00,15.398,41.24249999999999,99.20499999999998,25.465
2021-06-10 06:00:00,12.703333333333333,40.7525,99.40400000000001,31.996
2021-06-10 07:00:00,12.23,24.222500000000004,99.26,25.690000000000005
2021-06-10 08:00:00,15.851999999999999,39.984,98.69200000000001,26.15
2021-06-10 09:00:00,14.088333333333333,39.162,98.03000000000002,31.888333333333332
2021-06-10 10:00:00,9.0,16.0,95.788,27.5
2021-06-10 11:00:00,6.4,22.82,95.854,27.712
2021-06-10 12:00:00,7.74,24.95,94.438,28.144
2021-06-10 13:00:00,10.21,19.3,90.49166666666667,33.89
2021-06-10 14:00:00,11.376,47.474999999999994,85.29,28.85
2021-06-10 15:00:00,17.0,45.0,89.00800000000001,27.666000000000004
2021-06-10 16:00:00,6.6,32.33,96.60999999999999,24.956
2021-06-10 17:00:00,3.26,15.38,98.81333333333333,30.010000000000005
2021-06-10 18:00:00,1.27,7.2,98.91199999999999,24.734
2021-06-10 19:00:00,13.13,28.51,98.92600000000002,24.964000000000002
2021-06-10 20:00:00,12.4,34.87,98.796,24.742
2021-06-10 21:00:00,16.33,34.02,99.05333333333333,29.883333333333336
2021-06-10 22:00:00,7.47,14.47,98.952,24.426
2021-06-10 23:00:00,12.07,17.9,98.63200000000002,24.802
2021-06-11 00:00:00,10.41,22.72,97.61666666666667,30.633333333333336
2021-06-11 01:00:00,11.73,17.15,96.428,25.298000000000002
2021-06-11 02:00:00,6.27,17.0,97.314,25.238
2021-06-11 03:00:00,16.45,14.07,98.066,25.142
2021-06-11 04:00:00,4.33,14.0,98.38000000000001,30.64
2021-06-11 05:00:00,4.13,10.1,97.80000000000001,25.4125
2021-06-11 06:00:00,4.87,18.8,98.47749999999999,25.455000000000002
2021-06-11 07:00:00,7.6,13.13,98.946,31.924
2021-06-11 08:00:00,15.8,21.0,98.7875,25.89
2021-06-11 09:00:00,10.0,13.0,97.935,26.4075
2021-06-11 10:00:00,6.53,12.02,94.7425,27.905
2021-06-11 11:00:00,12.93,43.29,89.638,35.412
2021-06-11 12:00:00,12.27,60.58,88.854,28.827999999999996
2021-06-11 13:00:00,18.07,39.55,96.974,26.534000000000002
2021-06-11 14:00:00,16.4,34.11,98.202,25.996
2021-06-11 15:00:00,16.87,24.25,98.152,31.972
2021-06-11 16:00:00,8.33,16.2,97.90400000000001,25.56
2021-06-11 17:00:00,12.2,15.02,99.00000000000001,25.066000000000003
2021-06-11 18:00:00,12.13,15.97,99.31333333333333,30.613333333333333
2021-06-11 19:00:00,11.13,16.0,99.268,25.262
2021-06-11 20:00:00,12.87,15.09,99.308,25.252
2021-06-11 21:00:00,12.0,13.0,99.43833333333333,30.585000000000004
2021-06-11 22:00:00,9.0,18.9675,99.388,25.182000000000002
2021-06-11 23:00:00,5.53,9.98,99.382,25.240000000000002
2021-06-12 00:00:00,2.72,6.1,99.526,31.502
2021-06-12 01:00:00,11.530000000000001,3.08,99.422,25.339999999999996
2021-06-12 02:00:00,6.382499999999999,14.586666666666666,99.40800000000002,25.5
2021-06-12 03:00:00,15.924999999999997,36.796,99.39,25.264
2021-06-12 04:00:00,16.771666666666665,42.3625,99.47333333333334,30.62166666666667
2021-06-12 05:00:00,1.0,2.0,99.4,25.09
2021-06-12 06:00:00,0.53,47.9,99.41250000000001,24.580000000000002
2021-06-12 07:00:00,6.07,7.2,99.56000000000002,31.432000000000006
2021-06-12 08:00:00,17.3,19.84,99.44200000000001,25.196
2021-06-12 09:00:00,15.365,34.644,99.464,25.53
2021-06-12 10:00:00,17.0,23.78,99.44999999999999,31.06833333333333
2021-06-12 11:00:00,22.13,25.81,99.29,25.54
2021-06-12 12:00:00,22.0,44.8675,99.438,25.741999999999997
2021-06-12 13:00:00,13.33,17.93,99.46,31.513333333333332
2021-06-12 14:00:00,13.74,19.95,98.38499999999999,26.575
2021-06-12 15:00:00,9.67,20.0,92.58399999999999,28.320000000000004
2021-06-12 16:00:00,9.87,18.05,85.636,29.398000000000003
2021-06-12 17:00:00,9.13,16.05,84.28666666666665,34.005
2021-06-12 18:00:00,8.13,26.73,89.406,27.984
2021-06-12 19:00:00,7.13,23.09,93.518,27.288
2021-06-12 20:00:00,20.0,47.45,94.646,27.204
2021-06-12 21:00:00,15.04,26.55,95.38666666666667,32.263333333333335
2021-06-12 22:00:00,16.6,22.1,93.934,27.227999999999998
2021-06-12 23:00:00,14.41,17.1,92.426,27.353999999999996
2021-06-13 00:00:00,14.87,23.82,92.684,27.332000000000004
2021-06-13 01:00:00,10.67,12.3,93.00833333333334,32.428333333333335
2021-06-13 02:00:00,6.0,7.0,93.854,27.298000000000002
2021-06-13 03:00:00,5.13,8.96,94.26000000000002,27.203999999999997
2021-06-13 04:00:00,3.27,8.03,95.166,26.977999999999998
2021-06-13 05:00:00,3.0,12.89,96.05333333333334,31.96666666666667
2021-06-13 06:00:00,3.87,13.0,95.78599999999999,26.797999999999995
2021-06-13 07:00:00,7.47,13.96,95.688,26.996000000000002
2021-06-13 08:00:00,7.13,17.91,97.398,27.02
2021-06-13 09:00:00,18.27,30.71,93.43166666666667,33.18666666666667
2021-06-13 10:00:00,19.13,35.89,89.942,28.924
2021-06-13 11:00:00,18.13,42.84,87.166,29.439999999999998
2021-06-13 12:00:00,14.53,48.87,84.996,29.912
2021-06-13 13:00:00,14.0,42.13,80.148,30.9
2021-06-13 14:00:00,14.87,48.84,77.28999999999999,31.456
2021-06-13 15:00:00,6.33,35.35,78.726,31.119999999999997
2021-06-13 16:00:00,13.64,42.64,80.976,30.748
2021-06-13 17:00:00,18.47,60.6,83.276,30.107999999999997
2021-06-13 18:00:00,17.27,51.22,85.01333333333332,34.225
2021-06-13 19:00:00,17.0,46.11,87.528,28.847999999999995
2021-06-13 20:00:00,11.78,40.14,89.66,28.576
2021-06-13 21:00:00,22.23,56.62,91.65400000000001,28.310000000000002
2021-06-13 22:00:00,18.8,54.07,91.90599999999999,28.168
2021-06-13 23:00:00,14.53,56.94,93.126,27.926
2021-06-14 00:00:00,14.87,41.4,92.95333333333333,32.96333333333333
2021-06-14 01:00:00,8.07,25.4,93.0375,28.277499999999996
2021-06-14 02:00:00,10.47,26.95,91.66199999999999,27.644
2021-06-14 03:00:00,17.93,42.6,94.308,27.076
2021-06-14 04:00:00,15.53,43.98,94.372,27.091999999999995
2021-06-14 05:00:00,17.6,47.9,92.48833333333334,32.28333333333333
2021-06-14 06:00:00,16.27,43.11,94.36600000000001,27.224
2021-06-14 07:00:00,26.37,48.87,94.52999999999999,28.376666666666665
2021-06-14 08:00:00,36.7,88.11,90.38999999999999,29.386666666666667
2021-06-14 09:00:00,29.33,79.22,85.3,37.1825
2021-06-14 10:00:00,30.61,82.91,82.41666666666667,31.206666666666667
2021-06-14 11:00:00,18.0,52.69,76.53,32.284000000000006
2021-06-14 12:00:00,25.53,59.82,75.94250000000001,31.6475
2021-06-14 13:00:00,23.55,67.82,73.662,32.458000000000006
2021-06-14 14:00:00,22.27,75.65,72.454,32.64
2021-06-14 15:00:00,15.93,68.18,73.804,32.336
2021-06-14 16:00:00,20.22,79.73,74.014,32.096000000000004
2021-06-14 17:00:00,18.4,80.0,77.148,31.272000000000002
2021-06-14 18:00:00,18.87,78.09,80.682,30.389999999999997
2021-06-14 19:00:00,22.47,90.71,84.296,29.639999999999997
2021-06-14 20:00:00,25.6,90.02,86.75,29.25
2021-06-14 21:00:00,33.8,109.61,86.89,29.209999999999997
2021-06-14 22:00:00,31.53,96.31,87.798,29.008000000000003
2021-06-14 23:00:00,24.93,88.2,88.805,33.626666666666665
2021-06-15 00:00:00,27.45,98.78,89.734,28.676
2021-06-15 01:00:00,21.09,79.39,,
2021-06-15 02:00:00,19.13,59.45,,
2021-06-15 03:00:00,9.47,31.7,,
2021-06-15 04:00:00,11.47,34.0,,
2021-06-15 05:00:00,10.27,28.13,92.0,57.9
2021-06-15 06:00:00,16.05,21.16,,
2021-06-15 07:00:00,19.8,42.87,,
2021-06-15 08:00:00,,,,
2021-06-15 09:00:00,19.0,38.0,,
2021-06-15 10:00:00,21.61,41.91,,
2021-06-15 11:00:00,21.13,60.52,,
2021-06-15 12:00:00,21.0,55.0,92.4,57.9
2021-06-15 13:00:00,13.22,39.4,95.78,57.9
2021-06-15 14:00:00,12.0,38.02,99.19,57.9
2021-06-15 15:00:00,10.54,38.0,,
2021-06-15 16:00:00,10.0,38.0,,
2021-06-15 17:00:00,,,,
