From Date,PM2.5,PM10,RH,AT
2020-11-01 00:00:00,93.06,231.75,,28.43
2020-11-01 01:00:00,86.58,158.33,,27.27
2020-11-01 02:00:00,52.68,96.89,,26.55
2020-11-01 03:00:00,43.48,66.47,,26.44
2020-11-01 04:00:00,35.55,62.18,,26.19
2020-11-01 05:00:00,30.36,48.38,,25.9
2020-11-01 06:00:00,38.4,59.72,,25.85
2020-11-01 07:00:00,39.93,67.36,,25.93
2020-11-01 08:00:00,43.72,88.89,,27.33
2020-11-01 09:00:00,44.0,94.63,,29.2
2020-11-01 10:00:00,33.77,104.96,,31.24
2020-11-01 11:00:00,31.14,105.09,,34.08
2020-11-01 12:00:00,37.49,144.06,,36.71
2020-11-01 13:00:00,51.96,142.0,,38.0
2020-11-01 14:00:00,58.58,156.53,,38.28
2020-11-01 15:00:00,70.13,185.25,,37.53
2020-11-01 16:00:00,71.93,193.45,,36.31
2020-11-01 17:00:00,61.77,177.65,,34.55
2020-11-01 18:00:00,59.14,142.39,,32.87
2020-11-01 19:00:00,74.77,173.41,,31.68
2020-11-01 20:00:00,125.17,345.04,,30.72
2020-11-01 21:00:00,129.93,414.68,,30.52
2020-11-01 22:00:00,142.1,475.41,,30.38
2020-11-01 23:00:00,95.54,250.28,,30.07
2020-11-02 00:00:00,72.52,191.68,,29.57
2020-11-02 01:00:00,79.38,157.93,,29.08
2020-11-02 02:00:00,72.56,125.93,,28.57
2020-11-02 03:00:00,74.79,114.8,,27.86
2020-11-02 04:00:00,65.72,99.47,,27.59
2020-11-02 05:00:00,65.93,79.89,,27.63
2020-11-02 06:00:00,66.0,93.44,,27.55
2020-11-02 07:00:00,64.14,103.17,,27.63
2020-11-02 08:00:00,66.78,132.07,,28.74
2020-11-02 09:00:00,74.42,153.0,,30.36
2020-11-02 10:00:00,73.14,161.18,,32.46
2020-11-02 11:00:00,59.04,166.54,,34.45
2020-11-02 12:00:00,68.2,180.62,,36.47
2020-11-02 13:00:00,67.14,201.07,,37.64
2020-11-02 14:00:00,69.79,189.0,,37.98
2020-11-02 15:00:00,73.72,195.36,,37.1
2020-11-02 16:00:00,78.65,225.16,,36.38
2020-11-02 17:00:00,79.93,208.93,,35.13
2020-11-02 18:00:00,85.57,208.82,,33.09
2020-11-02 19:00:00,121.25,513.29,,31.93
2020-11-02 20:00:00,183.38,676.62,,31.47
2020-11-02 21:00:00,166.6,457.67,,31.13
2020-11-02 22:00:00,160.35,397.64,,30.45
2020-11-02 23:00:00,121.03,244.12,,30.02
2020-11-03 00:00:00,116.14,229.0,,29.23
2020-11-03 01:00:00,92.73,159.97,,28.89
2020-11-03 02:00:00,88.21,131.13,,28.43
2020-11-03 03:00:00,79.62,110.78,,28.1
2020-11-03 04:00:00,69.69,98.1,,27.88
2020-11-03 05:00:00,69.93,98.82,,27.48
2020-11-03 06:00:00,74.67,102.63,,27.28
2020-11-03 07:00:00,71.29,119.35,,27.32
2020-11-03 08:00:00,85.89,183.48,,28.67
2020-11-03 09:00:00,83.29,183.64,,30.73
2020-11-03 10:00:00,79.29,203.95,,32.67
2020-11-03 11:00:00,69.61,187.31,,34.26
2020-11-03 12:00:00,71.088,187.648,,35.0425
2020-11-03 13:00:00,72.566,187.986,,35.825
2020-11-03 14:00:00,74.044,188.324,,36.6075
2020-11-03 15:00:00,75.522,188.662,,37.39
2020-11-03 16:00:00,77.0,189.0,,36.99
2020-11-03 17:00:00,70.5,202.62,,35.13
2020-11-03 18:00:00,87.63,307.87,,33.1
2020-11-03 19:00:00,90.86,281.67,,31.94
2020-11-03 20:00:00,84.5,233.49,,30.91
2020-11-03 21:00:00,125.88,392.09,,30.28
2020-11-03 22:00:00,134.58,435.25,,29.69
2020-11-03 23:00:00,117.32,287.22,,29.18
2020-11-04 00:00:00,116.0,262.92,,28.1
2020-11-04 01:00:00,88.17,145.73,,27.51
2020-11-04 02:00:00,69.3,98.58,,27.23
2020-11-04 03:00:00,65.21,94.09,,27.09
2020-11-04 04:00:00,65.93,98.54,,27.05
2020-11-04 05:00:00,61.35,84.42,,26.96
2020-11-04 06:00:00,56.36,72.1,,26.99
2020-11-04 07:00:00,61.58,110.97,,27.05
2020-11-04 08:00:00,64.79,124.8,,28.3
2020-11-04 09:00:00,67.78,136.08,,30.33
2020-11-04 10:00:00,67.07,173.33,,32.98
2020-11-04 11:00:00,63.29,161.6,,35.04
2020-11-04 12:00:00,63.93,163.63,,37.29
2020-11-04 13:00:00,64.93,173.08,,39.35
2020-11-04 14:00:00,104.08,160.04000000000002,,38.94
2020-11-04 15:00:00,65.25,147.0,,37.57
2020-11-04 16:00:00,56.43,137.92,,36.81
2020-11-04 17:00:00,62.49,191.5,,35.05
2020-11-04 18:00:00,98.36,213.38,,32.85
2020-11-04 19:00:00,108.42,269.5,,31.43
2020-11-04 20:00:00,139.62,363.11,,31.22
2020-11-04 21:00:00,86.17,193.42,,30.63
2020-11-04 22:00:00,91.31,213.0,,29.74
2020-11-04 23:00:00,99.42,217.54,,29.2
2020-11-05 00:00:00,108.35,171.82,,28.3
2020-11-05 01:00:00,90.44,159.71,,27.41
2020-11-05 02:00:00,83.43,109.04,,27.01
2020-11-05 03:00:00,76.5,124.89,,26.57
2020-11-05 04:00:00,64.88,98.22,,26.09
2020-11-05 05:00:00,64.73333333333333,107.01666666666667,,27.02
2020-11-05 06:00:00,64.58666666666666,115.81333333333333,,27.95
2020-11-05 07:00:00,64.44,124.61,,28.880000000000003
2020-11-05 08:00:00,64.29333333333334,133.40666666666667,,29.810000000000002
2020-11-05 09:00:00,64.14666666666666,142.20333333333332,,30.740000000000002
2020-11-05 10:00:00,64.0,151.0,,31.67
2020-11-05 11:00:00,75.13,168.31,,33.62
2020-11-05 12:00:00,62.97,148.98,,36.56
2020-11-05 13:00:00,60.14,135.19,,37.96
2020-11-05 14:00:00,52.56,133.09,,38.66
2020-11-05 15:00:00,55.72,146.67,,37.23
2020-11-05 16:00:00,50.0,167.78,,36.56
2020-11-05 17:00:00,55.57,188.89,,34.75
2020-11-05 18:00:00,68.06,210.0,,32.59
2020-11-05 19:00:00,80.13,236.34,,31.4
2020-11-05 20:00:00,75.43,98.69,,30.8
2020-11-05 21:00:00,73.14,219.43,,29.33
2020-11-05 22:00:00,137.94,344.15,,28.57
2020-11-05 23:00:00,112.38,303.98,,28.3
2020-11-06 00:00:00,97.94,196.36,,27.7
2020-11-06 01:00:00,84.01,151.38,,26.67
2020-11-06 02:00:00,77.43,135.28,,25.96
2020-11-06 03:00:00,65.9,97.67,,26.03
2020-11-06 04:00:00,71.5,115.8,,25.78
2020-11-06 05:00:00,63.62,84.33,,24.93
2020-11-06 06:00:00,61.14,84.63,,24.84
2020-11-06 07:00:00,66.57,100.49,,24.98
2020-11-06 08:00:00,74.42,142.88,,26.29
2020-11-06 09:00:00,65.72,115.21,,28.89
2020-11-06 10:00:00,67.78,140.25,,31.59
2020-11-06 11:00:00,65.22,143.0,,33.63
2020-11-06 12:00:00,49.0,119.0,,36.8
2020-11-06 13:00:00,53.64,122.63,,37.73
2020-11-06 14:00:00,45.65,100.29,,38.08
2020-11-06 15:00:00,43.14,105.27,,36.92
2020-11-06 16:00:00,40.22,115.99,,36.35
2020-11-06 17:00:00,45.57,113.37,,34.61
2020-11-06 18:00:00,59.92,150.35,,32.41
2020-11-06 19:00:00,71.2,190.44,,31.04
2020-11-06 20:00:00,102.62,294.22,,30.21
2020-11-06 21:00:00,85.52,224.07,,29.32
2020-11-06 22:00:00,83.07,205.1,,28.89
2020-11-06 23:00:00,76.48,187.62,,27.68
2020-11-07 00:00:00,79.7,176.01,,27.01
2020-11-07 01:00:00,63.0,171.75916666666666,,25.99
2020-11-07 02:00:00,88.98,167.50833333333333,,24.99
2020-11-07 03:00:00,61.31,163.2575,,24.85
2020-11-07 04:00:00,54.36,159.00666666666666,,24.39
2020-11-07 05:00:00,50.29,154.75583333333333,,24.06
2020-11-07 06:00:00,51.86,150.505,,23.51
2020-11-07 07:00:00,55.7,146.25416666666666,,23.29
2020-11-07 08:00:00,57.86,142.00333333333333,,25.552857142857142
2020-11-07 09:00:00,60.79,137.7525,,27.815714285714286
2020-11-07 10:00:00,55.43,133.50166666666667,,30.07857142857143
2020-11-07 11:00:00,55.0,129.25083333333333,,32.34142857142857
2020-11-07 12:00:00,48.52,125.0,,34.604285714285716
2020-11-07 13:00:00,50.77,109.0,,36.86714285714286
2020-11-07 14:00:00,49.15,96.0,,39.13
2020-11-07 15:00:00,49.93,105.11,,37.37
2020-11-07 16:00:00,51.86,106.91,,36.61
2020-11-07 17:00:00,61.28,132.51,,35.24
2020-11-07 18:00:00,70.38,155.93,,33.76
2020-11-07 19:00:00,68.21,143.47,,32.59
2020-11-07 20:00:00,78.2,183.91,,31.18
2020-11-07 21:00:00,97.53,243.41,,30.27
2020-11-07 22:00:00,110.13,238.98,,29.55
2020-11-07 23:00:00,105.43,206.21,,28.64
2020-11-08 00:00:00,94.8,167.57,,27.56
2020-11-08 01:00:00,70.81,108.42,,26.9
2020-11-08 02:00:00,61.58,91.19,,26.42
2020-11-08 03:00:00,58.22,85.44,,26.24
2020-11-08 04:00:00,58.93,78.62,,25.97
2020-11-08 05:00:00,51.59,74.37,,25.8
2020-11-08 06:00:00,56.58,90.35,,25.49
2020-11-08 07:00:00,53.29,84.71,,25.85
2020-11-08 08:00:00,61.35,102.22,,27.55
2020-11-08 09:00:00,59.22,98.53,,29.93
2020-11-08 10:00:00,54.38,96.0,,33.06
2020-11-08 11:00:00,53.07,117.0,,35.73
2020-11-08 12:00:00,47.43,135.22,,37.56
2020-11-08 13:00:00,50.71,130.64,,38.4
2020-11-08 14:00:00,46.36,99.06,,38.51
2020-11-08 15:00:00,53.42,100.56,,37.24
2020-11-08 16:00:00,47.51,125.53,,36.52
2020-11-08 17:00:00,53.49,135.29,,34.94
2020-11-08 18:00:00,67.92,197.95,,32.91
2020-11-08 19:00:00,88.42,285.09,,31.62
2020-11-08 20:00:00,100.2,277.51,,30.83
2020-11-08 21:00:00,117.65,243.3,,29.6
2020-11-08 22:00:00,93.02,178.95,,29.26
2020-11-08 23:00:00,86.36,153.87,,28.2
2020-11-09 00:00:00,84.14,132.89,,27.48
2020-11-09 01:00:00,79.36,120.07,,26.77
2020-11-09 02:00:00,70.65,89.84,,25.82
2020-11-09 03:00:00,63.5,98.84,,25.18
2020-11-09 04:00:00,63.0,90.89,,25.26
2020-11-09 05:00:00,56.51,78.16,,25.09
2020-11-09 06:00:00,56.93,84.31,,24.95
2020-11-09 07:00:00,69.03,96.84,,25.09
2020-11-09 08:00:00,64.43,102.54,,26.09
2020-11-09 09:00:00,71.42,123.95,,28.81
2020-11-09 10:00:00,68.29,153.33,,32.02
2020-11-09 11:00:00,65.22,156.91,,34.3
2020-11-09 12:00:00,64.07,143.02,,36.15
2020-11-09 13:00:00,51.94,127.25,,37.69
2020-11-09 14:00:00,45.44,98.75,,37.65
2020-11-09 15:00:00,38.51,79.65,,36.4
2020-11-09 16:00:00,37.07,80.73,,35.8
2020-11-09 17:00:00,49.95,108.33,,34.05
2020-11-09 18:00:00,69.56,152.94,,31.97
2020-11-09 19:00:00,122.95,233.07,,30.69
2020-11-09 20:00:00,117.75,238.18,,29.73
2020-11-09 21:00:00,132.77,315.44,,28.89
2020-11-09 22:00:00,128.43,283.82,,28.2
2020-11-09 23:00:00,121.5,256.0,,26.9
2020-11-10 00:00:00,84.0,147.91,,25.92
2020-11-10 01:00:00,73.58,111.49,,25.16
2020-11-10 02:00:00,63.75,91.69,,25.21
2020-11-10 03:00:00,61.15,82.71,,24.53
2020-11-10 04:00:00,58.22,74.71,,24.0
2020-11-10 05:00:00,57.07,74.0,,23.79
2020-11-10 06:00:00,61.64,84.93,,23.32
2020-11-10 07:00:00,62.92,96.02,,23.38
2020-11-10 08:00:00,83.41,113.44,,24.63
2020-11-10 09:00:00,90.57,188.07,,27.43
2020-11-10 10:00:00,78.01,148.39,,30.45
2020-11-10 11:00:00,69.59,137.62,,32.95
2020-11-10 12:00:00,71.78,153.4,,35.05
2020-11-10 13:00:00,66.43,134.05,,36.76
2020-11-10 14:00:00,61.36,114.69,,37.48
2020-11-10 15:00:00,59.14,118.0,,35.97
2020-11-10 16:00:00,55.29,110.0,,35.32
2020-11-10 17:00:00,61.49,170.13,,33.31
2020-11-10 18:00:00,91.69,337.07,,30.91
2020-11-10 19:00:00,101.4,338.38,,29.38
2020-11-10 20:00:00,131.69,413.77,,28.91
2020-11-10 21:00:00,227.7,304.38,,27.96
2020-11-10 22:00:00,134.8,241.98,,26.82
2020-11-10 23:00:00,128.85,216.95,,25.89
2020-11-11 00:00:00,116.05,194.05,,25.21
2020-11-11 01:00:00,88.17,124.58,,24.28
2020-11-11 02:00:00,79.5,117.09,,23.79
2020-11-11 03:00:00,72.53,106.98,,23.49
2020-11-11 04:00:00,76.64,103.27,,23.55
2020-11-11 05:00:00,74.22,98.44,,22.68
2020-11-11 06:00:00,71.22,95.27,,22.11
2020-11-11 07:00:00,81.2,110.47,,22.26
2020-11-11 08:00:00,82.0,125.67,,23.42
2020-11-11 09:00:00,86.64,164.35,,26.79
2020-11-11 10:00:00,80.5,154.33,,30.07
2020-11-11 11:00:00,74.43,162.11,,32.86
2020-11-11 12:00:00,66.58,165.74,,34.61
2020-11-11 13:00:00,66.0,166.0,,36.92
2020-11-11 14:00:00,65.5,166.0,,36.85
2020-11-11 15:00:00,65.0,166.0,,35.42
2020-11-11 16:00:00,65.0,166.0,,34.77
2020-11-11 17:00:00,74.0,165.78842105263158,,32.73
2020-11-11 18:00:00,84.17,165.57684210526315,,30.55
2020-11-11 19:00:00,116.55,165.36526315789473,,28.96
2020-11-11 20:00:00,153.22,165.1536842105263,,27.81
2020-11-11 21:00:00,146.72,164.94210526315788,,27.3
2020-11-11 22:00:00,138.6,164.73052631578946,,26.63
2020-11-11 23:00:00,110.2,164.51894736842104,,26.28
2020-11-12 00:00:00,86.03,164.30736842105262,,25.68
2020-11-12 01:00:00,82.15,164.0957894736842,,24.24
2020-11-12 02:00:00,85.71,163.8842105263158,,23.37
2020-11-12 03:00:00,86.93,163.67263157894737,,23.14
2020-11-12 04:00:00,87.0,163.46105263157895,,22.48
2020-11-12 05:00:00,81.45,163.24947368421053,,22.22
2020-11-12 06:00:00,76.38,163.0378947368421,,21.77
2020-11-12 07:00:00,84.35,162.82631578947368,,21.7
2020-11-12 08:00:00,96.1,162.61473684210526,,23.43
2020-11-12 09:00:00,113.65,162.40315789473684,,26.18
2020-11-12 10:00:00,94.59,162.1915789473684,,29.6
2020-11-12 11:00:00,77.23,161.98,,32.69
2020-11-12 12:00:00,59.35,136.4,,35.28
2020-11-12 13:00:00,53.175,116.7,,36.87
2020-11-12 14:00:00,47.0,97.0,,37.17
2020-11-12 15:00:00,44.22,107.02,,36.0
2020-11-12 16:00:00,38.43,113.47,,35.51
2020-11-12 17:00:00,42.64,140.42,,33.64
2020-11-12 18:00:00,59.65,261.44,,31.34
2020-11-12 19:00:00,81.41,285.75,,30.11
2020-11-12 20:00:00,101.56,250.44,,29.1
2020-11-12 21:00:00,94.67,233.33,,28.19
2020-11-12 22:00:00,175.4,367.75,,27.49
2020-11-12 23:00:00,133.75,277.73,,26.92
2020-11-13 00:00:00,125.38,204.22,,25.5
2020-11-13 01:00:00,85.11,136.95,,24.88
2020-11-13 02:00:00,75.5,106.4,,24.47
2020-11-13 03:00:00,71.29,115.84,,24.35
2020-11-13 04:00:00,74.71,108.0,,23.74
2020-11-13 05:00:00,84.27,120.75,,23.44
2020-11-13 06:00:00,82.22,124.74,,23.6
2020-11-13 07:00:00,92.2,126.83,,23.79
2020-11-13 08:00:00,93.0,140.67,,25.57
2020-11-13 09:00:00,86.53,142.91,,28.18
2020-11-13 10:00:00,77.66,151.2,,31.23
2020-11-13 11:00:00,54.8,122.84,,34.5
2020-11-13 12:00:00,40.05,93.58,,37.06
2020-11-13 13:00:00,40.525,81.78999999999999,,39.33
2020-11-13 14:00:00,41.0,70.0,,39.06
2020-11-13 15:00:00,21.52,54.47,,37.4
2020-11-13 16:00:00,27.4,63.02,,36.89
2020-11-13 17:00:00,24.3,75.84,,35.12
2020-11-13 18:00:00,70.25,300.22,,33.07
2020-11-13 19:00:00,74.92,200.82,,32.34
2020-11-13 20:00:00,77.78,138.74,,31.82
2020-11-13 21:00:00,57.59,103.02,,31.39
2020-11-13 22:00:00,59.71,105.47,,30.01
2020-11-13 23:00:00,104.4,192.56,,29.35
2020-11-14 00:00:00,80.25,142.69,,28.86
2020-11-14 01:00:00,85.4,158.87,,28.02
2020-11-14 02:00:00,89.71,148.2,,27.7
2020-11-14 03:00:00,70.58,104.18,,26.92
2020-11-14 04:00:00,67.15,94.53,,26.48
2020-11-14 05:00:00,54.98,77.6,,26.44
2020-11-14 06:00:00,55.85,86.93,,26.64
2020-11-14 07:00:00,73.58,110.78,,27.21
2020-11-14 08:00:00,75.93,134.93,,28.87
2020-11-14 09:00:00,59.35,121.51,,31.44
2020-11-14 10:00:00,55.23,109.98,,33.98
2020-11-14 11:00:00,42.98,88.95,,36.86
2020-11-14 12:00:00,20.66,60.58,,38.56
2020-11-14 13:00:00,23.773333333333333,56.29,,38.69
2020-11-14 14:00:00,26.886666666666667,52.0,,38.53
2020-11-14 15:00:00,30.0,57.48,,37.8
2020-11-14 16:00:00,18.9,45.2,,37.54
2020-11-14 17:00:00,18.0,46.73,,35.61
2020-11-14 18:00:00,43.05,94.38,,33.45
2020-11-14 19:00:00,45.0,93.63666666666666,,32.56
2020-11-14 20:00:00,117.15,92.89333333333333,,31.85
2020-11-14 21:00:00,208.76666666666668,92.14999999999999,,31.23
2020-11-14 22:00:00,300.3833333333333,91.40666666666667,,31.0
2020-11-14 23:00:00,392.0,90.66333333333333,,30.59
2020-11-15 00:00:00,213.47,89.92,,30.02
2020-11-15 01:00:00,269.3,89.17666666666666,,29.61
2020-11-15 02:00:00,367.5,88.43333333333334,,29.06
2020-11-15 03:00:00,296.14,87.69,,28.16
2020-11-15 04:00:00,151.25,86.94666666666666,,27.49
2020-11-15 05:00:00,112.25,86.20333333333333,,27.39
2020-11-15 06:00:00,98.9,85.46,,27.29
2020-11-15 07:00:00,79.44,84.71666666666667,,27.56
2020-11-15 08:00:00,78.92,83.97333333333333,,28.99
2020-11-15 09:00:00,84.55,83.23,,31.41
2020-11-15 10:00:00,63.73,82.48666666666666,,33.75
2020-11-15 11:00:00,46.25,81.74333333333334,,36.48
2020-11-15 12:00:00,47.77,81.0,,38.91
2020-11-15 13:00:00,41.51,77.35,,40.58
2020-11-15 14:00:00,34.52,68.78,,40.53
2020-11-15 15:00:00,29.36,65.26,,37.66
2020-11-15 16:00:00,35.48,73.22,,37.3
2020-11-15 17:00:00,41.56,108.62,,35.75
2020-11-15 18:00:00,97.5,191.27,,33.76
2020-11-15 19:00:00,90.9,156.18,,32.68
2020-11-15 20:00:00,173.4,245.74,,32.27
2020-11-15 21:00:00,137.45,200.4,,31.88
2020-11-15 22:00:00,109.95,161.2,,31.21
2020-11-15 23:00:00,102.45,158.91,,30.39
2020-11-16 00:00:00,105.7,155.35,,30.19
2020-11-16 01:00:00,86.58,144.95,,29.59
2020-11-16 02:00:00,82.22,128.51,,28.84
2020-11-16 03:00:00,96.8,121.53,,28.29
2020-11-16 04:00:00,91.53,110.98,,27.95
2020-11-16 05:00:00,78.97,99.07,,27.72
2020-11-16 06:00:00,71.53,88.89,,27.42
2020-11-16 07:00:00,73.78,104.45,,27.61
2020-11-16 08:00:00,72.14,118.8,,28.69
2020-11-16 09:00:00,86.8,124.56,,30.75
2020-11-16 10:00:00,93.55,132.31,,33.1
2020-11-16 11:00:00,74.52,129.34,,35.73
2020-11-16 12:00:00,44.33,455.26,,37.39
2020-11-16 13:00:00,38.29,109.71,,39.28
2020-11-16 14:00:00,29.68,63.98,,39.47
2020-11-16 15:00:00,19.75,67.56,,37.94
2020-11-16 16:00:00,26.4,68.91,,37.53
2020-11-16 17:00:00,34.4,77.22,,36.3
2020-11-16 18:00:00,43.35,122.0,,34.57
2020-11-16 19:00:00,62.5,146.95,,33.5
2020-11-16 20:00:00,98.33,158.14,,32.93
2020-11-16 21:00:00,96.37,150.8,,32.23
2020-11-16 22:00:00,107.1,164.88,,31.76
2020-11-16 23:00:00,93.2,150.63,,31.05
2020-11-17 00:00:00,93.86,146.27,,30.3
2020-11-17 01:00:00,76.42,122.24,,29.6
2020-11-17 02:00:00,76.85,122.74,,29.08
2020-11-17 03:00:00,85.33,137.62,,28.57
2020-11-17 04:00:00,104.5,139.91,,28.37
2020-11-17 05:00:00,93.95,128.12,,28.06
2020-11-17 06:00:00,81.9,114.2,,27.74
2020-11-17 07:00:00,81.0,121.25,,27.8
2020-11-17 08:00:00,82.85,129.31,,28.85
2020-11-17 09:00:00,71.01,107.15,,31.04
2020-11-17 10:00:00,65.38,121.45,,33.85
2020-11-17 11:00:00,49.27,111.16,,36.12
2020-11-17 12:00:00,30.43,85.4,,37.59
2020-11-17 13:00:00,27.15,73.89,,39.26
2020-11-17 14:00:00,23.3,57.51,,39.53
2020-11-17 15:00:00,29.48,56.0,,38.61
2020-11-17 16:00:00,22.58,67.84,,38.18
2020-11-17 17:00:00,19.23,53.47,,36.64
2020-11-17 18:00:00,67.1,141.56,,34.27
2020-11-17 19:00:00,95.05,187.47,,33.33
2020-11-17 20:00:00,145.1,243.09,,32.79
2020-11-17 21:00:00,194.32,308.32,,32.53
2020-11-17 22:00:00,106.42,162.3,,32.12
2020-11-17 23:00:00,85.12,141.6,,31.64
2020-11-18 00:00:00,77.53,132.8,,30.89
2020-11-18 01:00:00,74.22,126.52,,30.07
2020-11-18 02:00:00,80.47,134.2,,29.3
2020-11-18 03:00:00,89.33,141.0,,29.02
2020-11-18 04:00:00,90.93,136.43,,28.72
2020-11-18 05:00:00,84.53,137.83,,28.49
2020-11-18 06:00:00,80.31,136.18,,28.12
2020-11-18 07:00:00,78.15,136.0,,27.93
2020-11-18 08:00:00,99.28,162.5,,28.65
2020-11-18 09:00:00,93.6,143.0,,30.01
2020-11-18 10:00:00,73.58,130.03,,32.18
2020-11-18 11:00:00,68.3,138.14,,35.23
2020-11-18 12:00:00,65.22,143.57,,37.42
2020-11-18 13:00:00,65.0,162.28,,38.12
2020-11-18 14:00:00,59.45,132.93,,37.86
2020-11-18 15:00:00,49.75,119.95,,36.92
2020-11-18 16:00:00,48.07,116.25,,36.02
2020-11-18 17:00:00,84.08,169.0,,34.59
2020-11-18 18:00:00,82.36,152.07,,33.37
2020-11-18 19:00:00,86.62,171.93,,32.52
2020-11-18 20:00:00,81.45,157.55,,31.88
2020-11-18 21:00:00,82.85,143.25,,31.48
2020-11-18 22:00:00,80.22,143.83,,31.03
2020-11-18 23:00:00,83.69,149.47,,30.42
2020-11-19 00:00:00,90.47,148.18,,29.98
2020-11-19 01:00:00,89.15,143.43,,29.5
2020-11-19 02:00:00,94.55,138.43,,29.16
2020-11-19 03:00:00,91.3,146.22,,29.12
2020-11-19 04:00:00,102.1,145.17,,29.17
2020-11-19 05:00:00,92.83,135.86,,28.82
2020-11-19 06:00:00,104.03,148.71,,28.59
2020-11-19 07:00:00,125.29,174.6,,28.68
2020-11-19 08:00:00,147.35,204.42,,29.81
2020-11-19 09:00:00,136.05,216.14,,31.08
2020-11-19 10:00:00,127.6,219.74,,32.86
2020-11-19 11:00:00,104.8,195.17,,34.84
2020-11-19 12:00:00,88.2,175.38,,37.38
2020-11-19 13:00:00,68.5,137.44,,38.35
2020-11-19 14:00:00,57.75,112.48,,37.42
2020-11-19 15:00:00,48.67,109.83,,37.2
2020-11-19 16:00:00,52.62,101.78,,36.39
2020-11-19 17:00:00,54.84,108.31,,34.72
2020-11-19 18:00:00,66.1,125.45,,33.18
2020-11-19 19:00:00,68.85,136.14,,32.1
2020-11-19 20:00:00,69.0,136.09,,31.36
2020-11-19 21:00:00,64.38,126.89,,30.83
2020-11-19 22:00:00,64.92,123.17,,30.45
2020-11-19 23:00:00,52.98,101.98,,29.91
2020-11-20 00:00:00,52.93,90.0,,29.45
2020-11-20 01:00:00,52.08,88.17,,28.96
2020-11-20 02:00:00,49.23,84.34,,28.27
2020-11-20 03:00:00,58.25,95.88,,28.0
2020-11-20 04:00:00,70.99,114.36,,27.66
2020-11-20 05:00:00,93.28,123.31,,27.27
2020-11-20 06:00:00,95.0,139.0,,26.83
2020-11-20 07:00:00,98.7,139.91,,26.97
2020-11-20 08:00:00,94.46666666666667,138.89,,28.6525
2020-11-20 09:00:00,90.23333333333333,137.87,,30.335
2020-11-20 10:00:00,86.0,136.85000000000002,,32.0175
2020-11-20 11:00:00,71.2,135.83,,33.7
2020-11-20 12:00:00,62.6,137.66,,35.58
2020-11-20 13:00:00,60.15,136.17,,38.02
2020-11-20 14:00:00,48.87,102.21,,38.44
2020-11-20 15:00:00,26.73,67.93,,37.19
2020-11-20 16:00:00,20.38,51.29,,35.57
2020-11-20 17:00:00,71.8,148.7,,34.17
2020-11-20 18:00:00,74.15,174.45,,33.02
2020-11-20 19:00:00,84.17,154.07,,31.88
2020-11-20 20:00:00,114.6,193.12,,31.6
2020-11-20 21:00:00,85.64,147.65,,30.76
2020-11-20 22:00:00,77.46,138.44,,30.19
2020-11-20 23:00:00,74.23,135.26,,29.72
2020-11-21 00:00:00,67.55,118.55,,29.02
2020-11-21 01:00:00,64.23,108.8,,28.54
2020-11-21 02:00:00,67.7,102.52,,27.55
2020-11-21 03:00:00,79.1,128.5,,27.08
2020-11-21 04:00:00,83.7,134.66,,26.63
2020-11-21 05:00:00,85.85,115.75,,26.26
2020-11-21 06:00:00,91.54,131.37,,25.87
2020-11-21 07:00:00,102.17,146.71,,25.84
2020-11-21 08:00:00,100.22,154.4,,27.39
2020-11-21 09:00:00,97.23,170.49,,29.37
2020-11-21 10:00:00,86.83,140.93,,31.92
2020-11-21 11:00:00,66.0,115.0,,34.13
2020-11-21 12:00:00,58.62,108.38,,35.42
2020-11-21 13:00:00,54.3,103.69,,34.88166666666667
2020-11-21 14:00:00,35.55,70.72,,34.343333333333334
2020-11-21 15:00:00,23.82,58.76,,33.805
2020-11-21 16:00:00,21.16,57.0,,33.266666666666666
2020-11-21 17:00:00,22.84,58.0,,32.72833333333333
2020-11-21 18:00:00,70.03,169.0,,32.19
2020-11-21 19:00:00,90.62,195.0,,31.54
2020-11-21 20:00:00,99.36,198.63,,30.71
2020-11-21 21:00:00,102.78,192.6,,29.87
2020-11-21 22:00:00,118.72,217.83,,28.85
2020-11-21 23:00:00,141.28,255.9,,28.55
2020-11-22 00:00:00,98.73,151.0,,28.16
2020-11-22 01:00:00,90.38,143.69,,27.59
2020-11-22 02:00:00,100.17,151.22,,26.81
2020-11-22 03:00:00,96.38,142.89,,25.68
2020-11-22 04:00:00,79.35,115.41,,25.36
2020-11-22 05:00:00,69.67,98.38,,25.34
2020-11-22 06:00:00,80.99,107.97,,25.27
2020-11-22 07:00:00,79.22,111.74,,25.45
2020-11-22 08:00:00,69.75,108.33,,26.84
2020-11-22 09:00:00,72.69,118.97,,29.47
2020-11-22 10:00:00,71.16,123.66,,32.7
2020-11-22 11:00:00,71.92,134.76,,35.56
2020-11-22 12:00:00,60.0,112.16,,38.48
2020-11-22 13:00:00,40.5,69.0,,39.72
2020-11-22 14:00:00,42.7,84.73,,39.17
2020-11-22 15:00:00,45.78,88.0,,37.27
2020-11-22 16:00:00,52.48,108.84,,36.32
2020-11-22 17:00:00,62.22,121.28,,34.28
2020-11-22 18:00:00,79.65,152.8,,31.95
2020-11-22 19:00:00,112.45,184.0,,30.56
2020-11-22 20:00:00,126.99,214.0,,29.71
2020-11-22 21:00:00,141.83,250.56,,29.09
2020-11-22 22:00:00,150.38,251.51,,28.59
2020-11-22 23:00:00,176.0,297.0,,27.99
2020-11-23 00:00:00,160.28,290.34,,27.08
2020-11-23 01:00:00,99.91,174.76,,26.16
2020-11-23 02:00:00,85.75,136.0,,25.4
2020-11-23 03:00:00,55.4,88.33,,24.88
2020-11-23 04:00:00,53.0,80.34,,24.52
2020-11-23 05:00:00,53.0,76.69,,24.68
2020-11-23 06:00:00,59.45,76.91,,24.21
2020-11-23 07:00:00,60.92,91.07,,23.91
2020-11-23 08:00:00,70.25,144.83,,25.48
2020-11-23 09:00:00,91.31,172.0,,28.55
2020-11-23 10:00:00,63.31,123.67,,30.15
2020-11-23 11:00:00,55.7,107.91,,33.61
2020-11-23 12:00:00,41.08,96.92,,36.7
2020-11-23 13:00:00,27.05,75.83,,38.2
2020-11-23 14:00:00,32.48,92.33,,38.15
2020-11-23 15:00:00,28.38,98.58,,36.61
2020-11-23 16:00:00,24.3,92.6,,35.36
2020-11-23 17:00:00,29.55,97.8,,33.61
2020-11-23 18:00:00,43.88,114.58,,31.62
2020-11-23 19:00:00,68.06,168.09,,30.09
2020-11-23 20:00:00,105.05,222.35,,29.14
2020-11-23 21:00:00,91.35,175.82,,28.94
2020-11-23 22:00:00,63.25,154.55,,27.84
2020-11-23 23:00:00,95.12,221.54,,27.55
2020-11-24 00:00:00,77.71,168.6,,26.4
2020-11-24 01:00:00,62.17,124.62,,25.45
2020-11-24 02:00:00,68.4,120.08,,25.25
2020-11-24 03:00:00,56.98,97.08,,24.75
2020-11-24 04:00:00,55.08,96.83,,24.6
2020-11-24 05:00:00,55.92,87.86,,24.27
2020-11-24 06:00:00,53.23,84.25,,23.96
2020-11-24 07:00:00,53.0,93.14,,24.27
2020-11-24 08:00:00,65.91,124.25,,25.44
2020-11-24 09:00:00,82.68,144.37,,27.72
2020-11-24 10:00:00,84.92,152.4,,30.03
2020-11-24 11:00:00,63.73,140.17,,32.59
2020-11-24 12:00:00,48.2,106.1,,35.64
2020-11-24 13:00:00,43.31,110.31,,37.7
2020-11-24 14:00:00,54.99,113.74,,38.24
2020-11-24 15:00:00,53.25,102.2,,36.98
2020-11-24 16:00:00,48.39,101.91,,36.3
2020-11-24 17:00:00,56.33,135.92,,34.47
2020-11-24 18:00:00,104.95,219.67,,32.24
2020-11-24 19:00:00,128.43,253.58,,31.12
2020-11-24 20:00:00,146.6,285.25,,30.42
2020-11-24 21:00:00,136.93,243.22,,30.02
2020-11-24 22:00:00,153.57,269.25,,29.54
2020-11-24 23:00:00,133.79,230.88,,29.15
2020-11-25 00:00:00,139.38,252.57,,28.75
2020-11-25 01:00:00,170.43,294.3,,28.2
2020-11-25 02:00:00,164.68,265.0,,27.48
2020-11-25 03:00:00,150.17,246.47,,26.93
2020-11-25 04:00:00,135.17,212.1,,26.97
2020-11-25 05:00:00,132.16,195.25,,27.02
2020-11-25 06:00:00,108.94,164.67,,26.61
2020-11-25 07:00:00,111.62,166.58,,26.39
2020-11-25 08:00:00,110.16,217.42,,27.23
2020-11-25 09:00:00,110.92,196.33,,29.62
2020-11-25 10:00:00,109.16,184.83,,31.67
2020-11-25 11:00:00,93.32,179.42,,34.78
2020-11-25 12:00:00,71.71,135.13,,37.16
2020-11-25 13:00:00,57.05,117.25,,38.25
2020-11-25 14:00:00,63.4,139.83,,38.28
2020-11-25 15:00:00,55.7,119.15,,36.7
2020-11-25 16:00:00,51.3,111.48,,35.6
2020-11-25 17:00:00,86.97,174.0,,33.2
2020-11-25 18:00:00,125.97,229.0,,31.84
2020-11-25 19:00:00,127.15,227.58,,30.88
2020-11-25 20:00:00,130.69,231.57,,30.31
2020-11-25 21:00:00,121.78,209.15,,30.01
2020-11-25 22:00:00,115.47,197.86,,29.3
2020-11-25 23:00:00,114.08,186.0,,28.78
2020-11-26 00:00:00,112.16,170.33,,28.59
2020-11-26 01:00:00,104.62,159.83,,27.3
2020-11-26 02:00:00,127.08,198.3,,26.2
2020-11-26 03:00:00,112.4,161.79,,25.89
2020-11-26 04:00:00,112.87,164.5,,25.75
2020-11-26 05:00:00,113.92,196.17,,25.43
2020-11-26 06:00:00,112.16,153.17,,24.8
2020-11-26 07:00:00,100.01,142.6,,24.63
2020-11-26 08:00:00,96.23,150.25,,25.53
2020-11-26 09:00:00,90.47,145.5,,27.76
2020-11-26 10:00:00,88.16,159.67,,30.27
2020-11-26 11:00:00,88.92,139.0,,32.93
2020-11-26 12:00:00,74.25,145.22,,35.69
2020-11-26 13:00:00,65.62,125.9,,37.88
2020-11-26 14:00:00,62.23,107.5,,37.95
2020-11-26 15:00:00,63.85,104.17,,36.54
2020-11-26 16:00:00,61.23,110.42,,35.92
2020-11-26 17:00:00,76.72,149.5,,34.27
2020-11-26 18:00:00,82.61,174.08,,32.46
2020-11-26 19:00:00,103.29,201.67,,31.62
2020-11-26 20:00:00,127.2,217.75,,30.66
2020-11-26 21:00:00,118.86,192.42,,29.86
2020-11-26 22:00:00,110.62,180.86,,29.12
2020-11-26 23:00:00,112.77,185.48,,28.23
2020-11-27 00:00:00,114.84,186.92,,27.22
2020-11-27 01:00:00,125.11,203.45,,26.55
2020-11-27 02:00:00,128.77,192.58,,26.0
2020-11-27 03:00:00,129.0,185.42,,25.46
2020-11-27 04:00:00,122.54,185.91,,24.96
2020-11-27 05:00:00,98.94,142.92,,24.84
2020-11-27 06:00:00,92.39,130.78,,24.67
2020-11-27 07:00:00,107.72,158.42,,24.83
2020-11-27 08:00:00,105.31,216.75,,26.32
2020-11-27 09:00:00,85.63,191.75,,28.8
2020-11-27 10:00:00,70.17,126.67,,32.11
2020-11-27 11:00:00,49.63,122.84,,34.37
2020-11-27 12:00:00,36.01,117.5,,35.92
2020-11-27 13:00:00,41.45,146.33,,37.2
2020-11-27 14:00:00,39.23,106.83,,37.26
2020-11-27 15:00:00,40.84,108.48,,36.07
2020-11-27 16:00:00,38.23,83.33,,35.39
2020-11-27 17:00:00,50.91,101.17,,33.75
2020-11-27 18:00:00,81.51,165.15,,32.16
2020-11-27 19:00:00,88.61,209.5,,30.79
2020-11-27 20:00:00,90.84,191.92,,29.42
2020-11-27 21:00:00,73.48,135.92,,28.99
2020-11-27 22:00:00,72.0,131.92,,28.6
2020-11-27 23:00:00,75.69,137.5,,27.77
2020-11-28 00:00:00,83.38,149.0,,27.52
2020-11-28 01:00:00,81.22,142.67,,27.69
2020-11-28 02:00:00,89.33,141.09,,27.57
2020-11-28 03:00:00,80.78,124.55,,26.96
2020-11-28 04:00:00,105.82,156.92,,26.75
2020-11-28 05:00:00,104.31,146.25,,26.74
2020-11-28 06:00:00,102.16,141.33,,26.98
2020-11-28 07:00:00,89.07,146.48,,27.34
2020-11-28 08:00:00,96.3,206.4,,28.54
2020-11-28 09:00:00,82.25,152.42,,30.18
2020-11-28 10:00:00,38.53,96.73,,32.09
2020-11-28 11:00:00,30.39,83.75,,33.28
2020-11-28 12:00:00,18.93,77.5,,35.15
2020-11-28 13:00:00,24.45,71.5,,35.93
2020-11-28 14:00:00,16.7,65.48,,35.48
2020-11-28 15:00:00,20.61,59.5,,34.93
2020-11-28 16:00:00,25.61,70.0,,33.97
2020-11-28 17:00:00,32.44,85.62,,33.31
2020-11-28 18:00:00,51.45,138.33,,32.56
2020-11-28 19:00:00,76.06,223.67,,32.19
2020-11-28 20:00:00,99.24,209.0,,32.05
2020-11-28 21:00:00,61.34,123.75,,31.57
2020-11-28 22:00:00,45.09,111.42,,31.02
2020-11-28 23:00:00,39.39,101.83,,30.9
2020-11-29 00:00:00,35.31,74.5,,30.65
2020-11-29 01:00:00,38.69,91.25,,29.77
2020-11-29 02:00:00,41.76,87.1,,29.34
2020-11-29 03:00:00,41.724705882352936,86.94088235294117,,29.578823529411764
2020-11-29 04:00:00,41.68941176470588,86.78176470588235,,29.81764705882353
2020-11-29 05:00:00,41.654117647058825,86.62264705882352,,30.056470588235292
2020-11-29 06:00:00,41.61882352941176,86.4635294117647,,30.29529411764706
2020-11-29 07:00:00,41.5835294117647,86.30441176470588,,30.534117647058824
2020-11-29 08:00:00,41.548235294117646,86.14529411764705,,30.77294117647059
2020-11-29 09:00:00,41.51294117647059,85.98617647058823,,31.011764705882353
2020-11-29 10:00:00,41.47764705882353,85.82705882352941,,31.250588235294117
2020-11-29 11:00:00,41.442352941176466,85.66794117647058,,31.48941176470588
2020-11-29 12:00:00,41.40705882352941,85.50882352941176,,31.728235294117646
2020-11-29 13:00:00,41.371764705882356,85.34970588235294,,31.967058823529413
2020-11-29 14:00:00,41.336470588235294,85.19058823529411,,32.205882352941174
2020-11-29 15:00:00,41.30117647058823,85.0314705882353,,32.44470588235294
2020-11-29 16:00:00,41.265882352941176,84.87235294117647,,32.68352941176471
2020-11-29 17:00:00,41.23058823529412,84.71323529411764,,32.92235294117647
2020-11-29 18:00:00,41.19529411764706,84.55411764705882,,33.16117647058824
2020-11-29 19:00:00,41.16,84.395,,33.4
2020-11-29 20:00:00,41.12470588235294,84.23588235294118,,33.638823529411766
2020-11-29 21:00:00,41.089411764705886,84.07676470588235,,33.87764705882353
2020-11-29 22:00:00,41.054117647058824,83.91764705882352,,34.116470588235295
2020-11-29 23:00:00,41.01882352941176,83.7585294117647,,34.35529411764706
2020-11-30 00:00:00,40.98352941176471,83.59941176470588,,34.59411764705882
2020-11-30 01:00:00,40.94823529411765,83.44029411764706,,34.83294117647059
2020-11-30 02:00:00,40.91294117647059,83.28117647058824,,35.07176470588235
2020-11-30 03:00:00,40.87764705882353,83.12205882352941,,35.31058823529412
2020-11-30 04:00:00,40.84235294117647,82.96294117647058,,35.54941176470588
2020-11-30 05:00:00,40.80705882352942,82.80382352941176,,35.78823529411765
2020-11-30 06:00:00,40.771764705882354,82.64470588235294,,36.027058823529416
2020-11-30 07:00:00,40.73647058823529,82.48558823529412,,36.265882352941176
2020-11-30 08:00:00,40.70117647058824,82.3264705882353,,36.504705882352944
2020-11-30 09:00:00,40.66588235294118,82.16735294117647,,36.743529411764705
2020-11-30 10:00:00,40.63058823529412,82.00823529411764,,36.98235294117647
2020-11-30 11:00:00,40.59529411764706,81.84911764705882,,37.22117647058823
2020-11-30 12:00:00,40.56,81.69,,37.46
2020-11-30 13:00:00,39.08,101.17,,38.87
2020-11-30 14:00:00,32.56,81.0,,38.6
2020-11-30 15:00:00,26.47,61.58,,37.48
2020-11-30 16:00:00,21.39,52.67,,37.16
2020-11-30 17:00:00,32.07,83.17,,34.97
2020-11-30 18:00:00,74.38,163.0,,33.42
2020-11-30 19:00:00,108.43,195.67,,32.62
2020-11-30 20:00:00,87.02,145.59,,31.86
2020-11-30 21:00:00,70.25,124.5,,31.38
2020-11-30 22:00:00,79.14,135.87,,30.69
2020-11-30 23:00:00,89.22,164.5,,30.38
2020-12-01 00:00:00,81.7,139.5,,30.75
2020-12-01 01:00:00,69.96,116.89,,30.83
2020-12-01 02:00:00,57.01,92.08,,29.95
2020-12-01 03:00:00,67.03,110.17,,29.09
2020-12-01 04:00:00,64.31,106.48,,28.3
2020-12-01 05:00:00,67.69,110.58,,27.94
2020-12-01 06:00:00,64.31,113.75,,27.63
2020-12-01 07:00:00,58.47,98.37,,27.81
2020-12-01 08:00:00,65.38,112.58,,28.84
2020-12-01 09:00:00,69.68,121.33,,31.16
2020-12-01 10:00:00,60.8,127.5,,33.51
2020-12-01 11:00:00,61.84,133.52,,35.27
2020-12-01 12:00:00,55.55,123.92,,38.35
2020-12-01 13:00:00,43.93,97.25,,39.81
2020-12-01 14:00:00,44.84,88.58,,39.59
2020-12-01 15:00:00,37.62,88.0,,38.17
2020-12-01 16:00:00,42.52,90.75,,37.5
2020-12-01 17:00:00,47.6,107.5,,35.2
2020-12-01 18:00:00,78.43,154.83,,33.39
2020-12-01 19:00:00,88.38,174.58,,32.75
2020-12-01 20:00:00,100.95,176.0,,32.14
2020-12-01 21:00:00,117.63,202.58,,31.77
2020-12-01 22:00:00,95.08,164.52,,31.27
2020-12-01 23:00:00,83.78,133.5,,30.56
2020-12-02 00:00:00,78.39,136.52,,30.44
2020-12-02 01:00:00,72.48,129.67,,29.57
2020-12-02 02:00:00,80.28,129.92,,28.75
2020-12-02 03:00:00,90.2,127.25,,27.94
2020-12-02 04:00:00,80.86,115.08,,27.46
2020-12-02 05:00:00,74.47,105.75,,27.2
2020-12-02 06:00:00,73.08,106.83,,26.88
2020-12-02 07:00:00,69.31,112.52,,27.06
2020-12-02 08:00:00,80.03,134.08,,28.34
2020-12-02 09:00:00,77.32,139.67,,30.37
2020-12-02 10:00:00,78.84,159.31,,32.54
2020-12-02 11:00:00,75.31,144.45,,34.88
2020-12-02 12:00:00,67.62,154.92,,37.74
2020-12-02 13:00:00,63.31,108.19,,38.87
2020-12-02 14:00:00,54.75,105.83,,38.55
2020-12-02 15:00:00,54.0,96.83,,37.59
2020-12-02 16:00:00,46.64,103.33,,36.98
2020-12-02 17:00:00,57.03,112.25,,35.02
2020-12-02 18:00:00,67.22,137.75,,33.02
2020-12-02 19:00:00,113.97,223.42,,31.82
2020-12-02 20:00:00,145.67,275.92,,31.69
2020-12-02 21:00:00,90.82,170.0,,30.73
2020-12-02 22:00:00,86.92,175.94,,29.81
2020-12-02 23:00:00,87.92,156.93,,28.76
2020-12-03 00:00:00,79.72,138.45,,28.3
2020-12-03 01:00:00,67.93,121.42,,27.48
2020-12-03 02:00:00,79.91,125.5,,26.55
2020-12-03 03:00:00,81.0,122.33,,26.0
2020-12-03 04:00:00,83.77,119.24,,25.92
2020-12-03 05:00:00,86.76,131.83,,25.6
2020-12-03 06:00:00,73.21,114.61,,24.91
2020-12-03 07:00:00,82.14,145.08,,24.82
2020-12-03 08:00:00,97.75,147.08,,26.01
2020-12-03 09:00:00,88.89,161.71,,28.8
2020-12-03 10:00:00,79.7,162.08,,32.21
2020-12-03 11:00:00,64.25,156.5,,34.57
2020-12-03 12:00:00,63.0,140.37,,36.46
2020-12-03 13:00:00,52.5,117.685,,38.62
2020-12-03 14:00:00,42.0,95.0,,38.07
2020-12-03 15:00:00,47.53,77.53,,37.29
2020-12-03 16:00:00,40.62,76.92,,36.7
2020-12-03 17:00:00,40.0,98.15,,34.94
2020-12-03 18:00:00,74.7,183.81,,33.19
2020-12-03 19:00:00,84.35,185.405,,31.41
2020-12-03 20:00:00,94.0,187.0,,30.32
2020-12-03 21:00:00,87.56,155.83,,29.35
2020-12-03 22:00:00,80.55,136.45,,28.59
2020-12-03 23:00:00,96.55,169.94,,28.04
2020-12-04 00:00:00,85.13,140.0,,27.34
2020-12-04 01:00:00,85.84,148.0,,26.81
2020-12-04 02:00:00,93.38,156.35,,25.63
2020-12-04 03:00:00,94.92,144.13,,24.94
2020-12-04 04:00:00,84.89,125.58,,24.53
2020-12-04 05:00:00,78.47,112.08,,24.04
2020-12-04 06:00:00,70.64,89.85,,23.56
2020-12-04 07:00:00,70.92,103.58,,23.39
2020-12-04 08:00:00,86.68,135.34,,24.23
2020-12-04 09:00:00,90.77,155.47,,26.38
2020-12-04 10:00:00,74.45,131.33,,30.04
2020-12-04 11:00:00,69.32,140.92,,33.14
2020-12-04 12:00:00,65.31,152.12,,36.11
2020-12-04 13:00:00,51.21,142.92,,38.38
2020-12-04 14:00:00,50.0,110.74,,37.88
2020-12-04 15:00:00,47.48,100.5,,36.65
2020-12-04 16:00:00,51.61,94.4,,36.02
2020-12-04 17:00:00,58.44,160.2,,34.3
2020-12-04 18:00:00,79.23,221.17,,31.93
2020-12-04 19:00:00,94.8,202.17,,30.37
2020-12-04 20:00:00,140.13,286.17,,28.98
2020-12-04 21:00:00,178.02,375.83,,28.39
2020-12-04 22:00:00,212.35,448.28,,27.89
2020-12-04 23:00:00,179.58,374.4,,27.36
2020-12-05 00:00:00,170.56,335.0,,26.36
2020-12-05 01:00:00,143.25,262.12,,25.03
2020-12-05 02:00:00,99.5,171.27,,24.16
2020-12-05 03:00:00,84.97,133.85,,23.78
2020-12-05 04:00:00,76.62,120.05,,23.12
2020-12-05 05:00:00,65.86,99.69,,22.66
2020-12-05 06:00:00,62.23,87.92,,22.16
2020-12-05 07:00:00,65.69,94.0,,22.02
2020-12-05 08:00:00,66.92,103.19,,23.39
2020-12-05 09:00:00,72.52,127.92,,26.29
2020-12-05 10:00:00,74.84,140.08,,29.94
2020-12-05 11:00:00,76.84,162.15,,34.64
2020-12-05 12:00:00,65.05,152.97,,37.84
2020-12-05 13:00:00,47.45,120.83,,40.08
2020-12-05 14:00:00,43.24,91.0,,40.33
2020-12-05 15:00:00,34.7,80.89,,37.34
2020-12-05 16:00:00,32.16,77.5,,36.61
2020-12-05 17:00:00,42.12,133.0,,33.52
2020-12-05 18:00:00,76.0,258.18,,31.25
2020-12-05 19:00:00,121.3,342.99,,30.35
2020-12-05 20:00:00,135.15,294.48,,29.14
2020-12-05 21:00:00,155.31,324.75,,28.43
2020-12-05 22:00:00,111.03,238.17,,27.53
2020-12-05 23:00:00,102.4,213.22,,26.77
2020-12-06 00:00:00,109.36,201.75,,25.8
2020-12-06 01:00:00,101.72,191.83,,24.61
2020-12-06 02:00:00,85.32,146.0,,23.45
2020-12-06 03:00:00,58.18,101.87,,22.86
2020-12-06 04:00:00,55.08,82.37,,22.65
2020-12-06 05:00:00,55.92,89.28,,22.1
2020-12-06 06:00:00,55.08,84.48,,21.91
2020-12-06 07:00:00,55.92,86.76,,21.53
2020-12-06 08:00:00,57.84,109.0,,23.37
2020-12-06 09:00:00,70.87,133.0,,26.86
2020-12-06 10:00:00,74.77,138.0,,30.45
2020-12-06 11:00:00,57.53,146.25,,34.3
2020-12-06 12:00:00,55.08,117.58,,36.88
2020-12-06 13:00:00,43.97,90.17,,38.34
2020-12-06 14:00:00,36.56,89.83,,39.42
2020-12-06 15:00:00,27.72,75.28,,37.23
2020-12-06 16:00:00,32.52,69.0,,36.23
2020-12-06 17:00:00,47.71,148.07,,33.41
2020-12-06 18:00:00,96.84,396.96,,30.98
2020-12-06 19:00:00,112.03,355.48,,30.04
2020-12-06 20:00:00,128.63,275.52,,28.52
2020-12-06 21:00:00,164.02,340.31,,27.76
2020-12-06 22:00:00,201.94,449.62,,27.08
2020-12-06 23:00:00,143.21,328.36,,26.21
2020-12-07 00:00:00,118.69,226.0,,24.91
2020-12-07 01:00:00,118.84,198.5,,23.67
2020-12-07 02:00:00,89.56,146.0,,23.06
2020-12-07 03:00:00,73.17,112.09,,22.66
2020-12-07 04:00:00,68.32,98.97,,22.23
2020-12-07 05:00:00,60.64,90.64,,22.18
2020-12-07 06:00:00,69.19,94.6,,21.83
2020-12-07 07:00:00,69.08,97.76,,21.46
2020-12-07 08:00:00,78.22,122.83,,23.12
2020-12-07 09:00:00,79.0,151.0,,26.49
2020-12-07 10:00:00,74.4,154.17,,30.33
2020-12-07 11:00:00,57.45,125.5,,33.55
2020-12-07 12:00:00,59.68,124.84,,36.0
2020-12-07 13:00:00,45.24,109.37,,37.67
2020-12-07 14:00:00,44.91,97.03,,38.49
2020-12-07 15:00:00,44.08,84.05,,37.15
2020-12-07 16:00:00,43.08,116.1,,36.53
2020-12-07 17:00:00,54.04,157.5,,33.98
2020-12-07 18:00:00,92.7,338.45,,31.78
2020-12-07 19:00:00,91.4,326.42,,30.38
2020-12-07 20:00:00,119.42,299.25,,28.88
2020-12-07 21:00:00,113.72,285.0,,28.6
2020-12-07 22:00:00,101.97,244.74,,28.23
2020-12-07 23:00:00,88.21,199.54,,27.01
2020-12-08 00:00:00,97.08,164.83,,26.24
2020-12-08 01:00:00,100.76,171.22,,24.92
2020-12-08 02:00:00,76.17,115.91,,24.12
2020-12-08 03:00:00,60.21,98.41,,23.48
2020-12-08 04:00:00,59.0,89.56,,22.91
2020-12-08 05:00:00,61.76,90.0,,22.89
2020-12-08 06:00:00,64.76,90.92,,22.96
2020-12-08 07:00:00,71.44,108.47,,23.34
2020-12-08 08:00:00,68.32,121.95,,24.39
2020-12-08 09:00:00,71.68,135.0,,27.61
2020-12-08 10:00:00,66.48,143.28,,31.63
2020-12-08 11:00:00,63.24,140.64,,34.24
2020-12-08 12:00:00,50.17,112.42,,36.83
2020-12-08 13:00:00,44.4,100.0,,38.79
2020-12-08 14:00:00,39.4,104.19,,39.47
2020-12-08 15:00:00,40.84,86.0,,37.49
2020-12-08 16:00:00,38.26,92.0,,36.99
2020-12-08 17:00:00,64.66,191.3,,34.55
2020-12-08 18:00:00,81.71,275.39,,32.31
2020-12-08 19:00:00,119.78,255.33,,30.86
2020-12-08 20:00:00,123.0,255.76,,30.09
2020-12-08 21:00:00,97.25,206.35,,29.46
2020-12-08 22:00:00,80.29,179.01,,29.08
2020-12-08 23:00:00,79.0,191.63,,27.99
2020-12-09 00:00:00,80.84,176.45,,27.45
2020-12-09 01:00:00,94.83,180.06,,26.87
2020-12-09 02:00:00,100.6,164.22,,25.53
2020-12-09 03:00:00,84.45,136.1,,25.21
2020-12-09 04:00:00,66.44,100.76,,24.81
2020-12-09 05:00:00,63.16,89.61,,24.84
2020-12-09 06:00:00,61.16,93.53,,24.88
2020-12-09 07:00:00,62.84,116.07,,24.94
2020-12-09 08:00:00,74.03,118.92,,25.54
2020-12-09 09:00:00,76.84,142.64,,28.47
2020-12-09 10:00:00,67.81,145.16,,31.52
2020-12-09 11:00:00,59.62,138.56,,35.11
2020-12-09 12:00:00,57.16,125.09,,38.23
2020-12-09 13:00:00,55.16,119.0,,40.36
2020-12-09 14:00:00,52.25,95.17,,39.94
2020-12-09 15:00:00,33.61,76.0,,37.48
2020-12-09 16:00:00,37.52,111.0,,35.52
2020-12-09 17:00:00,58.1,197.0,,33.48
2020-12-09 18:00:00,83.91,195.32,,32.77
2020-12-09 19:00:00,109.92,219.84,,32.16
2020-12-09 20:00:00,131.31,272.34,,31.65
2020-12-09 21:00:00,155.99,297.63,,31.21
2020-12-09 22:00:00,127.66,238.0,,30.93
2020-12-09 23:00:00,158.1,322.85,,30.62
2020-12-10 00:00:00,160.08,326.33,,30.54
2020-12-10 01:00:00,163.75,316.0,,30.163333333333334
2020-12-10 02:00:00,117.0,272.735,,29.786666666666665
2020-12-10 03:00:00,125.22,229.47,,29.41
2020-12-10 04:00:00,127.84,229.68,,28.55
2020-12-10 05:00:00,116.05,195.0,,28.45
2020-12-10 06:00:00,114.08,190.78,,27.64
2020-12-10 07:00:00,115.83,182.0,,27.34
2020-12-10 08:00:00,111.4,170.0,,27.98
2020-12-10 09:00:00,112.84,213.0,,30.45
2020-12-10 10:00:00,110.24,203.0,,32.76
2020-12-10 11:00:00,94.11,165.62,,35.16
2020-12-10 12:00:00,60.82,118.0,,36.13
2020-12-10 13:00:00,53.4,123.0,,36.9
2020-12-10 14:00:00,43.8,103.69,,36.83
2020-12-10 15:00:00,54.95,130.5,,36.66
2020-12-10 16:00:00,48.67,130.24,,36.31
2020-12-10 17:00:00,57.17,158.52,,35.15
2020-12-10 18:00:00,80.07,246.08,,33.53
2020-12-10 19:00:00,103.69,263.33,,32.98
2020-12-10 20:00:00,137.0,257.0,,32.57
2020-12-10 21:00:00,137.0,275.46,,32.32
2020-12-10 22:00:00,149.87,328.65,,31.95
2020-12-10 23:00:00,149.16,308.02,,31.23
2020-12-11 00:00:00,169.17,264.62,,30.63
2020-12-11 01:00:00,147.09,209.35,,30.32
2020-12-11 02:00:00,166.76,167.6,,29.79
2020-12-11 03:00:00,165.535,159.9,,29.21
2020-12-11 04:00:00,164.31,152.2,,28.62
2020-12-11 05:00:00,163.085,144.5,,28.24
2020-12-11 06:00:00,161.86,136.8,,28.04
2020-12-11 07:00:00,136.57500000000002,129.1,,27.77
2020-12-11 08:00:00,111.29,121.4,,28.03
2020-12-11 09:00:00,157.0,133.71,,28.2
2020-12-11 10:00:00,101.83,146.02,,28.23
2020-12-11 11:00:00,97.92,126.93,,28.78
2020-12-11 12:00:00,84.21,113.01,,29.3
2020-12-11 13:00:00,90.33,118.44,,30.38
2020-12-11 14:00:00,99.16,124.67,,31.05
2020-12-11 15:00:00,107.99,130.9,,31.29
2020-12-11 16:00:00,116.82,137.13,,31.04
2020-12-11 17:00:00,125.64999999999999,143.36,,30.66
2020-12-11 18:00:00,134.48,149.59,,29.97
2020-12-11 19:00:00,165.17,187.86,,29.31
2020-12-11 20:00:00,164.5544736842105,167.02,,29.0
2020-12-11 21:00:00,163.93894736842105,153.05,,29.04
2020-12-11 22:00:00,163.32342105263157,157.52,,29.04
2020-12-11 23:00:00,162.7078947368421,154.32,,28.8
2020-12-12 00:00:00,162.0923684210526,151.24,,28.74
2020-12-12 01:00:00,161.47684210526316,147.54666666666668,,28.707777777777775
2020-12-12 02:00:00,160.86131578947368,143.85333333333335,,28.675555555555555
2020-12-12 03:00:00,160.2457894736842,140.16,,28.64333333333333
2020-12-12 04:00:00,159.63026315789472,136.46666666666667,,28.61111111111111
2020-12-12 05:00:00,159.01473684210526,132.77333333333334,,28.578888888888887
2020-12-12 06:00:00,158.39921052631578,129.08,,28.546666666666667
2020-12-12 07:00:00,157.7836842105263,125.38666666666667,,28.514444444444443
2020-12-12 08:00:00,157.16815789473682,121.69333333333333,,28.482222222222223
2020-12-12 09:00:00,156.55263157894737,118.0,,28.45
2020-12-12 10:00:00,155.9371052631579,92.18,,29.23
2020-12-12 11:00:00,155.3215789473684,101.07,,30.31
2020-12-12 12:00:00,154.70605263157893,124.13,,31.79
2020-12-12 13:00:00,154.09052631578948,143.73,,32.66
2020-12-12 14:00:00,153.475,136.7,,33.38
2020-12-12 15:00:00,152.8594736842105,136.0,,32.59
2020-12-12 16:00:00,152.24394736842103,127.72,,31.48
2020-12-12 17:00:00,151.62842105263158,142.0,,30.55
2020-12-12 18:00:00,151.0128947368421,150.0,,29.84
2020-12-12 19:00:00,150.39736842105262,162.91,,29.23
2020-12-12 20:00:00,149.78184210526314,151.0,,28.77
2020-12-12 21:00:00,149.16631578947369,143.56,,28.47
2020-12-12 22:00:00,148.5507894736842,132.94,,28.28
2020-12-12 23:00:00,147.93526315789472,117.97,,27.82
2020-12-13 00:00:00,147.31973684210524,103.0,,27.36
2020-12-13 01:00:00,146.7042105263158,97.48,,27.12
2020-12-13 02:00:00,146.0886842105263,97.0,,27.07
2020-12-13 03:00:00,145.47315789473683,102.87,,26.94
2020-12-13 04:00:00,144.85763157894735,101.24,,26.77
2020-12-13 05:00:00,144.2421052631579,106.53,,26.75
2020-12-13 06:00:00,143.62657894736842,107.0,,26.84
2020-12-13 07:00:00,143.01105263157893,106.08,,26.78
2020-12-13 08:00:00,142.39552631578945,111.53,,26.9
2020-12-13 09:00:00,141.78,103.7,,27.38
2020-12-13 10:00:00,141.16447368421052,111.3,,28.1
2020-12-13 11:00:00,140.54894736842104,90.79,,29.92
2020-12-13 12:00:00,139.93342105263156,100.03,,29.82
2020-12-13 13:00:00,139.3178947368421,91.78,,30.4
2020-12-13 14:00:00,138.70236842105263,99.3,,30.36
2020-12-13 15:00:00,138.08684210526314,123.91,,29.51
2020-12-13 16:00:00,137.47131578947366,128.76,,28.71
2020-12-13 17:00:00,136.8557894736842,114.25,,27.37
2020-12-13 18:00:00,136.24026315789473,106.56,,26.92
2020-12-13 19:00:00,135.62473684210525,107.84,,26.96
2020-12-13 20:00:00,135.00921052631577,127.31,,27.29
2020-12-13 21:00:00,134.39368421052632,145.6,,27.38
2020-12-13 22:00:00,133.77815789473684,140.55,,27.13
2020-12-13 23:00:00,133.16263157894736,125.28,,27.02
2020-12-14 00:00:00,132.5471052631579,129.53,,26.9
2020-12-14 01:00:00,131.93157894736842,118.93,,26.86
2020-12-14 02:00:00,131.31605263157894,142.82,,25.83
2020-12-14 03:00:00,130.70052631578946,106.27,,25.33
2020-12-14 04:00:00,130.08499999999998,98.4,,25.24
2020-12-14 05:00:00,129.46947368421053,84.21,,25.39
2020-12-14 06:00:00,128.85394736842105,76.55,,25.45
2020-12-14 07:00:00,128.23842105263157,69.55,,25.41
2020-12-14 08:00:00,127.6228947368421,69.0,,25.58
2020-12-14 09:00:00,127.00736842105263,81.95,,25.92
2020-12-14 10:00:00,126.39184210526315,82.08,,26.35
2020-12-14 11:00:00,125.77631578947367,67.29,,27.06
2020-12-14 12:00:00,125.1607894736842,53.09,,28.47
2020-12-14 13:00:00,124.54526315789474,55.69,,29.07
2020-12-14 14:00:00,123.92973684210526,64.3,,29.91
2020-12-14 15:00:00,123.31421052631578,69.58,,30.22
2020-12-14 16:00:00,122.69868421052631,75.52,,29.86
2020-12-14 17:00:00,122.08315789473684,96.29,,29.72
2020-12-14 18:00:00,121.46763157894736,82.82,,28.76
2020-12-14 19:00:00,120.85210526315788,94.91,,27.89
2020-12-14 20:00:00,120.23657894736841,97.69,,27.63
2020-12-14 21:00:00,119.62105263157895,125.5,,27.23
2020-12-14 22:00:00,119.00552631578947,142.75,,26.66
2020-12-14 23:00:00,118.38999999999999,151.36,,26.34
2020-12-15 00:00:00,117.77447368421052,129.93,,26.12
2020-12-15 01:00:00,117.15894736842105,131.69,,25.93
2020-12-15 02:00:00,116.54342105263157,138.45,,25.62
2020-12-15 03:00:00,115.92789473684209,137.16,,25.24
2020-12-15 04:00:00,115.31236842105262,147.15,,24.95
2020-12-15 05:00:00,114.69684210526316,148.0,,24.59
2020-12-15 06:00:00,114.08131578947368,151.68,,24.38
2020-12-15 07:00:00,113.4657894736842,171.42,,24.64
2020-12-15 08:00:00,112.85026315789473,148.25,,24.91
2020-12-15 09:00:00,112.23473684210526,120.18,,25.4
2020-12-15 10:00:00,111.61921052631578,88.58,,26.73
2020-12-15 11:00:00,111.0036842105263,92.45,,29.48
2020-12-15 12:00:00,110.38815789473684,108.2,,33.34
2020-12-15 13:00:00,109.77263157894737,119.28,,36.4
2020-12-15 14:00:00,109.15710526315789,125.14,,36.045
2020-12-15 15:00:00,108.54157894736841,131.0,,35.69
2020-12-15 16:00:00,107.92605263157894,118.0,,34.91
2020-12-15 17:00:00,107.31052631578947,139.21,,32.65
2020-12-15 18:00:00,106.695,139.946875,,32.253125
2020-12-15 19:00:00,106.07947368421053,140.68375,,31.85625
2020-12-15 20:00:00,105.46394736842106,141.420625,,31.459374999999998
2020-12-15 21:00:00,104.84842105263158,142.1575,,31.0625
2020-12-15 22:00:00,104.2328947368421,142.894375,,30.665625
2020-12-15 23:00:00,103.61736842105263,143.63125,,30.26875
2020-12-16 00:00:00,103.00184210526317,144.368125,,29.871875
2020-12-16 01:00:00,102.38631578947368,145.10500000000002,,29.475
2020-12-16 02:00:00,101.7707894736842,145.84187500000002,,29.078125
2020-12-16 03:00:00,101.15526315789474,146.57875,,28.68125
2020-12-16 04:00:00,100.53973684210526,147.315625,,28.284375
2020-12-16 05:00:00,99.92421052631579,148.0525,,27.8875
2020-12-16 06:00:00,99.30868421052631,148.789375,,27.490625
2020-12-16 07:00:00,98.69315789473684,149.52625,,27.09375
2020-12-16 08:00:00,98.07763157894736,150.263125,,26.696875
2020-12-16 09:00:00,97.4621052631579,151.0,,26.3
2020-12-16 10:00:00,96.84657894736841,166.68,,27.98
2020-12-16 11:00:00,96.23105263157895,160.62,,30.34
2020-12-16 12:00:00,95.61552631578947,165.91,,33.04
2020-12-16 13:00:00,95.0,132.98,,35.84
2020-12-16 14:00:00,94.08,124.47,,36.11
2020-12-16 15:00:00,91.25,135.07,,35.88
2020-12-16 16:00:00,89.17,115.71,,35.2
2020-12-16 17:00:00,92.68,135.25,,33.28
2020-12-16 18:00:00,124.17,138.05,,32.41428571428572
2020-12-16 19:00:00,174.81,140.85,,31.548571428571428
2020-12-16 20:00:00,140.38,143.65,,30.682857142857145
2020-12-16 21:00:00,125.08,146.45,,29.81714285714286
2020-12-16 22:00:00,131.33,149.25,,28.951428571428572
2020-12-16 23:00:00,144.83,152.05,,28.085714285714285
2020-12-17 00:00:00,146.0,154.85,,27.22
2020-12-17 01:00:00,143.25,153.08,,26.87
2020-12-17 02:00:00,147.58,153.0,,26.41
2020-12-17 03:00:00,156.25,161.3,,25.84
2020-12-17 04:00:00,155.54326923076923,160.15,,25.41
2020-12-17 05:00:00,154.83653846153845,148.0,,25.15
2020-12-17 06:00:00,154.12980769230768,144.31,,24.91
2020-12-17 07:00:00,153.42307692307693,155.99,,24.86
2020-12-17 08:00:00,152.71634615384616,179.99,,25.74
2020-12-17 09:00:00,152.0096153846154,155.07,,27.12
2020-12-17 10:00:00,151.3028846153846,149.31,,29.37
2020-12-17 11:00:00,150.59615384615384,150.84,,32.24
2020-12-17 12:00:00,149.88942307692307,141.78,,34.99
2020-12-17 13:00:00,149.18269230769232,117.02,,37.6
2020-12-17 14:00:00,148.47596153846155,102.0,,37.69
2020-12-17 15:00:00,147.76923076923077,94.62,,36.69
2020-12-17 16:00:00,147.0625,75.56,,35.51
2020-12-17 17:00:00,146.35576923076923,129.33,,32.85
2020-12-17 18:00:00,145.64903846153845,203.88,,30.58
2020-12-17 19:00:00,144.94230769230768,225.68,,29.16
2020-12-17 20:00:00,144.23557692307693,274.95,,28.65
2020-12-17 21:00:00,143.52884615384616,281.77,,28.76
2020-12-17 22:00:00,142.8221153846154,167.3,,28.67
2020-12-17 23:00:00,142.1153846153846,141.4,,28.05
2020-12-18 00:00:00,141.40865384615384,139.08,,27.38
2020-12-18 01:00:00,140.70192307692307,133.47,,26.6
2020-12-18 02:00:00,139.99519230769232,140.38,,25.87
2020-12-18 03:00:00,139.28846153846155,145.62,,25.37
2020-12-18 04:00:00,138.58173076923077,130.32,,24.98
2020-12-18 05:00:00,137.875,111.42,,24.68
2020-12-18 06:00:00,137.16826923076923,131.28,,24.36
2020-12-18 07:00:00,136.46153846153845,119.17,,24.52
2020-12-18 08:00:00,135.75480769230768,151.2,,25.32
2020-12-18 09:00:00,135.04807692307693,150.31,,27.22
2020-12-18 10:00:00,134.34134615384616,160.16,,29.82
2020-12-18 11:00:00,133.6346153846154,162.92,,33.35
2020-12-18 12:00:00,132.9278846153846,133.4,,36.59
2020-12-18 13:00:00,132.22115384615384,123.62,,38.24
2020-12-18 14:00:00,131.51442307692307,77.0,,38.09
2020-12-18 15:00:00,130.80769230769232,83.45,,36.67
2020-12-18 16:00:00,130.10096153846155,96.03,,35.58
2020-12-18 17:00:00,129.39423076923077,110.51,,33.98
2020-12-18 18:00:00,128.6875,197.0,,30.67
2020-12-18 19:00:00,127.98076923076923,231.62,,30.17
2020-12-18 20:00:00,127.27403846153845,182.26,,30.06
2020-12-18 21:00:00,126.5673076923077,150.81,,29.27
2020-12-18 22:00:00,125.86057692307692,175.0,,28.05
2020-12-18 23:00:00,125.15384615384616,201.0,,27.43
2020-12-19 00:00:00,124.44711538461539,189.0,,26.69
2020-12-19 01:00:00,123.74038461538461,191.53,,26.21
2020-12-19 02:00:00,123.03365384615384,158.7,,25.08
2020-12-19 03:00:00,122.32692307692307,120.0,,24.33
2020-12-19 04:00:00,121.6201923076923,109.02,,23.96
2020-12-19 05:00:00,120.91346153846153,95.00999999999999,,23.8
2020-12-19 06:00:00,120.20673076923077,81.0,,23.64
2020-12-19 07:00:00,119.5,97.94,,23.81
2020-12-19 08:00:00,118.79326923076923,135.0,,25.06
2020-12-19 09:00:00,118.08653846153845,184.11,,25.66
2020-12-19 10:00:00,117.3798076923077,169.94,,29.45
2020-12-19 11:00:00,116.67307692307692,144.02,,32.59
2020-12-19 12:00:00,115.96634615384616,144.77,,34.69
2020-12-19 13:00:00,115.25961538461539,127.42,,36.5
2020-12-19 14:00:00,114.55288461538461,119.55,,36.62
2020-12-19 15:00:00,113.84615384615384,105.17,,35.4
2020-12-19 16:00:00,113.13942307692307,108.0,,34.53
2020-12-19 17:00:00,112.4326923076923,127.37,,32.76
2020-12-19 18:00:00,111.72596153846153,257.69,,31.51
2020-12-19 19:00:00,111.01923076923077,244.59,,30.8
2020-12-19 20:00:00,110.3125,183.4,,29.51
2020-12-19 21:00:00,109.60576923076923,265.0,,28.19
2020-12-19 22:00:00,108.89903846153845,251.12,,27.84
2020-12-19 23:00:00,108.19230769230768,224.67,,27.23
2020-12-20 00:00:00,107.48557692307692,202.43,,25.91
2020-12-20 01:00:00,106.77884615384616,178.84,,25.52
2020-12-20 02:00:00,106.07211538461539,133.66,,24.82
2020-12-20 03:00:00,105.36538461538461,118.01,,24.4
2020-12-20 04:00:00,104.65865384615384,117.0,,24.11
2020-12-20 05:00:00,103.95192307692307,109.62,,23.57
2020-12-20 06:00:00,103.2451923076923,115.45,,23.41
2020-12-20 07:00:00,102.53846153846153,117.85,,22.88
2020-12-20 08:00:00,101.83173076923077,131.83,,24.19
2020-12-20 09:00:00,101.125,150.54,,26.74
2020-12-20 10:00:00,100.41826923076923,150.0,,29.88
2020-12-20 11:00:00,99.71153846153845,122.0,,31.85
2020-12-20 12:00:00,99.00480769230768,119.0,,35.5
2020-12-20 13:00:00,98.29807692307692,103.28,,36.81
2020-12-20 14:00:00,97.59134615384616,93.69,,37.41
2020-12-20 15:00:00,96.88461538461539,92.08,,35.98
2020-12-20 16:00:00,96.17788461538461,83.0,,34.94
2020-12-20 17:00:00,95.47115384615384,118.09,,33.06
2020-12-20 18:00:00,94.76442307692307,179.17,,30.75
2020-12-20 19:00:00,94.0576923076923,171.07,,29.09
2020-12-20 20:00:00,93.35096153846153,179.22,,27.95
2020-12-20 21:00:00,92.64423076923077,360.0,,27.22
2020-12-20 22:00:00,91.9375,372.91,,26.97
2020-12-20 23:00:00,91.23076923076923,184.72,,26.48
2020-12-21 00:00:00,90.52403846153845,164.0,,24.44
2020-12-21 01:00:00,89.8173076923077,199.15,,23.85
2020-12-21 02:00:00,89.11057692307692,163.0,,22.9
2020-12-21 03:00:00,88.40384615384615,140.0,,22.71
2020-12-21 04:00:00,87.69711538461539,123.0,,21.86
2020-12-21 05:00:00,86.99038461538461,96.35,,21.31
2020-12-21 06:00:00,86.28365384615384,93.87,,20.99
2020-12-21 07:00:00,85.57692307692307,99.92,,21.46
2020-12-21 08:00:00,84.8701923076923,136.7,,22.55
2020-12-21 09:00:00,84.16346153846153,162.0,,25.1
2020-12-21 10:00:00,83.45673076923076,205.47,,28.35
2020-12-21 11:00:00,82.75,144.25,,31.84
2020-12-21 12:00:00,82.04326923076923,140.0,,34.51
2020-12-21 13:00:00,81.33653846153845,91.81,,36.22
2020-12-21 14:00:00,80.6298076923077,84.56,,37.29
2020-12-21 15:00:00,79.92307692307692,78.0,,35.02
2020-12-21 16:00:00,79.21634615384615,317.7,,34.55
2020-12-21 17:00:00,78.50961538461539,126.9,,32.15
2020-12-21 18:00:00,77.80288461538461,279.0,,29.87
2020-12-21 19:00:00,77.09615384615384,256.8,,28.41
2020-12-21 20:00:00,76.38942307692307,336.06,,27.14
2020-12-21 21:00:00,75.6826923076923,357.39,,26.23
2020-12-21 22:00:00,74.97596153846153,397.7,,25.45
2020-12-21 23:00:00,74.26923076923076,547.15,,24.77
2020-12-22 00:00:00,73.5625,235.0,,23.33
2020-12-22 01:00:00,72.85576923076923,186.99,,22.21
2020-12-22 02:00:00,72.14903846153845,117.44,,21.72
2020-12-22 03:00:00,71.4423076923077,96.25,,21.09
2020-12-22 04:00:00,70.73557692307692,83.01,,20.66
2020-12-22 05:00:00,70.02884615384615,75.0,,20.26
2020-12-22 06:00:00,69.32211538461537,84.25,,20.05
2020-12-22 07:00:00,68.61538461538461,98.83,,19.87
2020-12-22 08:00:00,67.90865384615384,111.05,,20.47
2020-12-22 09:00:00,67.20192307692307,130.78,,22.5
2020-12-22 10:00:00,66.4951923076923,191.0,,27.11
2020-12-22 11:00:00,65.78846153846153,164.33,,31.72
2020-12-22 12:00:00,65.08173076923076,162.92,,34.41
2020-12-22 13:00:00,64.375,106.68,,35.62
2020-12-22 14:00:00,63.668269230769226,98.31,,35.55
2020-12-22 15:00:00,62.96153846153845,83.23,,34.64
2020-12-22 16:00:00,62.25480769230769,87.54,,33.71
2020-12-22 17:00:00,61.54807692307692,172.18,,31.41
2020-12-22 18:00:00,60.841346153846146,319.6,,28.48
2020-12-22 19:00:00,60.13461538461537,404.78,,27.37
2020-12-22 20:00:00,59.42788461538461,327.08,,26.08
2020-12-22 21:00:00,58.72115384615384,411.57,,25.2
2020-12-22 22:00:00,58.014423076923066,485.6,,24.48
2020-12-22 23:00:00,57.30769230769231,456.77,,23.76
2020-12-23 00:00:00,56.60096153846153,229.9,,22.62
2020-12-23 01:00:00,55.89423076923076,188.8,,21.99
2020-12-23 02:00:00,55.1875,126.0,,21.17
2020-12-23 03:00:00,54.480769230769226,131.55,,20.43
2020-12-23 04:00:00,53.77403846153845,95.92,,20.03
2020-12-23 05:00:00,53.06730769230768,81.01,,19.55
2020-12-23 06:00:00,52.36057692307692,79.08,,19.56
2020-12-23 07:00:00,51.653846153846146,115.08,,19.37
2020-12-23 08:00:00,50.94711538461537,181.75,,19.96
2020-12-23 09:00:00,50.24038461538461,147.68,,23.02
2020-12-23 10:00:00,49.53365384615384,154.16,,26.79
2020-12-23 11:00:00,48.826923076923066,134.74,,29.42
2020-12-23 12:00:00,48.12019230769231,131.0,,34.94
2020-12-23 13:00:00,47.41346153846153,114.0,,35.96
2020-12-23 14:00:00,46.70673076923076,97.0,,37.19
2020-12-23 15:00:00,46.0,93.0,,34.82
2020-12-23 16:00:00,45.09,82.86,,34.02
2020-12-23 17:00:00,52.33,130.25,,31.82
2020-12-23 18:00:00,92.42,273.68,,29.45
2020-12-23 19:00:00,107.0,244.3,,27.86
2020-12-23 20:00:00,167.58,342.75,,26.61
2020-12-23 21:00:00,226.89,469.4,,25.8
2020-12-23 22:00:00,199.92,434.6,,25.17
2020-12-23 23:00:00,206.17,422.68,,24.28
2020-12-24 00:00:00,231.75,431.22,,23.64
2020-12-24 01:00:00,204.67,367.25,,22.68
2020-12-24 02:00:00,125.92,219.12,,21.64
2020-12-24 03:00:00,97.0,142.32,,21.21
2020-12-24 04:00:00,77.58,120.4,,20.76
2020-12-24 05:00:00,72.34,105.12,,20.48
2020-12-24 06:00:00,67.42,91.97,,19.98
2020-12-24 07:00:00,69.74,100.23,,20.16
2020-12-24 08:00:00,85.58,133.47,,21.19
2020-12-24 09:00:00,87.84,151.3,,23.21
2020-12-24 10:00:00,70.64,130.02,,26.71
2020-12-24 11:00:00,69.92,142.8,,30.03
2020-12-24 12:00:00,74.58,140.3,,33.46
2020-12-24 13:00:00,65.83,138.15,,35.93
2020-12-24 14:00:00,54.0,129.68,,37.41
2020-12-24 15:00:00,55.0,106.0,,36.02
2020-12-24 16:00:00,53.17,109.69,,35.25
2020-12-24 17:00:00,60.31,187.47,,32.8
2020-12-24 18:00:00,94.81,305.93,,30.61
2020-12-24 19:00:00,140.04,277.07,,28.84
2020-12-24 20:00:00,326.42,523.75,,27.57
2020-12-24 21:00:00,345.74,531.07,,27.0
2020-12-24 22:00:00,365.25,610.48,,26.33
2020-12-24 23:00:00,368.83,512.48,,25.75
2020-12-25 00:00:00,210.9,371.96,,25.11
2020-12-25 01:00:00,181.38,279.85,,24.26
2020-12-25 02:00:00,171.75,256.35,,23.64
2020-12-25 03:00:00,135.36,203.29,,22.71
2020-12-25 04:00:00,110.98,155.53,,22.2
2020-12-25 05:00:00,87.92,130.76,,21.99
2020-12-25 06:00:00,90.58,129.0,,21.75
2020-12-25 07:00:00,82.78,121.6,,21.99
2020-12-25 08:00:00,95.71,147.82,,23.32
2020-12-25 09:00:00,102.5,155.55,,26.06
2020-12-25 10:00:00,91.08,157.0,,29.81
2020-12-25 11:00:00,86.34,166.23,,32.73
2020-12-25 12:00:00,69.55,138.32,,35.67
2020-12-25 13:00:00,69.65,133.48,,37.67
2020-12-25 14:00:00,62.69,122.54,,38.22
2020-12-25 15:00:00,57.42,124.65181818181819,,36.8
2020-12-25 16:00:00,57.0,126.76363636363637,,35.88
2020-12-25 17:00:00,57.0,128.87545454545455,,33.48
2020-12-25 18:00:00,57.0,130.98727272727274,,31.2
2020-12-25 19:00:00,57.0,133.0990909090909,,29.99
2020-12-25 20:00:00,57.0,135.2109090909091,,29.58
2020-12-25 21:00:00,57.0,137.32272727272726,,28.55
2020-12-25 22:00:00,57.0,139.43454545454546,,27.64
2020-12-25 23:00:00,57.0,141.54636363636365,,26.96
2020-12-26 00:00:00,57.0,143.65818181818182,,26.3
2020-12-26 01:00:00,57.0,145.77,,25.66
2020-12-26 02:00:00,57.0,147.88181818181818,,25.08
2020-12-26 03:00:00,57.0,149.99363636363637,,24.37
2020-12-26 04:00:00,57.0,152.10545454545453,,24.22
2020-12-26 05:00:00,57.0,154.21727272727273,,23.97
2020-12-26 06:00:00,57.0,156.3290909090909,,23.51
2020-12-26 07:00:00,57.0,158.4409090909091,,23.69
2020-12-26 08:00:00,57.0,160.55272727272728,,24.78
2020-12-26 09:00:00,57.0,162.66454545454545,,27.89
2020-12-26 10:00:00,57.0,164.77636363636364,,30.79
2020-12-26 11:00:00,57.0,166.8881818181818,,33.93
2020-12-26 12:00:00,57.0,169.0,,35.53
2020-12-26 13:00:00,66.69,143.5,,39.01
2020-12-26 14:00:00,61.4,118.0,,39.2
2020-12-26 15:00:00,60.08,107.8,,37.6
2020-12-26 16:00:00,78.91499999999999,153.825,,36.41
2020-12-26 17:00:00,97.75,199.85,,34.25
2020-12-26 18:00:00,115.59,263.35,,32.19
2020-12-26 19:00:00,122.57,219.9,,30.84
2020-12-26 20:00:00,155.9,266.88,,29.42
2020-12-26 21:00:00,160.83,253.48,,28.68
2020-12-26 22:00:00,186.59,298.25,,28.32
2020-12-26 23:00:00,163.49,270.49,,27.45
2020-12-27 00:00:00,147.29,260.6,,26.76
2020-12-27 01:00:00,142.34,223.93,,26.46
2020-12-27 02:00:00,137.43,198.8,,25.78
2020-12-27 03:00:00,164.42,233.07,,24.89
2020-12-27 04:00:00,135.01,184.2,,24.53
2020-12-27 05:00:00,131.09,177.22,,24.52
2020-12-27 06:00:00,120.95,156.65,,24.11
2020-12-27 07:00:00,117.26,153.15,,24.1
2020-12-27 08:00:00,117.91,166.88,,24.96
2020-12-27 09:00:00,113.43,170.78,,26.95
2020-12-27 10:00:00,123.97,182.1,,28.84
2020-12-27 11:00:00,115.83,169.31,,31.27
2020-12-27 12:00:00,104.0,155.9,,34.72
2020-12-27 13:00:00,118.53,172.57,,36.62
2020-12-27 14:00:00,99.83,170.3,,37.36
2020-12-27 15:00:00,93.43,134.85,,36.22
2020-12-27 16:00:00,75.64,130.15,,35.22
2020-12-27 17:00:00,57.5,112.42,,33.7
2020-12-27 18:00:00,99.87,167.43,,31.68
2020-12-27 19:00:00,116.8,195.08,,30.14
2020-12-27 20:00:00,139.02,227.43,,29.35
2020-12-27 21:00:00,139.17,211.53,,28.33
2020-12-27 22:00:00,115.24,181.32,,27.3
2020-12-27 23:00:00,89.17,154.03,,26.69
2020-12-28 00:00:00,76.95,143.68,,26.24
2020-12-28 01:00:00,66.83,119.88,,25.91
2020-12-28 02:00:00,63.26,100.42,,25.32
2020-12-28 03:00:00,56.6,87.9,,24.66
2020-12-28 04:00:00,52.34,88.85,,23.88
2020-12-28 05:00:00,60.23,89.93,,22.78
2020-12-28 06:00:00,75.62,111.34,,22.19
2020-12-28 07:00:00,87.05,129.7,,21.92
2020-12-28 08:00:00,94.4,153.2,,22.82
2020-12-28 09:00:00,93.17,164.25,,24.86
2020-12-28 10:00:00,74.72,145.57,,27.02
2020-12-28 11:00:00,63.02,142.16,,29.26
2020-12-28 12:00:00,54.8,119.16,,32.45
2020-12-28 13:00:00,42.89,102.0,,34.9
2020-12-28 14:00:00,46.57,106.56,,35.32
2020-12-28 15:00:00,36.03,79.25,,34.0
2020-12-28 16:00:00,28.6,71.45,,33.43
2020-12-28 17:00:00,35.31,83.95,,31.58
2020-12-28 18:00:00,43.31,112.75,,29.54
2020-12-28 19:00:00,44.0,136.28,,28.05
2020-12-28 20:00:00,43.09,137.07,,27.12
2020-12-28 21:00:00,55.8,164.0,,25.93
2020-12-28 22:00:00,64.31,181.57,,25.23
2020-12-28 23:00:00,65.0,182.07,,24.79
2020-12-29 00:00:00,64.09,170.1,,24.21
2020-12-29 01:00:00,53.03,152.25,,22.89
2020-12-29 02:00:00,77.59,184.3,,22.1
2020-12-29 03:00:00,80.0,175.9,,21.66
2020-12-29 04:00:00,81.83,174.07,,20.86
2020-12-29 05:00:00,79.26,155.5,,20.48
2020-12-29 06:00:00,72.6,142.0,,20.05
2020-12-29 07:00:00,85.75,173.45,,20.01
2020-12-29 08:00:00,109.85,202.82,,20.97
2020-12-29 09:00:00,105.6,203.15,,22.94
2020-12-29 10:00:00,103.17,211.35,,26.21
2020-12-29 11:00:00,97.55,211.08,,28.76
2020-12-29 12:00:00,87.86,206.38,,32.22
2020-12-29 13:00:00,67.81,158.0,,35.53
2020-12-29 14:00:00,59.6,143.16,,35.9
2020-12-29 15:00:00,90.77,179.19,,35.01
2020-12-29 16:00:00,64.75,140.1,,34.16
2020-12-29 17:00:00,77.53,180.25,,31.56
2020-12-29 18:00:00,100.93,223.9,,29.28
2020-12-29 19:00:00,126.76,270.48,,27.74
2020-12-29 20:00:00,185.66,353.0,,26.98
2020-12-29 21:00:00,178.2,350.22,,27.0
2020-12-29 22:00:00,103.89,223.0,,26.56
2020-12-29 23:00:00,81.42,209.31,,25.84
2020-12-30 00:00:00,74.52,184.8,,25.09
2020-12-30 01:00:00,72.19,170.1,,24.07
2020-12-30 02:00:00,76.57,180.0,,23.57
2020-12-30 03:00:00,86.17,181.85,,22.96
2020-12-30 04:00:00,93.4,190.56,,22.51
2020-12-30 05:00:00,99.48,196.25,,22.0
2020-12-30 06:00:00,113.71,204.42,,21.5
2020-12-30 07:00:00,109.53,202.22,,21.15
2020-12-30 08:00:00,135.5,262.0,,22.11
2020-12-30 09:00:00,142.57,337.0,,24.13
2020-12-30 10:00:00,134.75,275.8,,26.21
2020-12-30 11:00:00,119.42,228.93,,29.62
2020-12-30 12:00:00,106.12,215.0,,33.35
2020-12-30 13:00:00,99.52,206.68,,35.94
2020-12-30 14:00:00,95.34,189.85,,36.83
2020-12-30 15:00:00,97.81,187.0,,35.74
2020-12-30 16:00:00,118.05,246.74,,34.78
2020-12-30 17:00:00,124.57,234.8,,32.1
2020-12-30 18:00:00,124.9275,235.10000000000002,,30.065
2020-12-30 19:00:00,125.285,235.4,,28.03
2020-12-30 20:00:00,125.6425,235.7,,28.64
2020-12-30 21:00:00,126.0,236.0,,27.92
2020-12-30 22:00:00,124.17,223.97,,27.01
2020-12-30 23:00:00,126.74,223.0,,25.91
2020-12-31 00:00:00,128.83,256.3,,25.61
2020-12-31 01:00:00,104.4,180.38,,24.93
2020-12-31 02:00:00,124.85,203.69,,24.2
2020-12-31 03:00:00,123.34,209.71,,23.68
2020-12-31 04:00:00,138.53,213.71,,23.37
2020-12-31 05:00:00,133.6,197.35,,22.94
2020-12-31 06:00:00,119.29,179.3,,22.51
2020-12-31 07:00:00,111.6,164.12,,22.18
2020-12-31 08:00:00,114.66,168.57,,23.04
2020-12-31 09:00:00,134.19,205.07,,25.73
2020-12-31 10:00:00,129.6,222.8,,29.59
2020-12-31 11:00:00,105.31,200.83,,32.55
2020-12-31 12:00:00,87.47,166.53,,35.62
2020-12-31 13:00:00,75.95,176.03,,37.43
2020-12-31 14:00:00,73.17,140.0,,38.23
2020-12-31 15:00:00,60.2,127.72,,37.31
2020-12-31 16:00:00,72.71,131.62,,36.41
2020-12-31 17:00:00,79.5,169.11,,34.17
2020-12-31 18:00:00,101.93,266.63,,31.89
2020-12-31 19:00:00,145.0,415.52,,30.64
2020-12-31 20:00:00,212.97,365.0,,29.7
2020-12-31 21:00:00,190.67,303.05,,29.14
2020-12-31 22:00:00,205.37,307.35,,28.59
2020-12-31 23:00:00,212.48,329.34,,27.92
2021-01-01 00:00:00,229.4,343.06,,27.31
2021-01-01 01:00:00,247.45,383.89,,26.95
2021-01-01 02:00:00,257.23,371.18,,26.52
2021-01-01 03:00:00,194.94,268.25,,25.79
2021-01-01 04:00:00,145.27,202.65,,25.18
2021-01-01 05:00:00,118.22,183.2,,25.06
2021-01-01 06:00:00,127.88,177.36,,24.95
2021-01-01 07:00:00,127.18,176.07,,24.98
2021-01-01 08:00:00,133.39,206.62,,25.85
2021-01-01 09:00:00,134.91,202.53,,28.08
2021-01-01 10:00:00,157.78,399.95,,31.33
2021-01-01 11:00:00,117.96,197.0,,34.69
2021-01-01 12:00:00,94.81,163.6,,36.45
2021-01-01 13:00:00,100.12590909090909,170.13590909090908,,36.208636363636366
2021-01-01 14:00:00,105.44181818181818,176.67181818181817,,35.96727272727273
2021-01-01 15:00:00,110.75772727272727,183.20772727272725,,35.72590909090909
2021-01-01 16:00:00,116.07363636363637,189.74363636363637,,35.484545454545454
2021-01-01 17:00:00,121.38954545454546,196.27954545454543,,35.24318181818182
2021-01-01 18:00:00,126.70545454545454,202.81545454545454,,35.00181818181819
2021-01-01 19:00:00,132.02136363636365,209.35136363636363,,34.76045454545455
2021-01-01 20:00:00,137.33727272727273,215.88727272727272,,34.51909090909091
2021-01-01 21:00:00,142.65318181818182,222.4231818181818,,34.277727272727276
2021-01-01 22:00:00,147.9690909090909,228.9590909090909,,34.03636363636364
2021-01-01 23:00:00,153.285,235.495,,33.795
2021-01-02 00:00:00,158.60090909090908,242.03090909090906,,33.553636363636365
2021-01-02 01:00:00,163.91681818181817,248.56681818181818,,33.31227272727273
2021-01-02 02:00:00,169.2327272727273,255.10272727272726,,33.07090909090909
2021-01-02 03:00:00,174.54863636363638,261.63863636363635,,32.82954545454545
2021-01-02 04:00:00,179.86454545454546,268.1745454545454,,32.588181818181816
2021-01-02 05:00:00,185.18045454545455,274.7104545454545,,32.34681818181818
2021-01-02 06:00:00,190.49636363636364,281.24636363636364,,32.10545454545455
2021-01-02 07:00:00,195.81227272727273,287.7822727272727,,31.864090909090912
2021-01-02 08:00:00,201.12818181818182,294.31818181818176,,31.622727272727275
2021-01-02 09:00:00,206.4440909090909,300.8540909090909,,31.381363636363638
2021-01-02 10:00:00,211.76,307.39,,31.14
2021-01-02 11:00:00,206.6,316.5,,33.59
2021-01-02 12:00:00,181.32,272.47,,35.33
2021-01-02 13:00:00,149.84,237.55,,35.82
2021-01-02 14:00:00,126.95,219.25,,35.53
2021-01-02 15:00:00,117.71,204.12,,34.9
2021-01-02 16:00:00,135.22,211.32,,33.68
2021-01-02 17:00:00,144.31,215.71,,31.75
2021-01-02 18:00:00,158.67,240.12,,30.32
2021-01-02 19:00:00,193.71,282.8,,29.46
2021-01-02 20:00:00,218.01,341.11,,28.75
2021-01-02 21:00:00,202.69,309.75,,28.33
2021-01-02 22:00:00,196.44,292.15,,28.01
2021-01-02 23:00:00,145.74,215.85,,27.48
2021-01-03 00:00:00,134.62,196.12,,26.9
2021-01-03 01:00:00,135.82,192.22,,26.68
2021-01-03 02:00:00,145.14,200.35,,26.3
2021-01-03 03:00:00,146.91,210.27,,25.87
2021-01-03 04:00:00,148.83,208.22,,25.39
2021-01-03 05:00:00,163.58,220.97,,24.98
2021-01-03 06:00:00,175.02,249.83,,24.85
2021-01-03 07:00:00,178.74,245.5,,24.56
2021-01-03 08:00:00,199.1,271.9,,25.21
2021-01-03 09:00:00,190.07,262.88,,26.42
2021-01-03 10:00:00,189.0,273.12,,28.55
2021-01-03 11:00:00,164.4,238.75,,31.77
2021-01-03 12:00:00,149.25,230.43,,35.06
2021-01-03 13:00:00,124.31,191.96,,37.37
2021-01-03 14:00:00,118.36,196.41,,37.63
2021-01-03 15:00:00,110.71,181.23,,35.81
2021-01-03 16:00:00,145.53,252.37,,34.28
2021-01-03 17:00:00,152.65,263.13,,31.78
2021-01-03 18:00:00,156.65,259.36,,30.04
2021-01-03 19:00:00,164.29,265.0,,28.38
2021-01-03 20:00:00,160.43,257.58,,27.82
2021-01-03 21:00:00,167.31,277.41,,27.38
2021-01-03 22:00:00,109.51,198.28,,26.91
2021-01-03 23:00:00,101.27,187.0,,26.49
2021-01-04 00:00:00,102.83,176.8,,26.2
2021-01-04 01:00:00,109.39,168.56,,26.19
2021-01-04 02:00:00,108.17,168.0,,26.11
2021-01-04 03:00:00,114.39,166.14,,25.82
2021-01-04 04:00:00,118.64,173.42,,25.24
2021-01-04 05:00:00,124.48,177.0,,24.82
2021-01-04 06:00:00,122.27,173.29,,24.98
2021-01-04 07:00:00,133.84,188.81,,25.07
2021-01-04 08:00:00,159.66,228.97,,25.32
2021-01-04 09:00:00,153.8,238.5,,26.65
2021-01-04 10:00:00,146.62,248.28,,28.21
2021-01-04 11:00:00,152.38,243.83,,29.86
2021-01-04 12:00:00,141.16,227.18,,32.43
2021-01-04 13:00:00,138.18,240.675,,32.985
2021-01-04 14:00:00,148.8,254.17,,33.54
2021-01-04 15:00:00,159.07,274.67,,33.09
2021-01-04 16:00:00,148.16,257.18,,32.56
2021-01-04 17:00:00,147.0,267.9,,31.9
2021-01-04 18:00:00,169.78,307.04,,29.97
2021-01-04 19:00:00,164.8,262.33,,28.71
2021-01-04 20:00:00,191.4,311.01,,28.26
2021-01-04 21:00:00,215.92,332.97,,27.97
2021-01-04 22:00:00,192.49,292.39,,27.46
2021-01-04 23:00:00,179.14,258.55,,26.95
2021-01-05 00:00:00,184.38,276.0,,26.77
2021-01-05 01:00:00,186.83,277.86,,26.82
2021-01-05 02:00:00,159.58,225.12,,26.56
2021-01-05 03:00:00,172.49,241.64,,26.08
2021-01-05 04:00:00,152.08,205.64,,25.59
2021-01-05 05:00:00,149.09,214.77,,25.33
2021-01-05 06:00:00,148.09,214.0,,25.19
2021-01-05 07:00:00,166.46,238.77,,25.41
2021-01-05 08:00:00,207.3,290.76,,25.51
2021-01-05 09:00:00,174.56,262.82,,26.47
2021-01-05 10:00:00,179.22,369.48,,28.04
2021-01-05 11:00:00,180.91,310.0,,30.54
2021-01-05 12:00:00,177.37,290.56,,32.46
2021-01-05 13:00:00,142.38,227.97,,35.06
2021-01-05 14:00:00,116.22,192.02,,35.71
2021-01-05 15:00:00,113.09,188.15,,35.31
2021-01-05 16:00:00,103.89,170.37,,33.75
2021-01-05 17:00:00,165.15,284.05,,31.99
2021-01-05 18:00:00,185.58,335.68,,30.31
2021-01-05 19:00:00,220.71,356.11,,29.09
2021-01-05 20:00:00,261.47,394.25,,28.6
2021-01-05 21:00:00,206.55,318.14,,28.47
2021-01-05 22:00:00,158.05,242.42,,27.78
2021-01-05 23:00:00,166.75,243.84,,27.43
2021-01-06 00:00:00,188.95,264.55,,26.97
2021-01-06 01:00:00,210.13,295.0,,26.45
2021-01-06 02:00:00,190.13,242.12,,26.12
2021-01-06 03:00:00,167.05,230.56,,25.81
2021-01-06 04:00:00,157.69,220.59,,25.42
2021-01-06 05:00:00,143.33,218.07,,24.82
2021-01-06 06:00:00,149.29,218.93,,24.38
2021-01-06 07:00:00,157.28,216.21,,24.23
2021-01-06 08:00:00,169.84,241.44,,24.38
2021-01-06 09:00:00,170.09,259.42,,25.97
2021-01-06 10:00:00,175.47,270.26,,27.69
2021-01-06 11:00:00,176.0,284.0,,30.14
2021-01-06 12:00:00,166.89,254.0,,32.92
2021-01-06 13:00:00,148.63,243.8,,34.85
2021-01-06 14:00:00,129.69,204.96,,36.66
2021-01-06 15:00:00,103.34,175.94,,36.09
2021-01-06 16:00:00,82.78,142.45,,35.42
2021-01-06 17:00:00,138.57,236.0,,33.51
2021-01-06 18:00:00,190.41,307.44,,31.84
2021-01-06 19:00:00,233.27,384.61,,30.86
2021-01-06 20:00:00,216.95,355.78,,30.62
2021-01-06 21:00:00,172.18,269.73,,29.52
2021-01-06 22:00:00,168.91,242.0,,28.74
2021-01-06 23:00:00,161.71,229.9,,28.1
2021-01-07 00:00:00,157.35,222.5,,27.83
2021-01-07 01:00:00,153.35,231.0,,27.09
2021-01-07 02:00:00,145.71,210.59,,26.57
2021-01-07 03:00:00,520.0,216.79500000000002,,25.88
2021-01-07 04:00:00,164.0,223.0,,25.58
2021-01-07 05:00:00,177.55,229.46,,25.12
2021-01-07 06:00:00,179.0,260.62,,24.78
2021-01-07 07:00:00,202.76,278.0,,24.71
2021-01-07 08:00:00,214.13,309.55,,25.31
2021-01-07 09:00:00,225.93,323.12,,26.22
2021-01-07 10:00:00,208.78,306.44,,29.76
2021-01-07 11:00:00,186.05,265.64,,33.41
2021-01-07 12:00:00,125.69,198.69,,36.05
2021-01-07 13:00:00,71.71,140.19,,38.04
2021-01-07 14:00:00,57.89,121.12,,38.04
2021-01-07 15:00:00,67.93,103.0,,37.48
2021-01-07 16:00:00,54.52,104.7,,37.13
2021-01-07 17:00:00,113.0,218.0,,31.55
2021-01-07 18:00:00,37.38,92.75,,31.22
2021-01-07 19:00:00,41.84,227.73,,30.75
2021-01-07 20:00:00,50.29,139.73,,29.99
2021-01-07 21:00:00,59.2,97.67,,29.95
2021-01-07 22:00:00,63.64,112.68,,29.98
2021-01-07 23:00:00,49.42,112.14,,29.22
2021-01-08 00:00:00,48.0,74.89,,28.94
2021-01-08 01:00:00,47.09,60.83,,28.81
2021-01-08 02:00:00,42.45,75.81,,27.99
2021-01-08 03:00:00,67.51,101.0,,27.84
2021-01-08 04:00:00,49.95,61.94,,27.64
2021-01-08 05:00:00,52.55,71.99,,27.56
2021-01-08 06:00:00,60.29,85.06,,27.41
2021-01-08 07:00:00,110.2,158.37,,27.4
2021-01-08 08:00:00,138.62,213.17,,27.43
2021-01-08 09:00:00,139.18,184.53,,28.31
2021-01-08 10:00:00,137.18,170.0,,29.09
2021-01-08 11:00:00,188.02,231.23,,29.46
2021-01-08 12:00:00,192.09,240.64,,30.05
2021-01-08 13:00:00,95.42,145.15,,30.97
2021-01-08 14:00:00,68.65,102.69,,31.7
2021-01-08 15:00:00,68.82,109.99,,32.51
2021-01-08 16:00:00,58.03,95.19,,32.38
2021-01-08 17:00:00,56.09,101.42,,31.43
2021-01-08 18:00:00,64.2,109.44,,30.48
2021-01-08 19:00:00,71.38,131.34,,29.74
2021-01-08 20:00:00,82.02,140.42,,29.52
2021-01-08 21:00:00,88.47,142.85,,29.31
2021-01-08 22:00:00,89.91,142.07,,29.14
2021-01-08 23:00:00,92.73,136.42,,28.8
2021-01-09 00:00:00,91.18,135.07,,28.34
2021-01-09 01:00:00,87.36,125.72,,28.1
2021-01-09 02:00:00,88.82,117.56,,27.87
2021-01-09 03:00:00,116.25,137.46,,27.6
2021-01-09 04:00:00,114.44,132.5,,27.39
2021-01-09 05:00:00,114.0,143.19,,27.15
2021-01-09 06:00:00,115.82,145.0,,27.03
2021-01-09 07:00:00,116.0,147.79,,26.69
2021-01-09 08:00:00,125.11,176.85,,27.26
2021-01-09 09:00:00,129.65,190.98,,28.29
2021-01-09 10:00:00,131.82,169.0,,31.02
2021-01-09 11:00:00,102.77,150.39,,32.02
2021-01-09 12:00:00,89.04,133.035,,34.545
2021-01-09 13:00:00,74.38,115.68,,37.07
2021-01-09 14:00:00,59.33,97.25,,36.9
2021-01-09 15:00:00,61.66,100.65,,35.87
2021-01-09 16:00:00,65.64,101.0,,35.08
2021-01-09 17:00:00,101.53,168.93,,33.21
2021-01-09 18:00:00,135.98,225.95,,31.69
2021-01-09 19:00:00,169.98,255.12,,30.73
2021-01-09 20:00:00,199.42,296.89,,30.19
2021-01-09 21:00:00,194.73,299.07,,30.06
2021-01-09 22:00:00,198.56,307.38,,30.32
2021-01-09 23:00:00,138.87,214.94,,30.35
2021-01-10 00:00:00,106.66,161.61,,29.86
2021-01-10 01:00:00,107.64,151.5,,29.27
2021-01-10 02:00:00,116.2,150.07,,28.68
2021-01-10 03:00:00,116.09,161.13,,28.31
2021-01-10 04:00:00,136.95,179.63,,28.02
2021-01-10 05:00:00,139.0,184.72,,27.59
2021-01-10 06:00:00,148.11,186.86,,27.16
2021-01-10 07:00:00,158.11,212.12,,26.98
2021-01-10 08:00:00,166.29,229.77,,27.61
2021-01-10 09:00:00,177.93,238.44,,29.28
2021-01-10 10:00:00,149.03,210.76,,31.78
2021-01-10 11:00:00,106.03,156.83,,34.91
2021-01-10 12:00:00,77.4,151.15,,37.62
2021-01-10 13:00:00,48.66,119.45,,38.64
2021-01-10 14:00:00,36.01,76.98,,39.29
2021-01-10 15:00:00,32.27,68.42,,37.91
2021-01-10 16:00:00,36.55,68.93,,37.18
2021-01-10 17:00:00,67.07,118.32,,34.29
2021-01-10 18:00:00,119.05,188.8,,32.57
2021-01-10 19:00:00,140.4,202.35,,31.79
2021-01-10 20:00:00,166.6,243.01,,31.32
2021-01-10 21:00:00,193.53,291.0,,31.02
2021-01-10 22:00:00,178.74,268.68,,30.82
2021-01-10 23:00:00,171.55,273.51,,30.45
2021-01-11 00:00:00,159.16,246.93,,30.19
2021-01-11 01:00:00,164.39,264.54,,29.72
2021-01-11 02:00:00,153.16,217.61,,29.08
2021-01-11 03:00:00,141.1,183.38,,28.55
2021-01-11 04:00:00,140.91,190.31,,28.2
2021-01-11 05:00:00,145.54,188.22,,27.83
2021-01-11 06:00:00,159.62,206.6,,27.62
2021-01-11 07:00:00,150.1,195.94,,27.41
2021-01-11 08:00:00,168.13,224.71,,28.35
2021-01-11 09:00:00,158.16,246.54,,29.98
2021-01-11 10:00:00,127.03,198.83,,32.59
2021-01-11 11:00:00,98.49,180.16,,35.53
2021-01-11 12:00:00,62.39,143.0,,38.2
2021-01-11 13:00:00,48.1,108.0,,39.8
2021-01-11 14:00:00,36.07,84.0,,40.5
2021-01-11 15:00:00,31.36,78.0,,38.95
2021-01-11 16:00:00,33.73,83.0,,37.075
2021-01-11 17:00:00,72.27,146.0,,35.2
2021-01-11 18:00:00,102.39,188.78,,33.46
2021-01-11 19:00:00,132.33,239.46,,32.41
2021-01-11 20:00:00,151.4,273.96,,31.82
2021-01-11 21:00:00,153.0,300.4,,31.45
2021-01-11 22:00:00,168.53,323.0,,30.61
2021-01-11 23:00:00,170.0,318.0,,30.34
2021-01-12 00:00:00,145.47,277.26,,30.17
2021-01-12 01:00:00,115.75,181.4,,29.87
2021-01-12 02:00:00,128.49,179.65,,29.18
2021-01-12 03:00:00,108.16,164.0,,28.39
2021-01-12 04:00:00,103.27,136.0,,27.88
2021-01-12 05:00:00,108.47,134.14,,27.6
2021-01-12 06:00:00,109.92,140.89,,27.35
2021-01-12 07:00:00,113.64,165.25,,27.11
2021-01-12 08:00:00,125.81,177.23,,27.91
2021-01-12 09:00:00,123.37,177.0,,29.4
2021-01-12 10:00:00,121.18,215.97,,32.53
2021-01-12 11:00:00,80.12,158.69,,35.23
2021-01-12 12:00:00,63.25,123.38,,37.62
2021-01-12 13:00:00,48.33,121.0,,39.75
2021-01-12 14:00:00,36.99,100.56,,40.7
2021-01-12 15:00:00,36.0,96.21,,39.39
2021-01-12 16:00:00,38.0,82.0,,37.78
2021-01-12 17:00:00,97.0,179.5,,36.17
2021-01-12 18:00:00,156.0,277.0,,34.17
2021-01-12 19:00:00,142.33,272.35,,33.23
2021-01-12 20:00:00,131.92,208.72,,32.77
2021-01-12 21:00:00,112.78,175.24,,32.33
2021-01-12 22:00:00,102.8,151.6,,31.62
2021-01-12 23:00:00,99.28,165.77,,30.86
2021-01-13 00:00:00,98.09,154.87,,30.33
2021-01-13 01:00:00,91.64,138.18,,29.5
2021-01-13 02:00:00,95.56,146.47,,28.75
2021-01-13 03:00:00,115.16,164.75,,28.25
2021-01-13 04:00:00,129.75,175.31,,27.98
2021-01-13 05:00:00,107.38,150.02,,27.48
2021-01-13 06:00:00,114.08,163.82,,27.02
2021-01-13 07:00:00,119.56,176.13,,27.05
2021-01-13 08:00:00,128.2,188.17,,27.47
2021-01-13 09:00:00,113.51,174.11,,29.12
2021-01-13 10:00:00,114.73,199.99,,31.54
2021-01-13 11:00:00,94.05,156.54,,34.47
2021-01-13 12:00:00,63.75,118.57,,37.83
2021-01-13 13:00:00,41.87,90.88,,40.19
2021-01-13 14:00:00,38.18,88.07,,40.46
2021-01-13 15:00:00,26.19,64.73,,38.9
2021-01-13 16:00:00,16.8,66.72,,37.92
2021-01-13 17:00:00,42.42,98.64,,35.95
2021-01-13 18:00:00,45.91,107.52,,33.77
2021-01-13 19:00:00,62.4,138.71,,32.17
2021-01-13 20:00:00,84.95,183.81,,30.87
2021-01-13 21:00:00,140.59,268.89,,29.9
2021-01-13 22:00:00,90.42,183.81,,29.7
2021-01-13 23:00:00,94.08,152.81,,29.28
2021-01-14 00:00:00,96.82,143.53,,28.68
2021-01-14 01:00:00,95.18,139.28,,28.45
2021-01-14 02:00:00,98.64,133.42,,27.69
2021-01-14 03:00:00,105.36,147.89,,27.09
2021-01-14 04:00:00,112.38,159.2,,26.34
2021-01-14 05:00:00,107.53,147.9,,25.64
2021-01-14 06:00:00,84.22,116.29,,24.77
2021-01-14 07:00:00,79.28,120.51,,24.25
2021-01-14 08:00:00,73.55,116.33,,24.7
2021-01-14 09:00:00,68.45,120.65,,26.76
2021-01-14 10:00:00,68.0,129.4,,30.44
2021-01-14 11:00:00,67.09,141.17,,33.65
2021-01-14 12:00:00,61.48,150.36,,37.6
2021-01-14 13:00:00,22.85,91.44,,39.5
2021-01-14 14:00:00,8.1,48.85,,40.81
2021-01-14 15:00:00,10.63,58.1,,38.15
2021-01-14 16:00:00,54.73,137.17,,36.02
2021-01-14 17:00:00,73.58,166.33,,33.47
2021-01-14 18:00:00,74.09,158.69,,31.65
2021-01-14 19:00:00,69.46,154.28,,30.23
2021-01-14 20:00:00,85.35,160.51,,29.13
2021-01-14 21:00:00,109.71,194.5,,27.98
2021-01-14 22:00:00,132.95,223.99,,27.78
2021-01-14 23:00:00,150.49,265.2,,27.23
2021-01-15 00:00:00,175.62,292.19,,26.43
2021-01-15 01:00:00,190.88,310.07,,26.16
2021-01-15 02:00:00,157.42,235.69,,25.61
2021-01-15 03:00:00,136.74,207.67,,24.91
2021-01-15 04:00:00,122.81,194.51,,24.87
2021-01-15 05:00:00,118.37,168.89,,24.29
2021-01-15 06:00:00,114.37,181.89,,23.75
2021-01-15 07:00:00,95.78,151.27,,23.68
2021-01-15 08:00:00,119.51,191.81,,24.5
2021-01-15 09:00:00,122.0,210.82,,26.28
2021-01-15 10:00:00,142.02,234.33,,29.03
2021-01-15 11:00:00,150.36,257.4,,31.97
2021-01-15 12:00:00,90.14,160.36,,34.45
2021-01-15 13:00:00,93.08,164.0,,37.24
2021-01-15 14:00:00,59.48,121.19,,36.36
2021-01-15 15:00:00,58.73,145.92,,34.13
2021-01-15 16:00:00,41.74,129.33,,33.52
2021-01-15 17:00:00,42.73,101.94,,32.22
2021-01-15 18:00:00,49.36,115.87,,30.28
2021-01-15 19:00:00,86.33,170.39,,29.41
2021-01-15 20:00:00,108.78,216.89,,28.25
2021-01-15 21:00:00,110.27,201.53,,27.18
2021-01-15 22:00:00,108.36,198.26,,26.4
2021-01-15 23:00:00,108.32727272727273,198.23636363636362,,26.285454545454545
2021-01-16 00:00:00,108.29454545454546,198.21272727272728,,26.17090909090909
2021-01-16 01:00:00,108.26181818181819,198.1890909090909,,26.056363636363635
2021-01-16 02:00:00,108.22909090909091,198.16545454545454,,25.94181818181818
2021-01-16 03:00:00,108.19636363636364,198.14181818181817,,25.827272727272728
2021-01-16 04:00:00,108.16363636363636,198.11818181818182,,25.71272727272727
2021-01-16 05:00:00,108.13090909090909,198.09454545454545,,25.598181818181818
2021-01-16 06:00:00,108.09818181818181,198.07090909090908,,25.483636363636364
2021-01-16 07:00:00,108.06545454545454,198.0472727272727,,25.36909090909091
2021-01-16 08:00:00,108.03272727272727,198.02363636363637,,25.254545454545454
2021-01-16 09:00:00,108.0,198.0,,25.14
2021-01-16 10:00:00,96.5,183.10666666666665,,27.51
2021-01-16 11:00:00,85.0,168.21333333333334,,30.590000000000003
2021-01-16 12:00:00,70.47,153.32,,33.67
2021-01-16 13:00:00,69.91,130.6,,37.14
2021-01-16 14:00:00,70.0,143.93,,37.99
2021-01-16 15:00:00,62.72,138.0,,36.42
2021-01-16 16:00:00,59.27,142.68,,34.87
2021-01-16 17:00:00,65.35,147.65,,31.49
2021-01-16 18:00:00,81.49,162.0,,29.78
2021-01-16 19:00:00,104.8,196.0,,28.76
2021-01-16 20:00:00,136.92,232.27,,27.95
2021-01-16 21:00:00,161.01,265.71,,27.2
2021-01-16 22:00:00,199.4,315.6,,26.46
2021-01-16 23:00:00,205.72,336.68,,26.09
2021-01-17 00:00:00,215.96,340.78,,25.83
2021-01-17 01:00:00,213.35,348.47,,25.7
2021-01-17 02:00:00,213.91,330.8,,25.32
2021-01-17 03:00:00,182.11,273.1,,24.61
2021-01-17 04:00:00,152.61,236.43,,24.09
2021-01-17 05:00:00,146.36,211.6,,23.96
2021-01-17 06:00:00,148.72,217.44,,23.51
2021-01-17 07:00:00,149.0,225.43,,23.63
2021-01-17 08:00:00,154.45,226.0,,24.36
2021-01-17 09:00:00,166.83,250.26,,26.2
2021-01-17 10:00:00,163.46,264.27,,29.27
2021-01-17 11:00:00,160.28,254.0,,31.68
2021-01-17 12:00:00,129.12,216.78,,34.05
2021-01-17 13:00:00,108.71,197.2,,37.21
2021-01-17 14:00:00,93.35,173.6,,38.56
2021-01-17 15:00:00,95.63,166.4,,37.43
2021-01-17 16:00:00,73.29,131.47,,36.66
2021-01-17 17:00:00,53.74,111.32,,34.62
2021-01-17 18:00:00,101.14,174.4,,31.84
2021-01-17 19:00:00,84.16,160.33,,29.68
2021-01-17 20:00:00,98.32,180.4,,28.44
2021-01-17 21:00:00,115.44,201.6,,27.75
2021-01-17 22:00:00,171.22,269.86,,27.49
2021-01-17 23:00:00,136.34,229.93,,27.26
2021-01-18 00:00:00,141.99,230.67,,26.53
2021-01-18 01:00:00,130.28,199.36,,26.31
2021-01-18 02:00:00,148.04,221.27,,26.14
2021-01-18 03:00:00,123.61,174.61,,25.83
2021-01-18 04:00:00,90.17,116.87,,25.47
2021-01-18 05:00:00,151.61,195.13,,25.05
2021-01-18 06:00:00,121.6,163.97,,24.84
2021-01-18 07:00:00,101.68,144.97,,25.45
2021-01-18 08:00:00,102.72,170.02,,26.73
2021-01-18 09:00:00,86.45,155.96,,27.9
2021-01-18 10:00:00,90.45,162.47,,29.75
2021-01-18 11:00:00,78.31,166.72,,32.09
2021-01-18 12:00:00,69.73,142.73,,34.03
2021-01-18 13:00:00,62.64,140.07,,34.04
2021-01-18 14:00:00,71.99,137.4,,34.050000000000004
2021-01-18 15:00:00,39.45,83.99,,34.06
2021-01-18 16:00:00,39.63,99.6,,34.07
2021-01-18 17:00:00,49.97,128.07,,34.08
2021-01-18 18:00:00,63.74,169.0,,34.09
2021-01-18 19:00:00,69.55,188.6,,34.1
2021-01-18 20:00:00,105.42,222.67,,34.11
2021-01-18 21:00:00,132.62,215.69,,34.120000000000005
2021-01-18 22:00:00,115.92,224.31,,34.13
2021-01-18 23:00:00,80.39,154.8,,34.14
2021-01-19 00:00:00,64.28,121.67,,34.15
2021-01-19 01:00:00,74.84,158.15,,34.160000000000004
2021-01-19 02:00:00,75.09,132.07,,34.17
2021-01-19 03:00:00,87.74,139.31,,34.18
2021-01-19 04:00:00,90.82,155.82,,34.19
2021-01-19 05:00:00,97.36,152.33,,34.2
2021-01-19 06:00:00,108.9,162.33,,34.21
2021-01-19 07:00:00,124.53,206.78,,34.22
2021-01-19 08:00:00,143.08,234.14,,34.230000000000004
2021-01-19 09:00:00,115.93,188.54,,34.24
2021-01-19 10:00:00,93.98,171.97,,34.25
2021-01-19 11:00:00,88.37,157.0,,34.26
2021-01-19 12:00:00,77.12,136.46,,34.27
2021-01-19 13:00:00,63.26,126.0,,34.28
2021-01-19 14:00:00,63.82,129.67,,34.29
2021-01-19 15:00:00,48.56,131.78,,34.3
2021-01-19 16:00:00,38.83,133.89,,34.31
2021-01-19 17:00:00,57.98,136.0,,34.32
2021-01-19 18:00:00,84.53,179.0,,34.33
2021-01-19 19:00:00,109.99,220.51,,34.34
2021-01-19 20:00:00,164.78,313.26,,34.35
2021-01-19 21:00:00,185.44,337.22,,34.36
2021-01-19 22:00:00,129.67,243.87,,34.37
2021-01-19 23:00:00,99.43,161.0,,34.38
2021-01-20 00:00:00,112.41,175.89,,34.39
2021-01-20 01:00:00,94.02,167.67,,34.4
2021-01-20 02:00:00,90.18,166.07,,34.410000000000004
2021-01-20 03:00:00,116.39,181.87,,34.42
2021-01-20 04:00:00,107.19,162.47,,34.43
2021-01-20 05:00:00,108.72,165.0,,34.44
2021-01-20 06:00:00,111.7,155.72,,34.45
2021-01-20 07:00:00,105.63,168.0,,34.46
2021-01-20 08:00:00,116.79,180.13,,34.47
2021-01-20 09:00:00,158.96,165.6,,34.480000000000004
2021-01-20 10:00:00,131.97333333333333,255.48,,34.49
2021-01-20 11:00:00,104.98666666666668,232.0,,34.5
2021-01-20 12:00:00,78.0,185.33,,34.51
2021-01-20 13:00:00,52.57,147.47,,34.52
2021-01-20 14:00:00,39.1,105.8,,34.53
2021-01-20 15:00:00,22.56,89.0,,34.54
2021-01-20 16:00:00,25.54,100.13,,34.55
2021-01-20 17:00:00,34.16,99.13,,34.56
2021-01-20 18:00:00,46.79,117.67,,34.57
2021-01-20 19:00:00,64.4,172.74,,34.58
2021-01-20 20:00:00,86.89,233.11,,34.59
2021-01-20 21:00:00,128.13,270.5,,34.6
2021-01-20 22:00:00,214.81,433.53,,34.61
2021-01-20 23:00:00,201.24,401.015,,34.62
2021-01-21 00:00:00,179.2,368.5,,34.63
2021-01-21 01:00:00,141.57,274.46,,34.64
2021-01-21 02:00:00,113.52,214.8,,34.65
2021-01-21 03:00:00,102.83,204.47,,34.66
2021-01-21 04:00:00,89.28,166.67,,34.67
2021-01-21 05:00:00,95.25,153.0,,34.68
2021-01-21 06:00:00,119.62,185.67,,34.69
2021-01-21 07:00:00,160.15,241.2,,34.7
2021-01-21 08:00:00,197.5,305.67,,34.71
2021-01-21 09:00:00,181.98,273.7525,,34.72
2021-01-21 10:00:00,140.16,241.835,,34.73
2021-01-21 11:00:00,124.08,209.91750000000002,,34.74
2021-01-21 12:00:00,108.0,178.0,,34.75
2021-01-21 13:00:00,86.5,150.0,,36.3
2021-01-21 14:00:00,65.0,122.0,,37.09
2021-01-21 15:00:00,61.37,122.0,,35.94
2021-01-21 16:00:00,88.25,169.6,,34.36
2021-01-21 17:00:00,86.46,173.0,,32.56
2021-01-21 18:00:00,101.44,184.2,,30.49
2021-01-21 19:00:00,111.17,193.4,,28.92
2021-01-21 20:00:00,161.05,269.38,,27.29
2021-01-21 21:00:00,224.13,324.47,,26.35
2021-01-21 22:00:00,229.09,334.53,,25.88
2021-01-21 23:00:00,208.11,317.27,,25.43
2021-01-22 00:00:00,164.47,239.74,,25.26
2021-01-22 01:00:00,161.82,224.67,,24.73
2021-01-22 02:00:00,163.82,229.6,,24.4
2021-01-22 03:00:00,170.36,227.2,,23.75
2021-01-22 04:00:00,168.27,217.67,,22.87
2021-01-22 05:00:00,153.47,224.47,,22.41
2021-01-22 06:00:00,160.18,210.02,,22.06
2021-01-22 07:00:00,158.28,208.07,,21.52
2021-01-22 08:00:00,172.53,236.93,,22.01
2021-01-22 09:00:00,177.63,239.0,,24.22
2021-01-22 10:00:00,179.82,266.07,,27.2
2021-01-22 11:00:00,159.11,248.4,,30.59
2021-01-22 12:00:00,139.77,227.4,,34.03
2021-01-22 13:00:00,99.85,170.53,,37.68
2021-01-22 14:00:00,76.92,160.13,,38.96
2021-01-22 15:00:00,93.17,169.33,,37.7
2021-01-22 16:00:00,79.56,151.33,,36.33
2021-01-22 17:00:00,107.97,205.23,,33.9
2021-01-22 18:00:00,135.48,243.53,,31.62
2021-01-22 19:00:00,159.8,267.47,,29.92
2021-01-22 20:00:00,210.14,311.93,,28.81
2021-01-22 21:00:00,310.99,454.07,,28.0
2021-01-22 22:00:00,265.42,377.2,,27.43
2021-01-22 23:00:00,262.73,392.47,,27.02
2021-01-23 00:00:00,278.44,427.7,,26.45
2021-01-23 01:00:00,285.43,453.33,,26.1
2021-01-23 02:00:00,257.93,343.93,,25.58
2021-01-23 03:00:00,242.28,321.07,,25.32
2021-01-23 04:00:00,217.45,284.53,,24.7
2021-01-23 05:00:00,195.05,262.4,,23.88
2021-01-23 06:00:00,203.9,266.6,,23.49
2021-01-23 07:00:00,241.27,327.67,,23.45
2021-01-23 08:00:00,276.79,389.87,,24.36
2021-01-23 09:00:00,250.03,345.47,,26.14
2021-01-23 10:00:00,214.3,303.73,,28.52
2021-01-23 11:00:00,177.39,261.68,,31.49
2021-01-23 12:00:00,149.55,243.13,,33.98
2021-01-23 13:00:00,71.61,210.27,,37.95
2021-01-23 14:00:00,23.47,183.73,,39.16
2021-01-23 15:00:00,67.22,144.67,,37.6
2021-01-23 16:00:00,76.72,136.4,,36.61
2021-01-23 17:00:00,29.09,152.8,,34.7
2021-01-23 18:00:00,107.89,214.67,,32.31
2021-01-23 19:00:00,149.79,268.47,,30.42
2021-01-23 20:00:00,153.0,281.33,,29.07
2021-01-23 21:00:00,169.0,332.0,,28.69
2021-01-23 22:00:00,155.42,214.75,,27.77
2021-01-23 23:00:00,140.4,357.2,,26.68
2021-01-24 00:00:00,158.92,394.87,,25.91
2021-01-24 01:00:00,113.0,252.47,,25.74
2021-01-24 02:00:00,116.0,179.0,,24.72
2021-01-24 03:00:00,108.75,181.8,,23.69
2021-01-24 04:00:00,109.0,177.0,,23.48
2021-01-24 05:00:00,126.0,179.0,,23.19
2021-01-24 06:00:00,156.01,198.06,,22.92
2021-01-24 07:00:00,143.0,171.0,,22.2
2021-01-24 08:00:00,143.0,201.0,,23.16
2021-01-24 09:00:00,155.68,219.2,,24.26
2021-01-24 10:00:00,142.51,214.53,,28.21
2021-01-24 11:00:00,91.04,153.33,,31.46
2021-01-24 12:00:00,111.43,171.47,,34.47
2021-01-24 13:00:00,84.93,130.07,,36.48
2021-01-24 14:00:00,57.48,101.8,,37.35
2021-01-24 15:00:00,53.19,99.07,,36.41
2021-01-24 16:00:00,58.45,109.4,,34.91
2021-01-24 17:00:00,68.06,143.67,,33.01
2021-01-24 18:00:00,80.77,167.47,,30.93
2021-01-24 19:00:00,115.61,236.2,,29.02
2021-01-24 20:00:00,177.86,328.47,,27.94
2021-01-24 21:00:00,189.41,346.14,,27.1
2021-01-24 22:00:00,178.23,325.53,,27.36
2021-01-24 23:00:00,98.22,253.07,,26.86
2021-01-25 00:00:00,82.75,253.6,,25.98
2021-01-25 01:00:00,72.01,247.06,,24.95
2021-01-25 02:00:00,80.99,236.64,,23.42
2021-01-25 03:00:00,84.72,221.02,,23.12
2021-01-25 04:00:00,98.62,244.34,,22.5
2021-01-25 05:00:00,108.15,234.77,,21.96
2021-01-25 06:00:00,103.57,213.41,,22.1
2021-01-25 07:00:00,102.09,222.27,,22.02
2021-01-25 08:00:00,113.81,224.87,,22.32
2021-01-25 09:00:00,116.81,232.47,,24.07
2021-01-25 10:00:00,104.32,243.4,,25.9
2021-01-25 11:00:00,89.47,226.0,,30.61
2021-01-25 12:00:00,97.08,247.0,,33.04
2021-01-25 13:00:00,93.47,209.67,,35.84
2021-01-25 14:00:00,89.37,226.0,,37.48
2021-01-25 15:00:00,82.66,173.73,,36.39
2021-01-25 16:00:00,82.0,170.0,,36.08
2021-01-25 17:00:00,88.0,211.5,,31.32
2021-01-25 18:00:00,94.0,253.0,,29.92
2021-01-25 19:00:00,102.15,270.73,,28.39
2021-01-25 20:00:00,206.36,335.65,,27.27
2021-01-25 21:00:00,84.39,365.2,,26.18
2021-01-25 22:00:00,85.37973684210526,367.0,,25.59
2021-01-25 23:00:00,86.36947368421053,271.52,,25.55
2021-01-26 00:00:00,87.35921052631579,235.13,,24.48
2021-01-26 01:00:00,88.34894736842105,222.73,,23.79
2021-01-26 02:00:00,89.33868421052631,205.2,,23.26
2021-01-26 03:00:00,90.32842105263158,229.2,,22.92
2021-01-26 04:00:00,91.31815789473684,229.26,,22.96
2021-01-26 05:00:00,92.3078947368421,231.81,,21.96
2021-01-26 06:00:00,93.29763157894737,225.47,,21.46
2021-01-26 07:00:00,94.28736842105263,245.0,,21.34
2021-01-26 08:00:00,95.27710526315789,235.64,,21.88
2021-01-26 09:00:00,96.26684210526315,267.57,,23.94
2021-01-26 10:00:00,97.25657894736842,251.0,,26.96
2021-01-26 11:00:00,98.24631578947368,262.2,,29.94
2021-01-26 12:00:00,99.23605263157894,248.0,,32.69
2021-01-26 13:00:00,100.22578947368422,244.27,,35.75
2021-01-26 14:00:00,101.21552631578948,231.0,,37.59
2021-01-26 15:00:00,102.20526315789473,150.73,,36.01
2021-01-26 16:00:00,103.195,160.19,,33.74
2021-01-26 17:00:00,104.18473684210527,193.06,,31.36
2021-01-26 18:00:00,105.17447368421053,227.95,,29.12
2021-01-26 19:00:00,106.16421052631578,247.78,,27.55
2021-01-26 20:00:00,107.15394736842106,266.0,,26.2
2021-01-26 21:00:00,108.14368421052632,291.0,,25.89
2021-01-26 22:00:00,109.13342105263158,289.13,,25.93
2021-01-26 23:00:00,110.12315789473683,229.09,,25.38
2021-01-27 00:00:00,111.11289473684211,181.0,,24.95
2021-01-27 01:00:00,112.10263157894737,172.0,,24.16
2021-01-27 02:00:00,113.09236842105264,167.61,,23.17
2021-01-27 03:00:00,114.0821052631579,182.87,,22.59
2021-01-27 04:00:00,115.07184210526316,194.27,,21.86
2021-01-27 05:00:00,116.06157894736842,184.73,,21.78
2021-01-27 06:00:00,117.05131578947368,194.27,,21.11
2021-01-27 07:00:00,118.04105263157895,209.98,,20.76
2021-01-27 08:00:00,119.03078947368421,224.1,,21.8
2021-01-27 09:00:00,120.02052631578948,251.23,,23.33
2021-01-27 10:00:00,121.01026315789474,295.12,,26.06
2021-01-27 11:00:00,122.0,242.0,,28.99
2021-01-27 12:00:00,102.08,215.0,,33.9
2021-01-27 13:00:00,97.28,204.73,,35.88
2021-01-27 14:00:00,97.91,198.8,,36.86
2021-01-27 15:00:00,62.77,148.36,,36.0
2021-01-27 16:00:00,70.77,158.1,,34.34
2021-01-27 17:00:00,68.38,163.67,,32.36
2021-01-27 18:00:00,79.79,188.34,,29.89
2021-01-27 19:00:00,119.03,218.0,,28.21
2021-01-27 20:00:00,147.45,262.0,,26.77
2021-01-27 21:00:00,179.88,314.62,,25.88
2021-01-27 22:00:00,202.92,342.27,,25.91
2021-01-27 23:00:00,137.5,237.22,,25.11
2021-01-28 00:00:00,124.57,217.8,,24.56
2021-01-28 01:00:00,130.28,226.43,,24.09
2021-01-28 02:00:00,137.34,214.0,,23.1
2021-01-28 03:00:00,142.53,198.07,,22.14
2021-01-28 04:00:00,143.91,200.75,,21.99
2021-01-28 05:00:00,130.52,195.0,,21.69
2021-01-28 06:00:00,136.25,196.87,,21.56
2021-01-28 07:00:00,142.43,198.87,,21.06
2021-01-28 08:00:00,166.55,250.49,,21.53
2021-01-28 09:00:00,165.38,258.0,,24.55
2021-01-28 10:00:00,148.7,258.0,,25.42
2021-01-28 11:00:00,144.28,271.0,,29.86
2021-01-28 12:00:00,143.09,263.53,,32.91
2021-01-28 13:00:00,110.4,254.265,,35.64
2021-01-28 14:00:00,129.64,245.0,,38.37
2021-01-28 15:00:00,68.61,160.67,,36.76
2021-01-28 16:00:00,83.73,203.0,,34.35
2021-01-28 17:00:00,81.47,174.0,,31.4
2021-01-28 18:00:00,82.81,195.0,,29.49
2021-01-28 19:00:00,127.37,256.0,,27.2
2021-01-28 20:00:00,163.69,303.1,,26.07
2021-01-28 21:00:00,234.01,386.0,,26.58
2021-01-28 22:00:00,116.94,196.0,,26.09
2021-01-28 23:00:00,84.98,168.0,,25.58
2021-01-29 00:00:00,71.26,157.5,,24.74
2021-01-29 01:00:00,65.5,147.0,,23.9
2021-01-29 02:00:00,70.44,139.0,,23.25
2021-01-29 03:00:00,92.67,163.0,,23.03
2021-01-29 04:00:00,92.29,163.33333333333334,,22.276666666666667
2021-01-29 05:00:00,97.44,163.66666666666666,,21.523333333333333
2021-01-29 06:00:00,102.53,164.0,,20.77
2021-01-29 07:00:00,120.26,181.0,,22.134999999999998
2021-01-29 08:00:00,140.11,198.0,,23.5
2021-01-29 09:00:00,148.34,215.0,,24.865000000000002
2021-01-29 10:00:00,129.93,226.26,,26.23
2021-01-29 11:00:00,103.61,198.98,,30.42
2021-01-29 12:00:00,85.61,163.3,,33.33
2021-01-29 13:00:00,72.0,157.0,,36.97
2021-01-29 14:00:00,59.0,134.0,,37.96
2021-01-29 15:00:00,50.88,140.55,,36.6
2021-01-29 16:00:00,54.53,137.53,,35.49
2021-01-29 17:00:00,71.3,185.68,,33.09
2021-01-29 18:00:00,107.41,224.57,,30.66
2021-01-29 19:00:00,125.49,244.73,,28.96
2021-01-29 20:00:00,146.92,297.49,,27.44
2021-01-29 21:00:00,194.17,393.68,,26.76
2021-01-29 22:00:00,208.96,417.78,,26.08
2021-01-29 23:00:00,255.28,514.48,,25.23
2021-01-30 00:00:00,266.34,492.07,,24.74
2021-01-30 01:00:00,176.44,348.13,,24.48
2021-01-30 02:00:00,134.4,231.28,,23.62
2021-01-30 03:00:00,140.96,208.04,,22.59
2021-01-30 04:00:00,128.42,196.7,,22.09
2021-01-30 05:00:00,121.57,174.53,,21.91
2021-01-30 06:00:00,130.96,188.91,,21.42
2021-01-30 07:00:00,126.57,200.3,,21.23
2021-01-30 08:00:00,131.43,207.55,,21.81
2021-01-30 09:00:00,143.77,224.9,,24.36
2021-01-30 10:00:00,129.56,222.27,,28.06
2021-01-30 11:00:00,93.48,191.95,,31.76
2021-01-30 12:00:00,70.98,143.19,,34.59
2021-01-30 13:00:00,56.32,149.36,,37.5
2021-01-30 14:00:00,45.95,100.0,,38.69
2021-01-30 15:00:00,41.37,89.0,,36.93
2021-01-30 16:00:00,50.96,129.25,,35.57
2021-01-30 17:00:00,62.87,164.76,,34.17
2021-01-30 18:00:00,67.62,163.25,,31.75
2021-01-30 19:00:00,110.56,228.53,,29.78
2021-01-30 20:00:00,164.87,363.2,,27.94
2021-01-30 21:00:00,257.84,456.93,,27.4
2021-01-30 22:00:00,148.74,345.92,,26.18
2021-01-30 23:00:00,219.31,441.91,,25.35
2021-01-31 00:00:00,213.56,476.07,,24.74
2021-01-31 01:00:00,175.78,316.99,,24.21
2021-01-31 02:00:00,133.06,247.96,,23.64
2021-01-31 03:00:00,125.38,287.06,,22.65
2021-01-31 04:00:00,98.82,182.67,,21.96
2021-01-31 05:00:00,90.58,162.82,,21.84
2021-01-31 06:00:00,85.47,137.66,,21.21
2021-01-31 07:00:00,85.0,136.94,,21.15
2021-01-31 08:00:00,91.34,152.91,,22.31
2021-01-31 09:00:00,100.12,170.85,,24.93
2021-01-31 10:00:00,89.23,186.98,,28.02
2021-01-31 11:00:00,81.68,173.96,,31.17
2021-01-31 12:00:00,77.38,163.64,,34.14
2021-01-31 13:00:00,74.28,156.44,,36.41
2021-01-31 14:00:00,73.09,151.32,,37.38
2021-01-31 15:00:00,70.28,132.28,,36.89
2021-01-31 16:00:00,73.62,139.43,,35.52
2021-01-31 17:00:00,85.77,175.59,,33.77
2021-01-31 18:00:00,106.92,216.38,,31.55
2021-01-31 19:00:00,124.35,245.21,,29.57
2021-01-31 20:00:00,135.06,275.08,,28.6
2021-01-31 21:00:00,162.26,335.04,,28.68
2021-01-31 22:00:00,91.65,210.75,,27.57
2021-01-31 23:00:00,184.21,422.92,,26.69
2021-02-01 00:00:00,152.57,325.0,,26.23
2021-02-01 01:00:00,119.11,273.51,,25.84
2021-02-01 02:00:00,128.68,255.02,,25.06
2021-02-01 03:00:00,119.13,197.07,,25.0
2021-02-01 04:00:00,112.58,167.72,,24.14
2021-02-01 05:00:00,113.81,168.81,,23.72
2021-02-01 06:00:00,114.9,182.1,,23.36
2021-02-01 07:00:00,131.3,179.25,,23.44
2021-02-01 08:00:00,123.97,210.83,,24.42
2021-02-01 09:00:00,130.27,288.82,,26.48
2021-02-01 10:00:00,125.57,246.23,,30.1
2021-02-01 11:00:00,95.21,191.51,,33.56
2021-02-01 12:00:00,79.42,163.78,,36.22
2021-02-01 13:00:00,72.56,159.19,,38.7
2021-02-01 14:00:00,56.61,144.17,,39.1
2021-02-01 15:00:00,59.53,102.0,,37.48
2021-02-01 16:00:00,52.75,120.0,,36.91
2021-02-01 17:00:00,62.87,143.0,,35.6
2021-02-01 18:00:00,89.29,367.16,,33.66
2021-02-01 19:00:00,111.02,436.0,,30.67
2021-02-01 20:00:00,151.84,388.26,,30.89
2021-02-01 21:00:00,127.09,268.33,,30.83
2021-02-01 22:00:00,103.17,261.87,,29.8
2021-02-01 23:00:00,128.17,275.98,,29.2
2021-02-02 00:00:00,115.65,228.0,,28.66
2021-02-02 01:00:00,97.54,183.0,,28.32
2021-02-02 02:00:00,79.7,134.0,,27.2
2021-02-02 03:00:00,75.28,132.5,,26.2
2021-02-02 04:00:00,81.35,131.0,,25.2
2021-02-02 05:00:00,79.28,121.0,,24.71
2021-02-02 06:00:00,79.0,141.0,,24.91
2021-02-02 07:00:00,97.13,161.0,,25.11
2021-02-02 08:00:00,127.0,206.07,,25.81
2021-02-02 09:00:00,118.23,222.0,,28.99
2021-02-02 10:00:00,100.7,257.57,,32.69
2021-02-02 11:00:00,81.8,211.09,,34.98
2021-02-02 12:00:00,70.97,162.04500000000002,,37.25
2021-02-02 13:00:00,48.33,113.0,,39.52
2021-02-02 14:00:00,36.95,89.6,,39.38
2021-02-02 15:00:00,35.09,87.5,,38.74
2021-02-02 16:00:00,31.38,85.13,,37.25
2021-02-02 17:00:00,40.05,97.2,,35.75
2021-02-02 18:00:00,70.88,346.0,,32.18
2021-02-02 19:00:00,117.47,560.0,,30.41
2021-02-02 20:00:00,150.98,374.86,,29.63
2021-02-02 21:00:00,148.6,322.0,,28.62
2021-02-02 22:00:00,151.58,319.4,,28.22
2021-02-02 23:00:00,146.57,296.0,,27.2
2021-02-03 00:00:00,168.57,332.53,,26.5
2021-02-03 01:00:00,187.3,324.53,,26.07
2021-02-03 02:00:00,170.93,307.28,,25.3
2021-02-03 03:00:00,163.53,273.77,,24.07
2021-02-03 04:00:00,121.45,225.12,,23.42
2021-02-03 05:00:00,96.17,167.0,,22.98
2021-02-03 06:00:00,90.39,154.0,,22.22
2021-02-03 07:00:00,114.39,192.83,,22.08
2021-02-03 08:00:00,98.03,189.69,,23.59
2021-02-03 09:00:00,89.68,186.55,,25.1
2021-02-03 10:00:00,75.46,183.01,,29.2
2021-02-03 11:00:00,81.23,188.0,,32.54333333333333
2021-02-03 12:00:00,90.15,176.0,,35.88666666666666
2021-02-03 13:00:00,76.6,164.0,,39.23
2021-02-03 14:00:00,56.89,121.26,,39.4
2021-02-03 15:00:00,49.56,145.945,,38.699473684210524
2021-02-03 16:00:00,44.47,170.63,,37.99894736842105
2021-02-03 17:00:00,46.7,195.315,,37.298421052631575
2021-02-03 18:00:00,72.36,220.0,,36.59789473684211
2021-02-03 19:00:00,86.75,198.53,,35.89736842105263
2021-02-03 20:00:00,99.73,203.91142857142856,,35.19684210526316
2021-02-03 21:00:00,136.32,209.29285714285714,,34.496315789473684
2021-02-03 22:00:00,171.69,214.6742857142857,,33.79578947368421
2021-02-03 23:00:00,164.17,220.0557142857143,,33.095263157894735
2021-02-04 00:00:00,164.81,225.43714285714285,,32.39473684210526
2021-02-04 01:00:00,164.1,230.81857142857143,,31.69421052631579
2021-02-04 02:00:00,129.69,236.2,,30.993684210526315
2021-02-04 03:00:00,117.88,230.88571428571427,,30.29315789473684
2021-02-04 04:00:00,98.94,225.57142857142856,,29.59263157894737
2021-02-04 05:00:00,79.8,220.25714285714287,,28.892105263157895
2021-02-04 06:00:00,81.61,214.94285714285715,,28.19157894736842
2021-02-04 07:00:00,88.32,209.62857142857143,,27.491052631578945
2021-02-04 08:00:00,105.3,204.31428571428572,,26.79052631578947
2021-02-04 09:00:00,112.43,199.0,,26.09
2021-02-04 10:00:00,112.1,196.19,,28.95
2021-02-04 11:00:00,81.29,163.0,,32.62
2021-02-04 12:00:00,55.43,153.61,,35.04
2021-02-04 13:00:00,49.37,131.66,,37.2
2021-02-04 14:00:00,55.34,137.39,,38.83
2021-02-04 15:00:00,59.61,136.0,,37.16
2021-02-04 16:00:00,63.61,118.53,,36.36
2021-02-04 17:00:00,66.71,167.46,,33.89
2021-02-04 18:00:00,93.18,218.0,,31.56
2021-02-04 19:00:00,103.23,231.17,,30.14
2021-02-04 20:00:00,157.3,326.61,,28.77
2021-02-04 21:00:00,172.96,335.0,,27.94
2021-02-04 22:00:00,214.62,462.39,,28.19
2021-02-04 23:00:00,129.62,277.89,,28.1
2021-02-05 00:00:00,92.1,186.23,,27.33
2021-02-05 01:00:00,107.08,178.0,,26.3
2021-02-05 02:00:00,88.17,157.41,,25.89
2021-02-05 03:00:00,84.2,144.0,,24.49
2021-02-05 04:00:00,137.43,202.07,,24.17
2021-02-05 05:00:00,135.75,205.0,,23.58
2021-02-05 06:00:00,149.44,226.59,,23.19
2021-02-05 07:00:00,175.39,252.35,,23.17
2021-02-05 08:00:00,172.58,263.61,,23.71
2021-02-05 09:00:00,145.82,243.0,,26.36
2021-02-05 10:00:00,134.18,283.0,,28.34
2021-02-05 11:00:00,101.4,244.25,,30.5625
2021-02-05 12:00:00,88.97,205.5,,32.785
2021-02-05 13:00:00,73.985,166.75,,35.0075
2021-02-05 14:00:00,59.0,128.0,,37.23
2021-02-05 15:00:00,41.85,99.9,,36.42
2021-02-05 16:00:00,43.61,103.63,,35.07
2021-02-05 17:00:00,52.15,162.04,,33.41
2021-02-05 18:00:00,62.96,159.43,,31.59
2021-02-05 19:00:00,60.38,137.41,,29.81
2021-02-05 20:00:00,57.28,128.49,,28.61
2021-02-05 21:00:00,87.69,176.82,,27.79
2021-02-05 22:00:00,91.9,189.39,,27.14
2021-02-05 23:00:00,77.51,189.06,,26.23
2021-02-06 00:00:00,61.55,111.07,,26.32
2021-02-06 01:00:00,68.12,118.2,,25.79
2021-02-06 02:00:00,50.04,97.41,,24.81
2021-02-06 03:00:00,66.06,130.74,,24.32
2021-02-06 04:00:00,68.0,120.82,,23.44
2021-02-06 05:00:00,89.68,145.35,,22.6
2021-02-06 06:00:00,88.39,151.69,,21.87
2021-02-06 07:00:00,94.32,159.0,,21.5
2021-02-06 08:00:00,101.34,205.94,,22.0
2021-02-06 09:00:00,102.0,187.41,,24.21
2021-02-06 10:00:00,100.19,195.39,,28.32
2021-02-06 11:00:00,84.65,177.0,,31.83
2021-02-06 12:00:00,64.93,133.88,,35.15
2021-02-06 13:00:00,54.88,121.42,,36.99
2021-02-06 14:00:00,45.91,102.0,,38.16
2021-02-06 15:00:00,43.19,91.66,,36.84
2021-02-06 16:00:00,41.2,93.82,,36.28
2021-02-06 17:00:00,35.58,97.75,,35.08
2021-02-06 18:00:00,44.03,143.42,,32.61
2021-02-06 19:00:00,83.7,334.52,,30.78
2021-02-06 20:00:00,97.93,309.53,,29.88
2021-02-06 21:00:00,96.28,216.44,,29.37
2021-02-06 22:00:00,79.72,186.65,,27.49
2021-02-06 23:00:00,140.13,301.41,,26.46
2021-02-07 00:00:00,132.45,319.24,,26.09
2021-02-07 01:00:00,91.56,185.0,,25.55
2021-02-07 02:00:00,86.1,176.55,,24.85
2021-02-07 03:00:00,75.16,137.28,,24.71
2021-02-07 04:00:00,56.85,99.14,,23.7
2021-02-07 05:00:00,55.9,107.33,,22.72
2021-02-07 06:00:00,54.19,108.0,,23.3
2021-02-07 07:00:00,49.48,91.32,,22.98
2021-02-07 08:00:00,81.52,135.0,,23.9
2021-02-07 09:00:00,114.56,193.0,,26.8
2021-02-07 10:00:00,83.96,154.81,,29.84
2021-02-07 11:00:00,61.95,143.2,,32.77
2021-02-07 12:00:00,72.64,158.68,,35.47
2021-02-07 13:00:00,55.89,119.0,,37.55
2021-02-07 14:00:00,39.55,105.86,,38.19
2021-02-07 15:00:00,31.66,75.08,,38.14
2021-02-07 16:00:00,35.52,71.0,,36.52
2021-02-07 17:00:00,40.52,86.96,,35.13
2021-02-07 18:00:00,59.97,182.0,,32.88
2021-02-07 19:00:00,89.17,216.06,,31.6
2021-02-07 20:00:00,79.35,190.95,,29.88
2021-02-07 21:00:00,99.68,260.0,,28.89
2021-02-07 22:00:00,85.74,201.0,,27.6
2021-02-07 23:00:00,89.42,230.14,,26.56
2021-02-08 00:00:00,95.38,202.17,,26.23
2021-02-08 01:00:00,83.36,165.26,,25.48
2021-02-08 02:00:00,76.58,145.14,,24.52
2021-02-08 03:00:00,60.65,123.32,,23.88
2021-02-08 04:00:00,63.825,131.37,,23.47
2021-02-08 05:00:00,67.0,118.75,,23.09
2021-02-08 06:00:00,80.5,120.48,,22.31
2021-02-08 07:00:00,82.0,122.21,,22.38
2021-02-08 08:00:00,95.45,123.94,,23.15
2021-02-08 09:00:00,99.71,125.67,,27.3
2021-02-08 10:00:00,63.21,127.4,,30.759999999999998
2021-02-08 11:00:00,55.39,129.13,,34.22
2021-02-08 12:00:00,49.61,130.86,,36.21
2021-02-08 13:00:00,39.97,132.59,,37.29
2021-02-08 14:00:00,31.77,134.32,,38.2
2021-02-08 15:00:00,33.71,136.05,,37.28
2021-02-08 16:00:00,31.29,137.78,,36.68
2021-02-08 17:00:00,35.44,139.51,,35.39
2021-02-08 18:00:00,53.15,141.24,,32.52
2021-02-08 19:00:00,85.69,142.97,,30.8
2021-02-08 20:00:00,86.29,144.7,,29.45
2021-02-08 21:00:00,82.39,146.43,,28.73
2021-02-08 22:00:00,61.23,148.16,,27.7
2021-02-08 23:00:00,60.81,149.89,,26.39
2021-02-09 00:00:00,79.06,151.62,,25.24
2021-02-09 01:00:00,71.07,153.35,,25.0
2021-02-09 02:00:00,77.22,155.07999999999998,,23.84
2021-02-09 03:00:00,97.86,156.81,,22.5
2021-02-09 04:00:00,112.64,158.54,,22.17
2021-02-09 05:00:00,95.93,160.26999999999998,,21.4
2021-02-09 06:00:00,94.0,162.0,,21.03
2021-02-09 07:00:00,88.58,136.65,,20.51
2021-02-09 08:00:00,110.57,170.68,,21.85
2021-02-09 09:00:00,130.15,361.0,,26.12
2021-02-09 10:00:00,88.67,197.0,,31.96
2021-02-09 11:00:00,64.14,161.32,,35.25
2021-02-09 12:00:00,48.46,131.79,,37.51
2021-02-09 13:00:00,38.87,98.86,,39.53
2021-02-09 14:00:00,27.17,75.41,,40.17
2021-02-09 15:00:00,27.82,69.0,,38.62
2021-02-09 16:00:00,24.39,67.12,,37.46
2021-02-09 17:00:00,33.93,88.94,,35.5
2021-02-09 18:00:00,74.72,206.55,,32.44
2021-02-09 19:00:00,98.86,220.0,,30.13
2021-02-09 20:00:00,130.81,272.58,,28.79
2021-02-09 21:00:00,160.66,336.25,,27.75
2021-02-09 22:00:00,185.32999999999998,447.22,,26.84
2021-02-09 23:00:00,210.0,460.57,,26.3
2021-02-10 00:00:00,137.73,285.22,,25.52
2021-02-10 01:00:00,156.1,335.03,,24.54
2021-02-10 02:00:00,121.98,246.6,,24.04
2021-02-10 03:00:00,122.99000000000001,201.14,,22.69
2021-02-10 04:00:00,124.0,206.52,,22.1
2021-02-10 05:00:00,128.51,179.85,,21.42
2021-02-10 06:00:00,124.09166666666665,217.0,,21.05
2021-02-10 07:00:00,119.67333333333333,193.42,,20.89
2021-02-10 08:00:00,115.255,206.72,,21.94
2021-02-10 09:00:00,110.83666666666666,239.05,,24.92
2021-02-10 10:00:00,106.41833333333332,223.025,,29.025000000000002
2021-02-10 11:00:00,102.0,207.0,,33.13
2021-02-10 12:00:00,74.02,176.75,,34.8425
2021-02-10 13:00:00,55.64,146.5,,36.555
2021-02-10 14:00:00,44.86,116.25,,38.2675
2021-02-10 15:00:00,28.64,86.0,,39.98
2021-02-10 16:00:00,35.1,89.0,,37.57
2021-02-10 17:00:00,52.2,120.6,,35.08
2021-02-10 18:00:00,75.67,181.33,,31.79
2021-02-10 19:00:00,104.18,193.45,,29.72
2021-02-10 20:00:00,129.58,235.43,,28.32
2021-02-10 21:00:00,179.85,315.08,,27.18
2021-02-10 22:00:00,211.18,379.15,,26.73
2021-02-10 23:00:00,260.04,504.0,,26.04
2021-02-11 00:00:00,243.33,441.02,,25.4
2021-02-11 01:00:00,237.39,454.6,,24.71
2021-02-11 02:00:00,227.1,378.84,,24.36
2021-02-11 03:00:00,207.94,315.62,,23.43
2021-02-11 04:00:00,186.13,279.1,,22.54
2021-02-11 05:00:00,188.51,236.0,,21.86
2021-02-11 06:00:00,160.11,211.56,,21.53
2021-02-11 07:00:00,137.14,206.25,,21.73
2021-02-11 08:00:00,137.7,212.59,,22.52
2021-02-11 09:00:00,138.0,224.3,,24.8
2021-02-11 10:00:00,119.94,215.93,,26.76
2021-02-11 11:00:00,115.28,219.14,,30.89
2021-02-11 12:00:00,91.53,174.36,,34.223333333333336
2021-02-11 13:00:00,68.23,142.48,,37.556666666666665
2021-02-11 14:00:00,58.78,141.63,,40.89
2021-02-11 15:00:00,48.97,144.0,,39.12
2021-02-11 16:00:00,52.5,121.47,,37.87
2021-02-11 17:00:00,51.19,111.55,,36.23
2021-02-11 18:00:00,88.92,204.28,,33.47
2021-02-11 19:00:00,129.9,259.38,,30.93
2021-02-11 20:00:00,167.3,320.0,,29.12
2021-02-11 21:00:00,183.64,398.16,,28.49
2021-02-11 22:00:00,202.15,487.0,,27.75
2021-02-11 23:00:00,232.89,513.29,,27.23
2021-02-12 00:00:00,219.75,455.31,,26.26
2021-02-12 01:00:00,199.93,381.28,,25.7
2021-02-12 02:00:00,205.22,365.7,,25.39
2021-02-12 03:00:00,164.47,286.0,,24.55
2021-02-12 04:00:00,146.73,253.26,,23.98
2021-02-12 05:00:00,146.81,232.16,,23.31
2021-02-12 06:00:00,136.17,235.28,,22.88
2021-02-12 07:00:00,133.19,221.9,,22.57
2021-02-12 08:00:00,148.36,250.1,,23.74
2021-02-12 09:00:00,134.65,233.2,,26.2
2021-02-12 10:00:00,145.83,270.38,,28.35
2021-02-12 11:00:00,122.55333333333334,242.25333333333333,,32.365
2021-02-12 12:00:00,99.27666666666667,214.12666666666667,,36.38
2021-02-12 13:00:00,76.0,186.0,,38.7
2021-02-12 14:00:00,76.9,169.1,,40.39
2021-02-12 15:00:00,69.78,167.06,,39.3
2021-02-12 16:00:00,64.5,138.91,,36.38
2021-02-12 17:00:00,85.67,222.57,,33.73
2021-02-12 18:00:00,91.61,201.71,,31.7
2021-02-12 19:00:00,107.3,227.23,,29.89
2021-02-12 20:00:00,110.8,224.31,,28.95
2021-02-12 21:00:00,136.2,252.155,,28.28333333333333
2021-02-12 22:00:00,150.74,280.0,,27.616666666666667
2021-02-12 23:00:00,142.97,257.47,,26.95
2021-02-13 00:00:00,153.7,258.82,,25.96
2021-02-13 01:00:00,177.57,282.47,,25.55
2021-02-13 02:00:00,155.7,255.83,,25.1
2021-02-13 03:00:00,164.61,257.5,,24.43
2021-02-13 04:00:00,153.36,219.39,,23.85
2021-02-13 05:00:00,150.2,248.07,,23.1
2021-02-13 06:00:00,160.83,283.9,,22.29
2021-02-13 07:00:00,156.58,227.0,,22.09
2021-02-13 08:00:00,157.81,244.84,,23.03
2021-02-13 09:00:00,148.83,237.59,,25.45
2021-02-13 10:00:00,157.03,272.68,,28.69
2021-02-13 11:00:00,151.7,276.88,,32.2
2021-02-13 12:00:00,120.31,217.31,,35.17
2021-02-13 13:00:00,92.62,183.38,,38.42
2021-02-13 14:00:00,80.97,171.55,,39.69
2021-02-13 15:00:00,77.29,158.8,,38.35
2021-02-13 16:00:00,69.78,175.84,,35.04
2021-02-13 17:00:00,61.78,189.2,,33.2
2021-02-13 18:00:00,68.22,167.47,,31.18
2021-02-13 19:00:00,84.36,176.36,,29.76
2021-02-13 20:00:00,90.52,201.44,,28.71
2021-02-13 21:00:00,93.7,187.02,,27.99
2021-02-13 22:00:00,105.7,191.65,,27.42
2021-02-13 23:00:00,109.71,229.67,,26.99
2021-02-14 00:00:00,108.2,205.71,,26.66
2021-02-14 01:00:00,117.93,195.55,,26.27
2021-02-14 02:00:00,137.96,216.59,,25.72
2021-02-14 03:00:00,123.75,196.38,,24.82
2021-02-14 04:00:00,114.78,185.61,,24.48
2021-02-14 05:00:00,121.2,179.7,,24.29
2021-02-14 06:00:00,140.9,227.28,,23.85
2021-02-14 07:00:00,145.71,234.0,,23.15
2021-02-14 08:00:00,145.1,215.17,,23.55
2021-02-14 09:00:00,153.1,228.08,,25.6
2021-02-14 10:00:00,146.75,245.95,,29.41
2021-02-14 11:00:00,118.92,214.14,,32.25
2021-02-14 12:00:00,95.3,189.44,,35.09
2021-02-14 13:00:00,96.64,180.5,,37.74
2021-02-14 14:00:00,91.58,176.0,,39.61
2021-02-14 15:00:00,82.87,176.0,,38.35
2021-02-14 16:00:00,79.29,194.83,,35.43
2021-02-14 17:00:00,71.8,171.42,,33.79
2021-02-14 18:00:00,79.13,173.65,,31.63
2021-02-14 19:00:00,83.6,193.0,,29.56
2021-02-14 20:00:00,112.8,222.0,,28.85
2021-02-14 21:00:00,141.28,260.87,,28.09
2021-02-14 22:00:00,117.9,216.18,,27.55
2021-02-14 23:00:00,137.57,239.29,,26.93
2021-02-15 00:00:00,142.7,250.44,,26.42
2021-02-15 01:00:00,143.0,245.36,,26.11
2021-02-15 02:00:00,145.7,245.94,,25.59
2021-02-15 03:00:00,125.22,226.69,,25.05
2021-02-15 04:00:00,71.7,129.49,,24.48
2021-02-15 05:00:00,98.52,154.1,,24.32
2021-02-15 06:00:00,122.95,186.23,,24.06
2021-02-15 07:00:00,120.5,203.13,,24.27
2021-02-15 08:00:00,124.5,200.22,,24.71
2021-02-15 09:00:00,133.06,215.94,,26.67
2021-02-15 10:00:00,141.23,244.12,,29.56
2021-02-15 11:00:00,98.64,183.0,,32.04
2021-02-15 12:00:00,85.88,190.0,,35.03
2021-02-15 13:00:00,84.1,198.47,,36.72
2021-02-15 14:00:00,79.52,176.5,,37.61
2021-02-15 15:00:00,76.29,165.58,,36.75
2021-02-15 16:00:00,70.58,160.0,,34.62
2021-02-15 17:00:00,64.58,155.0,,31.8
2021-02-15 18:00:00,94.46,200.0,,30.53
2021-02-15 19:00:00,103.42,203.0,,28.96
2021-02-15 20:00:00,110.3,219.01,,28.27
2021-02-15 21:00:00,117.3,231.49,,27.52
2021-02-15 22:00:00,111.68,213.26,,26.91
2021-02-15 23:00:00,110.1,194.0,,26.36
2021-02-16 00:00:00,102.83,188.0,,25.55
2021-02-16 01:00:00,110.1,196.47,,25.32
2021-02-16 02:00:00,103.8,168.75,,24.96
2021-02-16 03:00:00,104.8,176.42,,24.75
2021-02-16 04:00:00,103.2,224.08,,24.36
2021-02-16 05:00:00,84.1,131.0,,24.42
2021-02-16 06:00:00,86.5,140.42,,24.14
2021-02-16 07:00:00,105.96,151.0,,23.75
2021-02-16 08:00:00,128.78,191.56,,24.37
2021-02-16 09:00:00,133.7,216.6,,26.03
2021-02-16 10:00:00,117.8,179.8,,28.759999999999998
2021-02-16 11:00:00,78.2,143.0,,31.49
2021-02-16 12:00:00,59.6,132.4,,33.88
2021-02-16 13:00:00,85.08,160.15,,35.73
2021-02-16 14:00:00,60.9,141.18,,36.8
2021-02-16 15:00:00,61.6,139.445,,34.94
2021-02-16 16:00:00,56.53,137.71,,33.08
2021-02-16 17:00:00,53.3,135.97500000000002,,31.22
2021-02-16 18:00:00,53.0,134.24,,29.36
2021-02-16 19:00:00,62.03,136.83,,28.18
2021-02-16 20:00:00,66.6,139.0,,27.61
2021-02-16 21:00:00,78.73,141.0,,27.2
2021-02-16 22:00:00,88.1,145.7,,26.82
2021-02-16 23:00:00,101.6,165.74,,26.38
2021-02-17 00:00:00,121.0,184.84,,25.86
2021-02-17 01:00:00,117.6,192.59,,25.66
2021-02-17 02:00:00,101.7,147.95,,25.29
2021-02-17 03:00:00,83.75,128.82,,25.19
2021-02-17 04:00:00,74.78,111.05,,24.93
2021-02-17 05:00:00,77.61,122.24,,24.62
2021-02-17 06:00:00,74.39,125.83,,24.02
2021-02-17 07:00:00,110.0,186.16,,24.05
2021-02-17 08:00:00,106.8,206.98,,25.02
2021-02-17 09:00:00,102.39,174.1,,26.68
2021-02-17 10:00:00,93.0,188.0,,28.6
2021-02-17 11:00:00,81.2,141.0,,31.3
2021-02-17 12:00:00,88.1,170.14,,34.4
2021-02-17 13:00:00,74.72,153.28,,36.64
2021-02-17 14:00:00,65.8,137.87,,37.6
2021-02-17 15:00:00,63.2,129.42,,35.96
2021-02-17 16:00:00,55.8,139.6,,34.04
2021-02-17 17:00:00,58.6,136.29,,32.18
2021-02-17 18:00:00,77.9,155.74,,30.61
2021-02-17 19:00:00,114.2,205.03,,29.53
2021-02-17 20:00:00,81.1,218.0,,28.96
2021-02-17 21:00:00,116.6,207.0,,28.68
2021-02-17 22:00:00,125.5,206.06,,28.44
2021-02-17 23:00:00,144.0,252.06,,27.84
2021-02-18 00:00:00,164.96,296.43,,27.35
2021-02-18 01:00:00,183.2,313.13,,27.02
2021-02-18 02:00:00,178.7,316.88,,26.64
2021-02-18 03:00:00,160.9,269.0,,26.0
2021-02-18 04:00:00,150.0,233.22,,25.94
2021-02-18 05:00:00,142.7,213.26,,25.66
2021-02-18 06:00:00,152.77,215.71,,25.01
2021-02-18 07:00:00,155.8,235.78,,24.83
2021-02-18 08:00:00,157.8,231.35,,25.93
2021-02-18 09:00:00,167.0,290.32,,27.84
2021-02-18 10:00:00,140.01,267.5,,30.41
2021-02-18 11:00:00,101.0,186.0,,34.01
2021-02-18 12:00:00,83.5,176.0,,36.42
2021-02-18 13:00:00,70.27,144.93,,38.09
2021-02-18 14:00:00,56.4,117.38,,39.41
2021-02-18 15:00:00,62.25,117.0,,37.91
2021-02-18 16:00:00,90.125,178.0,,35.99
2021-02-18 17:00:00,118.0,239.0,,34.39
2021-02-18 18:00:00,117.1,237.12,,32.88
2021-02-18 19:00:00,98.1,196.44,,31.79
2021-02-18 20:00:00,60.0,347.49,,28.09
2021-02-18 21:00:00,56.9,181.85,,27.68
2021-02-18 22:00:00,58.8,116.38,,25.17
2021-02-18 23:00:00,53.6,82.87,,24.96
2021-02-19 00:00:00,65.6,104.54,,25.48
2021-02-19 01:00:00,36.4,76.81,,25.31
2021-02-19 02:00:00,32.1,53.34,,25.04
2021-02-19 03:00:00,28.4,49.17,,24.63
2021-02-19 04:00:00,36.1,50.88,,24.3
2021-02-19 05:00:00,35.2,55.71,,24.27
2021-02-19 06:00:00,43.1,75.83,,24.14
2021-02-19 07:00:00,50.3,85.47,,23.9
2021-02-19 08:00:00,58.2,102.9,,25.51
2021-02-19 09:00:00,61.7,102.12,,28.19
2021-02-19 10:00:00,51.2,114.24,,30.84
2021-02-19 11:00:00,43.68,104.4,,33.28
2021-02-19 12:00:00,42.1,83.22,,35.45
2021-02-19 13:00:00,30.3,77.59,,36.82
2021-02-19 14:00:00,35.28,75.12,,36.87
2021-02-19 15:00:00,35.1,67.47,,36.05
2021-02-19 16:00:00,36.8,79.24,,35.63
2021-02-19 17:00:00,41.5,80.94,,35.03
2021-02-19 18:00:00,53.7,106.42,,32.59
2021-02-19 19:00:00,80.2,171.09,,31.61
2021-02-19 20:00:00,127.1,253.16,,30.84
2021-02-19 21:00:00,96.9,184.33,,30.27
2021-02-19 22:00:00,73.14,151.75,,29.2
2021-02-19 23:00:00,73.7,176.37,,28.43
2021-02-20 00:00:00,74.9,168.58,,27.47
2021-02-20 01:00:00,57.0,121.78,,26.8
2021-02-20 02:00:00,52.29,110.53,,26.18
2021-02-20 03:00:00,57.4,110.94,,25.44
2021-02-20 04:00:00,56.2,89.34,,24.66
2021-02-20 05:00:00,56.0,81.4,,24.17
2021-02-20 06:00:00,54.18,86.62,,23.94
2021-02-20 07:00:00,64.8,100.18,,23.67
2021-02-20 08:00:00,72.3,111.38,,24.82
2021-02-20 09:00:00,69.4,131.78,,27.79
2021-02-20 10:00:00,63.6,138.3,,30.95
2021-02-20 11:00:00,40.5,123.93,,33.62
2021-02-20 12:00:00,30.82,78.61,,35.87
2021-02-20 13:00:00,30.91,77.88,,36.94
2021-02-20 14:00:00,32.8,82.72,,36.77
2021-02-20 15:00:00,33.9,71.7,,36.73
2021-02-20 16:00:00,39.4,64.81,,36.37
2021-02-20 17:00:00,36.43,73.42,,35.22
2021-02-20 18:00:00,56.7,97.0,,33.43
2021-02-20 19:00:00,63.5,123.5,,32.31
2021-02-20 20:00:00,69.4,151.0,,30.56
2021-02-20 21:00:00,80.8,191.63,,29.53
2021-02-20 22:00:00,86.5,209.26,,28.73
2021-02-20 23:00:00,66.97,165.0,,28.08
2021-02-21 00:00:00,89.21,212.0,,26.85
2021-02-21 01:00:00,90.2,205.0,,26.93
2021-02-21 02:00:00,72.96,135.67,,26.61
2021-02-21 03:00:00,71.0,121.35,,25.32
2021-02-21 04:00:00,80.9,145.0,,24.86
2021-02-21 05:00:00,82.0,131.0,,24.83
2021-02-21 06:00:00,78.4,126.0,,24.83
2021-02-21 07:00:00,89.7,167.91,,24.83
2021-02-21 08:00:00,91.9,161.47,,26.08
2021-02-21 09:00:00,82.1,149.0,,30.19
2021-02-21 10:00:00,95.28,178.0,,33.32
2021-02-21 11:00:00,64.6,140.0,,36.09
2021-02-21 12:00:00,45.7,97.0,,37.65
2021-02-21 13:00:00,42.2,82.0,,39.58
2021-02-21 14:00:00,44.7,77.0,,38.69
2021-02-21 15:00:00,43.2,72.0,,37.51
2021-02-21 16:00:00,31.39,69.0,,37.37
2021-02-21 17:00:00,48.0,84.0,,36.53
2021-02-21 18:00:00,75.2,164.0,,33.19
2021-02-21 19:00:00,92.4,195.33333333333334,,32.57
2021-02-21 20:00:00,95.8,226.66666666666666,,31.95
2021-02-21 21:00:00,109.5,258.0,,30.27
2021-02-21 22:00:00,216.3,454.84,,29.66
2021-02-21 23:00:00,204.6,493.0,,28.94
2021-02-22 00:00:00,136.5,347.0,,28.275
2021-02-22 01:00:00,111.0,201.0,,27.61
2021-02-22 02:00:00,101.86,180.0,,27.5
2021-02-22 03:00:00,136.1,144.0,,26.92
2021-02-22 04:00:00,81.5,144.88,,26.63
2021-02-22 05:00:00,88.66,144.0,,26.21
2021-02-22 06:00:00,91.8,145.78,,25.79
2021-02-22 07:00:00,106.4,154.83,,25.73
2021-02-22 08:00:00,101.72,172.91500000000002,,28.125
2021-02-22 09:00:00,101.91,191.0,,30.52
2021-02-22 10:00:00,82.26,161.81,,33.76
2021-02-22 11:00:00,61.1,147.0,,36.46
2021-02-22 12:00:00,50.9,130.94,,38.41
2021-02-22 13:00:00,37.4,89.58,,40.07
2021-02-22 14:00:00,34.2,67.5,,40.06
2021-02-22 15:00:00,25.93,63.45,,39.91
2021-02-22 16:00:00,32.45,65.0,,37.989999999999995
2021-02-22 17:00:00,54.68,116.86,,36.07
2021-02-22 18:00:00,59.67,168.72,,34.15
2021-02-22 19:00:00,64.5,161.57,,32.97
2021-02-22 20:00:00,70.4,145.0,,32.37
2021-02-22 21:00:00,65.69,131.75,,31.9
2021-02-22 22:00:00,81.2,171.0,,30.9
2021-02-22 23:00:00,84.8,170.12,,30.25
2021-02-23 00:00:00,95.76,169.12,,29.55
2021-02-23 01:00:00,98.8,185.01,,28.63
2021-02-23 02:00:00,112.46,215.19,,28.11
2021-02-23 03:00:00,124.76,211.68,,28.02
2021-02-23 04:00:00,98.2,189.66,,27.33
2021-02-23 05:00:00,104.0,167.64,,26.64
2021-02-23 06:00:00,96.0,173.0,,25.88
2021-02-23 07:00:00,111.2,173.0,,25.72
2021-02-23 08:00:00,98.6,162.36,,26.95
2021-02-23 09:00:00,112.12,217.0,,30.73
2021-02-23 10:00:00,100.5,212.8125,,33.025
2021-02-23 11:00:00,110.61,208.625,,35.32
2021-02-23 12:00:00,101.39,204.4375,,37.614999999999995
2021-02-23 13:00:00,91.0,200.25,,39.91
2021-02-23 14:00:00,67.68,160.625,,39.805
2021-02-23 15:00:00,60.0,121.0,,39.7
2021-02-23 16:00:00,60.0,121.0,,39.28
2021-02-23 17:00:00,73.5,157.5,,36.92
2021-02-23 18:00:00,87.0,194.0,,34.83
2021-02-23 19:00:00,111.0,222.0,,33.12
2021-02-23 20:00:00,111.9,220.11,,32.74
2021-02-23 21:00:00,90.47,160.68,,31.53
2021-02-23 22:00:00,134.66,267.37,,30.74
2021-02-23 23:00:00,169.61,346.0,,29.93
2021-02-24 00:00:00,197.22,421.33,,29.46
2021-02-24 01:00:00,181.1,282.44,,28.49
2021-02-24 02:00:00,175.41,260.75,,28.2
2021-02-24 03:00:00,149.72,276.0,,27.43
2021-02-24 04:00:00,118.29,189.17,,26.74
2021-02-24 05:00:00,111.39,170.78,,26.56
2021-02-24 06:00:00,106.5,157.72,,25.85
2021-02-24 07:00:00,110.48,211.78,,25.63
2021-02-24 08:00:00,122.7,197.0,,27.08
2021-02-24 09:00:00,115.0,203.61,,29.73
2021-02-24 10:00:00,121.2,216.24,,33.35
2021-02-24 11:00:00,95.9,224.56,,36.41
2021-02-24 12:00:00,69.6,166.44,,39.22
2021-02-24 13:00:00,57.13,151.7,,41.08
2021-02-24 14:00:00,57.8,128.36,,41.5
2021-02-24 15:00:00,56.82,120.1,,41.03
2021-02-24 16:00:00,72.41,162.55,,39.28
2021-02-24 17:00:00,88.0,205.0,,37.26
2021-02-24 18:00:00,97.9,216.3,,35.34
2021-02-24 19:00:00,144.9,248.07,,33.39
2021-02-24 20:00:00,197.7,462.18,,32.94
2021-02-24 21:00:00,130.32,273.43,,31.84
2021-02-24 22:00:00,112.13,292.13,,31.27
2021-02-24 23:00:00,93.0,222.22,,31.09
2021-02-25 00:00:00,73.06,141.72,,30.13
2021-02-25 01:00:00,79.12,162.5,,29.02
2021-02-25 02:00:00,88.08,191.0,,28.3
2021-02-25 03:00:00,115.1,238.22,,27.77
2021-02-25 04:00:00,114.41,227.78,,27.45
2021-02-25 05:00:00,128.36,207.19,,26.73
2021-02-25 06:00:00,128.2,192.78,,26.21
2021-02-25 07:00:00,135.2,213.72,,26.04
2021-02-25 08:00:00,211.37,343.44,,27.98
2021-02-25 09:00:00,179.5,352.89,,30.41
2021-02-25 10:00:00,117.58,209.44,,33.34
2021-02-25 11:00:00,93.06,201.0,,36.24
2021-02-25 12:00:00,83.82,175.43,,39.38
2021-02-25 13:00:00,84.8,162.67,,41.34
2021-02-25 14:00:00,57.19,126.53,,41.56
2021-02-25 15:00:00,58.5,126.0,,38.68
2021-02-25 16:00:00,82.33,193.06,,38.19
2021-02-25 17:00:00,79.62,194.17,,37.08
2021-02-25 18:00:00,87.0,344.0,,35.39
2021-02-25 19:00:00,63.67,184.39,,34.05
2021-02-25 20:00:00,64.59,138.17,,32.96
2021-02-25 21:00:00,59.62,128.47,,31.93
2021-02-25 22:00:00,70.66,123.28,,30.77
2021-02-25 23:00:00,84.6,209.89,,29.9
2021-02-26 00:00:00,99.42,235.78,,29.2
2021-02-26 01:00:00,95.55166666666666,212.0,,28.33
2021-02-26 02:00:00,91.68333333333334,206.33,,27.61
2021-02-26 03:00:00,87.815,243.67,,26.89
2021-02-26 04:00:00,83.94666666666667,187.44,,26.17
2021-02-26 05:00:00,80.07833333333333,148.0,,25.66
2021-02-26 06:00:00,76.21000000000001,175.33,,25.4
2021-02-26 07:00:00,72.34166666666667,171.775,,27.479999999999997
2021-02-26 08:00:00,68.47333333333333,168.22,,29.56
2021-02-26 09:00:00,64.60499999999999,164.66500000000002,,31.639999999999997
2021-02-26 10:00:00,60.736666666666665,161.11,,33.72
2021-02-26 11:00:00,56.86833333333333,157.555,,35.8
2021-02-26 12:00:00,53.0,154.0,,38.28
2021-02-26 13:00:00,21.2,97.33,,40.25
2021-02-26 14:00:00,69.49,95.56,,40.47
2021-02-26 15:00:00,78.0,80.0,,39.58
2021-02-26 16:00:00,79.78,85.64,,38.81
2021-02-26 17:00:00,81.8,137.0,,36.76
2021-02-26 18:00:00,145.56,155.56,,34.79
2021-02-26 19:00:00,125.28,184.28,,32.97
2021-02-26 20:00:00,105.0,213.0,,31.61
2021-02-26 21:00:00,160.63,235.67,,30.25
2021-02-26 22:00:00,98.81,227.56,,29.17
2021-02-26 23:00:00,37.41,210.0,,28.42
2021-02-27 00:00:00,37.248124999999995,183.5,,28.02
2021-02-27 01:00:00,37.08625,146.11,,27.23
2021-02-27 02:00:00,36.924375,119.44,,26.35
2021-02-27 03:00:00,36.762499999999996,157.0,,25.83
2021-02-27 04:00:00,36.600625,155.68333333333334,,25.299999999999997
2021-02-27 05:00:00,36.43875,154.36666666666667,,24.77
2021-02-27 06:00:00,36.276875,153.05,,24.24
2021-02-27 07:00:00,36.114999999999995,180.525,,24.27
2021-02-27 08:00:00,35.953125,208.0,,24.3
2021-02-27 09:00:00,35.79125,199.0,,27.58
2021-02-27 10:00:00,35.629374999999996,177.28,,31.54
2021-02-27 11:00:00,35.4675,159.94,,35.37
2021-02-27 12:00:00,35.305625,167.5,,39.23
2021-02-27 13:00:00,35.14375,161.39,,41.54
2021-02-27 14:00:00,34.981875,100.63,,42.21
2021-02-27 15:00:00,34.82,87.59,,40.13
2021-02-27 16:00:00,14.62,155.0,,38.67
2021-02-27 17:00:00,80.21000000000001,161.0,,37.65
2021-02-27 18:00:00,145.8,191.19,,36.4
2021-02-27 19:00:00,144.609756097561,159.94,,34.64
2021-02-27 20:00:00,143.41951219512197,199.65,,33.35
2021-02-27 21:00:00,142.22926829268295,181.25,,32.68
2021-02-27 22:00:00,141.03902439024392,172.0,,32.48
2021-02-27 23:00:00,139.8487804878049,145.56,,31.46
2021-02-28 00:00:00,138.65853658536585,177.13,,30.92
2021-02-28 01:00:00,137.46829268292683,169.58,,29.45
2021-02-28 02:00:00,136.2780487804878,252.0,,28.05
2021-02-28 03:00:00,135.0878048780488,242.0,,27.39
2021-02-28 04:00:00,133.89756097560976,242.0,,27.05
2021-02-28 05:00:00,132.70731707317074,190.0,,26.36
2021-02-28 06:00:00,131.51707317073172,221.17,,25.69
2021-02-28 07:00:00,130.3268292682927,236.33,,25.95
2021-02-28 08:00:00,129.13658536585368,202.11,,27.04
2021-02-28 09:00:00,127.94634146341464,215.15,,30.28
2021-02-28 10:00:00,126.75609756097562,197.07,,33.67
2021-02-28 11:00:00,125.5658536585366,175.17,,37.25
2021-02-28 12:00:00,124.37560975609756,136.67,,40.73
2021-02-28 13:00:00,123.18536585365854,96.16,,43.5
2021-02-28 14:00:00,121.99512195121952,95.89,,42.26
2021-02-28 15:00:00,120.8048780487805,73.4,,41.019999999999996
2021-02-28 16:00:00,119.61463414634147,142.0,,39.78
2021-02-28 17:00:00,118.42439024390245,162.44,,38.54
2021-02-28 18:00:00,117.23414634146343,147.06,,36.86
2021-02-28 19:00:00,116.0439024390244,165.0,,35.03
2021-02-28 20:00:00,114.85365853658537,182.05,,33.85
2021-02-28 21:00:00,113.66341463414635,206.25,,32.92
2021-02-28 22:00:00,112.47317073170733,225.1,,32.92
2021-02-28 23:00:00,111.28292682926829,129.44,,32.92
2021-03-01 00:00:00,110.09268292682927,107.85,,32.92
2021-03-01 01:00:00,108.90243902439025,102.28,,32.92
2021-03-01 02:00:00,107.71219512195123,100.11,,32.92
2021-03-01 03:00:00,106.5219512195122,99.0,,32.92
2021-03-01 04:00:00,105.33170731707318,128.35,,32.92
2021-03-01 05:00:00,104.14146341463416,145.11,,32.92
2021-03-01 06:00:00,102.95121951219512,161.17,,32.92
2021-03-01 07:00:00,101.7609756097561,186.0,,32.92
2021-03-01 08:00:00,100.57073170731708,198.31,,32.92
2021-03-01 09:00:00,99.38048780487804,212.0,,32.92
2021-03-01 10:00:00,98.19024390243902,212.0,,32.92
2021-03-01 11:00:00,97.0,220.03,,32.92
2021-03-01 12:00:00,69.19,137.0,,32.92
2021-03-01 13:00:00,43.23,106.91,,32.92
2021-03-01 14:00:00,33.83,100.0,,32.92
2021-03-01 15:00:00,24.96,78.0,,32.92
2021-03-01 16:00:00,80.11,96.0,,32.92
2021-03-01 17:00:00,35.42,156.0,,32.92
2021-03-01 18:00:00,37.56333333333333,216.0,,32.92
2021-03-01 19:00:00,39.70666666666667,211.25,,32.92
2021-03-01 20:00:00,41.85,206.5,,32.92
2021-03-01 21:00:00,43.99333333333333,201.75,,32.92
2021-03-01 22:00:00,46.13666666666667,197.0,,32.92
2021-03-01 23:00:00,48.28,181.0,,32.92
2021-03-02 00:00:00,50.42333333333333,165.0,,32.92
2021-03-02 01:00:00,52.56666666666666,149.0,,32.92
2021-03-02 02:00:00,54.71,133.0,,32.92
2021-03-02 03:00:00,56.85333333333333,129.0,,32.92
2021-03-02 04:00:00,58.99666666666667,169.0,,32.92
2021-03-02 05:00:00,61.14,185.8,,32.92
2021-03-02 06:00:00,63.28333333333333,202.6,,32.92
2021-03-02 07:00:00,65.42666666666666,219.4,,32.92
2021-03-02 08:00:00,67.57,236.2,,32.92
2021-03-02 09:00:00,69.71333333333334,253.0,,32.92
2021-03-02 10:00:00,71.85666666666665,244.22222222222223,,32.92
2021-03-02 11:00:00,74.0,235.44444444444446,,32.92
2021-03-02 12:00:00,48.33,226.66666666666666,,32.92
2021-03-02 13:00:00,27.1,217.88888888888889,,32.92
2021-03-02 14:00:00,26.79,209.11111111111111,,32.92
2021-03-02 15:00:00,27.0,200.33333333333331,,32.92
2021-03-02 16:00:00,51.03,191.55555555555554,,32.92
2021-03-02 17:00:00,74.7,182.77777777777777,,32.92
2021-03-02 18:00:00,56.39,174.0,,32.92
2021-03-02 19:00:00,53.11,149.745,,32.92
2021-03-02 20:00:00,55.67,125.49,,32.92
2021-03-02 21:00:00,118.77,128.1175,,32.92
2021-03-02 22:00:00,94.02,130.745,,32.92
2021-03-02 23:00:00,79.0,133.3725,,32.92
2021-03-03 00:00:00,71.84,136.0,,32.92
2021-03-03 01:00:00,62.03,147.446,,32.92
2021-03-03 02:00:00,26.14,158.892,,32.92
2021-03-03 03:00:00,40.13333333333333,170.338,,32.92
2021-03-03 04:00:00,54.126666666666665,181.784,,32.92
2021-03-03 05:00:00,68.12,193.23,,32.92
2021-03-03 06:00:00,29.33,236.0,,32.92
2021-03-03 07:00:00,40.204,253.33333333333334,,32.92
2021-03-03 08:00:00,51.078,270.6666666666667,,32.92
2021-03-03 09:00:00,61.952,288.0,,32.92
2021-03-03 10:00:00,72.826,233.4,,32.92
2021-03-03 11:00:00,83.7,178.8,,32.92
2021-03-03 12:00:00,88.52,155.11,,32.92
2021-03-03 13:00:00,76.34,150.21,,32.92
2021-03-03 14:00:00,43.6,121.67,,32.92
2021-03-03 15:00:00,29.27,90.02,,32.92
2021-03-03 16:00:00,29.8,76.0,,32.92
2021-03-03 17:00:00,110.87499999999999,152.91500000000002,,32.92
2021-03-03 18:00:00,191.95,229.83,,32.92
2021-03-03 19:00:00,197.18,297.57,,32.92
2021-03-03 20:00:00,123.53,373.72,,32.92
2021-03-03 21:00:00,35.2,303.9,,32.92
2021-03-03 22:00:00,43.95,289.26,,32.92
2021-03-03 23:00:00,19.01,281.39,,32.92
2021-03-04 00:00:00,20.009285714285717,247.0,,32.92
2021-03-04 01:00:00,21.00857142857143,287.62,,32.92
2021-03-04 02:00:00,22.007857142857144,272.0,,32.92
2021-03-04 03:00:00,23.00714285714286,258.78,,32.92
2021-03-04 04:00:00,24.00642857142857,285.47,,32.92
2021-03-04 05:00:00,25.005714285714287,269.06,,32.92
2021-03-04 06:00:00,26.005000000000003,287.0,,32.92
2021-03-04 07:00:00,27.004285714285714,321.08,,32.92
2021-03-04 08:00:00,28.00357142857143,335.71999999999997,,32.92
2021-03-04 09:00:00,29.002857142857145,350.36,,32.92
2021-03-04 10:00:00,30.002142857142857,365.0,,32.92
2021-03-04 11:00:00,31.001428571428573,235.23,,32.92
2021-03-04 12:00:00,32.00071428571429,184.56,,32.92
2021-03-04 13:00:00,33.0,145.17,,32.92
2021-03-04 14:00:00,21.34,88.0,,32.92
2021-03-04 15:00:00,22.7,73.83,,32.92
2021-03-04 16:00:00,9.2,105.2,,32.92
2021-03-04 17:00:00,132.79,216.56,,32.92
2021-03-04 18:00:00,113.87,210.215,,32.92
2021-03-04 19:00:00,94.95,203.87,,32.92
2021-03-04 20:00:00,95.703125,298.56,,32.92
2021-03-04 21:00:00,96.45625,431.5,,32.92
2021-03-04 22:00:00,97.20937500000001,435.22,,32.92
2021-03-04 23:00:00,97.9625,379.0,,32.92
2021-03-05 00:00:00,98.715625,396.45,,32.92
2021-03-05 01:00:00,99.46875,381.9,,32.92
2021-03-05 02:00:00,100.221875,305.22,,32.92
2021-03-05 03:00:00,100.975,388.14,,32.92
2021-03-05 04:00:00,101.728125,346.58,,32.92
2021-03-05 05:00:00,102.48125,270.12,,32.92
2021-03-05 06:00:00,103.234375,279.26,,32.92
2021-03-05 07:00:00,103.9875,259.43,,32.92
2021-03-05 08:00:00,104.740625,305.17,,32.92
2021-03-05 09:00:00,105.49375,336.33,,32.92
2021-03-05 10:00:00,106.246875,357.83,,32.92
2021-03-05 11:00:00,107.0,195.23,,32.92
2021-03-05 12:00:00,81.89,154.83,,32.92
2021-03-05 13:00:00,53.89,129.39,,32.92
2021-03-05 14:00:00,52.8,107.16,,32.92
2021-03-05 15:00:00,43.13,82.32,,32.92
2021-03-05 16:00:00,50.95,138.78,,32.92
2021-03-05 17:00:00,43.92,164.73,,32.92
2021-03-05 18:00:00,72.52,186.84,,32.92
2021-03-05 19:00:00,88.55,209.78,,32.92
2021-03-05 20:00:00,121.38,269.73,,32.92
2021-03-05 21:00:00,131.28,299.52,,32.92
2021-03-05 22:00:00,146.35,328.47,,32.92
2021-03-05 23:00:00,130.06,286.43,,32.92
2021-03-06 00:00:00,133.37,270.7,,32.92
2021-03-06 01:00:00,110.67,260.0,,32.92
2021-03-06 02:00:00,108.89,227.8,,32.92
2021-03-06 03:00:00,108.11,207.22,,32.92
2021-03-06 04:00:00,117.05,435.96,,32.92
2021-03-06 05:00:00,138.57,240.8,,32.92
2021-03-06 06:00:00,144.59,216.74,,32.92
2021-03-06 07:00:00,147.69,234.89,,32.92
2021-03-06 08:00:00,124.67,272.92,,32.92
2021-03-06 09:00:00,54.22,328.96,,32.92
2021-03-06 10:00:00,46.8,305.16,,32.92
2021-03-06 11:00:00,39.38,334.0,,32.92
2021-03-06 12:00:00,58.92,247.0,,32.92
2021-03-06 13:00:00,78.46000000000001,229.0,,32.92
2021-03-06 14:00:00,98.0,186.0,,32.92
2021-03-06 15:00:00,169.73,202.1,,32.92
2021-03-06 16:00:00,84.56,190.0,,32.92
2021-03-06 17:00:00,54.22,164.0,,32.92
2021-03-06 18:00:00,51.1,169.0,,32.92
2021-03-06 19:00:00,58.18,177.52,,32.92
2021-03-06 20:00:00,69.77,185.2,,32.92
2021-03-06 21:00:00,68.32,170.1,,32.92
2021-03-06 22:00:00,63.52,155.0,,32.92
2021-03-06 23:00:00,71.96,174.95,,32.92
2021-03-07 00:00:00,89.02,200.67,,32.92
2021-03-07 01:00:00,97.25,217.0,,32.92
2021-03-07 02:00:00,89.92,217.0,,32.92
2021-03-07 03:00:00,84.53,185.0,,32.92
2021-03-07 04:00:00,79.53,177.43,,32.92
2021-03-07 05:00:00,86.18,188.0,,32.92
2021-03-07 06:00:00,87.89,191.79,,32.92
2021-03-07 07:00:00,100.56,195.0,,32.92
2021-03-07 08:00:00,122.64,226.0,,32.92
2021-03-07 09:00:00,98.17,203.2,,32.92
2021-03-07 10:00:00,108.42,236.0,,32.92
2021-03-07 11:00:00,78.62,198.48,,32.92
2021-03-07 12:00:00,63.58,156.24,,32.92
2021-03-07 13:00:00,46.75,125.76,,32.92
2021-03-07 14:00:00,36.05,97.0,,32.92
2021-03-07 15:00:00,14.47,99.0,,32.92
2021-03-07 16:00:00,18.445,108.47,,32.92
2021-03-07 17:00:00,22.42,123.0,,32.92
2021-03-07 18:00:00,111.21,122.0,,32.92
2021-03-07 19:00:00,200.0,124.37,,32.92
2021-03-07 20:00:00,166.0,177.0,,32.92
2021-03-07 21:00:00,79.02,219.33333333333334,,32.92
2021-03-07 22:00:00,28.52,261.6666666666667,,32.92
2021-03-07 23:00:00,145.07,304.0,,32.92
2021-03-08 00:00:00,145.84666666666666,431.0,,32.92
2021-03-08 01:00:00,146.62333333333333,358.1,,32.92
2021-03-08 02:00:00,147.4,291.04,,32.92
2021-03-08 03:00:00,148.17666666666668,241.52,,32.92
2021-03-08 04:00:00,148.95333333333332,222.26,,32.92
2021-03-08 05:00:00,149.73,203.0,,32.92
2021-03-08 06:00:00,150.50666666666666,201.0,,32.92
2021-03-08 07:00:00,151.28333333333333,192.45,,32.92
2021-03-08 08:00:00,152.06,282.0,,32.92
2021-03-08 09:00:00,162.85,283.58,,32.92
2021-03-08 10:00:00,133.1,217.0,,32.92
2021-03-08 11:00:00,87.96,171.0,,32.92
2021-03-08 12:00:00,70.45,175.47,,32.92
2021-03-08 13:00:00,42.98,144.74,,32.92
2021-03-08 14:00:00,28.37,100.25,,32.92
2021-03-08 15:00:00,11.1,90.0,,32.92
2021-03-08 16:00:00,216.99,120.26,,32.92
2021-03-08 17:00:00,227.0,150.52,,32.92
2021-03-08 18:00:00,132.48,180.78,,32.92
2021-03-08 19:00:00,130.62823529411764,213.0,,32.92
2021-03-08 20:00:00,128.7764705882353,262.0,,32.92
2021-03-08 21:00:00,126.92470588235294,244.95,,32.92
2021-03-08 22:00:00,125.07294117647058,219.3,,32.92
2021-03-08 23:00:00,123.22117647058823,258.73,,32.92
2021-03-09 00:00:00,121.36941176470587,216.35,,32.92
2021-03-09 01:00:00,119.51764705882353,199.79,,32.92
2021-03-09 02:00:00,117.66588235294117,186.69,,32.92
2021-03-09 03:00:00,115.81411764705882,151.92,,32.92
2021-03-09 04:00:00,113.96235294117646,157.58,,32.92
2021-03-09 05:00:00,112.11058823529412,139.06,,32.92
2021-03-09 06:00:00,110.25882352941176,171.15,,32.92
2021-03-09 07:00:00,108.40705882352941,204.26,,32.92
2021-03-09 08:00:00,106.55529411764707,241.97,,32.92
2021-03-09 09:00:00,104.7035294117647,226.0,,32.92
2021-03-09 10:00:00,102.85176470588235,309.0,,32.92
2021-03-09 11:00:00,101.0,224.0,,32.92
2021-03-09 12:00:00,75.06,177.45,,32.92
2021-03-09 13:00:00,61.11,149.28,,32.92
2021-03-09 14:00:00,50.13,135.55,,32.92
2021-03-09 15:00:00,32.01,112.27,,32.92
2021-03-09 16:00:00,40.73,137.52,,32.92
2021-03-09 17:00:00,67.05,192.05,,32.92
2021-03-09 18:00:00,83.46,223.42,,32.92
2021-03-09 19:00:00,110.86,266.68,,32.92
2021-03-09 20:00:00,159.62,340.0,,32.92
2021-03-09 21:00:00,147.11,295.48,,32.92
2021-03-09 22:00:00,116.38,233.15,,32.92
2021-03-09 23:00:00,92.43,182.59,,32.92
2021-03-10 00:00:00,73.03,176.11,,32.92
2021-03-10 01:00:00,88.0,184.53,,32.92
2021-03-10 02:00:00,106.1,199.2,,32.92
2021-03-10 03:00:00,134.02,194.8181818181818,,32.92
2021-03-10 04:00:00,110.1,190.43636363636364,,32.92
2021-03-10 05:00:00,113.28,186.05454545454543,,32.92
2021-03-10 06:00:00,122.05,181.67272727272726,,32.92
2021-03-10 07:00:00,123.0,177.29090909090908,,32.92
2021-03-10 08:00:00,84.03,172.9090909090909,,32.92
2021-03-10 09:00:00,67.37,168.52727272727273,,32.92
2021-03-10 10:00:00,29.04,164.14545454545453,,32.92
2021-03-10 11:00:00,96.02000000000001,159.76363636363635,,32.92
2021-03-10 12:00:00,163.0,155.38181818181818,,32.92
2021-03-10 13:00:00,68.82,151.0,,32.92
2021-03-10 14:00:00,66.862,120.6,,32.92
2021-03-10 15:00:00,64.904,108.0,,32.92
2021-03-10 16:00:00,62.946,160.0,,32.92
2021-03-10 17:00:00,60.988,181.78,,32.92
2021-03-10 18:00:00,59.03,188.68,,32.92
2021-03-10 19:00:00,91.05,214.57,,32.92
2021-03-10 20:00:00,45.7,283.25,,32.92
2021-03-10 21:00:00,16.89,309.73,,32.92
2021-03-10 22:00:00,34.04857142857143,337.52,,32.92
2021-03-10 23:00:00,51.207142857142856,306.7,,32.92
2021-03-11 00:00:00,68.36571428571429,288.8,,32.92
2021-03-11 01:00:00,85.52428571428571,340.1,,32.92
2021-03-11 02:00:00,102.68285714285715,249.22,,32.92
2021-03-11 03:00:00,119.84142857142857,233.58,,32.92
2021-03-11 04:00:00,137.0,237.75,,32.92
2021-03-11 05:00:00,140.58,222.84,,32.92
2021-03-11 06:00:00,115.06,195.4,,32.92
2021-03-11 07:00:00,129.05,235.8,,32.92
2021-03-11 08:00:00,140.84,281.83,,32.92
2021-03-11 09:00:00,134.84,282.11,,32.92
2021-03-11 10:00:00,155.47,246.85,,32.92
2021-03-11 11:00:00,71.98,195.75,,32.92
2021-03-11 12:00:00,64.735,170.27,,32.92
2021-03-11 13:00:00,57.49,152.9,,32.92
2021-03-11 14:00:00,50.245000000000005,155.8,,32.92
2021-03-11 15:00:00,43.0,162.63,,32.92
2021-03-11 16:00:00,38.53,142.1,,32.92
2021-03-11 17:00:00,41.58,134.37,,32.92
2021-03-11 18:00:00,43.79,130.21,,32.92
2021-03-11 19:00:00,52.08,156.52,,32.92
2021-03-11 20:00:00,70.0,159.9,,32.92
2021-03-11 21:00:00,69.32,160.0,,32.92
2021-03-11 22:00:00,62.74,136.32,,32.92
2021-03-11 23:00:00,26.18,125.5,,32.92
2021-03-12 00:00:00,125.8,151.03,,32.92
2021-03-12 01:00:00,84.81,163.7,,32.92
2021-03-12 02:00:00,47.53,187.68,,32.92
2021-03-12 03:00:00,19.5,185.21,,32.92
2021-03-12 04:00:00,44.00666666666666,149.9,,32.92
2021-03-12 05:00:00,68.51333333333332,157.4,,32.92
2021-03-12 06:00:00,93.02,182.63,,32.92
2021-03-12 07:00:00,63.75,180.2,,32.92
2021-03-12 08:00:00,49.16,219.9,,32.92
2021-03-12 09:00:00,39.95,242.84,,32.92
2021-03-12 10:00:00,79.25,177.69,,32.92
2021-03-12 11:00:00,49.16,175.8,,32.92
2021-03-12 12:00:00,19.8,142.7,,32.92
2021-03-12 13:00:00,22.533333333333335,114.37,,32.92
2021-03-12 14:00:00,25.266666666666666,124.7,,32.92
2021-03-12 15:00:00,28.0,82.0,,32.92
2021-03-12 16:00:00,36.66,103.47,,32.92
2021-03-12 17:00:00,46.33,106.0,,32.92
2021-03-12 18:00:00,56.0,140.2,,32.92
2021-03-12 19:00:00,88.2,240.8,,32.92
2021-03-12 20:00:00,80.37,212.85,,32.92
2021-03-12 21:00:00,93.31,227.15,,32.92
2021-03-12 22:00:00,120.05,297.0,,32.92
2021-03-12 23:00:00,74.7,171.02,,32.92
2021-03-13 00:00:00,65.43,136.53,,32.92
2021-03-13 01:00:00,64.11,135.0,,32.92
2021-03-13 02:00:00,76.48,132.15,,32.92
2021-03-13 03:00:00,65.48,140.55,,32.92
2021-03-13 04:00:00,73.84,134.35,,32.92
2021-03-13 05:00:00,95.57,161.55,,32.92
2021-03-13 06:00:00,108.73,169.65,,32.92
2021-03-13 07:00:00,127.0,214.65,,32.92
2021-03-13 08:00:00,142.42,252.15,,32.92
2021-03-13 09:00:00,139.52,243.55,,32.92
2021-03-13 10:00:00,118.45,253.45,,32.92
2021-03-13 11:00:00,98.31,189.0,,32.92
2021-03-13 12:00:00,52.03,152.1,,32.92
2021-03-13 13:00:00,36.515,124.55,,32.92
2021-03-13 14:00:00,21.0,97.0,,32.92
2021-03-13 15:00:00,28.16,83.7,,32.92
2021-03-13 16:00:00,29.9,78.27,,32.92
2021-03-13 17:00:00,59.52,141.65,,32.92
2021-03-13 18:00:00,80.83,221.72,,32.92
2021-03-13 19:00:00,101.76,268.75,,32.92
2021-03-13 20:00:00,113.95,265.43,,32.92
2021-03-13 21:00:00,83.69,200.21,,32.92
2021-03-13 22:00:00,81.79,553.0,,32.92
2021-03-13 23:00:00,73.97,198.74,,32.92
2021-03-14 00:00:00,64.06,153.43,,32.92
2021-03-14 01:00:00,59.42,142.5,,32.92
2021-03-14 02:00:00,67.05,135.37,,32.92
2021-03-14 03:00:00,69.79,177.75,,32.92
2021-03-14 04:00:00,84.27,170.5,,32.92
2021-03-14 05:00:00,118.99,225.1,,32.92
2021-03-14 06:00:00,123.89,230.85,,32.92
2021-03-14 07:00:00,116.87,247.0,,32.92
2021-03-14 08:00:00,118.68,250.79,,32.92
2021-03-14 09:00:00,127.05,256.4,,32.92
2021-03-14 10:00:00,140.52,269.35,,32.92
2021-03-14 11:00:00,105.33,209.2,,32.92
2021-03-14 12:00:00,89.34,180.35,,32.92
2021-03-14 13:00:00,69.22,139.22,,32.92
2021-03-14 14:00:00,52.69,123.74,,32.92
2021-03-14 15:00:00,47.42,100.27,,32.92
2021-03-14 16:00:00,65.83,146.5,,32.92
2021-03-14 17:00:00,81.42,184.15,,32.92
2021-03-14 18:00:00,89.24,206.9,,32.92
2021-03-14 19:00:00,101.63,244.1,,32.92
2021-03-14 20:00:00,136.09,305.4,,32.92
2021-03-14 21:00:00,162.36,340.5,,32.92
2021-03-14 22:00:00,156.95,320.15,,32.92
2021-03-14 23:00:00,193.57,453.9,,32.92
2021-03-15 00:00:00,140.93,340.7,,32.92
2021-03-15 01:00:00,81.39,179.6,,32.92
2021-03-15 02:00:00,77.67,169.1,,32.92
2021-03-15 03:00:00,134.35,241.94,,32.92
2021-03-15 04:00:00,152.63,262.15,,32.92
2021-03-15 05:00:00,187.95,297.2,,32.92
2021-03-15 06:00:00,182.16,295.2,,32.92
2021-03-15 07:00:00,172.97,321.6,,32.92
2021-03-15 08:00:00,183.63,392.35,,32.92
2021-03-15 09:00:00,191.26,377.95,,32.92
2021-03-15 10:00:00,152.65,278.2,,32.92
2021-03-15 11:00:00,122.99,251.15,,32.92
2021-03-15 12:00:00,111.95,239.55,,32.92
2021-03-15 13:00:00,92.22,197.0,,32.92
2021-03-15 14:00:00,56.91,136.38,,32.92
2021-03-15 15:00:00,45.86,107.45,,32.92
2021-03-15 16:00:00,53.04,160.33,,32.92
2021-03-15 17:00:00,64.7,193.55,,32.92
2021-03-15 18:00:00,50.62,159.98,,32.92
2021-03-15 19:00:00,54.36,152.0,,32.92
2021-03-15 20:00:00,62.15,163.4,,32.92
2021-03-15 21:00:00,88.94,230.6,,32.92
2021-03-15 22:00:00,117.91,367.2,,32.92
2021-03-15 23:00:00,86.16,228.65,,32.92
2021-03-16 00:00:00,87.36,234.3,,32.92
2021-03-16 01:00:00,70.17,214.1,,32.92
2021-03-16 02:00:00,17.02,167.4,,32.92
2021-03-16 03:00:00,137.85,242.22,,32.92
2021-03-16 04:00:00,215.42,296.35,,32.92
2021-03-16 05:00:00,64.68,224.9,,32.92
2021-03-16 06:00:00,73.51,227.95,,32.92
2021-03-16 07:00:00,82.34,231.0,,32.92
2021-03-16 08:00:00,271.63,337.4,,32.92
2021-03-16 09:00:00,124.83,287.76,,32.92
2021-03-16 10:00:00,109.82,291.9,,32.92
2021-03-16 11:00:00,94.81,265.37,,32.92
2021-03-16 12:00:00,79.8,207.0,,32.92
2021-03-16 13:00:00,64.78999999999999,175.42,,32.92
2021-03-16 14:00:00,49.78,150.34,,32.92
2021-03-16 15:00:00,34.77,131.0,,32.92
2021-03-16 16:00:00,60.47,176.6,,32.92
2021-03-16 17:00:00,78.19,217.95,,32.92
2021-03-16 18:00:00,70.19,207.65,,32.92
2021-03-16 19:00:00,66.35,196.0,,32.92
2021-03-16 20:00:00,70.47,182.7,,32.92
2021-03-16 21:00:00,132.53,336.85,,32.92
2021-03-16 22:00:00,152.51,530.0,,32.92
2021-03-16 23:00:00,174.4,452.39,,32.92
2021-03-17 00:00:00,191.31,436.6,,32.92
2021-03-17 01:00:00,154.66,333.1,,32.92
2021-03-17 02:00:00,221.33,341.0,,32.92
2021-03-17 03:00:00,187.96,317.0,,32.92
2021-03-17 04:00:00,120.39,204.9,,32.92
2021-03-17 05:00:00,109.43,191.0,,32.92
2021-03-17 06:00:00,83.99,158.6,,32.92
2021-03-17 07:00:00,87.24,193.95,,32.92
2021-03-17 08:00:00,128.2,252.05,,32.92
2021-03-17 09:00:00,138.73,248.70000000000002,,32.92
2021-03-17 10:00:00,121.865,245.35,,32.92
2021-03-17 11:00:00,105.0,242.0,,32.92
2021-03-17 12:00:00,83.53,226.8,,32.92
2021-03-17 13:00:00,64.0,171.85,,32.92
2021-03-17 14:00:00,49.52,145.0,,32.92
2021-03-17 15:00:00,45.33,113.65,,32.92
2021-03-17 16:00:00,57.51,151.6,,32.92
2021-03-17 17:00:00,70.63,198.88,,32.92
2021-03-17 18:00:00,76.46,212.0,,32.92
2021-03-17 19:00:00,103.8,274.1,,32.92
2021-03-17 20:00:00,130.25,292.0,,32.92
2021-03-17 21:00:00,110.71,226.0,,32.92
2021-03-17 22:00:00,112.46,246.7,,32.92
2021-03-17 23:00:00,84.38,190.1,,32.92
2021-03-18 00:00:00,91.7,224.16,,32.92
2021-03-18 01:00:00,99.12,226.0,,32.92
2021-03-18 02:00:00,345.21,458.75,,32.92
2021-03-18 03:00:00,183.59,298.1,,32.92
2021-03-18 04:00:00,144.92,242.45,,32.92
2021-03-18 05:00:00,174.27,273.35,,32.92
2021-03-18 06:00:00,157.45,249.28,,32.92
2021-03-18 07:00:00,131.67,229.95,,32.92
2021-03-18 08:00:00,128.1,247.05,,32.92
2021-03-18 09:00:00,128.9,259.4,,32.92
2021-03-18 10:00:00,113.4,210.2,,32.92
2021-03-18 11:00:00,57.0,161.0,,32.92
2021-03-18 12:00:00,78.4,198.05,,32.92
2021-03-18 13:00:00,81.0,187.65,,32.92
2021-03-18 14:00:00,57.86,148.05,,32.92
2021-03-18 15:00:00,44.3,114.65,,32.92
2021-03-18 16:00:00,77.88,204.47,,32.92
2021-03-18 17:00:00,102.51,216.6,,32.92
2021-03-18 18:00:00,36.31,200.0,,32.92
2021-03-18 19:00:00,40.29176470588236,196.2,,32.92
2021-03-18 20:00:00,44.273529411764706,236.85,,32.92
2021-03-18 21:00:00,48.25529411764706,210.93,,32.92
2021-03-18 22:00:00,52.23705882352941,239.35,,32.92
2021-03-18 23:00:00,56.218823529411765,229.6,,32.92
2021-03-19 00:00:00,60.20058823529412,257.5,,32.92
2021-03-19 01:00:00,64.18235294117648,248.55,,32.92
2021-03-19 02:00:00,68.16411764705882,205.25,,32.92
2021-03-19 03:00:00,72.14588235294119,211.57,,32.92
2021-03-19 04:00:00,76.12764705882353,246.2,,32.92
2021-03-19 05:00:00,80.10941176470588,186.07,,32.92
2021-03-19 06:00:00,84.09117647058824,226.7,,32.92
2021-03-19 07:00:00,88.07294117647058,255.84,,32.92
2021-03-19 08:00:00,92.05470588235295,262.42,,32.92
2021-03-19 09:00:00,96.03647058823529,269.0,,32.92
2021-03-19 10:00:00,100.01823529411764,288.95,,32.92
2021-03-19 11:00:00,104.0,248.2,,32.92
2021-03-19 12:00:00,66.55,199.45,,32.92
2021-03-19 13:00:00,52.16,150.45,,32.92
2021-03-19 14:00:00,54.57,160.35,,32.92
2021-03-19 15:00:00,65.72,209.0,,32.92
2021-03-19 16:00:00,60.76,192.85,,32.92
2021-03-19 17:00:00,61.78,185.35,,32.92
2021-03-19 18:00:00,59.32,186.91,,32.92
2021-03-19 19:00:00,94.78,233.19,,32.92
2021-03-19 20:00:00,116.83,263.73,,32.92
2021-03-19 21:00:00,108.3,246.95,,32.92
2021-03-19 22:00:00,103.42,231.75,,32.92
2021-03-19 23:00:00,112.81,241.45,,32.92
2021-03-20 00:00:00,146.1,305.65,,32.92
2021-03-20 01:00:00,143.69,322.54,,32.92
2021-03-20 02:00:00,101.09,334.77,,32.92
2021-03-20 03:00:00,68.36,185.9,,32.92
2021-03-20 04:00:00,70.34,166.6,,32.92
2021-03-20 05:00:00,59.39,182.15,,32.92
2021-03-20 06:00:00,66.92,174.45,,32.92
2021-03-20 07:00:00,82.27,252.0,,32.92
2021-03-20 08:00:00,75.95,196.76,,32.92
2021-03-20 09:00:00,80.35,208.2,,32.92
2021-03-20 10:00:00,66.73,215.4,,32.92
2021-03-20 11:00:00,69.46,229.3,,32.92
2021-03-20 12:00:00,66.43,209.04,,32.92
2021-03-20 13:00:00,64.21,187.99,,32.92
2021-03-20 14:00:00,105.02,188.91,,32.92
2021-03-20 15:00:00,92.13,182.33,,32.92
2021-03-20 16:00:00,83.76,245.84,,32.92
2021-03-20 17:00:00,83.0,249.0,,32.92
2021-03-20 18:00:00,82.66666666666667,263.3333333333333,,32.92
2021-03-20 19:00:00,82.33333333333333,277.6666666666667,,32.92
2021-03-20 20:00:00,82.0,292.0,,32.92
2021-03-20 21:00:00,76.63,272.0,,32.92
2021-03-20 22:00:00,68.87,248.25,,32.92
2021-03-20 23:00:00,78.7,238.43,,32.92
2021-03-21 00:00:00,77.33,235.15,,32.92
2021-03-21 01:00:00,74.32,225.5,,32.92
2021-03-21 02:00:00,89.16,256.44,,32.92
2021-03-21 03:00:00,101.73,272.29,,32.92
2021-03-21 04:00:00,90.47,258.6,,32.92
2021-03-21 05:00:00,79.87,233.6,,32.92
2021-03-21 06:00:00,82.56,248.15,,32.92
2021-03-21 07:00:00,98.16,298.4,,32.92
2021-03-21 08:00:00,104.46,301.95,,32.92
2021-03-21 09:00:00,113.03,296.3,,32.92
2021-03-21 10:00:00,113.11,297.81,,32.92
2021-03-21 11:00:00,95.17,288.47,,32.92
2021-03-21 12:00:00,95.67,256.56,,32.92
2021-03-21 13:00:00,87.96,225.47,,32.92
2021-03-21 14:00:00,98.59,252.98,,32.92
2021-03-21 15:00:00,84.84,215.03,,32.92
2021-03-21 16:00:00,76.77,203.47,,32.92
2021-03-21 17:00:00,77.78,203.95,,32.92
2021-03-21 18:00:00,80.67,219.25,,32.92
2021-03-21 19:00:00,85.47,235.25,,32.92
2021-03-21 20:00:00,92.24,234.1,,32.92
2021-03-21 21:00:00,91.22,255.0,,32.92
2021-03-21 22:00:00,108.89,280.65,,32.92
2021-03-21 23:00:00,100.3,305.75,,32.92
2021-03-22 00:00:00,102.57,282.0,,32.92
2021-03-22 01:00:00,108.36,281.1,,32.92
2021-03-22 02:00:00,108.11,245.75,,32.92
2021-03-22 03:00:00,117.78,259.25,,32.92
2021-03-22 04:00:00,92.25,188.54,,32.92
2021-03-22 05:00:00,128.23,274.56,,32.92
2021-03-22 06:00:00,110.78,244.7,,32.92
2021-03-22 07:00:00,110.67,245.85,,32.92
2021-03-22 08:00:00,124.35,290.78,,32.92
2021-03-22 09:00:00,124.44,289.36,,32.92
2021-03-22 10:00:00,115.97,288.05,,32.92
2021-03-22 11:00:00,96.28,252.0,,32.92
2021-03-22 12:00:00,78.84,208.17,,32.92
2021-03-22 13:00:00,74.33,202.2,,32.92
2021-03-22 14:00:00,67.75,176.35,,32.92
2021-03-22 15:00:00,73.24,171.4,,32.92
2021-03-22 16:00:00,74.0,215.0,,32.92
2021-03-22 17:00:00,77.57,242.0,,32.92
2021-03-22 18:00:00,76.22,226.75,,32.92
2021-03-22 19:00:00,71.54,272.47,,32.92
2021-03-22 20:00:00,86.16,263.0,,32.92
2021-03-22 21:00:00,127.23,366.85,,32.92
2021-03-22 22:00:00,148.05,363.45,,32.92
2021-03-22 23:00:00,133.06,362.05,,32.92
2021-03-23 00:00:00,115.89,290.75,,32.92
2021-03-23 01:00:00,157.69,386.75,,32.92
2021-03-23 02:00:00,119.44,290.05,,32.92
2021-03-23 03:00:00,109.54,242.12,,32.92
2021-03-23 04:00:00,96.62,229.0,,32.92
2021-03-23 05:00:00,118.18,232.62,,32.92
2021-03-23 06:00:00,122.78,293.02,,32.92
2021-03-23 07:00:00,112.32,231.21,,32.92
2021-03-23 08:00:00,134.18,291.83,,32.92
2021-03-23 09:00:00,115.6,258.0,,32.92
2021-03-23 10:00:00,80.9,211.31,,32.92
2021-03-23 11:00:00,67.19,155.65,,32.92
2021-03-23 12:00:00,57.98,148.24,,32.92
2021-03-23 13:00:00,54.33,141.33,,32.92
2021-03-23 14:00:00,49.53,114.32,,32.92
2021-03-23 15:00:00,44.54,111.09,,32.92
2021-03-23 16:00:00,71.64,269.16,,32.92
2021-03-23 17:00:00,66.97,232.22,,32.92
2021-03-23 18:00:00,84.67,248.61,,32.92
2021-03-23 19:00:00,108.4,265.0,,32.92
2021-03-23 20:00:00,125.27,287.87,,32.92
2021-03-23 21:00:00,148.4,389.7,,32.92
2021-03-23 22:00:00,140.3,363.47,,32.92
2021-03-23 23:00:00,148.78,382.01,,32.92
2021-03-24 00:00:00,128.6,300.11,,32.92
2021-03-24 01:00:00,156.32,341.6,,32.92
2021-03-24 02:00:00,144.84,298.13,,32.92
2021-03-24 03:00:00,133.19,274.08,,32.92
2021-03-24 04:00:00,124.95,227.43,,32.92
2021-03-24 05:00:00,130.24,249.77,,32.92
2021-03-24 06:00:00,139.03,275.77,,32.92
2021-03-24 07:00:00,129.3,243.65,,32.92
2021-03-24 08:00:00,179.72,332.51,,32.92
2021-03-24 09:00:00,174.43,336.05,,32.92
2021-03-24 10:00:00,112.37,302.65,,32.92
2021-03-24 11:00:00,210.4,228.81,,32.92
2021-03-24 12:00:00,131.0,144.0,,32.92
2021-03-24 13:00:00,105.87,127.0,,32.92
2021-03-24 14:00:00,80.74,110.0,,32.92
2021-03-24 15:00:00,55.609999999999985,93.0,,32.92
2021-03-24 16:00:00,30.47999999999999,179.45,,32.92
2021-03-24 17:00:00,5.35,236.4,,32.92
2021-03-24 18:00:00,3.33,228.52,,32.92
2021-03-24 19:00:00,1.3,242.29,,32.92
2021-03-24 20:00:00,60.65,285.75,,32.92
2021-03-24 21:00:00,120.0,293.72,,32.92
2021-03-24 22:00:00,106.56,222.54,,32.92
2021-03-24 23:00:00,94.08,240.91,,32.92
2021-03-25 00:00:00,92.11,210.56,,32.92
2021-03-25 01:00:00,104.44,248.06,,32.92
2021-03-25 02:00:00,104.22,213.8,,32.92
2021-03-25 03:00:00,95.08,211.05,,32.92
2021-03-25 04:00:00,118.89,259.59,,32.92
2021-03-25 05:00:00,132.68,251.52,,32.92
2021-03-25 06:00:00,144.7,258.62,,32.92
2021-03-25 07:00:00,171.78,323.79,,32.92
2021-03-25 08:00:00,176.78,314.65,,32.92
2021-03-25 09:00:00,202.91,340.68,,32.92
2021-03-25 10:00:00,165.11,329.62,,32.92
2021-03-25 11:00:00,89.78,208.95,,32.92
2021-03-25 12:00:00,47.22,142.97,,32.92
2021-03-25 13:00:00,34.98,145.0,,32.92
2021-03-25 14:00:00,37.55,123.09,,32.92
2021-03-25 15:00:00,22.89,97.23,,32.92
2021-03-25 16:00:00,25.45,127.44,,32.92
2021-03-25 17:00:00,22.45,97.56,,32.92
2021-03-25 18:00:00,22.89,100.53,,32.92
2021-03-25 19:00:00,20.33,94.33,,32.92
2021-03-25 20:00:00,30.67,98.77,,32.92
2021-03-25 21:00:00,51.55,214.62,,32.92
2021-03-25 22:00:00,80.75,219.05,,32.92
2021-03-25 23:00:00,67.06,261.88,,32.92
2021-03-26 00:00:00,56.11,180.4,,32.92
2021-03-26 01:00:00,64.78,187.43,,32.92
2021-03-26 02:00:00,71.33,176.57,,32.92
2021-03-26 03:00:00,74.67,188.38,,32.92
2021-03-26 04:00:00,96.33,228.06,,32.92
2021-03-26 05:00:00,102.57,193.8,,32.92
2021-03-26 06:00:00,139.44,249.17,,32.92
2021-03-26 07:00:00,164.51,297.73,,32.92
2021-03-26 08:00:00,150.11,334.3,,32.92
2021-03-26 09:00:00,145.32,321.71,,32.92
2021-03-26 10:00:00,125.44,299.08,,32.92
2021-03-26 11:00:00,76.78,202.72,,32.92
2021-03-26 12:00:00,48.78,157.03,,32.92
2021-03-26 13:00:00,41.55,122.61,,32.92
2021-03-26 14:00:00,33.0,113.75,,32.92
2021-03-26 15:00:00,42.67,113.95,,32.92
2021-03-26 16:00:00,63.62,161.64,,32.92
2021-03-26 17:00:00,74.89,230.69,,32.92
2021-03-26 18:00:00,79.56,227.31,,32.92
2021-03-26 19:00:00,80.89,236.56,,32.92
2021-03-26 20:00:00,126.47,329.42,,32.92
2021-03-26 21:00:00,119.52,298.75,,32.92
2021-03-26 22:00:00,83.22,260.9,,32.92
2021-03-26 23:00:00,71.0,184.47,,32.92
2021-03-27 00:00:00,72.66,233.25,,32.92
2021-03-27 01:00:00,70.33,187.0,,32.92
2021-03-27 02:00:00,78.89,195.57,,32.92
2021-03-27 03:00:00,99.56,239.83,,32.92
2021-03-27 04:00:00,108.24,200.91,,32.92
2021-03-27 05:00:00,115.22,207.57,,32.92
2021-03-27 06:00:00,109.78,208.0,,32.92
2021-03-27 07:00:00,127.72,255.64,,32.92
2021-03-27 08:00:00,162.78,327.75,,32.92
2021-03-27 09:00:00,158.08,315.75,,32.92
2021-03-27 10:00:00,135.67,305.44,,32.92
2021-03-27 11:00:00,73.26,209.44,,32.92
2021-03-27 12:00:00,57.11,185.89,,32.92
2021-03-27 13:00:00,51.54,145.94,,32.92
2021-03-27 14:00:00,45.67,140.19,,32.92
2021-03-27 15:00:00,39.67,120.94,,32.92
2021-03-27 16:00:00,48.78,110.47,,32.92
2021-03-27 17:00:00,77.64,249.51,,32.92
2021-03-27 18:00:00,99.67,261.72,,32.92
2021-03-27 19:00:00,105.56,280.1,,32.92
2021-03-27 20:00:00,77.47,228.44,,32.92
2021-03-27 21:00:00,111.45,294.6,,32.92
2021-03-27 22:00:00,177.33,481.88,,32.92
2021-03-27 23:00:00,171.67,393.82,,32.92
2021-03-28 00:00:00,174.44,547.16,,32.92
2021-03-28 01:00:00,150.11,350.15,,32.92
2021-03-28 02:00:00,166.62,321.9,,32.92
2021-03-28 03:00:00,166.33,312.42,,32.92
2021-03-28 04:00:00,173.13,379.65,,32.92
2021-03-28 05:00:00,171.32,357.27,,32.92
2021-03-28 06:00:00,157.62,359.135,,32.92
2021-03-28 07:00:00,188.1,361.0,,32.92
2021-03-28 08:00:00,213.36,380.92,,32.92
2021-03-28 09:00:00,216.89,378.22,,32.92
2021-03-28 10:00:00,242.78,479.95,,32.92
2021-03-28 11:00:00,171.33,327.79,,32.92
2021-03-28 12:00:00,152.19,338.1,,32.92
2021-03-28 13:00:00,123.36,265.42,,32.92
2021-03-28 14:00:00,103.11,213.41,,32.92
2021-03-28 15:00:00,76.92,197.62,,32.92
2021-03-28 16:00:00,62.45,186.51,,32.92
2021-03-28 17:00:00,61.89,179.0,,32.92
2021-03-28 18:00:00,72.67,177.09,,32.92
2021-03-28 19:00:00,113.11,187.51,,32.92
2021-03-28 20:00:00,105.56,208.96,,32.92
2021-03-28 21:00:00,114.67,219.53,,32.92
2021-03-28 22:00:00,167.56,274.31,,32.92
2021-03-28 23:00:00,183.81,294.2,,32.92
2021-03-29 00:00:00,207.29,295.0,,32.92
2021-03-29 01:00:00,203.78,293.1,,32.92
2021-03-29 02:00:00,155.89,234.88,,32.92
2021-03-29 03:00:00,102.0,180.55,,32.92
2021-03-29 04:00:00,121.85,220.82,,32.92
2021-03-29 05:00:00,122.44285714285714,220.13142857142856,,32.92
2021-03-29 06:00:00,123.03571428571428,219.44285714285715,,32.92
2021-03-29 07:00:00,123.62857142857142,218.75428571428571,,32.92
2021-03-29 08:00:00,124.22142857142858,218.06571428571428,,32.92
2021-03-29 09:00:00,124.81428571428572,217.37714285714284,,32.92
2021-03-29 10:00:00,125.40714285714286,216.68857142857144,,32.92
2021-03-29 11:00:00,126.0,216.0,,32.92
2021-03-29 12:00:00,117.28,206.55,,32.92
2021-03-29 13:00:00,118.67,216.48,,32.92
2021-03-29 14:00:00,69.07,129.34,,32.92
2021-03-29 15:00:00,71.03,183.29,,32.92
2021-03-29 16:00:00,56.89,162.11,,32.92
2021-03-29 17:00:00,42.55,154.33,,32.92
2021-03-29 18:00:00,33.89,130.18,,32.92
2021-03-29 19:00:00,37.45,127.09,,32.92
2021-03-29 20:00:00,38.89,117.47,,32.92
2021-03-29 21:00:00,30.11,106.52,,32.92
2021-03-29 22:00:00,43.22,108.87,,32.92
2021-03-29 23:00:00,58.33,139.58,,32.92
2021-03-30 00:00:00,41.33,116.0,,32.92
2021-03-30 01:00:00,38.11,109.33,,32.92
2021-03-30 02:00:00,38.0,87.98,,32.92
2021-03-30 03:00:00,34.41,78.45,,32.92
2021-03-30 04:00:00,31.33,74.19,,32.92
2021-03-30 05:00:00,26.55,69.22,,32.92
2021-03-30 06:00:00,49.18,109.13,,32.92
2021-03-30 07:00:00,65.33,126.29,,32.92
2021-03-30 08:00:00,91.97,174.78,,32.92
2021-03-30 09:00:00,59.45,129.22,,32.92
2021-03-30 10:00:00,63.89,147.96,,32.92
2021-03-30 11:00:00,56.08,147.09,,32.92
2021-03-30 12:00:00,47.0,135.16,,32.92
2021-03-30 13:00:00,48.67,130.18,,32.92
2021-03-30 14:00:00,46.33,134.78,,32.92
2021-03-30 15:00:00,30.0,109.28,,32.92
2021-03-30 16:00:00,23.55,89.84,,32.92
2021-03-30 17:00:00,24.77,93.78,,32.92
2021-03-30 18:00:00,25.0,95.91,,32.92
2021-03-30 19:00:00,72.11,149.51,,32.92
2021-03-30 20:00:00,58.45,145.31,,32.92
2021-03-30 21:00:00,48.89,125.0,,32.92
2021-03-30 22:00:00,54.22,128.82,,32.92
2021-03-30 23:00:00,67.48,174.87,,32.92
2021-03-31 00:00:00,64.56,163.66,,32.92
2021-03-31 01:00:00,56.89,123.91,,32.92
2021-03-31 02:00:00,51.55,107.71,,32.92
2021-03-31 03:00:00,51.89,114.64,,32.92
2021-03-31 04:00:00,54.67,130.29,,32.92
2021-03-31 05:00:00,61.23,148.2,,32.92
2021-03-31 06:00:00,64.67,166.31,,32.92
2021-03-31 07:00:00,73.89,163.21,,32.92
2021-03-31 08:00:00,99.89,199.31,,32.92
2021-03-31 09:00:00,97.67,208.65,,32.92
2021-03-31 10:00:00,65.89,169.94,,32.92
2021-03-31 11:00:00,54.0,145.07,,32.92
2021-03-31 12:00:00,61.0,174.58,,32.92
2021-03-31 13:00:00,40.67,158.8,,32.92
2021-03-31 14:00:00,31.78,125.51,,32.92
2021-03-31 15:00:00,39.0,142.1,,32.92
2021-03-31 16:00:00,34.68,167.84,,32.92
2021-03-31 17:00:00,26.89,160.43,,32.92
2021-03-31 18:00:00,49.05,148.53,,32.92
2021-03-31 19:00:00,44.91,162.33,,32.92
2021-03-31 20:00:00,42.23,153.44,,32.92
2021-03-31 21:00:00,50.86,153.0,,32.92
2021-03-31 22:00:00,48.45,151.09,,32.92
2021-03-31 23:00:00,50.67,153.86,,32.92
2021-04-01 00:00:00,63.45,173.06,,32.92
2021-04-01 01:00:00,43.67,138.75,,32.92
2021-04-01 02:00:00,48.11,129.35,,32.92
2021-04-01 03:00:00,40.11,119.47,,32.92
2021-04-01 04:00:00,42.55,157.11,,32.92
2021-04-01 05:00:00,41.22,145.62,,32.92
2021-04-01 06:00:00,51.67,134.49,,32.92
2021-04-01 07:00:00,62.78,164.49,,32.92
2021-04-01 08:00:00,63.11,184.21,,32.92
2021-04-01 09:00:00,75.44,202.2,,32.92
2021-04-01 10:00:00,62.78,220.15,,32.92
2021-04-01 11:00:00,61.88,224.82,,32.92
2021-04-01 12:00:00,57.55,250.0,,32.92
2021-04-01 13:00:00,58.78,227.13,,32.92
2021-04-01 14:00:00,65.22,220.28,,32.92
2021-04-01 15:00:00,66.11,246.52,,32.92
2021-04-01 16:00:00,67.0,272.76,,32.92
2021-04-01 17:00:00,56.36,299.0,,32.92
2021-04-01 18:00:00,54.11,256.12,,32.92
2021-04-01 19:00:00,54.0,227.31,,32.92
2021-04-01 20:00:00,54.0,228.87,,32.92
2021-04-01 21:00:00,55.78,224.22,,32.92
2021-04-01 22:00:00,57.78,215.43,,32.92
2021-04-01 23:00:00,54.45,223.57,,32.92
2021-04-02 00:00:00,62.86,218.28,,32.92
2021-04-02 01:00:00,55.98,215.14,,32.92
2021-04-02 02:00:00,50.55,201.66,,32.92
2021-04-02 03:00:00,47.33,186.67,,32.92
2021-04-02 04:00:00,47.89,177.4,,32.92
2021-04-02 05:00:00,54.22,190.38,,32.92
2021-04-02 06:00:00,53.23,191.95,,32.92
2021-04-02 07:00:00,53.89,173.79,,32.92
2021-04-02 08:00:00,63.78,221.73,,32.92
2021-04-02 09:00:00,65.89,234.51,,32.92
2021-04-02 10:00:00,54.45,237.87,,32.92
2021-04-02 11:00:00,52.11,224.62,,32.92
2021-04-02 12:00:00,62.67,326.9,,32.92
2021-04-02 13:00:00,59.55,251.73,,32.92
2021-04-02 14:00:00,49.25,219.33,,32.92
2021-04-02 15:00:00,56.0,260.05,,32.92
2021-04-02 16:00:00,58.78,319.4,,32.92
2021-04-02 17:00:00,48.37,264.67,,32.92
2021-04-02 18:00:00,47.0,240.02,,32.92
2021-04-02 19:00:00,48.78,224.67,,32.92
2021-04-02 20:00:00,53.45,224.0,,32.92
2021-04-02 21:00:00,46.0,208.51,,32.92
2021-04-02 22:00:00,47.67,203.19,,32.92
2021-04-02 23:00:00,49.78,195.35,,32.92
2021-04-03 00:00:00,49.12,195.95,,32.92
2021-04-03 01:00:00,49.0,196.96,,32.92
2021-04-03 02:00:00,49.88,181.71,,32.92
2021-04-03 03:00:00,42.81,171.3,,32.92
2021-04-03 04:00:00,41.11,171.0,,32.92
2021-04-03 05:00:00,47.21,178.65,,32.92
2021-04-03 06:00:00,55.98,195.4,,32.92
2021-04-03 07:00:00,59.66,208.47,,32.92
2021-04-03 08:00:00,63.55,241.41,,32.92
2021-04-03 09:00:00,62.22,254.5,,32.92
2021-04-03 10:00:00,62.89,266.0,,32.92
2021-04-03 11:00:00,64.77,266.96,,32.92
2021-04-03 12:00:00,73.89,259.36,,32.92
2021-04-03 13:00:00,63.47,247.53,,32.92
2021-04-03 14:00:00,62.89,247.95,,32.92
2021-04-03 15:00:00,47.89,214.46,,32.92
2021-04-03 16:00:00,45.11,205.67,,32.92
2021-04-03 17:00:00,39.68,195.87,,32.92
2021-04-03 18:00:00,39.88,179.0,,32.92
2021-04-03 19:00:00,35.55,158.91,,32.92
2021-04-03 20:00:00,45.67,167.56,,32.92
2021-04-03 21:00:00,38.11,145.04,,32.92
2021-04-03 22:00:00,30.78,136.32,,32.92
2021-04-03 23:00:00,25.55,128.69,,32.92
2021-04-04 00:00:00,26.77,118.47,,32.92
2021-04-04 01:00:00,28.78,131.38,,32.92
2021-04-04 02:00:00,28.11,145.39,,32.92
2021-04-04 03:00:00,27.11,111.0,,32.92
2021-04-04 04:00:00,24.33,100.49,,32.92
2021-04-04 05:00:00,27.56,101.91,,32.92
2021-04-04 06:00:00,34.2,120.13,,32.92
2021-04-04 07:00:00,35.89,130.22,,32.92
2021-04-04 08:00:00,38.19,155.4,,32.92
2021-04-04 09:00:00,38.6224,154.424,,32.92
2021-04-04 10:00:00,39.0548,153.448,,32.92
2021-04-04 11:00:00,39.4872,152.472,,32.92
2021-04-04 12:00:00,39.919599999999996,151.496,,32.92
2021-04-04 13:00:00,40.352,150.52,,32.92
2021-04-04 14:00:00,40.7844,149.544,,32.92
2021-04-04 15:00:00,41.2168,148.568,,32.92
2021-04-04 16:00:00,41.6492,147.592,,32.92
2021-04-04 17:00:00,42.0816,146.616,,32.92
2021-04-04 18:00:00,42.513999999999996,145.64000000000001,,32.92
2021-04-04 19:00:00,42.9464,144.66400000000002,,32.92
2021-04-04 20:00:00,43.3788,143.688,,32.92
2021-04-04 21:00:00,43.8112,142.712,,32.92
2021-04-04 22:00:00,44.2436,141.736,,32.92
2021-04-04 23:00:00,44.676,140.76,,32.92
2021-04-05 00:00:00,45.1084,139.784,,32.92
2021-04-05 01:00:00,45.5408,138.808,,32.92
2021-04-05 02:00:00,45.9732,137.832,,32.92
2021-04-05 03:00:00,46.4056,136.856,,32.92
2021-04-05 04:00:00,46.838,135.88,,32.92
2021-04-05 05:00:00,47.2704,134.904,,32.92
2021-04-05 06:00:00,47.702799999999996,133.928,,32.92
2021-04-05 07:00:00,48.1352,132.952,,32.92
2021-04-05 08:00:00,48.5676,131.976,,32.92
2021-04-05 09:00:00,49.0,131.0,,32.92
2021-04-05 10:00:00,38.33,143.42,,32.92
2021-04-05 11:00:00,45.89,151.67,,32.92
2021-04-05 12:00:00,61.18,185.48,,32.92
2021-04-05 13:00:00,56.8,184.12,,32.92
2021-04-05 14:00:00,52.45,157.25,,32.92
2021-04-05 15:00:00,35.09,161.48,,32.92
2021-04-05 16:00:00,43.63,206.08,,32.92
2021-04-05 17:00:00,28.15,194.62,,32.92
2021-04-05 18:00:00,50.89,181.58,,32.92
2021-04-05 19:00:00,50.45,159.98,,32.92
2021-04-05 20:00:00,55.32,180.02,,32.92
2021-04-05 21:00:00,58.66,180.05,,32.92
2021-04-05 22:00:00,62.55,187.65,,32.92
2021-04-05 23:00:00,61.22,199.0,,32.92
2021-04-06 00:00:00,60.12,198.0,,32.92
2021-04-06 01:00:00,42.28,106.16,,32.92
2021-04-06 02:00:00,43.55,125.96,,32.92
2021-04-06 03:00:00,55.55,131.78,,32.92
2021-04-06 04:00:00,50.78,125.28,,32.92
2021-04-06 05:00:00,49.11,120.44,,32.92
2021-04-06 06:00:00,73.03,161.25,,32.92
2021-04-06 07:00:00,83.97,207.05,,32.92
2021-04-06 08:00:00,108.94,294.29,,32.92
2021-04-06 09:00:00,104.91,257.75,,32.92
2021-04-06 10:00:00,75.63,190.95,,32.92
2021-04-06 11:00:00,55.15,162.12,,32.92
2021-04-06 12:00:00,57.45,181.0,,32.92
2021-04-06 13:00:00,52.65,164.0,,32.92
2021-04-06 14:00:00,33.39,163.0,,32.92
2021-04-06 15:00:00,34.55,140.0,,32.92
2021-04-06 16:00:00,42.98,152.59333333333333,,32.92
2021-04-06 17:00:00,45.78,165.18666666666667,,32.92
2021-04-06 18:00:00,53.09,177.78,,32.92
2021-04-06 19:00:00,67.33,169.702,,32.92
2021-04-06 20:00:00,62.76,161.624,,32.92
2021-04-06 21:00:00,78.89,153.546,,32.92
2021-04-06 22:00:00,66.78,145.46800000000002,,32.92
2021-04-06 23:00:00,71.21,137.39,,32.92
2021-04-07 00:00:00,72.0,129.312,,32.92
2021-04-07 01:00:00,86.18,121.23400000000001,,32.92
2021-04-07 02:00:00,74.67,113.156,,32.92
2021-04-07 03:00:00,50.83,105.078,,32.92
2021-04-07 04:00:00,46.22,97.0,,32.92
2021-04-07 05:00:00,52.21,103.875,,32.92
2021-04-07 06:00:00,73.38,110.75,,32.92
2021-04-07 07:00:00,76.0,117.625,,32.92
2021-04-07 08:00:00,95.5,124.5,,32.92
2021-04-07 09:00:00,89.14,131.375,,32.92
2021-04-07 10:00:00,67.62,138.25,,32.92
2021-04-07 11:00:00,56.14,145.125,,32.92
2021-04-07 12:00:00,53.23,152.0,,32.92
2021-04-07 13:00:00,52.12,149.0,,32.92
2021-04-07 14:00:00,23.69,146.0,,32.92
2021-04-07 15:00:00,318.22,149.0,,32.92
2021-04-07 16:00:00,141.58,152.0,,32.92
2021-04-07 17:00:00,127.38666666666667,155.0,,32.92
2021-04-07 18:00:00,113.19333333333334,158.0,,32.92
2021-04-07 19:00:00,99.0,166.0,,32.92
2021-04-07 20:00:00,44.0,181.0,,32.92
2021-04-07 21:00:00,63.19,180.0,,32.92
2021-04-07 22:00:00,75.43,193.7,,32.92
2021-04-07 23:00:00,65.36,179.13333333333333,,32.92
2021-04-08 00:00:00,61.38,164.56666666666666,,32.92
2021-04-08 01:00:00,63.67,150.0,,32.92
2021-04-08 02:00:00,66.66,155.66666666666666,,32.92
2021-04-08 03:00:00,68.78,161.33333333333334,,32.92
2021-04-08 04:00:00,70.0,167.0,,32.92
2021-04-08 05:00:00,60.21,172.66666666666666,,32.92
2021-04-08 06:00:00,68.75,178.33333333333334,,32.92
2021-04-08 07:00:00,75.32,184.0,,32.92
2021-04-08 08:00:00,88.54,216.5,,32.92
2021-04-08 09:00:00,96.22,249.0,,32.92
2021-04-08 10:00:00,57.89,185.0,,32.92
2021-04-08 11:00:00,53.0,171.58,,32.92
2021-04-08 12:00:00,56.55,200.8,,32.92
2021-04-08 13:00:00,52.57,199.12,,32.92
2021-04-08 14:00:00,47.55,183.67,,32.92
2021-04-08 15:00:00,45.23,156.17,,32.92
2021-04-08 16:00:00,41.45,170.29,,32.92
2021-04-08 17:00:00,38.34,148.0,,32.92
2021-04-08 18:00:00,36.23,147.96,,32.92
2021-04-08 19:00:00,44.87,174.83,,32.92
2021-04-08 20:00:00,49.55,176.0,,32.92
2021-04-08 21:00:00,44.68,137.78,,32.92
2021-04-08 22:00:00,50.2,139.83,,32.92
2021-04-08 23:00:00,51.89,160.07,,32.92
2021-04-09 00:00:00,48.45,152.42,,32.92
2021-04-09 01:00:00,48.88,148.17,,32.92
2021-04-09 02:00:00,55.2,139.38,,32.92
2021-04-09 03:00:00,40.93,109.29,,32.92
2021-04-09 04:00:00,36.35,121.38,,32.92
2021-04-09 05:00:00,47.52,146.92,,32.92
2021-04-09 06:00:00,46.33,124.04,,32.92
2021-04-09 07:00:00,62.84,139.29,,32.92
2021-04-09 08:00:00,57.02,162.04,,32.92
2021-04-09 09:00:00,50.68,140.96,,32.92
2021-04-09 10:00:00,55.32,169.71,,32.92
2021-04-09 11:00:00,59.53,192.02,,32.92
2021-04-09 12:00:00,60.88,186.3,,32.92
2021-04-09 13:00:00,49.48,159.17,,32.92
2021-04-09 14:00:00,48.0,159.92,,32.92
2021-04-09 15:00:00,44.45,159.04,,32.92
2021-04-09 16:00:00,41.34,168.58,,32.92
2021-04-09 17:00:00,43.14352941176471,171.31058823529412,,32.92
2021-04-09 18:00:00,44.94705882352942,174.04117647058825,,32.92
2021-04-09 19:00:00,46.75058823529412,176.77176470588236,,32.92
2021-04-09 20:00:00,48.554117647058824,179.50235294117647,,32.92
2021-04-09 21:00:00,50.35764705882353,182.2329411764706,,32.92
2021-04-09 22:00:00,52.16117647058824,184.9635294117647,,32.92
2021-04-09 23:00:00,53.964705882352945,187.69411764705882,,32.92
2021-04-10 00:00:00,55.768235294117645,190.42470588235295,,32.92
2021-04-10 01:00:00,57.57176470588236,193.15529411764706,,32.92
2021-04-10 02:00:00,59.37529411764706,195.8858823529412,,32.92
2021-04-10 03:00:00,61.178823529411765,198.6164705882353,,32.92
2021-04-10 04:00:00,62.98235294117647,201.3470588235294,,32.92
2021-04-10 05:00:00,64.78588235294117,204.07764705882354,,32.92
2021-04-10 06:00:00,66.58941176470589,206.80823529411765,,32.92
2021-04-10 07:00:00,68.39294117647059,209.5388235294118,,32.92
2021-04-10 08:00:00,70.19647058823529,212.2694117647059,,32.92
2021-04-10 09:00:00,72.0,215.0,,32.92
2021-04-10 10:00:00,69.35,212.13,,32.92
2021-04-10 11:00:00,69.0,187.25,,32.92
2021-04-10 12:00:00,61.91,177.33,,32.92
2021-04-10 13:00:00,74.44,215.22,,32.92
2021-04-10 14:00:00,64.48,191.12,,32.92
2021-04-10 15:00:00,55.02,187.13,,32.92
2021-04-10 16:00:00,38.89,178.36,,32.92
2021-04-10 17:00:00,31.68,153.08,,32.92
2021-04-10 18:00:00,43.41,139.54,,32.92
2021-04-10 19:00:00,56.48,162.0,,32.92
2021-04-10 20:00:00,65.07,170.67,,32.92
2021-04-10 21:00:00,55.37,164.58,,32.92
2021-04-10 22:00:00,38.94,134.24,,32.92
2021-04-10 23:00:00,42.32,129.17,,32.92
2021-04-11 00:00:00,38.57,110.84,,32.92
2021-04-11 01:00:00,37.12,103.27,,32.92
2021-04-11 02:00:00,62.78,158.0,,32.92
2021-04-11 03:00:00,69.55,163.0,,32.92
2021-04-11 04:00:00,73.55,159.17,,32.92
2021-04-11 05:00:00,79.32,170.5,,32.92
2021-04-11 06:00:00,80.0,168.12,,32.92
2021-04-11 07:00:00,86.18,180.83,,32.92
2021-04-11 08:00:00,59.78,148.56,,32.92
2021-04-11 09:00:00,60.43,156.58,,32.92
2021-04-11 10:00:00,62.77,154.12,,32.92
2021-04-11 11:00:00,70.97,177.96,,32.92
2021-04-11 12:00:00,67.57,156.96,,32.92
2021-04-11 13:00:00,57.25,145.48,,32.92
2021-04-11 14:00:00,50.68,125.83,,32.92
2021-04-11 15:00:00,55.3,100.0,,32.92
2021-04-11 16:00:00,41.23,143.79,,32.92
2021-04-11 17:00:00,41.66,136.42,,32.92
2021-04-11 18:00:00,49.02,140.57,,32.92
2021-04-11 19:00:00,39.75,140.02,,32.92
2021-04-11 20:00:00,72.14,164.88,,32.92
2021-04-11 21:00:00,53.03,120.96,,32.92
2021-04-11 22:00:00,49.12,143.0,,32.92
2021-04-11 23:00:00,67.9,171.55,,32.92
2021-04-12 00:00:00,47.92,135.62,,32.92
2021-04-12 01:00:00,55.64,148.38,,32.92
2021-04-12 02:00:00,58.77,140.6,,32.92
2021-04-12 03:00:00,59.88,130.45,,32.92
2021-04-12 04:00:00,46.67,120.3,,32.92
2021-04-12 05:00:00,29.94,110.15,,32.92
2021-04-12 06:00:00,36.86,100.0,,32.92
2021-04-12 07:00:00,59.27,120.33333333333333,,32.92
2021-04-12 08:00:00,54.91,140.66666666666666,,32.92
2021-04-12 09:00:00,65.52,161.0,,32.92
2021-04-12 10:00:00,56.37,154.57999999999998,,32.92
2021-04-12 11:00:00,61.18,148.16,,32.92
2021-04-12 12:00:00,53.14,157.6,,32.92
2021-04-12 13:00:00,53.77,144.0,,32.92
2021-04-12 14:00:00,52.23,143.08,,32.92
2021-04-12 15:00:00,55.5,241.75,,32.92
2021-04-12 16:00:00,45.37,178.32,,32.92
2021-04-12 17:00:00,48.43,195.0,,32.92
2021-04-12 18:00:00,49.0,195.08,,32.92
2021-04-12 19:00:00,59.6,191.0,,32.92
2021-04-12 20:00:00,58.33,332.12,,32.92
2021-04-12 21:00:00,56.23,173.17,,32.92
2021-04-12 22:00:00,67.53,153.54,,32.92
2021-04-12 23:00:00,81.41,217.21,,32.92
2021-04-13 00:00:00,88.32,215.21,,32.92
2021-04-13 01:00:00,84.57,214.08,,32.92
2021-04-13 02:00:00,89.3,224.08,,32.92
2021-04-13 03:00:00,82.03,157.72,,32.92
2021-04-13 04:00:00,86.32,175.16,,32.92
2021-04-13 05:00:00,77.25,174.08,,32.92
2021-04-13 06:00:00,76.89,185.5,,32.92
2021-04-13 07:00:00,90.17,259.0,,32.92
2021-04-13 08:00:00,96.42,247.5,,32.92
2021-04-13 09:00:00,110.25,224.0,,32.92
2021-04-13 10:00:00,84.32,182.0,,32.92
2021-04-13 11:00:00,80.11,174.75,,32.92
2021-04-13 12:00:00,65.78,167.5,,32.92
2021-04-13 13:00:00,67.56,160.25,,32.92
2021-04-13 14:00:00,59.97,153.0,,32.92
2021-04-13 15:00:00,51.01,150.625,,32.92
2021-04-13 16:00:00,44.7,148.25,,32.92
2021-04-13 17:00:00,47.55,145.875,,32.92
2021-04-13 18:00:00,57.75,143.5,,32.92
2021-04-13 19:00:00,66.07,141.125,,32.92
2021-04-13 20:00:00,50.15,138.75,,32.92
2021-04-13 21:00:00,57.76,136.375,,32.92
2021-04-13 22:00:00,56.34,134.0,,32.92
2021-04-13 23:00:00,40.98,131.625,,32.92
2021-04-14 00:00:00,35.47,129.25,,32.92
2021-04-14 01:00:00,35.88,126.875,,32.92
2021-04-14 02:00:00,40.43,124.5,,32.92
2021-04-14 03:00:00,33.01,122.125,,32.92
2021-04-14 04:00:00,34.65,119.75,,32.92
2021-04-14 05:00:00,32.35,117.375,,32.92
2021-04-14 06:00:00,47.98,115.0,,32.92
2021-04-14 07:00:00,63.3,115.92,,32.92
2021-04-14 08:00:00,70.32,137.0,,32.92
2021-04-14 09:00:00,68.31,136.255,,32.92
2021-04-14 10:00:00,53.76,135.51,,32.92
2021-04-14 11:00:00,41.24,127.175,,32.92
2021-04-14 12:00:00,52.41,118.84,,32.92
2021-04-14 13:00:00,51.35,117.0,,32.92
2021-04-14 14:00:00,39.48,110.29,,32.92
2021-04-14 15:00:00,40.65,100.42,,32.92
2021-04-14 16:00:00,44.55,144.0,,32.92
2021-04-14 17:00:00,41.47,195.95,,32.92
2021-04-14 18:00:00,42.0,170.0,,32.92
2021-04-14 19:00:00,39.33,132.62,,32.92
2021-04-14 20:00:00,34.57,138.0,,32.92
2021-04-14 21:00:00,41.98,144.73,,32.92
2021-04-14 22:00:00,41.23,124.0,,32.92
2021-04-14 23:00:00,39.23,111.56,,32.92
2021-04-15 00:00:00,39.88,101.43,,32.92
2021-04-15 01:00:00,47.95,107.45,,32.92
2021-04-15 02:00:00,44.55,108.0,,32.92
2021-04-15 03:00:00,37.8,92.64,,32.92
2021-04-15 04:00:00,43.18,93.92,,32.92
2021-04-15 05:00:00,53.72,95.92,,32.92
2021-04-15 06:00:00,46.14,97.92,,32.92
2021-04-15 07:00:00,52.98,122.0,,32.92
2021-04-15 08:00:00,88.45,257.0,,32.92
2021-04-15 09:00:00,79.75,178.19,,32.92
2021-04-15 10:00:00,55.92,128.0,,32.92
2021-04-15 11:00:00,69.78,130.0,,32.92
2021-04-15 12:00:00,60.52,152.1,,32.92
2021-04-15 13:00:00,53.7,143.42,,32.92
2021-04-15 14:00:00,53.0,114.1,,32.92
2021-04-15 15:00:00,54.77,190.0,,32.92
2021-04-15 16:00:00,47.93,161.17,,32.92
2021-04-15 17:00:00,35.48,124.54,,32.92
2021-04-15 18:00:00,32.23,116.28,,32.92
2021-04-15 19:00:00,43.48,103.52,,32.92
2021-04-15 20:00:00,46.77,106.66,,32.92
2021-04-15 21:00:00,57.6,125.44,,32.92
2021-04-15 22:00:00,53.68,122.21,,32.92
2021-04-15 23:00:00,48.58,136.38,,32.92
2021-04-16 00:00:00,58.6,121.0,,32.92
2021-04-16 01:00:00,56.47,126.0,,32.92
2021-04-16 02:00:00,59.53,116.4,,32.92
2021-04-16 03:00:00,56.47,110.24,,32.92
2021-04-16 04:00:00,74.55,119.58,,32.92
2021-04-16 05:00:00,45.98,93.09,,32.92
2021-04-16 06:00:00,54.37,92.0,,32.92
2021-04-16 07:00:00,70.13,114.91,,32.92
2021-04-16 08:00:00,74.65,141.0,,32.92
2021-04-16 09:00:00,85.63,140.08,,32.92
2021-04-16 10:00:00,65.8,134.44,,32.92
2021-04-16 11:00:00,51.52,121.54,,32.92
2021-04-16 12:00:00,44.68,128.0,,32.92
2021-04-16 13:00:00,35.17,99.25,,32.92
2021-04-16 14:00:00,34.0,94.0,,32.92
2021-04-16 15:00:00,22.52,101.69,,32.92
2021-04-16 16:00:00,26.3,128.0,,32.92
2021-04-16 17:00:00,27.88,127.09,,32.92
2021-04-16 18:00:00,32.42,111.36,,32.92
2021-04-16 19:00:00,32.12,131.08,,32.92
2021-04-16 20:00:00,54.08,139.45,,32.92
2021-04-16 21:00:00,34.03,104.44,,32.92
2021-04-16 22:00:00,32.77,89.58,,32.92
2021-04-16 23:00:00,33.0,88.04,,32.92
2021-04-17 00:00:00,24.2,77.0,,32.92
2021-04-17 01:00:00,27.43,80.81,,32.92
2021-04-17 02:00:00,43.02,100.22,,32.92
2021-04-17 03:00:00,13.2,65.34,,32.92
2021-04-17 04:00:00,27.55,64.0,,32.92
2021-04-17 05:00:00,24.68,74.54,,32.92
2021-04-17 06:00:00,27.53,76.92,,32.92
2021-04-17 07:00:00,40.37,97.18,,32.92
2021-04-17 08:00:00,50.83,130.68,,32.92
2021-04-17 09:00:00,49.35,112.0,,32.92
2021-04-17 10:00:00,41.34,105.55,,32.92
2021-04-17 11:00:00,35.45,112.34,,32.92
2021-04-17 12:00:00,32.35,113.0,,32.92
2021-04-17 13:00:00,37.3,120.34,,32.92
2021-04-17 14:00:00,30.02,106.25,,32.92
2021-04-17 15:00:00,29.88,107.76,,32.92
2021-04-17 16:00:00,27.35,113.77,,32.92
2021-04-17 17:00:00,26.12,111.0,,32.92
2021-04-17 18:00:00,33.07,138.79,,32.92
2021-04-17 19:00:00,48.18,161.15,,32.92
2021-04-17 20:00:00,58.83,169.38,,32.92
2021-04-17 21:00:00,58.23,151.79,,32.92
2021-04-17 22:00:00,52.7,138.5,,32.92
2021-04-17 23:00:00,52.0,119.76,,32.92
2021-04-18 00:00:00,39.67,101.0,,32.92
2021-04-18 01:00:00,37.12,82.74,,32.92
2021-04-18 02:00:00,25.48,62.78,,32.92
2021-04-18 03:00:00,24.0,68.71,,32.92
2021-04-18 04:00:00,39.95,87.26,,32.92
2021-04-18 05:00:00,35.82,80.32,,32.92
2021-04-18 06:00:00,52.67,93.45,,32.92
2021-04-18 07:00:00,51.45,108.0,,32.92
2021-04-18 08:00:00,60.72,141.54,,32.92
2021-04-18 09:00:00,65.55,150.38,,32.92
2021-04-18 10:00:00,72.18,162.53,,32.92
2021-04-18 11:00:00,67.7,162.04,,32.92
2021-04-18 12:00:00,48.45,139.0,,32.92
2021-04-18 13:00:00,42.47,126.47,,32.92
2021-04-18 14:00:00,34.93,99.09,,32.92
2021-04-18 15:00:00,39.3,139.33,,32.92
2021-04-18 16:00:00,50.04,160.0,,32.92
2021-04-18 17:00:00,58.3,167.67,,32.92
2021-04-18 18:00:00,56.35,164.16,,32.92
2021-04-18 19:00:00,70.13,165.93,,32.92
2021-04-18 20:00:00,138.25,297.29,,32.92
2021-04-18 21:00:00,108.01,228.03,,32.92
2021-04-18 22:00:00,87.05,195.0,,32.92
2021-04-18 23:00:00,72.63,161.36,,32.92
2021-04-19 00:00:00,56.91,132.16,,32.92
2021-04-19 01:00:00,61.18,112.56,,32.92
2021-04-19 02:00:00,54.93,113.89,,32.92
2021-04-19 03:00:00,55.77,123.61,,32.92
2021-04-19 04:00:00,49.8,116.31,,32.92
2021-04-19 05:00:00,49.88,114.08,,32.92
2021-04-19 06:00:00,54.42,115.92,,32.92
2021-04-19 07:00:00,55.0,129.83,,32.92
2021-04-19 08:00:00,57.65,122.7,,32.92
2021-04-19 09:00:00,54.45,136.46,,32.92
2021-04-19 10:00:00,50.45,152.33,,32.92
2021-04-19 11:00:00,41.17,129.87,,32.92
2021-04-19 12:00:00,54.13,152.07,,32.92
2021-04-19 13:00:00,37.39,142.43,,32.92
2021-04-19 14:00:00,32.35,155.45,,32.92
2021-04-19 15:00:00,29.35,124.65,,32.92
2021-04-19 16:00:00,28.12,133.53,,32.92
2021-04-19 17:00:00,24.47,126.31,,32.92
2021-04-19 18:00:00,20.47,116.39,,32.92
2021-04-19 19:00:00,35.9,120.0,,32.92
2021-04-19 20:00:00,39.77,126.73,,32.92
2021-04-19 21:00:00,37.35,123.16,,32.92
2021-04-19 22:00:00,30.82,168.12,,32.92
2021-04-19 23:00:00,26.47,93.0,,32.92
2021-04-20 00:00:00,21.6,81.0,,32.92
2021-04-20 01:00:00,26.3,89.0,,32.92
2021-04-20 02:00:00,29.65,122.0,,32.92
2021-04-20 03:00:00,27.35,78.0,,32.92
2021-04-20 04:00:00,29.65,63.58,,32.92
2021-04-20 05:00:00,49.43,67.81,,32.92
2021-04-20 06:00:00,41.43,87.22,,32.92
2021-04-20 07:00:00,37.35,107.17,,32.92
2021-04-20 08:00:00,40.53,106.08,,32.92
2021-04-20 09:00:00,39.23,110.8,,32.92
2021-04-20 10:00:00,10.82,107.16,,32.92
2021-04-20 11:00:00,42.33,125.24,,32.92
2021-04-20 12:00:00,44.35,126.96,,32.92
2021-04-20 13:00:00,32.52,117.0,,32.92
2021-04-20 14:00:00,28.36,112.0,,32.92
2021-04-20 15:00:00,17.4,101.85,,32.92
2021-04-20 16:00:00,22.18,100.04,,32.92
2021-04-20 17:00:00,26.53,100.0,,32.92
2021-04-20 18:00:00,28.77,100.96,,32.92
2021-04-20 19:00:00,33.42,110.63,,32.92
2021-04-20 20:00:00,33.12,93.7,,32.92
2021-04-20 21:00:00,27.7,77.62,,32.92
2021-04-20 22:00:00,25.23,63.55,,32.92
2021-04-20 23:00:00,25.0,55.31,,32.92
2021-04-21 00:00:00,25.0,57.88,,32.92
2021-04-21 01:00:00,23.23,59.92,,32.92
2021-04-21 02:00:00,23.0,56.0,,32.92
2021-04-21 03:00:00,17.7,47.33,,32.92
2021-04-21 04:00:00,38.2,74.8,,32.92
2021-04-21 05:00:00,31.28,87.57,,32.92
2021-04-21 06:00:00,32.65,79.35,,32.92
2021-04-21 07:00:00,40.98,103.99,,32.92
2021-04-21 08:00:00,43.77,129.0,,32.92
2021-04-21 09:00:00,53.72,131.88,,32.92
2021-04-21 10:00:00,43.55,112.73,,32.92
2021-04-21 11:00:00,29.63,97.16,,32.92
2021-04-21 12:00:00,34.18,119.04,,32.92
2021-04-21 13:00:00,58.85,161.45,,32.92
2021-04-21 14:00:00,40.8,128.4,,32.92
2021-04-21 15:00:00,28.28,113.2,,32.92
2021-04-21 16:00:00,27.0,110.08,,32.92
2021-04-21 17:00:00,24.36,97.0,,32.92
2021-04-21 18:00:00,31.95,106.63,,32.92
2021-04-21 19:00:00,35.65,107.0,,32.92
2021-04-21 20:00:00,36.88,101.0,,32.92
2021-04-21 21:00:00,25.52,105.82,,32.92
2021-04-21 22:00:00,26.65,86.78,,32.92
2021-04-21 23:00:00,26.12,87.92,,32.92
2021-04-22 00:00:00,28.64,82.0,,32.92
2021-04-22 01:00:00,36.95,93.57,,32.92
2021-04-22 02:00:00,43.3,113.37,,32.92
2021-04-22 03:00:00,34.28,91.0,,32.92
2021-04-22 04:00:00,36.53,100.61,,32.92
2021-04-22 05:00:00,29.95,89.47,,32.92
2021-04-22 06:00:00,33.4,88.0,,32.92
2021-04-22 07:00:00,43.75,103.38,,32.92
2021-04-22 08:00:00,45.0,113.64,,32.92
2021-04-22 09:00:00,39.75,112.16,,32.92
2021-04-22 10:00:00,44.3,124.46,,32.92
2021-04-22 11:00:00,45.0,131.73,,32.92
2021-04-22 12:00:00,52.05,146.46,,32.92
2021-04-22 13:00:00,44.17,141.22,,32.92
2021-04-22 14:00:00,36.82,127.55,,32.92
2021-04-22 15:00:00,30.7,115.43,,32.92
2021-04-22 16:00:00,36.0,133.0,,32.92
2021-04-22 17:00:00,42.0,143.0,,32.92
2021-04-22 18:00:00,38.47,154.53,,32.92
2021-04-22 19:00:00,41.57,176.08,,32.92
2021-04-22 20:00:00,42.88,131.83,,32.92
2021-04-22 21:00:00,43.0,112.7,,32.92
2021-04-22 22:00:00,40.35,99.01,,32.92
2021-04-22 23:00:00,37.36,104.73,,32.92
2021-04-23 00:00:00,34.36,102.0,,32.92
2021-04-23 01:00:00,35.77,100.08,,32.92
2021-04-23 02:00:00,49.25,104.61,,32.92
2021-04-23 03:00:00,80.15,155.94,,32.92
2021-04-23 04:00:00,53.97,147.43,,32.92
2021-04-23 05:00:00,64.09,168.0,,32.92
2021-04-23 06:00:00,51.03,116.1,,32.92
2021-04-23 07:00:00,54.3,144.84,,32.92
2021-04-23 08:00:00,80.89,175.0,,32.92
2021-04-23 09:00:00,81.35,199.12,,32.92
2021-04-23 10:00:00,58.92,145.25,,32.92
2021-04-23 11:00:00,42.75,141.07,,32.92
2021-04-23 12:00:00,27.75,112.0,,32.92
2021-04-23 13:00:00,26.88,132.41,,32.92
2021-04-23 14:00:00,21.64,106.12,,32.92
2021-04-23 15:00:00,21.88,99.0,,32.92
2021-04-23 16:00:00,21.12,101.89,,32.92
2021-04-23 17:00:00,14.75,103.0,,32.92
2021-04-23 18:00:00,19.3,115.52,,32.92
2021-04-23 19:00:00,27.95,118.89,,32.92
2021-04-23 20:00:00,30.76,99.73,,32.92
2021-04-23 21:00:00,31.88,97.07,,32.92
2021-04-23 22:00:00,29.36,95.15,,32.92
2021-04-23 23:00:00,20.96,81.53,,32.92
2021-04-24 00:00:00,34.09,85.0,,32.92
2021-04-24 01:00:00,29.82,84.0,,32.92
2021-04-24 02:00:00,32.55,91.42,,32.92
2021-04-24 03:00:00,54.2,118.0,,32.92
2021-04-24 04:00:00,46.43,116.08,,32.92
2021-04-24 05:00:00,40.6,111.39,,32.92
2021-04-24 06:00:00,40.88,115.0,,32.92
2021-04-24 07:00:00,60.56,158.22,,32.92
2021-04-24 08:00:00,70.05,173.0,,32.92
2021-04-24 09:00:00,54.27,127.59,,32.92
2021-04-24 10:00:00,43.12,118.0,,32.92
2021-04-24 11:00:00,32.31,115.0,,32.92
2021-04-24 12:00:00,46.02,130.75,,32.92
2021-04-24 13:00:00,49.78,160.75,,32.92
2021-04-24 14:00:00,36.75,119.0,,32.92
2021-04-24 15:00:00,30.58,116.22,,32.92
2021-04-24 16:00:00,22.95,130.0,,32.92
2021-04-24 17:00:00,20.23,104.95,,32.92
2021-04-24 18:00:00,20.88,94.35,,32.92
2021-04-24 19:00:00,21.0,98.0,,32.92
2021-04-24 20:00:00,29.83,109.57,,32.92
2021-04-24 21:00:00,33.64,102.0,,32.92
2021-04-24 22:00:00,25.17,89.61,,32.92
2021-04-24 23:00:00,26.64,77.22,,32.92
2021-04-25 00:00:00,29.64,90.0,,32.92
2021-04-25 01:00:00,30.88,79.0,,32.92
2021-04-25 02:00:00,28.35,75.0,,32.92
2021-04-25 03:00:00,25.36,70.0,,32.92
2021-04-25 04:00:00,23.22,64.12,,32.92
2021-04-25 05:00:00,36.25,85.31,,32.92
2021-04-25 06:00:00,45.05,93.5,,32.92
2021-04-25 07:00:00,57.48,115.0,,32.92
2021-04-25 08:00:00,27.53,171.64,,32.92
2021-04-25 09:00:00,51.95,134.0,,32.92
2021-04-25 10:00:00,55.48,136.78,,32.92
2021-04-25 11:00:00,58.53,146.39,,32.92
2021-04-25 12:00:00,54.57,150.195,,32.92
2021-04-25 13:00:00,54.0,154.0,,32.92
2021-04-25 14:00:00,46.95,132.85,,32.92
2021-04-25 15:00:00,49.56388888888889,136.7472222222222,,32.92
2021-04-25 16:00:00,52.17777777777778,140.64444444444445,,32.92
2021-04-25 17:00:00,54.79166666666667,144.54166666666666,,32.92
2021-04-25 18:00:00,57.40555555555556,148.4388888888889,,32.92
2021-04-25 19:00:00,60.019444444444446,152.3361111111111,,32.92
2021-04-25 20:00:00,62.63333333333334,156.23333333333332,,32.92
2021-04-25 21:00:00,65.24722222222223,160.13055555555556,,32.92
2021-04-25 22:00:00,67.86111111111111,164.02777777777777,,32.92
2021-04-25 23:00:00,70.475,167.925,,32.92
2021-04-26 00:00:00,73.08888888888889,171.82222222222222,,32.92
2021-04-26 01:00:00,75.70277777777778,175.71944444444443,,32.92
2021-04-26 02:00:00,78.31666666666666,179.61666666666667,,32.92
2021-04-26 03:00:00,80.93055555555556,183.51388888888889,,32.92
2021-04-26 04:00:00,83.54444444444445,187.4111111111111,,32.92
2021-04-26 05:00:00,86.15833333333333,191.30833333333334,,32.92
2021-04-26 06:00:00,88.77222222222223,195.20555555555555,,32.92
2021-04-26 07:00:00,91.38611111111112,199.10277777777776,,32.92
2021-04-26 08:00:00,94.0,203.0,,32.92
2021-04-26 09:00:00,71.11,179.87,,32.92
2021-04-26 10:00:00,54.75,184.78,,32.92
2021-04-26 11:00:00,59.16,177.31,,32.92
2021-04-26 12:00:00,60.88,166.4,,32.92
2021-04-26 13:00:00,73.37,208.41,,32.92
2021-04-26 14:00:00,72.36,212.89,,32.92
2021-04-26 15:00:00,64.05,222.61,,32.92
2021-04-26 16:00:00,60.36,223.0,,32.92
2021-04-26 17:00:00,64.4,219.13,,32.92
2021-04-26 18:00:00,63.24,203.62,,32.92
2021-04-26 19:00:00,57.72,210.0,,32.92
2021-04-26 20:00:00,57.0,196.51,,32.92
2021-04-26 21:00:00,56.12,183.47,,32.92
2021-04-26 22:00:00,57.77,190.69,,32.92
2021-04-26 23:00:00,60.64,220.8,,32.92
2021-04-27 00:00:00,53.95,229.0,,32.92
2021-04-27 01:00:00,52.12,229.12943262411346,,32.92
2021-04-27 02:00:00,51.12,229.25886524822695,,32.92
2021-04-27 03:00:00,50.12,229.38829787234042,,32.92
2021-04-27 04:00:00,47.36,229.5177304964539,,32.92
2021-04-27 05:00:00,49.65,229.64716312056737,,32.92
2021-04-27 06:00:00,54.36,229.77659574468086,,32.92
2021-04-27 07:00:00,67.33,229.90602836879432,,32.92
2021-04-27 08:00:00,61.95,230.03546099290782,,32.92
2021-04-27 09:00:00,62.76,230.16489361702128,,32.92
2021-04-27 10:00:00,81.49,230.29432624113474,,32.92
2021-04-27 11:00:00,84.88,230.42375886524823,,32.92
2021-04-27 12:00:00,57.41,230.5531914893617,,32.92
2021-04-27 13:00:00,64.57,230.68262411347519,,32.92
2021-04-27 14:00:00,62.48,230.81205673758865,,32.92
2021-04-27 15:00:00,62.88,230.94148936170214,,32.92
2021-04-27 16:00:00,48.91,231.0709219858156,,32.92
2021-04-27 17:00:00,44.36,231.20035460992906,,32.92
2021-04-27 18:00:00,39.67,231.32978723404256,,32.92
2021-04-27 19:00:00,40.76,231.45921985815602,,32.92
2021-04-27 20:00:00,58.61,231.5886524822695,,32.92
2021-04-27 21:00:00,55.72,231.71808510638297,,32.92
2021-04-27 22:00:00,39.15,231.84751773049646,,32.92
2021-04-27 23:00:00,40.52,231.97695035460993,,32.92
2021-04-28 00:00:00,49.8,232.10638297872342,,32.92
2021-04-28 01:00:00,37.92,232.23581560283688,,32.92
2021-04-28 02:00:00,43.92,232.36524822695034,,32.92
2021-04-28 03:00:00,46.76,232.49468085106383,,32.92
2021-04-28 04:00:00,39.08,232.6241134751773,,32.92
2021-04-28 05:00:00,50.33,232.7535460992908,,32.92
2021-04-28 06:00:00,49.36,232.88297872340425,,32.92
2021-04-28 07:00:00,49.906666666666666,233.01241134751774,,32.92
2021-04-28 08:00:00,50.45333333333333,233.1418439716312,,32.92
2021-04-28 09:00:00,51.0,233.27127659574467,,32.92
2021-04-28 10:00:00,46.47,233.40070921985816,,32.92
2021-04-28 11:00:00,48.3525,233.53014184397162,,32.92
2021-04-28 12:00:00,50.235,233.6595744680851,,32.92
2021-04-28 13:00:00,52.1175,233.78900709219857,,32.92
2021-04-28 14:00:00,54.0,233.91843971631207,,32.92
2021-04-28 15:00:00,46.95,234.04787234042553,,32.92
2021-04-28 16:00:00,32.79,234.17730496453902,,32.92
2021-04-28 17:00:00,29.24,234.30673758865248,,32.92
2021-04-28 18:00:00,27.24,234.43617021276594,,32.92
2021-04-28 19:00:00,38.45,234.56560283687944,,32.92
2021-04-28 20:00:00,35.6,234.6950354609929,,32.92
2021-04-28 21:00:00,54.37,234.8244680851064,,32.92
2021-04-28 22:00:00,40.27,234.95390070921985,,32.92
2021-04-28 23:00:00,34.47,235.08333333333334,,32.92
2021-04-29 00:00:00,35.76,235.2127659574468,,32.92
2021-04-29 01:00:00,36.88,235.3421985815603,,32.92
2021-04-29 02:00:00,30.84,235.47163120567376,,32.92
2021-04-29 03:00:00,30.0,235.60106382978722,,32.92
2021-04-29 04:00:00,30.0,235.7304964539007,,32.92
2021-04-29 05:00:00,38.72,235.85992907801418,,32.92
2021-04-29 06:00:00,48.48,235.98936170212767,,32.92
2021-04-29 07:00:00,58.239999999999995,236.11879432624113,,32.92
2021-04-29 08:00:00,68.0,236.24822695035462,,32.92
2021-04-29 09:00:00,62.72,236.37765957446808,,32.92
2021-04-29 10:00:00,59.36,236.50709219858157,,32.92
2021-04-29 11:00:00,59.88,236.63652482269504,,32.92
2021-04-29 12:00:00,50.28,236.7659574468085,,32.92
2021-04-29 13:00:00,49.0,236.895390070922,,32.92
2021-04-29 14:00:00,55.14,237.02482269503545,,32.92
2021-04-29 15:00:00,55.74333333333333,237.15425531914894,,32.92
2021-04-29 16:00:00,56.346666666666664,237.2836879432624,,32.92
2021-04-29 17:00:00,56.95,237.4131205673759,,32.92
2021-04-29 18:00:00,57.553333333333335,237.54255319148936,,32.92
2021-04-29 19:00:00,58.156666666666666,237.67198581560282,,32.92
2021-04-29 20:00:00,58.76,237.80141843971631,,32.92
2021-04-29 21:00:00,59.36333333333333,237.93085106382978,,32.92
2021-04-29 22:00:00,59.96666666666667,238.06028368794327,,32.92
2021-04-29 23:00:00,60.57,238.18971631205673,,32.92
2021-04-30 00:00:00,61.17333333333333,238.31914893617022,,32.92
2021-04-30 01:00:00,61.776666666666664,238.44858156028369,,32.92
2021-04-30 02:00:00,62.38,238.57801418439715,,32.92
2021-04-30 03:00:00,62.983333333333334,238.70744680851064,,32.92
2021-04-30 04:00:00,63.586666666666666,238.8368794326241,,32.92
2021-04-30 05:00:00,64.19,238.9663120567376,,32.92
2021-04-30 06:00:00,64.79333333333334,239.09574468085106,,32.92
2021-04-30 07:00:00,65.39666666666666,239.22517730496455,,32.92
2021-04-30 08:00:00,66.0,239.354609929078,,32.92
2021-04-30 09:00:00,71.28,239.4840425531915,,32.92
2021-04-30 10:00:00,73.75,239.61347517730496,,32.92
2021-04-30 11:00:00,54.69,239.74290780141843,,32.92
2021-04-30 12:00:00,55.52,239.87234042553192,,32.92
2021-04-30 13:00:00,57.76,240.00177304964538,,32.92
2021-04-30 14:00:00,47.43,240.13120567375887,,32.92
2021-04-30 15:00:00,34.55,240.26063829787233,,32.92
2021-04-30 16:00:00,36.152631578947364,240.39007092198582,,32.92
2021-04-30 17:00:00,37.75526315789473,240.5195035460993,,32.92
2021-04-30 18:00:00,39.357894736842105,240.64893617021278,,32.92
2021-04-30 19:00:00,40.96052631578947,240.77836879432624,,32.92
2021-04-30 20:00:00,42.56315789473684,240.9078014184397,,32.92
2021-04-30 21:00:00,44.16578947368421,241.0372340425532,,32.92
2021-04-30 22:00:00,45.76842105263158,241.16666666666666,,32.92
2021-04-30 23:00:00,47.37105263157895,241.29609929078015,,32.92
2021-05-01 00:00:00,48.973684210526315,241.4255319148936,,32.92
2021-05-01 01:00:00,50.57631578947368,241.5549645390071,,32.92
2021-05-01 02:00:00,52.17894736842105,241.68439716312056,,32.92
2021-05-01 03:00:00,53.781578947368416,241.81382978723406,,32.92
2021-05-01 04:00:00,55.38421052631579,241.94326241134752,,32.92
2021-05-01 05:00:00,56.98684210526316,242.07269503546098,,32.92
2021-05-01 06:00:00,58.58947368421053,242.20212765957447,,32.92
2021-05-01 07:00:00,60.1921052631579,242.33156028368793,,32.92
2021-05-01 08:00:00,61.794736842105266,242.46099290780143,,32.92
2021-05-01 09:00:00,63.39736842105263,242.5904255319149,,32.92
2021-05-01 10:00:00,65.0,242.71985815602838,,32.92
2021-05-01 11:00:00,65.0,242.84929078014184,,32.92
2021-05-01 12:00:00,65.0,242.9787234042553,,32.92
2021-05-01 13:00:00,65.0,243.1081560283688,,32.92
2021-05-01 14:00:00,60.0,243.23758865248226,,32.92
2021-05-01 15:00:00,55.0,243.36702127659575,,32.92
2021-05-01 16:00:00,43.59,243.4964539007092,,32.92
2021-05-01 17:00:00,33.2,243.6258865248227,,32.92
2021-05-01 18:00:00,24.07,243.75531914893617,,32.92
2021-05-01 19:00:00,31.8,243.88475177304966,,32.92
2021-05-01 20:00:00,39.16,244.01418439716312,,32.92
2021-05-01 21:00:00,47.05,244.14361702127658,,32.92
2021-05-01 22:00:00,38.31,244.27304964539007,,32.92
2021-05-01 23:00:00,37.88,244.40248226950354,,32.92
2021-05-02 00:00:00,35.37,244.53191489361703,,32.92
2021-05-02 01:00:00,57.88,244.6613475177305,,32.92
2021-05-02 02:00:00,53.1,244.79078014184398,,32.92
2021-05-02 03:00:00,53.76,244.92021276595744,,32.92
2021-05-02 04:00:00,63.66,245.0496453900709,,32.92
2021-05-02 05:00:00,75.57,245.1790780141844,,32.92
2021-05-02 06:00:00,62.08,245.30851063829786,,32.92
2021-05-02 07:00:00,41.51,245.43794326241135,,32.92
2021-05-02 08:00:00,45.16,245.56737588652481,,32.92
2021-05-02 09:00:00,38.95,245.6968085106383,,32.92
2021-05-02 10:00:00,34.48,245.82624113475177,,32.92
2021-05-02 11:00:00,39.28,245.95567375886526,,32.92
2021-05-02 12:00:00,20.69,246.08510638297872,,32.92
2021-05-02 13:00:00,39.95,246.21453900709218,,32.92
2021-05-02 14:00:00,37.72,246.34397163120568,,32.92
2021-05-02 15:00:00,37.87,246.47340425531914,,32.92
2021-05-02 16:00:00,30.05,246.60283687943263,,32.92
2021-05-02 17:00:00,25.49,246.7322695035461,,32.92
2021-05-02 18:00:00,26.76,246.86170212765958,,32.92
2021-05-02 19:00:00,49.89,246.99113475177305,,32.92
2021-05-02 20:00:00,42.44,247.12056737588654,,32.92
2021-05-02 21:00:00,34.84,247.25,,32.92
2021-05-02 22:00:00,44.53,247.37943262411346,,32.92
2021-05-02 23:00:00,50.4,247.50886524822695,,32.92
2021-05-03 00:00:00,46.61,247.63829787234042,,32.92
2021-05-03 01:00:00,49.52,247.7677304964539,,32.92
2021-05-03 02:00:00,50.88,247.89716312056737,,32.92
2021-05-03 03:00:00,59.8,248.02659574468086,,32.92
2021-05-03 04:00:00,54.86,248.15602836879432,,32.92
2021-05-03 05:00:00,49.61,248.28546099290782,,32.92
2021-05-03 06:00:00,56.74,248.41489361702128,,32.92
2021-05-03 07:00:00,63.87,248.54432624113474,,32.92
2021-05-03 08:00:00,71.0,248.67375886524823,,32.92
2021-05-03 09:00:00,71.88,248.8031914893617,,32.92
2021-05-03 10:00:00,52.63,248.93262411347519,,32.92
2021-05-03 11:00:00,44.0,249.06205673758865,,32.92
2021-05-03 12:00:00,43.5,249.1914893617021,,32.92
2021-05-03 13:00:00,43.0,249.3209219858156,,32.92
2021-05-03 14:00:00,44.1578947368421,249.45035460992906,,32.92
2021-05-03 15:00:00,45.31578947368421,249.57978723404256,,32.92
2021-05-03 16:00:00,46.473684210526315,249.70921985815602,,32.92
2021-05-03 17:00:00,47.631578947368425,249.8386524822695,,32.92
2021-05-03 18:00:00,48.78947368421053,249.96808510638297,,32.92
2021-05-03 19:00:00,49.94736842105263,250.09751773049646,,32.92
2021-05-03 20:00:00,51.10526315789474,250.22695035460993,,32.92
2021-05-03 21:00:00,52.26315789473684,250.3563829787234,,32.92
2021-05-03 22:00:00,53.421052631578945,250.48581560283688,,32.92
2021-05-03 23:00:00,54.578947368421055,250.61524822695034,,32.92
2021-05-04 00:00:00,55.73684210526316,250.74468085106383,,32.92
2021-05-04 01:00:00,56.89473684210526,250.8741134751773,,32.92
2021-05-04 02:00:00,58.05263157894737,251.0035460992908,,32.92
2021-05-04 03:00:00,59.21052631578947,251.13297872340425,,32.92
2021-05-04 04:00:00,60.368421052631575,251.26241134751774,,32.92
2021-05-04 05:00:00,61.526315789473685,251.3918439716312,,32.92
2021-05-04 06:00:00,62.684210526315795,251.52127659574467,,32.92
2021-05-04 07:00:00,63.8421052631579,251.65070921985816,,32.92
2021-05-04 08:00:00,65.0,251.78014184397162,,32.92
2021-05-04 09:00:00,47.45,251.9095744680851,,32.92
2021-05-04 10:00:00,47.64,252.03900709219857,,32.92
2021-05-04 11:00:00,49.76,252.16843971631207,,32.92
2021-05-04 12:00:00,44.72,252.29787234042553,,32.92
2021-05-04 13:00:00,40.49,252.42730496453902,,32.92
2021-05-04 14:00:00,42.30375,252.55673758865248,,32.92
2021-05-04 15:00:00,44.1175,252.68617021276594,,32.92
2021-05-04 16:00:00,45.93125,252.81560283687944,,32.92
2021-05-04 17:00:00,47.745000000000005,252.9450354609929,,32.92
2021-05-04 18:00:00,49.55875,253.0744680851064,,32.92
2021-05-04 19:00:00,51.3725,253.20390070921985,,32.92
2021-05-04 20:00:00,53.18625,253.33333333333334,,32.92
2021-05-04 21:00:00,55.0,253.4627659574468,,32.92
2021-05-04 22:00:00,46.2,253.5921985815603,,32.92
2021-05-04 23:00:00,59.05,253.72163120567376,,32.92
2021-05-05 00:00:00,54.86,253.85106382978722,,32.92
2021-05-05 01:00:00,58.4,253.9804964539007,,32.92
2021-05-05 02:00:00,51.18,254.10992907801418,,32.92
2021-05-05 03:00:00,49.12,254.23936170212767,,32.92
2021-05-05 04:00:00,56.9,254.36879432624113,,32.92
2021-05-05 05:00:00,51.86,254.49822695035462,,32.92
2021-05-05 06:00:00,49.24,254.62765957446808,,32.92
2021-05-05 07:00:00,68.31,254.75709219858157,,32.92
2021-05-05 08:00:00,70.12,254.88652482269504,,32.92
2021-05-05 09:00:00,71.76,255.0159574468085,,32.92
2021-05-05 10:00:00,57.95,255.145390070922,,32.92
2021-05-05 11:00:00,56.0,255.27482269503545,,32.92
2021-05-05 12:00:00,41.95,255.40425531914894,,32.92
2021-05-05 13:00:00,43.02,255.5336879432624,,32.92
2021-05-05 14:00:00,43.419000000000004,255.66312056737587,,32.92
2021-05-05 15:00:00,43.818000000000005,255.79255319148936,,32.92
2021-05-05 16:00:00,44.217000000000006,255.92198581560282,,32.92
2021-05-05 17:00:00,44.616,256.0514184397163,,32.92
2021-05-05 18:00:00,45.015,256.1808510638298,,32.92
2021-05-05 19:00:00,45.414,256.31028368794324,,32.92
2021-05-05 20:00:00,45.813,256.43971631205676,,32.92
2021-05-05 21:00:00,46.212,256.5691489361702,,32.92
2021-05-05 22:00:00,46.611000000000004,256.6985815602837,,32.92
2021-05-05 23:00:00,47.010000000000005,256.82801418439715,,32.92
2021-05-06 00:00:00,47.409,256.9574468085106,,32.92
2021-05-06 01:00:00,47.808,257.08687943262413,,32.92
2021-05-06 02:00:00,48.207,257.2163120567376,,32.92
2021-05-06 03:00:00,48.606,257.34574468085106,,32.92
2021-05-06 04:00:00,49.005,257.4751773049645,,32.92
2021-05-06 05:00:00,49.404,257.60460992907804,,32.92
2021-05-06 06:00:00,49.803,257.7340425531915,,32.92
2021-05-06 07:00:00,50.202,257.86347517730496,,32.92
2021-05-06 08:00:00,50.601,257.9929078014184,,32.92
2021-05-06 09:00:00,51.0,258.1223404255319,,32.92
2021-05-06 10:00:00,45.73,258.2517730496454,,32.92
2021-05-06 11:00:00,48.02,258.38120567375887,,32.92
2021-05-06 12:00:00,44.392500000000005,258.51063829787233,,32.92
2021-05-06 13:00:00,40.765,258.6400709219858,,32.92
2021-05-06 14:00:00,37.1375,258.7695035460993,,32.92
2021-05-06 15:00:00,33.510000000000005,258.8989361702128,,32.92
2021-05-06 16:00:00,29.8825,259.02836879432624,,32.92
2021-05-06 17:00:00,26.255000000000003,259.1578014184397,,32.92
2021-05-06 18:00:00,22.6275,259.28723404255317,,32.92
2021-05-06 19:00:00,19.0,259.4166666666667,,32.92
2021-05-06 20:00:00,30.41,259.54609929078015,,32.92
2021-05-06 21:00:00,30.25,259.6755319148936,,32.92
2021-05-06 22:00:00,31.75,259.8049645390071,,32.92
2021-05-06 23:00:00,32.0,259.9343971631206,,32.92
2021-05-07 00:00:00,36.38,260.06382978723406,,32.92
2021-05-07 01:00:00,37.87,260.1932624113475,,32.92
2021-05-07 02:00:00,24.83,260.322695035461,,32.92
2021-05-07 03:00:00,34.41,260.45212765957444,,32.92
2021-05-07 04:00:00,26.34,260.58156028368796,,32.92
2021-05-07 05:00:00,25.88,260.7109929078014,,32.92
2021-05-07 06:00:00,23.37,260.8404255319149,,32.92
2021-05-07 07:00:00,30.02,260.96985815602835,,32.92
2021-05-07 08:00:00,37.05,261.0992907801418,,32.92
2021-05-07 09:00:00,35.49,261.22872340425533,,32.92
2021-05-07 10:00:00,38.51,261.3581560283688,,32.92
2021-05-07 11:00:00,34.61,261.48758865248226,,32.92
2021-05-07 12:00:00,36.63,261.6170212765957,,32.92
2021-05-07 13:00:00,37.88,261.74645390070924,,32.92
2021-05-07 14:00:00,46.31,261.8758865248227,,32.92
2021-05-07 15:00:00,45.864285714285714,262.00531914893617,,32.92
2021-05-07 16:00:00,45.41857142857143,262.13475177304963,,32.92
2021-05-07 17:00:00,44.972857142857144,262.26418439716315,,32.92
2021-05-07 18:00:00,44.527142857142856,262.3936170212766,,32.92
2021-05-07 19:00:00,44.08142857142857,262.5230496453901,,32.92
2021-05-07 20:00:00,43.635714285714286,262.65248226950354,,32.92
2021-05-07 21:00:00,43.19,262.781914893617,,32.92
2021-05-07 22:00:00,42.24,262.9113475177305,,32.92
2021-05-07 23:00:00,40.25,263.040780141844,,32.92
2021-05-08 00:00:00,41.76,263.17021276595744,,32.92
2021-05-08 01:00:00,27.04,263.2996453900709,,32.92
2021-05-08 02:00:00,28.51,263.42907801418437,,32.92
2021-05-08 03:00:00,28.12,263.5585106382979,,32.92
2021-05-08 04:00:00,31.52,263.68794326241135,,32.92
2021-05-08 05:00:00,27.61,263.8173758865248,,32.92
2021-05-08 06:00:00,32.27,263.9468085106383,,32.92
2021-05-08 07:00:00,33.0,264.07624113475174,,32.92
2021-05-08 08:00:00,31.24,264.20567375886526,,32.92
2021-05-08 09:00:00,44.17,264.3351063829787,,32.92
2021-05-08 10:00:00,50.49,264.4645390070922,,32.92
2021-05-08 11:00:00,40.47,264.59397163120565,,32.92
2021-05-08 12:00:00,40.536521739130436,264.72340425531917,,32.92
2021-05-08 13:00:00,40.603043478260865,264.85283687943263,,32.92
2021-05-08 14:00:00,40.6695652173913,264.9822695035461,,32.92
2021-05-08 15:00:00,40.73608695652174,265.11170212765956,,32.92
2021-05-08 16:00:00,40.802608695652175,265.2411347517731,,32.92
2021-05-08 17:00:00,40.869130434782605,265.37056737588654,,32.92
2021-05-08 18:00:00,40.93565217391304,265.5,,32.92
2021-05-08 19:00:00,41.00217391304348,265.62943262411346,,32.92
2021-05-08 20:00:00,41.068695652173915,265.7588652482269,,32.92
2021-05-08 21:00:00,41.135217391304344,265.88829787234044,,32.92
2021-05-08 22:00:00,41.20173913043478,266.0177304964539,,32.92
2021-05-08 23:00:00,41.26826086956522,266.14716312056737,,32.92
2021-05-09 00:00:00,41.334782608695654,266.27659574468083,,32.92
2021-05-09 01:00:00,41.401304347826084,266.4060283687943,,32.92
2021-05-09 02:00:00,41.46782608695652,266.5354609929078,,32.92
2021-05-09 03:00:00,41.53434782608696,266.6648936170213,,32.92
2021-05-09 04:00:00,41.600869565217394,266.79432624113474,,32.92
2021-05-09 05:00:00,41.667391304347824,266.9237588652482,,32.92
2021-05-09 06:00:00,41.73391304347826,267.0531914893617,,32.92
2021-05-09 07:00:00,41.8004347826087,267.1826241134752,,32.92
2021-05-09 08:00:00,41.86695652173913,267.31205673758865,,32.92
2021-05-09 09:00:00,41.93347826086956,267.4414893617021,,32.92
2021-05-09 10:00:00,42.0,267.57092198581563,,32.92
2021-05-09 11:00:00,47.25,267.7003546099291,,32.92
2021-05-09 12:00:00,44.49,267.82978723404256,,32.92
2021-05-09 13:00:00,45.75,267.959219858156,,32.92
2021-05-09 14:00:00,42.291666666666664,268.0886524822695,,32.92
2021-05-09 15:00:00,38.833333333333336,268.218085106383,,32.92
2021-05-09 16:00:00,35.375,268.34751773049646,,32.92
2021-05-09 17:00:00,31.916666666666664,268.4769503546099,,32.92
2021-05-09 18:00:00,28.458333333333332,268.6063829787234,,32.92
2021-05-09 19:00:00,25.0,268.73581560283685,,32.92
2021-05-09 20:00:00,18.0,268.86524822695037,,32.92
2021-05-09 21:00:00,22.25,268.99468085106383,,32.92
2021-05-09 22:00:00,26.5,269.1241134751773,,32.92
2021-05-09 23:00:00,23.49,269.25354609929076,,32.92
2021-05-10 00:00:00,21.25,269.3829787234042,,32.92
2021-05-10 01:00:00,15.73,269.51241134751774,,32.92
2021-05-10 02:00:00,18.51,269.6418439716312,,32.92
2021-05-10 03:00:00,20.75,269.77127659574467,,32.92
2021-05-10 04:00:00,19.25,269.90070921985813,,32.92
2021-05-10 05:00:00,23.38,270.03014184397165,,32.92
2021-05-10 06:00:00,20.49,270.1595744680851,,32.92
2021-05-10 07:00:00,23.78,270.2890070921986,,32.92
2021-05-10 08:00:00,23.25,270.41843971631204,,32.92
2021-05-10 09:00:00,18.61,270.54787234042556,,32.92
2021-05-10 10:00:00,18.88,270.677304964539,,32.92
2021-05-10 11:00:00,28.62,270.8067375886525,,32.92
2021-05-10 12:00:00,27.9175,270.93617021276594,,32.92
2021-05-10 13:00:00,27.215,271.0656028368794,,32.92
2021-05-10 14:00:00,26.5125,271.1950354609929,,32.92
2021-05-10 15:00:00,25.810000000000002,271.3244680851064,,32.92
2021-05-10 16:00:00,25.1075,271.45390070921985,,32.92
2021-05-10 17:00:00,24.405,271.5833333333333,,32.92
2021-05-10 18:00:00,23.7025,271.7127659574468,,32.92
2021-05-10 19:00:00,23.0,271.8421985815603,,32.92
2021-05-10 20:00:00,19.49,271.97163120567376,,32.92
2021-05-10 21:00:00,53.19,272.1010638297872,,32.92
2021-05-10 22:00:00,30.79,272.2304964539007,,32.92
2021-05-10 23:00:00,23.49,272.3599290780142,,32.92
2021-05-11 00:00:00,26.5,272.48936170212767,,32.92
2021-05-11 01:00:00,27.0,272.61879432624113,,32.92
2021-05-11 02:00:00,18.22,272.7482269503546,,32.92
2021-05-11 03:00:00,18.75,272.8776595744681,,32.92
2021-05-11 04:00:00,16.38,273.0070921985816,,32.92
2021-05-11 05:00:00,8.0,273.13652482269504,,32.92
2021-05-11 06:00:00,20.12,273.2659574468085,,32.92
2021-05-11 07:00:00,30.0,273.39539007092196,,32.92
2021-05-11 08:00:00,45.88,273.5248226950355,,32.92
2021-05-11 09:00:00,30.5,273.65425531914894,,32.92
2021-05-11 10:00:00,27.12,273.7836879432624,,32.92
2021-05-11 11:00:00,29.64,273.91312056737587,,32.92
2021-05-11 12:00:00,23.88,274.04255319148933,,32.92
2021-05-11 13:00:00,26.51,274.17198581560285,,32.92
2021-05-11 14:00:00,26.425,274.3014184397163,,32.92
2021-05-11 15:00:00,26.34,274.4308510638298,,32.92
2021-05-11 16:00:00,26.255000000000003,274.56028368794324,,32.92
2021-05-11 17:00:00,26.17,274.68971631205676,,32.92
2021-05-11 18:00:00,26.085,274.8191489361702,,32.92
2021-05-11 19:00:00,26.0,274.9485815602837,,32.92
2021-05-11 20:00:00,30.38,275.07801418439715,,32.92
2021-05-11 21:00:00,27.46,275.20744680851067,,32.92
2021-05-11 22:00:00,31.38,275.33687943262413,,32.92
2021-05-11 23:00:00,20.62,275.4663120567376,,32.92
2021-05-12 00:00:00,19.88,275.59574468085106,,32.92
2021-05-12 01:00:00,18.25,275.7251773049645,,32.92
2021-05-12 02:00:00,18.0,275.85460992907804,,32.92
2021-05-12 03:00:00,22.38,275.9840425531915,,32.92
2021-05-12 04:00:00,18.62,276.11347517730496,,32.92
2021-05-12 05:00:00,24.12,276.2429078014184,,32.92
2021-05-12 06:00:00,15.34,276.3723404255319,,32.92
2021-05-12 07:00:00,26.09,276.5017730496454,,32.92
2021-05-12 08:00:00,24.545,276.63120567375887,,32.92
2021-05-12 09:00:00,23.0,276.76063829787233,,32.92
2021-05-12 10:00:00,23.88,276.8900709219858,,32.92
2021-05-12 11:00:00,24.0,277.01950354609926,,32.92
2021-05-12 12:00:00,23.12,277.1489361702128,,32.92
2021-05-12 13:00:00,32.66,277.27836879432624,,32.92
2021-05-12 14:00:00,24.96,277.4078014184397,,32.92
2021-05-12 15:00:00,23.48,277.53723404255317,,32.92
2021-05-12 16:00:00,22.0,277.6666666666667,,32.92
2021-05-12 17:00:00,21.0,277.79609929078015,,32.92
2021-05-12 18:00:00,20.0,277.9255319148936,,32.92
2021-05-12 19:00:00,19.0,278.0549645390071,,32.92
2021-05-12 20:00:00,18.0,278.1843971631206,,32.92
2021-05-12 21:00:00,17.0,278.31382978723406,,32.92
2021-05-12 22:00:00,19.63,278.4432624113475,,32.92
2021-05-12 23:00:00,20.0,278.572695035461,,32.92
2021-05-13 00:00:00,16.51,278.70212765957444,,32.92
2021-05-13 01:00:00,17.75,278.83156028368796,,32.92
2021-05-13 02:00:00,17.12,278.9609929078014,,32.92
2021-05-13 03:00:00,16.12,279.0904255319149,,32.92
2021-05-13 04:00:00,24.75,279.21985815602835,,32.92
2021-05-13 05:00:00,18.12,279.3492907801418,,32.92
2021-05-13 06:00:00,22.25,279.47872340425533,,32.92
2021-05-13 07:00:00,32.66,279.6081560283688,,32.92
2021-05-13 08:00:00,41.88,279.73758865248226,,32.92
2021-05-13 09:00:00,35.1,279.8670212765957,,32.92
2021-05-13 10:00:00,30.49,279.99645390070924,,32.92
2021-05-13 11:00:00,29.546666666666667,280.1258865248227,,32.92
2021-05-13 12:00:00,28.60333333333333,280.25531914893617,,32.92
2021-05-13 13:00:00,27.66,280.38475177304963,,32.92
2021-05-13 14:00:00,26.716666666666665,280.51418439716315,,32.92
2021-05-13 15:00:00,25.773333333333333,280.6436170212766,,32.92
2021-05-13 16:00:00,24.83,280.7730496453901,,32.92
2021-05-13 17:00:00,23.886666666666667,280.90248226950354,,32.92
2021-05-13 18:00:00,22.943333333333335,281.031914893617,,32.92
2021-05-13 19:00:00,22.0,281.1613475177305,,32.92
2021-05-13 20:00:00,28.14,281.290780141844,,32.92
2021-05-13 21:00:00,26.38,281.42021276595744,,32.92
2021-05-13 22:00:00,24.23,281.5496453900709,,32.92
2021-05-13 23:00:00,22.25,281.67907801418437,,32.92
2021-05-14 00:00:00,27.23,281.8085106382979,,32.92
2021-05-14 01:00:00,23.61,281.93794326241135,,32.92
2021-05-14 02:00:00,20.38,282.0673758865248,,32.92
2021-05-14 03:00:00,26.14,282.1968085106383,,32.92
2021-05-14 04:00:00,31.38,282.32624113475174,,32.92
2021-05-14 05:00:00,30.25,282.45567375886526,,32.92
2021-05-14 06:00:00,41.38,282.5851063829787,,32.92
2021-05-14 07:00:00,37.92,282.7145390070922,,32.92
2021-05-14 08:00:00,34.46,282.84397163120565,,32.92
2021-05-14 09:00:00,31.0,282.97340425531917,,32.92
2021-05-14 10:00:00,30.12,283.10283687943263,,32.92
2021-05-14 11:00:00,32.62,283.2322695035461,,32.92
2021-05-14 12:00:00,25.1,283.36170212765956,,32.92
2021-05-14 13:00:00,36.29,283.4911347517731,,32.92
2021-05-14 14:00:00,37.677142857142854,283.62056737588654,,32.92
2021-05-14 15:00:00,39.06428571428572,283.75,,32.92
2021-05-14 16:00:00,40.45142857142857,283.87943262411346,,32.92
2021-05-14 17:00:00,41.83857142857143,284.0088652482269,,32.92
2021-05-14 18:00:00,43.22571428571428,284.13829787234044,,32.92
2021-05-14 19:00:00,44.612857142857145,284.2677304964539,,32.92
2021-05-14 20:00:00,46.0,284.39716312056737,,32.92
2021-05-14 21:00:00,29.38,284.52659574468083,,32.92
2021-05-14 22:00:00,28.75,284.6560283687943,,32.92
2021-05-14 23:00:00,29.88,284.7854609929078,,32.92
2021-05-15 00:00:00,24.75,284.9148936170213,,32.92
2021-05-15 01:00:00,29.25,285.04432624113474,,32.92
2021-05-15 02:00:00,26.5,285.1737588652482,,32.92
2021-05-15 03:00:00,25.12,285.3031914893617,,32.92
2021-05-15 04:00:00,22.38,285.4326241134752,,32.92
2021-05-15 05:00:00,22.0,285.56205673758865,,32.92
2021-05-15 06:00:00,26.0,285.6914893617021,,32.92
2021-05-15 07:00:00,30.0,285.82092198581563,,32.92
2021-05-15 08:00:00,34.0,285.9503546099291,,32.92
2021-05-15 09:00:00,53.25,286.07978723404256,,32.92
2021-05-15 10:00:00,56.88,286.209219858156,,32.92
2021-05-15 11:00:00,82.38,286.3386524822695,,32.92
2021-05-15 12:00:00,93.88,286.468085106383,,32.92
2021-05-15 13:00:00,85.3,286.59751773049646,,32.92
2021-05-15 14:00:00,70.88,286.7269503546099,,32.92
2021-05-15 15:00:00,65.5,286.8563829787234,,32.92
2021-05-15 16:00:00,62.78125,286.98581560283685,,32.92
2021-05-15 17:00:00,60.0625,287.11524822695037,,32.92
2021-05-15 18:00:00,57.34375,287.24468085106383,,32.92
2021-05-15 19:00:00,54.625,287.3741134751773,,32.92
2021-05-15 20:00:00,51.90625,287.50354609929076,,32.92
2021-05-15 21:00:00,49.1875,287.6329787234042,,32.92
2021-05-15 22:00:00,46.46875,287.76241134751774,,32.92
2021-05-15 23:00:00,43.75,287.8918439716312,,32.92
2021-05-16 00:00:00,41.03125,288.02127659574467,,32.92
2021-05-16 01:00:00,38.3125,288.15070921985813,,32.92
2021-05-16 02:00:00,35.59375,288.28014184397165,,32.92
2021-05-16 03:00:00,32.875,288.4095744680851,,32.92
2021-05-16 04:00:00,30.15625,288.5390070921986,,32.92
2021-05-16 05:00:00,27.4375,288.66843971631204,,32.92
2021-05-16 06:00:00,24.71875,288.79787234042556,,32.92
2021-05-16 07:00:00,22.0,288.927304964539,,32.92
2021-05-16 08:00:00,19.5,289.0567375886525,,32.92
2021-05-16 09:00:00,17.0,289.18617021276594,,32.92
2021-05-16 10:00:00,16.5,289.3156028368794,,32.92
2021-05-16 11:00:00,15.25,289.4450354609929,,32.92
2021-05-16 12:00:00,14.0,289.5744680851064,,32.92
2021-05-16 13:00:00,14.0,289.70390070921985,,32.92
2021-05-16 14:00:00,10.5,289.8333333333333,,32.92
2021-05-16 15:00:00,5.62,289.9627659574468,,32.92
2021-05-16 16:00:00,5.818333333333333,290.0921985815603,,32.92
2021-05-16 17:00:00,6.016666666666667,290.22163120567376,,32.92
2021-05-16 18:00:00,6.215,290.3510638297872,,32.92
2021-05-16 19:00:00,6.413333333333333,290.4804964539007,,32.92
2021-05-16 20:00:00,6.611666666666666,290.6099290780142,,32.92
2021-05-16 21:00:00,6.8100000000000005,290.73936170212767,,32.92
2021-05-16 22:00:00,7.008333333333334,290.86879432624113,,32.92
2021-05-16 23:00:00,7.206666666666667,290.9982269503546,,32.92
2021-05-17 00:00:00,7.405,291.1276595744681,,32.92
2021-05-17 01:00:00,7.6033333333333335,291.2570921985816,,32.92
2021-05-17 02:00:00,7.801666666666667,291.38652482269504,,32.92
2021-05-17 03:00:00,8.0,291.5159574468085,,32.92
2021-05-17 04:00:00,12.0,291.64539007092196,,32.92
2021-05-17 05:00:00,16.0,291.7748226950355,,32.92
2021-05-17 06:00:00,21.38,291.90425531914894,,32.92
2021-05-17 07:00:00,27.0,292.0336879432624,,32.92
2021-05-17 08:00:00,25.916666666666668,292.16312056737587,,32.92
2021-05-17 09:00:00,24.833333333333332,292.29255319148933,,32.92
2021-05-17 10:00:00,23.75,292.42198581560285,,32.92
2021-05-17 11:00:00,22.666666666666668,292.5514184397163,,32.92
2021-05-17 12:00:00,21.583333333333336,292.6808510638298,,32.92
2021-05-17 13:00:00,20.5,292.81028368794324,,32.92
2021-05-17 14:00:00,19.416666666666668,292.9397163120567,,32.92
2021-05-17 15:00:00,18.333333333333336,293.0691489361702,,32.92
2021-05-17 16:00:00,17.25,293.1985815602837,,32.92
2021-05-17 17:00:00,16.166666666666668,293.32801418439715,,32.92
2021-05-17 18:00:00,15.083333333333334,293.45744680851067,,32.92
2021-05-17 19:00:00,14.0,293.58687943262413,,32.92
2021-05-17 20:00:00,12.916666666666668,293.7163120567376,,32.92
2021-05-17 21:00:00,11.833333333333334,293.84574468085106,,32.92
2021-05-17 22:00:00,10.75,293.9751773049645,,32.92
2021-05-17 23:00:00,9.666666666666668,294.10460992907804,,32.92
2021-05-18 00:00:00,8.583333333333336,294.2340425531915,,32.92
2021-05-18 01:00:00,7.5,294.36347517730496,,32.92
2021-05-18 02:00:00,6.416666666666668,294.4929078014184,,32.92
2021-05-18 03:00:00,5.333333333333336,294.6223404255319,,32.92
2021-05-18 04:00:00,4.25,294.7517730496454,,32.92
2021-05-18 05:00:00,3.166666666666668,294.88120567375887,,32.92
2021-05-18 06:00:00,2.0833333333333357,295.01063829787233,,32.92
2021-05-18 07:00:00,1.0,295.1400709219858,,32.92
2021-05-18 08:00:00,3.62,295.26950354609926,,32.92
2021-05-18 09:00:00,6.62,295.3989361702128,,32.92
2021-05-18 10:00:00,7.662222222222223,295.52836879432624,,32.92
2021-05-18 11:00:00,8.704444444444444,295.6578014184397,,32.92
2021-05-18 12:00:00,9.746666666666666,295.7872340425532,,32.92
2021-05-18 13:00:00,10.788888888888888,295.91666666666663,,32.92
2021-05-18 14:00:00,11.83111111111111,296.04609929078015,,32.92
2021-05-18 15:00:00,12.873333333333333,296.1755319148936,,32.92
2021-05-18 16:00:00,13.915555555555557,296.3049645390071,,32.92
2021-05-18 17:00:00,14.957777777777778,296.4343971631206,,32.92
2021-05-18 18:00:00,16.0,296.56382978723406,,32.92
2021-05-18 19:00:00,22.0,296.6932624113475,,32.92
2021-05-18 20:00:00,28.0,296.822695035461,,32.92
2021-05-18 21:00:00,28.0,296.95212765957444,,32.92
2021-05-18 22:00:00,23.62,297.08156028368796,,32.92
2021-05-18 23:00:00,18.62,297.2109929078014,,32.92
2021-05-19 00:00:00,19.75,297.3404255319149,,32.92
2021-05-19 01:00:00,20.395833333333332,297.46985815602835,,32.92
2021-05-19 02:00:00,21.041666666666668,297.5992907801418,,32.92
2021-05-19 03:00:00,21.6875,297.72872340425533,,32.92
2021-05-19 04:00:00,22.333333333333332,297.8581560283688,,32.92
2021-05-19 05:00:00,22.979166666666668,297.98758865248226,,32.92
2021-05-19 06:00:00,23.625,298.1170212765957,,32.92
2021-05-19 07:00:00,24.270833333333336,298.2464539007092,,32.92
2021-05-19 08:00:00,24.916666666666668,298.3758865248227,,32.92
2021-05-19 09:00:00,25.5625,298.50531914893617,,32.92
2021-05-19 10:00:00,26.208333333333336,298.63475177304963,,32.92
2021-05-19 11:00:00,26.854166666666668,298.76418439716315,,32.92
2021-05-19 12:00:00,27.5,298.8936170212766,,32.92
2021-05-19 13:00:00,28.145833333333336,299.0230496453901,,32.92
2021-05-19 14:00:00,28.791666666666668,299.15248226950354,,32.92
2021-05-19 15:00:00,29.4375,299.281914893617,,32.92
2021-05-19 16:00:00,30.083333333333336,299.4113475177305,,32.92
2021-05-19 17:00:00,30.729166666666668,299.540780141844,,32.92
2021-05-19 18:00:00,31.375,299.67021276595744,,32.92
2021-05-19 19:00:00,32.020833333333336,299.7996453900709,,32.92
2021-05-19 20:00:00,32.66666666666667,299.92907801418437,,32.92
2021-05-19 21:00:00,33.3125,300.0585106382979,,32.92
2021-05-19 22:00:00,33.958333333333336,300.18794326241135,,32.92
2021-05-19 23:00:00,34.60416666666667,300.3173758865248,,32.92
2021-05-20 00:00:00,35.25,300.4468085106383,,32.92
2021-05-20 01:00:00,35.895833333333336,300.57624113475174,,32.92
2021-05-20 02:00:00,36.54166666666667,300.70567375886526,,32.92
2021-05-20 03:00:00,37.1875,300.8351063829787,,32.92
2021-05-20 04:00:00,37.833333333333336,300.9645390070922,,32.92
2021-05-20 05:00:00,38.47916666666667,301.0939716312057,,32.92
2021-05-20 06:00:00,39.125,301.2234042553191,,32.92
2021-05-20 07:00:00,39.770833333333336,301.35283687943263,,32.92
2021-05-20 08:00:00,40.41666666666667,301.4822695035461,,32.92
2021-05-20 09:00:00,41.0625,301.61170212765956,,32.92
2021-05-20 10:00:00,41.708333333333336,301.7411347517731,,32.92
2021-05-20 11:00:00,42.35416666666667,301.87056737588654,,32.92
2021-05-20 12:00:00,43.0,302.0,,32.92
2021-05-20 13:00:00,45.62,290.4,,32.92
2021-05-20 14:00:00,46.0,283.22,,32.92
2021-05-20 15:00:00,54.75,285.91,,32.92
2021-05-20 16:00:00,64.94,300.09,,32.92
2021-05-20 17:00:00,56.205,268.5675,,32.92
2021-05-20 18:00:00,47.47,237.045,,32.92
2021-05-20 19:00:00,38.735,205.52249999999998,,32.92
2021-05-20 20:00:00,30.0,174.0,,32.92
2021-05-20 21:00:00,31.75,166.22,,32.92
2021-05-20 22:00:00,32.0,159.22,,32.92
2021-05-20 23:00:00,33.75,168.69,,32.92
2021-05-21 00:00:00,34.0,170.93,,32.92
2021-05-21 01:00:00,27.89,161.31,,32.92
2021-05-21 02:00:00,12.12,123.19,,32.92
2021-05-21 03:00:00,30.06,117.15,,32.92
2021-05-21 04:00:00,37.37,127.66,,32.92
2021-05-21 05:00:00,29.28,146.42,,32.92
2021-05-21 06:00:00,22.77,121.8,,32.92
2021-05-21 07:00:00,32.5,138.4,,32.92
2021-05-21 08:00:00,40.98,167.12,,32.92
2021-05-21 09:00:00,46.0,175.0,,32.92
2021-05-21 10:00:00,51.22,172.0,,32.92
2021-05-21 11:00:00,45.0,164.0,,32.92
2021-05-21 12:00:00,40.27,169.67,,32.92
2021-05-21 13:00:00,36.9525,154.33499999999998,,32.92
2021-05-21 14:00:00,33.635000000000005,139.0,,32.92
2021-05-21 15:00:00,30.317500000000003,140.0,,32.92
2021-05-21 16:00:00,27.0,147.75,,32.92
2021-05-21 17:00:00,27.87,117.95,,32.92
2021-05-21 18:00:00,28.49,121.39,,32.92
2021-05-21 19:00:00,29.192,121.512,,32.92
2021-05-21 20:00:00,29.894,121.634,,32.92
2021-05-21 21:00:00,30.596,121.756,,32.92
2021-05-21 22:00:00,31.298,121.878,,32.92
2021-05-21 23:00:00,32.0,122.0,,32.92
2021-05-22 00:00:00,32.87,120.06,,32.92
2021-05-22 01:00:00,31.25,112.25,,32.92
2021-05-22 02:00:00,36.28,121.67,,32.92
2021-05-22 03:00:00,43.11,123.94,,32.92
2021-05-22 04:00:00,44.87,131.0,,32.92
2021-05-22 05:00:00,40.64,131.97,,32.92
2021-05-22 06:00:00,39.12,141.69,,32.92
2021-05-22 07:00:00,56.45,154.64,,32.92
2021-05-22 08:00:00,49.39,154.03,,32.92
2021-05-22 09:00:00,44.51,153.03,,32.92
2021-05-22 10:00:00,39.64,127.8,,32.92
2021-05-22 11:00:00,38.13,138.0,,32.92
2021-05-22 12:00:00,33.64,123.5,,32.92
2021-05-22 13:00:00,42.59,137.54,,32.92
2021-05-22 14:00:00,38.77,126.37,,32.92
2021-05-22 15:00:00,28.41,107.57,,32.92
2021-05-22 16:00:00,27.0,109.91,,32.92
2021-05-22 17:00:00,29.62,116.78,,32.92
2021-05-22 18:00:00,30.0,121.82,,32.92
2021-05-22 19:00:00,32.0,120.54666666666667,,32.92
2021-05-22 20:00:00,34.0,119.27333333333333,,32.92
2021-05-22 21:00:00,36.0,118.0,,32.92
2021-05-22 22:00:00,29.89,115.09,,32.92
2021-05-22 23:00:00,25.51,105.31,,32.92
2021-05-23 00:00:00,36.34,113.72,,32.92
2021-05-23 01:00:00,42.36,122.72,,32.92
2021-05-23 02:00:00,40.38,119.0,,32.92
2021-05-23 03:00:00,35.64,113.18,,32.92
2021-05-23 04:00:00,36.74,106.22,,32.92
2021-05-23 05:00:00,77.12,147.0,,32.92
2021-05-23 06:00:00,42.88,109.44,,32.92
2021-05-23 07:00:00,42.180740740740745,108.79407407407408,,32.92
2021-05-23 08:00:00,41.48148148148148,108.14814814814815,,32.92
2021-05-23 09:00:00,40.782222222222224,107.50222222222222,,32.92
2021-05-23 10:00:00,40.08296296296297,106.85629629629629,,32.92
2021-05-23 11:00:00,39.3837037037037,106.21037037037037,,32.92
2021-05-23 12:00:00,38.684444444444445,105.56444444444445,,32.92
2021-05-23 13:00:00,37.98518518518519,104.91851851851851,,32.92
2021-05-23 14:00:00,37.28592592592593,104.27259259259259,,32.92
2021-05-23 15:00:00,36.586666666666666,103.62666666666667,,32.92
2021-05-23 16:00:00,35.88740740740741,102.98074074074074,,32.92
2021-05-23 17:00:00,35.18814814814815,102.33481481481482,,32.92
2021-05-23 18:00:00,34.488888888888894,101.68888888888888,,32.92
2021-05-23 19:00:00,33.78962962962963,101.04296296296296,,32.92
2021-05-23 20:00:00,33.09037037037037,100.39703703703704,,32.92
2021-05-23 21:00:00,32.391111111111115,99.75111111111111,,32.92
2021-05-23 22:00:00,31.69185185185185,99.10518518518518,,32.92
2021-05-23 23:00:00,30.992592592592594,98.45925925925926,,32.92
2021-05-24 00:00:00,30.293333333333337,97.81333333333333,,32.92
2021-05-24 01:00:00,29.594074074074072,97.16740740740741,,32.92
2021-05-24 02:00:00,28.894814814814815,96.52148148148149,,32.92
2021-05-24 03:00:00,28.195555555555558,95.87555555555555,,32.92
2021-05-24 04:00:00,27.496296296296297,95.22962962962963,,32.92
2021-05-24 05:00:00,26.797037037037036,94.5837037037037,,32.92
2021-05-24 06:00:00,26.09777777777778,93.93777777777778,,32.92
2021-05-24 07:00:00,25.398518518518518,93.29185185185185,,32.92
2021-05-24 08:00:00,24.69925925925926,92.64592592592592,,32.92
2021-05-24 09:00:00,24.0,92.0,,32.92
2021-05-24 10:00:00,24.86,94.91,,32.92
2021-05-24 11:00:00,24.13,86.28,,32.92
2021-05-24 12:00:00,22.25,83.09,,32.92
2021-05-24 13:00:00,22.0,88.82,,32.92
2021-05-24 14:00:00,23.75,91.91,,32.92
2021-05-24 15:00:00,19.64,89.08,,32.92
2021-05-24 16:00:00,19.0,89.97,,32.92
2021-05-24 17:00:00,21.62,91.94,,32.92
2021-05-24 18:00:00,23.75,95.88,,32.92
2021-05-24 19:00:00,25.73,104.7,,32.92
2021-05-24 20:00:00,34.72,113.72,,32.92
2021-05-24 21:00:00,51.7,131.45,,32.92
2021-05-24 22:00:00,26.96,97.1,,32.92
2021-05-24 23:00:00,23.0,89.0,,32.92
2021-05-25 00:00:00,23.0,74.46,,32.92
2021-05-25 01:00:00,23.87,76.92,,32.92
2021-05-25 02:00:00,105.78,178.79,,32.92
2021-05-25 03:00:00,30.78,63.39,,32.92
2021-05-25 04:00:00,23.23,69.69,,32.92
2021-05-25 05:00:00,23.13,58.37,,32.92
2021-05-25 06:00:00,29.11,83.2,,32.92
2021-05-25 07:00:00,23.02,71.36,,32.92
2021-05-25 08:00:00,31.59,101.0,,32.92
2021-05-25 09:00:00,29.51,94.22,,32.92
2021-05-25 10:00:00,24.65,79.42,,32.92
2021-05-25 11:00:00,28.35,112.06,,32.92
2021-05-25 12:00:00,28.13,109.0,,32.92
2021-05-25 13:00:00,21.02,110.88,,32.92
2021-05-25 14:00:00,64.0,124.58,,32.92
2021-05-25 15:00:00,38.7,117.0,,32.92
2021-05-25 16:00:00,24.53,102.42,,32.92
2021-05-25 17:00:00,21.25,100.06,,32.92
2021-05-25 18:00:00,23.62,100.97,,32.92
2021-05-25 19:00:00,30.11,109.72,,32.92
2021-05-25 20:00:00,23.15,94.49,,32.92
2021-05-25 21:00:00,27.23,96.92,,32.92
2021-05-25 22:00:00,27.13,102.83,,32.92
2021-05-25 23:00:00,33.11,89.39,,32.92
2021-05-26 00:00:00,20.13,81.2,,32.92
2021-05-26 01:00:00,22.36,72.25,,32.92
2021-05-26 02:00:00,17.77,66.18,,32.92
2021-05-26 03:00:00,14.39,57.27,,32.92
2021-05-26 04:00:00,19.22,60.89,,32.92
2021-05-26 05:00:00,21.75,59.0,,32.92
2021-05-26 06:00:00,19.38,62.89,,32.92
2021-05-26 07:00:00,32.95,107.0,,32.92
2021-05-26 08:00:00,28.89,99.22,,32.92
2021-05-26 09:00:00,21.02,80.58,,32.92
2021-05-26 10:00:00,20.0,77.0,,32.92
2021-05-26 11:00:00,14.77,80.0,,32.92
2021-05-26 12:00:00,21.0,81.0,,32.92
2021-05-26 13:00:00,16.77,80.0,,32.92
2021-05-26 14:00:00,17.74,83.0,,32.92
2021-05-26 15:00:00,15.38,86.0,,32.92
2021-05-26 16:00:00,14.13,73.0,,32.92
2021-05-26 17:00:00,16.61,78.84,,32.92
2021-05-26 18:00:00,22.22,84.68,,32.92
2021-05-26 19:00:00,30.85,96.0,,32.92
2021-05-26 20:00:00,30.25,110.0,,32.92
2021-05-26 21:00:00,25.64,98.47,,32.92
2021-05-26 22:00:00,18.91,86.94,,32.92
2021-05-26 23:00:00,17.13,79.0,,32.92
2021-05-27 00:00:00,17.87,77.12,,32.92
2021-05-27 01:00:00,13.64,69.06,,32.92
2021-05-27 02:00:00,13.87,61.0,,32.92
2021-05-27 03:00:00,15.75,61.94,,32.92
2021-05-27 04:00:00,12.51,51.0,,32.92
2021-05-27 05:00:00,18.98,54.89,,32.92
2021-05-27 06:00:00,13.89,58.78,,32.92
2021-05-27 07:00:00,12.13,65.0,,32.92
2021-05-27 08:00:00,16.46,80.04,,32.92
2021-05-27 09:00:00,14.73,82.02000000000001,,32.92
2021-05-27 10:00:00,13.0,84.0,,32.92
2021-05-27 11:00:00,9.51,74.0,,32.92
2021-05-27 12:00:00,20.31,82.75,,32.92
2021-05-27 13:00:00,22.0,91.75,,32.92
2021-05-27 14:00:00,18.49,75.07,,32.92
2021-05-27 15:00:00,17.13,83.9,,32.92
2021-05-27 16:00:00,13.0,68.0,,32.92
2021-05-27 17:00:00,12.13,67.0,,32.92
2021-05-27 18:00:00,9.38,67.0,,32.92
2021-05-27 19:00:00,23.78,83.0,,32.92
2021-05-27 20:00:00,39.08,79.235,,32.92
2021-05-27 21:00:00,24.38,75.47,,32.92
2021-05-27 22:00:00,17.65,69.0,,32.92
2021-05-27 23:00:00,10.95,63.0,,32.92
2021-05-28 00:00:00,14.35,67.0,,32.92
2021-05-28 01:00:00,16.74,67.0,,32.92
2021-05-28 02:00:00,21.0,67.0,,32.92
2021-05-28 03:00:00,20.13,67.0,,32.92
2021-05-28 04:00:00,13.01,55.0,,32.92
2021-05-28 05:00:00,17.23,47.0,,32.92
2021-05-28 06:00:00,18.87,56.0,,32.92
2021-05-28 07:00:00,23.36,72.0,,32.92
2021-05-28 08:00:00,32.75,88.0,,32.92
2021-05-28 09:00:00,31.38,97.72,,32.92
2021-05-28 10:00:00,20.0,77.0,,32.92
2021-05-28 11:00:00,17.32,75.2,,32.92
2021-05-28 12:00:00,14.39,73.4,,32.92
2021-05-28 13:00:00,18.35,71.6,,32.92
2021-05-28 14:00:00,17.25,69.8,,32.92
2021-05-28 15:00:00,19.95,68.0,,32.92
2021-05-28 16:00:00,16.6,64.735,,32.92
2021-05-28 17:00:00,13.0,61.47,,32.92
2021-05-28 18:00:00,16.49,80.46000000000001,,32.92
2021-05-28 19:00:00,44.07,99.45,,32.92
2021-05-28 20:00:00,29.74,88.68,,32.92
2021-05-28 21:00:00,21.78,84.744,,32.92
2021-05-28 22:00:00,20.13,80.808,,32.92
2021-05-28 23:00:00,22.62,76.872,,32.92
2021-05-29 00:00:00,19.52,72.936,,32.92
2021-05-29 01:00:00,19.0,69.0,,32.92
2021-05-29 02:00:00,13.82,57.0,,32.92
2021-05-29 03:00:00,9.0,57.0,,32.92
2021-05-29 04:00:00,16.85,61.5,,32.92
2021-05-29 05:00:00,20.62,66.0,,32.92
2021-05-29 06:00:00,14.14,61.12,,32.92
2021-05-29 07:00:00,28.72,68.74666666666667,,32.92
2021-05-29 08:00:00,24.91,76.37333333333333,,32.92
2021-05-29 09:00:00,27.05,84.0,,32.92
2021-05-29 10:00:00,33.23,94.5,,32.92
2021-05-29 11:00:00,25.3,105.0,,32.92
2021-05-29 12:00:00,26.62,97.4,,32.92
2021-05-29 13:00:00,28.75,101.75,,32.92
2021-05-29 14:00:00,23.78,89.0,,32.92
2021-05-29 15:00:00,16.02,91.0,,32.92
2021-05-29 16:00:00,20.23,87.0,,32.92
2021-05-29 17:00:00,19.25,74.0,,32.92
2021-05-29 18:00:00,13.77,86.0,,32.92
2021-05-29 19:00:00,26.95,88.0,,32.92
2021-05-29 20:00:00,30.75,90.445,,32.92
2021-05-29 21:00:00,31.87,92.89,,32.92
2021-05-29 22:00:00,21.53,87.37,,32.92
2021-05-29 23:00:00,28.7,97.39,,32.92
2021-05-30 00:00:00,16.96,54.81,,32.92
2021-05-30 01:00:00,10.65,35.0,,32.92
2021-05-30 02:00:00,15.22,27.39,,32.92
2021-05-30 03:00:00,11.65,33.61,,32.92
2021-05-30 04:00:00,17.98,41.55,,32.92
2021-05-30 05:00:00,16.38,41.0,,32.92
2021-05-30 06:00:00,16.0,48.0,,32.92
2021-05-30 07:00:00,22.11,88.0,,32.92
2021-05-30 08:00:00,36.04,94.0,,32.92
2021-05-30 09:00:00,38.0,98.0,,32.92
2021-05-30 10:00:00,26.66,90.0,,32.92
2021-05-30 11:00:00,38.92,111.62,,32.92
2021-05-30 12:00:00,54.05,126.77,,32.92
2021-05-30 13:00:00,47.78,113.5,,32.92
2021-05-30 14:00:00,44.325833333333335,105.625,,32.92
2021-05-30 15:00:00,40.87166666666667,97.75,,32.92
2021-05-30 16:00:00,37.417500000000004,89.875,,32.92
2021-05-30 17:00:00,33.96333333333333,82.0,,32.92
2021-05-30 18:00:00,30.509166666666665,74.125,,32.92
2021-05-30 19:00:00,27.055,66.25,,32.92
2021-05-30 20:00:00,23.60083333333333,58.375,,32.92
2021-05-30 21:00:00,20.146666666666665,50.5,,32.92
2021-05-30 22:00:00,16.6925,42.625,,32.92
2021-05-30 23:00:00,13.23833333333333,34.75,,32.92
2021-05-31 00:00:00,9.784166666666664,26.875,,32.92
2021-05-31 01:00:00,6.33,19.0,,32.92
2021-05-31 02:00:00,6.0,20.95,,32.92
2021-05-31 03:00:00,6.87,15.17,,32.92
2021-05-31 04:00:00,7.87,16.95,,32.92
2021-05-31 05:00:00,10.59,17.0,,32.92
2021-05-31 06:00:00,9.26,21.86,,32.92
2021-05-31 07:00:00,13.84,38.57333333333334,,32.92
2021-05-31 08:00:00,18.42,55.28666666666667,,32.92
2021-05-31 09:00:00,23.0,72.0,,32.92
2021-05-31 10:00:00,28.0,79.66666666666667,,32.92
2021-05-31 11:00:00,33.0,87.33333333333333,,32.92
2021-05-31 12:00:00,38.0,95.0,,32.92
2021-05-31 13:00:00,126.68,189.31,,32.92
2021-05-31 14:00:00,46.67,88.94,,32.92
2021-05-31 15:00:00,27.78,66.53,,32.92
2021-05-31 16:00:00,20.05,48.5,,32.92
2021-05-31 17:00:00,16.39,49.95,,32.92
2021-05-31 18:00:00,18.61,74.38,,32.92
2021-05-31 19:00:00,19.0,74.02,,32.92
2021-05-31 20:00:00,23.35,78.86,,32.92
2021-05-31 21:00:00,27.48,89.69,,32.92
2021-05-31 22:00:00,28.0,74.44,,32.92
2021-05-31 23:00:00,26.26,62.33,,32.92
2021-06-01 00:00:00,39.91,82.42,,32.92
2021-06-01 01:00:00,36.78,78.12,,32.92
2021-06-01 02:00:00,34.26,74.11,,32.92
2021-06-01 03:00:00,22.7,63.29,,32.92
2021-06-01 04:00:00,26.22,57.16,,32.92
2021-06-01 05:00:00,31.41,58.94,,32.92
2021-06-01 06:00:00,34.62,87.19,,32.92
2021-06-01 07:00:00,26.3,87.03,,32.92
2021-06-01 08:00:00,30.18,98.64,,32.92
2021-06-01 09:00:00,25.27,53.44,,32.92
2021-06-01 10:00:00,19.134999999999998,48.0,,32.92
2021-06-01 11:00:00,13.0,58.0,,32.92
2021-06-01 12:00:00,25.17,68.0,,32.92
2021-06-01 13:00:00,27.0,77.72,,32.92
2021-06-01 14:00:00,18.3,63.38,,32.92
2021-06-01 15:00:00,17.0,73.71,,32.92
2021-06-01 16:00:00,11.78,71.08,,32.92
2021-06-01 17:00:00,10.13,61.25,,32.92
2021-06-01 18:00:00,10.184375000000001,61.296875,,32.92
2021-06-01 19:00:00,10.238750000000001,61.34375,,32.92
2021-06-01 20:00:00,10.293125,61.390625,,32.92
2021-06-01 21:00:00,10.3475,61.4375,,32.92
2021-06-01 22:00:00,10.401875,61.484375,,32.92
2021-06-01 23:00:00,10.45625,61.53125,,32.92
2021-06-02 00:00:00,10.510625000000001,61.578125,,32.92
2021-06-02 01:00:00,10.565000000000001,61.625,,32.92
2021-06-02 02:00:00,10.619375,61.671875,,32.92
2021-06-02 03:00:00,10.67375,61.71875,,32.92
2021-06-02 04:00:00,10.728125,61.765625,,32.92
2021-06-02 05:00:00,10.7825,61.8125,,32.92
2021-06-02 06:00:00,10.836875000000001,61.859375,,32.92
2021-06-02 07:00:00,10.89125,61.90625,,32.92
2021-06-02 08:00:00,10.945625,61.953125,,32.92
2021-06-02 09:00:00,11.0,62.0,,32.92
2021-06-02 10:00:00,26.0,64.5,,32.92
2021-06-02 11:00:00,41.0,67.0,,32.92
2021-06-02 12:00:00,36.64,73.83,,32.92
2021-06-02 13:00:00,21.07,46.0,,32.92
2021-06-02 14:00:00,10.28,47.5,,32.92
2021-06-02 15:00:00,22.91,49.0,,32.92
2021-06-02 16:00:00,12.79,52.625,,32.92
2021-06-02 17:00:00,6.65,56.25,,32.92
2021-06-02 18:00:00,11.22,59.875,,32.92
2021-06-02 19:00:00,231.1,63.5,,32.92
2021-06-02 20:00:00,169.23,67.125,,32.92
2021-06-02 21:00:00,99.36,70.75,,32.92
2021-06-02 22:00:00,60.57,74.375,,32.92
2021-06-02 23:00:00,29.92,78.0,,32.92
2021-06-03 00:00:00,15.6,62.666666666666664,,32.92
2021-06-03 01:00:00,13.13,47.33333333333333,,32.92
2021-06-03 02:00:00,17.35,32.0,,32.92
2021-06-03 03:00:00,11.89,32.0,,32.92
2021-06-03 04:00:00,8.39,37.0,,32.92
2021-06-03 05:00:00,9.74,42.0,,32.92
2021-06-03 06:00:00,9.13,47.0,,32.92
2021-06-03 07:00:00,16.82,52.0,,32.92
2021-06-03 08:00:00,18.87,57.0,,32.92
2021-06-03 09:00:00,19.87,62.0,,32.92
2021-06-03 10:00:00,27.82,67.0,,32.92
2021-06-03 11:00:00,27.53,68.25,,32.92
2021-06-03 12:00:00,31.686666666666667,69.5,,32.92
2021-06-03 13:00:00,35.843333333333334,70.75,,32.92
2021-06-03 14:00:00,40.0,72.0,,32.92
2021-06-03 15:00:00,23.53,52.45,,32.92
2021-06-03 16:00:00,27.93,67.56,,32.92
2021-06-03 17:00:00,14.22,44.0,,32.92
2021-06-03 18:00:00,21.59,45.95,,32.92
2021-06-03 19:00:00,15.18,43.08,,32.92
2021-06-03 20:00:00,10.52,68.35,,32.92
2021-06-03 21:00:00,10.0,21.23,,32.92
2021-06-03 22:00:00,16.11,51.11,,32.92
2021-06-03 23:00:00,21.35,60.75,,32.92
2021-06-04 00:00:00,11.6,24.99,,32.92
2021-06-04 01:00:00,12.61,22.05,,32.92
2021-06-04 02:00:00,9.49,17.11,,32.92
2021-06-04 03:00:00,10.75,28.0,,32.92
2021-06-04 04:00:00,9.26,22.17,,32.92
2021-06-04 05:00:00,11.61,28.82,,32.92
2021-06-04 06:00:00,12.96,34.4,,32.92
2021-06-04 07:00:00,15.306666666666667,39.93333333333333,,32.92
2021-06-04 08:00:00,17.653333333333332,45.46666666666667,,32.92
2021-06-04 09:00:00,20.0,51.0,,32.92
2021-06-04 10:00:00,23.428571428571427,53.714285714285715,,32.92
2021-06-04 11:00:00,26.857142857142858,56.42857142857143,,32.92
2021-06-04 12:00:00,30.285714285714285,59.14285714285714,,32.92
2021-06-04 13:00:00,33.714285714285715,61.85714285714286,,32.92
2021-06-04 14:00:00,37.14285714285714,64.57142857142857,,32.92
2021-06-04 15:00:00,40.57142857142857,67.28571428571428,,32.92
2021-06-04 16:00:00,44.0,70.0,,32.92
2021-06-04 17:00:00,59.65,89.5,,32.92
2021-06-04 18:00:00,49.57,62.32,,32.92
2021-06-04 19:00:00,49.14584615384615,62.76123076923077,,32.92
2021-06-04 20:00:00,48.72169230769231,63.20246153846154,,32.92
2021-06-04 21:00:00,48.29753846153846,63.643692307692305,,32.92
2021-06-04 22:00:00,47.873384615384616,64.08492307692308,,32.92
2021-06-04 23:00:00,47.449230769230766,64.52615384615385,,32.92
2021-06-05 00:00:00,47.025076923076924,64.96738461538462,,32.92
2021-06-05 01:00:00,46.600923076923074,65.40861538461539,,32.92
2021-06-05 02:00:00,46.17676923076923,65.84984615384616,,32.92
2021-06-05 03:00:00,45.75261538461538,66.29107692307693,,32.92
2021-06-05 04:00:00,45.32846153846154,66.7323076923077,,32.92
2021-06-05 05:00:00,44.90430769230769,67.17353846153846,,32.92
2021-06-05 06:00:00,44.48015384615385,67.61476923076923,,32.92
2021-06-05 07:00:00,44.056,68.056,,32.92
2021-06-05 08:00:00,43.631846153846155,68.49723076923077,,32.92
2021-06-05 09:00:00,43.207692307692305,68.93846153846154,,32.92
2021-06-05 10:00:00,42.78353846153846,69.37969230769231,,32.92
2021-06-05 11:00:00,42.35938461538461,69.82092307692308,,32.92
2021-06-05 12:00:00,41.93523076923077,70.26215384615385,,32.92
2021-06-05 13:00:00,41.51107692307692,70.70338461538462,,32.92
2021-06-05 14:00:00,41.08692307692308,71.14461538461538,,32.92
2021-06-05 15:00:00,40.66276923076923,71.58584615384615,,32.92
2021-06-05 16:00:00,40.238615384615386,72.02707692307692,,32.92
2021-06-05 17:00:00,39.814461538461536,72.46830769230769,,32.92
2021-06-05 18:00:00,39.390307692307694,72.90953846153846,,32.92
2021-06-05 19:00:00,38.966153846153844,73.35076923076923,,32.92
2021-06-05 20:00:00,38.542,73.792,,32.92
2021-06-05 21:00:00,38.11784615384615,74.23323076923077,,32.92
2021-06-05 22:00:00,37.69369230769231,74.67446153846154,,32.92
2021-06-05 23:00:00,37.26953846153846,75.11569230769231,,32.92
2021-06-06 00:00:00,36.84538461538462,75.55692307692308,,32.92
2021-06-06 01:00:00,36.42123076923077,75.99815384615384,,32.92
2021-06-06 02:00:00,35.997076923076925,76.43938461538461,,32.92
2021-06-06 03:00:00,35.572923076923075,76.88061538461538,,32.92
2021-06-06 04:00:00,35.14876923076923,77.32184615384615,,32.92
2021-06-06 05:00:00,34.72461538461538,77.76307692307692,,32.92
2021-06-06 06:00:00,34.30046153846154,78.2043076923077,,32.92
2021-06-06 07:00:00,33.87630769230769,78.64553846153846,,32.92
2021-06-06 08:00:00,33.45215384615385,79.08676923076924,,32.92
2021-06-06 09:00:00,33.028,79.52799999999999,,32.92
2021-06-06 10:00:00,32.60384615384615,79.96923076923076,,32.92
2021-06-06 11:00:00,32.17969230769231,80.41046153846153,,32.92
2021-06-06 12:00:00,31.75553846153846,80.8516923076923,,32.92
2021-06-06 13:00:00,31.331384615384614,81.29292307692307,,32.92
2021-06-06 14:00:00,30.907230769230768,81.73415384615384,,32.92
2021-06-06 15:00:00,30.483076923076922,82.17538461538462,,32.92
2021-06-06 16:00:00,30.058923076923076,82.61661538461539,,32.92
2021-06-06 17:00:00,29.63476923076923,83.05784615384616,,32.92
2021-06-06 18:00:00,29.210615384615384,83.49907692307693,,32.92
2021-06-06 19:00:00,28.786461538461538,83.9403076923077,,32.92
2021-06-06 20:00:00,28.36230769230769,84.38153846153847,,32.92
2021-06-06 21:00:00,27.938153846153845,84.82276923076923,,32.92
2021-06-06 22:00:00,27.514,85.264,,32.92
2021-06-06 23:00:00,27.089846153846153,85.70523076923077,,32.92
2021-06-07 00:00:00,26.665692307692307,86.14646153846154,,32.92
2021-06-07 01:00:00,26.24153846153846,86.58769230769231,,32.92
2021-06-07 02:00:00,25.817384615384615,87.02892307692308,,32.92
2021-06-07 03:00:00,25.39323076923077,87.47015384615385,,32.92
2021-06-07 04:00:00,24.969076923076923,87.9113846153846,,32.92
2021-06-07 05:00:00,24.544923076923077,88.35261538461538,,32.92
2021-06-07 06:00:00,24.12076923076923,88.79384615384615,,32.92
2021-06-07 07:00:00,23.696615384615384,89.23507692307692,,32.92
2021-06-07 08:00:00,23.27246153846154,89.67630769230769,,32.92
2021-06-07 09:00:00,22.848307692307692,90.11753846153846,,32.92
2021-06-07 10:00:00,22.424153846153846,90.55876923076923,,32.92
2021-06-07 11:00:00,22.0,91.0,,32.92
2021-06-07 12:00:00,19.75,80.0,,32.92
2021-06-07 13:00:00,17.5,69.0,,32.92
2021-06-07 14:00:00,15.25,58.0,,32.92
2021-06-07 15:00:00,13.0,47.0,,32.92
2021-06-07 16:00:00,19.93,49.92,,32.92
2021-06-07 17:00:00,19.26,58.77,,32.92
2021-06-07 18:00:00,21.61,48.24,,32.92
2021-06-07 19:00:00,24.6,74.33,,32.92
2021-06-07 20:00:00,25.87,66.25,,32.92
2021-06-07 21:00:00,30.35,77.73,,32.92
2021-06-07 22:00:00,27.52,77.02,,32.92
2021-06-07 23:00:00,13.13,52.62,,32.92
2021-06-08 00:00:00,14.48,32.55,,32.92
2021-06-08 01:00:00,17.6,38.8,,32.92
2021-06-08 02:00:00,13.65,39.97,,32.92
2021-06-08 03:00:00,14.74,38.1,,32.92
2021-06-08 04:00:00,7.2,38.98,,32.92
2021-06-08 05:00:00,6.0,39.0,,32.92
2021-06-08 06:00:00,10.33,38.03,,32.92
2021-06-08 07:00:00,15.35,45.79,,32.92
2021-06-08 08:00:00,33.39,89.88,,32.92
2021-06-08 09:00:00,30.8,73.45,,32.92
2021-06-08 10:00:00,20.47,47.58,,32.92
2021-06-08 11:00:00,14.67,49.92,,32.92
2021-06-08 12:00:00,13.13,54.88,,32.92
2021-06-08 13:00:00,8.65,34.52,,32.92
2021-06-08 14:00:00,6.27,20.35,,32.92
2021-06-08 15:00:00,5.13,25.85,,32.92
2021-06-08 16:00:00,11.93,50.38,,32.92
2021-06-08 17:00:00,21.7,62.73,,32.92
2021-06-08 18:00:00,22.13,51.3,,32.92
2021-06-08 19:00:00,12.47,42.23,,32.92
2021-06-08 20:00:00,13.6,42.98,,32.92
2021-06-08 21:00:00,20.95,61.52,,32.92
2021-06-08 22:00:00,15.93,48.35,,32.92
2021-06-08 23:00:00,18.47,47.02,,32.92
2021-06-09 00:00:00,13.8,36.3,,32.92
2021-06-09 01:00:00,26.0,75.97,,32.92
2021-06-09 02:00:00,7.2,23.38,,32.92
2021-06-09 03:00:00,3.13,17.12,,32.92
2021-06-09 04:00:00,5.6,25.77,,32.92
2021-06-09 05:00:00,6.0,11.0,,32.92
2021-06-09 06:00:00,5.13,8.07,,32.92
2021-06-09 07:00:00,4.13,6.05,,32.92
2021-06-09 08:00:00,3.13,5.03,,32.92
2021-06-09 09:00:00,4.73,5.97,,32.92
2021-06-09 10:00:00,5.87,14.78,,32.92
2021-06-09 11:00:00,7.5649999999999995,12.989999999999998,,32.92
2021-06-09 12:00:00,9.26,11.2,,32.92
2021-06-09 13:00:00,9.8,12.95,,32.92
2021-06-09 14:00:00,10.257142857142858,6.17,,32.92
2021-06-09 15:00:00,10.714285714285715,11.87,,32.92
2021-06-09 16:00:00,11.17142857142857,22.73,,32.92
2021-06-09 17:00:00,11.628571428571428,27.88,,32.92
2021-06-09 18:00:00,12.085714285714285,22.13,,32.92
2021-06-09 19:00:00,12.542857142857143,25.0,,32.92
2021-06-09 20:00:00,13.0,38.0,,32.92
2021-06-09 21:00:00,19.95,47.78,,32.92
2021-06-09 22:00:00,21.0,44.1,,32.92
2021-06-09 23:00:00,22.73,41.08,,32.92
2021-06-10 00:00:00,29.07,48.82,,32.92
2021-06-10 01:00:00,25.65,44.12,,32.92
2021-06-10 02:00:00,25.0,33.27,,32.92
2021-06-10 03:00:00,16.2,26.31,,32.92
2021-06-10 04:00:00,15.17142857142857,24.837142857142855,,32.92
2021-06-10 05:00:00,14.142857142857142,23.364285714285714,,32.92
2021-06-10 06:00:00,13.114285714285714,21.89142857142857,,32.92
2021-06-10 07:00:00,12.085714285714285,20.41857142857143,,32.92
2021-06-10 08:00:00,11.057142857142857,18.945714285714285,,32.92
2021-06-10 09:00:00,10.028571428571428,17.472857142857144,,32.92
2021-06-10 10:00:00,9.0,16.0,,32.92
2021-06-10 11:00:00,6.4,22.82,,32.92
2021-06-10 12:00:00,7.74,24.95,,32.92
2021-06-10 13:00:00,10.21,19.3,,32.92
2021-06-10 14:00:00,13.605,32.15,,32.92
2021-06-10 15:00:00,17.0,45.0,,32.92
2021-06-10 16:00:00,6.6,32.33,,32.92
2021-06-10 17:00:00,3.26,15.38,,32.92
2021-06-10 18:00:00,1.27,7.2,,32.92
2021-06-10 19:00:00,13.13,28.51,,32.92
2021-06-10 20:00:00,12.4,34.87,,32.92
2021-06-10 21:00:00,16.33,34.02,,32.92
2021-06-10 22:00:00,7.47,14.47,,32.92
2021-06-10 23:00:00,12.07,17.9,,32.92
2021-06-11 00:00:00,10.41,22.72,,32.92
2021-06-11 01:00:00,11.73,17.15,,32.92
2021-06-11 02:00:00,6.27,17.0,,32.92
2021-06-11 03:00:00,5.3,14.07,,32.92
2021-06-11 04:00:00,4.33,14.0,,32.92
2021-06-11 05:00:00,4.13,10.1,,32.92
2021-06-11 06:00:00,4.87,18.8,,32.92
2021-06-11 07:00:00,7.6,13.13,,32.92
2021-06-11 08:00:00,15.8,21.0,,32.92
2021-06-11 09:00:00,10.0,13.0,,32.92
2021-06-11 10:00:00,6.53,12.02,,32.92
2021-06-11 11:00:00,12.93,43.29,,32.92
2021-06-11 12:00:00,12.27,60.58,,32.92
2021-06-11 13:00:00,18.07,39.55,,32.92
2021-06-11 14:00:00,16.4,34.11,,32.92
2021-06-11 15:00:00,16.87,24.25,,32.92
2021-06-11 16:00:00,8.33,16.2,,32.92
2021-06-11 17:00:00,12.2,15.02,,32.92
2021-06-11 18:00:00,12.13,15.97,,32.92
2021-06-11 19:00:00,11.13,16.0,,32.92
2021-06-11 20:00:00,12.87,15.09,,32.92
2021-06-11 21:00:00,12.0,13.0,,32.92
2021-06-11 22:00:00,9.0,11.49,,32.92
2021-06-11 23:00:00,5.53,9.98,,32.92
2021-06-12 00:00:00,2.72,6.1,,32.92
2021-06-12 01:00:00,2.3760000000000003,3.08,,32.92
2021-06-12 02:00:00,2.032,2.81,,32.92
2021-06-12 03:00:00,1.6880000000000002,2.54,,32.92
2021-06-12 04:00:00,1.344,2.27,,32.92
2021-06-12 05:00:00,1.0,2.0,,32.92
2021-06-12 06:00:00,0.53,4.6,,32.92
2021-06-12 07:00:00,6.07,7.2,,32.92
2021-06-12 08:00:00,17.3,19.84,,32.92
2021-06-12 09:00:00,17.15,21.810000000000002,,32.92
2021-06-12 10:00:00,17.0,23.78,,32.92
2021-06-12 11:00:00,22.13,25.81,,32.92
2021-06-12 12:00:00,22.0,21.869999999999997,,32.92
2021-06-12 13:00:00,13.33,17.93,,32.92
2021-06-12 14:00:00,13.74,19.95,,32.92
2021-06-12 15:00:00,9.67,20.0,,32.92
2021-06-12 16:00:00,9.87,18.05,,32.92
2021-06-12 17:00:00,9.13,16.05,,32.92
2021-06-12 18:00:00,8.13,26.73,,32.92
2021-06-12 19:00:00,7.13,23.09,,32.92
2021-06-12 20:00:00,20.0,47.45,,32.92
2021-06-12 21:00:00,15.04,26.55,,32.92
2021-06-12 22:00:00,16.6,22.1,,32.92
2021-06-12 23:00:00,14.41,17.1,,32.92
2021-06-13 00:00:00,14.87,23.82,,32.92
2021-06-13 01:00:00,10.67,12.3,,32.92
2021-06-13 02:00:00,6.0,7.0,,32.92
2021-06-13 03:00:00,5.13,8.96,,32.92
2021-06-13 04:00:00,3.27,8.03,,32.92
2021-06-13 05:00:00,3.0,12.89,,32.92
2021-06-13 06:00:00,3.87,13.0,,32.92
2021-06-13 07:00:00,7.47,13.96,,32.92
2021-06-13 08:00:00,7.13,17.91,,32.92
2021-06-13 09:00:00,18.27,30.71,,32.92
2021-06-13 10:00:00,19.13,35.89,,32.92
2021-06-13 11:00:00,18.13,42.84,,32.92
2021-06-13 12:00:00,14.53,48.87,,32.92
2021-06-13 13:00:00,14.0,42.13,,32.92
2021-06-13 14:00:00,14.87,48.84,,32.92
2021-06-13 15:00:00,6.33,35.35,,32.92
2021-06-13 16:00:00,13.64,42.64,,32.92
2021-06-13 17:00:00,18.47,60.6,,32.92
2021-06-13 18:00:00,17.27,51.22,,32.92
2021-06-13 19:00:00,17.0,46.11,,32.92
2021-06-13 20:00:00,11.78,40.14,,32.92
2021-06-13 21:00:00,22.23,56.62,,32.92
2021-06-13 22:00:00,18.8,54.07,,32.92
2021-06-13 23:00:00,14.53,56.94,,32.92
2021-06-14 00:00:00,14.87,41.4,,32.92
2021-06-14 01:00:00,8.07,25.4,,32.92
2021-06-14 02:00:00,10.47,26.95,,32.92
2021-06-14 03:00:00,17.93,42.6,,32.92
2021-06-14 04:00:00,15.53,43.98,,32.92
2021-06-14 05:00:00,17.6,47.9,,32.92
2021-06-14 06:00:00,16.27,43.11,,32.92
2021-06-14 07:00:00,26.37,48.87,,32.92
2021-06-14 08:00:00,36.7,88.11,,32.92
2021-06-14 09:00:00,29.33,79.22,,32.92
2021-06-14 10:00:00,30.61,82.91,,32.92
2021-06-14 11:00:00,18.0,52.69,,32.92
2021-06-14 12:00:00,25.53,59.82,,32.92
2021-06-14 13:00:00,23.55,67.82,,32.92
2021-06-14 14:00:00,22.27,75.65,,32.92
2021-06-14 15:00:00,15.93,68.18,,32.92
2021-06-14 16:00:00,20.22,79.73,,32.92
2021-06-14 17:00:00,18.4,80.0,,32.92
2021-06-14 18:00:00,18.87,78.09,,32.92
2021-06-14 19:00:00,22.47,90.71,,32.92
2021-06-14 20:00:00,25.6,90.02,,32.92
2021-06-14 21:00:00,33.8,109.61,,32.92
2021-06-14 22:00:00,31.53,96.31,,32.92
2021-06-14 23:00:00,24.93,88.2,,32.92
2021-06-15 00:00:00,27.45,98.78,,32.92
2021-06-15 01:00:00,21.09,79.39,,32.92
2021-06-15 02:00:00,19.13,59.45,,32.92
2021-06-15 03:00:00,9.47,31.7,,32.92
2021-06-15 04:00:00,11.47,34.0,,32.92
2021-06-15 05:00:00,10.27,28.13,,32.92
2021-06-15 06:00:00,16.05,21.16,,32.92
2021-06-15 07:00:00,19.8,42.87,,32.92
2021-06-15 08:00:00,19.4,40.435,,32.92
2021-06-15 09:00:00,19.0,38.0,,32.92
2021-06-15 10:00:00,21.61,41.91,,32.92
2021-06-15 11:00:00,21.13,60.52,,32.92
2021-06-15 12:00:00,21.0,55.0,,32.92
2021-06-15 13:00:00,13.22,39.4,,32.92
2021-06-15 14:00:00,12.0,38.02,,32.92
2021-06-15 15:00:00,10.54,38.0,,32.92
2021-06-15 16:00:00,10.0,38.0,,32.92
2021-06-15 17:00:00,10.0,38.0,,32.92
