From Date,PM2.5,PM10,RH,AT
2020-11-01 00:00:00,66.84673286713287,160.89545480146438,65.68451067369004,26.877576357466065
2020-11-01 01:00:00,66.84673286713287,160.89545480146438,65.68451067369004,26.877576357466065
2020-11-01 02:00:00,66.84673286713287,160.89545480146438,65.68451067369004,26.877576357466065
2020-11-01 03:00:00,66.84673286713287,160.89545480146438,65.68451067369004,26.877576357466065
2020-11-01 04:00:00,66.84673286713287,160.89545480146438,65.68451067369004,26.877576357466065
2020-11-01 05:00:00,66.84673286713287,160.89545480146438,65.68451067369004,26.877576357466065
2020-11-01 06:00:00,66.84673286713287,160.89545480146438,65.68451067369004,26.877576357466065
2020-11-01 07:00:00,66.84673286713287,160.89545480146438,65.68451067369004,26.877576357466065
2020-11-01 08:00:00,66.84673286713287,160.89545480146438,65.68451067369004,26.877576357466065
2020-11-01 09:00:00,66.84673286713287,160.89545480146438,65.68451067369004,26.877576357466065
2020-11-01 10:00:00,66.84673286713287,160.89545480146438,65.68451067369004,26.877576357466065
2020-11-01 11:00:00,66.84673286713287,160.89545480146438,65.68451067369004,26.877576357466065
2020-11-01 12:00:00,66.84673286713287,160.89545480146438,65.68451067369004,26.877576357466065
2020-11-01 13:00:00,66.84673286713287,160.89545480146438,65.68451067369004,26.877576357466065
2020-11-01 14:00:00,66.84673286713287,160.89545480146438,65.68451067369004,26.877576357466065
2020-11-01 15:00:00,66.84673286713287,160.89545480146438,65.68451067369004,26.877576357466065
2020-11-01 16:00:00,66.84673286713287,160.89545480146438,65.68451067369004,26.877576357466065
2020-11-01 17:00:00,66.84673286713287,160.89545480146438,65.68451067369004,26.877576357466065
2020-11-01 18:00:00,66.84673286713287,160.89545480146438,65.68451067369004,26.877576357466065
2020-11-01 19:00:00,66.84673286713287,160.89545480146438,65.68451067369004,26.877576357466065
2020-11-01 20:00:00,66.84673286713287,160.89545480146438,65.68451067369004,26.877576357466065
2020-11-01 21:00:00,66.84673286713287,160.89545480146438,65.68451067369004,26.877576357466065
2020-11-01 22:00:00,66.84673286713287,160.89545480146438,65.68451067369004,26.877576357466065
2020-11-01 23:00:00,66.84673286713287,160.89545480146438,65.68451067369004,26.877576357466065
2020-11-02 00:00:00,66.84673286713287,160.89545480146438,65.68451067369004,26.877576357466065
2020-11-02 01:00:00,66.84673286713287,160.89545480146438,65.68451067369004,26.877576357466065
2020-11-02 02:00:00,66.84673286713287,160.89545480146438,65.68451067369004,26.877576357466065
2020-11-02 03:00:00,66.84673286713287,160.89545480146438,65.68451067369004,26.877576357466065
2020-11-02 04:00:00,66.84673286713287,160.89545480146438,65.68451067369004,26.877576357466065
2020-11-02 05:00:00,66.84673286713287,160.89545480146438,65.68451067369004,26.877576357466065
2020-11-02 06:00:00,66.84673286713287,160.89545480146438,65.68451067369004,26.877576357466065
2020-11-02 07:00:00,66.84673286713287,160.89545480146438,65.68451067369004,26.877576357466065
2020-11-02 08:00:00,66.84673286713287,160.89545480146438,65.68451067369004,26.877576357466065
2020-11-02 09:00:00,66.84673286713287,160.89545480146438,65.68451067369004,26.877576357466065
2020-11-02 10:00:00,66.84673286713287,160.89545480146438,65.68451067369004,26.877576357466065
2020-11-02 11:00:00,66.84673286713287,160.89545480146438,65.68451067369004,26.877576357466065
2020-11-02 12:00:00,66.84673286713287,160.89545480146438,65.68451067369004,26.877576357466065
2020-11-02 13:00:00,66.84673286713287,160.89545480146438,65.68451067369004,26.877576357466065
2020-11-02 14:00:00,66.84673286713287,160.89545480146438,65.68451067369004,26.877576357466065
2020-11-02 15:00:00,66.84673286713287,160.89545480146438,65.68451067369004,26.877576357466065
2020-11-02 16:00:00,66.84673286713287,160.89545480146438,65.68451067369004,26.877576357466065
2020-11-02 17:00:00,66.84673286713287,160.89545480146438,65.68451067369004,26.877576357466065
2020-11-02 18:00:00,66.84673286713287,160.89545480146438,65.68451067369004,26.877576357466065
2020-11-02 19:00:00,66.84673286713287,160.89545480146438,65.68451067369004,26.877576357466065
2020-11-02 20:00:00,66.84673286713287,160.89545480146438,65.68451067369004,26.877576357466065
2020-11-02 21:00:00,66.84673286713287,160.89545480146438,65.68451067369004,26.877576357466065
2020-11-02 22:00:00,66.84673286713287,160.89545480146438,65.68451067369004,26.877576357466065
2020-11-02 23:00:00,66.84673286713287,160.89545480146438,65.68451067369004,26.877576357466065
2020-11-03 00:00:00,66.84673286713287,160.89545480146438,65.68451067369004,26.877576357466065
2020-11-03 01:00:00,66.84673286713287,160.89545480146438,65.68451067369004,26.877576357466065
2020-11-03 02:00:00,66.84673286713287,160.89545480146438,65.68451067369004,26.877576357466065
2020-11-03 03:00:00,66.84673286713287,160.89545480146438,65.68451067369004,26.877576357466065
2020-11-03 04:00:00,66.84673286713287,160.89545480146438,65.68451067369004,26.877576357466065
2020-11-03 05:00:00,66.84673286713287,160.89545480146438,65.68451067369004,26.877576357466065
2020-11-03 06:00:00,66.84673286713287,160.89545480146438,65.68451067369004,26.877576357466065
2020-11-03 07:00:00,66.84673286713287,160.89545480146438,65.68451067369004,26.877576357466065
2020-11-03 08:00:00,66.84673286713287,160.89545480146438,65.68451067369004,26.877576357466065
2020-11-03 09:00:00,66.84673286713287,160.89545480146438,65.68451067369004,26.877576357466065
2020-11-03 10:00:00,66.84673286713287,160.89545480146438,65.68451067369004,26.877576357466065
2020-11-03 11:00:00,66.84673286713287,160.89545480146438,65.68451067369004,26.877576357466065
2020-11-03 12:00:00,66.84673286713287,160.89545480146438,65.68451067369004,26.877576357466065
2020-11-03 13:00:00,66.84673286713287,160.89545480146438,65.68451067369004,26.877576357466065
2020-11-03 14:00:00,66.84673286713287,160.89545480146438,65.68451067369004,26.877576357466065
2020-11-03 15:00:00,66.84673286713287,160.89545480146438,65.68451067369004,26.877576357466065
2020-11-03 16:00:00,66.84673286713287,160.89545480146438,65.68451067369004,26.877576357466065
2020-11-03 17:00:00,66.84673286713287,160.89545480146438,65.68451067369004,26.877576357466065
2020-11-03 18:00:00,66.84673286713287,160.89545480146438,65.68451067369004,26.877576357466065
2020-11-03 19:00:00,66.84673286713287,160.89545480146438,65.68451067369004,26.877576357466065
2020-11-03 20:00:00,66.84673286713287,160.89545480146438,65.68451067369004,26.877576357466065
2020-11-03 21:00:00,66.84673286713287,160.89545480146438,65.68451067369004,26.877576357466065
2020-11-03 22:00:00,66.84673286713287,160.89545480146438,65.68451067369004,26.877576357466065
2020-11-03 23:00:00,66.84673286713287,160.89545480146438,65.68451067369004,26.877576357466065
2020-11-04 00:00:00,66.84673286713287,160.89545480146438,65.68451067369004,26.877576357466065
2020-11-04 01:00:00,66.84673286713287,160.89545480146438,65.68451067369004,26.877576357466065
2020-11-04 02:00:00,66.84673286713287,160.89545480146438,65.68451067369004,26.877576357466065
2020-11-04 03:00:00,66.84673286713287,160.89545480146438,65.68451067369004,26.877576357466065
2020-11-04 04:00:00,66.84673286713287,160.89545480146438,65.68451067369004,26.877576357466065
2020-11-04 05:00:00,66.84673286713287,160.89545480146438,65.68451067369004,26.877576357466065
2020-11-04 06:00:00,66.84673286713287,160.89545480146438,65.68451067369004,26.877576357466065
2020-11-04 07:00:00,66.84673286713287,160.89545480146438,65.68451067369004,26.877576357466065
2020-11-04 08:00:00,66.84673286713287,160.89545480146438,65.68451067369004,26.877576357466065
2020-11-04 09:00:00,66.84673286713287,160.89545480146438,65.68451067369004,26.877576357466065
2020-11-04 10:00:00,66.84673286713287,160.89545480146438,65.68451067369004,26.877576357466065
2020-11-04 11:00:00,66.84673286713287,160.89545480146438,65.68451067369004,26.877576357466065
2020-11-04 12:00:00,66.84673286713287,160.89545480146438,65.68451067369004,26.877576357466065
2020-11-04 13:00:00,66.84673286713287,160.89545480146438,65.68451067369004,26.877576357466065
2020-11-04 14:00:00,66.84673286713287,160.89545480146438,65.68451067369004,26.877576357466065
2020-11-04 15:00:00,66.84673286713287,160.89545480146438,65.68451067369004,26.877576357466065
2020-11-04 16:00:00,66.84673286713287,160.89545480146438,65.68451067369004,26.877576357466065
2020-11-04 17:00:00,66.84673286713287,160.89545480146438,65.68451067369004,26.877576357466065
2020-11-04 18:00:00,66.84673286713287,160.89545480146438,65.68451067369004,26.877576357466065
2020-11-04 19:00:00,66.84673286713287,160.89545480146438,65.68451067369004,26.877576357466065
2020-11-04 20:00:00,66.84673286713287,160.89545480146438,65.68451067369004,26.877576357466065
2020-11-04 21:00:00,66.84673286713287,160.89545480146438,65.68451067369004,26.877576357466065
2020-11-04 22:00:00,66.84673286713287,160.89545480146438,65.68451067369004,26.877576357466065
2020-11-04 23:00:00,66.84673286713287,160.89545480146438,65.68451067369004,26.877576357466065
2020-11-05 00:00:00,66.84673286713287,160.89545480146438,65.68451067369004,26.877576357466065
2020-11-05 01:00:00,66.84673286713287,160.89545480146438,65.68451067369004,26.877576357466065
2020-11-05 02:00:00,66.84673286713287,160.89545480146438,65.68451067369004,26.877576357466065
2020-11-05 03:00:00,66.84673286713287,160.89545480146438,65.68451067369004,26.877576357466065
2020-11-05 04:00:00,66.84673286713287,160.89545480146438,65.68451067369004,26.877576357466065
2020-11-05 05:00:00,66.84673286713287,160.89545480146438,65.68451067369004,26.877576357466065
2020-11-05 06:00:00,66.84673286713287,160.89545480146438,65.68451067369004,26.877576357466065
2020-11-05 07:00:00,66.84673286713287,160.89545480146438,65.68451067369004,26.877576357466065
2020-11-05 08:00:00,66.84673286713287,160.89545480146438,65.68451067369004,26.877576357466065
2020-11-05 09:00:00,66.84673286713287,160.89545480146438,65.68451067369004,26.877576357466065
2020-11-05 10:00:00,66.84673286713287,160.89545480146438,65.68451067369004,26.877576357466065
2020-11-05 11:00:00,66.84673286713287,160.89545480146438,65.68451067369004,26.877576357466065
2020-11-05 12:00:00,66.84673286713287,160.89545480146438,65.68451067369004,26.877576357466065
2020-11-05 13:00:00,66.84673286713287,160.89545480146438,65.68451067369004,26.877576357466065
2020-11-05 14:00:00,66.84673286713287,160.89545480146438,65.68451067369004,26.877576357466065
2020-11-05 15:00:00,66.84673286713287,160.89545480146438,65.68451067369004,26.877576357466065
2020-11-05 16:00:00,66.84673286713287,160.89545480146438,65.68451067369004,26.877576357466065
2020-11-05 17:00:00,66.84673286713287,160.89545480146438,65.68451067369004,26.877576357466065
2020-11-05 18:00:00,66.84673286713287,160.89545480146438,65.68451067369004,26.877576357466065
2020-11-05 19:00:00,66.84673286713287,160.89545480146438,65.68451067369004,26.877576357466065
2020-11-05 20:00:00,66.84673286713287,160.89545480146438,65.68451067369004,26.877576357466065
2020-11-05 21:00:00,66.84673286713287,160.89545480146438,65.68451067369004,26.877576357466065
2020-11-05 22:00:00,66.84673286713287,160.89545480146438,65.68451067369004,26.877576357466065
2020-11-05 23:00:00,66.84673286713287,160.89545480146438,65.68451067369004,26.877576357466065
2020-11-06 00:00:00,66.84673286713287,160.89545480146438,65.68451067369004,26.877576357466065
2020-11-06 01:00:00,66.84673286713287,160.89545480146438,65.68451067369004,26.877576357466065
2020-11-06 02:00:00,66.84673286713287,160.89545480146438,65.68451067369004,26.877576357466065
2020-11-06 03:00:00,66.84673286713287,160.89545480146438,65.68451067369004,26.877576357466065
2020-11-06 04:00:00,66.84673286713287,160.89545480146438,65.68451067369004,26.877576357466065
2020-11-06 05:00:00,66.84673286713287,160.89545480146438,65.68451067369004,26.877576357466065
2020-11-06 06:00:00,66.84673286713287,160.89545480146438,65.68451067369004,26.877576357466065
2020-11-06 07:00:00,66.84673286713287,160.89545480146438,65.68451067369004,26.877576357466065
2020-11-06 08:00:00,66.84673286713287,160.89545480146438,65.68451067369004,26.877576357466065
2020-11-06 09:00:00,66.84673286713287,160.89545480146438,65.68451067369004,26.877576357466065
2020-11-06 10:00:00,66.84673286713287,160.89545480146438,65.68451067369004,26.877576357466065
2020-11-06 11:00:00,66.84673286713287,160.89545480146438,65.68451067369004,26.877576357466065
2020-11-06 12:00:00,66.84673286713287,160.89545480146438,65.68451067369004,26.877576357466065
2020-11-06 13:00:00,66.84673286713287,160.89545480146438,65.68451067369004,26.877576357466065
2020-11-06 14:00:00,66.84673286713287,160.89545480146438,65.68451067369004,26.877576357466065
2020-11-06 15:00:00,66.84673286713287,160.89545480146438,65.68451067369004,26.877576357466065
2020-11-06 16:00:00,66.84673286713287,160.89545480146438,65.68451067369004,26.877576357466065
2020-11-06 17:00:00,66.84673286713287,160.89545480146438,65.68451067369004,26.877576357466065
2020-11-06 18:00:00,66.84673286713287,160.89545480146438,65.68451067369004,26.877576357466065
2020-11-06 19:00:00,66.84673286713287,160.89545480146438,65.68451067369004,26.877576357466065
2020-11-06 20:00:00,66.84673286713287,160.89545480146438,65.68451067369004,26.877576357466065
2020-11-06 21:00:00,66.84673286713287,160.89545480146438,65.68451067369004,26.877576357466065
2020-11-06 22:00:00,66.84673286713287,160.89545480146438,65.68451067369004,26.877576357466065
2020-11-06 23:00:00,66.84673286713287,160.89545480146438,65.68451067369004,26.877576357466065
2020-11-07 00:00:00,66.84673286713287,160.89545480146438,65.68451067369004,26.877576357466065
2020-11-07 01:00:00,66.84673286713287,160.89545480146438,65.68451067369004,26.877576357466065
2020-11-07 02:00:00,66.84673286713287,160.89545480146438,65.68451067369004,26.877576357466065
2020-11-07 03:00:00,66.84673286713287,160.89545480146438,65.68451067369004,26.877576357466065
2020-11-07 04:00:00,66.84673286713287,160.89545480146438,65.68451067369004,26.877576357466065
2020-11-07 05:00:00,66.84673286713287,160.89545480146438,65.68451067369004,26.877576357466065
2020-11-07 06:00:00,66.84673286713287,160.89545480146438,65.68451067369004,26.877576357466065
2020-11-07 07:00:00,66.84673286713287,160.89545480146438,65.68451067369004,26.877576357466065
2020-11-07 08:00:00,66.84673286713287,160.89545480146438,65.68451067369004,26.877576357466065
2020-11-07 09:00:00,66.84673286713287,160.89545480146438,65.68451067369004,26.877576357466065
2020-11-07 10:00:00,66.84673286713287,160.89545480146438,65.68451067369004,26.877576357466065
2020-11-07 11:00:00,66.84673286713287,160.89545480146438,65.68451067369004,26.877576357466065
2020-11-07 12:00:00,66.84673286713287,160.89545480146438,65.68451067369004,26.877576357466065
2020-11-07 13:00:00,66.84673286713287,160.89545480146438,65.68451067369004,26.877576357466065
2020-11-07 14:00:00,66.84673286713287,160.89545480146438,65.68451067369004,26.877576357466065
2020-11-07 15:00:00,66.84673286713287,160.89545480146438,65.68451067369004,26.877576357466065
2020-11-07 16:00:00,66.84673286713287,160.89545480146438,65.68451067369004,26.877576357466065
2020-11-07 17:00:00,66.84673286713287,160.89545480146438,65.68451067369004,26.877576357466065
2020-11-07 18:00:00,66.84673286713287,160.89545480146438,65.68451067369004,26.877576357466065
2020-11-07 19:00:00,66.84673286713287,160.89545480146438,65.68451067369004,26.877576357466065
2020-11-07 20:00:00,66.84673286713287,160.89545480146438,65.68451067369004,26.877576357466065
2020-11-07 21:00:00,66.84673286713287,160.89545480146438,65.68451067369004,26.877576357466065
2020-11-07 22:00:00,66.84673286713287,160.89545480146438,65.68451067369004,26.877576357466065
2020-11-07 23:00:00,66.84673286713287,160.89545480146438,65.68451067369004,26.877576357466065
2020-11-08 00:00:00,66.84673286713287,160.89545480146438,65.68451067369004,26.877576357466065
2020-11-08 01:00:00,66.84673286713287,160.89545480146438,65.68451067369004,26.877576357466065
2020-11-08 02:00:00,66.84673286713287,160.89545480146438,65.68451067369004,26.877576357466065
2020-11-08 03:00:00,66.84673286713287,160.89545480146438,65.68451067369004,26.877576357466065
2020-11-08 04:00:00,66.84673286713287,160.89545480146438,65.68451067369004,26.877576357466065
2020-11-08 05:00:00,66.84673286713287,160.89545480146438,65.68451067369004,26.877576357466065
2020-11-08 06:00:00,66.84673286713287,160.89545480146438,65.68451067369004,26.877576357466065
2020-11-08 07:00:00,66.84673286713287,160.89545480146438,65.68451067369004,26.877576357466065
2020-11-08 08:00:00,66.84673286713287,160.89545480146438,65.68451067369004,26.877576357466065
2020-11-08 09:00:00,66.84673286713287,160.89545480146438,65.68451067369004,26.877576357466065
2020-11-08 10:00:00,66.84673286713287,160.89545480146438,65.68451067369004,26.877576357466065
2020-11-08 11:00:00,66.84673286713287,160.89545480146438,65.68451067369004,26.877576357466065
2020-11-08 12:00:00,66.84673286713287,160.89545480146438,65.68451067369004,26.877576357466065
2020-11-08 13:00:00,66.84673286713287,160.89545480146438,65.68451067369004,26.877576357466065
2020-11-08 14:00:00,66.84673286713287,160.89545480146438,65.68451067369004,26.877576357466065
2020-11-08 15:00:00,66.84673286713287,160.89545480146438,65.68451067369004,26.877576357466065
2020-11-08 16:00:00,66.84673286713287,160.89545480146438,65.68451067369004,26.877576357466065
2020-11-08 17:00:00,66.84673286713287,160.89545480146438,65.68451067369004,26.877576357466065
2020-11-08 18:00:00,66.84673286713287,160.89545480146438,65.68451067369004,26.877576357466065
2020-11-08 19:00:00,66.84673286713287,160.89545480146438,65.68451067369004,26.877576357466065
2020-11-08 20:00:00,66.84673286713287,160.89545480146438,65.68451067369004,26.877576357466065
2020-11-08 21:00:00,66.84673286713287,160.89545480146438,65.68451067369004,26.877576357466065
2020-11-08 22:00:00,66.84673286713287,160.89545480146438,65.68451067369004,26.877576357466065
2020-11-08 23:00:00,66.84673286713287,160.89545480146438,65.68451067369004,26.877576357466065
2020-11-09 00:00:00,66.84673286713287,160.89545480146438,65.68451067369004,26.877576357466065
2020-11-09 01:00:00,66.84673286713287,160.89545480146438,65.68451067369004,26.877576357466065
2020-11-09 02:00:00,66.84673286713287,160.89545480146438,65.68451067369004,26.877576357466065
2020-11-09 03:00:00,66.84673286713287,160.89545480146438,65.68451067369004,26.877576357466065
2020-11-09 04:00:00,66.84673286713287,160.89545480146438,65.68451067369004,26.877576357466065
2020-11-09 05:00:00,66.84673286713287,160.89545480146438,65.68451067369004,26.877576357466065
2020-11-09 06:00:00,66.84673286713287,160.89545480146438,65.68451067369004,26.877576357466065
2020-11-09 07:00:00,66.84673286713287,160.89545480146438,65.68451067369004,26.877576357466065
2020-11-09 08:00:00,66.84673286713287,160.89545480146438,65.68451067369004,26.877576357466065
2020-11-09 09:00:00,66.84673286713287,160.89545480146438,65.68451067369004,26.877576357466065
2020-11-09 10:00:00,66.84673286713287,160.89545480146438,65.68451067369004,26.877576357466065
2020-11-09 11:00:00,66.84673286713287,160.89545480146438,65.68451067369004,26.877576357466065
2020-11-09 12:00:00,66.84673286713287,160.89545480146438,65.68451067369004,26.877576357466065
2020-11-09 13:00:00,66.84673286713287,160.89545480146438,65.68451067369004,26.877576357466065
2020-11-09 14:00:00,66.84673286713287,160.89545480146438,65.68451067369004,26.877576357466065
2020-11-09 15:00:00,66.84673286713287,160.89545480146438,65.68451067369004,26.877576357466065
2020-11-09 16:00:00,66.84673286713287,160.89545480146438,65.68451067369004,26.877576357466065
2020-11-09 17:00:00,66.84673286713287,160.89545480146438,65.68451067369004,26.877576357466065
2020-11-09 18:00:00,66.84673286713287,160.89545480146438,65.68451067369004,26.877576357466065
2020-11-09 19:00:00,66.84673286713287,160.89545480146438,65.68451067369004,26.877576357466065
2020-11-09 20:00:00,66.84673286713287,160.89545480146438,65.68451067369004,26.877576357466065
2020-11-09 21:00:00,66.84673286713287,160.89545480146438,65.68451067369004,26.877576357466065
2020-11-09 22:00:00,66.84673286713287,160.89545480146438,65.68451067369004,26.877576357466065
2020-11-09 23:00:00,66.84673286713287,160.89545480146438,65.68451067369004,26.877576357466065
2020-11-10 00:00:00,66.84673286713287,160.89545480146438,65.68451067369004,26.877576357466065
2020-11-10 01:00:00,66.84673286713287,160.89545480146438,65.68451067369004,26.877576357466065
2020-11-10 02:00:00,66.84673286713287,160.89545480146438,65.68451067369004,26.877576357466065
2020-11-10 03:00:00,66.84673286713287,160.89545480146438,65.68451067369004,26.877576357466065
2020-11-10 04:00:00,66.84673286713287,160.89545480146438,65.68451067369004,26.877576357466065
2020-11-10 05:00:00,66.84673286713287,160.89545480146438,65.68451067369004,26.877576357466065
2020-11-10 06:00:00,66.84673286713287,160.89545480146438,65.68451067369004,26.877576357466065
2020-11-10 07:00:00,66.84673286713287,160.89545480146438,65.68451067369004,26.877576357466065
2020-11-10 08:00:00,66.84673286713287,160.89545480146438,65.68451067369004,26.877576357466065
2020-11-10 09:00:00,66.84673286713287,160.89545480146438,65.68451067369004,26.877576357466065
2020-11-10 10:00:00,66.84673286713287,160.89545480146438,65.68451067369004,26.877576357466065
2020-11-10 11:00:00,66.84673286713287,160.89545480146438,65.68451067369004,26.877576357466065
2020-11-10 12:00:00,66.84673286713287,160.89545480146438,65.68451067369004,26.877576357466065
2020-11-10 13:00:00,66.84673286713287,160.89545480146438,65.68451067369004,26.877576357466065
2020-11-10 14:00:00,66.84673286713287,160.89545480146438,65.68451067369004,26.877576357466065
2020-11-10 15:00:00,66.84673286713287,160.89545480146438,65.68451067369004,26.877576357466065
2020-11-10 16:00:00,66.84673286713287,160.89545480146438,65.68451067369004,26.877576357466065
2020-11-10 17:00:00,66.84673286713287,160.89545480146438,65.68451067369004,26.877576357466065
2020-11-10 18:00:00,66.84673286713287,160.89545480146438,65.68451067369004,26.877576357466065
2020-11-10 19:00:00,66.84673286713287,160.89545480146438,65.68451067369004,26.877576357466065
2020-11-10 20:00:00,66.84673286713287,160.89545480146438,65.68451067369004,26.877576357466065
2020-11-10 21:00:00,66.84673286713287,160.89545480146438,65.68451067369004,26.877576357466065
2020-11-10 22:00:00,66.84673286713287,160.89545480146438,65.68451067369004,26.877576357466065
2020-11-10 23:00:00,66.84673286713287,160.89545480146438,65.68451067369004,26.877576357466065
2020-11-11 00:00:00,66.84673286713287,160.89545480146438,65.68451067369004,26.877576357466065
2020-11-11 01:00:00,66.84673286713287,160.89545480146438,65.68451067369004,26.877576357466065
2020-11-11 02:00:00,66.84673286713287,160.89545480146438,65.68451067369004,26.877576357466065
2020-11-11 03:00:00,66.84673286713287,160.89545480146438,65.68451067369004,26.877576357466065
2020-11-11 04:00:00,66.84673286713287,160.89545480146438,65.68451067369004,26.877576357466065
2020-11-11 05:00:00,66.84673286713287,160.89545480146438,65.68451067369004,26.877576357466065
2020-11-11 06:00:00,66.84673286713287,160.89545480146438,65.68451067369004,26.877576357466065
2020-11-11 07:00:00,66.84673286713287,160.89545480146438,65.68451067369004,26.877576357466065
2020-11-11 08:00:00,66.84673286713287,160.89545480146438,65.68451067369004,26.877576357466065
2020-11-11 09:00:00,66.84673286713287,160.89545480146438,65.68451067369004,26.877576357466065
2020-11-11 10:00:00,66.84673286713287,160.89545480146438,65.68451067369004,26.877576357466065
2020-11-11 11:00:00,66.84673286713287,160.89545480146438,65.68451067369004,26.877576357466065
2020-11-11 12:00:00,66.84673286713287,160.89545480146438,65.68451067369004,26.877576357466065
2020-11-11 13:00:00,66.84673286713287,160.89545480146438,65.68451067369004,26.877576357466065
2020-11-11 14:00:00,66.84673286713287,160.89545480146438,65.68451067369004,26.877576357466065
2020-11-11 15:00:00,66.84673286713287,160.89545480146438,65.68451067369004,26.877576357466065
2020-11-11 16:00:00,66.84673286713287,160.89545480146438,65.68451067369004,26.877576357466065
2020-11-11 17:00:00,66.84673286713287,160.89545480146438,65.68451067369004,26.877576357466065
2020-11-11 18:00:00,66.84673286713287,160.89545480146438,65.68451067369004,26.877576357466065
2020-11-11 19:00:00,66.84673286713287,160.89545480146438,65.68451067369004,26.877576357466065
2020-11-11 20:00:00,66.84673286713287,160.89545480146438,65.68451067369004,26.877576357466065
2020-11-11 21:00:00,66.84673286713287,160.89545480146438,65.68451067369004,26.877576357466065
2020-11-11 22:00:00,66.84673286713287,160.89545480146438,65.68451067369004,26.877576357466065
2020-11-11 23:00:00,66.84673286713287,160.89545480146438,65.68451067369004,26.877576357466065
2020-11-12 00:00:00,66.84673286713287,160.89545480146438,65.68451067369004,26.877576357466065
2020-11-12 01:00:00,66.84673286713287,160.89545480146438,65.68451067369004,26.877576357466065
2020-11-12 02:00:00,66.84673286713287,160.89545480146438,65.68451067369004,26.877576357466065
2020-11-12 03:00:00,66.84673286713287,160.89545480146438,65.68451067369004,26.877576357466065
2020-11-12 04:00:00,66.84673286713287,160.89545480146438,65.68451067369004,26.877576357466065
2020-11-12 05:00:00,66.84673286713287,160.89545480146438,65.68451067369004,26.877576357466065
2020-11-12 06:00:00,66.84673286713287,160.89545480146438,65.68451067369004,26.877576357466065
2020-11-12 07:00:00,66.84673286713287,160.89545480146438,65.68451067369004,26.877576357466065
2020-11-12 08:00:00,66.84673286713287,160.89545480146438,65.68451067369004,26.877576357466065
2020-11-12 09:00:00,66.84673286713287,160.89545480146438,65.68451067369004,26.877576357466065
2020-11-12 10:00:00,66.84673286713287,160.89545480146438,65.68451067369004,26.877576357466065
2020-11-12 11:00:00,66.84673286713287,160.89545480146438,65.68451067369004,26.877576357466065
2020-11-12 12:00:00,66.84673286713287,160.89545480146438,65.68451067369004,26.877576357466065
2020-11-12 13:00:00,66.84673286713287,160.89545480146438,65.68451067369004,26.877576357466065
2020-11-12 14:00:00,66.84673286713287,160.89545480146438,65.68451067369004,26.877576357466065
2020-11-12 15:00:00,66.84673286713287,160.89545480146438,65.68451067369004,26.877576357466065
2020-11-12 16:00:00,66.84673286713287,160.89545480146438,65.68451067369004,26.877576357466065
2020-11-12 17:00:00,66.84673286713287,160.89545480146438,65.68451067369004,26.877576357466065
2020-11-12 18:00:00,66.84673286713287,160.89545480146438,65.68451067369004,26.877576357466065
2020-11-12 19:00:00,66.84673286713287,160.89545480146438,65.68451067369004,26.877576357466065
2020-11-12 20:00:00,66.84673286713287,160.89545480146438,65.68451067369004,26.877576357466065
2020-11-12 21:00:00,66.84673286713287,160.89545480146438,65.68451067369004,26.877576357466065
2020-11-12 22:00:00,66.84673286713287,160.89545480146438,65.68451067369004,26.877576357466065
2020-11-12 23:00:00,66.84673286713287,160.89545480146438,65.68451067369004,26.877576357466065
2020-11-13 00:00:00,66.84673286713287,160.89545480146438,65.68451067369004,26.877576357466065
2020-11-13 01:00:00,66.84673286713287,160.89545480146438,65.68451067369004,26.877576357466065
2020-11-13 02:00:00,66.84673286713287,160.89545480146438,65.68451067369004,26.877576357466065
2020-11-13 03:00:00,66.84673286713287,160.89545480146438,65.68451067369004,26.877576357466065
2020-11-13 04:00:00,66.84673286713287,160.89545480146438,65.68451067369004,26.877576357466065
2020-11-13 05:00:00,66.84673286713287,160.89545480146438,65.68451067369004,26.877576357466065
2020-11-13 06:00:00,66.84673286713287,160.89545480146438,65.68451067369004,26.877576357466065
2020-11-13 07:00:00,66.84673286713287,160.89545480146438,65.68451067369004,26.877576357466065
2020-11-13 08:00:00,66.84673286713287,160.89545480146438,65.68451067369004,26.877576357466065
2020-11-13 09:00:00,66.84673286713287,160.89545480146438,65.68451067369004,26.877576357466065
2020-11-13 10:00:00,66.84673286713287,160.89545480146438,65.68451067369004,26.877576357466065
2020-11-13 11:00:00,66.84673286713287,160.89545480146438,65.68451067369004,26.877576357466065
2020-11-13 12:00:00,66.84673286713287,160.89545480146438,65.68451067369004,26.877576357466065
2020-11-13 13:00:00,66.84673286713287,160.89545480146438,65.68451067369004,26.877576357466065
2020-11-13 14:00:00,66.84673286713287,160.89545480146438,65.68451067369004,26.877576357466065
2020-11-13 15:00:00,66.84673286713287,160.89545480146438,65.68451067369004,26.877576357466065
2020-11-13 16:00:00,66.84673286713287,160.89545480146438,65.68451067369004,26.877576357466065
2020-11-13 17:00:00,66.84673286713287,160.89545480146438,65.68451067369004,26.877576357466065
2020-11-13 18:00:00,66.84673286713287,160.89545480146438,65.68451067369004,26.877576357466065
2020-11-13 19:00:00,66.84673286713287,160.89545480146438,65.68451067369004,26.877576357466065
2020-11-13 20:00:00,66.84673286713287,160.89545480146438,65.68451067369004,26.877576357466065
2020-11-13 21:00:00,66.84673286713287,160.89545480146438,65.68451067369004,26.877576357466065
2020-11-13 22:00:00,66.84673286713287,160.89545480146438,65.68451067369004,26.877576357466065
2020-11-13 23:00:00,66.84673286713287,160.89545480146438,65.68451067369004,26.877576357466065
2020-11-14 00:00:00,66.84673286713287,160.89545480146438,65.68451067369004,26.877576357466065
2020-11-14 01:00:00,66.84673286713287,160.89545480146438,65.68451067369004,26.877576357466065
2020-11-14 02:00:00,66.84673286713287,160.89545480146438,65.68451067369004,26.877576357466065
2020-11-14 03:00:00,66.84673286713287,160.89545480146438,65.68451067369004,26.877576357466065
2020-11-14 04:00:00,66.84673286713287,160.89545480146438,65.68451067369004,26.877576357466065
2020-11-14 05:00:00,66.84673286713287,160.89545480146438,65.68451067369004,26.877576357466065
2020-11-14 06:00:00,66.84673286713287,160.89545480146438,65.68451067369004,26.877576357466065
2020-11-14 07:00:00,66.84673286713287,160.89545480146438,65.68451067369004,26.877576357466065
2020-11-14 08:00:00,66.84673286713287,160.89545480146438,65.68451067369004,26.877576357466065
2020-11-14 09:00:00,66.84673286713287,160.89545480146438,65.68451067369004,26.877576357466065
2020-11-14 10:00:00,66.84673286713287,160.89545480146438,65.68451067369004,26.877576357466065
2020-11-14 11:00:00,66.84673286713287,160.89545480146438,65.68451067369004,26.877576357466065
2020-11-14 12:00:00,66.84673286713287,160.89545480146438,65.68451067369004,26.877576357466065
2020-11-14 13:00:00,66.84673286713287,160.89545480146438,65.68451067369004,26.877576357466065
2020-11-14 14:00:00,66.84673286713287,160.89545480146438,65.68451067369004,26.877576357466065
2020-11-14 15:00:00,66.84673286713287,160.89545480146438,65.68451067369004,26.877576357466065
2020-11-14 16:00:00,66.84673286713287,160.89545480146438,65.68451067369004,26.877576357466065
2020-11-14 17:00:00,66.84673286713287,160.89545480146438,65.68451067369004,26.877576357466065
2020-11-14 18:00:00,66.84673286713287,160.89545480146438,65.68451067369004,26.877576357466065
2020-11-14 19:00:00,66.84673286713287,160.89545480146438,65.68451067369004,26.877576357466065
2020-11-14 20:00:00,66.84673286713287,160.89545480146438,65.68451067369004,26.877576357466065
2020-11-14 21:00:00,66.84673286713287,160.89545480146438,65.68451067369004,26.877576357466065
2020-11-14 22:00:00,66.84673286713287,160.89545480146438,65.68451067369004,26.877576357466065
2020-11-14 23:00:00,66.84673286713287,160.89545480146438,65.68451067369004,26.877576357466065
2020-11-15 00:00:00,66.84673286713287,160.89545480146438,65.68451067369004,26.877576357466065
2020-11-15 01:00:00,66.84673286713287,160.89545480146438,65.68451067369004,26.877576357466065
2020-11-15 02:00:00,66.84673286713287,160.89545480146438,65.68451067369004,26.877576357466065
2020-11-15 03:00:00,66.84673286713287,160.89545480146438,65.68451067369004,26.877576357466065
2020-11-15 04:00:00,66.84673286713287,160.89545480146438,65.68451067369004,26.877576357466065
2020-11-15 05:00:00,66.84673286713287,160.89545480146438,65.68451067369004,26.877576357466065
2020-11-15 06:00:00,66.84673286713287,160.89545480146438,65.68451067369004,26.877576357466065
2020-11-15 07:00:00,66.84673286713287,160.89545480146438,65.68451067369004,26.877576357466065
2020-11-15 08:00:00,66.84673286713287,160.89545480146438,65.68451067369004,26.877576357466065
2020-11-15 09:00:00,66.84673286713287,160.89545480146438,65.68451067369004,26.877576357466065
2020-11-15 10:00:00,66.84673286713287,160.89545480146438,65.68451067369004,26.877576357466065
2020-11-15 11:00:00,66.84673286713287,160.89545480146438,65.68451067369004,26.877576357466065
2020-11-15 12:00:00,66.84673286713287,160.89545480146438,65.68451067369004,26.877576357466065
2020-11-15 13:00:00,66.84673286713287,160.89545480146438,65.68451067369004,26.877576357466065
2020-11-15 14:00:00,66.84673286713287,160.89545480146438,65.68451067369004,26.877576357466065
2020-11-15 15:00:00,66.84673286713287,160.89545480146438,65.68451067369004,26.877576357466065
2020-11-15 16:00:00,66.84673286713287,160.89545480146438,65.68451067369004,26.877576357466065
2020-11-15 17:00:00,66.84673286713287,160.89545480146438,65.68451067369004,26.877576357466065
2020-11-15 18:00:00,66.84673286713287,160.89545480146438,65.68451067369004,26.877576357466065
2020-11-15 19:00:00,66.84673286713287,160.89545480146438,65.68451067369004,26.877576357466065
2020-11-15 20:00:00,66.84673286713287,160.89545480146438,65.68451067369004,26.877576357466065
2020-11-15 21:00:00,66.84673286713287,160.89545480146438,65.68451067369004,26.877576357466065
2020-11-15 22:00:00,66.84673286713287,160.89545480146438,65.68451067369004,26.877576357466065
2020-11-15 23:00:00,66.84673286713287,160.89545480146438,65.68451067369004,26.877576357466065
2020-11-16 00:00:00,66.84673286713287,160.89545480146438,65.68451067369004,26.877576357466065
2020-11-16 01:00:00,66.84673286713287,160.89545480146438,65.68451067369004,26.877576357466065
2020-11-16 02:00:00,66.84673286713287,160.89545480146438,65.68451067369004,26.877576357466065
2020-11-16 03:00:00,66.84673286713287,160.89545480146438,65.68451067369004,26.877576357466065
2020-11-16 04:00:00,66.84673286713287,160.89545480146438,65.68451067369004,26.877576357466065
2020-11-16 05:00:00,66.84673286713287,160.89545480146438,65.68451067369004,26.877576357466065
2020-11-16 06:00:00,66.84673286713287,160.89545480146438,65.68451067369004,26.877576357466065
2020-11-16 07:00:00,66.84673286713287,160.89545480146438,65.68451067369004,26.877576357466065
2020-11-16 08:00:00,66.84673286713287,160.89545480146438,65.68451067369004,26.877576357466065
2020-11-16 09:00:00,66.84673286713287,160.89545480146438,65.68451067369004,26.877576357466065
2020-11-16 10:00:00,66.84673286713287,160.89545480146438,65.68451067369004,26.877576357466065
2020-11-16 11:00:00,66.84673286713287,160.89545480146438,65.68451067369004,26.877576357466065
2020-11-16 12:00:00,66.84673286713287,160.89545480146438,65.68451067369004,26.877576357466065
2020-11-16 13:00:00,66.84673286713287,160.89545480146438,65.68451067369004,26.877576357466065
2020-11-16 14:00:00,66.84673286713287,160.89545480146438,65.68451067369004,26.877576357466065
2020-11-16 15:00:00,66.84673286713287,160.89545480146438,65.68451067369004,26.877576357466065
2020-11-16 16:00:00,66.84673286713287,160.89545480146438,65.68451067369004,26.877576357466065
2020-11-16 17:00:00,66.84673286713287,160.89545480146438,65.68451067369004,26.877576357466065
2020-11-16 18:00:00,66.84673286713287,160.89545480146438,65.68451067369004,26.877576357466065
2020-11-16 19:00:00,66.84673286713287,160.89545480146438,65.68451067369004,26.877576357466065
2020-11-16 20:00:00,66.84673286713287,160.89545480146438,65.68451067369004,26.877576357466065
2020-11-16 21:00:00,66.84673286713287,160.89545480146438,65.68451067369004,26.877576357466065
2020-11-16 22:00:00,66.84673286713287,160.89545480146438,65.68451067369004,26.877576357466065
2020-11-16 23:00:00,66.84673286713287,160.89545480146438,65.68451067369004,26.877576357466065
2020-11-17 00:00:00,66.84673286713287,160.89545480146438,65.68451067369004,26.877576357466065
2020-11-17 01:00:00,66.84673286713287,160.89545480146438,65.68451067369004,26.877576357466065
2020-11-17 02:00:00,66.84673286713287,160.89545480146438,65.68451067369004,26.877576357466065
2020-11-17 03:00:00,66.84673286713287,160.89545480146438,65.68451067369004,26.877576357466065
2020-11-17 04:00:00,66.84673286713287,160.89545480146438,65.68451067369004,26.877576357466065
2020-11-17 05:00:00,66.84673286713287,160.89545480146438,65.68451067369004,26.877576357466065
2020-11-17 06:00:00,66.84673286713287,160.89545480146438,65.68451067369004,26.877576357466065
2020-11-17 07:00:00,66.84673286713287,160.89545480146438,65.68451067369004,26.877576357466065
2020-11-17 08:00:00,66.84673286713287,160.89545480146438,65.68451067369004,26.877576357466065
2020-11-17 09:00:00,66.84673286713287,160.89545480146438,65.68451067369004,26.877576357466065
2020-11-17 10:00:00,66.84673286713287,160.89545480146438,65.68451067369004,26.877576357466065
2020-11-17 11:00:00,66.84673286713287,160.89545480146438,65.68451067369004,26.877576357466065
2020-11-17 12:00:00,66.84673286713287,160.89545480146438,65.68451067369004,26.877576357466065
2020-11-17 13:00:00,66.84673286713287,160.89545480146438,65.68451067369004,26.877576357466065
2020-11-17 14:00:00,66.84673286713287,160.89545480146438,65.68451067369004,26.877576357466065
2020-11-17 15:00:00,66.84673286713287,160.89545480146438,65.68451067369004,26.877576357466065
2020-11-17 16:00:00,66.84673286713287,160.89545480146438,65.68451067369004,26.877576357466065
2020-11-17 17:00:00,66.84673286713287,160.89545480146438,65.68451067369004,26.877576357466065
2020-11-17 18:00:00,66.84673286713287,160.89545480146438,65.68451067369004,26.877576357466065
2020-11-17 19:00:00,66.84673286713287,160.89545480146438,65.68451067369004,26.877576357466065
2020-11-17 20:00:00,66.84673286713287,160.89545480146438,65.68451067369004,26.877576357466065
2020-11-17 21:00:00,66.84673286713287,160.89545480146438,65.68451067369004,26.877576357466065
2020-11-17 22:00:00,66.84673286713287,160.89545480146438,65.68451067369004,26.877576357466065
2020-11-17 23:00:00,66.84673286713287,160.89545480146438,65.68451067369004,26.877576357466065
2020-11-18 00:00:00,66.84673286713287,160.89545480146438,65.68451067369004,26.877576357466065
2020-11-18 01:00:00,66.84673286713287,160.89545480146438,65.68451067369004,26.877576357466065
2020-11-18 02:00:00,66.84673286713287,160.89545480146438,65.68451067369004,26.877576357466065
2020-11-18 03:00:00,66.84673286713287,160.89545480146438,65.68451067369004,26.877576357466065
2020-11-18 04:00:00,66.84673286713287,160.89545480146438,65.68451067369004,26.877576357466065
2020-11-18 05:00:00,66.84673286713287,160.89545480146438,65.68451067369004,26.877576357466065
2020-11-18 06:00:00,66.84673286713287,160.89545480146438,65.68451067369004,26.877576357466065
2020-11-18 07:00:00,66.84673286713287,160.89545480146438,65.68451067369004,26.877576357466065
2020-11-18 08:00:00,66.84673286713287,160.89545480146438,65.68451067369004,26.877576357466065
2020-11-18 09:00:00,66.84673286713287,160.89545480146438,65.68451067369004,26.877576357466065
2020-11-18 10:00:00,66.84673286713287,160.89545480146438,65.68451067369004,26.877576357466065
2020-11-18 11:00:00,66.84673286713287,160.89545480146438,65.68451067369004,26.877576357466065
2020-11-18 12:00:00,66.84673286713287,160.89545480146438,65.68451067369004,26.877576357466065
2020-11-18 13:00:00,66.84673286713287,160.89545480146438,65.68451067369004,26.877576357466065
2020-11-18 14:00:00,66.84673286713287,160.89545480146438,65.68451067369004,26.877576357466065
2020-11-18 15:00:00,66.84673286713287,160.89545480146438,65.68451067369004,26.877576357466065
2020-11-18 16:00:00,66.84673286713287,160.89545480146438,65.68451067369004,26.877576357466065
2020-11-18 17:00:00,66.84673286713287,160.89545480146438,65.68451067369004,26.877576357466065
2020-11-18 18:00:00,66.84673286713287,160.89545480146438,65.68451067369004,26.877576357466065
2020-11-18 19:00:00,66.84673286713287,160.89545480146438,65.68451067369004,26.877576357466065
2020-11-18 20:00:00,66.84673286713287,160.89545480146438,65.68451067369004,26.877576357466065
2020-11-18 21:00:00,66.84673286713287,160.89545480146438,65.68451067369004,26.877576357466065
2020-11-18 22:00:00,66.84673286713287,160.89545480146438,65.68451067369004,26.877576357466065
2020-11-18 23:00:00,66.84673286713287,160.89545480146438,65.68451067369004,26.877576357466065
2020-11-19 00:00:00,66.84673286713287,160.89545480146438,65.68451067369004,26.877576357466065
2020-11-19 01:00:00,66.84673286713287,160.89545480146438,65.68451067369004,26.877576357466065
2020-11-19 02:00:00,66.84673286713287,160.89545480146438,65.68451067369004,26.877576357466065
2020-11-19 03:00:00,66.84673286713287,160.89545480146438,65.68451067369004,26.877576357466065
2020-11-19 04:00:00,66.84673286713287,160.89545480146438,65.68451067369004,26.877576357466065
2020-11-19 05:00:00,66.84673286713287,160.89545480146438,65.68451067369004,26.877576357466065
2020-11-19 06:00:00,66.84673286713287,160.89545480146438,65.68451067369004,26.877576357466065
2020-11-19 07:00:00,66.84673286713287,160.89545480146438,65.68451067369004,26.877576357466065
2020-11-19 08:00:00,66.84673286713287,160.89545480146438,65.68451067369004,26.877576357466065
2020-11-19 09:00:00,66.84673286713287,160.89545480146438,65.68451067369004,26.877576357466065
2020-11-19 10:00:00,66.84673286713287,160.89545480146438,65.68451067369004,26.877576357466065
2020-11-19 11:00:00,66.84673286713287,160.89545480146438,65.68451067369004,26.877576357466065
2020-11-19 12:00:00,66.84673286713287,160.89545480146438,65.68451067369004,26.877576357466065
2020-11-19 13:00:00,66.84673286713287,160.89545480146438,65.68451067369004,26.877576357466065
2020-11-19 14:00:00,66.84673286713287,160.89545480146438,65.68451067369004,26.877576357466065
2020-11-19 15:00:00,66.84673286713287,160.89545480146438,65.68451067369004,26.877576357466065
2020-11-19 16:00:00,66.84673286713287,160.89545480146438,65.68451067369004,26.877576357466065
2020-11-19 17:00:00,66.84673286713287,160.89545480146438,65.68451067369004,26.877576357466065
2020-11-19 18:00:00,66.84673286713287,160.89545480146438,65.68451067369004,26.877576357466065
2020-11-19 19:00:00,66.84673286713287,160.89545480146438,65.68451067369004,26.877576357466065
2020-11-19 20:00:00,66.84673286713287,160.89545480146438,65.68451067369004,26.877576357466065
2020-11-19 21:00:00,66.84673286713287,160.89545480146438,65.68451067369004,26.877576357466065
2020-11-19 22:00:00,66.84673286713287,160.89545480146438,65.68451067369004,26.877576357466065
2020-11-19 23:00:00,66.84673286713287,160.89545480146438,65.68451067369004,26.877576357466065
2020-11-20 00:00:00,66.84673286713287,160.89545480146438,65.68451067369004,26.877576357466065
2020-11-20 01:00:00,66.84673286713287,160.89545480146438,65.68451067369004,26.877576357466065
2020-11-20 02:00:00,66.84673286713287,160.89545480146438,65.68451067369004,26.877576357466065
2020-11-20 03:00:00,66.84673286713287,160.89545480146438,65.68451067369004,26.877576357466065
2020-11-20 04:00:00,66.84673286713287,160.89545480146438,65.68451067369004,26.877576357466065
2020-11-20 05:00:00,66.84673286713287,160.89545480146438,65.68451067369004,26.877576357466065
2020-11-20 06:00:00,66.84673286713287,160.89545480146438,65.68451067369004,26.877576357466065
2020-11-20 07:00:00,66.84673286713287,160.89545480146438,65.68451067369004,26.877576357466065
2020-11-20 08:00:00,66.84673286713287,160.89545480146438,65.68451067369004,26.877576357466065
2020-11-20 09:00:00,66.84673286713287,160.89545480146438,65.68451067369004,26.877576357466065
2020-11-20 10:00:00,66.84673286713287,160.89545480146438,65.68451067369004,26.877576357466065
2020-11-20 11:00:00,66.84673286713287,160.89545480146438,65.68451067369004,26.877576357466065
2020-11-20 12:00:00,66.84673286713287,160.89545480146438,65.68451067369004,26.877576357466065
2020-11-20 13:00:00,66.84673286713287,160.89545480146438,65.68451067369004,26.877576357466065
2020-11-20 14:00:00,66.84673286713287,160.89545480146438,65.68451067369004,26.877576357466065
2020-11-20 15:00:00,66.84673286713287,160.89545480146438,65.68451067369004,26.877576357466065
2020-11-20 16:00:00,66.84673286713287,160.89545480146438,65.68451067369004,26.877576357466065
2020-11-20 17:00:00,66.84673286713287,160.89545480146438,65.68451067369004,26.877576357466065
2020-11-20 18:00:00,66.84673286713287,160.89545480146438,65.68451067369004,26.877576357466065
2020-11-20 19:00:00,66.84673286713287,160.89545480146438,65.68451067369004,26.877576357466065
2020-11-20 20:00:00,66.84673286713287,160.89545480146438,65.68451067369004,26.877576357466065
2020-11-20 21:00:00,66.84673286713287,160.89545480146438,65.68451067369004,26.877576357466065
2020-11-20 22:00:00,66.84673286713287,160.89545480146438,65.68451067369004,26.877576357466065
2020-11-20 23:00:00,66.84673286713287,160.89545480146438,65.68451067369004,26.877576357466065
2020-11-21 00:00:00,66.84673286713287,160.89545480146438,65.68451067369004,26.877576357466065
2020-11-21 01:00:00,66.84673286713287,160.89545480146438,65.68451067369004,26.877576357466065
2020-11-21 02:00:00,66.84673286713287,160.89545480146438,65.68451067369004,26.877576357466065
2020-11-21 03:00:00,66.84673286713287,160.89545480146438,65.68451067369004,26.877576357466065
2020-11-21 04:00:00,66.84673286713287,160.89545480146438,65.68451067369004,26.877576357466065
2020-11-21 05:00:00,66.84673286713287,160.89545480146438,65.68451067369004,26.877576357466065
2020-11-21 06:00:00,66.84673286713287,160.89545480146438,65.68451067369004,26.877576357466065
2020-11-21 07:00:00,66.84673286713287,160.89545480146438,65.68451067369004,26.877576357466065
2020-11-21 08:00:00,66.84673286713287,160.89545480146438,65.68451067369004,26.877576357466065
2020-11-21 09:00:00,66.84673286713287,160.89545480146438,65.68451067369004,26.877576357466065
2020-11-21 10:00:00,66.84673286713287,160.89545480146438,65.68451067369004,26.877576357466065
2020-11-21 11:00:00,66.84673286713287,160.89545480146438,65.68451067369004,26.877576357466065
2020-11-21 12:00:00,66.84673286713287,160.89545480146438,65.68451067369004,26.877576357466065
2020-11-21 13:00:00,66.84673286713287,160.89545480146438,65.68451067369004,26.877576357466065
2020-11-21 14:00:00,66.84673286713287,160.89545480146438,65.68451067369004,26.877576357466065
2020-11-21 15:00:00,66.84673286713287,160.89545480146438,65.68451067369004,26.877576357466065
2020-11-21 16:00:00,66.84673286713287,160.89545480146438,65.68451067369004,26.877576357466065
2020-11-21 17:00:00,66.84673286713287,160.89545480146438,65.68451067369004,26.877576357466065
2020-11-21 18:00:00,66.84673286713287,160.89545480146438,65.68451067369004,26.877576357466065
2020-11-21 19:00:00,66.84673286713287,160.89545480146438,65.68451067369004,26.877576357466065
2020-11-21 20:00:00,66.84673286713287,160.89545480146438,65.68451067369004,26.877576357466065
2020-11-21 21:00:00,66.84673286713287,160.89545480146438,65.68451067369004,26.877576357466065
2020-11-21 22:00:00,66.84673286713287,160.89545480146438,65.68451067369004,26.877576357466065
2020-11-21 23:00:00,66.84673286713287,160.89545480146438,65.68451067369004,26.877576357466065
2020-11-22 00:00:00,66.84673286713287,160.89545480146438,65.68451067369004,26.877576357466065
2020-11-22 01:00:00,66.84673286713287,160.89545480146438,65.68451067369004,26.877576357466065
2020-11-22 02:00:00,66.84673286713287,160.89545480146438,65.68451067369004,26.877576357466065
2020-11-22 03:00:00,66.84673286713287,160.89545480146438,65.68451067369004,26.877576357466065
2020-11-22 04:00:00,66.84673286713287,160.89545480146438,65.68451067369004,26.877576357466065
2020-11-22 05:00:00,66.84673286713287,160.89545480146438,65.68451067369004,26.877576357466065
2020-11-22 06:00:00,66.84673286713287,160.89545480146438,65.68451067369004,26.877576357466065
2020-11-22 07:00:00,66.84673286713287,160.89545480146438,65.68451067369004,26.877576357466065
2020-11-22 08:00:00,66.84673286713287,160.89545480146438,65.68451067369004,26.877576357466065
2020-11-22 09:00:00,66.84673286713287,160.89545480146438,65.68451067369004,26.877576357466065
2020-11-22 10:00:00,66.84673286713287,160.89545480146438,65.68451067369004,26.877576357466065
2020-11-22 11:00:00,66.84673286713287,160.89545480146438,65.68451067369004,26.877576357466065
2020-11-22 12:00:00,66.84673286713287,160.89545480146438,65.68451067369004,26.877576357466065
2020-11-22 13:00:00,66.84673286713287,160.89545480146438,65.68451067369004,26.877576357466065
2020-11-22 14:00:00,66.84673286713287,160.89545480146438,65.68451067369004,26.877576357466065
2020-11-22 15:00:00,66.84673286713287,160.89545480146438,65.68451067369004,26.877576357466065
2020-11-22 16:00:00,66.84673286713287,160.89545480146438,65.68451067369004,26.877576357466065
2020-11-22 17:00:00,66.84673286713287,160.89545480146438,65.68451067369004,26.877576357466065
2020-11-22 18:00:00,66.84673286713287,160.89545480146438,65.68451067369004,26.877576357466065
2020-11-22 19:00:00,66.84673286713287,160.89545480146438,65.68451067369004,26.877576357466065
2020-11-22 20:00:00,66.84673286713287,160.89545480146438,65.68451067369004,26.877576357466065
2020-11-22 21:00:00,66.84673286713287,160.89545480146438,65.68451067369004,26.877576357466065
2020-11-22 22:00:00,66.84673286713287,160.89545480146438,65.68451067369004,26.877576357466065
2020-11-22 23:00:00,66.84673286713287,160.89545480146438,65.68451067369004,26.877576357466065
2020-11-23 00:00:00,66.84673286713287,160.89545480146438,65.68451067369004,26.877576357466065
2020-11-23 01:00:00,66.84673286713287,160.89545480146438,65.68451067369004,26.877576357466065
2020-11-23 02:00:00,66.84673286713287,160.89545480146438,65.68451067369004,26.877576357466065
2020-11-23 03:00:00,66.84673286713287,160.89545480146438,65.68451067369004,26.877576357466065
2020-11-23 04:00:00,66.84673286713287,160.89545480146438,65.68451067369004,26.877576357466065
2020-11-23 05:00:00,66.84673286713287,160.89545480146438,65.68451067369004,26.877576357466065
2020-11-23 06:00:00,66.84673286713287,160.89545480146438,65.68451067369004,26.877576357466065
2020-11-23 07:00:00,66.84673286713287,160.89545480146438,65.68451067369004,26.877576357466065
2020-11-23 08:00:00,66.84673286713287,160.89545480146438,65.68451067369004,26.877576357466065
2020-11-23 09:00:00,66.84673286713287,160.89545480146438,65.68451067369004,26.877576357466065
2020-11-23 10:00:00,66.84673286713287,160.89545480146438,65.68451067369004,26.877576357466065
2020-11-23 11:00:00,66.84673286713287,160.89545480146438,65.68451067369004,26.877576357466065
2020-11-23 12:00:00,66.84673286713287,160.89545480146438,65.68451067369004,26.877576357466065
2020-11-23 13:00:00,66.84673286713287,160.89545480146438,65.68451067369004,26.877576357466065
2020-11-23 14:00:00,66.84673286713287,160.89545480146438,65.68451067369004,26.877576357466065
2020-11-23 15:00:00,66.84673286713287,160.89545480146438,65.68451067369004,26.877576357466065
2020-11-23 16:00:00,66.84673286713287,160.89545480146438,65.68451067369004,26.877576357466065
2020-11-23 17:00:00,66.84673286713287,160.89545480146438,65.68451067369004,26.877576357466065
2020-11-23 18:00:00,66.84673286713287,160.89545480146438,65.68451067369004,26.877576357466065
2020-11-23 19:00:00,66.84673286713287,160.89545480146438,65.68451067369004,26.877576357466065
2020-11-23 20:00:00,66.84673286713287,160.89545480146438,65.68451067369004,26.877576357466065
2020-11-23 21:00:00,66.84673286713287,160.89545480146438,65.68451067369004,26.877576357466065
2020-11-23 22:00:00,66.84673286713287,160.89545480146438,65.68451067369004,26.877576357466065
2020-11-23 23:00:00,66.84673286713287,160.89545480146438,65.68451067369004,26.877576357466065
2020-11-24 00:00:00,66.84673286713287,160.89545480146438,65.68451067369004,26.877576357466065
2020-11-24 01:00:00,66.84673286713287,160.89545480146438,65.68451067369004,26.877576357466065
2020-11-24 02:00:00,66.84673286713287,160.89545480146438,65.68451067369004,26.877576357466065
2020-11-24 03:00:00,66.84673286713287,160.89545480146438,65.68451067369004,26.877576357466065
2020-11-24 04:00:00,66.84673286713287,160.89545480146438,65.68451067369004,26.877576357466065
2020-11-24 05:00:00,66.84673286713287,160.89545480146438,65.68451067369004,26.877576357466065
2020-11-24 06:00:00,66.84673286713287,160.89545480146438,65.68451067369004,26.877576357466065
2020-11-24 07:00:00,66.84673286713287,160.89545480146438,65.68451067369004,26.877576357466065
2020-11-24 08:00:00,66.84673286713287,160.89545480146438,65.68451067369004,26.877576357466065
2020-11-24 09:00:00,66.84673286713287,160.89545480146438,65.68451067369004,26.877576357466065
2020-11-24 10:00:00,66.84673286713287,160.89545480146438,65.68451067369004,26.877576357466065
2020-11-24 11:00:00,66.84673286713287,160.89545480146438,65.68451067369004,26.877576357466065
2020-11-24 12:00:00,66.84673286713287,160.89545480146438,65.68451067369004,26.877576357466065
2020-11-24 13:00:00,66.84673286713287,160.89545480146438,65.68451067369004,26.877576357466065
2020-11-24 14:00:00,66.84673286713287,160.89545480146438,65.68451067369004,26.877576357466065
2020-11-24 15:00:00,66.84673286713287,160.89545480146438,65.68451067369004,26.877576357466065
2020-11-24 16:00:00,66.84673286713287,160.89545480146438,65.68451067369004,26.877576357466065
2020-11-24 17:00:00,66.84673286713287,160.89545480146438,65.68451067369004,26.877576357466065
2020-11-24 18:00:00,66.84673286713287,160.89545480146438,65.68451067369004,26.877576357466065
2020-11-24 19:00:00,66.84673286713287,160.89545480146438,65.68451067369004,26.877576357466065
2020-11-24 20:00:00,66.84673286713287,160.89545480146438,65.68451067369004,26.877576357466065
2020-11-24 21:00:00,66.84673286713287,160.89545480146438,65.68451067369004,26.877576357466065
2020-11-24 22:00:00,66.84673286713287,160.89545480146438,65.68451067369004,26.877576357466065
2020-11-24 23:00:00,66.84673286713287,160.89545480146438,65.68451067369004,26.877576357466065
2020-11-25 00:00:00,66.84673286713287,160.89545480146438,65.68451067369004,26.877576357466065
2020-11-25 01:00:00,66.84673286713287,160.89545480146438,65.68451067369004,26.877576357466065
2020-11-25 02:00:00,66.84673286713287,160.89545480146438,65.68451067369004,26.877576357466065
2020-11-25 03:00:00,66.84673286713287,160.89545480146438,65.68451067369004,26.877576357466065
2020-11-25 04:00:00,66.84673286713287,160.89545480146438,65.68451067369004,26.877576357466065
2020-11-25 05:00:00,66.84673286713287,160.89545480146438,65.68451067369004,26.877576357466065
2020-11-25 06:00:00,66.84673286713287,160.89545480146438,65.68451067369004,26.877576357466065
2020-11-25 07:00:00,66.84673286713287,160.89545480146438,65.68451067369004,26.877576357466065
2020-11-25 08:00:00,66.84673286713287,160.89545480146438,65.68451067369004,26.877576357466065
2020-11-25 09:00:00,66.84673286713287,160.89545480146438,65.68451067369004,26.877576357466065
2020-11-25 10:00:00,66.84673286713287,160.89545480146438,65.68451067369004,26.877576357466065
2020-11-25 11:00:00,66.84673286713287,160.89545480146438,65.68451067369004,26.877576357466065
2020-11-25 12:00:00,66.84673286713287,160.89545480146438,65.68451067369004,26.877576357466065
2020-11-25 13:00:00,66.84673286713287,160.89545480146438,65.68451067369004,26.877576357466065
2020-11-25 14:00:00,66.84673286713287,160.89545480146438,65.68451067369004,26.877576357466065
2020-11-25 15:00:00,66.84673286713287,160.89545480146438,65.68451067369004,26.877576357466065
2020-11-25 16:00:00,66.84673286713287,160.89545480146438,65.68451067369004,26.877576357466065
2020-11-25 17:00:00,66.84673286713287,160.89545480146438,65.68451067369004,26.877576357466065
2020-11-25 18:00:00,66.84673286713287,160.89545480146438,65.68451067369004,26.877576357466065
2020-11-25 19:00:00,66.84673286713287,160.89545480146438,65.68451067369004,26.877576357466065
2020-11-25 20:00:00,66.84673286713287,160.89545480146438,65.68451067369004,26.877576357466065
2020-11-25 21:00:00,66.84673286713287,160.89545480146438,65.68451067369004,26.877576357466065
2020-11-25 22:00:00,66.84673286713287,160.89545480146438,65.68451067369004,26.877576357466065
2020-11-25 23:00:00,66.84673286713287,160.89545480146438,65.68451067369004,26.877576357466065
2020-11-26 00:00:00,66.84673286713287,160.89545480146438,65.68451067369004,26.877576357466065
2020-11-26 01:00:00,66.84673286713287,160.89545480146438,65.68451067369004,26.877576357466065
2020-11-26 02:00:00,66.84673286713287,160.89545480146438,65.68451067369004,26.877576357466065
2020-11-26 03:00:00,66.84673286713287,160.89545480146438,65.68451067369004,26.877576357466065
2020-11-26 04:00:00,66.84673286713287,160.89545480146438,65.68451067369004,26.877576357466065
2020-11-26 05:00:00,66.84673286713287,160.89545480146438,65.68451067369004,26.877576357466065
2020-11-26 06:00:00,66.84673286713287,160.89545480146438,65.68451067369004,26.877576357466065
2020-11-26 07:00:00,66.84673286713287,160.89545480146438,65.68451067369004,26.877576357466065
2020-11-26 08:00:00,66.84673286713287,160.89545480146438,65.68451067369004,26.877576357466065
2020-11-26 09:00:00,66.84673286713287,160.89545480146438,65.68451067369004,26.877576357466065
2020-11-26 10:00:00,66.84673286713287,160.89545480146438,65.68451067369004,26.877576357466065
2020-11-26 11:00:00,66.84673286713287,160.89545480146438,65.68451067369004,26.877576357466065
2020-11-26 12:00:00,66.84673286713287,160.89545480146438,65.68451067369004,26.877576357466065
2020-11-26 13:00:00,66.84673286713287,160.89545480146438,65.68451067369004,26.877576357466065
2020-11-26 14:00:00,66.84673286713287,160.89545480146438,65.68451067369004,26.877576357466065
2020-11-26 15:00:00,66.84673286713287,160.89545480146438,65.68451067369004,26.877576357466065
2020-11-26 16:00:00,66.84673286713287,160.89545480146438,65.68451067369004,26.877576357466065
2020-11-26 17:00:00,66.84673286713287,160.89545480146438,65.68451067369004,26.877576357466065
2020-11-26 18:00:00,66.84673286713287,160.89545480146438,65.68451067369004,26.877576357466065
2020-11-26 19:00:00,66.84673286713287,160.89545480146438,65.68451067369004,26.877576357466065
2020-11-26 20:00:00,66.84673286713287,160.89545480146438,65.68451067369004,26.877576357466065
2020-11-26 21:00:00,66.84673286713287,160.89545480146438,65.68451067369004,26.877576357466065
2020-11-26 22:00:00,66.84673286713287,160.89545480146438,65.68451067369004,26.877576357466065
2020-11-26 23:00:00,66.84673286713287,160.89545480146438,65.68451067369004,26.877576357466065
2020-11-27 00:00:00,66.84673286713287,160.89545480146438,65.68451067369004,26.877576357466065
2020-11-27 01:00:00,66.84673286713287,160.89545480146438,65.68451067369004,26.877576357466065
2020-11-27 02:00:00,66.84673286713287,160.89545480146438,65.68451067369004,26.877576357466065
2020-11-27 03:00:00,66.84673286713287,160.89545480146438,65.68451067369004,26.877576357466065
2020-11-27 04:00:00,66.84673286713287,160.89545480146438,65.68451067369004,26.877576357466065
2020-11-27 05:00:00,66.84673286713287,160.89545480146438,65.68451067369004,26.877576357466065
2020-11-27 06:00:00,66.84673286713287,160.89545480146438,65.68451067369004,26.877576357466065
2020-11-27 07:00:00,66.84673286713287,160.89545480146438,65.68451067369004,26.877576357466065
2020-11-27 08:00:00,66.84673286713287,160.89545480146438,65.68451067369004,26.877576357466065
2020-11-27 09:00:00,66.84673286713287,160.89545480146438,65.68451067369004,26.877576357466065
2020-11-27 10:00:00,66.84673286713287,160.89545480146438,65.68451067369004,26.877576357466065
2020-11-27 11:00:00,66.84673286713287,160.89545480146438,65.68451067369004,26.877576357466065
2020-11-27 12:00:00,66.84673286713287,160.89545480146438,65.68451067369004,26.877576357466065
2020-11-27 13:00:00,66.84673286713287,160.89545480146438,65.68451067369004,26.877576357466065
2020-11-27 14:00:00,66.84673286713287,160.89545480146438,65.68451067369004,26.877576357466065
2020-11-27 15:00:00,66.84673286713287,160.89545480146438,65.68451067369004,26.877576357466065
2020-11-27 16:00:00,66.84673286713287,160.89545480146438,65.68451067369004,26.877576357466065
2020-11-27 17:00:00,66.84673286713287,160.89545480146438,65.68451067369004,26.877576357466065
2020-11-27 18:00:00,66.84673286713287,160.89545480146438,65.68451067369004,26.877576357466065
2020-11-27 19:00:00,66.84673286713287,160.89545480146438,65.68451067369004,26.877576357466065
2020-11-27 20:00:00,66.84673286713287,160.89545480146438,65.68451067369004,26.877576357466065
2020-11-27 21:00:00,66.84673286713287,160.89545480146438,65.68451067369004,26.877576357466065
2020-11-27 22:00:00,66.84673286713287,160.89545480146438,65.68451067369004,26.877576357466065
2020-11-27 23:00:00,66.84673286713287,160.89545480146438,65.68451067369004,26.877576357466065
2020-11-28 00:00:00,66.84673286713287,160.89545480146438,65.68451067369004,26.877576357466065
2020-11-28 01:00:00,66.84673286713287,160.89545480146438,65.68451067369004,26.877576357466065
2020-11-28 02:00:00,66.84673286713287,160.89545480146438,65.68451067369004,26.877576357466065
2020-11-28 03:00:00,66.84673286713287,160.89545480146438,65.68451067369004,26.877576357466065
2020-11-28 04:00:00,66.84673286713287,160.89545480146438,65.68451067369004,26.877576357466065
2020-11-28 05:00:00,66.84673286713287,160.89545480146438,65.68451067369004,26.877576357466065
2020-11-28 06:00:00,66.84673286713287,160.89545480146438,65.68451067369004,26.877576357466065
2020-11-28 07:00:00,66.84673286713287,160.89545480146438,65.68451067369004,26.877576357466065
2020-11-28 08:00:00,66.84673286713287,160.89545480146438,65.68451067369004,26.877576357466065
2020-11-28 09:00:00,66.84673286713287,160.89545480146438,65.68451067369004,26.877576357466065
2020-11-28 10:00:00,66.84673286713287,160.89545480146438,65.68451067369004,26.877576357466065
2020-11-28 11:00:00,66.84673286713287,160.89545480146438,65.68451067369004,26.877576357466065
2020-11-28 12:00:00,66.84673286713287,160.89545480146438,65.68451067369004,26.877576357466065
2020-11-28 13:00:00,66.84673286713287,160.89545480146438,65.68451067369004,26.877576357466065
2020-11-28 14:00:00,66.84673286713287,160.89545480146438,65.68451067369004,26.877576357466065
2020-11-28 15:00:00,66.84673286713287,160.89545480146438,65.68451067369004,26.877576357466065
2020-11-28 16:00:00,66.84673286713287,160.89545480146438,65.68451067369004,26.877576357466065
2020-11-28 17:00:00,66.84673286713287,160.89545480146438,65.68451067369004,26.877576357466065
2020-11-28 18:00:00,66.84673286713287,160.89545480146438,65.68451067369004,26.877576357466065
2020-11-28 19:00:00,66.84673286713287,160.89545480146438,65.68451067369004,26.877576357466065
2020-11-28 20:00:00,66.84673286713287,160.89545480146438,65.68451067369004,26.877576357466065
2020-11-28 21:00:00,66.84673286713287,160.89545480146438,65.68451067369004,26.877576357466065
2020-11-28 22:00:00,66.84673286713287,160.89545480146438,65.68451067369004,26.877576357466065
2020-11-28 23:00:00,66.84673286713287,160.89545480146438,65.68451067369004,26.877576357466065
2020-11-29 00:00:00,66.84673286713287,160.89545480146438,65.68451067369004,26.877576357466065
2020-11-29 01:00:00,66.84673286713287,160.89545480146438,65.68451067369004,26.877576357466065
2020-11-29 02:00:00,66.84673286713287,160.89545480146438,65.68451067369004,26.877576357466065
2020-11-29 03:00:00,66.84673286713287,160.89545480146438,65.68451067369004,26.877576357466065
2020-11-29 04:00:00,66.84673286713287,160.89545480146438,65.68451067369004,26.877576357466065
2020-11-29 05:00:00,66.84673286713287,160.89545480146438,65.68451067369004,26.877576357466065
2020-11-29 06:00:00,66.84673286713287,160.89545480146438,65.68451067369004,26.877576357466065
2020-11-29 07:00:00,66.84673286713287,160.89545480146438,65.68451067369004,26.877576357466065
2020-11-29 08:00:00,66.84673286713287,160.89545480146438,65.68451067369004,26.877576357466065
2020-11-29 09:00:00,66.84673286713287,160.89545480146438,65.68451067369004,26.877576357466065
2020-11-29 10:00:00,66.84673286713287,160.89545480146438,65.68451067369004,26.877576357466065
2020-11-29 11:00:00,66.84673286713287,160.89545480146438,65.68451067369004,26.877576357466065
2020-11-29 12:00:00,66.84673286713287,160.89545480146438,65.68451067369004,26.877576357466065
2020-11-29 13:00:00,66.84673286713287,160.89545480146438,65.68451067369004,26.877576357466065
2020-11-29 14:00:00,66.84673286713287,160.89545480146438,65.68451067369004,26.877576357466065
2020-11-29 15:00:00,66.84673286713287,160.89545480146438,65.68451067369004,26.877576357466065
2020-11-29 16:00:00,66.84673286713287,160.89545480146438,65.68451067369004,26.877576357466065
2020-11-29 17:00:00,66.84673286713287,160.89545480146438,65.68451067369004,26.877576357466065
2020-11-29 18:00:00,66.84673286713287,160.89545480146438,65.68451067369004,26.877576357466065
2020-11-29 19:00:00,66.84673286713287,160.89545480146438,65.68451067369004,26.877576357466065
2020-11-29 20:00:00,66.84673286713287,160.89545480146438,65.68451067369004,26.877576357466065
2020-11-29 21:00:00,66.84673286713287,160.89545480146438,65.68451067369004,26.877576357466065
2020-11-29 22:00:00,66.84673286713287,160.89545480146438,65.68451067369004,26.877576357466065
2020-11-29 23:00:00,66.84673286713287,160.89545480146438,65.68451067369004,26.877576357466065
2020-11-30 00:00:00,66.84673286713287,160.89545480146438,65.68451067369004,26.877576357466065
2020-11-30 01:00:00,66.84673286713287,160.89545480146438,65.68451067369004,26.877576357466065
2020-11-30 02:00:00,66.84673286713287,160.89545480146438,65.68451067369004,26.877576357466065
2020-11-30 03:00:00,66.84673286713287,160.89545480146438,65.68451067369004,26.877576357466065
2020-11-30 04:00:00,66.84673286713287,160.89545480146438,65.68451067369004,26.877576357466065
2020-11-30 05:00:00,66.84673286713287,160.89545480146438,65.68451067369004,26.877576357466065
2020-11-30 06:00:00,66.84673286713287,160.89545480146438,65.68451067369004,26.877576357466065
2020-11-30 07:00:00,66.84673286713287,160.89545480146438,65.68451067369004,26.877576357466065
2020-11-30 08:00:00,66.84673286713287,160.89545480146438,65.68451067369004,26.877576357466065
2020-11-30 09:00:00,66.84673286713287,160.89545480146438,65.68451067369004,26.877576357466065
2020-11-30 10:00:00,66.84673286713287,160.89545480146438,65.68451067369004,26.877576357466065
2020-11-30 11:00:00,66.84673286713287,160.89545480146438,65.68451067369004,26.877576357466065
2020-11-30 12:00:00,66.84673286713287,160.89545480146438,65.68451067369004,26.877576357466065
2020-11-30 13:00:00,66.84673286713287,160.89545480146438,65.68451067369004,26.877576357466065
2020-11-30 14:00:00,66.84673286713287,160.89545480146438,65.68451067369004,26.877576357466065
2020-11-30 15:00:00,66.84673286713287,160.89545480146438,65.68451067369004,26.877576357466065
2020-11-30 16:00:00,66.84673286713287,160.89545480146438,65.68451067369004,26.877576357466065
2020-11-30 17:00:00,66.84673286713287,160.89545480146438,65.68451067369004,26.877576357466065
2020-11-30 18:00:00,66.84673286713287,160.89545480146438,65.68451067369004,26.877576357466065
2020-11-30 19:00:00,66.84673286713287,160.89545480146438,65.68451067369004,26.877576357466065
2020-11-30 20:00:00,66.84673286713287,160.89545480146438,65.68451067369004,26.877576357466065
2020-11-30 21:00:00,66.84673286713287,160.89545480146438,65.68451067369004,26.877576357466065
2020-11-30 22:00:00,66.84673286713287,160.89545480146438,65.68451067369004,26.877576357466065
2020-11-30 23:00:00,66.84673286713287,160.89545480146438,65.68451067369004,26.877576357466065
2020-12-01 00:00:00,66.84673286713287,160.89545480146438,65.68451067369004,26.877576357466065
2020-12-01 01:00:00,66.84673286713287,160.89545480146438,65.68451067369004,26.877576357466065
2020-12-01 02:00:00,66.84673286713287,160.89545480146438,65.68451067369004,26.877576357466065
2020-12-01 03:00:00,66.84673286713287,160.89545480146438,65.68451067369004,26.877576357466065
2020-12-01 04:00:00,66.84673286713287,160.89545480146438,65.68451067369004,26.877576357466065
2020-12-01 05:00:00,66.84673286713287,160.89545480146438,65.68451067369004,26.877576357466065
2020-12-01 06:00:00,66.84673286713287,160.89545480146438,65.68451067369004,26.877576357466065
2020-12-01 07:00:00,66.84673286713287,160.89545480146438,65.68451067369004,26.877576357466065
2020-12-01 08:00:00,66.84673286713287,160.89545480146438,65.68451067369004,26.877576357466065
2020-12-01 09:00:00,66.84673286713287,160.89545480146438,65.68451067369004,26.877576357466065
2020-12-01 10:00:00,66.84673286713287,160.89545480146438,65.68451067369004,26.877576357466065
2020-12-01 11:00:00,66.84673286713287,160.89545480146438,65.68451067369004,26.877576357466065
2020-12-01 12:00:00,66.84673286713287,160.89545480146438,65.68451067369004,26.877576357466065
2020-12-01 13:00:00,66.84673286713287,160.89545480146438,65.68451067369004,26.877576357466065
2020-12-01 14:00:00,66.84673286713287,160.89545480146438,65.68451067369004,26.877576357466065
2020-12-01 15:00:00,66.84673286713287,160.89545480146438,65.68451067369004,26.877576357466065
2020-12-01 16:00:00,66.84673286713287,160.89545480146438,65.68451067369004,26.877576357466065
2020-12-01 17:00:00,66.84673286713287,160.89545480146438,65.68451067369004,26.877576357466065
2020-12-01 18:00:00,66.84673286713287,160.89545480146438,65.68451067369004,26.877576357466065
2020-12-01 19:00:00,66.84673286713287,160.89545480146438,65.68451067369004,26.877576357466065
2020-12-01 20:00:00,66.84673286713287,160.89545480146438,65.68451067369004,26.877576357466065
2020-12-01 21:00:00,66.84673286713287,160.89545480146438,65.68451067369004,26.877576357466065
2020-12-01 22:00:00,66.84673286713287,160.89545480146438,65.68451067369004,26.877576357466065
2020-12-01 23:00:00,66.84673286713287,160.89545480146438,65.68451067369004,26.877576357466065
2020-12-02 00:00:00,66.84673286713287,160.89545480146438,65.68451067369004,26.877576357466065
2020-12-02 01:00:00,66.84673286713287,160.89545480146438,65.68451067369004,26.877576357466065
2020-12-02 02:00:00,66.84673286713287,160.89545480146438,65.68451067369004,26.877576357466065
2020-12-02 03:00:00,66.84673286713287,160.89545480146438,65.68451067369004,26.877576357466065
2020-12-02 04:00:00,66.84673286713287,160.89545480146438,65.68451067369004,26.877576357466065
2020-12-02 05:00:00,66.84673286713287,160.89545480146438,65.68451067369004,26.877576357466065
2020-12-02 06:00:00,66.84673286713287,160.89545480146438,65.68451067369004,26.877576357466065
2020-12-02 07:00:00,66.84673286713287,160.89545480146438,65.68451067369004,26.877576357466065
2020-12-02 08:00:00,66.84673286713287,160.89545480146438,65.68451067369004,26.877576357466065
2020-12-02 09:00:00,66.84673286713287,160.89545480146438,65.68451067369004,26.877576357466065
2020-12-02 10:00:00,66.84673286713287,160.89545480146438,65.68451067369004,26.877576357466065
2020-12-02 11:00:00,66.84673286713287,160.89545480146438,65.68451067369004,26.877576357466065
2020-12-02 12:00:00,66.84673286713287,160.89545480146438,65.68451067369004,26.877576357466065
2020-12-02 13:00:00,66.84673286713287,160.89545480146438,65.68451067369004,26.877576357466065
2020-12-02 14:00:00,66.84673286713287,160.89545480146438,65.68451067369004,26.877576357466065
2020-12-02 15:00:00,66.84673286713287,160.89545480146438,65.68451067369004,26.877576357466065
2020-12-02 16:00:00,66.84673286713287,160.89545480146438,65.68451067369004,26.877576357466065
2020-12-02 17:00:00,66.84673286713287,160.89545480146438,65.68451067369004,26.877576357466065
2020-12-02 18:00:00,66.84673286713287,160.89545480146438,65.68451067369004,26.877576357466065
2020-12-02 19:00:00,66.84673286713287,160.89545480146438,65.68451067369004,26.877576357466065
2020-12-02 20:00:00,66.84673286713287,160.89545480146438,65.68451067369004,26.877576357466065
2020-12-02 21:00:00,66.84673286713287,160.89545480146438,65.68451067369004,26.877576357466065
2020-12-02 22:00:00,66.84673286713287,160.89545480146438,65.68451067369004,26.877576357466065
2020-12-02 23:00:00,66.84673286713287,160.89545480146438,65.68451067369004,26.877576357466065
2020-12-03 00:00:00,66.84673286713287,160.89545480146438,65.68451067369004,26.877576357466065
2020-12-03 01:00:00,66.84673286713287,160.89545480146438,65.68451067369004,26.877576357466065
2020-12-03 02:00:00,66.84673286713287,160.89545480146438,65.68451067369004,26.877576357466065
2020-12-03 03:00:00,66.84673286713287,160.89545480146438,65.68451067369004,26.877576357466065
2020-12-03 04:00:00,66.84673286713287,160.89545480146438,65.68451067369004,26.877576357466065
2020-12-03 05:00:00,66.84673286713287,160.89545480146438,65.68451067369004,26.877576357466065
2020-12-03 06:00:00,66.84673286713287,160.89545480146438,65.68451067369004,26.877576357466065
2020-12-03 07:00:00,66.84673286713287,160.89545480146438,65.68451067369004,26.877576357466065
2020-12-03 08:00:00,66.84673286713287,160.89545480146438,65.68451067369004,26.877576357466065
2020-12-03 09:00:00,66.84673286713287,160.89545480146438,65.68451067369004,26.877576357466065
2020-12-03 10:00:00,66.84673286713287,160.89545480146438,65.68451067369004,26.877576357466065
2020-12-03 11:00:00,66.84673286713287,160.89545480146438,65.68451067369004,26.877576357466065
2020-12-03 12:00:00,66.84673286713287,160.89545480146438,65.68451067369004,26.877576357466065
2020-12-03 13:00:00,66.84673286713287,160.89545480146438,65.68451067369004,26.877576357466065
2020-12-03 14:00:00,66.84673286713287,160.89545480146438,65.68451067369004,26.877576357466065
2020-12-03 15:00:00,66.84673286713287,160.89545480146438,65.68451067369004,26.877576357466065
2020-12-03 16:00:00,66.84673286713287,160.89545480146438,65.68451067369004,26.877576357466065
2020-12-03 17:00:00,66.84673286713287,160.89545480146438,65.68451067369004,26.877576357466065
2020-12-03 18:00:00,66.84673286713287,160.89545480146438,65.68451067369004,26.877576357466065
2020-12-03 19:00:00,66.84673286713287,160.89545480146438,65.68451067369004,26.877576357466065
2020-12-03 20:00:00,66.84673286713287,160.89545480146438,65.68451067369004,26.877576357466065
2020-12-03 21:00:00,66.84673286713287,160.89545480146438,65.68451067369004,26.877576357466065
2020-12-03 22:00:00,66.84673286713287,160.89545480146438,65.68451067369004,26.877576357466065
2020-12-03 23:00:00,66.84673286713287,160.89545480146438,65.68451067369004,26.877576357466065
2020-12-04 00:00:00,66.84673286713287,160.89545480146438,65.68451067369004,26.877576357466065
2020-12-04 01:00:00,66.84673286713287,160.89545480146438,65.68451067369004,26.877576357466065
2020-12-04 02:00:00,66.84673286713287,160.89545480146438,65.68451067369004,26.877576357466065
2020-12-04 03:00:00,66.84673286713287,160.89545480146438,65.68451067369004,26.877576357466065
2020-12-04 04:00:00,66.84673286713287,160.89545480146438,65.68451067369004,26.877576357466065
2020-12-04 05:00:00,66.84673286713287,160.89545480146438,65.68451067369004,26.877576357466065
2020-12-04 06:00:00,66.84673286713287,160.89545480146438,65.68451067369004,26.877576357466065
2020-12-04 07:00:00,66.84673286713287,160.89545480146438,65.68451067369004,26.877576357466065
2020-12-04 08:00:00,66.84673286713287,160.89545480146438,65.68451067369004,26.877576357466065
2020-12-04 09:00:00,66.84673286713287,160.89545480146438,65.68451067369004,26.877576357466065
2020-12-04 10:00:00,66.84673286713287,160.89545480146438,65.68451067369004,26.877576357466065
2020-12-04 11:00:00,66.84673286713287,160.89545480146438,65.68451067369004,26.877576357466065
2020-12-04 12:00:00,66.84673286713287,160.89545480146438,65.68451067369004,26.877576357466065
2020-12-04 13:00:00,66.84673286713287,160.89545480146438,65.68451067369004,26.877576357466065
2020-12-04 14:00:00,66.84673286713287,160.89545480146438,65.68451067369004,26.877576357466065
2020-12-04 15:00:00,66.84673286713287,160.89545480146438,65.68451067369004,26.877576357466065
2020-12-04 16:00:00,66.84673286713287,160.89545480146438,65.68451067369004,26.877576357466065
2020-12-04 17:00:00,66.84673286713287,160.89545480146438,65.68451067369004,26.877576357466065
2020-12-04 18:00:00,66.84673286713287,160.89545480146438,65.68451067369004,26.877576357466065
2020-12-04 19:00:00,66.84673286713287,160.89545480146438,65.68451067369004,26.877576357466065
2020-12-04 20:00:00,66.84673286713287,160.89545480146438,65.68451067369004,26.877576357466065
2020-12-04 21:00:00,66.84673286713287,160.89545480146438,65.68451067369004,26.877576357466065
2020-12-04 22:00:00,66.84673286713287,160.89545480146438,65.68451067369004,26.877576357466065
2020-12-04 23:00:00,66.84673286713287,160.89545480146438,65.68451067369004,26.877576357466065
2020-12-05 00:00:00,66.84673286713287,160.89545480146438,65.68451067369004,26.877576357466065
2020-12-05 01:00:00,66.84673286713287,160.89545480146438,65.68451067369004,26.877576357466065
2020-12-05 02:00:00,66.84673286713287,160.89545480146438,65.68451067369004,26.877576357466065
2020-12-05 03:00:00,66.84673286713287,160.89545480146438,65.68451067369004,26.877576357466065
2020-12-05 04:00:00,66.84673286713287,160.89545480146438,65.68451067369004,26.877576357466065
2020-12-05 05:00:00,66.84673286713287,160.89545480146438,65.68451067369004,26.877576357466065
2020-12-05 06:00:00,66.84673286713287,160.89545480146438,65.68451067369004,26.877576357466065
2020-12-05 07:00:00,66.84673286713287,160.89545480146438,65.68451067369004,26.877576357466065
2020-12-05 08:00:00,66.84673286713287,160.89545480146438,65.68451067369004,26.877576357466065
2020-12-05 09:00:00,66.84673286713287,160.89545480146438,65.68451067369004,26.877576357466065
2020-12-05 10:00:00,66.84673286713287,160.89545480146438,65.68451067369004,26.877576357466065
2020-12-05 11:00:00,66.84673286713287,160.89545480146438,65.68451067369004,26.877576357466065
2020-12-05 12:00:00,66.84673286713287,160.89545480146438,65.68451067369004,26.877576357466065
2020-12-05 13:00:00,66.84673286713287,160.89545480146438,65.68451067369004,26.877576357466065
2020-12-05 14:00:00,66.84673286713287,160.89545480146438,65.68451067369004,26.877576357466065
2020-12-05 15:00:00,66.84673286713287,160.89545480146438,65.68451067369004,26.877576357466065
2020-12-05 16:00:00,66.84673286713287,160.89545480146438,65.68451067369004,26.877576357466065
2020-12-05 17:00:00,66.84673286713287,160.89545480146438,65.68451067369004,26.877576357466065
2020-12-05 18:00:00,66.84673286713287,160.89545480146438,65.68451067369004,26.877576357466065
2020-12-05 19:00:00,66.84673286713287,160.89545480146438,65.68451067369004,26.877576357466065
2020-12-05 20:00:00,66.84673286713287,160.89545480146438,65.68451067369004,26.877576357466065
2020-12-05 21:00:00,66.84673286713287,160.89545480146438,65.68451067369004,26.877576357466065
2020-12-05 22:00:00,66.84673286713287,160.89545480146438,65.68451067369004,26.877576357466065
2020-12-05 23:00:00,66.84673286713287,160.89545480146438,65.68451067369004,26.877576357466065
2020-12-06 00:00:00,66.84673286713287,160.89545480146438,65.68451067369004,26.877576357466065
2020-12-06 01:00:00,66.84673286713287,160.89545480146438,65.68451067369004,26.877576357466065
2020-12-06 02:00:00,66.84673286713287,160.89545480146438,65.68451067369004,26.877576357466065
2020-12-06 03:00:00,66.84673286713287,160.89545480146438,65.68451067369004,26.877576357466065
2020-12-06 04:00:00,66.84673286713287,160.89545480146438,65.68451067369004,26.877576357466065
2020-12-06 05:00:00,66.84673286713287,160.89545480146438,65.68451067369004,26.877576357466065
2020-12-06 06:00:00,66.84673286713287,160.89545480146438,65.68451067369004,26.877576357466065
2020-12-06 07:00:00,66.84673286713287,160.89545480146438,65.68451067369004,26.877576357466065
2020-12-06 08:00:00,66.84673286713287,160.89545480146438,65.68451067369004,26.877576357466065
2020-12-06 09:00:00,66.84673286713287,160.89545480146438,65.68451067369004,26.877576357466065
2020-12-06 10:00:00,66.84673286713287,160.89545480146438,65.68451067369004,26.877576357466065
2020-12-06 11:00:00,66.84673286713287,160.89545480146438,65.68451067369004,26.877576357466065
2020-12-06 12:00:00,66.84673286713287,160.89545480146438,65.68451067369004,26.877576357466065
2020-12-06 13:00:00,66.84673286713287,160.89545480146438,65.68451067369004,26.877576357466065
2020-12-06 14:00:00,66.84673286713287,160.89545480146438,65.68451067369004,26.877576357466065
2020-12-06 15:00:00,66.84673286713287,160.89545480146438,65.68451067369004,26.877576357466065
2020-12-06 16:00:00,66.84673286713287,160.89545480146438,65.68451067369004,26.877576357466065
2020-12-06 17:00:00,66.84673286713287,160.89545480146438,65.68451067369004,26.877576357466065
2020-12-06 18:00:00,66.84673286713287,160.89545480146438,65.68451067369004,26.877576357466065
2020-12-06 19:00:00,66.84673286713287,160.89545480146438,65.68451067369004,26.877576357466065
2020-12-06 20:00:00,66.84673286713287,160.89545480146438,65.68451067369004,26.877576357466065
2020-12-06 21:00:00,66.84673286713287,160.89545480146438,65.68451067369004,26.877576357466065
2020-12-06 22:00:00,66.84673286713287,160.89545480146438,65.68451067369004,26.877576357466065
2020-12-06 23:00:00,66.84673286713287,160.89545480146438,65.68451067369004,26.877576357466065
2020-12-07 00:00:00,66.84673286713287,160.89545480146438,65.68451067369004,26.877576357466065
2020-12-07 01:00:00,66.84673286713287,160.89545480146438,65.68451067369004,26.877576357466065
2020-12-07 02:00:00,66.84673286713287,160.89545480146438,65.68451067369004,26.877576357466065
2020-12-07 03:00:00,66.84673286713287,160.89545480146438,65.68451067369004,26.877576357466065
2020-12-07 04:00:00,66.84673286713287,160.89545480146438,65.68451067369004,26.877576357466065
2020-12-07 05:00:00,66.84673286713287,160.89545480146438,65.68451067369004,26.877576357466065
2020-12-07 06:00:00,66.84673286713287,160.89545480146438,65.68451067369004,26.877576357466065
2020-12-07 07:00:00,66.84673286713287,160.89545480146438,65.68451067369004,26.877576357466065
2020-12-07 08:00:00,66.84673286713287,160.89545480146438,65.68451067369004,26.877576357466065
2020-12-07 09:00:00,66.84673286713287,160.89545480146438,65.68451067369004,26.877576357466065
2020-12-07 10:00:00,66.84673286713287,160.89545480146438,65.68451067369004,26.877576357466065
2020-12-07 11:00:00,66.84673286713287,160.89545480146438,65.68451067369004,26.877576357466065
2020-12-07 12:00:00,66.84673286713287,160.89545480146438,65.68451067369004,26.877576357466065
2020-12-07 13:00:00,66.84673286713287,160.89545480146438,65.68451067369004,26.877576357466065
2020-12-07 14:00:00,66.84673286713287,160.89545480146438,65.68451067369004,26.877576357466065
2020-12-07 15:00:00,66.84673286713287,160.89545480146438,65.68451067369004,26.877576357466065
2020-12-07 16:00:00,66.84673286713287,160.89545480146438,65.68451067369004,26.877576357466065
2020-12-07 17:00:00,66.84673286713287,160.89545480146438,65.68451067369004,26.877576357466065
2020-12-07 18:00:00,66.84673286713287,160.89545480146438,65.68451067369004,26.877576357466065
2020-12-07 19:00:00,66.84673286713287,160.89545480146438,65.68451067369004,26.877576357466065
2020-12-07 20:00:00,66.84673286713287,160.89545480146438,65.68451067369004,26.877576357466065
2020-12-07 21:00:00,66.84673286713287,160.89545480146438,65.68451067369004,26.877576357466065
2020-12-07 22:00:00,66.84673286713287,160.89545480146438,65.68451067369004,26.877576357466065
2020-12-07 23:00:00,66.84673286713287,160.89545480146438,65.68451067369004,26.877576357466065
2020-12-08 00:00:00,66.84673286713287,160.89545480146438,65.68451067369004,26.877576357466065
2020-12-08 01:00:00,66.84673286713287,160.89545480146438,65.68451067369004,26.877576357466065
2020-12-08 02:00:00,66.84673286713287,160.89545480146438,65.68451067369004,26.877576357466065
2020-12-08 03:00:00,66.84673286713287,160.89545480146438,65.68451067369004,26.877576357466065
2020-12-08 04:00:00,66.84673286713287,160.89545480146438,65.68451067369004,26.877576357466065
2020-12-08 05:00:00,66.84673286713287,160.89545480146438,65.68451067369004,26.877576357466065
2020-12-08 06:00:00,66.84673286713287,160.89545480146438,65.68451067369004,26.877576357466065
2020-12-08 07:00:00,66.84673286713287,160.89545480146438,65.68451067369004,26.877576357466065
2020-12-08 08:00:00,66.84673286713287,160.89545480146438,65.68451067369004,26.877576357466065
2020-12-08 09:00:00,66.84673286713287,160.89545480146438,65.68451067369004,26.877576357466065
2020-12-08 10:00:00,66.84673286713287,160.89545480146438,65.68451067369004,26.877576357466065
2020-12-08 11:00:00,66.84673286713287,160.89545480146438,65.68451067369004,26.877576357466065
2020-12-08 12:00:00,66.84673286713287,160.89545480146438,65.68451067369004,26.877576357466065
2020-12-08 13:00:00,66.84673286713287,160.89545480146438,65.68451067369004,26.877576357466065
2020-12-08 14:00:00,66.84673286713287,160.89545480146438,65.68451067369004,26.877576357466065
2020-12-08 15:00:00,66.84673286713287,160.89545480146438,65.68451067369004,26.877576357466065
2020-12-08 16:00:00,66.84673286713287,160.89545480146438,65.68451067369004,26.877576357466065
2020-12-08 17:00:00,66.84673286713287,160.89545480146438,65.68451067369004,26.877576357466065
2020-12-08 18:00:00,66.84673286713287,160.89545480146438,65.68451067369004,26.877576357466065
2020-12-08 19:00:00,66.84673286713287,160.89545480146438,65.68451067369004,26.877576357466065
2020-12-08 20:00:00,66.84673286713287,160.89545480146438,65.68451067369004,26.877576357466065
2020-12-08 21:00:00,66.84673286713287,160.89545480146438,65.68451067369004,26.877576357466065
2020-12-08 22:00:00,66.84673286713287,160.89545480146438,65.68451067369004,26.877576357466065
2020-12-08 23:00:00,66.84673286713287,160.89545480146438,65.68451067369004,26.877576357466065
2020-12-09 00:00:00,66.84673286713287,160.89545480146438,65.68451067369004,26.877576357466065
2020-12-09 01:00:00,66.84673286713287,160.89545480146438,65.68451067369004,26.877576357466065
2020-12-09 02:00:00,66.84673286713287,160.89545480146438,65.68451067369004,26.877576357466065
2020-12-09 03:00:00,66.84673286713287,160.89545480146438,65.68451067369004,26.877576357466065
2020-12-09 04:00:00,66.84673286713287,160.89545480146438,65.68451067369004,26.877576357466065
2020-12-09 05:00:00,66.84673286713287,160.89545480146438,65.68451067369004,26.877576357466065
2020-12-09 06:00:00,66.84673286713287,160.89545480146438,65.68451067369004,26.877576357466065
2020-12-09 07:00:00,66.84673286713287,160.89545480146438,65.68451067369004,26.877576357466065
2020-12-09 08:00:00,66.84673286713287,160.89545480146438,65.68451067369004,26.877576357466065
2020-12-09 09:00:00,66.84673286713287,160.89545480146438,65.68451067369004,26.877576357466065
2020-12-09 10:00:00,66.84673286713287,160.89545480146438,65.68451067369004,26.877576357466065
2020-12-09 11:00:00,66.84673286713287,160.89545480146438,65.68451067369004,26.877576357466065
2020-12-09 12:00:00,66.84673286713287,160.89545480146438,65.68451067369004,26.877576357466065
2020-12-09 13:00:00,66.84673286713287,160.89545480146438,65.68451067369004,26.877576357466065
2020-12-09 14:00:00,66.84673286713287,160.89545480146438,65.68451067369004,26.877576357466065
2020-12-09 15:00:00,66.84673286713287,160.89545480146438,65.68451067369004,26.877576357466065
2020-12-09 16:00:00,66.84673286713287,160.89545480146438,65.68451067369004,26.877576357466065
2020-12-09 17:00:00,66.84673286713287,160.89545480146438,65.68451067369004,26.877576357466065
2020-12-09 18:00:00,66.84673286713287,160.89545480146438,65.68451067369004,26.877576357466065
2020-12-09 19:00:00,66.84673286713287,160.89545480146438,65.68451067369004,26.877576357466065
2020-12-09 20:00:00,66.84673286713287,160.89545480146438,65.68451067369004,26.877576357466065
2020-12-09 21:00:00,66.84673286713287,160.89545480146438,65.68451067369004,26.877576357466065
2020-12-09 22:00:00,66.84673286713287,160.89545480146438,65.68451067369004,26.877576357466065
2020-12-09 23:00:00,66.84673286713287,160.89545480146438,65.68451067369004,26.877576357466065
2020-12-10 00:00:00,66.84673286713287,160.89545480146438,65.68451067369004,26.877576357466065
2020-12-10 01:00:00,66.84673286713287,160.89545480146438,65.68451067369004,26.877576357466065
2020-12-10 02:00:00,66.84673286713287,160.89545480146438,65.68451067369004,26.877576357466065
2020-12-10 03:00:00,66.84673286713287,160.89545480146438,65.68451067369004,26.877576357466065
2020-12-10 04:00:00,66.84673286713287,160.89545480146438,65.68451067369004,26.877576357466065
2020-12-10 05:00:00,66.84673286713287,160.89545480146438,65.68451067369004,26.877576357466065
2020-12-10 06:00:00,66.84673286713287,160.89545480146438,65.68451067369004,26.877576357466065
2020-12-10 07:00:00,66.84673286713287,160.89545480146438,65.68451067369004,26.877576357466065
2020-12-10 08:00:00,66.84673286713287,160.89545480146438,65.68451067369004,26.877576357466065
2020-12-10 09:00:00,66.84673286713287,160.89545480146438,65.68451067369004,26.877576357466065
2020-12-10 10:00:00,66.84673286713287,160.89545480146438,65.68451067369004,26.877576357466065
2020-12-10 11:00:00,66.84673286713287,160.89545480146438,65.68451067369004,26.877576357466065
2020-12-10 12:00:00,66.84673286713287,160.89545480146438,65.68451067369004,26.877576357466065
2020-12-10 13:00:00,66.84673286713287,160.89545480146438,65.68451067369004,26.877576357466065
2020-12-10 14:00:00,66.84673286713287,160.89545480146438,65.68451067369004,26.877576357466065
2020-12-10 15:00:00,66.84673286713287,160.89545480146438,65.68451067369004,26.877576357466065
2020-12-10 16:00:00,66.84673286713287,160.89545480146438,65.68451067369004,26.877576357466065
2020-12-10 17:00:00,66.84673286713287,160.89545480146438,65.68451067369004,26.877576357466065
2020-12-10 18:00:00,66.84673286713287,160.89545480146438,65.68451067369004,26.877576357466065
2020-12-10 19:00:00,66.84673286713287,160.89545480146438,65.68451067369004,26.877576357466065
2020-12-10 20:00:00,66.84673286713287,160.89545480146438,65.68451067369004,26.877576357466065
2020-12-10 21:00:00,66.84673286713287,160.89545480146438,65.68451067369004,26.877576357466065
2020-12-10 22:00:00,66.84673286713287,160.89545480146438,65.68451067369004,26.877576357466065
2020-12-10 23:00:00,66.84673286713287,160.89545480146438,65.68451067369004,26.877576357466065
2020-12-11 00:00:00,66.84673286713287,160.89545480146438,65.68451067369004,26.877576357466065
2020-12-11 01:00:00,66.84673286713287,160.89545480146438,65.68451067369004,26.877576357466065
2020-12-11 02:00:00,66.84673286713287,160.89545480146438,65.68451067369004,26.877576357466065
2020-12-11 03:00:00,66.84673286713287,160.89545480146438,65.68451067369004,26.877576357466065
2020-12-11 04:00:00,66.84673286713287,160.89545480146438,65.68451067369004,26.877576357466065
2020-12-11 05:00:00,66.84673286713287,160.89545480146438,65.68451067369004,26.877576357466065
2020-12-11 06:00:00,66.84673286713287,160.89545480146438,65.68451067369004,26.877576357466065
2020-12-11 07:00:00,66.84673286713287,160.89545480146438,65.68451067369004,26.877576357466065
2020-12-11 08:00:00,66.84673286713287,160.89545480146438,65.68451067369004,26.877576357466065
2020-12-11 09:00:00,66.84673286713287,160.89545480146438,65.68451067369004,26.877576357466065
2020-12-11 10:00:00,66.84673286713287,160.89545480146438,65.68451067369004,26.877576357466065
2020-12-11 11:00:00,66.84673286713287,160.89545480146438,65.68451067369004,26.877576357466065
2020-12-11 12:00:00,66.84673286713287,160.89545480146438,65.68451067369004,26.877576357466065
2020-12-11 13:00:00,66.84673286713287,160.89545480146438,65.68451067369004,26.877576357466065
2020-12-11 14:00:00,66.84673286713287,160.89545480146438,65.68451067369004,26.877576357466065
2020-12-11 15:00:00,66.84673286713287,160.89545480146438,65.68451067369004,26.877576357466065
2020-12-11 16:00:00,66.84673286713287,160.89545480146438,65.68451067369004,26.877576357466065
2020-12-11 17:00:00,66.84673286713287,160.89545480146438,65.68451067369004,26.877576357466065
2020-12-11 18:00:00,66.84673286713287,160.89545480146438,65.68451067369004,26.877576357466065
2020-12-11 19:00:00,66.84673286713287,160.89545480146438,65.68451067369004,26.877576357466065
2020-12-11 20:00:00,66.84673286713287,160.89545480146438,65.68451067369004,26.877576357466065
2020-12-11 21:00:00,66.84673286713287,160.89545480146438,65.68451067369004,26.877576357466065
2020-12-11 22:00:00,66.84673286713287,160.89545480146438,65.68451067369004,26.877576357466065
2020-12-11 23:00:00,66.84673286713287,160.89545480146438,65.68451067369004,26.877576357466065
2020-12-12 00:00:00,66.84673286713287,160.89545480146438,65.68451067369004,26.877576357466065
2020-12-12 01:00:00,66.84673286713287,160.89545480146438,65.68451067369004,26.877576357466065
2020-12-12 02:00:00,66.84673286713287,160.89545480146438,65.68451067369004,26.877576357466065
2020-12-12 03:00:00,66.84673286713287,160.89545480146438,65.68451067369004,26.877576357466065
2020-12-12 04:00:00,66.84673286713287,160.89545480146438,65.68451067369004,26.877576357466065
2020-12-12 05:00:00,66.84673286713287,160.89545480146438,65.68451067369004,26.877576357466065
2020-12-12 06:00:00,66.84673286713287,160.89545480146438,65.68451067369004,26.877576357466065
2020-12-12 07:00:00,66.84673286713287,160.89545480146438,65.68451067369004,26.877576357466065
2020-12-12 08:00:00,66.84673286713287,160.89545480146438,65.68451067369004,26.877576357466065
2020-12-12 09:00:00,66.84673286713287,160.89545480146438,65.68451067369004,26.877576357466065
2020-12-12 10:00:00,66.84673286713287,160.89545480146438,65.68451067369004,26.877576357466065
2020-12-12 11:00:00,66.84673286713287,160.89545480146438,65.68451067369004,26.877576357466065
2020-12-12 12:00:00,66.84673286713287,160.89545480146438,65.68451067369004,26.877576357466065
2020-12-12 13:00:00,66.84673286713287,160.89545480146438,65.68451067369004,26.877576357466065
2020-12-12 14:00:00,66.84673286713287,160.89545480146438,65.68451067369004,26.877576357466065
2020-12-12 15:00:00,66.84673286713287,160.89545480146438,65.68451067369004,26.877576357466065
2020-12-12 16:00:00,66.84673286713287,160.89545480146438,65.68451067369004,26.877576357466065
2020-12-12 17:00:00,66.84673286713287,160.89545480146438,65.68451067369004,26.877576357466065
2020-12-12 18:00:00,66.84673286713287,160.89545480146438,65.68451067369004,26.877576357466065
2020-12-12 19:00:00,66.84673286713287,160.89545480146438,65.68451067369004,26.877576357466065
2020-12-12 20:00:00,66.84673286713287,160.89545480146438,65.68451067369004,26.877576357466065
2020-12-12 21:00:00,66.84673286713287,160.89545480146438,65.68451067369004,26.877576357466065
2020-12-12 22:00:00,66.84673286713287,160.89545480146438,65.68451067369004,26.877576357466065
2020-12-12 23:00:00,66.84673286713287,160.89545480146438,65.68451067369004,26.877576357466065
2020-12-13 00:00:00,66.84673286713287,160.89545480146438,65.68451067369004,26.877576357466065
2020-12-13 01:00:00,66.84673286713287,160.89545480146438,65.68451067369004,26.877576357466065
2020-12-13 02:00:00,66.84673286713287,160.89545480146438,65.68451067369004,26.877576357466065
2020-12-13 03:00:00,66.84673286713287,160.89545480146438,65.68451067369004,26.877576357466065
2020-12-13 04:00:00,66.84673286713287,160.89545480146438,65.68451067369004,26.877576357466065
2020-12-13 05:00:00,66.84673286713287,160.89545480146438,65.68451067369004,26.877576357466065
2020-12-13 06:00:00,66.84673286713287,160.89545480146438,65.68451067369004,26.877576357466065
2020-12-13 07:00:00,66.84673286713287,160.89545480146438,65.68451067369004,26.877576357466065
2020-12-13 08:00:00,66.84673286713287,160.89545480146438,65.68451067369004,26.877576357466065
2020-12-13 09:00:00,66.84673286713287,160.89545480146438,65.68451067369004,26.877576357466065
2020-12-13 10:00:00,66.84673286713287,160.89545480146438,65.68451067369004,26.877576357466065
2020-12-13 11:00:00,66.84673286713287,160.89545480146438,65.68451067369004,26.877576357466065
2020-12-13 12:00:00,66.84673286713287,160.89545480146438,65.68451067369004,26.877576357466065
2020-12-13 13:00:00,66.84673286713287,160.89545480146438,65.68451067369004,26.877576357466065
2020-12-13 14:00:00,66.84673286713287,160.89545480146438,65.68451067369004,26.877576357466065
2020-12-13 15:00:00,66.84673286713287,160.89545480146438,65.68451067369004,26.877576357466065
2020-12-13 16:00:00,66.84673286713287,160.89545480146438,65.68451067369004,26.877576357466065
2020-12-13 17:00:00,66.84673286713287,160.89545480146438,65.68451067369004,26.877576357466065
2020-12-13 18:00:00,66.84673286713287,160.89545480146438,65.68451067369004,26.877576357466065
2020-12-13 19:00:00,66.84673286713287,160.89545480146438,65.68451067369004,26.877576357466065
2020-12-13 20:00:00,66.84673286713287,160.89545480146438,65.68451067369004,26.877576357466065
2020-12-13 21:00:00,66.84673286713287,160.89545480146438,65.68451067369004,26.877576357466065
2020-12-13 22:00:00,66.84673286713287,160.89545480146438,65.68451067369004,26.877576357466065
2020-12-13 23:00:00,66.84673286713287,160.89545480146438,65.68451067369004,26.877576357466065
2020-12-14 00:00:00,66.84673286713287,160.89545480146438,65.68451067369004,26.877576357466065
2020-12-14 01:00:00,66.84673286713287,160.89545480146438,65.68451067369004,26.877576357466065
2020-12-14 02:00:00,66.84673286713287,160.89545480146438,65.68451067369004,26.877576357466065
2020-12-14 03:00:00,66.84673286713287,160.89545480146438,65.68451067369004,26.877576357466065
2020-12-14 04:00:00,66.84673286713287,160.89545480146438,65.68451067369004,26.877576357466065
2020-12-14 05:00:00,66.84673286713287,160.89545480146438,65.68451067369004,26.877576357466065
2020-12-14 06:00:00,66.84673286713287,160.89545480146438,65.68451067369004,26.877576357466065
2020-12-14 07:00:00,66.84673286713287,160.89545480146438,65.68451067369004,26.877576357466065
2020-12-14 08:00:00,66.84673286713287,160.89545480146438,65.68451067369004,26.877576357466065
2020-12-14 09:00:00,66.84673286713287,160.89545480146438,65.68451067369004,26.877576357466065
2020-12-14 10:00:00,66.84673286713287,160.89545480146438,65.68451067369004,26.877576357466065
2020-12-14 11:00:00,66.84673286713287,160.89545480146438,65.68451067369004,26.877576357466065
2020-12-14 12:00:00,66.84673286713287,160.89545480146438,65.68451067369004,26.877576357466065
2020-12-14 13:00:00,66.84673286713287,160.89545480146438,65.68451067369004,26.877576357466065
2020-12-14 14:00:00,66.84673286713287,160.89545480146438,65.68451067369004,26.877576357466065
2020-12-14 15:00:00,66.84673286713287,160.89545480146438,65.68451067369004,26.877576357466065
2020-12-14 16:00:00,66.84673286713287,160.89545480146438,65.68451067369004,26.877576357466065
2020-12-14 17:00:00,66.84673286713287,160.89545480146438,65.68451067369004,26.877576357466065
2020-12-14 18:00:00,66.84673286713287,160.89545480146438,65.68451067369004,26.877576357466065
2020-12-14 19:00:00,66.84673286713287,160.89545480146438,65.68451067369004,26.877576357466065
2020-12-14 20:00:00,66.84673286713287,160.89545480146438,65.68451067369004,26.877576357466065
2020-12-14 21:00:00,66.84673286713287,160.89545480146438,65.68451067369004,26.877576357466065
2020-12-14 22:00:00,66.84673286713287,160.89545480146438,65.68451067369004,26.877576357466065
2020-12-14 23:00:00,66.84673286713287,160.89545480146438,65.68451067369004,26.877576357466065
2020-12-15 00:00:00,66.84673286713287,160.89545480146438,65.68451067369004,26.877576357466065
2020-12-15 01:00:00,66.84673286713287,160.89545480146438,65.68451067369004,26.877576357466065
2020-12-15 02:00:00,66.84673286713287,160.89545480146438,65.68451067369004,26.877576357466065
2020-12-15 03:00:00,66.84673286713287,160.89545480146438,65.68451067369004,26.877576357466065
2020-12-15 04:00:00,66.84673286713287,160.89545480146438,65.68451067369004,26.877576357466065
2020-12-15 05:00:00,66.84673286713287,160.89545480146438,65.68451067369004,26.877576357466065
2020-12-15 06:00:00,66.84673286713287,160.89545480146438,65.68451067369004,26.877576357466065
2020-12-15 07:00:00,66.84673286713287,160.89545480146438,65.68451067369004,26.877576357466065
2020-12-15 08:00:00,66.84673286713287,160.89545480146438,65.68451067369004,26.877576357466065
2020-12-15 09:00:00,66.84673286713287,160.89545480146438,65.68451067369004,26.877576357466065
2020-12-15 10:00:00,66.84673286713287,160.89545480146438,65.68451067369004,26.877576357466065
2020-12-15 11:00:00,66.84673286713287,160.89545480146438,65.68451067369004,26.877576357466065
2020-12-15 12:00:00,66.84673286713287,160.89545480146438,65.68451067369004,26.877576357466065
2020-12-15 13:00:00,66.84673286713287,160.89545480146438,65.68451067369004,26.877576357466065
2020-12-15 14:00:00,66.84673286713287,160.89545480146438,65.68451067369004,26.877576357466065
2020-12-15 15:00:00,66.84673286713287,160.89545480146438,65.68451067369004,26.877576357466065
2020-12-15 16:00:00,66.84673286713287,160.89545480146438,65.68451067369004,26.877576357466065
2020-12-15 17:00:00,66.84673286713287,160.89545480146438,65.68451067369004,26.877576357466065
2020-12-15 18:00:00,66.84673286713287,160.89545480146438,65.68451067369004,26.877576357466065
2020-12-15 19:00:00,66.84673286713287,160.89545480146438,65.68451067369004,26.877576357466065
2020-12-15 20:00:00,66.84673286713287,160.89545480146438,65.68451067369004,26.877576357466065
2020-12-15 21:00:00,66.84673286713287,160.89545480146438,65.68451067369004,26.877576357466065
2020-12-15 22:00:00,66.84673286713287,160.89545480146438,65.68451067369004,26.877576357466065
2020-12-15 23:00:00,66.84673286713287,160.89545480146438,65.68451067369004,26.877576357466065
2020-12-16 00:00:00,66.84673286713287,160.89545480146438,65.68451067369004,26.877576357466065
2020-12-16 01:00:00,66.84673286713287,160.89545480146438,65.68451067369004,26.877576357466065
2020-12-16 02:00:00,66.84673286713287,160.89545480146438,65.68451067369004,26.877576357466065
2020-12-16 03:00:00,66.84673286713287,160.89545480146438,65.68451067369004,26.877576357466065
2020-12-16 04:00:00,66.84673286713287,160.89545480146438,65.68451067369004,26.877576357466065
2020-12-16 05:00:00,66.84673286713287,160.89545480146438,65.68451067369004,26.877576357466065
2020-12-16 06:00:00,66.84673286713287,160.89545480146438,65.68451067369004,26.877576357466065
2020-12-16 07:00:00,66.84673286713287,160.89545480146438,65.68451067369004,26.877576357466065
2020-12-16 08:00:00,66.84673286713287,160.89545480146438,65.68451067369004,26.877576357466065
2020-12-16 09:00:00,66.84673286713287,160.89545480146438,65.68451067369004,26.877576357466065
2020-12-16 10:00:00,66.84673286713287,160.89545480146438,65.68451067369004,26.877576357466065
2020-12-16 11:00:00,66.84673286713287,160.89545480146438,65.68451067369004,26.877576357466065
2020-12-16 12:00:00,66.84673286713287,160.89545480146438,65.68451067369004,26.877576357466065
2020-12-16 13:00:00,66.84673286713287,160.89545480146438,65.68451067369004,26.877576357466065
2020-12-16 14:00:00,66.84673286713287,160.89545480146438,65.68451067369004,26.877576357466065
2020-12-16 15:00:00,94.0,170.0,64.61,29.73
2020-12-16 16:00:00,87.45,152.28,69.52,28.28
2020-12-16 17:00:00,91.0,150.0,76.85,26.32
2020-12-16 18:00:00,100.39,157.61,82.97,24.96
2020-12-16 19:00:00,113.19,179.78,85.72,24.36
2020-12-16 20:00:00,123.41,204.34,87.05,23.74
2020-12-16 21:00:00,127.76,218.27,88.33,23.12
2020-12-16 22:00:00,129.88,225.97,90.22,22.57
2020-12-16 23:00:00,146.93,259.4,91.76,22.03
2020-12-17 00:00:00,129.19,229.61,92.65,21.62
2020-12-17 01:00:00,115.79,184.63,93.43,21.16
2020-12-17 02:00:00,108.42,163.28,94.11,20.87
2020-12-17 03:00:00,101.42,154.63,94.37,20.64
2020-12-17 04:00:00,104.75,144.3,94.93,20.55
2020-12-17 05:00:00,104.06,151.56,95.26,20.48
2020-12-17 06:00:00,97.42,153.84,95.41,20.37
2020-12-17 07:00:00,99.82,168.55,94.5,20.74
2020-12-17 08:00:00,100.0,179.56,89.21,22.63
2020-12-17 09:00:00,117.87,204.96,75.4,26.46
2020-12-17 10:00:00,119.0,209.85,56.88,29.7
2020-12-17 11:00:00,71.03,150.09,51.68,30.43
2020-12-17 12:00:00,80.28,156.2,47.8,31.76
2020-12-17 13:00:00,75.38,149.0,59.24,30.29
2020-12-17 14:00:00,101.0,186.0,60.7,30.19
2020-12-17 15:00:00,106.64,172.19,60.85,30.13
2020-12-17 16:00:00,98.56,154.73,65.11,29.04
2020-12-17 17:00:00,95.18,157.92,74.88,26.7
2020-12-17 18:00:00,113.83,176.05,83.04,24.94
2020-12-17 19:00:00,119.69,188.38,86.04,24.32
2020-12-17 20:00:00,135.99,209.85,88.46,23.65
2020-12-17 21:00:00,146.41,220.77,90.83,23.06
2020-12-17 22:00:00,153.56,224.57,92.03,22.66
2020-12-17 23:00:00,154.94,233.66,92.92,22.27
2020-12-18 00:00:00,150.3,247.97,93.66,21.69
2020-12-18 01:00:00,139.61,211.5,94.56,21.22
2020-12-18 02:00:00,135.24,188.74,94.83,20.89
2020-12-18 03:00:00,134.06,179.09,94.49,20.73
2020-12-18 04:00:00,129.31,193.27,94.98,20.61
2020-12-18 05:00:00,123.38,174.6,95.49,20.46
2020-12-18 06:00:00,134.27,205.1,96.0,20.47
2020-12-18 07:00:00,163.22,275.18,93.53,21.07
2020-12-18 08:00:00,164.06,299.64,75.16,24.36
2020-12-18 09:00:00,104.94,201.02,58.43,28.95
2020-12-18 10:00:00,72.78,140.84,47.85,31.01
2020-12-18 11:00:00,68.0,130.0,45.01,31.03
2020-12-18 12:00:00,59.52,120.59,44.04,31.74
2020-12-18 13:00:00,62.75,126.7,37.08,34.26
2020-12-18 14:00:00,47.95,96.82,53.31,31.91
2020-12-18 15:00:00,85.37,161.43,56.47,31.61
2020-12-18 16:00:00,100.22,162.49,58.23,30.79
2020-12-18 17:00:00,100.06,167.06,63.19,28.81
2020-12-18 18:00:00,108.45,186.88,76.42,26.04
2020-12-18 19:00:00,120.25,200.27,83.31,24.62
2020-12-18 20:00:00,121.94,199.43,87.72,23.76
2020-12-18 21:00:00,114.47,211.72,89.22,23.03
2020-12-18 22:00:00,114.94,213.15,84.88,22.71
2020-12-18 23:00:00,99.95,173.3,83.56,22.45
2020-12-19 00:00:00,106.48,221.56,85.03,21.96
2020-12-19 01:00:00,94.76,193.03,86.39,21.64
2020-12-19 02:00:00,111.87,192.2,86.71,21.26
2020-12-19 03:00:00,113.94,187.87,87.2,21.11
2020-12-19 04:00:00,98.01,175.88,85.36,20.68
2020-12-19 05:00:00,76.31,142.82,85.98,20.36
2020-12-19 06:00:00,76.88,163.67,86.7,20.24
2020-12-19 07:00:00,101.56,243.35,81.69,21.0
2020-12-19 08:00:00,112.38,275.72,72.37,23.33
2020-12-19 09:00:00,103.56,226.64,52.68,27.21
2020-12-19 10:00:00,70.08,137.86,47.02,28.73
2020-12-19 11:00:00,70.81,129.13,44.48,29.77
2020-12-19 12:00:00,64.42,137.99,41.48,31.49
2020-12-19 13:00:00,65.88,145.33,38.91,32.31
2020-12-19 14:00:00,66.94,125.28,36.77,33.17
2020-12-19 15:00:00,60.44,118.55,36.2,33.06
2020-12-19 16:00:00,57.18,126.66,38.69,32.14
2020-12-19 17:00:00,61.7,128.0,53.77,29.36
2020-12-19 18:00:00,74.19,155.14,70.25,26.3
2020-12-19 19:00:00,105.88,188.13,76.28,24.85
2020-12-19 20:00:00,119.28,227.1,76.39,24.39
2020-12-19 21:00:00,139.69,237.33,77.62,23.81
2020-12-19 22:00:00,130.67,242.31,77.34,23.38
2020-12-19 23:00:00,118.75,215.62,78.39,22.89
2020-12-20 00:00:00,116.14,231.46,69.47,23.31
2020-12-20 01:00:00,72.88,148.04,67.51,23.24
2020-12-20 02:00:00,76.56,150.26,69.36,22.51
2020-12-20 03:00:00,77.94,142.64,65.83,22.43
2020-12-20 04:00:00,73.31,118.83,60.17,23.1
2020-12-20 05:00:00,67.35,95.95,58.81,23.0
2020-12-20 06:00:00,63.24,102.5,59.69,22.69
2020-12-20 07:00:00,63.94,107.41,60.86,22.42
2020-12-20 08:00:00,70.58,132.2,55.14,24.33
2020-12-20 09:00:00,66.84673286713287,160.89545480146438,65.68451067369004,26.877576357466065
2020-12-20 10:00:00,66.84673286713287,160.89545480146438,65.68451067369004,26.877576357466065
2020-12-20 11:00:00,66.84673286713287,160.89545480146438,65.68451067369004,26.877576357466065
2020-12-20 12:00:00,66.84673286713287,160.89545480146438,65.68451067369004,26.877576357466065
2020-12-20 13:00:00,66.84673286713287,160.89545480146438,65.68451067369004,26.877576357466065
2020-12-20 14:00:00,66.84673286713287,160.89545480146438,65.68451067369004,26.877576357466065
2020-12-20 15:00:00,66.84673286713287,160.89545480146438,65.68451067369004,26.877576357466065
2020-12-20 16:00:00,66.84673286713287,160.89545480146438,65.68451067369004,26.877576357466065
2020-12-20 17:00:00,66.84673286713287,160.89545480146438,65.68451067369004,26.877576357466065
2020-12-20 18:00:00,66.84673286713287,160.89545480146438,65.68451067369004,26.877576357466065
2020-12-20 19:00:00,66.84673286713287,160.89545480146438,65.68451067369004,26.877576357466065
2020-12-20 20:00:00,66.84673286713287,160.89545480146438,65.68451067369004,26.877576357466065
2020-12-20 21:00:00,66.84673286713287,160.89545480146438,65.68451067369004,26.877576357466065
2020-12-20 22:00:00,66.84673286713287,160.89545480146438,65.68451067369004,26.877576357466065
2020-12-20 23:00:00,66.84673286713287,160.89545480146438,65.68451067369004,26.877576357466065
2020-12-21 00:00:00,66.84673286713287,160.89545480146438,65.68451067369004,26.877576357466065
2020-12-21 01:00:00,66.84673286713287,160.89545480146438,65.68451067369004,26.877576357466065
2020-12-21 02:00:00,66.84673286713287,160.89545480146438,65.68451067369004,26.877576357466065
2020-12-21 03:00:00,66.84673286713287,160.89545480146438,65.68451067369004,26.877576357466065
2020-12-21 04:00:00,66.84673286713287,160.89545480146438,65.68451067369004,26.877576357466065
2020-12-21 05:00:00,66.84673286713287,160.89545480146438,65.68451067369004,26.877576357466065
2020-12-21 06:00:00,66.84673286713287,160.89545480146438,65.68451067369004,26.877576357466065
2020-12-21 07:00:00,66.84673286713287,160.89545480146438,65.68451067369004,26.877576357466065
2020-12-21 08:00:00,66.84673286713287,160.89545480146438,65.68451067369004,26.877576357466065
2020-12-21 09:00:00,66.84673286713287,160.89545480146438,65.68451067369004,26.877576357466065
2020-12-21 10:00:00,46.01,97.41,32.8,28.3
2020-12-21 11:00:00,38.5,108.12,31.38,28.91
2020-12-21 12:00:00,40.81,100.62,29.55,30.09
2020-12-21 13:00:00,38.19,108.5,27.05,31.62
2020-12-21 14:00:00,38.94,102.33,26.38,32.01
2020-12-21 15:00:00,37.13,100.15,26.55,32.94
2020-12-21 16:00:00,38.88,104.26,28.67,32.17
2020-12-21 17:00:00,42.75,105.86,36.17,29.55
2020-12-21 18:00:00,49.56,136.84,59.75,26.0
2020-12-21 19:00:00,60.39,137.69,67.89,24.24
2020-12-21 20:00:00,73.19,143.0,72.15,22.61
2020-12-21 21:00:00,72.12,180.25,76.6,21.55
2020-12-21 22:00:00,88.88,196.36,76.32,20.87
2020-12-21 23:00:00,89.06,213.51,76.95,19.98
2020-12-22 00:00:00,69.35,155.27,77.74,19.22
2020-12-22 01:00:00,76.44,145.86,77.58,18.84
2020-12-22 02:00:00,73.23,130.55,77.82,18.43
2020-12-22 03:00:00,56.12,89.11,75.88,18.16
2020-12-22 04:00:00,53.12,95.08,73.78,17.48
2020-12-22 05:00:00,45.5,80.6,74.89,17.22
2020-12-22 06:00:00,57.19,99.61,62.26,18.8
2020-12-22 07:00:00,72.06,183.42,57.2,19.37
2020-12-22 08:00:00,73.94,226.09,48.09,22.27
2020-12-22 09:00:00,53.38,194.75,39.23,26.86
2020-12-22 10:00:00,40.75,137.84,28.82,29.5
2020-12-22 11:00:00,29.61,103.97,28.25,29.71
2020-12-22 12:00:00,37.44,100.86,27.67,30.68
2020-12-22 13:00:00,38.0,115.67,26.61,32.03
2020-12-22 14:00:00,38.0,100.68,25.83,33.0
2020-12-22 15:00:00,39.87,108.27,29.57,32.03
2020-12-22 16:00:00,44.69,118.0,36.12,29.62
2020-12-22 17:00:00,53.44,131.81,48.72,27.24
2020-12-22 18:00:00,55.88,156.44,62.11,24.47
2020-12-22 19:00:00,60.69,177.91,69.33,22.6
2020-12-22 20:00:00,68.53,188.77,73.86,21.53
2020-12-22 21:00:00,80.25,208.76,75.67,20.71
2020-12-22 22:00:00,79.12,186.33,75.44,20.03
2020-12-22 23:00:00,70.56,169.92,76.62,19.32
2020-12-23 00:00:00,95.27,217.09,76.83,18.58
2020-12-23 01:00:00,78.2,162.13,77.51,17.91
2020-12-23 02:00:00,62.0,117.05,78.45,17.43
2020-12-23 03:00:00,56.29,85.11,78.91,16.88
2020-12-23 04:00:00,50.35,68.05,79.87,16.6
2020-12-23 05:00:00,49.06,86.78,80.61,16.45
2020-12-23 06:00:00,63.12,126.25,80.75,16.5
2020-12-23 07:00:00,61.17,158.75,78.78,16.79
2020-12-23 08:00:00,75.95,242.29,71.76,19.53
2020-12-23 09:00:00,90.12,247.44,50.39,25.19
2020-12-23 10:00:00,89.12,233.92,41.25,28.31
2020-12-23 11:00:00,89.94,210.61,36.02,29.9
2020-12-23 12:00:00,73.12,178.23,29.44,31.3
2020-12-23 13:00:00,60.77,155.97,28.23,31.34
2020-12-23 14:00:00,53.44,147.36,29.74,32.36
2020-12-23 15:00:00,60.42,144.18,31.51,31.52
2020-12-23 16:00:00,66.84673286713287,160.89545480146438,37.77,29.65
2020-12-23 17:00:00,62.0,153.0,46.39,28.01
2020-12-23 18:00:00,66.71,157.82,61.39,24.63
2020-12-23 19:00:00,72.61,211.03,70.18,22.55
2020-12-23 20:00:00,87.12,204.32,75.2,21.54
2020-12-23 21:00:00,112.56,269.57,77.19,20.86
2020-12-23 22:00:00,92.44,195.09,77.66,20.27
2020-12-23 23:00:00,115.38,230.45,79.75,19.68
2020-12-24 00:00:00,110.42,240.68,80.05,18.88
2020-12-24 01:00:00,96.0,166.0,80.43,18.18
2020-12-24 02:00:00,90.35,133.11,80.39,17.71
2020-12-24 03:00:00,70.31,97.28,80.46,17.28
2020-12-24 04:00:00,63.37,96.96,81.59,16.94
2020-12-24 05:00:00,68.63,101.81,80.84,16.66
2020-12-24 06:00:00,55.88,95.27,81.21,16.59
2020-12-24 07:00:00,79.48,200.75,81.0,16.9
2020-12-24 08:00:00,89.41,236.72,74.43,19.62
2020-12-24 09:00:00,141.79,300.68,54.86,25.94
2020-12-24 10:00:00,99.21,253.01,42.3,29.6
2020-12-24 11:00:00,59.44,135.97,36.83,30.54
2020-12-24 12:00:00,58.87,118.54,32.97,31.66
2020-12-24 13:00:00,59.94,137.22,31.47,33.18
2020-12-24 14:00:00,63.74,142.82,29.75,34.02
2020-12-24 15:00:00,62.12,137.22,38.73,32.3
2020-12-24 16:00:00,59.17,137.0,53.72,29.06
2020-12-24 17:00:00,71.2,145.68,59.38,27.06
2020-12-24 18:00:00,83.25,160.47,67.63,24.64
2020-12-24 19:00:00,80.26,161.0,74.12,23.3
2020-12-24 20:00:00,96.9,188.88,79.24,22.34
2020-12-24 21:00:00,102.68,206.43,80.22,21.77
2020-12-24 22:00:00,119.95,265.82,81.94,21.17
2020-12-24 23:00:00,136.91,297.89,82.81,20.71
2020-12-25 00:00:00,120.16,230.0,83.59,20.05
2020-12-25 01:00:00,99.31,163.49,84.98,19.54
2020-12-25 02:00:00,106.44,161.0,85.17,19.21
2020-12-25 03:00:00,104.2,153.31,85.44,18.8
2020-12-25 04:00:00,91.8,124.16,85.64,18.54
2020-12-25 05:00:00,82.56,112.39,85.19,18.44
2020-12-25 06:00:00,75.41,105.27,84.17,18.42
2020-12-25 07:00:00,75.94,116.57,80.82,19.38
2020-12-25 08:00:00,93.75,204.48,66.72,22.77
2020-12-25 09:00:00,88.41,229.15,46.8,27.85
2020-12-25 10:00:00,67.28,158.86,39.77,29.95
2020-12-25 11:00:00,64.12,119.27,41.02,30.27
2020-12-25 12:00:00,66.81,143.0,37.0,32.07
2020-12-25 13:00:00,58.55,146.88,35.35,33.3
2020-12-25 14:00:00,67.39,143.14,33.8,33.96
2020-12-25 15:00:00,68.94,130.47,33.34,34.61
2020-12-25 16:00:00,71.63,148.45,41.51,32.05
2020-12-25 17:00:00,93.66,218.47,47.64,29.84
2020-12-25 18:00:00,109.17,248.97,60.43,26.88
2020-12-25 19:00:00,131.66,388.86,69.16,25.05
2020-12-25 20:00:00,119.86,244.03,74.34,23.98
2020-12-25 21:00:00,127.41,246.65,77.2,23.13
2020-12-25 22:00:00,123.31,245.08,77.34,22.52
2020-12-25 23:00:00,104.17,195.82,77.63,22.03
2020-12-26 00:00:00,100.18,182.47,79.52,21.38
2020-12-26 01:00:00,119.78,189.72,81.14,20.87
2020-12-26 02:00:00,96.56,139.86,81.51,20.49
2020-12-26 03:00:00,92.17,123.53,82.11,20.13
2020-12-26 04:00:00,79.85,110.47,82.91,19.91
2020-12-26 05:00:00,73.36,99.39,83.32,19.89
2020-12-26 06:00:00,78.0,116.0,82.99,19.86
2020-12-26 07:00:00,90.15,169.03,81.41,20.28
2020-12-26 08:00:00,112.59,274.82,75.03,22.75
2020-12-26 09:00:00,165.64,358.35,55.33,28.14
2020-12-26 10:00:00,109.0,245.0,41.33,32.08
2020-12-26 11:00:00,102.44,201.62,40.25,31.21
2020-12-26 12:00:00,82.38,155.66,36.51,33.07
2020-12-26 13:00:00,76.33,191.49,34.64,33.02
2020-12-26 14:00:00,78.8,215.11,36.7,32.73
2020-12-26 15:00:00,93.08,216.0,40.14,31.73
2020-12-26 16:00:00,78.04,178.51,42.16,31.15
2020-12-26 17:00:00,77.0,167.39,46.92,29.35
2020-12-26 18:00:00,84.53,177.61,58.31,26.94
2020-12-26 19:00:00,97.2,229.11,68.14,25.14
2020-12-26 20:00:00,105.47,231.0,74.37,24.34
2020-12-26 21:00:00,134.9,300.43,77.92,23.71
2020-12-26 22:00:00,134.2,292.43,81.52,23.16
2020-12-26 23:00:00,136.82,234.32,83.1,22.71
2020-12-27 00:00:00,125.73,207.97,82.64,22.3
2020-12-27 01:00:00,125.0,185.85,83.18,21.75
2020-12-27 02:00:00,117.47,153.18,84.14,21.44
2020-12-27 03:00:00,112.31,144.28,83.48,21.04
2020-12-27 04:00:00,92.28,120.86,82.79,20.93
2020-12-27 05:00:00,91.94,145.95,82.94,20.84
2020-12-27 06:00:00,95.74,158.53,83.4,20.54
2020-12-27 07:00:00,96.0,181.11,83.26,20.82
2020-12-27 08:00:00,100.69,261.07,78.05,22.47
2020-12-27 09:00:00,98.18,227.47,65.44,26.93
2020-12-27 10:00:00,130.86,283.83,56.41,29.54
2020-12-27 11:00:00,142.32,264.78,52.56,30.22
2020-12-27 12:00:00,103.57,187.09,48.86,30.8
2020-12-27 13:00:00,93.49,174.39,49.82,31.25
2020-12-27 14:00:00,97.67,177.84,53.04,30.96
2020-12-27 15:00:00,119.59,211.65,51.68,30.84
2020-12-27 16:00:00,123.82,213.0,48.48,30.59
2020-12-27 17:00:00,106.25,181.28,56.14,28.84
2020-12-27 18:00:00,95.58,189.64,70.89,25.66
2020-12-27 19:00:00,115.56,214.03,75.77,24.38
2020-12-27 20:00:00,119.82,213.08,75.13,23.38
2020-12-27 21:00:00,112.48,198.53,77.64,22.24
2020-12-27 22:00:00,110.12,198.0,77.6,21.69
2020-12-27 23:00:00,108.12,196.08,80.18,20.85
2020-12-28 00:00:00,108.0,191.19,81.64,20.07
2020-12-28 01:00:00,111.74,188.12,83.8,19.16
2020-12-28 02:00:00,109.18,161.08,83.09,18.67
2020-12-28 03:00:00,102.46,145.53,82.53,18.05
2020-12-28 04:00:00,92.61,132.5,82.57,17.4
2020-12-28 05:00:00,84.47,131.03,86.16,16.63
2020-12-28 06:00:00,87.74,122.35,87.29,16.27
2020-12-28 07:00:00,83.31,151.87,86.36,16.14
2020-12-28 08:00:00,87.69,195.47,76.64,18.54
2020-12-28 09:00:00,83.3,178.68,50.56,24.07
2020-12-28 10:00:00,74.55,170.29,39.2,26.81
2020-12-28 11:00:00,55.22,158.47,37.99,27.39
2020-12-28 12:00:00,42.73,115.7,33.82,28.9
2020-12-28 13:00:00,43.75,130.7,32.64,29.28
2020-12-28 14:00:00,42.12,123.35,35.65,28.81
2020-12-28 15:00:00,42.94,169.27,35.3,28.92
2020-12-28 16:00:00,47.7,175.81,42.69,27.21
2020-12-28 17:00:00,55.49,225.03,48.54,25.63
2020-12-28 18:00:00,66.28,249.18,55.65,22.84
2020-12-28 19:00:00,80.14,265.42,58.59,21.52
2020-12-28 20:00:00,100.62,285.23,61.55,20.42
2020-12-28 21:00:00,101.06,288.88,65.19,19.3
2020-12-28 22:00:00,94.44,264.97,67.81,18.41
2020-12-28 23:00:00,100.54,250.07,66.8,18.07
2020-12-29 00:00:00,91.61,226.89,69.74,17.34
2020-12-29 01:00:00,87.26,197.07,73.91,16.53
2020-12-29 02:00:00,89.82,172.93,77.31,16.02
2020-12-29 03:00:00,81.55,161.43,78.24,15.57
2020-12-29 04:00:00,76.31,152.35,78.97,15.46
2020-12-29 05:00:00,79.75,157.8,80.33,15.34
2020-12-29 06:00:00,85.59,166.36,81.25,15.11
2020-12-29 07:00:00,86.94,196.8,81.17,15.25
2020-12-29 08:00:00,82.33,230.29,72.58,18.19
2020-12-29 09:00:00,99.84,282.99,53.7,23.31
2020-12-29 10:00:00,87.25,222.67,44.01,26.47
2020-12-29 11:00:00,66.84673286713287,160.89545480146438,44.83,26.79
2020-12-29 12:00:00,78.0,215.0,39.51,29.12
2020-12-29 13:00:00,70.49,179.43,38.37,30.16
2020-12-29 14:00:00,81.27,190.5,45.78,29.2
2020-12-29 15:00:00,69.85,159.18,48.5,29.3
2020-12-29 16:00:00,64.31,149.35,54.78,27.32
2020-12-29 17:00:00,64.0,161.5,54.36,26.25
2020-12-29 18:00:00,66.8,187.95,66.0,23.46
2020-12-29 19:00:00,82.96,224.57,76.25,21.79
2020-12-29 20:00:00,90.57,219.25,80.58,20.75
2020-12-29 21:00:00,101.53,231.0,82.5,20.09
2020-12-29 22:00:00,117.02,254.0,84.18,19.59
2020-12-29 23:00:00,122.69,279.07,85.38,19.02
2020-12-30 00:00:00,137.91,326.24,86.95,18.41
2020-12-30 01:00:00,127.78,244.37,87.75,18.0
2020-12-30 02:00:00,136.39,235.22,88.14,17.61
2020-12-30 03:00:00,130.46,211.93,88.16,17.24
2020-12-30 04:00:00,118.84,194.62,87.83,17.09
2020-12-30 05:00:00,114.23,194.96,87.47,16.9
2020-12-30 06:00:00,107.47,189.25,88.0,16.96
2020-12-30 07:00:00,107.0,230.34,87.12,17.06
2020-12-30 08:00:00,112.61,265.74,82.22,19.03
2020-12-30 09:00:00,116.75,273.73,66.75,23.93
2020-12-30 10:00:00,141.0,315.0,54.81,27.31
2020-12-30 11:00:00,141.94,311.15,54.87,27.21
2020-12-30 12:00:00,147.61,340.8,51.51,29.39
2020-12-30 13:00:00,100.0,256.0,51.66,29.32
2020-12-30 14:00:00,95.31,294.45,51.84,29.07
2020-12-30 15:00:00,86.57,208.5,55.02,28.61
2020-12-30 16:00:00,85.06,185.78,58.13,27.63
2020-12-30 17:00:00,84.06,185.0,62.13,26.07
2020-12-30 18:00:00,94.33,215.76,72.14,23.81
2020-12-30 19:00:00,117.43,263.14,79.59,22.48
2020-12-30 20:00:00,123.69,274.61,81.46,21.85
2020-12-30 21:00:00,141.84,283.65,81.54,21.28
2020-12-30 22:00:00,160.84,312.84,83.8,20.63
2020-12-30 23:00:00,178.77,314.97,84.9,20.14
2020-12-31 00:00:00,189.32,344.8,87.14,19.55
2020-12-31 01:00:00,161.92,255.92,88.4,19.05
2020-12-31 02:00:00,150.66,224.12,89.47,18.73
2020-12-31 03:00:00,157.49,223.96,89.89,18.49
2020-12-31 04:00:00,144.96,223.04,90.78,18.26
2020-12-31 05:00:00,153.36,272.99,90.6,18.09
2020-12-31 06:00:00,136.22,215.4,91.02,18.08
2020-12-31 07:00:00,153.69,297.6,90.76,18.51
2020-12-31 08:00:00,169.95,421.49,69.02,22.89
2020-12-31 09:00:00,95.55,214.82,52.37,27.44
2020-12-31 10:00:00,83.45,154.95,48.45,28.6
2020-12-31 11:00:00,98.02,170.3,47.6,29.58
2020-12-31 12:00:00,95.25,190.22,45.84,30.71
2020-12-31 13:00:00,86.59,170.81,42.03,32.65
2020-12-31 14:00:00,89.74,182.5,40.31,32.48
2020-12-31 15:00:00,98.42,206.07,41.38,32.41
2020-12-31 16:00:00,100.87,227.24,47.89,31.1
2020-12-31 17:00:00,99.13,194.35,55.52,28.74
2020-12-31 18:00:00,109.28,211.26,67.73,26.2
2020-12-31 19:00:00,120.3,215.84,75.64,24.66
2020-12-31 20:00:00,129.45,242.92,78.82,23.78
2020-12-31 21:00:00,150.66,420.47,77.91,23.23
2020-12-31 22:00:00,126.85,232.81,78.69,22.71
2020-12-31 23:00:00,125.94,233.65,79.47,22.26
2021-01-01 00:00:00,128.81,209.98,79.3,21.74
2021-01-01 01:00:00,110.28,175.35,80.76,21.36
2021-01-01 02:00:00,118.31,167.29,83.73,21.02
2021-01-01 03:00:00,125.54,184.3,84.06,20.68
2021-01-01 04:00:00,105.44,141.74,84.54,20.52
2021-01-01 05:00:00,105.87,147.69,84.25,20.79
2021-01-01 06:00:00,103.2,140.31,84.98,20.6
2021-01-01 07:00:00,114.23,216.91,85.9,20.83
2021-01-01 08:00:00,132.84,292.1,81.15,22.76
2021-01-01 09:00:00,119.92,246.94,67.58,27.17
2021-01-01 10:00:00,135.77,275.67,57.88,29.53
2021-01-01 11:00:00,156.56,305.84,50.91,31.14
2021-01-01 12:00:00,96.22,169.53,48.64,31.7
2021-01-01 13:00:00,92.94,178.38,49.51,31.73
2021-01-01 14:00:00,100.47,195.39,51.46,30.91
2021-01-01 15:00:00,108.48,204.65,55.5,29.52
2021-01-01 16:00:00,112.72,198.27,63.38,28.54
2021-01-01 17:00:00,143.76,225.88,71.87,27.16
2021-01-01 18:00:00,153.49,236.0,74.29,26.03
2021-01-01 19:00:00,158.66,235.04,75.23,25.56
2021-01-01 20:00:00,160.87,243.65,75.87,25.24
2021-01-01 21:00:00,167.52,244.96,77.29,24.91
2021-01-01 22:00:00,168.94,255.54,79.14,24.46
2021-01-01 23:00:00,172.75,265.64,81.99,23.99
2021-01-02 00:00:00,169.28,243.9,82.84,23.81
2021-01-02 01:00:00,160.57,232.43,84.51,23.21
2021-01-02 02:00:00,150.64,211.81,86.41,22.78
2021-01-02 03:00:00,155.61,207.17,87.48,22.55
2021-01-02 04:00:00,161.62,217.57,86.35,22.86
2021-01-02 05:00:00,150.77,199.79,87.08,22.6
2021-01-02 06:00:00,156.57,203.82,88.22,22.48
2021-01-02 07:00:00,170.97,234.76,87.36,22.69
2021-01-02 08:00:00,163.55,234.08,84.49,23.78
2021-01-02 09:00:00,177.91,280.96,76.82,26.02
2021-01-02 10:00:00,210.78,322.41,70.26,27.52
2021-01-02 11:00:00,210.19,306.7,68.17,28.46
2021-01-02 12:00:00,206.28,344.33,67.71,28.31
2021-01-02 13:00:00,178.9,352.73,66.36,28.38
2021-01-02 14:00:00,160.18,290.51,65.04,28.77
2021-01-02 15:00:00,151.49,239.94,65.31,27.98
2021-01-02 16:00:00,140.75,218.78,68.14,26.47
2021-01-02 17:00:00,112.85,188.11,70.73,25.38
2021-01-02 18:00:00,94.1,181.22,76.77,23.83
2021-01-02 19:00:00,108.91,206.95,79.29,23.09
2021-01-02 20:00:00,110.93,206.08,80.83,22.83
2021-01-02 21:00:00,123.11,231.83,79.95,22.52
2021-01-02 22:00:00,137.97,243.58,80.25,22.22
2021-01-02 23:00:00,136.19,245.92,80.84,21.94
2021-01-03 00:00:00,149.0,264.21,82.88,21.54
2021-01-03 01:00:00,137.85,242.89,84.31,21.18
2021-01-03 02:00:00,141.66,221.88,85.02,20.92
2021-01-03 03:00:00,134.55,213.31,85.73,20.67
2021-01-03 04:00:00,149.91,213.96,86.61,20.45
2021-01-03 05:00:00,139.82,217.85,86.5,20.31
2021-01-03 06:00:00,152.97,215.12,86.87,20.12
2021-01-03 07:00:00,156.78,222.71,87.77,19.98
2021-01-03 08:00:00,158.86,235.53,83.7,21.67
2021-01-03 09:00:00,168.31,290.8,73.11,24.42
2021-01-03 10:00:00,167.14,290.12,63.52,27.54
2021-01-03 11:00:00,169.8,276.54,62.4,27.9
2021-01-03 12:00:00,165.32,287.5,60.57,27.21
2021-01-03 13:00:00,150.14,244.74,55.89,28.21
2021-01-03 14:00:00,136.79,236.54,54.09,28.83
2021-01-03 15:00:00,121.96,216.83,56.25,27.73
2021-01-03 16:00:00,108.89,197.74,58.63,26.68
2021-01-03 17:00:00,106.14,181.63,63.95,24.96
2021-01-03 18:00:00,91.05,167.58,70.95,22.85
2021-01-03 19:00:00,85.34,170.83,70.72,22.2
2021-01-03 20:00:00,108.4,195.03,69.58,21.76
2021-01-03 21:00:00,106.25,206.57,72.62,21.4
2021-01-03 22:00:00,117.14,209.88,74.29,21.23
2021-01-03 23:00:00,120.78,209.04,73.72,21.67
2021-01-04 00:00:00,129.38,236.79,74.38,21.84
2021-01-04 01:00:00,135.61,248.57,74.42,21.83
2021-01-04 02:00:00,138.82,236.5,77.17,21.29
2021-01-04 03:00:00,122.23,194.66,75.5,21.25
2021-01-04 04:00:00,111.69,183.39,78.04,20.82
2021-01-04 05:00:00,120.31,226.12,87.88,19.82
2021-01-04 06:00:00,127.53,202.05,86.02,20.34
2021-01-04 07:00:00,127.07,213.5,85.68,20.7
2021-01-04 08:00:00,125.14,191.83,79.55,21.88
2021-01-04 09:00:00,125.94,219.75,74.22,23.1
2021-01-04 10:00:00,158.6,274.01,69.25,24.67
2021-01-04 11:00:00,178.7,334.64,63.5,25.93
2021-01-04 12:00:00,166.96,314.0,59.69,26.91
2021-01-04 13:00:00,138.99,256.46,58.22,27.12
2021-01-04 14:00:00,145.38,246.31,56.08,27.31
2021-01-04 15:00:00,126.44,224.85,52.07,28.7
2021-01-04 16:00:00,111.89,213.43,57.09,27.87
2021-01-04 17:00:00,139.93,252.39,66.56,24.78
2021-01-04 18:00:00,125.23,218.54,73.53,23.19
2021-01-04 19:00:00,128.66,233.29,75.48,22.74
2021-01-04 20:00:00,138.31,237.84,74.27,22.56
2021-01-04 21:00:00,144.59,243.77,68.66,22.42
2021-01-04 22:00:00,139.41,244.0,70.57,22.41
2021-01-04 23:00:00,119.44,213.33,71.5,22.34
2021-01-05 00:00:00,118.93,198.58,72.17,22.18
2021-01-05 01:00:00,116.2,187.43,73.38,21.91
2021-01-05 02:00:00,116.93,183.16,74.97,21.48
2021-01-05 03:00:00,114.0,173.0,76.45,20.92
2021-01-05 04:00:00,111.2,161.47,79.22,20.24
2021-01-05 05:00:00,112.86,163.89,79.57,19.8
2021-01-05 06:00:00,101.86,155.38,79.5,19.78
2021-01-05 07:00:00,104.72,192.49,77.43,20.4
2021-01-05 08:00:00,120.69,264.18,74.68,21.28
2021-01-05 09:00:00,124.81,238.16,69.17,23.35
2021-01-05 10:00:00,136.14,262.88,62.12,25.77
2021-01-05 11:00:00,151.86,289.88,58.82,27.28
2021-01-05 12:00:00,153.0,318.79,55.39,28.95
2021-01-05 13:00:00,153.93,288.38,54.74,28.64
2021-01-05 14:00:00,155.86,274.5,54.2,28.85
2021-01-05 15:00:00,159.72,259.0,57.47,27.44
2021-01-05 16:00:00,155.34,255.16,57.08,27.17
2021-01-05 17:00:00,143.86,230.9,65.28,24.74
2021-01-05 18:00:00,143.93,220.39,71.93,23.09
2021-01-05 19:00:00,157.97,261.34,74.25,22.55
2021-01-05 20:00:00,173.04,281.26,75.01,22.13
2021-01-05 21:00:00,179.62,292.57,76.65,21.97
2021-01-05 22:00:00,188.38,315.11,75.64,22.09
2021-01-05 23:00:00,196.43,326.54,76.75,21.75
2021-01-06 00:00:00,190.48,321.25,80.4,21.02
2021-01-06 01:00:00,191.86,296.97,81.75,20.84
2021-01-06 02:00:00,180.86,271.98,80.65,20.57
2021-01-06 03:00:00,164.16,239.28,76.91,20.33
2021-01-06 04:00:00,151.82,229.38,72.35,20.02
2021-01-06 05:00:00,145.41,214.58,69.77,19.96
2021-01-06 06:00:00,161.77,232.21,71.02,19.79
2021-01-06 07:00:00,176.04,268.56,71.78,20.03
2021-01-06 08:00:00,171.38,315.04,69.14,21.0
2021-01-06 09:00:00,180.5,299.47,63.29,23.18
2021-01-06 10:00:00,193.2,320.11,57.59,25.33
2021-01-06 11:00:00,193.07,331.57,54.83,27.2
2021-01-06 12:00:00,182.75,326.23,51.68,28.84
2021-01-06 13:00:00,172.64,317.69,49.55,29.95
2021-01-06 14:00:00,146.85,261.42,52.24,29.26
2021-01-06 15:00:00,141.28,231.14,54.4,28.79
2021-01-06 16:00:00,143.8,235.77,59.8,26.91
2021-01-06 17:00:00,147.72,235.04,63.62,25.19
2021-01-06 18:00:00,148.0,236.83,70.12,24.01
2021-01-06 19:00:00,155.45,256.22,71.86,23.63
2021-01-06 20:00:00,155.07,260.83,70.43,23.54
2021-01-06 21:00:00,174.56,284.96,72.65,22.93
2021-01-06 22:00:00,171.36,278.33,73.75,22.55
2021-01-06 23:00:00,158.89,259.74,73.42,22.39
2021-01-07 00:00:00,144.07,227.38,72.63,22.2
2021-01-07 01:00:00,128.14,212.55,72.91,21.73
2021-01-07 02:00:00,133.5,204.29,71.71,21.47
2021-01-07 03:00:00,140.52,206.88,73.38,21.05
2021-01-07 04:00:00,149.36,220.46,75.77,20.54
2021-01-07 05:00:00,160.25,248.95,77.5,20.31
2021-01-07 06:00:00,152.6,231.74,79.54,20.16
2021-01-07 07:00:00,160.38,267.53,79.6,20.48
2021-01-07 08:00:00,160.07,290.15,76.85,21.6
2021-01-07 09:00:00,174.91,314.07,67.91,24.34
2021-01-07 10:00:00,202.08,362.11,60.95,26.42
2021-01-07 11:00:00,210.86,376.84,58.44,28.23
2021-01-07 12:00:00,193.43,355.89,56.5,30.23
2021-01-07 13:00:00,168.78,307.08,53.25,31.13
2021-01-07 14:00:00,173.52,309.81,55.87,29.72
2021-01-07 15:00:00,150.78,248.49,56.71,29.74
2021-01-07 16:00:00,132.28,226.78,59.26,28.64
2021-01-07 17:00:00,137.5,220.25,64.27,27.06
2021-01-07 18:00:00,132.41,227.69,68.64,25.79
2021-01-07 19:00:00,144.0,246.0,73.22,24.89
2021-01-07 20:00:00,147.72,249.84,73.19,24.92
2021-01-07 21:00:00,133.14,226.93,72.79,25.2
2021-01-07 22:00:00,158.93,271.15,73.88,25.24
2021-01-07 23:00:00,154.48,298.88,78.69,24.52
2021-01-08 00:00:00,177.22,280.83,80.47,24.18
2021-01-08 01:00:00,173.4,264.67,81.24,24.09
2021-01-08 02:00:00,183.22,282.26,82.08,23.97
2021-01-08 03:00:00,161.64,236.86,82.79,23.82
2021-01-08 04:00:00,174.0,245.57,84.52,23.25
2021-01-08 05:00:00,204.72,280.5,84.85,22.95
2021-01-08 06:00:00,207.93,282.96,83.75,22.98
2021-01-08 07:00:00,213.59,300.29,84.75,23.24
2021-01-08 08:00:00,236.28,316.38,89.5,23.32
2021-01-08 09:00:00,217.5,314.12,85.59,24.39
2021-01-08 10:00:00,223.43,333.17,83.36,25.08
2021-01-08 11:00:00,224.0,342.62,78.69,26.48
2021-01-08 12:00:00,237.93,373.76,71.95,27.91
2021-01-08 13:00:00,169.93,248.5,73.54,27.39
2021-01-08 14:00:00,139.93,214.25,72.44,27.68
2021-01-08 15:00:00,107.26,164.78,73.01,27.29
2021-01-08 16:00:00,89.13,149.58,73.14,27.45
2021-01-08 17:00:00,91.72,170.15,74.68,27.1
2021-01-08 18:00:00,104.07,170.04,78.75,25.74
2021-01-08 19:00:00,133.88,201.72,82.0,24.35
2021-01-08 20:00:00,171.28,237.6,83.42,24.18
2021-01-08 21:00:00,187.93,275.42,84.04,24.28
2021-01-08 22:00:00,202.0,290.45,84.57,24.23
2021-01-08 23:00:00,200.22,306.33,84.74,24.12
2021-01-09 00:00:00,210.22,320.42,87.22,23.27
2021-01-09 01:00:00,194.2,299.85,88.94,22.83
2021-01-09 02:00:00,193.0,284.58,88.47,23.04
2021-01-09 03:00:00,179.07,267.76,88.09,22.99
2021-01-09 04:00:00,159.43,215.12,87.84,23.02
2021-01-09 05:00:00,151.48,213.97,87.43,22.97
2021-01-09 06:00:00,142.62,213.04,87.42,22.65
2021-01-09 07:00:00,133.64,213.0,87.91,22.42
2021-01-09 08:00:00,137.64,226.45,85.44,23.37
2021-01-09 09:00:00,138.0,245.21,78.47,25.42
2021-01-09 10:00:00,161.22,314.04,73.1,27.18
2021-01-09 11:00:00,163.93,314.12,67.08,29.42
2021-01-09 12:00:00,143.5,274.0,61.94,31.18
2021-01-09 13:00:00,109.5,201.71,59.25,32.16
2021-01-09 14:00:00,106.07,217.21,65.33,29.79
2021-01-09 15:00:00,120.98,244.83,70.28,28.01
2021-01-09 16:00:00,116.43,213.32,71.73,27.61
2021-01-09 17:00:00,127.18,216.81,71.31,27.4
2021-01-09 18:00:00,136.36,237.18,77.42,25.82
2021-01-09 19:00:00,145.36,253.38,81.13,25.18
2021-01-09 20:00:00,167.36,305.91,83.33,24.83
2021-01-09 21:00:00,173.63,317.58,84.77,24.43
2021-01-09 22:00:00,153.47,251.0,84.83,24.46
2021-01-09 23:00:00,174.28,319.04,84.84,24.24
2021-01-10 00:00:00,171.36,310.51,85.62,23.7
2021-01-10 01:00:00,160.73,264.0,85.52,23.47
2021-01-10 02:00:00,159.07,240.85,86.16,23.32
2021-01-10 03:00:00,154.33,230.42,88.03,23.1
2021-01-10 04:00:00,166.07,268.45,89.23,22.8
2021-01-10 05:00:00,155.92,238.38,90.09,22.56
2021-01-10 06:00:00,153.14,228.35,90.78,22.44
2021-01-10 07:00:00,151.14,239.0,90.94,22.52
2021-01-10 08:00:00,147.28,245.77,86.9,24.1
2021-01-10 09:00:00,162.78,287.21,74.95,27.99
2021-01-10 10:00:00,159.36,277.47,64.42,30.48
2021-01-10 11:00:00,95.86,177.33,58.25,31.43
2021-01-10 12:00:00,56.47,93.46,52.27,33.43
2021-01-10 13:00:00,41.0,78.47,49.95,34.0
2021-01-10 14:00:00,54.0,98.12,61.11,31.85
2021-01-10 15:00:00,125.0,213.04,62.9,31.13
2021-01-10 16:00:00,111.43,191.01,65.52,29.89
2021-01-10 17:00:00,121.14,195.75,69.49,28.38
2021-01-10 18:00:00,130.36,210.38,74.79,27.2
2021-01-10 19:00:00,132.86,241.67,75.91,27.02
2021-01-10 20:00:00,142.28,222.81,77.59,26.64
2021-01-10 21:00:00,143.0,220.08,79.53,26.22
2021-01-10 22:00:00,165.4,273.82,81.59,25.78
2021-01-10 23:00:00,191.14,294.21,83.19,25.27
2021-01-11 00:00:00,167.93,266.2,84.88,24.81
2021-01-11 01:00:00,123.28,216.12,86.13,24.31
2021-01-11 02:00:00,124.64,188.12,87.3,23.98
2021-01-11 03:00:00,157.5,227.25,88.81,23.58
2021-01-11 04:00:00,145.14,192.47,89.39,23.41
2021-01-11 05:00:00,146.78,225.5,89.93,23.25
2021-01-11 06:00:00,153.53,223.17,90.98,22.96
2021-01-11 07:00:00,144.69,229.73,90.73,23.21
2021-01-11 08:00:00,140.28,302.83,84.22,25.69
2021-01-11 09:00:00,126.07,275.25,63.04,30.34
2021-01-11 10:00:00,86.0,183.45,52.44,32.31
2021-01-11 11:00:00,55.14,133.87,47.27,33.2
2021-01-11 12:00:00,48.36,124.33,43.36,34.15
2021-01-11 13:00:00,44.3,114.39,50.14,33.42
2021-01-11 14:00:00,75.67,172.46,57.57,31.79
2021-01-11 15:00:00,82.63,178.83,56.43,31.78
2021-01-11 16:00:00,80.2,155.67,58.01,31.26
2021-01-11 17:00:00,95.0,183.0,61.13,29.35
2021-01-11 18:00:00,87.53,167.67,67.04,28.0
2021-01-11 19:00:00,100.07,203.42,71.85,27.05
2021-01-11 20:00:00,112.14,205.96,75.09,26.51
2021-01-11 21:00:00,126.93,235.8,76.67,26.16
2021-01-11 22:00:00,144.72,279.17,77.37,25.74
2021-01-11 23:00:00,123.72,234.04,79.22,25.33
2021-01-12 00:00:00,103.43,208.23,80.78,24.83
2021-01-12 01:00:00,89.97,159.88,82.46,24.25
2021-01-12 02:00:00,85.28,137.88,84.26,23.88
2021-01-12 03:00:00,99.81,149.46,85.71,23.65
2021-01-12 04:00:00,113.07,178.75,86.67,23.31
2021-01-12 05:00:00,114.0,157.0,88.09,23.02
2021-01-12 06:00:00,122.33,186.67,88.67,22.89
2021-01-12 07:00:00,106.28,191.84,87.29,23.53
2021-01-12 08:00:00,120.78,286.19,80.11,25.68
2021-01-12 09:00:00,102.5,230.58,60.55,30.81
2021-01-12 10:00:00,69.27,164.75,47.44,33.4
2021-01-12 11:00:00,58.64,129.42,40.47,33.12
2021-01-12 12:00:00,53.34,91.58,35.66,35.27
2021-01-12 13:00:00,47.43,109.22,31.84,36.23
2021-01-12 14:00:00,43.28,100.42,40.05,35.71
2021-01-12 15:00:00,60.64,142.03,52.88,32.31
2021-01-12 16:00:00,87.2,171.79,56.79,31.48
2021-01-12 17:00:00,99.18,170.12,60.31,29.72
2021-01-12 18:00:00,113.89,231.51,67.19,28.17
2021-01-12 19:00:00,137.28,255.08,73.66,27.17
2021-01-12 20:00:00,162.22,264.62,78.15,26.26
2021-01-12 21:00:00,162.14,288.07,79.07,25.94
2021-01-12 22:00:00,155.94,278.91,78.75,25.66
2021-01-12 23:00:00,149.45,238.71,80.72,25.23
2021-01-13 00:00:00,154.57,267.72,83.49,24.54
2021-01-13 01:00:00,152.22,246.96,82.37,24.3
2021-01-13 02:00:00,135.34,210.59,79.72,24.21
2021-01-13 03:00:00,105.5,176.7,81.07,23.88
2021-01-13 04:00:00,104.0,169.23,83.69,23.43
2021-01-13 05:00:00,97.19,166.27,84.64,23.12
2021-01-13 06:00:00,97.86,167.92,86.12,22.8
2021-01-13 07:00:00,105.41,234.12,85.66,22.89
2021-01-13 08:00:00,118.03,303.12,79.5,24.82
2021-01-13 09:00:00,117.14,257.28,65.31,28.73
2021-01-13 10:00:00,104.0,234.82,52.19,31.94
2021-01-13 11:00:00,92.82,214.78,42.8,33.19
2021-01-13 12:00:00,51.14,115.29,34.36,34.81
2021-01-13 13:00:00,41.5,95.59,49.26,33.61
2021-01-13 14:00:00,83.58,187.96,49.13,33.25
2021-01-13 15:00:00,74.97,153.72,46.41,32.41
2021-01-13 16:00:00,62.86,128.0,43.52,31.94
2021-01-13 17:00:00,61.08,128.0,35.23,31.63
2021-01-13 18:00:00,36.94,97.33,45.95,27.79
2021-01-13 19:00:00,70.17,155.97,65.93,25.45
2021-01-13 20:00:00,119.28,205.96,77.19,24.18
2021-01-13 21:00:00,149.93,234.83,80.58,23.71
2021-01-13 22:00:00,149.22,239.82,82.0,22.82
2021-01-13 23:00:00,159.18,233.3,82.0,22.54
2021-01-14 00:00:00,142.41,233.0,82.74,21.84
2021-01-14 01:00:00,132.64,223.43,79.94,21.23
2021-01-14 02:00:00,101.45,153.04,78.06,21.3
2021-01-14 03:00:00,93.45,125.12,79.19,21.15
2021-01-14 04:00:00,93.0,140.29,80.08,21.07
2021-01-14 05:00:00,93.0,138.12,79.85,20.72
2021-01-14 06:00:00,79.11,122.67,79.22,20.16
2021-01-14 07:00:00,63.19,139.42,78.0,20.11
2021-01-14 08:00:00,57.37,194.5,73.62,22.29
2021-01-14 09:00:00,85.78,262.17,54.63,28.8
2021-01-14 10:00:00,126.07,295.67,43.03,31.5
2021-01-14 11:00:00,112.25,257.83,50.05,30.19
2021-01-14 12:00:00,111.0,241.62,50.45,30.41
2021-01-14 13:00:00,97.11,194.04,50.73,30.86
2021-01-14 14:00:00,88.59,165.17,51.46,29.82
2021-01-14 15:00:00,70.41,153.46,50.39,30.61
2021-01-14 16:00:00,69.0,142.43,44.55,30.02
2021-01-14 17:00:00,56.93,119.0,45.73,29.6
2021-01-14 18:00:00,53.22,123.73,67.22,25.8
2021-01-14 19:00:00,66.88,139.33,78.35,24.05
2021-01-14 20:00:00,89.29,153.42,79.59,23.56
2021-01-14 21:00:00,101.27,173.17,80.14,22.84
2021-01-14 22:00:00,102.0,167.27,83.19,22.13
2021-01-14 23:00:00,105.7,186.17,83.3,21.54
2021-01-15 00:00:00,100.43,174.56,84.47,20.82
2021-01-15 01:00:00,90.72,147.0,85.53,20.3
2021-01-15 02:00:00,84.43,124.89,86.9,20.11
2021-01-15 03:00:00,87.72,127.83,87.95,19.79
2021-01-15 04:00:00,92.63,137.61,87.47,19.62
2021-01-15 05:00:00,78.07,109.25,89.89,19.65
2021-01-15 06:00:00,73.28,116.62,89.95,19.71
2021-01-15 07:00:00,74.85,135.21,90.69,19.71
2021-01-15 08:00:00,88.93,205.96,84.23,21.34
2021-01-15 09:00:00,84.43,199.39,72.68,25.21
2021-01-15 10:00:00,71.97,153.96,63.91,27.2
2021-01-15 11:00:00,73.56,138.25,57.54,28.65
2021-01-15 12:00:00,76.78,138.92,53.78,29.73
2021-01-15 13:00:00,70.52,138.04,57.01,28.3
2021-01-15 14:00:00,58.89,120.75,51.52,28.89
2021-01-15 15:00:00,43.14,108.5,49.35,29.41
2021-01-15 16:00:00,46.63,103.22,45.1,29.48
2021-01-15 17:00:00,37.74,90.58,42.33,29.19
2021-01-15 18:00:00,37.0,99.55,61.43,25.15
2021-01-15 19:00:00,48.11,129.71,73.13,23.13
2021-01-15 20:00:00,52.7,125.27,79.39,21.95
2021-01-15 21:00:00,60.41,198.79,81.65,21.06
2021-01-15 22:00:00,69.33,160.84,82.2,20.37
2021-01-15 23:00:00,70.92,159.0,77.71,19.93
2021-01-16 00:00:00,79.33,161.87,77.37,19.26
2021-01-16 01:00:00,69.82,131.33,78.58,18.53
2021-01-16 02:00:00,53.27,90.59,77.33,18.03
2021-01-16 03:00:00,45.52,64.96,75.68,17.96
2021-01-16 04:00:00,58.93,102.22,78.3,17.91
2021-01-16 05:00:00,60.0,89.62,80.91,17.78
2021-01-16 06:00:00,82.22,121.58,82.8,17.44
2021-01-16 07:00:00,77.52,155.58,83.7,17.29
2021-01-16 08:00:00,75.13,188.62,76.06,19.95
2021-01-16 09:00:00,125.14,274.34,57.1,25.25
2021-01-16 10:00:00,99.38,220.67,44.2,28.25
2021-01-16 11:00:00,77.56,194.04,43.77,28.66
2021-01-16 12:00:00,56.56,143.17,36.7,30.41
2021-01-16 13:00:00,55.92,134.29,37.77,31.08
2021-01-16 14:00:00,52.3,152.15,44.84,29.52
2021-01-16 15:00:00,52.0,110.97,47.47,29.11
2021-01-16 16:00:00,47.37,95.62,50.26,28.73
2021-01-16 17:00:00,59.96,120.84,57.97,26.85
2021-01-16 18:00:00,81.36,146.84,70.36,24.33
2021-01-16 19:00:00,106.14,181.44,75.63,23.27
2021-01-16 20:00:00,126.51,185.88,78.73,22.5
2021-01-16 21:00:00,124.28,193.67,80.68,21.69
2021-01-16 22:00:00,137.88,217.93,82.25,21.05
2021-01-16 23:00:00,130.64,227.62,81.25,20.34
2021-01-17 00:00:00,118.83,208.83,79.84,19.79
2021-01-17 01:00:00,99.39,162.0,75.55,19.32
2021-01-17 02:00:00,73.01,113.04,71.53,18.9
2021-01-17 03:00:00,47.86,69.92,70.86,18.59
2021-01-17 04:00:00,46.0,68.96,71.18,18.36
2021-01-17 05:00:00,49.72,81.42,72.16,18.11
2021-01-17 06:00:00,49.07,77.21,74.93,18.08
2021-01-17 07:00:00,56.41,107.67,77.04,18.41
2021-01-17 08:00:00,69.96,156.0,75.64,21.65
2021-01-17 09:00:00,100.72,253.75,64.42,25.31
2021-01-17 10:00:00,103.92,192.83,50.61,27.91
2021-01-17 11:00:00,81.78,154.54,44.98,29.21
2021-01-17 12:00:00,80.0,180.79,49.76,29.41
2021-01-17 13:00:00,80.0,176.25,47.88,29.48
2021-01-17 14:00:00,62.41,118.0,43.97,30.41
2021-01-17 15:00:00,60.08,110.33,42.53,30.44
2021-01-17 16:00:00,56.3,112.86,41.6,30.78
2021-01-17 17:00:00,46.77,103.42,49.49,28.37
2021-01-17 18:00:00,52.48,105.86,65.44,25.23
2021-01-17 19:00:00,46.48,100.25,74.69,23.97
2021-01-17 20:00:00,50.63,100.96,76.49,23.24
2021-01-17 21:00:00,55.61,117.29,78.5,22.49
2021-01-17 22:00:00,59.7,118.96,79.5,21.87
2021-01-17 23:00:00,61.85,119.95,79.74,21.22
2021-01-18 00:00:00,57.35,110.84,80.66,20.72
2021-01-18 01:00:00,54.22,101.38,81.39,20.26
2021-01-18 02:00:00,51.21,79.03,79.64,20.07
2021-01-18 03:00:00,42.67,66.5,78.48,20.07
2021-01-18 04:00:00,41.07,72.71,79.23,19.86
2021-01-18 05:00:00,44.72,79.69,78.73,19.88
2021-01-18 06:00:00,39.47,72.34,80.33,20.06
2021-01-18 07:00:00,46.41,117.86,85.06,20.66
2021-01-18 08:00:00,59.95,244.94,82.93,22.36
2021-01-18 09:00:00,46.19,127.48,66.93,26.18
2021-01-18 10:00:00,65.36,149.79,49.8,28.82
2021-01-18 11:00:00,43.86,102.73,47.12,29.31
2021-01-18 12:00:00,47.55,122.92,41.56,30.63
2021-01-18 13:00:00,44.3,130.7,44.59,26.877576357466065
2021-01-18 14:00:00,36.59,122.4,50.77,26.877576357466065
2021-01-18 15:00:00,34.15,103.79,46.32,26.877576357466065
2021-01-18 16:00:00,43.25,111.62,46.05,26.877576357466065
2021-01-18 17:00:00,31.9,90.92,46.73,26.877576357466065
2021-01-18 18:00:00,32.86,89.04,66.52,26.877576357466065
2021-01-18 19:00:00,42.23,97.3,73.88,26.877576357466065
2021-01-18 20:00:00,56.88,120.04,70.02,26.877576357466065
2021-01-18 21:00:00,58.0,120.04,73.54,26.877576357466065
2021-01-18 22:00:00,60.78,126.71,73.59,26.877576357466065
2021-01-18 23:00:00,53.62,147.06,73.3,26.877576357466065
2021-01-19 00:00:00,53.0,134.62,72.23,26.877576357466065
2021-01-19 01:00:00,52.08,121.58,70.2,26.877576357466065
2021-01-19 02:00:00,39.08,76.1,67.9,26.877576357466065
2021-01-19 03:00:00,20.47,48.2,69.42,26.877576357466065
2021-01-19 04:00:00,16.22,37.42,67.94,26.877576357466065
2021-01-19 05:00:00,20.64,45.62,69.54,26.877576357466065
2021-01-19 06:00:00,24.72,48.88,71.85,26.877576357466065
2021-01-19 07:00:00,39.81,117.78,71.65,26.877576357466065
2021-01-19 08:00:00,44.7,195.75,69.34,26.877576357466065
2021-01-19 09:00:00,67.27,238.29,51.34,26.877576357466065
2021-01-19 10:00:00,83.81,198.75,44.55,26.877576357466065
2021-01-19 11:00:00,112.77,266.65,41.73,26.877576357466065
2021-01-19 12:00:00,80.75,186.88,40.22,26.877576357466065
2021-01-19 13:00:00,92.89,201.15,39.11,26.877576357466065
2021-01-19 14:00:00,83.92,172.24,45.03,26.877576357466065
2021-01-19 15:00:00,94.1,168.13,47.34,26.877576357466065
2021-01-19 16:00:00,86.62,157.46,47.38,26.877576357466065
2021-01-19 17:00:00,79.52,154.12,52.16,26.877576357466065
2021-01-19 18:00:00,84.53,159.75,57.93,26.877576357466065
2021-01-19 19:00:00,91.48,179.11,66.82,26.877576357466065
2021-01-19 20:00:00,109.59,217.38,72.56,26.877576357466065
2021-01-19 21:00:00,114.7,232.42,74.84,26.877576357466065
2021-01-19 22:00:00,107.59,205.21,74.63,26.877576357466065
2021-01-19 23:00:00,96.0,216.46,74.61,26.877576357466065
2021-01-20 00:00:00,80.2,170.19,77.62,26.877576357466065
2021-01-20 01:00:00,79.0,165.12,78.37,26.877576357466065
2021-01-20 02:00:00,78.08,155.0,77.8,26.877576357466065
2021-01-20 03:00:00,69.63,120.5,79.73,26.877576357466065
2021-01-20 04:00:00,81.03,143.0,81.07,26.877576357466065
2021-01-20 05:00:00,67.24,113.43,81.41,26.877576357466065
2021-01-20 06:00:00,59.51,101.46,80.65,26.877576357466065
2021-01-20 07:00:00,52.52,133.58,79.41,26.877576357466065
2021-01-20 08:00:00,58.48,240.42,71.59,26.877576357466065
2021-01-20 09:00:00,85.98,204.75,53.32,26.877576357466065
2021-01-20 10:00:00,93.55,219.24,47.39,26.877576357466065
2021-01-20 11:00:00,124.55,291.88,44.56,26.877576357466065
2021-01-20 12:00:00,93.68,238.46,38.55,26.877576357466065
2021-01-20 13:00:00,70.7,167.22,36.42,26.877576357466065
2021-01-20 14:00:00,53.23,140.04,41.24,26.877576357466065
2021-01-20 15:00:00,67.69,131.36,41.1,26.877576357466065
2021-01-20 16:00:00,64.36,124.29,41.9,26.877576357466065
2021-01-20 17:00:00,60.31,123.05,40.98,26.877576357466065
2021-01-20 18:00:00,44.31,92.33,47.47,26.877576357466065
2021-01-20 19:00:00,55.03,131.2,56.8,26.877576357466065
2021-01-20 20:00:00,76.36,154.02,61.39,26.877576357466065
2021-01-20 21:00:00,81.69,179.92,64.72,26.877576357466065
2021-01-20 22:00:00,83.84,190.58,71.08,26.877576357466065
2021-01-20 23:00:00,82.16,176.64,74.34,26.877576357466065
2021-01-21 00:00:00,85.69,179.84,75.42,26.877576357466065
2021-01-21 01:00:00,102.61,202.93,75.22,26.877576357466065
2021-01-21 02:00:00,81.86,129.48,73.17,26.877576357466065
2021-01-21 03:00:00,74.47,121.22,75.33,26.877576357466065
2021-01-21 04:00:00,58.31,100.88,74.56,26.877576357466065
2021-01-21 05:00:00,61.61,100.95,76.06,26.877576357466065
2021-01-21 06:00:00,79.59,132.62,77.75,26.877576357466065
2021-01-21 07:00:00,113.29,223.8,77.76,26.877576357466065
2021-01-21 08:00:00,96.56,246.21,71.67,26.877576357466065
2021-01-21 09:00:00,116.22,271.03,55.22,26.877576357466065
2021-01-21 10:00:00,145.77,266.25,45.73,26.877576357466065
2021-01-21 11:00:00,138.78,238.24,42.76,26.877576357466065
2021-01-21 12:00:00,123.24,227.42,41.94,29.23
2021-01-21 13:00:00,118.29,216.0,40.09,29.8
2021-01-21 14:00:00,93.94,173.79,39.49,29.82
2021-01-21 15:00:00,88.3,161.49,40.92,29.32
2021-01-21 16:00:00,83.39,154.29,39.52,29.17
2021-01-21 17:00:00,82.08,160.71,49.05,27.4
2021-01-21 18:00:00,106.99,188.79,63.72,24.6
2021-01-21 19:00:00,117.3,194.79,75.92,23.23
2021-01-21 20:00:00,133.69,212.25,78.99,22.44
2021-01-21 21:00:00,135.92,227.33,81.52,21.44
2021-01-21 22:00:00,144.35,250.93,83.99,20.51
2021-01-21 23:00:00,147.77,247.22,85.3,19.88
2021-01-22 00:00:00,174.75,270.0,85.4,19.17
2021-01-22 01:00:00,156.65,216.38,84.19,18.55
2021-01-22 02:00:00,130.09,167.19,83.32,18.17
2021-01-22 03:00:00,117.85,159.25,82.93,17.82
2021-01-22 04:00:00,105.89,146.54,82.17,17.52
2021-01-22 05:00:00,100.39,139.31,81.43,17.14
2021-01-22 06:00:00,92.59,123.67,81.73,17.11
2021-01-22 07:00:00,85.54,156.0,81.72,17.2
2021-01-22 08:00:00,94.28,243.07,76.47,19.52
2021-01-22 09:00:00,119.99,274.79,60.23,24.48
2021-01-22 10:00:00,154.38,309.69,50.2,27.55
2021-01-22 11:00:00,149.59,269.88,47.06,29.05
2021-01-22 12:00:00,148.08,301.44,45.22,30.55
2021-01-22 13:00:00,134.16,261.92,44.87,31.23
2021-01-22 14:00:00,131.15,232.3,46.91,31.09
2021-01-22 15:00:00,111.62,204.17,49.55,30.76
2021-01-22 16:00:00,107.23,182.88,55.4,29.01
2021-01-22 17:00:00,102.37,172.45,63.54,27.11
2021-01-22 18:00:00,139.83,215.95,69.8,25.0
2021-01-22 19:00:00,168.83,268.63,75.73,23.66
2021-01-22 20:00:00,183.92,303.67,79.39,22.7
2021-01-22 21:00:00,184.08,341.3,79.95,22.05
2021-01-22 22:00:00,155.4,258.93,77.08,21.41
2021-01-22 23:00:00,127.17,211.88,78.98,20.82
2021-01-23 00:00:00,152.59,276.97,79.49,20.24
2021-01-23 01:00:00,103.17,171.71,78.5,19.75
2021-01-23 02:00:00,88.82,117.17,78.9,19.31
2021-01-23 03:00:00,79.7,107.36,81.07,19.01
2021-01-23 04:00:00,97.45,149.12,82.93,18.75
2021-01-23 05:00:00,105.46,152.91,84.53,18.58
2021-01-23 06:00:00,104.16,143.45,86.01,18.4
2021-01-23 07:00:00,131.68,201.46,86.22,18.35
2021-01-23 08:00:00,131.24,250.96,78.53,20.57
2021-01-23 09:00:00,152.0,321.0,58.02,24.84
2021-01-23 10:00:00,183.37,312.4,51.0,28.23
2021-01-23 11:00:00,198.0,408.49,46.46,30.02
2021-01-23 12:00:00,159.33,318.12,41.92,32.26
2021-01-23 13:00:00,130.17,261.45,36.46,33.48
2021-01-23 14:00:00,94.83,182.57,43.53,32.44
2021-01-23 15:00:00,115.25,211.48,42.84,32.14
2021-01-23 16:00:00,104.01,185.16,49.58,30.44
2021-01-23 17:00:00,114.98,208.92,57.9,28.37
2021-01-23 18:00:00,99.39,186.12,65.15,25.61
2021-01-23 19:00:00,86.94,175.45,79.69,23.73
2021-01-23 20:00:00,80.47,164.0,83.02,22.51
2021-01-23 21:00:00,94.0,176.0,83.28,21.84
2021-01-23 22:00:00,95.69,192.0,83.8,21.37
2021-01-23 23:00:00,66.84673286713287,160.89545480146438,65.68451067369004,26.877576357466065
2021-01-24 00:00:00,101.53,190.83,83.38,20.04
2021-01-24 01:00:00,66.84673286713287,160.89545480146438,65.68451067369004,26.877576357466065
2021-01-24 02:00:00,95.0,162.0,84.46,18.73
2021-01-24 03:00:00,74.72,123.75,82.59,18.38
2021-01-24 04:00:00,66.84673286713287,160.89545480146438,65.68451067369004,26.877576357466065
2021-01-24 05:00:00,66.84673286713287,160.89545480146438,65.68451067369004,26.877576357466065
2021-01-24 06:00:00,66.84673286713287,160.89545480146438,65.68451067369004,26.877576357466065
2021-01-24 07:00:00,66.84673286713287,160.89545480146438,65.68451067369004,26.877576357466065
2021-01-24 08:00:00,66.84673286713287,160.89545480146438,65.68451067369004,26.877576357466065
2021-01-24 09:00:00,95.0,265.0,55.81,26.73
2021-01-24 10:00:00,106.13,263.08,50.31,28.6
2021-01-24 11:00:00,112.53,260.13,47.5,29.4
2021-01-24 12:00:00,85.32,197.71,40.81,30.62
2021-01-24 13:00:00,57.95,132.9,40.3,31.55
2021-01-24 14:00:00,44.02,104.2,47.16,30.42
2021-01-24 15:00:00,50.4,117.38,49.22,29.79
2021-01-24 16:00:00,55.61,121.82,46.21,28.83
2021-01-24 17:00:00,43.08,100.98,50.27,27.6
2021-01-24 18:00:00,49.38,122.04,60.17,25.09
2021-01-24 19:00:00,49.08,148.76,71.29,23.41
2021-01-24 20:00:00,57.3,214.25,73.55,22.59
2021-01-24 21:00:00,78.3,262.04,74.58,21.58
2021-01-24 22:00:00,86.46,279.28,78.45,20.65
2021-01-24 23:00:00,80.54,250.29,81.62,19.76
2021-01-25 00:00:00,83.71,242.32,83.51,19.02
2021-01-25 01:00:00,95.06,232.42,83.52,18.36
2021-01-25 02:00:00,90.47,204.35,83.7,17.77
2021-01-25 03:00:00,90.0,190.0,84.06,17.11
2021-01-25 04:00:00,80.78,174.72,83.9,16.7
2021-01-25 05:00:00,81.84,188.33,84.8,16.5
2021-01-25 06:00:00,84.78,180.38,84.97,16.28
2021-01-25 07:00:00,83.16,214.46,84.56,16.48
2021-01-25 08:00:00,83.0,265.68,76.95,18.67
2021-01-25 09:00:00,84.84,245.03,62.53,23.15
2021-01-25 10:00:00,110.75,317.56,49.89,26.23
2021-01-25 11:00:00,123.15,340.11,42.38,27.76
2021-01-25 12:00:00,87.09,275.43,36.38,29.92
2021-01-25 13:00:00,75.7,233.65,38.26,30.27
2021-01-25 14:00:00,75.93,237.73,39.3,29.87
2021-01-25 15:00:00,67.65,218.86,38.88,29.32
2021-01-25 16:00:00,64.24,185.52,43.23,28.12
2021-01-25 17:00:00,68.61,207.88,52.01,26.86
2021-01-25 18:00:00,81.95,242.44,64.69,23.86
2021-01-25 19:00:00,83.0,243.04,71.91,22.56
2021-01-25 20:00:00,93.15,249.69,71.62,22.1
2021-01-25 21:00:00,107.0,276.0,71.63,21.23
2021-01-25 22:00:00,119.0,287.5,75.55,20.38
2021-01-25 23:00:00,120.0,275.56,79.45,19.35
2021-01-26 00:00:00,126.45,273.09,82.31,18.57
2021-01-26 01:00:00,122.4,249.12,83.11,17.86
2021-01-26 02:00:00,109.94,218.29,83.61,17.39
2021-01-26 03:00:00,122.84,230.4,84.49,17.03
2021-01-26 04:00:00,106.53,206.16,85.03,16.74
2021-01-26 05:00:00,102.23,185.89,84.73,16.51
2021-01-26 06:00:00,101.16,185.91,85.12,16.24
2021-01-26 07:00:00,106.53,328.35,85.02,16.06
2021-01-26 08:00:00,86.53,201.25,79.28,18.21
2021-01-26 09:00:00,109.91,253.28,61.47,22.85
2021-01-26 10:00:00,103.67,248.36,45.75,26.83
2021-01-26 11:00:00,102.08,246.09,43.24,27.51
2021-01-26 12:00:00,108.46,276.57,41.88,28.78
2021-01-26 13:00:00,94.2,249.25,46.78,28.11
2021-01-26 14:00:00,82.85,221.25,46.64,28.1
2021-01-26 15:00:00,75.56,197.07,46.9,28.31
2021-01-26 16:00:00,74.08,196.96,50.04,27.09
2021-01-26 17:00:00,81.36,193.18,56.39,26.03
2021-01-26 18:00:00,79.24,202.55,70.42,23.21
2021-01-26 19:00:00,106.64,218.28,74.59,21.89
2021-01-26 20:00:00,96.01,202.66,77.52,20.89
2021-01-26 21:00:00,112.61,216.33,82.5,19.61
2021-01-26 22:00:00,125.03,235.15,84.63,18.89
2021-01-26 23:00:00,151.9,279.95,85.17,18.3
2021-01-27 00:00:00,141.1,260.03,85.84,17.59
2021-01-27 01:00:00,123.39,195.95,86.83,16.96
2021-01-27 02:00:00,119.23,193.0,87.81,16.51
2021-01-27 03:00:00,121.78,190.13,88.42,16.18
2021-01-27 04:00:00,122.0,193.82,88.85,15.83
2021-01-27 05:00:00,122.92,189.22,89.25,15.46
2021-01-27 06:00:00,112.89,172.76,89.47,15.33
2021-01-27 07:00:00,124.88,220.88,88.35,15.48
2021-01-27 08:00:00,112.16,271.72,82.12,17.79
2021-01-27 09:00:00,122.03,270.18,64.35,23.09
2021-01-27 10:00:00,136.8,279.57,51.27,26.44
2021-01-27 11:00:00,110.41,227.0,47.99,27.62
2021-01-27 12:00:00,124.55,270.95,42.21,29.62
2021-01-27 13:00:00,88.17,185.11,45.19,28.89
2021-01-27 14:00:00,80.4,204.96,44.43,29.27
2021-01-27 15:00:00,76.31,169.7,42.21,29.55
2021-01-27 16:00:00,72.31,152.72,48.35,28.84
2021-01-27 17:00:00,67.39,153.91,55.02,27.1
2021-01-27 18:00:00,82.64,163.55,67.97,23.79
2021-01-27 19:00:00,104.23,213.68,78.49,21.37
2021-01-27 20:00:00,114.3,230.33,80.97,20.31
2021-01-27 21:00:00,111.31,232.83,80.28,19.7
2021-01-27 22:00:00,120.22,243.51,83.07,18.91
2021-01-27 23:00:00,128.36,271.79,84.38,18.28
2021-01-28 00:00:00,126.24,228.92,85.19,17.65
2021-01-28 01:00:00,119.56,197.38,86.43,17.12
2021-01-28 02:00:00,129.2,210.33,87.26,16.59
2021-01-28 03:00:00,122.64,186.16,87.85,16.27
2021-01-28 04:00:00,120.16,181.18,88.26,15.94
2021-01-28 05:00:00,121.84,165.72,88.54,15.55
2021-01-28 06:00:00,115.56,172.0,89.24,15.43
2021-01-28 07:00:00,130.63,217.04,88.94,15.68
2021-01-28 08:00:00,139.38,310.72,82.75,17.9
2021-01-28 09:00:00,143.68,298.76,66.76,22.38
2021-01-28 10:00:00,160.59,309.47,53.04,26.5
2021-01-28 11:00:00,142.69,283.25,45.75,28.21
2021-01-28 12:00:00,116.12,248.56,41.91,29.76
2021-01-28 13:00:00,95.55,187.77,46.19,29.45
2021-01-28 14:00:00,108.72,240.41,46.43,29.1
2021-01-28 15:00:00,80.57,189.5,43.65,29.97
2021-01-28 16:00:00,78.0,162.1,48.61,28.75
2021-01-28 17:00:00,80.76,158.08,60.71,26.18
2021-01-28 18:00:00,92.88,177.17,72.31,23.28
2021-01-28 19:00:00,106.88,188.51,78.45,21.45
2021-01-28 20:00:00,105.23,210.98,81.9,20.31
2021-01-28 21:00:00,124.31,251.17,83.14,19.45
2021-01-28 22:00:00,129.68,241.53,86.07,18.67
2021-01-28 23:00:00,141.03,265.84,86.39,17.95
2021-01-29 00:00:00,135.57,233.62,86.62,17.21
2021-01-29 01:00:00,128.55,219.58,87.14,16.56
2021-01-29 02:00:00,133.53,206.62,87.67,16.03
2021-01-29 03:00:00,126.6,192.62,87.69,15.59
2021-01-29 04:00:00,112.12,159.47,87.61,15.33
2021-01-29 05:00:00,107.31,163.75,88.0,15.03
2021-01-29 06:00:00,110.68,170.68,88.06,15.05
2021-01-29 07:00:00,118.36,226.41,86.78,15.31
2021-01-29 08:00:00,119.92,274.86,80.34,17.86
2021-01-29 09:00:00,141.31,345.78,62.72,23.18
2021-01-29 10:00:00,172.43,338.49,51.28,26.4
2021-01-29 11:00:00,163.05,330.66,46.77,28.63
2021-01-29 12:00:00,140.85,275.55,42.31,30.52
2021-01-29 13:00:00,118.77,244.34,40.17,30.92
2021-01-29 14:00:00,96.65,220.07,45.76,30.06
2021-01-29 15:00:00,93.15,210.4,44.15,29.68
2021-01-29 16:00:00,72.77,176.56,48.48,29.31
2021-01-29 17:00:00,68.23,150.08,50.25,27.46
2021-01-29 18:00:00,72.6,153.79,61.0,24.86
2021-01-29 19:00:00,85.92,183.53,70.5,22.66
2021-01-29 20:00:00,101.72,232.83,75.71,21.3
2021-01-29 21:00:00,119.55,293.28,78.96,20.23
2021-01-29 22:00:00,109.98,230.0,81.95,19.39
2021-01-29 23:00:00,117.3,236.69,83.41,18.81
2021-01-30 00:00:00,113.4,217.93,85.03,18.0
2021-01-30 01:00:00,108.41,190.25,86.61,17.43
2021-01-30 02:00:00,117.2,183.25,86.78,16.84
2021-01-30 03:00:00,95.16,156.25,86.34,16.65
2021-01-30 04:00:00,106.8,178.88,85.97,16.57
2021-01-30 05:00:00,102.48,163.76,86.51,16.22
2021-01-30 06:00:00,98.32,163.0,86.06,16.22
2021-01-30 07:00:00,97.08,175.42,85.95,16.48
2021-01-30 08:00:00,121.83,255.05,79.03,18.94
2021-01-30 09:00:00,110.2,243.72,59.68,24.82
2021-01-30 10:00:00,117.28,252.58,46.13,28.89
2021-01-30 11:00:00,108.8,235.8,40.48,30.53
2021-01-30 12:00:00,96.97,219.71,38.73,30.79
2021-01-30 13:00:00,108.88,251.48,33.83,32.52
2021-01-30 14:00:00,60.34,155.55,28.58,32.55
2021-01-30 15:00:00,45.92,128.14,27.76,32.23
2021-01-30 16:00:00,31.18,91.78,35.51,31.06
2021-01-30 17:00:00,64.95,130.12,51.23,27.74
2021-01-30 18:00:00,68.92,147.28,56.61,25.19
2021-01-30 19:00:00,70.84,160.42,62.96,23.43
2021-01-30 20:00:00,78.4,177.29,62.62,22.34
2021-01-30 21:00:00,94.64,208.67,64.93,21.4
2021-01-30 22:00:00,118.07,270.19,68.42,20.45
2021-01-30 23:00:00,94.25,202.3,69.55,19.61
2021-01-31 00:00:00,100.31,215.19,68.94,18.77
2021-01-31 01:00:00,86.31,175.88,70.08,18.02
2021-01-31 02:00:00,70.28,124.32,68.83,17.58
2021-01-31 03:00:00,62.54,95.25,68.97,17.26
2021-01-31 04:00:00,48.16,104.51,70.82,16.98
2021-01-31 05:00:00,54.4,95.42,72.5,16.82
2021-01-31 06:00:00,67.85,123.66,72.49,16.87
2021-01-31 07:00:00,85.55,156.53,73.7,16.85
2021-01-31 08:00:00,27.96,147.51,67.72,19.54
2021-01-31 09:00:00,66.84673286713287,251.13,53.21,25.05
2021-01-31 10:00:00,66.84673286713287,333.14,39.29,29.77
2021-01-31 11:00:00,66.84673286713287,254.84,35.44,31.02
2021-01-31 12:00:00,76.0,196.0,36.14,31.59
2021-01-31 13:00:00,76.92,183.58,37.99,31.8
2021-01-31 14:00:00,68.67,168.67,40.76,30.86
2021-01-31 15:00:00,65.24,132.65,38.77,31.13
2021-01-31 16:00:00,56.75,111.0,43.06,29.64
2021-01-31 17:00:00,58.75,132.0,50.1,27.67
2021-01-31 18:00:00,63.6,135.83,56.33,25.28
2021-01-31 19:00:00,55.72,124.5,59.08,23.69
2021-01-31 20:00:00,77.95,154.57,59.52,22.45
2021-01-31 21:00:00,77.24,153.13,62.61,21.96
2021-01-31 22:00:00,113.78,216.25,67.3,21.16
2021-01-31 23:00:00,124.4,261.29,70.35,20.52
2021-02-01 00:00:00,112.09,247.71,74.3,19.93
2021-02-01 01:00:00,101.83,202.1,75.56,19.6
2021-02-01 02:00:00,101.0,194.25,77.8,19.28
2021-02-01 03:00:00,101.92,174.89,79.08,19.02
2021-02-01 04:00:00,98.3,156.75,77.99,19.27
2021-02-01 05:00:00,66.84673286713287,190.28,74.74,19.97
2021-02-01 06:00:00,66.84673286713287,209.25,76.95,20.06
2021-02-01 07:00:00,66.84673286713287,272.86,78.25,20.42
2021-02-01 08:00:00,66.84673286713287,326.63,70.41,22.94
2021-02-01 09:00:00,66.84673286713287,353.79,51.75,27.2
2021-02-01 10:00:00,66.84673286713287,859.0,43.0,30.29
2021-02-01 11:00:00,66.84673286713287,160.89545480146438,40.85,31.14
2021-02-01 12:00:00,66.84673286713287,160.89545480146438,39.01,32.58
2021-02-01 13:00:00,66.84673286713287,160.89545480146438,35.46,33.7
2021-02-01 14:00:00,66.84673286713287,160.89545480146438,31.23,34.46
2021-02-01 15:00:00,66.84673286713287,160.89545480146438,45.01,32.06
2021-02-01 16:00:00,66.84673286713287,160.89545480146438,56.57,29.67
2021-02-01 17:00:00,66.84673286713287,160.89545480146438,59.01,28.36
2021-02-01 18:00:00,66.84673286713287,160.89545480146438,66.24,26.22
2021-02-01 19:00:00,66.84673286713287,160.89545480146438,73.12,24.76
2021-02-01 20:00:00,66.84673286713287,160.89545480146438,75.62,23.93
2021-02-01 21:00:00,66.84673286713287,160.89545480146438,76.31,23.54
2021-02-01 22:00:00,66.84673286713287,160.89545480146438,75.57,23.56
2021-02-01 23:00:00,66.84673286713287,160.89545480146438,77.08,22.83
2021-02-02 00:00:00,66.84673286713287,160.89545480146438,79.03,22.29
2021-02-02 01:00:00,66.84673286713287,160.89545480146438,80.72,21.8
2021-02-02 02:00:00,66.84673286713287,160.89545480146438,81.63,21.59
2021-02-02 03:00:00,66.84673286713287,160.89545480146438,80.83,21.26
2021-02-02 04:00:00,66.84673286713287,160.89545480146438,77.38,20.77
2021-02-02 05:00:00,66.84673286713287,160.89545480146438,74.78,20.78
2021-02-02 06:00:00,66.84673286713287,160.89545480146438,59.53,22.78
2021-02-02 07:00:00,66.84673286713287,160.89545480146438,45.9,25.17
2021-02-02 08:00:00,66.84673286713287,160.89545480146438,41.17,26.8
2021-02-02 09:00:00,66.84673286713287,160.89545480146438,36.19,28.91
2021-02-02 10:00:00,66.84673286713287,160.89545480146438,32.05,30.56
2021-02-02 11:00:00,66.84673286713287,160.89545480146438,31.7,31.67
2021-02-02 12:00:00,66.84673286713287,160.89545480146438,28.0,33.73
2021-02-02 13:00:00,66.84673286713287,143.0,24.13,34.74
2021-02-02 14:00:00,36.0,101.0,18.88,35.46
2021-02-02 15:00:00,30.48,68.52,16.27,36.39
2021-02-02 16:00:00,26.3,74.64,25.91,34.43
2021-02-02 17:00:00,44.33,145.47,48.98,29.88
2021-02-02 18:00:00,64.5,172.68,52.68,26.89
2021-02-02 19:00:00,95.6,186.48,62.11,25.18
2021-02-02 20:00:00,86.05,171.71,66.59,24.08
2021-02-02 21:00:00,84.08,174.83,70.48,22.93
2021-02-02 22:00:00,85.85,166.4,73.59,22.19
2021-02-02 23:00:00,116.53,259.64,75.84,21.59
2021-02-03 00:00:00,118.08,241.07,76.53,20.86
2021-02-03 01:00:00,95.87,163.81,75.44,20.39
2021-02-03 02:00:00,98.61,151.43,75.49,19.92
2021-02-03 03:00:00,89.0,139.0,73.82,19.47
2021-02-03 04:00:00,80.74,112.33,72.94,19.2
2021-02-03 05:00:00,72.67,114.81,72.31,18.98
2021-02-03 06:00:00,72.92,120.76,73.09,18.79
2021-02-03 07:00:00,82.17,175.45,73.9,18.66
2021-02-03 08:00:00,68.25,196.09,67.37,21.39
2021-02-03 09:00:00,84.47,250.5,47.62,27.88
2021-02-03 10:00:00,96.08,242.53,32.21,30.6
2021-02-03 11:00:00,56.3,128.0,28.33,31.33
2021-02-03 12:00:00,55.53,142.67,26.6,32.08
2021-02-03 13:00:00,52.3,152.6,25.67,32.58
2021-02-03 14:00:00,52.92,164.47,27.32,32.01
2021-02-03 15:00:00,52.08,160.24,29.05,31.57
2021-02-03 16:00:00,49.24,115.1,31.32,31.24
2021-02-03 17:00:00,51.77,121.57,36.5,29.41
2021-02-03 18:00:00,47.42,120.08,44.06,27.59
2021-02-03 19:00:00,56.22,145.75,52.62,25.41
2021-02-03 20:00:00,67.08,156.53,58.87,23.91
2021-02-03 21:00:00,80.03,245.17,64.39,23.08
2021-02-03 22:00:00,89.33,203.0,67.97,22.68
2021-02-03 23:00:00,89.07,182.91,70.44,21.92
2021-02-04 00:00:00,73.32,144.73,71.95,21.22
2021-02-04 01:00:00,86.75,156.39,73.03,20.54
2021-02-04 02:00:00,82.47,133.11,73.03,20.01
2021-02-04 03:00:00,70.97,111.94,72.62,19.98
2021-02-04 04:00:00,78.25,152.08,72.61,19.39
2021-02-04 05:00:00,67.9,99.53,74.08,19.19
2021-02-04 06:00:00,78.92,139.99,75.98,18.84
2021-02-04 07:00:00,81.84,160.15,75.79,18.95
2021-02-04 08:00:00,101.42,306.67,68.5,21.52
2021-02-04 09:00:00,82.71,226.05,49.16,27.18
2021-02-04 10:00:00,81.0,190.47,37.79,30.23
2021-02-04 11:00:00,57.02,131.86,31.66,32.01
2021-02-04 12:00:00,47.64,95.56,29.36,32.54
2021-02-04 13:00:00,47.0,104.0,44.78,30.48
2021-02-04 14:00:00,70.83,190.67,42.17,30.91
2021-02-04 15:00:00,89.6,169.12,40.37,31.08
2021-02-04 16:00:00,95.61,167.05,43.17,29.67
2021-02-04 17:00:00,89.55,173.71,49.92,28.19
2021-02-04 18:00:00,78.86,169.24,58.64,25.65
2021-02-04 19:00:00,75.24,164.24,68.47,24.12
2021-02-04 20:00:00,76.83,160.36,73.39,23.14
2021-02-04 21:00:00,84.36,185.88,77.57,22.02
2021-02-04 22:00:00,97.91,204.22,79.18,21.48
2021-02-04 23:00:00,115.6,240.46,76.3,21.07
2021-02-05 00:00:00,139.92,286.91,74.17,20.38
2021-02-05 01:00:00,133.7,241.08,76.52,19.69
2021-02-05 02:00:00,99.8,156.82,74.93,19.84
2021-02-05 03:00:00,86.92,139.67,75.17,20.38
2021-02-05 04:00:00,69.4,121.86,78.38,20.02
2021-02-05 05:00:00,70.77,117.17,81.09,19.33
2021-02-05 06:00:00,74.69,123.71,81.97,18.57
2021-02-05 07:00:00,86.07,166.05,77.84,19.09
2021-02-05 08:00:00,88.84,186.16,67.37,21.8
2021-02-05 09:00:00,93.61,204.14,51.59,26.23
2021-02-05 10:00:00,92.16,213.6,44.61,28.47
2021-02-05 11:00:00,94.77,221.65,40.61,29.25
2021-02-05 12:00:00,70.1,173.27,36.17,30.63
2021-02-05 13:00:00,55.17,136.61,42.71,30.15
2021-02-05 14:00:00,71.52,170.35,42.09,30.48
2021-02-05 15:00:00,63.78,140.47,38.69,30.87
2021-02-05 16:00:00,52.86,138.05,37.95,30.13
2021-02-05 17:00:00,47.0,117.0,44.31,28.11
2021-02-05 18:00:00,55.3,122.73,49.6,26.06
2021-02-05 19:00:00,60.61,151.57,61.22,24.28
2021-02-05 20:00:00,67.42,152.05,63.64,23.38
2021-02-05 21:00:00,75.38,164.42,66.23,22.02
2021-02-05 22:00:00,82.45,199.28,68.15,21.05
2021-02-05 23:00:00,94.99,219.21,63.32,20.44
2021-02-06 00:00:00,86.75,179.82,59.29,20.06
2021-02-06 01:00:00,77.7,150.29,59.46,19.59
2021-02-06 02:00:00,69.67,104.1,65.24,18.86
2021-02-06 03:00:00,85.6,146.08,67.66,18.54
2021-02-06 04:00:00,93.45,176.67,59.18,19.19
2021-02-06 05:00:00,73.71,158.0,57.14,19.28
2021-02-06 06:00:00,72.0,160.82,62.17,18.86
2021-02-06 07:00:00,110.73,230.75,63.91,18.76
2021-02-06 08:00:00,108.5,302.78,49.12,22.64
2021-02-06 09:00:00,69.38,181.78,37.03,27.1
2021-02-06 10:00:00,47.42,136.19,33.0,28.82
2021-02-06 11:00:00,40.31,139.62,31.95,30.21
2021-02-06 12:00:00,47.38,147.62,29.97,31.88
2021-02-06 13:00:00,48.0,112.64,28.64,32.37
2021-02-06 14:00:00,48.0,130.0,25.61,33.75
2021-02-06 15:00:00,42.47,105.25,33.1,32.84
2021-02-06 16:00:00,48.45,133.53,39.82,31.33
2021-02-06 17:00:00,59.14,122.62,45.24,29.14
2021-02-06 18:00:00,65.5,157.46,48.26,27.12
2021-02-06 19:00:00,66.92,171.38,56.73,25.06
2021-02-06 20:00:00,86.25,217.87,63.03,23.62
2021-02-06 21:00:00,100.91,233.38,61.88,23.02
2021-02-06 22:00:00,98.32,199.56,58.27,22.53
2021-02-06 23:00:00,93.39,175.0,57.25,21.95
2021-02-07 00:00:00,101.25,213.18,50.95,22.49
2021-02-07 01:00:00,75.42,170.09,42.45,23.96
2021-02-07 02:00:00,48.02,101.11,38.88,24.63
2021-02-07 03:00:00,40.48,84.65,38.0,24.52
2021-02-07 04:00:00,44.57,84.96,37.71,23.92
2021-02-07 05:00:00,36.0,84.0,37.5,23.45
2021-02-07 06:00:00,35.08,74.47,38.43,23.03
2021-02-07 07:00:00,41.45,120.82,40.77,22.34
2021-02-07 08:00:00,38.31,119.18,38.53,24.61
2021-02-07 09:00:00,34.31,111.38,32.42,27.95
2021-02-07 10:00:00,34.91,99.53,28.87,30.33
2021-02-07 11:00:00,41.72,108.05,28.69,30.36
2021-02-07 12:00:00,49.44,139.58,27.28,31.8
2021-02-07 13:00:00,42.69,113.29,25.02,33.32
2021-02-07 14:00:00,40.17,84.26,23.02,34.44
2021-02-07 15:00:00,34.5,89.67,24.69,34.64
2021-02-07 16:00:00,37.0,81.0,34.77,31.9
2021-02-07 17:00:00,36.09,90.58,33.22,30.59
2021-02-07 18:00:00,43.38,98.67,42.59,27.45
2021-02-07 19:00:00,64.17,164.17,51.09,24.96
2021-02-07 20:00:00,69.69,165.09,57.43,23.57
2021-02-07 21:00:00,75.52,171.69,59.77,22.66
2021-02-07 22:00:00,95.25,210.22,54.13,22.95
2021-02-07 23:00:00,94.24,187.57,54.04,22.22
2021-02-08 00:00:00,85.72,160.13,60.8,21.02
2021-02-08 01:00:00,92.38,190.43,63.87,20.47
2021-02-08 02:00:00,105.87,201.58,64.79,20.1
2021-02-08 03:00:00,102.39,197.21,52.88,21.52
2021-02-08 04:00:00,73.41,137.75,39.59,23.87
2021-02-08 05:00:00,47.95,83.0,42.01,22.88
2021-02-08 06:00:00,50.62,160.89545480146438,43.7,22.31
2021-02-08 07:00:00,43.64,160.89545480146438,44.59,22.2
2021-02-08 08:00:00,58.63,160.89545480146438,42.75,24.33
2021-02-08 09:00:00,61.84,160.89545480146438,33.15,28.34
2021-02-08 10:00:00,53.73,160.89545480146438,28.11,29.17
2021-02-08 11:00:00,48.42,160.89545480146438,26.97,30.37
2021-02-08 12:00:00,49.84,160.89545480146438,24.2,32.28
2021-02-08 13:00:00,47.23,160.89545480146438,21.2,33.73
2021-02-08 14:00:00,32.24,160.89545480146438,19.96,34.61
2021-02-08 15:00:00,31.92,160.89545480146438,20.83,34.61
2021-02-08 16:00:00,41.22,160.89545480146438,28.26,32.66
2021-02-08 17:00:00,37.42,160.89545480146438,34.77,30.36
2021-02-08 18:00:00,44.34,160.89545480146438,47.77,26.68
2021-02-08 19:00:00,49.61,160.89545480146438,44.36,25.3
2021-02-08 20:00:00,51.83,160.89545480146438,44.98,24.36
2021-02-08 21:00:00,57.48,160.89545480146438,48.92,23.2
2021-02-08 22:00:00,77.37,160.89545480146438,53.57,22.09
2021-02-08 23:00:00,78.08,160.89545480146438,52.05,21.25
2021-02-09 00:00:00,92.72,160.89545480146438,55.78,20.34
2021-02-09 01:00:00,85.66,160.89545480146438,59.28,19.62
2021-02-09 02:00:00,76.67,160.89545480146438,62.28,18.96
2021-02-09 03:00:00,68.67,160.89545480146438,64.22,18.41
2021-02-09 04:00:00,66.16,160.89545480146438,66.35,18.14
2021-02-09 05:00:00,60.5,160.89545480146438,65.34,18.47
2021-02-09 06:00:00,68.25,142.0,64.62,18.27
2021-02-09 07:00:00,78.19,182.04,64.07,18.42
2021-02-09 08:00:00,92.79,359.24,57.48,22.07
2021-02-09 09:00:00,117.91,319.43,39.91,27.85
2021-02-09 10:00:00,110.83,254.89,26.45,30.85
2021-02-09 11:00:00,53.17,140.0,20.16,32.4
2021-02-09 12:00:00,35.21,91.27,17.66,33.62
2021-02-09 13:00:00,41.31,122.44,18.91,34.11
2021-02-09 14:00:00,42.91,99.13,29.48,32.33
2021-02-09 15:00:00,71.52,175.44,32.31,32.73
2021-02-09 16:00:00,65.05,163.89,35.23,31.16
2021-02-09 17:00:00,64.91,139.11,36.58,29.88
2021-02-09 18:00:00,62.26,134.19,43.86,26.98
2021-02-09 19:00:00,49.17,129.24,55.13,24.64
2021-02-09 20:00:00,70.84,162.37,58.69,23.22
2021-02-09 21:00:00,85.88,192.57,62.68,22.28
2021-02-09 22:00:00,103.45,228.62,65.23,21.65
2021-02-09 23:00:00,108.67,208.11,63.93,20.7
2021-02-10 00:00:00,113.55,302.24,63.21,19.9
2021-02-10 01:00:00,86.33,189.47,63.98,19.11
2021-02-10 02:00:00,66.52,115.0,63.5,18.48
2021-02-10 03:00:00,53.12,87.16,63.59,18.04
2021-02-10 04:00:00,46.52,74.53,65.5,17.54
2021-02-10 05:00:00,47.84,68.27,65.57,17.19
2021-02-10 06:00:00,48.0,70.73,66.09,16.97
2021-02-10 07:00:00,58.12,136.74,65.35,17.2
2021-02-10 08:00:00,79.23,255.24,59.48,20.75
2021-02-10 09:00:00,94.7,284.89,41.12,27.42
2021-02-10 10:00:00,135.53,301.29,32.4,30.44
2021-02-10 11:00:00,110.48,227.72,32.39,30.87
2021-02-10 12:00:00,117.19,264.0,33.25,31.44
2021-02-10 13:00:00,101.45,253.58,36.11,31.68
2021-02-10 14:00:00,83.45,184.2,36.05,31.82
2021-02-10 15:00:00,78.33,166.67,38.2,31.3
2021-02-10 16:00:00,80.76,170.56,45.71,29.96
2021-02-10 17:00:00,78.24,145.2,56.76,28.19
2021-02-10 18:00:00,87.14,127.75,68.08,25.59
2021-02-10 19:00:00,132.0,202.49,72.34,23.99
2021-02-10 20:00:00,174.62,277.43,73.36,23.51
2021-02-10 21:00:00,154.17,224.81,78.06,22.07
2021-02-10 22:00:00,167.53,228.69,80.54,21.33
2021-02-10 23:00:00,170.83,258.66,79.56,20.75
2021-02-11 00:00:00,165.51,247.31,80.06,19.8
2021-02-11 01:00:00,133.94,185.8,76.81,19.02
2021-02-11 02:00:00,113.7,164.84,75.47,18.52
2021-02-11 03:00:00,95.54,133.42,73.66,17.99
2021-02-11 04:00:00,69.33,94.73,72.24,17.91
2021-02-11 05:00:00,65.16,131.22,72.6,17.68
2021-02-11 06:00:00,79.67,136.81,74.47,17.34
2021-02-11 07:00:00,86.48,180.67,75.59,17.65
2021-02-11 08:00:00,100.7,282.49,68.16,20.33
2021-02-11 09:00:00,129.67,303.19,51.4,25.93
2021-02-11 10:00:00,127.43,262.91,36.21,30.4
2021-02-11 11:00:00,91.0,206.0,29.05,32.45
2021-02-11 12:00:00,70.31,149.0,24.89,33.55
2021-02-11 13:00:00,66.84673286713287,160.89545480146438,65.68451067369004,26.877576357466065
2021-02-11 14:00:00,66.0,160.89545480146438,65.68451067369004,26.877576357466065
2021-02-11 15:00:00,66.84673286713287,160.89545480146438,33.45,33.07
2021-02-11 16:00:00,68.0,156.0,36.37,32.32
2021-02-11 17:00:00,73.47,162.69,40.89,29.62
2021-02-11 18:00:00,67.61,143.89,42.95,27.24
2021-02-11 19:00:00,66.08,153.51,55.46,24.65
2021-02-11 20:00:00,89.83,194.95,64.71,23.4
2021-02-11 21:00:00,107.63,232.35,68.59,22.46
2021-02-11 22:00:00,114.52,251.2,71.39,21.64
2021-02-11 23:00:00,117.73,273.87,70.72,20.93
2021-02-12 00:00:00,101.61,199.1,71.22,20.31
2021-02-12 01:00:00,106.39,203.57,71.71,19.74
2021-02-12 02:00:00,94.21,152.57,71.84,19.41
2021-02-12 03:00:00,93.92,133.75,70.27,18.91
2021-02-12 04:00:00,81.25,114.84,69.77,18.78
2021-02-12 05:00:00,87.31,116.87,70.3,18.8
2021-02-12 06:00:00,102.57,211.6,70.01,18.54
2021-02-12 07:00:00,83.77,177.78,71.32,18.58
2021-02-12 08:00:00,101.19,256.27,67.78,21.04
2021-02-12 09:00:00,136.0,370.21,52.92,26.05
2021-02-12 10:00:00,151.87,324.36,41.62,29.44
2021-02-12 11:00:00,123.67,244.86,35.86,31.88
2021-02-12 12:00:00,107.21,228.62,36.66,32.18
2021-02-12 13:00:00,106.0,230.87,44.58,31.05
2021-02-12 14:00:00,107.83,217.62,47.25,30.68
2021-02-12 15:00:00,85.02,181.65,44.27,30.73
2021-02-12 16:00:00,66.55,131.71,44.88,30.46
2021-02-12 17:00:00,51.3,117.44,48.1,28.81
2021-02-12 18:00:00,59.93,160.89545480146438,65.68451067369004,26.877576357466065
2021-02-12 19:00:00,76.0,160.89545480146438,65.68451067369004,26.877576357466065
2021-02-12 20:00:00,89.24,160.89545480146438,65.68451067369004,26.877576357466065
2021-02-12 21:00:00,117.0,160.89545480146438,78.43,22.52
2021-02-12 22:00:00,113.31,182.0,79.95,22.03
2021-02-12 23:00:00,121.22,197.29,80.48,21.33
2021-02-13 00:00:00,108.34,182.76,81.61,20.51
2021-02-13 01:00:00,96.95,155.32,78.99,19.99
2021-02-13 02:00:00,98.73,133.05,70.44,19.67
2021-02-13 03:00:00,73.42,160.89545480146438,68.5,19.32
2021-02-13 04:00:00,76.79,122.5,65.78,19.24
2021-02-13 05:00:00,68.86,90.0,68.25,18.83
2021-02-13 06:00:00,69.0,160.89545480146438,65.68451067369004,26.877576357466065
2021-02-13 07:00:00,71.47,158.23,67.19,18.46
2021-02-13 08:00:00,77.48,203.0,61.42,20.0
2021-02-13 09:00:00,107.24,295.0,38.57,28.24
2021-02-13 10:00:00,111.83,300.72,34.23,29.33
2021-02-13 11:00:00,101.03,235.07,34.4,30.47
2021-02-13 12:00:00,88.12,231.05,32.18,31.9
2021-02-13 13:00:00,54.11,138.53,39.14,31.36
2021-02-13 14:00:00,54.67,104.47,40.96,30.65
2021-02-13 15:00:00,48.61,103.0,51.5,29.3
2021-02-13 16:00:00,43.89,107.56,55.59,28.8
2021-02-13 17:00:00,33.86,100.36,60.94,27.83
2021-02-13 18:00:00,43.05,96.18,74.11,25.55
2021-02-13 19:00:00,53.11,102.67,80.42,24.48
2021-02-13 20:00:00,52.17,109.67,79.93,24.02
2021-02-13 21:00:00,55.64,126.2,81.44,23.29
2021-02-13 22:00:00,56.0,104.07,84.13,22.45
2021-02-13 23:00:00,65.14,116.35,85.0,21.73
2021-02-14 00:00:00,68.73,140.74,84.45,21.14
2021-02-14 01:00:00,78.14,145.82,82.88,20.7
2021-02-14 02:00:00,75.32,107.91,83.21,20.59
2021-02-14 03:00:00,81.44,126.96,83.1,20.53
2021-02-14 04:00:00,75.62,132.78,81.89,20.27
2021-02-14 05:00:00,65.89,100.62,82.31,20.04
2021-02-14 06:00:00,71.38,102.82,82.59,19.61
2021-02-14 07:00:00,57.38,96.33,84.66,19.62
2021-02-14 08:00:00,75.12,141.87,77.89,22.0
2021-02-14 09:00:00,66.98,163.06,65.39,25.64
2021-02-14 10:00:00,61.43,125.78,58.01,27.94
2021-02-14 11:00:00,51.86,123.05,51.05,29.41
2021-02-14 12:00:00,58.39,137.4,44.0,31.39
2021-02-14 13:00:00,80.95,181.88,45.87,31.87
2021-02-14 14:00:00,56.59,151.51,52.8,30.19
2021-02-14 15:00:00,43.98,128.98,55.53,29.87
2021-02-14 16:00:00,49.38,103.21,55.37,29.36
2021-02-14 17:00:00,55.47,113.43,60.0,27.59
2021-02-14 18:00:00,59.66,138.84,69.03,25.51
2021-02-14 19:00:00,62.75,141.91,71.81,24.37
2021-02-14 20:00:00,66.66,141.05,69.22,24.2
2021-02-14 21:00:00,66.09,145.76,70.33,23.7
2021-02-14 22:00:00,60.48,135.56,74.63,22.53
2021-02-14 23:00:00,60.91,126.45,77.71,21.71
2021-02-15 00:00:00,73.75,155.43,78.47,21.2
2021-02-15 01:00:00,70.4,134.14,75.59,21.05
2021-02-15 02:00:00,61.78,115.91,75.37,20.75
2021-02-15 03:00:00,48.25,95.0,77.43,20.49
2021-02-15 04:00:00,31.47,62.47,79.97,20.29
2021-02-15 05:00:00,31.82,61.0,81.53,20.08
2021-02-15 06:00:00,32.0,65.76,82.86,19.82
2021-02-15 07:00:00,31.09,108.86,82.44,20.3
2021-02-15 08:00:00,33.74,162.3,77.72,22.51
2021-02-15 09:00:00,61.32,165.0,66.76,25.73
2021-02-15 10:00:00,50.3,131.67,56.7,27.63
2021-02-15 11:00:00,39.86,113.81,54.88,28.21
2021-02-15 12:00:00,38.09,103.44,54.54,28.94
2021-02-15 13:00:00,35.26,106.82,57.72,29.06
2021-02-15 14:00:00,31.34,133.68,56.7,29.61
2021-02-15 15:00:00,41.02,122.58,57.99,28.68
2021-02-15 16:00:00,56.57,130.57,58.91,28.08
2021-02-15 17:00:00,81.75,170.05,67.64,26.44
2021-02-15 18:00:00,62.98,136.65,74.21,24.68
2021-02-15 19:00:00,58.27,131.19,77.03,23.67
2021-02-15 20:00:00,53.0,123.0,77.28,23.3
2021-02-15 21:00:00,56.67,129.67,79.2,22.83
2021-02-15 22:00:00,56.09,135.72,82.55,21.96
2021-02-15 23:00:00,54.17,136.0,83.59,21.55
2021-02-16 00:00:00,51.29,121.76,85.87,21.13
2021-02-16 01:00:00,52.82,96.21,87.69,20.64
2021-02-16 02:00:00,46.61,88.31,88.99,20.61
2021-02-16 03:00:00,45.09,73.72,91.03,20.64
2021-02-16 04:00:00,38.62,54.9,92.56,20.7
2021-02-16 05:00:00,27.98,50.19,93.8,20.55
2021-02-16 06:00:00,23.36,48.09,94.37,20.38
2021-02-16 07:00:00,29.38,64.24,94.7,20.59
2021-02-16 08:00:00,23.62,101.31,89.12,22.57
2021-02-16 09:00:00,28.52,81.98,76.22,25.29
2021-02-16 10:00:00,28.09,95.28,68.27,26.94
2021-02-16 11:00:00,37.11,115.11,61.67,28.17
2021-02-16 12:00:00,38.92,100.76,65.22,27.75
2021-02-16 13:00:00,39.0,115.29,66.88,27.47
2021-02-16 14:00:00,29.86,94.02,64.35,27.84
2021-02-16 15:00:00,55.58,121.58,64.4,27.47
2021-02-16 16:00:00,36.14,96.0,66.23,26.86
2021-02-16 17:00:00,34.0,87.4,70.6,25.56
2021-02-16 18:00:00,39.52,96.56,77.4,23.91
2021-02-16 19:00:00,45.47,101.76,80.43,23.32
2021-02-16 20:00:00,55.0,113.0,80.08,23.19
2021-02-16 21:00:00,62.31,133.95,76.11,22.95
2021-02-16 22:00:00,66.64,135.0,79.03,22.18
2021-02-16 23:00:00,67.0,132.15,81.69,21.6
2021-02-17 00:00:00,66.08,138.67,83.42,21.12
2021-02-17 01:00:00,65.19,111.85,84.59,20.95
2021-02-17 02:00:00,54.98,91.85,87.53,20.43
2021-02-17 03:00:00,49.45,80.52,89.22,20.22
2021-02-17 04:00:00,45.36,67.58,90.42,20.0
2021-02-17 05:00:00,40.45,63.19,91.48,19.74
2021-02-17 06:00:00,40.91,64.91,92.34,19.68
2021-02-17 07:00:00,34.62,70.72,91.62,19.9
2021-02-17 08:00:00,37.64,85.29,81.6,22.2
2021-02-17 09:00:00,36.18,106.95,69.23,25.46
2021-02-17 10:00:00,46.93,126.05,59.66,27.54
2021-02-17 11:00:00,51.64,142.29,52.15,29.04
2021-02-17 12:00:00,57.47,146.0,55.08,29.16
2021-02-17 13:00:00,38.88,118.38,60.5,28.25
2021-02-17 14:00:00,40.64,109.38,59.01,28.95
2021-02-17 15:00:00,34.62,95.71,59.29,28.49
2021-02-17 16:00:00,34.0,92.14,61.94,27.56
2021-02-17 17:00:00,52.22,111.94,63.3,26.66
2021-02-17 18:00:00,75.86,142.53,66.44,25.54
2021-02-17 19:00:00,75.27,155.39,72.02,24.47
2021-02-17 20:00:00,84.14,161.72,74.11,24.13
2021-02-17 21:00:00,100.48,182.0,76.83,23.17
2021-02-17 22:00:00,110.2,202.11,80.21,22.41
2021-02-17 23:00:00,118.4,220.2,82.09,21.9
2021-02-18 00:00:00,122.73,218.19,82.75,21.3
2021-02-18 01:00:00,133.93,235.09,83.47,20.88
2021-02-18 02:00:00,116.78,171.21,81.65,20.91
2021-02-18 03:00:00,104.07,164.19,80.09,20.96
2021-02-18 04:00:00,93.89,134.45,80.8,20.63
2021-02-18 05:00:00,110.3,165.18,81.3,20.16
2021-02-18 06:00:00,105.62,157.5,81.49,19.96
2021-02-18 07:00:00,94.07,168.43,79.31,20.19
2021-02-18 08:00:00,101.2,225.22,73.34,22.89
2021-02-18 09:00:00,155.73,379.9,62.43,26.53
2021-02-18 10:00:00,158.27,358.38,51.48,29.56
2021-02-18 11:00:00,118.58,294.34,43.39,31.45
2021-02-18 12:00:00,82.92,189.05,40.02,31.71
2021-02-18 13:00:00,87.28,232.57,43.79,31.66
2021-02-18 14:00:00,108.95,268.23,52.86,29.82
2021-02-18 15:00:00,112.83,224.27,53.18,29.76
2021-02-18 16:00:00,94.72,186.87,56.64,29.19
2021-02-18 17:00:00,93.0,194.53,61.23,28.28
2021-02-18 18:00:00,91.18,178.81,66.44,27.04
2021-02-18 19:00:00,90.09,162.71,67.67,26.24
2021-02-18 20:00:00,94.55,170.57,62.46,26.09
2021-02-18 21:00:00,75.75,299.53,70.88,23.49
2021-02-18 22:00:00,51.23,206.34,72.71,22.89
2021-02-18 23:00:00,46.27,111.44,72.24,22.52
2021-02-19 00:00:00,37.83,72.8,73.12,22.46
2021-02-19 01:00:00,32.45,65.28,76.68,22.15
2021-02-19 02:00:00,42.93,107.72,70.19,22.59
2021-02-19 03:00:00,35.75,68.22,63.9,22.79
2021-02-19 04:00:00,27.71,66.0,64.02,22.46
2021-02-19 05:00:00,31.54,44.09,67.23,21.7
2021-02-19 06:00:00,34.72,96.17,59.25,22.87
2021-02-19 07:00:00,37.73,81.86,54.49,24.02
2021-02-19 08:00:00,32.5,78.14,54.11,24.84
2021-02-19 09:00:00,41.08,93.19,49.67,26.87
2021-02-19 10:00:00,45.64,94.95,45.28,28.65
2021-02-19 11:00:00,45.09,93.09,42.11,30.08
2021-02-19 12:00:00,41.37,98.72,39.47,30.95
2021-02-19 13:00:00,39.19,107.55,36.24,32.09
2021-02-19 14:00:00,33.53,90.86,34.97,32.65
2021-02-19 15:00:00,36.28,102.0,50.56,29.91
2021-02-19 16:00:00,55.22,141.88,54.54,29.43
2021-02-19 17:00:00,47.14,79.0,57.66,27.91
2021-02-19 18:00:00,54.98,98.05,58.91,26.76
2021-02-19 19:00:00,51.45,109.48,59.71,25.74
2021-02-19 20:00:00,61.93,129.06,64.26,25.07
2021-02-19 21:00:00,68.47,123.35,66.55,24.22
2021-02-19 22:00:00,77.17,163.97,69.69,23.53
2021-02-19 23:00:00,68.83,168.86,67.62,23.79
2021-02-20 00:00:00,85.36,214.57,62.29,24.27
2021-02-20 01:00:00,80.6,132.24,64.62,23.15
2021-02-20 02:00:00,69.92,118.47,68.3,21.79
2021-02-20 03:00:00,62.62,95.22,69.24,21.21
2021-02-20 04:00:00,55.62,90.19,72.01,20.5
2021-02-20 05:00:00,49.5,86.18,73.73,20.27
2021-02-20 06:00:00,68.12,139.33,75.0,19.9
2021-02-20 07:00:00,75.47,187.6,72.09,20.29
2021-02-20 08:00:00,68.72,217.63,60.63,24.18
2021-02-20 09:00:00,56.16,162.99,41.48,27.83
2021-02-20 10:00:00,29.58,103.0,37.38,28.91
2021-02-20 11:00:00,27.0,109.5,35.2,30.06
2021-02-20 12:00:00,44.25,97.66,34.33,31.02
2021-02-20 13:00:00,37.77,94.14,31.32,32.23
2021-02-20 14:00:00,31.54,64.47,28.76,33.16
2021-02-20 15:00:00,24.62,59.19,28.91,32.87
2021-02-20 16:00:00,25.82,82.73,46.69,30.16
2021-02-20 17:00:00,31.48,63.04,50.44,28.86
2021-02-20 18:00:00,38.36,81.94,61.56,26.98
2021-02-20 19:00:00,36.27,89.67,60.78,25.86
2021-02-20 20:00:00,65.14,122.39,64.41,24.77
2021-02-20 21:00:00,61.64,103.11,68.66,23.81
2021-02-20 22:00:00,65.58,170.6,67.59,23.37
2021-02-20 23:00:00,71.45,184.45,50.78,24.53
2021-02-21 00:00:00,51.05,119.49,50.36,24.08
2021-02-21 01:00:00,48.09,120.75,50.55,23.76
2021-02-21 02:00:00,32.47,61.93,52.34,23.16
2021-02-21 03:00:00,38.26,82.37,54.25,23.06
2021-02-21 04:00:00,38.08,105.01,59.14,22.02
2021-02-21 05:00:00,37.09,83.13,57.76,22.3
2021-02-21 06:00:00,48.8,135.17,53.5,23.67
2021-02-21 07:00:00,44.52,84.83,52.07,24.24
2021-02-21 08:00:00,46.72,81.05,47.12,26.75
2021-02-21 09:00:00,43.36,119.22,39.55,30.09
2021-02-21 10:00:00,39.36,76.22,36.11,31.38
2021-02-21 11:00:00,48.14,114.97,35.36,31.71
2021-02-21 12:00:00,44.45,99.86,33.98,32.92
2021-02-21 13:00:00,41.27,97.09,32.16,33.9
2021-02-21 14:00:00,41.0,63.77,29.79,34.21
2021-02-21 15:00:00,30.11,55.36,34.87,33.31
2021-02-21 16:00:00,39.02,89.18,43.32,31.16
2021-02-21 17:00:00,48.2,111.0,48.14,30.27
2021-02-21 18:00:00,51.73,113.91,51.99,28.09
2021-02-21 19:00:00,61.98,114.0,51.39,27.13
2021-02-21 20:00:00,66.64,113.05,54.37,26.08
2021-02-21 21:00:00,76.98,154.91,57.01,25.2
2021-02-21 22:00:00,84.36,189.28,58.95,24.72
2021-02-21 23:00:00,81.37,158.82,61.7,23.92
2021-02-22 00:00:00,78.27,167.44,64.89,23.09
2021-02-22 01:00:00,69.78,111.81,67.31,22.47
2021-02-22 02:00:00,61.72,82.42,68.61,22.14
2021-02-22 03:00:00,59.17,90.5,68.08,21.94
2021-02-22 04:00:00,60.82,71.94,65.23,22.27
2021-02-22 05:00:00,52.83,76.72,64.56,22.17
2021-02-22 06:00:00,52.0,96.06,65.66,22.13
2021-02-22 07:00:00,78.33,126.43,60.12,23.5
2021-02-22 08:00:00,108.32,202.05,49.17,27.26
2021-02-22 09:00:00,64.55,139.54,42.87,30.72
2021-02-22 10:00:00,50.89,127.43,40.45,31.93
2021-02-22 11:00:00,44.53,123.18,38.12,33.4
2021-02-22 12:00:00,41.26,90.72,35.51,33.93
2021-02-22 13:00:00,41.91,114.64,36.72,34.41
2021-02-22 14:00:00,47.45,90.35,40.29,32.97
2021-02-22 15:00:00,51.63,118.43,42.16,32.88
2021-02-22 16:00:00,54.73,111.45,45.53,31.82
2021-02-22 17:00:00,44.11,105.3,47.66,30.78
2021-02-22 18:00:00,41.18,88.86,58.38,28.72
2021-02-22 19:00:00,48.26,78.5,60.57,27.34
2021-02-22 20:00:00,59.02,109.44,55.34,27.09
2021-02-22 21:00:00,66.53,131.68,54.94,26.57
2021-02-22 22:00:00,69.82,152.04,55.88,26.01
2021-02-22 23:00:00,71.81,185.18,58.91,25.13
2021-02-23 00:00:00,70.11,73.74,63.54,24.29
2021-02-23 01:00:00,65.36,89.78,66.63,23.56
2021-02-23 02:00:00,57.74,69.22,66.98,22.87
2021-02-23 03:00:00,66.84673286713287,160.89545480146438,68.06,22.48
2021-02-23 04:00:00,46.09,69.32,69.6,22.16
2021-02-23 05:00:00,47.82,71.05,70.48,21.83
2021-02-23 06:00:00,52.54,87.0,72.02,21.49
2021-02-23 07:00:00,62.08,105.99,71.72,21.82
2021-02-23 08:00:00,79.39,217.13,63.48,24.77
2021-02-23 09:00:00,86.48,246.82,49.22,29.15
2021-02-23 10:00:00,108.78,258.44,43.38,30.93
2021-02-23 11:00:00,114.64,322.61,38.45,32.76
2021-02-23 12:00:00,78.44,181.18,37.19,33.77
2021-02-23 13:00:00,80.45,165.48,43.5,33.28
2021-02-23 14:00:00,114.7,216.27,40.5,33.7
2021-02-23 15:00:00,114.69,203.72,40.78,33.42
2021-02-23 16:00:00,112.19,206.76,44.3,32.83
2021-02-23 17:00:00,87.41,177.57,53.08,31.05
2021-02-23 18:00:00,84.09,146.47,48.59,28.85
2021-02-23 19:00:00,85.81,158.35,48.86,27.98
2021-02-23 20:00:00,92.36,176.09,58.26,26.86
2021-02-23 21:00:00,102.11,186.5,61.55,25.83
2021-02-23 22:00:00,142.94,287.64,65.92,25.21
2021-02-23 23:00:00,145.19,319.58,67.95,24.56
2021-02-24 00:00:00,116.86,218.47,66.08,24.06
2021-02-24 01:00:00,101.29,205.43,66.05,23.45
2021-02-24 02:00:00,74.5,145.19,67.6,22.97
2021-02-24 03:00:00,81.98,144.0,69.79,22.34
2021-02-24 04:00:00,99.34,156.34,71.35,22.14
2021-02-24 05:00:00,76.41,141.75,72.37,21.93
2021-02-24 06:00:00,66.84673286713287,125.81,74.62,21.6
2021-02-24 07:00:00,85.0,186.0,76.05,21.84
2021-02-24 08:00:00,114.33,244.12,69.41,24.8
2021-02-24 09:00:00,127.08,261.24,53.78,28.84
2021-02-24 10:00:00,113.47,232.57,42.86,32.71
2021-02-24 11:00:00,102.92,195.87,36.49,35.1
2021-02-24 12:00:00,92.92,175.96,35.88,34.42
2021-02-24 13:00:00,80.2,182.62,36.21,34.34
2021-02-24 14:00:00,78.09,184.89,36.8,34.36
2021-02-24 15:00:00,77.09,141.33,38.09,33.85
2021-02-24 16:00:00,71.53,154.19,35.97,33.86
2021-02-24 17:00:00,71.91,134.11,35.81,32.81
2021-02-24 18:00:00,64.69,124.45,46.45,29.93
2021-02-24 19:00:00,73.08,155.33,52.42,28.34
2021-02-24 20:00:00,93.91,186.43,55.62,27.27
2021-02-24 21:00:00,112.33,221.23,59.54,26.18
2021-02-24 22:00:00,120.36,252.43,62.6,25.31
2021-02-24 23:00:00,145.51,355.59,60.65,24.65
2021-02-25 00:00:00,125.31,317.33,62.0,23.83
2021-02-25 01:00:00,97.58,197.81,62.34,23.29
2021-02-25 02:00:00,64.16,95.16,62.31,22.9
2021-02-25 03:00:00,60.09,92.85,67.53,22.57
2021-02-25 04:00:00,71.8,110.03,69.45,22.1
2021-02-25 05:00:00,73.0,111.95,69.44,21.88
2021-02-25 06:00:00,73.91,120.55,68.83,21.8
2021-02-25 07:00:00,90.33,199.8,66.33,22.35
2021-02-25 08:00:00,93.83,256.22,56.94,25.22
2021-02-25 09:00:00,93.09,214.38,41.64,29.27
2021-02-25 10:00:00,96.63,191.98,36.23,31.85
2021-02-25 11:00:00,88.83,198.59,35.2,33.16
2021-02-25 12:00:00,66.84673286713287,160.89545480146438,33.58,34.44
2021-02-25 13:00:00,61.0,146.0,37.31,34.41
2021-02-25 14:00:00,66.45,136.5,37.64,34.04
2021-02-25 15:00:00,65.19,90.43,41.2,32.73
2021-02-25 16:00:00,55.92,110.87,40.33,32.55
2021-02-25 17:00:00,46.83,102.5,42.44,30.8
2021-02-25 18:00:00,36.95,99.15,48.72,28.85
2021-02-25 19:00:00,37.81,98.05,50.08,27.69
2021-02-25 20:00:00,48.05,108.41,51.08,26.93
2021-02-25 21:00:00,51.74,126.09,54.64,25.91
2021-02-25 22:00:00,63.8,164.86,56.79,24.96
2021-02-25 23:00:00,68.62,217.32,60.04,24.33
2021-02-26 00:00:00,80.79,240.82,62.47,23.52
2021-02-26 01:00:00,42.7,88.68,65.51,23.11
2021-02-26 02:00:00,39.91,67.7,74.66,22.69
2021-02-26 03:00:00,46.36,73.64,79.98,22.13
2021-02-26 04:00:00,48.83,72.1,83.56,21.84
2021-02-26 05:00:00,45.0,66.0,86.58,21.52
2021-02-26 06:00:00,54.98,84.93,84.85,21.2
2021-02-26 07:00:00,59.63,123.03,79.15,21.48
2021-02-26 08:00:00,57.28,142.09,64.37,24.89
2021-02-26 09:00:00,72.43,276.87,46.7,29.18
2021-02-26 10:00:00,74.91,210.18,38.14,31.49
2021-02-26 11:00:00,68.64,151.88,37.52,32.28
2021-02-26 12:00:00,49.0,137.0,35.44,33.31
2021-02-26 13:00:00,41.74,136.05,40.22,33.77
2021-02-26 14:00:00,44.64,129.35,37.72,33.82
2021-02-26 15:00:00,39.56,118.56,34.8,34.13
2021-02-26 16:00:00,44.43,116.1,37.39,32.0
2021-02-26 17:00:00,33.2,101.72,34.32,31.45
2021-02-26 18:00:00,24.74,93.41,39.72,28.82
2021-02-26 19:00:00,28.54,99.64,56.85,26.32
2021-02-26 20:00:00,42.62,118.1,67.15,25.14
2021-02-26 21:00:00,60.28,135.14,72.29,24.16
2021-02-26 22:00:00,54.74,133.14,77.61,23.34
2021-02-26 23:00:00,61.26,140.59,81.0,22.85
2021-02-27 00:00:00,52.97,139.1,83.29,22.3
2021-02-27 01:00:00,41.95,98.3,85.14,21.83
2021-02-27 02:00:00,37.37,81.76,86.81,21.44
2021-02-27 03:00:00,36.0,73.0,88.69,21.17
2021-02-27 04:00:00,42.0,71.0,91.02,21.05
2021-02-27 05:00:00,29.21,62.45,92.38,20.99
2021-02-27 06:00:00,21.0,59.0,93.15,20.89
2021-02-27 07:00:00,29.0,94.0,88.86,21.46
2021-02-27 08:00:00,66.84673286713287,160.89545480146438,65.68451067369004,26.877576357466065
2021-02-27 09:00:00,53.36,193.49,56.12,29.12
2021-02-27 10:00:00,44.47,139.59,44.05,31.52
2021-02-27 11:00:00,51.17,174.93,38.38,33.1
2021-02-27 12:00:00,64.8,188.0,43.26,33.27
2021-02-27 13:00:00,47.91,165.2,50.42,32.44
2021-02-27 14:00:00,45.09,130.88,49.31,32.51
2021-02-27 15:00:00,38.67,109.12,47.45,32.3
2021-02-27 16:00:00,42.54,111.8,40.95,32.55
2021-02-27 17:00:00,38.48,112.95,46.09,31.79
2021-02-27 18:00:00,35.28,108.25,49.31,29.88
2021-02-27 19:00:00,45.89,142.3,53.63,27.95
2021-02-27 20:00:00,57.89,148.75,56.15,26.9
2021-02-27 21:00:00,69.89,181.4,61.17,25.62
2021-02-27 22:00:00,90.96,228.57,60.38,25.35
2021-02-27 23:00:00,101.17,262.33,59.83,25.16
2021-02-28 00:00:00,70.95,166.21,71.14,24.3
2021-02-28 01:00:00,50.75,107.83,73.39,23.51
2021-02-28 02:00:00,44.43,91.71,75.63,22.57
2021-02-28 03:00:00,49.43,97.62,75.86,22.02
2021-02-28 04:00:00,53.63,94.2,77.19,21.58
2021-02-28 05:00:00,52.18,86.43,76.53,21.13
2021-02-28 06:00:00,47.46,84.1,75.33,20.63
2021-02-28 07:00:00,45.19,84.0,72.51,21.06
2021-02-28 08:00:00,47.72,142.09,59.08,25.65
2021-02-28 09:00:00,63.43,178.23,41.62,31.14
2021-02-28 10:00:00,86.78,245.51,32.94,34.52
2021-02-28 11:00:00,52.81,158.49,30.36,35.8
2021-02-28 12:00:00,40.86,139.76,41.25,33.81
2021-02-28 13:00:00,75.28,183.48,41.3,33.56
2021-02-28 14:00:00,61.81,141.38,41.81,34.31
2021-02-28 15:00:00,60.91,136.15,40.19,34.36
2021-02-28 16:00:00,74.61,152.14,41.64,34.14
2021-02-28 17:00:00,75.09,145.41,42.73,32.64
2021-02-28 18:00:00,61.39,129.75,53.99,29.91
2021-02-28 19:00:00,93.92,183.12,57.51,28.18
2021-02-28 20:00:00,88.83,166.06,61.41,27.03
2021-02-28 21:00:00,88.91,187.78,65.06,26.12
2021-02-28 22:00:00,93.54,201.34,59.89,25.99
2021-02-28 23:00:00,93.08,189.0,59.87,25.16
2021-03-01 00:00:00,89.39,209.82,60.02,24.22
2021-03-01 01:00:00,57.93,123.34,60.49,23.98
2021-03-01 02:00:00,44.11,99.06,60.87,23.91
2021-03-01 03:00:00,46.63,97.05,64.72,23.39
2021-03-01 04:00:00,59.67,112.14,65.4,23.28
2021-03-01 05:00:00,69.0,125.0,62.41,23.15
2021-03-01 06:00:00,75.35,138.25,64.59,22.33
2021-03-01 07:00:00,75.09,190.11,67.0,22.23
2021-03-01 08:00:00,94.0,280.4,57.61,25.94
2021-03-01 09:00:00,104.14,257.55,43.39,31.19
2021-03-01 10:00:00,91.3,222.77,39.7,33.41
2021-03-01 11:00:00,78.12,193.55,38.9,34.49
2021-03-01 12:00:00,59.0,166.0,42.01,34.46
2021-03-01 13:00:00,74.43,163.15,41.42,34.19
2021-03-01 14:00:00,68.74,166.8,42.02,34.32
2021-03-01 15:00:00,61.62,149.02,41.97,34.41
2021-03-01 16:00:00,70.05,165.1,45.31,33.41
2021-03-01 17:00:00,68.28,163.16,47.84,32.31
2021-03-01 18:00:00,64.31,165.84,55.37,29.81
2021-03-01 19:00:00,69.43,175.5,68.81,27.5
2021-03-01 20:00:00,71.81,189.29,72.51,26.54
2021-03-01 21:00:00,87.38,207.15,72.38,25.98
2021-03-01 22:00:00,92.59,234.6,69.55,25.49
2021-03-01 23:00:00,102.05,253.98,69.6,24.81
2021-03-02 00:00:00,110.26,261.62,71.28,24.31
2021-03-02 01:00:00,113.76,243.96,69.65,23.8
2021-03-02 02:00:00,87.42,198.52,69.39,23.33
2021-03-02 03:00:00,80.46,175.18,71.66,22.61
2021-03-02 04:00:00,72.76,157.91,74.51,21.89
2021-03-02 05:00:00,72.0,146.56,75.39,21.34
2021-03-02 06:00:00,69.28,153.59,75.4,21.09
2021-03-02 07:00:00,97.34,234.0,74.3,21.44
2021-03-02 08:00:00,131.5,394.43,59.41,26.56
2021-03-02 09:00:00,120.39,483.95,42.6,32.12
2021-03-02 10:00:00,103.62,284.52,29.6,35.42
2021-03-02 11:00:00,66.25,193.25,23.22,36.61
2021-03-02 12:00:00,53.05,153.87,33.58,35.48
2021-03-02 13:00:00,49.28,135.86,34.92,34.89
2021-03-02 14:00:00,48.09,126.45,34.05,35.1
2021-03-02 15:00:00,48.0,129.78,35.75,34.4
2021-03-02 16:00:00,47.09,130.0,33.72,33.97
2021-03-02 17:00:00,39.74,123.36,37.52,31.65
2021-03-02 18:00:00,49.15,125.85,46.08,28.97
2021-03-02 19:00:00,56.33,147.77,43.22,27.41
2021-03-02 20:00:00,48.84,131.91,40.66,26.74
2021-03-02 21:00:00,44.37,139.52,46.11,25.1
2021-03-02 22:00:00,56.83,218.55,48.58,24.21
2021-03-02 23:00:00,84.33,244.85,51.17,23.25
2021-03-03 00:00:00,87.0,225.11,50.59,22.45
2021-03-03 01:00:00,83.37,194.57,51.05,21.77
2021-03-03 02:00:00,52.41,102.22,48.91,21.68
2021-03-03 03:00:00,62.28,123.33,50.87,21.35
2021-03-03 04:00:00,66.71,133.55,53.87,20.69
2021-03-03 05:00:00,55.08,102.77,55.37,20.35
2021-03-03 06:00:00,59.5,83.97,56.95,20.34
2021-03-03 07:00:00,82.92,178.0,56.38,20.9
2021-03-03 08:00:00,119.83,332.53,46.84,25.33
2021-03-03 09:00:00,113.05,252.7,33.44,31.17
2021-03-03 10:00:00,118.31,288.82,29.48,33.26
2021-03-03 11:00:00,101.47,238.95,27.0,35.71
2021-03-03 12:00:00,81.91,183.0,24.65,36.99
2021-03-03 13:00:00,72.76,214.07,39.33,34.73
2021-03-03 14:00:00,90.33,200.86,37.5,35.6
2021-03-03 15:00:00,76.62,139.24,37.25,35.98
2021-03-03 16:00:00,71.33,159.66,42.22,33.6
2021-03-03 17:00:00,82.0,177.09,53.77,30.52
2021-03-03 18:00:00,72.0,168.18,62.49,28.13
2021-03-03 19:00:00,65.57,142.31,66.3,26.61
2021-03-03 20:00:00,65.0,136.27,69.0,26.15
2021-03-03 21:00:00,65.0,116.12,71.82,25.42
2021-03-03 22:00:00,80.58,158.53,73.42,24.55
2021-03-03 23:00:00,90.13,178.09,76.88,23.88
2021-03-04 00:00:00,116.25,265.39,77.74,23.34
2021-03-04 01:00:00,118.08,225.52,78.61,22.58
2021-03-04 02:00:00,99.55,191.77,76.16,22.08
2021-03-04 03:00:00,90.76,174.81,74.99,21.62
2021-03-04 04:00:00,99.95,164.5,75.16,21.46
2021-03-04 05:00:00,83.81,169.0,71.63,21.18
2021-03-04 06:00:00,94.83,181.34,72.22,20.69
2021-03-04 07:00:00,99.62,250.14,70.29,21.21
2021-03-04 08:00:00,104.58,348.64,59.94,25.71
2021-03-04 09:00:00,161.83,337.91,46.98,31.11
2021-03-04 10:00:00,143.17,322.62,34.09,34.63
2021-03-04 11:00:00,124.72,160.89545480146438,29.71,36.07
2021-03-04 12:00:00,89.53,271.55,15.64,38.18
2021-03-04 13:00:00,33.7,140.01,26.45,36.81
2021-03-04 14:00:00,65.09,216.65,31.48,34.7
2021-03-04 15:00:00,54.52,152.64,32.1,35.47
2021-03-04 16:00:00,60.33,142.38,30.43,35.02
2021-03-04 17:00:00,57.33,147.68,39.38,32.5
2021-03-04 18:00:00,66.95,162.28,53.6,29.83
2021-03-04 19:00:00,95.14,219.01,63.2,27.86
2021-03-04 20:00:00,99.83,238.09,67.81,26.48
2021-03-04 21:00:00,123.66,294.84,70.1,25.58
2021-03-04 22:00:00,163.58,386.02,65.35,24.91
2021-03-04 23:00:00,158.81,384.36,60.07,24.13
2021-03-05 00:00:00,137.83,354.47,57.59,23.48
2021-03-05 01:00:00,122.25,300.0,56.5,22.93
2021-03-05 02:00:00,105.58,227.69,56.5,22.27
2021-03-05 03:00:00,83.89,171.95,57.68,21.79
2021-03-05 04:00:00,84.72,176.57,58.98,21.55
2021-03-05 05:00:00,82.25,156.11,62.58,21.09
2021-03-05 06:00:00,79.25,149.32,67.13,20.8
2021-03-05 07:00:00,93.46,231.34,69.06,21.25
2021-03-05 08:00:00,103.22,341.38,59.47,26.34
2021-03-05 09:00:00,129.4,387.82,39.82,33.31
2021-03-05 10:00:00,128.41,342.68,20.1,36.46
2021-03-05 11:00:00,66.84673286713287,163.97,19.27,37.33
2021-03-05 12:00:00,55.0,153.0,25.11,36.66
2021-03-05 13:00:00,72.39,201.59,33.62,34.91
2021-03-05 14:00:00,65.75,191.66,32.26,34.53
2021-03-05 15:00:00,46.91,148.41,39.34,33.96
2021-03-05 16:00:00,41.33,135.55,43.55,33.09
2021-03-05 17:00:00,51.12,144.5,47.03,31.9
2021-03-05 18:00:00,44.67,135.5,48.71,29.87
2021-03-05 19:00:00,54.15,146.36,52.35,28.09
2021-03-05 20:00:00,54.08,158.39,58.45,26.69
2021-03-05 21:00:00,65.07,185.5,63.44,25.56
2021-03-05 22:00:00,92.58,274.07,61.66,24.93
2021-03-05 23:00:00,109.72,285.65,62.15,24.33
2021-03-06 00:00:00,108.25,269.85,65.84,24.06
2021-03-06 01:00:00,109.83,292.74,70.86,24.0
2021-03-06 02:00:00,76.08,189.89,73.98,23.31
2021-03-06 03:00:00,73.0,153.72,81.38,23.03
2021-03-06 04:00:00,77.58,150.1,87.92,22.77
2021-03-06 05:00:00,61.6,123.42,89.5,22.52
2021-03-06 06:00:00,55.42,113.48,91.62,22.41
2021-03-06 07:00:00,67.79,143.4,90.58,22.98
2021-03-06 08:00:00,71.77,185.7,79.58,26.6
2021-03-06 09:00:00,91.84,205.03,66.23,29.55
2021-03-06 10:00:00,95.82,219.25,61.66,30.5
2021-03-06 11:00:00,94.17,220.0,57.5,32.02
2021-03-06 12:00:00,102.24,222.85,65.09,31.25
2021-03-06 13:00:00,100.3,236.29,63.44,31.12
2021-03-06 14:00:00,80.82,187.83,61.96,31.48
2021-03-06 15:00:00,69.03,161.34,51.51,31.78
2021-03-06 16:00:00,45.38,135.3,53.45,31.09
2021-03-06 17:00:00,39.34,124.5,55.36,30.89
2021-03-06 18:00:00,33.52,109.8,57.38,28.99
2021-03-06 19:00:00,39.39,130.85,75.02,26.61
2021-03-06 20:00:00,34.59,122.53,83.78,25.78
2021-03-06 21:00:00,34.92,122.95,85.66,25.07
2021-03-06 22:00:00,40.5,123.0,87.44,24.3
2021-03-06 23:00:00,47.46,140.03,87.6,23.76
2021-03-07 00:00:00,48.0,134.38,85.4,22.89
2021-03-07 01:00:00,44.31,122.61,81.96,22.07
2021-03-07 02:00:00,43.08,106.86,77.88,21.46
2021-03-07 03:00:00,58.58,146.7,75.25,20.97
2021-03-07 04:00:00,39.91,84.44,72.58,20.41
2021-03-07 05:00:00,36.2,75.32,70.27,20.1
2021-03-07 06:00:00,14.14,66.48,70.09,20.06
2021-03-07 07:00:00,66.84673286713287,85.94,70.96,20.38
2021-03-07 08:00:00,66.84673286713287,104.09,62.2,25.11
2021-03-07 09:00:00,66.84673286713287,184.75,40.25,31.34
2021-03-07 10:00:00,74.0,147.0,34.31,32.77
2021-03-07 11:00:00,60.25,160.29,30.87,33.98
2021-03-07 12:00:00,48.92,129.77,29.52,35.03
2021-03-07 13:00:00,43.39,132.73,32.84,35.08
2021-03-07 14:00:00,22.7,82.84,27.31,35.95
2021-03-07 15:00:00,22.83,73.36,31.11,34.68
2021-03-07 16:00:00,17.58,82.45,32.43,33.59
2021-03-07 17:00:00,17.91,74.45,35.95,31.73
2021-03-07 18:00:00,20.75,92.04,40.14,29.5
2021-03-07 19:00:00,20.08,93.95,55.88,27.12
2021-03-07 20:00:00,27.31,109.14,60.57,25.73
2021-03-07 21:00:00,33.48,126.09,66.44,24.37
2021-03-07 22:00:00,45.72,140.29,69.22,23.5
2021-03-07 23:00:00,51.61,134.38,69.86,22.82
2021-03-08 00:00:00,46.52,131.16,70.16,22.3
2021-03-08 01:00:00,50.51,132.89,69.61,21.56
2021-03-08 02:00:00,43.69,108.39,65.22,21.02
2021-03-08 03:00:00,35.82,74.82,61.8,20.61
2021-03-08 04:00:00,28.61,71.1,60.49,20.11
2021-03-08 05:00:00,28.0,66.27,59.9,19.84
2021-03-08 06:00:00,35.38,78.3,60.48,19.59
2021-03-08 07:00:00,36.0,117.95,59.2,20.3
2021-03-08 08:00:00,45.13,206.12,50.08,25.19
2021-03-08 09:00:00,61.53,237.5,42.27,29.71
2021-03-08 10:00:00,59.39,173.7,38.05,31.43
2021-03-08 11:00:00,64.5,195.65,35.62,33.29
2021-03-08 12:00:00,71.39,173.34,36.48,34.45
2021-03-08 13:00:00,51.19,179.57,46.23,34.19
2021-03-08 14:00:00,33.42,113.75,49.97,33.35
2021-03-08 15:00:00,32.9,94.86,48.63,33.37
2021-03-08 16:00:00,24.75,99.68,52.51,32.14
2021-03-08 17:00:00,26.75,94.3,54.39,30.96
2021-03-08 18:00:00,33.31,111.03,60.68,28.76
2021-03-08 19:00:00,42.19,117.68,69.53,27.0
2021-03-08 20:00:00,38.43,130.3,72.8,26.44
2021-03-08 21:00:00,39.8,124.38,76.13,25.05
2021-03-08 22:00:00,42.75,144.82,79.45,24.1
2021-03-08 23:00:00,47.57,166.89,79.52,24.02
2021-03-09 00:00:00,48.0,136.65,82.84,24.18
2021-03-09 01:00:00,33.38,99.98,86.69,23.93
2021-03-09 02:00:00,29.26,80.02,88.64,23.51
2021-03-09 03:00:00,27.17,76.16,87.19,22.81
2021-03-09 04:00:00,26.09,72.22,82.14,22.78
2021-03-09 05:00:00,26.91,89.03,83.59,21.93
2021-03-09 06:00:00,36.12,102.3,83.99,21.7
2021-03-09 07:00:00,56.98,172.09,81.23,21.89
2021-03-09 08:00:00,60.83,227.11,69.32,25.8
2021-03-09 09:00:00,78.53,242.3,50.53,30.58
2021-03-09 10:00:00,80.0,225.02,41.32,32.64
2021-03-09 11:00:00,77.26,208.86,36.42,33.64
2021-03-09 12:00:00,78.83,221.25,33.32,34.73
2021-03-09 13:00:00,66.21,199.28,40.54,34.26
2021-03-09 14:00:00,57.69,154.47,38.48,34.69
2021-03-09 15:00:00,67.9,152.95,33.98,35.39
2021-03-09 16:00:00,54.38,161.52,37.55,34.12
2021-03-09 17:00:00,54.83,153.0,42.2,32.78
2021-03-09 18:00:00,60.48,174.43,48.52,30.18
2021-03-09 19:00:00,63.7,175.11,52.81,28.19
2021-03-09 20:00:00,68.57,192.03,56.87,26.86
2021-03-09 21:00:00,90.01,241.27,59.27,25.94
2021-03-09 22:00:00,102.05,284.7,60.34,25.17
2021-03-09 23:00:00,120.26,312.55,60.52,24.41
2021-03-10 00:00:00,137.5,345.33,59.75,23.98
2021-03-10 01:00:00,119.16,292.11,63.52,23.69
2021-03-10 02:00:00,95.85,211.39,70.09,23.53
2021-03-10 03:00:00,82.12,174.82,82.03,23.26
2021-03-10 04:00:00,51.77,102.97,83.3,22.62
2021-03-10 05:00:00,49.0,106.57,84.84,22.36
2021-03-10 06:00:00,49.0,103.22,82.41,22.3
2021-03-10 07:00:00,49.91,160.95,78.06,22.64
2021-03-10 08:00:00,67.36,294.61,62.89,26.3
2021-03-10 09:00:00,90.84,296.32,43.69,30.79
2021-03-10 10:00:00,79.3,228.16,41.04,32.43
2021-03-10 11:00:00,87.03,160.89545480146438,35.49,33.79
2021-03-10 12:00:00,67.91,208.85,42.92,33.62
2021-03-10 13:00:00,57.71,173.68,48.72,33.23
2021-03-10 14:00:00,40.45,137.09,50.59,32.99
2021-03-10 15:00:00,35.34,118.91,52.12,32.9
2021-03-10 16:00:00,41.39,126.55,50.61,32.45
2021-03-10 17:00:00,39.27,118.07,53.06,31.53
2021-03-10 18:00:00,53.62,143.42,57.49,29.07
2021-03-10 19:00:00,63.22,159.2,68.96,27.18
2021-03-10 20:00:00,60.34,150.53,64.78,26.78
2021-03-10 21:00:00,65.48,159.47,68.78,25.69
2021-03-10 22:00:00,75.14,184.61,73.4,24.9
2021-03-10 23:00:00,87.88,222.91,75.21,24.29
2021-03-11 00:00:00,90.82,197.64,76.15,23.8
2021-03-11 01:00:00,90.09,185.59,79.73,23.63
2021-03-11 02:00:00,80.95,163.23,82.06,23.95
2021-03-11 03:00:00,68.1,148.75,84.5,23.95
2021-03-11 04:00:00,55.97,110.0,86.21,23.26
2021-03-11 05:00:00,48.61,111.78,84.33,22.59
2021-03-11 06:00:00,55.31,120.52,79.56,21.89
2021-03-11 07:00:00,48.64,138.98,73.55,22.23
2021-03-11 08:00:00,73.58,269.25,62.74,25.97
2021-03-11 09:00:00,70.52,249.55,56.75,29.41
2021-03-11 10:00:00,46.25,150.52,56.12,30.63
2021-03-11 11:00:00,43.08,128.91,54.25,31.28
2021-03-11 12:00:00,42.08,125.16,63.38,30.24
2021-03-11 13:00:00,38.36,142.03,61.59,30.14
2021-03-11 14:00:00,29.78,131.68,56.34,31.14
2021-03-11 15:00:00,26.52,104.22,49.95,31.66
2021-03-11 16:00:00,25.09,109.52,52.07,31.23
2021-03-11 17:00:00,28.68,112.84,58.46,29.78
2021-03-11 18:00:00,31.74,113.0,70.51,27.36
2021-03-11 19:00:00,38.39,113.95,79.14,25.94
2021-03-11 20:00:00,32.61,109.27,78.68,25.52
2021-03-11 21:00:00,32.0,110.89,77.18,25.26
2021-03-11 22:00:00,35.63,111.0,80.5,24.21
2021-03-11 23:00:00,36.0,111.0,81.85,23.51
2021-03-12 00:00:00,33.25,106.27,81.46,23.49
2021-03-12 01:00:00,34.8,108.84,80.59,23.16
2021-03-12 02:00:00,37.74,91.97,76.25,22.75
2021-03-12 03:00:00,31.61,73.02,73.57,22.43
2021-03-12 04:00:00,32.83,81.5,77.75,21.91
2021-03-12 05:00:00,26.58,78.22,80.15,21.55
2021-03-12 06:00:00,25.09,79.89,83.66,21.34
2021-03-12 07:00:00,32.31,130.16,83.9,22.22
2021-03-12 08:00:00,35.73,197.6,78.45,25.55
2021-03-12 09:00:00,26.83,112.98,57.6,29.15
2021-03-12 10:00:00,34.12,132.63,46.87,30.96
2021-03-12 11:00:00,52.3,160.78,39.7,32.01
2021-03-12 12:00:00,66.79,171.57,37.37,33.19
2021-03-12 13:00:00,50.47,148.34,52.35,32.48
2021-03-12 14:00:00,37.05,134.7,53.36,32.55
2021-03-12 15:00:00,26.87,110.34,51.0,32.75
2021-03-12 16:00:00,32.44,118.47,49.06,32.7
2021-03-12 17:00:00,36.66,121.83,49.73,31.42
2021-03-12 18:00:00,38.84,123.89,53.78,29.61
2021-03-12 19:00:00,38.09,122.0,57.92,27.87
2021-03-12 20:00:00,45.22,148.58,67.69,26.2
2021-03-12 21:00:00,68.84,237.07,66.5,25.23
2021-03-12 22:00:00,78.33,252.45,69.16,24.34
2021-03-12 23:00:00,75.36,222.72,70.11,23.77
2021-03-13 00:00:00,64.13,188.82,73.02,23.65
2021-03-13 01:00:00,76.59,206.88,78.72,24.15
2021-03-13 02:00:00,74.34,162.4,81.82,24.19
2021-03-13 03:00:00,69.42,150.5,84.55,23.54
2021-03-13 04:00:00,76.33,159.47,86.15,22.93
2021-03-13 05:00:00,85.28,154.3,83.0,22.38
2021-03-13 06:00:00,77.73,158.47,82.22,21.93
2021-03-13 07:00:00,118.3,222.47,80.1,22.55
2021-03-13 08:00:00,126.56,271.43,62.71,26.95
2021-03-13 09:00:00,95.73,242.77,42.19,31.7
2021-03-13 10:00:00,81.17,219.23,25.9,34.75
2021-03-13 11:00:00,50.83,189.61,23.14,36.19
2021-03-13 12:00:00,63.53,187.05,19.87,36.96
2021-03-13 13:00:00,45.62,145.36,18.13,38.52
2021-03-13 14:00:00,40.33,125.02,34.1,35.52
2021-03-13 15:00:00,63.37,212.97,34.12,35.07
2021-03-13 16:00:00,73.33,204.79,35.38,34.13
2021-03-13 17:00:00,66.64,187.86,42.55,32.29
2021-03-13 18:00:00,73.29,198.36,56.32,29.26
2021-03-13 19:00:00,76.7,193.34,61.8,27.91
2021-03-13 20:00:00,84.31,198.68,58.76,27.58
2021-03-13 21:00:00,78.63,198.05,58.92,26.66
2021-03-13 22:00:00,88.05,217.88,55.82,25.97
2021-03-13 23:00:00,98.06,251.18,57.78,24.95
2021-03-14 00:00:00,106.34,306.2,59.5,24.2
2021-03-14 01:00:00,113.31,308.06,58.97,23.6
2021-03-14 02:00:00,97.46,236.57,59.82,23.76
2021-03-14 03:00:00,76.64,174.05,61.89,23.65
2021-03-14 04:00:00,65.83,180.47,62.75,23.25
2021-03-14 05:00:00,87.92,190.47,62.23,22.76
2021-03-14 06:00:00,79.98,163.55,60.97,23.27
2021-03-14 07:00:00,83.55,168.65,61.49,23.88
2021-03-14 08:00:00,89.46,204.97,53.05,27.3
2021-03-14 09:00:00,78.97,208.89,40.75,30.14
2021-03-14 10:00:00,87.11,242.12,31.65,32.74
2021-03-14 11:00:00,99.92,258.15,30.11,34.14
2021-03-14 12:00:00,86.39,235.34,38.16,34.25
2021-03-14 13:00:00,73.97,203.72,39.7,33.75
2021-03-14 14:00:00,77.52,202.95,37.3,34.59
2021-03-14 15:00:00,87.2,210.57,29.12,35.62
2021-03-14 16:00:00,58.57,153.45,31.64,34.09
2021-03-14 17:00:00,48.72,152.83,40.24,32.59
2021-03-14 18:00:00,68.09,184.23,49.3,30.16
2021-03-14 19:00:00,65.43,205.95,57.29,28.26
2021-03-14 20:00:00,84.18,231.61,58.07,27.39
2021-03-14 21:00:00,86.0,224.51,63.34,26.18
2021-03-14 22:00:00,104.36,255.35,64.42,25.77
2021-03-14 23:00:00,117.92,281.53,62.37,25.68
2021-03-15 00:00:00,106.15,248.93,61.9,25.18
2021-03-15 01:00:00,94.22,214.82,58.66,24.32
2021-03-15 02:00:00,87.5,179.03,60.77,23.65
2021-03-15 03:00:00,90.64,183.59,62.82,23.42
2021-03-15 04:00:00,88.3,149.93,70.47,23.54
2021-03-15 05:00:00,65.36,132.84,73.28,23.15
2021-03-15 06:00:00,55.67,132.94,74.07,22.71
2021-03-15 07:00:00,80.75,204.93,72.22,23.41
2021-03-15 08:00:00,103.03,249.73,63.15,26.98
2021-03-15 09:00:00,59.33,197.11,48.75,30.49
2021-03-15 10:00:00,77.92,234.85,42.3,32.37
2021-03-15 11:00:00,87.0,259.0,35.13,33.8
2021-03-15 12:00:00,66.84673286713287,244.85,38.22,34.42
2021-03-15 13:00:00,74.0,218.35,36.08,34.45
2021-03-15 14:00:00,71.3,211.32,34.59,34.81
2021-03-15 15:00:00,71.0,201.56,35.32,34.51
2021-03-15 16:00:00,66.4,196.27,32.97,33.98
2021-03-15 17:00:00,52.25,180.8,39.74,32.77
2021-03-15 18:00:00,51.0,175.27,42.05,30.55
2021-03-15 19:00:00,54.62,180.68,41.9,29.12
2021-03-15 20:00:00,58.61,185.73,46.75,27.44
2021-03-15 21:00:00,85.58,249.21,47.54,26.41
2021-03-15 22:00:00,99.95,273.82,47.5,25.95
2021-03-15 23:00:00,99.18,276.89,51.14,25.13
2021-03-16 00:00:00,135.72,372.59,51.5,24.3
2021-03-16 01:00:00,97.66,244.55,51.61,23.79
2021-03-16 02:00:00,63.77,168.86,51.75,23.36
2021-03-16 03:00:00,72.92,175.38,55.78,23.13
2021-03-16 04:00:00,62.17,153.36,59.88,22.84
2021-03-16 05:00:00,60.1,140.6,63.03,22.33
2021-03-16 06:00:00,62.75,140.94,65.64,22.1
2021-03-16 07:00:00,69.42,199.68,60.98,22.76
2021-03-16 08:00:00,77.28,291.0,49.22,26.85
2021-03-16 09:00:00,74.33,214.28,38.0,31.56
2021-03-16 10:00:00,70.36,226.09,35.77,32.82
2021-03-16 11:00:00,76.42,236.47,32.48,33.95
2021-03-16 12:00:00,62.33,200.09,37.87,34.41
2021-03-16 13:00:00,58.24,183.8,42.51,33.99
2021-03-16 14:00:00,61.62,183.0,39.64,34.39
2021-03-16 15:00:00,70.17,199.09,36.35,34.39
2021-03-16 16:00:00,68.27,211.36,32.17,34.6
2021-03-16 17:00:00,48.0,188.06,37.42,32.72
2021-03-16 18:00:00,47.68,185.0,44.15,30.71
2021-03-16 19:00:00,58.01,193.52,44.06,29.3
2021-03-16 20:00:00,58.09,197.8,48.75,27.76
2021-03-16 21:00:00,69.92,221.59,51.76,26.51
2021-03-16 22:00:00,84.75,258.85,51.18,25.85
2021-03-16 23:00:00,98.83,282.7,52.68,25.14
2021-03-17 00:00:00,115.43,321.74,52.35,24.62
2021-03-17 01:00:00,83.5,221.16,67.62,24.74
2021-03-17 02:00:00,64.42,153.68,79.62,24.85
2021-03-17 03:00:00,40.24,132.02,78.28,23.92
2021-03-17 04:00:00,41.67,123.43,71.45,23.45
2021-03-17 05:00:00,44.75,140.98,70.26,23.07
2021-03-17 06:00:00,50.5,157.14,67.76,22.66
2021-03-17 07:00:00,75.58,226.14,63.55,23.2
2021-03-17 08:00:00,78.91,327.48,55.14,26.6
2021-03-17 09:00:00,86.33,268.59,43.44,30.42
2021-03-17 10:00:00,84.28,270.66,34.26,33.31
2021-03-17 11:00:00,80.38,278.55,29.52,35.18
2021-03-17 12:00:00,74.48,237.75,28.07,36.2
2021-03-17 13:00:00,74.0,160.89545480146438,39.62,34.84
2021-03-17 14:00:00,58.42,230.7,38.83,34.8
2021-03-17 15:00:00,100.08,225.07,37.32,34.74
2021-03-17 16:00:00,71.92,189.44,37.02,34.41
2021-03-17 17:00:00,64.42,176.62,43.34,32.68
2021-03-17 18:00:00,73.17,197.7,51.96,30.67
2021-03-17 19:00:00,93.25,235.8,55.02,29.3
2021-03-17 20:00:00,93.17,235.17,57.15,28.07
2021-03-17 21:00:00,93.0,240.68,58.97,27.03
2021-03-17 22:00:00,111.33,267.42,58.86,26.48
2021-03-17 23:00:00,136.37,354.86,58.94,25.71
2021-03-18 00:00:00,147.25,378.0,59.64,25.19
2021-03-18 01:00:00,122.33,308.02,58.8,24.93
2021-03-18 02:00:00,86.5,189.84,64.72,24.62
2021-03-18 03:00:00,61.92,131.7,75.37,24.47
2021-03-18 04:00:00,38.06,92.09,70.17,24.56
2021-03-18 05:00:00,44.25,114.53,69.09,24.06
2021-03-18 06:00:00,49.11,132.07,66.5,23.71
2021-03-18 07:00:00,53.61,182.12,63.34,24.31
2021-03-18 08:00:00,85.17,263.85,50.77,27.83
2021-03-18 09:00:00,104.5,275.55,41.33,31.06
2021-03-18 10:00:00,86.75,254.23,39.7,32.25
2021-03-18 11:00:00,72.12,230.36,38.0,33.55
2021-03-18 12:00:00,61.98,179.78,40.56,34.03
2021-03-18 13:00:00,55.54,177.0,41.36,34.19
2021-03-18 14:00:00,60.46,168.51,47.82,33.05
2021-03-18 15:00:00,70.17,180.26,47.38,33.35
2021-03-18 16:00:00,79.19,173.45,48.75,32.14
2021-03-18 17:00:00,56.33,155.02,57.21,30.58
2021-03-18 18:00:00,48.5,142.68,65.87,28.23
2021-03-18 19:00:00,48.92,133.51,67.63,27.16
2021-03-18 20:00:00,49.0,140.57,65.86,26.92
2021-03-18 21:00:00,55.39,151.41,69.62,26.45
2021-03-18 22:00:00,57.81,153.89,75.08,25.95
2021-03-18 23:00:00,51.6,134.12,79.58,25.62
2021-03-19 00:00:00,49.17,115.02,82.63,24.78
2021-03-19 01:00:00,43.52,99.85,81.01,24.31
2021-03-19 02:00:00,44.8,100.89,76.11,24.04
2021-03-19 03:00:00,47.75,97.22,72.86,23.78
2021-03-19 04:00:00,45.28,122.55,74.08,23.33
2021-03-19 05:00:00,47.72,151.45,76.41,22.81
2021-03-19 06:00:00,55.33,165.26,77.52,22.62
2021-03-19 07:00:00,60.57,192.5,76.67,23.3
2021-03-19 08:00:00,58.28,252.68,61.92,27.44
2021-03-19 09:00:00,62.57,226.75,41.39,31.37
2021-03-19 10:00:00,56.58,195.75,36.89,32.26
2021-03-19 11:00:00,61.39,224.31,44.34,32.2
2021-03-19 12:00:00,53.78,199.4,46.9,32.5
2021-03-19 13:00:00,60.31,203.66,43.83,32.28
2021-03-19 14:00:00,58.3,195.48,41.99,32.76
2021-03-19 15:00:00,66.84673286713287,160.89545480146438,40.62,32.41
2021-03-19 16:00:00,106.67,245.9,41.01,32.34
2021-03-19 17:00:00,55.95,195.68,44.02,31.23
2021-03-19 18:00:00,43.72,182.7,58.09,28.56
2021-03-19 19:00:00,55.23,200.93,67.5,26.85
2021-03-19 20:00:00,59.78,204.84,72.2,26.13
2021-03-19 21:00:00,57.17,199.34,74.92,25.81
2021-03-19 22:00:00,65.47,198.06,77.38,25.17
2021-03-19 23:00:00,60.33,187.59,80.72,24.45
2021-03-20 00:00:00,58.12,170.98,82.92,24.0
2021-03-20 01:00:00,45.77,168.1,83.94,23.69
2021-03-20 02:00:00,50.62,161.37,84.01,23.65
2021-03-20 03:00:00,38.58,158.12,86.1,23.58
2021-03-20 04:00:00,44.58,151.37,86.99,23.43
2021-03-20 05:00:00,40.3,147.22,87.45,23.11
2021-03-20 06:00:00,40.95,153.6,88.87,22.76
2021-03-20 07:00:00,46.62,181.5,88.37,23.09
2021-03-20 08:00:00,50.76,209.36,84.1,24.27
2021-03-20 09:00:00,53.0,160.89545480146438,66.06,28.29
2021-03-20 10:00:00,57.0,160.89545480146438,54.93,29.8
2021-03-20 11:00:00,66.0,268.0,48.02,30.87
2021-03-20 12:00:00,63.16,254.75,45.75,31.46
2021-03-20 13:00:00,57.36,257.79,47.44,31.74
2021-03-20 14:00:00,67.34,294.91,44.78,31.78
2021-03-20 15:00:00,68.94,287.56,42.67,31.57
2021-03-20 16:00:00,61.48,248.87,41.9,31.11
2021-03-20 17:00:00,52.52,214.75,45.95,30.16
2021-03-20 18:00:00,49.18,214.89,61.2,27.77
2021-03-20 19:00:00,45.25,207.45,70.78,26.46
2021-03-20 20:00:00,46.88,205.11,76.15,25.97
2021-03-20 21:00:00,49.82,203.11,79.01,25.55
2021-03-20 22:00:00,45.3,183.11,80.9,25.0
2021-03-20 23:00:00,54.38,205.59,83.92,24.5
2021-03-21 00:00:00,46.5,181.65,86.01,23.96
2021-03-21 01:00:00,52.61,175.28,85.69,23.5
2021-03-21 02:00:00,42.66,155.12,87.42,22.98
2021-03-21 03:00:00,38.24,133.18,89.47,22.76
2021-03-21 04:00:00,44.58,139.57,91.39,22.55
2021-03-21 05:00:00,45.0,137.17,91.68,22.29
2021-03-21 06:00:00,44.06,139.83,90.86,22.05
2021-03-21 07:00:00,53.45,174.07,89.86,22.64
2021-03-21 08:00:00,58.69,179.78,80.34,25.92
2021-03-21 09:00:00,57.12,188.52,65.03,29.12
2021-03-21 10:00:00,71.06,212.06,48.74,31.06
2021-03-21 11:00:00,68.25,199.91,40.33,32.16
2021-03-21 12:00:00,66.12,203.72,43.3,32.15
2021-03-21 13:00:00,59.42,201.16,42.73,32.75
2021-03-21 14:00:00,63.7,201.0,40.64,33.46
2021-03-21 15:00:00,71.5,209.49,38.99,33.25
2021-03-21 16:00:00,73.88,202.43,43.74,32.88
2021-03-21 17:00:00,68.36,197.28,52.04,31.21
2021-03-21 18:00:00,68.0,192.28,62.52,28.6
2021-03-21 19:00:00,56.73,165.0,72.03,26.9
2021-03-21 20:00:00,53.18,162.16,75.44,26.22
2021-03-21 21:00:00,56.75,157.26,77.64,25.47
2021-03-21 22:00:00,57.0,173.04,79.47,24.8
2021-03-21 23:00:00,67.31,186.26,79.88,24.16
2021-03-22 00:00:00,59.56,174.65,77.99,23.62
2021-03-22 01:00:00,59.94,150.0,79.24,23.24
2021-03-22 02:00:00,59.06,148.11,83.55,23.31
2021-03-22 03:00:00,57.12,158.41,87.83,23.28
2021-03-22 04:00:00,48.55,131.55,88.74,22.81
2021-03-22 05:00:00,48.0,119.62,89.41,22.35
2021-03-22 06:00:00,48.0,135.09,90.69,22.17
2021-03-22 07:00:00,63.0,171.0,89.75,23.24
2021-03-22 08:00:00,59.25,196.57,79.14,26.68
2021-03-22 09:00:00,54.31,155.55,63.75,29.87
2021-03-22 10:00:00,60.61,181.39,54.49,31.64
2021-03-22 11:00:00,68.53,197.15,44.96,33.45
2021-03-22 12:00:00,80.25,205.55,48.02,33.45
2021-03-22 13:00:00,58.4,177.7,50.34,33.14
2021-03-22 14:00:00,54.17,159.9,47.6,33.89
2021-03-22 15:00:00,61.52,162.79,42.33,34.39
2021-03-22 16:00:00,70.44,158.28,42.66,33.79
2021-03-22 17:00:00,64.42,145.74,49.95,31.61
2021-03-22 18:00:00,44.31,148.78,63.37,29.26
2021-03-22 19:00:00,49.59,154.66,75.55,27.62
2021-03-22 20:00:00,45.31,157.83,74.3,27.11
2021-03-22 21:00:00,55.33,216.46,76.17,26.54
2021-03-22 22:00:00,53.19,173.0,78.04,26.08
2021-03-22 23:00:00,54.88,181.49,78.41,25.89
2021-03-23 00:00:00,50.3,170.69,79.15,25.29
2021-03-23 01:00:00,57.52,174.72,80.37,24.77
2021-03-23 02:00:00,58.94,167.42,80.65,23.82
2021-03-23 03:00:00,54.31,147.19,80.98,23.28
2021-03-23 04:00:00,56.82,152.6,76.85,23.09
2021-03-23 05:00:00,64.53,157.72,73.86,23.11
2021-03-23 06:00:00,59.38,158.95,71.17,22.91
2021-03-23 07:00:00,75.79,215.61,70.72,23.23
2021-03-23 08:00:00,76.06,278.44,57.19,27.41
2021-03-23 09:00:00,86.39,228.95,45.49,31.58
2021-03-23 10:00:00,93.56,252.42,43.03,32.47
2021-03-23 11:00:00,90.23,250.2,40.46,33.76
2021-03-23 12:00:00,81.16,218.07,38.78,34.15
2021-03-23 13:00:00,66.83,166.83,39.02,33.51
2021-03-23 14:00:00,58.5,150.0,39.14,33.94
2021-03-23 15:00:00,48.55,126.41,38.19,34.16
2021-03-23 16:00:00,44.25,132.55,47.88,32.4
2021-03-23 17:00:00,60.88,183.0,53.34,31.34
2021-03-23 18:00:00,63.88,169.96,50.44,30.03
2021-03-23 19:00:00,70.56,183.19,46.59,29.58
2021-03-23 20:00:00,73.82,189.72,53.8,28.61
2021-03-23 21:00:00,78.78,222.58,57.83,28.16
2021-03-23 22:00:00,89.33,237.3,62.52,27.05
2021-03-23 23:00:00,107.81,288.95,62.09,26.27
2021-03-24 00:00:00,114.62,295.77,61.66,25.63
2021-03-24 01:00:00,95.31,230.9,60.34,25.53
2021-03-24 02:00:00,86.47,192.09,64.86,24.97
2021-03-24 03:00:00,89.75,187.16,69.45,24.58
2021-03-24 04:00:00,94.69,213.42,68.17,24.35
2021-03-24 05:00:00,92.19,205.0,68.36,24.09
2021-03-24 06:00:00,99.53,236.13,68.77,23.85
2021-03-24 07:00:00,112.19,264.52,66.53,24.73
2021-03-24 08:00:00,121.47,339.88,56.77,28.02
2021-03-24 09:00:00,114.48,283.43,47.16,31.78
2021-03-24 10:00:00,117.75,300.66,37.31,34.48
2021-03-24 11:00:00,72.06,160.89545480146438,32.53,36.7
2021-03-24 12:00:00,61.5,162.3,34.91,36.65
2021-03-24 13:00:00,77.88,180.32,41.74,35.58
2021-03-24 14:00:00,78.06,193.41,41.17,35.48
2021-03-24 15:00:00,79.88,160.85,38.83,35.92
2021-03-24 16:00:00,72.47,147.64,39.12,34.88
2021-03-24 17:00:00,70.12,135.68,41.84,34.06
2021-03-24 18:00:00,70.0,144.44,52.61,31.17
2021-03-24 19:00:00,103.75,195.95,63.55,29.08
2021-03-24 20:00:00,89.12,205.63,61.56,28.5
2021-03-24 21:00:00,93.64,241.85,61.81,27.59
2021-03-24 22:00:00,96.81,261.93,58.84,27.05
2021-03-24 23:00:00,115.83,315.83,58.62,26.44
2021-03-25 00:00:00,119.81,295.43,61.34,25.21
2021-03-25 01:00:00,108.7,261.8,60.73,24.45
2021-03-25 02:00:00,108.94,237.36,62.62,23.91
2021-03-25 03:00:00,87.34,166.19,64.66,23.52
2021-03-25 04:00:00,90.68,175.28,59.41,23.8
2021-03-25 05:00:00,93.81,181.72,59.7,23.88
2021-03-25 06:00:00,100.56,197.09,62.14,23.09
2021-03-25 07:00:00,113.22,261.21,61.62,24.23
2021-03-25 08:00:00,160.88,436.71,36.45,30.03
2021-03-25 09:00:00,63.88,192.41,24.69,34.93
2021-03-25 10:00:00,47.61,183.68,20.19,36.97
2021-03-25 11:00:00,38.56,158.53,17.61,37.67
2021-03-25 12:00:00,43.65,151.34,15.43,38.91
2021-03-25 13:00:00,28.06,117.85,14.56,39.53
2021-03-25 14:00:00,59.81,149.0,18.57,39.21
2021-03-25 15:00:00,29.08,137.68,14.03,39.05
2021-03-25 16:00:00,16.67,119.09,12.1,38.53
2021-03-25 17:00:00,4.71,88.75,15.88,37.36
2021-03-25 18:00:00,9.29,71.8,20.73,34.86
2021-03-25 19:00:00,21.25,99.25,32.04,31.45
2021-03-25 20:00:00,57.78,195.34,36.22,29.81
2021-03-25 21:00:00,98.44,287.8,37.75,28.13
2021-03-25 22:00:00,109.44,320.36,41.74,26.66
2021-03-25 23:00:00,111.88,315.39,44.1,25.85
2021-03-26 00:00:00,99.81,285.75,44.98,25.03
2021-03-26 01:00:00,104.65,274.56,48.93,24.39
2021-03-26 02:00:00,88.18,224.0,51.55,23.96
2021-03-26 03:00:00,100.06,237.04,52.71,23.53
2021-03-26 04:00:00,91.64,189.91,53.12,23.17
2021-03-26 05:00:00,87.27,190.78,53.15,22.92
2021-03-26 06:00:00,87.0,179.63,54.26,22.74
2021-03-26 07:00:00,103.9,246.93,51.99,23.73
2021-03-26 08:00:00,90.0,286.85,42.53,28.06
2021-03-26 09:00:00,105.95,308.88,30.87,32.89
2021-03-26 10:00:00,101.39,271.32,24.73,36.09
2021-03-26 11:00:00,104.47,254.69,20.95,37.66
2021-03-26 12:00:00,87.38,216.63,19.39,38.36
2021-03-26 13:00:00,65.31,190.3,25.9,37.3
2021-03-26 14:00:00,68.69,195.6,24.63,37.14
2021-03-26 15:00:00,59.62,176.19,24.43,37.37
2021-03-26 16:00:00,59.0,150.47,24.65,37.23
2021-03-26 17:00:00,46.76,148.06,29.83,35.8
2021-03-26 18:00:00,61.94,153.68,40.52,32.76
2021-03-26 19:00:00,52.69,164.0,51.5,30.24
2021-03-26 20:00:00,59.51,205.68,55.27,29.03
2021-03-26 21:00:00,88.25,288.47,57.26,27.95
2021-03-26 22:00:00,86.25,319.42,58.99,27.09
2021-03-26 23:00:00,111.31,329.49,59.48,26.13
2021-03-27 00:00:00,113.0,308.23,58.49,25.7
2021-03-27 01:00:00,111.12,311.72,51.76,24.97
2021-03-27 02:00:00,101.58,232.75,55.09,24.18
2021-03-27 03:00:00,80.28,177.29,55.48,23.83
2021-03-27 04:00:00,89.36,186.42,54.5,24.02
2021-03-27 05:00:00,95.62,188.0,54.97,23.62
2021-03-27 06:00:00,86.61,189.88,58.08,23.29
2021-03-27 07:00:00,138.33,316.97,56.54,24.41
2021-03-27 08:00:00,151.41,413.69,48.52,28.75
2021-03-27 09:00:00,130.44,336.59,36.89,34.2
2021-03-27 10:00:00,130.87,326.32,29.22,36.3
2021-03-27 11:00:00,111.31,294.0,17.42,38.67
2021-03-27 12:00:00,49.06,136.54,16.48,39.68
2021-03-27 13:00:00,47.81,174.17,23.13,39.0
2021-03-27 14:00:00,88.31,239.47,22.05,38.8
2021-03-27 15:00:00,80.67,221.37,28.06,38.1
2021-03-27 16:00:00,70.62,181.32,25.52,37.41
2021-03-27 17:00:00,69.06,162.02,26.17,36.02
2021-03-27 18:00:00,53.06,146.79,26.3,33.8
2021-03-27 19:00:00,53.88,166.75,30.97,31.73
2021-03-27 20:00:00,75.5,198.31,35.24,30.09
2021-03-27 21:00:00,84.5,214.15,41.42,28.47
2021-03-27 22:00:00,102.81,270.41,45.86,27.14
2021-03-27 23:00:00,130.25,382.5,47.65,26.18
2021-03-28 00:00:00,122.62,380.07,48.52,25.38
2021-03-28 01:00:00,110.75,299.0,46.12,24.66
2021-03-28 02:00:00,84.73,188.0,46.24,24.49
2021-03-28 03:00:00,77.38,176.63,46.9,24.12
2021-03-28 04:00:00,85.44,163.74,52.56,23.64
2021-03-28 05:00:00,96.31,188.0,53.42,23.27
2021-03-28 06:00:00,88.59,156.87,56.61,23.11
2021-03-28 07:00:00,128.31,258.0,57.02,23.99
2021-03-28 08:00:00,103.69,273.0,52.53,27.23
2021-03-28 09:00:00,107.63,327.0,43.09,31.95
2021-03-28 10:00:00,152.06,330.77,49.43,32.52
2021-03-28 11:00:00,132.5,286.66,57.44,32.27
2021-03-28 12:00:00,74.67,188.07,59.72,32.26
2021-03-28 13:00:00,63.47,155.58,61.41,31.65
2021-03-28 14:00:00,48.05,130.41,63.22,31.69
2021-03-28 15:00:00,49.8,114.85,64.6,31.6
2021-03-28 16:00:00,64.03,129.09,58.37,31.62
2021-03-28 17:00:00,48.12,137.0,61.66,30.5
2021-03-28 18:00:00,48.87,137.88,67.16,29.52
2021-03-28 19:00:00,62.18,131.79,72.13,27.87
2021-03-28 20:00:00,49.82,135.0,72.85,27.4
2021-03-28 21:00:00,78.11,175.53,72.67,26.97
2021-03-28 22:00:00,106.25,204.0,73.19,25.99
2021-03-28 23:00:00,133.31,226.44,74.04,25.73
2021-03-29 00:00:00,158.5,274.64,76.27,25.07
2021-03-29 01:00:00,157.17,246.81,79.34,24.63
2021-03-29 02:00:00,167.33,245.0,80.59,24.19
2021-03-29 03:00:00,138.0,206.32,80.72,24.3
2021-03-29 04:00:00,118.19,194.56,83.22,24.27
2021-03-29 05:00:00,102.9,160.06,86.58,24.09
2021-03-29 06:00:00,87.94,143.85,90.17,23.85
2021-03-29 07:00:00,75.72,127.0,90.59,24.82
2021-03-29 08:00:00,69.37,130.76,75.78,28.07
2021-03-29 09:00:00,62.44,125.32,52.18,32.66
2021-03-29 10:00:00,62.94,140.09,44.73,33.62
2021-03-29 11:00:00,70.53,156.99,44.79,34.27
2021-03-29 12:00:00,84.1,174.97,48.88,33.72
2021-03-29 13:00:00,77.5,164.68,49.25,33.27
2021-03-29 14:00:00,56.44,131.8,57.51,32.81
2021-03-29 15:00:00,43.73,104.61,47.99,33.44
2021-03-29 16:00:00,31.73,96.39,44.81,33.48
2021-03-29 17:00:00,21.6,83.69,51.46,32.08
2021-03-29 18:00:00,22.87,71.68,69.16,29.14
2021-03-29 19:00:00,27.69,73.83,81.45,27.47
2021-03-29 20:00:00,26.12,70.22,85.44,26.9
2021-03-29 21:00:00,31.62,78.0,86.16,26.54
2021-03-29 22:00:00,21.72,67.66,88.12,25.99
2021-03-29 23:00:00,23.8,60.39,88.46,25.48
2021-03-30 00:00:00,31.48,70.41,88.75,24.82
2021-03-30 01:00:00,23.55,66.3,89.52,24.23
2021-03-30 02:00:00,32.42,76.34,89.22,23.6
2021-03-30 03:00:00,28.33,60.07,87.99,22.9
2021-03-30 04:00:00,27.07,63.72,87.22,22.49
2021-03-30 05:00:00,24.18,56.46,84.97,22.16
2021-03-30 06:00:00,22.12,48.45,83.64,22.12
2021-03-30 07:00:00,28.56,100.83,81.21,23.44
2021-03-30 08:00:00,33.71,177.88,79.37,27.11
2021-03-30 09:00:00,38.69,115.69,70.51,29.1
2021-03-30 10:00:00,31.52,95.0,66.57,29.88
2021-03-30 11:00:00,31.0,96.89,63.55,30.29
2021-03-30 12:00:00,27.25,100.76,59.46,30.93
2021-03-30 13:00:00,24.2,122.7,49.21,32.16
2021-03-30 14:00:00,18.39,90.14,48.06,31.95
2021-03-30 15:00:00,16.13,75.78,46.54,31.68
2021-03-30 16:00:00,16.0,71.24,52.87,31.12
2021-03-30 17:00:00,11.3,78.53,55.31,30.55
2021-03-30 18:00:00,13.8,75.24,60.86,28.99
2021-03-30 19:00:00,19.61,79.72,71.08,26.89
2021-03-30 20:00:00,25.64,85.66,74.93,26.05
2021-03-30 21:00:00,19.42,77.48,77.56,25.09
2021-03-30 22:00:00,26.48,122.14,79.48,24.1
2021-03-30 23:00:00,27.0,142.0,82.17,23.38
2021-03-31 00:00:00,32.61,107.92,82.95,22.97
2021-03-31 01:00:00,26.41,70.0,84.82,22.58
2021-03-31 02:00:00,28.82,65.17,86.18,22.24
2021-03-31 03:00:00,23.37,59.34,87.44,22.04
2021-03-31 04:00:00,17.37,56.16,88.65,21.75
2021-03-31 05:00:00,14.18,40.91,90.33,21.62
2021-03-31 06:00:00,16.82,51.28,90.97,21.65
2021-03-31 07:00:00,27.33,85.02,87.77,23.34
2021-03-31 08:00:00,29.88,152.1,76.48,27.67
2021-03-31 09:00:00,17.8,89.02,64.16,29.82
2021-03-31 10:00:00,25.45,86.88,56.65,31.27
2021-03-31 11:00:00,23.18,83.24,54.65,32.17
2021-03-31 12:00:00,19.25,87.73,56.71,31.7
2021-03-31 13:00:00,33.08,95.55,51.6,31.63
2021-03-31 14:00:00,21.8,96.0,57.32,31.39
2021-03-31 15:00:00,15.37,102.63,60.86,31.16
2021-03-31 16:00:00,24.39,104.0,61.34,31.61
2021-03-31 17:00:00,17.41,97.31,63.57,30.77
2021-03-31 18:00:00,24.48,84.78,75.02,28.15
2021-03-31 19:00:00,26.88,98.11,83.58,26.43
2021-03-31 20:00:00,30.48,99.88,86.02,25.88
2021-03-31 21:00:00,27.23,101.89,87.93,25.48
2021-03-31 22:00:00,32.61,117.05,88.98,25.12
2021-03-31 23:00:00,29.26,100.13,88.6,25.22
2021-04-01 00:00:00,27.12,102.75,87.3,25.56
2021-04-01 01:00:00,29.82,103.0,85.84,25.71
2021-04-01 02:00:00,30.94,124.0,85.91,25.56
2021-04-01 03:00:00,34.74,129.64,86.13,25.55
2021-04-01 04:00:00,40.63,148.81,85.46,25.6
2021-04-01 05:00:00,46.61,158.47,86.25,25.22
2021-04-01 06:00:00,39.49,156.17,88.55,24.7
2021-04-01 07:00:00,43.7,188.92,85.8,25.8
2021-04-01 08:00:00,45.88,196.66,79.19,27.62
2021-04-01 09:00:00,49.76,187.59,73.55,28.46
2021-04-01 10:00:00,56.57,210.06,66.52,29.88
2021-04-01 11:00:00,62.63,235.67,64.56,30.56
2021-04-01 12:00:00,63.94,233.22,64.58,30.52
2021-04-01 13:00:00,49.05,216.96,64.77,30.65
2021-04-01 14:00:00,51.74,221.64,64.26,30.66
2021-04-01 15:00:00,47.33,219.17,63.56,30.82
2021-04-01 16:00:00,43.26,208.62,63.47,30.88
2021-04-01 17:00:00,48.62,222.11,68.84,29.35
2021-04-01 18:00:00,51.82,208.89,74.31,28.09
2021-04-01 19:00:00,55.74,216.0,78.72,27.18
2021-04-01 20:00:00,56.94,226.38,80.29,26.78
2021-04-01 21:00:00,54.18,222.28,80.99,26.59
2021-04-01 22:00:00,54.94,224.82,80.69,26.43
2021-04-01 23:00:00,55.0,212.74,79.05,26.52
2021-04-02 00:00:00,51.27,202.59,77.96,26.43
2021-04-02 01:00:00,51.94,192.59,77.12,26.24
2021-04-02 02:00:00,54.82,189.18,78.08,25.92
2021-04-02 03:00:00,50.32,187.11,80.57,25.2
2021-04-02 04:00:00,49.06,176.62,82.96,24.53
2021-04-02 05:00:00,44.3,162.83,84.74,23.95
2021-04-02 06:00:00,49.63,170.47,84.83,23.94
2021-04-02 07:00:00,47.2,208.62,83.36,25.2
2021-04-02 08:00:00,61.08,219.47,75.13,27.43
2021-04-02 09:00:00,46.98,215.28,65.62,28.93
2021-04-02 10:00:00,51.63,237.0,60.45,30.54
2021-04-02 11:00:00,60.45,241.7,63.91,30.09
2021-04-02 12:00:00,60.06,241.06,63.85,30.24
2021-04-02 13:00:00,50.61,220.25,61.49,30.77
2021-04-02 14:00:00,46.25,213.32,61.31,30.35
2021-04-02 15:00:00,39.43,206.42,60.52,30.57
2021-04-02 16:00:00,40.87,211.31,61.55,30.06
2021-04-02 17:00:00,45.7,222.38,64.04,29.14
2021-04-02 18:00:00,43.19,205.13,71.14,27.84
2021-04-02 19:00:00,42.06,196.47,75.5,26.79
2021-04-02 20:00:00,42.0,200.0,77.44,26.29
2021-04-02 21:00:00,38.26,174.61,78.83,25.92
2021-04-02 22:00:00,36.12,169.22,79.74,25.74
2021-04-02 23:00:00,44.41,181.26,81.72,25.05
2021-04-03 00:00:00,37.49,155.67,83.47,24.61
2021-04-03 01:00:00,40.76,147.39,84.34,24.35
2021-04-03 02:00:00,39.0,140.0,85.64,24.08
2021-04-03 03:00:00,39.0,146.17,86.19,23.77
2021-04-03 04:00:00,36.18,134.0,87.53,23.45
2021-04-03 05:00:00,35.06,134.94,87.62,23.34
2021-04-03 06:00:00,36.88,133.11,88.11,23.34
2021-04-03 07:00:00,34.2,149.98,84.97,24.77
2021-04-03 08:00:00,34.88,171.44,74.71,27.56
2021-04-03 09:00:00,37.82,189.99,67.11,29.26
2021-04-03 10:00:00,51.95,207.74,66.96,29.43
2021-04-03 11:00:00,53.06,209.06,67.77,29.4
2021-04-03 12:00:00,48.3,204.28,68.06,29.2
2021-04-03 13:00:00,39.52,191.78,66.04,29.61
2021-04-03 14:00:00,41.82,192.88,66.57,29.29
2021-04-03 15:00:00,41.06,171.0,65.71,29.53
2021-04-03 16:00:00,34.45,152.13,67.52,28.99
2021-04-03 17:00:00,31.19,139.72,70.11,28.18
2021-04-03 18:00:00,24.45,120.19,74.41,27.18
2021-04-03 19:00:00,29.63,119.94,77.32,26.71
2021-04-03 20:00:00,34.68,121.89,78.19,26.62
2021-04-03 21:00:00,31.26,125.76,78.69,26.59
2021-04-03 22:00:00,27.25,107.11,79.35,26.49
2021-04-03 23:00:00,26.07,110.7,79.94,26.34
2021-04-04 00:00:00,26.0,97.85,81.03,26.01
2021-04-04 01:00:00,51.27,131.8,82.09,25.57
2021-04-04 02:00:00,30.47,97.0,83.79,24.97
2021-04-04 03:00:00,20.59,93.22,84.94,24.57
2021-04-04 04:00:00,22.8,94.89,85.81,24.35
2021-04-04 05:00:00,24.87,89.36,84.41,24.72
2021-04-04 06:00:00,22.19,81.03,82.73,25.25
2021-04-04 07:00:00,25.75,100.75,81.11,26.01
2021-04-04 08:00:00,29.75,108.58,71.2,28.35
2021-04-04 09:00:00,23.45,117.49,61.04,30.94
2021-04-04 10:00:00,31.45,132.11,59.19,31.27
2021-04-04 11:00:00,33.87,146.21,58.13,31.98
2021-04-04 12:00:00,34.94,142.3,60.38,31.62
2021-04-04 13:00:00,30.33,141.06,60.97,31.48
2021-04-04 14:00:00,29.07,131.56,62.83,31.27
2021-04-04 15:00:00,27.13,125.34,61.27,31.26
2021-04-04 16:00:00,23.25,124.06,59.94,31.09
2021-04-04 17:00:00,26.75,121.17,62.87,30.13
2021-04-04 18:00:00,19.49,116.3,71.79,28.3
2021-04-04 19:00:00,24.63,112.22,78.29,27.21
2021-04-04 20:00:00,24.06,114.82,80.5,26.79
2021-04-04 21:00:00,23.07,103.72,82.13,26.54
2021-04-04 22:00:00,25.81,103.0,83.66,26.28
2021-04-04 23:00:00,21.32,95.95,85.54,25.85
2021-04-05 00:00:00,21.0,86.55,86.74,25.54
2021-04-05 01:00:00,19.12,86.94,87.33,25.2
2021-04-05 02:00:00,14.32,72.89,88.71,24.91
2021-04-05 03:00:00,20.57,71.06,88.63,24.94
2021-04-05 04:00:00,22.87,78.53,89.66,24.48
2021-04-05 05:00:00,19.25,74.28,90.37,24.16
2021-04-05 06:00:00,24.62,68.36,90.82,24.06
2021-04-05 07:00:00,21.26,99.03,87.86,25.44
2021-04-05 08:00:00,16.34,107.0,76.11,28.41
2021-04-05 09:00:00,17.87,82.48,66.61,30.8
2021-04-05 10:00:00,26.43,110.16,63.94,31.16
2021-04-05 11:00:00,29.82,109.18,65.79,30.99
2021-04-05 12:00:00,33.74,126.92,64.52,31.34
2021-04-05 13:00:00,30.25,128.94,62.83,31.69
2021-04-05 14:00:00,24.41,104.44,60.12,31.85
2021-04-05 15:00:00,23.07,104.88,57.89,31.99
2021-04-05 16:00:00,20.2,105.0,56.59,32.18
2021-04-05 17:00:00,16.25,91.79,59.84,31.04
2021-04-05 18:00:00,16.93,90.06,69.97,29.05
2021-04-05 19:00:00,18.88,90.0,74.78,27.85
2021-04-05 20:00:00,19.93,96.58,76.53,27.38
2021-04-05 21:00:00,24.66,100.76,75.77,26.8
2021-04-05 22:00:00,22.2,102.88,79.68,25.82
2021-04-05 23:00:00,35.97,132.16,77.99,25.2
2021-04-06 00:00:00,33.27,131.17,77.56,24.58
2021-04-06 01:00:00,42.31,109.44,76.4,23.98
2021-04-06 02:00:00,40.2,96.67,78.92,23.56
2021-04-06 03:00:00,33.46,98.82,77.84,23.25
2021-04-06 04:00:00,34.86,101.82,76.14,22.93
2021-04-06 05:00:00,37.8,95.42,76.78,22.57
2021-04-06 06:00:00,46.38,104.44,74.39,22.41
2021-04-06 07:00:00,70.29,198.75,69.55,23.91
2021-04-06 08:00:00,63.58,223.81,53.92,28.78
2021-04-06 09:00:00,67.66,209.14,41.44,32.97
2021-04-06 10:00:00,53.02,166.76,40.78,34.62
2021-04-06 11:00:00,48.26,157.42,37.07,36.03
2021-04-06 12:00:00,57.31,166.41,40.38,36.68
2021-04-06 13:00:00,53.34,177.39,57.49,34.36
2021-04-06 14:00:00,37.15,145.08,52.72,34.83
2021-04-06 15:00:00,48.15,144.88,42.42,36.06
2021-04-06 16:00:00,38.75,114.71,30.27,36.34
2021-04-06 17:00:00,24.92,77.0,41.79,33.91
2021-04-06 18:00:00,28.66,92.99,58.33,31.03
2021-04-06 19:00:00,29.0,100.58,69.11,29.1
2021-04-06 20:00:00,36.48,115.11,72.28,28.59
2021-04-06 21:00:00,36.06,122.63,74.82,27.86
2021-04-06 22:00:00,38.81,119.23,76.51,27.23
2021-04-06 23:00:00,36.2,109.59,78.4,26.75
2021-04-07 00:00:00,33.2,116.53,79.31,26.09
2021-04-07 01:00:00,26.09,85.12,81.45,25.69
2021-04-07 02:00:00,29.66,80.06,84.39,25.17
2021-04-07 03:00:00,29.07,76.22,87.12,24.81
2021-04-07 04:00:00,29.93,78.83,88.11,24.43
2021-04-07 05:00:00,33.74,91.22,87.61,24.05
2021-04-07 06:00:00,19.09,83.53,87.7,23.98
2021-04-07 07:00:00,44.21,107.56,84.2,25.48
2021-04-07 08:00:00,45.06,222.8,71.78,29.2
2021-04-07 09:00:00,32.89,116.0,57.53,32.29
2021-04-07 10:00:00,39.48,157.38,54.32,32.93
2021-04-07 11:00:00,40.0,147.78,50.95,33.92
2021-04-07 12:00:00,45.61,138.53,58.26,33.27
2021-04-07 13:00:00,37.62,146.47,56.32,33.37
2021-04-07 14:00:00,36.07,136.66,50.05,34.26
2021-04-07 15:00:00,34.14,121.89,45.89,34.51
2021-04-07 16:00:00,34.94,119.12,43.39,34.18
2021-04-07 17:00:00,32.19,105.78,48.11,32.38
2021-04-07 18:00:00,28.25,101.24,56.35,30.21
2021-04-07 19:00:00,30.8,121.69,64.6,28.79
2021-04-07 20:00:00,30.06,116.4,67.4,28.0
2021-04-07 21:00:00,38.38,128.22,71.36,26.88
2021-04-07 22:00:00,39.0,121.47,72.61,26.23
2021-04-07 23:00:00,49.25,130.41,73.07,26.12
2021-04-08 00:00:00,38.86,118.78,75.65,26.02
2021-04-08 01:00:00,30.51,101.07,79.72,25.77
2021-04-08 02:00:00,26.27,83.96,82.33,25.56
2021-04-08 03:00:00,24.14,73.0,83.62,25.12
2021-04-08 04:00:00,23.07,72.06,85.98,24.75
2021-04-08 05:00:00,29.52,80.47,86.54,24.41
2021-04-08 06:00:00,24.38,76.3,87.14,24.54
2021-04-08 07:00:00,38.91,127.72,83.62,26.02
2021-04-08 08:00:00,43.73,179.91,75.62,28.38
2021-04-08 09:00:00,34.69,139.74,70.79,29.24
2021-04-08 10:00:00,34.93,137.94,65.51,30.88
2021-04-08 11:00:00,33.14,139.88,68.18,30.43
2021-04-08 12:00:00,24.62,131.53,70.11,30.8
2021-04-08 13:00:00,26.8,144.17,72.69,30.12
2021-04-08 14:00:00,33.52,130.94,70.4,30.99
2021-04-08 15:00:00,36.81,117.72,70.33,30.45
2021-04-08 16:00:00,26.75,92.55,66.16,30.52
2021-04-08 17:00:00,24.14,109.81,69.3,29.54
2021-04-08 18:00:00,24.93,108.17,73.91,28.34
2021-04-08 19:00:00,30.59,98.59,78.32,27.27
2021-04-08 20:00:00,24.48,99.88,80.07,26.8
2021-04-08 21:00:00,24.93,105.0,82.01,26.41
2021-04-08 22:00:00,34.31,124.75,83.86,26.14
2021-04-08 23:00:00,26.62,102.49,85.57,25.42
2021-04-09 00:00:00,28.8,106.64,86.65,24.91
2021-04-09 01:00:00,29.93,106.06,86.78,24.84
2021-04-09 02:00:00,30.93,84.37,89.86,24.55
2021-04-09 03:00:00,31.0,73.59,90.95,24.19
2021-04-09 04:00:00,25.41,71.12,91.57,23.86
2021-04-09 05:00:00,24.07,71.94,92.6,23.58
2021-04-09 06:00:00,24.93,77.64,93.08,23.6
2021-04-09 07:00:00,34.31,118.57,90.13,24.94
2021-04-09 08:00:00,35.94,186.83,77.7,28.13
2021-04-09 09:00:00,31.32,120.17,66.64,30.32
2021-04-09 10:00:00,36.59,125.41,55.36,32.37
2021-04-09 11:00:00,40.73,157.03,56.08,32.5
2021-04-09 12:00:00,39.14,150.53,62.81,31.38
2021-04-09 13:00:00,37.14,125.39,61.75,31.78
2021-04-09 14:00:00,41.64,147.51,60.81,31.9
2021-04-09 15:00:00,36.41,156.54,60.21,32.35
2021-04-09 16:00:00,36.0,171.11,64.21,30.8
2021-04-09 17:00:00,39.73,171.06,67.86,29.78
2021-04-09 18:00:00,46.52,187.93,73.34,28.59
2021-04-09 19:00:00,43.27,191.82,77.34,27.75
2021-04-09 20:00:00,44.86,198.11,80.64,27.17
2021-04-09 21:00:00,50.57,198.06,83.75,26.86
2021-04-09 22:00:00,47.27,198.94,85.71,26.55
2021-04-09 23:00:00,43.27,183.01,87.29,26.24
2021-04-10 00:00:00,37.41,167.89,87.39,26.09
2021-04-10 01:00:00,37.93,172.64,86.6,25.91
2021-04-10 02:00:00,24.03,152.25,88.67,25.18
2021-04-10 03:00:00,31.38,146.3,90.48,24.4
2021-04-10 04:00:00,32.93,134.72,91.13,23.45
2021-04-10 05:00:00,34.86,136.82,82.95,22.84
2021-04-10 06:00:00,43.4,158.66,81.11,22.93
2021-04-10 07:00:00,52.38,310.0,83.39,24.9
2021-04-10 08:00:00,54.86,239.38,69.67,29.38
2021-04-10 09:00:00,57.8,197.32,58.0,31.51
2021-04-10 10:00:00,57.07,197.82,46.66,33.02
2021-04-10 11:00:00,57.0,194.24,48.59,33.34
2021-04-10 12:00:00,57.0,198.7,59.72,32.05
2021-04-10 13:00:00,48.62,205.58,51.93,33.1
2021-04-10 14:00:00,42.41,178.53,56.95,32.25
2021-04-10 15:00:00,35.5,162.85,62.81,31.14
2021-04-10 16:00:00,28.5,131.12,63.47,30.94
2021-04-10 17:00:00,22.43,119.62,67.94,30.09
2021-04-10 18:00:00,26.66,114.3,72.75,28.83
2021-04-10 19:00:00,29.79,116.82,77.76,27.98
2021-04-10 20:00:00,26.25,111.36,78.3,28.02
2021-04-10 21:00:00,43.7,130.75,78.31,27.88
2021-04-10 22:00:00,35.69,123.53,79.73,27.4
2021-04-10 23:00:00,37.8,120.18,83.0,26.29
2021-04-11 00:00:00,46.4,130.33,84.76,25.29
2021-04-11 01:00:00,45.13,120.66,77.64,24.57
2021-04-11 02:00:00,31.96,86.14,77.44,24.13
2021-04-11 03:00:00,30.07,88.7,78.84,24.19
2021-04-11 04:00:00,30.0,81.44,83.84,24.44
2021-04-11 05:00:00,34.66,82.88,88.32,24.34
2021-04-11 06:00:00,34.07,94.28,91.21,23.97
2021-04-11 07:00:00,44.22,123.12,84.53,24.68
2021-04-11 08:00:00,42.2,138.17,62.16,29.15
2021-04-11 09:00:00,58.8,183.06,52.61,30.98
2021-04-11 10:00:00,70.25,209.62,38.35,34.19
2021-04-11 11:00:00,51.5,156.57,33.49,35.25
2021-04-11 12:00:00,45.36,153.94,44.16,34.08
2021-04-11 13:00:00,39.43,162.44,44.82,34.21
2021-04-11 14:00:00,35.28,146.97,48.58,33.99
2021-04-11 15:00:00,32.2,122.49,44.95,34.53
2021-04-11 16:00:00,29.2,114.42,48.81,33.84
2021-04-11 17:00:00,23.86,99.94,60.92,31.77
2021-04-11 18:00:00,52.81,129.97,73.52,29.76
2021-04-11 19:00:00,26.21,92.62,81.52,28.49
2021-04-11 20:00:00,16.57,83.41,85.03,27.95
2021-04-11 21:00:00,22.52,82.06,85.87,27.43
2021-04-11 22:00:00,29.5,82.94,84.69,26.56
2021-04-11 23:00:00,44.91,134.72,78.24,25.96
2021-04-12 00:00:00,46.0,128.62,79.68,25.51
2021-04-12 01:00:00,40.41,91.32,78.3,25.23
2021-04-12 02:00:00,37.2,86.18,79.89,25.89
2021-04-12 03:00:00,37.0,86.0,86.69,27.0
2021-04-12 04:00:00,24.89,72.83,86.7,26.46
2021-04-12 05:00:00,26.79,71.06,89.08,25.51
2021-04-12 06:00:00,27.0,74.79,90.63,25.15
2021-04-12 07:00:00,37.25,107.08,87.79,26.42
2021-04-12 08:00:00,38.0,133.45,79.64,28.75
2021-04-12 09:00:00,27.75,91.6,72.61,30.63
2021-04-12 10:00:00,36.28,111.5,60.49,32.66
2021-04-12 11:00:00,37.0,109.21,52.25,33.95
2021-04-12 12:00:00,46.0,124.0,48.72,34.22
2021-04-12 13:00:00,41.34,144.69,49.81,33.99
2021-04-12 14:00:00,37.28,142.24,53.37,33.74
2021-04-12 15:00:00,33.28,122.31,50.37,34.3
2021-04-12 16:00:00,30.21,111.64,49.72,33.9
2021-04-12 17:00:00,30.0,111.0,49.42,32.84
2021-04-12 18:00:00,28.14,108.18,58.21,31.16
2021-04-12 19:00:00,28.86,104.47,55.86,30.69
2021-04-12 20:00:00,41.07,172.44,56.84,30.57
2021-04-12 21:00:00,52.22,182.64,61.28,29.73
2021-04-12 22:00:00,55.78,138.94,65.01,28.35
2021-04-12 23:00:00,63.43,189.61,65.53,27.53
2021-04-13 00:00:00,54.72,153.55,73.16,27.23
2021-04-13 01:00:00,37.23,115.11,77.08,27.55
2021-04-13 02:00:00,31.36,85.72,77.58,27.66
2021-04-13 03:00:00,24.5,68.06,78.26,27.37
2021-04-13 04:00:00,21.21,72.62,79.21,27.0
2021-04-13 05:00:00,30.29,80.0,79.98,26.84
2021-04-13 06:00:00,30.07,79.06,81.62,26.4
2021-04-13 07:00:00,88.5,188.09,77.35,27.24
2021-04-13 08:00:00,51.22,179.01,69.54,30.39
2021-04-13 09:00:00,48.0,153.62,56.84,33.39
2021-04-13 10:00:00,48.93,153.88,46.98,34.99
2021-04-13 11:00:00,62.0,174.69,45.04,35.74
2021-04-13 12:00:00,53.72,147.82,61.37,33.32
2021-04-13 13:00:00,34.43,123.97,61.23,33.3
2021-04-13 14:00:00,39.52,113.47,56.9,33.61
2021-04-13 15:00:00,31.6,108.59,53.69,33.94
2021-04-13 16:00:00,31.93,114.58,52.15,34.03
2021-04-13 17:00:00,29.2,111.25,59.08,32.51
2021-04-13 18:00:00,32.72,112.0,68.42,30.62
2021-04-13 19:00:00,35.81,122.34,76.62,29.06
2021-04-13 20:00:00,32.0,112.0,78.44,28.62
2021-04-13 21:00:00,37.57,104.47,80.42,28.48
2021-04-13 22:00:00,27.79,103.06,83.66,28.22
2021-04-13 23:00:00,32.59,95.47,84.63,28.09
2021-04-14 00:00:00,27.43,82.83,85.44,27.84
2021-04-14 01:00:00,28.86,80.12,85.98,27.69
2021-04-14 02:00:00,24.69,73.84,84.75,27.69
2021-04-14 03:00:00,22.13,73.94,82.95,27.58
2021-04-14 04:00:00,25.71,76.82,82.53,27.33
2021-04-14 05:00:00,26.93,70.42,83.59,27.06
2021-04-14 06:00:00,26.07,75.65,84.96,26.88
2021-04-14 07:00:00,38.13,100.48,82.23,27.84
2021-04-14 08:00:00,30.64,103.88,69.07,30.32
2021-04-14 09:00:00,27.21,89.94,54.5,32.62
2021-04-14 10:00:00,34.43,108.75,45.97,34.43
2021-04-14 11:00:00,36.86,97.66,43.95,34.42
2021-04-14 12:00:00,33.0,97.0,53.87,33.9
2021-04-14 13:00:00,40.38,160.89545480146438,65.68451067369004,26.877576357466065
2021-04-14 14:00:00,35.43,118.0,54.49,34.15
2021-04-14 15:00:00,39.67,127.41,60.54,32.96
2021-04-14 16:00:00,37.22,115.78,64.83,31.81
2021-04-14 17:00:00,36.07,103.63,67.32,31.18
2021-04-14 18:00:00,26.75,87.93,74.57,29.5
2021-04-14 19:00:00,21.36,77.61,78.68,28.63
2021-04-14 20:00:00,18.2,76.06,80.09,28.31
2021-04-14 21:00:00,19.86,72.24,78.48,28.35
2021-04-14 22:00:00,32.07,91.75,79.7,28.29
2021-04-14 23:00:00,32.07,103.33,81.59,27.88
2021-04-15 00:00:00,37.57,113.38,84.03,27.41
2021-04-15 01:00:00,38.0,95.19,83.34,27.13
2021-04-15 02:00:00,31.0,85.0,86.82,26.83
2021-04-15 03:00:00,18.93,67.13,86.56,26.11
2021-04-15 04:00:00,31.93,79.12,87.74,25.61
2021-04-15 05:00:00,21.82,61.19,89.17,25.38
2021-04-15 06:00:00,24.71,61.88,90.35,25.29
2021-04-15 07:00:00,26.85,73.25,86.84,26.97
2021-04-15 08:00:00,29.79,108.8,72.42,30.21
2021-04-15 09:00:00,31.87,83.72,63.24,31.88
2021-04-15 10:00:00,40.36,108.0,53.22,33.52
2021-04-15 11:00:00,67.08,131.51,47.49,33.75
2021-04-15 12:00:00,45.78,133.0,57.59,33.06
2021-04-15 13:00:00,62.57,163.09,53.79,33.34
2021-04-15 14:00:00,56.57,143.37,53.2,32.77
2021-04-15 15:00:00,43.0,133.53,62.94,32.11
2021-04-15 16:00:00,38.28,105.76,67.68,31.51
2021-04-15 17:00:00,31.48,90.88,71.04,30.45
2021-04-15 18:00:00,33.78,90.0,74.22,29.17
2021-04-15 19:00:00,32.14,99.42,80.91,28.16
2021-04-15 20:00:00,31.07,83.05,81.73,27.71
2021-04-15 21:00:00,28.0,79.0,82.81,27.45
2021-04-15 22:00:00,38.18,90.25,84.44,26.98
2021-04-15 23:00:00,39.0,106.94,86.05,26.55
2021-04-16 00:00:00,43.64,103.29,86.94,26.18
2021-04-16 01:00:00,38.43,84.19,88.86,25.91
2021-04-16 02:00:00,35.22,76.39,89.32,25.79
2021-04-16 03:00:00,35.93,65.66,91.34,25.11
2021-04-16 04:00:00,25.79,62.18,92.24,24.69
2021-04-16 05:00:00,31.53,51.66,92.52,24.2
2021-04-16 06:00:00,28.29,53.82,92.1,24.03
2021-04-16 07:00:00,28.93,78.73,85.84,25.65
2021-04-16 08:00:00,34.57,119.62,69.54,29.38
2021-04-16 09:00:00,22.0,73.03,55.1,31.22
2021-04-16 10:00:00,24.73,94.56,45.25,32.71
2021-04-16 11:00:00,25.93,81.89,54.43,32.57
2021-04-16 12:00:00,26.93,81.0,63.24,32.09
2021-04-16 13:00:00,14.0,60.38,62.4,32.44
2021-04-16 14:00:00,20.43,59.0,62.79,32.51
2021-04-16 15:00:00,9.86,62.75,65.78,31.46
2021-04-16 16:00:00,21.0,93.0,64.15,31.77
2021-04-16 17:00:00,20.14,75.62,68.77,30.55
2021-04-16 18:00:00,20.0,73.0,75.45,28.64
2021-04-16 19:00:00,21.86,75.0,79.8,27.57
2021-04-16 20:00:00,17.35,64.0,80.66,27.27
2021-04-16 21:00:00,21.64,68.0,80.32,27.05
2021-04-16 22:00:00,21.07,72.72,81.52,26.78
2021-04-16 23:00:00,22.88,89.18,82.42,26.58
2021-04-17 00:00:00,20.21,73.0,82.82,26.24
2021-04-17 01:00:00,22.79,61.66,84.18,25.99
2021-04-17 02:00:00,11.86,52.53,87.23,25.34
2021-04-17 03:00:00,17.5,37.0,89.19,24.98
2021-04-17 04:00:00,6.86,42.56,90.0,24.33
2021-04-17 05:00:00,11.55,33.58,88.57,23.84
2021-04-17 06:00:00,10.14,44.3,87.84,23.92
2021-04-17 07:00:00,20.18,93.03,81.43,26.12
2021-04-17 08:00:00,22.87,96.94,70.91,29.6
2021-04-17 09:00:00,23.0,80.07,64.72,31.58
2021-04-17 10:00:00,26.71,108.06,60.85,32.48
2021-04-17 11:00:00,31.64,95.94,60.68,33.01
2021-04-17 12:00:00,23.67,84.57,65.34,32.61
2021-04-17 13:00:00,16.5,84.0,65.23,33.11
2021-04-17 14:00:00,17.86,72.0,67.18,32.55
2021-04-17 15:00:00,24.48,76.0,64.82,32.77
2021-04-17 16:00:00,22.2,75.06,57.44,33.31
2021-04-17 17:00:00,22.86,76.75,59.88,32.31
2021-04-17 18:00:00,18.36,79.81,68.7,30.1
2021-04-17 19:00:00,24.52,80.94,77.4,28.67
2021-04-17 20:00:00,31.5,87.58,81.97,28.14
2021-04-17 21:00:00,21.82,69.25,84.11,27.64
2021-04-17 22:00:00,26.57,72.69,85.85,27.19
2021-04-17 23:00:00,33.5,84.25,86.79,27.24
2021-04-18 00:00:00,33.08,79.39,87.91,27.05
2021-04-18 01:00:00,23.71,72.44,88.63,26.67
2021-04-18 02:00:00,22.07,62.62,89.25,26.48
2021-04-18 03:00:00,22.0,57.31,89.47,26.37
2021-04-18 04:00:00,20.15,61.0,91.06,25.82
2021-04-18 05:00:00,19.07,45.01,91.58,25.35
2021-04-18 06:00:00,24.55,49.62,91.43,25.15
2021-04-18 07:00:00,34.26,72.5,86.32,26.95
2021-04-18 08:00:00,28.52,81.5,70.52,30.7
2021-04-18 09:00:00,37.43,97.85,60.42,32.7
2021-04-18 10:00:00,66.84673286713287,160.89545480146438,65.68451067369004,26.877576357466065
2021-04-18 11:00:00,66.84673286713287,160.89545480146438,65.68451067369004,26.877576357466065
2021-04-18 12:00:00,66.84673286713287,160.89545480146438,65.68451067369004,26.877576357466065
2021-04-18 13:00:00,66.84673286713287,160.89545480146438,65.68451067369004,26.877576357466065
2021-04-18 14:00:00,66.84673286713287,160.89545480146438,65.68451067369004,26.877576357466065
2021-04-18 15:00:00,66.84673286713287,160.89545480146438,65.68451067369004,26.877576357466065
2021-04-18 16:00:00,66.84673286713287,160.89545480146438,65.68451067369004,26.877576357466065
2021-04-18 17:00:00,66.84673286713287,160.89545480146438,65.68451067369004,26.877576357466065
2021-04-18 18:00:00,66.84673286713287,160.89545480146438,65.68451067369004,26.877576357466065
2021-04-18 19:00:00,66.84673286713287,160.89545480146438,65.68451067369004,26.877576357466065
2021-04-18 20:00:00,66.84673286713287,160.89545480146438,65.68451067369004,26.877576357466065
2021-04-18 21:00:00,66.84673286713287,160.89545480146438,65.68451067369004,26.877576357466065
2021-04-18 22:00:00,66.84673286713287,160.89545480146438,65.68451067369004,26.877576357466065
2021-04-18 23:00:00,66.84673286713287,160.89545480146438,65.68451067369004,26.877576357466065
2021-04-19 00:00:00,66.84673286713287,160.89545480146438,65.68451067369004,26.877576357466065
2021-04-19 01:00:00,66.84673286713287,160.89545480146438,65.68451067369004,26.877576357466065
2021-04-19 02:00:00,66.84673286713287,160.89545480146438,65.68451067369004,26.877576357466065
2021-04-19 03:00:00,66.84673286713287,160.89545480146438,65.68451067369004,26.877576357466065
2021-04-19 04:00:00,66.84673286713287,160.89545480146438,65.68451067369004,26.877576357466065
2021-04-19 05:00:00,66.84673286713287,160.89545480146438,65.68451067369004,26.877576357466065
2021-04-19 06:00:00,66.84673286713287,160.89545480146438,65.68451067369004,26.877576357466065
2021-04-19 07:00:00,66.84673286713287,160.89545480146438,65.68451067369004,26.877576357466065
2021-04-19 08:00:00,66.84673286713287,160.89545480146438,65.68451067369004,26.877576357466065
2021-04-19 09:00:00,66.84673286713287,160.89545480146438,65.68451067369004,26.877576357466065
2021-04-19 10:00:00,66.84673286713287,160.89545480146438,65.68451067369004,26.877576357466065
2021-04-19 11:00:00,32.0,109.0,66.39,31.63
2021-04-19 12:00:00,33.85,134.31,66.63,31.59
2021-04-19 13:00:00,25.67,120.06,63.91,32.27
2021-04-19 14:00:00,25.0,111.5,65.25,31.93
2021-04-19 15:00:00,22.21,97.88,62.86,32.49
2021-04-19 16:00:00,17.37,77.22,61.41,32.53
2021-04-19 17:00:00,25.33,85.38,63.49,31.51
2021-04-19 18:00:00,18.59,78.5,70.04,29.55
2021-04-19 19:00:00,18.93,76.12,75.93,28.42
2021-04-19 20:00:00,25.48,81.62,76.4,28.05
2021-04-19 21:00:00,22.3,70.75,77.59,27.8
2021-04-19 22:00:00,22.93,73.76,81.49,27.55
2021-04-19 23:00:00,28.11,76.25,82.61,27.46
2021-04-20 00:00:00,24.66,160.89545480146438,83.98,27.37
2021-04-20 01:00:00,22.3,160.89545480146438,83.75,27.14
2021-04-20 02:00:00,20.3,53.0,85.55,26.45
2021-04-20 03:00:00,15.37,52.06,85.91,26.34
2021-04-20 04:00:00,22.41,61.38,86.54,25.97
2021-04-20 05:00:00,21.15,62.94,87.39,25.53
2021-04-20 06:00:00,20.07,60.19,86.71,25.77
2021-04-20 07:00:00,27.41,89.01,81.53,27.49
2021-04-20 08:00:00,27.07,106.0,73.63,28.64
2021-04-20 09:00:00,22.35,71.38,65.72,30.73
2021-04-20 10:00:00,17.36,75.58,60.51,31.89
2021-04-20 11:00:00,17.0,77.88,60.0,32.36
2021-04-20 12:00:00,27.0,94.0,63.58,31.67
2021-04-20 13:00:00,17.75,82.75,62.61,31.93
2021-04-20 14:00:00,17.0,70.75,61.74,32.16
2021-04-20 15:00:00,20.72,68.12,59.66,32.52
2021-04-20 16:00:00,21.93,81.12,61.47,31.98
2021-04-20 17:00:00,20.14,83.88,66.54,30.81
2021-04-20 18:00:00,19.07,75.56,72.96,29.24
2021-04-20 19:00:00,23.62,72.19,80.47,28.09
2021-04-20 20:00:00,25.84,76.67,82.24,27.7
2021-04-20 21:00:00,28.78,73.25,83.32,27.42
2021-04-20 22:00:00,23.45,62.69,84.62,27.08
2021-04-20 23:00:00,25.78,73.23,86.11,26.74
2021-04-21 00:00:00,22.3,61.72,85.75,26.64
2021-04-21 01:00:00,24.77,85.38,85.63,26.45
2021-04-21 02:00:00,15.71,55.83,86.26,26.13
2021-04-21 03:00:00,23.33,57.75,87.72,25.81
2021-04-21 04:00:00,25.86,51.42,87.81,25.79
2021-04-21 05:00:00,22.3,53.83,87.8,25.7
2021-04-21 06:00:00,21.07,44.0,88.13,25.58
2021-04-21 07:00:00,27.48,90.88,83.33,27.09
2021-04-21 08:00:00,28.0,171.44,73.8,29.29
2021-04-21 09:00:00,20.59,81.95,64.22,30.96
2021-04-21 10:00:00,21.85,76.94,58.42,32.41
2021-04-21 11:00:00,27.55,94.81,60.22,31.96
2021-04-21 12:00:00,27.07,100.7,65.84,31.3
2021-04-21 13:00:00,22.37,93.47,68.07,30.57
2021-04-21 14:00:00,21.07,78.03,64.62,31.59
2021-04-21 15:00:00,25.63,92.0,63.92,32.08
2021-04-21 16:00:00,21.37,85.5,65.03,31.69
2021-04-21 17:00:00,17.3,86.87,68.38,30.78
2021-04-21 18:00:00,14.22,82.3,74.98,29.08
2021-04-21 19:00:00,14.93,82.0,79.78,27.89
2021-04-21 20:00:00,17.77,79.19,81.32,27.46
2021-04-21 21:00:00,24.5,83.69,82.76,27.13
2021-04-21 22:00:00,25.0,82.12,83.56,26.7
2021-04-21 23:00:00,23.15,85.75,85.34,26.16
2021-04-22 00:00:00,18.38,81.33,86.53,25.85
2021-04-22 01:00:00,20.78,64.12,87.06,25.69
2021-04-22 02:00:00,21.93,63.0,86.12,26.04
2021-04-22 03:00:00,22.0,78.94,85.03,26.23
2021-04-22 04:00:00,17.37,64.06,85.52,25.98
2021-04-22 05:00:00,23.5,71.84,86.35,25.73
2021-04-22 06:00:00,19.37,65.5,86.92,25.45
2021-04-22 07:00:00,22.7,82.87,80.99,26.98
2021-04-22 08:00:00,26.7,130.88,69.33,29.97
2021-04-22 09:00:00,19.59,83.38,53.55,32.28
2021-04-22 10:00:00,29.18,105.0,52.55,32.09
2021-04-22 11:00:00,29.07,130.39,52.79,33.04
2021-04-22 12:00:00,35.48,134.81,56.78,32.96
2021-04-22 13:00:00,30.45,121.88,59.66,32.98
2021-04-22 14:00:00,33.7,122.88,58.22,33.63
2021-04-22 15:00:00,31.46,112.47,57.47,34.16
2021-04-22 16:00:00,34.0,114.0,59.85,33.01
2021-04-22 17:00:00,27.19,95.62,59.95,32.56
2021-04-22 18:00:00,19.52,84.56,71.41,29.95
2021-04-22 19:00:00,20.86,76.5,80.0,28.23
2021-04-22 20:00:00,21.93,84.44,79.12,27.79
2021-04-22 21:00:00,28.5,89.71,80.06,27.3
2021-04-22 22:00:00,27.16,92.81,82.88,26.66
2021-04-22 23:00:00,28.84,84.56,86.03,25.82
2021-04-23 00:00:00,18.85,75.54,87.83,25.6
2021-04-23 01:00:00,30.0,80.62,89.05,25.11
2021-04-23 02:00:00,30.07,69.72,88.37,24.77
2021-04-23 03:00:00,21.67,63.38,87.2,24.7
2021-04-23 04:00:00,22.85,63.0,87.12,24.58
2021-04-23 05:00:00,23.0,78.0,88.41,24.36
2021-04-23 06:00:00,24.85,79.94,89.39,24.34
2021-04-23 07:00:00,29.61,104.41,81.41,26.71
2021-04-23 08:00:00,22.62,115.34,62.59,31.14
2021-04-23 09:00:00,28.48,106.0,46.64,33.12
2021-04-23 10:00:00,19.75,78.81,37.27,34.47
2021-04-23 11:00:00,27.33,85.44,40.81,34.55
2021-04-23 12:00:00,66.84673286713287,102.88,48.35,33.37
2021-04-23 13:00:00,24.0,100.0,40.02,33.29
2021-04-23 14:00:00,21.22,84.95,39.49,33.6
2021-04-23 15:00:00,14.54,84.94,38.97,33.83
2021-04-23 16:00:00,19.55,75.62,43.45,33.19
2021-04-23 17:00:00,13.52,68.44,48.78,32.01
2021-04-23 18:00:00,13.84,73.27,56.68,29.9
2021-04-23 19:00:00,17.69,74.0,64.96,28.39
2021-04-23 20:00:00,18.93,65.56,68.65,27.5
2021-04-23 21:00:00,22.69,80.0,72.08,26.95
2021-04-23 22:00:00,26.69,89.44,74.53,26.33
2021-04-23 23:00:00,30.41,81.0,77.88,25.56
2021-04-24 00:00:00,26.0,83.0,79.84,25.13
2021-04-24 01:00:00,27.85,74.53,81.97,24.7
2021-04-24 02:00:00,22.45,59.94,83.76,24.36
2021-04-24 03:00:00,22.0,60.5,84.6,23.99
2021-04-24 04:00:00,17.37,53.0,87.85,23.25
2021-04-24 05:00:00,20.7,160.89545480146438,88.81,23.03
2021-04-24 06:00:00,24.0,61.0,88.91,23.45
2021-04-24 07:00:00,31.42,106.94,82.39,25.96
2021-04-24 08:00:00,27.37,111.88,65.84,30.36
2021-04-24 09:00:00,23.3,78.14,59.57,31.82
2021-04-24 10:00:00,27.63,88.19,55.81,32.05
2021-04-24 11:00:00,29.85,90.88,60.34,31.86
2021-04-24 12:00:00,39.25,124.06,63.07,31.62
2021-04-24 13:00:00,28.93,100.73,61.52,32.22
2021-04-24 14:00:00,25.22,100.88,62.0,32.08
2021-04-24 15:00:00,21.3,103.81,63.3,31.63
2021-04-24 16:00:00,22.85,83.38,63.51,31.56
2021-04-24 17:00:00,16.54,65.12,68.12,30.22
2021-04-24 18:00:00,18.77,68.67,75.2,28.72
2021-04-24 19:00:00,18.08,68.0,78.45,27.99
2021-04-24 20:00:00,23.57,68.0,80.01,27.69
2021-04-24 21:00:00,19.35,70.81,81.54,27.57
2021-04-24 22:00:00,19.92,69.12,82.71,27.45
2021-04-24 23:00:00,17.23,69.94,83.29,27.25
2021-04-25 00:00:00,26.25,85.91,85.17,26.66
2021-04-25 01:00:00,17.77,68.31,87.31,26.23
2021-04-25 02:00:00,12.39,49.24,88.81,25.75
2021-04-25 03:00:00,18.48,58.31,89.84,25.59
2021-04-25 04:00:00,20.69,58.11,90.62,25.37
2021-04-25 05:00:00,16.39,51.44,90.98,25.33
2021-04-25 06:00:00,16.93,59.48,89.4,25.55
2021-04-25 07:00:00,21.62,80.62,83.39,27.03
2021-04-25 08:00:00,17.37,79.17,64.23,30.8
2021-04-25 09:00:00,22.57,83.69,52.72,32.67
2021-04-25 10:00:00,26.7,117.75,47.36,34.14
2021-04-25 11:00:00,42.73,150.0,48.27,34.81
2021-04-25 12:00:00,38.47,139.85,57.74,33.78
2021-04-25 13:00:00,35.23,118.38,56.7,34.04
2021-04-25 14:00:00,32.21,120.75,60.91,33.65
2021-04-25 15:00:00,25.54,100.44,63.77,33.72
2021-04-25 16:00:00,19.45,91.47,59.97,34.23
2021-04-25 17:00:00,31.92,110.69,64.53,32.76
2021-04-25 18:00:00,36.69,119.5,70.55,31.54
2021-04-25 19:00:00,39.78,133.12,75.35,30.67
2021-04-25 20:00:00,48.3,143.34,74.57,30.38
2021-04-25 21:00:00,52.7,152.44,65.29,30.08
2021-04-25 22:00:00,72.38,200.81,62.4,29.34
2021-04-25 23:00:00,86.0,215.27,60.52,28.47
2021-04-26 00:00:00,68.39,160.54,60.72,28.32
2021-04-26 01:00:00,59.62,126.06,68.94,27.87
2021-04-26 02:00:00,70.07,139.0,83.53,28.24
2021-04-26 03:00:00,53.47,144.67,87.14,28.27
2021-04-26 04:00:00,48.3,178.9,88.11,27.94
2021-04-26 05:00:00,43.37,171.62,88.19,27.55
2021-04-26 06:00:00,46.7,170.06,88.47,27.18
2021-04-26 07:00:00,66.0,205.0,79.8,28.91
2021-04-26 08:00:00,55.85,173.93,71.15,31.42
2021-04-26 09:00:00,68.88,187.07,61.26,33.83
2021-04-26 10:00:00,66.3,187.06,58.23,34.36
2021-04-26 11:00:00,67.84,191.67,67.93,32.55
2021-04-26 12:00:00,58.72,185.41,70.09,32.37
2021-04-26 13:00:00,55.23,222.38,71.32,32.05
2021-04-26 14:00:00,55.92,225.0,66.38,32.5
2021-04-26 15:00:00,60.63,217.5,58.12,32.94
2021-04-26 16:00:00,55.47,193.56,59.09,32.67
2021-04-26 17:00:00,47.59,192.0,65.47,31.7
2021-04-26 18:00:00,38.7,174.25,70.39,30.19
2021-04-26 19:00:00,36.14,175.81,75.47,29.39
2021-04-26 20:00:00,40.61,208.71,81.18,28.79
2021-04-26 21:00:00,43.77,198.81,81.34,28.65
2021-04-26 22:00:00,45.84,205.51,82.34,28.54
2021-04-26 23:00:00,45.08,204.12,83.11,28.42
2021-04-27 00:00:00,45.0,218.03,83.03,28.41
2021-04-27 01:00:00,42.23,206.81,85.03,28.23
2021-04-27 02:00:00,40.16,221.02,85.8,27.98
2021-04-27 03:00:00,40.93,238.88,85.83,27.55
2021-04-27 04:00:00,37.31,216.56,86.41,27.33
2021-04-27 05:00:00,40.69,220.65,87.9,26.74
2021-04-27 06:00:00,38.23,184.44,88.87,26.69
2021-04-27 07:00:00,49.99,218.72,84.27,28.33
2021-04-27 08:00:00,54.69,265.13,73.73,30.85
2021-04-27 09:00:00,58.7,248.31,64.97,32.18
2021-04-27 10:00:00,57.16,237.58,61.49,32.96
2021-04-27 11:00:00,52.39,235.13,61.08,33.51
2021-04-27 12:00:00,54.77,241.59,65.06,32.91
2021-04-27 13:00:00,52.23,242.94,64.17,32.44
2021-04-27 14:00:00,48.29,233.64,59.05,32.83
2021-04-27 15:00:00,42.93,206.57,51.98,33.07
2021-04-27 16:00:00,46.61,203.94,55.42,32.31
2021-04-27 17:00:00,44.22,189.12,66.54,30.91
2021-04-27 18:00:00,38.47,144.62,73.0,29.75
2021-04-27 19:00:00,33.39,136.38,74.55,29.15
2021-04-27 20:00:00,33.92,138.81,75.53,29.03
2021-04-27 21:00:00,37.69,147.75,75.57,29.04
2021-04-27 22:00:00,40.78,156.5,75.52,28.93
2021-04-27 23:00:00,41.84,157.0,75.92,28.91
2021-04-28 00:00:00,44.77,155.12,80.7,28.53
2021-04-28 01:00:00,34.88,134.32,84.27,28.09
2021-04-28 02:00:00,24.77,139.57,85.91,27.79
2021-04-28 03:00:00,26.77,107.04,85.19,27.71
2021-04-28 04:00:00,19.58,97.47,85.64,27.3
2021-04-28 05:00:00,23.62,97.0,87.71,26.71
2021-04-28 06:00:00,27.68,99.82,87.13,26.75
2021-04-28 07:00:00,31.69,121.59,79.78,27.84
2021-04-28 08:00:00,52.36,186.01,76.9,29.44
2021-04-28 09:00:00,47.54,160.9,69.09,31.37
2021-04-28 10:00:00,49.77,166.0,59.89,32.58
2021-04-28 11:00:00,59.2,171.69,56.91,33.21
2021-04-28 12:00:00,48.93,173.88,57.87,33.1
2021-04-28 13:00:00,34.16,156.06,62.81,32.41
2021-04-28 14:00:00,31.16,124.81,65.55,32.47
2021-04-28 15:00:00,31.0,130.0,64.56,32.48
2021-04-28 16:00:00,27.32,109.44,64.19,32.19
2021-04-28 17:00:00,22.39,87.38,68.14,30.95
2021-04-28 18:00:00,26.61,100.06,73.54,29.57
2021-04-28 19:00:00,24.23,118.81,77.67,28.59
2021-04-28 20:00:00,21.23,111.58,79.54,28.34
2021-04-28 21:00:00,26.52,103.48,80.38,28.01
2021-04-28 22:00:00,20.56,99.23,80.92,27.55
2021-04-28 23:00:00,32.0,129.13,78.3,27.2
2021-04-29 00:00:00,26.51,111.35,78.38,27.12
2021-04-29 01:00:00,29.68,122.24,81.51,27.43
2021-04-29 02:00:00,18.05,78.87,81.67,26.93
2021-04-29 03:00:00,16.07,67.59,84.36,26.58
2021-04-29 04:00:00,16.92,58.59,85.98,26.35
2021-04-29 05:00:00,17.0,52.35,87.92,26.14
2021-04-29 06:00:00,17.0,53.88,88.47,26.06
2021-04-29 07:00:00,27.15,94.37,83.08,28.0
2021-04-29 08:00:00,36.3,127.98,69.25,31.21
2021-04-29 09:00:00,20.39,85.74,54.76,32.96
2021-04-29 10:00:00,21.77,93.31,51.67,33.68
2021-04-29 11:00:00,24.77,100.54,59.0,32.31
2021-04-29 12:00:00,22.23,104.78,66.22,31.87
2021-04-29 13:00:00,17.39,85.31,63.89,32.98
2021-04-29 14:00:00,14.23,75.59,59.47,32.88
2021-04-29 15:00:00,16.77,83.44,63.4,32.6
2021-04-29 16:00:00,18.84,78.0,70.2,31.43
2021-04-29 17:00:00,18.08,76.13,74.44,30.51
2021-04-29 18:00:00,11.54,67.56,80.23,29.25
2021-04-29 19:00:00,17.46,66.06,84.54,28.48
2021-04-29 20:00:00,17.08,55.66,83.25,28.47
2021-04-29 21:00:00,12.4,58.74,81.92,28.57
2021-04-29 22:00:00,16.61,60.87,81.51,28.42
2021-04-29 23:00:00,27.15,71.34,83.78,28.02
2021-04-30 00:00:00,22.48,74.8,85.19,27.65
2021-04-30 01:00:00,23.84,68.41,86.56,27.57
2021-04-30 02:00:00,19.4,54.92,87.9,27.23
2021-04-30 03:00:00,15.31,47.44,89.04,26.64
2021-04-30 04:00:00,15.0,46.06,90.31,26.39
2021-04-30 05:00:00,14.08,40.39,88.64,26.41
2021-04-30 06:00:00,24.15,69.91,87.15,26.43
2021-04-30 07:00:00,49.83,137.42,81.77,28.22
2021-04-30 08:00:00,45.54,136.35,72.73,30.59
2021-04-30 09:00:00,52.38,124.62,71.06,31.07
2021-04-30 10:00:00,65.92,154.92,71.68,31.15
2021-04-30 11:00:00,46.7,118.46,67.53,31.82
2021-04-30 12:00:00,36.72,116.0,66.34,31.9
2021-04-30 13:00:00,27.7,116.0,63.81,32.1
2021-04-30 14:00:00,26.08,116.0,60.38,32.55
2021-04-30 15:00:00,19.52,116.0,57.72,32.56
2021-04-30 16:00:00,19.0,116.0,60.45,31.73
2021-04-30 17:00:00,18.08,116.0,75.65,29.67
2021-04-30 18:00:00,26.28,116.0,80.8,28.85
2021-04-30 19:00:00,18.7,116.0,82.56,28.4
2021-04-30 20:00:00,12.0,116.0,80.36,28.41
2021-04-30 21:00:00,14.77,116.0,76.89,28.4
2021-04-30 22:00:00,15.93,116.0,78.52,28.07
2021-04-30 23:00:00,18.77,116.0,77.28,28.04
2021-05-01 00:00:00,18.08,116.0,78.81,27.71
2021-05-01 01:00:00,19.84,116.0,80.54,27.18
2021-05-01 02:00:00,22.77,116.0,82.48,27.14
2021-05-01 03:00:00,24.84,116.0,83.18,27.09
2021-05-01 04:00:00,16.72,116.0,83.77,27.14
2021-05-01 05:00:00,15.08,116.0,85.14,27.0
2021-05-01 06:00:00,12.23,116.0,85.97,27.07
2021-05-01 07:00:00,10.15,116.0,83.95,27.59
2021-05-01 08:00:00,17.38,116.0,76.45,29.29
2021-05-01 09:00:00,27.23,116.0,64.38,31.51
2021-05-01 10:00:00,29.84,116.0,55.14,33.3
2021-05-01 11:00:00,38.28,116.0,49.04,34.84
2021-05-01 12:00:00,31.62,116.0,51.18,34.86
2021-05-01 13:00:00,35.6,116.0,61.54,33.65
2021-05-01 14:00:00,24.96,116.0,60.68,33.48
2021-05-01 15:00:00,16.63,116.0,63.53,32.85
2021-05-01 16:00:00,15.08,116.0,64.91,31.91
2021-05-01 17:00:00,12.24,116.0,66.7,31.53
2021-05-01 18:00:00,13.85,116.0,69.9,30.4
2021-05-01 19:00:00,22.26,116.0,76.27,29.27
2021-05-01 20:00:00,17.47,116.0,76.91,28.99
2021-05-01 21:00:00,20.68,116.0,78.64,28.88
2021-05-01 22:00:00,21.0,116.0,81.56,28.42
2021-05-01 23:00:00,17.32,116.0,83.74,28.04
2021-05-02 00:00:00,19.77,116.0,85.11,27.59
2021-05-02 01:00:00,18.16,116.0,85.92,27.27
2021-05-02 02:00:00,22.61,116.0,85.62,27.23
2021-05-02 03:00:00,23.92,116.0,83.15,27.37
2021-05-02 04:00:00,18.48,116.0,83.38,27.35
2021-05-02 05:00:00,24.44,116.0,80.13,27.49
2021-05-02 06:00:00,20.4,116.0,80.0,27.32
2021-05-02 07:00:00,31.04,116.0,77.71,28.57
2021-05-02 08:00:00,43.95,116.0,82.64,29.41
2021-05-02 09:00:00,28.39,116.0,80.45,29.69
2021-05-02 10:00:00,22.4,116.0,76.79,30.37
2021-05-02 11:00:00,24.76,116.0,70.31,31.81
2021-05-02 12:00:00,26.84,116.0,61.98,32.84
2021-05-02 13:00:00,24.24,116.0,61.57,32.81
2021-05-02 14:00:00,22.16,116.0,60.88,32.75
2021-05-02 15:00:00,20.13,116.0,61.46,32.52
2021-05-02 16:00:00,16.32,116.0,65.66,31.98
2021-05-02 17:00:00,16.92,116.0,70.88,30.85
2021-05-02 18:00:00,19.77,116.0,74.04,30.02
2021-05-02 19:00:00,19.08,116.0,73.38,29.52
2021-05-02 20:00:00,22.69,116.0,55.79,29.33
2021-05-02 21:00:00,51.76,116.0,58.07,28.63
2021-05-02 22:00:00,52.16,116.0,60.79,28.02
2021-05-02 23:00:00,54.76,116.0,63.48,27.61
2021-05-03 00:00:00,51.32,116.0,63.33,27.35
2021-05-03 01:00:00,48.23,116.0,65.99,27.08
2021-05-03 02:00:00,51.68,116.0,72.48,26.91
2021-05-03 03:00:00,45.56,116.0,80.04,27.03
2021-05-03 04:00:00,32.12,116.0,85.15,26.92
2021-05-03 05:00:00,20.82,116.0,82.91,26.38
2021-05-03 06:00:00,31.95,116.0,80.87,26.33
2021-05-03 07:00:00,42.2,116.0,75.17,28.34
2021-05-03 08:00:00,44.84,116.0,61.94,31.96
2021-05-03 09:00:00,40.4,116.0,50.88,34.58
2021-05-03 10:00:00,38.16,116.0,47.53,34.89
2021-05-03 11:00:00,43.52,116.0,50.04,34.68
2021-05-03 12:00:00,55.03,116.0,54.48,34.33
2021-05-03 13:00:00,50.48,116.0,54.46,34.16
2021-05-03 14:00:00,44.48,116.0,53.67,34.23
2021-05-03 15:00:00,45.84,116.0,55.49,33.89
2021-05-03 16:00:00,35.85,116.0,62.8,32.88
2021-05-03 17:00:00,35.0,116.0,67.9,31.68
2021-05-03 18:00:00,28.55,116.0,71.8,30.24
2021-05-03 19:00:00,24.29,116.0,76.36,29.36
2021-05-03 20:00:00,22.16,116.0,76.24,29.09
2021-05-03 21:00:00,17.4,116.0,76.22,28.94
2021-05-03 22:00:00,26.2,116.0,76.88,28.77
2021-05-03 23:00:00,27.92,116.0,77.86,28.38
2021-05-04 00:00:00,29.85,116.0,79.04,27.88
2021-05-04 01:00:00,27.24,116.0,79.03,27.34
2021-05-04 02:00:00,25.15,116.0,80.94,27.13
2021-05-04 03:00:00,27.76,116.0,83.37,26.94
2021-05-04 04:00:00,20.6,116.0,85.48,26.84
2021-05-04 05:00:00,20.93,116.0,87.92,26.69
2021-05-04 06:00:00,22.84,116.0,85.9,26.54
2021-05-04 07:00:00,25.77,116.0,76.19,28.88
2021-05-04 08:00:00,35.17,116.0,61.53,32.49
2021-05-04 09:00:00,29.56,116.0,54.89,33.56
2021-05-04 10:00:00,29.0,116.0,49.27,34.84
2021-05-04 11:00:00,30.85,116.0,52.65,34.43
2021-05-04 12:00:00,31.0,116.0,59.88,33.36
2021-05-04 13:00:00,27.33,116.0,60.26,33.37
2021-05-04 14:00:00,16.87,116.0,58.3,33.59
2021-05-04 15:00:00,15.08,116.0,56.52,34.08
2021-05-04 16:00:00,14.08,116.0,60.88,33.69
2021-05-04 17:00:00,25.04,116.0,61.78,33.53
2021-05-04 18:00:00,23.24,116.0,70.19,31.39
2021-05-04 19:00:00,22.08,116.0,74.84,30.19
2021-05-04 20:00:00,23.84,116.0,77.2,29.74
2021-05-04 21:00:00,30.44,116.0,78.58,29.35
2021-05-04 22:00:00,28.24,116.0,80.17,28.8
2021-05-04 23:00:00,37.2,116.0,81.15,28.23
2021-05-05 00:00:00,31.58,116.0,83.27,28.1
2021-05-05 01:00:00,27.32,116.0,84.89,28.13
2021-05-05 02:00:00,20.56,116.0,85.77,27.84
2021-05-05 03:00:00,17.23,116.0,87.28,27.26
2021-05-05 04:00:00,17.0,116.0,88.9,26.78
2021-05-05 05:00:00,18.84,116.0,89.5,26.33
2021-05-05 06:00:00,19.0,116.0,89.25,26.36
2021-05-05 07:00:00,29.15,116.0,81.43,28.29
2021-05-05 08:00:00,21.69,116.0,67.66,32.1
2021-05-05 09:00:00,17.32,116.0,56.42,33.72
2021-05-05 10:00:00,22.55,116.0,55.0,34.19
2021-05-05 11:00:00,22.07,116.0,59.49,34.03
2021-05-05 12:00:00,22.92,116.0,67.4,32.8
2021-05-05 13:00:00,23.92,116.0,69.12,32.75
2021-05-05 14:00:00,21.24,116.0,69.88,32.54
2021-05-05 15:00:00,25.58,116.0,69.56,32.65
2021-05-05 16:00:00,21.4,116.0,68.34,32.88
2021-05-05 17:00:00,24.67,116.0,67.29,32.74
2021-05-05 18:00:00,33.28,116.0,74.42,30.97
2021-05-05 19:00:00,27.52,116.0,78.62,29.97
2021-05-05 20:00:00,26.08,116.0,81.31,29.47
2021-05-05 21:00:00,26.92,116.0,83.28,28.99
2021-05-05 22:00:00,19.67,116.0,83.94,28.65
2021-05-05 23:00:00,19.92,116.0,84.57,28.32
2021-05-06 00:00:00,11.74,116.0,84.38,28.1
2021-05-06 01:00:00,18.36,116.0,85.53,27.92
2021-05-06 02:00:00,16.24,116.0,87.28,27.65
2021-05-06 03:00:00,16.93,116.0,87.9,27.5
2021-05-06 04:00:00,18.84,116.0,88.08,27.32
2021-05-06 05:00:00,17.16,116.0,89.34,26.84
2021-05-06 06:00:00,9.64,116.0,89.63,26.86
2021-05-06 07:00:00,18.23,116.0,80.92,28.97
2021-05-06 08:00:00,19.92,116.0,66.6,32.05
2021-05-06 09:00:00,24.58,116.0,59.91,33.59
2021-05-06 10:00:00,26.82,116.0,53.39,34.04
2021-05-06 11:00:00,24.25,116.0,64.14,33.44
2021-05-06 12:00:00,17.56,116.0,65.29,32.59
2021-05-06 13:00:00,16.07,116.0,60.87,33.63
2021-05-06 14:00:00,15.08,116.0,63.65,33.17
2021-05-06 15:00:00,15.0,116.0,66.08,32.75
2021-05-06 16:00:00,15.92,116.0,70.98,31.73
2021-05-06 17:00:00,16.92,116.0,72.92,30.94
2021-05-06 18:00:00,25.26,116.0,76.6,29.81
2021-05-06 19:00:00,20.46,116.0,79.92,29.12
2021-05-06 20:00:00,20.92,116.0,81.86,28.76
2021-05-06 21:00:00,20.08,116.0,82.7,28.66
2021-05-06 22:00:00,20.0,116.0,83.6,28.52
2021-05-06 23:00:00,14.45,116.0,84.73,28.24
2021-05-07 00:00:00,17.68,116.0,86.06,27.88
2021-05-07 01:00:00,18.0,116.0,86.74,27.54
2021-05-07 02:00:00,18.0,116.0,87.23,27.32
2021-05-07 03:00:00,18.92,116.0,87.88,27.1
2021-05-07 04:00:00,10.75,116.0,87.44,27.09
2021-05-07 05:00:00,16.5,116.0,87.52,27.11
2021-05-07 06:00:00,16.08,116.0,86.41,27.24
2021-05-07 07:00:00,20.62,116.0,80.41,28.73
2021-05-07 08:00:00,23.76,116.0,65.57,32.2
2021-05-07 09:00:00,24.85,116.0,53.07,34.05
2021-05-07 10:00:00,25.92,116.0,47.83,34.58
2021-05-07 11:00:00,27.83,116.0,60.33,33.22
2021-05-07 12:00:00,24.31,116.0,65.91,32.74
2021-05-07 13:00:00,21.23,116.0,65.0,32.76
2021-05-07 14:00:00,21.92,116.0,62.95,32.96
2021-05-07 15:00:00,21.08,116.0,60.07,33.28
2021-05-07 16:00:00,24.71,116.0,63.74,32.79
2021-05-07 17:00:00,21.33,116.0,72.1,31.41
2021-05-07 18:00:00,21.92,116.0,75.46,30.3
2021-05-07 19:00:00,24.75,116.0,79.05,29.48
2021-05-07 20:00:00,26.84,116.0,80.27,29.13
2021-05-07 21:00:00,19.62,116.0,80.9,28.89
2021-05-07 22:00:00,23.61,116.0,81.12,28.72
2021-05-07 23:00:00,21.25,116.0,82.6,28.44
2021-05-08 00:00:00,20.08,116.0,83.85,28.13
2021-05-08 01:00:00,14.47,116.0,83.52,27.87
2021-05-08 02:00:00,12.15,116.0,82.49,27.81
2021-05-08 03:00:00,17.54,116.0,84.69,27.58
2021-05-08 04:00:00,13.38,116.0,85.57,27.15
2021-05-08 05:00:00,14.84,116.0,87.26,26.65
2021-05-08 06:00:00,17.76,116.0,88.04,26.65
2021-05-08 07:00:00,18.92,116.0,81.93,28.76
2021-05-08 08:00:00,20.85,116.0,69.82,31.25
2021-05-08 09:00:00,23.77,116.0,53.61,33.66
2021-05-08 10:00:00,24.92,116.0,49.5,34.2
2021-05-08 11:00:00,22.23,116.0,58.31,33.91
2021-05-08 12:00:00,14.62,116.0,63.35,33.43
2021-05-08 13:00:00,20.45,116.0,64.13,33.02
2021-05-08 14:00:00,17.31,116.0,63.23,33.37
2021-05-08 15:00:00,16.08,116.0,66.31,32.8
2021-05-08 16:00:00,23.4,116.0,67.09,32.8
2021-05-08 17:00:00,15.72,116.0,70.91,32.06
2021-05-08 18:00:00,17.77,116.0,78.01,30.09
2021-05-08 19:00:00,15.23,116.0,81.53,29.26
2021-05-08 20:00:00,21.45,116.0,82.53,28.98
2021-05-08 21:00:00,15.54,116.0,82.86,29.02
2021-05-08 22:00:00,14.08,116.0,82.48,28.94
2021-05-08 23:00:00,11.25,116.0,82.69,28.89
2021-05-09 00:00:00,7.64,116.0,82.38,28.65
2021-05-09 01:00:00,10.34,160.89545480146438,83.39,28.45
2021-05-09 02:00:00,11.0,116.0,82.93,28.19
2021-05-09 03:00:00,8.25,116.0,82.94,28.05
2021-05-09 04:00:00,8.93,116.0,84.77,27.53
2021-05-09 05:00:00,9.0,116.0,86.77,26.99
2021-05-09 06:00:00,16.38,116.0,86.77,27.12
2021-05-09 07:00:00,13.3,116.0,80.02,29.12
2021-05-09 08:00:00,13.92,116.0,69.72,31.83
2021-05-09 09:00:00,18.61,116.0,67.61,31.81
2021-05-09 10:00:00,14.39,116.0,66.24,32.42
2021-05-09 11:00:00,16.77,116.0,65.88,32.48
2021-05-09 12:00:00,16.08,116.0,66.62,32.55
2021-05-09 13:00:00,21.5,116.0,67.71,32.47
2021-05-09 14:00:00,15.54,116.0,66.29,32.52
2021-05-09 15:00:00,10.39,116.0,66.2,32.32
2021-05-09 16:00:00,11.85,116.0,67.89,31.84
2021-05-09 17:00:00,14.77,116.0,69.79,31.39
2021-05-09 18:00:00,19.61,116.0,75.79,29.93
2021-05-09 19:00:00,17.23,116.0,79.4,29.27
2021-05-09 20:00:00,11.46,116.0,80.94,29.01
2021-05-09 21:00:00,11.0,116.0,82.37,28.73
2021-05-09 22:00:00,12.85,116.0,82.32,28.64
2021-05-09 23:00:00,12.08,116.0,82.03,28.53
2021-05-10 00:00:00,14.74,116.0,82.74,28.35
2021-05-10 01:00:00,8.54,116.0,83.24,28.13
2021-05-10 02:00:00,7.08,116.0,83.53,28.0
2021-05-10 03:00:00,7.92,116.0,83.07,27.79
2021-05-10 04:00:00,66.84673286713287,116.0,83.98,27.43
2021-05-10 05:00:00,7.0,116.0,85.87,26.93
2021-05-10 06:00:00,6.08,116.0,85.85,26.97
2021-05-10 07:00:00,16.08,116.0,77.16,29.54
2021-05-10 08:00:00,8.75,116.0,64.78,32.52
2021-05-10 09:00:00,7.08,116.0,57.39,33.56
2021-05-10 10:00:00,13.39,116.0,51.41,34.14
2021-05-10 11:00:00,16.75,116.0,53.22,34.06
2021-05-10 12:00:00,16.08,116.0,56.22,33.7
2021-05-10 13:00:00,17.84,116.0,52.72,33.81
2021-05-10 14:00:00,15.25,116.0,54.93,33.7
2021-05-10 15:00:00,10.38,116.0,53.55,33.61
2021-05-10 16:00:00,11.85,116.0,56.87,33.22
2021-05-10 17:00:00,12.92,116.0,65.83,31.24
2021-05-10 18:00:00,11.15,116.0,72.79,29.7
2021-05-10 19:00:00,14.69,116.0,77.35,28.73
2021-05-10 20:00:00,19.61,116.0,79.27,28.33
2021-05-10 21:00:00,17.24,116.0,80.4,28.11
2021-05-10 22:00:00,15.16,116.0,81.56,28.04
2021-05-10 23:00:00,13.15,116.0,81.43,28.06
2021-05-11 00:00:00,10.25,116.0,81.59,27.91
2021-05-11 01:00:00,14.58,116.0,81.35,27.67
2021-05-11 02:00:00,13.15,116.0,82.43,27.33
2021-05-11 03:00:00,19.43,116.0,83.33,26.99
2021-05-11 04:00:00,18.31,116.0,84.46,26.69
2021-05-11 05:00:00,18.0,116.0,85.71,26.36
2021-05-11 06:00:00,17.07,116.0,85.5,26.65
2021-05-11 07:00:00,23.45,116.0,77.0,29.36
2021-05-11 08:00:00,21.23,116.0,69.78,30.33
2021-05-11 09:00:00,21.0,116.0,64.88,31.07
2021-05-11 10:00:00,13.67,116.0,59.59,32.6
2021-05-11 11:00:00,13.0,116.0,59.71,32.21
2021-05-11 12:00:00,13.0,116.0,59.88,32.18
2021-05-11 13:00:00,13.0,116.0,58.52,32.96
2021-05-11 14:00:00,13.92,116.0,56.31,33.14
2021-05-11 15:00:00,10.32,116.0,55.23,33.38
2021-05-11 16:00:00,10.0,116.0,57.28,32.64
2021-05-11 17:00:00,14.57,116.0,63.64,31.32
2021-05-11 18:00:00,15.92,116.0,70.13,29.82
2021-05-11 19:00:00,13.25,116.0,74.81,28.79
2021-05-11 20:00:00,16.69,116.0,77.19,28.38
2021-05-11 21:00:00,12.43,116.0,78.35,28.11
2021-05-11 22:00:00,13.83,116.0,79.45,28.02
2021-05-11 23:00:00,16.77,116.0,79.95,27.98
2021-05-12 00:00:00,7.8,116.0,80.03,27.78
2021-05-12 01:00:00,9.76,116.0,80.06,27.65
2021-05-12 02:00:00,10.92,116.0,79.63,27.57
2021-05-12 03:00:00,10.09,116.0,79.47,27.43
2021-05-12 04:00:00,14.58,116.0,79.85,27.3
2021-05-12 05:00:00,18.67,116.0,82.94,26.55
2021-05-12 06:00:00,13.48,116.0,83.1,26.73
2021-05-12 07:00:00,18.53,116.0,74.86,29.08
2021-05-12 08:00:00,10.7,116.0,64.83,31.33
2021-05-12 09:00:00,10.92,116.0,59.89,32.51
2021-05-12 10:00:00,9.15,116.0,58.06,32.92
2021-05-12 11:00:00,11.75,116.0,59.87,32.51
2021-05-12 12:00:00,11.08,116.0,59.88,32.44
2021-05-12 13:00:00,13.76,116.0,58.97,32.2
2021-05-12 14:00:00,13.08,116.0,57.47,32.33
2021-05-12 15:00:00,10.23,116.0,59.56,31.83
2021-05-12 16:00:00,14.58,116.0,62.36,31.59
2021-05-12 17:00:00,13.32,116.0,64.53,30.84
2021-05-12 18:00:00,16.66,116.0,69.35,29.53
2021-05-12 19:00:00,15.16,116.0,71.27,28.75
2021-05-12 20:00:00,17.74,116.0,73.32,28.49
2021-05-12 21:00:00,12.47,116.0,73.64,28.42
2021-05-12 22:00:00,14.77,116.0,73.39,28.32
2021-05-12 23:00:00,9.48,116.0,73.71,28.19
2021-05-13 00:00:00,7.17,116.0,74.77,27.95
2021-05-13 01:00:00,5.17,116.0,76.2,27.86
2021-05-13 02:00:00,10.53,116.0,76.77,27.75
2021-05-13 03:00:00,6.42,116.0,76.89,27.7
2021-05-13 04:00:00,11.52,116.0,77.62,27.5
2021-05-13 05:00:00,12.91,116.0,77.97,27.47
2021-05-13 06:00:00,16.67,116.0,78.66,27.54
2021-05-13 07:00:00,14.25,116.0,73.86,29.12
2021-05-13 08:00:00,12.15,116.0,64.85,31.14
2021-05-13 09:00:00,10.15,116.0,60.18,32.43
2021-05-13 10:00:00,12.77,116.0,58.04,32.34
2021-05-13 11:00:00,14.83,116.0,57.57,31.98
2021-05-13 12:00:00,13.15,116.0,58.48,32.17
2021-05-13 13:00:00,12.08,116.0,56.37,32.41
2021-05-13 14:00:00,13.84,116.0,58.84,32.18
2021-05-13 15:00:00,17.69,116.0,57.54,32.38
2021-05-13 16:00:00,15.23,116.0,59.0,32.0
2021-05-13 17:00:00,15.92,116.0,65.91,30.87
2021-05-13 18:00:00,14.15,116.0,71.0,29.39
2021-05-13 19:00:00,11.26,116.0,71.32,28.74
2021-05-13 20:00:00,17.42,116.0,73.63,28.34
2021-05-13 21:00:00,12.48,116.0,75.46,28.16
2021-05-13 22:00:00,17.53,116.0,76.5,28.0
2021-05-13 23:00:00,11.54,116.0,77.45,27.79
2021-05-14 00:00:00,11.92,116.0,78.88,27.51
2021-05-14 01:00:00,9.24,116.0,80.3,27.05
2021-05-14 02:00:00,10.84,116.0,81.84,26.74
2021-05-14 03:00:00,13.77,116.0,82.88,26.38
2021-05-14 04:00:00,16.75,116.0,83.34,26.17
2021-05-14 05:00:00,18.84,116.0,84.22,26.06
2021-05-14 06:00:00,19.0,116.0,83.57,26.41
2021-05-14 07:00:00,16.27,116.0,75.14,28.95
2021-05-14 08:00:00,6.02,116.0,64.69,31.22
2021-05-14 09:00:00,66.84673286713287,160.89545480146438,57.26,32.37
2021-05-14 10:00:00,66.84673286713287,160.89545480146438,55.5,33.28
2021-05-14 11:00:00,66.84673286713287,160.89545480146438,53.0,34.36
2021-05-14 12:00:00,101.51,100.0,60.61,32.81
2021-05-14 13:00:00,24.24,113.18,61.43,32.62
2021-05-14 14:00:00,35.07,139.23,61.27,33.07
2021-05-14 15:00:00,21.29,93.28,59.88,32.99
2021-05-14 16:00:00,20.91,81.53,59.05,32.72
2021-05-14 17:00:00,19.16,87.56,62.55,31.53
2021-05-14 18:00:00,19.92,118.05,68.57,30.32
2021-05-14 19:00:00,24.61,81.5,74.41,29.24
2021-05-14 20:00:00,23.16,77.12,76.91,28.95
2021-05-14 21:00:00,21.17,71.35,78.32,28.8
2021-05-14 22:00:00,20.09,64.46,78.85,28.85
2021-05-14 23:00:00,18.17,64.94,78.4,28.82
2021-05-15 00:00:00,24.4,58.43,77.3,28.74
2021-05-15 01:00:00,14.95,51.43,78.17,28.51
2021-05-15 02:00:00,12.16,48.2,78.96,28.5
2021-05-15 03:00:00,17.48,52.7,78.47,28.62
2021-05-15 04:00:00,17.09,56.77,79.16,28.59
2021-05-15 05:00:00,23.43,62.63,82.8,28.26
2021-05-15 06:00:00,20.31,73.31,81.3,28.38
2021-05-15 07:00:00,24.57,92.69,72.7,28.98
2021-05-15 08:00:00,25.92,94.0,54.49,30.97
2021-05-15 09:00:00,24.17,98.69,52.3,31.12
2021-05-15 10:00:00,35.88,160.97,51.75,31.8
2021-05-15 11:00:00,41.58,154.64,48.01,33.45
2021-05-15 12:00:00,69.58,184.05,48.51,34.16
2021-05-15 13:00:00,86.67,237.64,44.11,35.92
2021-05-15 14:00:00,101.79,220.34,42.55,36.82
2021-05-15 15:00:00,107.57,226.51,51.84,35.77
2021-05-15 16:00:00,94.3,205.41,65.49,33.8
2021-05-15 17:00:00,60.11,151.27,68.44,33.31
2021-05-15 18:00:00,54.25,152.71,72.63,32.43
2021-05-15 19:00:00,59.52,165.2,73.13,31.77
2021-05-15 20:00:00,76.45,182.82,68.39,31.92
2021-05-15 21:00:00,78.0,196.2,62.84,31.91
2021-05-15 22:00:00,87.19,204.53,59.7,31.97
2021-05-15 23:00:00,84.34,211.54,57.95,32.23
2021-05-16 00:00:00,83.09,532.16,83.28,28.65
2021-05-16 01:00:00,37.95,123.12,84.62,28.18
2021-05-16 02:00:00,34.91,61.31,82.23,28.24
2021-05-16 03:00:00,42.31,74.02,80.77,28.25
2021-05-16 04:00:00,32.0,59.11,74.6,28.11
2021-05-16 05:00:00,16.28,36.34,73.09,27.83
2021-05-16 06:00:00,12.26,25.61,82.31,26.54
2021-05-16 07:00:00,14.76,44.0,78.26,27.73
2021-05-16 08:00:00,24.14,107.55,68.1,29.99
2021-05-16 09:00:00,12.17,37.24,62.36,31.64
2021-05-16 10:00:00,14.68,42.28,55.85,33.66
2021-05-16 11:00:00,21.39,67.41,50.4,34.82
2021-05-16 12:00:00,16.52,78.39,48.55,35.42
2021-05-16 13:00:00,16.91,61.25,48.38,35.22
2021-05-16 14:00:00,11.52,53.43,48.95,35.31
2021-05-16 15:00:00,14.67,53.0,45.97,35.92
2021-05-16 16:00:00,11.32,45.47,44.84,36.16
2021-05-16 17:00:00,12.83,66.53,48.84,35.14
2021-05-16 18:00:00,31.27,95.23,49.51,34.42
2021-05-16 19:00:00,19.3,60.38,50.73,33.51
2021-05-16 20:00:00,10.69,58.94,51.91,32.96
2021-05-16 21:00:00,14.57,80.59,54.46,32.45
2021-05-16 22:00:00,13.17,54.9,59.2,31.24
2021-05-16 23:00:00,13.0,95.19,57.68,31.23
2021-05-17 00:00:00,11.18,228.62,58.02,31.05
2021-05-17 01:00:00,15.58,93.15,60.2,30.43
2021-05-17 02:00:00,10.48,55.77,64.38,29.38
2021-05-17 03:00:00,10.0,48.35,67.61,28.67
2021-05-17 04:00:00,11.83,45.2,74.88,27.14
2021-05-17 05:00:00,16.57,46.87,89.08,24.49
2021-05-17 06:00:00,19.73,44.18,90.88,24.32
2021-05-17 07:00:00,15.43,37.43,91.38,24.33
2021-05-17 08:00:00,6.72,29.52,89.09,24.98
2021-05-17 09:00:00,5.09,31.82,91.49,24.62
2021-05-17 10:00:00,8.66,29.18,97.22,23.74
2021-05-17 11:00:00,66.84673286713287,160.89545480146438,65.68451067369004,26.877576357466065
2021-05-17 12:00:00,66.84673286713287,160.89545480146438,65.68451067369004,26.877576357466065
2021-05-17 13:00:00,66.84673286713287,160.89545480146438,65.68451067369004,26.877576357466065
2021-05-17 14:00:00,66.84673286713287,160.89545480146438,65.68451067369004,26.877576357466065
2021-05-17 15:00:00,8.0,24.0,65.68451067369004,26.877576357466065
2021-05-17 16:00:00,8.0,30.59,65.68451067369004,26.877576357466065
2021-05-17 17:00:00,25.36,53.53,65.68451067369004,26.877576357466065
2021-05-17 18:00:00,14.12,40.92,65.68451067369004,26.877576357466065
2021-05-17 19:00:00,7.52,17.52,65.68451067369004,26.877576357466065
2021-05-17 20:00:00,20.7,43.23,65.68451067369004,26.877576357466065
2021-05-17 21:00:00,21.09,51.54,65.68451067369004,26.877576357466065
2021-05-17 22:00:00,21.91,59.51,65.68451067369004,26.877576357466065
2021-05-17 23:00:00,14.69,49.64,65.68451067369004,26.877576357466065
2021-05-18 00:00:00,12.17,25.64,65.68451067369004,26.877576357466065
2021-05-18 01:00:00,11.09,32.44,65.68451067369004,26.877576357466065
2021-05-18 02:00:00,12.83,33.0,65.68451067369004,26.877576357466065
2021-05-18 03:00:00,9.36,35.82,65.68451067369004,26.877576357466065
2021-05-18 04:00:00,11.73,33.19,65.68451067369004,26.877576357466065
2021-05-18 05:00:00,13.83,38.65,65.68451067369004,26.877576357466065
2021-05-18 06:00:00,16.74,53.03,89.34,27.07
2021-05-18 07:00:00,13.35,51.18,87.94,27.63
2021-05-18 08:00:00,18.48,50.06,85.89,27.84
2021-05-18 09:00:00,16.26,58.45,84.17,27.98
2021-05-18 10:00:00,10.52,56.2,85.74,27.75
2021-05-18 11:00:00,15.48,57.88,86.09,28.15
2021-05-18 12:00:00,19.64,64.56,86.6,28.52
2021-05-18 13:00:00,15.43,67.8,85.05,28.9
2021-05-18 14:00:00,26.03,83.98,80.97,29.61
2021-05-18 15:00:00,28.82,97.2,80.95,29.6
2021-05-18 16:00:00,20.73,83.92,80.92,29.56
2021-05-18 17:00:00,28.22,99.9,82.22,29.18
2021-05-18 18:00:00,27.17,101.0,83.71,28.83
2021-05-18 19:00:00,25.16,94.43,85.16,28.58
2021-05-18 20:00:00,25.0,87.46,86.99,28.33
2021-05-18 21:00:00,27.78,85.09,91.44,27.64
2021-05-18 22:00:00,21.61,73.81,88.55,28.07
2021-05-18 23:00:00,22.83,85.2,89.69,27.92
2021-05-19 00:00:00,26.66,81.33,90.43,27.42
2021-05-19 01:00:00,19.64,55.62,89.52,27.29
2021-05-19 02:00:00,12.61,48.37,88.05,27.1
2021-05-19 03:00:00,11.09,32.04,89.56,26.9
2021-05-19 04:00:00,11.0,33.8,87.81,26.96
2021-05-19 05:00:00,12.82,31.19,88.73,26.98
2021-05-19 06:00:00,16.66,43.2,88.32,25.67
2021-05-19 07:00:00,19.74,46.8,97.86,22.8
2021-05-19 08:00:00,16.34,927.68,98.19,22.82
2021-05-19 09:00:00,10.76,264.2,98.44,23.63
2021-05-19 10:00:00,66.84673286713287,160.89545480146438,65.68451067369004,26.877576357466065
2021-05-19 11:00:00,66.84673286713287,160.89545480146438,65.68451067369004,26.877576357466065
2021-05-19 12:00:00,66.84673286713287,160.89545480146438,65.68451067369004,26.877576357466065
2021-05-19 13:00:00,66.84673286713287,160.89545480146438,65.68451067369004,26.877576357466065
2021-05-19 14:00:00,66.84673286713287,160.89545480146438,65.68451067369004,26.877576357466065
2021-05-19 15:00:00,66.84673286713287,160.89545480146438,65.68451067369004,26.877576357466065
2021-05-19 16:00:00,66.84673286713287,160.89545480146438,65.68451067369004,26.877576357466065
2021-05-19 17:00:00,66.84673286713287,160.89545480146438,65.68451067369004,26.877576357466065
2021-05-19 18:00:00,66.84673286713287,160.89545480146438,65.68451067369004,26.877576357466065
2021-05-19 19:00:00,66.84673286713287,160.89545480146438,65.68451067369004,26.877576357466065
2021-05-19 20:00:00,66.84673286713287,160.89545480146438,65.68451067369004,26.877576357466065
2021-05-19 21:00:00,66.84673286713287,160.89545480146438,65.68451067369004,26.877576357466065
2021-05-19 22:00:00,66.84673286713287,160.89545480146438,65.68451067369004,26.877576357466065
2021-05-19 23:00:00,66.84673286713287,160.89545480146438,65.68451067369004,26.877576357466065
2021-05-20 00:00:00,66.84673286713287,160.89545480146438,65.68451067369004,26.877576357466065
