From Date,PM2.5,PM10,RH,AT
2020-11-01 00:00:00,95.98,170.47,99.9,27.84
2020-11-01 01:00:00,79.39,116.8,99.9,27.58
2020-11-01 02:00:00,83.28,133.57,99.9,26.73
2020-11-01 03:00:00,92.14,138.0,99.9,26.62
2020-11-01 04:00:00,110.22,181.35,99.9,26.05
2020-11-01 05:00:00,100.22,144.8,99.9,26.0
2020-11-01 06:00:00,91.89,146.35,99.9,25.78
2020-11-01 07:00:00,89.0,131.9,99.9,25.99
2020-11-01 08:00:00,85.91,154.5,99.9,29.81
2020-11-01 09:00:00,70.22,114.1,99.9,33.94
2020-11-01 10:00:00,46.63,83.97,98.3,36.73
2020-11-01 11:00:00,37.45,70.65,94.28,38.0
2020-11-01 12:00:00,41.0,81.71,89.17,38.63
2020-11-01 13:00:00,47.39,112.81,81.44,38.87
2020-11-01 14:00:00,52.67,98.52,78.47,39.64
2020-11-01 15:00:00,54.48,100.95,82.77,39.15
2020-11-01 16:00:00,49.67,102.0,94.62,36.86
2020-11-01 17:00:00,49.83,96.07,90.92,34.66
2020-11-01 18:00:00,38.17,82.25,96.58,32.63
2020-11-01 19:00:00,50.45,132.53,99.9,30.9
2020-11-01 20:00:00,88.84,226.72,99.9,30.0
2020-11-01 21:00:00,90.28,224.15,99.9,29.04
2020-11-01 22:00:00,72.17,172.55,99.9,28.62
2020-11-01 23:00:00,55.33,104.69,99.9,28.39
2020-11-02 00:00:00,55.45,111.79,99.9,28.61
2020-11-02 01:00:00,66.72,99.75,99.9,28.14
2020-11-02 02:00:00,69.61,128.35,99.9,27.7
2020-11-02 03:00:00,80.94,125.53,99.9,27.78
2020-11-02 04:00:00,87.11,146.88,99.9,28.01
2020-11-02 05:00:00,94.21,146.76,99.9,27.87
2020-11-02 06:00:00,103.89,140.07,99.9,27.52
2020-11-02 07:00:00,92.5,138.0,99.9,27.98
2020-11-02 08:00:00,87.89,145.62,99.9,30.18
2020-11-02 09:00:00,99.39,181.0,99.9,32.74
2020-11-02 10:00:00,99.11,188.69,99.22,36.59
2020-11-02 11:00:00,88.0,164.43,89.27,38.98
2020-11-02 12:00:00,85.89,153.22,83.92,39.71
2020-11-02 13:00:00,82.17,163.01,82.73,39.84
2020-11-02 14:00:00,81.4,165.85,81.46,39.14
2020-11-02 15:00:00,85.11,164.31,85.88,38.84
2020-11-02 16:00:00,85.61,165.69,95.82,37.93
2020-11-02 17:00:00,82.84,143.9,99.9,35.45
2020-11-02 18:00:00,86.39,147.62,99.9,32.84
2020-11-02 19:00:00,102.34,276.93,99.9,31.57
2020-11-02 20:00:00,138.77,305.95,99.9,30.7
2020-11-02 21:00:00,149.32,312.1,99.9,30.18
2020-11-02 22:00:00,135.28,239.53,99.9,30.04
2020-11-02 23:00:00,116.67,220.07,99.9,30.18
2020-11-03 00:00:00,125.3,207.99,99.9,30.05
2020-11-03 01:00:00,99.39,146.5,99.9,29.44
2020-11-03 02:00:00,96.5,157.0,99.9,29.09
2020-11-03 03:00:00,104.39,159.54,99.9,28.5
2020-11-03 04:00:00,108.83,171.86,99.9,27.96
2020-11-03 05:00:00,107.08,156.21,99.9,27.42
2020-11-03 06:00:00,96.44,152.16,99.9,26.8
2020-11-03 07:00:00,93.33,135.06,99.9,27.26
2020-11-03 08:00:00,87.89,126.92,99.9,30.37
2020-11-03 09:00:00,86.68,148.03,99.9,33.73
2020-11-03 10:00:00,89.03,160.47,96.87,36.94
2020-11-03 11:00:00,81.75,162.85,87.42,39.36
2020-11-03 12:00:00,74.06,152.83,80.27,40.37
2020-11-03 13:00:00,68.66,126.43,67.82,41.1
2020-11-03 14:00:00,63.56,121.15,69.6,41.36
2020-11-03 15:00:00,62.2,103.21,76.19,41.35
2020-11-03 16:00:00,56.95,88.98,90.54,39.3
2020-11-03 17:00:00,60.05,103.89,99.83,35.63
2020-11-03 18:00:00,58.89,99.4,99.9,32.53
2020-11-03 19:00:00,82.61,170.86,99.9,31.13
2020-11-03 20:00:00,120.5,292.44,99.9,29.75
2020-11-03 21:00:00,130.06,317.08,99.9,29.54
2020-11-03 22:00:00,134.63,309.53,99.9,29.25
2020-11-03 23:00:00,109.5,233.49,99.9,28.76
2020-11-04 00:00:00,95.0,140.0,99.9,28.31
2020-11-04 01:00:00,99.81,165.33,99.9,27.78
2020-11-04 02:00:00,107.0,168.87,99.9,28.06
2020-11-04 03:00:00,104.6,168.296,99.9,27.57
2020-11-04 04:00:00,102.2,167.722,99.9,27.08
2020-11-04 05:00:00,99.8,167.148,99.9,26.59
2020-11-04 06:00:00,97.4,166.574,99.9,26.1
2020-11-04 07:00:00,95.0,166.0,99.9,27.3
2020-11-04 08:00:00,90.23,144.05,99.9,30.02
2020-11-04 09:00:00,81.37,133.22,99.9,33.82
2020-11-04 10:00:00,89.17,168.31,98.65,36.79
2020-11-04 11:00:00,85.89,180.93,90.75,38.66
2020-11-04 12:00:00,82.72,161.73,85.69,39.46
2020-11-04 13:00:00,82.0,163.93,80.61,39.59
2020-11-04 14:00:00,80.32,162.47,75.11,40.12
2020-11-04 15:00:00,72.42,135.78,72.46,40.87
2020-11-04 16:00:00,64.1,109.05,88.32,39.29
2020-11-04 17:00:00,67.11,128.64,99.9,35.14
2020-11-04 18:00:00,67.06,117.75,99.9,31.89
2020-11-04 19:00:00,82.76,159.7,99.9,30.54
2020-11-04 20:00:00,141.48,326.07,99.9,29.49
2020-11-04 21:00:00,152.79,351.63,99.9,29.08
2020-11-04 22:00:00,130.22,240.01,99.9,29.0
2020-11-04 23:00:00,96.4,161.54,99.9,28.86
2020-11-05 00:00:00,88.5,135.75,99.9,28.38
2020-11-05 01:00:00,90.56,147.35,99.9,28.15
2020-11-05 02:00:00,92.84,152.54,99.9,27.69
2020-11-05 03:00:00,98.06,169.89,99.9,27.18
2020-11-05 04:00:00,103.75,162.83,99.9,26.88
2020-11-05 05:00:00,91.83,150.87,99.9,26.91
2020-11-05 06:00:00,76.84,127.05,99.9,26.59
2020-11-05 07:00:00,80.7,130.6,99.9,27.04
2020-11-05 08:00:00,79.39,128.62,99.9,29.81
2020-11-05 09:00:00,66.4,111.91,99.9,33.13
2020-11-05 10:00:00,73.37,133.49,99.89,35.96
2020-11-05 11:00:00,80.89,150.71,92.7,38.48
2020-11-05 12:00:00,75.47,147.09,82.27,39.25
2020-11-05 13:00:00,65.92,119.82,71.17,40.53
2020-11-05 14:00:00,56.02,96.36,65.92,41.25
2020-11-05 15:00:00,50.95,93.0,69.25,40.66
2020-11-05 16:00:00,50.97,90.46,74.39,38.76
2020-11-05 17:00:00,55.17,84.92,91.4,35.61
2020-11-05 18:00:00,56.5,89.08,99.57,31.75
2020-11-05 19:00:00,68.98,105.0,99.9,30.0
2020-11-05 20:00:00,86.11,171.71,99.9,29.43
2020-11-05 21:00:00,73.25,142.49,99.9,29.12
2020-11-05 22:00:00,85.17,158.71,99.9,28.73
2020-11-05 23:00:00,98.76,205.22,99.9,28.15
2020-11-06 00:00:00,91.32,186.65,99.9,27.87
2020-11-06 01:00:00,80.33,134.56,99.9,28.33
2020-11-06 02:00:00,64.68,111.6,99.9,27.46
2020-11-06 03:00:00,70.39,123.36,99.9,27.09
2020-11-06 04:00:00,73.81,119.8,99.9,27.42
2020-11-06 05:00:00,70.44,105.18,99.9,26.55
2020-11-06 06:00:00,72.09,109.75,99.9,25.98
2020-11-06 07:00:00,85.89,158.29,99.9,26.26
2020-11-06 08:00:00,101.84,200.89,99.9,30.54
2020-11-06 09:00:00,97.83,173.22,99.66,34.01
2020-11-06 10:00:00,82.0,168.55,99.0,35.45
2020-11-06 11:00:00,82.0,169.36666666666667,87.45333333333333,36.52333333333333
2020-11-06 12:00:00,82.0,170.18333333333334,75.90666666666667,37.59666666666667
2020-11-06 13:00:00,82.0,171.0,64.36,38.67
2020-11-06 14:00:00,82.0,171.0,65.16,40.64
2020-11-06 15:00:00,42.0,80.0,66.09,40.62
2020-11-06 16:00:00,40.03,79.15,71.9,38.96
2020-11-06 17:00:00,36.68,83.23,86.99,35.75
2020-11-06 18:00:00,43.5,80.61,97.62,31.64
2020-11-06 19:00:00,59.54,108.71,99.89,30.34
2020-11-06 20:00:00,96.62,254.18,99.9,29.38
2020-11-06 21:00:00,120.78,291.01,99.9,28.16
2020-11-06 22:00:00,95.24,181.53,99.9,27.92
2020-11-06 23:00:00,81.04,165.22,99.9,28.04
2020-11-07 00:00:00,74.6,140.67,99.9,27.88
2020-11-07 01:00:00,71.84,130.07,99.9,26.85
2020-11-07 02:00:00,73.44,133.24,99.9,26.16
2020-11-07 03:00:00,74.5,132.31,99.9,25.79
2020-11-07 04:00:00,81.84,129.46,99.9,24.82
2020-11-07 05:00:00,85.12,149.27,99.9,24.63
2020-11-07 06:00:00,89.4,151.31,99.9,24.45
2020-11-07 07:00:00,92.27,142.56,99.9,25.07
2020-11-07 08:00:00,87.82571428571428,143.75,99.9,28.69
2020-11-07 09:00:00,83.38142857142857,134.6,99.9,32.01
2020-11-07 10:00:00,78.93714285714286,154.11,98.85,33.83
2020-11-07 11:00:00,74.49285714285713,162.92,80.61,37.47
2020-11-07 12:00:00,70.04857142857142,137.89,73.6,39.5
2020-11-07 13:00:00,65.60428571428571,117.35,75.18,40.49
2020-11-07 14:00:00,61.16,98.64,76.71,40.96
2020-11-07 15:00:00,59.56,105.29,79.69,40.2
2020-11-07 16:00:00,60.16,107.0,92.48,38.37
2020-11-07 17:00:00,58.0,101.0,99.82,34.74
2020-11-07 18:00:00,58.56,117.05,99.9,32.25
2020-11-07 19:00:00,68.42,125.91,99.9,31.24
2020-11-07 20:00:00,104.31,267.64,99.9,30.43
2020-11-07 21:00:00,127.53,294.69,99.9,29.75
2020-11-07 22:00:00,87.95,132.02,99.9,29.46
2020-11-07 23:00:00,79.49,145.07,99.9,28.64
2020-11-08 00:00:00,88.45,151.32,99.9,28.33
2020-11-08 01:00:00,80.32,135.8,99.9,27.42
2020-11-08 02:00:00,75.16,112.67,99.9,27.45
2020-11-08 03:00:00,76.09,116.6,99.9,27.37
2020-11-08 04:00:00,83.72,129.82,99.9,26.75
2020-11-08 05:00:00,83.0,140.47,99.9,26.41
2020-11-08 06:00:00,79.35,111.6,99.9,26.67
2020-11-08 07:00:00,71.4,104.0,99.9,26.92
2020-11-08 08:00:00,72.47,107.38,99.9,29.45
2020-11-08 09:00:00,67.13,109.69,99.89,33.0
2020-11-08 10:00:00,68.03,126.94,90.92,36.35
2020-11-08 11:00:00,62.16,124.11,78.38,38.41
2020-11-08 12:00:00,57.48,117.93,73.3,39.63
2020-11-08 13:00:00,51.84,103.49,71.53,40.61
2020-11-08 14:00:00,52.03,88.29,70.05,41.15
2020-11-08 15:00:00,47.0,85.16,71.1,41.15
2020-11-08 16:00:00,46.7,82.47,77.79,40.03
2020-11-08 17:00:00,44.8,69.33,95.25,36.44
2020-11-08 18:00:00,53.4,84.73,99.9,32.12
2020-11-08 19:00:00,62.61,118.4,99.9,31.13
2020-11-08 20:00:00,83.17,147.65,99.9,30.23
2020-11-08 21:00:00,104.05,211.88,99.9,29.61
2020-11-08 22:00:00,115.6,191.02,99.9,29.6
2020-11-08 23:00:00,109.75,215.4,99.9,29.24
2020-11-09 00:00:00,99.79,168.65,99.9,28.5
2020-11-09 01:00:00,87.32,138.68,99.9,27.7
2020-11-09 02:00:00,83.85,128.27,99.9,26.7
2020-11-09 03:00:00,85.44,128.69,99.9,25.86
2020-11-09 04:00:00,84.0,138.29,99.9,25.68
2020-11-09 05:00:00,85.4,144.23,99.9,25.0
2020-11-09 06:00:00,89.0,150.07,99.9,24.94
2020-11-09 07:00:00,85.91,125.67,99.9,24.88
2020-11-09 08:00:00,74.6,100.8,99.9,28.95
2020-11-09 09:00:00,68.55,114.67,99.41,33.43
2020-11-09 10:00:00,79.21,132.34,82.64,36.98
2020-11-09 11:00:00,87.17,145.13,74.59,38.66
2020-11-09 12:00:00,79.52,136.02,69.75,38.98
2020-11-09 13:00:00,69.17,126.42,65.11,40.18
2020-11-09 14:00:00,61.33,95.98,62.3,40.58
2020-11-09 15:00:00,47.07,72.42,65.78,40.0
2020-11-09 16:00:00,37.85,69.84,72.3,38.71
2020-11-09 17:00:00,39.15,61.55,85.66,35.45
2020-11-09 18:00:00,41.53,67.6,99.37,31.02
2020-11-09 19:00:00,60.58,94.3,99.9,29.17
2020-11-09 20:00:00,80.0,178.12,99.9,28.08
2020-11-09 21:00:00,87.58,208.2,99.9,27.85
2020-11-09 22:00:00,103.88,254.07,99.9,27.77
2020-11-09 23:00:00,97.97,214.71,99.9,27.59
2020-11-10 00:00:00,101.87,184.12,99.9,27.16
2020-11-10 01:00:00,98.16,197.68,99.9,26.13
2020-11-10 02:00:00,103.58,158.92,99.9,25.64
2020-11-10 03:00:00,120.19,203.18,99.9,24.39
2020-11-10 04:00:00,112.16,185.13,99.9,23.79
2020-11-10 05:00:00,108.88,179.16,99.9,23.37
2020-11-10 06:00:00,102.35,156.2,99.9,22.6
2020-11-10 07:00:00,92.64,130.05,99.9,22.7
2020-11-10 08:00:00,84.88,109.11,99.9,26.9
2020-11-10 09:00:00,78.47,141.47,87.93,32.01
2020-11-10 10:00:00,101.57,187.69,72.11,35.65
2020-11-10 11:00:00,96.77,162.11,65.51,37.52
2020-11-10 12:00:00,77.63,149.27,57.19,37.97
2020-11-10 13:00:00,66.17,121.82,53.0,39.0
2020-11-10 14:00:00,59.0,107.71,50.59,39.72
2020-11-10 15:00:00,58.16,98.42,51.7,39.76
2020-11-10 16:00:00,56.56,79.0,66.28,38.12
2020-11-10 17:00:00,58.13,84.05,84.99,34.11
2020-11-10 18:00:00,63.55,107.72,91.48,29.71
2020-11-10 19:00:00,80.59,176.18,99.17,28.55
2020-11-10 20:00:00,115.22,205.73,99.9,27.64
2020-11-10 21:00:00,137.7,350.4,99.9,26.85
2020-11-10 22:00:00,130.38,303.53,99.9,26.83
2020-11-10 23:00:00,105.77,191.2,99.9,26.47
2020-11-11 00:00:00,112.62,204.98,99.9,25.23
2020-11-11 01:00:00,99.56,149.56,99.9,23.94
2020-11-11 02:00:00,101.0,152.31,99.9,23.56
2020-11-11 03:00:00,100.72,139.8,99.9,23.2
2020-11-11 04:00:00,98.32,163.93,99.9,22.5
2020-11-11 05:00:00,97.12,136.91,99.9,22.14
2020-11-11 06:00:00,100.51,164.78,99.9,21.88
2020-11-11 07:00:00,90.7,144.91,99.9,22.12
2020-11-11 08:00:00,105.48,156.89,99.9,26.36
2020-11-11 09:00:00,130.13,207.29,94.42,31.05
2020-11-11 10:00:00,102.58,181.38,72.53,35.23
2020-11-11 11:00:00,99.0,183.44,65.38,36.49
2020-11-11 12:00:00,84.95,152.96,55.75,37.11
2020-11-11 13:00:00,70.9,122.47999999999999,54.69,38.68
2020-11-11 14:00:00,56.85,92.0,55.09,39.58
2020-11-11 15:00:00,56.17,91.16,54.62,39.49
2020-11-11 16:00:00,52.68,91.0,66.11,37.48
2020-11-11 17:00:00,67.67,101.13,84.41,33.42
2020-11-11 18:00:00,83.0,135.82,98.69,29.18
2020-11-11 19:00:00,87.4,152.94,99.9,27.69
2020-11-11 20:00:00,122.37,231.0,99.9,27.34
2020-11-11 21:00:00,139.32,305.07,99.9,26.74
2020-11-11 22:00:00,124.9,251.0,99.9,26.7
2020-11-11 23:00:00,112.56,206.25,99.9,25.89
2020-11-12 00:00:00,110.35,194.63,99.9,25.23
2020-11-12 01:00:00,101.0,171.28,99.89,25.48
2020-11-12 02:00:00,102.98,172.05,99.59,25.21
2020-11-12 03:00:00,107.72,180.57,99.7,25.1
2020-11-12 04:00:00,107.0,165.17,99.9,24.35
2020-11-12 05:00:00,103.07,156.93,99.9,22.84
2020-11-12 06:00:00,94.4,131.59,99.9,22.84
2020-11-12 07:00:00,99.13,141.35,99.9,23.1
2020-11-12 08:00:00,100.87,153.05,99.38,26.89
2020-11-12 09:00:00,100.27,161.57,91.71,31.59
2020-11-12 10:00:00,103.5,181.52,81.73,35.25
2020-11-12 11:00:00,92.22,160.59,71.77,37.48
2020-11-12 12:00:00,70.0,156.0,67.07,38.56
2020-11-12 13:00:00,54.0,130.0,61.58,39.9
2020-11-12 14:00:00,38.0,104.0,57.05,40.47
2020-11-12 15:00:00,39.78,78.0,60.84,40.35
2020-11-12 16:00:00,41.56,61.95,69.7,38.78
2020-11-12 17:00:00,43.339999999999996,78.36,86.68,34.94
2020-11-12 18:00:00,45.12,88.0,97.24,30.23
2020-11-12 19:00:00,55.87,170.48,99.9,29.09
2020-11-12 20:00:00,158.0,321.78,99.9,27.88
2020-11-12 21:00:00,145.25,416.86,99.9,26.76
2020-11-12 22:00:00,132.5,274.88,99.9,26.98
2020-11-12 23:00:00,119.75,180.0,99.9,26.52
2020-11-13 00:00:00,107.0,192.3,99.9,26.34
2020-11-13 01:00:00,93.0,162.47,99.9,25.69
2020-11-13 02:00:00,102.0,165.36,99.9,24.86
2020-11-13 03:00:00,111.0,196.0,99.9,24.75
2020-11-13 04:00:00,105.5,197.68,99.9,24.43
2020-11-13 05:00:00,100.0,175.28,99.9,24.54
2020-11-13 06:00:00,97.33,160.87,99.9,24.79
2020-11-13 07:00:00,83.22999999999999,122.1,99.9,25.54
2020-11-13 08:00:00,69.13,119.0,99.9,29.02
2020-11-13 09:00:00,70.0,110.58,99.9,32.64
2020-11-13 10:00:00,70.66,127.45,98.74,36.06
2020-11-13 11:00:00,71.32,130.95,98.22,37.59
2020-11-13 12:00:00,62.0,130.0,92.86,39.24
2020-11-13 13:00:00,25.0,88.0,85.01,40.82
2020-11-13 14:00:00,22.17,46.0,82.42,40.11
2020-11-13 15:00:00,15.28,41.78,80.76,40.74
2020-11-13 16:00:00,18.27,37.63,87.14,39.17
2020-11-13 17:00:00,24.3,51.31,95.9,36.55
2020-11-13 18:00:00,34.15,75.11,99.9,32.61
2020-11-13 19:00:00,52.1,110.14,99.9,31.04
2020-11-13 20:00:00,64.15,106.74,99.9,30.2
2020-11-13 21:00:00,61.43,91.53,99.9,30.09
2020-11-13 22:00:00,54.56,82.27,99.9,30.16
2020-11-13 23:00:00,46.33,73.4,99.9,29.67
2020-11-14 00:00:00,60.85,143.78,99.9,29.43
2020-11-14 01:00:00,60.17,91.48,99.9,29.01
2020-11-14 02:00:00,50.5,100.84,99.9,28.11
2020-11-14 03:00:00,51.68,99.11,99.9,27.73
2020-11-14 04:00:00,60.72,98.0,99.9,27.83
2020-11-14 05:00:00,59.43,93.28571428571429,99.9,27.58
2020-11-14 06:00:00,58.57,88.57142857142857,99.9,27.11
2020-11-14 07:00:00,64.53,83.85714285714286,99.9,27.4
2020-11-14 08:00:00,71.18,79.14285714285714,99.9,32.0
2020-11-14 09:00:00,59.28,74.42857142857143,99.9,36.3
2020-11-14 10:00:00,58.86,69.71428571428572,98.45,39.18
2020-11-14 11:00:00,37.85,65.0,92.9,40.21
2020-11-14 12:00:00,25.0,42.27,92.78,40.16
2020-11-14 13:00:00,27.0,38.0,91.08,40.3
2020-11-14 14:00:00,25.3,51.0,89.03,40.03
2020-11-14 15:00:00,21.28,43.45,88.02,41.1
2020-11-14 16:00:00,24.83,42.84,98.9,37.97
2020-11-14 17:00:00,27.75,63.2,99.9,35.0
2020-11-14 18:00:00,21.82,67.84,99.9,33.0
2020-11-14 19:00:00,38.53,88.97,99.9,31.88
2020-11-14 20:00:00,64.45,129.19,99.9,30.97
2020-11-14 21:00:00,86.69,154.52,99.9,30.19
2020-11-14 22:00:00,60.44,106.66,99.9,29.8
2020-11-14 23:00:00,78.62,136.48,99.9,29.28
2020-11-15 00:00:00,60.13,79.19,99.9,28.74
2020-11-15 01:00:00,53.0,61.11,99.9,28.3
2020-11-15 02:00:00,55.45,81.88,99.9,28.08
2020-11-15 03:00:00,49.0,66.64,99.9,27.71
2020-11-15 04:00:00,57.78,83.2,99.9,27.71
2020-11-15 05:00:00,85.2,130.77,99.9,27.02
2020-11-15 06:00:00,139.98,153.26,99.9,27.06
2020-11-15 07:00:00,107.4,121.49,99.9,27.88
2020-11-15 08:00:00,71.17,87.32,99.9,31.78
2020-11-15 09:00:00,62.86,80.32,99.9,35.32
2020-11-15 10:00:00,67.15,97.67,99.9,37.45
2020-11-15 11:00:00,79.62,101.84,99.9,39.53
2020-11-15 12:00:00,66.0,96.95,93.97,40.35
2020-11-15 13:00:00,54.0,96.0,95.12,40.26
2020-11-15 14:00:00,53.72,92.0,93.77,39.7
2020-11-15 15:00:00,51.87,80.22,96.78,39.36
2020-11-15 16:00:00,49.57,95.67,99.9,37.68
2020-11-15 17:00:00,50.72,88.06,99.9,35.55
2020-11-15 18:00:00,52.58,104.52,99.9,33.33
2020-11-15 19:00:00,66.65,118.94,99.9,32.19
2020-11-15 20:00:00,93.93,152.98,99.9,31.4
2020-11-15 21:00:00,105.7,146.42,99.9,30.7
2020-11-15 22:00:00,87.0,133.93,99.9,30.04
2020-11-15 23:00:00,87.32,124.45,99.9,29.89
2020-11-16 00:00:00,79.6,109.58,99.9,29.94
2020-11-16 01:00:00,67.03,101.95,99.9,30.1
2020-11-16 02:00:00,56.72,77.43,99.9,29.94
2020-11-16 03:00:00,55.14,75.52,99.9,29.25
2020-11-16 04:00:00,53.86,76.84,99.9,29.12
2020-11-16 05:00:00,59.12,77.0,99.9,28.78
2020-11-16 06:00:00,63.85,83.73,99.9,28.46
2020-11-16 07:00:00,60.53,79.97,99.9,28.59
2020-11-16 08:00:00,72.57,99.2,99.9,30.69
2020-11-16 09:00:00,73.87,101.32,99.9,34.16
2020-11-16 10:00:00,68.03,93.42,99.56,38.73
2020-11-16 11:00:00,58.57,101.23,91.74,39.97
2020-11-16 12:00:00,60.0,80.28,84.58,40.93
2020-11-16 13:00:00,29.0,76.0,81.58,41.83
2020-11-16 14:00:00,27.57,50.0,79.32,42.59
2020-11-16 15:00:00,25.13,49.16,82.45,41.99
2020-11-16 16:00:00,26.0,64.15,85.94,40.83
2020-11-16 17:00:00,23.0,51.06,96.16,37.79
2020-11-16 18:00:00,49.0,84.19,99.9,33.66
2020-11-16 19:00:00,69.72,106.99,99.9,32.11
2020-11-16 20:00:00,73.0,115.05,99.9,31.58
2020-11-16 21:00:00,81.3,107.56,99.9,31.24
2020-11-16 22:00:00,77.57,121.99,99.9,31.08
2020-11-16 23:00:00,80.72,112.38,99.9,30.75
2020-11-17 00:00:00,83.3,120.91,99.9,30.73
2020-11-17 01:00:00,80.72,126.37,99.9,30.25
2020-11-17 02:00:00,81.28,116.12,99.9,29.61
2020-11-17 03:00:00,67.42,93.38,99.9,29.36
2020-11-17 04:00:00,55.15,74.01,99.9,29.28
2020-11-17 05:00:00,56.12,90.3,99.9,28.72
2020-11-17 06:00:00,62.3,124.3,99.9,28.47
2020-11-17 07:00:00,54.85,89.6,99.9,29.27
2020-11-17 08:00:00,47.57,71.09,99.9,32.25
2020-11-17 09:00:00,52.15,94.25,99.9,36.33
2020-11-17 10:00:00,58.86,115.78,98.47,39.37
2020-11-17 11:00:00,52.6,92.0,92.91,40.92
2020-11-17 12:00:00,44.0,73.55,91.95,41.02
2020-11-17 13:00:00,17.0,70.0,86.51,41.71
2020-11-17 14:00:00,18.14,48.0,85.96,42.2
2020-11-17 15:00:00,21.0,50.52,84.54,42.3
2020-11-17 16:00:00,17.0,46.8,86.72,41.28
2020-11-17 17:00:00,24.37,53.55,99.9,37.25
2020-11-17 18:00:00,49.23,100.45,99.9,33.93
2020-11-17 19:00:00,70.15,153.52,99.9,32.86
2020-11-17 20:00:00,90.72,168.73,99.9,32.09
2020-11-17 21:00:00,106.85,235.43,99.9,31.23
2020-11-17 22:00:00,102.43,174.18,99.9,30.86
2020-11-17 23:00:00,105.62,154.97,99.9,30.51
2020-11-18 00:00:00,89.5,140.58,99.9,30.11
2020-11-18 01:00:00,85.0,134.63,99.9,29.9
2020-11-18 02:00:00,76.32,118.9,99.9,29.74
2020-11-18 03:00:00,64.73,111.81,99.9,29.25
2020-11-18 04:00:00,61.83,108.47,99.9,28.6
2020-11-18 05:00:00,68.43,121.42,99.9,27.87
2020-11-18 06:00:00,72.1,134.07,99.9,27.74
2020-11-18 07:00:00,85.28,141.05,99.9,28.05
2020-11-18 08:00:00,84.66,138.65,99.9,31.19
2020-11-18 09:00:00,67.13,138.0,99.9,34.17
2020-11-18 10:00:00,73.4,131.0,99.9,36.36
2020-11-18 11:00:00,83.98,157.0,99.86,38.87
2020-11-18 12:00:00,89.0,180.4,99.42,39.38
2020-11-18 13:00:00,33.0,141.7,99.73,39.75
2020-11-18 14:00:00,35.0,103.0,99.43,39.77
2020-11-18 15:00:00,37.4,78.75,99.89,39.2
2020-11-18 16:00:00,48.0,104.96,99.9,36.81
2020-11-18 17:00:00,61.85,112.68,99.9,34.61
2020-11-18 18:00:00,54.29,116.37,99.9,32.62
2020-11-18 19:00:00,57.29,111.97,99.9,31.59
2020-11-18 20:00:00,64.72,104.29,99.9,30.66
2020-11-18 21:00:00,74.44,104.68,99.9,30.55
2020-11-18 22:00:00,81.7,138.56,99.9,30.09
2020-11-18 23:00:00,69.97,119.0,99.9,30.11
2020-11-19 00:00:00,83.4,149.23,99.9,29.91
2020-11-19 01:00:00,89.14,138.32,99.9,29.55
2020-11-19 02:00:00,87.44,129.95,99.9,29.22
2020-11-19 03:00:00,100.72,133.21,99.9,28.67
2020-11-19 04:00:00,98.27,134.84,99.9,28.62
2020-11-19 05:00:00,92.87,132.47,99.9,28.48
2020-11-19 06:00:00,88.57,122.74,99.9,28.61
2020-11-19 07:00:00,87.0,127.71,99.9,29.01
2020-11-19 08:00:00,90.14,131.52,99.9,30.8
2020-11-19 09:00:00,92.72,147.22,99.9,33.41
2020-11-19 10:00:00,91.14,154.21,99.9,37.17
2020-11-19 11:00:00,83.56,143.25,99.9,39.24
2020-11-19 12:00:00,70.0,112.38,99.6,40.0
2020-11-19 13:00:00,64.66666666666667,107.0,99.87,39.73
2020-11-19 14:00:00,59.333333333333336,101.0,99.65,39.72
2020-11-19 15:00:00,54.0,101.0,99.88,38.53
2020-11-19 16:00:00,53.93,111.87,99.9,36.81
2020-11-19 17:00:00,56.45,118.08,99.9,35.52
2020-11-19 18:00:00,65.0,135.32,99.9,33.52
2020-11-19 19:00:00,74.0,135.81,99.9,31.27
2020-11-19 20:00:00,73.72,132.48,99.9,30.68
2020-11-19 21:00:00,71.02,117.74,99.9,30.31
2020-11-19 22:00:00,63.42,105.77,99.9,29.59
2020-11-19 23:00:00,56.43,101.49,99.9,29.09
2020-11-20 00:00:00,56.13,101.84,99.9,28.84
2020-11-20 01:00:00,58.72,101.16,99.9,29.04
2020-11-20 02:00:00,57.43,89.24,99.9,28.31
2020-11-20 03:00:00,57.43,83.64,99.9,27.89
2020-11-20 04:00:00,62.14,103.2,99.9,27.88
2020-11-20 05:00:00,62.71,94.42,99.9,26.93
2020-11-20 06:00:00,57.57,93.68,99.9,26.81
2020-11-20 07:00:00,63.01,109.94,99.9,27.25
2020-11-20 08:00:00,70.42,120.55,99.9,29.89
2020-11-20 09:00:00,62.86,99.35,99.9,33.26
2020-11-20 10:00:00,62.29,127.72,99.9,35.8
2020-11-20 11:00:00,68.0,134.0,99.9,37.2
2020-11-20 12:00:00,67.0,117.22,99.9,36.47
2020-11-20 13:00:00,66.0,114.0,98.35,37.94
2020-11-20 14:00:00,61.8,126.0,94.26,39.61
2020-11-20 15:00:00,46.28,97.48,99.47,38.29
2020-11-20 16:00:00,43.42,110.45,99.9,35.89
2020-11-20 17:00:00,46.14,108.97,99.9,33.71
2020-11-20 18:00:00,48.33,98.77,99.9,32.28
2020-11-20 19:00:00,63.29,125.0,99.9,31.0
2020-11-20 20:00:00,75.43,115.77,99.9,30.44
2020-11-20 21:00:00,79.0,124.16,99.9,29.17
2020-11-20 22:00:00,77.96416666666667,146.62,99.9,29.08
2020-11-20 23:00:00,76.92833333333333,132.63,99.9,28.79
2020-11-21 00:00:00,75.8925,118.64,99.9,27.95
2020-11-21 01:00:00,74.85666666666667,124.0,99.9,27.15
2020-11-21 02:00:00,73.82083333333333,122.0,99.9,26.66
2020-11-21 03:00:00,72.785,109.0,99.9,26.52
2020-11-21 04:00:00,71.74916666666667,104.99000000000001,99.9,26.1
2020-11-21 05:00:00,70.71333333333332,100.98,99.9,25.68
2020-11-21 06:00:00,69.6775,104.03,99.9,25.8
2020-11-21 07:00:00,68.64166666666667,101.73,99.9,25.82
2020-11-21 08:00:00,67.60583333333332,113.0,99.9,29.23
2020-11-21 09:00:00,66.57,111.32,99.9,33.52
2020-11-21 10:00:00,65.14,105.97,99.9,36.3
2020-11-21 11:00:00,61.5,124.3,99.14,37.7
2020-11-21 12:00:00,65.0,119.61,91.21,39.5
2020-11-21 13:00:00,63.833333333333336,109.805,83.84,39.47
2020-11-21 14:00:00,62.666666666666664,100.0,70.77,41.39
2020-11-21 15:00:00,61.5,62.72,79.85,40.48
2020-11-21 16:00:00,60.333333333333336,71.44,95.01,37.56
2020-11-21 17:00:00,59.166666666666664,91.55,98.86,35.08
2020-11-21 18:00:00,58.0,108.0,99.91,32.27
2020-11-21 19:00:00,57.93,128.97,99.91,30.78
2020-11-21 20:00:00,65.01,121.25,99.91,29.13
2020-11-21 21:00:00,96.73,301.88,99.91,28.18
2020-11-21 22:00:00,118.0,356.24,99.91,27.74
2020-11-21 23:00:00,110.57,277.79,99.91,27.18
2020-11-22 00:00:00,114.29,265.35,99.91,26.69
2020-11-22 01:00:00,113.7,224.9,99.91,26.15
2020-11-22 02:00:00,96.56,163.31,99.91,26.1
2020-11-22 03:00:00,95.6,148.82,99.91,25.81
2020-11-22 04:00:00,102.57,168.97,99.91,25.88
2020-11-22 05:00:00,103.14,164.61,99.91,25.22
2020-11-22 06:00:00,101.57,150.42,99.91,24.75
2020-11-22 07:00:00,104.16,158.91,99.91,25.05
2020-11-22 08:00:00,105.28,161.84,99.91,28.93
2020-11-22 09:00:00,100.35,146.9,99.91,34.08
2020-11-22 10:00:00,95.15,154.07,99.91,37.18
2020-11-22 11:00:00,103.5,171.94,96.62,39.42
2020-11-22 12:00:00,102.56,183.61,83.34,39.22
2020-11-22 13:00:00,67.53,103.63,74.04,40.33
2020-11-22 14:00:00,39.71,96.37,89.38,39.02
2020-11-22 15:00:00,72.14,120.65,95.25,38.21
2020-11-22 16:00:00,75.28,123.32,99.87,36.79
2020-11-22 17:00:00,78.86,135.54,99.91,34.17
2020-11-22 18:00:00,86.31,138.0,99.91,31.61
2020-11-22 19:00:00,91.72,148.91,99.91,29.92
2020-11-22 20:00:00,108.13,168.56,99.91,29.07
2020-11-22 21:00:00,133.38,233.03,99.91,27.94
2020-11-22 22:00:00,119.98,215.64,99.91,27.26
2020-11-22 23:00:00,106.42,188.26,99.91,26.38
2020-11-23 00:00:00,89.62,148.05,99.91,25.66
2020-11-23 01:00:00,101.58,152.7,99.91,25.26
2020-11-23 02:00:00,108.15,165.07,99.91,24.81
2020-11-23 03:00:00,120.71,190.0,99.91,24.54
2020-11-23 04:00:00,115.09,161.57,99.91,24.61
2020-11-23 05:00:00,104.14,158.52,99.91,24.37
2020-11-23 06:00:00,103.53,174.05,99.91,24.36
2020-11-23 07:00:00,98.43,166.09,99.91,25.06
2020-11-23 08:00:00,96.31,159.82,99.91,29.16
2020-11-23 09:00:00,65.38,106.15,99.91,34.06
2020-11-23 10:00:00,56.6,100.19,95.64,36.43
2020-11-23 11:00:00,56.07,107.05,69.4,39.44
2020-11-23 12:00:00,37.28,75.61,68.44,39.54
2020-11-23 13:00:00,35.29,82.42,69.23,38.84
2020-11-23 14:00:00,41.0,69.1,62.26,38.34
2020-11-23 15:00:00,12.82,40.0,59.25,37.29
2020-11-23 16:00:00,5.29,45.03,60.47,36.43
2020-11-23 17:00:00,8.86,47.67,69.45,33.97
2020-11-23 18:00:00,17.43,60.6,77.24,31.41
2020-11-23 19:00:00,29.87,104.81,94.2,29.5
2020-11-23 20:00:00,59.8,168.37,99.91,28.3
2020-11-23 21:00:00,79.0,189.03,99.91,27.73
2020-11-23 22:00:00,85.01,263.14,99.91,27.58
2020-11-23 23:00:00,97.14,252.75,99.91,26.84
2020-11-24 00:00:00,81.05,168.57,99.91,25.49
2020-11-24 01:00:00,62.76,100.33,99.91,25.14
2020-11-24 02:00:00,73.44,141.17,99.91,25.14
2020-11-24 03:00:00,76.43,129.19,99.91,24.31
2020-11-24 04:00:00,80.2,107.36,99.91,24.12
2020-11-24 05:00:00,96.47,152.5,99.91,24.16
2020-11-24 06:00:00,104.14,173.7,99.91,23.94
2020-11-24 07:00:00,96.51,132.49,99.91,24.02
2020-11-24 08:00:00,81.56,118.98,99.91,27.36
2020-11-24 09:00:00,68.5,107.0,98.92,32.03
2020-11-24 10:00:00,61.92,103.66,90.19,35.17
2020-11-24 11:00:00,71.89,123.84,79.37,36.84
2020-11-24 12:00:00,76.71,140.69,77.75,38.34
2020-11-24 13:00:00,66.5,137.82,78.84,39.34
2020-11-24 14:00:00,61.69,116.87,78.66,40.23
2020-11-24 15:00:00,55.14,114.68,79.33,39.92
2020-11-24 16:00:00,53.0,118.34,86.14,38.13
2020-11-24 17:00:00,54.956842105263156,140.0,99.89,34.1
2020-11-24 18:00:00,56.91368421052631,164.4,99.91,31.98
2020-11-24 19:00:00,58.870526315789476,269.0,99.91,30.97
2020-11-24 20:00:00,60.82736842105263,257.48,99.91,30.19
2020-11-24 21:00:00,62.78421052631579,417.0,99.91,29.29
2020-11-24 22:00:00,64.74105263157895,349.22,99.91,28.54
2020-11-24 23:00:00,66.6978947368421,269.0,99.91,28.08
2020-11-25 00:00:00,68.65473684210527,286.0,99.91,28.05
2020-11-25 01:00:00,70.61157894736843,290.03,99.91,27.47
2020-11-25 02:00:00,72.56842105263158,193.0,99.91,26.33
2020-11-25 03:00:00,74.52526315789474,207.12,99.91,26.55
2020-11-25 04:00:00,76.4821052631579,283.0,99.91,26.91
2020-11-25 05:00:00,78.43894736842105,237.96,99.91,26.66
2020-11-25 06:00:00,80.39578947368422,280.97333333333336,99.91,26.26
2020-11-25 07:00:00,82.35263157894738,323.9866666666667,99.91,25.99
2020-11-25 08:00:00,84.30947368421053,367.0,99.91,28.71
2020-11-25 09:00:00,86.26631578947368,305.13,99.91,32.67
2020-11-25 10:00:00,88.22315789473684,193.0,98.28,35.86
2020-11-25 11:00:00,90.18,191.0,76.87,37.82
2020-11-25 12:00:00,74.62,191.0,70.45,39.46
2020-11-25 13:00:00,56.29,169.33333333333334,72.68,39.12
2020-11-25 14:00:00,61.14,147.66666666666666,73.1,38.84
2020-11-25 15:00:00,64.2,126.0,87.72,37.73
2020-11-25 16:00:00,87.3,171.99,99.91,34.8
2020-11-25 17:00:00,112.14,192.7,99.91,32.77
2020-11-25 18:00:00,108.27,166.57,99.91,31.09
2020-11-25 19:00:00,115.31,175.26,99.91,29.73
2020-11-25 20:00:00,151.38,382.01,99.91,29.41
2020-11-25 21:00:00,161.31,384.35,99.91,28.62
2020-11-25 22:00:00,133.84,238.58,99.91,28.08
2020-11-25 23:00:00,129.0,227.88,99.91,27.51
2020-11-26 00:00:00,120.85,186.69,99.91,27.07
2020-11-26 01:00:00,115.02,188.03,99.91,26.19
2020-11-26 02:00:00,118.84,187.49,99.91,25.95
2020-11-26 03:00:00,117.16,182.82,99.91,26.14
2020-11-26 04:00:00,130.84,187.85,99.91,25.84
2020-11-26 05:00:00,125.11,183.17,99.91,25.7
2020-11-26 06:00:00,118.58,173.64,99.91,25.01
2020-11-26 07:00:00,120.87,174.51,99.91,24.82
2020-11-26 08:00:00,120.69,164.13,99.91,27.9
2020-11-26 09:00:00,113.86,182.07,99.91,31.91
2020-11-26 10:00:00,114.43,194.36,99.35,34.54
2020-11-26 11:00:00,112.31,179.28,93.65,36.46
2020-11-26 12:00:00,86.87,169.29,81.62,37.99
2020-11-26 13:00:00,82.07,149.6,68.39,40.11
2020-11-26 14:00:00,63.55,119.25,70.1,40.02
2020-11-26 15:00:00,58.57,109.82,67.5,40.06
2020-11-26 16:00:00,56.73,97.3,80.25,38.33
2020-11-26 17:00:00,70.25,122.59,99.82,34.17
2020-11-26 18:00:00,96.5,173.15,99.91,31.36
2020-11-26 19:00:00,111.36,187.02,99.91,30.09
2020-11-26 20:00:00,124.5,193.85,99.91,29.52
2020-11-26 21:00:00,116.22,164.88,99.91,28.93
2020-11-26 22:00:00,100.54,148.97,99.91,28.43
2020-11-26 23:00:00,100.72,152.02,99.91,27.67
2020-11-27 00:00:00,107.11,178.0,99.91,27.33
2020-11-27 01:00:00,100.0,171.3,99.91,26.97
2020-11-27 02:00:00,97.38,167.33,99.91,26.81
2020-11-27 03:00:00,90.5,136.9,99.91,26.53
2020-11-27 04:00:00,87.69,129.33,99.91,26.86
2020-11-27 05:00:00,80.56,133.18,99.83,27.33
2020-11-27 06:00:00,73.82,113.93,99.1,26.92
2020-11-27 07:00:00,72.07,110.83,99.91,26.41
2020-11-27 08:00:00,82.09,111.0,95.46,29.65
2020-11-27 09:00:00,66.25,111.175,87.78,34.09
2020-11-27 10:00:00,66.47403361344537,111.35,87.8818487394958,34.06319327731093
2020-11-27 11:00:00,66.69806722689076,111.525,87.9836974789916,34.03638655462185
2020-11-27 12:00:00,66.92210084033613,111.7,88.0855462184874,34.009579831932776
2020-11-27 13:00:00,67.14613445378151,111.875,88.1873949579832,33.9827731092437
2020-11-27 14:00:00,67.37016806722689,112.05,88.289243697479,33.95596638655463
2020-11-27 15:00:00,67.59420168067227,112.225,88.39109243697479,33.92915966386555
2020-11-27 16:00:00,67.81823529411764,112.4,88.4929411764706,33.902352941176474
2020-11-27 17:00:00,68.04226890756303,112.575,88.59478991596639,33.8755462184874
2020-11-27 18:00:00,68.2663025210084,112.75,88.69663865546218,33.84873949579832
2020-11-27 19:00:00,68.49033613445378,112.925,88.79848739495799,33.821932773109246
2020-11-27 20:00:00,68.71436974789916,113.1,88.90033613445378,33.79512605042017
2020-11-27 21:00:00,68.93840336134454,113.275,89.00218487394959,33.76831932773109
2020-11-27 22:00:00,69.16243697478991,113.45,89.10403361344538,33.74151260504202
2020-11-27 23:00:00,69.3864705882353,113.625,89.20588235294117,33.714705882352945
2020-11-28 00:00:00,69.61050420168067,113.8,89.30773109243698,33.68789915966387
2020-11-28 01:00:00,69.83453781512605,113.975,89.40957983193277,33.66109243697479
2020-11-28 02:00:00,70.05857142857143,114.15,89.51142857142857,33.63428571428572
2020-11-28 03:00:00,70.28260504201681,114.325,89.61327731092437,33.60747899159664
2020-11-28 04:00:00,70.50663865546218,114.5,89.71512605042017,33.58067226890756
2020-11-28 05:00:00,70.73067226890757,114.675,89.81697478991597,33.55386554621849
2020-11-28 06:00:00,70.95470588235294,114.85,89.91882352941177,33.527058823529416
2020-11-28 07:00:00,71.17873949579831,115.025,90.02067226890756,33.50025210084034
2020-11-28 08:00:00,71.4027731092437,115.2,90.12252100840337,33.47344537815126
2020-11-28 09:00:00,71.62680672268908,115.375,90.22436974789916,33.44663865546219
2020-11-28 10:00:00,71.85084033613445,115.55,90.32621848739495,33.419831932773114
2020-11-28 11:00:00,72.07487394957982,115.725,90.42806722689076,33.39302521008403
2020-11-28 12:00:00,72.29890756302521,115.9,90.52991596638655,33.36621848739496
2020-11-28 13:00:00,72.52294117647058,116.075,90.63176470588236,33.339411764705886
2020-11-28 14:00:00,72.74697478991597,116.25,90.73361344537815,33.312605042016806
2020-11-28 15:00:00,72.97100840336134,116.425,90.83546218487395,33.28579831932773
2020-11-28 16:00:00,73.19504201680672,116.6,90.93731092436975,33.25899159663866
2020-11-28 17:00:00,73.4190756302521,116.775,91.03915966386555,33.232184873949585
2020-11-28 18:00:00,73.64310924369748,116.95,91.14100840336134,33.205378151260504
2020-11-28 19:00:00,73.86714285714285,117.125,91.24285714285715,33.17857142857143
2020-11-28 20:00:00,74.09117647058824,117.3,91.34470588235294,33.15176470588236
2020-11-28 21:00:00,74.31521008403361,117.475,91.44655462184875,33.124957983193276
2020-11-28 22:00:00,74.539243697479,117.65,91.54840336134454,33.0981512605042
2020-11-28 23:00:00,74.76327731092437,117.825,91.65025210084033,33.07134453781513
2020-11-29 00:00:00,74.98731092436975,118.0,91.75210084033614,33.044537815126056
2020-11-29 01:00:00,75.21134453781512,118.175,91.85394957983193,33.017731092436975
2020-11-29 02:00:00,75.43537815126051,118.35,91.95579831932773,32.9909243697479
2020-11-29 03:00:00,75.65941176470588,118.525,92.05764705882353,32.96411764705883
2020-11-29 04:00:00,75.88344537815127,118.7,92.15949579831933,32.93731092436975
2020-11-29 05:00:00,76.10747899159664,118.875,92.26134453781513,32.91050420168067
2020-11-29 06:00:00,76.33151260504201,119.05,92.36319327731093,32.8836974789916
2020-11-29 07:00:00,76.5555462184874,119.225,92.46504201680672,32.85689075630252
2020-11-29 08:00:00,76.77957983193278,119.4,92.56689075630253,32.830084033613446
2020-11-29 09:00:00,77.00361344537815,119.575,92.66873949579832,32.80327731092437
2020-11-29 10:00:00,77.22764705882352,119.75,92.77058823529413,32.7764705882353
2020-11-29 11:00:00,77.4516806722689,119.925,92.87243697478992,32.74966386554622
2020-11-29 12:00:00,77.67571428571428,120.1,92.97428571428571,32.722857142857144
2020-11-29 13:00:00,77.89974789915966,120.275,93.07613445378152,32.69605042016807
2020-11-29 14:00:00,78.12378151260504,120.45,93.17798319327731,32.66924369747899
2020-11-29 15:00:00,78.34781512605042,120.625,93.2798319327731,32.642436974789916
2020-11-29 16:00:00,78.57184873949579,120.8,93.38168067226891,32.61563025210084
2020-11-29 17:00:00,78.79588235294118,120.975,93.4835294117647,32.58882352941177
2020-11-29 18:00:00,79.01991596638655,121.15,93.58537815126051,32.56201680672269
2020-11-29 19:00:00,79.24394957983193,121.325,93.6872268907563,32.535210084033615
2020-11-29 20:00:00,79.4679831932773,121.5,93.7890756302521,32.50840336134454
2020-11-29 21:00:00,79.69201680672269,121.675,93.8909243697479,32.48159663865546
2020-11-29 22:00:00,79.91605042016806,121.85,93.9927731092437,32.45478991596639
2020-11-29 23:00:00,80.14008403361345,122.025,94.0946218487395,32.42798319327731
2020-11-30 00:00:00,80.36411764705882,122.2,94.1964705882353,32.40117647058823
2020-11-30 01:00:00,80.5881512605042,122.375,94.2983193277311,32.37436974789916
2020-11-30 02:00:00,80.81218487394958,122.55,94.4001680672269,32.347563025210086
2020-11-30 03:00:00,81.03621848739496,122.725,94.5020168067227,32.32075630252101
2020-11-30 04:00:00,81.26025210084033,122.9,94.60386554621849,32.29394957983193
2020-11-30 05:00:00,81.4842857142857,123.075,94.7057142857143,32.26714285714286
2020-11-30 06:00:00,81.70831932773109,123.25,94.80756302521009,32.240336134453784
2020-11-30 07:00:00,81.93235294117648,123.425,94.90941176470588,32.2135294117647
2020-11-30 08:00:00,82.15638655462185,123.6,95.01126050420169,32.18672268907563
2020-11-30 09:00:00,82.38042016806722,123.775,95.11310924369748,32.159915966386556
2020-11-30 10:00:00,82.6044537815126,123.95,95.21495798319329,32.13310924369748
2020-11-30 11:00:00,82.82848739495799,124.125,95.31680672268908,32.1063025210084
2020-11-30 12:00:00,83.05252100840336,124.3,95.41865546218487,32.07949579831933
2020-11-30 13:00:00,83.27655462184873,124.475,95.52050420168068,32.052689075630255
2020-11-30 14:00:00,83.50058823529412,124.65,95.62235294117647,32.025882352941174
2020-11-30 15:00:00,83.72462184873949,124.825,95.72420168067228,31.9990756302521
2020-11-30 16:00:00,83.94865546218487,125.0,95.82605042016807,31.972268907563027
2020-11-30 17:00:00,84.17268907563025,125.175,95.92789915966387,31.94546218487395
2020-11-30 18:00:00,84.39672268907563,125.35,96.02974789915967,31.918655462184873
2020-11-30 19:00:00,84.620756302521,125.525,96.13159663865547,31.8918487394958
2020-11-30 20:00:00,84.84478991596639,125.7,96.23344537815126,31.865042016806722
2020-11-30 21:00:00,85.06882352941176,125.875,96.33529411764707,31.83823529411765
2020-11-30 22:00:00,85.29285714285714,126.05,96.43714285714286,31.81142857142857
2020-11-30 23:00:00,85.51689075630252,126.225,96.53899159663865,31.784621848739498
2020-12-01 00:00:00,85.7409243697479,126.4,96.64084033613446,31.75781512605042
2020-12-01 01:00:00,85.96495798319327,126.575,96.74268907563025,31.731008403361344
2020-12-01 02:00:00,86.18899159663866,126.75,96.84453781512606,31.70420168067227
2020-12-01 03:00:00,86.41302521008403,126.925,96.94638655462185,31.677394957983193
2020-12-01 04:00:00,86.6370588235294,127.1,97.04823529411765,31.650588235294116
2020-12-01 05:00:00,86.86109243697479,127.275,97.15008403361345,31.623781512605042
2020-12-01 06:00:00,87.08512605042017,127.45,97.25193277310925,31.596974789915965
2020-12-01 07:00:00,87.30915966386554,127.625,97.35378151260505,31.57016806722689
2020-12-01 08:00:00,87.53319327731091,127.8,97.45563025210085,31.543361344537814
2020-12-01 09:00:00,87.7572268907563,127.975,97.55747899159664,31.51655462184874
2020-12-01 10:00:00,87.98126050420169,128.15,97.65932773109245,31.489747899159664
2020-12-01 11:00:00,88.20529411764706,128.325,97.76117647058824,31.462941176470586
2020-12-01 12:00:00,88.42932773109243,128.5,97.86302521008403,31.436134453781513
2020-12-01 13:00:00,88.65336134453781,128.675,97.96487394957984,31.409327731092436
2020-12-01 14:00:00,88.87739495798319,128.85,98.06672268907563,31.382521008403362
2020-12-01 15:00:00,89.10142857142857,129.025,98.16857142857143,31.355714285714285
2020-12-01 16:00:00,89.32546218487394,129.2,98.27042016806723,31.32890756302521
2020-12-01 17:00:00,89.54949579831933,129.375,98.37226890756303,31.302100840336134
2020-12-01 18:00:00,89.7735294117647,129.55,98.47411764705883,31.275294117647057
2020-12-01 19:00:00,89.99756302521008,129.725,98.57596638655463,31.248487394957984
2020-12-01 20:00:00,90.22159663865546,129.9,98.67781512605043,31.221680672268906
2020-12-01 21:00:00,90.44563025210084,130.075,98.77966386554623,31.19487394957983
2020-12-01 22:00:00,90.66966386554621,130.25,98.88151260504202,31.168067226890756
2020-12-01 23:00:00,90.8936974789916,130.425,98.98336134453783,31.14126050420168
2020-12-02 00:00:00,91.11773109243697,130.6,99.08521008403362,31.114453781512605
2020-12-02 01:00:00,91.34176470588235,130.775,99.18705882352941,31.087647058823528
2020-12-02 02:00:00,91.56579831932773,130.95,99.28890756302522,31.060840336134454
2020-12-02 03:00:00,91.7898319327731,131.125,99.39075630252101,31.034033613445377
2020-12-02 04:00:00,92.01386554621848,131.3,99.4926050420168,31.0072268907563
2020-12-02 05:00:00,92.23789915966387,131.475,99.59445378151261,30.980420168067226
2020-12-02 06:00:00,92.46193277310924,131.65,99.6963025210084,30.95361344537815
2020-12-02 07:00:00,92.68596638655461,131.825,99.79815126050421,30.926806722689076
2020-12-02 08:00:00,92.91,132.0,99.9,30.9
2020-12-02 09:00:00,87.98,136.15,99.9,33.42
2020-12-02 10:00:00,83.6625,154.19,99.9,37.03
2020-12-02 11:00:00,79.345,165.5,97.46,38.82
2020-12-02 12:00:00,75.0275,146.0,88.16,40.02
2020-12-02 13:00:00,70.71,114.89,80.26,40.82
2020-12-02 14:00:00,53.88,99.83,78.81,40.92
2020-12-02 15:00:00,56.0,93.02,79.39,40.81
2020-12-02 16:00:00,57.45,90.33,91.33,38.57
2020-12-02 17:00:00,66.25,114.17,99.9,34.45
2020-12-02 18:00:00,78.42,131.5,99.9,32.24
2020-12-02 19:00:00,81.08,149.0,99.9,30.6
2020-12-02 20:00:00,105.0,216.17,99.9,29.87
2020-12-02 21:00:00,131.5,294.83,99.9,29.1
2020-12-02 22:00:00,118.51,239.06,99.9,28.8
2020-12-02 23:00:00,103.27,163.33,99.9,28.3
2020-12-03 00:00:00,97.25,179.33,99.9,27.35
2020-12-03 01:00:00,94.17,150.95,99.9,26.75
2020-12-03 02:00:00,97.0,172.33,99.9,26.52
2020-12-03 03:00:00,99.04,183.83,99.9,26.14
2020-12-03 04:00:00,103.12,183.33,99.9,25.98
2020-12-03 05:00:00,100.84,173.0,99.9,25.64
2020-12-03 06:00:00,95.79,159.33,99.9,24.89
2020-12-03 07:00:00,89.46,156.17,99.9,24.62
2020-12-03 08:00:00,91.83,179.25,99.9,27.39
2020-12-03 09:00:00,96.88,164.83,99.88,32.82
2020-12-03 10:00:00,106.0,193.5,85.81,36.66
2020-12-03 11:00:00,93.38,178.26,77.33,38.35
2020-12-03 12:00:00,81.7,144.0,73.86,39.32
2020-12-03 13:00:00,68.42,136.0,67.38,40.45
2020-12-03 14:00:00,63.0,111.83,64.25,40.93
2020-12-03 15:00:00,56.08,93.0,62.68,40.65
2020-12-03 16:00:00,48.71,88.0,67.38,39.82
2020-12-03 17:00:00,55.66,99.5,95.87,35.02
2020-12-03 18:00:00,73.12,141.17,99.89,31.91
2020-12-03 19:00:00,78.66,180.67,99.9,30.17
2020-12-03 20:00:00,100.53,159.5,99.9,29.4
2020-12-03 21:00:00,119.79,314.0,99.9,28.84
2020-12-03 22:00:00,136.38,285.8,99.9,27.94
2020-12-03 23:00:00,109.47,214.0,99.9,26.88
2020-12-04 00:00:00,94.88,136.17,99.9,25.91
2020-12-04 01:00:00,85.25,135.5,99.9,25.72
2020-12-04 02:00:00,96.53,168.0,99.9,25.33
2020-12-04 03:00:00,100.88,177.33,99.9,25.48
2020-12-04 04:00:00,117.35,204.75,99.9,24.76
2020-12-04 05:00:00,103.34,155.83,99.9,24.01
2020-12-04 06:00:00,90.54,149.17,99.9,23.52
2020-12-04 07:00:00,109.3,171.74,99.9,23.46
2020-12-04 08:00:00,117.92,216.0,99.9,25.99
2020-12-04 09:00:00,102.7,155.67,97.59,32.04
2020-12-04 10:00:00,94.69,172.0,85.3,35.1
2020-12-04 11:00:00,104.22,192.17,73.9,37.12
2020-12-04 12:00:00,79.52,139.17,67.79,38.2
2020-12-04 13:00:00,66.65,124.68,65.83,39.9
2020-12-04 14:00:00,73.3,130.67,69.83,38.62
2020-12-04 15:00:00,72.25,141.17,64.46,38.04
2020-12-04 16:00:00,69.18,129.62,77.18,36.25
2020-12-04 17:00:00,74.62,163.67,80.89,33.79
2020-12-04 18:00:00,85.12,205.17,93.13,31.38
2020-12-04 19:00:00,116.5,292.0,99.9,29.49
2020-12-04 20:00:00,173.0,490.5,99.9,28.31
2020-12-04 21:00:00,172.93,425.33,99.9,27.25
2020-12-04 22:00:00,141.08,285.83,99.9,26.09
2020-12-04 23:00:00,138.96,309.5,99.9,25.93
2020-12-05 00:00:00,140.69,329.83,99.9,25.04
2020-12-05 01:00:00,109.29,189.5,99.9,24.2
2020-12-05 02:00:00,97.67,195.17,99.9,23.9
2020-12-05 03:00:00,117.83,201.16,99.9,23.59
2020-12-05 04:00:00,134.0,221.0,99.9,23.04
2020-12-05 05:00:00,124.65,199.17,99.9,22.64
2020-12-05 06:00:00,126.88,231.5,99.9,22.39
2020-12-05 07:00:00,111.41,192.33,99.9,22.43
2020-12-05 08:00:00,90.93,127.17,99.9,25.65
2020-12-05 09:00:00,73.41,113.51,99.65,31.62
2020-12-05 10:00:00,75.53,129.67,82.83,35.96
2020-12-05 11:00:00,81.96,170.62,66.33,38.14
2020-12-05 12:00:00,69.05,126.33,61.65,38.57
2020-12-05 13:00:00,50.88,113.5,54.77,39.91
2020-12-05 14:00:00,47.7,98.83,45.84,41.4
2020-12-05 15:00:00,35.0,68.5,42.99,41.75
2020-12-05 16:00:00,34.41,70.5,47.67,40.78
2020-12-05 17:00:00,48.31,85.33,96.66,35.37
2020-12-05 18:00:00,95.31,211.75,99.9,31.16
2020-12-05 19:00:00,124.71,259.33,99.9,29.16
2020-12-05 20:00:00,154.25,386.5,99.9,27.91
2020-12-05 21:00:00,185.34,472.46,99.9,27.42
2020-12-05 22:00:00,142.93,264.17,99.9,27.22
2020-12-05 23:00:00,113.41,201.67,99.9,26.66
2020-12-06 00:00:00,102.87,200.5,99.9,26.26
2020-12-06 01:00:00,84.83,160.17,99.9,25.53
2020-12-06 02:00:00,91.94,172.9,99.9,24.52
2020-12-06 03:00:00,84.95,156.17,99.9,24.39
2020-12-06 04:00:00,74.41,140.3,99.9,23.78
2020-12-06 05:00:00,63.95,108.83,99.9,23.25
2020-12-06 06:00:00,69.53,98.0,99.9,22.69
2020-12-06 07:00:00,77.08,161.38,99.9,22.83
2020-12-06 08:00:00,93.4,174.0,99.55,26.3
2020-12-06 09:00:00,65.92,120.67,80.66,33.17
2020-12-06 10:00:00,60.7,115.83,66.44,36.16
2020-12-06 11:00:00,58.82,119.5,61.61,37.6
2020-12-06 12:00:00,56.0,120.0,52.28,38.22
2020-12-06 13:00:00,34.0,95.5,48.25,39.66
2020-12-06 14:00:00,33.41,71.0,46.76,40.28
2020-12-06 15:00:00,33.78,71.83,46.59,40.82
2020-12-06 16:00:00,38.88,71.17,48.52,40.25
2020-12-06 17:00:00,40.12,69.33,65.46,36.98
2020-12-06 18:00:00,46.24,109.83,96.78,31.59
2020-12-06 19:00:00,72.77,142.17,99.9,28.98
2020-12-06 20:00:00,106.96,334.5,99.9,27.83
2020-12-06 21:00:00,140.32,327.83,99.9,26.62
2020-12-06 22:00:00,104.93,205.22,99.9,26.73
2020-12-06 23:00:00,78.22,157.83,99.9,26.51
2020-12-07 00:00:00,101.3,180.5,99.9,25.7
2020-12-07 01:00:00,101.7,225.87,99.9,24.56
2020-12-07 02:00:00,101.3,166.5,99.9,23.34
2020-12-07 03:00:00,99.64,168.83,99.9,22.58
2020-12-07 04:00:00,95.18,172.83,99.9,22.52
2020-12-07 05:00:00,94.73,194.67,99.9,22.2
2020-12-07 06:00:00,85.23,139.0,99.9,22.41
2020-12-07 07:00:00,77.76,136.17,99.9,23.04
2020-12-07 08:00:00,66.14,115.5,99.9,26.4
2020-12-07 09:00:00,59.06,106.83,92.62,32.11
2020-12-07 10:00:00,67.57,145.17,83.57,34.67
2020-12-07 11:00:00,73.33,152.17,70.84,37.94
2020-12-07 12:00:00,67.0,144.0,63.66,38.97
2020-12-07 13:00:00,67.0,111.0,58.26,40.8
2020-12-07 14:00:00,30.0,78.0,54.92,41.83
2020-12-07 15:00:00,33.87,73.85,60.17,41.15
2020-12-07 16:00:00,42.73,71.33,64.94,39.75
2020-12-07 17:00:00,40.0,84.0,75.44,36.19
2020-12-07 18:00:00,58.71,113.17,92.25,31.57
2020-12-07 19:00:00,74.71,158.03,99.27,29.52
2020-12-07 20:00:00,90.0,244.33,99.9,28.41
2020-12-07 21:00:00,129.82,420.3,99.9,28.55
2020-12-07 22:00:00,124.06,344.67,99.9,28.14
2020-12-07 23:00:00,113.17,248.25,99.9,26.36
2020-12-08 00:00:00,101.03,204.76,99.9,24.83
2020-12-08 01:00:00,96.36,207.31,99.9,24.15
2020-12-08 02:00:00,103.47,209.83,99.9,23.58
2020-12-08 03:00:00,104.94,185.08,99.9,23.04
2020-12-08 04:00:00,100.3,167.54,99.9,23.24
2020-12-08 05:00:00,98.92,173.31,99.9,23.44
2020-12-08 06:00:00,93.41,165.03,99.9,23.54
2020-12-08 07:00:00,90.53,185.0,99.9,24.0
2020-12-08 08:00:00,88.48,150.83,99.48,27.56
2020-12-08 09:00:00,88.17,139.02,89.55,32.45
2020-12-08 10:00:00,77.23,153.83,74.08,37.05
2020-12-08 11:00:00,69.76,145.33,70.72,39.06
2020-12-08 12:00:00,59.05,133.0,66.81,40.05
2020-12-08 13:00:00,49.94,106.08,64.77,40.56
2020-12-08 14:00:00,44.7,88.5,62.63,41.3
2020-12-08 15:00:00,44.0,75.2,64.88,40.73
2020-12-08 16:00:00,45.78,79.64,78.25,38.19
2020-12-08 17:00:00,52.0,118.38,93.91,34.67
2020-12-08 18:00:00,56.95,113.0,98.69,31.82
2020-12-08 19:00:00,76.37,200.5,99.9,30.26
2020-12-08 20:00:00,118.19,384.94,99.9,29.25
2020-12-08 21:00:00,134.93,376.5,99.9,28.04
2020-12-08 22:00:00,100.7,283.0,99.9,28.3
2020-12-08 23:00:00,90.1,211.0,99.9,27.7
2020-12-09 00:00:00,90.0,194.19,99.9,26.49
2020-12-09 01:00:00,78.0,135.5,99.9,26.07
2020-12-09 02:00:00,80.08,130.64,99.9,26.32
2020-12-09 03:00:00,97.62,145.33,99.9,26.44
2020-12-09 04:00:00,95.86,175.41,99.9,26.0
2020-12-09 05:00:00,95.28,147.67,99.9,26.46
2020-12-09 06:00:00,72.59,122.73,99.9,26.7
2020-12-09 07:00:00,77.57,171.5,99.9,26.44
2020-12-09 08:00:00,83.64,161.17,99.9,27.51
2020-12-09 09:00:00,79.48,156.17,96.66,32.49
2020-12-09 10:00:00,79.43,179.33,83.53,37.52
2020-12-09 11:00:00,78.13,192.33,89.1,36.11
2020-12-09 12:00:00,93.53,204.8,78.91,39.03
2020-12-09 13:00:00,88.53,210.0,78.69,39.81
2020-12-09 14:00:00,75.49,168.47,80.11,39.29
2020-12-09 15:00:00,49.76,149.2,80.66,38.93
2020-12-09 16:00:00,42.0,109.62,86.23,37.02
2020-12-09 17:00:00,43.5,90.33,99.12,33.88
2020-12-09 18:00:00,52.35,103.78,99.9,32.43
2020-12-09 19:00:00,71.31,165.33,99.9,31.88
2020-12-09 20:00:00,89.94,192.87,99.9,31.49
2020-12-09 21:00:00,109.4,288.5,99.9,30.99
2020-12-09 22:00:00,133.7,337.56,99.9,30.66
2020-12-09 23:00:00,128.88,283.17,99.9,29.7
2020-12-10 00:00:00,114.84,310.87,99.9,30.26
2020-12-10 01:00:00,96.08,227.64,99.9,30.18
2020-12-10 02:00:00,77.67,169.0,99.9,29.73
2020-12-10 03:00:00,85.19,170.13,99.9,29.01
2020-12-10 04:00:00,87.7,172.0,99.9,29.06
2020-12-10 05:00:00,89.38,176.15,99.9,28.59
2020-12-10 06:00:00,109.0,207.83,99.9,28.57
2020-12-10 07:00:00,125.65,232.33,99.9,27.91
2020-12-10 08:00:00,133.19,235.17,99.9,29.34
2020-12-10 09:00:00,130.95,230.02,99.9,33.36
2020-12-10 10:00:00,108.5,194.12,95.21,37.33
2020-12-10 11:00:00,75.75,138.83,83.6,39.57
2020-12-10 12:00:00,53.62,105.67,81.85,39.1
2020-12-10 13:00:00,47.11,89.33,79.13,40.18
2020-12-10 14:00:00,47.65,106.93,87.16,37.15
2020-12-10 15:00:00,53.05,95.17,89.12,36.4
2020-12-10 16:00:00,53.22,105.29,98.99,35.45
2020-12-10 17:00:00,72.27,129.81,99.9,34.42
2020-12-10 18:00:00,71.59,156.78,99.9,32.94
2020-12-10 19:00:00,85.0,226.0,99.9,32.01
2020-12-10 20:00:00,132.0,288.0,99.9,32.0
2020-12-10 21:00:00,136.0,288.0,99.9,30.18
2020-12-10 22:00:00,140.0,265.0,99.9,31.13
2020-12-10 23:00:00,135.0,242.0,99.9,30.68
2020-12-11 00:00:00,121.22,194.82,99.9,30.03
2020-12-11 01:00:00,117.59,175.87,99.9,29.64
2020-12-11 02:00:00,123.16,169.0,99.9,29.14
2020-12-11 03:00:00,134.19,177.13,99.9,28.61
2020-12-11 04:00:00,136.12,182.32,99.9,28.0
2020-12-11 05:00:00,124.49,159.75,99.9,27.93
2020-12-11 06:00:00,102.0,151.68,99.9,27.7
2020-12-11 07:00:00,99.62,146.02,99.9,27.14
2020-12-11 08:00:00,93.7,142.51,99.9,27.42
2020-12-11 09:00:00,89.17,140.34,99.9,27.47
2020-12-11 10:00:00,81.78,115.0,99.9,27.42
2020-12-11 11:00:00,87.48,117.47,99.9,28.39
2020-12-11 12:00:00,88.03,122.33,99.9,29.59
2020-12-11 13:00:00,66.0,108.83,99.9,32.11
2020-12-11 14:00:00,52.19,89.39,99.9,31.76
2020-12-11 15:00:00,56.8,89.32,99.9,31.41
2020-12-11 16:00:00,65.2,95.8,99.9,31.49
2020-12-11 17:00:00,74.11,100.32,99.9,31.56
2020-12-11 18:00:00,75.53,111.8,99.9,28.96
2020-12-11 19:00:00,85.78,132.27,99.9,27.81
2020-12-11 20:00:00,97.13,160.09,99.9,27.57
2020-12-11 21:00:00,108.65,176.67,99.9,28.15
2020-12-11 22:00:00,99.57,168.2,99.9,28.43
2020-12-11 23:00:00,106.23,176.83,99.9,28.17
2020-12-12 00:00:00,98.43,153.25,99.9,28.09
2020-12-12 01:00:00,89.12,131.39,99.9,27.5
2020-12-12 02:00:00,87.3,120.53,99.9,27.31
2020-12-12 03:00:00,91.0,106.54,99.9,27.1
2020-12-12 04:00:00,95.3,129.83,99.9,26.69
2020-12-12 05:00:00,83.06,120.05,99.9,26.63
2020-12-12 06:00:00,69.0,90.42,99.9,26.63
2020-12-12 07:00:00,65.14,83.34,99.9,26.73
2020-12-12 08:00:00,54.81,65.56,99.9,27.38
2020-12-12 09:00:00,58.5,82.83,99.9,28.53
2020-12-12 10:00:00,60.84,80.36,99.9,29.25
2020-12-12 11:00:00,52.48,68.2,99.9,30.36
2020-12-12 12:00:00,59.57,94.24,99.9,31.75
2020-12-12 13:00:00,68.89,115.0,99.9,34.11
2020-12-12 14:00:00,71.59,129.63,99.9,35.82
2020-12-12 15:00:00,71.82,124.53,99.9,34.08
2020-12-12 16:00:00,71.1,122.17,99.9,32.31
2020-12-12 17:00:00,76.9,118.67,99.9,30.73
2020-12-12 18:00:00,81.17,141.8,99.9,29.72
2020-12-12 19:00:00,97.84,145.69,99.9,28.88
2020-12-12 20:00:00,86.5,120.75,99.9,28.43
2020-12-12 21:00:00,83.61,122.67,99.9,28.04
2020-12-12 22:00:00,86.48,121.51,99.9,27.85
2020-12-12 23:00:00,91.19,142.59,99.9,27.81
2020-12-13 00:00:00,91.62,129.56,99.9,27.51
2020-12-13 01:00:00,87.48,121.83,99.9,27.3
2020-12-13 02:00:00,87.73,110.2,99.9,27.3
2020-12-13 03:00:00,80.6,103.85,99.9,27.12
2020-12-13 04:00:00,81.41,100.51,99.9,26.99
2020-12-13 05:00:00,80.0,101.66,99.9,26.89
2020-12-13 06:00:00,84.2,112.8,99.9,27.06
2020-12-13 07:00:00,91.33,112.51,99.9,26.93
2020-12-13 08:00:00,88.0,121.96,99.9,27.22
2020-12-13 09:00:00,89.9,119.0,99.9,27.27
2020-12-13 10:00:00,75.0,102.22,99.9,28.67
2020-12-13 11:00:00,63.5,80.73,99.9,30.63
2020-12-13 12:00:00,48.84,68.69,99.9,31.07
2020-12-13 13:00:00,39.6,67.0,99.9,31.41
2020-12-13 14:00:00,44.87,70.32,99.9,29.72
2020-12-13 15:00:00,56.7,88.44,99.9,29.4
2020-12-13 16:00:00,63.8,95.32,99.9,28.98
2020-12-13 17:00:00,67.43,92.68,99.9,27.8
2020-12-13 18:00:00,61.08,76.22,99.9,26.94
2020-12-13 19:00:00,70.75,98.0,99.9,26.67
2020-12-13 20:00:00,83.48,110.47,99.9,26.68
2020-12-13 21:00:00,87.89,112.83,99.9,26.7
2020-12-13 22:00:00,91.78,125.46,99.9,26.85
2020-12-13 23:00:00,96.0,137.97,99.9,26.78
2020-12-14 00:00:00,94.22,124.22,99.9,26.48
2020-12-14 01:00:00,87.9,103.56,99.9,24.98
2020-12-14 02:00:00,78.0,84.8,99.9,24.95
2020-12-14 03:00:00,74.78,81.15,99.9,25.04
2020-12-14 04:00:00,73.5,77.37,99.9,25.25
2020-12-14 05:00:00,68.0,72.74,99.9,25.38
2020-12-14 06:00:00,82.08,101.22,99.9,25.34
2020-12-14 07:00:00,70.5,84.4,99.9,25.44
2020-12-14 08:00:00,54.1,57.88,99.9,25.59
2020-12-14 09:00:00,56.04,59.15,99.9,25.52
2020-12-14 10:00:00,65.41,72.0,99.9,26.42
2020-12-14 11:00:00,64.7,71.17,99.9,27.97
2020-12-14 12:00:00,71.0,81.8,99.9,30.82
2020-12-14 13:00:00,63.06333333333333,77.81,99.9,31.03
2020-12-14 14:00:00,55.126666666666665,73.82,99.9,31.24
2020-12-14 15:00:00,47.19,69.83,99.9,31.45
2020-12-14 16:00:00,49.7,76.64,99.9,30.25
2020-12-14 17:00:00,49.89,77.17,99.9,30.82
2020-12-14 18:00:00,52.5,79.49,99.9,28.08
2020-12-14 19:00:00,57.6,81.66,99.9,26.7
2020-12-14 20:00:00,58.7,90.31,99.9,26.41
2020-12-14 21:00:00,60.7,95.32,99.9,26.17
2020-12-14 22:00:00,65.8,127.56,99.9,25.98
2020-12-14 23:00:00,67.75,98.28,99.9,26.04
2020-12-15 00:00:00,91.5,124.22,99.9,26.01
2020-12-15 01:00:00,104.3,132.66,99.9,25.71
2020-12-15 02:00:00,109.8,137.98,99.9,25.64
2020-12-15 03:00:00,115.65,138.17,99.9,25.37
2020-12-15 04:00:00,104.19,120.62,99.9,25.0
2020-12-15 05:00:00,107.0,120.31,99.9,24.81
2020-12-15 06:00:00,109.4,130.13,99.9,24.56
2020-12-15 07:00:00,114.1,135.32,99.9,24.72
2020-12-15 08:00:00,108.43,141.81,99.9,26.45
2020-12-15 09:00:00,94.3,114.76,99.9,29.79
2020-12-15 10:00:00,84.9,111.49,99.9,33.55
2020-12-15 11:00:00,94.6,122.8,99.9,35.0
2020-12-15 12:00:00,95.4,132.47,99.9,35.5
2020-12-15 13:00:00,90.7,129.02,99.23,37.22
2020-12-15 14:00:00,81.0,123.02,96.96,38.15
2020-12-15 15:00:00,76.0,104.0,99.89,37.5
2020-12-15 16:00:00,72.3,118.95,99.9,35.47
2020-12-15 17:00:00,90.0,126.14,99.9,32.71
2020-12-15 18:00:00,102.08,153.49,99.9,30.34
2020-12-15 19:00:00,108.5,170.59,99.9,29.08
2020-12-15 20:00:00,115.0,161.41,99.9,28.27
2020-12-15 21:00:00,121.0,159.83,99.9,27.84
2020-12-15 22:00:00,137.3,177.43,99.9,27.11
2020-12-15 23:00:00,152.76,185.09,99.9,26.59
2020-12-16 00:00:00,134.1,158.68,99.9,26.19
2020-12-16 01:00:00,126.5,153.83,99.9,26.17
2020-12-16 02:00:00,136.6,160.65,99.9,26.28
2020-12-16 03:00:00,145.4,159.52,99.9,25.82
2020-12-16 04:00:00,130.31,150.41,99.9,25.24
2020-12-16 05:00:00,129.06,141.02,99.9,25.15
2020-12-16 06:00:00,123.57,151.63,99.9,24.96
2020-12-16 07:00:00,129.0,148.19,99.9,25.01
2020-12-16 08:00:00,123.8,156.97,99.9,25.98
2020-12-16 09:00:00,128.6,157.34,99.9,28.69
2020-12-16 10:00:00,125.5,156.17,99.9,32.15
2020-12-16 11:00:00,113.5,146.9,99.9,35.22
2020-12-16 12:00:00,110.0,151.62,99.9,36.06
2020-12-16 13:00:00,106.5,160.825,99.9,36.49
2020-12-16 14:00:00,103.0,170.03,99.9,36.92
2020-12-16 15:00:00,94.7,161.515,99.9,35.42
2020-12-16 16:00:00,86.4,153.0,99.9,33.92
2020-12-16 17:00:00,88.6,150.38,99.9,32.51
2020-12-16 18:00:00,78.37,127.48,99.9,30.37
2020-12-16 19:00:00,95.15,177.63,99.9,29.04
2020-12-16 20:00:00,120.8,205.61,99.9,28.36
2020-12-16 21:00:00,139.5,285.41,99.9,27.84
2020-12-16 22:00:00,107.1,175.18,99.9,27.5
2020-12-16 23:00:00,104.1,139.03,99.9,27.08
2020-12-17 00:00:00,103.2,137.83,99.9,26.78
2020-12-17 01:00:00,106.9,153.83,99.9,26.45
2020-12-17 02:00:00,112.33,142.88,99.9,26.45
2020-12-17 03:00:00,116.5,144.15,99.9,26.13
2020-12-17 04:00:00,109.4,134.2,99.9,26.11
2020-12-17 05:00:00,101.9,125.35,99.9,25.93
2020-12-17 06:00:00,102.8,127.32,99.9,25.73
2020-12-17 07:00:00,103.3,136.31,99.9,25.68
2020-12-17 08:00:00,109.5,152.07,99.9,27.06
2020-12-17 09:00:00,107.8,141.75,99.9,30.67
2020-12-17 10:00:00,113.21,157.21,99.9,34.0
2020-12-17 11:00:00,116.0,162.97,99.9,35.92
2020-12-17 12:00:00,119.8,182.473,99.9,35.443333333333335
2020-12-17 13:00:00,123.6,201.976,99.9,34.96666666666667
2020-12-17 14:00:00,127.4,221.47899999999998,99.9,34.49
2020-12-17 15:00:00,131.2,240.982,99.9,34.013333333333335
2020-12-17 16:00:00,135.0,260.485,99.9,33.53666666666667
2020-12-17 17:00:00,138.8,279.988,99.9,33.06
2020-12-17 18:00:00,142.6,299.491,99.9,31.725
2020-12-17 19:00:00,146.4,318.994,99.9,30.39
2020-12-17 20:00:00,150.2,338.49699999999996,99.9,29.055
2020-12-17 21:00:00,154.0,358.0,99.9,27.72
2020-12-17 22:00:00,150.83,297.04,99.9,27.31
2020-12-17 23:00:00,136.78,216.75,99.9,27.23
2020-12-18 00:00:00,120.05,171.18,99.9,26.92
2020-12-18 01:00:00,120.85,168.39,99.9,26.02
2020-12-18 02:00:00,124.87,158.02,99.9,25.99
2020-12-18 03:00:00,108.47,133.2,99.9,25.96
2020-12-18 04:00:00,105.85,143.35,99.9,25.43
2020-12-18 05:00:00,110.73,147.69,99.9,25.16
2020-12-18 06:00:00,109.58,143.78,99.9,25.02
2020-12-18 07:00:00,116.8,149.75,99.9,25.13
2020-12-18 08:00:00,122.49,212.65,99.9,26.57
2020-12-18 09:00:00,112.57,172.26,99.9,30.95
2020-12-18 10:00:00,98.25,146.95,99.57,35.09
2020-12-18 11:00:00,86.42,149.07,93.2,37.28
2020-12-18 12:00:00,79.83,131.0,83.2,38.73
2020-12-18 13:00:00,67.03,115.8,74.11,39.9
2020-12-18 14:00:00,50.83,89.36,69.75,39.12
2020-12-18 15:00:00,44.32,84.16,74.26,38.07
2020-12-18 16:00:00,42.78,83.16,71.3,37.25
2020-12-18 17:00:00,41.17,87.22,80.78,34.97
2020-12-18 18:00:00,47.68,102.4,96.08,31.11
2020-12-18 19:00:00,52.84,120.16,99.9,29.19
2020-12-18 20:00:00,100.18,297.58,99.9,27.83
2020-12-18 21:00:00,116.72,234.55,99.9,27.9
2020-12-18 22:00:00,99.73,147.75,99.9,28.34
2020-12-18 23:00:00,100.8,161.26,99.9,27.74
2020-12-19 00:00:00,107.73,181.15,99.9,27.42
2020-12-19 01:00:00,101.52,136.71,99.9,27.28
2020-12-19 02:00:00,97.48,140.67,99.9,26.17
2020-12-19 03:00:00,107.2,164.95,99.9,25.16
2020-12-19 04:00:00,108.2,152.95,99.9,24.56
2020-12-19 05:00:00,100.0,159.29,99.9,24.14
2020-12-19 06:00:00,102.85,186.25,99.9,23.8
2020-12-19 07:00:00,106.78,198.6,99.9,23.64
2020-12-19 08:00:00,101.37,193.25,99.9,25.83
2020-12-19 09:00:00,97.78,152.44,99.9,30.56
2020-12-19 10:00:00,95.22,155.98,99.9,33.91
2020-12-19 11:00:00,98.73,172.31,91.14,36.48
2020-12-19 12:00:00,87.77,135.0,78.13,38.13
2020-12-19 13:00:00,67.78,120.65,73.85,38.6
2020-12-19 14:00:00,61.73,105.33,68.84,39.34
2020-12-19 15:00:00,57.1,92.0,68.52,39.25
2020-12-19 16:00:00,56.2,88.62,79.83,37.09
2020-12-19 17:00:00,64.9,108.32,91.39,33.84
2020-12-19 18:00:00,76.03,122.13,99.85,30.31
2020-12-19 19:00:00,96.75,146.03,99.9,28.94
2020-12-19 20:00:00,107.08,261.94,99.9,28.16
2020-12-19 21:00:00,115.14,279.62,99.9,27.7
2020-12-19 22:00:00,130.87,293.34,99.9,27.99
2020-12-19 23:00:00,112.52,209.02,99.9,27.04
2020-12-20 00:00:00,120.63,209.83,99.9,26.52
2020-12-20 01:00:00,116.93,191.89,99.9,25.43
2020-12-20 02:00:00,104.1,163.51,99.9,24.99
2020-12-20 03:00:00,102.22,144.69,99.9,24.49
2020-12-20 04:00:00,108.27,170.25,99.9,24.39
2020-12-20 05:00:00,107.81,172.04,99.9,24.68
2020-12-20 06:00:00,94.35,164.09,99.9,25.29
2020-12-20 07:00:00,90.77,165.53,99.9,24.21
2020-12-20 08:00:00,113.37,230.81,99.9,25.74
2020-12-20 09:00:00,99.5,174.6,96.81,31.09
2020-12-20 10:00:00,82.25,140.05,81.15,35.21
2020-12-20 11:00:00,74.53,109.07,79.88,36.24
2020-12-20 12:00:00,77.15,115.78,71.77,37.37
2020-12-20 13:00:00,67.83,98.58,67.51,38.38
2020-12-20 14:00:00,60.37,93.31,62.56,39.26
2020-12-20 15:00:00,57.73,89.62,59.7,39.78
2020-12-20 16:00:00,55.96,87.32,65.99,37.98
2020-12-20 17:00:00,59.58,87.0,79.38,34.25
2020-12-20 18:00:00,63.0,142.92,99.22,30.09
2020-12-20 19:00:00,63.32,132.73,99.9,28.62
2020-12-20 20:00:00,75.2,118.06,99.9,27.38
2020-12-20 21:00:00,132.67,239.13,99.9,26.16
2020-12-20 22:00:00,100.0,153.43,99.9,25.78
2020-12-20 23:00:00,100.95,140.6,99.9,25.59
2020-12-21 00:00:00,108.43,178.0,99.9,24.93
2020-12-21 01:00:00,117.12,193.15,99.9,24.06
2020-12-21 02:00:00,107.2,157.28,99.9,22.88
2020-12-21 03:00:00,99.63,132.27,99.9,21.97
2020-12-21 04:00:00,113.67,150.11,99.9,21.63
2020-12-21 05:00:00,137.49,179.25,99.9,21.3
2020-12-21 06:00:00,116.5,169.65,99.9,20.78
2020-12-21 07:00:00,97.25,130.69,99.9,21.05
2020-12-21 08:00:00,81.83,129.05,99.9,23.59
2020-12-21 09:00:00,74.04,132.54,97.64,28.9
2020-12-21 10:00:00,72.4,134.68,79.21,34.1
2020-12-21 11:00:00,73.4,140.06,68.58,36.07
2020-12-21 12:00:00,58.92,118.23,57.12,36.91
2020-12-21 13:00:00,35.32,83.6,56.98,37.88
2020-12-21 14:00:00,36.64,66.18,54.79,38.75
2020-12-21 15:00:00,38.0,69.89,54.34,39.17
2020-12-21 16:00:00,38.0,78.0,56.99,38.0
2020-12-21 17:00:00,45.0,100.5,70.66,34.33
2020-12-21 18:00:00,46.66,123.0,84.62,29.77
2020-12-21 19:00:00,58.92,107.8,99.52,27.93
2020-12-21 20:00:00,78.65,183.53,99.9,26.9
2020-12-21 21:00:00,122.45,393.27,99.9,25.98
2020-12-21 22:00:00,126.15,272.93,99.9,25.14
2020-12-21 23:00:00,86.63,150.27,99.9,24.52
2020-12-22 00:00:00,91.19,203.09,99.9,24.28
2020-12-22 01:00:00,91.98,178.12,99.9,22.8
2020-12-22 02:00:00,82.83,151.64,99.9,21.56
2020-12-22 03:00:00,89.73,133.65,99.9,20.86
2020-12-22 04:00:00,88.27,127.63,99.9,20.28
2020-12-22 05:00:00,93.53,145.52,99.9,20.37
2020-12-22 06:00:00,92.56,159.12,99.9,20.45
2020-12-22 07:00:00,73.89,155.13,99.9,20.5
2020-12-22 08:00:00,62.68,99.29,99.9,23.0
2020-12-22 09:00:00,65.19,112.57,93.14,28.76
2020-12-22 10:00:00,71.05,132.15,73.87,33.28
2020-12-22 11:00:00,65.52,135.84,56.01,36.8
2020-12-22 12:00:00,56.08,103.11,56.6,37.32
2020-12-22 13:00:00,51.68,111.31,52.77,37.98
2020-12-22 14:00:00,50.72,107.27,54.7,37.47
2020-12-22 15:00:00,47.4,89.13,55.72,36.28
2020-12-22 16:00:00,43.37,91.89,64.11,34.87
2020-12-22 17:00:00,44.88,93.0,72.71,32.6
2020-12-22 18:00:00,61.54,137.75,93.94,29.41
2020-12-22 19:00:00,101.89,351.2,99.84,26.63
2020-12-22 20:00:00,148.94,546.39,99.9,25.15
2020-12-22 21:00:00,164.2,391.68,99.9,24.14
2020-12-22 22:00:00,147.69,386.56,99.9,23.67
2020-12-22 23:00:00,106.0,236.29,99.9,23.29
2020-12-23 00:00:00,85.55,231.41,99.9,22.46
2020-12-23 01:00:00,99.07,188.03,99.9,21.8
2020-12-23 02:00:00,109.44,237.07,99.9,21.02
2020-12-23 03:00:00,105.28,184.03,99.9,20.49
2020-12-23 04:00:00,121.1,211.56,99.9,20.31
2020-12-23 05:00:00,153.47,247.62,99.9,20.27
2020-12-23 06:00:00,162.36,274.88,99.9,20.15
2020-12-23 07:00:00,154.98,285.73,99.9,20.16
2020-12-23 08:00:00,143.39,292.89,99.9,22.46
2020-12-23 09:00:00,146.57,260.22,99.9,27.75
2020-12-23 10:00:00,136.92,274.2,98.98,30.66
2020-12-23 11:00:00,130.78,272.11,79.41,34.23
2020-12-23 12:00:00,97.6,177.27,67.02,36.25
2020-12-23 13:00:00,69.81,137.35,62.01,36.87
2020-12-23 14:00:00,61.72,121.22,59.04,37.76
2020-12-23 15:00:00,55.48,108.02,59.39,36.98
2020-12-23 16:00:00,50.23,111.05,63.88,35.84
2020-12-23 17:00:00,56.6,120.42,79.72,32.88
2020-12-23 18:00:00,68.62,153.98,96.53,29.27
2020-12-23 19:00:00,104.73,271.94,99.9,26.73
2020-12-23 20:00:00,164.4,265.23764705882354,99.9,25.64
2020-12-23 21:00:00,201.38,258.5352941176471,99.9,24.63
2020-12-23 22:00:00,176.93,251.8329411764706,99.9,24.35
2020-12-23 23:00:00,152.82,245.1305882352941,99.9,23.91
2020-12-24 00:00:00,126.44,238.42823529411766,99.9,22.94
2020-12-24 01:00:00,119.1,231.72588235294117,99.9,22.12
2020-12-24 02:00:00,119.15,225.0235294117647,99.9,21.82
2020-12-24 03:00:00,125.47,218.32117647058823,99.9,21.72
2020-12-24 04:00:00,123.83,211.61882352941177,99.9,21.84
2020-12-24 05:00:00,124.96,204.9164705882353,99.9,21.97
2020-12-24 06:00:00,110.0,198.21411764705883,99.9,21.95
2020-12-24 07:00:00,108.08,191.51176470588234,99.9,21.54
2020-12-24 08:00:00,92.82,184.80941176470589,99.9,24.01
2020-12-24 09:00:00,71.56,178.10705882352943,99.9,28.52
2020-12-24 10:00:00,77.64,171.40470588235294,97.33,31.34
2020-12-24 11:00:00,78.04,164.70235294117646,86.31,34.28
2020-12-24 12:00:00,75.68,158.0,75.36,36.02
2020-12-24 13:00:00,74.04,145.0,67.7,38.36
2020-12-24 14:00:00,69.77,134.06,64.86,39.31
2020-12-24 15:00:00,65.32,126.95,64.06,39.01
2020-12-24 16:00:00,65.04,119.28,73.31,37.83
2020-12-24 17:00:00,66.19,160.08,99.37,33.39
2020-12-24 18:00:00,75.56,168.0,99.9,30.18
2020-12-24 19:00:00,89.31,208.4,99.9,28.41
2020-12-24 20:00:00,125.05,296.8,99.9,27.35
2020-12-24 21:00:00,160.44,375.12,99.9,26.48
2020-12-24 22:00:00,161.07,400.47,99.9,26.04
2020-12-24 23:00:00,180.5,460.05,99.9,25.23
2020-12-25 00:00:00,181.24,403.05,99.9,24.33
2020-12-25 01:00:00,168.04,380.74,99.9,23.86
2020-12-25 02:00:00,159.9788888888889,356.5466666666667,98.79,25.057777777777776
2020-12-25 03:00:00,151.91777777777776,332.35333333333335,97.68,26.255555555555556
2020-12-25 04:00:00,143.85666666666665,308.15999999999997,96.57000000000001,27.453333333333333
2020-12-25 05:00:00,135.79555555555555,283.9666666666667,95.46000000000001,28.65111111111111
2020-12-25 06:00:00,127.73444444444445,259.7733333333333,94.35,29.848888888888887
2020-12-25 07:00:00,119.67333333333333,235.57999999999998,93.24,31.046666666666667
2020-12-25 08:00:00,111.61222222222221,211.38666666666666,92.13,32.24444444444444
2020-12-25 09:00:00,103.55111111111111,187.19333333333333,91.02,33.44222222222222
2020-12-25 10:00:00,95.49,163.0,89.91,34.64
2020-12-25 11:00:00,95.81,168.05,80.24,37.23
2020-12-25 12:00:00,85.81,147.12,74.91,38.17
2020-12-25 13:00:00,77.72,146.37,69.07,39.69
2020-12-25 14:00:00,74.71,128.55,68.68,40.19
2020-12-25 15:00:00,74.29,137.97,70.74,39.36
2020-12-25 16:00:00,77.32,149.26,75.06,37.61
2020-12-25 17:00:00,78.0,155.2,82.25,35.68
2020-12-25 18:00:00,78.0,220.1,99.44,32.14
2020-12-25 19:00:00,161.0,285.0,99.9,30.21
2020-12-25 20:00:00,172.18,577.06,99.9,29.0
2020-12-25 21:00:00,204.5,559.47,99.9,27.96
2020-12-25 22:00:00,204.06,470.25,99.9,27.04
2020-12-25 23:00:00,182.47,368.47,99.9,26.65
2020-12-26 00:00:00,175.72,359.55,99.9,25.91
2020-12-26 01:00:00,164.69,326.49,99.9,25.18
2020-12-26 02:00:00,135.82,225.2,99.9,24.61
2020-12-26 03:00:00,113.6,164.07,99.9,24.26
2020-12-26 04:00:00,123.12,188.72,99.9,23.94
2020-12-26 05:00:00,133.5,202.57,99.9,23.69
2020-12-26 06:00:00,124.88,162.06,99.9,23.41
2020-12-26 07:00:00,123.82,169.15,99.9,23.32
2020-12-26 08:00:00,160.92,238.27,99.9,25.17
2020-12-26 09:00:00,199.53,303.18,99.9,30.05
2020-12-26 10:00:00,211.39,306.27,96.18,33.93
2020-12-26 11:00:00,161.94,245.24,78.4,38.0
2020-12-26 12:00:00,127.81,226.43,81.77,38.38
2020-12-26 13:00:00,120.92,209.85,82.71,37.4
2020-12-26 14:00:00,111.9,207.0,73.75,37.37
2020-12-26 15:00:00,83.68,132.34,74.31,38.17
2020-12-26 16:00:00,85.56,160.78,80.03,37.24
2020-12-26 17:00:00,88.44,182.42,89.08,34.36
2020-12-26 18:00:00,86.0,170.74,97.93,31.81
2020-12-26 19:00:00,97.94,246.12,99.9,30.43
2020-12-26 20:00:00,118.92,237.43,99.9,29.59
2020-12-26 21:00:00,132.58,230.48,99.9,28.33
2020-12-26 22:00:00,146.88,328.48,99.9,27.01
2020-12-26 23:00:00,139.43,224.36,99.9,26.88
2020-12-27 00:00:00,144.29,206.87,99.9,26.69
2020-12-27 01:00:00,128.72,207.16,99.9,26.07
2020-12-27 02:00:00,124.39,186.67,99.9,25.6
2020-12-27 03:00:00,123.23,190.42,99.9,25.42
2020-12-27 04:00:00,136.7,201.37,99.9,25.28
2020-12-27 05:00:00,155.96,227.33,99.9,25.03
2020-12-27 06:00:00,153.85,211.0,99.9,24.7
2020-12-27 07:00:00,143.72,216.23,99.9,24.55
2020-12-27 08:00:00,137.13,182.77,99.9,26.52
2020-12-27 09:00:00,129.0,176.84,99.9,30.01
2020-12-27 10:00:00,130.0,181.19,99.9,33.17
2020-12-27 11:00:00,130.03,194.58,99.5,35.67
2020-12-27 12:00:00,124.45,222.17,95.63,36.06
2020-12-27 13:00:00,112.49,179.18,91.88,37.16
2020-12-27 14:00:00,103.96,169.16,91.48,37.55
2020-12-27 15:00:00,90.96,151.32,89.17,37.48
2020-12-27 16:00:00,60.93,94.31,97.33,36.48
2020-12-27 17:00:00,74.99,128.61,99.8,34.52
2020-12-27 18:00:00,97.73,162.17,99.9,31.25
2020-12-27 19:00:00,111.83,182.94,99.9,29.01
2020-12-27 20:00:00,130.63,194.39,99.9,27.77
2020-12-27 21:00:00,150.76,238.78,99.9,26.63
2020-12-27 22:00:00,147.29,210.81,99.9,26.02
2020-12-27 23:00:00,140.66,187.22,99.9,25.59
2020-12-28 00:00:00,113.97,152.12,99.9,24.75
2020-12-28 01:00:00,104.8,141.81,99.9,23.84
2020-12-28 02:00:00,104.22,148.55,99.9,24.14
2020-12-28 03:00:00,71.89,99.44,99.9,24.02
2020-12-28 04:00:00,61.64,76.84,99.9,23.36
2020-12-28 05:00:00,65.56,100.57,99.9,22.93
2020-12-28 06:00:00,67.13,101.63,99.9,22.76
2020-12-28 07:00:00,62.25,102.68,99.9,22.1
2020-12-28 08:00:00,70.93,105.53,99.9,23.77
2020-12-28 09:00:00,73.7,137.04,92.42,28.45
2020-12-28 10:00:00,69.56,134.61,80.94,31.94
2020-12-28 11:00:00,56.81,116.06,71.46,33.89
2020-12-28 12:00:00,46.07,72.77,67.46,35.06
2020-12-28 13:00:00,44.88,102.07,65.85,36.46
2020-12-28 14:00:00,45.84,65.23,64.07,36.67
2020-12-28 15:00:00,34.69,61.18,62.78,37.03
2020-12-28 16:00:00,39.16,86.33,79.2,34.42
2020-12-28 17:00:00,51.93,152.24,85.28,31.96
2020-12-28 18:00:00,57.92,182.45,91.76,28.46
2020-12-28 19:00:00,65.22,207.88,99.71,26.29
2020-12-28 20:00:00,72.97,201.09,99.03,24.99
2020-12-28 21:00:00,76.29,201.52,98.98,24.2
2020-12-28 22:00:00,77.99,167.6,99.81,23.44
2020-12-28 23:00:00,77.8,171.91,99.9,22.62
2020-12-29 00:00:00,87.75,197.49,99.9,22.33
2020-12-29 01:00:00,83.0,172.54,99.9,22.49
2020-12-29 02:00:00,80.1,168.68,99.9,22.1
2020-12-29 03:00:00,68.52,154.69,99.9,21.59
2020-12-29 04:00:00,58.61,144.43,99.9,20.91
2020-12-29 05:00:00,64.25,151.42,99.9,20.08
2020-12-29 06:00:00,69.97,161.39,99.9,19.96
2020-12-29 07:00:00,74.31,182.3,99.9,19.97
2020-12-29 08:00:00,86.71,189.35,99.9,21.91
2020-12-29 09:00:00,83.36,172.36,95.73,27.05
2020-12-29 10:00:00,78.8,162.27,85.67,30.93
2020-12-29 11:00:00,72.95,151.07,80.86,33.04
2020-12-29 12:00:00,83.55,177.23,80.66,33.75
2020-12-29 13:00:00,86.81,153.0,78.79,34.9
2020-12-29 14:00:00,79.61,149.69,77.25,36.55
2020-12-29 15:00:00,84.68,190.0,84.75,36.0
2020-12-29 16:00:00,89.0,196.25,94.91,34.45
2020-12-29 17:00:00,82.1,172.0,99.9,31.32
2020-12-29 18:00:00,76.64,187.05,99.9,28.69
2020-12-29 19:00:00,94.75,260.23,99.9,27.15
2020-12-29 20:00:00,131.29,346.38,99.9,25.59
2020-12-29 21:00:00,135.93,375.1,99.9,24.8
2020-12-29 22:00:00,129.46,248.81,99.9,24.74
2020-12-29 23:00:00,100.29,184.7,99.9,24.52
2020-12-30 00:00:00,91.11,189.54,99.9,24.24
2020-12-30 01:00:00,96.57,224.72,99.9,23.88
2020-12-30 02:00:00,80.17,174.8,99.9,23.64
2020-12-30 03:00:00,68.39,158.13,99.9,23.18
2020-12-30 04:00:00,66.3,150.29,99.9,22.82
2020-12-30 05:00:00,71.58,166.62,99.9,22.45
2020-12-30 06:00:00,78.01,163.29,99.9,22.11
2020-12-30 07:00:00,82.07,164.52,99.9,22.34
2020-12-30 08:00:00,77.36,178.42,99.9,23.87
2020-12-30 09:00:00,77.29,161.7,99.9,27.98
2020-12-30 10:00:00,86.44,157.16,99.88,31.58
2020-12-30 11:00:00,105.48,228.31,93.77,34.73
2020-12-30 12:00:00,118.28,267.17,91.68,35.83
2020-12-30 13:00:00,116.49,240.12,92.78,35.48
2020-12-30 14:00:00,110.22,228.14,86.46,36.6
2020-12-30 15:00:00,107.33,195.96,89.71,36.26
2020-12-30 16:00:00,95.5,212.65,99.77,34.54
2020-12-30 17:00:00,99.81,228.0,99.9,32.53
2020-12-30 18:00:00,93.6,207.03,99.9,29.76
2020-12-30 19:00:00,108.27,249.14,99.9,27.91
2020-12-30 20:00:00,132.51,320.92,99.9,26.75
2020-12-30 21:00:00,135.88,252.47,99.9,26.73
2020-12-30 22:00:00,122.68,211.83,99.9,26.34
2020-12-30 23:00:00,119.42,204.48,99.9,26.11
2020-12-31 00:00:00,107.88,182.26,99.9,26.08
2020-12-31 01:00:00,99.83,183.87,99.9,25.53
2020-12-31 02:00:00,110.0,194.2,99.9,24.94
2020-12-31 03:00:00,108.06,186.77,99.9,24.78
2020-12-31 04:00:00,103.03,174.93,99.9,24.21
2020-12-31 05:00:00,106.2,167.13,99.9,23.84
2020-12-31 06:00:00,116.03,211.15,99.9,23.51
2020-12-31 07:00:00,115.62,194.0,99.9,23.51
2020-12-31 08:00:00,119.97,194.03,99.9,25.04
2020-12-31 09:00:00,121.03,173.19,99.9,29.28
2020-12-31 10:00:00,118.36,202.44,97.06,34.14
2020-12-31 11:00:00,114.69,195.62,88.0,36.99
2020-12-31 12:00:00,98.75,171.19,84.87,37.75
2020-12-31 13:00:00,90.78,155.25,83.3,38.03
2020-12-31 14:00:00,84.64,153.0,77.32,39.16
2020-12-31 15:00:00,81.17,153.0,75.12,39.49
2020-12-31 16:00:00,71.97,123.64,80.56,37.85
2020-12-31 17:00:00,79.11,142.41,94.69,34.95
2020-12-31 18:00:00,95.48,240.0,99.9,31.89
2020-12-31 19:00:00,117.95,248.36,99.9,30.57
2020-12-31 20:00:00,146.8,280.1,99.9,29.48
2020-12-31 21:00:00,161.9,391.7,99.9,28.18
2020-12-31 22:00:00,164.78,284.91,99.9,27.24
2020-12-31 23:00:00,160.78,300.97,99.9,27.02
2021-01-01 00:00:00,175.75,335.85,99.9,26.79
2021-01-01 01:00:00,167.13,309.96,99.9,26.13
2021-01-01 02:00:00,152.92,262.89,99.9,25.54
2021-01-01 03:00:00,140.0,207.18,99.9,25.25
2021-01-01 04:00:00,136.83333333333334,265.77,99.9,25.02
2021-01-01 05:00:00,133.66666666666666,283.19,99.9,24.93
2021-01-01 06:00:00,130.5,287.36,99.9,25.01
2021-01-01 07:00:00,127.33333333333333,288.84,99.9,25.15
2021-01-01 08:00:00,124.16666666666667,257.12,99.9,26.7
2021-01-01 09:00:00,121.0,218.39,99.9,30.79
2021-01-01 10:00:00,117.83333333333334,202.65833333333333,99.89,31.756
2021-01-01 11:00:00,114.66666666666667,186.92666666666665,99.88,32.722
2021-01-01 12:00:00,111.5,171.195,99.87,33.687999999999995
2021-01-01 13:00:00,108.33333333333334,155.46333333333334,99.86,34.653999999999996
2021-01-01 14:00:00,105.16666666666667,139.73166666666668,99.85,35.62
2021-01-01 15:00:00,102.0,124.0,99.9,35.41
2021-01-01 16:00:00,91.37,127.39,99.9,34.48
2021-01-01 17:00:00,73.51,127.32,99.9,32.21
2021-01-01 18:00:00,87.51,140.42,99.9,30.96
2021-01-01 19:00:00,114.08,209.27,99.9,30.02
2021-01-01 20:00:00,153.55,238.72,99.9,29.59
2021-01-01 21:00:00,157.44,242.84,99.9,29.05
2021-01-01 22:00:00,153.28,221.19,99.9,28.57
2021-01-01 23:00:00,158.39,216.16,99.9,28.5
2021-01-02 00:00:00,154.03,202.62,99.9,28.23
2021-01-02 01:00:00,153.62,197.49,99.9,27.76
2021-01-02 02:00:00,159.58,233.79,99.9,27.35
2021-01-02 03:00:00,165.65,265.25,99.9,26.68
2021-01-02 04:00:00,169.9,238.23,99.9,26.7
2021-01-02 05:00:00,177.61,264.63,99.9,26.88
2021-01-02 06:00:00,179.71,260.93,99.9,26.75
2021-01-02 07:00:00,185.0,246.46,99.9,26.77
2021-01-02 08:00:00,207.53,265.74,99.9,27.28
2021-01-02 09:00:00,224.2,287.62,99.9,30.28
2021-01-02 10:00:00,230.45,345.35,99.9,32.86
2021-01-02 11:00:00,211.01,327.48,99.9,34.4
2021-01-02 12:00:00,167.44,293.1,99.9,35.26
2021-01-02 13:00:00,118.38,228.67,99.9,35.38
2021-01-02 14:00:00,117.6,160.28,99.9,35.12
2021-01-02 15:00:00,132.1,194.15,99.9,33.7
2021-01-02 16:00:00,146.8,203.84,99.9,32.83
2021-01-02 17:00:00,138.32,200.65,99.9,30.91
2021-01-02 18:00:00,132.23,205.02,99.9,29.47
2021-01-02 19:00:00,119.93,206.0,99.9,28.8
2021-01-02 20:00:00,129.2,210.18,99.9,28.34
2021-01-02 21:00:00,137.5,228.0,99.9,27.5
2021-01-02 22:00:00,137.9,218.77,99.9,26.8
2021-01-02 23:00:00,149.25,221.19,99.9,26.63
2021-01-03 00:00:00,159.68,230.36,99.9,26.04
2021-01-03 01:00:00,154.78,206.83,99.9,25.88
2021-01-03 02:00:00,144.07,183.67,99.9,25.61
2021-01-03 03:00:00,147.09,195.94,99.9,25.03
2021-01-03 04:00:00,165.9,237.46,99.9,24.8
2021-01-03 05:00:00,167.86,222.43,99.9,24.53
2021-01-03 06:00:00,158.9,235.56,99.9,24.65
2021-01-03 07:00:00,165.07,226.46,99.9,24.8
2021-01-03 08:00:00,159.39,218.15,99.9,26.2
2021-01-03 09:00:00,154.7,207.8,99.9,29.35
2021-01-03 10:00:00,153.93,221.05,99.9,32.38
2021-01-03 11:00:00,160.58,234.03,99.9,34.61
2021-01-03 12:00:00,167.94,271.14,99.9,36.17
2021-01-03 13:00:00,166.47,266.3,99.9,35.45
2021-01-03 14:00:00,153.38,257.31,99.9,35.61
2021-01-03 15:00:00,150.32,242.62,99.9,34.84
2021-01-03 16:00:00,150.0,246.69,99.9,33.06
2021-01-03 17:00:00,141.59,225.35,99.9,30.59
2021-01-03 18:00:00,123.72,212.64,99.9,28.88
2021-01-03 19:00:00,117.03,203.47,99.9,27.56
2021-01-03 20:00:00,114.93,208.69,99.9,27.12
2021-01-03 21:00:00,121.25,214.18,99.9,26.44
2021-01-03 22:00:00,125.35,209.15,99.9,26.42
2021-01-03 23:00:00,124.0,203.81,99.9,26.33
2021-01-04 00:00:00,123.35,200.49,99.9,26.22
2021-01-04 01:00:00,122.15,200.84,99.9,26.27
2021-01-04 02:00:00,121.7,201.0,99.9,26.31
2021-01-04 03:00:00,117.7,185.95,99.9,25.7
2021-01-04 04:00:00,118.58,195.58,99.9,24.41
2021-01-04 05:00:00,123.72,195.49,99.9,24.22
2021-01-04 06:00:00,120.93,211.72,99.9,24.41
2021-01-04 07:00:00,128.87,194.93,99.9,24.66
2021-01-04 08:00:00,135.38,199.36,99.9,24.84
2021-01-04 09:00:00,133.62,196.82,99.9,27.16
2021-01-04 10:00:00,135.38,211.05,99.9,30.8
2021-01-04 11:00:00,143.0,236.57,99.9,32.77
2021-01-04 12:00:00,146.27,248.53,99.9,33.53
2021-01-04 13:00:00,132.93,225.67,99.9,33.32
2021-01-04 14:00:00,150.38,262.81,99.9,33.03
2021-01-04 15:00:00,165.88,281.03,99.9,32.52
2021-01-04 16:00:00,153.19,280.49,99.9,32.3
2021-01-04 17:00:00,160.5,278.33,99.9,31.46
2021-01-04 18:00:00,151.68,266.3,99.9,29.01
2021-01-04 19:00:00,150.03,248.95,99.9,27.98
2021-01-04 20:00:00,151.87,247.67,99.9,27.48
2021-01-04 21:00:00,159.35,265.64,99.9,27.46
2021-01-04 22:00:00,156.05,245.59,99.9,27.13
2021-01-04 23:00:00,151.02,232.61,99.9,26.88
2021-01-05 00:00:00,151.6,219.25,99.9,26.65
2021-01-05 01:00:00,160.87,229.54,99.9,26.44
2021-01-05 02:00:00,164.45,236.18,99.9,26.09
2021-01-05 03:00:00,151.5,201.0,99.9,25.43
2021-01-05 04:00:00,148.97,205.18,99.9,24.67
2021-01-05 05:00:00,150.35,193.42,99.9,23.91
2021-01-05 06:00:00,146.07,195.18,99.9,23.7
2021-01-05 07:00:00,138.05,185.13,99.9,24.24
2021-01-05 08:00:00,145.92,210.68,99.9,25.2
2021-01-05 09:00:00,169.05,253.62,99.9,27.0
2021-01-05 10:00:00,169.55,264.35,99.9,30.2
2021-01-05 11:00:00,173.47,276.7,99.9,33.25
2021-01-05 12:00:00,156.47,264.78,99.67,35.14
2021-01-05 13:00:00,144.4,244.52,99.86,35.49
2021-01-05 14:00:00,138.07,232.66,99.9,35.59
2021-01-05 15:00:00,145.0,227.0,99.9,34.51
2021-01-05 16:00:00,149.5,234.5,99.9,34.12
2021-01-05 17:00:00,150.5,239.43,99.9,31.81
2021-01-05 18:00:00,153.35,246.81,99.9,29.41
2021-01-05 19:00:00,154.25,247.16,99.9,28.27
2021-01-05 20:00:00,169.28,268.74,99.9,27.73
2021-01-05 21:00:00,174.97,288.06,99.9,27.6
2021-01-05 22:00:00,177.32,261.74,99.9,26.81
2021-01-05 23:00:00,176.38,257.67,99.9,26.23
2021-01-06 00:00:00,168.12,237.17,99.9,26.23
2021-01-06 01:00:00,158.98,215.44,99.9,26.36
2021-01-06 02:00:00,166.25,236.25,99.9,25.98
2021-01-06 03:00:00,183.82,268.59,99.9,25.58
2021-01-06 04:00:00,189.15,258.95,99.9,25.13
2021-01-06 05:00:00,170.03,252.66,99.9,24.37
2021-01-06 06:00:00,166.04,221.17,99.9,23.36
2021-01-06 07:00:00,167.23,232.56,99.9,23.4
2021-01-06 08:00:00,171.0,238.0,99.9,24.88
2021-01-06 09:00:00,166.93,240.51,99.9,27.11
2021-01-06 10:00:00,173.32,259.33,99.9,30.3
2021-01-06 11:00:00,167.88,252.17,99.9,33.03
2021-01-06 12:00:00,151.12,223.14,98.56,35.89
2021-01-06 13:00:00,135.2,216.33,92.83,37.19
2021-01-06 14:00:00,115.75,184.33,93.48,37.18
2021-01-06 15:00:00,101.0,188.87,94.25,36.89
2021-01-06 16:00:00,106.07,185.15,99.9,35.32
2021-01-06 17:00:00,141.17,227.48,99.9,32.69
2021-01-06 18:00:00,159.3,253.5,99.9,30.34
2021-01-06 19:00:00,168.5,269.54,99.9,29.78
2021-01-06 20:00:00,187.2,294.57,99.9,29.32
2021-01-06 21:00:00,199.97,310.75,99.9,28.88
2021-01-06 22:00:00,194.98,304.67,99.9,28.43
2021-01-06 23:00:00,172.43,261.33,99.9,27.8
2021-01-07 00:00:00,166.3,235.5,99.9,27.06
2021-01-07 01:00:00,165.1,206.0,99.9,26.46
2021-01-07 02:00:00,156.7,208.5,99.9,26.23
2021-01-07 03:00:00,155.65,217.5,99.9,26.04
2021-01-07 04:00:00,156.68,224.83,99.9,25.64
2021-01-07 05:00:00,157.31,222.66,99.9,24.94
2021-01-07 06:00:00,161.31,227.83,99.9,24.88
2021-01-07 07:00:00,165.62,228.16,99.9,24.9
2021-01-07 08:00:00,168.67,231.33,99.9,26.08
2021-01-07 09:00:00,168.33,232.0,99.9,28.48
2021-01-07 10:00:00,166.05,232.0,99.9,33.47
2021-01-07 11:00:00,158.03,253.67,99.9,36.61
2021-01-07 12:00:00,165.5,282.0,99.9,35.82
2021-01-07 13:00:00,165.85,276.98,99.9,36.27
2021-01-07 14:00:00,133.66,246.83,98.88,37.61
2021-01-07 15:00:00,119.25,169.93,99.86,36.53
2021-01-07 16:00:00,138.12,240.45,99.9,34.83
2021-01-07 17:00:00,155.0,256.17,99.9,33.13
2021-01-07 18:00:00,154.2941176470588,258.0,99.9,31.2
2021-01-07 19:00:00,153.58823529411765,252.0,99.9,29.95
2021-01-07 20:00:00,152.88235294117646,233.67,99.9,29.89
2021-01-07 21:00:00,152.1764705882353,383.33,99.9,30.2
2021-01-07 22:00:00,151.47058823529412,269.0,99.9,29.75
2021-01-07 23:00:00,150.76470588235293,244.8,99.9,29.52
2021-01-08 00:00:00,150.05882352941177,271.0,99.9,29.26
2021-01-08 01:00:00,149.35294117647058,285.0,99.9,28.9
2021-01-08 02:00:00,148.64705882352942,320.0,99.9,28.64
2021-01-08 03:00:00,147.94117647058823,285.0,99.9,28.19
2021-01-08 04:00:00,147.23529411764707,200.0,99.9,27.76
2021-01-08 05:00:00,146.52941176470588,115.0,99.9,27.61
2021-01-08 06:00:00,145.8235294117647,133.23000000000002,99.9,27.68
2021-01-08 07:00:00,145.11764705882354,151.46,99.9,27.59
2021-01-08 08:00:00,144.41176470588235,135.64,99.9,27.26
2021-01-08 09:00:00,143.7058823529412,193.82,99.9,28.64
2021-01-08 10:00:00,143.0,252.0,99.9,30.24
2021-01-08 11:00:00,155.0,252.0,99.9,29.6
2021-01-08 12:00:00,179.0,275.5,99.9,32.04
2021-01-08 13:00:00,173.15,299.0,99.9,32.02
2021-01-08 14:00:00,150.51,206.13,99.9,31.82
2021-01-08 15:00:00,140.38,224.55,99.9,32.88
2021-01-08 16:00:00,141.0,240.36,99.9,33.12
2021-01-08 17:00:00,112.12,167.0,99.9,32.15
2021-01-08 18:00:00,103.58,147.0,99.9,30.69
2021-01-08 19:00:00,116.2,160.22,99.9,29.78
2021-01-08 20:00:00,115.62,137.08,99.9,28.94
2021-01-08 21:00:00,101.83,147.0,99.9,28.92
2021-01-08 22:00:00,124.0,183.44,99.9,28.81
2021-01-08 23:00:00,125.4,178.33,99.9,28.55
2021-01-09 00:00:00,116.1,170.17,99.9,28.27
2021-01-09 01:00:00,116.5,152.33,99.9,27.94
2021-01-09 02:00:00,125.65,158.13,99.9,27.95
2021-01-09 03:00:00,122.78,139.17,99.9,27.91
2021-01-09 04:00:00,114.98,149.17,99.9,27.65
2021-01-09 05:00:00,108.94,140.3,99.9,27.16
2021-01-09 06:00:00,88.75,117.92,99.9,26.93
2021-01-09 07:00:00,83.3,107.33,99.9,26.7
2021-01-09 08:00:00,84.7,111.83,99.9,27.98
2021-01-09 09:00:00,79.72,106.33,99.9,30.93
2021-01-09 10:00:00,75.3,88.28,99.9,33.97
2021-01-09 11:00:00,81.22,120.95,99.9,36.42
2021-01-09 12:00:00,90.0,146.33,99.9,38.54
2021-01-09 13:00:00,87.4,142.47,99.9,38.28
2021-01-09 14:00:00,75.47,139.33,99.9,36.76
2021-01-09 15:00:00,85.27,141.5,99.9,34.16
2021-01-09 16:00:00,130.7,212.0,99.9,34.06
2021-01-09 17:00:00,123.38,211.0,99.9,33.39
2021-01-09 18:00:00,115.7,193.83,99.9,31.54
2021-01-09 19:00:00,114.59,203.0,99.9,30.57
2021-01-09 20:00:00,121.02,186.33,99.9,29.98
2021-01-09 21:00:00,127.45,269.38,99.9,29.65
2021-01-09 22:00:00,141.4,287.83,99.9,29.78
2021-01-09 23:00:00,125.22,244.67,99.9,29.3
2021-01-10 00:00:00,106.35,186.83,99.9,29.4
2021-01-10 01:00:00,107.28,153.67,99.9,29.26
2021-01-10 02:00:00,122.08,179.83,99.9,29.11
2021-01-10 03:00:00,145.4,231.33,99.9,28.68
2021-01-10 04:00:00,150.81,218.17,99.9,27.74
2021-01-10 05:00:00,131.38,170.17,99.9,27.23
2021-01-10 06:00:00,124.69,170.33,99.9,27.11
2021-01-10 07:00:00,122.66,173.67,99.9,27.23
2021-01-10 08:00:00,124.33,171.5,99.9,28.59
2021-01-10 09:00:00,120.12,150.1,99.9,32.61
2021-01-10 10:00:00,112.6,162.61,99.9,35.77
2021-01-10 11:00:00,115.4,185.17,99.9,37.16
2021-01-10 12:00:00,106.42,165.67,99.9,38.16
2021-01-10 13:00:00,90.88,146.0,99.67,39.25
2021-01-10 14:00:00,69.74,141.33,98.79,39.05
2021-01-10 15:00:00,78.05499999999999,88.0,97.37,39.51
2021-01-10 16:00:00,86.37,147.0,99.9,36.57
2021-01-10 17:00:00,94.685,157.0,99.9,33.93
2021-01-10 18:00:00,103.0,160.0,99.9,32.18
2021-01-10 19:00:00,103.98,166.67,99.9,31.48
2021-01-10 20:00:00,105.34,149.67,99.9,31.04
2021-01-10 21:00:00,104.0,148.5,99.9,30.6
2021-01-10 22:00:00,114.08,216.5,99.9,30.38
2021-01-10 23:00:00,127.27,277.34,99.9,29.84
2021-01-11 00:00:00,105.15,172.0,99.9,29.11
2021-01-11 01:00:00,98.2,126.5,99.9,28.62
2021-01-11 02:00:00,115.88,143.67,99.9,28.35
2021-01-11 03:00:00,134.26,173.83,99.9,28.29
2021-01-11 04:00:00,141.36,184.02,99.9,28.24
2021-01-11 05:00:00,137.34,185.0,99.9,27.84
2021-01-11 06:00:00,137.97,183.33,99.9,27.82
2021-01-11 07:00:00,142.33,193.83,99.9,27.85
2021-01-11 08:00:00,139.72,198.5,99.9,29.48
2021-01-11 09:00:00,136.28,194.83,99.9,33.58
2021-01-11 10:00:00,140.7,199.0,99.9,36.72
2021-01-11 11:00:00,136.0,198.0,98.15,39.46
2021-01-11 12:00:00,80.97,151.17,80.23,40.93
2021-01-11 13:00:00,43.34,81.17,86.19,40.72
2021-01-11 14:00:00,45.0,99.0,93.11,39.79
2021-01-11 15:00:00,67.34,164.17,99.9,37.92
2021-01-11 16:00:00,79.975,172.0,99.9,36.87
2021-01-11 17:00:00,92.61,158.33,99.9,35.26
2021-01-11 18:00:00,97.03,179.33,99.9,32.87
2021-01-11 19:00:00,94.67,171.54,99.9,31.7
2021-01-11 20:00:00,106.78,222.33,99.9,31.12
2021-01-11 21:00:00,135.95,341.33,99.9,30.59
2021-01-11 22:00:00,138.43,385.43,99.9,30.08
2021-01-11 23:00:00,123.0,307.5,99.9,29.38
2021-01-12 00:00:00,115.0,253.62,99.9,28.47
2021-01-12 01:00:00,119.59,225.17,99.9,28.28
2021-01-12 02:00:00,132.28,225.98,99.9,28.16
2021-01-12 03:00:00,140.64,217.0,99.9,28.23
2021-01-12 04:00:00,138.12,189.17,99.9,28.0
2021-01-12 05:00:00,125.34,187.32,99.9,27.59
2021-01-12 06:00:00,128.92,183.83,99.9,27.34
2021-01-12 07:00:00,133.1,202.17,99.9,27.52
2021-01-12 08:00:00,119.36,184.33,99.9,28.87
2021-01-12 09:00:00,111.45,162.15,99.9,32.4
2021-01-12 10:00:00,106.96,182.17,99.9,36.29
2021-01-12 11:00:00,107.58,160.5,94.0,38.41
2021-01-12 12:00:00,83.41,155.0,77.62,40.95
2021-01-12 13:00:00,66.2,137.5,67.05,41.82
2021-01-12 14:00:00,45.74,97.45,67.78,41.09
2021-01-12 15:00:00,37.33,82.5,67.82,41.65
2021-01-12 16:00:00,40.95,72.67,85.91,39.91
2021-01-12 17:00:00,53.55,126.39,96.76,36.37
2021-01-12 18:00:00,69.95,135.33,99.9,33.43
2021-01-12 19:00:00,77.4,169.17,99.9,32.05
2021-01-12 20:00:00,94.8,165.17,99.9,31.59
2021-01-12 21:00:00,112.05,191.33,99.9,31.49
2021-01-12 22:00:00,106.45,218.59,99.9,31.11
2021-01-12 23:00:00,109.08,168.0,99.9,30.17
2021-01-13 00:00:00,103.66,152.0,99.9,29.46
2021-01-13 01:00:00,99.75,151.0,99.9,29.45
2021-01-13 02:00:00,88.84,140.33,99.9,29.04
2021-01-13 03:00:00,82.39,120.88,99.9,29.04
2021-01-13 04:00:00,73.62,108.0,99.9,28.48
2021-01-13 05:00:00,79.0,136.73,99.9,28.27
2021-01-13 06:00:00,82.97,133.83,99.9,27.96
2021-01-13 07:00:00,91.0,135.32,99.9,27.94
2021-01-13 08:00:00,89.7,140.15,99.9,29.19
2021-01-13 09:00:00,85.36,138.5,99.9,33.04
2021-01-13 10:00:00,82.0,128.87,99.22,36.63
2021-01-13 11:00:00,80.69,132.81,87.36,38.74
2021-01-13 12:00:00,66.86,107.42,68.52,40.65
2021-01-13 13:00:00,39.74,72.93,61.12,41.87
2021-01-13 14:00:00,29.36,67.82,57.07,42.4
2021-01-13 15:00:00,24.03,63.0,65.7,41.62
2021-01-13 16:00:00,35.5,79.5,76.89,38.47
2021-01-13 17:00:00,50.67,97.95,81.19,36.59
2021-01-13 18:00:00,52.3,110.17,84.58,33.41
2021-01-13 19:00:00,58.31,136.09,86.45,31.05
2021-01-13 20:00:00,65.92,139.34,89.97,29.99
2021-01-13 21:00:00,83.25,183.17,98.86,28.95
2021-01-13 22:00:00,117.03,378.67,98.75,27.8
2021-01-13 23:00:00,101.2,217.5,99.9,26.93
2021-01-14 00:00:00,83.35,131.32,99.9,26.48
2021-01-14 01:00:00,83.28,139.5,99.9,26.34
2021-01-14 02:00:00,100.45,152.97,99.9,26.88
2021-01-14 03:00:00,124.3,233.9,99.9,27.05
2021-01-14 04:00:00,120.15,159.47,99.9,26.94
2021-01-14 05:00:00,105.31,188.34,99.9,26.31
2021-01-14 06:00:00,112.66,213.83,99.9,25.76
2021-01-14 07:00:00,109.41,173.81,99.9,25.2
2021-01-14 08:00:00,98.5,172.47,99.9,26.78
2021-01-14 09:00:00,93.5,144.93,99.11,32.42
2021-01-14 10:00:00,89.01,131.53,89.59,36.5
2021-01-14 11:00:00,96.83,188.14,88.08,38.24
2021-01-14 12:00:00,111.1,210.8,84.25,37.95
2021-01-14 13:00:00,87.2,167.17,70.02,39.59
2021-01-14 14:00:00,74.47,118.13,94.52,38.28
2021-01-14 15:00:00,100.28,205.83,99.77,36.58
2021-01-14 16:00:00,97.46,168.52,99.34,36.33
2021-01-14 17:00:00,81.34,161.17,90.05,34.16
2021-01-14 18:00:00,73.12,128.67,89.86,31.62
2021-01-14 19:00:00,59.0,132.8,96.97,29.62
2021-01-14 20:00:00,60.25,149.55,99.9,28.34
2021-01-14 21:00:00,69.95,147.87,99.9,27.22
2021-01-14 22:00:00,82.61,190.02,99.9,26.48
2021-01-14 23:00:00,99.28,293.17,99.9,25.88
2021-01-15 00:00:00,105.34,302.03,99.9,25.38
2021-01-15 01:00:00,105.31,339.03,99.9,25.07
2021-01-15 02:00:00,107.02,258.96,99.9,24.64
2021-01-15 03:00:00,113.92,276.72,99.9,24.41
2021-01-15 04:00:00,122.82,244.13,99.9,23.52
2021-01-15 05:00:00,112.27,197.8,99.9,23.44
2021-01-15 06:00:00,127.68,200.8,99.9,23.07
2021-01-15 07:00:00,136.0,214.63,99.9,23.18
2021-01-15 08:00:00,146.01,316.67,99.9,25.12
2021-01-15 09:00:00,145.32,261.17,99.9,28.71
2021-01-15 10:00:00,137.84,210.17,99.9,31.45
2021-01-15 11:00:00,117.0,197.2,99.9,32.61
2021-01-15 12:00:00,117.0,162.6,92.58,35.85
2021-01-15 13:00:00,72.0,128.0,91.39,36.37
2021-01-15 14:00:00,66.1,123.85,89.85,35.24
2021-01-15 15:00:00,48.76,93.1,81.75,34.83
2021-01-15 16:00:00,37.34,72.05,83.36,34.19
2021-01-15 17:00:00,34.69,69.83,82.9,33.57
2021-01-15 18:00:00,37.66470588235294,71.9568,83.33058823529413,33.603529411764704
2021-01-15 19:00:00,40.63941176470588,74.0836,83.76117647058824,33.637058823529415
2021-01-15 20:00:00,43.61411764705882,76.21039999999999,84.19176470588236,33.67058823529412
2021-01-15 21:00:00,46.58882352941176,78.3372,84.62235294117647,33.70411764705882
2021-01-15 22:00:00,49.563529411764705,80.464,85.0529411764706,33.737647058823526
2021-01-15 23:00:00,52.53823529411765,82.5908,85.4835294117647,33.77117647058824
2021-01-16 00:00:00,55.51294117647059,84.7176,85.91411764705883,33.80470588235294
2021-01-16 01:00:00,58.487647058823526,86.84440000000001,86.34470588235294,33.838235294117645
2021-01-16 02:00:00,61.462352941176476,88.9712,86.77529411764706,33.871764705882356
2021-01-16 03:00:00,64.43705882352941,91.098,87.20588235294117,33.90529411764706
2021-01-16 04:00:00,67.41176470588235,93.2248,87.6364705882353,33.93882352941176
2021-01-16 05:00:00,70.3864705882353,95.3516,88.06705882352941,33.972352941176474
2021-01-16 06:00:00,73.36117647058825,97.4784,88.49764705882353,34.00588235294118
2021-01-16 07:00:00,76.33588235294118,99.6052,88.92823529411764,34.03941176470588
2021-01-16 08:00:00,79.31058823529412,101.732,89.35882352941177,34.072941176470586
2021-01-16 09:00:00,82.28529411764706,103.8588,89.78941176470587,34.1064705882353
2021-01-16 10:00:00,85.26,105.9856,90.22,34.14
2021-01-16 11:00:00,72.97,108.11240000000001,84.75,35.41
2021-01-16 12:00:00,75.68,110.23920000000001,76.77,35.61
2021-01-16 13:00:00,70.38,112.366,73.65,37.34
2021-01-16 14:00:00,65.66,114.4928,76.03,37.58
2021-01-16 15:00:00,64.05,116.6196,77.68,36.99
2021-01-16 16:00:00,56.69,118.7464,89.04,34.96
2021-01-16 17:00:00,138.24,120.8732,97.67,32.59
2021-01-16 18:00:00,192.0,123.0,99.9,29.63
2021-01-16 19:00:00,83.25,152.07,99.9,28.04
2021-01-16 20:00:00,119.0,216.0,99.9,26.93
2021-01-16 21:00:00,148.75,295.73,99.9,26.22
2021-01-16 22:00:00,174.08,368.87,99.9,25.52
2021-01-16 23:00:00,164.0,374.19,99.9,25.04
2021-01-17 00:00:00,164.98,280.29,99.9,24.42
2021-01-17 01:00:00,175.59,386.82,99.9,24.45
2021-01-17 02:00:00,189.37,402.24,99.9,23.72
2021-01-17 03:00:00,184.65,351.83,99.9,23.47
2021-01-17 04:00:00,198.59,431.4,99.9,23.65
2021-01-17 05:00:00,202.89,387.71,99.9,23.14
2021-01-17 06:00:00,173.35,317.73,99.9,23.01
2021-01-17 07:00:00,163.04,285.31,99.9,22.6
2021-01-17 08:00:00,156.11,257.75,99.9,24.61
2021-01-17 09:00:00,173.33,358.95,99.9,29.66
2021-01-17 10:00:00,152.37,244.05,95.99,33.45
2021-01-17 11:00:00,106.02,181.12,91.59,34.93
2021-01-17 12:00:00,96.43,169.85,83.61,35.55
2021-01-17 13:00:00,86.97,164.85,84.98,37.01
2021-01-17 14:00:00,93.62,178.07,90.57,37.22
2021-01-17 15:00:00,93.38,165.27,82.88,37.59
2021-01-17 16:00:00,80.71,153.69,76.95,37.54
2021-01-17 17:00:00,72.68,136.22,86.39,35.4
2021-01-17 18:00:00,67.38,138.81,97.85,31.28
2021-01-17 19:00:00,68.33,140.0,99.9,28.85
2021-01-17 20:00:00,78.38,148.28,99.9,27.96
2021-01-17 21:00:00,90.67,227.24,99.9,26.9
2021-01-17 22:00:00,117.42,259.61,99.9,26.14
2021-01-17 23:00:00,110.91,278.78,99.9,25.98
2021-01-18 00:00:00,130.69,309.32,99.9,25.86
2021-01-18 01:00:00,121.67,261.85,99.9,25.28
2021-01-18 02:00:00,111.02,243.53,99.9,24.63
2021-01-18 03:00:00,106.34,178.26,99.9,24.29
2021-01-18 04:00:00,111.94,196.74,99.9,24.31
2021-01-18 05:00:00,122.39,245.5,99.9,24.23
2021-01-18 06:00:00,113.35,231.24,99.9,24.16
2021-01-18 07:00:00,104.75,246.92,99.9,24.66
2021-01-18 08:00:00,84.08,138.05,99.9,27.0
2021-01-18 09:00:00,61.69,100.88,99.9,31.41
2021-01-18 10:00:00,65.0,116.21,94.58,34.46
2021-01-18 11:00:00,74.65,124.98,86.77,35.97
2021-01-18 12:00:00,73.08,130.98,76.5,37.14
2021-01-18 13:00:00,66.64,151.04,77.43,37.11027777777778
2021-01-18 14:00:00,60.89,145.03,65.75,37.080555555555556
2021-01-18 15:00:00,38.63,98.98,84.11,37.05083333333334
2021-01-18 16:00:00,47.34,128.2,86.65,37.02111111111111
2021-01-18 17:00:00,46.0,112.82,97.76,36.99138888888889
2021-01-18 18:00:00,45.01,125.38,95.04,36.961666666666666
2021-01-18 19:00:00,46.97,133.15,99.9,36.93194444444445
2021-01-18 20:00:00,62.6,159.75,99.9,36.90222222222222
2021-01-18 21:00:00,92.22,290.0,99.9,36.8725
2021-01-18 22:00:00,107.78,312.68,99.9,36.842777777777776
2021-01-18 23:00:00,90.67,274.62,99.9,36.81305555555556
2021-01-19 00:00:00,100.0,233.89,99.9,36.78333333333333
2021-01-19 01:00:00,82.73,183.01,99.9,36.75361111111111
2021-01-19 02:00:00,76.67,130.81,99.9,36.72388888888889
2021-01-19 03:00:00,100.94,225.82,99.9,36.69416666666667
2021-01-19 04:00:00,107.13,180.56,99.9,36.66444444444444
2021-01-19 05:00:00,99.92,181.12,99.9,36.63472222222222
2021-01-19 06:00:00,114.69,204.69,99.9,36.605000000000004
2021-01-19 07:00:00,114.28,258.67,99.9,36.57527777777778
2021-01-19 08:00:00,125.35,249.9,99.9,36.54555555555556
2021-01-19 09:00:00,125.31,238.55,99.88,36.51583333333333
2021-01-19 10:00:00,124.4,181.54,96.54,36.486111111111114
2021-01-19 11:00:00,113.3,201.45,90.59,36.45638888888889
2021-01-19 12:00:00,127.9,242.77,88.01,36.42666666666667
2021-01-19 13:00:00,119.5,225.93,72.2,36.39694444444444
2021-01-19 14:00:00,66.67,117.53,69.83,36.367222222222225
2021-01-19 15:00:00,64.5,117.52,79.58,36.3375
2021-01-19 16:00:00,77.33,159.38,84.09,36.30777777777778
2021-01-19 17:00:00,56.43,120.49,87.84,36.278055555555554
2021-01-19 18:00:00,49.3,103.55,97.7,36.248333333333335
2021-01-19 19:00:00,73.53,195.02,99.9,36.21861111111111
2021-01-19 20:00:00,111.33,187.51,99.9,36.18888888888889
2021-01-19 21:00:00,131.6,370.53,99.9,36.159166666666664
2021-01-19 22:00:00,145.5,352.14,99.9,36.129444444444445
2021-01-19 23:00:00,135.7,448.0,99.9,36.09972222222222
2021-01-20 00:00:00,127.36,313.41,99.9,36.07
2021-01-20 01:00:00,126.61,239.44,99.9,36.04027777777778
2021-01-20 02:00:00,130.75,227.69,99.9,36.010555555555555
2021-01-20 03:00:00,104.67,163.26,99.9,35.98083333333334
2021-01-20 04:00:00,89.01,144.2,99.9,35.95111111111111
2021-01-20 05:00:00,87.99,143.0,99.9,35.92138888888889
2021-01-20 06:00:00,96.28,245.99,99.9,35.891666666666666
2021-01-20 07:00:00,105.03,218.86,99.9,35.86194444444445
2021-01-20 08:00:00,96.34,152.71,99.9,35.83222222222222
2021-01-20 09:00:00,106.0,181.56,95.13,35.8025
2021-01-20 10:00:00,114.03,189.0,85.22,35.772777777777776
2021-01-20 11:00:00,104.03,188.17,78.01,35.74305555555556
2021-01-20 12:00:00,85.75,154.06,72.89,35.71333333333333
2021-01-20 13:00:00,62.02,114.72,72.12,35.68361111111111
2021-01-20 14:00:00,56.33,112.14,73.07,35.653888888888886
2021-01-20 15:00:00,48.42,109.69,76.05,35.62416666666667
2021-01-20 16:00:00,30.34,81.59,78.59,35.59444444444444
2021-01-20 17:00:00,29.99,66.0,86.77,35.56472222222222
2021-01-20 18:00:00,33.5,81.12,91.5,35.535
2021-01-20 19:00:00,45.0,110.75,97.95,35.50527777777778
2021-01-20 20:00:00,65.99,123.45,99.9,35.47555555555556
2021-01-20 21:00:00,75.6,169.7,99.9,35.44583333333333
2021-01-20 22:00:00,101.33,312.27,99.9,35.416111111111114
2021-01-20 23:00:00,121.03,292.82,99.9,35.38638888888889
2021-01-21 00:00:00,116.0,328.53,99.9,35.35666666666667
2021-01-21 01:00:00,115.34,229.56,99.9,35.32694444444444
2021-01-21 02:00:00,117.97,276.82,99.9,35.297222222222224
2021-01-21 03:00:00,124.68,236.54,99.9,35.2675
2021-01-21 04:00:00,126.0,290.39,99.9,35.23777777777778
2021-01-21 05:00:00,134.33,245.03,99.9,35.20805555555555
2021-01-21 06:00:00,137.65,220.58,99.9,35.178333333333335
2021-01-21 07:00:00,148.67,352.55,99.9,35.14861111111111
2021-01-21 08:00:00,161.0,315.43,99.9,35.11888888888889
2021-01-21 09:00:00,149.33,240.75,98.15,35.089166666666664
2021-01-21 10:00:00,121.34,199.85,93.11,35.059444444444445
2021-01-21 11:00:00,125.67,205.0,90.16,35.02972222222222
2021-01-21 12:00:00,125.76,229.0,81.47,35.0
2021-01-21 13:00:00,99.36,166.72,69.2,36.41
2021-01-21 14:00:00,101.5,154.66,79.14,36.92
2021-01-21 15:00:00,134.21,243.04,70.1,36.33
2021-01-21 16:00:00,93.43,169.12,68.19,35.52
2021-01-21 17:00:00,72.67,140.0,83.68,32.99
2021-01-21 18:00:00,82.96,157.38,95.7,29.98
2021-01-21 19:00:00,101.67,206.53,99.9,27.88
2021-01-21 20:00:00,125.94,212.69,99.9,26.41
2021-01-21 21:00:00,155.67,321.27,99.9,25.26
2021-01-21 22:00:00,186.33,368.91,99.9,24.24
2021-01-21 23:00:00,184.97,364.62,99.9,23.71
2021-01-22 00:00:00,189.33,367.62,99.9,23.13
2021-01-22 01:00:00,193.31,427.77,99.9,22.89
2021-01-22 02:00:00,192.67,345.63,99.9,22.35
2021-01-22 03:00:00,172.0,321.03,99.9,22.14
2021-01-22 04:00:00,165.0,326.64,99.9,21.77
2021-01-22 05:00:00,183.0,313.1,99.9,21.27
2021-01-22 06:00:00,200.33,333.18,99.9,21.54
2021-01-22 07:00:00,199.5,316.48,99.9,21.58
2021-01-22 08:00:00,216.5,310.34,99.9,23.42
2021-01-22 09:00:00,227.92,350.56,99.9,27.99
2021-01-22 10:00:00,155.0,229.87,99.27,32.13
2021-01-22 11:00:00,138.0,222.87,92.87,34.97
2021-01-22 12:00:00,151.34,270.87,84.62,36.73
2021-01-22 13:00:00,135.67,239.44,80.47,37.0
2021-01-22 14:00:00,104.67,176.37,75.87,38.5
2021-01-22 15:00:00,103.67,208.05,86.99,37.89
2021-01-22 16:00:00,118.0,233.56,97.94,35.99
2021-01-22 17:00:00,129.33,237.0,99.9,33.77
2021-01-22 18:00:00,126.67,237.83,99.9,30.92
2021-01-22 19:00:00,144.23,277.73,99.9,29.34
2021-01-22 20:00:00,180.09,326.51,99.9,28.33
2021-01-22 21:00:00,211.92,483.17,99.9,27.37
2021-01-22 22:00:00,230.33,466.82,99.9,26.78
2021-01-22 23:00:00,218.48,381.67,99.9,26.05
2021-01-23 00:00:00,194.33,296.47,99.9,25.34
2021-01-23 01:00:00,193.33,375.54,99.9,24.93
2021-01-23 02:00:00,217.0,383.86,99.9,24.12
2021-01-23 03:00:00,208.0,316.75,99.9,23.53
2021-01-23 04:00:00,203.67,341.25,99.9,23.63
2021-01-23 05:00:00,221.67,346.52,99.9,22.99
2021-01-23 06:00:00,227.93,366.69,99.9,22.9
2021-01-23 07:00:00,248.33,380.0,99.9,22.89
2021-01-23 08:00:00,235.67,370.89,99.9,24.32
2021-01-23 09:00:00,194.67,278.77,99.9,29.34
2021-01-23 10:00:00,180.33,253.38,99.9,33.12
2021-01-23 11:00:00,165.0,245.38,96.12,35.53
2021-01-23 12:00:00,151.99,239.03,83.21,38.07
2021-01-23 13:00:00,124.0,200.75,69.76,39.34
2021-01-23 14:00:00,86.0,150.78,71.22,39.44
2021-01-23 15:00:00,84.0,161.87,73.95,38.68
2021-01-23 16:00:00,89.0,160.2,75.6,37.35
2021-01-23 17:00:00,74.5,147.41,79.99,35.31
2021-01-23 18:00:00,72.0,133.41,89.83,32.28
2021-01-23 19:00:00,84.56,162.45,99.41,29.89
2021-01-23 20:00:00,108.34,248.32,94.94,28.45
2021-01-23 21:00:00,101.67,151.0,99.85,27.73
2021-01-23 22:00:00,133.5,443.2,99.9,27.41
2021-01-23 23:00:00,147.33,424.68,99.9,27.28
2021-01-24 00:00:00,117.5,281.34000000000003,99.9,25.93
2021-01-24 01:00:00,87.67,138.0,99.9,24.58
2021-01-24 02:00:00,99.83500000000001,274.23,99.9,24.335
2021-01-24 03:00:00,112.0,410.46,99.9,24.09
2021-01-24 04:00:00,168.33,476.0,99.9,23.46
2021-01-24 05:00:00,134.66500000000002,409.83500000000004,99.9,23.33
2021-01-24 06:00:00,101.0,343.67,99.9,23.2
2021-01-24 07:00:00,100.95,266.83500000000004,99.9,23.76
2021-01-24 08:00:00,100.9,190.0,99.9,25.65
2021-01-24 09:00:00,107.0,166.0,99.9,30.44
2021-01-24 10:00:00,104.33,173.45,99.83,33.02
2021-01-24 11:00:00,99.67,168.4,89.6,35.73
2021-01-24 12:00:00,95.33,155.41,78.04,37.29
2021-01-24 13:00:00,78.67,144.75,74.53,37.92
2021-01-24 14:00:00,61.95,117.34,71.45,38.43
2021-01-24 15:00:00,49.0,96.27,81.77,36.97
2021-01-24 16:00:00,53.0,107.07,85.72,35.54
2021-01-24 17:00:00,51.0,103.38,85.22,33.66
2021-01-24 18:00:00,47.67,106.14,92.67,30.59
2021-01-24 19:00:00,54.86,144.25,99.89,28.42
2021-01-24 20:00:00,91.33,224.02,99.9,27.11
2021-01-24 21:00:00,133.5,333.05,99.9,25.9
2021-01-24 22:00:00,159.0,311.0,99.9,24.8
2021-01-24 23:00:00,162.24,297.8,99.9,24.5
2021-01-25 00:00:00,164.3,464.95,99.9,23.94
2021-01-25 01:00:00,147.59,362.0,99.9,23.4
2021-01-25 02:00:00,121.61,284.19,99.9,22.82
2021-01-25 03:00:00,105.33,257.27,99.9,22.34
2021-01-25 04:00:00,104.5,377.1,99.9,22.31
2021-01-25 05:00:00,117.67,361.75,99.9,22.12
2021-01-25 06:00:00,120.33,333.2,99.9,21.8
2021-01-25 07:00:00,135.77,729.64,99.9,21.75
2021-01-25 08:00:00,141.67,644.96,99.9,23.66
2021-01-25 09:00:00,91.0,229.0,95.97,28.26
2021-01-25 10:00:00,90.16499999999999,230.65,86.49,31.93
2021-01-25 11:00:00,89.33,246.0,78.96,34.27
2021-01-25 12:00:00,90.0,235.28,73.06,35.96
2021-01-25 13:00:00,85.5,232.18,70.9,36.16
2021-01-25 14:00:00,56.0,179.02,62.21,37.79
2021-01-25 15:00:00,62.37,163.86,77.81,37.02
2021-01-25 16:00:00,85.0,231.47,80.66,34.56
2021-01-25 17:00:00,69.0,210.41,87.67,32.52
2021-01-25 18:00:00,71.33,222.87,99.31,29.44
2021-01-25 19:00:00,83.67,253.58,99.9,27.73
2021-01-25 20:00:00,102.0,275.56,99.9,26.58
2021-01-25 21:00:00,118.42,274.86,99.9,25.71
2021-01-25 22:00:00,141.02,467.0,99.9,24.58
2021-01-25 23:00:00,141.0,334.56,99.9,23.67
2021-01-26 00:00:00,131.99,292.15,99.9,23.16
2021-01-26 01:00:00,125.0,245.95,99.9,22.43
2021-01-26 02:00:00,121.33,293.29,99.9,22.36
2021-01-26 03:00:00,128.67,250.37,99.9,21.75
2021-01-26 04:00:00,117.66,224.1,99.9,20.87
2021-01-26 05:00:00,121.37,236.73,99.9,20.77
2021-01-26 06:00:00,127.98,244.97,99.9,20.84
2021-01-26 07:00:00,128.03,219.51,99.9,21.4
2021-01-26 08:00:00,139.03,289.33,99.9,23.09
2021-01-26 09:00:00,136.6,279.34,99.9,27.98
2021-01-26 10:00:00,117.65,245.86,95.41,31.64
2021-01-26 11:00:00,112.33,229.2,83.8,34.24
2021-01-26 12:00:00,112.33,230.9,79.44,35.52
2021-01-26 13:00:00,108.95,233.82,67.67,35.79
2021-01-26 14:00:00,97.33,183.5,78.57,36.61
2021-01-26 15:00:00,97.33,239.22,84.24,34.98
2021-01-26 16:00:00,88.61,201.68,86.11,33.78
2021-01-26 17:00:00,74.33,174.44,90.68,31.52
2021-01-26 18:00:00,75.67,170.0,97.58,28.5
2021-01-26 19:00:00,81.67,188.97,99.9,26.38
2021-01-26 20:00:00,102.09,207.85,99.9,25.15
2021-01-26 21:00:00,125.34,241.63,99.9,24.1
2021-01-26 22:00:00,125.65,232.26,99.9,22.96
2021-01-26 23:00:00,126.38,219.86,99.9,22.8
2021-01-27 00:00:00,139.02,216.53,99.9,22.28
2021-01-27 01:00:00,144.34,221.78,99.9,21.92
2021-01-27 02:00:00,135.33,229.6,99.9,21.9
2021-01-27 03:00:00,123.43,224.4,99.9,21.64
2021-01-27 04:00:00,136.25,220.0,99.9,21.06
2021-01-27 05:00:00,113.67,198.48,99.9,20.77
2021-01-27 06:00:00,111.03,203.93,99.9,20.56
2021-01-27 07:00:00,131.0,247.6,99.9,20.32
2021-01-27 08:00:00,148.28,289.04,99.9,22.1
2021-01-27 09:00:00,135.34,240.2,99.9,27.05
2021-01-27 10:00:00,138.0,253.83,99.9,30.91
2021-01-27 11:00:00,156.33,334.0,98.98,32.81
2021-01-27 12:00:00,167.33,338.95,89.36,33.77
2021-01-27 13:00:00,126.16,247.29,72.26,35.98
2021-01-27 14:00:00,100.36,192.9,80.88,36.84
2021-01-27 15:00:00,105.32,223.5,79.78,36.24
2021-01-27 16:00:00,90.0,191.1,80.5,35.14
2021-01-27 17:00:00,77.33,171.28,91.75,33.34
2021-01-27 18:00:00,76.17,179.76,99.91,29.7
2021-01-27 19:00:00,86.08,219.12,99.91,27.06
2021-01-27 20:00:00,114.75,236.9,99.91,25.67
2021-01-27 21:00:00,127.93,310.19,99.91,24.04
2021-01-27 22:00:00,130.15,273.02,99.91,23.74
2021-01-27 23:00:00,174.0,473.2,99.91,23.36
2021-01-28 00:00:00,178.67,475.93,99.91,22.84
2021-01-28 01:00:00,162.25,316.85,99.91,22.1
2021-01-28 02:00:00,153.0,332.02,99.91,21.46
2021-01-28 03:00:00,174.01,327.15,99.91,21.38
2021-01-28 04:00:00,172.97,332.25,99.91,21.04
2021-01-28 05:00:00,170.5,325.75,99.91,20.9
2021-01-28 06:00:00,169.29,287.0,99.91,20.62
2021-01-28 07:00:00,163.67,309.32,99.91,20.7
2021-01-28 08:00:00,168.98,306.57,99.91,22.31
2021-01-28 09:00:00,170.86,305.0,99.91,27.28
2021-01-28 10:00:00,179.17,292.62,99.35,31.64
2021-01-28 11:00:00,146.5,274.27,95.59,33.73
2021-01-28 12:00:00,146.62,293.27,86.41,34.8
2021-01-28 13:00:00,126.25,233.43,77.67,36.27
2021-01-28 14:00:00,104.33,220.0,81.85,36.8
2021-01-28 15:00:00,116.0,239.01,77.55,36.22
2021-01-28 16:00:00,91.97,172.05,77.67,35.36
2021-01-28 17:00:00,69.33,152.03,87.0,33.31
2021-01-28 18:00:00,72.5,148.0,97.41,29.33
2021-01-28 19:00:00,79.72,170.28,99.91,26.47
2021-01-28 20:00:00,103.5,281.43,99.91,24.76
2021-01-28 21:00:00,151.67,369.18,99.91,23.33
2021-01-28 22:00:00,151.33,391.25,99.91,22.71
2021-01-28 23:00:00,153.67,288.23,99.91,22.39
2021-01-29 00:00:00,127.89,200.82,99.91,22.95
2021-01-29 01:00:00,107.38,177.93,99.91,22.35
2021-01-29 02:00:00,115.97,199.93,99.91,22.11
2021-01-29 03:00:00,109.0,185.96,99.91,22.38
2021-01-29 04:00:00,97.5,162.0,99.91,21.89
2021-01-29 05:00:00,90.66,150.43,99.91,21.29
2021-01-29 06:00:00,87.31,143.86,99.91,21.14
2021-01-29 07:00:00,89.33,182.72,99.91,20.84
2021-01-29 08:00:00,100.5,176.15,99.91,22.51
2021-01-29 09:00:00,99.5,168.05,99.91,28.07
2021-01-29 10:00:00,97.33,162.88,97.77,31.48
2021-01-29 11:00:00,98.02,177.08,90.3,33.75
2021-01-29 12:00:00,108.05,213.78,80.2,36.11
2021-01-29 13:00:00,116.5,222.48,76.39,35.89
2021-01-29 14:00:00,110.4,186.7,62.73,36.65
2021-01-29 15:00:00,84.56,149.36,57.19,37.91
2021-01-29 16:00:00,78.5,171.05,85.88,35.62
2021-01-29 17:00:00,99.0,175.8,80.98,34.45
2021-01-29 18:00:00,99.0,202.4,98.02,29.9
2021-01-29 19:00:00,120.665,229.0,99.9,28.06
2021-01-29 20:00:00,142.33,360.56,99.9,26.82
2021-01-29 21:00:00,178.97,448.28,99.9,25.66
2021-01-29 22:00:00,162.26,305.9,99.9,24.99
2021-01-29 23:00:00,140.0,291.09,99.9,24.19
2021-01-30 00:00:00,151.33,332.0,99.9,23.57
2021-01-30 01:00:00,190.67,349.05,99.9,22.5
2021-01-30 02:00:00,172.91,303.15,99.9,21.83
2021-01-30 03:00:00,148.65,314.45,99.9,22.61
2021-01-30 04:00:00,137.62,271.15,99.9,22.16
2021-01-30 05:00:00,128.67,228.11,99.9,21.93
2021-01-30 06:00:00,142.72,348.44,99.9,21.87
2021-01-30 07:00:00,164.4,364.49,99.9,22.14
2021-01-30 08:00:00,171.0,318.0,99.9,23.84
2021-01-30 09:00:00,146.55,248.7,99.9,29.86
2021-01-30 10:00:00,116.0,243.87,90.31,33.63
2021-01-30 11:00:00,109.33,211.35,79.75,36.27
2021-01-30 12:00:00,100.67,207.29,69.94,38.5
2021-01-30 13:00:00,80.33,178.3,52.93,39.16
2021-01-30 14:00:00,50.98,102.11,54.92,38.7
2021-01-30 15:00:00,50.36,100.98,58.2,38.34
2021-01-30 16:00:00,50.28,110.58,56.57,36.58
2021-01-30 17:00:00,36.0,86.65,59.15,34.45
2021-01-30 18:00:00,35.0,106.325,71.13,31.67
2021-01-30 19:00:00,73.0,126.0,90.98,28.88
2021-01-30 20:00:00,91.0,228.78,88.26,27.43
2021-01-30 21:00:00,118.75,271.62,94.34,26.62
2021-01-30 22:00:00,139.68,450.0,98.41,25.6
2021-01-30 23:00:00,123.0,255.13,99.59,24.62
2021-01-31 00:00:00,83.34,148.05,99.9,23.62
2021-01-31 01:00:00,96.33,169.35,99.9,23.42
2021-01-31 02:00:00,124.7,357.68,99.9,22.6
2021-01-31 03:00:00,134.69,339.27,99.9,22.53
2021-01-31 04:00:00,140.0,313.02,99.9,22.31
2021-01-31 05:00:00,138.32,271.36,99.9,22.19
2021-01-31 06:00:00,133.99,265.47,99.9,22.8
2021-01-31 07:00:00,129.25,243.8,99.9,22.89
2021-01-31 08:00:00,111.63,263.67,99.89,24.65
2021-01-31 09:00:00,93.92,234.47,90.0,29.79
2021-01-31 10:00:00,75.33,142.03,78.85,33.36
2021-01-31 11:00:00,83.75,161.0,78.99,34.79
2021-01-31 12:00:00,98.3,187.91,73.4,36.8
2021-01-31 13:00:00,84.63,175.5,70.39,37.27
2021-01-31 14:00:00,73.31,129.1,63.88,38.06
2021-01-31 15:00:00,69.34,121.64,73.27,37.64
2021-01-31 16:00:00,70.32,135.98,73.97,35.7
2021-01-31 17:00:00,65.33,121.73,80.3,33.82
2021-01-31 18:00:00,65.0,132.85,86.99,31.31
2021-01-31 19:00:00,72.7,163.95,95.68,28.86
2021-01-31 20:00:00,80.32,146.16,97.62,27.78
2021-01-31 21:00:00,90.11,199.38,99.88,27.27
2021-01-31 22:00:00,113.65,239.22,99.86,26.88
2021-01-31 23:00:00,105.33,197.15,99.9,26.48
2021-02-01 00:00:00,106.74,197.66,99.9,25.54
2021-02-01 01:00:00,128.03,248.51,99.9,24.59
2021-02-01 02:00:00,126.25,224.47,99.9,25.19
2021-02-01 03:00:00,111.37,186.58,99.9,26.28
2021-02-01 04:00:00,117.98,205.0,99.9,26.06
2021-02-01 05:00:00,109.63,169.6,99.9,26.03
2021-02-01 06:00:00,101.0,173.51,99.9,25.37
2021-02-01 07:00:00,96.3,171.05,99.9,25.75
2021-02-01 08:00:00,91.03,154.32,99.9,27.04
2021-02-01 09:00:00,99.0,184.71,99.9,30.05
2021-02-01 10:00:00,103.7,200.22,97.36,32.94
2021-02-01 11:00:00,110.98,208.58,87.63,35.87
2021-02-01 12:00:00,104.67,202.6,76.23,39.28
2021-02-01 13:00:00,90.25,163.18,66.18,39.68
2021-02-01 14:00:00,70.33,136.09,63.0,39.43
2021-02-01 15:00:00,71.37,119.67,59.93,40.6
2021-02-01 16:00:00,71.63,96.44,61.81,39.8
2021-02-01 17:00:00,71.74,113.38,95.95,35.61
2021-02-01 18:00:00,90.6,194.72,99.9,32.77
2021-02-01 19:00:00,102.07,210.18,99.9,30.6
2021-02-01 20:00:00,120.75,269.2,99.9,29.1
2021-02-01 21:00:00,156.45,362.58,99.9,28.33
2021-02-01 22:00:00,160.47,385.77,99.78,29.43
2021-02-01 23:00:00,114.0,203.03,99.9,29.27
2021-02-02 00:00:00,130.12,270.6,99.9,27.92
2021-02-02 01:00:00,151.31,326.07,99.9,26.94
2021-02-02 02:00:00,141.33,287.78,99.9,26.03
2021-02-02 03:00:00,131.32,257.44,99.9,25.41
2021-02-02 04:00:00,131.34,273.56,99.9,25.45
2021-02-02 05:00:00,142.13,296.09,99.9,25.02
2021-02-02 06:00:00,156.0,285.2,99.9,24.77
2021-02-02 07:00:00,150.0,361.75,99.9,24.83
2021-02-02 08:00:00,135.33,232.64,99.9,26.8
2021-02-02 09:00:00,122.0,243.75,94.2,31.5
2021-02-02 10:00:00,115.88,246.42,69.88,36.15
2021-02-02 11:00:00,77.83,192.38,60.33,38.75
2021-02-02 12:00:00,56.32,142.35,54.96,39.83
2021-02-02 13:00:00,48.3,114.27,45.39,40.57
2021-02-02 14:00:00,36.31,82.87,37.48,42.11
2021-02-02 15:00:00,30.33,61.38,39.62,41.52
2021-02-02 16:00:00,29.17,63.16,42.84,40.45
2021-02-02 17:00:00,31.04,66.0,57.69,37.91
2021-02-02 18:00:00,53.96,124.38,95.64,33.02
2021-02-02 19:00:00,92.03,193.73,99.9,30.41
2021-02-02 20:00:00,99.02,233.13,99.9,28.71
2021-02-02 21:00:00,129.5,309.47,99.9,28.39
2021-02-02 22:00:00,163.42,400.39,99.9,27.36
2021-02-02 23:00:00,171.98,354.51,99.9,26.6
2021-02-03 00:00:00,170.35,477.85,99.9,26.09
2021-02-03 01:00:00,172.98,432.36,99.9,24.85
2021-02-03 02:00:00,168.66,384.75,99.9,23.81
2021-02-03 03:00:00,168.0,309.75,99.9,23.75
2021-02-03 04:00:00,162.62,344.5,99.9,23.62
2021-02-03 05:00:00,148.98,276.38,99.9,23.15
2021-02-03 06:00:00,139.75,251.85,99.9,22.62
2021-02-03 07:00:00,159.42,244.49,99.9,22.42
2021-02-03 08:00:00,189.41,324.22,99.9,25.06
2021-02-03 09:00:00,170.72,338.71,85.19,31.67
2021-02-03 10:00:00,94.3,179.6,70.78,35.48
2021-02-03 11:00:00,90.36,206.64,60.29,37.74
2021-02-03 12:00:00,77.17,179.71,52.56,38.98
2021-02-03 13:00:00,41.84,151.27,57.78,38.29
2021-02-03 14:00:00,56.93,158.55,55.16,38.59
2021-02-03 15:00:00,46.65,129.86,53.04,38.24
2021-02-03 16:00:00,46.65,120.54,63.79,37.2
2021-02-03 17:00:00,67.66,138.09,71.47,34.84
2021-02-03 18:00:00,60.97,130.49,80.16,32.09
2021-02-03 19:00:00,54.68,131.29,90.72,30.22
2021-02-03 20:00:00,74.81,149.27,99.4,28.63
2021-02-03 21:00:00,122.45,461.33,99.9,27.87
2021-02-03 22:00:00,137.78,469.82,99.9,26.71
2021-02-03 23:00:00,102.0,223.46,99.9,25.94
2021-02-04 00:00:00,103.09,234.49,99.9,25.57
2021-02-04 01:00:00,125.0,276.78,99.9,24.81
2021-02-04 02:00:00,124.66,233.67,99.9,24.16
2021-02-04 03:00:00,129.38,253.32,99.9,24.28
2021-02-04 04:00:00,144.07,258.36,99.9,23.55
2021-02-04 05:00:00,160.07,269.47,99.9,22.91
2021-02-04 06:00:00,177.72,285.2,99.9,22.81
2021-02-04 07:00:00,174.57,311.85,99.9,23.21
2021-02-04 08:00:00,139.9,269.31,99.9,25.5
2021-02-04 09:00:00,122.5,196.0,98.7,29.82
2021-02-04 10:00:00,121.61,199.28,79.92,33.72
2021-02-04 11:00:00,103.95,195.9,68.99,36.71
2021-02-04 12:00:00,90.5,183.0,63.41,36.67
2021-02-04 13:00:00,66.0,151.04,56.83,37.05
2021-02-04 14:00:00,60.0,124.33,54.83,38.16
2021-02-04 15:00:00,71.34,132.33,69.86,38.05
2021-02-04 16:00:00,83.86,174.47,81.16,36.15
2021-02-04 17:00:00,99.88,189.56,84.0,33.82
2021-02-04 18:00:00,86.68,178.67,86.11,31.37
2021-02-04 19:00:00,96.13,189.16,97.72,29.23
2021-02-04 20:00:00,142.0,372.0,99.9,28.01
2021-02-04 21:00:00,175.39,449.03,99.9,26.86
2021-02-04 22:00:00,161.33,319.32,99.9,26.29
2021-02-04 23:00:00,122.01,222.87,99.9,26.42
2021-02-05 00:00:00,134.42,232.02,99.9,25.69
2021-02-05 01:00:00,142.23,265.78,99.9,24.62
2021-02-05 02:00:00,121.37,200.71,99.9,24.66
2021-02-05 03:00:00,132.03,235.98,99.9,24.17
2021-02-05 04:00:00,139.39,306.82,99.9,23.32
2021-02-05 05:00:00,151.76,294.0,99.9,22.94
2021-02-05 06:00:00,159.3,292.29,99.9,22.25
2021-02-05 07:00:00,143.87,229.22,99.9,22.95
2021-02-05 08:00:00,128.68,228.98,99.9,25.02
2021-02-05 09:00:00,131.35,232.82,96.89,30.2
2021-02-05 10:00:00,124.85,202.58,83.92,33.85
2021-02-05 11:00:00,99.14,171.42,74.0,36.24
2021-02-05 12:00:00,82.99,158.6,66.23,37.34
2021-02-05 13:00:00,71.85,131.58,62.1,37.72
2021-02-05 14:00:00,50.3,107.97,63.37,37.8
2021-02-05 15:00:00,45.08,108.11,68.96,35.83
2021-02-05 16:00:00,55.0,118.66,66.09,32.92
2021-02-05 17:00:00,48.65,102.62,70.86,31.99
2021-02-05 18:00:00,47.7,102.1,73.58,30.96
2021-02-05 19:00:00,54.03,120.21,82.57,29.07
2021-02-05 20:00:00,63.39,128.92,89.03,27.27
2021-02-05 21:00:00,77.86,148.03,91.89,26.15
2021-02-05 22:00:00,114.0,252.86,98.82,25.39
2021-02-05 23:00:00,152.81,386.0,99.9,24.39
2021-02-06 00:00:00,173.43,359.98,99.9,23.58
2021-02-06 01:00:00,123.49,266.51,94.95,23.76
2021-02-06 02:00:00,71.17,110.38,91.42,23.73
2021-02-06 03:00:00,58.1,117.96,91.06,24.09
2021-02-06 04:00:00,68.64,119.26,91.53,24.18
2021-02-06 05:00:00,65.33,116.36,96.97,23.51
2021-02-06 06:00:00,63.29,106.13,99.72,23.12
2021-02-06 07:00:00,62.37,102.36,99.86,23.5
2021-02-06 08:00:00,71.75,124.2,99.01,24.88
2021-02-06 09:00:00,78.97,146.21,92.26,28.29
2021-02-06 10:00:00,70.25,142.62,76.63,33.01
2021-02-06 11:00:00,60.66,156.62,68.99,35.93
2021-02-06 12:00:00,57.64,137.06,62.96,37.67
2021-02-06 13:00:00,52.29,116.43,57.3,39.34
2021-02-06 14:00:00,47.34,108.08,53.17,40.26
2021-02-06 15:00:00,46.64,99.62,50.47,40.77
2021-02-06 16:00:00,44.68,98.0,51.09,39.65
2021-02-06 17:00:00,46.68,96.36,60.35,37.31
2021-02-06 18:00:00,54.1,120.58,78.1,32.95
2021-02-06 19:00:00,72.1,150.58,92.18,29.91
2021-02-06 20:00:00,85.68,185.6,97.16,28.05
2021-02-06 21:00:00,84.93,133.0,96.73,27.71
2021-02-06 22:00:00,75.31,124.8,90.79,27.86
2021-02-06 23:00:00,73.38,154.96,89.39,27.35
2021-02-07 00:00:00,76.61,138.24,89.03,26.89
2021-02-07 01:00:00,66.27,134.64,88.17,26.47
2021-02-07 02:00:00,63.0,125.17,90.0,26.17
2021-02-07 03:00:00,67.67,117.25,92.62,25.55
2021-02-07 04:00:00,71.36,122.56,94.41,24.81
2021-02-07 05:00:00,72.61,115.78,95.58,24.1
2021-02-07 06:00:00,64.0,104.98,96.83,23.71
2021-02-07 07:00:00,62.0,105.78,94.44,23.78
2021-02-07 08:00:00,63.88666666666666,109.39,87.72,26.96
2021-02-07 09:00:00,65.77333333333333,113.0,81.01,29.9
2021-02-07 10:00:00,67.66,125.29,66.83,34.33
2021-02-07 11:00:00,61.95,137.83,58.4,37.85
2021-02-07 12:00:00,55.32,122.79,55.61,38.81
2021-02-07 13:00:00,52.66,115.72,52.23,39.58
2021-02-07 14:00:00,44.0,93.0,51.27,39.6
2021-02-07 15:00:00,38.68,93.0,47.81,40.68
2021-02-07 16:00:00,40.34,89.73,46.08,40.52
2021-02-07 17:00:00,42.36,84.9,56.42,37.78
2021-02-07 18:00:00,48.76,111.86,75.64,32.82
2021-02-07 19:00:00,61.08,150.78,82.62,30.32
2021-02-07 20:00:00,72.69,155.54,89.24,28.4
2021-02-07 21:00:00,103.45,271.36,92.59,27.83
2021-02-07 22:00:00,140.73,279.75,91.49,27.33
2021-02-07 23:00:00,98.92,164.29,90.14,27.14
2021-02-08 00:00:00,78.33,149.98,88.83,27.22
2021-02-08 01:00:00,76.32,133.0,94.85,26.38
2021-02-08 02:00:00,76.69,141.19,99.9,24.92
2021-02-08 03:00:00,84.07,158.57,99.9,23.91
2021-02-08 04:00:00,93.36,163.64,99.9,22.99
2021-02-08 05:00:00,95.66,187.0,99.9,22.59
2021-02-08 06:00:00,93.98,186.4,99.9,22.82
2021-02-08 07:00:00,97.04,185.8,99.9,22.46
2021-02-08 08:00:00,96.83,185.2,97.77,24.45
2021-02-08 09:00:00,80.05,184.6,71.08,31.79
2021-02-08 10:00:00,86.34,184.0,62.11,34.63
2021-02-08 11:00:00,87.0,183.4,55.89,37.23
2021-02-08 12:00:00,72.43,182.8,47.74,38.58
2021-02-08 13:00:00,44.0,182.2,46.12,39.33
2021-02-08 14:00:00,43.33,181.6,44.35,40.36
2021-02-08 15:00:00,41.66,181.0,45.55,40.31
2021-02-08 16:00:00,43.0,180.4,43.44,39.93
2021-02-08 17:00:00,45.36,179.8,54.55,37.37
2021-02-08 18:00:00,49.71,179.2,73.24,32.37
2021-02-08 19:00:00,56.36,178.6,71.99,29.67
2021-02-08 20:00:00,55.27,178.0,69.86,28.43
2021-02-08 21:00:00,64.94,177.4,77.56,27.65
2021-02-08 22:00:00,172.9,176.8,87.89,26.41
2021-02-08 23:00:00,312.5,176.2,95.25,25.19
2021-02-09 00:00:00,231.44,175.6,94.41,24.01
2021-02-09 01:00:00,87.02,175.0,96.07,24.23
2021-02-09 02:00:00,88.32,174.4,99.9,22.9
2021-02-09 03:00:00,92.42,173.8,99.9,22.11
2021-02-09 04:00:00,98.93,173.2,99.9,21.51
2021-02-09 05:00:00,100.52,172.6,99.9,20.98
2021-02-09 06:00:00,118.66,172.0,99.9,20.57
2021-02-09 07:00:00,124.1,194.87,99.9,20.74
2021-02-09 08:00:00,131.93,224.58,99.9,23.46
2021-02-09 09:00:00,136.64,251.31,86.42,31.11
2021-02-09 10:00:00,140.5,299.43,54.57,36.2
2021-02-09 11:00:00,91.17,200.01,50.05,38.36
2021-02-09 12:00:00,65.9,140.07,46.14,39.37
2021-02-09 13:00:00,55.7,132.0,44.95,38.77
2021-02-09 14:00:00,54.58,112.4,42.32,39.57
2021-02-09 15:00:00,43.97,103.9,37.62,40.95
2021-02-09 16:00:00,45.42,85.79,55.77,38.5
2021-02-09 17:00:00,58.37,151.65,70.18,34.97
2021-02-09 18:00:00,65.71,158.78,81.18,31.88
2021-02-09 19:00:00,77.44,192.24,85.49,29.02
2021-02-09 20:00:00,121.86,292.6,93.85,27.77
2021-02-09 21:00:00,185.71,509.67,94.59,26.69
2021-02-09 22:00:00,186.25,512.98,87.98,26.32
2021-02-09 23:00:00,176.37,406.49,98.46,24.62
2021-02-10 00:00:00,174.22,385.0,99.9,23.37
2021-02-10 01:00:00,141.5,292.4,99.9,22.36
2021-02-10 02:00:00,125.76,211.36,99.9,22.62
2021-02-10 03:00:00,135.84,311.52,99.9,22.76
2021-02-10 04:00:00,137.72,275.75,99.9,21.56
2021-02-10 05:00:00,114.98,184.97,99.9,21.14
2021-02-10 06:00:00,136.8,241.75,99.9,21.54
2021-02-10 07:00:00,172.41,284.22,99.9,21.97
2021-02-10 08:00:00,152.34,300.62,98.62,24.56
2021-02-10 09:00:00,129.77,225.69,75.65,31.79
2021-02-10 10:00:00,84.32,148.52,63.84,35.82
2021-02-10 11:00:00,92.83,191.81,66.86,36.54
2021-02-10 12:00:00,107.59,233.32,60.03,37.2
2021-02-10 13:00:00,89.85,183.46,50.83,38.91
2021-02-10 14:00:00,64.48,156.25,45.94,39.56
2021-02-10 15:00:00,64.91,132.51,69.44,38.31
2021-02-10 16:00:00,100.15,222.24,73.99,36.55
2021-02-10 17:00:00,110.64,236.47,80.74,35.05
2021-02-10 18:00:00,102.19,197.31,99.14,31.53
2021-02-10 19:00:00,101.84,190.9,99.9,29.01
2021-02-10 20:00:00,167.8,217.32,99.9,27.52
2021-02-10 21:00:00,379.44,553.0,99.9,26.71
2021-02-10 22:00:00,488.0,676.32,99.9,25.99
2021-02-10 23:00:00,622.57,826.92,99.9,24.86
2021-02-11 00:00:00,674.32,811.53,99.9,23.95
2021-02-11 01:00:00,585.58,678.5,99.9,23.69
2021-02-11 02:00:00,532.73,656.0,99.9,23.34
2021-02-11 03:00:00,521.17,659.65,99.9,22.75
2021-02-11 04:00:00,547.49,680.05,99.9,22.59
2021-02-11 05:00:00,505.68,572.3,99.9,22.59
2021-02-11 06:00:00,382.7,506.03,99.9,22.79
2021-02-11 07:00:00,299.5,439.64,99.9,23.04
2021-02-11 08:00:00,229.63,367.18,99.9,25.14
2021-02-11 09:00:00,176.83,261.72,93.93,30.65
2021-02-11 10:00:00,145.91,251.62,85.34,33.47
2021-02-11 11:00:00,165.0,223.97,70.41,36.84
2021-02-11 12:00:00,123.5,196.14,58.0,39.0
2021-02-11 13:00:00,82.0,166.32,52.0,40.23
2021-02-11 14:00:00,78.58,151.2,49.17,39.58
2021-02-11 15:00:00,62.43,132.67,42.23,39.84
2021-02-11 16:00:00,68.0,115.12,77.1,37.67
2021-02-11 17:00:00,92.34,178.15,81.13,35.55
2021-02-11 18:00:00,98.47,207.75,83.3,32.54
2021-02-11 19:00:00,104.22,206.9,84.6,30.4
2021-02-11 20:00:00,108.98,237.03,95.87,28.87
2021-02-11 21:00:00,195.86,449.8,97.09,27.65
2021-02-11 22:00:00,234.74,488.65,99.56,26.77
2021-02-11 23:00:00,241.19,468.0,99.9,25.87
2021-02-12 00:00:00,304.68,510.47,99.9,24.96
2021-02-12 01:00:00,273.88,449.77,99.9,23.96
2021-02-12 02:00:00,205.9,350.94,99.9,23.73
2021-02-12 03:00:00,186.14,375.87,99.9,23.97
2021-02-12 04:00:00,174.5,327.48,99.9,23.59
2021-02-12 05:00:00,176.97,321.98,99.9,22.79
2021-02-12 06:00:00,178.85,279.08,99.9,22.72
2021-02-12 07:00:00,200.44,350.67,99.9,22.79
2021-02-12 08:00:00,217.88,426.98,99.9,24.5
2021-02-12 09:00:00,211.0,415.0,98.84,29.37
2021-02-12 10:00:00,174.08,308.83,83.55,33.84
2021-02-12 11:00:00,169.9,286.10125,84.09666666666666,34.120000000000005
2021-02-12 12:00:00,165.72,263.3725,84.64333333333333,34.400000000000006
2021-02-12 13:00:00,161.54000000000002,240.64374999999998,85.19,34.68000000000001
2021-02-12 14:00:00,157.36,217.915,85.73666666666666,34.96
2021-02-12 15:00:00,153.18,195.18625,86.28333333333333,35.24
2021-02-12 16:00:00,149.0,172.45749999999998,86.83,35.52
2021-02-12 17:00:00,149.37714285714284,149.72875,82.17,34.36
2021-02-12 18:00:00,149.75428571428571,127.0,80.7,31.56
2021-02-12 19:00:00,150.13142857142856,140.0,92.66,29.52
2021-02-12 20:00:00,150.50857142857143,285.5,99.71,28.16
2021-02-12 21:00:00,150.88571428571427,431.0,99.9,27.19
2021-02-12 22:00:00,151.26285714285714,423.4,99.9,26.0
2021-02-12 23:00:00,151.64,438.6,99.9,25.49
2021-02-13 00:00:00,182.9,462.6,99.9,25.22
2021-02-13 01:00:00,181.83,430.25,99.9,24.26
2021-02-13 02:00:00,190.25,384.43,99.9,23.64
2021-02-13 03:00:00,163.83333333333334,332.72,99.9,23.43
2021-02-13 04:00:00,137.41666666666666,284.0,99.9,23.78
2021-02-13 05:00:00,111.0,181.0,99.9,24.18
2021-02-13 06:00:00,111.0,194.07,99.9,23.46
2021-02-13 07:00:00,135.0,203.33,99.9,23.28
2021-02-13 08:00:00,156.0,255.16500000000002,99.9,25.25
2021-02-13 09:00:00,177.0,307.0,95.81,30.34
2021-02-13 10:00:00,164.53,254.1,75.23,34.37
2021-02-13 11:00:00,118.22,202.93,75.58,35.91
2021-02-13 12:00:00,118.58,218.58,59.56,37.92
2021-02-13 13:00:00,84.66,179.9,60.6,37.83
2021-02-13 14:00:00,84.33,167.26666666666668,70.2,37.32
2021-02-13 15:00:00,84.0,154.63333333333333,79.8,36.81
2021-02-13 16:00:00,68.66,142.0,98.28,34.65
2021-02-13 17:00:00,53.32,123.22,99.9,33.23
2021-02-13 18:00:00,54.05,130.43,99.9,30.93
2021-02-13 19:00:00,60.73,150.15,99.9,29.08
2021-02-13 20:00:00,71.42,152.37,99.9,28.05
2021-02-13 21:00:00,94.98,206.72,99.9,27.32
2021-02-13 22:00:00,130.93,294.95,99.9,26.27
2021-02-13 23:00:00,143.0,318.53,99.9,25.58
2021-02-14 00:00:00,137.76,325.72,99.9,25.18
2021-02-14 01:00:00,151.15,314.75,99.9,24.87
2021-02-14 02:00:00,154.8,283.42,99.9,24.24
2021-02-14 03:00:00,138.08,245.15,99.9,24.36
2021-02-14 04:00:00,136.75,257.6,99.9,23.83
2021-02-14 05:00:00,142.5,266.9,99.9,23.5
2021-02-14 06:00:00,144.03,261.49,99.9,23.31
2021-02-14 07:00:00,144.31,241.0,99.9,22.99
2021-02-14 08:00:00,133.14,191.18,99.9,25.06
2021-02-14 09:00:00,118.0,223.7,99.9,28.94
2021-02-14 10:00:00,113.0,214.63,99.9,28.698
2021-02-14 11:00:00,108.0,205.56,99.9,28.456
2021-02-14 12:00:00,103.0,196.49,99.9,28.214000000000002
2021-02-14 13:00:00,98.0,187.42,99.9,27.972
2021-02-14 14:00:00,93.0,178.35,99.9,27.73
2021-02-14 15:00:00,88.0,169.28,99.9,27.488
2021-02-14 16:00:00,83.0,160.21,99.9,27.246
2021-02-14 17:00:00,78.0,151.14,99.9,27.004
2021-02-14 18:00:00,73.0,142.07,99.9,26.762
2021-02-14 19:00:00,68.0,133.0,99.9,26.52
2021-02-14 20:00:00,68.0,131.93333333333334,99.9,27.87
2021-02-14 21:00:00,69.52285714285715,130.86666666666667,99.9,27.74
2021-02-14 22:00:00,71.04571428571428,129.8,99.9,28.17307692307692
2021-02-14 23:00:00,72.56857142857143,128.73333333333332,99.9,28.606153846153845
2021-02-15 00:00:00,74.09142857142857,127.66666666666667,99.9,29.039230769230766
2021-02-15 01:00:00,75.61428571428571,126.6,99.9,29.47230769230769
2021-02-15 02:00:00,77.13714285714286,125.53333333333333,99.9,29.905384615384612
2021-02-15 03:00:00,78.66,124.46666666666667,99.9,30.338461538461537
2021-02-15 04:00:00,80.18285714285715,123.4,99.9,30.77153846153846
2021-02-15 05:00:00,81.70571428571428,122.33333333333333,99.9,31.204615384615384
2021-02-15 06:00:00,83.22857142857143,121.26666666666667,99.9,31.637692307692305
2021-02-15 07:00:00,84.75142857142856,120.2,99.9,32.07076923076923
2021-02-15 08:00:00,86.27428571428571,119.13333333333333,99.9,32.503846153846155
2021-02-15 09:00:00,87.79714285714286,118.06666666666666,99.9,32.93692307692307
2021-02-15 10:00:00,89.32,117.0,99.9,33.37
2021-02-15 11:00:00,67.29,148.03,93.69,33.9
2021-02-15 12:00:00,64.0,132.13,90.33,35.41
2021-02-15 13:00:00,62.63,138.43,96.76,35.73
2021-02-15 14:00:00,58.97,141.82,98.76,36.58
2021-02-15 15:00:00,54.95,136.3,99.9,35.66
2021-02-15 16:00:00,53.56,132.55,99.9,34.11
2021-02-15 17:00:00,65.0,143.0,99.9,32.27
2021-02-15 18:00:00,87.0,151.0,99.9,29.93
2021-02-15 19:00:00,85.3,159.0,99.9,28.21
2021-02-15 20:00:00,103.36,182.6,99.9,27.19
2021-02-15 21:00:00,136.82,259.87,99.9,26.47
2021-02-15 22:00:00,152.04,277.63,99.9,25.85
2021-02-15 23:00:00,210.73,433.98,99.9,24.9
2021-02-16 00:00:00,192.43,340.4,99.9,24.59
2021-02-16 01:00:00,141.88,302.02,99.9,24.59
2021-02-16 02:00:00,132.0,260.12,99.9,24.2
2021-02-16 03:00:00,130.29,251.0,99.9,23.87
2021-02-16 04:00:00,121.52,222.51,99.9,24.12
2021-02-16 05:00:00,99.37,195.58,99.9,24.25
2021-02-16 06:00:00,95.13,172.28,99.9,23.8
2021-02-16 07:00:00,87.12,159.05,99.9,24.29
2021-02-16 08:00:00,88.12,142.35,99.9,26.22
2021-02-16 09:00:00,67.21,112.14,99.9,30.54
2021-02-16 10:00:00,70.84,142.62,99.9,33.26
2021-02-16 11:00:00,87.9,156.7,99.9,33.87
2021-02-16 12:00:00,74.83,140.09,96.59,34.59
2021-02-16 13:00:00,63.29,122.16,97.88,35.43
2021-02-16 14:00:00,60.0,124.7,99.9,35.5
2021-02-16 15:00:00,54.19,117.86,99.9,34.16
2021-02-16 16:00:00,44.37,98.03,99.9,32.97
2021-02-16 17:00:00,46.66,100.51,99.9,31.14
2021-02-16 18:00:00,49.1,96.3,99.9,28.66
2021-02-16 19:00:00,57.73,99.88,99.9,27.32
2021-02-16 20:00:00,60.95,118.09,99.9,26.84
2021-02-16 21:00:00,59.73,115.49,99.9,26.49
2021-02-16 22:00:00,66.28,122.14,99.9,26.26
2021-02-16 23:00:00,79.52,138.65,99.9,25.46
2021-02-17 00:00:00,90.92,157.47,99.9,24.67
2021-02-17 01:00:00,85.0,136.58,99.9,24.09
2021-02-17 02:00:00,92.52,126.92,99.9,24.1
2021-02-17 03:00:00,110.76,157.74,99.9,23.84
2021-02-17 04:00:00,115.25,168.27,99.9,23.59
2021-02-17 05:00:00,109.32,153.53,99.9,23.37
2021-02-17 06:00:00,104.24,141.86,99.9,23.07
2021-02-17 07:00:00,100.08,153.07,99.9,23.14
2021-02-17 08:00:00,101.87,145.42,99.9,25.41
2021-02-17 09:00:00,81.0,121.77,99.9,30.19
2021-02-17 10:00:00,72.44,134.91,99.9,33.02
2021-02-17 11:00:00,83.07,139.0,97.53,34.79
2021-02-17 12:00:00,84.27,154.47,94.16,35.87
2021-02-17 13:00:00,76.61,165.32,88.41,35.81
2021-02-17 14:00:00,64.77,131.19,95.56,35.84
2021-02-17 15:00:00,50.62,119.75,99.9,34.61
2021-02-17 16:00:00,49.0,102.67,99.9,33.79
2021-02-17 17:00:00,50.37,103.06,99.9,32.65
2021-02-17 18:00:00,62.99,123.53,99.9,30.19
2021-02-17 19:00:00,88.55,145.09,99.9,28.65
2021-02-17 20:00:00,102.37,168.6,99.9,28.14
2021-02-17 21:00:00,124.82,216.92,99.9,27.6
2021-02-17 22:00:00,187.26,382.17,99.9,27.0
2021-02-17 23:00:00,254.84,482.11,99.9,26.58
2021-02-18 00:00:00,282.94,516.52,99.9,26.23
2021-02-18 01:00:00,236.77,443.42,99.9,25.65
2021-02-18 02:00:00,193.89,346.24,99.9,25.06
2021-02-18 03:00:00,193.05,291.38,99.9,24.45
2021-02-18 04:00:00,169.11,263.47,99.9,24.4
2021-02-18 05:00:00,159.0,246.79,99.9,24.54
2021-02-18 06:00:00,167.81,273.3,99.9,24.43
2021-02-18 07:00:00,181.08,302.87,99.9,24.86
2021-02-18 08:00:00,188.97,339.74,99.9,27.04
2021-02-18 09:00:00,188.38,337.2,99.9,30.52
2021-02-18 10:00:00,179.29,304.07,97.8,33.91
2021-02-18 11:00:00,138.4,234.33,87.22,37.05
2021-02-18 12:00:00,106.44,213.49,81.34,37.95
2021-02-18 13:00:00,98.22,185.0,81.73,37.37
2021-02-18 14:00:00,90.0,194.5,89.59,37.2
2021-02-18 15:00:00,94.46,204.0,87.91,37.53
2021-02-18 16:00:00,103.69,191.79,98.35,36.11
2021-02-18 17:00:00,104.66,201.21,99.9,33.71
2021-02-18 18:00:00,105.71,182.84,99.9,31.51
2021-02-18 19:00:00,107.87,173.02,99.9,30.62
2021-02-18 20:00:00,98.97,222.09,99.9,29.08
2021-02-18 21:00:00,96.35692307692308,212.31384615384616,99.67307692307693,29.33153846153846
2021-02-18 22:00:00,93.74384615384615,202.5376923076923,99.44615384615385,29.583076923076923
2021-02-18 23:00:00,91.13076923076923,192.76153846153846,99.21923076923078,29.834615384615383
2021-02-19 00:00:00,88.5176923076923,182.98538461538462,98.99230769230769,30.086153846153845
2021-02-19 01:00:00,85.90461538461538,173.20923076923077,98.76538461538462,30.337692307692308
2021-02-19 02:00:00,83.29153846153847,163.43307692307692,98.53846153846155,30.58923076923077
2021-02-19 03:00:00,80.67846153846153,153.65692307692308,98.31153846153846,30.84076923076923
2021-02-19 04:00:00,78.06538461538462,143.88076923076923,98.08461538461539,31.092307692307692
2021-02-19 05:00:00,75.4523076923077,134.10461538461539,97.85769230769232,31.343846153846155
2021-02-19 06:00:00,72.83923076923077,124.32846153846154,97.63076923076923,31.595384615384617
2021-02-19 07:00:00,70.22615384615385,114.55230769230769,97.40384615384616,31.846923076923076
2021-02-19 08:00:00,67.61307692307693,104.77615384615385,97.17692307692307,32.09846153846154
2021-02-19 09:00:00,65.0,95.0,96.95,32.35
2021-02-19 10:00:00,66.03,116.78,90.44,34.16
2021-02-19 11:00:00,63.52,124.3,82.44,35.94
2021-02-19 12:00:00,50.52,86.5,77.52,37.37
2021-02-19 13:00:00,44.05,80.43,74.88,38.08
2021-02-19 14:00:00,46.97,81.0,70.96,38.8
2021-02-19 15:00:00,45.5,88.3,69.27,38.96
2021-02-19 16:00:00,46.0,77.79,75.36,38.51
2021-02-19 17:00:00,42.9,96.97,99.75,33.6
2021-02-19 18:00:00,37.68,106.07,99.9,31.5
2021-02-19 19:00:00,48.64,109.44,99.9,30.77
2021-02-19 20:00:00,73.15,167.78,99.9,29.69
2021-02-19 21:00:00,91.49,203.71,99.9,28.78
2021-02-19 22:00:00,104.68,208.19,99.9,28.39
2021-02-19 23:00:00,110.13,272.89,99.9,27.96
2021-02-20 00:00:00,115.25,231.84,99.9,27.57
2021-02-20 01:00:00,116.15,192.14,99.9,26.57
2021-02-20 02:00:00,125.93,203.09,99.9,25.43
2021-02-20 03:00:00,118.79,187.47,99.9,24.47
2021-02-20 04:00:00,96.73,128.66,99.9,24.03
2021-02-20 05:00:00,75.83,108.65,99.9,23.53
2021-02-20 06:00:00,69.1,108.62,99.9,23.05
2021-02-20 07:00:00,70.87,110.63,99.9,23.32
2021-02-20 08:00:00,70.0,122.39,97.16,27.27
2021-02-20 09:00:00,61.0,109.59,81.06,33.43
2021-02-20 10:00:00,42.27,98.7,74.14,35.85
2021-02-20 11:00:00,35.49,91.3,70.36,37.02
2021-02-20 12:00:00,26.61,73.72,67.91,37.56
2021-02-20 13:00:00,23.72,71.63,62.39,38.63
2021-02-20 14:00:00,31.0,101.0,59.79,39.8
2021-02-20 15:00:00,35.34,70.99,57.34,39.54
2021-02-20 16:00:00,35.44,63.19,59.11,37.71
2021-02-20 17:00:00,35.39,66.25,62.85,36.06
2021-02-20 18:00:00,41.02,68.63,91.66,32.54
2021-02-20 19:00:00,48.9,96.58,99.9,30.31
2021-02-20 20:00:00,66.2,127.42,94.91,29.57
2021-02-20 21:00:00,71.45,130.56,80.27,30.38
2021-02-20 22:00:00,57.62,80.0,81.94,30.41
2021-02-20 23:00:00,70.38,176.85,90.22,29.2
2021-02-21 00:00:00,95.87,218.47,98.5,27.87
2021-02-21 01:00:00,85.6,182.44,99.9,26.62
2021-02-21 02:00:00,80.66,175.43,99.48,26.71
2021-02-21 03:00:00,79.66,139.5,99.7,26.96
2021-02-21 04:00:00,84.84,129.38,99.9,26.27
2021-02-21 05:00:00,96.0,173.61,99.9,25.98
2021-02-21 06:00:00,95.81,180.75,99.9,25.96
2021-02-21 07:00:00,92.59,153.16,99.9,25.67
2021-02-21 08:00:00,86.28,193.23,99.87,28.3
2021-02-21 09:00:00,76.45,100.0,88.58,33.42
2021-02-21 10:00:00,66.05,130.12,75.11,37.75
2021-02-21 11:00:00,62.77,120.82,70.63,38.64
2021-02-21 12:00:00,47.97,89.03,65.75,39.23
2021-02-21 13:00:00,42.55,87.25,63.58,39.69
2021-02-21 14:00:00,40.13,83.0,61.32,40.39
2021-02-21 15:00:00,44.55,75.67,59.09,41.09
2021-02-21 16:00:00,38.69,67.49,59.25,40.05
2021-02-21 17:00:00,40.34,71.68,62.8,38.33
2021-02-21 18:00:00,45.82,79.51,88.81,34.61
2021-02-21 19:00:00,62.0,119.12,93.81,31.64
2021-02-21 20:00:00,70.72,123.12,89.86,30.9
2021-02-21 21:00:00,80.89,131.77,93.31,30.22
2021-02-21 22:00:00,98.13,184.46,95.6,29.37
2021-02-21 23:00:00,108.75,211.41,99.79,28.64
2021-02-22 00:00:00,112.28,209.32,99.9,27.9
2021-02-22 01:00:00,106.92,189.28,99.9,27.56
2021-02-22 02:00:00,101.3,159.85,99.9,27.12
2021-02-22 03:00:00,100.2,150.75,99.9,26.89
2021-02-22 04:00:00,112.34,189.75,99.9,26.86
2021-02-22 05:00:00,109.9,157.63,99.9,26.65
2021-02-22 06:00:00,107.79,168.35,99.9,26.1
2021-02-22 07:00:00,111.53,161.65,99.9,26.32
2021-02-22 08:00:00,100.49,157.12,99.09,29.43
2021-02-22 09:00:00,93.73,176.28,90.45,34.5
2021-02-22 10:00:00,93.19,168.02,80.26,38.05
2021-02-22 11:00:00,80.14,162.0,77.17,39.53
2021-02-22 12:00:00,73.13,145.78,82.42,38.68
2021-02-22 13:00:00,75.44,131.42,78.77,38.64
2021-02-22 14:00:00,66.04,118.43,70.81,40.45
2021-02-22 15:00:00,62.49,117.62,75.84,40.2
2021-02-22 16:00:00,54.41,137.53,87.36,37.07
2021-02-22 17:00:00,56.24,129.79,92.12,35.05
2021-02-22 18:00:00,51.35,110.72,92.64,33.73
2021-02-22 19:00:00,50.96,103.75,99.17,32.31
2021-02-22 20:00:00,52.12,94.0,99.9,30.83
2021-02-22 21:00:00,60.07,120.73,99.9,30.68
2021-02-22 22:00:00,67.44,114.02,99.9,30.41
2021-02-22 23:00:00,82.61,210.77,99.9,29.45
2021-02-23 00:00:00,95.9,203.18,99.9,28.16
2021-02-23 01:00:00,97.23,219.52,99.9,27.64
2021-02-23 02:00:00,105.44,253.39,99.9,27.24
2021-02-23 03:00:00,95.34,209.71,99.9,26.61
2021-02-23 04:00:00,90.79,172.05,99.9,26.2
2021-02-23 05:00:00,83.41,125.31,99.9,25.97
2021-02-23 06:00:00,101.54,145.2,99.9,25.86
2021-02-23 07:00:00,130.1,261.88,99.9,25.87
2021-02-23 08:00:00,132.9,235.9,99.9,29.06
2021-02-23 09:00:00,130.44,223.37,96.43,33.95
2021-02-23 10:00:00,140.31,281.4,99.48,35.02
2021-02-23 11:00:00,155.72,303.92,96.52,36.57
2021-02-23 12:00:00,160.38,305.0,87.98,37.91
2021-02-23 13:00:00,151.19,286.35,76.99,39.13
2021-02-23 14:00:00,123.15,198.98,70.45,39.94
2021-02-23 15:00:00,93.14,159.72,75.72,39.48
2021-02-23 16:00:00,90.2,190.0,78.38,38.2
2021-02-23 17:00:00,101.31,182.59,85.57,36.67
2021-02-23 18:00:00,94.44,166.83,90.91,34.44
2021-02-23 19:00:00,84.35,139.67,94.09,32.51
2021-02-23 20:00:00,85.0,155.9,87.27,31.54
2021-02-23 21:00:00,91.0,155.32,91.66,30.88
2021-02-23 22:00:00,102.56,184.12,99.27,29.95
2021-02-23 23:00:00,129.31,286.71,99.9,28.84
2021-02-24 00:00:00,198.18,435.53,99.9,28.2
2021-02-24 01:00:00,163.79,301.15,99.9,27.3
2021-02-24 02:00:00,125.0,228.12,99.9,27.15
2021-02-24 03:00:00,145.23,287.32,99.9,26.87
2021-02-24 04:00:00,161.08,331.39,99.9,26.5
2021-02-24 05:00:00,165.0,275.33,99.9,26.22
2021-02-24 06:00:00,171.55,307.39,99.9,25.92
2021-02-24 07:00:00,180.21,341.52,99.9,25.78
2021-02-24 08:00:00,158.76,284.63,99.9,29.03
2021-02-24 09:00:00,122.55,201.87,90.88,34.51
2021-02-24 10:00:00,107.43,176.58,76.63,38.78
2021-02-24 11:00:00,106.83,201.82,67.63,40.98
2021-02-24 12:00:00,98.38,214.68,69.33,40.34
2021-02-24 13:00:00,95.5,186.8,64.86,40.54
2021-02-24 14:00:00,91.39,177.57,59.36,41.44
2021-02-24 15:00:00,90.03,135.63,69.02,40.7
2021-02-24 16:00:00,77.86,173.2,71.71,39.13
2021-02-24 17:00:00,80.5,153.18,69.16,37.81
2021-02-24 18:00:00,71.25,132.21,71.46,35.29
2021-02-24 19:00:00,71.56,139.55,76.14,33.41
2021-02-24 20:00:00,86.17,159.84,79.87,32.04
2021-02-24 21:00:00,105.46,258.09,82.47,31.52
2021-02-24 22:00:00,119.0,237.82,86.77,30.7
2021-02-24 23:00:00,115.82,263.69,94.41,29.59
2021-02-25 00:00:00,127.78,233.93,99.68,28.75
2021-02-25 01:00:00,135.75,278.53,99.65,27.93
2021-02-25 02:00:00,129.19,228.55,99.9,28.03
2021-02-25 03:00:00,113.25,218.05,99.9,27.56
2021-02-25 04:00:00,127.43,270.91,99.9,27.09
2021-02-25 05:00:00,127.53,238.39,99.9,26.27
2021-02-25 06:00:00,115.94,220.71,99.9,26.22
2021-02-25 07:00:00,133.86,270.1,99.9,27.03
2021-02-25 08:00:00,136.0,219.0,97.84,29.43
2021-02-25 09:00:00,127.62,206.83,82.28,34.1
2021-02-25 10:00:00,122.16,206.43,70.3,37.77
2021-02-25 11:00:00,108.96,199.7,64.99,39.85
2021-02-25 12:00:00,106.65,213.47,63.91,40.18
2021-02-25 13:00:00,96.28,194.29,62.31,40.38
2021-02-25 14:00:00,80.53,155.75,69.8,40.66
2021-02-25 15:00:00,85.75,199.1,75.51,39.27
2021-02-25 16:00:00,70.5,163.95,73.7,38.08
2021-02-25 17:00:00,59.1,119.75,79.64,36.63
2021-02-25 18:00:00,51.47,114.48,83.74,34.5
2021-02-25 19:00:00,55.92,133.84,85.53,32.55
2021-02-25 20:00:00,51.65,96.0,88.77,31.76
2021-02-25 21:00:00,52.55,119.52,94.09,30.72
2021-02-25 22:00:00,76.71,249.53,99.67,29.91
2021-02-25 23:00:00,107.0,318.0,99.9,28.75
2021-02-26 00:00:00,99.34,252.53,99.9,27.97
2021-02-26 01:00:00,69.93,155.19,99.9,27.48
2021-02-26 02:00:00,66.97,162.0,99.9,27.07
2021-02-26 03:00:00,99.34,214.89,99.9,26.3
2021-02-26 04:00:00,114.56,231.59,99.9,25.96
2021-02-26 05:00:00,115.62,259.63,99.9,25.34
2021-02-26 06:00:00,105.29,214.11,99.9,24.8
2021-02-26 07:00:00,125.93,237.97,99.9,25.04
2021-02-26 08:00:00,117.65,191.79,99.74,28.73
2021-02-26 09:00:00,74.56,143.16,85.94,33.99
2021-02-26 10:00:00,69.73,143.82,72.49,37.73
2021-02-26 11:00:00,75.08,163.6,62.42,39.37
2021-02-26 12:00:00,62.33,129.69,56.73,39.88
2021-02-26 13:00:00,34.5,89.47,57.5,39.7
2021-02-26 14:00:00,39.0,96.55,54.77,40.89
2021-02-26 15:00:00,37.35,91.89,65.24,40.19
2021-02-26 16:00:00,37.3,102.98,65.27,38.89
2021-02-26 17:00:00,33.22,101.13,60.4,37.24
2021-02-26 18:00:00,25.0,86.21,61.74,34.55
2021-02-26 19:00:00,24.77,89.51,66.76,32.05
2021-02-26 20:00:00,40.85,102.2,81.69,30.16
2021-02-26 21:00:00,68.29,185.5,96.51,28.66
2021-02-26 22:00:00,93.0,215.93,99.9,27.68
2021-02-26 23:00:00,117.61,412.05,99.9,26.89
2021-02-27 00:00:00,168.79,440.78,99.9,25.84
2021-02-27 01:00:00,159.0,425.0,99.9,26.09
2021-02-27 02:00:00,148.25,328.0,99.9,25.45
2021-02-27 03:00:00,130.885,276.0,99.9,24.13
2021-02-27 04:00:00,113.52,224.0,99.9,24.03
2021-02-27 05:00:00,112.2,229.0,99.9,24.05
2021-02-27 06:00:00,108.0,214.82,99.9,23.66
2021-02-27 07:00:00,99.5,190.91,99.9,27.33
2021-02-27 08:00:00,91.0,167.0,99.9,31.0
2021-02-27 09:00:00,52.0,123.0,82.71,35.29
2021-02-27 10:00:00,54.43,108.4,75.52,37.64
2021-02-27 11:00:00,59.2,135.01,66.93,39.68
2021-02-27 12:00:00,64.55,166.25,66.26,40.3
2021-02-27 13:00:00,69.85,150.94,61.11,40.7
2021-02-27 14:00:00,66.08,112.0,88.87,40.0
2021-02-27 15:00:00,64.75,136.25,86.98,39.64
2021-02-27 16:00:00,52.8,129.05,74.03,39.33
2021-02-27 17:00:00,46.78,123.43,74.83,38.49
2021-02-27 18:00:00,47.48,121.58,82.77,35.92
2021-02-27 19:00:00,52.5,152.53,90.81,32.96
2021-02-27 20:00:00,68.78,188.0,89.47,32.12
2021-02-27 21:00:00,112.85,340.77,98.25,31.12
2021-02-27 22:00:00,173.19,443.51,99.9,29.99
2021-02-27 23:00:00,146.49,445.26,99.74,29.2
2021-02-28 00:00:00,127.5,347.43,99.9,28.01
2021-02-28 01:00:00,127.85,339.6,99.9,27.73
2021-02-28 02:00:00,145.4,356.77,99.9,27.19
2021-02-28 03:00:00,133.26,340.53,99.9,26.04
2021-02-28 04:00:00,124.05,307.71,99.9,25.09
2021-02-28 05:00:00,108.14,201.0,99.9,24.77
2021-02-28 06:00:00,96.83,163.51,99.9,24.9
2021-02-28 07:00:00,93.7,174.28,99.9,25.58
2021-02-28 08:00:00,88.86500000000001,168.652,96.563,26.903
2021-02-28 09:00:00,84.03,163.024,93.226,28.226
2021-02-28 10:00:00,79.19500000000001,157.39600000000002,89.88900000000001,29.549
2021-02-28 11:00:00,74.36,151.768,86.552,30.872
2021-02-28 12:00:00,69.525,146.14,83.215,32.195
2021-02-28 13:00:00,64.69,140.512,79.878,33.518
2021-02-28 14:00:00,59.855000000000004,134.88400000000001,76.541,34.841
2021-02-28 15:00:00,55.02,129.256,73.20400000000001,36.164
2021-02-28 16:00:00,50.185,123.628,69.867,37.487
2021-02-28 17:00:00,45.35,118.0,66.53,38.81
2021-02-28 18:00:00,43.2,104.21,71.66,36.6
2021-02-28 19:00:00,44.0,105.04,73.65,33.85
2021-02-28 20:00:00,49.21,97.11,77.67,32.78
2021-02-28 21:00:00,71.0,148.35,84.37,31.25
2021-02-28 22:00:00,84.73,124.62,85.92,30.5
2021-02-28 23:00:00,90.08,175.01,91.42,29.79
2021-03-01 00:00:00,92.61,175.56,91.43,29.39
2021-03-01 01:00:00,88.61,131.43,97.83,29.8
2021-03-01 02:00:00,87.72,147.25,99.9,29.21
2021-03-01 03:00:00,87.53,170.84,98.36,28.25
2021-03-01 04:00:00,75.1,128.93,95.3,28.22
2021-03-01 05:00:00,65.75,101.82,95.64,28.43
2021-03-01 06:00:00,77.05,128.45,99.53,27.71
2021-03-01 07:00:00,89.57,144.28,99.9,27.8
2021-03-01 08:00:00,87.78,144.39,93.98,30.91
2021-03-01 09:00:00,94.04,174.01,79.08,35.79
2021-03-01 10:00:00,85.58,168.67,70.88,39.34
2021-03-01 11:00:00,68.2,177.97,61.58,41.81
2021-03-01 12:00:00,66.93,118.0,51.94,43.7
2021-03-01 13:00:00,50.78,102.59,51.7,43.86
2021-03-01 14:00:00,51.14,111.12,62.44,43.14
2021-03-01 15:00:00,49.29,149.57,69.04,41.66
2021-03-01 16:00:00,58.8,142.64,67.19,40.75
2021-03-01 17:00:00,52.73,130.11,72.83,39.24
2021-03-01 18:00:00,57.04,137.7,80.86,36.79
2021-03-01 19:00:00,63.52,148.01,90.59,34.17
2021-03-01 20:00:00,81.03,173.21,97.25,32.83
2021-03-01 21:00:00,99.75,277.43,93.27,31.46
2021-03-01 22:00:00,95.02,191.07,96.46,31.12
2021-03-01 23:00:00,78.96,155.3,97.86,31.23
2021-03-02 00:00:00,78.05,177.97,99.79,30.23
2021-03-02 01:00:00,78.61,183.19,95.86,30.19
2021-03-02 02:00:00,76.35,169.29,99.84,29.94
2021-03-02 03:00:00,89.83,230.67,99.9,28.86
2021-03-02 04:00:00,108.4,288.03,99.9,27.62
2021-03-02 05:00:00,103.0,231.0,99.9,27.0
2021-03-02 06:00:00,112.55,244.74,99.9,26.82
2021-03-02 07:00:00,119.96,258.51,99.9,27.35
2021-03-02 08:00:00,116.25,254.53,92.53,31.45
2021-03-02 09:00:00,104.6,219.86,72.79,37.25
2021-03-02 10:00:00,87.6,212.0,57.44,40.72
2021-03-02 11:00:00,77.65,174.01,43.54,42.76
2021-03-02 12:00:00,56.71,120.31,35.48,44.09
2021-03-02 13:00:00,35.36,87.41,30.82,44.56
2021-03-02 14:00:00,26.0,70.68,49.52,42.29
2021-03-02 15:00:00,29.95,106.8,45.72,41.79
2021-03-02 16:00:00,30.5,104.68,50.56,40.98
2021-03-02 17:00:00,29.53,97.96,42.51,40.0
2021-03-02 18:00:00,23.35,104.28,44.16,36.98
2021-03-02 19:00:00,24.7,103.58,48.56,34.61
2021-03-02 20:00:00,35.38,90.88,58.72,32.5
2021-03-02 21:00:00,77.31,202.78,66.33,30.96
2021-03-02 22:00:00,167.5,404.0,72.48,29.31
2021-03-02 23:00:00,189.43,298.47,76.37,28.59
2021-03-03 00:00:00,138.25,272.19,74.44,27.99
2021-03-03 01:00:00,122.7,227.54,83.19,27.87
2021-03-03 02:00:00,136.95,261.46,84.68,27.29
2021-03-03 03:00:00,173.6,326.97,85.14,26.89
2021-03-03 04:00:00,207.15,384.0,82.3,26.27
2021-03-03 05:00:00,194.4,278.92,77.06,26.39
2021-03-03 06:00:00,131.5,198.22,83.26,25.57
2021-03-03 07:00:00,138.19,212.13,87.9,25.45
2021-03-03 08:00:00,143.56,218.49,77.02,30.04
2021-03-03 09:00:00,108.5,189.32,67.98,34.92
2021-03-03 10:00:00,107.92,224.22,59.94,38.39
2021-03-03 11:00:00,105.4,220.26,52.31,41.56
2021-03-03 12:00:00,107.88,210.53,52.13,42.45
2021-03-03 13:00:00,95.0,213.86,50.23,42.52
2021-03-03 14:00:00,78.88,172.31,43.09,43.62
2021-03-03 15:00:00,57.72,128.97,37.3,43.87
2021-03-03 16:00:00,32.85,83.82,56.84,43.03
2021-03-03 17:00:00,53.2,152.6,74.21,39.71
2021-03-03 18:00:00,83.9,201.0,92.55,35.87
2021-03-03 19:00:00,97.0,247.88,99.9,32.92
2021-03-03 20:00:00,105.69,259.0,99.9,31.45
2021-03-03 21:00:00,108.05,255.78,99.9,30.47
2021-03-03 22:00:00,116.3,273.55,99.9,29.78
2021-03-03 23:00:00,132.86,284.0,99.9,29.35
2021-03-04 00:00:00,149.35,406.44,99.9,28.08
2021-03-04 01:00:00,168.9,402.12,99.9,27.35
2021-03-04 02:00:00,176.85,397.23,99.9,26.84
2021-03-04 03:00:00,167.0,365.78,99.9,26.37
2021-03-04 04:00:00,164.05,332.19,99.9,25.8
2021-03-04 05:00:00,167.4,327.61,99.9,25.57
2021-03-04 06:00:00,175.0,319.92,99.9,26.45
2021-03-04 07:00:00,178.2,278.53,99.84,27.79
2021-03-04 08:00:00,148.39,308.61,91.53,31.44
2021-03-04 09:00:00,140.0,292.99,66.15,36.55
2021-03-04 10:00:00,111.64,195.66,52.41,39.99
2021-03-04 11:00:00,75.15,160.26,45.17,42.66
2021-03-04 12:00:00,76.05,157.0,41.77,44.19
2021-03-04 13:00:00,76.3,144.11,39.24,44.56
2021-03-04 14:00:00,51.1,127.26,49.59,43.48
2021-03-04 15:00:00,65.5,166.84,59.59,41.02
2021-03-04 16:00:00,65.0,136.42000000000002,46.52,40.55
2021-03-04 17:00:00,49.14,106.0,48.61,39.58
2021-03-04 18:00:00,42.45,106.81,56.19,37.36
2021-03-04 19:00:00,55.05,142.76,66.66,34.84
2021-03-04 20:00:00,89.95,200.49,74.69,32.97
2021-03-04 21:00:00,142.5,400.72,81.83,31.75
2021-03-04 22:00:00,171.65,492.0,88.32,29.98
2021-03-04 23:00:00,198.6,445.28,94.42,28.88
2021-03-05 00:00:00,195.9,525.65,99.77,27.61
2021-03-05 01:00:00,181.08,425.36,99.9,26.98
2021-03-05 02:00:00,189.55,421.18,99.9,27.14
2021-03-05 03:00:00,195.92,417.0,99.9,26.15
2021-03-05 04:00:00,191.2,436.4,99.9,25.59
2021-03-05 05:00:00,190.1,393.94,99.9,25.59
2021-03-05 06:00:00,201.7,348.64,99.9,24.98
2021-03-05 07:00:00,236.5,456.17,99.86,25.78
2021-03-05 08:00:00,246.5,496.69,81.85,30.31
2021-03-05 09:00:00,202.31,303.44,61.41,35.29
2021-03-05 10:00:00,140.55,237.34,47.16,39.65
2021-03-05 11:00:00,102.65,174.8,48.12,42.46
2021-03-05 12:00:00,112.8,223.03,55.17,41.52
2021-03-05 13:00:00,146.2,255.78,45.66,41.85
2021-03-05 14:00:00,98.45,184.02,61.22,41.68
2021-03-05 15:00:00,88.6,211.17,62.21,40.46
2021-03-05 16:00:00,72.7,143.0,58.72,40.16
2021-03-05 17:00:00,45.2,122.86,72.27,38.57
2021-03-05 18:00:00,43.15,127.7,79.32,35.65
2021-03-05 19:00:00,52.85,157.48,95.08,33.09
2021-03-05 20:00:00,66.3,189.78,99.9,31.86
2021-03-05 21:00:00,74.12,172.56,99.9,30.9
2021-03-05 22:00:00,70.15,175.06,99.9,30.16
2021-03-05 23:00:00,88.5,197.94,99.9,29.36
2021-03-06 00:00:00,132.3,350.42,99.9,28.64
2021-03-06 01:00:00,157.05,410.17,99.9,28.22
2021-03-06 02:00:00,122.5,224.43,99.9,28.19
2021-03-06 03:00:00,109.65,262.26,99.9,27.98
2021-03-06 04:00:00,129.7,216.75,99.9,27.84
2021-03-06 05:00:00,126.5,218.72,99.9,27.7
2021-03-06 06:00:00,106.6,197.22,99.9,27.48
2021-03-06 07:00:00,134.55,193.42,99.9,27.51
2021-03-06 08:00:00,154.2,301.94,99.9,30.68
2021-03-06 09:00:00,155.4,261.72,99.9,34.67
2021-03-06 10:00:00,109.55,181.33,99.9,34.89
2021-03-06 11:00:00,72.3,145.86,99.9,35.89
2021-03-06 12:00:00,74.82,178.86,96.53,38.2
2021-03-06 13:00:00,85.5,187.0,93.97,39.62
2021-03-06 14:00:00,94.1,193.47,99.9,39.12
2021-03-06 15:00:00,92.05,182.95,99.33,38.54
2021-03-06 16:00:00,79.25,158.25,93.71,38.02
2021-03-06 17:00:00,67.6,141.68,99.17,36.33
2021-03-06 18:00:00,53.4,145.44,99.9,33.5
2021-03-06 19:00:00,57.05,146.19,99.9,31.38
2021-03-06 20:00:00,62.5,175.81,99.9,30.59
2021-03-06 21:00:00,67.95,163.67,99.9,29.56
2021-03-06 22:00:00,81.17,217.81,99.9,28.74
2021-03-06 23:00:00,104.45,312.56,99.9,27.82
2021-03-07 00:00:00,101.75,359.39,99.9,27.48
2021-03-07 01:00:00,117.35,316.86,99.9,26.72
2021-03-07 02:00:00,103.23,264.72,99.9,26.12
2021-03-07 03:00:00,98.6,251.78,99.9,25.86
2021-03-07 04:00:00,93.2,202.67,99.9,25.12
2021-03-07 05:00:00,90.47,178.11,99.9,24.78
2021-03-07 06:00:00,99.55,238.05,99.9,24.38
2021-03-07 07:00:00,113.6,224.81,99.9,24.85
2021-03-07 08:00:00,133.1,286.47,99.9,29.26
2021-03-07 09:00:00,144.4,266.07,99.47,34.34
2021-03-07 10:00:00,108.35,221.65,73.22,37.91
2021-03-07 11:00:00,74.25,207.34,52.17,40.95
2021-03-07 12:00:00,54.5,169.7,46.89,41.09
2021-03-07 13:00:00,44.5,299.56,44.61,41.17
2021-03-07 14:00:00,35.74,177.78,43.85,41.42
2021-03-07 15:00:00,26.3,73.36,43.26,40.95
2021-03-07 16:00:00,23.25,68.77,42.16,40.23
2021-03-07 17:00:00,21.4,65.58,48.69,38.83
2021-03-07 18:00:00,24.35,65.0,57.76,35.65
2021-03-07 19:00:00,26.41,72.34,62.2,32.58
2021-03-07 20:00:00,35.35,94.75,70.5,31.07
2021-03-07 21:00:00,74.65,192.12,77.22,29.75
2021-03-07 22:00:00,148.5,301.19,80.9,28.37
2021-03-07 23:00:00,168.9,334.89,82.98,27.44
2021-03-08 00:00:00,156.53,270.33,84.29,26.92
2021-03-08 01:00:00,132.0,192.89,92.65,26.43
2021-03-08 02:00:00,109.65,215.43,93.81,25.92
2021-03-08 03:00:00,128.65,204.13,93.18,25.58
2021-03-08 04:00:00,112.77,187.53,92.73,25.63
2021-03-08 05:00:00,106.85,176.14,96.21,25.22
2021-03-08 06:00:00,126.0,208.64,99.75,24.7
2021-03-08 07:00:00,153.5,278.22,99.34,25.35
2021-03-08 08:00:00,149.12,336.5,78.24,30.17
2021-03-08 09:00:00,107.01,213.16,61.52,35.6
2021-03-08 10:00:00,77.7,131.21,56.18,38.21
2021-03-08 11:00:00,90.5,144.08,50.45,40.59
2021-03-08 12:00:00,74.59,245.62,50.13,42.25
2021-03-08 13:00:00,66.05,150.19,46.66,43.27
2021-03-08 14:00:00,52.18,111.33,46.56,42.97
2021-03-08 15:00:00,42.41,92.08,50.75,41.88
2021-03-08 16:00:00,31.53,81.22,59.72,40.44
2021-03-08 17:00:00,26.65,73.79,68.56,38.89
2021-03-08 18:00:00,27.75,72.19,85.47,35.61
2021-03-08 19:00:00,41.15,109.0,98.55,32.75
2021-03-08 20:00:00,60.0,171.83,99.9,31.23
2021-03-08 21:00:00,69.4,201.06,99.9,30.06
2021-03-08 22:00:00,123.93,410.58,99.9,28.96
2021-03-08 23:00:00,159.2,462.22,99.9,28.43
2021-03-09 00:00:00,166.5,499.25,99.9,27.67
2021-03-09 01:00:00,165.3,447.58,99.9,26.9
2021-03-09 02:00:00,165.64,446.69,99.9,26.61
2021-03-09 03:00:00,164.59,417.78,99.9,26.46
2021-03-09 04:00:00,137.95,333.47,99.9,26.34
2021-03-09 05:00:00,100.5,215.11,99.9,26.07
2021-03-09 06:00:00,82.8,150.78,99.9,25.95
2021-03-09 07:00:00,79.6,162.14,99.9,26.04
2021-03-09 08:00:00,96.35,187.14,99.9,29.65
2021-03-09 09:00:00,87.88,167.03,93.1,33.62
2021-03-09 10:00:00,79.5,165.03,74.84,37.37
2021-03-09 11:00:00,74.28,151.0,62.62,39.74
2021-03-09 12:00:00,66.65,154.06,49.76,41.17
2021-03-09 13:00:00,57.82,132.64,45.4,41.41
2021-03-09 14:00:00,52.5,114.86,49.84,42.66
2021-03-09 15:00:00,47.53,126.27,67.25,41.16
2021-03-09 16:00:00,56.26,137.81,63.08,40.26
2021-03-09 17:00:00,54.06,141.59,66.0,39.18
2021-03-09 18:00:00,56.0,146.88,71.64,36.83
2021-03-09 19:00:00,62.35,151.24,86.68,33.81
2021-03-09 20:00:00,83.17,251.89,87.66,32.09
2021-03-09 21:00:00,104.27,251.24,83.71,31.49
2021-03-09 22:00:00,108.15,191.03,83.39,31.34
2021-03-09 23:00:00,106.0,182.03,87.75,30.58
2021-03-10 00:00:00,112.77,180.0,93.71,29.58
2021-03-10 01:00:00,110.598,179.4,90.823,30.541999999999998
2021-03-10 02:00:00,108.426,178.8,87.93599999999999,31.503999999999998
2021-03-10 03:00:00,106.25399999999999,178.2,85.04899999999999,32.466
2021-03-10 04:00:00,104.082,177.6,82.16199999999999,33.428
2021-03-10 05:00:00,101.91,177.0,79.275,34.39
2021-03-10 06:00:00,99.738,176.4,76.388,35.352000000000004
2021-03-10 07:00:00,97.566,175.8,73.501,36.314
2021-03-10 08:00:00,95.394,175.2,70.614,37.276
2021-03-10 09:00:00,93.222,174.6,67.727,38.238
2021-03-10 10:00:00,91.05,174.0,64.84,39.2
2021-03-10 11:00:00,82.1,169.17,63.05,40.39
2021-03-10 12:00:00,84.0,181.69,56.17,41.42
2021-03-10 13:00:00,73.95,160.83,50.76,42.41
2021-03-10 14:00:00,57.36,136.47,66.83,41.79
2021-03-10 15:00:00,52.05,147.26,84.16,39.94
2021-03-10 16:00:00,52.6,125.31,81.77,38.86
2021-03-10 17:00:00,50.7,120.61,77.28,38.04
2021-03-10 18:00:00,53.41,121.81,78.91,35.23
2021-03-10 19:00:00,56.0,143.6,90.27,33.04
2021-03-10 20:00:00,72.8,192.35,90.16,31.8
2021-03-10 21:00:00,113.5,235.22,93.69,31.26
2021-03-10 22:00:00,129.65,352.98,97.14,30.13
2021-03-10 23:00:00,139.88,344.56,99.63,29.37
2021-03-11 00:00:00,144.05,436.35,99.9,28.62
2021-03-11 01:00:00,157.59,387.69,99.9,28.02
2021-03-11 02:00:00,152.6,356.34,99.9,27.36
2021-03-11 03:00:00,136.0,247.03,99.9,27.52
2021-03-11 04:00:00,118.06,241.0,99.9,27.39
2021-03-11 05:00:00,112.91,237.79,99.9,26.48
2021-03-11 06:00:00,131.88,277.14,99.9,26.2
2021-03-11 07:00:00,130.53,258.88,99.9,26.48
2021-03-11 08:00:00,110.0,186.97,99.51,30.27
2021-03-11 09:00:00,90.0,157.35,82.88,34.9
2021-03-11 10:00:00,90.7,177.0,84.83,36.93
2021-03-11 11:00:00,89.9,183.42,66.61,38.09
2021-03-11 12:00:00,74.1,151.09,84.6,38.47
2021-03-11 13:00:00,48.47,131.4,94.37,38.46
2021-03-11 14:00:00,38.15,108.72,84.28,37.96
2021-03-11 15:00:00,29.23,90.96,82.24,38.37
2021-03-11 16:00:00,29.53,79.17,74.38,37.95
2021-03-11 17:00:00,34.94,87.44,84.04,36.45
2021-03-11 18:00:00,31.95,93.66,84.23,33.7
2021-03-11 19:00:00,33.88,96.8,99.16,31.23
2021-03-11 20:00:00,40.3,100.21,99.9,29.98
2021-03-11 21:00:00,42.17,112.24,99.9,29.21
2021-03-11 22:00:00,50.82,119.02,99.9,28.64
2021-03-11 23:00:00,123.2,258.88,99.9,28.12
2021-03-12 00:00:00,232.6,312.2,99.9,27.5
2021-03-12 01:00:00,208.59,349.92,99.9,27.24
2021-03-12 02:00:00,177.49,284.14,99.9,26.82
2021-03-12 03:00:00,103.59,247.23,99.9,26.73
2021-03-12 04:00:00,93.65,185.4,99.9,25.8
2021-03-12 05:00:00,73.3,124.0,99.9,25.19
2021-03-12 06:00:00,71.58,162.67,99.9,25.03
2021-03-12 07:00:00,94.88,205.0,99.9,25.88
2021-03-12 08:00:00,92.2,216.33,99.9,30.32
2021-03-12 09:00:00,71.18,122.0,96.49,34.81
2021-03-12 10:00:00,75.88,179.8,77.33,37.66
2021-03-12 11:00:00,89.06,173.41,60.64,39.83
2021-03-12 12:00:00,65.89,144.69,47.61,40.6
2021-03-12 13:00:00,46.47,104.07,49.15,40.38
2021-03-12 14:00:00,35.77,97.4,50.62,40.84
2021-03-12 15:00:00,32.59,101.41,79.14,40.0
2021-03-12 16:00:00,41.0,108.0,80.03,39.8
2021-03-12 17:00:00,53.0,101.58,75.71,37.77
2021-03-12 18:00:00,48.06,108.83,86.09,35.42
2021-03-12 19:00:00,38.65,114.21,81.92,33.23
2021-03-12 20:00:00,37.65,115.0,83.48,31.64
2021-03-12 21:00:00,43.0,140.0,88.43,30.35
2021-03-12 22:00:00,62.12,176.93,89.13,29.67
2021-03-12 23:00:00,70.35,216.5,85.52,29.52
2021-03-13 00:00:00,67.5,150.4,88.84,29.74
2021-03-13 01:00:00,75.23,148.06,94.57,29.57
2021-03-13 02:00:00,78.75,175.01,99.9,29.3
2021-03-13 03:00:00,92.41,168.32,99.9,28.09
2021-03-13 04:00:00,99.95,183.14,99.9,27.18
2021-03-13 05:00:00,102.3,188.0,99.9,27.62
2021-03-13 06:00:00,91.77,181.58,99.9,27.2
2021-03-13 07:00:00,100.29,217.86,99.9,27.45
2021-03-13 08:00:00,104.71,239.84,99.81,30.61
2021-03-13 09:00:00,92.0,205.27,82.16,35.18
2021-03-13 10:00:00,90.77,199.21,65.2,39.42
2021-03-13 11:00:00,88.51,196.79,51.21,41.75
2021-03-13 12:00:00,61.35,143.2,45.15,43.69
2021-03-13 13:00:00,47.59,114.75,41.55,44.41
2021-03-13 14:00:00,39.71,102.97,38.71,44.73
2021-03-13 15:00:00,27.88,72.9,40.24,45.24
2021-03-13 16:00:00,33.88,90.22,64.09,41.35
2021-03-13 17:00:00,56.94,169.42,65.35,38.3
2021-03-13 18:00:00,62.5,179.36,73.37,35.73
2021-03-13 19:00:00,62.17,171.58,79.29,33.62
2021-03-13 20:00:00,64.09,170.81,82.81,32.56
2021-03-13 21:00:00,57.89,170.2,84.88,31.61
2021-03-13 22:00:00,76.12,171.6,83.32,31.12
2021-03-13 23:00:00,80.35,173.6,83.15,30.61
2021-03-14 00:00:00,77.83,173.2,84.49,29.79
2021-03-14 01:00:00,80.18,186.65,92.19,29.72
2021-03-14 02:00:00,90.06,190.0,98.52,28.41
2021-03-14 03:00:00,84.5,204.0,99.9,28.16
2021-03-14 04:00:00,96.47,283.75,99.9,27.73
2021-03-14 05:00:00,116.23,332.4,99.9,27.3
2021-03-14 06:00:00,120.47,332.0,99.9,27.24
2021-03-14 07:00:00,116.47,287.67,99.33,28.17
2021-03-14 08:00:00,115.7,244.28,86.3,31.28
2021-03-14 09:00:00,105.59,202.28,67.12,36.04
2021-03-14 10:00:00,96.18,181.16,58.9,38.77
2021-03-14 11:00:00,79.17,166.76,57.02,40.1
2021-03-14 12:00:00,69.76,164.8,54.15,41.54
2021-03-14 13:00:00,64.47,169.01,54.41,41.53
2021-03-14 14:00:00,65.62,145.2,67.25,41.27
2021-03-14 15:00:00,60.76,172.6,66.72,40.53
2021-03-14 16:00:00,70.06,179.4,58.15,40.33
2021-03-14 17:00:00,60.65,155.8,62.01,38.69
2021-03-14 18:00:00,56.47,143.58,69.36,36.31
2021-03-14 19:00:00,54.27,163.8,78.56,34.3
2021-03-14 20:00:00,82.98,229.38,84.64,32.96
2021-03-14 21:00:00,140.0,413.0,91.56,31.67
2021-03-14 22:00:00,156.53,424.24,92.36,30.9
2021-03-14 23:00:00,139.65,365.8,91.13,30.11
2021-03-15 00:00:00,121.59,322.6,98.0,29.39
2021-03-15 01:00:00,130.35,313.14,99.9,28.85
2021-03-15 02:00:00,125.67,255.8,99.9,28.19
2021-03-15 03:00:00,113.53,247.62,99.9,27.36
2021-03-15 04:00:00,111.76,242.6,99.9,27.63
2021-03-15 05:00:00,124.22,289.17,99.9,27.49
2021-03-15 06:00:00,124.53,298.59,99.9,27.12
2021-03-15 07:00:00,136.0,295.59,99.9,27.27
2021-03-15 08:00:00,162.52,341.56,99.81,31.32
2021-03-15 09:00:00,192.13,485.46,98.02,34.85
2021-03-15 10:00:00,138.12,318.0,84.4,36.72
2021-03-15 11:00:00,99.47,247.93,55.62,40.55
2021-03-15 12:00:00,84.47,228.55,50.52,42.66
2021-03-15 13:00:00,83.71,204.0,49.28,41.95
2021-03-15 14:00:00,73.65,141.03,59.34,41.81
2021-03-15 15:00:00,68.77,186.0,60.35,41.11
2021-03-15 16:00:00,62.42,188.4,59.67,40.3
2021-03-15 17:00:00,61.83,165.72,59.41,39.25
2021-03-15 18:00:00,53.88,143.2,56.48,37.01
2021-03-15 19:00:00,45.77,143.82,61.86,34.68
2021-03-15 20:00:00,48.58,146.6,64.38,33.27
2021-03-15 21:00:00,75.41,244.6,63.83,32.36
2021-03-15 22:00:00,76.56,189.0,64.23,31.45
2021-03-15 23:00:00,60.35,148.93,69.75,30.51
2021-03-16 00:00:00,73.41,176.8,74.58,29.55
2021-03-16 01:00:00,85.54,204.8,83.53,28.77
2021-03-16 02:00:00,117.13,309.2,88.08,28.35
2021-03-16 03:00:00,131.5,386.0,88.7,27.57
2021-03-16 04:00:00,118.94,236.68,91.36,27.06
2021-03-16 05:00:00,123.75,300.0,92.65,27.17
2021-03-16 06:00:00,132.8,297.0,92.04,26.9
2021-03-16 07:00:00,145.0,342.8,92.82,27.22
2021-03-16 08:00:00,143.8,392.8,79.91,30.99
2021-03-16 09:00:00,110.06,299.25,61.4,36.8
2021-03-16 10:00:00,106.31,243.5,55.77,39.5
2021-03-16 11:00:00,77.5,183.82,49.88,41.29
2021-03-16 12:00:00,52.95,167.79,42.53,42.88
2021-03-16 13:00:00,39.51,151.8,41.77,42.77
2021-03-16 14:00:00,34.64,128.73,50.31,42.52
2021-03-16 15:00:00,42.89,144.8,66.09,40.72
2021-03-16 16:00:00,60.77,180.0,61.32,39.89
2021-03-16 17:00:00,57.35,175.18,60.01,39.12
2021-03-16 18:00:00,47.84,165.0,64.92,36.81
2021-03-16 19:00:00,53.7,172.6,69.1,34.36
2021-03-16 20:00:00,53.23,161.0,72.8,33.37
2021-03-16 21:00:00,68.49,233.8,74.36,32.21
2021-03-16 22:00:00,103.78,311.35,73.77,30.95
2021-03-16 23:00:00,98.0,230.38,74.87,30.3
2021-03-17 00:00:00,87.58,234.6,87.5,29.78
2021-03-17 01:00:00,90.66,237.6,91.9,29.09
2021-03-17 02:00:00,102.94,259.72,98.31,28.96
2021-03-17 03:00:00,80.05,193.0,99.9,28.28
2021-03-17 04:00:00,79.84,238.82,99.9,28.0
2021-03-17 05:00:00,90.0,229.68,99.9,27.57
2021-03-17 06:00:00,85.44,243.1,99.9,27.43
2021-03-17 07:00:00,102.7,268.68,99.9,28.24
2021-03-17 08:00:00,105.07,249.0,92.86,31.32
2021-03-17 09:00:00,95.67,170.6,76.1,36.05
2021-03-17 10:00:00,79.5,209.5,65.49,39.24
2021-03-17 11:00:00,86.63,202.73,57.59,41.4
2021-03-17 12:00:00,80.42,213.2,50.34,42.73
2021-03-17 13:00:00,56.69,184.91,43.88,44.36
2021-03-17 14:00:00,46.77,151.34,51.13,43.66
2021-03-17 15:00:00,45.52,157.03,68.77,41.51
2021-03-17 16:00:00,50.36,176.41,70.4,39.73
2021-03-17 17:00:00,52.25,178.0,65.66,38.67
2021-03-17 18:00:00,57.33,178.0,73.66,36.52
2021-03-17 19:00:00,66.88,185.5,82.05,34.54
2021-03-17 20:00:00,82.62,238.68,85.03,33.52
2021-03-17 21:00:00,104.0,262.82,82.74,33.03
2021-03-17 22:00:00,117.0,223.18,83.2,32.34
2021-03-17 23:00:00,91.27,204.38,91.31,31.61
2021-03-18 00:00:00,108.5,259.0,99.9,30.64
2021-03-18 01:00:00,120.52,261.5,99.9,29.83
2021-03-18 02:00:00,135.69,314.86,99.9,28.93
2021-03-18 03:00:00,140.5,315.16,99.9,28.56
2021-03-18 04:00:00,136.25,332.89,99.9,28.62
2021-03-18 05:00:00,135.73,330.35,99.9,28.29
2021-03-18 06:00:00,117.0,271.4,99.9,28.08
2021-03-18 07:00:00,107.59,249.8,99.77,28.8
2021-03-18 08:00:00,117.8,257.6,91.19,32.29
2021-03-18 09:00:00,102.0,254.4,88.7,35.51
2021-03-18 10:00:00,92.0,227.0,84.0,36.99
2021-03-18 11:00:00,86.51,217.92,65.69,38.7
2021-03-18 12:00:00,69.2,200.6,64.07,39.56
2021-03-18 13:00:00,66.5,185.0,58.3,41.06
2021-03-18 14:00:00,56.59,170.0,87.98,39.84
2021-03-18 15:00:00,53.58,170.61,89.16,39.44
2021-03-18 16:00:00,98.22,180.6,87.1,38.39
2021-03-18 17:00:00,160.0,178.0,83.63,37.39
2021-03-18 18:00:00,105.5,152.0,92.84,34.42
2021-03-18 19:00:00,70.05,142.4,99.9,32.1
2021-03-18 20:00:00,59.0,136.37,99.9,31.31
2021-03-18 21:00:00,76.0,193.2,99.9,30.78
2021-03-18 22:00:00,116.5,330.0,99.9,30.1
2021-03-18 23:00:00,131.76,364.4,99.9,29.3
2021-03-19 00:00:00,102.69,307.01,99.9,28.84
2021-03-19 01:00:00,111.5,336.94,99.9,28.28
2021-03-19 02:00:00,113.5,290.0,99.9,27.94
2021-03-19 03:00:00,109.41,270.2,99.9,27.97
2021-03-19 04:00:00,87.04,235.32,99.9,27.35
2021-03-19 05:00:00,74.0,203.0,99.9,26.81
2021-03-19 06:00:00,77.0,150.02,99.9,26.62
2021-03-19 07:00:00,80.91,221.8,99.9,26.75
2021-03-19 08:00:00,86.22,228.6,99.9,29.46
2021-03-19 09:00:00,93.77,223.4,92.97,34.46
2021-03-19 10:00:00,118.36,235.0,79.37,37.08
2021-03-19 11:00:00,81.11,224.0,68.33,38.25
2021-03-19 12:00:00,64.35,197.6,58.61,39.93
2021-03-19 13:00:00,60.22,182.0,71.42,40.13
2021-03-19 14:00:00,51.0,211.0,80.01,39.12
2021-03-19 15:00:00,46.08,183.8,72.02,39.15
2021-03-19 16:00:00,45.085,162.6,67.88,38.87
2021-03-19 17:00:00,44.09,151.2,56.76,37.81
2021-03-19 18:00:00,37.0,134.8,65.57,35.04
2021-03-19 19:00:00,46.29,156.6,82.29,32.18
2021-03-19 20:00:00,60.0,173.37,97.53,30.9
2021-03-19 21:00:00,76.07,192.8,99.9,29.88
2021-03-19 22:00:00,82.62,321.37,99.9,29.19
2021-03-19 23:00:00,86.41,295.0,99.9,27.9
2021-03-20 00:00:00,74.8,251.95,99.9,27.32
2021-03-20 01:00:00,78.17,252.16,99.9,27.31
2021-03-20 02:00:00,94.64,291.6,99.9,26.92
2021-03-20 03:00:00,91.16,281.6,99.9,26.74
2021-03-20 04:00:00,84.0,273.0,99.9,26.6
2021-03-20 05:00:00,69.2,181.8,99.9,26.19
2021-03-20 06:00:00,43.87,156.6,99.9,25.84
2021-03-20 07:00:00,46.641999999999996,148.87,99.9,26.19
2021-03-20 08:00:00,49.413999999999994,166.59,99.9,29.52
2021-03-20 09:00:00,52.18599999999999,180.2,99.9,33.25
2021-03-20 10:00:00,54.958,180.8,94.47,36.07
2021-03-20 11:00:00,57.73,190.83,89.84,36.44
2021-03-20 12:00:00,58.05,222.6,71.28,37.66
2021-03-20 13:00:00,50.29,194.12,72.69,38.83
2021-03-20 14:00:00,51.87,188.2,85.08,39.47
2021-03-20 15:00:00,55.23,250.38,89.26,37.62
2021-03-20 16:00:00,49.88,262.0,85.34,37.25
2021-03-20 17:00:00,46.0,239.47,77.34,35.91
2021-03-20 18:00:00,46.71,206.8,85.91,33.46
2021-03-20 19:00:00,49.78,207.97,99.31,31.32
2021-03-20 20:00:00,52.5,205.0,99.9,30.37
2021-03-20 21:00:00,51.64,208.2,99.9,29.7
2021-03-20 22:00:00,54.91,211.4,99.9,28.99
2021-03-20 23:00:00,68.45,324.0,99.9,28.2
2021-03-21 00:00:00,81.43,308.95,99.9,27.8
2021-03-21 01:00:00,80.09,258.0,99.9,27.15
2021-03-21 02:00:00,78.33,287.86,99.9,26.57
2021-03-21 03:00:00,89.9,299.61,99.9,26.38
2021-03-21 04:00:00,97.71,304.0,99.9,26.16
2021-03-21 05:00:00,93.31,279.49,99.9,25.8
2021-03-21 06:00:00,83.0,251.4,99.9,25.46
2021-03-21 07:00:00,89.05,263.6,99.9,26.62
2021-03-21 08:00:00,100.36,286.33,99.9,30.61
2021-03-21 09:00:00,92.82,240.6,99.9,34.3
2021-03-21 10:00:00,86.89,264.67,99.53,35.2
2021-03-21 11:00:00,95.53,262.04,89.27,37.19
2021-03-21 12:00:00,82.36,222.2,84.85,38.95
2021-03-21 13:00:00,78.38,193.87,84.03,39.54
2021-03-21 14:00:00,70.0,198.57,76.98,39.97
2021-03-21 15:00:00,73.2,185.06,72.9,40.29
2021-03-21 16:00:00,82.22,177.81,74.98,38.92
2021-03-21 17:00:00,75.91,170.62,82.62,37.76
2021-03-21 18:00:00,54.71,180.2,99.66,34.3
2021-03-21 19:00:00,57.95,191.8,99.9,31.7
2021-03-21 20:00:00,61.42,182.0,99.9,30.6
2021-03-21 21:00:00,56.42,179.0,99.9,29.95
2021-03-21 22:00:00,64.02,190.16,99.9,29.46
2021-03-21 23:00:00,73.71,258.37,99.9,28.56
2021-03-22 00:00:00,70.38,206.44,99.9,27.56
2021-03-22 01:00:00,63.78,175.45,99.9,27.37
2021-03-22 02:00:00,69.13,203.2,99.9,27.67
2021-03-22 03:00:00,83.0,205.42,99.9,27.6
2021-03-22 04:00:00,90.85,236.57,99.9,26.7
2021-03-22 05:00:00,82.02,180.2,99.9,26.04
2021-03-22 06:00:00,85.44,223.2,99.9,26.54
2021-03-22 07:00:00,96.27,226.8,99.9,26.66
2021-03-22 08:00:00,78.91,197.6,99.9,30.62
2021-03-22 09:00:00,87.42,212.53,99.9,34.4
2021-03-22 10:00:00,91.69,211.6,99.25,37.13
2021-03-22 11:00:00,96.58,212.4,83.35,39.93
2021-03-22 12:00:00,88.98,203.43,71.23,41.13
2021-03-22 13:00:00,79.29,177.88,68.33,41.12
2021-03-22 14:00:00,78.0,158.45,82.69,40.92
2021-03-22 15:00:00,60.0,163.77,91.01,39.83
2021-03-22 16:00:00,59.29,156.43,83.73,39.53
2021-03-22 17:00:00,61.2,154.8,85.2,38.25
2021-03-22 18:00:00,60.6,143.84,84.57,35.52
2021-03-22 19:00:00,52.0,157.0,95.97,33.22
2021-03-22 20:00:00,60.69,182.51,99.9,32.06
2021-03-22 21:00:00,70.64,177.84,99.9,30.95
2021-03-22 22:00:00,85.64,236.01,99.9,30.73
2021-03-22 23:00:00,117.56,315.8,99.9,30.36
2021-03-23 00:00:00,123.64,382.85,99.9,30.03
2021-03-23 01:00:00,115.47,353.6,99.9,29.13
2021-03-23 02:00:00,102.0,252.6,99.9,28.57
2021-03-23 03:00:00,101.28,241.21,99.9,27.83
2021-03-23 04:00:00,102.84,227.2,99.9,28.14
2021-03-23 05:00:00,99.4,253.4,99.9,28.75
2021-03-23 06:00:00,87.22,199.62,99.9,27.85
2021-03-23 07:00:00,101.24,227.05,99.9,27.75
2021-03-23 08:00:00,115.28,312.94,98.27,32.23
2021-03-23 09:00:00,112.21,251.48,90.71,36.84
2021-03-23 10:00:00,108.64,246.94,90.67,37.36
2021-03-23 11:00:00,101.95,222.3,80.78,38.7
2021-03-23 12:00:00,87.42,166.0,72.83,40.2
2021-03-23 13:00:00,75.31,144.47,69.43,40.97
2021-03-23 14:00:00,63.93,143.78,74.94,40.58
2021-03-23 15:00:00,59.85,148.99,78.56,39.6
2021-03-23 16:00:00,52.42,130.07,74.74,38.84
2021-03-23 17:00:00,46.0,127.4,83.09,37.47
2021-03-23 18:00:00,48.49,143.15,87.33,35.31
2021-03-23 19:00:00,55.22,150.99,88.15,34.06
2021-03-23 20:00:00,64.43,158.38,79.46,33.59
2021-03-23 21:00:00,80.51,211.82,85.79,32.88
2021-03-23 22:00:00,103.21,213.04,91.15,31.88
2021-03-23 23:00:00,101.07,255.41,95.72,31.49
2021-03-24 00:00:00,106.2,290.83,97.02,31.18
2021-03-24 01:00:00,108.8,280.2,98.92,30.63
2021-03-24 02:00:00,102.28,260.85,99.9,30.43
2021-03-24 03:00:00,103.53,237.93,99.9,29.73
2021-03-24 04:00:00,111.58,245.71,99.9,29.45
2021-03-24 05:00:00,117.64,206.6,99.9,29.45
2021-03-24 06:00:00,117.0,236.66,99.9,29.97
2021-03-24 07:00:00,115.92,242.22,99.72,30.56
2021-03-24 08:00:00,105.33,232.23,93.6,33.71
2021-03-24 09:00:00,91.79,226.81,82.85,37.74
2021-03-24 10:00:00,97.87,219.62,74.92,40.49
2021-03-24 11:00:00,92.69,188.5,65.26,42.66
2021-03-24 12:00:00,75.43,156.28,68.61,42.62
2021-03-24 13:00:00,77.28,164.35,65.9,42.56
2021-03-24 14:00:00,70.27,144.0,65.27,43.63
2021-03-24 15:00:00,66.84,154.0,79.02,41.82
2021-03-24 16:00:00,78.64,175.54,79.85,40.43
2021-03-24 17:00:00,74.06,157.68,79.95,38.93
2021-03-24 18:00:00,68.0,151.2,82.53,37.11
2021-03-24 19:00:00,70.43,141.43,88.56,34.98
2021-03-24 20:00:00,79.09,158.93,94.65,33.41
2021-03-24 21:00:00,87.85,172.0,93.94,32.59
2021-03-24 22:00:00,98.33,229.81,94.82,32.69
2021-03-24 23:00:00,116.89,249.58,98.41,31.63
2021-03-25 00:00:00,101.49,204.13,99.9,30.2
2021-03-25 01:00:00,99.84,226.28,98.67,29.6
2021-03-25 02:00:00,98.55,220.65,87.99,30.94
2021-03-25 03:00:00,85.92,187.5,89.58,30.29
2021-03-25 04:00:00,88.3,158.6,90.94,29.97
2021-03-25 05:00:00,99.56,176.69,98.59,28.95
2021-03-25 06:00:00,107.43,248.78,99.16,28.5
2021-03-25 07:00:00,108.21,233.11,95.58,29.32
2021-03-25 08:00:00,93.17,209.85,74.96,33.98
2021-03-25 09:00:00,76.66,187.66,62.04,38.14
2021-03-25 10:00:00,79.62,197.35,51.57,41.97
2021-03-25 11:00:00,63.55,177.96,46.95,43.68
2021-03-25 12:00:00,51.28,132.94,40.95,44.9
2021-03-25 13:00:00,46.06,110.29,36.35,44.61
2021-03-25 14:00:00,33.27,105.41,34.7,45.07
2021-03-25 15:00:00,22.28,95.49,37.5,43.86
2021-03-25 16:00:00,18.85,89.8,36.32,43.3
2021-03-25 17:00:00,15.0,72.16,37.73,42.35
2021-03-25 18:00:00,24.0,62.0,35.57,38.09
2021-03-25 19:00:00,25.79,87.42,36.59,36.8
2021-03-25 20:00:00,38.32,94.8,39.94,34.68
2021-03-25 21:00:00,63.53,120.42,50.9,32.89
2021-03-25 22:00:00,97.99,211.5,55.37,31.64
2021-03-25 23:00:00,109.6,192.34,57.87,31.93
2021-03-26 00:00:00,72.22,171.71,59.05,31.8
2021-03-26 01:00:00,74.42,186.0,59.63,31.78
2021-03-26 02:00:00,65.13,163.75,62.02,31.51
2021-03-26 03:00:00,58.21,156.41,66.67,30.38
2021-03-26 04:00:00,51.42,116.14,64.62,30.71
2021-03-26 05:00:00,48.23,108.38,75.23,29.14
2021-03-26 06:00:00,62.6,159.05,79.21,28.42
2021-03-26 07:00:00,80.52,184.75,75.63,28.97
2021-03-26 08:00:00,82.49,230.25,60.73,34.02
2021-03-26 09:00:00,73.34,182.21,51.66,38.38
2021-03-26 10:00:00,65.65,180.55,45.68,41.31
2021-03-26 11:00:00,65.49,163.27,41.98,42.91
2021-03-26 12:00:00,57.77,141.27,39.43,44.63
2021-03-26 13:00:00,47.67,138.59,35.49,45.25
2021-03-26 14:00:00,38.21,81.64,35.6,45.58
2021-03-26 15:00:00,40.02,86.07,46.45,44.25
2021-03-26 16:00:00,51.87,153.94,49.17,42.46
2021-03-26 17:00:00,50.95,150.93,50.22,41.04
2021-03-26 18:00:00,42.5,138.0,55.63,38.84
2021-03-26 19:00:00,48.94,152.3,60.3,36.02
2021-03-26 20:00:00,56.72,163.15,63.16,34.62
2021-03-26 21:00:00,62.66,154.67,66.37,33.21
2021-03-26 22:00:00,82.83,202.84,66.34,33.27
2021-03-26 23:00:00,94.33,231.09,62.26,32.9
2021-03-27 00:00:00,77.0,184.16,64.87,32.62
2021-03-27 01:00:00,77.0,182.92,68.11,31.47
2021-03-27 02:00:00,76.28,181.23,71.3,30.66
2021-03-27 03:00:00,79.66,176.81,74.35,29.41
2021-03-27 04:00:00,79.4,164.08,66.72,30.32
2021-03-27 05:00:00,69.38,123.66,67.37,30.31
2021-03-27 06:00:00,80.79,140.22,69.37,29.85
2021-03-27 07:00:00,91.53,181.95,74.93,30.28
2021-03-27 08:00:00,107.5,272.03,66.93,35.09
2021-03-27 09:00:00,110.92,263.61,56.39,39.73
2021-03-27 10:00:00,97.89,215.48,44.6,42.54
2021-03-27 11:00:00,75.13,167.53,42.45,44.59
2021-03-27 12:00:00,73.58,188.98,45.02,44.09
2021-03-27 13:00:00,74.31,180.32,40.16,44.83
2021-03-27 14:00:00,61.85,157.66,38.74,45.53
2021-03-27 15:00:00,51.91,123.6,41.2,45.55
2021-03-27 16:00:00,49.6,153.34,49.31,43.7
2021-03-27 17:00:00,63.21,170.94,51.0,41.66
2021-03-27 18:00:00,55.34,151.55,51.15,38.89
2021-03-27 19:00:00,54.52,157.92,58.67,36.36
2021-03-27 20:00:00,72.3,256.33,57.14,34.77
2021-03-27 21:00:00,87.15,221.42,59.18,34.09
2021-03-27 22:00:00,115.38,355.08,63.04,32.45
2021-03-27 23:00:00,118.15,293.35,70.03,31.01
2021-03-28 00:00:00,106.0,304.55,76.9,29.92
2021-03-28 01:00:00,108.5,285.4,78.38,29.11
2021-03-28 02:00:00,105.02,274.81,75.53,29.58
2021-03-28 03:00:00,130.31,286.75,93.28,28.91
2021-03-28 04:00:00,129.13,296.48,90.87,28.94
2021-03-28 05:00:00,176.78,467.83,99.43,28.4
2021-03-28 06:00:00,215.67,422.08,99.9,27.54
2021-03-28 07:00:00,155.17,352.94,99.9,28.2
2021-03-28 08:00:00,163.0,437.77,96.77,33.35
2021-03-28 09:00:00,184.0,448.38,98.8,36.62
2021-03-28 10:00:00,109.47,285.18,98.22,37.81
2021-03-28 11:00:00,80.06,192.38,85.05,38.54
2021-03-28 12:00:00,99.0,206.81,92.44,40.03
2021-03-28 13:00:00,87.04,174.17,99.43,40.36
2021-03-28 14:00:00,60.03,139.06,98.72,40.03
2021-03-28 15:00:00,50.5,122.65,99.9,39.13
2021-03-28 16:00:00,49.08,120.59,99.9,37.97
2021-03-28 17:00:00,49.02,121.8,99.9,36.45
2021-03-28 18:00:00,40.89,130.74,99.9,33.93
2021-03-28 19:00:00,40.5,128.25,99.9,32.35
2021-03-28 20:00:00,51.0,142.09,99.9,31.71
2021-03-28 21:00:00,69.56,165.07,99.9,31.25
2021-03-28 22:00:00,82.22,173.53,99.9,30.31
2021-03-28 23:00:00,89.005,175.0,99.9,29.79
2021-03-29 00:00:00,95.79,202.81,99.9,29.64
2021-03-29 01:00:00,98.28,201.26,99.9,29.29
2021-03-29 02:00:00,97.0,204.58,99.9,28.9
2021-03-29 03:00:00,95.92,182.99,99.9,28.63
2021-03-29 04:00:00,94.0,154.83,99.9,28.78
2021-03-29 05:00:00,97.58,146.62,99.9,28.56
2021-03-29 06:00:00,96.12,140.46,99.9,28.33
2021-03-29 07:00:00,86.3,127.88,99.9,28.72
2021-03-29 08:00:00,95.44,117.85,99.9,31.85
2021-03-29 09:00:00,95.85,156.52,99.9,36.01
2021-03-29 10:00:00,95.25,163.82,99.9,38.34
2021-03-29 11:00:00,104.25,186.83,99.69,38.71
2021-03-29 12:00:00,108.44,190.62,76.37,41.0
2021-03-29 13:00:00,89.27,159.02,76.46,42.26
2021-03-29 14:00:00,73.22,163.71,94.45,40.25
2021-03-29 15:00:00,55.05,136.02,94.37,39.88
2021-03-29 16:00:00,38.11,117.67,86.45,39.83
2021-03-29 17:00:00,29.77,106.26,89.67,38.34
2021-03-29 18:00:00,21.13,94.47,98.82,35.03
2021-03-29 19:00:00,18.89,86.44,99.91,32.45
2021-03-29 20:00:00,25.45,85.0,99.91,31.49
2021-03-29 21:00:00,30.53,89.75,99.91,30.96
2021-03-29 22:00:00,35.72,87.83,99.91,30.56
2021-03-29 23:00:00,33.75,91.77,99.91,30.35
2021-03-30 00:00:00,26.2,77.17,99.91,30.02
2021-03-30 01:00:00,22.0,71.41,99.91,29.55
2021-03-30 02:00:00,21.72,74.97,99.91,29.05
2021-03-30 03:00:00,26.25,78.38,99.91,28.36
2021-03-30 04:00:00,32.72,83.77,99.91,28.03
2021-03-30 05:00:00,36.18,87.38,99.91,27.87
2021-03-30 06:00:00,38.92,80.06,99.91,27.49
2021-03-30 07:00:00,43.45,113.75,99.91,28.52
2021-03-30 08:00:00,45.97,113.47,99.91,31.57
2021-03-30 09:00:00,32.53,95.11,99.91,35.03
2021-03-30 10:00:00,37.0,116.42,99.87,37.18
2021-03-30 11:00:00,39.22,126.18,99.91,37.71
2021-03-30 12:00:00,43.77,121.44,99.91,37.81
2021-03-30 13:00:00,35.47,100.14,99.05,38.38
2021-03-30 14:00:00,28.47,92.62,89.81,38.92
2021-03-30 15:00:00,21.83,75.32,77.32,38.7
2021-03-30 16:00:00,18.36,67.03,75.89,38.64
2021-03-30 17:00:00,16.49,67.59,85.22,37.33
2021-03-30 18:00:00,11.5,64.82,96.83,34.54
2021-03-30 19:00:00,14.94,83.86,99.91,31.4
2021-03-30 20:00:00,24.17,110.42,99.91,30.34
2021-03-30 21:00:00,27.28,100.91,99.91,29.58
2021-03-30 22:00:00,31.05,102.56,99.91,28.37
2021-03-30 23:00:00,43.94,127.75,99.91,27.26
2021-03-31 00:00:00,52.82,170.42,99.91,26.62
2021-03-31 01:00:00,50.98,129.33,99.91,26.24
2021-03-31 02:00:00,47.78,157.96,99.91,26.33
2021-03-31 03:00:00,55.78,189.58,99.91,26.02
2021-03-31 04:00:00,51.24,137.0,99.91,25.8
2021-03-31 05:00:00,54.13,133.92,99.91,25.73
2021-03-31 06:00:00,48.64,127.5,99.91,25.27
2021-03-31 07:00:00,50.17,105.93,99.91,26.46
2021-03-31 08:00:00,42.17,82.79,99.91,33.38
2021-03-31 09:00:00,32.16,80.38,99.91,36.57
2021-03-31 10:00:00,46.95,117.42,99.91,36.88
2021-03-31 11:00:00,36.92,107.93,97.79,37.77
2021-03-31 12:00:00,31.75,103.8,97.76,38.31
2021-03-31 13:00:00,27.5,116.0,96.15,38.39
2021-03-31 14:00:00,27.92,110.46,87.41,39.16
2021-03-31 15:00:00,24.2,105.04,87.49,39.35
2021-03-31 16:00:00,19.2,84.14,92.84,38.92
2021-03-31 17:00:00,16.36,82.96,98.4,38.18
2021-03-31 18:00:00,17.36,94.29,99.91,34.63
2021-03-31 19:00:00,18.36,99.38,99.91,31.1
2021-03-31 20:00:00,21.54,103.18,99.91,30.11
2021-03-31 21:00:00,26.72,107.18,99.91,29.52
2021-03-31 22:00:00,31.23,106.41,99.91,28.91
2021-03-31 23:00:00,39.5,132.25,99.91,28.47
2021-04-01 00:00:00,44.89,143.88,99.91,28.77
2021-04-01 01:00:00,33.64,120.58,99.91,28.56
2021-04-01 02:00:00,29.04,103.88,99.91,29.0
2021-04-01 03:00:00,24.15,106.54,99.91,29.37
2021-04-01 04:00:00,28.72,104.83,99.91,29.28
2021-04-01 05:00:00,29.64,123.79,99.91,28.91
2021-04-01 06:00:00,29.72,131.38,99.91,28.82
2021-04-01 07:00:00,31.72,160.6,99.91,29.74
2021-04-01 08:00:00,34.45,169.59,99.91,32.1
2021-04-01 09:00:00,38.0,183.46,99.91,34.37
2021-04-01 10:00:00,39.36,171.96,99.91,36.85
2021-04-01 11:00:00,42.17,175.94,99.91,37.55
2021-04-01 12:00:00,46.0,184.35,99.91,37.67
2021-04-01 13:00:00,45.28,193.94,99.91,38.15
2021-04-01 14:00:00,45.08,180.91,99.91,38.42
2021-04-01 15:00:00,44.47,192.78,99.91,37.81
2021-04-01 16:00:00,38.66,189.88,99.91,37.11
2021-04-01 17:00:00,35.8,178.5,99.91,35.76
2021-04-01 18:00:00,38.28,186.33,99.91,33.06
2021-04-01 19:00:00,36.28,195.33,99.91,31.03
2021-04-01 20:00:00,35.72,188.29,99.91,30.3
2021-04-01 21:00:00,40.25,198.71,99.91,30.11
2021-04-01 22:00:00,47.08,208.33,99.91,30.22
2021-04-01 23:00:00,52.61,215.56,99.91,30.48
2021-04-02 00:00:00,55.75,206.71,99.91,30.2
2021-04-02 01:00:00,50.0,199.23,99.91,30.03
2021-04-02 02:00:00,45.63,194.82,99.91,29.72
2021-04-02 03:00:00,36.18,185.27,99.91,29.63
2021-04-02 04:00:00,36.25,160.75,99.91,29.27
2021-04-02 05:00:00,44.89,200.92,99.91,28.91
2021-04-02 06:00:00,57.64,254.96,99.91,28.41
2021-04-02 07:00:00,65.18,293.65,99.91,29.42
2021-04-02 08:00:00,48.5,286.75,99.91,32.73
2021-04-02 09:00:00,38.59,240.41,99.91,34.89
2021-04-02 10:00:00,40.39,200.47,99.91,36.85
2021-04-02 11:00:00,35.45,191.65,99.3,37.33
2021-04-02 12:00:00,38.73,194.77,99.88,37.64
2021-04-02 13:00:00,39.64,199.96,99.91,38.2
2021-04-02 14:00:00,39.36,193.85,99.91,38.3
2021-04-02 15:00:00,38.5,190.83,99.91,37.66
2021-04-02 16:00:00,36.64,188.83,99.91,36.98
2021-04-02 17:00:00,36.0,188.0,99.91,35.72
2021-04-02 18:00:00,31.29,184.0,99.91,32.62
2021-04-02 19:00:00,30.64,176.9,99.91,30.77
2021-04-02 20:00:00,33.5,171.83,99.91,30.19
2021-04-02 21:00:00,37.73,173.38,99.91,29.92
2021-04-02 22:00:00,36.47,170.04,99.91,29.69
2021-04-02 23:00:00,34.17,165.04,99.91,29.37
2021-04-03 00:00:00,36.55,149.8,99.91,28.45
2021-04-03 01:00:00,33.64,135.71,99.91,28.13
2021-04-03 02:00:00,35.53,148.83,99.91,28.19
2021-04-03 03:00:00,39.0,177.0,99.91,27.91
2021-04-03 04:00:00,35.46,138.21,99.91,27.74
2021-04-03 05:00:00,33.17,110.58,99.91,27.88
2021-04-03 06:00:00,35.92,111.84,99.91,28.2
2021-04-03 07:00:00,41.27,187.0,99.91,29.17
2021-04-03 08:00:00,49.63,245.44,99.91,32.68
2021-04-03 09:00:00,44.89,225.12,99.91,34.26
2021-04-03 10:00:00,41.7,195.55,99.91,35.93
2021-04-03 11:00:00,28.8,175.75,99.91,36.75
2021-04-03 12:00:00,32.45,173.58,99.91,37.04
2021-04-03 13:00:00,34.72,171.62,99.91,36.69
2021-04-03 14:00:00,33.11,163.08,99.91,36.51
2021-04-03 15:00:00,31.5,148.38,99.91,36.41
2021-04-03 16:00:00,31.73,138.67,99.91,35.89
2021-04-03 17:00:00,26.73,132.27,99.91,35.06
2021-04-03 18:00:00,25.83,125.75,99.91,32.44
2021-04-03 19:00:00,20.2,114.11,99.91,30.78
2021-04-03 20:00:00,18.45,102.5,99.91,30.39
2021-04-03 21:00:00,19.92,95.25,99.91,30.29
2021-04-03 22:00:00,16.89,98.75,99.91,30.26
2021-04-03 23:00:00,17.33,111.88,99.91,30.18
2021-04-04 00:00:00,23.55,106.32,99.91,30.09
2021-04-04 01:00:00,21.0,97.67,99.91,29.95
2021-04-04 02:00:00,22.82,131.62,99.91,29.44
2021-04-04 03:00:00,25.55,128.36,99.91,29.08
2021-04-04 04:00:00,24.73,117.85,99.91,28.89
2021-04-04 05:00:00,27.0,106.5,99.91,28.58
2021-04-04 06:00:00,33.42,123.79,99.91,28.86
2021-04-04 07:00:00,42.64,132.96,99.91,29.75
2021-04-04 08:00:00,40.45,115.85,99.91,31.63
2021-04-04 09:00:00,36.82,122.05,99.91,34.2
2021-04-04 10:00:00,41.08,131.33,99.91,36.36
2021-04-04 11:00:00,48.0,168.0,99.91,37.5
2021-04-04 12:00:00,51.2,160.08,99.91,38.27
2021-04-04 13:00:00,45.72,157.42,99.91,38.39
2021-04-04 14:00:00,31.86,146.73,99.91,38.25
2021-04-04 15:00:00,24.25,133.75,99.91,38.12
2021-04-04 16:00:00,28.45,124.67,99.91,37.34
2021-04-04 17:00:00,21.55,120.62,99.91,36.11
2021-04-04 18:00:00,20.09,116.83,99.91,33.45
2021-04-04 19:00:00,20.2,112.04,99.91,31.56
2021-04-04 20:00:00,17.37,107.83,99.91,30.88
2021-04-04 21:00:00,20.0,108.58,99.91,30.5
2021-04-04 22:00:00,20.55,97.92,99.91,30.05
2021-04-04 23:00:00,21.64,87.9,99.91,29.64
2021-04-05 00:00:00,28.08,98.62,99.91,29.37
2021-04-05 01:00:00,26.03,95.69,99.91,29.14
2021-04-05 02:00:00,24.0,85.32,99.91,28.77
2021-04-05 03:00:00,27.18,98.83,99.91,28.38
2021-04-05 04:00:00,24.72,90.33,99.91,27.98
2021-04-05 05:00:00,24.2,75.91,99.91,27.68
2021-04-05 06:00:00,26.46,78.29,99.91,27.87
2021-04-05 07:00:00,36.0,94.46,99.91,29.06
2021-04-05 08:00:00,33.11,73.46,99.91,33.16
2021-04-05 09:00:00,29.09,111.18,99.91,35.2
2021-04-05 10:00:00,32.82,113.5,99.91,36.27
2021-04-05 11:00:00,35.27,114.17,99.91,37.41
2021-04-05 12:00:00,33.27,113.41,99.91,38.25
2021-04-05 13:00:00,31.64,121.71,99.91,39.18
2021-04-05 14:00:00,27.03,119.27,99.91,39.23
2021-04-05 15:00:00,20.36,108.0,99.91,39.02
2021-04-05 16:00:00,19.92,110.38,99.91,38.23
2021-04-05 17:00:00,18.0,101.5,99.87,37.12
2021-04-05 18:00:00,20.53,93.46,99.91,34.79
2021-04-05 19:00:00,23.18,103.05,99.91,32.73
2021-04-05 20:00:00,22.5,100.46,99.91,31.64
2021-04-05 21:00:00,23.92,100.58,99.91,31.02
2021-04-05 22:00:00,28.14,141.38,99.91,30.26
2021-04-05 23:00:00,46.22,134.67,99.91,29.59
2021-04-06 00:00:00,63.72,162.23,99.91,29.18
2021-04-06 01:00:00,66.53,171.42,99.91,28.84
2021-04-06 02:00:00,63.0,193.0,99.91,28.27
2021-04-06 03:00:00,65.27,173.21,99.91,27.92
2021-04-06 04:00:00,58.55,152.22,99.91,27.59
2021-04-06 05:00:00,64.73,144.83,99.91,27.32
2021-04-06 06:00:00,64.55,176.46,99.91,27.14
2021-04-06 07:00:00,65.64,162.04,99.91,28.58
2021-04-06 08:00:00,69.82,161.54,96.8,34.68
2021-04-06 09:00:00,59.45,146.38,84.13,38.67
2021-04-06 10:00:00,47.27,132.5,69.17,40.66
2021-04-06 11:00:00,42.0,115.0,64.22,43.06
2021-04-06 12:00:00,38.73,136.38,57.58,43.49
2021-04-06 13:00:00,38.86,145.17,51.81,43.66
2021-04-06 14:00:00,34.27,112.08,83.85,43.48
2021-04-06 15:00:00,32.63,125.81,87.5,41.54
2021-04-06 16:00:00,38.91,142.25,73.5,41.05
2021-04-06 17:00:00,42.28,107.92,58.9,40.48
2021-04-06 18:00:00,25.86,79.07,63.81,37.7
2021-04-06 19:00:00,22.73,80.31,82.34,34.92
2021-04-06 20:00:00,31.64,108.12,90.36,33.39
2021-04-06 21:00:00,51.19,245.0,84.88,32.49
2021-04-06 22:00:00,54.36,129.03,91.49,31.48
2021-04-06 23:00:00,47.38,154.8,94.82,30.68
2021-04-07 00:00:00,67.18,182.62,97.7,29.6
2021-04-07 01:00:00,62.18,195.47,99.91,28.74
2021-04-07 02:00:00,62.64,154.0,99.91,28.35
2021-04-07 03:00:00,66.82,169.78,99.91,28.32
2021-04-07 04:00:00,61.18,160.59,99.91,27.93
2021-04-07 05:00:00,60.18,141.98,99.91,27.34
2021-04-07 06:00:00,63.27,220.15,99.91,27.36
2021-04-07 07:00:00,67.78,268.45,99.91,29.0
2021-04-07 08:00:00,67.73,192.95,99.91,33.84
2021-04-07 09:00:00,53.64,154.43,99.91,36.1
2021-04-07 10:00:00,59.09,160.25,87.43,39.5
2021-04-07 11:00:00,45.55,147.22,76.59,40.34
2021-04-07 12:00:00,44.0,151.68,65.37,41.04
2021-04-07 13:00:00,41.33,128.75,93.83,41.08
2021-04-07 14:00:00,33.18,141.72,98.54,40.27
2021-04-07 15:00:00,30.0,135.17,93.31,40.43
2021-04-07 16:00:00,32.55,126.46,88.41,40.3
2021-04-07 17:00:00,34.82,118.69,83.26,38.8
2021-04-07 18:00:00,30.27,112.22,87.17,35.77
2021-04-07 19:00:00,31.5,119.68,98.52,33.56
2021-04-07 20:00:00,38.18,140.93,99.91,32.25
2021-04-07 21:00:00,36.45,160.99,99.91,31.46
2021-04-07 22:00:00,57.5,242.0,99.91,30.76
2021-04-07 23:00:00,72.36,277.5,99.91,30.51
2021-04-08 00:00:00,65.78,188.74,99.91,30.42
2021-04-08 01:00:00,67.93,256.67,99.91,30.38
2021-04-08 02:00:00,71.18,236.25,99.91,29.65
2021-04-08 03:00:00,70.18,182.98,99.91,28.91
2021-04-08 04:00:00,69.6,201.0,99.91,28.92
2021-04-08 05:00:00,58.36,133.94,99.91,28.07
2021-04-08 06:00:00,58.15,164.42,99.91,28.27
2021-04-08 07:00:00,87.0,244.92,99.91,30.06
2021-04-08 08:00:00,87.28,284.61,99.91,33.24
2021-04-08 09:00:00,49.0,185.5,99.91,33.85
2021-04-08 10:00:00,33.91,153.84,99.91,34.67
2021-04-08 11:00:00,31.63,142.73,99.91,36.07
2021-04-08 12:00:00,29.41,133.69,94.8,38.53
2021-04-08 13:00:00,25.47,124.9,99.85,39.37
2021-04-08 14:00:00,27.27,127.73,99.91,37.85
2021-04-08 15:00:00,25.5,118.71,99.91,36.72
2021-04-08 16:00:00,25.37,115.21,99.91,36.27
2021-04-08 17:00:00,26.37,103.95,99.91,35.3
2021-04-08 18:00:00,27.23,114.41,99.91,33.45
2021-04-08 19:00:00,27.27,140.88,99.91,31.64
2021-04-08 20:00:00,26.37,111.5,99.91,30.99
2021-04-08 21:00:00,30.3,109.89,99.91,30.77
2021-04-08 22:00:00,35.0,134.0,99.91,30.5
2021-04-08 23:00:00,34.0,122.99,99.91,30.24
2021-04-09 00:00:00,33.55,108.99,99.91,29.96
2021-04-09 01:00:00,29.43,101.27,99.91,29.67
2021-04-09 02:00:00,24.63,83.43,99.91,29.27
2021-04-09 03:00:00,25.09,83.73,99.91,28.45
2021-04-09 04:00:00,26.0,89.0,99.91,27.96
2021-04-09 05:00:00,23.17,65.33,99.91,27.75
2021-04-09 06:00:00,26.6,64.52,99.91,27.66
2021-04-09 07:00:00,43.87,144.0,99.91,28.92
2021-04-09 08:00:00,51.07,170.23,99.91,32.75
2021-04-09 09:00:00,47.45,178.57,99.91,35.1
2021-04-09 10:00:00,48.0,153.81,99.91,35.97
2021-04-09 11:00:00,46.0,142.07,99.1,37.72
2021-04-09 12:00:00,45.27,143.38,90.86,39.37
2021-04-09 13:00:00,40.13,150.94,99.9,38.98
2021-04-09 14:00:00,26.77,140.27,99.19,39.11
2021-04-09 15:00:00,25.5,130.48,88.94,39.23
2021-04-09 16:00:00,27.91,125.84,86.37,38.32
2021-04-09 17:00:00,34.45,140.73,99.37,36.7
2021-04-09 18:00:00,38.82,170.25,99.91,34.09
2021-04-09 19:00:00,42.5,189.62,99.91,32.06
2021-04-09 20:00:00,44.47,204.83,99.91,31.34
2021-04-09 21:00:00,47.37,199.32,99.91,30.84
2021-04-09 22:00:00,47.53,194.64,99.91,30.49
2021-04-09 23:00:00,43.82,181.38,99.91,30.19
2021-04-10 00:00:00,38.53,177.21,99.91,29.96
2021-04-10 01:00:00,33.07,158.79,99.91,29.61
2021-04-10 02:00:00,26.91,133.49,99.91,28.82
2021-04-10 03:00:00,32.28,153.17,99.91,28.49
2021-04-10 04:00:00,45.0,169.47,99.91,28.36
2021-04-10 05:00:00,43.17,158.59,99.91,27.77
2021-04-10 06:00:00,36.36,137.8,99.91,27.38
2021-04-10 07:00:00,24.37,134.47,99.91,28.65
2021-04-10 08:00:00,33.37,156.65,99.91,31.31
2021-04-10 09:00:00,50.18,197.0,99.91,35.55
2021-04-10 10:00:00,55.83,198.59,99.91,38.09
2021-04-10 11:00:00,59.0,205.31,83.9,39.19
2021-04-10 12:00:00,51.5,183.25,76.86,40.21
2021-04-10 13:00:00,43.63,174.63,99.2,40.27
2021-04-10 14:00:00,39.73,179.52,98.38,40.04
2021-04-10 15:00:00,33.09,155.75,99.91,39.23
2021-04-10 16:00:00,26.33,134.01,99.91,38.28
2021-04-10 17:00:00,21.16,120.0,99.91,36.07
2021-04-10 18:00:00,22.07,111.32,99.91,33.84
2021-04-10 19:00:00,19.55,112.94,99.91,32.6
2021-04-10 20:00:00,22.91,116.36,99.91,32.01
2021-04-10 21:00:00,22.0,106.0,99.91,31.69
2021-04-10 22:00:00,22.27,101.0,99.91,31.11
2021-04-10 23:00:00,20.27,89.17,99.91,30.73
2021-04-11 00:00:00,19.0,78.14,99.91,29.84
2021-04-11 01:00:00,25.91,99.67,99.91,29.38
2021-04-11 02:00:00,34.7,116.32,99.91,28.47
2021-04-11 03:00:00,31.2,97.97,99.91,27.98
2021-04-11 04:00:00,35.37,103.62,99.91,28.26
2021-04-11 05:00:00,37.0,66.77,99.91,28.12
2021-04-11 06:00:00,42.77,106.49,99.91,28.26
2021-04-11 07:00:00,51.94,141.3,99.91,28.92
2021-04-11 08:00:00,54.63,150.93,99.91,31.64
2021-04-11 09:00:00,55.47,152.79,99.91,34.38
2021-04-11 10:00:00,54.73,130.91,98.34,37.59
2021-04-11 11:00:00,50.1,133.68,84.62,40.01
2021-04-11 12:00:00,47.5,137.0,75.54,40.91
2021-04-11 13:00:00,43.73,128.35,73.47,42.13
2021-04-11 14:00:00,44.27,128.37,80.69,42.26
2021-04-11 15:00:00,39.73,147.93,86.72,41.26
2021-04-11 16:00:00,31.43,134.2,90.01,40.71
2021-04-11 17:00:00,25.55,108.49,95.56,38.43
2021-04-11 18:00:00,21.53,99.84,99.91,35.02
2021-04-11 19:00:00,19.73,98.21,99.91,33.28
2021-04-11 20:00:00,22.5,98.78,99.91,32.69
2021-04-11 21:00:00,26.2,104.52,99.91,32.19
2021-04-11 22:00:00,28.9,115.47,99.91,31.7
2021-04-11 23:00:00,27.73,110.11,99.91,31.27
2021-04-12 00:00:00,30.47,108.79,99.91,30.75
2021-04-12 01:00:00,34.47,92.43,99.91,30.71
2021-04-12 02:00:00,36.0,102.2,99.91,30.87
2021-04-12 03:00:00,29.0,83.12,99.91,30.75
2021-04-12 04:00:00,23.0,72.27,99.91,30.74
2021-04-12 05:00:00,24.83,64.69,99.91,30.2
2021-04-12 06:00:00,27.54,74.0,99.91,29.64
2021-04-12 07:00:00,27.83,68.35,99.91,30.33
2021-04-12 08:00:00,34.3,106.38,99.91,32.8
2021-04-12 09:00:00,45.5,125.65,99.91,36.65
2021-04-12 10:00:00,50.5,136.0,99.91,38.62
2021-04-12 11:00:00,56.97,140.73,97.0,39.29
2021-04-12 12:00:00,61.3,151.43,84.3,40.92
2021-04-12 13:00:00,48.37,151.71,80.5,42.08
2021-04-12 14:00:00,42.4,129.56,94.78,40.7
2021-04-12 15:00:00,30.64,127.14,92.53,40.72
2021-04-12 16:00:00,30.37,120.14,90.9,40.36
2021-04-12 17:00:00,30.5,109.32,88.31,39.29
2021-04-12 18:00:00,30.0,109.0,88.65,37.77
2021-04-12 19:00:00,32.57,192.33,99.92,35.39
2021-04-12 20:00:00,39.57,168.45,99.18,34.41
2021-04-12 21:00:00,49.5,185.19,99.12,33.58
2021-04-12 22:00:00,57.6,177.55,99.92,31.99
2021-04-12 23:00:00,56.27,147.13,99.92,31.33
2021-04-13 00:00:00,63.47,167.16,99.92,31.45
2021-04-13 01:00:00,68.55,165.35,99.92,31.66
2021-04-13 02:00:00,76.5,223.53,99.92,31.63
2021-04-13 03:00:00,77.8,192.0,99.92,31.36
2021-04-13 04:00:00,71.43,174.7,99.92,31.24
2021-04-13 05:00:00,72.5,199.09,99.92,30.75
2021-04-13 06:00:00,75.4,173.49,99.92,30.54
2021-04-13 07:00:00,64.0,154.51,99.92,31.77
2021-04-13 08:00:00,65.1,149.71,96.07,36.12
2021-04-13 09:00:00,63.5,135.41,87.79,39.31
2021-04-13 10:00:00,60.37,142.25,74.28,42.04
2021-04-13 11:00:00,56.23,123.7,63.57,42.7
2021-04-13 12:00:00,51.67,115.63,64.03,43.33
2021-04-13 13:00:00,55.09,138.8,95.04,41.66
2021-04-13 14:00:00,45.6,135.7,97.0,40.88
2021-04-13 15:00:00,39.1,128.43,97.34,40.75
2021-04-13 16:00:00,33.67,113.85,95.16,40.5
2021-04-13 17:00:00,33.0,110.0,99.59,38.7
2021-04-13 18:00:00,39.5,131.3,99.92,35.39
2021-04-13 19:00:00,31.83,119.69,99.92,33.75
2021-04-13 20:00:00,36.47,123.59,99.92,33.03
2021-04-13 21:00:00,38.27,122.92,99.92,32.63
2021-04-13 22:00:00,32.57,119.43,99.92,32.41
2021-04-13 23:00:00,22.5,72.0,99.92,32.02
2021-04-14 00:00:00,19.27,69.0,99.92,31.86
2021-04-14 01:00:00,20.22,69.0,99.92,31.77
2021-04-14 02:00:00,24.23,69.78,99.92,31.71
2021-04-14 03:00:00,23.6,68.43,99.92,31.28
2021-04-14 04:00:00,21.57,71.16,99.92,31.15
2021-04-14 05:00:00,23.8,68.86,99.92,31.22
2021-04-14 06:00:00,22.57,69.57,99.92,30.86
2021-04-14 07:00:00,40.5,121.88,99.92,31.7
2021-04-14 08:00:00,48.13,105.0,99.92,34.77
2021-04-14 09:00:00,38.37,110.52,99.92,37.69
2021-04-14 10:00:00,39.73,95.49,99.92,39.41
2021-04-14 11:00:00,41.95,97.29,99.87,39.37
2021-04-14 12:00:00,46.86,113.16,95.84,41.35
2021-04-14 13:00:00,53.0,133.47,87.52,41.96
2021-04-14 14:00:00,52.63,131.28,73.42,43.67
2021-04-14 15:00:00,52.0,131.57,99.45,40.54
2021-04-14 16:00:00,45.0,125.0,99.92,38.59
2021-04-14 17:00:00,36.9,107.69,99.92,36.63
2021-04-14 18:00:00,34.63,101.43,99.92,34.55
2021-04-14 19:00:00,31.41,90.78,99.92,33.05
2021-04-14 20:00:00,29.57,89.57,99.92,32.68
2021-04-14 21:00:00,31.44,85.28,99.92,32.4
2021-04-14 22:00:00,24.47,86.36,99.92,31.94
2021-04-14 23:00:00,25.18,70.49,99.92,31.55
2021-04-15 00:00:00,23.83,74.65,99.92,31.22
2021-04-15 01:00:00,28.47,84.08,99.92,30.85
2021-04-15 02:00:00,33.0,80.5,99.92,30.59
2021-04-15 03:00:00,37.2,69.6,99.92,30.16
2021-04-15 04:00:00,47.28,91.28,99.92,29.59
2021-04-15 05:00:00,55.44,108.22,99.92,29.25
2021-04-15 06:00:00,49.22,129.08,99.92,29.26
2021-04-15 07:00:00,47.46,99.41,99.92,30.51
2021-04-15 08:00:00,40.22,119.09,99.92,34.85
2021-04-15 09:00:00,46.93,136.4,99.92,38.07
2021-04-15 10:00:00,56.5,149.25,99.92,39.48
2021-04-15 11:00:00,57.33,152.0,99.92,38.1
2021-04-15 12:00:00,50.63,150.57142857142858,93.2,39.2
2021-04-15 13:00:00,46.7,149.14285714285714,76.42,40.97
2021-04-15 14:00:00,41.0,147.71428571428572,94.15,40.55
2021-04-15 15:00:00,38.78,146.28571428571428,99.73,38.64
2021-04-15 16:00:00,32.78,144.85714285714286,99.92,37.8
2021-04-15 17:00:00,25.7,143.42857142857142,99.92,36.71
2021-04-15 18:00:00,25.17,142.0,99.92,34.35
2021-04-15 19:00:00,33.5,140.57142857142858,99.92,32.48
2021-04-15 20:00:00,36.3,139.14285714285714,99.92,32.01
2021-04-15 21:00:00,46.4,137.71428571428572,99.92,31.74
2021-04-15 22:00:00,53.27,136.28571428571428,99.92,31.32
2021-04-15 23:00:00,53.1,134.85714285714286,99.92,30.99
2021-04-16 00:00:00,52.8,133.42857142857142,99.92,30.34
2021-04-16 01:00:00,47.15,132.0,99.92,29.55
2021-04-16 02:00:00,49.54,130.57142857142856,99.92,29.23
2021-04-16 03:00:00,57.9,129.14285714285714,99.92,28.69
2021-04-16 04:00:00,60.03,127.71428571428572,99.92,28.72
2021-04-16 05:00:00,66.26,126.28571428571428,99.92,28.19
2021-04-16 06:00:00,56.93,124.85714285714286,99.92,27.8
2021-04-16 07:00:00,39.67,123.42857142857143,99.92,29.26
2021-04-16 08:00:00,40.23,122.0,99.92,33.75
2021-04-16 09:00:00,52.11,120.57142857142857,99.86,36.98
2021-04-16 10:00:00,53.53,119.14285714285714,95.15,39.0
2021-04-16 11:00:00,44.61,117.71428571428572,75.91,38.89
2021-04-16 12:00:00,29.78,116.28571428571428,80.96,39.7
2021-04-16 13:00:00,25.63,114.85714285714286,95.48,40.33
2021-04-16 14:00:00,22.8,113.42857142857143,99.92,39.66
2021-04-16 15:00:00,16.8,112.0,99.92,38.72
2021-04-16 16:00:00,16.3,110.57142857142857,99.92,37.82
2021-04-16 17:00:00,22.0,109.14285714285714,99.92,36.69
2021-04-16 18:00:00,24.445,107.71428571428572,99.92,34.33
2021-04-16 19:00:00,26.89,106.28571428571428,99.92,32.22
2021-04-16 20:00:00,29.335,104.85714285714286,99.92,31.31
2021-04-16 21:00:00,31.78,103.42857142857143,99.92,30.78
2021-04-16 22:00:00,26.56,102.0,99.92,30.36
2021-04-16 23:00:00,20.9,100.57142857142857,99.92,30.32
2021-04-17 00:00:00,20.11,99.14285714285714,99.92,29.62
2021-04-17 01:00:00,26.0,97.71428571428572,99.92,29.08
2021-04-17 02:00:00,29.63,96.28571428571428,99.92,28.77
2021-04-17 03:00:00,26.8,94.85714285714286,99.92,28.38
2021-04-17 04:00:00,26.7,93.42857142857143,99.92,27.97
2021-04-17 05:00:00,31.9,92.0,99.92,27.48
2021-04-17 06:00:00,30.46,90.57142857142857,99.92,27.34
2021-04-17 07:00:00,34.345,89.14285714285714,99.85,30.31
2021-04-17 08:00:00,38.230000000000004,87.71428571428571,99.78,33.28
2021-04-17 09:00:00,42.115,86.28571428571428,99.71000000000001,36.25
2021-04-17 10:00:00,46.0,84.85714285714286,99.64,39.22
2021-04-17 11:00:00,41.94,83.42857142857143,98.91,39.17
2021-04-17 12:00:00,35.0,82.0,93.37,40.14
2021-04-17 13:00:00,31.6575,80.0,94.53,41.21
2021-04-17 14:00:00,28.314999999999998,87.0,99.9,40.75
2021-04-17 15:00:00,24.9725,94.0,99.9,40.23
2021-04-17 16:00:00,21.63,75.2,99.89,39.63
2021-04-17 17:00:00,19.15,75.48,98.58,39.25
2021-04-17 18:00:00,18.59,77.78,99.6,36.97
2021-04-17 19:00:00,25.95,81.92,99.9,34.1
2021-04-17 20:00:00,30.63,95.53,99.9,32.61
2021-04-17 21:00:00,29.63,81.0,99.9,31.82
2021-04-17 22:00:00,33.43,95.88,99.9,31.35
2021-04-17 23:00:00,40.63,103.13,99.9,30.96
2021-04-18 00:00:00,37.07,89.12,99.9,30.73
2021-04-18 01:00:00,30.9,70.9,99.9,30.48
2021-04-18 02:00:00,32.33,63.87,99.9,29.97
2021-04-18 03:00:00,37.27,109.0,99.9,29.39
2021-04-18 04:00:00,36.37,78.45,99.9,29.08
2021-04-18 05:00:00,42.91,104.47,99.9,29.18
2021-04-18 06:00:00,49.03,96.77,99.9,29.01
2021-04-18 07:00:00,35.63,82.6,99.9,30.45
2021-04-18 08:00:00,38.67,94.1,99.9,35.1
2021-04-18 09:00:00,50.0,102.7,99.9,38.46
2021-04-18 10:00:00,55.74,122.87,89.29,40.89
2021-04-18 11:00:00,57.37,131.13,71.97,42.75
2021-04-18 12:00:00,53.94,119.47,60.86,44.41
2021-04-18 13:00:00,43.57,110.5,87.42,42.91
2021-04-18 14:00:00,43.57,100.38,99.9,41.03
2021-04-18 15:00:00,32.0,87.03,98.79,41.19
2021-04-18 16:00:00,29.48,68.28,97.21,40.92
2021-04-18 17:00:00,32.74,72.62,98.91,40.05
2021-04-18 18:00:00,35.83,90.72,99.9,37.33
2021-04-18 19:00:00,40.2,94.22,99.9,35.05
2021-04-18 20:00:00,45.83,100.87,99.9,33.63
2021-04-18 21:00:00,55.65,122.45,99.9,32.72
2021-04-18 22:00:00,75.0,192.02,99.9,31.99
2021-04-18 23:00:00,76.72,177.1,99.9,31.75
2021-04-19 00:00:00,59.72,129.62,99.9,31.41
2021-04-19 01:00:00,45.7,100.92,99.9,30.67
2021-04-19 02:00:00,44.43,122.06,99.9,30.27
2021-04-19 03:00:00,53.85,127.9,99.9,30.03
2021-04-19 04:00:00,65.87,158.59,99.9,29.88
2021-04-19 05:00:00,73.5,178.97,99.9,30.07
2021-04-19 06:00:00,55.58,134.22,99.9,30.08
2021-04-19 07:00:00,43.54,128.05,99.9,31.38
2021-04-19 08:00:00,50.43,141.75,99.9,35.15
2021-04-19 09:00:00,39.72,119.06,99.9,37.42
2021-04-19 10:00:00,31.59,108.08,99.9,38.45
2021-04-19 11:00:00,40.0,104.65,99.9,38.98
2021-04-19 12:00:00,40.67,107.13,99.9,38.97
2021-04-19 13:00:00,33.9,108.0,99.9,39.07
2021-04-19 14:00:00,29.37,102.52,99.9,39.19
2021-04-19 15:00:00,19.15,88.47,99.9,38.86
2021-04-19 16:00:00,16.0,79.53,99.9,39.02
2021-04-19 17:00:00,18.0,76.43,99.9,37.99
2021-04-19 18:00:00,21.11,84.62,99.9,35.14
2021-04-19 19:00:00,24.85,89.35,99.9,32.51
2021-04-19 20:00:00,26.17,85.3,99.9,31.91
2021-04-19 21:00:00,23.73,79.3,99.9,31.58
2021-04-19 22:00:00,25.0,83.48,99.9,31.43
2021-04-19 23:00:00,25.0,80.28,99.9,31.26
2021-04-20 00:00:00,25.246666666666666,80.0,99.9,31.13
2021-04-20 01:00:00,25.493333333333332,63.0,99.9,30.81
2021-04-20 02:00:00,25.74,65.36,99.9,30.56
2021-04-20 03:00:00,31.58,93.42,99.9,30.08
2021-04-20 04:00:00,40.26,122.93,99.9,29.8
2021-04-20 05:00:00,39.37,129.0,99.9,29.46
2021-04-20 06:00:00,31.0,125.87,99.9,29.22
2021-04-20 07:00:00,20.89,102.28,99.9,31.0
2021-04-20 08:00:00,23.8,95.22,99.9,33.56
2021-04-20 09:00:00,30.14,83.25,99.9,35.89
2021-04-20 10:00:00,28.05,86.27,99.9,37.34
2021-04-20 11:00:00,29.63,84.08,99.9,38.48
2021-04-20 12:00:00,29.0,86.4,99.9,38.54
2021-04-20 13:00:00,27.15,86.65,99.9,38.36
2021-04-20 14:00:00,24.37,81.3,99.9,39.09
2021-04-20 15:00:00,20.91,66.0,98.95,39.54
2021-04-20 16:00:00,17.35,68.35,99.9,39.19
2021-04-20 17:00:00,23.37,75.27,99.9,37.29
2021-04-20 18:00:00,23.26,80.93,99.9,34.52
2021-04-20 19:00:00,21.26,66.7,99.9,32.17
2021-04-20 20:00:00,22.23,62.78,99.9,31.51
2021-04-20 21:00:00,23.41,60.65,99.9,31.12
2021-04-20 22:00:00,19.0,55.32,99.9,30.87
2021-04-20 23:00:00,18.52,50.88,99.9,30.64
2021-04-21 00:00:00,19.61,51.56,99.9,30.29
2021-04-21 01:00:00,19.93,47.3,99.9,29.91
2021-04-21 02:00:00,13.0,51.33,99.9,29.85
2021-04-21 03:00:00,13.0,62.88666666666666,99.9,29.52
2021-04-21 04:00:00,13.0,74.44333333333333,99.9,29.19
2021-04-21 05:00:00,13.0,86.0,99.9,28.86
2021-04-21 06:00:00,58.0,113.0,99.9,29.13
2021-04-21 07:00:00,41.35,86.94,99.9,30.36
2021-04-21 08:00:00,17.48,91.28,99.9,33.59
2021-04-21 09:00:00,23.14,69.02,99.9,35.53
2021-04-21 10:00:00,22.64,70.37,99.9,37.51
2021-04-21 11:00:00,23.247272727272726,72.20192307692308,99.9,37.41
2021-04-21 12:00:00,23.854545454545455,74.03384615384616,99.9,37.309999999999995
2021-04-21 13:00:00,24.46181818181818,75.86576923076923,99.9,37.21
2021-04-21 14:00:00,25.06909090909091,77.69769230769231,99.9,37.11
2021-04-21 15:00:00,25.676363636363636,79.52961538461538,99.9,37.01
2021-04-21 16:00:00,26.283636363636365,81.36153846153846,99.9,36.91
2021-04-21 17:00:00,26.89090909090909,83.19346153846155,99.9,36.81
2021-04-21 18:00:00,27.49818181818182,85.02538461538462,99.9,36.71
2021-04-21 19:00:00,28.105454545454545,86.8573076923077,99.9,36.61
2021-04-21 20:00:00,28.712727272727275,88.68923076923078,99.9,36.51
2021-04-21 21:00:00,29.32,90.52115384615385,99.9,36.41
2021-04-21 22:00:00,29.92727272727273,92.35307692307693,99.9,36.31
2021-04-21 23:00:00,30.534545454545455,94.185,99.9,36.21
2021-04-22 00:00:00,31.14181818181818,96.01692307692308,99.9,36.11
2021-04-22 01:00:00,31.74909090909091,97.84884615384615,99.9,36.01
2021-04-22 02:00:00,32.35636363636364,99.68076923076923,99.9,35.910000000000004
2021-04-22 03:00:00,32.96363636363637,101.5126923076923,99.9,35.81
2021-04-22 04:00:00,33.57090909090909,103.3446153846154,99.9,35.71
2021-04-22 05:00:00,34.17818181818182,105.17653846153846,99.9,35.61
2021-04-22 06:00:00,34.78545454545455,107.00846153846155,99.9,35.510000000000005
2021-04-22 07:00:00,35.39272727272727,108.84038461538461,99.9,35.410000000000004
2021-04-22 08:00:00,36.0,110.6723076923077,99.9,35.31
2021-04-22 09:00:00,36.74,112.50423076923077,99.9,37.34
2021-04-22 10:00:00,34.28,114.33615384615385,97.9,40.11
2021-04-22 11:00:00,31.72,116.16807692307692,94.18,40.33
2021-04-22 12:00:00,36.15,118.0,86.07,40.31
2021-04-22 13:00:00,29.0,100.05,81.75,40.38
2021-04-22 14:00:00,24.63,96.56,75.28,41.33
2021-04-22 15:00:00,25.49,97.0,99.39,40.38
2021-04-22 16:00:00,26.5,98.56,99.9,39.86
2021-04-22 17:00:00,29.0,100.57,99.9,39.03
2021-04-22 18:00:00,28.93,92.0,99.9,36.44
2021-04-22 19:00:00,22.0,88.88,99.9,33.45
2021-04-22 20:00:00,24.59,86.3,99.9,32.13
2021-04-22 21:00:00,27.51,80.32,99.9,31.42
2021-04-22 22:00:00,27.23,81.34,99.9,30.59
2021-04-22 23:00:00,33.98,127.0,99.9,29.82
2021-04-23 00:00:00,39.0,121.53,99.9,29.12
2021-04-23 01:00:00,37.89,121.7,99.9,28.53
2021-04-23 02:00:00,37.86,122.22,99.9,28.27
2021-04-23 03:00:00,39.5,102.42,99.9,28.05
2021-04-23 04:00:00,37.63,96.0,99.9,27.7
2021-04-23 05:00:00,41.84,110.05,99.9,27.59
2021-04-23 06:00:00,46.82,122.59,99.9,27.59
2021-04-23 07:00:00,37.37,99.15,99.9,29.84
2021-04-23 08:00:00,41.7,118.63,99.88,35.82
2021-04-23 09:00:00,42.5,126.78,84.95,39.34
2021-04-23 10:00:00,35.15,107.35,72.5,40.46
2021-04-23 11:00:00,31.52,109.05,64.1,40.59
2021-04-23 12:00:00,28.52,89.85,74.16,40.22
2021-04-23 13:00:00,24.88,87.93,89.4,39.52
2021-04-23 14:00:00,20.04,80.38,70.59,39.13
2021-04-23 15:00:00,13.52,73.3,68.58,40.39
2021-04-23 16:00:00,12.11,61.85,72.94,40.02
2021-04-23 17:00:00,12.52,66.81,82.45,38.06
2021-04-23 18:00:00,10.73,65.1,96.67,34.98
2021-04-23 19:00:00,16.32,74.15,99.9,32.47
2021-04-23 20:00:00,23.86,88.7,99.9,31.48
2021-04-23 21:00:00,27.0,89.19,99.9,31.02
2021-04-23 22:00:00,29.0,78.41,99.9,30.61
2021-04-23 23:00:00,23.0,83.85,99.9,29.84
2021-04-24 00:00:00,35.0,123.56,99.9,29.08
2021-04-24 01:00:00,36.22,126.73,99.9,28.34
2021-04-24 02:00:00,33.61,105.0,99.9,27.54
2021-04-24 03:00:00,31.0,80.63,99.9,26.66
2021-04-24 04:00:00,34.0,73.78,99.9,26.61
2021-04-24 05:00:00,37.0,99.27,99.9,26.48
2021-04-24 06:00:00,40.0,86.0,99.9,26.25
2021-04-24 07:00:00,47.5,101.61,99.9,29.36
2021-04-24 08:00:00,48.67,111.48,99.9,35.48
2021-04-24 09:00:00,38.0,97.33,99.9,36.95
2021-04-24 10:00:00,37.0,107.05,93.03,37.71
2021-04-24 11:00:00,28.79,97.68,83.65,39.16
2021-04-24 12:00:00,23.35,79.95,97.28,39.15
2021-04-24 13:00:00,32.35,89.27,99.9,38.86
2021-04-24 14:00:00,31.35,82.85,99.9,39.07
2021-04-24 15:00:00,18.88,74.52,99.9,38.14
2021-04-24 16:00:00,13.28,70.65,99.9,37.77
2021-04-24 17:00:00,10.32,69.22,99.9,35.93
2021-04-24 18:00:00,16.24,67.44,99.9,33.63
2021-04-24 19:00:00,18.12,73.27,99.9,32.11
2021-04-24 20:00:00,18.14,63.29,99.9,31.48
2021-04-24 21:00:00,16.88,61.56,99.9,31.29
2021-04-24 22:00:00,18.88,65.13,99.9,31.15
2021-04-24 23:00:00,17.0,65.22,99.9,30.86
2021-04-25 00:00:00,17.75,54.03,99.9,30.22
2021-04-25 01:00:00,20.12,64.27,99.9,29.63
2021-04-25 02:00:00,21.63,66.88,99.9,29.38
2021-04-25 03:00:00,26.58,102.69,99.9,28.83
2021-04-25 04:00:00,33.39,136.5,99.9,28.54
2021-04-25 05:00:00,31.23,98.51,99.9,28.97
2021-04-25 06:00:00,35.0,85.0,99.9,29.14
2021-04-25 07:00:00,33.14,81.88,99.9,30.51
2021-04-25 08:00:00,30.37,88.03,99.9,35.08
2021-04-25 09:00:00,32.68,105.61,99.9,38.02
2021-04-25 10:00:00,41.72,127.23,99.37,38.61
2021-04-25 11:00:00,47.63,136.68,90.13,40.17
2021-04-25 12:00:00,43.27,136.44,80.62,41.07
2021-04-25 13:00:00,38.0,124.25,94.72,41.64
2021-04-25 14:00:00,34.88,101.48,98.56,42.16
2021-04-25 15:00:00,26.51,105.37,99.91,40.82
2021-04-25 16:00:00,22.12,93.95,99.91,40.1
2021-04-25 17:00:00,23.09,95.05,99.91,38.72
2021-04-25 18:00:00,34.12,113.1,99.91,36.89
2021-04-25 19:00:00,42.12,126.37,91.34,36.01
2021-04-25 20:00:00,46.0,133.68,81.67,35.82
2021-04-25 21:00:00,51.38,134.22,87.14,34.78
2021-04-25 22:00:00,61.16,162.88,92.89,34.1
2021-04-25 23:00:00,71.78,162.42,99.5,32.83
2021-04-26 00:00:00,68.38,163.12,99.91,32.5
2021-04-26 01:00:00,61.91,163.22,99.91,32.56
2021-04-26 02:00:00,44.42,133.34,99.91,32.51
2021-04-26 03:00:00,35.0,117.19,99.91,32.27
2021-04-26 04:00:00,34.63,125.18,99.91,31.99
2021-04-26 05:00:00,35.88,134.25,99.91,31.73
2021-04-26 06:00:00,42.27,142.25,99.91,31.59
2021-04-26 07:00:00,56.0,160.45,99.91,32.69
2021-04-26 08:00:00,62.88,162.66,99.91,36.18
2021-04-26 09:00:00,58.39,182.3,99.9,39.62
2021-04-26 10:00:00,50.82,152.09,99.9,41.01
2021-04-26 11:00:00,46.95,147.54,99.91,40.07
2021-04-26 12:00:00,57.74,159.15,99.91,39.03
2021-04-26 13:00:00,57.14,169.0,99.91,38.41
2021-04-26 14:00:00,53.25,181.48,99.91,38.66
2021-04-26 15:00:00,49.02,181.1,99.91,38.64
2021-04-26 16:00:00,45.12,183.93,99.91,38.88
2021-04-26 17:00:00,46.25,174.47,99.91,37.76
2021-04-26 18:00:00,42.77,173.34,99.91,35.34
2021-04-26 19:00:00,39.5,170.88,99.91,33.48
2021-04-26 20:00:00,38.88,174.68,99.91,33.01
2021-04-26 21:00:00,38.49,193.94,99.91,32.63
2021-04-26 22:00:00,41.98,210.67,99.91,32.45
2021-04-26 23:00:00,45.0,216.78,99.91,32.47
2021-04-27 00:00:00,41.65,216.66,99.91,32.13
2021-04-27 01:00:00,36.5,207.41,99.91,31.94
2021-04-27 02:00:00,34.77,207.34,99.91,31.72
2021-04-27 03:00:00,32.12,211.92,99.91,31.7
2021-04-27 04:00:00,35.86,216.12,99.91,31.36
2021-04-27 05:00:00,39.25,208.58,99.91,30.94
2021-04-27 06:00:00,41.12,183.28,99.91,30.46
2021-04-27 07:00:00,48.21,193.61,99.91,32.24
2021-04-27 08:00:00,50.25,215.11,99.91,35.5
2021-04-27 09:00:00,40.86,232.49,99.91,36.82
2021-04-27 10:00:00,45.86,240.67,99.91,38.55
2021-04-27 11:00:00,50.71,224.83,99.91,39.39
2021-04-27 12:00:00,53.0,212.65,99.11,40.06
2021-04-27 13:00:00,45.49,179.58,98.31,40.19
2021-04-27 14:00:00,47.26,173.56,99.91,39.84
2021-04-27 15:00:00,41.12,181.05,99.89,39.06
2021-04-27 16:00:00,33.75,156.0,98.46,38.52
2021-04-27 17:00:00,31.28,149.78,96.48,37.3
2021-04-27 18:00:00,26.12,141.0,99.91,35.0
2021-04-27 19:00:00,29.95,138.22,99.91,33.41
2021-04-27 20:00:00,35.25,139.69,99.91,33.22
2021-04-27 21:00:00,33.74,137.11,99.91,33.19
2021-04-27 22:00:00,33.13,136.78,99.91,32.72
2021-04-27 23:00:00,31.12,120.61,99.91,32.5
2021-04-28 00:00:00,35.0,133.0,99.91,32.37
2021-04-28 01:00:00,36.26,131.44,99.91,32.07
2021-04-28 02:00:00,33.14,127.08,99.91,31.64
2021-04-28 03:00:00,30.25,112.0,99.91,31.18
2021-04-28 04:00:00,37.11,125.4,99.91,30.79
2021-04-28 05:00:00,57.88,149.66,99.91,30.13
2021-04-28 06:00:00,65.47,180.63,99.91,30.19
2021-04-28 07:00:00,68.88,191.68,99.91,31.63
2021-04-28 08:00:00,54.55,183.63,99.91,34.55
2021-04-28 09:00:00,44.0,167.0,99.91,37.22
2021-04-28 10:00:00,47.5,180.0,99.91,38.39
2021-04-28 11:00:00,45.86666666666667,175.26666666666668,99.90933333333334,37.92133333333334
2021-04-28 12:00:00,44.233333333333334,170.53333333333333,99.90866666666666,37.452666666666666
2021-04-28 13:00:00,42.6,165.8,99.908,36.984
2021-04-28 14:00:00,40.96666666666667,161.06666666666666,99.90733333333333,36.51533333333333
2021-04-28 15:00:00,39.333333333333336,156.33333333333334,99.90666666666667,36.04666666666667
2021-04-28 16:00:00,37.7,151.6,99.906,35.578
2021-04-28 17:00:00,36.06666666666666,146.86666666666667,99.90533333333333,35.10933333333333
2021-04-28 18:00:00,34.43333333333334,142.13333333333333,99.90466666666667,34.64066666666667
2021-04-28 19:00:00,32.8,137.4,99.904,34.172
2021-04-28 20:00:00,31.166666666666668,132.66666666666666,99.90333333333334,33.70333333333333
2021-04-28 21:00:00,29.533333333333335,127.93333333333334,99.90266666666668,33.23466666666667
2021-04-28 22:00:00,27.9,123.2,99.902,32.766
2021-04-28 23:00:00,26.266666666666666,118.46666666666667,99.90133333333334,32.297333333333334
2021-04-29 00:00:00,24.633333333333333,113.73333333333333,99.90066666666667,31.828666666666667
2021-04-29 01:00:00,23.0,109.0,99.9,31.36
2021-04-29 02:00:00,25.62,114.47,99.9,31.17
2021-04-29 03:00:00,32.23,107.42,99.9,30.58
2021-04-29 04:00:00,33.01,95.63,99.9,30.25
2021-04-29 05:00:00,29.95,101.59,99.9,30.29
2021-04-29 06:00:00,41.95,140.56,99.9,30.2
2021-04-29 07:00:00,42.62,117.33,99.9,31.2
2021-04-29 08:00:00,24.39,91.0,99.9,35.08
2021-04-29 09:00:00,24.0,94.11,99.9,37.03
2021-04-29 10:00:00,33.25,119.11,99.9,36.83
2021-04-29 11:00:00,40.88,129.89,96.92,39.03
2021-04-29 12:00:00,38.51,131.78,91.27,40.59
2021-04-29 13:00:00,35.88,128.88,99.9,40.29
2021-04-29 14:00:00,29.88,105.44,99.9,39.96
2021-04-29 15:00:00,19.65,84.22,99.9,39.08
2021-04-29 16:00:00,15.86,85.0,99.9,37.92
2021-04-29 17:00:00,16.02,71.78,99.9,36.55
2021-04-29 18:00:00,12.88,66.44,99.9,34.39
2021-04-29 19:00:00,16.0,64.44,99.9,32.72
2021-04-29 20:00:00,17.88,64.0,99.9,32.44
2021-04-29 21:00:00,20.25,59.33,99.9,32.67
2021-04-29 22:00:00,21.62,85.22,99.9,32.54
2021-04-29 23:00:00,25.63,75.11,99.9,31.86
2021-04-30 00:00:00,27.61,69.22,99.9,31.53
2021-04-30 01:00:00,30.12,84.56,99.9,31.44
2021-04-30 02:00:00,21.75,64.02,99.9,31.26
2021-04-30 03:00:00,16.38,51.45,99.9,30.87
2021-04-30 04:00:00,25.38,67.28,99.9,30.63
2021-04-30 05:00:00,39.62,121.22,99.9,30.48
2021-04-30 06:00:00,55.12,126.44,99.9,30.3
2021-04-30 07:00:00,54.75,124.0,99.9,31.76
2021-04-30 08:00:00,52.88,143.51,99.9,34.5
2021-04-30 09:00:00,57.12,160.7,99.9,36.4
2021-04-30 10:00:00,48.88,142.89,99.9,38.27
2021-04-30 11:00:00,38.38,135.33,99.9,38.95
2021-04-30 12:00:00,43.38,122.44,99.9,38.24
2021-04-30 13:00:00,35.5,104.78,99.9,38.73
2021-04-30 14:00:00,32.12,80.78,99.9,38.88
2021-04-30 15:00:00,19.91,68.78,99.9,38.65
2021-04-30 16:00:00,12.62,61.55,99.9,38.18
2021-04-30 17:00:00,12.75,57.67,99.9,35.43
2021-04-30 18:00:00,14.25,62.45,99.9,33.57
2021-04-30 19:00:00,16.0,66.33,99.9,32.51
2021-04-30 20:00:00,21.0,66.22,99.9,32.36
2021-04-30 21:00:00,19.0,65.22,99.9,32.02
2021-04-30 22:00:00,20.0,65.0,99.9,31.58
2021-04-30 23:00:00,28.73,75.11,99.9,31.74
2021-05-01 00:00:00,30.12,80.33,99.9,31.62
2021-05-01 01:00:00,24.25,79.44,99.9,31.38
2021-05-01 02:00:00,29.88,123.49,99.9,30.98
2021-05-01 03:00:00,34.5,145.33,99.9,30.93
2021-05-01 04:00:00,38.5,120.68,99.9,30.81
2021-05-01 05:00:00,37.62,88.0,99.9,30.74
2021-05-01 06:00:00,42.5,140.89,99.9,31.03
2021-05-01 07:00:00,51.75,82.22,99.9,31.57
2021-05-01 08:00:00,32.0,61.0,99.9,32.98
2021-05-01 09:00:00,25.38,66.44,99.9,38.06
2021-05-01 10:00:00,31.0,92.03,98.47,39.58
2021-05-01 11:00:00,36.0,100.56,97.43,39.94
2021-05-01 12:00:00,42.12,104.11,84.75,40.22
2021-05-01 13:00:00,35.75,80.97,75.86,41.59
2021-05-01 14:00:00,24.62,67.78,97.78,39.84
2021-05-01 15:00:00,27.5,71.0,99.9,39.46
2021-05-01 16:00:00,18.58,76.56,99.9,39.03
2021-05-01 17:00:00,10.62,56.7,99.9,38.38
2021-05-01 18:00:00,12.5,52.55,99.9,36.05
2021-05-01 19:00:00,14.9,63.89,99.9,33.85
2021-05-01 20:00:00,24.12,69.33,99.9,32.94
2021-05-01 21:00:00,27.1,74.67,99.9,32.7
2021-05-01 22:00:00,30.0,76.78,99.9,32.35
2021-05-01 23:00:00,32.63,91.82,99.9,31.83
2021-05-02 00:00:00,33.88,94.45,99.9,31.3
2021-05-02 01:00:00,41.5,89.33,99.9,31.27
2021-05-02 02:00:00,53.5,106.72,99.9,31.49
2021-05-02 03:00:00,56.12,117.0,99.9,31.5
2021-05-02 04:00:00,52.62,107.64,99.9,31.59
2021-05-02 05:00:00,48.22,106.56,99.9,31.83
2021-05-02 06:00:00,36.0,82.11,99.9,31.62
2021-05-02 07:00:00,27.0,57.78,99.9,32.49
2021-05-02 08:00:00,30.75,65.78,99.9,34.65
2021-05-02 09:00:00,29.75,61.07,99.9,35.88
2021-05-02 10:00:00,24.49,58.0,99.9,37.48
2021-05-02 11:00:00,25.02,68.89,99.9,38.19
2021-05-02 12:00:00,28.12,64.22,99.9,39.15
2021-05-02 13:00:00,25.75,74.44,99.9,39.92
2021-05-02 14:00:00,25.5,80.33,99.9,39.76
2021-05-02 15:00:00,23.75,78.78,99.9,38.37
2021-05-02 16:00:00,22.25,68.44,99.9,37.76
2021-05-02 17:00:00,16.0,62.11,99.9,36.59
2021-05-02 18:00:00,15.5,61.78,99.7,34.96
2021-05-02 19:00:00,23.69,117.0,99.66,33.55
2021-05-02 20:00:00,36.5,96.0,99.9,32.66
2021-05-02 21:00:00,36.25,61.22,99.9,31.99
2021-05-02 22:00:00,41.02,71.67,99.9,31.55
2021-05-02 23:00:00,45.49,61.45,99.9,31.21
2021-05-03 00:00:00,51.78,94.97,99.9,30.94
2021-05-03 01:00:00,57.62,119.26,99.9,30.79
2021-05-03 02:00:00,57.0,112.89,99.9,30.58
2021-05-03 03:00:00,57.0,112.0,99.9,30.78
2021-05-03 04:00:00,55.5,105.0,99.9,30.63
2021-05-03 05:00:00,53.38,88.22,99.9,30.35
2021-05-03 06:00:00,55.13,95.67,99.9,30.0
2021-05-03 07:00:00,55.12,93.95,99.9,32.02
2021-05-03 08:00:00,58.75,121.11,99.9,36.1
2021-05-03 09:00:00,62.45,133.11,97.66,39.62
2021-05-03 10:00:00,48.0,116.89,95.98,40.75
2021-05-03 11:00:00,50.5,127.0,95.37,40.31
2021-05-03 12:00:00,56.49,125.44,86.97,41.03
2021-05-03 13:00:00,53.62,115.67,93.33,41.12
2021-05-03 14:00:00,55.25,120.78,99.9,40.35
2021-05-03 15:00:00,59.75,123.0,99.8,40.05
2021-05-03 16:00:00,52.69,100.44,99.9,39.07
2021-05-03 17:00:00,36.73,76.11,99.9,37.6
2021-05-03 18:00:00,34.0,73.33,99.9,35.28
2021-05-03 19:00:00,35.0,71.0,99.9,33.65
2021-05-03 20:00:00,32.75,78.78,99.9,33.05
2021-05-03 21:00:00,26.38,71.67,99.9,32.88
2021-05-03 22:00:00,23.13,72.11,99.9,32.77
2021-05-03 23:00:00,30.21,73.0,99.9,32.36
2021-05-04 00:00:00,33.38,72.22,99.9,32.2
2021-05-04 01:00:00,27.75,82.15,99.9,31.98
2021-05-04 02:00:00,31.0,75.67,99.9,31.66
2021-05-04 03:00:00,27.62,64.0,99.9,31.13
2021-05-04 04:00:00,28.12,72.56,99.9,30.77
2021-05-04 05:00:00,33.75,92.83,99.9,30.51
2021-05-04 06:00:00,35.84,101.11,99.9,30.4
2021-05-04 07:00:00,34.62,109.0,99.9,32.95
2021-05-04 08:00:00,44.95,78.45,99.9,36.75
2021-05-04 09:00:00,36.51,104.0,99.31,39.8
2021-05-04 10:00:00,35.62,86.78,89.91,41.44
2021-05-04 11:00:00,29.0,86.78,75.32,42.75
2021-05-04 12:00:00,28.38,83.0,77.28,41.81
2021-05-04 13:00:00,29.75,97.78,99.79,40.84
2021-05-04 14:00:00,26.09,89.25,99.91,40.14
2021-05-04 15:00:00,16.88,74.13,99.91,40.06
2021-05-04 16:00:00,14.25,67.89,99.91,39.72
2021-05-04 17:00:00,17.91,59.22,99.91,39.29
2021-05-04 18:00:00,24.11,70.17,99.81,37.88
2021-05-04 19:00:00,21.0,69.34,99.91,35.42
2021-05-04 20:00:00,25.95,80.4,99.91,34.41
2021-05-04 21:00:00,32.98,90.22,99.91,34.11
2021-05-04 22:00:00,33.75,93.56,99.91,33.66
2021-05-04 23:00:00,40.75,100.22,99.91,33.27
2021-05-05 00:00:00,39.36,104.33,99.91,32.87
2021-05-05 01:00:00,34.0,88.0,99.91,32.3
2021-05-05 02:00:00,33.38,73.22,99.91,31.55
2021-05-05 03:00:00,34.0,84.56,99.91,31.32
2021-05-05 04:00:00,38.91,96.78,99.91,31.05
2021-05-05 05:00:00,48.02,116.11,99.91,30.77
2021-05-05 06:00:00,47.22,96.8,99.91,30.62
2021-05-05 07:00:00,54.98,111.0,99.91,32.66
2021-05-05 08:00:00,66.58,140.33,99.91,35.58
2021-05-05 09:00:00,43.09,90.42,99.91,37.17
2021-05-05 10:00:00,32.73,75.55,99.89,39.1
2021-05-05 11:00:00,30.13,93.11,91.67,40.36
2021-05-05 12:00:00,31.62,90.25,84.24,41.28
2021-05-05 13:00:00,28.73,81.8,99.88,40.95
2021-05-05 14:00:00,30.384,80.64,99.884,39.940000000000005
2021-05-05 15:00:00,32.038,79.48,99.888,38.93
2021-05-05 16:00:00,33.692,78.32,99.892,37.92
2021-05-05 17:00:00,35.346000000000004,77.16,99.896,36.91
2021-05-05 18:00:00,37.0,76.0,99.9,35.9
2021-05-05 19:00:00,34.19,69.8,99.9,34.78
2021-05-05 20:00:00,30.595,68.1,99.9,34.12
2021-05-05 21:00:00,27.0,64.0,99.9,33.62
2021-05-05 22:00:00,32.0,65.56,99.9,32.96
2021-05-05 23:00:00,32.0,60.0,99.9,32.39
2021-05-06 00:00:00,20.0,53.8,99.9,32.06
2021-05-06 01:00:00,22.27,45.0,99.9,31.78
2021-05-06 02:00:00,21.0,41.7,99.9,31.52
2021-05-06 03:00:00,18.23,39.0,99.9,31.18
2021-05-06 04:00:00,16.0,53.0,99.9,30.78
2021-05-06 05:00:00,24.38,39.83,99.9,30.21
2021-05-06 06:00:00,26.54,31.35,99.9,30.38
2021-05-06 07:00:00,27.0,72.0,99.9,33.38
2021-05-06 08:00:00,30.5,57.27,99.9,36.72
2021-05-06 09:00:00,38.09,86.0,99.9,38.77
2021-05-06 10:00:00,41.5,89.3,99.9,38.85
2021-05-06 11:00:00,38.19,81.0,99.9,39.61
2021-05-06 12:00:00,30.0,82.85,99.9,39.89
2021-05-06 13:00:00,26.68,77.47,99.9,39.76
2021-05-06 14:00:00,23.57,68.85,99.9,39.724999999999994
2021-05-06 15:00:00,20.46,60.23,99.9,39.69
2021-05-06 16:00:00,19.5,67.0,99.9,38.55
2021-05-06 17:00:00,22.25,63.66,99.9,36.93
2021-05-06 18:00:00,21.0,57.15,99.9,34.84
2021-05-06 19:00:00,20.49,54.0,99.9,33.39
2021-05-06 20:00:00,19.0,60.05,99.9,32.82
2021-05-06 21:00:00,22.73,62.22,99.9,32.59
2021-05-06 22:00:00,20.02,64.4,99.9,32.41
2021-05-06 23:00:00,23.0,62.58,99.9,32.2
2021-05-07 00:00:00,21.87,57.0,99.9,31.82
2021-05-07 01:00:00,20.0,61.0,99.9,31.55
2021-05-07 02:00:00,20.26,56.0,99.9,31.34
2021-05-07 03:00:00,17.22,48.0,99.9,31.16
2021-05-07 04:00:00,14.49,38.0,99.9,31.15
2021-05-07 05:00:00,14.0,34.0,99.9,31.15
2021-05-07 06:00:00,24.12,58.02,99.9,31.02
2021-05-07 07:00:00,35.24,75.85,99.9,32.88
2021-05-07 08:00:00,34.0,72.0,99.9,35.49
2021-05-07 09:00:00,30.36,85.0,99.9,39.06
2021-05-07 10:00:00,26.76,82.0,99.9,38.9
2021-05-07 11:00:00,30.0,84.0,93.82,39.86
2021-05-07 12:00:00,30.38,85.55,96.84,40.38
2021-05-07 13:00:00,30.25,92.2,99.9,39.0
2021-05-07 14:00:00,28.0,81.0,99.9,39.43
2021-05-07 15:00:00,27.75,81.0,99.9,39.51
2021-05-07 16:00:00,29.0,74.0,99.9,39.29
2021-05-07 17:00:00,27.36,60.83,99.9,37.7
2021-05-07 18:00:00,25.56,59.0,99.9,35.7
2021-05-07 19:00:00,27.24,65.0,99.9,33.56
2021-05-07 20:00:00,26.62,62.68,99.9,33.33
2021-05-07 21:00:00,27.28,64.0,99.9,33.03
2021-05-07 22:00:00,29.47,57.0,99.9,32.72
2021-05-07 23:00:00,28.75,60.1,99.9,32.39
2021-05-08 00:00:00,30.76,60.0,99.9,32.01
2021-05-08 01:00:00,31.0,58.6,99.9,31.87
2021-05-08 02:00:00,25.49,46.0,99.9,31.61
2021-05-08 03:00:00,18.95,43.0,99.9,31.38
2021-05-08 04:00:00,17.76,41.9,99.9,31.24
2021-05-08 05:00:00,16.5,38.25,99.9,30.62
2021-05-08 06:00:00,19.33,36.0,99.9,30.4
2021-05-08 07:00:00,22.79,39.0,99.9,32.9
2021-05-08 08:00:00,29.89,51.36,99.9,36.98
2021-05-08 09:00:00,33.0,64.9,99.9,39.17
2021-05-08 10:00:00,33.5,75.75,99.86,39.3
2021-05-08 11:00:00,33.23,74.12,88.44,40.39
2021-05-08 12:00:00,28.73,66.03,93.14,40.81
2021-05-08 13:00:00,27.04,87.0,99.9,40.59
2021-05-08 14:00:00,29.0,85.4,99.9,39.89
2021-05-08 15:00:00,18.1,64.82,99.9,40.07
2021-05-08 16:00:00,18.25263157894737,65.77684210526316,99.9,40.0221052631579
2021-05-08 17:00:00,18.405263157894737,66.7336842105263,99.9,39.97421052631579
2021-05-08 18:00:00,18.557894736842105,67.69052631578947,99.9,39.92631578947368
2021-05-08 19:00:00,18.710526315789476,68.64736842105263,99.9,39.87842105263158
2021-05-08 20:00:00,18.863157894736844,69.60421052631578,99.9,39.83052631578947
2021-05-08 21:00:00,19.01578947368421,70.56105263157895,99.9,39.78263157894737
2021-05-08 22:00:00,19.16842105263158,71.5178947368421,99.9,39.734736842105264
2021-05-08 23:00:00,19.321052631578947,72.47473684210526,99.9,39.68684210526315
2021-05-09 00:00:00,19.473684210526315,73.43157894736842,99.9,39.63894736842105
2021-05-09 01:00:00,19.626315789473686,74.38842105263157,99.9,39.59105263157895
2021-05-09 02:00:00,19.778947368421054,75.34526315789473,99.9,39.543157894736844
2021-05-09 03:00:00,19.931578947368422,76.3021052631579,99.9,39.49526315789473
2021-05-09 04:00:00,20.08421052631579,77.25894736842105,99.9,39.44736842105263
2021-05-09 05:00:00,20.236842105263158,78.21578947368421,99.9,39.39947368421053
2021-05-09 06:00:00,20.389473684210525,79.17263157894737,99.9,39.35157894736842
2021-05-09 07:00:00,20.542105263157893,80.12947368421052,99.9,39.30368421052631
2021-05-09 08:00:00,20.694736842105264,81.08631578947369,99.9,39.25578947368421
2021-05-09 09:00:00,20.847368421052632,82.04315789473685,99.9,39.2078947368421
2021-05-09 10:00:00,21.0,83.0,99.9,39.16
2021-05-09 11:00:00,22.89,93.0,99.9,39.47
2021-05-09 12:00:00,29.8,97.0,99.9,39.63
2021-05-09 13:00:00,29.47,94.25,99.9,39.59
2021-05-09 14:00:00,28.0,82.75,99.9,39.17
2021-05-09 15:00:00,16.5,69.5,99.9,38.97
2021-05-09 16:00:00,17.38,62.28,99.9,38.79
2021-05-09 17:00:00,18.189999999999998,58.14,99.9,36.53
2021-05-09 18:00:00,19.0,54.0,99.9,34.27
2021-05-09 19:00:00,15.22,52.45,99.9,33.37
2021-05-09 20:00:00,9.0,52.3,99.9,32.86
2021-05-09 21:00:00,16.0,54.0,99.9,32.49
2021-05-09 22:00:00,14.48,47.47,99.9,32.31
2021-05-09 23:00:00,11.5,46.9,99.9,32.19
2021-05-10 00:00:00,12.5,47.0,99.9,32.0
2021-05-10 01:00:00,13.25,49.75,99.9,31.98
2021-05-10 02:00:00,11.75,45.02,99.9,31.88
2021-05-10 03:00:00,10.75,39.19,99.9,31.54
2021-05-10 04:00:00,10.0,35.45,99.9,31.29
2021-05-10 05:00:00,12.5,32.8,99.9,30.72
2021-05-10 06:00:00,16.51,41.0,99.9,30.95
2021-05-10 07:00:00,23.8,102.78,99.9,33.07
2021-05-10 08:00:00,23.0,45.0,99.9,36.22
2021-05-10 09:00:00,12.82,51.18,99.9,38.18
2021-05-10 10:00:00,18.26,59.18,99.9,39.44
2021-05-10 11:00:00,17.5,64.81,98.9,39.64
2021-05-10 12:00:00,22.0,53.0,99.24,39.94
2021-05-10 13:00:00,20.98,70.01,99.9,40.13
2021-05-10 14:00:00,16.48,69.0,82.34,41.05
2021-05-10 15:00:00,12.49,64.1,89.46,40.22
2021-05-10 16:00:00,10.38,56.12,96.19,39.16
2021-05-10 17:00:00,11.52,50.0,99.83,37.8
2021-05-10 18:00:00,12.79,48.0,99.9,35.42
2021-05-10 19:00:00,15.52,54.2,99.9,33.06
2021-05-10 20:00:00,15.715714285714286,53.25714285714286,99.9,33.36
2021-05-10 21:00:00,15.911428571428571,52.31428571428572,99.9,33.660000000000004
2021-05-10 22:00:00,16.107142857142858,51.371428571428574,99.9,33.96
2021-05-10 23:00:00,16.302857142857142,50.42857142857143,99.9,34.260000000000005
2021-05-11 00:00:00,16.498571428571427,49.48571428571429,99.9,34.56
2021-05-11 01:00:00,16.694285714285716,48.542857142857144,99.9,34.86
2021-05-11 02:00:00,16.89,47.6,99.9,35.160000000000004
2021-05-11 03:00:00,17.085714285714285,46.65714285714286,99.9,35.46
2021-05-11 04:00:00,17.281428571428574,45.714285714285715,99.9,35.76
2021-05-11 05:00:00,17.47714285714286,44.77142857142857,99.9,36.06
2021-05-11 06:00:00,17.672857142857143,43.82857142857143,99.9,36.36
2021-05-11 07:00:00,17.86857142857143,42.885714285714286,99.9,36.660000000000004
2021-05-11 08:00:00,18.064285714285717,41.94285714285714,99.9,36.96
2021-05-11 09:00:00,18.26,41.0,99.9,38.36
2021-05-11 10:00:00,18.5,42.55,99.9,38.5
2021-05-11 11:00:00,20.5,46.86,99.9,38.51
2021-05-11 12:00:00,20.14,43.35,99.9,38.17
2021-05-11 13:00:00,13.28,49.0,99.9,38.67
2021-05-11 14:00:00,15.48,45.14,99.81,38.86
2021-05-11 15:00:00,12.74,39.0,99.56,39.42
2021-05-11 16:00:00,11.25,38.45,99.9,39.16
2021-05-11 17:00:00,14.95,45.0,99.9,37.49
2021-05-11 18:00:00,23.0,42.0,99.9,35.9
2021-05-11 19:00:00,16.38,34.0,99.9,33.0
2021-05-11 20:00:00,19.28,40.0,99.9,32.14
2021-05-11 21:00:00,19.0,36.0,99.9,31.74
2021-05-11 22:00:00,15.38,37.55,99.9,31.57
2021-05-11 23:00:00,16.38,32.0,99.9,31.47
2021-05-12 00:00:00,15.5,33.55,99.9,31.38
2021-05-12 01:00:00,14.0,31.28,99.9,31.23
2021-05-12 02:00:00,21.0,29.55,99.9,30.93
2021-05-12 03:00:00,16.81,24.59,99.9,30.82
2021-05-12 04:00:00,10.0,21.45,99.9,30.35
2021-05-12 05:00:00,16.09,21.0,99.9,30.08
2021-05-12 06:00:00,19.14,47.13,99.9,30.01
2021-05-12 07:00:00,17.5,38.0,99.9,33.54
2021-05-12 08:00:00,14.38,41.0,99.9,37.59
2021-05-12 09:00:00,15.0,44.85,99.9,35.14
2021-05-12 10:00:00,21.84,31.0,99.9,38.25
2021-05-12 11:00:00,16.86,41.0,99.9,39.03
2021-05-12 12:00:00,15.0,42.07,99.9,38.25
2021-05-12 13:00:00,17.1,54.0,99.9,38.63
2021-05-12 14:00:00,14.76,54.0,99.9,38.7
2021-05-12 15:00:00,15.0,50.22,99.9,38.61
2021-05-12 16:00:00,14.0,40.0,99.9,37.97
2021-05-12 17:00:00,14.38,43.1,99.9,37.23
2021-05-12 18:00:00,17.0,33.92,99.9,34.66
2021-05-12 19:00:00,16.5,33.32,99.9,32.43
2021-05-12 20:00:00,14.0,34.18,99.9,31.89
2021-05-12 21:00:00,14.5,34.36,99.9,31.64
2021-05-12 22:00:00,15.38,31.45,99.9,31.62
2021-05-12 23:00:00,14.17,37.2,99.9,31.57
2021-05-13 00:00:00,8.0,31.92,99.9,31.35
2021-05-13 01:00:00,6.0,22.0,99.9,31.19
2021-05-13 02:00:00,5.0,22.44,99.9,30.97
2021-05-13 03:00:00,15.57,76.0,99.9,30.54
2021-05-13 04:00:00,23.0,62.8,99.9,30.69
2021-05-13 05:00:00,29.05,160.0,99.9,30.59
2021-05-13 06:00:00,34.0,121.39,99.9,30.93
2021-05-13 07:00:00,27.5,101.5,99.9,33.42
2021-05-13 08:00:00,21.52,90.84,99.9,35.16
2021-05-13 09:00:00,20.72,58.0,99.9,36.9
2021-05-13 10:00:00,17.0,56.84,99.9,38.3
2021-05-13 11:00:00,17.759999999999998,57.30500000000001,99.9,38.1
2021-05-13 12:00:00,18.52,57.77,99.9,38.51
2021-05-13 13:00:00,21.0,58.36,99.9,38.19
2021-05-13 14:00:00,16.7,59.0,99.9,38.11
2021-05-13 15:00:00,14.3,53.59,99.9,38.47
2021-05-13 16:00:00,18.0,47.14,99.9,37.89
2021-05-13 17:00:00,14.76,50.0,99.9,37.51
2021-05-13 18:00:00,15.38,53.08,99.9,34.58
2021-05-13 19:00:00,16.5,45.0,99.9,32.56
2021-05-13 20:00:00,17.79,54.0,99.9,32.06
2021-05-13 21:00:00,15.895,57.18,99.9,31.83
2021-05-13 22:00:00,14.0,60.36,99.9,31.8
2021-05-13 23:00:00,19.86,54.0,99.9,31.58
2021-05-14 00:00:00,16.7,50.91,99.9,31.43
2021-05-14 01:00:00,13.0,36.0,99.9,30.78
2021-05-14 02:00:00,16.0,31.37,99.9,30.25
2021-05-14 03:00:00,21.43,39.0,99.9,29.93
2021-05-14 04:00:00,22.215,38.5,99.9,29.48
2021-05-14 05:00:00,23.0,38.0,99.9,29.59
2021-05-14 06:00:00,20.0,57.23,99.9,29.57
2021-05-14 07:00:00,18.4,61.91,99.9,31.81
2021-05-14 08:00:00,23.47,70.0,99.9,36.03
2021-05-14 09:00:00,22.0,69.23,99.9,38.07
2021-05-14 10:00:00,22.0,79.0,99.9,38.86
2021-05-14 11:00:00,20.57111111111111,76.85714285714286,99.9,38.52285714285714
2021-05-14 12:00:00,19.142222222222223,74.71428571428571,99.9,38.18571428571428
2021-05-14 13:00:00,17.71333333333333,72.57142857142857,99.9,37.848571428571425
2021-05-14 14:00:00,16.284444444444446,70.42857142857143,99.9,37.511428571428574
2021-05-14 15:00:00,14.855555555555556,68.28571428571429,99.9,37.174285714285716
2021-05-14 16:00:00,13.426666666666666,66.14285714285714,99.9,36.83714285714286
2021-05-14 17:00:00,11.997777777777777,64.0,99.9,36.5
2021-05-14 18:00:00,10.568888888888889,64.0,99.9,35.32
2021-05-14 19:00:00,9.14,51.0,99.9,33.83
2021-05-14 20:00:00,11.0,51.27,99.9,33.19
2021-05-14 21:00:00,10.0,43.0,99.9,33.28
2021-05-14 22:00:00,8.86,37.0,99.9,33.28
2021-05-14 23:00:00,8.9,40.08,99.9,33.17
2021-05-15 00:00:00,11.0,37.0,99.9,32.95
2021-05-15 01:00:00,11.77,47.0,99.9,32.86
2021-05-15 02:00:00,13.9,40.47,99.9,32.77
2021-05-15 03:00:00,17.0,40.45,99.9,32.77
2021-05-15 04:00:00,17.0,46.09,99.9,32.67
2021-05-15 05:00:00,13.0,47.0,99.9,32.42
2021-05-15 06:00:00,13.65,39.0,99.9,31.46
2021-05-15 07:00:00,14.3,42.23,99.9,32.25
2021-05-15 08:00:00,19.92,54.8,99.9,33.45
2021-05-15 09:00:00,28.5,61.92,99.9,33.86
2021-05-15 10:00:00,36.94,88.0,99.9,34.99
2021-05-15 11:00:00,54.2,121.0,98.11,38.73
2021-05-15 12:00:00,72.46000000000001,150.0,91.06,40.17
2021-05-15 13:00:00,90.72,163.85,78.73,42.67
2021-05-15 14:00:00,81.0,162.07,73.69,43.15
2021-05-15 15:00:00,73.47,140.78,73.48,43.12
2021-05-15 16:00:00,73.75999999999999,140.89,95.13,40.91
2021-05-15 17:00:00,74.05,141.0,99.9,39.34
2021-05-15 18:00:00,67.87,159.0,99.9,38.03
2021-05-15 19:00:00,65.0,157.0,99.9,37.57
2021-05-15 20:00:00,66.0,146.0,99.9,37.76
2021-05-15 21:00:00,48.0,159.18,95.8,37.65
2021-05-15 22:00:00,51.0,162.61,94.56,37.61
2021-05-15 23:00:00,58.0,151.0,97.26,37.7
2021-05-16 00:00:00,54.5625,144.501875,97.17562500000001,37.84375
2021-05-16 01:00:00,51.125,138.00375,97.09125,37.987500000000004
2021-05-16 02:00:00,47.6875,131.505625,97.00687500000001,38.13125
2021-05-16 03:00:00,44.25,125.0075,96.9225,38.275000000000006
2021-05-16 04:00:00,40.8125,118.509375,96.838125,38.41875
2021-05-16 05:00:00,37.375,112.01125,96.75375,38.5625
2021-05-16 06:00:00,33.9375,105.513125,96.669375,38.706250000000004
2021-05-16 07:00:00,30.5,99.015,96.58500000000001,38.85
2021-05-16 08:00:00,27.0625,92.516875,96.500625,38.99375
2021-05-16 09:00:00,23.625,86.01875,96.41625,39.1375
2021-05-16 10:00:00,20.1875,79.520625,96.331875,39.28125
2021-05-16 11:00:00,16.75,73.02250000000001,96.2475,39.425
2021-05-16 12:00:00,13.3125,66.524375,96.163125,39.56875
2021-05-16 13:00:00,9.875,60.026250000000005,96.07875,39.7125
2021-05-16 14:00:00,6.4375,53.528125,95.99437499999999,39.85625
2021-05-16 15:00:00,3.0,47.03,95.91,40.0
2021-05-16 16:00:00,7.0,41.0,95.28,39.59
2021-05-16 17:00:00,8.92,55.0,95.36,38.27
2021-05-16 18:00:00,11.46,53.46,93.71,38.02
2021-05-16 19:00:00,10.293750000000001,48.768,94.948,37.334
2021-05-16 20:00:00,9.127500000000001,44.076,96.18599999999999,36.648
2021-05-16 21:00:00,7.96125,39.384,97.424,35.962
2021-05-16 22:00:00,6.795,34.692,98.662,35.276
2021-05-16 23:00:00,5.62875,30.0,99.9,34.59
2021-05-17 00:00:00,4.4624999999999995,54.0,99.9,34.41
2021-05-17 01:00:00,3.296249999999999,54.7,99.9,34.19
2021-05-17 02:00:00,2.13,58.0,99.9,33.19
2021-05-17 03:00:00,9.22,41.0,99.9,33.14
2021-05-17 04:00:00,12.4,98.14,99.9,30.73
2021-05-17 05:00:00,7.21,51.91,99.9,27.25
2021-05-17 06:00:00,5.0,32.69,99.9,26.88
2021-05-17 07:00:00,4.901142857142857,32.459374999999994,99.9,26.993125
2021-05-17 08:00:00,4.8022857142857145,32.22875,99.9,27.10625
2021-05-17 09:00:00,4.703428571428572,31.998124999999998,99.9,27.219375
2021-05-17 10:00:00,4.604571428571429,31.7675,99.9,27.3325
2021-05-17 11:00:00,4.505714285714285,31.536875,99.9,27.445625
2021-05-17 12:00:00,4.406857142857143,31.30625,99.9,27.55875
2021-05-17 13:00:00,4.308,31.075625,99.9,27.671875
2021-05-17 14:00:00,4.209142857142857,30.845,99.9,27.785
2021-05-17 15:00:00,4.110285714285714,30.614375,99.9,27.898125
2021-05-17 16:00:00,4.011428571428572,30.38375,99.9,28.01125
2021-05-17 17:00:00,3.912571428571429,30.153125,99.9,28.124375
2021-05-17 18:00:00,3.813714285714286,29.9225,99.9,28.2375
2021-05-17 19:00:00,3.714857142857143,29.691875,99.9,28.350625
2021-05-17 20:00:00,3.616,29.46125,99.9,28.46375
2021-05-17 21:00:00,3.517142857142857,29.230625,99.9,28.576875
2021-05-17 22:00:00,3.418285714285714,29.0,99.9,28.69
2021-05-17 23:00:00,3.3194285714285714,21.4,99.9,28.37
2021-05-18 00:00:00,3.2205714285714286,13.8,99.9,28.59
2021-05-18 01:00:00,3.121714285714286,19.0,99.9,28.55
2021-05-18 02:00:00,3.022857142857143,25.93,99.9,28.54
2021-05-18 03:00:00,2.924,27.14,99.9,28.41
2021-05-18 04:00:00,2.825142857142857,18.04,99.9,28.56
2021-05-18 05:00:00,2.7262857142857144,25.0,99.9,29.45
2021-05-18 06:00:00,2.6274285714285717,21.15,99.9,30.51
2021-05-18 07:00:00,2.528571428571429,24.31,99.9,30.93
2021-05-18 08:00:00,2.4297142857142857,28.54,99.9,31.04
2021-05-18 09:00:00,2.330857142857143,30.0,99.9,31.24
2021-05-18 10:00:00,2.232,34.85,99.9,31.5
2021-05-18 11:00:00,2.1331428571428575,44.38,99.9,32.28
2021-05-18 12:00:00,2.0342857142857143,64.0,99.9,33.6
2021-05-18 13:00:00,1.9354285714285715,83.17,99.9,34.25
2021-05-18 14:00:00,1.8365714285714287,92.85,99.9,34.62
2021-05-18 15:00:00,1.737714285714286,100.12,99.9,34.77
2021-05-18 16:00:00,1.6388571428571432,107.39,99.9,34.35
2021-05-18 17:00:00,1.54,93.0,99.9,33.81
2021-05-18 18:00:00,1.5,93.0,99.9,33.3
2021-05-18 19:00:00,2.0,93.54,99.9,32.65
2021-05-18 20:00:00,3.26,87.08,99.9,32.24
2021-05-18 21:00:00,4.0,84.6,99.9,31.95
2021-05-18 22:00:00,1.0,64.36,99.9,30.93
2021-05-18 23:00:00,3.3,57.69,99.9,29.49
2021-05-19 00:00:00,4.5,57.0,99.9,29.5
2021-05-19 01:00:00,2.0,52.2,99.9,29.77
2021-05-19 02:00:00,2.485,40.3,99.9,29.82
2021-05-19 03:00:00,2.9699999999999998,44.13,99.9,30.41
2021-05-19 04:00:00,3.455,55.0,99.9,30.57
2021-05-19 05:00:00,3.94,47.45,99.9,30.59
2021-05-19 06:00:00,0.73,46.93,99.9,30.48
2021-05-19 07:00:00,2.8649999999999998,62.0,99.9,29.54
2021-05-19 08:00:00,5.0,53.69,99.9,27.91
2021-05-19 09:00:00,5.89,24.0,99.9,27.22
2021-05-19 10:00:00,6.78,26.31,99.9,27.98
2021-05-19 11:00:00,7.67,40.0,99.9,29.57
2021-05-19 12:00:00,8.7,43.09,99.9,31.44
2021-05-19 13:00:00,3.67,54.77,99.9,32.34
2021-05-19 14:00:00,2.6999999999999997,60.66,99.9,34.75
2021-05-19 15:00:00,1.7299999999999998,69.92,99.9,35.96
2021-05-19 16:00:00,0.76,68.17,99.9,35.36
2021-05-19 17:00:00,3.13,67.0,99.9,34.59
2021-05-19 18:00:00,9.0,73.0,99.9,32.48
2021-05-19 19:00:00,10.15,78.0,99.9,31.34
2021-05-19 20:00:00,11.0,77.23,99.9,31.05
2021-05-19 21:00:00,8.66,62.43,99.9,30.75
2021-05-19 22:00:00,4.23,67.0,99.9,30.42
2021-05-19 23:00:00,10.28,77.77,99.9,30.18
2021-05-20 00:00:00,20.08,96.33,99.9,30.03
2021-05-20 01:00:00,16.46,97.15,99.9,29.86
2021-05-20 02:00:00,13.08,90.61,99.9,29.61
2021-05-20 03:00:00,10.0,87.38,99.9,29.39
2021-05-20 04:00:00,11.6,83.0,99.9,29.18
2021-05-20 05:00:00,16.5,89.4,99.9,28.98
2021-05-20 06:00:00,16.2,97.0,99.9,29.08
2021-05-20 07:00:00,15.93,114.7,99.9,30.93
2021-05-20 08:00:00,16.0,124.31,99.9,33.91
2021-05-20 09:00:00,11.93,154.93,99.9,35.45
2021-05-20 10:00:00,12.0,202.88,99.9,36.59
2021-05-20 11:00:00,26.13,253.0,99.9,37.15
2021-05-20 12:00:00,19.51,235.0,99.9,37.33
2021-05-20 13:00:00,17.0,223.14,99.9,37.42
2021-05-20 14:00:00,11.3,209.93,99.9,37.71
2021-05-20 15:00:00,15.0,221.0,99.9,37.51
2021-05-20 16:00:00,16.45,227.0,99.9,36.91
2021-05-20 17:00:00,12.0,203.92,99.9,36.25
2021-05-20 18:00:00,11.93,183.53,99.9,34.42
2021-05-20 19:00:00,13.4,159.61,99.9,32.72
2021-05-20 20:00:00,14.934999999999999,153.0,99.9,32.2
2021-05-20 21:00:00,16.47,161.0,99.9,31.86
2021-05-20 22:00:00,16.67,151.0,99.9,31.56
2021-05-20 23:00:00,18.46,147.23,99.9,31.36
2021-05-21 00:00:00,17.0,147.2,99.9,30.98
2021-05-21 01:00:00,19.85,175.0,99.9,30.71
2021-05-21 02:00:00,18.0,174.13,99.9,30.62
2021-05-21 03:00:00,14.0,156.07,99.9,30.16
2021-05-21 04:00:00,17.06,138.0,99.9,29.83
2021-05-21 05:00:00,19.48,125.0,99.9,29.23
2021-05-21 06:00:00,16.93,115.94,99.9,29.49
2021-05-21 07:00:00,22.805,137.05,99.9,31.799999999999997
2021-05-21 08:00:00,28.68,158.16,99.9,34.11
2021-05-21 09:00:00,25.0,151.06,99.9,35.47
2021-05-21 10:00:00,23.272727272727273,145.154,99.9,35.161
2021-05-21 11:00:00,21.545454545454547,139.248,99.9,34.852
2021-05-21 12:00:00,19.81818181818182,133.34199999999998,99.9,34.543
2021-05-21 13:00:00,18.09090909090909,127.436,99.9,34.234
2021-05-21 14:00:00,16.363636363636363,121.53,99.9,33.925
2021-05-21 15:00:00,14.636363636363637,115.624,99.9,33.616
2021-05-21 16:00:00,12.909090909090908,109.71799999999999,99.9,33.307
2021-05-21 17:00:00,11.181818181818182,103.812,99.9,32.998000000000005
2021-05-21 18:00:00,9.454545454545455,97.906,99.9,32.689
2021-05-21 19:00:00,7.727272727272727,92.0,99.9,32.38
2021-05-21 20:00:00,6.0,102.73,99.9,32.15
2021-05-21 21:00:00,6.0,129.0,99.9,32.03
2021-05-21 22:00:00,13.0,136.0,99.9,31.85
2021-05-21 23:00:00,9.0,116.0,99.9,31.43
2021-05-22 00:00:00,10.91,106.94,99.9,31.34
2021-05-22 01:00:00,18.3,118.93,99.9,30.94
2021-05-22 02:00:00,22.0,128.0,99.9,30.73
2021-05-22 03:00:00,24.8,125.87,99.9,30.91
2021-05-22 04:00:00,37.5,140.16,99.9,30.84
2021-05-22 05:00:00,41.5,118.0,99.9,30.5
2021-05-22 06:00:00,31.91,100.0,99.9,30.59
2021-05-22 07:00:00,31.0,127.0,99.9,31.95
2021-05-22 08:00:00,18.73,115.0,99.9,35.58
2021-05-22 09:00:00,12.34,112.87,99.9,35.88
2021-05-22 10:00:00,6.5,104.0,99.9,38.25
2021-05-22 11:00:00,11.5,100.5,99.9,38.64
2021-05-22 12:00:00,16.5,97.0,99.9,38.26
2021-05-22 13:00:00,22.0,106.16,99.9,38.2
2021-05-22 14:00:00,23.55,101.0,99.9,38.43
2021-05-22 15:00:00,26.0,103.3,99.9,37.47
2021-05-22 16:00:00,24.07,105.06,99.9,35.67
2021-05-22 17:00:00,21.0,94.0,99.9,35.31
2021-05-22 18:00:00,24.0,90.0,99.9,33.8
2021-05-22 19:00:00,34.0,122.0,99.9,32.66
2021-05-22 20:00:00,35.53,102.0,99.9,32.52
2021-05-22 21:00:00,37.23,114.0,99.9,32.6
2021-05-22 22:00:00,35.5,111.34,99.9,32.47
2021-05-22 23:00:00,34.27,118.2,99.9,32.25
2021-05-23 00:00:00,34.47,112.0,99.9,32.05
2021-05-23 01:00:00,33.849999999999994,107.315,99.9,32.0
2021-05-23 02:00:00,33.23,102.63,99.9,31.82
2021-05-23 03:00:00,32.27,88.0,99.9,31.63
2021-05-23 04:00:00,34.0,91.73,99.9,31.61
2021-05-23 05:00:00,32.28,95.77,99.9,31.27
2021-05-23 06:00:00,36.0,91.0,99.9,31.39
2021-05-23 07:00:00,39.2,103.0,99.9,32.66
2021-05-23 08:00:00,37.78,108.0,99.9,33.92
2021-05-23 09:00:00,30.62,85.69,99.9,36.34
2021-05-23 10:00:00,25.0,74.0,99.9,37.16
2021-05-23 11:00:00,23.0,67.1,99.9,38.01
2021-05-23 12:00:00,21.0,71.4,99.9,37.82
2021-05-23 13:00:00,29.45,70.0,99.9,37.61
2021-05-23 14:00:00,28.0,67.34,99.9,37.95
2021-05-23 15:00:00,18.8,64.0,99.9,38.2
2021-05-23 16:00:00,21.0,62.0,99.9,38.38
2021-05-23 17:00:00,23.0,62.86,99.9,37.73
2021-05-23 18:00:00,24.0,64.0,99.9,35.32
2021-05-23 19:00:00,24.0,67.2,99.9,33.5
2021-05-23 20:00:00,25.5,77.67,99.9,32.58
2021-05-23 21:00:00,27.0,75.73,99.9,32.26
2021-05-23 22:00:00,24.93,80.0,99.9,32.04
2021-05-23 23:00:00,26.07,69.0,99.9,31.86
2021-05-24 00:00:00,23.0,66.0,99.9,31.33
2021-05-24 01:00:00,19.7,66.0,99.9,31.34
2021-05-24 02:00:00,24.77,78.27,99.9,30.91
2021-05-24 03:00:00,24.84,77.27,99.9,30.68
2021-05-24 04:00:00,25.0,63.0,99.9,30.31
2021-05-24 05:00:00,27.52,46.13,99.9,30.1
2021-05-24 06:00:00,31.0,92.0,99.9,30.55
2021-05-24 07:00:00,30.0,84.0,99.9,32.89
2021-05-24 08:00:00,31.5,76.47,99.9,35.86
2021-05-24 09:00:00,30.98,76.77,99.9,37.45
2021-05-24 10:00:00,26.07,72.0,99.9,39.76
2021-05-24 11:00:00,28.5,69.36,99.9,37.82
2021-05-24 12:00:00,24.85,65.0,99.9,38.12
2021-05-24 13:00:00,23.0,65.07,99.9,37.92
2021-05-24 14:00:00,20.0,62.93,99.9,37.88
2021-05-24 15:00:00,20.0,71.0,99.9,38.2
2021-05-24 16:00:00,18.45,66.38,99.9,38.02
2021-05-24 17:00:00,16.55,65.0,99.9,37.21
2021-05-24 18:00:00,18.775,62.0,99.9,35.43
2021-05-24 19:00:00,21.0,68.0,99.9,33.37
2021-05-24 20:00:00,22.16,66.0,99.9,32.61
2021-05-24 21:00:00,23.73,64.47,99.9,32.31
2021-05-24 22:00:00,23.0,64.0,99.9,32.03
2021-05-24 23:00:00,20.77,67.2,99.9,31.93
2021-05-25 00:00:00,22.27,63.6,99.9,31.86
2021-05-25 01:00:00,19.91,67.2,99.9,31.79
2021-05-25 02:00:00,15.0,57.2,99.9,31.59
2021-05-25 03:00:00,17.0,51.0,99.9,31.35
2021-05-25 04:00:00,18.134999999999998,50.2,99.9,31.085
2021-05-25 05:00:00,19.27,49.4,99.9,30.82
2021-05-25 06:00:00,20.0,48.33,99.9,30.59
2021-05-25 07:00:00,21.0,59.0,99.9,32.03
2021-05-25 08:00:00,24.5,71.27,99.9,35.05
2021-05-25 09:00:00,27.5,75.77,99.9,36.13
2021-05-25 10:00:00,25.94,74.47,99.9,36.54
2021-05-25 11:00:00,26.97,118.0,99.9,37.2
2021-05-25 12:00:00,28.0,94.0,99.9,36.92
2021-05-25 13:00:00,21.09,96.3,99.9,37.16
2021-05-25 14:00:00,24.0,81.53,99.9,37.2
2021-05-25 15:00:00,25.27,73.87,99.9,37.24
2021-05-25 16:00:00,24.669999999999998,72.49600000000001,99.9,36.268
2021-05-25 17:00:00,24.07,71.122,99.9,35.296
2021-05-25 18:00:00,23.47,69.748,99.9,34.324000000000005
2021-05-25 19:00:00,22.87,68.374,99.9,33.352000000000004
2021-05-25 20:00:00,22.27,67.0,99.9,32.38
2021-05-25 21:00:00,26.36,67.0,99.9,32.22
2021-05-25 22:00:00,21.0,73.0,99.9,32.22
2021-05-25 23:00:00,23.0,63.07,99.9,31.88
2021-05-26 00:00:00,22.68,60.53,99.9,31.8
2021-05-26 01:00:00,19.39,63.29,99.9,31.64
2021-05-26 02:00:00,18.5,61.89,99.9,31.49
2021-05-26 03:00:00,17.0,59.0,99.9,31.51
2021-05-26 04:00:00,16.73,59.0,99.9,31.46
2021-05-26 05:00:00,17.5,50.0,99.9,31.18
2021-05-26 06:00:00,23.63,65.39,99.9,31.15
2021-05-26 07:00:00,31.0,87.0,99.9,31.75
2021-05-26 08:00:00,21.77,75.8,99.9,33.85
2021-05-26 09:00:00,20.82,68.0,99.9,36.78
2021-05-26 10:00:00,20.16,141.33,99.9,36.92
2021-05-26 11:00:00,22.0,173.0,99.9,37.09
2021-05-26 12:00:00,21.31,178.0,99.9,36.92
2021-05-26 13:00:00,22.81,139.6,99.9,37.28
2021-05-26 14:00:00,25.56,70.0,99.9,37.63
2021-05-26 15:00:00,26.0,72.44,99.86,37.8
2021-05-26 16:00:00,17.0,82.0,99.9,37.97
2021-05-26 17:00:00,21.0,95.87,99.9,37.02
2021-05-26 18:00:00,21.55,102.0,99.9,34.58
2021-05-26 19:00:00,21.275,88.0,99.9,33.62
2021-05-26 20:00:00,21.0,74.0,99.9,32.66
2021-05-26 21:00:00,21.84,75.53,99.9,32.64
2021-05-26 22:00:00,22.46,73.0,99.9,32.44
2021-05-26 23:00:00,21.73,78.0,99.9,32.38
2021-05-27 00:00:00,21.0,77.69,99.9,32.39
2021-05-27 01:00:00,20.333333333333332,74.50222222222222,99.9,32.63
2021-05-27 02:00:00,19.666666666666668,71.31444444444445,99.9,32.87
2021-05-27 03:00:00,19.0,68.12666666666667,99.9,33.11
2021-05-27 04:00:00,18.333333333333332,64.93888888888888,99.9,33.35
2021-05-27 05:00:00,17.666666666666668,61.751111111111115,99.9,33.589999999999996
2021-05-27 06:00:00,17.0,58.56333333333333,99.9,33.83
2021-05-27 07:00:00,16.333333333333336,55.37555555555556,99.9,34.07
2021-05-27 08:00:00,15.666666666666668,52.18777777777778,99.9,34.309999999999995
2021-05-27 09:00:00,15.0,49.0,99.9,34.55
2021-05-27 10:00:00,18.5,67.33,99.9,34.53
2021-05-27 11:00:00,24.0,72.0,99.9,36.57
2021-05-27 12:00:00,18.09,70.47,99.9,36.53
2021-05-27 13:00:00,20.45,68.47,99.9,37.05
2021-05-27 14:00:00,18.62,55.0,99.9,37.26
2021-05-27 15:00:00,18.0,71.89,99.9,37.63
2021-05-27 16:00:00,22.95,188.86,99.9,37.52
2021-05-27 17:00:00,26.0,196.78,99.9,36.88
2021-05-27 18:00:00,18.5,105.13,99.9,34.6
2021-05-27 19:00:00,30.28,73.09,99.9,33.39
2021-05-27 20:00:00,28.14,70.045,99.9,33.03
2021-05-27 21:00:00,26.0,67.0,99.9,32.99
2021-05-27 22:00:00,26.55,66.0,99.9,32.69
2021-05-27 23:00:00,25.3,58.0,99.9,32.83
2021-05-28 00:00:00,21.0,58.0,99.9,32.7
2021-05-28 01:00:00,12.0,54.0,99.9,32.46
2021-05-28 02:00:00,13.93,54.77,99.9,32.35
2021-05-28 03:00:00,13.91,54.47,99.9,32.3
2021-05-28 04:00:00,13.63,44.0,99.9,30.29
2021-05-28 05:00:00,19.5,36.36,99.9,30.93
2021-05-28 06:00:00,24.0,54.59,99.9,31.2
2021-05-28 07:00:00,22.6425,54.39125,99.9,32.18333333333333
2021-05-28 08:00:00,21.285,54.1925,99.9,33.166666666666664
2021-05-28 09:00:00,19.927500000000002,53.993750000000006,99.9,34.15
2021-05-28 10:00:00,18.57,53.795,99.9,35.13333333333333
2021-05-28 11:00:00,17.2125,53.59625,99.9,36.11666666666667
2021-05-28 12:00:00,15.855,53.3975,99.9,37.1
2021-05-28 13:00:00,14.4975,53.198750000000004,99.9,37.42
2021-05-28 14:00:00,13.14,53.0,99.9,37.88
2021-05-28 15:00:00,15.5,65.0,99.9,37.77
2021-05-28 16:00:00,11.0,76.0,99.9,37.24
2021-05-28 17:00:00,16.5,253.86,99.9,36.65
2021-05-28 18:00:00,23.07,266.78,99.9,35.23
2021-05-28 19:00:00,18.5,122.43,99.9,33.6
2021-05-28 20:00:00,18.17,82.0,99.9,33.19
2021-05-28 21:00:00,22.0,77.29,99.9,33.05
2021-05-28 22:00:00,24.39,82.22,99.9,32.91
2021-05-28 23:00:00,25.0,73.78,99.9,32.86
2021-05-29 00:00:00,23.82,73.13,99.9,32.75
2021-05-29 01:00:00,20.5,69.0,99.9,32.55
2021-05-29 02:00:00,14.45,71.0,99.9,32.28
2021-05-29 03:00:00,12.0,70.0,99.9,32.33
2021-05-29 04:00:00,21.17,66.31,99.9,32.18
2021-05-29 05:00:00,25.7,72.0,99.9,31.99
2021-05-29 06:00:00,29.0,78.11,99.9,31.95
2021-05-29 07:00:00,31.0,86.34,99.9,33.65
2021-05-29 08:00:00,32.0,106.52,99.9,35.36
2021-05-29 09:00:00,30.0,98.2,99.9,36.59
2021-05-29 10:00:00,30.03846153846154,94.36,99.9,37.0775
2021-05-29 11:00:00,30.076923076923077,90.52,99.9,37.565
2021-05-29 12:00:00,30.115384615384617,86.68,99.9,38.0525
2021-05-29 13:00:00,30.153846153846153,82.84,99.9,38.54
2021-05-29 14:00:00,30.192307692307693,79.0,99.9,38.31
2021-05-29 15:00:00,30.23076923076923,90.61,99.9,37.88
2021-05-29 16:00:00,30.26923076923077,101.76,99.9,38.09
2021-05-29 17:00:00,30.307692307692307,98.10111111111111,99.9,36.29
2021-05-29 18:00:00,30.346153846153847,94.44222222222223,99.9,34.97
2021-05-29 19:00:00,30.384615384615383,90.78333333333333,99.9,34.0
2021-05-29 20:00:00,30.423076923076923,87.12444444444445,99.9,33.57
2021-05-29 21:00:00,30.46153846153846,83.46555555555555,99.9,33.54
2021-05-29 22:00:00,30.5,79.80666666666667,99.9,33.46
2021-05-29 23:00:00,30.53846153846154,76.14777777777778,99.9,33.21
2021-05-30 00:00:00,30.576923076923077,72.48888888888888,99.9,33.13
2021-05-30 01:00:00,30.615384615384617,68.83,99.9,32.72
2021-05-30 02:00:00,30.653846153846153,66.77,99.9,31.99
2021-05-30 03:00:00,30.692307692307693,72.33,99.9,31.52
2021-05-30 04:00:00,30.73076923076923,74.19749999999999,99.9,31.09
2021-05-30 05:00:00,30.76923076923077,76.065,99.9,31.05
2021-05-30 06:00:00,30.807692307692307,77.9325,99.9,31.36
2021-05-30 07:00:00,30.846153846153847,79.8,99.9,33.185
2021-05-30 08:00:00,30.884615384615383,81.66749999999999,99.9,35.01
2021-05-30 09:00:00,30.923076923076923,83.535,99.9,37.4
2021-05-30 10:00:00,30.96153846153846,85.4025,99.9,38.16
2021-05-30 11:00:00,31.0,87.27,99.9,37.21
2021-05-30 12:00:00,28.5,75.18,99.9,37.4
2021-05-30 13:00:00,30.0,77.06,99.9,38.52
2021-05-30 14:00:00,25.0,67.0,99.9,37.98
2021-05-30 15:00:00,25.55,61.65,99.9,37.92
2021-05-30 16:00:00,27.0,64.18,99.9,37.28
2021-05-30 17:00:00,21.0,66.42,99.9,36.94
2021-05-30 18:00:00,15.5,65.0,99.9,35.46
2021-05-30 19:00:00,16.0,64.89,99.9,34.1
2021-05-30 20:00:00,18.44,59.18,99.9,33.66
2021-05-30 21:00:00,17.0,75.0,99.9,29.98
2021-05-30 22:00:00,16.0,60.9,99.9,29.39
2021-05-30 23:00:00,17.09,20.0,99.9,29.78
2021-05-31 00:00:00,26.5,44.36,99.9,30.23
2021-05-31 01:00:00,33.45,58.0,99.9,30.08
2021-05-31 02:00:00,31.05,48.6,99.9,29.56
2021-05-31 03:00:00,32.5,43.05,99.9,29.39
2021-05-31 04:00:00,28.0,42.084999999999994,99.9,29.89
2021-05-31 05:00:00,23.5,41.12,99.9,29.51
2021-05-31 06:00:00,31.0,41.29,99.9,29.63
2021-05-31 07:00:00,38.0,43.05,99.9,30.9
2021-05-31 08:00:00,31.0,81.0,99.9,34.09
2021-05-31 09:00:00,42.5,77.95,99.9,34.56
2021-05-31 10:00:00,30.78,82.0,99.9,37.4
2021-05-31 11:00:00,26.17,75.14,99.9,36.9
2021-05-31 12:00:00,23.0,47.0,99.9,33.66
2021-05-31 13:00:00,12.32,31.0,99.9,35.26
2021-05-31 14:00:00,16.0,48.0,99.9,34.47
2021-05-31 15:00:00,23.0,66.0,99.9,32.34
2021-05-31 16:00:00,22.0,66.53,99.9,32.11
2021-05-31 17:00:00,25.92,85.21000000000001,99.9,33.92
2021-05-31 18:00:00,29.84,103.89,99.9,33.52
2021-05-31 19:00:00,30.82,101.48,99.9,32.73
2021-05-31 20:00:00,31.78,102.0,99.9,32.43
2021-05-31 21:00:00,37.05,99.0,99.9,32.31
2021-05-31 22:00:00,35.33,98.0,99.9,32.02
2021-05-31 23:00:00,38.78,98.0,99.9,31.92
2021-06-01 00:00:00,34.55,88.11,99.9,31.6
2021-06-01 01:00:00,24.82,75.11,99.9,31.53
2021-06-01 02:00:00,24.17,68.0,99.9,31.29
2021-06-01 03:00:00,26.0,70.11,99.9,31.16
2021-06-01 04:00:00,19.39,68.93,99.9,31.3
2021-06-01 05:00:00,23.89,65.0,99.9,31.23
2021-06-01 06:00:00,27.33,70.34,99.9,31.41
2021-06-01 07:00:00,32.96,73.53,99.9,32.47
2021-06-01 08:00:00,34.09,72.48,99.9,33.88
2021-06-01 09:00:00,25.08,64.36,99.9,36.12
2021-06-01 10:00:00,16.67,60.44,99.9,37.92
2021-06-01 11:00:00,16.5,54.43,99.9,37.92
2021-06-01 12:00:00,14.22,52.0,99.9,37.97
2021-06-01 13:00:00,11.61,49.7,99.9,38.36
2021-06-01 14:00:00,12.55,40.0,99.9,38.43
2021-06-01 15:00:00,17.74,42.09,99.9,36.61
2021-06-01 16:00:00,20.05,40.2,99.9,37.14
2021-06-01 17:00:00,14.61,42.8,99.9,34.98
2021-06-01 18:00:00,15.66,43.24,99.9,31.66
2021-06-01 19:00:00,18.45,58.28,99.9,30.63
2021-06-01 20:00:00,15.72,37.88,99.9,28.74
2021-06-01 21:00:00,15.85,20.07,99.9,28.59
2021-06-01 22:00:00,24.22,27.0,99.9,28.38
2021-06-01 23:00:00,24.89,27.0,99.9,28.46
2021-06-02 00:00:00,25.89,33.07,99.9,28.59
2021-06-02 01:00:00,32.0,37.64,99.9,28.54
2021-06-02 02:00:00,32.56,46.88,99.9,28.68
2021-06-02 03:00:00,33.22,56.61,99.9,28.79
2021-06-02 04:00:00,30.45,51.0,99.9,28.94
2021-06-02 05:00:00,32.84,44.13,99.9,29.08
2021-06-02 06:00:00,38.83,55.75,99.9,29.45
2021-06-02 07:00:00,37.0,59.51,99.9,30.06
2021-06-02 08:00:00,33.333333333333336,62.67333333333333,99.9,31.98333333333333
2021-06-02 09:00:00,29.666666666666668,65.83666666666667,99.9,33.906666666666666
2021-06-02 10:00:00,26.0,69.0,99.9,35.83
2021-06-02 11:00:00,23.28,58.03,99.9,34.99
2021-06-02 12:00:00,17.87,50.28,99.9,35.98
2021-06-02 13:00:00,18.5,43.39,99.9,37.32
2021-06-02 14:00:00,21.28,38.91,99.9,35.74
2021-06-02 15:00:00,16.15,31.67,99.9,36.44
2021-06-02 16:00:00,12.04,25.43,99.9,37.41
2021-06-02 17:00:00,9.0,24.77,99.9,37.02
2021-06-02 18:00:00,11.22,33.37,99.9,35.05
2021-06-02 19:00:00,12.74,48.53,99.9,32.8
2021-06-02 20:00:00,17.39,66.85,99.9,31.33
2021-06-02 21:00:00,19.18,67.44,99.9,31.13
2021-06-02 22:00:00,27.66,77.42,99.9,31.23
2021-06-02 23:00:00,37.0,82.56,99.9,30.73
2021-06-03 00:00:00,30.55,64.21,99.9,30.66
2021-06-03 01:00:00,28.5,59.05,99.9,30.77
2021-06-03 02:00:00,31.11,53.15,99.9,30.52
2021-06-03 03:00:00,27.33,53.61,99.9,30.02
2021-06-03 04:00:00,28.26,51.43,99.9,29.61
2021-06-03 05:00:00,26.35,47.0,99.9,29.77
2021-06-03 06:00:00,28.82,47.77,99.9,30.15
2021-06-03 07:00:00,23.89,33.0,99.9,31.1
2021-06-03 08:00:00,19.0,38.33,99.9,33.77
2021-06-03 09:00:00,16.61,36.2,99.9,37.59
2021-06-03 10:00:00,19.52,37.11,99.9,39.08
2021-06-03 11:00:00,24.61,48.89,99.9,38.9
2021-06-03 12:00:00,25.5,56.7,99.9,38.28
2021-06-03 13:00:00,25.03,66.33,99.9,39.2
2021-06-03 14:00:00,24.5,53.0,99.9,39.52
2021-06-03 15:00:00,24.67,56.8,99.9,38.87
2021-06-03 16:00:00,17.87,44.42,99.9,38.05
2021-06-03 17:00:00,13.55,26.67,99.9,37.2
2021-06-03 18:00:00,15.39,25.76,99.9,35.55
2021-06-03 19:00:00,13.0,28.28,99.9,33.63
2021-06-03 20:00:00,11.7,29.0,99.9,32.81
2021-06-03 21:00:00,16.39,35.85,99.9,31.5
2021-06-03 22:00:00,20.13,47.92,99.9,31.35
2021-06-03 23:00:00,25.0,50.15,99.9,30.95
2021-06-04 00:00:00,29.31,57.13,99.9,30.51
2021-06-04 01:00:00,36.0,70.0,99.9,29.91
2021-06-04 02:00:00,30.5,59.34,99.9,29.37
2021-06-04 03:00:00,23.82,49.16,99.9,29.12
2021-06-04 04:00:00,21.61,43.0,99.9,29.33
2021-06-04 05:00:00,22.5,37.78,99.9,28.9
2021-06-04 06:00:00,25.17,42.13,99.9,29.24
2021-06-04 07:00:00,34.83,79.0,99.9,32.09
2021-06-04 08:00:00,46.22,78.24,99.9,35.2
2021-06-04 09:00:00,46.17,74.19,99.9,36.8
2021-06-04 10:00:00,40.2,67.0,99.9,37.89
2021-06-04 11:00:00,22.95,46.63,99.9,38.33
2021-06-04 12:00:00,14.72,31.8,99.9,38.52
2021-06-04 13:00:00,16.74,44.42,99.9,37.74
2021-06-04 14:00:00,18.28,38.0,99.9,38.32
2021-06-04 15:00:00,18.216,39.546,99.9,37.228
2021-06-04 16:00:00,18.152,41.092,99.9,36.136
2021-06-04 17:00:00,18.088,42.638,99.9,35.044
2021-06-04 18:00:00,18.024,44.184,99.9,33.952
2021-06-04 19:00:00,17.96,45.73,99.9,32.86
2021-06-04 20:00:00,18.26,56.57,99.9,31.88
2021-06-04 21:00:00,14.39,45.11,99.9,31.55
2021-06-04 22:00:00,18.4,44.8,99.9,31.23
2021-06-04 23:00:00,29.72,55.89,99.9,31.14
2021-06-05 00:00:00,37.97,77.2,99.9,30.7
2021-06-05 01:00:00,45.69,71.0,99.9,30.51
2021-06-05 02:00:00,43.0,71.0,99.9,30.3
2021-06-05 03:00:00,44.59,65.68,99.9,30.18
2021-06-05 04:00:00,37.5,70.79,99.9,30.26
2021-06-05 05:00:00,34.78,58.0,99.9,29.92
2021-06-05 06:00:00,44.224000000000004,74.2,99.9,31.01
2021-06-05 07:00:00,53.668,90.4,99.9,32.1
2021-06-05 08:00:00,63.111999999999995,106.6,99.9,33.19
2021-06-05 09:00:00,72.556,122.8,99.9,34.28
2021-06-05 10:00:00,82.0,139.0,99.9,35.37
2021-06-05 11:00:00,64.38,137.97,99.9,37.16
2021-06-05 12:00:00,26.0,113.49,99.9,37.11
2021-06-05 13:00:00,22.05,67.0,99.9,35.9
2021-06-05 14:00:00,28.0,61.69,99.9,36.89
2021-06-05 15:00:00,21.34,73.0,99.9,28.49
2021-06-05 16:00:00,16.43,46.89,99.9,27.39
2021-06-05 17:00:00,19.45,50.0,99.9,28.81
2021-06-05 18:00:00,31.0,77.9,99.9,31.76
2021-06-05 19:00:00,29.3,57.0,99.9,30.43
2021-06-05 20:00:00,38.72,110.5,99.9,30.21
2021-06-05 21:00:00,48.14,164.0,99.9,30.51
2021-06-05 22:00:00,47.1,134.24,99.9,30.19
2021-06-05 23:00:00,41.0,107.67,99.9,30.3
2021-06-06 00:00:00,38.0,112.08,99.9,29.97
2021-06-06 01:00:00,33.69,96.15,99.9,30.03
2021-06-06 02:00:00,40.45,84.19,99.9,27.68
2021-06-06 03:00:00,20.0,22.0,99.9,26.58
2021-06-06 04:00:00,8.0,20.0,99.9,26.67
2021-06-06 05:00:00,13.38,22.28,99.9,26.65
2021-06-06 06:00:00,14.0,28.0,99.9,27.06
2021-06-06 07:00:00,18.05,29.0,99.9,27.42
2021-06-06 08:00:00,29.0,36.23,99.9,28.85
2021-06-06 09:00:00,25.5,53.66,99.9,32.58
2021-06-06 10:00:00,21.29,66.13,99.9,35.05
2021-06-06 11:00:00,17.5,53.0,99.9,36.73
2021-06-06 12:00:00,18.09,65.18,99.9,36.22
2021-06-06 13:00:00,22.48,59.08,99.9,36.51
2021-06-06 14:00:00,19.0,50.0,99.9,37.8
2021-06-06 15:00:00,22.58,65.0,99.9,37.77
2021-06-06 16:00:00,21.38,64.0,99.9,36.36
2021-06-06 17:00:00,20.18,64.0,99.9,36.44
2021-06-06 18:00:00,22.0,63.77,99.9,35.63
2021-06-06 19:00:00,21.5,48.66,99.9,32.72
2021-06-06 20:00:00,23.0,56.85,99.9,32.34
2021-06-06 21:00:00,25.56,67.76,99.9,32.1
2021-06-06 22:00:00,26.21,74.09,99.9,31.94
2021-06-06 23:00:00,23.3,65.0,99.9,30.15
2021-06-07 00:00:00,18.0,32.39,99.9,29.04
2021-06-07 01:00:00,26.17,33.0,99.9,29.66
2021-06-07 02:00:00,27.0,46.44,99.9,29.45
2021-06-07 03:00:00,18.5,43.0,99.9,28.97
2021-06-07 04:00:00,12.87,30.02,99.9,27.76
2021-06-07 05:00:00,10.74,26.0,99.9,27.63
2021-06-07 06:00:00,13.5,26.53,99.9,26.88
2021-06-07 07:00:00,15.0,28.05,99.9,27.26
2021-06-07 08:00:00,18.79,32.0,99.9,31.1
2021-06-07 09:00:00,21.95,50.09,99.9,32.05
2021-06-07 10:00:00,19.299999999999997,79.0,99.9,32.8
2021-06-07 11:00:00,16.65,24.0,99.9,30.04
2021-06-07 12:00:00,17.57,39.17,99.9,32.71
2021-06-07 13:00:00,20.0,59.66,99.9,33.59
2021-06-07 14:00:00,21.22,55.0,99.9,34.86
2021-06-07 15:00:00,19.61,60.16,99.9,35.04
2021-06-07 16:00:00,21.0,59.67,99.9,30.35
2021-06-07 17:00:00,20.73,35.0,99.9,32.56
2021-06-07 18:00:00,21.0,60.12,99.9,31.21
2021-06-07 19:00:00,23.0,64.87,99.9,30.71
2021-06-07 20:00:00,25.0,83.99,99.9,30.99
2021-06-07 21:00:00,25.0,76.0,99.9,30.89
2021-06-07 22:00:00,15.71,50.0,99.9,29.96
2021-06-07 23:00:00,15.0,58.0,99.9,29.84
2021-06-08 00:00:00,16.18,58.76,99.9,29.69
2021-06-08 01:00:00,25.89,70.0,99.9,29.87
2021-06-08 02:00:00,27.44,76.07,99.9,29.87
2021-06-08 03:00:00,23.65,70.69,99.9,29.82
2021-06-08 04:00:00,20.0,60.9,99.9,29.66
2021-06-08 05:00:00,20.5,59.52,99.9,29.22
2021-06-08 06:00:00,22.41,66.07,99.9,29.37
2021-06-08 07:00:00,24.04,71.05,99.9,30.57
2021-06-08 08:00:00,21.0,58.05,99.9,32.23
2021-06-08 09:00:00,20.71,53.0,99.9,34.28
2021-06-08 10:00:00,21.96,53.0,99.9,33.37
2021-06-08 11:00:00,23.04,49.97,99.9,34.9
2021-06-08 12:00:00,16.0,43.31,99.9,33.56
2021-06-08 13:00:00,11.43,40.0,99.9,33.44
2021-06-08 14:00:00,12.36,47.0,99.9,34.86
2021-06-08 15:00:00,13.0,55.78,99.9,35.25
2021-06-08 16:00:00,24.97,54.0,99.9,31.94
2021-06-08 17:00:00,24.6,51.72,99.9,31.68
2021-06-08 18:00:00,18.07,48.94,99.9,30.98
2021-06-08 19:00:00,20.71,59.13,99.9,30.24
2021-06-08 20:00:00,26.130000000000003,85.0,99.9,30.23
2021-06-08 21:00:00,31.55,84.24,99.9,29.98
2021-06-08 22:00:00,22.0,40.0,99.9,29.2
2021-06-08 23:00:00,17.57,27.11,99.9,29.18
2021-06-09 00:00:00,20.29,41.89,99.9,29.28
2021-06-09 01:00:00,22.0,42.31,99.9,29.23
2021-06-09 02:00:00,20.5,39.27,99.9,28.85
2021-06-09 03:00:00,15.24,32.39,99.9,27.6
2021-06-09 04:00:00,11.0,27.41,99.9,27.67
2021-06-09 05:00:00,11.58,18.18,99.9,27.84
2021-06-09 06:00:00,13.0,21.69,99.9,27.88
2021-06-09 07:00:00,15.69,17.0,99.9,27.9
2021-06-09 08:00:00,14.344999999999999,20.0,99.9,27.44
2021-06-09 09:00:00,13.0,15.45,99.9,27.38
2021-06-09 10:00:00,13.0,14.0,99.9,27.66
2021-06-09 11:00:00,11.0,14.0,99.9,28.01
2021-06-09 12:00:00,14.0,18.7,99.9,27.99
2021-06-09 13:00:00,11.425,15.625,99.9,27.77
2021-06-09 14:00:00,8.85,12.55,99.9,27.33
2021-06-09 15:00:00,11.0,13.48,99.9,27.12
2021-06-09 16:00:00,14.21,18.0,99.9,27.33
2021-06-09 17:00:00,13.0,17.73,99.9,27.47
2021-06-09 18:00:00,15.35,22.0,99.9,27.77
2021-06-09 19:00:00,23.34,37.92,99.9,27.73
2021-06-09 20:00:00,32.43,48.0,99.9,27.53
2021-06-09 21:00:00,30.0,42.31,99.9,27.53
2021-06-09 22:00:00,30.61,46.0,99.9,27.45
2021-06-09 23:00:00,24.0,41.0,99.9,27.3
2021-06-10 00:00:00,17.61,39.98,99.9,27.3
2021-06-10 01:00:00,18.0,25.0,99.9,27.09
2021-06-10 02:00:00,19.5,31.07,99.9,26.95
2021-06-10 03:00:00,20.5,31.0,99.9,26.79
2021-06-10 04:00:00,17.065,25.5,99.9,26.87
2021-06-10 05:00:00,13.63,20.0,99.9,26.88
2021-06-10 06:00:00,8.5,16.21,99.9,26.83
2021-06-10 07:00:00,7.0,17.0,99.9,26.96
2021-06-10 08:00:00,10.0,16.8,99.9,27.59
2021-06-10 09:00:00,13.0,18.0,99.9,28.25
2021-06-10 10:00:00,15.77,17.0,99.9,29.2
2021-06-10 11:00:00,12.16,22.69,99.9,30.58
2021-06-10 12:00:00,14.21,27.24,99.9,29.48
2021-06-10 13:00:00,13.0,26.9,99.9,31.22
2021-06-10 14:00:00,13.0,26.9,99.9,31.22
2021-06-10 15:00:00,13.0,26.9,99.9,31.22
