From Date,PM2.5,PM10,RH,AT
2020-11-01 00:00:00,85.0,174.0,67.54,29.6
2020-11-01 01:00:00,85.0,174.0,67.54,29.6
2020-11-01 02:00:00,85.0,174.0,67.54,29.6
2020-11-01 03:00:00,85.0,174.0,67.54,29.6
2020-11-01 04:00:00,85.0,174.0,67.54,29.6
2020-11-01 05:00:00,85.0,174.0,67.54,29.6
2020-11-01 06:00:00,85.0,174.0,67.54,29.6
2020-11-01 07:00:00,85.0,174.0,67.54,29.6
2020-11-01 08:00:00,85.0,174.0,67.54,29.6
2020-11-01 09:00:00,85.0,174.0,67.54,29.6
2020-11-01 10:00:00,85.0,174.0,67.54,29.6
2020-11-01 11:00:00,85.0,174.0,67.54,29.6
2020-11-01 12:00:00,85.0,174.0,67.54,29.6
2020-11-01 13:00:00,85.0,174.0,67.54,29.6
2020-11-01 14:00:00,85.0,174.0,67.54,29.6
2020-11-01 15:00:00,85.0,174.0,67.54,29.6
2020-11-01 16:00:00,85.0,174.0,67.54,29.6
2020-11-01 17:00:00,85.0,174.0,67.54,29.6
2020-11-01 18:00:00,85.0,174.0,67.54,29.6
2020-11-01 19:00:00,85.0,174.0,67.54,29.6
2020-11-01 20:00:00,85.0,174.0,67.54,29.6
2020-11-01 21:00:00,85.0,174.0,67.54,29.6
2020-11-01 22:00:00,85.0,174.0,67.54,29.6
2020-11-01 23:00:00,85.0,174.0,67.54,29.6
2020-11-02 00:00:00,85.0,174.0,67.54,29.6
2020-11-02 01:00:00,85.0,174.0,67.54,29.6
2020-11-02 02:00:00,85.0,174.0,67.54,29.6
2020-11-02 03:00:00,85.0,174.0,67.54,29.6
2020-11-02 04:00:00,85.0,174.0,67.54,29.6
2020-11-02 05:00:00,85.0,174.0,67.54,29.6
2020-11-02 06:00:00,85.0,174.0,67.54,29.6
2020-11-02 07:00:00,85.0,174.0,67.54,29.6
2020-11-02 08:00:00,85.0,174.0,67.54,29.6
2020-11-02 09:00:00,85.0,174.0,67.54,29.6
2020-11-02 10:00:00,85.0,174.0,67.54,29.6
2020-11-02 11:00:00,85.0,174.0,67.54,29.6
2020-11-02 12:00:00,85.0,174.0,67.54,29.6
2020-11-02 13:00:00,85.0,174.0,67.54,29.6
2020-11-02 14:00:00,85.0,174.0,67.54,29.6
2020-11-02 15:00:00,85.0,174.0,67.54,29.6
2020-11-02 16:00:00,85.0,174.0,67.54,29.6
2020-11-02 17:00:00,85.0,174.0,67.54,29.6
2020-11-02 18:00:00,85.0,174.0,67.54,29.6
2020-11-02 19:00:00,85.0,174.0,67.54,29.6
2020-11-02 20:00:00,85.0,174.0,67.54,29.6
2020-11-02 21:00:00,85.0,174.0,67.54,29.6
2020-11-02 22:00:00,85.0,174.0,67.54,29.6
2020-11-02 23:00:00,85.0,174.0,67.54,29.6
2020-11-03 00:00:00,85.0,174.0,67.54,29.6
2020-11-03 01:00:00,85.0,174.0,67.54,29.6
2020-11-03 02:00:00,85.0,174.0,67.54,29.6
2020-11-03 03:00:00,85.0,174.0,67.54,29.6
2020-11-03 04:00:00,85.0,174.0,67.54,29.6
2020-11-03 05:00:00,85.0,174.0,67.54,29.6
2020-11-03 06:00:00,85.0,174.0,67.54,29.6
2020-11-03 07:00:00,85.0,174.0,67.54,29.6
2020-11-03 08:00:00,85.0,174.0,67.54,29.6
2020-11-03 09:00:00,85.0,174.0,67.54,29.6
2020-11-03 10:00:00,85.0,174.0,67.54,29.6
2020-11-03 11:00:00,85.0,174.0,67.54,29.6
2020-11-03 12:00:00,85.0,174.0,67.54,29.6
2020-11-03 13:00:00,85.0,174.0,67.54,29.6
2020-11-03 14:00:00,85.0,174.0,67.54,29.6
2020-11-03 15:00:00,85.0,174.0,67.54,29.6
2020-11-03 16:00:00,85.0,174.0,67.54,29.6
2020-11-03 17:00:00,85.0,174.0,67.54,29.6
2020-11-03 18:00:00,85.0,174.0,67.54,29.6
2020-11-03 19:00:00,85.0,174.0,67.54,29.6
2020-11-03 20:00:00,85.0,174.0,67.54,29.6
2020-11-03 21:00:00,85.0,174.0,67.54,29.6
2020-11-03 22:00:00,85.0,174.0,67.54,29.6
2020-11-03 23:00:00,85.0,174.0,67.54,29.6
2020-11-04 00:00:00,85.0,174.0,67.54,29.6
2020-11-04 01:00:00,85.0,174.0,67.54,29.6
2020-11-04 02:00:00,85.0,174.0,67.54,29.6
2020-11-04 03:00:00,85.0,174.0,67.54,29.6
2020-11-04 04:00:00,85.0,174.0,67.54,29.6
2020-11-04 05:00:00,85.0,174.0,67.54,29.6
2020-11-04 06:00:00,85.0,174.0,67.54,29.6
2020-11-04 07:00:00,85.0,174.0,67.54,29.6
2020-11-04 08:00:00,85.0,174.0,67.54,29.6
2020-11-04 09:00:00,85.0,174.0,67.54,29.6
2020-11-04 10:00:00,85.0,174.0,67.54,29.6
2020-11-04 11:00:00,85.0,174.0,67.54,29.6
2020-11-04 12:00:00,85.0,174.0,67.54,29.6
2020-11-04 13:00:00,85.0,174.0,67.54,29.6
2020-11-04 14:00:00,85.0,174.0,67.54,29.6
2020-11-04 15:00:00,85.0,174.0,67.54,29.6
2020-11-04 16:00:00,85.0,174.0,67.54,29.6
2020-11-04 17:00:00,85.0,174.0,67.54,29.6
2020-11-04 18:00:00,85.0,174.0,67.54,29.6
2020-11-04 19:00:00,85.0,174.0,67.54,29.6
2020-11-04 20:00:00,85.0,174.0,67.54,29.6
2020-11-04 21:00:00,85.0,174.0,67.54,29.6
2020-11-04 22:00:00,85.0,174.0,67.54,29.6
2020-11-04 23:00:00,85.0,174.0,67.54,29.6
2020-11-05 00:00:00,85.0,174.0,67.54,29.6
2020-11-05 01:00:00,85.0,174.0,67.54,29.6
2020-11-05 02:00:00,85.0,174.0,67.54,29.6
2020-11-05 03:00:00,85.0,174.0,67.54,29.6
2020-11-05 04:00:00,85.0,174.0,67.54,29.6
2020-11-05 05:00:00,85.0,174.0,67.54,29.6
2020-11-05 06:00:00,85.0,174.0,67.54,29.6
2020-11-05 07:00:00,85.0,174.0,67.54,29.6
2020-11-05 08:00:00,85.0,174.0,67.54,29.6
2020-11-05 09:00:00,85.0,174.0,67.54,29.6
2020-11-05 10:00:00,85.0,174.0,67.54,29.6
2020-11-05 11:00:00,85.0,174.0,67.54,29.6
2020-11-05 12:00:00,85.0,174.0,67.54,29.6
2020-11-05 13:00:00,85.0,174.0,67.54,29.6
2020-11-05 14:00:00,85.0,174.0,67.54,29.6
2020-11-05 15:00:00,85.0,174.0,67.54,29.6
2020-11-05 16:00:00,85.0,174.0,67.54,29.6
2020-11-05 17:00:00,85.0,174.0,67.54,29.6
2020-11-05 18:00:00,85.0,174.0,67.54,29.6
2020-11-05 19:00:00,85.0,174.0,67.54,29.6
2020-11-05 20:00:00,85.0,174.0,67.54,29.6
2020-11-05 21:00:00,85.0,174.0,67.54,29.6
2020-11-05 22:00:00,85.0,174.0,67.54,29.6
2020-11-05 23:00:00,85.0,174.0,67.54,29.6
2020-11-06 00:00:00,85.0,174.0,67.54,29.6
2020-11-06 01:00:00,85.0,174.0,67.54,29.6
2020-11-06 02:00:00,85.0,174.0,67.54,29.6
2020-11-06 03:00:00,85.0,174.0,67.54,29.6
2020-11-06 04:00:00,85.0,174.0,67.54,29.6
2020-11-06 05:00:00,85.0,174.0,67.54,29.6
2020-11-06 06:00:00,85.0,174.0,67.54,29.6
2020-11-06 07:00:00,85.0,174.0,67.54,29.6
2020-11-06 08:00:00,85.0,174.0,67.54,29.6
2020-11-06 09:00:00,85.0,174.0,67.54,29.6
2020-11-06 10:00:00,85.0,174.0,67.54,29.6
2020-11-06 11:00:00,85.0,174.0,67.54,29.6
2020-11-06 12:00:00,85.0,174.0,67.54,29.6
2020-11-06 13:00:00,85.0,174.0,67.54,29.6
2020-11-06 14:00:00,85.0,174.0,67.54,29.6
2020-11-06 15:00:00,85.0,174.0,67.54,29.6
2020-11-06 16:00:00,85.0,174.0,67.54,29.6
2020-11-06 17:00:00,85.0,174.0,67.54,29.6
2020-11-06 18:00:00,85.0,174.0,67.54,29.6
2020-11-06 19:00:00,85.0,174.0,67.54,29.6
2020-11-06 20:00:00,85.0,174.0,67.54,29.6
2020-11-06 21:00:00,85.0,174.0,67.54,29.6
2020-11-06 22:00:00,85.0,174.0,67.54,29.6
2020-11-06 23:00:00,85.0,174.0,67.54,29.6
2020-11-07 00:00:00,85.0,174.0,67.54,29.6
2020-11-07 01:00:00,85.0,174.0,67.54,29.6
2020-11-07 02:00:00,85.0,174.0,67.54,29.6
2020-11-07 03:00:00,85.0,174.0,67.54,29.6
2020-11-07 04:00:00,85.0,174.0,67.54,29.6
2020-11-07 05:00:00,85.0,174.0,67.54,29.6
2020-11-07 06:00:00,85.0,174.0,67.54,29.6
2020-11-07 07:00:00,85.0,174.0,67.54,29.6
2020-11-07 08:00:00,85.0,174.0,67.54,29.6
2020-11-07 09:00:00,85.0,174.0,67.54,29.6
2020-11-07 10:00:00,85.0,174.0,67.54,29.6
2020-11-07 11:00:00,85.0,174.0,67.54,29.6
2020-11-07 12:00:00,85.0,174.0,67.54,29.6
2020-11-07 13:00:00,85.0,174.0,67.54,29.6
2020-11-07 14:00:00,85.0,174.0,67.54,29.6
2020-11-07 15:00:00,85.0,174.0,67.54,29.6
2020-11-07 16:00:00,85.0,174.0,67.54,29.6
2020-11-07 17:00:00,85.0,174.0,67.54,29.6
2020-11-07 18:00:00,85.0,174.0,67.54,29.6
2020-11-07 19:00:00,85.0,174.0,67.54,29.6
2020-11-07 20:00:00,85.0,174.0,67.54,29.6
2020-11-07 21:00:00,85.0,174.0,67.54,29.6
2020-11-07 22:00:00,85.0,174.0,67.54,29.6
2020-11-07 23:00:00,85.0,174.0,67.54,29.6
2020-11-08 00:00:00,85.0,174.0,67.54,29.6
2020-11-08 01:00:00,85.0,174.0,67.54,29.6
2020-11-08 02:00:00,85.0,174.0,67.54,29.6
2020-11-08 03:00:00,85.0,174.0,67.54,29.6
2020-11-08 04:00:00,85.0,174.0,67.54,29.6
2020-11-08 05:00:00,85.0,174.0,67.54,29.6
2020-11-08 06:00:00,85.0,174.0,67.54,29.6
2020-11-08 07:00:00,85.0,174.0,67.54,29.6
2020-11-08 08:00:00,85.0,174.0,67.54,29.6
2020-11-08 09:00:00,85.0,174.0,67.54,29.6
2020-11-08 10:00:00,85.0,174.0,67.54,29.6
2020-11-08 11:00:00,85.0,174.0,67.54,29.6
2020-11-08 12:00:00,85.0,174.0,67.54,29.6
2020-11-08 13:00:00,85.0,174.0,67.54,29.6
2020-11-08 14:00:00,85.0,174.0,67.54,29.6
2020-11-08 15:00:00,85.0,174.0,67.54,29.6
2020-11-08 16:00:00,85.0,174.0,67.54,29.6
2020-11-08 17:00:00,85.0,174.0,67.54,29.6
2020-11-08 18:00:00,85.0,174.0,67.54,29.6
2020-11-08 19:00:00,85.0,174.0,67.54,29.6
2020-11-08 20:00:00,85.0,174.0,67.54,29.6
2020-11-08 21:00:00,85.0,174.0,67.54,29.6
2020-11-08 22:00:00,85.0,174.0,67.54,29.6
2020-11-08 23:00:00,85.0,174.0,67.54,29.6
2020-11-09 00:00:00,85.0,174.0,67.54,29.6
2020-11-09 01:00:00,85.0,174.0,67.54,29.6
2020-11-09 02:00:00,85.0,174.0,67.54,29.6
2020-11-09 03:00:00,85.0,174.0,67.54,29.6
2020-11-09 04:00:00,85.0,174.0,67.54,29.6
2020-11-09 05:00:00,85.0,174.0,67.54,29.6
2020-11-09 06:00:00,85.0,174.0,67.54,29.6
2020-11-09 07:00:00,85.0,174.0,67.54,29.6
2020-11-09 08:00:00,85.0,174.0,67.54,29.6
2020-11-09 09:00:00,85.0,174.0,67.54,29.6
2020-11-09 10:00:00,85.0,174.0,67.54,29.6
2020-11-09 11:00:00,85.0,174.0,67.54,29.6
2020-11-09 12:00:00,85.0,174.0,67.54,29.6
2020-11-09 13:00:00,85.0,174.0,67.54,29.6
2020-11-09 14:00:00,85.0,174.0,67.54,29.6
2020-11-09 15:00:00,85.0,174.0,67.54,29.6
2020-11-09 16:00:00,85.0,174.0,67.54,29.6
2020-11-09 17:00:00,85.0,174.0,67.54,29.6
2020-11-09 18:00:00,85.0,174.0,67.54,29.6
2020-11-09 19:00:00,85.0,174.0,67.54,29.6
2020-11-09 20:00:00,85.0,174.0,67.54,29.6
2020-11-09 21:00:00,85.0,174.0,67.54,29.6
2020-11-09 22:00:00,85.0,174.0,67.54,29.6
2020-11-09 23:00:00,85.0,174.0,67.54,29.6
2020-11-10 00:00:00,85.0,174.0,67.54,29.6
2020-11-10 01:00:00,85.0,174.0,67.54,29.6
2020-11-10 02:00:00,85.0,174.0,67.54,29.6
2020-11-10 03:00:00,85.0,174.0,67.54,29.6
2020-11-10 04:00:00,85.0,174.0,67.54,29.6
2020-11-10 05:00:00,85.0,174.0,67.54,29.6
2020-11-10 06:00:00,85.0,174.0,67.54,29.6
2020-11-10 07:00:00,85.0,174.0,67.54,29.6
2020-11-10 08:00:00,85.0,174.0,67.54,29.6
2020-11-10 09:00:00,85.0,174.0,67.54,29.6
2020-11-10 10:00:00,85.0,174.0,67.54,29.6
2020-11-10 11:00:00,85.0,174.0,67.54,29.6
2020-11-10 12:00:00,85.0,174.0,67.54,29.6
2020-11-10 13:00:00,85.0,174.0,67.54,29.6
2020-11-10 14:00:00,85.0,174.0,67.54,29.6
2020-11-10 15:00:00,85.0,174.0,67.54,29.6
2020-11-10 16:00:00,85.0,174.0,67.54,29.6
2020-11-10 17:00:00,85.0,174.0,67.54,29.6
2020-11-10 18:00:00,85.0,174.0,67.54,29.6
2020-11-10 19:00:00,85.0,174.0,67.54,29.6
2020-11-10 20:00:00,85.0,174.0,67.54,29.6
2020-11-10 21:00:00,85.0,174.0,67.54,29.6
2020-11-10 22:00:00,85.0,174.0,67.54,29.6
2020-11-10 23:00:00,85.0,174.0,67.54,29.6
2020-11-11 00:00:00,85.0,174.0,67.54,29.6
2020-11-11 01:00:00,85.0,174.0,67.54,29.6
2020-11-11 02:00:00,85.0,174.0,67.54,29.6
2020-11-11 03:00:00,85.0,174.0,67.54,29.6
2020-11-11 04:00:00,85.0,174.0,67.54,29.6
2020-11-11 05:00:00,85.0,174.0,67.54,29.6
2020-11-11 06:00:00,85.0,174.0,67.54,29.6
2020-11-11 07:00:00,85.0,174.0,67.54,29.6
2020-11-11 08:00:00,85.0,174.0,67.54,29.6
2020-11-11 09:00:00,85.0,174.0,67.54,29.6
2020-11-11 10:00:00,85.0,174.0,67.54,29.6
2020-11-11 11:00:00,85.0,174.0,67.54,29.6
2020-11-11 12:00:00,85.0,174.0,67.54,29.6
2020-11-11 13:00:00,85.0,174.0,67.54,29.6
2020-11-11 14:00:00,85.0,174.0,67.54,29.6
2020-11-11 15:00:00,85.0,174.0,67.54,29.6
2020-11-11 16:00:00,85.0,174.0,67.54,29.6
2020-11-11 17:00:00,85.0,174.0,67.54,29.6
2020-11-11 18:00:00,85.0,174.0,67.54,29.6
2020-11-11 19:00:00,85.0,174.0,67.54,29.6
2020-11-11 20:00:00,85.0,174.0,67.54,29.6
2020-11-11 21:00:00,85.0,174.0,67.54,29.6
2020-11-11 22:00:00,85.0,174.0,67.54,29.6
2020-11-11 23:00:00,85.0,174.0,67.54,29.6
2020-11-12 00:00:00,85.0,174.0,67.54,29.6
2020-11-12 01:00:00,85.0,174.0,67.54,29.6
2020-11-12 02:00:00,85.0,174.0,67.54,29.6
2020-11-12 03:00:00,85.0,174.0,67.54,29.6
2020-11-12 04:00:00,85.0,174.0,67.54,29.6
2020-11-12 05:00:00,85.0,174.0,67.54,29.6
2020-11-12 06:00:00,85.0,174.0,67.54,29.6
2020-11-12 07:00:00,85.0,174.0,67.54,29.6
2020-11-12 08:00:00,85.0,174.0,67.54,29.6
2020-11-12 09:00:00,85.0,174.0,67.54,29.6
2020-11-12 10:00:00,85.0,174.0,67.54,29.6
2020-11-12 11:00:00,85.0,174.0,67.54,29.6
2020-11-12 12:00:00,85.0,174.0,67.54,29.6
2020-11-12 13:00:00,85.0,174.0,67.54,29.6
2020-11-12 14:00:00,85.0,174.0,67.54,29.6
2020-11-12 15:00:00,85.0,174.0,67.54,29.6
2020-11-12 16:00:00,85.0,174.0,67.54,29.6
2020-11-12 17:00:00,85.0,174.0,67.54,29.6
2020-11-12 18:00:00,85.0,174.0,67.54,29.6
2020-11-12 19:00:00,85.0,174.0,67.54,29.6
2020-11-12 20:00:00,85.0,174.0,67.54,29.6
2020-11-12 21:00:00,85.0,174.0,67.54,29.6
2020-11-12 22:00:00,85.0,174.0,67.54,29.6
2020-11-12 23:00:00,85.0,174.0,67.54,29.6
2020-11-13 00:00:00,85.0,174.0,67.54,29.6
2020-11-13 01:00:00,85.0,174.0,67.54,29.6
2020-11-13 02:00:00,85.0,174.0,67.54,29.6
2020-11-13 03:00:00,85.0,174.0,67.54,29.6
2020-11-13 04:00:00,85.0,174.0,67.54,29.6
2020-11-13 05:00:00,85.0,174.0,67.54,29.6
2020-11-13 06:00:00,85.0,174.0,67.54,29.6
2020-11-13 07:00:00,85.0,174.0,67.54,29.6
2020-11-13 08:00:00,85.0,174.0,67.54,29.6
2020-11-13 09:00:00,85.0,174.0,67.54,29.6
2020-11-13 10:00:00,85.0,174.0,67.54,29.6
2020-11-13 11:00:00,85.0,174.0,67.54,29.6
2020-11-13 12:00:00,85.0,174.0,67.54,29.6
2020-11-13 13:00:00,85.0,174.0,67.54,29.6
2020-11-13 14:00:00,85.0,174.0,67.54,29.6
2020-11-13 15:00:00,85.0,174.0,67.54,29.6
2020-11-13 16:00:00,85.0,174.0,67.54,29.6
2020-11-13 17:00:00,85.0,174.0,67.54,29.6
2020-11-13 18:00:00,85.0,174.0,67.54,29.6
2020-11-13 19:00:00,85.0,174.0,67.54,29.6
2020-11-13 20:00:00,85.0,174.0,67.54,29.6
2020-11-13 21:00:00,85.0,174.0,67.54,29.6
2020-11-13 22:00:00,85.0,174.0,67.54,29.6
2020-11-13 23:00:00,85.0,174.0,67.54,29.6
2020-11-14 00:00:00,85.0,174.0,67.54,29.6
2020-11-14 01:00:00,85.0,174.0,67.54,29.6
2020-11-14 02:00:00,85.0,174.0,67.54,29.6
2020-11-14 03:00:00,85.0,174.0,67.54,29.6
2020-11-14 04:00:00,85.0,174.0,67.54,29.6
2020-11-14 05:00:00,85.0,174.0,67.54,29.6
2020-11-14 06:00:00,85.0,174.0,67.54,29.6
2020-11-14 07:00:00,85.0,174.0,67.54,29.6
2020-11-14 08:00:00,85.0,174.0,67.54,29.6
2020-11-14 09:00:00,85.0,174.0,67.54,29.6
2020-11-14 10:00:00,85.0,174.0,67.54,29.6
2020-11-14 11:00:00,85.0,174.0,67.54,29.6
2020-11-14 12:00:00,85.0,174.0,67.54,29.6
2020-11-14 13:00:00,85.0,174.0,67.54,29.6
2020-11-14 14:00:00,85.0,174.0,67.54,29.6
2020-11-14 15:00:00,85.0,174.0,67.54,29.6
2020-11-14 16:00:00,85.0,174.0,67.54,29.6
2020-11-14 17:00:00,85.0,174.0,67.54,29.6
2020-11-14 18:00:00,85.0,174.0,67.54,29.6
2020-11-14 19:00:00,85.0,174.0,67.54,29.6
2020-11-14 20:00:00,85.0,174.0,67.54,29.6
2020-11-14 21:00:00,85.0,174.0,67.54,29.6
2020-11-14 22:00:00,85.0,174.0,67.54,29.6
2020-11-14 23:00:00,85.0,174.0,67.54,29.6
2020-11-15 00:00:00,85.0,174.0,67.54,29.6
2020-11-15 01:00:00,85.0,174.0,67.54,29.6
2020-11-15 02:00:00,85.0,174.0,67.54,29.6
2020-11-15 03:00:00,85.0,174.0,67.54,29.6
2020-11-15 04:00:00,85.0,174.0,67.54,29.6
2020-11-15 05:00:00,85.0,174.0,67.54,29.6
2020-11-15 06:00:00,85.0,174.0,67.54,29.6
2020-11-15 07:00:00,85.0,174.0,67.54,29.6
2020-11-15 08:00:00,85.0,174.0,67.54,29.6
2020-11-15 09:00:00,85.0,174.0,67.54,29.6
2020-11-15 10:00:00,85.0,174.0,67.54,29.6
2020-11-15 11:00:00,85.0,174.0,67.54,29.6
2020-11-15 12:00:00,85.0,174.0,67.54,29.6
2020-11-15 13:00:00,85.0,174.0,67.54,29.6
2020-11-15 14:00:00,85.0,174.0,67.54,29.6
2020-11-15 15:00:00,85.0,174.0,67.54,29.6
2020-11-15 16:00:00,85.0,174.0,67.54,29.6
2020-11-15 17:00:00,85.0,174.0,67.54,29.6
2020-11-15 18:00:00,85.0,174.0,67.54,29.6
2020-11-15 19:00:00,85.0,174.0,67.54,29.6
2020-11-15 20:00:00,85.0,174.0,67.54,29.6
2020-11-15 21:00:00,85.0,174.0,67.54,29.6
2020-11-15 22:00:00,85.0,174.0,67.54,29.6
2020-11-15 23:00:00,85.0,174.0,67.54,29.6
2020-11-16 00:00:00,85.0,174.0,67.54,29.6
2020-11-16 01:00:00,85.0,174.0,67.54,29.6
2020-11-16 02:00:00,85.0,174.0,67.54,29.6
2020-11-16 03:00:00,85.0,174.0,67.54,29.6
2020-11-16 04:00:00,85.0,174.0,67.54,29.6
2020-11-16 05:00:00,85.0,174.0,67.54,29.6
2020-11-16 06:00:00,85.0,174.0,67.54,29.6
2020-11-16 07:00:00,85.0,174.0,67.54,29.6
2020-11-16 08:00:00,85.0,174.0,67.54,29.6
2020-11-16 09:00:00,85.0,174.0,67.54,29.6
2020-11-16 10:00:00,85.0,174.0,67.54,29.6
2020-11-16 11:00:00,85.0,174.0,67.54,29.6
2020-11-16 12:00:00,85.0,174.0,67.54,29.6
2020-11-16 13:00:00,85.0,174.0,67.54,29.6
2020-11-16 14:00:00,85.0,174.0,67.54,29.6
2020-11-16 15:00:00,85.0,174.0,67.54,29.6
2020-11-16 16:00:00,85.0,174.0,67.54,29.6
2020-11-16 17:00:00,85.0,174.0,67.54,29.6
2020-11-16 18:00:00,85.0,174.0,67.54,29.6
2020-11-16 19:00:00,85.0,174.0,67.54,29.6
2020-11-16 20:00:00,85.0,174.0,67.54,29.6
2020-11-16 21:00:00,85.0,174.0,67.54,29.6
2020-11-16 22:00:00,85.0,174.0,67.54,29.6
2020-11-16 23:00:00,85.0,174.0,67.54,29.6
2020-11-17 00:00:00,85.0,174.0,67.54,29.6
2020-11-17 01:00:00,85.0,174.0,67.54,29.6
2020-11-17 02:00:00,85.0,174.0,67.54,29.6
2020-11-17 03:00:00,85.0,174.0,67.54,29.6
2020-11-17 04:00:00,85.0,174.0,67.54,29.6
2020-11-17 05:00:00,85.0,174.0,67.54,29.6
2020-11-17 06:00:00,85.0,174.0,67.54,29.6
2020-11-17 07:00:00,85.0,174.0,67.54,29.6
2020-11-17 08:00:00,85.0,174.0,67.54,29.6
2020-11-17 09:00:00,85.0,174.0,67.54,29.6
2020-11-17 10:00:00,85.0,174.0,67.54,29.6
2020-11-17 11:00:00,85.0,174.0,67.54,29.6
2020-11-17 12:00:00,85.0,174.0,67.54,29.6
2020-11-17 13:00:00,85.0,174.0,67.54,29.6
2020-11-17 14:00:00,85.0,174.0,67.54,29.6
2020-11-17 15:00:00,85.0,174.0,67.54,29.6
2020-11-17 16:00:00,85.0,174.0,67.54,29.6
2020-11-17 17:00:00,85.0,174.0,67.54,29.6
2020-11-17 18:00:00,85.0,174.0,67.54,29.6
2020-11-17 19:00:00,85.0,174.0,67.54,29.6
2020-11-17 20:00:00,85.0,174.0,67.54,29.6
2020-11-17 21:00:00,85.0,174.0,67.54,29.6
2020-11-17 22:00:00,85.0,174.0,67.54,29.6
2020-11-17 23:00:00,85.0,174.0,67.54,29.6
2020-11-18 00:00:00,85.0,174.0,67.54,29.6
2020-11-18 01:00:00,85.0,174.0,67.54,29.6
2020-11-18 02:00:00,85.0,174.0,67.54,29.6
2020-11-18 03:00:00,85.0,174.0,67.54,29.6
2020-11-18 04:00:00,85.0,174.0,67.54,29.6
2020-11-18 05:00:00,85.0,174.0,67.54,29.6
2020-11-18 06:00:00,85.0,174.0,67.54,29.6
2020-11-18 07:00:00,85.0,174.0,67.54,29.6
2020-11-18 08:00:00,85.0,174.0,67.54,29.6
2020-11-18 09:00:00,85.0,174.0,67.54,29.6
2020-11-18 10:00:00,85.0,174.0,67.54,29.6
2020-11-18 11:00:00,85.0,174.0,67.54,29.6
2020-11-18 12:00:00,85.0,174.0,67.54,29.6
2020-11-18 13:00:00,85.0,174.0,67.54,29.6
2020-11-18 14:00:00,85.0,174.0,67.54,29.6
2020-11-18 15:00:00,85.0,174.0,67.54,29.6
2020-11-18 16:00:00,85.0,174.0,67.54,29.6
2020-11-18 17:00:00,85.0,174.0,67.54,29.6
2020-11-18 18:00:00,85.0,174.0,67.54,29.6
2020-11-18 19:00:00,85.0,174.0,67.54,29.6
2020-11-18 20:00:00,85.0,174.0,67.54,29.6
2020-11-18 21:00:00,85.0,174.0,67.54,29.6
2020-11-18 22:00:00,85.0,174.0,67.54,29.6
2020-11-18 23:00:00,85.0,174.0,67.54,29.6
2020-11-19 00:00:00,85.0,174.0,67.54,29.6
2020-11-19 01:00:00,85.0,174.0,67.54,29.6
2020-11-19 02:00:00,85.0,174.0,67.54,29.6
2020-11-19 03:00:00,85.0,174.0,67.54,29.6
2020-11-19 04:00:00,85.0,174.0,67.54,29.6
2020-11-19 05:00:00,85.0,174.0,67.54,29.6
2020-11-19 06:00:00,85.0,174.0,67.54,29.6
2020-11-19 07:00:00,85.0,174.0,67.54,29.6
2020-11-19 08:00:00,85.0,174.0,67.54,29.6
2020-11-19 09:00:00,85.0,174.0,67.54,29.6
2020-11-19 10:00:00,85.0,174.0,67.54,29.6
2020-11-19 11:00:00,85.0,174.0,67.54,29.6
2020-11-19 12:00:00,85.0,174.0,67.54,29.6
2020-11-19 13:00:00,85.0,174.0,67.54,29.6
2020-11-19 14:00:00,85.0,174.0,67.54,29.6
2020-11-19 15:00:00,85.0,174.0,67.54,29.6
2020-11-19 16:00:00,85.0,174.0,67.54,29.6
2020-11-19 17:00:00,85.0,174.0,67.54,29.6
2020-11-19 18:00:00,85.0,174.0,67.54,29.6
2020-11-19 19:00:00,85.0,174.0,67.54,29.6
2020-11-19 20:00:00,85.0,174.0,67.54,29.6
2020-11-19 21:00:00,85.0,174.0,67.54,29.6
2020-11-19 22:00:00,85.0,174.0,67.54,29.6
2020-11-19 23:00:00,85.0,174.0,67.54,29.6
2020-11-20 00:00:00,85.0,174.0,67.54,29.6
2020-11-20 01:00:00,85.0,174.0,67.54,29.6
2020-11-20 02:00:00,85.0,174.0,67.54,29.6
2020-11-20 03:00:00,85.0,174.0,67.54,29.6
2020-11-20 04:00:00,85.0,174.0,67.54,29.6
2020-11-20 05:00:00,85.0,174.0,67.54,29.6
2020-11-20 06:00:00,85.0,174.0,67.54,29.6
2020-11-20 07:00:00,85.0,174.0,67.54,29.6
2020-11-20 08:00:00,85.0,174.0,67.54,29.6
2020-11-20 09:00:00,85.0,174.0,67.54,29.6
2020-11-20 10:00:00,85.0,174.0,67.54,29.6
2020-11-20 11:00:00,85.0,174.0,67.54,29.6
2020-11-20 12:00:00,85.0,174.0,67.54,29.6
2020-11-20 13:00:00,85.0,174.0,67.54,29.6
2020-11-20 14:00:00,85.0,174.0,67.54,29.6
2020-11-20 15:00:00,85.0,174.0,67.54,29.6
2020-11-20 16:00:00,85.0,174.0,67.54,29.6
2020-11-20 17:00:00,85.0,174.0,67.54,29.6
2020-11-20 18:00:00,85.0,174.0,67.54,29.6
2020-11-20 19:00:00,85.0,174.0,67.54,29.6
2020-11-20 20:00:00,85.0,174.0,67.54,29.6
2020-11-20 21:00:00,85.0,174.0,67.54,29.6
2020-11-20 22:00:00,85.0,174.0,67.54,29.6
2020-11-20 23:00:00,85.0,174.0,67.54,29.6
2020-11-21 00:00:00,85.0,174.0,67.54,29.6
2020-11-21 01:00:00,85.0,174.0,67.54,29.6
2020-11-21 02:00:00,85.0,174.0,67.54,29.6
2020-11-21 03:00:00,85.0,174.0,67.54,29.6
2020-11-21 04:00:00,85.0,174.0,67.54,29.6
2020-11-21 05:00:00,85.0,174.0,67.54,29.6
2020-11-21 06:00:00,85.0,174.0,67.54,29.6
2020-11-21 07:00:00,85.0,174.0,67.54,29.6
2020-11-21 08:00:00,85.0,174.0,67.54,29.6
2020-11-21 09:00:00,85.0,174.0,67.54,29.6
2020-11-21 10:00:00,85.0,174.0,67.54,29.6
2020-11-21 11:00:00,85.0,174.0,67.54,29.6
2020-11-21 12:00:00,85.0,174.0,67.54,29.6
2020-11-21 13:00:00,85.0,174.0,67.54,29.6
2020-11-21 14:00:00,85.0,174.0,67.54,29.6
2020-11-21 15:00:00,85.0,174.0,67.54,29.6
2020-11-21 16:00:00,85.0,174.0,67.54,29.6
2020-11-21 17:00:00,85.0,174.0,67.54,29.6
2020-11-21 18:00:00,85.0,174.0,67.54,29.6
2020-11-21 19:00:00,85.0,174.0,67.54,29.6
2020-11-21 20:00:00,85.0,174.0,67.54,29.6
2020-11-21 21:00:00,85.0,174.0,67.54,29.6
2020-11-21 22:00:00,85.0,174.0,67.54,29.6
2020-11-21 23:00:00,85.0,174.0,67.54,29.6
2020-11-22 00:00:00,85.0,174.0,67.54,29.6
2020-11-22 01:00:00,85.0,174.0,67.54,29.6
2020-11-22 02:00:00,85.0,174.0,67.54,29.6
2020-11-22 03:00:00,85.0,174.0,67.54,29.6
2020-11-22 04:00:00,85.0,174.0,67.54,29.6
2020-11-22 05:00:00,85.0,174.0,67.54,29.6
2020-11-22 06:00:00,85.0,174.0,67.54,29.6
2020-11-22 07:00:00,85.0,174.0,67.54,29.6
2020-11-22 08:00:00,85.0,174.0,67.54,29.6
2020-11-22 09:00:00,85.0,174.0,67.54,29.6
2020-11-22 10:00:00,85.0,174.0,67.54,29.6
2020-11-22 11:00:00,85.0,174.0,67.54,29.6
2020-11-22 12:00:00,85.0,174.0,67.54,29.6
2020-11-22 13:00:00,85.0,174.0,67.54,29.6
2020-11-22 14:00:00,85.0,174.0,67.54,29.6
2020-11-22 15:00:00,85.0,174.0,67.54,29.6
2020-11-22 16:00:00,85.0,174.0,67.54,29.6
2020-11-22 17:00:00,85.0,174.0,67.54,29.6
2020-11-22 18:00:00,85.0,174.0,67.54,29.6
2020-11-22 19:00:00,85.0,174.0,67.54,29.6
2020-11-22 20:00:00,85.0,174.0,67.54,29.6
2020-11-22 21:00:00,85.0,174.0,67.54,29.6
2020-11-22 22:00:00,85.0,174.0,67.54,29.6
2020-11-22 23:00:00,85.0,174.0,67.54,29.6
2020-11-23 00:00:00,85.0,174.0,67.54,29.6
2020-11-23 01:00:00,85.0,174.0,67.54,29.6
2020-11-23 02:00:00,85.0,174.0,67.54,29.6
2020-11-23 03:00:00,85.0,174.0,67.54,29.6
2020-11-23 04:00:00,85.0,174.0,67.54,29.6
2020-11-23 05:00:00,85.0,174.0,67.54,29.6
2020-11-23 06:00:00,85.0,174.0,67.54,29.6
2020-11-23 07:00:00,85.0,174.0,67.54,29.6
2020-11-23 08:00:00,85.0,174.0,67.54,29.6
2020-11-23 09:00:00,85.0,174.0,67.54,29.6
2020-11-23 10:00:00,85.0,174.0,67.54,29.6
2020-11-23 11:00:00,85.0,174.0,67.54,29.6
2020-11-23 12:00:00,85.0,174.0,67.54,29.6
2020-11-23 13:00:00,85.0,174.0,67.54,29.6
2020-11-23 14:00:00,85.0,174.0,67.54,29.6
2020-11-23 15:00:00,85.0,174.0,67.54,29.6
2020-11-23 16:00:00,85.0,174.0,67.54,29.6
2020-11-23 17:00:00,85.0,174.0,67.54,29.6
2020-11-23 18:00:00,85.0,174.0,67.54,29.6
2020-11-23 19:00:00,85.0,174.0,67.54,29.6
2020-11-23 20:00:00,85.0,174.0,67.54,29.6
2020-11-23 21:00:00,85.0,174.0,67.54,29.6
2020-11-23 22:00:00,85.0,174.0,67.54,29.6
2020-11-23 23:00:00,85.0,174.0,67.54,29.6
2020-11-24 00:00:00,85.0,174.0,67.54,29.6
2020-11-24 01:00:00,85.0,174.0,67.54,29.6
2020-11-24 02:00:00,85.0,174.0,67.54,29.6
2020-11-24 03:00:00,85.0,174.0,67.54,29.6
2020-11-24 04:00:00,85.0,174.0,67.54,29.6
2020-11-24 05:00:00,85.0,174.0,67.54,29.6
2020-11-24 06:00:00,85.0,174.0,67.54,29.6
2020-11-24 07:00:00,85.0,174.0,67.54,29.6
2020-11-24 08:00:00,85.0,174.0,67.54,29.6
2020-11-24 09:00:00,85.0,174.0,67.54,29.6
2020-11-24 10:00:00,85.0,174.0,67.54,29.6
2020-11-24 11:00:00,85.0,174.0,67.54,29.6
2020-11-24 12:00:00,85.0,174.0,67.54,29.6
2020-11-24 13:00:00,85.0,174.0,67.54,29.6
2020-11-24 14:00:00,85.0,174.0,67.54,29.6
2020-11-24 15:00:00,85.0,174.0,67.54,29.6
2020-11-24 16:00:00,85.0,174.0,67.54,29.6
2020-11-24 17:00:00,85.0,174.0,67.54,29.6
2020-11-24 18:00:00,85.0,174.0,67.54,29.6
2020-11-24 19:00:00,85.0,174.0,67.54,29.6
2020-11-24 20:00:00,85.0,174.0,67.54,29.6
2020-11-24 21:00:00,85.0,174.0,67.54,29.6
2020-11-24 22:00:00,85.0,174.0,67.54,29.6
2020-11-24 23:00:00,85.0,174.0,67.54,29.6
2020-11-25 00:00:00,85.0,174.0,67.54,29.6
2020-11-25 01:00:00,85.0,174.0,67.54,29.6
2020-11-25 02:00:00,85.0,174.0,67.54,29.6
2020-11-25 03:00:00,85.0,174.0,67.54,29.6
2020-11-25 04:00:00,85.0,174.0,67.54,29.6
2020-11-25 05:00:00,85.0,174.0,67.54,29.6
2020-11-25 06:00:00,85.0,174.0,67.54,29.6
2020-11-25 07:00:00,85.0,174.0,67.54,29.6
2020-11-25 08:00:00,85.0,174.0,67.54,29.6
2020-11-25 09:00:00,85.0,174.0,67.54,29.6
2020-11-25 10:00:00,85.0,174.0,67.54,29.6
2020-11-25 11:00:00,85.0,174.0,67.54,29.6
2020-11-25 12:00:00,85.0,174.0,67.54,29.6
2020-11-25 13:00:00,85.0,174.0,67.54,29.6
2020-11-25 14:00:00,85.0,174.0,67.54,29.6
2020-11-25 15:00:00,85.0,174.0,67.54,29.6
2020-11-25 16:00:00,85.0,174.0,67.54,29.6
2020-11-25 17:00:00,85.0,174.0,67.54,29.6
2020-11-25 18:00:00,85.0,174.0,67.54,29.6
2020-11-25 19:00:00,85.0,174.0,67.54,29.6
2020-11-25 20:00:00,85.0,174.0,67.54,29.6
2020-11-25 21:00:00,85.0,174.0,67.54,29.6
2020-11-25 22:00:00,85.0,174.0,67.54,29.6
2020-11-25 23:00:00,85.0,174.0,67.54,29.6
2020-11-26 00:00:00,85.0,174.0,67.54,29.6
2020-11-26 01:00:00,85.0,174.0,67.54,29.6
2020-11-26 02:00:00,85.0,174.0,67.54,29.6
2020-11-26 03:00:00,85.0,174.0,67.54,29.6
2020-11-26 04:00:00,85.0,174.0,67.54,29.6
2020-11-26 05:00:00,85.0,174.0,67.54,29.6
2020-11-26 06:00:00,85.0,174.0,67.54,29.6
2020-11-26 07:00:00,85.0,174.0,67.54,29.6
2020-11-26 08:00:00,85.0,174.0,67.54,29.6
2020-11-26 09:00:00,85.0,174.0,67.54,29.6
2020-11-26 10:00:00,85.0,174.0,67.54,29.6
2020-11-26 11:00:00,85.0,174.0,67.54,29.6
2020-11-26 12:00:00,85.0,174.0,67.54,29.6
2020-11-26 13:00:00,85.0,174.0,67.54,29.6
2020-11-26 14:00:00,85.0,174.0,67.54,29.6
2020-11-26 15:00:00,85.0,174.0,67.54,29.6
2020-11-26 16:00:00,85.0,174.0,67.54,29.6
2020-11-26 17:00:00,85.0,174.0,67.54,29.6
2020-11-26 18:00:00,85.0,174.0,67.54,29.6
2020-11-26 19:00:00,85.0,174.0,67.54,29.6
2020-11-26 20:00:00,85.0,174.0,67.54,29.6
2020-11-26 21:00:00,85.0,174.0,67.54,29.6
2020-11-26 22:00:00,85.0,174.0,67.54,29.6
2020-11-26 23:00:00,85.0,174.0,67.54,29.6
2020-11-27 00:00:00,85.0,174.0,67.54,29.6
2020-11-27 01:00:00,85.0,174.0,67.54,29.6
2020-11-27 02:00:00,85.0,174.0,67.54,29.6
2020-11-27 03:00:00,85.0,174.0,67.54,29.6
2020-11-27 04:00:00,85.0,174.0,67.54,29.6
2020-11-27 05:00:00,85.0,174.0,67.54,29.6
2020-11-27 06:00:00,85.0,174.0,67.54,29.6
2020-11-27 07:00:00,85.0,174.0,67.54,29.6
2020-11-27 08:00:00,85.0,174.0,67.54,29.6
2020-11-27 09:00:00,85.0,174.0,67.54,29.6
2020-11-27 10:00:00,85.0,174.0,67.54,29.6
2020-11-27 11:00:00,85.0,174.0,67.54,29.6
2020-11-27 12:00:00,85.0,174.0,67.54,29.6
2020-11-27 13:00:00,85.0,174.0,67.54,29.6
2020-11-27 14:00:00,85.0,174.0,67.54,29.6
2020-11-27 15:00:00,85.0,174.0,67.54,29.6
2020-11-27 16:00:00,85.0,174.0,67.54,29.6
2020-11-27 17:00:00,85.0,174.0,67.54,29.6
2020-11-27 18:00:00,85.0,174.0,67.54,29.6
2020-11-27 19:00:00,85.0,174.0,67.54,29.6
2020-11-27 20:00:00,85.0,174.0,67.54,29.6
2020-11-27 21:00:00,85.0,174.0,67.54,29.6
2020-11-27 22:00:00,85.0,174.0,67.54,29.6
2020-11-27 23:00:00,85.0,174.0,67.54,29.6
2020-11-28 00:00:00,85.0,174.0,67.54,29.6
2020-11-28 01:00:00,85.0,174.0,67.54,29.6
2020-11-28 02:00:00,85.0,174.0,67.54,29.6
2020-11-28 03:00:00,85.0,174.0,67.54,29.6
2020-11-28 04:00:00,85.0,174.0,67.54,29.6
2020-11-28 05:00:00,85.0,174.0,67.54,29.6
2020-11-28 06:00:00,85.0,174.0,67.54,29.6
2020-11-28 07:00:00,85.0,174.0,67.54,29.6
2020-11-28 08:00:00,85.0,174.0,67.54,29.6
2020-11-28 09:00:00,85.0,174.0,67.54,29.6
2020-11-28 10:00:00,85.0,174.0,67.54,29.6
2020-11-28 11:00:00,85.0,174.0,67.54,29.6
2020-11-28 12:00:00,85.0,174.0,67.54,29.6
2020-11-28 13:00:00,85.0,174.0,67.54,29.6
2020-11-28 14:00:00,85.0,174.0,67.54,29.6
2020-11-28 15:00:00,85.0,174.0,67.54,29.6
2020-11-28 16:00:00,85.0,174.0,67.54,29.6
2020-11-28 17:00:00,85.0,174.0,67.54,29.6
2020-11-28 18:00:00,85.0,174.0,67.54,29.6
2020-11-28 19:00:00,85.0,174.0,67.54,29.6
2020-11-28 20:00:00,85.0,174.0,67.54,29.6
2020-11-28 21:00:00,85.0,174.0,67.54,29.6
2020-11-28 22:00:00,85.0,174.0,67.54,29.6
2020-11-28 23:00:00,85.0,174.0,67.54,29.6
2020-11-29 00:00:00,85.0,174.0,67.54,29.6
2020-11-29 01:00:00,85.0,174.0,67.54,29.6
2020-11-29 02:00:00,85.0,174.0,67.54,29.6
2020-11-29 03:00:00,85.0,174.0,67.54,29.6
2020-11-29 04:00:00,85.0,174.0,67.54,29.6
2020-11-29 05:00:00,85.0,174.0,67.54,29.6
2020-11-29 06:00:00,85.0,174.0,67.54,29.6
2020-11-29 07:00:00,85.0,174.0,67.54,29.6
2020-11-29 08:00:00,85.0,174.0,67.54,29.6
2020-11-29 09:00:00,85.0,174.0,67.54,29.6
2020-11-29 10:00:00,85.0,174.0,67.54,29.6
2020-11-29 11:00:00,85.0,174.0,67.54,29.6
2020-11-29 12:00:00,85.0,174.0,67.54,29.6
2020-11-29 13:00:00,85.0,174.0,67.54,29.6
2020-11-29 14:00:00,85.0,174.0,67.54,29.6
2020-11-29 15:00:00,85.0,174.0,67.54,29.6
2020-11-29 16:00:00,85.0,174.0,67.54,29.6
2020-11-29 17:00:00,85.0,174.0,67.54,29.6
2020-11-29 18:00:00,85.0,174.0,67.54,29.6
2020-11-29 19:00:00,85.0,174.0,67.54,29.6
2020-11-29 20:00:00,85.0,174.0,67.54,29.6
2020-11-29 21:00:00,85.0,174.0,67.54,29.6
2020-11-29 22:00:00,85.0,174.0,67.54,29.6
2020-11-29 23:00:00,85.0,174.0,67.54,29.6
2020-11-30 00:00:00,85.0,174.0,67.54,29.6
2020-11-30 01:00:00,85.0,174.0,67.54,29.6
2020-11-30 02:00:00,85.0,174.0,67.54,29.6
2020-11-30 03:00:00,85.0,174.0,67.54,29.6
2020-11-30 04:00:00,85.0,174.0,67.54,29.6
2020-11-30 05:00:00,85.0,174.0,67.54,29.6
2020-11-30 06:00:00,85.0,174.0,67.54,29.6
2020-11-30 07:00:00,85.0,174.0,67.54,29.6
2020-11-30 08:00:00,85.0,174.0,67.54,29.6
2020-11-30 09:00:00,85.0,174.0,67.54,29.6
2020-11-30 10:00:00,85.0,174.0,67.54,29.6
2020-11-30 11:00:00,85.0,174.0,67.54,29.6
2020-11-30 12:00:00,85.0,174.0,67.54,29.6
2020-11-30 13:00:00,85.0,174.0,67.54,29.6
2020-11-30 14:00:00,85.0,174.0,67.54,29.6
2020-11-30 15:00:00,85.0,174.0,67.54,29.6
2020-11-30 16:00:00,85.0,174.0,67.54,29.6
2020-11-30 17:00:00,85.0,174.0,67.54,29.6
2020-11-30 18:00:00,85.0,174.0,67.54,29.6
2020-11-30 19:00:00,85.0,174.0,67.54,29.6
2020-11-30 20:00:00,85.0,174.0,67.54,29.6
2020-11-30 21:00:00,85.0,174.0,67.54,29.6
2020-11-30 22:00:00,85.0,174.0,67.54,29.6
2020-11-30 23:00:00,85.0,174.0,67.54,29.6
2020-12-01 00:00:00,85.0,174.0,67.54,29.6
2020-12-01 01:00:00,85.0,174.0,67.54,29.6
2020-12-01 02:00:00,85.0,174.0,67.54,29.6
2020-12-01 03:00:00,85.0,174.0,67.54,29.6
2020-12-01 04:00:00,85.0,174.0,67.54,29.6
2020-12-01 05:00:00,85.0,174.0,67.54,29.6
2020-12-01 06:00:00,85.0,174.0,67.54,29.6
2020-12-01 07:00:00,85.0,174.0,67.54,29.6
2020-12-01 08:00:00,85.0,174.0,67.54,29.6
2020-12-01 09:00:00,85.0,174.0,67.54,29.6
2020-12-01 10:00:00,85.0,174.0,67.54,29.6
2020-12-01 11:00:00,85.0,174.0,67.54,29.6
2020-12-01 12:00:00,85.0,174.0,67.54,29.6
2020-12-01 13:00:00,85.0,174.0,67.54,29.6
2020-12-01 14:00:00,85.0,174.0,67.54,29.6
2020-12-01 15:00:00,85.0,174.0,67.54,29.6
2020-12-01 16:00:00,85.0,174.0,67.54,29.6
2020-12-01 17:00:00,85.0,174.0,67.54,29.6
2020-12-01 18:00:00,85.0,174.0,67.54,29.6
2020-12-01 19:00:00,85.0,174.0,67.54,29.6
2020-12-01 20:00:00,85.0,174.0,67.54,29.6
2020-12-01 21:00:00,85.0,174.0,67.54,29.6
2020-12-01 22:00:00,85.0,174.0,67.54,29.6
2020-12-01 23:00:00,85.0,174.0,67.54,29.6
2020-12-02 00:00:00,85.0,174.0,67.54,29.6
2020-12-02 01:00:00,85.0,174.0,67.54,29.6
2020-12-02 02:00:00,85.0,174.0,67.54,29.6
2020-12-02 03:00:00,85.0,174.0,67.54,29.6
2020-12-02 04:00:00,85.0,174.0,67.54,29.6
2020-12-02 05:00:00,85.0,174.0,67.54,29.6
2020-12-02 06:00:00,85.0,174.0,67.54,29.6
2020-12-02 07:00:00,85.0,174.0,67.54,29.6
2020-12-02 08:00:00,85.0,174.0,67.54,29.6
2020-12-02 09:00:00,85.0,174.0,67.54,29.6
2020-12-02 10:00:00,85.0,174.0,67.54,29.6
2020-12-02 11:00:00,85.0,174.0,67.54,29.6
2020-12-02 12:00:00,85.0,174.0,67.54,29.6
2020-12-02 13:00:00,85.0,174.0,67.54,29.6
2020-12-02 14:00:00,85.0,174.0,67.54,29.6
2020-12-02 15:00:00,85.0,174.0,67.54,29.6
2020-12-02 16:00:00,85.0,174.0,67.54,29.6
2020-12-02 17:00:00,85.0,174.0,67.54,29.6
2020-12-02 18:00:00,85.0,174.0,67.54,29.6
2020-12-02 19:00:00,85.0,174.0,67.54,29.6
2020-12-02 20:00:00,85.0,174.0,67.54,29.6
2020-12-02 21:00:00,85.0,174.0,67.54,29.6
2020-12-02 22:00:00,85.0,174.0,67.54,29.6
2020-12-02 23:00:00,85.0,174.0,67.54,29.6
2020-12-03 00:00:00,85.0,174.0,67.54,29.6
2020-12-03 01:00:00,85.0,174.0,67.54,29.6
2020-12-03 02:00:00,85.0,174.0,67.54,29.6
2020-12-03 03:00:00,85.0,174.0,67.54,29.6
2020-12-03 04:00:00,85.0,174.0,67.54,29.6
2020-12-03 05:00:00,85.0,174.0,67.54,29.6
2020-12-03 06:00:00,85.0,174.0,67.54,29.6
2020-12-03 07:00:00,85.0,174.0,67.54,29.6
2020-12-03 08:00:00,85.0,174.0,67.54,29.6
2020-12-03 09:00:00,85.0,174.0,67.54,29.6
2020-12-03 10:00:00,85.0,174.0,67.54,29.6
2020-12-03 11:00:00,85.0,174.0,67.54,29.6
2020-12-03 12:00:00,85.0,174.0,67.54,29.6
2020-12-03 13:00:00,85.0,174.0,67.54,29.6
2020-12-03 14:00:00,85.0,174.0,67.54,29.6
2020-12-03 15:00:00,85.0,174.0,67.54,29.6
2020-12-03 16:00:00,85.0,174.0,67.54,29.6
2020-12-03 17:00:00,85.0,174.0,67.54,29.6
2020-12-03 18:00:00,85.0,174.0,67.54,29.6
2020-12-03 19:00:00,85.0,174.0,67.54,29.6
2020-12-03 20:00:00,85.0,174.0,67.54,29.6
2020-12-03 21:00:00,85.0,174.0,67.54,29.6
2020-12-03 22:00:00,85.0,174.0,67.54,29.6
2020-12-03 23:00:00,85.0,174.0,67.54,29.6
2020-12-04 00:00:00,85.0,174.0,67.54,29.6
2020-12-04 01:00:00,85.0,174.0,67.54,29.6
2020-12-04 02:00:00,85.0,174.0,67.54,29.6
2020-12-04 03:00:00,85.0,174.0,67.54,29.6
2020-12-04 04:00:00,85.0,174.0,67.54,29.6
2020-12-04 05:00:00,85.0,174.0,67.54,29.6
2020-12-04 06:00:00,85.0,174.0,67.54,29.6
2020-12-04 07:00:00,85.0,174.0,67.54,29.6
2020-12-04 08:00:00,85.0,174.0,67.54,29.6
2020-12-04 09:00:00,85.0,174.0,67.54,29.6
2020-12-04 10:00:00,85.0,174.0,67.54,29.6
2020-12-04 11:00:00,85.0,174.0,67.54,29.6
2020-12-04 12:00:00,85.0,174.0,67.54,29.6
2020-12-04 13:00:00,85.0,174.0,67.54,29.6
2020-12-04 14:00:00,85.0,174.0,67.54,29.6
2020-12-04 15:00:00,85.0,174.0,67.54,29.6
2020-12-04 16:00:00,85.0,174.0,67.54,29.6
2020-12-04 17:00:00,85.0,174.0,67.54,29.6
2020-12-04 18:00:00,85.0,174.0,67.54,29.6
2020-12-04 19:00:00,85.0,174.0,67.54,29.6
2020-12-04 20:00:00,85.0,174.0,67.54,29.6
2020-12-04 21:00:00,85.0,174.0,67.54,29.6
2020-12-04 22:00:00,85.0,174.0,67.54,29.6
2020-12-04 23:00:00,85.0,174.0,67.54,29.6
2020-12-05 00:00:00,85.0,174.0,67.54,29.6
2020-12-05 01:00:00,85.0,174.0,67.54,29.6
2020-12-05 02:00:00,85.0,174.0,67.54,29.6
2020-12-05 03:00:00,85.0,174.0,67.54,29.6
2020-12-05 04:00:00,85.0,174.0,67.54,29.6
2020-12-05 05:00:00,85.0,174.0,67.54,29.6
2020-12-05 06:00:00,85.0,174.0,67.54,29.6
2020-12-05 07:00:00,85.0,174.0,67.54,29.6
2020-12-05 08:00:00,85.0,174.0,67.54,29.6
2020-12-05 09:00:00,85.0,174.0,67.54,29.6
2020-12-05 10:00:00,85.0,174.0,67.54,29.6
2020-12-05 11:00:00,85.0,174.0,67.54,29.6
2020-12-05 12:00:00,85.0,174.0,67.54,29.6
2020-12-05 13:00:00,85.0,174.0,67.54,29.6
2020-12-05 14:00:00,85.0,174.0,67.54,29.6
2020-12-05 15:00:00,85.0,174.0,67.54,29.6
2020-12-05 16:00:00,85.0,174.0,67.54,29.6
2020-12-05 17:00:00,85.0,174.0,67.54,29.6
2020-12-05 18:00:00,85.0,174.0,67.54,29.6
2020-12-05 19:00:00,85.0,174.0,67.54,29.6
2020-12-05 20:00:00,85.0,174.0,67.54,29.6
2020-12-05 21:00:00,85.0,174.0,67.54,29.6
2020-12-05 22:00:00,85.0,174.0,67.54,29.6
2020-12-05 23:00:00,85.0,174.0,67.54,29.6
2020-12-06 00:00:00,85.0,174.0,67.54,29.6
2020-12-06 01:00:00,85.0,174.0,67.54,29.6
2020-12-06 02:00:00,85.0,174.0,67.54,29.6
2020-12-06 03:00:00,85.0,174.0,67.54,29.6
2020-12-06 04:00:00,85.0,174.0,67.54,29.6
2020-12-06 05:00:00,85.0,174.0,67.54,29.6
2020-12-06 06:00:00,85.0,174.0,67.54,29.6
2020-12-06 07:00:00,85.0,174.0,67.54,29.6
2020-12-06 08:00:00,85.0,174.0,67.54,29.6
2020-12-06 09:00:00,85.0,174.0,67.54,29.6
2020-12-06 10:00:00,85.0,174.0,67.54,29.6
2020-12-06 11:00:00,85.0,174.0,67.54,29.6
2020-12-06 12:00:00,85.0,174.0,67.54,29.6
2020-12-06 13:00:00,85.0,174.0,67.54,29.6
2020-12-06 14:00:00,85.0,174.0,67.54,29.6
2020-12-06 15:00:00,85.0,174.0,67.54,29.6
2020-12-06 16:00:00,85.0,174.0,67.54,29.6
2020-12-06 17:00:00,85.0,174.0,67.54,29.6
2020-12-06 18:00:00,85.0,174.0,67.54,29.6
2020-12-06 19:00:00,85.0,174.0,67.54,29.6
2020-12-06 20:00:00,85.0,174.0,67.54,29.6
2020-12-06 21:00:00,85.0,174.0,67.54,29.6
2020-12-06 22:00:00,85.0,174.0,67.54,29.6
2020-12-06 23:00:00,85.0,174.0,67.54,29.6
2020-12-07 00:00:00,85.0,174.0,67.54,29.6
2020-12-07 01:00:00,85.0,174.0,67.54,29.6
2020-12-07 02:00:00,85.0,174.0,67.54,29.6
2020-12-07 03:00:00,85.0,174.0,67.54,29.6
2020-12-07 04:00:00,85.0,174.0,67.54,29.6
2020-12-07 05:00:00,85.0,174.0,67.54,29.6
2020-12-07 06:00:00,85.0,174.0,67.54,29.6
2020-12-07 07:00:00,85.0,174.0,67.54,29.6
2020-12-07 08:00:00,85.0,174.0,67.54,29.6
2020-12-07 09:00:00,85.0,174.0,67.54,29.6
2020-12-07 10:00:00,85.0,174.0,67.54,29.6
2020-12-07 11:00:00,85.0,174.0,67.54,29.6
2020-12-07 12:00:00,85.0,174.0,67.54,29.6
2020-12-07 13:00:00,85.0,174.0,67.54,29.6
2020-12-07 14:00:00,85.0,174.0,67.54,29.6
2020-12-07 15:00:00,85.0,174.0,67.54,29.6
2020-12-07 16:00:00,85.0,174.0,67.54,29.6
2020-12-07 17:00:00,85.0,174.0,67.54,29.6
2020-12-07 18:00:00,85.0,174.0,67.54,29.6
2020-12-07 19:00:00,85.0,174.0,67.54,29.6
2020-12-07 20:00:00,85.0,174.0,67.54,29.6
2020-12-07 21:00:00,85.0,174.0,67.54,29.6
2020-12-07 22:00:00,85.0,174.0,67.54,29.6
2020-12-07 23:00:00,85.0,174.0,67.54,29.6
2020-12-08 00:00:00,85.0,174.0,67.54,29.6
2020-12-08 01:00:00,85.0,174.0,67.54,29.6
2020-12-08 02:00:00,85.0,174.0,67.54,29.6
2020-12-08 03:00:00,85.0,174.0,67.54,29.6
2020-12-08 04:00:00,85.0,174.0,67.54,29.6
2020-12-08 05:00:00,85.0,174.0,67.54,29.6
2020-12-08 06:00:00,85.0,174.0,67.54,29.6
2020-12-08 07:00:00,85.0,174.0,67.54,29.6
2020-12-08 08:00:00,85.0,174.0,67.54,29.6
2020-12-08 09:00:00,85.0,174.0,67.54,29.6
2020-12-08 10:00:00,85.0,174.0,67.54,29.6
2020-12-08 11:00:00,85.0,174.0,67.54,29.6
2020-12-08 12:00:00,85.0,174.0,67.54,29.6
2020-12-08 13:00:00,85.0,174.0,67.54,29.6
2020-12-08 14:00:00,85.0,174.0,67.54,29.6
2020-12-08 15:00:00,85.0,174.0,67.54,29.6
2020-12-08 16:00:00,85.0,174.0,67.54,29.6
2020-12-08 17:00:00,85.0,174.0,67.54,29.6
2020-12-08 18:00:00,85.0,174.0,67.54,29.6
2020-12-08 19:00:00,85.0,174.0,67.54,29.6
2020-12-08 20:00:00,85.0,174.0,67.54,29.6
2020-12-08 21:00:00,85.0,174.0,67.54,29.6
2020-12-08 22:00:00,85.0,174.0,67.54,29.6
2020-12-08 23:00:00,85.0,174.0,67.54,29.6
2020-12-09 00:00:00,85.0,174.0,67.54,29.6
2020-12-09 01:00:00,85.0,174.0,67.54,29.6
2020-12-09 02:00:00,85.0,174.0,67.54,29.6
2020-12-09 03:00:00,85.0,174.0,67.54,29.6
2020-12-09 04:00:00,85.0,174.0,67.54,29.6
2020-12-09 05:00:00,85.0,174.0,67.54,29.6
2020-12-09 06:00:00,85.0,174.0,67.54,29.6
2020-12-09 07:00:00,85.0,174.0,67.54,29.6
2020-12-09 08:00:00,85.0,174.0,67.54,29.6
2020-12-09 09:00:00,85.0,174.0,67.54,29.6
2020-12-09 10:00:00,85.0,174.0,67.54,29.6
2020-12-09 11:00:00,85.0,174.0,67.54,29.6
2020-12-09 12:00:00,85.0,174.0,67.54,29.6
2020-12-09 13:00:00,85.0,174.0,67.54,29.6
2020-12-09 14:00:00,85.0,174.0,67.54,29.6
2020-12-09 15:00:00,85.0,174.0,67.54,29.6
2020-12-09 16:00:00,85.0,174.0,67.54,29.6
2020-12-09 17:00:00,85.0,174.0,67.54,29.6
2020-12-09 18:00:00,85.0,174.0,67.54,29.6
2020-12-09 19:00:00,85.0,174.0,67.54,29.6
2020-12-09 20:00:00,85.0,174.0,67.54,29.6
2020-12-09 21:00:00,85.0,174.0,67.54,29.6
2020-12-09 22:00:00,85.0,174.0,67.54,29.6
2020-12-09 23:00:00,85.0,174.0,67.54,29.6
2020-12-10 00:00:00,85.0,174.0,67.54,29.6
2020-12-10 01:00:00,85.0,174.0,67.54,29.6
2020-12-10 02:00:00,85.0,174.0,67.54,29.6
2020-12-10 03:00:00,85.0,174.0,67.54,29.6
2020-12-10 04:00:00,85.0,174.0,67.54,29.6
2020-12-10 05:00:00,85.0,174.0,67.54,29.6
2020-12-10 06:00:00,85.0,174.0,67.54,29.6
2020-12-10 07:00:00,85.0,174.0,67.54,29.6
2020-12-10 08:00:00,85.0,174.0,67.54,29.6
2020-12-10 09:00:00,85.0,174.0,67.54,29.6
2020-12-10 10:00:00,85.0,174.0,67.54,29.6
2020-12-10 11:00:00,85.0,174.0,67.54,29.6
2020-12-10 12:00:00,85.0,174.0,67.54,29.6
2020-12-10 13:00:00,85.0,174.0,67.54,29.6
2020-12-10 14:00:00,85.0,174.0,67.54,29.6
2020-12-10 15:00:00,85.0,174.0,67.54,29.6
2020-12-10 16:00:00,85.0,174.0,67.54,29.6
2020-12-10 17:00:00,85.0,174.0,67.54,29.6
2020-12-10 18:00:00,85.0,174.0,67.54,29.6
2020-12-10 19:00:00,85.0,174.0,67.54,29.6
2020-12-10 20:00:00,85.0,174.0,67.54,29.6
2020-12-10 21:00:00,85.0,174.0,67.54,29.6
2020-12-10 22:00:00,85.0,174.0,67.54,29.6
2020-12-10 23:00:00,85.0,174.0,67.54,29.6
2020-12-11 00:00:00,85.0,174.0,67.54,29.6
2020-12-11 01:00:00,85.0,174.0,67.54,29.6
2020-12-11 02:00:00,85.0,174.0,67.54,29.6
2020-12-11 03:00:00,85.0,174.0,67.54,29.6
2020-12-11 04:00:00,85.0,174.0,67.54,29.6
2020-12-11 05:00:00,85.0,174.0,67.54,29.6
2020-12-11 06:00:00,85.0,174.0,67.54,29.6
2020-12-11 07:00:00,85.0,174.0,67.54,29.6
2020-12-11 08:00:00,85.0,174.0,67.54,29.6
2020-12-11 09:00:00,85.0,174.0,67.54,29.6
2020-12-11 10:00:00,85.0,174.0,67.54,29.6
2020-12-11 11:00:00,85.0,174.0,67.54,29.6
2020-12-11 12:00:00,85.0,174.0,67.54,29.6
2020-12-11 13:00:00,85.0,174.0,67.54,29.6
2020-12-11 14:00:00,85.0,174.0,67.54,29.6
2020-12-11 15:00:00,85.0,174.0,67.54,29.6
2020-12-11 16:00:00,85.0,174.0,67.54,29.6
2020-12-11 17:00:00,85.0,174.0,67.54,29.6
2020-12-11 18:00:00,85.0,174.0,67.54,29.6
2020-12-11 19:00:00,85.0,174.0,67.54,29.6
2020-12-11 20:00:00,85.0,174.0,67.54,29.6
2020-12-11 21:00:00,85.0,174.0,67.54,29.6
2020-12-11 22:00:00,85.0,174.0,67.54,29.6
2020-12-11 23:00:00,85.0,174.0,67.54,29.6
2020-12-12 00:00:00,85.0,174.0,67.54,29.6
2020-12-12 01:00:00,85.0,174.0,67.54,29.6
2020-12-12 02:00:00,85.0,174.0,67.54,29.6
2020-12-12 03:00:00,85.0,174.0,67.54,29.6
2020-12-12 04:00:00,85.0,174.0,67.54,29.6
2020-12-12 05:00:00,85.0,174.0,67.54,29.6
2020-12-12 06:00:00,85.0,174.0,67.54,29.6
2020-12-12 07:00:00,85.0,174.0,67.54,29.6
2020-12-12 08:00:00,85.0,174.0,67.54,29.6
2020-12-12 09:00:00,85.0,174.0,67.54,29.6
2020-12-12 10:00:00,85.0,174.0,67.54,29.6
2020-12-12 11:00:00,85.0,174.0,67.54,29.6
2020-12-12 12:00:00,85.0,174.0,67.54,29.6
2020-12-12 13:00:00,85.0,174.0,67.54,29.6
2020-12-12 14:00:00,85.0,174.0,67.54,29.6
2020-12-12 15:00:00,85.0,174.0,67.54,29.6
2020-12-12 16:00:00,85.0,174.0,67.54,29.6
2020-12-12 17:00:00,85.0,174.0,67.54,29.6
2020-12-12 18:00:00,85.0,174.0,67.54,29.6
2020-12-12 19:00:00,85.0,174.0,67.54,29.6
2020-12-12 20:00:00,85.0,174.0,67.54,29.6
2020-12-12 21:00:00,85.0,174.0,67.54,29.6
2020-12-12 22:00:00,85.0,174.0,67.54,29.6
2020-12-12 23:00:00,85.0,174.0,67.54,29.6
2020-12-13 00:00:00,85.0,174.0,67.54,29.6
2020-12-13 01:00:00,85.0,174.0,67.54,29.6
2020-12-13 02:00:00,85.0,174.0,67.54,29.6
2020-12-13 03:00:00,85.0,174.0,67.54,29.6
2020-12-13 04:00:00,85.0,174.0,67.54,29.6
2020-12-13 05:00:00,85.0,174.0,67.54,29.6
2020-12-13 06:00:00,85.0,174.0,67.54,29.6
2020-12-13 07:00:00,85.0,174.0,67.54,29.6
2020-12-13 08:00:00,85.0,174.0,67.54,29.6
2020-12-13 09:00:00,85.0,174.0,67.54,29.6
2020-12-13 10:00:00,85.0,174.0,67.54,29.6
2020-12-13 11:00:00,85.0,174.0,67.54,29.6
2020-12-13 12:00:00,85.0,174.0,67.54,29.6
2020-12-13 13:00:00,85.0,174.0,67.54,29.6
2020-12-13 14:00:00,85.0,174.0,67.54,29.6
2020-12-13 15:00:00,85.0,174.0,67.54,29.6
2020-12-13 16:00:00,85.0,174.0,67.54,29.6
2020-12-13 17:00:00,85.0,174.0,67.54,29.6
2020-12-13 18:00:00,85.0,174.0,67.54,29.6
2020-12-13 19:00:00,85.0,174.0,67.54,29.6
2020-12-13 20:00:00,85.0,174.0,67.54,29.6
2020-12-13 21:00:00,85.0,174.0,67.54,29.6
2020-12-13 22:00:00,85.0,174.0,67.54,29.6
2020-12-13 23:00:00,85.0,174.0,67.54,29.6
2020-12-14 00:00:00,85.0,174.0,67.54,29.6
2020-12-14 01:00:00,85.0,174.0,67.54,29.6
2020-12-14 02:00:00,85.0,174.0,67.54,29.6
2020-12-14 03:00:00,85.0,174.0,67.54,29.6
2020-12-14 04:00:00,85.0,174.0,67.54,29.6
2020-12-14 05:00:00,85.0,174.0,67.54,29.6
2020-12-14 06:00:00,85.0,174.0,67.54,29.6
2020-12-14 07:00:00,85.0,174.0,67.54,29.6
2020-12-14 08:00:00,85.0,174.0,67.54,29.6
2020-12-14 09:00:00,85.0,174.0,67.54,29.6
2020-12-14 10:00:00,85.0,174.0,67.54,29.6
2020-12-14 11:00:00,85.0,174.0,67.54,29.6
2020-12-14 12:00:00,85.0,174.0,67.54,29.6
2020-12-14 13:00:00,85.0,174.0,67.54,29.6
2020-12-14 14:00:00,85.0,174.0,67.54,29.6
2020-12-14 15:00:00,85.0,174.0,67.54,29.6
2020-12-14 16:00:00,85.0,174.0,67.54,29.6
2020-12-14 17:00:00,85.0,174.0,67.54,29.6
2020-12-14 18:00:00,85.0,174.0,67.54,29.6
2020-12-14 19:00:00,85.0,174.0,67.54,29.6
2020-12-14 20:00:00,85.0,174.0,67.54,29.6
2020-12-14 21:00:00,85.0,174.0,67.54,29.6
2020-12-14 22:00:00,85.0,174.0,67.54,29.6
2020-12-14 23:00:00,85.0,174.0,67.54,29.6
2020-12-15 00:00:00,85.0,174.0,67.54,29.6
2020-12-15 01:00:00,85.0,174.0,67.54,29.6
2020-12-15 02:00:00,85.0,174.0,67.54,29.6
2020-12-15 03:00:00,85.0,174.0,67.54,29.6
2020-12-15 04:00:00,85.0,174.0,67.54,29.6
2020-12-15 05:00:00,85.0,174.0,67.54,29.6
2020-12-15 06:00:00,85.0,174.0,67.54,29.6
2020-12-15 07:00:00,85.0,174.0,67.54,29.6
2020-12-15 08:00:00,85.0,174.0,67.54,29.6
2020-12-15 09:00:00,85.0,174.0,67.54,29.6
2020-12-15 10:00:00,85.0,174.0,67.54,29.6
2020-12-15 11:00:00,85.0,174.0,67.54,29.6
2020-12-15 12:00:00,85.0,174.0,67.54,29.6
2020-12-15 13:00:00,85.0,174.0,67.54,29.6
2020-12-15 14:00:00,85.0,174.0,67.54,29.6
2020-12-15 15:00:00,85.0,174.0,67.54,29.6
2020-12-15 16:00:00,85.0,174.0,67.54,29.6
2020-12-15 17:00:00,85.0,174.0,67.54,29.6
2020-12-15 18:00:00,85.0,174.0,67.54,29.6
2020-12-15 19:00:00,85.0,174.0,67.54,29.6
2020-12-15 20:00:00,85.0,174.0,67.54,29.6
2020-12-15 21:00:00,85.0,174.0,67.54,29.6
2020-12-15 22:00:00,85.0,174.0,67.54,29.6
2020-12-15 23:00:00,85.0,174.0,67.54,29.6
2020-12-16 00:00:00,85.0,174.0,67.54,29.6
2020-12-16 01:00:00,85.0,174.0,67.54,29.6
2020-12-16 02:00:00,85.0,174.0,67.54,29.6
2020-12-16 03:00:00,85.0,174.0,67.54,29.6
2020-12-16 04:00:00,85.0,174.0,67.54,29.6
2020-12-16 05:00:00,85.0,174.0,67.54,29.6
2020-12-16 06:00:00,85.0,174.0,67.54,29.6
2020-12-16 07:00:00,85.0,174.0,67.54,29.6
2020-12-16 08:00:00,85.0,174.0,67.54,29.6
2020-12-16 09:00:00,85.0,174.0,67.54,29.6
2020-12-16 10:00:00,85.0,174.0,67.54,29.6
2020-12-16 11:00:00,85.0,174.0,67.54,29.6
2020-12-16 12:00:00,85.0,174.0,67.54,29.6
2020-12-16 13:00:00,85.0,174.0,67.54,29.6
2020-12-16 14:00:00,85.0,174.0,67.54,29.6
2020-12-16 15:00:00,85.0,174.0,67.54,29.6
2020-12-16 16:00:00,86.39,195.63,68.52,28.6
2020-12-16 17:00:00,81.43,178.25,73.9,27.2
2020-12-16 18:00:00,77.27,190.53,73.28,26.8
2020-12-16 19:00:00,86.63,205.65,76.0,26.05
2020-12-16 20:00:00,80.72,148.97,78.29,25.22
2020-12-16 21:00:00,80.07,141.19,84.5,23.96
2020-12-16 22:00:00,97.35,166.72,76.97,25.15
2020-12-16 23:00:00,93.47,147.5,74.48,25.09
2020-12-17 00:00:00,84.13,121.73,79.65,23.74
2020-12-17 01:00:00,79.18,123.92,83.65,23.22
2020-12-17 02:00:00,75.53,125.35,82.19,23.57
2020-12-17 03:00:00,83.92,125.0,84.26,23.18
2020-12-17 04:00:00,96.83,134.67,84.99,22.97
2020-12-17 05:00:00,98.58,138.31,85.07,22.82
2020-12-17 06:00:00,100.28,142.26,83.4,22.99
2020-12-17 07:00:00,103.06,147.26,80.21,23.44
2020-12-17 08:00:00,106.69,153.59,78.25,24.04
2020-12-17 09:00:00,108.25,162.56,71.07,25.84
2020-12-17 10:00:00,96.96,167.96,64.81,27.63
2020-12-17 11:00:00,89.0,169.0,59.31,29.05
2020-12-17 12:00:00,78.0,183.0,55.31,30.13
2020-12-17 13:00:00,74.25,155.05,52.54,30.87
2020-12-17 14:00:00,69.53,156.32,52.28,31.21
2020-12-17 15:00:00,79.8,220.49,61.67,30.32
2020-12-17 16:00:00,94.83,291.78,66.71,28.8
2020-12-17 17:00:00,98.94,243.5,71.04,27.18
2020-12-17 18:00:00,97.65,206.0,72.06,26.61
2020-12-17 19:00:00,90.33,186.53,71.24,26.39
2020-12-17 20:00:00,90.63,163.65,78.12,25.32
2020-12-17 21:00:00,107.33,170.32,83.3,24.23
2020-12-17 22:00:00,122.28,212.29,85.43,23.89
2020-12-17 23:00:00,128.82,230.65,86.92,23.48
2020-12-18 00:00:00,123.6,210.2,86.81,23.39
2020-12-18 01:00:00,116.8,191.82,88.05,23.2
2020-12-18 02:00:00,116.72,186.69,86.3,23.06
2020-12-18 03:00:00,98.45,150.1,84.18,23.08
2020-12-18 04:00:00,85.73,128.38,85.98,22.52
2020-12-18 05:00:00,92.35,133.53,86.29,22.18
2020-12-18 06:00:00,98.27,148.75,84.9,22.2
2020-12-18 07:00:00,108.57,160.9,82.78,22.38
2020-12-18 08:00:00,109.9,166.61,76.54,23.5
2020-12-18 09:00:00,103.93,171.26,69.86,25.34
2020-12-18 10:00:00,109.2,189.33,63.46,27.46
2020-12-18 11:00:00,109.78,208.44,56.77,29.35
2020-12-18 12:00:00,89.98,179.4,52.12,30.25
2020-12-18 13:00:00,69.22,150.56,44.36,31.27
2020-12-18 14:00:00,55.2,110.4,41.78,31.2
2020-12-18 15:00:00,49.63,148.79,42.47,30.81
2020-12-18 16:00:00,49.43,121.97,45.31,29.9
2020-12-18 17:00:00,52.33,124.01,58.73,28.53
2020-12-18 18:00:00,58.37,125.98,55.39,27.53
2020-12-18 19:00:00,56.2,127.79,60.31,26.77
2020-12-18 20:00:00,67.1,165.5,67.28,25.09
2020-12-18 21:00:00,74.0,177.68,65.01,25.89
2020-12-18 22:00:00,74.94,143.5,67.49,25.86
2020-12-18 23:00:00,74.12,116.63,66.96,25.82
2020-12-19 00:00:00,78.07,120.8,73.81,24.63
2020-12-19 01:00:00,88.75,144.72,76.4,24.02
2020-12-19 02:00:00,91.12,139.86,76.33,23.88
2020-12-19 03:00:00,80.55,124.56,73.09,23.85
2020-12-19 04:00:00,71.93,108.56,77.25,23.12
2020-12-19 05:00:00,78.16,121.93,77.28,22.77
2020-12-19 06:00:00,77.9,119.6,67.52,23.42
2020-12-19 07:00:00,71.0,108.43,67.85,23.23
2020-12-19 08:00:00,77.57,122.9,66.52,23.83
2020-12-19 09:00:00,86.41,140.0,63.38,25.26
2020-12-19 10:00:00,94.57,166.28,58.03,27.28
2020-12-19 11:00:00,96.84,194.35,51.23,28.84
2020-12-19 12:00:00,81.2,165.49,45.64,29.74
2020-12-19 13:00:00,66.27,134.56,43.62,30.54
2020-12-19 14:00:00,59.2,116.59,41.81,30.71
2020-12-19 15:00:00,55.53,104.75,41.51,30.39
2020-12-19 16:00:00,54.06,105.27,41.61,30.01
2020-12-19 17:00:00,54.16906976744186,106.1146511627907,41.965581395348835,29.919767441860465
2020-12-19 18:00:00,54.27813953488372,106.95930232558139,42.32116279069768,29.82953488372093
2020-12-19 19:00:00,54.38720930232558,107.80395348837209,42.67674418604651,29.739302325581395
2020-12-19 20:00:00,54.496279069767446,108.64860465116278,43.03232558139535,29.649069767441862
2020-12-19 21:00:00,54.605348837209306,109.49325581395348,43.38790697674418,29.558837209302325
2020-12-19 22:00:00,54.714418604651165,110.33790697674418,43.743488372093026,29.468604651162792
2020-12-19 23:00:00,54.823488372093024,111.18255813953488,44.09906976744186,29.378372093023255
2020-12-20 00:00:00,54.93255813953488,112.02720930232557,44.4546511627907,29.288139534883722
2020-12-20 01:00:00,55.04162790697674,112.87186046511627,44.81023255813953,29.197906976744186
2020-12-20 02:00:00,55.15069767441861,113.71651162790698,45.165813953488374,29.107674418604653
2020-12-20 03:00:00,55.25976744186047,114.56116279069767,45.52139534883721,29.017441860465116
2020-12-20 04:00:00,55.36883720930233,115.40581395348838,45.876976744186045,28.927209302325583
2020-12-20 05:00:00,55.47790697674419,116.25046511627907,46.23255813953488,28.836976744186046
2020-12-20 06:00:00,55.586976744186046,117.09511627906977,46.58813953488372,28.746744186046513
2020-12-20 07:00:00,55.696046511627905,117.93976744186047,46.94372093023256,28.656511627906976
2020-12-20 08:00:00,55.80511627906977,118.78441860465117,47.299302325581394,28.566279069767443
2020-12-20 09:00:00,55.91418604651163,119.62906976744186,47.65488372093023,28.476046511627906
2020-12-20 10:00:00,56.02325581395349,120.47372093023256,48.01046511627907,28.385813953488373
2020-12-20 11:00:00,56.13232558139535,121.31837209302326,48.36604651162791,28.295581395348837
2020-12-20 12:00:00,56.24139534883721,122.16302325581395,48.72162790697674,28.205348837209304
2020-12-20 13:00:00,56.35046511627907,123.00767441860465,49.07720930232558,28.115116279069767
2020-12-20 14:00:00,56.459534883720934,123.85232558139535,49.43279069767442,28.024883720930234
2020-12-20 15:00:00,56.568604651162794,124.69697674418605,49.788372093023256,27.934651162790697
2020-12-20 16:00:00,56.67767441860465,125.54162790697674,50.14395348837209,27.844418604651164
2020-12-20 17:00:00,56.78674418604651,126.38627906976744,50.499534883720926,27.754186046511627
2020-12-20 18:00:00,56.89581395348837,127.23093023255814,50.85511627906977,27.663953488372094
2020-12-20 19:00:00,57.00488372093023,128.07558139534885,51.210697674418604,27.573720930232557
2020-12-20 20:00:00,57.1139534883721,128.92023255813953,51.56627906976744,27.483488372093024
2020-12-20 21:00:00,57.223023255813956,129.76488372093024,51.92186046511628,27.393255813953488
2020-12-20 22:00:00,57.332093023255815,130.60953488372093,52.27744186046512,27.303023255813955
2020-12-20 23:00:00,57.441162790697675,131.45418604651164,52.63302325581395,27.212790697674418
2020-12-21 00:00:00,57.550232558139534,132.29883720930232,52.98860465116279,27.122558139534885
2020-12-21 01:00:00,57.65930232558139,133.14348837209303,53.34418604651162,27.032325581395348
2020-12-21 02:00:00,57.76837209302326,133.98813953488371,53.699767441860466,26.942093023255815
2020-12-21 03:00:00,57.87744186046512,134.83279069767443,54.0553488372093,26.851860465116278
2020-12-21 04:00:00,57.98651162790698,135.6774418604651,54.41093023255814,26.761627906976745
2020-12-21 05:00:00,58.09558139534884,136.52209302325582,54.76651162790698,26.67139534883721
2020-12-21 06:00:00,58.2046511627907,137.3667441860465,55.122093023255815,26.581162790697675
2020-12-21 07:00:00,58.313720930232556,138.21139534883721,55.47767441860465,26.49093023255814
2020-12-21 08:00:00,58.422790697674415,139.05604651162793,55.833255813953485,26.400697674418602
2020-12-21 09:00:00,58.53186046511628,139.9006976744186,56.18883720930232,26.31046511627907
2020-12-21 10:00:00,58.64093023255814,140.7453488372093,56.54441860465116,26.220232558139536
2020-12-21 11:00:00,58.75,141.59,56.9,26.13
2020-12-21 12:00:00,51.4,142.4,32.09,28.82
2020-12-21 13:00:00,41.73,101.81,30.73,29.33
2020-12-21 14:00:00,38.44,97.83,30.09,29.92
2020-12-21 15:00:00,39.37142857142857,99.91809523809523,30.30238095238095,29.824285714285715
2020-12-21 16:00:00,40.30285714285714,102.00619047619048,30.514761904761905,29.72857142857143
2020-12-21 17:00:00,41.23428571428571,104.09428571428572,30.727142857142855,29.632857142857144
2020-12-21 18:00:00,42.16571428571429,106.18238095238095,30.93952380952381,29.537142857142857
2020-12-21 19:00:00,43.097142857142856,108.27047619047619,31.15190476190476,29.441428571428574
2020-12-21 20:00:00,44.028571428571425,110.35857142857142,31.364285714285714,29.345714285714287
2020-12-21 21:00:00,44.96,112.44666666666667,31.576666666666664,29.25
2020-12-21 22:00:00,45.89142857142857,114.53476190476191,31.78904761904762,29.154285714285717
2020-12-21 23:00:00,46.822857142857146,116.62285714285714,32.00142857142857,29.05857142857143
2020-12-22 00:00:00,47.754285714285714,118.71095238095239,32.21380952380952,28.962857142857143
2020-12-22 01:00:00,48.68571428571428,120.79904761904763,32.42619047619048,28.86714285714286
2020-12-22 02:00:00,49.61714285714285,122.88714285714286,32.638571428571424,28.771428571428572
2020-12-22 03:00:00,50.54857142857143,124.9752380952381,32.85095238095238,28.675714285714285
2020-12-22 04:00:00,51.48,127.06333333333333,33.06333333333333,28.580000000000002
2020-12-22 05:00:00,52.41142857142857,129.15142857142857,33.27571428571429,28.484285714285715
2020-12-22 06:00:00,53.34285714285714,131.2395238095238,33.488095238095234,28.388571428571428
2020-12-22 07:00:00,54.27428571428571,133.32761904761907,33.70047619047619,28.292857142857144
2020-12-22 08:00:00,55.205714285714286,135.4157142857143,33.91285714285714,28.197142857142858
2020-12-22 09:00:00,56.137142857142855,137.50380952380954,34.12523809523809,28.10142857142857
2020-12-22 10:00:00,57.06857142857143,139.59190476190477,34.33761904761904,28.005714285714287
2020-12-22 11:00:00,58.0,141.68,34.55,27.91
2020-12-22 12:00:00,50.96,141.03,30.72,28.88
2020-12-22 13:00:00,41.59,116.33,29.19,29.87
2020-12-22 14:00:00,38.13,103.16,28.39,30.13
2020-12-22 15:00:00,41.13,169.24,30.77,29.45
2020-12-22 16:00:00,45.6,212.18,34.65,28.41
2020-12-22 17:00:00,44.93,170.96,44.08,27.1
2020-12-22 18:00:00,50.23,197.26,46.92,25.3
2020-12-22 19:00:00,66.27,229.88,52.04,23.31
2020-12-22 20:00:00,71.96,222.56,52.91,22.93
2020-12-22 21:00:00,58.87,210.5,56.37,21.85
2020-12-22 22:00:00,60.93,168.75,58.97,20.66
2020-12-22 23:00:00,70.0,187.86,63.57,20.17
2020-12-23 00:00:00,66.27,162.5,67.62,19.75
2020-12-23 01:00:00,57.8,113.85,67.49,19.63
2020-12-23 02:00:00,49.27,80.85,64.87,20.18
2020-12-23 03:00:00,66.93,117.0,63.98,20.87
2020-12-23 04:00:00,88.25,151.14,62.72,20.71
2020-12-23 05:00:00,91.47,144.9,67.53,19.8
2020-12-23 06:00:00,95.31,148.67,68.4,19.46
2020-12-23 07:00:00,89.53,152.31,67.49,19.54
2020-12-23 08:00:00,91.82,169.32,62.66,20.51
2020-12-23 09:00:00,88.43,159.07,53.37,22.78
2020-12-23 10:00:00,82.4,167.0,41.38,26.25
2020-12-23 11:00:00,81.2,177.0,38.475,27.625
2020-12-23 12:00:00,78.47,187.0,35.57,29.0
2020-12-23 13:00:00,74.8,171.33,33.26,29.59
2020-12-23 14:00:00,63.93,143.4,32.05,29.97
2020-12-23 15:00:00,57.93,167.6,32.49,29.5
2020-12-23 16:00:00,57.59,167.27,39.26,28.21
2020-12-23 17:00:00,72.8,296.69,46.99,26.1
2020-12-23 18:00:00,98.1,401.03,50.79,25.18
2020-12-23 19:00:00,89.13,290.36,50.29,25.38
2020-12-23 20:00:00,69.6,193.62,54.53,23.69
2020-12-23 21:00:00,71.75,162.99,63.08,22.18
2020-12-23 22:00:00,76.47,155.0,64.71,21.82
2020-12-23 23:00:00,80.73,186.33,65.81,20.79
2020-12-24 00:00:00,74.67,156.85,67.3,20.14
2020-12-24 01:00:00,63.47,121.56,70.06,20.24
2020-12-24 02:00:00,71.93,133.62,67.27,20.93
2020-12-24 03:00:00,88.93,162.58,63.98,21.3
2020-12-24 04:00:00,90.02,148.19,65.73,20.63
2020-12-24 05:00:00,92.67,158.5,71.78,19.65
2020-12-24 06:00:00,111.13,184.06,71.2,19.58
2020-12-24 07:00:00,116.07,188.39,69.21,19.86
2020-12-24 08:00:00,113.6,178.51,69.05,20.56
2020-12-24 09:00:00,119.93,212.02,59.24,23.04
2020-12-24 10:00:00,109.4,201.97,47.47,25.86
2020-12-24 11:00:00,85.13,199.71,42.81,27.65
2020-12-24 12:00:00,82.07,202.43,40.4,28.63
2020-12-24 13:00:00,70.27,167.36,36.25,29.83
2020-12-24 14:00:00,58.0,150.0,35.28,30.36
2020-12-24 15:00:00,58.0,116.0,35.81,30.66
2020-12-24 16:00:00,95.0,302.0,43.83,29.35
2020-12-24 17:00:00,84.73,272.62,55.02,27.46
2020-12-24 18:00:00,70.67,239.45,55.95,26.32
2020-12-24 19:00:00,71.73,214.33,56.04,25.46
2020-12-24 20:00:00,73.67,172.97,64.49,23.92
2020-12-24 21:00:00,79.4,170.22,69.53,22.93
2020-12-24 22:00:00,97.4,210.05,73.3,22.32
2020-12-24 23:00:00,111.67,230.65,76.1,21.68
2020-12-25 00:00:00,112.33,214.1,77.64,21.05
2020-12-25 01:00:00,99.53,174.97,77.64,20.81
2020-12-25 02:00:00,88.67,149.86,74.33,21.47
2020-12-25 03:00:00,99.53,162.62,74.86,21.89
2020-12-25 04:00:00,124.86,228.55,73.59,21.85
2020-12-25 05:00:00,125.8,213.5,72.79,21.55
2020-12-25 06:00:00,110.25,183.12,72.74,21.31
2020-12-25 07:00:00,102.73,163.1,65.89,22.22
2020-12-25 08:00:00,89.67,144.86,56.82,23.64
2020-12-25 09:00:00,74.8,125.64,52.47,25.0
2020-12-25 10:00:00,75.63,140.19,48.62,27.21
2020-12-25 11:00:00,87.13,184.64,45.66,28.82
2020-12-25 12:00:00,81.8,173.28,41.16,30.31
2020-12-25 13:00:00,64.31,141.68,39.95,31.01
2020-12-25 14:00:00,63.2,153.24,40.33,31.61
2020-12-25 15:00:00,71.73,180.32,41.02,31.08
2020-12-25 16:00:00,82.57,255.87,45.24,29.66
2020-12-25 17:00:00,90.47,317.76,51.57,28.22
2020-12-25 18:00:00,97.53,416.21,56.78,26.65
2020-12-25 19:00:00,112.51,483.19,60.46,25.86
2020-12-25 20:00:00,118.67,381.9,64.11,24.91
2020-12-25 21:00:00,105.27,236.79,64.71,24.51
2020-12-25 22:00:00,112.13,231.17,64.94,24.84
2020-12-25 23:00:00,119.92,220.15,69.09,23.34
2020-12-26 00:00:00,94.72,163.83,71.88,22.36
2020-12-26 01:00:00,78.4,127.4,73.82,21.92
2020-12-26 02:00:00,76.2,130.05,72.12,22.84
2020-12-26 03:00:00,91.27,159.5,67.92,23.63
2020-12-26 04:00:00,93.67,157.64,64.2,23.7
2020-12-26 05:00:00,77.87,123.35,63.61,23.39
2020-12-26 06:00:00,70.6,107.04,63.02,23.21
2020-12-26 07:00:00,72.73,111.85,65.64,22.64
2020-12-26 08:00:00,83.07,128.11,64.88,23.12
2020-12-26 09:00:00,90.93,153.93,58.84,25.12
2020-12-26 10:00:00,99.51,181.62,52.4,27.7
2020-12-26 11:00:00,104.27,221.03,45.46,30.22
2020-12-26 12:00:00,89.73,221.99,40.51,31.17
2020-12-26 13:00:00,76.14,204.86,39.24,31.61
2020-12-26 14:00:00,80.07,285.8,41.39,31.48
2020-12-26 15:00:00,96.8,339.18,43.12,30.89
2020-12-26 16:00:00,99.6,331.9,49.6,29.39
2020-12-26 17:00:00,103.07,405.95,52.28,28.37
2020-12-26 18:00:00,104.93,363.0,51.87,27.85
2020-12-26 19:00:00,92.82,241.75,56.18,27.17
2020-12-26 20:00:00,94.6,185.79,67.15,26.39
2020-12-26 21:00:00,96.27,173.8,68.83,25.01
2020-12-26 22:00:00,111.67,200.1,74.46,23.91
2020-12-26 23:00:00,125.0,227.6,76.13,24.11
2020-12-27 00:00:00,118.93,189.0,75.82,23.66
2020-12-27 01:00:00,106.4,165.96,75.16,23.07
2020-12-27 02:00:00,95.33,148.07,73.05,23.45
2020-12-27 03:00:00,93.71,137.35,74.88,23.22
2020-12-27 04:00:00,109.2,182.92,76.75,22.71
2020-12-27 05:00:00,121.07,205.05,75.13,22.73
2020-12-27 06:00:00,108.33,179.15,73.69,22.81
2020-12-27 07:00:00,96.88,171.79,74.82,22.73
2020-12-27 08:00:00,102.27,172.45,74.05,23.3
2020-12-27 09:00:00,110.2,189.5,69.81,25.04
2020-12-27 10:00:00,120.1,229.38,58.72,28.2
2020-12-27 11:00:00,115.73,214.45,50.98,30.87
2020-12-27 12:00:00,112.1295652173913,209.63434782608695,50.51304347826087,30.664347826086956
2020-12-27 13:00:00,108.52913043478262,204.81869565217391,50.046086956521734,30.458695652173915
2020-12-27 14:00:00,104.92869565217391,200.00304347826085,49.579130434782606,30.25304347826087
2020-12-27 15:00:00,101.32826086956523,195.1873913043478,49.11217391304348,30.047391304347826
2020-12-27 16:00:00,97.72782608695653,190.37173913043478,48.64521739130434,29.84173913043478
2020-12-27 17:00:00,94.12739130434784,185.55608695652174,48.178260869565214,29.63608695652174
2020-12-27 18:00:00,90.52695652173914,180.7404347826087,47.711304347826086,29.430434782608696
2020-12-27 19:00:00,86.92652173913044,175.92478260869564,47.24434782608696,29.22478260869565
2020-12-27 20:00:00,83.32608695652175,171.1091304347826,46.77739130434782,29.01913043478261
2020-12-27 21:00:00,79.72565217391305,166.29347826086956,46.310434782608695,28.813478260869566
2020-12-27 22:00:00,76.12521739130435,161.4778260869565,45.84347826086957,28.60782608695652
2020-12-27 23:00:00,72.52478260869566,156.6621739130435,45.37652173913043,28.40217391304348
2020-12-28 00:00:00,68.92434782608697,151.84652173913042,44.909565217391304,28.196521739130436
2020-12-28 01:00:00,65.32391304347826,147.0308695652174,44.442608695652176,27.99086956521739
2020-12-28 02:00:00,61.72347826086957,142.21521739130435,43.97565217391304,27.78521739130435
2020-12-28 03:00:00,58.123043478260875,137.39956521739128,43.50869565217391,27.579565217391306
2020-12-28 04:00:00,54.52260869565218,132.58391304347828,43.041739130434784,27.37391304347826
2020-12-28 05:00:00,50.92217391304348,127.76826086956521,42.57478260869566,27.168260869565216
2020-12-28 06:00:00,47.32173913043479,122.95260869565217,42.10782608695652,26.962608695652175
2020-12-28 07:00:00,43.72130434782609,118.13695652173912,41.64086956521739,26.75695652173913
2020-12-28 08:00:00,40.120869565217404,113.32130434782609,41.173913043478265,26.55130434782609
2020-12-28 09:00:00,36.5204347826087,108.50565217391303,40.70695652173913,26.345652173913045
2020-12-28 10:00:00,32.92,103.69,40.24,26.14
2020-12-28 11:00:00,32.4,97.86,35.59,26.83
2020-12-28 12:00:00,33.07,87.12,36.29,27.65
2020-12-28 13:00:00,34.33,78.8,36.62,28.62
2020-12-28 14:00:00,36.07,70.8,37.7,28.74
2020-12-28 15:00:00,34.53,141.45,40.74,28.19
2020-12-28 16:00:00,35.88,187.5,45.95,26.54
2020-12-28 17:00:00,45.47,217.76,50.38,25.02
2020-12-28 18:00:00,59.6,226.78,52.06,23.65
2020-12-28 19:00:00,64.6,211.0,48.44,22.95
2020-12-28 20:00:00,58.36,181.9,51.98,21.76
2020-12-28 21:00:00,56.73,170.0,58.34,20.28
2020-12-28 22:00:00,62.4,173.25,62.05,19.36
2020-12-28 23:00:00,68.2,186.05,63.43,18.92
2020-12-29 00:00:00,81.4,227.75,65.34,19.04
2020-12-29 01:00:00,88.68,233.35,61.16,19.63
2020-12-29 02:00:00,77.19,184.88,58.24,19.5
2020-12-29 03:00:00,67.92,151.9,61.07,18.8
2020-12-29 04:00:00,63.84,144.04,62.34,18.11
2020-12-29 05:00:00,55.67,137.8,64.2,17.63
2020-12-29 06:00:00,54.86,140.2,68.48,17.01
2020-12-29 07:00:00,63.5,170.3,71.28,17.36
2020-12-29 08:00:00,74.27,191.5,67.6,18.43
2020-12-29 09:00:00,85.93,227.5,57.0,21.66
2020-12-29 10:00:00,96.87,243.69,42.84,26.65
2020-12-29 11:00:00,94.31,239.08,40.38,27.96
2020-12-29 12:00:00,84.36,229.17,41.66,28.68
2020-12-29 13:00:00,78.53,251.11,42.52,29.04
2020-12-29 14:00:00,77.07,237.47,43.7,29.12
2020-12-29 15:00:00,74.6,277.18,48.63,28.79
2020-12-29 16:00:00,85.13,539.04,54.67,27.73
2020-12-29 17:00:00,85.93,420.17,60.38,25.86
2020-12-29 18:00:00,72.4,287.1,64.34,24.26
2020-12-29 19:00:00,76.8,239.96,68.05,22.89
2020-12-29 20:00:00,81.87,190.0,73.37,21.96
2020-12-29 21:00:00,93.8,208.64,74.61,22.02
2020-12-29 22:00:00,104.53,238.4,70.85,22.29
2020-12-29 23:00:00,104.0,250.2,72.61,21.56
2020-12-30 00:00:00,106.8,237.4,72.28,21.35
2020-12-30 01:00:00,94.13,206.15,64.83,21.28
2020-12-30 02:00:00,66.26,165.93,62.65,21.09
2020-12-30 03:00:00,56.86,145.78,65.68,20.13
2020-12-30 04:00:00,59.93,148.25,65.64,19.77
2020-12-30 05:00:00,62.4,149.69,65.69,19.63
2020-12-30 06:00:00,62.61,150.3,67.89,19.21
2020-12-30 07:00:00,65.17,159.49,70.27,18.87
2020-12-30 08:00:00,76.53,180.97,68.12,19.97
2020-12-30 09:00:00,88.67,211.54,62.09,22.6
2020-12-30 10:00:00,85.13,208.05,55.0,25.2
2020-12-30 11:00:00,82.93,219.67,50.88,27.52
2020-12-30 12:00:00,94.33,240.44,49.67,28.37
2020-12-30 13:00:00,102.57,257.7,47.79,29.32
2020-12-30 14:00:00,105.25,254.9,47.5,29.67
2020-12-30 15:00:00,107.07,289.0,52.81,29.31
2020-12-30 16:00:00,119.6,427.5,57.74,28.17
2020-12-30 17:00:00,109.2,355.53,59.59,26.6
2020-12-30 18:00:00,90.0,263.2,64.77,25.34
2020-12-30 19:00:00,90.93,216.1,69.42,24.4
2020-12-30 20:00:00,99.0,234.7,74.51,23.3
2020-12-30 21:00:00,110.73,233.55,72.03,23.48
2020-12-30 22:00:00,122.47,244.1,68.4,23.76
2020-12-30 23:00:00,124.93,239.03,68.89,23.21
2020-12-31 00:00:00,114.25,222.85,66.81,23.0
2020-12-31 01:00:00,95.07,174.69,67.34,22.81
2020-12-31 02:00:00,85.0,169.22,70.05,21.98
2020-12-31 03:00:00,93.0,176.55,71.46,21.51
2020-12-31 04:00:00,94.87,175.1,72.92,21.14
2020-12-31 05:00:00,100.73,174.31,73.12,21.05
2020-12-31 06:00:00,105.0,179.55,74.13,20.94
2020-12-31 07:00:00,109.67,204.85,71.93,22.02
2020-12-31 08:00:00,110.33,201.4,66.75,23.11
2020-12-31 09:00:00,101.29,183.9,61.52,24.59
2020-12-31 10:00:00,104.0,205.65,56.43,26.66
2020-12-31 11:00:00,107.8,223.5,52.56,28.41
2020-12-31 12:00:00,96.0,197.75,49.46,29.92
2020-12-31 13:00:00,87.07,187.88,46.45,30.85
2020-12-31 14:00:00,85.53,177.94,45.59,30.94
2020-12-31 15:00:00,89.17,270.22,45.7,30.56
2020-12-31 16:00:00,91.67,316.5,48.9,29.64
2020-12-31 17:00:00,107.2,448.2,57.16,28.29
2020-12-31 18:00:00,115.87,422.85,56.99,27.51
2020-12-31 19:00:00,103.88,285.14,62.09,26.2
2020-12-31 20:00:00,106.0,219.85,60.73,25.81
2020-12-31 21:00:00,110.17,194.5,67.0,24.79
2020-12-31 22:00:00,121.5,228.0,70.59,23.91
2020-12-31 23:00:00,120.13,231.4,70.6,23.23
2021-01-01 00:00:00,110.93,208.7,71.06,22.79
2021-01-01 01:00:00,128.24,214.0,70.84,22.53
2021-01-01 02:00:00,125.53,181.35,71.13,22.94
2021-01-01 03:00:00,98.22,157.5,70.38,23.68
2021-01-01 04:00:00,97.32,155.0,72.02,23.69
2021-01-01 05:00:00,102.33,158.9,73.69,23.46
2021-01-01 06:00:00,111.07,172.1,77.47,22.76
2021-01-01 07:00:00,126.87,202.15,78.39,22.65
2021-01-01 08:00:00,128.13,203.25,72.07,24.05
2021-01-01 09:00:00,117.07,189.17,68.16,25.4
2021-01-01 10:00:00,122.5,210.46,62.25,27.65
2021-01-01 11:00:00,133.73,260.59,55.86,29.87
2021-01-01 12:00:00,128.72,246.17,52.19,31.07
2021-01-01 13:00:00,99.91,191.0,51.29,31.06
2021-01-01 14:00:00,73.4,206.95,51.55,31.17
2021-01-01 15:00:00,74.47,198.32,54.96,30.21
2021-01-01 16:00:00,81.6,193.75,57.37,29.2
2021-01-01 17:00:00,78.6,168.8,62.12,28.3
2021-01-01 18:00:00,100.33,189.86,71.77,27.01
2021-01-01 19:00:00,133.07,233.5,73.04,26.26
2021-01-01 20:00:00,130.67,215.45,72.89,26.01
2021-01-01 21:00:00,120.93,189.21,75.32,25.69
2021-01-01 22:00:00,123.88,205.54,78.53,25.06
2021-01-01 23:00:00,135.74,247.55,80.0,24.95
2021-01-02 00:00:00,147.93,243.85,78.97,24.87
2021-01-02 01:00:00,138.73,234.95,77.1,24.78
2021-01-02 02:00:00,127.0,216.5,80.19,24.02
2021-01-02 03:00:00,133.9088888888889,231.10555555555555,78.71222222222222,24.505555555555556
2021-01-02 04:00:00,140.8177777777778,245.7111111111111,77.23444444444445,24.99111111111111
2021-01-02 05:00:00,147.72666666666666,260.31666666666666,75.75666666666666,25.476666666666667
2021-01-02 06:00:00,154.63555555555556,274.9222222222222,74.27888888888889,25.962222222222223
2021-01-02 07:00:00,161.54444444444445,289.52777777777777,72.80111111111111,26.447777777777777
2021-01-02 08:00:00,168.45333333333335,304.1333333333333,71.32333333333334,26.933333333333334
2021-01-02 09:00:00,175.36222222222221,318.7388888888889,69.84555555555556,27.41888888888889
2021-01-02 10:00:00,182.2711111111111,333.34444444444443,68.36777777777777,27.904444444444444
2021-01-02 11:00:00,189.18,347.95,66.89,28.39
2021-01-02 12:00:00,152.67,301.45,62.01,29.84
2021-01-02 13:00:00,131.1,284.0,62.35,29.67
2021-01-02 14:00:00,124.47,239.26,62.39,29.33
2021-01-02 15:00:00,112.8,223.0,62.99,28.76
2021-01-02 16:00:00,116.0,228.04,65.98,27.76
2021-01-02 17:00:00,120.17,247.8,68.64,26.11
2021-01-02 18:00:00,118.93,257.05,68.87,25.56
2021-01-02 19:00:00,105.47,202.7,68.86,25.21
2021-01-02 20:00:00,100.35,188.36,73.22,24.29
2021-01-02 21:00:00,102.53,183.65,74.84,23.91
2021-01-02 22:00:00,104.33,193.32,71.27,23.93
2021-01-02 23:00:00,108.39,203.95,71.17,23.96
2021-01-03 00:00:00,113.27,197.88,71.78,23.96
2021-01-03 01:00:00,120.25,189.45,74.61,23.29
2021-01-03 02:00:00,120.73,183.75,77.17,22.7
2021-01-03 03:00:00,111.87,175.5,80.49,21.96
2021-01-03 04:00:00,109.27,168.1,81.75,21.77
2021-01-03 05:00:00,114.39,177.7,83.01,21.45
2021-01-03 06:00:00,119.73,192.45,83.08,21.46
2021-01-03 07:00:00,129.57,213.97,81.29,21.61
2021-01-03 08:00:00,137.87,223.65,77.5,22.48
2021-01-03 09:00:00,140.0,233.75,72.78,24.37
2021-01-03 10:00:00,147.93,240.95,66.2,26.74
2021-01-03 11:00:00,155.15,253.7,60.14,29.03
2021-01-03 12:00:00,151.13,284.7,54.49,29.79
2021-01-03 13:00:00,147.6,295.4,55.43,30.08
2021-01-03 14:00:00,136.72,282.3,53.27,30.0
2021-01-03 15:00:00,123.2,290.95,54.8,29.32
2021-01-03 16:00:00,120.0,267.01,58.53,27.94
2021-01-03 17:00:00,111.6,206.45,61.55,26.47
2021-01-03 18:00:00,103.39,197.95,64.83,24.51
2021-01-03 19:00:00,104.07,195.6,67.25,23.65
2021-01-03 20:00:00,100.67,175.7,68.09,23.35
2021-01-03 21:00:00,98.93,183.6,70.38,22.8
2021-01-03 22:00:00,106.53,199.8,66.98,23.04
2021-01-03 23:00:00,107.5,192.95,64.42,23.05
2021-01-04 00:00:00,99.53,170.75,63.51,23.16
2021-01-04 01:00:00,95.29,158.1,65.99,22.87
2021-01-04 02:00:00,91.93,158.6,67.9,22.44
2021-01-04 03:00:00,97.64,165.85,69.2,22.26
2021-01-04 04:00:00,107.17,183.95,71.81,21.93
2021-01-04 05:00:00,112.47,188.1,74.77,21.57
2021-01-04 06:00:00,110.68,185.35,77.11,21.54
2021-01-04 07:00:00,111.73,192.15,77.27,21.74
2021-01-04 08:00:00,118.32,217.54,75.94,21.86
2021-01-04 09:00:00,126.57,231.6,72.11,22.75
2021-01-04 10:00:00,139.03,254.45,64.77,25.29
2021-01-04 11:00:00,147.85,349.56,55.52,27.84
2021-01-04 12:00:00,150.0,237.0,55.53,28.98
2021-01-04 13:00:00,150.0,237.0,56.97,28.57
2021-01-04 14:00:00,139.0,308.0,59.12,28.55
2021-01-04 15:00:00,147.81,395.1,58.02,28.74
2021-01-04 16:00:00,149.65,419.25,57.18,28.32
2021-01-04 17:00:00,127.87,290.65,62.46,26.44
2021-01-04 18:00:00,114.93,240.35,66.73,24.45
2021-01-04 19:00:00,118.8,230.17,69.63,24.03
2021-01-04 20:00:00,120.6,221.65,67.78,24.23
2021-01-04 21:00:00,121.78,218.1,66.71,23.77
2021-01-04 22:00:00,125.0,214.7,66.07,23.05
2021-01-04 23:00:00,120.36,204.9,66.51,22.87
2021-01-05 00:00:00,108.04,186.41,66.84,22.89
2021-01-05 01:00:00,99.53,161.45,66.31,22.84
2021-01-05 02:00:00,99.0,166.95,67.85,22.41
2021-01-05 03:00:00,97.14,158.75,71.76,21.56
2021-01-05 04:00:00,95.93,155.2,74.49,21.08
2021-01-05 05:00:00,95.13,164.5,73.91,20.76
2021-01-05 06:00:00,91.13,159.55,75.19,20.66
2021-01-05 07:00:00,96.0,177.75,73.62,21.35
2021-01-05 08:00:00,107.27,190.65,73.48,21.81
2021-01-05 09:00:00,120.33,215.05,69.09,23.21
2021-01-05 10:00:00,132.39,250.75,61.47,25.48
2021-01-05 11:00:00,140.03,263.65,58.75,27.2
2021-01-05 12:00:00,140.97,249.05,55.48,28.86
2021-01-05 13:00:00,125.13,255.3,54.0,29.49
2021-01-05 14:00:00,114.53,255.2,55.44,29.77
2021-01-05 15:00:00,131.27,318.6,56.86,29.14
2021-01-05 16:00:00,150.53,320.55,57.59,27.55
2021-01-05 17:00:00,145.82,302.0,59.6,26.81
2021-01-05 18:00:00,136.36,301.7,61.155,26.331249999999997
2021-01-05 19:00:00,131.47,301.4,62.71,25.8525
2021-01-05 20:00:00,132.47,301.1,64.265,25.37375
2021-01-05 21:00:00,136.73,300.8,65.82000000000001,24.895
2021-01-05 22:00:00,145.64,300.5,67.375,24.416249999999998
2021-01-05 23:00:00,155.67,300.2,68.93,23.9375
2021-01-06 00:00:00,152.65,299.9,70.48500000000001,23.458750000000002
2021-01-06 01:00:00,139.29,299.6,72.04,22.98
2021-01-06 02:00:00,135.47,299.3,75.54,22.28
2021-01-06 03:00:00,132.29,299.0,74.03,22.49125
2021-01-06 04:00:00,130.33,298.7,72.52000000000001,22.7025
2021-01-06 05:00:00,139.03,298.4,71.01,22.91375
2021-01-06 06:00:00,144.15,298.09999999999997,69.5,23.125
2021-01-06 07:00:00,141.53,297.8,67.99000000000001,23.33625
2021-01-06 08:00:00,145.2,297.5,66.48,23.5475
2021-01-06 09:00:00,148.13,297.2,64.97,23.75875
2021-01-06 10:00:00,141.82,296.9,63.46,23.97
2021-01-06 11:00:00,136.53,296.59999999999997,57.09,27.18
2021-01-06 12:00:00,131.36,296.3,55.29,28.82
2021-01-06 13:00:00,117.65,296.0,55.879999999999995,28.5475
2021-01-06 14:00:00,91.2,295.7,56.47,28.275
2021-01-06 15:00:00,93.47,295.4,57.06,28.0025
2021-01-06 16:00:00,124.5,295.09999999999997,57.65,27.73
2021-01-06 17:00:00,132.47,294.8,60.08375,27.175
2021-01-06 18:00:00,132.53,294.5,62.5175,26.62
2021-01-06 19:00:00,128.75,294.2,64.95125,26.065
2021-01-06 20:00:00,128.73,293.9,67.385,25.509999999999998
2021-01-06 21:00:00,142.28,293.59999999999997,69.81875,24.955
2021-01-06 22:00:00,158.07,293.3,72.2525,24.4
2021-01-06 23:00:00,164.0,293.0,74.68625,23.845
2021-01-07 00:00:00,160.75,292.7,77.12,23.29
2021-01-07 01:00:00,152.33,292.4,73.33,22.9
2021-01-07 02:00:00,139.58,292.09999999999997,71.559,23.575
2021-01-07 03:00:00,129.6,291.79999999999995,69.788,24.25
2021-01-07 04:00:00,130.32,291.5,68.017,24.924999999999997
2021-01-07 05:00:00,131.61,291.2,66.246,25.599999999999998
2021-01-07 06:00:00,137.88,290.9,64.475,26.275
2021-01-07 07:00:00,151.18,290.59999999999997,62.70399999999999,26.95
2021-01-07 08:00:00,154.13,290.29999999999995,60.933,27.625
2021-01-07 09:00:00,148.75,290.0,59.162,28.299999999999997
2021-01-07 10:00:00,140.82,289.7,57.391,28.974999999999998
2021-01-07 11:00:00,145.74,289.4,55.62,29.65
2021-01-07 12:00:00,144.01,304.25,53.49,30.96
2021-01-07 13:00:00,121.11,355.4,53.18,31.46
2021-01-07 14:00:00,108.75,287.1,55.11,31.24
2021-01-07 15:00:00,123.2,318.55,56.77,31.17
2021-01-07 16:00:00,143.53,314.9,59.32,29.79
2021-01-07 17:00:00,144.39,330.42,63.68,28.19
2021-01-07 18:00:00,138.12,386.29,65.69,26.79
2021-01-07 19:00:00,113.69,301.95,65.82,26.59
2021-01-07 20:00:00,89.47,178.75,67.24,26.55
2021-01-07 21:00:00,99.63,194.65,69.66,26.36
2021-01-07 22:00:00,125.13,234.05,73.41,25.81
2021-01-07 23:00:00,139.35,252.35,73.32,25.88
2021-01-08 00:00:00,132.76,251.85,74.53,25.9
2021-01-08 01:00:00,122.81,229.72,76.03,25.7
2021-01-08 02:00:00,133.0,242.0,78.69,25.37
2021-01-08 03:00:00,123.72,230.6,80.08,25.15
2021-01-08 04:00:00,100.94,193.95,81.99,24.79
2021-01-08 05:00:00,84.2,165.4,83.03,24.56
2021-01-08 06:00:00,78.22,145.8,82.65,24.52
2021-01-08 07:00:00,82.89,155.35,84.37,24.24
2021-01-08 08:00:00,93.39,165.9,91.48,23.3
2021-01-08 09:00:00,95.47,155.0,88.35,24.4
2021-01-08 10:00:00,101.57,160.3,84.01,25.54
2021-01-08 11:00:00,109.86,198.85,79.42,26.8
2021-01-08 12:00:00,130.09,274.5,75.95,27.55
2021-01-08 13:00:00,147.73,278.7,78.18,27.04
2021-01-08 14:00:00,127.77,229.4,76.16,27.47
2021-01-08 15:00:00,113.64,202.55,74.78,27.96
2021-01-08 16:00:00,133.84,230.5,75.92,27.73
2021-01-08 17:00:00,127.81,198.6,77.32,27.12
2021-01-08 18:00:00,94.04,165.5,78.34,26.77
2021-01-08 19:00:00,103.63,274.81,79.37,26.41
2021-01-08 20:00:00,110.93,227.95,82.28,25.85
2021-01-08 21:00:00,98.78,182.45,80.83,25.71
2021-01-08 22:00:00,100.14,172.2,81.01,25.74
2021-01-08 23:00:00,94.75,155.0,81.72,25.46
2021-01-09 00:00:00,95.15,143.47,83.96,25.01
2021-01-09 01:00:00,104.17,158.55,84.91,24.88
2021-01-09 02:00:00,106.22,162.8,85.58,24.76
2021-01-09 03:00:00,106.25,158.05,86.3,24.57
2021-01-09 04:00:00,103.04,144.0,86.58,24.41
2021-01-09 05:00:00,96.86,143.5,87.21,24.05
2021-01-09 06:00:00,87.4,128.88,87.33,23.88
2021-01-09 07:00:00,71.2,107.95,87.4,23.87
2021-01-09 08:00:00,74.96,111.71,86.68,24.26
2021-01-09 09:00:00,80.68,120.88,80.76,26.02
2021-01-09 10:00:00,69.13,115.85,73.05,27.91
2021-01-09 11:00:00,68.28,140.8,66.94,29.52
2021-01-09 12:00:00,76.67,162.95,60.38,31.09
2021-01-09 13:00:00,68.9,169.7,56.61,31.73
2021-01-09 14:00:00,69.5,159.25,60.25,30.86
2021-01-09 15:00:00,111.79,609.65,67.61,30.16
2021-01-09 16:00:00,141.8,599.35,67.63,29.29
2021-01-09 17:00:00,117.01,330.65,67.12,28.15
2021-01-09 18:00:00,91.33,218.1,70.26,27.44
2021-01-09 19:00:00,81.78,169.76,72.86,26.75
2021-01-09 20:00:00,87.77,204.1,76.2,26.06
2021-01-09 21:00:00,93.32,207.9,78.4,25.68
2021-01-09 22:00:00,91.85,179.75,78.07,25.93
2021-01-09 23:00:00,83.29,152.15,74.63,26.86
2021-01-10 00:00:00,84.53,149.12,81.47,25.39
2021-01-10 01:00:00,95.64,154.3,83.09,25.13
2021-01-10 02:00:00,108.42,175.15,83.69,25.0
2021-01-10 03:00:00,116.07,181.45,85.27,24.55
2021-01-10 04:00:00,109.87,173.8,84.44,24.57
2021-01-10 05:00:00,102.14,165.18,85.45,24.26
2021-01-10 06:00:00,104.17,165.88,85.9,24.14
2021-01-10 07:00:00,103.43,161.5,85.4,24.22
2021-01-10 08:00:00,95.14,144.35,82.81,25.03
2021-01-10 09:00:00,94.39,149.94,77.31,26.75
2021-01-10 10:00:00,99.25,167.4,69.5,29.06
2021-01-10 11:00:00,104.39,187.95,63.22,30.88
2021-01-10 12:00:00,94.33,184.3,57.88,32.23
2021-01-10 13:00:00,73.11,170.85,54.65,32.97
2021-01-10 14:00:00,59.37,139.7,55.48,32.41
2021-01-10 15:00:00,70.7,196.19,61.52,31.9
2021-01-10 16:00:00,96.96,227.2,65.0,30.78
2021-01-10 17:00:00,101.77,211.95,69.04,28.98
2021-01-10 18:00:00,98.0,183.35,69.76,28.13
2021-01-10 19:00:00,86.4,133.3,68.45,28.24
2021-01-10 20:00:00,69.75,130.47,69.94,27.93
2021-01-10 21:00:00,72.03,132.88,74.87,26.97
2021-01-10 22:00:00,80.86,136.8,78.02,26.31
2021-01-10 23:00:00,85.32,148.8,80.69,25.84
2021-01-11 00:00:00,86.62,158.18,82.52,25.42
2021-01-11 01:00:00,82.22,136.3,82.62,25.34
2021-01-11 02:00:00,81.31,125.56,82.93,25.28
2021-01-11 03:00:00,98.84,157.55,81.54,25.57
2021-01-11 04:00:00,111.36,169.0,82.02,25.35
2021-01-11 05:00:00,104.14,169.2,82.74,25.1
2021-01-11 06:00:00,97.83,158.41,83.07,25.06
2021-01-11 07:00:00,89.31,141.9,83.16,25.15
2021-01-11 08:00:00,97.53,160.95,82.61,25.65
2021-01-11 09:00:00,104.11,179.2,75.83,27.53
2021-01-11 10:00:00,97.78,192.35,63.49,30.36
2021-01-11 11:00:00,97.29,261.7,52.48,32.84
2021-01-11 12:00:00,85.11,280.8,48.09,33.62
2021-01-11 13:00:00,65.86,236.87,45.7,33.56
2021-01-11 14:00:00,49.33,149.35,49.95,33.28
2021-01-11 15:00:00,62.09,272.6,55.73,32.64
2021-01-11 16:00:00,79.29,245.99,59.38,31.23
2021-01-11 17:00:00,78.25,201.0,62.22,29.59
2021-01-11 18:00:00,77.36,218.45,60.02,29.13
2021-01-11 19:00:00,63.19,184.0,59.75,28.96
2021-01-11 20:00:00,68.31,166.5,67.47,27.7
2021-01-11 21:00:00,85.07,224.9,71.02,26.83
2021-01-11 22:00:00,84.0,207.2,73.94,26.21
2021-01-11 23:00:00,83.53,193.53,75.98,25.68
2021-01-12 00:00:00,84.39,198.59,78.23,25.34
2021-01-12 01:00:00,84.14,177.35,78.94,25.25
2021-01-12 02:00:00,84.78,161.1,74.02,26.38
2021-01-12 03:00:00,88.0,142.82,76.06,25.85
2021-01-12 04:00:00,93.1,159.42,78.7,25.21
2021-01-12 05:00:00,91.58,147.88,79.3,25.11
2021-01-12 06:00:00,82.53,129.55,80.72,24.85
2021-01-12 07:00:00,93.13,159.45,80.6,24.87
2021-01-12 08:00:00,107.39,181.88,76.58,25.68
2021-01-12 09:00:00,91.84,178.18,67.05,27.51
2021-01-12 10:00:00,69.68,196.36,57.19,30.39
2021-01-12 11:00:00,72.1,180.82,50.41,31.88
2021-01-12 12:00:00,72.47,164.05,41.28,33.54
2021-01-12 13:00:00,59.97,151.95,37.07,33.83
2021-01-12 14:00:00,46.97,123.25,36.25,34.32
2021-01-12 15:00:00,38.61,124.0,40.0,33.73
2021-01-12 16:00:00,49.06,215.14,51.2,31.81
2021-01-12 17:00:00,63.93,206.4,56.51,30.0
2021-01-12 18:00:00,64.53,177.0,53.7,29.75
2021-01-12 19:00:00,62.61,154.66,52.9,29.95
2021-01-12 20:00:00,67.92,141.05,64.06,28.44
2021-01-12 21:00:00,93.06,192.43,66.84,27.91
2021-01-12 22:00:00,112.53,224.52,71.03,27.01
2021-01-12 23:00:00,110.61,220.53,73.52,26.44
2021-01-13 00:00:00,92.4,165.87,65.05,27.72
2021-01-13 01:00:00,62.33,107.58,64.13,27.45
2021-01-13 02:00:00,50.92,81.9,65.47,26.97
2021-01-13 03:00:00,55.25,80.9,68.53,26.24
2021-01-13 04:00:00,60.39,94.0,69.42,25.75
2021-01-13 05:00:00,67.1,107.8,69.09,25.7
2021-01-13 06:00:00,75.31,124.0,70.28,25.32
2021-01-13 07:00:00,82.17,145.1,72.31,24.94
2021-01-13 08:00:00,96.28,175.89,72.58,25.3
2021-01-13 09:00:00,109.77,230.78,65.0,27.47
2021-01-13 10:00:00,100.47,275.1,53.47,30.46
2021-01-13 11:00:00,86.0,224.22,45.13,32.95
2021-01-13 12:00:00,58.0,190.0,39.18,33.1
2021-01-13 13:00:00,51.97,132.0,33.71,33.68
2021-01-13 14:00:00,38.08,97.05,38.82,33.44
2021-01-13 15:00:00,38.76,125.54,44.54,32.23
2021-01-13 16:00:00,48.53,127.23,43.5,31.1
2021-01-13 17:00:00,45.68,151.45,44.14,29.97
2021-01-13 18:00:00,41.14,165.58,42.7,29.31
2021-01-13 19:00:00,39.47,166.5,37.81,28.87
2021-01-13 20:00:00,39.0,122.8,32.69,28.73
2021-01-13 21:00:00,39.39,94.11,37.94,28.01
2021-01-13 22:00:00,59.91,116.42,50.41,25.53
2021-01-13 23:00:00,92.67,172.65,60.3,24.37
2021-01-14 00:00:00,98.55,170.07,63.51,23.2
2021-01-14 01:00:00,88.68,148.59,64.68,23.81
2021-01-14 02:00:00,83.22,138.82,55.72,25.32
2021-01-14 03:00:00,65.16,95.22,48.89,25.9
2021-01-14 04:00:00,47.53,72.35,59.0,24.43
2021-01-14 05:00:00,55.34,96.05,66.57,23.44
2021-01-14 06:00:00,82.52,134.0,67.68,23.18
2021-01-14 07:00:00,96.08,157.04,61.65,23.78
2021-01-14 08:00:00,82.43,142.35,63.73,23.96
2021-01-14 09:00:00,89.45,179.2,61.32,26.08
2021-01-14 10:00:00,102.68,261.75,45.36,30.54
2021-01-14 11:00:00,120.53,261.28,37.81,33.08
2021-01-14 12:00:00,109.88,285.42,31.69,33.79
2021-01-14 13:00:00,60.78,254.93,39.32,33.09
2021-01-14 14:00:00,63.44,185.87,48.99,32.31
2021-01-14 15:00:00,80.86,195.85,48.57,31.47
2021-01-14 16:00:00,74.24,172.22,52.22,29.68
2021-01-14 17:00:00,65.86,186.4,46.01,28.25
2021-01-14 18:00:00,56.01,184.55,42.08,27.59
2021-01-14 19:00:00,44.78,163.94,48.99,26.75
2021-01-14 20:00:00,45.22,134.3,53.2,25.73
2021-01-14 21:00:00,48.45,104.17,57.76,24.26
2021-01-14 22:00:00,57.86,109.5,59.52,23.49
2021-01-14 23:00:00,62.32,144.71,60.05,22.89
2021-01-15 00:00:00,58.1,161.16,60.41,22.0
2021-01-15 01:00:00,43.93,107.05,62.66,21.64
2021-01-15 02:00:00,46.28,88.94,69.59,21.58
2021-01-15 03:00:00,60.23,99.88,73.92,21.34
2021-01-15 04:00:00,62.61,101.35,77.36,20.8
2021-01-15 05:00:00,59.16,91.94,78.34,20.69
2021-01-15 06:00:00,59.78,94.8,79.86,20.83
2021-01-15 07:00:00,69.0,170.19,81.24,21.09
2021-01-15 08:00:00,86.2,182.47,76.54,22.16
2021-01-15 09:00:00,99.39,188.8,69.23,24.91
2021-01-15 10:00:00,90.86,182.53,58.04,29.11
2021-01-15 11:00:00,75.29,211.83,47.12,31.16
2021-01-15 12:00:00,63.16,189.45,42.97,30.91
2021-01-15 13:00:00,53.08,161.45,47.99,30.28
2021-01-15 14:00:00,50.61,159.65,50.03,28.85
2021-01-15 15:00:00,44.85,142.53,47.85,28.14
2021-01-15 16:00:00,41.39,110.25,45.64,27.55
2021-01-15 17:00:00,36.55,102.53,52.47,26.77
2021-01-15 18:00:00,40.6,144.82,58.13,25.58
2021-01-15 19:00:00,50.29,144.0,58.33,24.42
2021-01-15 20:00:00,50.15,142.35,60.39,23.18
2021-01-15 21:00:00,52.22,125.25,60.59,22.66
2021-01-15 22:00:00,49.93,109.12,56.5,22.79
2021-01-15 23:00:00,46.85,103.75,58.8,21.99
2021-01-16 00:00:00,46.15,100.71,62.23,20.79
2021-01-16 01:00:00,49.14,96.12,62.39,19.94
2021-01-16 02:00:00,45.61,75.88,65.52,19.71
2021-01-16 03:00:00,48.64,82.18,69.15,19.83
2021-01-16 04:00:00,56.77,101.36,69.31,19.3
2021-01-16 05:00:00,60.93,92.11,71.84,19.28
2021-01-16 06:00:00,63.38,101.55,71.81,19.57
2021-01-16 07:00:00,66.87,126.5,69.98,20.0
2021-01-16 08:00:00,72.69,137.45,67.72,21.03
2021-01-16 09:00:00,82.53,158.4,58.79,23.73
2021-01-16 10:00:00,83.0,171.0,45.44,28.32
2021-01-16 11:00:00,69.97,190.5,38.91,30.37
2021-01-16 12:00:00,60.7,228.95,39.25,30.91
2021-01-16 13:00:00,53.83,201.1,38.82,30.83
2021-01-16 14:00:00,45.75,156.64,40.49,31.02
2021-01-16 15:00:00,46.61,144.35,43.24,30.14
2021-01-16 16:00:00,46.9,129.7,50.7,27.98
2021-01-16 17:00:00,49.35,141.6,56.56,26.42
2021-01-16 18:00:00,63.61,150.65,55.49,25.21
2021-01-16 19:00:00,71.32,193.03,54.7,24.73
2021-01-16 20:00:00,71.22,144.16,57.13,23.76
2021-01-16 21:00:00,75.41,143.83,61.8,22.53
2021-01-16 22:00:00,73.92,166.94,56.62,21.91
2021-01-16 23:00:00,66.15,163.5,60.65,21.5
2021-01-17 00:00:00,62.7,137.73,61.37,20.96
2021-01-17 01:00:00,60.84,137.0,66.87,20.7
2021-01-17 02:00:00,72.77,142.35,68.37,20.4
2021-01-17 03:00:00,74.14,127.76,68.8,20.1
2021-01-17 04:00:00,72.0,124.53,71.52,19.89
2021-01-17 05:00:00,78.92,143.9,74.44,19.87
2021-01-17 06:00:00,85.61,155.59,73.58,20.0
2021-01-17 07:00:00,93.73,180.3,72.12,20.22
2021-01-17 08:00:00,106.38,186.53,69.26,21.98
2021-01-17 09:00:00,119.6,220.54,65.28,24.35
2021-01-17 10:00:00,119.63,229.4,52.04,28.55
2021-01-17 11:00:00,98.9,201.64,40.87,31.04
2021-01-17 12:00:00,102.8,190.0,40.11,31.22
2021-01-17 13:00:00,102.93,187.42307692307693,43.69,31.02
2021-01-17 14:00:00,84.93,184.84615384615384,46.5,31.26
2021-01-17 15:00:00,79.46,182.26923076923077,43.62,30.91
2021-01-17 16:00:00,85.1,179.69230769230768,44.14,29.9
2021-01-17 17:00:00,102.07,177.1153846153846,50.19,28.17
2021-01-17 18:00:00,83.45,174.53846153846155,56.56,26.43
2021-01-17 19:00:00,47.0,171.96153846153845,60.85,25.26
2021-01-17 20:00:00,46.705882352941174,169.3846153846154,59.57,24.55
2021-01-17 21:00:00,46.411764705882355,166.80769230769232,58.53642857142857,24.925
2021-01-17 22:00:00,46.11764705882353,164.23076923076923,57.502857142857145,25.3
2021-01-17 23:00:00,45.8235294117647,161.65384615384616,56.46928571428572,25.675
2021-01-18 00:00:00,45.529411764705884,159.07692307692307,55.43571428571428,26.05
2021-01-18 01:00:00,45.23529411764706,156.5,54.402142857142856,26.425
2021-01-18 02:00:00,44.94117647058823,153.9230769230769,53.36857142857143,26.8
2021-01-18 03:00:00,44.64705882352941,151.34615384615384,52.335,27.175
2021-01-18 04:00:00,44.35294117647059,148.76923076923077,51.30142857142857,27.55
2021-01-18 05:00:00,44.05882352941177,146.19230769230768,50.26785714285714,27.925
2021-01-18 06:00:00,43.76470588235294,143.6153846153846,49.23428571428572,28.3
2021-01-18 07:00:00,43.470588235294116,141.03846153846155,48.200714285714284,28.675
2021-01-18 08:00:00,43.1764705882353,138.46153846153845,47.167142857142856,29.05
2021-01-18 09:00:00,42.88235294117647,135.8846153846154,46.13357142857143,29.425
2021-01-18 10:00:00,42.588235294117645,133.30769230769232,45.1,29.8
2021-01-18 11:00:00,42.294117647058826,130.73076923076923,41.0,30.96
2021-01-18 12:00:00,42.0,128.15384615384613,37.41,31.21
2021-01-18 13:00:00,43.38,125.57692307692307,37.12,31.206944444444446
2021-01-18 14:00:00,45.46,123.0,39.95,31.20388888888889
2021-01-18 15:00:00,42.31,172.84,42.78,31.200833333333335
2021-01-18 16:00:00,38.93,223.3,45.55,31.19777777777778
2021-01-18 17:00:00,40.0,236.0,44.99,31.19472222222222
2021-01-18 18:00:00,38.333333333333336,195.0,47.71333333333333,31.191666666666666
2021-01-18 19:00:00,36.666666666666664,154.0,50.43666666666667,31.18861111111111
2021-01-18 20:00:00,35.0,113.0,53.16,31.185555555555556
2021-01-18 21:00:00,42.42,182.9,57.25,31.1825
2021-01-18 22:00:00,54.25,164.69,56.94,31.179444444444446
2021-01-18 23:00:00,72.38,172.83,54.28,31.17638888888889
2021-01-19 00:00:00,62.26,123.75,53.48,31.173333333333332
2021-01-19 01:00:00,26.39,73.48,56.11,31.170277777777777
2021-01-19 02:00:00,23.77,57.29,58.08,31.16722222222222
2021-01-19 03:00:00,25.62,160.09,58.51,31.164166666666667
2021-01-19 04:00:00,35.07,118.03,57.86,31.16111111111111
2021-01-19 05:00:00,48.0,55.64,64.49,31.158055555555556
2021-01-19 06:00:00,42.54,73.75,65.3,31.155
2021-01-19 07:00:00,43.84,101.12,65.27,31.151944444444446
2021-01-19 08:00:00,56.14,145.95,67.69,31.14888888888889
2021-01-19 09:00:00,95.37,231.66,62.64,31.145833333333332
2021-01-19 10:00:00,114.94,262.18,47.32,31.142777777777777
2021-01-19 11:00:00,87.56,203.1,42.58,31.139722222222222
2021-01-19 12:00:00,80.8,208.44,39.58,31.136666666666667
2021-01-19 13:00:00,88.69,239.64,39.12,31.13361111111111
2021-01-19 14:00:00,77.7,192.93,39.9,31.130555555555556
2021-01-19 15:00:00,79.99,476.56,43.47,31.1275
2021-01-19 16:00:00,73.71,356.06,44.78,31.124444444444443
2021-01-19 17:00:00,48.61,204.41,48.73,31.121388888888887
2021-01-19 18:00:00,52.07,153.34,45.53,31.118333333333332
2021-01-19 19:00:00,55.23,138.53,40.52,31.115277777777777
2021-01-19 20:00:00,47.39,141.18,49.54,31.112222222222222
2021-01-19 21:00:00,53.53,161.95,58.2,31.109166666666667
2021-01-19 22:00:00,67.0,170.47,62.42,31.10611111111111
2021-01-19 23:00:00,62.83,157.0,63.09,31.103055555555557
2021-01-20 00:00:00,59.38,140.05,66.27,31.1
2021-01-20 01:00:00,64.23,134.0,70.78,31.096944444444443
2021-01-20 02:00:00,75.38,157.4,66.64,31.093888888888888
2021-01-20 03:00:00,80.29,149.94,63.9,31.090833333333332
2021-01-20 04:00:00,70.93,133.8,54.34,31.087777777777777
2021-01-20 05:00:00,60.83,96.05,52.36,31.084722222222222
2021-01-20 06:00:00,55.54,90.0,54.99,31.081666666666667
2021-01-20 07:00:00,61.45,122.24,60.49,31.078611111111112
2021-01-20 08:00:00,76.38,159.95,59.9,31.075555555555553
2021-01-20 09:00:00,102.06,242.25,54.5,31.072499999999998
2021-01-20 10:00:00,108.63,296.83,43.37,31.069444444444443
2021-01-20 11:00:00,79.17,278.17,38.79,31.066388888888888
2021-01-20 12:00:00,57.01,201.51,36.65,31.063333333333333
2021-01-20 13:00:00,52.78,179.0,37.95,31.060277777777777
2021-01-20 14:00:00,47.24,176.59,38.99,31.057222222222222
2021-01-20 15:00:00,38.86,161.65,42.41,31.054166666666667
2021-01-20 16:00:00,40.08,139.19,45.98,31.051111111111112
2021-01-20 17:00:00,41.3,141.6,46.73,31.048055555555553
2021-01-20 18:00:00,38.47,134.41,47.53,31.044999999999998
2021-01-20 19:00:00,36.22,107.58,46.68,31.041944444444443
2021-01-20 20:00:00,42.92,98.3,53.0,31.038888888888888
2021-01-20 21:00:00,55.07,173.37,57.01,31.035833333333333
2021-01-20 22:00:00,62.93,164.38,52.83,31.032777777777778
2021-01-20 23:00:00,51.47,131.84,55.3,31.029722222222222
2021-01-21 00:00:00,46.38,107.73,58.6,31.026666666666664
2021-01-21 01:00:00,49.39,104.41,60.63,31.02361111111111
2021-01-21 02:00:00,46.85,100.59,61.77,31.020555555555553
2021-01-21 03:00:00,46.15,95.35,61.67,31.0175
2021-01-21 04:00:00,47.77,82.7,63.49,31.014444444444443
2021-01-21 05:00:00,50.9,94.12,67.25,31.011388888888888
2021-01-21 06:00:00,64.07,114.36,69.27,31.008333333333333
2021-01-21 07:00:00,77.84,187.31,70.28,31.005277777777778
2021-01-21 08:00:00,95.3,200.7,68.68,31.002222222222223
2021-01-21 09:00:00,115.14,248.19,60.33,30.999166666666664
2021-01-21 10:00:00,133.45,378.73,45.31,30.99611111111111
2021-01-21 11:00:00,134.08,325.86,41.41,30.993055555555554
2021-01-21 12:00:00,112.16,277.0,37.22,30.99
2021-01-21 13:00:00,90.93,271.76,36.94,30.6
2021-01-21 14:00:00,90.53,234.88,35.95,30.71
2021-01-21 15:00:00,90.08,211.23,38.84,29.89
2021-01-21 16:00:00,78.31,192.76,41.48,28.76
2021-01-21 17:00:00,74.92,203.05,46.67,27.05
2021-01-21 18:00:00,83.79,216.88,56.13,25.43
2021-01-21 19:00:00,99.45,240.36,61.65,24.37
2021-01-21 20:00:00,108.38,259.12,68.62,23.42
2021-01-21 21:00:00,107.69,206.05,69.17,22.45
2021-01-21 22:00:00,111.5,187.25,70.88,21.68
2021-01-21 23:00:00,117.16,200.47,68.53,20.85
2021-01-22 00:00:00,104.86,160.82,67.99,20.16
2021-01-22 01:00:00,87.93,138.3,68.02,19.84
2021-01-22 02:00:00,82.92,128.0,70.47,19.55
2021-01-22 03:00:00,85.84,133.0,72.65,19.32
2021-01-22 04:00:00,94.0,149.95,75.61,19.22
2021-01-22 05:00:00,107.45,181.24,75.56,19.72
2021-01-22 06:00:00,119.61,192.41,73.93,19.78
2021-01-22 07:00:00,132.38,226.6,72.72,19.86
2021-01-22 08:00:00,150.28,324.31,70.53,20.71
2021-01-22 09:00:00,157.77,313.28,63.27,22.79
2021-01-22 10:00:00,141.09,255.0,52.97,26.27
2021-01-22 11:00:00,128.31,253.18,45.3,29.12
2021-01-22 12:00:00,132.38,286.89,42.08,30.54
2021-01-22 13:00:00,106.33,246.22,38.35,31.91
2021-01-22 14:00:00,76.78,198.53,39.82,31.7
2021-01-22 15:00:00,84.15,289.75,46.52,31.29
2021-01-22 16:00:00,93.61,252.09,52.54,29.72
2021-01-22 17:00:00,96.69,238.21,54.47,27.98
2021-01-22 18:00:00,96.31,231.47,58.45,26.48
2021-01-22 19:00:00,100.38,290.13,60.88,25.51
2021-01-22 20:00:00,108.03,290.52,63.14,24.54
2021-01-22 21:00:00,109.93,225.63,64.72,24.08
2021-01-22 22:00:00,111.79,203.95,70.82,23.0
2021-01-22 23:00:00,125.61,236.21,71.98,22.42
2021-01-23 00:00:00,128.23,225.65,69.46,21.93
2021-01-23 01:00:00,112.09,173.11,70.95,21.41
2021-01-23 02:00:00,92.39,143.95,73.46,21.04
2021-01-23 03:00:00,88.28,131.88,74.53,20.92
2021-01-23 04:00:00,92.89,145.52666666666667,70.94555555555556,22.102222222222224
2021-01-23 05:00:00,97.5,159.17333333333332,67.36111111111111,23.284444444444446
2021-01-23 06:00:00,102.11,172.82,63.77666666666667,24.46666666666667
2021-01-23 07:00:00,106.72,186.46666666666667,60.19222222222223,25.64888888888889
2021-01-23 08:00:00,111.33000000000001,200.11333333333334,56.607777777777784,26.831111111111113
2021-01-23 09:00:00,115.94000000000001,213.76,53.02333333333333,28.013333333333332
2021-01-23 10:00:00,120.55000000000001,227.40666666666667,49.43888888888889,29.195555555555554
2021-01-23 11:00:00,125.16000000000001,241.05333333333334,45.85444444444445,30.377777777777776
2021-01-23 12:00:00,129.77,254.7,42.27,31.56
2021-01-23 13:00:00,113.47,232.64,40.25,32.31
2021-01-23 14:00:00,87.47,241.71,39.11,32.14
2021-01-23 15:00:00,85.07,403.15,41.92,31.59
2021-01-23 16:00:00,88.27,371.93,42.05,30.55
2021-01-23 17:00:00,75.62,281.19,44.06,28.78
2021-01-23 18:00:00,68.93,234.8,48.3,27.52
2021-01-23 19:00:00,57.93,186.42,41.5,27.33
2021-01-23 20:00:00,46.94,140.52,41.86,27.05
2021-01-23 21:00:00,38.7,95.36,44.4,25.86
2021-01-23 22:00:00,36.0,99.53,51.02,23.99
2021-01-23 23:00:00,47.0,131.08,53.93,22.94
2021-01-24 00:00:00,42.0,120.5,54.16,22.09
2021-01-24 01:00:00,39.0,98.0,58.93,21.8
2021-01-24 02:00:00,53.0,92.6,59.82,20.97
2021-01-24 03:00:00,43.55,65.55,59.05,20.73
2021-01-24 04:00:00,33.69,65.83,61.1,20.49
2021-01-24 05:00:00,36.0,74.3,61.18,21.99
2021-01-24 06:00:00,52.0,90.71,68.13,21.66
2021-01-24 07:00:00,94.0,170.0,73.74,21.16
2021-01-24 08:00:00,126.0,242.0,74.01,22.22
2021-01-24 09:00:00,143.52,296.81,69.51,23.84
2021-01-24 10:00:00,155.24,294.89,55.26,27.8
2021-01-24 11:00:00,122.87,263.0,45.46,29.87
2021-01-24 12:00:00,79.48,191.46,40.79,30.91
2021-01-24 13:00:00,55.77,166.3,38.11,31.19
2021-01-24 14:00:00,44.16,150.82,40.26,30.98
2021-01-24 15:00:00,35.0,119.35,48.36,29.95
2021-01-24 16:00:00,38.23,121.24,46.63,28.71
2021-01-24 17:00:00,40.62,106.91,46.0,27.25
2021-01-24 18:00:00,40.38,116.47,56.86,25.69
2021-01-24 19:00:00,49.84,190.09,63.22,24.14
2021-01-24 20:00:00,67.3,212.41,64.81,23.24
2021-01-24 21:00:00,74.23,187.6,64.48,22.26
2021-01-24 22:00:00,64.08,144.99,63.09,21.94
2021-01-24 23:00:00,60.15,142.47,67.1,21.44
2021-01-25 00:00:00,65.0,149.7,72.8,20.7
2021-01-25 01:00:00,70.57,159.95,75.86,20.14
2021-01-25 02:00:00,77.0,169.88,76.99,20.37
2021-01-25 03:00:00,78.84,189.47,75.17,20.51
2021-01-25 04:00:00,80.08,201.58,72.31,19.77
2021-01-25 05:00:00,75.77,219.18,68.66,19.75
2021-01-25 06:00:00,72.93,229.29,68.63,19.37
2021-01-25 07:00:00,83.68,269.48,69.29,19.19
2021-01-25 08:00:00,108.83,314.93,64.8,20.2
2021-01-25 09:00:00,119.93,338.31,56.37,22.77
2021-01-25 10:00:00,111.7,420.37,44.0,26.74
2021-01-25 11:00:00,99.78,324.56,39.35,29.24
2021-01-25 12:00:00,93.15,307.77,37.89,30.67
2021-01-25 13:00:00,92.93,301.82,34.88,30.53
2021-01-25 14:00:00,82.85,337.01,37.84,30.75
2021-01-25 15:00:00,76.16,427.02,40.87,30.05
2021-01-25 16:00:00,67.58,331.62,42.85,28.56
2021-01-25 17:00:00,57.7,238.09,43.24,26.49
2021-01-25 18:00:00,61.0,288.13,52.04,24.9
2021-01-25 19:00:00,71.69,326.51,61.52,23.64
2021-01-25 20:00:00,88.91,291.62,61.32,22.8
2021-01-25 21:00:00,92.96,230.87,62.7,22.19
2021-01-25 22:00:00,83.23,212.24,66.3,21.48
2021-01-25 23:00:00,90.69,251.38,70.86,20.5
2021-01-26 00:00:00,92.25,244.93,70.46,19.89
2021-01-26 01:00:00,87.16,206.8,70.49,19.38
2021-01-26 02:00:00,84.54,188.18,70.52,18.94
2021-01-26 03:00:00,78.93,166.88,73.48,18.53
2021-01-26 04:00:00,78.07,175.12,77.05,18.42
2021-01-26 05:00:00,88.61,197.89,75.92,18.64
2021-01-26 06:00:00,94.0,208.88,75.65,18.73
2021-01-26 07:00:00,95.83,220.06,73.94,19.0
2021-01-26 08:00:00,96.61,217.91,70.41,19.91
2021-01-26 09:00:00,107.91,241.83,62.77,22.15
2021-01-26 10:00:00,129.92,292.6,49.66,26.15
2021-01-26 11:00:00,120.94,282.23,39.36,29.11
2021-01-26 12:00:00,94.5,244.09,37.17,30.04
2021-01-26 13:00:00,84.71,234.0,36.81,30.09
2021-01-26 14:00:00,82.0,217.23,44.88,29.5
2021-01-26 15:00:00,77.85,197.98,43.95,28.85
2021-01-26 16:00:00,68.42,181.35,47.58,27.21
2021-01-26 17:00:00,63.46,201.42,52.06,25.25
2021-01-26 18:00:00,64.92,219.24,62.77,23.89
2021-01-26 19:00:00,75.62,207.47,61.05,23.24
2021-01-26 20:00:00,93.92,187.75,62.31,22.29
2021-01-26 21:00:00,97.42,173.27,66.04,20.88
2021-01-26 22:00:00,92.92,190.6,68.75,19.77
2021-01-26 23:00:00,99.07,199.87,74.21,19.61
2021-01-27 00:00:00,104.08,209.8,74.09,19.55
2021-01-27 01:00:00,94.75,184.35,73.74,18.75
2021-01-27 02:00:00,77.16,145.35,75.07,18.41
2021-01-27 03:00:00,79.46,150.47,74.33,19.21
2021-01-27 04:00:00,100.84,187.07,74.19,18.49
2021-01-27 05:00:00,99.39,183.23,76.05,17.85
2021-01-27 06:00:00,82.42,162.65,77.7,17.67
2021-01-27 07:00:00,84.79,180.2,77.51,18.15
2021-01-27 08:00:00,100.45,201.41,69.12,19.32
2021-01-27 09:00:00,107.08,221.47,59.5,22.04
2021-01-27 10:00:00,105.54,286.0,50.6,26.09
2021-01-27 11:00:00,105.0,289.8,45.73,28.82
2021-01-27 12:00:00,105.0,277.75,43.92,29.77
2021-01-27 13:00:00,104.08,298.65,42.6,30.08
2021-01-27 14:00:00,96.12,257.75,43.53,29.77
2021-01-27 15:00:00,85.69,242.31,44.27,29.1
2021-01-27 16:00:00,74.24,239.59,47.51,28.22
2021-01-27 17:00:00,64.46,254.33,49.28,26.42
2021-01-27 18:00:00,64.54,246.23,57.18,24.79
2021-01-27 19:00:00,71.84,252.75,57.31,23.07
2021-01-27 20:00:00,99.79,251.05,58.81,21.7
2021-01-27 21:00:00,102.17,199.89,59.42,20.67
2021-01-27 22:00:00,83.12,179.51,63.18,20.46
2021-01-27 23:00:00,95.84,206.49,68.04,19.82
2021-01-28 00:00:00,103.16,193.58,71.98,19.45
2021-01-28 01:00:00,100.08,177.06,73.49,19.23
2021-01-28 02:00:00,101.77,185.05,76.33,18.61
2021-01-28 03:00:00,102.23,170.58,78.08,18.28
2021-01-28 04:00:00,100.38,165.18,80.19,18.03
2021-01-28 05:00:00,107.5,189.27,81.84,17.56
2021-01-28 06:00:00,108.96,183.53,80.84,18.11
2021-01-28 07:00:00,111.3,200.42,78.53,18.47
2021-01-28 08:00:00,130.22,238.84,74.75,19.45
2021-01-28 09:00:00,143.75,299.89,64.77,22.66
2021-01-28 10:00:00,143.77,319.56,49.57,27.47
2021-01-28 11:00:00,130.32,308.91,46.02,29.07
2021-01-28 12:00:00,123.61,335.93,45.23,29.82
2021-01-28 13:00:00,130.38,515.45,41.17,30.12
2021-01-28 14:00:00,109.87,383.6,42.17,30.23
2021-01-28 15:00:00,86.77,292.29,40.74,29.41
2021-01-28 16:00:00,78.88,277.42,44.79,28.43
2021-01-28 17:00:00,68.31,265.8,56.1,25.92
2021-01-28 18:00:00,71.92,269.0,59.66,24.48
2021-01-28 19:00:00,79.0,249.67,59.09,23.16
2021-01-28 20:00:00,83.25,253.82,62.87,21.48
2021-01-28 21:00:00,85.5,193.69,69.79,20.38
2021-01-28 22:00:00,92.92,165.02,71.37,19.63
2021-01-28 23:00:00,99.96,187.4,74.0,19.03
2021-01-29 00:00:00,111.58,189.88,75.17,18.83
2021-01-29 01:00:00,107.32,167.31,74.57,18.89
2021-01-29 02:00:00,90.0,143.47,62.05,20.51
2021-01-29 03:00:00,71.01,122.47,60.24,20.21
2021-01-29 04:00:00,63.0,115.64,62.88,19.59
2021-01-29 05:00:00,70.92,123.09,63.15,18.97
2021-01-29 06:00:00,66.0,121.84,64.69,18.45
2021-01-29 07:00:00,65.0,140.27,65.77,18.28
2021-01-29 08:00:00,88.04,181.77,62.56,19.53
2021-01-29 09:00:00,122.12,266.95,55.66,22.4
2021-01-29 10:00:00,123.96,405.97,46.59,26.25
2021-01-29 11:00:00,95.32,307.74,42.89,28.4
2021-01-29 12:00:00,89.53,229.16,38.85,29.77
2021-01-29 13:00:00,93.25,386.67,34.02,30.38
2021-01-29 14:00:00,80.32,302.51,34.11,30.72
2021-01-29 15:00:00,88.32,453.25,42.81,29.95
2021-01-29 16:00:00,90.38,400.51,44.41,29.09
2021-01-29 17:00:00,66.0,261.49,48.54,27.22
2021-01-29 18:00:00,71.96,257.0,53.34,25.75
2021-01-29 19:00:00,90.53,407.62,59.22,23.86
2021-01-29 20:00:00,108.61,444.81,62.89,22.64
2021-01-29 21:00:00,109.42,324.98,64.95,21.85
2021-01-29 22:00:00,102.17,234.75,69.27,21.14
2021-01-29 23:00:00,99.54,232.4,69.94,20.61
2021-01-30 00:00:00,88.92,186.82,68.89,19.78
2021-01-30 01:00:00,74.23,139.82,71.18,19.36
2021-01-30 02:00:00,80.66,151.62,68.16,20.65
2021-01-30 03:00:00,93.83,181.77,65.96,20.6
2021-01-30 04:00:00,94.17,170.73,64.41,20.73
2021-01-30 05:00:00,78.17,122.75,61.14,21.48
2021-01-30 06:00:00,68.0,140.54,62.87,21.16
2021-01-30 07:00:00,81.9,162.93,63.56,21.01
2021-01-30 08:00:00,94.12,220.5,59.33,22.1
2021-01-30 09:00:00,89.32,206.75,52.2,24.19
2021-01-30 10:00:00,73.86,198.93,45.85,26.78
2021-01-30 11:00:00,85.25,225.71,42.48,28.75
2021-01-30 12:00:00,85.32291666666667,226.52437500000002,42.535624999999996,28.765625
2021-01-30 13:00:00,85.39583333333333,227.33875,42.591249999999995,28.78125
2021-01-30 14:00:00,85.46875,228.15312500000002,42.646874999999994,28.796875
2021-01-30 15:00:00,85.54166666666667,228.9675,42.7025,28.8125
2021-01-30 16:00:00,85.61458333333333,229.781875,42.758125,28.828125
2021-01-30 17:00:00,85.6875,230.59625,42.81375,28.84375
2021-01-30 18:00:00,85.76041666666667,231.410625,42.869375,28.859375
2021-01-30 19:00:00,85.83333333333333,232.22500000000002,42.925,28.875
2021-01-30 20:00:00,85.90625,233.039375,42.980624999999996,28.890625
2021-01-30 21:00:00,85.97916666666667,233.85375000000002,43.036249999999995,28.90625
2021-01-30 22:00:00,86.05208333333333,234.668125,43.091874999999995,28.921875
2021-01-30 23:00:00,86.125,235.48250000000002,43.147499999999994,28.9375
2021-01-31 00:00:00,86.19791666666667,236.296875,43.203125,28.953125
2021-01-31 01:00:00,86.27083333333333,237.11125,43.25875,28.96875
2021-01-31 02:00:00,86.34375,237.925625,43.314375,28.984375
2021-01-31 03:00:00,86.41666666666667,238.74,43.37,29.0
2021-01-31 04:00:00,86.48958333333333,239.55437500000002,43.425625,29.015625
2021-01-31 05:00:00,86.5625,240.36875,43.481249999999996,29.03125
2021-01-31 06:00:00,86.63541666666667,241.18312500000002,43.536874999999995,29.046875
2021-01-31 07:00:00,86.70833333333333,241.9975,43.5925,29.0625
2021-01-31 08:00:00,86.78125,242.81187500000001,43.648125,29.078125
2021-01-31 09:00:00,86.85416666666667,243.62625,43.70375,29.09375
2021-01-31 10:00:00,86.92708333333333,244.440625,43.759375,29.109375
2021-01-31 11:00:00,87.0,245.255,43.815,29.125
2021-01-31 12:00:00,87.07291666666667,246.069375,43.870625,29.140625
2021-01-31 13:00:00,87.14583333333333,246.88375000000002,43.926249999999996,29.15625
2021-01-31 14:00:00,87.21875,247.698125,43.981874999999995,29.171875
2021-01-31 15:00:00,87.29166666666667,248.51250000000002,44.037499999999994,29.1875
2021-01-31 16:00:00,87.36458333333333,249.326875,44.093125,29.203125
2021-01-31 17:00:00,87.4375,250.14125,44.14875,29.21875
2021-01-31 18:00:00,87.51041666666667,250.955625,44.204375,29.234375
2021-01-31 19:00:00,87.58333333333333,251.77,44.26,29.25
2021-01-31 20:00:00,87.65625,252.58437500000002,44.315625,29.265625
2021-01-31 21:00:00,87.72916666666667,253.39875,44.371249999999996,29.28125
2021-01-31 22:00:00,87.80208333333333,254.21312500000002,44.426874999999995,29.296875
2021-01-31 23:00:00,87.875,255.0275,44.4825,29.3125
2021-02-01 00:00:00,87.94791666666667,255.84187500000002,44.538125,29.328125
2021-02-01 01:00:00,88.02083333333333,256.65625,44.59375,29.34375
2021-02-01 02:00:00,88.09375,257.47062500000004,44.649375,29.359375
2021-02-01 03:00:00,88.16666666666667,258.285,44.705,29.375
2021-02-01 04:00:00,88.23958333333333,259.099375,44.760625,29.390625
2021-02-01 05:00:00,88.3125,259.91375,44.81625,29.40625
2021-02-01 06:00:00,88.38541666666667,260.72812500000003,44.871874999999996,29.421875
2021-02-01 07:00:00,88.45833333333333,261.5425,44.927499999999995,29.4375
2021-02-01 08:00:00,88.53125,262.356875,44.983125,29.453125
2021-02-01 09:00:00,88.60416666666667,263.17125,45.03875,29.46875
2021-02-01 10:00:00,88.67708333333333,263.985625,45.094375,29.484375
2021-02-01 11:00:00,88.75,264.8,45.15,29.5
2021-02-01 12:00:00,84.16,219.13,43.54,31.25
2021-02-01 13:00:00,72.71,190.05,40.01,32.41
2021-02-01 14:00:00,67.25,154.35,34.24,33.0
2021-02-01 15:00:00,63.08,174.57,30.89,32.99
2021-02-01 16:00:00,56.96,212.4,36.53,32.12
2021-02-01 17:00:00,60.17,318.02,52.99,29.8
2021-02-01 18:00:00,68.69,252.42,54.0,28.05
2021-02-01 19:00:00,67.38,141.05,51.16,27.67
2021-02-01 20:00:00,104.29,250.69,58.1,26.38
2021-02-01 21:00:00,133.55,335.31,64.07,25.46
2021-02-01 22:00:00,117.16,290.52,56.42,26.12
2021-02-01 23:00:00,108.58,225.46,57.49,25.27
2021-02-02 00:00:00,102.38,205.0,55.02,25.61
2021-02-02 01:00:00,96.67,160.72,53.54,25.75
2021-02-02 02:00:00,82.93,128.91,53.71,25.27
2021-02-02 03:00:00,72.42,115.98,52.4,25.09
2021-02-02 04:00:00,65.17,98.7,50.02,25.41
2021-02-02 05:00:00,62.08,97.16,47.56,25.65
2021-02-02 06:00:00,62.83,96.12,45.76,25.69
2021-02-02 07:00:00,63.62,99.8,46.92,25.15
2021-02-02 08:00:00,65.67,114.6,47.37,25.38
2021-02-02 09:00:00,69.54,140.5,44.08,26.98
2021-02-02 10:00:00,75.45,224.44,38.75,29.71
2021-02-02 11:00:00,80.71,281.27,33.52,32.2
2021-02-02 12:00:00,67.39,285.91,26.27,33.23
2021-02-02 13:00:00,57.75,265.89,24.89,33.32
2021-02-02 14:00:00,51.38,194.49,22.28,33.15
2021-02-02 15:00:00,37.25,163.24,19.62,32.87
2021-02-02 16:00:00,32.16,189.45,21.35,32.74
2021-02-02 17:00:00,32.29,194.32,32.65,31.15
2021-02-02 18:00:00,44.17,248.95,44.67,28.77
2021-02-02 19:00:00,55.46,239.4,43.06,27.83
2021-02-02 20:00:00,55.54,226.02,44.91,27.09
2021-02-02 21:00:00,66.92,202.0,49.23,26.16
2021-02-02 22:00:00,82.38,206.71,56.22,24.52
2021-02-02 23:00:00,88.61,206.4,59.84,23.58
2021-02-03 00:00:00,94.92,192.27,65.6,22.79
2021-02-03 01:00:00,91.88,169.95,66.93,22.16
2021-02-03 02:00:00,84.69,155.5,68.34,21.6
2021-02-03 03:00:00,76.04,132.34,67.46,21.12
2021-02-03 04:00:00,69.46,115.56,65.44,21.55
2021-02-03 05:00:00,75.04,121.02,66.22,21.71
2021-02-03 06:00:00,91.54,167.25,68.45,21.51
2021-02-03 07:00:00,115.39,237.69,66.05,21.97
2021-02-03 08:00:00,123.96,238.97,57.31,22.85
2021-02-03 09:00:00,114.33,230.16,48.89,25.42
2021-02-03 10:00:00,103.58,335.56,37.17,29.27
2021-02-03 11:00:00,96.46,246.25,31.51,32.0
2021-02-03 12:00:00,88.29,290.4,27.27,31.7
2021-02-03 13:00:00,65.62,348.11,26.76,32.04
2021-02-03 14:00:00,51.46,294.49,25.48,32.39
2021-02-03 15:00:00,61.68,352.15,28.54,32.0
2021-02-03 16:00:00,68.42,329.5,31.58,30.84
2021-02-03 17:00:00,57.04,201.87,36.76,29.44
2021-02-03 18:00:00,46.33,158.42,40.62,28.21
2021-02-03 19:00:00,40.62,167.75,45.14,27.24
2021-02-03 20:00:00,44.96,144.78,50.48,26.26
2021-02-03 21:00:00,55.21,138.6,56.03,25.15
2021-02-03 22:00:00,58.54,132.11,59.88,24.07
2021-02-03 23:00:00,63.04,153.32,60.78,23.65
2021-02-04 00:00:00,69.46,143.03,57.34,23.48
2021-02-04 01:00:00,68.62,96.27,59.88,22.65
2021-02-04 02:00:00,67.0,76.0,58.44,22.71
2021-02-04 03:00:00,77.09,90.0,58.15,22.93
2021-02-04 04:00:00,86.71,159.3,56.61,22.58
2021-02-04 05:00:00,86.0,146.44,58.27,21.71
2021-02-04 06:00:00,71.62,125.09,58.85,21.72
2021-02-04 07:00:00,74.58,136.5,59.74,21.72
2021-02-04 08:00:00,81.83,179.44,56.02,22.95
2021-02-04 09:00:00,91.79,206.12,48.77,25.16
2021-02-04 10:00:00,84.96,219.02,40.7,27.89
2021-02-04 11:00:00,65.08,193.71,34.86,29.93
2021-02-04 12:00:00,66.29,248.22,30.21,31.26
2021-02-04 13:00:00,61.67,242.0,26.43,31.85
2021-02-04 14:00:00,54.38,219.67,32.49,31.94
2021-02-04 15:00:00,67.0,271.11,40.48,31.26
2021-02-04 16:00:00,81.83,288.27,42.52,30.06
2021-02-04 17:00:00,81.69,256.93,43.0,28.34
2021-02-04 18:00:00,72.58,271.0,45.48,27.53
2021-02-04 19:00:00,66.38,268.31,45.84,26.85
2021-02-04 20:00:00,67.54,211.8,49.59,25.78
2021-02-04 21:00:00,67.91,172.47,54.99,24.23
2021-02-04 22:00:00,78.17,183.05,58.35,23.09
2021-02-04 23:00:00,90.38,198.78,59.99,22.36
2021-02-05 00:00:00,92.0,193.32,64.42,21.71
2021-02-05 01:00:00,86.93,176.82,63.06,21.5
2021-02-05 02:00:00,81.92,148.38,61.28,21.88
2021-02-05 03:00:00,79.79,152.47,63.34,21.45
2021-02-05 04:00:00,74.17,136.51,67.0,21.05
2021-02-05 05:00:00,75.67,146.2,70.71,20.34
2021-02-05 06:00:00,78.62,156.5,71.3,20.13
2021-02-05 07:00:00,75.62,152.07,64.75,21.41
2021-02-05 08:00:00,85.0,272.8,58.63,22.89
2021-02-05 09:00:00,92.48,255.58,47.09,26.02
2021-02-05 10:00:00,84.17,206.42,40.44,28.78
2021-02-05 11:00:00,82.0,201.70999999999998,36.57,29.67
2021-02-05 12:00:00,76.0,197.0,34.03,30.45
2021-02-05 13:00:00,59.5,158.2,33.42,30.88
2021-02-05 14:00:00,42.29,144.73,36.55,30.51
2021-02-05 15:00:00,45.46,178.65,31.53,29.82
2021-02-05 16:00:00,42.79,177.63,33.41,29.01
2021-02-05 17:00:00,40.83,187.33,39.55,27.86
2021-02-05 18:00:00,44.38,228.42,40.56,26.95
2021-02-05 19:00:00,46.92,207.62,39.41,26.21
2021-02-05 20:00:00,45.71,160.58,40.3,25.55
2021-02-05 21:00:00,42.54,117.0,39.41,24.89
2021-02-05 22:00:00,36.96,116.4,34.3,25.27
2021-02-05 23:00:00,31.91,112.11,40.22,23.68
2021-02-06 00:00:00,39.38,108.21,47.0,21.84
2021-02-06 01:00:00,46.55,107.42,38.29,23.5
2021-02-06 02:00:00,35.92,95.09,35.72,23.78
2021-02-06 03:00:00,28.58,90.0,37.38,23.4
2021-02-06 04:00:00,32.62,80.05,38.88,23.21
2021-02-06 05:00:00,34.67,76.58,45.39,21.52
2021-02-06 06:00:00,48.62,99.91,48.05,20.99
2021-02-06 07:00:00,69.62,149.38,49.84,20.72
2021-02-06 08:00:00,84.67,222.84,47.43,21.64
2021-02-06 09:00:00,81.67,212.11,41.92,24.06
2021-02-06 10:00:00,69.81,285.38,39.63,26.32
2021-02-06 11:00:00,62.33,310.29,36.46,28.38
2021-02-06 12:00:00,52.53,209.93,35.21,29.55
2021-02-06 13:00:00,45.54,146.32,32.35,30.84
2021-02-06 14:00:00,48.769999999999996,137.0,28.54,31.73
2021-02-06 15:00:00,52.0,137.0,24.93,31.73
2021-02-06 16:00:00,45.58,232.0,30.22,31.47
2021-02-06 17:00:00,44.83,207.51,44.41,29.2
2021-02-06 18:00:00,50.25,177.25,38.21,28.84
2021-02-06 19:00:00,50.21,153.18,37.7,28.75
2021-02-06 20:00:00,48.96,116.64,35.67,28.67
2021-02-06 21:00:00,46.21,99.08,40.11,27.38
2021-02-06 22:00:00,46.77,110.25,38.52,26.72
2021-02-06 23:00:00,40.71,113.78,38.0,26.41
2021-02-07 00:00:00,38.0,124.19,37.64,26.18
2021-02-07 01:00:00,35.7,105.22,37.67,25.8
2021-02-07 02:00:00,34.82,91.0,38.73,25.14
2021-02-07 03:00:00,35.365,91.0,38.949999999999996,24.53
2021-02-07 04:00:00,35.91,91.0,39.17,23.92
2021-02-07 05:00:00,36.455,91.0,39.39,23.31
2021-02-07 06:00:00,37.0,91.0,39.61,22.7
2021-02-07 07:00:00,37.0,91.0,38.27,22.95
2021-02-07 08:00:00,49.0,119.0,36.75,23.86
2021-02-07 09:00:00,43.53,121.57,35.04,25.26
2021-02-07 10:00:00,44.74,146.84,33.63,27.34
2021-02-07 11:00:00,54.0,175.47,31.75,29.27
2021-02-07 12:00:00,50.79,152.28,30.0,30.65
2021-02-07 13:00:00,46.54,131.15,28.21,31.41
2021-02-07 14:00:00,44.63,141.25,26.0,32.11
2021-02-07 15:00:00,42.08,120.29,25.13,31.92
2021-02-07 16:00:00,41.0,102.42,27.67,31.33
2021-02-07 17:00:00,45.58,180.5,36.51,29.44
2021-02-07 18:00:00,45.5,171.45,39.64,28.06
2021-02-07 19:00:00,39.92,116.2,34.83,28.08
2021-02-07 20:00:00,42.38,106.58,33.29,28.09
2021-02-07 21:00:00,40.79,110.7,33.32,27.64
2021-02-07 22:00:00,37.0,109.8,38.02,26.09
2021-02-07 23:00:00,37.625,115.58333333333333,38.74,25.64625
2021-02-08 00:00:00,38.25,121.36666666666666,39.46,25.2025
2021-02-08 01:00:00,38.875,127.15,40.18,24.75875
2021-02-08 02:00:00,39.5,132.93333333333334,40.900000000000006,24.314999999999998
2021-02-08 03:00:00,40.125,138.71666666666667,41.620000000000005,23.87125
2021-02-08 04:00:00,40.75,144.5,42.34,23.4275
2021-02-08 05:00:00,41.375,150.28333333333333,43.06,22.98375
2021-02-08 06:00:00,42.0,156.06666666666666,43.78,22.54
2021-02-08 07:00:00,42.0,161.85,43.81,22.46
2021-02-08 08:00:00,67.0,167.63333333333333,43.59,23.24
2021-02-08 09:00:00,71.56,173.41666666666666,40.5,25.23
2021-02-08 10:00:00,74.5,179.2,34.51,28.47
2021-02-08 11:00:00,72.0,184.98333333333335,29.34,30.55
2021-02-08 12:00:00,72.0,190.76666666666665,25.7,31.66
2021-02-08 13:00:00,57.24,196.55,23.89,31.89
2021-02-08 14:00:00,37.71,202.33333333333331,22.47,32.06
2021-02-08 15:00:00,33.62,208.11666666666667,22.9,32.05
2021-02-08 16:00:00,48.4,213.89999999999998,23.79,31.72
2021-02-08 17:00:00,60.21,219.68333333333334,34.66,29.25
2021-02-08 18:00:00,46.9,225.46666666666664,40.12,27.61
2021-02-08 19:00:00,42.0,231.25,31.96,27.02
2021-02-08 20:00:00,36.08,237.03333333333333,28.38,27.43
2021-02-08 21:00:00,30.83,242.81666666666666,31.01,26.46
2021-02-08 22:00:00,35.29,248.60000000000002,38.73,24.34
2021-02-08 23:00:00,49.87,254.38333333333333,44.88,22.54
2021-02-09 00:00:00,68.1,260.1666666666667,47.31,21.81
2021-02-09 01:00:00,68.42,265.95,48.43,21.65
2021-02-09 02:00:00,61.34,271.73333333333335,46.48,22.34
2021-02-09 03:00:00,66.0475,277.51666666666665,44.47875,23.27625
2021-02-09 04:00:00,70.755,283.3,42.4775,24.2125
2021-02-09 05:00:00,75.4625,289.0833333333333,40.47625,25.14875
2021-02-09 06:00:00,80.17,294.8666666666667,38.474999999999994,26.085
2021-02-09 07:00:00,84.8775,300.65,36.473749999999995,27.02125
2021-02-09 08:00:00,89.58500000000001,306.43333333333334,34.4725,27.9575
2021-02-09 09:00:00,94.2925,312.21666666666664,32.47125,28.893749999999997
2021-02-09 10:00:00,99.0,318.0,30.47,29.83
2021-02-09 11:00:00,88.0,300.68,27.44,31.2
2021-02-09 12:00:00,70.42,215.6,21.38,32.87
2021-02-09 13:00:00,55.83,184.95,18.48,33.23
2021-02-09 14:00:00,45.0,198.7,18.27,33.3
2021-02-09 15:00:00,44.54,263.96,21.38,32.92
2021-02-09 16:00:00,54.48,380.49,30.28,31.26
2021-02-09 17:00:00,66.09,339.0,36.85,29.28
2021-02-09 18:00:00,66.67,280.05,33.93,28.05
2021-02-09 19:00:00,70.0,274.0,36.39,27.26
2021-02-09 20:00:00,59.0,200.0,29.43,27.0
2021-02-09 21:00:00,53.5,138.13,38.08,24.98
2021-02-09 22:00:00,62.03,247.07,44.05,23.23
2021-02-09 23:00:00,79.55,269.04,46.32,22.11
2021-02-10 00:00:00,83.15,245.34,47.74,21.26
2021-02-10 01:00:00,85.27,177.18,48.14,20.64
2021-02-10 02:00:00,68.71,113.9,49.76,20.34
2021-02-10 03:00:00,48.42,88.11,51.09,20.01
2021-02-10 04:00:00,43.91,88.09,52.16,19.82
2021-02-10 05:00:00,56.39,103.58,50.42,20.96
2021-02-10 06:00:00,74.12,135.09,50.37,20.91
2021-02-10 07:00:00,74.44,184.44,52.16,20.65
2021-02-10 08:00:00,79.02,275.87,49.11,22.02
2021-02-10 09:00:00,93.75,254.13,41.0,25.26
2021-02-10 10:00:00,85.16,202.63,33.99,28.69
2021-02-10 11:00:00,71.0,206.47,29.29,31.58
2021-02-10 12:00:00,66.5,214.0,24.06,33.47
2021-02-10 13:00:00,62.0,444.0,20.74,33.34
2021-02-10 14:00:00,55.58,356.36,26.55,33.06
2021-02-10 15:00:00,68.17,406.82,32.93,32.46
2021-02-10 16:00:00,111.64,553.51,36.78,30.86
2021-02-10 17:00:00,103.0,456.5,46.16,28.87
2021-02-10 18:00:00,73.73,243.38,56.0,26.98
2021-02-10 19:00:00,85.71,248.71,51.55,25.99
2021-02-10 20:00:00,89.12,226.44,48.39,25.4
2021-02-10 21:00:00,84.19,173.29,54.89,23.82
2021-02-10 22:00:00,86.17,192.16,56.05,22.61
2021-02-10 23:00:00,86.29,196.88,56.27,21.74
2021-02-11 00:00:00,82.17,165.9,56.77,21.14
2021-02-11 01:00:00,73.54,158.78,56.57,20.7
2021-02-11 02:00:00,69.81,123.33,56.51,20.4
2021-02-11 03:00:00,64.63,96.2,57.43,20.69
2021-02-11 04:00:00,75.75,122.0,58.77,21.45
2021-02-11 05:00:00,124.46,223.98,61.47,21.23
2021-02-11 06:00:00,164.92,277.77,62.21,21.28
2021-02-11 07:00:00,153.62,275.2,60.62,21.7
2021-02-11 08:00:00,129.83,280.98,54.61,23.14
2021-02-11 09:00:00,112.12,234.03,45.96,25.77
2021-02-11 10:00:00,102.63,212.06,39.55,28.24
2021-02-11 11:00:00,92.29,219.22,34.45,30.47
2021-02-11 12:00:00,85.64,244.5,29.74,31.94
2021-02-11 13:00:00,71.78,229.0,23.3,33.33
2021-02-11 14:00:00,67.98,175.24,20.71,33.73
2021-02-11 15:00:00,126.12,306.24,21.43,33.42
2021-02-11 16:00:00,129.67,338.89,32.69,31.73
2021-02-11 17:00:00,87.01,418.59,39.16,29.98
2021-02-11 18:00:00,79.71,305.23,34.2,28.9
2021-02-11 19:00:00,62.62,256.2,30.18,28.66
2021-02-11 20:00:00,59.62,260.09,37.99,26.89
2021-02-11 21:00:00,61.67,183.56,44.76,24.6
2021-02-11 22:00:00,68.73,152.49,47.27,23.41
2021-02-11 23:00:00,73.83,167.83,49.55,22.69
2021-02-12 00:00:00,71.42,153.13,51.14,22.07
2021-02-12 01:00:00,66.91,132.62,52.93,21.66
2021-02-12 02:00:00,73.47,135.7,55.34,21.28
2021-02-12 03:00:00,80.0,140.0,54.6,21.07
2021-02-12 04:00:00,82.0,171.07692307692307,53.7575,21.961666666666666
2021-02-12 05:00:00,84.0,202.15384615384616,52.915,22.85333333333333
2021-02-12 06:00:00,86.0,233.23076923076923,52.072500000000005,23.745
2021-02-12 07:00:00,88.0,264.3076923076923,51.230000000000004,24.636666666666667
2021-02-12 08:00:00,90.0,295.38461538461536,50.3875,25.528333333333332
2021-02-12 09:00:00,92.0,326.46153846153845,49.545,26.42
2021-02-12 10:00:00,94.0,357.53846153846155,48.7025,27.311666666666667
2021-02-12 11:00:00,96.0,388.61538461538464,47.86,28.203333333333333
2021-02-12 12:00:00,98.0,419.6923076923077,47.0175,29.095
2021-02-12 13:00:00,100.0,450.7692307692308,46.175000000000004,29.986666666666665
2021-02-12 14:00:00,102.0,481.84615384615387,45.3325,30.878333333333334
2021-02-12 15:00:00,104.0,512.9230769230769,44.49,31.77
2021-02-12 16:00:00,106.0,544.0,43.37,30.36
2021-02-12 17:00:00,78.5,466.87,43.93,28.23
2021-02-12 18:00:00,51.5,406.87,46.105000000000004,27.405
2021-02-12 19:00:00,56.62,346.87,48.28,26.58
2021-02-12 20:00:00,59.55,286.87,53.745000000000005,25.104999999999997
2021-02-12 21:00:00,63.62,226.87,59.21,23.63
2021-02-12 22:00:00,72.02,166.87,59.22,22.91
2021-02-12 23:00:00,80.81,186.06,59.62,22.4
2021-02-13 00:00:00,73.36,188.72,60.15,21.89
2021-02-13 01:00:00,69.91,167.38,61.13,21.45
2021-02-13 02:00:00,70.09,143.81,64.52,21.05
2021-02-13 03:00:00,70.83,137.64,66.57,20.73
2021-02-13 04:00:00,79.88,149.04,64.045,20.955
2021-02-13 05:00:00,87.09,160.44,61.52,21.18
2021-02-13 06:00:00,86.92,145.0,55.59,20.87
2021-02-13 07:00:00,91.67,186.0,52.33,22.06
2021-02-13 08:00:00,98.75,186.0,51.03,22.4
2021-02-13 09:00:00,93.8,156.0,42.7,27.18
2021-02-13 10:00:00,84.0,186.16,36.98,29.85
2021-02-13 11:00:00,82.63,203.0,32.55,32.09
2021-02-13 12:00:00,84.19,205.37,32.12,32.68
2021-02-13 13:00:00,90.29,235.52,32.16,32.92
2021-02-13 14:00:00,86.62,440.18,37.17,32.74
2021-02-13 15:00:00,69.89,410.6,38.72,31.0
2021-02-13 16:00:00,50.8,296.4,48.94,29.32
2021-02-13 17:00:00,40.09,235.33,53.77,27.91
2021-02-13 18:00:00,36.72,251.22,65.58,26.43
2021-02-13 19:00:00,39.96,211.68,71.5,25.16
2021-02-13 20:00:00,46.55,151.69,58.39,25.29
2021-02-13 21:00:00,51.92,140.22,63.31,24.14
2021-02-13 22:00:00,57.63,139.43,66.1,23.04
2021-02-13 23:00:00,60.55,181.82,66.92,22.45
2021-02-14 00:00:00,63.72,176.48,67.83,22.22
2021-02-14 01:00:00,59.63,145.24,65.37,21.73
2021-02-14 02:00:00,56.63,130.58,67.7,21.72
2021-02-14 03:00:00,58.67,127.0,69.5,21.46
2021-02-14 04:00:00,56.17,107.11,67.67,21.03
2021-02-14 05:00:00,53.92,104.38,73.57,20.97
2021-02-14 06:00:00,61.91,125.04,75.98,20.41
2021-02-14 07:00:00,72.57,155.18,76.59,20.87
2021-02-14 08:00:00,95.84,196.52,70.0,22.46
2021-02-14 09:00:00,104.53,208.49,59.77,25.82
2021-02-14 10:00:00,100.28,210.49,49.71,28.96
2021-02-14 11:00:00,93.38,201.5,45.89,30.31
2021-02-14 12:00:00,89.75,356.27,38.42,31.7
2021-02-14 13:00:00,82.6,281.09,32.38,32.45
2021-02-14 14:00:00,61.63,181.94,44.11,32.46
2021-02-14 15:00:00,60.91,323.66,48.59,31.06
2021-02-14 16:00:00,58.33,304.26,51.34,29.41
2021-02-14 17:00:00,64.54,688.18,59.81,27.23
2021-02-14 18:00:00,65.08,464.2,62.92,26.24
2021-02-14 19:00:00,54.64,163.29,55.86,26.12
2021-02-14 20:00:00,62.64,165.25,58.54,25.29
2021-02-14 21:00:00,69.73,204.72,56.84,25.05
2021-02-14 22:00:00,68.44,191.56,62.23,23.62
2021-02-14 23:00:00,72.57,192.61,62.84,22.88
2021-02-15 00:00:00,77.62,188.82,60.21,23.16
2021-02-15 01:00:00,59.92,168.81,48.5,23.69
2021-02-15 02:00:00,41.12,133.0,57.65,22.51
2021-02-15 03:00:00,30.72,92.62,62.25,21.52
2021-02-15 04:00:00,28.91,70.02,66.63,21.17
2021-02-15 05:00:00,35.01,61.13,70.74,21.01
2021-02-15 06:00:00,36.9,74.4,73.13,20.94
2021-02-15 07:00:00,39.29,115.72,74.81,21.09
2021-02-15 08:00:00,50.73,169.93,69.1,23.29
2021-02-15 09:00:00,61.29,177.81,58.89,26.44
2021-02-15 10:00:00,71.82,183.19,53.49,28.38
2021-02-15 11:00:00,67.61,190.64,50.12,29.75
2021-02-15 12:00:00,56.81,248.85,47.1,30.91
2021-02-15 13:00:00,49.81,248.63,48.51,30.99
2021-02-15 14:00:00,42.37,196.63,52.09,30.87
2021-02-15 15:00:00,43.96,190.83,55.3,30.07
2021-02-15 16:00:00,51.45,182.6,57.17,28.39
2021-02-15 17:00:00,64.3,199.67,62.65,26.31
2021-02-15 18:00:00,71.67,240.95,70.02,25.1
2021-02-15 19:00:00,58.88,229.05,69.48,24.46
2021-02-15 20:00:00,59.92,199.24,58.77,24.71
2021-02-15 21:00:00,63.79,168.54,55.52,24.28
2021-02-15 22:00:00,57.72,129.05,56.55,23.63
2021-02-15 23:00:00,54.08,131.97,59.7,23.21
2021-02-16 00:00:00,39.79,82.11,74.28,23.28
2021-02-16 01:00:00,21.71,45.75,74.5,22.83
2021-02-16 02:00:00,17.63,49.12,75.43,22.5
2021-02-16 03:00:00,26.08,63.42,78.62,22.06
2021-02-16 04:00:00,33.9,65.08,81.36,22.3
2021-02-16 05:00:00,29.45,64.0,84.34,22.07
2021-02-16 06:00:00,31.83,67.21,88.18,21.52
2021-02-16 07:00:00,41.79,80.5,87.4,21.42
2021-02-16 08:00:00,61.41,132.43,82.71,22.52
2021-02-16 09:00:00,72.63,151.78,74.33,25.15
2021-02-16 10:00:00,66.88,150.64,64.27,27.89
2021-02-16 11:00:00,60.18,154.21,57.48,29.04
2021-02-16 12:00:00,54.81,166.27,55.1,29.97
2021-02-16 13:00:00,47.79,192.62,57.99,30.29
2021-02-16 14:00:00,39.45,157.8,61.46,29.23
2021-02-16 15:00:00,35.37,205.79,63.96,28.22
2021-02-16 16:00:00,39.73,186.04,67.65,26.8
2021-02-16 17:00:00,43.0,176.38,72.69,25.29
2021-02-16 18:00:00,42.55,175.82,76.38,24.23
2021-02-16 19:00:00,42.92,168.0,78.82,23.7
2021-02-16 20:00:00,40.36,130.31,77.95,23.54
2021-02-16 21:00:00,41.01,107.72,72.76,23.45
2021-02-16 22:00:00,46.09,97.45,73.4,23.07
2021-02-16 23:00:00,46.83,108.04,75.03,22.74
2021-02-17 00:00:00,49.45,110.58,78.53,22.02
2021-02-17 01:00:00,50.91,102.51,81.61,21.78
2021-02-17 02:00:00,48.36,85.24,82.4,21.61
2021-02-17 03:00:00,39.01,69.94,83.84,21.33
2021-02-17 04:00:00,34.82,71.13,85.16,21.34
2021-02-17 05:00:00,39.29,65.66,86.22,20.73
2021-02-17 06:00:00,43.82,81.53,87.8,20.22
2021-02-17 07:00:00,53.29,128.14,87.37,20.46
2021-02-17 08:00:00,65.64,135.17,82.09,22.28
2021-02-17 09:00:00,70.91,127.36,69.23,25.3
2021-02-17 10:00:00,76.56,158.44,57.01,28.22
2021-02-17 11:00:00,70.16,149.69,49.98,29.39
2021-02-17 12:00:00,52.36,152.97,45.27,30.6
2021-02-17 13:00:00,45.27,148.24,47.32,30.91
2021-02-17 14:00:00,38.36,138.72,56.56,29.63
2021-02-17 15:00:00,38.08,236.18,59.03,29.02
2021-02-17 16:00:00,37.99,201.17,60.57,27.71
2021-02-17 17:00:00,43.39,217.73,64.07,26.34
2021-02-17 18:00:00,66.59,233.18,66.32,25.63
2021-02-17 19:00:00,77.09,213.97,68.23,25.18
2021-02-17 20:00:00,75.08,188.82,67.98,24.8
2021-02-17 21:00:00,78.1,184.06,71.77,23.97
2021-02-17 22:00:00,82.55,184.79,75.27,23.09
2021-02-17 23:00:00,83.82,186.21,77.14,22.55
2021-02-18 00:00:00,92.83,201.42,78.24,22.39
2021-02-18 01:00:00,98.71,187.82,78.78,22.1
2021-02-18 02:00:00,97.82,179.21,80.43,21.82
2021-02-18 03:00:00,100.46,177.79,82.23,21.71
2021-02-18 04:00:00,101.91,179.21,79.83,21.27
2021-02-18 05:00:00,96.62,160.49,78.55,21.37
2021-02-18 06:00:00,91.28,160.78,73.99,22.28
2021-02-18 07:00:00,108.12,206.53,70.11,22.72
2021-02-18 08:00:00,135.48,262.08,70.16,23.17
2021-02-18 09:00:00,152.56,312.87,61.05,25.73
2021-02-18 10:00:00,145.25,358.47,54.66,28.34
2021-02-18 11:00:00,123.62,294.43,47.6,30.48
2021-02-18 12:00:00,106.89,228.18,42.17,31.83
2021-02-18 13:00:00,99.19,384.76,42.29,31.88
2021-02-18 14:00:00,94.29,293.56,47.94,31.45
2021-02-18 15:00:00,92.2,232.5,52.47,30.58
2021-02-18 16:00:00,99.72,252.54,53.47,29.77
2021-02-18 17:00:00,91.08,218.92,58.92,28.63
2021-02-18 18:00:00,82.63,207.0,63.71,27.57
2021-02-18 19:00:00,83.28,198.62,64.93,26.8
2021-02-18 20:00:00,89.64,219.03,62.74,25.78
2021-02-18 21:00:00,68.03,306.65,66.21,24.05
2021-02-18 22:00:00,36.55,192.0,68.61,23.53
2021-02-18 23:00:00,35.09,91.88,69.67,23.3
2021-02-19 00:00:00,36.28,75.69,65.93,23.43
2021-02-19 01:00:00,33.99,60.78,65.3,23.46
2021-02-19 02:00:00,37.57,76.17,67.92,22.94
2021-02-19 03:00:00,41.26,66.83,68.06,22.6
2021-02-19 04:00:00,42.02,65.91,69.13,22.21
2021-02-19 05:00:00,49.45,70.08,66.12,22.35
2021-02-19 06:00:00,40.81,67.08,62.5,22.71
2021-02-19 07:00:00,35.63,59.6,61.31,22.93
2021-02-19 08:00:00,37.64,70.12,61.98,23.31
2021-02-19 09:00:00,48.34,94.68,58.65,25.16
2021-02-19 10:00:00,56.0,160.86,50.99,27.7
2021-02-19 11:00:00,49.62,153.22,43.62,29.89
2021-02-19 12:00:00,42.0,112.47,39.98,31.05
2021-02-19 13:00:00,38.36,87.24,39.16,31.33
2021-02-19 14:00:00,33.09,85.42,38.34,31.4
2021-02-19 15:00:00,37.01,112.1,37.87,31.34
2021-02-19 16:00:00,40.27,146.18,48.9,30.08
2021-02-19 17:00:00,39.73,206.12,56.89,28.14
2021-02-19 18:00:00,44.38,169.47,57.67,27.29
2021-02-19 19:00:00,47.37,155.27,53.39,26.75
2021-02-19 20:00:00,55.83,175.34,54.17,26.49
2021-02-19 21:00:00,63.55,199.81,60.2,25.14
2021-02-19 22:00:00,67.56,197.56,62.43,24.45
2021-02-19 23:00:00,68.9,171.47,63.13,24.36
2021-02-20 00:00:00,64.0,149.5,62.67,24.52
2021-02-20 01:00:00,67.19,146.85,59.64,24.56
2021-02-20 02:00:00,65.99,125.9,59.22,24.06
2021-02-20 03:00:00,57.27,104.66,60.81,23.31
2021-02-20 04:00:00,51.72,91.06,61.11,23.15
2021-02-20 05:00:00,46.72,82.17,61.98,22.73
2021-02-20 06:00:00,44.0,73.58,59.34,22.78
2021-02-20 07:00:00,43.55,70.64,57.47,22.84
2021-02-20 08:00:00,40.72,73.57,55.7,23.77
2021-02-20 09:00:00,46.2,101.31,48.27,26.6
2021-02-20 10:00:00,41.88,137.18,37.36,29.64
2021-02-20 11:00:00,25.0,157.98,35.72,30.35
2021-02-20 12:00:00,27.28,128.35,35.46,30.62
2021-02-20 13:00:00,31.82,169.69,33.5,31.16
2021-02-20 14:00:00,28.99,142.4,31.75,31.58
2021-02-20 15:00:00,24.82,147.78,30.87,31.74
2021-02-20 16:00:00,26.09,128.29,30.59,31.41
2021-02-20 17:00:00,25.0,108.2,45.01,29.27
2021-02-20 18:00:00,25.0,161.33,54.19,27.72
2021-02-20 19:00:00,28.64,140.59,47.66,27.66
2021-02-20 20:00:00,36.64,114.28,42.08,28.18
2021-02-20 21:00:00,46.01,126.55,41.27,27.95
2021-02-20 22:00:00,49.72,119.53,41.33,27.53
2021-02-20 23:00:00,46.55,127.4,40.23,27.22
2021-02-21 00:00:00,43.27,120.03,40.59,26.87
2021-02-21 01:00:00,31.39,76.99,40.91,26.46
2021-02-21 02:00:00,24.19,59.92,43.59,26.0
2021-02-21 03:00:00,28.91,60.36,46.97,25.39
2021-02-21 04:00:00,37.74,77.97,51.64,24.33
2021-02-21 05:00:00,46.55,102.76,53.25,23.79
2021-02-21 06:00:00,59.67,139.23,53.34,23.73
2021-02-21 07:00:00,73.27,140.31,52.57,23.98
2021-02-21 08:00:00,64.12,118.58,50.58,25.08
2021-02-21 09:00:00,61.1,116.13,45.7,27.37
2021-02-21 10:00:00,62.38,137.61,40.65,29.81
2021-02-21 11:00:00,52.57,148.64,37.77,31.47
2021-02-21 12:00:00,45.09,141.94,35.18,32.63
2021-02-21 13:00:00,41.72,139.28,33.66,32.97
2021-02-21 14:00:00,39.45,204.53,32.15,33.03
2021-02-21 15:00:00,36.81,170.42,30.98,33.35
2021-02-21 16:00:00,33.0,134.19,31.9,32.82
2021-02-21 17:00:00,35.27,161.03,40.94,31.11
2021-02-21 18:00:00,40.73,325.14,47.08,28.95
2021-02-21 19:00:00,44.91,232.9,40.4,29.14
2021-02-21 20:00:00,43.72,105.77,37.53,29.15
2021-02-21 21:00:00,39.63,95.13,37.2,28.84
2021-02-21 22:00:00,38.0,79.39,42.39,27.28
2021-02-21 23:00:00,47.11,129.96,51.58,25.12
2021-02-22 00:00:00,55.73,137.81,53.08,24.81
2021-02-22 01:00:00,54.37,111.5,54.29,24.86
2021-02-22 02:00:00,57.82,117.78,52.06,25.51
2021-02-22 03:00:00,62.27,117.94,51.43,25.49
2021-02-22 04:00:00,64.09,104.98,53.99,24.93
2021-02-22 05:00:00,62.09,107.04,52.34,24.98
2021-02-22 06:00:00,62.81,100.14,50.2,25.41
2021-02-22 07:00:00,64.55,101.05,51.32,25.27
2021-02-22 08:00:00,64.45,111.34,50.77,26.0
2021-02-22 09:00:00,73.66,178.88,48.3,28.17
2021-02-22 10:00:00,84.0,227.47,42.86,31.35
2021-02-22 11:00:00,70.33,188.36,39.34,33.0
2021-02-22 12:00:00,54.45,151.73,37.97,33.65
2021-02-22 13:00:00,55.91,187.07,35.78,34.16
2021-02-22 14:00:00,49.71,264.94,31.82,34.59
2021-02-22 15:00:00,46.04,323.59,39.27,33.75
2021-02-22 16:00:00,58.83,464.77,44.25,31.86
2021-02-22 17:00:00,57.95,333.52,46.78,30.63
2021-02-22 18:00:00,42.47,206.24,53.31,29.12
2021-02-22 19:00:00,39.27,283.71,52.86,28.41
2021-02-22 20:00:00,37.9,170.64,49.77,28.22
2021-02-22 21:00:00,33.91,101.72,50.7,28.11
2021-02-22 22:00:00,38.64,115.28,57.38,26.72
2021-02-22 23:00:00,48.5,129.42,60.19,25.84
2021-02-23 00:00:00,58.17,129.33,60.89,24.95
2021-02-23 01:00:00,54.26,94.84,60.26,24.23
2021-02-23 02:00:00,43.19,74.79,60.08,23.82
2021-02-23 03:00:00,42.37,64.66,60.8,23.46
2021-02-23 04:00:00,43.55,61.0,62.06,23.29
2021-02-23 05:00:00,45.73,70.31,63.8,23.05
2021-02-23 06:00:00,56.74,87.83,63.72,22.68
2021-02-23 07:00:00,74.2,127.58,61.98,23.4
2021-02-23 08:00:00,108.03,172.95,57.06,25.25
2021-02-23 09:00:00,131.99,238.05,51.42,28.44
2021-02-23 10:00:00,126.91,244.18,43.14,31.58
2021-02-23 11:00:00,114.42,228.79,39.8,33.28
2021-02-23 12:00:00,107.06,327.74,37.59,33.89
2021-02-23 13:00:00,98.98,377.58,34.19,34.43
2021-02-23 14:00:00,68.71,218.44,34.12,34.87
2021-02-23 15:00:00,76.77,276.86,39.59,34.06
2021-02-23 16:00:00,93.36,312.64,40.56,32.88
2021-02-23 17:00:00,87.63,291.04,48.45,31.16
2021-02-23 18:00:00,78.75,271.24,47.65,29.59
2021-02-23 19:00:00,76.79,565.23,40.28,29.52
2021-02-23 20:00:00,68.14,383.25,39.97,29.46
2021-02-23 21:00:00,57.57,150.99,46.41,27.89
2021-02-23 22:00:00,71.73,152.0,53.11,26.28
2021-02-23 23:00:00,76.37,187.97,56.19,25.45
2021-02-24 00:00:00,78.45,170.17,58.28,24.84
2021-02-24 01:00:00,75.79,143.01,57.11,24.74
2021-02-24 02:00:00,73.36,125.09,57.02,24.4
2021-02-24 03:00:00,73.64,113.22,58.91,23.74
2021-02-24 04:00:00,72.45,113.85,59.39,23.93
2021-02-24 05:00:00,80.75,144.75,62.1,23.18
2021-02-24 06:00:00,95.89,173.53,63.45,23.05
2021-02-24 07:00:00,100.73,185.31,61.26,23.76
2021-02-24 08:00:00,108.41,221.31,59.41,25.24
2021-02-24 09:00:00,130.11,429.39,51.36,28.35
2021-02-24 10:00:00,131.49,344.5,41.46,31.76
2021-02-24 11:00:00,107.7,232.53,34.96,34.13
2021-02-24 12:00:00,86.17,261.44,30.03,35.43
2021-02-24 13:00:00,75.72,287.31,29.03,35.47
2021-02-24 14:00:00,71.18,363.04,31.21,35.36
2021-02-24 15:00:00,75.83,394.06,36.42,34.51
2021-02-24 16:00:00,80.81,319.06,36.56,33.33
2021-02-24 17:00:00,71.99,249.2,38.27,31.56
2021-02-24 18:00:00,65.55,267.29,36.87,31.04
2021-02-24 19:00:00,69.56,453.83,36.09,30.64
2021-02-24 20:00:00,68.62,399.42,37.95,29.84
2021-02-24 21:00:00,61.91,185.97,39.05,29.25
2021-02-24 22:00:00,68.01,155.13,44.24,27.41
2021-02-24 23:00:00,69.47,149.02,36.64,29.21
2021-02-25 00:00:00,59.02,101.83,42.17,27.59
2021-02-25 01:00:00,47.57,84.39,48.16,25.42
2021-02-25 02:00:00,44.19,76.45,50.89,24.83
2021-02-25 03:00:00,43.47,66.79,53.87,24.28
2021-02-25 04:00:00,45.7,79.69,58.06,23.75
2021-02-25 05:00:00,51.81,96.0,59.45,23.32
2021-02-25 06:00:00,53.88,110.42,61.7,23.25
2021-02-25 07:00:00,66.89,153.14,60.99,23.52
2021-02-25 08:00:00,90.4,220.36,55.41,25.3
2021-02-25 09:00:00,115.44,244.72,47.65,28.47
2021-02-25 10:00:00,128.8,271.59,37.61,33.33
2021-02-25 11:00:00,137.0,345.89,34.22,34.23
2021-02-25 12:00:00,134.58333333333334,341.85291666666666,34.089999999999996,34.218333333333334
2021-02-25 13:00:00,132.16666666666666,337.81583333333333,33.96,34.20666666666666
2021-02-25 14:00:00,129.75,333.77875,33.83,34.195
2021-02-25 15:00:00,127.33333333333333,329.7416666666667,33.7,34.18333333333333
2021-02-25 16:00:00,124.91666666666667,325.70458333333335,33.57,34.17166666666667
2021-02-25 17:00:00,122.5,321.6675,33.44,34.16
2021-02-25 18:00:00,120.08333333333334,317.63041666666663,33.31,34.14833333333333
2021-02-25 19:00:00,117.66666666666667,313.5933333333333,33.18,34.13666666666666
2021-02-25 20:00:00,115.25,309.55625,33.05,34.125
2021-02-25 21:00:00,112.83333333333334,305.51916666666665,32.92,34.11333333333333
2021-02-25 22:00:00,110.41666666666667,301.4820833333333,32.79,34.10166666666667
2021-02-25 23:00:00,108.0,297.445,32.66,34.09
2021-02-26 00:00:00,105.58333333333334,293.40791666666667,32.53,34.07833333333333
2021-02-26 01:00:00,103.16666666666667,289.37083333333334,32.4,34.06666666666667
2021-02-26 02:00:00,100.75,285.33375,32.27,34.055
2021-02-26 03:00:00,98.33333333333334,281.2966666666667,32.14,34.04333333333334
2021-02-26 04:00:00,95.91666666666667,277.25958333333335,32.01,34.031666666666666
2021-02-26 05:00:00,93.5,273.22249999999997,31.880000000000003,34.02
2021-02-26 06:00:00,91.08333333333334,269.1854166666667,31.75,34.00833333333333
2021-02-26 07:00:00,88.66666666666667,265.1483333333333,31.62,33.99666666666667
2021-02-26 08:00:00,86.25,261.11125,31.490000000000002,33.985
2021-02-26 09:00:00,83.83333333333334,257.07416666666666,31.36,33.973333333333336
2021-02-26 10:00:00,81.41666666666667,253.03708333333333,31.23,33.961666666666666
2021-02-26 11:00:00,79.0,249.0,31.1,33.95
2021-02-26 12:00:00,63.05,223.5,28.8,33.64
2021-02-26 13:00:00,38.53,177.47,30.45,34.01
2021-02-26 14:00:00,36.53,150.67,35.89,34.08
2021-02-26 15:00:00,37.47,168.19,34.45,33.37
2021-02-26 16:00:00,31.55,201.53,31.98,32.3
2021-02-26 17:00:00,36.92,242.8,31.39,30.85
2021-02-26 18:00:00,39.02,243.32,29.13,29.99
2021-02-26 19:00:00,112.72,275.53,36.96,28.56
2021-02-26 20:00:00,157.74,210.5,38.55,28.27
2021-02-26 21:00:00,77.53,114.94,48.52,27.21
2021-02-26 22:00:00,46.76,126.6,62.22,25.95
2021-02-26 23:00:00,38.0,111.26,64.51,24.57
2021-02-27 00:00:00,32.56,128.03,60.02,24.09
2021-02-27 01:00:00,27.82,166.82,60.83,24.16
2021-02-27 02:00:00,35.43,145.63,70.04,23.13
2021-02-27 03:00:00,42.0,127.0,73.29,22.56
2021-02-27 04:00:00,38.0,91.0,74.06,21.56
2021-02-27 05:00:00,37.34,74.0,80.25,22.19
2021-02-27 06:00:00,51.67,95.5,76.495,22.47
2021-02-27 07:00:00,66.0,117.0,72.74,22.75
2021-02-27 08:00:00,68.06,191.67,67.82,23.88
2021-02-27 09:00:00,61.0,165.0,53.06,28.71
2021-02-27 10:00:00,64.62,175.22,44.7,31.11
2021-02-27 11:00:00,65.36,190.58,36.08,33.42
2021-02-27 12:00:00,52.34,226.03,32.89,34.47
2021-02-27 13:00:00,43.37,246.19,35.06,34.8
2021-02-27 14:00:00,46.36,203.72,44.09,33.96
2021-02-27 15:00:00,44.38,207.0,44.16,32.54
2021-02-27 16:00:00,44.05,354.28,41.46,31.8
2021-02-27 17:00:00,38.98,305.86,42.41,31.45
2021-02-27 18:00:00,29.72,196.0,42.16,30.97
2021-02-27 19:00:00,33.91,165.06,39.28,30.5
2021-02-27 20:00:00,31.83,134.5,34.25,30.64
2021-02-27 21:00:00,33.43,149.5,39.56,29.02
2021-02-27 22:00:00,51.33,188.17,47.73,26.97
2021-02-27 23:00:00,65.91,207.34,51.89,25.77
2021-02-28 00:00:00,68.82,184.65,55.5,25.02
2021-02-28 01:00:00,67.38,163.89,60.65,24.2
2021-02-28 02:00:00,57.57,130.84,63.62,23.53
2021-02-28 03:00:00,47.83,93.78,64.91,23.07
2021-02-28 04:00:00,43.09,88.64,64.99,22.68
2021-02-28 05:00:00,41.09,89.64,63.84,22.53
2021-02-28 06:00:00,39.55,79.89,63.7,22.33
2021-02-28 07:00:00,43.08,89.78,63.45,23.26
2021-02-28 08:00:00,56.2,120.0,59.15,25.14
2021-02-28 09:00:00,79.13,179.64,47.18,28.65
2021-02-28 10:00:00,82.7,191.31,37.1,32.42
2021-02-28 11:00:00,66.64,209.24,32.05,35.07
2021-02-28 12:00:00,65.91,222.08,26.95,36.4
2021-02-28 13:00:00,55.61,266.36,23.37,36.81
2021-02-28 14:00:00,46.53,231.04,33.53,35.77
2021-02-28 15:00:00,52.0,186.14,36.34,34.81
2021-02-28 16:00:00,52.0,196.94,34.95,33.44
2021-02-28 17:00:00,51.666666666666664,198.62666666666667,34.050000000000004,32.666666666666664
2021-02-28 18:00:00,51.333333333333336,200.31333333333333,33.15,31.893333333333334
2021-02-28 19:00:00,51.0,202.0,32.25,31.12
2021-02-28 20:00:00,51.0,202.0,39.8,29.38
2021-02-28 21:00:00,59.0,165.0,44.63,28.06
2021-02-28 22:00:00,55.85,140.72,46.97,27.01
2021-02-28 23:00:00,49.72,143.68,44.82,26.74
2021-03-01 00:00:00,43.85,96.22,44.57,26.46
2021-03-01 01:00:00,40.91,83.21,42.7,27.09
2021-03-01 02:00:00,35.21,65.28,42.59,26.82
2021-03-01 03:00:00,28.37,56.55,40.96,27.65
2021-03-01 04:00:00,32.73,54.15,42.2,27.68
2021-03-01 05:00:00,34.64,62.22,47.16,26.76
2021-03-01 06:00:00,38.43,83.4,55.79,24.78
2021-03-01 07:00:00,55.41,126.5,53.36,25.14
2021-03-01 08:00:00,77.96,178.08,49.03,26.76
2021-03-01 09:00:00,82.75,208.14,41.63,30.56
2021-03-01 10:00:00,65.85,206.06,36.86,33.55
2021-03-01 11:00:00,46.95,184.39,32.77,35.39
2021-03-01 12:00:00,36.45,160.28,28.46,36.31
2021-03-01 13:00:00,31.57,144.33,30.5,37.05
2021-03-01 14:00:00,38.13,145.75,37.7,36.09
2021-03-01 15:00:00,54.91,168.17,38.17,35.11
2021-03-01 16:00:00,53.28,149.61,37.48,33.89
2021-03-01 17:00:00,54.08,166.22,42.8,32.69
2021-03-01 18:00:00,56.73,211.95,46.63,31.66
2021-03-01 19:00:00,53.09,196.33,36.97,32.1
2021-03-01 20:00:00,42.04,219.25,26.51,32.92
2021-03-01 21:00:00,34.98,149.36,32.92,31.76
2021-03-01 22:00:00,41.45,115.53,37.16,31.3
2021-03-01 23:00:00,42.0,140.76,38.74,30.82
2021-03-02 00:00:00,40.19,176.59,39.6,30.25
2021-03-02 01:00:00,36.19,146.64,38.83,30.05
2021-03-02 02:00:00,34.45,117.79,40.7,29.16
2021-03-02 03:00:00,35.45,108.97,48.23,26.58
2021-03-02 04:00:00,39.62,109.49,54.14,25.0
2021-03-02 05:00:00,42.19,107.51,49.29,25.87
2021-03-02 06:00:00,39.09,106.92,43.84,26.98
2021-03-02 07:00:00,45.7,140.08,53.98,25.05
2021-03-02 08:00:00,68.21,184.83,54.34,26.58
2021-03-02 09:00:00,106.32,301.58,43.17,30.87
2021-03-02 10:00:00,113.53,432.79,22.75,34.3
2021-03-02 11:00:00,63.74,365.77,17.48,36.16
2021-03-02 12:00:00,25.21,205.61,13.49,37.2
2021-03-02 13:00:00,17.0,118.06,22.32,36.76
2021-03-02 14:00:00,24.25,188.17,25.13,35.21
2021-03-02 15:00:00,33.91,311.22,25.9,34.46
2021-03-02 16:00:00,34.55,290.39,30.32,33.34
2021-03-02 17:00:00,34.91,342.27,29.74,32.49
2021-03-02 18:00:00,36.91,508.56,27.6,31.51
2021-03-02 19:00:00,39.81,493.22,24.94,30.77
2021-03-02 20:00:00,34.3,307.08,22.05,30.44
2021-03-02 21:00:00,30.43,159.3,28.02,28.66
2021-03-02 22:00:00,48.77,133.0,33.6,26.32
2021-03-02 23:00:00,63.91,161.97,33.89,26.12
2021-03-03 00:00:00,62.75,144.17,29.75,27.06
2021-03-03 01:00:00,58.64,122.58,30.84,25.87
2021-03-03 02:00:00,55.19,106.22,31.03,25.91
2021-03-03 03:00:00,60.7,110.5,40.05,24.84
2021-03-03 04:00:00,69.55,119.56,45.6,23.37
2021-03-03 05:00:00,70.81,126.11,49.25,22.74
2021-03-03 06:00:00,71.63,127.72,47.33,23.14
2021-03-03 07:00:00,77.7,178.11,44.56,23.69
2021-03-03 08:00:00,92.89,200.61,40.02,25.61
2021-03-03 09:00:00,101.36,223.83,35.17,28.94
2021-03-03 10:00:00,103.91,365.5,27.26,32.74
2021-03-03 11:00:00,91.42,280.47,24.36,35.52
2021-03-03 12:00:00,75.91,266.75,21.53,36.5
2021-03-03 13:00:00,64.78,257.25,19.14,37.4
2021-03-03 14:00:00,45.02,198.61,16.09,37.79
2021-03-03 15:00:00,36.73,212.53,22.73,36.98
2021-03-03 16:00:00,60.26,397.44,31.31,35.22
2021-03-03 17:00:00,82.49,316.67,42.38,32.67
2021-03-03 18:00:00,71.45,201.5,52.0,30.25
2021-03-03 19:00:00,67.92,173.17,52.84,29.3
2021-03-03 20:00:00,66.62,173.03,56.63,28.32
2021-03-03 21:00:00,77.79,219.81,59.59,27.07
2021-03-03 22:00:00,94.15,248.47,62.29,26.27
2021-03-03 23:00:00,107.62,293.35,67.91,25.85
2021-03-04 00:00:00,101.2,260.38,69.54,25.07
2021-03-04 01:00:00,90.73,222.88,71.14,24.48
2021-03-04 02:00:00,91.28,200.19,70.48,24.08
2021-03-04 03:00:00,85.27,182.0,71.39,24.16
2021-03-04 04:00:00,84.27,178.64,69.81,24.02
2021-03-04 05:00:00,87.45,177.08,68.73,24.33
2021-03-04 06:00:00,97.06,200.28,55.08,24.89
2021-03-04 07:00:00,115.25,217.85,51.91,24.83
2021-03-04 08:00:00,131.25,252.72,52.34,25.84
2021-03-04 09:00:00,144.53,328.5,40.23,29.61
2021-03-04 10:00:00,132.34,359.72,27.51,34.09
2021-03-04 11:00:00,102.4,280.72,22.81,36.36
2021-03-04 12:00:00,69.5,313.67,17.04,36.99
2021-03-04 13:00:00,36.57,254.5,16.08,37.45
2021-03-04 14:00:00,32.25,160.31,21.55,37.07
2021-03-04 15:00:00,47.68,293.42,25.21,35.53
2021-03-04 16:00:00,55.3,252.43,24.57,34.49
2021-03-04 17:00:00,43.73,185.81,27.23,33.78
2021-03-04 18:00:00,39.64,232.77,22.23,33.9
2021-03-04 19:00:00,34.38,180.14,21.68,33.74
2021-03-04 20:00:00,33.62,126.73,26.38,32.6
2021-03-04 21:00:00,56.68,165.44,40.58,28.9
2021-03-04 22:00:00,79.0,206.0,48.55,27.41
2021-03-04 23:00:00,82.62,255.25,53.24,26.49
2021-03-05 00:00:00,83.83,234.56,56.6,25.48
2021-03-05 01:00:00,79.84416666666667,236.98933333333335,53.385000000000005,26.465
2021-03-05 02:00:00,75.85833333333333,239.41866666666667,50.17,27.45
2021-03-05 03:00:00,71.8725,241.848,46.955,28.435
2021-03-05 04:00:00,67.88666666666667,244.27733333333333,43.74,29.419999999999998
2021-03-05 05:00:00,63.90083333333333,246.70666666666668,40.525000000000006,30.405
2021-03-05 06:00:00,59.915,249.136,37.31,31.39
2021-03-05 07:00:00,55.92916666666666,251.56533333333334,34.095,32.375
2021-03-05 08:00:00,51.94333333333333,253.99466666666666,30.880000000000003,33.36
2021-03-05 09:00:00,47.957499999999996,256.424,27.665000000000003,34.345
2021-03-05 10:00:00,43.971666666666664,258.85333333333335,24.450000000000003,35.33
2021-03-05 11:00:00,39.98583333333333,261.28266666666667,21.235000000000007,36.315
2021-03-05 12:00:00,36.0,263.712,18.02,37.3
2021-03-05 13:00:00,122.0,266.1413333333333,15.15,37.73
2021-03-05 14:00:00,208.0,268.5706666666667,31.63,35.15
2021-03-05 15:00:00,81.0,271.0,27.92,34.89
2021-03-05 16:00:00,66.51,332.33,34.09,33.63
2021-03-05 17:00:00,46.28,255.19,36.46,32.54
2021-03-05 18:00:00,43.91,229.69,35.31,31.59
2021-03-05 19:00:00,43.19,220.47,31.53,31.45
2021-03-05 20:00:00,44.15,177.44,45.61,29.39
2021-03-05 21:00:00,53.43,172.58,64.1,27.41
2021-03-05 22:00:00,61.36,170.97,77.28,26.57
2021-03-05 23:00:00,63.0,158.69,80.91,25.91
2021-03-06 00:00:00,63.0,143.82,81.93,25.78
2021-03-06 01:00:00,63.91,244.23,74.15,26.12
2021-03-06 02:00:00,65.45,223.86,77.67,25.61
2021-03-06 03:00:00,63.3,149.25,85.91,25.11
2021-03-06 04:00:00,54.57,110.0,89.04,24.76
2021-03-06 05:00:00,48.0,81.44,90.3,24.31
2021-03-06 06:00:00,63.6,98.56,91.23,24.1
2021-03-06 07:00:00,89.39,153.97,91.79,24.54
2021-03-06 08:00:00,107.09,179.19,88.78,25.7
2021-03-06 09:00:00,96.04,175.91,78.59,28.33
2021-03-06 10:00:00,82.19,221.98,65.65,30.8
2021-03-06 11:00:00,73.17,211.03,54.61,32.08
2021-03-06 12:00:00,68.15,189.64,50.8,33.36
2021-03-06 13:00:00,83.77,232.17,57.97,33.34
2021-03-06 14:00:00,88.1,215.11,54.46,32.98
2021-03-06 15:00:00,74.18,238.64,49.62,32.51
2021-03-06 16:00:00,63.34,278.42,48.37,31.69
2021-03-06 17:00:00,49.03,270.0,53.04,30.51
2021-03-06 18:00:00,42.63,259.73,50.23,29.59
2021-03-06 19:00:00,41.0,220.83,48.44,28.91
2021-03-06 20:00:00,37.83,168.25,59.16,27.74
2021-03-06 21:00:00,33.09,136.67,65.49,26.64
2021-03-06 22:00:00,39.2,133.72,64.4,25.54
2021-03-06 23:00:00,52.53,159.4,67.28,24.62
2021-03-07 00:00:00,53.02,157.37,67.41,23.88
2021-03-07 01:00:00,44.75,149.64,68.99,23.38
2021-03-07 02:00:00,44.25,128.92,71.86,23.1
2021-03-07 03:00:00,42.02,106.14,71.66,22.71
2021-03-07 04:00:00,38.7,104.48,76.7,22.62
2021-03-07 05:00:00,46.08,117.81,72.97,23.38
2021-03-07 06:00:00,60.51,140.61,71.88,23.25
2021-03-07 07:00:00,78.79,171.72,72.74,23.6
2021-03-07 08:00:00,83.38,196.14,65.54,25.49
2021-03-07 09:00:00,80.36,205.56,53.31,29.34
2021-03-07 10:00:00,83.35,352.67,37.21,32.86
2021-03-07 11:00:00,67.34,261.34,24.62,34.97
2021-03-07 12:00:00,45.55,156.89,22.9,35.52
2021-03-07 13:00:00,40.47,169.97,21.67,35.38
2021-03-07 14:00:00,28.66,128.53,21.19,34.96
2021-03-07 15:00:00,21.0,124.17,22.61,34.22
2021-03-07 16:00:00,21.0,123.31,25.62,33.28
2021-03-07 17:00:00,19.64,93.92,31.64,31.62
2021-03-07 18:00:00,21.6,109.59,32.31,30.54
2021-03-07 19:00:00,24.64,137.5,32.3,29.8
2021-03-07 20:00:00,20.3,90.2,33.82,28.89
2021-03-07 21:00:00,20.6,59.2,39.34,26.86
2021-03-07 22:00:00,28.15,76.9,44.83,25.74
2021-03-07 23:00:00,33.36,95.58,44.85,24.66
2021-03-08 00:00:00,37.72,99.09,44.34,23.95
2021-03-08 01:00:00,36.92,76.28,40.18,24.13
2021-03-08 02:00:00,26.12,55.09,38.88,24.1
2021-03-08 03:00:00,18.55,49.36,38.95,23.63
2021-03-08 04:00:00,16.63,47.45,41.8,22.63
2021-03-08 05:00:00,18.17,43.17,44.42,22.45
2021-03-08 06:00:00,26.98,54.42,45.22,22.99
2021-03-08 07:00:00,46.58,106.53,46.44,23.65
2021-03-08 08:00:00,98.32,242.05,45.09,25.16
2021-03-08 09:00:00,152.77,361.22,39.66,28.95
2021-03-08 10:00:00,153.42,392.36,31.51,33.44
2021-03-08 11:00:00,113.6,326.83,25.45,34.55
2021-03-08 12:00:00,74.2,230.58,25.67,34.85
2021-03-08 13:00:00,55.12,171.56,24.3,35.5
2021-03-08 14:00:00,41.21,167.0,28.96,35.45
2021-03-08 15:00:00,35.27,233.22,37.47,33.88
2021-03-08 16:00:00,32.12,243.37,41.66,32.88
2021-03-08 17:00:00,24.09,191.39,46.8,31.46
2021-03-08 18:00:00,26.17,240.88,51.39,30.18
2021-03-08 19:00:00,31.36,240.47,52.73,29.38
2021-03-08 20:00:00,33.45,142.89,57.91,27.95
2021-03-08 21:00:00,33.55,109.31,60.96,26.63
2021-03-08 22:00:00,37.08,134.35,57.41,25.56
2021-03-08 23:00:00,44.25,144.09,58.6,25.27
2021-03-09 00:00:00,44.75,147.45,62.88,25.16
2021-03-09 01:00:00,42.0,114.86,70.05,24.6
2021-03-09 02:00:00,37.05,100.09,74.02,24.67
2021-03-09 03:00:00,28.28,75.53,68.84,24.93
2021-03-09 04:00:00,31.79,90.67,75.1,24.1
2021-03-09 05:00:00,40.45,104.18,77.12,23.31
2021-03-09 06:00:00,40.55,98.17,76.56,23.02
2021-03-09 07:00:00,43.17,132.42,74.57,23.48
2021-03-09 08:00:00,53.34,154.92,66.78,25.4
2021-03-09 09:00:00,78.66,203.28,52.85,28.77
2021-03-09 10:00:00,108.55,359.06,46.61,30.6
2021-03-09 11:00:00,110.85,336.58,39.63,33.09
2021-03-09 12:00:00,84.8,295.36,26.13,34.61
2021-03-09 13:00:00,56.45,223.14,24.09,36.03
2021-03-09 14:00:00,48.72,200.9,34.81,35.41
2021-03-09 15:00:00,52.45,228.06,33.69,34.5
2021-03-09 16:00:00,53.0,238.56,35.25,33.8
2021-03-09 17:00:00,51.0,240.0,35.8,32.88
2021-03-09 18:00:00,49.0,240.0,38.79,31.95
2021-03-09 19:00:00,49.0,196.0,40.05,30.86
2021-03-09 20:00:00,47.2,153.38,40.07,29.54
2021-03-09 21:00:00,53.15,148.08,42.58,28.36
2021-03-09 22:00:00,70.65,168.58,45.57,27.09
2021-03-09 23:00:00,81.81,196.26,47.41,26.34
2021-03-10 00:00:00,79.05,181.65,49.49,25.77
2021-03-10 01:00:00,69.4,145.65,50.86,25.65
2021-03-10 02:00:00,63.2,140.39,56.42,25.55
2021-03-10 03:00:00,48.85,116.53,66.66,25.1
2021-03-10 04:00:00,29.05,82.55,67.91,25.12
2021-03-10 05:00:00,36.5,89.25,66.39,24.61
2021-03-10 06:00:00,67.4,150.75,70.14,23.8
2021-03-10 07:00:00,80.95,180.77,67.43,24.35
2021-03-10 08:00:00,72.4,175.91,60.26,26.55
2021-03-10 09:00:00,68.0,183.94,54.5,28.76
2021-03-10 10:00:00,69.0,198.95499999999998,43.5,31.85
2021-03-10 11:00:00,70.0,213.97,32.5,34.94
2021-03-10 12:00:00,71.0,228.985,27.19,35.66
2021-03-10 13:00:00,57.87,244.0,31.98,35.58
2021-03-10 14:00:00,44.72,190.72,42.69,34.87
2021-03-10 15:00:00,48.91,220.16,42.88,33.81
2021-03-10 16:00:00,45.95,237.09,45.58,32.45
2021-03-10 17:00:00,40.55,198.92,43.91,31.37
2021-03-10 18:00:00,41.8,240.69,46.4,30.49
2021-03-10 19:00:00,47.17,283.31,48.91,29.51
2021-03-10 20:00:00,47.4,314.5,44.1,29.34
2021-03-10 21:00:00,48.88,224.41,49.16,27.9
2021-03-10 22:00:00,61.85,176.1,53.4,26.46
2021-03-10 23:00:00,69.91,228.8,55.53,25.79
2021-03-11 00:00:00,70.55,236.0,58.2,25.16
2021-03-11 01:00:00,68.19,178.67,61.06,25.06
2021-03-11 02:00:00,64.19,139.19,64.43,25.42
2021-03-11 03:00:00,45.8,88.11,57.28,26.27
2021-03-11 04:00:00,15.46,55.45,61.09,25.02
2021-03-11 05:00:00,32.20666666666666,57.0,64.19,23.7
2021-03-11 06:00:00,48.95333333333333,67.36,67.32,23.35
2021-03-11 07:00:00,65.7,112.35,67.8,23.46
2021-03-11 08:00:00,104.24,157.63,66.93,25.94
2021-03-11 09:00:00,142.0,176.26,48.72,30.2
2021-03-11 10:00:00,127.16,273.89,36.26,33.18
2021-03-11 11:00:00,91.97333333333333,209.22,37.0,34.13
2021-03-11 12:00:00,56.78666666666666,153.25,42.69,33.54
2021-03-11 13:00:00,21.6,195.16,46.94,32.51
2021-03-11 14:00:00,24.45,162.86,45.43,32.0
2021-03-11 15:00:00,24.55,140.27,45.38,31.46
2021-03-11 16:00:00,28.05,218.19,46.56,30.61
2021-03-11 17:00:00,29.4,195.39,50.47,29.23
2021-03-11 18:00:00,25.9,124.02,61.53,27.81
2021-03-11 19:00:00,27.0,107.19,71.61,26.62
2021-03-11 20:00:00,25.2,77.06,68.22,26.18
2021-03-11 21:00:00,23.45,62.2,60.48,25.86
2021-03-11 22:00:00,26.7,92.11,61.0,25.16
2021-03-11 23:00:00,31.36,96.5,65.82,24.62
2021-03-12 00:00:00,36.6,109.08,67.09,24.42
2021-03-12 01:00:00,34.66,85.65,61.02,24.27
2021-03-12 02:00:00,24.75,65.36,42.53,25.17
2021-03-12 03:00:00,18.38,41.47,50.34,24.57
2021-03-12 04:00:00,12.2,28.0,61.11,23.18
2021-03-12 05:00:00,10.0,36.91,68.75,22.52
2021-03-12 06:00:00,10.9,39.45,76.17,22.21
2021-03-12 07:00:00,15.62,68.94,78.82,22.96
2021-03-12 08:00:00,37.55,159.42,70.2,25.29
2021-03-12 09:00:00,60.81,214.31,58.31,28.98
2021-03-12 10:00:00,62.55,295.33,38.51,32.52
2021-03-12 11:00:00,50.68,230.86,26.71,33.41
2021-03-12 12:00:00,32.5,164.53,27.8,33.37
2021-03-12 13:00:00,27.0,159.5,25.35,34.16
2021-03-12 14:00:00,31.0,153.0,44.59,33.05
2021-03-12 15:00:00,31.5,241.0,44.57,32.46
2021-03-12 16:00:00,32.0,241.0,47.56,32.34
2021-03-12 17:00:00,30.65,157.0,43.43,31.47
2021-03-12 18:00:00,29.91,175.45,43.11,30.79
2021-03-12 19:00:00,35.95,180.28,29.14,31.28
2021-03-12 20:00:00,43.8,136.29,31.52,30.96
2021-03-12 21:00:00,53.2,112.36,39.61,28.54
2021-03-12 22:00:00,61.1,176.53,40.63,27.77
2021-03-12 23:00:00,61.8,167.2,42.1,27.03
2021-03-13 00:00:00,78.4,157.61,46.03,26.07
2021-03-13 01:00:00,82.95,154.28,50.05,25.74
2021-03-13 02:00:00,72.43,134.28,58.28,24.97
2021-03-13 03:00:00,69.94,127.0,50.05,26.4
2021-03-13 04:00:00,60.8,106.64,49.77,26.38
2021-03-13 05:00:00,61.2,108.42,53.66,26.27
2021-03-13 06:00:00,61.72,126.81,52.27,26.05
2021-03-13 07:00:00,62.28,136.82,47.92,26.73
2021-03-13 08:00:00,73.4,215.97,57.84,26.86
2021-03-13 09:00:00,96.85,319.16,46.7,29.7
2021-03-13 10:00:00,104.45,298.0,34.58,32.59
2021-03-13 11:00:00,86.44,250.0,26.2,34.43
2021-03-13 12:00:00,64.45,307.43,23.49,35.47
2021-03-13 13:00:00,56.4,238.77,19.79,36.52
2021-03-13 14:00:00,41.47,160.37,19.77,36.58
2021-03-13 15:00:00,41.85,218.28,23.89,36.05
2021-03-13 16:00:00,56.65,267.58,32.84,34.47
2021-03-13 17:00:00,64.65,299.83,39.69,31.81
2021-03-13 18:00:00,66.62,431.41,48.87,30.19
2021-03-13 19:00:00,67.85,385.41,47.12,29.55
2021-03-13 20:00:00,60.38,251.03,37.23,30.21
2021-03-13 21:00:00,51.53,163.93,33.61,30.24
2021-03-13 22:00:00,54.55,138.28,43.77,27.9
2021-03-13 23:00:00,68.6,179.71,44.77,26.77
2021-03-14 00:00:00,67.6,169.92,40.39,27.55
2021-03-14 01:00:00,57.85,135.03,45.08,25.68
2021-03-14 02:00:00,54.0,115.78,48.09,25.15
2021-03-14 03:00:00,81.0,125.33,50.58,24.84
2021-03-14 04:00:00,89.7,127.0,53.36,24.18
2021-03-14 05:00:00,59.55,117.28,53.6,24.2
2021-03-14 06:00:00,65.79,138.81,54.52,24.78
2021-03-14 07:00:00,73.55,139.58,57.51,24.52
2021-03-14 08:00:00,77.5,167.14,49.99,26.66
2021-03-14 09:00:00,102.8,216.26,40.79,29.74
2021-03-14 10:00:00,140.58,339.23,32.53,33.06
2021-03-14 11:00:00,145.75,342.5,28.4,34.46
2021-03-14 12:00:00,139.65,231.42,26.22,35.61
2021-03-14 13:00:00,144.05,180.61,27.44,35.96
2021-03-14 14:00:00,113.25,168.73,33.24,35.07
2021-03-14 15:00:00,81.2,186.9,31.14,34.18
2021-03-14 16:00:00,75.85,185.37,32.65,33.6
2021-03-14 17:00:00,66.57,167.46,34.14,32.99
2021-03-14 18:00:00,61.35,173.45,37.74,32.1
2021-03-14 19:00:00,63.0,155.19,36.31,31.3
2021-03-14 20:00:00,58.5,117.47,36.04,30.3
2021-03-14 21:00:00,62.0,124.44,44.72,28.25
2021-03-14 22:00:00,76.15,155.72,46.52,27.35
2021-03-14 23:00:00,84.95,172.09,45.41,26.76
2021-03-15 00:00:00,82.95,148.28,45.12,26.41
2021-03-15 01:00:00,69.41,123.46,48.28,25.73
2021-03-15 02:00:00,67.7,120.5,49.85,25.15
2021-03-15 03:00:00,71.45,116.61,48.06,26.03
2021-03-15 04:00:00,72.45,126.36,50.09,25.58
2021-03-15 05:00:00,70.75,137.82,60.39,24.63
2021-03-15 06:00:00,69.35,146.36,64.27,24.09
2021-03-15 07:00:00,74.57,167.25,65.66,24.36
2021-03-15 08:00:00,85.3,208.81,56.47,27.04
2021-03-15 09:00:00,99.75,230.82,42.94,30.53
2021-03-15 10:00:00,106.65,258.44,37.62,33.96
2021-03-15 11:00:00,95.1,260.28,27.84,35.3
2021-03-15 12:00:00,72.2,226.28,24.0,36.19
2021-03-15 13:00:00,54.08,198.28,30.49,36.16
2021-03-15 14:00:00,50.7,194.82,28.95,35.46
2021-03-15 15:00:00,57.15,204.0,31.09,34.13
2021-03-15 16:00:00,63.7,283.06,34.08,33.57
2021-03-15 17:00:00,58.45,238.85,30.75,33.16
2021-03-15 18:00:00,43.5,218.26,26.9,32.62
2021-03-15 19:00:00,36.2,206.38,22.02,32.68
2021-03-15 20:00:00,29.05,153.1,20.72,32.91
2021-03-15 21:00:00,24.8,86.2,25.84,31.5
2021-03-15 22:00:00,39.15,106.64,35.02,28.02
2021-03-15 23:00:00,54.45,138.72,36.79,26.79
2021-03-16 00:00:00,58.58,127.37,37.62,26.59
2021-03-16 01:00:00,57.15,110.77,38.4,25.77
2021-03-16 02:00:00,51.8,107.27,41.08,25.41
2021-03-16 03:00:00,51.3,98.42,39.01,25.25
2021-03-16 04:00:00,40.8,79.64,39.04,25.55
2021-03-16 05:00:00,26.6,63.73,43.73,24.79
2021-03-16 06:00:00,27.2,69.18,47.83,24.06
2021-03-16 07:00:00,45.0,118.25,49.84,24.37
2021-03-16 08:00:00,63.2,169.72,48.71,27.09
2021-03-16 09:00:00,73.79,260.78,34.98,31.35
2021-03-16 10:00:00,65.2,217.48,25.71,34.42
2021-03-16 11:00:00,82.1,223.24,22.09,35.42
2021-03-16 12:00:00,99.0,229.0,20.71,35.64
2021-03-16 13:00:00,72.0,203.56,24.29,35.84
2021-03-16 14:00:00,44.4,158.47,34.32,35.16
2021-03-16 15:00:00,55.95,182.35,34.69,34.12
2021-03-16 16:00:00,66.53,228.9,34.21,33.67
2021-03-16 17:00:00,60.3,224.19,33.84,33.0
2021-03-16 18:00:00,46.0,257.07,31.34,32.3
2021-03-16 19:00:00,47.35,297.9,30.04,31.82
2021-03-16 20:00:00,42.25,211.81,24.76,31.81
2021-03-16 21:00:00,36.7,167.54,31.46,29.62
2021-03-16 22:00:00,46.71,156.46,37.36,27.51
2021-03-16 23:00:00,55.0,148.27,39.48,26.58
2021-03-17 00:00:00,57.7,161.03,35.78,27.25
2021-03-17 01:00:00,55.15,139.38,40.95,28.23
2021-03-17 02:00:00,40.8,110.28,55.07,27.0
2021-03-17 03:00:00,30.65,142.44,51.56,26.5
2021-03-17 04:00:00,29.9,121.75,52.91,25.57
2021-03-17 05:00:00,33.7,94.69,53.81,24.62
2021-03-17 06:00:00,37.0,84.46,55.11,24.29
2021-03-17 07:00:00,43.3,117.8,58.44,24.74
2021-03-17 08:00:00,58.24,174.5,54.41,26.87
2021-03-17 09:00:00,82.2,265.88,46.7,30.19
2021-03-17 10:00:00,105.5,305.08,35.28,33.54
2021-03-17 11:00:00,89.85,261.38,28.39,34.41
2021-03-17 12:00:00,60.85,251.0,25.16,35.67
2021-03-17 13:00:00,57.0,259.0,22.65,36.77
2021-03-17 14:00:00,81.0,197.0,33.42,35.9
2021-03-17 15:00:00,66.6,211.01,35.81,35.08
2021-03-17 16:00:00,54.4,198.65,34.72,33.68
2021-03-17 17:00:00,56.95,235.98,38.41,32.77
2021-03-17 18:00:00,53.35,265.27,39.72,32.27
2021-03-17 19:00:00,64.0,236.74,41.26,31.64
2021-03-17 20:00:00,69.15,185.65,36.98,31.36
2021-03-17 21:00:00,67.4,178.09,42.17,29.89
2021-03-17 22:00:00,76.25,209.81,45.04,28.27
2021-03-17 23:00:00,81.27,206.27,46.49,27.5
2021-03-18 00:00:00,76.4,182.07,47.96,26.91
2021-03-18 01:00:00,63.4,150.47,47.84,26.92
2021-03-18 02:00:00,58.55,190.43,51.45,27.54
2021-03-18 03:00:00,51.66,153.57,51.53,27.34
2021-03-18 04:00:00,59.3,202.78,57.16,26.55
2021-03-18 05:00:00,71.7,213.56,56.95,25.57
2021-03-18 06:00:00,55.0,162.25,55.88,25.63
2021-03-18 07:00:00,55.7,175.9,57.16,25.66
2021-03-18 08:00:00,85.3,272.17,54.61,27.18
2021-03-18 09:00:00,103.1,382.88,46.27,29.59
2021-03-18 10:00:00,93.45,361.1,37.5,33.17
2021-03-18 11:00:00,81.64,296.47,35.56,34.59
2021-03-18 12:00:00,80.9,269.46,28.17,35.7
2021-03-18 13:00:00,65.8,274.81,28.47,36.39
2021-03-18 14:00:00,50.5,269.55,40.0,34.93
2021-03-18 15:00:00,57.8,284.63,45.21,33.45
2021-03-18 16:00:00,61.8,284.86,48.06,31.97
2021-03-18 17:00:00,58.6,211.84,47.74,31.07
2021-03-18 18:00:00,47.92,158.67,58.23,29.11
2021-03-18 19:00:00,44.35,137.86,49.31,28.85
2021-03-18 20:00:00,46.0,123.37,48.29,28.13
2021-03-18 21:00:00,50.02,159.07,45.67,27.98
2021-03-18 22:00:00,48.7,144.47,49.36,28.27
2021-03-18 23:00:00,40.55,125.55,64.12,27.18
2021-03-19 00:00:00,35.08,100.92,63.52,26.57
2021-03-19 01:00:00,28.55,79.64,66.51,25.67
2021-03-19 02:00:00,28.45,71.53,61.38,25.69
2021-03-19 03:00:00,29.0,79.13,61.55,25.0
2021-03-19 04:00:00,32.58,126.35,60.73,24.85
2021-03-19 05:00:00,35.65,146.82,63.59,24.34
2021-03-19 06:00:00,33.55,147.55,64.56,24.06
2021-03-19 07:00:00,37.95,173.17,67.76,24.24
2021-03-19 08:00:00,57.5,259.52,62.19,26.41
2021-03-19 09:00:00,83.9,278.1,48.72,28.78
2021-03-19 10:00:00,81.5,290.44,36.74,32.94
2021-03-19 11:00:00,67.0,305.0,28.3,35.82
2021-03-19 12:00:00,67.0,305.0,31.64,35.11
2021-03-19 13:00:00,114.0,316.0,42.25,33.7
2021-03-19 14:00:00,84.48,254.22,37.69,32.75
2021-03-19 15:00:00,52.95,267.81,38.61,32.64
2021-03-19 16:00:00,55.4,222.39,31.48,31.84
2021-03-19 17:00:00,50.0,186.0,36.47,30.83
2021-03-19 18:00:00,42.0,221.0,45.0,29.41
2021-03-19 19:00:00,42.0,288.43,50.23,28.41
2021-03-19 20:00:00,40.65,254.5,62.12,27.2
2021-03-19 21:00:00,42.58,175.0,63.2,26.93
2021-03-19 22:00:00,46.1,155.91,59.92,26.19
2021-03-19 23:00:00,45.9,161.09,65.17,25.29
2021-03-20 00:00:00,45.2,181.3,76.61,25.55
2021-03-20 01:00:00,40.77,161.01,75.37,25.39
2021-03-20 02:00:00,33.08,142.45,79.32,25.05
2021-03-20 03:00:00,25.2,127.0,82.78,24.62
2021-03-20 04:00:00,22.55,126.63,82.25,24.33
2021-03-20 05:00:00,22.89,122.73,79.12,24.29
2021-03-20 06:00:00,27.15,119.27,79.68,23.89
2021-03-20 07:00:00,31.9,139.414,83.56,24.1
2021-03-20 08:00:00,37.05,159.558,78.18,25.55
2021-03-20 09:00:00,52.35,179.702,65.03,27.5
2021-03-20 10:00:00,53.75,199.846,47.61,30.44
2021-03-20 11:00:00,45.81,219.99,39.72,32.42
2021-03-20 12:00:00,50.77,239.63,39.46,33.48
2021-03-20 13:00:00,48.45,232.55,41.99,33.41
2021-03-20 14:00:00,49.89,238.72,44.09,33.05
2021-03-20 15:00:00,53.7,290.53,44.95,31.62
2021-03-20 16:00:00,54.77,271.03,38.85,30.96
2021-03-20 17:00:00,49.75,260.97,38.81,30.06
2021-03-20 18:00:00,42.95,264.27,46.78,28.9
2021-03-20 19:00:00,37.1,240.1,55.77,27.71
2021-03-20 20:00:00,35.55,204.47,65.64,26.98
2021-03-20 21:00:00,37.7,171.69,75.4,26.26
2021-03-20 22:00:00,38.32,151.37,72.11,25.88
2021-03-20 23:00:00,42.6,170.35,71.93,25.48
2021-03-21 00:00:00,52.45,214.5,74.84,24.76
2021-03-21 01:00:00,48.08,194.74,79.61,24.19
2021-03-21 02:00:00,38.87,144.1,81.31,23.95
2021-03-21 03:00:00,30.93,118.09,81.94,23.69
2021-03-21 04:00:00,29.58,111.09,81.89,23.44
2021-03-21 05:00:00,37.15,130.99,83.31,23.19
2021-03-21 06:00:00,44.15,144.27,84.42,22.87
2021-03-21 07:00:00,49.34,145.0,82.65,23.61
2021-03-21 08:00:00,52.79,164.72,74.86,26.02
2021-03-21 09:00:00,64.84,203.23,59.61,28.91
2021-03-21 10:00:00,73.4,267.98,49.61,31.9
2021-03-21 11:00:00,66.3,248.93,44.44,33.35
2021-03-21 12:00:00,62.55,221.37,42.6,33.53
2021-03-21 13:00:00,62.45,235.64,39.62,33.73
2021-03-21 14:00:00,58.95,193.75,38.94,33.62
2021-03-21 15:00:00,52.21,175.81,37.8,33.02
2021-03-21 16:00:00,55.37,193.63,36.8,32.56
2021-03-21 17:00:00,59.3,192.46,46.27,31.14
2021-03-21 18:00:00,57.79,209.9,54.21,29.61
2021-03-21 19:00:00,56.4,203.19,64.86,27.97
2021-03-21 20:00:00,46.6,182.5,66.69,27.23
2021-03-21 21:00:00,37.75,158.0,69.89,26.18
2021-03-21 22:00:00,47.52,185.8,71.5,25.34
2021-03-21 23:00:00,63.0,200.4,75.97,24.91
2021-03-22 00:00:00,61.67,170.67,80.48,24.61
2021-03-22 01:00:00,60.0,150.28,78.51,24.82
2021-03-22 02:00:00,55.5,148.91,79.0,24.98
2021-03-22 03:00:00,53.13,143.0,82.72,24.06
2021-03-22 04:00:00,52.5,120.55,84.15,24.14
2021-03-22 05:00:00,48.8,115.09,84.38,23.6
2021-03-22 06:00:00,50.11,118.0,85.93,23.35
2021-03-22 07:00:00,54.81,127.5,83.4,23.95
2021-03-22 08:00:00,62.89,151.63,76.8,25.75
2021-03-22 09:00:00,67.58,209.62,67.78,28.3
2021-03-22 10:00:00,70.65,249.45,52.3,31.84
2021-03-22 11:00:00,69.45,213.57,46.29,33.35
2021-03-22 12:00:00,70.45,210.5,39.33,34.33
2021-03-22 13:00:00,65.63,217.37,38.76,35.1
2021-03-22 14:00:00,54.47,182.92,48.16,34.21
2021-03-22 15:00:00,50.79,183.27,45.94,33.78
2021-03-22 16:00:00,54.79,199.63,44.11,33.22
2021-03-22 17:00:00,56.1,228.17,45.59,31.28
2021-03-22 18:00:00,50.05,280.17,55.3,29.88
2021-03-22 19:00:00,41.77,215.49,61.37,28.77
2021-03-22 20:00:00,45.3,175.5,57.63,28.66
2021-03-22 21:00:00,48.5,175.91,58.76,27.93
2021-03-22 22:00:00,51.55,204.03,59.97,27.46
2021-03-22 23:00:00,63.34,221.37,59.65,27.0
2021-03-23 00:00:00,65.45,205.5,64.3,26.8
2021-03-23 01:00:00,61.08,165.83,66.58,26.29
2021-03-23 02:00:00,62.65,153.27,67.1,25.6
2021-03-23 03:00:00,65.25,135.63,67.41,24.75
2021-03-23 04:00:00,55.21,108.46,67.09,24.55
2021-03-23 05:00:00,54.34,104.72,67.77,25.0
2021-03-23 06:00:00,56.89,115.63,62.68,25.3
2021-03-23 07:00:00,66.55,160.53,53.54,26.51
2021-03-23 08:00:00,76.55,190.97,51.06,27.76
2021-03-23 09:00:00,74.66,173.47,46.6,30.3
2021-03-23 10:00:00,75.25,176.9,37.73,34.14
2021-03-23 11:00:00,73.08,162.47,34.16,35.7
2021-03-23 12:00:00,64.75,180.03,32.25,35.91
2021-03-23 13:00:00,56.2,173.19,35.68,35.45
2021-03-23 14:00:00,48.1,144.37,38.44,34.52
2021-03-23 15:00:00,44.3,206.61,41.58,33.22
2021-03-23 16:00:00,41.45,243.18,39.63,32.48
2021-03-23 17:00:00,45.15,329.03,49.41,31.25
2021-03-23 18:00:00,49.45,234.33,42.35,30.88
2021-03-23 19:00:00,49.1,136.43,36.82,31.2
2021-03-23 20:00:00,47.55,128.0,38.1,30.93
2021-03-23 21:00:00,50.15,150.26,46.79,29.09
2021-03-23 22:00:00,59.4,211.34,49.68,27.86
2021-03-23 23:00:00,66.45,195.11,50.05,27.81
2021-03-24 00:00:00,65.67,150.92,52.31,27.07
2021-03-24 01:00:00,62.21,116.57,53.01,26.75
2021-03-24 02:00:00,64.05,96.03,55.19,26.29
2021-03-24 03:00:00,69.89,100.91,57.01,25.98
2021-03-24 04:00:00,71.89,116.18,58.27,25.81
2021-03-24 05:00:00,73.45,126.43,59.0,25.82
2021-03-24 06:00:00,82.15,136.6,56.9,26.58
2021-03-24 07:00:00,93.79,236.42,54.02,27.41
2021-03-24 08:00:00,92.85,249.83,51.0,28.96
2021-03-24 09:00:00,89.45,288.34,46.52,31.21
2021-03-24 10:00:00,88.66,230.27,40.24,34.23
2021-03-24 11:00:00,86.11,177.91,35.18,36.24
2021-03-24 12:00:00,85.9,279.07,33.48,36.84
2021-03-24 13:00:00,79.35,347.81,31.88,37.25
2021-03-24 14:00:00,69.55,259.86,38.45,36.17
2021-03-24 15:00:00,72.13,275.33,40.94,35.17
2021-03-24 16:00:00,69.74,252.03,42.66,34.17
2021-03-24 17:00:00,62.0,253.37,42.41,33.07
2021-03-24 18:00:00,61.11,274.37,43.96,32.35
2021-03-24 19:00:00,63.13,257.53,45.62,31.97
2021-03-24 20:00:00,64.77,267.63,42.86,32.0
2021-03-24 21:00:00,57.98,184.0,38.4,31.91
2021-03-24 22:00:00,63.28,148.08,43.16,30.81
2021-03-24 23:00:00,85.45,193.99,52.62,28.11
2021-03-25 00:00:00,88.06,189.93,41.83,29.87
2021-03-25 01:00:00,64.92,128.29,36.02,30.63
2021-03-25 02:00:00,44.19,94.67,31.5,31.56
2021-03-25 03:00:00,33.4,80.19,28.75,31.99
2021-03-25 04:00:00,33.02,74.0,33.3,30.4
2021-03-25 05:00:00,43.81,80.97,47.17,26.86
2021-03-25 06:00:00,56.4,139.47,41.29,27.77
2021-03-25 07:00:00,64.34,212.98,35.9,29.07
2021-03-25 08:00:00,59.29,254.18,31.27,30.66
2021-03-25 09:00:00,47.87,283.63,29.3,32.65
2021-03-25 10:00:00,53.39,357.34,24.74,35.3
2021-03-25 11:00:00,65.0,327.0,22.53,37.21
2021-03-25 12:00:00,64.1,236.3,18.82,37.99
2021-03-25 13:00:00,48.69,187.01,15.98,38.06
2021-03-25 14:00:00,27.4,153.0,16.45,37.91
2021-03-25 15:00:00,27.5,236.83,16.71,37.41
2021-03-25 16:00:00,27.63,291.27,15.38,36.97
2021-03-25 17:00:00,15.15,202.07,16.81,36.08
2021-03-25 18:00:00,7.1,134.73,14.36,35.33
2021-03-25 19:00:00,5.55,110.17,11.32,35.03
2021-03-25 20:00:00,9.5,99.1,18.07,33.33
2021-03-25 21:00:00,24.45,118.36,22.45,31.99
2021-03-25 22:00:00,45.45,149.63,28.05,29.57
2021-03-25 23:00:00,65.94,167.33,30.05,28.66
2021-03-26 00:00:00,76.55,171.63,25.18,30.8
2021-03-26 01:00:00,60.8,149.83,23.15,31.39
2021-03-26 02:00:00,37.5,119.9,28.78,28.98
2021-03-26 03:00:00,33.79,102.37,35.13,26.75
2021-03-26 04:00:00,40.02,106.87,34.3,27.27
2021-03-26 05:00:00,51.71,119.0,38.78,25.87
2021-03-26 06:00:00,63.15,153.53,42.15,24.77
2021-03-26 07:00:00,69.22,189.37,40.33,25.87
2021-03-26 08:00:00,85.5,251.93,38.54,28.01
2021-03-26 09:00:00,105.15,332.03,31.23,32.26
2021-03-26 10:00:00,92.0,303.37,22.8,35.71
2021-03-26 11:00:00,64.29,233.9,19.01,37.28
2021-03-26 12:00:00,52.42,190.74,16.97,37.99
2021-03-26 13:00:00,43.5,221.07,16.27,38.68
2021-03-26 14:00:00,37.55,215.88,18.13,38.51
2021-03-26 15:00:00,46.45,235.5,24.56,37.1
2021-03-26 16:00:00,54.87,283.81,24.29,35.58
2021-03-26 17:00:00,42.95,262.73,25.98,34.77
2021-03-26 18:00:00,36.13,260.36,26.77,34.69
2021-03-26 19:00:00,36.42,212.2,26.17,34.25
2021-03-26 20:00:00,31.55,169.83,27.13,33.72
2021-03-26 21:00:00,39.95,141.43,26.32,33.35
2021-03-26 22:00:00,51.0,141.91,20.15,34.07
2021-03-26 23:00:00,51.45,130.53,25.71,31.52
2021-03-27 00:00:00,56.92,135.5,29.32,30.2
2021-03-27 01:00:00,59.87,136.4,32.93,28.14
2021-03-27 02:00:00,52.85,115.46,34.93,26.91
2021-03-27 03:00:00,50.79,113.0,33.55,27.93
2021-03-27 04:00:00,53.0,134.67,29.46,29.17
2021-03-27 05:00:00,58.37166666666667,157.03833333333333,28.558333333333334,30.408333333333335
2021-03-27 06:00:00,63.74333333333333,179.40666666666667,27.656666666666666,31.64666666666667
2021-03-27 07:00:00,69.11500000000001,201.77499999999998,26.755000000000003,32.885000000000005
2021-03-27 08:00:00,74.48666666666666,224.14333333333332,25.853333333333335,34.123333333333335
2021-03-27 09:00:00,79.85833333333333,246.51166666666666,24.951666666666668,35.361666666666665
2021-03-27 10:00:00,85.23,268.88,24.05,36.6
2021-03-27 11:00:00,89.34,245.37,19.77,38.43
2021-03-27 12:00:00,78.03,219.07,17.52,39.16
2021-03-27 13:00:00,60.66,222.45,17.55,39.33
2021-03-27 14:00:00,54.08,166.3,18.01,39.37
2021-03-27 15:00:00,56.5,237.34,22.43,38.3
2021-03-27 16:00:00,65.66,246.74,26.23,36.76
2021-03-27 17:00:00,63.11,232.1,24.55,35.29
2021-03-27 18:00:00,55.74,243.72,22.0,34.83
2021-03-27 19:00:00,45.75,295.97,19.18,34.66
2021-03-27 20:00:00,35.84,251.07,19.34,33.87
2021-03-27 21:00:00,42.65,192.82,26.68,31.42
2021-03-27 22:00:00,63.79,191.27,33.05,28.89
2021-03-27 23:00:00,77.7,202.9,33.12,27.77
2021-03-28 00:00:00,93.33,192.75,35.946666666666665,27.276666666666667
2021-03-28 01:00:00,88.74,182.6,38.77333333333333,26.78333333333333
2021-03-28 02:00:00,79.66,172.45,41.599999999999994,26.29
2021-03-28 03:00:00,77.55,162.3,44.42666666666666,25.796666666666667
2021-03-28 04:00:00,77.45,152.15,47.25333333333333,25.30333333333333
2021-03-28 05:00:00,78.0,142.0,50.08,24.81
2021-03-28 06:00:00,84.3,179.56,58.13,24.51
2021-03-28 07:00:00,89.77,196.07,61.89,24.94
2021-03-28 08:00:00,97.73,236.0,64.88,27.78
2021-03-28 09:00:00,116.81,324.74,55.12,30.54
2021-03-28 10:00:00,115.06,291.23,49.61,32.62
2021-03-28 11:00:00,105.79,264.53,42.35,35.37
2021-03-28 12:00:00,66.0,207.5,45.67,35.53
2021-03-28 13:00:00,53.66,263.15,52.33,33.77
2021-03-28 14:00:00,53.29,222.67,56.66,32.67
2021-03-28 15:00:00,43.21,143.33,62.04,31.94
2021-03-28 16:00:00,41.0,123.73,60.77,31.38
2021-03-28 17:00:00,36.98,119.82,59.96,30.62
2021-03-28 18:00:00,36.5,115.5,63.95,29.77
2021-03-28 19:00:00,39.77,122.0,66.31,28.53
2021-03-28 20:00:00,41.47,128.5,71.41,28.21
2021-03-28 21:00:00,66.68,154.63,74.07,27.34
2021-03-28 22:00:00,127.44,216.67,76.44,27.09
2021-03-28 23:00:00,169.87,274.0,78.59,26.62
2021-03-29 00:00:00,151.26,229.03,79.84,26.52
2021-03-29 01:00:00,142.84,223.9,82.72,26.13
2021-03-29 02:00:00,152.75,223.97,85.09,25.71
2021-03-29 03:00:00,132.11,188.5,88.33,25.62
2021-03-29 04:00:00,105.53,153.08,88.87,25.29
2021-03-29 05:00:00,84.8,121.1,90.45,25.12
2021-03-29 06:00:00,55.27,95.07,89.94,25.21
2021-03-29 07:00:00,46.0,83.2,87.71,25.64
2021-03-29 08:00:00,68.78,114.57,82.58,27.13
2021-03-29 09:00:00,96.37,162.5,71.28,29.32
2021-03-29 10:00:00,111.05,193.5,55.86,32.93
2021-03-29 11:00:00,115.63,208.0,49.1,34.01
2021-03-29 12:00:00,102.74,189.57,37.91,36.03
2021-03-29 13:00:00,85.16,185.09,43.91,35.75
2021-03-29 14:00:00,66.29,168.1,48.92,34.41
2021-03-29 15:00:00,49.5,136.74,48.52,33.33
2021-03-29 16:00:00,34.08,146.17,45.39,32.65
2021-03-29 17:00:00,25.5,119.1,49.9,31.25
2021-03-29 18:00:00,19.85,79.53,60.25,29.71
2021-03-29 19:00:00,10.63,68.1,74.16,28.4
2021-03-29 20:00:00,8.03,59.4,74.47,27.8
2021-03-29 21:00:00,18.82,58.8,70.05,27.18
2021-03-29 22:00:00,21.98,55.27,73.08,26.23
2021-03-29 23:00:00,21.0,65.93,76.62,26.5
2021-03-30 00:00:00,22.45,63.23,77.0,25.83
2021-03-30 01:00:00,18.45,44.97,82.12,25.32
2021-03-30 02:00:00,18.11,37.37,82.08,24.47
2021-03-30 03:00:00,16.11,28.13,85.27,24.42
2021-03-30 04:00:00,14.55,33.77,86.23,23.94
2021-03-30 05:00:00,17.58,39.37,89.37,24.02
2021-03-30 06:00:00,22.45,46.6,91.17,24.23
2021-03-30 07:00:00,24.79,53.53,91.72,25.04
2021-03-30 08:00:00,31.02,61.97,85.05,26.79
2021-03-30 09:00:00,34.21,79.3,77.47,28.63
2021-03-30 10:00:00,31.55,109.8,63.31,31.71
2021-03-30 11:00:00,42.63,325.92,63.02,32.03
2021-03-30 12:00:00,44.03,274.8,56.72,32.48
2021-03-30 13:00:00,27.11,160.9,43.1,33.45
2021-03-30 14:00:00,23.32,116.17,34.2,33.32
2021-03-30 15:00:00,20.0,106.13,35.44,32.32
2021-03-30 16:00:00,16.87,112.63,41.53,31.58
2021-03-30 17:00:00,13.89,104.13,49.28,30.43
2021-03-30 18:00:00,16.79,98.37,53.32,29.35
2021-03-30 19:00:00,14.97,88.46,61.2,28.07
2021-03-30 20:00:00,14.03,110.87,66.84,26.71
2021-03-30 21:00:00,16.77,82.67,71.86,25.49
2021-03-30 22:00:00,20.26,61.41,77.13,24.58
2021-03-30 23:00:00,24.87,64.0,77.41,24.05
2021-03-31 00:00:00,19.22,68.43,80.34,23.7
2021-03-31 01:00:00,11.19,43.01,84.34,23.62
2021-03-31 02:00:00,4.0,21.93,85.97,23.25
2021-03-31 03:00:00,4.0,15.0,87.73,22.95
2021-03-31 04:00:00,4.55,8.6,88.66,22.97
2021-03-31 05:00:00,6.24,23.3,89.08,22.63
2021-03-31 06:00:00,11.23,29.1,89.03,22.63
2021-03-31 07:00:00,19.37,71.7,85.68,23.61
2021-03-31 08:00:00,37.18,107.13,78.07,26.37
2021-03-31 09:00:00,53.67,136.43,69.25,29.03
2021-03-31 10:00:00,51.19,182.93,58.94,31.76
2021-03-31 11:00:00,38.63,161.65,52.25,33.45
2021-03-31 12:00:00,28.87,169.67,50.84,33.76
2021-03-31 13:00:00,21.0,139.87,43.27,33.78
2021-03-31 14:00:00,17.0,139.435,46.84,32.69
2021-03-31 15:00:00,14.0,139.0,50.9,31.85
2021-03-31 16:00:00,15.79,137.73,53.79,31.04
2021-03-31 17:00:00,16.66,98.83,62.73,29.95
2021-03-31 18:00:00,17.67,86.5,69.94,28.82
2021-03-31 19:00:00,25.02,116.07,78.64,27.36
2021-03-31 20:00:00,26.42,111.08,81.87,26.39
2021-03-31 21:00:00,20.21,101.27,79.88,25.66
2021-03-31 22:00:00,22.92,97.57,81.53,25.06
2021-03-31 23:00:00,25.42,106.35,86.82,25.6
2021-04-01 00:00:00,19.66,94.63,87.08,25.61
2021-04-01 01:00:00,14.87,68.87,87.31,25.5
2021-04-01 02:00:00,13.22,63.8,86.93,25.45
2021-04-01 03:00:00,20.92,69.17,88.02,25.28
2021-04-01 04:00:00,24.75,73.53,88.03,25.22
2021-04-01 05:00:00,25.13,92.73,88.02,25.24
2021-04-01 06:00:00,30.34,123.9,87.84,25.6
2021-04-01 07:00:00,25.74,109.4,86.67,25.82
2021-04-01 08:00:00,19.33,115.44,82.19,27.04
2021-04-01 09:00:00,25.92,147.0,76.25,28.44
2021-04-01 10:00:00,36.92,184.6,68.09,30.52
2021-04-01 11:00:00,43.45,215.2,64.66,31.32
2021-04-01 12:00:00,48.02,265.17,62.44,32.12
2021-04-01 13:00:00,48.53,240.23,60.72,32.09
2021-04-01 14:00:00,40.77,222.13,63.27,31.27
2021-04-01 15:00:00,38.89,228.0,65.77,30.47
2021-04-01 16:00:00,38.21,241.93,67.83,29.72
2021-04-01 17:00:00,34.66,226.04,70.88,29.15
2021-04-01 18:00:00,34.34,191.73,74.1,28.26
2021-04-01 19:00:00,36.45,180.0,78.16,27.39
2021-04-01 20:00:00,39.23,184.43,80.58,26.79
2021-04-01 21:00:00,42.45,181.93,81.91,26.54
2021-04-01 22:00:00,42.55,176.5,82.89,26.25
2021-04-01 23:00:00,41.55,171.47,82.69,26.05
2021-04-02 00:00:00,39.66,169.37,81.97,25.87
2021-04-02 01:00:00,34.87,156.97,81.68,25.66
2021-04-02 02:00:00,31.89,146.2,82.0,25.21
2021-04-02 03:00:00,32.55,138.93,82.74,24.85
2021-04-02 04:00:00,30.21,127.13,83.11,24.68
2021-04-02 05:00:00,31.58,139.1,83.82,24.56
2021-04-02 06:00:00,36.0,140.77,85.48,24.37
2021-04-02 07:00:00,37.79,166.12,85.5,25.51
2021-04-02 08:00:00,40.89,199.07,79.44,26.98
2021-04-02 09:00:00,39.32,227.57,72.13,28.5
2021-04-02 10:00:00,33.77,230.3,64.24,30.47
2021-04-02 11:00:00,34.13,254.23,60.88,31.21
2021-04-02 12:00:00,43.78,310.63,58.32,32.14
2021-04-02 13:00:00,47.87,253.97,59.27,31.71
2021-04-02 14:00:00,39.98,208.93,59.89,31.12
2021-04-02 15:00:00,34.55,242.0,61.27,30.32
2021-04-02 16:00:00,36.23,269.13,65.28,29.54
2021-04-02 17:00:00,34.53,239.93,66.81,28.86
2021-04-02 18:00:00,30.33,200.67,69.75,28.18
2021-04-02 19:00:00,32.0,181.57,73.92,27.3
2021-04-02 20:00:00,32.0,180.27,76.21,26.73
2021-04-02 21:00:00,32.0,160.01,78.72,26.02
2021-04-02 22:00:00,30.21,146.1,80.42,25.61
2021-04-02 23:00:00,27.55,146.9,81.06,25.43
2021-04-03 00:00:00,27.0,144.0,82.36,25.05
2021-04-03 01:00:00,25.21,127.33,83.43,24.85
2021-04-03 02:00:00,21.67,122.53,83.89,24.65
2021-04-03 03:00:00,21.79,124.0,84.48,24.48
2021-04-03 04:00:00,23.55,117.03,85.43,24.24
2021-04-03 05:00:00,23.45,112.37,86.47,24.03
2021-04-03 06:00:00,25.34,115.17,87.32,23.93
2021-04-03 07:00:00,27.0,130.3,85.33,24.99
2021-04-03 08:00:00,28.33,145.6,77.95,27.07
2021-04-03 09:00:00,33.13,169.17,70.07,29.55
2021-04-03 10:00:00,40.58,231.37,66.91,30.56
2021-04-03 11:00:00,46.79,266.53,63.64,31.29
2021-04-03 12:00:00,42.33,239.5,63.52,31.11
2021-04-03 13:00:00,32.66,201.47,64.54,30.39
2021-04-03 14:00:00,32.79,187.1,66.56,29.84
2021-04-03 15:00:00,32.32,195.54,67.13,29.47
2021-04-03 16:00:00,28.11,176.93,68.5,28.95
2021-04-03 17:00:00,23.89,166.8,70.65,28.36
2021-04-03 18:00:00,16.87,132.9,73.38,27.64
2021-04-03 19:00:00,13.89,119.6,75.68,27.18
2021-04-03 20:00:00,15.89,118.93,77.34,26.92
2021-04-03 21:00:00,16.11,107.13,78.89,26.61
2021-04-03 22:00:00,17.68,96.3,80.28,26.34
2021-04-03 23:00:00,21.89,104.4,81.22,26.12
2021-04-04 00:00:00,19.0,99.02,82.38,25.86
2021-04-04 01:00:00,16.68,89.48,83.61,25.55
2021-04-04 02:00:00,16.42,74.07,83.55,25.66
2021-04-04 03:00:00,14.23,71.7,83.19,25.61
2021-04-04 04:00:00,18.34,72.48,82.77,25.83
2021-04-04 05:00:00,17.33,91.5,81.87,26.06
2021-04-04 06:00:00,15.33,116.45,80.55,26.14
2021-04-04 07:00:00,21.02,117.73,79.38,26.48
2021-04-04 08:00:00,23.78,114.47,76.07,27.1
2021-04-04 09:00:00,24.13,121.83,73.49,28.27
2021-04-04 10:00:00,36.49,173.03,64.43,31.04
2021-04-04 11:00:00,44.77,208.44,60.67,32.03
2021-04-04 12:00:00,44.22,178.84,57.81,33.16
2021-04-04 13:00:00,36.27,172.67,58.81,32.78
2021-04-04 14:00:00,22.11,155.3,60.42,32.39
2021-04-04 15:00:00,27.71,172.67,63.6,31.22
2021-04-04 16:00:00,31.53,218.35,62.79,30.47
2021-04-04 17:00:00,26.0,229.57,63.48,29.63
2021-04-04 18:00:00,22.87,156.47,69.79,28.5
2021-04-04 19:00:00,17.22,112.2,75.38,27.71
2021-04-04 20:00:00,14.11,91.4,79.52,27.14
2021-04-04 21:00:00,13.0,71.17,81.74,26.77
2021-04-04 22:00:00,13.45,69.6,82.7,26.42
2021-04-04 23:00:00,16.22,67.03,84.28,26.16
2021-04-05 00:00:00,22.55,75.67,85.47,26.13
2021-04-05 01:00:00,18.5,69.13,86.03,25.95
2021-04-05 02:00:00,12.0,78.66,86.65,25.59
2021-04-05 03:00:00,14.78,83.93,88.03,25.2
2021-04-05 04:00:00,11.1,86.7,87.0,25.16
2021-04-05 05:00:00,9.55,81.13,88.62,24.75
2021-04-05 06:00:00,7.67,45.73,89.27,24.7
2021-04-05 07:00:00,12.26,43.83,87.41,25.59
2021-04-05 08:00:00,21.33,70.73,81.37,27.2
2021-04-05 09:00:00,24.34,82.27,73.46,29.35
2021-04-05 10:00:00,26.0,141.9,62.63,32.59
2021-04-05 11:00:00,26.9,141.17,57.49,34.07
2021-04-05 12:00:00,29.34,171.6,57.59,33.89
2021-04-05 13:00:00,25.67,207.18,58.5,33.73
2021-04-05 14:00:00,15.45,151.87,60.07,32.8
2021-04-05 15:00:00,12.79,198.5,59.73,31.89
2021-04-05 16:00:00,17.68,182.13,59.48,30.95
2021-04-05 17:00:00,26.4,206.34,60.93,30.22
2021-04-05 18:00:00,27.67,157.13,66.86,29.33
2021-04-05 19:00:00,21.89,116.87,64.89,28.69
2021-04-05 20:00:00,18.98,104.27,62.17,28.17
2021-04-05 21:00:00,13.55,87.67,62.82,27.42
2021-04-05 22:00:00,17.47,86.53,62.5,26.51
2021-04-05 23:00:00,28.33,100.03,61.3,25.71
2021-04-06 00:00:00,30.55,86.82,62.88,25.32
2021-04-06 01:00:00,27.23,86.4,61.95,25.38
2021-04-06 02:00:00,25.11,79.13,62.46,25.11
2021-04-06 03:00:00,23.45,74.8,65.48,24.56
2021-04-06 04:00:00,24.98,71.93,65.75,24.06
2021-04-06 05:00:00,19.55,81.61,67.43,24.09
2021-04-06 06:00:00,21.67,95.33,68.12,23.91
2021-04-06 07:00:00,29.02,124.85,66.36,25.02
2021-04-06 08:00:00,48.67,171.03,61.5,27.76
2021-04-06 09:00:00,77.67,199.09,49.42,31.87
2021-04-06 10:00:00,79.3,277.2,36.91,35.49
2021-04-06 11:00:00,58.78,247.43,33.14,36.62
2021-04-06 12:00:00,46.98,189.53,27.01,37.87
2021-04-06 13:00:00,35.33,176.83,29.31,37.91
2021-04-06 14:00:00,28.33,204.63,44.18,36.53
2021-04-06 15:00:00,32.23,196.15,45.51,35.07
2021-04-06 16:00:00,35.45,159.47,34.5,34.55
2021-04-06 17:00:00,27.95,153.94,29.5,33.86
2021-04-06 18:00:00,18.0,157.37,43.52,32.13
2021-04-06 19:00:00,22.89,208.3,51.55,30.73
2021-04-06 20:00:00,26.33,250.61,41.95,30.76
2021-04-06 21:00:00,26.11,154.95,43.06,29.39
2021-04-06 22:00:00,26.0,194.17,50.27,27.56
2021-04-06 23:00:00,21.89,148.22,58.49,26.91
2021-04-07 00:00:00,23.89,128.53,61.67,26.73
2021-04-07 01:00:00,20.98,89.3,61.02,26.86
2021-04-07 02:00:00,20.47,56.8,63.17,25.72
2021-04-07 03:00:00,23.32,58.37,68.28,25.74
2021-04-07 04:00:00,19.55,56.0,72.67,25.09
2021-04-07 05:00:00,19.45,61.6,75.09,24.66
2021-04-07 06:00:00,20.45,88.7,77.12,24.5
2021-04-07 07:00:00,23.67,102.0,77.7,25.49
2021-04-07 08:00:00,36.78,140.17,71.62,28.35
2021-04-07 09:00:00,45.0,171.5,58.05,31.47
2021-04-07 10:00:00,44.02,278.52,39.59,34.88
2021-04-07 11:00:00,49.0,215.77,31.07,36.92
2021-04-07 12:00:00,49.45,178.49,39.87,36.66
2021-04-07 13:00:00,45.55,247.27,50.39,35.72
2021-04-07 14:00:00,33.78,199.93,50.91,34.47
2021-04-07 15:00:00,27.79,181.5,48.99,33.85
2021-04-07 16:00:00,34.45,183.43,45.43,33.38
2021-04-07 17:00:00,36.42,144.1,47.95,31.67
2021-04-07 18:00:00,28.87,149.43,54.99,30.35
2021-04-07 19:00:00,26.78,145.97,55.49,29.73
2021-04-07 20:00:00,30.79,145.5,52.1,29.53
2021-04-07 21:00:00,38.37,180.33,57.59,28.5
2021-04-07 22:00:00,44.11,174.73,62.02,27.66
2021-04-07 23:00:00,34.05,130.7,68.57,28.51
2021-04-08 00:00:00,19.02,84.25,57.88,28.71
2021-04-08 01:00:00,19.82,72.41,64.52,27.56
2021-04-08 02:00:00,30.13,92.03,69.97,26.75
2021-04-08 03:00:00,36.23,100.73,72.89,26.21
2021-04-08 04:00:00,35.45,100.63,78.78,25.53
2021-04-08 05:00:00,28.33,83.34,81.88,25.03
2021-04-08 06:00:00,21.0,72.37,82.96,25.04
2021-04-08 07:00:00,21.78,87.83,81.69,26.4
2021-04-08 08:00:00,26.78,132.94,77.04,28.13
2021-04-08 09:00:00,23.55,129.3,72.88,29.4
2021-04-08 10:00:00,26.11,178.06,70.95,30.41
2021-04-08 11:00:00,33.58,184.73,70.66,30.61
2021-04-08 12:00:00,39.79,182.2,63.94,32.7
2021-04-08 13:00:00,35.75,184.67,65.22,32.53
2021-04-08 14:00:00,26.21,158.83,70.11,31.39
2021-04-08 15:00:00,25.97,149.15,68.26,31.77
2021-04-08 16:00:00,25.985,147.575,68.84,30.29
2021-04-08 17:00:00,26.0,146.0,69.5,30.05
2021-04-08 18:00:00,26.0,121.93,71.1,29.2
2021-04-08 19:00:00,24.21,151.07,75.12,28.13
2021-04-08 20:00:00,26.47,136.73,77.82,27.44
2021-04-08 21:00:00,32.89,116.53,79.45,26.93
2021-04-08 22:00:00,29.55,99.08,82.78,26.37
2021-04-08 23:00:00,23.55,95.6,84.29,26.16
2021-04-09 00:00:00,24.34,97.48,85.3,25.91
2021-04-09 01:00:00,22.87,70.67,87.64,25.41
2021-04-09 02:00:00,15.45,73.03,89.22,25.09
2021-04-09 03:00:00,9.66,59.04,90.6,24.84
2021-04-09 04:00:00,9.34,44.37,91.51,24.43
2021-04-09 05:00:00,15.0,44.0,92.08,24.2
2021-04-09 06:00:00,20.0,52.2,92.34,24.02
2021-04-09 07:00:00,19.11,62.7,92.37,24.77
2021-04-09 08:00:00,18.0,74.87,84.36,27.03
2021-04-09 09:00:00,22.0,92.67,72.95,29.42
2021-04-09 10:00:00,25.67,120.27,61.06,31.91
2021-04-09 11:00:00,30.67,149.03,56.25,32.92
2021-04-09 12:00:00,44.78,241.33,53.86,34.27
2021-04-09 13:00:00,42.16,271.35,49.47,34.13
2021-04-09 14:00:00,33.11,196.05,50.43,33.45
2021-04-09 15:00:00,33.47,174.54,47.58,32.66
2021-04-09 16:00:00,29.45,197.87,49.8,32.19
2021-04-09 17:00:00,28.67,186.45,59.02,30.83
2021-04-09 18:00:00,27.0,179.6,65.23,29.41
2021-04-09 19:00:00,30.58,199.92,68.92,28.8
2021-04-09 20:00:00,35.0,213.52,74.46,28.05
2021-04-09 21:00:00,33.67,182.07,78.45,27.66
2021-04-09 22:00:00,31.56,151.6,81.83,27.11
2021-04-09 23:00:00,29.22,141.83,85.03,26.79
2021-04-10 00:00:00,27.0,141.25,84.62,26.59
2021-04-10 01:00:00,27.45,159.03,84.29,26.38
2021-04-10 02:00:00,25.78,143.78,84.25,26.09
2021-04-10 03:00:00,22.55,126.5,84.3,25.23
2021-04-10 04:00:00,22.0,114.54,87.9,24.3
2021-04-10 05:00:00,23.78,104.57,89.62,24.35
2021-04-10 06:00:00,26.45,106.43,91.08,24.14
2021-04-10 07:00:00,31.47,115.97,88.59,25.16
2021-04-10 08:00:00,39.68,137.73,79.48,27.48
2021-04-10 09:00:00,46.13,161.24,59.19,30.9
2021-04-10 10:00:00,46.0,163.3,42.59,34.82
2021-04-10 11:00:00,45.47,175.13,42.02,35.9
2021-04-10 12:00:00,46.55,194.09,47.57,35.73
2021-04-10 13:00:00,41.89,204.41,47.13,35.46
2021-04-10 14:00:00,38.11,171.53,47.78,34.63
2021-04-10 15:00:00,34.23,174.43,53.06,33.03
2021-04-10 16:00:00,30.74,182.95,54.73,31.59
2021-04-10 17:00:00,21.67,128.3,58.0,30.84
2021-04-10 18:00:00,18.21,103.05,65.85,29.72
2021-04-10 19:00:00,19.11,106.0,70.94,28.93
2021-04-10 20:00:00,23.0,119.87,77.47,28.49
2021-04-10 21:00:00,26.11,117.28,76.6,28.4
2021-04-10 22:00:00,29.12,105.3,79.02,27.91
2021-04-10 23:00:00,29.33,96.3,74.8,27.19
2021-04-11 00:00:00,31.89,101.16,71.27,26.22
2021-04-11 01:00:00,29.9,90.87,69.34,25.38
2021-04-11 02:00:00,25.55,83.26,69.65,25.15
2021-04-11 03:00:00,23.67,80.22,75.35,25.1
2021-04-11 04:00:00,24.67,75.47,79.35,25.07
2021-04-11 05:00:00,28.0,77.78,82.95,24.98
2021-04-11 06:00:00,24.89,78.74,84.47,24.48
2021-04-11 07:00:00,25.89,83.05,82.69,24.92
2021-04-11 08:00:00,39.55,111.33,77.33,27.53
2021-04-11 09:00:00,45.87,133.63,66.75,29.15
2021-04-11 10:00:00,42.0,135.48,51.46,32.35
2021-04-11 11:00:00,40.22,132.1,30.57,35.77
2021-04-11 12:00:00,30.0,103.25,27.21,37.11
2021-04-11 13:00:00,25.32,129.88,33.16,36.62
2021-04-11 14:00:00,32.0,134.1,41.62,35.6
2021-04-11 15:00:00,32.0,125.8,44.0,34.94
2021-04-11 16:00:00,31.55,129.26,43.57,34.29
2021-04-11 17:00:00,27.0,123.67,48.51,32.67
2021-04-11 18:00:00,21.11,167.92,59.0,30.96
2021-04-11 19:00:00,17.78,131.05,71.34,29.61
2021-04-11 20:00:00,13.22,79.13,72.41,28.77
2021-04-11 21:00:00,15.89,74.78,73.76,28.04
2021-04-11 22:00:00,23.78,91.5,76.08,27.24
2021-04-11 23:00:00,25.11,87.33,79.65,26.97
2021-04-12 00:00:00,26.22,78.11,80.05,27.27
2021-04-12 01:00:00,31.21,88.4,79.73,27.03
2021-04-12 02:00:00,30.45,94.37,86.61,27.06
2021-04-12 03:00:00,23.78,72.56,87.51,26.96
2021-04-12 04:00:00,19.21,52.4,88.25,26.64
2021-04-12 05:00:00,15.22,43.57,88.81,26.3
2021-04-12 06:00:00,13.89,46.05,89.48,25.95
2021-04-12 07:00:00,16.78,43.33,87.55,26.82
2021-04-12 08:00:00,27.45,66.48,83.35,28.0
2021-04-12 09:00:00,43.78,137.1,75.43,30.26
2021-04-12 10:00:00,53.21,150.08,65.84,32.7
2021-04-12 11:00:00,61.78,164.85,57.05,34.56
2021-04-12 12:00:00,57.82,177.48,46.95,35.62
2021-04-12 13:00:00,44.45,198.7,47.32,35.72
2021-04-12 14:00:00,39.22,162.19,49.16,34.62
2021-04-12 15:00:00,32.44,163.5,51.98,33.52
2021-04-12 16:00:00,32.11,200.31,52.14,32.73
2021-04-12 17:00:00,27.89,275.57,50.4,32.39
2021-04-12 18:00:00,26.67,235.03,44.52,32.54
2021-04-12 19:00:00,34.0,363.56,50.67,31.85
2021-04-12 20:00:00,34.55,248.2,52.24,31.19
2021-04-12 21:00:00,32.11,120.0,57.09,29.81
2021-04-12 22:00:00,41.78,113.67,60.78,28.26
2021-04-12 23:00:00,49.0,104.95,57.7,28.23
2021-04-13 00:00:00,42.82,98.22,64.18,29.1
2021-04-13 01:00:00,26.55,77.08,63.2,29.2
2021-04-13 02:00:00,28.77,83.03,67.3,28.54
2021-04-13 03:00:00,37.93,81.6,72.34,27.65
2021-04-13 04:00:00,27.67,61.13,72.03,27.71
2021-04-13 05:00:00,28.67,59.3,70.06,28.04
2021-04-13 06:00:00,32.45,69.94,70.73,27.48
2021-04-13 07:00:00,34.78,89.13,68.77,27.88
2021-04-13 08:00:00,41.89,114.39,57.75,30.04
2021-04-13 09:00:00,55.51,144.27,51.29,32.28
2021-04-13 10:00:00,67.22,169.3,40.48,35.94
2021-04-13 11:00:00,70.89,188.35,34.88,36.81
2021-04-13 12:00:00,71.11,257.07,37.35,36.61
2021-04-13 13:00:00,57.55,281.65,49.45,35.89
2021-04-13 14:00:00,39.78,166.55,47.8,35.1
2021-04-13 15:00:00,33.91,117.5,48.58,34.39
2021-04-13 16:00:00,28.22,105.5,44.84,34.06
2021-04-13 17:00:00,27.78,102.1,49.99,33.55
2021-04-13 18:00:00,28.67,125.24,66.23,31.23
2021-04-13 19:00:00,29.21,146.87,70.66,30.27
2021-04-13 20:00:00,35.11,135.37,72.68,29.72
2021-04-13 21:00:00,34.14,139.76,77.06,29.09
2021-04-13 22:00:00,27.55,96.66,82.31,28.56
2021-04-13 23:00:00,22.55,66.63,84.37,28.21
2021-04-14 00:00:00,17.44,48.17,84.66,28.01
2021-04-14 01:00:00,17.11,40.78,85.54,27.75
2021-04-14 02:00:00,16.45,43.63,85.49,27.71
2021-04-14 03:00:00,21.45,51.6,84.29,27.68
2021-04-14 04:00:00,26.55,55.37,83.97,27.54
2021-04-14 05:00:00,25.11,60.05,85.31,27.09
2021-04-14 06:00:00,25.33,56.7,86.32,26.98
2021-04-14 07:00:00,22.55,48.59,84.31,27.66
2021-04-14 08:00:00,17.44,63.1,77.04,29.38
2021-04-14 09:00:00,27.78,84.4,68.55,31.32
2021-04-14 10:00:00,36.91,123.79,58.42,33.47
2021-04-14 11:00:00,38.33,129.07,54.5,34.66
2021-04-14 12:00:00,48.55,151.27,50.36,35.05
2021-04-14 13:00:00,49.0,149.45,43.21,35.85
2021-04-14 14:00:00,42.22,158.81,53.48,34.83
2021-04-14 15:00:00,39.11,188.66,55.5,33.84
2021-04-14 16:00:00,38.0,199.0,58.34,33.17
2021-04-14 17:00:00,32.03666666666667,174.89,62.870000000000005,31.916666666666668
2021-04-14 18:00:00,26.07333333333333,150.78,67.4,30.663333333333334
2021-04-14 19:00:00,20.11,126.67,71.93,29.41
2021-04-14 20:00:00,17.67,90.73,75.84,28.92
2021-04-14 21:00:00,18.67,72.41,78.22,28.81
2021-04-14 22:00:00,20.67,74.37,79.85,28.62
2021-04-14 23:00:00,21.67,70.2,81.29,28.33
2021-04-15 00:00:00,22.35,52.23,80.48,28.09
2021-04-15 01:00:00,22.58,60.66,81.33,27.58
2021-04-15 02:00:00,21.67,75.41,83.34,27.31
2021-04-15 03:00:00,13.22,54.77,86.12,26.9
2021-04-15 04:00:00,12.77,45.41,86.67,26.43
2021-04-15 05:00:00,16.77,46.74,87.64,26.07
2021-04-15 06:00:00,21.67,55.46,88.1,25.95
2021-04-15 07:00:00,25.88,66.67,86.06,26.9
2021-04-15 08:00:00,30.53,86.39,79.26,28.65
2021-04-15 09:00:00,41.22,106.72,70.07,30.81
2021-04-15 10:00:00,46.32,122.46,55.89,33.16
2021-04-15 11:00:00,46.55,232.67,47.57,34.51
2021-04-15 12:00:00,48.33,188.7,40.91,35.29
2021-04-15 13:00:00,42.35,133.31,47.96,34.63
2021-04-15 14:00:00,41.22,142.05,50.26,33.23
2021-04-15 15:00:00,40.47,170.22,58.12,32.2
2021-04-15 16:00:00,34.67,156.0,61.44,31.4
2021-04-15 17:00:00,29.45,98.64,66.19,30.88
2021-04-15 18:00:00,25.88,77.52,71.12,29.77
2021-04-15 19:00:00,25.67,87.83,75.11,28.89
2021-04-15 20:00:00,24.89,76.61,79.84,28.2
2021-04-15 21:00:00,28.22,60.06,82.59,27.68
2021-04-15 22:00:00,31.88,54.74,83.84,27.2
2021-04-15 23:00:00,32.12,59.67,84.09,26.81
2021-04-16 00:00:00,32.33,76.81,85.65,26.63
2021-04-16 01:00:00,28.63,62.3,87.45,26.42
2021-04-16 02:00:00,23.78,54.67,88.91,26.26
2021-04-16 03:00:00,23.33,33.64,89.64,25.9
2021-04-16 04:00:00,20.88,33.57,90.34,25.24
2021-04-16 05:00:00,22.0,36.11,88.91,24.64
2021-04-16 06:00:00,21.56,40.05,90.34,24.81
2021-04-16 07:00:00,29.0,58.77,87.6,26.03
2021-04-16 08:00:00,38.11,93.85,78.73,27.95
2021-04-16 09:00:00,35.22,135.48,62.33,30.87
2021-04-16 10:00:00,36.11,127.04,48.21,34.17
2021-04-16 11:00:00,35.98,97.88,40.7,35.55
2021-04-16 12:00:00,28.35,89.63,42.9,35.58
2021-04-16 13:00:00,21.45,92.52,47.1,35.01
2021-04-16 14:00:00,15.22,101.57,54.43,34.24
2021-04-16 15:00:00,17.0,135.77,63.14,32.11
2021-04-16 16:00:00,22.89,151.11,66.13,31.08
2021-04-16 17:00:00,22.23,106.5,68.52,30.54
2021-04-16 18:00:00,18.67,91.5,73.43,29.16
2021-04-16 19:00:00,17.0,101.0,77.27,28.18
2021-04-16 20:00:00,14.78,49.5,80.27,27.62
2021-04-16 21:00:00,10.67,25.82,76.62,27.62
2021-04-16 22:00:00,10.33,28.71,77.85,27.3
2021-04-16 23:00:00,12.0,29.25,79.62,27.2
2021-04-17 00:00:00,14.65,33.14,80.05,27.02
2021-04-17 01:00:00,15.79,31.22,82.0,26.74
2021-04-17 02:00:00,10.79,27.74,83.55,26.18
2021-04-17 03:00:00,9.34,27.63,83.5,25.27
2021-04-17 04:00:00,9.67,29.89,80.24,24.35
2021-04-17 05:00:00,9.32,30.37,78.96,23.98
2021-04-17 06:00:00,12.33,32.52,86.37,24.58
2021-04-17 07:00:00,17.53,68.68,85.71,25.76
2021-04-17 08:00:00,27.78,78.91,76.78,27.74
2021-04-17 09:00:00,29.26,83.09,68.68,30.42
2021-04-17 10:00:00,25.53,92.78,59.28,33.02
2021-04-17 11:00:00,30.89,95.0,52.71,34.64
2021-04-17 12:00:00,30.23,114.0,50.47,35.47
2021-04-17 13:00:00,24.02,142.5,56.03,35.2
2021-04-17 14:00:00,19.45,106.5,60.76,34.27
2021-04-17 15:00:00,20.0,83.5,63.69,33.13
2021-04-17 16:00:00,19.56,82.67,58.94,32.4
2021-04-17 17:00:00,19.0,112.51,58.01,31.8
2021-04-17 18:00:00,24.74,115.3,62.84,30.73
2021-04-17 19:00:00,34.65,102.0,69.81,29.72
2021-04-17 20:00:00,33.14,83.08,72.32,29.16
2021-04-17 21:00:00,26.12,67.59,73.55,28.73
2021-04-17 22:00:00,26.34,63.74,75.88,28.4
2021-04-17 23:00:00,28.0,56.21,82.16,28.31
2021-04-18 00:00:00,28.163714285714285,57.061142857142855,81.564,28.468857142857143
2021-04-18 01:00:00,28.32742857142857,57.912285714285716,80.968,28.627714285714283
2021-04-18 02:00:00,28.491142857142858,58.76342857142857,80.372,28.786571428571428
2021-04-18 03:00:00,28.654857142857143,59.61457142857143,79.776,28.94542857142857
2021-04-18 04:00:00,28.818571428571428,60.465714285714284,79.17999999999999,29.104285714285712
2021-04-18 05:00:00,28.982285714285712,61.316857142857145,78.584,29.263142857142856
2021-04-18 06:00:00,29.146,62.168,77.988,29.421999999999997
2021-04-18 07:00:00,29.309714285714286,63.01914285714286,77.392,29.58085714285714
2021-04-18 08:00:00,29.47342857142857,63.870285714285714,76.79599999999999,29.739714285714285
2021-04-18 09:00:00,29.637142857142855,64.72142857142858,76.2,29.898571428571426
2021-04-18 10:00:00,29.80085714285714,65.57257142857142,75.604,30.05742857142857
2021-04-18 11:00:00,29.96457142857143,66.42371428571428,75.008,30.21628571428571
2021-04-18 12:00:00,30.128285714285713,67.27485714285714,74.41199999999999,30.375142857142855
2021-04-18 13:00:00,30.291999999999998,68.126,73.816,30.534
2021-04-18 14:00:00,30.455714285714283,68.97714285714285,73.22,30.69285714285714
2021-04-18 15:00:00,30.61942857142857,69.82828571428571,72.624,30.851714285714284
2021-04-18 16:00:00,30.783142857142856,70.67942857142857,72.02799999999999,31.010571428571428
2021-04-18 17:00:00,30.94685714285714,71.53057142857143,71.432,31.16942857142857
2021-04-18 18:00:00,31.110571428571426,72.38171428571428,70.836,31.328285714285713
2021-04-18 19:00:00,31.27428571428571,73.23285714285714,70.24,31.487142857142857
2021-04-18 20:00:00,31.438,74.084,69.64399999999999,31.645999999999997
2021-04-18 21:00:00,31.601714285714284,74.93514285714286,69.048,31.80485714285714
2021-04-18 22:00:00,31.76542857142857,75.78628571428571,68.452,31.963714285714282
2021-04-18 23:00:00,31.929142857142857,76.63742857142857,67.856,32.122571428571426
2021-04-19 00:00:00,32.09285714285714,77.48857142857143,67.25999999999999,32.28142857142857
2021-04-19 01:00:00,32.25657142857143,78.33971428571428,66.664,32.440285714285714
2021-04-19 02:00:00,32.42028571428571,79.19085714285714,66.068,32.59914285714285
2021-04-19 03:00:00,32.583999999999996,80.042,65.472,32.757999999999996
2021-04-19 04:00:00,32.74771428571428,80.89314285714286,64.876,32.91685714285714
2021-04-19 05:00:00,32.911428571428566,81.74428571428571,64.28,33.075714285714284
2021-04-19 06:00:00,33.07514285714285,82.59542857142857,63.684,33.23457142857143
2021-04-19 07:00:00,33.23885714285714,83.44657142857143,63.087999999999994,33.39342857142857
2021-04-19 08:00:00,33.40257142857143,84.29771428571428,62.492,33.55228571428571
2021-04-19 09:00:00,33.56628571428571,85.14885714285714,61.896,33.71114285714285
2021-04-19 10:00:00,33.73,86.0,61.3,33.87
2021-04-19 11:00:00,22.88,107.05,61.22,33.5
2021-04-19 12:00:00,26.21,103.56,60.81,33.73
2021-04-19 13:00:00,23.7,118.33,60.28,33.49
2021-04-19 14:00:00,20.98,118.76,63.19,32.48
2021-04-19 15:00:00,23.33,114.15,63.76,32.12
2021-04-19 16:00:00,22.67,94.56,62.63,32.05
2021-04-19 17:00:00,21.58,77.59,65.41,31.08
2021-04-19 18:00:00,16.0,81.97,68.64,30.01
2021-04-19 19:00:00,16.0,80.35,72.72,29.11
2021-04-19 20:00:00,16.0,59.34,75.84,28.48
2021-04-19 21:00:00,16.88,37.07,76.53,27.91
2021-04-19 22:00:00,18.0,28.11,78.45,27.57
2021-04-19 23:00:00,20.65,40.18,82.47,27.21
2021-04-20 00:00:00,22.68,38.18,84.39,27.1
2021-04-20 01:00:00,19.45,35.54,85.12,26.98
2021-04-20 02:00:00,17.0,32.9,86.66,26.48
2021-04-20 03:00:00,12.46,30.259999999999998,87.06,26.09
2021-04-20 04:00:00,10.23,27.619999999999997,87.47,25.86
2021-04-20 05:00:00,8.0,24.979999999999997,87.96,26.09
2021-04-20 06:00:00,14.0,22.34,87.97,26.34
2021-04-20 07:00:00,19.3,28.52,85.23,27.29
2021-04-20 08:00:00,23.78,64.53,77.95,28.72
2021-04-20 09:00:00,21.0,85.0,68.68,30.49
2021-04-20 10:00:00,23.21,100.77,61.52,32.33
2021-04-20 11:00:00,22.45,98.7,57.49,33.23
2021-04-20 12:00:00,17.12,109.66,58.22,33.67
2021-04-20 13:00:00,13.78,102.97,56.76,33.81
2021-04-20 14:00:00,11.44,66.52,55.32,33.14
2021-04-20 15:00:00,13.78,66.86,53.02,32.78
2021-04-20 16:00:00,17.32,88.39,53.03,32.62
2021-04-20 17:00:00,18.55,101.15,63.97,31.14
2021-04-20 18:00:00,20.21,110.57,69.72,29.9
2021-04-20 19:00:00,19.0,83.61,75.29,28.84
2021-04-20 20:00:00,13.55,50.5,80.19,28.19
2021-04-20 21:00:00,13.0,33.8,81.89,27.84
2021-04-20 22:00:00,12.12,30.89,83.37,27.48
2021-04-20 23:00:00,11.88,25.03,84.3,27.18
2021-04-21 00:00:00,14.77,26.67,86.57,26.55
2021-04-21 01:00:00,16.56,30.0,87.75,26.23
2021-04-21 02:00:00,13.79,20.0,87.48,26.1
2021-04-21 03:00:00,11.0,17.45,87.66,25.93
2021-04-21 04:00:00,10.0,15.79,88.23,25.87
2021-04-21 05:00:00,9.0,14.13,88.05,25.62
2021-04-21 06:00:00,9.0,15.4,88.4,25.55
2021-04-21 07:00:00,16.65,23.09,85.65,26.85
2021-04-21 08:00:00,24.89,39.61,79.85,28.24
2021-04-21 09:00:00,31.44,57.67,71.76,30.18
2021-04-21 10:00:00,32.44,94.27,61.94,32.38
2021-04-21 11:00:00,29.89,82.5,57.27,33.24
2021-04-21 12:00:00,23.78,80.13,61.54,32.82
2021-04-21 13:00:00,19.23,103.5,64.13,32.29
2021-04-21 14:00:00,15.68,86.15,64.23,32.08
2021-04-21 15:00:00,16.65,86.07,65.06,31.5
2021-04-21 16:00:00,20.45,93.11,65.4,31.34
2021-04-21 17:00:00,21.45,88.22,69.0,30.55
2021-04-21 18:00:00,21.12,76.58,73.27,29.52
2021-04-21 19:00:00,21.78,89.2,77.9,28.5
2021-04-21 20:00:00,21.79,59.82,80.19,27.86
2021-04-21 21:00:00,14.58,33.48,81.44,27.55
2021-04-21 22:00:00,9.88,24.47,81.38,27.38
2021-04-21 23:00:00,9.68,29.46,81.84,26.99
2021-04-22 00:00:00,12.83,30.61,83.01,26.73
2021-04-22 01:00:00,17.68,27.37,82.7,26.89
2021-04-22 02:00:00,15.55,27.0,82.8,26.66
2021-04-22 03:00:00,15.0,30.73,82.52,26.91
2021-04-22 04:00:00,12.78,25.43,82.46,26.79
2021-04-22 05:00:00,11.15,15.98,84.13,26.3
2021-04-22 06:00:00,14.32,25.84,84.97,25.97
2021-04-22 07:00:00,16.44,31.89,83.48,26.7
2021-04-22 08:00:00,20.53,49.95,76.38,28.25
2021-04-22 09:00:00,23.67,63.78,66.94,30.5
2021-04-22 10:00:00,22.88,92.37,56.87,32.47
2021-04-22 11:00:00,25.79,102.35,50.94,33.33
2021-04-22 12:00:00,27.56,90.8,45.47,34.03
2021-04-22 13:00:00,25.23,103.58,43.43,34.38
2021-04-22 14:00:00,19.47,130.39,51.58,34.33
2021-04-22 15:00:00,18.5,127.39,57.72,33.66
2021-04-22 16:00:00,24.65,96.58,61.94,32.75
2021-04-22 17:00:00,25.35,88.0,61.88,31.41
2021-04-22 18:00:00,22.88,98.93,65.14,30.42
2021-04-22 19:00:00,22.68,97.17,75.21,29.09
2021-04-22 20:00:00,18.79,80.02,76.45,28.45
2021-04-22 21:00:00,14.23,54.08,76.37,28.16
2021-04-22 22:00:00,12.44,37.98,79.97,27.86
2021-04-22 23:00:00,12.12,31.86,77.59,26.97
2021-04-23 00:00:00,14.55,57.62,79.68,25.96
2021-04-23 01:00:00,20.77,64.58,82.87,25.23
2021-04-23 02:00:00,27.42,54.59,84.67,24.93
2021-04-23 03:00:00,29.0,57.02,82.91,25.12
2021-04-23 04:00:00,23.12,65.02,82.35,25.63
2021-04-23 05:00:00,20.67,64.22,83.04,25.56
2021-04-23 06:00:00,14.55,60.74,80.98,24.42
2021-04-23 07:00:00,12.53,78.83,80.89,25.92
2021-04-23 08:00:00,19.21,140.85,67.63,29.11
2021-04-23 09:00:00,24.65,133.96,52.47,31.81
2021-04-23 10:00:00,28.89,105.09,39.28,34.91
2021-04-23 11:00:00,30.88,99.75,32.33,35.8
2021-04-23 12:00:00,26.7,164.29,30.87,36.2
2021-04-23 13:00:00,17.79,138.68,36.66,34.58
2021-04-23 14:00:00,15.0,104.78,31.41,34.11
2021-04-23 15:00:00,13.23,120.24,33.03,33.51
2021-04-23 16:00:00,10.12,94.1,34.1,32.89
2021-04-23 17:00:00,10.78,100.37,42.66,31.59
2021-04-23 18:00:00,11.68,99.05,49.08,30.44
2021-04-23 19:00:00,12.65,85.23,56.74,29.35
2021-04-23 20:00:00,18.21,90.53,62.87,28.62
2021-04-23 21:00:00,21.0,78.68,67.75,27.64
2021-04-23 22:00:00,18.35,61.47,72.24,27.3
2021-04-23 23:00:00,12.35,60.02,72.78,26.72
2021-04-24 00:00:00,11.65,55.98,73.14,25.9
2021-04-24 01:00:00,14.56,54.0,78.16,25.18
2021-04-24 02:00:00,16.21,53.0,81.27,24.87
2021-04-24 03:00:00,18.12,47.85,84.72,24.5
2021-04-24 04:00:00,17.44,50.6,86.11,23.93
2021-04-24 05:00:00,14.03,43.59,87.44,23.96
2021-04-24 06:00:00,13.45,45.29,85.44,24.37
2021-04-24 07:00:00,22.98,67.18,79.69,25.53
2021-04-24 08:00:00,37.72,142.69,71.65,27.65
2021-04-24 09:00:00,44.24,135.86,59.77,30.56
2021-04-24 10:00:00,37.0,130.81,51.35,32.94
2021-04-24 11:00:00,34.79,184.43,50.51,34.25
2021-04-24 12:00:00,36.0,223.44,55.17,34.06
2021-04-24 13:00:00,34.4,174.62,56.26,34.0
2021-04-24 14:00:00,25.56,115.15,57.93,33.29
2021-04-24 15:00:00,22.79,128.88,62.7,31.8
2021-04-24 16:00:00,16.47,120.26,65.06,31.24
2021-04-24 17:00:00,11.56,105.63,68.97,30.14
2021-04-24 18:00:00,12.77,87.1,72.69,29.01
2021-04-24 19:00:00,13.23,61.5,76.72,28.34
2021-04-24 20:00:00,10.56,47.98,78.82,27.92
2021-04-24 21:00:00,12.2,51.3,79.9,27.83
2021-04-24 22:00:00,13.23,45.58,81.05,27.65
2021-04-24 23:00:00,11.0,41.26,82.28,27.56
2021-04-25 00:00:00,10.56,47.62,81.53,26.95
2021-04-25 01:00:00,10.89,47.23,84.63,26.9
2021-04-25 02:00:00,9.79,37.43,84.75,26.38
2021-04-25 03:00:00,7.0,34.89,86.83,26.14
2021-04-25 04:00:00,8.77,30.95,86.65,26.26
2021-04-25 05:00:00,14.09,27.37,88.07,26.07
2021-04-25 06:00:00,14.47,31.39,88.68,26.02
2021-04-25 07:00:00,14.86,45.3,85.32,26.8
2021-04-25 08:00:00,25.86,50.74,76.37,28.63
2021-04-25 09:00:00,32.88,80.27,62.2,31.27
2021-04-25 10:00:00,31.36,102.39,48.12,34.32
2021-04-25 11:00:00,32.42,113.2,43.27,36.26
2021-04-25 12:00:00,39.77,209.03,41.21,36.76
2021-04-25 13:00:00,40.67,199.37,50.27,36.22
2021-04-25 14:00:00,36.79,128.1,52.41,35.49
2021-04-25 15:00:00,30.02,115.53,60.87,33.92
2021-04-25 16:00:00,26.32,124.39,63.96,33.14
2021-04-25 17:00:00,27.56,114.39,63.24,32.3
2021-04-25 18:00:00,28.32,116.46,63.64,32.0
2021-04-25 19:00:00,35.3,110.7,54.77,32.66
2021-04-25 20:00:00,38.02,121.66,36.83,32.8
2021-04-25 21:00:00,36.98,93.7,41.27,31.41
2021-04-25 22:00:00,42.45,80.42,49.18,29.6
2021-04-25 23:00:00,48.74,113.62,52.22,28.57
2021-04-26 00:00:00,49.86,108.56,49.8,29.44
2021-04-26 01:00:00,45.53,102.05,71.77,28.94
2021-04-26 02:00:00,44.7,106.51,80.96,28.64
2021-04-26 03:00:00,36.23,106.11,86.02,28.54
2021-04-26 04:00:00,36.21,95.54,87.21,28.43
2021-04-26 05:00:00,37.23,118.25,86.49,28.06
2021-04-26 06:00:00,42.46,120.43,86.98,27.66
2021-04-26 07:00:00,49.79,123.35,84.33,28.85
2021-04-26 08:00:00,49.22,134.4,79.62,30.24
2021-04-26 09:00:00,56.83,163.37,70.69,32.15
2021-04-26 10:00:00,62.56,298.18,57.98,35.0
2021-04-26 11:00:00,58.91,258.14,59.58,35.04
2021-04-26 12:00:00,55.44,202.46,66.45,33.75
2021-04-26 13:00:00,52.47,195.39,69.41,32.78
2021-04-26 14:00:00,48.44,180.43,68.27,32.55
2021-04-26 15:00:00,52.53,192.95,63.27,32.57
2021-04-26 16:00:00,53.05,206.77,59.11,32.56
2021-04-26 17:00:00,45.35,187.66,60.23,32.28
2021-04-26 18:00:00,41.12,178.78,67.81,31.08
2021-04-26 19:00:00,36.02,170.95,73.74,29.88
2021-04-26 20:00:00,30.12,162.74,78.18,29.24
2021-04-26 21:00:00,30.77,164.53,81.3,28.98
2021-04-26 22:00:00,33.0,162.86,82.79,28.65
2021-04-26 23:00:00,36.53,162.88,83.35,28.64
2021-04-27 00:00:00,42.33,170.88,84.0,28.4
2021-04-27 01:00:00,43.12,181.94,84.09,28.27
2021-04-27 02:00:00,37.14,179.72,85.77,27.94
2021-04-27 03:00:00,26.14,169.72,86.12,27.77
2021-04-27 04:00:00,23.96,158.47,86.03,27.55
2021-04-27 05:00:00,31.65,162.83,86.9,27.18
2021-04-27 06:00:00,34.56,166.11,87.69,27.07
2021-04-27 07:00:00,37.98,195.9,84.81,28.31
2021-04-27 08:00:00,41.67,207.72,76.87,29.85
2021-04-27 09:00:00,39.56,227.23,68.15,31.56
2021-04-27 10:00:00,43.42,227.19,65.58,33.13
2021-04-27 11:00:00,52.96,246.62,64.22,33.3
2021-04-27 12:00:00,56.67,315.73,61.12,33.87
2021-04-27 13:00:00,51.91,311.22,60.77,33.92
2021-04-27 14:00:00,45.79,234.13,57.73,33.33
2021-04-27 15:00:00,43.0,220.46,54.94,32.85
2021-04-27 16:00:00,41.24,215.68,48.36,33.06
2021-04-27 17:00:00,34.17,164.38,55.33,31.79
2021-04-27 18:00:00,30.2,144.4,66.87,30.59
2021-04-27 19:00:00,31.68,168.34,73.01,29.68
2021-04-27 20:00:00,30.0,154.63,73.48,29.53
2021-04-27 21:00:00,27.33,128.33,75.31,29.39
2021-04-27 22:00:00,24.88,106.87,71.11,29.4
2021-04-27 23:00:00,27.32,110.56,69.5,29.52
2021-04-28 00:00:00,33.84,119.25,74.78,28.72
2021-04-28 01:00:00,36.04,111.84,78.09,28.62
2021-04-28 02:00:00,29.68,100.09,83.26,28.04
2021-04-28 03:00:00,24.02,91.61,82.46,28.07
2021-04-28 04:00:00,19.44,82.09,83.31,27.55
2021-04-28 05:00:00,20.44,69.8,85.69,26.97
2021-04-28 06:00:00,24.09,78.18,83.65,26.82
2021-04-28 07:00:00,38.6,175.15,79.3,27.59
2021-04-28 08:00:00,48.02,197.24,80.77,28.55
2021-04-28 09:00:00,50.07,163.93,72.16,30.43
2021-04-28 10:00:00,54.14,170.07,64.0,32.27
2021-04-28 11:00:00,48.0,179.0,51.27,34.48
2021-04-28 12:00:00,47.3472,178.2604,51.372800000000005,34.4916
2021-04-28 13:00:00,46.6944,177.5208,51.4756,34.5032
2021-04-28 14:00:00,46.0416,176.7812,51.5784,34.5148
2021-04-28 15:00:00,45.3888,176.0416,51.681200000000004,34.526399999999995
2021-04-28 16:00:00,44.736,175.302,51.784000000000006,34.538
2021-04-28 17:00:00,44.0832,174.5624,51.8868,34.5496
2021-04-28 18:00:00,43.4304,173.8228,51.9896,34.5612
2021-04-28 19:00:00,42.7776,173.0832,52.092400000000005,34.5728
2021-04-28 20:00:00,42.1248,172.3436,52.1952,34.5844
2021-04-28 21:00:00,41.472,171.60399999999998,52.298,34.596
2021-04-28 22:00:00,40.8192,170.8644,52.400800000000004,34.6076
2021-04-28 23:00:00,40.166399999999996,170.1248,52.503600000000006,34.6192
2021-04-29 00:00:00,39.5136,169.3852,52.6064,34.6308
2021-04-29 01:00:00,38.8608,168.6456,52.7092,34.6424
2021-04-29 02:00:00,38.208,167.906,52.812000000000005,34.654
2021-04-29 03:00:00,37.5552,167.16639999999998,52.91480000000001,34.6656
2021-04-29 04:00:00,36.9024,166.4268,53.0176,34.6772
2021-04-29 05:00:00,36.2496,165.6872,53.120400000000004,34.6888
2021-04-29 06:00:00,35.5968,164.9476,53.223200000000006,34.7004
2021-04-29 07:00:00,34.944,164.208,53.326,34.712
2021-04-29 08:00:00,34.2912,163.4684,53.4288,34.723600000000005
2021-04-29 09:00:00,33.6384,162.72879999999998,53.531600000000005,34.7352
2021-04-29 10:00:00,32.9856,161.98919999999998,53.63440000000001,34.7468
2021-04-29 11:00:00,32.3328,161.2496,53.7372,34.7584
2021-04-29 12:00:00,31.68,160.51,53.84,34.77
2021-04-29 13:00:00,28.68,150.17,57.3,34.83
2021-04-29 14:00:00,25.23,129.58,58.46,34.11
2021-04-29 15:00:00,22.55,157.27,59.08,33.02
2021-04-29 16:00:00,21.56,212.78,68.72,31.43
2021-04-29 17:00:00,15.26,180.64,71.99,30.57
2021-04-29 18:00:00,9.75,110.7,76.03,29.79
2021-04-29 19:00:00,14.65,86.12,79.28,29.11
2021-04-29 20:00:00,16.25,57.38,80.72,28.77
2021-04-29 21:00:00,15.77,48.53,79.79,29.03
2021-04-29 22:00:00,18.44,53.0,79.28,28.84
2021-04-29 23:00:00,21.63,53.32911392405063,79.36,28.42
2021-04-30 00:00:00,22.36,53.65822784810126,82.8,28.06
2021-04-30 01:00:00,15.89,53.9873417721519,84.56,27.93
2021-04-30 02:00:00,13.77,54.31645569620253,86.51,27.5
2021-04-30 03:00:00,14.23,54.64556962025316,87.44,27.26
2021-04-30 04:00:00,13.75,54.9746835443038,86.07,27.48
2021-04-30 05:00:00,22.62,55.30379746835443,81.63,27.26
2021-04-30 06:00:00,45.13,55.63291139240506,74.91,26.89
2021-04-30 07:00:00,58.14,55.962025316455694,75.78,27.95
2021-04-30 08:00:00,57.27,56.291139240506325,72.78,29.87
2021-04-30 09:00:00,56.49,56.620253164556964,68.14,31.45
2021-04-30 10:00:00,45.68,56.949367088607595,60.39,33.78
2021-04-30 11:00:00,44.44,57.278481012658226,61.16,34.07
2021-04-30 12:00:00,40.17,57.607594936708864,61.37,33.47
2021-04-30 13:00:00,30.91,57.936708860759495,56.05,33.51
2021-04-30 14:00:00,26.56,58.265822784810126,60.3,32.53
2021-04-30 15:00:00,22.91,58.59493670886076,61.2,32.05
2021-04-30 16:00:00,16.37,58.92405063291139,56.68,32.04
2021-04-30 17:00:00,12.12,59.25316455696203,63.61,30.8
2021-04-30 18:00:00,11.0,59.58227848101266,74.57,29.62
2021-04-30 19:00:00,8.35,59.91139240506329,78.24,28.97
2021-04-30 20:00:00,7.63,60.24050632911393,77.99,28.68
2021-04-30 21:00:00,11.0,60.56962025316456,76.16,28.48
2021-04-30 22:00:00,11.0,60.89873417721519,70.92,28.85
2021-04-30 23:00:00,11.007462686567164,61.22784810126582,68.04,28.85
2021-05-01 00:00:00,11.014925373134329,61.55696202531645,72.93,28.24
2021-05-01 01:00:00,11.022388059701493,61.88607594936709,76.81,28.18
2021-05-01 02:00:00,11.029850746268657,62.21518987341772,76.79,27.91
2021-05-01 03:00:00,11.037313432835822,62.54430379746835,75.75,27.76
2021-05-01 04:00:00,11.044776119402986,62.87341772151899,81.88,28.13
2021-05-01 05:00:00,11.052238805970148,63.20253164556962,82.92,28.04
2021-05-01 06:00:00,11.059701492537313,63.53164556962025,82.0,28.03
2021-05-01 07:00:00,11.067164179104477,63.860759493670884,81.71,28.13
2021-05-01 08:00:00,11.074626865671641,64.18987341772151,79.31,28.92
2021-05-01 09:00:00,11.082089552238806,64.51898734177215,68.89,30.46
2021-05-01 10:00:00,11.08955223880597,64.84810126582278,60.8,31.64
2021-05-01 11:00:00,11.097014925373134,65.17721518987342,45.75,35.47
2021-05-01 12:00:00,11.104477611940299,65.50632911392405,42.14,35.97
2021-05-01 13:00:00,11.111940298507463,65.83544303797468,44.09,36.16
2021-05-01 14:00:00,11.119402985074627,66.16455696202532,57.75,34.61
2021-05-01 15:00:00,11.126865671641792,66.49367088607595,56.23,34.27
2021-05-01 16:00:00,11.134328358208956,66.82278481012658,59.13,32.6
2021-05-01 17:00:00,11.14179104477612,67.15189873417721,63.37,31.19
2021-05-01 18:00:00,11.149253731343283,67.48101265822785,66.56,30.62
2021-05-01 19:00:00,11.156716417910447,67.81012658227849,69.32,30.02
2021-05-01 20:00:00,11.164179104477611,68.13924050632912,72.97,29.56
2021-05-01 21:00:00,11.171641791044776,68.46835443037975,73.11,29.16
2021-05-01 22:00:00,11.17910447761194,68.79746835443038,76.3,28.5
2021-05-01 23:00:00,11.186567164179104,69.12658227848101,77.93,28.19
2021-05-02 00:00:00,11.194029850746269,69.45569620253164,79.32,27.95
2021-05-02 01:00:00,11.201492537313433,69.78481012658227,80.53,27.7
2021-05-02 02:00:00,11.208955223880597,70.1139240506329,80.39,27.7
2021-05-02 03:00:00,11.216417910447761,70.44303797468353,78.65,27.98
2021-05-02 04:00:00,11.223880597014926,70.77215189873418,78.76,28.03
2021-05-02 05:00:00,11.23134328358209,71.10126582278481,81.38,28.39
2021-05-02 06:00:00,11.238805970149254,71.43037974683544,84.33,28.3
2021-05-02 07:00:00,11.246268656716419,71.75949367088607,82.67,28.83
2021-05-02 08:00:00,11.253731343283581,72.0886075949367,80.02,29.32
2021-05-02 09:00:00,11.261194029850746,72.41772151898735,76.06,30.5
2021-05-02 10:00:00,11.26865671641791,72.74683544303798,74.5,31.24
2021-05-02 11:00:00,11.276119402985074,73.07594936708861,69.68,32.4
2021-05-02 12:00:00,11.283582089552239,73.40506329113924,62.96,33.58
2021-05-02 13:00:00,11.291044776119403,73.73417721518987,58.61,33.95
2021-05-02 14:00:00,11.298507462686567,74.0632911392405,57.92,33.72
2021-05-02 15:00:00,11.305970149253731,74.39240506329114,60.59,32.83
2021-05-02 16:00:00,11.313432835820896,74.72151898734177,63.38,31.77
2021-05-02 17:00:00,11.32089552238806,75.0506329113924,67.14,30.89
2021-05-02 18:00:00,11.328358208955224,75.37974683544303,70.87,30.25
2021-05-02 19:00:00,11.335820895522389,75.70886075949366,55.31,30.04
2021-05-02 20:00:00,11.343283582089553,76.0379746835443,54.69,29.28
2021-05-02 21:00:00,11.350746268656717,76.36708860759494,59.78,28.28
2021-05-02 22:00:00,11.35820895522388,76.69620253164557,61.3,28.07
2021-05-02 23:00:00,11.365671641791044,77.0253164556962,63.77,27.66
2021-05-03 00:00:00,11.373134328358208,77.35443037974683,64.24,27.77
2021-05-03 01:00:00,11.380597014925373,77.68354430379748,67.46,27.36
2021-05-03 02:00:00,11.388059701492537,78.0126582278481,71.24,26.98
2021-05-03 03:00:00,11.395522388059701,78.34177215189874,70.16,27.35
2021-05-03 04:00:00,11.402985074626866,78.67088607594937,69.13,27.12
2021-05-03 05:00:00,11.41044776119403,79.0,72.49,26.68
2021-05-03 06:00:00,11.417910447761194,79.32911392405063,73.75,26.62
2021-05-03 07:00:00,11.425373134328359,79.65822784810126,69.29,27.83
2021-05-03 08:00:00,11.432835820895523,79.9873417721519,64.0,29.93
2021-05-03 09:00:00,11.440298507462687,80.31645569620252,57.53,32.26
2021-05-03 10:00:00,11.447761194029852,80.64556962025316,46.6,34.94
2021-05-03 11:00:00,11.455223880597014,80.97468354430379,41.67,35.99
2021-05-03 12:00:00,11.462686567164178,81.30379746835443,39.29,36.43
2021-05-03 13:00:00,11.470149253731343,81.63291139240506,51.16,35.19
2021-05-03 14:00:00,11.477611940298507,81.9620253164557,53.89,34.53
2021-05-03 15:00:00,11.485074626865671,82.29113924050633,53.99,34.34
2021-05-03 16:00:00,11.492537313432836,82.62025316455696,57.0,33.13
2021-05-03 17:00:00,11.5,82.9493670886076,66.56,31.73
2021-05-03 18:00:00,11.507462686567164,83.27848101265823,69.02,30.87
2021-05-03 19:00:00,11.514925373134329,83.60759493670886,71.29,30.16
2021-05-03 20:00:00,11.522388059701493,83.9367088607595,74.86,29.45
2021-05-03 21:00:00,11.529850746268657,84.26582278481013,76.81,28.99
2021-05-03 22:00:00,11.537313432835822,84.59493670886076,78.63,28.92
2021-05-03 23:00:00,11.544776119402986,84.92405063291139,75.69,28.84
2021-05-04 00:00:00,11.552238805970148,85.25316455696202,74.14,28.66
2021-05-04 01:00:00,11.559701492537313,85.58227848101265,77.18,28.54
2021-05-04 02:00:00,11.567164179104477,85.91139240506328,75.85,28.45
2021-05-04 03:00:00,11.574626865671641,86.24050632911391,80.76,28.15
2021-05-04 04:00:00,11.582089552238806,86.56962025316456,84.58,27.76
2021-05-04 05:00:00,11.58955223880597,86.89873417721519,81.83,27.39
2021-05-04 06:00:00,11.597014925373134,87.22784810126582,83.03,26.96
2021-05-04 07:00:00,11.604477611940299,87.55696202531645,81.6,28.33
2021-05-04 08:00:00,11.611940298507463,87.88607594936708,74.95,29.91
2021-05-04 09:00:00,11.619402985074627,88.21518987341773,61.9,32.54
2021-05-04 10:00:00,11.626865671641792,88.54430379746836,48.48,35.18
2021-05-04 11:00:00,11.634328358208956,88.87341772151899,40.05,36.3
2021-05-04 12:00:00,11.64179104477612,89.20253164556962,46.63,36.34
2021-05-04 13:00:00,11.649253731343283,89.53164556962025,52.45,35.73
2021-05-04 14:00:00,11.656716417910447,89.86075949367088,56.44,34.44
2021-05-04 15:00:00,11.664179104477611,90.18987341772151,56.8,33.78
2021-05-04 16:00:00,11.671641791044776,90.51898734177215,61.27,32.7
2021-05-04 17:00:00,11.67910447761194,90.84810126582278,62.51,32.25
2021-05-04 18:00:00,11.686567164179104,91.17721518987341,69.51,31.36
2021-05-04 19:00:00,11.694029850746269,91.50632911392404,71.78,30.74
2021-05-04 20:00:00,11.701492537313433,91.83544303797468,70.98,30.39
2021-05-04 21:00:00,11.708955223880597,92.16455696202532,69.89,29.66
2021-05-04 22:00:00,11.716417910447761,92.49367088607595,72.12,28.76
2021-05-04 23:00:00,11.723880597014926,92.82278481012658,75.01,28.23
2021-05-05 00:00:00,11.73134328358209,93.15189873417721,78.85,28.91
2021-05-05 01:00:00,11.738805970149254,93.48101265822785,82.44,28.87
2021-05-05 02:00:00,11.746268656716417,93.81012658227849,81.61,28.63
2021-05-05 03:00:00,11.753731343283581,94.13924050632912,84.49,27.78
2021-05-05 04:00:00,11.761194029850746,94.46835443037975,86.66,27.25
2021-05-05 05:00:00,11.76865671641791,94.79746835443038,88.14,26.89
2021-05-05 06:00:00,11.776119402985074,95.12658227848101,88.53,26.71
2021-05-05 07:00:00,11.783582089552239,95.45569620253164,85.23,28.5
2021-05-05 08:00:00,11.791044776119403,95.78481012658227,73.94,30.68
2021-05-05 09:00:00,11.798507462686567,96.1139240506329,64.56,32.41
2021-05-05 10:00:00,11.805970149253731,96.44303797468353,53.69,34.96
2021-05-05 11:00:00,11.813432835820896,96.77215189873417,44.94,35.87
2021-05-05 12:00:00,11.82089552238806,97.10126582278481,54.62,36.04
2021-05-05 13:00:00,11.828358208955224,97.43037974683544,58.93,35.65
2021-05-05 14:00:00,11.835820895522389,97.75949367088607,64.52,34.13
2021-05-05 15:00:00,11.843283582089553,98.0886075949367,68.78,32.97
2021-05-05 16:00:00,11.850746268656717,98.41772151898734,70.65,32.19
2021-05-05 17:00:00,11.85820895522388,98.74683544303798,69.53,31.73
2021-05-05 18:00:00,11.865671641791044,99.07594936708861,72.49,31.06
2021-05-05 19:00:00,11.873134328358208,99.40506329113924,76.31,30.37
2021-05-05 20:00:00,11.880597014925373,99.73417721518987,78.08,29.98
2021-05-05 21:00:00,11.888059701492537,100.0632911392405,81.8,29.5
2021-05-05 22:00:00,11.895522388059701,100.39240506329114,82.26,29.16
2021-05-05 23:00:00,11.902985074626866,100.72151898734177,83.88,28.72
2021-05-06 00:00:00,11.91044776119403,101.0506329113924,84.59,28.41
2021-05-06 01:00:00,11.917910447761194,101.37974683544303,84.31,28.29
2021-05-06 02:00:00,11.925373134328359,101.70886075949366,85.06,28.09
2021-05-06 03:00:00,11.932835820895523,102.03797468354429,86.34,27.62
2021-05-06 04:00:00,11.940298507462687,102.36708860759494,88.25,27.23
2021-05-06 05:00:00,11.947761194029852,102.69620253164557,87.67,27.14
2021-05-06 06:00:00,11.955223880597014,103.0253164556962,88.7,26.99
2021-05-06 07:00:00,11.962686567164178,103.35443037974683,85.19,28.61
2021-05-06 08:00:00,11.970149253731343,103.68354430379746,75.35,30.54
2021-05-06 09:00:00,11.977611940298507,104.0126582278481,64.95,33.1
2021-05-06 10:00:00,11.985074626865671,104.34177215189874,56.57,35.1
2021-05-06 11:00:00,11.992537313432836,104.67088607594937,53.95,35.94
2021-05-06 12:00:00,12.0,105.0,56.96,35.75
2021-05-06 13:00:00,11.12,99.98,55.17,35.73
2021-05-06 14:00:00,12.63,72.52,55.35,34.85
2021-05-06 15:00:00,15.12,91.9,59.74,33.7
2021-05-06 16:00:00,16.17,105.72,68.15,32.25
2021-05-06 17:00:00,15.05,92.54,72.28,31.26
2021-05-06 18:00:00,10.88,75.7,73.41,30.68
2021-05-06 19:00:00,11.56,72.75,76.65,29.89
2021-05-06 20:00:00,14.09,56.25,80.62,29.23
2021-05-06 21:00:00,19.32,48.14,82.52,28.83
2021-05-06 22:00:00,17.93,50.0,83.22,28.61
2021-05-06 23:00:00,14.0,58.16,83.92,28.43
2021-05-07 00:00:00,13.12,54.21,85.66,28.0
2021-05-07 01:00:00,11.12,51.5,86.25,27.75
2021-05-07 02:00:00,9.12,49.23,86.94,27.5
2021-05-07 03:00:00,7.12,27.54,86.76,27.63
2021-05-07 04:00:00,6.0,15.37,85.37,27.8
2021-05-07 05:00:00,6.88,20.65,85.55,27.75
2021-05-07 06:00:00,11.51,28.5,86.99,27.51
2021-05-07 07:00:00,19.07,44.93,84.38,28.55
2021-05-07 08:00:00,21.25,52.0,74.47,30.1
2021-05-07 09:00:00,22.07,67.07,60.39,32.96
2021-05-07 10:00:00,21.653333333333332,88.38,60.00666666666667,33.59
2021-05-07 11:00:00,21.236666666666668,109.69,59.623333333333335,34.22
2021-05-07 12:00:00,20.82,131.0,59.24,34.85
2021-05-07 13:00:00,10.8,107.14,64.52,33.37
2021-05-07 14:00:00,14.14,85.5,64.86,33.04
2021-05-07 15:00:00,25.07,110.5,61.14,33.44
2021-05-07 16:00:00,23.73,125.5,62.3,32.74
2021-05-07 17:00:00,17.85,119.0,70.2,31.65
2021-05-07 18:00:00,18.09111111111111,118.94444444444444,68.75055555555556,31.93111111111111
2021-05-07 19:00:00,18.332222222222224,118.88888888888889,67.30111111111111,32.21222222222222
2021-05-07 20:00:00,18.573333333333334,118.83333333333333,65.85166666666667,32.49333333333333
2021-05-07 21:00:00,18.814444444444447,118.77777777777777,64.40222222222222,32.77444444444444
2021-05-07 22:00:00,19.055555555555557,118.72222222222223,62.95277777777778,33.05555555555556
2021-05-07 23:00:00,19.296666666666667,118.66666666666667,61.50333333333334,33.336666666666666
2021-05-08 00:00:00,19.53777777777778,118.61111111111111,60.05388888888889,33.617777777777775
2021-05-08 01:00:00,19.77888888888889,118.55555555555556,58.60444444444445,33.89888888888889
2021-05-08 02:00:00,20.020000000000003,118.5,57.155,34.18
2021-05-08 03:00:00,20.261111111111113,118.44444444444444,55.705555555555556,34.46111111111111
2021-05-08 04:00:00,20.502222222222223,118.38888888888889,54.25611111111111,34.742222222222225
2021-05-08 05:00:00,20.743333333333336,118.33333333333333,52.80666666666667,35.02333333333333
2021-05-08 06:00:00,20.984444444444446,118.27777777777777,51.35722222222222,35.30444444444444
2021-05-08 07:00:00,21.22555555555556,118.22222222222223,49.90777777777778,35.58555555555556
2021-05-08 08:00:00,21.46666666666667,118.16666666666667,48.458333333333336,35.86666666666667
2021-05-08 09:00:00,21.70777777777778,118.11111111111111,47.00888888888889,36.147777777777776
2021-05-08 10:00:00,21.94888888888889,118.05555555555556,45.559444444444445,36.42888888888889
2021-05-08 11:00:00,22.19,118.0,44.11,36.71
2021-05-08 12:00:00,20.68,114.86,51.13,36.52
2021-05-08 13:00:00,16.37,106.73,55.23,35.9
2021-05-08 14:00:00,15.63,91.07,57.01,34.73
2021-05-08 15:00:00,19.0,84.0,58.84,33.93
2021-05-08 16:00:00,18.84851063829787,83.82889733840304,58.53021276595745,33.94510638297872
2021-05-08 17:00:00,18.697021276595745,83.65779467680608,58.2204255319149,33.96021276595744
2021-05-08 18:00:00,18.545531914893616,83.48669201520913,57.910638297872346,33.97531914893617
2021-05-08 19:00:00,18.39404255319149,83.31558935361217,57.60085106382979,33.990425531914894
2021-05-08 20:00:00,18.24255319148936,83.1444866920152,57.291063829787234,34.005531914893616
2021-05-08 21:00:00,18.091063829787235,82.97338403041825,56.98127659574468,34.02063829787234
2021-05-08 22:00:00,17.939574468085105,82.8022813688213,56.67148936170213,34.03574468085106
2021-05-08 23:00:00,17.78808510638298,82.63117870722434,56.361702127659576,34.05085106382979
2021-05-09 00:00:00,17.63659574468085,82.46007604562737,56.051914893617024,34.06595744680851
2021-05-09 01:00:00,17.485106382978724,82.28897338403041,55.74212765957447,34.08106382978723
2021-05-09 02:00:00,17.333617021276595,82.11787072243347,55.43234042553192,34.096170212765955
2021-05-09 03:00:00,17.18212765957447,81.9467680608365,55.12255319148937,34.111276595744684
2021-05-09 04:00:00,17.03063829787234,81.77566539923954,54.812765957446814,34.126382978723406
2021-05-09 05:00:00,16.879148936170214,81.60456273764258,54.502978723404254,34.14148936170213
2021-05-09 06:00:00,16.727659574468085,81.43346007604563,54.1931914893617,34.15659574468085
2021-05-09 07:00:00,16.57617021276596,81.26235741444867,53.88340425531915,34.17170212765957
2021-05-09 08:00:00,16.42468085106383,81.09125475285171,53.5736170212766,34.1868085106383
2021-05-09 09:00:00,16.273191489361704,80.92015209125475,53.263829787234044,34.20191489361702
2021-05-09 10:00:00,16.121702127659574,80.74904942965779,52.95404255319149,34.217021276595744
2021-05-09 11:00:00,15.970212765957447,80.57794676806084,52.64425531914894,34.232127659574466
2021-05-09 12:00:00,15.81872340425532,80.40684410646388,52.33446808510639,34.24723404255319
2021-05-09 13:00:00,15.667234042553192,80.23574144486692,52.024680851063835,34.26234042553192
2021-05-09 14:00:00,15.515744680851064,80.06463878326996,51.714893617021275,34.27744680851064
2021-05-09 15:00:00,15.364255319148937,79.89353612167301,51.40510638297872,34.29255319148936
2021-05-09 16:00:00,15.212765957446809,79.72243346007605,51.09531914893617,34.30765957446808
2021-05-09 17:00:00,15.061276595744681,79.55133079847909,50.78553191489362,34.32276595744681
2021-05-09 18:00:00,14.909787234042554,79.38022813688212,50.475744680851065,34.337872340425534
2021-05-09 19:00:00,14.758297872340425,79.20912547528518,50.16595744680851,34.352978723404256
2021-05-09 20:00:00,14.606808510638299,79.03802281368822,49.85617021276596,34.36808510638298
2021-05-09 21:00:00,14.45531914893617,78.86692015209125,49.54638297872341,34.3831914893617
2021-05-09 22:00:00,14.303829787234044,78.69581749049429,49.236595744680855,34.39829787234043
2021-05-09 23:00:00,14.152340425531914,78.52471482889734,48.926808510638296,34.41340425531915
2021-05-10 00:00:00,14.000851063829789,78.35361216730038,48.61702127659575,34.42851063829787
2021-05-10 01:00:00,13.84936170212766,78.18250950570342,48.30723404255319,34.443617021276594
2021-05-10 02:00:00,13.697872340425533,78.01140684410646,47.99744680851064,34.458723404255316
2021-05-10 03:00:00,13.546382978723404,77.8403041825095,47.687659574468086,34.473829787234045
2021-05-10 04:00:00,13.394893617021278,77.66920152091255,47.37787234042553,34.48893617021277
2021-05-10 05:00:00,13.243404255319149,77.49809885931559,47.06808510638298,34.50404255319149
2021-05-10 06:00:00,13.091914893617021,77.32699619771863,46.75829787234043,34.51914893617021
2021-05-10 07:00:00,12.940425531914894,77.15589353612167,46.448510638297876,34.53425531914894
2021-05-10 08:00:00,12.788936170212766,76.98479087452472,46.138723404255316,34.54936170212766
2021-05-10 09:00:00,12.637446808510639,76.81368821292776,45.82893617021277,34.564468085106384
2021-05-10 10:00:00,12.485957446808511,76.6425855513308,45.51914893617021,34.579574468085106
2021-05-10 11:00:00,12.334468085106383,76.47148288973384,45.20936170212766,34.59468085106383
2021-05-10 12:00:00,12.182978723404256,76.30038022813689,44.899574468085106,34.60978723404256
2021-05-10 13:00:00,12.031489361702128,76.12927756653993,44.589787234042554,34.62489361702128
2021-05-10 14:00:00,11.88,75.95817490494296,44.28,34.64
2021-05-10 15:00:00,13.0,75.787072243346,51.03,33.57
2021-05-10 16:00:00,12.56,75.61596958174906,53.79,32.6
2021-05-10 17:00:00,10.69,75.4448669201521,61.7,31.4
2021-05-10 18:00:00,10.32,75.27376425855513,68.94,30.19
2021-05-10 19:00:00,12.0,75.10266159695817,74.24,29.19
2021-05-10 20:00:00,11.56,74.93155893536121,77.85,28.67
2021-05-10 21:00:00,9.68,74.76045627376426,79.77,28.31
2021-05-10 22:00:00,7.56,74.5893536121673,82.08,27.79
2021-05-10 23:00:00,12.67,74.41825095057034,82.18,28.0
2021-05-11 00:00:00,16.93,74.24714828897339,83.1,27.63
2021-05-11 01:00:00,12.56,74.07604562737643,84.52,27.12
2021-05-11 02:00:00,10.68,73.90494296577947,85.73,26.73
2021-05-11 03:00:00,7.25,73.73384030418251,86.17,26.54
2021-05-11 04:00:00,3.25,73.56273764258555,86.14,26.53
2021-05-11 05:00:00,2.32,73.3916349809886,85.85,26.6
2021-05-11 06:00:00,6.2,73.22053231939164,85.75,26.88
2021-05-11 07:00:00,14.23,73.04942965779468,80.9,28.48
2021-05-11 08:00:00,20.56,72.87832699619771,75.27,29.86
2021-05-11 09:00:00,24.8,72.70722433460077,66.61,31.58
2021-05-11 10:00:00,22.71,72.5361216730038,55.97,33.82
2021-05-11 11:00:00,11.56,72.36501901140684,53.03,34.48
2021-05-11 12:00:00,9.69,72.19391634980988,53.55,34.13
2021-05-11 13:00:00,8.88,72.02281368821292,53.78,34.09
2021-05-11 14:00:00,10.44,71.85171102661597,54.56,33.31
2021-05-11 15:00:00,10.56,71.68060836501901,53.62,32.97
2021-05-11 16:00:00,13.95,71.50950570342205,56.52,32.27
2021-05-11 17:00:00,18.56,71.3384030418251,63.21,31.0
2021-05-11 18:00:00,15.37,71.16730038022814,68.51,30.01
2021-05-11 19:00:00,12.88,70.99619771863118,73.26,29.25
2021-05-11 20:00:00,11.8,70.82509505703422,76.01,28.74
2021-05-11 21:00:00,7.69,70.65399239543726,77.97,28.37
2021-05-11 22:00:00,7.75,70.48288973384031,79.97,27.97
2021-05-11 23:00:00,11.32,70.31178707224335,80.8,27.9
2021-05-12 00:00:00,13.0,70.14068441064639,81.61,27.75
2021-05-12 01:00:00,11.68,69.96958174904942,81.55,27.64
2021-05-12 02:00:00,9.12,69.79847908745248,82.38,27.34
2021-05-12 03:00:00,10.63,69.62737642585552,82.58,27.1
2021-05-12 04:00:00,11.37,69.45627376425855,83.39,26.9
2021-05-12 05:00:00,8.44,69.2851711026616,83.54,26.69
2021-05-12 06:00:00,8.12,69.11406844106463,82.42,26.92
2021-05-12 07:00:00,9.2,68.94296577946768,78.91,28.5
2021-05-12 08:00:00,15.97,68.77186311787072,73.04,29.62
2021-05-12 09:00:00,20.56,68.60076045627376,61.17,32.44
2021-05-12 10:00:00,19.12,68.42965779467681,56.97,33.04
2021-05-12 11:00:00,15.8,68.25855513307985,53.1,34.11
2021-05-12 12:00:00,12.13,68.08745247148289,54.54,33.93
2021-05-12 13:00:00,10.56,67.91634980988593,56.77,33.33
2021-05-12 14:00:00,10.44,67.74524714828897,59.17,32.31
2021-05-12 15:00:00,12.32,67.57414448669202,58.92,31.82
2021-05-12 16:00:00,14.44,67.40304182509506,63.36,31.0
2021-05-12 17:00:00,19.16,67.2319391634981,66.86,30.47
2021-05-12 18:00:00,22.49,67.06083650190115,68.65,29.7
2021-05-12 19:00:00,16.25,66.88973384030419,72.02,28.96
2021-05-12 20:00:00,13.56,66.71863117870723,73.3,28.55
2021-05-12 21:00:00,11.25,66.54752851711027,75.12,28.26
2021-05-12 22:00:00,10.32,66.3764258555133,74.93,28.18
2021-05-12 23:00:00,11.56,66.20532319391634,75.04,27.98
2021-05-13 00:00:00,10.13,66.0342205323194,76.69,27.48
2021-05-13 01:00:00,9.44,65.86311787072243,78.74,27.19
2021-05-13 02:00:00,10.88,65.69201520912547,80.8,26.84
2021-05-13 03:00:00,10.68,65.52091254752852,81.44,26.8
2021-05-13 04:00:00,7.25,65.34980988593156,80.89,27.12
2021-05-13 05:00:00,5.44,65.1787072243346,80.15,27.42
2021-05-13 06:00:00,6.0,65.00760456273764,79.29,27.7
2021-05-13 07:00:00,8.63,64.83650190114068,76.05,28.76
2021-05-13 08:00:00,14.62,64.66539923954373,71.98,30.04
2021-05-13 09:00:00,17.12,64.49429657794677,65.32,31.45
2021-05-13 10:00:00,19.07,64.32319391634981,58.86,32.62
2021-05-13 11:00:00,24.32,64.15209125475286,55.64,33.32
2021-05-13 12:00:00,25.12,63.9809885931559,55.67,33.09
2021-05-13 13:00:00,20.93,63.80988593155894,56.55,32.86
2021-05-13 14:00:00,12.17,63.638783269961976,57.33,32.12
2021-05-13 15:00:00,8.63,63.467680608365015,57.68,32.22
2021-05-13 16:00:00,12.88,63.29657794676806,57.76,31.53
2021-05-13 17:00:00,13.56,63.125475285171106,60.16,31.08
2021-05-13 18:00:00,15.63,62.954372623574145,68.09,30.05
2021-05-13 19:00:00,20.32,62.78326996197718,70.92,29.27
2021-05-13 20:00:00,17.22,62.61216730038023,72.49,28.75
2021-05-13 21:00:00,11.87,62.441064638783274,75.18,28.24
2021-05-13 22:00:00,11.68,62.26996197718631,76.39,28.16
2021-05-13 23:00:00,11.75,62.09885931558935,77.17,28.04
2021-05-14 00:00:00,11.82,61.9277566539924,78.68,27.65
2021-05-14 01:00:00,9.0,61.75665399239544,80.08,27.36
2021-05-14 02:00:00,8.13,61.58555133079848,80.02,27.2
2021-05-14 03:00:00,9.63,61.41444866920152,82.08,26.74
2021-05-14 04:00:00,13.87,61.243346007604565,81.63,26.83
2021-05-14 05:00:00,9.29,61.07224334600761,82.65,26.63
2021-05-14 06:00:00,2.44,60.90114068441065,82.69,26.81
2021-05-14 07:00:00,5.63,60.73003802281369,79.33,27.83
2021-05-14 08:00:00,10.32,60.55893536121673,72.62,29.3
2021-05-14 09:00:00,10.69,60.38783269961977,62.21,31.18
2021-05-14 10:00:00,8.13,60.21673003802282,55.28,33.23
2021-05-14 11:00:00,16.66,60.045627376425855,51.91,34.19
2021-05-14 12:00:00,29.43,59.874524714828894,54.45,34.97
2021-05-14 13:00:00,27.37,59.70342205323194,55.82,34.84
2021-05-14 14:00:00,22.25,59.532319391634985,59.39,33.94
2021-05-14 15:00:00,15.2,59.361216730038024,62.14,32.83
2021-05-14 16:00:00,11.63,59.19011406844106,63.44,31.8
2021-05-14 17:00:00,13.69,59.01901140684411,65.42,30.92
2021-05-14 18:00:00,12.44,58.84790874524715,68.75,30.31
2021-05-14 19:00:00,15.62,58.67680608365019,71.58,29.7
2021-05-14 20:00:00,17.25,58.50570342205323,75.25,29.22
2021-05-14 21:00:00,15.0,58.334600760456276,73.56,29.18
2021-05-14 22:00:00,13.25,58.16349809885932,71.31,29.36
2021-05-14 23:00:00,11.0,57.99239543726236,63.72,29.57
2021-05-15 00:00:00,9.27,57.8212927756654,66.89,29.27
2021-05-15 01:00:00,4.79,57.650190114068444,72.62,28.72
2021-05-15 02:00:00,2.44,57.47908745247149,76.45,28.82
2021-05-15 03:00:00,6.07,57.30798479087453,77.06,28.97
2021-05-15 04:00:00,11.31,57.136882129277566,77.27,28.86
2021-05-15 05:00:00,11.25,56.965779467680605,74.62,28.85
2021-05-15 06:00:00,12.05,56.79467680608365,72.45,28.99
2021-05-15 07:00:00,13.82,56.623574144486696,74.21,29.05
2021-05-15 08:00:00,13.62,56.452471482889734,69.17,29.39
2021-05-15 09:00:00,24.86,56.28136882129277,64.76,29.67
2021-05-15 10:00:00,38.51,56.11026615969582,59.94,30.21
2021-05-15 11:00:00,46.49,55.939163498098864,56.8,31.51
2021-05-15 12:00:00,55.83,55.7680608365019,51.06,32.86
2021-05-15 13:00:00,62.44,55.59695817490494,44.19,34.72
2021-05-15 14:00:00,63.44,55.42585551330799,40.73,35.91
2021-05-15 15:00:00,64.0,55.25475285171103,36.82,36.78
2021-05-15 16:00:00,65.32,55.08365019011407,52.71,35.49
2021-05-15 17:00:00,59.8,54.91254752851711,55.94,34.5
2021-05-15 18:00:00,51.32,54.741444866920155,54.38,34.54
2021-05-15 19:00:00,50.8,54.5703422053232,55.37,34.33
2021-05-15 20:00:00,45.37,54.39923954372624,50.41,34.58
2021-05-15 21:00:00,47.27,54.22813688212928,44.23,35.02
2021-05-15 22:00:00,54.0,54.057034220532316,44.03,34.97
2021-05-15 23:00:00,61.02,53.88593155893536,57.0,32.77
2021-05-16 00:00:00,61.28,53.71482889733841,88.76,27.86
2021-05-16 01:00:00,34.73,53.543726235741445,88.74,27.85
2021-05-16 02:00:00,18.49,53.372623574144484,86.62,27.81
2021-05-16 03:00:00,23.0,53.20152091254753,80.23,28.18
2021-05-16 04:00:00,14.44,53.030418250950575,69.99,28.7
2021-05-16 05:00:00,2.63,52.85931558935361,72.78,28.11
2021-05-16 06:00:00,1.86,52.68821292775665,78.78,27.21
2021-05-16 07:00:00,0.88,52.5171102661597,74.14,28.17
2021-05-16 08:00:00,3.63,52.34600760456274,72.52,28.94
2021-05-16 09:00:00,7.44,52.17490494296578,69.13,30.46
2021-05-16 10:00:00,4.93,52.00380228136882,64.21,31.52
2021-05-16 11:00:00,3.62,51.832699619771866,58.05,33.0
2021-05-16 12:00:00,6.56,51.661596958174904,55.43,33.5
2021-05-16 13:00:00,4.69,51.49049429657795,54.22,33.72
2021-05-16 14:00:00,3.44,51.31939163498099,52.65,34.13
2021-05-16 15:00:00,2.51,51.148288973384034,50.66,34.62
2021-05-16 16:00:00,3.51,50.97718631178707,49.13,35.11
2021-05-16 17:00:00,5.75,50.80608365019012,55.9,33.79
2021-05-16 18:00:00,7.62,50.634980988593156,50.29,34.19
2021-05-16 19:00:00,7.487222222222222,50.4638783269962,52.936470588235295,33.63058823529411
2021-05-16 20:00:00,7.354444444444445,50.29277566539924,55.582941176470584,33.071176470588235
2021-05-16 21:00:00,7.221666666666667,50.121673003802286,58.22941176470588,32.51176470588235
2021-05-16 22:00:00,7.088888888888889,49.950570342205324,60.875882352941176,31.952352941176468
2021-05-16 23:00:00,6.956111111111111,49.77946768060837,63.52235294117647,31.392941176470586
2021-05-17 00:00:00,6.823333333333333,49.60836501901141,66.16882352941177,30.833529411764705
2021-05-17 01:00:00,6.690555555555556,49.43726235741445,68.81529411764706,30.274117647058823
2021-05-17 02:00:00,6.557777777777778,49.26615969581749,71.46176470588236,29.714705882352938
2021-05-17 03:00:00,6.425000000000001,49.09505703422053,74.10823529411765,29.155294117647056
2021-05-17 04:00:00,6.292222222222223,48.92395437262358,76.75470588235294,28.595882352941175
2021-05-17 05:00:00,6.1594444444444445,48.752851711026615,79.40117647058824,28.036470588235293
2021-05-17 06:00:00,6.026666666666667,48.58174904942966,82.04764705882353,27.47705882352941
2021-05-17 07:00:00,5.893888888888889,48.4106463878327,84.69411764705882,26.917647058823526
2021-05-17 08:00:00,5.761111111111111,48.239543726235745,87.34058823529412,26.358235294117648
2021-05-17 09:00:00,5.628333333333334,48.06844106463878,89.98705882352941,25.798823529411763
2021-05-17 10:00:00,5.495555555555556,47.89733840304183,92.6335294117647,25.23941176470588
2021-05-17 11:00:00,5.362777777777778,47.72623574144487,95.28,24.68
2021-05-17 12:00:00,5.23,47.55513307984791,93.86,24.98
2021-05-17 13:00:00,5.62,47.38403041825095,97.02,23.35
2021-05-17 14:00:00,5.340588235294118,47.212927756654,96.49117647058823,23.57294117647059
2021-05-17 15:00:00,5.061176470588236,47.041825095057035,95.96235294117646,23.795882352941177
2021-05-17 16:00:00,4.781764705882353,46.87072243346008,95.43352941176471,24.018823529411765
2021-05-17 17:00:00,4.50235294117647,46.69961977186312,94.90470588235294,24.241764705882353
2021-05-17 18:00:00,4.222941176470588,46.528517110266165,94.37588235294118,24.46470588235294
2021-05-17 19:00:00,3.9435294117647057,46.3574144486692,93.84705882352941,24.68764705882353
2021-05-17 20:00:00,3.6641176470588235,46.18631178707224,93.31823529411764,24.910588235294117
2021-05-17 21:00:00,3.3847058823529412,46.01520912547529,92.78941176470587,25.133529411764705
2021-05-17 22:00:00,3.105294117647059,45.844106463878326,92.26058823529412,25.356470588235297
2021-05-17 23:00:00,2.8258823529411767,45.67300380228137,91.73176470588236,25.579411764705885
2021-05-18 00:00:00,2.546470588235294,45.50190114068441,91.20294117647059,25.802352941176473
2021-05-18 01:00:00,2.267058823529412,45.330798479087456,90.67411764705882,26.02529411764706
2021-05-18 02:00:00,1.9876470588235295,45.159695817490494,90.14529411764705,26.24823529411765
2021-05-18 03:00:00,1.7082352941176469,44.98859315589354,89.6164705882353,26.471176470588237
2021-05-18 04:00:00,1.4288235294117646,44.81749049429658,89.08764705882353,26.694117647058825
2021-05-18 05:00:00,1.1494117647058824,44.646387832699624,88.55882352941177,26.917058823529413
2021-05-18 06:00:00,0.87,44.47528517110266,88.03,27.14
2021-05-18 07:00:00,6.23,44.30418250950571,88.88,26.97
2021-05-18 08:00:00,10.82,44.133079847908746,87.21,27.27
2021-05-18 09:00:00,7.56,43.96197718631179,86.12,27.53
2021-05-18 10:00:00,7.44,43.79087452471483,83.83,27.91
2021-05-18 11:00:00,7.63,43.619771863117876,79.47,28.82
2021-05-18 12:00:00,5.376666666666667,43.448669201520914,82.22,29.05
2021-05-18 13:00:00,3.123333333333333,43.27756653992395,81.44,29.36
2021-05-18 14:00:00,0.87,43.106463878327,80.57,29.49
2021-05-18 15:00:00,3.63,42.93536121673004,80.26,29.58
2021-05-18 16:00:00,9.18,42.76425855513308,80.95,29.43
2021-05-18 17:00:00,16.39,42.59315589353612,82.96,29.19
2021-05-18 18:00:00,18.95,42.42205323193917,83.54,29.02
2021-05-18 19:00:00,13.25,42.250950570342205,85.16,28.82
2021-05-18 20:00:00,11.0,42.07984790874525,86.12,28.64
2021-05-18 21:00:00,7.51,41.90874524714829,88.38,27.97
2021-05-18 22:00:00,1.89,41.737642585551335,91.48,27.38
2021-05-18 23:00:00,4.36,41.56653992395437,92.49,27.08
2021-05-19 00:00:00,6.73,41.39543726235742,92.66,26.77
2021-05-19 01:00:00,9.87,41.22433460076046,89.6,27.06
2021-05-19 02:00:00,11.44,41.0532319391635,88.51,26.94
2021-05-19 03:00:00,9.8,40.88212927756654,89.08,27.0
2021-05-19 04:00:00,8.31,40.71102661596959,87.44,27.08
2021-05-19 05:00:00,8.25,40.539923954372625,88.0,26.79
2021-05-19 06:00:00,4.25,40.36882129277567,87.9,26.82
2021-05-19 07:00:00,2.0,40.19771863117871,87.93,25.35
2021-05-19 08:00:00,1.56,40.02661596958175,95.87,23.2
2021-05-19 09:00:00,2.75,39.85551330798479,97.53,24.1
2021-05-19 10:00:00,11.11,39.68441064638783,98.01,24.75
2021-05-19 11:00:00,18.13,39.51330798479088,98.01,25.3
2021-05-19 12:00:00,17.0,39.342205323193916,95.42,26.89
2021-05-19 13:00:00,12.5,39.17110266159696,84.54,28.87
2021-05-19 14:00:00,8.0,39.0,84.3,28.98
2021-05-19 15:00:00,9.75,36.5,79.36,29.85
2021-05-19 16:00:00,14.18,79.88,75.92,29.8
2021-05-19 17:00:00,17.0,127.0,79.38,29.04
2021-05-19 18:00:00,20.49,132.75,83.27,28.47
2021-05-19 19:00:00,17.98,106.6,86.44,27.97
2021-05-19 20:00:00,9.87,74.0,88.68,27.49
2021-05-19 21:00:00,14.49,53.0,90.55,27.07
2021-05-19 22:00:00,14.65,39.0,91.62,26.95
2021-05-19 23:00:00,8.13,35.12,90.52,26.79
2021-05-20 00:00:00,13.07,43.86,88.47,26.46
2021-05-20 01:00:00,20.57,59.25,88.49,26.27
2021-05-20 02:00:00,20.87,53.62,88.77,26.08
2021-05-20 03:00:00,22.88,56.75,88.69,25.84
2021-05-20 04:00:00,21.82,59.51,88.22,25.83
2021-05-20 05:00:00,22.05,54.89,89.3,25.75
2021-05-20 06:00:00,22.95,59.89,89.14,25.88
2021-05-20 07:00:00,20.31,64.62,87.01,26.49
2021-05-20 08:00:00,21.56,72.5,84.69,27.82
2021-05-20 09:00:00,20.57,76.37,80.12,29.5
2021-05-20 10:00:00,22.62,118.93,75.29,30.5
2021-05-20 11:00:00,33.9,185.0,68.9,31.94
2021-05-20 12:00:00,35.72,221.5,66.48,32.11
2021-05-20 13:00:00,27.62,216.44,67.41,31.37
2021-05-20 14:00:00,26.64,200.29,68.7,30.93
2021-05-20 15:00:00,22.75,207.5,70.38,30.76
2021-05-20 16:00:00,22.82,215.62,72.0,30.52
2021-05-20 17:00:00,20.0,201.0,75.6,29.96
2021-05-20 18:00:00,19.13,178.88,76.18,29.41
2021-05-20 19:00:00,17.56,164.12,78.99,28.85
2021-05-20 20:00:00,18.75,155.62,82.23,28.31
2021-05-20 21:00:00,21.0,129.25,85.66,27.8
2021-05-20 22:00:00,18.82,111.88,87.38,27.46
2021-05-20 23:00:00,17.31,101.88,88.85,27.05
2021-05-21 00:00:00,15.07,100.99388888888889,89.74,26.89
2021-05-21 01:00:00,11.32,100.10777777777777,89.41999999999999,26.985
2021-05-21 02:00:00,13.87,99.22166666666666,89.1,27.08
2021-05-21 03:00:00,15.44,98.33555555555556,85.595,27.79875
2021-05-21 04:00:00,19.93,97.44944444444444,82.09,28.5175
2021-05-21 05:00:00,21.07,96.56333333333333,78.585,29.23625
2021-05-21 06:00:00,15.12,95.67722222222221,75.08,29.955
2021-05-21 07:00:00,18.83,94.7911111111111,71.575,30.67375
2021-05-21 08:00:00,23.25,93.905,68.07,31.3925
2021-05-21 09:00:00,20.56,93.01888888888888,64.565,32.11125
2021-05-21 10:00:00,20.0,92.13277777777778,61.06,32.83
2021-05-21 11:00:00,20.87,91.24666666666667,59.05,32.92
2021-05-21 12:00:00,24.18,90.36055555555555,57.945,33.05
2021-05-21 13:00:00,25.25,89.47444444444444,56.84,33.18
2021-05-21 14:00:00,22.13,88.58833333333334,59.98,32.01
2021-05-21 15:00:00,22.75,87.70222222222222,63.39666666666667,31.466666666666665
2021-05-21 16:00:00,21.95,86.81611111111111,66.81333333333333,30.923333333333332
2021-05-21 17:00:00,15.82,85.93,70.23,30.38
2021-05-21 18:00:00,16.07,85.04388888888889,71.77000000000001,30.108181818181816
2021-05-21 19:00:00,20.43,84.15777777777778,73.31,29.836363636363636
2021-05-21 20:00:00,21.0,83.27166666666668,74.85000000000001,29.564545454545453
2021-05-21 21:00:00,23.18,82.38555555555556,76.39,29.292727272727273
2021-05-21 22:00:00,24.7,81.49944444444445,77.93,29.02090909090909
2021-05-21 23:00:00,22.57,80.61333333333334,79.47,28.74909090909091
2021-05-22 00:00:00,20.25,79.72722222222222,81.01,28.477272727272727
2021-05-22 01:00:00,16.25,78.84111111111112,82.55,28.205454545454547
2021-05-22 02:00:00,14.87,77.955,84.09,27.933636363636364
2021-05-22 03:00:00,15.56,77.06888888888889,85.63,27.661818181818184
2021-05-22 04:00:00,14.13,76.18277777777777,87.17,27.39
2021-05-22 05:00:00,18.7,75.29666666666667,85.49,27.87
2021-05-22 06:00:00,24.25,74.41055555555556,83.81,28.349999999999998
2021-05-22 07:00:00,22.43,73.52444444444444,82.13,28.83
2021-05-22 08:00:00,21.25,72.63833333333334,70.79,30.71
2021-05-22 09:00:00,13.77,71.75222222222223,65.97,31.77
2021-05-22 10:00:00,10.51,70.86611111111111,61.15,32.83
2021-05-22 11:00:00,15.44,69.98,56.33,33.89
2021-05-22 12:00:00,18.62,85.5,60.22,33.62
2021-05-22 13:00:00,24.62,96.0,61.84,33.08
2021-05-22 14:00:00,22.8,92.25,64.77,32.0
2021-05-22 15:00:00,17.75,84.38,66.21,31.47
2021-05-22 16:00:00,18.68,99.12,67.11,30.93
2021-05-22 17:00:00,14.37,91.25,72.52,30.2
2021-05-22 18:00:00,15.8,82.51,75.91,29.64
2021-05-22 19:00:00,19.41,79.02,77.09,29.19
2021-05-22 20:00:00,16.0,86.0,78.91,28.98
2021-05-22 21:00:00,17.31,77.0,78.27,28.91
2021-05-22 22:00:00,19.87,71.11,79.49,28.7
2021-05-22 23:00:00,21.43,83.0,81.09,28.37
2021-05-23 00:00:00,21.13,97.47,83.6,27.89
2021-05-23 01:00:00,19.57,95.89,85.0,27.71
2021-05-23 02:00:00,15.07,82.8,85.28,27.69
2021-05-23 03:00:00,10.88,71.0,85.27,27.55
2021-05-23 04:00:00,15.05,71.14,86.78,27.25
2021-05-23 05:00:00,16.82,65.5,90.03,26.9
2021-05-23 06:00:00,17.49,44.12,92.5,26.75
2021-05-23 07:00:00,19.82,37.16,85.96,27.19
2021-05-23 08:00:00,16.13,30.29,80.3,27.82
2021-05-23 09:00:00,20.67,40.0,73.94,29.73
2021-05-23 10:00:00,28.0,52.73,67.19,32.26
2021-05-23 11:00:00,27.920754716981133,61.25,64.0,32.83
2021-05-23 12:00:00,27.841509433962266,65.0,64.87,32.5
2021-05-23 13:00:00,27.762264150943395,61.88,60.95,32.64
2021-05-23 14:00:00,27.683018867924527,57.51,60.93,32.45
2021-05-23 15:00:00,27.60377358490566,64.75,64.66,31.78
2021-05-23 16:00:00,27.524528301886793,68.12,67.16,31.31
2021-05-23 17:00:00,27.445283018867926,62.0,69.69,30.69
2021-05-23 18:00:00,27.366037735849055,72.07,71.71,30.07
2021-05-23 19:00:00,27.286792452830188,71.91,76.46,29.36
2021-05-23 20:00:00,27.20754716981132,73.25,79.78,28.82
2021-05-23 21:00:00,27.128301886792453,75.12,81.34,28.59
2021-05-23 22:00:00,27.049056603773586,67.16,82.95,28.23
2021-05-23 23:00:00,26.969811320754715,47.25,84.1,28.01
2021-05-24 00:00:00,26.890566037735848,49.5,85.97,27.67
2021-05-24 01:00:00,26.81132075471698,51.75,86.88,27.45
2021-05-24 02:00:00,26.732075471698113,54.0,89.17,26.98
2021-05-24 03:00:00,26.652830188679246,56.25,89.58,26.83
2021-05-24 04:00:00,26.57358490566038,58.5,89.75,26.8
2021-05-24 05:00:00,26.494339622641508,48.5,88.1,27.16
2021-05-24 06:00:00,26.41509433962264,30.82,89.0,27.07
2021-05-24 07:00:00,26.335849056603774,28.71,85.8,28.34
2021-05-24 08:00:00,26.256603773584906,33.71,79.5,29.75
2021-05-24 09:00:00,26.17735849056604,38.71,70.92,31.19
2021-05-24 10:00:00,26.09811320754717,67.0,68.23,31.57
2021-05-24 11:00:00,26.0188679245283,64.75,65.31,32.76
2021-05-24 12:00:00,25.939622641509434,58.62,61.0,33.35
2021-05-24 13:00:00,25.860377358490567,53.4,61.8,33.12
2021-05-24 14:00:00,25.7811320754717,53.73,63.12,32.67
2021-05-24 15:00:00,25.701886792452832,63.47,63.27,32.04
2021-05-24 16:00:00,25.62264150943396,70.49,65.47,31.47
2021-05-24 17:00:00,25.543396226415094,62.05,69.2,30.64
2021-05-24 18:00:00,25.464150943396227,54.12,73.07,29.98
2021-05-24 19:00:00,25.38490566037736,46.78,78.31,29.25
2021-05-24 20:00:00,25.305660377358492,42.38,81.64,28.83
2021-05-24 21:00:00,25.22641509433962,35.78,83.25,28.49
2021-05-24 22:00:00,25.147169811320754,42.0,84.26,28.35
2021-05-24 23:00:00,25.067924528301887,48.62,85.08,28.28
2021-05-25 00:00:00,24.98867924528302,40.91,85.04,28.25
2021-05-25 01:00:00,24.909433962264153,44.71,85.14,28.02
2021-05-25 02:00:00,24.830188679245282,41.29,85.69,27.78
2021-05-25 03:00:00,24.750943396226415,54.05,85.7,27.73
2021-05-25 04:00:00,24.671698113207547,57.53,85.41,27.68
2021-05-25 05:00:00,24.59245283018868,46.16,85.88,27.52
2021-05-25 06:00:00,24.513207547169813,45.11,86.8,27.44
2021-05-25 07:00:00,24.433962264150942,58.2,84.55,28.41
2021-05-25 08:00:00,24.354716981132075,60.02,79.83,29.81
2021-05-25 09:00:00,24.275471698113208,63.0,75.11,31.02
2021-05-25 10:00:00,24.19622641509434,87.08,68.83,32.45
2021-05-25 11:00:00,24.116981132075473,80.5,66.91,33.24
2021-05-25 12:00:00,24.037735849056602,78.09,68.88,32.75
2021-05-25 13:00:00,23.958490566037735,76.12,67.79,32.91
2021-05-25 14:00:00,23.879245283018868,63.27,67.59,32.41
2021-05-25 15:00:00,23.8,75.87,70.0,31.55
2021-05-25 16:00:00,23.720754716981133,80.75,72.0,31.07
2021-05-25 17:00:00,23.641509433962263,86.88,75.33,30.45
2021-05-25 18:00:00,23.562264150943395,89.12,77.64,29.85
2021-05-25 19:00:00,23.483018867924528,87.38,79.15,29.33
2021-05-25 20:00:00,23.40377358490566,85.75,79.84,29.05
2021-05-25 21:00:00,23.324528301886794,90.0,80.58,28.85
2021-05-25 22:00:00,23.245283018867923,78.0,80.58,28.72
2021-05-25 23:00:00,23.166037735849056,63.0,81.13,28.55
2021-05-26 00:00:00,23.08679245283019,58.64,81.52,28.38
2021-05-26 01:00:00,23.00754716981132,52.27,82.18,28.2
2021-05-26 02:00:00,22.928301886792454,59.95,81.95,28.12
2021-05-26 03:00:00,22.849056603773583,61.02,81.98,27.87
2021-05-26 04:00:00,22.769811320754716,60.49,82.92,27.59
2021-05-26 05:00:00,22.69056603773585,63.25,85.8,26.91
2021-05-26 06:00:00,22.61132075471698,66.5,85.82,27.09
2021-05-26 07:00:00,22.532075471698114,87.29,80.74,28.53
2021-05-26 08:00:00,22.452830188679243,79.71,73.45,30.48
2021-05-26 09:00:00,22.37358490566038,65.51,68.52,31.5
2021-05-26 10:00:00,22.29433962264151,84.62,61.75,32.84
2021-05-26 11:00:00,22.21509433962264,87.62,56.37,33.9
2021-05-26 12:00:00,22.135849056603774,76.4,58.49,33.35
2021-05-26 13:00:00,22.056603773584907,73.62,55.88,33.4
2021-05-26 14:00:00,21.97735849056604,64.05,57.73,32.67
2021-05-26 15:00:00,21.89811320754717,71.12,62.18,31.52
2021-05-26 16:00:00,21.818867924528302,77.13,65.52,30.84
2021-05-26 17:00:00,21.739622641509435,73.5,69.72,30.13
2021-05-26 18:00:00,21.660377358490567,70.13,71.05,29.79
2021-05-26 19:00:00,21.5811320754717,78.95,73.67,29.35
2021-05-26 20:00:00,21.50188679245283,91.22,74.59,29.2
2021-05-26 21:00:00,21.422641509433962,86.91,75.37,29.12
2021-05-26 22:00:00,21.343396226415095,78.9,75.92,29.04
2021-05-26 23:00:00,21.264150943396228,63.93,76.53,28.99
2021-05-27 00:00:00,21.18490566037736,58.49,77.13,28.93
2021-05-27 01:00:00,21.10566037735849,57.51,77.16,28.89
2021-05-27 02:00:00,21.026415094339622,48.53,78.6,28.67
2021-05-27 03:00:00,20.947169811320755,56.45,79.19,28.52
2021-05-27 04:00:00,20.867924528301888,65.87,79.58,28.49
2021-05-27 05:00:00,20.78867924528302,58.29,79.34,28.48
2021-05-27 06:00:00,20.70943396226415,51.13,78.6,28.73
2021-05-27 07:00:00,20.630188679245283,56.84,77.58,29.72
2021-05-27 08:00:00,20.550943396226415,62.24,78.44,29.71
2021-05-27 09:00:00,20.471698113207548,47.38,80.25,29.71
2021-05-27 10:00:00,20.39245283018868,49.2,70.34,32.02
2021-05-27 11:00:00,20.31320754716981,71.56,68.81,32.14
2021-05-27 12:00:00,20.233962264150943,87.84,67.15,31.88
2021-05-27 13:00:00,20.154716981132076,78.88,70.16,31.73
2021-05-27 14:00:00,20.07547169811321,71.0,68.68,31.6
2021-05-27 15:00:00,19.99622641509434,63.5,66.8,31.42
2021-05-27 16:00:00,19.91698113207547,63.47,70.34,30.83
2021-05-27 17:00:00,19.837735849056607,63.75,72.77,30.33
2021-05-27 18:00:00,19.758490566037736,69.22,74.49,29.97
2021-05-27 19:00:00,19.67924528301887,58.07,77.86,29.59
2021-05-27 20:00:00,19.6,62.07,78.78,29.43
2021-05-27 21:00:00,19.52075471698113,70.0,79.13,29.18
2021-05-27 22:00:00,19.441509433962267,70.0,80.18,29.08
2021-05-27 23:00:00,19.362264150943396,78.09,79.57,29.2
2021-05-28 00:00:00,19.28301886792453,59.98,81.01,28.97
2021-05-28 01:00:00,19.20377358490566,42.89,82.04,28.8
2021-05-28 02:00:00,19.12452830188679,39.13,83.88,28.52
2021-05-28 03:00:00,19.045283018867927,33.5,85.62,28.19
2021-05-28 04:00:00,18.966037735849056,43.25,88.44,27.62
2021-05-28 05:00:00,18.88679245283019,46.89,87.05,27.84
2021-05-28 06:00:00,18.807547169811322,61.18,87.63,28.03
2021-05-28 07:00:00,18.72830188679245,88.5,85.25,28.73
2021-05-28 08:00:00,18.649056603773587,76.5,79.31,30.05
2021-05-28 09:00:00,18.569811320754717,64.87,73.45,31.49
2021-05-28 10:00:00,18.49056603773585,61.62,67.63,32.96
2021-05-28 11:00:00,18.411320754716982,69.58,69.41,32.11
2021-05-28 12:00:00,18.33207547169811,76.62,67.09,32.35
2021-05-28 13:00:00,18.252830188679248,75.75,63.65,33.02
2021-05-28 14:00:00,18.173584905660377,76.87,66.79,32.14
2021-05-28 15:00:00,18.09433962264151,92.25,67.87,31.79
2021-05-28 16:00:00,18.015094339622642,87.5,69.56,31.37
2021-05-28 17:00:00,17.93584905660377,74.89,72.41,30.77
2021-05-28 18:00:00,17.856603773584908,63.67,74.83,30.31
2021-05-28 19:00:00,17.777358490566037,54.89,78.21,29.74
2021-05-28 20:00:00,17.69811320754717,55.49,80.63,29.45
2021-05-28 21:00:00,17.618867924528303,71.93,81.56,29.25
2021-05-28 22:00:00,17.539622641509432,71.05,83.24,29.05
2021-05-28 23:00:00,17.460377358490568,71.22,83.7,29.02
2021-05-29 00:00:00,17.381132075471697,82.47,83.24,28.99
2021-05-29 01:00:00,17.30188679245283,73.5,82.99,28.88
2021-05-29 02:00:00,17.222641509433963,49.4,84.32,28.62
2021-05-29 03:00:00,17.143396226415096,58.62,85.28,28.46
2021-05-29 04:00:00,17.06415094339623,53.04,89.64,27.63
2021-05-29 05:00:00,16.984905660377358,42.76,92.12,27.05
2021-05-29 06:00:00,16.90566037735849,43.88,92.91,27.23
2021-05-29 07:00:00,16.826415094339623,50.6,86.8,29.03
2021-05-29 08:00:00,16.747169811320756,62.67,79.78,30.28
2021-05-29 09:00:00,16.66792452830189,76.0,78.86,30.58
2021-05-29 10:00:00,16.588679245283018,76.53,77.04,31.84
2021-05-29 11:00:00,16.50943396226415,66.13,65.51,33.31
2021-05-29 12:00:00,16.430188679245283,64.345,63.08,33.1
2021-05-29 13:00:00,16.350943396226416,62.56,64.53,32.5
2021-05-29 14:00:00,16.27169811320755,64.0,64.11,32.71
2021-05-29 15:00:00,16.192452830188678,68.0,67.25,32.05
2021-05-29 16:00:00,16.113207547169814,76.475,69.26,31.38
2021-05-29 17:00:00,16.033962264150944,84.95,72.61,30.97
2021-05-29 18:00:00,15.954716981132076,57.97,76.04,30.55
2021-05-29 19:00:00,15.875471698113207,55.3525,77.59,30.155
2021-05-29 20:00:00,15.79622641509434,52.735,79.14,29.76
2021-05-29 21:00:00,15.716981132075473,50.1175,80.61,29.44
2021-05-29 22:00:00,15.637735849056604,47.5,81.25,29.35
2021-05-29 23:00:00,15.558490566037737,64.0,79.21,29.43
2021-05-30 00:00:00,15.47924528301887,62.0,81.25,29.05
2021-05-30 01:00:00,15.4,54.0,77.9,28.69
2021-05-30 02:00:00,15.320754716981133,49.86,76.48,27.78
2021-05-30 03:00:00,15.241509433962264,45.72,81.08,27.5
2021-05-30 04:00:00,15.162264150943397,41.58,83.5,27.53
2021-05-30 05:00:00,15.08301886792453,37.44,85.24,27.84
2021-05-30 06:00:00,15.00377358490566,33.3,84.36,27.88
2021-05-30 07:00:00,14.924528301886793,60.78,77.59,28.62
2021-05-30 08:00:00,14.845283018867924,71.0,72.79,30.39
2021-05-30 09:00:00,14.766037735849057,76.92,71.18,31.56
2021-05-30 10:00:00,14.68679245283019,96.0,70.45,31.85
2021-05-30 11:00:00,14.60754716981132,76.09,67.67,32.94
2021-05-30 12:00:00,14.528301886792454,52.8,63.46,33.66
2021-05-30 13:00:00,14.449056603773586,47.87,64.22,33.22
2021-05-30 14:00:00,14.369811320754717,42.16,67.43,32.54
2021-05-30 15:00:00,14.29056603773585,53.0,68.33,32.09
2021-05-30 16:00:00,14.211320754716981,60.76,70.7,31.24
2021-05-30 17:00:00,14.132075471698114,57.51,73.06,30.71
2021-05-30 18:00:00,14.052830188679247,51.64,73.02,30.46
2021-05-30 19:00:00,13.973584905660378,46.51,74.8,30.12
2021-05-30 20:00:00,13.89433962264151,44.38,76.83,29.77
2021-05-30 21:00:00,13.815094339622641,32.8,75.06,28.66
2021-05-30 22:00:00,13.735849056603774,10.45,77.04,27.82
2021-05-30 23:00:00,13.656603773584907,7.0,77.22,27.96
2021-05-31 00:00:00,13.577358490566038,17.36,78.79,27.97
2021-05-31 01:00:00,13.49811320754717,15.64,79.58,27.31
2021-05-31 02:00:00,13.418867924528303,27.93,83.79,26.71
2021-05-31 03:00:00,13.339622641509434,24.34,83.86,26.69
2021-05-31 04:00:00,13.260377358490567,15.11,81.99,26.72
2021-05-31 05:00:00,13.181132075471698,9.415,82.84,26.58
2021-05-31 06:00:00,13.10188679245283,3.72,83.81,26.58
2021-05-31 07:00:00,13.022641509433964,3.75,82.16,27.89
2021-05-31 08:00:00,12.943396226415095,26.64,80.29,29.03
2021-05-31 09:00:00,12.864150943396227,43.0,80.39,29.27
2021-05-31 10:00:00,12.784905660377358,49.98,77.0,30.8
2021-05-31 11:00:00,12.705660377358491,35.58,75.65,29.16
2021-05-31 12:00:00,12.626415094339624,12.61,83.15,28.09
2021-05-31 13:00:00,12.547169811320755,49.8,76.45,30.86
2021-05-31 14:00:00,12.467924528301888,62.07,75.52,30.96
2021-05-31 15:00:00,12.38867924528302,72.29,78.11,30.53
2021-05-31 16:00:00,12.309433962264151,76.5,78.88,30.2
2021-05-31 17:00:00,12.230188679245284,69.79333333333334,79.03999999999999,29.826666666666664
2021-05-31 18:00:00,12.150943396226415,63.086666666666666,79.2,29.453333333333333
2021-05-31 19:00:00,12.071698113207548,56.38,79.36,29.08
2021-05-31 20:00:00,11.992452830188679,44.8,79.77,28.63
2021-05-31 21:00:00,11.913207547169812,38.62,81.42,28.67
2021-05-31 22:00:00,11.833962264150944,39.0,83.6,28.46
2021-05-31 23:00:00,11.754716981132077,44.61,84.25,28.23
2021-06-01 00:00:00,11.67547169811321,41.22,83.27,28.16
2021-06-01 01:00:00,11.596226415094339,49.45,84.95,27.96
2021-06-01 02:00:00,11.516981132075472,63.84,86.14,27.74
2021-06-01 03:00:00,11.437735849056605,37.38,86.42,27.66
2021-06-01 04:00:00,11.358490566037737,23.98,86.63,27.67
2021-06-01 05:00:00,11.27924528301887,15.8,87.01,27.52
2021-06-01 06:00:00,11.2,5.9,87.16,27.6
2021-06-01 07:00:00,11.120754716981132,24.53,85.5,28.27
2021-06-01 08:00:00,11.041509433962265,30.16,82.38,29.2
2021-06-01 09:00:00,10.962264150943398,33.47,79.51,30.11
2021-06-01 10:00:00,10.88301886792453,43.18,75.22,31.19
2021-06-01 11:00:00,10.80377358490566,46.48,76.31,30.97
2021-06-01 12:00:00,10.724528301886792,50.11,69.72,32.72
2021-06-01 13:00:00,10.645283018867925,48.27,68.04,33.05
2021-06-01 14:00:00,10.566037735849058,29.82,68.75,32.3
2021-06-01 15:00:00,10.48679245283019,24.36,71.88,31.59
2021-06-01 16:00:00,10.407547169811323,23.27,75.79,31.13
2021-06-01 17:00:00,10.328301886792453,20.38,76.38,31.01
2021-06-01 18:00:00,10.249056603773585,22.49,76.93,30.55
2021-06-01 19:00:00,10.169811320754718,35.2,82.28,25.97
2021-06-01 20:00:00,10.09056603773585,20.22,92.35,24.73
2021-06-01 21:00:00,10.011320754716984,8.87,93.27,24.73
2021-06-01 22:00:00,9.932075471698113,7.55,92.97,24.95
2021-06-01 23:00:00,9.852830188679246,6.365,92.94,25.27
2021-06-02 00:00:00,9.773584905660378,5.18,91.65,25.25
2021-06-02 01:00:00,9.694339622641511,3.89,92.19,25.22
2021-06-02 02:00:00,9.615094339622644,26.89,93.0,25.19
2021-06-02 03:00:00,9.535849056603773,26.45,92.71,25.33
2021-06-02 04:00:00,9.456603773584906,15.13,92.23,25.4
2021-06-02 05:00:00,9.377358490566039,11.51,91.18,25.53
2021-06-02 06:00:00,9.298113207547171,13.72,90.29,25.91
2021-06-02 07:00:00,9.218867924528304,17.25,87.33,27.18
2021-06-02 08:00:00,9.139622641509433,22.38,83.77,28.23
2021-06-02 09:00:00,9.060377358490566,30.6,81.11,29.04
2021-06-02 10:00:00,8.981132075471699,38.96,81.12,29.56
2021-06-02 11:00:00,8.901886792452832,37.64,80.42,30.12
2021-06-02 12:00:00,8.822641509433964,31.89,77.51,31.02
2021-06-02 13:00:00,8.743396226415094,22.56,73.68,31.63
2021-06-02 14:00:00,8.664150943396226,19.25,74.6,31.22
2021-06-02 15:00:00,8.584905660377359,22.69,75.21,30.94
2021-06-02 16:00:00,8.505660377358492,23.2055,74.30699999999999,31.1015
2021-06-02 17:00:00,8.426415094339625,23.721,73.404,31.263
2021-06-02 18:00:00,8.347169811320757,24.2365,72.50099999999999,31.424500000000002
2021-06-02 19:00:00,8.267924528301887,24.752000000000002,71.598,31.586000000000002
2021-06-02 20:00:00,8.18867924528302,25.267500000000002,70.695,31.747500000000002
2021-06-02 21:00:00,8.109433962264152,25.783,69.792,31.909000000000002
2021-06-02 22:00:00,8.030188679245285,26.2985,68.889,32.0705
2021-06-02 23:00:00,7.9509433962264175,26.814,67.98599999999999,32.232
2021-06-03 00:00:00,7.871698113207547,27.329500000000003,67.083,32.3935
2021-06-03 01:00:00,7.7924528301886795,27.845,66.17999999999999,32.555
2021-06-03 02:00:00,7.713207547169812,28.360500000000002,65.277,32.7165
2021-06-03 03:00:00,7.633962264150945,28.876,64.374,32.878
2021-06-03 04:00:00,7.554716981132078,29.3915,63.471,33.039500000000004
2021-06-03 05:00:00,7.475471698113207,29.907,62.568,33.201
2021-06-03 06:00:00,7.39622641509434,30.4225,61.665,33.362500000000004
2021-06-03 07:00:00,7.3169811320754725,30.938000000000002,60.762,33.524
2021-06-03 08:00:00,7.237735849056605,31.4535,59.858999999999995,33.685500000000005
2021-06-03 09:00:00,7.158490566037738,31.969,58.955999999999996,33.847
2021-06-03 10:00:00,7.079245283018867,32.4845,58.053,34.008500000000005
2021-06-03 11:00:00,7.0,33.0,57.15,34.17
2021-06-03 12:00:00,7.87,36.72,57.3,33.74
2021-06-03 13:00:00,12.47,52.69,59.86,34.08
2021-06-03 14:00:00,20.45,46.07,64.92,33.16
2021-06-03 15:00:00,16.77,27.08,66.52,32.11
2021-06-03 16:00:00,6.0,13.57,65.27,31.48
2021-06-03 17:00:00,3.83,15.22,70.21,30.88
2021-06-03 18:00:00,0.64,14.36,73.98,30.24
2021-06-03 19:00:00,3.5975,15.033333333333333,75.61,29.88
2021-06-03 20:00:00,6.555,15.706666666666665,68.69,28.59
2021-06-03 21:00:00,9.512500000000001,16.38,68.2,28.12
2021-06-03 22:00:00,12.47,17.02,71.04,27.87
2021-06-03 23:00:00,16.13,27.4,71.1,27.82
2021-06-04 00:00:00,15.0,30.14,73.16,27.24
2021-06-04 01:00:00,15.43,30.24,75.04,26.71
2021-06-04 02:00:00,12.95,27.9,77.53,26.27
2021-06-04 03:00:00,11.6,22.9,79.15,26.05
2021-06-04 04:00:00,15.43,19.76,79.97,25.97
2021-06-04 05:00:00,13.83,17.14,80.01,25.99
2021-06-04 06:00:00,13.17,16.0,79.82,26.32
2021-06-04 07:00:00,18.6,26.8,77.44,27.5
2021-06-04 08:00:00,23.3,40.34,72.68,29.54
2021-06-04 09:00:00,21.97,33.24,70.38,31.46
2021-06-04 10:00:00,13.23,23.27,64.57,32.7
2021-06-04 11:00:00,8.3,60.82,60.92,33.7
2021-06-04 12:00:00,17.37,75.05,60.09,33.97
2021-06-04 13:00:00,17.03,39.13,60.47,33.78
2021-06-04 14:00:00,2.69,10.42,64.76,32.82
2021-06-04 15:00:00,3.6,8.38,67.79,32.38
2021-06-04 16:00:00,7.0,7.27,69.53,31.66
2021-06-04 17:00:00,7.017751479289941,3.78,72.19,31.0
2021-06-04 18:00:00,7.035502958579881,8.91,73.31,30.55
2021-06-04 19:00:00,7.053254437869822,14.04,76.27,29.1
2021-06-04 20:00:00,7.071005917159764,14.36,78.75,27.88
2021-06-04 21:00:00,7.088757396449704,21.59,76.04,28.0
2021-06-04 22:00:00,7.106508875739645,27.13,77.45,27.88
2021-06-04 23:00:00,7.124260355029586,69.56,78.26,27.71
2021-06-05 00:00:00,7.1420118343195265,56.36,77.77,27.58
2021-06-05 01:00:00,7.159763313609467,35.72,79.41,27.09
2021-06-05 02:00:00,7.177514792899409,26.85,80.65,26.81
2021-06-05 03:00:00,7.195266272189349,21.87,81.52,26.68
2021-06-05 04:00:00,7.21301775147929,20.51,80.94,26.68
2021-06-05 05:00:00,7.230769230769231,20.86,80.92,26.62
2021-06-05 06:00:00,7.2485207100591715,30.0,81.47,26.79
2021-06-05 07:00:00,7.266272189349112,41.73,81.8,27.23
2021-06-05 08:00:00,7.284023668639053,48.34,80.08,27.54
2021-06-05 09:00:00,7.3017751479289945,51.62,73.68,29.13
2021-06-05 10:00:00,7.319526627218935,65.14,74.46,29.15
2021-06-05 11:00:00,7.337278106508876,59.355000000000004,71.19999999999999,30.375
2021-06-05 12:00:00,7.355029585798817,53.57,67.94,31.6
2021-06-05 13:00:00,7.372781065088757,47.785,68.22,31.86
2021-06-05 14:00:00,7.390532544378698,42.0,67.54,32.1
2021-06-05 15:00:00,7.408284023668639,58.18,77.65,29.09
2021-06-05 16:00:00,7.42603550295858,51.89,93.98,25.93
2021-06-05 17:00:00,7.443786982248521,50.71,94.37,26.56
2021-06-05 18:00:00,7.461538461538462,72.8,81.44,27.5
2021-06-05 19:00:00,7.479289940828402,71.18,84.09,26.98
2021-06-05 20:00:00,7.497041420118343,64.62,85.67,26.97
2021-06-05 21:00:00,7.514792899408284,78.07,85.3,27.27
2021-06-05 22:00:00,7.5325443786982245,92.22,86.49,26.81
2021-06-05 23:00:00,7.550295857988166,89.16,84.88,26.66
2021-06-06 00:00:00,7.568047337278107,88.72,85.01,26.63
2021-06-06 01:00:00,7.585798816568047,93.49,86.29,25.9
2021-06-06 02:00:00,7.603550295857988,50.82,91.23,24.42
2021-06-06 03:00:00,7.621301775147929,29.57,94.03,23.95
2021-06-06 04:00:00,7.6390532544378695,26.18,96.5,23.32
2021-06-06 05:00:00,7.65680473372781,20.13,97.7,23.15
2021-06-06 06:00:00,7.674556213017752,19.0,98.0,23.48
2021-06-06 07:00:00,7.6923076923076925,23.95,97.97,23.8
2021-06-06 08:00:00,7.710059171597633,22.64,97.65,24.23
2021-06-06 09:00:00,7.727810650887574,36.18,97.28,24.87
2021-06-06 10:00:00,7.745562130177515,46.62,82.22,28.18
2021-06-06 11:00:00,7.763313609467455,37.08,66.55,30.32
2021-06-06 12:00:00,7.781065088757396,37.81,61.66,31.13
2021-06-06 13:00:00,7.798816568047338,42.0,59.74,32.18
2021-06-06 14:00:00,7.816568047337278,43.24,59.59,32.12
2021-06-06 15:00:00,7.834319526627219,46.49,64.88,31.18
2021-06-06 16:00:00,7.85207100591716,48.62,70.26,30.16
2021-06-06 17:00:00,7.8698224852071,58.91,74.88,29.52
2021-06-06 18:00:00,7.887573964497041,59.4,76.69,29.14
2021-06-06 19:00:00,7.905325443786983,57.24,78.44,28.71
2021-06-06 20:00:00,7.923076923076923,59.86,80.95,28.2
2021-06-06 21:00:00,7.940828402366864,57.9,83.16,27.81
2021-06-06 22:00:00,7.958579881656805,49.8,83.99,27.69
2021-06-06 23:00:00,7.976331360946745,46.0,82.44,27.6
2021-06-07 00:00:00,7.994082840236686,36.09,85.77,26.98
2021-06-07 01:00:00,8.011834319526628,31.25,87.97,26.73
2021-06-07 02:00:00,8.029585798816568,37.58,88.4,26.76
2021-06-07 03:00:00,8.04733727810651,45.98,88.14,26.49
2021-06-07 04:00:00,8.065088757396449,39.67,92.11,25.33
2021-06-07 05:00:00,8.08284023668639,41.39,97.21,24.19
2021-06-07 06:00:00,8.100591715976332,30.37,97.85,23.64
2021-06-07 07:00:00,8.118343195266272,21.38,98.0,23.73
2021-06-07 08:00:00,8.136094674556213,20.38,98.05,24.7
2021-06-07 09:00:00,8.153846153846153,24.95,97.15,25.69
2021-06-07 10:00:00,8.171597633136095,47.82,92.0,25.27
2021-06-07 11:00:00,8.189349112426036,45.12,86.73,25.88
2021-06-07 12:00:00,8.207100591715976,55.91,82.28,27.65
2021-06-07 13:00:00,8.224852071005918,69.25,79.06,29.36
2021-06-07 14:00:00,8.242603550295858,58.5,77.94,29.88
2021-06-07 15:00:00,8.2603550295858,58.15,71.1,30.3
2021-06-07 16:00:00,8.278106508875739,79.93,75.41,28.97
2021-06-07 17:00:00,8.29585798816568,76.56,78.31,28.25
2021-06-07 18:00:00,8.31360946745562,69.62,79.21,28.38
2021-06-07 19:00:00,8.331360946745562,83.63,82.72,27.83
2021-06-07 20:00:00,8.349112426035504,73.42,83.13,27.3
2021-06-07 21:00:00,8.366863905325443,73.15,86.37,27.01
2021-06-07 22:00:00,8.384615384615385,95.56,87.7,27.09
2021-06-07 23:00:00,8.402366863905325,75.27,88.42,26.9
2021-06-08 00:00:00,8.420118343195266,34.09,87.32,26.66
2021-06-08 01:00:00,8.437869822485208,29.11,87.74,26.56
2021-06-08 02:00:00,8.455621301775148,42.2,88.07,26.47
2021-06-08 03:00:00,8.47337278106509,65.11,87.91,26.26
2021-06-08 04:00:00,8.49112426035503,62.61,88.56,26.0
2021-06-08 05:00:00,8.50887573964497,57.49,87.44,26.08
2021-06-08 06:00:00,8.52662721893491,72.63,88.09,26.23
2021-06-08 07:00:00,8.544378698224852,64.2,87.69,26.63
2021-06-08 08:00:00,8.562130177514792,39.13,85.95,27.82
2021-06-08 09:00:00,8.579881656804734,33.1,82.43,28.44
2021-06-08 10:00:00,8.597633136094675,39.34,87.1,27.07
2021-06-08 11:00:00,8.615384615384615,57.48,92.39,26.17
2021-06-08 12:00:00,8.633136094674557,38.38,96.22,25.55
2021-06-08 13:00:00,8.650887573964496,14.18,94.47,27.09
2021-06-08 14:00:00,8.668639053254438,10.0,83.96,28.9
2021-06-08 15:00:00,8.68639053254438,36.0,80.93,29.42
2021-06-08 16:00:00,8.70414201183432,62.0,79.08,29.39
2021-06-08 17:00:00,8.721893491124261,56.42,81.11,28.75
2021-06-08 18:00:00,8.7396449704142,45.57,84.25,28.2
2021-06-08 19:00:00,8.757396449704142,50.33,85.75,27.74
2021-06-08 20:00:00,8.775147928994082,78.34,87.24,27.13
2021-06-08 21:00:00,8.792899408284024,80.42,89.08,26.63
2021-06-08 22:00:00,8.810650887573965,57.09,96.21,25.35
2021-06-08 23:00:00,8.828402366863905,40.64,97.84,25.2
2021-06-09 00:00:00,8.846153846153847,33.05,98.06,25.14
2021-06-09 01:00:00,8.863905325443787,30.74,98.13,25.07
2021-06-09 02:00:00,8.881656804733728,24.8,98.25,24.94
2021-06-09 03:00:00,8.899408284023668,19.14,98.24,24.56
2021-06-09 04:00:00,8.91715976331361,21.72,98.34,24.45
2021-06-09 05:00:00,8.934911242603551,32.09,98.42,24.62
2021-06-09 06:00:00,8.95266272189349,33.27,98.42,24.75
2021-06-09 07:00:00,8.970414201183432,30.38,98.43,24.56
2021-06-09 08:00:00,8.988165680473372,19.47,98.43,24.15
2021-06-09 09:00:00,9.005917159763314,13.0,98.54,23.89
2021-06-09 10:00:00,9.023668639053255,14.86,98.75,24.32
2021-06-09 11:00:00,9.041420118343195,16.62,98.67,24.39
2021-06-09 12:00:00,9.059171597633135,20.1,98.79,24.37
2021-06-09 13:00:00,9.076923076923077,22.0,98.77,24.33
2021-06-09 14:00:00,9.094674556213018,23.25,98.69,24.05
2021-06-09 15:00:00,9.112426035502958,20.27,98.78,23.85
2021-06-09 16:00:00,9.1301775147929,18.0,98.82,24.07
2021-06-09 17:00:00,9.14792899408284,21.72,98.91,24.63
2021-06-09 18:00:00,9.165680473372781,27.11,98.75,24.73
2021-06-09 19:00:00,9.183431952662723,30.24,98.66,24.3
2021-06-09 20:00:00,9.201183431952662,26.04,98.67,24.15
2021-06-09 21:00:00,9.218934911242604,26.72,98.59,23.96
2021-06-09 22:00:00,9.236686390532544,37.05,98.55,23.79
2021-06-09 23:00:00,9.254437869822485,44.48,98.63,23.38
2021-06-10 00:00:00,9.272189349112427,38.57,98.63,23.46
2021-06-10 01:00:00,9.289940828402367,36.49,98.62,23.21
2021-06-10 02:00:00,9.307692307692308,26.85,98.76,23.24
2021-06-10 03:00:00,9.325443786982248,30.58,98.96,23.38
2021-06-10 04:00:00,9.34319526627219,35.76,99.09,23.68
2021-06-10 05:00:00,9.36094674556213,23.84,99.11,23.73
2021-06-10 06:00:00,9.378698224852071,29.45,99.12,23.71
2021-06-10 07:00:00,9.396449704142011,30.18,99.12,23.48
2021-06-10 08:00:00,9.414201183431953,30.34,99.24,23.78
2021-06-10 09:00:00,9.431952662721894,30.51,99.17,24.14
2021-06-10 10:00:00,9.449704142011834,31.48,99.01,24.91
2021-06-10 11:00:00,9.467455621301776,38.6,98.37,24.99
2021-06-10 12:00:00,9.485207100591715,35.16,98.72,25.24
2021-06-10 13:00:00,9.502958579881657,35.36,97.99,25.5
2021-06-10 14:00:00,9.520710059171599,38.0,97.75,25.6
2021-06-10 15:00:00,9.538461538461538,42.36,92.66,26.23
2021-06-10 16:00:00,9.55621301775148,38.19,98.08,23.48
2021-06-10 17:00:00,9.57396449704142,26.57,99.0,23.27
2021-06-10 18:00:00,9.591715976331361,25.0,99.2,23.55
2021-06-10 19:00:00,9.609467455621303,32.98,99.23,23.91
2021-06-10 20:00:00,9.627218934911243,36.0,99.19,23.72
2021-06-10 21:00:00,9.644970414201183,24.07,99.16,23.29
2021-06-10 22:00:00,9.662721893491124,25.19,99.23,23.13
2021-06-10 23:00:00,9.680473372781066,36.16,99.23,23.16
2021-06-11 00:00:00,9.698224852071005,42.24,99.25,23.43
2021-06-11 01:00:00,9.715976331360947,41.14,99.26,23.58
2021-06-11 02:00:00,9.733727810650887,35.05,99.28,23.74
2021-06-11 03:00:00,9.751479289940828,24.56,99.29,23.92
2021-06-11 04:00:00,9.76923076923077,20.0,99.29,24.04
2021-06-11 05:00:00,9.78698224852071,24.7875,99.07000000000001,24.30625
2021-06-11 06:00:00,9.804733727810651,29.575,98.85000000000001,24.572499999999998
2021-06-11 07:00:00,9.822485207100591,34.3625,98.63000000000001,24.83875
2021-06-11 08:00:00,9.840236686390533,39.15,98.41,25.105
2021-06-11 09:00:00,9.857988165680474,43.9375,98.19,25.37125
2021-06-11 10:00:00,9.875739644970414,48.724999999999994,97.97,25.637500000000003
2021-06-11 11:00:00,9.893491124260354,53.512499999999996,97.75,25.903750000000002
2021-06-11 12:00:00,9.911242603550296,58.3,97.53,26.17
2021-06-11 13:00:00,9.928994082840237,49.95,98.94,25.35
2021-06-11 14:00:00,9.946745562130177,33.23,99.2,25.08
2021-06-11 15:00:00,9.964497041420119,27.24,99.26,24.85
2021-06-11 16:00:00,9.982248520710058,26.76,99.31,24.37
2021-06-11 17:00:00,10.0,21.02,99.38,24.04
2021-06-11 18:00:00,14.73,23.57,99.52,24.31
2021-06-11 19:00:00,16.67,27.62,99.55,24.45
2021-06-11 20:00:00,13.17,26.75,99.51,24.46
2021-06-11 21:00:00,15.57,24.14,99.5,24.18
2021-06-11 22:00:00,14.57,23.62,99.52,24.1
2021-06-11 23:00:00,14.0,20.41,99.55,24.01
2021-06-12 00:00:00,11.684999999999999,15.075,99.57,24.1
2021-06-12 01:00:00,9.37,9.74,99.59,24.18
2021-06-12 02:00:00,13.07,20.949999999999996,99.58,24.26
2021-06-12 03:00:00,16.77,32.16,99.56,24.28
2021-06-12 04:00:00,17.4,33.8,99.59,24.19
2021-06-12 05:00:00,12.15,25.05,99.56,24.21
2021-06-12 06:00:00,13.71,18.9,99.52,23.88
2021-06-12 07:00:00,9.5,11.42,99.62,24.17
2021-06-12 08:00:00,6.57,10.48,99.59,24.39
2021-06-12 09:00:00,8.57,12.62,99.58,24.76
2021-06-12 10:00:00,16.02,20.39,99.39,24.95
2021-06-12 11:00:00,20.43,28.5,99.28,24.36
2021-06-12 12:00:00,17.53,35.24,99.62,24.93
2021-06-12 13:00:00,12.14,41.58,99.58,25.39
2021-06-12 14:00:00,13.58,40.66,99.37,25.84
2021-06-12 15:00:00,17.0,37.38,99.06,26.27
2021-06-12 16:00:00,12.27,33.92,98.61,26.16
2021-06-12 17:00:00,7.29,40.67,98.0,26.08
2021-06-12 18:00:00,8.57,44.14,90.62,27.4
2021-06-12 19:00:00,13.2,36.19,93.67,26.65
2021-06-12 20:00:00,21.72,40.67,96.59,26.11
2021-06-12 21:00:00,20.98,41.05,98.48,25.85
2021-06-12 22:00:00,13.97,31.19,99.05,25.61
2021-06-12 23:00:00,9.57,35.71,99.1,25.3
2021-06-13 00:00:00,9.43,33.57,99.18,25.23
2021-06-13 01:00:00,10.0,26.51,99.23,25.33
2021-06-13 02:00:00,13.03,24.38,99.25,25.36
2021-06-13 03:00:00,13.55,21.52,99.23,25.2
2021-06-13 04:00:00,14.2,33.63,99.29,24.98
2021-06-13 05:00:00,19.7,45.1,99.39,25.02
2021-06-13 06:00:00,18.86,47.62,99.43,25.11
2021-06-13 07:00:00,19.13,46.14,99.36,25.47
2021-06-13 08:00:00,17.14,44.38,99.19,25.39
2021-06-13 09:00:00,16.87,32.85,99.43,25.35
2021-06-13 10:00:00,16.71,30.34,99.2,25.73
2021-06-13 11:00:00,19.33,36.72,98.82,26.42
2021-06-13 12:00:00,28.9,115.81,96.47,27.35
2021-06-13 13:00:00,29.27,91.7,88.92,28.98
2021-06-13 14:00:00,22.13,41.19,81.0,30.09
2021-06-13 15:00:00,19.71,46.29,80.12,29.94
2021-06-13 16:00:00,17.57,47.05,83.28,29.34
2021-06-13 17:00:00,14.83,47.1,85.52,28.79
2021-06-13 18:00:00,12.0,43.42,86.51,28.39
2021-06-13 19:00:00,11.57,40.0,88.04,27.97
2021-06-13 20:00:00,14.02,51.09,91.04,27.44
2021-06-13 21:00:00,20.6,54.26,92.98,27.12
2021-06-13 22:00:00,17.11,46.57,94.76,26.78
2021-06-13 23:00:00,14.89,48.2,97.51,26.36
2021-06-14 00:00:00,21.0,43.37,98.7,26.3
2021-06-14 01:00:00,16.57,33.05,98.93,26.0
2021-06-14 02:00:00,14.28,32.47,99.02,25.69
2021-06-14 03:00:00,10.28,30.28,99.15,25.66
2021-06-14 04:00:00,11.42,35.43,99.22,25.86
2021-06-14 05:00:00,19.02,39.38,99.09,25.58
2021-06-14 06:00:00,21.27,46.43,99.08,25.49
2021-06-14 07:00:00,19.43,51.62,99.16,26.14
2021-06-14 08:00:00,21.72,56.95,98.54,26.43
2021-06-14 09:00:00,23.57,58.76,98.0,27.05
2021-06-14 10:00:00,23.86,64.81,91.73,29.2
2021-06-14 11:00:00,25.86,78.29,82.89,31.11
2021-06-14 12:00:00,26.14,96.95,76.52,31.32
2021-06-14 13:00:00,25.86,82.08,75.54,31.4
2021-06-14 14:00:00,28.72,81.63,75.24,31.21
2021-06-14 15:00:00,31.0,86.9,76.87,30.71
2021-06-14 16:00:00,28.83,92.4,78.91,30.36
2021-06-14 17:00:00,26.43,104.4,80.66,29.8
2021-06-14 18:00:00,26.14,98.47,82.46,29.38
2021-06-14 19:00:00,24.57,86.42,85.7,28.66
2021-06-14 20:00:00,25.3,80.52,88.36,28.26
2021-06-14 21:00:00,26.11,80.86,87.57,28.29
2021-06-14 22:00:00,30.2,86.98,88.42,28.18
2021-06-14 23:00:00,33.53,92.22,90.04,27.88
2021-06-15 00:00:00,29.0,91.6,90.71,27.77
