From Date,PM2.5,PM10,RH,AT
2020-11-01 00:00:00,81.74,140.0,4.26,28.93
2020-11-01 01:00:00,79.38,140.0,4.26,28.68
2020-11-01 02:00:00,94.65,140.0,4.26,28.24
2020-11-01 03:00:00,103.95,140.0,4.26,27.79
2020-11-01 04:00:00,96.31,140.0,4.26,27.09
2020-11-01 05:00:00,68.83,140.0,4.26,26.71
2020-11-01 06:00:00,79.88,140.0,4.26,26.52
2020-11-01 07:00:00,89.83,140.0,4.26,27.04
2020-11-01 08:00:00,91.0,140.0,4.26,28.99
2020-11-01 09:00:00,76.17,140.0,4.26,31.69
2020-11-01 10:00:00,85.31,140.0,4.26,34.25
2020-11-01 11:00:00,75.66,140.0,4.26,35.18
2020-11-01 12:00:00,80.11,140.0,4.26,36.32
2020-11-01 13:00:00,77.52,140.0,4.26,37.4
2020-11-01 14:00:00,57.87,140.0,4.26,37.47
2020-11-01 15:00:00,52.38,140.0,4.26,36.68
2020-11-01 16:00:00,55.49,140.0,4.26,36.47
2020-11-01 17:00:00,40.35,140.0,4.26,34.6
2020-11-01 18:00:00,40.61,140.0,4.26,33.35
2020-11-01 19:00:00,37.51,140.0,4.26,32.28
2020-11-01 20:00:00,49.21,140.0,4.26,31.2
2020-11-01 21:00:00,63.18,140.0,4.26,30.89
2020-11-01 22:00:00,64.13,140.0,4.26,30.23
2020-11-01 23:00:00,68.35,140.0,4.26,29.65
2020-11-02 00:00:00,58.53,140.0,4.26,29.4
2020-11-02 01:00:00,67.43,140.0,4.26,29.29
2020-11-02 02:00:00,69.0,140.0,4.26,28.93
2020-11-02 03:00:00,66.39,140.0,4.26,28.71
2020-11-02 04:00:00,60.78,140.0,4.26,28.21
2020-11-02 05:00:00,69.56,140.0,4.26,28.43
2020-11-02 06:00:00,84.95,140.0,4.26,28.27
2020-11-02 07:00:00,89.61,140.0,4.26,28.55
2020-11-02 08:00:00,95.23,140.0,4.26,29.79
2020-11-02 09:00:00,114.32,140.0,4.26,31.53
2020-11-02 10:00:00,107.44,140.0,4.26,34.65
2020-11-02 11:00:00,93.79,140.0,4.26,37.21
2020-11-02 12:00:00,78.05,140.0,4.26,37.57
2020-11-02 13:00:00,78.62,168.04,4.26,37.08
2020-11-02 14:00:00,76.38,193.0,4.26,36.99
2020-11-02 15:00:00,79.48,173.68,4.26,36.99
2020-11-02 16:00:00,75.64,155.28,4.26,36.28
2020-11-02 17:00:00,73.25,159.16,4.26,34.65
2020-11-02 18:00:00,88.65,189.03,4.26,33.6
2020-11-02 19:00:00,96.22,215.87,4.26,32.7
2020-11-02 20:00:00,122.3,230.16,4.26,32.11
2020-11-02 21:00:00,116.41,274.95,4.26,31.56
2020-11-02 22:00:00,124.56,317.31,4.26,31.2
2020-11-02 23:00:00,126.0,286.8,4.26,30.99
2020-11-03 00:00:00,115.57,251.42,4.26,30.25
2020-11-03 01:00:00,118.36,252.6,4.26,29.84
2020-11-03 02:00:00,138.19,264.58,4.26,29.48
2020-11-03 03:00:00,120.88,255.62,4.26,29.17
2020-11-03 04:00:00,133.66,249.72,4.26,28.98
2020-11-03 05:00:00,166.53,278.61,4.26,28.63
2020-11-03 06:00:00,150.13,254.08,4.26,28.11
2020-11-03 07:00:00,131.35,223.15,4.26,28.68
2020-11-03 08:00:00,138.56,233.16,4.26,31.03
2020-11-03 09:00:00,119.12,224.61,4.26,33.39
2020-11-03 10:00:00,102.09,189.54,4.26,35.7
2020-11-03 11:00:00,80.81,154.26,4.26,36.59
2020-11-03 12:00:00,68.41,132.99,4.26,37.28
2020-11-03 13:00:00,70.48,134.97,4.26,38.32
2020-11-03 14:00:00,74.48,152.6,4.26,38.33
2020-11-03 15:00:00,82.83,164.15,4.26,38.64
2020-11-03 16:00:00,73.57,170.29,4.26,37.6
2020-11-03 17:00:00,85.91,175.43,4.26,35.08
2020-11-03 18:00:00,82.77,180.86,4.26,33.5
2020-11-03 19:00:00,98.52,214.47,4.26,32.84
2020-11-03 20:00:00,100.13,204.81,4.26,32.04
2020-11-03 21:00:00,95.64,182.29,4.26,30.98
2020-11-03 22:00:00,113.44,249.81,4.26,30.37
2020-11-03 23:00:00,107.31,293.28,4.26,29.98
2020-11-04 00:00:00,110.35,307.22,4.26,29.6
2020-11-04 01:00:00,111.87,282.09,4.26,28.97
2020-11-04 02:00:00,100.7,251.28,4.26,28.87
2020-11-04 03:00:00,100.74,227.11,4.26,28.56
2020-11-04 04:00:00,94.91,197.41,4.26,28.28
2020-11-04 05:00:00,98.35,188.0,4.26,27.91
2020-11-04 06:00:00,112.04,206.88,4.26,27.93
2020-11-04 07:00:00,129.65,223.24,4.26,28.5
2020-11-04 08:00:00,135.48,239.88,4.26,31.33
2020-11-04 09:00:00,141.23,261.87,4.26,33.84
2020-11-04 10:00:00,126.4,232.81,4.26,35.42
2020-11-04 11:00:00,97.92,188.49,4.26,36.44
2020-11-04 12:00:00,69.58,152.54,4.26,37.62
2020-11-04 13:00:00,71.23,154.55,4.26,37.41
2020-11-04 14:00:00,89.44,190.28,4.26,38.45
2020-11-04 15:00:00,93.75,193.41,4.26,38.15
2020-11-04 16:00:00,84.44,187.43,4.26,37.05
2020-11-04 17:00:00,80.39,177.41,4.26,35.56
2020-11-04 18:00:00,77.39,181.16,4.26,34.11
2020-11-04 19:00:00,90.04,193.28,4.26,32.89
2020-11-04 20:00:00,103.3,232.19,4.26,31.36
2020-11-04 21:00:00,129.42,340.29,4.26,30.5
2020-11-04 22:00:00,131.26,395.88,4.26,30.03
2020-11-04 23:00:00,133.62,355.52,4.26,29.66
2020-11-05 00:00:00,130.51,308.45,4.26,28.98
2020-11-05 01:00:00,122.15,273.88,4.26,28.44
2020-11-05 02:00:00,107.05,227.11,4.26,27.63
2020-11-05 03:00:00,93.7,202.43,4.26,27.44
2020-11-05 04:00:00,103.3,198.01,4.26,27.32
2020-11-05 05:00:00,101.52,185.31,4.26,27.3
2020-11-05 06:00:00,121.01,205.33,4.26,27.07
2020-11-05 07:00:00,120.51,209.89,4.26,27.65
2020-11-05 08:00:00,118.25,199.29,4.26,29.28
2020-11-05 09:00:00,106.7,190.6,4.26,32.08
2020-11-05 10:00:00,104.13,181.01,4.26,34.75
2020-11-05 11:00:00,90.09,184.9,4.26,36.45
2020-11-05 12:00:00,64.53,163.24,4.26,36.68
2020-11-05 13:00:00,71.43,151.55,4.26,37.3
2020-11-05 14:00:00,59.09,122.69,4.26,37.52
2020-11-05 15:00:00,56.13,92.58,4.26,37.1
2020-11-05 16:00:00,50.78,90.0,4.26,36.62
2020-11-05 17:00:00,54.36,100.87,4.26,35.45
2020-11-05 18:00:00,64.56,155.69,4.26,33.7
2020-11-05 19:00:00,73.85,194.43,4.26,32.65
2020-11-05 20:00:00,85.43,225.61,4.26,31.34
2020-11-05 21:00:00,97.43,254.44,4.26,30.61
2020-11-05 22:00:00,87.7,230.39,4.26,30.4
2020-11-05 23:00:00,95.59,196.61,4.26,30.3
2020-11-06 00:00:00,81.35,167.5,4.26,29.16
2020-11-06 01:00:00,100.73,217.81,4.26,28.11
2020-11-06 02:00:00,112.69,255.0,4.26,27.54
2020-11-06 03:00:00,115.75,241.85,4.26,27.16
2020-11-06 04:00:00,118.61,230.7,4.26,26.93
2020-11-06 05:00:00,99.87,191.53,4.26,26.93
2020-11-06 06:00:00,90.01,162.88,4.26,26.63
2020-11-06 07:00:00,100.3,168.11,4.26,27.68
2020-11-06 08:00:00,92.44,168.73,4.26,30.61
2020-11-06 09:00:00,85.78,154.89,4.26,31.95
2020-11-06 10:00:00,79.77,144.57,4.26,34.66
2020-11-06 11:00:00,77.26,153.96,4.26,34.84
2020-11-06 12:00:00,57.0,130.95,4.26,35.51
2020-11-06 13:00:00,57.52,105.71,4.26,36.49
2020-11-06 14:00:00,44.09,95.84,4.26,36.66
2020-11-06 15:00:00,36.78,83.28,4.26,36.71
2020-11-06 16:00:00,39.48,84.12,4.26,36.31
2020-11-06 17:00:00,46.09,95.97,4.26,35.27
2020-11-06 18:00:00,50.49,127.75,4.26,33.45
2020-11-06 19:00:00,60.59,150.99,4.26,32.38
2020-11-06 20:00:00,62.87,140.84,4.26,30.78
2020-11-06 21:00:00,82.14,224.84,4.26,30.28
2020-11-06 22:00:00,77.1,216.99,4.26,29.83
2020-11-06 23:00:00,89.04,192.17,4.26,28.28
2020-11-07 00:00:00,95.33,228.25,4.26,27.83
2020-11-07 01:00:00,98.6,226.27,4.26,27.43
2020-11-07 02:00:00,86.82,199.64,4.26,26.74
2020-11-07 03:00:00,97.17,185.57,4.26,26.37
2020-11-07 04:00:00,105.09,187.72,4.26,25.52
2020-11-07 05:00:00,85.13,164.4,4.26,24.95
2020-11-07 06:00:00,78.52,147.16,4.26,24.65
2020-11-07 07:00:00,90.17,168.6,4.26,25.06
2020-11-07 08:00:00,93.74,180.0,4.26,28.44
2020-11-07 09:00:00,80.96,176.0,4.26,30.66
2020-11-07 10:00:00,75.52,164.612,4.26,33.43
2020-11-07 11:00:00,74.13,153.224,4.26,35.23
2020-11-07 12:00:00,65.31,141.836,4.26,36.51
2020-11-07 13:00:00,70.95,130.448,4.26,37.02
2020-11-07 14:00:00,63.3,119.06,4.26,38.12
2020-11-07 15:00:00,60.26,112.86,4.26,37.7
2020-11-07 16:00:00,62.62,123.39,4.26,36.73
2020-11-07 17:00:00,69.09,142.82,4.26,35.46
2020-11-07 18:00:00,76.95,184.0,4.26,34.32
2020-11-07 19:00:00,74.52,180.01,4.26,33.17
2020-11-07 20:00:00,99.22,257.11,4.26,31.8
2020-11-07 21:00:00,116.04,287.39,4.26,30.81
2020-11-07 22:00:00,152.78,267.5,4.26,30.5
2020-11-07 23:00:00,103.19,228.43,4.26,30.13
2020-11-08 00:00:00,95.87,212.94,4.26,28.84
2020-11-08 01:00:00,117.73,231.87,4.26,28.55
2020-11-08 02:00:00,114.91,234.71,4.26,28.05
2020-11-08 03:00:00,124.43,233.64,4.26,27.66
2020-11-08 04:00:00,110.35,204.96,4.26,27.38
2020-11-08 05:00:00,95.79,167.55,4.26,27.38
2020-11-08 06:00:00,87.05,157.15,4.26,27.06
2020-11-08 07:00:00,87.74,154.58,4.26,27.93
2020-11-08 08:00:00,86.26,162.87,4.26,29.92
2020-11-08 09:00:00,83.39,157.33,4.26,32.27
2020-11-08 10:00:00,69.09,128.78,4.26,33.8
2020-11-08 11:00:00,63.52,124.16,4.26,35.52
2020-11-08 12:00:00,56.05,120.13,4.26,36.42
2020-11-08 13:00:00,49.78,102.32,4.26,37.34
2020-11-08 14:00:00,48.13,92.71,4.26,38.04
2020-11-08 15:00:00,53.22,91.0,4.26,37.65
2020-11-08 16:00:00,47.91,96.12,4.26,36.92
2020-11-08 17:00:00,53.09,97.15,4.26,35.81
2020-11-08 18:00:00,58.35,114.36,4.26,34.04
2020-11-08 19:00:00,68.56,139.0,4.26,32.69
2020-11-08 20:00:00,90.0,177.47,4.26,32.17
2020-11-08 21:00:00,86.05,202.45,4.26,31.23
2020-11-08 22:00:00,95.4,213.54,4.26,30.34
2020-11-08 23:00:00,100.48,220.57,4.26,29.53
2020-11-09 00:00:00,110.56,220.36,4.26,28.78
2020-11-09 01:00:00,100.82,186.81,4.26,28.36
2020-11-09 02:00:00,89.44,152.89,4.26,27.77
2020-11-09 03:00:00,88.0,157.97,4.26,27.37
2020-11-09 04:00:00,113.22,189.1,4.26,26.94
2020-11-09 05:00:00,127.44,191.76,4.26,26.54
2020-11-09 06:00:00,109.87,175.85,4.26,26.23
2020-11-09 07:00:00,111.39,179.47,4.26,27.31
2020-11-09 08:00:00,124.17,213.04,4.26,30.08
2020-11-09 09:00:00,115.57,200.4,4.26,31.68
2020-11-09 10:00:00,93.2,157.92,4.26,33.05
2020-11-09 11:00:00,73.47,148.42,4.26,34.35
2020-11-09 12:00:00,64.93,127.65,4.26,35.82
2020-11-09 13:00:00,68.35,125.0,4.26,36.52
2020-11-09 14:00:00,55.96,114.25,4.26,36.36
2020-11-09 15:00:00,64.43,85.89,4.26,36.17
2020-11-09 16:00:00,52.96,86.44,4.26,35.68
2020-11-09 17:00:00,43.17,95.42,4.26,34.72
2020-11-09 18:00:00,48.95,110.53,4.26,32.69
2020-11-09 19:00:00,60.43,159.61,4.26,31.82
2020-11-09 20:00:00,84.61,207.62,4.26,30.46
2020-11-09 21:00:00,104.52,252.06,4.26,29.79
2020-11-09 22:00:00,99.17,260.75,4.26,29.02
2020-11-09 23:00:00,92.78,227.94,4.26,28.86
2020-11-10 00:00:00,91.13,216.37,4.26,27.73
2020-11-10 01:00:00,97.09,200.91,4.26,26.95
2020-11-10 02:00:00,80.61,164.5,4.26,26.91
2020-11-10 03:00:00,87.53,158.68,4.26,25.94
2020-11-10 04:00:00,96.83,167.71,4.26,25.27
2020-11-10 05:00:00,111.91,186.65,4.26,25.04
2020-11-10 06:00:00,115.75,191.46,4.26,24.56
2020-11-10 07:00:00,103.83,177.03,4.26,25.47
2020-11-10 08:00:00,113.3,197.19,4.26,28.31
2020-11-10 09:00:00,107.17,189.53,4.26,30.17
2020-11-10 10:00:00,100.75,166.6,4.26,32.12
2020-11-10 11:00:00,83.48,142.78,4.26,33.64
2020-11-10 12:00:00,72.31,131.86,4.26,34.91
2020-11-10 13:00:00,58.83,118.62,4.26,36.21
2020-11-10 14:00:00,53.53,107.0,4.26,36.98
2020-11-10 15:00:00,56.52,104.0,4.26,36.97
2020-11-10 16:00:00,56.13,100.81,4.26,36.77
2020-11-10 17:00:00,60.35,116.25,4.26,34.44
2020-11-10 18:00:00,75.78,161.31,4.26,32.34
2020-11-10 19:00:00,90.17,201.67,4.26,30.6
2020-11-10 20:00:00,106.78,222.82,4.26,29.25
2020-11-10 21:00:00,119.43,262.89,4.26,28.45
2020-11-10 22:00:00,104.53,271.04,4.26,27.86
2020-11-10 23:00:00,108.95,273.81,4.26,27.05
2020-11-11 00:00:00,127.33,280.44,4.26,26.24
2020-11-11 01:00:00,113.48,239.99,4.26,25.29
2020-11-11 02:00:00,107.52,204.03,4.26,25.01
2020-11-11 03:00:00,121.73,222.6,4.26,24.46
2020-11-11 04:00:00,143.13,241.57,4.26,24.27
2020-11-11 05:00:00,139.93,229.0,4.26,23.9
2020-11-11 06:00:00,138.13,214.29,4.26,24.06
2020-11-11 07:00:00,131.91,203.32,4.26,25.81
2020-11-11 08:00:00,113.61,176.07,4.26,28.34
2020-11-11 09:00:00,96.22,157.01,4.26,30.18
2020-11-11 10:00:00,94.87,152.29,4.26,31.84
2020-11-11 11:00:00,91.52,163.89,4.26,33.2
2020-11-11 12:00:00,84.05,164.17,4.26,34.45
2020-11-11 13:00:00,70.525,159.0,4.26,34.85
2020-11-11 14:00:00,57.0,106.0,4.26,35.07
2020-11-11 15:00:00,56.13,104.29,4.26,35.57
2020-11-11 16:00:00,58.61,105.28,4.26,35.07
2020-11-11 17:00:00,66.83,122.38,4.26,33.96
2020-11-11 18:00:00,76.67,164.0,4.26,32.05
2020-11-11 19:00:00,72.83,172.0,4.26,30.63
2020-11-11 20:00:00,85.73,174.49,4.26,29.11
2020-11-11 21:00:00,105.39,222.61,4.26,28.04
2020-11-11 22:00:00,114.09,252.5,4.26,27.26
2020-11-11 23:00:00,124.53,278.7,4.26,26.84
2020-11-12 00:00:00,132.07,287.9,4.26,25.75
2020-11-12 01:00:00,134.73,284.57,4.26,25.01
2020-11-12 02:00:00,140.22,262.79,4.26,24.88
2020-11-12 03:00:00,134.07,228.92,4.26,24.42
2020-11-12 04:00:00,129.52,209.74,4.26,23.78
2020-11-12 05:00:00,126.39,203.29,4.26,23.6
2020-11-12 06:00:00,119.91,205.19,4.26,23.55
2020-11-12 07:00:00,138.93,230.23,4.26,24.43
2020-11-12 08:00:00,162.87,278.03,4.26,27.61
2020-11-12 09:00:00,141.66,259.12,4.26,29.7
2020-11-12 10:00:00,122.35,198.0,4.26,32.3
2020-11-12 11:00:00,94.78,157.69,4.26,33.46
2020-11-12 12:00:00,71.87,134.33,4.26,34.77
2020-11-12 13:00:00,54.935,127.0,4.26,35.83
2020-11-12 14:00:00,38.0,67.0,4.26,36.78
2020-11-12 15:00:00,37.12,73.83,4.26,37.13
2020-11-12 16:00:00,48.3,91.53,4.26,36.24
2020-11-12 17:00:00,59.56,131.75,4.26,34.26
2020-11-12 18:00:00,69.69,174.93,4.26,32.28
2020-11-12 19:00:00,77.07,179.75,4.26,31.26
2020-11-12 20:00:00,84.07,169.72,4.26,29.46
2020-11-12 21:00:00,104.93,231.21,4.26,28.83
2020-11-12 22:00:00,111.47,276.15,4.26,28.74
2020-11-12 23:00:00,122.4,243.4,4.26,28.22
2020-11-13 00:00:00,114.47,223.97,4.26,27.53
2020-11-13 01:00:00,125.13,245.13,4.26,26.92
2020-11-13 02:00:00,129.61,261.28,4.26,25.98
2020-11-13 03:00:00,115.22,240.22,4.26,25.51
2020-11-13 04:00:00,128.6,224.14,4.26,25.38
2020-11-13 05:00:00,131.0,216.13,4.26,25.23
2020-11-13 06:00:00,129.26,214.99,4.26,25.02
2020-11-13 07:00:00,142.0,227.11,4.26,26.26
2020-11-13 08:00:00,144.0,240.83,4.26,29.55
2020-11-13 09:00:00,133.57,224.47,4.26,33.29
2020-11-13 10:00:00,115.48,205.14,4.26,35.87
2020-11-13 11:00:00,64.31,136.94,4.26,35.65
2020-11-13 12:00:00,43.13,83.02,4.26,36.44
2020-11-13 13:00:00,29.565,80.0,4.26,38.05
2020-11-13 14:00:00,16.0,30.0,4.26,38.94
2020-11-13 15:00:00,22.07,43.6,4.26,38.56
2020-11-13 16:00:00,23.87,50.02,4.26,37.59
2020-11-13 17:00:00,30.07,89.14,4.26,35.49
2020-11-13 18:00:00,48.39,120.43,4.26,33.62
2020-11-13 19:00:00,50.13,114.9,4.26,32.96
2020-11-13 20:00:00,69.93,148.58,4.26,32.21
2020-11-13 21:00:00,88.65,184.97,4.26,31.56
2020-11-13 22:00:00,64.92,139.18,4.26,31.43
2020-11-13 23:00:00,56.65,114.81,4.26,30.61
2020-11-14 00:00:00,66.4,122.6,4.26,30.18
2020-11-14 01:00:00,61.93,110.93,4.26,29.76
2020-11-14 02:00:00,60.13,123.83,4.26,28.88
2020-11-14 03:00:00,73.04,139.57,4.26,28.41
2020-11-14 04:00:00,80.22,142.56,4.26,28.01
2020-11-14 05:00:00,93.13,151.93,4.26,27.71
2020-11-14 06:00:00,94.13,147.8,4.26,27.74
2020-11-14 07:00:00,95.73,143.99,4.26,28.34
2020-11-14 08:00:00,94.27,152.69,4.26,30.04
2020-11-14 09:00:00,88.8,146.18,4.26,32.43
2020-11-14 10:00:00,72.35,122.06,4.26,35.02
2020-11-14 11:00:00,47.47,91.21,4.26,36.9
2020-11-14 12:00:00,32.7,80.42,4.26,37.19
2020-11-14 13:00:00,26.85,83.0,4.26,37.26
2020-11-14 14:00:00,21.0,52.0,4.26,37.91
2020-11-14 15:00:00,21.0,48.58,4.26,37.39
2020-11-14 16:00:00,22.73,61.38,4.26,36.78
2020-11-14 17:00:00,18.65,65.63,4.26,35.05
2020-11-14 18:00:00,33.6,66.5,4.26,33.36
2020-11-14 19:00:00,38.6,75.85,4.26,32.81
2020-11-14 20:00:00,116.80000000000001,164.925,4.26,32.46
2020-11-14 21:00:00,195.0,254.0,4.26,31.64
2020-11-14 22:00:00,265.94,293.5,4.26,30.83
2020-11-14 23:00:00,208.67,299.57,4.26,30.59
2020-11-15 00:00:00,257.53,306.3,4.26,30.6
2020-11-15 01:00:00,188.13,255.63,4.26,29.98
2020-11-15 02:00:00,140.47,196.87,4.26,29.63
2020-11-15 03:00:00,146.31,190.33,4.26,29.18
2020-11-15 04:00:00,135.0,175.8,4.26,28.84
2020-11-15 05:00:00,122.6,158.5,4.26,28.49
2020-11-15 06:00:00,100.2,137.61,4.26,28.32
2020-11-15 07:00:00,97.87,131.69,4.26,28.98
2020-11-15 08:00:00,126.6,168.87,4.26,31.3
2020-11-15 09:00:00,131.87,177.0,4.26,32.96
2020-11-15 10:00:00,110.33,154.37,4.26,34.31
2020-11-15 11:00:00,97.47,132.27,4.26,36.04
2020-11-15 12:00:00,66.53,109.67,4.26,37.11
2020-11-15 13:00:00,58.53,97.58,4.26,38.31
2020-11-15 14:00:00,49.33,92.72,4.26,38.11
2020-11-15 15:00:00,47.13,88.73,4.26,36.97
2020-11-15 16:00:00,50.47,88.5,4.26,36.18
2020-11-15 17:00:00,51.0,90.0,4.26,34.9
2020-11-15 18:00:00,55.33,97.93,4.26,33.62
2020-11-15 19:00:00,62.09,116.53,4.26,33.09
2020-11-15 20:00:00,81.2,136.77,4.26,32.52
2020-11-15 21:00:00,92.67,141.01,4.26,31.99
2020-11-15 22:00:00,94.87,136.29,4.26,31.89
2020-11-15 23:00:00,85.47,116.78,4.26,31.7
2020-11-16 00:00:00,65.8,92.8,4.26,31.87
2020-11-16 01:00:00,63.0,99.23,4.26,30.93
2020-11-16 02:00:00,76.87,115.67,4.26,30.0
2020-11-16 03:00:00,86.83,124.56,4.26,29.63
2020-11-16 04:00:00,88.87,126.86,4.26,29.69
2020-11-16 05:00:00,86.4,111.27,4.26,29.45
2020-11-16 06:00:00,77.31,115.38,4.26,28.61
2020-11-16 07:00:00,89.04,117.32,4.26,29.92
2020-11-16 08:00:00,68.47,107.72,4.26,32.23
2020-11-16 09:00:00,71.07,107.71,4.26,33.4
2020-11-16 10:00:00,59.83,103.33,4.26,35.19
2020-11-16 11:00:00,70.13,110.9,4.26,35.52
2020-11-16 12:00:00,52.07,91.67,4.26,36.55
2020-11-16 13:00:00,45.535,70.0,4.26,38.34
2020-11-16 14:00:00,39.0,65.0,4.26,38.72
2020-11-16 15:00:00,36.39,61.6,4.26,38.96
2020-11-16 16:00:00,24.7,56.17,4.26,37.86
2020-11-16 17:00:00,44.67,86.46,4.26,35.66
2020-11-16 18:00:00,64.52,122.39,4.26,33.93
2020-11-16 19:00:00,63.52,121.37,4.26,33.48
2020-11-16 20:00:00,81.2,146.3,4.26,32.87
2020-11-16 21:00:00,102.26,179.54,4.26,32.63
2020-11-16 22:00:00,84.2,148.03,4.26,32.67
2020-11-16 23:00:00,81.87,121.28,4.26,32.28
2020-11-17 00:00:00,83.75,131.79,4.26,31.3
2020-11-17 01:00:00,82.27,133.03,4.26,30.78
2020-11-17 02:00:00,74.2,130.0,4.26,30.27
2020-11-17 03:00:00,80.8,129.43,4.26,29.75
2020-11-17 04:00:00,90.67,131.83,4.26,29.63
2020-11-17 05:00:00,85.09,124.89,4.26,29.49
2020-11-17 06:00:00,75.33,118.0,4.26,29.55
2020-11-17 07:00:00,72.27,114.6,4.26,30.38
2020-11-17 08:00:00,70.27,115.97,4.26,32.24
2020-11-17 09:00:00,67.39,120.7,4.26,34.28
2020-11-17 10:00:00,56.6,121.5,4.26,35.05
2020-11-17 11:00:00,57.61,107.97,4.26,36.82
2020-11-17 12:00:00,40.67,92.33,4.26,37.84
2020-11-17 13:00:00,31.91,83.47,4.26,37.7
2020-11-17 14:00:00,35.33,74.9,4.26,38.43
2020-11-17 15:00:00,24.73,54.48,4.26,38.77
2020-11-17 16:00:00,12.63,51.07,4.26,37.6
2020-11-17 17:00:00,38.73,99.37,4.26,35.66
2020-11-17 18:00:00,49.93,121.37,4.26,34.1
2020-11-17 19:00:00,55.33,112.87,4.26,33.57
2020-11-17 20:00:00,62.93,123.9,4.26,32.99
2020-11-17 21:00:00,79.6,160.77,4.26,32.51
2020-11-17 22:00:00,99.33,201.27,4.26,31.93
2020-11-17 23:00:00,108.93,228.47,4.26,31.64
2020-11-18 00:00:00,93.53,205.7,4.26,31.6
2020-11-18 01:00:00,101.4,183.83,4.26,31.04
2020-11-18 02:00:00,109.07,178.07,4.26,30.77
2020-11-18 03:00:00,96.18,160.61,4.26,30.41
2020-11-18 04:00:00,83.6,151.43,4.26,29.71
2020-11-18 05:00:00,80.27,152.13,4.26,29.39
2020-11-18 06:00:00,88.67,157.53,4.26,29.03
2020-11-18 07:00:00,88.27,157.03,4.26,29.59
2020-11-18 08:00:00,84.53,150.6,4.26,32.0
2020-11-18 09:00:00,88.33,161.67,4.26,33.7
2020-11-18 10:00:00,85.53,164.63,4.26,34.73
2020-11-18 11:00:00,85.0,159.57,4.26,36.13
2020-11-18 12:00:00,83.27,167.37,4.26,37.25
2020-11-18 13:00:00,79.13499999999999,173.0,4.26,36.31
2020-11-18 14:00:00,75.0,125.0,4.26,36.07
2020-11-18 15:00:00,72.4,108.57,4.26,35.62
2020-11-18 16:00:00,40.8,74.93,4.26,35.33
2020-11-18 17:00:00,39.47,70.9,4.26,34.48
2020-11-18 18:00:00,55.6,92.0,4.26,33.11
2020-11-18 19:00:00,58.0,112.5,4.26,32.49
2020-11-18 20:00:00,60.6,111.63,4.26,32.48
2020-11-18 21:00:00,59.27,111.67,4.26,31.79
2020-11-18 22:00:00,78.93,151.13,4.26,31.53
2020-11-18 23:00:00,69.83,150.8,4.26,31.53
2020-11-19 00:00:00,75.78,124.5,4.26,31.3
2020-11-19 01:00:00,83.07,124.67,4.26,30.92
2020-11-19 02:00:00,77.93,130.13,4.26,30.61
2020-11-19 03:00:00,82.2,133.27,4.26,30.25
2020-11-19 04:00:00,89.07,143.0,4.26,30.03
2020-11-19 05:00:00,104.73,169.05,4.26,29.97
2020-11-19 06:00:00,106.13,168.19,4.26,29.8
2020-11-19 07:00:00,105.13,160.4,4.26,30.08
2020-11-19 08:00:00,103.27,169.23,4.26,32.38
2020-11-19 09:00:00,108.2,168.93,4.26,34.08
2020-11-19 10:00:00,102.05,184.83,4.26,35.33
2020-11-19 11:00:00,106.2,204.53,4.26,35.71
2020-11-19 12:00:00,102.67,198.37,4.26,37.08
2020-11-19 13:00:00,80.83500000000001,156.185,4.26,37.31
2020-11-19 14:00:00,59.0,114.0,4.26,36.11
2020-11-19 15:00:00,78.93,130.43,4.26,36.47
2020-11-19 16:00:00,75.93,136.17,4.26,36.19
2020-11-19 17:00:00,66.25,134.4,4.26,34.78
2020-11-19 18:00:00,61.53,132.5,4.26,33.47
2020-11-19 19:00:00,68.78,140.47,4.26,32.92
2020-11-19 20:00:00,72.61,145.47,4.26,32.53
2020-11-19 21:00:00,81.67,160.13,4.26,31.9
2020-11-19 22:00:00,81.27,162.67,4.26,31.29
2020-11-19 23:00:00,91.4,156.27,4.26,30.62
2020-11-20 00:00:00,86.93,160.83,4.26,30.23
2020-11-20 01:00:00,79.93,156.2,4.26,30.08
2020-11-20 02:00:00,79.87,143.67,4.26,29.49
2020-11-20 03:00:00,72.2,141.4,4.26,28.91
2020-11-20 04:00:00,64.07,133.48,4.26,29.05
2020-11-20 05:00:00,65.6,117.07,4.26,29.15
2020-11-20 06:00:00,87.6,126.87,4.26,28.6
2020-11-20 07:00:00,89.27,146.93,4.26,28.55
2020-11-20 08:00:00,79.47,154.13,4.26,31.07
2020-11-20 09:00:00,89.27,145.93,4.26,32.45
2020-11-20 10:00:00,65.78,127.1,4.26,33.83
2020-11-20 11:00:00,75.0,127.07,4.26,34.72
2020-11-20 12:00:00,66.6,142.92,4.26,35.55
2020-11-20 13:00:00,59.8,153.0,4.26,36.29
2020-11-20 14:00:00,53.0,144.05,4.26,35.66
2020-11-20 15:00:00,67.73,135.1,4.26,36.58
2020-11-20 16:00:00,51.8,126.15,4.26,35.84
2020-11-20 17:00:00,48.13,117.2,4.26,33.74
2020-11-20 18:00:00,50.6,109.33,4.26,32.91
2020-11-20 19:00:00,68.33,122.0,4.26,32.62
2020-11-20 20:00:00,81.4,146.9,4.26,32.05
2020-11-20 21:00:00,77.8,174.13,4.26,31.76
2020-11-20 22:00:00,86.53,172.7,4.26,31.16
2020-11-20 23:00:00,85.4,151.93,4.26,30.38
2020-11-21 00:00:00,87.59,150.67,4.26,29.41
2020-11-21 01:00:00,100.13,163.5,4.26,29.09
2020-11-21 02:00:00,79.47,155.83,4.26,28.81
2020-11-21 03:00:00,69.93,131.97,4.26,28.9
2020-11-21 04:00:00,80.27,119.18,4.26,28.67
2020-11-21 05:00:00,71.6,121.53,4.26,27.58
2020-11-21 06:00:00,76.05,137.41,4.26,26.95
2020-11-21 07:00:00,90.87,163.92,4.26,27.66
2020-11-21 08:00:00,90.41,161.13,4.26,31.32
2020-11-21 09:00:00,78.73,147.87,4.26,32.78
2020-11-21 10:00:00,91.69,160.64,4.26,34.14
2020-11-21 11:00:00,86.22,162.54,4.26,35.09
2020-11-21 12:00:00,86.73,157.25,4.26,36.11
2020-11-21 13:00:00,67.86500000000001,170.2,4.26,36.62
2020-11-21 14:00:00,49.0,183.15,4.26,36.95
2020-11-21 15:00:00,70.67,196.1,4.26,37.43
2020-11-21 16:00:00,56.67,209.05,4.26,36.75
2020-11-21 17:00:00,54.87,222.0,4.26,35.17
2020-11-21 18:00:00,44.63,166.5,4.26,33.09
2020-11-21 19:00:00,52.53,125.73,4.26,32.16
2020-11-21 20:00:00,52.27,114.44,4.26,31.48
2020-11-21 21:00:00,54.6,101.56,4.26,30.36
2020-11-21 22:00:00,65.37,149.2,4.26,29.62
2020-11-21 23:00:00,69.6,245.9,4.26,29.05
2020-11-22 00:00:00,92.53,320.5,4.26,28.26
2020-11-22 01:00:00,99.47,266.0,4.26,27.96
2020-11-22 02:00:00,86.13,195.59,4.26,27.59
2020-11-22 03:00:00,97.87,192.77,4.26,27.17
2020-11-22 04:00:00,95.67,181.0,4.26,26.83
2020-11-22 05:00:00,101.91,166.87,4.26,26.8
2020-11-22 06:00:00,116.87,173.9,4.26,26.75
2020-11-22 07:00:00,135.47,190.72,4.26,27.21
2020-11-22 08:00:00,137.13,202.38,4.26,30.39
2020-11-22 09:00:00,137.87,214.07,4.26,32.71
2020-11-22 10:00:00,119.8,189.83,4.26,34.17
2020-11-22 11:00:00,102.31,164.3,4.26,35.89
2020-11-22 12:00:00,81.86,155.63,4.26,36.23
2020-11-22 13:00:00,95.47,160.72,4.26,36.33
2020-11-22 14:00:00,95.39,165.62,4.26,35.75
2020-11-22 15:00:00,95.0,152.87,4.26,36.21
2020-11-22 16:00:00,79.45,132.83,4.26,35.58
2020-11-22 17:00:00,62.31,118.62,4.26,33.92
2020-11-22 18:00:00,79.93,135.74,4.26,32.17
2020-11-22 19:00:00,91.67,156.1,4.26,31.34
2020-11-22 20:00:00,83.5,151.5,4.26,30.42
2020-11-22 21:00:00,95.87,167.1,4.26,29.63
2020-11-22 22:00:00,110.13,195.9,4.26,29.1
2020-11-22 23:00:00,116.32,203.3,4.26,28.48
2020-11-23 00:00:00,116.14,195.2,4.26,27.98
2020-11-23 01:00:00,115.13,186.03,4.26,27.45
2020-11-23 02:00:00,108.07,167.13,4.26,26.95
2020-11-23 03:00:00,104.4,155.0,4.26,26.47
2020-11-23 04:00:00,134.24,189.4,4.26,26.14
2020-11-23 05:00:00,168.47,233.48,4.26,25.84
2020-11-23 06:00:00,147.0,223.88,4.26,25.52
2020-11-23 07:00:00,134.33,202.62,4.26,25.9
2020-11-23 08:00:00,136.45,200.0,4.26,28.47
2020-11-23 09:00:00,113.67,182.43,4.26,30.52
2020-11-23 10:00:00,121.23,226.23,4.26,34.07
2020-11-23 11:00:00,116.95,240.53,4.26,35.23
2020-11-23 12:00:00,111.68,179.66,4.26,36.49
2020-11-23 13:00:00,45.13,105.8,4.26,36.5
2020-11-23 14:00:00,32.4,69.17,4.26,36.7
2020-11-23 15:00:00,14.72,57.41,4.26,35.62
2020-11-23 16:00:00,9.4,46.62,4.26,34.84
2020-11-23 17:00:00,5.54,49.64,4.26,33.35
2020-11-23 18:00:00,10.18,57.97,4.26,31.96
2020-11-23 19:00:00,16.2,62.7,4.26,31.09
2020-11-23 20:00:00,24.8,75.84,4.26,29.72
2020-11-23 21:00:00,47.6,145.34,4.26,28.74
2020-11-23 22:00:00,59.67,188.6,4.26,28.09
2020-11-23 23:00:00,61.87,171.9,4.26,27.83
2020-11-24 00:00:00,59.41,145.23,4.26,27.35
2020-11-24 01:00:00,63.32,147.17,4.26,26.78
2020-11-24 02:00:00,65.73,158.56,4.26,26.26
2020-11-24 03:00:00,57.36,140.3,4.26,26.01
2020-11-24 04:00:00,68.09,147.53,4.26,25.57
2020-11-24 05:00:00,85.6,169.1,4.26,25.25
2020-11-24 06:00:00,89.73,165.63,4.26,25.25
2020-11-24 07:00:00,101.27,180.3,4.26,25.53
2020-11-24 08:00:00,117.69,212.92,4.26,27.53
2020-11-24 09:00:00,117.4,206.83,4.26,29.99
2020-11-24 10:00:00,102.27,205.6,4.26,32.29
2020-11-24 11:00:00,94.82,206.41,4.26,32.8
2020-11-24 12:00:00,98.33,187.04,4.26,34.64
2020-11-24 13:00:00,82.16499999999999,178.0,4.26,35.74
2020-11-24 14:00:00,66.0,148.0,4.26,36.25
2020-11-24 15:00:00,82.41,158.15,4.26,35.14
2020-11-24 16:00:00,80.67,155.28,4.26,34.09
2020-11-24 17:00:00,73.0,154.0,50.64,32.41
2020-11-24 18:00:00,73.0,153.44,56.0,31.77
2020-11-24 19:00:00,75.6,159.77,56.0,31.17
2020-11-24 20:00:00,65.63,138.37,56.0,30.53
2020-11-24 21:00:00,65.73,133.5,56.0,30.65
2020-11-24 22:00:00,70.32,167.7,56.0,29.7
2020-11-24 23:00:00,83.96,213.58,56.0,29.51
2020-11-25 00:00:00,92.91,234.05,56.0,28.59
2020-11-25 01:00:00,100.07,210.7,56.0,28.69
2020-11-25 02:00:00,102.73,184.8,56.0,28.24
2020-11-25 03:00:00,103.86,179.25,56.0,28.19
2020-11-25 04:00:00,120.41,237.95,56.0,28.67
2020-11-25 05:00:00,139.41,263.95,56.0,28.07
2020-11-25 06:00:00,133.33,240.98,56.0,27.23
2020-11-25 07:00:00,151.07,259.5,56.0,27.34
2020-11-25 08:00:00,192.01,313.53,56.0,29.08
2020-11-25 09:00:00,206.67,323.28,56.0,31.44
2020-11-25 10:00:00,190.72,298.65,56.0,33.87
2020-11-25 11:00:00,119.75,202.13,56.0,35.72
2020-11-25 12:00:00,58.73,149.28,56.0,36.25
2020-11-25 13:00:00,51.87,151.23,56.0,36.19
2020-11-25 14:00:00,62.4,164.05,56.0,36.03
2020-11-25 15:00:00,64.0,144.17,56.0,35.42
2020-11-25 16:00:00,89.05,149.01,56.0,34.51
2020-11-25 17:00:00,92.13,174.13,56.0,33.22
2020-11-25 18:00:00,95.47,187.5,56.0,31.96
2020-11-25 19:00:00,108.09,193.8,56.0,31.31
2020-11-25 20:00:00,116.05,201.41,56.0,30.39
2020-11-25 21:00:00,127.37,241.03,56.0,29.52
2020-11-25 22:00:00,131.59,257.23,56.0,29.14
2020-11-25 23:00:00,137.18,261.02,56.0,29.02
2020-11-26 00:00:00,142.32,254.19,56.0,28.51
2020-11-26 01:00:00,143.0,261.23,56.0,28.01
2020-11-26 02:00:00,130.87,250.26,56.0,27.35
2020-11-26 03:00:00,128.13,237.51,56.0,26.79
2020-11-26 04:00:00,134.91,228.59,56.0,26.81
2020-11-26 05:00:00,138.59,219.0,56.0,26.29
2020-11-26 06:00:00,148.5,224.07,56.0,25.79
2020-11-26 07:00:00,139.63,213.9,56.0,25.96
2020-11-26 08:00:00,138.0,214.78,56.0,28.18
2020-11-26 09:00:00,164.78,241.57,56.0,29.83
2020-11-26 10:00:00,147.4,239.0,56.0,33.01
2020-11-26 11:00:00,131.91,223.0,56.0,34.39
2020-11-26 12:00:00,105.455,184.33333333333334,56.0,35.72
2020-11-26 13:00:00,79.0,145.66666666666669,56.0,36.05
2020-11-26 14:00:00,61.72,107.0,56.0,36.64
2020-11-26 15:00:00,51.35,104.5,56.0,36.275
2020-11-26 16:00:00,51.73,102.0,56.0,35.91
2020-11-26 17:00:00,65.87,133.5,56.0,33.32
2020-11-26 18:00:00,86.2,166.35,56.0,31.96
2020-11-26 19:00:00,108.93,190.94,56.0,31.6
2020-11-26 20:00:00,132.8,236.09,56.0,31.44
2020-11-26 21:00:00,117.0,234.12,56.0,30.74
2020-11-26 22:00:00,104.47,192.39,56.0,30.16
2020-11-26 23:00:00,109.07,195.48,56.0,29.11
2020-11-27 00:00:00,104.82,188.5,56.0,28.7
2020-11-27 01:00:00,97.09,160.1,56.0,28.38
2020-11-27 02:00:00,96.86,156.25,56.0,27.83
2020-11-27 03:00:00,89.22,150.1,56.0,27.37
2020-11-27 04:00:00,85.2,144.0,56.0,26.61
2020-11-27 05:00:00,84.88076923076923,143.45192307692307,56.0,26.71153846153846
2020-11-27 06:00:00,84.56153846153846,142.90384615384616,56.0,26.813076923076924
2020-11-27 07:00:00,84.24230769230769,142.35576923076923,56.0,26.914615384615384
2020-11-27 08:00:00,83.92307692307692,141.80769230769232,56.0,27.016153846153845
2020-11-27 09:00:00,83.60384615384616,141.2596153846154,56.0,27.11769230769231
2020-11-27 10:00:00,83.28461538461539,140.71153846153845,56.0,27.21923076923077
2020-11-27 11:00:00,82.96538461538462,140.16346153846155,56.0,27.32076923076923
2020-11-27 12:00:00,82.64615384615385,139.6153846153846,56.0,27.42230769230769
2020-11-27 13:00:00,82.32692307692308,139.06730769230768,56.0,27.523846153846154
2020-11-27 14:00:00,82.00769230769231,138.51923076923077,56.0,27.625384615384615
2020-11-27 15:00:00,81.68846153846154,137.97115384615384,56.0,27.726923076923075
2020-11-27 16:00:00,81.36923076923077,137.42307692307693,56.0,27.82846153846154
2020-11-27 17:00:00,81.05,136.875,56.0,27.93
2020-11-27 18:00:00,80.73076923076923,136.32692307692307,56.0,28.03153846153846
2020-11-27 19:00:00,80.41153846153847,135.77884615384616,56.0,28.133076923076924
2020-11-27 20:00:00,80.0923076923077,135.23076923076923,56.0,28.234615384615385
2020-11-27 21:00:00,79.77307692307693,134.68269230769232,56.0,28.336153846153845
2020-11-27 22:00:00,79.45384615384616,134.1346153846154,56.0,28.43769230769231
2020-11-27 23:00:00,79.13461538461539,133.58653846153845,56.0,28.53923076923077
2020-11-28 00:00:00,78.81538461538462,133.03846153846155,56.0,28.64076923076923
2020-11-28 01:00:00,78.49615384615385,132.4903846153846,56.0,28.74230769230769
2020-11-28 02:00:00,78.17692307692307,131.94230769230768,56.0,28.843846153846155
2020-11-28 03:00:00,77.8576923076923,131.39423076923077,56.0,28.945384615384615
2020-11-28 04:00:00,77.53846153846155,130.84615384615384,56.0,29.046923076923076
2020-11-28 05:00:00,77.21923076923078,130.29807692307693,56.0,29.14846153846154
2020-11-28 06:00:00,76.9,129.75,56.0,29.25
2020-11-28 07:00:00,76.58076923076923,129.20192307692307,56.0,29.35153846153846
2020-11-28 08:00:00,76.26153846153846,128.65384615384616,56.0,29.453076923076924
2020-11-28 09:00:00,75.9423076923077,128.10576923076923,56.0,29.554615384615385
2020-11-28 10:00:00,75.62307692307692,127.5576923076923,56.0,29.656153846153845
2020-11-28 11:00:00,75.30384615384615,127.00961538461539,56.0,29.75769230769231
2020-11-28 12:00:00,74.98461538461538,126.46153846153845,56.0,29.85923076923077
2020-11-28 13:00:00,74.66538461538462,125.91346153846153,56.0,29.96076923076923
2020-11-28 14:00:00,74.34615384615385,125.36538461538461,56.0,30.06230769230769
2020-11-28 15:00:00,74.02692307692308,124.8173076923077,56.0,30.163846153846155
2020-11-28 16:00:00,73.70769230769231,124.26923076923077,56.0,30.265384615384615
2020-11-28 17:00:00,73.38846153846154,123.72115384615384,56.0,30.366923076923076
2020-11-28 18:00:00,73.06923076923077,123.17307692307692,56.0,30.46846153846154
2020-11-28 19:00:00,72.75,122.625,56.0,30.57
2020-11-28 20:00:00,72.43076923076923,122.07692307692307,56.0,30.67153846153846
2020-11-28 21:00:00,72.11153846153846,121.52884615384616,56.0,30.773076923076925
2020-11-28 22:00:00,71.79230769230769,120.98076923076923,56.0,30.874615384615385
2020-11-28 23:00:00,71.47307692307692,120.4326923076923,56.0,30.976153846153846
2020-11-29 00:00:00,71.15384615384616,119.88461538461539,56.0,31.07769230769231
2020-11-29 01:00:00,70.83461538461539,119.33653846153845,56.0,31.17923076923077
2020-11-29 02:00:00,70.51538461538462,118.78846153846153,56.0,31.28076923076923
2020-11-29 03:00:00,70.19615384615385,118.24038461538461,56.0,31.38230769230769
2020-11-29 04:00:00,69.87692307692308,117.6923076923077,56.0,31.483846153846155
2020-11-29 05:00:00,69.5576923076923,117.14423076923077,56.0,31.585384615384616
2020-11-29 06:00:00,69.23846153846154,116.59615384615384,56.0,31.68692307692308
2020-11-29 07:00:00,68.91923076923078,116.04807692307692,56.0,31.78846153846154
2020-11-29 08:00:00,68.6,115.5,56.0,31.89
2020-11-29 09:00:00,68.28076923076924,114.95192307692307,56.0,31.99153846153846
2020-11-29 10:00:00,67.96153846153847,114.40384615384615,56.0,32.09307692307692
2020-11-29 11:00:00,67.6423076923077,113.85576923076923,56.0,32.19461538461539
2020-11-29 12:00:00,67.32307692307693,113.3076923076923,56.0,32.29615384615385
2020-11-29 13:00:00,67.00384615384615,112.75961538461539,56.0,32.39769230769231
2020-11-29 14:00:00,66.68461538461538,112.21153846153845,56.0,32.49923076923077
2020-11-29 15:00:00,66.36538461538461,111.66346153846153,56.0,32.60076923076923
2020-11-29 16:00:00,66.04615384615384,111.11538461538461,56.0,32.70230769230769
2020-11-29 17:00:00,65.72692307692307,110.56730769230768,56.0,32.80384615384615
2020-11-29 18:00:00,65.40769230769232,110.01923076923077,56.0,32.90538461538462
2020-11-29 19:00:00,65.08846153846154,109.47115384615384,56.0,33.00692307692308
2020-11-29 20:00:00,64.76923076923077,108.92307692307692,56.0,33.10846153846154
2020-11-29 21:00:00,64.45,108.375,56.0,33.21
2020-11-29 22:00:00,64.13076923076923,107.82692307692307,56.0,33.31153846153846
2020-11-29 23:00:00,63.81153846153846,107.27884615384616,56.0,33.41307692307692
2020-11-30 00:00:00,63.49230769230769,106.73076923076923,56.0,33.51461538461538
2020-11-30 01:00:00,63.17307692307692,106.1826923076923,56.0,33.61615384615385
2020-11-30 02:00:00,62.853846153846156,105.63461538461539,56.0,33.71769230769231
2020-11-30 03:00:00,62.534615384615385,105.08653846153845,56.0,33.81923076923077
2020-11-30 04:00:00,62.215384615384615,104.53846153846153,56.0,33.92076923076923
2020-11-30 05:00:00,61.89615384615385,103.99038461538461,56.0,34.02230769230769
2020-11-30 06:00:00,61.57692307692308,103.44230769230768,56.0,34.12384615384615
2020-11-30 07:00:00,61.25769230769231,102.89423076923077,56.0,34.22538461538462
2020-11-30 08:00:00,60.93846153846154,102.34615384615384,56.0,34.32692307692308
2020-11-30 09:00:00,60.61923076923077,101.79807692307692,56.0,34.42846153846154
2020-11-30 10:00:00,60.3,101.25,56.0,34.53
2020-11-30 11:00:00,59.980769230769226,100.70192307692307,56.0,34.63153846153846
2020-11-30 12:00:00,59.66153846153846,100.15384615384615,56.0,34.73307692307692
2020-11-30 13:00:00,59.34230769230769,99.60576923076923,56.0,34.83461538461539
2020-11-30 14:00:00,59.02307692307693,99.0576923076923,56.0,34.93615384615385
2020-11-30 15:00:00,58.70384615384616,98.50961538461539,56.0,35.03769230769231
2020-11-30 16:00:00,58.38461538461539,97.96153846153845,56.0,35.13923076923077
2020-11-30 17:00:00,58.065384615384616,97.41346153846153,56.0,35.24076923076923
2020-11-30 18:00:00,57.746153846153845,96.86538461538461,56.0,35.34230769230769
2020-11-30 19:00:00,57.426923076923075,96.31730769230768,56.0,35.44384615384615
2020-11-30 20:00:00,57.107692307692304,95.76923076923077,56.0,35.54538461538462
2020-11-30 21:00:00,56.78846153846154,95.22115384615384,56.0,35.64692307692308
2020-11-30 22:00:00,56.46923076923077,94.67307692307692,56.0,35.74846153846154
2020-11-30 23:00:00,56.15,94.125,56.0,35.85
2020-12-01 00:00:00,55.830769230769235,93.57692307692307,56.0,35.95153846153846
2020-12-01 01:00:00,55.511538461538464,93.02884615384615,56.0,36.05307692307692
2020-12-01 02:00:00,55.19230769230769,92.48076923076923,56.0,36.15461538461538
2020-12-01 03:00:00,54.87307692307692,91.93269230769229,56.0,36.25615384615385
2020-12-01 04:00:00,54.55384615384615,91.38461538461539,56.0,36.35769230769231
2020-12-01 05:00:00,54.23461538461538,90.83653846153845,56.0,36.45923076923077
2020-12-01 06:00:00,53.91538461538461,90.28846153846153,56.0,36.56076923076923
2020-12-01 07:00:00,53.59615384615385,89.74038461538461,56.0,36.66230769230769
2020-12-01 08:00:00,53.276923076923076,89.19230769230768,56.0,36.76384615384616
2020-12-01 09:00:00,52.957692307692305,88.64423076923077,56.0,36.86538461538461
2020-12-01 10:00:00,52.63846153846154,88.09615384615384,56.0,36.96692307692308
2020-12-01 11:00:00,52.31923076923077,87.54807692307692,56.0,37.06846153846154
2020-12-01 12:00:00,52.0,87.0,56.0,37.17
2020-12-01 13:00:00,57.18,112.38,56.0,37.45
2020-12-01 14:00:00,61.45,133.13,56.0,37.5
2020-12-01 15:00:00,64.58,124.41,56.0,36.78
2020-12-01 16:00:00,62.41,127.15,56.0,35.7
2020-12-01 17:00:00,85.33,150.0,56.0,34.21
2020-12-01 18:00:00,82.09,158.8,56.0,32.98
2020-12-01 19:00:00,77.55,146.1,56.0,32.56
2020-12-01 20:00:00,81.31,138.31,56.0,32.31
2020-12-01 21:00:00,68.18,131.36,56.0,31.91
2020-12-01 22:00:00,72.05,126.44,56.0,31.05
2020-12-01 23:00:00,73.86,132.73,56.0,30.62
2020-12-02 00:00:00,88.64,203.33,56.0,30.69
2020-12-02 01:00:00,96.18,309.54,56.0,30.13
2020-12-02 02:00:00,87.5,286.93,56.0,29.34
2020-12-02 03:00:00,85.14,199.12,56.0,29.2
2020-12-02 04:00:00,91.91,174.87,56.0,28.74
2020-12-02 05:00:00,98.18,164.98,56.0,28.48
2020-12-02 06:00:00,108.5,165.33,56.0,28.01
2020-12-02 07:00:00,127.28,192.5,56.0,28.23
2020-12-02 08:00:00,141.23,211.75,56.0,30.38
2020-12-02 09:00:00,121.4,194.29,56.0,32.46
2020-12-02 10:00:00,104.18,167.34,56.0,34.69
2020-12-02 11:00:00,81.27,145.28,56.0,35.65
2020-12-02 12:00:00,89.23,180.77,56.0,36.19
2020-12-02 13:00:00,89.27,181.73,56.0,36.41
2020-12-02 14:00:00,86.41,151.0,56.0,36.84
2020-12-02 15:00:00,66.13,130.88,56.0,36.5
2020-12-02 16:00:00,58.68,117.88,56.0,36.09
2020-12-02 17:00:00,70.92,136.17,56.0,33.87
2020-12-02 18:00:00,76.45,147.05,56.0,32.73
2020-12-02 19:00:00,69.22,133.28,56.0,31.95
2020-12-02 20:00:00,73.18,145.2,56.0,30.94
2020-12-02 21:00:00,82.64,176.79,56.0,30.23
2020-12-02 22:00:00,107.33,189.0,56.0,29.68
2020-12-02 23:00:00,115.32,183.76923076923077,56.0,29.03
2020-12-03 00:00:00,124.61,178.53846153846155,56.0,28.52
2020-12-03 01:00:00,110.46,173.30769230769232,56.0,27.94
2020-12-03 02:00:00,110.59,168.07692307692307,56.0,27.5
2020-12-03 03:00:00,122.19,162.84615384615384,56.0,27.09
2020-12-03 04:00:00,124.0,157.6153846153846,56.0,26.63
2020-12-03 05:00:00,122.28,152.3846153846154,56.0,26.82
2020-12-03 06:00:00,129.78,147.15384615384616,56.0,26.59
2020-12-03 07:00:00,118.08,141.9230769230769,56.0,26.61
2020-12-03 08:00:00,115.14,136.69230769230768,56.0,29.27
2020-12-03 09:00:00,114.14,131.46153846153845,56.0,31.7
2020-12-03 10:00:00,102.77,126.23076923076923,56.0,33.37
2020-12-03 11:00:00,86.31,121.0,56.0,34.2
2020-12-03 12:00:00,61.61,113.14,56.0,35.38
2020-12-03 13:00:00,56.27,108.13,56.0,36.48
2020-12-03 14:00:00,66.37,124.5,56.0,36.79
2020-12-03 15:00:00,74.89,164.13,56.0,36.84
2020-12-03 16:00:00,64.77,185.82,56.0,35.11
2020-12-03 17:00:00,74.27,191.93,56.0,33.44
2020-12-03 18:00:00,85.5,196.68,56.0,31.92
2020-12-03 19:00:00,87.86,181.65,56.0,31.24
2020-12-03 20:00:00,85.41,151.42,56.0,30.17
2020-12-03 21:00:00,96.23,199.35,56.0,29.41
2020-12-03 22:00:00,121.33,292.69,56.0,28.75
2020-12-03 23:00:00,120.69,283.2,56.0,28.49
2020-12-04 00:00:00,113.11,217.97,56.0,27.86
2020-12-04 01:00:00,104.22,195.95,56.0,27.52
2020-12-04 02:00:00,114.19,224.01,56.0,26.83
2020-12-04 03:00:00,132.41,241.32,56.0,26.18
2020-12-04 04:00:00,135.86,225.92,56.0,25.9
2020-12-04 05:00:00,123.04,200.97,56.0,25.15
2020-12-04 06:00:00,115.82,194.51,56.0,24.54
2020-12-04 07:00:00,141.78,217.08,56.0,24.84
2020-12-04 08:00:00,143.41,235.37,56.0,27.52
2020-12-04 09:00:00,147.32,240.81,56.0,29.92
2020-12-04 10:00:00,120.44,202.4,56.0,32.78
2020-12-04 11:00:00,86.72,157.47,56.0,34.3
2020-12-04 12:00:00,80.27,128.39,56.0,35.02
2020-12-04 13:00:00,57.61,100.53,56.0,36.22
2020-12-04 14:00:00,46.25,84.92,56.0,36.95
2020-12-04 15:00:00,51.91,117.65,56.0,36.86
2020-12-04 16:00:00,59.03,146.0,56.0,34.7
2020-12-04 17:00:00,75.55,158.91,56.0,33.2
2020-12-04 18:00:00,78.86,184.15,56.0,31.67
2020-12-04 19:00:00,90.19,211.71,56.0,30.6
2020-12-04 20:00:00,99.75,283.48,56.0,28.92
2020-12-04 21:00:00,115.69,282.87,56.0,28.59
2020-12-04 22:00:00,128.33,282.65,56.0,28.22
2020-12-04 23:00:00,118.77,299.22,56.0,27.44
2020-12-05 00:00:00,123.89,295.65,56.0,26.72
2020-12-05 01:00:00,130.17,276.0,56.0,26.21
2020-12-05 02:00:00,118.08,237.8,56.0,25.67
2020-12-05 03:00:00,122.05,226.49,56.0,25.46
2020-12-05 04:00:00,122.14,215.34,56.0,24.84
2020-12-05 05:00:00,115.95,198.36,56.0,24.49
2020-12-05 06:00:00,148.69,233.84,56.0,24.29
2020-12-05 07:00:00,167.81,261.07,56.0,24.3
2020-12-05 08:00:00,162.22,243.97,56.0,26.83
2020-12-05 09:00:00,130.86,218.35,56.0,28.79
2020-12-05 10:00:00,124.27,203.63,56.0,32.0
2020-12-05 11:00:00,86.11,170.14,56.0,33.62
2020-12-05 12:00:00,73.95,141.51,56.0,36.04
2020-12-05 13:00:00,51.4,124.53,56.0,36.74
2020-12-05 14:00:00,39.39,80.89,56.0,37.39
2020-12-05 15:00:00,29.39,55.56,56.0,37.53
2020-12-05 16:00:00,33.18,60.49,56.0,37.19
2020-12-05 17:00:00,47.78,117.0,56.0,33.71
2020-12-05 18:00:00,80.14,211.87,56.0,31.93
2020-12-05 19:00:00,110.92,255.68,56.0,31.13
2020-12-05 20:00:00,113.27,236.24,56.0,30.41
2020-12-05 21:00:00,97.5,216.62,56.0,28.81
2020-12-05 22:00:00,126.97,265.62,56.0,27.94
2020-12-05 23:00:00,132.0,290.85,56.0,27.34
2020-12-06 00:00:00,117.36,266.5,56.0,26.64
2020-12-06 01:00:00,124.47,256.81,56.0,26.06
2020-12-06 02:00:00,129.44,247.72,56.0,25.18
2020-12-06 03:00:00,126.56,233.95,56.0,24.64
2020-12-06 04:00:00,125.14,222.15,56.0,24.05
2020-12-06 05:00:00,129.31,209.72,56.0,23.48
2020-12-06 06:00:00,117.94,204.88,56.0,23.34
2020-12-06 07:00:00,127.23,208.49,56.0,23.73
2020-12-06 08:00:00,131.59,218.73,56.0,27.08
2020-12-06 09:00:00,126.82,203.13,56.0,29.76
2020-12-06 10:00:00,81.94,154.45,56.0,32.42
2020-12-06 11:00:00,73.28,127.88,56.0,34.85
2020-12-06 12:00:00,39.42,109.61,56.0,35.65
2020-12-06 13:00:00,31.41,79.17,56.0,36.25
2020-12-06 14:00:00,31.0,63.75,56.0,37.04
2020-12-06 15:00:00,31.0,65.37,56.0,37.64
2020-12-06 16:00:00,34.45,75.86,56.0,37.59
2020-12-06 17:00:00,38.45,92.1,56.0,34.77
2020-12-06 18:00:00,52.78,158.92,56.0,31.85
2020-12-06 19:00:00,78.33,216.78,56.0,30.77
2020-12-06 20:00:00,75.11,182.8,56.0,29.57
2020-12-06 21:00:00,90.36,191.56,56.0,28.12
2020-12-06 22:00:00,98.17,229.51,56.0,27.35
2020-12-06 23:00:00,98.14,225.7,56.0,27.11
2020-12-07 00:00:00,115.22,232.96,56.0,26.45
2020-12-07 01:00:00,114.55,224.48,56.0,25.75
2020-12-07 02:00:00,98.5,188.59,56.0,25.03
2020-12-07 03:00:00,96.0,181.22,56.0,24.47
2020-12-07 04:00:00,102.91,173.85,56.0,23.7
2020-12-07 05:00:00,150.65,213.0,56.0,23.56
2020-12-07 06:00:00,157.14,247.12,56.0,23.5
2020-12-07 07:00:00,146.67,230.69,56.0,23.63
2020-12-07 08:00:00,136.36,218.68,56.0,27.03
2020-12-07 09:00:00,128.11,230.72,56.0,30.17
2020-12-07 10:00:00,104.55,215.43,56.0,32.42
2020-12-07 11:00:00,86.36,165.18,56.0,33.59
2020-12-07 12:00:00,59.03,114.0,56.0,34.94
2020-12-07 13:00:00,52.42,113.25,56.0,36.62
2020-12-07 14:00:00,45.95,118.97,56.0,36.92
2020-12-07 15:00:00,35.53,77.14,56.0,37.01
2020-12-07 16:00:00,35.72,68.15,56.0,36.91
2020-12-07 17:00:00,43.77,83.37,56.0,35.14
2020-12-07 18:00:00,55.37,157.26,56.0,32.54
2020-12-07 19:00:00,69.06,291.56,56.0,30.73
2020-12-07 20:00:00,84.78,288.47,56.0,29.99
2020-12-07 21:00:00,92.17,252.59,56.0,29.22
2020-12-07 22:00:00,105.06,276.35,56.0,28.34
2020-12-07 23:00:00,112.17,289.37,56.0,27.49
2020-12-08 00:00:00,101.81,268.88,56.0,26.61
2020-12-08 01:00:00,116.36,297.01,56.0,26.2
2020-12-08 02:00:00,125.03,334.13,56.0,25.45
2020-12-08 03:00:00,122.55,300.21,56.0,24.88
2020-12-08 04:00:00,127.17,260.65,56.0,24.59
2020-12-08 05:00:00,136.61,257.73,56.0,24.55
2020-12-08 06:00:00,144.03,261.88,56.0,24.41
2020-12-08 07:00:00,137.25,237.43,56.0,24.92
2020-12-08 08:00:00,117.06,213.39,56.0,29.13
2020-12-08 09:00:00,118.31,225.83,56.0,32.41
2020-12-08 10:00:00,91.53,181.77,56.0,34.0
2020-12-08 11:00:00,66.27,129.7,56.0,34.6
2020-12-08 12:00:00,48.31,112.78,56.0,35.67
2020-12-08 13:00:00,45.14,89.41,56.0,37.16
2020-12-08 14:00:00,45.86,91.47,56.0,37.8
2020-12-08 15:00:00,39.95,102.56,56.0,38.75
2020-12-08 16:00:00,45.04,101.88,56.0,36.42
2020-12-08 17:00:00,57.2,125.13,56.0,33.94
2020-12-08 18:00:00,62.45,167.45,56.0,32.42
2020-12-08 19:00:00,72.47,204.52,56.0,31.08
2020-12-08 20:00:00,63.67,184.77,56.0,29.93
2020-12-08 21:00:00,70.61,187.03,56.0,29.33
2020-12-08 22:00:00,92.67,258.25,56.0,29.07
2020-12-08 23:00:00,96.86,299.36,56.0,28.83
2020-12-09 00:00:00,87.53,262.16,56.0,27.79
2020-12-09 01:00:00,92.89,252.32,56.0,27.6
2020-12-09 02:00:00,88.82,258.36,56.0,27.11
2020-12-09 03:00:00,100.06,235.97,56.0,26.62
2020-12-09 04:00:00,107.17,209.93,56.0,26.36
2020-12-09 05:00:00,108.0,199.68,56.0,26.56
2020-12-09 06:00:00,139.0,227.24,56.0,26.28
2020-12-09 07:00:00,126.72,206.48,56.0,26.33
2020-12-09 08:00:00,104.14,180.73,56.0,27.34
2020-12-09 09:00:00,117.36,209.57,56.0,29.31
2020-12-09 10:00:00,119.14,218.46,56.0,34.27
2020-12-09 11:00:00,80.25,170.6,56.0,36.03
2020-12-09 12:00:00,54.26,172.1,56.0,36.75
2020-12-09 13:00:00,53.58,206.98,56.0,37.14
2020-12-09 14:00:00,49.7,216.79,56.0,37.24
2020-12-09 15:00:00,47.28,175.8,56.0,34.98
2020-12-09 16:00:00,40.11,131.95,56.0,34.48
2020-12-09 17:00:00,33.82,110.5,56.0,33.76
2020-12-09 18:00:00,45.37,119.5,56.0,32.77
2020-12-09 19:00:00,62.09,140.32,56.0,32.5
2020-12-09 20:00:00,73.47,169.86,56.0,31.98
2020-12-09 21:00:00,85.33,227.67,56.0,31.4
2020-12-09 22:00:00,85.28,207.43,56.0,31.12
2020-12-09 23:00:00,88.45,257.97,56.0,30.66
2020-12-10 00:00:00,93.31,273.52,56.0,30.56
2020-12-10 01:00:00,67.31,184.31,56.0,30.41
2020-12-10 02:00:00,64.72,147.0,56.0,30.01
2020-12-10 03:00:00,67.59,139.7,56.0,30.1
2020-12-10 04:00:00,68.86,142.42,56.0,29.74
2020-12-10 05:00:00,82.76,162.47,56.0,29.71
2020-12-10 06:00:00,101.41,176.38,56.0,29.49
2020-12-10 07:00:00,103.14,181.81,56.0,29.48
2020-12-10 08:00:00,109.03,200.27,56.0,31.11
2020-12-10 09:00:00,119.47,233.66,56.0,33.34
2020-12-10 10:00:00,122.72,248.32,56.0,34.33
2020-12-10 11:00:00,98.89,184.16,56.0,34.99
2020-12-10 12:00:00,68.22,133.32,56.0,36.9
2020-12-10 13:00:00,63.14,136.49,56.0,37.34
2020-12-10 14:00:00,52.67,126.04,56.0,36.7
2020-12-10 15:00:00,34.64,105.51,56.0,35.11
2020-12-10 16:00:00,51.8,109.22,56.0,34.77
2020-12-10 17:00:00,46.42,115.77,56.0,34.22
2020-12-10 18:00:00,67.32,149.91,56.0,32.95
2020-12-10 19:00:00,74.11,178.0,56.0,31.62
2020-12-10 20:00:00,79.0,147.8,56.0,31.81
2020-12-10 21:00:00,82.43,157.5,56.0,31.32
2020-12-10 22:00:00,92.47,179.58,56.0,31.05
2020-12-10 23:00:00,98.31,204.2,56.0,30.69
2020-12-11 00:00:00,100.72,205.35,56.0,30.6
2020-12-11 01:00:00,101.86,159.77,56.0,30.33
2020-12-11 02:00:00,94.28,129.63,56.0,30.04
2020-12-11 03:00:00,109.36,176.94,56.0,29.56
2020-12-11 04:00:00,105.97,216.56,56.0,29.5
2020-12-11 05:00:00,129.97,210.19,56.0,29.22
2020-12-11 06:00:00,134.86,205.0,56.0,28.72
2020-12-11 07:00:00,109.17,177.5,56.0,27.91
2020-12-11 08:00:00,99.83,143.66,56.0,27.88
2020-12-11 09:00:00,94.69,134.56,56.0,28.01
2020-12-11 10:00:00,90.56,133.76,56.0,28.09
2020-12-11 11:00:00,90.86,143.05,56.0,28.33
2020-12-11 12:00:00,86.69,145.91,56.0,28.76
2020-12-11 13:00:00,74.81,121.34,56.0,29.72
2020-12-11 14:00:00,54.05,101.09,56.0,30.38
2020-12-11 15:00:00,62.18,118.1,56.0,30.94
2020-12-11 16:00:00,75.19,141.85,56.0,30.99
2020-12-11 17:00:00,77.0,141.86,56.0,30.65
2020-12-11 18:00:00,89.88,144.85,56.0,30.2
2020-12-11 19:00:00,100.61,180.03,56.0,29.82
2020-12-11 20:00:00,102.86,215.91,56.0,29.3
2020-12-11 21:00:00,109.03,219.5,56.0,29.41
2020-12-11 22:00:00,114.31,227.59,56.0,29.54
2020-12-11 23:00:00,112.42,218.24,56.0,29.37
2020-12-12 00:00:00,108.57,208.14,56.0,29.11
2020-12-12 01:00:00,131.18,216.92,56.0,29.03
2020-12-12 02:00:00,126.39,191.53,56.0,28.3
2020-12-12 03:00:00,89.74,148.8,56.0,28.05
2020-12-12 04:00:00,93.47,128.53,56.0,27.61
2020-12-12 05:00:00,74.33,105.46,56.0,27.4
2020-12-12 06:00:00,66.69,86.65,56.0,27.52
2020-12-12 07:00:00,63.42,84.0,56.0,27.73
2020-12-12 08:00:00,64.72,89.61,56.0,27.75
2020-12-12 09:00:00,59.83,100.14,56.0,28.19
2020-12-12 10:00:00,66.75,121.19,56.0,28.62
2020-12-12 11:00:00,77.47,142.93,56.0,29.11
2020-12-12 12:00:00,80.72,170.1,56.0,31.06
2020-12-12 13:00:00,79.28,166.36,56.0,32.38
2020-12-12 14:00:00,75.56,146.51,56.0,32.65
2020-12-12 15:00:00,69.85,139.63,56.0,32.3
2020-12-12 16:00:00,71.58,137.56,56.0,31.83
2020-12-12 17:00:00,75.44,157.08,56.0,31.06
2020-12-12 18:00:00,84.61,181.0,56.0,30.48
2020-12-12 19:00:00,92.89,199.54,56.0,30.01
2020-12-12 20:00:00,96.58,184.11,56.0,29.41
2020-12-12 21:00:00,89.25,159.86,56.0,28.78
2020-12-12 22:00:00,98.33,172.31,56.0,28.87
2020-12-12 23:00:00,106.87,196.61,56.0,29.0
2020-12-13 00:00:00,119.19,189.37,56.0,28.6
2020-12-13 01:00:00,95.25,146.85,56.0,28.29
2020-12-13 02:00:00,84.97,122.44,56.0,28.29
2020-12-13 03:00:00,84.86,120.33,56.0,28.15
2020-12-13 04:00:00,84.14,118.44,56.0,28.15
2020-12-13 05:00:00,84.86,116.33,56.0,28.01
2020-12-13 06:00:00,93.61,129.59,56.0,28.06
2020-12-13 07:00:00,99.31,145.47,56.0,27.99
2020-12-13 08:00:00,88.81,130.57,56.0,28.19
2020-12-13 09:00:00,82.69,118.23,56.0,27.66
2020-12-13 10:00:00,63.98,110.46,56.0,28.4
2020-12-13 11:00:00,51.53,90.12,56.0,28.94
2020-12-13 12:00:00,42.26,79.44,56.0,29.47
2020-12-13 13:00:00,41.0,79.56,56.0,30.23
2020-12-13 14:00:00,54.78,91.72,56.0,29.93
2020-12-13 15:00:00,59.58,117.8,56.0,29.38
2020-12-13 16:00:00,60.0,110.34,56.0,29.04
2020-12-13 17:00:00,63.45,100.16,56.0,28.28
2020-12-13 18:00:00,63.14,101.65,56.0,27.73
2020-12-13 19:00:00,72.47,110.17,56.0,27.8
2020-12-13 20:00:00,78.3,111.74,56.0,27.82
2020-12-13 21:00:00,74.71,102.65,56.0,28.15
2020-12-13 22:00:00,86.02,115.08,56.0,28.02
2020-12-13 23:00:00,98.33,133.7,56.0,28.02
2020-12-14 00:00:00,92.25,127.28,56.0,27.56
2020-12-14 01:00:00,93.58,116.88,56.0,27.41
2020-12-14 02:00:00,89.71,115.44,56.0,27.28
2020-12-14 03:00:00,94.17,117.79,56.0,27.48
2020-12-14 04:00:00,97.58,122.23,56.0,27.11
2020-12-14 05:00:00,80.83,100.55,56.0,27.03
2020-12-14 06:00:00,74.56,88.14,56.0,26.48
2020-12-14 07:00:00,80.01,91.88,56.0,26.38
2020-12-14 08:00:00,60.78,86.56,56.0,25.81
2020-12-14 09:00:00,40.98,53.56,56.0,25.2
2020-12-14 10:00:00,39.86,50.06,56.0,25.66
2020-12-14 11:00:00,37.14,45.72,56.0,26.6
2020-12-14 12:00:00,29.98,42.14,56.0,28.4
2020-12-14 13:00:00,28.14,43.07,56.0,28.91
2020-12-14 14:00:00,38.33,51.5,56.0,29.38
2020-12-14 15:00:00,43.45,63.0,56.0,29.94
2020-12-14 16:00:00,50.01,66.39,56.0,29.88
2020-12-14 17:00:00,53.58,86.87,56.0,30.23
2020-12-14 18:00:00,61.73,109.38,56.0,29.13
2020-12-14 19:00:00,54.39,108.74,56.0,28.29
2020-12-14 20:00:00,55.58,108.03,56.0,27.82
2020-12-14 21:00:00,59.45,112.0,56.0,27.56
2020-12-14 22:00:00,65.17,123.72,56.0,27.16
2020-12-14 23:00:00,71.17,141.38,56.0,27.12
2020-12-15 00:00:00,74.58,144.65,56.0,27.17
2020-12-15 01:00:00,95.67,147.03,56.0,26.98
2020-12-15 02:00:00,110.19,156.58,56.0,26.96
2020-12-15 03:00:00,118.89,154.86,56.0,26.78
2020-12-15 04:00:00,113.99,150.56,56.0,26.31
2020-12-15 05:00:00,115.58,145.42,56.0,25.78
2020-12-15 06:00:00,105.7,138.2,56.0,25.6
2020-12-15 07:00:00,109.15,146.61,56.0,25.72
2020-12-15 08:00:00,108.28,156.68,56.0,27.63
2020-12-15 09:00:00,112.31,162.0,56.0,28.77
2020-12-15 10:00:00,109.56,166.56,56.0,30.49
2020-12-15 11:00:00,107.28,158.62,56.0,31.54
2020-12-15 12:00:00,100.11,153.12,56.0,33.1
2020-12-15 13:00:00,91.25,148.42,56.0,33.4
2020-12-15 14:00:00,93.43,150.14,56.0,34.0
2020-12-15 15:00:00,98.29,159.47,56.0,33.92
2020-12-15 16:00:00,104.17,166.35,56.0,33.75
2020-12-15 17:00:00,101.57,183.47,56.0,31.95
2020-12-15 18:00:00,112.16,185.51,56.0,30.12
2020-12-15 19:00:00,94.26,155.22,56.0,29.32
2020-12-15 20:00:00,84.97,137.62,56.0,29.07
2020-12-15 21:00:00,99.5,167.25,56.0,28.69
2020-12-15 22:00:00,120.94,224.06,56.0,28.32
2020-12-15 23:00:00,129.15,233.69,56.0,27.92
2020-12-16 00:00:00,149.74,217.22,56.0,27.65
2020-12-16 01:00:00,154.72,209.42,56.0,27.48
2020-12-16 02:00:00,150.71,198.33,56.0,27.27
2020-12-16 03:00:00,140.53,183.51,56.0,26.77
2020-12-16 04:00:00,126.98,163.72,56.0,26.4
2020-12-16 05:00:00,125.86,156.23,56.0,26.17
2020-12-16 06:00:00,123.42,162.47,56.0,25.95
2020-12-16 07:00:00,119.56,162.65,56.0,26.01
2020-12-16 08:00:00,118.14,166.7,56.0,26.99
2020-12-16 09:00:00,125.72,182.0,56.0,28.27
2020-12-16 10:00:00,140.73,203.4,56.0,30.56
2020-12-16 11:00:00,139.57,214.56,56.0,32.01
2020-12-16 12:00:00,132.13,211.65,56.0,33.41
2020-12-16 13:00:00,110.27,187.78,56.0,34.56
2020-12-16 14:00:00,102.69,177.14,56.0,35.18
2020-12-16 15:00:00,95.99,155.2,56.0,33.88
2020-12-16 16:00:00,86.42,153.54,56.0,33.49
2020-12-16 17:00:00,98.73,175.7,56.0,31.96
2020-12-16 18:00:00,96.71,175.97,56.0,30.42
2020-12-16 19:00:00,94.28,158.08,56.0,29.57
2020-12-16 20:00:00,104.27,158.11,56.0,28.95
2020-12-16 21:00:00,107.72,180.96,56.0,29.21
2020-12-16 22:00:00,112.31,174.13,56.0,28.75
2020-12-16 23:00:00,117.31,174.52,56.0,28.48
2020-12-17 00:00:00,124.87,182.64,56.0,27.74
2020-12-17 01:00:00,117.42,187.82,56.0,27.33
2020-12-17 02:00:00,121.15,180.5,56.0,27.54
2020-12-17 03:00:00,117.71,154.12,56.0,27.12
2020-12-17 04:00:00,106.7,147.91,56.0,26.69
2020-12-17 05:00:00,100.71,151.56,56.0,26.13
2020-12-17 06:00:00,100.86,161.49,56.0,25.95
2020-12-17 07:00:00,102.72,172.35,56.0,25.71
2020-12-17 08:00:00,105.58,164.95,56.0,27.54
2020-12-17 09:00:00,105.14,159.79,56.0,30.75
2020-12-17 10:00:00,106.72,177.07,56.0,32.0
2020-12-17 11:00:00,96.7,170.02,56.0,32.92
2020-12-17 12:00:00,88.99,140.2,56.0,34.36
2020-12-17 13:00:00,76.84,132.85,56.0,35.37
2020-12-17 14:00:00,87.02,142.38,56.0,35.74
2020-12-17 15:00:00,81.25,166.4,56.0,34.56
2020-12-17 16:00:00,92.88,167.72,56.0,33.2
2020-12-17 17:00:00,96.72,175.87,56.0,31.9
2020-12-17 18:00:00,103.01,186.11,56.0,30.48
2020-12-17 19:00:00,104.0,167.41,56.0,29.81
2020-12-17 20:00:00,116.02,176.78,56.0,29.17
2020-12-17 21:00:00,124.03,188.0,56.0,28.56
2020-12-17 22:00:00,131.01,221.08,56.0,28.09
2020-12-17 23:00:00,125.97,244.74,56.0,27.89
2020-12-18 00:00:00,122.42,236.22,56.0,27.26
2020-12-18 01:00:00,131.44,246.22,56.0,27.11
2020-12-18 02:00:00,137.29,233.06,56.0,27.0
2020-12-18 03:00:00,138.86,208.3,56.0,26.76
2020-12-18 04:00:00,105.42,171.73,56.0,26.47
2020-12-18 05:00:00,100.86,140.3,56.0,26.09
2020-12-18 06:00:00,98.42,152.31,56.0,25.75
2020-12-18 07:00:00,104.01,167.12,56.0,25.61
2020-12-18 08:00:00,105.0,165.78,56.0,27.38
2020-12-18 09:00:00,112.72,171.78,56.0,30.32
2020-12-18 10:00:00,113.14,170.72,56.0,31.34
2020-12-18 11:00:00,93.26,155.51,56.0,32.68
2020-12-18 12:00:00,77.12,134.11,56.0,34.44
2020-12-18 13:00:00,54.4,101.22,56.0,35.67
2020-12-18 14:00:00,42.43,73.39,56.0,36.89
2020-12-18 15:00:00,42.72,76.17,56.0,36.52
2020-12-18 16:00:00,48.15,101.5,56.0,34.83
2020-12-18 17:00:00,79.9,145.36,56.0,32.84
2020-12-18 18:00:00,95.3,191.57,56.0,31.59
2020-12-18 19:00:00,102.94,198.78,56.0,31.04
2020-12-18 20:00:00,93.7,190.12,56.0,29.82
2020-12-18 21:00:00,102.3,241.81,56.0,28.88
2020-12-18 22:00:00,102.28,241.8,56.0,29.12
2020-12-18 23:00:00,95.13,187.67,56.0,28.55
2020-12-19 00:00:00,100.01,175.0,56.0,27.68
2020-12-19 01:00:00,101.0,175.09,56.0,27.1
2020-12-19 02:00:00,119.94,197.68,56.0,26.3
2020-12-19 03:00:00,129.89,219.12,56.0,25.82
2020-12-19 04:00:00,125.85,213.3,56.0,25.5
2020-12-19 05:00:00,141.31,209.68,56.0,25.0
2020-12-19 06:00:00,129.44,206.53,56.0,24.47
2020-12-19 07:00:00,126.14,203.56,56.0,24.47
2020-12-19 08:00:00,130.29,205.11,56.0,27.07
2020-12-19 09:00:00,117.22,198.18,56.0,29.7
2020-12-19 10:00:00,102.12,168.62,56.0,30.83
2020-12-19 11:00:00,88.81,145.0,56.0,32.21
2020-12-19 12:00:00,79.28,122.02,56.0,33.57
2020-12-19 13:00:00,61.69,100.89,56.0,34.34
2020-12-19 14:00:00,58.14,91.0,56.0,35.02
2020-12-19 15:00:00,58.0,93.11,56.0,35.4
2020-12-19 16:00:00,60.58,108.61,56.0,34.92
2020-12-19 17:00:00,64.43,109.74,56.0,33.44
2020-12-19 18:00:00,65.0,127.45,56.0,32.35
2020-12-19 19:00:00,73.58,170.44,56.0,31.21
2020-12-19 20:00:00,81.87,204.44,56.0,29.51
2020-12-19 21:00:00,101.03,261.78,56.0,28.96
2020-12-19 22:00:00,102.28,233.56,56.0,29.77
2020-12-19 23:00:00,85.69,159.11,56.0,28.53
2020-12-20 00:00:00,102.74,214.89,56.0,27.12
2020-12-20 01:00:00,130.89,268.44,56.0,26.41
2020-12-20 02:00:00,127.28,261.78,56.0,26.2
2020-12-20 03:00:00,132.87,249.39,56.0,26.33
2020-12-20 04:00:00,126.25,227.6,56.0,25.84
2020-12-20 05:00:00,128.43,211.44,56.0,25.21
2020-12-20 06:00:00,129.0,217.05,56.0,24.83
2020-12-20 07:00:00,135.87,230.0,56.0,24.3
2020-12-20 08:00:00,136.14,225.62,56.0,26.68
2020-12-20 09:00:00,120.55,195.67,56.0,28.51
2020-12-20 10:00:00,109.4,156.44,56.0,30.78
2020-12-20 11:00:00,78.82,123.89,56.0,31.74
2020-12-20 12:00:00,65.42,110.39,56.0,33.19
2020-12-20 13:00:00,70.87,111.11,56.0,33.73
2020-12-20 14:00:00,61.7,100.33,56.0,34.56
2020-12-20 15:00:00,62.58,99.89,56.0,34.89
2020-12-20 16:00:00,56.97,98.62,56.0,34.65
2020-12-20 17:00:00,61.17,105.89,56.0,32.61
2020-12-20 18:00:00,69.72,137.66,56.0,30.87
2020-12-20 19:00:00,66.71,146.78,56.0,29.55
2020-12-20 20:00:00,78.02,158.22,56.0,28.12
2020-12-20 21:00:00,92.88,195.89,56.0,27.25
2020-12-20 22:00:00,97.58,202.78,56.0,26.33
2020-12-20 23:00:00,96.28,199.7,56.0,25.97
2020-12-21 00:00:00,107.12,213.33,56.0,25.47
2020-12-21 01:00:00,119.3,238.33,56.0,25.2
2020-12-21 02:00:00,125.29,229.67,56.0,24.96
2020-12-21 03:00:00,106.26,173.59,56.0,25.24
2020-12-21 04:00:00,86.69,134.56,56.0,25.18
2020-12-21 05:00:00,76.28,114.78,56.0,24.94
2020-12-21 06:00:00,74.14,117.78,56.0,24.59
2020-12-21 07:00:00,92.03,138.56,56.0,24.15
2020-12-21 08:00:00,105.3,164.26,56.0,25.9
2020-12-21 09:00:00,102.72,165.78,56.0,27.2
2020-12-21 10:00:00,83.97,139.25,56.0,29.2
2020-12-21 11:00:00,87.03,152.11,56.0,31.27
2020-12-21 12:00:00,59.015,173.0,56.0,32.59
2020-12-21 13:00:00,31.0,78.0,56.0,33.6
2020-12-21 14:00:00,38.73,79.11,56.0,34.77
2020-12-21 15:00:00,35.71,78.33,56.0,34.33
2020-12-21 16:00:00,44.44,77.56,56.0,34.11
2020-12-21 17:00:00,40.85,83.0,56.0,32.9
2020-12-21 18:00:00,46.87,128.88,56.0,30.85
2020-12-21 19:00:00,64.31,207.22,56.0,29.91
2020-12-21 20:00:00,63.57,177.68,56.0,28.31
2020-12-21 21:00:00,61.28,153.78,56.0,26.92
2020-12-21 22:00:00,90.18,226.0,56.0,26.07
2020-12-21 23:00:00,94.14,276.0,56.0,25.54
2020-12-22 00:00:00,105.16,272.27,56.0,25.25
2020-12-22 01:00:00,104.42,239.67,56.0,25.05
2020-12-22 02:00:00,105.72,222.12,56.0,24.23
2020-12-22 03:00:00,105.14,215.26,56.0,23.55
2020-12-22 04:00:00,105.0,216.82,56.0,22.43
2020-12-22 05:00:00,138.41,235.25,56.0,21.91
2020-12-22 06:00:00,147.43,253.89,56.0,21.88
2020-12-22 07:00:00,142.85,248.16,56.0,21.74
2020-12-22 08:00:00,142.0,246.33,56.0,25.05
2020-12-22 09:00:00,160.03,280.22,56.0,28.95
2020-12-22 10:00:00,114.93,221.44,56.0,30.55
2020-12-22 11:00:00,56.36,118.11,56.0,31.44
2020-12-22 12:00:00,43.71,98.17,56.0,32.72
2020-12-22 13:00:00,43.0,99.22,56.0,34.41
2020-12-22 14:00:00,46.43,92.44,56.0,35.05
2020-12-22 15:00:00,50.42,92.0,56.0,34.07
2020-12-22 16:00:00,46.72,102.56,56.0,33.65
2020-12-22 17:00:00,53.7,134.89,56.0,31.67
2020-12-22 18:00:00,84.94,196.78,56.0,29.38
2020-12-22 19:00:00,98.58,262.27,56.0,28.13
2020-12-22 20:00:00,101.71,275.81,56.0,27.21
2020-12-22 21:00:00,103.71,273.11,56.0,25.87
2020-12-22 22:00:00,124.6,314.85,56.0,25.01
2020-12-22 23:00:00,121.99,349.56,56.0,24.36
2020-12-23 00:00:00,129.56,379.43,56.0,23.99
2020-12-23 01:00:00,124.13,348.63,56.0,23.34
2020-12-23 02:00:00,113.56,256.33,56.0,22.9
2020-12-23 03:00:00,106.85,213.17,56.0,22.22
2020-12-23 04:00:00,109.43,213.67,56.0,21.68
2020-12-23 05:00:00,101.42,203.89,56.0,21.23
2020-12-23 06:00:00,137.77,243.89,56.0,21.11
2020-12-23 07:00:00,180.91,291.91,56.0,21.15
2020-12-23 08:00:00,167.26,282.89,56.0,22.98
2020-12-23 09:00:00,191.47,308.52,56.0,26.58
2020-12-23 10:00:00,180.55,290.43,56.0,29.45
2020-12-23 11:00:00,131.65,218.11,56.0,32.48
2020-12-23 12:00:00,80.22,157.11,56.0,34.32
2020-12-23 13:00:00,66.99,122.22,56.0,34.44
2020-12-23 14:00:00,67.72,120.44,56.0,34.62
2020-12-23 15:00:00,52.6,96.78,56.0,34.41
2020-12-23 16:00:00,47.42,102.22,56.0,34.01
2020-12-23 17:00:00,44.42,130.11,56.0,31.87
2020-12-23 18:00:00,63.74,152.22,56.0,29.86
2020-12-23 19:00:00,79.02,208.22,56.0,29.33
2020-12-23 20:00:00,86.15,209.22,56.0,27.79
2020-12-23 21:00:00,106.74,238.56,56.0,26.6
2020-12-23 22:00:00,118.58,325.78,56.0,25.62
2020-12-23 23:00:00,117.42,356.11,56.0,24.87
2020-12-24 00:00:00,128.95,362.0,56.0,24.49
2020-12-24 01:00:00,145.59,345.95,56.0,23.95
2020-12-24 02:00:00,129.15,283.78,56.0,23.14
2020-12-24 03:00:00,120.87,240.0,56.0,22.66
2020-12-24 04:00:00,109.7,219.22,56.0,22.17
2020-12-24 05:00:00,126.82,223.44,56.0,21.96
2020-12-24 06:00:00,157.47,260.12,56.0,21.54
2020-12-24 07:00:00,171.33,277.79,56.0,21.5
2020-12-24 08:00:00,166.99,273.22,56.0,24.19
2020-12-24 09:00:00,172.87,274.33,56.0,26.38
2020-12-24 10:00:00,152.54,272.0,56.0,29.39
2020-12-24 11:00:00,134.45,257.0,56.0,31.02
2020-12-24 12:00:00,126.01,233.78,56.0,33.41
2020-12-24 13:00:00,87.23,173.44,56.0,34.61
2020-12-24 14:00:00,71.56,141.33,56.0,35.47
2020-12-24 15:00:00,76.84,159.61,56.0,35.66
2020-12-24 16:00:00,75.42,158.11,56.0,35.5
2020-12-24 17:00:00,82.72,175.01,56.0,31.88
2020-12-24 18:00:00,84.86,206.78,56.0,30.36
2020-12-24 19:00:00,106.39,221.44,56.0,29.4
2020-12-24 20:00:00,109.14,229.44,56.0,28.61
2020-12-24 21:00:00,105.61,213.56,56.0,27.18
2020-12-24 22:00:00,108.43,228.0,56.0,26.91
2020-12-24 23:00:00,132.18,304.78,56.0,26.42
2020-12-25 00:00:00,130.01,325.0,56.0,25.75
2020-12-25 01:00:00,125.57,282.67,56.0,25.32
2020-12-25 02:00:00,118.13,240.56,56.0,25.02
2020-12-25 03:00:00,123.0,236.61,56.0,25.08
2020-12-25 04:00:00,134.27,245.0,56.0,25.09
2020-12-25 05:00:00,133.43,239.88,56.0,24.37
2020-12-25 06:00:00,162.09,278.89,56.0,23.52
2020-12-25 07:00:00,191.89,309.56,56.0,23.48
2020-12-25 08:00:00,182.31,284.0,56.0,25.66
2020-12-25 09:00:00,149.16,243.47,56.0,28.86
2020-12-25 10:00:00,133.7,214.78,56.0,31.34
2020-12-25 11:00:00,99.38,180.11,56.0,32.33
2020-12-25 12:00:00,83.73,160.91,56.0,33.86
2020-12-25 13:00:00,80.29,154.56,56.0,35.44
2020-12-25 14:00:00,67.12,128.5,56.0,36.42
2020-12-25 15:00:00,55.56,109.44,56.0,37.72
2020-12-25 16:00:00,59.1,109.56,56.0,36.08
2020-12-25 17:00:00,64.29,126.03,56.0,34.22
2020-12-25 18:00:00,75.28,206.22,56.0,31.45
2020-12-25 19:00:00,95.03,266.72,56.0,30.2
2020-12-25 20:00:00,122.89,317.67,56.0,29.73
2020-12-25 21:00:00,120.16,296.5,56.0,28.93
2020-12-25 22:00:00,125.87,251.33,56.0,28.3
2020-12-25 23:00:00,150.1,300.89,56.0,27.77
2020-12-26 00:00:00,147.12,331.39,56.0,27.04
2020-12-26 01:00:00,128.01,287.67,56.0,26.51
2020-12-26 02:00:00,123.29,234.11,56.0,26.36
2020-12-26 03:00:00,121.29,224.53,56.0,25.87
2020-12-26 04:00:00,136.45,255.67,56.0,25.38
2020-12-26 05:00:00,157.88,268.11,56.0,25.01
2020-12-26 06:00:00,177.25,290.44,56.0,24.86
2020-12-26 07:00:00,204.89,317.89,56.0,24.66
2020-12-26 08:00:00,174.78,304.89,56.0,27.87
2020-12-26 09:00:00,161.37,270.44,56.0,29.93
2020-12-26 10:00:00,131.68,223.7,56.0,31.88
2020-12-26 11:00:00,92.67,143.0,56.0,33.83
2020-12-26 12:00:00,85.28,159.5,56.0,35.64
2020-12-26 13:00:00,77.3,165.0,56.0,36.66
2020-12-26 14:00:00,82.84,160.56,56.0,36.11
2020-12-26 15:00:00,86.57,180.44,56.0,35.09
2020-12-26 16:00:00,72.45,152.67,56.0,34.21
2020-12-26 17:00:00,71.72,125.74,56.0,32.78
2020-12-26 18:00:00,72.0,156.44,56.0,31.4
2020-12-26 19:00:00,84.02,196.56,56.0,30.46
2020-12-26 20:00:00,97.12,269.67,56.0,29.48
2020-12-26 21:00:00,107.56,257.0,56.0,28.89
2020-12-26 22:00:00,120.12,201.0,56.0,28.2
2020-12-26 23:00:00,119.43,220.78,56.0,27.76
2020-12-27 00:00:00,132.73,273.14,56.0,27.27
2020-12-27 01:00:00,130.71,307.89,56.0,26.88
2020-12-27 02:00:00,143.71,299.94,56.0,26.5
2020-12-27 03:00:00,156.27,292.11,56.0,26.21
2020-12-27 04:00:00,165.72,289.13,56.0,25.63
2020-12-27 05:00:00,154.98,281.0,56.0,25.45
2020-12-27 06:00:00,170.11,278.11,56.0,25.45
2020-12-27 07:00:00,180.7,286.94,56.0,25.38
2020-12-27 08:00:00,212.04,310.33,56.0,27.32
2020-12-27 09:00:00,204.12,316.11,56.0,28.42
2020-12-27 10:00:00,188.31,296.78,56.0,31.92
2020-12-27 11:00:00,172.31,283.13,56.0,32.83
2020-12-27 12:00:00,152.83,246.67,56.0,33.44
2020-12-27 13:00:00,111.5,211.11,56.0,33.2
2020-12-27 14:00:00,108.42,179.0,56.0,33.79
2020-12-27 15:00:00,97.02,165.11,56.0,34.44
2020-12-27 16:00:00,83.88,149.44,56.0,34.4
2020-12-27 17:00:00,84.58,145.17,56.0,32.75
2020-12-27 18:00:00,102.11,181.11,56.0,31.2
2020-12-27 19:00:00,105.0,184.75,56.0,30.56
2020-12-27 20:00:00,110.13,185.94,56.0,29.64
2020-12-27 21:00:00,133.32,216.33,56.0,28.72
2020-12-27 22:00:00,151.59,229.34,56.0,27.69
2020-12-27 23:00:00,148.85,240.16,56.0,26.9
2020-12-28 00:00:00,134.31,227.78,56.0,26.26
2020-12-28 01:00:00,123.44,189.0,56.0,25.68
2020-12-28 02:00:00,122.86,181.4,56.0,25.28
2020-12-28 03:00:00,111.02,170.11,56.0,25.25
2020-12-28 04:00:00,89.32,141.18,56.0,24.85
2020-12-28 05:00:00,83.43,134.44,56.0,24.49
2020-12-28 06:00:00,83.0,132.47,56.0,24.29
2020-12-28 07:00:00,75.3,124.68,56.0,24.05
2020-12-28 08:00:00,70.58,132.0,56.0,25.36
2020-12-28 09:00:00,74.29,146.12,56.0,26.34
2020-12-28 10:00:00,66.42,147.09,56.0,27.93
2020-12-28 11:00:00,61.58,153.95,56.0,29.21
2020-12-28 12:00:00,52.45,155.92,56.0,30.8
2020-12-28 13:00:00,48.43,138.5,56.0,32.43
2020-12-28 14:00:00,39.45,118.81,56.0,33.13
2020-12-28 15:00:00,33.72,115.21,56.0,32.85
2020-12-28 16:00:00,40.73,149.78,56.0,32.47
2020-12-28 17:00:00,46.28,173.78,56.0,30.08
2020-12-28 18:00:00,61.55,204.78,56.0,28.31
2020-12-28 19:00:00,69.13,237.63,56.0,27.51
2020-12-28 20:00:00,76.87,249.72,56.0,26.68
2020-12-28 21:00:00,81.42,249.58,56.0,25.74
2020-12-28 22:00:00,82.0,230.52,56.0,25.01
2020-12-28 23:00:00,81.14,225.22,56.0,24.48
2020-12-29 00:00:00,97.25,240.95,56.0,24.02
2020-12-29 01:00:00,89.73,227.33,56.0,24.06
2020-12-29 02:00:00,89.72,196.11,56.0,23.78
2020-12-29 03:00:00,93.43,182.22,56.0,22.79
2020-12-29 04:00:00,82.88,213.33,56.0,22.02
2020-12-29 05:00:00,82.72,232.22,56.0,21.55
2020-12-29 06:00:00,90.7,230.44,56.0,21.09
2020-12-29 07:00:00,99.7,235.11,56.0,21.01
2020-12-29 08:00:00,115.51,252.05,56.0,23.53
2020-12-29 09:00:00,122.29,268.33,56.0,26.4
2020-12-29 10:00:00,123.0,267.68,56.0,28.36
2020-12-29 11:00:00,119.58,266.11,56.0,30.3
2020-12-29 12:00:00,105.27,253.11,56.0,31.17
2020-12-29 13:00:00,84.18,200.89,56.0,32.0
2020-12-29 14:00:00,71.56,171.89,56.0,32.03
2020-12-29 15:00:00,96.52,207.06,56.0,31.91
2020-12-29 16:00:00,82.18,187.78,56.0,31.14
2020-12-29 17:00:00,66.12,175.03,56.0,30.13
2020-12-29 18:00:00,73.44,206.37,56.0,28.71
2020-12-29 19:00:00,81.85,239.24,56.0,27.5
2020-12-29 20:00:00,92.41,247.33,56.0,26.21
2020-12-29 21:00:00,101.7,221.44,56.0,25.71
2020-12-29 22:00:00,115.88,260.0,56.0,25.54
2020-12-29 23:00:00,121.42,328.88,56.0,25.34
2020-12-30 00:00:00,127.12,339.5,56.0,25.16
2020-12-30 01:00:00,119.44,309.55,56.0,24.83
2020-12-30 02:00:00,104.29,264.81,56.0,24.39
2020-12-30 03:00:00,101.14,239.78,56.0,23.83
2020-12-30 04:00:00,97.58,239.67,56.0,23.4
2020-12-30 05:00:00,95.29,229.94,56.0,23.13
2020-12-30 06:00:00,100.15,234.89,56.0,22.49
2020-12-30 07:00:00,108.72,240.44,56.0,22.34
2020-12-30 08:00:00,109.14,237.67,56.0,24.2
2020-12-30 09:00:00,114.99,251.16,56.0,26.49
2020-12-30 10:00:00,116.0,256.56,56.0,28.89
2020-12-30 11:00:00,116.0,259.11,56.0,30.45
2020-12-30 12:00:00,119.42,279.49,56.0,32.44
2020-12-30 13:00:00,126.69,290.89,56.0,33.92
2020-12-30 14:00:00,124.58,273.97,56.0,33.92
2020-12-30 15:00:00,111.17,249.33,56.0,34.02
2020-12-30 16:00:00,108.14,235.0,56.0,33.16
2020-12-30 17:00:00,106.28,239.0,56.0,31.24
2020-12-30 18:00:00,107.72,256.4,56.0,29.58
2020-12-30 19:00:00,103.72,249.07,56.0,28.5
2020-12-30 20:00:00,111.58,238.67,56.0,27.48
2020-12-30 21:00:00,128.53,310.2,56.0,27.23
2020-12-30 22:00:00,145.55,375.0,56.0,27.05
2020-12-30 23:00:00,130.83,317.22,56.0,26.77
2020-12-31 00:00:00,125.44,249.0,56.0,26.39
2020-12-31 01:00:00,122.43,250.03,56.0,25.66
2020-12-31 02:00:00,118.57,251.39,56.0,25.14
2020-12-31 03:00:00,115.43,227.07,56.0,24.53
2020-12-31 04:00:00,130.4,231.03,56.0,24.41
2020-12-31 05:00:00,136.42,242.9,56.0,23.96
2020-12-31 06:00:00,138.71,239.24,56.0,23.48
2020-12-31 07:00:00,140.72,250.82,56.0,23.36
2020-12-31 08:00:00,152.98,261.45,56.0,25.56
2020-12-31 09:00:00,161.01,263.76,56.0,28.18
2020-12-31 10:00:00,137.11,241.68,56.0,30.3
2020-12-31 11:00:00,116.75,190.28,56.0,32.03
2020-12-31 12:00:00,103.73,165.56,56.0,33.59
2020-12-31 13:00:00,98.58,159.37,56.0,35.15
2020-12-31 14:00:00,78.26,135.2,56.0,36.55
2020-12-31 15:00:00,78.42,144.0,56.0,35.88
2020-12-31 16:00:00,82.42,162.47,56.0,34.24
2020-12-31 17:00:00,84.71,146.39,56.0,32.51
2020-12-31 18:00:00,92.67,188.67,56.0,30.91
2020-12-31 19:00:00,110.25,248.24,56.0,30.31
2020-12-31 20:00:00,130.99,263.55,56.0,29.9
2020-12-31 21:00:00,146.83,282.33,56.0,29.05
2020-12-31 22:00:00,146.43,279.87,56.0,28.21
2020-12-31 23:00:00,148.57,295.85,56.0,28.02
2021-01-01 00:00:00,160.12,353.89,56.0,27.43
2021-01-01 01:00:00,155.16,354.84,56.0,27.09
2021-01-01 02:00:00,148.03,311.45,56.0,26.75
2021-01-01 03:00:00,150.42,279.17,56.0,26.42
2021-01-01 04:00:00,145.87,260.78,56.0,26.21
2021-01-01 05:00:00,157.83,253.9,56.0,25.89
2021-01-01 06:00:00,173.69,273.0,56.0,25.69
2021-01-01 07:00:00,197.39,301.16,56.0,25.91
2021-01-01 08:00:00,202.71,302.71,56.0,26.87
2021-01-01 09:00:00,186.75,291.02,56.0,30.17
2021-01-01 10:00:00,170.35,265.89,56.0,31.22
2021-01-01 11:00:00,128.65,209.75,56.0,32.61
2021-01-01 12:00:00,115.16,179.66,56.0,34.55
2021-01-01 13:00:00,123.41,203.26,56.0,34.97
2021-01-01 14:00:00,107.03,204.97,56.0,34.05
2021-01-01 15:00:00,114.27,171.55,56.0,32.98
2021-01-01 16:00:00,74.93,125.15,56.0,32.48
2021-01-01 17:00:00,73.13,123.66,56.0,32.23
2021-01-01 18:00:00,85.94,150.29,56.0,30.96
2021-01-01 19:00:00,105.11,178.0,56.0,30.35
2021-01-01 20:00:00,124.25,197.76,56.0,30.11
2021-01-01 21:00:00,141.59,203.87,56.0,30.0
2021-01-01 22:00:00,145.72,219.72,56.0,29.71
2021-01-01 23:00:00,153.7,230.61,56.0,29.39
2021-01-02 00:00:00,136.18,249.8,56.0,28.95
2021-01-02 01:00:00,148.4,267.21,56.0,28.62
2021-01-02 02:00:00,163.88,257.38,56.0,28.15
2021-01-02 03:00:00,159.13,256.85,56.0,27.95
2021-01-02 04:00:00,145.17,259.02,56.0,28.11
2021-01-02 05:00:00,144.71,252.24,56.0,27.87
2021-01-02 06:00:00,174.94,272.0,56.0,27.68
2021-01-02 07:00:00,169.73,370.15,56.0,27.68
2021-01-02 08:00:00,167.15,382.49,56.0,28.38
2021-01-02 09:00:00,171.28,307.55,56.0,29.99
2021-01-02 10:00:00,180.56,330.09,56.0,32.01
2021-01-02 11:00:00,170.02,350.2,56.0,32.05
2021-01-02 12:00:00,150.03,280.27,56.0,32.24
2021-01-02 13:00:00,147.85,241.53,56.0,31.75
2021-01-02 14:00:00,114.63,191.0,56.0,31.81
2021-01-02 15:00:00,97.88,152.63,56.0,32.03
2021-01-02 16:00:00,119.95,173.48,56.0,31.63
2021-01-02 17:00:00,125.71,194.29,56.0,30.91
2021-01-02 18:00:00,124.29,211.3,56.0,29.43
2021-01-02 19:00:00,115.44,214.97,56.0,29.18
2021-01-02 20:00:00,117.41,214.66,56.0,28.9
2021-01-02 21:00:00,135.97,234.8,56.0,28.46
2021-01-02 22:00:00,157.82,253.9,56.0,28.19
2021-01-02 23:00:00,143.89,233.67,56.0,27.85
2021-01-03 00:00:00,152.12,268.35,56.0,27.59
2021-01-03 01:00:00,151.43,268.88,56.0,27.23
2021-01-03 02:00:00,157.84,258.32,56.0,27.03
2021-01-03 03:00:00,163.28,284.08,56.0,26.61
2021-01-03 04:00:00,159.74,261.92,56.0,26.11
2021-01-03 05:00:00,166.7,258.24,56.0,25.79
2021-01-03 06:00:00,180.79,261.39,56.0,25.66
2021-01-03 07:00:00,182.14,256.4,56.0,25.45
2021-01-03 08:00:00,177.72,263.3,56.0,26.4
2021-01-03 09:00:00,182.99,270.42,56.0,28.85
2021-01-03 10:00:00,172.88,273.45,56.0,30.08
2021-01-03 11:00:00,165.87,263.05,56.0,31.33
2021-01-03 12:00:00,165.85,266.0,56.0,32.02
2021-01-03 13:00:00,169.42,277.76,56.0,32.02
2021-01-03 14:00:00,177.7,250.7,56.0,31.73
2021-01-03 15:00:00,134.51,207.65,56.0,31.32
2021-01-03 16:00:00,116.77,193.66,56.0,30.98
2021-01-03 17:00:00,126.12,194.45,56.0,30.19
2021-01-03 18:00:00,110.03,195.66,56.0,29.18
2021-01-03 19:00:00,106.14,198.81,56.0,28.11
2021-01-03 20:00:00,116.27,203.32,56.0,27.89
2021-01-03 21:00:00,123.99,201.58,56.0,27.56
2021-01-03 22:00:00,125.0,199.1,56.0,27.48
2021-01-03 23:00:00,121.59,206.08,56.0,27.34
2021-01-04 00:00:00,133.02,214.87,56.0,27.22
2021-01-04 01:00:00,129.87,206.94,56.0,26.73
2021-01-04 02:00:00,123.01,195.5,56.0,26.55
2021-01-04 03:00:00,127.13,193.0,56.0,26.57
2021-01-04 04:00:00,124.58,186.37,56.0,26.35
2021-01-04 05:00:00,128.28,195.93,56.0,26.17
2021-01-04 06:00:00,138.41,215.74,56.0,25.64
2021-01-04 07:00:00,161.32,234.1,56.0,25.74
2021-01-04 08:00:00,169.26,245.1,56.0,26.54
2021-01-04 09:00:00,158.91,244.9,56.0,27.98
2021-01-04 10:00:00,161.27,253.9,56.0,29.31
2021-01-04 11:00:00,158.58,257.02,56.0,30.74
2021-01-04 12:00:00,155.43,245.26,56.0,31.12
2021-01-04 13:00:00,149.01,253.37,56.0,30.8
2021-01-04 14:00:00,145.44,254.55,56.0,30.59
2021-01-04 15:00:00,131.31,237.71,56.0,30.85
2021-01-04 16:00:00,131.57,234.9,56.0,31.87
2021-01-04 17:00:00,141.39,262.32,56.0,31.58
2021-01-04 18:00:00,131.88,249.94,56.0,29.16
2021-01-04 19:00:00,137.7,246.66,56.0,28.29
2021-01-04 20:00:00,147.53,251.11,56.0,27.72
2021-01-04 21:00:00,146.43,243.87,56.0,27.8
2021-01-04 22:00:00,153.68,241.5,56.0,27.57
2021-01-04 23:00:00,139.6,216.65,56.0,27.24
2021-01-05 00:00:00,124.21,188.45,56.0,26.97
2021-01-05 01:00:00,121.14,181.21,56.0,27.05
2021-01-05 02:00:00,132.94,194.0,56.0,26.9
2021-01-05 03:00:00,134.15,200.79,56.0,26.64
2021-01-05 04:00:00,144.24,234.75,56.0,26.09
2021-01-05 05:00:00,143.41,236.36,56.0,25.89
2021-01-05 06:00:00,152.41,228.3,56.0,25.82
2021-01-05 07:00:00,154.85,234.5,56.0,26.02
2021-01-05 08:00:00,148.16,233.32,56.0,26.19
2021-01-05 09:00:00,152.99,249.5,56.0,26.8
2021-01-05 10:00:00,157.41,270.7,56.0,29.38
2021-01-05 11:00:00,162.28,277.55,56.0,30.84
2021-01-05 12:00:00,176.69,291.82,56.0,32.15
2021-01-05 13:00:00,180.72,302.45,56.0,33.25
2021-01-05 14:00:00,157.05,272.15,56.0,32.56
2021-01-05 15:00:00,158.12,265.56,56.0,33.57
2021-01-05 16:00:00,167.53,288.07,56.0,32.54
2021-01-05 17:00:00,163.87,294.79,56.0,31.06
2021-01-05 18:00:00,164.69,284.15,56.0,29.5
2021-01-05 19:00:00,159.03,265.39,56.0,28.65
2021-01-05 20:00:00,163.99,254.9,56.0,28.46
2021-01-05 21:00:00,163.29,250.7,56.0,28.39
2021-01-05 22:00:00,170.68,255.74,56.0,28.07
2021-01-05 23:00:00,176.26,275.2,56.0,28.13
2021-01-06 00:00:00,177.0,268.4,56.0,27.87
2021-01-06 01:00:00,174.43,258.4,56.0,27.54
2021-01-06 02:00:00,168.87,257.02,56.0,26.99
2021-01-06 03:00:00,184.34,257.24,56.0,26.77
2021-01-06 04:00:00,181.01,261.2,56.0,26.3
2021-01-06 05:00:00,177.43,255.95,56.0,25.84
2021-01-06 06:00:00,174.43,254.6,56.0,25.27
2021-01-06 07:00:00,172.29,249.81,56.0,25.13
2021-01-06 08:00:00,160.02,242.78,56.0,25.75
2021-01-06 09:00:00,166.53,254.65,56.0,27.3
2021-01-06 10:00:00,160.32,268.85,56.0,28.69
2021-01-06 11:00:00,168.38,288.5,56.0,31.62
2021-01-06 12:00:00,163.18,299.8,56.0,33.26
2021-01-06 13:00:00,156.03,274.9,56.0,34.13
2021-01-06 14:00:00,144.77,243.9,56.0,33.12
2021-01-06 15:00:00,145.56,245.55,56.0,33.44
2021-01-06 16:00:00,158.83,271.16,56.0,33.44
2021-01-06 17:00:00,167.84,285.0,56.0,31.74
2021-01-06 18:00:00,170.71,294.9,56.0,30.26
2021-01-06 19:00:00,177.84,311.8,56.0,29.74
2021-01-06 20:00:00,196.11,330.0,56.0,29.37
2021-01-06 21:00:00,192.16,334.02,56.0,29.1
2021-01-06 22:00:00,202.98,336.0,56.0,28.68
2021-01-06 23:00:00,195.62,328.25,56.0,28.43
2021-01-07 00:00:00,189.72,294.33,56.0,28.0
2021-01-07 01:00:00,171.94,249.05,56.0,27.78
2021-01-07 02:00:00,157.91,229.76,56.0,27.61
2021-01-07 03:00:00,169.65,238.05,56.0,27.31
2021-01-07 04:00:00,165.18,237.47,56.0,26.74
2021-01-07 05:00:00,162.3,241.29,56.0,26.34
2021-01-07 06:00:00,173.98,252.4,56.0,25.58
2021-01-07 07:00:00,166.59,257.65,56.0,25.43
2021-01-07 08:00:00,185.53,277.7,56.0,26.73
2021-01-07 09:00:00,184.72,297.98,56.0,29.24
2021-01-07 10:00:00,186.56,292.05,56.0,31.32
2021-01-07 11:00:00,183.59,287.0,56.0,33.43
2021-01-07 12:00:00,181.29,293.87,56.0,33.82
2021-01-07 13:00:00,167.35,268.95,56.0,33.88
2021-01-07 14:00:00,147.94,256.5,56.0,34.25
2021-01-07 15:00:00,156.09,270.5,56.0,34.19
2021-01-07 16:00:00,161.41,256.85,56.0,31.97
2021-01-07 17:00:00,144.94,216.57,56.0,30.93
2021-01-07 18:00:00,129.21,203.7,56.0,30.13
2021-01-07 19:00:00,138.09,224.3,56.0,30.21
2021-01-07 20:00:00,140.85,238.21,56.0,30.03
2021-01-07 21:00:00,152.12,293.9,56.0,30.13
2021-01-07 22:00:00,150.58,316.0,56.0,30.0
2021-01-07 23:00:00,144.03,296.34,56.0,29.65
2021-01-08 00:00:00,145.56,333.31,56.0,29.15
2021-01-08 01:00:00,146.0,306.7,56.0,28.91
2021-01-08 02:00:00,138.32,250.2,56.0,28.63
2021-01-08 03:00:00,90.8,160.08,56.0,28.15
2021-01-08 04:00:00,70.2,98.5,56.0,28.04
2021-01-08 05:00:00,74.84,102.45,56.0,27.78
2021-01-08 06:00:00,59.8,94.3,56.0,27.74
2021-01-08 07:00:00,66.41,149.6,56.0,28.04
2021-01-08 08:00:00,74.82,200.55,56.0,28.62
2021-01-08 09:00:00,87.09,220.25,56.0,29.35
2021-01-08 10:00:00,101.83,228.81,56.0,29.41
2021-01-08 11:00:00,118.55,208.07,56.0,30.1
2021-01-08 12:00:00,131.23,198.76,56.0,30.66
2021-01-08 13:00:00,117.6,165.8,56.0,30.78
2021-01-08 14:00:00,101.31,135.9,56.0,30.91
2021-01-08 15:00:00,79.95,128.4,56.0,31.83
2021-01-08 16:00:00,74.0,113.4,56.0,31.82
2021-01-08 17:00:00,109.82,159.5,56.0,31.0
2021-01-08 18:00:00,122.82,178.5,56.0,30.75
2021-01-08 19:00:00,98.33,167.05,56.0,30.61
2021-01-08 20:00:00,59.89,129.12,56.0,30.2
2021-01-08 21:00:00,91.52,128.9,56.0,30.02
2021-01-08 22:00:00,93.72,151.6,56.0,29.79
2021-01-08 23:00:00,98.12,171.93,56.0,29.52
2021-01-09 00:00:00,110.05,192.21,56.0,29.21
2021-01-09 01:00:00,113.7,201.21,56.0,29.03
2021-01-09 02:00:00,114.85,179.23,56.0,29.02
2021-01-09 03:00:00,91.12,147.5,56.0,28.54
2021-01-09 04:00:00,98.94,126.71,56.0,28.29
2021-01-09 05:00:00,86.5,113.92,56.0,28.31
2021-01-09 06:00:00,87.42,109.55,56.0,28.07
2021-01-09 07:00:00,77.77,114.38,56.0,27.93
2021-01-09 08:00:00,77.7,119.1,56.0,29.05
2021-01-09 09:00:00,81.41,125.5,56.0,30.39
2021-01-09 10:00:00,81.15,129.45,56.0,32.16
2021-01-09 11:00:00,78.44,124.6,56.0,33.58
2021-01-09 12:00:00,63.55,104.5,56.0,35.11
2021-01-09 13:00:00,62.7,97.6,56.0,35.36
2021-01-09 14:00:00,55.32,91.6,56.0,34.02
2021-01-09 15:00:00,79.7,129.65,56.0,33.44
2021-01-09 16:00:00,114.21,181.3,56.0,32.97
2021-01-09 17:00:00,113.03,200.7,56.0,32.41
2021-01-09 18:00:00,116.27,209.2,56.0,31.47
2021-01-09 19:00:00,126.38,224.75,56.0,30.81
2021-01-09 20:00:00,144.2,244.8,56.0,30.53
2021-01-09 21:00:00,141.9,239.9,56.0,30.58
2021-01-09 22:00:00,136.74,225.03,56.0,30.27
2021-01-09 23:00:00,137.7,257.3,56.0,29.88
2021-01-10 00:00:00,144.82,326.4,56.0,29.63
2021-01-10 01:00:00,145.15,311.7,56.0,29.16
2021-01-10 02:00:00,141.59,282.9,56.0,28.85
2021-01-10 03:00:00,133.32,229.95,56.0,28.74
2021-01-10 04:00:00,132.0,194.3,56.0,28.41
2021-01-10 05:00:00,132.85,204.9,56.0,28.34
2021-01-10 06:00:00,128.74,193.55,56.0,28.02
2021-01-10 07:00:00,132.26,215.8,56.0,28.14
2021-01-10 08:00:00,139.02,227.87,56.0,29.84
2021-01-10 09:00:00,150.27,214.6,56.0,31.2
2021-01-10 10:00:00,133.24,194.85,56.0,33.43
2021-01-10 11:00:00,104.42,156.9,56.0,34.13
2021-01-10 12:00:00,88.91,142.4,56.0,35.0
2021-01-10 13:00:00,63.98,110.8,56.0,36.45
2021-01-10 14:00:00,64.27,107.3,56.0,35.65
2021-01-10 15:00:00,85.53,121.95,56.0,35.86
2021-01-10 16:00:00,71.94,128.0,56.0,34.4
2021-01-10 17:00:00,81.79,136.45,56.0,33.39
2021-01-10 18:00:00,107.88,151.95,56.0,32.11
2021-01-10 19:00:00,111.15,168.75,56.0,31.66
2021-01-10 20:00:00,102.47,161.5,56.0,31.46
2021-01-10 21:00:00,97.59,152.65,56.0,30.99
2021-01-10 22:00:00,113.2,175.59,56.0,30.73
2021-01-10 23:00:00,118.57,238.1,56.0,30.31
2021-01-11 00:00:00,124.97,247.47,56.0,29.77
2021-01-11 01:00:00,131.12,211.18,56.0,29.39
2021-01-11 02:00:00,129.44,195.05,56.0,29.03
2021-01-11 03:00:00,129.0,187.15,56.0,28.76
2021-01-11 04:00:00,130.7,181.8,56.0,28.38
2021-01-11 05:00:00,128.44,191.0,56.0,28.26
2021-01-11 06:00:00,146.76,203.85,56.0,28.18
2021-01-11 07:00:00,144.9,199.85,56.0,27.95
2021-01-11 08:00:00,139.74,201.12,56.0,29.51
2021-01-11 09:00:00,141.55,207.55,56.0,32.43
2021-01-11 10:00:00,127.5,207.45,56.0,34.5
2021-01-11 11:00:00,121.59,253.2,56.0,35.73
2021-01-11 12:00:00,110.77,228.3,56.0,36.59
2021-01-11 13:00:00,83.42,152.25,56.0,37.65
2021-01-11 14:00:00,53.5,120.45,56.0,37.18
2021-01-11 15:00:00,75.44,151.0,56.0,35.97
2021-01-11 16:00:00,103.03,173.7,56.0,35.78
2021-01-11 17:00:00,101.88,196.4,56.0,34.33
2021-01-11 18:00:00,85.65,182.05,56.0,31.89
2021-01-11 19:00:00,88.12,179.88,56.0,31.78
2021-01-11 20:00:00,99.27,190.5,56.0,31.46
2021-01-11 21:00:00,101.85,197.95,56.0,30.62
2021-01-11 22:00:00,109.67,281.0,56.0,30.33
2021-01-11 23:00:00,127.2,371.82,56.0,30.04
2021-01-12 00:00:00,117.21,356.2,56.0,29.63
2021-01-12 01:00:00,109.88,298.55,56.0,29.54
2021-01-12 02:00:00,114.12,236.25,56.0,29.12
2021-01-12 03:00:00,119.27,207.0,56.0,28.61
2021-01-12 04:00:00,113.18,204.8,56.0,28.09
2021-01-12 05:00:00,112.0,205.2,56.0,27.91
2021-01-12 06:00:00,123.94,199.85,56.0,27.73
2021-01-12 07:00:00,127.7,195.1,56.0,27.32
2021-01-12 08:00:00,139.09,213.05,56.0,29.1
2021-01-12 09:00:00,154.65,244.6,56.0,31.96
2021-01-12 10:00:00,151.03,255.13,56.0,34.24
2021-01-12 11:00:00,129.53,233.3,56.0,34.68
2021-01-12 12:00:00,113.265,218.0,56.0,36.07
2021-01-12 13:00:00,97.0,187.0,56.0,37.38
2021-01-12 14:00:00,90.18,170.2,56.0,38.06
2021-01-12 15:00:00,72.8,200.46,56.0,36.4
2021-01-12 16:00:00,87.06,211.45,56.0,35.76
2021-01-12 17:00:00,87.44,193.0,56.0,34.49
2021-01-12 18:00:00,94.67,196.3,56.0,32.79
2021-01-12 19:00:00,84.95,173.83,56.0,32.01
2021-01-12 20:00:00,89.82,175.0,56.0,30.93
2021-01-12 21:00:00,106.35,262.5,56.0,30.5
2021-01-12 22:00:00,128.62,352.5,56.0,30.3
2021-01-12 23:00:00,124.33,323.49,56.0,29.73
2021-01-13 00:00:00,121.3,245.95,56.0,29.19
2021-01-13 01:00:00,132.9,227.68,56.0,29.19
2021-01-13 02:00:00,128.18,267.8,56.0,28.95
2021-01-13 03:00:00,115.06,250.7,56.0,28.54
2021-01-13 04:00:00,104.37,194.05,56.0,28.03
2021-01-13 05:00:00,98.73,161.0,56.0,27.7
2021-01-13 06:00:00,113.19,183.35,56.0,27.1
2021-01-13 07:00:00,129.75,207.9,56.0,27.05
2021-01-13 08:00:00,137.97,225.15,56.0,28.89
2021-01-13 09:00:00,139.85,235.6,56.0,32.58
2021-01-13 10:00:00,142.56,239.7,56.0,33.78
2021-01-13 11:00:00,119.97,214.62,56.0,34.41
2021-01-13 12:00:00,90.42,191.2,56.0,36.34
2021-01-13 13:00:00,87.7,189.15,56.0,36.68
2021-01-13 14:00:00,69.24,153.0,56.0,36.39
2021-01-13 15:00:00,78.79,144.0,56.0,36.18
2021-01-13 16:00:00,76.73,155.4,56.0,36.09
2021-01-13 17:00:00,60.65,137.96,56.0,34.45
2021-01-13 18:00:00,46.91,115.41,56.0,32.86
2021-01-13 19:00:00,40.73,101.17,56.0,31.69
2021-01-13 20:00:00,38.3,99.09,56.0,30.84
2021-01-13 21:00:00,60.17,114.85,56.0,29.48
2021-01-13 22:00:00,63.15,170.45,56.0,28.45
2021-01-13 23:00:00,75.04,264.55,56.0,27.66
2021-01-14 00:00:00,95.7,480.2,56.0,27.71
2021-01-14 01:00:00,128.75,618.19,56.0,27.94
2021-01-14 02:00:00,139.95,667.4,56.0,27.69
2021-01-14 03:00:00,133.32,619.44,56.0,27.33
2021-01-14 04:00:00,108.97,386.67,56.0,27.05
2021-01-14 05:00:00,113.5,229.8,56.0,26.66
2021-01-14 06:00:00,117.55,202.85,56.0,26.34
2021-01-14 07:00:00,132.5,210.2,56.0,25.79
2021-01-14 08:00:00,111.12,210.55,56.0,27.77
2021-01-14 09:00:00,141.11,236.32,56.0,30.49
2021-01-14 10:00:00,154.68,254.15,56.0,31.98
2021-01-14 11:00:00,121.89,248.2,56.0,35.23
2021-01-14 12:00:00,89.56,221.95,56.0,35.38
2021-01-14 13:00:00,93.53,217.0,56.0,35.48
2021-01-14 14:00:00,94.15,240.5,56.0,34.47
2021-01-14 15:00:00,122.14,270.17,56.0,34.83
2021-01-14 16:00:00,108.24,275.05,56.0,34.17
2021-01-14 17:00:00,94.77,210.85,56.0,32.98
2021-01-14 18:00:00,66.56,149.3,56.0,31.27
2021-01-14 19:00:00,54.33,149.5,56.0,30.29
2021-01-14 20:00:00,58.99,165.74,56.0,29.2
2021-01-14 21:00:00,62.55,149.85,56.0,28.36
2021-01-14 22:00:00,74.09,137.75,56.0,27.57
2021-01-14 23:00:00,79.41,134.53,56.0,26.88
2021-01-15 00:00:00,82.56,193.01,56.0,26.73
2021-01-15 01:00:00,88.97,255.25,56.0,26.18
2021-01-15 02:00:00,85.72,274.85,56.0,25.84
2021-01-15 03:00:00,85.0,229.05,56.0,25.55
2021-01-15 04:00:00,90.97,231.9,56.0,24.98
2021-01-15 05:00:00,88.59,245.0,56.0,24.68
2021-01-15 06:00:00,102.5,217.65,56.0,24.3
2021-01-15 07:00:00,117.79,217.15,56.0,24.27
2021-01-15 08:00:00,122.56,218.07,56.0,25.75
2021-01-15 09:00:00,127.27,230.97,56.0,28.21
2021-01-15 10:00:00,134.8,257.65,56.0,29.57
2021-01-15 11:00:00,140.26,254.87,56.0,31.36
2021-01-15 12:00:00,117.12,224.3,56.0,32.15
2021-01-15 13:00:00,88.35,168.6,56.0,32.02
2021-01-15 14:00:00,69.55,141.47,56.0,33.13
2021-01-15 15:00:00,43.2,118.5,56.0,33.47
2021-01-15 16:00:00,41.56,118.98,56.0,32.45
2021-01-15 17:00:00,43.7,114.47,56.0,31.35
2021-01-15 18:00:00,41.44,177.48,56.0,30.16
2021-01-15 19:00:00,49.5,191.47,56.0,28.48
2021-01-15 20:00:00,53.56,176.6,56.0,28.29
2021-01-15 21:00:00,75.25,188.51,56.0,27.76
2021-01-15 22:00:00,80.7,168.0,56.0,27.05
2021-01-15 23:00:00,69.95,148.6,56.0,25.98
2021-01-16 00:00:00,92.65,207.51,56.0,25.1
2021-01-16 01:00:00,88.5,246.4,56.0,24.7
2021-01-16 02:00:00,97.2,228.72,56.0,24.37
2021-01-16 03:00:00,95.6,199.19,56.0,24.06
2021-01-16 04:00:00,102.65,206.15,56.0,23.77
2021-01-16 05:00:00,90.4,201.95,56.0,22.91
2021-01-16 06:00:00,84.59,186.12,56.0,22.8
2021-01-16 07:00:00,109.5,197.47,56.0,22.57
2021-01-16 08:00:00,117.4,217.95,56.0,24.77
2021-01-16 09:00:00,146.9,248.51,56.0,27.51
2021-01-16 10:00:00,156.26,266.85,56.0,30.02
2021-01-16 11:00:00,131.5,244.7,56.0,31.36
2021-01-16 12:00:00,110.75,199.25,56.0,32.72
2021-01-16 13:00:00,65.36,152.73,56.0,32.91
2021-01-16 14:00:00,76.76,139.8,56.0,33.26
2021-01-16 15:00:00,68.91,136.06,56.0,33.05
2021-01-16 16:00:00,49.15,105.5,56.0,32.23
2021-01-16 17:00:00,49.41,98.85,56.0,31.25
2021-01-16 18:00:00,53.41,117.57,56.0,29.6
2021-01-16 19:00:00,65.94,154.19,56.0,28.31
2021-01-16 20:00:00,80.79,186.02,56.0,27.77
2021-01-16 21:00:00,91.53,184.4,56.0,27.27
2021-01-16 22:00:00,95.56,180.1,56.0,26.61
2021-01-16 23:00:00,104.53,242.29,56.0,26.27
2021-01-17 00:00:00,103.45,302.3,56.0,25.61
2021-01-17 01:00:00,105.56,288.66,56.0,25.31
2021-01-17 02:00:00,93.25,259.51,56.0,25.04
2021-01-17 03:00:00,87.6,222.09,56.0,24.89
2021-01-17 04:00:00,80.18,183.13,56.0,24.59
2021-01-17 05:00:00,85.82,192.98,56.0,24.11
2021-01-17 06:00:00,87.85,209.26,56.0,24.0
2021-01-17 07:00:00,93.95,198.79,56.0,23.85
2021-01-17 08:00:00,107.75,204.1,56.0,25.87
2021-01-17 09:00:00,135.58,244.1,56.0,28.2
2021-01-17 10:00:00,189.46,305.67,56.0,30.6
2021-01-17 11:00:00,180.15,314.11,56.0,31.4
2021-01-17 12:00:00,130.95,229.45,56.0,32.22
2021-01-17 13:00:00,101.75,159.0,56.0,32.61
2021-01-17 14:00:00,98.0,145.19,56.0,33.0
2021-01-17 15:00:00,72.42,132.77,56.0,32.99
2021-01-17 16:00:00,64.59,119.91,56.0,32.55
2021-01-17 17:00:00,62.3,123.4,56.0,32.02
2021-01-17 18:00:00,60.3,127.0,56.0,30.59
2021-01-17 19:00:00,65.12,134.66,56.0,29.19
2021-01-17 20:00:00,61.73,136.6,56.0,28.53
2021-01-17 21:00:00,65.27,137.38,56.0,27.76
2021-01-17 22:00:00,69.4,137.72,56.0,27.18
2021-01-17 23:00:00,68.3,141.02,56.0,26.9
2021-01-18 00:00:00,68.0,147.09,56.0,27.05
2021-01-18 01:00:00,72.27,149.09,56.0,26.74
2021-01-18 02:00:00,76.41,181.0,56.0,26.42
2021-01-18 03:00:00,82.1,196.68,56.0,26.31
2021-01-18 04:00:00,77.03,181.25,56.0,26.36
2021-01-18 05:00:00,87.05,179.55,56.0,25.87
2021-01-18 06:00:00,123.11,212.83,56.0,25.38
2021-01-18 07:00:00,124.75,221.4,56.0,25.6
2021-01-18 08:00:00,118.9,196.15,56.0,27.55
2021-01-18 09:00:00,81.45,160.64,56.0,29.84
2021-01-18 10:00:00,56.3,123.7,56.0,30.98
2021-01-18 11:00:00,62.38,156.0,56.0,32.17
2021-01-18 12:00:00,71.65,151.07,56.0,32.16
2021-01-18 13:00:00,73.0,168.87,56.0,32.156666666666666
2021-01-18 14:00:00,61.1,171.13,56.0,32.15333333333333
2021-01-18 15:00:00,62.41,150.88,56.0,32.15
2021-01-18 16:00:00,58.75,135.15,56.0,32.14666666666666
2021-01-18 17:00:00,47.8,131.93,56.0,32.14333333333333
2021-01-18 18:00:00,39.18,141.47,56.0,32.14
2021-01-18 19:00:00,40.55,145.45,56.0,32.13666666666666
2021-01-18 20:00:00,51.23,146.09,56.0,32.13333333333333
2021-01-18 21:00:00,55.55,132.77,56.0,32.129999999999995
2021-01-18 22:00:00,56.85,115.53,56.0,32.126666666666665
2021-01-18 23:00:00,61.25,178.31,56.0,32.12333333333333
2021-01-19 00:00:00,75.6,250.42,56.0,32.12
2021-01-19 01:00:00,75.45,242.0,56.0,32.11666666666667
2021-01-19 02:00:00,83.5,222.62,56.0,32.11333333333333
2021-01-19 03:00:00,114.75,250.74,56.0,32.11
2021-01-19 04:00:00,102.09,330.63,56.0,32.10666666666666
2021-01-19 05:00:00,80.3,306.05,56.0,32.10333333333333
2021-01-19 06:00:00,88.09,225.47,56.0,32.099999999999994
2021-01-19 07:00:00,84.03,193.96,56.0,32.096666666666664
2021-01-19 08:00:00,91.5,204.8,56.0,32.093333333333334
2021-01-19 09:00:00,102.35,252.8,56.0,32.089999999999996
2021-01-19 10:00:00,122.7,271.5,56.0,32.086666666666666
2021-01-19 11:00:00,145.55,280.87,56.0,32.08333333333333
2021-01-19 12:00:00,133.65,270.35,56.0,32.08
2021-01-19 13:00:00,118.25,234.03,56.0,32.07666666666667
2021-01-19 14:00:00,84.45,178.96,56.0,32.07333333333333
2021-01-19 15:00:00,106.2,190.97,56.0,32.07
2021-01-19 16:00:00,116.97,220.79,56.0,32.06666666666666
2021-01-19 17:00:00,99.3,187.19,56.0,32.06333333333333
2021-01-19 18:00:00,89.2,168.56,56.0,32.06
2021-01-19 19:00:00,76.95,194.53,56.0,32.056666666666665
2021-01-19 20:00:00,92.85,232.06,56.0,32.053333333333335
2021-01-19 21:00:00,109.64,239.85,56.0,32.05
2021-01-19 22:00:00,112.85,240.02,56.0,32.04666666666667
2021-01-19 23:00:00,116.39,283.85,56.0,32.04333333333333
2021-01-20 00:00:00,117.85,351.0,56.0,32.04
2021-01-20 01:00:00,115.45,362.47,56.0,32.03666666666667
2021-01-20 02:00:00,110.75,301.41,56.0,32.03333333333333
2021-01-20 03:00:00,110.85,228.15,56.0,32.03
2021-01-20 04:00:00,111.85,233.76,56.0,32.026666666666664
2021-01-20 05:00:00,129.0,257.88,56.0,32.02333333333333
2021-01-20 06:00:00,128.59,241.06,56.0,32.019999999999996
2021-01-20 07:00:00,124.6,225.46,56.0,32.016666666666666
2021-01-20 08:00:00,136.75,235.31,56.0,32.013333333333335
2021-01-20 09:00:00,143.25,254.08,56.0,32.01
2021-01-20 10:00:00,123.53,232.09,56.0,32.00666666666667
2021-01-20 11:00:00,109.77,227.06,56.0,32.00333333333333
2021-01-20 12:00:00,109.7,229.96,56.0,32.0
2021-01-20 13:00:00,101.47,207.5,56.0,31.996666666666666
2021-01-20 14:00:00,70.25,149.58,56.0,31.993333333333332
2021-01-20 15:00:00,61.6,134.0,56.0,31.990000000000002
2021-01-20 16:00:00,42.3,127.55,56.0,31.986666666666668
2021-01-20 17:00:00,23.0,91.9,56.0,31.983333333333334
2021-01-20 18:00:00,39.2,117.02,56.0,31.98
2021-01-20 19:00:00,42.85,126.2,56.0,31.976666666666667
2021-01-20 20:00:00,46.4,126.65,56.0,31.973333333333333
2021-01-20 21:00:00,58.05,142.38,56.0,31.97
2021-01-20 22:00:00,68.5,147.09,56.0,31.96666666666667
2021-01-20 23:00:00,74.27,181.21,56.0,31.963333333333335
2021-01-21 00:00:00,78.4,249.0,56.0,31.96
2021-01-21 01:00:00,79.85,244.62,56.0,31.956666666666667
2021-01-21 02:00:00,80.85,250.85,56.0,31.953333333333333
2021-01-21 03:00:00,69.95,239.85,56.0,31.950000000000003
2021-01-21 04:00:00,72.25,222.22,56.0,31.94666666666667
2021-01-21 05:00:00,72.15,258.21,56.0,31.943333333333335
2021-01-21 06:00:00,102.6,262.73,56.0,31.94
2021-01-21 07:00:00,108.85,236.1,56.0,31.936666666666667
2021-01-21 08:00:00,133.65,267.39,56.0,31.933333333333334
2021-01-21 09:00:00,158.4,319.98,56.0,31.93
2021-01-21 10:00:00,158.6,307.81,56.0,31.92666666666667
2021-01-21 11:00:00,147.8,272.7,56.0,31.923333333333336
2021-01-21 12:00:00,122.12,216.84,56.0,31.92
2021-01-21 13:00:00,89.95,203.0,56.0,32.81
2021-01-21 14:00:00,74.8,179.84,56.0,32.56
2021-01-21 15:00:00,114.81,188.16,56.0,32.4
2021-01-21 16:00:00,84.6,164.99,56.0,32.58
2021-01-21 17:00:00,60.15,136.72,56.0,31.87
2021-01-21 18:00:00,62.1,137.7,56.0,29.96
2021-01-21 19:00:00,84.25,207.31,56.0,28.56
2021-01-21 20:00:00,122.85,259.96,56.0,27.94
2021-01-21 21:00:00,134.95,235.77,56.0,27.21
2021-01-21 22:00:00,136.85,213.06,56.0,26.62
2021-01-21 23:00:00,137.85,214.89,56.0,25.62
2021-01-22 00:00:00,150.75,258.85,56.0,24.77
2021-01-22 01:00:00,148.75,314.27,56.0,24.28
2021-01-22 02:00:00,136.95,302.62,56.0,23.93
2021-01-22 03:00:00,126.5,261.0,56.0,23.45
2021-01-22 04:00:00,134.32,248.09,56.0,23.05
2021-01-22 05:00:00,130.88,233.68,56.0,22.8
2021-01-22 06:00:00,133.41,219.36,56.0,22.4
2021-01-22 07:00:00,145.05,229.49,56.0,22.45
2021-01-22 08:00:00,170.8,264.59,56.0,24.04
2021-01-22 09:00:00,201.35,325.75,56.0,26.98
2021-01-22 10:00:00,239.15,369.94,56.0,29.59
2021-01-22 11:00:00,239.9,372.43,56.0,30.73
2021-01-22 12:00:00,195.65,347.3,56.0,32.36
2021-01-22 13:00:00,164.2,311.4,56.0,34.06
2021-01-22 14:00:00,134.5,253.62,56.0,34.31
2021-01-22 15:00:00,128.3,221.74,56.0,34.14
2021-01-22 16:00:00,126.31,236.04,56.0,33.78
2021-01-22 17:00:00,120.9,233.41,56.0,32.31
2021-01-22 18:00:00,113.2,214.79,56.0,30.66
2021-01-22 19:00:00,114.55,251.23,56.0,29.48
2021-01-22 20:00:00,145.6,288.09,56.0,28.59
2021-01-22 21:00:00,154.4,274.23,56.0,27.55
2021-01-22 22:00:00,160.1,257.64,56.0,27.34
2021-01-22 23:00:00,166.95,345.47,56.0,26.92
2021-01-23 00:00:00,169.7,390.97,56.0,26.45
2021-01-23 01:00:00,164.05,360.62,56.0,26.16
2021-01-23 02:00:00,157.05,327.45,56.0,25.66
2021-01-23 03:00:00,139.85,281.11,56.0,25.19
2021-01-23 04:00:00,134.45,262.45,56.0,24.74
2021-01-23 05:00:00,140.8,275.07,56.0,24.58
2021-01-23 06:00:00,148.8,297.98,56.0,24.35
2021-01-23 07:00:00,161.9,296.57,56.0,24.19
2021-01-23 08:00:00,189.5,321.3,56.0,25.67
2021-01-23 09:00:00,215.25,367.51,56.0,28.06
2021-01-23 10:00:00,236.0,387.99,56.0,30.73
2021-01-23 11:00:00,229.68,388.62,56.0,31.63
2021-01-23 12:00:00,198.25,358.57,56.0,33.14
2021-01-23 13:00:00,181.1,308.14,56.0,35.35
2021-01-23 14:00:00,114.4,203.42,56.0,36.5
2021-01-23 15:00:00,103.85,193.4,56.0,35.33
2021-01-23 16:00:00,131.2,215.95,56.0,35.8
2021-01-23 17:00:00,100.3,196.1,56.0,33.88
2021-01-23 18:00:00,94.0,202.99,56.0,31.51
2021-01-23 19:00:00,85.53,188.87,56.0,30.32
2021-01-23 20:00:00,78.9,157.75,56.0,29.22
2021-01-23 21:00:00,73.75,163.51,56.0,27.98
2021-01-23 22:00:00,70.45,165.39,56.0,27.44
2021-01-23 23:00:00,98.0,178.37,56.0,27.09
2021-01-24 00:00:00,106.0,273.0,56.0,25.67
2021-01-24 01:00:00,103.0,237.34,56.0,25.09
2021-01-24 02:00:00,103.6,234.56,56.0,24.916666666666668
2021-01-24 03:00:00,104.2,231.78,56.0,24.743333333333332
2021-01-24 04:00:00,104.8,229.0,56.0,24.57
2021-01-24 05:00:00,107.4,244.6,56.0,25.596
2021-01-24 06:00:00,110.0,260.2,56.0,26.622
2021-01-24 07:00:00,118.66666666666667,275.8,56.0,27.648
2021-01-24 08:00:00,127.33333333333333,291.4,56.0,28.674
2021-01-24 09:00:00,136.0,307.0,56.0,29.7
2021-01-24 10:00:00,147.05,280.19,56.0,30.5
2021-01-24 11:00:00,134.55,264.57,56.0,31.8
2021-01-24 12:00:00,120.95,268.91,56.0,33.65
2021-01-24 13:00:00,88.5,202.88,56.0,34.19
2021-01-24 14:00:00,75.35,150.64,56.0,33.85
2021-01-24 15:00:00,68.05,150.91,56.0,33.75
2021-01-24 16:00:00,56.8,139.06,56.0,34.22
2021-01-24 17:00:00,72.79,177.0,56.0,32.78
2021-01-24 18:00:00,63.25,184.8,56.0,30.62
2021-01-24 19:00:00,48.25,146.53,56.0,29.53
2021-01-24 20:00:00,57.05,145.27,56.0,28.96
2021-01-24 21:00:00,67.5,169.23,56.0,27.74
2021-01-24 22:00:00,87.76,194.12,56.0,27.13
2021-01-24 23:00:00,94.4,215.32,56.0,26.0
2021-01-25 00:00:00,95.0,239.55,56.0,25.42
2021-01-25 01:00:00,101.8,241.34,56.0,24.84
2021-01-25 02:00:00,86.0,217.03,56.0,24.43
2021-01-25 03:00:00,99.1,218.92,56.0,23.65
2021-01-25 04:00:00,108.8,252.78,56.0,23.2
2021-01-25 05:00:00,120.2,270.45,56.0,23.08
2021-01-25 06:00:00,113.5,276.53,56.0,22.57
2021-01-25 07:00:00,114.55,285.27,56.0,22.61
2021-01-25 08:00:00,120.93,288.55,56.0,24.48
2021-01-25 09:00:00,126.27,316.22,56.0,27.39
2021-01-25 10:00:00,130.4,335.73,56.0,29.49
2021-01-25 11:00:00,128.45,328.1,56.0,30.82
2021-01-25 12:00:00,102.5,316.92,56.0,32.34
2021-01-25 13:00:00,88.65,270.0,56.0,32.83
2021-01-25 14:00:00,85.3,259.0,56.0,33.81
2021-01-25 15:00:00,93.5,275.32,56.0,32.95
2021-01-25 16:00:00,82.25,245.94,56.0,33.16
2021-01-25 17:00:00,68.95,218.48,56.0,31.52
2021-01-25 18:00:00,67.0,215.66,56.0,29.46
2021-01-25 19:00:00,81.4,249.77,56.0,28.36
2021-01-25 20:00:00,97.56,286.07,56.0,27.59
2021-01-25 21:00:00,111.02,290.47,56.0,27.09
2021-01-25 22:00:00,107.07,258.73,56.0,26.12
2021-01-25 23:00:00,106.85,228.25,56.0,25.18
2021-01-26 00:00:00,107.0,264.39,56.0,24.7
2021-01-26 01:00:00,110.39,309.87,56.0,24.06
2021-01-26 02:00:00,122.05,369.82,56.0,23.57
2021-01-26 03:00:00,124.84,362.18,56.0,23.31
2021-01-26 04:00:00,129.26,302.86,56.0,22.88
2021-01-26 05:00:00,133.4,296.35,56.0,22.48
2021-01-26 06:00:00,124.68,291.39,56.0,22.11
2021-01-26 07:00:00,130.62,278.36,56.0,22.09
2021-01-26 08:00:00,135.4,288.98,56.0,23.75
2021-01-26 09:00:00,164.9,311.52,56.0,26.59
2021-01-26 10:00:00,153.85,313.29,56.0,29.32
2021-01-26 11:00:00,147.61,310.36,56.0,29.98
2021-01-26 12:00:00,141.05,304.2,56.0,31.09
2021-01-26 13:00:00,134.05,270.95,56.0,32.47
2021-01-26 14:00:00,112.6,245.65,56.0,31.88
2021-01-26 15:00:00,92.0,224.58,56.0,32.97
2021-01-26 16:00:00,80.53,181.55,56.0,32.26
2021-01-26 17:00:00,66.29,174.33,56.0,30.5
2021-01-26 18:00:00,77.6,190.19,56.0,28.45
2021-01-26 19:00:00,81.69,195.27,56.0,27.2
2021-01-26 20:00:00,90.5,201.53,56.0,26.66
2021-01-26 21:00:00,103.94,211.08,56.0,25.98
2021-01-26 22:00:00,111.95,237.23,56.0,24.93
2021-01-26 23:00:00,108.75,252.37,56.0,24.18
2021-01-27 00:00:00,110.54,247.19,56.0,23.66
2021-01-27 01:00:00,111.85,231.48,56.0,23.48
2021-01-27 02:00:00,142.6,249.85,56.0,23.0
2021-01-27 03:00:00,138.68,248.95,56.0,23.14
2021-01-27 04:00:00,129.38,231.27,56.0,22.45
2021-01-27 05:00:00,133.1,227.43,56.0,22.02
2021-01-27 06:00:00,128.05,225.27,56.0,21.52
2021-01-27 07:00:00,143.1,242.7,56.0,21.43
2021-01-27 08:00:00,141.75,253.91,56.0,23.48
2021-01-27 09:00:00,146.08,264.98,56.0,26.66
2021-01-27 10:00:00,147.85,283.21,56.0,28.74
2021-01-27 11:00:00,153.93,276.87,56.0,29.95
2021-01-27 12:00:00,126.95,244.22,56.0,31.34
2021-01-27 13:00:00,87.27,200.95,56.0,32.04
2021-01-27 14:00:00,110.75,206.13,56.0,32.09
2021-01-27 15:00:00,86.35,206.21,56.0,33.46
2021-01-27 16:00:00,81.0,182.83,56.0,32.9
2021-01-27 17:00:00,75.9,168.94,56.0,32.0
2021-01-27 18:00:00,76.69,174.92,56.0,29.23
2021-01-27 19:00:00,77.85,199.16,56.0,27.63
2021-01-27 20:00:00,99.25,231.69,56.0,26.48
2021-01-27 21:00:00,114.02,234.3,56.0,25.16
2021-01-27 22:00:00,106.65,211.66,56.0,25.04
2021-01-27 23:00:00,127.1,273.78,56.0,24.8
2021-01-28 00:00:00,136.08,344.5,56.0,24.23
2021-01-28 01:00:00,127.65,385.4,56.0,23.67
2021-01-28 02:00:00,130.24,376.42,56.0,23.32
2021-01-28 03:00:00,131.85,340.88,56.0,22.78
2021-01-28 04:00:00,125.22,304.51,56.0,22.48
2021-01-28 05:00:00,126.55,260.53,56.0,22.14
2021-01-28 06:00:00,143.1,254.8,56.0,21.69
2021-01-28 07:00:00,155.35,274.19,56.0,21.52
2021-01-28 08:00:00,183.35,298.15,56.0,23.5
2021-01-28 09:00:00,195.62,333.53,56.0,26.07
2021-01-28 10:00:00,208.05,379.68,56.0,28.63
2021-01-28 11:00:00,229.55,413.49,56.0,30.21
2021-01-28 12:00:00,207.58,382.17,56.0,31.77
2021-01-28 13:00:00,116.3,276.68,56.0,32.08
2021-01-28 14:00:00,124.8,239.32,56.0,32.33
2021-01-28 15:00:00,119.68,220.43,56.0,32.98
2021-01-28 16:00:00,91.73,176.48,56.0,33.22
2021-01-28 17:00:00,67.52,157.29,56.0,31.89
2021-01-28 18:00:00,70.78,161.5,56.0,29.09
2021-01-28 19:00:00,73.69,174.09,56.0,27.17
2021-01-28 20:00:00,104.5,194.6,56.0,26.36
2021-01-28 21:00:00,114.25,204.43,56.0,25.41
2021-01-28 22:00:00,120.93,193.01,56.0,24.14
2021-01-28 23:00:00,121.15,230.47,56.0,23.83
2021-01-29 00:00:00,132.11,303.92,56.0,23.66
2021-01-29 01:00:00,130.61,312.59,56.0,23.24
2021-01-29 02:00:00,134.24,299.53,56.0,22.99
2021-01-29 03:00:00,120.6,272.88,56.0,22.67
2021-01-29 04:00:00,106.1,229.67,56.0,22.15
2021-01-29 05:00:00,98.92,199.21,56.0,21.68
2021-01-29 06:00:00,107.32,197.52,56.0,21.27
2021-01-29 07:00:00,125.15,218.89,56.0,21.5
2021-01-29 08:00:00,134.8,239.38,56.0,23.44
2021-01-29 09:00:00,154.7,276.77,56.0,25.66
2021-01-29 10:00:00,160.72,300.0,56.0,27.68
2021-01-29 11:00:00,161.4,304.9,56.0,30.05
2021-01-29 12:00:00,151.62,307.91,56.0,32.26
2021-01-29 13:00:00,115.15,248.2,56.0,33.13
2021-01-29 14:00:00,93.7,193.56,56.0,33.68
2021-01-29 15:00:00,92.7,209.65,56.0,33.26
2021-01-29 16:00:00,105.75,218.29,56.0,32.31
2021-01-29 17:00:00,101.22,232.23,56.0,31.85
2021-01-29 18:00:00,92.38,236.93,56.0,30.1
2021-01-29 19:00:00,104.56,240.7,56.0,28.41
2021-01-29 20:00:00,116.32,288.93,56.0,27.2
2021-01-29 21:00:00,119.69,285.96,56.0,26.32
2021-01-29 22:00:00,134.45,330.04,56.0,25.89
2021-01-29 23:00:00,137.0,378.48,56.0,25.12
2021-01-30 00:00:00,127.68,359.83,56.0,24.91
2021-01-30 01:00:00,132.78,367.15,56.0,24.29
2021-01-30 02:00:00,127.2,349.6,56.0,23.72
2021-01-30 03:00:00,130.24,341.79,56.0,23.37
2021-01-30 04:00:00,141.2,321.52,56.0,23.07
2021-01-30 05:00:00,143.85,287.57,56.0,22.65
2021-01-30 06:00:00,145.69,271.57,56.0,22.07
2021-01-30 07:00:00,157.86,260.92,56.0,21.98
2021-01-30 08:00:00,171.01,280.58,56.0,24.1
2021-01-30 09:00:00,203.5,333.21,56.0,27.04
2021-01-30 10:00:00,217.5,364.76,56.0,30.86
2021-01-30 11:00:00,199.58,355.65,56.0,31.87
2021-01-30 12:00:00,160.3,302.36,56.0,34.47
2021-01-30 13:00:00,114.9,244.86,56.0,34.88
2021-01-30 14:00:00,97.8,189.42,56.0,36.09
2021-01-30 15:00:00,52.79,122.7,56.0,35.46
2021-01-30 16:00:00,61.1,109.79,56.0,35.5
2021-01-30 17:00:00,46.15,113.75,56.0,33.24
2021-01-30 18:00:00,49.78,123.42,56.0,30.73
2021-01-30 19:00:00,65.45,154.25,56.0,29.34
2021-01-30 20:00:00,74.78,169.09,56.0,28.34
2021-01-30 21:00:00,88.71,202.67,56.0,26.84
2021-01-30 22:00:00,94.4,237.08,56.0,26.13
2021-01-30 23:00:00,104.35,272.4,56.0,25.45
2021-01-31 00:00:00,103.47,318.19,56.0,24.51
2021-01-31 01:00:00,113.17,346.87,56.0,24.28
2021-01-31 02:00:00,109.07,335.86,56.0,24.15
2021-01-31 03:00:00,96.95,286.33,56.0,23.63
2021-01-31 04:00:00,96.69,239.4,56.0,23.25
2021-01-31 05:00:00,102.08,217.56,56.0,22.96
2021-01-31 06:00:00,110.62,216.27,56.0,22.45
2021-01-31 07:00:00,150.12,275.33,56.0,22.3
2021-01-31 08:00:00,162.07,325.72,56.0,23.93
2021-01-31 09:00:00,167.25,303.5,56.0,26.44
2021-01-31 10:00:00,163.75,288.47,56.0,31.11
2021-01-31 11:00:00,159.61,281.08,56.0,31.63
2021-01-31 12:00:00,117.35,237.42,56.0,33.05
2021-01-31 13:00:00,96.44,195.93,56.0,34.69
2021-01-31 14:00:00,94.85,167.5,56.0,35.48
2021-01-31 15:00:00,74.67,156.08,56.0,33.95
2021-01-31 16:00:00,69.3,157.0,56.0,33.99
2021-01-31 17:00:00,63.9,155.91,56.0,31.88
2021-01-31 18:00:00,63.0,156.63,56.0,30.52
2021-01-31 19:00:00,61.3,147.66,56.0,29.61
2021-01-31 20:00:00,61.85,139.54,56.0,28.71
2021-01-31 21:00:00,67.95,159.6,56.0,27.35
2021-01-31 22:00:00,89.4,219.56,56.0,27.17
2021-01-31 23:00:00,94.69,252.19,56.0,26.38
2021-02-01 00:00:00,84.83,225.71,56.0,25.62
2021-02-01 01:00:00,82.15,183.13,56.0,25.62
2021-02-01 02:00:00,78.61,181.33,56.0,25.29
2021-02-01 03:00:00,100.88,215.5,56.0,24.84
2021-02-01 04:00:00,122.79,227.1,56.0,25.09
2021-02-01 05:00:00,137.01,226.81,56.0,24.74
2021-02-01 06:00:00,139.0,227.28,56.0,24.41
2021-02-01 07:00:00,144.93,242.33,56.0,24.37
2021-02-01 08:00:00,172.35,287.88,56.0,25.86
2021-02-01 09:00:00,178.69,323.8,56.0,28.95
2021-02-01 10:00:00,170.5,313.49,56.0,32.42
2021-02-01 11:00:00,148.6,286.62,56.0,34.74
2021-02-01 12:00:00,111.96,235.08,56.0,35.44
2021-02-01 13:00:00,84.82,164.61,56.0,35.96
2021-02-01 14:00:00,66.6,139.35,56.0,37.4
2021-02-01 15:00:00,55.53,116.32,56.0,37.36
2021-02-01 16:00:00,63.35,128.67,56.0,35.34
2021-02-01 17:00:00,90.42,182.38,56.0,33.69
2021-02-01 18:00:00,92.46,208.44,56.0,31.95
2021-02-01 19:00:00,94.54,198.92,56.0,30.88
2021-02-01 20:00:00,82.29,179.5,56.0,30.43
2021-02-01 21:00:00,92.71,191.5,56.0,29.63
2021-02-01 22:00:00,105.17,211.55,56.0,28.45
2021-02-01 23:00:00,116.35,287.68,56.0,27.93
2021-02-02 00:00:00,141.5,473.96,56.0,28.12
2021-02-02 01:00:00,136.68,466.42,56.0,27.67
2021-02-02 02:00:00,135.85,339.33,56.0,26.94
2021-02-02 03:00:00,132.61,306.04,56.0,26.55
2021-02-02 04:00:00,147.3,295.58,56.0,25.86
2021-02-02 05:00:00,144.07,287.73,56.0,25.42
2021-02-02 06:00:00,157.4,289.9,56.0,25.23
2021-02-02 07:00:00,160.0,289.65,56.0,25.12
2021-02-02 08:00:00,164.24,288.17,56.0,27.51
2021-02-02 09:00:00,148.9,261.69,56.0,30.85
2021-02-02 10:00:00,96.86,194.12,56.0,32.86
2021-02-02 11:00:00,69.36,157.0,56.0,34.85
2021-02-02 12:00:00,50.75,137.5,56.0,35.46
2021-02-02 13:00:00,39.53,95.41,56.0,36.15
2021-02-02 14:00:00,40.54,64.79,56.0,37.39
2021-02-02 15:00:00,38.46,60.0,56.0,37.65
2021-02-02 16:00:00,26.14,63.5,56.0,37.75
2021-02-02 17:00:00,29.93,72.71,56.0,36.08
2021-02-02 18:00:00,50.55,141.52,56.0,32.0
2021-02-02 19:00:00,70.1,198.99,56.0,30.83
2021-02-02 20:00:00,86.56,196.38,56.0,29.79
2021-02-02 21:00:00,87.31,191.08,56.0,29.25
2021-02-02 22:00:00,95.47,197.99,56.0,27.91
2021-02-02 23:00:00,93.6,226.83,56.0,27.23
2021-02-03 00:00:00,105.71,327.71,56.0,26.7
2021-02-03 01:00:00,116.44,396.0,56.0,26.15
2021-02-03 02:00:00,107.83,333.93,56.0,25.72
2021-02-03 03:00:00,105.15,278.21,56.0,25.09
2021-02-03 04:00:00,99.92,235.8,56.0,25.05
2021-02-03 05:00:00,105.8,194.33,56.0,25.04
2021-02-03 06:00:00,107.85,182.1,56.0,24.27
2021-02-03 07:00:00,119.02,200.75,56.0,23.7
2021-02-03 08:00:00,137.05,250.33,56.0,25.68
2021-02-03 09:00:00,184.9,343.71,56.0,28.67
2021-02-03 10:00:00,223.5,380.96,56.0,31.17
2021-02-03 11:00:00,145.97,279.5,56.0,32.88
2021-02-03 12:00:00,103.04,218.5,56.0,35.64
2021-02-03 13:00:00,67.52,206.0,56.0,35.4
2021-02-03 14:00:00,59.46,161.88,56.0,34.88
2021-02-03 15:00:00,64.93,143.46,56.0,34.54
2021-02-03 16:00:00,60.07,125.67,56.0,33.38
2021-02-03 17:00:00,49.68,124.54,56.0,32.68
2021-02-03 18:00:00,52.23,156.04,56.0,31.41
2021-02-03 19:00:00,59.78,189.84,56.0,29.95
2021-02-03 20:00:00,66.1,178.0,56.0,28.77
2021-02-03 21:00:00,73.78,182.68,56.0,28.25
2021-02-03 22:00:00,88.56,231.54,56.0,27.69
2021-02-03 23:00:00,87.61,254.0,56.0,26.98
2021-02-04 00:00:00,98.82,300.0,56.0,26.59
2021-02-04 01:00:00,129.81,321.08,56.0,26.16
2021-02-04 02:00:00,114.67,278.22,56.0,25.42
2021-02-04 03:00:00,100.83,251.33,56.0,24.81
2021-02-04 04:00:00,101.54,224.5,56.0,24.7
2021-02-04 05:00:00,114.71,217.25,56.0,24.21
2021-02-04 06:00:00,116.15,235.83,56.0,23.68
2021-02-04 07:00:00,142.35,270.05,56.0,23.42
2021-02-04 08:00:00,137.68,287.75,56.0,25.08
2021-02-04 09:00:00,163.11,302.33,56.0,28.62
2021-02-04 10:00:00,145.97,287.6,56.0,31.21
2021-02-04 11:00:00,123.36,257.04,56.0,32.94
2021-02-04 12:00:00,93.65,198.38,56.0,33.64
2021-02-04 13:00:00,83.92,167.08,56.0,35.09
2021-02-04 14:00:00,60.12,169.75,56.0,34.89
2021-02-04 15:00:00,69.51,168.5,56.0,34.09
2021-02-04 16:00:00,85.56,190.33,56.0,33.78
2021-02-04 17:00:00,88.85,234.33,56.0,33.34
2021-02-04 18:00:00,86.45,247.54,56.0,31.15
2021-02-04 19:00:00,91.91,256.94,56.0,29.76
2021-02-04 20:00:00,100.62,304.49,56.0,28.39
2021-02-04 21:00:00,116.39,280.71,56.0,27.65
2021-02-04 22:00:00,119.0,314.83,56.0,27.11
2021-02-04 23:00:00,131.71,323.21,56.0,26.4
2021-02-05 00:00:00,130.61,301.66,56.0,25.98
2021-02-05 01:00:00,133.39,341.12,56.0,25.52
2021-02-05 02:00:00,127.22,367.12,56.0,25.78
2021-02-05 03:00:00,131.07,321.19,56.0,25.53
2021-02-05 04:00:00,127.77,235.62,56.0,24.75
2021-02-05 05:00:00,127.85,255.44,56.0,24.28
2021-02-05 06:00:00,134.78,336.93,56.0,23.7
2021-02-05 07:00:00,137.69,324.21,56.0,23.49
2021-02-05 08:00:00,148.17,375.11,56.0,26.08
2021-02-05 09:00:00,163.6,367.29,56.0,28.32
2021-02-05 10:00:00,141.43,275.64,56.0,30.22
2021-02-05 11:00:00,130.22,251.67,56.0,31.3
2021-02-05 12:00:00,116.29,250.71,56.0,32.48
2021-02-05 13:00:00,93.67,213.46,56.0,34.4
2021-02-05 14:00:00,58.65,178.38,56.0,33.67
2021-02-05 15:00:00,65.55,201.38,56.0,34.26
2021-02-05 16:00:00,60.38,191.12,56.0,32.76
2021-02-05 17:00:00,47.98,138.46,56.0,31.5
2021-02-05 18:00:00,39.22,122.0,56.0,30.74
2021-02-05 19:00:00,44.76,125.82,56.0,29.77
2021-02-05 20:00:00,51.93,131.04,56.0,29.42
2021-02-05 21:00:00,56.39,139.72,56.0,27.73
2021-02-05 22:00:00,65.44,179.92,56.0,26.49
2021-02-05 23:00:00,77.17,202.25,56.0,25.52
2021-02-06 00:00:00,82.38,179.5,56.0,25.1
2021-02-06 01:00:00,69.4,146.25,56.0,25.34
2021-02-06 02:00:00,61.92,128.63,56.0,25.03
2021-02-06 03:00:00,85.57,144.5,56.0,24.9
2021-02-06 04:00:00,77.29,145.93,56.0,24.43
2021-02-06 05:00:00,59.75,142.58,56.0,23.47
2021-02-06 06:00:00,74.73,155.47,56.0,23.16
2021-02-06 07:00:00,88.17,174.07,56.0,22.86
2021-02-06 08:00:00,116.27,245.12,56.0,25.04
2021-02-06 09:00:00,108.3,248.88,56.0,29.12
2021-02-06 10:00:00,92.4,226.33,56.0,30.22
2021-02-06 11:00:00,88.31,213.38,56.0,31.64
2021-02-06 12:00:00,79.53,175.45,56.0,34.09
2021-02-06 13:00:00,63.64,153.0,56.0,35.08
2021-02-06 14:00:00,50.83,118.62,56.0,36.14
2021-02-06 15:00:00,37.15,85.63,56.0,36.24
2021-02-06 16:00:00,42.6,101.0,56.0,36.37
2021-02-06 17:00:00,44.84,96.91,56.0,34.82
2021-02-06 18:00:00,48.39,128.12,56.0,32.16
2021-02-06 19:00:00,62.55,168.41,56.0,31.59
2021-02-06 20:00:00,86.18,209.8,56.0,30.94
2021-02-06 21:00:00,109.48,276.0,56.0,29.1
2021-02-06 22:00:00,96.9,258.08,56.0,29.33
2021-02-06 23:00:00,77.9,191.17,56.0,28.31
2021-02-07 00:00:00,68.25,162.92,56.0,27.91
2021-02-07 01:00:00,75.44,157.08,56.0,27.31
2021-02-07 02:00:00,63.34,139.5,56.0,26.35
2021-02-07 03:00:00,58.46,123.17,56.0,25.91
2021-02-07 04:00:00,54.61,114.71,56.0,25.68
2021-02-07 05:00:00,52.31,103.29,56.0,24.79
2021-02-07 06:00:00,52.85,100.46,56.0,24.2
2021-02-07 07:00:00,53.0,116.25,56.0,23.83
2021-02-07 08:00:00,66.56,153.29,56.0,26.88
2021-02-07 09:00:00,84.25,187.62,56.0,30.38
2021-02-07 10:00:00,80.25,173.46,56.0,31.3
2021-02-07 11:00:00,64.6,149.38,56.0,32.76
2021-02-07 12:00:00,61.15,145.08,56.0,34.1
2021-02-07 13:00:00,50.83,120.91,56.0,35.74
2021-02-07 14:00:00,46.47,97.12,56.0,36.28
2021-02-07 15:00:00,46.0,101.12,56.0,36.47
2021-02-07 16:00:00,39.24,97.17,56.0,36.38
2021-02-07 17:00:00,46.45,119.32,56.0,34.59
2021-02-07 18:00:00,55.62,150.9,56.0,32.38
2021-02-07 19:00:00,55.31,156.09,56.0,31.29
2021-02-07 20:00:00,57.54,150.58,56.0,29.15
2021-02-07 21:00:00,67.32,165.0,56.0,28.29
2021-02-07 22:00:00,91.86,211.62,56.0,27.79
2021-02-07 23:00:00,88.38,202.06,56.0,27.27
2021-02-08 00:00:00,81.89,168.17,56.0,26.28
2021-02-08 01:00:00,92.02,187.29,56.0,25.99
2021-02-08 02:00:00,116.03,217.29,56.0,25.61
2021-02-08 03:00:00,116.61,220.04,56.0,24.71
2021-02-08 04:00:00,121.08,216.09,56.0,23.92
2021-02-08 05:00:00,123.69,217.33,56.0,23.34
2021-02-08 06:00:00,123.15,220.3968,56.0,23.13
2021-02-08 07:00:00,151.71,223.4636,56.0,23.88
2021-02-08 08:00:00,137.51,226.53040000000001,56.0,27.34
2021-02-08 09:00:00,95.03,229.59720000000002,56.0,29.56
2021-02-08 10:00:00,73.6,232.66400000000002,56.0,31.16
2021-02-08 11:00:00,58.29,235.73080000000002,56.0,33.0
2021-02-08 12:00:00,38.21,238.79760000000002,56.0,34.36
2021-02-08 13:00:00,32.46,241.86440000000002,56.0,35.68
2021-02-08 14:00:00,36.23,244.93120000000002,56.0,36.36
2021-02-08 15:00:00,35.31,247.998,56.0,36.62
2021-02-08 16:00:00,40.08,251.0648,56.0,36.62
2021-02-08 17:00:00,45.23,254.1316,56.0,34.95
2021-02-08 18:00:00,46.84,257.1984,56.0,32.0
2021-02-08 19:00:00,46.15,260.2652,56.0,30.75
2021-02-08 20:00:00,46.0,263.332,56.0,29.64
2021-02-08 21:00:00,46.85,266.3988,56.0,28.25
2021-02-08 22:00:00,67.27,269.4656,56.0,27.41
2021-02-08 23:00:00,100.65,272.5324,56.0,26.12
2021-02-09 00:00:00,105.16,275.5992,56.0,25.82
2021-02-09 01:00:00,98.25,278.666,56.0,25.52
2021-02-09 02:00:00,89.38,281.7328,56.0,24.44
2021-02-09 03:00:00,88.85,284.7996,56.0,24.38
2021-02-09 04:00:00,95.75,287.8664,56.0,24.03
2021-02-09 05:00:00,110.56,290.9332,56.0,23.18
2021-02-09 06:00:00,169.58,294.0,56.0,22.32
2021-02-09 07:00:00,194.35,286.42,56.0,22.77
2021-02-09 08:00:00,194.47,315.75,56.0,26.42
2021-02-09 09:00:00,187.25,315.12,56.0,29.57
2021-02-09 10:00:00,115.91,214.25,56.0,31.66
2021-02-09 11:00:00,61.62,127.71,56.0,33.67
2021-02-09 12:00:00,53.16,102.61,56.0,35.39
2021-02-09 13:00:00,43.68,76.33,56.0,36.49
2021-02-09 14:00:00,34.4,75.33,56.0,36.38
2021-02-09 15:00:00,33.85,101.38,56.0,36.87
2021-02-09 16:00:00,51.85,125.62,56.0,34.76
2021-02-09 17:00:00,58.39,149.38,56.0,33.64
2021-02-09 18:00:00,60.7,155.77,56.0,31.56
2021-02-09 19:00:00,66.07,171.42,56.0,30.44
2021-02-09 20:00:00,78.82,182.15,56.0,28.75
2021-02-09 21:00:00,93.67,263.04,56.0,27.4
2021-02-09 22:00:00,99.39,307.92,56.0,27.05
2021-02-09 23:00:00,106.75,299.55,56.0,26.47
2021-02-10 00:00:00,106.31,329.78,56.0,25.88
2021-02-10 01:00:00,114.44,359.62,56.0,25.09
2021-02-10 02:00:00,116.0,327.04,56.0,24.26
2021-02-10 03:00:00,115.15,300.86,56.0,23.75
2021-02-10 04:00:00,103.14,321.5,56.0,23.23
2021-02-10 05:00:00,107.77,298.67,56.0,22.83
2021-02-10 06:00:00,122.51,250.79,56.0,22.46
2021-02-10 07:00:00,143.69,250.96,56.0,22.34
2021-02-10 08:00:00,190.33,317.38,56.0,24.93
2021-02-10 09:00:00,288.36,433.67,56.0,27.54
2021-02-10 10:00:00,252.64,427.21,56.0,30.76
2021-02-10 11:00:00,243.0,369.0,56.0,32.32
2021-02-10 12:00:00,199.66666666666666,321.0,56.0,34.06
2021-02-10 13:00:00,156.33333333333331,273.0,56.0,34.53
2021-02-10 14:00:00,113.0,260.54,56.0,34.75
2021-02-10 15:00:00,112.16,264.08,56.0,34.88
2021-02-10 16:00:00,92.58,250.41,56.0,34.74
2021-02-10 17:00:00,83.07,253.92,56.0,32.78
2021-02-10 18:00:00,84.53,228.66,56.0,30.86
2021-02-10 19:00:00,88.38,213.92,56.0,29.6
2021-02-10 20:00:00,111.03,229.04,56.0,28.72
2021-02-10 21:00:00,133.64,237.47,56.0,27.49
2021-02-10 22:00:00,141.22,298.04,56.0,26.97
2021-02-10 23:00:00,147.91,364.79,56.0,26.61
2021-02-11 00:00:00,144.78,409.71,56.0,26.0
2021-02-11 01:00:00,136.38,405.75,56.0,25.21
2021-02-11 02:00:00,129.07,348.36,56.0,24.77
2021-02-11 03:00:00,124.61,304.54,56.0,24.23
2021-02-11 04:00:00,131.62,295.62,56.0,24.0
2021-02-11 05:00:00,143.98,279.22,56.0,23.85
2021-02-11 06:00:00,167.95,276.46,56.0,23.36
2021-02-11 07:00:00,180.47,308.56,56.0,23.16
2021-02-11 08:00:00,207.4,363.83,56.0,24.89
2021-02-11 09:00:00,254.22,445.12,56.0,27.24
2021-02-11 10:00:00,259.47,465.37,56.0,30.3
2021-02-11 11:00:00,257.31,469.29,56.0,32.55
2021-02-11 12:00:00,215.62,419.0,56.0,34.42
2021-02-11 13:00:00,154.8,309.49,56.0,36.68
2021-02-11 14:00:00,97.71,219.12,56.0,37.59
2021-02-11 15:00:00,84.78,193.62,56.0,36.4
2021-02-11 16:00:00,82.31,217.85,56.0,35.63
2021-02-11 17:00:00,91.29,221.53,56.0,33.73
2021-02-11 18:00:00,82.02,218.69,56.0,31.96
2021-02-11 19:00:00,80.0,225.85,56.0,30.9
2021-02-11 20:00:00,100.27,252.09,56.0,28.8
2021-02-11 21:00:00,109.07,258.0,56.0,27.96
2021-02-11 22:00:00,117.6,335.92,56.0,27.89
2021-02-11 23:00:00,125.78,479.71,56.0,27.23
2021-02-12 00:00:00,124.47,446.84,56.0,26.57
2021-02-12 01:00:00,119.78,381.93,56.0,26.03
2021-02-12 02:00:00,131.71,360.5,56.0,25.36
2021-02-12 03:00:00,128.09,342.75,56.0,24.82
2021-02-12 04:00:00,128.69,353.34,56.0,24.21
2021-02-12 05:00:00,117.18,311.12,56.0,24.12
2021-02-12 06:00:00,125.98,279.93,56.0,23.79
2021-02-12 07:00:00,158.4,310.92,56.0,23.48
2021-02-12 08:00:00,174.17,338.96,56.0,25.36
2021-02-12 09:00:00,219.07,402.74,56.0,28.56
2021-02-12 10:00:00,248.11,465.39,56.0,30.7
2021-02-12 11:00:00,232.58,477.08,56.0,32.93
2021-02-12 12:00:00,260.33,493.12,56.0,34.37
2021-02-12 13:00:00,211.78,437.75,56.0,34.88
2021-02-12 14:00:00,164.84,328.27,56.0,34.5
2021-02-12 15:00:00,123.38,282.92,56.0,33.58
2021-02-12 16:00:00,98.42,248.5,56.0,34.13
2021-02-12 17:00:00,85.71,198.83,56.0,32.79
2021-02-12 18:00:00,64.58,179.04,56.0,30.94
2021-02-12 19:00:00,63.53,175.61,56.0,29.79
2021-02-12 20:00:00,77.56,178.32,56.0,28.58
2021-02-12 21:00:00,84.22,196.0,56.0,28.2
2021-02-12 22:00:00,85.0,186.5,56.0,26.98
2021-02-12 23:00:00,87.53,173.23,56.0,26.29
2021-02-13 00:00:00,100.67,201.8,56.0,26.17
2021-02-13 01:00:00,109.75,253.25,56.0,25.52
2021-02-13 02:00:00,128.79,341.36,56.0,25.12
2021-02-13 03:00:00,119.33,348.08,56.0,24.87
2021-02-13 04:00:00,115.31,292.0,56.0,24.27
2021-02-13 05:00:00,107.38,270.71,56.0,23.78
2021-02-13 06:00:00,127.95,274.39,56.0,23.83
2021-02-13 07:00:00,133.69,265.6,56.0,23.94
2021-02-13 08:00:00,141.62,273.92,56.0,25.54
2021-02-13 09:00:00,143.84,311.7,56.0,28.37
2021-02-13 10:00:00,168.49,323.31,56.0,31.31
2021-02-13 11:00:00,162.84,313.45,56.0,31.62
2021-02-13 12:00:00,145.8,283.83,56.0,34.19
2021-02-13 13:00:00,93.18,212.81,56.0,33.76
2021-02-13 14:00:00,106.88,213.73,56.0,34.31
2021-02-13 15:00:00,82.29,216.43,56.0,34.37
2021-02-13 16:00:00,58.42,163.79,56.0,33.44
2021-02-13 17:00:00,40.6,140.15,56.0,32.28
2021-02-13 18:00:00,44.76,150.08,56.0,30.59
2021-02-13 19:00:00,51.91,159.31,56.0,29.39
2021-02-13 20:00:00,58.93,152.67,56.0,28.76
2021-02-13 21:00:00,58.31,149.54,56.0,28.46
2021-02-13 22:00:00,66.44,146.23,56.0,27.85
2021-02-13 23:00:00,64.61,140.31,56.0,27.34
2021-02-14 00:00:00,68.22,140.68,56.0,26.78
2021-02-14 01:00:00,79.17,144.62,56.0,26.37
2021-02-14 02:00:00,86.07,174.71,56.0,25.81
2021-02-14 03:00:00,89.53,242.11,56.0,25.51
2021-02-14 04:00:00,90.85,292.0,56.0,25.18
2021-02-14 05:00:00,88.47,270.67,56.0,24.72
2021-02-14 06:00:00,98.13,232.17,56.0,24.44
2021-02-14 07:00:00,106.75,218.69,56.0,24.23
2021-02-14 08:00:00,114.77,222.0,56.0,25.82
2021-02-14 09:00:00,138.8,253.25,56.0,28.89
2021-02-14 10:00:00,154.01,286.96,56.0,31.05
2021-02-14 11:00:00,121.27,263.51,56.0,32.03
2021-02-14 12:00:00,115.0,249.63,56.0,32.61
2021-02-14 13:00:00,109.93,249.46,56.0,34.21
2021-02-14 14:00:00,99.68,201.17,56.0,33.47
2021-02-14 15:00:00,62.53,161.92,56.0,33.99
2021-02-14 16:00:00,61.07,158.23,56.0,34.0
2021-02-14 17:00:00,57.78,158.31,56.0,32.68
2021-02-14 18:00:00,60.37,162.47,56.0,31.0
2021-02-14 19:00:00,69.44,194.41,56.0,29.79
2021-02-14 20:00:00,94.57,213.75,56.0,28.99
2021-02-14 21:00:00,95.62,204.53,56.0,28.23
2021-02-14 22:00:00,91.62,190.92,56.0,27.55
2021-02-14 23:00:00,92.69,177.53,56.0,27.19
2021-02-15 00:00:00,77.01,153.77,56.0,26.55
2021-02-15 01:00:00,74.0,145.04,56.0,26.1
2021-02-15 02:00:00,93.42,194.65,56.0,25.86
2021-02-15 03:00:00,99.54,233.08,56.0,25.62
2021-02-15 04:00:00,100.84,224.28,56.0,25.24
2021-02-15 05:00:00,102.69,221.93,56.0,25.08
2021-02-15 06:00:00,103.84,217.3,56.0,24.84
2021-02-15 07:00:00,107.39,203.04,56.0,24.67
2021-02-15 08:00:00,110.53,215.78,56.0,26.27
2021-02-15 09:00:00,126.2,261.72,56.0,28.95
2021-02-15 10:00:00,113.8,264.29,56.0,29.7
2021-02-15 11:00:00,67.09,171.62,56.0,30.98
2021-02-15 12:00:00,42.95,118.73,56.0,31.39
2021-02-15 13:00:00,44.22,133.0,56.0,31.46
2021-02-15 14:00:00,37.38,118.52,56.0,32.19
2021-02-15 15:00:00,39.38,101.0,56.0,32.95
2021-02-15 16:00:00,45.02,122.0,56.0,32.4
2021-02-15 17:00:00,58.67,143.0,56.0,31.35
2021-02-15 18:00:00,81.27,165.63,56.0,29.88
2021-02-15 19:00:00,80.79,166.14,56.0,28.82
2021-02-15 20:00:00,74.07,143.5,56.0,28.23
2021-02-15 21:00:00,74.69,149.0,56.0,27.64
2021-02-15 22:00:00,78.38,150.3,56.0,27.58
2021-02-15 23:00:00,68.9,128.53,56.0,27.15
2021-02-16 00:00:00,61.11,112.15,56.0,26.9
2021-02-16 01:00:00,54.95,95.07,56.0,26.67
2021-02-16 02:00:00,43.02,95.38,56.0,26.02
2021-02-16 03:00:00,84.91,186.91,56.0,25.31
2021-02-16 04:00:00,98.07,300.65,56.0,24.96
2021-02-16 05:00:00,104.91,313.75,56.0,24.6
2021-02-16 06:00:00,106.1825,289.2975,56.0,25.685000000000002
2021-02-16 07:00:00,107.455,264.845,56.0,26.770000000000003
2021-02-16 08:00:00,108.72749999999999,240.39249999999998,56.0,27.855
2021-02-16 09:00:00,110.0,215.94,56.0,28.94
2021-02-16 10:00:00,80.44,160.88,56.0,29.38
2021-02-16 11:00:00,52.2,95.45,56.0,30.11
2021-02-16 12:00:00,49.68,113.33,56.0,30.89
2021-02-16 13:00:00,53.39,142.0,56.0,30.89
2021-02-16 14:00:00,48.93,116.44,56.0,31.76
2021-02-16 15:00:00,42.93,137.81,56.0,31.79
2021-02-16 16:00:00,41.16,174.32,56.0,31.6
2021-02-16 17:00:00,44.37,190.25,56.0,30.16
2021-02-16 18:00:00,45.84,177.05,56.0,28.74
2021-02-16 19:00:00,46.0,132.6,56.0,27.98
2021-02-16 20:00:00,52.76,114.92,56.0,27.66
2021-02-16 21:00:00,59.07,111.84,56.0,27.41
2021-02-16 22:00:00,58.31,110.0,56.0,27.31
2021-02-16 23:00:00,65.6,111.62,56.0,27.08
2021-02-17 00:00:00,64.47,111.39,56.0,26.63
2021-02-17 01:00:00,69.91,115.93,56.0,25.84
2021-02-17 02:00:00,74.38,131.24,56.0,25.58
2021-02-17 03:00:00,85.98,178.26,56.0,25.16
2021-02-17 04:00:00,90.53,218.04,56.0,24.71
2021-02-17 05:00:00,96.91,217.57,56.0,24.62
2021-02-17 06:00:00,84.53,168.89,56.0,24.67
2021-02-17 07:00:00,86.22,148.7,56.0,24.68
2021-02-17 08:00:00,108.11,166.77,56.0,26.41
2021-02-17 09:00:00,91.8,153.83,56.0,29.3
2021-02-17 10:00:00,72.01,132.49,56.0,29.28
2021-02-17 11:00:00,68.16,131.93,56.0,30.84
2021-02-17 12:00:00,70.53,154.78,56.0,32.11
2021-02-17 13:00:00,82.01,204.85,56.0,32.33
2021-02-17 14:00:00,52.02,172.49,56.0,33.0
2021-02-17 15:00:00,50.22,148.1,56.0,32.69
2021-02-17 16:00:00,45.11,142.28,56.0,32.46
2021-02-17 17:00:00,38.93,130.01,56.0,31.34
2021-02-17 18:00:00,50.77,154.93,56.0,29.92
2021-02-17 19:00:00,71.52,177.32,56.0,29.23
2021-02-17 20:00:00,89.36,190.23,56.0,28.79
2021-02-17 21:00:00,97.07,183.25,56.0,28.26
2021-02-17 22:00:00,96.31,169.61,56.0,27.66
2021-02-17 23:00:00,102.73,233.44,56.0,27.2
2021-02-18 00:00:00,109.05,352.05,56.0,26.84
2021-02-18 01:00:00,107.47,398.64,56.0,26.48
2021-02-18 02:00:00,106.16,355.2,56.0,26.16
2021-02-18 03:00:00,93.38,254.1,56.0,26.16
2021-02-18 04:00:00,91.0,178.22,56.0,26.17
2021-02-18 05:00:00,94.38,157.61,56.0,25.81
2021-02-18 06:00:00,93.31,173.48,56.0,25.38
2021-02-18 07:00:00,104.82,215.38,56.0,25.18
2021-02-18 08:00:00,116.29,257.56,56.0,26.66
2021-02-18 09:00:00,141.57,295.94,56.0,28.63
2021-02-18 10:00:00,162.89,287.54,56.0,31.61
2021-02-18 11:00:00,100.98,177.08,56.0,33.13
2021-02-18 12:00:00,87.31,127.94,56.0,34.26
2021-02-18 13:00:00,82.78,159.58,56.0,33.33
2021-02-18 14:00:00,106.49,177.19,56.0,32.84
2021-02-18 15:00:00,96.64,165.63,56.0,32.81
2021-02-18 16:00:00,78.8,140.45,56.0,31.76
2021-02-18 17:00:00,77.69,142.04,56.0,31.34
2021-02-18 18:00:00,75.47,134.45,56.0,30.52
2021-02-18 19:00:00,82.6,128.47,56.0,29.82
2021-02-18 20:00:00,104.2,421.89,56.0,24.84
2021-02-18 21:00:00,48.05,332.58,56.0,23.79
2021-02-18 22:00:00,32.86,39.53,56.0,24.63
2021-02-18 23:00:00,28.93,35.84,56.0,25.66
2021-02-19 00:00:00,25.0,32.15,56.0,25.95
2021-02-19 01:00:00,34.72,42.0,56.0,25.81
2021-02-19 02:00:00,44.05,79.13,56.0,25.61
2021-02-19 03:00:00,55.13,100.07,56.0,25.51
2021-02-19 04:00:00,42.69,81.05,56.0,25.77
2021-02-19 05:00:00,45.05,72.23,56.0,25.38
2021-02-19 06:00:00,46.0,81.47,56.0,25.2
2021-02-19 07:00:00,56.98,90.77,56.0,25.2
2021-02-19 08:00:00,61.53,100.97,56.0,27.2
2021-02-19 09:00:00,54.4,88.23,56.0,28.59
2021-02-19 10:00:00,47.09,65.0,56.0,30.59
2021-02-19 11:00:00,35.02,47.28,56.0,31.8
2021-02-19 12:00:00,37.21,42.31,56.0,32.57
2021-02-19 13:00:00,34.62,60.55,56.0,33.68
2021-02-19 14:00:00,34.0,69.41,56.0,34.78
2021-02-19 15:00:00,43.0,64.0,56.0,35.19
2021-02-19 16:00:00,44.38,62.45,56.0,35.42
2021-02-19 17:00:00,47.0,81.56,56.0,32.7
2021-02-19 18:00:00,50.38,125.08,56.0,31.19
2021-02-19 19:00:00,54.37,117.98,56.0,29.71
2021-02-19 20:00:00,60.91,105.93,56.0,28.34
2021-02-19 21:00:00,71.29,119.04,56.0,28.69
2021-02-19 22:00:00,82.29,150.69,56.0,28.44
2021-02-19 23:00:00,73.02,152.06,56.0,27.61
2021-02-20 00:00:00,70.16,140.37,56.0,26.9
2021-02-20 01:00:00,69.16,132.6,56.0,26.73
2021-02-20 02:00:00,65.63,127.39,56.0,26.45
2021-02-20 03:00:00,73.44,133.07,56.0,25.79
2021-02-20 04:00:00,64.02,105.59,56.0,25.33
2021-02-20 05:00:00,71.29,92.86,56.0,25.62
2021-02-20 06:00:00,67.93,95.42,56.0,25.0
2021-02-20 07:00:00,76.26,113.25,56.0,24.58
2021-02-20 08:00:00,88.13,148.55,56.0,27.15
2021-02-20 09:00:00,73.11,135.67,56.0,29.45
2021-02-20 10:00:00,47.2,92.98,56.0,31.25
2021-02-20 11:00:00,29.71,60.99,56.0,32.55
2021-02-20 12:00:00,24.48,43.04,51.28,33.58
2021-02-20 13:00:00,34.12,114.21,56.0,34.56
2021-02-20 14:00:00,28.43,104.02,56.0,35.11
2021-02-20 15:00:00,24.91,37.52,56.0,35.88
2021-02-20 16:00:00,28.0,40.84,56.0,35.42
2021-02-20 17:00:00,34.75,55.93,56.0,34.09
2021-02-20 18:00:00,40.22,110.96,56.0,31.42
2021-02-20 19:00:00,41.84,128.09,56.0,30.65
2021-02-20 20:00:00,47.91,108.92,56.0,30.61
2021-02-20 21:00:00,62.51,133.87,56.0,29.89
2021-02-20 22:00:00,64.16,167.26,56.0,29.91
2021-02-20 23:00:00,68.21,166.22,56.0,29.88
2021-02-21 00:00:00,60.58,140.0,56.0,29.53
2021-02-21 01:00:00,53.95,134.81,56.0,27.91
2021-02-21 02:00:00,63.13,160.63,56.0,27.0
2021-02-21 03:00:00,67.53,157.3,56.0,28.32
2021-02-21 04:00:00,48.58,101.5,56.0,29.16
2021-02-21 05:00:00,45.0,69.22,56.0,27.77
2021-02-21 06:00:00,61.87,115.11,56.0,26.12
2021-02-21 07:00:00,80.99,149.31,56.0,26.27
2021-02-21 08:00:00,95.86,165.86,56.0,28.56
2021-02-21 09:00:00,100.53,190.04,56.0,31.79
2021-02-21 10:00:00,80.8,149.24,56.0,33.54
2021-02-21 11:00:00,48.38,91.92,56.0,34.51
2021-02-21 12:00:00,41.32,73.15,56.0,35.53
2021-02-21 13:00:00,32.55,62.57,56.0,36.26
2021-02-21 14:00:00,34.37,55.38,56.0,36.93
2021-02-21 15:00:00,32.48,55.61,56.0,36.77
2021-02-21 16:00:00,39.6,53.78,56.0,36.66
2021-02-21 17:00:00,37.62,55.27,56.0,36.21
2021-02-21 18:00:00,33.63,62.0,56.0,34.35
2021-02-21 19:00:00,46.51,97.2,56.0,31.95
2021-02-21 20:00:00,54.89,127.68,56.0,31.97
2021-02-21 21:00:00,74.58,141.32,56.0,31.45
2021-02-21 22:00:00,74.62,160.7,56.0,29.95
2021-02-21 23:00:00,87.47,191.63,56.0,29.23
2021-02-22 00:00:00,85.79,205.0,56.0,28.45
2021-02-22 01:00:00,89.22,211.4,56.0,28.15
2021-02-22 02:00:00,85.78,216.07,56.0,27.61
2021-02-22 03:00:00,119.51,216.9,56.0,27.07
2021-02-22 04:00:00,128.53,222.0,56.0,26.84
2021-02-22 05:00:00,129.84,220.92,56.0,26.42
2021-02-22 06:00:00,124.93,217.85,56.0,26.3
2021-02-22 07:00:00,148.49,252.99,56.0,26.54
2021-02-22 08:00:00,161.47,275.35,56.0,29.17
2021-02-22 09:00:00,168.07,290.59,56.0,32.27
2021-02-22 10:00:00,134.49,269.18,56.0,34.34
2021-02-22 11:00:00,79.87,200.67,56.0,35.3
2021-02-22 12:00:00,49.05,121.81,56.0,35.99
2021-02-22 13:00:00,34.02,62.99,56.0,36.89
2021-02-22 14:00:00,33.68,55.9,56.0,37.69
2021-02-22 15:00:00,34.0,68.54,56.0,37.62
2021-02-22 16:00:00,45.78,96.52,56.0,36.15
2021-02-22 17:00:00,48.84,124.04,56.0,34.4
2021-02-22 18:00:00,45.62,128.32,56.0,33.48
2021-02-22 19:00:00,47.53,124.92,56.0,32.78
2021-02-22 20:00:00,42.93,118.61,56.0,31.84
2021-02-22 21:00:00,50.45,131.16,56.0,31.41
2021-02-22 22:00:00,56.21,115.98,56.0,30.78
2021-02-22 23:00:00,50.27,88.93,56.0,29.8
2021-02-23 00:00:00,50.68,96.04,56.0,29.26
2021-02-23 01:00:00,66.18,154.73,56.0,28.7
2021-02-23 02:00:00,84.15,287.5,56.0,28.3
2021-02-23 03:00:00,81.11,357.24,56.0,27.84
2021-02-23 04:00:00,78.31,299.18,56.0,27.44
2021-02-23 05:00:00,72.95,211.0,56.0,27.07
2021-02-23 06:00:00,66.09,137.98,56.0,26.66
2021-02-23 07:00:00,71.73,144.56,56.0,26.75
2021-02-23 08:00:00,76.37,185.47,56.0,28.47
2021-02-23 09:00:00,98.59,233.82,56.0,31.02
2021-02-23 10:00:00,139.47,258.39,56.0,32.74
2021-02-23 11:00:00,130.85,274.69,56.0,35.37
2021-02-23 12:00:00,120.42,297.55,56.0,36.38
2021-02-23 13:00:00,103.8,296.5,56.0,37.48
2021-02-23 14:00:00,88.33,245.81,56.0,37.74
2021-02-23 15:00:00,69.11,175.83,56.0,37.6
2021-02-23 16:00:00,92.93,178.02,56.0,37.32
2021-02-23 17:00:00,101.37,194.84,56.0,35.77
2021-02-23 18:00:00,75.91,170.83,56.0,34.11
2021-02-23 19:00:00,86.15,169.4,56.0,32.86
2021-02-23 20:00:00,89.84,177.32,56.0,31.6
2021-02-23 21:00:00,88.31,187.87,56.0,31.11
2021-02-23 22:00:00,105.73,220.44,56.0,30.65
2021-02-23 23:00:00,106.47,256.15,56.0,29.84
2021-02-24 00:00:00,118.58,312.82,56.0,29.3
2021-02-24 01:00:00,131.94,323.25,56.0,28.44
2021-02-24 02:00:00,132.31,343.13,56.0,28.2
2021-02-24 03:00:00,121.06,308.92,56.0,27.73
2021-02-24 04:00:00,116.47,244.64,56.0,27.24
2021-02-24 05:00:00,116.84,249.7,56.0,26.87
2021-02-24 06:00:00,118.68,274.62,56.0,26.5
2021-02-24 07:00:00,124.04,263.8,56.0,26.79
2021-02-24 08:00:00,125.84,246.85,56.0,28.52
2021-02-24 09:00:00,168.08,331.95,56.0,31.62
2021-02-24 10:00:00,204.62,377.88,56.0,34.14
2021-02-24 11:00:00,193.17,364.0,56.0,35.88
2021-02-24 12:00:00,142.71,296.02,56.0,37.73
2021-02-24 13:00:00,107.91,206.8,56.0,38.04
2021-02-24 14:00:00,71.02,176.92,56.0,38.4
2021-02-24 15:00:00,66.68,172.68,56.0,38.35
2021-02-24 16:00:00,81.31,164.81,56.0,37.72
2021-02-24 17:00:00,77.27,167.8,56.0,36.57
2021-02-24 18:00:00,71.79,173.71,56.0,34.85
2021-02-24 19:00:00,65.93,164.07,56.0,33.58
2021-02-24 20:00:00,70.89,154.69,56.0,32.16
2021-02-24 21:00:00,75.37,189.6,56.0,31.86
2021-02-24 22:00:00,82.75,240.16,56.0,31.2
2021-02-24 23:00:00,93.26,264.6,56.0,29.63
2021-02-25 00:00:00,95.0,276.73,56.0,28.73
2021-02-25 01:00:00,105.98,280.0,56.0,28.66
2021-02-25 02:00:00,110.53,298.76,56.0,28.33
2021-02-25 03:00:00,99.25,302.13,56.0,27.86
2021-02-25 04:00:00,111.31,329.6,56.0,27.68
2021-02-25 05:00:00,102.22,306.71,56.0,27.17
2021-02-25 06:00:00,97.48,247.81,56.0,26.7
2021-02-25 07:00:00,109.62,241.68,56.0,26.92
2021-02-25 08:00:00,117.07,247.75,56.0,29.77
2021-02-25 09:00:00,123.89,244.03,56.0,32.77
2021-02-25 10:00:00,130.89,284.64,56.0,34.28
2021-02-25 11:00:00,108.43,283.18,56.0,34.85
2021-02-25 12:00:00,118.31,283.45,56.0,36.07
2021-02-25 13:00:00,95.75,265.68,56.0,36.11
2021-02-25 14:00:00,88.47,188.69,56.0,36.44
2021-02-25 15:00:00,68.64,145.74,56.0,37.4
2021-02-25 16:00:00,67.73,126.0,56.0,36.7
2021-02-25 17:00:00,57.0,114.33333333333333,56.0,34.92
2021-02-25 18:00:00,48.58,102.66666666666667,56.0,33.56
2021-02-25 19:00:00,38.55,91.0,56.0,32.62
2021-02-25 20:00:00,35.32,93.68,56.0,31.96
2021-02-25 21:00:00,40.89,128.87,56.0,30.93
2021-02-25 22:00:00,47.05,171.47,56.0,30.43
2021-02-25 23:00:00,68.2,256.38,56.0,30.05
2021-02-26 00:00:00,82.92,311.0,56.0,29.47
2021-02-26 01:00:00,81.62,320.62,56.0,29.0
2021-02-26 02:00:00,73.42,273.35,56.0,28.95
2021-02-26 03:00:00,66.93,181.94,56.0,28.58
2021-02-26 04:00:00,61.79,123.27,56.0,27.46
2021-02-26 05:00:00,64.37,165.13,56.0,26.82
2021-02-26 06:00:00,75.94,251.63,56.0,26.49
2021-02-26 07:00:00,82.21,274.71,56.0,26.45
2021-02-26 08:00:00,104.04,269.39,56.0,28.92
2021-02-26 09:00:00,97.9,225.11,56.0,31.83
2021-02-26 10:00:00,90.95,185.32,56.0,33.21
2021-02-26 11:00:00,82.42,181.93,56.0,34.01
2021-02-26 12:00:00,74.27,164.92,56.0,36.72
2021-02-26 13:00:00,48.59,144.57,56.0,35.38
2021-02-26 14:00:00,49.9,140.07,56.0,35.23
2021-02-26 15:00:00,43.42,141.0,56.0,36.86
2021-02-26 16:00:00,42.0,123.84,56.0,37.35
2021-02-26 17:00:00,37.79,123.47,56.0,35.58
2021-02-26 18:00:00,33.63,136.0,56.0,33.84
2021-02-26 19:00:00,37.21,136.53,56.0,32.75
2021-02-26 20:00:00,35.48,126.81,56.0,31.59
2021-02-26 21:00:00,36.68,116.39,56.0,30.08
2021-02-26 22:00:00,50.47,125.72,56.0,29.5
2021-02-26 23:00:00,60.56,141.43,56.0,28.91
2021-02-27 00:00:00,52.74,113.76,56.0,28.55
2021-02-27 01:00:00,42.55,74.28,56.0,27.73
2021-02-27 02:00:00,35.97,93.95,56.0,26.61
2021-02-27 03:00:00,57.8,163.5,56.0,26.04
2021-02-27 04:00:00,70.42,203.07,56.0,25.46
2021-02-27 05:00:00,76.21000000000001,184.535,56.0,25.25
2021-02-27 06:00:00,82.0,166.0,56.0,25.04
2021-02-27 07:00:00,84.75999999999999,188.25,56.0,26.105
2021-02-27 08:00:00,87.52,210.5,56.0,27.17
2021-02-27 09:00:00,105.81,237.945,56.0,30.59
2021-02-27 10:00:00,124.1,265.39,56.0,34.01
2021-02-27 11:00:00,85.6,220.04,56.0,34.85
2021-02-27 12:00:00,65.38,171.76,56.0,36.56
2021-02-27 13:00:00,55.48,152.0,56.0,36.24
2021-02-27 14:00:00,51.0,161.5,56.0,35.41
2021-02-27 15:00:00,53.0,196.0,56.0,36.62
2021-02-27 16:00:00,39.0,193.71,56.0,36.65
2021-02-27 17:00:00,42.15,187.81,56.0,36.17
2021-02-27 18:00:00,35.74,128.1,56.0,34.56
2021-02-27 19:00:00,38.0,144.0,56.0,32.15
2021-02-27 20:00:00,49.0,145.91,56.0,30.98
2021-02-27 21:00:00,50.68,154.76,56.0,30.44
2021-02-27 22:00:00,66.24,340.83,56.0,29.96
2021-02-27 23:00:00,78.62,402.93,56.0,29.08
2021-02-28 00:00:00,73.48,267.5,56.0,29.16
2021-02-28 01:00:00,60.09,210.0,56.0,29.02
2021-02-28 02:00:00,63.66,133.0,56.0,28.98
2021-02-28 03:00:00,61.95,115.9,56.0,28.58
2021-02-28 04:00:00,58.25,108.3,56.0,27.42
2021-02-28 05:00:00,78.0,194.37,56.0,26.56
2021-02-28 06:00:00,83.98,259.0,56.0,26.27
2021-02-28 07:00:00,102.0,251.56,56.0,26.79
2021-02-28 08:00:00,110.42,246.22,56.0,29.82
2021-02-28 09:00:00,154.0,475.0,56.0,32.91
2021-02-28 10:00:00,131.0,254.0,56.0,35.16
2021-02-28 11:00:00,122.0,249.96,56.0,35.7
2021-02-28 12:00:00,122.0,251.82,56.0,37.65
2021-02-28 13:00:00,92.0,209.65,56.0,39.11
2021-02-28 14:00:00,75.23,175.0,56.0,38.8
2021-02-28 15:00:00,66.27,173.63,56.0,39.48
2021-02-28 16:00:00,53.0,146.0,56.0,37.59
2021-02-28 17:00:00,57.0,155.0,56.0,36.69
2021-02-28 18:00:00,47.59,137.0,56.0,35.33
2021-02-28 19:00:00,46.84,118.7,56.0,34.22
2021-02-28 20:00:00,40.16,111.92,56.0,32.52
2021-02-28 21:00:00,47.1,133.73,56.0,31.69
2021-02-28 22:00:00,57.45,163.0,56.0,30.25
2021-02-28 23:00:00,52.24,131.53,56.0,30.04
2021-03-01 00:00:00,55.21,149.11,56.0,30.66
2021-03-01 01:00:00,67.23,199.0,56.0,29.91
2021-03-01 02:00:00,72.24,194.76,56.0,29.28
2021-03-01 03:00:00,71.39,175.5,56.0,29.25
2021-03-01 04:00:00,87.0,174.0,56.0,28.94
2021-03-01 05:00:00,95.0,144.0,56.0,28.62
2021-03-01 06:00:00,76.0,153.0,56.0,28.11
2021-03-01 07:00:00,83.0,162.0,56.0,28.0
2021-03-01 08:00:00,94.0,167.5,56.0,30.56
2021-03-01 09:00:00,94.0,174.0,56.0,33.8
2021-03-01 10:00:00,72.0,178.94,56.0,34.75
2021-03-01 11:00:00,86.0,207.41,56.0,35.91
2021-03-01 12:00:00,88.71,248.0,56.0,37.96
2021-03-01 13:00:00,81.56,216.91,56.0,37.16
2021-03-01 14:00:00,77.97,197.0,56.0,37.28
2021-03-01 15:00:00,78.68,186.93,56.0,38.52
2021-03-01 16:00:00,72.16,182.5,56.0,38.77
2021-03-01 17:00:00,64.22,195.0,56.0,37.07
2021-03-01 18:00:00,61.16,222.0,56.0,35.19
2021-03-01 19:00:00,63.0,159.0,56.0,33.83
2021-03-01 20:00:00,62.25,159.5,56.0,32.6
2021-03-01 21:00:00,72.13,174.3,56.0,31.58
2021-03-01 22:00:00,83.0,267.0,56.0,31.47
2021-03-01 23:00:00,94.62,280.0,56.0,30.44
2021-03-02 00:00:00,87.26,278.0,56.0,29.99
2021-03-02 01:00:00,88.0,326.0,56.0,29.11
2021-03-02 02:00:00,90.91,325.5,56.0,28.83
2021-03-02 03:00:00,143.23,325.0,56.0,28.7
2021-03-02 04:00:00,132.0,604.0,56.0,27.63
2021-03-02 05:00:00,107.62,533.56,56.0,27.41
2021-03-02 06:00:00,105.0,401.5,56.0,27.13
2021-03-02 07:00:00,95.91,300.0,56.0,27.46
2021-03-02 08:00:00,94.05,275.27,56.0,30.04
2021-03-02 09:00:00,112.0,273.5,56.0,32.82
2021-03-02 10:00:00,128.0,336.0,56.0,35.63
2021-03-02 11:00:00,115.73,345.0,56.0,36.76
2021-03-02 12:00:00,106.53,292.0,56.0,37.97
2021-03-02 13:00:00,74.0,253.53,56.0,37.6
2021-03-02 14:00:00,79.83,207.0,56.0,39.37
2021-03-02 15:00:00,53.23,206.52,56.0,39.7
2021-03-02 16:00:00,46.32,248.09,56.0,38.04
2021-03-02 17:00:00,33.38,179.62,56.0,36.82
2021-03-02 18:00:00,20.75,102.0,56.0,35.34
2021-03-02 19:00:00,27.78,100.0,56.0,33.9
2021-03-02 20:00:00,36.78,102.5,56.0,32.59
2021-03-02 21:00:00,47.0,112.87,56.0,30.25
2021-03-02 22:00:00,40.28,133.98,56.0,28.91
2021-03-02 23:00:00,49.0,247.0,56.0,28.98
2021-03-03 00:00:00,87.0,393.0,56.0,28.89
2021-03-03 01:00:00,86.0,315.37,56.0,28.41
2021-03-03 02:00:00,69.22,191.0,56.0,27.44
2021-03-03 03:00:00,75.56,222.5,56.0,27.38
2021-03-03 04:00:00,100.0,316.94,56.0,26.73
2021-03-03 05:00:00,99.0,341.69,56.0,26.72
2021-03-03 06:00:00,101.0,317.06,56.0,26.27
2021-03-03 07:00:00,109.88,272.5,56.0,26.92
2021-03-03 08:00:00,115.0,243.0,56.0,30.31
2021-03-03 09:00:00,122.45,277.0,56.0,32.19
2021-03-03 10:00:00,161.0,337.63,56.0,34.41
2021-03-03 11:00:00,133.0,299.63,56.0,36.27
2021-03-03 12:00:00,130.96,291.5,56.0,37.82
2021-03-03 13:00:00,113.0,276.44,56.0,40.54
2021-03-03 14:00:00,89.09,232.6,56.0,41.74
2021-03-03 15:00:00,75.27,267.0,56.0,41.16
2021-03-03 16:00:00,63.9,219.82,56.0,38.14
2021-03-03 17:00:00,77.94,207.8,56.0,36.29
2021-03-03 18:00:00,95.31,370.6,56.0,34.44
2021-03-03 19:00:00,87.75,377.5,56.0,32.56
2021-03-03 20:00:00,76.85,245.5,56.0,31.43
2021-03-03 21:00:00,85.78,232.87,56.0,30.67
2021-03-03 22:00:00,87.31,254.0,56.0,29.98
2021-03-03 23:00:00,92.42,268.94,56.0,29.59
2021-03-04 00:00:00,94.27,254.0,56.0,29.13
2021-03-04 01:00:00,91.0,164.0,56.0,28.23
2021-03-04 02:00:00,91.84,181.33,56.0,27.95
2021-03-04 03:00:00,104.3,398.66,56.0,27.94
2021-03-04 04:00:00,106.7,324.0,56.0,27.06
2021-03-04 05:00:00,124.72,474.5,56.0,26.63
2021-03-04 06:00:00,112.0,300.0,56.0,26.1
2021-03-04 07:00:00,129.34,299.365,56.0,27.950000000000003
2021-03-04 08:00:00,146.68,298.73,56.0,29.8
2021-03-04 09:00:00,180.5,348.0,56.0,33.37
2021-03-04 10:00:00,191.58,389.38,56.0,35.13
2021-03-04 11:00:00,172.92,353.0,56.0,37.73
2021-03-04 12:00:00,128.0,254.26,56.0,40.09
2021-03-04 13:00:00,87.69,224.26,56.0,40.81
2021-03-04 14:00:00,58.0,148.33,56.0,39.38
2021-03-04 15:00:00,78.2,184.72,56.0,38.57
2021-03-04 16:00:00,61.0,176.31,56.0,38.18
2021-03-04 17:00:00,51.95,150.33,56.0,37.57
2021-03-04 18:00:00,48.0,162.0,56.0,34.87
2021-03-04 19:00:00,52.2,222.27,56.0,33.28
2021-03-04 20:00:00,68.0,239.52,56.0,31.73
2021-03-04 21:00:00,82.35,287.5,56.0,30.79
2021-03-04 22:00:00,95.0,314.0,56.0,29.79
2021-03-04 23:00:00,95.69,299.5,56.0,29.25
2021-03-05 00:00:00,100.75,289.2,56.0,29.14
2021-03-05 01:00:00,103.0,366.0,56.0,28.14
2021-03-05 02:00:00,98.22,366.0,56.0,28.13
2021-03-05 03:00:00,94.0,268.47,56.0,27.04
2021-03-05 04:00:00,89.94,245.5,56.0,26.88
2021-03-05 05:00:00,100.0,246.33,56.0,26.39
2021-03-05 06:00:00,106.0,253.0,56.0,26.2
2021-03-05 07:00:00,109.0,278.5,56.0,26.55
2021-03-05 08:00:00,150.0,311.03,56.0,29.7
2021-03-05 09:00:00,211.44,387.67,56.0,32.24
2021-03-05 10:00:00,229.71,449.73,56.0,35.7
2021-03-05 11:00:00,191.57,373.65,56.0,37.97
2021-03-05 12:00:00,71.0,107.0,56.0,38.75
2021-03-05 13:00:00,80.49,183.0,56.0,38.59
2021-03-05 14:00:00,83.32,259.0,56.0,37.68
2021-03-05 15:00:00,107.41,210.0,56.0,37.31
2021-03-05 16:00:00,85.07,175.13,56.0,37.81
2021-03-05 17:00:00,50.0,156.56,56.0,36.86
2021-03-05 18:00:00,46.64,170.33,56.0,34.12
2021-03-05 19:00:00,46.84,169.2,56.0,32.19
2021-03-05 20:00:00,46.16,141.92,56.0,31.27
2021-03-05 21:00:00,48.71,140.5,56.0,30.42
2021-03-05 22:00:00,62.0,210.0,56.0,29.41
2021-03-05 23:00:00,59.48,211.61,56.0,29.14
2021-03-06 00:00:00,64.87,203.93,56.0,28.58
2021-03-06 01:00:00,62.63,170.93,56.0,28.93
2021-03-06 02:00:00,76.26,161.465,56.0,28.5
2021-03-06 03:00:00,82.41,152.0,56.0,28.37
2021-03-06 04:00:00,84.0,168.4,56.0,27.73
2021-03-06 05:00:00,88.98,180.0,56.0,27.56
2021-03-06 06:00:00,101.36,247.42,56.0,26.86
2021-03-06 07:00:00,97.0,195.57,56.0,27.48
2021-03-06 08:00:00,91.53,180.0,56.0,29.49
2021-03-06 09:00:00,88.16,243.88,56.0,31.57
2021-03-06 10:00:00,90.71,272.5,56.0,32.17
2021-03-06 11:00:00,75.0,177.0,56.0,33.44
2021-03-06 12:00:00,84.26,172.73,56.0,34.35
2021-03-06 13:00:00,81.25,154.5,56.0,35.01
2021-03-06 14:00:00,66.42,133.5,56.0,34.71
2021-03-06 15:00:00,64.84,132.31,56.0,34.56
2021-03-06 16:00:00,61.0,144.37,56.0,34.69
2021-03-06 17:00:00,59.32,140.4,56.0,34.63
2021-03-06 18:00:00,43.9,145.33,56.0,32.86
2021-03-06 19:00:00,36.0,154.17,56.0,31.79
2021-03-06 20:00:00,34.64,147.5,56.0,31.06
2021-03-06 21:00:00,38.03,143.0,56.0,30.56
2021-03-06 22:00:00,45.0,129.5,56.0,29.55
2021-03-06 23:00:00,50.03,165.87,56.0,29.09
2021-03-07 00:00:00,46.0,151.0,56.0,28.54
2021-03-07 01:00:00,46.68,175.5,56.0,27.85
2021-03-07 02:00:00,57.91,194.67,56.0,27.32
2021-03-07 03:00:00,56.455,179.33499999999998,56.0,26.85
2021-03-07 04:00:00,55.0,164.0,56.0,26.38
2021-03-07 05:00:00,55.84,151.2,56.0,26.05
2021-03-07 06:00:00,64.0,184.0,56.0,25.59
2021-03-07 07:00:00,77.42,206.93,56.0,25.96
2021-03-07 08:00:00,85.42,244.0,56.0,28.48
2021-03-07 09:00:00,154.0,400.0,56.0,32.01
2021-03-07 10:00:00,149.81,352.0,56.0,32.99
2021-03-07 11:00:00,135.0,273.16,56.0,35.45
2021-03-07 12:00:00,83.0,230.84,56.0,37.66
2021-03-07 13:00:00,47.77,113.4,56.0,38.25
2021-03-07 14:00:00,51.0,99.15,56.0,39.35
2021-03-07 15:00:00,28.0,86.63,56.0,39.08
2021-03-07 16:00:00,19.0,67.71,56.0,38.37
2021-03-07 17:00:00,19.0,64.5,56.0,36.81
2021-03-07 18:00:00,20.37,69.5,56.0,34.92
2021-03-07 19:00:00,24.0,85.73,56.0,33.11
2021-03-07 20:00:00,24.84,93.0,56.0,32.16
2021-03-07 21:00:00,29.79,101.0,56.0,30.06
2021-03-07 22:00:00,38.78,140.0,56.0,28.8
2021-03-07 23:00:00,46.2,139.53,56.0,27.79
2021-03-08 00:00:00,60.42,183.97,56.0,27.91
2021-03-08 01:00:00,71.39,215.53,56.0,28.03
2021-03-08 02:00:00,62.0,167.8,56.0,27.56
2021-03-08 03:00:00,113.25,197.5,56.0,26.79
2021-03-08 04:00:00,134.0,251.97,56.0,26.14
2021-03-08 05:00:00,124.0,251.4,56.0,26.04
2021-03-08 06:00:00,117.0,227.47,56.0,25.59
2021-03-08 07:00:00,126.23,232.0,56.0,25.71
2021-03-08 08:00:00,153.0,271.87,56.0,28.95
2021-03-08 09:00:00,185.64,333.0,56.0,32.41
2021-03-08 10:00:00,200.16,371.13,56.0,33.35
2021-03-08 11:00:00,140.0,285.0,56.0,35.52
2021-03-08 12:00:00,127.91,236.0,56.0,36.75
2021-03-08 13:00:00,94.0,187.0,56.0,37.98
2021-03-08 14:00:00,74.7,173.13,56.0,37.57
2021-03-08 15:00:00,51.0,134.0,56.0,38.11
2021-03-08 16:00:00,41.51,129.0,56.0,38.61
2021-03-08 17:00:00,36.16,132.53,56.0,36.4
2021-03-08 18:00:00,31.8,149.6,56.0,34.2
2021-03-08 19:00:00,40.0,156.93,56.0,33.02
2021-03-08 20:00:00,41.83,150.0,56.0,31.82
2021-03-08 21:00:00,53.0,170.2,56.0,30.41
2021-03-08 22:00:00,53.84,162.33,56.0,29.77
2021-03-08 23:00:00,59.87,173.73,56.0,29.14
2021-03-09 00:00:00,72.0,386.0,56.0,29.12
2021-03-09 01:00:00,66.97,278.83,56.0,29.08
2021-03-09 02:00:00,49.22,141.33,56.0,28.73
2021-03-09 03:00:00,32.58,85.33,56.0,28.2
2021-03-09 04:00:00,33.36,133.0,56.0,27.02
2021-03-09 05:00:00,86.01,259.93,56.0,26.5
2021-03-09 06:00:00,86.51,285.0,56.0,26.49
2021-03-09 07:00:00,83.68,267.93,56.0,26.66
2021-03-09 08:00:00,89.05,244.47,56.0,29.18
2021-03-09 09:00:00,95.03,263.13,56.0,31.83
2021-03-09 10:00:00,94.0,255.67,56.0,35.28
2021-03-09 11:00:00,82.22,213.8,56.0,36.45
2021-03-09 12:00:00,77.97,198.5,56.0,37.67
2021-03-09 13:00:00,73.61,175.5,56.0,39.09
2021-03-09 14:00:00,47.67,133.93,56.0,39.45
2021-03-09 15:00:00,64.0,153.79,56.0,39.17
2021-03-09 16:00:00,68.0,185.4,56.0,38.1
2021-03-09 17:00:00,54.0,158.0,56.0,36.66
2021-03-09 18:00:00,49.0,145.0,56.0,35.24
2021-03-09 19:00:00,49.68,138.5,56.0,34.28
2021-03-09 20:00:00,57.55,137.84,56.0,32.75
2021-03-09 21:00:00,65.69,167.0,56.0,31.64
2021-03-09 22:00:00,85.45,269.07,56.0,30.9
2021-03-09 23:00:00,92.36,304.8,56.0,30.82
2021-03-10 00:00:00,121.0,377.0,56.0,29.78
2021-03-10 01:00:00,111.74,405.27,56.0,29.79
2021-03-10 02:00:00,116.78,411.5,56.0,29.83
2021-03-10 03:00:00,86.33,275.13,56.0,29.64
2021-03-10 04:00:00,57.27,129.33,56.0,28.98
2021-03-10 05:00:00,47.58,109.0,56.0,28.02
2021-03-10 06:00:00,86.0,237.06,56.0,27.78
2021-03-10 07:00:00,97.78,290.84,56.0,27.56
2021-03-10 08:00:00,121.81,283.53,56.0,29.81
2021-03-10 09:00:00,129.0,305.86,56.0,32.1
2021-03-10 10:00:00,137.0,307.2,56.0,34.35
2021-03-10 11:00:00,119.765,279.1,56.0,35.855000000000004
2021-03-10 12:00:00,102.53,251.0,56.0,37.36
2021-03-10 13:00:00,78.12,203.8,56.0,36.8
2021-03-10 14:00:00,87.0,167.53,56.0,37.08
2021-03-10 15:00:00,68.0,191.0,56.0,37.34
2021-03-10 16:00:00,48.94,210.5,56.0,36.65
2021-03-10 17:00:00,54.0,544.0,56.0,35.25
2021-03-10 18:00:00,54.0,390.44,56.0,34.2
2021-03-10 19:00:00,54.84,209.87,56.0,33.14
2021-03-10 20:00:00,59.78,153.0,56.0,32.35
2021-03-10 21:00:00,62.84,154.47,56.0,30.76
2021-03-10 22:00:00,66.0,162.8,56.0,29.87
2021-03-10 23:00:00,71.0,173.76,56.0,29.91
2021-03-11 00:00:00,81.0,215.3,56.0,29.34
2021-03-11 01:00:00,81.84,201.27,56.0,29.49
2021-03-11 02:00:00,86.0,163.0,56.0,29.71
2021-03-11 03:00:00,75.93,158.5,56.0,29.19
2021-03-11 04:00:00,91.0,216.86,56.0,28.09
2021-03-11 05:00:00,108.62,307.5,56.0,27.44
2021-03-11 06:00:00,113.68,333.2,56.0,27.04
2021-03-11 07:00:00,104.77,283.27,56.0,27.28
2021-03-11 08:00:00,107.21,259.13,56.0,29.38
2021-03-11 09:00:00,127.36,264.8,56.0,32.94
2021-03-11 10:00:00,109.19,241.31,56.0,33.33
2021-03-11 11:00:00,94.06,209.0,56.0,34.43
2021-03-11 12:00:00,68.03,164.44,56.0,34.16
2021-03-11 13:00:00,48.41,125.5,56.0,35.69
2021-03-11 14:00:00,34.22,109.0,56.0,35.63
2021-03-11 15:00:00,28.95,104.75,56.0,36.04
2021-03-11 16:00:00,30.04,117.0,56.0,35.94
2021-03-11 17:00:00,27.64,131.4,56.0,34.69
2021-03-11 18:00:00,32.87,127.87,56.0,32.91
2021-03-11 19:00:00,39.03,145.73,56.0,31.5
2021-03-11 20:00:00,34.97,137.4,56.0,30.76
2021-03-11 21:00:00,33.16,101.4,56.0,30.09
2021-03-11 22:00:00,33.0,91.0,56.0,29.95
2021-03-11 23:00:00,31.32,91.38,56.0,29.99
2021-03-12 00:00:00,32.68,94.72,56.0,29.66
2021-03-12 01:00:00,32.16,91.53,56.0,28.64
2021-03-12 02:00:00,43.74,117.67,56.0,28.34
2021-03-12 03:00:00,44.32,122.95,56.0,27.57
2021-03-12 04:00:00,66.0,220.0,56.0,27.0
2021-03-12 05:00:00,59.29,237.99,56.0,26.7
2021-03-12 06:00:00,60.52,186.15,56.0,26.32
2021-03-12 07:00:00,63.0,185.0,56.0,27.02
2021-03-12 08:00:00,62.16,198.33,56.0,29.43
2021-03-12 09:00:00,85.0,207.0,56.0,32.58
2021-03-12 10:00:00,63.0,185.435,56.0,33.43
2021-03-12 11:00:00,74.71,163.87,56.0,34.28
2021-03-12 12:00:00,57.83,163.11,56.0,36.57
2021-03-12 13:00:00,51.48,151.03,56.0,37.8
2021-03-12 14:00:00,40.0,121.2,56.0,36.62
2021-03-12 15:00:00,38.32,128.6,56.0,37.26
2021-03-12 16:00:00,35.98,131.0,56.0,37.42
2021-03-12 17:00:00,32.48,127.44,56.0,36.22
2021-03-12 18:00:00,38.71,136.82,56.0,34.49
2021-03-12 19:00:00,37.0,123.9,56.0,33.47
2021-03-12 20:00:00,33.64,109.6,56.0,32.7
2021-03-12 21:00:00,37.2,108.13,56.0,31.07
2021-03-12 22:00:00,44.78,169.5,56.0,30.36
2021-03-12 23:00:00,63.0,198.5,56.0,29.74
2021-03-13 00:00:00,74.0,214.6,56.0,29.465
2021-03-13 01:00:00,65.0,230.7,56.0,29.19
2021-03-13 02:00:00,72.55,196.72,56.0,29.16
2021-03-13 03:00:00,75.0,158.3,56.0,28.69
2021-03-13 04:00:00,78.0,187.0,56.0,27.91
2021-03-13 05:00:00,87.49,187.8,56.0,27.76
2021-03-13 06:00:00,97.03,192.07,56.0,27.46
2021-03-13 07:00:00,97.32,186.0,56.0,28.45
2021-03-13 08:00:00,97.0,223.0,56.0,31.41
2021-03-13 09:00:00,94.0,219.0,56.0,34.12
2021-03-13 10:00:00,88.5,219.0,56.0,35.56
2021-03-13 11:00:00,74.81,179.78,56.0,37.44
2021-03-13 12:00:00,76.88,184.0,56.0,38.77
2021-03-13 13:00:00,70.25,182.26,56.0,39.29
2021-03-13 14:00:00,57.84,134.0,56.0,40.39
2021-03-13 15:00:00,42.0,109.44,56.0,40.16
2021-03-13 16:00:00,46.62,150.75,56.0,38.099999999999994
2021-03-13 17:00:00,61.0,192.06,56.0,36.04
2021-03-13 18:00:00,67.71,201.12,56.0,34.61
2021-03-13 19:00:00,64.79,189.74,56.0,33.31
2021-03-13 20:00:00,64.0,173.47,56.0,32.73
2021-03-13 21:00:00,67.0,215.0,56.0,31.74
2021-03-13 22:00:00,80.0,227.2,56.0,31.52
2021-03-13 23:00:00,83.36,239.4,56.0,31.3
2021-03-14 00:00:00,89.87,223.43333333333334,56.0,30.59
2021-03-14 01:00:00,83.0,207.46666666666667,56.0,29.88
2021-03-14 02:00:00,85.53,191.5,56.0,29.55
2021-03-14 03:00:00,104.33,216.06,56.0,28.87
2021-03-14 04:00:00,105.0,237.0,56.0,28.23
2021-03-14 05:00:00,100.28,381.5,56.0,28.1
2021-03-14 06:00:00,129.79,526.0,56.0,28.1
2021-03-14 07:00:00,116.0,418.75,56.0,29.4
2021-03-14 08:00:00,109.9,311.5,56.0,30.7
2021-03-14 09:00:00,120.42,294.75,56.0,33.73
2021-03-14 10:00:00,109.58,256.78,56.0,35.6
2021-03-14 11:00:00,111.0,250.0,56.0,35.23
2021-03-14 12:00:00,110.95454545454545,254.1818181818182,56.0,35.18954545454545
2021-03-14 13:00:00,110.9090909090909,258.3636363636364,56.0,35.14909090909091
2021-03-14 14:00:00,110.86363636363636,262.54545454545456,56.0,35.108636363636364
2021-03-14 15:00:00,110.81818181818181,266.72727272727275,56.0,35.06818181818181
2021-03-14 16:00:00,110.77272727272727,270.9090909090909,56.0,35.02772727272727
2021-03-14 17:00:00,110.72727272727273,275.09090909090907,56.0,34.987272727272725
2021-03-14 18:00:00,110.68181818181819,279.27272727272725,56.0,34.94681818181818
2021-03-14 19:00:00,110.63636363636364,283.45454545454544,56.0,34.906363636363636
2021-03-14 20:00:00,110.5909090909091,287.6363636363636,56.0,34.86590909090909
2021-03-14 21:00:00,110.54545454545455,291.8181818181818,56.0,34.82545454545455
2021-03-14 22:00:00,110.5,296.0,56.0,34.785
2021-03-14 23:00:00,110.45454545454545,300.1818181818182,56.0,34.74454545454545
2021-03-15 00:00:00,110.4090909090909,304.3636363636364,56.0,34.70409090909091
2021-03-15 01:00:00,110.36363636363636,308.54545454545456,56.0,34.663636363636364
2021-03-15 02:00:00,110.31818181818181,312.72727272727275,56.0,34.62318181818182
2021-03-15 03:00:00,110.27272727272727,316.9090909090909,56.0,34.582727272727276
2021-03-15 04:00:00,110.22727272727273,321.0909090909091,56.0,34.54227272727273
2021-03-15 05:00:00,110.18181818181819,325.27272727272725,56.0,34.50181818181819
2021-03-15 06:00:00,110.13636363636364,329.45454545454544,56.0,34.461363636363636
2021-03-15 07:00:00,110.0909090909091,333.6363636363636,56.0,34.42090909090909
2021-03-15 08:00:00,110.04545454545455,337.8181818181818,56.0,34.38045454545455
2021-03-15 09:00:00,110.0,342.0,56.0,34.34
2021-03-15 10:00:00,95.74,277.27,56.0,34.24
2021-03-15 11:00:00,99.78,230.5,56.0,35.66
2021-03-15 12:00:00,108.0,239.29,56.0,37.97
2021-03-15 13:00:00,94.44,227.0,56.0,38.37
2021-03-15 14:00:00,68.64,188.74,56.0,38.36
2021-03-15 15:00:00,73.39,193.98,56.0,39.61
2021-03-15 16:00:00,77.0,219.1,56.0,38.33
2021-03-15 17:00:00,68.94,205.0,56.0,37.25
2021-03-15 18:00:00,48.22,175.04,56.0,35.69
2021-03-15 19:00:00,40.94,155.0,56.0,34.86
2021-03-15 20:00:00,39.68,143.5,56.0,33.91
2021-03-15 21:00:00,46.78,163.0,56.0,32.95
2021-03-15 22:00:00,66.78,208.06,56.0,31.59
2021-03-15 23:00:00,70.0,209.19,56.0,29.72
2021-03-16 00:00:00,68.0,175.53,56.0,29.59
2021-03-16 01:00:00,76.78999999999999,228.735,56.0,29.225
2021-03-16 02:00:00,85.58,281.94,56.0,28.86
2021-03-16 03:00:00,100.0,352.44,56.0,29.49
2021-03-16 04:00:00,86.58,258.62,56.0,29.74
2021-03-16 05:00:00,87.36,233.07,56.0,28.68
2021-03-16 06:00:00,113.08,349.32,56.0,27.96
2021-03-16 07:00:00,130.77,377.0,56.0,28.66
2021-03-16 08:00:00,137.0,338.04,56.0,31.35
2021-03-16 09:00:00,134.97,326.5,56.0,34.28
2021-03-16 10:00:00,125.0,320.31,56.0,35.9
2021-03-16 11:00:00,125.0,319.0,56.0,36.95
2021-03-16 12:00:00,88.5,294.36,56.0,38.81
2021-03-16 13:00:00,52.0,269.72,56.0,37.99
2021-03-16 14:00:00,51.16,245.08,56.0,38.0
2021-03-16 15:00:00,52.68,220.44,56.0,38.97
2021-03-16 16:00:00,67.0,195.8,56.0,38.0
2021-03-16 17:00:00,71.03,199.17,56.0,37.26
2021-03-16 18:00:00,52.87,169.94,56.0,35.5
2021-03-16 19:00:00,47.66,160.0,56.0,34.38
2021-03-16 20:00:00,46.0,160.13,56.0,32.61
2021-03-16 21:00:00,51.42,178.0,56.0,31.62
2021-03-16 22:00:00,71.62,219.24,56.0,31.77
2021-03-16 23:00:00,84.23,278.89,56.0,31.8
2021-03-17 00:00:00,95.0,364.67,56.0,30.15
2021-03-17 01:00:00,83.48,401.79,56.0,30.2
2021-03-17 02:00:00,83.33,291.0,56.0,30.83
2021-03-17 03:00:00,62.08,155.0,56.0,29.66
2021-03-17 04:00:00,52.87,156.22,56.0,28.54
2021-03-17 05:00:00,121.95,263.79,56.0,27.99
2021-03-17 06:00:00,109.0,317.94,56.0,27.89
2021-03-17 07:00:00,103.98,282.51,56.0,28.54
2021-03-17 08:00:00,109.69,293.57,56.0,30.71
2021-03-17 09:00:00,123.58,327.51,56.0,32.98
2021-03-17 10:00:00,115.93,328.68,56.0,34.48
2021-03-17 11:00:00,104.965,383.06666666666666,56.0,35.61
2021-03-17 12:00:00,94.0,437.4533333333333,56.0,38.18
2021-03-17 13:00:00,73.0,491.84000000000003,56.0,40.35
2021-03-17 14:00:00,61.25,546.2266666666667,56.0,37.56
2021-03-17 15:00:00,58.16,600.6133333333333,56.0,38.53
2021-03-17 16:00:00,85.0,655.0,56.0,37.55
2021-03-17 17:00:00,71.0,406.43,56.0,36.65
2021-03-17 18:00:00,64.22,213.0,56.0,35.72
2021-03-17 19:00:00,67.1,203.0,56.0,34.75
2021-03-17 20:00:00,78.0,197.0,56.0,32.58
2021-03-17 21:00:00,93.5,254.35,56.0,32.37
2021-03-17 22:00:00,109.0,311.7,56.0,32.16
2021-03-17 23:00:00,109.0,360.47,56.0,31.44
2021-03-18 00:00:00,128.23,410.0,56.0,30.77
2021-03-18 01:00:00,119.46,433.29,56.0,30.54
2021-03-18 02:00:00,102.78,341.74,56.0,31.09
2021-03-18 03:00:00,90.0,248.16,56.0,30.39
2021-03-18 04:00:00,70.77,190.97,56.0,29.42
2021-03-18 05:00:00,66.33,192.5,56.0,29.15
2021-03-18 06:00:00,102.6,288.0,56.0,28.9
2021-03-18 07:00:00,134.22,358.65,56.0,28.8
2021-03-18 08:00:00,141.0,349.0,56.0,32.09
2021-03-18 09:00:00,136.25,393.5,56.0,32.4
2021-03-18 10:00:00,107.0,278.0,56.0,35.83
2021-03-18 11:00:00,96.93,256.25,56.0,36.03
2021-03-18 12:00:00,70.0,218.87,56.0,36.39
2021-03-18 13:00:00,80.87,186.96,56.0,36.37
2021-03-18 14:00:00,66.87,163.5,56.0,35.78
2021-03-18 15:00:00,53.98,147.52,56.0,36.93
2021-03-18 16:00:00,59.489999999999995,170.3,56.0,36.19
2021-03-18 17:00:00,65.0,193.44,56.0,35.7
2021-03-18 18:00:00,62.31,187.5,56.0,34.46
2021-03-18 19:00:00,56.0,166.85,56.0,32.49
2021-03-18 20:00:00,54.32,156.34,56.0,32.14
2021-03-18 21:00:00,51.98,177.0,56.0,31.84
2021-03-18 22:00:00,55.7,136.61,56.0,30.58
2021-03-18 23:00:00,60.71,158.5,56.0,30.5
2021-03-19 00:00:00,56.15,142.5,56.0,30.14
2021-03-19 01:00:00,45.0,104.66,56.0,29.75
2021-03-19 02:00:00,56.0,135.96,56.0,28.73
2021-03-19 03:00:00,68.425,205.39499999999998,56.0,28.46
2021-03-19 04:00:00,80.85,274.83,56.0,28.19
2021-03-19 05:00:00,81.33,279.84,56.0,27.92
2021-03-19 06:00:00,83.51,311.49,56.0,27.52
2021-03-19 07:00:00,100.0,339.68,56.0,27.77
2021-03-19 08:00:00,95.0,270.0,56.0,30.07
2021-03-19 09:00:00,107.2,271.0,56.0,32.47
2021-03-19 10:00:00,110.31,278.0,56.0,33.36
2021-03-19 11:00:00,90.0,228.45,56.0,35.91
2021-03-19 12:00:00,68.0,183.88,56.0,36.31
2021-03-19 13:00:00,53.0,167.29,56.0,36.48
2021-03-19 14:00:00,57.03,155.0,56.0,36.1
2021-03-19 15:00:00,55.64,181.0,56.0,37.41
2021-03-19 16:00:00,57.36,178.0,56.0,36.92
2021-03-19 17:00:00,55.64,191.8,56.0,36.42
2021-03-19 18:00:00,55.68,199.0,56.0,34.48
2021-03-19 19:00:00,49.27,188.5,56.0,32.72
2021-03-19 20:00:00,54.0,258.0,56.0,31.55
2021-03-19 21:00:00,56.69,246.0,56.0,30.95
2021-03-19 22:00:00,64.0,229.51,56.0,30.5
2021-03-19 23:00:00,63.16,210.17,56.0,30.3
2021-03-20 00:00:00,61.33,186.45,56.0,29.86
2021-03-20 01:00:00,55.0,172.39,56.0,29.34
2021-03-20 02:00:00,51.66,159.51,56.0,29.14
2021-03-20 03:00:00,47.66,157.31,56.0,28.74
2021-03-20 04:00:00,43.66,158.28,56.0,28.57
2021-03-20 05:00:00,41.64,161.5,56.0,27.94
2021-03-20 06:00:00,60.0,169.44,56.0,27.56
2021-03-20 07:00:00,73.38,179.308,56.0,28.83
2021-03-20 08:00:00,52.0,189.176,56.0,30.099999999999998
2021-03-20 09:00:00,49.98,199.04399999999998,56.0,31.369999999999997
2021-03-20 10:00:00,53.18,208.912,56.0,32.64
2021-03-20 11:00:00,60.0,218.78,56.0,33.91
2021-03-20 12:00:00,70.0,212.76,56.0,35.02
2021-03-20 13:00:00,54.95,223.0,56.0,34.79
2021-03-20 14:00:00,54.02,253.0,56.0,35.61
2021-03-20 15:00:00,65.03,388.25,56.0,35.55
2021-03-20 16:00:00,66.0,370.89,56.0,35.24
2021-03-20 17:00:00,62.66,268.69,56.0,34.33
2021-03-20 18:00:00,62.0,273.55,56.0,33.14
2021-03-20 19:00:00,56.0,270.78,56.0,31.62
2021-03-20 20:00:00,47.94,260.78,56.0,31.12
2021-03-20 21:00:00,51.55,233.56,56.0,30.56
2021-03-20 22:00:00,42.0,207.0,56.0,29.99
2021-03-20 23:00:00,52.0,215.0,56.0,29.34
2021-03-21 00:00:00,50.0,197.0,56.0,29.13
2021-03-21 01:00:00,51.51,204.86,56.0,28.24
2021-03-21 02:00:00,74.0,303.56,56.0,27.88
2021-03-21 03:00:00,68.98,319.67,56.0,27.52
2021-03-21 04:00:00,72.03,319.5,56.0,27.2
2021-03-21 05:00:00,81.4,404.0,56.0,27.02
2021-03-21 06:00:00,76.94,441.18,56.0,27.14
2021-03-21 07:00:00,75.51,308.27,56.0,27.41
2021-03-21 08:00:00,91.05,312.31,56.0,29.25
2021-03-21 09:00:00,118.91,329.5,56.0,31.69
2021-03-21 10:00:00,102.175,307.78,56.0,33.04
2021-03-21 11:00:00,85.44,286.06,56.0,34.39
2021-03-21 12:00:00,77.25,251.84,56.0,34.02
2021-03-21 13:00:00,70.82,215.96,56.0,35.03
2021-03-21 14:00:00,67.0,188.24,56.0,35.72
2021-03-21 15:00:00,61.98,180.58,56.0,35.78
2021-03-21 16:00:00,62.36,176.5,56.0,35.27
2021-03-21 17:00:00,57.98,168.88,56.0,34.58
2021-03-21 18:00:00,57.0,173.74,56.0,32.68
2021-03-21 19:00:00,57.84,206.59,56.0,32.05
2021-03-21 20:00:00,55.29,214.0,56.0,31.15
2021-03-21 21:00:00,55.36,185.5,56.0,30.45
2021-03-21 22:00:00,51.28,182.5,56.0,30.08
2021-03-21 23:00:00,60.0,215.0,56.0,29.36
2021-03-22 00:00:00,60.0,181.0,56.0,29.11
2021-03-22 01:00:00,55.82,163.06,56.0,28.79
2021-03-22 02:00:00,60.02,256.25,56.0,28.19
2021-03-22 03:00:00,73.54,317.43,56.0,28.24
2021-03-22 04:00:00,64.57,253.0,56.0,27.48
2021-03-22 05:00:00,62.34,221.53,56.0,26.96
2021-03-22 06:00:00,71.06,220.53,56.0,26.86
2021-03-22 07:00:00,77.0,199.11,56.0,27.62
2021-03-22 08:00:00,78.34,214.0,56.0,29.73
2021-03-22 09:00:00,95.0,248.0,56.0,32.7
2021-03-22 10:00:00,97.0,249.69,56.0,34.19
2021-03-22 11:00:00,107.0,254.89,56.0,35.23
2021-03-22 12:00:00,109.51,260.12,56.0,35.79
2021-03-22 13:00:00,104.62,246.0,56.0,37.47
2021-03-22 14:00:00,90.57,227.83,56.0,37.06
2021-03-22 15:00:00,66.0,202.11,56.0,38.1
2021-03-22 16:00:00,65.16,200.44,56.0,37.49
2021-03-22 17:00:00,63.33,183.61,56.0,36.8
2021-03-22 18:00:00,58.82,178.74,56.0,35.36
2021-03-22 19:00:00,53.0,190.0,56.0,33.21
2021-03-22 20:00:00,51.66,201.5,56.0,32.67
2021-03-22 21:00:00,62.0,209.11,56.0,32.04
2021-03-22 22:00:00,62.0,206.0,56.0,31.77
2021-03-22 23:00:00,57.0,175.78,56.0,31.14
2021-03-23 00:00:00,67.0,206.94,56.0,30.56
2021-03-23 01:00:00,77.36,231.51,56.0,30.46
2021-03-23 02:00:00,63.06,190.57,56.0,29.88
2021-03-23 03:00:00,62.02,161.0,56.0,29.09
2021-03-23 04:00:00,77.79,292.5,56.0,28.76
2021-03-23 05:00:00,100.89,366.7,56.0,28.88
2021-03-23 06:00:00,118.22,280.49,56.0,29.3
2021-03-23 07:00:00,107.66,247.72,56.0,28.99
2021-03-23 08:00:00,112.52,267.0,56.0,31.86
2021-03-23 09:00:00,134.0,324.11,56.0,34.45
2021-03-23 10:00:00,103.0,269.78,56.0,36.31
2021-03-23 11:00:00,93.01,216.0,56.0,36.72
2021-03-23 12:00:00,66.47,141.83,56.0,37.98
2021-03-23 13:00:00,67.51,147.97,56.0,39.59
2021-03-23 14:00:00,70.69,156.0,56.0,39.43
2021-03-23 15:00:00,72.0,176.0,56.0,38.4
2021-03-23 16:00:00,59.46,168.57,56.0,37.04
2021-03-23 17:00:00,50.95,161.39,56.0,36.28
2021-03-23 18:00:00,53.0,175.0,56.0,34.75
2021-03-23 19:00:00,54.34,155.5,56.0,34.33
2021-03-23 20:00:00,55.84,154.47,56.0,33.17
2021-03-23 21:00:00,50.15,155.17,56.0,32.34
2021-03-23 22:00:00,64.1,145.09,56.0,32.59
2021-03-23 23:00:00,73.69,191.64,56.0,31.46
2021-03-24 00:00:00,81.0,300.89,56.0,31.51
2021-03-24 01:00:00,148.22,400.0,56.0,31.43
2021-03-24 02:00:00,132.0,450.0,56.0,31.33
2021-03-24 03:00:00,110.0,366.11,56.0,30.52
2021-03-24 04:00:00,103.0,254.56,56.0,29.95
2021-03-24 05:00:00,106.0,259.0,56.0,29.5
2021-03-24 06:00:00,96.0,258.0,56.0,29.32
2021-03-24 07:00:00,107.43,280.5,56.0,29.91
2021-03-24 08:00:00,135.19,336.5,56.0,32.56
2021-03-24 09:00:00,151.38,343.0,56.0,35.32
2021-03-24 10:00:00,137.87,313.22,56.0,36.95
2021-03-24 11:00:00,90.65,192.5,56.0,37.83
2021-03-24 12:00:00,71.33,122.0,56.0,39.34
2021-03-24 13:00:00,51.83,99.14,56.0,41.45
2021-03-24 14:00:00,53.0,83.96,56.0,41.3
2021-03-24 15:00:00,67.38,146.62,56.0,40.21
2021-03-24 16:00:00,78.0,176.0,56.0,38.64
2021-03-24 17:00:00,76.66,169.0,56.0,37.66
2021-03-24 18:00:00,71.82,162.0,56.0,36.23
2021-03-24 19:00:00,74.41,154.5,56.0,35.28
2021-03-24 20:00:00,77.0,147.0,56.0,34.33
2021-03-24 21:00:00,90.125,261.31,56.0,33.565
2021-03-24 22:00:00,103.25,375.62,56.0,32.8
2021-03-24 23:00:00,132.0,416.53,56.0,32.56
2021-03-25 00:00:00,112.0,239.0,56.0,31.02
2021-03-25 01:00:00,111.31,241.33,56.0,30.52
2021-03-25 02:00:00,112.67,281.0,56.0,30.12
2021-03-25 03:00:00,116.0,247.59,56.0,30.13
2021-03-25 04:00:00,122.72,276.5,56.0,30.08
2021-03-25 05:00:00,117.67,241.69,56.0,30.14
2021-03-25 06:00:00,95.34,190.0,56.0,29.07
2021-03-25 07:00:00,81.0,192.33,56.0,30.36
2021-03-25 08:00:00,96.0,225.59,56.0,34.34
2021-03-25 09:00:00,81.0,222.0,56.0,37.07
2021-03-25 10:00:00,70.97,206.83,56.0,38.38
2021-03-25 11:00:00,75.0,194.0,56.0,39.46
2021-03-25 12:00:00,62.0,170.11,56.0,40.34
2021-03-25 13:00:00,60.33,145.72,56.0,41.58
2021-03-25 14:00:00,48.57,145.0,56.0,42.13
2021-03-25 15:00:00,47.66,139.5,56.0,42.12
2021-03-25 16:00:00,30.83,115.75,56.0,40.91
2021-03-25 17:00:00,17.59,83.5,56.0,40.25
2021-03-25 18:00:00,14.0,65.11,56.0,38.09
2021-03-25 19:00:00,11.5,66.0,56.0,37.19
2021-03-25 20:00:00,11.0,65.56,56.0,35.86
2021-03-25 21:00:00,25.0,99.89,56.0,33.6
2021-03-25 22:00:00,47.58,167.32,56.0,32.81
2021-03-25 23:00:00,68.14,208.99,56.0,32.14
2021-03-26 00:00:00,76.0,289.92,56.0,31.35
2021-03-26 01:00:00,82.69,256.68,56.0,31.32
2021-03-26 02:00:00,76.0,207.0,56.0,29.47
2021-03-26 03:00:00,73.31,202.0,56.0,29.33
2021-03-26 04:00:00,92.0,247.67,56.0,29.71
2021-03-26 05:00:00,93.31,258.5,56.0,28.83
2021-03-26 06:00:00,104.5,238.85,56.0,28.27
2021-03-26 07:00:00,127.9,273.64,56.0,29.19
2021-03-26 08:00:00,137.0,290.22,56.0,32.64
2021-03-26 09:00:00,137.84,288.0,56.0,33.53
2021-03-26 10:00:00,138.0,334.81,56.0,36.52
2021-03-26 11:00:00,88.0,281.89,56.0,39.22
2021-03-26 12:00:00,89.0,231.0,56.0,40.97
2021-03-26 13:00:00,78.13,208.83,56.0,41.94
2021-03-26 14:00:00,59.87,169.0,56.0,42.13
2021-03-26 15:00:00,67.95,172.75,56.0,41.48
2021-03-26 16:00:00,67.64,190.83,56.0,40.58
2021-03-26 17:00:00,55.3,182.72,56.0,38.94
2021-03-26 18:00:00,51.33,166.89,56.0,37.75
2021-03-26 19:00:00,94.33,160.11,56.0,36.85
2021-03-26 20:00:00,74.77,156.5,56.0,35.57
2021-03-26 21:00:00,55.15,185.83,56.0,33.82
2021-03-26 22:00:00,67.44,246.5,56.0,33.49
2021-03-26 23:00:00,119.48,311.36,56.0,33.23
2021-03-27 00:00:00,120.0,294.11,56.0,32.47
2021-03-27 01:00:00,113.34,255.0,56.0,32.06
2021-03-27 02:00:00,120.03,293.94,56.0,31.29
2021-03-27 03:00:00,118.66,310.66,56.0,29.29
2021-03-27 04:00:00,122.03,331.5,56.0,29.89
2021-03-27 05:00:00,125.51,331.03,56.0,29.87
2021-03-27 06:00:00,147.0,298.0,56.0,29.31
2021-03-27 07:00:00,146.0,290.35,56.0,30.31
2021-03-27 08:00:00,171.08,333.07,56.0,32.56
2021-03-27 09:00:00,204.67,386.5,56.0,35.47
2021-03-27 10:00:00,185.56,342.44,56.0,39.12
2021-03-27 11:00:00,90.0,213.11,56.0,40.8
2021-03-27 12:00:00,44.17,149.78,56.0,41.86
2021-03-27 13:00:00,34.33,83.66,56.0,43.61
2021-03-27 14:00:00,39.0,84.66,56.0,44.65
2021-03-27 15:00:00,49.0,93.34,56.0,44.89
2021-03-27 16:00:00,53.0,146.0,56.0,41.94
2021-03-27 17:00:00,72.0,189.33,56.0,39.34
2021-03-27 18:00:00,47.8,189.0,56.0,38.27
2021-03-27 19:00:00,58.0,179.89,56.0,36.76
2021-03-27 20:00:00,60.5,180.28,56.0,34.2
2021-03-27 21:00:00,63.5,278.53,56.0,33.66
2021-03-27 22:00:00,89.08,376.78,56.0,32.98
2021-03-27 23:00:00,104.1,495.5,56.0,32.52
2021-03-28 00:00:00,134.0,532.0,56.0,31.79
2021-03-28 01:00:00,147.0,520.0,56.0,30.57
2021-03-28 02:00:00,143.0,510.66,56.0,30.33
2021-03-28 03:00:00,137.0,470.0,56.0,29.21
2021-03-28 04:00:00,167.0,557.61,56.0,28.81
2021-03-28 05:00:00,164.33,664.0,56.0,28.75
2021-03-28 06:00:00,187.59,728.42,56.0,29.01
2021-03-28 07:00:00,182.0,687.08,56.0,29.8
2021-03-28 08:00:00,174.47,534.0,56.0,31.98
2021-03-28 09:00:00,164.64,461.67,56.0,33.38
2021-03-28 10:00:00,114.0,273.0,56.0,35.09
2021-03-28 11:00:00,109.82,231.31,56.0,34.73
2021-03-28 12:00:00,71.0,186.44,56.0,34.3
2021-03-28 13:00:00,51.0,140.51,56.0,34.02
2021-03-28 14:00:00,48.5,94.58,56.0,34.25
2021-03-28 15:00:00,45.49,78.58,56.0,34.2
2021-03-28 16:00:00,47.5,73.53,56.0,34.23
2021-03-28 17:00:00,45.49,68.83,56.0,33.75
2021-03-28 18:00:00,46.0,73.22,56.0,32.89
2021-03-28 19:00:00,44.33,96.5,56.0,32.36
2021-03-28 20:00:00,41.0,105.33,56.0,31.97
2021-03-28 21:00:00,43.51,116.97,56.0,31.48
2021-03-28 22:00:00,51.52,140.31,56.0,31.02
2021-03-28 23:00:00,53.0,138.44,56.0,30.61
2021-03-29 00:00:00,49.61,117.0,56.0,30.37
2021-03-29 01:00:00,50.69,104.5,56.0,30.12
2021-03-29 02:00:00,48.0,107.66,56.0,29.8
2021-03-29 03:00:00,58.75,125.5,56.0,29.41
2021-03-29 04:00:00,66.5,128.55,56.0,29.0
2021-03-29 05:00:00,68.34,121.5,56.0,28.71
2021-03-29 06:00:00,94.0,141.7,56.0,28.48
2021-03-29 07:00:00,106.66,158.5,56.0,28.92
2021-03-29 08:00:00,121.0,186.67,56.0,30.92
2021-03-29 09:00:00,132.0,197.55,56.0,34.03
2021-03-29 10:00:00,112.0,193.75,56.0,34.69
2021-03-29 11:00:00,110.69,197.0,56.0,34.8
2021-03-29 12:00:00,111.0,177.0,56.0,36.88
2021-03-29 13:00:00,91.77,167.5,56.0,36.94
2021-03-29 14:00:00,92.7,168.0,56.0,38.37
2021-03-29 15:00:00,62.39,156.97,56.0,37.31
2021-03-29 16:00:00,46.515,131.21,56.0,36.44
2021-03-29 17:00:00,30.64,105.45,56.0,35.57
2021-03-29 18:00:00,21.48,89.19,56.0,34.01
2021-03-29 19:00:00,20.67,84.0,56.0,32.88
2021-03-29 20:00:00,17.83,75.47,56.0,31.81
2021-03-29 21:00:00,17.67,70.5,56.0,31.38
2021-03-29 22:00:00,19.0,61.55,56.0,30.97
2021-03-29 23:00:00,14.0,63.55,56.0,30.71
2021-03-30 00:00:00,21.5,63.27,56.0,30.36
2021-03-30 01:00:00,18.82,56.89,56.0,30.03
2021-03-30 02:00:00,13.0,49.0,56.0,29.29
2021-03-30 03:00:00,15.0,45.66,56.0,28.89
2021-03-30 04:00:00,19.0,45.0,56.0,28.49
2021-03-30 05:00:00,22.34,44.47,56.0,28.15
2021-03-30 06:00:00,18.0,54.0,56.0,28.0
2021-03-30 07:00:00,26.0,64.56,56.0,28.89
2021-03-30 08:00:00,36.0,116.0,56.0,31.43
2021-03-30 09:00:00,40.13,116.0,56.0,32.61
2021-03-30 10:00:00,34.0,124.35,56.0,33.2
2021-03-30 11:00:00,28.15,93.39,56.0,33.73
2021-03-30 12:00:00,26.17,83.53,56.0,34.42
2021-03-30 13:00:00,28.69,88.5,56.0,34.44
2021-03-30 14:00:00,20.8,87.19,56.0,34.34
2021-03-30 15:00:00,19.0,71.55,56.0,34.62
2021-03-30 16:00:00,18.17,61.95,56.0,34.98
2021-03-30 17:00:00,15.31,60.0,56.0,35.14
2021-03-30 18:00:00,13.34,90.0,56.0,32.9
2021-03-30 19:00:00,13.0,97.92,56.0,31.73
2021-03-30 20:00:00,13.0,96.11,56.0,31.04
2021-03-30 21:00:00,18.83,89.0,56.0,30.5
2021-03-30 22:00:00,20.83,82.7,56.0,29.57
2021-03-30 23:00:00,21.0,72.8,56.0,29.15
2021-03-31 00:00:00,27.0,140.0,56.0,29.26
2021-03-31 01:00:00,26.33,113.5,56.0,28.93
2021-03-31 02:00:00,26.0,59.0,56.0,27.94
2021-03-31 03:00:00,33.5,204.14,56.0,27.63
2021-03-31 04:00:00,37.0,245.11,56.0,26.85
2021-03-31 05:00:00,32.82,131.47,56.0,26.81
2021-03-31 06:00:00,39.0,92.44,56.0,26.48
2021-03-31 07:00:00,29.8,97.81,56.0,28.12
2021-03-31 08:00:00,46.0,110.15,56.0,30.2
2021-03-31 09:00:00,45.888888888888886,109.36250000000001,56.0,31.169999999999998
2021-03-31 10:00:00,45.77777777777778,108.575,56.0,32.14
2021-03-31 11:00:00,45.666666666666664,107.7875,56.0,33.11
2021-03-31 12:00:00,45.55555555555556,107.0,56.0,34.08
2021-03-31 13:00:00,45.44444444444444,96.8,54.408,34.012
2021-03-31 14:00:00,45.333333333333336,86.6,52.816,33.944
2021-03-31 15:00:00,45.22222222222222,76.4,51.224000000000004,33.876
2021-03-31 16:00:00,45.111111111111114,66.2,49.632,33.808
2021-03-31 17:00:00,45.0,56.0,48.04,33.74
2021-03-31 18:00:00,38.0,83.0,56.0,32.68
2021-03-31 19:00:00,31.0,110.0,56.0,31.49
2021-03-31 20:00:00,24.0,110.0,56.0,30.94
2021-03-31 21:00:00,27.36,109.89,56.0,30.66
2021-03-31 22:00:00,31.0,111.0,56.0,30.07
2021-03-31 23:00:00,24.0,112.0,56.0,29.72
2021-04-01 00:00:00,29.13,124.22,56.0,29.7
2021-04-01 01:00:00,31.0,128.56,56.0,29.74
2021-04-01 02:00:00,24.34,123.5,56.0,29.7
2021-04-01 03:00:00,30.2,151.2,56.0,29.28
2021-04-01 04:00:00,36.17,217.05,56.0,28.66
2021-04-01 05:00:00,33.64,217.0,56.0,28.57
2021-04-01 06:00:00,33.0,148.0,56.0,28.59
2021-04-01 07:00:00,33.0,140.85,56.0,29.23
2021-04-01 08:00:00,37.66,138.0,56.0,30.6
2021-04-01 09:00:00,45.0,168.82,56.0,32.83
2021-04-01 10:00:00,44.0,228.0,56.0,33.45
2021-04-01 11:00:00,47.34,228.0,56.0,33.73
2021-04-01 12:00:00,45.67,210.0,56.0,33.79
2021-04-01 13:00:00,44.0,192.0,56.0,33.75
2021-04-01 14:00:00,44.66,190.5,56.0,33.89
2021-04-01 15:00:00,55.0,199.5,56.0,33.73
2021-04-01 16:00:00,52.0,200.03,56.0,33.15
2021-04-01 17:00:00,53.0,186.0,56.0,32.59
2021-04-01 18:00:00,48.83,188.62,56.0,32.26
2021-04-01 19:00:00,52.17,217.39,56.0,31.25
2021-04-01 20:00:00,59.0,197.0,56.0,30.81
2021-04-01 21:00:00,45.67,200.15,56.0,30.71
2021-04-01 22:00:00,50.52,198.78,56.0,30.52
2021-04-01 23:00:00,47.83,197.62,56.0,30.57
2021-04-02 00:00:00,49.66,222.5,56.0,30.42
2021-04-02 01:00:00,51.0,282.8,56.0,30.11
2021-04-02 02:00:00,54.0,317.0,56.0,29.96
2021-04-02 03:00:00,57.34,286.5,56.0,29.38
2021-04-02 04:00:00,60.17,280.68,56.0,28.88
2021-04-02 05:00:00,56.0,277.5,56.0,28.63
2021-04-02 06:00:00,53.0,218.2,56.0,28.45
2021-04-02 07:00:00,54.0,206.0,56.0,29.73
2021-04-02 08:00:00,58.0,273.5,56.0,31.42
2021-04-02 09:00:00,56.68,289.58,56.0,32.61
2021-04-02 10:00:00,49.0,240.56,56.0,32.98
2021-04-02 11:00:00,52.0,238.0,56.0,33.18
2021-04-02 12:00:00,49.34,228.5,56.0,33.69
2021-04-02 13:00:00,46.33,203.78,56.0,33.35
2021-04-02 14:00:00,44.33,188.42,56.0,33.39
2021-04-02 15:00:00,36.0,194.0,56.0,33.47
2021-04-02 16:00:00,47.0,195.65,56.0,33.11
2021-04-02 17:00:00,56.17,208.03,56.0,32.73
2021-04-02 18:00:00,49.34,215.5,56.0,31.97
2021-04-02 19:00:00,41.67,221.4,56.0,31.39
2021-04-02 20:00:00,45.17,209.47,56.0,31.02
2021-04-02 21:00:00,46.83,188.85,56.0,30.78
2021-04-02 22:00:00,46.16,186.0,56.0,30.48
2021-04-02 23:00:00,45.17,185.2,56.0,30.22
2021-04-03 00:00:00,42.51,172.75,56.0,29.88
2021-04-03 01:00:00,42.0,167.17,56.0,29.59
2021-04-03 02:00:00,43.0,165.5,56.0,29.31
2021-04-03 03:00:00,91.17,659.06,56.0,29.04
2021-04-03 04:00:00,84.0,717.3,56.0,28.86
2021-04-03 05:00:00,67.87,478.78,56.0,28.55
2021-04-03 06:00:00,50.66,287.0,56.0,28.15
2021-04-03 07:00:00,41.82,197.53,56.0,29.29
2021-04-03 08:00:00,43.0,183.4,56.0,32.29
2021-04-03 09:00:00,41.0,187.33,56.0,31.99
2021-04-03 10:00:00,39.67,193.0,56.0,32.19
2021-04-03 11:00:00,41.5,179.0,56.0,32.56
2021-04-03 12:00:00,44.0,171.44,56.0,32.75
2021-04-03 13:00:00,42.33,176.28,56.0,32.97
2021-04-03 14:00:00,36.17,172.6,56.0,32.86
2021-04-03 15:00:00,34.17,157.12,56.0,32.53
2021-04-03 16:00:00,33.0,145.05,56.0,32.41
2021-04-03 17:00:00,30.0,143.60000000000002,56.0,31.744999999999997
2021-04-03 18:00:00,27.0,142.15,56.0,31.08
2021-04-03 19:00:00,30.34,137.5,56.0,30.8
2021-04-03 20:00:00,32.34,122.0,56.0,30.75
2021-04-03 21:00:00,30.5,116.0,56.0,30.7
2021-04-03 22:00:00,28.33,110.22,56.0,30.65
2021-04-03 23:00:00,30.5,103.42,56.0,30.47
2021-04-04 00:00:00,32.32,129.5,56.0,30.13
2021-04-04 01:00:00,37.03,180.0,56.0,29.8
2021-04-04 02:00:00,38.34,209.0,56.0,29.57
2021-04-04 03:00:00,37.0,215.0,56.0,29.2
2021-04-04 04:00:00,47.0,290.1,56.0,28.87
2021-04-04 05:00:00,37.66,213.0,56.0,28.69
2021-04-04 06:00:00,33.0,120.85,56.0,28.5
2021-04-04 07:00:00,32.33,124.0,56.0,28.74
2021-04-04 08:00:00,39.0,128.5,56.0,30.79
2021-04-04 09:00:00,38.34,125.0,56.0,32.95
2021-04-04 10:00:00,33.0,127.35,56.0,33.23
2021-04-04 11:00:00,51.0,136.02,56.0,34.12
2021-04-04 12:00:00,55.02,164.3,56.0,34.69
2021-04-04 13:00:00,54.66,174.0,56.0,34.17
2021-04-04 14:00:00,38.2,168.5,56.0,34.56
2021-04-04 15:00:00,30.97,159.0,56.0,34.71
2021-04-04 16:00:00,31.685,151.875,56.0,34.0175
2021-04-04 17:00:00,32.4,144.75,56.0,33.325
2021-04-04 18:00:00,33.114999999999995,137.625,56.0,32.6325
2021-04-04 19:00:00,33.83,130.5,56.0,31.94
2021-04-04 20:00:00,35.34,134.5,56.0,31.59
2021-04-04 21:00:00,35.34,125.5,56.0,31.16
2021-04-04 22:00:00,31.0,115.5,56.0,30.88
2021-04-04 23:00:00,32.0,110.55,56.0,30.77
2021-04-05 00:00:00,32.32,111.0,56.0,30.67
2021-04-05 01:00:00,37.17,112.75,56.0,30.41
2021-04-05 02:00:00,33.0,108.0,56.0,30.0
2021-04-05 03:00:00,23.0,102.44,56.0,29.86
2021-04-05 04:00:00,25.0,98.0,56.0,29.79
2021-04-05 05:00:00,27.0,87.0,56.0,29.55
2021-04-05 06:00:00,26.17,83.85,56.0,29.41
2021-04-05 07:00:00,30.0,82.9,56.0,29.39
2021-04-05 08:00:00,52.0,127.3,56.0,31.83
2021-04-05 09:00:00,39.54,123.5,56.0,32.25
2021-04-05 10:00:00,39.5,121.35,56.0,33.7
2021-04-05 11:00:00,46.0,131.3,56.0,34.29
2021-04-05 12:00:00,46.66,141.0,56.0,34.03
2021-04-05 13:00:00,37.03,132.25,56.0,34.56
2021-04-05 14:00:00,73.66,119.5,56.0,36.02
2021-04-05 15:00:00,23.0,122.9,56.0,35.46
2021-04-05 16:00:00,29.64,140.0,56.0,35.83
2021-04-05 17:00:00,29.34,143.68,56.0,35.66
2021-04-05 18:00:00,28.16,140.7,56.0,34.15
2021-04-05 19:00:00,24.0,119.6,56.0,33.07
2021-04-05 20:00:00,27.34,107.2,56.0,32.69
2021-04-05 21:00:00,28.17,107.33,56.0,32.23
2021-04-05 22:00:00,32.15,102.42,56.0,31.46
2021-04-05 23:00:00,47.0,119.04,56.0,31.08
2021-04-06 00:00:00,36.2,116.25,56.0,30.45
2021-04-06 01:00:00,40.0,124.175,56.0,30.67
2021-04-06 02:00:00,41.0,132.1,56.0,29.86
2021-04-06 03:00:00,49.0,126.0,56.0,29.38
2021-04-06 04:00:00,63.87,194.72,56.0,28.64
2021-04-06 05:00:00,69.0,243.85,56.0,28.71
2021-04-06 06:00:00,65.03,226.0,56.0,28.34
2021-04-06 07:00:00,63.0,176.0,56.0,30.71
2021-04-06 08:00:00,66.33,176.0,56.0,33.59
2021-04-06 09:00:00,78.63,206.81,56.0,34.61
2021-04-06 10:00:00,85.98,226.6,56.0,35.72
2021-04-06 11:00:00,85.33,217.95,56.0,37.6
2021-04-06 12:00:00,75.86,202.0,56.0,40.08
2021-04-06 13:00:00,60.0,192.0,56.0,39.52
2021-04-06 14:00:00,43.0,178.25,56.0,39.03
2021-04-06 15:00:00,49.0,171.1,56.0,39.11
2021-04-06 16:00:00,47.33,191.29,56.0,39.53
2021-04-06 17:00:00,46.0,167.75,56.0,38.95
2021-04-06 18:00:00,38.5,145.78,56.0,36.93
2021-04-06 19:00:00,29.0,129.8,56.0,34.8
2021-04-06 20:00:00,35.0,120.5,56.0,33.84
2021-04-06 21:00:00,40.0,110.0,56.0,32.41
2021-04-06 22:00:00,40.0,100.0,56.0,32.33
2021-04-06 23:00:00,41.0,105.0,56.0,31.13
2021-04-07 00:00:00,37.0,90.0,56.0,31.24
2021-04-07 01:00:00,37.83,91.57,56.0,31.13
2021-04-07 02:00:00,32.0,94.1,56.0,30.8
2021-04-07 03:00:00,41.91,125.5,56.0,29.71
2021-04-07 04:00:00,61.12,176.47,56.0,29.2
2021-04-07 05:00:00,71.5,200.78,56.0,28.63
2021-04-07 06:00:00,66.0,204.0,56.0,28.31
2021-04-07 07:00:00,85.0,203.45,56.0,30.05
2021-04-07 08:00:00,75.0,201.0,56.0,32.47
2021-04-07 09:00:00,67.0,178.65,56.0,33.91
2021-04-07 10:00:00,57.87,156.78,56.0,35.11
2021-04-07 11:00:00,56.83,159.88,56.0,36.08
2021-04-07 12:00:00,62.0,168.57,56.0,36.5
2021-04-07 13:00:00,48.88,156.94,56.0,36.72
2021-04-07 14:00:00,44.07,145.0,56.0,37.62
2021-04-07 15:00:00,40.83,147.74,56.0,38.36
2021-04-07 16:00:00,44.34,145.0,56.0,38.25
2021-04-07 17:00:00,43.0,152.8,56.0,37.27
2021-04-07 18:00:00,43.0,160.25,56.0,34.96
2021-04-07 19:00:00,43.66,166.75,56.0,34.35
2021-04-07 20:00:00,38.19,132.65,56.0,33.48
2021-04-07 21:00:00,34.34,122.5,56.0,32.75
2021-04-07 22:00:00,36.3,118.91,56.0,31.99
2021-04-07 23:00:00,43.81,123.83,56.0,32.05
2021-04-08 00:00:00,45.0,131.09,56.0,32.0
2021-04-08 01:00:00,39.0,113.85,56.0,31.67
2021-04-08 02:00:00,33.17,89.55,56.0,31.25
2021-04-08 03:00:00,29.34,95.5,56.0,30.3
2021-04-08 04:00:00,70.36,197.21,56.0,30.02
2021-04-08 05:00:00,72.265,316.98,56.0,29.605
2021-04-08 06:00:00,74.17,436.75,56.0,29.19
2021-04-08 07:00:00,81.0,487.75,56.0,30.66
2021-04-08 08:00:00,77.46,398.0,56.0,31.43
2021-04-08 09:00:00,65.85,352.05,56.0,31.89
2021-04-08 10:00:00,54.42,271.5,56.0,32.37
2021-04-08 11:00:00,37.0,130.0,56.0,33.41
2021-04-08 12:00:00,41.7,129.0,56.0,34.11
2021-04-08 13:00:00,38.17,123.25,56.0,34.84
2021-04-08 14:00:00,35.0,117.0,56.0,33.86
2021-04-08 15:00:00,32.33,116.05,56.0,34.27
2021-04-08 16:00:00,34.66,117.0,56.0,35.32
2021-04-08 17:00:00,32.03,123.0,56.0,34.31
2021-04-08 18:00:00,34.0,121.35,56.0,33.15
2021-04-08 19:00:00,36.0,120.0,56.0,32.67
2021-04-08 20:00:00,34.0,121.5,56.0,31.62
2021-04-08 21:00:00,38.0,109.0,56.0,31.4
2021-04-08 22:00:00,32.05,108.35,56.0,31.13
2021-04-08 23:00:00,30.66,94.95,56.0,30.66
2021-04-09 00:00:00,27.04,94.0,56.0,30.4
2021-04-09 01:00:00,20.83,89.28,56.0,30.13
2021-04-09 02:00:00,27.5,113.72,56.0,29.79
2021-04-09 03:00:00,35.0,175.39,56.0,29.16
2021-04-09 04:00:00,42.94,249.0,56.0,28.76
2021-04-09 05:00:00,37.0,283.2,56.0,28.61
2021-04-09 06:00:00,32.0,101.72,56.0,28.46
2021-04-09 07:00:00,38.0,103.0,56.0,30.22
2021-04-09 08:00:00,34.68,104.05,56.0,31.45
2021-04-09 09:00:00,37.32,108.67,56.0,33.55
2021-04-09 10:00:00,38.0,117.0,56.0,33.75
2021-04-09 11:00:00,41.0,135.0,56.0,35.05
2021-04-09 12:00:00,48.48,169.99,56.0,35.95
2021-04-09 13:00:00,48.66,201.2,56.0,35.23
2021-04-09 14:00:00,46.0,182.0,56.0,37.04
2021-04-09 15:00:00,48.0,214.0,56.0,36.98
2021-04-09 16:00:00,42.0,219.99,56.0,36.11
2021-04-09 17:00:00,43.66,214.5,56.0,34.78
2021-04-09 18:00:00,44.83,207.72,56.0,33.66
2021-04-09 19:00:00,48.0,214.9,56.0,32.41
2021-04-09 20:00:00,49.98,227.0,56.0,31.91
2021-04-09 21:00:00,51.0,220.82,56.0,31.62
2021-04-09 22:00:00,44.0,204.15,56.0,31.28
2021-04-09 23:00:00,47.0,198.82,56.0,30.98
2021-04-10 00:00:00,44.0,192.64,56.0,30.88
2021-04-10 01:00:00,47.0,184.64,56.0,30.46
2021-04-10 02:00:00,45.0,180.6,56.0,30.19
2021-04-10 03:00:00,38.19,164.73,56.0,30.16
2021-04-10 04:00:00,40.34,160.76,56.0,29.51
2021-04-10 05:00:00,54.46,200.49,56.0,28.98
2021-04-10 06:00:00,56.17,211.0,56.0,29.11
2021-04-10 07:00:00,56.83,209.43,56.0,29.59
2021-04-10 08:00:00,58.0,208.0,56.0,29.96
2021-04-10 09:00:00,63.3,219.22,56.0,32.99
2021-04-10 10:00:00,66.66,222.95,56.0,33.95
2021-04-10 11:00:00,65.68,219.0,56.0,36.16
2021-04-10 12:00:00,54.2,190.93,56.0,35.91
2021-04-10 13:00:00,63.24,192.0,56.0,35.91
2021-04-10 14:00:00,56.54,201.0,56.0,36.64
2021-04-10 15:00:00,44.0,167.5,56.0,36.71
2021-04-10 16:00:00,34.0,153.36,56.0,35.5
2021-04-10 17:00:00,29.85,135.59,56.0,34.51
2021-04-10 18:00:00,34.83,122.75,56.0,33.02
2021-04-10 19:00:00,34.415,118.375,56.0,32.47
2021-04-10 20:00:00,34.0,114.0,56.0,31.92
2021-04-10 21:00:00,26.0,109.0,56.0,31.37
2021-04-10 22:00:00,32.64,103.25,56.0,31.36
2021-04-10 23:00:00,30.7,91.0,56.0,31.32
2021-04-11 00:00:00,33.0,91.0,56.0,31.09
2021-04-11 01:00:00,35.49,98.31,56.0,30.79
2021-04-11 02:00:00,46.0,108.27,56.0,30.21
2021-04-11 03:00:00,43.36,110.6,56.0,29.95
2021-04-11 04:00:00,41.34,101.69,56.0,29.9
2021-04-11 05:00:00,37.0,97.2,56.0,30.05
2021-04-11 06:00:00,36.17,103.7,56.0,29.39
2021-04-11 07:00:00,63.0,157.0,56.0,29.74
2021-04-11 08:00:00,68.34,197.69,56.0,30.23
2021-04-11 09:00:00,83.46,197.27,56.0,32.63
2021-04-11 10:00:00,84.0,189.8,56.0,36.23
2021-04-11 11:00:00,66.66,173.5,56.0,36.32
2021-04-11 12:00:00,59.0,155.0,56.0,38.73
2021-04-11 13:00:00,55.67,145.03,56.0,38.62
2021-04-11 14:00:00,61.64,159.5,56.0,38.85
2021-04-11 15:00:00,61.02,170.5,56.0,38.85
2021-04-11 16:00:00,40.0,146.25,56.0,38.25
2021-04-11 17:00:00,35.85,121.42,56.0,36.69
2021-04-11 18:00:00,29.0,109.09,56.0,34.55
2021-04-11 19:00:00,29.0,106.34,56.0,33.5
2021-04-11 20:00:00,30.66,105.1,56.0,32.97
2021-04-11 21:00:00,25.18,100.73,56.0,32.34
2021-04-11 22:00:00,26.67,95.0,56.0,32.2
2021-04-11 23:00:00,30.0,98.35,56.0,31.66
2021-04-12 00:00:00,29.0,102.0,56.0,31.33
2021-04-12 01:00:00,30.32,98.5,56.0,31.2
2021-04-12 02:00:00,31.0,88.73,56.0,31.17
2021-04-12 03:00:00,23.52,78.82,56.0,30.92
2021-04-12 04:00:00,24.51,82.83,56.0,30.38
2021-04-12 05:00:00,32.0,94.9,56.0,30.21
2021-04-12 06:00:00,30.34,95.34,56.0,30.01
2021-04-12 07:00:00,39.13,92.0,56.0,30.71
2021-04-12 08:00:00,42.66,105.12,56.0,32.42
2021-04-12 09:00:00,41.07,117.0,56.0,33.99
2021-04-12 10:00:00,43.0,99.6,56.0,34.27
2021-04-12 11:00:00,51.3,163.0,56.0,36.16
2021-04-12 12:00:00,67.0,166.0,56.0,38.03
2021-04-12 13:00:00,66.17,168.61,56.0,36.25
2021-04-12 14:00:00,56.0,163.0,56.0,38.65
2021-04-12 15:00:00,47.0,173.89,56.0,38.2
2021-04-12 16:00:00,42.0,157.0,56.0,37.69
2021-04-12 17:00:00,42.0,149.69,56.0,37.14
2021-04-12 18:00:00,37.02,136.18,56.0,36.04
2021-04-12 19:00:00,36.66,139.2,56.0,34.64
2021-04-12 20:00:00,44.27,264.0,56.0,34.1
2021-04-12 21:00:00,54.0,189.22,56.0,32.8
2021-04-12 22:00:00,62.29,156.0,56.0,32.51
2021-04-12 23:00:00,66.66,154.98,56.0,33.0
2021-04-13 00:00:00,60.38,136.12,56.0,32.88
2021-04-13 01:00:00,62.3,146.0,56.0,32.48
2021-04-13 02:00:00,73.91,346.0,56.0,32.07
2021-04-13 03:00:00,78.34,389.5,56.0,32.15
2021-04-13 04:00:00,44.06,166.37,56.0,31.84
2021-04-13 05:00:00,63.0,203.0,56.0,31.16
2021-04-13 06:00:00,76.29,214.49,56.0,30.8
2021-04-13 07:00:00,79.0,212.48,56.0,31.95
2021-04-13 08:00:00,81.0,182.0,56.0,34.61
2021-04-13 09:00:00,75.05,191.0,56.0,36.11
2021-04-13 10:00:00,78.0,207.0,56.0,36.9
2021-04-13 11:00:00,77.17,200.72,56.0,37.8
2021-04-13 12:00:00,78.98,193.0,56.0,37.47
2021-04-13 13:00:00,62.56,165.28,56.0,36.38
2021-04-13 14:00:00,45.0,126.0,56.0,37.77
2021-04-13 15:00:00,46.0,125.45,56.0,38.47
2021-04-13 16:00:00,44.34,125.52,56.0,37.19
2021-04-13 17:00:00,32.0,93.0,56.0,34.47
2021-04-13 18:00:00,27.0,111.9,56.0,33.71
2021-04-13 19:00:00,30.32,122.0,56.0,33.29
2021-04-13 20:00:00,29.34,107.12,56.0,32.73
2021-04-13 21:00:00,35.0,83.0,56.0,32.24
2021-04-13 22:00:00,31.46,83.0,56.0,32.1
2021-04-13 23:00:00,23.17,78.96,56.0,32.0
2021-04-14 00:00:00,26.32,80.61,56.0,31.94
2021-04-14 01:00:00,29.64,82.5,56.0,31.57
2021-04-14 02:00:00,35.98,86.16,56.0,31.38
2021-04-14 03:00:00,36.34,92.5,56.0,31.3
2021-04-14 04:00:00,36.83,75.0,56.0,31.03
2021-04-14 05:00:00,38.66,112.08,56.0,30.5
2021-04-14 06:00:00,42.3,135.5,56.0,30.32
2021-04-14 07:00:00,52.0,115.0,56.0,31.76
2021-04-14 08:00:00,54.49,115.53,56.0,33.01
2021-04-14 09:00:00,47.06,104.0,56.0,34.59
2021-04-14 10:00:00,36.36,99.31,56.0,36.58
2021-04-14 11:00:00,41.0,106.0,56.0,36.33
2021-04-14 12:00:00,45.0,114.0,56.0,37.135
2021-04-14 13:00:00,49.0,122.0,56.0,37.94
2021-04-14 14:00:00,53.59,124.0,56.0,38.38
2021-04-14 15:00:00,57.0,125.46,56.0,36.86
2021-04-14 16:00:00,52.0,119.61,56.0,37.35
2021-04-14 17:00:00,44.16,139.62,56.0,35.45
2021-04-14 18:00:00,42.0,106.0,56.0,33.44
2021-04-14 19:00:00,36.2,101.82,56.0,32.89
2021-04-14 20:00:00,32.51,84.35,56.0,32.41
2021-04-14 21:00:00,27.0,76.35,56.0,32.14
2021-04-14 22:00:00,26.0,81.09,56.0,31.89
2021-04-14 23:00:00,29.32,82.0,56.0,31.86
2021-04-15 00:00:00,30.83,123.91,56.0,31.49
2021-04-15 01:00:00,33.49,120.48,56.0,31.06
2021-04-15 02:00:00,34.0,105.59,56.0,30.97
2021-04-15 03:00:00,34.66,101.5,56.0,30.38
2021-04-15 04:00:00,48.22,130.13,56.0,29.95
2021-04-15 05:00:00,49.71,214.69,56.0,29.62
2021-04-15 06:00:00,46.0,120.22,56.0,29.41
2021-04-15 07:00:00,55.0,113.44,56.0,30.87
2021-04-15 08:00:00,52.0,128.99,56.0,32.73
2021-04-15 09:00:00,52.0,124.0,56.0,34.08
2021-04-15 10:00:00,44.52,104.08,56.0,35.78
2021-04-15 11:00:00,47.15,125.81,56.0,36.0
2021-04-15 12:00:00,49.66,157.0,56.0,36.17
2021-04-15 13:00:00,43.36,137.16,56.0,36.0
2021-04-15 14:00:00,38.67,106.53,56.0,35.56
2021-04-15 15:00:00,35.0,107.52,56.0,35.32
2021-04-15 16:00:00,30.02,96.07,56.0,35.16
2021-04-15 17:00:00,30.32,76.35,56.0,34.64
2021-04-15 18:00:00,35.98,86.57,56.0,33.77
2021-04-15 19:00:00,44.0,135.0,56.0,32.5
2021-04-15 20:00:00,48.0,113.77,56.0,32.12
2021-04-15 21:00:00,42.19,95.48,56.0,31.8
2021-04-15 22:00:00,38.51,87.69,56.0,31.64
2021-04-15 23:00:00,40.64,88.0,56.0,31.37
2021-04-16 00:00:00,40.34,89.61,56.0,30.85
2021-04-16 01:00:00,47.5,127.3,56.0,30.5
2021-04-16 02:00:00,55.0,342.0,56.0,30.17
2021-04-16 03:00:00,70.78,380.32,56.0,29.98
2021-04-16 04:00:00,65.0,372.88,56.0,29.35
2021-04-16 05:00:00,52.0,140.0,56.0,29.07
2021-04-16 06:00:00,55.31,129.09,56.0,28.9
2021-04-16 07:00:00,48.0,116.0,56.0,30.87
2021-04-16 08:00:00,60.0,137.56,56.0,33.05
2021-04-16 09:00:00,63.0,154.0,56.0,34.41
2021-04-16 10:00:00,69.0,158.0,56.0,34.49
2021-04-16 11:00:00,51.62,156.01,56.0,36.38
2021-04-16 12:00:00,42.0,114.0,56.0,35.04
2021-04-16 13:00:00,33.0,85.0,56.0,35.05
2021-04-16 14:00:00,25.55,81.87,56.0,35.42
2021-04-16 15:00:00,25.0,82.0,56.0,36.02
2021-04-16 16:00:00,26.66,83.05,56.0,35.71
2021-04-16 17:00:00,23.7,84.0,56.0,34.96
2021-04-16 18:00:00,30.0,84.7975,56.0,34.09
2021-04-16 19:00:00,29.17,85.595,56.0,33.22
2021-04-16 20:00:00,29.66,86.3925,56.0,32.35
2021-04-16 21:00:00,27.51,87.19,56.0,31.48
2021-04-16 22:00:00,30.3,92.0,56.0,31.34
2021-04-16 23:00:00,29.0,83.0,56.0,31.15
2021-04-17 00:00:00,30.66,78.32,56.0,30.99
2021-04-17 01:00:00,28.0,67.53,56.0,30.71
2021-04-17 02:00:00,21.0,62.1,56.0,30.51
2021-04-17 03:00:00,22.0,59.19,56.0,30.05
2021-04-17 04:00:00,26.63,67.0,56.0,29.56
2021-04-17 05:00:00,32.0,74.0,56.0,28.94
2021-04-17 06:00:00,33.66,75.04,56.0,29.0
2021-04-17 07:00:00,36.49,77.04,56.0,30.35
2021-04-17 08:00:00,38.0,98.0,56.0,31.77
2021-04-17 09:00:00,37.17,101.13,56.0,33.12
2021-04-17 10:00:00,40.3,104.36,56.0,34.24
2021-04-17 11:00:00,44.49,128.58,56.0,36.0
2021-04-17 12:00:00,50.0,123.83200000000001,56.0,36.092
2021-04-17 13:00:00,44.71,119.084,56.0,36.184
2021-04-17 14:00:00,31.0,114.33600000000001,56.0,36.276
2021-04-17 15:00:00,32.0,109.58800000000001,56.0,36.368
2021-04-17 16:00:00,31.17,104.84,56.0,36.46
2021-04-17 17:00:00,28.51,106.87,56.0,36.36
2021-04-17 18:00:00,32.59,163.0,56.0,34.91
2021-04-17 19:00:00,36.0,112.0,56.0,34.13
2021-04-17 20:00:00,33.52,114.08,56.0,33.28
2021-04-17 21:00:00,42.97,117.04,56.0,32.56
2021-04-17 22:00:00,49.98,123.22,56.0,32.11
2021-04-17 23:00:00,40.51,126.89,56.0,31.97
2021-04-18 00:00:00,34.0,85.0,56.0,31.64
2021-04-18 01:00:00,34.027848101265825,84.48,56.0,31.48
2021-04-18 02:00:00,34.05569620253164,74.0,56.0,31.08
2021-04-18 03:00:00,34.08354430379747,62.43,56.0,30.82
2021-04-18 04:00:00,34.11139240506329,61.27,56.0,30.76
2021-04-18 05:00:00,34.139240506329116,75.0,56.0,30.23
2021-04-18 06:00:00,34.167088607594934,111.81,56.0,29.93
2021-04-18 07:00:00,34.19493670886076,133.0,56.0,31.64
2021-04-18 08:00:00,34.22278481012658,114.99,56.0,33.17
2021-04-18 09:00:00,34.25063291139241,122.18,56.0,34.97
2021-04-18 10:00:00,34.278481012658226,136.82,56.0,35.62
2021-04-18 11:00:00,34.30632911392405,144.06,56.0,37.13
2021-04-18 12:00:00,34.334177215189875,153.04,56.0,37.7
2021-04-18 13:00:00,34.36202531645569,143.0,56.0,37.04
2021-04-18 14:00:00,34.38987341772152,119.48,56.0,38.56
2021-04-18 15:00:00,34.41772151898734,105.0,56.0,38.54
2021-04-18 16:00:00,34.44556962025317,105.52,56.0,38.74
2021-04-18 17:00:00,34.473417721518985,109.0,56.0,37.9
2021-04-18 18:00:00,34.50126582278481,120.83,56.0,36.06
2021-04-18 19:00:00,34.529113924050634,139.39,56.0,34.95
2021-04-18 20:00:00,34.55696202531646,153.36,56.0,34.05
2021-04-18 21:00:00,34.584810126582276,160.0,56.0,33.3
2021-04-18 22:00:00,34.6126582278481,171.5,56.0,33.1
2021-04-18 23:00:00,34.640506329113926,180.0,56.0,33.06
2021-04-19 00:00:00,34.66835443037975,130.67,56.0,32.28
2021-04-19 01:00:00,34.69620253164557,114.35,56.0,31.87
2021-04-19 02:00:00,34.72405063291139,102.69,56.0,31.64
2021-04-19 03:00:00,34.75189873417722,91.65,56.0,30.78
2021-04-19 04:00:00,34.779746835443035,209.0,56.0,30.42
2021-04-19 05:00:00,34.80759493670886,165.0,56.0,30.19
2021-04-19 06:00:00,34.835443037974684,144.95,56.0,30.19
2021-04-19 07:00:00,34.86329113924051,166.62,56.0,31.27
2021-04-19 08:00:00,34.89113924050633,156.57,56.0,32.76
2021-04-19 09:00:00,34.91898734177215,140.0,56.0,33.97
2021-04-19 10:00:00,34.946835443037976,135.0,56.0,34.49
2021-04-19 11:00:00,34.9746835443038,105.0,56.0,34.74
2021-04-19 12:00:00,35.00253164556962,110.72,56.0,34.65
2021-04-19 13:00:00,35.03037974683544,123.0,56.0,34.98
2021-04-19 14:00:00,35.05822784810127,121.44,56.0,34.46
2021-04-19 15:00:00,35.086075949367086,118.43,56.0,34.97
2021-04-19 16:00:00,35.11392405063291,100.9,56.0,35.34
2021-04-19 17:00:00,35.141772151898735,85.0,56.0,34.62
2021-04-19 18:00:00,35.16962025316456,87.0,56.0,33.88
2021-04-19 19:00:00,35.19746835443038,91.0,56.0,32.71
2021-04-19 20:00:00,35.2253164556962,96.93,56.0,32.36
2021-04-19 21:00:00,35.25316455696203,89.99,56.0,32.22
2021-04-19 22:00:00,35.28101265822785,73.81,56.0,31.93
2021-04-19 23:00:00,35.30886075949367,90.8575,56.0,31.5425
2021-04-20 00:00:00,35.336708860759494,107.905,56.0,31.155
2021-04-20 01:00:00,35.36455696202532,124.9525,56.0,30.7675
2021-04-20 02:00:00,35.392405063291136,142.0,56.0,30.38
2021-04-20 03:00:00,35.42025316455696,151.82,56.0,30.36
2021-04-20 04:00:00,35.448101265822785,157.88,56.0,29.98
2021-04-20 05:00:00,35.47594936708861,142.53,56.0,29.49
2021-04-20 06:00:00,35.50379746835443,130.415,56.0,30.38
2021-04-20 07:00:00,35.53164556962025,118.3,56.0,31.27
2021-04-20 08:00:00,35.55949367088608,138.0,56.0,32.6
2021-04-20 09:00:00,35.5873417721519,138.35,56.0,33.46
2021-04-20 10:00:00,35.61518987341772,131.42,56.0,34.12
2021-04-20 11:00:00,35.643037974683544,114.4,56.0,35.01
2021-04-20 12:00:00,35.67088607594937,102.2,56.0,34.67
2021-04-20 13:00:00,35.69873417721519,94.0,56.0,34.88
2021-04-20 14:00:00,35.72658227848101,94.5,56.0,35.29
2021-04-20 15:00:00,35.754430379746836,92.4,56.0,34.89
2021-04-20 16:00:00,35.78227848101266,90.0,56.0,34.47
2021-04-20 17:00:00,35.81012658227848,79.0,56.0,34.59
2021-04-20 18:00:00,35.8379746835443,75.0,56.0,34.61
2021-04-20 19:00:00,35.86582278481013,94.98,56.0,32.45
2021-04-20 20:00:00,35.89367088607595,85.98,56.0,31.93
2021-04-20 21:00:00,35.92151898734177,69.0,56.0,31.91
2021-04-20 22:00:00,35.949367088607595,64.73,56.0,31.72
2021-04-20 23:00:00,35.97721518987342,62.0,56.0,31.59
2021-04-21 00:00:00,36.00506329113924,59.5,56.0,31.34
2021-04-21 01:00:00,36.03291139240506,54.84,56.0,31.0
2021-04-21 02:00:00,36.060759493670886,69.82,56.0,30.634999999999998
2021-04-21 03:00:00,36.08860759493671,84.8,56.0,30.27
2021-04-21 04:00:00,36.11645569620253,210.23,56.0,30.16
2021-04-21 05:00:00,36.14430379746835,201.0,56.0,29.8
2021-04-21 06:00:00,36.17215189873418,107.69,56.0,29.48
2021-04-21 07:00:00,36.2,95.91,56.0,29.96
2021-04-21 08:00:00,36.22784810126582,86.84,56.0,32.59
2021-04-21 09:00:00,36.255696202531645,78.77,56.0,33.71
2021-04-21 10:00:00,36.28354430379747,92.0,56.0,35.23
2021-04-21 11:00:00,36.31139240506329,91.53,56.0,34.7
2021-04-21 12:00:00,36.33924050632911,86.66,56.0,34.13
2021-04-21 13:00:00,36.36708860759494,92.76,56.0,34.94
2021-04-21 14:00:00,36.39493670886076,81.31,56.0,35.44
2021-04-21 15:00:00,36.42278481012658,76.4,56.0,35.4
2021-04-21 16:00:00,36.450632911392404,94.0,56.0,35.08
2021-04-21 17:00:00,36.47848101265823,102.0,56.0,34.37
2021-04-21 18:00:00,36.50632911392405,96.81,56.0,33.39
2021-04-21 19:00:00,36.53417721518987,94.5,56.0,32.36
2021-04-21 20:00:00,36.562025316455696,92.69,56.0,32.01
2021-04-21 21:00:00,36.58987341772152,86.4,56.0,31.76
2021-04-21 22:00:00,36.61772151898734,89.0,56.0,31.5
2021-04-21 23:00:00,36.64556962025316,88.07,56.0,31.26
2021-04-22 00:00:00,36.67341772151899,79.38,56.0,30.96
2021-04-22 01:00:00,36.70126582278481,74.0,56.0,30.73
2021-04-22 02:00:00,36.72911392405063,73.56,56.0,30.51
2021-04-22 03:00:00,36.756962025316454,96.02,56.0,30.31
2021-04-22 04:00:00,36.78481012658228,94.50999999999999,56.0,30.11
2021-04-22 05:00:00,36.812658227848104,93.0,56.0,29.91
2021-04-22 06:00:00,36.84050632911392,83.0,56.0,29.6
2021-04-22 07:00:00,36.868354430379746,97.83,56.0,30.35
2021-04-22 08:00:00,36.89620253164557,102.88,56.0,31.55
2021-04-22 09:00:00,36.924050632911396,109.87,56.0,33.2
2021-04-22 10:00:00,36.95189873417721,136.0,56.0,35.44
2021-04-22 11:00:00,36.97974683544304,135.92,56.0,36.28
2021-04-22 12:00:00,37.00759493670886,136.69,56.0,37.84
2021-04-22 13:00:00,37.03544303797468,138.38,56.0,38.72
2021-04-22 14:00:00,37.063291139240505,123.25,56.0,39.39
2021-04-22 15:00:00,37.09113924050633,124.505,56.0,38.35
2021-04-22 16:00:00,37.118987341772154,125.76,56.0,37.31
2021-04-22 17:00:00,37.14683544303797,127.01500000000001,56.0,36.269999999999996
2021-04-22 18:00:00,37.1746835443038,128.27,56.0,35.23
2021-04-22 19:00:00,37.20253164556962,117.77,56.0,33.66
2021-04-22 20:00:00,37.230379746835446,105.53,56.0,32.48
2021-04-22 21:00:00,37.258227848101264,97.0,56.0,32.21
2021-04-22 22:00:00,37.28607594936709,85.0,56.0,31.56
2021-04-22 23:00:00,37.31392405063291,83.0,56.0,31.44
2021-04-23 00:00:00,37.34177215189874,73.0,56.0,30.63
2021-04-23 01:00:00,37.369620253164555,75.08,56.0,30.22
2021-04-23 02:00:00,37.39746835443038,91.5,56.0,29.89
2021-04-23 03:00:00,37.425316455696205,134.0,56.0,29.46
2021-04-23 04:00:00,37.45316455696202,126.25,56.0,29.43
2021-04-23 05:00:00,37.48101265822785,127.83,56.0,29.07
2021-04-23 06:00:00,37.50886075949367,153.66,56.0,28.77
2021-04-23 07:00:00,37.5367088607595,149.22,56.0,31.0
2021-04-23 08:00:00,37.564556962025314,131.28,56.0,33.15
2021-04-23 09:00:00,37.59240506329114,174.0,56.0,33.48
2021-04-23 10:00:00,37.620253164556964,174.0,56.0,35.18
2021-04-23 11:00:00,37.64810126582279,166.95,56.0,36.71
2021-04-23 12:00:00,37.675949367088606,115.93,56.0,36.86
2021-04-23 13:00:00,37.70379746835443,106.34,56.0,36.66
2021-04-23 14:00:00,37.731645569620255,101.38,56.0,38.59
2021-04-23 15:00:00,37.75949367088607,83.87,56.0,38.44
2021-04-23 16:00:00,37.7873417721519,80.97,56.0,38.33
2021-04-23 17:00:00,37.81518987341772,80.0,56.0,37.0
2021-04-23 18:00:00,37.84303797468355,86.73,56.0,34.38
2021-04-23 19:00:00,37.870886075949365,81.16,56.0,33.03
2021-04-23 20:00:00,37.89873417721519,92.75,56.0,32.34
2021-04-23 21:00:00,37.926582278481014,78.0,56.0,31.75
2021-04-23 22:00:00,37.95443037974684,78.54,56.0,31.56
2021-04-23 23:00:00,37.982278481012656,78.47,56.0,30.98
2021-04-24 00:00:00,38.01012658227848,78.0,56.0,30.4
2021-04-24 01:00:00,38.037974683544306,62.69,56.0,30.27
2021-04-24 02:00:00,38.06582278481012,60.27,56.0,29.52
2021-04-24 03:00:00,38.09367088607595,105.09,56.0,28.92
2021-04-24 04:00:00,38.12151898734177,113.5,56.0,28.35
2021-04-24 05:00:00,38.1493670886076,129.03,56.0,27.77
2021-04-24 06:00:00,38.177215189873415,140.44,56.0,27.84
2021-04-24 07:00:00,38.20506329113924,138.48,56.0,30.37
2021-04-24 08:00:00,38.232911392405065,145.75,56.0,32.88
2021-04-24 09:00:00,38.26075949367089,137.94,56.0,33.29
2021-04-24 10:00:00,38.28860759493671,126.6,56.0,34.02
2021-04-24 11:00:00,38.31645569620253,138.3,56.0,35.68
2021-04-24 12:00:00,38.344303797468356,147.0,56.0,34.62
2021-04-24 13:00:00,38.372151898734174,106.0,56.0,34.96
2021-04-24 14:00:00,38.4,103.92,56.0,35.08
2021-04-24 15:00:00,38.42784810126582,95.6,56.0,36.23
2021-04-24 16:00:00,38.45569620253165,88.5,56.0,35.65
2021-04-24 17:00:00,38.483544303797466,86.57,56.0,34.53
2021-04-24 18:00:00,38.51139240506329,76.4,56.0,33.33
2021-04-24 19:00:00,38.539240506329115,94.47,56.0,32.51
2021-04-24 20:00:00,38.56708860759494,95.5,56.0,32.2
2021-04-24 21:00:00,38.59493670886076,74.67,56.0,32.06
2021-04-24 22:00:00,38.62278481012658,73.775,56.0,31.840000000000003
2021-04-24 23:00:00,38.65063291139241,72.88,56.0,31.62
2021-04-25 00:00:00,38.678481012658224,66.5,56.0,31.27
2021-04-25 01:00:00,38.70632911392405,65.07,56.0,31.09
2021-04-25 02:00:00,38.734177215189874,69.69,56.0,30.48
2021-04-25 03:00:00,38.7620253164557,72.0,56.0,30.4
2021-04-25 04:00:00,38.789873417721516,68.5,56.0,30.16
2021-04-25 05:00:00,38.81772151898734,75.78,56.0,29.68
2021-04-25 06:00:00,38.845569620253166,90.0,56.0,29.84
2021-04-25 07:00:00,38.87341772151899,94.27,56.0,30.55
2021-04-25 08:00:00,38.90126582278481,111.0,56.0,33.39
2021-04-25 09:00:00,38.92911392405063,106.33,56.0,34.25
2021-04-25 10:00:00,38.95696202531646,103.55,56.0,34.74
2021-04-25 11:00:00,38.984810126582275,113.53333333333333,56.0,35.39333333333334
2021-04-25 12:00:00,39.0126582278481,123.51666666666667,56.0,36.04666666666667
2021-04-25 13:00:00,39.040506329113924,133.5,56.0,36.7
2021-04-25 14:00:00,39.06835443037975,128.5,56.0,37.05
2021-04-25 15:00:00,39.09620253164557,118.07,56.0,38.41
2021-04-25 16:00:00,39.12405063291139,118.38,56.0,37.31
2021-04-25 17:00:00,39.151898734177216,113.27,56.0,36.41
2021-04-25 18:00:00,39.17974683544304,110.0,56.0,35.71
2021-04-25 19:00:00,39.20759493670886,135.53,56.0,35.65
2021-04-25 20:00:00,39.23544303797468,157.55,56.0,36.34
2021-04-25 21:00:00,39.26329113924051,171.0,56.0,35.75
2021-04-25 22:00:00,39.291139240506325,146.47,56.0,34.62
2021-04-25 23:00:00,39.31898734177215,152.82,56.0,33.49
2021-04-26 00:00:00,39.346835443037975,165.0,56.0,32.83
2021-04-26 01:00:00,39.3746835443038,144.01,56.0,32.48
2021-04-26 02:00:00,39.40253164556962,123.22,56.0,32.27
2021-04-26 03:00:00,39.43037974683544,115.39,56.0,32.04
2021-04-26 04:00:00,39.45822784810127,121.9,56.0,31.91
2021-04-26 05:00:00,39.48607594936709,119.27,56.0,31.79
2021-04-26 06:00:00,39.51392405063291,119.0,56.0,31.7
2021-04-26 07:00:00,39.54177215189873,112.0,56.0,32.74
2021-04-26 08:00:00,39.56962025316456,112.0,56.0,33.32
2021-04-26 09:00:00,39.597468354430376,140.72,56.0,35.01
2021-04-26 10:00:00,39.6253164556962,142.32,56.0,37.29
2021-04-26 11:00:00,39.653164556962025,151.0,56.0,36.71
2021-04-26 12:00:00,39.68101265822785,164.47,56.0,35.81
2021-04-26 13:00:00,39.708860759493675,171.08,56.0,35.07
2021-04-26 14:00:00,39.73670886075949,172.8,56.0,34.53
2021-04-26 15:00:00,39.76455696202532,191.35,56.0,34.62
2021-04-26 16:00:00,39.79240506329114,187.0,56.0,34.68
2021-04-26 17:00:00,39.82025316455696,202.22,56.0,34.2
2021-04-26 18:00:00,39.848101265822784,193.56,56.0,33.83
2021-04-26 19:00:00,39.87594936708861,185.65,56.0,33.14
2021-04-26 20:00:00,39.903797468354426,189.48,56.0,33.03
2021-04-26 21:00:00,39.93164556962025,190.03,56.0,32.8
2021-04-26 22:00:00,39.959493670886076,205.4,56.0,32.47
2021-04-26 23:00:00,39.9873417721519,237.74,56.0,32.33
2021-04-27 00:00:00,40.015189873417725,270.0,56.0,32.03
2021-04-27 01:00:00,40.04303797468354,249.0,56.0,31.93
2021-04-27 02:00:00,40.07088607594937,223.32,56.0,31.84
2021-04-27 03:00:00,40.09873417721519,206.6,56.0,31.52
2021-04-27 04:00:00,40.12658227848101,197.49,56.0,31.44
2021-04-27 05:00:00,40.154430379746834,214.08,56.0,31.25
2021-04-27 06:00:00,40.18227848101266,203.03,56.0,31.12
2021-04-27 07:00:00,40.210126582278484,210.53,56.0,31.91
2021-04-27 08:00:00,40.2379746835443,316.4,56.0,34.3
2021-04-27 09:00:00,40.265822784810126,319.5,56.0,34.45
2021-04-27 10:00:00,40.29367088607595,282.8,56.0,35.08
2021-04-27 11:00:00,40.321518987341776,270.37,56.0,35.44
2021-04-27 12:00:00,40.34936708860759,262.92,56.0,35.52
2021-04-27 13:00:00,40.37721518987342,256.33,56.0,35.32
2021-04-27 14:00:00,40.40506329113924,245.85,56.0,35.27
2021-04-27 15:00:00,40.43291139240506,171.0,56.0,35.48
2021-04-27 16:00:00,40.460759493670885,168.31,56.0,35.92
2021-04-27 17:00:00,40.48860759493671,159.28,56.0,35.83
2021-04-27 18:00:00,40.516455696202534,168.0,56.0,33.92
2021-04-27 19:00:00,40.54430379746835,161.28,56.0,33.28
2021-04-27 20:00:00,40.57215189873418,145.84,56.0,32.99
2021-04-27 21:00:00,40.6,135.33,56.0,33.11
2021-04-27 22:00:00,40.627848101265826,163.0,56.0,32.78
2021-04-27 23:00:00,40.655696202531644,146.98,56.0,32.66
2021-04-28 00:00:00,40.68354430379747,134.07,56.0,32.72
2021-04-28 01:00:00,40.71139240506329,136.0,56.0,32.29
2021-04-28 02:00:00,40.73924050632911,200.93,56.0,31.57
2021-04-28 03:00:00,40.767088607594935,254.4,56.0,31.28
2021-04-28 04:00:00,40.79493670886076,142.37,56.0,31.08
2021-04-28 05:00:00,40.822784810126585,129.17,56.0,30.63
2021-04-28 06:00:00,40.8506329113924,150.02,56.0,30.41
2021-04-28 07:00:00,40.87848101265823,178.87,56.0,31.53
2021-04-28 08:00:00,40.90632911392405,185.83,56.0,33.34
2021-04-28 09:00:00,40.93417721518988,201.0,56.0,35.08
2021-04-28 10:00:00,40.962025316455694,221.0,56.0,35.97
2021-04-28 11:00:00,40.98987341772152,219.3,56.0,35.48
2021-04-28 12:00:00,41.017721518987344,164.0,56.0,36.06
2021-04-28 13:00:00,41.04556962025316,153.35,56.0,36.52
2021-04-28 14:00:00,41.073417721518986,147.38,56.0,36.71
2021-04-28 15:00:00,41.10126582278481,142.5,56.0,37.16
2021-04-28 16:00:00,41.129113924050635,144.33,56.0,36.33
2021-04-28 17:00:00,41.15696202531645,149.0,56.0,35.33
2021-04-28 18:00:00,41.18481012658228,109.0,56.0,33.81
2021-04-28 19:00:00,41.2126582278481,110.5,56.0,33.14
2021-04-28 20:00:00,41.24050632911393,123.85,56.0,32.72
2021-04-28 21:00:00,41.268354430379745,126.96,56.0,32.67
2021-04-28 22:00:00,41.29620253164557,120.5,56.0,32.59
2021-04-28 23:00:00,41.324050632911394,115.0,56.0,32.13
2021-04-29 00:00:00,41.35189873417721,118.16,56.0,32.02
2021-04-29 01:00:00,41.379746835443036,133.4,56.0,32.04
2021-04-29 02:00:00,41.40759493670886,114.0,56.0,31.91
2021-04-29 03:00:00,41.435443037974686,161.0,56.0,31.69
2021-04-29 04:00:00,41.4632911392405,154.5,56.0,31.53
2021-04-29 05:00:00,41.49113924050633,106.8,56.0,30.78
2021-04-29 06:00:00,41.51898734177215,139.33,56.0,30.64
2021-04-29 07:00:00,41.54683544303798,144.87,56.0,32.13
2021-04-29 08:00:00,41.574683544303795,154.95,56.0,34.45
2021-04-29 09:00:00,41.60253164556962,167.0,56.0,34.15
2021-04-29 10:00:00,41.630379746835445,136.5,56.0,35.13
2021-04-29 11:00:00,41.65822784810126,115.0,56.0,36.41
2021-04-29 12:00:00,41.68607594936709,124.0,56.0,35.7
2021-04-29 13:00:00,41.71392405063291,100.0,56.0,36.16
2021-04-29 14:00:00,41.741772151898736,103.0,56.0,38.08
2021-04-29 15:00:00,41.769620253164554,89.0,56.0,37.7
2021-04-29 16:00:00,41.79746835443038,89.1,56.0,36.78
2021-04-29 17:00:00,41.8253164556962,94.66,56.0,35.12
2021-04-29 18:00:00,41.85316455696203,78.87,56.0,33.47
2021-04-29 19:00:00,41.881012658227846,63.13,56.0,32.78
2021-04-29 20:00:00,41.90886075949367,65.0,56.0,32.72
2021-04-29 21:00:00,41.936708860759495,62.42,56.0,32.88
2021-04-29 22:00:00,41.96455696202531,66.2,56.0,32.76
2021-04-29 23:00:00,41.99240506329114,70.5,56.0,32.44
2021-04-30 00:00:00,42.02025316455696,73.65,56.0,32.37
2021-04-30 01:00:00,42.04810126582279,79.03,56.0,31.97
2021-04-30 02:00:00,42.07594936708861,73.28,56.0,32.0
2021-04-30 03:00:00,42.10379746835443,64.93,56.0,31.59
2021-04-30 04:00:00,42.131645569620254,103.82,56.0,31.18
2021-04-30 05:00:00,42.15949367088608,140.4,56.0,31.03
2021-04-30 06:00:00,42.187341772151896,140.0,56.0,31.01
2021-04-30 07:00:00,42.21518987341772,150.85,56.0,31.7
2021-04-30 08:00:00,42.243037974683546,160.06,56.0,32.15
2021-04-30 09:00:00,42.27088607594936,128.32,56.0,34.97
2021-04-30 10:00:00,42.29873417721519,114.5,56.0,34.9
2021-04-30 11:00:00,42.32658227848101,107.57,56.0,34.8
2021-04-30 12:00:00,42.35443037974684,104.0,56.0,34.45
2021-04-30 13:00:00,42.38227848101266,86.95,56.0,34.87
2021-04-30 14:00:00,42.41012658227848,77.72,56.0,34.94
2021-04-30 15:00:00,42.437974683544304,84.0,56.0,35.16
2021-04-30 16:00:00,42.46582278481013,64.34,56.0,35.69
2021-04-30 17:00:00,42.49367088607595,82.95,56.0,35.28
2021-04-30 18:00:00,42.52151898734177,74.775,56.0,34.07
2021-04-30 19:00:00,42.549367088607596,66.6,56.0,32.86
2021-04-30 20:00:00,42.577215189873414,62.07,56.0,32.68
2021-04-30 21:00:00,42.60506329113924,66.97,56.0,32.48
2021-04-30 22:00:00,42.63291139240506,71.58500000000001,56.0,32.485
2021-04-30 23:00:00,42.66075949367089,76.2,56.0,32.49
2021-05-01 00:00:00,42.68860759493671,86.0,56.0,32.32
2021-05-01 01:00:00,42.71645569620253,77.07,56.0,32.23
2021-05-01 02:00:00,42.744303797468355,78.93,56.0,32.08
2021-05-01 03:00:00,42.77215189873418,97.53,56.0,31.8
2021-05-01 04:00:00,42.8,176.97,56.0,31.98
2021-05-01 05:00:00,42.82784810126582,141.74,56.0,31.63
2021-05-01 06:00:00,42.85569620253165,58.93,56.0,31.59
2021-05-01 07:00:00,42.883544303797464,87.4,56.0,31.68
2021-05-01 08:00:00,42.91139240506329,117.0,56.0,32.36
2021-05-01 09:00:00,42.939240506329114,107.6,56.0,34.02
2021-05-01 10:00:00,42.96708860759494,105.8,56.0,36.15
2021-05-01 11:00:00,42.99493670886076,104.0,56.0,36.35
2021-05-01 12:00:00,43.02278481012658,115.55,56.0,38.3
2021-05-01 13:00:00,43.050632911392405,96.44,56.0,38.78
2021-05-01 14:00:00,43.07848101265823,85.22,56.0,37.55
2021-05-01 15:00:00,43.10632911392405,92.47,56.0,37.64
2021-05-01 16:00:00,43.13417721518987,82.7,56.0,36.88
2021-05-01 17:00:00,43.1620253164557,74.52,56.0,36.16
2021-05-01 18:00:00,43.189873417721515,78.1,56.0,34.72
2021-05-01 19:00:00,43.21772151898734,80.5,56.0,34.12
2021-05-01 20:00:00,43.245569620253164,89.0,56.0,33.59
2021-05-01 21:00:00,43.27341772151899,88.48,56.0,33.29
2021-05-01 22:00:00,43.30126582278481,83.87,56.0,33.05
2021-05-01 23:00:00,43.32911392405063,97.0,56.0,32.92
2021-05-02 00:00:00,43.356962025316456,91.0,56.0,32.62
2021-05-02 01:00:00,43.38481012658228,85.32,56.0,32.42
2021-05-02 02:00:00,43.4126582278481,81.0,56.0,32.42
2021-05-02 03:00:00,43.44050632911392,152.0,56.0,32.12
2021-05-02 04:00:00,43.46835443037975,161.06,56.0,31.98
2021-05-02 05:00:00,43.496202531645565,150.04,56.0,31.82
2021-05-02 06:00:00,43.52405063291139,139.02,56.0,31.66
2021-05-02 07:00:00,43.551898734177215,128.0,56.0,31.5
2021-05-02 08:00:00,43.57974683544304,120.87,56.0,33.39
2021-05-02 09:00:00,43.607594936708864,105.27,56.0,33.92
2021-05-02 10:00:00,43.63544303797468,83.5,56.0,34.87
2021-05-02 11:00:00,43.663291139240506,74.58,56.0,35.01
2021-05-02 12:00:00,43.69113924050633,93.02,56.0,35.51
2021-05-02 13:00:00,43.71898734177215,88.37,56.0,35.55
2021-05-02 14:00:00,43.74683544303797,75.14,56.0,35.51
2021-05-02 15:00:00,43.7746835443038,76.9,56.0,35.89
2021-05-02 16:00:00,43.802531645569616,74.52,56.0,36.4
2021-05-02 17:00:00,43.83037974683544,74.47,56.0,35.37
2021-05-02 18:00:00,43.858227848101265,77.12,56.0,33.88
2021-05-02 19:00:00,43.88607594936709,111.8,56.0,33.84
2021-05-02 20:00:00,43.913924050632914,113.24605263157895,56.0,33.87263157894737
2021-05-02 21:00:00,43.94177215189873,114.6921052631579,56.0,33.90526315789474
2021-05-02 22:00:00,43.96962025316456,116.13815789473684,56.0,33.93789473684211
2021-05-02 23:00:00,43.99746835443038,117.58421052631579,56.0,33.97052631578948
2021-05-03 00:00:00,44.0253164556962,119.03026315789474,56.0,34.003157894736844
2021-05-03 01:00:00,44.053164556962024,120.47631578947369,56.0,34.03578947368421
2021-05-03 02:00:00,44.08101265822785,121.92236842105262,56.0,34.06842105263158
2021-05-03 03:00:00,44.10886075949367,123.36842105263158,56.0,34.10105263157895
2021-05-03 04:00:00,44.13670886075949,124.81447368421053,56.0,34.13368421052632
2021-05-03 05:00:00,44.164556962025316,126.26052631578948,56.0,34.166315789473686
2021-05-03 06:00:00,44.19240506329114,127.70657894736841,56.0,34.19894736842105
2021-05-03 07:00:00,44.220253164556965,129.15263157894736,56.0,34.231578947368426
2021-05-03 08:00:00,44.24810126582278,130.5986842105263,56.0,34.26421052631579
2021-05-03 09:00:00,44.27594936708861,132.04473684210527,56.0,34.29684210526316
2021-05-03 10:00:00,44.30379746835443,133.4907894736842,56.0,34.32947368421053
2021-05-03 11:00:00,44.33164556962025,134.93684210526317,56.0,34.36210526315789
2021-05-03 12:00:00,44.359493670886074,136.3828947368421,56.0,34.39473684210527
2021-05-03 13:00:00,44.3873417721519,137.82894736842104,56.0,34.427368421052634
2021-05-03 14:00:00,44.415189873417724,139.275,56.0,34.46
2021-05-03 15:00:00,44.44303797468355,140.72105263157894,56.0,34.49263157894737
2021-05-03 16:00:00,44.470886075949366,142.1671052631579,56.0,34.525263157894734
2021-05-03 17:00:00,44.49873417721519,143.61315789473684,56.0,34.55789473684211
2021-05-03 18:00:00,44.526582278481015,145.05921052631578,56.0,34.590526315789475
2021-05-03 19:00:00,44.55443037974683,146.50526315789475,56.0,34.62315789473684
2021-05-03 20:00:00,44.58227848101266,147.95131578947368,56.0,34.65578947368421
2021-05-03 21:00:00,44.61012658227848,149.39736842105265,56.0,34.688421052631575
2021-05-03 22:00:00,44.6379746835443,150.84342105263158,56.0,34.72105263157895
2021-05-03 23:00:00,44.665822784810125,152.28947368421052,56.0,34.753684210526316
2021-05-04 00:00:00,44.69367088607595,153.73552631578946,56.0,34.78631578947368
2021-05-04 01:00:00,44.721518987341774,155.18157894736842,56.0,34.81894736842105
2021-05-04 02:00:00,44.7493670886076,156.62763157894736,56.0,34.851578947368424
2021-05-04 03:00:00,44.77721518987342,158.07368421052632,56.0,34.88421052631579
2021-05-04 04:00:00,44.80506329113924,159.51973684210526,56.0,34.91684210526316
2021-05-04 05:00:00,44.832911392405066,160.9657894736842,56.0,34.949473684210524
2021-05-04 06:00:00,44.860759493670884,162.41184210526316,56.0,34.98210526315789
2021-05-04 07:00:00,44.88860759493671,163.8578947368421,56.0,35.014736842105265
2021-05-04 08:00:00,44.91645569620253,165.30394736842106,56.0,35.04736842105263
2021-05-04 09:00:00,44.94430379746835,166.75,56.0,35.08
2021-05-04 10:00:00,44.972151898734175,146.45499999999998,56.0,36.230000000000004
2021-05-04 11:00:00,45.0,126.16,56.0,37.38
2021-05-04 12:00:00,56.0,129.0,56.0,37.81
2021-05-04 13:00:00,52.7,127.46,56.0,37.84
2021-05-04 14:00:00,45.5,116.5,56.0,38.03
2021-05-04 15:00:00,33.75,113.68,56.0,37.81
2021-05-04 16:00:00,28.1,110.0,56.0,37.59
2021-05-04 17:00:00,28.0,100.33,56.0,36.51
2021-05-04 18:00:00,36.25,104.0,56.0,36.41
2021-05-04 19:00:00,42.12,98.8,56.0,35.43
2021-05-04 20:00:00,31.45,100.65,56.0,34.69
2021-05-04 21:00:00,34.8,91.5,56.0,33.97
2021-05-04 22:00:00,39.94,77.94,56.0,33.58
2021-05-04 23:00:00,33.2,92.0,56.0,33.18
2021-05-05 00:00:00,32.0,141.0,56.0,32.61
2021-05-05 01:00:00,24.57,105.03,56.0,32.8
2021-05-05 02:00:00,27.55,70.0,56.0,32.53
2021-05-05 03:00:00,28.35,64.38,56.0,32.37
2021-05-05 04:00:00,26.175,60.19,56.0,32.035
2021-05-05 05:00:00,24.0,56.0,56.0,31.7
2021-05-05 06:00:00,27.92,56.0,56.0,31.48
2021-05-05 07:00:00,46.0,203.0,56.0,33.07
2021-05-05 08:00:00,35.27,163.43,56.0,34.27
2021-05-05 09:00:00,35.0,118.0,56.0,34.98
2021-05-05 10:00:00,35.0,77.0,56.0,36.31
2021-05-05 11:00:00,37.58,78.44,56.0,36.83
2021-05-05 12:00:00,37.538897849462366,78.38564516129033,56.0,36.824390243902435
2021-05-05 13:00:00,37.497795698924726,78.33129032258064,56.0,36.81878048780488
2021-05-05 14:00:00,37.45669354838709,78.27693548387097,56.0,36.81317073170732
2021-05-05 15:00:00,37.41559139784946,78.22258064516129,56.0,36.80756097560975
2021-05-05 16:00:00,37.37448924731183,78.16822580645162,56.0,36.80195121951219
2021-05-05 17:00:00,37.33338709677419,78.11387096774193,56.0,36.796341463414635
2021-05-05 18:00:00,37.292284946236556,78.05951612903226,56.0,36.79073170731707
2021-05-05 19:00:00,37.251182795698924,78.00516129032258,56.0,36.78512195121951
2021-05-05 20:00:00,37.21008064516129,77.9508064516129,56.0,36.77951219512195
2021-05-05 21:00:00,37.16897849462365,77.89645161290322,56.0,36.77390243902439
2021-05-05 22:00:00,37.12787634408602,77.84209677419355,56.0,36.76829268292683
2021-05-05 23:00:00,37.086774193548386,77.78774193548387,56.0,36.762682926829264
2021-05-06 00:00:00,37.045672043010754,77.7333870967742,56.0,36.75707317073171
2021-05-06 01:00:00,37.004569892473114,77.67903225806451,56.0,36.751463414634145
2021-05-06 02:00:00,36.96346774193548,77.62467741935484,56.0,36.74585365853658
2021-05-06 03:00:00,36.92236559139785,77.57032258064515,56.0,36.740243902439026
2021-05-06 04:00:00,36.88126344086022,77.51596774193548,56.0,36.73463414634146
2021-05-06 05:00:00,36.84016129032258,77.4616129032258,56.0,36.7290243902439
2021-05-06 06:00:00,36.799059139784944,77.40725806451613,56.0,36.72341463414634
2021-05-06 07:00:00,36.75795698924731,77.35290322580644,56.0,36.71780487804878
2021-05-06 08:00:00,36.71685483870968,77.29854838709677,56.0,36.71219512195122
2021-05-06 09:00:00,36.67575268817204,77.24419354838709,56.0,36.706585365853655
2021-05-06 10:00:00,36.63465053763441,77.18983870967742,56.0,36.7009756097561
2021-05-06 11:00:00,36.593548387096774,77.13548387096775,56.0,36.69536585365854
2021-05-06 12:00:00,36.552446236559135,77.08112903225806,56.0,36.689756097560974
2021-05-06 13:00:00,36.5113440860215,77.02677419354839,56.0,36.68414634146341
2021-05-06 14:00:00,36.47024193548387,76.9724193548387,56.0,36.678536585365855
2021-05-06 15:00:00,36.42913978494624,76.91806451612904,56.0,36.67292682926829
2021-05-06 16:00:00,36.3880376344086,76.86370967741935,56.0,36.66731707317073
2021-05-06 17:00:00,36.346935483870965,76.80935483870968,56.0,36.661707317073166
2021-05-06 18:00:00,36.30583333333333,76.755,56.0,36.65609756097561
2021-05-06 19:00:00,36.2647311827957,76.70064516129032,56.0,36.65048780487805
2021-05-06 20:00:00,36.22362903225806,76.64629032258064,56.0,36.644878048780484
2021-05-06 21:00:00,36.18252688172043,76.59193548387097,56.0,36.63926829268293
2021-05-06 22:00:00,36.141424731182795,76.53758064516128,56.0,36.633658536585365
2021-05-06 23:00:00,36.10032258064516,76.48322580645161,56.0,36.6280487804878
2021-05-07 00:00:00,36.05922043010752,76.42887096774193,56.0,36.62243902439024
2021-05-07 01:00:00,36.01811827956989,76.37451612903226,56.0,36.61682926829268
2021-05-07 02:00:00,35.97701612903226,76.32016129032257,56.0,36.61121951219512
2021-05-07 03:00:00,35.935913978494625,76.2658064516129,56.0,36.60560975609756
2021-05-07 04:00:00,35.894811827956985,76.21145161290322,56.0,36.6
2021-05-07 05:00:00,35.85370967741935,76.15709677419355,56.0,36.59439024390244
2021-05-07 06:00:00,35.81260752688172,76.10274193548386,56.0,36.588780487804875
2021-05-07 07:00:00,35.77150537634409,76.04838709677419,56.0,36.58317073170731
2021-05-07 08:00:00,35.73040322580645,75.99403225806451,56.0,36.57756097560976
2021-05-07 09:00:00,35.689301075268816,75.93967741935484,56.0,36.571951219512194
2021-05-07 10:00:00,35.64819892473118,75.88532258064515,56.0,36.56634146341463
2021-05-07 11:00:00,35.60709677419355,75.83096774193548,56.0,36.560731707317075
2021-05-07 12:00:00,35.56599462365591,75.77661290322581,56.0,36.55512195121951
2021-05-07 13:00:00,35.52489247311828,75.72225806451613,56.0,36.54951219512195
2021-05-07 14:00:00,35.483790322580646,75.66790322580646,56.0,36.543902439024386
2021-05-07 15:00:00,35.442688172043006,75.61354838709677,56.0,36.53829268292683
2021-05-07 16:00:00,35.40158602150537,75.5591935483871,56.0,36.53268292682927
2021-05-07 17:00:00,35.36048387096774,75.50483870967741,56.0,36.527073170731704
2021-05-07 18:00:00,35.31938172043011,75.45048387096774,56.0,36.52146341463415
2021-05-07 19:00:00,35.27827956989247,75.39612903225806,56.0,36.515853658536585
2021-05-07 20:00:00,35.237177419354836,75.34177419354839,56.0,36.51024390243902
2021-05-07 21:00:00,35.196075268817204,75.2874193548387,56.0,36.50463414634146
2021-05-07 22:00:00,35.15497311827957,75.23306451612903,56.0,36.4990243902439
2021-05-07 23:00:00,35.11387096774193,75.17870967741935,56.0,36.49341463414634
2021-05-08 00:00:00,35.0727688172043,75.12435483870968,56.0,36.48780487804878
2021-05-08 01:00:00,35.031666666666666,75.07,56.0,36.48219512195122
2021-05-08 02:00:00,34.990564516129034,75.01564516129032,56.0,36.47658536585366
2021-05-08 03:00:00,34.949462365591394,74.96129032258064,56.0,36.470975609756096
2021-05-08 04:00:00,34.90836021505376,74.90693548387097,56.0,36.46536585365853
2021-05-08 05:00:00,34.86725806451613,74.85258064516128,56.0,36.45975609756098
2021-05-08 06:00:00,34.826155913978496,74.79822580645161,56.0,36.454146341463414
2021-05-08 07:00:00,34.78505376344086,74.74387096774193,56.0,36.44853658536585
2021-05-08 08:00:00,34.743951612903224,74.68951612903226,56.0,36.442926829268295
2021-05-08 09:00:00,34.70284946236559,74.63516129032257,56.0,36.43731707317073
2021-05-08 10:00:00,34.66174731182795,74.5808064516129,56.0,36.43170731707317
2021-05-08 11:00:00,34.62064516129032,74.52645161290323,56.0,36.426097560975606
2021-05-08 12:00:00,34.57954301075269,74.47209677419355,56.0,36.42048780487805
2021-05-08 13:00:00,34.538440860215054,74.41774193548387,56.0,36.41487804878049
2021-05-08 14:00:00,34.497338709677415,74.36338709677419,56.0,36.409268292682924
2021-05-08 15:00:00,34.45623655913978,74.30903225806452,56.0,36.40365853658537
2021-05-08 16:00:00,34.41513440860215,74.25467741935483,56.0,36.398048780487805
2021-05-08 17:00:00,34.37403225806452,74.20032258064516,56.0,36.39243902439024
2021-05-08 18:00:00,34.33293010752688,74.14596774193548,56.0,36.38682926829268
2021-05-08 19:00:00,34.291827956989245,74.09161290322581,56.0,36.38121951219512
2021-05-08 20:00:00,34.25072580645161,74.03725806451612,56.0,36.37560975609756
2021-05-08 21:00:00,34.20962365591398,73.98290322580645,56.0,36.37
2021-05-08 22:00:00,34.16852150537634,73.92854838709677,56.0,36.364390243902434
2021-05-08 23:00:00,34.12741935483871,73.8741935483871,56.0,36.35878048780488
2021-05-09 00:00:00,34.086317204301075,73.81983870967741,56.0,36.353170731707316
2021-05-09 01:00:00,34.04521505376344,73.76548387096774,56.0,36.34756097560975
2021-05-09 02:00:00,34.0041129032258,73.71112903225806,56.0,36.3419512195122
2021-05-09 03:00:00,33.96301075268817,73.65677419354839,56.0,36.336341463414634
2021-05-09 04:00:00,33.92190860215054,73.6024193548387,56.0,36.33073170731707
2021-05-09 05:00:00,33.880806451612905,73.54806451612903,56.0,36.32512195121951
2021-05-09 06:00:00,33.839704301075265,73.49370967741935,56.0,36.31951219512195
2021-05-09 07:00:00,33.79860215053763,73.43935483870968,56.0,36.31390243902439
2021-05-09 08:00:00,33.7575,73.38499999999999,56.0,36.308292682926826
2021-05-09 09:00:00,33.71639784946237,73.33064516129032,56.0,36.30268292682927
2021-05-09 10:00:00,33.67529569892473,73.27629032258065,56.0,36.29707317073171
2021-05-09 11:00:00,33.634193548387096,73.22193548387096,56.0,36.291463414634144
2021-05-09 12:00:00,33.59309139784946,73.1675806451613,56.0,36.28585365853658
2021-05-09 13:00:00,33.55198924731182,73.11322580645161,56.0,36.280243902439025
2021-05-09 14:00:00,33.51088709677419,73.05887096774194,56.0,36.27463414634146
2021-05-09 15:00:00,33.46978494623656,73.00451612903225,56.0,36.2690243902439
2021-05-09 16:00:00,33.428682795698926,72.95016129032258,56.0,36.26341463414634
2021-05-09 17:00:00,33.387580645161286,72.8958064516129,56.0,36.25780487804878
2021-05-09 18:00:00,33.34647849462365,72.84145161290323,56.0,36.25219512195122
2021-05-09 19:00:00,33.30537634408602,72.78709677419354,56.0,36.246585365853655
2021-05-09 20:00:00,33.26427419354839,72.73274193548387,56.0,36.2409756097561
2021-05-09 21:00:00,33.22317204301075,72.67838709677419,56.0,36.235365853658536
2021-05-09 22:00:00,33.182069892473116,72.62403225806452,56.0,36.22975609756097
2021-05-09 23:00:00,33.140967741935484,72.56967741935483,56.0,36.22414634146342
2021-05-10 00:00:00,33.09986559139785,72.51532258064516,56.0,36.218536585365854
2021-05-10 01:00:00,33.05876344086021,72.46096774193548,56.0,36.21292682926829
2021-05-10 02:00:00,33.01766129032258,72.4066129032258,56.0,36.20731707317073
2021-05-10 03:00:00,32.976559139784946,72.35225806451612,56.0,36.20170731707317
2021-05-10 04:00:00,32.935456989247314,72.29790322580645,56.0,36.19609756097561
2021-05-10 05:00:00,32.894354838709674,72.24354838709677,56.0,36.190487804878046
2021-05-10 06:00:00,32.85325268817204,72.1891935483871,56.0,36.18487804878049
2021-05-10 07:00:00,32.81215053763441,72.13483870967741,56.0,36.17926829268293
2021-05-10 08:00:00,32.77104838709677,72.08048387096774,56.0,36.173658536585364
2021-05-10 09:00:00,32.72994623655914,72.02612903225807,56.0,36.1680487804878
2021-05-10 10:00:00,32.688844086021504,71.97177419354838,56.0,36.162439024390245
2021-05-10 11:00:00,32.64774193548387,71.91741935483871,56.0,36.15682926829268
2021-05-10 12:00:00,32.60663978494624,71.86306451612903,56.0,36.15121951219512
2021-05-10 13:00:00,32.5655376344086,71.80870967741936,56.0,36.14560975609756
2021-05-10 14:00:00,32.52443548387097,71.75435483870967,56.0,36.14
2021-05-10 15:00:00,32.483333333333334,71.7,56.0,36.13439024390244
2021-05-10 16:00:00,32.442231182795695,71.64564516129032,56.0,36.128780487804875
2021-05-10 17:00:00,32.40112903225806,71.59129032258065,56.0,36.12317073170732
2021-05-10 18:00:00,32.36002688172043,71.53693548387096,56.0,36.117560975609756
2021-05-10 19:00:00,32.3189247311828,71.48258064516129,56.0,36.11195121951219
2021-05-10 20:00:00,32.27782258064516,71.42822580645161,56.0,36.10634146341464
2021-05-10 21:00:00,32.236720430107525,71.37387096774194,56.0,36.100731707317074
2021-05-10 22:00:00,32.19561827956989,71.31951612903225,56.0,36.09512195121951
2021-05-10 23:00:00,32.15451612903226,71.26516129032258,56.0,36.08951219512195
2021-05-11 00:00:00,32.11341397849462,71.2108064516129,56.0,36.08390243902439
2021-05-11 01:00:00,32.07231182795699,71.15645161290323,56.0,36.07829268292683
2021-05-11 02:00:00,32.031209677419355,71.10209677419354,56.0,36.072682926829266
2021-05-11 03:00:00,31.99010752688172,71.04774193548387,56.0,36.0670731707317
2021-05-11 04:00:00,31.949005376344083,70.99338709677419,56.0,36.06146341463415
2021-05-11 05:00:00,31.90790322580645,70.93903225806451,56.0,36.055853658536584
2021-05-11 06:00:00,31.866801075268818,70.88467741935483,56.0,36.05024390243902
2021-05-11 07:00:00,31.82569892473118,70.83032258064516,56.0,36.044634146341465
2021-05-11 08:00:00,31.784596774193545,70.77596774193549,56.0,36.0390243902439
2021-05-11 09:00:00,31.743494623655913,70.7216129032258,56.0,36.03341463414634
2021-05-11 10:00:00,31.70239247311828,70.66725806451613,56.0,36.02780487804878
2021-05-11 11:00:00,31.661290322580644,70.61290322580645,56.0,36.02219512195122
2021-05-11 12:00:00,31.620188172043008,70.55854838709678,56.0,36.01658536585366
2021-05-11 13:00:00,31.579086021505375,70.5041935483871,56.0,36.010975609756095
2021-05-11 14:00:00,31.53798387096774,70.44983870967742,56.0,36.00536585365854
2021-05-11 15:00:00,31.496881720430107,70.39548387096774,56.0,35.999756097560976
2021-05-11 16:00:00,31.45577956989247,70.34112903225807,56.0,35.99414634146341
2021-05-11 17:00:00,31.414677419354838,70.28677419354838,56.0,35.98853658536585
2021-05-11 18:00:00,31.373575268817202,70.23241935483871,56.0,35.982926829268294
2021-05-11 19:00:00,31.33247311827957,70.17806451612903,56.0,35.97731707317073
2021-05-11 20:00:00,31.291370967741933,70.12370967741936,56.0,35.97170731707317
2021-05-11 21:00:00,31.2502688172043,70.06935483870967,56.0,35.96609756097561
2021-05-11 22:00:00,31.209166666666665,70.015,56.0,35.96048780487805
2021-05-11 23:00:00,31.168064516129032,69.96064516129032,56.0,35.954878048780486
2021-05-12 00:00:00,31.126962365591396,69.90629032258065,56.0,35.94926829268292
2021-05-12 01:00:00,31.085860215053764,69.85193548387096,56.0,35.94365853658537
2021-05-12 02:00:00,31.044758064516127,69.79758064516129,56.0,35.938048780487804
2021-05-12 03:00:00,31.00365591397849,69.74322580645162,56.0,35.93243902439024
2021-05-12 04:00:00,30.96255376344086,69.68887096774193,56.0,35.926829268292686
2021-05-12 05:00:00,30.921451612903226,69.63451612903225,56.0,35.92121951219512
2021-05-12 06:00:00,30.88034946236559,69.58016129032258,56.0,35.91560975609756
2021-05-12 07:00:00,30.839247311827954,69.52580645161291,56.0,35.91
2021-05-12 08:00:00,30.79814516129032,69.47145161290322,56.0,35.90439024390244
2021-05-12 09:00:00,30.75704301075269,69.41709677419355,56.0,35.89878048780488
2021-05-12 10:00:00,30.715940860215053,69.36274193548387,56.0,35.893170731707315
2021-05-12 11:00:00,30.674838709677417,69.3083870967742,56.0,35.88756097560976
2021-05-12 12:00:00,30.633736559139784,69.25403225806451,56.0,35.881951219512196
2021-05-12 13:00:00,30.592634408602148,69.19967741935484,56.0,35.87634146341463
2021-05-12 14:00:00,30.551532258064515,69.14532258064516,56.0,35.87073170731707
2021-05-12 15:00:00,30.51043010752688,69.09096774193549,56.0,35.865121951219514
2021-05-12 16:00:00,30.469327956989247,69.0366129032258,56.0,35.85951219512195
2021-05-12 17:00:00,30.42822580645161,68.98225806451613,56.0,35.85390243902439
2021-05-12 18:00:00,30.387123655913978,68.92790322580645,56.0,35.84829268292683
2021-05-12 19:00:00,30.346021505376342,68.87354838709678,56.0,35.84268292682927
2021-05-12 20:00:00,30.30491935483871,68.81919354838709,56.0,35.837073170731706
2021-05-12 21:00:00,30.263817204301073,68.76483870967742,56.0,35.83146341463414
2021-05-12 22:00:00,30.22271505376344,68.71048387096774,56.0,35.82585365853659
2021-05-12 23:00:00,30.181612903225805,68.65612903225806,56.0,35.820243902439024
2021-05-13 00:00:00,30.140510752688172,68.60177419354838,56.0,35.81463414634146
2021-05-13 01:00:00,30.099408602150536,68.54741935483871,56.0,35.809024390243906
2021-05-13 02:00:00,30.0583064516129,68.49306451612902,56.0,35.80341463414634
2021-05-13 03:00:00,30.017204301075267,68.43870967741935,56.0,35.79780487804878
2021-05-13 04:00:00,29.976102150537635,68.38435483870967,56.0,35.79219512195122
2021-05-13 05:00:00,29.935,68.33,56.0,35.78658536585366
2021-05-13 06:00:00,29.893897849462363,68.27564516129033,56.0,35.7809756097561
2021-05-13 07:00:00,29.85279569892473,68.22129032258064,56.0,35.775365853658535
2021-05-13 08:00:00,29.811693548387098,68.16693548387096,56.0,35.76975609756097
2021-05-13 09:00:00,29.77059139784946,68.11258064516129,56.0,35.764146341463416
2021-05-13 10:00:00,29.729489247311825,68.05822580645162,56.0,35.75853658536585
2021-05-13 11:00:00,29.688387096774193,68.00387096774193,56.0,35.75292682926829
2021-05-13 12:00:00,29.647284946236557,67.94951612903226,56.0,35.747317073170734
2021-05-13 13:00:00,29.606182795698924,67.89516129032258,56.0,35.74170731707317
2021-05-13 14:00:00,29.565080645161288,67.8408064516129,56.0,35.73609756097561
2021-05-13 15:00:00,29.523978494623655,67.78645161290322,56.0,35.730487804878045
2021-05-13 16:00:00,29.482876344086023,67.73209677419355,56.0,35.72487804878049
2021-05-13 17:00:00,29.441774193548383,67.67774193548387,56.0,35.719268292682926
2021-05-13 18:00:00,29.40067204301075,67.6233870967742,56.0,35.71365853658536
2021-05-13 19:00:00,29.359569892473118,67.56903225806451,56.0,35.70804878048781
2021-05-13 20:00:00,29.318467741935482,67.51467741935484,56.0,35.702439024390245
2021-05-13 21:00:00,29.277365591397846,67.46032258064515,56.0,35.69682926829268
2021-05-13 22:00:00,29.236263440860213,67.40596774193548,56.0,35.69121951219512
2021-05-13 23:00:00,29.19516129032258,67.3516129032258,56.0,35.68560975609756
2021-05-14 00:00:00,29.154059139784945,67.29725806451613,56.0,35.68
2021-05-14 01:00:00,29.11295698924731,67.24290322580644,56.0,35.67439024390244
2021-05-14 02:00:00,29.071854838709676,67.18854838709677,56.0,35.66878048780488
2021-05-14 03:00:00,29.030752688172043,67.13419354838709,56.0,35.66317073170732
2021-05-14 04:00:00,28.989650537634407,67.07983870967742,56.0,35.657560975609755
2021-05-14 05:00:00,28.94854838709677,67.02548387096775,56.0,35.65195121951219
2021-05-14 06:00:00,28.90744623655914,66.97112903225806,56.0,35.646341463414636
2021-05-14 07:00:00,28.866344086021506,66.91677419354838,56.0,35.64073170731707
2021-05-14 08:00:00,28.82524193548387,66.8624193548387,56.0,35.63512195121951
2021-05-14 09:00:00,28.784139784946234,66.80806451612904,56.0,35.629512195121954
2021-05-14 10:00:00,28.7430376344086,66.75370967741935,56.0,35.62390243902439
2021-05-14 11:00:00,28.70193548387097,66.69935483870968,56.0,35.61829268292683
2021-05-14 12:00:00,28.660833333333333,66.645,56.0,35.612682926829265
2021-05-14 13:00:00,28.619731182795697,66.59064516129033,56.0,35.60707317073171
2021-05-14 14:00:00,28.578629032258064,66.53629032258064,56.0,35.601463414634146
2021-05-14 15:00:00,28.53752688172043,66.48193548387097,56.0,35.59585365853658
2021-05-14 16:00:00,28.496424731182795,66.42758064516129,56.0,35.59024390243903
2021-05-14 17:00:00,28.45532258064516,66.37322580645161,56.0,35.584634146341465
2021-05-14 18:00:00,28.414220430107527,66.31887096774193,56.0,35.5790243902439
2021-05-14 19:00:00,28.37311827956989,66.26451612903226,56.0,35.57341463414634
2021-05-14 20:00:00,28.332016129032255,66.21016129032257,56.0,35.56780487804878
2021-05-14 21:00:00,28.290913978494622,66.1558064516129,56.0,35.56219512195122
2021-05-14 22:00:00,28.24981182795699,66.10145161290322,56.0,35.55658536585366
2021-05-14 23:00:00,28.208709677419353,66.04709677419355,56.0,35.550975609756094
2021-05-15 00:00:00,28.167607526881717,65.99274193548386,56.0,35.54536585365854
2021-05-15 01:00:00,28.126505376344085,65.93838709677419,56.0,35.539756097560975
2021-05-15 02:00:00,28.085403225806452,65.88403225806451,56.0,35.53414634146341
2021-05-15 03:00:00,28.044301075268816,65.82967741935484,56.0,35.528536585365856
2021-05-15 04:00:00,28.00319892473118,65.77532258064517,56.0,35.52292682926829
2021-05-15 05:00:00,27.962096774193547,65.72096774193548,56.0,35.51731707317073
2021-05-15 06:00:00,27.920994623655915,65.6666129032258,56.0,35.511707317073174
2021-05-15 07:00:00,27.87989247311828,65.61225806451613,56.0,35.50609756097561
2021-05-15 08:00:00,27.838790322580643,65.55790322580646,56.0,35.50048780487805
2021-05-15 09:00:00,27.79768817204301,65.50354838709677,56.0,35.494878048780485
2021-05-15 10:00:00,27.756586021505377,65.4491935483871,56.0,35.48926829268293
2021-05-15 11:00:00,27.71548387096774,65.39483870967742,56.0,35.48365853658537
2021-05-15 12:00:00,27.674381720430105,65.34048387096774,56.0,35.4780487804878
2021-05-15 13:00:00,27.633279569892473,65.28612903225806,56.0,35.47243902439024
2021-05-15 14:00:00,27.59217741935484,65.23177419354839,56.0,35.466829268292685
2021-05-15 15:00:00,27.551075268817204,65.1774193548387,56.0,35.46121951219512
2021-05-15 16:00:00,27.509973118279568,65.12306451612903,56.0,35.45560975609756
2021-05-15 17:00:00,27.468870967741935,65.06870967741935,56.0,35.45
2021-05-15 18:00:00,27.4277688172043,65.01435483870968,56.0,35.44439024390244
2021-05-15 19:00:00,27.386666666666663,64.96,56.0,35.43878048780488
2021-05-15 20:00:00,27.34556451612903,64.90564516129032,56.0,35.433170731707314
2021-05-15 21:00:00,27.304462365591398,64.85129032258064,56.0,35.42756097560976
2021-05-15 22:00:00,27.263360215053762,64.79693548387097,56.0,35.421951219512195
2021-05-15 23:00:00,27.222258064516126,64.74258064516128,56.0,35.41634146341463
2021-05-16 00:00:00,27.181155913978493,64.68822580645161,56.0,35.410731707317076
2021-05-16 01:00:00,27.14005376344086,64.63387096774193,56.0,35.40512195121951
2021-05-16 02:00:00,27.098951612903225,64.57951612903226,56.0,35.39951219512195
2021-05-16 03:00:00,27.05784946236559,64.52516129032259,56.0,35.39390243902439
2021-05-16 04:00:00,27.016747311827956,64.4708064516129,56.0,35.38829268292683
2021-05-16 05:00:00,26.975645161290323,64.41645161290322,56.0,35.38268292682927
2021-05-16 06:00:00,26.934543010752687,64.36209677419355,56.0,35.377073170731705
2021-05-16 07:00:00,26.89344086021505,64.30774193548388,56.0,35.37146341463415
2021-05-16 08:00:00,26.85233870967742,64.25338709677419,56.0,35.36585365853659
2021-05-16 09:00:00,26.811236559139786,64.19903225806452,56.0,35.360243902439024
2021-05-16 10:00:00,26.77013440860215,64.14467741935484,56.0,35.35463414634146
2021-05-16 11:00:00,26.729032258064514,64.09032258064516,56.0,35.349024390243905
2021-05-16 12:00:00,26.68793010752688,64.03596774193548,56.0,35.34341463414634
2021-05-16 13:00:00,26.64682795698925,63.98161290322581,56.0,35.33780487804878
2021-05-16 14:00:00,26.605725806451613,63.927258064516124,56.0,35.33219512195122
2021-05-16 15:00:00,26.564623655913977,63.87290322580645,56.0,35.32658536585366
2021-05-16 16:00:00,26.523521505376344,63.81854838709677,56.0,35.3209756097561
2021-05-16 17:00:00,26.482419354838708,63.7641935483871,56.0,35.315365853658534
2021-05-16 18:00:00,26.441317204301072,63.70983870967742,56.0,35.30975609756098
2021-05-16 19:00:00,26.40021505376344,63.65548387096774,56.0,35.304146341463415
2021-05-16 20:00:00,26.359112903225807,63.601129032258065,56.0,35.29853658536585
2021-05-16 21:00:00,26.31801075268817,63.54677419354839,56.0,35.292926829268296
2021-05-16 22:00:00,26.276908602150534,63.49241935483871,56.0,35.28731707317073
2021-05-16 23:00:00,26.235806451612902,63.43806451612903,56.0,35.28170731707317
2021-05-17 00:00:00,26.19470430107527,63.383709677419354,56.0,35.27609756097561
2021-05-17 01:00:00,26.153602150537633,63.329354838709676,56.0,35.27048780487805
2021-05-17 02:00:00,26.112499999999997,63.275,56.0,35.26487804878049
2021-05-17 03:00:00,26.071397849462365,63.22064516129032,56.0,35.259268292682926
2021-05-17 04:00:00,26.030295698924732,63.16629032258064,56.0,35.25365853658536
2021-05-17 05:00:00,25.989193548387096,63.111935483870965,56.0,35.24804878048781
2021-05-17 06:00:00,25.94809139784946,63.05758064516129,56.0,35.242439024390244
2021-05-17 07:00:00,25.906989247311827,63.00322580645161,56.0,35.23682926829268
2021-05-17 08:00:00,25.865887096774195,62.94887096774193,56.0,35.231219512195125
2021-05-17 09:00:00,25.82478494623656,62.894516129032255,56.0,35.22560975609756
2021-05-17 10:00:00,25.783682795698923,62.84016129032258,56.0,35.22
2021-05-17 11:00:00,25.74258064516129,62.7858064516129,56.0,35.21439024390244
2021-05-17 12:00:00,25.701478494623657,62.73145161290323,56.0,35.20878048780488
2021-05-17 13:00:00,25.66037634408602,62.677096774193544,56.0,35.20317073170732
2021-05-17 14:00:00,25.619274193548385,62.62274193548387,56.0,35.197560975609754
2021-05-17 15:00:00,25.578172043010753,62.56838709677419,56.0,35.1919512195122
2021-05-17 16:00:00,25.537069892473117,62.51403225806452,56.0,35.186341463414635
2021-05-17 17:00:00,25.49596774193548,62.45967741935484,56.0,35.18073170731707
2021-05-17 18:00:00,25.454865591397848,62.40532258064516,56.0,35.17512195121951
2021-05-17 19:00:00,25.413763440860215,62.35096774193548,56.0,35.16951219512195
2021-05-17 20:00:00,25.37266129032258,62.29661290322581,56.0,35.16390243902439
2021-05-17 21:00:00,25.331559139784943,62.24225806451613,56.0,35.15829268292683
2021-05-17 22:00:00,25.29045698924731,62.18790322580645,56.0,35.15268292682927
2021-05-17 23:00:00,25.249354838709678,62.13354838709677,56.0,35.14707317073171
2021-05-18 00:00:00,25.208252688172042,62.079193548387096,56.0,35.141463414634146
2021-05-18 01:00:00,25.167150537634406,62.02483870967742,56.0,35.13585365853658
2021-05-18 02:00:00,25.126048387096773,61.97048387096774,56.0,35.13024390243903
2021-05-18 03:00:00,25.08494623655914,61.91612903225806,56.0,35.124634146341464
2021-05-18 04:00:00,25.043844086021505,61.861774193548385,56.0,35.1190243902439
2021-05-18 05:00:00,25.00274193548387,61.80741935483871,56.0,35.113414634146345
2021-05-18 06:00:00,24.961639784946236,61.75306451612903,56.0,35.10780487804878
2021-05-18 07:00:00,24.920537634408603,61.69870967741935,56.0,35.10219512195122
2021-05-18 08:00:00,24.879435483870967,61.644354838709674,56.0,35.096585365853656
2021-05-18 09:00:00,24.83833333333333,61.59,56.0,35.0909756097561
2021-05-18 10:00:00,24.7972311827957,61.53564516129032,56.0,35.08536585365854
2021-05-18 11:00:00,24.756129032258066,61.48129032258065,56.0,35.079756097560974
2021-05-18 12:00:00,24.71502688172043,61.42693548387096,56.0,35.07414634146342
2021-05-18 13:00:00,24.673924731182794,61.37258064516129,56.0,35.068536585365855
2021-05-18 14:00:00,24.63282258064516,61.31822580645161,56.0,35.06292682926829
2021-05-18 15:00:00,24.591720430107525,61.26387096774194,56.0,35.05731707317073
2021-05-18 16:00:00,24.55061827956989,61.20951612903225,56.0,35.05170731707317
2021-05-18 17:00:00,24.509516129032257,61.15516129032258,56.0,35.04609756097561
2021-05-18 18:00:00,24.468413978494624,61.1008064516129,56.0,35.04048780487805
2021-05-18 19:00:00,24.427311827956988,61.046451612903226,56.0,35.03487804878049
2021-05-18 20:00:00,24.38620967741935,60.99209677419355,56.0,35.02926829268293
2021-05-18 21:00:00,24.34510752688172,60.93774193548387,56.0,35.023658536585366
2021-05-18 22:00:00,24.304005376344087,60.88338709677419,56.0,35.0180487804878
2021-05-18 23:00:00,24.26290322580645,60.829032258064515,56.0,35.01243902439025
2021-05-19 00:00:00,24.221801075268814,60.77467741935484,56.0,35.006829268292684
2021-05-19 01:00:00,24.180698924731182,60.72032258064516,56.0,35.00121951219512
2021-05-19 02:00:00,24.13959677419355,60.66596774193548,56.0,34.995609756097565
2021-05-19 03:00:00,24.098494623655913,60.611612903225804,56.0,34.99
2021-05-19 04:00:00,24.057392473118277,60.55725806451613,56.0,34.98439024390244
2021-05-19 05:00:00,24.016290322580645,60.50290322580645,56.0,34.978780487804876
2021-05-19 06:00:00,23.975188172043012,60.44854838709677,56.0,34.97317073170732
2021-05-19 07:00:00,23.934086021505376,60.39419354838709,56.0,34.96756097560976
2021-05-19 08:00:00,23.89298387096774,60.33983870967742,56.0,34.961951219512194
2021-05-19 09:00:00,23.851881720430107,60.28548387096774,56.0,34.95634146341463
2021-05-19 10:00:00,23.810779569892475,60.23112903225807,56.0,34.950731707317075
2021-05-19 11:00:00,23.76967741935484,60.17677419354838,56.0,34.94512195121951
2021-05-19 12:00:00,23.728575268817202,60.12241935483871,56.0,34.93951219512195
2021-05-19 13:00:00,23.68747311827957,60.06806451612903,56.0,34.93390243902439
2021-05-19 14:00:00,23.646370967741934,60.01370967741936,56.0,34.92829268292683
2021-05-19 15:00:00,23.605268817204298,59.95935483870967,56.0,34.92268292682927
2021-05-19 16:00:00,23.564166666666665,59.905,56.0,34.91707317073171
2021-05-19 17:00:00,23.523064516129033,59.850645161290316,56.0,34.91146341463415
2021-05-19 18:00:00,23.481962365591396,59.796290322580646,56.0,34.905853658536586
2021-05-19 19:00:00,23.44086021505376,59.74193548387097,56.0,34.90024390243902
2021-05-19 20:00:00,23.399758064516128,59.68758064516129,56.0,34.89463414634147
2021-05-19 21:00:00,23.358655913978495,59.63322580645161,56.0,34.889024390243904
2021-05-19 22:00:00,23.31755376344086,59.578870967741935,56.0,34.88341463414634
2021-05-19 23:00:00,23.276451612903223,59.52451612903226,56.0,34.87780487804878
2021-05-20 00:00:00,23.23534946236559,59.47016129032258,56.0,34.87219512195122
2021-05-20 01:00:00,23.194247311827958,59.4158064516129,56.0,34.86658536585366
2021-05-20 02:00:00,23.153145161290322,59.361451612903224,56.0,34.860975609756096
2021-05-20 03:00:00,23.112043010752686,59.307096774193546,56.0,34.85536585365854
2021-05-20 04:00:00,23.070940860215053,59.25274193548387,56.0,34.84975609756098
2021-05-20 05:00:00,23.02983870967742,59.19838709677419,56.0,34.844146341463414
2021-05-20 06:00:00,22.988736559139785,59.14403225806451,56.0,34.83853658536585
2021-05-20 07:00:00,22.94763440860215,59.08967741935484,56.0,34.832926829268295
2021-05-20 08:00:00,22.906532258064516,59.03532258064516,56.0,34.82731707317073
2021-05-20 09:00:00,22.865430107526883,58.98096774193549,56.0,34.82170731707317
2021-05-20 10:00:00,22.824327956989247,58.9266129032258,56.0,34.816097560975614
2021-05-20 11:00:00,22.78322580645161,58.87225806451613,56.0,34.81048780487805
2021-05-20 12:00:00,22.74212365591398,58.81790322580645,56.0,34.80487804878049
2021-05-20 13:00:00,22.701021505376342,58.763548387096776,56.0,34.799268292682925
2021-05-20 14:00:00,22.659919354838706,58.70919354838709,56.0,34.79365853658537
2021-05-20 15:00:00,22.618817204301074,58.65483870967742,56.0,34.788048780487806
2021-05-20 16:00:00,22.57771505376344,58.600483870967736,56.0,34.78243902439024
2021-05-20 17:00:00,22.536612903225805,58.546129032258065,56.0,34.77682926829269
2021-05-20 18:00:00,22.49551075268817,58.49177419354839,56.0,34.771219512195124
2021-05-20 19:00:00,22.454408602150536,58.43741935483871,56.0,34.76560975609756
2021-05-20 20:00:00,22.413306451612904,58.38306451612903,56.0,34.76
2021-05-20 21:00:00,22.372204301075268,58.328709677419354,56.0,34.75439024390244
2021-05-20 22:00:00,22.33110215053763,58.27435483870968,56.0,34.74878048780488
2021-05-20 23:00:00,22.29,58.22,56.0,34.743170731707316
2021-05-21 00:00:00,22.248897849462367,58.16564516129032,56.0,34.73756097560976
2021-05-21 01:00:00,22.20779569892473,58.11129032258064,56.0,34.7319512195122
2021-05-21 02:00:00,22.166693548387094,58.056935483870966,56.0,34.726341463414634
2021-05-21 03:00:00,22.125591397849462,58.00258064516129,56.0,34.72073170731707
2021-05-21 04:00:00,22.08448924731183,57.94822580645161,56.0,34.715121951219515
2021-05-21 05:00:00,22.043387096774193,57.89387096774193,56.0,34.70951219512195
2021-05-21 06:00:00,22.002284946236557,57.83951612903226,56.0,34.70390243902439
2021-05-21 07:00:00,21.961182795698925,57.78516129032258,56.0,34.698292682926834
2021-05-21 08:00:00,21.920080645161292,57.73080645161291,56.0,34.69268292682927
2021-05-21 09:00:00,21.878978494623656,57.67645161290322,56.0,34.68707317073171
2021-05-21 10:00:00,21.83787634408602,57.62209677419355,56.0,34.681463414634145
2021-05-21 11:00:00,21.796774193548387,57.567741935483866,56.0,34.67585365853659
2021-05-21 12:00:00,21.75567204301075,57.513387096774196,56.0,34.670243902439026
2021-05-21 13:00:00,21.714569892473115,57.45903225806451,56.0,34.66463414634146
2021-05-21 14:00:00,21.673467741935482,57.40467741935484,56.0,34.6590243902439
2021-05-21 15:00:00,21.63236559139785,57.350322580645155,56.0,34.653414634146344
2021-05-21 16:00:00,21.591263440860214,57.295967741935485,56.0,34.64780487804878
2021-05-21 17:00:00,21.55016129032258,57.24161290322581,56.0,34.64219512195122
2021-05-21 18:00:00,21.509059139784945,57.18725806451613,56.0,34.63658536585366
2021-05-21 19:00:00,21.467956989247313,57.13290322580645,56.0,34.6309756097561
2021-05-21 20:00:00,21.426854838709676,57.078548387096774,56.0,34.625365853658536
2021-05-21 21:00:00,21.385752688172044,57.024193548387096,56.0,34.61975609756098
2021-05-21 22:00:00,21.344650537634408,56.96983870967742,56.0,34.61414634146342
2021-05-21 23:00:00,21.30354838709677,56.91548387096774,56.0,34.608536585365854
2021-05-22 00:00:00,21.26244623655914,56.86112903225806,56.0,34.60292682926829
2021-05-22 01:00:00,21.221344086021503,56.806774193548385,56.0,34.597317073170736
2021-05-22 02:00:00,21.18024193548387,56.75241935483871,56.0,34.59170731707317
2021-05-22 03:00:00,21.139139784946234,56.69806451612903,56.0,34.58609756097561
2021-05-22 04:00:00,21.098037634408602,56.64370967741935,56.0,34.58048780487805
2021-05-22 05:00:00,21.056935483870966,56.58935483870968,56.0,34.57487804878049
2021-05-22 06:00:00,21.015833333333333,56.535,56.0,34.56926829268293
2021-05-22 07:00:00,20.974731182795697,56.480645161290326,56.0,34.563658536585365
2021-05-22 08:00:00,20.933629032258064,56.42629032258064,56.0,34.55804878048781
2021-05-22 09:00:00,20.89252688172043,56.37193548387097,56.0,34.552439024390246
2021-05-22 10:00:00,20.851424731182796,56.317580645161286,56.0,34.54682926829268
2021-05-22 11:00:00,20.81032258064516,56.263225806451615,56.0,34.54121951219512
2021-05-22 12:00:00,20.769220430107527,56.20887096774193,56.0,34.535609756097564
2021-05-22 13:00:00,20.72811827956989,56.15451612903226,56.0,34.53
2021-05-22 14:00:00,20.68701612903226,56.100161290322575,56.0,34.52818991097923
2021-05-22 15:00:00,20.645913978494622,56.045806451612904,56.0,34.52637982195846
2021-05-22 16:00:00,20.60481182795699,55.99145161290322,56.0,34.524569732937685
2021-05-22 17:00:00,20.563709677419354,55.93709677419355,56.0,34.52275964391691
2021-05-22 18:00:00,20.52260752688172,55.88274193548387,56.0,34.52094955489614
2021-05-22 19:00:00,20.481505376344085,55.82838709677419,56.0,34.51913946587537
2021-05-22 20:00:00,20.440403225806453,55.774032258064516,56.0,34.5173293768546
2021-05-22 21:00:00,20.399301075268816,55.71967741935484,56.0,34.515519287833826
2021-05-22 22:00:00,20.35819892473118,55.66532258064516,56.0,34.51370919881306
2021-05-22 23:00:00,20.317096774193548,55.61096774193548,56.0,34.51189910979229
2021-05-23 00:00:00,20.27599462365591,55.556612903225805,56.0,34.51008902077152
2021-05-23 01:00:00,20.23489247311828,55.50225806451613,56.0,34.508278931750745
2021-05-23 02:00:00,20.193790322580643,55.44790322580645,56.0,34.50646884272997
2021-05-23 03:00:00,20.15268817204301,55.39354838709677,56.0,34.5046587537092
2021-05-23 04:00:00,20.111586021505374,55.3391935483871,56.0,34.50284866468843
2021-05-23 05:00:00,20.070483870967742,55.284838709677416,56.0,34.50103857566766
2021-05-23 06:00:00,20.029381720430106,55.230483870967745,56.0,34.499228486646885
2021-05-23 07:00:00,19.988279569892473,55.17612903225806,56.0,34.49741839762611
2021-05-23 08:00:00,19.947177419354837,55.12177419354839,56.0,34.49560830860534
2021-05-23 09:00:00,19.906075268817204,55.067419354838705,56.0,34.49379821958457
2021-05-23 10:00:00,19.86497311827957,55.013064516129035,56.0,34.4919881305638
2021-05-23 11:00:00,19.823870967741936,54.95870967741935,56.0,34.490178041543025
2021-05-23 12:00:00,19.7827688172043,54.90435483870968,56.0,34.48836795252225
2021-05-23 13:00:00,19.741666666666667,54.849999999999994,56.0,34.48655786350148
2021-05-23 14:00:00,19.70056451612903,54.795645161290324,56.0,34.48474777448072
2021-05-23 15:00:00,19.6594623655914,54.74129032258064,56.0,34.482937685459945
2021-05-23 16:00:00,19.618360215053762,54.68693548387097,56.0,34.48112759643917
2021-05-23 17:00:00,19.57725806451613,54.63258064516129,56.0,34.4793175074184
2021-05-23 18:00:00,19.536155913978494,54.57822580645161,56.0,34.47750741839763
2021-05-23 19:00:00,19.49505376344086,54.523870967741935,56.0,34.47569732937686
2021-05-23 20:00:00,19.453951612903225,54.46951612903226,56.0,34.473887240356085
2021-05-23 21:00:00,19.412849462365593,54.41516129032258,56.0,34.47207715133531
2021-05-23 22:00:00,19.371747311827956,54.3608064516129,56.0,34.47026706231454
2021-05-23 23:00:00,19.33064516129032,54.306451612903224,56.0,34.46845697329377
2021-05-24 00:00:00,19.289543010752688,54.25209677419355,56.0,34.466646884273
2021-05-24 01:00:00,19.24844086021505,54.19774193548387,56.0,34.464836795252225
2021-05-24 02:00:00,19.20733870967742,54.14338709677419,56.0,34.46302670623145
2021-05-24 03:00:00,19.166236559139783,54.08903225806451,56.0,34.46121661721068
2021-05-24 04:00:00,19.12513440860215,54.034677419354836,56.0,34.45940652818991
2021-05-24 05:00:00,19.084032258064514,53.980322580645165,56.0,34.45759643916914
2021-05-24 06:00:00,19.04293010752688,53.92596774193548,56.0,34.45578635014837
2021-05-24 07:00:00,19.001827956989246,53.87161290322581,56.0,34.4539762611276
2021-05-24 08:00:00,18.960725806451613,53.817258064516125,56.0,34.45216617210683
2021-05-24 09:00:00,18.919623655913977,53.762903225806454,56.0,34.45035608308606
2021-05-24 10:00:00,18.878521505376344,53.70854838709677,56.0,34.448545994065285
2021-05-24 11:00:00,18.83741935483871,53.6541935483871,56.0,34.44673590504451
2021-05-24 12:00:00,18.796317204301076,53.599838709677414,56.0,34.44492581602374
2021-05-24 13:00:00,18.75521505376344,53.54548387096774,56.0,34.44311572700297
2021-05-24 14:00:00,18.714112903225807,53.49112903225806,56.0,34.4413056379822
2021-05-24 15:00:00,18.67301075268817,53.43677419354839,56.0,34.439495548961425
2021-05-24 16:00:00,18.63190860215054,53.38241935483871,56.0,34.43768545994065
2021-05-24 17:00:00,18.590806451612902,53.32806451612903,56.0,34.43587537091988
2021-05-24 18:00:00,18.54970430107527,53.273709677419355,56.0,34.43406528189911
2021-05-24 19:00:00,18.508602150537634,53.21935483870968,56.0,34.43225519287834
2021-05-24 20:00:00,18.4675,53.165,56.0,34.430445103857565
2021-05-24 21:00:00,18.426397849462365,53.11064516129032,56.0,34.42863501483679
2021-05-24 22:00:00,18.38529569892473,53.056290322580644,56.0,34.42682492581603
2021-05-24 23:00:00,18.344193548387096,53.001935483870966,56.0,34.425014836795256
2021-05-25 00:00:00,18.30309139784946,52.94758064516129,56.0,34.423204747774484
2021-05-25 01:00:00,18.261989247311828,52.89322580645161,56.0,34.42139465875371
2021-05-25 02:00:00,18.22088709677419,52.83887096774193,56.0,34.41958456973294
2021-05-25 03:00:00,18.17978494623656,52.784516129032255,56.0,34.41777448071217
2021-05-25 04:00:00,18.138682795698923,52.730161290322584,56.0,34.415964391691396
2021-05-25 05:00:00,18.09758064516129,52.6758064516129,56.0,34.414154302670624
2021-05-25 06:00:00,18.056478494623654,52.62145161290323,56.0,34.41234421364985
2021-05-25 07:00:00,18.01537634408602,52.567096774193544,56.0,34.41053412462908
2021-05-25 08:00:00,17.974274193548386,52.512741935483874,56.0,34.40872403560831
2021-05-25 09:00:00,17.933172043010753,52.45838709677419,56.0,34.40691394658754
2021-05-25 10:00:00,17.892069892473117,52.40403225806452,56.0,34.405103857566765
2021-05-25 11:00:00,17.850967741935484,52.34967741935483,56.0,34.40329376854599
2021-05-25 12:00:00,17.80986559139785,52.29532258064516,56.0,34.40148367952522
2021-05-25 13:00:00,17.768763440860216,52.24096774193548,56.0,34.39967359050445
2021-05-25 14:00:00,17.72766129032258,52.18661290322581,56.0,34.397863501483684
2021-05-25 15:00:00,17.686559139784947,52.13225806451613,56.0,34.39605341246291
2021-05-25 16:00:00,17.64545698924731,52.07790322580645,56.0,34.39424332344214
2021-05-25 17:00:00,17.60435483870968,52.023548387096774,56.0,34.39243323442137
2021-05-25 18:00:00,17.563252688172042,51.969193548387096,56.0,34.390623145400596
2021-05-25 19:00:00,17.52215053763441,51.91483870967742,56.0,34.388813056379824
2021-05-25 20:00:00,17.481048387096774,51.86048387096774,56.0,34.38700296735905
2021-05-25 21:00:00,17.439946236559138,51.80612903225806,56.0,34.38519287833828
2021-05-25 22:00:00,17.398844086021505,51.751774193548385,56.0,34.38338278931751
2021-05-25 23:00:00,17.35774193548387,51.69741935483871,56.0,34.381572700296736
2021-05-26 00:00:00,17.316639784946236,51.64306451612903,56.0,34.379762611275964
2021-05-26 01:00:00,17.2755376344086,51.58870967741935,56.0,34.37795252225519
2021-05-26 02:00:00,17.234435483870968,51.534354838709675,56.0,34.37614243323442
2021-05-26 03:00:00,17.19333333333333,51.480000000000004,56.0,34.37433234421365
2021-05-26 04:00:00,17.1522311827957,51.42564516129032,56.0,34.37252225519288
2021-05-26 05:00:00,17.111129032258063,51.37129032258065,56.0,34.370712166172105
2021-05-26 06:00:00,17.07002688172043,51.316935483870964,56.0,34.36890207715134
2021-05-26 07:00:00,17.028924731182794,51.26258064516129,56.0,34.36709198813057
2021-05-26 08:00:00,16.98782258064516,51.20822580645161,56.0,34.365281899109796
2021-05-26 09:00:00,16.946720430107526,51.15387096774194,56.0,34.363471810089024
2021-05-26 10:00:00,16.905618279569893,51.09951612903225,56.0,34.36166172106825
2021-05-26 11:00:00,16.864516129032257,51.04516129032258,56.0,34.35985163204748
2021-05-26 12:00:00,16.823413978494624,50.9908064516129,56.0,34.35804154302671
2021-05-26 13:00:00,16.78231182795699,50.93645161290323,56.0,34.356231454005936
2021-05-26 14:00:00,16.741209677419356,50.88209677419355,56.0,34.354421364985164
2021-05-26 15:00:00,16.70010752688172,50.82774193548387,56.0,34.35261127596439
2021-05-26 16:00:00,16.659005376344087,50.773387096774194,56.0,34.35080118694362
2021-05-26 17:00:00,16.61790322580645,50.719032258064516,56.0,34.34899109792285
2021-05-26 18:00:00,16.57680107526882,50.66467741935484,56.0,34.347181008902076
2021-05-26 19:00:00,16.535698924731182,50.61032258064516,56.0,34.345370919881304
2021-05-26 20:00:00,16.494596774193546,50.55596774193548,56.0,34.34356083086053
2021-05-26 21:00:00,16.453494623655914,50.501612903225805,56.0,34.34175074183976
2021-05-26 22:00:00,16.412392473118278,50.44725806451613,56.0,34.339940652818996
2021-05-26 23:00:00,16.371290322580645,50.39290322580645,56.0,34.338130563798224
2021-05-27 00:00:00,16.33018817204301,50.33854838709677,56.0,34.33632047477745
2021-05-27 01:00:00,16.289086021505376,50.284193548387094,56.0,34.33451038575668
2021-05-27 02:00:00,16.24798387096774,50.22983870967742,56.0,34.33270029673591
2021-05-27 03:00:00,16.206881720430108,50.17548387096774,56.0,34.330890207715136
2021-05-27 04:00:00,16.16577956989247,50.12112903225807,56.0,34.329080118694364
2021-05-27 05:00:00,16.12467741935484,50.06677419354838,56.0,34.32727002967359
2021-05-27 06:00:00,16.083575268817203,50.01241935483871,56.0,34.32545994065282
2021-05-27 07:00:00,16.04247311827957,49.95806451612903,56.0,34.32364985163205
2021-05-27 08:00:00,16.001370967741934,49.90370967741936,56.0,34.321839762611276
2021-05-27 09:00:00,15.960268817204302,49.84935483870967,56.0,34.320029673590504
2021-05-27 10:00:00,15.919166666666666,49.795,56.0,34.31821958456973
2021-05-27 11:00:00,15.878064516129033,49.74064516129032,56.0,34.31640949554896
2021-05-27 12:00:00,15.836962365591397,49.686290322580646,56.0,34.31459940652819
2021-05-27 13:00:00,15.795860215053764,49.63193548387097,56.0,34.312789317507416
2021-05-27 14:00:00,15.754758064516128,49.57758064516129,56.0,34.31097922848665
2021-05-27 15:00:00,15.713655913978496,49.52322580645161,56.0,34.30916913946588
2021-05-27 16:00:00,15.67255376344086,49.468870967741935,56.0,34.30735905044511
2021-05-27 17:00:00,15.631451612903227,49.41451612903226,56.0,34.305548961424336
2021-05-27 18:00:00,15.590349462365591,49.36016129032258,56.0,34.303738872403564
2021-05-27 19:00:00,15.549247311827955,49.3058064516129,56.0,34.30192878338279
2021-05-27 20:00:00,15.508145161290322,49.251451612903224,56.0,34.30011869436202
2021-05-27 21:00:00,15.467043010752686,49.19709677419355,56.0,34.29830860534125
2021-05-27 22:00:00,15.425940860215054,49.14274193548387,56.0,34.296498516320476
2021-05-27 23:00:00,15.384838709677418,49.08838709677419,56.0,34.294688427299704
2021-05-28 00:00:00,15.343736559139785,49.034032258064514,56.0,34.29287833827893
2021-05-28 01:00:00,15.302634408602149,48.97967741935484,56.0,34.29106824925816
2021-05-28 02:00:00,15.261532258064516,48.92532258064516,56.0,34.28925816023739
2021-05-28 03:00:00,15.22043010752688,48.87096774193549,56.0,34.287448071216616
2021-05-28 04:00:00,15.179327956989248,48.8166129032258,56.0,34.285637982195844
2021-05-28 05:00:00,15.138225806451612,48.76225806451613,56.0,34.28382789317507
2021-05-28 06:00:00,15.097123655913979,48.70790322580645,56.0,34.28201780415431
2021-05-28 07:00:00,15.056021505376343,48.65354838709678,56.0,34.280207715133535
2021-05-28 08:00:00,15.01491935483871,48.59919354838709,56.0,34.27839762611276
2021-05-28 09:00:00,14.973817204301074,48.54483870967742,56.0,34.27658753709199
2021-05-28 10:00:00,14.932715053763442,48.490483870967736,56.0,34.27477744807122
2021-05-28 11:00:00,14.891612903225806,48.436129032258066,56.0,34.27296735905045
2021-05-28 12:00:00,14.850510752688173,48.38177419354839,56.0,34.271157270029676
2021-05-28 13:00:00,14.809408602150537,48.32741935483871,56.0,34.269347181008904
2021-05-28 14:00:00,14.768306451612904,48.27306451612903,56.0,34.26753709198813
2021-05-28 15:00:00,14.727204301075268,48.218709677419355,56.0,34.26572700296736
2021-05-28 16:00:00,14.686102150537636,48.16435483870968,56.0,34.26391691394659
2021-05-28 17:00:00,14.645,48.11,56.0,34.262106824925816
2021-05-28 18:00:00,14.603897849462363,48.05564516129032,56.0,34.260296735905044
2021-05-28 19:00:00,14.562795698924731,48.001290322580644,56.0,34.25848664688427
2021-05-28 20:00:00,14.521693548387095,47.946935483870966,56.0,34.2566765578635
2021-05-28 21:00:00,14.480591397849462,47.89258064516129,56.0,34.25486646884273
2021-05-28 22:00:00,14.439489247311826,47.83822580645161,56.0,34.25305637982196
2021-05-28 23:00:00,14.398387096774194,47.78387096774193,56.0,34.25124629080119
2021-05-29 00:00:00,14.357284946236557,47.72951612903226,56.0,34.24943620178042
2021-05-29 01:00:00,14.316182795698925,47.67516129032258,56.0,34.24762611275965
2021-05-29 02:00:00,14.275080645161289,47.62080645161291,56.0,34.245816023738875
2021-05-29 03:00:00,14.233978494623656,47.56645161290322,56.0,34.2440059347181
2021-05-29 04:00:00,14.19287634408602,47.51209677419355,56.0,34.24219584569733
2021-05-29 05:00:00,14.151774193548388,47.45774193548387,56.0,34.24038575667656
2021-05-29 06:00:00,14.110672043010752,47.403387096774196,56.0,34.23857566765579
2021-05-29 07:00:00,14.069569892473119,47.34903225806451,56.0,34.236765578635016
2021-05-29 08:00:00,14.028467741935483,47.29467741935484,56.0,34.234955489614244
2021-05-29 09:00:00,13.98736559139785,47.240322580645156,56.0,34.23314540059347
2021-05-29 10:00:00,13.946263440860214,47.185967741935485,56.0,34.2313353115727
2021-05-29 11:00:00,13.905161290322582,47.13161290322581,56.0,34.22952522255193
2021-05-29 12:00:00,13.864059139784946,47.07725806451613,56.0,34.227715133531156
2021-05-29 13:00:00,13.822956989247313,47.02290322580645,56.0,34.225905044510384
2021-05-29 14:00:00,13.781854838709677,46.968548387096774,56.0,34.22409495548962
2021-05-29 15:00:00,13.740752688172044,46.9141935483871,56.0,34.22228486646885
2021-05-29 16:00:00,13.699650537634408,46.85983870967742,56.0,34.220474777448075
2021-05-29 17:00:00,13.658548387096772,46.80548387096774,56.0,34.2186646884273
2021-05-29 18:00:00,13.61744623655914,46.75112903225806,56.0,34.21685459940653
2021-05-29 19:00:00,13.576344086021503,46.696774193548386,56.0,34.21504451038576
2021-05-29 20:00:00,13.535241935483871,46.64241935483871,56.0,34.21323442136499
2021-05-29 21:00:00,13.494139784946235,46.58806451612903,56.0,34.211424332344215
2021-05-29 22:00:00,13.453037634408602,46.53370967741935,56.0,34.20961424332344
2021-05-29 23:00:00,13.411935483870966,46.47935483870968,56.0,34.20780415430267
2021-05-30 00:00:00,13.370833333333334,46.425,56.0,34.2059940652819
2021-05-30 01:00:00,13.329731182795697,46.37064516129032,56.0,34.20418397626113
2021-05-30 02:00:00,13.288629032258065,46.31629032258064,56.0,34.202373887240356
2021-05-30 03:00:00,13.247526881720429,46.261935483870964,56.0,34.200563798219584
2021-05-30 04:00:00,13.206424731182796,46.207580645161286,56.0,34.19875370919881
2021-05-30 05:00:00,13.16532258064516,46.153225806451616,56.0,34.19694362017804
2021-05-30 06:00:00,13.124220430107528,46.09887096774194,56.0,34.195133531157275
2021-05-30 07:00:00,13.083118279569891,46.04451612903226,56.0,34.1933234421365
2021-05-30 08:00:00,13.042016129032259,45.99016129032258,56.0,34.19151335311573
2021-05-30 09:00:00,13.000913978494623,45.935806451612905,56.0,34.18970326409496
2021-05-30 10:00:00,12.95981182795699,45.88145161290323,56.0,34.18789317507419
2021-05-30 11:00:00,12.918709677419354,45.82709677419355,56.0,34.186083086053415
2021-05-30 12:00:00,12.877607526881722,45.77274193548387,56.0,34.18427299703264
2021-05-30 13:00:00,12.836505376344086,45.718387096774194,56.0,34.18246290801187
2021-05-30 14:00:00,12.795403225806453,45.664032258064516,56.0,34.1806528189911
2021-05-30 15:00:00,12.754301075268817,45.60967741935484,56.0,34.17884272997033
2021-05-30 16:00:00,12.713198924731184,45.55532258064516,56.0,34.177032640949555
2021-05-30 17:00:00,12.672096774193548,45.50096774193548,56.0,34.17522255192878
2021-05-30 18:00:00,12.630994623655912,45.446612903225805,56.0,34.17341246290801
2021-05-30 19:00:00,12.58989247311828,45.39225806451613,56.0,34.17160237388724
2021-05-30 20:00:00,12.548790322580643,45.33790322580645,56.0,34.16979228486647
2021-05-30 21:00:00,12.50768817204301,45.28354838709677,56.0,34.167982195845696
2021-05-30 22:00:00,12.466586021505375,45.229193548387094,56.0,34.16617210682493
2021-05-30 23:00:00,12.425483870967742,45.17483870967742,56.0,34.16436201780416
2021-05-31 00:00:00,12.384381720430106,45.12048387096774,56.0,34.16255192878339
2021-05-31 01:00:00,12.343279569892474,45.06612903225806,56.0,34.160741839762615
2021-05-31 02:00:00,12.302177419354837,45.01177419354838,56.0,34.15893175074184
2021-05-31 03:00:00,12.261075268817205,44.957419354838706,56.0,34.15712166172107
2021-05-31 04:00:00,12.219973118279569,44.903064516129035,56.0,34.1553115727003
2021-05-31 05:00:00,12.178870967741936,44.84870967741936,56.0,34.15350148367953
2021-05-31 06:00:00,12.1377688172043,44.79435483870968,56.0,34.151691394658755
2021-05-31 07:00:00,12.096666666666668,44.74,56.0,34.14988130563798
2021-05-31 08:00:00,12.055564516129031,44.685645161290324,56.0,34.14807121661721
2021-05-31 09:00:00,12.014462365591399,44.63129032258065,56.0,34.14626112759644
2021-05-31 10:00:00,11.973360215053763,44.57693548387097,56.0,34.14445103857567
2021-05-31 11:00:00,11.93225806451613,44.52258064516129,56.0,34.142640949554895
2021-05-31 12:00:00,11.891155913978494,44.46822580645161,56.0,34.14083086053412
2021-05-31 13:00:00,11.850053763440862,44.413870967741936,56.0,34.13902077151335
2021-05-31 14:00:00,11.808951612903225,44.35951612903226,56.0,34.13721068249259
2021-05-31 15:00:00,11.767849462365593,44.30516129032258,56.0,34.135400593471815
2021-05-31 16:00:00,11.726747311827957,44.2508064516129,56.0,34.13359050445104
2021-05-31 17:00:00,11.68564516129032,44.196451612903225,56.0,34.13178041543027
2021-05-31 18:00:00,11.644543010752688,44.14209677419355,56.0,34.1299703264095
2021-05-31 19:00:00,11.603440860215052,44.08774193548387,56.0,34.12816023738873
2021-05-31 20:00:00,11.56233870967742,44.03338709677419,56.0,34.126350148367955
2021-05-31 21:00:00,11.521236559139783,43.979032258064514,56.0,34.12454005934718
2021-05-31 22:00:00,11.48013440860215,43.924677419354836,56.0,34.12272997032641
2021-05-31 23:00:00,11.439032258064515,43.87032258064516,56.0,34.12091988130564
2021-06-01 00:00:00,11.397930107526882,43.81596774193548,56.0,34.11910979228487
2021-06-01 01:00:00,11.356827956989246,43.7616129032258,56.0,34.117299703264095
2021-06-01 02:00:00,11.315725806451614,43.707258064516125,56.0,34.11548961424332
2021-06-01 03:00:00,11.274623655913977,43.652903225806455,56.0,34.11367952522255
2021-06-01 04:00:00,11.233521505376345,43.59854838709678,56.0,34.11186943620178
2021-06-01 05:00:00,11.192419354838709,43.5441935483871,56.0,34.11005934718101
2021-06-01 06:00:00,11.151317204301076,43.48983870967742,56.0,34.10824925816024
2021-06-01 07:00:00,11.11021505376344,43.435483870967744,56.0,34.10643916913947
2021-06-01 08:00:00,11.069112903225808,43.381129032258066,56.0,34.1046290801187
2021-06-01 09:00:00,11.028010752688171,43.32677419354839,56.0,34.10281899109793
2021-06-01 10:00:00,10.986908602150539,43.27241935483871,56.0,34.101008902077155
2021-06-01 11:00:00,10.945806451612903,43.21806451612903,56.0,34.09919881305638
2021-06-01 12:00:00,10.90470430107527,43.163709677419355,56.0,34.09738872403561
2021-06-01 13:00:00,10.863602150537634,43.10935483870968,56.0,34.09557863501484
2021-06-01 14:00:00,10.822500000000002,43.055,56.0,34.09376854599407
2021-06-01 15:00:00,10.781397849462365,43.00064516129032,56.0,34.091958456973295
2021-06-01 16:00:00,10.74029569892473,42.946290322580644,56.0,34.09014836795252
2021-06-01 17:00:00,10.699193548387097,42.89193548387097,56.0,34.08833827893175
2021-06-01 18:00:00,10.65809139784946,42.83758064516129,56.0,34.08652818991098
2021-06-01 19:00:00,10.616989247311828,42.78322580645161,56.0,34.08471810089021
2021-06-01 20:00:00,10.575887096774192,42.72887096774193,56.0,34.082908011869435
2021-06-01 21:00:00,10.53478494623656,42.674516129032256,56.0,34.08109792284866
2021-06-01 22:00:00,10.493682795698923,42.62016129032258,56.0,34.0792878338279
2021-06-01 23:00:00,10.45258064516129,42.5658064516129,56.0,34.077477744807126
2021-06-02 00:00:00,10.411478494623655,42.51145161290322,56.0,34.075667655786354
2021-06-02 01:00:00,10.370376344086022,42.457096774193545,56.0,34.07385756676558
2021-06-02 02:00:00,10.329274193548386,42.40274193548387,56.0,34.07204747774481
2021-06-02 03:00:00,10.288172043010753,42.348387096774196,56.0,34.07023738872404
2021-06-02 04:00:00,10.247069892473117,42.29403225806452,56.0,34.068427299703266
2021-06-02 05:00:00,10.205967741935485,42.23967741935484,56.0,34.066617210682494
2021-06-02 06:00:00,10.164865591397849,42.18532258064516,56.0,34.06480712166172
2021-06-02 07:00:00,10.123763440860216,42.130967741935486,56.0,34.06299703264095
2021-06-02 08:00:00,10.08266129032258,42.07661290322581,56.0,34.06118694362018
2021-06-02 09:00:00,10.041559139784948,42.02225806451613,56.0,34.05937685459941
2021-06-02 10:00:00,10.000456989247311,41.96790322580645,56.0,34.057566765578635
2021-06-02 11:00:00,9.959354838709679,41.913548387096775,56.0,34.05575667655786
2021-06-02 12:00:00,9.918252688172043,41.8591935483871,56.0,34.05394658753709
2021-06-02 13:00:00,9.87715053763441,41.80483870967742,56.0,34.05213649851632
2021-06-02 14:00:00,9.836048387096774,41.75048387096774,56.0,34.050326409495554
2021-06-02 15:00:00,9.794946236559138,41.696129032258064,56.0,34.04851632047478
2021-06-02 16:00:00,9.753844086021505,41.641774193548386,56.0,34.04670623145401
2021-06-02 17:00:00,9.71274193548387,41.58741935483871,56.0,34.04489614243324
2021-06-02 18:00:00,9.671639784946237,41.53306451612903,56.0,34.043086053412466
2021-06-02 19:00:00,9.6305376344086,41.47870967741935,56.0,34.041275964391694
2021-06-02 20:00:00,9.589435483870968,41.424354838709675,56.0,34.03946587537092
2021-06-02 21:00:00,9.548333333333332,41.37,56.0,34.03765578635015
2021-06-02 22:00:00,9.5072311827957,41.31564516129032,56.0,34.03584569732938
2021-06-02 23:00:00,9.466129032258063,41.26129032258064,56.0,34.034035608308606
2021-06-03 00:00:00,9.42502688172043,41.206935483870964,56.0,34.032225519287834
2021-06-03 01:00:00,9.383924731182795,41.15258064516129,56.0,34.03041543026706
2021-06-03 02:00:00,9.342822580645162,41.098225806451616,56.0,34.02860534124629
2021-06-03 03:00:00,9.301720430107526,41.04387096774194,56.0,34.02679525222552
2021-06-03 04:00:00,9.260618279569893,40.98951612903226,56.0,34.02498516320475
2021-06-03 05:00:00,9.219516129032257,40.93516129032258,56.0,34.023175074183975
2021-06-03 06:00:00,9.178413978494625,40.880806451612905,56.0,34.02136498516321
2021-06-03 07:00:00,9.137311827956989,40.82645161290323,56.0,34.01955489614244
2021-06-03 08:00:00,9.096209677419356,40.77209677419355,56.0,34.017744807121666
2021-06-03 09:00:00,9.05510752688172,40.71774193548387,56.0,34.015934718100894
2021-06-03 10:00:00,9.014005376344087,40.663387096774194,56.0,34.01412462908012
2021-06-03 11:00:00,8.972903225806451,40.609032258064516,56.0,34.01231454005935
2021-06-03 12:00:00,8.931801075268819,40.55467741935484,56.0,34.01050445103858
2021-06-03 13:00:00,8.890698924731183,40.50032258064516,56.0,34.008694362017806
2021-06-03 14:00:00,8.849596774193547,40.44596774193548,56.0,34.006884272997034
2021-06-03 15:00:00,8.808494623655914,40.391612903225806,56.0,34.00507418397626
2021-06-03 16:00:00,8.767392473118278,40.33725806451613,56.0,34.00326409495549
2021-06-03 17:00:00,8.726290322580645,40.28290322580645,56.0,34.00145400593472
2021-06-03 18:00:00,8.68518817204301,40.22854838709677,56.0,33.999643916913946
2021-06-03 19:00:00,8.644086021505377,40.174193548387095,56.0,33.997833827893174
2021-06-03 20:00:00,8.60298387096774,40.11983870967742,56.0,33.9960237388724
2021-06-03 21:00:00,8.561881720430108,40.06548387096774,56.0,33.99421364985163
2021-06-03 22:00:00,8.520779569892472,40.01112903225806,56.0,33.992403560830866
2021-06-03 23:00:00,8.47967741935484,39.956774193548384,56.0,33.990593471810094
2021-06-04 00:00:00,8.438575268817203,39.902419354838706,56.0,33.98878338278932
2021-06-04 01:00:00,8.39747311827957,39.848064516129035,56.0,33.98697329376855
2021-06-04 02:00:00,8.356370967741935,39.79370967741936,56.0,33.98516320474778
2021-06-04 03:00:00,8.315268817204302,39.73935483870968,56.0,33.983353115727006
2021-06-04 04:00:00,8.274166666666666,39.685,56.0,33.981543026706234
2021-06-04 05:00:00,8.233064516129033,39.630645161290325,56.0,33.97973293768546
2021-06-04 06:00:00,8.191962365591397,39.57629032258065,56.0,33.97792284866469
2021-06-04 07:00:00,8.150860215053765,39.52193548387097,56.0,33.97611275964392
2021-06-04 08:00:00,8.109758064516129,39.46758064516129,56.0,33.974302670623146
2021-06-04 09:00:00,8.068655913978496,39.413225806451614,56.0,33.972492581602374
2021-06-04 10:00:00,8.02755376344086,39.358870967741936,56.0,33.9706824925816
2021-06-04 11:00:00,7.9864516129032275,39.30451612903226,56.0,33.96887240356083
2021-06-04 12:00:00,7.945349462365591,39.25016129032258,56.0,33.96706231454006
2021-06-04 13:00:00,7.904247311827955,39.1958064516129,56.0,33.965252225519286
2021-06-04 14:00:00,7.863145161290323,39.141451612903225,56.0,33.963442136498514
2021-06-04 15:00:00,7.822043010752687,39.08709677419355,56.0,33.96163204747775
2021-06-04 16:00:00,7.780940860215054,39.03274193548387,56.0,33.95982195845698
2021-06-04 17:00:00,7.739838709677418,38.97838709677419,56.0,33.958011869436206
2021-06-04 18:00:00,7.698736559139785,38.924032258064514,56.0,33.956201780415434
2021-06-04 19:00:00,7.657634408602149,38.869677419354836,56.0,33.95439169139466
2021-06-04 20:00:00,7.616532258064517,38.81532258064516,56.0,33.95258160237389
2021-06-04 21:00:00,7.575430107526881,38.76096774193548,56.0,33.95077151335312
2021-06-04 22:00:00,7.534327956989248,38.7066129032258,56.0,33.948961424332346
2021-06-04 23:00:00,7.493225806451612,38.652258064516126,56.0,33.947151335311574
2021-06-05 00:00:00,7.452123655913979,38.59790322580645,56.0,33.9453412462908
2021-06-05 01:00:00,7.411021505376343,38.54354838709678,56.0,33.94353115727003
2021-06-05 02:00:00,7.369919354838711,38.4891935483871,56.0,33.94172106824926
2021-06-05 03:00:00,7.328817204301075,38.43483870967742,56.0,33.939910979228486
2021-06-05 04:00:00,7.287715053763442,38.380483870967744,56.0,33.938100890207714
2021-06-05 05:00:00,7.246612903225806,38.326129032258066,56.0,33.93629080118694
2021-06-05 06:00:00,7.205510752688173,38.27177419354839,56.0,33.93448071216618
2021-06-05 07:00:00,7.164408602150537,38.21741935483871,56.0,33.932670623145405
2021-06-05 08:00:00,7.123306451612905,38.16306451612903,56.0,33.93086053412463
2021-06-05 09:00:00,7.082204301075269,38.108709677419355,56.0,33.92905044510386
2021-06-05 10:00:00,7.041102150537636,38.05435483870968,56.0,33.92724035608309
2021-06-05 11:00:00,7.0,38.0,56.0,33.92543026706232
2021-06-05 12:00:00,15.16,38.5,56.0,33.923620178041546
2021-06-05 13:00:00,14.98,39.5,56.0,33.921810089020774
2021-06-05 14:00:00,18.990000000000002,38.47,56.0,33.92
2021-06-05 15:00:00,23.0,37.02,56.0,33.6
2021-06-05 16:00:00,17.98,41.5,56.0,31.59
2021-06-05 17:00:00,14.74,43.0,56.0,31.21
2021-06-05 18:00:00,18.07,35.52,56.0,29.74
2021-06-05 19:00:00,13.28,33.98,56.0,29.41
2021-06-05 20:00:00,12.77,30.0,56.0,29.81
2021-06-05 21:00:00,12.733333333333333,34.2,56.0,29.779999999999998
2021-06-05 22:00:00,12.696666666666665,38.4,56.0,29.75
2021-06-05 23:00:00,12.66,42.599999999999994,56.0,29.72
2021-06-06 00:00:00,12.623333333333333,46.8,56.0,29.689999999999998
2021-06-06 01:00:00,12.586666666666666,51.0,56.0,29.66
2021-06-06 02:00:00,12.549999999999999,55.199999999999996,56.0,29.63
2021-06-06 03:00:00,12.513333333333334,59.39999999999999,56.0,29.599999999999998
2021-06-06 04:00:00,12.476666666666667,63.599999999999994,56.0,29.57
2021-06-06 05:00:00,12.44,67.8,56.0,29.54
2021-06-06 06:00:00,12.403333333333332,72.0,56.0,29.509999999999998
2021-06-06 07:00:00,12.366666666666665,76.19999999999999,56.0,29.48
2021-06-06 08:00:00,12.33,80.39999999999999,56.0,29.45
2021-06-06 09:00:00,12.293333333333333,84.6,56.0,29.419999999999998
2021-06-06 10:00:00,12.256666666666666,88.79999999999998,56.0,29.39
2021-06-06 11:00:00,12.219999999999999,92.99999999999999,56.0,29.36
2021-06-06 12:00:00,12.183333333333334,97.19999999999999,56.0,29.33
2021-06-06 13:00:00,12.146666666666667,101.39999999999999,56.0,29.3
2021-06-06 14:00:00,12.11,105.6,56.0,29.27
2021-06-06 15:00:00,12.073333333333332,109.79999999999998,56.0,29.24
2021-06-06 16:00:00,12.036666666666665,113.99999999999999,56.0,29.21
2021-06-06 17:00:00,12.0,118.19999999999999,56.0,29.18
2021-06-06 18:00:00,11.963333333333333,122.39999999999998,56.0,29.15
2021-06-06 19:00:00,11.926666666666666,126.59999999999998,56.0,29.12
2021-06-06 20:00:00,11.889999999999999,130.79999999999998,56.0,29.09
2021-06-06 21:00:00,11.853333333333333,135.0,56.0,29.06
2021-06-06 22:00:00,11.816666666666666,139.2,56.0,29.03
2021-06-06 23:00:00,11.78,143.39999999999998,56.0,29.0
2021-06-07 00:00:00,11.743333333333332,147.59999999999997,56.0,28.97
2021-06-07 01:00:00,11.706666666666667,151.79999999999998,56.0,28.94
2021-06-07 02:00:00,11.67,155.99999999999997,56.0,28.91
2021-06-07 03:00:00,11.633333333333333,160.2,56.0,28.88
2021-06-07 04:00:00,11.596666666666666,164.39999999999998,56.0,28.85
2021-06-07 05:00:00,11.559999999999999,168.59999999999997,56.0,28.82
2021-06-07 06:00:00,11.523333333333333,172.79999999999998,56.0,28.79
2021-06-07 07:00:00,11.486666666666666,176.99999999999997,56.0,28.76
2021-06-07 08:00:00,11.45,181.2,56.0,28.73
2021-06-07 09:00:00,13.63,103.37,56.0,31.05
2021-06-07 10:00:00,18.88,540.0,56.0,31.88
2021-06-07 11:00:00,13.0,350.25,56.0,31.64
2021-06-07 12:00:00,14.63,160.5,56.0,31.4
2021-06-07 13:00:00,11.0,214.0,56.0,33.23
2021-06-07 14:00:00,15.9,129.53,56.0,33.75
2021-06-07 15:00:00,12.12,42.98,56.0,33.61
2021-06-07 16:00:00,11.81,38.0,56.0,33.53
2021-06-07 17:00:00,14.44,49.58,56.0,30.42
2021-06-07 18:00:00,14.18,165.57,56.0,29.67
2021-06-07 19:00:00,9.0,481.36,56.0,30.41
2021-06-07 20:00:00,39.93,660.33,56.0,30.29
2021-06-07 21:00:00,24.43,412.65000000000003,56.0,29.939999999999998
2021-06-07 22:00:00,8.93,164.97,56.0,29.59
2021-06-07 23:00:00,10.44,159.0,56.0,29.66
2021-06-08 00:00:00,13.43,227.0,56.0,29.46
2021-06-08 01:00:00,22.0,536.64,56.0,29.64
2021-06-08 02:00:00,19.56,504.0,56.0,29.58
2021-06-08 03:00:00,8.0,268.0,56.0,29.29
2021-06-08 04:00:00,15.54,236.5,56.0,29.15
2021-06-08 05:00:00,12.0,171.13,56.0,29.05
2021-06-08 06:00:00,14.51,128.0,56.0,28.43
2021-06-08 07:00:00,19.0,138.22,56.0,28.28
2021-06-08 08:00:00,10.21,148.0,56.0,28.85
2021-06-08 09:00:00,10.0,476.0,56.0,30.27
2021-06-08 10:00:00,15.7,342.26,56.0,30.66
2021-06-08 11:00:00,26.0,224.5,56.0,32.68
2021-06-08 12:00:00,16.59,238.37,56.0,33.02
2021-06-08 13:00:00,10.0,124.88,56.0,28.15
2021-06-08 14:00:00,10.0,114.0,56.0,29.78
2021-06-08 15:00:00,20.0,419.12,56.0,32.82
2021-06-08 16:00:00,12.68,472.26,56.0,32.73
2021-06-08 17:00:00,10.0,221.0,56.0,28.45
2021-06-08 18:00:00,8.37,223.01,56.0,28.28
2021-06-08 19:00:00,8.0,227.38,56.0,28.61
2021-06-08 20:00:00,22.0,475.0,56.0,28.62
2021-06-08 21:00:00,87.0,392.09,56.0,28.73
2021-06-08 22:00:00,32.0,255.0,56.0,28.79
2021-06-08 23:00:00,43.0,259.16,56.0,28.49
2021-06-09 00:00:00,17.0,338.5,56.0,28.46
2021-06-09 01:00:00,6.0,190.0,56.0,28.32
2021-06-09 02:00:00,8.51,173.5,56.0,28.3
2021-06-09 03:00:00,11.63,149.46,56.0,28.21
2021-06-09 04:00:00,14.0,288.0,56.0,27.3
2021-06-09 05:00:00,12.0,502.0,56.0,27.09
2021-06-09 06:00:00,8.86,450.0,56.0,26.98
2021-06-09 07:00:00,6.19,186.0,56.0,26.91
2021-06-09 08:00:00,7.63,191.5,56.0,26.72
2021-06-09 09:00:00,8.62,217.5,56.0,26.82
2021-06-09 10:00:00,5.89,240.0,56.0,26.83
2021-06-09 11:00:00,4.0,17.0,56.0,27.41
2021-06-09 12:00:00,9.0,200.0,56.0,27.07
2021-06-09 13:00:00,6.56,200.0,56.0,26.78
2021-06-09 14:00:00,6.779999999999999,104.0,56.0,26.63
2021-06-09 15:00:00,7.0,191.0,56.0,26.84
2021-06-09 16:00:00,6.0,278.0,56.0,26.48
2021-06-09 17:00:00,5.19,166.8,56.0,26.55
2021-06-09 18:00:00,5.81,167.71,56.0,26.76
2021-06-09 19:00:00,11.02,186.5,56.0,26.4
2021-06-09 20:00:00,14.81,138.0,56.0,26.36
2021-06-09 21:00:00,13.13,66.0,56.0,26.25
2021-06-09 22:00:00,9.0,49.78,56.0,26.3
2021-06-09 23:00:00,16.0,49.0,56.0,26.43
2021-06-10 00:00:00,16.0,49.0,56.0,26.43
