From Date,PM2.5,PM10,RH,AT
2020-11-01 00:00:00,62.66,103.2,87.03,23.4
2020-11-01 01:00:00,51.91,85.78,87.32,22.74
2020-11-01 02:00:00,42.95,69.28,85.86,22.64
2020-11-01 03:00:00,54.33,84.33,87.48,22.88
2020-11-01 04:00:00,56.0,73.97,90.66,22.25
2020-11-01 05:00:00,37.51,49.55,93.4,22.2
2020-11-01 06:00:00,36.76,45.0,86.77,22.11
2020-11-01 07:00:00,39.64,54.08,87.25,23.3
2020-11-01 08:00:00,66.5,100.7,80.92,25.93
2020-11-01 09:00:00,76.16,108.7,63.16,30.61
2020-11-01 10:00:00,55.8,98.1,50.79,34.57
2020-11-01 11:00:00,58.3,101.78,44.72,36.35
2020-11-01 12:00:00,57.24,94.75,41.44,37.3
2020-11-01 13:00:00,45.52,93.0,42.67,35.92
2020-11-01 14:00:00,50.16,110.33,47.99,36.12
2020-11-01 15:00:00,56.3,110.7,48.74,35.6
2020-11-01 16:00:00,46.43,85.0,50.92,34.11
2020-11-01 17:00:00,37.08,69.33,60.8,29.85
2020-11-01 18:00:00,40.4,63.52,70.25,26.52
2020-11-01 19:00:00,33.95,54.75,73.0,25.49
2020-11-01 20:00:00,27.73,47.23,82.81,24.97
2020-11-01 21:00:00,41.09,57.55,84.4,24.92
2020-11-01 22:00:00,46.52,68.25,87.17,24.63
2020-11-01 23:00:00,44.36,66.7,90.18,24.16
2020-11-02 00:00:00,51.9,79.2,90.68,24.05
2020-11-02 01:00:00,41.52,58.03,85.72,23.64
2020-11-02 02:00:00,34.7,51.35,90.43,23.75
2020-11-02 03:00:00,41.04,54.31,91.28,23.87
2020-11-02 04:00:00,36.72,50.05,87.38,24.24
2020-11-02 05:00:00,53.61,75.49,92.3,23.98
2020-11-02 06:00:00,76.24,104.92,90.6,24.62
2020-11-02 07:00:00,83.4,123.2,86.72,25.87
2020-11-02 08:00:00,85.76,120.22,82.87,27.39
2020-11-02 09:00:00,78.1,119.83,73.39,31.23
2020-11-02 10:00:00,87.57,146.4,60.09,33.98
2020-11-02 11:00:00,89.88,158.0,51.5,35.77
2020-11-02 12:00:00,90.0,161.0,48.91,36.31
2020-11-02 13:00:00,89.12,159.35,48.3,36.94
2020-11-02 14:00:00,88.12,155.69,48.08,37.05
2020-11-02 15:00:00,83.58,157.47,54.65,36.17
2020-11-02 16:00:00,84.76,150.57,63.08,33.25
2020-11-02 17:00:00,85.0,140.75,73.81,29.34
2020-11-02 18:00:00,91.16,157.15,81.43,27.26
2020-11-02 19:00:00,87.6,137.82,85.6,26.54
2020-11-02 20:00:00,79.93,118.15,88.72,26.05
2020-11-02 21:00:00,88.72,128.2,92.78,25.87
2020-11-02 22:00:00,90.0,120.25,90.36,25.8
2020-11-02 23:00:00,99.68,151.0,86.08,25.98
2020-11-03 00:00:00,108.02,173.62,85.84,25.81
2020-11-03 01:00:00,101.08,159.68,86.18,25.6
2020-11-03 02:00:00,98.24,154.35,84.84,25.97
2020-11-03 03:00:00,103.28,152.35,85.12,25.66
2020-11-03 04:00:00,93.43,138.75,87.12,25.25
2020-11-03 05:00:00,81.4,114.0,87.53,25.49
2020-11-03 06:00:00,81.76,115.65,88.96,25.07
2020-11-03 07:00:00,84.64,120.12,82.99,25.77
2020-11-03 08:00:00,90.3,141.56,74.52,27.35
2020-11-03 09:00:00,91.0,140.22,61.97,30.93
2020-11-03 10:00:00,96.28,154.68,52.56,33.9
2020-11-03 11:00:00,94.36,176.97,45.63,35.8
2020-11-03 12:00:00,83.43,164.1,43.39,36.95
2020-11-03 13:00:00,80.25,159.12,43.22,37.48
2020-11-03 14:00:00,74.72,143.56,44.49,37.65
2020-11-03 15:00:00,74.88,128.0,51.75,36.8
2020-11-03 16:00:00,75.88,131.31,59.86,34.68
2020-11-03 17:00:00,74.24,125.4,75.47,30.13
2020-11-03 18:00:00,64.31,109.2,83.53,27.32
2020-11-03 19:00:00,69.16,113.42,89.04,26.5
2020-11-03 20:00:00,72.63,115.0,89.68,26.15
2020-11-03 21:00:00,76.52,109.84,91.41,25.2
2020-11-03 22:00:00,77.0,106.17,90.88,25.05
2020-11-03 23:00:00,78.77,108.47,94.79,24.81
2020-11-04 00:00:00,83.4,119.72,95.7,24.5
2020-11-04 01:00:00,87.52,123.66,96.02,24.36
2020-11-04 02:00:00,97.66,135.55,93.73,24.44
2020-11-04 03:00:00,101.64,147.0,87.05,25.32
2020-11-04 04:00:00,87.91,121.0,85.02,25.47
2020-11-04 05:00:00,76.31,111.1,88.55,24.9
2020-11-04 06:00:00,77.64,113.12,84.24,25.32
2020-11-04 07:00:00,81.52,118.93,85.06,25.07
2020-11-04 08:00:00,82.0,120.0,75.85,27.59
2020-11-04 09:00:00,87.28,134.03,62.78,31.66
2020-11-04 10:00:00,93.28,159.28,53.34,34.56
2020-11-04 11:00:00,96.64,171.43,47.51,36.12
2020-11-04 12:00:00,87.31,163.07,41.53,37.25
2020-11-04 13:00:00,82.48,139.55,41.6,37.84
2020-11-04 14:00:00,74.08,120.12,43.78,37.6
2020-11-04 15:00:00,76.52,130.2,44.73,36.25
2020-11-04 16:00:00,70.84,119.35,53.55,35.03
2020-11-04 17:00:00,69.12,111.0,73.37,29.37
2020-11-04 18:00:00,70.75,117.5,79.16,27.17
2020-11-04 19:00:00,65.7,102.85,84.28,25.74
2020-11-04 20:00:00,68.52,106.42,85.74,25.66
2020-11-04 21:00:00,75.16,115.4,84.93,25.23
2020-11-04 22:00:00,82.16,121.14,88.36,24.71
2020-11-04 23:00:00,96.21,134.38,89.52,24.15
2020-11-05 00:00:00,96.25,137.0,86.33,24.13
2020-11-05 01:00:00,85.43,121.33,87.15,23.68
2020-11-05 02:00:00,76.08,103.18,87.77,23.86
2020-11-05 03:00:00,86.45,118.11,86.03,24.16
2020-11-05 04:00:00,87.12,126.95,84.13,24.52
2020-11-05 05:00:00,93.16,128.0,84.39,23.89
2020-11-05 06:00:00,79.03,115.55,82.84,24.06
2020-11-05 07:00:00,80.51,118.05,79.29,25.03
2020-11-05 08:00:00,75.7,118.35,74.4,26.76
2020-11-05 09:00:00,72.36,111.4,61.88,30.64
2020-11-05 10:00:00,76.42,125.64,53.2,33.67
2020-11-05 11:00:00,98.13,161.89,46.89,34.97
2020-11-05 12:00:00,90.43,164.86,41.74,35.94
2020-11-05 13:00:00,74.08,145.09,40.3,36.95
2020-11-05 14:00:00,65.84,125.36,37.33,37.48
2020-11-05 15:00:00,60.61,115.42,44.21,37.31
2020-11-05 16:00:00,57.36,100.77,53.26,34.95
2020-11-05 17:00:00,56.12,88.13,72.38,29.41
2020-11-05 18:00:00,58.64,83.4,82.25,26.73
2020-11-05 19:00:00,60.76,87.75,80.4,25.7
2020-11-05 20:00:00,55.72,92.29,72.58,25.25
2020-11-05 21:00:00,53.24,74.09,70.85,24.24
2020-11-05 22:00:00,45.08,64.22,75.0,23.97
2020-11-05 23:00:00,66.89,111.67,79.29,23.14
2020-11-06 00:00:00,62.98,102.27,80.04,22.9
2020-11-06 01:00:00,62.88,95.0,79.27,23.25
2020-11-06 02:00:00,63.88,89.0,68.84,24.92
2020-11-06 03:00:00,56.08,81.59,68.25,24.97
2020-11-06 04:00:00,68.21,89.87,73.02,23.95
2020-11-06 05:00:00,73.51,103.55,72.27,23.91
2020-11-06 06:00:00,63.4,96.9,72.24,23.88
2020-11-06 07:00:00,66.39,105.16,66.7,24.93
2020-11-06 08:00:00,66.12,113.76,62.66,26.63
2020-11-06 09:00:00,68.64,112.53,53.58,30.75
2020-11-06 10:00:00,75.16,133.38,46.35,33.06
2020-11-06 11:00:00,74.24,136.35,41.64,34.78
2020-11-06 12:00:00,68.72,123.65,38.19,35.8
2020-11-06 13:00:00,63.6,117.7,37.35,36.52
2020-11-06 14:00:00,56.84,121.12,37.26,36.93
2020-11-06 15:00:00,55.12,101.38,38.23,36.81
2020-11-06 16:00:00,41.79,82.15,43.62,35.65
2020-11-06 17:00:00,39.12,66.62,63.04,30.2
2020-11-06 18:00:00,42.53,79.67,73.04,26.96
2020-11-06 19:00:00,49.14,87.11,62.8,28.3
2020-11-06 20:00:00,52.64,89.65,78.38,25.32
2020-11-06 21:00:00,64.45,99.05,83.14,24.36
2020-11-06 22:00:00,86.25,139.78,89.7,23.97
2020-11-06 23:00:00,95.16,147.18,90.78,23.26
2020-11-07 00:00:00,82.83,120.69,89.93,22.99
2020-11-07 01:00:00,88.92,131.5,88.06,22.63
2020-11-07 02:00:00,72.39,106.95,79.16,23.79
2020-11-07 03:00:00,70.88,102.65,76.56,24.06
2020-11-07 04:00:00,68.36,103.83,73.4,23.71
2020-11-07 05:00:00,69.76,99.05,74.98,23.68
2020-11-07 06:00:00,79.69,116.15,69.16,24.15
2020-11-07 07:00:00,83.64,120.0,66.66,24.44
2020-11-07 08:00:00,86.64,132.0,65.62,25.98
2020-11-07 09:00:00,87.88,151.0,54.73,29.97
2020-11-07 10:00:00,91.52,154.29333333333332,53.61,32.38166666666667
2020-11-07 11:00:00,88.48,145.05285714285714,45.62,34.23
2020-11-07 12:00:00,76.55,143.15857142857143,41.12,35.72
2020-11-07 13:00:00,61.8,127.0,40.82,36.39
2020-11-07 14:00:00,67.05,125.7,42.1,36.86
2020-11-07 15:00:00,63.61,125.0,47.01,36.69
2020-11-07 16:00:00,67.39,119.25,59.92,33.84
2020-11-07 17:00:00,64.48,108.1,74.31,29.53
2020-11-07 18:00:00,57.84,99.42,76.98,27.06
2020-11-07 19:00:00,59.64,93.88,83.31,26.18
2020-11-07 20:00:00,69.69,97.95,82.56,25.81
2020-11-07 21:00:00,67.49,93.25,81.31,25.2
2020-11-07 22:00:00,59.08,94.47,85.74,24.51
2020-11-07 23:00:00,82.66,137.9,85.54,24.67
2020-11-08 00:00:00,98.33,182.35,78.19,25.25
2020-11-08 01:00:00,83.32,151.35,71.67,25.89
2020-11-08 02:00:00,73.08,118.33,67.59,26.29
2020-11-08 03:00:00,67.6,108.89,65.09,26.05
2020-11-08 04:00:00,61.72,95.62,62.3,26.09
2020-11-08 05:00:00,62.76,91.36,57.79,26.34
2020-11-08 06:00:00,60.37,93.47,55.5,26.45
2020-11-08 07:00:00,60.88,90.71,56.12,26.71
2020-11-08 08:00:00,61.88,100.72,55.77,27.81
2020-11-08 09:00:00,61.12,106.29,52.52,30.52
2020-11-08 10:00:00,75.97,128.45,49.02,32.85
2020-11-08 11:00:00,78.0,148.0,44.88,34.69
2020-11-08 12:00:00,67.47,129.91,41.16,35.76
2020-11-08 13:00:00,54.59,106.27,39.54,36.37
2020-11-08 14:00:00,53.88,92.95,40.35,37.69
2020-11-08 15:00:00,55.76,98.42,42.59,37.8
2020-11-08 16:00:00,56.0,92.6,52.43,34.94
2020-11-08 17:00:00,57.76,100.87,68.68,29.91
2020-11-08 18:00:00,62.4,103.0,81.92,26.96
2020-11-08 19:00:00,62.12,93.92,80.45,25.9
2020-11-08 20:00:00,56.73,87.45,82.77,25.37
2020-11-08 21:00:00,48.1,68.56,85.56,24.64
2020-11-08 22:00:00,51.4,67.47,84.7,24.48
2020-11-08 23:00:00,76.66,117.5,82.1,24.93
2020-11-09 00:00:00,86.14,132.1,82.46,24.37
2020-11-09 01:00:00,77.31,114.03,85.21,23.55
2020-11-09 02:00:00,72.48,110.0,86.47,23.44
2020-11-09 03:00:00,87.84,129.73,86.35,23.57
2020-11-09 04:00:00,92.63,131.53,76.43,24.68
2020-11-09 05:00:00,85.1,127.0,76.47,23.68
2020-11-09 06:00:00,84.0,111.0,73.52,23.59
2020-11-09 07:00:00,77.84,114.29,69.29,24.43
2020-11-09 08:00:00,77.88,116.65,66.22,26.03
2020-11-09 09:00:00,85.05,131.0,55.73,30.34
2020-11-09 10:00:00,96.57,161.13,45.8,33.27
2020-11-09 11:00:00,94.48,168.65,42.41,34.12
2020-11-09 12:00:00,86.08,156.67,39.83,36.06
2020-11-09 13:00:00,73.59,139.2,35.16,36.91
2020-11-09 14:00:00,60.55,133.4,36.09,37.22
2020-11-09 15:00:00,48.43,93.36,38.77,36.9
2020-11-09 16:00:00,44.36,71.84,48.17,34.93
2020-11-09 17:00:00,43.12,78.9,69.78,28.89
2020-11-09 18:00:00,46.51,67.02,80.2,25.6
2020-11-09 19:00:00,43.48,70.58,80.79,24.6
2020-11-09 20:00:00,52.69,76.93,82.91,24.4
2020-11-09 21:00:00,54.88,72.25,79.68,23.81
2020-11-09 22:00:00,45.31,54.55,77.2,23.88
2020-11-09 23:00:00,53.66,88.0,82.22,23.52
2020-11-10 00:00:00,76.07,118.2,83.18,23.31
2020-11-10 01:00:00,82.51,127.11,85.48,22.63
2020-11-10 02:00:00,79.49,123.49,78.47,23.93
2020-11-10 03:00:00,89.56,141.56,80.0,23.21
2020-11-10 04:00:00,76.08,115.58,74.39,23.76
2020-11-10 05:00:00,64.34,99.92,71.79,23.52
2020-11-10 06:00:00,70.9,106.22,70.82,22.93
2020-11-10 07:00:00,79.02,112.11,70.91,22.94
2020-11-10 08:00:00,88.81,133.56,66.22,24.88
2020-11-10 09:00:00,94.39,149.55,51.82,29.86
2020-11-10 10:00:00,90.6,155.29,41.84,32.05
2020-11-10 11:00:00,90.0,162.0,37.91,33.55
2020-11-10 12:00:00,83.84,153.77,36.71,34.33
2020-11-10 13:00:00,78.61,139.67,29.55,35.25
2020-11-10 14:00:00,61.27,110.69,29.94,36.33
2020-11-10 15:00:00,59.88,98.42,34.61,36.6
2020-11-10 16:00:00,59.12,89.6,45.87,33.23
2020-11-10 17:00:00,59.0,89.64,67.4,27.84
2020-11-10 18:00:00,59.88,94.11,78.33,24.77
2020-11-10 19:00:00,59.12,92.53,79.65,24.34
2020-11-10 20:00:00,72.21,115.02,73.45,25.11
2020-11-10 21:00:00,76.64,114.25,75.5,23.43
2020-11-10 22:00:00,77.88,116.0,78.61,22.71
2020-11-10 23:00:00,94.68,152.18,79.64,22.85
2020-11-11 00:00:00,99.62,160.82,71.68,23.59
2020-11-11 01:00:00,83.32,128.11,70.26,23.42
2020-11-11 02:00:00,87.14,127.58,64.41,23.8
2020-11-11 03:00:00,81.84,123.18,60.3,23.82
2020-11-11 04:00:00,80.12,116.71,57.33,23.7
2020-11-11 05:00:00,75.6,114.35,56.58,23.29
2020-11-11 06:00:00,76.76,112.36,59.6,22.49
2020-11-11 07:00:00,84.05,113.64,64.49,21.71
2020-11-11 08:00:00,88.52,131.27,58.21,24.29
2020-11-11 09:00:00,81.95,134.18,46.5,28.8
2020-11-11 10:00:00,82.75,143.9,37.93,31.73
2020-11-11 11:00:00,86.51,158.33,36.9,31.91
2020-11-11 12:00:00,79.98,157.13,33.77,33.9
2020-11-11 13:00:00,64.78125,143.66000000000003,29.32,34.64
2020-11-11 14:00:00,59.0,90.0,30.78,35.66
2020-11-11 15:00:00,57.24,108.15,32.73,35.56
2020-11-11 16:00:00,60.51,111.18,42.96,32.94
2020-11-11 17:00:00,57.49,109.36,59.64,29.11
2020-11-11 18:00:00,62.27,104.07,63.34,27.2
2020-11-11 19:00:00,65.63,127.0,64.81,26.01
2020-11-11 20:00:00,72.14,116.31,72.55,23.49
2020-11-11 21:00:00,65.95,106.6,73.29,23.02
2020-11-11 22:00:00,83.49,147.75,71.36,23.55
2020-11-11 23:00:00,93.05,170.98,73.03,23.22
2020-11-12 00:00:00,101.0,174.0,60.72,23.39
2020-11-12 01:00:00,84.44,141.0,55.07,23.63
2020-11-12 02:00:00,76.72,118.38,52.08,23.86
2020-11-12 03:00:00,80.39,117.47,53.48,23.19
2020-11-12 04:00:00,81.0,119.64,51.73,23.34
2020-11-12 05:00:00,78.37,116.13,52.03,23.31
2020-11-12 06:00:00,75.37,115.64,51.53,23.52
2020-11-12 07:00:00,75.0,113.54,53.27,23.6
2020-11-12 08:00:00,82.92,124.55,51.98,25.35
2020-11-12 09:00:00,74.31,122.07,44.84,29.49
2020-11-12 10:00:00,71.24,125.1,40.07,31.74
2020-11-12 11:00:00,76.27,144.91,38.04,33.61
2020-11-12 12:00:00,74.36,139.13,37.33,34.3
2020-11-12 13:00:00,57.19,127.4,36.99,35.43
2020-11-12 14:00:00,59.0,129.0,35.77,36.34
2020-11-12 15:00:00,53.73,108.44,36.72,35.67
2020-11-12 16:00:00,45.1,94.13,42.35,35.02
2020-11-12 17:00:00,41.37,82.13,61.81,29.37
2020-11-12 18:00:00,53.27,98.91,77.25,25.71
2020-11-12 19:00:00,62.9,110.4,84.16,24.57
2020-11-12 20:00:00,67.51,104.6,83.72,23.82
2020-11-12 21:00:00,71.51,96.42,77.05,23.41
2020-11-12 22:00:00,67.6,99.0,84.57,22.52
2020-11-12 23:00:00,85.49,134.36,90.25,22.05
2020-11-13 00:00:00,86.25,129.71,86.3,21.92
2020-11-13 01:00:00,93.9,141.8,84.22,21.4
2020-11-13 02:00:00,81.83,109.77,84.73,21.13
2020-11-13 03:00:00,62.45,83.09,84.54,21.13
2020-11-13 04:00:00,57.36,79.82,83.76,21.31
2020-11-13 05:00:00,66.69,84.47,81.33,21.77
2020-11-13 06:00:00,68.0,101.82,78.57,22.75
2020-11-13 07:00:00,74.16,114.93,71.58,24.11
2020-11-13 08:00:00,75.0,127.51,65.3,26.5
2020-11-13 09:00:00,67.95,122.97,54.25,30.73
2020-11-13 10:00:00,49.45,99.27,48.13,34.23
2020-11-13 11:00:00,57.57,119.67,49.58,35.17
2020-11-13 12:00:00,59.0,118.44,50.7,35.91
2020-11-13 13:00:00,36.972,88.2175,47.67,37.43
2020-11-13 14:00:00,25.0,61.0,44.6,38.04
2020-11-13 15:00:00,27.63,61.0,44.61,37.54
2020-11-13 16:00:00,29.75,51.95,47.97,36.34
2020-11-13 17:00:00,24.7,56.55,63.1,32.12
2020-11-13 18:00:00,34.47,79.86,73.95,29.15
2020-11-13 19:00:00,51.85,84.35,75.95,28.43
2020-11-13 20:00:00,50.49,84.82,76.73,27.2
2020-11-13 21:00:00,42.1,59.51,78.87,25.71
2020-11-13 22:00:00,38.37,49.89,80.44,24.78
2020-11-13 23:00:00,31.86,47.36,84.75,24.45
2020-11-14 00:00:00,55.58,89.61,87.53,24.25
2020-11-14 01:00:00,86.21,129.42,84.39,24.24
2020-11-14 02:00:00,52.16,86.02,81.67,24.58
2020-11-14 03:00:00,46.12,75.82,80.06,25.13
2020-11-14 04:00:00,38.08,56.33,78.91,25.41
2020-11-14 05:00:00,36.12,62.65,77.63,25.7
2020-11-14 06:00:00,49.17,82.27,82.78,24.79
2020-11-14 07:00:00,70.37,108.12,85.06,24.86
2020-11-14 08:00:00,81.81,127.76,74.83,28.34
2020-11-14 09:00:00,62.81,98.11,65.05,31.31
2020-11-14 10:00:00,61.76,100.83,58.27,34.26
2020-11-14 11:00:00,37.42,72.58,52.88,34.7
2020-11-14 12:00:00,19.95,38.87,50.88,35.65
2020-11-14 13:00:00,25.142000000000003,57.94,47.8,37.22
2020-11-14 14:00:00,22.0,51.0,47.83,37.58
2020-11-14 15:00:00,23.75,51.0,54.27,34.95
2020-11-14 16:00:00,22.24,51.82,56.9,33.71
2020-11-14 17:00:00,14.98,46.24,64.92,31.2
2020-11-14 18:00:00,43.64,46.44,76.45,28.77
2020-11-14 19:00:00,33.13,51.64,76.25,28.8
2020-11-14 20:00:00,30.63,52.82,82.37,27.32
2020-11-14 21:00:00,43.29,62.87,87.55,26.37
2020-11-14 22:00:00,74.84,92.88,88.06,26.19
2020-11-14 23:00:00,59.69,76.8,91.7,25.61
2020-11-15 00:00:00,112.12,132.64,93.67,25.12
2020-11-15 01:00:00,62.25,78.81,95.0,24.94
2020-11-15 02:00:00,32.93,40.98,93.05,24.64
2020-11-15 03:00:00,24.72,35.18,95.42,24.55
2020-11-15 04:00:00,46.75,57.95,95.63,24.11
2020-11-15 05:00:00,93.01,110.69,96.36,24.21
2020-11-15 06:00:00,83.15,96.33,96.7,24.21
2020-11-15 07:00:00,53.79,65.51,96.41,24.61
2020-11-15 08:00:00,54.39,69.05,86.17,27.9
2020-11-15 09:00:00,68.21,104.6,66.06,33.27
2020-11-15 10:00:00,45.42,68.0,58.12,35.0
2020-11-15 11:00:00,44.63,80.33,54.26,35.8
2020-11-15 12:00:00,47.63,90.38,49.66,37.05
2020-11-15 13:00:00,43.61,74.73,48.49,37.41
2020-11-15 14:00:00,40.37,71.82,52.67,36.94
2020-11-15 15:00:00,46.14,82.69,58.07,34.9
2020-11-15 16:00:00,41.73,74.31,62.9,33.47
2020-11-15 17:00:00,43.63,76.93,70.72,31.58
2020-11-15 18:00:00,53.68,88.22,79.91,29.19
2020-11-15 19:00:00,55.88,100.58,74.77,29.1
2020-11-15 20:00:00,48.1,73.32,80.59,27.89
2020-11-15 21:00:00,73.33,93.22,83.55,27.18
2020-11-15 22:00:00,96.31,129.32,88.27,26.38
2020-11-15 23:00:00,157.81,197.88,85.94,26.03
2020-11-16 00:00:00,89.39,121.68,84.77,25.71
2020-11-16 01:00:00,64.92,83.15,84.19,25.48
2020-11-16 02:00:00,62.12,76.53,83.69,25.48
2020-11-16 03:00:00,44.45,60.43,85.55,25.19
2020-11-16 04:00:00,65.78,79.2,88.75,24.76
2020-11-16 05:00:00,66.37,83.18,88.59,24.71
2020-11-16 06:00:00,66.88,85.47,90.86,24.23
2020-11-16 07:00:00,59.1,76.13,91.59,24.64
2020-11-16 08:00:00,84.42,118.25,80.77,27.97
2020-11-16 09:00:00,84.48,124.71,64.14,32.4
2020-11-16 10:00:00,71.71,114.98,56.8,34.22
2020-11-16 11:00:00,62.1,113.0,50.83,36.0
2020-11-16 12:00:00,45.16,83.4,48.05,36.87
2020-11-16 13:00:00,39.10142857142857,84.94666666666666,45.2,37.63
2020-11-16 14:00:00,32.0,79.0,44.25,38.48
2020-11-16 15:00:00,26.73,69.98,45.26,38.83
2020-11-16 16:00:00,33.9,58.95,56.92,35.48
2020-11-16 17:00:00,56.07,93.06,64.03,32.85
2020-11-16 18:00:00,55.49,91.0,70.05,30.1
2020-11-16 19:00:00,55.88,90.18,75.68,29.41
2020-11-16 20:00:00,78.82,112.2,78.12,28.83
2020-11-16 21:00:00,91.66,131.8,84.1,27.23
2020-11-16 22:00:00,95.64,116.15,86.23,26.36
2020-11-16 23:00:00,67.91,89.06,85.61,25.97
2020-11-17 00:00:00,64.88,87.27,83.98,25.67
2020-11-17 01:00:00,68.52,85.53,86.24,25.17
2020-11-17 02:00:00,57.59,72.71,88.62,24.83
2020-11-17 03:00:00,48.98,64.25,88.83,24.73
2020-11-17 04:00:00,48.0,65.47,89.27,24.81
2020-11-17 05:00:00,46.24,66.0,84.51,25.42
2020-11-17 06:00:00,41.61,60.24,83.55,25.54
2020-11-17 07:00:00,46.27,68.87,78.89,26.53
2020-11-17 08:00:00,49.63,76.74,71.32,29.09
2020-11-17 09:00:00,45.6,72.25,60.31,32.31
2020-11-17 10:00:00,52.02,99.0,54.86,34.76
2020-11-17 11:00:00,47.73,102.19,52.68,35.76
2020-11-17 12:00:00,39.1,72.86,50.5,36.93
2020-11-17 13:00:00,36.373333333333335,80.26571428571428,49.03,37.48
2020-11-17 14:00:00,31.0,61.0,47.87,38.48
2020-11-17 15:00:00,25.74,56.07,47.95,38.21
2020-11-17 16:00:00,25.88,59.93,57.86,35.47
2020-11-17 17:00:00,40.05,71.69,64.66,31.74
2020-11-17 18:00:00,51.66,78.11,69.16,30.03
2020-11-17 19:00:00,48.61,77.36,72.34,29.96
2020-11-17 20:00:00,70.82,108.14,81.62,28.21
2020-11-17 21:00:00,87.17,120.73,84.37,27.51
2020-11-17 22:00:00,77.59,105.56,88.16,26.83
2020-11-17 23:00:00,80.39,101.18,92.08,26.26
2020-11-18 00:00:00,77.5,97.72,94.14,25.96
2020-11-18 01:00:00,88.41,113.39,91.02,26.09
2020-11-18 02:00:00,84.73,117.82,91.47,25.39
2020-11-18 03:00:00,62.93,90.96,91.99,25.03
2020-11-18 04:00:00,65.27,89.92,94.31,24.67
2020-11-18 05:00:00,58.1,85.27,95.54,24.51
2020-11-18 06:00:00,58.76,84.0,93.89,24.14
2020-11-18 07:00:00,66.9,98.75,85.92,25.15
2020-11-18 08:00:00,71.51,117.57,75.76,27.74
2020-11-18 09:00:00,69.37,123.46,65.58,31.36
2020-11-18 10:00:00,79.55,146.94,56.34,34.91
2020-11-18 11:00:00,74.84,148.12,53.41,35.22
2020-11-18 12:00:00,64.34,136.17,55.3,34.89
2020-11-18 13:00:00,61.44428571428572,133.856,56.98,35.23
2020-11-18 14:00:00,48.0,98.0,56.75,35.31
2020-11-18 15:00:00,62.05,118.56,61.63,33.9
2020-11-18 16:00:00,68.39,118.07,63.78,32.86
2020-11-18 17:00:00,55.83,94.8,69.77,31.05
2020-11-18 18:00:00,53.12,94.1,76.65,28.76
2020-11-18 19:00:00,50.37,84.35,82.75,27.54
2020-11-18 20:00:00,49.12,68.07,87.8,26.6
2020-11-18 21:00:00,48.12,65.82,88.83,26.34
2020-11-18 22:00:00,52.39,73.66,89.43,26.3
2020-11-18 23:00:00,62.66,99.38,89.41,26.48
2020-11-19 00:00:00,64.0,104.0,87.82,26.26
2020-11-19 01:00:00,63.12,92.53,87.54,25.92
2020-11-19 02:00:00,63.88,87.54,87.42,25.78
2020-11-19 03:00:00,64.0,87.0,87.49,25.92
2020-11-19 04:00:00,60.49,84.54,87.53,26.05
2020-11-19 05:00:00,65.28,89.73,88.75,25.47
2020-11-19 06:00:00,67.75,91.82,89.33,25.55
2020-11-19 07:00:00,68.0,92.82,88.83,26.24
2020-11-19 08:00:00,77.66,115.2,82.58,27.99
2020-11-19 09:00:00,74.61,108.49,70.05,31.42
2020-11-19 10:00:00,78.4,120.8,61.71,33.67
2020-11-19 11:00:00,63.2,105.09,58.96,35.18
2020-11-19 12:00:00,56.61,90.35,56.18,36.43
2020-11-19 13:00:00,63.71,150.57333333333335,55.59,36.38
2020-11-19 14:00:00,59.0,106.0,53.73,35.97
2020-11-19 15:00:00,66.9,129.02,53.89,35.88
2020-11-19 16:00:00,53.08,105.22,58.46,33.51
2020-11-19 17:00:00,54.5,100.64,63.67,31.13
2020-11-19 18:00:00,64.66,112.47,72.15,28.64
2020-11-19 19:00:00,69.52,116.91,78.23,27.23
2020-11-19 20:00:00,74.38,112.27,82.2,26.13
2020-11-19 21:00:00,74.12,115.11,85.8,25.49
2020-11-19 22:00:00,74.88,116.0,87.93,25.08
2020-11-19 23:00:00,73.25,107.83,86.04,24.5
2020-11-20 00:00:00,77.38,112.56,86.7,24.28
2020-11-20 01:00:00,72.73,103.34,82.21,24.42
2020-11-20 02:00:00,58.83,72.0,84.16,23.64
2020-11-20 03:00:00,45.59,59.71,86.56,23.76
2020-11-20 04:00:00,72.0,98.93,85.27,23.91
2020-11-20 05:00:00,59.32,94.07,81.84,23.59
2020-11-20 06:00:00,71.05,104.11,78.95,23.51
2020-11-20 07:00:00,51.93,77.5,76.91,24.39
2020-11-20 08:00:00,40.22,72.28,69.72,27.2
2020-11-20 09:00:00,48.66,77.92,61.05,31.0
2020-11-20 10:00:00,42.98,77.36,58.41,32.27
2020-11-20 11:00:00,48.1,99.0,59.12,32.9
2020-11-20 12:00:00,57.77,118.67,57.07,33.9
2020-11-20 13:00:00,74.17,118.67999999999999,53.89,36.3
2020-11-20 14:00:00,48.0,100.0,52.33,35.42
2020-11-20 15:00:00,50.62,97.54,53.11,34.93
2020-11-20 16:00:00,48.37,99.46,57.17,32.55
2020-11-20 17:00:00,48.0,90.98,61.56,29.89
2020-11-20 18:00:00,55.9,105.39,61.38,28.97
2020-11-20 19:00:00,56.12,93.42,76.12,26.54
2020-11-20 20:00:00,61.27,96.56,81.5,25.47
2020-11-20 21:00:00,66.39,101.28,82.49,24.94
2020-11-20 22:00:00,74.02,111.83,89.53,24.12
2020-11-20 23:00:00,72.37,100.89,89.95,23.5
2020-11-21 00:00:00,69.37,95.55,92.28,23.22
2020-11-21 01:00:00,69.0,95.0,92.41,22.93
2020-11-21 02:00:00,60.22,85.17,92.75,22.56
2020-11-21 03:00:00,52.86,69.07,93.84,22.34
2020-11-21 04:00:00,46.73,61.08,91.8,22.02
2020-11-21 05:00:00,46.88,62.46,92.2,21.86
2020-11-21 06:00:00,52.27,63.0,93.76,21.66
2020-11-21 07:00:00,60.02,86.84,94.23,22.06
2020-11-21 08:00:00,63.63,94.46,80.7,26.16
2020-11-21 09:00:00,79.8,147.0,57.44,32.47
2020-11-21 10:00:00,68.8,124.8,50.48,34.57
2020-11-21 11:00:00,54.71,108.53,48.87,36.1
2020-11-21 12:00:00,49.5,97.06,47.75,37.08
2020-11-21 13:00:00,58.07285714285714,121.4675,48.86,36.16
2020-11-21 14:00:00,56.0,116.03833333333334,47.36,37.08
2020-11-21 15:00:00,51.62,110.56,50.61,35.33
2020-11-21 16:00:00,47.49,86.72833333333334,51.45,34.45
2020-11-21 17:00:00,36.47,116.97142857142856,63.73,30.14
2020-11-21 18:00:00,43.78,82.0,70.05,27.51
2020-11-21 19:00:00,45.88,85.28,69.06,25.98
2020-11-21 20:00:00,39.84,69.61,78.43,25.62
2020-11-21 21:00:00,66.21,83.25,80.19,24.98
2020-11-21 22:00:00,60.34,88.08,85.95,23.7
2020-11-21 23:00:00,66.9,91.92,90.03,23.21
2020-11-22 00:00:00,69.76,95.46,91.19,23.12
2020-11-22 01:00:00,69.12,96.82,92.75,22.79
2020-11-22 02:00:00,79.53,118.0,94.44,22.55
2020-11-22 03:00:00,90.66,136.03,92.68,22.73
2020-11-22 04:00:00,92.0,128.0,92.88,22.16
2020-11-22 05:00:00,83.22,106.69,90.76,22.76
2020-11-22 06:00:00,74.1,103.64,88.8,23.22
2020-11-22 07:00:00,74.75,100.16,92.51,22.61
2020-11-22 08:00:00,69.73,98.82,82.72,26.57
2020-11-22 09:00:00,86.56,121.12,62.02,32.43
2020-11-22 10:00:00,82.86,134.19,53.77,34.05
2020-11-22 11:00:00,64.44,115.52,50.76,35.9
2020-11-22 12:00:00,67.27,116.75,50.6,35.8
2020-11-22 13:00:00,71.52,127.83,54.69,34.86
2020-11-22 14:00:00,82.53,134.1,55.99,34.23
2020-11-22 15:00:00,80.49,131.13,58.02,33.89
2020-11-22 16:00:00,88.78,139.65,60.28,32.8
2020-11-22 17:00:00,98.75,161.67,69.88,30.07
2020-11-22 18:00:00,87.75,147.15,78.14,27.35
2020-11-22 19:00:00,78.12,118.42,80.47,26.16
2020-11-22 20:00:00,57.69,85.14,81.59,24.64
2020-11-22 21:00:00,45.34,62.67,85.21,23.83
2020-11-22 22:00:00,52.78,64.73,91.5,23.29
2020-11-22 23:00:00,56.63,72.53,92.79,22.86
2020-11-23 00:00:00,43.0,53.52,92.82,22.59
2020-11-23 01:00:00,42.76,57.98,94.53,21.94
2020-11-23 02:00:00,40.37,59.18,95.26,21.72
2020-11-23 03:00:00,41.76,56.54,96.4,21.49
2020-11-23 04:00:00,55.15,71.57,96.8,21.1
2020-11-23 05:00:00,63.14,85.65,96.15,21.07
2020-11-23 06:00:00,68.39,87.0,92.03,21.9
2020-11-23 07:00:00,73.39,93.56,91.19,22.25
2020-11-23 08:00:00,74.88,99.1,79.06,26.45
2020-11-23 09:00:00,57.45,86.07,56.45,32.44
2020-11-23 10:00:00,60.26,104.31,47.72,34.67
2020-11-23 11:00:00,51.34,102.61,41.02,36.49
2020-11-23 12:00:00,35.08,70.32,34.79,36.4
2020-11-23 13:00:00,19.88,41.95,32.36,35.87
2020-11-23 14:00:00,17.12,28.7,32.17,35.55
2020-11-23 15:00:00,8.22,18.27,31.32,35.45
2020-11-23 16:00:00,7.0,17.82,34.37,33.07
2020-11-23 17:00:00,10.51,25.38,41.53,30.0
2020-11-23 18:00:00,12.75,36.84,53.44,27.73
2020-11-23 19:00:00,19.12,43.1,61.28,26.77
2020-11-23 20:00:00,31.38,48.92,73.2,24.49
2020-11-23 21:00:00,40.02,53.28,72.2,23.97
2020-11-23 22:00:00,35.74,51.54,79.91,22.96
2020-11-23 23:00:00,45.53,60.83,86.14,22.78
2020-11-24 00:00:00,63.66,81.78,90.99,22.46
2020-11-24 01:00:00,58.1,72.07,90.83,22.27
2020-11-24 02:00:00,58.75,69.82,94.05,22.0
2020-11-24 03:00:00,66.0,72.46,94.59,21.5
2020-11-24 04:00:00,65.25,75.46,95.29,21.28
2020-11-24 05:00:00,60.62,76.0,94.12,21.19
2020-11-24 06:00:00,60.88,73.54,93.25,20.91
2020-11-24 07:00:00,78.56,101.68,89.97,21.63
2020-11-24 08:00:00,96.8,135.04,81.99,24.63
2020-11-24 09:00:00,98.12,142.63,61.83,30.34
2020-11-24 10:00:00,84.0,135.62,47.72,33.5
2020-11-24 11:00:00,53.62,121.56,41.36,34.52
2020-11-24 12:00:00,50.0,97.03,38.91,36.0
2020-11-24 13:00:00,44.72,82.35,40.62,36.14
2020-11-24 14:00:00,55.41,103.68,43.27,36.37
2020-11-24 15:00:00,57.0,105.72,47.89,34.38
2020-11-24 16:00:00,67.53,119.76,54.13,32.45
2020-11-24 17:00:00,69.0,127.1,65.22,29.76
2020-11-24 18:00:00,76.02,132.92,77.46,26.44
2020-11-24 19:00:00,69.12,112.69,75.78,24.93
2020-11-24 20:00:00,55.71,89.15,79.72,24.53
2020-11-24 21:00:00,91.7,133.0,76.88,24.46
2020-11-24 22:00:00,73.3,104.42,81.32,24.57
2020-11-24 23:00:00,73.51,105.38,84.19,24.36
2020-11-25 00:00:00,74.0,106.37,83.48,23.75
2020-11-25 01:00:00,74.88,111.73,83.44,24.05
2020-11-25 02:00:00,96.88,143.22,88.92,23.73
2020-11-25 03:00:00,79.0,124.6,88.39,23.76
2020-11-25 04:00:00,76.0,117.37,90.3,23.38
2020-11-25 05:00:00,80.38,113.72,93.18,22.75
2020-11-25 06:00:00,93.29,124.43,93.08,22.2
2020-11-25 07:00:00,99.38,136.01,95.09,22.37
2020-11-25 08:00:00,112.29,156.03,82.4,26.03
2020-11-25 09:00:00,116.62,170.65,66.01,30.91
2020-11-25 10:00:00,107.34,173.0,51.77,33.86
2020-11-25 11:00:00,93.75,167.87,46.78,33.34
2020-11-25 12:00:00,79.71,140.5,39.6,34.86
2020-11-25 13:00:00,61.32,107.23,36.94,35.76
2020-11-25 14:00:00,48.5,94.44,45.08,35.1
2020-11-25 15:00:00,83.98,153.64,57.75,32.19
2020-11-25 16:00:00,113.5,186.6,60.7,31.38
2020-11-25 17:00:00,105.59,171.4,65.11,29.21
2020-11-25 18:00:00,97.0,153.06,72.08,26.66
2020-11-25 19:00:00,130.12,188.0,67.51,26.35
2020-11-25 20:00:00,93.75,123.0,73.99,25.11
2020-11-25 21:00:00,73.95,106.67,77.66,24.3
2020-11-25 22:00:00,83.41,125.94,85.27,23.7
2020-11-25 23:00:00,86.75,122.0,88.6,23.27
2020-11-26 00:00:00,93.14,140.78,92.03,22.91
2020-11-26 01:00:00,72.12,101.72,90.2,22.93
2020-11-26 02:00:00,68.12,90.37,90.23,22.49
2020-11-26 03:00:00,91.62,118.58,90.5,22.22
2020-11-26 04:00:00,103.78,138.11,91.25,22.36
2020-11-26 05:00:00,106.75,149.17,91.83,22.16
2020-11-26 06:00:00,110.5,150.18,94.09,21.53
2020-11-26 07:00:00,92.57,124.68,92.04,22.45
2020-11-26 08:00:00,90.0,133.75,78.66,26.39
2020-11-26 09:00:00,93.51,139.0,62.71,29.9
2020-11-26 10:00:00,86.98,142.27,49.87,33.12
2020-11-26 11:00:00,96.5,161.78,44.93,33.62
2020-11-26 12:00:00,86.59,148.0,37.08,35.03
2020-11-26 13:00:00,66.57,120.96,36.66,35.77
2020-11-26 14:00:00,64.0,120.73,39.73,36.06
2020-11-26 15:00:00,73.66,134.29,42.13,35.53
2020-11-26 16:00:00,66.25,109.96,52.26,33.73
2020-11-26 17:00:00,78.17,121.97,63.51,29.92
2020-11-26 18:00:00,88.75,135.0,75.74,27.53
2020-11-26 19:00:00,99.66,161.22,76.77,27.11
2020-11-26 20:00:00,108.01,169.45,82.17,25.44
2020-11-26 21:00:00,109.88,149.51,85.88,24.17
2020-11-26 22:00:00,100.38,138.47,79.1,24.48
2020-11-26 23:00:00,80.57,122.25,64.75,26.46
2020-11-27 00:00:00,72.75,117.37,69.19,25.04
2020-11-27 01:00:00,76.38,112.92,76.34,23.24
2020-11-27 02:00:00,76.12,102.98,67.65,23.95
2020-11-27 03:00:00,68.1,98.54,60.74,25.0
2020-11-27 04:00:00,70.5,109.47,55.3,25.98
2020-11-27 05:00:00,78.88,117.72,55.5,25.69
2020-11-27 06:00:00,73.88,113.27,54.45,25.45
2020-11-27 07:00:00,68.61,105.47,51.94,25.8
2020-11-27 08:00:00,60.12,103.18,51.58,27.3
2020-11-27 09:00:00,65.14,114.43,48.96,29.74
2020-11-27 10:00:00,68.63,131.56,46.89,31.43
2020-11-27 11:00:00,58.5,123.0,45.57,32.68
2020-11-27 12:00:00,50.22,103.0,41.71,34.75
2020-11-27 13:00:00,42.382000000000005,145.06125000000003,39.08,34.68
2020-11-27 14:00:00,32.0,79.0,37.59,35.64
2020-11-27 15:00:00,39.02,75.72,36.5,35.31
2020-11-27 16:00:00,28.62,68.47,39.71,33.77
2020-11-27 17:00:00,37.5,72.73,47.13,30.44
2020-11-27 18:00:00,47.78,83.02,48.9,28.46
2020-11-27 19:00:00,53.38,93.98,47.4,28.3
2020-11-27 20:00:00,60.12,98.45,46.95,27.9
2020-11-27 21:00:00,63.63,110.47,48.4,27.34
2020-11-27 22:00:00,74.5,119.53,50.13,26.87
2020-11-27 23:00:00,76.88,129.19,52.94,25.81
2020-11-28 00:00:00,79.63,122.0,51.86,25.88
2020-11-28 01:00:00,85.25,131.8,52.7,25.53
2020-11-28 02:00:00,85.12,131.54,55.54,24.83
2020-11-28 03:00:00,85.0,122.83,57.66,24.77
2020-11-28 04:00:00,81.49,112.83,56.37,24.94
2020-11-28 05:00:00,80.12,110.18,57.7,24.93
2020-11-28 06:00:00,72.12,105.92,59.35,25.09
2020-11-28 07:00:00,70.12,96.83,61.6,25.21
2020-11-28 08:00:00,65.61,100.7,59.25,26.83
2020-11-28 09:00:00,53.62,92.57,57.46,27.69
2020-11-28 10:00:00,52.88,92.45,52.92,29.93
2020-11-28 11:00:00,46.86,99.56,51.45,31.32
2020-11-28 12:00:00,37.22,76.5,46.42,33.47
2020-11-28 13:00:00,22.0,69.37,45.65,33.82
2020-11-28 14:00:00,23.5,55.12,52.52,32.17
2020-11-28 15:00:00,30.12,49.55,58.51,30.9
2020-11-28 16:00:00,36.25,62.0,66.18,29.3
2020-11-28 17:00:00,35.25,72.65,72.39,27.81
2020-11-28 18:00:00,37.62,70.1,75.62,27.05
2020-11-28 19:00:00,41.5,74.73,78.54,26.66
2020-11-28 20:00:00,52.53,81.73,79.03,26.75
2020-11-28 21:00:00,55.76,100.15,80.09,26.64
2020-11-28 22:00:00,69.12,131.77,82.42,26.61
2020-11-28 23:00:00,69.25,124.93,82.69,26.42
2020-11-29 00:00:00,66.38,119.47,75.72,26.91
2020-11-29 01:00:00,40.55,80.43,77.94,26.1
2020-11-29 02:00:00,35.24,57.3,82.0,25.52
2020-11-29 03:00:00,30.62,53.18,86.5,24.58
2020-11-29 04:00:00,32.62,57.9,88.89,24.13
2020-11-29 05:00:00,32.12,53.28,90.43,23.81
2020-11-29 06:00:00,37.25,54.45,90.9,23.37
2020-11-29 07:00:00,45.88,62.38,90.7,23.74
2020-11-29 08:00:00,54.88,78.0,75.59,28.45
2020-11-29 09:00:00,67.38,114.0,59.12,32.12
2020-11-29 10:00:00,55.83,91.06,56.1,32.61
2020-11-29 11:00:00,44.38,86.0,52.19,33.5
2020-11-29 12:00:00,24.57,55.68,49.44,33.86
2020-11-29 13:00:00,24.62,58.8,46.97,34.87
2020-11-29 14:00:00,20.61,48.75,48.98,34.56
2020-11-29 15:00:00,18.25,50.9,52.4,33.91
2020-11-29 16:00:00,22.36,60.17,57.03,32.43
2020-11-29 17:00:00,30.02,62.82,62.87,30.12
2020-11-29 18:00:00,26.62,53.2,74.04,27.18
2020-11-29 19:00:00,31.25,63.25,75.08,27.05
2020-11-29 20:00:00,32.0,61.92,80.64,26.35
2020-11-29 21:00:00,37.25,58.55,82.89,25.62
2020-11-29 22:00:00,37.12,48.0,85.29,24.78
2020-11-29 23:00:00,33.49,44.73,89.38,24.5
2020-11-30 00:00:00,43.5,59.52,91.8,24.06
2020-11-30 01:00:00,42.37,54.8,93.24,23.84
2020-11-30 02:00:00,30.62,44.02,93.23,23.7
2020-11-30 03:00:00,36.88,52.0,93.72,23.79
2020-11-30 04:00:00,38.88,52.0,93.55,23.44
2020-11-30 05:00:00,35.5,43.83,93.39,23.27
2020-11-30 06:00:00,35.88,42.0,92.1,23.15
2020-11-30 07:00:00,57.8,66.5,90.16,23.74
2020-11-30 08:00:00,68.02,105.48,77.69,27.59
2020-11-30 09:00:00,94.45,145.67,64.62,31.07
2020-11-30 10:00:00,95.38,162.8,55.76,34.5
2020-11-30 11:00:00,102.9,146.22,50.98,35.33
2020-11-30 12:00:00,49.58,86.28,50.5,35.45
2020-11-30 13:00:00,58.68,82.98,48.86,36.89
2020-11-30 14:00:00,56.62,93.98,54.2,35.12
2020-11-30 15:00:00,69.17,113.97,57.95,33.75
2020-11-30 16:00:00,69.49,116.72,59.65,33.84
2020-11-30 17:00:00,69.86125,136.39375,69.18142857142857,29.4825
2020-11-30 18:00:00,59.0,80.0,71.37666666666667,28.807142857142853
2020-11-30 19:00:00,63.7025,132.08499999999998,74.95,27.911250000000003
2020-11-30 20:00:00,35.0,55.0,73.03571428571429,27.695
2020-11-30 21:00:00,37.62,63.17,72.94714285714285,27.346249999999998
2020-11-30 22:00:00,32.73,46.97,75.14,26.84625
2020-11-30 23:00:00,45.12,69.13,77.37333333333333,26.69857142857143
2020-12-01 00:00:00,49.62,75.0,79.79714285714286,26.40375
2020-12-01 01:00:00,54.38,81.53,81.68142857142857,26.355
2020-12-01 02:00:00,47.12,74.83,82.1557142857143,26.098750000000003
2020-12-01 03:00:00,51.27,86.11,82.46428571428571,25.75125
2020-12-01 04:00:00,58.12,89.0,79.62714285714284,25.816249999999997
2020-12-01 05:00:00,55.5,81.65,77.35714285714286,25.87375
2020-12-01 06:00:00,60.25,88.17,77.69428571428573,25.466250000000002
2020-12-01 07:00:00,65.38,92.44,77.91714285714285,25.67375
2020-12-01 08:00:00,57.25,81.57,74.88428571428571,27.20125
2020-12-01 09:00:00,75.31,123.92,66.86142857142856,29.71125
2020-12-01 10:00:00,87.0,145.4,54.87,35.31
2020-12-01 11:00:00,63.75,120.15,52.42,35.49
2020-12-01 12:00:00,63.51,108.1,48.47,36.78
2020-12-01 13:00:00,55.25,102.1,46.88,37.22
2020-12-01 14:00:00,62.193,125.3988888888889,48.52,36.8
2020-12-01 15:00:00,61.0,114.0,57.41,34.48
2020-12-01 16:00:00,68.88,122.98,63.02,32.94
2020-12-01 17:00:00,64.75,109.48,70.87,30.92
2020-12-01 18:00:00,71.0,114.98,75.87,29.11
2020-12-01 19:00:00,65.0,104.75,78.65,27.79
2020-12-01 20:00:00,57.0,88.93,71.45,28.64
2020-12-01 21:00:00,54.25,80.28,70.19,28.95
2020-12-01 22:00:00,60.12,96.91,80.28,26.9
2020-12-01 23:00:00,68.0,99.36,86.15,25.61
2020-12-02 00:00:00,66.38,87.53,91.4,25.32
2020-12-02 01:00:00,68.62,87.45,91.77,24.9
2020-12-02 02:00:00,65.5,90.45,94.07,24.59
2020-12-02 03:00:00,71.12,95.88,91.93,24.68
2020-12-02 04:00:00,84.29,128.85,90.75,24.77
2020-12-02 05:00:00,90.38,139.27,87.72,24.95
2020-12-02 06:00:00,88.38,124.48,84.32,25.63
2020-12-02 07:00:00,75.75,117.75,84.77,25.96
2020-12-02 08:00:00,91.44,140.68,79.72,27.71
2020-12-02 09:00:00,99.25,161.52,67.81,31.12
2020-12-02 10:00:00,98.25,159.28,58.43,33.33
2020-12-02 11:00:00,80.5,149.02,52.06,35.16
2020-12-02 12:00:00,76.25,128.22,48.57,36.18
2020-12-02 13:00:00,76.88,132.17,45.58,37.07
2020-12-02 14:00:00,60.38,108.68,46.08,36.55
2020-12-02 15:00:00,49.25,81.77,51.3,35.62
2020-12-02 16:00:00,61.12,113.75,58.33,33.76
2020-12-02 17:00:00,71.75,110.57,64.06,30.88
2020-12-02 18:00:00,60.75,94.98,71.79,28.82
2020-12-02 19:00:00,59.88,96.9,79.77,27.67
2020-12-02 20:00:00,67.02,105.35,87.44,25.83
2020-12-02 21:00:00,70.62,107.0,88.91,24.9
2020-12-02 22:00:00,75.38,110.27,91.56,24.26
2020-12-02 23:00:00,76.88,115.0,89.96,24.62
2020-12-03 00:00:00,92.75,152.69,89.97,24.13
2020-12-03 01:00:00,85.38,141.47,87.06,23.82
2020-12-03 02:00:00,69.12,114.95,82.84,23.66
2020-12-03 03:00:00,62.62,93.67,75.2,24.48
2020-12-03 04:00:00,57.62,86.75,77.08,24.34
2020-12-03 05:00:00,73.62,116.22,73.28,24.04
2020-12-03 06:00:00,57.62,96.87,71.06,23.96
2020-12-03 07:00:00,62.88,98.35,72.81,23.77
2020-12-03 08:00:00,68.38,110.62,68.07,26.6
2020-12-03 09:00:00,78.62,127.7,55.69,31.77
2020-12-03 10:00:00,82.62,140.77,48.62,33.57
2020-12-03 11:00:00,76.86,152.8,46.07,34.4
2020-12-03 12:00:00,83.88,153.37,41.67,35.58
2020-12-03 13:00:00,74.47,132.65,38.61,36.66
2020-12-03 14:00:00,67.75,126.37,36.2,36.85
2020-12-03 15:00:00,48.57,99.4,44.39,35.57
2020-12-03 16:00:00,67.0,133.82,51.31,33.78
2020-12-03 17:00:00,70.0,151.53,59.5,31.02
2020-12-03 18:00:00,79.66,139.12,67.58,27.84
2020-12-03 19:00:00,62.62,104.97,60.07,27.86
2020-12-03 20:00:00,56.5,84.93,67.52,26.76
2020-12-03 21:00:00,65.62,90.95,70.78,25.12
2020-12-03 22:00:00,56.5,80.0,78.16,24.05
2020-12-03 23:00:00,75.12,111.85,85.67,23.43
2020-12-04 00:00:00,71.02,105.98,87.89,22.81
2020-12-04 01:00:00,63.89,98.93,87.62,22.01
2020-12-04 02:00:00,58.62,80.03,89.74,21.8
2020-12-04 03:00:00,58.88,76.82,81.37,22.66
2020-12-04 04:00:00,59.88,82.72,78.59,23.17
2020-12-04 05:00:00,74.0,116.0,76.85,23.64
2020-12-04 06:00:00,79.5,113.56,78.53,23.4
2020-12-04 07:00:00,73.86,114.63,80.66,23.24
2020-12-04 08:00:00,73.87,119.08,73.46,26.1
2020-12-04 09:00:00,85.38,132.25,57.31,31.09
2020-12-04 10:00:00,85.25,148.07,49.16,32.33
2020-12-04 11:00:00,78.94,143.93,43.32,33.91
2020-12-04 12:00:00,76.25,148.79,38.66,34.99
2020-12-04 13:00:00,71.62,122.0,35.33,36.45
2020-12-04 14:00:00,63.12,106.48,32.95,37.09
2020-12-04 15:00:00,54.15,97.3,39.59,34.22
2020-12-04 16:00:00,67.0,134.38,42.73,32.51
2020-12-04 17:00:00,76.88,144.63,51.86,29.19
2020-12-04 18:00:00,73.62,135.23,61.93,26.34
2020-12-04 19:00:00,73.88,122.38,63.79,24.91
2020-12-04 20:00:00,57.38,88.26,71.43,23.49
2020-12-04 21:00:00,62.88,84.25,75.0,23.34
2020-12-04 22:00:00,53.5,72.79,80.5,22.73
2020-12-04 23:00:00,71.25,101.74,86.03,22.09
2020-12-05 00:00:00,55.68,66.0,84.25,21.77
2020-12-05 01:00:00,54.75,76.58,82.35,21.58
2020-12-05 02:00:00,52.38,69.2,85.86,20.81
2020-12-05 03:00:00,67.75,85.84,86.83,21.02
2020-12-05 04:00:00,100.62,140.28,89.57,20.41
2020-12-05 05:00:00,96.25,132.85,91.22,19.97
2020-12-05 06:00:00,86.25,110.22,91.53,19.8
2020-12-05 07:00:00,69.25,96.2,84.89,21.1
2020-12-05 08:00:00,68.75,105.39,68.06,25.2
2020-12-05 09:00:00,62.02,111.27,51.93,29.82
2020-12-05 10:00:00,63.62,120.17,44.67,32.75
2020-12-05 11:00:00,78.88,161.07,39.73,34.16
2020-12-05 12:00:00,77.5,161.86,35.75,35.82
2020-12-05 13:00:00,63.0,132.23,32.67,36.68
2020-12-05 14:00:00,54.89,108.09,31.15,37.23
2020-12-05 15:00:00,47.0,95.02,33.99,37.77
2020-12-05 16:00:00,50.38,109.33,53.2,33.17
2020-12-05 17:00:00,85.12,149.42,65.08,30.24
2020-12-05 18:00:00,96.12,178.17,70.06,27.45
2020-12-05 19:00:00,90.0,155.58,77.43,25.28
2020-12-05 20:00:00,70.68,105.0,81.8,23.54
2020-12-05 21:00:00,63.64,87.85,81.98,23.11
2020-12-05 22:00:00,59.5,85.63,87.47,22.42
2020-12-05 23:00:00,73.0,107.23,91.23,21.8
2020-12-06 00:00:00,77.62,123.43,88.77,22.14
2020-12-06 01:00:00,85.86,136.13,80.98,22.66
2020-12-06 02:00:00,80.86,133.83,79.72,22.2
2020-12-06 03:00:00,85.23,127.93,77.17,22.0
2020-12-06 04:00:00,77.25,122.93,65.05,23.23
2020-12-06 05:00:00,60.25,93.52,62.5,23.16
2020-12-06 06:00:00,56.25,77.0,59.23,23.33
2020-12-06 07:00:00,49.88,73.73,55.54,23.73
2020-12-06 08:00:00,48.13,77.88,51.94,26.36
2020-12-06 09:00:00,58.5,97.78,47.9,30.64
2020-12-06 10:00:00,70.5,129.77,39.45,32.53
2020-12-06 11:00:00,65.0,129.47,37.19,33.72
2020-12-06 12:00:00,55.28,106.84,32.36,34.66
2020-12-06 13:00:00,48.75,95.49,27.67,35.67
2020-12-06 14:00:00,33.12,65.52,26.85,36.38
2020-12-06 15:00:00,29.25,58.19,27.25,36.91
2020-12-06 16:00:00,33.36,61.0,34.71,35.75
2020-12-06 17:00:00,40.12,87.86,55.5,30.51
2020-12-06 18:00:00,55.88,119.32,69.74,26.98
2020-12-06 19:00:00,56.25,105.4,77.13,24.53
2020-12-06 20:00:00,49.0,78.13,70.74,23.83
2020-12-06 21:00:00,39.25,64.05,70.42,22.95
2020-12-06 22:00:00,40.62,65.25,76.07,22.53
2020-12-06 23:00:00,55.0,92.95,85.88,21.88
2020-12-07 00:00:00,65.73,111.2,80.71,21.61
2020-12-07 01:00:00,69.62,107.47,78.54,22.08
2020-12-07 02:00:00,76.98,134.49,78.71,21.82
2020-12-07 03:00:00,76.25,132.05,80.99,20.83
2020-12-07 04:00:00,70.75,98.0,71.52,22.35
2020-12-07 05:00:00,60.38,95.56,64.66,23.21
2020-12-07 06:00:00,58.12,94.19,60.48,23.4
2020-12-07 07:00:00,54.5,82.61,57.24,23.96
2020-12-07 08:00:00,51.37,83.27,53.86,25.85
2020-12-07 09:00:00,50.12,89.7,45.97,29.5
2020-12-07 10:00:00,61.38,114.6,41.39,32.48
2020-12-07 11:00:00,69.99,150.93,38.68,34.23
2020-12-07 12:00:00,60.5,138.0,36.29,35.22
2020-12-07 13:00:00,58.13,129.0,34.78,36.63
2020-12-07 14:00:00,57.13,117.61,32.86,37.44
2020-12-07 15:00:00,42.97,92.21,33.01,37.48
2020-12-07 16:00:00,38.38,82.93,39.85,35.39
2020-12-07 17:00:00,35.38,80.37,56.62,30.12
2020-12-07 18:00:00,35.88,71.83,71.88,26.08
2020-12-07 19:00:00,38.62,81.39,73.57,26.11
2020-12-07 20:00:00,46.88,92.14,70.93,24.66
2020-12-07 21:00:00,43.64,72.84,78.06,23.56
2020-12-07 22:00:00,57.0,91.68,65.77,24.88
2020-12-07 23:00:00,60.74,105.14,65.78,24.17
2020-12-08 00:00:00,63.62,101.3,72.32,22.69
2020-12-08 01:00:00,68.38,102.44,73.61,22.33
2020-12-08 02:00:00,73.38,116.02,69.16,22.4
2020-12-08 03:00:00,65.25,101.09,61.26,23.42
2020-12-08 04:00:00,47.43,79.11,59.12,23.54
2020-12-08 05:00:00,37.15,62.79,56.5,23.78
2020-12-08 06:00:00,36.0,55.12,53.45,24.36
2020-12-08 07:00:00,38.63,58.88,55.7,24.31
2020-12-08 08:00:00,48.59,78.78,51.96,26.75
2020-12-08 09:00:00,50.0,93.62,44.79,30.34
2020-12-08 10:00:00,56.12,113.97,40.11,33.14
2020-12-08 11:00:00,58.75,127.77,39.22,34.79
2020-12-08 12:00:00,66.89,135.02,38.42,35.71
2020-12-08 13:00:00,58.28,123.22,36.33,36.43
2020-12-08 14:00:00,49.15,90.6,35.33,37.39
2020-12-08 15:00:00,38.41,75.86,40.81,36.11
2020-12-08 16:00:00,57.96,101.87,46.5,34.18
2020-12-08 17:00:00,48.75,104.12,53.74,30.88
2020-12-08 18:00:00,45.26,89.61,59.25,28.09
2020-12-08 19:00:00,37.15,76.38,68.57,26.26
2020-12-08 20:00:00,43.85,74.81,79.04,24.54
2020-12-08 21:00:00,55.47,86.39,77.27,24.27
2020-12-08 22:00:00,50.88,83.3,81.67,23.76
2020-12-08 23:00:00,73.55,111.3,85.01,23.48
2020-12-09 00:00:00,67.38,107.42,85.43,23.36
2020-12-09 01:00:00,66.0,98.0,88.67,22.84
2020-12-09 02:00:00,59.02,92.3,88.28,22.45
2020-12-09 03:00:00,59.75,92.63,86.53,22.51
2020-12-09 04:00:00,51.25,79.98,78.66,23.29
2020-12-09 05:00:00,72.68,107.93,71.91,24.51
2020-12-09 06:00:00,62.0,98.72,68.94,25.12
2020-12-09 07:00:00,63.5,104.77,68.37,25.05
2020-12-09 08:00:00,68.36,107.0,65.21,26.09
2020-12-09 09:00:00,62.88,102.93,52.43,30.79
2020-12-09 10:00:00,56.75,120.72,48.03,32.93
2020-12-09 11:00:00,66.47,151.05,44.73,34.7
2020-12-09 12:00:00,72.38,165.14,42.16,35.66
2020-12-09 13:00:00,73.88,164.56,42.48,35.6
2020-12-09 14:00:00,54.81,132.97,42.08,36.03
2020-12-09 15:00:00,40.66,91.12,43.93,35.43
2020-12-09 16:00:00,37.26,92.77,52.38,32.59
2020-12-09 17:00:00,40.49,80.35,64.2,29.93
2020-12-09 18:00:00,56.7,103.05,68.07,28.85
2020-12-09 19:00:00,63.38,102.49,73.47,27.96
2020-12-09 20:00:00,59.64,105.88,75.13,27.05
2020-12-09 21:00:00,50.25,85.84,77.63,26.81
2020-12-09 22:00:00,55.11,94.07,82.37,26.53
2020-12-09 23:00:00,56.87,88.86,88.06,25.62
2020-12-10 00:00:00,57.87,98.36,93.13,24.79
2020-12-10 01:00:00,77.19,129.49,95.21,24.59
2020-12-10 02:00:00,69.53,108.33,94.09,24.93
2020-12-10 03:00:00,72.36,105.25,91.81,25.27
2020-12-10 04:00:00,69.51,105.18,88.63,25.09
2020-12-10 05:00:00,58.52,84.72,89.75,24.73
2020-12-10 06:00:00,75.38,98.2,89.64,24.53
2020-12-10 07:00:00,65.75,100.86,83.6,25.21
2020-12-10 08:00:00,82.38,147.02,78.62,27.11
2020-12-10 09:00:00,104.19,178.35,64.24,31.43
2020-12-10 10:00:00,89.56,148.82,53.87,33.92
2020-12-10 11:00:00,79.12,139.37,48.41,35.44
2020-12-10 12:00:00,71.02,135.75,47.53,35.0
2020-12-10 13:00:00,60.38,104.89,45.93,35.16
2020-12-10 14:00:00,51.12,98.81,51.38,33.96
2020-12-10 15:00:00,53.49,99.81,56.57,34.0
2020-12-10 16:00:00,63.59,106.51,68.86,31.84
2020-12-10 17:00:00,79.05,140.56,76.48,30.19
2020-12-10 18:00:00,89.75,157.77,84.89,28.28
2020-12-10 19:00:00,96.87,163.83,88.71,27.39
2020-12-10 20:00:00,106.0,172.0,85.45,27.7
2020-12-10 21:00:00,117.34,180.79,87.13,27.24
2020-12-10 22:00:00,102.38,151.0,86.29,27.41
2020-12-10 23:00:00,109.59,167.42,84.35,27.49
2020-12-11 00:00:00,90.94,134.07,87.33,26.87
2020-12-11 01:00:00,82.75,116.86,90.74,26.3
2020-12-11 02:00:00,90.75,114.19,91.89,25.95
2020-12-11 03:00:00,90.25,120.51,91.19,25.66
2020-12-11 04:00:00,93.5,123.63,90.99,25.48
2020-12-11 05:00:00,92.25,122.37,90.42,25.25
2020-12-11 06:00:00,92.0,119.0,91.64,24.98
2020-12-11 07:00:00,78.92,105.98,90.55,24.83
2020-12-11 08:00:00,80.49,116.02,88.7,25.2
2020-12-11 09:00:00,80.13,112.49,90.04,25.2
2020-12-11 10:00:00,71.28,104.49,93.26,25.03
2020-12-11 11:00:00,74.36,100.56,88.32,26.57
2020-12-11 12:00:00,74.13,102.44,84.99,26.84
2020-12-11 13:00:00,76.62,111.14,76.56,27.69
2020-12-11 14:00:00,50.83,86.95,72.79,28.69
2020-12-11 15:00:00,46.12,79.37,72.65,29.06
2020-12-11 16:00:00,51.23,87.95,74.17,28.8
2020-12-11 17:00:00,58.98,101.39,75.03,28.28
2020-12-11 18:00:00,59.13,105.63,85.58,25.62
2020-12-11 19:00:00,63.38,101.12,91.06,24.55
2020-12-11 20:00:00,66.62,104.0,91.66,24.5
2020-12-11 21:00:00,75.72,108.88,91.26,24.87
2020-12-11 22:00:00,74.38,94.53,91.41,25.11
2020-12-11 23:00:00,65.28,78.79,92.64,25.23
2020-12-12 00:00:00,60.51,77.62,91.87,25.21
2020-12-12 01:00:00,61.76,81.25,90.64,25.07
2020-12-12 02:00:00,65.5,83.62,91.75,24.93
2020-12-12 03:00:00,68.62,92.95,92.95,24.66
2020-12-12 04:00:00,69.0,81.98,93.63,24.51
2020-12-12 05:00:00,63.75,75.75,93.12,24.57
2020-12-12 06:00:00,57.75,69.3,90.45,24.79
2020-12-12 07:00:00,52.62,63.12,89.08,24.92
2020-12-12 08:00:00,44.15,57.93,89.39,25.39
2020-12-12 09:00:00,51.72,71.65,87.26,26.45
2020-12-12 10:00:00,58.25,81.51,84.61,26.8
2020-12-12 11:00:00,57.26,98.47,80.78,27.86
2020-12-12 12:00:00,72.75,115.01,71.03,30.09
2020-12-12 13:00:00,61.96,103.0,63.25,31.87
2020-12-12 14:00:00,61.74,90.02,62.4,32.05
2020-12-12 15:00:00,70.73,87.81,67.9,30.21
2020-12-12 16:00:00,70.25,105.09,74.45,28.71
2020-12-12 17:00:00,73.5,120.39,80.4,27.27
2020-12-12 18:00:00,70.51,114.08,87.28,26.05
2020-12-12 19:00:00,92.68,129.09,89.86,25.39
2020-12-12 20:00:00,77.68,112.65,90.65,25.25
2020-12-12 21:00:00,75.87,112.07,89.85,25.07
2020-12-12 22:00:00,86.47,132.53,90.53,24.87
2020-12-12 23:00:00,90.62,129.65,83.76,25.27
2020-12-13 00:00:00,73.56,106.03,82.59,25.3
2020-12-13 01:00:00,72.75,96.12,82.06,25.32
2020-12-13 02:00:00,73.0,92.57,82.61,25.19
2020-12-13 03:00:00,67.77,91.19,82.07,25.05
2020-12-13 04:00:00,73.12,90.19,82.67,24.97
2020-12-13 05:00:00,72.25,86.75,83.26,24.87
2020-12-13 06:00:00,71.13,89.25,86.91,24.41
2020-12-13 07:00:00,70.13,87.56,87.34,24.39
2020-12-13 08:00:00,71.75,88.87,85.17,25.16
2020-12-13 09:00:00,76.38,100.67,86.74,25.32
2020-12-13 10:00:00,58.68,84.29,82.99,26.8
2020-12-13 11:00:00,46.41,66.79,77.57,27.57
2020-12-13 12:00:00,41.51,68.07,76.67,27.98
2020-12-13 13:00:00,46.23,57.61,75.42,28.19
2020-12-13 14:00:00,38.28,55.0,77.95,27.72
2020-12-13 15:00:00,42.23,62.33,82.75,26.61
2020-12-13 16:00:00,43.0,59.95,84.24,26.03
2020-12-13 17:00:00,45.62,54.13,87.05,25.19
2020-12-13 18:00:00,53.85,74.16,84.38,24.98
2020-12-13 19:00:00,60.23,99.35,84.98,24.75
2020-12-13 20:00:00,62.74,94.2,86.25,24.56
2020-12-13 21:00:00,70.85,100.92,86.89,24.62
2020-12-13 22:00:00,83.34,116.02,86.49,24.63
2020-12-13 23:00:00,80.62,105.17,85.73,24.69
2020-12-14 00:00:00,71.28,95.16,87.97,24.44
2020-12-14 01:00:00,65.64,89.38,92.39,23.77
2020-12-14 02:00:00,72.0,97.92,97.73,22.94
2020-12-14 03:00:00,74.75,94.32,99.38,22.89
2020-12-14 04:00:00,59.35,74.34,99.75,23.15
2020-12-14 05:00:00,49.14,59.42,99.59,23.3
2020-12-14 06:00:00,33.82,46.52,99.72,22.91
2020-12-14 07:00:00,5.04,7.02,99.81,22.82
2020-12-14 08:00:00,32.763,45.05555555555556,99.84,23.07
2020-12-14 09:00:00,32.89333333333334,47.0611111111111,99.86,23.3
2020-12-14 10:00:00,40.03,57.0,99.4,23.98
2020-12-14 11:00:00,55.08,73.22,96.05,24.67
2020-12-14 12:00:00,48.28,65.61,87.2,26.84
2020-12-14 13:00:00,51.36,71.14,83.49,27.61
2020-12-14 14:00:00,38.0,64.86,81.03,27.53
2020-12-14 15:00:00,38.62,61.37,83.91,27.08
2020-12-14 16:00:00,47.75,70.77,83.88,27.4
2020-12-14 17:00:00,34.17,71.37,81.72,27.47
2020-12-14 18:00:00,43.34,76.68,92.82,24.56
2020-12-14 19:00:00,48.5,81.25,98.05,23.68
2020-12-14 20:00:00,39.41,58.41,98.79,23.35
2020-12-14 21:00:00,44.98,65.21,99.12,23.09
2020-12-14 22:00:00,52.98,68.81,99.77,22.9
2020-12-14 23:00:00,50.5,74.68,99.88,22.95
2020-12-15 00:00:00,55.23,79.25,99.88,23.0
2020-12-15 01:00:00,46.41,66.16,99.91,22.78
2020-12-15 02:00:00,70.3,90.67,99.75,22.9
2020-12-15 03:00:00,67.89,95.37,99.35,22.76
2020-12-15 04:00:00,69.62,97.44,98.18,22.71
2020-12-15 05:00:00,78.72,99.63,98.39,22.35
2020-12-15 06:00:00,75.64,99.19,98.05,22.38
2020-12-15 07:00:00,81.09,105.49,97.62,22.47
2020-12-15 08:00:00,91.59,117.0,91.11,24.78
2020-12-15 09:00:00,88.65,111.32,79.15,28.15
2020-12-15 10:00:00,76.66,100.23,67.62,31.53
2020-12-15 11:00:00,68.02,96.37,60.41,33.62
2020-12-15 12:00:00,63.51,98.43,59.7,34.03
2020-12-15 13:00:00,69.98,110.36,60.04,33.96
2020-12-15 14:00:00,71.0,110.57,60.48,34.35
2020-12-15 15:00:00,78.85,118.92,62.55,33.68
2020-12-15 16:00:00,88.75,129.92,66.38,32.12
2020-12-15 17:00:00,97.85,135.25,74.84,28.51
2020-12-15 18:00:00,78.07,112.98,82.75,26.81
2020-12-15 19:00:00,75.0,102.25,89.81,25.88
2020-12-15 20:00:00,96.88,129.05,90.62,25.76
2020-12-15 21:00:00,112.21,148.84,90.46,25.33
2020-12-15 22:00:00,106.12,140.6,93.23,24.34
2020-12-15 23:00:00,104.13,134.75,96.48,23.59
2020-12-16 00:00:00,117.92,146.17,98.21,23.18
2020-12-16 01:00:00,123.5,149.0,98.16,23.08
2020-12-16 02:00:00,111.79,135.21,97.69,22.93
2020-12-16 03:00:00,101.28,124.7,96.34,22.93
2020-12-16 04:00:00,92.15,118.94,95.76,22.97
2020-12-16 05:00:00,93.62,125.3,95.68,22.95
2020-12-16 06:00:00,95.75,122.94,96.07,22.66
2020-12-16 07:00:00,89.89,114.67,98.6,22.06
2020-12-16 08:00:00,95.98,115.43,94.71,24.09
2020-12-16 09:00:00,114.44,149.37,79.84,27.87
2020-12-16 10:00:00,107.38,145.61,70.3,29.85
2020-12-16 11:00:00,89.38,132.45,63.26,32.27
2020-12-16 12:00:00,90.49,154.33,58.39,33.66
2020-12-16 13:00:00,95.36,166.22,54.66,34.63
2020-12-16 14:00:00,84.66,148.84,58.33,33.6
2020-12-16 15:00:00,86.49,150.49,65.83,32.42
2020-12-16 16:00:00,87.88,149.57,71.23,30.66
2020-12-16 17:00:00,84.51,135.21,77.37,28.47
2020-12-16 18:00:00,79.63,118.23,86.52,26.38
2020-12-16 19:00:00,84.23,116.63,93.38,25.07
2020-12-16 20:00:00,86.75,117.81,93.96,24.71
2020-12-16 21:00:00,98.34,136.66,95.48,23.95
2020-12-16 22:00:00,100.87,138.57,97.85,23.65
2020-12-16 23:00:00,106.23,139.62,98.1,22.9
2020-12-17 00:00:00,84.32,103.0,98.91,22.59
2020-12-17 01:00:00,77.51,94.89,99.14,22.16
2020-12-17 02:00:00,81.36,97.0,99.63,22.11
2020-12-17 03:00:00,77.64,90.0,99.31,22.17
2020-12-17 04:00:00,79.62,98.11,97.57,22.49
2020-12-17 05:00:00,78.25,98.13,98.0,22.16
2020-12-17 06:00:00,83.25,109.17,96.6,22.63
2020-12-17 07:00:00,98.88,128.22,93.65,22.99
2020-12-17 08:00:00,94.02,121.45,85.13,25.1
2020-12-17 09:00:00,84.56,119.0,70.42,28.82
2020-12-17 10:00:00,87.37,133.6,64.64,30.8
2020-12-17 11:00:00,95.0,152.56,61.22,32.39
2020-12-17 12:00:00,92.51,159.72,53.05,34.21
2020-12-17 13:00:00,77.03,123.0,49.53,34.8
2020-12-17 14:00:00,73.25,123.0,56.81,34.05
2020-12-17 15:00:00,94.88,132.78,60.77,32.65
2020-12-17 16:00:00,98.0,168.9109090909091,70.44083333333333,29.389230769230764
2020-12-17 17:00:00,87.4375,166.29,77.3753846153846,28.275
2020-12-17 18:00:00,92.98083333333334,174.93545454545455,79.22250000000001,26.709230769230768
2020-12-17 19:00:00,94.44636363636364,182.25545454545454,81.89,26.017692307692307
2020-12-17 20:00:00,100.75818181818181,195.8263636363636,84.43916666666667,25.437692307692313
2020-12-17 21:00:00,115.2375,218.9716666666667,86.9676923076923,25.190714285714286
2020-12-17 22:00:00,120.55000000000001,221.6525,87.55692307692308,24.91571428571428
2020-12-17 23:00:00,123.56090909090908,225.39090909090908,88.16166666666668,24.673846153846153
2020-12-18 00:00:00,120.59166666666665,214.75750000000005,89.18615384615386,24.14428571428572
2020-12-18 01:00:00,115.89499999999998,211.89249999999996,89.35461538461536,23.788571428571426
2020-12-18 02:00:00,116.52076923076926,202.96333333333334,89.64153846153846,23.455714285714283
2020-12-18 03:00:00,107.94916666666667,182.07181818181817,89.25384615384615,23.19285714285714
2020-12-18 04:00:00,95.97692307692306,163.33909090909088,87.86846153846153,23.093571428571433
2020-12-18 05:00:00,84.89230769230768,138.75750000000002,86.07000000000001,23.09714285714286
2020-12-18 06:00:00,82.74846153846154,139.05583333333334,85.30076923076922,23.027142857142852
2020-12-18 07:00:00,84.74749999999999,147.18727272727273,84.17916666666667,23.38076923076923
2020-12-18 08:00:00,90.86846153846156,161.82333333333332,78.15846153846154,24.802142857142854
2020-12-18 09:00:00,87.52384615384615,157.66166666666663,69.55153846153846,27.42571428571429
2020-12-18 10:00:00,96.0,146.0,61.526923076923076,29.687142857142852
2020-12-18 11:00:00,99.0,171.0,54.26,32.94
2020-12-18 12:00:00,82.43,158.02,50.87,33.94
2020-12-18 13:00:00,75.64,143.65,44.14,36.2
2020-12-18 14:00:00,59.3,111.8,40.13,36.51
2020-12-18 15:00:00,43.03,79.05,43.09,35.52
2020-12-18 16:00:00,42.74,74.62,55.31,33.68
2020-12-18 17:00:00,59.59,89.64,64.36,30.61
2020-12-18 18:00:00,64.62,117.33,82.57,25.95
2020-12-18 19:00:00,71.11,112.42,90.43,24.55
2020-12-18 20:00:00,80.72,106.27,92.81,23.74
2020-12-18 21:00:00,76.77,97.52,89.28,23.38
2020-12-18 22:00:00,82.96,122.77,83.34,24.45
2020-12-18 23:00:00,84.0,117.64,86.79,23.67
2020-12-19 00:00:00,70.05,100.45,91.32,22.85
2020-12-19 01:00:00,79.34,105.95,92.71,22.89
2020-12-19 02:00:00,88.85,118.55,85.99,24.03
2020-12-19 03:00:00,82.15,109.64,85.54,23.56
2020-12-19 04:00:00,78.38,93.21,83.0,23.63
2020-12-19 05:00:00,73.64,89.19,80.47,23.69
2020-12-19 06:00:00,73.0,97.92,77.62,23.7
2020-12-19 07:00:00,71.25,104.06,77.25,23.69
2020-12-19 08:00:00,74.48,116.32,73.69,25.15
2020-12-19 09:00:00,85.47,123.07,64.2,28.16
2020-12-19 10:00:00,90.49,141.03,57.23,30.76
2020-12-19 11:00:00,99.72,173.39,50.5,32.32
2020-12-19 12:00:00,89.66,159.75,46.83,33.45
2020-12-19 13:00:00,77.53,136.34,42.41,34.29
2020-12-19 14:00:00,60.35,105.23,40.86,35.09
2020-12-19 15:00:00,58.0,93.34,42.79,34.9
2020-12-19 16:00:00,60.61,100.11,47.44,33.22
2020-12-19 17:00:00,59.26,93.89,64.27,29.27
2020-12-19 18:00:00,56.38,88.75,74.52,25.53
2020-12-19 19:00:00,56.88,85.8,79.64,24.51
2020-12-19 20:00:00,67.47,90.2,84.87,24.2
2020-12-19 21:00:00,77.72,97.0,84.78,23.46
2020-12-19 22:00:00,68.53,85.18,83.22,23.82
2020-12-19 23:00:00,100.04,180.0,82.09,24.3
2020-12-20 00:00:00,103.25,170.75,80.72,24.12
2020-12-20 01:00:00,93.44,125.0,81.04,23.25
2020-12-20 02:00:00,76.34,116.89,79.92,22.82
2020-12-20 03:00:00,76.62,115.62,76.35,23.09
2020-12-20 04:00:00,74.38,108.7,73.52,23.18
2020-12-20 05:00:00,73.13,99.7,75.12,22.76
2020-12-20 06:00:00,87.0,112.6,76.8,22.16
2020-12-20 07:00:00,88.12,120.06,79.64,21.64
2020-12-20 08:00:00,88.0,121.81,71.38,24.18
2020-12-20 09:00:00,87.13,134.17,60.83,28.0
2020-12-20 10:00:00,92.23,144.32,49.69,30.72
2020-12-20 11:00:00,83.38,133.0,44.0,31.54
2020-12-20 12:00:00,71.53,116.8,41.06,33.58
2020-12-20 13:00:00,70.0,123.55,38.04,33.64
2020-12-20 14:00:00,63.02,103.29,37.47,34.6
2020-12-20 15:00:00,59.38,99.62,37.5,34.76
2020-12-20 16:00:00,56.38,91.08,40.06,33.36
2020-12-20 17:00:00,56.0,93.87,51.45,29.6
2020-12-20 18:00:00,58.62,98.7,65.12,26.82
2020-12-20 19:00:00,55.52,92.08,66.76,25.82
2020-12-20 20:00:00,66.34,91.62,80.41,24.16
2020-12-20 21:00:00,71.5,103.36,81.3,23.73
2020-12-20 22:00:00,71.13,100.32,85.42,22.51
2020-12-20 23:00:00,70.13,94.94,89.02,21.75
2020-12-21 00:00:00,84.83,124.01,87.42,22.13
2020-12-21 01:00:00,93.11,142.35,83.74,22.26
2020-12-21 02:00:00,86.15,127.16,83.56,21.95
2020-12-21 03:00:00,78.02,122.19,82.96,22.0
2020-12-21 04:00:00,86.59,129.3,84.79,21.53
2020-12-21 05:00:00,115.04,163.4,85.72,20.98
2020-12-21 06:00:00,107.66,147.48,78.49,21.2
2020-12-21 07:00:00,78.09,109.0,69.34,21.9
2020-12-21 08:00:00,71.38,110.87,61.8,23.84
2020-12-21 09:00:00,71.0,116.06,50.32,27.58
2020-12-21 10:00:00,69.25,123.49,42.61,30.21
2020-12-21 11:00:00,60.28,125.81,38.36,31.17
2020-12-21 12:00:00,53.76,121.65,33.78,32.52
2020-12-21 13:00:00,36.43,82.5,30.94,33.87
2020-12-21 14:00:00,31.38,65.89,30.65,34.43
2020-12-21 15:00:00,37.95,70.49,31.9,34.63
2020-12-21 16:00:00,42.48,74.43,37.57,33.77
2020-12-21 17:00:00,43.87,79.0,57.2,28.29
2020-12-21 18:00:00,61.5,98.47,68.85,24.91
2020-12-21 19:00:00,44.0,78.67,67.42,24.8
2020-12-21 20:00:00,45.38,73.81,69.53,24.17
2020-12-21 21:00:00,47.74,82.11,72.31,23.38
2020-12-21 22:00:00,53.22,86.43,79.23,21.65
2020-12-21 23:00:00,71.39,125.8,85.67,20.64
2020-12-22 00:00:00,86.18,144.7,85.29,19.95
2020-12-22 01:00:00,70.56,120.86,85.03,19.98
2020-12-22 02:00:00,72.36,117.98,74.33,21.02
2020-12-22 03:00:00,66.02,104.78,69.45,21.06
2020-12-22 04:00:00,58.02,95.32,71.65,20.23
2020-12-22 05:00:00,63.09,99.68,66.94,20.52
2020-12-22 06:00:00,55.3,87.26,59.38,21.16
2020-12-22 07:00:00,48.77,82.38,57.61,21.35
2020-12-22 08:00:00,54.95,94.93,56.52,22.59
2020-12-22 09:00:00,66.47,109.32,44.35,26.93
2020-12-22 10:00:00,54.96,103.11,39.27,29.58
2020-12-22 11:00:00,66.95,142.37,36.35,32.09
2020-12-22 12:00:00,55.92,137.4,32.15,33.01
2020-12-22 13:00:00,45.3,127.51,30.59,34.43
2020-12-22 14:00:00,42.26,103.29,29.88,34.67
2020-12-22 15:00:00,38.52,86.64,32.62,34.54
2020-12-22 16:00:00,36.26,78.32,43.86,31.37
2020-12-22 17:00:00,42.95,91.19,56.46,27.95
2020-12-22 18:00:00,45.74,100.81,67.54,23.84
2020-12-22 19:00:00,46.87,91.27,80.06,21.92
2020-12-22 20:00:00,46.13,73.59,85.41,21.56
2020-12-22 21:00:00,46.87,80.51,81.64,20.86
2020-12-22 22:00:00,40.89,63.6,75.48,20.41
2020-12-22 23:00:00,52.21,90.63,83.14,19.95
2020-12-23 00:00:00,46.17,76.1,86.67,19.51
2020-12-23 01:00:00,53.72,76.68,87.5,18.94
2020-12-23 02:00:00,48.02,59.0,90.41,18.75
2020-12-23 03:00:00,51.36,65.49,89.11,18.61
2020-12-23 04:00:00,67.65,96.2,88.37,18.36
2020-12-23 05:00:00,70.87,107.06,90.15,17.77
2020-12-23 06:00:00,74.49,109.62,85.17,18.46
2020-12-23 07:00:00,77.61,115.68,76.68,19.96
2020-12-23 08:00:00,78.0,118.62,68.19,22.53
2020-12-23 09:00:00,80.62,129.55,51.49,28.51
2020-12-23 10:00:00,84.49,148.22,42.72,31.44
2020-12-23 11:00:00,78.91,159.28,36.05,32.35
2020-12-23 12:00:00,71.05,150.45,33.63,33.47
2020-12-23 13:00:00,71.75,161.74,32.38,34.89
2020-12-23 14:00:00,58.05,110.66,31.81,34.99
2020-12-23 15:00:00,51.64,98.0,33.03,35.14
2020-12-23 16:00:00,53.61,102.06,39.72,32.2
2020-12-23 17:00:00,57.49,110.28,50.73,28.75
2020-12-23 18:00:00,56.26,109.57,68.1,24.31
2020-12-23 19:00:00,56.87,93.59,74.79,22.93
2020-12-23 20:00:00,56.13,84.4,78.72,21.73
2020-12-23 21:00:00,56.0,85.87,83.37,21.18
2020-12-23 22:00:00,65.59,97.55,78.65,20.98
2020-12-23 23:00:00,75.72,125.14,84.86,20.26
2020-12-24 00:00:00,75.26,116.4,90.46,19.73
2020-12-24 01:00:00,75.0,112.19,92.93,19.58
2020-12-24 02:00:00,89.83,135.52,90.7,19.17
2020-12-24 03:00:00,86.77,128.02,87.97,19.12
2020-12-24 04:00:00,92.09,138.83,82.06,19.6
2020-12-24 05:00:00,77.3,108.86,75.16,21.05
2020-12-24 06:00:00,82.85,127.77,75.94,21.06
2020-12-24 07:00:00,109.3,159.95,77.97,20.58
2020-12-24 08:00:00,116.48,167.62,72.62,22.66
2020-12-24 09:00:00,95.12,148.53,56.93,27.15
2020-12-24 10:00:00,89.39,148.31,48.94,29.37
2020-12-24 11:00:00,78.53,149.13,42.97,31.38
2020-12-24 12:00:00,88.3,173.11,39.11,33.01
2020-12-24 13:00:00,82.17,172.53,35.25,35.1
2020-12-24 14:00:00,63.61,127.35,33.98,36.45
2020-12-24 15:00:00,58.38,111.34,33.64,37.3
2020-12-24 16:00:00,61.44,119.57,49.88,32.89
2020-12-24 17:00:00,68.09,139.78,63.95,28.94
2020-12-24 18:00:00,77.72,140.77,66.92,26.37
2020-12-24 19:00:00,71.15,112.42,69.58,24.49
2020-12-24 20:00:00,60.44,88.22,81.02,22.78
2020-12-24 21:00:00,72.04,100.22,83.57,22.54
2020-12-24 22:00:00,82.72,124.28,87.46,22.26
2020-12-24 23:00:00,92.69,142.74,88.64,21.97
2020-12-25 00:00:00,101.83,160.55,89.3,21.65
2020-12-25 01:00:00,109.09,174.51,91.85,21.19
2020-12-25 02:00:00,111.74,163.21,94.25,20.85
2020-12-25 03:00:00,123.34,178.66,94.22,20.33
2020-12-25 04:00:00,134.56,180.57,93.96,20.38
2020-12-25 05:00:00,139.49,196.22,87.9,21.24
2020-12-25 06:00:00,117.39,171.71,81.14,22.13
2020-12-25 07:00:00,113.13,166.62,73.23,23.05
2020-12-25 08:00:00,85.18,137.8,64.04,25.12
2020-12-25 09:00:00,74.89,122.92,53.76,28.24
2020-12-25 10:00:00,80.11,135.19,49.61,30.41
2020-12-25 11:00:00,94.91,178.76,45.0,32.52
2020-12-25 12:00:00,85.7,174.02,41.66,34.08
2020-12-25 13:00:00,78.78,161.3,39.36,35.18
2020-12-25 14:00:00,71.05,143.59,37.8,36.1
2020-12-25 15:00:00,63.91,129.45,37.12,37.1
2020-12-25 16:00:00,63.0,104.0,44.69,35.36
2020-12-25 17:00:00,69.98,133.0,59.67,30.43
2020-12-25 18:00:00,103.17,184.73,74.16,26.59
2020-12-25 19:00:00,136.69,218.09,79.28,24.82
2020-12-25 20:00:00,138.38,213.3,80.78,23.96
2020-12-25 21:00:00,100.61,152.8,84.53,23.39
2020-12-25 22:00:00,80.17,117.94,82.96,23.52
2020-12-25 23:00:00,105.82,159.88,86.62,22.94
2020-12-26 00:00:00,106.52,162.92,87.62,22.47
2020-12-26 01:00:00,86.0,123.69,87.69,22.17
2020-12-26 02:00:00,83.0,116.62,91.35,22.04
2020-12-26 03:00:00,86.48,133.0,87.93,21.94
2020-12-26 04:00:00,103.57,143.55,85.0,22.05
2020-12-26 05:00:00,91.22,130.64,77.69,22.98
2020-12-26 06:00:00,76.79,114.07,79.76,22.33
2020-12-26 07:00:00,77.61,111.0,83.42,21.58
2020-12-26 08:00:00,85.83,123.98,76.42,24.3
2020-12-26 09:00:00,99.17,158.0,57.24,29.69
2020-12-26 10:00:00,101.87,175.03,49.72,32.02
2020-12-26 11:00:00,99.38,188.7,45.44,33.38
2020-12-26 12:00:00,105.22,191.0,42.34,34.71
2020-12-26 13:00:00,104.26,194.23,42.08,35.66
2020-12-26 14:00:00,98.78,178.83,38.53,35.97
2020-12-26 15:00:00,67.57,129.73,40.13,35.82
2020-12-26 16:00:00,77.78,152.95,45.2,33.01
2020-12-26 17:00:00,71.31,131.0,54.25,30.23
2020-12-26 18:00:00,75.22,141.51,65.2,26.99
2020-12-26 19:00:00,85.56,149.67,72.63,25.98
2020-12-26 20:00:00,98.3,160.7,80.89,25.37
2020-12-26 21:00:00,112.18,158.15,88.96,24.54
2020-12-26 22:00:00,120.93,154.57,91.73,23.98
2020-12-26 23:00:00,122.87,156.47,91.48,23.73
2020-12-27 00:00:00,136.04,179.02,92.13,23.19
2020-12-27 01:00:00,156.26,198.55,92.4,22.84
2020-12-27 02:00:00,126.83,163.2,88.39,22.78
2020-12-27 03:00:00,102.81,139.45,85.94,22.89
2020-12-27 04:00:00,96.51,135.19,85.54,23.01
2020-12-27 05:00:00,109.91,152.01,84.68,23.25
2020-12-27 06:00:00,124.21,168.12,87.37,22.46
2020-12-27 07:00:00,108.6,145.94,89.62,22.3
2020-12-27 08:00:00,90.35,123.03,85.77,24.32
2020-12-27 09:00:00,108.93,159.42,71.9,28.16
2020-12-27 10:00:00,122.43,198.91,56.35,31.88
2020-12-27 11:00:00,103.13,178.52,55.04,32.43
2020-12-27 12:00:00,129.66,211.69,53.94,33.13
2020-12-27 13:00:00,107.92,191.09,51.33,33.87
2020-12-27 14:00:00,99.65,172.9,50.86,34.04
2020-12-27 15:00:00,90.31,163.57,53.51,33.6
2020-12-27 16:00:00,98.59,165.42,52.72,33.5
2020-12-27 17:00:00,111.3,173.28,55.13,31.13
2020-12-27 18:00:00,95.61,156.41,71.34,26.25
2020-12-27 19:00:00,88.64,139.88,82.8,25.13
2020-12-27 20:00:00,108.87,174.31,82.95,25.34
2020-12-27 21:00:00,125.95,184.62,85.65,23.74
2020-12-27 22:00:00,115.83,165.6,91.88,22.19
2020-12-27 23:00:00,111.38,144.03,95.12,21.36
2020-12-28 00:00:00,104.05,127.11,95.26,20.74
2020-12-28 01:00:00,97.8,127.23,95.06,20.29
2020-12-28 02:00:00,96.13,124.77,96.43,20.09
2020-12-28 03:00:00,85.57,119.15,95.55,19.41
2020-12-28 04:00:00,78.77,117.19,91.16,18.67
2020-12-28 05:00:00,64.09,91.94,72.84,19.77
2020-12-28 06:00:00,47.22,73.88,65.04,20.33
2020-12-28 07:00:00,49.36,73.43,64.16,20.16
2020-12-28 08:00:00,51.74,78.94,61.45,21.76
2020-12-28 09:00:00,47.65,90.08,49.09,27.16
2020-12-28 10:00:00,43.52,88.77,39.23,29.34
2020-12-28 11:00:00,36.91,83.96,36.56,31.02
2020-12-28 12:00:00,31.65,85.42,36.43,32.44
2020-12-28 13:00:00,32.75,64.17,36.09,33.54
2020-12-28 14:00:00,34.74,92.95,35.37,33.12
2020-12-28 15:00:00,42.83,117.97,37.96,32.66
2020-12-28 16:00:00,41.36,134.14,40.77,31.31
2020-12-28 17:00:00,46.22,170.25,50.69,27.66
2020-12-28 18:00:00,59.21,197.0,61.31,24.14
2020-12-28 19:00:00,61.87,190.53,70.81,21.69
2020-12-28 20:00:00,73.3,188.19,71.77,20.77
2020-12-28 21:00:00,69.78,171.03,77.98,19.7
2020-12-28 22:00:00,75.09,172.68,82.82,18.7
2020-12-28 23:00:00,77.75,169.97,84.32,18.28
2020-12-29 00:00:00,67.57,139.19,84.96,18.11
2020-12-29 01:00:00,66.87,130.38,87.86,17.85
2020-12-29 02:00:00,73.11,134.83,88.63,17.43
2020-12-29 03:00:00,66.17,130.45,90.88,17.41
2020-12-29 04:00:00,58.91,118.92,90.73,17.36
2020-12-29 05:00:00,54.52,102.4,90.59,17.17
2020-12-29 06:00:00,52.26,98.19,88.48,16.55
2020-12-29 07:00:00,60.7,110.12,89.37,16.31
2020-12-29 08:00:00,75.91,140.48,80.94,19.55
2020-12-29 09:00:00,86.69,180.95,56.2,27.44
2020-12-29 10:00:00,97.56,205.17,44.42,29.85
2020-12-29 11:00:00,62.48,135.44,41.53,31.58
2020-12-29 12:00:00,61.33,134.0,41.02,32.07
2020-12-29 13:00:00,70.69,156.63,40.05,33.32
2020-12-29 14:00:00,92.87,203.22,43.75,32.6
2020-12-29 15:00:00,75.13,194.41,48.78,31.93
2020-12-29 16:00:00,74.62,164.13,55.06,30.52
2020-12-29 17:00:00,73.26,160.43,62.98,27.85
2020-12-29 18:00:00,76.48,169.08,74.84,24.25
2020-12-29 19:00:00,72.65,144.32,85.52,22.21
2020-12-29 20:00:00,71.13,131.22,92.38,21.27
2020-12-29 21:00:00,79.69,135.91,94.25,21.0
2020-12-29 22:00:00,88.83,155.78,95.28,20.48
2020-12-29 23:00:00,95.22,156.77,96.38,20.06
2020-12-30 00:00:00,92.52,146.3,97.41,19.98
2020-12-30 01:00:00,96.35,148.83,97.39,19.46
2020-12-30 02:00:00,97.87,151.62,95.12,19.07
2020-12-30 03:00:00,82.3,132.0,95.14,18.88
2020-12-30 04:00:00,81.74,135.22,93.92,18.45
2020-12-30 05:00:00,69.83,124.68,92.06,18.0
2020-12-30 06:00:00,63.65,121.19,94.17,18.0
2020-12-30 07:00:00,63.0,114.53,88.99,18.72
2020-12-30 08:00:00,69.95,140.48,76.48,21.88
2020-12-30 09:00:00,81.43,164.78,63.95,26.03
2020-12-30 10:00:00,77.78,169.81,55.04,28.89
2020-12-30 11:00:00,85.69,199.91,51.94,30.48
2020-12-30 12:00:00,101.78,231.67,48.69,32.44
2020-12-30 13:00:00,104.0,234.07,46.46,33.53
2020-12-30 14:00:00,101.39,205.22,48.55,33.38
2020-12-30 15:00:00,97.52,215.97,54.41,31.93
2020-12-30 16:00:00,95.26,217.57,60.01,30.32
2020-12-30 17:00:00,93.25,195.18,66.03,27.8
2020-12-30 18:00:00,93.0,189.19,71.76,25.65
2020-12-30 19:00:00,86.05,160.71,84.13,23.29
2020-12-30 20:00:00,93.69,158.04,86.42,22.98
2020-12-30 21:00:00,111.52,174.36,88.47,22.18
2020-12-30 22:00:00,111.39,178.81,91.04,21.76
2020-12-30 23:00:00,131.0,215.38,89.38,21.83
2020-12-31 00:00:00,145.27,229.64,88.94,21.17
2020-12-31 01:00:00,115.7,176.66,91.53,20.55
2020-12-31 02:00:00,95.35,143.86,91.62,20.44
2020-12-31 03:00:00,96.49,141.0,84.0,21.73
2020-12-31 04:00:00,92.65,147.47,81.68,22.05
2020-12-31 05:00:00,91.13,150.61,81.61,22.2
2020-12-31 06:00:00,91.0,149.38,81.54,22.38
2020-12-31 07:00:00,95.36,153.03,80.02,22.86
2020-12-31 08:00:00,99.48,154.81,73.36,24.48
2020-12-31 09:00:00,96.52,154.19,63.96,27.13
2020-12-31 10:00:00,102.11,170.92,56.95,29.85
2020-12-31 11:00:00,121.26,207.33,50.8,32.1
2020-12-31 12:00:00,105.74,194.65,48.31,33.21
2020-12-31 13:00:00,90.83,173.94,45.02,34.61
2020-12-31 14:00:00,82.05,150.18,42.74,35.3
2020-12-31 15:00:00,74.05,131.26,42.62,36.09
2020-12-31 16:00:00,65.17,117.49,46.89,34.65
2020-12-31 17:00:00,89.22,169.16,55.25,30.52
2020-12-31 18:00:00,89.52,159.37,70.45,27.28
2020-12-31 19:00:00,113.34,192.8,76.2,25.98
2020-12-31 20:00:00,112.65,172.9,79.44,24.6
2020-12-31 21:00:00,98.09,133.0,84.88,23.77
2020-12-31 22:00:00,94.26,126.53,81.94,23.51
2020-12-31 23:00:00,84.44,120.17,80.89,23.19
2021-01-01 00:00:00,76.05,109.33,82.28,22.8
2021-01-01 01:00:00,77.6,108.61,87.61,22.67
2021-01-01 02:00:00,79.74,108.19,90.98,22.39
2021-01-01 03:00:00,122.6,169.43,92.63,22.04
2021-01-01 04:00:00,133.35,171.92,94.59,21.93
2021-01-01 05:00:00,114.07,147.98,88.29,23.09
2021-01-01 06:00:00,116.22,155.33,83.85,23.8
2021-01-01 07:00:00,128.3,173.51,84.11,23.7
2021-01-01 08:00:00,124.78,174.38,78.47,25.55
2021-01-01 09:00:00,116.17,174.0,69.08,28.62
2021-01-01 10:00:00,126.3,195.02,60.31,31.39
2021-01-01 11:00:00,140.18,223.44,53.95,33.6
2021-01-01 12:00:00,131.57,217.71,53.28,33.6
2021-01-01 13:00:00,102.18,166.6,51.98,33.72
2021-01-01 14:00:00,78.87,140.5,53.9,33.39
2021-01-01 15:00:00,85.56,147.0,58.63,31.88
2021-01-01 16:00:00,83.52,142.17,62.85,30.42
2021-01-01 17:00:00,89.95,140.19,71.55,28.9
2021-01-01 18:00:00,131.0,190.12,79.78,27.45
2021-01-01 19:00:00,156.13,220.53,82.06,26.86
2021-01-01 20:00:00,160.74,218.53,87.3,25.49
2021-01-01 21:00:00,141.0,182.24,88.17,25.28
2021-01-01 22:00:00,141.47,180.44,88.36,25.12
2021-01-01 23:00:00,147.2,185.22,91.03,25.21
2021-01-02 00:00:00,136.73,181.17,91.74,24.94
2021-01-02 01:00:00,123.7,165.45,93.16,24.2
2021-01-02 02:00:00,126.36,158.77,94.83,23.95
2021-01-02 03:00:00,117.47,145.92,95.75,23.56
2021-01-02 04:00:00,122.09,146.22,96.05,23.32
2021-01-02 05:00:00,145.6,172.78,96.92,23.06
2021-01-02 06:00:00,151.61,179.81,97.6,23.27
2021-01-02 07:00:00,154.61,186.47,96.55,23.76
2021-01-02 08:00:00,154.13,190.0,92.8,25.38
2021-01-02 09:00:00,172.26,223.95,85.44,26.77
2021-01-02 10:00:00,199.34,275.5,76.96,28.95
2021-01-02 11:00:00,201.26,302.98,71.09,30.45
2021-01-02 12:00:00,159.27,275.48,63.81,31.47
2021-01-02 13:00:00,126.05,213.03,65.85,31.27
2021-01-02 14:00:00,136.73,202.43,64.91,31.15
2021-01-02 15:00:00,119.93,180.37,64.53,31.12
2021-01-02 16:00:00,137.8,198.36,71.27,28.97
2021-01-02 17:00:00,141.87,216.08,75.0,26.95
2021-01-02 18:00:00,107.22,188.17,78.85,25.8
2021-01-02 19:00:00,109.83,160.14,84.72,24.43
2021-01-02 20:00:00,116.22,171.69,87.75,23.9
2021-01-02 21:00:00,124.83,187.93,87.03,23.61
2021-01-02 22:00:00,115.6,162.0,88.65,23.21
2021-01-02 23:00:00,109.67,144.53,89.94,22.71
2021-01-03 00:00:00,112.45,151.0,92.95,22.42
2021-01-03 01:00:00,106.91,136.5,94.31,22.14
2021-01-03 02:00:00,105.13,133.0,96.07,22.02
2021-01-03 03:00:00,97.17,127.36,96.18,21.63
2021-01-03 04:00:00,118.62,156.61,96.42,21.39
2021-01-03 05:00:00,125.48,158.34,97.48,21.14
2021-01-03 06:00:00,129.48,157.81,98.01,21.14
2021-01-03 07:00:00,131.74,164.47,96.99,21.12
2021-01-03 08:00:00,145.91,190.17,90.56,23.33
2021-01-03 09:00:00,162.79,206.47,75.28,27.52
2021-01-03 10:00:00,149.35,221.12,67.7,29.38
2021-01-03 11:00:00,151.35,231.25,60.5,31.4
2021-01-03 12:00:00,149.39,239.45,60.23,31.85
2021-01-03 13:00:00,162.91,260.33,59.07,31.72
2021-01-03 14:00:00,145.87,246.41,56.48,31.65
2021-01-03 15:00:00,132.57,227.0,57.02,31.35
2021-01-03 16:00:00,126.65,220.53,64.3,28.51
2021-01-03 17:00:00,113.79,202.03,65.27,27.72
2021-01-03 18:00:00,112.87,203.64,72.09,25.2
2021-01-03 19:00:00,95.61,166.33,77.63,23.89
2021-01-03 20:00:00,99.09,153.78,83.83,22.58
2021-01-03 21:00:00,101.74,147.36,84.26,22.42
2021-01-03 22:00:00,109.8,155.78,83.51,22.63
2021-01-03 23:00:00,124.0,193.42,75.96,23.74
2021-01-04 00:00:00,114.7,180.93,75.97,23.48
2021-01-04 01:00:00,103.44,155.79,80.25,22.84
2021-01-04 02:00:00,105.47,154.22,86.21,22.4
2021-01-04 03:00:00,132.08,197.84,89.92,22.27
2021-01-04 04:00:00,125.57,189.47,91.89,21.87
2021-01-04 05:00:00,123.13,168.08,92.3,21.79
2021-01-04 06:00:00,113.44,161.57,90.7,21.79
2021-01-04 07:00:00,137.13,186.87,93.03,21.53
2021-01-04 08:00:00,135.78,189.77,92.96,21.82
2021-01-04 09:00:00,138.48,190.61,91.09,23.11
2021-01-04 10:00:00,145.95,228.86,68.53461538461539,26.452142857142857
2021-01-04 11:00:00,131.35,200.01,59.97,30.22
2021-01-04 12:00:00,116.0,181.33,60.73,29.58
2021-01-04 13:00:00,168.78,291.93,61.27,29.89
2021-01-04 14:00:00,146.67,252.0,62.35,29.05
2021-01-04 15:00:00,142.87,252.0,59.6,30.54
2021-01-04 16:00:00,143.0,240.72,58.91,30.11
2021-01-04 17:00:00,133.27,229.05,68.03,27.37
2021-01-04 18:00:00,133.73,207.67,76.07,25.2
2021-01-04 19:00:00,131.39,203.0,81.35,24.06
2021-01-04 20:00:00,135.35,197.36,80.29,24.2
2021-01-04 21:00:00,131.67,189.56,74.06,24.46
2021-01-04 22:00:00,117.96,170.28,66.94,24.1
2021-01-04 23:00:00,110.78,161.17,75.94,23.39
2021-01-05 00:00:00,109.13,156.79,77.13,23.39
2021-01-05 01:00:00,107.26,151.15,81.13,23.1
2021-01-05 02:00:00,105.27,145.18,82.45,22.41
2021-01-05 03:00:00,101.53,135.14,85.03,21.63
2021-01-05 04:00:00,97.52,137.84,87.79,21.25
2021-01-05 05:00:00,98.74,135.78,86.22,21.33
2021-01-05 06:00:00,94.65,128.58,85.86,21.08
2021-01-05 07:00:00,91.39,122.97,86.88,21.52
2021-01-05 08:00:00,97.09,130.89,83.88,22.49
2021-01-05 09:00:00,118.0,163.72,74.66,25.64
2021-01-05 10:00:00,134.87,213.0,63.94,28.38
2021-01-05 11:00:00,140.47,222.67,58.61,30.7
2021-01-05 12:00:00,136.65,225.0,55.91,31.47
2021-01-05 13:00:00,115.36,191.62,54.98,32.32
2021-01-05 14:00:00,133.67,212.81,59.06,30.59
2021-01-05 15:00:00,160.47,249.81,61.85,30.11
2021-01-05 16:00:00,169.22,256.19,62.14,29.22
2021-01-05 17:00:00,158.7,239.89,66.16,26.92
2021-01-05 18:00:00,157.0,228.06,74.55,25.27
2021-01-05 19:00:00,149.18,226.22,76.83,24.64
2021-01-05 20:00:00,165.33,234.22,81.7,23.56
2021-01-05 21:00:00,163.67,232.78,82.14,23.73
2021-01-05 22:00:00,163.0,221.53,84.22,23.48
2021-01-05 23:00:00,157.8,220.61,88.13,22.92
2021-01-06 00:00:00,159.6,221.81,90.33,22.15
2021-01-06 01:00:00,148.7,189.78,90.77,22.04
2021-01-06 02:00:00,154.8,194.08,79.16818181818181,23.105833333333333
2021-01-06 03:00:00,163.8,207.0,76.64166666666668,22.772307692307688
2021-01-06 04:00:00,165.0,211.85,74.88000000000001,22.576666666666668
2021-01-06 05:00:00,153.73,207.34,73.84333333333333,22.391000000000002
2021-01-06 06:00:00,144.18,189.03,73.68199999999999,21.94181818181818
2021-01-06 07:00:00,141.26,182.58,73.65363636363635,21.938333333333333
2021-01-06 08:00:00,143.6,190.06,71.64833333333334,22.586153846153845
2021-01-06 09:00:00,151.82,203.32,67.26833333333333,24.451538461538465
2021-01-06 10:00:00,146.91,203.58,63.92846153846154,26.065
2021-01-06 11:00:00,141.96,209.4,61.22153846153845,28.177857142857142
2021-01-06 12:00:00,134.07,206.96,59.50307692307692,29.555714285714284
2021-01-06 13:00:00,114.8,190.64,59.1025,30.168461538461543
2021-01-06 14:00:00,92.93,163.64,61.42333333333334,29.936923076923076
2021-01-06 15:00:00,135.07,221.64,63.04833333333334,29.673076923076923
2021-01-06 16:00:00,145.47,232.97,66.4669230769231,28.535000000000004
2021-01-06 17:00:00,150.35,235.22,70.11916666666667,27.23538461538462
2021-01-06 18:00:00,155.33,235.19,72.63000000000001,26.169230769230765
2021-01-06 19:00:00,158.6,235.81,74.71916666666668,25.716923076923074
2021-01-06 20:00:00,167.67,229.53,75.99333333333333,25.428461538461534
2021-01-06 21:00:00,176.8,234.44,76.48166666666667,24.99230769230769
2021-01-06 22:00:00,179.74,252.13,76.51916666666666,24.590769230769233
2021-01-06 23:00:00,177.4,245.53,75.85166666666667,24.37
2021-01-07 00:00:00,164.87,231.76,75.77769230769232,24.006428571428568
2021-01-07 01:00:00,157.78,214.5,74.87846153846155,23.664999999999996
2021-01-07 02:00:00,155.27,198.11,74.55749999999999,23.543076923076928
2021-01-07 03:00:00,145.47,187.75,75.31272727272727,23.397499999999997
2021-01-07 04:00:00,144.0,179.0,76.54727272727274,23.023333333333337
2021-01-07 05:00:00,143.13,181.42,76.66181818181819,22.77916666666667
2021-01-07 06:00:00,135.2,170.72,77.10090909090908,22.49083333333333
2021-01-07 07:00:00,135.74,167.19,77.62181818181817,22.587500000000002
2021-01-07 08:00:00,149.08,200.74,76.08363636363637,23.614166666666666
2021-01-07 09:00:00,189.25,271.66,70.33749999999999,25.81153846153846
2021-01-07 10:00:00,166.31,242.69,65.70916666666666,28.091538461538462
2021-01-07 11:00:00,150.7,236.03,62.06846153846155,30.249999999999996
2021-01-07 12:00:00,145.52,251.5,62.48307692307693,30.673571428571424
2021-01-07 13:00:00,136.33,233.18,61.55076923076923,31.324285714285715
2021-01-07 14:00:00,146.27,257.91,62.99384615384614,31.032857142857143
2021-01-07 15:00:00,160.13,259.36,64.86615384615385,30.567857142857143
2021-01-07 16:00:00,151.6,254.78,66.76846153846154,29.611428571428576
2021-01-07 17:00:00,135.0,234.0,70.68249999999999,27.963076923076922
2021-01-07 18:00:00,132.4,219.5,72.29333333333334,27.358461538461544
2021-01-07 19:00:00,117.22,161.0,73.715,26.897692307692303
2021-01-07 20:00:00,113.27,154.56,73.86,27.06083333333333
2021-01-07 21:00:00,94.8,129.64,76.02846153846153,26.67428571428572
2021-01-07 22:00:00,133.0,200.63,77.50615384615385,26.537857142857142
2021-01-07 23:00:00,131.2,198.86,79.9323076923077,26.250714285714285
2021-01-08 00:00:00,124.8,190.78,83.22615384615385,25.66142857142857
2021-01-08 01:00:00,142.2,205.31,82.46181818181817,25.905833333333334
2021-01-08 02:00:00,153.67,225.03,82.75416666666668,25.550000000000004
2021-01-08 03:00:00,141.09,200.36,83.39916666666666,25.36538461538462
2021-01-08 04:00:00,136.4,193.61,84.69166666666668,25.028461538461535
2021-01-08 05:00:00,129.07,174.67,85.84181818181817,24.920833333333334
2021-01-08 06:00:00,121.07,159.49,85.84,24.905833333333334
2021-01-08 07:00:00,123.47,164.25,85.82999999999998,25.060833333333335
2021-01-08 08:00:00,130.07,174.08,87.02583333333332,25.282307692307693
2021-01-08 09:00:00,105.87,154.98,84.49846153846154,26.11571428571429
2021-01-08 10:00:00,107.13,150.61,81.75,26.924285714285713
2021-01-08 11:00:00,114.48,168.34,78.48333333333333,27.870769230769234
2021-01-08 12:00:00,139.27,209.73,75.32666666666667,28.485384615384614
2021-01-08 13:00:00,121.33,196.8,76.34166666666667,28.25461538461538
2021-01-08 14:00:00,128.4,188.64,75.58090909090909,28.702500000000004
2021-01-08 15:00:00,97.07,144.89,75.54666666666667,28.61923076923077
2021-01-08 16:00:00,103.27,155.75,76.83583333333334,28.341538461538462
2021-01-08 17:00:00,104.13,159.39,77.13000000000001,28.31384615384615
2021-01-08 18:00:00,92.73,137.25,79.63166666666666,27.37538461538461
2021-01-08 19:00:00,91.87,139.25,82.05416666666667,26.552307692307696
2021-01-08 20:00:00,95.47,135.5,82.79166666666667,26.22846153846154
2021-01-08 21:00:00,113.39,136.82,82.87333333333333,26.154615384615383
2021-01-08 22:00:00,99.53,119.52,83.16416666666669,26.06153846153846
2021-01-08 23:00:00,79.67,95.73,83.64583333333333,25.85230769230769
2021-01-09 00:00:00,62.31,78.96,85.51166666666667,25.413846153846155
2021-01-09 01:00:00,81.67,101.69,86.66333333333334,25.156153846153845
2021-01-09 02:00:00,89.33,118.47,86.97416666666668,25.116153846153846
2021-01-09 03:00:00,99.53,125.83,86.8725,25.017692307692304
2021-01-09 04:00:00,126.13,163.25,86.75583333333333,24.913846153846155
2021-01-09 05:00:00,141.27,170.39,86.69636363636363,24.980833333333333
2021-01-09 06:00:00,120.47,138.58,87.34666666666668,24.50230769230769
2021-01-09 07:00:00,83.2,94.0,87.64416666666665,24.262307692307694
2021-01-09 08:00:00,93.6,112.53,85.58666666666666,25.26923076923077
2021-01-09 09:00:00,100.35,131.5,80.07166666666667,27.158461538461538
2021-01-09 10:00:00,77.6,114.06,74.91230769230768,28.973571428571432
2021-01-09 11:00:00,64.44,109.8,70.01833333333333,30.857692307692307
2021-01-09 12:00:00,75.13,134.2,66.7223076923077,31.84692307692308
2021-01-09 13:00:00,68.33,115.03,68.06846153846153,31.936428571428575
2021-01-09 14:00:00,65.27,114.64,71.9,30.600714285714286
2021-01-09 15:00:00,103.54250000000002,177.81,74.44846153846154,29.618571428571425
2021-01-09 16:00:00,95.0,183.83,74.62384615384615,29.291428571428572
2021-01-09 17:00:00,91.55,175.58,75.55615384615383,28.58357142857142
2021-01-09 18:00:00,93.6,161.31,78.84076923076924,27.511428571428574
2021-01-09 19:00:00,88.8,144.35,81.55076923076922,26.79714285714286
2021-01-09 20:00:00,74.96,116.83,83.26153846153846,26.42214285714286
2021-01-09 21:00:00,72.13,102.14,84.56153846153846,26.15142857142857
2021-01-09 22:00:00,72.87,100.8,84.51384615384616,26.20142857142857
2021-01-09 23:00:00,95.53,125.08,84.47230769230768,26.09
2021-01-10 00:00:00,106.8,143.04,85.45923076923076,25.73857142857143
2021-01-10 01:00:00,118.37,166.0,85.63538461538461,25.517142857142858
2021-01-10 02:00:00,125.2,173.22,86.00333333333334,25.51384615384615
2021-01-10 03:00:00,142.47,216.75,87.28,25.090714285714284
2021-01-10 04:00:00,150.22,228.61,88.04692307692306,24.830000000000002
2021-01-10 05:00:00,126.73,176.64,88.46538461538461,24.667142857142856
2021-01-10 06:00:00,103.93,135.81,88.64307692307693,24.500714285714288
2021-01-10 07:00:00,102.73,131.41,88.48916666666668,24.704615384615387
2021-01-10 08:00:00,94.33,127.72,85.19076923076923,25.945714285714285
2021-01-10 09:00:00,80.0,116.94,77.37916666666666,28.709999999999997
2021-01-10 10:00:00,77.13,134.33,71.00461538461539,30.65571428571429
2021-01-10 11:00:00,90.0,163.97,66.23153846153846,32.307857142857145
2021-01-10 12:00:00,82.47,157.96,62.68230769230768,33.46142857142857
2021-01-10 13:00:00,67.09,130.92,63.714615384615385,33.635
2021-01-10 14:00:00,48.48,96.81,67.69538461538461,32.800714285714285
2021-01-10 15:00:00,73.82,140.57,68.925,32.431538461538466
2021-01-10 16:00:00,104.87,175.56,71.21,31.276153846153843
2021-01-10 17:00:00,102.07,167.0,74.85692307692308,29.505
2021-01-10 18:00:00,98.39,161.38,77.0646153846154,28.506428571428575
2021-01-10 19:00:00,82.35,128.69,77.46076923076923,28.297142857142855
2021-01-10 20:00:00,65.27,104.89,77.54846153846154,28.14428571428572
2021-01-10 21:00:00,74.3,114.69,78.99000000000001,27.725714285714282
2021-01-10 22:00:00,69.93,101.14,81.83307692307692,27.178571428571427
2021-01-10 23:00:00,82.0,113.86,84.52461538461537,26.698571428571427
2021-01-11 00:00:00,84.0,111.34,85.58307692307692,26.35571428571429
2021-01-11 01:00:00,66.67,91.69,86.22000000000001,25.990000000000002
2021-01-11 02:00:00,70.93,99.24,86.64230769230768,25.700714285714287
2021-01-11 03:00:00,78.93,111.64,87.02538461538461,25.501428571428573
2021-01-11 04:00:00,99.13,142.1,86.96461538461539,25.410000000000004
2021-01-11 05:00:00,98.52,140.17,87.28846153846153,25.21642857142857
2021-01-11 06:00:00,92.82,130.78,87.87307692307694,25.04928571428572
2021-01-11 07:00:00,85.05,122.58,87.29769230769232,25.227142857142862
2021-01-11 08:00:00,89.22,127.43,83.1123076923077,26.850714285714286
2021-01-11 09:00:00,87.39,133.0,74.61384615384615,29.47714285714286
2021-01-11 10:00:00,91.33,149.06,64.53692307692307,32.004285714285714
2021-01-11 11:00:00,90.27,162.67,59.72538461538461,33.58857142857143
2021-01-11 12:00:00,67.47,155.37,56.137499999999996,34.85846153846154
2021-01-11 13:00:00,58.8,122.39,62.75384615384615,33.77357142857143
2021-01-11 14:00:00,61.48,133.47,66.08307692307693,32.99642857142856
2021-01-11 15:00:00,85.33,158.94,65.94692307692306,32.58428571428572
2021-01-11 16:00:00,79.47,143.0,67.10555555555555,32.251111111111115
2021-01-11 17:00:00,80.6,152.0,69.54307692307692,30.262142857142855
2021-01-11 18:00:00,74.07,137.47,72.02153846153847,29.050000000000004
2021-01-11 19:00:00,60.87,109.53,73.78230769230768,28.428571428571427
2021-01-11 20:00:00,58.13,105.8,74.93416666666667,28.276923076923076
2021-01-11 21:00:00,58.87,93.96,78.04307692307692,27.445714285714285
2021-01-11 22:00:00,50.33,78.11,79.60416666666667,27.283076923076923
2021-01-11 23:00:00,61.13,92.66,82.00666666666667,26.839230769230767
2021-01-12 00:00:00,63.87,91.38,83.47000000000001,26.29857142857143
2021-01-12 01:00:00,74.4,123.03,84.24,26.052142857142858
2021-01-12 02:00:00,89.82,145.45,84.48923076923077,25.840000000000003
2021-01-12 03:00:00,84.2,135.35,85.21384615384615,25.529999999999998
2021-01-12 04:00:00,86.47,119.11,85.6369230769231,25.223571428571436
2021-01-12 05:00:00,89.61,126.47,85.03666666666666,25.235384615384614
2021-01-12 06:00:00,77.87,104.0,85.00923076923078,24.945
2021-01-12 07:00:00,73.4,106.41,84.80000000000001,25.076428571428572
2021-01-12 08:00:00,99.0,147.94,80.62538461538462,26.70285714285714
2021-01-12 09:00:00,90.87,152.36,69.77692307692307,29.47714285714286
2021-01-12 10:00:00,79.47,145.36,61.027692307692305,32.001428571428576
2021-01-12 11:00:00,70.2,145.0,53.26461538461539,33.81
2021-01-12 12:00:00,79.4,157.72,47.34307692307693,35.292142857142856
2021-01-12 13:00:00,62.8,178.89,48.87416666666667,35.559230769230766
2021-01-12 14:00:00,50.47,123.19,56.63769230769231,34.35428571428571
2021-01-12 15:00:00,44.67,96.11,61.49,32.90214285714286
2021-01-12 16:00:00,77.8,142.14,63.958333333333336,31.882500000000004
2021-01-12 17:00:00,89.93,162.03,68.54923076923077,30.606428571428573
2021-01-12 18:00:00,73.61,123.86,71.49923076923076,29.369285714285716
2021-01-12 19:00:00,71.0,108.36,74.86692307692307,28.594285714285714
2021-01-12 20:00:00,85.78,132.0,78.73307692307694,27.837142857142858
2021-01-12 21:00:00,115.64,161.7,80.0653846153846,27.454285714285714
2021-01-12 22:00:00,119.13,163.36,79.84384615384616,27.23785714285714
2021-01-12 23:00:00,116.4,186.88,80.44846153846153,26.849285714285713
2021-01-13 00:00:00,117.73,170.52,80.67636363636365,26.84416666666667
2021-01-13 01:00:00,99.8,137.7,81.29166666666666,26.361538461538462
2021-01-13 02:00:00,74.47,103.61,81.24166666666666,26.033846153846152
2021-01-13 03:00:00,63.2,90.56,81.71666666666667,25.76230769230769
2021-01-13 04:00:00,57.67,80.17,81.31916666666666,25.52
2021-01-13 05:00:00,60.48,81.21,80.53416666666668,25.228461538461538
2021-01-13 06:00:00,61.87,90.84,79.32916666666667,25.06692307692307
2021-01-13 07:00:00,72.4,94.61,81.01727272727273,25.10833333333333
2021-01-13 08:00:00,80.07,115.07,76.11416666666666,26.564615384615383
2021-01-13 09:00:00,81.87,130.44,67.495,29.37769230769231
2021-01-13 10:00:00,73.31,125.77,59.673846153846156,31.615000000000002
2021-01-13 11:00:00,76.33,138.45,53.77076923076924,33.285714285714285
2021-01-13 12:00:00,66.57,146.01,51.22615384615384,34.120000000000005
2021-01-13 13:00:00,44.43,135.0,56.073846153846155,33.71285714285714
2021-01-13 14:00:00,30.6,77.81,57.568461538461534,33.23142857142857
2021-01-13 15:00:00,52.54,139.42166666666665,56.439230769230775,32.855000000000004
2021-01-13 16:00:00,59.335,137.74666666666667,55.28846153846154,31.939285714285713
2021-01-13 17:00:00,44.0,76.0,55.28,30.77285714285714
2021-01-13 18:00:00,31.0,59.95,59.843333333333334,28.813846153846157
2021-01-13 19:00:00,29.87,54.39,63.899230769230776,27.516428571428573
2021-01-13 20:00:00,36.07,65.24,70.73916666666666,26.51615384615385
2021-01-13 21:00:00,53.47,91.0,74.77153846153846,25.81428571428571
2021-01-13 22:00:00,83.73,113.48,75.37666666666665,25.189999999999998
2021-01-13 23:00:00,87.14,121.41,75.48333333333333,24.652307692307694
2021-01-14 00:00:00,91.32,138.06,77.4246153846154,24.11785714285714
2021-01-14 01:00:00,88.55,117.92,79.75,23.936923076923073
2021-01-14 02:00:00,67.27,96.25,79.61416666666666,23.990000000000002
2021-01-14 03:00:00,61.4,80.5,78.21846153846154,23.96142857142857
2021-01-14 04:00:00,50.57,64.16,79.5825,23.72692307692308
2021-01-14 05:00:00,66.28,86.69,77.62615384615384,23.52714285714286
2021-01-14 06:00:00,78.53,115.49,78.0,22.950000000000003
2021-01-14 07:00:00,88.64,138.66,76.19909090909091,22.9075
2021-01-14 08:00:00,90.87,155.05,73.20272727272727,24.35416666666667
2021-01-14 09:00:00,88.4,149.94,62.77769230769232,27.907142857142855
2021-01-14 10:00:00,103.6,206.0,54.01000000000001,30.822307692307696
2021-01-14 11:00:00,85.2,180.31,55.67000000000001,31.934285714285714
2021-01-14 12:00:00,62.93,143.5,58.04461538461539,31.864285714285725
2021-01-14 13:00:00,86.78,164.9,59.00846153846154,31.907857142857143
2021-01-14 14:00:00,93.6,165.58,60.880769230769225,31.538571428571426
2021-01-14 15:00:00,87.93,156.78,61.21769230769232,31.196428571428562
2021-01-14 16:00:00,74.87,150.18,59.126923076923084,30.36714285714286
2021-01-14 17:00:00,71.27,135.35,59.53307692307691,29.259285714285713
2021-01-14 18:00:00,46.73,89.45,69.0275,27.595384615384617
2021-01-14 19:00:00,53.4,103.08,76.99615384615385,26.03
2021-01-14 20:00:00,66.27,109.0,77.76307692307692,25.344285714285714
2021-01-14 21:00:00,55.0,82.51,77.74384615384615,24.675
2021-01-14 22:00:00,65.13,88.84,77.66230769230769,24.182142857142857
2021-01-14 23:00:00,74.8,97.6,78.23615384615384,23.715714285714288
2021-01-15 00:00:00,67.36,89.37,80.89153846153847,23.212857142857143
2021-01-15 01:00:00,59.95,85.39,82.41384615384617,22.933571428571433
2021-01-15 02:00:00,70.27,97.0,82.18692307692308,22.75857142857143
2021-01-15 03:00:00,71.13,93.79,82.10538461538461,22.552142857142858
2021-01-15 04:00:00,66.67,92.2,83.83999999999999,22.283076923076923
2021-01-15 05:00:00,72.93,92.0,85.45500000000003,22.10153846153846
2021-01-15 06:00:00,61.87,120.02,86.09846153846154,21.687857142857144
2021-01-15 07:00:00,66.93,139.90083333333334,85.86999999999999,21.620000000000005
2021-01-15 08:00:00,94.0,171.96615384615384,81.50615384615384,23.03642857142857
2021-01-15 09:00:00,99.73,173.6553846153846,74.89769230769232,25.603571428571428
2021-01-15 10:00:00,90.47,171.89666666666665,69.47833333333332,27.95846153846154
2021-01-15 11:00:00,72.53,182.16833333333332,63.191538461538464,29.656428571428574
2021-01-15 12:00:00,62.2,132.96583333333334,61.86692307692307,30.362142857142857
2021-01-15 13:00:00,63.59,126.10083333333331,63.51923076923077,29.92642857142857
2021-01-15 14:00:00,54.47,114.62923076923077,61.762499999999996,29.63153846153846
2021-01-15 15:00:00,39.13,105.21846153846151,59.59666666666666,29.413076923076922
2021-01-15 16:00:00,39.6,73.0,56.52181818181818,29.465
2021-01-15 17:00:00,39.13,64.97,58.19454545454544,28.24416666666667
2021-01-15 18:00:00,27.73,55.77,62.30363636363636,26.206666666666663
2021-01-15 19:00:00,38.13,84.0,69.72363636363637,24.680833333333336
2021-01-15 20:00:00,45.2,74.33,73.29545454545455,23.851666666666663
2021-01-15 21:00:00,40.8,55.89,73.67000000000002,23.416666666666668
2021-01-15 22:00:00,44.33,58.42,71.55,23.015833333333333
2021-01-15 23:00:00,48.47,68.86,70.53272727272729,22.024545454545454
2021-01-16 00:00:00,51.59,82.24,71.21909090909092,21.16
2021-01-16 01:00:00,44.2,59.31,72.85181818181819,20.60727272727273
2021-01-16 02:00:00,33.47,44.0,72.86,20.495454545454546
2021-01-16 03:00:00,27.65,33.98,71.76454545454544,20.596363636363638
2021-01-16 04:00:00,43.47,49.8,74.11545454545454,20.336363636363636
2021-01-16 05:00:00,46.0,55.6,74.62100000000001,20.396
2021-01-16 06:00:00,72.87,81.69,75.41999999999999,20.150000000000002
2021-01-16 07:00:00,73.53,86.79,75.503,20.116999999999997
2021-01-16 08:00:00,73.0,92.42,70.50454545454545,21.921818181818182
2021-01-16 09:00:00,79.07,118.97,57.92181818181818,25.27666666666667
2021-01-16 10:00:00,67.87,115.37,52.24166666666667,28.386923076923075
2021-01-16 11:00:00,61.68,111.39,48.52090909090909,30.210000000000004
2021-01-16 12:00:00,57.53,98.96,47.458333333333336,30.67076923076923
2021-01-16 13:00:00,65.67,125.7,46.93727272727272,31.953333333333333
2021-01-16 14:00:00,53.18,100.0,51.32899999999999,31.75272727272727
2021-01-16 15:00:00,43.2,79.93,53.59363636363637,30.83583333333333
2021-01-16 16:00:00,49.8,82.22,58.159000000000006,29.744545454545456
2021-01-16 17:00:00,49.27,80.79,65.00636363636364,27.642500000000002
2021-01-16 18:00:00,62.87,101.67,70.28090909090908,25.955833333333334
2021-01-16 19:00:00,78.0,123.86,74.13272727272728,24.998333333333335
2021-01-16 20:00:00,105.13,135.22,76.03454545454544,24.323333333333334
2021-01-16 21:00:00,97.73,120.14,75.9690909090909,23.76
2021-01-16 22:00:00,93.4,109.6,75.68818181818182,23.18583333333333
2021-01-16 23:00:00,97.32,106.79,76.96000000000001,22.75916666666667
2021-01-17 00:00:00,63.45,74.0,78.13454545454546,22.293333333333333
2021-01-17 01:00:00,49.36,63.59,78.83454545454546,21.929999999999996
2021-01-17 02:00:00,55.8,75.04,78.7218181818182,21.631666666666664
2021-01-17 03:00:00,64.78,87.63,79.89272727272727,21.35083333333333
2021-01-17 04:00:00,58.2,75.55,81.74166666666666,21.14769230769231
2021-01-17 05:00:00,63.91,84.84,81.19,21.03916666666667
2021-01-17 06:00:00,84.93,120.91,81.82545454545453,20.8875
2021-01-17 07:00:00,83.67,104.1,82.13818181818182,20.941666666666666
2021-01-17 08:00:00,84.73,113.0,78.45272727272729,23.037499999999998
2021-01-17 09:00:00,97.13,124.24,69.4809090909091,25.88416666666667
2021-01-17 10:00:00,82.53,97.3,57.69545454545455,28.75166666666667
2021-01-17 11:00:00,73.93,105.26,54.08181818181818,30.291666666666668
2021-01-17 12:00:00,89.47,141.13,55.4290909090909,30.544999999999998
2021-01-17 13:00:00,90.27,152.2,53.699090909090906,30.97083333333333
2021-01-17 14:00:00,76.13,127.31,51.588,32.054545454545455
2021-01-17 15:00:00,66.2,104.65,51.29272727272728,31.525000000000006
2021-01-17 16:00:00,63.27,98.82,53.23250000000001,30.644615384615385
2021-01-17 17:00:00,58.68,103.21,59.275454545454544,29.215
2021-01-17 18:00:00,58.87,104.0,67.89272727272727,27.136666666666667
2021-01-17 19:00:00,52.07,95.97,73.94454545454546,25.815833333333334
2021-01-17 20:00:00,46.67,69.11,75.82545454545455,25.074166666666667
2021-01-17 21:00:00,43.4,58.18,77.811,24.513636363636362
2021-01-17 22:00:00,48.18,65.83,78.116,24.065454545454546
2021-01-17 23:00:00,42.95,50.4,79.775,23.710909090909094
2021-01-18 00:00:00,40.27,49.2,81.593,23.334545454545456
2021-01-18 01:00:00,35.67,41.17,82.86699999999999,23.00636363636364
2021-01-18 02:00:00,35.87,39.8,82.21222222222222,22.964
2021-01-18 03:00:00,34.13,36.8,80.943,22.864545454545453
2021-01-18 04:00:00,27.0,40.0,79.966,22.736363636363638
2021-01-18 05:00:00,27.0,38.39,80.06500000000001,22.62727272727273
2021-01-18 06:00:00,30.27,37.16,81.568,22.570909090909087
2021-01-18 07:00:00,39.0,43.0,83.838,22.80272727272727
2021-01-18 08:00:00,46.77,56.65,81.91,22.53
2021-01-18 09:00:00,67.07,92.09,73.383,26.80818181818182
2021-01-18 10:00:00,47.47,69.65,61.11363636363637,29.010833333333338
2021-01-18 11:00:00,50.91,85.04,55.4675,30.326153846153847
2021-01-18 12:00:00,45.95,86.0,53.6775,31.472499999999997
2021-01-18 13:00:00,36.33,67.55,56.25333333333333,31.4
2021-01-18 14:00:00,33.27,94.5,57.104166666666664,30.64
2021-01-18 15:00:00,37.32,85.2,56.685,30.34
2021-01-18 16:00:00,43.2,88.22,57.195,29.91
2021-01-18 17:00:00,46.59,85.0,58.63818181818183,29.09
2021-01-18 18:00:00,34.04,79.38,67.98400000000001,28.03
2021-01-18 19:00:00,37.18,68.37,75.71100000000001,27.2
2021-01-18 20:00:00,31.09,44.25,73.42083333333333,26.64
2021-01-18 21:00:00,31.73,45.42,70.05181818181819,26.34
2021-01-18 22:00:00,32.87,51.82,65.87000000000002,25.89
2021-01-18 23:00:00,31.27,46.58,65.96454545454546,25.01
2021-01-19 00:00:00,26.68,39.0,67.18363636363637,24.36
2021-01-19 01:00:00,20.8,28.58,68.461,24.14
2021-01-19 02:00:00,22.6,26.2,70.97272727272728,23.75
2021-01-19 03:00:00,25.59,32.42,72.8,23.5
2021-01-19 04:00:00,18.2,26.77,73.70181818181818,23.73
2021-01-19 05:00:00,30.0,44.27,74.02,23.49
2021-01-19 06:00:00,37.18,57.8,74.58909090909091,23.08
2021-01-19 07:00:00,33.67,49.0,73.91545454545455,23.06
2021-01-19 08:00:00,33.87,42.58,69.15454545454544,24.34
2021-01-19 09:00:00,41.77,59.47,61.26363636363637,27.14
2021-01-19 10:00:00,80.15,131.2,54.26916666666667,29.91
2021-01-19 11:00:00,92.07,157.63,51.1675,32.02
2021-01-19 12:00:00,83.47,139.93,52.04272727272726,32.74
2021-01-19 13:00:00,72.5,129.5,49.685,32.82
2021-01-19 14:00:00,77.91,145.99,52.42,33.02
2021-01-19 15:00:00,69.47,132.6,55.60909090909092,32.51
2021-01-19 16:00:00,66.27,115.0,57.157000000000004,30.98
2021-01-19 17:00:00,74.67,137.48,62.24666666666667,29.55
2021-01-19 18:00:00,79.47,141.79,65.905,28.63
2021-01-19 19:00:00,98.2,151.4,68.15333333333334,27.89
2021-01-19 20:00:00,88.0,129.92,70.89416666666666,27.01
2021-01-19 21:00:00,62.67,95.9,73.4718181818182,26.48
2021-01-19 22:00:00,52.95,76.16,74.96000000000001,26.1
2021-01-19 23:00:00,41.63,68.76,74.92833333333333,25.55
2021-01-20 00:00:00,39.13,61.18,75.77499999999999,25.12
2021-01-20 01:00:00,51.13,89.6,76.64272727272727,24.82
2021-01-20 02:00:00,79.78,133.93,75.7475,24.58
2021-01-20 03:00:00,80.53,120.52,76.91636363636364,24.09
2021-01-20 04:00:00,70.5,100.6,76.44250000000001,23.56
2021-01-20 05:00:00,70.73,105.83,77.00636363636363,23.34
2021-01-20 06:00:00,60.6,86.33,76.255,23.18
2021-01-20 07:00:00,53.82,81.0,76.28416666666665,23.1
2021-01-20 08:00:00,42.6,76.98,71.32833333333333,24.28
2021-01-20 09:00:00,55.73,96.0,60.07333333333333,27.24
2021-01-20 10:00:00,105.67,190.91,53.22166666666667,30.19
2021-01-20 11:00:00,107.8,208.99,49.78583333333333,31.32
2021-01-20 12:00:00,65.4,130.4,46.65461538461539,31.82
2021-01-20 13:00:00,52.95,108.58,48.822307692307696,32.22
2021-01-20 14:00:00,53.73,104.37,50.96615384615385,31.88
2021-01-20 15:00:00,34.99,67.48,52.34461538461539,31.3
2021-01-20 16:00:00,44.96,95.8,52.26923076923076,30.56
2021-01-20 17:00:00,51.32,96.17,52.43000000000001,29.72
2021-01-20 18:00:00,45.95,90.79,56.34923076923077,28.69
2021-01-20 19:00:00,42.4,80.37,59.747499999999995,27.37
2021-01-20 20:00:00,54.09,92.45,63.02916666666667,26.74
2021-01-20 21:00:00,54.27,82.0,62.473333333333336,26.64
2021-01-20 22:00:00,69.6,97.2,60.915,25.71
2021-01-20 23:00:00,73.73,113.8,63.641818181818174,24.45
2021-01-21 00:00:00,63.64,94.6,66.61363636363636,23.7
2021-01-21 01:00:00,40.33,65.0,69.44181818181818,23.32
2021-01-21 02:00:00,39.6,59.8,71.49272727272727,23.38
2021-01-21 03:00:00,35.68,55.18,71.60181818181819,22.84
2021-01-21 04:00:00,47.09,66.72,69.70545454545456,22.94
2021-01-21 05:00:00,58.5,83.0,72.0590909090909,22.7
2021-01-21 06:00:00,69.53,89.0,74.01416666666667,22.42
2021-01-21 07:00:00,77.93,106.8,75.237,22.38
2021-01-21 08:00:00,87.67,127.86,70.91416666666669,23.25
2021-01-21 09:00:00,95.05,151.2,62.327499999999986,25.68
2021-01-21 10:00:00,110.69,196.8,55.284166666666664,27.97
2021-01-21 11:00:00,125.96,219.0,51.690000000000005,29.29
2021-01-21 12:00:00,98.53,174.63,49.651538461538465,30.497142857142858
2021-01-21 13:00:00,121.64,231.8,48.139230769230764,30.881428571428568
2021-01-21 14:00:00,112.18,197.8,48.12461538461538,30.904999999999994
2021-01-21 15:00:00,91.86,149.0,47.03615384615385,30.649285714285714
2021-01-21 16:00:00,80.36,141.8,48.02846153846153,29.96142857142857
2021-01-21 17:00:00,83.32,134.2,56.651538461538465,28.344285714285714
2021-01-21 18:00:00,80.55,134.4,66.14166666666667,26.444615384615393
2021-01-21 19:00:00,95.55,141.4,72.33916666666666,25.089230769230767
2021-01-21 20:00:00,117.0,156.65,76.78384615384616,24.245
2021-01-21 21:00:00,116.53,149.63,78.50307692307693,23.601428571428567
2021-01-21 22:00:00,120.33,152.6,79.52416666666666,23.079230769230772
2021-01-21 23:00:00,132.27,162.03,79.72166666666666,22.556153846153848
2021-01-22 00:00:00,130.55,160.0,80.0,22.035
2021-01-22 01:00:00,108.4,146.4,80.27083333333333,21.536153846153848
2021-01-22 02:00:00,96.33,133.37,80.87615384615384,21.25642857142858
2021-01-22 03:00:00,82.0,113.34,81.1125,20.76615384615385
2021-01-22 04:00:00,86.05,113.82,81.54916666666668,20.41769230769231
2021-01-22 05:00:00,110.33,136.68,81.13333333333331,20.18769230769231
2021-01-22 06:00:00,133.0,158.2,81.33500000000001,20.082307692307698
2021-01-22 07:00:00,137.73,179.4,81.81153846153848,19.98071428571429
2021-01-22 08:00:00,138.0,182.8,76.17083333333333,21.690769230769227
2021-01-22 09:00:00,170.93,239.8,65.45384615384617,24.84857142857143
2021-01-22 10:00:00,169.05,246.8,58.34461538461539,27.482142857142858
2021-01-22 11:00:00,141.22,241.79,54.12692307692308,29.565714285714282
2021-01-22 12:00:00,137.87,241.0,52.310769230769225,30.91214285714286
2021-01-22 13:00:00,109.4,197.15,53.48615384615384,31.531428571428574
2021-01-22 14:00:00,82.47,131.0,55.42307692307692,31.548571428571424
2021-01-22 15:00:00,107.51,189.6,59.00923076923077,31.050000000000004
2021-01-22 16:00:00,111.14,192.8,63.44923076923077,30.000714285714285
2021-01-22 17:00:00,108.41,177.2,66.84833333333331,28.750000000000004
2021-01-22 18:00:00,114.93,185.2,71.65416666666667,27.07384615384615
2021-01-22 19:00:00,122.05,174.4,72.33999999999999,26.00769230769231
2021-01-22 20:00:00,112.63,155.0,72.55166666666666,25.266923076923078
2021-01-22 21:00:00,119.67,154.03,73.95153846153846,24.539285714285718
2021-01-22 22:00:00,103.72,131.2,75.73,24.104166666666668
2021-01-22 23:00:00,113.17,149.0,77.58999999999999,23.497692307692304
2021-01-23 00:00:00,104.67,125.4,79.11333333333333,23.036153846153848
2021-01-23 01:00:00,80.54,98.8,81.09583333333335,22.615384615384617
2021-01-23 02:00:00,70.93,85.2,82.50916666666667,22.226923076923075
2021-01-23 03:00:00,73.47,100.0,81.64583333333333,22.048461538461538
2021-01-23 04:00:00,87.87,116.8,81.50090909090909,21.88166666666667
2021-01-23 05:00:00,104.69,125.02,78.0290909090909,21.845
2021-01-23 06:00:00,108.73,132.06,75.38090909090909,21.75916666666667
2021-01-23 07:00:00,116.8,134.4,74.60363636363637,21.60166666666667
2021-01-23 08:00:00,119.73,149.31,71.81,23.120833333333334
2021-01-23 09:00:00,129.5,198.76,64.10272727272728,26.173333333333332
2021-01-23 10:00:00,184.73,258.8,57.401666666666664,28.73461538461538
2021-01-23 11:00:00,168.73,264.0,54.35416666666668,30.73846153846154
2021-01-23 12:00:00,126.0,220.65,49.87846153846153,32.35857142857143
2021-01-23 13:00:00,100.13,167.6,49.92692307692308,32.91285714285715
2021-01-23 14:00:00,105.64,169.8,51.6925,33.15230769230769
2021-01-23 15:00:00,92.31,152.2,54.197272727272725,32.454166666666666
2021-01-23 16:00:00,76.18,131.0,58.30636363636363,31.323333333333334
2021-01-23 17:00:00,75.73,121.4,63.30916666666667,29.574615384615388
2021-01-23 18:00:00,94.14,142.4,70.19,27.529230769230768
2021-01-23 19:00:00,65.9,108.8,73.73666666666666,26.26076923076923
2021-01-23 20:00:00,39.4,67.0,75.2790909090909,25.647499999999997
2021-01-23 21:00:00,32.36,52.4,75.37699999999998,25.08909090909091
2021-01-23 22:00:00,34.45,48.0,78.025,24.58090909090909
2021-01-23 23:00:00,32.09,48.0,79.36285714285714,24.2425
2021-01-24 00:00:00,43.05,60.8,77.77,22.6725
2021-01-24 01:00:00,51.0,87.0,80.47571428571428,22.9225
2021-01-24 02:00:00,38.04,51.68,80.17,20.634
2021-01-24 03:00:00,36.0,48.4,83.15800000000002,21.888333333333335
2021-01-24 04:00:00,33.41,48.4,81.0457142857143,22.45625
2021-01-24 05:00:00,41.0,54.0,78.90666666666667,21.9625
2021-01-24 06:00:00,80.24142857142859,166.1766666666667,89.44800000000001,21.133333333333333
2021-01-24 07:00:00,81.95,183.4,84.728,20.728333333333335
2021-01-24 08:00:00,123.3,216.25,86.95500000000001,23.676666666666666
2021-01-24 09:00:00,66.0,104.0,69.75750000000001,26.78666666666667
2021-01-24 10:00:00,119.73,224.0,58.51818181818181,29.016666666666666
2021-01-24 11:00:00,125.41,213.6,52.73090909090909,30.602500000000003
2021-01-24 12:00:00,90.44,170.2,50.462,31.66181818181818
2021-01-24 13:00:00,58.22,109.6,51.062,32.38272727272727
2021-01-24 14:00:00,48.82,90.58,56.04777777777778,31.946000000000005
2021-01-24 15:00:00,47.13,95.4,57.93800000000001,31.018181818181816
2021-01-24 16:00:00,55.64,102.6,58.27111111111112,30.622000000000003
2021-01-24 17:00:00,49.23,87.94,61.175,28.90090909090909
2021-01-24 18:00:00,47.13,82.2,66.18666666666667,27.341
2021-01-24 19:00:00,40.93,81.8,71.29299999999999,25.75545454545455
2021-01-24 20:00:00,53.0,90.0,73.32333333333332,25.059000000000005
2021-01-24 21:00:00,61.91,125.6,74.63600000000001,24.014545454545456
2021-01-24 22:00:00,66.45,132.41,72.956,23.456363636363633
2021-01-24 23:00:00,69.6,136.82,73.76444444444445,22.786
2021-01-25 00:00:00,76.04,150.75,76.31444444444445,22.046
2021-01-25 01:00:00,70.95,142.0,76.378,21.63
2021-01-25 02:00:00,72.59,140.6,75.84272727272727,21.065833333333334
2021-01-25 03:00:00,76.45,149.0,76.74181818181818,20.4975
2021-01-25 04:00:00,70.09,133.8,77.09454545454545,20.0475
2021-01-25 05:00:00,69.86,128.4,78.345,19.71090909090909
2021-01-25 06:00:00,76.05,134.4,78.066,19.80727272727273
2021-01-25 07:00:00,82.2,165.6,75.83099999999999,19.757272727272728
2021-01-25 08:00:00,98.55,206.72,72.09300000000002,21.34272727272727
2021-01-25 09:00:00,113.96,232.54,63.058181818181815,24.42166666666667
2021-01-25 10:00:00,125.5,281.0,53.9575,27.00153846153846
2021-01-25 11:00:00,107.13,262.94,48.4376923076923,28.974285714285713
2021-01-25 12:00:00,91.04,232.0,45.52538461538462,30.392142857142858
2021-01-25 13:00:00,89.0,205.0,46.72615384615385,30.662857142857145
2021-01-25 14:00:00,96.8,234.6,46.08307692307692,30.675714285714285
2021-01-25 15:00:00,76.4,213.0,46.81846153846155,30.150714285714287
2021-01-25 16:00:00,66.07,219.0,51.309999999999995,29.145714285714284
2021-01-25 17:00:00,63.27,162.0,58.20538461538461,27.380714285714287
2021-01-25 18:00:00,65.59,211.7976923076923,67.12538461538462,25.62857142857143
2021-01-25 19:00:00,75.53,205.0,72.53916666666667,24.569999999999997
2021-01-25 20:00:00,88.23,202.59,73.99909090909091,23.9525
2021-01-25 21:00:00,86.55,167.6,72.43636363636364,23.353333333333335
2021-01-25 22:00:00,79.09,156.6,73.13416666666667,22.620769230769227
2021-01-25 23:00:00,104.0,192.0,75.94333333333334,21.994615384615386
2021-01-26 00:00:00,108.86,190.6,77.18727272727273,21.554999999999996
2021-01-26 01:00:00,96.91,170.0,77.555,20.88
2021-01-26 02:00:00,93.27,142.0,78.72666666666666,20.303846153846152
2021-01-26 03:00:00,92.13,149.96,79.44583333333334,19.97846153846154
2021-01-26 04:00:00,89.41,141.0,80.06090909090909,19.8475
2021-01-26 05:00:00,99.37,142.01,79.55636363636364,19.574166666666667
2021-01-26 06:00:00,103.6,149.4,80.11090909090909,19.3125
2021-01-26 07:00:00,106.59,150.2,80.3790909090909,19.243333333333332
2021-01-26 08:00:00,107.0,146.0,76.8990909090909,20.94
2021-01-26 09:00:00,104.41,159.4,66.75916666666667,23.997692307692304
2021-01-26 10:00:00,116.09,205.4,57.0525,26.983846153846155
2021-01-26 11:00:00,138.73,266.4,51.140833333333326,29.006153846153843
2021-01-26 12:00:00,134.22,277.4,50.280833333333334,29.806923076923077
2021-01-26 13:00:00,108.81,217.0,51.225833333333334,29.91769230769231
2021-01-26 14:00:00,91.18,182.0,53.63333333333333,29.93
2021-01-26 15:00:00,80.36,153.8,55.64538461538461,29.36714285714286
2021-01-26 16:00:00,66.04,143.2,58.73461538461539,28.227857142857143
2021-01-26 17:00:00,67.45,144.4,62.815,26.901538461538465
2021-01-26 18:00:00,74.05,152.22,70.8,25.089999999999996
2021-01-26 19:00:00,76.73,152.4,74.94166666666665,23.83153846153846
2021-01-26 20:00:00,87.37,144.8,76.74333333333333,22.996923076923075
2021-01-26 21:00:00,96.78,147.8,77.05583333333334,22.285384615384615
2021-01-26 22:00:00,117.87,149.8,78.79833333333333,21.443076923076926
2021-01-26 23:00:00,106.31,135.6,80.55666666666667,20.948461538461537
2021-01-27 00:00:00,115.23,144.0,81.1175,20.60230769230769
2021-01-27 01:00:00,108.36,140.8,81.5,20.10230769230769
2021-01-27 02:00:00,101.82,124.4,82.47833333333334,19.536153846153844
2021-01-27 03:00:00,101.0,129.8,82.33583333333333,19.38769230769231
2021-01-27 04:00:00,114.81,145.6,81.73083333333334,19.025384615384613
2021-01-27 05:00:00,107.5,138.56,82.46666666666665,18.73
2021-01-27 06:00:00,92.18,113.6,82.61166666666666,18.53153846153846
2021-01-27 07:00:00,83.93,107.2,82.02166666666666,18.55615384615385
2021-01-27 08:00:00,109.78,147.0,77.68083333333334,20.293076923076924
2021-01-27 09:00:00,119.2,155.8,67.64615384615385,23.566428571428567
2021-01-27 10:00:00,103.59,178.8,59.48307692307692,26.459999999999997
2021-01-27 11:00:00,98.41,168.85,54.77461538461539,28.45642857142857
2021-01-27 12:00:00,104.91,200.88,53.693333333333335,29.259230769230765
2021-01-27 13:00:00,114.64,215.58,52.06230769230769,29.69928571428572
2021-01-27 14:00:00,91.81,159.4,52.823846153846155,29.973571428571432
2021-01-27 15:00:00,87.14,156.4,54.11166666666668,29.930769230769233
2021-01-27 16:00:00,74.91,148.0,57.41,29.06714285714286
2021-01-27 17:00:00,66.09,134.43,63.670769230769224,27.555714285714284
2021-01-27 18:00:00,64.14,114.46,71.11153846153846,25.46
2021-01-27 19:00:00,72.64,128.4,73.94769230769231,23.88785714285714
2021-01-27 20:00:00,82.64,116.26,75.61923076923077,22.88571428571428
2021-01-27 21:00:00,77.09,105.6,77.99538461538461,22.148571428571433
2021-01-27 22:00:00,69.95,100.81,79.38307692307693,21.630714285714284
2021-01-27 23:00:00,87.86,136.0,81.54615384615384,20.90285714285714
2021-01-28 00:00:00,104.43,133.2,82.48230769230769,20.673571428571428
2021-01-28 01:00:00,89.19,98.08,82.36461538461539,20.340714285714288
2021-01-28 02:00:00,87.45,116.0,82.5,19.86785714285714
2021-01-28 03:00:00,78.5,105.2,82.0023076923077,19.402142857142856
2021-01-28 04:00:00,95.94,133.8,83.28384615384614,18.947857142857142
2021-01-28 05:00:00,106.75,135.6,84.175,18.70307692307692
2021-01-28 06:00:00,98.5,128.6,83.75999999999999,18.674999999999997
2021-01-28 07:00:00,113.41,153.0,83.40307692307692,18.577857142857145
2021-01-28 08:00:00,122.05,160.8,79.41999999999999,20.360000000000003
2021-01-28 09:00:00,143.73,201.8,68.66153846153847,23.80785714285714
2021-01-28 10:00:00,128.92,192.8,58.850769230769224,26.84285714285715
2021-01-28 11:00:00,145.07,258.95,53.7525,29.043846153846154
2021-01-28 12:00:00,119.49,239.4,53.69538461538461,29.79714285714286
2021-01-28 13:00:00,108.95,214.06,54.65153846153847,29.683846153846158
2021-01-28 14:00:00,102.82,197.25,55.26076923076923,30.21214285714285
2021-01-28 15:00:00,89.04,161.2,53.19461538461539,30.313571428571432
2021-01-28 16:00:00,72.27,142.2,57.11384615384615,29.275000000000006
2021-01-28 17:00:00,73.45,135.8,66.46076923076923,27.221428571428568
2021-01-28 18:00:00,74.0,139.2,73.17999999999999,25.107142857142854
2021-01-28 19:00:00,94.67,159.13,76.17666666666668,23.73153846153846
2021-01-28 20:00:00,96.27,155.2,77.09538461538462,22.661428571428566
2021-01-28 21:00:00,98.59,145.8,77.26923076923077,22.029999999999998
2021-01-28 22:00:00,101.59,151.0,78.19923076923078,21.309285714285714
2021-01-28 23:00:00,112.36,144.0,78.45000000000002,20.88714285714286
2021-01-29 00:00:00,98.45,139.22,79.43692307692308,19.934615384615384
2021-01-29 01:00:00,92.55,128.4,80.99538461538462,19.675000000000004
2021-01-29 02:00:00,89.4,130.8,80.32615384615384,19.474285714285713
2021-01-29 03:00:00,94.18,120.76,80.13692307692307,19.20285714285714
2021-01-29 04:00:00,69.95,101.2,80.75923076923078,18.502307692307696
2021-01-29 05:00:00,66.0,100.98,80.42384615384616,18.220000000000002
2021-01-29 06:00:00,66.0,94.8,80.50769230769232,18.205714285714286
2021-01-29 07:00:00,71.17,97.8,80.66153846153846,18.08230769230769
2021-01-29 08:00:00,71.14,121.32,75.50846153846155,20.245384615384616
2021-01-29 09:00:00,94.33,158.09,65.63333333333331,23.810000000000002
2021-01-29 10:00:00,131.69,232.6,56.059999999999995,26.869999999999997
2021-01-29 11:00:00,123.22,246.6,52.10461538461539,28.83142857142857
2021-01-29 12:00:00,92.49,199.0,49.58846153846154,30.48428571428571
2021-01-29 13:00:00,93.18,193.0,50.33692307692308,30.94214285714286
2021-01-29 14:00:00,80.18,157.2,51.72230769230768,30.921428571428574
2021-01-29 15:00:00,88.37,173.51,53.02000000000001,30.528571428571432
2021-01-29 16:00:00,84.83,165.6,57.614166666666655,29.55384615384615
2021-01-29 17:00:00,72.81,142.87,60.38416666666666,28.34461538461538
2021-01-29 18:00:00,71.86,126.84,65.745,26.187692307692302
2021-01-29 19:00:00,76.32,144.73,72.19583333333334,24.629999999999995
2021-01-29 20:00:00,77.0,124.4,76.85833333333333,23.5876923076923
2021-01-29 21:00:00,73.56,116.41,78.84916666666668,22.75384615384615
2021-01-29 22:00:00,77.31,127.96,80.62916666666668,22.16307692307692
2021-01-29 23:00:00,86.61,136.6,81.19166666666668,21.677692307692308
2021-01-30 00:00:00,84.55,127.8,81.06333333333333,21.106923076923074
2021-01-30 01:00:00,82.27,123.39,82.0775,20.583846153846153
2021-01-30 02:00:00,93.23,125.59,81.75500000000001,20.27692307692308
2021-01-30 03:00:00,100.18,132.4,82.2425,19.962307692307693
2021-01-30 04:00:00,101.0,147.55,81.73416666666667,19.847692307692306
2021-01-30 05:00:00,96.69,149.4,78.74583333333334,19.89307692307692
2021-01-30 06:00:00,91.68,141.8,79.35000000000001,19.514615384615386
2021-01-30 07:00:00,79.77,116.0,80.31583333333333,19.404615384615383
2021-01-30 08:00:00,84.04,131.15,75.92916666666666,21.254615384615384
2021-01-30 09:00:00,84.14,154.2,63.366666666666674,25.259230769230765
2021-01-30 10:00:00,81.41,155.0,53.42615384615385,28.52
2021-01-30 11:00:00,86.17,174.73,47.80461538461539,30.525000000000002
2021-01-30 12:00:00,115.49,225.6,44.82916666666667,32.32692307692308
2021-01-30 13:00:00,91.49,191.4,43.169999999999995,32.99923076923077
2021-01-30 14:00:00,69.73,145.06,44.8075,32.77615384615385
2021-01-30 15:00:00,54.08,122.66,42.935833333333335,32.39153846153847
2021-01-30 16:00:00,36.5,82.92,48.62833333333334,31.11
2021-01-30 17:00:00,34.0,76.4,57.62833333333333,28.927692307692308
2021-01-30 18:00:00,63.37,120.2,62.25545454545454,27.245833333333334
2021-01-30 19:00:00,72.32,132.59,65.86,25.61461538461539
2021-01-30 20:00:00,53.99,101.91,63.65749999999999,24.74153846153846
2021-01-30 21:00:00,51.0,85.23,64.27833333333334,23.996923076923075
2021-01-30 22:00:00,54.45,88.58,65.66416666666666,23.093846153846155
2021-01-30 23:00:00,43.77,78.8,69.73636363636363,22.265833333333333
2021-01-31 00:00:00,50.61,85.57,72.1375,21.532307692307693
2021-01-31 01:00:00,45.09,70.46,74.67333333333335,21.118461538461535
2021-01-31 02:00:00,33.63,48.46,76.17750000000001,20.75923076923077
2021-01-31 03:00:00,29.41,46.0,78.09083333333334,20.338461538461537
2021-01-31 04:00:00,28.13,46.8,77.80916666666667,20.240000000000002
2021-01-31 05:00:00,59.1,94.2,76.17916666666667,20.111538461538462
2021-01-31 06:00:00,85.67,137.89,75.53363636363638,20.029999999999998
2021-01-31 07:00:00,85.55,134.04,73.5875,19.915384615384614
2021-01-31 08:00:00,65.14,111.98,68.02416666666666,21.80461538461539
2021-01-31 09:00:00,87.05,157.4,57.38083333333333,25.326923076923077
2021-01-31 10:00:00,93.58,171.2,48.089166666666664,28.64384615384616
2021-01-31 11:00:00,79.31,151.87,44.23916666666667,30.59923076923076
2021-01-31 12:00:00,77.0,160.55,45.09583333333333,31.943076923076926
2021-01-31 13:00:00,77.0,150.4,47.57749999999999,32.05538461538461
2021-01-31 14:00:00,83.03,148.6,49.53000000000001,31.73846153846154
2021-01-31 15:00:00,68.4,133.0,51.32916666666667,31.394615384615385
2021-01-31 16:00:00,60.82,122.63,54.928333333333335,30.244615384615386
2021-01-31 17:00:00,50.47,112.83,57.72416666666667,28.81923076923077
2021-01-31 18:00:00,54.17,107.81,61.65083333333334,27.169230769230776
2021-01-31 19:00:00,52.41,93.4,64.73583333333333,25.822307692307696
2021-01-31 20:00:00,43.36,74.8,62.23333333333333,25.122307692307693
2021-01-31 21:00:00,50.64,75.16,66.75916666666666,24.4
2021-01-31 22:00:00,57.18,90.75,70.11,23.799999999999997
2021-01-31 23:00:00,61.45,110.74,73.4825,23.319230769230767
2021-02-01 00:00:00,60.28,98.26,76.7375,22.823076923076922
2021-02-01 01:00:00,92.83,151.4,77.98166666666668,22.442307692307693
2021-02-01 02:00:00,79.86,132.52,76.97,22.234615384615385
2021-02-01 03:00:00,90.78,133.6,73.56666666666668,22.431538461538462
2021-02-01 04:00:00,80.91,122.0,72.005,22.465384615384615
2021-02-01 05:00:00,68.67,106.85,70.57583333333332,22.551538461538463
2021-02-01 06:00:00,68.72,106.98,71.78909090909092,22.53833333333333
2021-02-01 07:00:00,73.31,115.97,69.38000000000001,22.716923076923077
2021-02-01 08:00:00,69.68,121.19,66.27090909090909,24.358333333333334
2021-02-01 09:00:00,78.47,138.74,56.50583333333333,27.369230769230764
2021-02-01 10:00:00,81.73,155.8,51.754999999999995,30.005384615384614
2021-02-01 11:00:00,88.89,175.05,48.32461538461538,31.71142857142857
2021-02-01 12:00:00,98.61,204.4,46.05916666666667,33.55923076923077
2021-02-01 13:00:00,83.64,179.5,45.31384615384616,34.17785714285714
2021-02-01 14:00:00,76.68,215.85,46.25846153846154,34.08
2021-02-01 15:00:00,63.04,126.55,52.105384615384615,32.932857142857145
2021-02-01 16:00:00,68.78,127.31,54.82769230769231,31.882857142857148
2021-02-01 17:00:00,78.61,159.51,61.073846153846155,30.345714285714283
2021-02-01 18:00:00,75.68,155.63,66.07153846153845,28.474999999999994
2021-02-01 19:00:00,75.0,122.0,68.57692307692307,27.18642857142857
2021-02-01 20:00:00,81.91,130.77,72.08307692307692,26.377142857142854
2021-02-01 21:00:00,80.41,129.8,73.94615384615385,25.92571428571429
2021-02-01 22:00:00,74.82,108.2,73.7030769230769,25.696428571428577
2021-02-01 23:00:00,76.59,106.19,74.83076923076922,25.150000000000002
2021-02-02 00:00:00,87.33,128.4,76.4146153846154,24.701428571428576
2021-02-02 01:00:00,90.73,143.8,77.17923076923077,24.353571428571428
2021-02-02 02:00:00,85.83,134.4,75.66692307692307,24.087142857142858
2021-02-02 03:00:00,77.22,110.47,73.29923076923077,23.68923076923077
2021-02-02 04:00:00,66.5,99.42,70.7,23.852142857142855
2021-02-02 05:00:00,65.0,99.59,70.10692307692308,23.48928571428571
2021-02-02 06:00:00,66.72,99.0,67.3623076923077,23.527692307692305
2021-02-02 07:00:00,67.86,111.75,61.975384615384606,24.272142857142857
2021-02-02 08:00:00,76.64,134.93,56.049230769230775,26.08785714285714
2021-02-02 09:00:00,104.87,161.6,48.49692307692308,28.795714285714293
2021-02-02 10:00:00,89.13,151.06,42.69916666666666,31.025384615384617
2021-02-02 11:00:00,82.56,164.54,38.21818181818181,33.28
2021-02-02 12:00:00,70.81,150.57,34.36769230769231,34.09461538461539
2021-02-02 13:00:00,50.01,118.07,29.868333333333336,35.75615384615385
2021-02-02 14:00:00,45.27,94.66,25.354166666666668,36.41461538461538
2021-02-02 15:00:00,38.93,108.4,29.509999999999994,35.79785714285715
2021-02-02 16:00:00,31.97,57.0,43.26,33.69642857142857
2021-02-02 17:00:00,38.75,88.0,55.63461538461537,30.98285714285714
2021-02-02 18:00:00,66.69,136.63,62.62538461538462,28.417857142857144
2021-02-02 19:00:00,75.32,154.58,65.04153846153847,27.102857142857147
2021-02-02 20:00:00,78.58,152.44,68.18384615384616,26.24142857142857
2021-02-02 21:00:00,84.17,146.01,70.32846153846155,25.57357142857143
2021-02-02 22:00:00,83.28,137.82,71.0625,24.85153846153846
2021-02-02 23:00:00,95.96,159.12,70.00615384615386,24.377857142857142
2021-02-03 00:00:00,87.67,125.94,70.7175,23.65
2021-02-03 01:00:00,81.69,130.35,72.64636363636363,23.128333333333334
2021-02-03 02:00:00,100.81,160.0,74.85916666666667,22.47307692307692
2021-02-03 03:00:00,100.55,152.82,75.12272727272729,22.325
2021-02-03 04:00:00,96.56,146.2,78.66384615384617,21.841428571428576
2021-02-03 05:00:00,92.55,132.25,79.33384615384615,21.650000000000002
2021-02-03 06:00:00,87.68,120.2,79.84923076923077,21.375
2021-02-03 07:00:00,98.19,145.9,79.5369230769231,21.306428571428572
2021-02-03 08:00:00,118.08,167.86,72.24846153846154,23.30384615384616
2021-02-03 09:00:00,133.92,210.69,56.604166666666664,27.043076923076924
2021-02-03 10:00:00,104.03,197.93,45.84833333333333,29.754615384615384
2021-02-03 11:00:00,95.56,183.0,37.923846153846156,31.586923076923078
2021-02-03 12:00:00,72.54,149.0,32.08083333333334,33.655833333333334
2021-02-03 13:00:00,50.05,125.9,32.386923076923075,33.93
2021-02-03 14:00:00,49.59,105.65,33.66384615384615,33.93714285714286
2021-02-03 15:00:00,51.73,112.1,34.7225,33.2875
2021-02-03 16:00:00,60.61,117.22,40.24153846153846,31.860000000000007
2021-02-03 17:00:00,49.91,98.46,47.935,30.10666666666667
2021-02-03 18:00:00,51.45,99.94,55.48000000000001,28.419166666666666
2021-02-03 19:00:00,70.08,131.2,63.13307692307693,26.786923076923074
2021-02-03 20:00:00,79.03,120.0,65.63166666666666,25.994999999999994
2021-02-03 21:00:00,73.97,97.0,68.55307692307692,25.153076923076924
2021-02-03 22:00:00,55.72,80.0,69.36769230769231,24.740000000000002
2021-02-03 23:00:00,70.22,124.64,70.49230769230769,24.104615384615386
2021-02-04 00:00:00,71.28,112.08,68.6625,23.988333333333333
2021-02-04 01:00:00,67.55,98.87,69.02499999999999,23.402500000000003
2021-02-04 02:00:00,63.55,87.62,71.72153846153846,22.449230769230773
2021-02-04 03:00:00,57.83,77.2,72.62307692307694,22.27846153846154
2021-02-04 04:00:00,51.82,74.2,73.44307692307693,22.083846153846153
2021-02-04 05:00:00,64.78,86.75,74.75384615384615,21.763846153846153
2021-02-04 06:00:00,60.11,83.0,74.02692307692308,21.628461538461536
2021-02-04 07:00:00,67.64,85.39,73.1376923076923,21.584615384615386
2021-02-04 08:00:00,75.03,110.72,68.25999999999999,23.317692307692305
2021-02-04 09:00:00,83.75,129.75,56.134166666666665,26.829230769230772
2021-02-04 10:00:00,85.86,158.51,47.994166666666665,29.034615384615385
2021-02-04 11:00:00,70.3,141.56,43.68666666666666,30.866153846153846
2021-02-04 12:00:00,67.14,141.94,40.60538461538461,32.113571428571426
2021-02-04 13:00:00,62.7,135.89,45.28545454545454,32.26916666666667
2021-02-04 14:00:00,53.36,101.0,48.652307692307694,31.91428571428571
2021-02-04 15:00:00,76.97,162.0,49.65230769230769,31.476428571428567
2021-02-04 16:00:00,89.61,162.0,52.205000000000005,31.066153846153842
2021-02-04 17:00:00,90.14,162.8,59.00416666666666,29.092307692307692
2021-02-04 18:00:00,83.95,157.06,63.71615384615386,27.404999999999998
2021-02-04 19:00:00,76.09,147.65,68.38416666666666,26.303076923076922
2021-02-04 20:00:00,84.47,161.48,70.49846153846153,25.310000000000006
2021-02-04 21:00:00,79.11,147.6,69.94153846153847,24.687857142857137
2021-02-04 22:00:00,78.86,127.85,70.89384615384614,24.052857142857146
2021-02-04 23:00:00,80.72,133.42,69.84333333333335,23.989999999999995
2021-02-05 00:00:00,82.72,135.29,71.30250000000001,23.49692307692307
2021-02-05 01:00:00,88.17,254.71076923076922,74.10384615384615,22.612142857142857
2021-02-05 02:00:00,82.17,101.0,74.35615384615386,22.74285714285714
2021-02-05 03:00:00,76.56,113.07,75.50615384615384,22.457142857142856
2021-02-05 04:00:00,65.67,108.06,79.51692307692308,22.092142857142857
2021-02-05 05:00:00,59.68,96.43,80.27749999999999,21.75692307692308
2021-02-05 06:00:00,65.91,97.98,77.43083333333334,21.742307692307687
2021-02-05 07:00:00,63.55,99.0,77.13833333333334,21.305384615384614
2021-02-05 08:00:00,71.61,118.93,69.87923076923077,23.304285714285715
2021-02-05 09:00:00,74.7,127.0,58.23307692307692,26.44071428571429
2021-02-05 10:00:00,73.28,145.0,49.620000000000005,29.004615384615384
2021-02-05 11:00:00,84.22,159.86,47.322307692307696,29.92538461538462
2021-02-05 12:00:00,59.3,122.0,46.52153846153846,30.802307692307693
2021-02-05 13:00:00,43.8,95.0,47.95692307692308,31.0
2021-02-05 14:00:00,53.2,125.0,49.22923076923077,31.24142857142857
2021-02-05 15:00:00,52.42,112.0,50.12583333333333,30.793076923076917
2021-02-05 16:00:00,39.95,157.0253846153846,49.03153846153846,30.00142857142857
2021-02-05 17:00:00,39.72,85.06,52.21384615384614,28.91357142857143
2021-02-05 18:00:00,40.86,83.27,55.04076923076923,27.487857142857138
2021-02-05 19:00:00,42.74,91.41,59.505,26.353846153846156
2021-02-05 20:00:00,53.33,93.39,61.244166666666665,25.646153846153847
2021-02-05 21:00:00,55.86,90.02,58.93083333333333,24.95846153846154
2021-02-05 22:00:00,66.33,99.4,59.4923076923077,23.960714285714285
2021-02-05 23:00:00,50.78,82.87,58.95923076923077,23.287857142857145
2021-02-06 00:00:00,37.24,61.0,56.79692307692307,22.874999999999996
2021-02-06 01:00:00,35.72,64.56,52.04500000000001,23.103846153846156
2021-02-06 02:00:00,50.62,71.78,57.68692307692308,21.844285714285714
2021-02-06 03:00:00,40.08,62.64,59.464615384615385,21.527142857142856
2021-02-06 04:00:00,35.41,54.0,59.83615384615385,21.300000000000004
2021-02-06 05:00:00,41.89,65.16,61.09384615384616,20.95714285714286
2021-02-06 06:00:00,45.58,81.55,61.482307692307685,20.75857142857143
2021-02-06 07:00:00,52.91,150.44384615384615,61.46153846153846,20.814285714285717
2021-02-06 08:00:00,68.37857142857142,172.32000000000002,55.699230769230766,22.874999999999996
2021-02-06 09:00:00,83.22,193.0,46.96666666666667,26.181538461538462
2021-02-06 10:00:00,69.46,184.12,43.729166666666664,28.062307692307687
2021-02-06 11:00:00,67.0,175.73230769230773,40.44461538461538,30.109999999999996
2021-02-06 12:00:00,51.90230769230769,155.09833333333336,37.88153846153846,32.00071428571429
2021-02-06 13:00:00,58.0,153.0,35.51307692307692,33.34714285714286
2021-02-06 14:00:00,52.83,115.66,37.451538461538455,33.88285714285715
2021-02-06 15:00:00,43.39,94.04,42.916666666666664,33.23000000000001
2021-02-06 16:00:00,37.7,79.84,48.643076923076926,31.784285714285712
2021-02-06 17:00:00,48.2,109.0,50.40166666666668,30.79153846153846
2021-02-06 18:00:00,50.87,102.62,53.68307692307693,28.666428571428572
2021-02-06 19:00:00,59.6,110.56,58.58307692307692,27.407142857142855
2021-02-06 20:00:00,61.0,114.59,59.61083333333334,26.929230769230767
2021-02-06 21:00:00,54.97,95.87,57.26923076923077,26.44857142857143
2021-02-06 22:00:00,54.86,92.59,52.71000000000001,26.33923076923077
2021-02-06 23:00:00,55.86,94.59,50.23083333333333,25.93923076923077
2021-02-07 00:00:00,48.27,91.82,48.24545454545454,25.939166666666665
2021-02-07 01:00:00,42.7,83.83,47.88333333333335,25.618461538461535
2021-02-07 02:00:00,42.86,82.8,47.28461538461538,25.29071428571428
2021-02-07 03:00:00,43.87,84.18,47.49,25.064615384615387
2021-02-07 04:00:00,47.44,88.98,48.19909090909091,24.655833333333334
2021-02-07 05:00:00,48.86,85.25,47.9075,23.83692307692308
2021-02-07 06:00:00,49.86,83.18,48.6525,23.490769230769224
2021-02-07 07:00:00,50.0,89.35,49.01818181818182,23.32916666666667
2021-02-07 08:00:00,43.13,85.03,46.87416666666667,24.569999999999997
2021-02-07 09:00:00,48.89,96.54,42.2675,27.053076923076922
2021-02-07 10:00:00,49.14,109.57,38.94916666666666,28.993846153846157
2021-02-07 11:00:00,52.45,136.72,37.358999999999995,31.153636363636362
2021-02-07 12:00:00,52.14,124.0,35.589,32.74363636363636
2021-02-07 13:00:00,55.48,133.57,32.665,34.21923076923077
2021-02-07 14:00:00,49.11,116.07,35.223636363636366,34.41583333333333
2021-02-07 15:00:00,41.11,89.21,36.82333333333333,34.18615384615385
2021-02-07 16:00:00,40.0,81.17,43.01916666666667,32.54076923076923
2021-02-07 17:00:00,44.3,97.3,48.43272727272727,30.89333333333333
2021-02-07 18:00:00,46.72,97.02,53.33090909090909,28.829166666666666
2021-02-07 19:00:00,43.55,82.46,55.46916666666666,27.305384615384614
2021-02-07 20:00:00,49.03,94.0,56.04384615384616,26.497142857142855
2021-02-07 21:00:00,55.18,92.41,53.983000000000004,26.483636363636364
2021-02-07 22:00:00,46.5,83.26,52.653636363636366,26.054166666666664
2021-02-07 23:00:00,45.87,79.41,57.34166666666667,24.46846153846154
2021-02-08 00:00:00,53.75,94.89,62.78399999999999,23.68909090909091
2021-02-08 01:00:00,58.45,101.94,66.17,23.007272727272724
2021-02-08 02:00:00,54.7,93.64,62.17833333333334,22.944615384615386
2021-02-08 03:00:00,48.82,90.2,61.07750000000001,22.678461538461537
2021-02-08 04:00:00,57.47,92.39,60.33499999999999,22.35846153846154
2021-02-08 05:00:00,52.95,93.59,60.37727272727273,22.220000000000002
2021-02-08 06:00:00,53.72,,57.622307692307686,22.049285714285713
2021-02-08 07:00:00,61.77,,59.13666666666666,22.19538461538462
2021-02-08 08:00:00,69.88,,53.92083333333334,24.296923076923072
2021-02-08 09:00:00,73.58,,43.93083333333333,27.569999999999993
2021-02-08 10:00:00,82.61,,38.25692307692307,29.401538461538465
2021-02-08 11:00:00,75.39,,35.622499999999995,31.284615384615385
2021-02-08 12:00:00,67.11,,30.373076923076926,33.11428571428572
2021-02-08 13:00:00,59.97,,27.995384615384616,34.097857142857144
2021-02-08 14:00:00,48.7,,29.34769230769231,34.42
2021-02-08 15:00:00,59.05,,33.14923076923077,33.909285714285716
2021-02-08 16:00:00,42.92,,37.71692307692308,32.83642857142858
2021-02-08 17:00:00,40.0,,45.29230769230768,30.84285714285715
2021-02-08 18:00:00,36.55,,52.00769230769231,28.566428571428567
2021-02-08 19:00:00,35.14,,51.981666666666676,27.186153846153843
2021-02-08 20:00:00,34.14,,49.52916666666667,26.58
2021-02-08 21:00:00,39.17,,50.05833333333334,25.686153846153847
2021-02-08 22:00:00,44.3,,51.26615384615385,24.729285714285716
2021-02-08 23:00:00,45.0,,54.346923076923076,23.61285714285714
2021-02-09 00:00:00,49.29,,58.427692307692304,22.662857142857145
2021-02-09 01:00:00,68.2,,61.63076923076922,22.189999999999998
2021-02-09 02:00:00,87.36,,64.2523076923077,21.642142857142858
2021-02-09 03:00:00,83.11,,65.68416666666666,21.170769230769228
2021-02-09 04:00:00,74.28,,65.4575,21.004615384615384
2021-02-09 05:00:00,66.97,,62.34,21.414166666666663
2021-02-09 06:00:00,76.37,128.0,64.775,20.517272727272726
2021-02-09 07:00:00,89.19,143.15,64.12181818181817,20.756666666666664
2021-02-09 08:00:00,85.83,152.56,59.951818181818176,23.15416666666667
2021-02-09 09:00:00,97.06,175.0,46.94833333333333,27.69
2021-02-09 10:00:00,93.83,194.07,34.426153846153845,30.694999999999997
2021-02-09 11:00:00,78.36,171.0,30.1,32.67785714285714
2021-02-09 12:00:00,74.28,173.53,27.12,34.22071428571429
2021-02-09 13:00:00,53.28,131.51,30.247500000000002,34.5323076923077
2021-02-09 14:00:00,37.96,95.85,38.02833333333333,33.79461538461538
2021-02-09 15:00:00,46.33,102.12,40.37153846153846,33.32142857142857
2021-02-09 16:00:00,57.36,127.57,46.113076923076925,31.904999999999998
2021-02-09 17:00:00,55.55,130.06,49.19461538461538,30.234999999999996
2021-02-09 18:00:00,70.5,143.0,52.73923076923077,28.17214285714286
2021-02-09 19:00:00,62.67,132.63,57.26,26.696428571428573
2021-02-09 20:00:00,53.27,106.96,57.9175,26.14846153846154
2021-02-09 21:00:00,41.67,85.11,57.280833333333334,25.366153846153846
2021-02-09 22:00:00,39.14,76.23,57.61181818181819,24.492500000000003
2021-02-09 23:00:00,51.05,90.89,62.19909090909091,23.462500000000002
2021-02-10 00:00:00,55.58,100.56,64.97454545454546,22.668333333333337
2021-02-10 01:00:00,51.7,106.78,67.51545454545455,21.96166666666667
2021-02-10 02:00:00,53.58,101.0,69.57636363636362,21.485
2021-02-10 03:00:00,50.55,86.7,71.03999999999999,21.015833333333337
2021-02-10 04:00:00,56.89,100.0,70.92999999999999,20.766666666666666
2021-02-10 05:00:00,60.58,106.38,70.94272727272727,20.6225
2021-02-10 06:00:00,77.34,130.25,70.75,20.388333333333332
2021-02-10 07:00:00,81.72,125.64,69.06454545454545,20.53166666666667
2021-02-10 08:00:00,88.89,158.88,61.032500000000006,23.01153846153846
2021-02-10 09:00:00,107.2,202.95,47.8425,26.78153846153846
2021-02-10 10:00:00,91.92,183.74,41.09384615384616,29.665384615384614
2021-02-10 11:00:00,69.19,156.85,39.862307692307695,31.447142857142854
2021-02-10 12:00:00,78.06,170.89,39.83384615384615,32.323846153846155
2021-02-10 13:00:00,63.6,146.0,41.71307692307693,32.17461538461537
2021-02-10 14:00:00,71.52,179.0,43.48333333333333,31.8625
2021-02-10 15:00:00,84.19,182.99,50.11499999999999,32.103846153846156
2021-02-10 16:00:00,95.47,182.82,54.90307692307692,31.190714285714286
2021-02-10 17:00:00,80.64,162.0,62.33692307692307,29.485000000000003
2021-02-10 18:00:00,76.28,144.0,71.09615384615384,27.395000000000003
2021-02-10 19:00:00,90.69,165.0,71.79846153846155,26.06857142857143
2021-02-10 20:00:00,91.28,141.88,70.82153846153847,25.244285714285713
2021-02-10 21:00:00,100.47,159.04,74.10153846153845,24.332142857142856
2021-02-10 22:00:00,102.86,149.11,75.80692307692308,23.523571428571426
2021-02-10 23:00:00,89.22,137.06,76.61307692307692,22.897857142857152
2021-02-11 00:00:00,99.88,142.94,77.35846153846154,22.30214285714286
2021-02-11 01:00:00,89.08,127.52,78.37384615384616,21.619285714285713
2021-02-11 02:00:00,71.5,113.47,80.00461538461538,21.240000000000002
2021-02-11 03:00:00,58.67,97.45,80.73384615384614,20.868571428571425
2021-02-11 04:00:00,63.89,105.92,80.53076923076924,20.76285714285714
2021-02-11 05:00:00,94.28,153.0,79.80692307692308,20.59142857142857
2021-02-11 06:00:00,121.39,196.0,79.06769230769231,20.407857142857146
2021-02-11 07:00:00,150.83,227.09,77.72538461538461,20.552142857142854
2021-02-11 08:00:00,130.89,209.58,69.5646153846154,23.08785714285714
2021-02-11 09:00:00,133.89,208.94,56.990833333333335,26.709230769230775
2021-02-11 10:00:00,110.03,201.04,48.120000000000005,29.191428571428567
2021-02-11 11:00:00,88.78,170.99,41.5225,31.693076923076923
2021-02-11 12:00:00,85.14,209.644,41.14874999999999,33.75375
2021-02-11 13:00:00,80.69,184.25375,44.63249999999999,33.803749999999994
2021-02-11 14:00:00,56.75,134.54,41.34090909090909,34.63666666666666
2021-02-11 15:00:00,46.11,102.14,46.599999999999994,33.055
2021-02-11 16:00:00,68.25,146.25,49.13846153846153,32.01428571428572
2021-02-11 17:00:00,84.06,173.3,52.48384615384615,30.441428571428577
2021-02-11 18:00:00,87.72,169.08,56.25384615384615,28.554285714285708
2021-02-11 19:00:00,62.17,132.05,61.541538461538465,26.919999999999998
2021-02-11 20:00:00,59.72,114.2,67.51,25.905384615384612
2021-02-11 21:00:00,64.31,111.18,70.16615384615385,24.80785714285714
2021-02-11 22:00:00,66.72,127.0,71.49692307692308,24.068571428571428
2021-02-11 23:00:00,72.15,132.56,73.51583333333333,23.53153846153846
2021-02-12 00:00:00,76.44,118.11,76.01692307692308,22.89428571428571
2021-02-12 01:00:00,71.83,112.82,76.54461538461538,22.505714285714287
2021-02-12 02:00:00,62.39,96.91,76.65923076923076,22.167857142857148
2021-02-12 03:00:00,60.14,94.18,77.40692307692308,21.74785714285714
2021-02-12 04:00:00,70.33,104.0,78.11583333333334,21.71461538461538
2021-02-12 05:00:00,86.64,113.07,78.25333333333334,21.434615384615384
2021-02-12 06:00:00,90.72,158.0,77.47833333333334,21.375384615384615
2021-02-12 07:00:00,82.4,131.0,76.09916666666666,21.38153846153846
2021-02-12 08:00:00,79.28,141.0,70.7518181818182,23.25916666666667
2021-02-12 09:00:00,90.1,256.06416666666667,61.49666666666667,26.48769230769231
2021-02-12 10:00:00,147.8,244.92,52.87833333333333,29.065384615384616
2021-02-12 11:00:00,138.5,273.86,45.31636363636363,30.882727272727276
2021-02-12 12:00:00,121.36,243.46,46.17636363636364,32.04416666666666
2021-02-12 13:00:00,109.53,240.8,52.32363636363636,31.622500000000002
2021-02-12 14:00:00,120.02,263.25,54.302,31.71090909090909
2021-02-12 15:00:00,113.42,235.63,53.47666666666667,31.16923076923077
2021-02-12 16:00:00,83.58,185.19,55.54384615384615,30.849999999999998
2021-02-12 17:00:00,59.2,125.81,58.382500000000014,29.666153846153843
2021-02-12 18:00:00,51.7,118.0,67.30888888888889,28.014
2021-02-12 19:00:00,61.33,131.0,71.13900000000001,26.84090909090909
2021-02-12 20:00:00,64.72,122.0,76.10499999999999,26.543333333333333
2021-02-12 21:00:00,63.28,189.27,75.08857142857143,25.594285714285714
2021-02-12 22:00:00,66.44,113.0,74.51222222222222,24.623333333333335
2021-02-12 23:00:00,77.33,118.56,73.6975,23.96153846153846
2021-02-13 00:00:00,74.69,116.03,73.14153846153846,23.384285714285713
2021-02-13 01:00:00,58.5,85.5,72.46461538461539,22.888571428571428
2021-02-13 02:00:00,47.39,72.44,69.57416666666666,22.679230769230774
2021-02-13 03:00:00,46.86,62.16,64.52,22.68307692307692
2021-02-13 04:00:00,42.7,60.77,63.38727272727272,22.674166666666668
2021-02-13 05:00:00,59.22,92.98,67.62615384615385,21.714285714285715
2021-02-13 06:00:00,88.69,135.95,66.87181818181818,22.049166666666668
2021-02-13 07:00:00,82.67,132.29,66.55166666666668,21.821538461538466
2021-02-13 08:00:00,95.59,162.37,66.24666666666666,22.733076923076922
2021-02-13 09:00:00,97.14,186.04,50.30769230769231,27.340000000000003
2021-02-13 10:00:00,81.55,159.02,43.19461538461538,29.646428571428572
2021-02-13 11:00:00,64.38,115.38,41.31153846153846,31.19928571428571
2021-02-13 12:00:00,64.58,168.0,40.809999999999995,32.25642857142857
2021-02-13 13:00:00,84.81,197.4,46.149230769230776,32.42714285714286
2021-02-13 14:00:00,64.75,162.1,49.905,31.65
2021-02-13 15:00:00,53.25,127.96,57.117692307692316,31.177857142857142
2021-02-13 16:00:00,40.82,106.11,62.36,30.13285714285714
2021-02-13 17:00:00,39.0,98.82,67.21615384615384,28.93071428571429
2021-02-13 18:00:00,44.17,117.86,75.54769230769232,27.29
2021-02-13 19:00:00,47.58,108.7,79.38538461538464,26.239285714285717
2021-02-13 20:00:00,48.0,98.52,78.90307692307692,25.614285714285717
2021-02-13 21:00:00,48.86,94.0,79.69999999999999,24.997142857142858
2021-02-13 22:00:00,55.89,97.97,80.4976923076923,24.380714285714284
2021-02-13 23:00:00,65.61,96.62,80.94384615384615,23.98928571428571
2021-02-14 00:00:00,63.57,91.23,80.90692307692308,23.641428571428573
2021-02-14 01:00:00,59.55,91.59,80.74076923076925,23.441428571428567
2021-02-14 02:00:00,56.42,84.06,81.2376923076923,23.185000000000002
2021-02-14 03:00:00,56.0,84.38,81.87615384615385,22.805
2021-02-14 04:00:00,49.97,69.0,81.6346153846154,22.54571428571429
2021-02-14 05:00:00,44.71,61.0,82.57307692307691,22.21357142857143
2021-02-14 06:00:00,30.22,51.47,82.87153846153845,21.877857142857145
2021-02-14 07:00:00,45.28,76.01,82.38076923076923,21.863571428571426
2021-02-14 08:00:00,77.18,111.6,77.30999999999999,23.557692307692307
2021-02-14 09:00:00,75.11,119.0,70.30692307692308,26.225
2021-02-14 10:00:00,73.14,116.65,60.11666666666665,28.12846153846154
2021-02-14 11:00:00,42.0,86.15,54.945000000000014,29.927692307692308
2021-02-14 12:00:00,42.15,82.74,52.12583333333333,31.20923076923077
2021-02-14 13:00:00,66.22,130.69,55.064166666666665,31.449230769230766
2021-02-14 14:00:00,64.83,154.71,58.84,31.119999999999997
2021-02-14 15:00:00,56.25,121.45,61.32727272727273,30.506666666666664
2021-02-14 16:00:00,50.71,111.2,61.595,29.70538461538461
2021-02-14 17:00:00,54.29,112.59,64.99166666666667,28.34538461538462
2021-02-14 18:00:00,56.72,115.38,68.1225,26.999999999999996
2021-02-14 19:00:00,66.47,127.16,72.8876923076923,26.05785714285714
2021-02-14 20:00:00,72.31,126.0,72.43153846153845,25.647142857142853
2021-02-14 21:00:00,66.11,118.85,73.6923076923077,25.162142857142857
2021-02-14 22:00:00,59.83,104.33,72.68833333333332,24.40461538461539
2021-02-14 23:00:00,52.97,89.08,71.74333333333334,23.9776923076923
2021-02-15 00:00:00,40.84,80.45,70.70583333333333,23.70230769230769
2021-02-15 01:00:00,31.25,61.58,70.34416666666667,23.574615384615388
2021-02-15 02:00:00,17.98,37.21,72.91333333333333,23.123846153846156
2021-02-15 03:00:00,17.72,25.64,75.47083333333335,22.672307692307694
2021-02-15 04:00:00,17.14,20.5,78.05999999999999,22.38461538461538
2021-02-15 05:00:00,14.42,19.59,79.54083333333334,22.289999999999996
2021-02-15 06:00:00,22.58,27.15,80.09545454545456,22.152500000000003
2021-02-15 07:00:00,27.43,36.95,79.32,22.472499999999997
2021-02-15 08:00:00,15.95,35.03,76.69636363636364,23.75916666666667
2021-02-15 09:00:00,20.89,49.89,68.85181818181819,26.153333333333332
2021-02-15 10:00:00,40.02,76.25,64.17750000000001,28.42307692307692
2021-02-15 11:00:00,38.71,87.54,61.78916666666667,29.503076923076925
2021-02-15 12:00:00,42.3,92.5,61.345833333333324,30.28461538461538
2021-02-15 13:00:00,38.7,96.18,63.37333333333334,30.632307692307695
2021-02-15 14:00:00,42.3,108.92,65.23076923076923,30.307857142857138
2021-02-15 15:00:00,52.47,100.08,66.16230769230769,29.978571428571424
2021-02-15 16:00:00,52.28,109.71,65.495,29.459230769230768
2021-02-15 17:00:00,75.17,134.42,71.71461538461539,27.631428571428575
2021-02-15 18:00:00,72.13,128.12,76.58083333333333,26.290000000000003
2021-02-15 19:00:00,57.18,111.54,77.65615384615384,25.472142857142863
2021-02-15 20:00:00,57.58,101.0,75.17416666666666,24.98769230769231
2021-02-15 21:00:00,61.43,96.23,76.24083333333336,24.493846153846157
2021-02-15 22:00:00,58.57,86.26,78.10583333333334,24.06076923076923
2021-02-15 23:00:00,49.39,76.06,80.355,23.600769230769227
2021-02-16 00:00:00,43.71,61.33,82.92,23.319230769230764
2021-02-16 01:00:00,30.12,42.11,84.28833333333334,23.097692307692306
2021-02-16 02:00:00,24.57,34.04,85.49833333333333,22.88538461538462
2021-02-16 03:00:00,24.86,33.0,86.73083333333334,22.652307692307694
2021-02-16 04:00:00,21.57,28.29,87.64166666666667,22.5423076923077
2021-02-16 05:00:00,18.42,26.59,88.48166666666667,22.321538461538463
2021-02-16 06:00:00,21.45,26.2,92.19,21.930833333333336
2021-02-16 07:00:00,22.0,32.36,92.46,21.9325
2021-02-16 08:00:00,40.08,53.0,89.0,23.37833333333333
2021-02-16 09:00:00,60.22,75.42,79.20333333333333,25.927692307692304
2021-02-16 10:00:00,32.9,58.55,72.23083333333334,27.605
2021-02-16 11:00:00,24.55,51.41,68.89333333333333,28.904615384615383
2021-02-16 12:00:00,30.89,64.46,69.08583333333333,29.227692307692312
2021-02-16 13:00:00,36.3,79.08,68.73181818181818,29.8925
2021-02-16 14:00:00,39.58,92.29,69.11333333333333,29.489230769230765
2021-02-16 15:00:00,33.11,68.03,69.96583333333334,28.322499999999994
2021-02-16 16:00:00,36.3,68.62,71.8275,27.56833333333333
2021-02-16 17:00:00,33.57,61.29,74.68583333333335,26.425
2021-02-16 18:00:00,37.3,76.34,77.94500000000001,25.531538461538464
2021-02-16 19:00:00,36.28,73.85,79.09272727272727,24.924166666666668
2021-02-16 20:00:00,42.87,73.59,79.82083333333333,24.56153846153847
2021-02-16 21:00:00,46.58,74.8,78.63583333333334,24.285384615384608
2021-02-16 22:00:00,61.59,78.96,78.57,23.97461538461539
2021-02-16 23:00:00,59.71,83.18,79.71909090909091,23.78
2021-02-17 00:00:00,51.27,67.0,81.00916666666667,23.15461538461538
2021-02-17 01:00:00,47.42,59.85,82.43545454545455,22.920833333333334
2021-02-17 02:00:00,40.13,50.85,83.65333333333334,22.46538461538461
2021-02-17 03:00:00,30.39,35.54,84.94333333333334,22.319230769230767
2021-02-17 04:00:00,29.0,31.5,85.925,22.174615384615382
2021-02-17 05:00:00,22.12,31.91,86.86666666666667,21.90538461538462
2021-02-17 06:00:00,39.88,47.51,87.42916666666667,21.626923076923074
2021-02-17 07:00:00,38.71,42.29,87.18416666666667,21.680000000000003
2021-02-17 08:00:00,47.44,67.01,82.6675,23.47153846153846
2021-02-17 09:00:00,61.02,92.27,74.63636363636364,26.254166666666666
2021-02-17 10:00:00,39.75,66.81,65.41833333333334,27.81230769230769
2021-02-17 11:00:00,46.3,74.83,60.645,29.443076923076923
2021-02-17 12:00:00,62.64,116.0,62.636,30.566363636363636
2021-02-17 13:00:00,58.99,100.11,64.70833333333333,29.939999999999998
2021-02-17 14:00:00,42.52,103.15,65.77416666666667,29.963076923076926
2021-02-17 15:00:00,38.28,72.43,66.54416666666667,29.61
2021-02-17 16:00:00,35.42,69.56,67.55,28.89923076923077
2021-02-17 17:00:00,41.03,71.79,69.72083333333333,27.857692307692307
2021-02-17 18:00:00,60.88,98.5,71.34916666666668,26.79
2021-02-17 19:00:00,70.01,113.04,73.87166666666667,26.033076923076923
2021-02-17 20:00:00,74.44,107.25,75.52727272727272,25.780833333333334
2021-02-17 21:00:00,82.72,103.62,76.54,25.133846153846154
2021-02-17 22:00:00,93.44,113.33,78.1025,24.477692307692305
2021-02-17 23:00:00,120.83,139.83,79.7075,23.94076923076923
2021-02-18 00:00:00,97.53,111.0,80.685,23.62230769230769
2021-02-18 01:00:00,102.44,126.04,81.59083333333334,23.37
2021-02-18 02:00:00,107.44,122.08,82.28833333333334,23.13923076923077
2021-02-18 03:00:00,108.86,122.38,82.96583333333332,22.91615384615384
2021-02-18 04:00:00,109.0,135.71,83.39333333333333,22.70615384615385
2021-02-18 05:00:00,111.58,130.26,83.24916666666668,22.549999999999997
2021-02-18 06:00:00,108.57,120.34,82.54166666666667,22.349999999999998
2021-02-18 07:00:00,122.64,153.87,81.91666666666667,22.450769230769232
2021-02-18 08:00:00,125.0,177.49,78.49249999999999,24.00230769230769
2021-02-18 09:00:00,161.05,245.92,68.10916666666667,26.976923076923075
2021-02-18 10:00:00,152.41,232.12,58.22333333333332,29.814615384615383
2021-02-18 11:00:00,119.0,193.92,52.55166666666667,31.650769230769235
2021-02-18 12:00:00,99.41,166.17,50.93416666666667,32.50769230769231
2021-02-18 13:00:00,100.44,160.21,53.67416666666667,32.501538461538466
2021-02-18 14:00:00,84.69,180.0,58.49454545454546,32.277499999999996
2021-02-18 15:00:00,100.94,178.0,59.03916666666668,31.669999999999995
2021-02-18 16:00:00,98.85,170.88,62.471666666666664,30.83153846153846
2021-02-18 17:00:00,91.97,149.93,66.36666666666666,29.712307692307693
2021-02-18 18:00:00,81.56,133.89,70.70583333333332,28.427692307692308
2021-02-18 19:00:00,88.58,138.94,72.475,27.66
2021-02-18 20:00:00,84.85,130.67,70.04916666666666,25.759999999999998
2021-02-18 21:00:00,57.44,222.5,70.42545454545454,24.010833333333334
2021-02-18 22:00:00,42.7,105.54,71.44909090909091,23.578333333333337
2021-02-18 23:00:00,41.86,52.25,69.87454545454545,23.715000000000003
2021-02-19 00:00:00,34.3,48.62,68.5009090909091,23.899999999999995
2021-02-19 01:00:00,36.45,52.75,69.60545454545455,23.77083333333334
2021-02-19 02:00:00,45.6,72.21,70.91818181818181,23.51833333333333
2021-02-19 03:00:00,47.0,73.82,69.65727272727273,23.342499999999998
2021-02-19 04:00:00,36.7,50.83,68.74545454545455,23.174999999999997
2021-02-19 05:00:00,51.36,66.0,67.65181818181819,23.084166666666665
2021-02-19 06:00:00,39.31,61.27,65.59,23.214999999999993
2021-02-19 07:00:00,43.03,57.62,63.54545454545455,23.498333333333335
2021-02-19 08:00:00,44.0,65.74,61.048,24.902727272727272
2021-02-19 09:00:00,47.45,87.0,60.18333333333334,26.828461538461543
2021-02-19 10:00:00,55.73,110.27,54.97999999999999,28.783846153846152
2021-02-19 11:00:00,57.86,109.45,50.68166666666667,30.449999999999996
2021-02-19 12:00:00,54.57,101.0,46.84166666666667,31.804615384615392
2021-02-19 13:00:00,43.67,79.32,44.51333333333333,32.74923076923077
2021-02-19 14:00:00,42.0,72.62,46.42249999999999,33.03153846153846
2021-02-19 15:00:00,36.85,65.67,53.563333333333325,31.87230769230769
2021-02-19 16:00:00,43.73,74.29,58.65500000000001,30.930769230769233
2021-02-19 17:00:00,46.72,93.74,64.78333333333332,29.26230769230769
2021-02-19 18:00:00,48.72,90.85,66.53916666666667,28.064615384615387
2021-02-19 19:00:00,47.28,93.75,68.11916666666666,27.163846153846155
2021-02-19 20:00:00,52.15,93.41,67.52083333333333,26.656923076923075
2021-02-19 21:00:00,42.7,75.52,69.16666666666666,26.072307692307696
2021-02-19 22:00:00,47.01,68.62,71.15916666666666,25.602307692307697
2021-02-19 23:00:00,45.42,67.2,72.385,25.23615384615385
2021-02-20 00:00:00,69.03,126.38,72.32333333333334,24.919230769230772
2021-02-20 01:00:00,80.75,138.83,72.17416666666668,24.47846153846154
2021-02-20 02:00:00,82.86,140.38,72.38083333333334,23.896153846153844
2021-02-20 03:00:00,65.83,118.83,71.68166666666666,23.28153846153846
2021-02-20 04:00:00,57.83,103.47,72.83,22.697692307692304
2021-02-20 05:00:00,57.0,101.59,73.52583333333334,22.288461538461544
2021-02-20 06:00:00,56.14,90.08,72.48333333333333,22.242307692307694
2021-02-20 07:00:00,51.7,76.69,68.77333333333334,22.541538461538458
2021-02-20 08:00:00,45.85,76.38,62.81666666666667,24.85230769230769
2021-02-20 09:00:00,50.17,88.88,52.46545454545455,27.732499999999998
2021-02-20 10:00:00,44.11,91.0,44.93333333333334,29.889230769230775
2021-02-20 11:00:00,36.13,79.0,42.30916666666666,31.186923076923076
2021-02-20 12:00:00,22.12,68.71,40.36833333333334,32.0476923076923
2021-02-20 13:00:00,29.47,58.86,37.852500000000006,33.076153846153844
2021-02-20 14:00:00,27.57,62.56,36.5275,33.63076923076923
2021-02-20 15:00:00,32.17,55.25,41.99166666666667,33.21153846153846
2021-02-20 16:00:00,27.85,54.54,51.895833333333336,31.23076923076923
2021-02-20 17:00:00,27.86,70.25,56.821666666666665,29.93153846153846
2021-02-20 18:00:00,30.57,70.82,63.416666666666664,28.57692307692308
2021-02-20 19:00:00,31.86,62.08,65.15,27.674615384615386
2021-02-20 20:00:00,42.33,66.0,65.69916666666667,26.877692307692307
2021-02-20 21:00:00,42.28,79.0,65.6309090909091,26.59166666666667
2021-02-20 22:00:00,48.01,86.92,64.29583333333333,26.088461538461537
2021-02-20 23:00:00,73.03,111.96,59.52833333333333,26.01846153846154
2021-02-21 00:00:00,60.75,93.46,58.00363636363636,25.830833333333334
2021-02-21 01:00:00,47.7,71.17,57.8525,25.361538461538462
2021-02-21 02:00:00,35.7,53.54,57.1575,25.23461538461538
2021-02-21 03:00:00,35.72,56.41,58.63636363636363,25.150833333333335
2021-02-21 04:00:00,38.58,61.59,59.98749999999999,24.702307692307688
2021-02-21 05:00:00,49.33,78.68,60.480833333333344,24.404615384615383
2021-02-21 06:00:00,64.73,105.96,60.25583333333333,24.336923076923078
2021-02-21 07:00:00,66.14,106.46,60.49750000000001,24.529999999999998
2021-02-21 08:00:00,69.43,110.54,57.044999999999995,26.376923076923074
2021-02-21 09:00:00,63.13,103.0,50.431666666666665,29.31846153846154
2021-02-21 10:00:00,63.72,115.0,44.892500000000005,31.573846153846155
2021-02-21 11:00:00,55.42,111.04,42.79833333333334,32.77384615384615
2021-02-21 12:00:00,47.13,98.12,40.5025,33.86692307692307
2021-02-21 13:00:00,39.99,79.17,38.53416666666666,34.79153846153846
2021-02-21 14:00:00,34.71,70.91,39.222500000000004,34.90538461538461
2021-02-21 15:00:00,34.86,62.46,42.26,34.494166666666665
2021-02-21 16:00:00,39.29,63.38,47.51583333333334,33.31307692307693
2021-02-21 17:00:00,47.73,82.27,52.46833333333333,31.91846153846154
2021-02-21 18:00:00,53.29,106.07,58.894545454545444,30.048333333333332
2021-02-21 19:00:00,45.39,94.41,57.1975,28.470000000000002
2021-02-21 20:00:00,51.73,90.79,57.36545454545455,28.56416666666667
2021-02-21 21:00:00,49.57,82.29,56.294166666666676,27.93615384615385
2021-02-21 22:00:00,42.97,71.29,60.49181818181819,27.201666666666668
2021-02-21 23:00:00,40.28,73.75,65.6790909090909,26.215833333333332
2021-02-22 00:00:00,46.84,72.62,67.65833333333335,25.125
2021-02-22 01:00:00,48.86,72.0,68.43666666666667,24.880769230769225
2021-02-22 02:00:00,62.73,117.0,66.80250000000001,24.75076923076923
2021-02-22 03:00:00,62.42,102.7,66.67090909090909,24.85083333333333
2021-02-22 04:00:00,64.58,92.67,64.64750000000001,24.753076923076925
2021-02-22 05:00:00,62.42,96.54,64.74749999999999,24.538461538461544
2021-02-22 06:00:00,72.3,107.5,64.96749999999999,24.41846153846154
2021-02-22 07:00:00,64.56,100.47,64.68416666666666,24.598461538461535
2021-02-22 08:00:00,69.01,109.88,60.50749999999999,26.855000000000004
2021-02-22 09:00:00,71.72,118.25,52.73250000000001,30.13692307692308
2021-02-22 10:00:00,79.75,154.46,49.29083333333333,32.16615384615385
2021-02-22 11:00:00,67.27,134.4,46.40916666666667,33.61538461538461
2021-02-22 12:00:00,63.28,127.8,43.96333333333334,34.74153846153846
2021-02-22 13:00:00,60.42,131.96,44.40333333333333,35.067692307692305
2021-02-22 14:00:00,55.71,119.54,47.517500000000005,34.74
2021-02-22 15:00:00,74.81,122.33,50.43666666666667,34.284615384615385
2021-02-22 16:00:00,58.2,115.0,54.75333333333333,32.442499999999995
2021-02-22 17:00:00,47.25,96.0,58.078333333333326,31.143333333333327
2021-02-22 18:00:00,45.14,91.8,62.916666666666664,30.099230769230772
2021-02-22 19:00:00,43.28,82.5,65.48583333333335,29.081538461538457
2021-02-22 20:00:00,49.87,80.79,64.05666666666666,28.423076923076923
2021-02-22 21:00:00,43.27,68.75,61.57749999999999,28.094615384615388
2021-02-22 22:00:00,42.86,67.93,61.0725,27.629230769230773
2021-02-22 23:00:00,39.57,61.29,62.33583333333334,26.928461538461534
2021-02-23 00:00:00,33.87,59.79,65.05363636363636,26.344166666666666
2021-02-23 01:00:00,41.58,52.08,65.58583333333333,25.673846153846156
2021-02-23 02:00:00,42.14,55.0,67.45833333333333,25.193076923076923
2021-02-23 03:00:00,40.28,50.23,69.48833333333333,24.798461538461538
2021-02-23 04:00:00,43.45,56.12,70.9425,24.159166666666668
2021-02-23 05:00:00,46.58,62.75,72.85583333333334,24.033846153846152
2021-02-23 06:00:00,56.44,77.46,73.49000000000001,23.788461538461544
2021-02-23 07:00:00,57.14,78.0,72.82166666666667,24.06692307692308
2021-02-23 08:00:00,61.29,100.17,68.2175,26.03538461538462
2021-02-23 09:00:00,94.62,157.64,59.205000000000005,29.157692307692308
2021-02-23 10:00:00,123.17,213.75,54.67000000000001,31.008333333333336
2021-02-23 11:00:00,127.0,225.0,50.9,32.91416666666667
2021-02-23 12:00:00,87.41000000000001,221.45545454545456,47.610833333333325,34.119166666666665
2021-02-23 13:00:00,68.0,118.0,49.7525,34.62461538461538
2021-02-23 14:00:00,54.27,89.5,51.246,34.229
2021-02-23 15:00:00,94.92,170.67,51.13083333333333,34.28846153846154
2021-02-23 16:00:00,102.86,186.08,52.19499999999999,33.64615384615385
2021-02-23 17:00:00,100.42,172.12,59.93166666666667,31.87538461538462
2021-02-23 18:00:00,83.69,159.67,60.80916666666666,30.254615384615384
2021-02-23 19:00:00,81.0,128.46,58.67416666666668,29.314615384615387
2021-02-23 20:00:00,67.27,100.62,60.7125,28.66076923076923
2021-02-23 21:00:00,67.58,98.17,61.90999999999999,27.965384615384615
2021-02-23 22:00:00,61.97,107.71,64.87916666666666,27.13692307692308
2021-02-23 23:00:00,67.01,106.82,67.58833333333334,26.523846153846154
2021-02-24 00:00:00,69.72,107.58,71.11666666666666,25.950000000000003
2021-02-24 01:00:00,78.58,123.0,72.69333333333333,25.376153846153848
2021-02-24 02:00:00,82.58,132.5,73.795,25.033076923076923
2021-02-24 03:00:00,72.7,113.7,75.3475,24.573076923076922
2021-02-24 04:00:00,83.88,119.08,76.81,24.401538461538465
2021-02-24 05:00:00,92.87,135.46,77.38583333333332,24.213076923076922
2021-02-24 06:00:00,85.42,131.42,77.64833333333333,23.936153846153843
2021-02-24 07:00:00,93.44,132.33,76.74600000000001,24.522727272727273
2021-02-24 08:00:00,102.72,150.62,71.59666666666665,26.252307692307696
2021-02-24 09:00:00,107.43,168.46,59.810833333333335,29.556153846153848
2021-02-24 10:00:00,124.36,227.42,50.53916666666667,32.46615384615385
2021-02-24 11:00:00,114.94,223.0,45.16083333333333,34.46846153846155
2021-02-24 12:00:00,83.91,134.0,44.379999999999995,35.346923076923076
2021-02-24 13:00:00,69.59,117.38,43.45727272727273,35.945
2021-02-24 14:00:00,76.58,138.33,44.3225,35.37461538461538
2021-02-24 15:00:00,86.61,155.29,48.37833333333333,34.7
2021-02-24 16:00:00,76.02,133.46,47.04916666666666,34.183076923076925
2021-02-24 17:00:00,67.13,127.0,48.2725,32.948461538461544
2021-02-24 18:00:00,66.86,121.75,52.215,31.235384615384614
2021-02-24 19:00:00,60.99,99.79,55.1925,29.96
2021-02-24 20:00:00,55.71,90.34,56.277499999999996,29.239999999999995
2021-02-24 21:00:00,67.88,100.41,58.979166666666664,28.416923076923073
2021-02-24 22:00:00,64.85,104.79,60.37583333333333,27.64923076923077
2021-02-24 23:00:00,81.17,126.38,63.48166666666666,26.96153846153846
2021-02-25 00:00:00,61.68,89.4,66.01333333333334,26.25615384615385
2021-02-25 01:00:00,46.84,68.5,68.31636363636363,25.904166666666665
2021-02-25 02:00:00,45.0,59.69,72.66615384615385,25.644285714285708
2021-02-25 03:00:00,56.16,83.33,72.18461538461538,25.287142857142857
2021-02-25 04:00:00,62.29,82.88,72.46384615384616,24.797857142857143
2021-02-25 05:00:00,54.42,65.17,71.43230769230769,24.477857142857143
2021-02-25 06:00:00,54.72,67.31,72.21750000000002,24.321538461538466
2021-02-25 07:00:00,59.29,72.48,70.17076923076922,24.41
2021-02-25 08:00:00,70.3,113.0,63.855,26.783076923076926
2021-02-25 09:00:00,79.74,135.62,51.839166666666664,29.963846153846152
2021-02-25 10:00:00,90.44,141.38,44.635384615384616,32.31857142857144
2021-02-25 11:00:00,101.41,166.54,43.060769230769225,33.62571428571429
2021-02-25 12:00:00,77.25,161.92,47.646363636363624,34.26083333333333
2021-02-25 13:00:00,85.88,144.5,49.01500000000001,34.42000000000001
2021-02-25 14:00:00,68.3,127.8,49.474999999999994,34.45538461538461
2021-02-25 15:00:00,67.58,112.12,52.04666666666666,33.54923076923076
2021-02-25 16:00:00,59.42,86.0,53.43416666666666,32.934615384615384
2021-02-25 17:00:00,42.52,68.0,55.306999999999995,32.13181818181818
2021-02-25 18:00:00,36.57,64.83,57.23666666666666,30.37384615384616
2021-02-25 19:00:00,35.14,56.08,56.772000000000006,29.761818181818175
2021-02-25 20:00:00,33.28,42.12,58.095000000000006,28.74846153846154
2021-02-25 21:00:00,41.65846153846154,104.1175,58.156666666666666,28.062307692307698
2021-02-25 22:00:00,48.0,56.0,59.907500000000006,27.235384615384614
2021-02-25 23:00:00,35.43,50.09,66.33416666666666,26.290769230769232
2021-02-26 00:00:00,19.0,22.0,71.0225,25.85230769230769
2021-02-26 01:00:00,23.3,31.5,79.31166666666667,25.51307692307693
2021-02-26 02:00:00,47.13,75.17,82.32583333333332,24.972499999999997
2021-02-26 03:00:00,44.13,81.67,83.50833333333333,24.553333333333338
2021-02-26 04:00:00,39.57,52.0,83.85818181818182,24.747500000000002
2021-02-26 05:00:00,41.17,47.02,82.7790909090909,24.43916666666667
2021-02-26 06:00:00,50.627272727272725,117.04727272727273,77.02,24.19333333333333
2021-02-26 07:00:00,56.07818181818182,127.03800000000001,71.12545454545456,24.281818181818178
2021-02-26 08:00:00,35.99,50.34,63.06636363636364,26.864545454545453
2021-02-26 09:00:00,54.74,111.0,53.1709090909091,29.44090909090909
2021-02-26 10:00:00,46.84,94.38,46.168333333333344,31.748333333333335
2021-02-26 11:00:00,46.72,90.59,46.402307692307694,32.72785714285714
2021-02-26 12:00:00,35.84,82.31,47.43307692307691,33.66142857142857
2021-02-26 13:00:00,39.15,90.29,49.559999999999995,33.77571428571429
2021-02-26 14:00:00,41.72,97.0,47.99615384615385,33.97142857142857
2021-02-26 15:00:00,37.7,101.0,46.07923076923077,33.97785714285714
2021-02-26 16:00:00,33.57,89.17,46.879230769230766,32.972857142857144
2021-02-26 17:00:00,35.57,90.73,45.39166666666667,32.13692307692307
2021-02-26 18:00:00,30.85,81.71,52.024166666666666,29.955384615384613
2021-02-26 19:00:00,46.31,119.0,59.87307692307692,28.289285714285715
2021-02-26 20:00:00,47.28,113.46,67.2,27.214999999999996
2021-02-26 21:00:00,43.57,93.79,73.56692307692308,26.356428571428573
2021-02-26 22:00:00,54.16,100.83,77.03461538461538,25.764285714285712
2021-02-26 23:00:00,48.27,90.0,77.8953846153846,25.342857142857145
2021-02-27 00:00:00,35.88,55.0,78.24076923076925,24.958571428571435
2021-02-27 01:00:00,26.27,49.48,79.37769230769231,24.590000000000003
2021-02-27 02:00:00,24.14,47.21,81.25363636363636,24.525000000000002
2021-02-27 03:00:00,23.14,50.95,83.08555555555557,24.163999999999998
2021-02-27 04:00:00,24.72,47.34,83.9675,23.23125
2021-02-27 05:00:00,18.13,36.0,89.0788888888889,23.39333333333333
2021-02-27 06:00:00,33.36,55.72,85.57111111111111,23.543
2021-02-27 07:00:00,47.16,68.92,81.96199999999999,23.172000000000004
2021-02-27 08:00:00,59.3,107.42,73.39777777777778,26.134000000000004
2021-02-27 09:00:00,61.86,129.0,60.712857142857146,29.58625
2021-02-27 10:00:00,72.3,168.58,52.096923076923076,31.690714285714286
2021-02-27 11:00:00,73.11,172.03,51.49846153846154,32.95
2021-02-27 12:00:00,70.42,168.0,54.559999999999995,33.548571428571435
2021-02-27 13:00:00,48.54,102.0,56.804545454545455,33.85916666666667
2021-02-27 14:00:00,47.58,102.0,58.869230769230775,33.32142857142856
2021-02-27 15:00:00,40.27,88.0,57.2023076923077,33.11214285714286
2021-02-27 16:00:00,39.0,105.42,51.722307692307695,33.07
2021-02-27 17:00:00,37.28,84.75,51.47461538461538,32.53214285714286
2021-02-27 18:00:00,32.71,77.21,57.40416666666666,31.160000000000004
2021-02-27 19:00:00,36.28,78.0,61.35583333333333,29.622307692307693
2021-02-27 20:00:00,39.58,70.08,59.55,28.89785714285714
2021-02-27 21:00:00,41.71,83.78,61.30583333333334,28.10846153846154
2021-02-27 22:00:00,41.14,79.32,63.76846153846154,27.309285714285714
2021-02-27 23:00:00,47.0,91.2,68.87181818181818,26.7475
2021-02-28 00:00:00,60.88,105.25,73.89,26.148333333333337
2021-02-28 01:00:00,57.86,87.42,76.02272727272728,25.5625
2021-02-28 02:00:00,44.12,63.51,76.09333333333335,25.013076923076923
2021-02-28 03:00:00,37.71,54.73,77.3275,24.782307692307693
2021-02-28 04:00:00,33.57,55.21,77.28583333333333,24.319999999999997
2021-02-28 05:00:00,33.86,62.1,76.52833333333332,23.926923076923078
2021-02-28 06:00:00,40.87,56.11,76.16916666666667,23.472307692307695
2021-02-28 07:00:00,37.71,47.67,75.39916666666669,23.810000000000002
2021-02-28 08:00:00,44.73,68.17,62.97099999999999,26.670909090909092
2021-02-28 09:00:00,56.3,103.0,50.89818181818182,30.188333333333336
2021-02-28 10:00:00,81.17,153.67,42.46636363636364,33.288333333333334
2021-02-28 11:00:00,68.69,137.71,42.098181818181814,34.53583333333333
2021-02-28 12:00:00,60.85,137.92,46.188,34.57818181818182
2021-02-28 13:00:00,37.68,90.23,46.998333333333335,34.75230769230769
2021-02-28 14:00:00,50.36,109.39,48.75181818181818,34.02636363636364
2021-02-28 15:00:00,53.0,119.16,49.04750000000001,33.67000000000001
2021-02-28 16:00:00,59.87,128.68,49.78636363636363,33.287272727272736
2021-02-28 17:00:00,73.88,126.27,52.70249999999999,33.24076923076923
2021-02-28 18:00:00,119.63,162.08,58.61272727272728,31.696666666666662
2021-02-28 19:00:00,90.95,123.09,57.822307692307696,30.21857142857143
2021-02-28 20:00:00,47.23,72.79,59.423333333333325,29.45923076923077
2021-02-28 21:00:00,37.57,64.58,61.24,28.653076923076927
2021-02-28 22:00:00,32.71,64.21,63.018333333333324,27.510833333333334
2021-02-28 23:00:00,50.88,84.51,63.43000000000001,27.03
2021-03-01 00:00:00,46.3,83.0,64.89083333333333,26.735
2021-03-01 01:00:00,59.59,67.0,65.50846153846155,26.493076923076924
2021-03-01 02:00:00,41.4,52.01,66.34083333333334,26.283333333333335
2021-03-01 03:00:00,43.15,55.92,64.97833333333332,26.155833333333334
2021-03-01 04:00:00,47.42,61.95,63.254166666666656,25.902500000000003
2021-03-01 05:00:00,52.28,66.94,64.45818181818181,25.30636363636364
2021-03-01 06:00:00,50.43,67.21,66.41250000000001,24.75666666666667
2021-03-01 07:00:00,55.13,72.52,68.35636363636364,24.40272727272727
2021-03-01 08:00:00,63.73,100.12,61.55583333333333,27.16333333333333
2021-03-01 09:00:00,99.33,130.69,50.78333333333333,31.165000000000003
2021-03-01 10:00:00,93.88,147.21,45.95153846153846,33.606153846153845
2021-03-01 11:00:00,54.23,118.5,46.57307692307692,34.57
2021-03-01 12:00:00,42.01,94.0,49.078461538461525,34.94692307692307
2021-03-01 13:00:00,32.42,86.88,49.06461538461539,34.88461538461537
2021-03-01 14:00:00,69.7,146.0,50.61384615384616,34.863076923076925
2021-03-01 15:00:00,68.3,127.07,50.662307692307685,34.74153846153846
2021-03-01 16:00:00,72.13,133.05,52.48230769230769,33.92076923076923
2021-03-01 17:00:00,83.27,136.79,56.283076923076926,32.55769230769231
2021-03-01 18:00:00,90.15,138.58,60.70249999999999,30.955
2021-03-01 19:00:00,74.69,131.11,65.52153846153847,29.583846153846146
2021-03-01 20:00:00,72.86,131.31,67.85307692307694,28.837692307692308
2021-03-01 21:00:00,80.7,141.75,65.69538461538461,28.50615384615385
2021-03-01 22:00:00,75.99,136.21,65.17923076923077,28.03846153846154
2021-03-01 23:00:00,59.6,118.8,67.23461538461538,27.305384615384618
2021-03-02 00:00:00,61.28,103.95,67.28750000000001,27.175
2021-03-02 01:00:00,53.43,97.07,69.4775,26.749166666666664
2021-03-02 02:00:00,62.27,101.52,70.745,26.586666666666662
2021-03-02 03:00:00,70.01,119.57,71.49000000000001,25.85083333333333
2021-03-02 04:00:00,84.73,137.0,73.39333333333333,25.021666666666665
2021-03-02 05:00:00,71.6,121.17,73.52583333333332,24.618333333333336
2021-03-02 06:00:00,53.6,95.67,73.49749999999999,24.415000000000003
2021-03-02 07:00:00,49.29,90.79,75.63916666666665,24.44666666666667
2021-03-02 08:00:00,72.95,135.97,66.65499999999999,27.753333333333334
2021-03-02 09:00:00,73.58,147.21,54.07416666666668,31.38083333333333
2021-03-02 10:00:00,113.21,221.16,43.958333333333336,33.895
2021-03-02 11:00:00,71.08,147.12,35.988461538461536,35.63230769230769
2021-03-02 12:00:00,32.1,85.6,42.03083333333333,35.29749999999999
2021-03-02 13:00:00,27.86,54.27,43.8775,34.90083333333333
2021-03-02 14:00:00,54.56,98.75,44.935,34.71666666666667
2021-03-02 15:00:00,59.0,97.59,44.73,34.333333333333336
2021-03-02 16:00:00,48.7,111.36,45.34,33.60692307692308
2021-03-02 17:00:00,29.83,72.61,45.3,32.38846153846154
2021-03-02 18:00:00,33.85,67.0,46.18461538461539,30.64307692307693
2021-03-02 19:00:00,51.31,76.47,46.90538461538461,29.341538461538455
2021-03-02 20:00:00,39.45,61.64,46.566923076923075,28.456923076923076
2021-03-02 21:00:00,33.58,47.5,43.58461538461539,27.568461538461538
2021-03-02 22:00:00,37.29,46.58,43.13,26.473076923076924
2021-03-02 23:00:00,46.58,69.09,46.47916666666666,25.758333333333336
2021-03-03 00:00:00,48.0,73.43,51.07307692307692,25.156923076923075
2021-03-03 01:00:00,53.13,66.06,54.68615384615384,24.959230769230768
2021-03-03 02:00:00,62.58,83.09,54.659230769230774,24.926923076923075
2021-03-03 03:00:00,58.01,92.16,52.93769230769231,24.763846153846153
2021-03-03 04:00:00,45.02,61.45,51.72769230769231,24.408461538461538
2021-03-03 05:00:00,40.42,56.16,53.385,23.834166666666665
2021-03-03 06:00:00,64.89,96.44,56.60833333333333,23.176666666666666
2021-03-03 07:00:00,69.0,104.62,57.55833333333333,23.376666666666665
2021-03-03 08:00:00,81.02,123.67,51.27,26.51583333333333
2021-03-03 09:00:00,98.45,163.0,40.79333333333333,30.7825
2021-03-03 10:00:00,89.84,155.08,36.056153846153855,33.371538461538464
2021-03-03 11:00:00,67.47,126.0,34.644615384615385,35.37153846153846
2021-03-03 12:00:00,81.97,151.25,35.950769230769225,36.356923076923074
2021-03-03 13:00:00,70.41,126.33,40.84538461538462,36.16846153846154
2021-03-03 14:00:00,56.84,110.88,41.83692307692308,36.54384615384616
2021-03-03 15:00:00,80.75,123.2,45.29615384615386,35.56153846153847
2021-03-03 16:00:00,87.58,179.85,50.83846153846154,34.00538461538462
2021-03-03 17:00:00,88.0,175.85,58.709230769230764,31.81538461538461
2021-03-03 18:00:00,93.13,166.0,66.2423076923077,29.57615384615385
2021-03-03 19:00:00,78.6,150.96,68.5023076923077,28.39923076923077
2021-03-03 20:00:00,73.43,139.11,70.22999999999999,27.686923076923083
2021-03-03 21:00:00,80.72,133.06,71.02000000000001,27.0223076923077
2021-03-03 22:00:00,79.42,130.42,72.19923076923077,26.413846153846155
2021-03-03 23:00:00,86.72,129.22,73.83615384615385,25.97846153846154
2021-03-04 00:00:00,97.41,148.06,73.14999999999999,25.49923076923077
2021-03-04 01:00:00,81.83,124.13,70.78153846153845,25.206923076923072
2021-03-04 02:00:00,82.42,114.0,70.27,24.90230769230769
2021-03-04 03:00:00,84.72,118.73,69.19923076923075,24.533846153846152
2021-03-04 04:00:00,82.43,116.06,69.38,24.004615384615384
2021-03-04 05:00:00,100.88,142.61,71.62153846153845,23.513846153846153
2021-03-04 06:00:00,101.42,153.94,73.43615384615386,23.41230769230769
2021-03-04 07:00:00,116.45,156.0,75.04583333333333,23.608333333333334
2021-03-04 08:00:00,124.99,174.21,64.82923076923076,26.672307692307694
2021-03-04 09:00:00,144.88,235.01,49.889230769230764,31.076153846153844
2021-03-04 10:00:00,103.37,166.0,38.621538461538464,34.32230769230769
2021-03-04 11:00:00,79.69,154.15,33.91692307692308,36.40153846153846
2021-03-04 12:00:00,62.41,134.25,34.58307692307692,37.105384615384615
2021-03-04 13:00:00,61.71,118.07,37.95,36.48461538461539
2021-03-04 14:00:00,56.87,120.16,40.08416666666667,35.62
2021-03-04 15:00:00,67.12,127.33,41.339999999999996,35.097692307692306
2021-03-04 16:00:00,58.7,127.43,40.85153846153845,34.52615384615384
2021-03-04 17:00:00,60.45,106.49,43.404999999999994,33.71999999999999
2021-03-04 18:00:00,43.89,85.22,50.8976923076923,31.527692307692313
2021-03-04 19:00:00,42.69,81.0,56.755384615384614,30.032307692307693
2021-03-04 20:00:00,67.89,108.61,59.41999999999999,28.936666666666667
2021-03-04 21:00:00,92.53,140.45,64.11846153846153,27.590769230769233
2021-03-04 22:00:00,102.87,180.13,66.96615384615384,26.86769230769231
2021-03-04 23:00:00,95.42,174.85,70.73230769230769,25.94538461538461
2021-03-05 00:00:00,106.02,171.78,73.43076923076924,25.415384615384614
2021-03-05 01:00:00,95.98,153.07,76.2218181818182,24.937272727272724
2021-03-05 02:00:00,82.84,136.56,78.16272727272728,24.562727272727273
2021-03-05 03:00:00,83.58,134.29,79.18272727272728,24.09090909090909
2021-03-05 04:00:00,71.17,119.43,80.12818181818183,23.88454545454545
2021-03-05 05:00:00,81.88,134.72,81.21363636363635,23.503636363636364
2021-03-05 06:00:00,71.17,110.02,82.22272727272728,23.10454545454545
2021-03-05 07:00:00,67.29,110.68,80.8809090909091,23.470000000000002
2021-03-05 08:00:00,91.89,153.12,69.17818181818183,27.076363636363638
2021-03-05 09:00:00,131.19,203.44,49.81636363636364,32.234545454545454
2021-03-05 10:00:00,124.15,207.67,34.143636363636354,35.53818181818182
2021-03-05 11:00:00,71.46,147.0,31.885833333333334,36.39666666666667
2021-03-05 12:00:00,48.44,119.39,37.55692307692308,36.209999999999994
2021-03-05 13:00:00,69.1,177.0,41.28692307692308,35.67153846153846
2021-03-05 14:00:00,97.81,204.0,45.423846153846156,35.06692307692308
2021-03-05 15:00:00,67.78,160.61,45.553076923076915,34.73076923076923
2021-03-05 16:00:00,49.98,134.01,47.85000000000001,33.95307692307693
2021-03-05 17:00:00,42.85,122.92,54.77538461538461,32.42230769230769
2021-03-05 18:00:00,46.29,131.25,58.565384615384616,30.691538461538464
2021-03-05 19:00:00,75.33,152.31,62.31230769230769,29.141538461538463
2021-03-05 20:00:00,56.9,137.6,66.26153846153845,27.99692307692308
2021-03-05 21:00:00,52.14,122.9,71.17692307692307,27.093076923076925
2021-03-05 22:00:00,82.8,188.06,75.33923076923077,26.62846153846154
2021-03-05 23:00:00,86.29,181.55,78.43692307692308,26.192307692307686
2021-03-06 00:00:00,77.47,153.78,81.0123076923077,25.79
2021-03-06 01:00:00,77.71,144.06,83.01230769230769,25.76076923076923
2021-03-06 02:00:00,73.72,142.0,84.42307692307692,25.46769230769231
2021-03-06 03:00:00,68.71,130.92,86.63923076923076,25.110769230769225
2021-03-06 04:00:00,62.87,114.91,88.4423076923077,24.77846153846154
2021-03-06 05:00:00,65.42,105.84,89.2969230769231,24.594615384615388
2021-03-06 06:00:00,59.13,97.9,89.82692307692308,24.391538461538463
2021-03-06 07:00:00,61.43,96.58,89.43538461538462,24.591538461538462
2021-03-06 08:00:00,80.82,134.0,86.19307692307692,26.405384615384612
2021-03-06 09:00:00,81.43,152.15,77.83,29.051538461538463
2021-03-06 10:00:00,69.84,148.91,68.63846153846154,30.910769230769233
2021-03-06 11:00:00,68.86,137.47,66.15846153846154,31.807692307692307
2021-03-06 12:00:00,67.29,162.03,66.09833333333334,32.8175
2021-03-06 13:00:00,96.18,210.08,67.1323076923077,32.53153846153846
2021-03-06 14:00:00,75.33,183.27,66.1423076923077,32.574615384615385
2021-03-06 15:00:00,71.0,155.65,62.24923076923076,32.39692307692307
2021-03-06 16:00:00,68.42,139.95,62.48230769230769,31.872307692307693
2021-03-06 17:00:00,41.39,114.0,66.47384615384615,30.868461538461535
2021-03-06 18:00:00,38.72,124.25,67.75666666666666,29.735833333333336
2021-03-06 19:00:00,36.43,131.73,76.01666666666667,28.174166666666665
2021-03-06 20:00:00,47.98,148.73,81.53769230769231,27.177692307692308
2021-03-06 21:00:00,52.57,153.0,83.62384615384615,26.630769230769236
2021-03-06 22:00:00,50.43,127.58,84.93538461538462,25.976153846153846
2021-03-06 23:00:00,54.29,109.0,85.74153846153845,25.411538461538466
2021-03-07 00:00:00,55.86,104.27,85.3776923076923,24.89692307692308
2021-03-07 01:00:00,62.84,106.15,85.53153846153845,24.355384615384615
2021-03-07 02:00:00,73.41,119.62,85.50692307692307,23.89692307692308
2021-03-07 03:00:00,62.98,105.58,87.635,23.22583333333333
2021-03-07 04:00:00,47.31,102.0,85.14076923076924,23.176923076923078
2021-03-07 05:00:00,49.29,101.0,85.1875,22.939999999999998
2021-03-07 06:00:00,50.0,98.0,84.6675,22.809166666666666
2021-03-07 07:00:00,47.43,88.57,84.00666666666666,23.1725
2021-03-07 08:00:00,64.11,107.3,76.53846153846152,26.09384615384615
2021-03-07 09:00:00,90.17,162.7,57.51615384615384,30.684615384615384
2021-03-07 10:00:00,82.84,169.64,47.09461538461539,32.559999999999995
2021-03-07 11:00:00,67.29,145.28,38.92923076923077,34.28923076923077
2021-03-07 12:00:00,48.69,103.05,39.9275,34.92166666666667
2021-03-07 13:00:00,32.31,85.13,42.876666666666665,34.81666666666667
2021-03-07 14:00:00,26.58,57.75,38.62454545454546,35.690909090909095
2021-03-07 15:00:00,18.3,53.31,40.05,34.68692307692307
2021-03-07 16:00:00,22.13,54.42,41.3925,33.6075
2021-03-07 17:00:00,21.29,61.12,44.62416666666667,32.22916666666667
2021-03-07 18:00:00,19.29,53.18,49.111538461538466,30.439230769230768
2021-03-07 19:00:00,20.71,59.37,54.9476923076923,28.84384615384615
2021-03-07 20:00:00,41.53,66.94,58.421538461538475,27.716923076923077
2021-03-07 21:00:00,32.12,64.83,62.68166666666667,26.512500000000003
2021-03-07 22:00:00,28.28,59.0,63.51384615384616,25.786923076923078
2021-03-07 23:00:00,35.73,66.0,64.70416666666667,24.945833333333336
2021-03-08 00:00:00,31.03,52.63,63.83083333333334,24.570833333333336
2021-03-08 01:00:00,27.43,36.41,62.20666666666667,24.4175
2021-03-08 02:00:00,27.0,36.14,61.53083333333334,23.839166666666667
2021-03-08 03:00:00,16.73,23.59,61.646666666666675,23.338333333333335
2021-03-08 04:00:00,19.28,23.46,63.98818181818182,22.768181818181816
2021-03-08 05:00:00,17.43,24.84,63.43692307692307,22.786153846153844
2021-03-08 06:00:00,21.28,35.0,63.61384615384615,22.71153846153846
2021-03-08 07:00:00,23.71,29.35,62.355384615384615,23.306153846153844
2021-03-08 08:00:00,15.45,49.88,54.769999999999996,26.55230769230769
2021-03-08 09:00:00,62.92,89.83,47.144615384615385,30.025384615384617
2021-03-08 10:00:00,84.69,158.0,43.39,32.309999999999995
2021-03-08 11:00:00,88.69,132.0,42.98727272727273,34.12727272727273
2021-03-08 12:00:00,66.68,120.99,50.04916666666667,33.72166666666667
2021-03-08 13:00:00,50.12,104.64,53.090769230769226,34.30846153846154
2021-03-08 14:00:00,48.0,104.93,53.230833333333344,34.56416666666667
2021-03-08 15:00:00,13.67,77.11,55.62384615384615,33.67076923076923
2021-03-08 16:00:00,14.85,54.84,58.65692307692307,32.934615384615384
2021-03-08 17:00:00,17.71,78.37,62.02846153846154,31.650769230769228
2021-03-08 18:00:00,23.15,71.59,65.16999999999999,30.255833333333328
2021-03-08 19:00:00,12.02,79.05,70.91153846153846,28.68846153846154
2021-03-08 20:00:00,20.27,78.07,73.69615384615386,27.75846153846154
2021-03-08 21:00:00,33.98,65.17,75.21923076923078,26.911538461538463
2021-03-08 22:00:00,30.85,69.08,76.52230769230769,26.283846153846152
2021-03-08 23:00:00,40.27,73.37,77.66384615384615,25.976153846153846
2021-03-09 00:00:00,45.41,84.0,79.88153846153847,25.85615384615384
2021-03-09 01:00:00,27.12,43.0,83.39307692307692,25.50076923076923
2021-03-09 02:00:00,20.57,33.53,83.75000000000001,25.272307692307688
2021-03-09 03:00:00,11.45,34.95,80.235,25.425
2021-03-09 04:00:00,11.71,37.58,81.53692307692307,24.746153846153845
2021-03-09 05:00:00,15.42,43.5,81.9346153846154,24.286923076923074
2021-03-09 06:00:00,34.88,77.46,82.36307692307693,23.88923076923077
2021-03-09 07:00:00,43.13,77.32,82.21153846153844,24.00153846153846
2021-03-09 08:00:00,39.71,75.57,73.90083333333335,26.532500000000002
2021-03-09 09:00:00,64.67,125.7,60.97307692307693,29.512307692307694
2021-03-09 10:00:00,81.83,157.87,50.765833333333326,32.47249999999999
2021-03-09 11:00:00,100.28,202.31,45.98923076923077,33.87307692307692
2021-03-09 12:00:00,86.69,183.13,44.29461538461539,34.747692307692304
2021-03-09 13:00:00,40.37,93.75,46.73769230769231,34.738461538461536
2021-03-09 14:00:00,49.26,108.95,45.77916666666667,34.92333333333334
2021-03-09 15:00:00,55.42,125.29,44.68,34.90416666666667
2021-03-09 16:00:00,56.0,114.0,45.48090909090909,34.32090909090909
2021-03-09 17:00:00,46.59,123.43,48.290909090909096,33.18545454545455
2021-03-09 18:00:00,50.13,121.27,53.0790909090909,31.426363636363636
2021-03-09 19:00:00,56.13,112.92,57.65909090909092,29.819999999999997
2021-03-09 20:00:00,58.71,108.63,55.99583333333334,29.180000000000003
2021-03-09 21:00:00,63.28,111.94,55.57749999999999,28.30666666666667
2021-03-09 22:00:00,69.99,114.58,56.77000000000001,27.580833333333334
2021-03-09 23:00:00,85.55,123.01,61.48833333333332,26.5625
2021-03-10 00:00:00,79.44,121.9,65.85333333333331,25.912499999999998
2021-03-10 01:00:00,79.71,115.38,69.65545454545455,25.676363636363636
2021-03-10 02:00:00,81.71,113.0,75.49181818181818,25.482727272727278
2021-03-10 03:00:00,64.03,90.0,79.17909090909092,25.235454545454548
2021-03-10 04:00:00,44.74,66.33,78.56727272727272,25.020000000000003
2021-03-10 05:00:00,30.01,49.78,76.48363636363636,24.629090909090905
2021-03-10 06:00:00,36.55,63.02,75.868,24.154999999999994
2021-03-10 07:00:00,72.22,153.0,72.29272727272726,24.570909090909094
2021-03-10 08:00:00,72.01,143.0,66.80272727272727,26.69727272727273
2021-03-10 09:00:00,81.27,155.62,55.13999999999999,29.865454545454543
2021-03-10 10:00:00,90.7,179.44,49.48363636363636,32.76272727272727
2021-03-10 11:00:00,88.58,180.28,46.02181818181818,33.76181818181818
2021-03-10 12:00:00,87.14,183.72,49.8109090909091,34.64363636363636
2021-03-10 13:00:00,61.33,152.75,55.8975,33.82333333333333
2021-03-10 14:00:00,44.17,117.97,59.059999999999995,33.681666666666665
2021-03-10 15:00:00,34.3,90.55,60.965,33.18
2021-03-10 16:00:00,34.71,97.02,60.42083333333334,32.540000000000006
2021-03-10 17:00:00,40.13,111.72,60.1275,31.550000000000008
2021-03-10 18:00:00,41.86,109.71,62.784166666666664,30.16916666666666
2021-03-10 19:00:00,54.83,115.86,68.24083333333333,28.86916666666667
2021-03-10 20:00:00,51.87,100.7,67.365,28.233333333333334
2021-03-10 21:00:00,46.72,82.64,67.86272727272727,27.61636363636364
2021-03-10 22:00:00,43.43,82.94,70.78583333333333,26.655
2021-03-10 23:00:00,55.83,95.0,72.91583333333334,26.30666666666667
2021-03-11 00:00:00,53.72,101.93,76.26916666666666,25.974999999999998
2021-03-11 01:00:00,68.4,108.0,79.26416666666667,25.698333333333327
2021-03-11 02:00:00,49.61,85.99,81.25166666666668,25.694999999999993
2021-03-11 03:00:00,37.45,61.86,81.78166666666665,25.620833333333334
2021-03-11 04:00:00,34.29,52.28,81.73666666666666,25.070833333333336
2021-03-11 05:00:00,27.99,51.79,78.48818181818181,24.55363636363636
2021-03-11 06:00:00,26.14,54.36,77.57416666666667,23.99
2021-03-11 07:00:00,25.14,58.14,76.14666666666666,24.3225
2021-03-11 08:00:00,38.69,114.81,69.49916666666667,27.050833333333333
2021-03-11 09:00:00,52.09,127.64,59.69416666666668,30.044166666666666
2021-03-11 10:00:00,55.7,116.7,58.07416666666666,31.63
2021-03-11 11:00:00,45.73,114.5,61.64000000000001,31.97333333333334
2021-03-11 12:00:00,32.02,100.28,66.29272727272725,31.518181818181816
2021-03-11 13:00:00,29.14,89.71,66.13545454545455,31.53909090909091
2021-03-11 14:00:00,24.72,80.11,61.34,31.8025
2021-03-11 15:00:00,24.86,81.93,59.1,31.909999999999997
2021-03-11 16:00:00,23.29,77.5,61.26749999999999,31.40166666666667
2021-03-11 17:00:00,21.29,94.09,64.7325,30.185
2021-03-11 18:00:00,26.99,82.0,71.61749999999999,28.5275
2021-03-11 19:00:00,46.82,81.0,77.14166666666667,27.47666666666667
2021-03-11 20:00:00,31.18,68.42,76.6275,26.958333333333332
2021-03-11 21:00:00,23.72,61.07,76.06000000000002,26.450833333333335
2021-03-11 22:00:00,55.51,78.14,77.5725,25.94
2021-03-11 23:00:00,33.62,59.33,79.3325,25.435833333333335
2021-03-12 00:00:00,29.0,49.08,79.45333333333333,25.162500000000005
2021-03-12 01:00:00,23.87,42.5,78.94083333333334,24.91
2021-03-12 02:00:00,17.87,44.14,76.82333333333334,24.798333333333332
2021-03-12 03:00:00,17.86,43.84,77.27,24.485
2021-03-12 04:00:00,18.0,40.14,79.52666666666666,23.912499999999998
2021-03-12 05:00:00,17.14,36.43,81.67833333333333,23.49416666666667
2021-03-12 06:00:00,22.13,37.57,83.56083333333333,23.355
2021-03-12 07:00:00,15.3,29.32,83.67333333333333,23.985833333333332
2021-03-12 08:00:00,18.28,48.23,77.37250000000002,26.37666666666667
2021-03-12 09:00:00,57.5,107.64,64.46000000000001,29.483636363636364
2021-03-12 10:00:00,55.45,99.2,52.902727272727276,31.231818181818184
2021-03-12 11:00:00,37.8,84.35,49.00545454545454,32.37272727272727
2021-03-12 12:00:00,39.28,92.0,47.220833333333324,33.455833333333324
2021-03-12 13:00:00,37.44,87.28,55.298333333333325,33.208333333333336
2021-03-12 14:00:00,34.43,86.0,58.848333333333336,32.755833333333335
2021-03-12 15:00:00,25.47,81.28,59.306666666666665,32.9275
2021-03-12 16:00:00,23.14,70.57,58.81916666666666,32.891666666666666
2021-03-12 17:00:00,23.0,83.72,59.25333333333333,31.75083333333333
2021-03-12 18:00:00,23.86,85.14,58.40416666666667,30.653333333333336
2021-03-12 19:00:00,30.82,78.42,58.15416666666667,29.526666666666667
2021-03-12 20:00:00,29.43,67.9,62.175833333333344,28.459166666666672
2021-03-12 21:00:00,26.44,52.63,66.07666666666667,27.39333333333333
2021-03-12 22:00:00,23.44,44.28,69.72500000000001,26.6875
2021-03-12 23:00:00,31.55,50.1,71.05583333333333,26.188333333333333
2021-03-13 00:00:00,36.42,63.75,73.46727272727273,25.752727272727274
2021-03-13 01:00:00,47.27,84.3,76.75083333333332,25.99083333333333
2021-03-13 02:00:00,59.27,110.0,80.27166666666668,25.725833333333338
2021-03-13 03:00:00,60.14,115.0,79.1225,25.40416666666667
2021-03-13 04:00:00,60.86,106.35,77.345,25.058333333333334
2021-03-13 05:00:00,58.43,111.08,77.53909090909092,24.766363636363636
2021-03-13 06:00:00,59.71,95.7,76.59,24.478181818181817
2021-03-13 07:00:00,60.0,89.42,73.315,24.99083333333333
2021-03-13 08:00:00,64.28,115.73,67.255,27.486666666666665
2021-03-13 09:00:00,93.23,170.5,52.53583333333333,30.9375
2021-03-13 10:00:00,101.42,205.22,40.779999999999994,33.615
2021-03-13 11:00:00,78.05,187.7,35.098333333333336,35.34
2021-03-13 12:00:00,57.75,154.7,32.52916666666667,36.8625
2021-03-13 13:00:00,62.7,149.0,35.31999999999999,37.04750000000001
2021-03-13 14:00:00,35.86,83.0,41.97090909090909,35.98909090909091
2021-03-13 15:00:00,39.55,117.59,42.87833333333333,35.83249999999999
2021-03-13 16:00:00,53.02,136.43,46.25545454545455,33.85454545454545
2021-03-13 17:00:00,62.7,177.52,52.17333333333334,32.32833333333333
2021-03-13 18:00:00,62.29,163.63,59.196666666666665,30.590000000000003
2021-03-13 19:00:00,56.87,137.35,60.88833333333334,29.585000000000004
2021-03-13 20:00:00,54.29,137.5,57.93272727272727,29.36454545454546
2021-03-13 21:00:00,51.43,135.07,56.87818181818182,28.816363636363636
2021-03-13 22:00:00,56.12,132.3,54.795,27.669
2021-03-13 23:00:00,64.7,140.43,56.98363636363636,27.030909090909088
2021-03-14 00:00:00,66.0,129.68,61.26454545454545,26.11818181818182
2021-03-14 01:00:00,62.59,139.37,63.60916666666665,26.150833333333335
2021-03-14 02:00:00,74.83,142.22,65.23583333333333,25.955000000000002
2021-03-14 03:00:00,63.36,121.56,62.63583333333333,25.819999999999997
2021-03-14 04:00:00,53.3,103.42,63.076666666666675,25.49333333333333
2021-03-14 05:00:00,51.14,101.57,62.90083333333333,25.5
2021-03-14 06:00:00,53.57,102.0,66.24166666666667,25.463333333333335
2021-03-14 07:00:00,46.3,96.0,66.40636363636362,25.470909090909092
2021-03-14 08:00:00,69.81,136.88,56.31583333333333,28.261666666666667
2021-03-14 09:00:00,76.57,178.0,46.35999999999999,30.949166666666667
2021-03-14 10:00:00,94.11,189.79,41.07333333333333,33.09166666666667
2021-03-14 11:00:00,132.08,229.16,41.400000000000006,34.16909090909091
2021-03-14 12:00:00,103.78,206.77,45.220909090909096,34.26727272727273
2021-03-14 13:00:00,81.75,180.83,45.57181818181818,34.21545454545455
2021-03-14 14:00:00,61.95,169.57,44.917272727272724,34.43727272727272
2021-03-14 15:00:00,64.13,136.98,41.845454545454544,34.525454545454544
2021-03-14 16:00:00,59.01,118.57,40.67181818181819,33.947272727272725
2021-03-14 17:00:00,50.3,126.22,45.45272727272727,32.87090909090909
2021-03-14 18:00:00,57.55,129.78,51.86,31.04444444444444
2021-03-14 19:00:00,61.56,132.36,56.702999999999996,29.693
2021-03-14 20:00:00,67.97,139.0,59.602,28.619000000000007
2021-03-14 21:00:00,78.41,152.37,61.400000000000006,27.81272727272727
2021-03-14 22:00:00,58.61,109.62,63.056363636363635,27.20272727272727
2021-03-14 23:00:00,49.01,94.65,65.0909090909091,26.939999999999998
2021-03-15 00:00:00,55.67,100.27,67.5690909090909,26.453636363636363
2021-03-15 01:00:00,76.68,134.12,70.35090909090908,25.665454545454544
2021-03-15 02:00:00,61.18,106.97,71.15600000000002,25.426000000000002
2021-03-15 03:00:00,58.0,90.2,72.3390909090909,25.494545454545456
2021-03-15 04:00:00,65.7,105.4,73.31818181818181,25.37090909090909
2021-03-15 05:00:00,49.89,98.28,74.34545454545454,25.05181818181818
2021-03-15 06:00:00,43.58,78.64,73.79727272727273,24.778181818181817
2021-03-15 07:00:00,44.72,81.29,74.04818181818183,25.13
2021-03-15 08:00:00,47.57,106.5,69.31454545454545,27.5
2021-03-15 09:00:00,55.7,123.22,55.901666666666664,31.005
2021-03-15 10:00:00,74.97,146.37,48.173333333333325,32.98499999999999
2021-03-15 11:00:00,75.44,150.43,44.2825,34.380833333333335
2021-03-15 12:00:00,78.41,161.44,47.23083333333333,34.79916666666667
2021-03-15 13:00:00,67.91,164.28,43.20363636363636,35.58181818181818
2021-03-15 14:00:00,59.16,143.48,44.333333333333336,34.90916666666667
2021-03-15 15:00:00,68.23,149.18,44.205000000000005,34.72
2021-03-15 16:00:00,63.16,152.79,43.49583333333334,34.4
2021-03-15 17:00:00,47.45,156.15,43.958333333333336,33.42666666666666
2021-03-15 18:00:00,40.72,115.34,43.192727272727275,32.37090909090909
2021-03-15 19:00:00,33.17,93.0,44.78916666666667,30.953333333333333
2021-03-15 20:00:00,29.43,70.35,44.815,29.9325
2021-03-15 21:00:00,44.35,103.0,45.656666666666666,29.07166666666667
2021-03-15 22:00:00,43.59,81.07,46.50090909090909,28.351818181818178
2021-03-15 23:00:00,44.71,75.0,53.70333333333334,26.9225
2021-03-16 00:00:00,44.15,56.98,56.30833333333334,26.588333333333328
2021-03-16 01:00:00,47.42,66.1,59.4,25.920909090909085
2021-03-16 02:00:00,53.99,79.43,61.25090909090909,25.996363636363636
2021-03-16 03:00:00,46.45,75.71,66.62333333333333,25.705833333333334
2021-03-16 04:00:00,31.31,67.71,68.38250000000001,25.499166666666667
2021-03-16 05:00:00,27.29,67.57,69.26,24.96666666666667
2021-03-16 06:00:00,30.41,63.3,67.84333333333335,24.520833333333332
2021-03-16 07:00:00,54.1,60.43,64.99583333333332,25.144166666666667
2021-03-16 08:00:00,36.68,78.87,55.88666666666666,28.295833333333334
2021-03-16 09:00:00,33.86,74.0,47.84916666666666,31.193333333333328
2021-03-16 10:00:00,36.56,76.36,41.03666666666667,33.48833333333334
2021-03-16 11:00:00,47.27,96.65,41.367999999999995,35.134
2021-03-16 12:00:00,49.0,104.27,44.814166666666665,34.843333333333334
2021-03-16 13:00:00,42.16,109.16,46.909166666666664,34.71
2021-03-16 14:00:00,47.84,117.86,47.7225,34.768333333333324
2021-03-16 15:00:00,49.86,132.53,47.61363636363637,34.766363636363636
2021-03-16 16:00:00,64.56,133.65,43.57636363636363,34.67090909090909
2021-03-16 17:00:00,50.74,151.0,44.052727272727275,33.67454545454546
2021-03-16 18:00:00,37.73,125.06,46.348,32.579
2021-03-16 19:00:00,40.27,111.0,49.67454545454545,30.884545454545457
2021-03-16 20:00:00,30.77,96.06,48.49666666666667,29.93583333333333
2021-03-16 21:00:00,37.55,100.62,49.33,29.187272727272727
2021-03-16 22:00:00,51.83,105.37,48.59166666666667,28.046666666666667
2021-03-16 23:00:00,46.3,102.56,52.682500000000005,27.17833333333333
2021-03-17 00:00:00,50.12,112.53,60.88916666666666,26.956666666666667
2021-03-17 01:00:00,49.29,104.25,71.408,27.014
2021-03-17 02:00:00,28.53,79.78,77.10181818181819,26.59272727272727
2021-03-17 03:00:00,27.56,66.17,73.55,26.15090909090909
2021-03-17 04:00:00,31.42,76.58,70.16090909090909,25.796363636363637
2021-03-17 05:00:00,32.85,87.0,68.8775,25.074166666666667
2021-03-17 06:00:00,33.0,72.12,70.53181818181818,24.874545454545455
2021-03-17 07:00:00,38.99,105.73,70.045,25.176666666666666
2021-03-17 08:00:00,54.5,216.27,63.52181818181817,27.86545454545455
2021-03-17 09:00:00,49.3,175.85,52.93818181818181,31.022727272727273
2021-03-17 10:00:00,59.09,151.28,43.67818181818182,33.722727272727276
2021-03-17 11:00:00,86.67,195.57,40.09909090909091,35.22636363636364
2021-03-17 12:00:00,63.71,170.47,42.11818181818182,36.053636363636365
2021-03-17 13:00:00,85.52,130.13,46.14454545454546,35.847272727272724
2021-03-17 14:00:00,46.51,118.08,49.158181818181816,34.939090909090915
2021-03-17 15:00:00,44.12,143.0,48.785,34.791666666666664
2021-03-17 16:00:00,52.7,136.0,49.23454545454546,34.20636363636364
2021-03-17 17:00:00,52.3,152.45,49.0725,33.26166666666667
2021-03-17 18:00:00,53.71,144.42,52.80249999999999,32.055
2021-03-17 19:00:00,59.97,144.15,56.61249999999999,30.924166666666665
2021-03-17 20:00:00,69.58,166.22,57.16454545454546,30.233636363636368
2021-03-17 21:00:00,78.7,155.55,54.7375,29.77375
2021-03-17 22:00:00,80.0,147.07,58.26272727272727,28.54454545454545
2021-03-17 23:00:00,86.82,150.0,62.040000000000006,27.787272727272725
2021-03-18 00:00:00,96.53,158.1,66.34583333333335,27.299999999999997
2021-03-18 01:00:00,73.25,129.77,69.9925,27.1375
2021-03-18 02:00:00,75.84,133.53,73.57181818181819,27.008181818181814
2021-03-18 03:00:00,30.8,75.9,73.76545454545455,26.720909090909096
2021-03-18 04:00:00,28.12,57.43,72.40181818181817,26.515454545454546
2021-03-18 05:00:00,26.44,71.15,70.5409090909091,26.255454545454544
2021-03-18 06:00:00,28.56,62.42,66.86416666666666,26.0475
2021-03-18 07:00:00,33.28,71.0,67.91454545454543,26.238181818181815
2021-03-18 08:00:00,56.17,127.0,62.20833333333334,28.30333333333333
2021-03-18 09:00:00,89.85,181.83,54.51454545454545,31.420909090909092
2021-03-18 10:00:00,95.0,209.53,50.213636363636354,33.16181818181818
2021-03-18 11:00:00,84.77,215.36,49.4725,33.541666666666664
2021-03-18 12:00:00,72.77,198.7,51.23333333333334,33.96916666666667
2021-03-18 13:00:00,61.59,179.06,51.67818181818181,34.444545454545455
2021-03-18 14:00:00,46.36,151.2,57.098333333333336,33.494166666666665
2021-03-18 15:00:00,49.99,133.0,57.31909090909091,33.71727272727273
2021-03-18 16:00:00,56.97,154.93,60.626363636363635,32.657272727272726
2021-03-18 17:00:00,60.56,153.95,62.721818181818186,31.316363636363636
2021-03-18 18:00:00,48.21,123.8,69.31833333333334,29.609999999999996
2021-03-18 19:00:00,42.58,114.43,67.74454545454546,28.936363636363637
2021-03-18 20:00:00,42.0,106.0,68.06500000000001,28.221666666666668
2021-03-18 21:00:00,45.43,109.0,71.38166666666667,27.72416666666666
2021-03-18 22:00:00,50.28,116.0,75.46333333333332,27.300833333333333
2021-03-18 23:00:00,46.73,102.68,78.56666666666666,26.93083333333333
2021-03-19 00:00:00,29.8,75.42,78.52833333333335,26.530833333333334
2021-03-19 01:00:00,31.27,69.0,77.84909090909092,26.180909090909093
2021-03-19 02:00:00,30.3,59.6,74.40083333333332,25.799999999999997
2021-03-19 03:00:00,28.3,97.73,75.51545454545455,25.204545454545453
2021-03-19 04:00:00,39.94,146.6,75.16083333333334,25.114166666666662
2021-03-19 05:00:00,34.3,149.0,77.1825,24.63916666666667
2021-03-19 06:00:00,32.15,128.63,78.59666666666666,24.33916666666667
2021-03-19 07:00:00,34.56,112.82,77.77,24.973333333333333
2021-03-19 08:00:00,34.14,119.43,68.48181818181818,27.584545454545456
2021-03-19 09:00:00,66.51,175.45,54.52333333333333,30.50833333333333
2021-03-19 10:00:00,80.56,193.0,47.71083333333334,32.51
2021-03-19 11:00:00,58.12,174.2,50.471666666666664,32.997499999999995
2021-03-19 12:00:00,54.0,169.0,54.114545454545464,32.989090909090905
2021-03-19 13:00:00,57.01636363636364,201.11363636363637,55.24909090909091,32.88818181818181
2021-03-19 14:00:00,43.0,182.0,49.85999999999999,33.195
2021-03-19 15:00:00,45.57,160.0,49.404999999999994,33.285833333333336
2021-03-19 16:00:00,49.41,164.0,48.5975,32.76166666666666
2021-03-19 17:00:00,44.01,160.85,49.5,31.866666666666664
2021-03-19 18:00:00,45.56,160.78,57.943636363636365,30.40727272727273
2021-03-19 19:00:00,45.14,160.22,67.85166666666667,28.4325
2021-03-19 20:00:00,51.82,171.0,73.07090909090908,27.69363636363636
2021-03-19 21:00:00,52.15,181.97,76.12,26.949166666666667
2021-03-19 22:00:00,53.71,171.68,77.525,26.507499999999997
2021-03-19 23:00:00,47.18,156.67,79.73363636363636,26.19181818181818
2021-03-20 00:00:00,45.14,141.26,80.41583333333334,25.811666666666664
2021-03-20 01:00:00,44.15,129.73,80.20916666666666,25.558333333333334
2021-03-20 02:00:00,46.56,132.7,83.15916666666668,25.239166666666662
2021-03-20 03:00:00,41.87,139.48,84.255,25.03833333333333
2021-03-20 04:00:00,34.18,132.38,84.365,24.832499999999996
2021-03-20 05:00:00,28.73,125.3,84.27749999999999,24.55
2021-03-20 06:00:00,30.56,143.0,84.72000000000001,24.35166666666667
2021-03-20 07:00:00,29.29,192.52,87.75166666666667,24.985
2021-03-20 08:00:00,34.97,199.816,83.44166666666668,26.643333333333334
2021-03-20 09:00:00,54.76,217.07666666666668,74.90833333333335,28.901666666666667
2021-03-20 10:00:00,65.7,225.0,63.39333333333334,31.065
2021-03-20 11:00:00,59.33,215.0,58.520833333333336,31.310000000000002
2021-03-20 12:00:00,48.59,215.0,55.00833333333333,31.94416666666667
2021-03-20 13:00:00,55.53,218.97,53.19583333333333,32.31499999999999
2021-03-20 14:00:00,58.7,253.74,54.13833333333334,32.305
2021-03-20 15:00:00,54.72,268.6,53.09416666666666,31.939166666666665
2021-03-20 16:00:00,54.85,249.55,52.31999999999999,31.549166666666665
2021-03-20 17:00:00,49.01,213.67,56.126363636363635,30.439999999999998
2021-03-20 18:00:00,48.86,197.14,64.345,29.096666666666664
2021-03-20 19:00:00,47.3,190.3,71.9225,27.862499999999997
2021-03-20 20:00:00,42.72,186.64,76.55333333333333,27.154166666666665
2021-03-20 21:00:00,47.12,201.0,79.375,26.72083333333333
2021-03-20 22:00:00,48.85,179.07,80.64999999999999,26.340833333333336
2021-03-20 23:00:00,58.41,166.73,82.30916666666666,25.851666666666663
2021-03-21 00:00:00,49.77,149.33,83.8025,25.558333333333326
2021-03-21 01:00:00,39.47,119.93,84.5490909090909,25.245454545454546
2021-03-21 02:00:00,34.58,106.73,85.98916666666668,24.718333333333334
2021-03-21 03:00:00,31.44,99.52,86.87166666666667,24.5125
2021-03-21 04:00:00,35.28,97.73,87.60249999999998,24.219166666666666
2021-03-21 05:00:00,38.57,103.44,88.12083333333332,23.930000000000003
2021-03-21 06:00:00,48.39,114.47,87.08545454545454,24.12
2021-03-21 07:00:00,50.0,119.97,86.08545454545455,24.673636363636362
2021-03-21 08:00:00,57.67,136.32,80.295,26.887500000000003
2021-03-21 09:00:00,75.2,199.53,70.11583333333333,29.383333333333336
2021-03-21 10:00:00,72.01,206.0,61.605999999999995,30.826999999999998
2021-03-21 11:00:00,66.72,212.27,49.11,34.09
2021-03-21 12:00:00,64.3,212.43,45.04,34.68
2021-03-21 13:00:00,58.88,203.99,42.57,35.41
2021-03-21 14:00:00,58.85,199.57,40.2,35.64
2021-03-21 15:00:00,59.0,181.2,37.39,35.95
2021-03-21 16:00:00,61.56,172.08,41.75,35.35
2021-03-21 17:00:00,63.7,176.48,53.62,31.91
2021-03-21 18:00:00,60.59,176.43,66.05,29.9
2021-03-21 19:00:00,51.45,164.0,75.47,28.18
2021-03-21 20:00:00,53.41,168.7,81.21,26.8
2021-03-21 21:00:00,62.53,166.87,85.97,25.79
2021-03-21 22:00:00,52.91,147.98,89.52,25.25
2021-03-21 23:00:00,46.72,127.33,91.86,24.9
2021-03-22 00:00:00,52.82,121.44,92.32,24.41
2021-03-22 01:00:00,49.73,128.05,90.91,24.89
2021-03-22 02:00:00,58.41,139.63,90.56,25.03
2021-03-22 03:00:00,54.88,135.22,93.69,24.34
2021-03-22 04:00:00,48.03,114.25,91.33,23.16
2021-03-22 05:00:00,43.59,98.51,87.18333333333334,24.281666666666666
2021-03-22 06:00:00,54.12,99.7,87.64083333333333,24.21083333333333
2021-03-22 07:00:00,49.16,93.17,86.73083333333334,24.804999999999996
2021-03-22 08:00:00,55.68,97.25,80.67416666666666,27.159166666666664
2021-03-22 09:00:00,65.53,162.0,70.46,29.84916666666666
2021-03-22 10:00:00,65.29,151.0,62.26000000000001,31.983333333333338
2021-03-22 11:00:00,75.23,175.28,50.3,34.55
2021-03-22 12:00:00,79.57,174.17,56.39833333333334,33.957499999999996
2021-03-22 13:00:00,80.85,151.63,57.10333333333333,33.958333333333336
2021-03-22 14:00:00,63.03,135.03,57.12166666666666,34.026666666666664
2021-03-22 15:00:00,53.16,127.3,54.559090909090905,34.67181818181818
2021-03-22 16:00:00,58.82,131.66,54.225,33.570833333333326
2021-03-22 17:00:00,63.41,122.68,59.286666666666655,32.09000000000001
2021-03-22 18:00:00,46.95,112.73,67.415,30.395833333333332
2021-03-22 19:00:00,44.0,138.42,73.38636363636364,29.41363636363637
2021-03-22 20:00:00,44.85,107.62,74.47166666666665,28.69583333333333
2021-03-22 21:00:00,48.42,115.8,75.965,28.072500000000005
2021-03-22 22:00:00,51.56,110.82,76.89,27.722499999999997
2021-03-22 23:00:00,51.15,95.0,76.73272727272727,27.54818181818182
2021-03-23 00:00:00,48.44,95.78,76.26181818181819,27.375454545454545
2021-03-23 01:00:00,45.44,103.05,75.45333333333333,26.734166666666667
2021-03-23 02:00:00,46.7,92.47,73.52250000000001,26.260833333333338
2021-03-23 03:00:00,49.57,88.22,74.09166666666665,25.688333333333333
2021-03-23 04:00:00,50.0,79.38,71.68818181818182,25.691818181818178
2021-03-23 05:00:00,46.59,78.7,71.98166666666665,25.422499999999996
2021-03-23 06:00:00,51.97,96.51,74.08333333333333,25.11666666666667
2021-03-23 07:00:00,75.17,129.2,72.95083333333334,25.544999999999998
2021-03-23 08:00:00,91.83,149.53,63.28416666666666,28.727499999999996
2021-03-23 09:00:00,82.1,149.87,53.04454545454546,32.199090909090906
2021-03-23 10:00:00,74.03,146.65,48.07,34.17454545454545
2021-03-23 11:00:00,62.73,112.0,46.13,34.61166666666667
2021-03-23 12:00:00,55.88,110.43,46.86916666666667,34.71083333333333
2021-03-23 13:00:00,58.41,109.22,47.86250000000001,34.73916666666666
2021-03-23 14:00:00,59.0,105.07,48.013999999999996,35.409000000000006
2021-03-23 15:00:00,55.59,112.62,48.23363636363636,34.5790909090909
2021-03-23 16:00:00,47.33,98.55,54.03583333333333,33.11666666666667
2021-03-23 17:00:00,41.73,100.8,58.16,31.951666666666668
2021-03-23 18:00:00,50.38,117.75,54.14818181818182,31.540000000000006
2021-03-23 19:00:00,50.3,115.52,53.903636363636366,30.865454545454543
2021-03-23 20:00:00,43.18,83.45,55.3890909090909,30.285454545454545
2021-03-23 21:00:00,49.7,97.64,57.86727272727273,29.447272727272722
2021-03-23 22:00:00,59.5,106.35,61.75,28.707272727272724
2021-03-23 23:00:00,53.3,84.0,63.710909090909084,28.220909090909092
2021-03-24 00:00:00,49.44,79.0,65.66181818181818,27.524545454545454
2021-03-24 01:00:00,53.27,73.0,67.49363636363636,27.427272727272726
2021-03-24 02:00:00,57.4,86.32,68.6809090909091,27.319090909090907
2021-03-24 03:00:00,66.53,106.45,64.95363636363635,27.16
2021-03-24 04:00:00,79.12,132.93,65.0,26.895999999999997
2021-03-24 05:00:00,85.27,129.6,65.30818181818181,26.524545454545454
2021-03-24 06:00:00,71.55,117.94,67.53090909090908,26.313636363636363
2021-03-24 07:00:00,75.82,129.8,65.99545454545455,26.985454545454544
2021-03-24 08:00:00,79.56,132.65,59.40083333333334,29.325833333333332
2021-03-24 09:00:00,90.24,171.03,52.199999999999996,32.35916666666666
2021-03-24 10:00:00,88.59,182.0,45.005833333333335,35.035
2021-03-24 11:00:00,87.15,172.0,40.620000000000005,36.693333333333335
2021-03-24 12:00:00,84.44,173.57,43.74666666666667,36.95583333333333
2021-03-24 13:00:00,77.18,145.02,49.23833333333334,36.335
2021-03-24 14:00:00,72.58,139.25,50.10666666666666,36.06583333333333
2021-03-24 15:00:00,78.84,153.34,49.76916666666667,35.73333333333333
2021-03-24 16:00:00,70.62,160.47,50.66416666666667,34.90666666666666
2021-03-24 17:00:00,69.0,135.38,52.12416666666667,33.888333333333335
2021-03-24 18:00:00,63.87,126.73,56.13846153846154,32.51923076923077
2021-03-24 19:00:00,71.53,139.1,60.76583333333334,30.915833333333335
2021-03-24 20:00:00,72.15,121.0,60.194615384615375,30.62769230769231
2021-03-24 21:00:00,63.47,108.0,59.475,29.855833333333333
2021-03-24 22:00:00,72.23,133.07,59.09307692307693,29.576153846153847
2021-03-24 23:00:00,86.83,175.12,62.55461538461538,28.535384615384615
2021-03-25 00:00:00,95.82,185.0,64.60615384615384,27.65461538461539
2021-03-25 01:00:00,87.62,154.56,64.3323076923077,27.233076923076926
2021-03-25 02:00:00,68.09,126.17,62.93538461538461,27.33846153846154
2021-03-25 03:00:00,58.18,94.55,61.92916666666667,27.204166666666662
2021-03-25 04:00:00,39.95,76.68,61.24333333333333,26.91416666666667
2021-03-25 05:00:00,38.7,79.27,65.84,26.264166666666668
2021-03-25 06:00:00,44.97,95.1,64.33666666666667,25.9975
2021-03-25 07:00:00,59.69,125.0,60.39000000000001,26.86666666666667
2021-03-25 08:00:00,60.3,121.87,44.903333333333336,31.099166666666665
2021-03-25 09:00:00,48.06,129.62,36.754615384615384,34.15461538461538
2021-03-25 10:00:00,51.97,157.07,33.27769230769231,36.07923076923077
2021-03-25 11:00:00,67.51,189.85,30.014615384615386,37.68076923076923
2021-03-25 12:00:00,57.21,132.0,32.82333333333333,38.225833333333334
2021-03-25 13:00:00,54.15,131.44,33.92666666666667,38.218333333333334
2021-03-25 14:00:00,39.5,113.6,33.43333333333333,38.45916666666667
2021-03-25 15:00:00,24.21,98.0,30.079166666666666,38.53999999999999
2021-03-25 16:00:00,16.87,73.0,27.354166666666668,38.26499999999999
2021-03-25 17:00:00,11.73,62.03,28.812727272727273,37.080909090909095
2021-03-25 18:00:00,6.72,28.0,31.292727272727276,35.045454545454554
2021-03-25 19:00:00,6.0,31.37,36.73909090909091,32.90909090909091
2021-03-25 20:00:00,11.12,23.03,39.646363636363624,31.60272727272727
2021-03-25 21:00:00,48.67,99.9,38.99636363636364,30.475454545454546
2021-03-25 22:00:00,54.15,114.19,41.34545454545455,29.49909090909091
2021-03-25 23:00:00,47.18,112.0,44.17363636363636,28.620909090909095
2021-03-26 00:00:00,49.4,103.41,47.378181818181815,28.033636363636358
2021-03-26 01:00:00,62.75,119.0,49.958181818181814,27.623636363636365
2021-03-26 02:00:00,62.44,119.78,53.08181818181818,26.828181818181818
2021-03-26 03:00:00,70.53,148.2,56.56727272727273,25.993636363636366
2021-03-26 04:00:00,64.35,131.72,57.75181818181818,25.85454545454546
2021-03-26 05:00:00,53.62,103.14,60.711818181818174,25.317272727272726
2021-03-26 06:00:00,57.97,102.61,62.16181818181817,24.974545454545453
2021-03-26 07:00:00,66.67,220.18,59.45272727272729,26.04090909090909
2021-03-26 08:00:00,54.36,163.02,49.790000000000006,29.482727272727267
2021-03-26 09:00:00,86.11,204.35,38.59090909090909,33.47909090909091
2021-03-26 10:00:00,86.03,196.37,33.170833333333334,35.699999999999996
2021-03-26 11:00:00,60.27,164.72,30.958333333333332,37.31250000000001
2021-03-26 12:00:00,46.65,129.9,31.250833333333333,38.099999999999994
2021-03-26 13:00:00,65.47,129.81,34.84416666666667,38.12166666666667
2021-03-26 14:00:00,41.71,111.7,34.56416666666667,38.169166666666676
2021-03-26 15:00:00,55.76,138.9,36.00333333333334,37.51916666666666
2021-03-26 16:00:00,63.27,144.88,36.0875,36.85666666666666
2021-03-26 17:00:00,48.65,121.0,38.19416666666666,35.80583333333333
2021-03-26 18:00:00,40.88,131.97,44.18083333333334,34.160000000000004
2021-03-26 19:00:00,61.32,182.0,49.600833333333334,32.52583333333334
2021-03-26 20:00:00,42.83,110.19,51.429166666666674,31.611666666666665
2021-03-26 21:00:00,42.41,106.39,51.06166666666667,30.75916666666667
2021-03-26 22:00:00,44.7,100.85,50.80083333333334,30.04666666666667
2021-03-26 23:00:00,54.41,100.84,51.54833333333334,29.10166666666667
2021-03-27 00:00:00,61.12,117.05,54.35166666666666,28.264166666666668
2021-03-27 01:00:00,55.18,96.02,55.67333333333334,27.584166666666665
2021-03-27 02:00:00,63.38,100.71,56.67272727272727,27.05454545454546
2021-03-27 03:00:00,55.59,95.38,59.142500000000005,26.424166666666668
2021-03-27 04:00:00,62.53,98.0,57.28333333333334,26.600833333333338
2021-03-27 05:00:00,79.35,143.0,61.98,26.050909090909098
2021-03-27 06:00:00,70.06,126.55,60.779090909090904,25.95090909090909
2021-03-27 07:00:00,76.53,150.98,59.07545454545455,26.775454545454544
2021-03-27 08:00:00,84.82,158.44,50.18454545454545,30.39818181818182
2021-03-27 09:00:00,73.21,154.03,39.45181818181818,34.58545454545455
2021-03-27 10:00:00,73.86,256.9841666666667,30.624999999999996,37.549166666666665
2021-03-27 11:00:00,79.53384615384616,214.47583333333333,28.327499999999997,39.26166666666666
2021-03-27 12:00:00,80.0,202.0,27.53846153846154,39.7323076923077
2021-03-27 13:00:00,69.77,171.56,28.22083333333333,40.2875
2021-03-27 14:00:00,55.21,130.22,30.67916666666667,39.81916666666667
2021-03-27 15:00:00,54.7,172.0,34.80083333333333,38.74333333333333
2021-03-27 16:00:00,68.64,199.42,37.53166666666666,37.38
2021-03-27 17:00:00,65.03,190.61,36.833333333333336,36.02583333333333
2021-03-27 18:00:00,53.77,149.97,35.22666666666667,34.76416666666666
2021-03-27 19:00:00,46.03,128.25,39.20583333333334,33.22666666666667
2021-03-27 20:00:00,41.59,119.95,38.9975,32.1625
2021-03-27 21:00:00,42.7,123.81,38.78181818181818,31.633636363636366
2021-03-27 22:00:00,66.03,148.63,42.93,29.52076923076923
2021-03-27 23:00:00,118.61,201.22,47.34769230769231,28.507692307692306
2021-03-28 00:00:00,119.35,197.61,52.39636363636364,28.150909090909092
2021-03-28 01:00:00,144.44,210.17,53.92333333333334,27.271666666666665
2021-03-28 02:00:00,118.2,182.22,57.67666666666667,27.120000000000005
2021-03-28 03:00:00,88.27,133.0,66.99,26.701666666666668
2021-03-28 04:00:00,87.41,155.72,68.61999999999999,26.83363636363636
2021-03-28 05:00:00,94.82,158.1,68.32538461538462,25.81230769230769
2021-03-28 06:00:00,96.0,153.88,69.6775,26.10416666666667
2021-03-28 07:00:00,86.62,161.59,68.94923076923077,26.318461538461538
2021-03-28 08:00:00,85.0,180.39,66.36583333333334,29.21666666666667
2021-03-28 09:00:00,119.97,260.98,62.577692307692296,31.537692307692303
2021-03-28 10:00:00,124.3,287.0,62.19833333333332,32.685833333333335
2021-03-28 11:00:00,98.33,236.08,63.214999999999996,33.40833333333333
2021-03-28 12:00:00,76.09,197.06,64.85499999999999,33.75333333333334
2021-03-28 13:00:00,65.33,175.74,67.81083333333333,33.300000000000004
2021-03-28 14:00:00,54.62,136.53,69.44461538461539,33.18846153846154
2021-03-28 15:00:00,49.59,121.32,69.08333333333334,33.223333333333336
2021-03-28 16:00:00,50.71,124.7,68.04615384615386,32.59384615384616
2021-03-28 17:00:00,42.47,123.0,70.24846153846154,31.409230769230767
2021-03-28 18:00:00,41.0,123.78,76.67916666666666,29.985833333333336
2021-03-28 19:00:00,38.43,124.56,80.16230769230768,28.80615384615385
2021-03-28 20:00:00,41.4,125.0,80.31416666666667,28.485000000000003
2021-03-28 21:00:00,45.41,115.6,79.93916666666668,28.325
2021-03-28 22:00:00,55.38,120.83,82.10923076923076,27.651538461538465
2021-03-28 23:00:00,72.35,131.62,83.71307692307693,27.22153846153846
2021-03-29 00:00:00,86.09,150.38,85.48307692307692,26.86
2021-03-29 01:00:00,110.17,171.39,87.14461538461539,26.656153846153845
2021-03-29 02:00:00,117.4,185.0,88.11923076923077,26.346923076923076
2021-03-29 03:00:00,119.7,177.97,89.02083333333333,26.537499999999998
2021-03-29 04:00:00,119.15,173.66,89.19,26.146153846153847
2021-03-29 05:00:00,95.9,146.46,89.3153846153846,25.947692307692307
2021-03-29 06:00:00,82.65,118.7,89.53307692307693,25.80923076923077
2021-03-29 07:00:00,66.55,102.07,88.78307692307693,26.333076923076923
2021-03-29 08:00:00,65.7,110.71,82.36692307692307,28.453076923076917
2021-03-29 09:00:00,110.34,163.3,71.14230769230768,31.23846153846154
2021-03-29 10:00:00,112.05,204.9,63.144615384615385,33.19538461538461
2021-03-29 11:00:00,106.73,205.22,58.47,34.40461538461539
2021-03-29 12:00:00,96.62,188.61,55.09153846153846,34.88846153846154
2021-03-29 13:00:00,99.27,186.35,56.55250000000001,34.959999999999994
2021-03-29 14:00:00,66.85,156.56,63.5923076923077,33.85692307692307
2021-03-29 15:00:00,51.62,130.0,60.37230769230769,33.7823076923077
2021-03-29 16:00:00,43.16,122.17,60.738333333333344,32.86833333333333
2021-03-29 17:00:00,27.55,109.07,62.71583333333333,32.4075
2021-03-29 18:00:00,25.0,88.06,73.75307692307693,30.26461538461539
2021-03-29 19:00:00,23.3,86.9,81.52846153846153,29.008461538461535
2021-03-29 20:00:00,25.56,82.52,83.37333333333335,28.653333333333336
2021-03-29 21:00:00,24.3,75.39,83.82000000000001,27.912307692307692
2021-03-29 22:00:00,21.45,60.85,85.18923076923078,27.354615384615386
2021-03-29 23:00:00,27.82,63.48,86.16615384615383,27.005384615384614
2021-03-30 00:00:00,27.3,65.0,86.63923076923076,26.62076923076923
2021-03-30 01:00:00,26.15,57.2,87.82307692307691,26.17615384615385
2021-03-30 02:00:00,24.3,51.1,88.23615384615384,25.697692307692307
2021-03-30 03:00:00,24.0,50.0,88.87153846153845,25.25461538461538
2021-03-30 04:00:00,23.15,53.13,89.13583333333334,25.0825
2021-03-30 05:00:00,20.44,48.95,89.42923076923077,24.794615384615387
2021-03-30 06:00:00,20.0,41.88,89.84846153846154,24.71692307692308
2021-03-30 07:00:00,24.27,41.78,89.23692307692308,25.599230769230772
2021-03-30 08:00:00,25.0,62.0,83.8753846153846,28.070769230769226
2021-03-30 09:00:00,32.67,93.0,76.07692307692308,30.028461538461535
2021-03-30 10:00:00,33.15,93.0,70.72999999999999,31.509230769230776
2021-03-30 11:00:00,24.47,90.66,69.27499999999999,31.85416666666666
2021-03-30 12:00:00,27.25,94.68,65.75615384615385,32.456923076923076
2021-03-30 13:00:00,22.88,88.63,61.928461538461534,32.76307692307692
2021-03-30 14:00:00,20.3,76.2,58.66692307692308,32.92923076923077
2021-03-30 15:00:00,16.59,62.38,55.61307692307692,33.07230769230769
2021-03-30 16:00:00,15.15,56.1,57.06333333333333,32.95583333333333
2021-03-30 17:00:00,10.75,51.88,62.23692307692307,31.465384615384615
2021-03-30 18:00:00,15.95,51.78,68.105,29.96666666666667
2021-03-30 19:00:00,15.29,71.0,73.59538461538462,28.221538461538458
2021-03-30 20:00:00,20.95,72.56,76.77,27.18846153846153
2021-03-30 21:00:00,22.85,69.1,79.08923076923075,26.482307692307693
2021-03-30 22:00:00,26.41,71.9,80.91615384615385,25.7923076923077
2021-03-30 23:00:00,21.05,59.73,81.63153846153847,25.217692307692307
2021-03-31 00:00:00,17.45,51.32,82.71769230769232,24.901538461538458
2021-03-31 01:00:00,23.82,46.88,84.03846153846153,24.60153846153846
2021-03-31 02:00:00,14.8,38.98,85.34846153846154,24.25692307692308
2021-03-31 03:00:00,13.0,38.0,86.12923076923076,24.06692307692307
2021-03-31 04:00:00,15.55,35.75,86.63083333333333,23.9575
2021-03-31 05:00:00,14.29,34.0,87.6225,23.771666666666675
2021-03-31 06:00:00,14.0,33.44,88.22307692307692,23.743076923076924
2021-03-31 07:00:00,13.15,35.34,86.57666666666665,25.205000000000002
2021-03-31 08:00:00,17.25,46.93,78.94999999999999,28.310769230769232
2021-03-31 09:00:00,23.97,75.0,71.58916666666669,30.304166666666664
2021-03-31 10:00:00,24.15,78.12,64.46999999999998,31.718333333333334
2021-03-31 11:00:00,26.56,98.0,63.355,32.388333333333335
2021-03-31 12:00:00,24.43,100.0,61.93615384615384,32.636923076923075
2021-03-31 13:00:00,28.34538461538462,97.75,61.13666666666668,32.650833333333345
2021-03-31 14:00:00,23.345384615384617,92.1,64.18,32.464999999999996
2021-03-31 15:00:00,19.0,91.78,66.43749999999999,32.23
2021-03-31 16:00:00,20.7,95.9,68.03583333333334,31.872500000000006
2021-03-31 17:00:00,25.25,98.0,71.40615384615386,31.024615384615387
2021-03-31 18:00:00,24.3,96.44,78.49384615384615,29.306153846153848
2021-03-31 19:00:00,25.7,97.69,82.9,28.004615384615388
2021-03-31 20:00:00,30.27,104.46,84.50615384615384,27.43307692307692
2021-03-31 21:00:00,28.44,99.75,85.79076923076923,26.873076923076926
2021-03-31 22:00:00,31.4,90.06,87.15153846153846,26.353846153846153
2021-03-31 23:00:00,27.75,81.66,87.48666666666666,26.585000000000004
2021-04-01 00:00:00,23.6,81.0,86.51,26.525384615384613
2021-04-01 01:00:00,25.55,79.0,86.01846153846154,26.55461538461538
2021-04-01 02:00:00,26.0,77.0,85.53230769230768,26.60615384615384
2021-04-01 03:00:00,49.02,107.44,85.46692307692307,26.552307692307693
2021-04-01 04:00:00,37.0,112.0,85.35076923076923,26.475384615384616
2021-04-01 05:00:00,38.7,121.37,85.56,26.368461538461546
2021-04-01 06:00:00,35.59,115.41,85.99333333333334,26.4575
2021-04-01 07:00:00,31.59,111.44,85.98846153846155,26.806923076923077
2021-04-01 08:00:00,42.09,131.2,81.75615384615384,28.38
2021-04-01 09:00:00,41.45,148.13,75.2976923076923,30.04769230769231
2021-04-01 10:00:00,50.38,168.44,70.23,31.455384615384613
2021-04-01 11:00:00,50.3,201.95,68.22153846153846,32.18
2021-04-01 12:00:00,55.97,214.28,68.53538461538461,32.143076923076926
2021-04-01 13:00:00,48.47,214.0,68.11083333333333,32.30833333333333
2021-04-01 14:00:00,45.8,192.05846153846153,67.49923076923078,32.34538461538461
2021-04-01 15:00:00,41.0,200.0,67.95833333333333,32.45000000000001
2021-04-01 16:00:00,44.4,201.0,68.63833333333334,32.06916666666667
2021-04-01 17:00:00,42.44,207.0,72.36583333333334,30.755
2021-04-01 18:00:00,47.1,200.83,76.3253846153846,29.36461538461539
2021-04-01 19:00:00,48.85,208.49,79.20000000000002,28.436153846153847
2021-04-01 20:00:00,51.55,205.75,80.93583333333332,28.11666666666667
2021-04-01 21:00:00,50.3,200.88,82.01769230769231,27.54
2021-04-01 22:00:00,45.73,188.0,82.03538461538461,27.366153846153846
2021-04-01 23:00:00,49.25,197.0,80.75692307692307,27.47384615384616
2021-04-02 00:00:00,45.75,195.44,79.62384615384616,27.39076923076923
2021-04-02 01:00:00,43.3,179.44,79.29846153846155,27.186153846153847
2021-04-02 02:00:00,43.86,168.75,79.82923076923076,26.9123076923077
2021-04-02 03:00:00,43.15,163.1,80.61538461538461,26.555384615384618
2021-04-02 04:00:00,40.44,147.22,81.42583333333333,26.272500000000004
2021-04-02 05:00:00,40.0,141.33,82.11076923076924,25.866923076923072
2021-04-02 06:00:00,34.03,136.11,83.41230769230768,25.72846153846153
2021-04-02 07:00:00,43.23,155.56,83.86999999999999,26.457692307692312
2021-04-02 08:00:00,56.05,232.25,78.70538461538462,28.30230769230769
2021-04-02 09:00:00,55.45,229.37,71.18384615384616,29.958461538461542
2021-04-02 10:00:00,52.44,212.08,66.31,31.453333333333333
2021-04-02 11:00:00,57.95,212.11,66.02307692307691,31.788461538461544
2021-04-02 12:00:00,57.3,223.89,65.60846153846154,32.04615384615384
2021-04-02 13:00:00,47.62,212.18,64.50076923076924,32.213076923076926
2021-04-02 14:00:00,43.44,197.11,64.53153846153847,32.113846153846154
2021-04-02 15:00:00,37.9,202.56,64.91153846153846,31.998461538461534
2021-04-02 16:00:00,39.56,202.67,65.76923076923077,31.629999999999995
2021-04-02 17:00:00,38.3,202.78,68.52083333333333,30.78666666666666
2021-04-02 18:00:00,38.85,199.1,72.84153846153846,29.23
2021-04-02 19:00:00,37.3,190.7,76.06076923076922,28.17538461538462
2021-04-02 20:00:00,36.15,181.63,77.53230769230768,27.686923076923076
2021-04-02 21:00:00,36.85,168.82,79.00307692307693,27.156923076923082
2021-04-02 22:00:00,37.85,155.07,80.24923076923076,26.736923076923077
2021-04-02 23:00:00,34.6,139.51,81.21923076923076,26.38230769230769
2021-04-03 00:00:00,34.0,132.0,82.09692307692309,26.026153846153843
2021-04-03 01:00:00,30.59,126.53,83.14727272727272,25.915454545454544
2021-04-03 02:00:00,31.7,129.68,83.52,25.59692307692308
2021-04-03 03:00:00,33.7,129.44,84.27250000000002,25.3475
2021-04-03 04:00:00,31.45,121.19,84.60333333333334,25.285000000000007
2021-04-03 05:00:00,37.84,118.0,84.72249999999998,25.159166666666664
2021-04-03 06:00:00,38.15,115.65,84.90615384615384,25.11384615384615
2021-04-03 07:00:00,33.73,112.66,83.44846153846154,26.14076923076923
2021-04-03 08:00:00,33.86,116.7,77.90846153846154,28.356923076923074
2021-04-03 09:00:00,43.38,181.0,73.11083333333333,29.8625
2021-04-03 10:00:00,66.25,217.56,70.14846153846153,30.85769230769231
2021-04-03 11:00:00,74.25,249.07,69.02461538461539,31.20384615384615
2021-04-03 12:00:00,46.01,185.0,68.55153846153846,31.220000000000002
2021-04-03 13:00:00,35.9,174.9,68.2425,31.459166666666665
2021-04-03 14:00:00,35.0,160.26,67.83923076923077,31.346153846153847
2021-04-03 15:00:00,28.2,148.75,68.07538461538462,31.167692307692302
2021-04-03 16:00:00,27.0,139.0,68.9353846153846,30.786923076923074
2021-04-03 17:00:00,28.7,126.51,72.57000000000001,29.765833333333337
2021-04-03 18:00:00,25.59,112.07,74.71083333333333,28.559166666666666
2021-04-03 19:00:00,22.44,106.0,77.41538461538462,28.060000000000002
2021-04-03 20:00:00,24.55,104.44,78.1875,27.671666666666667
2021-04-03 21:00:00,21.6,97.75,79.05749999999999,27.964166666666667
2021-04-03 22:00:00,22.7,91.32,80.00846153846153,27.510769230769235
2021-04-03 23:00:00,18.73,88.44,80.69846153846153,27.283846153846152
2021-04-04 00:00:00,23.95,91.34,81.30461538461539,27.028461538461542
2021-04-04 01:00:00,26.7,92.88,81.63916666666667,26.992500000000003
2021-04-04 02:00:00,23.59,88.1,81.74384615384616,26.60692307692307
2021-04-04 03:00:00,26.4,89.0,81.8876923076923,26.47615384615385
2021-04-04 04:00:00,19.32,78.08,82.09153846153846,26.36538461538462
2021-04-04 05:00:00,34.2,96.0,82.67076923076924,26.376153846153848
2021-04-04 06:00:00,34.45,116.78,82.25538461538461,26.466923076923077
2021-04-04 07:00:00,29.73,157.69,81.61666666666666,27.139166666666668
2021-04-04 08:00:00,31.55,160.22,75.58461538461539,28.774615384615387
2021-04-04 09:00:00,36.25,146.22,70.48692307692308,30.326153846153844
2021-04-04 10:00:00,36.15,137.0,66.53846153846153,31.754615384615388
2021-04-04 11:00:00,32.59,142.46,65.12307692307692,32.395384615384614
2021-04-04 12:00:00,37.1,160.39,65.17923076923077,32.714615384615385
2021-04-04 13:00:00,32.88,144.72,65.59615384615384,32.64923076923076
2021-04-04 14:00:00,26.9,127.29,65.86461538461539,32.681538461538466
2021-04-04 15:00:00,26.85,127.4,65.73666666666666,32.775
2021-04-04 16:00:00,24.45,123.75,68.138,31.863
2021-04-04 17:00:00,23.15,126.68,71.33,30.774000000000008
2021-04-04 18:00:00,27.27,123.32,76.36500000000001,29.342999999999996
2021-04-04 19:00:00,24.59,117.32,78.49384615384615,28.62692307692308
2021-04-04 20:00:00,23.15,108.19,80.16307692307691,28.21846153846154
2021-04-04 21:00:00,26.41,101.32,81.92384615384616,27.85615384615384
2021-04-04 22:00:00,26.15,90.63,83.20923076923077,27.518461538461533
2021-04-04 23:00:00,26.85,86.88,84.15846153846155,27.272307692307695
2021-04-05 00:00:00,22.75,80.0,85.16538461538462,27.035384615384615
2021-04-05 01:00:00,22.85,78.44,85.55846153846151,26.822307692307692
2021-04-05 02:00:00,18.73,71.0,85.97000000000001,26.54153846153846
2021-04-05 03:00:00,16.3,65.0,86.15615384615386,26.373846153846156
2021-04-05 04:00:00,16.0,60.0,86.13384615384615,26.20230769230769
2021-04-05 05:00:00,18.58,58.87,86.33307692307692,26.075384615384614
2021-04-05 06:00:00,22.4,54.11,86.38384615384615,26.021538461538462
2021-04-05 07:00:00,23.0,52.22,84.66307692307693,26.886153846153846
2021-04-05 08:00:00,19.59,67.6,78.95153846153845,28.904615384615383
2021-04-05 09:00:00,22.4,79.03,72.95846153846153,30.50923076923077
2021-04-05 10:00:00,22.15,90.0,68.85153846153845,31.91769230769231
2021-04-05 11:00:00,29.65,109.44,68.25000000000001,32.43076923076923
2021-04-05 12:00:00,31.0,120.49,68.1930769230769,32.52076923076923
2021-04-05 13:00:00,24.2,108.74,67.14076923076924,32.83461538461539
2021-04-05 14:00:00,23.0,104.22,66.23461538461538,32.93230769230768
2021-04-05 15:00:00,22.15,109.46,65.65153846153845,32.58384615384615
2021-04-05 16:00:00,18.6,119.0,64.74615384615385,32.31923076923077
2021-04-05 17:00:00,19.7,118.22,68.74833333333332,31.4375
2021-04-05 18:00:00,18.3,101.67,72.81583333333333,30.23
2021-04-05 19:00:00,18.0,95.34,74.21545454545456,29.64909090909091
2021-04-05 20:00:00,19.7,89.32,75.72461538461539,28.923846153846153
2021-04-05 21:00:00,22.55,96.59,75.86166666666665,28.430833333333336
2021-04-05 22:00:00,25.55,89.64,75.77615384615386,27.711538461538456
2021-04-05 23:00:00,32.8,87.78,76.00250000000001,27.19416666666667
2021-04-06 00:00:00,28.05,78.67,77.29333333333334,26.774166666666662
2021-04-06 01:00:00,25.3,73.0,77.15909090909092,26.566363636363636
2021-04-06 02:00:00,24.15,73.0,75.74583333333332,26.294999999999998
2021-04-06 03:00:00,24.85,80.03,73.03166666666668,25.810000000000002
2021-04-06 04:00:00,21.59,71.85,73.725,25.30333333333333
2021-04-06 05:00:00,22.7,60.0,73.69923076923077,25.03846153846154
2021-04-06 06:00:00,27.25,60.78,73.45230769230768,24.812307692307698
2021-04-06 07:00:00,31.4,78.95,70.76076923076924,26.270000000000003
2021-04-06 08:00:00,29.44,79.0,62.864615384615384,30.02307692307692
2021-04-06 09:00:00,34.12,95.33,54.59727272727273,33.00272727272727
2021-04-06 10:00:00,38.4,121.0,45.46636363636364,35.91181818181818
2021-04-06 11:00:00,56.05,162.78,47.74833333333333,36.62166666666666
2021-04-06 12:00:00,57.3,165.0,54.607499999999995,36.43083333333333
2021-04-06 13:00:00,49.35,349.21,59.220000000000006,35.68583333333333
2021-04-06 14:00:00,37.8,191.81,59.28333333333333,35.85833333333334
2021-04-06 15:00:00,39.4,140.78,51.36818181818182,36.546363636363644
2021-04-06 16:00:00,50.23,145.32,45.1175,35.97166666666666
2021-04-06 17:00:00,31.6,89.0,50.137499999999996,34.465833333333336
2021-04-06 18:00:00,25.45,98.0,61.73,32.29833333333334
2021-04-06 19:00:00,24.15,107.37,69.19083333333333,30.814166666666665
2021-04-06 20:00:00,30.82,106.89,69.50416666666668,30.21916666666667
2021-04-06 21:00:00,26.9,84.92,69.88090909090909,29.59
2021-04-06 22:00:00,20.9,68.85,73.78249999999998,28.715
2021-04-06 23:00:00,26.8,71.0,76.70416666666667,28.065
2021-04-07 00:00:00,32.25,76.56,78.14166666666667,27.6725
2021-04-07 01:00:00,23.62,72.33,79.15636363636364,27.203636363636363
2021-04-07 02:00:00,26.25,67.88,81.37583333333335,26.925833333333333
2021-04-07 03:00:00,19.35,68.56,82.80999999999999,26.5775
2021-04-07 04:00:00,21.4,63.0,84.32333333333334,26.076666666666664
2021-04-07 05:00:00,20.3,67.67,84.71909090909091,25.901818181818182
2021-04-07 06:00:00,16.61,64.0,85.1925,25.771666666666665
2021-04-07 07:00:00,18.55,59.33,83.72833333333334,26.825833333333335
2021-04-07 08:00:00,30.9,87.66,75.52083333333333,29.721666666666664
2021-04-07 09:00:00,44.9,110.05,65.79538461538462,32.043846153846154
2021-04-07 10:00:00,34.21,100.0,59.683076923076925,33.818461538461534
2021-04-07 11:00:00,35.4,121.0,60.88923076923077,34.09538461538461
2021-04-07 12:00:00,46.2,166.0,61.99692307692308,34.215384615384615
2021-04-07 13:00:00,38.65,143.0,63.81692307692309,34.25538461538462
2021-04-07 14:00:00,32.75,138.33,61.518333333333324,34.21166666666667
2021-04-07 15:00:00,34.55,130.78,57.51250000000001,34.300000000000004
2021-04-07 16:00:00,38.4,132.0,56.616666666666674,33.939166666666665
2021-04-07 17:00:00,32.2,126.44,58.82916666666666,32.700833333333335
2021-04-07 18:00:00,28.45,112.56,62.734166666666674,31.22916666666666
2021-04-07 19:00:00,29.7,110.44,66.7775,30.260833333333334
2021-04-07 20:00:00,26.6,98.0,67.17999999999999,29.72583333333333
2021-04-07 21:00:00,29.4,90.89,69.31583333333333,29.15166666666667
2021-04-07 22:00:00,35.95,88.44,72.00636363636363,28.814545454545456
2021-04-07 23:00:00,37.0,102.0,75.58272727272728,28.832727272727276
2021-04-08 00:00:00,31.05,98.89,75.55916666666666,28.53333333333333
2021-04-08 01:00:00,30.0,80.83,76.87249999999999,28.255
2021-04-08 02:00:00,23.2,64.0,78.39083333333333,27.845833333333335
2021-04-08 03:00:00,23.7,65.11,79.44181818181818,27.122727272727275
2021-04-08 04:00:00,22.3,61.0,82.09750000000001,26.77333333333333
2021-04-08 05:00:00,22.85,63.22,85.97272727272728,26.163636363636364
2021-04-08 06:00:00,23.0,59.55,83.9275,26.474166666666672
2021-04-08 07:00:00,23.0,67.37,82.52833333333334,27.49916666666667
2021-04-08 08:00:00,25.55,73.9,77.80916666666667,29.338333333333335
2021-04-08 09:00:00,36.2,113.25,73.265,30.576666666666664
2021-04-08 10:00:00,33.75,133.33,71.44666666666667,31.275000000000002
2021-04-08 11:00:00,37.25,141.47,71.20916666666668,31.909999999999997
2021-04-08 12:00:00,36.3,148.47,71.29181818181819,32.63272727272727
2021-04-08 13:00:00,30.9,141.58,73.99249999999999,31.9825
2021-04-08 14:00:00,27.44,120.17,73.15750000000001,32.151666666666664
2021-04-08 15:00:00,28.7,125.37,72.54166666666667,31.885833333333334
2021-04-08 16:00:00,25.6,104.58,71.8825,31.403333333333332
2021-04-08 17:00:00,30.95,105.0,73.52166666666668,30.671666666666667
2021-04-08 18:00:00,27.75,113.0,76.65416666666665,29.58333333333334
2021-04-08 19:00:00,29.55,106.0,78.89666666666666,28.738333333333333
2021-04-08 20:00:00,33.4,107.56,79.53636363636365,28.528181818181814
2021-04-08 21:00:00,33.15,101.0,82.14833333333333,27.80083333333333
2021-04-08 22:00:00,38.95,101.78,83.83833333333332,27.493333333333336
2021-04-08 23:00:00,32.33,97.4,85.495,27.13666666666667
2021-04-09 00:00:00,32.7,77.24,86.41500000000002,26.996666666666666
2021-04-09 01:00:00,29.6,75.34,86.36000000000001,26.802500000000006
2021-04-09 02:00:00,28.15,72.11,86.84666666666665,26.454166666666662
2021-04-09 03:00:00,23.75,61.67,87.44916666666666,26.080000000000002
2021-04-09 04:00:00,17.9,47.0,88.32916666666667,25.683333333333334
2021-04-09 05:00:00,17.85,45.0,89.06333333333332,25.557499999999994
2021-04-09 06:00:00,15.45,52.78,89.21916666666665,25.513333333333332
2021-04-09 07:00:00,20.95,50.32,87.95083333333334,26.497500000000002
2021-04-09 08:00:00,21.15,53.45,80.65916666666668,28.810833333333335
2021-04-09 09:00:00,32.9,100.71,73.43500000000002,30.618333333333336
2021-04-09 10:00:00,38.4,119.66,66.60769230769232,32.096923076923076
2021-04-09 11:00:00,33.05,118.0,66.2076923076923,32.74769230769231
2021-04-09 12:00:00,43.02,133.22,65.85,33.23916666666667
2021-04-09 13:00:00,36.5,140.0,65.89,33.097500000000004
2021-04-09 14:00:00,31.6,139.0,66.8409090909091,33.13727272727272
2021-04-09 15:00:00,34.4,145.25,65.83272727272727,33.11818181818182
2021-04-09 16:00:00,35.0,159.44,66.2125,32.63666666666667
2021-04-09 17:00:00,35.85,177.0,70.56363636363636,31.20454545454545
2021-04-09 18:00:00,35.15,188.67,74.6190909090909,29.866363636363634
2021-04-09 19:00:00,67.3,229.22,77.05545454545455,29.477272727272727
2021-04-09 20:00:00,50.05,218.56,80.0018181818182,28.828181818181818
2021-04-09 21:00:00,49.41,201.44,82.49272727272728,27.99272727272727
2021-04-09 22:00:00,38.06,179.3,84.62416666666668,27.785833333333333
2021-04-09 23:00:00,37.7,167.5,85.67272727272727,27.24181818181818
2021-04-10 00:00:00,37.15,136.0,85.88833333333334,27.290833333333328
2021-04-10 01:00:00,33.6,139.89,84.72545454545455,26.95727272727273
2021-04-10 02:00:00,33.85,152.67,85.35666666666667,26.80333333333333
2021-04-10 03:00:00,34.0,145.0,86.22416666666668,26.180833333333336
2021-04-10 04:00:00,28.9,128.0,86.477,25.622000000000003
2021-04-10 05:00:00,37.35,132.0,87.52583333333335,25.263333333333332
2021-04-10 06:00:00,44.1,133.0,87.67833333333334,25.263333333333335
2021-04-10 07:00:00,42.45,128.33,86.30199999999999,26.094
2021-04-10 08:00:00,42.0,144.94,79.79916666666666,28.5175
2021-04-10 09:00:00,57.3,182.67,67.92333333333333,31.5175
2021-04-10 10:00:00,55.73,186.56,60.14916666666667,33.525000000000006
2021-04-10 11:00:00,60.1,205.22,61.891538461538474,33.56153846153847
2021-04-10 12:00:00,64.46,220.03,62.69166666666666,33.811666666666675
2021-04-10 13:00:00,52.25,201.33,62.56583333333333,34.19083333333333
2021-04-10 14:00:00,43.18,175.33,64.83384615384615,33.39846153846153
2021-04-10 15:00:00,31.8,153.67,67.69166666666668,32.865833333333335
2021-04-10 16:00:00,30.0,138.07,69.49846153846154,31.925384615384612
2021-04-10 17:00:00,27.45,122.56,71.74923076923076,31.172307692307694
2021-04-10 18:00:00,24.45,117.0,76.14538461538461,30.019999999999996
2021-04-10 19:00:00,34.2,135.67,81.06750000000001,29.031666666666666
2021-04-10 20:00:00,39.4,134.78,80.6076923076923,28.904615384615383
2021-04-10 21:00:00,31.5,118.22,82.31923076923077,28.63153846153846
2021-04-10 22:00:00,33.4,115.55,83.75076923076924,28.10230769230769
2021-04-10 23:00:00,39.95,110.58,84.74846153846154,27.654615384615383
2021-04-11 00:00:00,38.46,102.03,84.95000000000002,27.033846153846152
2021-04-11 01:00:00,31.2,91.75,84.51,26.468461538461536
2021-04-11 02:00:00,29.15,82.25,84.47692307692309,26.150000000000002
2021-04-11 03:00:00,28.15,69.11,85.18999999999998,26.17
2021-04-11 04:00:00,27.15,80.0,86.29461538461538,26.206923076923076
2021-04-11 05:00:00,26.15,73.0,86.4825,26.48
2021-04-11 06:00:00,31.1,70.22,88.0676923076923,25.780000000000005
2021-04-11 07:00:00,32.85,74.66,85.91166666666668,26.38416666666667
2021-04-11 08:00:00,38.08,100.98,77.27230769230768,28.58230769230769
2021-04-11 09:00:00,46.65,128.22,67.55230769230769,30.792307692307688
2021-04-11 10:00:00,53.1,154.22,55.922307692307704,33.61923076923077
2021-04-11 11:00:00,45.5,143.33,47.099230769230765,35.49
2021-04-11 12:00:00,36.35,113.89,51.09384615384616,35.656923076923086
2021-04-11 13:00:00,39.23,114.22,51.609166666666674,35.961666666666666
2021-04-11 14:00:00,49.35,156.11,56.74615384615384,35.268461538461544
2021-04-11 15:00:00,40.8,127.0,58.04538461538462,34.96692307692308
2021-04-11 16:00:00,33.05,123.0,59.94583333333333,34.82
2021-04-11 17:00:00,27.75,111.29,70.14153846153846,32.41230769230769
2021-04-11 18:00:00,20.2,104.89,76.60583333333334,31.108333333333334
2021-04-11 19:00:00,23.25,104.0,82.07384615384616,29.864615384615384
2021-04-11 20:00:00,23.15,101.67,83.8069230769231,29.29076923076923
2021-04-11 21:00:00,29.8,94.79,84.33692307692309,28.83153846153846
2021-04-11 22:00:00,25.05,90.67,84.465,28.444166666666664
2021-04-11 23:00:00,26.55,88.67,85.1576923076923,27.763076923076923
2021-04-12 00:00:00,27.85,110.86166666666668,86.27769230769232,27.613846153846147
2021-04-12 01:00:00,34.8,93.0,86.76999999999998,27.57307692307692
2021-04-12 02:00:00,36.0,84.0,87.32769230769229,27.65615384615385
2021-04-12 03:00:00,30.05,74.0,87.16230769230768,27.68846153846154
2021-04-12 04:00:00,24.75,74.0,87.42999999999999,27.47923076923077
2021-04-12 05:00:00,24.85,62.33,88.43307692307692,27.077692307692306
2021-04-12 06:00:00,23.3,56.8,89.26692307692308,26.820769230769233
2021-04-12 07:00:00,21.3,53.89,88.20076923076923,27.676923076923078
2021-04-12 08:00:00,20.15,57.65,82.25076923076924,29.656153846153845
2021-04-12 09:00:00,44.65,91.22,75.96615384615384,31.483076923076922
2021-04-12 10:00:00,54.1,127.85,68.73692307692308,33.18846153846154
2021-04-12 11:00:00,57.54,137.22,63.96923076923077,34.46384615384615
2021-04-12 12:00:00,58.0,142.89,61.362307692307695,35.002307692307696
2021-04-12 13:00:00,49.5,140.11,57.49583333333334,35.14
2021-04-12 14:00:00,37.8,124.28,61.43846153846154,34.56923076923077
2021-04-12 15:00:00,34.3,126.0,61.72153846153846,34.326153846153844
2021-04-12 16:00:00,34.0,118.0,60.026923076923076,34.098461538461535
2021-04-12 17:00:00,28.9,115.22,59.98769230769231,33.33384615384615
2021-04-12 18:00:00,22.9,102.92,59.57083333333333,32.8675
2021-04-12 19:00:00,31.35,142.0,64.0946153846154,31.58692307692308
2021-04-12 20:00:00,33.0,157.0,63.81384615384616,31.287692307692307
2021-04-12 21:00:00,41.47,145.11,66.8723076923077,30.32384615384615
2021-04-12 22:00:00,59.15,130.44,70.17076923076924,29.286923076923078
2021-04-12 23:00:00,55.2,118.47,72.82923076923078,29.02692307692308
2021-04-13 00:00:00,51.46,110.9,75.19769230769232,29.038461538461544
2021-04-13 01:00:00,36.55,94.44,76.70384615384616,29.004615384615384
2021-04-13 02:00:00,28.9,79.89,78.13538461538461,28.799230769230768
2021-04-13 03:00:00,21.22,70.0,79.47153846153846,28.61
2021-04-13 04:00:00,21.7,61.0,79.19083333333333,28.572499999999994
2021-04-13 05:00:00,25.4,64.11,79.63000000000001,28.173333333333332
2021-04-13 06:00:00,27.7,75.89,80.06416666666665,27.8925
2021-04-13 07:00:00,38.2,95.28,77.02923076923076,28.60461538461539
2021-04-13 08:00:00,47.65,113.95,70.69615384615386,30.903076923076927
2021-04-13 09:00:00,49.85,120.22,62.71307692307692,33.393076923076926
2021-04-13 10:00:00,52.55,128.97,54.97846153846153,35.48384615384615
2021-04-13 11:00:00,58.97,149.67,57.5846153846154,35.665384615384625
2021-04-13 12:00:00,59.15,163.56,63.349230769230765,34.864615384615384
2021-04-13 13:00:00,38.6,136.44,66.59692307692308,34.52384615384616
2021-04-13 14:00:00,37.56,124.11,63.12769230769231,34.72615384615385
2021-04-13 15:00:00,38.85,123.0,62.01846153846153,34.8323076923077
2021-04-13 16:00:00,32.2,105.11,64.2475,34.05166666666666
2021-04-13 17:00:00,31.85,103.88,67.11153846153846,32.97769230769231
2021-04-13 18:00:00,32.85,105.78,72.30615384615385,31.458461538461542
2021-04-13 19:00:00,30.46,114.2,77.47846153846154,30.35692307692308
2021-04-13 20:00:00,27.45,112.11,80.53384615384616,29.663846153846155
2021-04-13 21:00:00,38.9,113.33,82.86,29.212307692307693
2021-04-13 22:00:00,29.95,96.89,84.50615384615384,29.059230769230773
2021-04-13 23:00:00,30.55,85.0,84.6,28.910000000000004
2021-04-14 00:00:00,29.3,81.0,84.55461538461537,28.842307692307696
2021-04-14 01:00:00,29.0,71.0,84.83230769230771,28.754615384615384
2021-04-14 02:00:00,23.05,72.55,84.31500000000001,29.0
2021-04-14 03:00:00,24.55,69.89,83.82916666666667,28.905
2021-04-14 04:00:00,25.85,72.12,83.89333333333333,28.625833333333333
2021-04-14 05:00:00,21.75,69.12,84.40666666666668,28.245000000000005
2021-04-14 06:00:00,26.95,56.33,85.23583333333333,27.94583333333333
2021-04-14 07:00:00,23.75,53.33,83.43166666666666,28.866666666666664
2021-04-14 08:00:00,28.1,56.7,75.61272727272727,30.94909090909091
2021-04-14 09:00:00,35.8,75.17,67.89692307692307,32.54923076923076
2021-04-14 10:00:00,37.85,85.0,60.60000000000001,34.34461538461539
2021-04-14 11:00:00,38.85,97.44,59.774166666666666,34.725833333333334
2021-04-14 12:00:00,43.25,105.65,61.21,34.825
2021-04-14 13:00:00,50.78,136.0,60.18083333333333,35.59833333333333
2021-04-14 14:00:00,50.3,140.65,60.33692307692307,35.47230769230769
2021-04-14 15:00:00,44.05,135.78,65.92083333333333,34.48916666666667
2021-04-14 16:00:00,38.75,112.0,69.11333333333333,33.538333333333334
2021-04-14 17:00:00,32.05,108.9,72.92454545454545,32.232727272727274
2021-04-14 18:00:00,31.85,101.89,77.71272727272729,30.875454545454545
2021-04-14 19:00:00,29.91,95.34,80.34666666666668,29.9875
2021-04-14 20:00:00,22.23,83.36,81.54,29.60166666666667
2021-04-14 21:00:00,21.85,80.0,81.97000000000001,29.456666666666667
2021-04-14 22:00:00,25.4,82.33,82.17454545454547,29.55363636363636
2021-04-14 23:00:00,26.85,79.89,83.28166666666668,28.974166666666665
2021-04-15 00:00:00,24.46,64.0,84.10666666666665,28.52416666666667
2021-04-15 01:00:00,24.0,61.0,84.50181818181818,28.481818181818184
2021-04-15 02:00:00,29.1,64.88,86.31583333333334,27.891666666666666
2021-04-15 03:00:00,29.15,59.0,87.14166666666665,27.505
2021-04-15 04:00:00,31.55,46.0,87.2425,27.18833333333333
2021-04-15 05:00:00,21.8,49.1,87.11166666666666,26.97
2021-04-15 06:00:00,23.4,48.89,87.71416666666666,26.955
2021-04-15 07:00:00,24.0,48.78,86.20916666666666,28.0525
2021-04-15 08:00:00,27.39,67.6,79.43166666666666,30.224999999999998
2021-04-15 09:00:00,38.2,83.11,70.46083333333334,32.44166666666667
2021-04-15 10:00:00,44.27,107.0,62.37333333333333,34.1275
2021-04-15 11:00:00,45.86,104.66,58.40166666666667,34.530833333333334
2021-04-15 12:00:00,47.7,115.62,59.11166666666666,34.89083333333334
2021-04-15 13:00:00,48.85,122.11,58.005833333333335,34.87083333333333
2021-04-15 14:00:00,43.07,114.75,60.87166666666665,34.485
2021-04-15 15:00:00,41.15,101.95,67.26333333333334,33.65083333333333
2021-04-15 16:00:00,33.35,89.22,70.8075,32.80416666666667
2021-04-15 17:00:00,26.9,83.12,72.57636363636364,32.27636363636364
2021-04-15 18:00:00,26.85,76.58,76.99727272727274,30.925454545454542
2021-04-15 19:00:00,33.8,81.97,80.08416666666668,29.685000000000002
2021-04-15 20:00:00,34.15,87.11,81.59,28.91307692307693
2021-04-15 21:00:00,36.55,84.89,82.69,28.543846153846154
2021-04-15 22:00:00,38.7,80.11,83.66692307692308,28.166923076923077
2021-04-15 23:00:00,33.9,72.8,84.52416666666666,28.026666666666667
2021-04-16 00:00:00,30.45,71.0,85.38,27.939090909090908
2021-04-16 01:00:00,34.25,58.0,87.29692307692306,27.33923076923077
2021-04-16 02:00:00,42.65,72.78,87.08166666666665,27.287499999999998
2021-04-16 03:00:00,45.7,70.8,87.24538461538462,26.719230769230766
2021-04-16 04:00:00,34.95,57.33,86.63076923076922,26.20384615384615
2021-04-16 05:00:00,28.75,49.35,86.80230769230768,25.813076923076917
2021-04-16 06:00:00,28.85,46.45,87.46846153846155,25.72846153846154
2021-04-16 07:00:00,23.92,54.55,84.89769230769231,27.06153846153847
2021-04-16 08:00:00,26.4,63.2,75.90333333333332,29.840833333333332
2021-04-16 09:00:00,30.4,66.65,62.81916666666667,32.30083333333334
2021-04-16 10:00:00,26.77,66.9,58.74000000000001,33.34615384615384
2021-04-16 11:00:00,25.15,76.08,60.8525,33.720000000000006
2021-04-16 12:00:00,26.7,82.11,64.37333333333333,33.66833333333334
2021-04-16 13:00:00,27.0,81.45,66.3153846153846,33.48615384615385
2021-04-16 14:00:00,17.65,76.35,67.01416666666667,33.744166666666665
2021-04-16 15:00:00,15.15,73.45,69.42384615384616,32.70307692307693
2021-04-16 16:00:00,18.4,72.22,69.88615384615383,32.35230769230769
2021-04-16 17:00:00,20.7,70.45,73.40461538461537,31.447692307692304
2021-04-16 18:00:00,20.15,70.7,80.66428571428571,30.445714285714285
2021-04-16 19:00:00,24.23,82.94125,82.62142857142858,29.464285714285715
2021-04-16 20:00:00,22.45,70.6275,83.46142857142857,28.992857142857144
2021-04-16 21:00:00,22.0,67.0,80.61083333333333,28.319999999999997
2021-04-16 22:00:00,22.0,61.58,81.26416666666667,28.174166666666675
2021-04-16 23:00:00,24.55,63.1,81.24000000000001,28.20454545454545
2021-04-17 00:00:00,24.15,60.9,81.35166666666667,27.8325
2021-04-17 01:00:00,19.73,56.11,82.6025,27.610833333333336
2021-04-17 02:00:00,14.75,48.8,83.59250000000002,27.305000000000003
2021-04-17 03:00:00,14.85,40.01,84.25416666666668,26.82416666666667
2021-04-17 04:00:00,15.85,34.68,84.19666666666667,26.364166666666662
2021-04-17 05:00:00,13.45,31.23,84.8325,25.885
2021-04-17 06:00:00,13.0,36.42,85.7925,25.91416666666667
2021-04-17 07:00:00,14.7,41.88,81.51636363636364,27.031818181818185
2021-04-17 08:00:00,32.0,74.89,73.772,29.357999999999997
2021-04-17 09:00:00,24.8,63.85,68.76500000000001,31.014
2021-04-17 10:00:00,18.75,53.33,67.21833333333333,32.88999999999999
2021-04-17 11:00:00,22.23,59.15,67.2925,33.462500000000006
2021-04-17 12:00:00,32.35,101.0,69.027,33.907000000000004
2021-04-17 13:00:00,30.61,96.49571428571429,71.93857142857142,34.63142857142858
2021-04-17 14:00:00,23.2,91.0925,73.92999999999999,34.30142857142857
2021-04-17 15:00:00,22.85,76.25,73.58857142857144,34.10857142857143
2021-04-17 16:00:00,25.55,88.0,67.78363636363636,33.66909090909091
2021-04-17 17:00:00,24.3,86.44,69.025,32.49916666666667
2021-04-17 18:00:00,18.05,78.22,71.6809090909091,31.568181818181824
2021-04-17 19:00:00,22.95,77.65,77.77916666666665,30.08666666666667
2021-04-17 20:00:00,28.25,78.45,80.93083333333333,29.468333333333334
2021-04-17 21:00:00,30.7,79.65,82.59250000000002,29.137500000000003
2021-04-17 22:00:00,36.95,85.65,83.75583333333333,28.84166666666667
2021-04-17 23:00:00,38.0,88.55,85.15499999999999,28.630833333333328
2021-04-18 00:00:00,30.4,77.38,86.2590909090909,28.45181818181818
2021-04-18 01:00:00,27.3,62.38,86.75727272727273,28.19363636363636
2021-04-18 02:00:00,22.77,57.45,87.16818181818182,27.992727272727276
2021-04-18 03:00:00,21.15,51.59,87.26272727272728,27.80454545454546
2021-04-18 04:00:00,19.3,48.0,87.30727272727273,27.617272727272724
2021-04-18 05:00:00,19.0,44.0,87.04636363636365,27.433636363636364
2021-04-18 06:00:00,21.55,44.0,86.97363636363637,27.166363636363634
2021-04-18 07:00:00,30.5,53.3,84.45272727272727,28.41909090909091
2021-04-18 08:00:00,30.3,64.56,76.39454545454545,30.80636363636364
2021-04-18 09:00:00,35.1,87.15,69.83272727272727,32.68181818181819
2021-04-18 10:00:00,35.15,98.42,61.82111111111111,35.07555555555555
2021-04-18 11:00:00,49.45,125.63,65.99199999999999,34.952999999999996
2021-04-18 12:00:00,51.15,132.22,68.761,34.696000000000005
2021-04-18 13:00:00,42.53,119.22,70.69111111111111,35.10777777777778
2021-04-18 14:00:00,33.38,91.14,68.17444444444443,35.382222222222225
2021-04-18 15:00:00,32.85,98.4,67.41222222222223,35.31555555555556
2021-04-18 16:00:00,35.54,105.1,67.19222222222223,35.044444444444444
2021-04-18 17:00:00,41.95,111.42,71.99777777777777,34.05888888888888
2021-04-18 18:00:00,44.7,119.2,73.56666666666666,32.669999999999995
2021-04-18 19:00:00,46.7,139.6,76.72222222222223,31.48222222222222
2021-04-18 20:00:00,49.55,134.93,78.24222222222221,30.776666666666667
2021-04-18 21:00:00,53.4,121.0,78.86625,30.68875
2021-04-18 22:00:00,50.6,117.0,82.03555555555556,29.89
2021-04-18 23:00:00,56.8,130.95,83.51555555555554,29.587777777777774
2021-04-19 00:00:00,50.38,118.01,85.17555555555555,29.189999999999998
2021-04-19 01:00:00,40.5,93.0,85.42666666666668,28.805555555555557
2021-04-19 02:00:00,33.07,86.03,85.27,28.55111111111111
2021-04-19 03:00:00,36.23,75.44,85.56444444444445,28.17555555555556
2021-04-19 04:00:00,34.46,73.0,85.89555555555555,27.984444444444446
2021-04-19 05:00:00,34.85,71.35,86.00777777777779,27.981111111111108
2021-04-19 06:00:00,35.0,70.78,85.75444444444445,28.11777777777778
2021-04-19 07:00:00,41.8,80.3,83.57777777777778,29.02111111111111
2021-04-19 08:00:00,43.85,97.72,79.19999999999999,30.814444444444444
2021-04-19 09:00:00,42.3,105.88,75.266,31.959000000000003
2021-04-19 10:00:00,39.45,117.85,71.56636363636363,32.82727272727272
2021-04-19 11:00:00,38.15,121.78,69.36846153846153,33.15692307692307
2021-04-19 12:00:00,32.05,117.0,69.05153846153846,33.214615384615385
2021-04-19 13:00:00,27.61,113.0,68.71583333333332,33.62
2021-04-19 14:00:00,27.0,107.58,68.40615384615386,33.403076923076924
2021-04-19 15:00:00,20.22,95.89,67.75461538461538,33.50461538461538
2021-04-19 16:00:00,21.54,93.0,67.23384615384617,33.33384615384615
2021-04-19 17:00:00,25.4,86.8,69.42769230769231,32.26307692307692
2021-04-19 18:00:00,23.46,85.0,73.69846153846154,30.732307692307693
2021-04-19 19:00:00,22.15,81.91,77.12076923076924,29.718461538461536
2021-04-19 20:00:00,26.25,78.8,78.07846153846153,29.263846153846153
2021-04-19 21:00:00,25.3,78.1,78.98538461538463,28.87538461538462
2021-04-19 22:00:00,29.25,71.3,82.1376923076923,28.473076923076924
2021-04-19 23:00:00,30.0,78.2,86.05555555555556,27.83
2021-04-20 00:00:00,39.32,61.815,86.71285714285715,28.74142857142857
2021-04-20 01:00:00,30.8,68.175,86.44857142857144,28.625714285714288
2021-04-20 02:00:00,23.9,59.25,84.14307692307693,27.64153846153846
2021-04-20 03:00:00,19.61,50.02,84.55076923076922,27.384615384615383
2021-04-20 04:00:00,22.39,42.55,85.19153846153846,27.10769230769231
2021-04-20 05:00:00,18.77,40.22,85.93923076923078,26.803076923076922
2021-04-20 06:00:00,26.5,59.0,88.59416666666665,26.669166666666666
2021-04-20 07:00:00,27.15,56.0,82.20230769230768,28.491538461538457
2021-04-20 08:00:00,25.3,79.25,75.74307692307693,30.076153846153847
2021-04-20 09:00:00,25.0,78.25,70.23846153846154,31.565384615384612
2021-04-20 10:00:00,25.85,74.35,66.75076923076924,32.67307692307692
2021-04-20 11:00:00,23.46,80.1,66.16916666666667,33.49333333333333
2021-04-20 12:00:00,25.55,92.97,67.05923076923077,33.16307692307693
2021-04-20 13:00:00,25.15,84.15,66.66999999999999,33.26461538461538
2021-04-20 14:00:00,22.46,71.7,65.85153846153845,33.46230769230769
2021-04-20 15:00:00,22.85,69.0,65.0753846153846,33.58
2021-04-20 16:00:00,23.85,67.45,66.55583333333334,33.2575
2021-04-20 17:00:00,24.0,72.42,71.23249999999999,32.13666666666666
2021-04-20 18:00:00,22.3,77.0,76.47,30.484615384615385
2021-04-20 19:00:00,23.7,75.0,80.34583333333333,29.649166666666662
2021-04-20 20:00:00,20.61,74.22,82.12846153846155,29.04076923076923
2021-04-20 21:00:00,20.0,62.38,82.19583333333334,29.039999999999996
2021-04-20 22:00:00,22.54,55.91,83.22333333333333,28.70583333333333
2021-04-20 23:00:00,18.75,51.9,84.38833333333334,28.330000000000002
2021-04-21 00:00:00,18.85,44.82,84.9325,28.035
2021-04-21 01:00:00,19.0,41.0,84.27,27.78333333333333
2021-04-21 02:00:00,16.46,37.15,87.01181818181819,27.272727272727273
2021-04-21 03:00:00,14.3,33.23,83.18636363636364,27.135454545454547
2021-04-21 04:00:00,17.4,39.98,83.22000000000001,27.15636363636364
2021-04-21 05:00:00,17.15,33.48,84.8425,27.1525
2021-04-21 06:00:00,16.15,34.11,85.22916666666664,27.134166666666662
2021-04-21 07:00:00,19.39,39.65,83.795,28.069166666666664
2021-04-21 08:00:00,23.39,51.85,78.52916666666665,29.94
2021-04-21 09:00:00,22.3,61.0,70.62916666666666,31.796666666666667
2021-04-21 10:00:00,17.75,59.0,66.82,33.0675
2021-04-21 11:00:00,21.23,77.0,63.869166666666665,32.57583333333333
2021-04-21 12:00:00,24.55,95.6,65.02333333333333,32.48916666666667
2021-04-21 13:00:00,19.92,86.31,66.19666666666667,32.08416666666667
2021-04-21 14:00:00,24.1,76.58,65.31083333333332,32.336666666666666
2021-04-21 15:00:00,19.9,74.22,65.47166666666666,32.4225
2021-04-21 16:00:00,21.54,78.4,66.75416666666666,32.20333333333334
2021-04-21 17:00:00,22.85,82.55,70.56833333333334,31.150000000000002
2021-04-21 18:00:00,24.7,84.55,74.82666666666667,29.90666666666667
2021-04-21 19:00:00,21.61,88.1,78.23083333333332,29.0325
2021-04-21 20:00:00,22.7,85.12,79.19818181818181,28.776363636363634
2021-04-21 21:00:00,24.7,84.0,80.59636363636363,28.297272727272727
2021-04-21 22:00:00,17.38,72.38,81.57454545454544,27.986363636363635
2021-04-21 23:00:00,18.54,68.0,81.84100000000001,27.445
2021-04-22 00:00:00,23.22,64.0,82.7325,27.343333333333334
2021-04-22 01:00:00,21.46,62.45,82.94636363636364,27.33454545454545
2021-04-22 02:00:00,21.0,54.27,82.96333333333334,27.2
2021-04-22 03:00:00,23.54,57.42,82.68666666666665,27.333333333333332
2021-04-22 04:00:00,19.77,65.2,85.05545454545455,26.970909090909092
2021-04-22 05:00:00,16.45,64.78,83.12249999999999,27.033333333333335
2021-04-22 06:00:00,21.08,63.0,83.57666666666667,26.790833333333335
2021-04-22 07:00:00,26.23,68.41,80.8,27.6825
2021-04-22 08:00:00,27.85,73.09,74.78181818181817,30.216363636363635
2021-04-22 09:00:00,25.46,77.1,65.72666666666667,32.052499999999995
2021-04-22 10:00:00,33.47,94.28,60.166923076923084,33.40615384615384
2021-04-22 11:00:00,28.2,99.0,60.835,34.0875
2021-04-22 12:00:00,32.95,102.09,62.125384615384625,34.15615384615384
2021-04-22 13:00:00,32.3,112.35,63.07666666666666,33.93083333333333
2021-04-22 14:00:00,36.23,120.78,64.08416666666666,34.527499999999996
2021-04-22 15:00:00,35.3,118.68,65.9509090909091,34.459090909090904
2021-04-22 16:00:00,33.6,116.91,69.98333333333332,33.775555555555556
2021-04-22 17:00:00,30.91,101.0,71.0888888888889,32.367777777777775
2021-04-22 18:00:00,30.0,101.55,75.54916666666666,30.88083333333333
2021-04-22 19:00:00,27.46,96.01,80.37384615384616,29.76538461538462
2021-04-22 20:00:00,33.78,87.12,79.66454545454546,29.336363636363636
2021-04-22 21:00:00,25.68,74.42,80.18181818181819,28.514545454545452
2021-04-22 22:00:00,24.0,77.97,82.3075,28.394166666666663
2021-04-22 23:00:00,23.15,73.8,83.24166666666667,27.47083333333333
2021-04-23 00:00:00,19.61,61.19,84.16333333333333,27.103333333333335
2021-04-23 01:00:00,19.0,55.67,85.12909090909092,26.405454545454543
2021-04-23 02:00:00,25.78,53.0,85.626,26.225
2021-04-23 03:00:00,21.07,56.1,85.39333333333333,26.33416666666666
2021-04-23 04:00:00,21.7,58.55,84.82636363636362,26.085454545454546
2021-04-23 05:00:00,16.07,62.88,85.4375,26.0275
2021-04-23 06:00:00,18.4,76.4,86.13000000000001,25.774999999999995
2021-04-23 07:00:00,19.85,69.92,83.62090909090911,27.427272727272726
2021-04-23 08:00:00,20.0,77.08,69.13916666666667,30.916666666666668
2021-04-23 09:00:00,22.55,83.28,57.587500000000006,32.935
2021-04-23 10:00:00,29.8,96.34,49.50090909090909,35.03545454545454
2021-04-23 11:00:00,31.85,108.88,51.80769230769231,34.951538461538455
2021-04-23 12:00:00,24.38,96.05,54.380909090909086,34.77363636363636
2021-04-23 13:00:00,25.54,92.0,51.01,34.87083333333334
2021-04-23 14:00:00,21.77,76.56,50.2275,34.725
2021-04-23 15:00:00,17.61,68.9,50.32307692307691,34.723846153846154
2021-04-23 16:00:00,17.85,71.1,51.2525,34.634166666666665
2021-04-23 17:00:00,18.0,65.0,57.583076923076916,32.68538461538462
2021-04-23 18:00:00,17.15,69.0,64.23,30.924615384615386
2021-04-23 19:00:00,22.1,75.97,68.50615384615385,29.71461538461538
2021-04-23 20:00:00,23.85,79.55,71.42384615384614,28.966153846153848
2021-04-23 21:00:00,29.08,76.91,74.39076923076924,28.336923076923078
2021-04-23 22:00:00,29.15,75.23,76.09083333333332,27.8425
2021-04-23 23:00:00,23.92,68.8,77.54615384615386,27.574615384615388
2021-04-24 00:00:00,20.47,56.19,78.76153846153846,27.103076923076927
2021-04-24 01:00:00,16.61,49.9,79.58833333333332,26.8175
2021-04-24 02:00:00,17.7,49.0,80.73,26.44333333333333
2021-04-24 03:00:00,21.4,45.9,82.1125,26.027500000000003
2021-04-24 04:00:00,21.15,38.8,84.17166666666667,25.398333333333337
2021-04-24 05:00:00,18.46,37.0,85.81692307692308,25.01307692307692
2021-04-24 06:00:00,17.15,42.0,85.5576923076923,25.116923076923076
2021-04-24 07:00:00,26.32,59.79,80.17083333333333,27.230000000000004
2021-04-24 08:00:00,41.6,87.39,72.78166666666668,29.860833333333336
2021-04-24 09:00:00,43.16,104.04,65.83833333333334,31.72583333333333
2021-04-24 10:00:00,29.45,222.06,63.5675,32.674166666666665
2021-04-24 11:00:00,31.23,137.43,63.019999999999996,33.42000000000001
2021-04-24 12:00:00,37.08,126.94,65.73307692307692,33.20846153846154
2021-04-24 13:00:00,32.92,116.58,65.9323076923077,33.400769230769235
2021-04-24 14:00:00,25.22,95.4,65.62461538461538,33.55692307692308
2021-04-24 15:00:00,22.3,107.76,67.33769230769231,32.97846153846154
2021-04-24 16:00:00,16.92,83.66,68.77538461538462,32.43615384615384
2021-04-24 17:00:00,16.0,74.23,71.75250000000001,31.62833333333334
2021-04-24 18:00:00,14.31,71.68,76.23083333333334,30.283333333333335
2021-04-24 19:00:00,18.25,66.37,78.86615384615385,29.336153846153845
2021-04-24 20:00:00,20.7,60.37,79.86833333333333,29.166666666666668
2021-04-24 21:00:00,19.3,57.45,81.56307692307692,28.78384615384616
2021-04-24 22:00:00,20.7,62.0,84.73500000000001,28.364999999999995
2021-04-24 23:00:00,17.61,53.0,83.42307692307693,28.454615384615387
2021-04-25 00:00:00,14.47,53.77,84.18692307692307,28.10461538461539
2021-04-25 01:00:00,15.7,46.0,85.3323076923077,27.760769230769235
2021-04-25 02:00:00,12.61,41.37,86.0323076923077,27.43307692307692
2021-04-25 03:00:00,14.54,44.63,86.76846153846154,27.193076923076923
2021-04-25 04:00:00,15.0,45.23,87.15923076923079,27.028461538461542
2021-04-25 05:00:00,19.23,44.45,87.72,26.842307692307692
2021-04-25 06:00:00,18.3,46.72,87.95076923076924,26.855384615384615
2021-04-25 07:00:00,21.4,52.86,85.37384615384616,27.96769230769231
2021-04-25 08:00:00,19.46,64.04,75.2823076923077,30.557692307692303
2021-04-25 09:00:00,35.95,101.1,63.36153846153847,32.92846153846154
2021-04-25 10:00:00,34.77,110.22,59.274615384615394,34.21076923076923
2021-04-25 11:00:00,35.69,127.76,61.39750000000001,34.615
2021-04-25 12:00:00,41.1,146.13,62.26272727272727,35.07909090909091
2021-04-25 13:00:00,37.77,132.24,63.05166666666667,35.425000000000004
2021-04-25 14:00:00,31.92,122.0,65.39076923076924,35.0
2021-04-25 15:00:00,27.61,108.0,68.93230769230769,34.50076923076924
2021-04-25 16:00:00,24.46,104.91,69.35666666666667,34.56916666666666
2021-04-25 17:00:00,34.16,115.58,71.90923076923076,33.145384615384614
2021-04-25 18:00:00,39.39,130.54,73.97769230769231,32.27153846153846
2021-04-25 19:00:00,42.54,134.0,74.27615384615385,32.01076923076923
2021-04-25 20:00:00,38.77,129.37,67.72923076923077,32.076153846153844
2021-04-25 21:00:00,39.7,94.02,65.30692307692308,31.259999999999998
2021-04-25 22:00:00,44.23,91.08,67.55307692307692,30.426923076923075
2021-04-25 23:00:00,50.93,94.69,74.40083333333332,29.969166666666663
2021-04-26 00:00:00,56.23,106.36,78.23846153846154,29.726153846153846
2021-04-26 01:00:00,53.61,126.17,81.89923076923077,29.430000000000007
2021-04-26 02:00:00,53.0,124.04,85.07307692307693,29.279999999999994
2021-04-26 03:00:00,41.1,123.55,86.46615384615384,29.11
2021-04-26 04:00:00,46.62,154.89,87.27,28.855384615384615
2021-04-26 05:00:00,48.0,170.97,87.13923076923076,28.68153846153846
2021-04-26 06:00:00,46.3,156.01,87.03916666666667,28.660833333333333
2021-04-26 07:00:00,48.53,140.96,84.71153846153847,29.617692307692305
2021-04-26 08:00:00,49.85,183.0,80.09461538461538,31.245384615384612
2021-04-26 09:00:00,54.22,172.19,71.59538461538462,33.464615384615385
2021-04-26 10:00:00,62.62,177.5,66.81833333333331,35.220000000000006
2021-04-26 11:00:00,68.23,178.45,70.48230769230769,34.27076923076923
2021-04-26 12:00:00,58.83,194.99,72.585,34.03333333333334
2021-04-26 13:00:00,54.47,204.63,72.84454545454545,33.598181818181814
2021-04-26 14:00:00,54.0,203.68,70.17583333333333,33.947500000000005
2021-04-26 15:00:00,58.23,202.45,67.17916666666666,34.0825
2021-04-26 16:00:00,52.22,194.92,65.67083333333332,34.05916666666666
2021-04-26 17:00:00,50.15,185.15,70.2790909090909,32.86181818181819
2021-04-26 18:00:00,43.22,172.38,75.70090909090908,31.44181818181818
2021-04-26 19:00:00,38.61,172.09,78.90363636363637,30.477272727272727
2021-04-26 20:00:00,37.16,183.81,81.6309090909091,29.987272727272728
2021-04-26 21:00:00,47.98,205.53,82.69333333333333,29.91333333333333
2021-04-26 22:00:00,42.4,194.01,83.57000000000001,29.56833333333333
2021-04-26 23:00:00,46.08,181.28,84.22666666666667,29.453333333333337
2021-04-27 00:00:00,49.54,196.0,84.47250000000001,29.3575
2021-04-27 01:00:00,49.15,196.0,84.89083333333333,29.21083333333333
2021-04-27 02:00:00,45.6,212.0,85.23166666666667,29.069999999999997
2021-04-27 03:00:00,41.61,208.91,85.29833333333333,28.87666666666667
2021-04-27 04:00:00,38.46,188.62,85.72333333333331,28.551666666666666
2021-04-27 05:00:00,37.15,189.95,86.37833333333334,28.254166666666666
2021-04-27 06:00:00,39.54,194.32,86.92583333333333,28.174166666666665
2021-04-27 07:00:00,44.23,171.06,84.54916666666666,29.385833333333338
2021-04-27 08:00:00,44.15,199.52,77.68916666666667,31.514166666666668
2021-04-27 09:00:00,48.23,233.1,70.79666666666667,33.15333333333333
2021-04-27 10:00:00,54.93,262.89,67.20416666666667,34.209999999999994
2021-04-27 11:00:00,65.32,297.57,67.71636363636362,34.78363636363636
2021-04-27 12:00:00,65.31,286.47,66.50090909090909,34.81363636363636
2021-04-27 13:00:00,58.2,273.25,65.52636363636363,34.777272727272724
2021-04-27 14:00:00,46.83,218.3,64.16636363636363,34.656363636363636
2021-04-27 15:00:00,45.85,183.69,62.81818181818182,34.53727272727273
2021-04-27 16:00:00,39.24,165.65,61.86416666666668,33.87833333333334
2021-04-27 17:00:00,32.92,154.28,68.58999999999999,32.80083333333334
2021-04-27 18:00:00,33.7,132.0,73.89,31.450000000000003
2021-04-27 19:00:00,34.0,138.18,76.06083333333333,30.59583333333333
2021-04-27 20:00:00,33.16,141.55,76.95083333333334,30.402499999999993
2021-04-27 21:00:00,36.39,145.86,77.07416666666667,30.42083333333333
2021-04-27 22:00:00,32.75,140.82,77.27833333333332,30.127499999999998
2021-04-27 23:00:00,36.23,146.72,78.47,30.066666666666663
2021-04-28 00:00:00,37.84,151.31,81.5325,29.655833333333334
2021-04-28 01:00:00,29.53,126.61,83.45833333333333,29.316666666666666
2021-04-28 02:00:00,31.4,116.28,85.09499999999998,29.007499999999997
2021-04-28 03:00:00,27.78,103.19,84.6425,28.909166666666668
2021-04-28 04:00:00,29.54,98.45,84.58083333333333,28.567500000000006
2021-04-28 05:00:00,27.46,89.5,85.37833333333333,28.07833333333333
2021-04-28 06:00:00,31.22,81.59,84.79833333333333,28.003333333333334
2021-04-28 07:00:00,43.02,133.28,82.65666666666665,28.98333333333333
2021-04-28 08:00:00,45.84,179.22,78.08,30.80666666666667
2021-04-28 09:00:00,46.0,164.06,71.18833333333333,32.68833333333334
2021-04-28 10:00:00,52.8,166.0,65.06272727272727,34.24909090909091
2021-04-28 11:00:00,51.46,176.0,59.16090909090909,34.21454545454546
2021-04-28 12:00:00,44.22,161.33,61.285000000000004,34.068
2021-04-28 13:00:00,43.0,153.91,65.5,33.904999999999994
2021-04-28 14:00:00,36.22,133.69,65.99799999999999,33.84499999999999
2021-04-28 15:00:00,29.92,118.73,65.86800000000001,33.57200000000001
2021-04-28 16:00:00,25.6,116.0,67.82999999999998,32.924
2021-04-28 17:00:00,19.92,101.84,70.71700000000001,31.782
2021-04-28 18:00:00,24.93,93.81,74.998,30.604000000000003
2021-04-28 19:00:00,22.61,115.53,77.019,29.938
2021-04-28 20:00:00,25.39,124.1,77.919,29.580000000000002
2021-04-28 21:00:00,20.07,104.15,77.318,29.344
2021-04-28 22:00:00,24.08,94.91,76.90900000000002,29.01
2021-04-28 23:00:00,25.0,91.69,76.083,28.869000000000007
2021-04-29 00:00:00,24.15,89.46,78.047,28.647
2021-04-29 01:00:00,25.7,89.0,83.45181818181818,28.904545454545453
2021-04-29 02:00:00,26.85,89.0,84.1490909090909,28.65636363636364
2021-04-29 03:00:00,16.87,65.75,84.78363636363635,28.404545454545453
2021-04-29 04:00:00,18.38,56.68,85.23818181818183,28.279090909090908
2021-04-29 05:00:00,14.77,49.05,85.96454545454546,27.969090909090905
2021-04-29 06:00:00,15.7,41.59,85.53299999999999,28.185000000000002
2021-04-29 07:00:00,16.0,53.13,83.68909090909091,29.162727272727274
2021-04-29 08:00:00,30.4,88.66,76.29636363636365,31.59454545454546
2021-04-29 09:00:00,28.77,88.7,66.3709090909091,33.27545454545455
2021-04-29 10:00:00,27.15,88.18,62.09545454545455,34.1390909090909
2021-04-29 11:00:00,32.93,107.76,65.70181818181818,34.519999999999996
2021-04-29 12:00:00,34.85,121.5,65.31166666666668,34.40666666666667
2021-04-29 13:00:00,34.15,102.45,65.0125,34.69416666666667
2021-04-29 14:00:00,23.02,85.96,64.08166666666666,34.77083333333333
2021-04-29 15:00:00,21.0,73.0,67.53090909090908,34.49090909090909
2021-04-29 16:00:00,17.61,68.45,72.235,33.22833333333333
2021-04-29 17:00:00,16.15,64.15,76.65666666666667,32.01416666666667
2021-04-29 18:00:00,20.23,66.0,80.36583333333334,30.825833333333335
2021-04-29 19:00:00,20.16,62.0,82.90083333333334,30.058333333333334
2021-04-29 20:00:00,14.92,56.62,82.56750000000001,29.927500000000006
2021-04-29 21:00:00,17.39,55.77,81.92666666666666,30.03583333333334
2021-04-29 22:00:00,19.7,56.0,81.65272727272728,30.100909090909088
2021-04-29 23:00:00,28.45,55.23,83.14818181818183,29.29363636363637
2021-04-30 00:00:00,24.93,63.49,84.5990909090909,28.96454545454545
2021-04-30 01:00:00,20.61,59.82,85.90363636363637,28.768181818181823
2021-04-30 02:00:00,26.78,54.91,86.86000000000001,28.885454545454547
2021-04-30 03:00:00,27.16,54.0,87.07083333333333,28.313333333333333
2021-04-30 04:00:00,23.62,50.92,87.29083333333334,28.21083333333333
2021-04-30 05:00:00,29.75,60.04,86.42,28.155833333333334
2021-04-30 06:00:00,38.6,79.22,84.74916666666668,28.89250000000001
2021-04-30 07:00:00,53.51,114.89,82.03500000000001,31.161666666666672
2021-04-30 08:00:00,66.13,151.8,77.04666666666667,33.266666666666666
2021-04-30 09:00:00,57.87,153.07,73.10249999999999,34.774166666666666
2021-04-30 10:00:00,56.85,152.0,72.14999999999999,35.2225
2021-04-30 11:00:00,55.3,135.0,71.09916666666668,35.43
2021-04-30 12:00:00,36.36,109.61,69.98833333333333,35.48916666666666
2021-04-30 13:00:00,29.61,91.19,68.5625,35.60583333333334
2021-04-30 14:00:00,22.22,75.64,67.50333333333334,35.784166666666664
2021-04-30 15:00:00,18.47,68.91,66.59916666666668,35.74416666666667
2021-04-30 16:00:00,17.16,62.59,68.19083333333333,35.16166666666666
2021-04-30 17:00:00,17.85,57.15,75.61181818181818,33.829090909090915
2021-04-30 18:00:00,12.93,57.55,82.27363636363637,32.61272727272728
2021-04-30 19:00:00,21.29,60.18,81.59500000000001,32.205000000000005
2021-04-30 20:00:00,21.31,60.92,81.055,32.03416666666667
2021-04-30 21:00:00,23.54,66.16,80.46499999999999,31.870833333333326
2021-04-30 22:00:00,24.0,57.19,81.51545454545455,31.747272727272726
2021-04-30 23:00:00,19.75,54.0,77.80000000000001,31.745833333333334
2021-05-01 00:00:00,25.78,64.0,79.34250000000002,31.460833333333337
2021-05-01 01:00:00,24.46,66.23,81.74909090909092,31.269999999999996
2021-05-01 02:00:00,24.0,56.0,83.14272727272727,31.123636363636365
2021-05-01 03:00:00,21.46,53.68,83.67,31.509000000000004
2021-05-01 04:00:00,18.46,45.3,83.998,31.593
2021-05-01 05:00:00,17.15,50.72,84.58583333333333,31.0125
2021-05-01 06:00:00,16.16,44.51,84.2,31.048333333333332
2021-05-01 07:00:00,10.09,44.32,83.14545454545454,31.780909090909088
2021-05-01 08:00:00,20.02,59.7,79.73181818181818,32.92636363636364
2021-05-01 09:00:00,24.54,82.34,71.24000000000001,34.419999999999995
2021-05-01 10:00:00,32.62,86.65,61.96999999999999,34.464166666666664
2021-05-01 11:00:00,33.15,77.01,56.485833333333325,35.70666666666666
2021-05-01 12:00:00,27.09,68.92,57.32083333333335,35.88
2021-05-01 13:00:00,36.25,89.58,63.50583333333333,35.291666666666664
2021-05-01 14:00:00,32.07,89.05,67.17666666666668,36.330000000000005
2021-05-01 15:00:00,27.61,81.61,69.57083333333334,36.095
2021-05-01 16:00:00,21.07,73.82,68.84083333333334,35.535833333333336
2021-05-01 17:00:00,18.3,62.0,72.05083333333333,34.7125
2021-05-01 18:00:00,18.0,58.9,74.2675,33.783333333333324
2021-05-01 19:00:00,18.85,64.95,77.21083333333333,32.98166666666666
2021-05-01 20:00:00,21.54,66.23,77.91333333333333,32.626666666666665
2021-05-01 21:00:00,27.08,68.32,79.55166666666666,32.36166666666667
2021-05-01 22:00:00,29.7,71.32,81.67,32.01416666666666
2021-05-01 23:00:00,24.09,61.96,82.77416666666666,31.7375
2021-05-02 00:00:00,22.16,56.69,83.51416666666667,31.525000000000002
2021-05-02 01:00:00,21.16,52.23,83.81083333333333,31.293333333333333
2021-05-02 02:00:00,24.39,49.0,83.66416666666667,31.3225
2021-05-02 03:00:00,23.3,47.46,81.31416666666667,31.4575
2021-05-02 04:00:00,26.39,52.41,79.97583333333333,31.336666666666662
2021-05-02 05:00:00,29.54,50.92,81.57454545454544,31.317272727272723
2021-05-02 06:00:00,35.93,77.9,83.33636363636364,31.230909090909087
2021-05-02 07:00:00,31.07,79.03,82.90083333333332,32.09666666666667
2021-05-02 08:00:00,33.38,85.5,80.83666666666666,33.34916666666667
2021-05-02 09:00:00,35.69,89.0,78.24666666666667,32.09499999999999
2021-05-02 10:00:00,31.77,75.0,74.9675,32.74999999999999
2021-05-02 11:00:00,31.0,78.86,71.85,33.61818181818182
2021-05-02 12:00:00,29.31,86.95,68.27181818181818,34.41
2021-05-02 13:00:00,28.16,78.19,66.09272727272727,36.39818181818182
2021-05-02 14:00:00,27.16,74.46,66.0190909090909,34.57636363636363
2021-05-02 15:00:00,31.23,73.45,67.77545454545455,33.908181818181816
2021-05-02 16:00:00,23.53,72.23,69.46272727272728,35.38727272727273
2021-05-02 17:00:00,18.62,64.28,73.64545454545454,32.63454545454545
2021-05-02 18:00:00,23.08,67.41,76.49636363636364,31.437272727272727
2021-05-02 19:00:00,24.0,79.77,75.54,30.746666666666666
2021-05-02 20:00:00,39.2,121.47,69.28272727272727,30.040000000000006
2021-05-02 21:00:00,44.53,109.06,67.20636363636365,31.731818181818188
2021-05-02 22:00:00,45.85,96.61,70.21545454545453,31.713636363636365
2021-05-02 23:00:00,50.23,101.92,75.29454545454546,31.41090909090909
2021-05-03 00:00:00,46.77,83.0,80.69909090909091,30.900909090909092
2021-05-03 01:00:00,47.7,93.0,82.05181818181818,30.85
2021-05-03 02:00:00,46.31,88.38,81.82636363636362,30.69454545454546
2021-05-03 03:00:00,51.07,99.31,80.70454545454547,30.816363636363636
2021-05-03 04:00:00,62.13,97.61,78.88818181818182,30.709090909090904
2021-05-03 05:00:00,51.29,91.15,81.26,30.402000000000005
2021-05-03 06:00:00,40.53,77.75,82.71300000000001,30.264
2021-05-03 07:00:00,49.98,91.55,78.02363636363636,31.478181818181817
2021-05-03 08:00:00,63.82,124.16,71.13400000000001,33.955
2021-05-03 09:00:00,60.07,125.05,60.45545454545456,36.302727272727275
2021-05-03 10:00:00,47.18,99.06,53.946363636363635,37.667272727272724
2021-05-03 11:00:00,49.23,98.92,56.366,37.949
2021-05-03 12:00:00,49.15,104.85,59.214,37.619
2021-05-03 13:00:00,54.98,125.0,61.129999999999995,37.348181818181814
2021-05-03 14:00:00,54.3,118.05,62.254999999999995,37.376999999999995
2021-05-03 15:00:00,54.84,118.31,63.66818181818182,37.05090909090909
2021-05-03 16:00:00,43.18,102.07,68.95909090909092,36.06090909090909
2021-05-03 17:00:00,31.68,87.77,74.69818181818182,34.88818181818183
2021-05-03 18:00:00,31.7,83.46,76.86454545454546,33.79727272727273
2021-05-03 19:00:00,30.3,81.45,78.76363636363637,33.03363636363636
2021-05-03 20:00:00,29.16,77.92,79.91600000000001,32.56
2021-05-03 21:00:00,29.0,75.37,80.55222222222223,29.34777777777778
2021-05-03 22:00:00,24.77,67.52,80.937,29.453000000000003
2021-05-03 23:00:00,24.85,63.54,80.308,31.906
2021-05-04 00:00:00,25.0,67.83,81.40700000000001,29.047000000000004
2021-05-04 01:00:00,29.22,72.08,83.3,28.807
2021-05-04 02:00:00,30.0,65.31,84.52111111111111,28.305555555555557
2021-05-04 03:00:00,24.93,55.3,87.045,28.326
2021-05-04 04:00:00,19.78,42.0,87.72727272727273,30.886363636363637
2021-05-04 05:00:00,20.69,40.0,87.985,27.97
2021-05-04 06:00:00,13.38,39.23,88.544,27.776999999999997
2021-05-04 07:00:00,17.07,47.0,84.45599999999999,29.356
2021-05-04 08:00:00,34.89,78.55,74.55000000000001,31.50111111111111
2021-05-04 09:00:00,38.0,78.73,64.31499999999998,34.018
2021-05-04 10:00:00,43.91,91.39,59.487500000000004,35.230000000000004
2021-05-04 11:00:00,43.28,108.68,57.153,35.784
2021-05-04 12:00:00,43.0,113.07,61.48545454545454,35.24090909090909
2021-05-04 13:00:00,37.1,96.69,64.71727272727273,35.07090909090909
2021-05-04 14:00:00,27.53,73.92,65.00636363636364,34.89636363636364
2021-05-04 15:00:00,20.09,67.69,64.203,34.754999999999995
2021-05-04 16:00:00,13.93,71.62,66.4190909090909,34.47090909090909
2021-05-04 17:00:00,22.32,93.0,68.34800000000001,33.735
2021-05-04 18:00:00,27.38,78.0,73.683,32.468
2021-05-04 19:00:00,25.47,79.54,76.36399999999999,31.473000000000003
2021-05-04 20:00:00,23.31,71.53,77.596,30.921999999999997
2021-05-04 21:00:00,33.17,75.16,78.481,30.382000000000005
2021-05-04 22:00:00,29.92,73.15,79.08222222222223,30.04444444444444
2021-05-04 23:00:00,34.07,69.69,81.59700000000001,29.447999999999997
2021-05-05 00:00:00,27.4,61.0,83.242,29.301000000000005
2021-05-05 01:00:00,32.75,71.81,84.142,29.112000000000002
2021-05-05 02:00:00,23.02,54.23,84.51699999999998,28.855
2021-05-05 03:00:00,18.47,44.92,85.66299999999998,28.462
2021-05-05 04:00:00,18.0,40.14,89.80444444444444,27.712222222222223
2021-05-05 05:00:00,18.85,37.46,87.27000000000001,27.729000000000003
2021-05-05 06:00:00,22.38,33.91,87.452,27.612000000000002
2021-05-05 07:00:00,23.0,38.0,83.987,29.389
2021-05-05 08:00:00,25.53,42.0,74.436,31.919
2021-05-05 09:00:00,26.0,56.62,66.67800000000001,33.498000000000005
2021-05-05 10:00:00,22.61,62.54,65.26899999999999,34.665
2021-05-05 11:00:00,26.22,63.0,64.838,34.916
2021-05-05 12:00:00,27.85,78.39,68.27777777777777,34.614444444444445
2021-05-05 13:00:00,24.62,72.23,71.81333333333333,34.46666666666667
2021-05-05 14:00:00,27.38,69.0,69.645,33.40625
2021-05-05 15:00:00,28.85,69.77,70.49875,33.07625
2021-05-05 16:00:00,23.09,70.0,71.55125000000001,32.60375
2021-05-05 17:00:00,22.84,74.63,72.7575,32.03
2021-05-05 18:00:00,30.62,89.9,79.70375,31.6875
2021-05-05 19:00:00,26.09,84.0,83.0657142857143,30.70142857142857
2021-05-05 20:00:00,27.54,73.28,84.0775,30.4575
2021-05-05 21:00:00,31.39,68.28,85.43625,30.04875
2021-05-05 22:00:00,30.31,64.38,85.85142857142857,29.585714285714282
2021-05-05 23:00:00,20.71,62.45,86.805,29.25125
2021-05-06 00:00:00,19.84,53.53,87.33625,28.8175
2021-05-06 01:00:00,22.54,46.15,88.0775,28.5975
2021-05-06 02:00:00,21.31,42.77,88.90875,28.39875
2021-05-06 03:00:00,17.62,37.62,89.32625,28.145
2021-05-06 04:00:00,14.46,35.23,89.90625,27.877499999999998
2021-05-06 05:00:00,19.91,35.0,90.22,27.661250000000003
2021-05-06 06:00:00,17.62,28.0,90.685,27.67625
2021-05-06 07:00:00,20.38,38.0,86.8275,29.30625
2021-05-06 08:00:00,26.93,48.77,76.84375,31.98875
2021-05-06 09:00:00,34.75,69.7,69.10374999999999,33.9375
2021-05-06 10:00:00,32.61,75.0,68.2311111111111,34.21666666666667
2021-05-06 11:00:00,30.3,83.09,69.65333333333334,34.367777777777775
2021-05-06 12:00:00,24.09,82.31,69.57000000000001,34.09444444444445
2021-05-06 13:00:00,19.61,68.42,67.08111111111111,34.46000000000001
2021-05-06 14:00:00,22.38,65.0,64.18875,33.63250000000001
2021-05-06 15:00:00,17.92,64.23,71.55666666666667,33.908888888888896
2021-05-06 16:00:00,21.23,71.72,74.92888888888889,32.99333333333333
2021-05-06 17:00:00,21.16,75.0,76.90555555555555,32.01444444444444
2021-05-06 18:00:00,21.85,63.0,80.01555555555557,30.842222222222226
2021-05-06 19:00:00,22.84,70.69,83.51555555555555,29.916666666666668
2021-05-06 20:00:00,17.09,69.14,85.25555555555556,29.43333333333333
2021-05-06 21:00:00,25.29,67.23,86.07333333333332,29.128888888888884
2021-05-06 22:00:00,22.78,65.46,86.75333333333333,28.886666666666663
2021-05-06 23:00:00,36.36,76.54,87.89,28.653333333333332
2021-05-07 00:00:00,26.35,63.9,88.29124999999999,28.5125
2021-05-07 01:00:00,26.54,54.69,89.23777777777778,28.087777777777774
2021-05-07 02:00:00,21.09,49.36,89.23100000000001,30.952999999999996
2021-05-07 03:00:00,23.39,52.6,88.85777777777778,27.92666666666667
2021-05-07 04:00:00,24.85,51.69,88.05111111111111,27.99888888888889
2021-05-07 05:00:00,23.31,44.82,87.78555555555555,27.99777777777778
2021-05-07 06:00:00,17.07,42.23,88.63666666666667,27.864444444444445
2021-05-07 07:00:00,17.69,42.0,86.18444444444444,29.14111111111111
2021-05-07 08:00:00,29.02,68.16,76.56333333333333,31.526666666666667
2021-05-07 09:00:00,29.31,77.55,66.91888888888889,33.654444444444444
2021-05-07 10:00:00,34.08,88.0,60.60888888888889,35.08111111111111
2021-05-07 11:00:00,31.61,90.0,67.03333333333333,34.60555555555556
2021-05-07 12:00:00,32.68,103.85,70.477,34.175
2021-05-07 13:00:00,28.78,93.38,70.7988888888889,33.80111111111111
2021-05-07 14:00:00,29.69,83.61,69.78777777777776,34.03777777777778
2021-05-07 15:00:00,25.78,78.91,67.403,34.336
2021-05-07 16:00:00,24.16,66.46,71.271,33.70100000000001
2021-05-07 17:00:00,20.61,61.46,76.791,32.513999999999996
2021-05-07 18:00:00,23.38,65.62,80.48888888888888,31.45888888888889
2021-05-07 19:00:00,24.84,67.54,82.76750000000001,30.762500000000003
2021-05-07 20:00:00,24.16,69.08,83.52625,30.44125
2021-05-07 21:00:00,28.22,66.14,84.38875,30.081249999999997
2021-05-07 22:00:00,32.38,71.95,85.36,29.7875
2021-05-07 23:00:00,29.61,68.61,86.31875,29.51375
2021-05-08 00:00:00,29.84,69.3,87.38624999999999,29.16
2021-05-08 01:00:00,31.69,66.15,87.935,28.85875
2021-05-08 02:00:00,25.25,48.0,87.095,28.675
2021-05-08 03:00:00,27.38,44.0,88.065,28.486250000000002
2021-05-08 04:00:00,28.0,48.62,88.72874999999999,28.259999999999998
2021-05-08 05:00:00,19.55,41.53,89.06625,28.015
2021-05-08 06:00:00,18.84,42.08,90.28857142857143,27.89428571428571
2021-05-08 07:00:00,19.84,45.31,86.4242857142857,29.807142857142857
2021-05-08 08:00:00,20.84,49.85,77.36857142857143,32.26142857142857
2021-05-08 09:00:00,23.54,60.27,66.07142857142857,34.598571428571425
2021-05-08 10:00:00,22.3,60.7,62.989999999999995,35.09125
2021-05-08 11:00:00,26.22,69.23,63.64874999999999,35.245000000000005
2021-05-08 12:00:00,32.07,93.55,68.01625,35.02875
2021-05-08 13:00:00,25.4,87.69,69.8225,34.74375
2021-05-08 14:00:00,22.31,66.0,69.60875,34.62875
2021-05-08 15:00:00,19.47,57.0,71.1325,34.35
2021-05-08 16:00:00,20.69,59.31,70.81333333333333,33.02
2021-05-08 17:00:00,15.92,62.31,75.51,31.94333333333333
2021-05-08 18:00:00,22.6,63.0,80.46333333333332,30.633333333333336
2021-05-08 19:00:00,21.47,63.77,82.48,30.11666666666667
2021-05-08 20:00:00,21.0,57.84,83.43666666666667,29.868333333333336
2021-05-08 21:00:00,15.09,52.15,84.11333333333333,29.771666666666665
2021-05-08 22:00:00,17.38,55.85,83.84,29.508000000000003
2021-05-08 23:00:00,22.22,62.16,84.44571428571429,29.56714285714286
2021-05-09 00:00:00,17.11,63.07,84.5,29.369999999999997
2021-05-09 01:00:00,16.84,,83.2475,29.8925
2021-05-09 02:00:00,17.0,116.0,82.92750000000001,29.6325
2021-05-09 03:00:00,17.0,116.0,82.91,29.325
2021-05-09 04:00:00,14.47,40.84,84.628,34.9
2021-05-09 05:00:00,17.38,39.0,87.10000000000001,27.95
2021-05-09 06:00:00,13.78,39.77,87.29857142857142,27.990000000000002
2021-05-09 07:00:00,13.85,33.0,82.18571428571428,29.68
2021-05-09 08:00:00,17.38,52.0,71.78857142857143,32.19714285714286
2021-05-09 09:00:00,19.69,73.62,67.87333333333332,32.89333333333333
2021-05-09 10:00:00,26.75,96.93,70.9575,34.37125
2021-05-09 11:00:00,25.47,94.31,70.9125,34.536249999999995
2021-05-09 12:00:00,25.0,90.46,71.16,34.485
2021-05-09 13:00:00,19.09,83.84,71.42500000000001,34.3125
2021-05-09 14:00:00,19.69,73.53,71.84125,34.135000000000005
2021-05-09 15:00:00,19.16,68.31,72.63624999999999,33.9325
2021-05-09 16:00:00,13.92,65.47,72.79124999999999,33.69125
2021-05-09 17:00:00,16.41,65.0,71.41999999999999,32.26571428571429
2021-05-09 18:00:00,17.0,61.15,80.21,31.365
2021-05-09 19:00:00,17.0,56.15,82.67375,30.6175
2021-05-09 20:00:00,17.0,58.07,83.88125,30.3
2021-05-09 21:00:00,17.85,51.33,84.75125,30.02625
2021-05-09 22:00:00,13.78,48.23,85.54875,29.77625
2021-05-09 23:00:00,14.69,51.08,86.15375,29.51375
2021-05-10 00:00:00,10.78,48.0,86.56375,29.24375
2021-05-10 01:00:00,14.22,41.0,86.89124999999999,29.058750000000003
2021-05-10 02:00:00,5.71,37.93,86.74000000000001,28.9975
2021-05-10 03:00:00,9.91,37.77,86.67750000000001,28.7675
2021-05-10 04:00:00,8.47,35.69,86.32444444444445,31.810000000000002
2021-05-10 05:00:00,10.53,28.1,87.18125,28.24125
2021-05-10 06:00:00,11.0,26.0,86.22000000000001,28.542857142857144
2021-05-10 07:00:00,11.0,32.13,81.92750000000001,30.268749999999997
2021-05-10 08:00:00,11.0,38.31,74.16125,32.28
2021-05-10 09:00:00,14.38,46.85,66.74875,33.92125
2021-05-10 10:00:00,11.62,49.46,65.72285714285714,34.68571428571429
2021-05-10 11:00:00,16.91,52.07,64.755,34.926249999999996
2021-05-10 12:00:00,21.38,72.23,66.0125,34.832499999999996
2021-05-10 13:00:00,16.92,68.0,62.91,34.9725
2021-05-10 14:00:00,12.61,65.77,58.7388888888889,34.99666666666666
2021-05-10 15:00:00,13.69,56.77,60.92333333333334,34.654444444444444
2021-05-10 16:00:00,14.0,55.0,64.9225,33.84375
2021-05-10 17:00:00,14.85,58.09,70.17444444444443,32.73888888888889
2021-05-10 18:00:00,15.85,56.69,76.41111111111111,31.074444444444445
2021-05-10 19:00:00,15.15,50.63,80.27111111111111,29.95555555555556
2021-05-10 20:00:00,18.38,53.62,79.95125,29.15125
2021-05-10 21:00:00,16.48,49.62,81.445,28.8225
2021-05-10 22:00:00,16.84,43.69,82.87625,28.505
2021-05-10 23:00:00,18.69,40.77,83.7025,28.402499999999996
2021-05-11 00:00:00,17.32,39.47,83.8175,28.24375
2021-05-11 01:00:00,16.16,29.77,84.0,27.997500000000002
2021-05-11 02:00:00,16.84,28.0,84.41125,27.717499999999998
2021-05-11 03:00:00,15.31,25.84,84.98374999999999,27.494999999999997
2021-05-11 04:00:00,17.53,27.08,85.0,27.48625
2021-05-11 05:00:00,18.84,26.92,83.77142857142857,27.631428571428575
2021-05-11 06:00:00,22.38,28.0,83.87571428571428,27.827142857142853
2021-05-11 07:00:00,18.78,33.0,78.65999999999998,29.40571428571429
2021-05-11 08:00:00,23.07,44.54,76.235,31.23875
2021-05-11 09:00:00,19.77,81.98,69.52222222222221,32.89000000000001
2021-05-11 10:00:00,20.69,44.0,65.82666666666667,33.81
2021-05-11 11:00:00,21.0,40.17,64.58888888888889,33.907777777777774
2021-05-11 12:00:00,18.47,39.0,65.58375000000001,34.10625
2021-05-11 13:00:00,18.0,40.53,64.16000000000001,34.05444444444444
2021-05-11 14:00:00,14.62,37.15,63.1911111111111,34.28555555555556
2021-05-11 15:00:00,14.0,38.3,63.370000000000005,34.36777777777778
2021-05-11 16:00:00,13.15,36.69,65.05777777777779,33.818888888888885
2021-05-11 17:00:00,14.69,37.53,69.66111111111111,32.45222222222222
2021-05-11 18:00:00,14.15,39.0,74.74777777777778,31.105555555555554
2021-05-11 19:00:00,19.07,37.0,78.46777777777778,30.014444444444443
2021-05-11 20:00:00,14.09,37.0,80.4877777777778,29.553333333333327
2021-05-11 21:00:00,17.22,35.46,81.56444444444443,29.182222222222222
2021-05-11 22:00:00,16.32,38.85,83.0611111111111,28.866666666666667
2021-05-11 23:00:00,17.69,36.15,83.56777777777778,28.759999999999998
2021-05-12 00:00:00,13.79,33.46,83.8488888888889,28.596666666666668
2021-05-12 01:00:00,16.38,33.0,83.99222222222222,28.49333333333334
2021-05-12 02:00:00,17.0,35.31,83.75666666666666,28.36111111111111
2021-05-12 03:00:00,16.16,32.17,83.50333333333333,28.245555555555555
2021-05-12 04:00:00,33.73,56.059999999999995,83.94111111111111,28.093333333333334
2021-05-12 05:00:00,30.24,56.37428571428571,84.25111111111111,27.86
2021-05-12 06:00:00,18.87,56.50571428571429,84.35222222222222,27.96
2021-05-12 07:00:00,15.31,58.37857142857142,79.41444444444444,29.97888888888889
2021-05-12 08:00:00,15.0,55.741428571428564,72.39666666666666,31.970000000000002
2021-05-12 09:00:00,13.32,64.62857142857142,67.49000000000001,32.80444444444444
2021-05-12 10:00:00,14.69,67.61,64.38333333333334,33.79
2021-05-12 11:00:00,15.85,88.76714285714284,63.154444444444444,34.172222222222224
2021-05-12 12:00:00,18.52,52.67,64.2622222222222,33.858888888888885
2021-05-12 13:00:00,19.0,51.15,64.19111111111111,33.91111111111112
2021-05-12 14:00:00,14.79,44.0,64.52666666666667,33.76111111111111
2021-05-12 15:00:00,14.85,42.0,65.29333333333335,33.58666666666667
2021-05-12 16:00:00,14.15,38.15,68.45,33.04875
2021-05-12 17:00:00,14.85,41.62,70.30125,32.334999999999994
2021-05-12 18:00:00,12.47,46.07,73.35,30.98
2021-05-12 19:00:00,8.62,53.9,76.58875,29.83625
2021-05-12 20:00:00,11.38,45.23,77.6175,29.533749999999998
2021-05-12 21:00:00,14.53,42.77,78.29625000000001,29.348750000000003
2021-05-12 22:00:00,14.15,37.62,77.97125,29.32875
2021-05-12 23:00:00,15.69,53.0,78.155,29.10875
2021-05-13 00:00:00,8.43,42.0,79.8475,28.69125
2021-05-13 01:00:00,8.69,49.7,80.87125,28.50125
2021-05-13 02:00:00,15.75,100.3,81.08428571428571,28.48428571428571
2021-05-13 03:00:00,16.16,88.07,82.08500000000001,28.19
2021-05-13 04:00:00,11.77,67.69,81.88111111111111,31.453333333333333
2021-05-13 05:00:00,17.75,55.53,83.41428571428571,28.472857142857144
2021-05-13 06:00:00,18.15,45.33,82.855,28.36
2021-05-13 07:00:00,18.0,59.93,79.77375,29.86
2021-05-13 08:00:00,18.0,63.94,74.03125,31.48625
2021-05-13 09:00:00,19.68,58.2,67.78875,33.0
2021-05-13 10:00:00,12.4,57.85,65.8975,33.4175
2021-05-13 11:00:00,15.22,67.47,64.17250000000001,33.69125
2021-05-13 12:00:00,17.69,66.17,64.445,33.625
2021-05-13 13:00:00,18.0,65.0,63.98375,33.6275
2021-05-13 14:00:00,10.4,54.27,64.55125000000001,33.57875
2021-05-13 15:00:00,14.07,54.07,64.9075,33.555
2021-05-13 16:00:00,15.85,49.0,66.31,32.9975
2021-05-13 17:00:00,16.0,53.0,69.6175,32.42
2021-05-13 18:00:00,16.0,56.07,74.725,30.8225
2021-05-13 19:00:00,22.75,62.37,76.06625,29.9725
2021-05-13 20:00:00,14.74,62.47,77.72749999999999,29.478749999999998
2021-05-13 21:00:00,19.75,62.77,79.72749999999999,29.12375
2021-05-13 22:00:00,17.62,56.08,81.42750000000001,28.82875
2021-05-13 23:00:00,22.07,59.37,82.56,28.555
2021-05-14 00:00:00,22.16,53.33,83.73375,28.316249999999997
2021-05-14 01:00:00,22.84,44.6,84.7025,28.009999999999998
2021-05-14 02:00:00,19.63,40.53,85.36125,27.713749999999997
2021-05-14 03:00:00,15.63,36.38,85.9025,27.52375
2021-05-14 04:00:00,16.69,35.77,86.02125,27.3475
2021-05-14 05:00:00,15.31,38.3,86.61625000000001,27.17875
2021-05-14 06:00:00,13.31,32.87,86.7125,27.23375
2021-05-14 07:00:00,21.45,125.3,82.00500000000001,29.125
2021-05-14 08:00:00,19.61,83.16,74.04124999999999,31.42125
2021-05-14 09:00:00,19.0,58.0,65.83875,33.175
2021-05-14 10:00:00,18.16,61.07,61.52000000000001,34.30111111111111
2021-05-14 11:00:00,19.69,60.46,58.29875,34.004999999999995
2021-05-14 12:00:00,20.84,76.1,61.877500000000005,33.765
2021-05-14 13:00:00,21.0,76.38,62.36,33.74875
2021-05-14 14:00:00,23.53,75.77,61.56125,33.7025
2021-05-14 15:00:00,17.25,69.84,63.011250000000004,33.209999999999994
2021-05-14 16:00:00,16.0,88.7,63.2375,32.82625
2021-05-14 17:00:00,16.84,82.06,69.86,32.23222222222223
2021-05-14 18:00:00,15.31,65.66,73.82666666666667,31.39
2021-05-14 19:00:00,19.21,57.17,77.90777777777778,30.447777777777773
2021-05-14 20:00:00,15.79,54.47,80.215,30.0275
2021-05-14 21:00:00,13.31,50.93,80.91375000000001,29.9425
2021-05-14 22:00:00,12.15,43.87,80.71222222222224,30.085555555555555
2021-05-14 23:00:00,12.85,43.53,79.41444444444444,30.083333333333332
2021-05-15 00:00:00,11.32,48.6,79.37375,29.892500000000002
2021-05-15 01:00:00,14.37,40.8,80.94444444444444,29.695555555555554
2021-05-15 02:00:00,14.16,39.0,82.85666666666667,29.582222222222224
2021-05-15 03:00:00,25.02,46.0,83.462,32.405
2021-05-15 04:00:00,18.55,40.63,83.47333333333333,29.511111111111113
2021-05-15 05:00:00,27.17,46.67,83.365,29.44875
2021-05-15 06:00:00,27.31,44.4,80.8111111111111,29.522222222222222
2021-05-15 07:00:00,19.43,57.62,77.40555555555557,29.883333333333333
2021-05-15 08:00:00,25.6,72.73,68.90222222222222,30.99777777777778
2021-05-15 09:00:00,43.89,83.47,65.03555555555555,31.346666666666668
2021-05-15 10:00:00,47.0,115.6,62.245000000000005,32.1075
2021-05-15 11:00:00,61.36,141.07,56.17888888888889,34.26444444444444
2021-05-15 12:00:00,58.09,139.69,51.88111111111111,35.70555555555555
2021-05-15 13:00:00,56.16,145.13,47.394444444444446,37.16222222222222
2021-05-15 14:00:00,59.38,134.73,46.55444444444444,37.846666666666664
2021-05-15 15:00:00,61.68,139.43,54.42333333333334,37.092222222222226
2021-05-15 16:00:00,80.58,176.5,66.63444444444444,35.44888888888889
2021-05-15 17:00:00,74.71,161.79,70.0988888888889,34.68333333333334
2021-05-15 18:00:00,56.95,144.0,73.91499999999999,34.285
2021-05-15 19:00:00,55.69,139.38,75.69749999999999,33.2625
2021-05-15 20:00:00,55.16,132.63,70.47666666666666,33.6
2021-05-15 21:00:00,57.52,131.0,63.34374999999999,34.29625
2021-05-15 22:00:00,48.71,131.0,57.10111111111111,34.48
2021-05-15 23:00:00,55.42,153.0,66.685,33.5275
2021-05-16 00:00:00,60.37,186.85,85.54,29.13375
2021-05-16 01:00:00,37.43,124.79,86.1275,28.75
2021-05-16 02:00:00,30.46,61.4,85.915,28.475000000000005
2021-05-16 03:00:00,34.22,56.93,83.86,28.68375
2021-05-16 04:00:00,29.95,45.27,76.85714285714286,28.18285714285714
2021-05-16 05:00:00,9.58,20.53,76.72857142857143,28.62857142857143
2021-05-16 06:00:00,4.31,11.87,79.74285714285713,28.225714285714286
2021-05-16 07:00:00,5.68,14.8,74.60000000000001,28.879999999999995
2021-05-16 08:00:00,5.16,19.77,70.73125,30.293750000000003
2021-05-16 09:00:00,10.89,35.28,65.79,31.88375
2021-05-16 10:00:00,11.15,35.4,60.54571428571428,33.72142857142857
2021-05-16 11:00:00,11.85,37.83,59.14,35.14
2021-05-16 12:00:00,12.0,42.07,53.251666666666665,35.06666666666666
2021-05-16 13:00:00,9.47,45.3,51.73375,35.477500000000006
2021-05-16 14:00:00,14.91,40.0,51.17285714285715,35.33571428571429
2021-05-16 15:00:00,16.0,45.0,55.72625,36.176249999999996
2021-05-16 16:00:00,10.95,41.93,55.73571428571428,36.67857142857144
2021-05-16 17:00:00,13.9625,42.53,56.5475,35.5425
2021-05-16 18:00:00,14.504999999999999,41.47,55.769999999999996,35.18375
2021-05-16 19:00:00,15.18666666666667,50.6,52.09333333333334,33.99666666666667
2021-05-16 20:00:00,12.498333333333335,51.0,54.60166666666667,33.263333333333335
2021-05-16 21:00:00,10.521666666666667,60.2,57.128,33.134
2021-05-16 22:00:00,10.266666666666667,40.0,60.365,31.926666666666666
2021-05-16 23:00:00,12.734285714285715,35.3,65.14999999999999,32.2
2021-05-17 00:00:00,12.64285714285714,37.59,64.48625000000001,35.3
2021-05-17 01:00:00,9.098333333333331,43.0,68.365,31.834999999999997
2021-05-17 02:00:00,7.672857142857143,38.4,69.49,30.76571428571429
2021-05-17 03:00:00,7.983750000000001,30.87,71.51714285714286,30.301428571428573
2021-05-17 04:00:00,9.05875,32.83,80.61500000000001,28.097499999999997
2021-05-17 05:00:00,10.13875,30.8,92.92666666666666,25.503333333333334
2021-05-17 06:00:00,14.4725,19.0,94.31375,29.06125
2021-05-17 07:00:00,10.485714285714286,12.1,93.89333333333333,24.671666666666667
2021-05-17 08:00:00,6.281666666666666,9.23,92.07333333333332,25.284999999999997
2021-05-17 09:00:00,6.1499999999999995,10.53,93.75166666666667,25.001666666666665
2021-05-17 10:00:00,12.331666666666669,17.0,97.28857142857143,29.15285714285714
2021-05-17 11:00:00,7.506,12.73,97.98833333333333,24.593333333333334
2021-05-17 12:00:00,8.245,14.34,97.65333333333332,24.593333333333334
2021-05-17 13:00:00,15.06,18.23,98.53800000000001,23.942
2021-05-17 14:00:00,13.736666666666665,8.03,99.38833333333334,30.045
2021-05-17 15:00:00,14.26,18.03,99.27499999999999,25.247500000000002
2021-05-17 16:00:00,13.229999999999999,32.73,99.2875,25.4475
2021-05-17 17:00:00,24.554,41.37,99.3675,32.7175
2021-05-17 18:00:00,12.135,28.43,99.45666666666666,23.746666666666666
2021-05-17 19:00:00,8.2875,18.62,99.44666666666667,25.143333333333334
2021-05-17 20:00:00,20.023333333333333,41.0,97.55,27.03
2021-05-17 21:00:00,15.879999999999999,38.0,93.86333333333334,27.22666666666667
2021-05-17 22:00:00,16.772499999999997,34.18,96.3325,27.3625
2021-05-17 23:00:00,18.589999999999996,27.62,96.375,27.0275
2021-05-18 00:00:00,15.916000000000002,28.29,95.728,33.626
2021-05-18 01:00:00,9.294999999999998,26.7,95.304,27.682
2021-05-18 02:00:00,10.635,27.53,95.026,27.836000000000002
2021-05-18 03:00:00,13.778333333333336,28.77,94.76399999999998,27.8
2021-05-18 04:00:00,14.088333333333336,30.06,94.27166666666666,32.755
2021-05-18 05:00:00,10.620000000000001,35.8,92.184,28.296000000000003
2021-05-18 06:00:00,11.074999999999998,33.89,92.16714285714285,28.171428571428574
2021-05-18 07:00:00,13.3125,38.9,93.21714285714286,28.10571428571428
2021-05-18 08:00:00,10.778571428571428,34.87,91.38428571428571,28.315714285714282
2021-05-18 09:00:00,11.48857142857143,31.47,90.38714285714285,28.712857142857143
2021-05-18 10:00:00,10.701666666666668,38.67,89.09857142857142,28.932857142857138
2021-05-18 11:00:00,14.075000000000001,52.5,88.62375,29.137500000000003
2021-05-18 12:00:00,20.248333333333335,59.07,89.28875,33.191250000000004
2021-05-18 13:00:00,16.435000000000002,66.0,86.86375,30.332500000000003
2021-05-18 14:00:00,14.918571428571427,65.0,84.82124999999999,30.74
2021-05-18 15:00:00,16.231428571428573,69.0,85.16875,30.66375
2021-05-18 16:00:00,16.86,70.53,86.20000000000002,30.82
2021-05-18 17:00:00,18.576666666666668,62.0,87.16142857142856,30.504285714285714
2021-05-18 18:00:00,18.735555555555557,58.8,87.98857142857142,34.19142857142857
2021-05-18 19:00:00,16.66125,59.7,89.20875,29.541249999999998
2021-05-18 20:00:00,17.04,69.13,90.50714285714287,29.268571428571427
2021-05-18 21:00:00,18.462222222222223,64.1,91.1775,28.955
2021-05-18 22:00:00,19.577777777777776,58.95,91.96714285714286,28.625714285714285
2021-05-18 23:00:00,15.333000000000002,58.0,93.6225,27.845
2021-05-19 00:00:00,15.117777777777778,57.2,95.41571428571429,27.292857142857144
2021-05-19 01:00:00,10.721428571428572,40.14,94.52285714285715,27.279999999999998
2021-05-19 02:00:00,10.5975,30.4,93.6875,27.208750000000002
2021-05-19 03:00:00,14.056666666666667,29.0,92.4688888888889,30.99888888888889
2021-05-19 04:00:00,9.42625,36.36857142857143,91.39125,27.74875
2021-05-19 05:00:00,10.576666666666664,33.27428571428571,91.41,27.755
2021-05-19 06:00:00,11.096666666666668,36.010000000000005,91.07,27.41625
2021-05-19 07:00:00,13.28875,46.33500000000001,93.9675,29.60125
2021-05-19 08:00:00,8.357777777777777,160.43428571428572,97.0425,24.65875
2021-05-19 09:00:00,8.2425,63.17428571428571,97.41375,25.18125
2021-05-19 10:00:00,13.098749999999999,41.93,96.96833333333332,25.63333333333333
2021-05-19 11:00:00,16.44222222222222,47.33142857142857,95.4825,31.41875
2021-05-19 12:00:00,17.564999999999998,43.65166666666667,90.28571428571429,29.121428571428574
2021-05-19 13:00:00,17.44,50.11000000000001,85.81142857142858,30.1
2021-05-19 14:00:00,13.804285714285713,49.35142857142857,82.765,31.133333333333336
2021-05-19 15:00:00,14.705714285714285,49.68142857142857,78.63874999999999,31.615000000000002
2021-05-19 16:00:00,15.192499999999999,63.43428571428571,77.95,31.572499999999998
2021-05-19 17:00:00,15.1025,85.34714285714286,79.32624999999999,30.96875
2021-05-19 18:00:00,20.228749999999998,89.22999999999999,84.30875,29.668749999999996
2021-05-19 19:00:00,19.19666666666667,77.86500000000001,88.41375,28.79375
2021-05-19 20:00:00,17.54222222222222,66.5425,90.36444444444444,31.73333333333333
2021-05-19 21:00:00,18.07375,55.41142857142857,92.6425,27.847499999999997
2021-05-19 22:00:00,20.525000000000002,56.191428571428574,92.875,27.762500000000003
2021-05-19 23:00:00,22.229999999999997,66.58285714285715,92.34625,27.63125
2021-05-20 00:00:00,22.757777777777775,74.31125,92.3225,27.456249999999997
2021-05-20 01:00:00,21.005714285714284,75.855,92.785,27.307499999999997
2021-05-20 02:00:00,22.698749999999997,81.09142857142857,93.03875,27.16375
2021-05-20 03:00:00,21.354999999999997,78.31714285714285,93.2375,26.92625
2021-05-20 04:00:00,27.042222222222225,82.4875,93.35375,26.715
2021-05-20 05:00:00,28.958750000000002,90.88428571428572,93.45249999999999,26.586250000000003
2021-05-20 06:00:00,29.17125,93.90857142857143,93.4075,26.73375
2021-05-20 07:00:00,29.416249999999998,100.4057142857143,90.84375,27.93625
2021-05-20 08:00:00,26.47625,105.37857142857142,86.50875,29.68875
2021-05-20 09:00:00,24.808888888888887,117.48249999999999,80.84125,31.25625
2021-05-20 10:00:00,25.74625,168.86571428571432,76.42375,32.22625
2021-05-20 11:00:00,32.605000000000004,203.9485714285714,75.78,32.5
2021-05-20 12:00:00,36.49777777777778,214.34875,74.095,32.645
2021-05-20 13:00:00,30.967777777777776,201.08875,74.5075,32.6525
2021-05-20 14:00:00,28.115555555555556,191.76999999999998,74.74125000000001,32.69125
2021-05-20 15:00:00,31.372222222222224,200.27375,74.6875,32.56625
2021-05-20 16:00:00,31.748888888888896,217.165,75.14375,32.39875
2021-05-20 17:00:00,24.58125,200.33428571428573,77.10625,31.785000000000004
2021-05-20 18:00:00,29.795,179.69571428571427,79.935,30.695
2021-05-20 19:00:00,21.72625,153.36285714285717,83.1075,29.795
2021-05-20 20:00:00,22.689999999999998,144.49875000000003,84.49,29.471249999999998
2021-05-20 21:00:00,24.276666666666664,138.57625000000002,85.31375,29.233749999999997
2021-05-20 22:00:00,23.863333333333333,134.63625000000002,86.1175,28.9975
2021-05-20 23:00:00,25.130000000000003,141.2375,87.495,28.7125
2021-05-21 00:00:00,27.279000000000003,145.4475,88.70125,28.40625
2021-05-21 01:00:00,25.44125,138.50333333333333,89.58857142857143,28.354285714285716
2021-05-21 02:00:00,21.664444444444445,128.0057142857143,90.77375,28.0425
2021-05-21 03:00:00,23.955555555555552,120.46285714285713,92.48857142857143,27.877142857142854
2021-05-21 04:00:00,28.095555555555553,125.57428571428572,92.89428571428573,27.705714285714286
2021-05-21 05:00:00,29.798000000000002,130.84125,93.22125,31.2975
2021-05-21 06:00:00,30.00555555555555,140.31857142857143,93.05,27.59857142857143
2021-05-21 07:00:00,37.833749999999995,160.97333333333333,87.76666666666665,28.67
2021-05-21 08:00:00,37.47888888888889,164.0914285714286,82.77428571428572,30.88
2021-05-21 09:00:00,32.346666666666664,140.91142857142856,75.81857142857143,31.972857142857144
2021-05-21 10:00:00,27.89875,121.434,67.00833333333333,32.52
2021-05-21 11:00:00,29.2225,119.57833333333333,66.07428571428571,32.39
2021-05-21 12:00:00,29.33625,119.995,66.69500000000001,32.37333333333333
2021-05-21 13:00:00,27.26,116.78600000000002,65.07714285714286,32.495714285714286
2021-05-21 14:00:00,25.49857142857143,117.01333333333332,64.91714285714285,32.61571428571428
2021-05-21 15:00:00,24.935000000000002,125.94714285714285,65.23571428571428,32.87
2021-05-21 16:00:00,24.93,119.69142857142859,67.08285714285714,32.49571428571429
2021-05-21 17:00:00,22.44666666666667,112.53571428571429,70.1425,31.541249999999998
2021-05-21 18:00:00,23.453333333333333,112.54428571428572,74.95142857142856,30.615714285714287
2021-05-21 19:00:00,24.30125,113.86571428571428,81.09625,30.11375
2021-05-21 20:00:00,27.013333333333335,120.47000000000001,82.99125000000001,29.7
2021-05-21 21:00:00,25.553333333333335,110.5757142857143,84.33375,29.372500000000002
2021-05-21 22:00:00,25.41444444444444,105.50428571428573,85.11625000000001,29.25125
2021-05-21 23:00:00,31.256,115.59625,85.29875,29.134999999999998
2021-05-22 00:00:00,29.772727272727273,109.19333333333333,86.3625,28.9975
2021-05-22 01:00:00,30.488999999999997,111.24125,86.56,32.08555555555556
2021-05-22 02:00:00,23.58,109.5625,87.57374999999999,28.715
2021-05-22 03:00:00,21.732999999999997,89.78999999999999,87.51625,28.751250000000002
2021-05-22 04:00:00,23.26,91.5025,87.61333333333333,28.47555555555556
2021-05-22 05:00:00,24.209,89.14124999999999,87.94874999999999,28.485
2021-05-22 06:00:00,26.20545454545455,94.28555555555555,87.97111111111111,31.694444444444443
2021-05-22 07:00:00,28.907,106.38874999999999,83.95,29.63111111111111
2021-05-22 08:00:00,26.176,103.61125000000001,75.91888888888889,31.74777777777778
2021-05-22 09:00:00,22.521,96.28375,72.02875,32.89125
2021-05-22 10:00:00,19.3,94.71875,68.59875,33.832499999999996
2021-05-22 11:00:00,24.607777777777777,96.27375,67.85666666666665,33.77444444444444
2021-05-22 12:00:00,23.102,97.89666666666668,69.11222222222221,33.690000000000005
2021-05-22 13:00:00,34.0,106.0,68.079,33.660000000000004
2021-05-22 14:00:00,27.27,99.12,71.06777777777778,33.303333333333335
2021-05-22 15:00:00,28.52,102.0,73.24666666666667,32.77111111111111
2021-05-22 16:00:00,30.68,122.0,75.48249999999999,31.929999999999996
2021-05-22 17:00:00,27.62,105.9,76.95125,31.84625
2021-05-22 18:00:00,23.61,106.35,79.27250000000001,31.06375
2021-05-22 19:00:00,32.26,109.53,81.18625,29.802500000000002
2021-05-22 20:00:00,31.48,108.47,82.02,29.68125
2021-05-22 21:00:00,33.52,106.94,81.02555555555554,29.961111111111116
2021-05-22 22:00:00,27.27,95.87,81.28666666666666,29.86777777777778
2021-05-22 23:00:00,27.68,88.53,82.3088888888889,29.72222222222222
2021-05-23 00:00:00,22.11,85.95,83.93444444444444,29.50111111111111
2021-05-23 01:00:00,24.37,85.77,85.13875,29.606250000000003
2021-05-23 02:00:00,27.52,82.18,85.13666666666667,29.13888888888889
2021-05-23 03:00:00,23.79,76.4,86.53625,29.1975
2021-05-23 04:00:00,19.62,67.0,87.26555555555554,28.768888888888885
2021-05-23 05:00:00,23.21,65.47,88.43333333333334,28.515555555555554
2021-05-23 06:00:00,23.16,61.84,90.94800000000001,30.947000000000003
2021-05-23 07:00:00,21.32,58.47,88.61666666666667,28.595555555555556
2021-05-23 08:00:00,21.84,48.0,86.25777777777779,29.50222222222222
2021-05-23 09:00:00,21.16,60.98,80.26444444444445,31.554444444444446
2021-05-23 10:00:00,26.89,76.46,74.70333333333332,32.80555555555556
2021-05-23 11:00:00,25.48,75.42,71.44888888888889,33.48888888888889
2021-05-23 12:00:00,29.22,85.0,70.75555555555555,33.37555555555556
2021-05-23 13:00:00,25.78,85.0,69.70333333333332,33.45111111111112
2021-05-23 14:00:00,22.48,77.33,69.31,33.69555555555556
2021-05-23 15:00:00,26.21,82.64,70.79777777777778,33.474444444444444
2021-05-23 16:00:00,27.0,75.83,71.32444444444444,33.22
2021-05-23 17:00:00,27.0,76.06,73.41777777777777,32.45666666666667
2021-05-23 18:00:00,22.79,79.0,76.56666666666666,31.41111111111111
2021-05-23 19:00:00,23.68,80.0,81.31555555555556,30.244444444444444
2021-05-23 20:00:00,26.52,82.29,83.70444444444445,29.745555555555555
2021-05-23 21:00:00,25.32,80.71,84.86888888888888,29.463333333333328
2021-05-23 22:00:00,26.68,78.47,85.81777777777776,29.262222222222224
2021-05-23 23:00:00,25.32,71.12,85.48374999999999,29.405
2021-05-24 00:00:00,26.68,67.47,87.3,28.950000000000003
2021-05-24 01:00:00,20.27,59.0,87.66333333333334,28.755555555555556
2021-05-24 02:00:00,17.32,52.0,88.03,28.55888888888889
2021-05-24 03:00:00,17.84,48.0,88.39111111111112,28.463333333333335
2021-05-24 04:00:00,18.84,45.71,88.39999999999999,28.38444444444444
2021-05-24 05:00:00,21.52,48.83,88.13333333333331,28.365555555555556
2021-05-24 06:00:00,17.79,48.47,88.39444444444445,28.380000000000003
2021-05-24 07:00:00,14.47,48.0,85.12,32.54900000000001
2021-05-24 08:00:00,19.05,57.6,79.77666666666667,31.438888888888894
2021-05-24 09:00:00,27.6,61.42,75.94,32.31777777777777
2021-05-24 10:00:00,25.63,69.17,72.99666666666667,33.18555555555555
2021-05-24 11:00:00,26.68,74.29,71.58999999999999,33.44777777777777
2021-05-24 12:00:00,23.62,74.47,71.53444444444443,33.53444444444444
2021-05-24 13:00:00,22.16,76.0,70.96999999999998,33.56444444444444
2021-05-24 14:00:00,22.84,74.0,70.205,33.575
2021-05-24 15:00:00,23.84,77.06,70.85444444444444,33.54888888888888
2021-05-24 16:00:00,20.63,74.18,72.51777777777778,33.129999999999995
2021-05-24 17:00:00,21.68,76.82,75.22333333333333,32.312222222222225
2021-05-24 18:00:00,22.0,75.71,78.85222222222222,31.260000000000005
2021-05-24 19:00:00,22.0,76.59,82.73555555555555,30.268888888888892
2021-05-24 20:00:00,22.84,75.89,84.29333333333332,29.924444444444443
2021-05-24 21:00:00,26.37,77.06,85.60222222222222,29.646666666666665
2021-05-24 22:00:00,27.84,76.47,86.81444444444445,29.43444444444445
2021-05-24 23:00:00,22.93,73.36,87.11444444444444,29.393333333333334
2021-05-25 00:00:00,21.16,65.25,86.91222222222223,29.392222222222227
2021-05-25 01:00:00,16.79,62.11,86.77111111111111,29.245555555555555
2021-05-25 02:00:00,20.21,62.47,86.88111111111112,29.063333333333333
2021-05-25 03:00:00,21.0,58.84,87.18888888888888,28.90888888888889
2021-05-25 04:00:00,33.62,70.52,85.29625,28.4575
2021-05-25 05:00:00,42.73,85.0,87.88555555555554,28.578888888888887
2021-05-25 06:00:00,35.57,74.0,88.25444444444445,28.50444444444444
2021-05-25 07:00:00,23.9,60.0,86.56666666666666,29.38444444444444
2021-05-25 08:00:00,22.84,71.0,81.60222222222222,31.15222222222222
2021-05-25 09:00:00,26.37,79.43,77.20222222222223,32.29777777777778
2021-05-25 10:00:00,27.69,80.0,75.77666666666666,32.71333333333334
2021-05-25 11:00:00,22.95,86.0,75.3711111111111,33.07555555555555
2021-05-25 12:00:00,22.0,91.37,75.329,35.547
2021-05-25 13:00:00,22.0,86.87,74.16999999999999,35.67700000000001
2021-05-25 14:00:00,24.52,86.59,72.44,33.55333333333333
2021-05-25 15:00:00,21.63,84.84,74.49111111111112,33.06333333333333
2021-05-25 16:00:00,26.05,85.16,72.50125,32.1725
2021-05-25 17:00:00,26.16,86.47,75.79125,31.416249999999998
2021-05-25 18:00:00,21.78,81.42,79.08500000000001,30.478749999999998
2021-05-25 19:00:00,22.68,80.0,81.09125,29.88375
2021-05-25 20:00:00,20.48,81.53,84.09750000000001,30.238750000000003
2021-05-25 21:00:00,24.21,75.89,83.99777777777778,29.794444444444448
2021-05-25 22:00:00,24.16,71.0,84.29333333333334,29.672222222222224
2021-05-25 23:00:00,24.0,72.53,84.31222222222222,29.555555555555557
2021-05-26 00:00:00,20.63,69.95,84.64444444444445,29.32333333333333
2021-05-26 01:00:00,19.16,58.27,84.95555555555555,32.592222222222226
2021-05-26 02:00:00,14.79,55.77,84.49555555555555,29.125555555555554
2021-05-26 03:00:00,17.37,56.53,84.32222222222222,29.077777777777776
2021-05-26 04:00:00,18.0,55.44,85.0311111111111,28.826666666666668
2021-05-26 05:00:00,21.37,57.82,86.02333333333333,28.496666666666663
2021-05-26 06:00:00,23.68,57.47,86.10444444444444,31.438888888888886
2021-05-26 07:00:00,20.63,60.82,84.07888888888888,29.24888888888889
2021-05-26 08:00:00,18.32,65.82,79.09444444444443,30.740000000000002
2021-05-26 09:00:00,17.16,60.12,74.985,32.015
2021-05-26 10:00:00,17.84,62.58,71.17777777777778,32.86666666666667
2021-05-26 11:00:00,20.52,61.0,69.22555555555556,33.355555555555554
2021-05-26 12:00:00,21.84,66.0,69.22333333333333,33.21222222222222
2021-05-26 13:00:00,19.48,69.06,68.39666666666666,33.50222222222222
2021-05-26 14:00:00,22.37,72.29,67.6988888888889,33.593333333333334
2021-05-26 15:00:00,22.16,76.82,68.83444444444444,33.354444444444454
2021-05-26 16:00:00,23.68,78.0,70.25444444444445,33.01888888888888
2021-05-26 17:00:00,22.32,77.23,72.77,32.095555555555556
2021-05-26 18:00:00,24.52,75.4,75.50333333333334,31.06666666666667
2021-05-26 19:00:00,20.79,74.0,75.33375,29.97625
2021-05-26 20:00:00,17.47,73.23,78.86,30.133333333333333
2021-05-26 21:00:00,22.05,70.71,79.27000000000001,30.052222222222227
2021-05-26 22:00:00,23.0,73.06,79.80333333333334,29.994444444444444
2021-05-26 23:00:00,20.48,70.18,80.05888888888889,29.940000000000005
2021-05-27 00:00:00,19.16,74.33,81.11333333333333,29.814444444444447
2021-05-27 01:00:00,13.95,68.36,79.76333333333334,32.47777777777778
2021-05-27 02:00:00,17.22,61.0,80.21285714285715,29.527142857142856
2021-05-27 03:00:00,16.31,57.0,80.38499999999999,29.16
2021-05-27 04:00:00,15.16,55.47,80.47625000000001,29.285
2021-05-27 05:00:00,14.16,47.36,80.30000000000001,29.22
2021-05-27 06:00:00,13.16,49.58,80.63250000000001,29.32375
2021-05-27 07:00:00,17.21,54.82,78.87125,30.061249999999998
2021-05-27 08:00:00,20.52,59.82,82.73875,29.63625
2021-05-27 09:00:00,15.95,56.78,81.81555555555558,31.20555555555556
2021-05-27 10:00:00,16.7,55.65,76.60888888888888,32.44444444444444
2021-05-27 11:00:00,15.32,64.88,74.81555555555555,32.928888888888885
2021-05-27 12:00:00,19.21,60.89,74.37111111111112,32.92777777777778
2021-05-27 13:00:00,16.63,59.0,74.34555555555556,33.07
2021-05-27 14:00:00,14.32,54.0,72.99666666666667,33.34777777777778
2021-05-27 15:00:00,16.52,61.0,72.48222222222222,33.306666666666665
2021-05-27 16:00:00,18.69,59.47,73.85000000000001,32.92666666666667
2021-05-27 17:00:00,19.0,62.82,75.92444444444443,32.23888888888889
2021-05-27 18:00:00,11.43,58.65,79.13444444444445,31.17777777777778
2021-05-27 19:00:00,16.73,60.82,80.98,30.578888888888887
2021-05-27 20:00:00,20.52,59.89,81.8125,30.25875
2021-05-27 21:00:00,20.16,54.86,82.40777777777777,30.169999999999998
2021-05-27 22:00:00,15.79,49.71,82.96777777777778,30.12888888888889
2021-05-27 23:00:00,15.0,49.0,83.20666666666665,30.09222222222222
2021-05-28 00:00:00,15.84,45.95,83.52300000000001,32.781
2021-05-28 01:00:00,15.16,48.82,85.2088888888889,29.775555555555556
2021-05-28 02:00:00,16.68,48.47,85.34666666666666,29.685555555555556
2021-05-28 03:00:00,13.63,46.0,85.65222222222222,29.68
2021-05-28 04:00:00,9.63,47.0,86.68777777777778,29.20888888888889
2021-05-28 05:00:00,10.68,50.82,87.17,32.013
2021-05-28 06:00:00,16.05,49.71,87.64333333333333,29.21111111111111
2021-05-28 07:00:00,15.32,56.64,84.25857142857144,29.701428571428572
2021-05-28 08:00:00,18.37,63.22,78.92142857142856,31.192857142857147
2021-05-28 09:00:00,15.63,64.89,75.57714285714285,31.858571428571423
2021-05-28 10:00:00,15.84,64.06,73.06714285714285,32.612857142857145
2021-05-28 11:00:00,19.37,65.77,71.7225,32.69125
2021-05-28 12:00:00,17.48,67.53,74.06777777777779,33.357777777777784
2021-05-28 13:00:00,19.52,68.0,73.53333333333335,33.59111111111111
2021-05-28 14:00:00,20.84,65.0,73.0411111111111,33.67
2021-05-28 15:00:00,15.95,61.0,72.09777777777776,33.66111111111112
2021-05-28 16:00:00,20.87,67.0,74.79714285714284,33.761428571428574
2021-05-28 17:00:00,19.48,66.23,77.23714285714287,32.88857142857143
2021-05-28 18:00:00,19.84,69.16,79.7525,31.58625
2021-05-28 19:00:00,23.36,70.41,82.545,30.79
2021-05-28 20:00:00,19.8,67.48,83.91875,30.497500000000002
2021-05-28 21:00:00,17.32,59.36,85.32857142857142,30.634285714285713
2021-05-28 22:00:00,17.0,63.09,85.8425,30.195
2021-05-28 23:00:00,14.47,62.72,85.92875000000001,30.18875
2021-05-29 00:00:00,13.16,53.0,86.29499999999999,29.965000000000003
2021-05-29 01:00:00,16.37,53.0,86.81625,33.58
2021-05-29 02:00:00,13.63,55.29,88.16714285714285,29.880000000000003
2021-05-29 03:00:00,17.2,48.36,88.06125,29.447499999999998
2021-05-29 04:00:00,12.97,48.0,88.625,29.200000000000003
2021-05-29 05:00:00,15.37,46.94,89.84142857142857,29.249999999999996
2021-05-29 06:00:00,16.84,45.24,89.19625,29.1475
2021-05-29 07:00:00,15.32,38.0,85.67666666666668,33.62777777777777
2021-05-29 08:00:00,16.68,45.31,80.33666666666667,31.814444444444447
2021-05-29 09:00:00,17.84,61.93,77.50142857142858,32.92857142857143
2021-05-29 10:00:00,18.84,68.82,71.05166666666666,32.870000000000005
2021-05-29 11:00:00,22.36,77.94333333333333,69.15,33.16
2021-05-29 12:00:00,23.0,71.0,68.74249999999999,33.36000000000001
2021-05-29 13:00:00,22.16,74.65166666666666,75.086,34.184000000000005
2021-05-29 14:00:00,19.48,74.83833333333332,75.64,34.226
2021-05-29 15:00:00,19.0,81.39714285714285,76.09400000000001,34.064
2021-05-29 16:00:00,23.21,83.446,77.348,33.712
2021-05-29 17:00:00,18.97,78.084,78.85799999999999,32.902
2021-05-29 18:00:00,18.0,70.0,81.56800000000001,32.148
2021-05-29 19:00:00,25.55,74.75,84.395,31.935
2021-05-29 20:00:00,21.95,75.31,85.18,31.52
2021-05-29 21:00:00,21.84,71.96,84.338,31.163999999999998
2021-05-29 22:00:00,21.16,71.81,85.24,30.66
2021-05-29 23:00:00,18.48,73.518,86.385,31.135
2021-05-30 00:00:00,22.21,61.632000000000005,86.89,31.015
2021-05-30 01:00:00,17.95,60.0575,85.61800000000001,30.516000000000002
2021-05-30 02:00:00,22.87,60.0,83.53999999999999,29.98
2021-05-30 03:00:00,24.84,59.0,84.48833333333334,34.391666666666666
2021-05-30 04:00:00,26.69,55.0,85.565,29.6625
2021-05-30 05:00:00,22.79,66.9225,86.376,29.572000000000003
2021-05-30 06:00:00,18.64,53.826,86.43599999999999,29.676
2021-05-30 07:00:00,18.0,67.5925,79.66,30.37
2021-05-30 08:00:00,31.52,70.05,80.098,32.476
2021-05-30 09:00:00,38.21,97.0,80.512,32.972
2021-05-30 10:00:00,36.48,102.0,75.805,32.93375
2021-05-30 11:00:00,29.27,73.0,73.21333333333334,33.46
2021-05-30 12:00:00,20.43,82.0,72.08875,33.99875
2021-05-30 13:00:00,18.16,77.43,72.76777777777778,33.754444444444445
2021-05-30 14:00:00,22.2,67.63,72.72777777777777,33.73
2021-05-30 15:00:00,20.47,69.57,73.64375000000001,33.81
2021-05-30 16:00:00,20.0,69.44,74.36555555555555,32.97333333333333
2021-05-30 17:00:00,19.16,68.53,75.61375000000001,32.91
2021-05-30 18:00:00,23.21,72.82,77.04666666666667,31.848888888888887
2021-05-30 19:00:00,20.63,73.23,80.30375,31.32
2021-05-30 20:00:00,25.03,69.95,81.2811111111111,30.759999999999998
2021-05-30 21:00:00,25.16,67.48,81.83500000000001,30.177500000000002
2021-05-30 22:00:00,18.29,60.15,81.71000000000001,29.240000000000002
2021-05-30 23:00:00,17.84,45.78,82.64777777777778,29.084444444444443
2021-05-31 00:00:00,18.0,40.0,84.64375000000001,29.18
2021-05-31 01:00:00,16.32,40.0,85.9188888888889,28.43777777777778
2021-05-31 02:00:00,26.94,52.94,85.68200000000002,31.038
2021-05-31 03:00:00,31.52,50.91,85.84555555555556,27.90222222222222
2021-05-31 04:00:00,31.16,49.76,86.09666666666666,27.923333333333332
2021-05-31 05:00:00,31.0,54.58,87.405,28.005000000000003
2021-05-31 06:00:00,30.16,49.91,88.17125,28.03875
2021-05-31 07:00:00,25.79,50.64,86.60000000000001,29.21
2021-05-31 08:00:00,31.72,61.37,82.78888888888889,30.63666666666667
2021-05-31 09:00:00,30.48,67.05,80.42333333333333,31.538888888888884
2021-05-31 10:00:00,31.68,75.64,79.7211111111111,32.10777777777778
2021-05-31 11:00:00,24.45,67.34,84.70555555555555,30.05111111111111
2021-05-31 12:00:00,17.13,38.81,87.72555555555556,29.52444444444445
2021-05-31 13:00:00,19.37,34.0,83.68625,31.94625
2021-05-31 14:00:00,22.52,53.0,80.42888888888889,31.953333333333333
2021-05-31 15:00:00,17.12,58.33,82.59555555555556,30.814444444444444
2021-05-31 16:00:00,16.84,63.05,83.4088888888889,30.626666666666665
2021-05-31 17:00:00,17.0,60.18,82.3175,31.125
2021-05-31 18:00:00,19.52,56.72,83.0825,34.53375
2021-05-31 19:00:00,23.38,64.37,84.6575,30.419999999999998
2021-05-31 20:00:00,25.68,77.44,84.83333333333333,29.876666666666665
2021-05-31 21:00:00,31.89,82.3,85.81888888888889,29.673333333333332
2021-05-31 22:00:00,33.0,82.18,87.19888888888889,29.39
2021-05-31 23:00:00,30.48,80.67,87.97333333333333,29.13222222222222
2021-06-01 00:00:00,35.87,85.09,88.83125000000001,28.473750000000003
2021-06-01 01:00:00,31.95,80.15,89.34222222222223,28.66
2021-06-01 02:00:00,24.29,64.3,89.84333333333333,28.535555555555554
2021-06-01 03:00:00,19.63,54.0,90.0788888888889,28.456666666666667
2021-06-01 04:00:00,23.21,54.0,90.61777777777777,28.37222222222222
2021-06-01 05:00:00,20.63,56.29,91.11699999999999,31.211000000000002
2021-06-01 06:00:00,27.59,62.33,90.7788888888889,28.426666666666662
2021-06-01 07:00:00,18.93,57.15,87.83222222222223,29.464444444444446
2021-06-01 08:00:00,17.84,51.0,83.85222222222222,30.799999999999997
2021-06-01 09:00:00,18.0,48.91,80.01444444444445,32.010000000000005
2021-06-01 10:00:00,26.42,55.0,77.20444444444443,32.81
2021-06-01 11:00:00,26.32,53.47,75.32333333333334,33.23111111111111
2021-06-01 12:00:00,20.11,49.2,74.49777777777778,33.54222222222222
2021-06-01 13:00:00,19.0,47.23,73.44888888888889,33.89111111111111
2021-06-01 14:00:00,15.63,44.71,73.88333333333334,33.73888888888889
2021-06-01 15:00:00,11.62,42.0,75.27111111111111,33.27111111111111
2021-06-01 16:00:00,12.68,40.0,76.50333333333334,33.0611111111111
2021-06-01 17:00:00,16.36,40.0,77.63666666666667,32.41666666666666
2021-06-01 18:00:00,12.79,36.95,80.04875000000001,31.520000000000003
2021-06-01 19:00:00,17.05,39.05,82.545,29.35
2021-06-01 20:00:00,23.03,46.88,91.76125,26.985
2021-06-01 21:00:00,21.48,41.42,95.7225,26.46375
2021-06-01 22:00:00,21.0,38.48,96.25444444444446,29.93333333333333
2021-06-01 23:00:00,18.48,36.95,95.99125000000001,26.567500000000003
2021-06-02 00:00:00,23.03,40.58,95.965,26.6325
2021-06-02 01:00:00,27.36,41.24,96.21625,26.63625
2021-06-02 02:00:00,32.2,41.0,96.59555555555556,30.13444444444444
2021-06-02 03:00:00,34.68,48.0,96.36500000000001,26.709999999999997
2021-06-02 04:00:00,35.0,50.28,96.205,26.76375
2021-06-02 05:00:00,24.9,41.0,95.81875,26.835
2021-06-02 06:00:00,26.37,44.0,95.58999999999999,30.507777777777775
2021-06-02 07:00:00,26.16,47.8,94.72714285714287,28.192857142857143
2021-06-02 08:00:00,27.68,53.57,89.87428571428572,28.931428571428572
2021-06-02 09:00:00,31.36,61.85,85.87,30.07166666666667
2021-06-02 10:00:00,31.16,59.0,86.71000000000001,31.169999999999998
2021-06-02 11:00:00,23.43,51.39,85.2011111111111,34.154444444444444
2021-06-02 12:00:00,19.48,42.73,79.64875,32.448750000000004
2021-06-02 13:00:00,12.29,37.52,78.87,32.4975
2021-06-02 14:00:00,10.16,28.08,79.525,32.43625
2021-06-02 15:00:00,8.32,22.05,79.2,32.849999999999994
2021-06-02 16:00:00,6.32,28.33,76.61125000000001,33.39375
2021-06-02 17:00:00,8.53,24.65,77.55285714285716,33.52428571428572
2021-06-02 18:00:00,11.53,26.8,79.50625,32.07125
2021-06-02 19:00:00,10.32,28.0,83.99,30.342857142857138
2021-06-02 20:00:00,17.57,31.0,86.02999999999999,29.18857142857143
2021-06-02 21:00:00,15.63,35.0,86.96125,28.408749999999998
2021-06-02 22:00:00,16.68,44.0,85.77125000000001,32.435
2021-06-02 23:00:00,22.87,55.42,86.28428571428572,28.684285714285714
2021-06-03 00:00:00,21.48,51.39,86.0942857142857,28.484285714285715
2021-06-03 01:00:00,14.29,44.43,86.34714285714287,28.41428571428571
2021-06-03 02:00:00,18.05,55.18,86.67857142857143,28.34857142857143
2021-06-03 03:00:00,14.8,56.91,87.99166666666667,28.196666666666662
2021-06-03 04:00:00,17.37,51.3,87.73714285714286,27.805714285714288
2021-06-03 05:00:00,28.91,57.1,87.51624999999999,27.45
2021-06-03 06:00:00,37.73,65.33,87.67875000000001,31.7425
2021-06-03 07:00:00,36.48,58.63,84.16375,28.963749999999997
2021-06-03 08:00:00,31.8,52.86,75.81428571428572,31.11285714285714
2021-06-03 09:00:00,31.84,52.28,70.06375,33.441250000000004
2021-06-03 10:00:00,14.38,21.0,68.7125,34.26625
2021-06-03 11:00:00,14.37,23.28,67.10222222222222,34.52111111111111
2021-06-03 12:00:00,20.05,41.0,68.23111111111112,34.27
2021-06-03 13:00:00,20.16,50.89,69.66666666666669,34.275555555555556
2021-06-03 14:00:00,28.39,57.05,69.27555555555556,34.32888888888889
2021-06-03 15:00:00,18.97,44.38,69.92875000000001,33.85249999999999
2021-06-03 16:00:00,10.27,25.15,70.555,33.435
2021-06-03 17:00:00,7.32,24.52,72.25222222222223,32.788888888888884
2021-06-03 18:00:00,7.0,21.2,78.05,31.6025
2021-06-03 19:00:00,11.2,22.28,81.62375,30.785
2021-06-03 20:00:00,10.32,23.76,76.99555555555555,29.93444444444444
2021-06-03 21:00:00,11.68,42.33,74.50777777777779,29.047777777777778
2021-06-03 22:00:00,19.55,54.0,78.17777777777778,28.803333333333335
2021-06-03 23:00:00,28.56,59.0,81.03875,28.509999999999998
2021-06-04 00:00:00,26.64,49.0,79.98111111111112,28.288888888888888
2021-06-04 01:00:00,31.05,60.38,80.5988888888889,27.796666666666667
2021-06-04 02:00:00,30.32,60.2,82.67,27.2975
2021-06-04 03:00:00,23.29,48.34,82.4588888888889,27.141111111111112
2021-06-04 04:00:00,24.52,45.52,82.727,30.142999999999994
2021-06-04 05:00:00,28.37,47.56,84.33,26.927777777777777
2021-06-04 06:00:00,26.48,44.78,84.35111111111112,27.16111111111111
2021-06-04 07:00:00,26.0,47.85,81.53777777777778,28.65666666666667
2021-06-04 08:00:00,31.03,59.13,76.47222222222221,31.205555555555552
2021-06-04 09:00:00,35.36,65.82,72.30555555555556,33.03333333333333
2021-06-04 10:00:00,23.38,49.0,70.63374999999999,33.5625
2021-06-04 11:00:00,21.0,41.0,68.35000000000001,34.19777777777778
2021-06-04 12:00:00,20.16,49.0,68.82555555555557,34.15888888888889
2021-06-04 13:00:00,12.43,39.87,69.76222222222222,33.99777777777778
2021-06-04 14:00:00,11.0,24.06,70.2188888888889,34.146666666666675
2021-06-04 15:00:00,8.48,20.0,68.5875,33.355000000000004
2021-06-04 16:00:00,5.47,16.0,70.2725,32.73625
2021-06-04 17:00:00,5.0,16.52,73.51625000000001,31.78125
2021-06-04 18:00:00,4.16,17.76,75.37,31.23375
2021-06-04 19:00:00,5.68,15.72,81.77375,29.955
2021-06-04 20:00:00,14.39,29.62,83.29666666666668,28.793333333333333
2021-06-04 21:00:00,17.68,45.11,83.9175,28.2175
2021-06-04 22:00:00,15.48,41.67,83.78999999999999,28.09111111111111
2021-06-04 23:00:00,20.03,52.0,85.385,27.95375
2021-06-05 00:00:00,18.48,45.0,84.66555555555556,31.173333333333332
2021-06-05 01:00:00,18.0,45.0,85.63125,27.636249999999997
2021-06-05 02:00:00,20.52,54.81999999999999,84.96000000000001,27.575555555555557
2021-06-05 03:00:00,31.91,57.7375,86.10125,27.42
2021-06-05 04:00:00,34.0,56.633750000000006,86.27250000000001,27.44125
2021-06-05 05:00:00,42.42,67.83,84.8975,27.583750000000002
2021-06-05 06:00:00,44.0,63.315,82.91555555555556,30.780000000000005
2021-06-05 07:00:00,35.58,51.607142857142854,81.9,28.0825
2021-06-05 08:00:00,34.0,62.888571428571424,79.2757142857143,28.752857142857145
2021-06-05 09:00:00,39.87,66.57,74.4542857142857,30.22
2021-06-05 10:00:00,38.48,81.15125,75.005,31.80875
2021-06-05 11:00:00,29.61,75.34125,73.90285714285713,32.91571428571428
2021-06-05 12:00:00,32.2,74.21625,71.82444444444445,32.85111111111111
2021-06-05 13:00:00,22.93,58.9075,71.58888888888889,33.08888888888889
2021-06-05 14:00:00,15.95,49.56,71.379,32.968
2021-06-05 15:00:00,12.47,49.419999999999995,75.04666666666667,31.040000000000003
2021-06-05 16:00:00,12.0,50.0588888888889,79.51666666666667,29.90888888888889
2021-06-05 17:00:00,16.2,44.832222222222214,76.90599999999999,30.260999999999996
2021-06-05 18:00:00,16.16,47.845555555555556,76.75555555555555,30.18333333333333
2021-06-05 19:00:00,24.42,52.38111111111111,79.49000000000001,29.00375
2021-06-05 20:00:00,26.84,64.06777777777778,80.97888888888889,29.188888888888886
2021-06-05 21:00:00,32.89,88.90666666666667,84.22125,32.2025
2021-06-05 22:00:00,28.11,88.775,84.79124999999999,28.34625
2021-06-05 23:00:00,26.15,87.595,85.95857142857143,28.12857142857143
2021-06-06 00:00:00,35.23,86.45857142857142,86.62,27.725714285714282
2021-06-06 01:00:00,42.04,81.1742857142857,89.93375,26.08375
2021-06-06 02:00:00,16.91,52.019999999999996,96.2425,24.6825
2021-06-06 03:00:00,11.16,37.26222222222222,96.66666666666667,27.702222222222222
2021-06-06 04:00:00,11.84,27.4075,98.06444444444445,24.20111111111111
2021-06-06 05:00:00,16.2,36.49333333333333,98.33555555555556,24.296666666666667
2021-06-06 06:00:00,15.32,38.858888888888885,93.838,24.095999999999997
2021-06-06 07:00:00,10.8,22.123333333333335,97.76222222222222,25.317777777777778
2021-06-06 08:00:00,15.02,24.995,96.54,26.22625
2021-06-06 09:00:00,21.03,43.63,93.1888888888889,27.496666666666666
2021-06-06 10:00:00,20.32,51.55222222222223,84.75111111111113,32.955555555555556
2021-06-06 11:00:00,14.97,41.095,71.17444444444445,31.924444444444443
2021-06-06 12:00:00,9.8,42.645,68.88625,32.644999999999996
2021-06-06 13:00:00,13.2,46.24625,67.59222222222223,33.013333333333335
2021-06-06 14:00:00,23.26,51.175,66.30111111111113,33.26777777777777
2021-06-06 15:00:00,20.8,53.561249999999994,68.96,33.00857142857143
2021-06-06 16:00:00,16.63,50.947500000000005,72.655,32.4275
2021-06-06 17:00:00,17.68,50.4675,74.54222222222222,31.939999999999998
2021-06-06 18:00:00,18.0,51.511250000000004,78.34875,31.01125
2021-06-06 19:00:00,15.47,45.55125,80.08999999999999,29.95111111111111
2021-06-06 20:00:00,15.84,55.33375,82.435,29.56125
2021-06-06 21:00:00,19.36,61.607777777777784,83.17888888888889,29.37777777777778
2021-06-06 22:00:00,17.48,58.837777777777774,84.8388888888889,32.121111111111105
2021-06-06 23:00:00,19.52,47.1275,87.17222222222225,28.166666666666668
2021-06-07 00:00:00,19.16,36.9875,87.0125,28.173750000000002
2021-06-07 01:00:00,16.48,33.652857142857144,87.67750000000001,28.041249999999998
2021-06-07 02:00:00,15.16,46.43,86.75888888888889,28.085555555555555
2021-06-07 03:00:00,16.68,46.16777777777778,88.486,30.622999999999998
2021-06-07 04:00:00,14.48,35.065,92.03555555555555,26.746666666666666
2021-06-07 05:00:00,17.36,35.51222222222222,96.75999999999999,25.190000000000005
2021-06-07 06:00:00,15.48,31.267777777777773,97.63300000000001,28.275
2021-06-07 07:00:00,12.48,24.928571428571427,97.04444444444445,25.40666666666667
2021-06-07 08:00:00,13.68,46.708749999999995,90.652,27.361
2021-06-07 09:00:00,19.03,48.14,86.394,28.526
2021-06-07 10:00:00,17.48,100.015,90.35363636363637,29.701818181818183
2021-06-07 11:00:00,17.0,39.784444444444446,88.92111111111112,28.036666666666665
2021-06-07 12:00:00,18.68,54.011111111111106,79.447,30.214000000000006
2021-06-07 13:00:00,24.87,69.41222222222221,74.98100000000001,31.544999999999998
2021-06-07 14:00:00,26.84,56.48777777777777,71.46199999999999,32.299
2021-06-07 15:00:00,18.61,47.285,72.58700000000002,31.877
2021-06-07 16:00:00,15.32,50.348,76.446,30.287
2021-06-07 17:00:00,15.0,47.606,73.22200000000001,30.85
2021-06-07 18:00:00,15.0,61.132000000000005,75.145,30.153000000000002
2021-06-07 19:00:00,13.32,98.7481818181818,79.53181818181817,31.90181818181819
2021-06-07 20:00:00,22.23,117.91999999999999,81.554,28.934999999999995
2021-06-07 21:00:00,17.27,57.36,87.25666666666667,28.38222222222222
2021-06-07 22:00:00,21.03,64.521,84.38699999999999,28.311
2021-06-07 23:00:00,16.13,59.177,84.967,28.264000000000003
2021-06-08 00:00:00,15.84,62.050000000000004,86.12818181818182,30.728181818181817
2021-06-08 01:00:00,14.32,90.2488888888889,87.12199999999999,27.833
2021-06-08 02:00:00,24.07,84.329,87.845,27.604000000000003
2021-06-08 03:00:00,36.07,67.638,89.58900000000001,27.129999999999995
2021-06-08 04:00:00,24.58,70.68545454545455,90.70454545454548,29.723636363636366
2021-06-08 05:00:00,24.52,62.45400000000001,90.15,26.744999999999997
2021-06-08 06:00:00,26.68,62.112999999999985,90.68700000000001,26.706
2021-06-08 07:00:00,25.33,58.722727272727276,92.63454545454546,29.662727272727274
2021-06-08 08:00:00,25.0,48.468,89.74199999999999,28.175000000000004
2021-06-08 09:00:00,19.97,84.05666666666667,86.81299999999999,29.123
2021-06-08 10:00:00,22.37,73.69888888888889,89.71888888888888,28.02
2021-06-08 11:00:00,24.68,63.644545454545465,92.574,28.008
2021-06-08 12:00:00,9.94,62.00111111111111,93.707,30.682
2021-06-08 13:00:00,8.68,39.262857142857136,91.61444444444444,28.13444444444444
2021-06-08 14:00:00,7.32,35.498,85.436,29.926
2021-06-08 15:00:00,12.87,80.71111111111111,79.94800000000001,31.561
2021-06-08 16:00:00,14.84,87.772,80.697,30.502999999999997
2021-06-08 17:00:00,21.73,64.03900000000002,85.172,28.562
2021-06-08 18:00:00,17.13,63.447272727272725,81.33545454545454,28.394545454545458
2021-06-08 19:00:00,16.0,62.96299999999999,87.86800000000001,28.081
2021-06-08 20:00:00,24.39,107.63777777777779,89.212,27.732999999999997
2021-06-08 21:00:00,27.68,97.35499999999999,91.72200000000001,27.000999999999998
2021-06-08 22:00:00,16.25,61.497,93.82636363636365,29.56181818181818
2021-06-08 23:00:00,13.16,53.23333333333334,93.582,26.690999999999995
2021-06-09 00:00:00,12.16,64.15777777777777,93.61600000000001,26.790999999999997
2021-06-09 01:00:00,14.52,60.28555555555555,93.619,26.787
2021-06-09 02:00:00,13.32,51.399,93.93545454545455,29.512727272727275
2021-06-09 03:00:00,11.32,39.943333333333335,93.398,26.463
2021-06-09 04:00:00,16.87,54.04888888888889,93.628,26.331
2021-06-09 05:00:00,13.79,78.64599999999999,93.885,26.135
2021-06-09 06:00:00,9.65,73.14000000000001,94.43727272727273,29.118181818181814
2021-06-09 07:00:00,9.0,40.96625,94.44000000000001,25.958
2021-06-09 08:00:00,11.52,43.013,94.557,25.517000000000003
2021-06-09 09:00:00,8.64,43.382,95.20545454545454,28.28818181818182
2021-06-09 10:00:00,10.52,37.995555555555555,94.96099999999998,25.592999999999996
2021-06-09 11:00:00,11.0,25.234444444444446,94.64222222222222,25.583333333333332
2021-06-09 12:00:00,15.2,51.845,95.107,29.136999999999993
2021-06-09 13:00:00,10.13,50.126666666666665,94.56333333333333,25.59111111111111
2021-06-09 14:00:00,9.0,37.96625,94.59222222222222,25.354444444444443
2021-06-09 15:00:00,8.16,50.10625,95.14,28.568
2021-06-09 16:00:00,9.68,50.675000000000004,94.63222222222221,25.410000000000004
2021-06-09 17:00:00,8.32,46.31444444444445,94.50222222222222,25.78222222222222
2021-06-09 18:00:00,16.36,47.712222222222216,94.888,29.118000000000002
2021-06-09 19:00:00,17.16,44.48666666666667,94.65599999999999,25.266
2021-06-09 20:00:00,13.64,51.09111111111111,94.328,25.160000000000004
2021-06-09 21:00:00,16.36,46.36666666666666,94.36,28.337272727272726
2021-06-09 22:00:00,20.36,43.2988888888889,94.014,25.198999999999998
2021-06-09 23:00:00,19.32,47.67222222222222,94.05199999999999,25.046999999999997
2021-06-10 00:00:00,13.98,43.82875,98.31222222222223,28.470000000000002
2021-06-10 01:00:00,20.55,29.914000000000005,98.34,25.266000000000002
2021-06-10 02:00:00,17.8,39.73499999999999,98.36800000000001,25.380000000000003
2021-06-10 03:00:00,19.52,38.55833333333333,98.515,30.938333333333333
2021-06-10 04:00:00,26.71,28.696666666666662,98.708,25.618000000000002
2021-06-10 05:00:00,13.69,41.24249999999999,99.20499999999998,25.465
2021-06-10 06:00:00,12.68,40.7525,99.40400000000001,31.996
2021-06-10 07:00:00,18.87,24.222500000000004,99.26,25.690000000000005
2021-06-10 08:00:00,20.84,39.984,98.69200000000001,26.15
2021-06-10 09:00:00,17.64,39.162,98.03000000000002,31.888333333333332
2021-06-10 10:00:00,17.84,22.296,95.788,27.5
2021-06-10 11:00:00,21.36,25.628000000000004,95.854,27.712
2021-06-10 12:00:00,11.93,38.915,94.438,28.144
2021-06-10 13:00:00,11.68,39.59333333333333,90.49166666666667,33.89
2021-06-10 14:00:00,14.51,47.474999999999994,85.29,28.85
2021-06-10 15:00:00,16.68,42.592,89.00800000000001,27.666000000000004
2021-06-10 16:00:00,15.32,51.26333333333333,96.60999999999999,24.956
2021-06-10 17:00:00,9.97,44.873333333333335,98.81333333333333,30.010000000000005
2021-06-10 18:00:00,9.84,34.529999999999994,98.91199999999999,24.734
2021-06-10 19:00:00,14.18,43.064,98.92600000000002,24.964000000000002
2021-06-10 20:00:00,24.26,58.701666666666675,98.796,24.742
2021-06-10 21:00:00,11.74,46.974999999999994,99.05333333333333,29.883333333333336
2021-06-10 22:00:00,9.0,22.868000000000002,98.952,24.426
2021-06-10 23:00:00,11.52,37.086666666666666,98.63200000000002,24.802
2021-06-11 00:00:00,12.84,38.824999999999996,97.61666666666667,30.633333333333336
2021-06-11 01:00:00,16.36,26.176,96.428,25.298000000000002
2021-06-11 02:00:00,14.48,24.445999999999998,97.314,25.238
2021-06-11 03:00:00,17.37,37.37166666666666,98.066,25.142
2021-06-11 04:00:00,18.84,40.73,98.38000000000001,30.64
2021-06-11 05:00:00,13.96,31.095,97.80000000000001,25.4125
2021-06-11 06:00:00,11.33,46.446000000000005,98.47749999999999,25.455000000000002
2021-06-11 07:00:00,8.48,38.05799999999999,98.946,31.924
2021-06-11 08:00:00,8.84,22.72666666666667,98.7875,25.89
2021-06-11 09:00:00,8.16,19.2225,97.935,26.4075
2021-06-11 10:00:00,10.53,36.942,94.7425,27.905
2021-06-11 11:00:00,17.71,45.620000000000005,89.638,35.412
2021-06-11 12:00:00,18.16,41.20399999999999,88.854,28.827999999999996
2021-06-11 13:00:00,16.32,35.634,96.974,26.534000000000002
2021-06-11 14:00:00,13.49,44.400000000000006,98.202,25.996
2021-06-11 15:00:00,16.36,45.462,98.152,31.972
2021-06-11 16:00:00,16.16,25.555999999999997,97.90400000000001,25.56
2021-06-11 17:00:00,16.84,32.67166666666667,99.00000000000001,25.066000000000003
2021-06-11 18:00:00,13.64,40.006,99.31333333333333,30.613333333333333
2021-06-11 19:00:00,15.52,19.972,99.268,25.262
2021-06-11 20:00:00,13.48,34.532,99.308,25.252
2021-06-11 21:00:00,13.84,30.998333333333335,99.43833333333333,30.585000000000004
2021-06-11 22:00:00,13.16,18.9675,99.388,25.182000000000002
2021-06-11 23:00:00,13.0,29.26833333333333,99.382,25.240000000000002
2021-06-12 00:00:00,11.33,40.806666666666665,99.526,31.502
2021-06-12 01:00:00,8.48,12.0825,99.422,25.339999999999996
2021-06-12 02:00:00,6.33,14.586666666666666,99.40800000000002,25.5
2021-06-12 03:00:00,16.91,36.796,99.39,25.264
2021-06-12 04:00:00,17.33,42.3625,99.47333333333334,30.62166666666667
2021-06-12 05:00:00,17.0,14.61,99.4,25.09
2021-06-12 06:00:00,9.45,47.9,99.41250000000001,24.580000000000002
2021-06-12 07:00:00,7.16,29.40833333333333,99.56000000000002,31.432000000000006
2021-06-12 08:00:00,5.32,16.825,99.44200000000001,25.196
2021-06-12 09:00:00,8.34,34.644,99.464,25.53
2021-06-12 10:00:00,17.39,44.10999999999999,99.44999999999999,31.06833333333333
2021-06-12 11:00:00,10.58,27.22,99.29,25.54
2021-06-12 12:00:00,10.67,44.8675,99.438,25.741999999999997
2021-06-12 13:00:00,9.32,34.93666666666666,99.46,31.513333333333332
2021-06-12 14:00:00,7.33,26.131999999999998,98.38499999999999,26.575
2021-06-12 15:00:00,9.52,27.195999999999998,92.58399999999999,28.320000000000004
2021-06-12 16:00:00,7.48,27.962,85.636,29.398000000000003
2021-06-12 17:00:00,11.2,48.08166666666667,84.28666666666665,34.005
2021-06-12 18:00:00,11.16,46.702,89.406,27.984
2021-06-12 19:00:00,9.32,39.448,93.518,27.288
2021-06-12 20:00:00,9.0,39.263999999999996,94.646,27.204
2021-06-12 21:00:00,9.84,45.958333333333336,95.38666666666667,32.263333333333335
2021-06-12 22:00:00,7.49,30.058,93.934,27.227999999999998
2021-06-12 23:00:00,8.68,28.741999999999997,92.426,27.353999999999996
2021-06-13 00:00:00,7.33,30.965999999999998,92.684,27.332000000000004
2021-06-13 01:00:00,5.32,39.733333333333334,93.00833333333334,32.428333333333335
2021-06-13 02:00:00,7.51,25.273999999999997,93.854,27.298000000000002
2021-06-13 03:00:00,13.03,26.82,94.26000000000002,27.203999999999997
2021-06-13 04:00:00,15.68,31.369999999999997,95.166,26.977999999999998
2021-06-13 05:00:00,18.52,46.803333333333335,96.05333333333334,31.96666666666667
2021-06-13 06:00:00,13.98,40.568,95.78599999999999,26.797999999999995
2021-06-13 07:00:00,13.0,44.726,95.688,26.996000000000002
2021-06-13 08:00:00,15.52,40.782,97.398,27.02
2021-06-13 09:00:00,18.51,43.523999999999994,93.43166666666667,33.18666666666667
2021-06-13 10:00:00,20.68,33.70399999999999,89.942,28.924
2021-06-13 11:00:00,19.32,35.024,87.166,29.439999999999998
2021-06-13 12:00:00,18.16,49.83,84.996,29.912
2021-06-13 13:00:00,14.64,42.39,80.148,30.9
2021-06-13 14:00:00,13.16,35.254,77.28999999999999,31.456
2021-06-13 15:00:00,18.87,47.14399999999999,78.726,31.119999999999997
2021-06-13 16:00:00,17.48,54.870000000000005,80.976,30.748
2021-06-13 17:00:00,16.16,61.13,83.276,30.107999999999997
2021-06-13 18:00:00,16.0,59.12166666666667,85.01333333333332,34.225
2021-06-13 19:00:00,8.47,46.948,87.528,28.847999999999995
2021-06-13 20:00:00,7.0,44.43,89.66,28.576
2021-06-13 21:00:00,7.84,42.778,91.65400000000001,28.310000000000002
2021-06-13 22:00:00,13.89,43.263999999999996,91.90599999999999,28.168
2021-06-13 23:00:00,15.84,55.401666666666664,93.126,27.926
2021-06-14 00:00:00,12.64,53.248333333333335,92.95333333333333,32.96333333333333
2021-06-14 01:00:00,13.67,38.575,93.0375,28.277499999999996
2021-06-14 02:00:00,14.0,39.704,91.66199999999999,27.644
2021-06-14 03:00:00,11.48,45.528,94.308,27.076
2021-06-14 04:00:00,16.87,49.975,94.372,27.091999999999995
2021-06-14 05:00:00,19.68,48.57333333333333,92.48833333333334,32.28333333333333
2021-06-14 06:00:00,14.98,40.364,94.36600000000001,27.224
2021-06-14 07:00:00,14.0,48.7775,94.52999999999999,28.376666666666665
2021-06-14 08:00:00,20.69,80.33999999999999,90.38999999999999,29.386666666666667
2021-06-14 09:00:00,26.18,90.18249999999999,85.3,37.1825
2021-06-14 10:00:00,31.18,86.22333333333334,82.41666666666667,31.206666666666667
2021-06-14 11:00:00,24.48,73.796,76.53,32.284000000000006
2021-06-14 12:00:00,24.67,84.645,75.94250000000001,31.6475
2021-06-14 13:00:00,20.96,72.30499999999999,73.662,32.458000000000006
2021-06-14 14:00:00,27.36,98.65,72.454,32.64
2021-06-14 15:00:00,23.95,88.15199999999999,73.804,32.336
2021-06-14 16:00:00,28.03,95.082,74.014,32.096000000000004
2021-06-14 17:00:00,27.32,97.92999999999999,77.148,31.272000000000002
2021-06-14 18:00:00,28.68,112.26400000000001,80.682,30.389999999999997
2021-06-14 19:00:00,29.0,133.93,84.296,29.639999999999997
2021-06-14 20:00:00,29.84,94.42199999999998,86.75,29.25
2021-06-14 21:00:00,28.32,93.10799999999999,86.89,29.209999999999997
2021-06-14 22:00:00,24.64,90.875,87.798,29.008000000000003
2021-06-14 23:00:00,31.52,89.66666666666667,88.805,33.626666666666665
2021-06-15 00:00:00,26.95,94.244,89.734,28.676
