From Date,PM2.5,PM10,RH,AT
2020-11-01 00:00:00,62.66,103.2,87.03,23.4
2020-11-01 01:00:00,51.91,85.78,87.32,22.74
2020-11-01 02:00:00,42.95,69.28,85.86,22.64
2020-11-01 03:00:00,54.33,84.33,87.48,22.88
2020-11-01 04:00:00,56.0,73.97,90.66,22.25
2020-11-01 05:00:00,37.51,49.55,93.4,22.2
2020-11-01 06:00:00,36.76,45.0,86.77,22.11
2020-11-01 07:00:00,39.64,54.08,87.25,23.3
2020-11-01 08:00:00,66.5,100.7,80.92,25.93
2020-11-01 09:00:00,76.16,108.7,63.16,30.61
2020-11-01 10:00:00,55.8,98.1,50.79,34.57
2020-11-01 11:00:00,58.3,101.78,44.72,36.35
2020-11-01 12:00:00,57.24,94.75,41.44,37.3
2020-11-01 13:00:00,45.52,93.0,42.67,35.92
2020-11-01 14:00:00,50.16,110.33,47.99,36.12
2020-11-01 15:00:00,56.3,110.7,48.74,35.6
2020-11-01 16:00:00,46.43,85.0,50.92,34.11
2020-11-01 17:00:00,37.08,69.33,60.8,29.85
2020-11-01 18:00:00,40.4,63.52,70.25,26.52
2020-11-01 19:00:00,33.95,54.75,73.0,25.49
2020-11-01 20:00:00,27.73,47.23,82.81,24.97
2020-11-01 21:00:00,41.09,57.55,84.4,24.92
2020-11-01 22:00:00,46.52,68.25,87.17,24.63
2020-11-01 23:00:00,44.36,66.7,90.18,24.16
2020-11-02 00:00:00,51.9,79.2,90.68,24.05
2020-11-02 01:00:00,41.52,58.03,85.72,23.64
2020-11-02 02:00:00,34.7,51.35,90.43,23.75
2020-11-02 03:00:00,41.04,54.31,91.28,23.87
2020-11-02 04:00:00,36.72,50.05,87.38,24.24
2020-11-02 05:00:00,53.61,75.49,92.3,23.98
2020-11-02 06:00:00,76.24,104.92,90.6,24.62
2020-11-02 07:00:00,83.4,123.2,86.72,25.87
2020-11-02 08:00:00,85.76,120.22,82.87,27.39
2020-11-02 09:00:00,78.1,119.83,73.39,31.23
2020-11-02 10:00:00,87.57,146.4,60.09,33.98
2020-11-02 11:00:00,89.88,158.0,51.5,35.77
2020-11-02 12:00:00,90.0,161.0,48.91,36.31
2020-11-02 13:00:00,89.12,159.35,48.3,36.94
2020-11-02 14:00:00,88.12,155.69,48.08,37.05
2020-11-02 15:00:00,83.58,157.47,54.65,36.17
2020-11-02 16:00:00,84.76,150.57,63.08,33.25
2020-11-02 17:00:00,85.0,140.75,73.81,29.34
2020-11-02 18:00:00,91.16,157.15,81.43,27.26
2020-11-02 19:00:00,87.6,137.82,85.6,26.54
2020-11-02 20:00:00,79.93,118.15,88.72,26.05
2020-11-02 21:00:00,88.72,128.2,92.78,25.87
2020-11-02 22:00:00,90.0,120.25,90.36,25.8
2020-11-02 23:00:00,99.68,151.0,86.08,25.98
2020-11-03 00:00:00,108.02,173.62,85.84,25.81
2020-11-03 01:00:00,101.08,159.68,86.18,25.6
2020-11-03 02:00:00,98.24,154.35,84.84,25.97
2020-11-03 03:00:00,103.28,152.35,85.12,25.66
2020-11-03 04:00:00,93.43,138.75,87.12,25.25
2020-11-03 05:00:00,81.4,114.0,87.53,25.49
2020-11-03 06:00:00,81.76,115.65,88.96,25.07
2020-11-03 07:00:00,84.64,120.12,82.99,25.77
2020-11-03 08:00:00,90.3,141.56,74.52,27.35
2020-11-03 09:00:00,91.0,140.22,61.97,30.93
2020-11-03 10:00:00,96.28,154.68,52.56,33.9
2020-11-03 11:00:00,94.36,176.97,45.63,35.8
2020-11-03 12:00:00,83.43,164.1,43.39,36.95
2020-11-03 13:00:00,80.25,159.12,43.22,37.48
2020-11-03 14:00:00,74.72,143.56,44.49,37.65
2020-11-03 15:00:00,74.88,128.0,51.75,36.8
2020-11-03 16:00:00,75.88,131.31,59.86,34.68
2020-11-03 17:00:00,74.24,125.4,75.47,30.13
2020-11-03 18:00:00,64.31,109.2,83.53,27.32
2020-11-03 19:00:00,69.16,113.42,89.04,26.5
2020-11-03 20:00:00,72.63,115.0,89.68,26.15
2020-11-03 21:00:00,76.52,109.84,91.41,25.2
2020-11-03 22:00:00,77.0,106.17,90.88,25.05
2020-11-03 23:00:00,78.77,108.47,94.79,24.81
2020-11-04 00:00:00,83.4,119.72,95.7,24.5
2020-11-04 01:00:00,87.52,123.66,96.02,24.36
2020-11-04 02:00:00,97.66,135.55,93.73,24.44
2020-11-04 03:00:00,101.64,147.0,87.05,25.32
2020-11-04 04:00:00,87.91,121.0,85.02,25.47
2020-11-04 05:00:00,76.31,111.1,88.55,24.9
2020-11-04 06:00:00,77.64,113.12,84.24,25.32
2020-11-04 07:00:00,81.52,118.93,85.06,25.07
2020-11-04 08:00:00,82.0,120.0,75.85,27.59
2020-11-04 09:00:00,87.28,134.03,62.78,31.66
2020-11-04 10:00:00,93.28,159.28,53.34,34.56
2020-11-04 11:00:00,96.64,171.43,47.51,36.12
2020-11-04 12:00:00,87.31,163.07,41.53,37.25
2020-11-04 13:00:00,82.48,139.55,41.6,37.84
2020-11-04 14:00:00,74.08,120.12,43.78,37.6
2020-11-04 15:00:00,76.52,130.2,44.73,36.25
2020-11-04 16:00:00,70.84,119.35,53.55,35.03
2020-11-04 17:00:00,69.12,111.0,73.37,29.37
2020-11-04 18:00:00,70.75,117.5,79.16,27.17
2020-11-04 19:00:00,65.7,102.85,84.28,25.74
2020-11-04 20:00:00,68.52,106.42,85.74,25.66
2020-11-04 21:00:00,75.16,115.4,84.93,25.23
2020-11-04 22:00:00,82.16,121.14,88.36,24.71
2020-11-04 23:00:00,96.21,134.38,89.52,24.15
2020-11-05 00:00:00,96.25,137.0,86.33,24.13
2020-11-05 01:00:00,85.43,121.33,87.15,23.68
2020-11-05 02:00:00,76.08,103.18,87.77,23.86
2020-11-05 03:00:00,86.45,118.11,86.03,24.16
2020-11-05 04:00:00,87.12,126.95,84.13,24.52
2020-11-05 05:00:00,93.16,128.0,84.39,23.89
2020-11-05 06:00:00,79.03,115.55,82.84,24.06
2020-11-05 07:00:00,80.51,118.05,79.29,25.03
2020-11-05 08:00:00,75.7,118.35,74.4,26.76
2020-11-05 09:00:00,72.36,111.4,61.88,30.64
2020-11-05 10:00:00,76.42,125.64,53.2,33.67
2020-11-05 11:00:00,98.13,161.89,46.89,34.97
2020-11-05 12:00:00,90.43,164.86,41.74,35.94
2020-11-05 13:00:00,74.08,145.09,40.3,36.95
2020-11-05 14:00:00,65.84,125.36,37.33,37.48
2020-11-05 15:00:00,60.61,115.42,44.21,37.31
2020-11-05 16:00:00,57.36,100.77,53.26,34.95
2020-11-05 17:00:00,56.12,88.13,72.38,29.41
2020-11-05 18:00:00,58.64,83.4,82.25,26.73
2020-11-05 19:00:00,60.76,87.75,80.4,25.7
2020-11-05 20:00:00,55.72,92.29,72.58,25.25
2020-11-05 21:00:00,53.24,74.09,70.85,24.24
2020-11-05 22:00:00,45.08,64.22,75.0,23.97
2020-11-05 23:00:00,66.89,111.67,79.29,23.14
2020-11-06 00:00:00,62.98,102.27,80.04,22.9
2020-11-06 01:00:00,62.88,95.0,79.27,23.25
2020-11-06 02:00:00,63.88,89.0,68.84,24.92
2020-11-06 03:00:00,56.08,81.59,68.25,24.97
2020-11-06 04:00:00,68.21,89.87,73.02,23.95
2020-11-06 05:00:00,73.51,103.55,72.27,23.91
2020-11-06 06:00:00,63.4,96.9,72.24,23.88
2020-11-06 07:00:00,66.39,105.16,66.7,24.93
2020-11-06 08:00:00,66.12,113.76,62.66,26.63
2020-11-06 09:00:00,68.64,112.53,53.58,30.75
2020-11-06 10:00:00,75.16,133.38,46.35,33.06
2020-11-06 11:00:00,74.24,136.35,41.64,34.78
2020-11-06 12:00:00,68.72,123.65,38.19,35.8
2020-11-06 13:00:00,63.6,117.7,37.35,36.52
2020-11-06 14:00:00,56.84,121.12,37.26,36.93
2020-11-06 15:00:00,55.12,101.38,38.23,36.81
2020-11-06 16:00:00,41.79,82.15,43.62,35.65
2020-11-06 17:00:00,39.12,66.62,63.04,30.2
2020-11-06 18:00:00,42.53,79.67,73.04,26.96
2020-11-06 19:00:00,49.14,87.11,62.8,28.3
2020-11-06 20:00:00,52.64,89.65,78.38,25.32
2020-11-06 21:00:00,64.45,99.05,83.14,24.36
2020-11-06 22:00:00,86.25,139.78,89.7,23.97
2020-11-06 23:00:00,95.16,147.18,90.78,23.26
2020-11-07 00:00:00,82.83,120.69,89.93,22.99
2020-11-07 01:00:00,88.92,131.5,88.06,22.63
2020-11-07 02:00:00,72.39,106.95,79.16,23.79
2020-11-07 03:00:00,70.88,102.65,76.56,24.06
2020-11-07 04:00:00,68.36,103.83,73.4,23.71
2020-11-07 05:00:00,69.76,99.05,74.98,23.68
2020-11-07 06:00:00,79.69,116.15,69.16,24.15
2020-11-07 07:00:00,83.64,120.0,66.66,24.44
2020-11-07 08:00:00,86.64,132.0,65.62,25.98
2020-11-07 09:00:00,87.88,151.0,54.73,29.97
2020-11-07 10:00:00,91.52,103.34,75.77000000000001,25.765
2020-11-07 11:00:00,88.48,103.34,45.62,34.23
2020-11-07 12:00:00,76.55,103.34,41.12,35.72
2020-11-07 13:00:00,61.8,127.0,40.82,36.39
2020-11-07 14:00:00,67.05,125.7,42.1,36.86
2020-11-07 15:00:00,63.61,125.0,47.01,36.69
2020-11-07 16:00:00,67.39,119.25,59.92,33.84
2020-11-07 17:00:00,64.48,108.1,74.31,29.53
2020-11-07 18:00:00,57.84,99.42,76.98,27.06
2020-11-07 19:00:00,59.64,93.88,83.31,26.18
2020-11-07 20:00:00,69.69,97.95,82.56,25.81
2020-11-07 21:00:00,67.49,93.25,81.31,25.2
2020-11-07 22:00:00,59.08,94.47,85.74,24.51
2020-11-07 23:00:00,82.66,137.9,85.54,24.67
2020-11-08 00:00:00,98.33,182.35,78.19,25.25
2020-11-08 01:00:00,83.32,151.35,71.67,25.89
2020-11-08 02:00:00,73.08,118.33,67.59,26.29
2020-11-08 03:00:00,67.6,108.89,65.09,26.05
2020-11-08 04:00:00,61.72,95.62,62.3,26.09
2020-11-08 05:00:00,62.76,91.36,57.79,26.34
2020-11-08 06:00:00,60.37,93.47,55.5,26.45
2020-11-08 07:00:00,60.88,90.71,56.12,26.71
2020-11-08 08:00:00,61.88,100.72,55.77,27.81
2020-11-08 09:00:00,61.12,106.29,52.52,30.52
2020-11-08 10:00:00,75.97,128.45,49.02,32.85
2020-11-08 11:00:00,78.0,148.0,44.88,34.69
2020-11-08 12:00:00,67.47,129.91,41.16,35.76
2020-11-08 13:00:00,54.59,106.27,39.54,36.37
2020-11-08 14:00:00,53.88,92.95,40.35,37.69
2020-11-08 15:00:00,55.76,98.42,42.59,37.8
2020-11-08 16:00:00,56.0,92.6,52.43,34.94
2020-11-08 17:00:00,57.76,100.87,68.68,29.91
2020-11-08 18:00:00,62.4,103.0,81.92,26.96
2020-11-08 19:00:00,62.12,93.92,80.45,25.9
2020-11-08 20:00:00,56.73,87.45,82.77,25.37
2020-11-08 21:00:00,48.1,68.56,85.56,24.64
2020-11-08 22:00:00,51.4,67.47,84.7,24.48
2020-11-08 23:00:00,76.66,117.5,82.1,24.93
2020-11-09 00:00:00,86.14,132.1,82.46,24.37
2020-11-09 01:00:00,77.31,114.03,85.21,23.55
2020-11-09 02:00:00,72.48,110.0,86.47,23.44
2020-11-09 03:00:00,87.84,129.73,86.35,23.57
2020-11-09 04:00:00,92.63,131.53,76.43,24.68
2020-11-09 05:00:00,85.1,127.0,76.47,23.68
2020-11-09 06:00:00,84.0,111.0,73.52,23.59
2020-11-09 07:00:00,77.84,114.29,69.29,24.43
2020-11-09 08:00:00,77.88,116.65,66.22,26.03
2020-11-09 09:00:00,85.05,131.0,55.73,30.34
2020-11-09 10:00:00,96.57,161.13,45.8,33.27
2020-11-09 11:00:00,94.48,168.65,42.41,34.12
2020-11-09 12:00:00,86.08,156.67,39.83,36.06
2020-11-09 13:00:00,73.59,139.2,35.16,36.91
2020-11-09 14:00:00,60.55,133.4,36.09,37.22
2020-11-09 15:00:00,48.43,93.36,38.77,36.9
2020-11-09 16:00:00,44.36,71.84,48.17,34.93
2020-11-09 17:00:00,43.12,78.9,69.78,28.89
2020-11-09 18:00:00,46.51,67.02,80.2,25.6
2020-11-09 19:00:00,43.48,70.58,80.79,24.6
2020-11-09 20:00:00,52.69,76.93,82.91,24.4
2020-11-09 21:00:00,54.88,72.25,79.68,23.81
2020-11-09 22:00:00,45.31,54.55,77.2,23.88
2020-11-09 23:00:00,53.66,88.0,82.22,23.52
2020-11-10 00:00:00,76.07,118.2,83.18,23.31
2020-11-10 01:00:00,82.51,127.11,85.48,22.63
2020-11-10 02:00:00,79.49,123.49,78.47,23.93
2020-11-10 03:00:00,89.56,141.56,80.0,23.21
2020-11-10 04:00:00,76.08,115.58,74.39,23.76
2020-11-10 05:00:00,64.34,99.92,71.79,23.52
2020-11-10 06:00:00,70.9,106.22,70.82,22.93
2020-11-10 07:00:00,79.02,112.11,70.91,22.94
2020-11-10 08:00:00,88.81,133.56,66.22,24.88
2020-11-10 09:00:00,94.39,149.55,51.82,29.86
2020-11-10 10:00:00,90.6,155.29,41.84,32.05
2020-11-10 11:00:00,90.0,162.0,37.91,33.55
2020-11-10 12:00:00,83.84,153.77,36.71,34.33
2020-11-10 13:00:00,78.61,139.67,29.55,35.25
2020-11-10 14:00:00,61.27,110.69,29.94,36.33
2020-11-10 15:00:00,59.88,98.42,34.61,36.6
2020-11-10 16:00:00,59.12,89.6,45.87,33.23
2020-11-10 17:00:00,59.0,89.64,67.4,27.84
2020-11-10 18:00:00,59.88,94.11,78.33,24.77
2020-11-10 19:00:00,59.12,92.53,79.65,24.34
2020-11-10 20:00:00,72.21,115.02,73.45,25.11
2020-11-10 21:00:00,76.64,114.25,75.5,23.43
2020-11-10 22:00:00,77.88,116.0,78.61,22.71
2020-11-10 23:00:00,94.68,152.18,79.64,22.85
2020-11-11 00:00:00,99.62,160.82,71.68,23.59
2020-11-11 01:00:00,83.32,128.11,70.26,23.42
2020-11-11 02:00:00,87.14,127.58,64.41,23.8
2020-11-11 03:00:00,81.84,123.18,60.3,23.82
2020-11-11 04:00:00,80.12,116.71,57.33,23.7
2020-11-11 05:00:00,75.6,114.35,56.58,23.29
2020-11-11 06:00:00,76.76,112.36,59.6,22.49
2020-11-11 07:00:00,84.05,113.64,64.49,21.71
2020-11-11 08:00:00,88.52,131.27,58.21,24.29
2020-11-11 09:00:00,81.95,134.18,46.5,28.8
2020-11-11 10:00:00,82.75,143.9,37.93,31.73
2020-11-11 11:00:00,86.51,158.33,36.9,31.91
2020-11-11 12:00:00,79.98,157.13,33.77,33.9
2020-11-11 13:00:00,52.15,103.34,29.32,34.64
2020-11-11 14:00:00,59.0,90.0,30.78,35.66
2020-11-11 15:00:00,57.24,108.15,32.73,35.56
2020-11-11 16:00:00,60.51,111.18,42.96,32.94
2020-11-11 17:00:00,57.49,109.36,59.64,29.11
2020-11-11 18:00:00,62.27,104.07,63.34,27.2
2020-11-11 19:00:00,65.63,127.0,64.81,26.01
2020-11-11 20:00:00,72.14,116.31,72.55,23.49
2020-11-11 21:00:00,65.95,106.6,73.29,23.02
2020-11-11 22:00:00,83.49,147.75,71.36,23.55
2020-11-11 23:00:00,93.05,170.98,73.03,23.22
2020-11-12 00:00:00,101.0,174.0,60.72,23.39
2020-11-12 01:00:00,84.44,141.0,55.07,23.63
2020-11-12 02:00:00,76.72,118.38,52.08,23.86
2020-11-12 03:00:00,80.39,117.47,53.48,23.19
2020-11-12 04:00:00,81.0,119.64,51.73,23.34
2020-11-12 05:00:00,78.37,116.13,52.03,23.31
2020-11-12 06:00:00,75.37,115.64,51.53,23.52
2020-11-12 07:00:00,75.0,113.54,53.27,23.6
2020-11-12 08:00:00,82.92,124.55,51.98,25.35
2020-11-12 09:00:00,74.31,122.07,44.84,29.49
2020-11-12 10:00:00,71.24,125.1,40.07,31.74
2020-11-12 11:00:00,76.27,144.91,38.04,33.61
2020-11-12 12:00:00,74.36,139.13,37.33,34.3
2020-11-12 13:00:00,52.15,103.34,36.99,35.43
2020-11-12 14:00:00,59.0,129.0,35.77,36.34
2020-11-12 15:00:00,53.73,108.44,36.72,35.67
2020-11-12 16:00:00,45.1,94.13,42.35,35.02
2020-11-12 17:00:00,41.37,82.13,61.81,29.37
2020-11-12 18:00:00,53.27,98.91,77.25,25.71
2020-11-12 19:00:00,62.9,110.4,84.16,24.57
2020-11-12 20:00:00,67.51,104.6,83.72,23.82
2020-11-12 21:00:00,71.51,96.42,77.05,23.41
2020-11-12 22:00:00,67.6,99.0,84.57,22.52
2020-11-12 23:00:00,85.49,134.36,90.25,22.05
2020-11-13 00:00:00,86.25,129.71,86.3,21.92
2020-11-13 01:00:00,93.9,141.8,84.22,21.4
2020-11-13 02:00:00,81.83,109.77,84.73,21.13
2020-11-13 03:00:00,62.45,83.09,84.54,21.13
2020-11-13 04:00:00,57.36,79.82,83.76,21.31
2020-11-13 05:00:00,66.69,84.47,81.33,21.77
2020-11-13 06:00:00,68.0,101.82,78.57,22.75
2020-11-13 07:00:00,74.16,114.93,71.58,24.11
2020-11-13 08:00:00,75.0,127.51,65.3,26.5
2020-11-13 09:00:00,67.95,122.97,54.25,30.73
2020-11-13 10:00:00,49.45,99.27,48.13,34.23
2020-11-13 11:00:00,57.57,119.67,49.58,35.17
2020-11-13 12:00:00,59.0,118.44,50.7,35.91
2020-11-13 13:00:00,52.15,103.34,47.67,37.43
2020-11-13 14:00:00,25.0,61.0,44.6,38.04
2020-11-13 15:00:00,27.63,61.0,44.61,37.54
2020-11-13 16:00:00,29.75,51.95,47.97,36.34
2020-11-13 17:00:00,24.7,56.55,63.1,32.12
2020-11-13 18:00:00,34.47,79.86,73.95,29.15
2020-11-13 19:00:00,51.85,84.35,75.95,28.43
2020-11-13 20:00:00,50.49,84.82,76.73,27.2
2020-11-13 21:00:00,42.1,59.51,78.87,25.71
2020-11-13 22:00:00,38.37,49.89,80.44,24.78
2020-11-13 23:00:00,31.86,47.36,84.75,24.45
2020-11-14 00:00:00,55.58,89.61,87.53,24.25
2020-11-14 01:00:00,86.21,129.42,84.39,24.24
2020-11-14 02:00:00,52.16,86.02,81.67,24.58
2020-11-14 03:00:00,46.12,75.82,80.06,25.13
2020-11-14 04:00:00,38.08,56.33,78.91,25.41
2020-11-14 05:00:00,36.12,62.65,77.63,25.7
2020-11-14 06:00:00,49.17,82.27,82.78,24.79
2020-11-14 07:00:00,70.37,108.12,85.06,24.86
2020-11-14 08:00:00,81.81,127.76,74.83,28.34
2020-11-14 09:00:00,62.81,98.11,65.05,31.31
2020-11-14 10:00:00,61.76,100.83,58.27,34.26
2020-11-14 11:00:00,37.42,72.58,52.88,34.7
2020-11-14 12:00:00,19.95,38.87,50.88,35.65
2020-11-14 13:00:00,52.15,103.34,47.8,37.22
2020-11-14 14:00:00,22.0,51.0,47.83,37.58
2020-11-14 15:00:00,23.75,51.0,54.27,34.95
2020-11-14 16:00:00,22.24,51.82,56.9,33.71
2020-11-14 17:00:00,14.98,46.24,64.92,31.2
2020-11-14 18:00:00,43.64,46.44,76.45,28.77
2020-11-14 19:00:00,33.13,51.64,76.25,28.8
2020-11-14 20:00:00,30.63,52.82,82.37,27.32
2020-11-14 21:00:00,43.29,62.87,87.55,26.37
2020-11-14 22:00:00,74.84,92.88,88.06,26.19
2020-11-14 23:00:00,59.69,76.8,91.7,25.61
2020-11-15 00:00:00,112.12,132.64,93.67,25.12
2020-11-15 01:00:00,62.25,78.81,95.0,24.94
2020-11-15 02:00:00,32.93,40.98,93.05,24.64
2020-11-15 03:00:00,24.72,35.18,95.42,24.55
2020-11-15 04:00:00,46.75,57.95,95.63,24.11
2020-11-15 05:00:00,93.01,110.69,96.36,24.21
2020-11-15 06:00:00,83.15,96.33,96.7,24.21
2020-11-15 07:00:00,53.79,65.51,96.41,24.61
2020-11-15 08:00:00,54.39,69.05,86.17,27.9
2020-11-15 09:00:00,68.21,104.6,66.06,33.27
2020-11-15 10:00:00,45.42,68.0,58.12,35.0
2020-11-15 11:00:00,44.63,80.33,54.26,35.8
2020-11-15 12:00:00,47.63,90.38,49.66,37.05
2020-11-15 13:00:00,43.61,74.73,48.49,37.41
2020-11-15 14:00:00,40.37,71.82,52.67,36.94
2020-11-15 15:00:00,46.14,82.69,58.07,34.9
2020-11-15 16:00:00,41.73,74.31,62.9,33.47
2020-11-15 17:00:00,43.63,76.93,70.72,31.58
2020-11-15 18:00:00,53.68,88.22,79.91,29.19
2020-11-15 19:00:00,55.88,100.58,74.77,29.1
2020-11-15 20:00:00,48.1,73.32,80.59,27.89
2020-11-15 21:00:00,73.33,93.22,83.55,27.18
2020-11-15 22:00:00,96.31,129.32,88.27,26.38
2020-11-15 23:00:00,157.81,197.88,85.94,26.03
2020-11-16 00:00:00,89.39,121.68,84.77,25.71
2020-11-16 01:00:00,64.92,83.15,84.19,25.48
2020-11-16 02:00:00,62.12,76.53,83.69,25.48
2020-11-16 03:00:00,44.45,60.43,85.55,25.19
2020-11-16 04:00:00,65.78,79.2,88.75,24.76
2020-11-16 05:00:00,66.37,83.18,88.59,24.71
2020-11-16 06:00:00,66.88,85.47,90.86,24.23
2020-11-16 07:00:00,59.1,76.13,91.59,24.64
2020-11-16 08:00:00,84.42,118.25,80.77,27.97
2020-11-16 09:00:00,84.48,124.71,64.14,32.4
2020-11-16 10:00:00,71.71,114.98,56.8,34.22
2020-11-16 11:00:00,62.1,113.0,50.83,36.0
2020-11-16 12:00:00,45.16,83.4,48.05,36.87
2020-11-16 13:00:00,52.15,103.34,45.2,37.63
2020-11-16 14:00:00,32.0,79.0,44.25,38.48
2020-11-16 15:00:00,26.73,69.98,45.26,38.83
2020-11-16 16:00:00,33.9,58.95,56.92,35.48
2020-11-16 17:00:00,56.07,93.06,64.03,32.85
2020-11-16 18:00:00,55.49,91.0,70.05,30.1
2020-11-16 19:00:00,55.88,90.18,75.68,29.41
2020-11-16 20:00:00,78.82,112.2,78.12,28.83
2020-11-16 21:00:00,91.66,131.8,84.1,27.23
2020-11-16 22:00:00,95.64,116.15,86.23,26.36
2020-11-16 23:00:00,67.91,89.06,85.61,25.97
2020-11-17 00:00:00,64.88,87.27,83.98,25.67
2020-11-17 01:00:00,68.52,85.53,86.24,25.17
2020-11-17 02:00:00,57.59,72.71,88.62,24.83
2020-11-17 03:00:00,48.98,64.25,88.83,24.73
2020-11-17 04:00:00,48.0,65.47,89.27,24.81
2020-11-17 05:00:00,46.24,66.0,84.51,25.42
2020-11-17 06:00:00,41.61,60.24,83.55,25.54
2020-11-17 07:00:00,46.27,68.87,78.89,26.53
2020-11-17 08:00:00,49.63,76.74,71.32,29.09
2020-11-17 09:00:00,45.6,72.25,60.31,32.31
2020-11-17 10:00:00,52.02,99.0,54.86,34.76
2020-11-17 11:00:00,47.73,102.19,52.68,35.76
2020-11-17 12:00:00,39.1,72.86,50.5,36.93
2020-11-17 13:00:00,52.15,103.34,49.03,37.48
2020-11-17 14:00:00,31.0,61.0,47.87,38.48
2020-11-17 15:00:00,25.74,56.07,47.95,38.21
2020-11-17 16:00:00,25.88,59.93,57.86,35.47
2020-11-17 17:00:00,40.05,71.69,64.66,31.74
2020-11-17 18:00:00,51.66,78.11,69.16,30.03
2020-11-17 19:00:00,48.61,77.36,72.34,29.96
2020-11-17 20:00:00,70.82,108.14,81.62,28.21
2020-11-17 21:00:00,87.17,120.73,84.37,27.51
2020-11-17 22:00:00,77.59,105.56,88.16,26.83
2020-11-17 23:00:00,80.39,101.18,92.08,26.26
2020-11-18 00:00:00,77.5,97.72,94.14,25.96
2020-11-18 01:00:00,88.41,113.39,91.02,26.09
2020-11-18 02:00:00,84.73,117.82,91.47,25.39
2020-11-18 03:00:00,62.93,90.96,91.99,25.03
2020-11-18 04:00:00,65.27,89.92,94.31,24.67
2020-11-18 05:00:00,58.1,85.27,95.54,24.51
2020-11-18 06:00:00,58.76,84.0,93.89,24.14
2020-11-18 07:00:00,66.9,98.75,85.92,25.15
2020-11-18 08:00:00,71.51,117.57,75.76,27.74
2020-11-18 09:00:00,69.37,123.46,65.58,31.36
2020-11-18 10:00:00,79.55,146.94,56.34,34.91
2020-11-18 11:00:00,74.84,148.12,53.41,35.22
2020-11-18 12:00:00,64.34,136.17,55.3,34.89
2020-11-18 13:00:00,52.15,103.34,56.98,35.23
2020-11-18 14:00:00,48.0,98.0,56.75,35.31
2020-11-18 15:00:00,62.05,118.56,61.63,33.9
2020-11-18 16:00:00,68.39,118.07,63.78,32.86
2020-11-18 17:00:00,55.83,94.8,69.77,31.05
2020-11-18 18:00:00,53.12,94.1,76.65,28.76
2020-11-18 19:00:00,50.37,84.35,82.75,27.54
2020-11-18 20:00:00,49.12,68.07,87.8,26.6
2020-11-18 21:00:00,48.12,65.82,88.83,26.34
2020-11-18 22:00:00,52.39,73.66,89.43,26.3
2020-11-18 23:00:00,62.66,99.38,89.41,26.48
2020-11-19 00:00:00,64.0,104.0,87.82,26.26
2020-11-19 01:00:00,63.12,92.53,87.54,25.92
2020-11-19 02:00:00,63.88,87.54,87.42,25.78
2020-11-19 03:00:00,64.0,87.0,87.49,25.92
2020-11-19 04:00:00,60.49,84.54,87.53,26.05
2020-11-19 05:00:00,65.28,89.73,88.75,25.47
2020-11-19 06:00:00,67.75,91.82,89.33,25.55
2020-11-19 07:00:00,68.0,92.82,88.83,26.24
2020-11-19 08:00:00,77.66,115.2,82.58,27.99
2020-11-19 09:00:00,74.61,108.49,70.05,31.42
2020-11-19 10:00:00,78.4,120.8,61.71,33.67
2020-11-19 11:00:00,63.2,105.09,58.96,35.18
2020-11-19 12:00:00,56.61,90.35,56.18,36.43
2020-11-19 13:00:00,52.15,103.34,55.59,36.38
2020-11-19 14:00:00,59.0,106.0,53.73,35.97
2020-11-19 15:00:00,66.9,129.02,53.89,35.88
2020-11-19 16:00:00,53.08,105.22,58.46,33.51
2020-11-19 17:00:00,54.5,100.64,63.67,31.13
2020-11-19 18:00:00,64.66,112.47,72.15,28.64
2020-11-19 19:00:00,69.52,116.91,78.23,27.23
2020-11-19 20:00:00,74.38,112.27,82.2,26.13
2020-11-19 21:00:00,74.12,115.11,85.8,25.49
2020-11-19 22:00:00,74.88,116.0,87.93,25.08
2020-11-19 23:00:00,73.25,107.83,86.04,24.5
2020-11-20 00:00:00,77.38,112.56,86.7,24.28
2020-11-20 01:00:00,72.73,103.34,82.21,24.42
2020-11-20 02:00:00,58.83,72.0,84.16,23.64
2020-11-20 03:00:00,45.59,59.71,86.56,23.76
2020-11-20 04:00:00,72.0,98.93,85.27,23.91
2020-11-20 05:00:00,59.32,94.07,81.84,23.59
2020-11-20 06:00:00,71.05,104.11,78.95,23.51
2020-11-20 07:00:00,51.93,77.5,76.91,24.39
2020-11-20 08:00:00,40.22,72.28,69.72,27.2
2020-11-20 09:00:00,48.66,77.92,61.05,31.0
2020-11-20 10:00:00,42.98,77.36,58.41,32.27
2020-11-20 11:00:00,48.1,99.0,59.12,32.9
2020-11-20 12:00:00,57.77,118.67,57.07,33.9
2020-11-20 13:00:00,52.15,103.34,53.89,36.3
2020-11-20 14:00:00,48.0,100.0,52.33,35.42
2020-11-20 15:00:00,50.62,97.54,53.11,34.93
2020-11-20 16:00:00,48.37,99.46,57.17,32.55
2020-11-20 17:00:00,48.0,90.98,61.56,29.89
2020-11-20 18:00:00,55.9,105.39,61.38,28.97
2020-11-20 19:00:00,56.12,93.42,76.12,26.54
2020-11-20 20:00:00,61.27,96.56,81.5,25.47
2020-11-20 21:00:00,66.39,101.28,82.49,24.94
2020-11-20 22:00:00,74.02,111.83,89.53,24.12
2020-11-20 23:00:00,72.37,100.89,89.95,23.5
2020-11-21 00:00:00,69.37,95.55,92.28,23.22
2020-11-21 01:00:00,69.0,95.0,92.41,22.93
2020-11-21 02:00:00,60.22,85.17,92.75,22.56
2020-11-21 03:00:00,52.86,69.07,93.84,22.34
2020-11-21 04:00:00,46.73,61.08,91.8,22.02
2020-11-21 05:00:00,46.88,62.46,92.2,21.86
2020-11-21 06:00:00,52.27,63.0,93.76,21.66
2020-11-21 07:00:00,60.02,86.84,94.23,22.06
2020-11-21 08:00:00,63.63,94.46,80.7,26.16
2020-11-21 09:00:00,79.8,147.0,57.44,32.47
2020-11-21 10:00:00,68.8,124.8,50.48,34.57
2020-11-21 11:00:00,54.71,108.53,48.87,36.1
2020-11-21 12:00:00,49.5,97.06,47.75,37.08
2020-11-21 13:00:00,52.15,103.34,48.86,36.16
2020-11-21 14:00:00,56.0,103.34,47.36,37.08
2020-11-21 15:00:00,51.62,110.56,50.61,35.33
2020-11-21 16:00:00,47.49,103.34,51.45,34.45
2020-11-21 17:00:00,36.47,103.34,63.73,30.14
2020-11-21 18:00:00,43.78,82.0,70.05,27.51
2020-11-21 19:00:00,45.88,85.28,69.06,25.98
2020-11-21 20:00:00,39.84,69.61,78.43,25.62
2020-11-21 21:00:00,66.21,83.25,80.19,24.98
2020-11-21 22:00:00,60.34,88.08,85.95,23.7
2020-11-21 23:00:00,66.9,91.92,90.03,23.21
2020-11-22 00:00:00,69.76,95.46,91.19,23.12
2020-11-22 01:00:00,69.12,96.82,92.75,22.79
2020-11-22 02:00:00,79.53,118.0,94.44,22.55
2020-11-22 03:00:00,90.66,136.03,92.68,22.73
2020-11-22 04:00:00,92.0,128.0,92.88,22.16
2020-11-22 05:00:00,83.22,106.69,90.76,22.76
2020-11-22 06:00:00,74.1,103.64,88.8,23.22
2020-11-22 07:00:00,74.75,100.16,92.51,22.61
2020-11-22 08:00:00,69.73,98.82,82.72,26.57
2020-11-22 09:00:00,86.56,121.12,62.02,32.43
2020-11-22 10:00:00,82.86,134.19,53.77,34.05
2020-11-22 11:00:00,64.44,115.52,50.76,35.9
2020-11-22 12:00:00,67.27,116.75,50.6,35.8
2020-11-22 13:00:00,71.52,127.83,54.69,34.86
2020-11-22 14:00:00,82.53,134.1,55.99,34.23
2020-11-22 15:00:00,80.49,131.13,58.02,33.89
2020-11-22 16:00:00,88.78,139.65,60.28,32.8
2020-11-22 17:00:00,98.75,161.67,69.88,30.07
2020-11-22 18:00:00,87.75,147.15,78.14,27.35
2020-11-22 19:00:00,78.12,118.42,80.47,26.16
2020-11-22 20:00:00,57.69,85.14,81.59,24.64
2020-11-22 21:00:00,45.34,62.67,85.21,23.83
2020-11-22 22:00:00,52.78,64.73,91.5,23.29
2020-11-22 23:00:00,56.63,72.53,92.79,22.86
2020-11-23 00:00:00,43.0,53.52,92.82,22.59
2020-11-23 01:00:00,42.76,57.98,94.53,21.94
2020-11-23 02:00:00,40.37,59.18,95.26,21.72
2020-11-23 03:00:00,41.76,56.54,96.4,21.49
2020-11-23 04:00:00,55.15,71.57,96.8,21.1
2020-11-23 05:00:00,63.14,85.65,96.15,21.07
2020-11-23 06:00:00,68.39,87.0,92.03,21.9
2020-11-23 07:00:00,73.39,93.56,91.19,22.25
2020-11-23 08:00:00,74.88,99.1,79.06,26.45
2020-11-23 09:00:00,57.45,86.07,56.45,32.44
2020-11-23 10:00:00,60.26,104.31,47.72,34.67
2020-11-23 11:00:00,51.34,102.61,41.02,36.49
2020-11-23 12:00:00,35.08,70.32,34.79,36.4
2020-11-23 13:00:00,19.88,41.95,32.36,35.87
2020-11-23 14:00:00,17.12,28.7,32.17,35.55
2020-11-23 15:00:00,8.22,18.27,31.32,35.45
2020-11-23 16:00:00,7.0,17.82,34.37,33.07
2020-11-23 17:00:00,10.51,25.38,41.53,30.0
2020-11-23 18:00:00,12.75,36.84,53.44,27.73
2020-11-23 19:00:00,19.12,43.1,61.28,26.77
2020-11-23 20:00:00,31.38,48.92,73.2,24.49
2020-11-23 21:00:00,40.02,53.28,72.2,23.97
2020-11-23 22:00:00,35.74,51.54,79.91,22.96
2020-11-23 23:00:00,45.53,60.83,86.14,22.78
2020-11-24 00:00:00,63.66,81.78,90.99,22.46
2020-11-24 01:00:00,58.1,72.07,90.83,22.27
2020-11-24 02:00:00,58.75,69.82,94.05,22.0
2020-11-24 03:00:00,66.0,72.46,94.59,21.5
2020-11-24 04:00:00,65.25,75.46,95.29,21.28
2020-11-24 05:00:00,60.62,76.0,94.12,21.19
2020-11-24 06:00:00,60.88,73.54,93.25,20.91
2020-11-24 07:00:00,78.56,101.68,89.97,21.63
2020-11-24 08:00:00,96.8,135.04,81.99,24.63
2020-11-24 09:00:00,98.12,142.63,61.83,30.34
2020-11-24 10:00:00,84.0,135.62,47.72,33.5
2020-11-24 11:00:00,53.62,121.56,41.36,34.52
2020-11-24 12:00:00,50.0,97.03,38.91,36.0
2020-11-24 13:00:00,44.72,82.35,40.62,36.14
2020-11-24 14:00:00,55.41,103.68,43.27,36.37
2020-11-24 15:00:00,57.0,105.72,47.89,34.38
2020-11-24 16:00:00,67.53,119.76,54.13,32.45
2020-11-24 17:00:00,69.0,127.1,65.22,29.76
2020-11-24 18:00:00,76.02,132.92,77.46,26.44
2020-11-24 19:00:00,69.12,112.69,75.78,24.93
2020-11-24 20:00:00,55.71,89.15,79.72,24.53
2020-11-24 21:00:00,91.7,133.0,76.88,24.46
2020-11-24 22:00:00,73.3,104.42,81.32,24.57
2020-11-24 23:00:00,73.51,105.38,84.19,24.36
2020-11-25 00:00:00,74.0,106.37,83.48,23.75
2020-11-25 01:00:00,74.88,111.73,83.44,24.05
2020-11-25 02:00:00,96.88,143.22,88.92,23.73
2020-11-25 03:00:00,79.0,124.6,88.39,23.76
2020-11-25 04:00:00,76.0,117.37,90.3,23.38
2020-11-25 05:00:00,80.38,113.72,93.18,22.75
2020-11-25 06:00:00,93.29,124.43,93.08,22.2
2020-11-25 07:00:00,99.38,136.01,95.09,22.37
2020-11-25 08:00:00,112.29,156.03,82.4,26.03
2020-11-25 09:00:00,116.62,170.65,66.01,30.91
2020-11-25 10:00:00,107.34,173.0,51.77,33.86
2020-11-25 11:00:00,93.75,167.87,46.78,33.34
2020-11-25 12:00:00,79.71,140.5,39.6,34.86
2020-11-25 13:00:00,61.32,107.23,36.94,35.76
2020-11-25 14:00:00,48.5,94.44,45.08,35.1
2020-11-25 15:00:00,83.98,153.64,57.75,32.19
2020-11-25 16:00:00,113.5,186.6,60.7,31.38
2020-11-25 17:00:00,105.59,171.4,65.11,29.21
2020-11-25 18:00:00,97.0,153.06,72.08,26.66
2020-11-25 19:00:00,130.12,188.0,67.51,26.35
2020-11-25 20:00:00,93.75,123.0,73.99,25.11
2020-11-25 21:00:00,73.95,106.67,77.66,24.3
2020-11-25 22:00:00,83.41,125.94,85.27,23.7
2020-11-25 23:00:00,86.75,122.0,88.6,23.27
2020-11-26 00:00:00,93.14,140.78,92.03,22.91
2020-11-26 01:00:00,72.12,101.72,90.2,22.93
2020-11-26 02:00:00,68.12,90.37,90.23,22.49
2020-11-26 03:00:00,91.62,118.58,90.5,22.22
2020-11-26 04:00:00,103.78,138.11,91.25,22.36
2020-11-26 05:00:00,106.75,149.17,91.83,22.16
2020-11-26 06:00:00,110.5,150.18,94.09,21.53
2020-11-26 07:00:00,92.57,124.68,92.04,22.45
2020-11-26 08:00:00,90.0,133.75,78.66,26.39
2020-11-26 09:00:00,93.51,139.0,62.71,29.9
2020-11-26 10:00:00,86.98,142.27,49.87,33.12
2020-11-26 11:00:00,96.5,161.78,44.93,33.62
2020-11-26 12:00:00,86.59,148.0,37.08,35.03
2020-11-26 13:00:00,66.57,120.96,36.66,35.77
2020-11-26 14:00:00,64.0,120.73,39.73,36.06
2020-11-26 15:00:00,73.66,134.29,42.13,35.53
2020-11-26 16:00:00,66.25,109.96,52.26,33.73
2020-11-26 17:00:00,78.17,121.97,63.51,29.92
2020-11-26 18:00:00,88.75,135.0,75.74,27.53
2020-11-26 19:00:00,99.66,161.22,76.77,27.11
2020-11-26 20:00:00,108.01,169.45,82.17,25.44
2020-11-26 21:00:00,109.88,149.51,85.88,24.17
2020-11-26 22:00:00,100.38,138.47,79.1,24.48
2020-11-26 23:00:00,80.57,122.25,64.75,26.46
2020-11-27 00:00:00,72.75,117.37,69.19,25.04
2020-11-27 01:00:00,76.38,112.92,76.34,23.24
2020-11-27 02:00:00,76.12,102.98,67.65,23.95
2020-11-27 03:00:00,68.1,98.54,60.74,25.0
2020-11-27 04:00:00,70.5,109.47,55.3,25.98
2020-11-27 05:00:00,78.88,117.72,55.5,25.69
2020-11-27 06:00:00,73.88,113.27,54.45,25.45
2020-11-27 07:00:00,68.61,105.47,51.94,25.8
2020-11-27 08:00:00,60.12,103.18,51.58,27.3
2020-11-27 09:00:00,65.14,114.43,48.96,29.74
2020-11-27 10:00:00,68.63,131.56,46.89,31.43
2020-11-27 11:00:00,58.5,123.0,45.57,32.68
2020-11-27 12:00:00,50.22,103.0,41.71,34.75
2020-11-27 13:00:00,52.15,103.34,39.08,34.68
2020-11-27 14:00:00,32.0,79.0,37.59,35.64
2020-11-27 15:00:00,39.02,75.72,36.5,35.31
2020-11-27 16:00:00,28.62,68.47,39.71,33.77
2020-11-27 17:00:00,37.5,72.73,47.13,30.44
2020-11-27 18:00:00,47.78,83.02,48.9,28.46
2020-11-27 19:00:00,53.38,93.98,47.4,28.3
2020-11-27 20:00:00,60.12,98.45,46.95,27.9
2020-11-27 21:00:00,63.63,110.47,48.4,27.34
2020-11-27 22:00:00,74.5,119.53,50.13,26.87
2020-11-27 23:00:00,76.88,129.19,52.94,25.81
2020-11-28 00:00:00,79.63,122.0,51.86,25.88
2020-11-28 01:00:00,85.25,131.8,52.7,25.53
2020-11-28 02:00:00,85.12,131.54,55.54,24.83
2020-11-28 03:00:00,85.0,122.83,57.66,24.77
2020-11-28 04:00:00,81.49,112.83,56.37,24.94
2020-11-28 05:00:00,80.12,110.18,57.7,24.93
2020-11-28 06:00:00,72.12,105.92,59.35,25.09
2020-11-28 07:00:00,70.12,96.83,61.6,25.21
2020-11-28 08:00:00,65.61,100.7,59.25,26.83
2020-11-28 09:00:00,53.62,92.57,57.46,27.69
2020-11-28 10:00:00,52.88,92.45,52.92,29.93
2020-11-28 11:00:00,46.86,99.56,51.45,31.32
2020-11-28 12:00:00,37.22,76.5,46.42,33.47
2020-11-28 13:00:00,22.0,69.37,45.65,33.82
2020-11-28 14:00:00,23.5,55.12,52.52,32.17
2020-11-28 15:00:00,30.12,49.55,58.51,30.9
2020-11-28 16:00:00,36.25,62.0,66.18,29.3
2020-11-28 17:00:00,35.25,72.65,72.39,27.81
2020-11-28 18:00:00,37.62,70.1,75.62,27.05
2020-11-28 19:00:00,41.5,74.73,78.54,26.66
2020-11-28 20:00:00,52.53,81.73,79.03,26.75
2020-11-28 21:00:00,55.76,100.15,80.09,26.64
2020-11-28 22:00:00,69.12,131.77,82.42,26.61
2020-11-28 23:00:00,69.25,124.93,82.69,26.42
2020-11-29 00:00:00,66.38,119.47,75.72,26.91
2020-11-29 01:00:00,40.55,80.43,77.94,26.1
2020-11-29 02:00:00,35.24,57.3,82.0,25.52
2020-11-29 03:00:00,30.62,53.18,86.5,24.58
2020-11-29 04:00:00,32.62,57.9,88.89,24.13
2020-11-29 05:00:00,32.12,53.28,90.43,23.81
2020-11-29 06:00:00,37.25,54.45,90.9,23.37
2020-11-29 07:00:00,45.88,62.38,90.7,23.74
2020-11-29 08:00:00,54.88,78.0,75.59,28.45
2020-11-29 09:00:00,67.38,114.0,59.12,32.12
2020-11-29 10:00:00,55.83,91.06,56.1,32.61
2020-11-29 11:00:00,44.38,86.0,52.19,33.5
2020-11-29 12:00:00,24.57,55.68,49.44,33.86
2020-11-29 13:00:00,24.62,58.8,46.97,34.87
2020-11-29 14:00:00,20.61,48.75,48.98,34.56
2020-11-29 15:00:00,18.25,50.9,52.4,33.91
2020-11-29 16:00:00,22.36,60.17,57.03,32.43
2020-11-29 17:00:00,30.02,62.82,62.87,30.12
2020-11-29 18:00:00,26.62,53.2,74.04,27.18
2020-11-29 19:00:00,31.25,63.25,75.08,27.05
2020-11-29 20:00:00,32.0,61.92,80.64,26.35
2020-11-29 21:00:00,37.25,58.55,82.89,25.62
2020-11-29 22:00:00,37.12,48.0,85.29,24.78
2020-11-29 23:00:00,33.49,44.73,89.38,24.5
2020-11-30 00:00:00,43.5,59.52,91.8,24.06
2020-11-30 01:00:00,42.37,54.8,93.24,23.84
2020-11-30 02:00:00,30.62,44.02,93.23,23.7
2020-11-30 03:00:00,36.88,52.0,93.72,23.79
2020-11-30 04:00:00,38.88,52.0,93.55,23.44
2020-11-30 05:00:00,35.5,43.83,93.39,23.27
2020-11-30 06:00:00,35.88,42.0,92.1,23.15
2020-11-30 07:00:00,57.8,66.5,90.16,23.74
2020-11-30 08:00:00,68.02,105.48,77.69,27.59
2020-11-30 09:00:00,94.45,145.67,64.62,31.07
2020-11-30 10:00:00,95.38,162.8,55.76,34.5
2020-11-30 11:00:00,102.9,146.22,50.98,35.33
2020-11-30 12:00:00,49.58,86.28,50.5,35.45
2020-11-30 13:00:00,58.68,82.98,48.86,36.89
2020-11-30 14:00:00,56.62,93.98,54.2,35.12
2020-11-30 15:00:00,69.17,113.97,57.95,33.75
2020-11-30 16:00:00,69.49,116.72,59.65,33.84
2020-11-30 17:00:00,52.15,103.34,75.77000000000001,25.765
2020-11-30 18:00:00,59.0,80.0,75.77000000000001,25.765
2020-11-30 19:00:00,52.15,103.34,75.77000000000001,25.765
2020-11-30 20:00:00,35.0,55.0,75.77000000000001,25.765
2020-11-30 21:00:00,37.62,63.17,75.77000000000001,25.765
2020-11-30 22:00:00,32.73,46.97,75.77000000000001,25.765
2020-11-30 23:00:00,45.12,69.13,75.77000000000001,25.765
2020-12-01 00:00:00,49.62,75.0,75.77000000000001,25.765
2020-12-01 01:00:00,54.38,81.53,75.77000000000001,25.765
2020-12-01 02:00:00,47.12,74.83,75.77000000000001,25.765
2020-12-01 03:00:00,51.27,86.11,75.77000000000001,25.765
2020-12-01 04:00:00,58.12,89.0,75.77000000000001,25.765
2020-12-01 05:00:00,55.5,81.65,75.77000000000001,25.765
2020-12-01 06:00:00,60.25,88.17,75.77000000000001,25.765
2020-12-01 07:00:00,65.38,92.44,75.77000000000001,25.765
2020-12-01 08:00:00,57.25,81.57,75.77000000000001,25.765
2020-12-01 09:00:00,75.31,123.92,75.77000000000001,25.765
2020-12-01 10:00:00,87.0,145.4,54.87,35.31
2020-12-01 11:00:00,63.75,120.15,52.42,35.49
2020-12-01 12:00:00,63.51,108.1,48.47,36.78
2020-12-01 13:00:00,55.25,102.1,46.88,37.22
2020-12-01 14:00:00,52.15,103.34,48.52,36.8
2020-12-01 15:00:00,61.0,114.0,57.41,34.48
2020-12-01 16:00:00,68.88,122.98,63.02,32.94
2020-12-01 17:00:00,64.75,109.48,70.87,30.92
2020-12-01 18:00:00,71.0,114.98,75.87,29.11
2020-12-01 19:00:00,65.0,104.75,78.65,27.79
2020-12-01 20:00:00,57.0,88.93,71.45,28.64
2020-12-01 21:00:00,54.25,80.28,70.19,28.95
2020-12-01 22:00:00,60.12,96.91,80.28,26.9
2020-12-01 23:00:00,68.0,99.36,86.15,25.61
2020-12-02 00:00:00,66.38,87.53,91.4,25.32
2020-12-02 01:00:00,68.62,87.45,91.77,24.9
2020-12-02 02:00:00,65.5,90.45,94.07,24.59
2020-12-02 03:00:00,71.12,95.88,91.93,24.68
2020-12-02 04:00:00,84.29,128.85,90.75,24.77
2020-12-02 05:00:00,90.38,139.27,87.72,24.95
2020-12-02 06:00:00,88.38,124.48,84.32,25.63
2020-12-02 07:00:00,75.75,117.75,84.77,25.96
2020-12-02 08:00:00,91.44,140.68,79.72,27.71
2020-12-02 09:00:00,99.25,161.52,67.81,31.12
2020-12-02 10:00:00,98.25,159.28,58.43,33.33
2020-12-02 11:00:00,80.5,149.02,52.06,35.16
2020-12-02 12:00:00,76.25,128.22,48.57,36.18
2020-12-02 13:00:00,76.88,132.17,45.58,37.07
2020-12-02 14:00:00,60.38,108.68,46.08,36.55
2020-12-02 15:00:00,49.25,81.77,51.3,35.62
2020-12-02 16:00:00,61.12,113.75,58.33,33.76
2020-12-02 17:00:00,71.75,110.57,64.06,30.88
2020-12-02 18:00:00,60.75,94.98,71.79,28.82
2020-12-02 19:00:00,59.88,96.9,79.77,27.67
2020-12-02 20:00:00,67.02,105.35,87.44,25.83
2020-12-02 21:00:00,70.62,107.0,88.91,24.9
2020-12-02 22:00:00,75.38,110.27,91.56,24.26
2020-12-02 23:00:00,76.88,115.0,89.96,24.62
2020-12-03 00:00:00,92.75,152.69,89.97,24.13
2020-12-03 01:00:00,85.38,141.47,87.06,23.82
2020-12-03 02:00:00,69.12,114.95,82.84,23.66
2020-12-03 03:00:00,62.62,93.67,75.2,24.48
2020-12-03 04:00:00,57.62,86.75,77.08,24.34
2020-12-03 05:00:00,73.62,116.22,73.28,24.04
2020-12-03 06:00:00,57.62,96.87,71.06,23.96
2020-12-03 07:00:00,62.88,98.35,72.81,23.77
2020-12-03 08:00:00,68.38,110.62,68.07,26.6
2020-12-03 09:00:00,78.62,127.7,55.69,31.77
2020-12-03 10:00:00,82.62,140.77,48.62,33.57
2020-12-03 11:00:00,76.86,152.8,46.07,34.4
2020-12-03 12:00:00,83.88,153.37,41.67,35.58
2020-12-03 13:00:00,74.47,132.65,38.61,36.66
2020-12-03 14:00:00,67.75,126.37,36.2,36.85
2020-12-03 15:00:00,48.57,99.4,44.39,35.57
2020-12-03 16:00:00,67.0,133.82,51.31,33.78
2020-12-03 17:00:00,70.0,151.53,59.5,31.02
2020-12-03 18:00:00,79.66,139.12,67.58,27.84
2020-12-03 19:00:00,62.62,104.97,60.07,27.86
2020-12-03 20:00:00,56.5,84.93,67.52,26.76
2020-12-03 21:00:00,65.62,90.95,70.78,25.12
2020-12-03 22:00:00,56.5,80.0,78.16,24.05
2020-12-03 23:00:00,75.12,111.85,85.67,23.43
2020-12-04 00:00:00,71.02,105.98,87.89,22.81
2020-12-04 01:00:00,63.89,98.93,87.62,22.01
2020-12-04 02:00:00,58.62,80.03,89.74,21.8
2020-12-04 03:00:00,58.88,76.82,81.37,22.66
2020-12-04 04:00:00,59.88,82.72,78.59,23.17
2020-12-04 05:00:00,74.0,116.0,76.85,23.64
2020-12-04 06:00:00,79.5,113.56,78.53,23.4
2020-12-04 07:00:00,73.86,114.63,80.66,23.24
2020-12-04 08:00:00,73.87,119.08,73.46,26.1
2020-12-04 09:00:00,85.38,132.25,57.31,31.09
2020-12-04 10:00:00,85.25,148.07,49.16,32.33
2020-12-04 11:00:00,78.94,143.93,43.32,33.91
2020-12-04 12:00:00,76.25,148.79,38.66,34.99
2020-12-04 13:00:00,71.62,122.0,35.33,36.45
2020-12-04 14:00:00,63.12,106.48,32.95,37.09
2020-12-04 15:00:00,54.15,97.3,39.59,34.22
2020-12-04 16:00:00,67.0,134.38,42.73,32.51
2020-12-04 17:00:00,76.88,144.63,51.86,29.19
2020-12-04 18:00:00,73.62,135.23,61.93,26.34
2020-12-04 19:00:00,73.88,122.38,63.79,24.91
2020-12-04 20:00:00,57.38,88.26,71.43,23.49
2020-12-04 21:00:00,62.88,84.25,75.0,23.34
2020-12-04 22:00:00,53.5,72.79,80.5,22.73
2020-12-04 23:00:00,71.25,101.74,86.03,22.09
2020-12-05 00:00:00,55.68,66.0,84.25,21.77
2020-12-05 01:00:00,54.75,76.58,82.35,21.58
2020-12-05 02:00:00,52.38,69.2,85.86,20.81
2020-12-05 03:00:00,67.75,85.84,86.83,21.02
2020-12-05 04:00:00,100.62,140.28,89.57,20.41
2020-12-05 05:00:00,96.25,132.85,91.22,19.97
2020-12-05 06:00:00,86.25,110.22,91.53,19.8
2020-12-05 07:00:00,69.25,96.2,84.89,21.1
2020-12-05 08:00:00,68.75,105.39,68.06,25.2
2020-12-05 09:00:00,62.02,111.27,51.93,29.82
2020-12-05 10:00:00,63.62,120.17,44.67,32.75
2020-12-05 11:00:00,78.88,161.07,39.73,34.16
2020-12-05 12:00:00,77.5,161.86,35.75,35.82
2020-12-05 13:00:00,63.0,132.23,32.67,36.68
2020-12-05 14:00:00,54.89,108.09,31.15,37.23
2020-12-05 15:00:00,47.0,95.02,33.99,37.77
2020-12-05 16:00:00,50.38,109.33,53.2,33.17
2020-12-05 17:00:00,85.12,149.42,65.08,30.24
2020-12-05 18:00:00,96.12,178.17,70.06,27.45
2020-12-05 19:00:00,90.0,155.58,77.43,25.28
2020-12-05 20:00:00,70.68,105.0,81.8,23.54
2020-12-05 21:00:00,63.64,87.85,81.98,23.11
2020-12-05 22:00:00,59.5,85.63,87.47,22.42
2020-12-05 23:00:00,73.0,107.23,91.23,21.8
2020-12-06 00:00:00,77.62,123.43,88.77,22.14
2020-12-06 01:00:00,85.86,136.13,80.98,22.66
2020-12-06 02:00:00,80.86,133.83,79.72,22.2
2020-12-06 03:00:00,85.23,127.93,77.17,22.0
2020-12-06 04:00:00,77.25,122.93,65.05,23.23
2020-12-06 05:00:00,60.25,93.52,62.5,23.16
2020-12-06 06:00:00,56.25,77.0,59.23,23.33
2020-12-06 07:00:00,49.88,73.73,55.54,23.73
2020-12-06 08:00:00,48.13,77.88,51.94,26.36
2020-12-06 09:00:00,58.5,97.78,47.9,30.64
2020-12-06 10:00:00,70.5,129.77,39.45,32.53
2020-12-06 11:00:00,65.0,129.47,37.19,33.72
2020-12-06 12:00:00,55.28,106.84,32.36,34.66
2020-12-06 13:00:00,48.75,95.49,27.67,35.67
2020-12-06 14:00:00,33.12,65.52,26.85,36.38
2020-12-06 15:00:00,29.25,58.19,27.25,36.91
2020-12-06 16:00:00,33.36,61.0,34.71,35.75
2020-12-06 17:00:00,40.12,87.86,55.5,30.51
2020-12-06 18:00:00,55.88,119.32,69.74,26.98
2020-12-06 19:00:00,56.25,105.4,77.13,24.53
2020-12-06 20:00:00,49.0,78.13,70.74,23.83
2020-12-06 21:00:00,39.25,64.05,70.42,22.95
2020-12-06 22:00:00,40.62,65.25,76.07,22.53
2020-12-06 23:00:00,55.0,92.95,85.88,21.88
2020-12-07 00:00:00,65.73,111.2,80.71,21.61
2020-12-07 01:00:00,69.62,107.47,78.54,22.08
2020-12-07 02:00:00,76.98,134.49,78.71,21.82
2020-12-07 03:00:00,76.25,132.05,80.99,20.83
2020-12-07 04:00:00,70.75,98.0,71.52,22.35
2020-12-07 05:00:00,60.38,95.56,64.66,23.21
2020-12-07 06:00:00,58.12,94.19,60.48,23.4
2020-12-07 07:00:00,54.5,82.61,57.24,23.96
2020-12-07 08:00:00,51.37,83.27,53.86,25.85
2020-12-07 09:00:00,50.12,89.7,45.97,29.5
2020-12-07 10:00:00,61.38,114.6,41.39,32.48
2020-12-07 11:00:00,69.99,150.93,38.68,34.23
2020-12-07 12:00:00,60.5,138.0,36.29,35.22
2020-12-07 13:00:00,58.13,129.0,34.78,36.63
2020-12-07 14:00:00,57.13,117.61,32.86,37.44
2020-12-07 15:00:00,42.97,92.21,33.01,37.48
2020-12-07 16:00:00,38.38,82.93,39.85,35.39
2020-12-07 17:00:00,35.38,80.37,56.62,30.12
2020-12-07 18:00:00,35.88,71.83,71.88,26.08
2020-12-07 19:00:00,38.62,81.39,73.57,26.11
2020-12-07 20:00:00,46.88,92.14,70.93,24.66
2020-12-07 21:00:00,43.64,72.84,78.06,23.56
2020-12-07 22:00:00,57.0,91.68,65.77,24.88
2020-12-07 23:00:00,60.74,105.14,65.78,24.17
2020-12-08 00:00:00,63.62,101.3,72.32,22.69
2020-12-08 01:00:00,68.38,102.44,73.61,22.33
2020-12-08 02:00:00,73.38,116.02,69.16,22.4
2020-12-08 03:00:00,65.25,101.09,61.26,23.42
2020-12-08 04:00:00,47.43,79.11,59.12,23.54
2020-12-08 05:00:00,37.15,62.79,56.5,23.78
2020-12-08 06:00:00,36.0,55.12,53.45,24.36
2020-12-08 07:00:00,38.63,58.88,55.7,24.31
2020-12-08 08:00:00,48.59,78.78,51.96,26.75
2020-12-08 09:00:00,50.0,93.62,44.79,30.34
2020-12-08 10:00:00,56.12,113.97,40.11,33.14
2020-12-08 11:00:00,58.75,127.77,39.22,34.79
2020-12-08 12:00:00,66.89,135.02,38.42,35.71
2020-12-08 13:00:00,58.28,123.22,36.33,36.43
2020-12-08 14:00:00,49.15,90.6,35.33,37.39
2020-12-08 15:00:00,38.41,75.86,40.81,36.11
2020-12-08 16:00:00,57.96,101.87,46.5,34.18
2020-12-08 17:00:00,48.75,104.12,53.74,30.88
2020-12-08 18:00:00,45.26,89.61,59.25,28.09
2020-12-08 19:00:00,37.15,76.38,68.57,26.26
2020-12-08 20:00:00,43.85,74.81,79.04,24.54
2020-12-08 21:00:00,55.47,86.39,77.27,24.27
2020-12-08 22:00:00,50.88,83.3,81.67,23.76
2020-12-08 23:00:00,73.55,111.3,85.01,23.48
2020-12-09 00:00:00,67.38,107.42,85.43,23.36
2020-12-09 01:00:00,66.0,98.0,88.67,22.84
2020-12-09 02:00:00,59.02,92.3,88.28,22.45
2020-12-09 03:00:00,59.75,92.63,86.53,22.51
2020-12-09 04:00:00,51.25,79.98,78.66,23.29
2020-12-09 05:00:00,72.68,107.93,71.91,24.51
2020-12-09 06:00:00,62.0,98.72,68.94,25.12
2020-12-09 07:00:00,63.5,104.77,68.37,25.05
2020-12-09 08:00:00,68.36,107.0,65.21,26.09
2020-12-09 09:00:00,62.88,102.93,52.43,30.79
2020-12-09 10:00:00,56.75,120.72,48.03,32.93
2020-12-09 11:00:00,66.47,151.05,44.73,34.7
2020-12-09 12:00:00,72.38,165.14,42.16,35.66
2020-12-09 13:00:00,73.88,164.56,42.48,35.6
2020-12-09 14:00:00,54.81,132.97,42.08,36.03
2020-12-09 15:00:00,40.66,91.12,43.93,35.43
2020-12-09 16:00:00,37.26,92.77,52.38,32.59
2020-12-09 17:00:00,40.49,80.35,64.2,29.93
2020-12-09 18:00:00,56.7,103.05,68.07,28.85
2020-12-09 19:00:00,63.38,102.49,73.47,27.96
2020-12-09 20:00:00,59.64,105.88,75.13,27.05
2020-12-09 21:00:00,50.25,85.84,77.63,26.81
2020-12-09 22:00:00,55.11,94.07,82.37,26.53
2020-12-09 23:00:00,56.87,88.86,88.06,25.62
2020-12-10 00:00:00,57.87,98.36,93.13,24.79
2020-12-10 01:00:00,77.19,129.49,95.21,24.59
2020-12-10 02:00:00,69.53,108.33,94.09,24.93
2020-12-10 03:00:00,72.36,105.25,91.81,25.27
2020-12-10 04:00:00,69.51,105.18,88.63,25.09
2020-12-10 05:00:00,58.52,84.72,89.75,24.73
2020-12-10 06:00:00,75.38,98.2,89.64,24.53
2020-12-10 07:00:00,65.75,100.86,83.6,25.21
2020-12-10 08:00:00,82.38,147.02,78.62,27.11
2020-12-10 09:00:00,104.19,178.35,64.24,31.43
2020-12-10 10:00:00,89.56,148.82,53.87,33.92
2020-12-10 11:00:00,79.12,139.37,48.41,35.44
2020-12-10 12:00:00,71.02,135.75,47.53,35.0
2020-12-10 13:00:00,60.38,104.89,45.93,35.16
2020-12-10 14:00:00,51.12,98.81,51.38,33.96
2020-12-10 15:00:00,53.49,99.81,56.57,34.0
2020-12-10 16:00:00,63.59,106.51,68.86,31.84
2020-12-10 17:00:00,79.05,140.56,76.48,30.19
2020-12-10 18:00:00,89.75,157.77,84.89,28.28
2020-12-10 19:00:00,96.87,163.83,88.71,27.39
2020-12-10 20:00:00,106.0,172.0,85.45,27.7
2020-12-10 21:00:00,117.34,180.79,87.13,27.24
2020-12-10 22:00:00,102.38,151.0,86.29,27.41
2020-12-10 23:00:00,109.59,167.42,84.35,27.49
2020-12-11 00:00:00,90.94,134.07,87.33,26.87
2020-12-11 01:00:00,82.75,116.86,90.74,26.3
2020-12-11 02:00:00,90.75,114.19,91.89,25.95
2020-12-11 03:00:00,90.25,120.51,91.19,25.66
2020-12-11 04:00:00,93.5,123.63,90.99,25.48
2020-12-11 05:00:00,92.25,122.37,90.42,25.25
2020-12-11 06:00:00,92.0,119.0,91.64,24.98
2020-12-11 07:00:00,78.92,105.98,90.55,24.83
2020-12-11 08:00:00,80.49,116.02,88.7,25.2
2020-12-11 09:00:00,80.13,112.49,90.04,25.2
2020-12-11 10:00:00,71.28,104.49,93.26,25.03
2020-12-11 11:00:00,74.36,100.56,88.32,26.57
2020-12-11 12:00:00,74.13,102.44,84.99,26.84
2020-12-11 13:00:00,76.62,111.14,76.56,27.69
2020-12-11 14:00:00,50.83,86.95,72.79,28.69
2020-12-11 15:00:00,46.12,79.37,72.65,29.06
2020-12-11 16:00:00,51.23,87.95,74.17,28.8
2020-12-11 17:00:00,58.98,101.39,75.03,28.28
2020-12-11 18:00:00,59.13,105.63,85.58,25.62
2020-12-11 19:00:00,63.38,101.12,91.06,24.55
2020-12-11 20:00:00,66.62,104.0,91.66,24.5
2020-12-11 21:00:00,75.72,108.88,91.26,24.87
2020-12-11 22:00:00,74.38,94.53,91.41,25.11
2020-12-11 23:00:00,65.28,78.79,92.64,25.23
2020-12-12 00:00:00,60.51,77.62,91.87,25.21
2020-12-12 01:00:00,61.76,81.25,90.64,25.07
2020-12-12 02:00:00,65.5,83.62,91.75,24.93
2020-12-12 03:00:00,68.62,92.95,92.95,24.66
2020-12-12 04:00:00,69.0,81.98,93.63,24.51
2020-12-12 05:00:00,63.75,75.75,93.12,24.57
2020-12-12 06:00:00,57.75,69.3,90.45,24.79
2020-12-12 07:00:00,52.62,63.12,89.08,24.92
2020-12-12 08:00:00,44.15,57.93,89.39,25.39
2020-12-12 09:00:00,51.72,71.65,87.26,26.45
2020-12-12 10:00:00,58.25,81.51,84.61,26.8
2020-12-12 11:00:00,57.26,98.47,80.78,27.86
2020-12-12 12:00:00,72.75,115.01,71.03,30.09
2020-12-12 13:00:00,61.96,103.0,63.25,31.87
2020-12-12 14:00:00,61.74,90.02,62.4,32.05
2020-12-12 15:00:00,70.73,87.81,67.9,30.21
2020-12-12 16:00:00,70.25,105.09,74.45,28.71
2020-12-12 17:00:00,73.5,120.39,80.4,27.27
2020-12-12 18:00:00,70.51,114.08,87.28,26.05
2020-12-12 19:00:00,92.68,129.09,89.86,25.39
2020-12-12 20:00:00,77.68,112.65,90.65,25.25
2020-12-12 21:00:00,75.87,112.07,89.85,25.07
2020-12-12 22:00:00,86.47,132.53,90.53,24.87
2020-12-12 23:00:00,90.62,129.65,83.76,25.27
2020-12-13 00:00:00,73.56,106.03,82.59,25.3
2020-12-13 01:00:00,72.75,96.12,82.06,25.32
2020-12-13 02:00:00,73.0,92.57,82.61,25.19
2020-12-13 03:00:00,67.77,91.19,82.07,25.05
2020-12-13 04:00:00,73.12,90.19,82.67,24.97
2020-12-13 05:00:00,72.25,86.75,83.26,24.87
2020-12-13 06:00:00,71.13,89.25,86.91,24.41
2020-12-13 07:00:00,70.13,87.56,87.34,24.39
2020-12-13 08:00:00,71.75,88.87,85.17,25.16
2020-12-13 09:00:00,76.38,100.67,86.74,25.32
2020-12-13 10:00:00,58.68,84.29,82.99,26.8
2020-12-13 11:00:00,46.41,66.79,77.57,27.57
2020-12-13 12:00:00,41.51,68.07,76.67,27.98
2020-12-13 13:00:00,46.23,57.61,75.42,28.19
2020-12-13 14:00:00,38.28,55.0,77.95,27.72
2020-12-13 15:00:00,42.23,62.33,82.75,26.61
2020-12-13 16:00:00,43.0,59.95,84.24,26.03
2020-12-13 17:00:00,45.62,54.13,87.05,25.19
2020-12-13 18:00:00,53.85,74.16,84.38,24.98
2020-12-13 19:00:00,60.23,99.35,84.98,24.75
2020-12-13 20:00:00,62.74,94.2,86.25,24.56
2020-12-13 21:00:00,70.85,100.92,86.89,24.62
2020-12-13 22:00:00,83.34,116.02,86.49,24.63
2020-12-13 23:00:00,80.62,105.17,85.73,24.69
2020-12-14 00:00:00,71.28,95.16,87.97,24.44
2020-12-14 01:00:00,65.64,89.38,92.39,23.77
2020-12-14 02:00:00,72.0,97.92,97.73,22.94
2020-12-14 03:00:00,74.75,94.32,99.38,22.89
2020-12-14 04:00:00,59.35,74.34,99.75,23.15
2020-12-14 05:00:00,49.14,59.42,99.59,23.3
2020-12-14 06:00:00,33.82,46.52,99.72,22.91
2020-12-14 07:00:00,5.04,7.02,99.81,22.82
2020-12-14 08:00:00,52.15,103.34,99.84,23.07
2020-12-14 09:00:00,52.15,103.34,99.86,23.3
2020-12-14 10:00:00,40.03,57.0,99.4,23.98
2020-12-14 11:00:00,55.08,73.22,96.05,24.67
2020-12-14 12:00:00,48.28,65.61,87.2,26.84
2020-12-14 13:00:00,51.36,71.14,83.49,27.61
2020-12-14 14:00:00,38.0,64.86,81.03,27.53
2020-12-14 15:00:00,38.62,61.37,83.91,27.08
2020-12-14 16:00:00,47.75,70.77,83.88,27.4
2020-12-14 17:00:00,34.17,71.37,81.72,27.47
2020-12-14 18:00:00,43.34,76.68,92.82,24.56
2020-12-14 19:00:00,48.5,81.25,98.05,23.68
2020-12-14 20:00:00,39.41,58.41,98.79,23.35
2020-12-14 21:00:00,44.98,65.21,99.12,23.09
2020-12-14 22:00:00,52.98,68.81,99.77,22.9
2020-12-14 23:00:00,50.5,74.68,99.88,22.95
2020-12-15 00:00:00,55.23,79.25,99.88,23.0
2020-12-15 01:00:00,46.41,66.16,99.91,22.78
2020-12-15 02:00:00,70.3,90.67,99.75,22.9
2020-12-15 03:00:00,67.89,95.37,99.35,22.76
2020-12-15 04:00:00,69.62,97.44,98.18,22.71
2020-12-15 05:00:00,78.72,99.63,98.39,22.35
2020-12-15 06:00:00,75.64,99.19,98.05,22.38
2020-12-15 07:00:00,81.09,105.49,97.62,22.47
2020-12-15 08:00:00,91.59,117.0,91.11,24.78
2020-12-15 09:00:00,88.65,111.32,79.15,28.15
2020-12-15 10:00:00,76.66,100.23,67.62,31.53
2020-12-15 11:00:00,68.02,96.37,60.41,33.62
2020-12-15 12:00:00,63.51,98.43,59.7,34.03
2020-12-15 13:00:00,69.98,110.36,60.04,33.96
2020-12-15 14:00:00,71.0,110.57,60.48,34.35
2020-12-15 15:00:00,78.85,118.92,62.55,33.68
2020-12-15 16:00:00,88.75,129.92,66.38,32.12
2020-12-15 17:00:00,97.85,135.25,74.84,28.51
2020-12-15 18:00:00,78.07,112.98,82.75,26.81
2020-12-15 19:00:00,75.0,102.25,89.81,25.88
2020-12-15 20:00:00,96.88,129.05,90.62,25.76
2020-12-15 21:00:00,112.21,148.84,90.46,25.33
2020-12-15 22:00:00,106.12,140.6,93.23,24.34
2020-12-15 23:00:00,104.13,134.75,96.48,23.59
2020-12-16 00:00:00,117.92,146.17,98.21,23.18
2020-12-16 01:00:00,123.5,149.0,98.16,23.08
2020-12-16 02:00:00,111.79,135.21,97.69,22.93
2020-12-16 03:00:00,101.28,124.7,96.34,22.93
2020-12-16 04:00:00,92.15,118.94,95.76,22.97
2020-12-16 05:00:00,93.62,125.3,95.68,22.95
2020-12-16 06:00:00,95.75,122.94,96.07,22.66
2020-12-16 07:00:00,89.89,114.67,98.6,22.06
2020-12-16 08:00:00,95.98,115.43,94.71,24.09
2020-12-16 09:00:00,114.44,149.37,79.84,27.87
2020-12-16 10:00:00,107.38,145.61,70.3,29.85
2020-12-16 11:00:00,89.38,132.45,63.26,32.27
2020-12-16 12:00:00,90.49,154.33,58.39,33.66
2020-12-16 13:00:00,95.36,166.22,54.66,34.63
2020-12-16 14:00:00,84.66,148.84,58.33,33.6
2020-12-16 15:00:00,86.49,150.49,65.83,32.42
2020-12-16 16:00:00,87.88,149.57,71.23,30.66
2020-12-16 17:00:00,84.51,135.21,77.37,28.47
2020-12-16 18:00:00,79.63,118.23,86.52,26.38
2020-12-16 19:00:00,84.23,116.63,93.38,25.07
2020-12-16 20:00:00,86.75,117.81,93.96,24.71
2020-12-16 21:00:00,98.34,136.66,95.48,23.95
2020-12-16 22:00:00,100.87,138.57,97.85,23.65
2020-12-16 23:00:00,106.23,139.62,98.1,22.9
2020-12-17 00:00:00,84.32,103.0,98.91,22.59
2020-12-17 01:00:00,77.51,94.89,99.14,22.16
2020-12-17 02:00:00,81.36,97.0,99.63,22.11
2020-12-17 03:00:00,77.64,90.0,99.31,22.17
2020-12-17 04:00:00,79.62,98.11,97.57,22.49
2020-12-17 05:00:00,78.25,98.13,98.0,22.16
2020-12-17 06:00:00,83.25,109.17,96.6,22.63
2020-12-17 07:00:00,98.88,128.22,93.65,22.99
2020-12-17 08:00:00,94.02,121.45,85.13,25.1
2020-12-17 09:00:00,84.56,119.0,70.42,28.82
2020-12-17 10:00:00,87.37,133.6,64.64,30.8
2020-12-17 11:00:00,95.0,152.56,61.22,32.39
2020-12-17 12:00:00,92.51,159.72,53.05,34.21
2020-12-17 13:00:00,77.03,123.0,49.53,34.8
2020-12-17 14:00:00,73.25,123.0,56.81,34.05
2020-12-17 15:00:00,94.88,132.78,60.77,32.65
2020-12-17 16:00:00,98.0,103.34,75.77000000000001,25.765
2020-12-17 17:00:00,52.15,103.34,75.77000000000001,25.765
2020-12-17 18:00:00,52.15,103.34,75.77000000000001,25.765
2020-12-17 19:00:00,52.15,103.34,75.77000000000001,25.765
2020-12-17 20:00:00,52.15,103.34,75.77000000000001,25.765
2020-12-17 21:00:00,52.15,103.34,75.77000000000001,25.765
2020-12-17 22:00:00,52.15,103.34,75.77000000000001,25.765
2020-12-17 23:00:00,52.15,103.34,75.77000000000001,25.765
2020-12-18 00:00:00,52.15,103.34,75.77000000000001,25.765
2020-12-18 01:00:00,52.15,103.34,75.77000000000001,25.765
2020-12-18 02:00:00,52.15,103.34,75.77000000000001,25.765
2020-12-18 03:00:00,52.15,103.34,75.77000000000001,25.765
2020-12-18 04:00:00,52.15,103.34,75.77000000000001,25.765
2020-12-18 05:00:00,52.15,103.34,75.77000000000001,25.765
2020-12-18 06:00:00,52.15,103.34,75.77000000000001,25.765
2020-12-18 07:00:00,52.15,103.34,75.77000000000001,25.765
2020-12-18 08:00:00,52.15,103.34,75.77000000000001,25.765
2020-12-18 09:00:00,52.15,103.34,75.77000000000001,25.765
2020-12-18 10:00:00,96.0,146.0,75.77000000000001,25.765
2020-12-18 11:00:00,99.0,171.0,54.26,32.94
2020-12-18 12:00:00,82.43,158.02,50.87,33.94
2020-12-18 13:00:00,75.64,143.65,44.14,36.2
2020-12-18 14:00:00,59.3,111.8,40.13,36.51
2020-12-18 15:00:00,43.03,79.05,43.09,35.52
2020-12-18 16:00:00,42.74,74.62,55.31,33.68
2020-12-18 17:00:00,59.59,89.64,64.36,30.61
2020-12-18 18:00:00,64.62,117.33,82.57,25.95
2020-12-18 19:00:00,71.11,112.42,90.43,24.55
2020-12-18 20:00:00,80.72,106.27,92.81,23.74
2020-12-18 21:00:00,76.77,97.52,89.28,23.38
2020-12-18 22:00:00,82.96,122.77,83.34,24.45
2020-12-18 23:00:00,84.0,117.64,86.79,23.67
2020-12-19 00:00:00,70.05,100.45,91.32,22.85
2020-12-19 01:00:00,79.34,105.95,92.71,22.89
2020-12-19 02:00:00,88.85,118.55,85.99,24.03
2020-12-19 03:00:00,82.15,109.64,85.54,23.56
2020-12-19 04:00:00,78.38,93.21,83.0,23.63
2020-12-19 05:00:00,73.64,89.19,80.47,23.69
2020-12-19 06:00:00,73.0,97.92,77.62,23.7
2020-12-19 07:00:00,71.25,104.06,77.25,23.69
2020-12-19 08:00:00,74.48,116.32,73.69,25.15
2020-12-19 09:00:00,85.47,123.07,64.2,28.16
2020-12-19 10:00:00,90.49,141.03,57.23,30.76
2020-12-19 11:00:00,99.72,173.39,50.5,32.32
2020-12-19 12:00:00,89.66,159.75,46.83,33.45
2020-12-19 13:00:00,77.53,136.34,42.41,34.29
2020-12-19 14:00:00,60.35,105.23,40.86,35.09
2020-12-19 15:00:00,58.0,93.34,42.79,34.9
2020-12-19 16:00:00,60.61,100.11,47.44,33.22
2020-12-19 17:00:00,59.26,93.89,64.27,29.27
2020-12-19 18:00:00,56.38,88.75,74.52,25.53
2020-12-19 19:00:00,56.88,85.8,79.64,24.51
2020-12-19 20:00:00,67.47,90.2,84.87,24.2
2020-12-19 21:00:00,77.72,97.0,84.78,23.46
2020-12-19 22:00:00,68.53,85.18,83.22,23.82
2020-12-19 23:00:00,100.04,180.0,82.09,24.3
2020-12-20 00:00:00,103.25,170.75,80.72,24.12
2020-12-20 01:00:00,93.44,125.0,81.04,23.25
2020-12-20 02:00:00,76.34,116.89,79.92,22.82
2020-12-20 03:00:00,76.62,115.62,76.35,23.09
2020-12-20 04:00:00,74.38,108.7,73.52,23.18
2020-12-20 05:00:00,73.13,99.7,75.12,22.76
2020-12-20 06:00:00,87.0,112.6,76.8,22.16
2020-12-20 07:00:00,88.12,120.06,79.64,21.64
2020-12-20 08:00:00,88.0,121.81,71.38,24.18
2020-12-20 09:00:00,87.13,134.17,60.83,28.0
2020-12-20 10:00:00,92.23,144.32,49.69,30.72
2020-12-20 11:00:00,83.38,133.0,44.0,31.54
2020-12-20 12:00:00,71.53,116.8,41.06,33.58
2020-12-20 13:00:00,70.0,123.55,38.04,33.64
2020-12-20 14:00:00,63.02,103.29,37.47,34.6
2020-12-20 15:00:00,59.38,99.62,37.5,34.76
2020-12-20 16:00:00,56.38,91.08,40.06,33.36
2020-12-20 17:00:00,56.0,93.87,51.45,29.6
2020-12-20 18:00:00,58.62,98.7,65.12,26.82
2020-12-20 19:00:00,55.52,92.08,66.76,25.82
2020-12-20 20:00:00,66.34,91.62,80.41,24.16
2020-12-20 21:00:00,71.5,103.36,81.3,23.73
2020-12-20 22:00:00,71.13,100.32,85.42,22.51
2020-12-20 23:00:00,70.13,94.94,89.02,21.75
2020-12-21 00:00:00,84.83,124.01,87.42,22.13
2020-12-21 01:00:00,93.11,142.35,83.74,22.26
2020-12-21 02:00:00,86.15,127.16,83.56,21.95
2020-12-21 03:00:00,78.02,122.19,82.96,22.0
2020-12-21 04:00:00,86.59,129.3,84.79,21.53
2020-12-21 05:00:00,115.04,163.4,85.72,20.98
2020-12-21 06:00:00,107.66,147.48,78.49,21.2
2020-12-21 07:00:00,78.09,109.0,69.34,21.9
2020-12-21 08:00:00,71.38,110.87,61.8,23.84
2020-12-21 09:00:00,71.0,116.06,50.32,27.58
2020-12-21 10:00:00,69.25,123.49,42.61,30.21
2020-12-21 11:00:00,60.28,125.81,38.36,31.17
2020-12-21 12:00:00,53.76,121.65,33.78,32.52
2020-12-21 13:00:00,36.43,82.5,30.94,33.87
2020-12-21 14:00:00,31.38,65.89,30.65,34.43
2020-12-21 15:00:00,37.95,70.49,31.9,34.63
2020-12-21 16:00:00,42.48,74.43,37.57,33.77
2020-12-21 17:00:00,43.87,79.0,57.2,28.29
2020-12-21 18:00:00,61.5,98.47,68.85,24.91
2020-12-21 19:00:00,44.0,78.67,67.42,24.8
2020-12-21 20:00:00,45.38,73.81,69.53,24.17
2020-12-21 21:00:00,47.74,82.11,72.31,23.38
2020-12-21 22:00:00,53.22,86.43,79.23,21.65
2020-12-21 23:00:00,71.39,125.8,85.67,20.64
2020-12-22 00:00:00,86.18,144.7,85.29,19.95
2020-12-22 01:00:00,70.56,120.86,85.03,19.98
2020-12-22 02:00:00,72.36,117.98,74.33,21.02
2020-12-22 03:00:00,66.02,104.78,69.45,21.06
2020-12-22 04:00:00,58.02,95.32,71.65,20.23
2020-12-22 05:00:00,63.09,99.68,66.94,20.52
2020-12-22 06:00:00,55.3,87.26,59.38,21.16
2020-12-22 07:00:00,48.77,82.38,57.61,21.35
2020-12-22 08:00:00,54.95,94.93,56.52,22.59
2020-12-22 09:00:00,66.47,109.32,44.35,26.93
2020-12-22 10:00:00,54.96,103.11,39.27,29.58
2020-12-22 11:00:00,66.95,142.37,36.35,32.09
2020-12-22 12:00:00,55.92,137.4,32.15,33.01
2020-12-22 13:00:00,45.3,127.51,30.59,34.43
2020-12-22 14:00:00,42.26,103.29,29.88,34.67
2020-12-22 15:00:00,38.52,86.64,32.62,34.54
2020-12-22 16:00:00,36.26,78.32,43.86,31.37
2020-12-22 17:00:00,42.95,91.19,56.46,27.95
2020-12-22 18:00:00,45.74,100.81,67.54,23.84
2020-12-22 19:00:00,46.87,91.27,80.06,21.92
2020-12-22 20:00:00,46.13,73.59,85.41,21.56
2020-12-22 21:00:00,46.87,80.51,81.64,20.86
2020-12-22 22:00:00,40.89,63.6,75.48,20.41
2020-12-22 23:00:00,52.21,90.63,83.14,19.95
2020-12-23 00:00:00,46.17,76.1,86.67,19.51
2020-12-23 01:00:00,53.72,76.68,87.5,18.94
2020-12-23 02:00:00,48.02,59.0,90.41,18.75
2020-12-23 03:00:00,51.36,65.49,89.11,18.61
2020-12-23 04:00:00,67.65,96.2,88.37,18.36
2020-12-23 05:00:00,70.87,107.06,90.15,17.77
2020-12-23 06:00:00,74.49,109.62,85.17,18.46
2020-12-23 07:00:00,77.61,115.68,76.68,19.96
2020-12-23 08:00:00,78.0,118.62,68.19,22.53
2020-12-23 09:00:00,80.62,129.55,51.49,28.51
2020-12-23 10:00:00,84.49,148.22,42.72,31.44
2020-12-23 11:00:00,78.91,159.28,36.05,32.35
2020-12-23 12:00:00,71.05,150.45,33.63,33.47
2020-12-23 13:00:00,71.75,161.74,32.38,34.89
2020-12-23 14:00:00,58.05,110.66,31.81,34.99
2020-12-23 15:00:00,51.64,98.0,33.03,35.14
2020-12-23 16:00:00,53.61,102.06,39.72,32.2
2020-12-23 17:00:00,57.49,110.28,50.73,28.75
2020-12-23 18:00:00,56.26,109.57,68.1,24.31
2020-12-23 19:00:00,56.87,93.59,74.79,22.93
2020-12-23 20:00:00,56.13,84.4,78.72,21.73
2020-12-23 21:00:00,56.0,85.87,83.37,21.18
2020-12-23 22:00:00,65.59,97.55,78.65,20.98
2020-12-23 23:00:00,75.72,125.14,84.86,20.26
2020-12-24 00:00:00,75.26,116.4,90.46,19.73
2020-12-24 01:00:00,75.0,112.19,92.93,19.58
2020-12-24 02:00:00,89.83,135.52,90.7,19.17
2020-12-24 03:00:00,86.77,128.02,87.97,19.12
2020-12-24 04:00:00,92.09,138.83,82.06,19.6
2020-12-24 05:00:00,77.3,108.86,75.16,21.05
2020-12-24 06:00:00,82.85,127.77,75.94,21.06
2020-12-24 07:00:00,109.3,159.95,77.97,20.58
2020-12-24 08:00:00,116.48,167.62,72.62,22.66
2020-12-24 09:00:00,95.12,148.53,56.93,27.15
2020-12-24 10:00:00,89.39,148.31,48.94,29.37
2020-12-24 11:00:00,78.53,149.13,42.97,31.38
2020-12-24 12:00:00,88.3,173.11,39.11,33.01
2020-12-24 13:00:00,82.17,172.53,35.25,35.1
2020-12-24 14:00:00,63.61,127.35,33.98,36.45
2020-12-24 15:00:00,58.38,111.34,33.64,37.3
2020-12-24 16:00:00,61.44,119.57,49.88,32.89
2020-12-24 17:00:00,68.09,139.78,63.95,28.94
2020-12-24 18:00:00,77.72,140.77,66.92,26.37
2020-12-24 19:00:00,71.15,112.42,69.58,24.49
2020-12-24 20:00:00,60.44,88.22,81.02,22.78
2020-12-24 21:00:00,72.04,100.22,83.57,22.54
2020-12-24 22:00:00,82.72,124.28,87.46,22.26
2020-12-24 23:00:00,92.69,142.74,88.64,21.97
2020-12-25 00:00:00,101.83,160.55,89.3,21.65
2020-12-25 01:00:00,109.09,174.51,91.85,21.19
2020-12-25 02:00:00,111.74,163.21,94.25,20.85
2020-12-25 03:00:00,123.34,178.66,94.22,20.33
2020-12-25 04:00:00,134.56,180.57,93.96,20.38
2020-12-25 05:00:00,139.49,196.22,87.9,21.24
2020-12-25 06:00:00,117.39,171.71,81.14,22.13
2020-12-25 07:00:00,113.13,166.62,73.23,23.05
2020-12-25 08:00:00,85.18,137.8,64.04,25.12
2020-12-25 09:00:00,74.89,122.92,53.76,28.24
2020-12-25 10:00:00,80.11,135.19,49.61,30.41
2020-12-25 11:00:00,94.91,178.76,45.0,32.52
2020-12-25 12:00:00,85.7,174.02,41.66,34.08
2020-12-25 13:00:00,78.78,161.3,39.36,35.18
2020-12-25 14:00:00,71.05,143.59,37.8,36.1
2020-12-25 15:00:00,63.91,129.45,37.12,37.1
2020-12-25 16:00:00,63.0,104.0,44.69,35.36
2020-12-25 17:00:00,69.98,133.0,59.67,30.43
2020-12-25 18:00:00,103.17,184.73,74.16,26.59
2020-12-25 19:00:00,136.69,218.09,79.28,24.82
2020-12-25 20:00:00,138.38,213.3,80.78,23.96
2020-12-25 21:00:00,100.61,152.8,84.53,23.39
2020-12-25 22:00:00,80.17,117.94,82.96,23.52
2020-12-25 23:00:00,105.82,159.88,86.62,22.94
2020-12-26 00:00:00,106.52,162.92,87.62,22.47
2020-12-26 01:00:00,86.0,123.69,87.69,22.17
2020-12-26 02:00:00,83.0,116.62,91.35,22.04
2020-12-26 03:00:00,86.48,133.0,87.93,21.94
2020-12-26 04:00:00,103.57,143.55,85.0,22.05
2020-12-26 05:00:00,91.22,130.64,77.69,22.98
2020-12-26 06:00:00,76.79,114.07,79.76,22.33
2020-12-26 07:00:00,77.61,111.0,83.42,21.58
2020-12-26 08:00:00,85.83,123.98,76.42,24.3
2020-12-26 09:00:00,99.17,158.0,57.24,29.69
2020-12-26 10:00:00,101.87,175.03,49.72,32.02
2020-12-26 11:00:00,99.38,188.7,45.44,33.38
2020-12-26 12:00:00,105.22,191.0,42.34,34.71
2020-12-26 13:00:00,104.26,194.23,42.08,35.66
2020-12-26 14:00:00,98.78,178.83,38.53,35.97
2020-12-26 15:00:00,67.57,129.73,40.13,35.82
2020-12-26 16:00:00,77.78,152.95,45.2,33.01
2020-12-26 17:00:00,71.31,131.0,54.25,30.23
2020-12-26 18:00:00,75.22,141.51,65.2,26.99
2020-12-26 19:00:00,85.56,149.67,72.63,25.98
2020-12-26 20:00:00,98.3,160.7,80.89,25.37
2020-12-26 21:00:00,112.18,158.15,88.96,24.54
2020-12-26 22:00:00,120.93,154.57,91.73,23.98
2020-12-26 23:00:00,122.87,156.47,91.48,23.73
2020-12-27 00:00:00,136.04,179.02,92.13,23.19
2020-12-27 01:00:00,156.26,198.55,92.4,22.84
2020-12-27 02:00:00,126.83,163.2,88.39,22.78
2020-12-27 03:00:00,102.81,139.45,85.94,22.89
2020-12-27 04:00:00,96.51,135.19,85.54,23.01
2020-12-27 05:00:00,109.91,152.01,84.68,23.25
2020-12-27 06:00:00,124.21,168.12,87.37,22.46
2020-12-27 07:00:00,108.6,145.94,89.62,22.3
2020-12-27 08:00:00,90.35,123.03,85.77,24.32
2020-12-27 09:00:00,108.93,159.42,71.9,28.16
2020-12-27 10:00:00,122.43,198.91,56.35,31.88
2020-12-27 11:00:00,103.13,178.52,55.04,32.43
2020-12-27 12:00:00,129.66,211.69,53.94,33.13
2020-12-27 13:00:00,107.92,191.09,51.33,33.87
2020-12-27 14:00:00,99.65,172.9,50.86,34.04
2020-12-27 15:00:00,90.31,163.57,53.51,33.6
2020-12-27 16:00:00,98.59,165.42,52.72,33.5
2020-12-27 17:00:00,111.3,173.28,55.13,31.13
2020-12-27 18:00:00,95.61,156.41,71.34,26.25
2020-12-27 19:00:00,88.64,139.88,82.8,25.13
2020-12-27 20:00:00,108.87,174.31,82.95,25.34
2020-12-27 21:00:00,125.95,184.62,85.65,23.74
2020-12-27 22:00:00,115.83,165.6,91.88,22.19
2020-12-27 23:00:00,111.38,144.03,95.12,21.36
2020-12-28 00:00:00,104.05,127.11,95.26,20.74
2020-12-28 01:00:00,97.8,127.23,95.06,20.29
2020-12-28 02:00:00,96.13,124.77,96.43,20.09
2020-12-28 03:00:00,85.57,119.15,95.55,19.41
2020-12-28 04:00:00,78.77,117.19,91.16,18.67
2020-12-28 05:00:00,64.09,91.94,72.84,19.77
2020-12-28 06:00:00,47.22,73.88,65.04,20.33
2020-12-28 07:00:00,49.36,73.43,64.16,20.16
2020-12-28 08:00:00,51.74,78.94,61.45,21.76
2020-12-28 09:00:00,47.65,90.08,49.09,27.16
2020-12-28 10:00:00,43.52,88.77,39.23,29.34
2020-12-28 11:00:00,36.91,83.96,36.56,31.02
2020-12-28 12:00:00,31.65,85.42,36.43,32.44
2020-12-28 13:00:00,32.75,64.17,36.09,33.54
2020-12-28 14:00:00,34.74,92.95,35.37,33.12
2020-12-28 15:00:00,42.83,117.97,37.96,32.66
2020-12-28 16:00:00,41.36,134.14,40.77,31.31
2020-12-28 17:00:00,46.22,170.25,50.69,27.66
2020-12-28 18:00:00,59.21,197.0,61.31,24.14
2020-12-28 19:00:00,61.87,190.53,70.81,21.69
2020-12-28 20:00:00,73.3,188.19,71.77,20.77
2020-12-28 21:00:00,69.78,171.03,77.98,19.7
2020-12-28 22:00:00,75.09,172.68,82.82,18.7
2020-12-28 23:00:00,77.75,169.97,84.32,18.28
2020-12-29 00:00:00,67.57,139.19,84.96,18.11
2020-12-29 01:00:00,66.87,130.38,87.86,17.85
2020-12-29 02:00:00,73.11,134.83,88.63,17.43
2020-12-29 03:00:00,66.17,130.45,90.88,17.41
2020-12-29 04:00:00,58.91,118.92,90.73,17.36
2020-12-29 05:00:00,54.52,102.4,90.59,17.17
2020-12-29 06:00:00,52.26,98.19,88.48,16.55
2020-12-29 07:00:00,60.7,110.12,89.37,16.31
2020-12-29 08:00:00,75.91,140.48,80.94,19.55
2020-12-29 09:00:00,86.69,180.95,56.2,27.44
2020-12-29 10:00:00,97.56,205.17,44.42,29.85
2020-12-29 11:00:00,62.48,135.44,41.53,31.58
2020-12-29 12:00:00,61.33,134.0,41.02,32.07
2020-12-29 13:00:00,70.69,156.63,40.05,33.32
2020-12-29 14:00:00,92.87,203.22,43.75,32.6
2020-12-29 15:00:00,75.13,194.41,48.78,31.93
2020-12-29 16:00:00,74.62,164.13,55.06,30.52
2020-12-29 17:00:00,73.26,160.43,62.98,27.85
2020-12-29 18:00:00,76.48,169.08,74.84,24.25
2020-12-29 19:00:00,72.65,144.32,85.52,22.21
2020-12-29 20:00:00,71.13,131.22,92.38,21.27
2020-12-29 21:00:00,79.69,135.91,94.25,21.0
2020-12-29 22:00:00,88.83,155.78,95.28,20.48
2020-12-29 23:00:00,95.22,156.77,96.38,20.06
2020-12-30 00:00:00,92.52,146.3,97.41,19.98
2020-12-30 01:00:00,96.35,148.83,97.39,19.46
2020-12-30 02:00:00,97.87,151.62,95.12,19.07
2020-12-30 03:00:00,82.3,132.0,95.14,18.88
2020-12-30 04:00:00,81.74,135.22,93.92,18.45
2020-12-30 05:00:00,69.83,124.68,92.06,18.0
2020-12-30 06:00:00,63.65,121.19,94.17,18.0
2020-12-30 07:00:00,63.0,114.53,88.99,18.72
2020-12-30 08:00:00,69.95,140.48,76.48,21.88
2020-12-30 09:00:00,81.43,164.78,63.95,26.03
2020-12-30 10:00:00,77.78,169.81,55.04,28.89
2020-12-30 11:00:00,85.69,199.91,51.94,30.48
2020-12-30 12:00:00,101.78,231.67,48.69,32.44
2020-12-30 13:00:00,104.0,234.07,46.46,33.53
2020-12-30 14:00:00,101.39,205.22,48.55,33.38
2020-12-30 15:00:00,97.52,215.97,54.41,31.93
2020-12-30 16:00:00,95.26,217.57,60.01,30.32
2020-12-30 17:00:00,93.25,195.18,66.03,27.8
2020-12-30 18:00:00,93.0,189.19,71.76,25.65
2020-12-30 19:00:00,86.05,160.71,84.13,23.29
2020-12-30 20:00:00,93.69,158.04,86.42,22.98
2020-12-30 21:00:00,111.52,174.36,88.47,22.18
2020-12-30 22:00:00,111.39,178.81,91.04,21.76
2020-12-30 23:00:00,131.0,215.38,89.38,21.83
2020-12-31 00:00:00,145.27,229.64,88.94,21.17
2020-12-31 01:00:00,115.7,176.66,91.53,20.55
2020-12-31 02:00:00,95.35,143.86,91.62,20.44
2020-12-31 03:00:00,96.49,141.0,84.0,21.73
2020-12-31 04:00:00,92.65,147.47,81.68,22.05
2020-12-31 05:00:00,91.13,150.61,81.61,22.2
2020-12-31 06:00:00,91.0,149.38,81.54,22.38
2020-12-31 07:00:00,95.36,153.03,80.02,22.86
2020-12-31 08:00:00,99.48,154.81,73.36,24.48
2020-12-31 09:00:00,96.52,154.19,63.96,27.13
2020-12-31 10:00:00,102.11,170.92,56.95,29.85
2020-12-31 11:00:00,121.26,207.33,50.8,32.1
2020-12-31 12:00:00,105.74,194.65,48.31,33.21
2020-12-31 13:00:00,90.83,173.94,45.02,34.61
2020-12-31 14:00:00,82.05,150.18,42.74,35.3
2020-12-31 15:00:00,74.05,131.26,42.62,36.09
2020-12-31 16:00:00,65.17,117.49,46.89,34.65
2020-12-31 17:00:00,89.22,169.16,55.25,30.52
2020-12-31 18:00:00,89.52,159.37,70.45,27.28
2020-12-31 19:00:00,113.34,192.8,76.2,25.98
2020-12-31 20:00:00,112.65,172.9,79.44,24.6
2020-12-31 21:00:00,98.09,133.0,84.88,23.77
2020-12-31 22:00:00,94.26,126.53,81.94,23.51
2020-12-31 23:00:00,84.44,120.17,80.89,23.19
2021-01-01 00:00:00,76.05,109.33,82.28,22.8
2021-01-01 01:00:00,77.6,108.61,87.61,22.67
2021-01-01 02:00:00,79.74,108.19,90.98,22.39
2021-01-01 03:00:00,122.6,169.43,92.63,22.04
2021-01-01 04:00:00,133.35,171.92,94.59,21.93
2021-01-01 05:00:00,114.07,147.98,88.29,23.09
2021-01-01 06:00:00,116.22,155.33,83.85,23.8
2021-01-01 07:00:00,128.3,173.51,84.11,23.7
2021-01-01 08:00:00,124.78,174.38,78.47,25.55
2021-01-01 09:00:00,116.17,174.0,69.08,28.62
2021-01-01 10:00:00,126.3,195.02,60.31,31.39
2021-01-01 11:00:00,140.18,223.44,53.95,33.6
2021-01-01 12:00:00,131.57,217.71,53.28,33.6
2021-01-01 13:00:00,102.18,166.6,51.98,33.72
2021-01-01 14:00:00,78.87,140.5,53.9,33.39
2021-01-01 15:00:00,85.56,147.0,58.63,31.88
2021-01-01 16:00:00,83.52,142.17,62.85,30.42
2021-01-01 17:00:00,89.95,140.19,71.55,28.9
2021-01-01 18:00:00,131.0,190.12,79.78,27.45
2021-01-01 19:00:00,156.13,220.53,82.06,26.86
2021-01-01 20:00:00,160.74,218.53,87.3,25.49
2021-01-01 21:00:00,141.0,182.24,88.17,25.28
2021-01-01 22:00:00,141.47,180.44,88.36,25.12
2021-01-01 23:00:00,147.2,185.22,91.03,25.21
2021-01-02 00:00:00,136.73,181.17,91.74,24.94
2021-01-02 01:00:00,123.7,165.45,93.16,24.2
2021-01-02 02:00:00,126.36,158.77,94.83,23.95
2021-01-02 03:00:00,117.47,145.92,95.75,23.56
2021-01-02 04:00:00,122.09,146.22,96.05,23.32
2021-01-02 05:00:00,145.6,172.78,96.92,23.06
2021-01-02 06:00:00,151.61,179.81,97.6,23.27
2021-01-02 07:00:00,154.61,186.47,96.55,23.76
2021-01-02 08:00:00,154.13,190.0,92.8,25.38
2021-01-02 09:00:00,172.26,223.95,85.44,26.77
2021-01-02 10:00:00,199.34,275.5,76.96,28.95
2021-01-02 11:00:00,201.26,302.98,71.09,30.45
2021-01-02 12:00:00,159.27,275.48,63.81,31.47
2021-01-02 13:00:00,126.05,213.03,65.85,31.27
2021-01-02 14:00:00,136.73,202.43,64.91,31.15
2021-01-02 15:00:00,119.93,180.37,64.53,31.12
2021-01-02 16:00:00,137.8,198.36,71.27,28.97
2021-01-02 17:00:00,141.87,216.08,75.0,26.95
2021-01-02 18:00:00,107.22,188.17,78.85,25.8
2021-01-02 19:00:00,109.83,160.14,84.72,24.43
2021-01-02 20:00:00,116.22,171.69,87.75,23.9
2021-01-02 21:00:00,124.83,187.93,87.03,23.61
2021-01-02 22:00:00,115.6,162.0,88.65,23.21
2021-01-02 23:00:00,109.67,144.53,89.94,22.71
2021-01-03 00:00:00,112.45,151.0,92.95,22.42
2021-01-03 01:00:00,106.91,136.5,94.31,22.14
2021-01-03 02:00:00,105.13,133.0,96.07,22.02
2021-01-03 03:00:00,97.17,127.36,96.18,21.63
2021-01-03 04:00:00,118.62,156.61,96.42,21.39
2021-01-03 05:00:00,125.48,158.34,97.48,21.14
2021-01-03 06:00:00,129.48,157.81,98.01,21.14
2021-01-03 07:00:00,131.74,164.47,96.99,21.12
2021-01-03 08:00:00,145.91,190.17,90.56,23.33
2021-01-03 09:00:00,162.79,206.47,75.28,27.52
2021-01-03 10:00:00,149.35,221.12,67.7,29.38
2021-01-03 11:00:00,151.35,231.25,60.5,31.4
2021-01-03 12:00:00,149.39,239.45,60.23,31.85
2021-01-03 13:00:00,162.91,260.33,59.07,31.72
2021-01-03 14:00:00,145.87,246.41,56.48,31.65
2021-01-03 15:00:00,132.57,227.0,57.02,31.35
2021-01-03 16:00:00,126.65,220.53,64.3,28.51
2021-01-03 17:00:00,113.79,202.03,65.27,27.72
2021-01-03 18:00:00,112.87,203.64,72.09,25.2
2021-01-03 19:00:00,95.61,166.33,77.63,23.89
2021-01-03 20:00:00,99.09,153.78,83.83,22.58
2021-01-03 21:00:00,101.74,147.36,84.26,22.42
2021-01-03 22:00:00,109.8,155.78,83.51,22.63
2021-01-03 23:00:00,124.0,193.42,75.96,23.74
2021-01-04 00:00:00,114.7,180.93,75.97,23.48
2021-01-04 01:00:00,103.44,155.79,80.25,22.84
2021-01-04 02:00:00,105.47,154.22,86.21,22.4
2021-01-04 03:00:00,132.08,197.84,89.92,22.27
2021-01-04 04:00:00,125.57,189.47,91.89,21.87
2021-01-04 05:00:00,123.13,168.08,92.3,21.79
2021-01-04 06:00:00,113.44,161.57,90.7,21.79
2021-01-04 07:00:00,137.13,186.87,93.03,21.53
2021-01-04 08:00:00,135.78,189.77,92.96,21.82
2021-01-04 09:00:00,138.48,190.61,91.09,23.11
2021-01-04 10:00:00,145.95,228.86,75.77000000000001,25.765
2021-01-04 11:00:00,131.35,200.01,59.97,30.22
2021-01-04 12:00:00,116.0,181.33,60.73,29.58
2021-01-04 13:00:00,168.78,291.93,61.27,29.89
2021-01-04 14:00:00,146.67,252.0,62.35,29.05
2021-01-04 15:00:00,142.87,252.0,59.6,30.54
2021-01-04 16:00:00,143.0,240.72,58.91,30.11
2021-01-04 17:00:00,133.27,229.05,68.03,27.37
2021-01-04 18:00:00,133.73,207.67,76.07,25.2
2021-01-04 19:00:00,131.39,203.0,81.35,24.06
2021-01-04 20:00:00,135.35,197.36,80.29,24.2
2021-01-04 21:00:00,131.67,189.56,74.06,24.46
2021-01-04 22:00:00,117.96,170.28,66.94,24.1
2021-01-04 23:00:00,110.78,161.17,75.94,23.39
2021-01-05 00:00:00,109.13,156.79,77.13,23.39
2021-01-05 01:00:00,107.26,151.15,81.13,23.1
2021-01-05 02:00:00,105.27,145.18,82.45,22.41
2021-01-05 03:00:00,101.53,135.14,85.03,21.63
2021-01-05 04:00:00,97.52,137.84,87.79,21.25
2021-01-05 05:00:00,98.74,135.78,86.22,21.33
2021-01-05 06:00:00,94.65,128.58,85.86,21.08
2021-01-05 07:00:00,91.39,122.97,86.88,21.52
2021-01-05 08:00:00,97.09,130.89,83.88,22.49
2021-01-05 09:00:00,118.0,163.72,74.66,25.64
2021-01-05 10:00:00,134.87,213.0,63.94,28.38
2021-01-05 11:00:00,140.47,222.67,58.61,30.7
2021-01-05 12:00:00,136.65,225.0,55.91,31.47
2021-01-05 13:00:00,115.36,191.62,54.98,32.32
2021-01-05 14:00:00,133.67,212.81,59.06,30.59
2021-01-05 15:00:00,160.47,249.81,61.85,30.11
2021-01-05 16:00:00,169.22,256.19,62.14,29.22
2021-01-05 17:00:00,158.7,239.89,66.16,26.92
2021-01-05 18:00:00,157.0,228.06,74.55,25.27
2021-01-05 19:00:00,149.18,226.22,76.83,24.64
2021-01-05 20:00:00,165.33,234.22,81.7,23.56
2021-01-05 21:00:00,163.67,232.78,82.14,23.73
2021-01-05 22:00:00,163.0,221.53,84.22,23.48
2021-01-05 23:00:00,157.8,220.61,88.13,22.92
2021-01-06 00:00:00,159.6,221.81,90.33,22.15
2021-01-06 01:00:00,148.7,189.78,90.77,22.04
2021-01-06 02:00:00,154.8,194.08,75.77000000000001,25.765
2021-01-06 03:00:00,163.8,207.0,75.77000000000001,25.765
2021-01-06 04:00:00,165.0,211.85,75.77000000000001,25.765
2021-01-06 05:00:00,153.73,207.34,75.77000000000001,25.765
2021-01-06 06:00:00,144.18,189.03,75.77000000000001,25.765
2021-01-06 07:00:00,141.26,182.58,75.77000000000001,25.765
2021-01-06 08:00:00,143.6,190.06,75.77000000000001,25.765
2021-01-06 09:00:00,151.82,203.32,75.77000000000001,25.765
2021-01-06 10:00:00,146.91,203.58,75.77000000000001,25.765
2021-01-06 11:00:00,141.96,209.4,75.77000000000001,25.765
2021-01-06 12:00:00,134.07,206.96,75.77000000000001,25.765
2021-01-06 13:00:00,114.8,190.64,75.77000000000001,25.765
2021-01-06 14:00:00,92.93,163.64,75.77000000000001,25.765
2021-01-06 15:00:00,135.07,221.64,75.77000000000001,25.765
2021-01-06 16:00:00,145.47,232.97,75.77000000000001,25.765
2021-01-06 17:00:00,150.35,235.22,75.77000000000001,25.765
2021-01-06 18:00:00,155.33,235.19,75.77000000000001,25.765
2021-01-06 19:00:00,158.6,235.81,75.77000000000001,25.765
2021-01-06 20:00:00,167.67,229.53,75.77000000000001,25.765
2021-01-06 21:00:00,176.8,234.44,75.77000000000001,25.765
2021-01-06 22:00:00,179.74,252.13,75.77000000000001,25.765
2021-01-06 23:00:00,177.4,245.53,75.77000000000001,25.765
2021-01-07 00:00:00,164.87,231.76,75.77000000000001,25.765
2021-01-07 01:00:00,157.78,214.5,75.77000000000001,25.765
2021-01-07 02:00:00,155.27,198.11,75.77000000000001,25.765
2021-01-07 03:00:00,145.47,187.75,75.77000000000001,25.765
2021-01-07 04:00:00,144.0,179.0,75.77000000000001,25.765
2021-01-07 05:00:00,143.13,181.42,75.77000000000001,25.765
2021-01-07 06:00:00,135.2,170.72,75.77000000000001,25.765
2021-01-07 07:00:00,135.74,167.19,75.77000000000001,25.765
2021-01-07 08:00:00,149.08,200.74,75.77000000000001,25.765
2021-01-07 09:00:00,189.25,271.66,75.77000000000001,25.765
2021-01-07 10:00:00,166.31,242.69,75.77000000000001,25.765
2021-01-07 11:00:00,150.7,236.03,75.77000000000001,25.765
2021-01-07 12:00:00,145.52,251.5,75.77000000000001,25.765
2021-01-07 13:00:00,136.33,233.18,75.77000000000001,25.765
2021-01-07 14:00:00,146.27,257.91,75.77000000000001,25.765
2021-01-07 15:00:00,160.13,259.36,75.77000000000001,25.765
2021-01-07 16:00:00,151.6,254.78,75.77000000000001,25.765
2021-01-07 17:00:00,135.0,234.0,75.77000000000001,25.765
2021-01-07 18:00:00,132.4,219.5,75.77000000000001,25.765
2021-01-07 19:00:00,117.22,161.0,75.77000000000001,25.765
2021-01-07 20:00:00,113.27,154.56,75.77000000000001,25.765
2021-01-07 21:00:00,94.8,129.64,75.77000000000001,25.765
2021-01-07 22:00:00,133.0,200.63,75.77000000000001,25.765
2021-01-07 23:00:00,131.2,198.86,75.77000000000001,25.765
2021-01-08 00:00:00,124.8,190.78,75.77000000000001,25.765
2021-01-08 01:00:00,142.2,205.31,75.77000000000001,25.765
2021-01-08 02:00:00,153.67,225.03,75.77000000000001,25.765
2021-01-08 03:00:00,141.09,200.36,75.77000000000001,25.765
2021-01-08 04:00:00,136.4,193.61,75.77000000000001,25.765
2021-01-08 05:00:00,129.07,174.67,75.77000000000001,25.765
2021-01-08 06:00:00,121.07,159.49,75.77000000000001,25.765
2021-01-08 07:00:00,123.47,164.25,75.77000000000001,25.765
2021-01-08 08:00:00,130.07,174.08,75.77000000000001,25.765
2021-01-08 09:00:00,105.87,154.98,75.77000000000001,25.765
2021-01-08 10:00:00,107.13,150.61,75.77000000000001,25.765
2021-01-08 11:00:00,114.48,168.34,75.77000000000001,25.765
2021-01-08 12:00:00,139.27,209.73,75.77000000000001,25.765
2021-01-08 13:00:00,121.33,196.8,75.77000000000001,25.765
2021-01-08 14:00:00,128.4,188.64,75.77000000000001,25.765
2021-01-08 15:00:00,97.07,144.89,75.77000000000001,25.765
2021-01-08 16:00:00,103.27,155.75,75.77000000000001,25.765
2021-01-08 17:00:00,104.13,159.39,75.77000000000001,25.765
2021-01-08 18:00:00,92.73,137.25,75.77000000000001,25.765
2021-01-08 19:00:00,91.87,139.25,75.77000000000001,25.765
2021-01-08 20:00:00,95.47,135.5,75.77000000000001,25.765
2021-01-08 21:00:00,113.39,136.82,75.77000000000001,25.765
2021-01-08 22:00:00,99.53,119.52,75.77000000000001,25.765
2021-01-08 23:00:00,79.67,95.73,75.77000000000001,25.765
2021-01-09 00:00:00,62.31,78.96,75.77000000000001,25.765
2021-01-09 01:00:00,81.67,101.69,75.77000000000001,25.765
2021-01-09 02:00:00,89.33,118.47,75.77000000000001,25.765
2021-01-09 03:00:00,99.53,125.83,75.77000000000001,25.765
2021-01-09 04:00:00,126.13,163.25,75.77000000000001,25.765
2021-01-09 05:00:00,141.27,170.39,75.77000000000001,25.765
2021-01-09 06:00:00,120.47,138.58,75.77000000000001,25.765
2021-01-09 07:00:00,83.2,94.0,75.77000000000001,25.765
2021-01-09 08:00:00,93.6,112.53,75.77000000000001,25.765
2021-01-09 09:00:00,100.35,131.5,75.77000000000001,25.765
2021-01-09 10:00:00,77.6,114.06,75.77000000000001,25.765
2021-01-09 11:00:00,64.44,109.8,75.77000000000001,25.765
2021-01-09 12:00:00,75.13,134.2,75.77000000000001,25.765
2021-01-09 13:00:00,68.33,115.03,75.77000000000001,25.765
2021-01-09 14:00:00,65.27,114.64,75.77000000000001,25.765
2021-01-09 15:00:00,52.15,177.81,75.77000000000001,25.765
2021-01-09 16:00:00,95.0,183.83,75.77000000000001,25.765
2021-01-09 17:00:00,91.55,175.58,75.77000000000001,25.765
2021-01-09 18:00:00,93.6,161.31,75.77000000000001,25.765
2021-01-09 19:00:00,88.8,144.35,75.77000000000001,25.765
2021-01-09 20:00:00,74.96,116.83,75.77000000000001,25.765
2021-01-09 21:00:00,72.13,102.14,75.77000000000001,25.765
2021-01-09 22:00:00,72.87,100.8,75.77000000000001,25.765
2021-01-09 23:00:00,95.53,125.08,75.77000000000001,25.765
2021-01-10 00:00:00,106.8,143.04,75.77000000000001,25.765
2021-01-10 01:00:00,118.37,166.0,75.77000000000001,25.765
2021-01-10 02:00:00,125.2,173.22,75.77000000000001,25.765
2021-01-10 03:00:00,142.47,216.75,75.77000000000001,25.765
2021-01-10 04:00:00,150.22,228.61,75.77000000000001,25.765
2021-01-10 05:00:00,126.73,176.64,75.77000000000001,25.765
2021-01-10 06:00:00,103.93,135.81,75.77000000000001,25.765
2021-01-10 07:00:00,102.73,131.41,75.77000000000001,25.765
2021-01-10 08:00:00,94.33,127.72,75.77000000000001,25.765
2021-01-10 09:00:00,80.0,116.94,75.77000000000001,25.765
2021-01-10 10:00:00,77.13,134.33,75.77000000000001,25.765
2021-01-10 11:00:00,90.0,163.97,75.77000000000001,25.765
2021-01-10 12:00:00,82.47,157.96,75.77000000000001,25.765
2021-01-10 13:00:00,67.09,130.92,75.77000000000001,25.765
2021-01-10 14:00:00,48.48,96.81,75.77000000000001,25.765
2021-01-10 15:00:00,73.82,140.57,75.77000000000001,25.765
2021-01-10 16:00:00,104.87,175.56,75.77000000000001,25.765
2021-01-10 17:00:00,102.07,167.0,75.77000000000001,25.765
2021-01-10 18:00:00,98.39,161.38,75.77000000000001,25.765
2021-01-10 19:00:00,82.35,128.69,75.77000000000001,25.765
2021-01-10 20:00:00,65.27,104.89,75.77000000000001,25.765
2021-01-10 21:00:00,74.3,114.69,75.77000000000001,25.765
2021-01-10 22:00:00,69.93,101.14,75.77000000000001,25.765
2021-01-10 23:00:00,82.0,113.86,75.77000000000001,25.765
2021-01-11 00:00:00,84.0,111.34,75.77000000000001,25.765
2021-01-11 01:00:00,66.67,91.69,75.77000000000001,25.765
2021-01-11 02:00:00,70.93,99.24,75.77000000000001,25.765
2021-01-11 03:00:00,78.93,111.64,75.77000000000001,25.765
2021-01-11 04:00:00,99.13,142.1,75.77000000000001,25.765
2021-01-11 05:00:00,98.52,140.17,75.77000000000001,25.765
2021-01-11 06:00:00,92.82,130.78,75.77000000000001,25.765
2021-01-11 07:00:00,85.05,122.58,75.77000000000001,25.765
2021-01-11 08:00:00,89.22,127.43,75.77000000000001,25.765
2021-01-11 09:00:00,87.39,133.0,75.77000000000001,25.765
2021-01-11 10:00:00,91.33,149.06,75.77000000000001,25.765
2021-01-11 11:00:00,90.27,162.67,75.77000000000001,25.765
2021-01-11 12:00:00,67.47,155.37,75.77000000000001,25.765
2021-01-11 13:00:00,58.8,122.39,75.77000000000001,25.765
2021-01-11 14:00:00,61.48,133.47,75.77000000000001,25.765
2021-01-11 15:00:00,85.33,158.94,75.77000000000001,25.765
2021-01-11 16:00:00,79.47,143.0,75.77000000000001,25.765
2021-01-11 17:00:00,80.6,152.0,75.77000000000001,25.765
2021-01-11 18:00:00,74.07,137.47,75.77000000000001,25.765
2021-01-11 19:00:00,60.87,109.53,75.77000000000001,25.765
2021-01-11 20:00:00,58.13,105.8,75.77000000000001,25.765
2021-01-11 21:00:00,58.87,93.96,75.77000000000001,25.765
2021-01-11 22:00:00,50.33,78.11,75.77000000000001,25.765
2021-01-11 23:00:00,61.13,92.66,75.77000000000001,25.765
2021-01-12 00:00:00,63.87,91.38,75.77000000000001,25.765
2021-01-12 01:00:00,74.4,123.03,75.77000000000001,25.765
2021-01-12 02:00:00,89.82,145.45,75.77000000000001,25.765
2021-01-12 03:00:00,84.2,135.35,75.77000000000001,25.765
2021-01-12 04:00:00,86.47,119.11,75.77000000000001,25.765
2021-01-12 05:00:00,89.61,126.47,75.77000000000001,25.765
2021-01-12 06:00:00,77.87,104.0,75.77000000000001,25.765
2021-01-12 07:00:00,73.4,106.41,75.77000000000001,25.765
2021-01-12 08:00:00,99.0,147.94,75.77000000000001,25.765
2021-01-12 09:00:00,90.87,152.36,75.77000000000001,25.765
2021-01-12 10:00:00,79.47,145.36,75.77000000000001,25.765
2021-01-12 11:00:00,70.2,145.0,75.77000000000001,25.765
2021-01-12 12:00:00,79.4,157.72,75.77000000000001,25.765
2021-01-12 13:00:00,62.8,178.89,75.77000000000001,25.765
2021-01-12 14:00:00,50.47,123.19,75.77000000000001,25.765
2021-01-12 15:00:00,44.67,96.11,75.77000000000001,25.765
2021-01-12 16:00:00,77.8,142.14,75.77000000000001,25.765
2021-01-12 17:00:00,89.93,162.03,75.77000000000001,25.765
2021-01-12 18:00:00,73.61,123.86,75.77000000000001,25.765
2021-01-12 19:00:00,71.0,108.36,75.77000000000001,25.765
2021-01-12 20:00:00,85.78,132.0,75.77000000000001,25.765
2021-01-12 21:00:00,115.64,161.7,75.77000000000001,25.765
2021-01-12 22:00:00,119.13,163.36,75.77000000000001,25.765
2021-01-12 23:00:00,116.4,186.88,75.77000000000001,25.765
2021-01-13 00:00:00,117.73,170.52,75.77000000000001,25.765
2021-01-13 01:00:00,99.8,137.7,75.77000000000001,25.765
2021-01-13 02:00:00,74.47,103.61,75.77000000000001,25.765
2021-01-13 03:00:00,63.2,90.56,75.77000000000001,25.765
2021-01-13 04:00:00,57.67,80.17,75.77000000000001,25.765
2021-01-13 05:00:00,60.48,81.21,75.77000000000001,25.765
2021-01-13 06:00:00,61.87,90.84,75.77000000000001,25.765
2021-01-13 07:00:00,72.4,94.61,75.77000000000001,25.765
2021-01-13 08:00:00,80.07,115.07,75.77000000000001,25.765
2021-01-13 09:00:00,81.87,130.44,75.77000000000001,25.765
2021-01-13 10:00:00,73.31,125.77,75.77000000000001,25.765
2021-01-13 11:00:00,76.33,138.45,75.77000000000001,25.765
2021-01-13 12:00:00,66.57,146.01,75.77000000000001,25.765
2021-01-13 13:00:00,44.43,135.0,75.77000000000001,25.765
2021-01-13 14:00:00,30.6,77.81,75.77000000000001,25.765
2021-01-13 15:00:00,52.54,103.34,75.77000000000001,25.765
2021-01-13 16:00:00,52.15,103.34,75.77000000000001,25.765
2021-01-13 17:00:00,44.0,76.0,75.77000000000001,25.765
2021-01-13 18:00:00,31.0,59.95,75.77000000000001,25.765
2021-01-13 19:00:00,29.87,54.39,75.77000000000001,25.765
2021-01-13 20:00:00,36.07,65.24,75.77000000000001,25.765
2021-01-13 21:00:00,53.47,91.0,75.77000000000001,25.765
2021-01-13 22:00:00,83.73,113.48,75.77000000000001,25.765
2021-01-13 23:00:00,87.14,121.41,75.77000000000001,25.765
2021-01-14 00:00:00,91.32,138.06,75.77000000000001,25.765
2021-01-14 01:00:00,88.55,117.92,75.77000000000001,25.765
2021-01-14 02:00:00,67.27,96.25,75.77000000000001,25.765
2021-01-14 03:00:00,61.4,80.5,75.77000000000001,25.765
2021-01-14 04:00:00,50.57,64.16,75.77000000000001,25.765
2021-01-14 05:00:00,66.28,86.69,75.77000000000001,25.765
2021-01-14 06:00:00,78.53,115.49,75.77000000000001,25.765
2021-01-14 07:00:00,88.64,138.66,75.77000000000001,25.765
2021-01-14 08:00:00,90.87,155.05,75.77000000000001,25.765
2021-01-14 09:00:00,88.4,149.94,75.77000000000001,25.765
2021-01-14 10:00:00,103.6,206.0,75.77000000000001,25.765
2021-01-14 11:00:00,85.2,180.31,75.77000000000001,25.765
2021-01-14 12:00:00,62.93,143.5,75.77000000000001,25.765
2021-01-14 13:00:00,86.78,164.9,75.77000000000001,25.765
2021-01-14 14:00:00,93.6,165.58,75.77000000000001,25.765
2021-01-14 15:00:00,87.93,156.78,75.77000000000001,25.765
2021-01-14 16:00:00,74.87,150.18,75.77000000000001,25.765
2021-01-14 17:00:00,71.27,135.35,75.77000000000001,25.765
2021-01-14 18:00:00,46.73,89.45,75.77000000000001,25.765
2021-01-14 19:00:00,53.4,103.08,75.77000000000001,25.765
2021-01-14 20:00:00,66.27,109.0,75.77000000000001,25.765
2021-01-14 21:00:00,55.0,82.51,75.77000000000001,25.765
2021-01-14 22:00:00,65.13,88.84,75.77000000000001,25.765
2021-01-14 23:00:00,74.8,97.6,75.77000000000001,25.765
2021-01-15 00:00:00,67.36,89.37,75.77000000000001,25.765
2021-01-15 01:00:00,59.95,85.39,75.77000000000001,25.765
2021-01-15 02:00:00,70.27,97.0,75.77000000000001,25.765
2021-01-15 03:00:00,71.13,93.79,75.77000000000001,25.765
2021-01-15 04:00:00,66.67,92.2,75.77000000000001,25.765
2021-01-15 05:00:00,72.93,92.0,75.77000000000001,25.765
2021-01-15 06:00:00,61.87,103.34,75.77000000000001,25.765
2021-01-15 07:00:00,66.93,103.34,75.77000000000001,25.765
2021-01-15 08:00:00,94.0,103.34,75.77000000000001,25.765
2021-01-15 09:00:00,99.73,103.34,75.77000000000001,25.765
2021-01-15 10:00:00,90.47,103.34,75.77000000000001,25.765
2021-01-15 11:00:00,72.53,103.34,75.77000000000001,25.765
2021-01-15 12:00:00,62.2,103.34,75.77000000000001,25.765
2021-01-15 13:00:00,63.59,103.34,75.77000000000001,25.765
2021-01-15 14:00:00,54.47,103.34,75.77000000000001,25.765
2021-01-15 15:00:00,39.13,103.34,75.77000000000001,25.765
2021-01-15 16:00:00,39.6,73.0,75.77000000000001,25.765
2021-01-15 17:00:00,39.13,64.97,75.77000000000001,25.765
2021-01-15 18:00:00,27.73,55.77,75.77000000000001,25.765
2021-01-15 19:00:00,38.13,84.0,75.77000000000001,25.765
2021-01-15 20:00:00,45.2,74.33,75.77000000000001,25.765
2021-01-15 21:00:00,40.8,55.89,75.77000000000001,25.765
2021-01-15 22:00:00,44.33,58.42,75.77000000000001,25.765
2021-01-15 23:00:00,48.47,68.86,75.77000000000001,25.765
2021-01-16 00:00:00,51.59,82.24,75.77000000000001,25.765
2021-01-16 01:00:00,44.2,59.31,75.77000000000001,25.765
2021-01-16 02:00:00,33.47,44.0,75.77000000000001,25.765
2021-01-16 03:00:00,27.65,33.98,75.77000000000001,25.765
2021-01-16 04:00:00,43.47,49.8,75.77000000000001,25.765
2021-01-16 05:00:00,46.0,55.6,75.77000000000001,25.765
2021-01-16 06:00:00,72.87,81.69,75.77000000000001,25.765
2021-01-16 07:00:00,73.53,86.79,75.77000000000001,25.765
2021-01-16 08:00:00,73.0,92.42,75.77000000000001,25.765
2021-01-16 09:00:00,79.07,118.97,75.77000000000001,25.765
2021-01-16 10:00:00,67.87,115.37,75.77000000000001,25.765
2021-01-16 11:00:00,61.68,111.39,75.77000000000001,25.765
2021-01-16 12:00:00,57.53,98.96,75.77000000000001,25.765
2021-01-16 13:00:00,65.67,125.7,75.77000000000001,25.765
2021-01-16 14:00:00,53.18,100.0,75.77000000000001,25.765
2021-01-16 15:00:00,43.2,79.93,75.77000000000001,25.765
2021-01-16 16:00:00,49.8,82.22,75.77000000000001,25.765
2021-01-16 17:00:00,49.27,80.79,75.77000000000001,25.765
2021-01-16 18:00:00,62.87,101.67,75.77000000000001,25.765
2021-01-16 19:00:00,78.0,123.86,75.77000000000001,25.765
2021-01-16 20:00:00,105.13,135.22,75.77000000000001,25.765
2021-01-16 21:00:00,97.73,120.14,75.77000000000001,25.765
2021-01-16 22:00:00,93.4,109.6,75.77000000000001,25.765
2021-01-16 23:00:00,97.32,106.79,75.77000000000001,25.765
2021-01-17 00:00:00,63.45,74.0,75.77000000000001,25.765
2021-01-17 01:00:00,49.36,63.59,75.77000000000001,25.765
2021-01-17 02:00:00,55.8,75.04,75.77000000000001,25.765
2021-01-17 03:00:00,64.78,87.63,75.77000000000001,25.765
2021-01-17 04:00:00,58.2,75.55,75.77000000000001,25.765
2021-01-17 05:00:00,63.91,84.84,75.77000000000001,25.765
2021-01-17 06:00:00,84.93,120.91,75.77000000000001,25.765
2021-01-17 07:00:00,83.67,104.1,75.77000000000001,25.765
2021-01-17 08:00:00,84.73,113.0,75.77000000000001,25.765
2021-01-17 09:00:00,97.13,124.24,75.77000000000001,25.765
2021-01-17 10:00:00,82.53,97.3,75.77000000000001,25.765
2021-01-17 11:00:00,73.93,105.26,75.77000000000001,25.765
2021-01-17 12:00:00,89.47,141.13,75.77000000000001,25.765
2021-01-17 13:00:00,90.27,152.2,75.77000000000001,25.765
2021-01-17 14:00:00,76.13,127.31,75.77000000000001,25.765
2021-01-17 15:00:00,66.2,104.65,75.77000000000001,25.765
2021-01-17 16:00:00,63.27,98.82,75.77000000000001,25.765
2021-01-17 17:00:00,58.68,103.21,75.77000000000001,25.765
2021-01-17 18:00:00,58.87,104.0,75.77000000000001,25.765
2021-01-17 19:00:00,52.07,95.97,75.77000000000001,25.765
2021-01-17 20:00:00,46.67,69.11,75.77000000000001,25.765
2021-01-17 21:00:00,43.4,58.18,75.77000000000001,25.765
2021-01-17 22:00:00,48.18,65.83,75.77000000000001,25.765
2021-01-17 23:00:00,42.95,50.4,75.77000000000001,25.765
2021-01-18 00:00:00,40.27,49.2,75.77000000000001,25.765
2021-01-18 01:00:00,35.67,41.17,75.77000000000001,25.765
2021-01-18 02:00:00,35.87,39.8,75.77000000000001,25.765
2021-01-18 03:00:00,34.13,36.8,75.77000000000001,25.765
2021-01-18 04:00:00,27.0,40.0,75.77000000000001,25.765
2021-01-18 05:00:00,27.0,38.39,75.77000000000001,25.765
2021-01-18 06:00:00,30.27,37.16,75.77000000000001,25.765
2021-01-18 07:00:00,39.0,43.0,75.77000000000001,25.765
2021-01-18 08:00:00,46.77,56.65,81.91,22.53
2021-01-18 09:00:00,67.07,92.09,75.77000000000001,25.765
2021-01-18 10:00:00,47.47,69.65,75.77000000000001,25.765
2021-01-18 11:00:00,50.91,85.04,75.77000000000001,25.765
2021-01-18 12:00:00,45.95,86.0,75.77000000000001,25.765
2021-01-18 13:00:00,36.33,67.55,75.77000000000001,25.765
2021-01-18 14:00:00,33.27,94.5,75.77000000000001,25.765
2021-01-18 15:00:00,37.32,85.2,75.77000000000001,25.765
2021-01-18 16:00:00,43.2,88.22,75.77000000000001,25.765
2021-01-18 17:00:00,46.59,85.0,75.77000000000001,25.765
2021-01-18 18:00:00,34.04,79.38,75.77000000000001,25.765
2021-01-18 19:00:00,37.18,68.37,75.77000000000001,25.765
2021-01-18 20:00:00,31.09,44.25,75.77000000000001,25.765
2021-01-18 21:00:00,31.73,45.42,75.77000000000001,25.765
2021-01-18 22:00:00,32.87,51.82,75.77000000000001,25.765
2021-01-18 23:00:00,31.27,46.58,75.77000000000001,25.765
2021-01-19 00:00:00,26.68,39.0,75.77000000000001,25.765
2021-01-19 01:00:00,20.8,28.58,75.77000000000001,25.765
2021-01-19 02:00:00,22.6,26.2,75.77000000000001,25.765
2021-01-19 03:00:00,25.59,32.42,75.77000000000001,25.765
2021-01-19 04:00:00,18.2,26.77,75.77000000000001,25.765
2021-01-19 05:00:00,30.0,44.27,75.77000000000001,25.765
2021-01-19 06:00:00,37.18,57.8,75.77000000000001,25.765
2021-01-19 07:00:00,33.67,49.0,75.77000000000001,25.765
2021-01-19 08:00:00,33.87,42.58,75.77000000000001,25.765
2021-01-19 09:00:00,41.77,59.47,75.77000000000001,25.765
2021-01-19 10:00:00,80.15,131.2,75.77000000000001,25.765
2021-01-19 11:00:00,92.07,157.63,75.77000000000001,25.765
2021-01-19 12:00:00,83.47,139.93,75.77000000000001,25.765
2021-01-19 13:00:00,72.5,129.5,75.77000000000001,25.765
2021-01-19 14:00:00,77.91,145.99,75.77000000000001,25.765
2021-01-19 15:00:00,69.47,132.6,75.77000000000001,25.765
2021-01-19 16:00:00,66.27,115.0,75.77000000000001,25.765
2021-01-19 17:00:00,74.67,137.48,75.77000000000001,25.765
2021-01-19 18:00:00,79.47,141.79,75.77000000000001,25.765
2021-01-19 19:00:00,98.2,151.4,75.77000000000001,25.765
2021-01-19 20:00:00,88.0,129.92,75.77000000000001,25.765
2021-01-19 21:00:00,62.67,95.9,75.77000000000001,25.765
2021-01-19 22:00:00,52.95,76.16,75.77000000000001,25.765
2021-01-19 23:00:00,41.63,68.76,75.77000000000001,25.765
2021-01-20 00:00:00,39.13,61.18,75.77000000000001,25.765
2021-01-20 01:00:00,51.13,89.6,75.77000000000001,25.765
2021-01-20 02:00:00,79.78,133.93,75.77000000000001,25.765
2021-01-20 03:00:00,80.53,120.52,75.77000000000001,25.765
2021-01-20 04:00:00,70.5,100.6,75.77000000000001,25.765
2021-01-20 05:00:00,70.73,105.83,75.77000000000001,25.765
2021-01-20 06:00:00,60.6,86.33,75.77000000000001,25.765
2021-01-20 07:00:00,53.82,81.0,75.77000000000001,25.765
2021-01-20 08:00:00,42.6,76.98,75.77000000000001,25.765
2021-01-20 09:00:00,55.73,96.0,75.77000000000001,25.765
2021-01-20 10:00:00,105.67,190.91,75.77000000000001,25.765
2021-01-20 11:00:00,107.8,208.99,75.77000000000001,25.765
2021-01-20 12:00:00,65.4,130.4,75.77000000000001,25.765
2021-01-20 13:00:00,52.95,108.58,75.77000000000001,25.765
2021-01-20 14:00:00,53.73,104.37,75.77000000000001,25.765
2021-01-20 15:00:00,34.99,67.48,75.77000000000001,25.765
2021-01-20 16:00:00,44.96,95.8,75.77000000000001,25.765
2021-01-20 17:00:00,51.32,96.17,75.77000000000001,25.765
2021-01-20 18:00:00,45.95,90.79,75.77000000000001,25.765
2021-01-20 19:00:00,42.4,80.37,75.77000000000001,25.765
2021-01-20 20:00:00,54.09,92.45,75.77000000000001,25.765
2021-01-20 21:00:00,54.27,82.0,75.77000000000001,25.765
2021-01-20 22:00:00,69.6,97.2,75.77000000000001,25.765
2021-01-20 23:00:00,73.73,113.8,75.77000000000001,25.765
2021-01-21 00:00:00,63.64,94.6,75.77000000000001,25.765
2021-01-21 01:00:00,40.33,65.0,75.77000000000001,25.765
2021-01-21 02:00:00,39.6,59.8,75.77000000000001,25.765
2021-01-21 03:00:00,35.68,55.18,75.77000000000001,25.765
2021-01-21 04:00:00,47.09,66.72,75.77000000000001,25.765
2021-01-21 05:00:00,58.5,83.0,75.77000000000001,25.765
2021-01-21 06:00:00,69.53,89.0,75.77000000000001,25.765
2021-01-21 07:00:00,77.93,106.8,75.77000000000001,25.765
2021-01-21 08:00:00,87.67,127.86,75.77000000000001,25.765
2021-01-21 09:00:00,95.05,151.2,75.77000000000001,25.765
2021-01-21 10:00:00,110.69,196.8,75.77000000000001,25.765
2021-01-21 11:00:00,125.96,219.0,75.77000000000001,25.765
2021-01-21 12:00:00,98.53,174.63,75.77000000000001,25.765
2021-01-21 13:00:00,121.64,231.8,75.77000000000001,25.765
2021-01-21 14:00:00,112.18,197.8,75.77000000000001,25.765
2021-01-21 15:00:00,91.86,149.0,75.77000000000001,25.765
2021-01-21 16:00:00,80.36,141.8,75.77000000000001,25.765
2021-01-21 17:00:00,83.32,134.2,75.77000000000001,25.765
2021-01-21 18:00:00,80.55,134.4,75.77000000000001,25.765
2021-01-21 19:00:00,95.55,141.4,75.77000000000001,25.765
2021-01-21 20:00:00,117.0,156.65,75.77000000000001,25.765
2021-01-21 21:00:00,116.53,149.63,75.77000000000001,25.765
2021-01-21 22:00:00,120.33,152.6,75.77000000000001,25.765
2021-01-21 23:00:00,132.27,162.03,75.77000000000001,25.765
2021-01-22 00:00:00,130.55,160.0,75.77000000000001,25.765
2021-01-22 01:00:00,108.4,146.4,75.77000000000001,25.765
2021-01-22 02:00:00,96.33,133.37,75.77000000000001,25.765
2021-01-22 03:00:00,82.0,113.34,75.77000000000001,25.765
2021-01-22 04:00:00,86.05,113.82,75.77000000000001,25.765
2021-01-22 05:00:00,110.33,136.68,75.77000000000001,25.765
2021-01-22 06:00:00,133.0,158.2,75.77000000000001,25.765
2021-01-22 07:00:00,137.73,179.4,75.77000000000001,25.765
2021-01-22 08:00:00,138.0,182.8,75.77000000000001,25.765
2021-01-22 09:00:00,170.93,239.8,75.77000000000001,25.765
2021-01-22 10:00:00,169.05,246.8,75.77000000000001,25.765
2021-01-22 11:00:00,141.22,241.79,75.77000000000001,25.765
2021-01-22 12:00:00,137.87,241.0,75.77000000000001,25.765
2021-01-22 13:00:00,109.4,197.15,75.77000000000001,25.765
2021-01-22 14:00:00,82.47,131.0,75.77000000000001,25.765
2021-01-22 15:00:00,107.51,189.6,75.77000000000001,25.765
2021-01-22 16:00:00,111.14,192.8,75.77000000000001,25.765
2021-01-22 17:00:00,108.41,177.2,75.77000000000001,25.765
2021-01-22 18:00:00,114.93,185.2,75.77000000000001,25.765
2021-01-22 19:00:00,122.05,174.4,75.77000000000001,25.765
2021-01-22 20:00:00,112.63,155.0,75.77000000000001,25.765
2021-01-22 21:00:00,119.67,154.03,75.77000000000001,25.765
2021-01-22 22:00:00,103.72,131.2,75.77000000000001,25.765
2021-01-22 23:00:00,113.17,149.0,75.77000000000001,25.765
2021-01-23 00:00:00,104.67,125.4,75.77000000000001,25.765
2021-01-23 01:00:00,80.54,98.8,75.77000000000001,25.765
2021-01-23 02:00:00,70.93,85.2,75.77000000000001,25.765
2021-01-23 03:00:00,73.47,100.0,75.77000000000001,25.765
2021-01-23 04:00:00,87.87,116.8,75.77000000000001,25.765
2021-01-23 05:00:00,104.69,125.02,75.77000000000001,25.765
2021-01-23 06:00:00,108.73,132.06,75.77000000000001,25.765
2021-01-23 07:00:00,116.8,134.4,75.77000000000001,25.765
2021-01-23 08:00:00,119.73,149.31,75.77000000000001,25.765
2021-01-23 09:00:00,129.5,198.76,75.77000000000001,25.765
2021-01-23 10:00:00,184.73,258.8,75.77000000000001,25.765
2021-01-23 11:00:00,168.73,264.0,75.77000000000001,25.765
2021-01-23 12:00:00,126.0,220.65,75.77000000000001,25.765
2021-01-23 13:00:00,100.13,167.6,75.77000000000001,25.765
2021-01-23 14:00:00,105.64,169.8,75.77000000000001,25.765
2021-01-23 15:00:00,92.31,152.2,75.77000000000001,25.765
2021-01-23 16:00:00,76.18,131.0,75.77000000000001,25.765
2021-01-23 17:00:00,75.73,121.4,75.77000000000001,25.765
2021-01-23 18:00:00,94.14,142.4,75.77000000000001,25.765
2021-01-23 19:00:00,65.9,108.8,75.77000000000001,25.765
2021-01-23 20:00:00,39.4,67.0,75.77000000000001,25.765
2021-01-23 21:00:00,32.36,52.4,75.77000000000001,25.765
2021-01-23 22:00:00,34.45,48.0,75.77000000000001,25.765
2021-01-23 23:00:00,32.09,48.0,75.77000000000001,25.765
2021-01-24 00:00:00,43.05,60.8,75.77000000000001,25.765
2021-01-24 01:00:00,51.0,87.0,75.77000000000001,25.765
2021-01-24 02:00:00,38.04,51.68,75.77000000000001,25.765
2021-01-24 03:00:00,36.0,48.4,75.77000000000001,25.765
2021-01-24 04:00:00,33.41,48.4,75.77000000000001,25.765
2021-01-24 05:00:00,41.0,54.0,75.77000000000001,25.765
2021-01-24 06:00:00,52.15,103.34,75.77000000000001,25.765
2021-01-24 07:00:00,52.15,103.34,75.77000000000001,25.765
2021-01-24 08:00:00,52.15,103.34,75.77000000000001,25.765
2021-01-24 09:00:00,66.0,104.0,75.77000000000001,25.765
2021-01-24 10:00:00,119.73,224.0,75.77000000000001,25.765
2021-01-24 11:00:00,125.41,213.6,75.77000000000001,25.765
2021-01-24 12:00:00,90.44,170.2,75.77000000000001,25.765
2021-01-24 13:00:00,58.22,109.6,75.77000000000001,25.765
2021-01-24 14:00:00,48.82,90.58,75.77000000000001,25.765
2021-01-24 15:00:00,47.13,95.4,75.77000000000001,25.765
2021-01-24 16:00:00,55.64,102.6,75.77000000000001,25.765
2021-01-24 17:00:00,49.23,87.94,75.77000000000001,25.765
2021-01-24 18:00:00,47.13,82.2,75.77000000000001,25.765
2021-01-24 19:00:00,40.93,81.8,75.77000000000001,25.765
2021-01-24 20:00:00,53.0,90.0,75.77000000000001,25.765
2021-01-24 21:00:00,61.91,125.6,75.77000000000001,25.765
2021-01-24 22:00:00,66.45,132.41,75.77000000000001,25.765
2021-01-24 23:00:00,69.6,136.82,75.77000000000001,25.765
2021-01-25 00:00:00,76.04,150.75,75.77000000000001,25.765
2021-01-25 01:00:00,70.95,142.0,75.77000000000001,25.765
2021-01-25 02:00:00,72.59,140.6,75.77000000000001,25.765
2021-01-25 03:00:00,76.45,149.0,75.77000000000001,25.765
2021-01-25 04:00:00,70.09,133.8,75.77000000000001,25.765
2021-01-25 05:00:00,69.86,128.4,75.77000000000001,25.765
2021-01-25 06:00:00,76.05,134.4,75.77000000000001,25.765
2021-01-25 07:00:00,82.2,165.6,75.77000000000001,25.765
2021-01-25 08:00:00,98.55,206.72,75.77000000000001,25.765
2021-01-25 09:00:00,113.96,232.54,75.77000000000001,25.765
2021-01-25 10:00:00,125.5,281.0,75.77000000000001,25.765
2021-01-25 11:00:00,107.13,262.94,75.77000000000001,25.765
2021-01-25 12:00:00,91.04,232.0,75.77000000000001,25.765
2021-01-25 13:00:00,89.0,205.0,75.77000000000001,25.765
2021-01-25 14:00:00,96.8,234.6,75.77000000000001,25.765
2021-01-25 15:00:00,76.4,213.0,75.77000000000001,25.765
2021-01-25 16:00:00,66.07,219.0,75.77000000000001,25.765
2021-01-25 17:00:00,63.27,162.0,75.77000000000001,25.765
2021-01-25 18:00:00,65.59,103.34,75.77000000000001,25.765
2021-01-25 19:00:00,75.53,205.0,75.77000000000001,25.765
2021-01-25 20:00:00,88.23,202.59,75.77000000000001,25.765
2021-01-25 21:00:00,86.55,167.6,75.77000000000001,25.765
2021-01-25 22:00:00,79.09,156.6,75.77000000000001,25.765
2021-01-25 23:00:00,104.0,192.0,75.77000000000001,25.765
2021-01-26 00:00:00,108.86,190.6,75.77000000000001,25.765
2021-01-26 01:00:00,96.91,170.0,75.77000000000001,25.765
2021-01-26 02:00:00,93.27,142.0,75.77000000000001,25.765
2021-01-26 03:00:00,92.13,149.96,75.77000000000001,25.765
2021-01-26 04:00:00,89.41,141.0,75.77000000000001,25.765
2021-01-26 05:00:00,99.37,142.01,75.77000000000001,25.765
2021-01-26 06:00:00,103.6,149.4,75.77000000000001,25.765
2021-01-26 07:00:00,106.59,150.2,75.77000000000001,25.765
2021-01-26 08:00:00,107.0,146.0,75.77000000000001,25.765
2021-01-26 09:00:00,104.41,159.4,75.77000000000001,25.765
2021-01-26 10:00:00,116.09,205.4,75.77000000000001,25.765
2021-01-26 11:00:00,138.73,266.4,75.77000000000001,25.765
2021-01-26 12:00:00,134.22,277.4,75.77000000000001,25.765
2021-01-26 13:00:00,108.81,217.0,75.77000000000001,25.765
2021-01-26 14:00:00,91.18,182.0,75.77000000000001,25.765
2021-01-26 15:00:00,80.36,153.8,75.77000000000001,25.765
2021-01-26 16:00:00,66.04,143.2,75.77000000000001,25.765
2021-01-26 17:00:00,67.45,144.4,75.77000000000001,25.765
2021-01-26 18:00:00,74.05,152.22,75.77000000000001,25.765
2021-01-26 19:00:00,76.73,152.4,75.77000000000001,25.765
2021-01-26 20:00:00,87.37,144.8,75.77000000000001,25.765
2021-01-26 21:00:00,96.78,147.8,75.77000000000001,25.765
2021-01-26 22:00:00,117.87,149.8,75.77000000000001,25.765
2021-01-26 23:00:00,106.31,135.6,75.77000000000001,25.765
2021-01-27 00:00:00,115.23,144.0,75.77000000000001,25.765
2021-01-27 01:00:00,108.36,140.8,75.77000000000001,25.765
2021-01-27 02:00:00,101.82,124.4,75.77000000000001,25.765
2021-01-27 03:00:00,101.0,129.8,75.77000000000001,25.765
2021-01-27 04:00:00,114.81,145.6,75.77000000000001,25.765
2021-01-27 05:00:00,107.5,138.56,75.77000000000001,25.765
2021-01-27 06:00:00,92.18,113.6,75.77000000000001,25.765
2021-01-27 07:00:00,83.93,107.2,75.77000000000001,25.765
2021-01-27 08:00:00,109.78,147.0,75.77000000000001,25.765
2021-01-27 09:00:00,119.2,155.8,75.77000000000001,25.765
2021-01-27 10:00:00,103.59,178.8,75.77000000000001,25.765
2021-01-27 11:00:00,98.41,168.85,75.77000000000001,25.765
2021-01-27 12:00:00,104.91,200.88,75.77000000000001,25.765
2021-01-27 13:00:00,114.64,215.58,75.77000000000001,25.765
2021-01-27 14:00:00,91.81,159.4,75.77000000000001,25.765
2021-01-27 15:00:00,87.14,156.4,75.77000000000001,25.765
2021-01-27 16:00:00,74.91,148.0,75.77000000000001,25.765
2021-01-27 17:00:00,66.09,134.43,75.77000000000001,25.765
2021-01-27 18:00:00,64.14,114.46,75.77000000000001,25.765
2021-01-27 19:00:00,72.64,128.4,75.77000000000001,25.765
2021-01-27 20:00:00,82.64,116.26,75.77000000000001,25.765
2021-01-27 21:00:00,77.09,105.6,75.77000000000001,25.765
2021-01-27 22:00:00,69.95,100.81,75.77000000000001,25.765
2021-01-27 23:00:00,87.86,136.0,75.77000000000001,25.765
2021-01-28 00:00:00,104.43,133.2,75.77000000000001,25.765
2021-01-28 01:00:00,89.19,98.08,75.77000000000001,25.765
2021-01-28 02:00:00,87.45,116.0,75.77000000000001,25.765
2021-01-28 03:00:00,78.5,105.2,75.77000000000001,25.765
2021-01-28 04:00:00,95.94,133.8,75.77000000000001,25.765
2021-01-28 05:00:00,106.75,135.6,75.77000000000001,25.765
2021-01-28 06:00:00,98.5,128.6,75.77000000000001,25.765
2021-01-28 07:00:00,113.41,153.0,75.77000000000001,25.765
2021-01-28 08:00:00,122.05,160.8,75.77000000000001,25.765
2021-01-28 09:00:00,143.73,201.8,75.77000000000001,25.765
2021-01-28 10:00:00,128.92,192.8,75.77000000000001,25.765
2021-01-28 11:00:00,145.07,258.95,75.77000000000001,25.765
2021-01-28 12:00:00,119.49,239.4,75.77000000000001,25.765
2021-01-28 13:00:00,108.95,214.06,75.77000000000001,25.765
2021-01-28 14:00:00,102.82,197.25,75.77000000000001,25.765
2021-01-28 15:00:00,89.04,161.2,75.77000000000001,25.765
2021-01-28 16:00:00,72.27,142.2,75.77000000000001,25.765
2021-01-28 17:00:00,73.45,135.8,75.77000000000001,25.765
2021-01-28 18:00:00,74.0,139.2,75.77000000000001,25.765
2021-01-28 19:00:00,94.67,159.13,75.77000000000001,25.765
2021-01-28 20:00:00,96.27,155.2,75.77000000000001,25.765
2021-01-28 21:00:00,98.59,145.8,75.77000000000001,25.765
2021-01-28 22:00:00,101.59,151.0,75.77000000000001,25.765
2021-01-28 23:00:00,112.36,144.0,75.77000000000001,25.765
2021-01-29 00:00:00,98.45,139.22,75.77000000000001,25.765
2021-01-29 01:00:00,92.55,128.4,75.77000000000001,25.765
2021-01-29 02:00:00,89.4,130.8,75.77000000000001,25.765
2021-01-29 03:00:00,94.18,120.76,75.77000000000001,25.765
2021-01-29 04:00:00,69.95,101.2,75.77000000000001,25.765
2021-01-29 05:00:00,66.0,100.98,75.77000000000001,25.765
2021-01-29 06:00:00,66.0,94.8,75.77000000000001,25.765
2021-01-29 07:00:00,71.17,97.8,75.77000000000001,25.765
2021-01-29 08:00:00,71.14,121.32,75.77000000000001,25.765
2021-01-29 09:00:00,94.33,158.09,75.77000000000001,25.765
2021-01-29 10:00:00,131.69,232.6,75.77000000000001,25.765
2021-01-29 11:00:00,123.22,246.6,75.77000000000001,25.765
2021-01-29 12:00:00,92.49,199.0,75.77000000000001,25.765
2021-01-29 13:00:00,93.18,193.0,75.77000000000001,25.765
2021-01-29 14:00:00,80.18,157.2,75.77000000000001,25.765
2021-01-29 15:00:00,88.37,173.51,75.77000000000001,25.765
2021-01-29 16:00:00,84.83,165.6,75.77000000000001,25.765
2021-01-29 17:00:00,72.81,142.87,75.77000000000001,25.765
2021-01-29 18:00:00,71.86,126.84,75.77000000000001,25.765
2021-01-29 19:00:00,76.32,144.73,75.77000000000001,25.765
2021-01-29 20:00:00,77.0,124.4,75.77000000000001,25.765
2021-01-29 21:00:00,73.56,116.41,75.77000000000001,25.765
2021-01-29 22:00:00,77.31,127.96,75.77000000000001,25.765
2021-01-29 23:00:00,86.61,136.6,75.77000000000001,25.765
2021-01-30 00:00:00,84.55,127.8,75.77000000000001,25.765
2021-01-30 01:00:00,82.27,123.39,75.77000000000001,25.765
2021-01-30 02:00:00,93.23,125.59,75.77000000000001,25.765
2021-01-30 03:00:00,100.18,132.4,75.77000000000001,25.765
2021-01-30 04:00:00,101.0,147.55,75.77000000000001,25.765
2021-01-30 05:00:00,96.69,149.4,75.77000000000001,25.765
2021-01-30 06:00:00,91.68,141.8,75.77000000000001,25.765
2021-01-30 07:00:00,79.77,116.0,75.77000000000001,25.765
2021-01-30 08:00:00,84.04,131.15,75.77000000000001,25.765
2021-01-30 09:00:00,84.14,154.2,75.77000000000001,25.765
2021-01-30 10:00:00,81.41,155.0,75.77000000000001,25.765
2021-01-30 11:00:00,86.17,174.73,75.77000000000001,25.765
2021-01-30 12:00:00,115.49,225.6,75.77000000000001,25.765
2021-01-30 13:00:00,91.49,191.4,75.77000000000001,25.765
2021-01-30 14:00:00,69.73,145.06,75.77000000000001,25.765
2021-01-30 15:00:00,54.08,122.66,75.77000000000001,25.765
2021-01-30 16:00:00,36.5,82.92,75.77000000000001,25.765
2021-01-30 17:00:00,34.0,76.4,75.77000000000001,25.765
2021-01-30 18:00:00,63.37,120.2,75.77000000000001,25.765
2021-01-30 19:00:00,72.32,132.59,75.77000000000001,25.765
2021-01-30 20:00:00,53.99,101.91,75.77000000000001,25.765
2021-01-30 21:00:00,51.0,85.23,75.77000000000001,25.765
2021-01-30 22:00:00,54.45,88.58,75.77000000000001,25.765
2021-01-30 23:00:00,43.77,78.8,75.77000000000001,25.765
2021-01-31 00:00:00,50.61,85.57,75.77000000000001,25.765
2021-01-31 01:00:00,45.09,70.46,75.77000000000001,25.765
2021-01-31 02:00:00,33.63,48.46,75.77000000000001,25.765
2021-01-31 03:00:00,29.41,46.0,75.77000000000001,25.765
2021-01-31 04:00:00,28.13,46.8,75.77000000000001,25.765
2021-01-31 05:00:00,59.1,94.2,75.77000000000001,25.765
2021-01-31 06:00:00,85.67,137.89,75.77000000000001,25.765
2021-01-31 07:00:00,85.55,134.04,75.77000000000001,25.765
2021-01-31 08:00:00,65.14,111.98,75.77000000000001,25.765
2021-01-31 09:00:00,87.05,157.4,75.77000000000001,25.765
2021-01-31 10:00:00,93.58,171.2,75.77000000000001,25.765
2021-01-31 11:00:00,79.31,151.87,75.77000000000001,25.765
2021-01-31 12:00:00,77.0,160.55,75.77000000000001,25.765
2021-01-31 13:00:00,77.0,150.4,75.77000000000001,25.765
2021-01-31 14:00:00,83.03,148.6,75.77000000000001,25.765
2021-01-31 15:00:00,68.4,133.0,75.77000000000001,25.765
2021-01-31 16:00:00,60.82,122.63,75.77000000000001,25.765
2021-01-31 17:00:00,50.47,112.83,75.77000000000001,25.765
2021-01-31 18:00:00,54.17,107.81,75.77000000000001,25.765
2021-01-31 19:00:00,52.41,93.4,75.77000000000001,25.765
2021-01-31 20:00:00,43.36,74.8,75.77000000000001,25.765
2021-01-31 21:00:00,50.64,75.16,75.77000000000001,25.765
2021-01-31 22:00:00,57.18,90.75,75.77000000000001,25.765
2021-01-31 23:00:00,61.45,110.74,75.77000000000001,25.765
2021-02-01 00:00:00,60.28,98.26,75.77000000000001,25.765
2021-02-01 01:00:00,92.83,151.4,75.77000000000001,25.765
2021-02-01 02:00:00,79.86,132.52,75.77000000000001,25.765
2021-02-01 03:00:00,90.78,133.6,75.77000000000001,25.765
2021-02-01 04:00:00,80.91,122.0,75.77000000000001,25.765
2021-02-01 05:00:00,68.67,106.85,75.77000000000001,25.765
2021-02-01 06:00:00,68.72,106.98,75.77000000000001,25.765
2021-02-01 07:00:00,73.31,115.97,75.77000000000001,25.765
2021-02-01 08:00:00,69.68,121.19,75.77000000000001,25.765
2021-02-01 09:00:00,78.47,138.74,75.77000000000001,25.765
2021-02-01 10:00:00,81.73,155.8,75.77000000000001,25.765
2021-02-01 11:00:00,88.89,175.05,75.77000000000001,25.765
2021-02-01 12:00:00,98.61,204.4,75.77000000000001,25.765
2021-02-01 13:00:00,83.64,179.5,75.77000000000001,25.765
2021-02-01 14:00:00,76.68,215.85,75.77000000000001,25.765
2021-02-01 15:00:00,63.04,126.55,75.77000000000001,25.765
2021-02-01 16:00:00,68.78,127.31,75.77000000000001,25.765
2021-02-01 17:00:00,78.61,159.51,75.77000000000001,25.765
2021-02-01 18:00:00,75.68,155.63,75.77000000000001,25.765
2021-02-01 19:00:00,75.0,122.0,75.77000000000001,25.765
2021-02-01 20:00:00,81.91,130.77,75.77000000000001,25.765
2021-02-01 21:00:00,80.41,129.8,75.77000000000001,25.765
2021-02-01 22:00:00,74.82,108.2,75.77000000000001,25.765
2021-02-01 23:00:00,76.59,106.19,75.77000000000001,25.765
2021-02-02 00:00:00,87.33,128.4,75.77000000000001,25.765
2021-02-02 01:00:00,90.73,143.8,75.77000000000001,25.765
2021-02-02 02:00:00,85.83,134.4,75.77000000000001,25.765
2021-02-02 03:00:00,77.22,110.47,75.77000000000001,25.765
2021-02-02 04:00:00,66.5,99.42,75.77000000000001,25.765
2021-02-02 05:00:00,65.0,99.59,75.77000000000001,25.765
2021-02-02 06:00:00,66.72,99.0,75.77000000000001,25.765
2021-02-02 07:00:00,67.86,111.75,75.77000000000001,25.765
2021-02-02 08:00:00,76.64,134.93,75.77000000000001,25.765
2021-02-02 09:00:00,104.87,161.6,75.77000000000001,25.765
2021-02-02 10:00:00,89.13,151.06,75.77000000000001,25.765
2021-02-02 11:00:00,82.56,164.54,75.77000000000001,25.765
2021-02-02 12:00:00,70.81,150.57,75.77000000000001,25.765
2021-02-02 13:00:00,50.01,118.07,75.77000000000001,25.765
2021-02-02 14:00:00,45.27,94.66,75.77000000000001,25.765
2021-02-02 15:00:00,38.93,108.4,75.77000000000001,25.765
2021-02-02 16:00:00,31.97,57.0,75.77000000000001,25.765
2021-02-02 17:00:00,38.75,88.0,75.77000000000001,25.765
2021-02-02 18:00:00,66.69,136.63,75.77000000000001,25.765
2021-02-02 19:00:00,75.32,154.58,75.77000000000001,25.765
2021-02-02 20:00:00,78.58,152.44,75.77000000000001,25.765
2021-02-02 21:00:00,84.17,146.01,75.77000000000001,25.765
2021-02-02 22:00:00,83.28,137.82,75.77000000000001,25.765
2021-02-02 23:00:00,95.96,159.12,75.77000000000001,25.765
2021-02-03 00:00:00,87.67,125.94,75.77000000000001,25.765
2021-02-03 01:00:00,81.69,130.35,75.77000000000001,25.765
2021-02-03 02:00:00,100.81,160.0,75.77000000000001,25.765
2021-02-03 03:00:00,100.55,152.82,75.77000000000001,25.765
2021-02-03 04:00:00,96.56,146.2,75.77000000000001,25.765
2021-02-03 05:00:00,92.55,132.25,75.77000000000001,25.765
2021-02-03 06:00:00,87.68,120.2,75.77000000000001,25.765
2021-02-03 07:00:00,98.19,145.9,75.77000000000001,25.765
2021-02-03 08:00:00,118.08,167.86,75.77000000000001,25.765
2021-02-03 09:00:00,133.92,210.69,75.77000000000001,25.765
2021-02-03 10:00:00,104.03,197.93,75.77000000000001,25.765
2021-02-03 11:00:00,95.56,183.0,75.77000000000001,25.765
2021-02-03 12:00:00,72.54,149.0,75.77000000000001,25.765
2021-02-03 13:00:00,50.05,125.9,75.77000000000001,25.765
2021-02-03 14:00:00,49.59,105.65,75.77000000000001,25.765
2021-02-03 15:00:00,51.73,112.1,75.77000000000001,25.765
2021-02-03 16:00:00,60.61,117.22,75.77000000000001,25.765
2021-02-03 17:00:00,49.91,98.46,75.77000000000001,25.765
2021-02-03 18:00:00,51.45,99.94,75.77000000000001,25.765
2021-02-03 19:00:00,70.08,131.2,75.77000000000001,25.765
2021-02-03 20:00:00,79.03,120.0,75.77000000000001,25.765
2021-02-03 21:00:00,73.97,97.0,75.77000000000001,25.765
2021-02-03 22:00:00,55.72,80.0,75.77000000000001,25.765
2021-02-03 23:00:00,70.22,124.64,75.77000000000001,25.765
2021-02-04 00:00:00,71.28,112.08,75.77000000000001,25.765
2021-02-04 01:00:00,67.55,98.87,75.77000000000001,25.765
2021-02-04 02:00:00,63.55,87.62,75.77000000000001,25.765
2021-02-04 03:00:00,57.83,77.2,75.77000000000001,25.765
2021-02-04 04:00:00,51.82,74.2,75.77000000000001,25.765
2021-02-04 05:00:00,64.78,86.75,75.77000000000001,25.765
2021-02-04 06:00:00,60.11,83.0,75.77000000000001,25.765
2021-02-04 07:00:00,67.64,85.39,75.77000000000001,25.765
2021-02-04 08:00:00,75.03,110.72,75.77000000000001,25.765
2021-02-04 09:00:00,83.75,129.75,75.77000000000001,25.765
2021-02-04 10:00:00,85.86,158.51,75.77000000000001,25.765
2021-02-04 11:00:00,70.3,141.56,75.77000000000001,25.765
2021-02-04 12:00:00,67.14,141.94,75.77000000000001,25.765
2021-02-04 13:00:00,62.7,135.89,75.77000000000001,25.765
2021-02-04 14:00:00,53.36,101.0,75.77000000000001,25.765
2021-02-04 15:00:00,76.97,162.0,75.77000000000001,25.765
2021-02-04 16:00:00,89.61,162.0,75.77000000000001,25.765
2021-02-04 17:00:00,90.14,162.8,75.77000000000001,25.765
2021-02-04 18:00:00,83.95,157.06,75.77000000000001,25.765
2021-02-04 19:00:00,76.09,147.65,75.77000000000001,25.765
2021-02-04 20:00:00,84.47,161.48,75.77000000000001,25.765
2021-02-04 21:00:00,79.11,147.6,75.77000000000001,25.765
2021-02-04 22:00:00,78.86,127.85,75.77000000000001,25.765
2021-02-04 23:00:00,80.72,133.42,75.77000000000001,25.765
2021-02-05 00:00:00,82.72,135.29,75.77000000000001,25.765
2021-02-05 01:00:00,88.17,103.34,75.77000000000001,25.765
2021-02-05 02:00:00,82.17,101.0,75.77000000000001,25.765
2021-02-05 03:00:00,76.56,113.07,75.77000000000001,25.765
2021-02-05 04:00:00,65.67,108.06,75.77000000000001,25.765
2021-02-05 05:00:00,59.68,96.43,75.77000000000001,25.765
2021-02-05 06:00:00,65.91,97.98,75.77000000000001,25.765
2021-02-05 07:00:00,63.55,99.0,75.77000000000001,25.765
2021-02-05 08:00:00,71.61,118.93,75.77000000000001,25.765
2021-02-05 09:00:00,74.7,127.0,75.77000000000001,25.765
2021-02-05 10:00:00,73.28,145.0,75.77000000000001,25.765
2021-02-05 11:00:00,84.22,159.86,75.77000000000001,25.765
2021-02-05 12:00:00,59.3,122.0,75.77000000000001,25.765
2021-02-05 13:00:00,43.8,95.0,75.77000000000001,25.765
2021-02-05 14:00:00,53.2,125.0,75.77000000000001,25.765
2021-02-05 15:00:00,52.42,112.0,75.77000000000001,25.765
2021-02-05 16:00:00,39.95,103.34,75.77000000000001,25.765
2021-02-05 17:00:00,39.72,85.06,75.77000000000001,25.765
2021-02-05 18:00:00,40.86,83.27,75.77000000000001,25.765
2021-02-05 19:00:00,42.74,91.41,75.77000000000001,25.765
2021-02-05 20:00:00,53.33,93.39,75.77000000000001,25.765
2021-02-05 21:00:00,55.86,90.02,75.77000000000001,25.765
2021-02-05 22:00:00,66.33,99.4,75.77000000000001,25.765
2021-02-05 23:00:00,50.78,82.87,75.77000000000001,25.765
2021-02-06 00:00:00,37.24,61.0,75.77000000000001,25.765
2021-02-06 01:00:00,35.72,64.56,75.77000000000001,25.765
2021-02-06 02:00:00,50.62,71.78,75.77000000000001,25.765
2021-02-06 03:00:00,40.08,62.64,75.77000000000001,25.765
2021-02-06 04:00:00,35.41,54.0,75.77000000000001,25.765
2021-02-06 05:00:00,41.89,65.16,75.77000000000001,25.765
2021-02-06 06:00:00,45.58,81.55,75.77000000000001,25.765
2021-02-06 07:00:00,52.91,103.34,75.77000000000001,25.765
2021-02-06 08:00:00,52.15,103.34,75.77000000000001,25.765
2021-02-06 09:00:00,83.22,193.0,75.77000000000001,25.765
2021-02-06 10:00:00,69.46,184.12,75.77000000000001,25.765
2021-02-06 11:00:00,67.0,103.34,75.77000000000001,25.765
2021-02-06 12:00:00,52.15,103.34,75.77000000000001,25.765
2021-02-06 13:00:00,58.0,153.0,75.77000000000001,25.765
2021-02-06 14:00:00,52.83,115.66,75.77000000000001,25.765
2021-02-06 15:00:00,43.39,94.04,75.77000000000001,25.765
2021-02-06 16:00:00,37.7,79.84,75.77000000000001,25.765
2021-02-06 17:00:00,48.2,109.0,75.77000000000001,25.765
2021-02-06 18:00:00,50.87,102.62,75.77000000000001,25.765
2021-02-06 19:00:00,59.6,110.56,75.77000000000001,25.765
2021-02-06 20:00:00,61.0,114.59,75.77000000000001,25.765
2021-02-06 21:00:00,54.97,95.87,75.77000000000001,25.765
2021-02-06 22:00:00,54.86,92.59,75.77000000000001,25.765
2021-02-06 23:00:00,55.86,94.59,75.77000000000001,25.765
2021-02-07 00:00:00,48.27,91.82,75.77000000000001,25.765
2021-02-07 01:00:00,42.7,83.83,75.77000000000001,25.765
2021-02-07 02:00:00,42.86,82.8,75.77000000000001,25.765
2021-02-07 03:00:00,43.87,84.18,75.77000000000001,25.765
2021-02-07 04:00:00,47.44,88.98,75.77000000000001,25.765
2021-02-07 05:00:00,48.86,85.25,75.77000000000001,25.765
2021-02-07 06:00:00,49.86,83.18,75.77000000000001,25.765
2021-02-07 07:00:00,50.0,89.35,75.77000000000001,25.765
2021-02-07 08:00:00,43.13,85.03,75.77000000000001,25.765
2021-02-07 09:00:00,48.89,96.54,75.77000000000001,25.765
2021-02-07 10:00:00,49.14,109.57,75.77000000000001,25.765
2021-02-07 11:00:00,52.45,136.72,75.77000000000001,25.765
2021-02-07 12:00:00,52.14,124.0,75.77000000000001,25.765
2021-02-07 13:00:00,55.48,133.57,75.77000000000001,25.765
2021-02-07 14:00:00,49.11,116.07,75.77000000000001,25.765
2021-02-07 15:00:00,41.11,89.21,75.77000000000001,25.765
2021-02-07 16:00:00,40.0,81.17,75.77000000000001,25.765
2021-02-07 17:00:00,44.3,97.3,75.77000000000001,25.765
2021-02-07 18:00:00,46.72,97.02,75.77000000000001,25.765
2021-02-07 19:00:00,43.55,82.46,75.77000000000001,25.765
2021-02-07 20:00:00,49.03,94.0,75.77000000000001,25.765
2021-02-07 21:00:00,55.18,92.41,75.77000000000001,25.765
2021-02-07 22:00:00,46.5,83.26,75.77000000000001,25.765
2021-02-07 23:00:00,45.87,79.41,75.77000000000001,25.765
2021-02-08 00:00:00,53.75,94.89,75.77000000000001,25.765
2021-02-08 01:00:00,58.45,101.94,75.77000000000001,25.765
2021-02-08 02:00:00,54.7,93.64,75.77000000000001,25.765
2021-02-08 03:00:00,48.82,90.2,75.77000000000001,25.765
2021-02-08 04:00:00,57.47,92.39,75.77000000000001,25.765
2021-02-08 05:00:00,52.95,93.59,75.77000000000001,25.765
2021-02-08 06:00:00,53.72,103.34,75.77000000000001,25.765
2021-02-08 07:00:00,61.77,103.34,75.77000000000001,25.765
2021-02-08 08:00:00,69.88,103.34,75.77000000000001,25.765
2021-02-08 09:00:00,73.58,103.34,75.77000000000001,25.765
2021-02-08 10:00:00,82.61,103.34,75.77000000000001,25.765
2021-02-08 11:00:00,75.39,103.34,75.77000000000001,25.765
2021-02-08 12:00:00,67.11,103.34,75.77000000000001,25.765
2021-02-08 13:00:00,59.97,103.34,75.77000000000001,25.765
2021-02-08 14:00:00,48.7,103.34,75.77000000000001,25.765
2021-02-08 15:00:00,59.05,103.34,75.77000000000001,25.765
2021-02-08 16:00:00,42.92,103.34,75.77000000000001,25.765
2021-02-08 17:00:00,40.0,103.34,75.77000000000001,25.765
2021-02-08 18:00:00,36.55,103.34,75.77000000000001,25.765
2021-02-08 19:00:00,35.14,103.34,75.77000000000001,25.765
2021-02-08 20:00:00,34.14,103.34,75.77000000000001,25.765
2021-02-08 21:00:00,39.17,103.34,75.77000000000001,25.765
2021-02-08 22:00:00,44.3,103.34,75.77000000000001,25.765
2021-02-08 23:00:00,45.0,103.34,75.77000000000001,25.765
2021-02-09 00:00:00,49.29,103.34,75.77000000000001,25.765
2021-02-09 01:00:00,68.2,103.34,75.77000000000001,25.765
2021-02-09 02:00:00,87.36,103.34,75.77000000000001,25.765
2021-02-09 03:00:00,83.11,103.34,75.77000000000001,25.765
2021-02-09 04:00:00,74.28,103.34,75.77000000000001,25.765
2021-02-09 05:00:00,66.97,103.34,75.77000000000001,25.765
2021-02-09 06:00:00,76.37,128.0,75.77000000000001,25.765
2021-02-09 07:00:00,89.19,143.15,75.77000000000001,25.765
2021-02-09 08:00:00,85.83,152.56,75.77000000000001,25.765
2021-02-09 09:00:00,97.06,175.0,75.77000000000001,25.765
2021-02-09 10:00:00,93.83,194.07,75.77000000000001,25.765
2021-02-09 11:00:00,78.36,171.0,75.77000000000001,25.765
2021-02-09 12:00:00,74.28,173.53,75.77000000000001,25.765
2021-02-09 13:00:00,53.28,131.51,75.77000000000001,25.765
2021-02-09 14:00:00,37.96,95.85,75.77000000000001,25.765
2021-02-09 15:00:00,46.33,102.12,75.77000000000001,25.765
2021-02-09 16:00:00,57.36,127.57,75.77000000000001,25.765
2021-02-09 17:00:00,55.55,130.06,75.77000000000001,25.765
2021-02-09 18:00:00,70.5,143.0,75.77000000000001,25.765
2021-02-09 19:00:00,62.67,132.63,75.77000000000001,25.765
2021-02-09 20:00:00,53.27,106.96,75.77000000000001,25.765
2021-02-09 21:00:00,41.67,85.11,75.77000000000001,25.765
2021-02-09 22:00:00,39.14,76.23,75.77000000000001,25.765
2021-02-09 23:00:00,51.05,90.89,75.77000000000001,25.765
2021-02-10 00:00:00,55.58,100.56,75.77000000000001,25.765
2021-02-10 01:00:00,51.7,106.78,75.77000000000001,25.765
2021-02-10 02:00:00,53.58,101.0,75.77000000000001,25.765
2021-02-10 03:00:00,50.55,86.7,75.77000000000001,25.765
2021-02-10 04:00:00,56.89,100.0,75.77000000000001,25.765
2021-02-10 05:00:00,60.58,106.38,75.77000000000001,25.765
2021-02-10 06:00:00,77.34,130.25,75.77000000000001,25.765
2021-02-10 07:00:00,81.72,125.64,75.77000000000001,25.765
2021-02-10 08:00:00,88.89,158.88,75.77000000000001,25.765
2021-02-10 09:00:00,107.2,202.95,75.77000000000001,25.765
2021-02-10 10:00:00,91.92,183.74,75.77000000000001,25.765
2021-02-10 11:00:00,69.19,156.85,75.77000000000001,25.765
2021-02-10 12:00:00,78.06,170.89,75.77000000000001,25.765
2021-02-10 13:00:00,63.6,146.0,75.77000000000001,25.765
2021-02-10 14:00:00,71.52,179.0,75.77000000000001,25.765
2021-02-10 15:00:00,84.19,182.99,75.77000000000001,25.765
2021-02-10 16:00:00,95.47,182.82,75.77000000000001,25.765
2021-02-10 17:00:00,80.64,162.0,75.77000000000001,25.765
2021-02-10 18:00:00,76.28,144.0,75.77000000000001,25.765
2021-02-10 19:00:00,90.69,165.0,75.77000000000001,25.765
2021-02-10 20:00:00,91.28,141.88,75.77000000000001,25.765
2021-02-10 21:00:00,100.47,159.04,75.77000000000001,25.765
2021-02-10 22:00:00,102.86,149.11,75.77000000000001,25.765
2021-02-10 23:00:00,89.22,137.06,75.77000000000001,25.765
2021-02-11 00:00:00,99.88,142.94,75.77000000000001,25.765
2021-02-11 01:00:00,89.08,127.52,75.77000000000001,25.765
2021-02-11 02:00:00,71.5,113.47,75.77000000000001,25.765
2021-02-11 03:00:00,58.67,97.45,75.77000000000001,25.765
2021-02-11 04:00:00,63.89,105.92,75.77000000000001,25.765
2021-02-11 05:00:00,94.28,153.0,75.77000000000001,25.765
2021-02-11 06:00:00,121.39,196.0,75.77000000000001,25.765
2021-02-11 07:00:00,150.83,227.09,75.77000000000001,25.765
2021-02-11 08:00:00,130.89,209.58,75.77000000000001,25.765
2021-02-11 09:00:00,133.89,208.94,75.77000000000001,25.765
2021-02-11 10:00:00,110.03,201.04,75.77000000000001,25.765
2021-02-11 11:00:00,88.78,170.99,75.77000000000001,25.765
2021-02-11 12:00:00,85.14,103.34,75.77000000000001,25.765
2021-02-11 13:00:00,80.69,103.34,75.77000000000001,25.765
2021-02-11 14:00:00,56.75,134.54,75.77000000000001,25.765
2021-02-11 15:00:00,46.11,102.14,75.77000000000001,25.765
2021-02-11 16:00:00,68.25,146.25,75.77000000000001,25.765
2021-02-11 17:00:00,84.06,173.3,75.77000000000001,25.765
2021-02-11 18:00:00,87.72,169.08,75.77000000000001,25.765
2021-02-11 19:00:00,62.17,132.05,75.77000000000001,25.765
2021-02-11 20:00:00,59.72,114.2,75.77000000000001,25.765
2021-02-11 21:00:00,64.31,111.18,75.77000000000001,25.765
2021-02-11 22:00:00,66.72,127.0,75.77000000000001,25.765
2021-02-11 23:00:00,72.15,132.56,75.77000000000001,25.765
2021-02-12 00:00:00,76.44,118.11,75.77000000000001,25.765
2021-02-12 01:00:00,71.83,112.82,75.77000000000001,25.765
2021-02-12 02:00:00,62.39,96.91,75.77000000000001,25.765
2021-02-12 03:00:00,60.14,94.18,75.77000000000001,25.765
2021-02-12 04:00:00,70.33,104.0,75.77000000000001,25.765
2021-02-12 05:00:00,86.64,113.07,75.77000000000001,25.765
2021-02-12 06:00:00,90.72,158.0,75.77000000000001,25.765
2021-02-12 07:00:00,82.4,131.0,75.77000000000001,25.765
2021-02-12 08:00:00,79.28,141.0,75.77000000000001,25.765
2021-02-12 09:00:00,90.1,103.34,75.77000000000001,25.765
2021-02-12 10:00:00,147.8,244.92,75.77000000000001,25.765
2021-02-12 11:00:00,138.5,273.86,75.77000000000001,25.765
2021-02-12 12:00:00,121.36,243.46,75.77000000000001,25.765
2021-02-12 13:00:00,109.53,240.8,75.77000000000001,25.765
2021-02-12 14:00:00,120.02,263.25,75.77000000000001,25.765
2021-02-12 15:00:00,113.42,235.63,75.77000000000001,25.765
2021-02-12 16:00:00,83.58,185.19,75.77000000000001,25.765
2021-02-12 17:00:00,59.2,125.81,75.77000000000001,25.765
2021-02-12 18:00:00,51.7,118.0,75.77000000000001,25.765
2021-02-12 19:00:00,61.33,131.0,75.77000000000001,25.765
2021-02-12 20:00:00,64.72,122.0,75.77000000000001,25.765
2021-02-12 21:00:00,63.28,103.34,75.77000000000001,25.765
2021-02-12 22:00:00,66.44,113.0,75.77000000000001,25.765
2021-02-12 23:00:00,77.33,118.56,75.77000000000001,25.765
2021-02-13 00:00:00,74.69,116.03,75.77000000000001,25.765
2021-02-13 01:00:00,58.5,85.5,75.77000000000001,25.765
2021-02-13 02:00:00,47.39,72.44,75.77000000000001,25.765
2021-02-13 03:00:00,46.86,62.16,75.77000000000001,25.765
2021-02-13 04:00:00,42.7,60.77,75.77000000000001,25.765
2021-02-13 05:00:00,59.22,92.98,75.77000000000001,25.765
2021-02-13 06:00:00,88.69,135.95,75.77000000000001,25.765
2021-02-13 07:00:00,82.67,132.29,75.77000000000001,25.765
2021-02-13 08:00:00,95.59,162.37,75.77000000000001,25.765
2021-02-13 09:00:00,97.14,186.04,75.77000000000001,25.765
2021-02-13 10:00:00,81.55,159.02,75.77000000000001,25.765
2021-02-13 11:00:00,64.38,115.38,75.77000000000001,25.765
2021-02-13 12:00:00,64.58,168.0,75.77000000000001,25.765
2021-02-13 13:00:00,84.81,197.4,75.77000000000001,25.765
2021-02-13 14:00:00,64.75,162.1,75.77000000000001,25.765
2021-02-13 15:00:00,53.25,127.96,75.77000000000001,25.765
2021-02-13 16:00:00,40.82,106.11,75.77000000000001,25.765
2021-02-13 17:00:00,39.0,98.82,75.77000000000001,25.765
2021-02-13 18:00:00,44.17,117.86,75.77000000000001,25.765
2021-02-13 19:00:00,47.58,108.7,75.77000000000001,25.765
2021-02-13 20:00:00,48.0,98.52,75.77000000000001,25.765
2021-02-13 21:00:00,48.86,94.0,75.77000000000001,25.765
2021-02-13 22:00:00,55.89,97.97,75.77000000000001,25.765
2021-02-13 23:00:00,65.61,96.62,75.77000000000001,25.765
2021-02-14 00:00:00,63.57,91.23,75.77000000000001,25.765
2021-02-14 01:00:00,59.55,91.59,75.77000000000001,25.765
2021-02-14 02:00:00,56.42,84.06,75.77000000000001,25.765
2021-02-14 03:00:00,56.0,84.38,75.77000000000001,25.765
2021-02-14 04:00:00,49.97,69.0,75.77000000000001,25.765
2021-02-14 05:00:00,44.71,61.0,75.77000000000001,25.765
2021-02-14 06:00:00,30.22,51.47,75.77000000000001,25.765
2021-02-14 07:00:00,45.28,76.01,75.77000000000001,25.765
2021-02-14 08:00:00,77.18,111.6,75.77000000000001,25.765
2021-02-14 09:00:00,75.11,119.0,75.77000000000001,25.765
2021-02-14 10:00:00,73.14,116.65,75.77000000000001,25.765
2021-02-14 11:00:00,42.0,86.15,75.77000000000001,25.765
2021-02-14 12:00:00,42.15,82.74,75.77000000000001,25.765
2021-02-14 13:00:00,66.22,130.69,75.77000000000001,25.765
2021-02-14 14:00:00,64.83,154.71,75.77000000000001,25.765
2021-02-14 15:00:00,56.25,121.45,75.77000000000001,25.765
2021-02-14 16:00:00,50.71,111.2,75.77000000000001,25.765
2021-02-14 17:00:00,54.29,112.59,75.77000000000001,25.765
2021-02-14 18:00:00,56.72,115.38,75.77000000000001,25.765
2021-02-14 19:00:00,66.47,127.16,75.77000000000001,25.765
2021-02-14 20:00:00,72.31,126.0,75.77000000000001,25.765
2021-02-14 21:00:00,66.11,118.85,75.77000000000001,25.765
2021-02-14 22:00:00,59.83,104.33,75.77000000000001,25.765
2021-02-14 23:00:00,52.97,89.08,75.77000000000001,25.765
2021-02-15 00:00:00,40.84,80.45,75.77000000000001,25.765
2021-02-15 01:00:00,31.25,61.58,75.77000000000001,25.765
2021-02-15 02:00:00,17.98,37.21,75.77000000000001,25.765
2021-02-15 03:00:00,17.72,25.64,75.77000000000001,25.765
2021-02-15 04:00:00,17.14,20.5,75.77000000000001,25.765
2021-02-15 05:00:00,14.42,19.59,75.77000000000001,25.765
2021-02-15 06:00:00,22.58,27.15,75.77000000000001,25.765
2021-02-15 07:00:00,27.43,36.95,75.77000000000001,25.765
2021-02-15 08:00:00,15.95,35.03,75.77000000000001,25.765
2021-02-15 09:00:00,20.89,49.89,75.77000000000001,25.765
2021-02-15 10:00:00,40.02,76.25,75.77000000000001,25.765
2021-02-15 11:00:00,38.71,87.54,75.77000000000001,25.765
2021-02-15 12:00:00,42.3,92.5,75.77000000000001,25.765
2021-02-15 13:00:00,38.7,96.18,75.77000000000001,25.765
2021-02-15 14:00:00,42.3,108.92,75.77000000000001,25.765
2021-02-15 15:00:00,52.47,100.08,75.77000000000001,25.765
2021-02-15 16:00:00,52.28,109.71,75.77000000000001,25.765
2021-02-15 17:00:00,75.17,134.42,75.77000000000001,25.765
2021-02-15 18:00:00,72.13,128.12,75.77000000000001,25.765
2021-02-15 19:00:00,57.18,111.54,75.77000000000001,25.765
2021-02-15 20:00:00,57.58,101.0,75.77000000000001,25.765
2021-02-15 21:00:00,61.43,96.23,75.77000000000001,25.765
2021-02-15 22:00:00,58.57,86.26,75.77000000000001,25.765
2021-02-15 23:00:00,49.39,76.06,75.77000000000001,25.765
2021-02-16 00:00:00,43.71,61.33,75.77000000000001,25.765
2021-02-16 01:00:00,30.12,42.11,75.77000000000001,25.765
2021-02-16 02:00:00,24.57,34.04,75.77000000000001,25.765
2021-02-16 03:00:00,24.86,33.0,75.77000000000001,25.765
2021-02-16 04:00:00,21.57,28.29,75.77000000000001,25.765
2021-02-16 05:00:00,18.42,26.59,75.77000000000001,25.765
2021-02-16 06:00:00,21.45,26.2,75.77000000000001,25.765
2021-02-16 07:00:00,22.0,32.36,75.77000000000001,25.765
2021-02-16 08:00:00,40.08,53.0,75.77000000000001,25.765
2021-02-16 09:00:00,60.22,75.42,75.77000000000001,25.765
2021-02-16 10:00:00,32.9,58.55,75.77000000000001,25.765
2021-02-16 11:00:00,24.55,51.41,75.77000000000001,25.765
2021-02-16 12:00:00,30.89,64.46,75.77000000000001,25.765
2021-02-16 13:00:00,36.3,79.08,75.77000000000001,25.765
2021-02-16 14:00:00,39.58,92.29,75.77000000000001,25.765
2021-02-16 15:00:00,33.11,68.03,75.77000000000001,25.765
2021-02-16 16:00:00,36.3,68.62,75.77000000000001,25.765
2021-02-16 17:00:00,33.57,61.29,75.77000000000001,25.765
2021-02-16 18:00:00,37.3,76.34,75.77000000000001,25.765
2021-02-16 19:00:00,36.28,73.85,75.77000000000001,25.765
2021-02-16 20:00:00,42.87,73.59,75.77000000000001,25.765
2021-02-16 21:00:00,46.58,74.8,75.77000000000001,25.765
2021-02-16 22:00:00,61.59,78.96,75.77000000000001,25.765
2021-02-16 23:00:00,59.71,83.18,75.77000000000001,25.765
2021-02-17 00:00:00,51.27,67.0,75.77000000000001,25.765
2021-02-17 01:00:00,47.42,59.85,75.77000000000001,25.765
2021-02-17 02:00:00,40.13,50.85,75.77000000000001,25.765
2021-02-17 03:00:00,30.39,35.54,75.77000000000001,25.765
2021-02-17 04:00:00,29.0,31.5,75.77000000000001,25.765
2021-02-17 05:00:00,22.12,31.91,75.77000000000001,25.765
2021-02-17 06:00:00,39.88,47.51,75.77000000000001,25.765
2021-02-17 07:00:00,38.71,42.29,75.77000000000001,25.765
2021-02-17 08:00:00,47.44,67.01,75.77000000000001,25.765
2021-02-17 09:00:00,61.02,92.27,75.77000000000001,25.765
2021-02-17 10:00:00,39.75,66.81,75.77000000000001,25.765
2021-02-17 11:00:00,46.3,74.83,75.77000000000001,25.765
2021-02-17 12:00:00,62.64,116.0,75.77000000000001,25.765
2021-02-17 13:00:00,58.99,100.11,75.77000000000001,25.765
2021-02-17 14:00:00,42.52,103.15,75.77000000000001,25.765
2021-02-17 15:00:00,38.28,72.43,75.77000000000001,25.765
2021-02-17 16:00:00,35.42,69.56,75.77000000000001,25.765
2021-02-17 17:00:00,41.03,71.79,75.77000000000001,25.765
2021-02-17 18:00:00,60.88,98.5,75.77000000000001,25.765
2021-02-17 19:00:00,70.01,113.04,75.77000000000001,25.765
2021-02-17 20:00:00,74.44,107.25,75.77000000000001,25.765
2021-02-17 21:00:00,82.72,103.62,75.77000000000001,25.765
2021-02-17 22:00:00,93.44,113.33,75.77000000000001,25.765
2021-02-17 23:00:00,120.83,139.83,75.77000000000001,25.765
2021-02-18 00:00:00,97.53,111.0,75.77000000000001,25.765
2021-02-18 01:00:00,102.44,126.04,75.77000000000001,25.765
2021-02-18 02:00:00,107.44,122.08,75.77000000000001,25.765
2021-02-18 03:00:00,108.86,122.38,75.77000000000001,25.765
2021-02-18 04:00:00,109.0,135.71,75.77000000000001,25.765
2021-02-18 05:00:00,111.58,130.26,75.77000000000001,25.765
2021-02-18 06:00:00,108.57,120.34,75.77000000000001,25.765
2021-02-18 07:00:00,122.64,153.87,75.77000000000001,25.765
2021-02-18 08:00:00,125.0,177.49,75.77000000000001,25.765
2021-02-18 09:00:00,161.05,245.92,75.77000000000001,25.765
2021-02-18 10:00:00,152.41,232.12,75.77000000000001,25.765
2021-02-18 11:00:00,119.0,193.92,75.77000000000001,25.765
2021-02-18 12:00:00,99.41,166.17,75.77000000000001,25.765
2021-02-18 13:00:00,100.44,160.21,75.77000000000001,25.765
2021-02-18 14:00:00,84.69,180.0,75.77000000000001,25.765
2021-02-18 15:00:00,100.94,178.0,75.77000000000001,25.765
2021-02-18 16:00:00,98.85,170.88,75.77000000000001,25.765
2021-02-18 17:00:00,91.97,149.93,75.77000000000001,25.765
2021-02-18 18:00:00,81.56,133.89,75.77000000000001,25.765
2021-02-18 19:00:00,88.58,138.94,75.77000000000001,25.765
2021-02-18 20:00:00,84.85,130.67,75.77000000000001,25.765
2021-02-18 21:00:00,57.44,222.5,75.77000000000001,25.765
2021-02-18 22:00:00,42.7,105.54,75.77000000000001,25.765
2021-02-18 23:00:00,41.86,52.25,75.77000000000001,25.765
2021-02-19 00:00:00,34.3,48.62,75.77000000000001,25.765
2021-02-19 01:00:00,36.45,52.75,75.77000000000001,25.765
2021-02-19 02:00:00,45.6,72.21,75.77000000000001,25.765
2021-02-19 03:00:00,47.0,73.82,75.77000000000001,25.765
2021-02-19 04:00:00,36.7,50.83,75.77000000000001,25.765
2021-02-19 05:00:00,51.36,66.0,75.77000000000001,25.765
2021-02-19 06:00:00,39.31,61.27,75.77000000000001,25.765
2021-02-19 07:00:00,43.03,57.62,75.77000000000001,25.765
2021-02-19 08:00:00,44.0,65.74,75.77000000000001,25.765
2021-02-19 09:00:00,47.45,87.0,75.77000000000001,25.765
2021-02-19 10:00:00,55.73,110.27,75.77000000000001,25.765
2021-02-19 11:00:00,57.86,109.45,75.77000000000001,25.765
2021-02-19 12:00:00,54.57,101.0,75.77000000000001,25.765
2021-02-19 13:00:00,43.67,79.32,75.77000000000001,25.765
2021-02-19 14:00:00,42.0,72.62,75.77000000000001,25.765
2021-02-19 15:00:00,36.85,65.67,75.77000000000001,25.765
2021-02-19 16:00:00,43.73,74.29,75.77000000000001,25.765
2021-02-19 17:00:00,46.72,93.74,75.77000000000001,25.765
2021-02-19 18:00:00,48.72,90.85,75.77000000000001,25.765
2021-02-19 19:00:00,47.28,93.75,75.77000000000001,25.765
2021-02-19 20:00:00,52.15,93.41,75.77000000000001,25.765
2021-02-19 21:00:00,42.7,75.52,75.77000000000001,25.765
2021-02-19 22:00:00,47.01,68.62,75.77000000000001,25.765
2021-02-19 23:00:00,45.42,67.2,75.77000000000001,25.765
2021-02-20 00:00:00,69.03,126.38,75.77000000000001,25.765
2021-02-20 01:00:00,80.75,138.83,75.77000000000001,25.765
2021-02-20 02:00:00,82.86,140.38,75.77000000000001,25.765
2021-02-20 03:00:00,65.83,118.83,75.77000000000001,25.765
2021-02-20 04:00:00,57.83,103.47,75.77000000000001,25.765
2021-02-20 05:00:00,57.0,101.59,75.77000000000001,25.765
2021-02-20 06:00:00,56.14,90.08,75.77000000000001,25.765
2021-02-20 07:00:00,51.7,76.69,75.77000000000001,25.765
2021-02-20 08:00:00,45.85,76.38,75.77000000000001,25.765
2021-02-20 09:00:00,50.17,88.88,75.77000000000001,25.765
2021-02-20 10:00:00,44.11,91.0,75.77000000000001,25.765
2021-02-20 11:00:00,36.13,79.0,75.77000000000001,25.765
2021-02-20 12:00:00,22.12,68.71,75.77000000000001,25.765
2021-02-20 13:00:00,29.47,58.86,75.77000000000001,25.765
2021-02-20 14:00:00,27.57,62.56,75.77000000000001,25.765
2021-02-20 15:00:00,32.17,55.25,75.77000000000001,25.765
2021-02-20 16:00:00,27.85,54.54,75.77000000000001,25.765
2021-02-20 17:00:00,27.86,70.25,75.77000000000001,25.765
2021-02-20 18:00:00,30.57,70.82,75.77000000000001,25.765
2021-02-20 19:00:00,31.86,62.08,75.77000000000001,25.765
2021-02-20 20:00:00,42.33,66.0,75.77000000000001,25.765
2021-02-20 21:00:00,42.28,79.0,75.77000000000001,25.765
2021-02-20 22:00:00,48.01,86.92,75.77000000000001,25.765
2021-02-20 23:00:00,73.03,111.96,75.77000000000001,25.765
2021-02-21 00:00:00,60.75,93.46,75.77000000000001,25.765
2021-02-21 01:00:00,47.7,71.17,75.77000000000001,25.765
2021-02-21 02:00:00,35.7,53.54,75.77000000000001,25.765
2021-02-21 03:00:00,35.72,56.41,75.77000000000001,25.765
2021-02-21 04:00:00,38.58,61.59,75.77000000000001,25.765
2021-02-21 05:00:00,49.33,78.68,75.77000000000001,25.765
2021-02-21 06:00:00,64.73,105.96,75.77000000000001,25.765
2021-02-21 07:00:00,66.14,106.46,75.77000000000001,25.765
2021-02-21 08:00:00,69.43,110.54,75.77000000000001,25.765
2021-02-21 09:00:00,63.13,103.0,75.77000000000001,25.765
2021-02-21 10:00:00,63.72,115.0,75.77000000000001,25.765
2021-02-21 11:00:00,55.42,111.04,75.77000000000001,25.765
2021-02-21 12:00:00,47.13,98.12,75.77000000000001,25.765
2021-02-21 13:00:00,39.99,79.17,75.77000000000001,25.765
2021-02-21 14:00:00,34.71,70.91,75.77000000000001,25.765
2021-02-21 15:00:00,34.86,62.46,75.77000000000001,25.765
2021-02-21 16:00:00,39.29,63.38,75.77000000000001,25.765
2021-02-21 17:00:00,47.73,82.27,75.77000000000001,25.765
2021-02-21 18:00:00,53.29,106.07,75.77000000000001,25.765
2021-02-21 19:00:00,45.39,94.41,75.77000000000001,25.765
2021-02-21 20:00:00,51.73,90.79,75.77000000000001,25.765
2021-02-21 21:00:00,49.57,82.29,75.77000000000001,25.765
2021-02-21 22:00:00,42.97,71.29,75.77000000000001,25.765
2021-02-21 23:00:00,40.28,73.75,75.77000000000001,25.765
2021-02-22 00:00:00,46.84,72.62,75.77000000000001,25.765
2021-02-22 01:00:00,48.86,72.0,75.77000000000001,25.765
2021-02-22 02:00:00,62.73,117.0,75.77000000000001,25.765
2021-02-22 03:00:00,62.42,102.7,75.77000000000001,25.765
2021-02-22 04:00:00,64.58,92.67,75.77000000000001,25.765
2021-02-22 05:00:00,62.42,96.54,75.77000000000001,25.765
2021-02-22 06:00:00,72.3,107.5,75.77000000000001,25.765
2021-02-22 07:00:00,64.56,100.47,75.77000000000001,25.765
2021-02-22 08:00:00,69.01,109.88,75.77000000000001,25.765
2021-02-22 09:00:00,71.72,118.25,75.77000000000001,25.765
2021-02-22 10:00:00,79.75,154.46,75.77000000000001,25.765
2021-02-22 11:00:00,67.27,134.4,75.77000000000001,25.765
2021-02-22 12:00:00,63.28,127.8,75.77000000000001,25.765
2021-02-22 13:00:00,60.42,131.96,75.77000000000001,25.765
2021-02-22 14:00:00,55.71,119.54,75.77000000000001,25.765
2021-02-22 15:00:00,74.81,122.33,75.77000000000001,25.765
2021-02-22 16:00:00,58.2,115.0,75.77000000000001,25.765
2021-02-22 17:00:00,47.25,96.0,75.77000000000001,25.765
2021-02-22 18:00:00,45.14,91.8,75.77000000000001,25.765
2021-02-22 19:00:00,43.28,82.5,75.77000000000001,25.765
2021-02-22 20:00:00,49.87,80.79,75.77000000000001,25.765
2021-02-22 21:00:00,43.27,68.75,75.77000000000001,25.765
2021-02-22 22:00:00,42.86,67.93,75.77000000000001,25.765
2021-02-22 23:00:00,39.57,61.29,75.77000000000001,25.765
2021-02-23 00:00:00,33.87,59.79,75.77000000000001,25.765
2021-02-23 01:00:00,41.58,52.08,75.77000000000001,25.765
2021-02-23 02:00:00,42.14,55.0,75.77000000000001,25.765
2021-02-23 03:00:00,40.28,50.23,75.77000000000001,25.765
2021-02-23 04:00:00,43.45,56.12,75.77000000000001,25.765
2021-02-23 05:00:00,46.58,62.75,75.77000000000001,25.765
2021-02-23 06:00:00,56.44,77.46,75.77000000000001,25.765
2021-02-23 07:00:00,57.14,78.0,75.77000000000001,25.765
2021-02-23 08:00:00,61.29,100.17,75.77000000000001,25.765
2021-02-23 09:00:00,94.62,157.64,75.77000000000001,25.765
2021-02-23 10:00:00,123.17,213.75,75.77000000000001,25.765
2021-02-23 11:00:00,127.0,225.0,75.77000000000001,25.765
2021-02-23 12:00:00,52.15,103.34,75.77000000000001,25.765
2021-02-23 13:00:00,68.0,118.0,75.77000000000001,25.765
2021-02-23 14:00:00,54.27,89.5,75.77000000000001,25.765
2021-02-23 15:00:00,94.92,170.67,75.77000000000001,25.765
2021-02-23 16:00:00,102.86,186.08,75.77000000000001,25.765
2021-02-23 17:00:00,100.42,172.12,75.77000000000001,25.765
2021-02-23 18:00:00,83.69,159.67,75.77000000000001,25.765
2021-02-23 19:00:00,81.0,128.46,75.77000000000001,25.765
2021-02-23 20:00:00,67.27,100.62,75.77000000000001,25.765
2021-02-23 21:00:00,67.58,98.17,75.77000000000001,25.765
2021-02-23 22:00:00,61.97,107.71,75.77000000000001,25.765
2021-02-23 23:00:00,67.01,106.82,75.77000000000001,25.765
2021-02-24 00:00:00,69.72,107.58,75.77000000000001,25.765
2021-02-24 01:00:00,78.58,123.0,75.77000000000001,25.765
2021-02-24 02:00:00,82.58,132.5,75.77000000000001,25.765
2021-02-24 03:00:00,72.7,113.7,75.77000000000001,25.765
2021-02-24 04:00:00,83.88,119.08,75.77000000000001,25.765
2021-02-24 05:00:00,92.87,135.46,75.77000000000001,25.765
2021-02-24 06:00:00,85.42,131.42,75.77000000000001,25.765
2021-02-24 07:00:00,93.44,132.33,75.77000000000001,25.765
2021-02-24 08:00:00,102.72,150.62,75.77000000000001,25.765
2021-02-24 09:00:00,107.43,168.46,75.77000000000001,25.765
2021-02-24 10:00:00,124.36,227.42,75.77000000000001,25.765
2021-02-24 11:00:00,114.94,223.0,75.77000000000001,25.765
2021-02-24 12:00:00,83.91,134.0,75.77000000000001,25.765
2021-02-24 13:00:00,69.59,117.38,75.77000000000001,25.765
2021-02-24 14:00:00,76.58,138.33,75.77000000000001,25.765
2021-02-24 15:00:00,86.61,155.29,75.77000000000001,25.765
2021-02-24 16:00:00,76.02,133.46,75.77000000000001,25.765
2021-02-24 17:00:00,67.13,127.0,75.77000000000001,25.765
2021-02-24 18:00:00,66.86,121.75,75.77000000000001,25.765
2021-02-24 19:00:00,60.99,99.79,75.77000000000001,25.765
2021-02-24 20:00:00,55.71,90.34,75.77000000000001,25.765
2021-02-24 21:00:00,67.88,100.41,75.77000000000001,25.765
2021-02-24 22:00:00,64.85,104.79,75.77000000000001,25.765
2021-02-24 23:00:00,81.17,126.38,75.77000000000001,25.765
2021-02-25 00:00:00,61.68,89.4,75.77000000000001,25.765
2021-02-25 01:00:00,46.84,68.5,75.77000000000001,25.765
2021-02-25 02:00:00,45.0,59.69,75.77000000000001,25.765
2021-02-25 03:00:00,56.16,83.33,75.77000000000001,25.765
2021-02-25 04:00:00,62.29,82.88,75.77000000000001,25.765
2021-02-25 05:00:00,54.42,65.17,75.77000000000001,25.765
2021-02-25 06:00:00,54.72,67.31,75.77000000000001,25.765
2021-02-25 07:00:00,59.29,72.48,75.77000000000001,25.765
2021-02-25 08:00:00,70.3,113.0,75.77000000000001,25.765
2021-02-25 09:00:00,79.74,135.62,75.77000000000001,25.765
2021-02-25 10:00:00,90.44,141.38,75.77000000000001,25.765
2021-02-25 11:00:00,101.41,166.54,75.77000000000001,25.765
2021-02-25 12:00:00,77.25,161.92,75.77000000000001,25.765
2021-02-25 13:00:00,85.88,144.5,75.77000000000001,25.765
2021-02-25 14:00:00,68.3,127.8,75.77000000000001,25.765
2021-02-25 15:00:00,67.58,112.12,75.77000000000001,25.765
2021-02-25 16:00:00,59.42,86.0,75.77000000000001,25.765
2021-02-25 17:00:00,42.52,68.0,75.77000000000001,25.765
2021-02-25 18:00:00,36.57,64.83,75.77000000000001,25.765
2021-02-25 19:00:00,35.14,56.08,75.77000000000001,25.765
2021-02-25 20:00:00,33.28,42.12,75.77000000000001,25.765
2021-02-25 21:00:00,52.15,103.34,75.77000000000001,25.765
2021-02-25 22:00:00,48.0,56.0,75.77000000000001,25.765
2021-02-25 23:00:00,35.43,50.09,75.77000000000001,25.765
2021-02-26 00:00:00,19.0,22.0,75.77000000000001,25.765
2021-02-26 01:00:00,23.3,31.5,75.77000000000001,25.765
2021-02-26 02:00:00,47.13,75.17,75.77000000000001,25.765
2021-02-26 03:00:00,44.13,81.67,75.77000000000001,25.765
2021-02-26 04:00:00,39.57,52.0,75.77000000000001,25.765
2021-02-26 05:00:00,41.17,47.02,75.77000000000001,25.765
2021-02-26 06:00:00,52.15,103.34,75.77000000000001,25.765
2021-02-26 07:00:00,52.15,103.34,75.77000000000001,25.765
2021-02-26 08:00:00,35.99,50.34,75.77000000000001,25.765
2021-02-26 09:00:00,54.74,111.0,75.77000000000001,25.765
2021-02-26 10:00:00,46.84,94.38,75.77000000000001,25.765
2021-02-26 11:00:00,46.72,90.59,75.77000000000001,25.765
2021-02-26 12:00:00,35.84,82.31,75.77000000000001,25.765
2021-02-26 13:00:00,39.15,90.29,75.77000000000001,25.765
2021-02-26 14:00:00,41.72,97.0,75.77000000000001,25.765
2021-02-26 15:00:00,37.7,101.0,75.77000000000001,25.765
2021-02-26 16:00:00,33.57,89.17,75.77000000000001,25.765
2021-02-26 17:00:00,35.57,90.73,75.77000000000001,25.765
2021-02-26 18:00:00,30.85,81.71,75.77000000000001,25.765
2021-02-26 19:00:00,46.31,119.0,75.77000000000001,25.765
2021-02-26 20:00:00,47.28,113.46,75.77000000000001,25.765
2021-02-26 21:00:00,43.57,93.79,75.77000000000001,25.765
2021-02-26 22:00:00,54.16,100.83,75.77000000000001,25.765
2021-02-26 23:00:00,48.27,90.0,75.77000000000001,25.765
2021-02-27 00:00:00,35.88,55.0,75.77000000000001,25.765
2021-02-27 01:00:00,26.27,49.48,75.77000000000001,25.765
2021-02-27 02:00:00,24.14,47.21,75.77000000000001,25.765
2021-02-27 03:00:00,23.14,50.95,75.77000000000001,25.765
2021-02-27 04:00:00,24.72,47.34,75.77000000000001,25.765
2021-02-27 05:00:00,18.13,36.0,75.77000000000001,25.765
2021-02-27 06:00:00,33.36,55.72,75.77000000000001,25.765
2021-02-27 07:00:00,47.16,68.92,75.77000000000001,25.765
2021-02-27 08:00:00,59.3,107.42,75.77000000000001,25.765
2021-02-27 09:00:00,61.86,129.0,75.77000000000001,25.765
2021-02-27 10:00:00,72.3,168.58,75.77000000000001,25.765
2021-02-27 11:00:00,73.11,172.03,75.77000000000001,25.765
2021-02-27 12:00:00,70.42,168.0,75.77000000000001,25.765
2021-02-27 13:00:00,48.54,102.0,75.77000000000001,25.765
2021-02-27 14:00:00,47.58,102.0,75.77000000000001,25.765
2021-02-27 15:00:00,40.27,88.0,75.77000000000001,25.765
2021-02-27 16:00:00,39.0,105.42,75.77000000000001,25.765
2021-02-27 17:00:00,37.28,84.75,75.77000000000001,25.765
2021-02-27 18:00:00,32.71,77.21,75.77000000000001,25.765
2021-02-27 19:00:00,36.28,78.0,75.77000000000001,25.765
2021-02-27 20:00:00,39.58,70.08,75.77000000000001,25.765
2021-02-27 21:00:00,41.71,83.78,75.77000000000001,25.765
2021-02-27 22:00:00,41.14,79.32,75.77000000000001,25.765
2021-02-27 23:00:00,47.0,91.2,75.77000000000001,25.765
2021-02-28 00:00:00,60.88,105.25,75.77000000000001,25.765
2021-02-28 01:00:00,57.86,87.42,75.77000000000001,25.765
2021-02-28 02:00:00,44.12,63.51,75.77000000000001,25.765
2021-02-28 03:00:00,37.71,54.73,75.77000000000001,25.765
2021-02-28 04:00:00,33.57,55.21,75.77000000000001,25.765
2021-02-28 05:00:00,33.86,62.1,75.77000000000001,25.765
2021-02-28 06:00:00,40.87,56.11,75.77000000000001,25.765
2021-02-28 07:00:00,37.71,47.67,75.77000000000001,25.765
2021-02-28 08:00:00,44.73,68.17,75.77000000000001,25.765
2021-02-28 09:00:00,56.3,103.0,75.77000000000001,25.765
2021-02-28 10:00:00,81.17,153.67,75.77000000000001,25.765
2021-02-28 11:00:00,68.69,137.71,75.77000000000001,25.765
2021-02-28 12:00:00,60.85,137.92,75.77000000000001,25.765
2021-02-28 13:00:00,37.68,90.23,75.77000000000001,25.765
2021-02-28 14:00:00,50.36,109.39,75.77000000000001,25.765
2021-02-28 15:00:00,53.0,119.16,75.77000000000001,25.765
2021-02-28 16:00:00,59.87,128.68,75.77000000000001,25.765
2021-02-28 17:00:00,73.88,126.27,75.77000000000001,25.765
2021-02-28 18:00:00,119.63,162.08,75.77000000000001,25.765
2021-02-28 19:00:00,90.95,123.09,75.77000000000001,25.765
2021-02-28 20:00:00,47.23,72.79,75.77000000000001,25.765
2021-02-28 21:00:00,37.57,64.58,75.77000000000001,25.765
2021-02-28 22:00:00,32.71,64.21,75.77000000000001,25.765
2021-02-28 23:00:00,50.88,84.51,75.77000000000001,25.765
2021-03-01 00:00:00,46.3,83.0,75.77000000000001,25.765
2021-03-01 01:00:00,59.59,67.0,75.77000000000001,25.765
2021-03-01 02:00:00,41.4,52.01,75.77000000000001,25.765
2021-03-01 03:00:00,43.15,55.92,75.77000000000001,25.765
2021-03-01 04:00:00,47.42,61.95,75.77000000000001,25.765
2021-03-01 05:00:00,52.28,66.94,75.77000000000001,25.765
2021-03-01 06:00:00,50.43,67.21,75.77000000000001,25.765
2021-03-01 07:00:00,55.13,72.52,75.77000000000001,25.765
2021-03-01 08:00:00,63.73,100.12,75.77000000000001,25.765
2021-03-01 09:00:00,99.33,130.69,75.77000000000001,25.765
2021-03-01 10:00:00,93.88,147.21,75.77000000000001,25.765
2021-03-01 11:00:00,54.23,118.5,75.77000000000001,25.765
2021-03-01 12:00:00,42.01,94.0,75.77000000000001,25.765
2021-03-01 13:00:00,32.42,86.88,75.77000000000001,25.765
2021-03-01 14:00:00,69.7,146.0,75.77000000000001,25.765
2021-03-01 15:00:00,68.3,127.07,75.77000000000001,25.765
2021-03-01 16:00:00,72.13,133.05,75.77000000000001,25.765
2021-03-01 17:00:00,83.27,136.79,75.77000000000001,25.765
2021-03-01 18:00:00,90.15,138.58,75.77000000000001,25.765
2021-03-01 19:00:00,74.69,131.11,75.77000000000001,25.765
2021-03-01 20:00:00,72.86,131.31,75.77000000000001,25.765
2021-03-01 21:00:00,80.7,141.75,75.77000000000001,25.765
2021-03-01 22:00:00,75.99,136.21,75.77000000000001,25.765
2021-03-01 23:00:00,59.6,118.8,75.77000000000001,25.765
2021-03-02 00:00:00,61.28,103.95,75.77000000000001,25.765
2021-03-02 01:00:00,53.43,97.07,75.77000000000001,25.765
2021-03-02 02:00:00,62.27,101.52,75.77000000000001,25.765
2021-03-02 03:00:00,70.01,119.57,75.77000000000001,25.765
2021-03-02 04:00:00,84.73,137.0,75.77000000000001,25.765
2021-03-02 05:00:00,71.6,121.17,75.77000000000001,25.765
2021-03-02 06:00:00,53.6,95.67,75.77000000000001,25.765
2021-03-02 07:00:00,49.29,90.79,75.77000000000001,25.765
2021-03-02 08:00:00,72.95,135.97,75.77000000000001,25.765
2021-03-02 09:00:00,73.58,147.21,75.77000000000001,25.765
2021-03-02 10:00:00,113.21,221.16,75.77000000000001,25.765
2021-03-02 11:00:00,71.08,147.12,75.77000000000001,25.765
2021-03-02 12:00:00,32.1,85.6,75.77000000000001,25.765
2021-03-02 13:00:00,27.86,54.27,75.77000000000001,25.765
2021-03-02 14:00:00,54.56,98.75,75.77000000000001,25.765
2021-03-02 15:00:00,59.0,97.59,75.77000000000001,25.765
2021-03-02 16:00:00,48.7,111.36,75.77000000000001,25.765
2021-03-02 17:00:00,29.83,72.61,75.77000000000001,25.765
2021-03-02 18:00:00,33.85,67.0,75.77000000000001,25.765
2021-03-02 19:00:00,51.31,76.47,75.77000000000001,25.765
2021-03-02 20:00:00,39.45,61.64,75.77000000000001,25.765
2021-03-02 21:00:00,33.58,47.5,75.77000000000001,25.765
2021-03-02 22:00:00,37.29,46.58,75.77000000000001,25.765
2021-03-02 23:00:00,46.58,69.09,75.77000000000001,25.765
2021-03-03 00:00:00,48.0,73.43,75.77000000000001,25.765
2021-03-03 01:00:00,53.13,66.06,75.77000000000001,25.765
2021-03-03 02:00:00,62.58,83.09,75.77000000000001,25.765
2021-03-03 03:00:00,58.01,92.16,75.77000000000001,25.765
2021-03-03 04:00:00,45.02,61.45,75.77000000000001,25.765
2021-03-03 05:00:00,40.42,56.16,75.77000000000001,25.765
2021-03-03 06:00:00,64.89,96.44,75.77000000000001,25.765
2021-03-03 07:00:00,69.0,104.62,75.77000000000001,25.765
2021-03-03 08:00:00,81.02,123.67,75.77000000000001,25.765
2021-03-03 09:00:00,98.45,163.0,75.77000000000001,25.765
2021-03-03 10:00:00,89.84,155.08,75.77000000000001,25.765
2021-03-03 11:00:00,67.47,126.0,75.77000000000001,25.765
2021-03-03 12:00:00,81.97,151.25,75.77000000000001,25.765
2021-03-03 13:00:00,70.41,126.33,75.77000000000001,25.765
2021-03-03 14:00:00,56.84,110.88,75.77000000000001,25.765
2021-03-03 15:00:00,80.75,123.2,75.77000000000001,25.765
2021-03-03 16:00:00,87.58,179.85,75.77000000000001,25.765
2021-03-03 17:00:00,88.0,175.85,75.77000000000001,25.765
2021-03-03 18:00:00,93.13,166.0,75.77000000000001,25.765
2021-03-03 19:00:00,78.6,150.96,75.77000000000001,25.765
2021-03-03 20:00:00,73.43,139.11,75.77000000000001,25.765
2021-03-03 21:00:00,80.72,133.06,75.77000000000001,25.765
2021-03-03 22:00:00,79.42,130.42,75.77000000000001,25.765
2021-03-03 23:00:00,86.72,129.22,75.77000000000001,25.765
2021-03-04 00:00:00,97.41,148.06,75.77000000000001,25.765
2021-03-04 01:00:00,81.83,124.13,75.77000000000001,25.765
2021-03-04 02:00:00,82.42,114.0,75.77000000000001,25.765
2021-03-04 03:00:00,84.72,118.73,75.77000000000001,25.765
2021-03-04 04:00:00,82.43,116.06,75.77000000000001,25.765
2021-03-04 05:00:00,100.88,142.61,75.77000000000001,25.765
2021-03-04 06:00:00,101.42,153.94,75.77000000000001,25.765
2021-03-04 07:00:00,116.45,156.0,75.77000000000001,25.765
2021-03-04 08:00:00,124.99,174.21,75.77000000000001,25.765
2021-03-04 09:00:00,144.88,235.01,75.77000000000001,25.765
2021-03-04 10:00:00,103.37,166.0,75.77000000000001,25.765
2021-03-04 11:00:00,79.69,154.15,75.77000000000001,25.765
2021-03-04 12:00:00,62.41,134.25,75.77000000000001,25.765
2021-03-04 13:00:00,61.71,118.07,75.77000000000001,25.765
2021-03-04 14:00:00,56.87,120.16,75.77000000000001,25.765
2021-03-04 15:00:00,67.12,127.33,75.77000000000001,25.765
2021-03-04 16:00:00,58.7,127.43,75.77000000000001,25.765
2021-03-04 17:00:00,60.45,106.49,75.77000000000001,25.765
2021-03-04 18:00:00,43.89,85.22,75.77000000000001,25.765
2021-03-04 19:00:00,42.69,81.0,75.77000000000001,25.765
2021-03-04 20:00:00,67.89,108.61,75.77000000000001,25.765
2021-03-04 21:00:00,92.53,140.45,75.77000000000001,25.765
2021-03-04 22:00:00,102.87,180.13,75.77000000000001,25.765
2021-03-04 23:00:00,95.42,174.85,75.77000000000001,25.765
2021-03-05 00:00:00,106.02,171.78,75.77000000000001,25.765
2021-03-05 01:00:00,95.98,153.07,75.77000000000001,25.765
2021-03-05 02:00:00,82.84,136.56,75.77000000000001,25.765
2021-03-05 03:00:00,83.58,134.29,75.77000000000001,25.765
2021-03-05 04:00:00,71.17,119.43,75.77000000000001,25.765
2021-03-05 05:00:00,81.88,134.72,75.77000000000001,25.765
2021-03-05 06:00:00,71.17,110.02,75.77000000000001,25.765
2021-03-05 07:00:00,67.29,110.68,75.77000000000001,25.765
2021-03-05 08:00:00,91.89,153.12,75.77000000000001,25.765
2021-03-05 09:00:00,131.19,203.44,75.77000000000001,25.765
2021-03-05 10:00:00,124.15,207.67,75.77000000000001,25.765
2021-03-05 11:00:00,71.46,147.0,75.77000000000001,25.765
2021-03-05 12:00:00,48.44,119.39,75.77000000000001,25.765
2021-03-05 13:00:00,69.1,177.0,75.77000000000001,25.765
2021-03-05 14:00:00,97.81,204.0,75.77000000000001,25.765
2021-03-05 15:00:00,67.78,160.61,75.77000000000001,25.765
2021-03-05 16:00:00,49.98,134.01,75.77000000000001,25.765
2021-03-05 17:00:00,42.85,122.92,75.77000000000001,25.765
2021-03-05 18:00:00,46.29,131.25,75.77000000000001,25.765
2021-03-05 19:00:00,75.33,152.31,75.77000000000001,25.765
2021-03-05 20:00:00,56.9,137.6,75.77000000000001,25.765
2021-03-05 21:00:00,52.14,122.9,75.77000000000001,25.765
2021-03-05 22:00:00,82.8,188.06,75.77000000000001,25.765
2021-03-05 23:00:00,86.29,181.55,75.77000000000001,25.765
2021-03-06 00:00:00,77.47,153.78,75.77000000000001,25.765
2021-03-06 01:00:00,77.71,144.06,75.77000000000001,25.765
2021-03-06 02:00:00,73.72,142.0,75.77000000000001,25.765
2021-03-06 03:00:00,68.71,130.92,75.77000000000001,25.765
2021-03-06 04:00:00,62.87,114.91,75.77000000000001,25.765
2021-03-06 05:00:00,65.42,105.84,75.77000000000001,25.765
2021-03-06 06:00:00,59.13,97.9,75.77000000000001,25.765
2021-03-06 07:00:00,61.43,96.58,75.77000000000001,25.765
2021-03-06 08:00:00,80.82,134.0,75.77000000000001,25.765
2021-03-06 09:00:00,81.43,152.15,75.77000000000001,25.765
2021-03-06 10:00:00,69.84,148.91,75.77000000000001,25.765
2021-03-06 11:00:00,68.86,137.47,75.77000000000001,25.765
2021-03-06 12:00:00,67.29,162.03,75.77000000000001,25.765
2021-03-06 13:00:00,96.18,210.08,75.77000000000001,25.765
2021-03-06 14:00:00,75.33,183.27,75.77000000000001,25.765
2021-03-06 15:00:00,71.0,155.65,75.77000000000001,25.765
2021-03-06 16:00:00,68.42,139.95,75.77000000000001,25.765
2021-03-06 17:00:00,41.39,114.0,75.77000000000001,25.765
2021-03-06 18:00:00,38.72,124.25,75.77000000000001,25.765
2021-03-06 19:00:00,36.43,131.73,75.77000000000001,25.765
2021-03-06 20:00:00,47.98,148.73,75.77000000000001,25.765
2021-03-06 21:00:00,52.57,153.0,75.77000000000001,25.765
2021-03-06 22:00:00,50.43,127.58,75.77000000000001,25.765
2021-03-06 23:00:00,54.29,109.0,75.77000000000001,25.765
2021-03-07 00:00:00,55.86,104.27,75.77000000000001,25.765
2021-03-07 01:00:00,62.84,106.15,75.77000000000001,25.765
2021-03-07 02:00:00,73.41,119.62,75.77000000000001,25.765
2021-03-07 03:00:00,62.98,105.58,75.77000000000001,25.765
2021-03-07 04:00:00,47.31,102.0,75.77000000000001,25.765
2021-03-07 05:00:00,49.29,101.0,75.77000000000001,25.765
2021-03-07 06:00:00,50.0,98.0,75.77000000000001,25.765
2021-03-07 07:00:00,47.43,88.57,75.77000000000001,25.765
2021-03-07 08:00:00,64.11,107.3,75.77000000000001,25.765
2021-03-07 09:00:00,90.17,162.7,75.77000000000001,25.765
2021-03-07 10:00:00,82.84,169.64,75.77000000000001,25.765
2021-03-07 11:00:00,67.29,145.28,75.77000000000001,25.765
2021-03-07 12:00:00,48.69,103.05,75.77000000000001,25.765
2021-03-07 13:00:00,32.31,85.13,75.77000000000001,25.765
2021-03-07 14:00:00,26.58,57.75,75.77000000000001,25.765
2021-03-07 15:00:00,18.3,53.31,75.77000000000001,25.765
2021-03-07 16:00:00,22.13,54.42,75.77000000000001,25.765
2021-03-07 17:00:00,21.29,61.12,75.77000000000001,25.765
2021-03-07 18:00:00,19.29,53.18,75.77000000000001,25.765
2021-03-07 19:00:00,20.71,59.37,75.77000000000001,25.765
2021-03-07 20:00:00,41.53,66.94,75.77000000000001,25.765
2021-03-07 21:00:00,32.12,64.83,75.77000000000001,25.765
2021-03-07 22:00:00,28.28,59.0,75.77000000000001,25.765
2021-03-07 23:00:00,35.73,66.0,75.77000000000001,25.765
2021-03-08 00:00:00,31.03,52.63,75.77000000000001,25.765
2021-03-08 01:00:00,27.43,36.41,75.77000000000001,25.765
2021-03-08 02:00:00,27.0,36.14,75.77000000000001,25.765
2021-03-08 03:00:00,16.73,23.59,75.77000000000001,25.765
2021-03-08 04:00:00,19.28,23.46,75.77000000000001,25.765
2021-03-08 05:00:00,17.43,24.84,75.77000000000001,25.765
2021-03-08 06:00:00,21.28,35.0,75.77000000000001,25.765
2021-03-08 07:00:00,23.71,29.35,75.77000000000001,25.765
2021-03-08 08:00:00,15.45,49.88,75.77000000000001,25.765
2021-03-08 09:00:00,62.92,89.83,75.77000000000001,25.765
2021-03-08 10:00:00,84.69,158.0,75.77000000000001,25.765
2021-03-08 11:00:00,88.69,132.0,75.77000000000001,25.765
2021-03-08 12:00:00,66.68,120.99,75.77000000000001,25.765
2021-03-08 13:00:00,50.12,104.64,75.77000000000001,25.765
2021-03-08 14:00:00,48.0,104.93,75.77000000000001,25.765
2021-03-08 15:00:00,13.67,77.11,75.77000000000001,25.765
2021-03-08 16:00:00,14.85,54.84,75.77000000000001,25.765
2021-03-08 17:00:00,17.71,78.37,75.77000000000001,25.765
2021-03-08 18:00:00,23.15,71.59,75.77000000000001,25.765
2021-03-08 19:00:00,12.02,79.05,75.77000000000001,25.765
2021-03-08 20:00:00,20.27,78.07,75.77000000000001,25.765
2021-03-08 21:00:00,33.98,65.17,75.77000000000001,25.765
2021-03-08 22:00:00,30.85,69.08,75.77000000000001,25.765
2021-03-08 23:00:00,40.27,73.37,75.77000000000001,25.765
2021-03-09 00:00:00,45.41,84.0,75.77000000000001,25.765
2021-03-09 01:00:00,27.12,43.0,75.77000000000001,25.765
2021-03-09 02:00:00,20.57,33.53,75.77000000000001,25.765
2021-03-09 03:00:00,11.45,34.95,75.77000000000001,25.765
2021-03-09 04:00:00,11.71,37.58,75.77000000000001,25.765
2021-03-09 05:00:00,15.42,43.5,75.77000000000001,25.765
2021-03-09 06:00:00,34.88,77.46,75.77000000000001,25.765
2021-03-09 07:00:00,43.13,77.32,75.77000000000001,25.765
2021-03-09 08:00:00,39.71,75.57,75.77000000000001,25.765
2021-03-09 09:00:00,64.67,125.7,75.77000000000001,25.765
2021-03-09 10:00:00,81.83,157.87,75.77000000000001,25.765
2021-03-09 11:00:00,100.28,202.31,75.77000000000001,25.765
2021-03-09 12:00:00,86.69,183.13,75.77000000000001,25.765
2021-03-09 13:00:00,40.37,93.75,75.77000000000001,25.765
2021-03-09 14:00:00,49.26,108.95,75.77000000000001,25.765
2021-03-09 15:00:00,55.42,125.29,75.77000000000001,25.765
2021-03-09 16:00:00,56.0,114.0,75.77000000000001,25.765
2021-03-09 17:00:00,46.59,123.43,75.77000000000001,25.765
2021-03-09 18:00:00,50.13,121.27,75.77000000000001,25.765
2021-03-09 19:00:00,56.13,112.92,75.77000000000001,25.765
2021-03-09 20:00:00,58.71,108.63,75.77000000000001,25.765
2021-03-09 21:00:00,63.28,111.94,75.77000000000001,25.765
2021-03-09 22:00:00,69.99,114.58,75.77000000000001,25.765
2021-03-09 23:00:00,85.55,123.01,75.77000000000001,25.765
2021-03-10 00:00:00,79.44,121.9,75.77000000000001,25.765
2021-03-10 01:00:00,79.71,115.38,75.77000000000001,25.765
2021-03-10 02:00:00,81.71,113.0,75.77000000000001,25.765
2021-03-10 03:00:00,64.03,90.0,75.77000000000001,25.765
2021-03-10 04:00:00,44.74,66.33,75.77000000000001,25.765
2021-03-10 05:00:00,30.01,49.78,75.77000000000001,25.765
2021-03-10 06:00:00,36.55,63.02,75.77000000000001,25.765
2021-03-10 07:00:00,72.22,153.0,75.77000000000001,25.765
2021-03-10 08:00:00,72.01,143.0,75.77000000000001,25.765
2021-03-10 09:00:00,81.27,155.62,75.77000000000001,25.765
2021-03-10 10:00:00,90.7,179.44,75.77000000000001,25.765
2021-03-10 11:00:00,88.58,180.28,75.77000000000001,25.765
2021-03-10 12:00:00,87.14,183.72,75.77000000000001,25.765
2021-03-10 13:00:00,61.33,152.75,75.77000000000001,25.765
2021-03-10 14:00:00,44.17,117.97,75.77000000000001,25.765
2021-03-10 15:00:00,34.3,90.55,75.77000000000001,25.765
2021-03-10 16:00:00,34.71,97.02,75.77000000000001,25.765
2021-03-10 17:00:00,40.13,111.72,75.77000000000001,25.765
2021-03-10 18:00:00,41.86,109.71,75.77000000000001,25.765
2021-03-10 19:00:00,54.83,115.86,75.77000000000001,25.765
2021-03-10 20:00:00,51.87,100.7,75.77000000000001,25.765
2021-03-10 21:00:00,46.72,82.64,75.77000000000001,25.765
2021-03-10 22:00:00,43.43,82.94,75.77000000000001,25.765
2021-03-10 23:00:00,55.83,95.0,75.77000000000001,25.765
2021-03-11 00:00:00,53.72,101.93,75.77000000000001,25.765
2021-03-11 01:00:00,68.4,108.0,75.77000000000001,25.765
2021-03-11 02:00:00,49.61,85.99,75.77000000000001,25.765
2021-03-11 03:00:00,37.45,61.86,75.77000000000001,25.765
2021-03-11 04:00:00,34.29,52.28,75.77000000000001,25.765
2021-03-11 05:00:00,27.99,51.79,75.77000000000001,25.765
2021-03-11 06:00:00,26.14,54.36,75.77000000000001,25.765
2021-03-11 07:00:00,25.14,58.14,75.77000000000001,25.765
2021-03-11 08:00:00,38.69,114.81,75.77000000000001,25.765
2021-03-11 09:00:00,52.09,127.64,75.77000000000001,25.765
2021-03-11 10:00:00,55.7,116.7,75.77000000000001,25.765
2021-03-11 11:00:00,45.73,114.5,75.77000000000001,25.765
2021-03-11 12:00:00,32.02,100.28,75.77000000000001,25.765
2021-03-11 13:00:00,29.14,89.71,75.77000000000001,25.765
2021-03-11 14:00:00,24.72,80.11,75.77000000000001,25.765
2021-03-11 15:00:00,24.86,81.93,75.77000000000001,25.765
2021-03-11 16:00:00,23.29,77.5,75.77000000000001,25.765
2021-03-11 17:00:00,21.29,94.09,75.77000000000001,25.765
2021-03-11 18:00:00,26.99,82.0,75.77000000000001,25.765
2021-03-11 19:00:00,46.82,81.0,75.77000000000001,25.765
2021-03-11 20:00:00,31.18,68.42,75.77000000000001,25.765
2021-03-11 21:00:00,23.72,61.07,75.77000000000001,25.765
2021-03-11 22:00:00,55.51,78.14,75.77000000000001,25.765
2021-03-11 23:00:00,33.62,59.33,75.77000000000001,25.765
2021-03-12 00:00:00,29.0,49.08,75.77000000000001,25.765
2021-03-12 01:00:00,23.87,42.5,75.77000000000001,25.765
2021-03-12 02:00:00,17.87,44.14,75.77000000000001,25.765
2021-03-12 03:00:00,17.86,43.84,75.77000000000001,25.765
2021-03-12 04:00:00,18.0,40.14,75.77000000000001,25.765
2021-03-12 05:00:00,17.14,36.43,75.77000000000001,25.765
2021-03-12 06:00:00,22.13,37.57,75.77000000000001,25.765
2021-03-12 07:00:00,15.3,29.32,75.77000000000001,25.765
2021-03-12 08:00:00,18.28,48.23,75.77000000000001,25.765
2021-03-12 09:00:00,57.5,107.64,75.77000000000001,25.765
2021-03-12 10:00:00,55.45,99.2,75.77000000000001,25.765
2021-03-12 11:00:00,37.8,84.35,75.77000000000001,25.765
2021-03-12 12:00:00,39.28,92.0,75.77000000000001,25.765
2021-03-12 13:00:00,37.44,87.28,75.77000000000001,25.765
2021-03-12 14:00:00,34.43,86.0,75.77000000000001,25.765
2021-03-12 15:00:00,25.47,81.28,75.77000000000001,25.765
2021-03-12 16:00:00,23.14,70.57,75.77000000000001,25.765
2021-03-12 17:00:00,23.0,83.72,75.77000000000001,25.765
2021-03-12 18:00:00,23.86,85.14,75.77000000000001,25.765
2021-03-12 19:00:00,30.82,78.42,75.77000000000001,25.765
2021-03-12 20:00:00,29.43,67.9,75.77000000000001,25.765
2021-03-12 21:00:00,26.44,52.63,75.77000000000001,25.765
2021-03-12 22:00:00,23.44,44.28,75.77000000000001,25.765
2021-03-12 23:00:00,31.55,50.1,75.77000000000001,25.765
2021-03-13 00:00:00,36.42,63.75,75.77000000000001,25.765
2021-03-13 01:00:00,47.27,84.3,75.77000000000001,25.765
2021-03-13 02:00:00,59.27,110.0,75.77000000000001,25.765
2021-03-13 03:00:00,60.14,115.0,75.77000000000001,25.765
2021-03-13 04:00:00,60.86,106.35,75.77000000000001,25.765
2021-03-13 05:00:00,58.43,111.08,75.77000000000001,25.765
2021-03-13 06:00:00,59.71,95.7,75.77000000000001,25.765
2021-03-13 07:00:00,60.0,89.42,75.77000000000001,25.765
2021-03-13 08:00:00,64.28,115.73,75.77000000000001,25.765
2021-03-13 09:00:00,93.23,170.5,75.77000000000001,25.765
2021-03-13 10:00:00,101.42,205.22,75.77000000000001,25.765
2021-03-13 11:00:00,78.05,187.7,75.77000000000001,25.765
2021-03-13 12:00:00,57.75,154.7,75.77000000000001,25.765
2021-03-13 13:00:00,62.7,149.0,75.77000000000001,25.765
2021-03-13 14:00:00,35.86,83.0,75.77000000000001,25.765
2021-03-13 15:00:00,39.55,117.59,75.77000000000001,25.765
2021-03-13 16:00:00,53.02,136.43,75.77000000000001,25.765
2021-03-13 17:00:00,62.7,177.52,75.77000000000001,25.765
2021-03-13 18:00:00,62.29,163.63,75.77000000000001,25.765
2021-03-13 19:00:00,56.87,137.35,75.77000000000001,25.765
2021-03-13 20:00:00,54.29,137.5,75.77000000000001,25.765
2021-03-13 21:00:00,51.43,135.07,75.77000000000001,25.765
2021-03-13 22:00:00,56.12,132.3,75.77000000000001,25.765
2021-03-13 23:00:00,64.7,140.43,75.77000000000001,25.765
2021-03-14 00:00:00,66.0,129.68,75.77000000000001,25.765
2021-03-14 01:00:00,62.59,139.37,75.77000000000001,25.765
2021-03-14 02:00:00,74.83,142.22,75.77000000000001,25.765
2021-03-14 03:00:00,63.36,121.56,75.77000000000001,25.765
2021-03-14 04:00:00,53.3,103.42,75.77000000000001,25.765
2021-03-14 05:00:00,51.14,101.57,75.77000000000001,25.765
2021-03-14 06:00:00,53.57,102.0,75.77000000000001,25.765
2021-03-14 07:00:00,46.3,96.0,75.77000000000001,25.765
2021-03-14 08:00:00,69.81,136.88,75.77000000000001,25.765
2021-03-14 09:00:00,76.57,178.0,75.77000000000001,25.765
2021-03-14 10:00:00,94.11,189.79,75.77000000000001,25.765
2021-03-14 11:00:00,132.08,229.16,75.77000000000001,25.765
2021-03-14 12:00:00,103.78,206.77,75.77000000000001,25.765
2021-03-14 13:00:00,81.75,180.83,75.77000000000001,25.765
2021-03-14 14:00:00,61.95,169.57,75.77000000000001,25.765
2021-03-14 15:00:00,64.13,136.98,75.77000000000001,25.765
2021-03-14 16:00:00,59.01,118.57,75.77000000000001,25.765
2021-03-14 17:00:00,50.3,126.22,75.77000000000001,25.765
2021-03-14 18:00:00,57.55,129.78,75.77000000000001,25.765
2021-03-14 19:00:00,61.56,132.36,75.77000000000001,25.765
2021-03-14 20:00:00,67.97,139.0,75.77000000000001,25.765
2021-03-14 21:00:00,78.41,152.37,75.77000000000001,25.765
2021-03-14 22:00:00,58.61,109.62,75.77000000000001,25.765
2021-03-14 23:00:00,49.01,94.65,75.77000000000001,25.765
2021-03-15 00:00:00,55.67,100.27,75.77000000000001,25.765
2021-03-15 01:00:00,76.68,134.12,75.77000000000001,25.765
2021-03-15 02:00:00,61.18,106.97,75.77000000000001,25.765
2021-03-15 03:00:00,58.0,90.2,75.77000000000001,25.765
2021-03-15 04:00:00,65.7,105.4,75.77000000000001,25.765
2021-03-15 05:00:00,49.89,98.28,75.77000000000001,25.765
2021-03-15 06:00:00,43.58,78.64,75.77000000000001,25.765
2021-03-15 07:00:00,44.72,81.29,75.77000000000001,25.765
2021-03-15 08:00:00,47.57,106.5,75.77000000000001,25.765
2021-03-15 09:00:00,55.7,123.22,75.77000000000001,25.765
2021-03-15 10:00:00,74.97,146.37,75.77000000000001,25.765
2021-03-15 11:00:00,75.44,150.43,75.77000000000001,25.765
2021-03-15 12:00:00,78.41,161.44,75.77000000000001,25.765
2021-03-15 13:00:00,67.91,164.28,75.77000000000001,25.765
2021-03-15 14:00:00,59.16,143.48,75.77000000000001,25.765
2021-03-15 15:00:00,68.23,149.18,75.77000000000001,25.765
2021-03-15 16:00:00,63.16,152.79,75.77000000000001,25.765
2021-03-15 17:00:00,47.45,156.15,75.77000000000001,25.765
2021-03-15 18:00:00,40.72,115.34,75.77000000000001,25.765
2021-03-15 19:00:00,33.17,93.0,75.77000000000001,25.765
2021-03-15 20:00:00,29.43,70.35,75.77000000000001,25.765
2021-03-15 21:00:00,44.35,103.0,75.77000000000001,25.765
2021-03-15 22:00:00,43.59,81.07,75.77000000000001,25.765
2021-03-15 23:00:00,44.71,75.0,75.77000000000001,25.765
2021-03-16 00:00:00,44.15,56.98,75.77000000000001,25.765
2021-03-16 01:00:00,47.42,66.1,75.77000000000001,25.765
2021-03-16 02:00:00,53.99,79.43,75.77000000000001,25.765
2021-03-16 03:00:00,46.45,75.71,75.77000000000001,25.765
2021-03-16 04:00:00,31.31,67.71,75.77000000000001,25.765
2021-03-16 05:00:00,27.29,67.57,75.77000000000001,25.765
2021-03-16 06:00:00,30.41,63.3,75.77000000000001,25.765
2021-03-16 07:00:00,54.1,60.43,75.77000000000001,25.765
2021-03-16 08:00:00,36.68,78.87,75.77000000000001,25.765
2021-03-16 09:00:00,33.86,74.0,75.77000000000001,25.765
2021-03-16 10:00:00,36.56,76.36,75.77000000000001,25.765
2021-03-16 11:00:00,47.27,96.65,75.77000000000001,25.765
2021-03-16 12:00:00,49.0,104.27,75.77000000000001,25.765
2021-03-16 13:00:00,42.16,109.16,75.77000000000001,25.765
2021-03-16 14:00:00,47.84,117.86,75.77000000000001,25.765
2021-03-16 15:00:00,49.86,132.53,75.77000000000001,25.765
2021-03-16 16:00:00,64.56,133.65,75.77000000000001,25.765
2021-03-16 17:00:00,50.74,151.0,75.77000000000001,25.765
2021-03-16 18:00:00,37.73,125.06,75.77000000000001,25.765
2021-03-16 19:00:00,40.27,111.0,75.77000000000001,25.765
2021-03-16 20:00:00,30.77,96.06,75.77000000000001,25.765
2021-03-16 21:00:00,37.55,100.62,75.77000000000001,25.765
2021-03-16 22:00:00,51.83,105.37,75.77000000000001,25.765
2021-03-16 23:00:00,46.3,102.56,75.77000000000001,25.765
2021-03-17 00:00:00,50.12,112.53,75.77000000000001,25.765
2021-03-17 01:00:00,49.29,104.25,75.77000000000001,25.765
2021-03-17 02:00:00,28.53,79.78,75.77000000000001,25.765
2021-03-17 03:00:00,27.56,66.17,75.77000000000001,25.765
2021-03-17 04:00:00,31.42,76.58,75.77000000000001,25.765
2021-03-17 05:00:00,32.85,87.0,75.77000000000001,25.765
2021-03-17 06:00:00,33.0,72.12,75.77000000000001,25.765
2021-03-17 07:00:00,38.99,105.73,75.77000000000001,25.765
2021-03-17 08:00:00,54.5,216.27,75.77000000000001,25.765
2021-03-17 09:00:00,49.3,175.85,75.77000000000001,25.765
2021-03-17 10:00:00,59.09,151.28,75.77000000000001,25.765
2021-03-17 11:00:00,86.67,195.57,75.77000000000001,25.765
2021-03-17 12:00:00,63.71,170.47,75.77000000000001,25.765
2021-03-17 13:00:00,85.52,130.13,75.77000000000001,25.765
2021-03-17 14:00:00,46.51,118.08,75.77000000000001,25.765
2021-03-17 15:00:00,44.12,143.0,75.77000000000001,25.765
2021-03-17 16:00:00,52.7,136.0,75.77000000000001,25.765
2021-03-17 17:00:00,52.3,152.45,75.77000000000001,25.765
2021-03-17 18:00:00,53.71,144.42,75.77000000000001,25.765
2021-03-17 19:00:00,59.97,144.15,75.77000000000001,25.765
2021-03-17 20:00:00,69.58,166.22,75.77000000000001,25.765
2021-03-17 21:00:00,78.7,155.55,75.77000000000001,25.765
2021-03-17 22:00:00,80.0,147.07,75.77000000000001,25.765
2021-03-17 23:00:00,86.82,150.0,75.77000000000001,25.765
2021-03-18 00:00:00,96.53,158.1,75.77000000000001,25.765
2021-03-18 01:00:00,73.25,129.77,75.77000000000001,25.765
2021-03-18 02:00:00,75.84,133.53,75.77000000000001,25.765
2021-03-18 03:00:00,30.8,75.9,75.77000000000001,25.765
2021-03-18 04:00:00,28.12,57.43,75.77000000000001,25.765
2021-03-18 05:00:00,26.44,71.15,75.77000000000001,25.765
2021-03-18 06:00:00,28.56,62.42,75.77000000000001,25.765
2021-03-18 07:00:00,33.28,71.0,75.77000000000001,25.765
2021-03-18 08:00:00,56.17,127.0,75.77000000000001,25.765
2021-03-18 09:00:00,89.85,181.83,75.77000000000001,25.765
2021-03-18 10:00:00,95.0,209.53,75.77000000000001,25.765
2021-03-18 11:00:00,84.77,215.36,75.77000000000001,25.765
2021-03-18 12:00:00,72.77,198.7,75.77000000000001,25.765
2021-03-18 13:00:00,61.59,179.06,75.77000000000001,25.765
2021-03-18 14:00:00,46.36,151.2,75.77000000000001,25.765
2021-03-18 15:00:00,49.99,133.0,75.77000000000001,25.765
2021-03-18 16:00:00,56.97,154.93,75.77000000000001,25.765
2021-03-18 17:00:00,60.56,153.95,75.77000000000001,25.765
2021-03-18 18:00:00,48.21,123.8,75.77000000000001,25.765
2021-03-18 19:00:00,42.58,114.43,75.77000000000001,25.765
2021-03-18 20:00:00,42.0,106.0,75.77000000000001,25.765
2021-03-18 21:00:00,45.43,109.0,75.77000000000001,25.765
2021-03-18 22:00:00,50.28,116.0,75.77000000000001,25.765
2021-03-18 23:00:00,46.73,102.68,75.77000000000001,25.765
2021-03-19 00:00:00,29.8,75.42,75.77000000000001,25.765
2021-03-19 01:00:00,31.27,69.0,75.77000000000001,25.765
2021-03-19 02:00:00,30.3,59.6,75.77000000000001,25.765
2021-03-19 03:00:00,28.3,97.73,75.77000000000001,25.765
2021-03-19 04:00:00,39.94,146.6,75.77000000000001,25.765
2021-03-19 05:00:00,34.3,149.0,75.77000000000001,25.765
2021-03-19 06:00:00,32.15,128.63,75.77000000000001,25.765
2021-03-19 07:00:00,34.56,112.82,75.77000000000001,25.765
2021-03-19 08:00:00,34.14,119.43,75.77000000000001,25.765
2021-03-19 09:00:00,66.51,175.45,75.77000000000001,25.765
2021-03-19 10:00:00,80.56,193.0,75.77000000000001,25.765
2021-03-19 11:00:00,58.12,174.2,75.77000000000001,25.765
2021-03-19 12:00:00,54.0,169.0,75.77000000000001,25.765
2021-03-19 13:00:00,52.15,103.34,75.77000000000001,25.765
2021-03-19 14:00:00,43.0,182.0,75.77000000000001,25.765
2021-03-19 15:00:00,45.57,160.0,75.77000000000001,25.765
2021-03-19 16:00:00,49.41,164.0,75.77000000000001,25.765
2021-03-19 17:00:00,44.01,160.85,75.77000000000001,25.765
2021-03-19 18:00:00,45.56,160.78,75.77000000000001,25.765
2021-03-19 19:00:00,45.14,160.22,75.77000000000001,25.765
2021-03-19 20:00:00,51.82,171.0,75.77000000000001,25.765
2021-03-19 21:00:00,52.15,181.97,75.77000000000001,25.765
2021-03-19 22:00:00,53.71,171.68,75.77000000000001,25.765
2021-03-19 23:00:00,47.18,156.67,75.77000000000001,25.765
2021-03-20 00:00:00,45.14,141.26,75.77000000000001,25.765
2021-03-20 01:00:00,44.15,129.73,75.77000000000001,25.765
2021-03-20 02:00:00,46.56,132.7,75.77000000000001,25.765
2021-03-20 03:00:00,41.87,139.48,75.77000000000001,25.765
2021-03-20 04:00:00,34.18,132.38,75.77000000000001,25.765
2021-03-20 05:00:00,28.73,125.3,75.77000000000001,25.765
2021-03-20 06:00:00,30.56,143.0,75.77000000000001,25.765
2021-03-20 07:00:00,29.29,103.34,75.77000000000001,25.765
2021-03-20 08:00:00,34.97,103.34,75.77000000000001,25.765
2021-03-20 09:00:00,54.76,103.34,75.77000000000001,25.765
2021-03-20 10:00:00,65.7,225.0,75.77000000000001,25.765
2021-03-20 11:00:00,59.33,215.0,75.77000000000001,25.765
2021-03-20 12:00:00,48.59,215.0,75.77000000000001,25.765
2021-03-20 13:00:00,55.53,218.97,75.77000000000001,25.765
2021-03-20 14:00:00,58.7,253.74,75.77000000000001,25.765
2021-03-20 15:00:00,54.72,268.6,75.77000000000001,25.765
2021-03-20 16:00:00,54.85,249.55,75.77000000000001,25.765
2021-03-20 17:00:00,49.01,213.67,75.77000000000001,25.765
2021-03-20 18:00:00,48.86,197.14,75.77000000000001,25.765
2021-03-20 19:00:00,47.3,190.3,75.77000000000001,25.765
2021-03-20 20:00:00,42.72,186.64,75.77000000000001,25.765
2021-03-20 21:00:00,47.12,201.0,75.77000000000001,25.765
2021-03-20 22:00:00,48.85,179.07,75.77000000000001,25.765
2021-03-20 23:00:00,58.41,166.73,75.77000000000001,25.765
2021-03-21 00:00:00,49.77,149.33,75.77000000000001,25.765
2021-03-21 01:00:00,39.47,119.93,75.77000000000001,25.765
2021-03-21 02:00:00,34.58,106.73,75.77000000000001,25.765
2021-03-21 03:00:00,31.44,99.52,75.77000000000001,25.765
2021-03-21 04:00:00,35.28,97.73,75.77000000000001,25.765
2021-03-21 05:00:00,38.57,103.44,75.77000000000001,25.765
2021-03-21 06:00:00,48.39,114.47,75.77000000000001,25.765
2021-03-21 07:00:00,50.0,119.97,75.77000000000001,25.765
2021-03-21 08:00:00,57.67,136.32,75.77000000000001,25.765
2021-03-21 09:00:00,75.2,199.53,75.77000000000001,25.765
2021-03-21 10:00:00,72.01,206.0,75.77000000000001,25.765
2021-03-21 11:00:00,66.72,212.27,49.11,34.09
2021-03-21 12:00:00,64.3,212.43,45.04,34.68
2021-03-21 13:00:00,58.88,203.99,42.57,35.41
2021-03-21 14:00:00,58.85,199.57,40.2,35.64
2021-03-21 15:00:00,59.0,181.2,37.39,35.95
2021-03-21 16:00:00,61.56,172.08,41.75,35.35
2021-03-21 17:00:00,63.7,176.48,53.62,31.91
2021-03-21 18:00:00,60.59,176.43,66.05,29.9
2021-03-21 19:00:00,51.45,164.0,75.47,28.18
2021-03-21 20:00:00,53.41,168.7,81.21,26.8
2021-03-21 21:00:00,62.53,166.87,85.97,25.79
2021-03-21 22:00:00,52.91,147.98,89.52,25.25
2021-03-21 23:00:00,46.72,127.33,91.86,24.9
2021-03-22 00:00:00,52.82,121.44,92.32,24.41
2021-03-22 01:00:00,49.73,128.05,90.91,24.89
2021-03-22 02:00:00,58.41,139.63,90.56,25.03
2021-03-22 03:00:00,54.88,135.22,93.69,24.34
2021-03-22 04:00:00,48.03,114.25,91.33,23.16
2021-03-22 05:00:00,43.59,98.51,75.77000000000001,25.765
2021-03-22 06:00:00,54.12,99.7,75.77000000000001,25.765
2021-03-22 07:00:00,49.16,93.17,75.77000000000001,25.765
2021-03-22 08:00:00,55.68,97.25,75.77000000000001,25.765
2021-03-22 09:00:00,65.53,162.0,75.77000000000001,25.765
2021-03-22 10:00:00,65.29,151.0,75.77000000000001,25.765
2021-03-22 11:00:00,75.23,175.28,50.3,34.55
2021-03-22 12:00:00,79.57,174.17,75.77000000000001,25.765
2021-03-22 13:00:00,80.85,151.63,75.77000000000001,25.765
2021-03-22 14:00:00,63.03,135.03,75.77000000000001,25.765
2021-03-22 15:00:00,53.16,127.3,75.77000000000001,25.765
2021-03-22 16:00:00,58.82,131.66,75.77000000000001,25.765
2021-03-22 17:00:00,63.41,122.68,75.77000000000001,25.765
2021-03-22 18:00:00,46.95,112.73,75.77000000000001,25.765
2021-03-22 19:00:00,44.0,138.42,75.77000000000001,25.765
2021-03-22 20:00:00,44.85,107.62,75.77000000000001,25.765
2021-03-22 21:00:00,48.42,115.8,75.77000000000001,25.765
2021-03-22 22:00:00,51.56,110.82,75.77000000000001,25.765
2021-03-22 23:00:00,51.15,95.0,75.77000000000001,25.765
2021-03-23 00:00:00,48.44,95.78,75.77000000000001,25.765
2021-03-23 01:00:00,45.44,103.05,75.77000000000001,25.765
2021-03-23 02:00:00,46.7,92.47,75.77000000000001,25.765
2021-03-23 03:00:00,49.57,88.22,75.77000000000001,25.765
2021-03-23 04:00:00,50.0,79.38,75.77000000000001,25.765
2021-03-23 05:00:00,46.59,78.7,75.77000000000001,25.765
2021-03-23 06:00:00,51.97,96.51,75.77000000000001,25.765
2021-03-23 07:00:00,75.17,129.2,75.77000000000001,25.765
2021-03-23 08:00:00,91.83,149.53,75.77000000000001,25.765
2021-03-23 09:00:00,82.1,149.87,75.77000000000001,25.765
2021-03-23 10:00:00,74.03,146.65,75.77000000000001,25.765
2021-03-23 11:00:00,62.73,112.0,75.77000000000001,25.765
2021-03-23 12:00:00,55.88,110.43,75.77000000000001,25.765
2021-03-23 13:00:00,58.41,109.22,75.77000000000001,25.765
2021-03-23 14:00:00,59.0,105.07,75.77000000000001,25.765
2021-03-23 15:00:00,55.59,112.62,75.77000000000001,25.765
2021-03-23 16:00:00,47.33,98.55,75.77000000000001,25.765
2021-03-23 17:00:00,41.73,100.8,75.77000000000001,25.765
2021-03-23 18:00:00,50.38,117.75,75.77000000000001,25.765
2021-03-23 19:00:00,50.3,115.52,75.77000000000001,25.765
2021-03-23 20:00:00,43.18,83.45,75.77000000000001,25.765
2021-03-23 21:00:00,49.7,97.64,75.77000000000001,25.765
2021-03-23 22:00:00,59.5,106.35,75.77000000000001,25.765
2021-03-23 23:00:00,53.3,84.0,75.77000000000001,25.765
2021-03-24 00:00:00,49.44,79.0,75.77000000000001,25.765
2021-03-24 01:00:00,53.27,73.0,75.77000000000001,25.765
2021-03-24 02:00:00,57.4,86.32,75.77000000000001,25.765
2021-03-24 03:00:00,66.53,106.45,75.77000000000001,25.765
2021-03-24 04:00:00,79.12,132.93,75.77000000000001,25.765
2021-03-24 05:00:00,85.27,129.6,75.77000000000001,25.765
2021-03-24 06:00:00,71.55,117.94,75.77000000000001,25.765
2021-03-24 07:00:00,75.82,129.8,75.77000000000001,25.765
2021-03-24 08:00:00,79.56,132.65,75.77000000000001,25.765
2021-03-24 09:00:00,90.24,171.03,75.77000000000001,25.765
2021-03-24 10:00:00,88.59,182.0,75.77000000000001,25.765
2021-03-24 11:00:00,87.15,172.0,75.77000000000001,25.765
2021-03-24 12:00:00,84.44,173.57,75.77000000000001,25.765
2021-03-24 13:00:00,77.18,145.02,75.77000000000001,25.765
2021-03-24 14:00:00,72.58,139.25,75.77000000000001,25.765
2021-03-24 15:00:00,78.84,153.34,75.77000000000001,25.765
2021-03-24 16:00:00,70.62,160.47,75.77000000000001,25.765
2021-03-24 17:00:00,69.0,135.38,75.77000000000001,25.765
2021-03-24 18:00:00,63.87,126.73,75.77000000000001,25.765
2021-03-24 19:00:00,71.53,139.1,75.77000000000001,25.765
2021-03-24 20:00:00,72.15,121.0,75.77000000000001,25.765
2021-03-24 21:00:00,63.47,108.0,75.77000000000001,25.765
2021-03-24 22:00:00,72.23,133.07,75.77000000000001,25.765
2021-03-24 23:00:00,86.83,175.12,75.77000000000001,25.765
2021-03-25 00:00:00,95.82,185.0,75.77000000000001,25.765
2021-03-25 01:00:00,87.62,154.56,75.77000000000001,25.765
2021-03-25 02:00:00,68.09,126.17,75.77000000000001,25.765
2021-03-25 03:00:00,58.18,94.55,75.77000000000001,25.765
2021-03-25 04:00:00,39.95,76.68,75.77000000000001,25.765
2021-03-25 05:00:00,38.7,79.27,75.77000000000001,25.765
2021-03-25 06:00:00,44.97,95.1,75.77000000000001,25.765
2021-03-25 07:00:00,59.69,125.0,75.77000000000001,25.765
2021-03-25 08:00:00,60.3,121.87,75.77000000000001,25.765
2021-03-25 09:00:00,48.06,129.62,75.77000000000001,25.765
2021-03-25 10:00:00,51.97,157.07,75.77000000000001,25.765
2021-03-25 11:00:00,67.51,189.85,75.77000000000001,25.765
2021-03-25 12:00:00,57.21,132.0,75.77000000000001,25.765
2021-03-25 13:00:00,54.15,131.44,75.77000000000001,25.765
2021-03-25 14:00:00,39.5,113.6,75.77000000000001,25.765
2021-03-25 15:00:00,24.21,98.0,75.77000000000001,25.765
2021-03-25 16:00:00,16.87,73.0,75.77000000000001,25.765
2021-03-25 17:00:00,11.73,62.03,75.77000000000001,25.765
2021-03-25 18:00:00,6.72,28.0,75.77000000000001,25.765
2021-03-25 19:00:00,6.0,31.37,75.77000000000001,25.765
2021-03-25 20:00:00,11.12,23.03,75.77000000000001,25.765
2021-03-25 21:00:00,48.67,99.9,75.77000000000001,25.765
2021-03-25 22:00:00,54.15,114.19,75.77000000000001,25.765
2021-03-25 23:00:00,47.18,112.0,75.77000000000001,25.765
2021-03-26 00:00:00,49.4,103.41,75.77000000000001,25.765
2021-03-26 01:00:00,62.75,119.0,75.77000000000001,25.765
2021-03-26 02:00:00,62.44,119.78,75.77000000000001,25.765
2021-03-26 03:00:00,70.53,148.2,75.77000000000001,25.765
2021-03-26 04:00:00,64.35,131.72,75.77000000000001,25.765
2021-03-26 05:00:00,53.62,103.14,75.77000000000001,25.765
2021-03-26 06:00:00,57.97,102.61,75.77000000000001,25.765
2021-03-26 07:00:00,66.67,220.18,75.77000000000001,25.765
2021-03-26 08:00:00,54.36,163.02,75.77000000000001,25.765
2021-03-26 09:00:00,86.11,204.35,75.77000000000001,25.765
2021-03-26 10:00:00,86.03,196.37,75.77000000000001,25.765
2021-03-26 11:00:00,60.27,164.72,75.77000000000001,25.765
2021-03-26 12:00:00,46.65,129.9,75.77000000000001,25.765
2021-03-26 13:00:00,65.47,129.81,75.77000000000001,25.765
2021-03-26 14:00:00,41.71,111.7,75.77000000000001,25.765
2021-03-26 15:00:00,55.76,138.9,75.77000000000001,25.765
2021-03-26 16:00:00,63.27,144.88,75.77000000000001,25.765
2021-03-26 17:00:00,48.65,121.0,75.77000000000001,25.765
2021-03-26 18:00:00,40.88,131.97,75.77000000000001,25.765
2021-03-26 19:00:00,61.32,182.0,75.77000000000001,25.765
2021-03-26 20:00:00,42.83,110.19,75.77000000000001,25.765
2021-03-26 21:00:00,42.41,106.39,75.77000000000001,25.765
2021-03-26 22:00:00,44.7,100.85,75.77000000000001,25.765
2021-03-26 23:00:00,54.41,100.84,75.77000000000001,25.765
2021-03-27 00:00:00,61.12,117.05,75.77000000000001,25.765
2021-03-27 01:00:00,55.18,96.02,75.77000000000001,25.765
2021-03-27 02:00:00,63.38,100.71,75.77000000000001,25.765
2021-03-27 03:00:00,55.59,95.38,75.77000000000001,25.765
2021-03-27 04:00:00,62.53,98.0,75.77000000000001,25.765
2021-03-27 05:00:00,79.35,143.0,75.77000000000001,25.765
2021-03-27 06:00:00,70.06,126.55,75.77000000000001,25.765
2021-03-27 07:00:00,76.53,150.98,75.77000000000001,25.765
2021-03-27 08:00:00,84.82,158.44,75.77000000000001,25.765
2021-03-27 09:00:00,73.21,154.03,75.77000000000001,25.765
2021-03-27 10:00:00,73.86,103.34,75.77000000000001,25.765
2021-03-27 11:00:00,52.15,103.34,75.77000000000001,25.765
2021-03-27 12:00:00,80.0,202.0,75.77000000000001,25.765
2021-03-27 13:00:00,69.77,171.56,75.77000000000001,25.765
2021-03-27 14:00:00,55.21,130.22,75.77000000000001,25.765
2021-03-27 15:00:00,54.7,172.0,75.77000000000001,25.765
2021-03-27 16:00:00,68.64,199.42,75.77000000000001,25.765
2021-03-27 17:00:00,65.03,190.61,75.77000000000001,25.765
2021-03-27 18:00:00,53.77,149.97,75.77000000000001,25.765
2021-03-27 19:00:00,46.03,128.25,75.77000000000001,25.765
2021-03-27 20:00:00,41.59,119.95,75.77000000000001,25.765
2021-03-27 21:00:00,42.7,123.81,75.77000000000001,25.765
2021-03-27 22:00:00,66.03,148.63,75.77000000000001,25.765
2021-03-27 23:00:00,118.61,201.22,75.77000000000001,25.765
2021-03-28 00:00:00,119.35,197.61,75.77000000000001,25.765
2021-03-28 01:00:00,144.44,210.17,75.77000000000001,25.765
2021-03-28 02:00:00,118.2,182.22,75.77000000000001,25.765
2021-03-28 03:00:00,88.27,133.0,75.77000000000001,25.765
2021-03-28 04:00:00,87.41,155.72,75.77000000000001,25.765
2021-03-28 05:00:00,94.82,158.1,75.77000000000001,25.765
2021-03-28 06:00:00,96.0,153.88,75.77000000000001,25.765
2021-03-28 07:00:00,86.62,161.59,75.77000000000001,25.765
2021-03-28 08:00:00,85.0,180.39,75.77000000000001,25.765
2021-03-28 09:00:00,119.97,260.98,75.77000000000001,25.765
2021-03-28 10:00:00,124.3,287.0,75.77000000000001,25.765
2021-03-28 11:00:00,98.33,236.08,75.77000000000001,25.765
2021-03-28 12:00:00,76.09,197.06,75.77000000000001,25.765
2021-03-28 13:00:00,65.33,175.74,75.77000000000001,25.765
2021-03-28 14:00:00,54.62,136.53,75.77000000000001,25.765
2021-03-28 15:00:00,49.59,121.32,75.77000000000001,25.765
2021-03-28 16:00:00,50.71,124.7,75.77000000000001,25.765
2021-03-28 17:00:00,42.47,123.0,75.77000000000001,25.765
2021-03-28 18:00:00,41.0,123.78,75.77000000000001,25.765
2021-03-28 19:00:00,38.43,124.56,75.77000000000001,25.765
2021-03-28 20:00:00,41.4,125.0,75.77000000000001,25.765
2021-03-28 21:00:00,45.41,115.6,75.77000000000001,25.765
2021-03-28 22:00:00,55.38,120.83,75.77000000000001,25.765
2021-03-28 23:00:00,72.35,131.62,75.77000000000001,25.765
2021-03-29 00:00:00,86.09,150.38,75.77000000000001,25.765
2021-03-29 01:00:00,110.17,171.39,75.77000000000001,25.765
2021-03-29 02:00:00,117.4,185.0,75.77000000000001,25.765
2021-03-29 03:00:00,119.7,177.97,75.77000000000001,25.765
2021-03-29 04:00:00,119.15,173.66,75.77000000000001,25.765
2021-03-29 05:00:00,95.9,146.46,75.77000000000001,25.765
2021-03-29 06:00:00,82.65,118.7,75.77000000000001,25.765
2021-03-29 07:00:00,66.55,102.07,75.77000000000001,25.765
2021-03-29 08:00:00,65.7,110.71,75.77000000000001,25.765
2021-03-29 09:00:00,110.34,163.3,75.77000000000001,25.765
2021-03-29 10:00:00,112.05,204.9,75.77000000000001,25.765
2021-03-29 11:00:00,106.73,205.22,75.77000000000001,25.765
2021-03-29 12:00:00,96.62,188.61,75.77000000000001,25.765
2021-03-29 13:00:00,99.27,186.35,75.77000000000001,25.765
2021-03-29 14:00:00,66.85,156.56,75.77000000000001,25.765
2021-03-29 15:00:00,51.62,130.0,75.77000000000001,25.765
2021-03-29 16:00:00,43.16,122.17,75.77000000000001,25.765
2021-03-29 17:00:00,27.55,109.07,75.77000000000001,25.765
2021-03-29 18:00:00,25.0,88.06,75.77000000000001,25.765
2021-03-29 19:00:00,23.3,86.9,75.77000000000001,25.765
2021-03-29 20:00:00,25.56,82.52,75.77000000000001,25.765
2021-03-29 21:00:00,24.3,75.39,75.77000000000001,25.765
2021-03-29 22:00:00,21.45,60.85,75.77000000000001,25.765
2021-03-29 23:00:00,27.82,63.48,75.77000000000001,25.765
2021-03-30 00:00:00,27.3,65.0,75.77000000000001,25.765
2021-03-30 01:00:00,26.15,57.2,75.77000000000001,25.765
2021-03-30 02:00:00,24.3,51.1,75.77000000000001,25.765
2021-03-30 03:00:00,24.0,50.0,75.77000000000001,25.765
2021-03-30 04:00:00,23.15,53.13,75.77000000000001,25.765
2021-03-30 05:00:00,20.44,48.95,75.77000000000001,25.765
2021-03-30 06:00:00,20.0,41.88,75.77000000000001,25.765
2021-03-30 07:00:00,24.27,41.78,75.77000000000001,25.765
2021-03-30 08:00:00,25.0,62.0,75.77000000000001,25.765
2021-03-30 09:00:00,32.67,93.0,75.77000000000001,25.765
2021-03-30 10:00:00,33.15,93.0,75.77000000000001,25.765
2021-03-30 11:00:00,24.47,90.66,75.77000000000001,25.765
2021-03-30 12:00:00,27.25,94.68,75.77000000000001,25.765
2021-03-30 13:00:00,22.88,88.63,75.77000000000001,25.765
2021-03-30 14:00:00,20.3,76.2,75.77000000000001,25.765
2021-03-30 15:00:00,16.59,62.38,75.77000000000001,25.765
2021-03-30 16:00:00,15.15,56.1,75.77000000000001,25.765
2021-03-30 17:00:00,10.75,51.88,75.77000000000001,25.765
2021-03-30 18:00:00,15.95,51.78,75.77000000000001,25.765
2021-03-30 19:00:00,15.29,71.0,75.77000000000001,25.765
2021-03-30 20:00:00,20.95,72.56,75.77000000000001,25.765
2021-03-30 21:00:00,22.85,69.1,75.77000000000001,25.765
2021-03-30 22:00:00,26.41,71.9,75.77000000000001,25.765
2021-03-30 23:00:00,21.05,59.73,75.77000000000001,25.765
2021-03-31 00:00:00,17.45,51.32,75.77000000000001,25.765
2021-03-31 01:00:00,23.82,46.88,75.77000000000001,25.765
2021-03-31 02:00:00,14.8,38.98,75.77000000000001,25.765
2021-03-31 03:00:00,13.0,38.0,75.77000000000001,25.765
2021-03-31 04:00:00,15.55,35.75,75.77000000000001,25.765
2021-03-31 05:00:00,14.29,34.0,75.77000000000001,25.765
2021-03-31 06:00:00,14.0,33.44,75.77000000000001,25.765
2021-03-31 07:00:00,13.15,35.34,75.77000000000001,25.765
2021-03-31 08:00:00,17.25,46.93,75.77000000000001,25.765
2021-03-31 09:00:00,23.97,75.0,75.77000000000001,25.765
2021-03-31 10:00:00,24.15,78.12,75.77000000000001,25.765
2021-03-31 11:00:00,26.56,98.0,75.77000000000001,25.765
2021-03-31 12:00:00,24.43,100.0,75.77000000000001,25.765
2021-03-31 13:00:00,52.15,97.75,75.77000000000001,25.765
2021-03-31 14:00:00,52.15,92.1,75.77000000000001,25.765
2021-03-31 15:00:00,19.0,91.78,75.77000000000001,25.765
2021-03-31 16:00:00,20.7,95.9,75.77000000000001,25.765
2021-03-31 17:00:00,25.25,98.0,75.77000000000001,25.765
2021-03-31 18:00:00,24.3,96.44,75.77000000000001,25.765
2021-03-31 19:00:00,25.7,97.69,75.77000000000001,25.765
2021-03-31 20:00:00,30.27,104.46,75.77000000000001,25.765
2021-03-31 21:00:00,28.44,99.75,75.77000000000001,25.765
2021-03-31 22:00:00,31.4,90.06,75.77000000000001,25.765
2021-03-31 23:00:00,27.75,81.66,75.77000000000001,25.765
2021-04-01 00:00:00,23.6,81.0,75.77000000000001,25.765
2021-04-01 01:00:00,25.55,79.0,75.77000000000001,25.765
2021-04-01 02:00:00,26.0,77.0,75.77000000000001,25.765
2021-04-01 03:00:00,49.02,107.44,75.77000000000001,25.765
2021-04-01 04:00:00,37.0,112.0,75.77000000000001,25.765
2021-04-01 05:00:00,38.7,121.37,75.77000000000001,25.765
2021-04-01 06:00:00,35.59,115.41,75.77000000000001,25.765
2021-04-01 07:00:00,31.59,111.44,75.77000000000001,25.765
2021-04-01 08:00:00,42.09,131.2,75.77000000000001,25.765
2021-04-01 09:00:00,41.45,148.13,75.77000000000001,25.765
2021-04-01 10:00:00,50.38,168.44,75.77000000000001,25.765
2021-04-01 11:00:00,50.3,201.95,75.77000000000001,25.765
2021-04-01 12:00:00,55.97,214.28,75.77000000000001,25.765
2021-04-01 13:00:00,48.47,214.0,75.77000000000001,25.765
2021-04-01 14:00:00,45.8,103.34,75.77000000000001,25.765
2021-04-01 15:00:00,41.0,200.0,75.77000000000001,25.765
2021-04-01 16:00:00,44.4,201.0,75.77000000000001,25.765
2021-04-01 17:00:00,42.44,207.0,75.77000000000001,25.765
2021-04-01 18:00:00,47.1,200.83,75.77000000000001,25.765
2021-04-01 19:00:00,48.85,208.49,75.77000000000001,25.765
2021-04-01 20:00:00,51.55,205.75,75.77000000000001,25.765
2021-04-01 21:00:00,50.3,200.88,75.77000000000001,25.765
2021-04-01 22:00:00,45.73,188.0,75.77000000000001,25.765
2021-04-01 23:00:00,49.25,197.0,75.77000000000001,25.765
2021-04-02 00:00:00,45.75,195.44,75.77000000000001,25.765
2021-04-02 01:00:00,43.3,179.44,75.77000000000001,25.765
2021-04-02 02:00:00,43.86,168.75,75.77000000000001,25.765
2021-04-02 03:00:00,43.15,163.1,75.77000000000001,25.765
2021-04-02 04:00:00,40.44,147.22,75.77000000000001,25.765
2021-04-02 05:00:00,40.0,141.33,75.77000000000001,25.765
2021-04-02 06:00:00,34.03,136.11,75.77000000000001,25.765
2021-04-02 07:00:00,43.23,155.56,75.77000000000001,25.765
2021-04-02 08:00:00,56.05,232.25,75.77000000000001,25.765
2021-04-02 09:00:00,55.45,229.37,75.77000000000001,25.765
2021-04-02 10:00:00,52.44,212.08,75.77000000000001,25.765
2021-04-02 11:00:00,57.95,212.11,75.77000000000001,25.765
2021-04-02 12:00:00,57.3,223.89,75.77000000000001,25.765
2021-04-02 13:00:00,47.62,212.18,75.77000000000001,25.765
2021-04-02 14:00:00,43.44,197.11,75.77000000000001,25.765
2021-04-02 15:00:00,37.9,202.56,75.77000000000001,25.765
2021-04-02 16:00:00,39.56,202.67,75.77000000000001,25.765
2021-04-02 17:00:00,38.3,202.78,75.77000000000001,25.765
2021-04-02 18:00:00,38.85,199.1,75.77000000000001,25.765
2021-04-02 19:00:00,37.3,190.7,75.77000000000001,25.765
2021-04-02 20:00:00,36.15,181.63,75.77000000000001,25.765
2021-04-02 21:00:00,36.85,168.82,75.77000000000001,25.765
2021-04-02 22:00:00,37.85,155.07,75.77000000000001,25.765
2021-04-02 23:00:00,34.6,139.51,75.77000000000001,25.765
2021-04-03 00:00:00,34.0,132.0,75.77000000000001,25.765
2021-04-03 01:00:00,30.59,126.53,75.77000000000001,25.765
2021-04-03 02:00:00,31.7,129.68,75.77000000000001,25.765
2021-04-03 03:00:00,33.7,129.44,75.77000000000001,25.765
2021-04-03 04:00:00,31.45,121.19,75.77000000000001,25.765
2021-04-03 05:00:00,37.84,118.0,75.77000000000001,25.765
2021-04-03 06:00:00,38.15,115.65,75.77000000000001,25.765
2021-04-03 07:00:00,33.73,112.66,75.77000000000001,25.765
2021-04-03 08:00:00,33.86,116.7,75.77000000000001,25.765
2021-04-03 09:00:00,43.38,181.0,75.77000000000001,25.765
2021-04-03 10:00:00,66.25,217.56,75.77000000000001,25.765
2021-04-03 11:00:00,74.25,249.07,75.77000000000001,25.765
2021-04-03 12:00:00,46.01,185.0,75.77000000000001,25.765
2021-04-03 13:00:00,35.9,174.9,75.77000000000001,25.765
2021-04-03 14:00:00,35.0,160.26,75.77000000000001,25.765
2021-04-03 15:00:00,28.2,148.75,75.77000000000001,25.765
2021-04-03 16:00:00,27.0,139.0,75.77000000000001,25.765
2021-04-03 17:00:00,28.7,126.51,75.77000000000001,25.765
2021-04-03 18:00:00,25.59,112.07,75.77000000000001,25.765
2021-04-03 19:00:00,22.44,106.0,75.77000000000001,25.765
2021-04-03 20:00:00,24.55,104.44,75.77000000000001,25.765
2021-04-03 21:00:00,21.6,97.75,75.77000000000001,25.765
2021-04-03 22:00:00,22.7,91.32,75.77000000000001,25.765
2021-04-03 23:00:00,18.73,88.44,75.77000000000001,25.765
2021-04-04 00:00:00,23.95,91.34,75.77000000000001,25.765
2021-04-04 01:00:00,26.7,92.88,75.77000000000001,25.765
2021-04-04 02:00:00,23.59,88.1,75.77000000000001,25.765
2021-04-04 03:00:00,26.4,89.0,75.77000000000001,25.765
2021-04-04 04:00:00,19.32,78.08,75.77000000000001,25.765
2021-04-04 05:00:00,34.2,96.0,75.77000000000001,25.765
2021-04-04 06:00:00,34.45,116.78,75.77000000000001,25.765
2021-04-04 07:00:00,29.73,157.69,75.77000000000001,25.765
2021-04-04 08:00:00,31.55,160.22,75.77000000000001,25.765
2021-04-04 09:00:00,36.25,146.22,75.77000000000001,25.765
2021-04-04 10:00:00,36.15,137.0,75.77000000000001,25.765
2021-04-04 11:00:00,32.59,142.46,75.77000000000001,25.765
2021-04-04 12:00:00,37.1,160.39,75.77000000000001,25.765
2021-04-04 13:00:00,32.88,144.72,75.77000000000001,25.765
2021-04-04 14:00:00,26.9,127.29,75.77000000000001,25.765
2021-04-04 15:00:00,26.85,127.4,75.77000000000001,25.765
2021-04-04 16:00:00,24.45,123.75,75.77000000000001,25.765
2021-04-04 17:00:00,23.15,126.68,75.77000000000001,25.765
2021-04-04 18:00:00,27.27,123.32,75.77000000000001,25.765
2021-04-04 19:00:00,24.59,117.32,75.77000000000001,25.765
2021-04-04 20:00:00,23.15,108.19,75.77000000000001,25.765
2021-04-04 21:00:00,26.41,101.32,75.77000000000001,25.765
2021-04-04 22:00:00,26.15,90.63,75.77000000000001,25.765
2021-04-04 23:00:00,26.85,86.88,75.77000000000001,25.765
2021-04-05 00:00:00,22.75,80.0,75.77000000000001,25.765
2021-04-05 01:00:00,22.85,78.44,75.77000000000001,25.765
2021-04-05 02:00:00,18.73,71.0,75.77000000000001,25.765
2021-04-05 03:00:00,16.3,65.0,75.77000000000001,25.765
2021-04-05 04:00:00,16.0,60.0,75.77000000000001,25.765
2021-04-05 05:00:00,18.58,58.87,75.77000000000001,25.765
2021-04-05 06:00:00,22.4,54.11,75.77000000000001,25.765
2021-04-05 07:00:00,23.0,52.22,75.77000000000001,25.765
2021-04-05 08:00:00,19.59,67.6,75.77000000000001,25.765
2021-04-05 09:00:00,22.4,79.03,75.77000000000001,25.765
2021-04-05 10:00:00,22.15,90.0,75.77000000000001,25.765
2021-04-05 11:00:00,29.65,109.44,75.77000000000001,25.765
2021-04-05 12:00:00,31.0,120.49,75.77000000000001,25.765
2021-04-05 13:00:00,24.2,108.74,75.77000000000001,25.765
2021-04-05 14:00:00,23.0,104.22,75.77000000000001,25.765
2021-04-05 15:00:00,22.15,109.46,75.77000000000001,25.765
2021-04-05 16:00:00,18.6,119.0,75.77000000000001,25.765
2021-04-05 17:00:00,19.7,118.22,75.77000000000001,25.765
2021-04-05 18:00:00,18.3,101.67,75.77000000000001,25.765
2021-04-05 19:00:00,18.0,95.34,75.77000000000001,25.765
2021-04-05 20:00:00,19.7,89.32,75.77000000000001,25.765
2021-04-05 21:00:00,22.55,96.59,75.77000000000001,25.765
2021-04-05 22:00:00,25.55,89.64,75.77000000000001,25.765
2021-04-05 23:00:00,32.8,87.78,75.77000000000001,25.765
2021-04-06 00:00:00,28.05,78.67,75.77000000000001,25.765
2021-04-06 01:00:00,25.3,73.0,75.77000000000001,25.765
2021-04-06 02:00:00,24.15,73.0,75.77000000000001,25.765
2021-04-06 03:00:00,24.85,80.03,75.77000000000001,25.765
2021-04-06 04:00:00,21.59,71.85,75.77000000000001,25.765
2021-04-06 05:00:00,22.7,60.0,75.77000000000001,25.765
2021-04-06 06:00:00,27.25,60.78,75.77000000000001,25.765
2021-04-06 07:00:00,31.4,78.95,75.77000000000001,25.765
2021-04-06 08:00:00,29.44,79.0,75.77000000000001,25.765
2021-04-06 09:00:00,34.12,95.33,75.77000000000001,25.765
2021-04-06 10:00:00,38.4,121.0,75.77000000000001,25.765
2021-04-06 11:00:00,56.05,162.78,75.77000000000001,25.765
2021-04-06 12:00:00,57.3,165.0,75.77000000000001,25.765
2021-04-06 13:00:00,49.35,349.21,75.77000000000001,25.765
2021-04-06 14:00:00,37.8,191.81,75.77000000000001,25.765
2021-04-06 15:00:00,39.4,140.78,75.77000000000001,25.765
2021-04-06 16:00:00,50.23,145.32,75.77000000000001,25.765
2021-04-06 17:00:00,31.6,89.0,75.77000000000001,25.765
2021-04-06 18:00:00,25.45,98.0,75.77000000000001,25.765
2021-04-06 19:00:00,24.15,107.37,75.77000000000001,25.765
2021-04-06 20:00:00,30.82,106.89,75.77000000000001,25.765
2021-04-06 21:00:00,26.9,84.92,75.77000000000001,25.765
2021-04-06 22:00:00,20.9,68.85,75.77000000000001,25.765
2021-04-06 23:00:00,26.8,71.0,75.77000000000001,25.765
2021-04-07 00:00:00,32.25,76.56,75.77000000000001,25.765
2021-04-07 01:00:00,23.62,72.33,75.77000000000001,25.765
2021-04-07 02:00:00,26.25,67.88,75.77000000000001,25.765
2021-04-07 03:00:00,19.35,68.56,75.77000000000001,25.765
2021-04-07 04:00:00,21.4,63.0,75.77000000000001,25.765
2021-04-07 05:00:00,20.3,67.67,75.77000000000001,25.765
2021-04-07 06:00:00,16.61,64.0,75.77000000000001,25.765
2021-04-07 07:00:00,18.55,59.33,75.77000000000001,25.765
2021-04-07 08:00:00,30.9,87.66,75.77000000000001,25.765
2021-04-07 09:00:00,44.9,110.05,75.77000000000001,25.765
2021-04-07 10:00:00,34.21,100.0,75.77000000000001,25.765
2021-04-07 11:00:00,35.4,121.0,75.77000000000001,25.765
2021-04-07 12:00:00,46.2,166.0,75.77000000000001,25.765
2021-04-07 13:00:00,38.65,143.0,75.77000000000001,25.765
2021-04-07 14:00:00,32.75,138.33,75.77000000000001,25.765
2021-04-07 15:00:00,34.55,130.78,75.77000000000001,25.765
2021-04-07 16:00:00,38.4,132.0,75.77000000000001,25.765
2021-04-07 17:00:00,32.2,126.44,75.77000000000001,25.765
2021-04-07 18:00:00,28.45,112.56,75.77000000000001,25.765
2021-04-07 19:00:00,29.7,110.44,75.77000000000001,25.765
2021-04-07 20:00:00,26.6,98.0,75.77000000000001,25.765
2021-04-07 21:00:00,29.4,90.89,75.77000000000001,25.765
2021-04-07 22:00:00,35.95,88.44,75.77000000000001,25.765
2021-04-07 23:00:00,37.0,102.0,75.77000000000001,25.765
2021-04-08 00:00:00,31.05,98.89,75.77000000000001,25.765
2021-04-08 01:00:00,30.0,80.83,75.77000000000001,25.765
2021-04-08 02:00:00,23.2,64.0,75.77000000000001,25.765
2021-04-08 03:00:00,23.7,65.11,75.77000000000001,25.765
2021-04-08 04:00:00,22.3,61.0,75.77000000000001,25.765
2021-04-08 05:00:00,22.85,63.22,75.77000000000001,25.765
2021-04-08 06:00:00,23.0,59.55,75.77000000000001,25.765
2021-04-08 07:00:00,23.0,67.37,75.77000000000001,25.765
2021-04-08 08:00:00,25.55,73.9,75.77000000000001,25.765
2021-04-08 09:00:00,36.2,113.25,75.77000000000001,25.765
2021-04-08 10:00:00,33.75,133.33,75.77000000000001,25.765
2021-04-08 11:00:00,37.25,141.47,75.77000000000001,25.765
2021-04-08 12:00:00,36.3,148.47,75.77000000000001,25.765
2021-04-08 13:00:00,30.9,141.58,75.77000000000001,25.765
2021-04-08 14:00:00,27.44,120.17,75.77000000000001,25.765
2021-04-08 15:00:00,28.7,125.37,75.77000000000001,25.765
2021-04-08 16:00:00,25.6,104.58,75.77000000000001,25.765
2021-04-08 17:00:00,30.95,105.0,75.77000000000001,25.765
2021-04-08 18:00:00,27.75,113.0,75.77000000000001,25.765
2021-04-08 19:00:00,29.55,106.0,75.77000000000001,25.765
2021-04-08 20:00:00,33.4,107.56,75.77000000000001,25.765
2021-04-08 21:00:00,33.15,101.0,75.77000000000001,25.765
2021-04-08 22:00:00,38.95,101.78,75.77000000000001,25.765
2021-04-08 23:00:00,32.33,97.4,75.77000000000001,25.765
2021-04-09 00:00:00,32.7,77.24,75.77000000000001,25.765
2021-04-09 01:00:00,29.6,75.34,75.77000000000001,25.765
2021-04-09 02:00:00,28.15,72.11,75.77000000000001,25.765
2021-04-09 03:00:00,23.75,61.67,75.77000000000001,25.765
2021-04-09 04:00:00,17.9,47.0,75.77000000000001,25.765
2021-04-09 05:00:00,17.85,45.0,75.77000000000001,25.765
2021-04-09 06:00:00,15.45,52.78,75.77000000000001,25.765
2021-04-09 07:00:00,20.95,50.32,75.77000000000001,25.765
2021-04-09 08:00:00,21.15,53.45,75.77000000000001,25.765
2021-04-09 09:00:00,32.9,100.71,75.77000000000001,25.765
2021-04-09 10:00:00,38.4,119.66,75.77000000000001,25.765
2021-04-09 11:00:00,33.05,118.0,75.77000000000001,25.765
2021-04-09 12:00:00,43.02,133.22,75.77000000000001,25.765
2021-04-09 13:00:00,36.5,140.0,75.77000000000001,25.765
2021-04-09 14:00:00,31.6,139.0,75.77000000000001,25.765
2021-04-09 15:00:00,34.4,145.25,75.77000000000001,25.765
2021-04-09 16:00:00,35.0,159.44,75.77000000000001,25.765
2021-04-09 17:00:00,35.85,177.0,75.77000000000001,25.765
2021-04-09 18:00:00,35.15,188.67,75.77000000000001,25.765
2021-04-09 19:00:00,67.3,229.22,75.77000000000001,25.765
2021-04-09 20:00:00,50.05,218.56,75.77000000000001,25.765
2021-04-09 21:00:00,49.41,201.44,75.77000000000001,25.765
2021-04-09 22:00:00,38.06,179.3,75.77000000000001,25.765
2021-04-09 23:00:00,37.7,167.5,75.77000000000001,25.765
2021-04-10 00:00:00,37.15,136.0,75.77000000000001,25.765
2021-04-10 01:00:00,33.6,139.89,75.77000000000001,25.765
2021-04-10 02:00:00,33.85,152.67,75.77000000000001,25.765
2021-04-10 03:00:00,34.0,145.0,75.77000000000001,25.765
2021-04-10 04:00:00,28.9,128.0,75.77000000000001,25.765
2021-04-10 05:00:00,37.35,132.0,75.77000000000001,25.765
2021-04-10 06:00:00,44.1,133.0,75.77000000000001,25.765
2021-04-10 07:00:00,42.45,128.33,75.77000000000001,25.765
2021-04-10 08:00:00,42.0,144.94,75.77000000000001,25.765
2021-04-10 09:00:00,57.3,182.67,75.77000000000001,25.765
2021-04-10 10:00:00,55.73,186.56,75.77000000000001,25.765
2021-04-10 11:00:00,60.1,205.22,75.77000000000001,25.765
2021-04-10 12:00:00,64.46,220.03,75.77000000000001,25.765
2021-04-10 13:00:00,52.25,201.33,75.77000000000001,25.765
2021-04-10 14:00:00,43.18,175.33,75.77000000000001,25.765
2021-04-10 15:00:00,31.8,153.67,75.77000000000001,25.765
2021-04-10 16:00:00,30.0,138.07,75.77000000000001,25.765
2021-04-10 17:00:00,27.45,122.56,75.77000000000001,25.765
2021-04-10 18:00:00,24.45,117.0,75.77000000000001,25.765
2021-04-10 19:00:00,34.2,135.67,75.77000000000001,25.765
2021-04-10 20:00:00,39.4,134.78,75.77000000000001,25.765
2021-04-10 21:00:00,31.5,118.22,75.77000000000001,25.765
2021-04-10 22:00:00,33.4,115.55,75.77000000000001,25.765
2021-04-10 23:00:00,39.95,110.58,75.77000000000001,25.765
2021-04-11 00:00:00,38.46,102.03,75.77000000000001,25.765
2021-04-11 01:00:00,31.2,91.75,75.77000000000001,25.765
2021-04-11 02:00:00,29.15,82.25,75.77000000000001,25.765
2021-04-11 03:00:00,28.15,69.11,75.77000000000001,25.765
2021-04-11 04:00:00,27.15,80.0,75.77000000000001,25.765
2021-04-11 05:00:00,26.15,73.0,75.77000000000001,25.765
2021-04-11 06:00:00,31.1,70.22,75.77000000000001,25.765
2021-04-11 07:00:00,32.85,74.66,75.77000000000001,25.765
2021-04-11 08:00:00,38.08,100.98,75.77000000000001,25.765
2021-04-11 09:00:00,46.65,128.22,75.77000000000001,25.765
2021-04-11 10:00:00,53.1,154.22,75.77000000000001,25.765
2021-04-11 11:00:00,45.5,143.33,75.77000000000001,25.765
2021-04-11 12:00:00,36.35,113.89,75.77000000000001,25.765
2021-04-11 13:00:00,39.23,114.22,75.77000000000001,25.765
2021-04-11 14:00:00,49.35,156.11,75.77000000000001,25.765
2021-04-11 15:00:00,40.8,127.0,75.77000000000001,25.765
2021-04-11 16:00:00,33.05,123.0,75.77000000000001,25.765
2021-04-11 17:00:00,27.75,111.29,75.77000000000001,25.765
2021-04-11 18:00:00,20.2,104.89,75.77000000000001,25.765
2021-04-11 19:00:00,23.25,104.0,75.77000000000001,25.765
2021-04-11 20:00:00,23.15,101.67,75.77000000000001,25.765
2021-04-11 21:00:00,29.8,94.79,75.77000000000001,25.765
2021-04-11 22:00:00,25.05,90.67,75.77000000000001,25.765
2021-04-11 23:00:00,26.55,88.67,75.77000000000001,25.765
2021-04-12 00:00:00,27.85,103.34,75.77000000000001,25.765
2021-04-12 01:00:00,34.8,93.0,75.77000000000001,25.765
2021-04-12 02:00:00,36.0,84.0,75.77000000000001,25.765
2021-04-12 03:00:00,30.05,74.0,75.77000000000001,25.765
2021-04-12 04:00:00,24.75,74.0,75.77000000000001,25.765
2021-04-12 05:00:00,24.85,62.33,75.77000000000001,25.765
2021-04-12 06:00:00,23.3,56.8,75.77000000000001,25.765
2021-04-12 07:00:00,21.3,53.89,75.77000000000001,25.765
2021-04-12 08:00:00,20.15,57.65,75.77000000000001,25.765
2021-04-12 09:00:00,44.65,91.22,75.77000000000001,25.765
2021-04-12 10:00:00,54.1,127.85,75.77000000000001,25.765
2021-04-12 11:00:00,57.54,137.22,75.77000000000001,25.765
2021-04-12 12:00:00,58.0,142.89,75.77000000000001,25.765
2021-04-12 13:00:00,49.5,140.11,75.77000000000001,25.765
2021-04-12 14:00:00,37.8,124.28,75.77000000000001,25.765
2021-04-12 15:00:00,34.3,126.0,75.77000000000001,25.765
2021-04-12 16:00:00,34.0,118.0,75.77000000000001,25.765
2021-04-12 17:00:00,28.9,115.22,75.77000000000001,25.765
2021-04-12 18:00:00,22.9,102.92,75.77000000000001,25.765
2021-04-12 19:00:00,31.35,142.0,75.77000000000001,25.765
2021-04-12 20:00:00,33.0,157.0,75.77000000000001,25.765
2021-04-12 21:00:00,41.47,145.11,75.77000000000001,25.765
2021-04-12 22:00:00,59.15,130.44,75.77000000000001,25.765
2021-04-12 23:00:00,55.2,118.47,75.77000000000001,25.765
2021-04-13 00:00:00,51.46,110.9,75.77000000000001,25.765
2021-04-13 01:00:00,36.55,94.44,75.77000000000001,25.765
2021-04-13 02:00:00,28.9,79.89,75.77000000000001,25.765
2021-04-13 03:00:00,21.22,70.0,75.77000000000001,25.765
2021-04-13 04:00:00,21.7,61.0,75.77000000000001,25.765
2021-04-13 05:00:00,25.4,64.11,75.77000000000001,25.765
2021-04-13 06:00:00,27.7,75.89,75.77000000000001,25.765
2021-04-13 07:00:00,38.2,95.28,75.77000000000001,25.765
2021-04-13 08:00:00,47.65,113.95,75.77000000000001,25.765
2021-04-13 09:00:00,49.85,120.22,75.77000000000001,25.765
2021-04-13 10:00:00,52.55,128.97,75.77000000000001,25.765
2021-04-13 11:00:00,58.97,149.67,75.77000000000001,25.765
2021-04-13 12:00:00,59.15,163.56,75.77000000000001,25.765
2021-04-13 13:00:00,38.6,136.44,75.77000000000001,25.765
2021-04-13 14:00:00,37.56,124.11,75.77000000000001,25.765
2021-04-13 15:00:00,38.85,123.0,75.77000000000001,25.765
2021-04-13 16:00:00,32.2,105.11,75.77000000000001,25.765
2021-04-13 17:00:00,31.85,103.88,75.77000000000001,25.765
2021-04-13 18:00:00,32.85,105.78,75.77000000000001,25.765
2021-04-13 19:00:00,30.46,114.2,75.77000000000001,25.765
2021-04-13 20:00:00,27.45,112.11,75.77000000000001,25.765
2021-04-13 21:00:00,38.9,113.33,75.77000000000001,25.765
2021-04-13 22:00:00,29.95,96.89,75.77000000000001,25.765
2021-04-13 23:00:00,30.55,85.0,75.77000000000001,25.765
2021-04-14 00:00:00,29.3,81.0,75.77000000000001,25.765
2021-04-14 01:00:00,29.0,71.0,75.77000000000001,25.765
2021-04-14 02:00:00,23.05,72.55,75.77000000000001,25.765
2021-04-14 03:00:00,24.55,69.89,75.77000000000001,25.765
2021-04-14 04:00:00,25.85,72.12,75.77000000000001,25.765
2021-04-14 05:00:00,21.75,69.12,75.77000000000001,25.765
2021-04-14 06:00:00,26.95,56.33,75.77000000000001,25.765
2021-04-14 07:00:00,23.75,53.33,75.77000000000001,25.765
2021-04-14 08:00:00,28.1,56.7,75.77000000000001,25.765
2021-04-14 09:00:00,35.8,75.17,75.77000000000001,25.765
2021-04-14 10:00:00,37.85,85.0,75.77000000000001,25.765
2021-04-14 11:00:00,38.85,97.44,75.77000000000001,25.765
2021-04-14 12:00:00,43.25,105.65,75.77000000000001,25.765
2021-04-14 13:00:00,50.78,136.0,75.77000000000001,25.765
2021-04-14 14:00:00,50.3,140.65,75.77000000000001,25.765
2021-04-14 15:00:00,44.05,135.78,75.77000000000001,25.765
2021-04-14 16:00:00,38.75,112.0,75.77000000000001,25.765
2021-04-14 17:00:00,32.05,108.9,75.77000000000001,25.765
2021-04-14 18:00:00,31.85,101.89,75.77000000000001,25.765
2021-04-14 19:00:00,29.91,95.34,75.77000000000001,25.765
2021-04-14 20:00:00,22.23,83.36,75.77000000000001,25.765
2021-04-14 21:00:00,21.85,80.0,75.77000000000001,25.765
2021-04-14 22:00:00,25.4,82.33,75.77000000000001,25.765
2021-04-14 23:00:00,26.85,79.89,75.77000000000001,25.765
2021-04-15 00:00:00,24.46,64.0,75.77000000000001,25.765
2021-04-15 01:00:00,24.0,61.0,75.77000000000001,25.765
2021-04-15 02:00:00,29.1,64.88,75.77000000000001,25.765
2021-04-15 03:00:00,29.15,59.0,75.77000000000001,25.765
2021-04-15 04:00:00,31.55,46.0,75.77000000000001,25.765
2021-04-15 05:00:00,21.8,49.1,75.77000000000001,25.765
2021-04-15 06:00:00,23.4,48.89,75.77000000000001,25.765
2021-04-15 07:00:00,24.0,48.78,75.77000000000001,25.765
2021-04-15 08:00:00,27.39,67.6,75.77000000000001,25.765
2021-04-15 09:00:00,38.2,83.11,75.77000000000001,25.765
2021-04-15 10:00:00,44.27,107.0,75.77000000000001,25.765
2021-04-15 11:00:00,45.86,104.66,75.77000000000001,25.765
2021-04-15 12:00:00,47.7,115.62,75.77000000000001,25.765
2021-04-15 13:00:00,48.85,122.11,75.77000000000001,25.765
2021-04-15 14:00:00,43.07,114.75,75.77000000000001,25.765
2021-04-15 15:00:00,41.15,101.95,75.77000000000001,25.765
2021-04-15 16:00:00,33.35,89.22,75.77000000000001,25.765
2021-04-15 17:00:00,26.9,83.12,75.77000000000001,25.765
2021-04-15 18:00:00,26.85,76.58,75.77000000000001,25.765
2021-04-15 19:00:00,33.8,81.97,75.77000000000001,25.765
2021-04-15 20:00:00,34.15,87.11,75.77000000000001,25.765
2021-04-15 21:00:00,36.55,84.89,75.77000000000001,25.765
2021-04-15 22:00:00,38.7,80.11,75.77000000000001,25.765
2021-04-15 23:00:00,33.9,72.8,75.77000000000001,25.765
2021-04-16 00:00:00,30.45,71.0,75.77000000000001,25.765
2021-04-16 01:00:00,34.25,58.0,75.77000000000001,25.765
2021-04-16 02:00:00,42.65,72.78,75.77000000000001,25.765
2021-04-16 03:00:00,45.7,70.8,75.77000000000001,25.765
2021-04-16 04:00:00,34.95,57.33,75.77000000000001,25.765
2021-04-16 05:00:00,28.75,49.35,75.77000000000001,25.765
2021-04-16 06:00:00,28.85,46.45,75.77000000000001,25.765
2021-04-16 07:00:00,23.92,54.55,75.77000000000001,25.765
2021-04-16 08:00:00,26.4,63.2,75.77000000000001,25.765
2021-04-16 09:00:00,30.4,66.65,75.77000000000001,25.765
2021-04-16 10:00:00,26.77,66.9,75.77000000000001,25.765
2021-04-16 11:00:00,25.15,76.08,75.77000000000001,25.765
2021-04-16 12:00:00,26.7,82.11,75.77000000000001,25.765
2021-04-16 13:00:00,27.0,81.45,75.77000000000001,25.765
2021-04-16 14:00:00,17.65,76.35,75.77000000000001,25.765
2021-04-16 15:00:00,15.15,73.45,75.77000000000001,25.765
2021-04-16 16:00:00,18.4,72.22,75.77000000000001,25.765
2021-04-16 17:00:00,20.7,70.45,75.77000000000001,25.765
2021-04-16 18:00:00,20.15,70.7,75.77000000000001,25.765
2021-04-16 19:00:00,24.23,103.34,75.77000000000001,25.765
2021-04-16 20:00:00,22.45,103.34,75.77000000000001,25.765
2021-04-16 21:00:00,22.0,67.0,75.77000000000001,25.765
2021-04-16 22:00:00,22.0,61.58,75.77000000000001,25.765
2021-04-16 23:00:00,24.55,63.1,75.77000000000001,25.765
2021-04-17 00:00:00,24.15,60.9,75.77000000000001,25.765
2021-04-17 01:00:00,19.73,56.11,75.77000000000001,25.765
2021-04-17 02:00:00,14.75,48.8,75.77000000000001,25.765
2021-04-17 03:00:00,14.85,40.01,75.77000000000001,25.765
2021-04-17 04:00:00,15.85,34.68,75.77000000000001,25.765
2021-04-17 05:00:00,13.45,31.23,75.77000000000001,25.765
2021-04-17 06:00:00,13.0,36.42,75.77000000000001,25.765
2021-04-17 07:00:00,14.7,41.88,75.77000000000001,25.765
2021-04-17 08:00:00,32.0,74.89,75.77000000000001,25.765
2021-04-17 09:00:00,24.8,63.85,75.77000000000001,25.765
2021-04-17 10:00:00,18.75,53.33,75.77000000000001,25.765
2021-04-17 11:00:00,22.23,59.15,75.77000000000001,25.765
2021-04-17 12:00:00,32.35,101.0,75.77000000000001,25.765
2021-04-17 13:00:00,30.61,103.34,75.77000000000001,25.765
2021-04-17 14:00:00,23.2,103.34,75.77000000000001,25.765
2021-04-17 15:00:00,22.85,103.34,75.77000000000001,25.765
2021-04-17 16:00:00,25.55,88.0,75.77000000000001,25.765
2021-04-17 17:00:00,24.3,86.44,75.77000000000001,25.765
2021-04-17 18:00:00,18.05,78.22,75.77000000000001,25.765
2021-04-17 19:00:00,22.95,77.65,75.77000000000001,25.765
2021-04-17 20:00:00,28.25,78.45,75.77000000000001,25.765
2021-04-17 21:00:00,30.7,79.65,75.77000000000001,25.765
2021-04-17 22:00:00,36.95,85.65,75.77000000000001,25.765
2021-04-17 23:00:00,38.0,88.55,75.77000000000001,25.765
2021-04-18 00:00:00,30.4,77.38,75.77000000000001,25.765
2021-04-18 01:00:00,27.3,62.38,75.77000000000001,25.765
2021-04-18 02:00:00,22.77,57.45,75.77000000000001,25.765
2021-04-18 03:00:00,21.15,51.59,75.77000000000001,25.765
2021-04-18 04:00:00,19.3,48.0,75.77000000000001,25.765
2021-04-18 05:00:00,19.0,44.0,75.77000000000001,25.765
2021-04-18 06:00:00,21.55,44.0,75.77000000000001,25.765
2021-04-18 07:00:00,30.5,53.3,75.77000000000001,25.765
2021-04-18 08:00:00,30.3,64.56,75.77000000000001,25.765
2021-04-18 09:00:00,35.1,87.15,75.77000000000001,25.765
2021-04-18 10:00:00,35.15,98.42,75.77000000000001,25.765
2021-04-18 11:00:00,49.45,125.63,75.77000000000001,25.765
2021-04-18 12:00:00,51.15,132.22,75.77000000000001,25.765
2021-04-18 13:00:00,42.53,119.22,75.77000000000001,25.765
2021-04-18 14:00:00,33.38,91.14,75.77000000000001,25.765
2021-04-18 15:00:00,32.85,98.4,75.77000000000001,25.765
2021-04-18 16:00:00,35.54,105.1,75.77000000000001,25.765
2021-04-18 17:00:00,41.95,111.42,75.77000000000001,25.765
2021-04-18 18:00:00,44.7,119.2,75.77000000000001,25.765
2021-04-18 19:00:00,46.7,139.6,75.77000000000001,25.765
2021-04-18 20:00:00,49.55,134.93,75.77000000000001,25.765
2021-04-18 21:00:00,53.4,121.0,75.77000000000001,25.765
2021-04-18 22:00:00,50.6,117.0,75.77000000000001,25.765
2021-04-18 23:00:00,56.8,130.95,75.77000000000001,25.765
2021-04-19 00:00:00,50.38,118.01,75.77000000000001,25.765
2021-04-19 01:00:00,40.5,93.0,75.77000000000001,25.765
2021-04-19 02:00:00,33.07,86.03,75.77000000000001,25.765
2021-04-19 03:00:00,36.23,75.44,75.77000000000001,25.765
2021-04-19 04:00:00,34.46,73.0,75.77000000000001,25.765
2021-04-19 05:00:00,34.85,71.35,75.77000000000001,25.765
2021-04-19 06:00:00,35.0,70.78,75.77000000000001,25.765
2021-04-19 07:00:00,41.8,80.3,75.77000000000001,25.765
2021-04-19 08:00:00,43.85,97.72,75.77000000000001,25.765
2021-04-19 09:00:00,42.3,105.88,75.77000000000001,25.765
2021-04-19 10:00:00,39.45,117.85,75.77000000000001,25.765
2021-04-19 11:00:00,38.15,121.78,75.77000000000001,25.765
2021-04-19 12:00:00,32.05,117.0,75.77000000000001,25.765
2021-04-19 13:00:00,27.61,113.0,75.77000000000001,25.765
2021-04-19 14:00:00,27.0,107.58,75.77000000000001,25.765
2021-04-19 15:00:00,20.22,95.89,75.77000000000001,25.765
2021-04-19 16:00:00,21.54,93.0,75.77000000000001,25.765
2021-04-19 17:00:00,25.4,86.8,75.77000000000001,25.765
2021-04-19 18:00:00,23.46,85.0,75.77000000000001,25.765
2021-04-19 19:00:00,22.15,81.91,75.77000000000001,25.765
2021-04-19 20:00:00,26.25,78.8,75.77000000000001,25.765
2021-04-19 21:00:00,25.3,78.1,75.77000000000001,25.765
2021-04-19 22:00:00,29.25,71.3,75.77000000000001,25.765
2021-04-19 23:00:00,30.0,78.2,75.77000000000001,25.765
2021-04-20 00:00:00,39.32,103.34,75.77000000000001,25.765
2021-04-20 01:00:00,30.8,103.34,75.77000000000001,25.765
2021-04-20 02:00:00,23.9,59.25,75.77000000000001,25.765
2021-04-20 03:00:00,19.61,50.02,75.77000000000001,25.765
2021-04-20 04:00:00,22.39,42.55,75.77000000000001,25.765
2021-04-20 05:00:00,18.77,40.22,75.77000000000001,25.765
2021-04-20 06:00:00,26.5,59.0,75.77000000000001,25.765
2021-04-20 07:00:00,27.15,56.0,75.77000000000001,25.765
2021-04-20 08:00:00,25.3,79.25,75.77000000000001,25.765
2021-04-20 09:00:00,25.0,78.25,75.77000000000001,25.765
2021-04-20 10:00:00,25.85,74.35,75.77000000000001,25.765
2021-04-20 11:00:00,23.46,80.1,75.77000000000001,25.765
2021-04-20 12:00:00,25.55,92.97,75.77000000000001,25.765
2021-04-20 13:00:00,25.15,84.15,75.77000000000001,25.765
2021-04-20 14:00:00,22.46,71.7,75.77000000000001,25.765
2021-04-20 15:00:00,22.85,69.0,75.77000000000001,25.765
2021-04-20 16:00:00,23.85,67.45,75.77000000000001,25.765
2021-04-20 17:00:00,24.0,72.42,75.77000000000001,25.765
2021-04-20 18:00:00,22.3,77.0,75.77000000000001,25.765
2021-04-20 19:00:00,23.7,75.0,75.77000000000001,25.765
2021-04-20 20:00:00,20.61,74.22,75.77000000000001,25.765
2021-04-20 21:00:00,20.0,62.38,75.77000000000001,25.765
2021-04-20 22:00:00,22.54,55.91,75.77000000000001,25.765
2021-04-20 23:00:00,18.75,51.9,75.77000000000001,25.765
2021-04-21 00:00:00,18.85,44.82,75.77000000000001,25.765
2021-04-21 01:00:00,19.0,41.0,75.77000000000001,25.765
2021-04-21 02:00:00,16.46,37.15,75.77000000000001,25.765
2021-04-21 03:00:00,14.3,33.23,75.77000000000001,25.765
2021-04-21 04:00:00,17.4,39.98,75.77000000000001,25.765
2021-04-21 05:00:00,17.15,33.48,75.77000000000001,25.765
2021-04-21 06:00:00,16.15,34.11,75.77000000000001,25.765
2021-04-21 07:00:00,19.39,39.65,75.77000000000001,25.765
2021-04-21 08:00:00,23.39,51.85,75.77000000000001,25.765
2021-04-21 09:00:00,22.3,61.0,75.77000000000001,25.765
2021-04-21 10:00:00,17.75,59.0,75.77000000000001,25.765
2021-04-21 11:00:00,21.23,77.0,75.77000000000001,25.765
2021-04-21 12:00:00,24.55,95.6,75.77000000000001,25.765
2021-04-21 13:00:00,19.92,86.31,75.77000000000001,25.765
2021-04-21 14:00:00,24.1,76.58,75.77000000000001,25.765
2021-04-21 15:00:00,19.9,74.22,75.77000000000001,25.765
2021-04-21 16:00:00,21.54,78.4,75.77000000000001,25.765
2021-04-21 17:00:00,22.85,82.55,75.77000000000001,25.765
2021-04-21 18:00:00,24.7,84.55,75.77000000000001,25.765
2021-04-21 19:00:00,21.61,88.1,75.77000000000001,25.765
2021-04-21 20:00:00,22.7,85.12,75.77000000000001,25.765
2021-04-21 21:00:00,24.7,84.0,75.77000000000001,25.765
2021-04-21 22:00:00,17.38,72.38,75.77000000000001,25.765
2021-04-21 23:00:00,18.54,68.0,75.77000000000001,25.765
2021-04-22 00:00:00,23.22,64.0,75.77000000000001,25.765
2021-04-22 01:00:00,21.46,62.45,75.77000000000001,25.765
2021-04-22 02:00:00,21.0,54.27,75.77000000000001,25.765
2021-04-22 03:00:00,23.54,57.42,75.77000000000001,25.765
2021-04-22 04:00:00,19.77,65.2,75.77000000000001,25.765
2021-04-22 05:00:00,16.45,64.78,75.77000000000001,25.765
2021-04-22 06:00:00,21.08,63.0,75.77000000000001,25.765
2021-04-22 07:00:00,26.23,68.41,75.77000000000001,25.765
2021-04-22 08:00:00,27.85,73.09,75.77000000000001,25.765
2021-04-22 09:00:00,25.46,77.1,75.77000000000001,25.765
2021-04-22 10:00:00,33.47,94.28,75.77000000000001,25.765
2021-04-22 11:00:00,28.2,99.0,75.77000000000001,25.765
2021-04-22 12:00:00,32.95,102.09,75.77000000000001,25.765
2021-04-22 13:00:00,32.3,112.35,75.77000000000001,25.765
2021-04-22 14:00:00,36.23,120.78,75.77000000000001,25.765
2021-04-22 15:00:00,35.3,118.68,75.77000000000001,25.765
2021-04-22 16:00:00,33.6,116.91,75.77000000000001,25.765
2021-04-22 17:00:00,30.91,101.0,75.77000000000001,25.765
2021-04-22 18:00:00,30.0,101.55,75.77000000000001,25.765
2021-04-22 19:00:00,27.46,96.01,75.77000000000001,25.765
2021-04-22 20:00:00,33.78,87.12,75.77000000000001,25.765
2021-04-22 21:00:00,25.68,74.42,75.77000000000001,25.765
2021-04-22 22:00:00,24.0,77.97,75.77000000000001,25.765
2021-04-22 23:00:00,23.15,73.8,75.77000000000001,25.765
2021-04-23 00:00:00,19.61,61.19,75.77000000000001,25.765
2021-04-23 01:00:00,19.0,55.67,75.77000000000001,25.765
2021-04-23 02:00:00,25.78,53.0,75.77000000000001,25.765
2021-04-23 03:00:00,21.07,56.1,75.77000000000001,25.765
2021-04-23 04:00:00,21.7,58.55,75.77000000000001,25.765
2021-04-23 05:00:00,16.07,62.88,75.77000000000001,25.765
2021-04-23 06:00:00,18.4,76.4,75.77000000000001,25.765
2021-04-23 07:00:00,19.85,69.92,75.77000000000001,25.765
2021-04-23 08:00:00,20.0,77.08,75.77000000000001,25.765
2021-04-23 09:00:00,22.55,83.28,75.77000000000001,25.765
2021-04-23 10:00:00,29.8,96.34,75.77000000000001,25.765
2021-04-23 11:00:00,31.85,108.88,75.77000000000001,25.765
2021-04-23 12:00:00,24.38,96.05,75.77000000000001,25.765
2021-04-23 13:00:00,25.54,92.0,75.77000000000001,25.765
2021-04-23 14:00:00,21.77,76.56,75.77000000000001,25.765
2021-04-23 15:00:00,17.61,68.9,75.77000000000001,25.765
2021-04-23 16:00:00,17.85,71.1,75.77000000000001,25.765
2021-04-23 17:00:00,18.0,65.0,75.77000000000001,25.765
2021-04-23 18:00:00,17.15,69.0,75.77000000000001,25.765
2021-04-23 19:00:00,22.1,75.97,75.77000000000001,25.765
2021-04-23 20:00:00,23.85,79.55,75.77000000000001,25.765
2021-04-23 21:00:00,29.08,76.91,75.77000000000001,25.765
2021-04-23 22:00:00,29.15,75.23,75.77000000000001,25.765
2021-04-23 23:00:00,23.92,68.8,75.77000000000001,25.765
2021-04-24 00:00:00,20.47,56.19,75.77000000000001,25.765
2021-04-24 01:00:00,16.61,49.9,75.77000000000001,25.765
2021-04-24 02:00:00,17.7,49.0,75.77000000000001,25.765
2021-04-24 03:00:00,21.4,45.9,75.77000000000001,25.765
2021-04-24 04:00:00,21.15,38.8,75.77000000000001,25.765
2021-04-24 05:00:00,18.46,37.0,75.77000000000001,25.765
2021-04-24 06:00:00,17.15,42.0,75.77000000000001,25.765
2021-04-24 07:00:00,26.32,59.79,75.77000000000001,25.765
2021-04-24 08:00:00,41.6,87.39,75.77000000000001,25.765
2021-04-24 09:00:00,43.16,104.04,75.77000000000001,25.765
2021-04-24 10:00:00,29.45,222.06,75.77000000000001,25.765
2021-04-24 11:00:00,31.23,137.43,75.77000000000001,25.765
2021-04-24 12:00:00,37.08,126.94,75.77000000000001,25.765
2021-04-24 13:00:00,32.92,116.58,75.77000000000001,25.765
2021-04-24 14:00:00,25.22,95.4,75.77000000000001,25.765
2021-04-24 15:00:00,22.3,107.76,75.77000000000001,25.765
2021-04-24 16:00:00,16.92,83.66,75.77000000000001,25.765
2021-04-24 17:00:00,16.0,74.23,75.77000000000001,25.765
2021-04-24 18:00:00,14.31,71.68,75.77000000000001,25.765
2021-04-24 19:00:00,18.25,66.37,75.77000000000001,25.765
2021-04-24 20:00:00,20.7,60.37,75.77000000000001,25.765
2021-04-24 21:00:00,19.3,57.45,75.77000000000001,25.765
2021-04-24 22:00:00,20.7,62.0,75.77000000000001,25.765
2021-04-24 23:00:00,17.61,53.0,75.77000000000001,25.765
2021-04-25 00:00:00,14.47,53.77,75.77000000000001,25.765
2021-04-25 01:00:00,15.7,46.0,75.77000000000001,25.765
2021-04-25 02:00:00,12.61,41.37,75.77000000000001,25.765
2021-04-25 03:00:00,14.54,44.63,75.77000000000001,25.765
2021-04-25 04:00:00,15.0,45.23,75.77000000000001,25.765
2021-04-25 05:00:00,19.23,44.45,75.77000000000001,25.765
2021-04-25 06:00:00,18.3,46.72,75.77000000000001,25.765
2021-04-25 07:00:00,21.4,52.86,75.77000000000001,25.765
2021-04-25 08:00:00,19.46,64.04,75.77000000000001,25.765
2021-04-25 09:00:00,35.95,101.1,75.77000000000001,25.765
2021-04-25 10:00:00,34.77,110.22,75.77000000000001,25.765
2021-04-25 11:00:00,35.69,127.76,75.77000000000001,25.765
2021-04-25 12:00:00,41.1,146.13,75.77000000000001,25.765
2021-04-25 13:00:00,37.77,132.24,75.77000000000001,25.765
2021-04-25 14:00:00,31.92,122.0,75.77000000000001,25.765
2021-04-25 15:00:00,27.61,108.0,75.77000000000001,25.765
2021-04-25 16:00:00,24.46,104.91,75.77000000000001,25.765
2021-04-25 17:00:00,34.16,115.58,75.77000000000001,25.765
2021-04-25 18:00:00,39.39,130.54,75.77000000000001,25.765
2021-04-25 19:00:00,42.54,134.0,75.77000000000001,25.765
2021-04-25 20:00:00,38.77,129.37,75.77000000000001,25.765
2021-04-25 21:00:00,39.7,94.02,75.77000000000001,25.765
2021-04-25 22:00:00,44.23,91.08,75.77000000000001,25.765
2021-04-25 23:00:00,50.93,94.69,75.77000000000001,25.765
2021-04-26 00:00:00,56.23,106.36,75.77000000000001,25.765
2021-04-26 01:00:00,53.61,126.17,75.77000000000001,25.765
2021-04-26 02:00:00,53.0,124.04,75.77000000000001,25.765
2021-04-26 03:00:00,41.1,123.55,75.77000000000001,25.765
2021-04-26 04:00:00,46.62,154.89,75.77000000000001,25.765
2021-04-26 05:00:00,48.0,170.97,75.77000000000001,25.765
2021-04-26 06:00:00,46.3,156.01,75.77000000000001,25.765
2021-04-26 07:00:00,48.53,140.96,75.77000000000001,25.765
2021-04-26 08:00:00,49.85,183.0,75.77000000000001,25.765
2021-04-26 09:00:00,54.22,172.19,75.77000000000001,25.765
2021-04-26 10:00:00,62.62,177.5,75.77000000000001,25.765
2021-04-26 11:00:00,68.23,178.45,75.77000000000001,25.765
2021-04-26 12:00:00,58.83,194.99,75.77000000000001,25.765
2021-04-26 13:00:00,54.47,204.63,75.77000000000001,25.765
2021-04-26 14:00:00,54.0,203.68,75.77000000000001,25.765
2021-04-26 15:00:00,58.23,202.45,75.77000000000001,25.765
2021-04-26 16:00:00,52.22,194.92,75.77000000000001,25.765
2021-04-26 17:00:00,50.15,185.15,75.77000000000001,25.765
2021-04-26 18:00:00,43.22,172.38,75.77000000000001,25.765
2021-04-26 19:00:00,38.61,172.09,75.77000000000001,25.765
2021-04-26 20:00:00,37.16,183.81,75.77000000000001,25.765
2021-04-26 21:00:00,47.98,205.53,75.77000000000001,25.765
2021-04-26 22:00:00,42.4,194.01,75.77000000000001,25.765
2021-04-26 23:00:00,46.08,181.28,75.77000000000001,25.765
2021-04-27 00:00:00,49.54,196.0,75.77000000000001,25.765
2021-04-27 01:00:00,49.15,196.0,75.77000000000001,25.765
2021-04-27 02:00:00,45.6,212.0,75.77000000000001,25.765
2021-04-27 03:00:00,41.61,208.91,75.77000000000001,25.765
2021-04-27 04:00:00,38.46,188.62,75.77000000000001,25.765
2021-04-27 05:00:00,37.15,189.95,75.77000000000001,25.765
2021-04-27 06:00:00,39.54,194.32,75.77000000000001,25.765
2021-04-27 07:00:00,44.23,171.06,75.77000000000001,25.765
2021-04-27 08:00:00,44.15,199.52,75.77000000000001,25.765
2021-04-27 09:00:00,48.23,233.1,75.77000000000001,25.765
2021-04-27 10:00:00,54.93,262.89,75.77000000000001,25.765
2021-04-27 11:00:00,65.32,297.57,75.77000000000001,25.765
2021-04-27 12:00:00,65.31,286.47,75.77000000000001,25.765
2021-04-27 13:00:00,58.2,273.25,75.77000000000001,25.765
2021-04-27 14:00:00,46.83,218.3,75.77000000000001,25.765
2021-04-27 15:00:00,45.85,183.69,75.77000000000001,25.765
2021-04-27 16:00:00,39.24,165.65,75.77000000000001,25.765
2021-04-27 17:00:00,32.92,154.28,75.77000000000001,25.765
2021-04-27 18:00:00,33.7,132.0,75.77000000000001,25.765
2021-04-27 19:00:00,34.0,138.18,75.77000000000001,25.765
2021-04-27 20:00:00,33.16,141.55,75.77000000000001,25.765
2021-04-27 21:00:00,36.39,145.86,75.77000000000001,25.765
2021-04-27 22:00:00,32.75,140.82,75.77000000000001,25.765
2021-04-27 23:00:00,36.23,146.72,75.77000000000001,25.765
2021-04-28 00:00:00,37.84,151.31,75.77000000000001,25.765
2021-04-28 01:00:00,29.53,126.61,75.77000000000001,25.765
2021-04-28 02:00:00,31.4,116.28,75.77000000000001,25.765
2021-04-28 03:00:00,27.78,103.19,75.77000000000001,25.765
2021-04-28 04:00:00,29.54,98.45,75.77000000000001,25.765
2021-04-28 05:00:00,27.46,89.5,75.77000000000001,25.765
2021-04-28 06:00:00,31.22,81.59,75.77000000000001,25.765
2021-04-28 07:00:00,43.02,133.28,75.77000000000001,25.765
2021-04-28 08:00:00,45.84,179.22,75.77000000000001,25.765
2021-04-28 09:00:00,46.0,164.06,75.77000000000001,25.765
2021-04-28 10:00:00,52.8,166.0,75.77000000000001,25.765
2021-04-28 11:00:00,51.46,176.0,75.77000000000001,25.765
2021-04-28 12:00:00,44.22,161.33,75.77000000000001,25.765
2021-04-28 13:00:00,43.0,153.91,75.77000000000001,25.765
2021-04-28 14:00:00,36.22,133.69,75.77000000000001,25.765
2021-04-28 15:00:00,29.92,118.73,75.77000000000001,25.765
2021-04-28 16:00:00,25.6,116.0,75.77000000000001,25.765
2021-04-28 17:00:00,19.92,101.84,75.77000000000001,25.765
2021-04-28 18:00:00,24.93,93.81,75.77000000000001,25.765
2021-04-28 19:00:00,22.61,115.53,75.77000000000001,25.765
2021-04-28 20:00:00,25.39,124.1,75.77000000000001,25.765
2021-04-28 21:00:00,20.07,104.15,75.77000000000001,25.765
2021-04-28 22:00:00,24.08,94.91,75.77000000000001,25.765
2021-04-28 23:00:00,25.0,91.69,75.77000000000001,25.765
2021-04-29 00:00:00,24.15,89.46,75.77000000000001,25.765
2021-04-29 01:00:00,25.7,89.0,75.77000000000001,25.765
2021-04-29 02:00:00,26.85,89.0,75.77000000000001,25.765
2021-04-29 03:00:00,16.87,65.75,75.77000000000001,25.765
2021-04-29 04:00:00,18.38,56.68,75.77000000000001,25.765
2021-04-29 05:00:00,14.77,49.05,75.77000000000001,25.765
2021-04-29 06:00:00,15.7,41.59,75.77000000000001,25.765
2021-04-29 07:00:00,16.0,53.13,75.77000000000001,25.765
2021-04-29 08:00:00,30.4,88.66,75.77000000000001,25.765
2021-04-29 09:00:00,28.77,88.7,75.77000000000001,25.765
2021-04-29 10:00:00,27.15,88.18,75.77000000000001,25.765
2021-04-29 11:00:00,32.93,107.76,75.77000000000001,25.765
2021-04-29 12:00:00,34.85,121.5,75.77000000000001,25.765
2021-04-29 13:00:00,34.15,102.45,75.77000000000001,25.765
2021-04-29 14:00:00,23.02,85.96,75.77000000000001,25.765
2021-04-29 15:00:00,21.0,73.0,75.77000000000001,25.765
2021-04-29 16:00:00,17.61,68.45,75.77000000000001,25.765
2021-04-29 17:00:00,16.15,64.15,75.77000000000001,25.765
2021-04-29 18:00:00,20.23,66.0,75.77000000000001,25.765
2021-04-29 19:00:00,20.16,62.0,75.77000000000001,25.765
2021-04-29 20:00:00,14.92,56.62,75.77000000000001,25.765
2021-04-29 21:00:00,17.39,55.77,75.77000000000001,25.765
2021-04-29 22:00:00,19.7,56.0,75.77000000000001,25.765
2021-04-29 23:00:00,28.45,55.23,75.77000000000001,25.765
2021-04-30 00:00:00,24.93,63.49,75.77000000000001,25.765
2021-04-30 01:00:00,20.61,59.82,75.77000000000001,25.765
2021-04-30 02:00:00,26.78,54.91,75.77000000000001,25.765
2021-04-30 03:00:00,27.16,54.0,75.77000000000001,25.765
2021-04-30 04:00:00,23.62,50.92,75.77000000000001,25.765
2021-04-30 05:00:00,29.75,60.04,75.77000000000001,25.765
2021-04-30 06:00:00,38.6,79.22,75.77000000000001,25.765
2021-04-30 07:00:00,53.51,114.89,75.77000000000001,25.765
2021-04-30 08:00:00,66.13,151.8,75.77000000000001,25.765
2021-04-30 09:00:00,57.87,153.07,75.77000000000001,25.765
2021-04-30 10:00:00,56.85,152.0,75.77000000000001,25.765
2021-04-30 11:00:00,55.3,135.0,75.77000000000001,25.765
2021-04-30 12:00:00,36.36,109.61,75.77000000000001,25.765
2021-04-30 13:00:00,29.61,91.19,75.77000000000001,25.765
2021-04-30 14:00:00,22.22,75.64,75.77000000000001,25.765
2021-04-30 15:00:00,18.47,68.91,75.77000000000001,25.765
2021-04-30 16:00:00,17.16,62.59,75.77000000000001,25.765
2021-04-30 17:00:00,17.85,57.15,75.77000000000001,25.765
2021-04-30 18:00:00,12.93,57.55,75.77000000000001,25.765
2021-04-30 19:00:00,21.29,60.18,75.77000000000001,25.765
2021-04-30 20:00:00,21.31,60.92,75.77000000000001,25.765
2021-04-30 21:00:00,23.54,66.16,75.77000000000001,25.765
2021-04-30 22:00:00,24.0,57.19,75.77000000000001,25.765
2021-04-30 23:00:00,19.75,54.0,75.77000000000001,25.765
2021-05-01 00:00:00,25.78,64.0,75.77000000000001,25.765
2021-05-01 01:00:00,24.46,66.23,75.77000000000001,25.765
2021-05-01 02:00:00,24.0,56.0,75.77000000000001,25.765
2021-05-01 03:00:00,21.46,53.68,75.77000000000001,25.765
2021-05-01 04:00:00,18.46,45.3,75.77000000000001,25.765
2021-05-01 05:00:00,17.15,50.72,75.77000000000001,25.765
2021-05-01 06:00:00,16.16,44.51,75.77000000000001,25.765
2021-05-01 07:00:00,10.09,44.32,75.77000000000001,25.765
2021-05-01 08:00:00,20.02,59.7,75.77000000000001,25.765
2021-05-01 09:00:00,24.54,82.34,75.77000000000001,25.765
2021-05-01 10:00:00,32.62,86.65,75.77000000000001,25.765
2021-05-01 11:00:00,33.15,77.01,75.77000000000001,25.765
2021-05-01 12:00:00,27.09,68.92,75.77000000000001,25.765
2021-05-01 13:00:00,36.25,89.58,75.77000000000001,25.765
2021-05-01 14:00:00,32.07,89.05,75.77000000000001,25.765
2021-05-01 15:00:00,27.61,81.61,75.77000000000001,25.765
2021-05-01 16:00:00,21.07,73.82,75.77000000000001,25.765
2021-05-01 17:00:00,18.3,62.0,75.77000000000001,25.765
2021-05-01 18:00:00,18.0,58.9,75.77000000000001,25.765
2021-05-01 19:00:00,18.85,64.95,75.77000000000001,25.765
2021-05-01 20:00:00,21.54,66.23,75.77000000000001,25.765
2021-05-01 21:00:00,27.08,68.32,75.77000000000001,25.765
2021-05-01 22:00:00,29.7,71.32,75.77000000000001,25.765
2021-05-01 23:00:00,24.09,61.96,75.77000000000001,25.765
2021-05-02 00:00:00,22.16,56.69,75.77000000000001,25.765
2021-05-02 01:00:00,21.16,52.23,75.77000000000001,25.765
2021-05-02 02:00:00,24.39,49.0,75.77000000000001,25.765
2021-05-02 03:00:00,23.3,47.46,75.77000000000001,25.765
2021-05-02 04:00:00,26.39,52.41,75.77000000000001,25.765
2021-05-02 05:00:00,29.54,50.92,75.77000000000001,25.765
2021-05-02 06:00:00,35.93,77.9,75.77000000000001,25.765
2021-05-02 07:00:00,31.07,79.03,75.77000000000001,25.765
2021-05-02 08:00:00,33.38,85.5,75.77000000000001,25.765
2021-05-02 09:00:00,35.69,89.0,75.77000000000001,25.765
2021-05-02 10:00:00,31.77,75.0,75.77000000000001,25.765
2021-05-02 11:00:00,31.0,78.86,75.77000000000001,25.765
2021-05-02 12:00:00,29.31,86.95,75.77000000000001,25.765
2021-05-02 13:00:00,28.16,78.19,75.77000000000001,25.765
2021-05-02 14:00:00,27.16,74.46,75.77000000000001,25.765
2021-05-02 15:00:00,31.23,73.45,75.77000000000001,25.765
2021-05-02 16:00:00,23.53,72.23,75.77000000000001,25.765
2021-05-02 17:00:00,18.62,64.28,75.77000000000001,25.765
2021-05-02 18:00:00,23.08,67.41,75.77000000000001,25.765
2021-05-02 19:00:00,24.0,79.77,75.77000000000001,25.765
2021-05-02 20:00:00,39.2,121.47,75.77000000000001,25.765
2021-05-02 21:00:00,44.53,109.06,75.77000000000001,25.765
2021-05-02 22:00:00,45.85,96.61,75.77000000000001,25.765
2021-05-02 23:00:00,50.23,101.92,75.77000000000001,25.765
2021-05-03 00:00:00,46.77,83.0,75.77000000000001,25.765
2021-05-03 01:00:00,47.7,93.0,75.77000000000001,25.765
2021-05-03 02:00:00,46.31,88.38,75.77000000000001,25.765
2021-05-03 03:00:00,51.07,99.31,75.77000000000001,25.765
2021-05-03 04:00:00,62.13,97.61,75.77000000000001,25.765
2021-05-03 05:00:00,51.29,91.15,75.77000000000001,25.765
2021-05-03 06:00:00,40.53,77.75,75.77000000000001,25.765
2021-05-03 07:00:00,49.98,91.55,75.77000000000001,25.765
2021-05-03 08:00:00,63.82,124.16,75.77000000000001,25.765
2021-05-03 09:00:00,60.07,125.05,75.77000000000001,25.765
2021-05-03 10:00:00,47.18,99.06,75.77000000000001,25.765
2021-05-03 11:00:00,49.23,98.92,75.77000000000001,25.765
2021-05-03 12:00:00,49.15,104.85,75.77000000000001,25.765
2021-05-03 13:00:00,54.98,125.0,75.77000000000001,25.765
2021-05-03 14:00:00,54.3,118.05,75.77000000000001,25.765
2021-05-03 15:00:00,54.84,118.31,75.77000000000001,25.765
2021-05-03 16:00:00,43.18,102.07,75.77000000000001,25.765
2021-05-03 17:00:00,31.68,87.77,75.77000000000001,25.765
2021-05-03 18:00:00,31.7,83.46,75.77000000000001,25.765
2021-05-03 19:00:00,30.3,81.45,75.77000000000001,25.765
2021-05-03 20:00:00,29.16,77.92,75.77000000000001,25.765
2021-05-03 21:00:00,29.0,75.37,75.77000000000001,25.765
2021-05-03 22:00:00,24.77,67.52,75.77000000000001,25.765
2021-05-03 23:00:00,24.85,63.54,75.77000000000001,25.765
2021-05-04 00:00:00,25.0,67.83,75.77000000000001,25.765
2021-05-04 01:00:00,29.22,72.08,75.77000000000001,25.765
2021-05-04 02:00:00,30.0,65.31,75.77000000000001,25.765
2021-05-04 03:00:00,24.93,55.3,75.77000000000001,25.765
2021-05-04 04:00:00,19.78,42.0,75.77000000000001,25.765
2021-05-04 05:00:00,20.69,40.0,75.77000000000001,25.765
2021-05-04 06:00:00,13.38,39.23,75.77000000000001,25.765
2021-05-04 07:00:00,17.07,47.0,75.77000000000001,25.765
2021-05-04 08:00:00,34.89,78.55,75.77000000000001,25.765
2021-05-04 09:00:00,38.0,78.73,75.77000000000001,25.765
2021-05-04 10:00:00,43.91,91.39,75.77000000000001,25.765
2021-05-04 11:00:00,43.28,108.68,75.77000000000001,25.765
2021-05-04 12:00:00,43.0,113.07,75.77000000000001,25.765
2021-05-04 13:00:00,37.1,96.69,75.77000000000001,25.765
2021-05-04 14:00:00,27.53,73.92,75.77000000000001,25.765
2021-05-04 15:00:00,20.09,67.69,75.77000000000001,25.765
2021-05-04 16:00:00,13.93,71.62,75.77000000000001,25.765
2021-05-04 17:00:00,22.32,93.0,75.77000000000001,25.765
2021-05-04 18:00:00,27.38,78.0,75.77000000000001,25.765
2021-05-04 19:00:00,25.47,79.54,75.77000000000001,25.765
2021-05-04 20:00:00,23.31,71.53,75.77000000000001,25.765
2021-05-04 21:00:00,33.17,75.16,75.77000000000001,25.765
2021-05-04 22:00:00,29.92,73.15,75.77000000000001,25.765
2021-05-04 23:00:00,34.07,69.69,75.77000000000001,25.765
2021-05-05 00:00:00,27.4,61.0,75.77000000000001,25.765
2021-05-05 01:00:00,32.75,71.81,75.77000000000001,25.765
2021-05-05 02:00:00,23.02,54.23,75.77000000000001,25.765
2021-05-05 03:00:00,18.47,44.92,75.77000000000001,25.765
2021-05-05 04:00:00,18.0,40.14,75.77000000000001,25.765
2021-05-05 05:00:00,18.85,37.46,75.77000000000001,25.765
2021-05-05 06:00:00,22.38,33.91,75.77000000000001,25.765
2021-05-05 07:00:00,23.0,38.0,75.77000000000001,25.765
2021-05-05 08:00:00,25.53,42.0,75.77000000000001,25.765
2021-05-05 09:00:00,26.0,56.62,75.77000000000001,25.765
2021-05-05 10:00:00,22.61,62.54,75.77000000000001,25.765
2021-05-05 11:00:00,26.22,63.0,75.77000000000001,25.765
2021-05-05 12:00:00,27.85,78.39,75.77000000000001,25.765
2021-05-05 13:00:00,24.62,72.23,75.77000000000001,25.765
2021-05-05 14:00:00,27.38,69.0,75.77000000000001,25.765
2021-05-05 15:00:00,28.85,69.77,75.77000000000001,25.765
2021-05-05 16:00:00,23.09,70.0,75.77000000000001,25.765
2021-05-05 17:00:00,22.84,74.63,75.77000000000001,25.765
2021-05-05 18:00:00,30.62,89.9,75.77000000000001,25.765
2021-05-05 19:00:00,26.09,84.0,75.77000000000001,25.765
2021-05-05 20:00:00,27.54,73.28,75.77000000000001,25.765
2021-05-05 21:00:00,31.39,68.28,75.77000000000001,25.765
2021-05-05 22:00:00,30.31,64.38,75.77000000000001,25.765
2021-05-05 23:00:00,20.71,62.45,75.77000000000001,25.765
2021-05-06 00:00:00,19.84,53.53,75.77000000000001,25.765
2021-05-06 01:00:00,22.54,46.15,75.77000000000001,25.765
2021-05-06 02:00:00,21.31,42.77,75.77000000000001,25.765
2021-05-06 03:00:00,17.62,37.62,75.77000000000001,25.765
2021-05-06 04:00:00,14.46,35.23,75.77000000000001,25.765
2021-05-06 05:00:00,19.91,35.0,75.77000000000001,25.765
2021-05-06 06:00:00,17.62,28.0,75.77000000000001,25.765
2021-05-06 07:00:00,20.38,38.0,75.77000000000001,25.765
2021-05-06 08:00:00,26.93,48.77,75.77000000000001,25.765
2021-05-06 09:00:00,34.75,69.7,75.77000000000001,25.765
2021-05-06 10:00:00,32.61,75.0,75.77000000000001,25.765
2021-05-06 11:00:00,30.3,83.09,75.77000000000001,25.765
2021-05-06 12:00:00,24.09,82.31,75.77000000000001,25.765
2021-05-06 13:00:00,19.61,68.42,75.77000000000001,25.765
2021-05-06 14:00:00,22.38,65.0,75.77000000000001,25.765
2021-05-06 15:00:00,17.92,64.23,75.77000000000001,25.765
2021-05-06 16:00:00,21.23,71.72,75.77000000000001,25.765
2021-05-06 17:00:00,21.16,75.0,75.77000000000001,25.765
2021-05-06 18:00:00,21.85,63.0,75.77000000000001,25.765
2021-05-06 19:00:00,22.84,70.69,75.77000000000001,25.765
2021-05-06 20:00:00,17.09,69.14,75.77000000000001,25.765
2021-05-06 21:00:00,25.29,67.23,75.77000000000001,25.765
2021-05-06 22:00:00,22.78,65.46,75.77000000000001,25.765
2021-05-06 23:00:00,36.36,76.54,75.77000000000001,25.765
2021-05-07 00:00:00,26.35,63.9,75.77000000000001,25.765
2021-05-07 01:00:00,26.54,54.69,75.77000000000001,25.765
2021-05-07 02:00:00,21.09,49.36,75.77000000000001,25.765
2021-05-07 03:00:00,23.39,52.6,75.77000000000001,25.765
2021-05-07 04:00:00,24.85,51.69,75.77000000000001,25.765
2021-05-07 05:00:00,23.31,44.82,75.77000000000001,25.765
2021-05-07 06:00:00,17.07,42.23,75.77000000000001,25.765
2021-05-07 07:00:00,17.69,42.0,75.77000000000001,25.765
2021-05-07 08:00:00,29.02,68.16,75.77000000000001,25.765
2021-05-07 09:00:00,29.31,77.55,75.77000000000001,25.765
2021-05-07 10:00:00,34.08,88.0,75.77000000000001,25.765
2021-05-07 11:00:00,31.61,90.0,75.77000000000001,25.765
2021-05-07 12:00:00,32.68,103.85,75.77000000000001,25.765
2021-05-07 13:00:00,28.78,93.38,75.77000000000001,25.765
2021-05-07 14:00:00,29.69,83.61,75.77000000000001,25.765
2021-05-07 15:00:00,25.78,78.91,75.77000000000001,25.765
2021-05-07 16:00:00,24.16,66.46,75.77000000000001,25.765
2021-05-07 17:00:00,20.61,61.46,75.77000000000001,25.765
2021-05-07 18:00:00,23.38,65.62,75.77000000000001,25.765
2021-05-07 19:00:00,24.84,67.54,75.77000000000001,25.765
2021-05-07 20:00:00,24.16,69.08,75.77000000000001,25.765
2021-05-07 21:00:00,28.22,66.14,75.77000000000001,25.765
2021-05-07 22:00:00,32.38,71.95,75.77000000000001,25.765
2021-05-07 23:00:00,29.61,68.61,75.77000000000001,25.765
2021-05-08 00:00:00,29.84,69.3,75.77000000000001,25.765
2021-05-08 01:00:00,31.69,66.15,75.77000000000001,25.765
2021-05-08 02:00:00,25.25,48.0,75.77000000000001,25.765
2021-05-08 03:00:00,27.38,44.0,75.77000000000001,25.765
2021-05-08 04:00:00,28.0,48.62,75.77000000000001,25.765
2021-05-08 05:00:00,19.55,41.53,75.77000000000001,25.765
2021-05-08 06:00:00,18.84,42.08,75.77000000000001,25.765
2021-05-08 07:00:00,19.84,45.31,75.77000000000001,25.765
2021-05-08 08:00:00,20.84,49.85,75.77000000000001,25.765
2021-05-08 09:00:00,23.54,60.27,75.77000000000001,25.765
2021-05-08 10:00:00,22.3,60.7,75.77000000000001,25.765
2021-05-08 11:00:00,26.22,69.23,75.77000000000001,25.765
2021-05-08 12:00:00,32.07,93.55,75.77000000000001,25.765
2021-05-08 13:00:00,25.4,87.69,75.77000000000001,25.765
2021-05-08 14:00:00,22.31,66.0,75.77000000000001,25.765
2021-05-08 15:00:00,19.47,57.0,75.77000000000001,25.765
2021-05-08 16:00:00,20.69,59.31,75.77000000000001,25.765
2021-05-08 17:00:00,15.92,62.31,75.77000000000001,25.765
2021-05-08 18:00:00,22.6,63.0,75.77000000000001,25.765
2021-05-08 19:00:00,21.47,63.77,75.77000000000001,25.765
2021-05-08 20:00:00,21.0,57.84,75.77000000000001,25.765
2021-05-08 21:00:00,15.09,52.15,75.77000000000001,25.765
2021-05-08 22:00:00,17.38,55.85,75.77000000000001,25.765
2021-05-08 23:00:00,22.22,62.16,75.77000000000001,25.765
2021-05-09 00:00:00,17.11,63.07,75.77000000000001,25.765
2021-05-09 01:00:00,16.84,103.34,75.77000000000001,25.765
2021-05-09 02:00:00,17.0,103.34,75.77000000000001,25.765
2021-05-09 03:00:00,17.0,103.34,75.77000000000001,25.765
2021-05-09 04:00:00,14.47,40.84,75.77000000000001,25.765
2021-05-09 05:00:00,17.38,39.0,75.77000000000001,25.765
2021-05-09 06:00:00,13.78,39.77,75.77000000000001,25.765
2021-05-09 07:00:00,13.85,33.0,75.77000000000001,25.765
2021-05-09 08:00:00,17.38,52.0,75.77000000000001,25.765
2021-05-09 09:00:00,19.69,73.62,75.77000000000001,25.765
2021-05-09 10:00:00,26.75,96.93,75.77000000000001,25.765
2021-05-09 11:00:00,25.47,94.31,75.77000000000001,25.765
2021-05-09 12:00:00,25.0,90.46,75.77000000000001,25.765
2021-05-09 13:00:00,19.09,83.84,75.77000000000001,25.765
2021-05-09 14:00:00,19.69,73.53,75.77000000000001,25.765
2021-05-09 15:00:00,19.16,68.31,75.77000000000001,25.765
2021-05-09 16:00:00,13.92,65.47,75.77000000000001,25.765
2021-05-09 17:00:00,16.41,65.0,75.77000000000001,25.765
2021-05-09 18:00:00,17.0,61.15,75.77000000000001,25.765
2021-05-09 19:00:00,17.0,56.15,75.77000000000001,25.765
2021-05-09 20:00:00,17.0,58.07,75.77000000000001,25.765
2021-05-09 21:00:00,17.85,51.33,75.77000000000001,25.765
2021-05-09 22:00:00,13.78,48.23,75.77000000000001,25.765
2021-05-09 23:00:00,14.69,51.08,75.77000000000001,25.765
2021-05-10 00:00:00,10.78,48.0,75.77000000000001,25.765
2021-05-10 01:00:00,14.22,41.0,75.77000000000001,25.765
2021-05-10 02:00:00,5.71,37.93,75.77000000000001,25.765
2021-05-10 03:00:00,9.91,37.77,75.77000000000001,25.765
2021-05-10 04:00:00,8.47,35.69,75.77000000000001,25.765
2021-05-10 05:00:00,10.53,28.1,75.77000000000001,25.765
2021-05-10 06:00:00,11.0,26.0,75.77000000000001,25.765
2021-05-10 07:00:00,11.0,32.13,75.77000000000001,25.765
2021-05-10 08:00:00,11.0,38.31,75.77000000000001,25.765
2021-05-10 09:00:00,14.38,46.85,75.77000000000001,25.765
2021-05-10 10:00:00,11.62,49.46,75.77000000000001,25.765
2021-05-10 11:00:00,16.91,52.07,75.77000000000001,25.765
2021-05-10 12:00:00,21.38,72.23,75.77000000000001,25.765
2021-05-10 13:00:00,16.92,68.0,75.77000000000001,25.765
2021-05-10 14:00:00,12.61,65.77,75.77000000000001,25.765
2021-05-10 15:00:00,13.69,56.77,75.77000000000001,25.765
2021-05-10 16:00:00,14.0,55.0,75.77000000000001,25.765
2021-05-10 17:00:00,14.85,58.09,75.77000000000001,25.765
2021-05-10 18:00:00,15.85,56.69,75.77000000000001,25.765
2021-05-10 19:00:00,15.15,50.63,75.77000000000001,25.765
2021-05-10 20:00:00,18.38,53.62,75.77000000000001,25.765
2021-05-10 21:00:00,16.48,49.62,75.77000000000001,25.765
2021-05-10 22:00:00,16.84,43.69,75.77000000000001,25.765
2021-05-10 23:00:00,18.69,40.77,75.77000000000001,25.765
2021-05-11 00:00:00,17.32,39.47,75.77000000000001,25.765
2021-05-11 01:00:00,16.16,29.77,75.77000000000001,25.765
2021-05-11 02:00:00,16.84,28.0,75.77000000000001,25.765
2021-05-11 03:00:00,15.31,25.84,75.77000000000001,25.765
2021-05-11 04:00:00,17.53,27.08,75.77000000000001,25.765
2021-05-11 05:00:00,18.84,26.92,75.77000000000001,25.765
2021-05-11 06:00:00,22.38,28.0,75.77000000000001,25.765
2021-05-11 07:00:00,18.78,33.0,75.77000000000001,25.765
2021-05-11 08:00:00,23.07,44.54,75.77000000000001,25.765
2021-05-11 09:00:00,19.77,81.98,75.77000000000001,25.765
2021-05-11 10:00:00,20.69,44.0,75.77000000000001,25.765
2021-05-11 11:00:00,21.0,40.17,75.77000000000001,25.765
2021-05-11 12:00:00,18.47,39.0,75.77000000000001,25.765
2021-05-11 13:00:00,18.0,40.53,75.77000000000001,25.765
2021-05-11 14:00:00,14.62,37.15,75.77000000000001,25.765
2021-05-11 15:00:00,14.0,38.3,75.77000000000001,25.765
2021-05-11 16:00:00,13.15,36.69,75.77000000000001,25.765
2021-05-11 17:00:00,14.69,37.53,75.77000000000001,25.765
2021-05-11 18:00:00,14.15,39.0,75.77000000000001,25.765
2021-05-11 19:00:00,19.07,37.0,75.77000000000001,25.765
2021-05-11 20:00:00,14.09,37.0,75.77000000000001,25.765
2021-05-11 21:00:00,17.22,35.46,75.77000000000001,25.765
2021-05-11 22:00:00,16.32,38.85,75.77000000000001,25.765
2021-05-11 23:00:00,17.69,36.15,75.77000000000001,25.765
2021-05-12 00:00:00,13.79,33.46,75.77000000000001,25.765
2021-05-12 01:00:00,16.38,33.0,75.77000000000001,25.765
2021-05-12 02:00:00,17.0,35.31,75.77000000000001,25.765
2021-05-12 03:00:00,16.16,32.17,75.77000000000001,25.765
2021-05-12 04:00:00,33.73,103.34,75.77000000000001,25.765
2021-05-12 05:00:00,30.24,103.34,75.77000000000001,25.765
2021-05-12 06:00:00,18.87,103.34,75.77000000000001,25.765
2021-05-12 07:00:00,15.31,103.34,75.77000000000001,25.765
2021-05-12 08:00:00,15.0,103.34,75.77000000000001,25.765
2021-05-12 09:00:00,13.32,103.34,75.77000000000001,25.765
2021-05-12 10:00:00,14.69,103.34,75.77000000000001,25.765
2021-05-12 11:00:00,15.85,103.34,75.77000000000001,25.765
2021-05-12 12:00:00,18.52,52.67,75.77000000000001,25.765
2021-05-12 13:00:00,19.0,51.15,75.77000000000001,25.765
2021-05-12 14:00:00,14.79,44.0,75.77000000000001,25.765
2021-05-12 15:00:00,14.85,42.0,75.77000000000001,25.765
2021-05-12 16:00:00,14.15,38.15,75.77000000000001,25.765
2021-05-12 17:00:00,14.85,41.62,75.77000000000001,25.765
2021-05-12 18:00:00,12.47,46.07,75.77000000000001,25.765
2021-05-12 19:00:00,8.62,53.9,75.77000000000001,25.765
2021-05-12 20:00:00,11.38,45.23,75.77000000000001,25.765
2021-05-12 21:00:00,14.53,42.77,75.77000000000001,25.765
2021-05-12 22:00:00,14.15,37.62,75.77000000000001,25.765
2021-05-12 23:00:00,15.69,53.0,75.77000000000001,25.765
2021-05-13 00:00:00,8.43,42.0,75.77000000000001,25.765
2021-05-13 01:00:00,8.69,49.7,75.77000000000001,25.765
2021-05-13 02:00:00,15.75,100.3,75.77000000000001,25.765
2021-05-13 03:00:00,16.16,88.07,75.77000000000001,25.765
2021-05-13 04:00:00,11.77,67.69,75.77000000000001,25.765
2021-05-13 05:00:00,17.75,55.53,75.77000000000001,25.765
2021-05-13 06:00:00,18.15,45.33,75.77000000000001,25.765
2021-05-13 07:00:00,18.0,59.93,75.77000000000001,25.765
2021-05-13 08:00:00,18.0,63.94,75.77000000000001,25.765
2021-05-13 09:00:00,19.68,58.2,75.77000000000001,25.765
2021-05-13 10:00:00,12.4,57.85,75.77000000000001,25.765
2021-05-13 11:00:00,15.22,67.47,75.77000000000001,25.765
2021-05-13 12:00:00,17.69,66.17,75.77000000000001,25.765
2021-05-13 13:00:00,18.0,65.0,75.77000000000001,25.765
2021-05-13 14:00:00,10.4,54.27,75.77000000000001,25.765
2021-05-13 15:00:00,14.07,54.07,75.77000000000001,25.765
2021-05-13 16:00:00,15.85,49.0,75.77000000000001,25.765
2021-05-13 17:00:00,16.0,53.0,75.77000000000001,25.765
2021-05-13 18:00:00,16.0,56.07,75.77000000000001,25.765
2021-05-13 19:00:00,22.75,62.37,75.77000000000001,25.765
2021-05-13 20:00:00,14.74,62.47,75.77000000000001,25.765
2021-05-13 21:00:00,19.75,62.77,75.77000000000001,25.765
2021-05-13 22:00:00,17.62,56.08,75.77000000000001,25.765
2021-05-13 23:00:00,22.07,59.37,75.77000000000001,25.765
2021-05-14 00:00:00,22.16,53.33,75.77000000000001,25.765
2021-05-14 01:00:00,22.84,44.6,75.77000000000001,25.765
2021-05-14 02:00:00,19.63,40.53,75.77000000000001,25.765
2021-05-14 03:00:00,15.63,36.38,75.77000000000001,25.765
2021-05-14 04:00:00,16.69,35.77,75.77000000000001,25.765
2021-05-14 05:00:00,15.31,38.3,75.77000000000001,25.765
2021-05-14 06:00:00,13.31,32.87,75.77000000000001,25.765
2021-05-14 07:00:00,21.45,125.3,75.77000000000001,25.765
2021-05-14 08:00:00,19.61,83.16,75.77000000000001,25.765
2021-05-14 09:00:00,19.0,58.0,75.77000000000001,25.765
2021-05-14 10:00:00,18.16,61.07,75.77000000000001,25.765
2021-05-14 11:00:00,19.69,60.46,75.77000000000001,25.765
2021-05-14 12:00:00,20.84,76.1,75.77000000000001,25.765
2021-05-14 13:00:00,21.0,76.38,75.77000000000001,25.765
2021-05-14 14:00:00,23.53,75.77,75.77000000000001,25.765
2021-05-14 15:00:00,17.25,69.84,75.77000000000001,25.765
2021-05-14 16:00:00,16.0,88.7,75.77000000000001,25.765
2021-05-14 17:00:00,16.84,82.06,75.77000000000001,25.765
2021-05-14 18:00:00,15.31,65.66,75.77000000000001,25.765
2021-05-14 19:00:00,19.21,57.17,75.77000000000001,25.765
2021-05-14 20:00:00,15.79,54.47,75.77000000000001,25.765
2021-05-14 21:00:00,13.31,50.93,75.77000000000001,25.765
2021-05-14 22:00:00,12.15,43.87,75.77000000000001,25.765
2021-05-14 23:00:00,12.85,43.53,75.77000000000001,25.765
2021-05-15 00:00:00,11.32,48.6,75.77000000000001,25.765
2021-05-15 01:00:00,14.37,40.8,75.77000000000001,25.765
2021-05-15 02:00:00,14.16,39.0,75.77000000000001,25.765
2021-05-15 03:00:00,25.02,46.0,75.77000000000001,25.765
2021-05-15 04:00:00,18.55,40.63,75.77000000000001,25.765
2021-05-15 05:00:00,27.17,46.67,75.77000000000001,25.765
2021-05-15 06:00:00,27.31,44.4,75.77000000000001,25.765
2021-05-15 07:00:00,19.43,57.62,75.77000000000001,25.765
2021-05-15 08:00:00,25.6,72.73,75.77000000000001,25.765
2021-05-15 09:00:00,43.89,83.47,75.77000000000001,25.765
2021-05-15 10:00:00,47.0,115.6,75.77000000000001,25.765
2021-05-15 11:00:00,61.36,141.07,75.77000000000001,25.765
2021-05-15 12:00:00,58.09,139.69,75.77000000000001,25.765
2021-05-15 13:00:00,56.16,145.13,75.77000000000001,25.765
2021-05-15 14:00:00,59.38,134.73,75.77000000000001,25.765
2021-05-15 15:00:00,61.68,139.43,75.77000000000001,25.765
2021-05-15 16:00:00,80.58,176.5,75.77000000000001,25.765
2021-05-15 17:00:00,74.71,161.79,75.77000000000001,25.765
2021-05-15 18:00:00,56.95,144.0,75.77000000000001,25.765
2021-05-15 19:00:00,55.69,139.38,75.77000000000001,25.765
2021-05-15 20:00:00,55.16,132.63,75.77000000000001,25.765
2021-05-15 21:00:00,57.52,131.0,75.77000000000001,25.765
2021-05-15 22:00:00,48.71,131.0,75.77000000000001,25.765
2021-05-15 23:00:00,55.42,153.0,75.77000000000001,25.765
2021-05-16 00:00:00,60.37,186.85,75.77000000000001,25.765
2021-05-16 01:00:00,37.43,124.79,75.77000000000001,25.765
2021-05-16 02:00:00,30.46,61.4,75.77000000000001,25.765
2021-05-16 03:00:00,34.22,56.93,75.77000000000001,25.765
2021-05-16 04:00:00,29.95,45.27,75.77000000000001,25.765
2021-05-16 05:00:00,9.58,20.53,75.77000000000001,25.765
2021-05-16 06:00:00,4.31,11.87,75.77000000000001,25.765
2021-05-16 07:00:00,5.68,14.8,75.77000000000001,25.765
2021-05-16 08:00:00,5.16,19.77,75.77000000000001,25.765
2021-05-16 09:00:00,10.89,35.28,75.77000000000001,25.765
2021-05-16 10:00:00,11.15,35.4,75.77000000000001,25.765
2021-05-16 11:00:00,11.85,37.83,59.14,35.14
2021-05-16 12:00:00,12.0,42.07,75.77000000000001,25.765
2021-05-16 13:00:00,9.47,45.3,75.77000000000001,25.765
2021-05-16 14:00:00,14.91,40.0,75.77000000000001,25.765
2021-05-16 15:00:00,16.0,45.0,75.77000000000001,25.765
2021-05-16 16:00:00,10.95,41.93,75.77000000000001,25.765
2021-05-16 17:00:00,52.15,42.53,75.77000000000001,25.765
2021-05-16 18:00:00,52.15,41.47,75.77000000000001,25.765
2021-05-16 19:00:00,52.15,50.6,75.77000000000001,25.765
2021-05-16 20:00:00,52.15,51.0,75.77000000000001,25.765
2021-05-16 21:00:00,52.15,60.2,75.77000000000001,25.765
2021-05-16 22:00:00,52.15,40.0,75.77000000000001,25.765
2021-05-16 23:00:00,52.15,35.3,75.77000000000001,25.765
2021-05-17 00:00:00,52.15,37.59,75.77000000000001,25.765
2021-05-17 01:00:00,52.15,43.0,75.77000000000001,25.765
2021-05-17 02:00:00,52.15,38.4,75.77000000000001,25.765
2021-05-17 03:00:00,52.15,30.87,75.77000000000001,25.765
2021-05-17 04:00:00,52.15,32.83,75.77000000000001,25.765
2021-05-17 05:00:00,52.15,30.8,75.77000000000001,25.765
2021-05-17 06:00:00,52.15,19.0,75.77000000000001,25.765
2021-05-17 07:00:00,52.15,12.1,75.77000000000001,25.765
2021-05-17 08:00:00,52.15,9.23,75.77000000000001,25.765
2021-05-17 09:00:00,52.15,10.53,75.77000000000001,25.765
2021-05-17 10:00:00,52.15,17.0,75.77000000000001,25.765
2021-05-17 11:00:00,52.15,12.73,75.77000000000001,25.765
2021-05-17 12:00:00,52.15,14.34,75.77000000000001,25.765
2021-05-17 13:00:00,52.15,18.23,75.77000000000001,25.765
2021-05-17 14:00:00,52.15,8.03,75.77000000000001,25.765
2021-05-17 15:00:00,52.15,18.03,75.77000000000001,25.765
2021-05-17 16:00:00,52.15,32.73,75.77000000000001,25.765
2021-05-17 17:00:00,52.15,41.37,75.77000000000001,25.765
2021-05-17 18:00:00,52.15,28.43,75.77000000000001,25.765
2021-05-17 19:00:00,52.15,18.62,75.77000000000001,25.765
2021-05-17 20:00:00,52.15,41.0,97.55,27.03
2021-05-17 21:00:00,52.15,38.0,75.77000000000001,25.765
2021-05-17 22:00:00,52.15,34.18,75.77000000000001,25.765
2021-05-17 23:00:00,52.15,27.62,75.77000000000001,25.765
2021-05-18 00:00:00,52.15,28.29,75.77000000000001,25.765
2021-05-18 01:00:00,52.15,26.7,75.77000000000001,25.765
2021-05-18 02:00:00,52.15,27.53,75.77000000000001,25.765
2021-05-18 03:00:00,52.15,28.77,75.77000000000001,25.765
2021-05-18 04:00:00,52.15,30.06,75.77000000000001,25.765
2021-05-18 05:00:00,52.15,35.8,75.77000000000001,25.765
2021-05-18 06:00:00,52.15,33.89,75.77000000000001,25.765
2021-05-18 07:00:00,52.15,38.9,75.77000000000001,25.765
2021-05-18 08:00:00,52.15,34.87,75.77000000000001,25.765
2021-05-18 09:00:00,52.15,31.47,75.77000000000001,25.765
2021-05-18 10:00:00,52.15,38.67,75.77000000000001,25.765
2021-05-18 11:00:00,52.15,52.5,75.77000000000001,25.765
2021-05-18 12:00:00,52.15,59.07,75.77000000000001,25.765
2021-05-18 13:00:00,52.15,66.0,75.77000000000001,25.765
2021-05-18 14:00:00,52.15,65.0,75.77000000000001,25.765
2021-05-18 15:00:00,52.15,69.0,75.77000000000001,25.765
2021-05-18 16:00:00,52.15,70.53,75.77000000000001,25.765
2021-05-18 17:00:00,52.15,62.0,75.77000000000001,25.765
2021-05-18 18:00:00,52.15,58.8,75.77000000000001,25.765
2021-05-18 19:00:00,52.15,59.7,75.77000000000001,25.765
2021-05-18 20:00:00,52.15,69.13,75.77000000000001,25.765
2021-05-18 21:00:00,52.15,64.1,75.77000000000001,25.765
2021-05-18 22:00:00,52.15,58.95,75.77000000000001,25.765
2021-05-18 23:00:00,52.15,58.0,75.77000000000001,25.765
2021-05-19 00:00:00,52.15,57.2,75.77000000000001,25.765
2021-05-19 01:00:00,52.15,40.14,75.77000000000001,25.765
2021-05-19 02:00:00,52.15,30.4,75.77000000000001,25.765
2021-05-19 03:00:00,52.15,29.0,75.77000000000001,25.765
2021-05-19 04:00:00,52.15,103.34,75.77000000000001,25.765
2021-05-19 05:00:00,52.15,103.34,75.77000000000001,25.765
2021-05-19 06:00:00,52.15,103.34,75.77000000000001,25.765
2021-05-19 07:00:00,52.15,103.34,75.77000000000001,25.765
2021-05-19 08:00:00,52.15,103.34,75.77000000000001,25.765
2021-05-19 09:00:00,52.15,103.34,75.77000000000001,25.765
2021-05-19 10:00:00,52.15,103.34,75.77000000000001,25.765
2021-05-19 11:00:00,52.15,103.34,75.77000000000001,25.765
2021-05-19 12:00:00,52.15,103.34,75.77000000000001,25.765
2021-05-19 13:00:00,52.15,103.34,75.77000000000001,25.765
2021-05-19 14:00:00,52.15,103.34,75.77000000000001,25.765
2021-05-19 15:00:00,52.15,103.34,75.77000000000001,25.765
2021-05-19 16:00:00,52.15,103.34,75.77000000000001,25.765
2021-05-19 17:00:00,52.15,103.34,75.77000000000001,25.765
2021-05-19 18:00:00,52.15,103.34,75.77000000000001,25.765
2021-05-19 19:00:00,52.15,103.34,75.77000000000001,25.765
2021-05-19 20:00:00,52.15,103.34,75.77000000000001,25.765
2021-05-19 21:00:00,52.15,103.34,75.77000000000001,25.765
2021-05-19 22:00:00,52.15,103.34,75.77000000000001,25.765
2021-05-19 23:00:00,52.15,103.34,75.77000000000001,25.765
2021-05-20 00:00:00,52.15,103.34,75.77000000000001,25.765
2021-05-20 01:00:00,52.15,103.34,75.77000000000001,25.765
2021-05-20 02:00:00,52.15,103.34,75.77000000000001,25.765
2021-05-20 03:00:00,52.15,103.34,75.77000000000001,25.765
2021-05-20 04:00:00,52.15,103.34,75.77000000000001,25.765
2021-05-20 05:00:00,52.15,103.34,75.77000000000001,25.765
2021-05-20 06:00:00,52.15,103.34,75.77000000000001,25.765
2021-05-20 07:00:00,52.15,103.34,75.77000000000001,25.765
2021-05-20 08:00:00,52.15,103.34,75.77000000000001,25.765
2021-05-20 09:00:00,52.15,103.34,75.77000000000001,25.765
2021-05-20 10:00:00,52.15,103.34,75.77000000000001,25.765
2021-05-20 11:00:00,52.15,103.34,75.77000000000001,25.765
2021-05-20 12:00:00,52.15,103.34,75.77000000000001,25.765
2021-05-20 13:00:00,52.15,103.34,75.77000000000001,25.765
2021-05-20 14:00:00,52.15,103.34,75.77000000000001,25.765
2021-05-20 15:00:00,52.15,103.34,75.77000000000001,25.765
2021-05-20 16:00:00,52.15,103.34,75.77000000000001,25.765
2021-05-20 17:00:00,52.15,103.34,75.77000000000001,25.765
2021-05-20 18:00:00,52.15,103.34,75.77000000000001,25.765
2021-05-20 19:00:00,52.15,103.34,75.77000000000001,25.765
2021-05-20 20:00:00,52.15,103.34,75.77000000000001,25.765
2021-05-20 21:00:00,52.15,103.34,75.77000000000001,25.765
2021-05-20 22:00:00,52.15,103.34,75.77000000000001,25.765
2021-05-20 23:00:00,52.15,103.34,75.77000000000001,25.765
2021-05-21 00:00:00,52.15,103.34,75.77000000000001,25.765
2021-05-21 01:00:00,52.15,103.34,75.77000000000001,25.765
2021-05-21 02:00:00,52.15,103.34,75.77000000000001,25.765
2021-05-21 03:00:00,52.15,103.34,75.77000000000001,25.765
2021-05-21 04:00:00,52.15,103.34,75.77000000000001,25.765
2021-05-21 05:00:00,52.15,103.34,75.77000000000001,25.765
2021-05-21 06:00:00,52.15,103.34,75.77000000000001,25.765
2021-05-21 07:00:00,52.15,103.34,75.77000000000001,25.765
2021-05-21 08:00:00,52.15,103.34,75.77000000000001,25.765
2021-05-21 09:00:00,52.15,103.34,75.77000000000001,25.765
2021-05-21 10:00:00,52.15,103.34,75.77000000000001,25.765
2021-05-21 11:00:00,52.15,103.34,75.77000000000001,25.765
2021-05-21 12:00:00,52.15,103.34,75.77000000000001,25.765
2021-05-21 13:00:00,52.15,103.34,75.77000000000001,25.765
2021-05-21 14:00:00,52.15,103.34,75.77000000000001,25.765
2021-05-21 15:00:00,52.15,103.34,75.77000000000001,25.765
2021-05-21 16:00:00,52.15,103.34,75.77000000000001,25.765
2021-05-21 17:00:00,52.15,103.34,75.77000000000001,25.765
2021-05-21 18:00:00,52.15,103.34,75.77000000000001,25.765
2021-05-21 19:00:00,52.15,103.34,75.77000000000001,25.765
2021-05-21 20:00:00,52.15,103.34,75.77000000000001,25.765
2021-05-21 21:00:00,52.15,103.34,75.77000000000001,25.765
2021-05-21 22:00:00,52.15,103.34,75.77000000000001,25.765
2021-05-21 23:00:00,52.15,103.34,75.77000000000001,25.765
2021-05-22 00:00:00,52.15,103.34,75.77000000000001,25.765
2021-05-22 01:00:00,52.15,103.34,75.77000000000001,25.765
2021-05-22 02:00:00,52.15,103.34,75.77000000000001,25.765
2021-05-22 03:00:00,52.15,103.34,75.77000000000001,25.765
2021-05-22 04:00:00,52.15,103.34,75.77000000000001,25.765
2021-05-22 05:00:00,52.15,103.34,75.77000000000001,25.765
2021-05-22 06:00:00,52.15,103.34,75.77000000000001,25.765
2021-05-22 07:00:00,52.15,103.34,75.77000000000001,25.765
2021-05-22 08:00:00,52.15,103.34,75.77000000000001,25.765
2021-05-22 09:00:00,52.15,103.34,75.77000000000001,25.765
2021-05-22 10:00:00,52.15,103.34,75.77000000000001,25.765
2021-05-22 11:00:00,52.15,103.34,75.77000000000001,25.765
2021-05-22 12:00:00,52.15,103.34,75.77000000000001,25.765
2021-05-22 13:00:00,34.0,106.0,75.77000000000001,25.765
2021-05-22 14:00:00,27.27,99.12,75.77000000000001,25.765
2021-05-22 15:00:00,28.52,102.0,75.77000000000001,25.765
2021-05-22 16:00:00,30.68,122.0,75.77000000000001,25.765
2021-05-22 17:00:00,27.62,105.9,75.77000000000001,25.765
2021-05-22 18:00:00,23.61,106.35,75.77000000000001,25.765
2021-05-22 19:00:00,32.26,109.53,75.77000000000001,25.765
2021-05-22 20:00:00,31.48,108.47,75.77000000000001,25.765
2021-05-22 21:00:00,33.52,106.94,75.77000000000001,25.765
2021-05-22 22:00:00,27.27,95.87,75.77000000000001,25.765
2021-05-22 23:00:00,27.68,88.53,75.77000000000001,25.765
2021-05-23 00:00:00,22.11,85.95,75.77000000000001,25.765
2021-05-23 01:00:00,24.37,85.77,75.77000000000001,25.765
2021-05-23 02:00:00,27.52,82.18,75.77000000000001,25.765
2021-05-23 03:00:00,23.79,76.4,75.77000000000001,25.765
2021-05-23 04:00:00,19.62,67.0,75.77000000000001,25.765
2021-05-23 05:00:00,23.21,65.47,75.77000000000001,25.765
2021-05-23 06:00:00,23.16,61.84,75.77000000000001,25.765
2021-05-23 07:00:00,21.32,58.47,75.77000000000001,25.765
2021-05-23 08:00:00,21.84,48.0,75.77000000000001,25.765
2021-05-23 09:00:00,21.16,60.98,75.77000000000001,25.765
2021-05-23 10:00:00,26.89,76.46,75.77000000000001,25.765
2021-05-23 11:00:00,25.48,75.42,75.77000000000001,25.765
2021-05-23 12:00:00,29.22,85.0,75.77000000000001,25.765
2021-05-23 13:00:00,25.78,85.0,75.77000000000001,25.765
2021-05-23 14:00:00,22.48,77.33,75.77000000000001,25.765
2021-05-23 15:00:00,26.21,82.64,75.77000000000001,25.765
2021-05-23 16:00:00,27.0,75.83,75.77000000000001,25.765
2021-05-23 17:00:00,27.0,76.06,75.77000000000001,25.765
2021-05-23 18:00:00,22.79,79.0,75.77000000000001,25.765
2021-05-23 19:00:00,23.68,80.0,75.77000000000001,25.765
2021-05-23 20:00:00,26.52,82.29,75.77000000000001,25.765
2021-05-23 21:00:00,25.32,80.71,75.77000000000001,25.765
2021-05-23 22:00:00,26.68,78.47,75.77000000000001,25.765
2021-05-23 23:00:00,25.32,71.12,75.77000000000001,25.765
2021-05-24 00:00:00,26.68,67.47,75.77000000000001,25.765
2021-05-24 01:00:00,20.27,59.0,75.77000000000001,25.765
2021-05-24 02:00:00,17.32,52.0,75.77000000000001,25.765
2021-05-24 03:00:00,17.84,48.0,75.77000000000001,25.765
2021-05-24 04:00:00,18.84,45.71,75.77000000000001,25.765
2021-05-24 05:00:00,21.52,48.83,75.77000000000001,25.765
2021-05-24 06:00:00,17.79,48.47,75.77000000000001,25.765
2021-05-24 07:00:00,14.47,48.0,75.77000000000001,25.765
2021-05-24 08:00:00,19.05,57.6,75.77000000000001,25.765
2021-05-24 09:00:00,27.6,61.42,75.77000000000001,25.765
2021-05-24 10:00:00,25.63,69.17,75.77000000000001,25.765
2021-05-24 11:00:00,26.68,74.29,75.77000000000001,25.765
2021-05-24 12:00:00,23.62,74.47,75.77000000000001,25.765
2021-05-24 13:00:00,22.16,76.0,75.77000000000001,25.765
2021-05-24 14:00:00,22.84,74.0,75.77000000000001,25.765
2021-05-24 15:00:00,23.84,77.06,75.77000000000001,25.765
2021-05-24 16:00:00,20.63,74.18,75.77000000000001,25.765
2021-05-24 17:00:00,21.68,76.82,75.77000000000001,25.765
2021-05-24 18:00:00,22.0,75.71,75.77000000000001,25.765
2021-05-24 19:00:00,22.0,76.59,75.77000000000001,25.765
2021-05-24 20:00:00,22.84,75.89,75.77000000000001,25.765
2021-05-24 21:00:00,26.37,77.06,75.77000000000001,25.765
2021-05-24 22:00:00,27.84,76.47,75.77000000000001,25.765
2021-05-24 23:00:00,22.93,73.36,75.77000000000001,25.765
2021-05-25 00:00:00,21.16,65.25,75.77000000000001,25.765
2021-05-25 01:00:00,16.79,62.11,75.77000000000001,25.765
2021-05-25 02:00:00,20.21,62.47,75.77000000000001,25.765
2021-05-25 03:00:00,21.0,58.84,75.77000000000001,25.765
2021-05-25 04:00:00,33.62,70.52,75.77000000000001,25.765
2021-05-25 05:00:00,42.73,85.0,75.77000000000001,25.765
2021-05-25 06:00:00,35.57,74.0,75.77000000000001,25.765
2021-05-25 07:00:00,23.9,60.0,75.77000000000001,25.765
2021-05-25 08:00:00,22.84,71.0,75.77000000000001,25.765
2021-05-25 09:00:00,26.37,79.43,75.77000000000001,25.765
2021-05-25 10:00:00,27.69,80.0,75.77000000000001,25.765
2021-05-25 11:00:00,22.95,86.0,75.77000000000001,25.765
2021-05-25 12:00:00,22.0,91.37,75.77000000000001,25.765
2021-05-25 13:00:00,22.0,86.87,75.77000000000001,25.765
2021-05-25 14:00:00,24.52,86.59,75.77000000000001,25.765
2021-05-25 15:00:00,21.63,84.84,75.77000000000001,25.765
2021-05-25 16:00:00,26.05,85.16,75.77000000000001,25.765
2021-05-25 17:00:00,26.16,86.47,75.77000000000001,25.765
2021-05-25 18:00:00,21.78,81.42,75.77000000000001,25.765
2021-05-25 19:00:00,22.68,80.0,75.77000000000001,25.765
2021-05-25 20:00:00,20.48,81.53,75.77000000000001,25.765
2021-05-25 21:00:00,24.21,75.89,75.77000000000001,25.765
2021-05-25 22:00:00,24.16,71.0,75.77000000000001,25.765
2021-05-25 23:00:00,24.0,72.53,75.77000000000001,25.765
2021-05-26 00:00:00,20.63,69.95,75.77000000000001,25.765
2021-05-26 01:00:00,19.16,58.27,75.77000000000001,25.765
2021-05-26 02:00:00,14.79,55.77,75.77000000000001,25.765
2021-05-26 03:00:00,17.37,56.53,75.77000000000001,25.765
2021-05-26 04:00:00,18.0,55.44,75.77000000000001,25.765
2021-05-26 05:00:00,21.37,57.82,75.77000000000001,25.765
2021-05-26 06:00:00,23.68,57.47,75.77000000000001,25.765
2021-05-26 07:00:00,20.63,60.82,75.77000000000001,25.765
2021-05-26 08:00:00,18.32,65.82,75.77000000000001,25.765
2021-05-26 09:00:00,17.16,60.12,75.77000000000001,25.765
2021-05-26 10:00:00,17.84,62.58,75.77000000000001,25.765
2021-05-26 11:00:00,20.52,61.0,75.77000000000001,25.765
2021-05-26 12:00:00,21.84,66.0,75.77000000000001,25.765
2021-05-26 13:00:00,19.48,69.06,75.77000000000001,25.765
2021-05-26 14:00:00,22.37,72.29,75.77000000000001,25.765
2021-05-26 15:00:00,22.16,76.82,75.77000000000001,25.765
2021-05-26 16:00:00,23.68,78.0,75.77000000000001,25.765
2021-05-26 17:00:00,22.32,77.23,75.77000000000001,25.765
2021-05-26 18:00:00,24.52,75.4,75.77000000000001,25.765
2021-05-26 19:00:00,20.79,74.0,75.77000000000001,25.765
2021-05-26 20:00:00,17.47,73.23,75.77000000000001,25.765
2021-05-26 21:00:00,22.05,70.71,75.77000000000001,25.765
2021-05-26 22:00:00,23.0,73.06,75.77000000000001,25.765
2021-05-26 23:00:00,20.48,70.18,75.77000000000001,25.765
2021-05-27 00:00:00,19.16,74.33,75.77000000000001,25.765
2021-05-27 01:00:00,13.95,68.36,75.77000000000001,25.765
2021-05-27 02:00:00,17.22,61.0,75.77000000000001,25.765
2021-05-27 03:00:00,16.31,57.0,75.77000000000001,25.765
2021-05-27 04:00:00,15.16,55.47,75.77000000000001,25.765
2021-05-27 05:00:00,14.16,47.36,75.77000000000001,25.765
2021-05-27 06:00:00,13.16,49.58,75.77000000000001,25.765
2021-05-27 07:00:00,17.21,54.82,75.77000000000001,25.765
2021-05-27 08:00:00,20.52,59.82,75.77000000000001,25.765
2021-05-27 09:00:00,15.95,56.78,75.77000000000001,25.765
2021-05-27 10:00:00,16.7,55.65,75.77000000000001,25.765
2021-05-27 11:00:00,15.32,64.88,75.77000000000001,25.765
2021-05-27 12:00:00,19.21,60.89,75.77000000000001,25.765
2021-05-27 13:00:00,16.63,59.0,75.77000000000001,25.765
2021-05-27 14:00:00,14.32,54.0,75.77000000000001,25.765
2021-05-27 15:00:00,16.52,61.0,75.77000000000001,25.765
2021-05-27 16:00:00,18.69,59.47,75.77000000000001,25.765
2021-05-27 17:00:00,19.0,62.82,75.77000000000001,25.765
2021-05-27 18:00:00,11.43,58.65,75.77000000000001,25.765
2021-05-27 19:00:00,16.73,60.82,75.77000000000001,25.765
2021-05-27 20:00:00,20.52,59.89,75.77000000000001,25.765
2021-05-27 21:00:00,20.16,54.86,75.77000000000001,25.765
2021-05-27 22:00:00,15.79,49.71,75.77000000000001,25.765
2021-05-27 23:00:00,15.0,49.0,75.77000000000001,25.765
2021-05-28 00:00:00,15.84,45.95,75.77000000000001,25.765
2021-05-28 01:00:00,15.16,48.82,75.77000000000001,25.765
2021-05-28 02:00:00,16.68,48.47,75.77000000000001,25.765
2021-05-28 03:00:00,13.63,46.0,75.77000000000001,25.765
2021-05-28 04:00:00,9.63,47.0,75.77000000000001,25.765
2021-05-28 05:00:00,10.68,50.82,75.77000000000001,25.765
2021-05-28 06:00:00,16.05,49.71,75.77000000000001,25.765
2021-05-28 07:00:00,15.32,56.64,75.77000000000001,25.765
2021-05-28 08:00:00,18.37,63.22,75.77000000000001,25.765
2021-05-28 09:00:00,15.63,64.89,75.77000000000001,25.765
2021-05-28 10:00:00,15.84,64.06,75.77000000000001,25.765
2021-05-28 11:00:00,19.37,65.77,75.77000000000001,25.765
2021-05-28 12:00:00,17.48,67.53,75.77000000000001,25.765
2021-05-28 13:00:00,19.52,68.0,75.77000000000001,25.765
2021-05-28 14:00:00,20.84,65.0,75.77000000000001,25.765
2021-05-28 15:00:00,15.95,61.0,75.77000000000001,25.765
2021-05-28 16:00:00,20.87,67.0,75.77000000000001,25.765
2021-05-28 17:00:00,19.48,66.23,75.77000000000001,25.765
2021-05-28 18:00:00,19.84,69.16,75.77000000000001,25.765
2021-05-28 19:00:00,23.36,70.41,75.77000000000001,25.765
2021-05-28 20:00:00,19.8,67.48,75.77000000000001,25.765
2021-05-28 21:00:00,17.32,59.36,75.77000000000001,25.765
2021-05-28 22:00:00,17.0,63.09,75.77000000000001,25.765
2021-05-28 23:00:00,14.47,62.72,75.77000000000001,25.765
2021-05-29 00:00:00,13.16,53.0,75.77000000000001,25.765
2021-05-29 01:00:00,16.37,53.0,75.77000000000001,25.765
2021-05-29 02:00:00,13.63,55.29,75.77000000000001,25.765
2021-05-29 03:00:00,17.2,48.36,75.77000000000001,25.765
2021-05-29 04:00:00,12.97,48.0,75.77000000000001,25.765
2021-05-29 05:00:00,15.37,46.94,75.77000000000001,25.765
2021-05-29 06:00:00,16.84,45.24,75.77000000000001,25.765
2021-05-29 07:00:00,15.32,38.0,75.77000000000001,25.765
2021-05-29 08:00:00,16.68,45.31,75.77000000000001,25.765
2021-05-29 09:00:00,17.84,61.93,75.77000000000001,25.765
2021-05-29 10:00:00,18.84,68.82,75.77000000000001,25.765
2021-05-29 11:00:00,22.36,103.34,75.77000000000001,25.765
2021-05-29 12:00:00,23.0,71.0,75.77000000000001,25.765
2021-05-29 13:00:00,22.16,103.34,75.77000000000001,25.765
2021-05-29 14:00:00,19.48,103.34,75.77000000000001,25.765
2021-05-29 15:00:00,19.0,103.34,75.77000000000001,25.765
2021-05-29 16:00:00,23.21,103.34,75.77000000000001,25.765
2021-05-29 17:00:00,18.97,103.34,75.77000000000001,25.765
2021-05-29 18:00:00,18.0,70.0,75.77000000000001,25.765
2021-05-29 19:00:00,25.55,74.75,75.77000000000001,25.765
2021-05-29 20:00:00,21.95,75.31,75.77000000000001,25.765
2021-05-29 21:00:00,21.84,71.96,75.77000000000001,25.765
2021-05-29 22:00:00,21.16,103.34,75.77000000000001,25.765
2021-05-29 23:00:00,18.48,103.34,75.77000000000001,25.765
2021-05-30 00:00:00,22.21,103.34,75.77000000000001,25.765
2021-05-30 01:00:00,17.95,103.34,75.77000000000001,25.765
2021-05-30 02:00:00,22.87,60.0,75.77000000000001,25.765
2021-05-30 03:00:00,24.84,59.0,75.77000000000001,25.765
2021-05-30 04:00:00,26.69,55.0,75.77000000000001,25.765
2021-05-30 05:00:00,22.79,103.34,75.77000000000001,25.765
2021-05-30 06:00:00,18.64,103.34,75.77000000000001,25.765
2021-05-30 07:00:00,18.0,103.34,75.77000000000001,25.765
2021-05-30 08:00:00,31.52,103.34,75.77000000000001,25.765
2021-05-30 09:00:00,38.21,97.0,75.77000000000001,25.765
2021-05-30 10:00:00,36.48,102.0,75.77000000000001,25.765
2021-05-30 11:00:00,29.27,73.0,75.77000000000001,25.765
2021-05-30 12:00:00,20.43,82.0,75.77000000000001,25.765
2021-05-30 13:00:00,18.16,77.43,75.77000000000001,25.765
2021-05-30 14:00:00,22.2,67.63,75.77000000000001,25.765
2021-05-30 15:00:00,20.47,69.57,75.77000000000001,25.765
2021-05-30 16:00:00,20.0,69.44,75.77000000000001,25.765
2021-05-30 17:00:00,19.16,68.53,75.77000000000001,25.765
2021-05-30 18:00:00,23.21,72.82,75.77000000000001,25.765
2021-05-30 19:00:00,20.63,73.23,75.77000000000001,25.765
2021-05-30 20:00:00,25.03,69.95,75.77000000000001,25.765
2021-05-30 21:00:00,25.16,67.48,75.77000000000001,25.765
2021-05-30 22:00:00,18.29,60.15,75.77000000000001,25.765
2021-05-30 23:00:00,17.84,45.78,75.77000000000001,25.765
2021-05-31 00:00:00,18.0,40.0,75.77000000000001,25.765
2021-05-31 01:00:00,16.32,40.0,75.77000000000001,25.765
2021-05-31 02:00:00,26.94,52.94,75.77000000000001,25.765
2021-05-31 03:00:00,31.52,50.91,75.77000000000001,25.765
2021-05-31 04:00:00,31.16,49.76,75.77000000000001,25.765
2021-05-31 05:00:00,31.0,54.58,75.77000000000001,25.765
2021-05-31 06:00:00,30.16,49.91,75.77000000000001,25.765
2021-05-31 07:00:00,25.79,50.64,75.77000000000001,25.765
2021-05-31 08:00:00,31.72,61.37,75.77000000000001,25.765
2021-05-31 09:00:00,30.48,67.05,75.77000000000001,25.765
2021-05-31 10:00:00,31.68,75.64,75.77000000000001,25.765
2021-05-31 11:00:00,24.45,67.34,75.77000000000001,25.765
2021-05-31 12:00:00,17.13,38.81,75.77000000000001,25.765
2021-05-31 13:00:00,19.37,34.0,75.77000000000001,25.765
2021-05-31 14:00:00,22.52,53.0,75.77000000000001,25.765
2021-05-31 15:00:00,17.12,58.33,75.77000000000001,25.765
2021-05-31 16:00:00,16.84,63.05,75.77000000000001,25.765
2021-05-31 17:00:00,17.0,60.18,75.77000000000001,25.765
2021-05-31 18:00:00,19.52,56.72,75.77000000000001,25.765
2021-05-31 19:00:00,23.38,64.37,75.77000000000001,25.765
2021-05-31 20:00:00,25.68,77.44,75.77000000000001,25.765
2021-05-31 21:00:00,31.89,82.3,75.77000000000001,25.765
2021-05-31 22:00:00,33.0,82.18,75.77000000000001,25.765
2021-05-31 23:00:00,30.48,80.67,75.77000000000001,25.765
2021-06-01 00:00:00,35.87,85.09,75.77000000000001,25.765
2021-06-01 01:00:00,31.95,80.15,75.77000000000001,25.765
2021-06-01 02:00:00,24.29,64.3,75.77000000000001,25.765
2021-06-01 03:00:00,19.63,54.0,75.77000000000001,25.765
2021-06-01 04:00:00,23.21,54.0,75.77000000000001,25.765
2021-06-01 05:00:00,20.63,56.29,75.77000000000001,25.765
2021-06-01 06:00:00,27.59,62.33,75.77000000000001,25.765
2021-06-01 07:00:00,18.93,57.15,75.77000000000001,25.765
2021-06-01 08:00:00,17.84,51.0,75.77000000000001,25.765
2021-06-01 09:00:00,18.0,48.91,75.77000000000001,25.765
2021-06-01 10:00:00,26.42,55.0,75.77000000000001,25.765
2021-06-01 11:00:00,26.32,53.47,75.77000000000001,25.765
2021-06-01 12:00:00,20.11,49.2,75.77000000000001,25.765
2021-06-01 13:00:00,19.0,47.23,75.77000000000001,25.765
2021-06-01 14:00:00,15.63,44.71,75.77000000000001,25.765
2021-06-01 15:00:00,11.62,42.0,75.77000000000001,25.765
2021-06-01 16:00:00,12.68,40.0,75.77000000000001,25.765
2021-06-01 17:00:00,16.36,40.0,75.77000000000001,25.765
2021-06-01 18:00:00,12.79,36.95,75.77000000000001,25.765
2021-06-01 19:00:00,17.05,39.05,75.77000000000001,25.765
2021-06-01 20:00:00,23.03,46.88,75.77000000000001,25.765
2021-06-01 21:00:00,21.48,41.42,75.77000000000001,25.765
2021-06-01 22:00:00,21.0,38.48,75.77000000000001,25.765
2021-06-01 23:00:00,18.48,36.95,75.77000000000001,25.765
2021-06-02 00:00:00,23.03,40.58,75.77000000000001,25.765
2021-06-02 01:00:00,27.36,41.24,75.77000000000001,25.765
2021-06-02 02:00:00,32.2,41.0,75.77000000000001,25.765
2021-06-02 03:00:00,34.68,48.0,75.77000000000001,25.765
2021-06-02 04:00:00,35.0,50.28,75.77000000000001,25.765
2021-06-02 05:00:00,24.9,41.0,75.77000000000001,25.765
2021-06-02 06:00:00,26.37,44.0,75.77000000000001,25.765
2021-06-02 07:00:00,26.16,47.8,75.77000000000001,25.765
2021-06-02 08:00:00,27.68,53.57,75.77000000000001,25.765
2021-06-02 09:00:00,31.36,61.85,75.77000000000001,25.765
2021-06-02 10:00:00,31.16,59.0,75.77000000000001,25.765
2021-06-02 11:00:00,23.43,51.39,75.77000000000001,25.765
2021-06-02 12:00:00,19.48,42.73,75.77000000000001,25.765
2021-06-02 13:00:00,12.29,37.52,75.77000000000001,25.765
2021-06-02 14:00:00,10.16,28.08,75.77000000000001,25.765
2021-06-02 15:00:00,8.32,22.05,75.77000000000001,25.765
2021-06-02 16:00:00,6.32,28.33,75.77000000000001,25.765
2021-06-02 17:00:00,8.53,24.65,75.77000000000001,25.765
2021-06-02 18:00:00,11.53,26.8,75.77000000000001,25.765
2021-06-02 19:00:00,10.32,28.0,75.77000000000001,25.765
2021-06-02 20:00:00,17.57,31.0,75.77000000000001,25.765
2021-06-02 21:00:00,15.63,35.0,75.77000000000001,25.765
2021-06-02 22:00:00,16.68,44.0,75.77000000000001,25.765
2021-06-02 23:00:00,22.87,55.42,75.77000000000001,25.765
2021-06-03 00:00:00,21.48,51.39,75.77000000000001,25.765
2021-06-03 01:00:00,14.29,44.43,75.77000000000001,25.765
2021-06-03 02:00:00,18.05,55.18,75.77000000000001,25.765
2021-06-03 03:00:00,14.8,56.91,75.77000000000001,25.765
2021-06-03 04:00:00,17.37,51.3,75.77000000000001,25.765
2021-06-03 05:00:00,28.91,57.1,75.77000000000001,25.765
2021-06-03 06:00:00,37.73,65.33,75.77000000000001,25.765
2021-06-03 07:00:00,36.48,58.63,75.77000000000001,25.765
2021-06-03 08:00:00,31.8,52.86,75.77000000000001,25.765
2021-06-03 09:00:00,31.84,52.28,75.77000000000001,25.765
2021-06-03 10:00:00,14.38,21.0,75.77000000000001,25.765
2021-06-03 11:00:00,14.37,23.28,75.77000000000001,25.765
2021-06-03 12:00:00,20.05,41.0,75.77000000000001,25.765
2021-06-03 13:00:00,20.16,50.89,75.77000000000001,25.765
2021-06-03 14:00:00,28.39,57.05,75.77000000000001,25.765
2021-06-03 15:00:00,18.97,44.38,75.77000000000001,25.765
2021-06-03 16:00:00,10.27,25.15,75.77000000000001,25.765
2021-06-03 17:00:00,7.32,24.52,75.77000000000001,25.765
2021-06-03 18:00:00,7.0,21.2,75.77000000000001,25.765
2021-06-03 19:00:00,11.2,22.28,75.77000000000001,25.765
2021-06-03 20:00:00,10.32,23.76,75.77000000000001,25.765
2021-06-03 21:00:00,11.68,42.33,75.77000000000001,25.765
2021-06-03 22:00:00,19.55,54.0,75.77000000000001,25.765
2021-06-03 23:00:00,28.56,59.0,75.77000000000001,25.765
2021-06-04 00:00:00,26.64,49.0,75.77000000000001,25.765
2021-06-04 01:00:00,31.05,60.38,75.77000000000001,25.765
2021-06-04 02:00:00,30.32,60.2,75.77000000000001,25.765
2021-06-04 03:00:00,23.29,48.34,75.77000000000001,25.765
2021-06-04 04:00:00,24.52,45.52,75.77000000000001,25.765
2021-06-04 05:00:00,28.37,47.56,75.77000000000001,25.765
2021-06-04 06:00:00,26.48,44.78,75.77000000000001,25.765
2021-06-04 07:00:00,26.0,47.85,75.77000000000001,25.765
2021-06-04 08:00:00,31.03,59.13,75.77000000000001,25.765
2021-06-04 09:00:00,35.36,65.82,75.77000000000001,25.765
2021-06-04 10:00:00,23.38,49.0,75.77000000000001,25.765
2021-06-04 11:00:00,21.0,41.0,75.77000000000001,25.765
2021-06-04 12:00:00,20.16,49.0,75.77000000000001,25.765
2021-06-04 13:00:00,12.43,39.87,75.77000000000001,25.765
2021-06-04 14:00:00,11.0,24.06,75.77000000000001,25.765
2021-06-04 15:00:00,8.48,20.0,75.77000000000001,25.765
2021-06-04 16:00:00,5.47,16.0,75.77000000000001,25.765
2021-06-04 17:00:00,5.0,16.52,75.77000000000001,25.765
2021-06-04 18:00:00,4.16,17.76,75.77000000000001,25.765
2021-06-04 19:00:00,5.68,15.72,75.77000000000001,25.765
2021-06-04 20:00:00,14.39,29.62,75.77000000000001,25.765
2021-06-04 21:00:00,17.68,45.11,75.77000000000001,25.765
2021-06-04 22:00:00,15.48,41.67,75.77000000000001,25.765
2021-06-04 23:00:00,20.03,52.0,75.77000000000001,25.765
2021-06-05 00:00:00,18.48,45.0,75.77000000000001,25.765
2021-06-05 01:00:00,18.0,45.0,75.77000000000001,25.765
2021-06-05 02:00:00,20.52,103.34,75.77000000000001,25.765
2021-06-05 03:00:00,31.91,103.34,75.77000000000001,25.765
2021-06-05 04:00:00,34.0,103.34,75.77000000000001,25.765
2021-06-05 05:00:00,42.42,103.34,75.77000000000001,25.765
2021-06-05 06:00:00,44.0,103.34,75.77000000000001,25.765
2021-06-05 07:00:00,35.58,103.34,75.77000000000001,25.765
2021-06-05 08:00:00,34.0,103.34,75.77000000000001,25.765
2021-06-05 09:00:00,39.87,103.34,75.77000000000001,25.765
2021-06-05 10:00:00,38.48,103.34,75.77000000000001,25.765
2021-06-05 11:00:00,29.61,103.34,75.77000000000001,25.765
2021-06-05 12:00:00,32.2,103.34,75.77000000000001,25.765
2021-06-05 13:00:00,22.93,103.34,75.77000000000001,25.765
2021-06-05 14:00:00,15.95,103.34,75.77000000000001,25.765
2021-06-05 15:00:00,12.47,103.34,75.77000000000001,25.765
2021-06-05 16:00:00,12.0,103.34,75.77000000000001,25.765
2021-06-05 17:00:00,16.2,103.34,75.77000000000001,25.765
2021-06-05 18:00:00,16.16,103.34,75.77000000000001,25.765
2021-06-05 19:00:00,24.42,103.34,75.77000000000001,25.765
2021-06-05 20:00:00,26.84,103.34,75.77000000000001,25.765
2021-06-05 21:00:00,32.89,103.34,75.77000000000001,25.765
2021-06-05 22:00:00,28.11,103.34,75.77000000000001,25.765
2021-06-05 23:00:00,26.15,103.34,75.77000000000001,25.765
2021-06-06 00:00:00,35.23,103.34,75.77000000000001,25.765
2021-06-06 01:00:00,42.04,103.34,75.77000000000001,25.765
2021-06-06 02:00:00,16.91,103.34,75.77000000000001,25.765
2021-06-06 03:00:00,11.16,103.34,75.77000000000001,25.765
2021-06-06 04:00:00,11.84,103.34,75.77000000000001,25.765
2021-06-06 05:00:00,16.2,103.34,75.77000000000001,25.765
2021-06-06 06:00:00,15.32,103.34,75.77000000000001,25.765
2021-06-06 07:00:00,10.8,103.34,75.77000000000001,25.765
2021-06-06 08:00:00,15.02,103.34,75.77000000000001,25.765
2021-06-06 09:00:00,21.03,103.34,75.77000000000001,25.765
2021-06-06 10:00:00,20.32,103.34,75.77000000000001,25.765
2021-06-06 11:00:00,14.97,103.34,75.77000000000001,25.765
2021-06-06 12:00:00,9.8,103.34,75.77000000000001,25.765
2021-06-06 13:00:00,13.2,103.34,75.77000000000001,25.765
2021-06-06 14:00:00,23.26,103.34,75.77000000000001,25.765
2021-06-06 15:00:00,20.8,103.34,75.77000000000001,25.765
2021-06-06 16:00:00,16.63,103.34,75.77000000000001,25.765
2021-06-06 17:00:00,17.68,103.34,75.77000000000001,25.765
2021-06-06 18:00:00,18.0,103.34,75.77000000000001,25.765
2021-06-06 19:00:00,15.47,103.34,75.77000000000001,25.765
2021-06-06 20:00:00,15.84,103.34,75.77000000000001,25.765
2021-06-06 21:00:00,19.36,103.34,75.77000000000001,25.765
2021-06-06 22:00:00,17.48,103.34,75.77000000000001,25.765
2021-06-06 23:00:00,19.52,103.34,75.77000000000001,25.765
2021-06-07 00:00:00,19.16,103.34,75.77000000000001,25.765
2021-06-07 01:00:00,16.48,103.34,75.77000000000001,25.765
2021-06-07 02:00:00,15.16,103.34,75.77000000000001,25.765
2021-06-07 03:00:00,16.68,103.34,75.77000000000001,25.765
2021-06-07 04:00:00,14.48,103.34,75.77000000000001,25.765
2021-06-07 05:00:00,17.36,103.34,75.77000000000001,25.765
2021-06-07 06:00:00,15.48,103.34,75.77000000000001,25.765
2021-06-07 07:00:00,12.48,103.34,75.77000000000001,25.765
2021-06-07 08:00:00,13.68,103.34,75.77000000000001,25.765
2021-06-07 09:00:00,19.03,103.34,75.77000000000001,25.765
2021-06-07 10:00:00,17.48,103.34,75.77000000000001,25.765
2021-06-07 11:00:00,17.0,103.34,75.77000000000001,25.765
2021-06-07 12:00:00,18.68,103.34,75.77000000000001,25.765
2021-06-07 13:00:00,24.87,103.34,75.77000000000001,25.765
2021-06-07 14:00:00,26.84,103.34,75.77000000000001,25.765
2021-06-07 15:00:00,18.61,103.34,75.77000000000001,25.765
2021-06-07 16:00:00,15.32,103.34,75.77000000000001,25.765
2021-06-07 17:00:00,15.0,103.34,75.77000000000001,25.765
2021-06-07 18:00:00,15.0,103.34,75.77000000000001,25.765
2021-06-07 19:00:00,13.32,103.34,75.77000000000001,25.765
2021-06-07 20:00:00,22.23,103.34,75.77000000000001,25.765
2021-06-07 21:00:00,17.27,103.34,75.77000000000001,25.765
2021-06-07 22:00:00,21.03,103.34,75.77000000000001,25.765
2021-06-07 23:00:00,16.13,103.34,75.77000000000001,25.765
2021-06-08 00:00:00,15.84,103.34,75.77000000000001,25.765
2021-06-08 01:00:00,14.32,103.34,75.77000000000001,25.765
2021-06-08 02:00:00,24.07,103.34,75.77000000000001,25.765
2021-06-08 03:00:00,36.07,103.34,75.77000000000001,25.765
2021-06-08 04:00:00,24.58,103.34,75.77000000000001,25.765
2021-06-08 05:00:00,24.52,103.34,75.77000000000001,25.765
2021-06-08 06:00:00,26.68,103.34,75.77000000000001,25.765
2021-06-08 07:00:00,25.33,103.34,75.77000000000001,25.765
2021-06-08 08:00:00,25.0,103.34,75.77000000000001,25.765
2021-06-08 09:00:00,19.97,103.34,75.77000000000001,25.765
2021-06-08 10:00:00,22.37,103.34,75.77000000000001,25.765
2021-06-08 11:00:00,24.68,103.34,75.77000000000001,25.765
2021-06-08 12:00:00,9.94,103.34,75.77000000000001,25.765
2021-06-08 13:00:00,8.68,103.34,75.77000000000001,25.765
2021-06-08 14:00:00,7.32,103.34,75.77000000000001,25.765
2021-06-08 15:00:00,12.87,103.34,75.77000000000001,25.765
2021-06-08 16:00:00,14.84,103.34,75.77000000000001,25.765
2021-06-08 17:00:00,21.73,103.34,75.77000000000001,25.765
2021-06-08 18:00:00,17.13,103.34,75.77000000000001,25.765
2021-06-08 19:00:00,16.0,103.34,75.77000000000001,25.765
2021-06-08 20:00:00,24.39,103.34,75.77000000000001,25.765
2021-06-08 21:00:00,27.68,103.34,75.77000000000001,25.765
2021-06-08 22:00:00,16.25,103.34,75.77000000000001,25.765
2021-06-08 23:00:00,13.16,103.34,75.77000000000001,25.765
2021-06-09 00:00:00,12.16,103.34,75.77000000000001,25.765
2021-06-09 01:00:00,14.52,103.34,75.77000000000001,25.765
2021-06-09 02:00:00,13.32,103.34,75.77000000000001,25.765
2021-06-09 03:00:00,11.32,103.34,75.77000000000001,25.765
2021-06-09 04:00:00,16.87,103.34,75.77000000000001,25.765
2021-06-09 05:00:00,13.79,103.34,75.77000000000001,25.765
2021-06-09 06:00:00,9.65,103.34,75.77000000000001,25.765
2021-06-09 07:00:00,9.0,103.34,75.77000000000001,25.765
2021-06-09 08:00:00,11.52,103.34,75.77000000000001,25.765
2021-06-09 09:00:00,8.64,103.34,75.77000000000001,25.765
2021-06-09 10:00:00,10.52,103.34,75.77000000000001,25.765
2021-06-09 11:00:00,11.0,103.34,75.77000000000001,25.765
2021-06-09 12:00:00,15.2,103.34,75.77000000000001,25.765
2021-06-09 13:00:00,10.13,103.34,75.77000000000001,25.765
2021-06-09 14:00:00,9.0,103.34,75.77000000000001,25.765
2021-06-09 15:00:00,8.16,103.34,75.77000000000001,25.765
2021-06-09 16:00:00,9.68,103.34,75.77000000000001,25.765
2021-06-09 17:00:00,8.32,103.34,75.77000000000001,25.765
2021-06-09 18:00:00,16.36,103.34,75.77000000000001,25.765
2021-06-09 19:00:00,17.16,103.34,75.77000000000001,25.765
2021-06-09 20:00:00,13.64,103.34,75.77000000000001,25.765
2021-06-09 21:00:00,16.36,103.34,75.77000000000001,25.765
2021-06-09 22:00:00,20.36,103.34,75.77000000000001,25.765
2021-06-09 23:00:00,19.32,103.34,75.77000000000001,25.765
2021-06-10 00:00:00,13.98,103.34,75.77000000000001,25.765
2021-06-10 01:00:00,20.55,103.34,75.77000000000001,25.765
2021-06-10 02:00:00,17.8,103.34,75.77000000000001,25.765
2021-06-10 03:00:00,19.52,103.34,75.77000000000001,25.765
2021-06-10 04:00:00,26.71,103.34,75.77000000000001,25.765
2021-06-10 05:00:00,13.69,103.34,75.77000000000001,25.765
2021-06-10 06:00:00,12.68,103.34,75.77000000000001,25.765
2021-06-10 07:00:00,18.87,103.34,75.77000000000001,25.765
2021-06-10 08:00:00,20.84,103.34,75.77000000000001,25.765
2021-06-10 09:00:00,17.64,103.34,75.77000000000001,25.765
2021-06-10 10:00:00,17.84,103.34,75.77000000000001,25.765
2021-06-10 11:00:00,21.36,103.34,75.77000000000001,25.765
2021-06-10 12:00:00,11.93,103.34,75.77000000000001,25.765
2021-06-10 13:00:00,11.68,103.34,75.77000000000001,25.765
2021-06-10 14:00:00,14.51,103.34,75.77000000000001,25.765
2021-06-10 15:00:00,16.68,103.34,75.77000000000001,25.765
2021-06-10 16:00:00,15.32,103.34,75.77000000000001,25.765
2021-06-10 17:00:00,9.97,103.34,75.77000000000001,25.765
2021-06-10 18:00:00,9.84,103.34,75.77000000000001,25.765
2021-06-10 19:00:00,14.18,103.34,75.77000000000001,25.765
2021-06-10 20:00:00,24.26,103.34,75.77000000000001,25.765
2021-06-10 21:00:00,11.74,103.34,75.77000000000001,25.765
2021-06-10 22:00:00,9.0,103.34,75.77000000000001,25.765
2021-06-10 23:00:00,11.52,103.34,75.77000000000001,25.765
2021-06-11 00:00:00,12.84,103.34,75.77000000000001,25.765
2021-06-11 01:00:00,16.36,103.34,75.77000000000001,25.765
2021-06-11 02:00:00,14.48,103.34,75.77000000000001,25.765
2021-06-11 03:00:00,17.37,103.34,75.77000000000001,25.765
2021-06-11 04:00:00,18.84,103.34,75.77000000000001,25.765
2021-06-11 05:00:00,13.96,103.34,75.77000000000001,25.765
2021-06-11 06:00:00,11.33,103.34,75.77000000000001,25.765
2021-06-11 07:00:00,8.48,103.34,75.77000000000001,25.765
2021-06-11 08:00:00,8.84,103.34,75.77000000000001,25.765
2021-06-11 09:00:00,8.16,103.34,75.77000000000001,25.765
2021-06-11 10:00:00,10.53,103.34,75.77000000000001,25.765
2021-06-11 11:00:00,17.71,103.34,75.77000000000001,25.765
2021-06-11 12:00:00,18.16,103.34,75.77000000000001,25.765
2021-06-11 13:00:00,16.32,103.34,75.77000000000001,25.765
2021-06-11 14:00:00,13.49,103.34,75.77000000000001,25.765
2021-06-11 15:00:00,16.36,103.34,75.77000000000001,25.765
2021-06-11 16:00:00,16.16,103.34,75.77000000000001,25.765
2021-06-11 17:00:00,16.84,103.34,75.77000000000001,25.765
2021-06-11 18:00:00,13.64,103.34,75.77000000000001,25.765
2021-06-11 19:00:00,15.52,103.34,75.77000000000001,25.765
2021-06-11 20:00:00,13.48,103.34,75.77000000000001,25.765
2021-06-11 21:00:00,13.84,103.34,75.77000000000001,25.765
2021-06-11 22:00:00,13.16,103.34,75.77000000000001,25.765
2021-06-11 23:00:00,13.0,103.34,75.77000000000001,25.765
2021-06-12 00:00:00,11.33,103.34,75.77000000000001,25.765
2021-06-12 01:00:00,8.48,103.34,75.77000000000001,25.765
2021-06-12 02:00:00,6.33,103.34,75.77000000000001,25.765
2021-06-12 03:00:00,16.91,103.34,75.77000000000001,25.765
2021-06-12 04:00:00,17.33,103.34,75.77000000000001,25.765
2021-06-12 05:00:00,17.0,103.34,75.77000000000001,25.765
2021-06-12 06:00:00,9.45,103.34,75.77000000000001,25.765
2021-06-12 07:00:00,7.16,103.34,75.77000000000001,25.765
2021-06-12 08:00:00,5.32,103.34,75.77000000000001,25.765
2021-06-12 09:00:00,8.34,103.34,75.77000000000001,25.765
2021-06-12 10:00:00,17.39,103.34,75.77000000000001,25.765
2021-06-12 11:00:00,10.58,103.34,75.77000000000001,25.765
2021-06-12 12:00:00,10.67,103.34,75.77000000000001,25.765
2021-06-12 13:00:00,9.32,103.34,75.77000000000001,25.765
2021-06-12 14:00:00,7.33,103.34,75.77000000000001,25.765
2021-06-12 15:00:00,9.52,103.34,75.77000000000001,25.765
2021-06-12 16:00:00,7.48,103.34,75.77000000000001,25.765
2021-06-12 17:00:00,11.2,103.34,75.77000000000001,25.765
2021-06-12 18:00:00,11.16,103.34,75.77000000000001,25.765
2021-06-12 19:00:00,9.32,103.34,75.77000000000001,25.765
2021-06-12 20:00:00,9.0,103.34,75.77000000000001,25.765
2021-06-12 21:00:00,9.84,103.34,75.77000000000001,25.765
2021-06-12 22:00:00,7.49,103.34,75.77000000000001,25.765
2021-06-12 23:00:00,8.68,103.34,75.77000000000001,25.765
2021-06-13 00:00:00,7.33,103.34,75.77000000000001,25.765
2021-06-13 01:00:00,5.32,103.34,75.77000000000001,25.765
2021-06-13 02:00:00,7.51,103.34,75.77000000000001,25.765
2021-06-13 03:00:00,13.03,103.34,75.77000000000001,25.765
2021-06-13 04:00:00,15.68,103.34,75.77000000000001,25.765
2021-06-13 05:00:00,18.52,103.34,75.77000000000001,25.765
2021-06-13 06:00:00,13.98,103.34,75.77000000000001,25.765
2021-06-13 07:00:00,13.0,103.34,75.77000000000001,25.765
2021-06-13 08:00:00,15.52,103.34,75.77000000000001,25.765
2021-06-13 09:00:00,18.51,103.34,75.77000000000001,25.765
2021-06-13 10:00:00,20.68,103.34,75.77000000000001,25.765
2021-06-13 11:00:00,19.32,103.34,75.77000000000001,25.765
2021-06-13 12:00:00,18.16,103.34,75.77000000000001,25.765
2021-06-13 13:00:00,14.64,103.34,75.77000000000001,25.765
2021-06-13 14:00:00,13.16,103.34,75.77000000000001,25.765
2021-06-13 15:00:00,18.87,103.34,75.77000000000001,25.765
2021-06-13 16:00:00,17.48,103.34,75.77000000000001,25.765
2021-06-13 17:00:00,16.16,103.34,75.77000000000001,25.765
2021-06-13 18:00:00,16.0,103.34,75.77000000000001,25.765
2021-06-13 19:00:00,8.47,103.34,75.77000000000001,25.765
2021-06-13 20:00:00,7.0,103.34,75.77000000000001,25.765
2021-06-13 21:00:00,7.84,103.34,75.77000000000001,25.765
2021-06-13 22:00:00,13.89,103.34,75.77000000000001,25.765
2021-06-13 23:00:00,15.84,103.34,75.77000000000001,25.765
2021-06-14 00:00:00,12.64,103.34,75.77000000000001,25.765
2021-06-14 01:00:00,13.67,103.34,75.77000000000001,25.765
2021-06-14 02:00:00,14.0,103.34,75.77000000000001,25.765
2021-06-14 03:00:00,11.48,103.34,75.77000000000001,25.765
2021-06-14 04:00:00,16.87,103.34,75.77000000000001,25.765
2021-06-14 05:00:00,19.68,103.34,75.77000000000001,25.765
2021-06-14 06:00:00,14.98,103.34,75.77000000000001,25.765
2021-06-14 07:00:00,14.0,103.34,75.77000000000001,25.765
2021-06-14 08:00:00,20.69,103.34,75.77000000000001,25.765
2021-06-14 09:00:00,26.18,103.34,75.77000000000001,25.765
2021-06-14 10:00:00,31.18,103.34,75.77000000000001,25.765
2021-06-14 11:00:00,24.48,103.34,75.77000000000001,25.765
2021-06-14 12:00:00,24.67,103.34,75.77000000000001,25.765
2021-06-14 13:00:00,20.96,103.34,75.77000000000001,25.765
2021-06-14 14:00:00,27.36,103.34,75.77000000000001,25.765
2021-06-14 15:00:00,23.95,103.34,75.77000000000001,25.765
2021-06-14 16:00:00,28.03,103.34,75.77000000000001,25.765
2021-06-14 17:00:00,27.32,103.34,75.77000000000001,25.765
2021-06-14 18:00:00,28.68,103.34,75.77000000000001,25.765
2021-06-14 19:00:00,29.0,103.34,75.77000000000001,25.765
2021-06-14 20:00:00,29.84,103.34,75.77000000000001,25.765
2021-06-14 21:00:00,28.32,103.34,75.77000000000001,25.765
2021-06-14 22:00:00,24.64,103.34,75.77000000000001,25.765
2021-06-14 23:00:00,31.52,103.34,75.77000000000001,25.765
2021-06-15 00:00:00,26.95,103.34,75.77000000000001,25.765
