2025-03-08 18:45:06,955 - INFO - Starting XGBoost predictor main execution
2025-03-08 18:45:06,956 - INFO - Initializing Gradient Boosting Predictor for Sion
2025-03-08 18:45:06,956 - INFO - Sequence length: 24, Prediction horizon: 6
2025-03-08 18:45:06,956 - INFO - Loading cleaned data from cleaned_data/Sion_spatial_average.csv
2025-03-08 18:45:06,971 - INFO - Loaded cleaned data with shape: (5280, 4)
2025-03-08 18:45:06,971 - INFO - Features selected: ['PM10', 'RH', 'AT']
2025-03-08 18:45:06,971 - INFO - Starting model training with 4224 samples
2025-03-08 18:45:06,971 - INFO - Preparing sequences from data with shape: (4224, 4)
2025-03-08 18:45:06,978 - INFO - Creating 4195 sequences...
2025-03-08 18:45:06,982 - INFO - Sequence preparation completed. X shape: (4195, 480), y shape: (4195, 6, 1)
2025-03-08 18:45:06,982 - INFO - Sequence preparation took 0.01 seconds
2025-03-08 18:45:06,982 - INFO - Training model for step 1/6
2025-03-08 18:45:06,982 - ERROR - An error occurred: XGBModel.fit() got an unexpected keyword argument 'early_stopping_rounds'
2025-03-08 18:46:15,904 - INFO - Starting XGBoost predictor main execution
2025-03-08 18:46:15,905 - INFO - Initializing Gradient Boosting Predictor for Sion
2025-03-08 18:46:15,905 - INFO - Sequence length: 24, Prediction horizon: 6
2025-03-08 18:46:15,905 - INFO - Loading cleaned data from cleaned_data/Sion_spatial_average.csv
2025-03-08 18:46:15,920 - INFO - Loaded cleaned data with shape: (5280, 4)
2025-03-08 18:46:15,920 - INFO - Features selected: ['PM10', 'RH', 'AT']
2025-03-08 18:46:15,921 - INFO - Starting model training with 4224 samples
2025-03-08 18:46:15,921 - INFO - Preparing sequences from data with shape: (4224, 4)
2025-03-08 18:46:15,928 - INFO - Creating 4195 sequences...
2025-03-08 18:46:15,933 - INFO - Sequence preparation completed. X shape: (4195, 480), y shape: (4195, 6, 1)
2025-03-08 18:46:15,933 - INFO - Sequence preparation took 0.01 seconds
2025-03-08 18:46:15,933 - INFO - Training model for step 1/6
2025-03-08 18:46:17,695 - INFO - Training model for step 2/6
2025-03-08 18:46:19,455 - INFO - Training model for step 3/6
2025-03-08 18:46:21,254 - INFO - Training model for step 4/6
2025-03-08 18:46:23,005 - INFO - Training model for step 5/6
2025-03-08 18:46:24,748 - INFO - Training model for step 6/6
2025-03-08 18:46:26,456 - INFO - Training completed in 10.54 seconds
2025-03-08 18:46:26,457 - INFO - Evaluating predictions for Sion
2025-03-08 18:46:26,457 - INFO - Preparing sequences from data with shape: (1056, 4)
2025-03-08 18:46:26,460 - INFO - Creating 1027 sequences...
2025-03-08 18:46:26,461 - INFO - Sequence preparation completed. X shape: (1027, 480), y shape: (1027, 6, 1)
2025-03-08 18:46:26,461 - INFO - Sequence preparation took 0.00 seconds
2025-03-08 18:46:26,471 - ERROR - An error occurred: Found array with dim 3. None expected <= 2.
2025-03-08 18:49:45,436 - INFO - Starting XGBoost predictor main execution
2025-03-08 18:49:45,437 - INFO - Initializing Gradient Boosting Predictor for Sion
2025-03-08 18:49:45,437 - INFO - Sequence length: 24, Prediction horizon: 6
2025-03-08 18:49:45,437 - INFO - Loading cleaned data from cleaned_data/Sion_spatial_average.csv
2025-03-08 18:49:45,454 - INFO - Loaded cleaned data with shape: (5280, 4)
2025-03-08 18:49:45,454 - INFO - Features selected: ['PM10', 'RH', 'AT']
2025-03-08 18:49:45,454 - INFO - Starting model training with 4224 samples
2025-03-08 18:49:45,454 - INFO - Preparing sequences from data with shape: (4224, 4)
2025-03-08 18:49:45,461 - INFO - Creating 4195 sequences...
2025-03-08 18:49:45,466 - INFO - Sequence preparation completed. X shape: (4195, 480), y shape: (4195, 6, 1)
2025-03-08 18:49:45,466 - INFO - Sequence preparation took 0.01 seconds
2025-03-08 18:49:45,466 - INFO - Training model for step 1/6
2025-03-08 18:49:47,316 - INFO - Training model for step 2/6
2025-03-08 18:49:49,352 - INFO - Training model for step 3/6
2025-03-08 18:49:51,328 - INFO - Training model for step 4/6
2025-03-08 18:49:53,280 - INFO - Training model for step 5/6
2025-03-08 18:49:55,595 - INFO - Training model for step 6/6
2025-03-08 18:49:57,709 - INFO - Training completed in 12.25 seconds
2025-03-08 18:49:57,712 - INFO - Evaluating predictions for Sion
2025-03-08 18:49:57,712 - INFO - Preparing sequences from data with shape: (1056, 4)
2025-03-08 18:49:57,723 - INFO - Creating 1027 sequences...
2025-03-08 18:49:57,724 - INFO - Sequence preparation completed. X shape: (1027, 480), y shape: (1027, 6, 1)
2025-03-08 18:49:57,724 - INFO - Sequence preparation took 0.01 seconds
2025-03-08 18:49:57,733 - INFO - Evaluation completed in 0.02 seconds
2025-03-08 18:49:57,733 - INFO - Evaluation metrics - MAE: 39.57, RMSE: 42.26
2025-03-08 18:49:57,735 - INFO - Generating prediction plots for Sion
2025-03-08 18:49:59,575 - INFO - Saved prediction plot to predictions/xgboost_prediction_Sion.png
2025-03-08 18:49:59,810 - INFO - Saved error distribution plot to predictions/xgboost_error_distribution_Sion.png
2025-03-08 18:49:59,810 - INFO - 
Final Evaluation Results:
2025-03-08 18:49:59,810 - INFO - MAE: 39.57
2025-03-08 18:49:59,810 - INFO - RMSE: 42.26
2025-03-08 18:49:59,810 - INFO - Initializing Gradient Boosting Predictor for Nerul
2025-03-08 18:49:59,810 - INFO - Sequence length: 24, Prediction horizon: 6
2025-03-08 18:49:59,811 - INFO - Loading cleaned data from cleaned_data/Nerul_spatial_average.csv
2025-03-08 18:49:59,823 - INFO - Loaded cleaned data with shape: (5280, 4)
2025-03-08 18:49:59,823 - INFO - Features selected: ['PM10', 'RH', 'AT']
2025-03-08 18:49:59,823 - INFO - Starting model training with 4224 samples
2025-03-08 18:49:59,823 - INFO - Preparing sequences from data with shape: (4224, 4)
2025-03-08 18:49:59,827 - INFO - Creating 4195 sequences...
2025-03-08 18:49:59,832 - INFO - Sequence preparation completed. X shape: (4195, 480), y shape: (4195, 6, 1)
2025-03-08 18:49:59,832 - INFO - Sequence preparation took 0.01 seconds
2025-03-08 18:49:59,832 - INFO - Training model for step 1/6
2025-03-08 18:50:01,622 - INFO - Training model for step 2/6
2025-03-08 18:50:03,333 - INFO - Training model for step 3/6
2025-03-08 18:50:04,993 - INFO - Training model for step 4/6
2025-03-08 18:50:06,683 - INFO - Training model for step 5/6
2025-03-08 18:50:08,564 - INFO - Training model for step 6/6
2025-03-08 18:50:10,152 - INFO - Training completed in 10.33 seconds
2025-03-08 18:50:10,152 - INFO - Evaluating predictions for Nerul
2025-03-08 18:50:10,152 - INFO - Preparing sequences from data with shape: (1056, 4)
2025-03-08 18:50:10,157 - INFO - Creating 1027 sequences...
2025-03-08 18:50:10,159 - INFO - Sequence preparation completed. X shape: (1027, 480), y shape: (1027, 6, 1)
2025-03-08 18:50:10,159 - INFO - Sequence preparation took 0.01 seconds
2025-03-08 18:50:10,172 - INFO - Evaluation completed in 0.02 seconds
2025-03-08 18:50:10,172 - INFO - Evaluation metrics - MAE: 52.95, RMSE: 61.28
2025-03-08 18:50:10,173 - INFO - Generating prediction plots for Nerul
2025-03-08 18:50:10,573 - INFO - Saved prediction plot to predictions/xgboost_prediction_Nerul.png
2025-03-08 18:50:10,778 - INFO - Saved error distribution plot to predictions/xgboost_error_distribution_Nerul.png
2025-03-08 18:50:10,778 - INFO - 
Final Evaluation Results:
2025-03-08 18:50:10,778 - INFO - MAE: 52.95
2025-03-08 18:50:10,778 - INFO - RMSE: 61.28
2025-03-08 18:50:10,778 - INFO - Initializing Gradient Boosting Predictor for Powai
2025-03-08 18:50:10,778 - INFO - Sequence length: 24, Prediction horizon: 6
2025-03-08 18:50:10,779 - INFO - Loading cleaned data from cleaned_data/Powai_spatial_average.csv
2025-03-08 18:50:10,786 - INFO - Loaded cleaned data with shape: (5400, 4)
2025-03-08 18:50:10,786 - INFO - Features selected: ['PM10', 'RH', 'AT']
2025-03-08 18:50:10,786 - INFO - Starting model training with 4320 samples
2025-03-08 18:50:10,786 - INFO - Preparing sequences from data with shape: (4320, 4)
2025-03-08 18:50:10,790 - INFO - Creating 4291 sequences...
2025-03-08 18:50:10,795 - INFO - Sequence preparation completed. X shape: (4291, 480), y shape: (4291, 6, 1)
2025-03-08 18:50:10,795 - INFO - Sequence preparation took 0.01 seconds
2025-03-08 18:50:10,795 - INFO - Training model for step 1/6
2025-03-08 18:50:12,813 - INFO - Training model for step 2/6
2025-03-08 18:50:14,614 - INFO - Training model for step 3/6
2025-03-08 18:50:16,441 - INFO - Training model for step 4/6
2025-03-08 18:50:18,450 - INFO - Training model for step 5/6
2025-03-08 18:50:20,313 - INFO - Training model for step 6/6
2025-03-08 18:50:22,042 - INFO - Training completed in 11.26 seconds
2025-03-08 18:50:22,042 - INFO - Evaluating predictions for Powai
2025-03-08 18:50:22,042 - INFO - Preparing sequences from data with shape: (1080, 4)
2025-03-08 18:50:22,048 - INFO - Creating 1051 sequences...
2025-03-08 18:50:22,049 - INFO - Sequence preparation completed. X shape: (1051, 480), y shape: (1051, 6, 1)
2025-03-08 18:50:22,049 - INFO - Sequence preparation took 0.01 seconds
2025-03-08 18:50:22,057 - INFO - Evaluation completed in 0.01 seconds
2025-03-08 18:50:22,057 - INFO - Evaluation metrics - MAE: 35.04, RMSE: 38.18
2025-03-08 18:50:22,057 - INFO - Generating prediction plots for Powai
2025-03-08 18:50:22,461 - INFO - Saved prediction plot to predictions/xgboost_prediction_Powai.png
2025-03-08 18:50:22,746 - INFO - Saved error distribution plot to predictions/xgboost_error_distribution_Powai.png
2025-03-08 18:50:22,746 - INFO - 
Final Evaluation Results:
2025-03-08 18:50:22,746 - INFO - MAE: 35.04
2025-03-08 18:50:22,746 - INFO - RMSE: 38.18
2025-03-08 18:50:22,746 - INFO - Initializing Gradient Boosting Predictor for Airport
2025-03-08 18:50:22,746 - INFO - Sequence length: 24, Prediction horizon: 6
2025-03-08 18:50:22,747 - INFO - Loading cleaned data from cleaned_data/Airport_spatial_average.csv
2025-03-08 18:50:22,752 - INFO - Loaded cleaned data with shape: (5280, 4)
2025-03-08 18:50:22,752 - INFO - Features selected: ['PM10', 'RH', 'AT']
2025-03-08 18:50:22,752 - INFO - Starting model training with 4224 samples
2025-03-08 18:50:22,752 - INFO - Preparing sequences from data with shape: (4224, 4)
2025-03-08 18:50:22,756 - INFO - Creating 4195 sequences...
2025-03-08 18:50:22,761 - INFO - Sequence preparation completed. X shape: (4195, 480), y shape: (4195, 6, 1)
2025-03-08 18:50:22,761 - INFO - Sequence preparation took 0.01 seconds
2025-03-08 18:50:22,761 - INFO - Training model for step 1/6
2025-03-08 18:50:24,518 - INFO - Training model for step 2/6
2025-03-08 18:50:26,230 - INFO - Training model for step 3/6
2025-03-08 18:50:27,898 - INFO - Training model for step 4/6
2025-03-08 18:50:29,578 - INFO - Training model for step 5/6
2025-03-08 18:50:31,213 - INFO - Training model for step 6/6
2025-03-08 18:50:32,894 - INFO - Training completed in 10.14 seconds
2025-03-08 18:50:32,894 - INFO - Evaluating predictions for Airport
2025-03-08 18:50:32,894 - INFO - Preparing sequences from data with shape: (1056, 4)
2025-03-08 18:50:32,897 - INFO - Creating 1027 sequences...
2025-03-08 18:50:32,898 - INFO - Sequence preparation completed. X shape: (1027, 480), y shape: (1027, 6, 1)
2025-03-08 18:50:32,898 - INFO - Sequence preparation took 0.00 seconds
2025-03-08 18:50:32,905 - INFO - Evaluation completed in 0.01 seconds
2025-03-08 18:50:32,905 - INFO - Evaluation metrics - MAE: 13.93, RMSE: 16.12
2025-03-08 18:50:32,905 - INFO - Generating prediction plots for Airport
2025-03-08 18:50:33,299 - INFO - Saved prediction plot to predictions/xgboost_prediction_Airport.png
2025-03-08 18:50:33,508 - INFO - Saved error distribution plot to predictions/xgboost_error_distribution_Airport.png
2025-03-08 18:50:33,508 - INFO - 
Final Evaluation Results:
2025-03-08 18:50:33,508 - INFO - MAE: 13.93
2025-03-08 18:50:33,508 - INFO - RMSE: 16.12
2025-03-08 18:50:33,508 - INFO - Initializing Gradient Boosting Predictor for Powai
2025-03-08 18:50:33,508 - INFO - Sequence length: 24, Prediction horizon: 6
2025-03-08 18:50:33,509 - INFO - Loading cleaned data from cleaned_data/Powai_spatial_average.csv
2025-03-08 18:50:33,514 - INFO - Loaded cleaned data with shape: (5400, 4)
2025-03-08 18:50:33,514 - INFO - Features selected: ['PM10', 'RH', 'AT']
2025-03-08 18:50:33,514 - INFO - Starting model training with 4320 samples
2025-03-08 18:50:33,514 - INFO - Preparing sequences from data with shape: (4320, 4)
2025-03-08 18:50:33,518 - INFO - Creating 4291 sequences...
2025-03-08 18:50:33,523 - INFO - Sequence preparation completed. X shape: (4291, 480), y shape: (4291, 6, 1)
2025-03-08 18:50:33,523 - INFO - Sequence preparation took 0.01 seconds
2025-03-08 18:50:33,523 - INFO - Training model for step 1/6
2025-03-08 18:50:35,328 - INFO - Training model for step 2/6
2025-03-08 18:50:37,048 - INFO - Training model for step 3/6
2025-03-08 18:50:38,967 - INFO - Training model for step 4/6
2025-03-08 18:50:40,940 - INFO - Training model for step 5/6
2025-03-08 18:50:42,693 - INFO - Training model for step 6/6
2025-03-08 18:50:44,385 - INFO - Training completed in 10.87 seconds
2025-03-08 18:50:44,386 - INFO - Evaluating predictions for Powai
2025-03-08 18:50:44,386 - INFO - Preparing sequences from data with shape: (1080, 4)
2025-03-08 18:50:44,388 - INFO - Creating 1051 sequences...
2025-03-08 18:50:44,390 - INFO - Sequence preparation completed. X shape: (1051, 480), y shape: (1051, 6, 1)
2025-03-08 18:50:44,390 - INFO - Sequence preparation took 0.00 seconds
2025-03-08 18:50:44,397 - INFO - Evaluation completed in 0.01 seconds
2025-03-08 18:50:44,397 - INFO - Evaluation metrics - MAE: 35.04, RMSE: 38.18
2025-03-08 18:50:44,397 - INFO - Generating prediction plots for Powai
2025-03-08 18:50:44,786 - INFO - Saved prediction plot to predictions/xgboost_prediction_Powai.png
2025-03-08 18:50:44,996 - INFO - Saved error distribution plot to predictions/xgboost_error_distribution_Powai.png
2025-03-08 18:50:44,996 - INFO - 
Final Evaluation Results:
2025-03-08 18:50:44,996 - INFO - MAE: 35.04
2025-03-08 18:50:44,996 - INFO - RMSE: 38.18
2025-03-08 18:50:44,996 - INFO - Initializing Gradient Boosting Predictor for Kandivali
2025-03-08 18:50:44,996 - INFO - Sequence length: 24, Prediction horizon: 6
2025-03-08 18:50:44,996 - INFO - Loading cleaned data from cleaned_data/Kandivali_spatial_average.csv
2025-03-08 18:50:45,001 - INFO - Loaded cleaned data with shape: (4776, 4)
2025-03-08 18:50:45,001 - INFO - Features selected: ['PM10', 'RH', 'AT']
2025-03-08 18:50:45,001 - INFO - Starting model training with 3820 samples
2025-03-08 18:50:45,001 - INFO - Preparing sequences from data with shape: (3820, 4)
2025-03-08 18:50:45,005 - INFO - Creating 3791 sequences...
2025-03-08 18:50:45,009 - INFO - Sequence preparation completed. X shape: (3791, 480), y shape: (3791, 6, 1)
2025-03-08 18:50:45,009 - INFO - Sequence preparation took 0.01 seconds
2025-03-08 18:50:45,009 - INFO - Training model for step 1/6
2025-03-08 18:50:46,716 - INFO - Training model for step 2/6
2025-03-08 18:50:48,397 - INFO - Training model for step 3/6
2025-03-08 18:50:50,025 - INFO - Training model for step 4/6
2025-03-08 18:50:51,683 - INFO - Training model for step 5/6
2025-03-08 18:50:53,371 - INFO - Training model for step 6/6
2025-03-08 18:50:54,998 - INFO - Training completed in 10.00 seconds
2025-03-08 18:50:54,998 - INFO - Evaluating predictions for Kandivali
2025-03-08 18:50:54,999 - INFO - Preparing sequences from data with shape: (956, 4)
2025-03-08 18:50:55,002 - INFO - Creating 927 sequences...
2025-03-08 18:50:55,003 - INFO - Sequence preparation completed. X shape: (927, 480), y shape: (927, 6, 1)
2025-03-08 18:50:55,003 - INFO - Sequence preparation took 0.00 seconds
2025-03-08 18:50:55,010 - INFO - Evaluation completed in 0.01 seconds
2025-03-08 18:50:55,010 - INFO - Evaluation metrics - MAE: 27.37, RMSE: 30.84
2025-03-08 18:50:55,010 - INFO - Generating prediction plots for Kandivali
2025-03-08 18:50:55,424 - INFO - Saved prediction plot to predictions/xgboost_prediction_Kandivali.png
2025-03-08 18:50:55,639 - INFO - Saved error distribution plot to predictions/xgboost_error_distribution_Kandivali.png
2025-03-08 18:50:55,639 - INFO - 
Final Evaluation Results:
2025-03-08 18:50:55,639 - INFO - MAE: 27.37
2025-03-08 18:50:55,639 - INFO - RMSE: 30.84
2025-03-08 18:50:55,639 - INFO - Initializing Gradient Boosting Predictor for Nerul
2025-03-08 18:50:55,639 - INFO - Sequence length: 24, Prediction horizon: 6
2025-03-08 18:50:55,640 - INFO - Loading cleaned data from cleaned_data/Nerul_spatial_average.csv
2025-03-08 18:50:55,645 - INFO - Loaded cleaned data with shape: (5280, 4)
2025-03-08 18:50:55,645 - INFO - Features selected: ['PM10', 'RH', 'AT']
2025-03-08 18:50:55,645 - INFO - Starting model training with 4224 samples
2025-03-08 18:50:55,645 - INFO - Preparing sequences from data with shape: (4224, 4)
2025-03-08 18:50:55,649 - INFO - Creating 4195 sequences...
2025-03-08 18:50:55,654 - INFO - Sequence preparation completed. X shape: (4195, 480), y shape: (4195, 6, 1)
2025-03-08 18:50:55,654 - INFO - Sequence preparation took 0.01 seconds
2025-03-08 18:50:55,654 - INFO - Training model for step 1/6
2025-03-08 18:50:57,280 - INFO - Training model for step 2/6
2025-03-08 18:50:58,864 - INFO - Training model for step 3/6
2025-03-08 18:51:00,453 - INFO - Training model for step 4/6
2025-03-08 18:51:02,038 - INFO - Training model for step 5/6
2025-03-08 18:51:03,607 - INFO - Training model for step 6/6
2025-03-08 18:51:05,160 - INFO - Training completed in 9.51 seconds
2025-03-08 18:51:05,160 - INFO - Evaluating predictions for Nerul
2025-03-08 18:51:05,160 - INFO - Preparing sequences from data with shape: (1056, 4)
2025-03-08 18:51:05,163 - INFO - Creating 1027 sequences...
2025-03-08 18:51:05,165 - INFO - Sequence preparation completed. X shape: (1027, 480), y shape: (1027, 6, 1)
2025-03-08 18:51:05,165 - INFO - Sequence preparation took 0.00 seconds
2025-03-08 18:51:05,171 - INFO - Evaluation completed in 0.01 seconds
2025-03-08 18:51:05,171 - INFO - Evaluation metrics - MAE: 52.95, RMSE: 61.28
2025-03-08 18:51:05,171 - INFO - Generating prediction plots for Nerul
2025-03-08 18:51:05,593 - INFO - Saved prediction plot to predictions/xgboost_prediction_Nerul.png
2025-03-08 18:51:05,806 - INFO - Saved error distribution plot to predictions/xgboost_error_distribution_Nerul.png
2025-03-08 18:51:05,806 - INFO - 
Final Evaluation Results:
2025-03-08 18:51:05,806 - INFO - MAE: 52.95
2025-03-08 18:51:05,806 - INFO - RMSE: 61.28
2025-03-08 18:51:05,806 - INFO - Initializing Gradient Boosting Predictor for Kurla
2025-03-08 18:51:05,806 - INFO - Sequence length: 24, Prediction horizon: 6
2025-03-08 18:51:05,807 - INFO - Loading cleaned data from cleaned_data/Kurla_spatial_average.csv
2025-03-08 18:51:05,812 - INFO - Loaded cleaned data with shape: (5400, 4)
2025-03-08 18:51:05,812 - INFO - Features selected: ['PM10', 'RH', 'AT']
2025-03-08 18:51:05,812 - INFO - Starting model training with 4320 samples
2025-03-08 18:51:05,812 - INFO - Preparing sequences from data with shape: (4320, 4)
2025-03-08 18:51:05,816 - INFO - Creating 4291 sequences...
2025-03-08 18:51:05,821 - INFO - Sequence preparation completed. X shape: (4291, 480), y shape: (4291, 6, 1)
2025-03-08 18:51:05,821 - INFO - Sequence preparation took 0.01 seconds
2025-03-08 18:51:05,821 - INFO - Training model for step 1/6
2025-03-08 18:51:07,443 - INFO - Training model for step 2/6
2025-03-08 18:51:09,103 - INFO - Training model for step 3/6
2025-03-08 18:51:10,812 - INFO - Training model for step 4/6
2025-03-08 18:51:12,427 - INFO - Training model for step 5/6
2025-03-08 18:51:14,119 - INFO - Training model for step 6/6
2025-03-08 18:51:15,773 - INFO - Training completed in 9.96 seconds
2025-03-08 18:51:15,773 - INFO - Evaluating predictions for Kurla
2025-03-08 18:51:15,773 - INFO - Preparing sequences from data with shape: (1080, 4)
2025-03-08 18:51:15,776 - INFO - Creating 1051 sequences...
2025-03-08 18:51:15,778 - INFO - Sequence preparation completed. X shape: (1051, 480), y shape: (1051, 6, 1)
2025-03-08 18:51:15,778 - INFO - Sequence preparation took 0.00 seconds
2025-03-08 18:51:15,786 - INFO - Evaluation completed in 0.01 seconds
2025-03-08 18:51:15,787 - INFO - Evaluation metrics - MAE: 42.09, RMSE: 50.80
2025-03-08 18:51:15,787 - INFO - Generating prediction plots for Kurla
2025-03-08 18:51:16,207 - INFO - Saved prediction plot to predictions/xgboost_prediction_Kurla.png
2025-03-08 18:51:16,472 - INFO - Saved error distribution plot to predictions/xgboost_error_distribution_Kurla.png
2025-03-08 18:51:16,472 - INFO - 
Final Evaluation Results:
2025-03-08 18:51:16,472 - INFO - MAE: 42.09
2025-03-08 18:51:16,472 - INFO - RMSE: 50.80
2025-03-08 18:51:16,472 - INFO - Initializing Gradient Boosting Predictor for Vileparle
2025-03-08 18:51:16,472 - INFO - Sequence length: 24, Prediction horizon: 6
2025-03-08 18:51:16,472 - INFO - Loading cleaned data from cleaned_data/Vileparle_spatial_average.csv
2025-03-08 18:51:16,478 - INFO - Loaded cleaned data with shape: (5280, 4)
2025-03-08 18:51:16,478 - INFO - Features selected: ['PM10', 'RH', 'AT']
2025-03-08 18:51:16,478 - INFO - Starting model training with 4224 samples
2025-03-08 18:51:16,478 - INFO - Preparing sequences from data with shape: (4224, 4)
2025-03-08 18:51:16,482 - INFO - Creating 4195 sequences...
2025-03-08 18:51:16,486 - INFO - Sequence preparation completed. X shape: (4195, 480), y shape: (4195, 6, 1)
2025-03-08 18:51:16,486 - INFO - Sequence preparation took 0.01 seconds
2025-03-08 18:51:16,487 - INFO - Training model for step 1/6
2025-03-08 18:51:18,305 - INFO - Training model for step 2/6
2025-03-08 18:51:20,047 - INFO - Training model for step 3/6
2025-03-08 18:51:21,769 - INFO - Training model for step 4/6
2025-03-08 18:51:23,485 - INFO - Training model for step 5/6
2025-03-08 18:51:25,254 - INFO - Training model for step 6/6
2025-03-08 18:51:27,024 - INFO - Training completed in 10.55 seconds
2025-03-08 18:51:27,024 - INFO - Evaluating predictions for Vileparle
2025-03-08 18:51:27,024 - INFO - Preparing sequences from data with shape: (1056, 4)
2025-03-08 18:51:27,027 - INFO - Creating 1027 sequences...
2025-03-08 18:51:27,029 - INFO - Sequence preparation completed. X shape: (1027, 480), y shape: (1027, 6, 1)
2025-03-08 18:51:27,029 - INFO - Sequence preparation took 0.00 seconds
2025-03-08 18:51:27,036 - INFO - Evaluation completed in 0.01 seconds
2025-03-08 18:51:27,036 - INFO - Evaluation metrics - MAE: 29.68, RMSE: 32.88
2025-03-08 18:51:27,036 - INFO - Generating prediction plots for Vileparle
2025-03-08 18:51:27,450 - INFO - Saved prediction plot to predictions/xgboost_prediction_Vileparle.png
2025-03-08 18:51:27,668 - INFO - Saved error distribution plot to predictions/xgboost_error_distribution_Vileparle.png
2025-03-08 18:51:27,668 - INFO - 
Final Evaluation Results:
2025-03-08 18:51:27,668 - INFO - MAE: 29.68
2025-03-08 18:51:27,668 - INFO - RMSE: 32.88
2025-03-08 18:51:27,668 - INFO - Initializing Gradient Boosting Predictor for Kalyan
2025-03-08 18:51:27,668 - INFO - Sequence length: 24, Prediction horizon: 6
2025-03-08 18:51:27,668 - INFO - Loading cleaned data from cleaned_data/Kalyan_spatial_average.csv
2025-03-08 18:51:27,674 - INFO - Loaded cleaned data with shape: (5404, 4)
2025-03-08 18:51:27,674 - INFO - Features selected: ['PM10', 'RH', 'AT']
2025-03-08 18:51:27,674 - INFO - Starting model training with 4323 samples
2025-03-08 18:51:27,674 - INFO - Preparing sequences from data with shape: (4323, 4)
2025-03-08 18:51:27,678 - INFO - Creating 4294 sequences...
2025-03-08 18:51:27,683 - INFO - Sequence preparation completed. X shape: (4294, 480), y shape: (4294, 6, 1)
2025-03-08 18:51:27,683 - INFO - Sequence preparation took 0.01 seconds
2025-03-08 18:51:27,683 - INFO - Training model for step 1/6
2025-03-08 18:51:29,429 - INFO - Training model for step 2/6
2025-03-08 18:51:31,157 - INFO - Training model for step 3/6
2025-03-08 18:51:32,910 - INFO - Training model for step 4/6
2025-03-08 18:51:34,634 - INFO - Training model for step 5/6
2025-03-08 18:51:36,377 - INFO - Training model for step 6/6
2025-03-08 18:51:38,125 - INFO - Training completed in 10.45 seconds
2025-03-08 18:51:38,125 - INFO - Evaluating predictions for Kalyan
2025-03-08 18:51:38,126 - INFO - Preparing sequences from data with shape: (1081, 4)
2025-03-08 18:51:38,129 - INFO - Creating 1052 sequences...
2025-03-08 18:51:38,130 - INFO - Sequence preparation completed. X shape: (1052, 480), y shape: (1052, 6, 1)
2025-03-08 18:51:38,130 - INFO - Sequence preparation took 0.00 seconds
2025-03-08 18:51:38,138 - INFO - Evaluation completed in 0.01 seconds
2025-03-08 18:51:38,138 - INFO - Evaluation metrics - MAE: 53.15, RMSE: 61.00
2025-03-08 18:51:38,138 - INFO - Generating prediction plots for Kalyan
2025-03-08 18:51:38,611 - INFO - Saved prediction plot to predictions/xgboost_prediction_Kalyan.png
2025-03-08 18:51:38,835 - INFO - Saved error distribution plot to predictions/xgboost_error_distribution_Kalyan.png
2025-03-08 18:51:38,835 - INFO - 
Final Evaluation Results:
2025-03-08 18:51:38,835 - INFO - MAE: 53.15
2025-03-08 18:51:38,835 - INFO - RMSE: 61.00
2025-03-08 18:51:38,835 - INFO - Initializing Gradient Boosting Predictor for Kalyan
2025-03-08 18:51:38,835 - INFO - Sequence length: 24, Prediction horizon: 6
2025-03-08 18:51:38,835 - INFO - Loading cleaned data from cleaned_data/Kalyan_spatial_average.csv
2025-03-08 18:51:38,841 - INFO - Loaded cleaned data with shape: (5404, 4)
2025-03-08 18:51:38,841 - INFO - Features selected: ['PM10', 'RH', 'AT']
2025-03-08 18:51:38,841 - INFO - Starting model training with 4323 samples
2025-03-08 18:51:38,841 - INFO - Preparing sequences from data with shape: (4323, 4)
2025-03-08 18:51:38,845 - INFO - Creating 4294 sequences...
2025-03-08 18:51:38,849 - INFO - Sequence preparation completed. X shape: (4294, 480), y shape: (4294, 6, 1)
2025-03-08 18:51:38,849 - INFO - Sequence preparation took 0.01 seconds
2025-03-08 18:51:38,849 - INFO - Training model for step 1/6
2025-03-08 18:51:40,586 - INFO - Training model for step 2/6
2025-03-08 18:51:42,315 - INFO - Training model for step 3/6
2025-03-08 18:51:44,050 - INFO - Training model for step 4/6
2025-03-08 18:51:45,763 - INFO - Training model for step 5/6
2025-03-08 18:51:47,523 - INFO - Training model for step 6/6
2025-03-08 18:51:49,256 - INFO - Training completed in 10.41 seconds
2025-03-08 18:51:49,256 - INFO - Evaluating predictions for Kalyan
2025-03-08 18:51:49,256 - INFO - Preparing sequences from data with shape: (1081, 4)
2025-03-08 18:51:49,259 - INFO - Creating 1052 sequences...
2025-03-08 18:51:49,260 - INFO - Sequence preparation completed. X shape: (1052, 480), y shape: (1052, 6, 1)
2025-03-08 18:51:49,260 - INFO - Sequence preparation took 0.00 seconds
2025-03-08 18:51:49,269 - INFO - Evaluation completed in 0.01 seconds
2025-03-08 18:51:49,269 - INFO - Evaluation metrics - MAE: 53.15, RMSE: 61.00
2025-03-08 18:51:49,269 - INFO - Generating prediction plots for Kalyan
2025-03-08 18:51:49,677 - INFO - Saved prediction plot to predictions/xgboost_prediction_Kalyan.png
2025-03-08 18:51:49,899 - INFO - Saved error distribution plot to predictions/xgboost_error_distribution_Kalyan.png
2025-03-08 18:51:49,900 - INFO - 
Final Evaluation Results:
2025-03-08 18:51:49,900 - INFO - MAE: 53.15
2025-03-08 18:51:49,900 - INFO - RMSE: 61.00
2025-03-08 18:51:49,900 - INFO - Initializing Gradient Boosting Predictor for Worli
2025-03-08 18:51:49,900 - INFO - Sequence length: 24, Prediction horizon: 6
2025-03-08 18:51:49,900 - INFO - Loading cleaned data from cleaned_data/Worli_spatial_average.csv
2025-03-08 18:51:49,905 - INFO - Loaded cleaned data with shape: (5400, 4)
2025-03-08 18:51:49,905 - INFO - Features selected: ['PM10', 'RH', 'AT']
2025-03-08 18:51:49,905 - INFO - Starting model training with 4320 samples
2025-03-08 18:51:49,905 - INFO - Preparing sequences from data with shape: (4320, 4)
2025-03-08 18:51:49,909 - INFO - Creating 4291 sequences...
2025-03-08 18:51:49,914 - INFO - Sequence preparation completed. X shape: (4291, 480), y shape: (4291, 6, 1)
2025-03-08 18:51:49,914 - INFO - Sequence preparation took 0.01 seconds
2025-03-08 18:51:49,914 - INFO - Training model for step 1/6
2025-03-08 18:51:51,674 - INFO - Training model for step 2/6
2025-03-08 18:51:53,406 - INFO - Training model for step 3/6
2025-03-08 18:51:55,147 - INFO - Training model for step 4/6
2025-03-08 18:51:56,862 - INFO - Training model for step 5/6
2025-03-08 18:51:58,556 - INFO - Training model for step 6/6
2025-03-08 18:52:00,371 - INFO - Training completed in 10.47 seconds
2025-03-08 18:52:00,371 - INFO - Evaluating predictions for Worli
2025-03-08 18:52:00,371 - INFO - Preparing sequences from data with shape: (1080, 4)
2025-03-08 18:52:00,374 - INFO - Creating 1051 sequences...
2025-03-08 18:52:00,376 - INFO - Sequence preparation completed. X shape: (1051, 480), y shape: (1051, 6, 1)
2025-03-08 18:52:00,376 - INFO - Sequence preparation took 0.00 seconds
2025-03-08 18:52:00,384 - INFO - Evaluation completed in 0.01 seconds
2025-03-08 18:52:00,384 - INFO - Evaluation metrics - MAE: 42.98, RMSE: 44.90
2025-03-08 18:52:00,384 - INFO - Generating prediction plots for Worli
2025-03-08 18:52:00,787 - INFO - Saved prediction plot to predictions/xgboost_prediction_Worli.png
2025-03-08 18:52:01,005 - INFO - Saved error distribution plot to predictions/xgboost_error_distribution_Worli.png
2025-03-08 18:52:01,005 - INFO - 
Final Evaluation Results:
2025-03-08 18:52:01,005 - INFO - MAE: 42.98
2025-03-08 18:52:01,005 - INFO - RMSE: 44.90
2025-03-08 18:52:01,005 - INFO - Initializing Gradient Boosting Predictor for Kandivali
2025-03-08 18:52:01,005 - INFO - Sequence length: 24, Prediction horizon: 6
2025-03-08 18:52:01,005 - INFO - Loading cleaned data from cleaned_data/Kandivali_spatial_average.csv
2025-03-08 18:52:01,023 - INFO - Loaded cleaned data with shape: (4776, 4)
2025-03-08 18:52:01,023 - INFO - Features selected: ['PM10', 'RH', 'AT']
2025-03-08 18:52:01,024 - INFO - Starting model training with 3820 samples
2025-03-08 18:52:01,024 - INFO - Preparing sequences from data with shape: (3820, 4)
2025-03-08 18:52:01,027 - INFO - Creating 3791 sequences...
2025-03-08 18:52:01,031 - INFO - Sequence preparation completed. X shape: (3791, 480), y shape: (3791, 6, 1)
2025-03-08 18:52:01,031 - INFO - Sequence preparation took 0.01 seconds
2025-03-08 18:52:01,031 - INFO - Training model for step 1/6
2025-03-08 18:52:02,822 - INFO - Training model for step 2/6
2025-03-08 18:52:04,543 - INFO - Training model for step 3/6
2025-03-08 18:52:06,313 - INFO - Training model for step 4/6
2025-03-08 18:52:08,054 - INFO - Training model for step 5/6
2025-03-08 18:52:09,805 - INFO - Training model for step 6/6
2025-03-08 18:52:11,527 - INFO - Training completed in 10.50 seconds
2025-03-08 18:52:11,528 - INFO - Evaluating predictions for Kandivali
2025-03-08 18:52:11,528 - INFO - Preparing sequences from data with shape: (956, 4)
2025-03-08 18:52:11,534 - INFO - Creating 927 sequences...
2025-03-08 18:52:11,536 - INFO - Sequence preparation completed. X shape: (927, 480), y shape: (927, 6, 1)
2025-03-08 18:52:11,536 - INFO - Sequence preparation took 0.01 seconds
2025-03-08 18:52:11,542 - INFO - Evaluation completed in 0.01 seconds
2025-03-08 18:52:11,542 - INFO - Evaluation metrics - MAE: 27.37, RMSE: 30.84
2025-03-08 18:52:11,543 - INFO - Generating prediction plots for Kandivali
2025-03-08 18:52:11,992 - INFO - Saved prediction plot to predictions/xgboost_prediction_Kandivali.png
2025-03-08 18:52:12,213 - INFO - Saved error distribution plot to predictions/xgboost_error_distribution_Kandivali.png
2025-03-08 18:52:12,213 - INFO - 
Final Evaluation Results:
2025-03-08 18:52:12,213 - INFO - MAE: 27.37
2025-03-08 18:52:12,213 - INFO - RMSE: 30.84
2025-03-08 18:52:12,213 - INFO - Initializing Gradient Boosting Predictor for Nerul
2025-03-08 18:52:12,213 - INFO - Sequence length: 24, Prediction horizon: 6
2025-03-08 18:52:12,213 - INFO - Loading cleaned data from cleaned_data/Nerul_spatial_average.csv
2025-03-08 18:52:12,220 - INFO - Loaded cleaned data with shape: (5280, 4)
2025-03-08 18:52:12,220 - INFO - Features selected: ['PM10', 'RH', 'AT']
2025-03-08 18:52:12,220 - INFO - Starting model training with 4224 samples
2025-03-08 18:52:12,220 - INFO - Preparing sequences from data with shape: (4224, 4)
2025-03-08 18:52:12,223 - INFO - Creating 4195 sequences...
2025-03-08 18:52:12,228 - INFO - Sequence preparation completed. X shape: (4195, 480), y shape: (4195, 6, 1)
2025-03-08 18:52:12,228 - INFO - Sequence preparation took 0.01 seconds
2025-03-08 18:52:12,228 - INFO - Training model for step 1/6
2025-03-08 18:52:13,930 - INFO - Training model for step 2/6
2025-03-08 18:52:15,641 - INFO - Training model for step 3/6
2025-03-08 18:52:17,346 - INFO - Training model for step 4/6
2025-03-08 18:52:19,021 - INFO - Training model for step 5/6
2025-03-08 18:52:20,699 - INFO - Training model for step 6/6
2025-03-08 18:52:22,339 - INFO - Training completed in 10.12 seconds
2025-03-08 18:52:22,339 - INFO - Evaluating predictions for Nerul
2025-03-08 18:52:22,339 - INFO - Preparing sequences from data with shape: (1056, 4)
2025-03-08 18:52:22,342 - INFO - Creating 1027 sequences...
2025-03-08 18:52:22,344 - INFO - Sequence preparation completed. X shape: (1027, 480), y shape: (1027, 6, 1)
2025-03-08 18:52:22,344 - INFO - Sequence preparation took 0.00 seconds
2025-03-08 18:52:22,352 - INFO - Evaluation completed in 0.01 seconds
2025-03-08 18:52:22,352 - INFO - Evaluation metrics - MAE: 52.95, RMSE: 61.28
2025-03-08 18:52:22,352 - INFO - Generating prediction plots for Nerul
2025-03-08 18:52:22,815 - INFO - Saved prediction plot to predictions/xgboost_prediction_Nerul.png
2025-03-08 18:52:23,031 - INFO - Saved error distribution plot to predictions/xgboost_error_distribution_Nerul.png
2025-03-08 18:52:23,031 - INFO - 
Final Evaluation Results:
2025-03-08 18:52:23,031 - INFO - MAE: 52.95
2025-03-08 18:52:23,031 - INFO - RMSE: 61.28
2025-03-08 18:52:23,031 - INFO - Initializing Gradient Boosting Predictor for Mahape
2025-03-08 18:52:23,031 - INFO - Sequence length: 24, Prediction horizon: 6
2025-03-08 18:52:23,032 - INFO - Loading cleaned data from cleaned_data/Mahape_spatial_average.csv
2025-03-08 18:52:23,037 - INFO - Loaded cleaned data with shape: (5295, 4)
2025-03-08 18:52:23,037 - INFO - Features selected: ['PM10', 'RH', 'AT']
2025-03-08 18:52:23,037 - INFO - Starting model training with 4236 samples
2025-03-08 18:52:23,037 - INFO - Preparing sequences from data with shape: (4236, 4)
2025-03-08 18:52:23,041 - INFO - Creating 4207 sequences...
2025-03-08 18:52:23,046 - INFO - Sequence preparation completed. X shape: (4207, 480), y shape: (4207, 6, 1)
2025-03-08 18:52:23,046 - INFO - Sequence preparation took 0.01 seconds
2025-03-08 18:52:23,046 - INFO - Training model for step 1/6
2025-03-08 18:52:24,813 - INFO - Training model for step 2/6
2025-03-08 18:52:26,471 - INFO - Training model for step 3/6
2025-03-08 18:52:28,167 - INFO - Training model for step 4/6
2025-03-08 18:52:29,864 - INFO - Training model for step 5/6
2025-03-08 18:52:31,563 - INFO - Training model for step 6/6
2025-03-08 18:52:33,276 - INFO - Training completed in 10.24 seconds
2025-03-08 18:52:33,276 - INFO - Evaluating predictions for Mahape
2025-03-08 18:52:33,276 - INFO - Preparing sequences from data with shape: (1059, 4)
2025-03-08 18:52:33,280 - INFO - Creating 1030 sequences...
2025-03-08 18:52:33,281 - INFO - Sequence preparation completed. X shape: (1030, 480), y shape: (1030, 6, 1)
2025-03-08 18:52:33,281 - INFO - Sequence preparation took 0.01 seconds
2025-03-08 18:52:33,290 - INFO - Evaluation completed in 0.01 seconds
2025-03-08 18:52:33,290 - INFO - Evaluation metrics - MAE: 37.41, RMSE: 40.52
2025-03-08 18:52:33,290 - INFO - Generating prediction plots for Mahape
2025-03-08 18:52:33,763 - INFO - Saved prediction plot to predictions/xgboost_prediction_Mahape.png
2025-03-08 18:52:33,993 - INFO - Saved error distribution plot to predictions/xgboost_error_distribution_Mahape.png
2025-03-08 18:52:33,993 - INFO - 
Final Evaluation Results:
2025-03-08 18:52:33,993 - INFO - MAE: 37.41
2025-03-08 18:52:33,993 - INFO - RMSE: 40.52
2025-03-08 18:52:33,994 - INFO - Initializing Gradient Boosting Predictor for Kurla
2025-03-08 18:52:33,994 - INFO - Sequence length: 24, Prediction horizon: 6
2025-03-08 18:52:33,994 - INFO - Loading cleaned data from cleaned_data/Kurla_spatial_average.csv
2025-03-08 18:52:33,999 - INFO - Loaded cleaned data with shape: (5400, 4)
2025-03-08 18:52:34,000 - INFO - Features selected: ['PM10', 'RH', 'AT']
2025-03-08 18:52:34,000 - INFO - Starting model training with 4320 samples
2025-03-08 18:52:34,000 - INFO - Preparing sequences from data with shape: (4320, 4)
2025-03-08 18:52:34,004 - INFO - Creating 4291 sequences...
2025-03-08 18:52:34,009 - INFO - Sequence preparation completed. X shape: (4291, 480), y shape: (4291, 6, 1)
2025-03-08 18:52:34,009 - INFO - Sequence preparation took 0.01 seconds
2025-03-08 18:52:34,009 - INFO - Training model for step 1/6
2025-03-08 18:52:35,726 - INFO - Training model for step 2/6
2025-03-08 18:52:37,422 - INFO - Training model for step 3/6
2025-03-08 18:52:39,225 - INFO - Training model for step 4/6
2025-03-08 18:52:40,952 - INFO - Training model for step 5/6
2025-03-08 18:52:42,778 - INFO - Training model for step 6/6
2025-03-08 18:52:44,609 - INFO - Training completed in 10.61 seconds
2025-03-08 18:52:44,609 - INFO - Evaluating predictions for Kurla
2025-03-08 18:52:44,609 - INFO - Preparing sequences from data with shape: (1080, 4)
2025-03-08 18:52:44,613 - INFO - Creating 1051 sequences...
2025-03-08 18:52:44,615 - INFO - Sequence preparation completed. X shape: (1051, 480), y shape: (1051, 6, 1)
2025-03-08 18:52:44,615 - INFO - Sequence preparation took 0.01 seconds
2025-03-08 18:52:44,623 - INFO - Evaluation completed in 0.01 seconds
2025-03-08 18:52:44,623 - INFO - Evaluation metrics - MAE: 42.09, RMSE: 50.80
2025-03-08 18:52:44,623 - INFO - Generating prediction plots for Kurla
2025-03-08 18:52:45,125 - INFO - Saved prediction plot to predictions/xgboost_prediction_Kurla.png
2025-03-08 18:52:45,497 - INFO - Saved error distribution plot to predictions/xgboost_error_distribution_Kurla.png
2025-03-08 18:52:45,497 - INFO - 
Final Evaluation Results:
2025-03-08 18:52:45,497 - INFO - MAE: 42.09
2025-03-08 18:52:45,497 - INFO - RMSE: 50.80
2025-03-08 18:52:45,497 - INFO - Initializing Gradient Boosting Predictor for Mahape
2025-03-08 18:52:45,497 - INFO - Sequence length: 24, Prediction horizon: 6
2025-03-08 18:52:45,498 - INFO - Loading cleaned data from cleaned_data/Mahape_spatial_average.csv
2025-03-08 18:52:45,503 - INFO - Loaded cleaned data with shape: (5295, 4)
2025-03-08 18:52:45,504 - INFO - Features selected: ['PM10', 'RH', 'AT']
2025-03-08 18:52:45,504 - INFO - Starting model training with 4236 samples
2025-03-08 18:52:45,504 - INFO - Preparing sequences from data with shape: (4236, 4)
2025-03-08 18:52:45,508 - INFO - Creating 4207 sequences...
2025-03-08 18:52:45,513 - INFO - Sequence preparation completed. X shape: (4207, 480), y shape: (4207, 6, 1)
2025-03-08 18:52:45,513 - INFO - Sequence preparation took 0.01 seconds
2025-03-08 18:52:45,513 - INFO - Training model for step 1/6
2025-03-08 18:52:47,257 - INFO - Training model for step 2/6
2025-03-08 18:52:48,963 - INFO - Training model for step 3/6
2025-03-08 18:52:50,717 - INFO - Training model for step 4/6
2025-03-08 18:52:52,516 - INFO - Training model for step 5/6
2025-03-08 18:52:54,335 - INFO - Training model for step 6/6
2025-03-08 18:52:56,187 - INFO - Training completed in 10.68 seconds
2025-03-08 18:52:56,187 - INFO - Evaluating predictions for Mahape
2025-03-08 18:52:56,187 - INFO - Preparing sequences from data with shape: (1059, 4)
2025-03-08 18:52:56,192 - INFO - Creating 1030 sequences...
2025-03-08 18:52:56,194 - INFO - Sequence preparation completed. X shape: (1030, 480), y shape: (1030, 6, 1)
2025-03-08 18:52:56,194 - INFO - Sequence preparation took 0.01 seconds
2025-03-08 18:52:56,200 - INFO - Evaluation completed in 0.01 seconds
2025-03-08 18:52:56,200 - INFO - Evaluation metrics - MAE: 37.41, RMSE: 40.52
2025-03-08 18:52:56,200 - INFO - Generating prediction plots for Mahape
2025-03-08 18:52:56,735 - INFO - Saved prediction plot to predictions/xgboost_prediction_Mahape.png
2025-03-08 18:52:56,975 - INFO - Saved error distribution plot to predictions/xgboost_error_distribution_Mahape.png
2025-03-08 18:52:56,975 - INFO - 
Final Evaluation Results:
2025-03-08 18:52:56,975 - INFO - MAE: 37.41
2025-03-08 18:52:56,975 - INFO - RMSE: 40.52
2025-03-08 18:52:56,975 - INFO - Initializing Gradient Boosting Predictor for Kalyan
2025-03-08 18:52:56,975 - INFO - Sequence length: 24, Prediction horizon: 6
2025-03-08 18:52:56,975 - INFO - Loading cleaned data from cleaned_data/Kalyan_spatial_average.csv
2025-03-08 18:52:56,982 - INFO - Loaded cleaned data with shape: (5404, 4)
2025-03-08 18:52:56,982 - INFO - Features selected: ['PM10', 'RH', 'AT']
2025-03-08 18:52:56,982 - INFO - Starting model training with 4323 samples
2025-03-08 18:52:56,982 - INFO - Preparing sequences from data with shape: (4323, 4)
2025-03-08 18:52:56,987 - INFO - Creating 4294 sequences...
2025-03-08 18:52:56,992 - INFO - Sequence preparation completed. X shape: (4294, 480), y shape: (4294, 6, 1)
2025-03-08 18:52:56,992 - INFO - Sequence preparation took 0.01 seconds
2025-03-08 18:52:56,992 - INFO - Training model for step 1/6
2025-03-08 18:52:58,863 - INFO - Training model for step 2/6
2025-03-08 18:53:00,839 - INFO - Training model for step 3/6
2025-03-08 18:53:02,806 - INFO - Training model for step 4/6
2025-03-08 18:53:04,665 - INFO - Training model for step 5/6
2025-03-08 18:53:06,602 - INFO - Training model for step 6/6
2025-03-08 18:53:08,492 - INFO - Training completed in 11.51 seconds
2025-03-08 18:53:08,492 - INFO - Evaluating predictions for Kalyan
2025-03-08 18:53:08,492 - INFO - Preparing sequences from data with shape: (1081, 4)
2025-03-08 18:53:08,497 - INFO - Creating 1052 sequences...
2025-03-08 18:53:08,499 - INFO - Sequence preparation completed. X shape: (1052, 480), y shape: (1052, 6, 1)
2025-03-08 18:53:08,499 - INFO - Sequence preparation took 0.01 seconds
2025-03-08 18:53:08,505 - INFO - Evaluation completed in 0.01 seconds
2025-03-08 18:53:08,505 - INFO - Evaluation metrics - MAE: 53.15, RMSE: 61.00
2025-03-08 18:53:08,505 - INFO - Generating prediction plots for Kalyan
2025-03-08 18:53:09,054 - INFO - Saved prediction plot to predictions/xgboost_prediction_Kalyan.png
2025-03-08 18:53:09,311 - INFO - Saved error distribution plot to predictions/xgboost_error_distribution_Kalyan.png
2025-03-08 18:53:09,312 - INFO - 
Final Evaluation Results:
2025-03-08 18:53:09,312 - INFO - MAE: 53.15
2025-03-08 18:53:09,312 - INFO - RMSE: 61.00
2025-03-08 18:53:09,312 - INFO - Initializing Gradient Boosting Predictor for Mulund
2025-03-08 18:53:09,312 - INFO - Sequence length: 24, Prediction horizon: 6
2025-03-08 18:53:09,312 - INFO - Loading cleaned data from cleaned_data/Mulund_spatial_average.csv
2025-03-08 18:53:09,319 - INFO - Loaded cleaned data with shape: (5400, 4)
2025-03-08 18:53:09,319 - INFO - Features selected: ['PM10', 'RH', 'AT']
2025-03-08 18:53:09,319 - INFO - Starting model training with 4320 samples
2025-03-08 18:53:09,319 - INFO - Preparing sequences from data with shape: (4320, 4)
2025-03-08 18:53:09,323 - INFO - Creating 4291 sequences...
2025-03-08 18:53:09,328 - INFO - Sequence preparation completed. X shape: (4291, 480), y shape: (4291, 6, 1)
2025-03-08 18:53:09,328 - INFO - Sequence preparation took 0.01 seconds
2025-03-08 18:53:09,328 - INFO - Training model for step 1/6
2025-03-08 18:53:11,199 - INFO - Training model for step 2/6
2025-03-08 18:53:13,095 - INFO - Training model for step 3/6
2025-03-08 18:53:15,063 - INFO - Training model for step 4/6
2025-03-08 18:53:17,257 - INFO - Training model for step 5/6
2025-03-08 18:53:19,238 - INFO - Training model for step 6/6
2025-03-08 18:53:21,225 - INFO - Training completed in 11.91 seconds
2025-03-08 18:53:21,225 - INFO - Evaluating predictions for Mulund
2025-03-08 18:53:21,225 - INFO - Preparing sequences from data with shape: (1080, 4)
2025-03-08 18:53:21,231 - INFO - Creating 1051 sequences...
2025-03-08 18:53:21,233 - INFO - Sequence preparation completed. X shape: (1051, 480), y shape: (1051, 6, 1)
2025-03-08 18:53:21,233 - INFO - Sequence preparation took 0.01 seconds
2025-03-08 18:53:21,241 - INFO - Evaluation completed in 0.02 seconds
2025-03-08 18:53:21,241 - INFO - Evaluation metrics - MAE: 38.28, RMSE: 42.19
2025-03-08 18:53:21,241 - INFO - Generating prediction plots for Mulund
2025-03-08 18:53:21,789 - INFO - Saved prediction plot to predictions/xgboost_prediction_Mulund.png
2025-03-08 18:53:22,042 - INFO - Saved error distribution plot to predictions/xgboost_error_distribution_Mulund.png
2025-03-08 18:53:22,042 - INFO - 
Final Evaluation Results:
2025-03-08 18:53:22,042 - INFO - MAE: 38.28
2025-03-08 18:53:22,042 - INFO - RMSE: 42.19
2025-03-08 18:53:22,042 - INFO - Initializing Gradient Boosting Predictor for Mahape
2025-03-08 18:53:22,042 - INFO - Sequence length: 24, Prediction horizon: 6
2025-03-08 18:53:22,042 - INFO - Loading cleaned data from cleaned_data/Mahape_spatial_average.csv
2025-03-08 18:53:22,048 - INFO - Loaded cleaned data with shape: (5295, 4)
2025-03-08 18:53:22,048 - INFO - Features selected: ['PM10', 'RH', 'AT']
2025-03-08 18:53:22,048 - INFO - Starting model training with 4236 samples
2025-03-08 18:53:22,048 - INFO - Preparing sequences from data with shape: (4236, 4)
2025-03-08 18:53:22,053 - INFO - Creating 4207 sequences...
2025-03-08 18:53:22,058 - INFO - Sequence preparation completed. X shape: (4207, 480), y shape: (4207, 6, 1)
2025-03-08 18:53:22,058 - INFO - Sequence preparation took 0.01 seconds
2025-03-08 18:53:22,058 - INFO - Training model for step 1/6
2025-03-08 18:53:23,866 - INFO - Training model for step 2/6
2025-03-08 18:53:25,690 - INFO - Training model for step 3/6
2025-03-08 18:53:27,498 - INFO - Training model for step 4/6
2025-03-08 18:53:29,307 - INFO - Training model for step 5/6
2025-03-08 18:53:31,167 - INFO - Training model for step 6/6
2025-03-08 18:53:33,016 - INFO - Training completed in 10.97 seconds
2025-03-08 18:53:33,016 - INFO - Evaluating predictions for Mahape
2025-03-08 18:53:33,016 - INFO - Preparing sequences from data with shape: (1059, 4)
2025-03-08 18:53:33,021 - INFO - Creating 1030 sequences...
2025-03-08 18:53:33,023 - INFO - Sequence preparation completed. X shape: (1030, 480), y shape: (1030, 6, 1)
2025-03-08 18:53:33,023 - INFO - Sequence preparation took 0.01 seconds
2025-03-08 18:53:33,030 - INFO - Evaluation completed in 0.01 seconds
2025-03-08 18:53:33,030 - INFO - Evaluation metrics - MAE: 37.41, RMSE: 40.52
2025-03-08 18:53:33,030 - INFO - Generating prediction plots for Mahape
2025-03-08 18:53:33,653 - INFO - Saved prediction plot to predictions/xgboost_prediction_Mahape.png
2025-03-08 18:53:33,917 - INFO - Saved error distribution plot to predictions/xgboost_error_distribution_Mahape.png
2025-03-08 18:53:33,917 - INFO - 
Final Evaluation Results:
2025-03-08 18:53:33,917 - INFO - MAE: 37.41
2025-03-08 18:53:33,917 - INFO - RMSE: 40.52
2025-03-08 18:53:33,917 - INFO - Initializing Gradient Boosting Predictor for Borivali
2025-03-08 18:53:33,917 - INFO - Sequence length: 24, Prediction horizon: 6
2025-03-08 18:53:33,918 - INFO - Loading cleaned data from cleaned_data/Borivali_spatial_average.csv
2025-03-08 18:53:33,925 - INFO - Loaded cleaned data with shape: (5400, 4)
2025-03-08 18:53:33,925 - INFO - Features selected: ['PM10', 'RH', 'AT']
2025-03-08 18:53:33,925 - INFO - Starting model training with 4320 samples
2025-03-08 18:53:33,925 - INFO - Preparing sequences from data with shape: (4320, 4)
2025-03-08 18:53:33,929 - INFO - Creating 4291 sequences...
2025-03-08 18:53:33,935 - INFO - Sequence preparation completed. X shape: (4291, 480), y shape: (4291, 6, 1)
2025-03-08 18:53:33,935 - INFO - Sequence preparation took 0.01 seconds
2025-03-08 18:53:33,935 - INFO - Training model for step 1/6
2025-03-08 18:53:35,784 - INFO - Training model for step 2/6
2025-03-08 18:53:37,670 - INFO - Training model for step 3/6
2025-03-08 18:53:39,559 - INFO - Training model for step 4/6
2025-03-08 18:53:41,447 - INFO - Training model for step 5/6
2025-03-08 18:53:43,298 - INFO - Training model for step 6/6
2025-03-08 18:53:45,185 - INFO - Training completed in 11.26 seconds
2025-03-08 18:53:45,186 - INFO - Evaluating predictions for Borivali
2025-03-08 18:53:45,186 - INFO - Preparing sequences from data with shape: (1080, 4)
2025-03-08 18:53:45,191 - INFO - Creating 1051 sequences...
2025-03-08 18:53:45,193 - INFO - Sequence preparation completed. X shape: (1051, 480), y shape: (1051, 6, 1)
2025-03-08 18:53:45,193 - INFO - Sequence preparation took 0.01 seconds
2025-03-08 18:53:45,200 - INFO - Evaluation completed in 0.01 seconds
2025-03-08 18:53:45,201 - INFO - Evaluation metrics - MAE: 33.44, RMSE: 36.20
2025-03-08 18:53:45,201 - INFO - Generating prediction plots for Borivali
2025-03-08 18:53:45,829 - INFO - Saved prediction plot to predictions/xgboost_prediction_Borivali.png
2025-03-08 18:53:46,094 - INFO - Saved error distribution plot to predictions/xgboost_error_distribution_Borivali.png
2025-03-08 18:53:46,094 - INFO - 
Final Evaluation Results:
2025-03-08 18:53:46,094 - INFO - MAE: 33.44
2025-03-08 18:53:46,094 - INFO - RMSE: 36.20
2025-03-08 18:53:46,094 - INFO - Initializing Gradient Boosting Predictor for Mulund
2025-03-08 18:53:46,094 - INFO - Sequence length: 24, Prediction horizon: 6
2025-03-08 18:53:46,095 - INFO - Loading cleaned data from cleaned_data/Mulund_spatial_average.csv
2025-03-08 18:53:46,101 - INFO - Loaded cleaned data with shape: (5400, 4)
2025-03-08 18:53:46,101 - INFO - Features selected: ['PM10', 'RH', 'AT']
2025-03-08 18:53:46,101 - INFO - Starting model training with 4320 samples
2025-03-08 18:53:46,101 - INFO - Preparing sequences from data with shape: (4320, 4)
2025-03-08 18:53:46,106 - INFO - Creating 4291 sequences...
2025-03-08 18:53:46,111 - INFO - Sequence preparation completed. X shape: (4291, 480), y shape: (4291, 6, 1)
2025-03-08 18:53:46,111 - INFO - Sequence preparation took 0.01 seconds
2025-03-08 18:53:46,111 - INFO - Training model for step 1/6
2025-03-08 18:53:48,076 - INFO - Training model for step 2/6
2025-03-08 18:53:49,977 - INFO - Training model for step 3/6
2025-03-08 18:53:51,959 - INFO - Training model for step 4/6
2025-03-08 18:53:53,880 - INFO - Training model for step 5/6
2025-03-08 18:53:55,793 - INFO - Training model for step 6/6
2025-03-08 18:53:57,718 - INFO - Training completed in 11.62 seconds
2025-03-08 18:53:57,718 - INFO - Evaluating predictions for Mulund
2025-03-08 18:53:57,718 - INFO - Preparing sequences from data with shape: (1080, 4)
2025-03-08 18:53:57,723 - INFO - Creating 1051 sequences...
2025-03-08 18:53:57,725 - INFO - Sequence preparation completed. X shape: (1051, 480), y shape: (1051, 6, 1)
2025-03-08 18:53:57,725 - INFO - Sequence preparation took 0.01 seconds
2025-03-08 18:53:57,733 - INFO - Evaluation completed in 0.01 seconds
2025-03-08 18:53:57,733 - INFO - Evaluation metrics - MAE: 38.28, RMSE: 42.19
2025-03-08 18:53:57,733 - INFO - Generating prediction plots for Mulund
2025-03-08 18:53:58,366 - INFO - Saved prediction plot to predictions/xgboost_prediction_Mulund.png
2025-03-08 18:53:58,704 - INFO - Saved error distribution plot to predictions/xgboost_error_distribution_Mulund.png
2025-03-08 18:53:58,704 - INFO - 
Final Evaluation Results:
2025-03-08 18:53:58,704 - INFO - MAE: 38.28
2025-03-08 18:53:58,704 - INFO - RMSE: 42.19
2025-03-08 18:53:58,704 - INFO - Initializing Gradient Boosting Predictor for Kurla
2025-03-08 18:53:58,704 - INFO - Sequence length: 24, Prediction horizon: 6
2025-03-08 18:53:58,705 - INFO - Loading cleaned data from cleaned_data/Kurla_spatial_average.csv
2025-03-08 18:53:58,711 - INFO - Loaded cleaned data with shape: (5400, 4)
2025-03-08 18:53:58,711 - INFO - Features selected: ['PM10', 'RH', 'AT']
2025-03-08 18:53:58,711 - INFO - Starting model training with 4320 samples
2025-03-08 18:53:58,711 - INFO - Preparing sequences from data with shape: (4320, 4)
2025-03-08 18:53:58,715 - INFO - Creating 4291 sequences...
2025-03-08 18:53:58,722 - INFO - Sequence preparation completed. X shape: (4291, 480), y shape: (4291, 6, 1)
2025-03-08 18:53:58,722 - INFO - Sequence preparation took 0.01 seconds
2025-03-08 18:53:58,722 - INFO - Training model for step 1/6
2025-03-08 18:54:00,508 - INFO - Training model for step 2/6
2025-03-08 18:54:02,324 - INFO - Training model for step 3/6
2025-03-08 18:54:04,236 - INFO - Training model for step 4/6
2025-03-08 18:54:06,153 - INFO - Training model for step 5/6
2025-03-08 18:54:08,044 - INFO - Training model for step 6/6
2025-03-08 18:54:09,905 - INFO - Training completed in 11.19 seconds
2025-03-08 18:54:09,905 - INFO - Evaluating predictions for Kurla
2025-03-08 18:54:09,905 - INFO - Preparing sequences from data with shape: (1080, 4)
2025-03-08 18:54:09,910 - INFO - Creating 1051 sequences...
2025-03-08 18:54:09,912 - INFO - Sequence preparation completed. X shape: (1051, 480), y shape: (1051, 6, 1)
2025-03-08 18:54:09,912 - INFO - Sequence preparation took 0.01 seconds
2025-03-08 18:54:09,919 - INFO - Evaluation completed in 0.01 seconds
2025-03-08 18:54:09,919 - INFO - Evaluation metrics - MAE: 42.09, RMSE: 50.80
2025-03-08 18:54:09,919 - INFO - Generating prediction plots for Kurla
2025-03-08 18:54:10,468 - INFO - Saved prediction plot to predictions/xgboost_prediction_Kurla.png
2025-03-08 18:54:10,777 - INFO - Saved error distribution plot to predictions/xgboost_error_distribution_Kurla.png
2025-03-08 18:54:10,777 - INFO - 
Final Evaluation Results:
2025-03-08 18:54:10,777 - INFO - MAE: 42.09
2025-03-08 18:54:10,777 - INFO - RMSE: 50.80
2025-03-08 18:54:10,777 - INFO - Initializing Gradient Boosting Predictor for Airport
2025-03-08 18:54:10,777 - INFO - Sequence length: 24, Prediction horizon: 6
2025-03-08 18:54:10,777 - INFO - Loading cleaned data from cleaned_data/Airport_spatial_average.csv
2025-03-08 18:54:10,783 - INFO - Loaded cleaned data with shape: (5280, 4)
2025-03-08 18:54:10,783 - INFO - Features selected: ['PM10', 'RH', 'AT']
2025-03-08 18:54:10,783 - INFO - Starting model training with 4224 samples
2025-03-08 18:54:10,783 - INFO - Preparing sequences from data with shape: (4224, 4)
2025-03-08 18:54:10,787 - INFO - Creating 4195 sequences...
2025-03-08 18:54:10,793 - INFO - Sequence preparation completed. X shape: (4195, 480), y shape: (4195, 6, 1)
2025-03-08 18:54:10,793 - INFO - Sequence preparation took 0.01 seconds
2025-03-08 18:54:10,793 - INFO - Training model for step 1/6
2025-03-08 18:54:12,687 - INFO - Training model for step 2/6
2025-03-08 18:54:14,683 - INFO - Training model for step 3/6
2025-03-08 18:54:16,596 - INFO - Training model for step 4/6
2025-03-08 18:54:18,502 - INFO - Training model for step 5/6
2025-03-08 18:54:20,355 - INFO - Training model for step 6/6
2025-03-08 18:54:22,357 - INFO - Training completed in 11.57 seconds
2025-03-08 18:54:22,357 - INFO - Evaluating predictions for Airport
2025-03-08 18:54:22,357 - INFO - Preparing sequences from data with shape: (1056, 4)
2025-03-08 18:54:22,361 - INFO - Creating 1027 sequences...
2025-03-08 18:54:22,363 - INFO - Sequence preparation completed. X shape: (1027, 480), y shape: (1027, 6, 1)
2025-03-08 18:54:22,363 - INFO - Sequence preparation took 0.01 seconds
2025-03-08 18:54:22,369 - INFO - Evaluation completed in 0.01 seconds
2025-03-08 18:54:22,369 - INFO - Evaluation metrics - MAE: 13.93, RMSE: 16.12
2025-03-08 18:54:22,369 - INFO - Generating prediction plots for Airport
2025-03-08 18:54:22,909 - INFO - Saved prediction plot to predictions/xgboost_prediction_Airport.png
2025-03-08 18:54:23,156 - INFO - Saved error distribution plot to predictions/xgboost_error_distribution_Airport.png
2025-03-08 18:54:23,156 - INFO - 
Final Evaluation Results:
2025-03-08 18:54:23,156 - INFO - MAE: 13.93
2025-03-08 18:54:23,156 - INFO - RMSE: 16.12
2025-03-08 18:54:23,156 - INFO - Initializing Gradient Boosting Predictor for Vileparle
2025-03-08 18:54:23,156 - INFO - Sequence length: 24, Prediction horizon: 6
2025-03-08 18:54:23,156 - INFO - Loading cleaned data from cleaned_data/Vileparle_spatial_average.csv
2025-03-08 18:54:23,162 - INFO - Loaded cleaned data with shape: (5280, 4)
2025-03-08 18:54:23,162 - INFO - Features selected: ['PM10', 'RH', 'AT']
2025-03-08 18:54:23,162 - INFO - Starting model training with 4224 samples
2025-03-08 18:54:23,162 - INFO - Preparing sequences from data with shape: (4224, 4)
2025-03-08 18:54:23,166 - INFO - Creating 4195 sequences...
2025-03-08 18:54:23,172 - INFO - Sequence preparation completed. X shape: (4195, 480), y shape: (4195, 6, 1)
2025-03-08 18:54:23,172 - INFO - Sequence preparation took 0.01 seconds
2025-03-08 18:54:23,172 - INFO - Training model for step 1/6
2025-03-08 18:54:25,118 - INFO - Training model for step 2/6
2025-03-08 18:54:27,036 - INFO - Training model for step 3/6
2025-03-08 18:54:29,017 - INFO - Training model for step 4/6
2025-03-08 18:54:30,952 - INFO - Training model for step 5/6
2025-03-08 18:54:32,957 - INFO - Training model for step 6/6
2025-03-08 18:54:34,910 - INFO - Training completed in 11.75 seconds
2025-03-08 18:54:34,910 - INFO - Evaluating predictions for Vileparle
2025-03-08 18:54:34,910 - INFO - Preparing sequences from data with shape: (1056, 4)
2025-03-08 18:54:34,915 - INFO - Creating 1027 sequences...
2025-03-08 18:54:34,917 - INFO - Sequence preparation completed. X shape: (1027, 480), y shape: (1027, 6, 1)
2025-03-08 18:54:34,917 - INFO - Sequence preparation took 0.01 seconds
2025-03-08 18:54:34,925 - INFO - Evaluation completed in 0.02 seconds
2025-03-08 18:54:34,925 - INFO - Evaluation metrics - MAE: 29.68, RMSE: 32.88
2025-03-08 18:54:34,925 - INFO - Generating prediction plots for Vileparle
2025-03-08 18:54:35,461 - INFO - Saved prediction plot to predictions/xgboost_prediction_Vileparle.png
2025-03-08 18:54:35,706 - INFO - Saved error distribution plot to predictions/xgboost_error_distribution_Vileparle.png
2025-03-08 18:54:35,706 - INFO - 
Final Evaluation Results:
2025-03-08 18:54:35,706 - INFO - MAE: 29.68
2025-03-08 18:54:35,706 - INFO - RMSE: 32.88
2025-03-08 18:54:35,706 - INFO - Initializing Gradient Boosting Predictor for Powai
2025-03-08 18:54:35,706 - INFO - Sequence length: 24, Prediction horizon: 6
2025-03-08 18:54:35,707 - INFO - Loading cleaned data from cleaned_data/Powai_spatial_average.csv
2025-03-08 18:54:35,713 - INFO - Loaded cleaned data with shape: (5400, 4)
2025-03-08 18:54:35,713 - INFO - Features selected: ['PM10', 'RH', 'AT']
2025-03-08 18:54:35,713 - INFO - Starting model training with 4320 samples
2025-03-08 18:54:35,713 - INFO - Preparing sequences from data with shape: (4320, 4)
2025-03-08 18:54:35,717 - INFO - Creating 4291 sequences...
2025-03-08 18:54:35,722 - INFO - Sequence preparation completed. X shape: (4291, 480), y shape: (4291, 6, 1)
2025-03-08 18:54:35,722 - INFO - Sequence preparation took 0.01 seconds
2025-03-08 18:54:35,722 - INFO - Training model for step 1/6
2025-03-08 18:54:37,721 - INFO - Training model for step 2/6
2025-03-08 18:54:39,723 - INFO - Training model for step 3/6
2025-03-08 18:54:41,700 - INFO - Training model for step 4/6
2025-03-08 18:54:43,674 - INFO - Training model for step 5/6
2025-03-08 18:54:45,664 - INFO - Training model for step 6/6
2025-03-08 18:54:47,630 - INFO - Training completed in 11.92 seconds
2025-03-08 18:54:47,630 - INFO - Evaluating predictions for Powai
2025-03-08 18:54:47,630 - INFO - Preparing sequences from data with shape: (1080, 4)
2025-03-08 18:54:47,634 - INFO - Creating 1051 sequences...
2025-03-08 18:54:47,636 - INFO - Sequence preparation completed. X shape: (1051, 480), y shape: (1051, 6, 1)
2025-03-08 18:54:47,636 - INFO - Sequence preparation took 0.01 seconds
2025-03-08 18:54:47,642 - INFO - Evaluation completed in 0.01 seconds
2025-03-08 18:54:47,642 - INFO - Evaluation metrics - MAE: 35.04, RMSE: 38.18
2025-03-08 18:54:47,642 - INFO - Generating prediction plots for Powai
2025-03-08 18:54:48,171 - INFO - Saved prediction plot to predictions/xgboost_prediction_Powai.png
2025-03-08 18:54:48,415 - INFO - Saved error distribution plot to predictions/xgboost_error_distribution_Powai.png
2025-03-08 18:54:48,415 - INFO - 
Final Evaluation Results:
2025-03-08 18:54:48,415 - INFO - MAE: 35.04
2025-03-08 18:54:48,415 - INFO - RMSE: 38.18
2025-03-08 18:54:48,415 - INFO - Initializing Gradient Boosting Predictor for Worli
2025-03-08 18:54:48,415 - INFO - Sequence length: 24, Prediction horizon: 6
2025-03-08 18:54:48,415 - INFO - Loading cleaned data from cleaned_data/Worli_spatial_average.csv
2025-03-08 18:54:48,422 - INFO - Loaded cleaned data with shape: (5400, 4)
2025-03-08 18:54:48,422 - INFO - Features selected: ['PM10', 'RH', 'AT']
2025-03-08 18:54:48,422 - INFO - Starting model training with 4320 samples
2025-03-08 18:54:48,422 - INFO - Preparing sequences from data with shape: (4320, 4)
2025-03-08 18:54:48,426 - INFO - Creating 4291 sequences...
2025-03-08 18:54:48,432 - INFO - Sequence preparation completed. X shape: (4291, 480), y shape: (4291, 6, 1)
2025-03-08 18:54:48,432 - INFO - Sequence preparation took 0.01 seconds
2025-03-08 18:54:48,432 - INFO - Training model for step 1/6
2025-03-08 18:54:50,378 - INFO - Training model for step 2/6
2025-03-08 18:54:52,288 - INFO - Training model for step 3/6
2025-03-08 18:54:54,210 - INFO - Training model for step 4/6
2025-03-08 18:54:56,111 - INFO - Training model for step 5/6
2025-03-08 18:54:57,990 - INFO - Training model for step 6/6
2025-03-08 18:54:59,990 - INFO - Training completed in 11.57 seconds
2025-03-08 18:54:59,990 - INFO - Evaluating predictions for Worli
2025-03-08 18:54:59,990 - INFO - Preparing sequences from data with shape: (1080, 4)
2025-03-08 18:54:59,994 - INFO - Creating 1051 sequences...
2025-03-08 18:54:59,996 - INFO - Sequence preparation completed. X shape: (1051, 480), y shape: (1051, 6, 1)
2025-03-08 18:54:59,996 - INFO - Sequence preparation took 0.01 seconds
2025-03-08 18:55:00,005 - INFO - Evaluation completed in 0.01 seconds
2025-03-08 18:55:00,005 - INFO - Evaluation metrics - MAE: 42.98, RMSE: 44.90
2025-03-08 18:55:00,005 - INFO - Generating prediction plots for Worli
2025-03-08 18:55:00,536 - INFO - Saved prediction plot to predictions/xgboost_prediction_Worli.png
2025-03-08 18:55:00,778 - INFO - Saved error distribution plot to predictions/xgboost_error_distribution_Worli.png
2025-03-08 18:55:00,778 - INFO - 
Final Evaluation Results:
2025-03-08 18:55:00,778 - INFO - MAE: 42.98
2025-03-08 18:55:00,778 - INFO - RMSE: 44.90
2025-03-08 18:55:00,778 - INFO - Initializing Gradient Boosting Predictor for Bandra
2025-03-08 18:55:00,778 - INFO - Sequence length: 24, Prediction horizon: 6
2025-03-08 18:55:00,779 - INFO - Loading cleaned data from cleaned_data/Bandra_spatial_average.csv
2025-03-08 18:55:00,785 - INFO - Loaded cleaned data with shape: (5404, 4)
2025-03-08 18:55:00,785 - INFO - Features selected: ['PM10', 'RH', 'AT']
2025-03-08 18:55:00,785 - INFO - Starting model training with 4323 samples
2025-03-08 18:55:00,785 - INFO - Preparing sequences from data with shape: (4323, 4)
2025-03-08 18:55:00,789 - INFO - Creating 4294 sequences...
2025-03-08 18:55:00,794 - INFO - Sequence preparation completed. X shape: (4294, 480), y shape: (4294, 6, 1)
2025-03-08 18:55:00,794 - INFO - Sequence preparation took 0.01 seconds
2025-03-08 18:55:00,794 - INFO - Training model for step 1/6
2025-03-08 18:55:02,417 - INFO - Training model for step 2/6
2025-03-08 18:55:03,958 - INFO - Training model for step 3/6
2025-03-08 18:55:05,574 - INFO - Training model for step 4/6
2025-03-08 18:55:07,268 - INFO - Training model for step 5/6
2025-03-08 18:55:08,724 - INFO - Training model for step 6/6
2025-03-08 18:55:10,204 - INFO - Training completed in 9.42 seconds
2025-03-08 18:55:10,205 - INFO - Evaluating predictions for Bandra
2025-03-08 18:55:10,205 - INFO - Preparing sequences from data with shape: (1081, 4)
2025-03-08 18:55:10,209 - INFO - Creating 1052 sequences...
2025-03-08 18:55:10,210 - INFO - Sequence preparation completed. X shape: (1052, 480), y shape: (1052, 6, 1)
2025-03-08 18:55:10,210 - INFO - Sequence preparation took 0.01 seconds
2025-03-08 18:55:10,219 - INFO - Evaluation completed in 0.01 seconds
2025-03-08 18:55:10,219 - INFO - Evaluation metrics - MAE: 12.22, RMSE: 16.10
2025-03-08 18:55:10,219 - INFO - Generating prediction plots for Bandra
2025-03-08 18:55:10,759 - INFO - Saved prediction plot to predictions/xgboost_prediction_Bandra.png
2025-03-08 18:55:11,106 - INFO - Saved error distribution plot to predictions/xgboost_error_distribution_Bandra.png
2025-03-08 18:55:11,106 - INFO - 
Final Evaluation Results:
2025-03-08 18:55:11,106 - INFO - MAE: 12.22
2025-03-08 18:55:11,106 - INFO - RMSE: 16.10
2025-03-08 18:55:11,106 - INFO - Initializing Gradient Boosting Predictor for Borivali
2025-03-08 18:55:11,106 - INFO - Sequence length: 24, Prediction horizon: 6
2025-03-08 18:55:11,107 - INFO - Loading cleaned data from cleaned_data/Borivali_spatial_average.csv
2025-03-08 18:55:11,113 - INFO - Loaded cleaned data with shape: (5400, 4)
2025-03-08 18:55:11,113 - INFO - Features selected: ['PM10', 'RH', 'AT']
2025-03-08 18:55:11,113 - INFO - Starting model training with 4320 samples
2025-03-08 18:55:11,113 - INFO - Preparing sequences from data with shape: (4320, 4)
2025-03-08 18:55:11,117 - INFO - Creating 4291 sequences...
2025-03-08 18:55:11,123 - INFO - Sequence preparation completed. X shape: (4291, 480), y shape: (4291, 6, 1)
2025-03-08 18:55:11,123 - INFO - Sequence preparation took 0.01 seconds
2025-03-08 18:55:11,123 - INFO - Training model for step 1/6
2025-03-08 18:55:12,917 - INFO - Training model for step 2/6
2025-03-08 18:55:14,691 - INFO - Training model for step 3/6
2025-03-08 18:55:16,500 - INFO - Training model for step 4/6
2025-03-08 18:55:18,336 - INFO - Training model for step 5/6
2025-03-08 18:55:20,196 - INFO - Training model for step 6/6
2025-03-08 18:55:22,040 - INFO - Training completed in 10.93 seconds
2025-03-08 18:55:22,040 - INFO - Evaluating predictions for Borivali
2025-03-08 18:55:22,040 - INFO - Preparing sequences from data with shape: (1080, 4)
2025-03-08 18:55:22,044 - INFO - Creating 1051 sequences...
2025-03-08 18:55:22,046 - INFO - Sequence preparation completed. X shape: (1051, 480), y shape: (1051, 6, 1)
2025-03-08 18:55:22,046 - INFO - Sequence preparation took 0.01 seconds
2025-03-08 18:55:22,054 - INFO - Evaluation completed in 0.01 seconds
2025-03-08 18:55:22,055 - INFO - Evaluation metrics - MAE: 33.44, RMSE: 36.20
2025-03-08 18:55:22,055 - INFO - Generating prediction plots for Borivali
2025-03-08 18:55:22,580 - INFO - Saved prediction plot to predictions/xgboost_prediction_Borivali.png
2025-03-08 18:55:22,837 - INFO - Saved error distribution plot to predictions/xgboost_error_distribution_Borivali.png
2025-03-08 18:55:22,837 - INFO - 
Final Evaluation Results:
2025-03-08 18:55:22,837 - INFO - MAE: 33.44
2025-03-08 18:55:22,837 - INFO - RMSE: 36.20
2025-03-08 18:55:22,837 - INFO - Initializing Gradient Boosting Predictor for Vasai
2025-03-08 18:55:22,837 - INFO - Sequence length: 24, Prediction horizon: 6
2025-03-08 18:55:22,838 - INFO - Loading cleaned data from cleaned_data/Vasai_spatial_average.csv
2025-03-08 18:55:22,844 - INFO - Loaded cleaned data with shape: (5400, 4)
2025-03-08 18:55:22,844 - INFO - Features selected: ['PM10', 'RH', 'AT']
2025-03-08 18:55:22,844 - INFO - Starting model training with 4320 samples
2025-03-08 18:55:22,844 - INFO - Preparing sequences from data with shape: (4320, 4)
2025-03-08 18:55:22,849 - INFO - Creating 4291 sequences...
2025-03-08 18:55:22,854 - INFO - Sequence preparation completed. X shape: (4291, 480), y shape: (4291, 6, 1)
2025-03-08 18:55:22,854 - INFO - Sequence preparation took 0.01 seconds
2025-03-08 18:55:22,854 - INFO - Training model for step 1/6
2025-03-08 18:55:24,976 - INFO - Training model for step 2/6
2025-03-08 18:55:26,998 - INFO - Training model for step 3/6
2025-03-08 18:55:29,236 - INFO - Training model for step 4/6
2025-03-08 18:55:31,440 - INFO - Training model for step 5/6
2025-03-08 18:55:33,612 - INFO - Training model for step 6/6
2025-03-08 18:55:35,778 - INFO - Training completed in 12.93 seconds
2025-03-08 18:55:35,778 - INFO - Evaluating predictions for Vasai
2025-03-08 18:55:35,779 - INFO - Preparing sequences from data with shape: (1080, 4)
2025-03-08 18:55:35,786 - INFO - Creating 1051 sequences...
2025-03-08 18:55:35,788 - INFO - Sequence preparation completed. X shape: (1051, 480), y shape: (1051, 6, 1)
2025-03-08 18:55:35,788 - INFO - Sequence preparation took 0.01 seconds
2025-03-08 18:55:35,797 - INFO - Evaluation completed in 0.02 seconds
2025-03-08 18:55:35,797 - INFO - Evaluation metrics - MAE: 38.20, RMSE: 41.49
2025-03-08 18:55:35,798 - INFO - Generating prediction plots for Vasai
2025-03-08 18:55:36,338 - INFO - Saved prediction plot to predictions/xgboost_prediction_Vasai.png
2025-03-08 18:55:36,585 - INFO - Saved error distribution plot to predictions/xgboost_error_distribution_Vasai.png
2025-03-08 18:55:36,585 - INFO - 
Final Evaluation Results:
2025-03-08 18:55:36,585 - INFO - MAE: 38.20
2025-03-08 18:55:36,585 - INFO - RMSE: 41.49
2025-03-08 18:55:36,585 - INFO - Initializing Gradient Boosting Predictor for Kandivali
2025-03-08 18:55:36,585 - INFO - Sequence length: 24, Prediction horizon: 6
2025-03-08 18:55:36,586 - INFO - Loading cleaned data from cleaned_data/Kandivali_spatial_average.csv
2025-03-08 18:55:36,591 - INFO - Loaded cleaned data with shape: (4776, 4)
2025-03-08 18:55:36,592 - INFO - Features selected: ['PM10', 'RH', 'AT']
2025-03-08 18:55:36,592 - INFO - Starting model training with 3820 samples
2025-03-08 18:55:36,592 - INFO - Preparing sequences from data with shape: (3820, 4)
2025-03-08 18:55:36,596 - INFO - Creating 3791 sequences...
2025-03-08 18:55:36,600 - INFO - Sequence preparation completed. X shape: (3791, 480), y shape: (3791, 6, 1)
2025-03-08 18:55:36,600 - INFO - Sequence preparation took 0.01 seconds
2025-03-08 18:55:36,600 - INFO - Training model for step 1/6
2025-03-08 18:55:38,657 - INFO - Training model for step 2/6
2025-03-08 18:55:40,783 - INFO - Training model for step 3/6
2025-03-08 18:55:42,881 - INFO - Training model for step 4/6
2025-03-08 18:55:44,999 - INFO - Training model for step 5/6
2025-03-08 18:55:47,197 - INFO - Training model for step 6/6
2025-03-08 18:55:49,330 - INFO - Training completed in 12.74 seconds
2025-03-08 18:55:49,330 - INFO - Evaluating predictions for Kandivali
2025-03-08 18:55:49,331 - INFO - Preparing sequences from data with shape: (956, 4)
2025-03-08 18:55:49,335 - INFO - Creating 927 sequences...
2025-03-08 18:55:49,337 - INFO - Sequence preparation completed. X shape: (927, 480), y shape: (927, 6, 1)
2025-03-08 18:55:49,337 - INFO - Sequence preparation took 0.01 seconds
2025-03-08 18:55:49,346 - INFO - Evaluation completed in 0.02 seconds
2025-03-08 18:55:49,346 - INFO - Evaluation metrics - MAE: 27.37, RMSE: 30.84
2025-03-08 18:55:49,346 - INFO - Generating prediction plots for Kandivali
2025-03-08 18:55:49,886 - INFO - Saved prediction plot to predictions/xgboost_prediction_Kandivali.png
2025-03-08 18:55:50,134 - INFO - Saved error distribution plot to predictions/xgboost_error_distribution_Kandivali.png
2025-03-08 18:55:50,134 - INFO - 
Final Evaluation Results:
2025-03-08 18:55:50,134 - INFO - MAE: 27.37
2025-03-08 18:55:50,134 - INFO - RMSE: 30.84
2025-03-08 18:55:50,134 - INFO - Initializing Gradient Boosting Predictor for Vasai
2025-03-08 18:55:50,134 - INFO - Sequence length: 24, Prediction horizon: 6
2025-03-08 18:55:50,135 - INFO - Loading cleaned data from cleaned_data/Vasai_spatial_average.csv
2025-03-08 18:55:50,142 - INFO - Loaded cleaned data with shape: (5400, 4)
2025-03-08 18:55:50,142 - INFO - Features selected: ['PM10', 'RH', 'AT']
2025-03-08 18:55:50,142 - INFO - Starting model training with 4320 samples
2025-03-08 18:55:50,142 - INFO - Preparing sequences from data with shape: (4320, 4)
2025-03-08 18:55:50,146 - INFO - Creating 4291 sequences...
2025-03-08 18:55:50,151 - INFO - Sequence preparation completed. X shape: (4291, 480), y shape: (4291, 6, 1)
2025-03-08 18:55:50,151 - INFO - Sequence preparation took 0.01 seconds
2025-03-08 18:55:50,151 - INFO - Training model for step 1/6
2025-03-08 18:55:52,221 - INFO - Training model for step 2/6
2025-03-08 18:55:54,273 - INFO - Training model for step 3/6
2025-03-08 18:55:56,346 - INFO - Training model for step 4/6
2025-03-08 18:55:58,500 - INFO - Training model for step 5/6
2025-03-08 18:56:00,603 - INFO - Training model for step 6/6
2025-03-08 18:56:02,721 - INFO - Training completed in 12.58 seconds
2025-03-08 18:56:02,721 - INFO - Evaluating predictions for Vasai
2025-03-08 18:56:02,721 - INFO - Preparing sequences from data with shape: (1080, 4)
2025-03-08 18:56:02,725 - INFO - Creating 1051 sequences...
2025-03-08 18:56:02,727 - INFO - Sequence preparation completed. X shape: (1051, 480), y shape: (1051, 6, 1)
2025-03-08 18:56:02,727 - INFO - Sequence preparation took 0.01 seconds
2025-03-08 18:56:02,736 - INFO - Evaluation completed in 0.02 seconds
2025-03-08 18:56:02,736 - INFO - Evaluation metrics - MAE: 38.20, RMSE: 41.49
2025-03-08 18:56:02,737 - INFO - Generating prediction plots for Vasai
2025-03-08 18:56:03,284 - INFO - Saved prediction plot to predictions/xgboost_prediction_Vasai.png
2025-03-08 18:56:03,551 - INFO - Saved error distribution plot to predictions/xgboost_error_distribution_Vasai.png
2025-03-08 18:56:03,551 - INFO - 
Final Evaluation Results:
2025-03-08 18:56:03,551 - INFO - MAE: 38.20
2025-03-08 18:56:03,551 - INFO - RMSE: 41.49
2025-03-08 18:56:03,551 - INFO - Initializing Gradient Boosting Predictor for Sion
2025-03-08 18:56:03,551 - INFO - Sequence length: 24, Prediction horizon: 6
2025-03-08 18:56:03,552 - INFO - Loading cleaned data from cleaned_data/Sion_spatial_average.csv
2025-03-08 18:56:03,558 - INFO - Loaded cleaned data with shape: (5280, 4)
2025-03-08 18:56:03,558 - INFO - Features selected: ['PM10', 'RH', 'AT']
2025-03-08 18:56:03,558 - INFO - Starting model training with 4224 samples
2025-03-08 18:56:03,558 - INFO - Preparing sequences from data with shape: (4224, 4)
2025-03-08 18:56:03,563 - INFO - Creating 4195 sequences...
2025-03-08 18:56:03,568 - INFO - Sequence preparation completed. X shape: (4195, 480), y shape: (4195, 6, 1)
2025-03-08 18:56:03,568 - INFO - Sequence preparation took 0.01 seconds
2025-03-08 18:56:03,568 - INFO - Training model for step 1/6
2025-03-08 18:56:05,715 - INFO - Training model for step 2/6
2025-03-08 18:56:08,011 - INFO - Training model for step 3/6
2025-03-08 18:56:10,249 - INFO - Training model for step 4/6
2025-03-08 18:56:12,381 - INFO - Training model for step 5/6
2025-03-08 18:56:14,550 - INFO - Training model for step 6/6
2025-03-08 18:56:16,667 - INFO - Training completed in 13.11 seconds
2025-03-08 18:56:16,667 - INFO - Evaluating predictions for Sion
2025-03-08 18:56:16,667 - INFO - Preparing sequences from data with shape: (1056, 4)
2025-03-08 18:56:16,672 - INFO - Creating 1027 sequences...
2025-03-08 18:56:16,674 - INFO - Sequence preparation completed. X shape: (1027, 480), y shape: (1027, 6, 1)
2025-03-08 18:56:16,674 - INFO - Sequence preparation took 0.01 seconds
2025-03-08 18:56:16,680 - INFO - Evaluation completed in 0.01 seconds
2025-03-08 18:56:16,680 - INFO - Evaluation metrics - MAE: 39.57, RMSE: 42.26
2025-03-08 18:56:16,681 - INFO - Generating prediction plots for Sion
2025-03-08 18:56:17,211 - INFO - Saved prediction plot to predictions/xgboost_prediction_Sion.png
2025-03-08 18:56:17,465 - INFO - Saved error distribution plot to predictions/xgboost_error_distribution_Sion.png
2025-03-08 18:56:17,465 - INFO - 
Final Evaluation Results:
2025-03-08 18:56:17,465 - INFO - MAE: 39.57
2025-03-08 18:56:17,465 - INFO - RMSE: 42.26
2025-03-08 18:56:17,465 - INFO - Initializing Gradient Boosting Predictor for Colaba
2025-03-08 18:56:17,465 - INFO - Sequence length: 24, Prediction horizon: 6
2025-03-08 18:56:17,465 - INFO - Loading cleaned data from cleaned_data/Colaba_spatial_average.csv
2025-03-08 18:56:17,472 - INFO - Loaded cleaned data with shape: (4776, 4)
2025-03-08 18:56:17,472 - INFO - Features selected: ['PM10', 'RH', 'AT']
2025-03-08 18:56:17,472 - INFO - Starting model training with 3820 samples
2025-03-08 18:56:17,472 - INFO - Preparing sequences from data with shape: (3820, 4)
2025-03-08 18:56:17,476 - INFO - Creating 3791 sequences...
2025-03-08 18:56:17,481 - INFO - Sequence preparation completed. X shape: (3791, 480), y shape: (3791, 6, 1)
2025-03-08 18:56:17,481 - INFO - Sequence preparation took 0.01 seconds
2025-03-08 18:56:17,481 - INFO - Training model for step 1/6
2025-03-08 18:56:19,424 - INFO - Training model for step 2/6
2025-03-08 18:56:21,522 - INFO - Training model for step 3/6
2025-03-08 18:56:23,582 - INFO - Training model for step 4/6
2025-03-08 18:56:25,591 - INFO - Training model for step 5/6
2025-03-08 18:56:27,573 - INFO - Training model for step 6/6
2025-03-08 18:56:29,629 - INFO - Training completed in 12.16 seconds
2025-03-08 18:56:29,629 - INFO - Evaluating predictions for Colaba
2025-03-08 18:56:29,629 - INFO - Preparing sequences from data with shape: (956, 4)
2025-03-08 18:56:29,634 - INFO - Creating 927 sequences...
2025-03-08 18:56:29,635 - INFO - Sequence preparation completed. X shape: (927, 480), y shape: (927, 6, 1)
2025-03-08 18:56:29,635 - INFO - Sequence preparation took 0.01 seconds
2025-03-08 18:56:29,645 - INFO - Evaluation completed in 0.02 seconds
2025-03-08 18:56:29,645 - INFO - Evaluation metrics - MAE: 19.18, RMSE: 21.90
2025-03-08 18:56:29,645 - INFO - Generating prediction plots for Colaba
2025-03-08 18:56:30,192 - INFO - Saved prediction plot to predictions/xgboost_prediction_Colaba.png
2025-03-08 18:56:30,442 - INFO - Saved error distribution plot to predictions/xgboost_error_distribution_Colaba.png
2025-03-08 18:56:30,442 - INFO - 
Final Evaluation Results:
2025-03-08 18:56:30,442 - INFO - MAE: 19.18
2025-03-08 18:56:30,442 - INFO - RMSE: 21.90
2025-03-08 18:56:30,442 - INFO - Initializing Gradient Boosting Predictor for Worli
2025-03-08 18:56:30,442 - INFO - Sequence length: 24, Prediction horizon: 6
2025-03-08 18:56:30,443 - INFO - Loading cleaned data from cleaned_data/Worli_spatial_average.csv
2025-03-08 18:56:30,450 - INFO - Loaded cleaned data with shape: (5400, 4)
2025-03-08 18:56:30,450 - INFO - Features selected: ['PM10', 'RH', 'AT']
2025-03-08 18:56:30,450 - INFO - Starting model training with 4320 samples
2025-03-08 18:56:30,450 - INFO - Preparing sequences from data with shape: (4320, 4)
2025-03-08 18:56:30,454 - INFO - Creating 4291 sequences...
2025-03-08 18:56:30,460 - INFO - Sequence preparation completed. X shape: (4291, 480), y shape: (4291, 6, 1)
2025-03-08 18:56:30,460 - INFO - Sequence preparation took 0.01 seconds
2025-03-08 18:56:30,460 - INFO - Training model for step 1/6
2025-03-08 18:56:32,602 - INFO - Training model for step 2/6
2025-03-08 18:56:34,772 - INFO - Training model for step 3/6
2025-03-08 18:56:36,830 - INFO - Training model for step 4/6
2025-03-08 18:56:38,931 - INFO - Training model for step 5/6
2025-03-08 18:56:41,059 - INFO - Training model for step 6/6
2025-03-08 18:56:43,153 - INFO - Training completed in 12.70 seconds
2025-03-08 18:56:43,153 - INFO - Evaluating predictions for Worli
2025-03-08 18:56:43,153 - INFO - Preparing sequences from data with shape: (1080, 4)
2025-03-08 18:56:43,157 - INFO - Creating 1051 sequences...
2025-03-08 18:56:43,159 - INFO - Sequence preparation completed. X shape: (1051, 480), y shape: (1051, 6, 1)
2025-03-08 18:56:43,159 - INFO - Sequence preparation took 0.01 seconds
2025-03-08 18:56:43,167 - INFO - Evaluation completed in 0.01 seconds
2025-03-08 18:56:43,167 - INFO - Evaluation metrics - MAE: 42.98, RMSE: 44.90
2025-03-08 18:56:43,168 - INFO - Generating prediction plots for Worli
2025-03-08 18:56:43,707 - INFO - Saved prediction plot to predictions/xgboost_prediction_Worli.png
2025-03-08 18:56:44,034 - INFO - Saved error distribution plot to predictions/xgboost_error_distribution_Worli.png
2025-03-08 18:56:44,034 - INFO - 
Final Evaluation Results:
2025-03-08 18:56:44,034 - INFO - MAE: 42.98
2025-03-08 18:56:44,034 - INFO - RMSE: 44.90
2025-03-08 18:56:44,034 - INFO - Initializing Gradient Boosting Predictor for Colaba
2025-03-08 18:56:44,034 - INFO - Sequence length: 24, Prediction horizon: 6
2025-03-08 18:56:44,034 - INFO - Loading cleaned data from cleaned_data/Colaba_spatial_average.csv
2025-03-08 18:56:44,040 - INFO - Loaded cleaned data with shape: (4776, 4)
2025-03-08 18:56:44,040 - INFO - Features selected: ['PM10', 'RH', 'AT']
2025-03-08 18:56:44,040 - INFO - Starting model training with 3820 samples
2025-03-08 18:56:44,040 - INFO - Preparing sequences from data with shape: (3820, 4)
2025-03-08 18:56:44,044 - INFO - Creating 3791 sequences...
2025-03-08 18:56:44,048 - INFO - Sequence preparation completed. X shape: (3791, 480), y shape: (3791, 6, 1)
2025-03-08 18:56:44,048 - INFO - Sequence preparation took 0.01 seconds
2025-03-08 18:56:44,048 - INFO - Training model for step 1/6
2025-03-08 18:56:46,020 - INFO - Training model for step 2/6
2025-03-08 18:56:47,934 - INFO - Training model for step 3/6
2025-03-08 18:56:49,850 - INFO - Training model for step 4/6
2025-03-08 18:56:51,801 - INFO - Training model for step 5/6
2025-03-08 18:56:53,775 - INFO - Training model for step 6/6
2025-03-08 18:56:55,773 - INFO - Training completed in 11.73 seconds
2025-03-08 18:56:55,774 - INFO - Evaluating predictions for Colaba
2025-03-08 18:56:55,774 - INFO - Preparing sequences from data with shape: (956, 4)
2025-03-08 18:56:55,778 - INFO - Creating 927 sequences...
2025-03-08 18:56:55,779 - INFO - Sequence preparation completed. X shape: (927, 480), y shape: (927, 6, 1)
2025-03-08 18:56:55,780 - INFO - Sequence preparation took 0.01 seconds
2025-03-08 18:56:55,788 - INFO - Evaluation completed in 0.01 seconds
2025-03-08 18:56:55,788 - INFO - Evaluation metrics - MAE: 19.18, RMSE: 21.90
2025-03-08 18:56:55,788 - INFO - Generating prediction plots for Colaba
2025-03-08 18:56:56,337 - INFO - Saved prediction plot to predictions/xgboost_prediction_Colaba.png
2025-03-08 18:56:56,589 - INFO - Saved error distribution plot to predictions/xgboost_error_distribution_Colaba.png
2025-03-08 18:56:56,589 - INFO - 
Final Evaluation Results:
2025-03-08 18:56:56,589 - INFO - MAE: 19.18
2025-03-08 18:56:56,589 - INFO - RMSE: 21.90
2025-03-08 18:56:56,589 - INFO - Initializing Gradient Boosting Predictor for Sion
2025-03-08 18:56:56,589 - INFO - Sequence length: 24, Prediction horizon: 6
2025-03-08 18:56:56,589 - INFO - Loading cleaned data from cleaned_data/Sion_spatial_average.csv
2025-03-08 18:56:56,595 - INFO - Loaded cleaned data with shape: (5280, 4)
2025-03-08 18:56:56,595 - INFO - Features selected: ['PM10', 'RH', 'AT']
2025-03-08 18:56:56,595 - INFO - Starting model training with 4224 samples
2025-03-08 18:56:56,595 - INFO - Preparing sequences from data with shape: (4224, 4)
2025-03-08 18:56:56,599 - INFO - Creating 4195 sequences...
2025-03-08 18:56:56,605 - INFO - Sequence preparation completed. X shape: (4195, 480), y shape: (4195, 6, 1)
2025-03-08 18:56:56,605 - INFO - Sequence preparation took 0.01 seconds
2025-03-08 18:56:56,605 - INFO - Training model for step 1/6
2025-03-08 18:56:58,635 - INFO - Training model for step 2/6
2025-03-08 18:57:00,754 - INFO - Training model for step 3/6
2025-03-08 18:57:02,833 - INFO - Training model for step 4/6
2025-03-08 18:57:04,895 - INFO - Training model for step 5/6
2025-03-08 18:57:06,910 - INFO - Training model for step 6/6
2025-03-08 18:57:08,891 - INFO - Training completed in 12.30 seconds
2025-03-08 18:57:08,891 - INFO - Evaluating predictions for Sion
2025-03-08 18:57:08,891 - INFO - Preparing sequences from data with shape: (1056, 4)
2025-03-08 18:57:08,896 - INFO - Creating 1027 sequences...
2025-03-08 18:57:08,897 - INFO - Sequence preparation completed. X shape: (1027, 480), y shape: (1027, 6, 1)
2025-03-08 18:57:08,897 - INFO - Sequence preparation took 0.01 seconds
2025-03-08 18:57:08,904 - INFO - Evaluation completed in 0.01 seconds
2025-03-08 18:57:08,904 - INFO - Evaluation metrics - MAE: 39.57, RMSE: 42.26
2025-03-08 18:57:08,905 - INFO - Generating prediction plots for Sion
2025-03-08 18:57:09,441 - INFO - Saved prediction plot to predictions/xgboost_prediction_Sion.png
2025-03-08 18:57:09,695 - INFO - Saved error distribution plot to predictions/xgboost_error_distribution_Sion.png
2025-03-08 18:57:09,696 - INFO - 
Final Evaluation Results:
2025-03-08 18:57:09,696 - INFO - MAE: 39.57
2025-03-08 18:57:09,696 - INFO - RMSE: 42.26
2025-03-08 18:57:09,696 - INFO - Initializing Gradient Boosting Predictor for Colaba
2025-03-08 18:57:09,696 - INFO - Sequence length: 24, Prediction horizon: 6
2025-03-08 18:57:09,696 - INFO - Loading cleaned data from cleaned_data/Colaba_spatial_average.csv
2025-03-08 18:57:09,702 - INFO - Loaded cleaned data with shape: (4776, 4)
2025-03-08 18:57:09,702 - INFO - Features selected: ['PM10', 'RH', 'AT']
2025-03-08 18:57:09,702 - INFO - Starting model training with 3820 samples
2025-03-08 18:57:09,702 - INFO - Preparing sequences from data with shape: (3820, 4)
2025-03-08 18:57:09,706 - INFO - Creating 3791 sequences...
2025-03-08 18:57:09,711 - INFO - Sequence preparation completed. X shape: (3791, 480), y shape: (3791, 6, 1)
2025-03-08 18:57:09,711 - INFO - Sequence preparation took 0.01 seconds
2025-03-08 18:57:09,711 - INFO - Training model for step 1/6
2025-03-08 18:57:11,612 - INFO - Training model for step 2/6
2025-03-08 18:57:13,511 - INFO - Training model for step 3/6
2025-03-08 18:57:15,432 - INFO - Training model for step 4/6
2025-03-08 18:57:17,421 - INFO - Training model for step 5/6
2025-03-08 18:57:19,477 - INFO - Training model for step 6/6
2025-03-08 18:57:21,430 - INFO - Training completed in 11.73 seconds
2025-03-08 18:57:21,431 - INFO - Evaluating predictions for Colaba
2025-03-08 18:57:21,431 - INFO - Preparing sequences from data with shape: (956, 4)
2025-03-08 18:57:21,435 - INFO - Creating 927 sequences...
2025-03-08 18:57:21,436 - INFO - Sequence preparation completed. X shape: (927, 480), y shape: (927, 6, 1)
2025-03-08 18:57:21,436 - INFO - Sequence preparation took 0.01 seconds
2025-03-08 18:57:21,444 - INFO - Evaluation completed in 0.01 seconds
2025-03-08 18:57:21,444 - INFO - Evaluation metrics - MAE: 19.18, RMSE: 21.90
2025-03-08 18:57:21,444 - INFO - Generating prediction plots for Colaba
2025-03-08 18:57:21,992 - INFO - Saved prediction plot to predictions/xgboost_prediction_Colaba.png
2025-03-08 18:57:22,238 - INFO - Saved error distribution plot to predictions/xgboost_error_distribution_Colaba.png
2025-03-08 18:57:22,238 - INFO - 
Final Evaluation Results:
2025-03-08 18:57:22,238 - INFO - MAE: 19.18
2025-03-08 18:57:22,238 - INFO - RMSE: 21.90
2025-03-08 18:57:22,238 - INFO - Initializing Gradient Boosting Predictor for Borivali
2025-03-08 18:57:22,238 - INFO - Sequence length: 24, Prediction horizon: 6
2025-03-08 18:57:22,238 - INFO - Loading cleaned data from cleaned_data/Borivali_spatial_average.csv
2025-03-08 18:57:22,245 - INFO - Loaded cleaned data with shape: (5400, 4)
2025-03-08 18:57:22,245 - INFO - Features selected: ['PM10', 'RH', 'AT']
2025-03-08 18:57:22,245 - INFO - Starting model training with 4320 samples
2025-03-08 18:57:22,245 - INFO - Preparing sequences from data with shape: (4320, 4)
2025-03-08 18:57:22,250 - INFO - Creating 4291 sequences...
2025-03-08 18:57:22,255 - INFO - Sequence preparation completed. X shape: (4291, 480), y shape: (4291, 6, 1)
2025-03-08 18:57:22,256 - INFO - Sequence preparation took 0.01 seconds
2025-03-08 18:57:22,256 - INFO - Training model for step 1/6
2025-03-08 18:57:24,373 - INFO - Training model for step 2/6
2025-03-08 18:57:26,343 - INFO - Training model for step 3/6
2025-03-08 18:57:28,300 - INFO - Training model for step 4/6
2025-03-08 18:57:30,352 - INFO - Training model for step 5/6
2025-03-08 18:57:32,327 - INFO - Training model for step 6/6
2025-03-08 18:57:34,275 - INFO - Training completed in 12.03 seconds
2025-03-08 18:57:34,275 - INFO - Evaluating predictions for Borivali
2025-03-08 18:57:34,275 - INFO - Preparing sequences from data with shape: (1080, 4)
2025-03-08 18:57:34,280 - INFO - Creating 1051 sequences...
2025-03-08 18:57:34,282 - INFO - Sequence preparation completed. X shape: (1051, 480), y shape: (1051, 6, 1)
2025-03-08 18:57:34,282 - INFO - Sequence preparation took 0.01 seconds
2025-03-08 18:57:34,291 - INFO - Evaluation completed in 0.02 seconds
2025-03-08 18:57:34,291 - INFO - Evaluation metrics - MAE: 33.44, RMSE: 36.20
2025-03-08 18:57:34,291 - INFO - Generating prediction plots for Borivali
2025-03-08 18:57:34,828 - INFO - Saved prediction plot to predictions/xgboost_prediction_Borivali.png
2025-03-08 18:57:35,089 - INFO - Saved error distribution plot to predictions/xgboost_error_distribution_Borivali.png
2025-03-08 18:57:35,089 - INFO - 
Final Evaluation Results:
2025-03-08 18:57:35,089 - INFO - MAE: 33.44
2025-03-08 18:57:35,089 - INFO - RMSE: 36.20
2025-03-08 18:57:35,089 - INFO - Initializing Gradient Boosting Predictor for Vasai
2025-03-08 18:57:35,089 - INFO - Sequence length: 24, Prediction horizon: 6
2025-03-08 18:57:35,090 - INFO - Loading cleaned data from cleaned_data/Vasai_spatial_average.csv
2025-03-08 18:57:35,097 - INFO - Loaded cleaned data with shape: (5400, 4)
2025-03-08 18:57:35,097 - INFO - Features selected: ['PM10', 'RH', 'AT']
2025-03-08 18:57:35,097 - INFO - Starting model training with 4320 samples
2025-03-08 18:57:35,097 - INFO - Preparing sequences from data with shape: (4320, 4)
2025-03-08 18:57:35,102 - INFO - Creating 4291 sequences...
2025-03-08 18:57:35,107 - INFO - Sequence preparation completed. X shape: (4291, 480), y shape: (4291, 6, 1)
2025-03-08 18:57:35,107 - INFO - Sequence preparation took 0.01 seconds
2025-03-08 18:57:35,107 - INFO - Training model for step 1/6
2025-03-08 18:57:37,246 - INFO - Training model for step 2/6
2025-03-08 18:57:39,328 - INFO - Training model for step 3/6
2025-03-08 18:57:41,394 - INFO - Training model for step 4/6
2025-03-08 18:57:43,476 - INFO - Training model for step 5/6
2025-03-08 18:57:45,574 - INFO - Training model for step 6/6
2025-03-08 18:57:47,721 - INFO - Training completed in 12.62 seconds
2025-03-08 18:57:47,721 - INFO - Evaluating predictions for Vasai
2025-03-08 18:57:47,722 - INFO - Preparing sequences from data with shape: (1080, 4)
2025-03-08 18:57:47,726 - INFO - Creating 1051 sequences...
2025-03-08 18:57:47,727 - INFO - Sequence preparation completed. X shape: (1051, 480), y shape: (1051, 6, 1)
2025-03-08 18:57:47,727 - INFO - Sequence preparation took 0.01 seconds
2025-03-08 18:57:47,735 - INFO - Evaluation completed in 0.01 seconds
2025-03-08 18:57:47,735 - INFO - Evaluation metrics - MAE: 38.20, RMSE: 41.49
2025-03-08 18:57:47,735 - INFO - Generating prediction plots for Vasai
2025-03-08 18:57:48,274 - INFO - Saved prediction plot to predictions/xgboost_prediction_Vasai.png
2025-03-08 18:57:48,529 - INFO - Saved error distribution plot to predictions/xgboost_error_distribution_Vasai.png
2025-03-08 18:57:48,529 - INFO - 
Final Evaluation Results:
2025-03-08 18:57:48,529 - INFO - MAE: 38.20
2025-03-08 18:57:48,529 - INFO - RMSE: 41.49
2025-03-08 18:57:48,529 - INFO - Initializing Gradient Boosting Predictor for Bandra
2025-03-08 18:57:48,529 - INFO - Sequence length: 24, Prediction horizon: 6
2025-03-08 18:57:48,529 - INFO - Loading cleaned data from cleaned_data/Bandra_spatial_average.csv
2025-03-08 18:57:48,536 - INFO - Loaded cleaned data with shape: (5404, 4)
2025-03-08 18:57:48,536 - INFO - Features selected: ['PM10', 'RH', 'AT']
2025-03-08 18:57:48,536 - INFO - Starting model training with 4323 samples
2025-03-08 18:57:48,536 - INFO - Preparing sequences from data with shape: (4323, 4)
2025-03-08 18:57:48,541 - INFO - Creating 4294 sequences...
2025-03-08 18:57:48,546 - INFO - Sequence preparation completed. X shape: (4294, 480), y shape: (4294, 6, 1)
2025-03-08 18:57:48,546 - INFO - Sequence preparation took 0.01 seconds
2025-03-08 18:57:48,546 - INFO - Training model for step 1/6
2025-03-08 18:57:50,205 - INFO - Training model for step 2/6
2025-03-08 18:57:51,855 - INFO - Training model for step 3/6
2025-03-08 18:57:53,569 - INFO - Training model for step 4/6
2025-03-08 18:57:55,275 - INFO - Training model for step 5/6
2025-03-08 18:57:56,810 - INFO - Training model for step 6/6
2025-03-08 18:57:58,391 - INFO - Training completed in 9.85 seconds
2025-03-08 18:57:58,391 - INFO - Evaluating predictions for Bandra
2025-03-08 18:57:58,391 - INFO - Preparing sequences from data with shape: (1081, 4)
2025-03-08 18:57:58,396 - INFO - Creating 1052 sequences...
2025-03-08 18:57:58,398 - INFO - Sequence preparation completed. X shape: (1052, 480), y shape: (1052, 6, 1)
2025-03-08 18:57:58,398 - INFO - Sequence preparation took 0.01 seconds
2025-03-08 18:57:58,406 - INFO - Evaluation completed in 0.01 seconds
2025-03-08 18:57:58,406 - INFO - Evaluation metrics - MAE: 12.22, RMSE: 16.10
2025-03-08 18:57:58,406 - INFO - Generating prediction plots for Bandra
2025-03-08 18:57:58,947 - INFO - Saved prediction plot to predictions/xgboost_prediction_Bandra.png
2025-03-08 18:57:59,223 - INFO - Saved error distribution plot to predictions/xgboost_error_distribution_Bandra.png
2025-03-08 18:57:59,223 - INFO - 
Final Evaluation Results:
2025-03-08 18:57:59,223 - INFO - MAE: 12.22
2025-03-08 18:57:59,223 - INFO - RMSE: 16.10
2025-03-08 18:57:59,223 - INFO - Initializing Gradient Boosting Predictor for Mulund
2025-03-08 18:57:59,223 - INFO - Sequence length: 24, Prediction horizon: 6
2025-03-08 18:57:59,223 - INFO - Loading cleaned data from cleaned_data/Mulund_spatial_average.csv
2025-03-08 18:57:59,230 - INFO - Loaded cleaned data with shape: (5400, 4)
2025-03-08 18:57:59,230 - INFO - Features selected: ['PM10', 'RH', 'AT']
2025-03-08 18:57:59,230 - INFO - Starting model training with 4320 samples
2025-03-08 18:57:59,230 - INFO - Preparing sequences from data with shape: (4320, 4)
2025-03-08 18:57:59,235 - INFO - Creating 4291 sequences...
2025-03-08 18:57:59,241 - INFO - Sequence preparation completed. X shape: (4291, 480), y shape: (4291, 6, 1)
2025-03-08 18:57:59,241 - INFO - Sequence preparation took 0.01 seconds
2025-03-08 18:57:59,241 - INFO - Training model for step 1/6
2025-03-08 18:58:01,236 - INFO - Training model for step 2/6
2025-03-08 18:58:03,217 - INFO - Training model for step 3/6
2025-03-08 18:58:05,297 - INFO - Training model for step 4/6
2025-03-08 18:58:07,344 - INFO - Training model for step 5/6
2025-03-08 18:58:09,284 - INFO - Training model for step 6/6
2025-03-08 18:58:11,272 - INFO - Training completed in 12.04 seconds
2025-03-08 18:58:11,272 - INFO - Evaluating predictions for Mulund
2025-03-08 18:58:11,272 - INFO - Preparing sequences from data with shape: (1080, 4)
2025-03-08 18:58:11,391 - INFO - Creating 1051 sequences...
2025-03-08 18:58:11,393 - INFO - Sequence preparation completed. X shape: (1051, 480), y shape: (1051, 6, 1)
2025-03-08 18:58:11,393 - INFO - Sequence preparation took 0.12 seconds
2025-03-08 18:58:11,401 - INFO - Evaluation completed in 0.13 seconds
2025-03-08 18:58:11,401 - INFO - Evaluation metrics - MAE: 38.28, RMSE: 42.19
2025-03-08 18:58:11,402 - INFO - Generating prediction plots for Mulund
2025-03-08 18:58:11,925 - INFO - Saved prediction plot to predictions/xgboost_prediction_Mulund.png
2025-03-08 18:58:12,182 - INFO - Saved error distribution plot to predictions/xgboost_error_distribution_Mulund.png
2025-03-08 18:58:12,182 - INFO - 
Final Evaluation Results:
2025-03-08 18:58:12,182 - INFO - MAE: 38.28
2025-03-08 18:58:12,182 - INFO - RMSE: 42.19
2025-03-08 18:58:12,182 - INFO - Initializing Gradient Boosting Predictor for Bandra
2025-03-08 18:58:12,183 - INFO - Sequence length: 24, Prediction horizon: 6
2025-03-08 18:58:12,183 - INFO - Loading cleaned data from cleaned_data/Bandra_spatial_average.csv
2025-03-08 18:58:12,192 - INFO - Loaded cleaned data with shape: (5404, 4)
2025-03-08 18:58:12,192 - INFO - Features selected: ['PM10', 'RH', 'AT']
2025-03-08 18:58:12,192 - INFO - Starting model training with 4323 samples
2025-03-08 18:58:12,192 - INFO - Preparing sequences from data with shape: (4323, 4)
2025-03-08 18:58:12,197 - INFO - Creating 4294 sequences...
2025-03-08 18:58:12,203 - INFO - Sequence preparation completed. X shape: (4294, 480), y shape: (4294, 6, 1)
2025-03-08 18:58:12,203 - INFO - Sequence preparation took 0.01 seconds
2025-03-08 18:58:12,203 - INFO - Training model for step 1/6
2025-03-08 18:58:13,832 - INFO - Training model for step 2/6
2025-03-08 18:58:15,488 - INFO - Training model for step 3/6
2025-03-08 18:58:17,165 - INFO - Training model for step 4/6
2025-03-08 18:58:18,918 - INFO - Training model for step 5/6
2025-03-08 18:58:20,585 - INFO - Training model for step 6/6
2025-03-08 18:58:22,222 - INFO - Training completed in 10.03 seconds
2025-03-08 18:58:22,222 - INFO - Evaluating predictions for Bandra
2025-03-08 18:58:22,222 - INFO - Preparing sequences from data with shape: (1081, 4)
2025-03-08 18:58:22,227 - INFO - Creating 1052 sequences...
2025-03-08 18:58:22,229 - INFO - Sequence preparation completed. X shape: (1052, 480), y shape: (1052, 6, 1)
2025-03-08 18:58:22,229 - INFO - Sequence preparation took 0.01 seconds
2025-03-08 18:58:22,238 - INFO - Evaluation completed in 0.02 seconds
2025-03-08 18:58:22,238 - INFO - Evaluation metrics - MAE: 12.22, RMSE: 16.10
2025-03-08 18:58:22,239 - INFO - Generating prediction plots for Bandra
2025-03-08 18:58:22,796 - INFO - Saved prediction plot to predictions/xgboost_prediction_Bandra.png
2025-03-08 18:58:23,078 - INFO - Saved error distribution plot to predictions/xgboost_error_distribution_Bandra.png
2025-03-08 18:58:23,078 - INFO - 
Final Evaluation Results:
2025-03-08 18:58:23,078 - INFO - MAE: 12.22
2025-03-08 18:58:23,078 - INFO - RMSE: 16.10
2025-03-08 18:58:23,078 - INFO - Initializing Gradient Boosting Predictor for Sion
2025-03-08 18:58:23,078 - INFO - Sequence length: 24, Prediction horizon: 6
2025-03-08 18:58:23,078 - INFO - Loading cleaned data from cleaned_data/Sion_spatial_average.csv
2025-03-08 18:58:23,085 - INFO - Loaded cleaned data with shape: (5280, 4)
2025-03-08 18:58:23,085 - INFO - Features selected: ['PM10', 'RH', 'AT']
2025-03-08 18:58:23,085 - INFO - Starting model training with 4224 samples
2025-03-08 18:58:23,085 - INFO - Preparing sequences from data with shape: (4224, 4)
2025-03-08 18:58:23,090 - INFO - Creating 4195 sequences...
2025-03-08 18:58:23,095 - INFO - Sequence preparation completed. X shape: (4195, 480), y shape: (4195, 6, 1)
2025-03-08 18:58:23,095 - INFO - Sequence preparation took 0.01 seconds
2025-03-08 18:58:23,096 - INFO - Training model for step 1/6
2025-03-08 18:58:25,034 - INFO - Training model for step 2/6
2025-03-08 18:58:27,036 - INFO - Training model for step 3/6
2025-03-08 18:58:29,027 - INFO - Training model for step 4/6
2025-03-08 18:58:31,053 - INFO - Training model for step 5/6
2025-03-08 18:58:33,202 - INFO - Training model for step 6/6
2025-03-08 18:58:35,180 - INFO - Training completed in 12.10 seconds
2025-03-08 18:58:35,181 - INFO - Evaluating predictions for Sion
2025-03-08 18:58:35,181 - INFO - Preparing sequences from data with shape: (1056, 4)
2025-03-08 18:58:35,186 - INFO - Creating 1027 sequences...
2025-03-08 18:58:35,187 - INFO - Sequence preparation completed. X shape: (1027, 480), y shape: (1027, 6, 1)
2025-03-08 18:58:35,187 - INFO - Sequence preparation took 0.01 seconds
2025-03-08 18:58:35,194 - INFO - Evaluation completed in 0.01 seconds
2025-03-08 18:58:35,194 - INFO - Evaluation metrics - MAE: 39.57, RMSE: 42.26
2025-03-08 18:58:35,194 - INFO - Generating prediction plots for Sion
2025-03-08 18:58:35,734 - INFO - Saved prediction plot to predictions/xgboost_prediction_Sion.png
2025-03-08 18:58:35,993 - INFO - Saved error distribution plot to predictions/xgboost_error_distribution_Sion.png
2025-03-08 18:58:35,993 - INFO - 
Final Evaluation Results:
2025-03-08 18:58:35,993 - INFO - MAE: 39.57
2025-03-08 18:58:35,993 - INFO - RMSE: 42.26
2025-03-08 18:58:35,993 - INFO - Initializing Gradient Boosting Predictor for Mulund
2025-03-08 18:58:35,993 - INFO - Sequence length: 24, Prediction horizon: 6
2025-03-08 18:58:35,993 - INFO - Loading cleaned data from cleaned_data/Mulund_spatial_average.csv
2025-03-08 18:58:36,000 - INFO - Loaded cleaned data with shape: (5400, 4)
2025-03-08 18:58:36,000 - INFO - Features selected: ['PM10', 'RH', 'AT']
2025-03-08 18:58:36,000 - INFO - Starting model training with 4320 samples
2025-03-08 18:58:36,000 - INFO - Preparing sequences from data with shape: (4320, 4)
2025-03-08 18:58:36,005 - INFO - Creating 4291 sequences...
2025-03-08 18:58:36,010 - INFO - Sequence preparation completed. X shape: (4291, 480), y shape: (4291, 6, 1)
2025-03-08 18:58:36,010 - INFO - Sequence preparation took 0.01 seconds
2025-03-08 18:58:36,011 - INFO - Training model for step 1/6
2025-03-08 18:58:38,006 - INFO - Training model for step 2/6
2025-03-08 18:58:39,987 - INFO - Training model for step 3/6
2025-03-08 18:58:41,964 - INFO - Training model for step 4/6
2025-03-08 18:58:43,950 - INFO - Training model for step 5/6
2025-03-08 18:58:45,906 - INFO - Training model for step 6/6
2025-03-08 18:58:47,872 - INFO - Training completed in 11.87 seconds
2025-03-08 18:58:47,872 - INFO - Evaluating predictions for Mulund
2025-03-08 18:58:47,872 - INFO - Preparing sequences from data with shape: (1080, 4)
2025-03-08 18:58:47,877 - INFO - Creating 1051 sequences...
2025-03-08 18:58:47,879 - INFO - Sequence preparation completed. X shape: (1051, 480), y shape: (1051, 6, 1)
2025-03-08 18:58:47,879 - INFO - Sequence preparation took 0.01 seconds
2025-03-08 18:58:47,886 - INFO - Evaluation completed in 0.01 seconds
2025-03-08 18:58:47,886 - INFO - Evaluation metrics - MAE: 38.28, RMSE: 42.19
2025-03-08 18:58:47,886 - INFO - Generating prediction plots for Mulund
2025-03-08 18:58:48,426 - INFO - Saved prediction plot to predictions/xgboost_prediction_Mulund.png
2025-03-08 18:58:48,677 - INFO - Saved error distribution plot to predictions/xgboost_error_distribution_Mulund.png
2025-03-08 18:58:48,677 - INFO - 
Final Evaluation Results:
2025-03-08 18:58:48,677 - INFO - MAE: 38.28
2025-03-08 18:58:48,677 - INFO - RMSE: 42.19
2025-03-08 18:58:48,677 - INFO - Initializing Gradient Boosting Predictor for Bandra
2025-03-08 18:58:48,677 - INFO - Sequence length: 24, Prediction horizon: 6
2025-03-08 18:58:48,678 - INFO - Loading cleaned data from cleaned_data/Bandra_spatial_average.csv
2025-03-08 18:58:48,684 - INFO - Loaded cleaned data with shape: (5404, 4)
2025-03-08 18:58:48,684 - INFO - Features selected: ['PM10', 'RH', 'AT']
2025-03-08 18:58:48,684 - INFO - Starting model training with 4323 samples
2025-03-08 18:58:48,685 - INFO - Preparing sequences from data with shape: (4323, 4)
2025-03-08 18:58:48,689 - INFO - Creating 4294 sequences...
2025-03-08 18:58:48,695 - INFO - Sequence preparation completed. X shape: (4294, 480), y shape: (4294, 6, 1)
2025-03-08 18:58:48,695 - INFO - Sequence preparation took 0.01 seconds
2025-03-08 18:58:48,695 - INFO - Training model for step 1/6
2025-03-08 18:58:50,343 - INFO - Training model for step 2/6
2025-03-08 18:58:51,967 - INFO - Training model for step 3/6
2025-03-08 18:58:53,619 - INFO - Training model for step 4/6
2025-03-08 18:58:55,336 - INFO - Training model for step 5/6
2025-03-08 18:58:56,844 - INFO - Training model for step 6/6
2025-03-08 18:58:58,412 - INFO - Training completed in 9.73 seconds
2025-03-08 18:58:58,412 - INFO - Evaluating predictions for Bandra
2025-03-08 18:58:58,412 - INFO - Preparing sequences from data with shape: (1081, 4)
2025-03-08 18:58:58,416 - INFO - Creating 1052 sequences...
2025-03-08 18:58:58,418 - INFO - Sequence preparation completed. X shape: (1052, 480), y shape: (1052, 6, 1)
2025-03-08 18:58:58,418 - INFO - Sequence preparation took 0.01 seconds
2025-03-08 18:58:58,425 - INFO - Evaluation completed in 0.01 seconds
2025-03-08 18:58:58,425 - INFO - Evaluation metrics - MAE: 12.22, RMSE: 16.10
2025-03-08 18:58:58,426 - INFO - Generating prediction plots for Bandra
2025-03-08 18:58:58,967 - INFO - Saved prediction plot to predictions/xgboost_prediction_Bandra.png
2025-03-08 18:58:59,247 - INFO - Saved error distribution plot to predictions/xgboost_error_distribution_Bandra.png
2025-03-08 18:58:59,247 - INFO - 
Final Evaluation Results:
2025-03-08 18:58:59,247 - INFO - MAE: 12.22
2025-03-08 18:58:59,247 - INFO - RMSE: 16.10
2025-03-08 18:58:59,247 - INFO - Initializing Gradient Boosting Predictor for Mahape
2025-03-08 18:58:59,247 - INFO - Sequence length: 24, Prediction horizon: 6
2025-03-08 18:58:59,247 - INFO - Loading cleaned data from cleaned_data/Mahape_spatial_average.csv
2025-03-08 18:58:59,253 - INFO - Loaded cleaned data with shape: (5295, 4)
2025-03-08 18:58:59,253 - INFO - Features selected: ['PM10', 'RH', 'AT']
2025-03-08 18:58:59,254 - INFO - Starting model training with 4236 samples
2025-03-08 18:58:59,254 - INFO - Preparing sequences from data with shape: (4236, 4)
2025-03-08 18:58:59,258 - INFO - Creating 4207 sequences...
2025-03-08 18:58:59,264 - INFO - Sequence preparation completed. X shape: (4207, 480), y shape: (4207, 6, 1)
2025-03-08 18:58:59,264 - INFO - Sequence preparation took 0.01 seconds
2025-03-08 18:58:59,264 - INFO - Training model for step 1/6
2025-03-08 18:59:01,114 - INFO - Training model for step 2/6
2025-03-08 18:59:02,894 - INFO - Training model for step 3/6
2025-03-08 18:59:04,711 - INFO - Training model for step 4/6
2025-03-08 18:59:06,570 - INFO - Training model for step 5/6
2025-03-08 18:59:08,460 - INFO - Training model for step 6/6
2025-03-08 18:59:10,335 - INFO - Training completed in 11.08 seconds
2025-03-08 18:59:10,335 - INFO - Evaluating predictions for Mahape
2025-03-08 18:59:10,335 - INFO - Preparing sequences from data with shape: (1059, 4)
2025-03-08 18:59:10,340 - INFO - Creating 1030 sequences...
2025-03-08 18:59:10,342 - INFO - Sequence preparation completed. X shape: (1030, 480), y shape: (1030, 6, 1)
2025-03-08 18:59:10,342 - INFO - Sequence preparation took 0.01 seconds
2025-03-08 18:59:10,348 - INFO - Evaluation completed in 0.01 seconds
2025-03-08 18:59:10,349 - INFO - Evaluation metrics - MAE: 37.41, RMSE: 40.52
2025-03-08 18:59:10,349 - INFO - Generating prediction plots for Mahape
2025-03-08 18:59:10,894 - INFO - Saved prediction plot to predictions/xgboost_prediction_Mahape.png
2025-03-08 18:59:11,157 - INFO - Saved error distribution plot to predictions/xgboost_error_distribution_Mahape.png
2025-03-08 18:59:11,157 - INFO - 
Final Evaluation Results:
2025-03-08 18:59:11,157 - INFO - MAE: 37.41
2025-03-08 18:59:11,157 - INFO - RMSE: 40.52
2025-03-08 18:59:11,157 - INFO - Initializing Gradient Boosting Predictor for Kandivali
2025-03-08 18:59:11,157 - INFO - Sequence length: 24, Prediction horizon: 6
2025-03-08 18:59:11,157 - INFO - Loading cleaned data from cleaned_data/Kandivali_spatial_average.csv
2025-03-08 18:59:11,164 - INFO - Loaded cleaned data with shape: (4776, 4)
2025-03-08 18:59:11,164 - INFO - Features selected: ['PM10', 'RH', 'AT']
2025-03-08 18:59:11,164 - INFO - Starting model training with 3820 samples
2025-03-08 18:59:11,164 - INFO - Preparing sequences from data with shape: (3820, 4)
2025-03-08 18:59:11,168 - INFO - Creating 3791 sequences...
2025-03-08 18:59:11,173 - INFO - Sequence preparation completed. X shape: (3791, 480), y shape: (3791, 6, 1)
2025-03-08 18:59:11,173 - INFO - Sequence preparation took 0.01 seconds
2025-03-08 18:59:11,173 - INFO - Training model for step 1/6
2025-03-08 18:59:13,074 - INFO - Training model for step 2/6
2025-03-08 18:59:15,008 - INFO - Training model for step 3/6
2025-03-08 18:59:16,941 - INFO - Training model for step 4/6
2025-03-08 18:59:18,920 - INFO - Training model for step 5/6
2025-03-08 18:59:21,013 - INFO - Training model for step 6/6
2025-03-08 18:59:23,132 - INFO - Training completed in 11.97 seconds
2025-03-08 18:59:23,132 - INFO - Evaluating predictions for Kandivali
2025-03-08 18:59:23,132 - INFO - Preparing sequences from data with shape: (956, 4)
2025-03-08 18:59:23,136 - INFO - Creating 927 sequences...
2025-03-08 18:59:23,138 - INFO - Sequence preparation completed. X shape: (927, 480), y shape: (927, 6, 1)
2025-03-08 18:59:23,138 - INFO - Sequence preparation took 0.01 seconds
2025-03-08 18:59:23,147 - INFO - Evaluation completed in 0.02 seconds
2025-03-08 18:59:23,147 - INFO - Evaluation metrics - MAE: 27.37, RMSE: 30.84
2025-03-08 18:59:23,147 - INFO - Generating prediction plots for Kandivali
2025-03-08 18:59:23,705 - INFO - Saved prediction plot to predictions/xgboost_prediction_Kandivali.png
2025-03-08 18:59:24,046 - INFO - Saved error distribution plot to predictions/xgboost_error_distribution_Kandivali.png
2025-03-08 18:59:24,046 - INFO - 
Final Evaluation Results:
2025-03-08 18:59:24,046 - INFO - MAE: 27.37
2025-03-08 18:59:24,046 - INFO - RMSE: 30.84
2025-03-08 18:59:24,046 - INFO - Initializing Gradient Boosting Predictor for Airport
2025-03-08 18:59:24,046 - INFO - Sequence length: 24, Prediction horizon: 6
2025-03-08 18:59:24,047 - INFO - Loading cleaned data from cleaned_data/Airport_spatial_average.csv
2025-03-08 18:59:24,053 - INFO - Loaded cleaned data with shape: (5280, 4)
2025-03-08 18:59:24,053 - INFO - Features selected: ['PM10', 'RH', 'AT']
2025-03-08 18:59:24,053 - INFO - Starting model training with 4224 samples
2025-03-08 18:59:24,053 - INFO - Preparing sequences from data with shape: (4224, 4)
2025-03-08 18:59:24,057 - INFO - Creating 4195 sequences...
2025-03-08 18:59:24,062 - INFO - Sequence preparation completed. X shape: (4195, 480), y shape: (4195, 6, 1)
2025-03-08 18:59:24,062 - INFO - Sequence preparation took 0.01 seconds
2025-03-08 18:59:24,062 - INFO - Training model for step 1/6
2025-03-08 18:59:26,260 - INFO - Training model for step 2/6
2025-03-08 18:59:28,450 - INFO - Training model for step 3/6
2025-03-08 18:59:30,584 - INFO - Training model for step 4/6
2025-03-08 18:59:32,728 - INFO - Training model for step 5/6
2025-03-08 18:59:34,914 - INFO - Training model for step 6/6
2025-03-08 18:59:37,240 - INFO - Training completed in 13.19 seconds
2025-03-08 18:59:37,241 - INFO - Evaluating predictions for Airport
2025-03-08 18:59:37,241 - INFO - Preparing sequences from data with shape: (1056, 4)
2025-03-08 18:59:37,245 - INFO - Creating 1027 sequences...
2025-03-08 18:59:37,247 - INFO - Sequence preparation completed. X shape: (1027, 480), y shape: (1027, 6, 1)
2025-03-08 18:59:37,247 - INFO - Sequence preparation took 0.01 seconds
2025-03-08 18:59:37,255 - INFO - Evaluation completed in 0.01 seconds
2025-03-08 18:59:37,255 - INFO - Evaluation metrics - MAE: 13.93, RMSE: 16.12
2025-03-08 18:59:37,255 - INFO - Generating prediction plots for Airport
2025-03-08 18:59:37,808 - INFO - Saved prediction plot to predictions/xgboost_prediction_Airport.png
2025-03-08 18:59:38,066 - INFO - Saved error distribution plot to predictions/xgboost_error_distribution_Airport.png
2025-03-08 18:59:38,066 - INFO - 
Final Evaluation Results:
2025-03-08 18:59:38,066 - INFO - MAE: 13.93
2025-03-08 18:59:38,066 - INFO - RMSE: 16.12
2025-03-08 18:59:38,067 - INFO - Initializing Gradient Boosting Predictor for Nerul
2025-03-08 18:59:38,067 - INFO - Sequence length: 24, Prediction horizon: 6
2025-03-08 18:59:38,067 - INFO - Loading cleaned data from cleaned_data/Nerul_spatial_average.csv
2025-03-08 18:59:38,074 - INFO - Loaded cleaned data with shape: (5280, 4)
2025-03-08 18:59:38,074 - INFO - Features selected: ['PM10', 'RH', 'AT']
2025-03-08 18:59:38,074 - INFO - Starting model training with 4224 samples
2025-03-08 18:59:38,074 - INFO - Preparing sequences from data with shape: (4224, 4)
2025-03-08 18:59:38,078 - INFO - Creating 4195 sequences...
2025-03-08 18:59:38,084 - INFO - Sequence preparation completed. X shape: (4195, 480), y shape: (4195, 6, 1)
2025-03-08 18:59:38,084 - INFO - Sequence preparation took 0.01 seconds
2025-03-08 18:59:38,084 - INFO - Training model for step 1/6
2025-03-08 18:59:40,537 - INFO - Training model for step 2/6
2025-03-08 18:59:43,095 - INFO - Training model for step 3/6
2025-03-08 18:59:45,621 - INFO - Training model for step 4/6
2025-03-08 18:59:47,836 - INFO - Training model for step 5/6
2025-03-08 18:59:49,999 - INFO - Training model for step 6/6
2025-03-08 18:59:51,882 - INFO - Training completed in 13.81 seconds
2025-03-08 18:59:51,882 - INFO - Evaluating predictions for Nerul
2025-03-08 18:59:51,882 - INFO - Preparing sequences from data with shape: (1056, 4)
2025-03-08 18:59:51,887 - INFO - Creating 1027 sequences...
2025-03-08 18:59:51,889 - INFO - Sequence preparation completed. X shape: (1027, 480), y shape: (1027, 6, 1)
2025-03-08 18:59:51,889 - INFO - Sequence preparation took 0.01 seconds
2025-03-08 18:59:51,897 - INFO - Evaluation completed in 0.01 seconds
2025-03-08 18:59:51,897 - INFO - Evaluation metrics - MAE: 52.95, RMSE: 61.28
2025-03-08 18:59:51,897 - INFO - Generating prediction plots for Nerul
2025-03-08 18:59:52,528 - INFO - Saved prediction plot to predictions/xgboost_prediction_Nerul.png
2025-03-08 18:59:52,777 - INFO - Saved error distribution plot to predictions/xgboost_error_distribution_Nerul.png
2025-03-08 18:59:52,777 - INFO - 
Final Evaluation Results:
2025-03-08 18:59:52,777 - INFO - MAE: 52.95
2025-03-08 18:59:52,777 - INFO - RMSE: 61.28
2025-03-08 18:59:52,777 - INFO - Initializing Gradient Boosting Predictor for Colaba
2025-03-08 18:59:52,777 - INFO - Sequence length: 24, Prediction horizon: 6
2025-03-08 18:59:52,777 - INFO - Loading cleaned data from cleaned_data/Colaba_spatial_average.csv
2025-03-08 18:59:52,783 - INFO - Loaded cleaned data with shape: (4776, 4)
2025-03-08 18:59:52,783 - INFO - Features selected: ['PM10', 'RH', 'AT']
2025-03-08 18:59:52,783 - INFO - Starting model training with 3820 samples
2025-03-08 18:59:52,783 - INFO - Preparing sequences from data with shape: (3820, 4)
2025-03-08 18:59:52,787 - INFO - Creating 3791 sequences...
2025-03-08 18:59:52,792 - INFO - Sequence preparation completed. X shape: (3791, 480), y shape: (3791, 6, 1)
2025-03-08 18:59:52,792 - INFO - Sequence preparation took 0.01 seconds
2025-03-08 18:59:52,792 - INFO - Training model for step 1/6
2025-03-08 18:59:54,578 - INFO - Training model for step 2/6
2025-03-08 18:59:56,462 - INFO - Training model for step 3/6
2025-03-08 18:59:58,310 - INFO - Training model for step 4/6
2025-03-08 19:00:00,189 - INFO - Training model for step 5/6
2025-03-08 19:00:02,284 - INFO - Training model for step 6/6
2025-03-08 19:00:04,265 - INFO - Training completed in 11.48 seconds
2025-03-08 19:00:04,265 - INFO - Evaluating predictions for Colaba
2025-03-08 19:00:04,265 - INFO - Preparing sequences from data with shape: (956, 4)
2025-03-08 19:00:04,270 - INFO - Creating 927 sequences...
2025-03-08 19:00:04,272 - INFO - Sequence preparation completed. X shape: (927, 480), y shape: (927, 6, 1)
2025-03-08 19:00:04,272 - INFO - Sequence preparation took 0.01 seconds
2025-03-08 19:00:04,282 - INFO - Evaluation completed in 0.02 seconds
2025-03-08 19:00:04,282 - INFO - Evaluation metrics - MAE: 19.18, RMSE: 21.90
2025-03-08 19:00:04,283 - INFO - Generating prediction plots for Colaba
2025-03-08 19:00:04,839 - INFO - Saved prediction plot to predictions/xgboost_prediction_Colaba.png
2025-03-08 19:00:05,100 - INFO - Saved error distribution plot to predictions/xgboost_error_distribution_Colaba.png
2025-03-08 19:00:05,100 - INFO - 
Final Evaluation Results:
2025-03-08 19:00:05,100 - INFO - MAE: 19.18
2025-03-08 19:00:05,100 - INFO - RMSE: 21.90
2025-03-08 19:00:05,100 - INFO - Initializing Gradient Boosting Predictor for Worli
2025-03-08 19:00:05,100 - INFO - Sequence length: 24, Prediction horizon: 6
2025-03-08 19:00:05,101 - INFO - Loading cleaned data from cleaned_data/Worli_spatial_average.csv
2025-03-08 19:00:05,107 - INFO - Loaded cleaned data with shape: (5400, 4)
2025-03-08 19:00:05,107 - INFO - Features selected: ['PM10', 'RH', 'AT']
2025-03-08 19:00:05,107 - INFO - Starting model training with 4320 samples
2025-03-08 19:00:05,107 - INFO - Preparing sequences from data with shape: (4320, 4)
2025-03-08 19:00:05,112 - INFO - Creating 4291 sequences...
2025-03-08 19:00:05,117 - INFO - Sequence preparation completed. X shape: (4291, 480), y shape: (4291, 6, 1)
2025-03-08 19:00:05,117 - INFO - Sequence preparation took 0.01 seconds
2025-03-08 19:00:05,117 - INFO - Training model for step 1/6
2025-03-08 19:00:07,092 - INFO - Training model for step 2/6
2025-03-08 19:00:08,954 - INFO - Training model for step 3/6
2025-03-08 19:00:10,864 - INFO - Training model for step 4/6
2025-03-08 19:00:12,699 - INFO - Training model for step 5/6
2025-03-08 19:00:14,538 - INFO - Training model for step 6/6
2025-03-08 19:00:16,477 - INFO - Training completed in 11.37 seconds
2025-03-08 19:00:16,477 - INFO - Evaluating predictions for Worli
2025-03-08 19:00:16,477 - INFO - Preparing sequences from data with shape: (1080, 4)
2025-03-08 19:00:16,481 - INFO - Creating 1051 sequences...
2025-03-08 19:00:16,483 - INFO - Sequence preparation completed. X shape: (1051, 480), y shape: (1051, 6, 1)
2025-03-08 19:00:16,483 - INFO - Sequence preparation took 0.01 seconds
2025-03-08 19:00:16,489 - INFO - Evaluation completed in 0.01 seconds
2025-03-08 19:00:16,489 - INFO - Evaluation metrics - MAE: 42.98, RMSE: 44.90
2025-03-08 19:00:16,489 - INFO - Generating prediction plots for Worli
2025-03-08 19:00:17,028 - INFO - Saved prediction plot to predictions/xgboost_prediction_Worli.png
2025-03-08 19:00:17,276 - INFO - Saved error distribution plot to predictions/xgboost_error_distribution_Worli.png
2025-03-08 19:00:17,276 - INFO - 
Final Evaluation Results:
2025-03-08 19:00:17,276 - INFO - MAE: 42.98
2025-03-08 19:00:17,276 - INFO - RMSE: 44.90
2025-03-08 19:00:17,276 - INFO - Initializing Gradient Boosting Predictor for Vileparle
2025-03-08 19:00:17,276 - INFO - Sequence length: 24, Prediction horizon: 6
2025-03-08 19:00:17,277 - INFO - Loading cleaned data from cleaned_data/Vileparle_spatial_average.csv
2025-03-08 19:00:17,283 - INFO - Loaded cleaned data with shape: (5280, 4)
2025-03-08 19:00:17,283 - INFO - Features selected: ['PM10', 'RH', 'AT']
2025-03-08 19:00:17,283 - INFO - Starting model training with 4224 samples
2025-03-08 19:00:17,283 - INFO - Preparing sequences from data with shape: (4224, 4)
2025-03-08 19:00:17,288 - INFO - Creating 4195 sequences...
2025-03-08 19:00:17,293 - INFO - Sequence preparation completed. X shape: (4195, 480), y shape: (4195, 6, 1)
2025-03-08 19:00:17,293 - INFO - Sequence preparation took 0.01 seconds
2025-03-08 19:00:17,294 - INFO - Training model for step 1/6
2025-03-08 19:00:19,194 - INFO - Training model for step 2/6
2025-03-08 19:00:21,077 - INFO - Training model for step 3/6
2025-03-08 19:00:22,999 - INFO - Training model for step 4/6
2025-03-08 19:00:24,910 - INFO - Training model for step 5/6
2025-03-08 19:00:26,939 - INFO - Training model for step 6/6
2025-03-08 19:00:29,016 - INFO - Training completed in 11.73 seconds
2025-03-08 19:00:29,017 - INFO - Evaluating predictions for Vileparle
2025-03-08 19:00:29,017 - INFO - Preparing sequences from data with shape: (1056, 4)
2025-03-08 19:00:29,022 - INFO - Creating 1027 sequences...
2025-03-08 19:00:29,023 - INFO - Sequence preparation completed. X shape: (1027, 480), y shape: (1027, 6, 1)
2025-03-08 19:00:29,023 - INFO - Sequence preparation took 0.01 seconds
2025-03-08 19:00:29,030 - INFO - Evaluation completed in 0.01 seconds
2025-03-08 19:00:29,030 - INFO - Evaluation metrics - MAE: 29.68, RMSE: 32.88
2025-03-08 19:00:29,030 - INFO - Generating prediction plots for Vileparle
2025-03-08 19:00:29,576 - INFO - Saved prediction plot to predictions/xgboost_prediction_Vileparle.png
2025-03-08 19:00:29,833 - INFO - Saved error distribution plot to predictions/xgboost_error_distribution_Vileparle.png
2025-03-08 19:00:29,833 - INFO - 
Final Evaluation Results:
2025-03-08 19:00:29,833 - INFO - MAE: 29.68
2025-03-08 19:00:29,833 - INFO - RMSE: 32.88
2025-03-08 19:00:29,833 - INFO - Initializing Gradient Boosting Predictor for Borivali
2025-03-08 19:00:29,833 - INFO - Sequence length: 24, Prediction horizon: 6
2025-03-08 19:00:29,833 - INFO - Loading cleaned data from cleaned_data/Borivali_spatial_average.csv
2025-03-08 19:00:29,840 - INFO - Loaded cleaned data with shape: (5400, 4)
2025-03-08 19:00:29,840 - INFO - Features selected: ['PM10', 'RH', 'AT']
2025-03-08 19:00:29,840 - INFO - Starting model training with 4320 samples
2025-03-08 19:00:29,840 - INFO - Preparing sequences from data with shape: (4320, 4)
2025-03-08 19:00:29,844 - INFO - Creating 4291 sequences...
2025-03-08 19:00:29,850 - INFO - Sequence preparation completed. X shape: (4291, 480), y shape: (4291, 6, 1)
2025-03-08 19:00:29,850 - INFO - Sequence preparation took 0.01 seconds
2025-03-08 19:00:29,850 - INFO - Training model for step 1/6
2025-03-08 19:00:31,673 - INFO - Training model for step 2/6
2025-03-08 19:00:33,505 - INFO - Training model for step 3/6
2025-03-08 19:00:35,349 - INFO - Training model for step 4/6
2025-03-08 19:00:37,227 - INFO - Training model for step 5/6
2025-03-08 19:00:39,047 - INFO - Training model for step 6/6
2025-03-08 19:00:40,899 - INFO - Training completed in 11.06 seconds
2025-03-08 19:00:40,899 - INFO - Evaluating predictions for Borivali
2025-03-08 19:00:40,899 - INFO - Preparing sequences from data with shape: (1080, 4)
2025-03-08 19:00:40,903 - INFO - Creating 1051 sequences...
2025-03-08 19:00:40,905 - INFO - Sequence preparation completed. X shape: (1051, 480), y shape: (1051, 6, 1)
2025-03-08 19:00:40,905 - INFO - Sequence preparation took 0.01 seconds
2025-03-08 19:00:40,912 - INFO - Evaluation completed in 0.01 seconds
2025-03-08 19:00:40,912 - INFO - Evaluation metrics - MAE: 33.44, RMSE: 36.20
2025-03-08 19:00:40,912 - INFO - Generating prediction plots for Borivali
2025-03-08 19:00:41,459 - INFO - Saved prediction plot to predictions/xgboost_prediction_Borivali.png
2025-03-08 19:00:41,711 - INFO - Saved error distribution plot to predictions/xgboost_error_distribution_Borivali.png
2025-03-08 19:00:41,711 - INFO - 
Final Evaluation Results:
2025-03-08 19:00:41,711 - INFO - MAE: 33.44
2025-03-08 19:00:41,711 - INFO - RMSE: 36.20
2025-03-08 19:00:41,711 - INFO - Initializing Gradient Boosting Predictor for Airport
2025-03-08 19:00:41,711 - INFO - Sequence length: 24, Prediction horizon: 6
2025-03-08 19:00:41,712 - INFO - Loading cleaned data from cleaned_data/Airport_spatial_average.csv
2025-03-08 19:00:41,718 - INFO - Loaded cleaned data with shape: (5280, 4)
2025-03-08 19:00:41,718 - INFO - Features selected: ['PM10', 'RH', 'AT']
2025-03-08 19:00:41,718 - INFO - Starting model training with 4224 samples
2025-03-08 19:00:41,718 - INFO - Preparing sequences from data with shape: (4224, 4)
2025-03-08 19:00:41,723 - INFO - Creating 4195 sequences...
2025-03-08 19:00:41,728 - INFO - Sequence preparation completed. X shape: (4195, 480), y shape: (4195, 6, 1)
2025-03-08 19:00:41,728 - INFO - Sequence preparation took 0.01 seconds
2025-03-08 19:00:41,728 - INFO - Training model for step 1/6
2025-03-08 19:00:43,606 - INFO - Training model for step 2/6
2025-03-08 19:00:45,498 - INFO - Training model for step 3/6
2025-03-08 19:00:47,384 - INFO - Training model for step 4/6
2025-03-08 19:00:49,270 - INFO - Training model for step 5/6
2025-03-08 19:00:51,118 - INFO - Training model for step 6/6
2025-03-08 19:00:52,972 - INFO - Training completed in 11.25 seconds
2025-03-08 19:00:52,973 - INFO - Evaluating predictions for Airport
2025-03-08 19:00:52,973 - INFO - Preparing sequences from data with shape: (1056, 4)
2025-03-08 19:00:52,977 - INFO - Creating 1027 sequences...
2025-03-08 19:00:52,979 - INFO - Sequence preparation completed. X shape: (1027, 480), y shape: (1027, 6, 1)
2025-03-08 19:00:52,979 - INFO - Sequence preparation took 0.01 seconds
2025-03-08 19:00:52,985 - INFO - Evaluation completed in 0.01 seconds
2025-03-08 19:00:52,985 - INFO - Evaluation metrics - MAE: 13.93, RMSE: 16.12
2025-03-08 19:00:52,985 - INFO - Generating prediction plots for Airport
2025-03-08 19:00:53,535 - INFO - Saved prediction plot to predictions/xgboost_prediction_Airport.png
2025-03-08 19:00:53,863 - INFO - Saved error distribution plot to predictions/xgboost_error_distribution_Airport.png
2025-03-08 19:00:53,863 - INFO - 
Final Evaluation Results:
2025-03-08 19:00:53,863 - INFO - MAE: 13.93
2025-03-08 19:00:53,863 - INFO - RMSE: 16.12
2025-03-08 19:00:53,864 - INFO - Initializing Gradient Boosting Predictor for Vasai
2025-03-08 19:00:53,864 - INFO - Sequence length: 24, Prediction horizon: 6
2025-03-08 19:00:53,864 - INFO - Loading cleaned data from cleaned_data/Vasai_spatial_average.csv
2025-03-08 19:00:53,871 - INFO - Loaded cleaned data with shape: (5400, 4)
2025-03-08 19:00:53,871 - INFO - Features selected: ['PM10', 'RH', 'AT']
2025-03-08 19:00:53,871 - INFO - Starting model training with 4320 samples
2025-03-08 19:00:53,871 - INFO - Preparing sequences from data with shape: (4320, 4)
2025-03-08 19:00:53,875 - INFO - Creating 4291 sequences...
2025-03-08 19:00:53,881 - INFO - Sequence preparation completed. X shape: (4291, 480), y shape: (4291, 6, 1)
2025-03-08 19:00:53,881 - INFO - Sequence preparation took 0.01 seconds
2025-03-08 19:00:53,881 - INFO - Training model for step 1/6
2025-03-08 19:00:55,828 - INFO - Training model for step 2/6
2025-03-08 19:00:57,747 - INFO - Training model for step 3/6
2025-03-08 19:00:59,677 - INFO - Training model for step 4/6
2025-03-08 19:01:01,581 - INFO - Training model for step 5/6
2025-03-08 19:01:03,477 - INFO - Training model for step 6/6
2025-03-08 19:01:05,364 - INFO - Training completed in 11.49 seconds
2025-03-08 19:01:05,365 - INFO - Evaluating predictions for Vasai
2025-03-08 19:01:05,365 - INFO - Preparing sequences from data with shape: (1080, 4)
2025-03-08 19:01:05,369 - INFO - Creating 1051 sequences...
2025-03-08 19:01:05,370 - INFO - Sequence preparation completed. X shape: (1051, 480), y shape: (1051, 6, 1)
2025-03-08 19:01:05,370 - INFO - Sequence preparation took 0.01 seconds
2025-03-08 19:01:05,377 - INFO - Evaluation completed in 0.01 seconds
2025-03-08 19:01:05,377 - INFO - Evaluation metrics - MAE: 38.20, RMSE: 41.49
2025-03-08 19:01:05,377 - INFO - Generating prediction plots for Vasai
2025-03-08 19:01:05,919 - INFO - Saved prediction plot to predictions/xgboost_prediction_Vasai.png
2025-03-08 19:01:06,170 - INFO - Saved error distribution plot to predictions/xgboost_error_distribution_Vasai.png
2025-03-08 19:01:06,170 - INFO - 
Final Evaluation Results:
2025-03-08 19:01:06,170 - INFO - MAE: 38.20
2025-03-08 19:01:06,170 - INFO - RMSE: 41.49
2025-03-08 19:01:06,170 - INFO - Initializing Gradient Boosting Predictor for Powai
2025-03-08 19:01:06,170 - INFO - Sequence length: 24, Prediction horizon: 6
2025-03-08 19:01:06,170 - INFO - Loading cleaned data from cleaned_data/Powai_spatial_average.csv
2025-03-08 19:01:06,177 - INFO - Loaded cleaned data with shape: (5400, 4)
2025-03-08 19:01:06,177 - INFO - Features selected: ['PM10', 'RH', 'AT']
2025-03-08 19:01:06,177 - INFO - Starting model training with 4320 samples
2025-03-08 19:01:06,177 - INFO - Preparing sequences from data with shape: (4320, 4)
2025-03-08 19:01:06,181 - INFO - Creating 4291 sequences...
2025-03-08 19:01:06,187 - INFO - Sequence preparation completed. X shape: (4291, 480), y shape: (4291, 6, 1)
2025-03-08 19:01:06,187 - INFO - Sequence preparation took 0.01 seconds
2025-03-08 19:01:06,187 - INFO - Training model for step 1/6
2025-03-08 19:01:08,119 - INFO - Training model for step 2/6
2025-03-08 19:01:10,054 - INFO - Training model for step 3/6
2025-03-08 19:01:11,969 - INFO - Training model for step 4/6
2025-03-08 19:01:13,909 - INFO - Training model for step 5/6
2025-03-08 19:01:15,846 - INFO - Training model for step 6/6
2025-03-08 19:01:17,760 - INFO - Training completed in 11.58 seconds
2025-03-08 19:01:17,760 - INFO - Evaluating predictions for Powai
2025-03-08 19:01:17,760 - INFO - Preparing sequences from data with shape: (1080, 4)
2025-03-08 19:01:17,765 - INFO - Creating 1051 sequences...
2025-03-08 19:01:17,766 - INFO - Sequence preparation completed. X shape: (1051, 480), y shape: (1051, 6, 1)
2025-03-08 19:01:17,766 - INFO - Sequence preparation took 0.01 seconds
2025-03-08 19:01:17,772 - INFO - Evaluation completed in 0.01 seconds
2025-03-08 19:01:17,772 - INFO - Evaluation metrics - MAE: 35.04, RMSE: 38.18
2025-03-08 19:01:17,773 - INFO - Generating prediction plots for Powai
2025-03-08 19:01:18,306 - INFO - Saved prediction plot to predictions/xgboost_prediction_Powai.png
2025-03-08 19:01:18,551 - INFO - Saved error distribution plot to predictions/xgboost_error_distribution_Powai.png
2025-03-08 19:01:18,551 - INFO - 
Final Evaluation Results:
2025-03-08 19:01:18,551 - INFO - MAE: 35.04
2025-03-08 19:01:18,551 - INFO - RMSE: 38.18
2025-03-08 19:01:18,551 - INFO - Initializing Gradient Boosting Predictor for Kurla
2025-03-08 19:01:18,551 - INFO - Sequence length: 24, Prediction horizon: 6
2025-03-08 19:01:18,551 - INFO - Loading cleaned data from cleaned_data/Kurla_spatial_average.csv
2025-03-08 19:01:18,557 - INFO - Loaded cleaned data with shape: (5400, 4)
2025-03-08 19:01:18,557 - INFO - Features selected: ['PM10', 'RH', 'AT']
2025-03-08 19:01:18,557 - INFO - Starting model training with 4320 samples
2025-03-08 19:01:18,557 - INFO - Preparing sequences from data with shape: (4320, 4)
2025-03-08 19:01:18,562 - INFO - Creating 4291 sequences...
2025-03-08 19:01:18,567 - INFO - Sequence preparation completed. X shape: (4291, 480), y shape: (4291, 6, 1)
2025-03-08 19:01:18,567 - INFO - Sequence preparation took 0.01 seconds
2025-03-08 19:01:18,567 - INFO - Training model for step 1/6
2025-03-08 19:01:20,319 - INFO - Training model for step 2/6
2025-03-08 19:01:22,106 - INFO - Training model for step 3/6
2025-03-08 19:01:23,974 - INFO - Training model for step 4/6
2025-03-08 19:01:25,830 - INFO - Training model for step 5/6
2025-03-08 19:01:27,662 - INFO - Training model for step 6/6
2025-03-08 19:01:29,508 - INFO - Training completed in 10.95 seconds
2025-03-08 19:01:29,508 - INFO - Evaluating predictions for Kurla
2025-03-08 19:01:29,508 - INFO - Preparing sequences from data with shape: (1080, 4)
2025-03-08 19:01:29,513 - INFO - Creating 1051 sequences...
2025-03-08 19:01:29,515 - INFO - Sequence preparation completed. X shape: (1051, 480), y shape: (1051, 6, 1)
2025-03-08 19:01:29,515 - INFO - Sequence preparation took 0.01 seconds
2025-03-08 19:01:29,522 - INFO - Evaluation completed in 0.01 seconds
2025-03-08 19:01:29,522 - INFO - Evaluation metrics - MAE: 42.09, RMSE: 50.80
2025-03-08 19:01:29,522 - INFO - Generating prediction plots for Kurla
2025-03-08 19:01:30,066 - INFO - Saved prediction plot to predictions/xgboost_prediction_Kurla.png
2025-03-08 19:01:30,375 - INFO - Saved error distribution plot to predictions/xgboost_error_distribution_Kurla.png
2025-03-08 19:01:30,375 - INFO - 
Final Evaluation Results:
2025-03-08 19:01:30,375 - INFO - MAE: 42.09
2025-03-08 19:01:30,375 - INFO - RMSE: 50.80
2025-03-08 19:01:30,375 - INFO - Initializing Gradient Boosting Predictor for Vileparle
2025-03-08 19:01:30,375 - INFO - Sequence length: 24, Prediction horizon: 6
2025-03-08 19:01:30,375 - INFO - Loading cleaned data from cleaned_data/Vileparle_spatial_average.csv
2025-03-08 19:01:30,381 - INFO - Loaded cleaned data with shape: (5280, 4)
2025-03-08 19:01:30,381 - INFO - Features selected: ['PM10', 'RH', 'AT']
2025-03-08 19:01:30,382 - INFO - Starting model training with 4224 samples
2025-03-08 19:01:30,382 - INFO - Preparing sequences from data with shape: (4224, 4)
2025-03-08 19:01:30,386 - INFO - Creating 4195 sequences...
2025-03-08 19:01:30,391 - INFO - Sequence preparation completed. X shape: (4195, 480), y shape: (4195, 6, 1)
2025-03-08 19:01:30,391 - INFO - Sequence preparation took 0.01 seconds
2025-03-08 19:01:30,391 - INFO - Training model for step 1/6
2025-03-08 19:01:32,230 - INFO - Training model for step 2/6
2025-03-08 19:01:34,107 - INFO - Training model for step 3/6
2025-03-08 19:01:36,016 - INFO - Training model for step 4/6
2025-03-08 19:01:37,929 - INFO - Training model for step 5/6
2025-03-08 19:01:39,836 - INFO - Training model for step 6/6
2025-03-08 19:01:41,728 - INFO - Training completed in 11.35 seconds
2025-03-08 19:01:41,728 - INFO - Evaluating predictions for Vileparle
2025-03-08 19:01:41,728 - INFO - Preparing sequences from data with shape: (1056, 4)
2025-03-08 19:01:41,733 - INFO - Creating 1027 sequences...
2025-03-08 19:01:41,735 - INFO - Sequence preparation completed. X shape: (1027, 480), y shape: (1027, 6, 1)
2025-03-08 19:01:41,735 - INFO - Sequence preparation took 0.01 seconds
2025-03-08 19:01:41,745 - INFO - Evaluation completed in 0.02 seconds
2025-03-08 19:01:41,745 - INFO - Evaluation metrics - MAE: 29.68, RMSE: 32.88
2025-03-08 19:01:41,745 - INFO - Generating prediction plots for Vileparle
2025-03-08 19:01:42,281 - INFO - Saved prediction plot to predictions/xgboost_prediction_Vileparle.png
2025-03-08 19:01:42,544 - INFO - Saved error distribution plot to predictions/xgboost_error_distribution_Vileparle.png
2025-03-08 19:01:42,544 - INFO - 
Final Evaluation Results:
2025-03-08 19:01:42,544 - INFO - MAE: 29.68
2025-03-08 19:01:42,544 - INFO - RMSE: 32.88
2025-03-08 19:01:42,544 - INFO - Initializing Gradient Boosting Predictor for Kalyan
2025-03-08 19:01:42,544 - INFO - Sequence length: 24, Prediction horizon: 6
2025-03-08 19:01:42,545 - INFO - Loading cleaned data from cleaned_data/Kalyan_spatial_average.csv
2025-03-08 19:01:42,551 - INFO - Loaded cleaned data with shape: (5404, 4)
2025-03-08 19:01:42,551 - INFO - Features selected: ['PM10', 'RH', 'AT']
2025-03-08 19:01:42,551 - INFO - Starting model training with 4323 samples
2025-03-08 19:01:42,551 - INFO - Preparing sequences from data with shape: (4323, 4)
2025-03-08 19:01:42,555 - INFO - Creating 4294 sequences...
2025-03-08 19:01:42,561 - INFO - Sequence preparation completed. X shape: (4294, 480), y shape: (4294, 6, 1)
2025-03-08 19:01:42,561 - INFO - Sequence preparation took 0.01 seconds
2025-03-08 19:01:42,561 - INFO - Training model for step 1/6
2025-03-08 19:01:44,381 - INFO - Training model for step 2/6
2025-03-08 19:01:46,254 - INFO - Training model for step 3/6
2025-03-08 19:01:48,156 - INFO - Training model for step 4/6
2025-03-08 19:01:50,017 - INFO - Training model for step 5/6
2025-03-08 19:01:51,961 - INFO - Training model for step 6/6
2025-03-08 19:01:53,890 - INFO - Training completed in 11.34 seconds
2025-03-08 19:01:53,890 - INFO - Evaluating predictions for Kalyan
2025-03-08 19:01:53,890 - INFO - Preparing sequences from data with shape: (1081, 4)
2025-03-08 19:01:53,894 - INFO - Creating 1052 sequences...
2025-03-08 19:01:53,896 - INFO - Sequence preparation completed. X shape: (1052, 480), y shape: (1052, 6, 1)
2025-03-08 19:01:53,896 - INFO - Sequence preparation took 0.01 seconds
2025-03-08 19:01:53,903 - INFO - Evaluation completed in 0.01 seconds
2025-03-08 19:01:53,903 - INFO - Evaluation metrics - MAE: 53.15, RMSE: 61.00
2025-03-08 19:01:53,903 - INFO - Generating prediction plots for Kalyan
2025-03-08 19:01:54,451 - INFO - Saved prediction plot to predictions/xgboost_prediction_Kalyan.png
2025-03-08 19:01:54,713 - INFO - Saved error distribution plot to predictions/xgboost_error_distribution_Kalyan.png
2025-03-08 19:01:54,713 - INFO - 
Final Evaluation Results:
2025-03-08 19:01:54,713 - INFO - MAE: 53.15
2025-03-08 19:01:54,713 - INFO - RMSE: 61.00
2025-03-08 19:01:54,713 - INFO - Total execution time: 729.28 seconds
2025-03-08 21:25:29,926 - INFO - Starting XGBoost predictor main execution
2025-03-08 21:25:29,927 - INFO - Initializing Gradient Boosting Predictor for Sion
2025-03-08 21:25:29,927 - INFO - Sequence length: 24, Prediction horizon: 6
2025-03-08 21:25:29,927 - INFO - Loading cleaned data from cleaned_data/Sion_spatial_average.csv
2025-03-08 21:25:29,944 - INFO - Loaded cleaned data with shape: (5280, 4)
2025-03-08 21:25:29,945 - INFO - Features selected: ['PM10', 'RH', 'AT']
2025-03-08 21:25:29,945 - INFO - Starting model training with 4224 samples
2025-03-08 21:25:29,945 - INFO - Preparing sequences from data with shape: (4224, 4)
2025-03-08 21:25:29,955 - INFO - Creating 4195 sequences...
2025-03-08 21:25:29,961 - INFO - Sequence preparation completed. X shape: (4195, 624), y shape: (4195, 6, 1)
2025-03-08 21:25:29,961 - INFO - Sequence preparation took 0.02 seconds
2025-03-08 21:25:29,961 - INFO - Training model for step 1/6
2025-03-08 21:25:34,543 - INFO - Training model for step 2/6
2025-03-08 21:25:39,355 - INFO - Training model for step 3/6
2025-03-08 21:25:43,872 - INFO - Training model for step 4/6
2025-03-08 21:25:48,491 - INFO - Training model for step 5/6
2025-03-08 21:25:53,032 - INFO - Training model for step 6/6
2025-03-08 21:25:57,528 - INFO - Training completed in 27.58 seconds
2025-03-08 21:25:57,528 - INFO - Evaluating predictions for Sion
2025-03-08 21:25:57,528 - INFO - Preparing sequences from data with shape: (1056, 4)
2025-03-08 21:25:57,536 - INFO - Creating 1027 sequences...
2025-03-08 21:25:57,538 - INFO - Sequence preparation completed. X shape: (1027, 624), y shape: (1027, 6, 1)
2025-03-08 21:25:57,538 - INFO - Sequence preparation took 0.01 seconds
2025-03-08 21:25:57,551 - INFO - Evaluation completed in 0.02 seconds
2025-03-08 21:25:57,551 - INFO - Evaluation metrics - MAE: 36.59, RMSE: 38.69
2025-03-08 21:25:57,552 - INFO - Generating prediction plots for Sion
2025-03-08 21:25:58,284 - INFO - Saved prediction plot to predictions/xgboost_prediction_Sion.png
2025-03-08 21:25:58,502 - INFO - Saved error distribution plot to predictions/xgboost_error_distribution_Sion.png
2025-03-08 21:25:58,503 - INFO - 
Final Evaluation Results:
2025-03-08 21:25:58,503 - INFO - MAE: 36.59
2025-03-08 21:25:58,503 - INFO - RMSE: 38.69
2025-03-08 21:25:58,503 - INFO - Initializing Gradient Boosting Predictor for Nerul
2025-03-08 21:25:58,503 - INFO - Sequence length: 24, Prediction horizon: 6
2025-03-08 21:25:58,503 - INFO - Loading cleaned data from cleaned_data/Nerul_spatial_average.csv
2025-03-08 21:25:58,510 - INFO - Loaded cleaned data with shape: (5280, 4)
2025-03-08 21:25:58,510 - INFO - Features selected: ['PM10', 'RH', 'AT']
2025-03-08 21:25:58,510 - INFO - Starting model training with 4224 samples
2025-03-08 21:25:58,511 - INFO - Preparing sequences from data with shape: (4224, 4)
2025-03-08 21:25:58,516 - INFO - Creating 4195 sequences...
2025-03-08 21:25:58,522 - INFO - Sequence preparation completed. X shape: (4195, 624), y shape: (4195, 6, 1)
2025-03-08 21:25:58,522 - INFO - Sequence preparation took 0.01 seconds
2025-03-08 21:25:58,522 - INFO - Training model for step 1/6
2025-03-08 21:26:02,299 - INFO - Training model for step 2/6
2025-03-08 21:26:06,337 - INFO - Training model for step 3/6
2025-03-08 21:26:10,580 - INFO - Training model for step 4/6
2025-03-08 21:26:14,816 - INFO - Training model for step 5/6
2025-03-08 21:26:18,952 - INFO - Training model for step 6/6
2025-03-08 21:26:23,045 - INFO - Training completed in 24.53 seconds
2025-03-08 21:26:23,045 - INFO - Evaluating predictions for Nerul
2025-03-08 21:26:23,045 - INFO - Preparing sequences from data with shape: (1056, 4)
2025-03-08 21:26:23,053 - INFO - Creating 1027 sequences...
2025-03-08 21:26:23,054 - INFO - Sequence preparation completed. X shape: (1027, 624), y shape: (1027, 6, 1)
2025-03-08 21:26:23,055 - INFO - Sequence preparation took 0.01 seconds
2025-03-08 21:26:23,064 - INFO - Evaluation completed in 0.02 seconds
2025-03-08 21:26:23,064 - INFO - Evaluation metrics - MAE: 56.96, RMSE: 64.86
2025-03-08 21:26:23,065 - INFO - Generating prediction plots for Nerul
2025-03-08 21:26:23,480 - INFO - Saved prediction plot to predictions/xgboost_prediction_Nerul.png
2025-03-08 21:26:23,687 - INFO - Saved error distribution plot to predictions/xgboost_error_distribution_Nerul.png
2025-03-08 21:26:23,687 - INFO - 
Final Evaluation Results:
2025-03-08 21:26:23,687 - INFO - MAE: 56.96
2025-03-08 21:26:23,687 - INFO - RMSE: 64.86
2025-03-08 21:26:23,687 - INFO - Initializing Gradient Boosting Predictor for Powai
2025-03-08 21:26:23,687 - INFO - Sequence length: 24, Prediction horizon: 6
2025-03-08 21:26:23,688 - INFO - Loading cleaned data from cleaned_data/Powai_spatial_average.csv
2025-03-08 21:26:23,694 - INFO - Loaded cleaned data with shape: (5400, 4)
2025-03-08 21:26:23,694 - INFO - Features selected: ['PM10', 'RH', 'AT']
2025-03-08 21:26:23,694 - INFO - Starting model training with 4320 samples
2025-03-08 21:26:23,694 - INFO - Preparing sequences from data with shape: (4320, 4)
2025-03-08 21:26:23,700 - INFO - Creating 4291 sequences...
2025-03-08 21:26:23,705 - INFO - Sequence preparation completed. X shape: (4291, 624), y shape: (4291, 6, 1)
2025-03-08 21:26:23,705 - INFO - Sequence preparation took 0.01 seconds
2025-03-08 21:26:23,705 - INFO - Training model for step 1/6
2025-03-08 21:26:28,078 - INFO - Training model for step 2/6
2025-03-08 21:26:32,563 - INFO - Training model for step 3/6
2025-03-08 21:26:37,166 - INFO - Training model for step 4/6
2025-03-08 21:26:41,882 - INFO - Training model for step 5/6
2025-03-08 21:26:46,767 - INFO - Training model for step 6/6
2025-03-08 21:26:51,288 - INFO - Training completed in 27.59 seconds
2025-03-08 21:26:51,288 - INFO - Evaluating predictions for Powai
2025-03-08 21:26:51,288 - INFO - Preparing sequences from data with shape: (1080, 4)
2025-03-08 21:26:51,296 - INFO - Creating 1051 sequences...
2025-03-08 21:26:51,297 - INFO - Sequence preparation completed. X shape: (1051, 624), y shape: (1051, 6, 1)
2025-03-08 21:26:51,297 - INFO - Sequence preparation took 0.01 seconds
2025-03-08 21:26:51,306 - INFO - Evaluation completed in 0.02 seconds
2025-03-08 21:26:51,306 - INFO - Evaluation metrics - MAE: 35.76, RMSE: 38.10
2025-03-08 21:26:51,306 - INFO - Generating prediction plots for Powai
2025-03-08 21:26:51,712 - INFO - Saved prediction plot to predictions/xgboost_prediction_Powai.png
2025-03-08 21:26:52,000 - INFO - Saved error distribution plot to predictions/xgboost_error_distribution_Powai.png
2025-03-08 21:26:52,000 - INFO - 
Final Evaluation Results:
2025-03-08 21:26:52,000 - INFO - MAE: 35.76
2025-03-08 21:26:52,000 - INFO - RMSE: 38.10
2025-03-08 21:26:52,000 - INFO - Initializing Gradient Boosting Predictor for Airport
2025-03-08 21:26:52,000 - INFO - Sequence length: 24, Prediction horizon: 6
2025-03-08 21:26:52,001 - INFO - Loading cleaned data from cleaned_data/Airport_spatial_average.csv
2025-03-08 21:26:52,006 - INFO - Loaded cleaned data with shape: (5280, 4)
2025-03-08 21:26:52,006 - INFO - Features selected: ['PM10', 'RH', 'AT']
2025-03-08 21:26:52,006 - INFO - Starting model training with 4224 samples
2025-03-08 21:26:52,006 - INFO - Preparing sequences from data with shape: (4224, 4)
2025-03-08 21:26:52,012 - INFO - Creating 4195 sequences...
2025-03-08 21:26:52,017 - INFO - Sequence preparation completed. X shape: (4195, 624), y shape: (4195, 6, 1)
2025-03-08 21:26:52,017 - INFO - Sequence preparation took 0.01 seconds
2025-03-08 21:26:52,017 - INFO - Training model for step 1/6
2025-03-08 21:26:56,584 - INFO - Training model for step 2/6
2025-03-08 21:27:01,364 - INFO - Training model for step 3/6
2025-03-08 21:27:06,379 - INFO - Training model for step 4/6
2025-03-08 21:27:11,621 - INFO - Training model for step 5/6
2025-03-08 21:27:16,722 - INFO - Training model for step 6/6
2025-03-08 21:27:21,872 - INFO - Training completed in 29.87 seconds
2025-03-08 21:27:21,873 - INFO - Evaluating predictions for Airport
2025-03-08 21:27:21,873 - INFO - Preparing sequences from data with shape: (1056, 4)
2025-03-08 21:27:21,884 - INFO - Creating 1027 sequences...
2025-03-08 21:27:21,885 - INFO - Sequence preparation completed. X shape: (1027, 624), y shape: (1027, 6, 1)
2025-03-08 21:27:21,885 - INFO - Sequence preparation took 0.01 seconds
2025-03-08 21:27:21,901 - INFO - Evaluation completed in 0.03 seconds
2025-03-08 21:27:21,901 - INFO - Evaluation metrics - MAE: 15.39, RMSE: 17.48
2025-03-08 21:27:21,901 - INFO - Generating prediction plots for Airport
2025-03-08 21:27:22,346 - INFO - Saved prediction plot to predictions/xgboost_prediction_Airport.png
2025-03-08 21:27:22,570 - INFO - Saved error distribution plot to predictions/xgboost_error_distribution_Airport.png
2025-03-08 21:27:22,570 - INFO - 
Final Evaluation Results:
2025-03-08 21:27:22,570 - INFO - MAE: 15.39
2025-03-08 21:27:22,570 - INFO - RMSE: 17.48
2025-03-08 21:27:22,570 - INFO - Initializing Gradient Boosting Predictor for Powai
2025-03-08 21:27:22,570 - INFO - Sequence length: 24, Prediction horizon: 6
2025-03-08 21:27:22,571 - INFO - Loading cleaned data from cleaned_data/Powai_spatial_average.csv
2025-03-08 21:27:22,578 - INFO - Loaded cleaned data with shape: (5400, 4)
2025-03-08 21:27:22,578 - INFO - Features selected: ['PM10', 'RH', 'AT']
2025-03-08 21:27:22,578 - INFO - Starting model training with 4320 samples
2025-03-08 21:27:22,578 - INFO - Preparing sequences from data with shape: (4320, 4)
2025-03-08 21:27:22,584 - INFO - Creating 4291 sequences...
2025-03-08 21:27:22,590 - INFO - Sequence preparation completed. X shape: (4291, 624), y shape: (4291, 6, 1)
2025-03-08 21:27:22,590 - INFO - Sequence preparation took 0.01 seconds
2025-03-08 21:27:22,590 - INFO - Training model for step 1/6
2025-03-08 21:27:27,307 - INFO - Training model for step 2/6
2025-03-08 21:27:32,332 - INFO - Training model for step 3/6
2025-03-08 21:27:37,522 - INFO - Training model for step 4/6
2025-03-08 21:27:42,721 - INFO - Training model for step 5/6
2025-03-08 21:27:48,183 - INFO - Training model for step 6/6
2025-03-08 21:27:53,989 - INFO - Training completed in 31.41 seconds
2025-03-08 21:27:53,990 - INFO - Evaluating predictions for Powai
2025-03-08 21:27:53,990 - INFO - Preparing sequences from data with shape: (1080, 4)
2025-03-08 21:27:54,003 - INFO - Creating 1051 sequences...
2025-03-08 21:27:54,006 - INFO - Sequence preparation completed. X shape: (1051, 624), y shape: (1051, 6, 1)
2025-03-08 21:27:54,006 - INFO - Sequence preparation took 0.02 seconds
2025-03-08 21:27:54,021 - INFO - Evaluation completed in 0.03 seconds
2025-03-08 21:27:54,021 - INFO - Evaluation metrics - MAE: 35.76, RMSE: 38.10
2025-03-08 21:27:54,021 - INFO - Generating prediction plots for Powai
2025-03-08 21:27:54,723 - INFO - Saved prediction plot to predictions/xgboost_prediction_Powai.png
2025-03-08 21:27:55,071 - INFO - Saved error distribution plot to predictions/xgboost_error_distribution_Powai.png
2025-03-08 21:27:55,071 - INFO - 
Final Evaluation Results:
2025-03-08 21:27:55,071 - INFO - MAE: 35.76
2025-03-08 21:27:55,071 - INFO - RMSE: 38.10
2025-03-08 21:27:55,071 - INFO - Initializing Gradient Boosting Predictor for Kandivali
2025-03-08 21:27:55,071 - INFO - Sequence length: 24, Prediction horizon: 6
2025-03-08 21:27:55,072 - INFO - Loading cleaned data from cleaned_data/Kandivali_spatial_average.csv
2025-03-08 21:27:55,080 - INFO - Loaded cleaned data with shape: (4776, 4)
2025-03-08 21:27:55,080 - INFO - Features selected: ['PM10', 'RH', 'AT']
2025-03-08 21:27:55,080 - INFO - Starting model training with 3820 samples
2025-03-08 21:27:55,080 - INFO - Preparing sequences from data with shape: (3820, 4)
2025-03-08 21:27:55,087 - INFO - Creating 3791 sequences...
2025-03-08 21:27:55,094 - INFO - Sequence preparation completed. X shape: (3791, 624), y shape: (3791, 6, 1)
2025-03-08 21:27:55,094 - INFO - Sequence preparation took 0.01 seconds
2025-03-08 21:27:55,094 - INFO - Training model for step 1/6
2025-03-08 21:28:00,003 - INFO - Training model for step 2/6
2025-03-08 21:28:06,014 - INFO - Training model for step 3/6
2025-03-08 21:28:12,437 - INFO - Training model for step 4/6
2025-03-08 21:28:19,388 - INFO - Training model for step 5/6
2025-03-08 21:28:26,482 - INFO - Training model for step 6/6
2025-03-08 21:28:34,218 - INFO - Training completed in 39.14 seconds
2025-03-08 21:28:34,219 - INFO - Evaluating predictions for Kandivali
2025-03-08 21:28:34,219 - INFO - Preparing sequences from data with shape: (956, 4)
2025-03-08 21:28:34,239 - INFO - Creating 927 sequences...
2025-03-08 21:28:34,242 - INFO - Sequence preparation completed. X shape: (927, 624), y shape: (927, 6, 1)
2025-03-08 21:28:34,242 - INFO - Sequence preparation took 0.02 seconds
2025-03-08 21:28:34,261 - INFO - Evaluation completed in 0.04 seconds
2025-03-08 21:28:34,261 - INFO - Evaluation metrics - MAE: 29.59, RMSE: 32.83
2025-03-08 21:28:34,262 - INFO - Generating prediction plots for Kandivali
2025-03-08 21:28:35,110 - INFO - Saved prediction plot to predictions/xgboost_prediction_Kandivali.png
2025-03-08 21:28:35,513 - INFO - Saved error distribution plot to predictions/xgboost_error_distribution_Kandivali.png
2025-03-08 21:28:35,513 - INFO - 
Final Evaluation Results:
2025-03-08 21:28:35,513 - INFO - MAE: 29.59
2025-03-08 21:28:35,513 - INFO - RMSE: 32.83
2025-03-08 21:28:35,513 - INFO - Initializing Gradient Boosting Predictor for Nerul
2025-03-08 21:28:35,513 - INFO - Sequence length: 24, Prediction horizon: 6
2025-03-08 21:28:35,515 - INFO - Loading cleaned data from cleaned_data/Nerul_spatial_average.csv
2025-03-08 21:28:35,525 - INFO - Loaded cleaned data with shape: (5280, 4)
2025-03-08 21:28:35,525 - INFO - Features selected: ['PM10', 'RH', 'AT']
2025-03-08 21:28:35,525 - INFO - Starting model training with 4224 samples
2025-03-08 21:28:35,525 - INFO - Preparing sequences from data with shape: (4224, 4)
2025-03-08 21:28:35,536 - INFO - Creating 4195 sequences...
2025-03-08 21:28:35,545 - INFO - Sequence preparation completed. X shape: (4195, 624), y shape: (4195, 6, 1)
2025-03-08 21:28:35,545 - INFO - Sequence preparation took 0.02 seconds
2025-03-08 21:28:35,545 - INFO - Training model for step 1/6
2025-03-08 21:28:46,678 - INFO - Training model for step 2/6
2025-03-08 21:29:01,379 - INFO - Training model for step 3/6
2025-03-08 21:29:09,492 - INFO - Training model for step 4/6
2025-03-08 21:29:16,349 - INFO - Training model for step 5/6
2025-03-08 21:29:23,008 - INFO - Training model for step 6/6
2025-03-08 21:29:29,205 - INFO - Training completed in 53.68 seconds
2025-03-08 21:29:29,206 - INFO - Evaluating predictions for Nerul
2025-03-08 21:29:29,206 - INFO - Preparing sequences from data with shape: (1056, 4)
2025-03-08 21:29:29,222 - INFO - Creating 1027 sequences...
2025-03-08 21:29:29,225 - INFO - Sequence preparation completed. X shape: (1027, 624), y shape: (1027, 6, 1)
2025-03-08 21:29:29,225 - INFO - Sequence preparation took 0.02 seconds
2025-03-08 21:29:29,245 - INFO - Evaluation completed in 0.04 seconds
2025-03-08 21:29:29,245 - INFO - Evaluation metrics - MAE: 56.96, RMSE: 64.86
2025-03-08 21:29:29,246 - INFO - Generating prediction plots for Nerul
2025-03-08 21:29:30,038 - INFO - Saved prediction plot to predictions/xgboost_prediction_Nerul.png
2025-03-08 21:29:30,419 - INFO - Saved error distribution plot to predictions/xgboost_error_distribution_Nerul.png
2025-03-08 21:29:30,419 - INFO - 
Final Evaluation Results:
2025-03-08 21:29:30,419 - INFO - MAE: 56.96
2025-03-08 21:29:30,419 - INFO - RMSE: 64.86
2025-03-08 21:29:30,419 - INFO - Initializing Gradient Boosting Predictor for Kurla
2025-03-08 21:29:30,419 - INFO - Sequence length: 24, Prediction horizon: 6
2025-03-08 21:29:30,420 - INFO - Loading cleaned data from cleaned_data/Kurla_spatial_average.csv
2025-03-08 21:29:30,429 - INFO - Loaded cleaned data with shape: (5400, 4)
2025-03-08 21:29:30,430 - INFO - Features selected: ['PM10', 'RH', 'AT']
2025-03-08 21:29:30,430 - INFO - Starting model training with 4320 samples
2025-03-08 21:29:30,430 - INFO - Preparing sequences from data with shape: (4320, 4)
2025-03-08 21:29:30,439 - INFO - Creating 4291 sequences...
2025-03-08 21:29:30,447 - INFO - Sequence preparation completed. X shape: (4291, 624), y shape: (4291, 6, 1)
2025-03-08 21:29:30,447 - INFO - Sequence preparation took 0.02 seconds
2025-03-08 21:29:30,447 - INFO - Training model for step 1/6
2025-03-08 21:29:37,026 - INFO - Training model for step 2/6
2025-03-08 21:29:43,784 - INFO - Training model for step 3/6
2025-03-08 21:29:50,858 - INFO - Training model for step 4/6
2025-03-08 21:29:57,781 - INFO - Training model for step 5/6
2025-03-08 21:30:05,964 - INFO - Training model for step 6/6
2025-03-08 21:30:14,073 - INFO - Training completed in 43.64 seconds
2025-03-08 21:30:14,074 - INFO - Evaluating predictions for Kurla
2025-03-08 21:30:14,075 - INFO - Preparing sequences from data with shape: (1080, 4)
2025-03-08 21:30:14,088 - INFO - Creating 1051 sequences...
2025-03-08 21:30:14,091 - INFO - Sequence preparation completed. X shape: (1051, 624), y shape: (1051, 6, 1)
2025-03-08 21:30:14,091 - INFO - Sequence preparation took 0.02 seconds
2025-03-08 21:30:14,111 - INFO - Evaluation completed in 0.04 seconds
2025-03-08 21:30:14,111 - INFO - Evaluation metrics - MAE: 49.20, RMSE: 56.74
2025-03-08 21:30:14,112 - INFO - Generating prediction plots for Kurla
2025-03-08 21:30:14,876 - INFO - Saved prediction plot to predictions/xgboost_prediction_Kurla.png
2025-03-08 21:30:15,445 - INFO - Saved error distribution plot to predictions/xgboost_error_distribution_Kurla.png
2025-03-08 21:30:15,445 - INFO - 
Final Evaluation Results:
2025-03-08 21:30:15,445 - INFO - MAE: 49.20
2025-03-08 21:30:15,445 - INFO - RMSE: 56.74
2025-03-08 21:30:15,445 - INFO - Initializing Gradient Boosting Predictor for Vileparle
2025-03-08 21:30:15,445 - INFO - Sequence length: 24, Prediction horizon: 6
2025-03-08 21:30:15,447 - INFO - Loading cleaned data from cleaned_data/Vileparle_spatial_average.csv
2025-03-08 21:30:15,456 - INFO - Loaded cleaned data with shape: (5280, 4)
2025-03-08 21:30:15,456 - INFO - Features selected: ['PM10', 'RH', 'AT']
2025-03-08 21:30:15,456 - INFO - Starting model training with 4224 samples
2025-03-08 21:30:15,456 - INFO - Preparing sequences from data with shape: (4224, 4)
2025-03-08 21:30:15,465 - INFO - Creating 4195 sequences...
2025-03-08 21:30:15,473 - INFO - Sequence preparation completed. X shape: (4195, 624), y shape: (4195, 6, 1)
2025-03-08 21:30:15,473 - INFO - Sequence preparation took 0.02 seconds
2025-03-08 21:30:15,473 - INFO - Training model for step 1/6
2025-03-08 21:30:22,510 - INFO - Training model for step 2/6
2025-03-08 21:30:29,925 - INFO - Training model for step 3/6
2025-03-08 21:30:36,304 - INFO - Training model for step 4/6
2025-03-08 21:30:41,975 - INFO - Training model for step 5/6
2025-03-08 21:30:47,023 - INFO - Training model for step 6/6
2025-03-08 21:30:52,132 - INFO - Training completed in 36.68 seconds
2025-03-08 21:30:52,132 - INFO - Evaluating predictions for Vileparle
2025-03-08 21:30:52,132 - INFO - Preparing sequences from data with shape: (1056, 4)
2025-03-08 21:30:52,145 - INFO - Creating 1027 sequences...
2025-03-08 21:30:52,148 - INFO - Sequence preparation completed. X shape: (1027, 624), y shape: (1027, 6, 1)
2025-03-08 21:30:52,148 - INFO - Sequence preparation took 0.02 seconds
2025-03-08 21:30:52,163 - INFO - Evaluation completed in 0.03 seconds
2025-03-08 21:30:52,163 - INFO - Evaluation metrics - MAE: 34.02, RMSE: 38.37
2025-03-08 21:30:52,164 - INFO - Generating prediction plots for Vileparle
2025-03-08 21:30:52,950 - INFO - Saved prediction plot to predictions/xgboost_prediction_Vileparle.png
2025-03-08 21:30:53,307 - INFO - Saved error distribution plot to predictions/xgboost_error_distribution_Vileparle.png
2025-03-08 21:30:53,307 - INFO - 
Final Evaluation Results:
2025-03-08 21:30:53,308 - INFO - MAE: 34.02
2025-03-08 21:30:53,308 - INFO - RMSE: 38.37
2025-03-08 21:30:53,308 - INFO - Initializing Gradient Boosting Predictor for Kalyan
2025-03-08 21:30:53,308 - INFO - Sequence length: 24, Prediction horizon: 6
2025-03-08 21:30:53,309 - INFO - Loading cleaned data from cleaned_data/Kalyan_spatial_average.csv
2025-03-08 21:30:53,317 - INFO - Loaded cleaned data with shape: (5404, 4)
2025-03-08 21:30:53,318 - INFO - Features selected: ['PM10', 'RH', 'AT']
2025-03-08 21:30:53,318 - INFO - Starting model training with 4323 samples
2025-03-08 21:30:53,318 - INFO - Preparing sequences from data with shape: (4323, 4)
2025-03-08 21:30:53,326 - INFO - Creating 4294 sequences...
2025-03-08 21:30:53,333 - INFO - Sequence preparation completed. X shape: (4294, 624), y shape: (4294, 6, 1)
2025-03-08 21:30:53,333 - INFO - Sequence preparation took 0.02 seconds
2025-03-08 21:30:53,333 - INFO - Training model for step 1/6
2025-03-08 21:30:59,341 - INFO - Training model for step 2/6
2025-03-08 21:31:05,367 - INFO - Training model for step 3/6
2025-03-08 21:31:11,687 - INFO - Training model for step 4/6
2025-03-08 21:31:18,467 - INFO - Training model for step 5/6
2025-03-08 21:31:24,909 - INFO - Training model for step 6/6
2025-03-08 21:31:31,449 - INFO - Training completed in 38.13 seconds
2025-03-08 21:31:31,449 - INFO - Evaluating predictions for Kalyan
2025-03-08 21:31:31,449 - INFO - Preparing sequences from data with shape: (1081, 4)
2025-03-08 21:31:31,463 - INFO - Creating 1052 sequences...
2025-03-08 21:31:31,465 - INFO - Sequence preparation completed. X shape: (1052, 624), y shape: (1052, 6, 1)
2025-03-08 21:31:31,465 - INFO - Sequence preparation took 0.02 seconds
2025-03-08 21:31:31,481 - INFO - Evaluation completed in 0.03 seconds
2025-03-08 21:31:31,481 - INFO - Evaluation metrics - MAE: 55.55, RMSE: 62.67
2025-03-08 21:31:31,481 - INFO - Generating prediction plots for Kalyan
2025-03-08 21:31:32,250 - INFO - Saved prediction plot to predictions/xgboost_prediction_Kalyan.png
2025-03-08 21:31:32,555 - INFO - Saved error distribution plot to predictions/xgboost_error_distribution_Kalyan.png
2025-03-08 21:31:32,555 - INFO - 
Final Evaluation Results:
2025-03-08 21:31:32,555 - INFO - MAE: 55.55
2025-03-08 21:31:32,555 - INFO - RMSE: 62.67
2025-03-08 21:31:32,555 - INFO - Initializing Gradient Boosting Predictor for Kalyan
2025-03-08 21:31:32,555 - INFO - Sequence length: 24, Prediction horizon: 6
2025-03-08 21:31:32,556 - INFO - Loading cleaned data from cleaned_data/Kalyan_spatial_average.csv
2025-03-08 21:31:32,564 - INFO - Loaded cleaned data with shape: (5404, 4)
2025-03-08 21:31:32,564 - INFO - Features selected: ['PM10', 'RH', 'AT']
2025-03-08 21:31:32,565 - INFO - Starting model training with 4323 samples
2025-03-08 21:31:32,565 - INFO - Preparing sequences from data with shape: (4323, 4)
2025-03-08 21:31:32,572 - INFO - Creating 4294 sequences...
2025-03-08 21:31:32,579 - INFO - Sequence preparation completed. X shape: (4294, 624), y shape: (4294, 6, 1)
2025-03-08 21:31:32,579 - INFO - Sequence preparation took 0.01 seconds
2025-03-08 21:31:32,580 - INFO - Training model for step 1/6
2025-03-08 21:31:38,256 - INFO - Training model for step 2/6
2025-03-08 21:31:44,615 - INFO - Training model for step 3/6
2025-03-08 21:31:50,945 - INFO - Training model for step 4/6
2025-03-08 21:31:58,544 - INFO - Training model for step 5/6
2025-03-08 21:32:05,896 - INFO - Training model for step 6/6
2025-03-08 21:32:14,215 - INFO - Training completed in 41.65 seconds
2025-03-08 21:32:14,216 - INFO - Evaluating predictions for Kalyan
2025-03-08 21:32:14,217 - INFO - Preparing sequences from data with shape: (1081, 4)
2025-03-08 21:32:14,239 - INFO - Creating 1052 sequences...
2025-03-08 21:32:14,242 - INFO - Sequence preparation completed. X shape: (1052, 624), y shape: (1052, 6, 1)
2025-03-08 21:32:14,242 - INFO - Sequence preparation took 0.03 seconds
2025-03-08 21:32:14,265 - INFO - Evaluation completed in 0.05 seconds
2025-03-08 21:32:14,265 - INFO - Evaluation metrics - MAE: 55.55, RMSE: 62.67
2025-03-08 21:32:14,265 - INFO - Generating prediction plots for Kalyan
2025-03-08 21:32:15,057 - INFO - Saved prediction plot to predictions/xgboost_prediction_Kalyan.png
2025-03-08 21:32:15,450 - INFO - Saved error distribution plot to predictions/xgboost_error_distribution_Kalyan.png
2025-03-08 21:32:15,450 - INFO - 
Final Evaluation Results:
2025-03-08 21:32:15,450 - INFO - MAE: 55.55
2025-03-08 21:32:15,450 - INFO - RMSE: 62.67
2025-03-08 21:32:15,450 - INFO - Initializing Gradient Boosting Predictor for Worli
2025-03-08 21:32:15,450 - INFO - Sequence length: 24, Prediction horizon: 6
2025-03-08 21:32:15,452 - INFO - Loading cleaned data from cleaned_data/Worli_spatial_average.csv
2025-03-08 21:32:15,461 - INFO - Loaded cleaned data with shape: (5400, 4)
2025-03-08 21:32:15,461 - INFO - Features selected: ['PM10', 'RH', 'AT']
2025-03-08 21:32:15,461 - INFO - Starting model training with 4320 samples
2025-03-08 21:32:15,461 - INFO - Preparing sequences from data with shape: (4320, 4)
2025-03-08 21:32:15,470 - INFO - Creating 4291 sequences...
2025-03-08 21:32:15,478 - INFO - Sequence preparation completed. X shape: (4291, 624), y shape: (4291, 6, 1)
2025-03-08 21:32:15,478 - INFO - Sequence preparation took 0.02 seconds
2025-03-08 21:32:15,478 - INFO - Training model for step 1/6
2025-03-08 21:32:22,065 - INFO - Training model for step 2/6
2025-03-08 21:32:29,171 - INFO - Training model for step 3/6
2025-03-08 21:32:35,999 - INFO - Training model for step 4/6
2025-03-08 21:32:43,018 - INFO - Training model for step 5/6
2025-03-08 21:32:49,686 - INFO - Training model for step 6/6
2025-03-08 21:32:56,296 - INFO - Training completed in 40.83 seconds
2025-03-08 21:32:56,296 - INFO - Evaluating predictions for Worli
2025-03-08 21:32:56,296 - INFO - Preparing sequences from data with shape: (1080, 4)
2025-03-08 21:32:56,314 - INFO - Creating 1051 sequences...
2025-03-08 21:32:56,317 - INFO - Sequence preparation completed. X shape: (1051, 624), y shape: (1051, 6, 1)
2025-03-08 21:32:56,317 - INFO - Sequence preparation took 0.02 seconds
2025-03-08 21:32:56,335 - INFO - Evaluation completed in 0.04 seconds
2025-03-08 21:32:56,335 - INFO - Evaluation metrics - MAE: 43.76, RMSE: 45.80
2025-03-08 21:32:56,335 - INFO - Generating prediction plots for Worli
2025-03-08 21:32:57,088 - INFO - Saved prediction plot to predictions/xgboost_prediction_Worli.png
2025-03-08 21:32:57,409 - INFO - Saved error distribution plot to predictions/xgboost_error_distribution_Worli.png
2025-03-08 21:32:57,409 - INFO - 
Final Evaluation Results:
2025-03-08 21:32:57,409 - INFO - MAE: 43.76
2025-03-08 21:32:57,409 - INFO - RMSE: 45.80
2025-03-08 21:32:57,409 - INFO - Initializing Gradient Boosting Predictor for Kandivali
2025-03-08 21:32:57,409 - INFO - Sequence length: 24, Prediction horizon: 6
2025-03-08 21:32:57,410 - INFO - Loading cleaned data from cleaned_data/Kandivali_spatial_average.csv
2025-03-08 21:32:57,419 - INFO - Loaded cleaned data with shape: (4776, 4)
2025-03-08 21:32:57,419 - INFO - Features selected: ['PM10', 'RH', 'AT']
2025-03-08 21:32:57,419 - INFO - Starting model training with 3820 samples
2025-03-08 21:32:57,419 - INFO - Preparing sequences from data with shape: (3820, 4)
2025-03-08 21:32:57,427 - INFO - Creating 3791 sequences...
2025-03-08 21:32:57,433 - INFO - Sequence preparation completed. X shape: (3791, 624), y shape: (3791, 6, 1)
2025-03-08 21:32:57,433 - INFO - Sequence preparation took 0.01 seconds
2025-03-08 21:32:57,433 - INFO - Training model for step 1/6
2025-03-08 21:33:02,418 - INFO - Training model for step 2/6
2025-03-08 21:33:08,071 - INFO - Training model for step 3/6
2025-03-08 21:33:13,710 - INFO - Training model for step 4/6
2025-03-08 21:33:19,298 - INFO - Training model for step 5/6
2025-03-08 21:33:24,884 - INFO - Training model for step 6/6
2025-03-08 21:33:30,446 - INFO - Training completed in 33.03 seconds
2025-03-08 21:33:30,447 - INFO - Evaluating predictions for Kandivali
2025-03-08 21:33:30,447 - INFO - Preparing sequences from data with shape: (956, 4)
2025-03-08 21:33:30,463 - INFO - Creating 927 sequences...
2025-03-08 21:33:30,466 - INFO - Sequence preparation completed. X shape: (927, 624), y shape: (927, 6, 1)
2025-03-08 21:33:30,466 - INFO - Sequence preparation took 0.02 seconds
2025-03-08 21:33:30,479 - INFO - Evaluation completed in 0.03 seconds
2025-03-08 21:33:30,479 - INFO - Evaluation metrics - MAE: 29.59, RMSE: 32.83
2025-03-08 21:33:30,479 - INFO - Generating prediction plots for Kandivali
2025-03-08 21:33:31,232 - INFO - Saved prediction plot to predictions/xgboost_prediction_Kandivali.png
2025-03-08 21:33:31,586 - INFO - Saved error distribution plot to predictions/xgboost_error_distribution_Kandivali.png
2025-03-08 21:33:31,586 - INFO - 
Final Evaluation Results:
2025-03-08 21:33:31,586 - INFO - MAE: 29.59
2025-03-08 21:33:31,586 - INFO - RMSE: 32.83
2025-03-08 21:33:31,586 - INFO - Initializing Gradient Boosting Predictor for Nerul
2025-03-08 21:33:31,586 - INFO - Sequence length: 24, Prediction horizon: 6
2025-03-08 21:33:31,587 - INFO - Loading cleaned data from cleaned_data/Nerul_spatial_average.csv
2025-03-08 21:33:31,595 - INFO - Loaded cleaned data with shape: (5280, 4)
2025-03-08 21:33:31,595 - INFO - Features selected: ['PM10', 'RH', 'AT']
2025-03-08 21:33:31,595 - INFO - Starting model training with 4224 samples
2025-03-08 21:33:31,595 - INFO - Preparing sequences from data with shape: (4224, 4)
2025-03-08 21:33:31,603 - INFO - Creating 4195 sequences...
2025-03-08 21:33:31,610 - INFO - Sequence preparation completed. X shape: (4195, 624), y shape: (4195, 6, 1)
2025-03-08 21:33:31,610 - INFO - Sequence preparation took 0.01 seconds
2025-03-08 21:33:31,610 - INFO - Training model for step 1/6
2025-03-08 21:33:36,676 - INFO - Training model for step 2/6
2025-03-08 21:33:42,732 - INFO - Training model for step 3/6
2025-03-08 21:33:48,774 - INFO - Training model for step 4/6
2025-03-08 21:33:55,132 - INFO - Training model for step 5/6
2025-03-08 21:34:01,040 - INFO - Training model for step 6/6
2025-03-08 21:34:07,112 - INFO - Training completed in 35.52 seconds
2025-03-08 21:34:07,112 - INFO - Evaluating predictions for Nerul
2025-03-08 21:34:07,112 - INFO - Preparing sequences from data with shape: (1056, 4)
2025-03-08 21:34:07,130 - INFO - Creating 1027 sequences...
2025-03-08 21:34:07,133 - INFO - Sequence preparation completed. X shape: (1027, 624), y shape: (1027, 6, 1)
2025-03-08 21:34:07,133 - INFO - Sequence preparation took 0.02 seconds
2025-03-08 21:34:07,150 - INFO - Evaluation completed in 0.04 seconds
2025-03-08 21:34:07,150 - INFO - Evaluation metrics - MAE: 56.96, RMSE: 64.86
2025-03-08 21:34:07,150 - INFO - Generating prediction plots for Nerul
2025-03-08 21:34:07,896 - INFO - Saved prediction plot to predictions/xgboost_prediction_Nerul.png
2025-03-08 21:34:08,217 - INFO - Saved error distribution plot to predictions/xgboost_error_distribution_Nerul.png
2025-03-08 21:34:08,217 - INFO - 
Final Evaluation Results:
2025-03-08 21:34:08,217 - INFO - MAE: 56.96
2025-03-08 21:34:08,217 - INFO - RMSE: 64.86
2025-03-08 21:34:08,217 - INFO - Initializing Gradient Boosting Predictor for Mahape
2025-03-08 21:34:08,217 - INFO - Sequence length: 24, Prediction horizon: 6
2025-03-08 21:34:08,219 - INFO - Loading cleaned data from cleaned_data/Mahape_spatial_average.csv
2025-03-08 21:34:08,227 - INFO - Loaded cleaned data with shape: (5295, 4)
2025-03-08 21:34:08,227 - INFO - Features selected: ['PM10', 'RH', 'AT']
2025-03-08 21:34:08,227 - INFO - Starting model training with 4236 samples
2025-03-08 21:34:08,227 - INFO - Preparing sequences from data with shape: (4236, 4)
2025-03-08 21:34:08,236 - INFO - Creating 4207 sequences...
2025-03-08 21:34:08,243 - INFO - Sequence preparation completed. X shape: (4207, 624), y shape: (4207, 6, 1)
2025-03-08 21:34:08,243 - INFO - Sequence preparation took 0.02 seconds
2025-03-08 21:34:08,243 - INFO - Training model for step 1/6
2025-03-08 21:34:13,283 - INFO - Training model for step 2/6
2025-03-08 21:34:19,136 - INFO - Training model for step 3/6
2025-03-08 21:34:25,074 - INFO - Training model for step 4/6
2025-03-08 21:34:31,090 - INFO - Training model for step 5/6
2025-03-08 21:34:37,076 - INFO - Training model for step 6/6
2025-03-08 21:34:43,013 - INFO - Training completed in 34.79 seconds
2025-03-08 21:34:43,014 - INFO - Evaluating predictions for Mahape
2025-03-08 21:34:43,014 - INFO - Preparing sequences from data with shape: (1059, 4)
2025-03-08 21:34:43,031 - INFO - Creating 1030 sequences...
2025-03-08 21:34:43,034 - INFO - Sequence preparation completed. X shape: (1030, 624), y shape: (1030, 6, 1)
2025-03-08 21:34:43,034 - INFO - Sequence preparation took 0.02 seconds
2025-03-08 21:34:43,052 - INFO - Evaluation completed in 0.04 seconds
2025-03-08 21:34:43,052 - INFO - Evaluation metrics - MAE: 41.49, RMSE: 44.75
2025-03-08 21:34:43,053 - INFO - Generating prediction plots for Mahape
2025-03-08 21:34:43,813 - INFO - Saved prediction plot to predictions/xgboost_prediction_Mahape.png
2025-03-08 21:34:44,155 - INFO - Saved error distribution plot to predictions/xgboost_error_distribution_Mahape.png
2025-03-08 21:34:44,156 - INFO - 
Final Evaluation Results:
2025-03-08 21:34:44,156 - INFO - MAE: 41.49
2025-03-08 21:34:44,156 - INFO - RMSE: 44.75
2025-03-08 21:34:44,156 - INFO - Initializing Gradient Boosting Predictor for Kurla
2025-03-08 21:34:44,156 - INFO - Sequence length: 24, Prediction horizon: 6
2025-03-08 21:34:44,157 - INFO - Loading cleaned data from cleaned_data/Kurla_spatial_average.csv
2025-03-08 21:34:44,165 - INFO - Loaded cleaned data with shape: (5400, 4)
2025-03-08 21:34:44,165 - INFO - Features selected: ['PM10', 'RH', 'AT']
2025-03-08 21:34:44,165 - INFO - Starting model training with 4320 samples
2025-03-08 21:34:44,165 - INFO - Preparing sequences from data with shape: (4320, 4)
2025-03-08 21:34:44,173 - INFO - Creating 4291 sequences...
2025-03-08 21:34:44,181 - INFO - Sequence preparation completed. X shape: (4291, 624), y shape: (4291, 6, 1)
2025-03-08 21:34:44,181 - INFO - Sequence preparation took 0.02 seconds
2025-03-08 21:34:44,181 - INFO - Training model for step 1/6
2025-03-08 21:34:50,377 - INFO - Training model for step 2/6
2025-03-08 21:34:57,417 - INFO - Training model for step 3/6
2025-03-08 21:35:04,487 - INFO - Training model for step 4/6
2025-03-08 21:35:11,730 - INFO - Training model for step 5/6
2025-03-08 21:35:19,291 - INFO - Training model for step 6/6
2025-03-08 21:35:26,144 - INFO - Training completed in 41.98 seconds
2025-03-08 21:35:26,144 - INFO - Evaluating predictions for Kurla
2025-03-08 21:35:26,144 - INFO - Preparing sequences from data with shape: (1080, 4)
2025-03-08 21:35:26,160 - INFO - Creating 1051 sequences...
2025-03-08 21:35:26,163 - INFO - Sequence preparation completed. X shape: (1051, 624), y shape: (1051, 6, 1)
2025-03-08 21:35:26,163 - INFO - Sequence preparation took 0.02 seconds
2025-03-08 21:35:26,183 - INFO - Evaluation completed in 0.04 seconds
2025-03-08 21:35:26,184 - INFO - Evaluation metrics - MAE: 49.20, RMSE: 56.74
2025-03-08 21:35:26,184 - INFO - Generating prediction plots for Kurla
2025-03-08 21:35:26,946 - INFO - Saved prediction plot to predictions/xgboost_prediction_Kurla.png
2025-03-08 21:35:27,424 - INFO - Saved error distribution plot to predictions/xgboost_error_distribution_Kurla.png
2025-03-08 21:35:27,424 - INFO - 
Final Evaluation Results:
2025-03-08 21:35:27,424 - INFO - MAE: 49.20
2025-03-08 21:35:27,424 - INFO - RMSE: 56.74
2025-03-08 21:35:27,424 - INFO - Initializing Gradient Boosting Predictor for Mahape
2025-03-08 21:35:27,424 - INFO - Sequence length: 24, Prediction horizon: 6
2025-03-08 21:35:27,425 - INFO - Loading cleaned data from cleaned_data/Mahape_spatial_average.csv
2025-03-08 21:35:27,433 - INFO - Loaded cleaned data with shape: (5295, 4)
2025-03-08 21:35:27,433 - INFO - Features selected: ['PM10', 'RH', 'AT']
2025-03-08 21:35:27,433 - INFO - Starting model training with 4236 samples
2025-03-08 21:35:27,433 - INFO - Preparing sequences from data with shape: (4236, 4)
2025-03-08 21:35:27,441 - INFO - Creating 4207 sequences...
2025-03-08 21:35:27,448 - INFO - Sequence preparation completed. X shape: (4207, 624), y shape: (4207, 6, 1)
2025-03-08 21:35:27,448 - INFO - Sequence preparation took 0.01 seconds
2025-03-08 21:35:27,448 - INFO - Training model for step 1/6
2025-03-08 21:35:32,529 - INFO - Training model for step 2/6
2025-03-08 21:35:38,960 - INFO - Training model for step 3/6
2025-03-08 21:35:45,003 - INFO - Training model for step 4/6
2025-03-08 21:35:50,735 - INFO - Training model for step 5/6
2025-03-08 21:35:56,282 - INFO - Training model for step 6/6
2025-03-08 21:36:01,840 - INFO - Training completed in 34.41 seconds
2025-03-08 21:36:01,841 - INFO - Evaluating predictions for Mahape
2025-03-08 21:36:01,841 - INFO - Preparing sequences from data with shape: (1059, 4)
2025-03-08 21:36:01,859 - INFO - Creating 1030 sequences...
2025-03-08 21:36:01,862 - INFO - Sequence preparation completed. X shape: (1030, 624), y shape: (1030, 6, 1)
2025-03-08 21:36:01,862 - INFO - Sequence preparation took 0.02 seconds
2025-03-08 21:36:01,883 - INFO - Evaluation completed in 0.04 seconds
2025-03-08 21:36:01,883 - INFO - Evaluation metrics - MAE: 41.49, RMSE: 44.75
2025-03-08 21:36:01,883 - INFO - Generating prediction plots for Mahape
2025-03-08 21:36:02,619 - INFO - Saved prediction plot to predictions/xgboost_prediction_Mahape.png
2025-03-08 21:36:02,931 - INFO - Saved error distribution plot to predictions/xgboost_error_distribution_Mahape.png
2025-03-08 21:36:02,931 - INFO - 
Final Evaluation Results:
2025-03-08 21:36:02,931 - INFO - MAE: 41.49
2025-03-08 21:36:02,931 - INFO - RMSE: 44.75
2025-03-08 21:36:02,931 - INFO - Initializing Gradient Boosting Predictor for Kalyan
2025-03-08 21:36:02,931 - INFO - Sequence length: 24, Prediction horizon: 6
2025-03-08 21:36:02,932 - INFO - Loading cleaned data from cleaned_data/Kalyan_spatial_average.csv
2025-03-08 21:36:02,943 - INFO - Loaded cleaned data with shape: (5404, 4)
2025-03-08 21:36:02,943 - INFO - Features selected: ['PM10', 'RH', 'AT']
2025-03-08 21:36:02,943 - INFO - Starting model training with 4323 samples
2025-03-08 21:36:02,943 - INFO - Preparing sequences from data with shape: (4323, 4)
2025-03-08 21:36:02,950 - INFO - Creating 4294 sequences...
2025-03-08 21:36:02,958 - INFO - Sequence preparation completed. X shape: (4294, 624), y shape: (4294, 6, 1)
2025-03-08 21:36:02,958 - INFO - Sequence preparation took 0.02 seconds
2025-03-08 21:36:02,958 - INFO - Training model for step 1/6
2025-03-08 21:36:08,184 - INFO - Training model for step 2/6
2025-03-08 21:36:13,893 - INFO - Training model for step 3/6
2025-03-08 21:36:19,581 - INFO - Training model for step 4/6
2025-03-08 21:36:25,548 - INFO - Training model for step 5/6
2025-03-08 21:36:31,397 - INFO - Training model for step 6/6
2025-03-08 21:36:37,289 - INFO - Training completed in 34.35 seconds
2025-03-08 21:36:37,289 - INFO - Evaluating predictions for Kalyan
2025-03-08 21:36:37,290 - INFO - Preparing sequences from data with shape: (1081, 4)
2025-03-08 21:36:37,301 - INFO - Creating 1052 sequences...
2025-03-08 21:36:37,304 - INFO - Sequence preparation completed. X shape: (1052, 624), y shape: (1052, 6, 1)
2025-03-08 21:36:37,304 - INFO - Sequence preparation took 0.01 seconds
2025-03-08 21:36:37,318 - INFO - Evaluation completed in 0.03 seconds
2025-03-08 21:36:37,318 - INFO - Evaluation metrics - MAE: 55.55, RMSE: 62.67
2025-03-08 21:36:37,318 - INFO - Generating prediction plots for Kalyan
2025-03-08 21:36:37,976 - INFO - Saved prediction plot to predictions/xgboost_prediction_Kalyan.png
2025-03-08 21:36:38,268 - INFO - Saved error distribution plot to predictions/xgboost_error_distribution_Kalyan.png
2025-03-08 21:36:38,268 - INFO - 
Final Evaluation Results:
2025-03-08 21:36:38,268 - INFO - MAE: 55.55
2025-03-08 21:36:38,268 - INFO - RMSE: 62.67
2025-03-08 21:36:38,268 - INFO - Initializing Gradient Boosting Predictor for Mulund
2025-03-08 21:36:38,268 - INFO - Sequence length: 24, Prediction horizon: 6
2025-03-08 21:36:38,269 - INFO - Loading cleaned data from cleaned_data/Mulund_spatial_average.csv
2025-03-08 21:36:38,276 - INFO - Loaded cleaned data with shape: (5400, 4)
2025-03-08 21:36:38,277 - INFO - Features selected: ['PM10', 'RH', 'AT']
2025-03-08 21:36:38,277 - INFO - Starting model training with 4320 samples
2025-03-08 21:36:38,277 - INFO - Preparing sequences from data with shape: (4320, 4)
2025-03-08 21:36:38,283 - INFO - Creating 4291 sequences...
2025-03-08 21:36:38,290 - INFO - Sequence preparation completed. X shape: (4291, 624), y shape: (4291, 6, 1)
2025-03-08 21:36:38,290 - INFO - Sequence preparation took 0.01 seconds
2025-03-08 21:36:38,290 - INFO - Training model for step 1/6
2025-03-08 21:36:42,846 - INFO - Training model for step 2/6
2025-03-08 21:36:47,939 - INFO - Training model for step 3/6
2025-03-08 21:36:52,562 - INFO - Training model for step 4/6
2025-03-08 21:36:57,818 - INFO - Training model for step 5/6
2025-03-08 21:37:03,159 - INFO - Training model for step 6/6
2025-03-08 21:37:08,037 - INFO - Training completed in 29.76 seconds
2025-03-08 21:37:08,037 - INFO - Evaluating predictions for Mulund
2025-03-08 21:37:08,038 - INFO - Preparing sequences from data with shape: (1080, 4)
2025-03-08 21:37:08,052 - INFO - Creating 1051 sequences...
2025-03-08 21:37:08,055 - INFO - Sequence preparation completed. X shape: (1051, 624), y shape: (1051, 6, 1)
2025-03-08 21:37:08,055 - INFO - Sequence preparation took 0.02 seconds
2025-03-08 21:37:08,069 - INFO - Evaluation completed in 0.03 seconds
2025-03-08 21:37:08,069 - INFO - Evaluation metrics - MAE: 36.77, RMSE: 40.14
2025-03-08 21:37:08,070 - INFO - Generating prediction plots for Mulund
2025-03-08 21:37:08,730 - INFO - Saved prediction plot to predictions/xgboost_prediction_Mulund.png
2025-03-08 21:37:09,011 - INFO - Saved error distribution plot to predictions/xgboost_error_distribution_Mulund.png
2025-03-08 21:37:09,011 - INFO - 
Final Evaluation Results:
2025-03-08 21:37:09,011 - INFO - MAE: 36.77
2025-03-08 21:37:09,011 - INFO - RMSE: 40.14
2025-03-08 21:37:09,011 - INFO - Initializing Gradient Boosting Predictor for Mahape
2025-03-08 21:37:09,011 - INFO - Sequence length: 24, Prediction horizon: 6
2025-03-08 21:37:09,012 - INFO - Loading cleaned data from cleaned_data/Mahape_spatial_average.csv
2025-03-08 21:37:09,019 - INFO - Loaded cleaned data with shape: (5295, 4)
2025-03-08 21:37:09,019 - INFO - Features selected: ['PM10', 'RH', 'AT']
2025-03-08 21:37:09,019 - INFO - Starting model training with 4236 samples
2025-03-08 21:37:09,019 - INFO - Preparing sequences from data with shape: (4236, 4)
2025-03-08 21:37:09,025 - INFO - Creating 4207 sequences...
2025-03-08 21:37:09,032 - INFO - Sequence preparation completed. X shape: (4207, 624), y shape: (4207, 6, 1)
2025-03-08 21:37:09,032 - INFO - Sequence preparation took 0.01 seconds
2025-03-08 21:37:09,032 - INFO - Training model for step 1/6
2025-03-08 21:37:13,030 - INFO - Training model for step 2/6
2025-03-08 21:37:46,823 - INFO - Starting XGBoost predictor main execution
2025-03-08 21:37:46,824 - INFO - Initializing Gradient Boosting Predictor for Sion
2025-03-08 21:37:46,824 - INFO - Sequence length: 24, Prediction horizon: 6
2025-03-08 21:37:46,824 - INFO - Loading cleaned data from cleaned_data/Sion_spatial_average.csv
2025-03-08 21:37:46,849 - INFO - Loaded cleaned data with shape: (5280, 4)
2025-03-08 21:37:46,850 - INFO - Features selected: ['PM10', 'RH', 'AT']
2025-03-08 21:37:46,850 - INFO - Starting model training with 4224 samples
2025-03-08 21:37:46,850 - INFO - Preparing sequences from data with shape: (4224, 4)
2025-03-08 21:37:46,858 - INFO - Creating 4195 sequences...
2025-03-08 21:37:46,864 - INFO - Sequence preparation completed. X shape: (4195, 624), y shape: (4195, 6, 1)
2025-03-08 21:37:46,864 - INFO - Sequence preparation took 0.01 seconds
2025-03-08 21:37:46,864 - INFO - Training model for step 1/6
2025-03-08 21:37:51,048 - INFO - Training model for step 2/6
2025-03-08 21:37:56,087 - INFO - Training model for step 3/6
2025-03-08 21:38:01,433 - INFO - Training model for step 4/6
2025-03-08 21:38:06,563 - INFO - Training model for step 5/6
2025-03-08 21:38:11,955 - INFO - Training model for step 6/6
2025-03-08 21:38:17,406 - INFO - Training completed in 30.56 seconds
2025-03-08 21:38:17,408 - INFO - Evaluating predictions for Sion
2025-03-08 21:38:17,410 - INFO - Preparing sequences from data with shape: (1056, 4)
2025-03-08 21:38:17,440 - INFO - Creating 1027 sequences...
2025-03-08 21:38:17,442 - INFO - Sequence preparation completed. X shape: (1027, 624), y shape: (1027, 6, 1)
2025-03-08 21:38:17,442 - INFO - Sequence preparation took 0.03 seconds
2025-03-08 21:38:17,456 - INFO - Evaluation completed in 0.05 seconds
2025-03-08 21:38:17,456 - INFO - Evaluation metrics - MAE: 36.59, RMSE: 38.69
2025-03-08 21:38:17,459 - INFO - Generating prediction plots for Sion
2025-03-08 21:38:18,299 - INFO - Saved prediction plot to predictions/xgboost_prediction_Sion.png
2025-03-08 21:38:18,555 - INFO - Saved error distribution plot to predictions/xgboost_error_distribution_Sion.png
2025-03-08 21:38:18,556 - INFO - 
Final Evaluation Results:
2025-03-08 21:38:18,556 - INFO - MAE: 36.59
2025-03-08 21:38:18,556 - INFO - RMSE: 38.69
2025-03-08 21:38:18,556 - INFO - Initializing Gradient Boosting Predictor for Nerul
2025-03-08 21:38:18,556 - INFO - Sequence length: 24, Prediction horizon: 6
2025-03-08 21:38:18,556 - INFO - Loading cleaned data from cleaned_data/Nerul_spatial_average.csv
2025-03-08 21:38:18,568 - INFO - Loaded cleaned data with shape: (5280, 4)
2025-03-08 21:38:18,568 - INFO - Features selected: ['PM10', 'RH', 'AT']
2025-03-08 21:38:18,568 - INFO - Starting model training with 4224 samples
2025-03-08 21:38:18,568 - INFO - Preparing sequences from data with shape: (4224, 4)
2025-03-08 21:38:18,575 - INFO - Creating 4195 sequences...
2025-03-08 21:38:18,582 - INFO - Sequence preparation completed. X shape: (4195, 624), y shape: (4195, 6, 1)
2025-03-08 21:38:18,582 - INFO - Sequence preparation took 0.01 seconds
2025-03-08 21:38:18,582 - INFO - Training model for step 1/6
2025-03-08 21:38:23,250 - INFO - Training model for step 2/6
2025-03-08 21:38:29,161 - INFO - Training model for step 3/6
2025-03-08 21:38:36,100 - INFO - Training model for step 4/6
2025-03-08 21:38:43,742 - INFO - Training model for step 5/6
2025-03-08 21:38:51,769 - INFO - Training model for step 6/6
2025-03-08 21:39:00,144 - INFO - Training completed in 41.58 seconds
2025-03-08 21:39:00,145 - INFO - Evaluating predictions for Nerul
2025-03-08 21:39:00,146 - INFO - Preparing sequences from data with shape: (1056, 4)
2025-03-08 21:39:00,164 - INFO - Creating 1027 sequences...
2025-03-08 21:39:00,167 - INFO - Sequence preparation completed. X shape: (1027, 624), y shape: (1027, 6, 1)
2025-03-08 21:39:00,167 - INFO - Sequence preparation took 0.02 seconds
2025-03-08 21:39:00,193 - INFO - Evaluation completed in 0.05 seconds
2025-03-08 21:39:00,194 - INFO - Evaluation metrics - MAE: 56.96, RMSE: 64.86
2025-03-08 21:39:00,194 - INFO - Generating prediction plots for Nerul
2025-03-08 21:39:01,043 - INFO - Saved prediction plot to predictions/xgboost_prediction_Nerul.png
2025-03-08 21:39:01,428 - INFO - Saved error distribution plot to predictions/xgboost_error_distribution_Nerul.png
2025-03-08 21:39:01,428 - INFO - 
Final Evaluation Results:
2025-03-08 21:39:01,429 - INFO - MAE: 56.96
2025-03-08 21:39:01,429 - INFO - RMSE: 64.86
2025-03-08 21:39:01,429 - INFO - Initializing Gradient Boosting Predictor for Powai
2025-03-08 21:39:01,429 - INFO - Sequence length: 24, Prediction horizon: 6
2025-03-08 21:39:01,430 - INFO - Loading cleaned data from cleaned_data/Powai_spatial_average.csv
2025-03-08 21:39:01,441 - INFO - Loaded cleaned data with shape: (5400, 4)
2025-03-08 21:39:01,441 - INFO - Features selected: ['PM10', 'RH', 'AT']
2025-03-08 21:39:01,441 - INFO - Starting model training with 4320 samples
2025-03-08 21:39:01,441 - INFO - Preparing sequences from data with shape: (4320, 4)
2025-03-08 21:39:01,451 - INFO - Creating 4291 sequences...
2025-03-08 21:39:01,460 - INFO - Sequence preparation completed. X shape: (4291, 624), y shape: (4291, 6, 1)
2025-03-08 21:39:01,460 - INFO - Sequence preparation took 0.02 seconds
2025-03-08 21:39:01,460 - INFO - Training model for step 1/6
2025-03-08 21:39:09,660 - INFO - Training model for step 2/6
2025-03-08 21:39:19,019 - INFO - Training model for step 3/6
2025-03-08 21:39:27,065 - INFO - Training model for step 4/6
2025-03-08 21:39:34,578 - INFO - Training model for step 5/6
2025-03-08 21:39:41,752 - INFO - Training model for step 6/6
2025-03-08 21:39:48,653 - INFO - Training completed in 47.21 seconds
2025-03-08 21:39:48,654 - INFO - Evaluating predictions for Powai
2025-03-08 21:39:48,654 - INFO - Preparing sequences from data with shape: (1080, 4)
2025-03-08 21:39:48,674 - INFO - Creating 1051 sequences...
2025-03-08 21:39:48,677 - INFO - Sequence preparation completed. X shape: (1051, 624), y shape: (1051, 6, 1)
2025-03-08 21:39:48,678 - INFO - Sequence preparation took 0.02 seconds
2025-03-08 21:39:48,696 - INFO - Evaluation completed in 0.04 seconds
2025-03-08 21:39:48,696 - INFO - Evaluation metrics - MAE: 35.76, RMSE: 38.10
2025-03-08 21:39:48,697 - INFO - Generating prediction plots for Powai
2025-03-08 21:39:49,457 - INFO - Saved prediction plot to predictions/xgboost_prediction_Powai.png
2025-03-08 21:39:49,887 - INFO - Saved error distribution plot to predictions/xgboost_error_distribution_Powai.png
2025-03-08 21:39:49,888 - INFO - 
Final Evaluation Results:
2025-03-08 21:39:49,888 - INFO - MAE: 35.76
2025-03-08 21:39:49,888 - INFO - RMSE: 38.10
2025-03-08 21:39:49,888 - INFO - Initializing Gradient Boosting Predictor for Airport
2025-03-08 21:39:49,888 - INFO - Sequence length: 24, Prediction horizon: 6
2025-03-08 21:39:49,889 - INFO - Loading cleaned data from cleaned_data/Airport_spatial_average.csv
2025-03-08 21:39:49,897 - INFO - Loaded cleaned data with shape: (5280, 4)
2025-03-08 21:39:49,897 - INFO - Features selected: ['PM10', 'RH', 'AT']
2025-03-08 21:39:49,897 - INFO - Starting model training with 4224 samples
2025-03-08 21:39:49,897 - INFO - Preparing sequences from data with shape: (4224, 4)
2025-03-08 21:39:49,905 - INFO - Creating 4195 sequences...
2025-03-08 21:39:49,912 - INFO - Sequence preparation completed. X shape: (4195, 624), y shape: (4195, 6, 1)
2025-03-08 21:39:49,912 - INFO - Sequence preparation took 0.02 seconds
2025-03-08 21:39:49,913 - INFO - Training model for step 1/6
2025-03-08 21:39:56,493 - INFO - Training model for step 2/6
2025-03-08 21:40:08,662 - INFO - Training model for step 3/6
2025-03-08 21:40:16,751 - INFO - Training model for step 4/6
2025-03-08 21:40:24,566 - INFO - Training model for step 5/6
2025-03-08 21:40:32,296 - INFO - Training model for step 6/6
2025-03-08 21:40:39,981 - INFO - Training completed in 50.08 seconds
2025-03-08 21:40:39,981 - INFO - Evaluating predictions for Airport
2025-03-08 21:40:39,981 - INFO - Preparing sequences from data with shape: (1056, 4)
2025-03-08 21:40:39,999 - INFO - Creating 1027 sequences...
2025-03-08 21:40:40,002 - INFO - Sequence preparation completed. X shape: (1027, 624), y shape: (1027, 6, 1)
2025-03-08 21:40:40,002 - INFO - Sequence preparation took 0.02 seconds
2025-03-08 21:40:40,020 - INFO - Evaluation completed in 0.04 seconds
2025-03-08 21:40:40,020 - INFO - Evaluation metrics - MAE: 15.39, RMSE: 17.48
2025-03-08 21:40:40,021 - INFO - Generating prediction plots for Airport
2025-03-08 21:40:40,852 - INFO - Saved prediction plot to predictions/xgboost_prediction_Airport.png
2025-03-08 21:40:41,254 - INFO - Saved error distribution plot to predictions/xgboost_error_distribution_Airport.png
2025-03-08 21:40:41,255 - INFO - 
Final Evaluation Results:
2025-03-08 21:40:41,255 - INFO - MAE: 15.39
2025-03-08 21:40:41,255 - INFO - RMSE: 17.48
2025-03-08 21:40:41,255 - INFO - Initializing Gradient Boosting Predictor for Powai
2025-03-08 21:40:41,255 - INFO - Sequence length: 24, Prediction horizon: 6
2025-03-08 21:40:41,256 - INFO - Loading cleaned data from cleaned_data/Powai_spatial_average.csv
2025-03-08 21:40:41,271 - INFO - Loaded cleaned data with shape: (5400, 4)
2025-03-08 21:40:41,271 - INFO - Features selected: ['PM10', 'RH', 'AT']
2025-03-08 21:40:41,271 - INFO - Starting model training with 4320 samples
2025-03-08 21:40:41,271 - INFO - Preparing sequences from data with shape: (4320, 4)
2025-03-08 21:40:41,281 - INFO - Creating 4291 sequences...
2025-03-08 21:40:41,290 - INFO - Sequence preparation completed. X shape: (4291, 624), y shape: (4291, 6, 1)
2025-03-08 21:40:41,290 - INFO - Sequence preparation took 0.02 seconds
2025-03-08 21:40:41,291 - INFO - Training model for step 1/6
2025-03-08 21:40:47,981 - INFO - Training model for step 2/6
2025-03-08 21:40:55,189 - INFO - Training model for step 3/6
2025-03-08 21:41:02,401 - INFO - Training model for step 4/6
2025-03-08 21:41:09,286 - INFO - Training model for step 5/6
2025-03-08 21:41:16,228 - INFO - Training model for step 6/6
2025-03-08 21:41:23,030 - INFO - Training completed in 41.76 seconds
2025-03-08 21:41:23,030 - INFO - Evaluating predictions for Powai
2025-03-08 21:41:23,030 - INFO - Preparing sequences from data with shape: (1080, 4)
2025-03-08 21:41:23,046 - INFO - Creating 1051 sequences...
2025-03-08 21:41:23,049 - INFO - Sequence preparation completed. X shape: (1051, 624), y shape: (1051, 6, 1)
2025-03-08 21:41:23,049 - INFO - Sequence preparation took 0.02 seconds
2025-03-08 21:41:23,075 - INFO - Evaluation completed in 0.04 seconds
2025-03-08 21:41:23,075 - INFO - Evaluation metrics - MAE: 35.76, RMSE: 38.10
2025-03-08 21:41:23,076 - INFO - Generating prediction plots for Powai
2025-03-08 21:41:23,828 - INFO - Saved prediction plot to predictions/xgboost_prediction_Powai.png
2025-03-08 21:41:24,162 - INFO - Saved error distribution plot to predictions/xgboost_error_distribution_Powai.png
2025-03-08 21:41:24,162 - INFO - 
Final Evaluation Results:
2025-03-08 21:41:24,162 - INFO - MAE: 35.76
2025-03-08 21:41:24,162 - INFO - RMSE: 38.10
2025-03-08 21:41:24,162 - INFO - Initializing Gradient Boosting Predictor for Kandivali
2025-03-08 21:41:24,162 - INFO - Sequence length: 24, Prediction horizon: 6
2025-03-08 21:41:24,163 - INFO - Loading cleaned data from cleaned_data/Kandivali_spatial_average.csv
2025-03-08 21:41:24,173 - INFO - Loaded cleaned data with shape: (4776, 4)
2025-03-08 21:41:24,173 - INFO - Features selected: ['PM10', 'RH', 'AT']
2025-03-08 21:41:24,173 - INFO - Starting model training with 3820 samples
2025-03-08 21:41:24,173 - INFO - Preparing sequences from data with shape: (3820, 4)
2025-03-08 21:41:24,181 - INFO - Creating 3791 sequences...
2025-03-08 21:41:24,187 - INFO - Sequence preparation completed. X shape: (3791, 624), y shape: (3791, 6, 1)
2025-03-08 21:41:24,187 - INFO - Sequence preparation took 0.01 seconds
2025-03-08 21:41:24,187 - INFO - Training model for step 1/6
2025-03-08 21:41:29,706 - INFO - Training model for step 2/6
2025-03-08 21:41:35,535 - INFO - Training model for step 3/6
2025-03-08 21:41:41,205 - INFO - Training model for step 4/6
2025-03-08 21:41:47,032 - INFO - Training model for step 5/6
2025-03-08 21:41:52,821 - INFO - Training model for step 6/6
2025-03-08 21:41:58,544 - INFO - Training completed in 34.37 seconds
2025-03-08 21:41:58,544 - INFO - Evaluating predictions for Kandivali
2025-03-08 21:41:58,545 - INFO - Preparing sequences from data with shape: (956, 4)
2025-03-08 21:41:58,562 - INFO - Creating 927 sequences...
2025-03-08 21:41:58,565 - INFO - Sequence preparation completed. X shape: (927, 624), y shape: (927, 6, 1)
2025-03-08 21:41:58,565 - INFO - Sequence preparation took 0.02 seconds
2025-03-08 21:41:58,577 - INFO - Evaluation completed in 0.03 seconds
2025-03-08 21:41:58,577 - INFO - Evaluation metrics - MAE: 29.59, RMSE: 32.83
2025-03-08 21:41:58,577 - INFO - Generating prediction plots for Kandivali
2025-03-08 21:41:59,335 - INFO - Saved prediction plot to predictions/xgboost_prediction_Kandivali.png
2025-03-08 21:41:59,654 - INFO - Saved error distribution plot to predictions/xgboost_error_distribution_Kandivali.png
2025-03-08 21:41:59,654 - INFO - 
Final Evaluation Results:
2025-03-08 21:41:59,654 - INFO - MAE: 29.59
2025-03-08 21:41:59,654 - INFO - RMSE: 32.83
2025-03-08 21:41:59,654 - INFO - Initializing Gradient Boosting Predictor for Nerul
2025-03-08 21:41:59,654 - INFO - Sequence length: 24, Prediction horizon: 6
2025-03-08 21:41:59,655 - INFO - Loading cleaned data from cleaned_data/Nerul_spatial_average.csv
2025-03-08 21:41:59,663 - INFO - Loaded cleaned data with shape: (5280, 4)
2025-03-08 21:41:59,663 - INFO - Features selected: ['PM10', 'RH', 'AT']
2025-03-08 21:41:59,663 - INFO - Starting model training with 4224 samples
2025-03-08 21:41:59,663 - INFO - Preparing sequences from data with shape: (4224, 4)
2025-03-08 21:41:59,671 - INFO - Creating 4195 sequences...
2025-03-08 21:41:59,678 - INFO - Sequence preparation completed. X shape: (4195, 624), y shape: (4195, 6, 1)
2025-03-08 21:41:59,678 - INFO - Sequence preparation took 0.01 seconds
2025-03-08 21:41:59,678 - INFO - Training model for step 1/6
2025-03-08 21:42:05,226 - INFO - Training model for step 2/6
2025-03-08 21:42:11,256 - INFO - Training model for step 3/6
2025-03-08 21:42:22,872 - INFO - Training model for step 4/6
2025-03-08 21:42:30,671 - INFO - Training model for step 5/6
2025-03-08 21:42:37,336 - INFO - Training model for step 6/6
2025-03-08 21:42:43,672 - INFO - Training completed in 44.01 seconds
2025-03-08 21:42:43,672 - INFO - Evaluating predictions for Nerul
2025-03-08 21:42:43,672 - INFO - Preparing sequences from data with shape: (1056, 4)
2025-03-08 21:42:43,689 - INFO - Creating 1027 sequences...
2025-03-08 21:42:43,692 - INFO - Sequence preparation completed. X shape: (1027, 624), y shape: (1027, 6, 1)
2025-03-08 21:42:43,692 - INFO - Sequence preparation took 0.02 seconds
2025-03-08 21:42:43,712 - INFO - Evaluation completed in 0.04 seconds
2025-03-08 21:42:43,712 - INFO - Evaluation metrics - MAE: 56.96, RMSE: 64.86
2025-03-08 21:42:43,713 - INFO - Generating prediction plots for Nerul
2025-03-08 21:42:44,507 - INFO - Saved prediction plot to predictions/xgboost_prediction_Nerul.png
2025-03-08 21:42:44,840 - INFO - Saved error distribution plot to predictions/xgboost_error_distribution_Nerul.png
2025-03-08 21:42:44,841 - INFO - 
Final Evaluation Results:
2025-03-08 21:42:44,841 - INFO - MAE: 56.96
2025-03-08 21:42:44,841 - INFO - RMSE: 64.86
2025-03-08 21:42:44,841 - INFO - Initializing Gradient Boosting Predictor for Kurla
2025-03-08 21:42:44,841 - INFO - Sequence length: 24, Prediction horizon: 6
2025-03-08 21:42:44,842 - INFO - Loading cleaned data from cleaned_data/Kurla_spatial_average.csv
2025-03-08 21:42:44,852 - INFO - Loaded cleaned data with shape: (5400, 4)
2025-03-08 21:42:44,852 - INFO - Features selected: ['PM10', 'RH', 'AT']
2025-03-08 21:42:44,852 - INFO - Starting model training with 4320 samples
2025-03-08 21:42:44,852 - INFO - Preparing sequences from data with shape: (4320, 4)
2025-03-08 21:42:44,861 - INFO - Creating 4291 sequences...
2025-03-08 21:42:44,869 - INFO - Sequence preparation completed. X shape: (4291, 624), y shape: (4291, 6, 1)
2025-03-08 21:42:44,869 - INFO - Sequence preparation took 0.02 seconds
2025-03-08 21:42:44,870 - INFO - Training model for step 1/6
2025-03-08 21:42:51,051 - INFO - Training model for step 2/6
2025-03-08 21:42:57,741 - INFO - Training model for step 3/6
2025-03-08 21:43:04,300 - INFO - Training model for step 4/6
2025-03-08 21:43:10,240 - INFO - Training model for step 5/6
2025-03-08 21:43:16,075 - INFO - Training model for step 6/6
2025-03-08 21:43:21,725 - INFO - Training completed in 36.87 seconds
2025-03-08 21:43:21,725 - INFO - Evaluating predictions for Kurla
2025-03-08 21:43:21,725 - INFO - Preparing sequences from data with shape: (1080, 4)
2025-03-08 21:43:21,736 - INFO - Creating 1051 sequences...
2025-03-08 21:43:21,738 - INFO - Sequence preparation completed. X shape: (1051, 624), y shape: (1051, 6, 1)
2025-03-08 21:43:21,738 - INFO - Sequence preparation took 0.01 seconds
2025-03-08 21:43:21,753 - INFO - Evaluation completed in 0.03 seconds
2025-03-08 21:43:21,754 - INFO - Evaluation metrics - MAE: 49.20, RMSE: 56.74
2025-03-08 21:43:21,754 - INFO - Generating prediction plots for Kurla
2025-03-08 21:43:22,449 - INFO - Saved prediction plot to predictions/xgboost_prediction_Kurla.png
2025-03-08 21:43:22,864 - INFO - Saved error distribution plot to predictions/xgboost_error_distribution_Kurla.png
2025-03-08 21:43:22,865 - INFO - 
Final Evaluation Results:
2025-03-08 21:43:22,865 - INFO - MAE: 49.20
2025-03-08 21:43:22,865 - INFO - RMSE: 56.74
2025-03-08 21:43:22,865 - INFO - Initializing Gradient Boosting Predictor for Vileparle
2025-03-08 21:43:22,865 - INFO - Sequence length: 24, Prediction horizon: 6
2025-03-08 21:43:22,866 - INFO - Loading cleaned data from cleaned_data/Vileparle_spatial_average.csv
2025-03-08 21:43:22,873 - INFO - Loaded cleaned data with shape: (5280, 4)
2025-03-08 21:43:22,873 - INFO - Features selected: ['PM10', 'RH', 'AT']
2025-03-08 21:43:22,873 - INFO - Starting model training with 4224 samples
2025-03-08 21:43:22,873 - INFO - Preparing sequences from data with shape: (4224, 4)
2025-03-08 21:43:22,880 - INFO - Creating 4195 sequences...
2025-03-08 21:43:22,887 - INFO - Sequence preparation completed. X shape: (4195, 624), y shape: (4195, 6, 1)
2025-03-08 21:43:22,887 - INFO - Sequence preparation took 0.01 seconds
2025-03-08 21:43:22,887 - INFO - Training model for step 1/6
2025-03-08 21:43:27,549 - INFO - Training model for step 2/6
2025-03-08 21:43:33,369 - INFO - Training model for step 3/6
2025-03-08 21:43:39,939 - INFO - Training model for step 4/6
2025-03-08 21:43:45,607 - INFO - Training model for step 5/6
2025-03-08 21:43:51,160 - INFO - Training model for step 6/6
2025-03-08 21:43:57,198 - INFO - Training completed in 34.32 seconds
2025-03-08 21:43:57,198 - INFO - Evaluating predictions for Vileparle
2025-03-08 21:43:57,199 - INFO - Preparing sequences from data with shape: (1056, 4)
2025-03-08 21:43:57,214 - INFO - Creating 1027 sequences...
2025-03-08 21:43:57,217 - INFO - Sequence preparation completed. X shape: (1027, 624), y shape: (1027, 6, 1)
2025-03-08 21:43:57,217 - INFO - Sequence preparation took 0.02 seconds
2025-03-08 21:43:57,240 - INFO - Evaluation completed in 0.04 seconds
2025-03-08 21:43:57,240 - INFO - Evaluation metrics - MAE: 34.02, RMSE: 38.37
2025-03-08 21:43:57,241 - INFO - Generating prediction plots for Vileparle
2025-03-08 21:43:57,934 - INFO - Saved prediction plot to predictions/xgboost_prediction_Vileparle.png
2025-03-08 21:43:58,236 - INFO - Saved error distribution plot to predictions/xgboost_error_distribution_Vileparle.png
2025-03-08 21:43:58,236 - INFO - 
Final Evaluation Results:
2025-03-08 21:43:58,236 - INFO - MAE: 34.02
2025-03-08 21:43:58,236 - INFO - RMSE: 38.37
2025-03-08 21:43:58,236 - INFO - Initializing Gradient Boosting Predictor for Kalyan
2025-03-08 21:43:58,236 - INFO - Sequence length: 24, Prediction horizon: 6
2025-03-08 21:43:58,238 - INFO - Loading cleaned data from cleaned_data/Kalyan_spatial_average.csv
2025-03-08 21:43:58,247 - INFO - Loaded cleaned data with shape: (5404, 4)
2025-03-08 21:43:58,247 - INFO - Features selected: ['PM10', 'RH', 'AT']
2025-03-08 21:43:58,248 - INFO - Starting model training with 4323 samples
2025-03-08 21:43:58,248 - INFO - Preparing sequences from data with shape: (4323, 4)
2025-03-08 21:43:58,256 - INFO - Creating 4294 sequences...
2025-03-08 21:43:58,264 - INFO - Sequence preparation completed. X shape: (4294, 624), y shape: (4294, 6, 1)
2025-03-08 21:43:58,264 - INFO - Sequence preparation took 0.02 seconds
2025-03-08 21:43:58,264 - INFO - Training model for step 1/6
2025-03-08 21:44:03,983 - INFO - Training model for step 2/6
2025-03-08 21:44:10,522 - INFO - Training model for step 3/6
2025-03-08 21:44:17,185 - INFO - Training model for step 4/6
2025-03-08 21:44:24,143 - INFO - Training model for step 5/6
2025-03-08 21:44:31,258 - INFO - Training model for step 6/6
2025-03-08 21:44:38,476 - INFO - Training completed in 40.23 seconds
2025-03-08 21:44:38,476 - INFO - Evaluating predictions for Kalyan
2025-03-08 21:44:38,476 - INFO - Preparing sequences from data with shape: (1081, 4)
2025-03-08 21:44:38,493 - INFO - Creating 1052 sequences...
2025-03-08 21:44:38,497 - INFO - Sequence preparation completed. X shape: (1052, 624), y shape: (1052, 6, 1)
2025-03-08 21:44:38,497 - INFO - Sequence preparation took 0.02 seconds
2025-03-08 21:44:38,523 - INFO - Evaluation completed in 0.05 seconds
2025-03-08 21:44:38,523 - INFO - Evaluation metrics - MAE: 55.55, RMSE: 62.67
2025-03-08 21:44:38,524 - INFO - Generating prediction plots for Kalyan
2025-03-08 21:44:39,390 - INFO - Saved prediction plot to predictions/xgboost_prediction_Kalyan.png
2025-03-08 21:44:39,742 - INFO - Saved error distribution plot to predictions/xgboost_error_distribution_Kalyan.png
2025-03-08 21:44:39,743 - INFO - 
Final Evaluation Results:
2025-03-08 21:44:39,743 - INFO - MAE: 55.55
2025-03-08 21:44:39,743 - INFO - RMSE: 62.67
2025-03-08 21:44:39,743 - INFO - Initializing Gradient Boosting Predictor for Kalyan
2025-03-08 21:44:39,743 - INFO - Sequence length: 24, Prediction horizon: 6
2025-03-08 21:44:39,744 - INFO - Loading cleaned data from cleaned_data/Kalyan_spatial_average.csv
2025-03-08 21:44:39,752 - INFO - Loaded cleaned data with shape: (5404, 4)
2025-03-08 21:44:39,752 - INFO - Features selected: ['PM10', 'RH', 'AT']
2025-03-08 21:44:39,753 - INFO - Starting model training with 4323 samples
2025-03-08 21:44:39,753 - INFO - Preparing sequences from data with shape: (4323, 4)
2025-03-08 21:44:39,761 - INFO - Creating 4294 sequences...
2025-03-08 21:44:39,769 - INFO - Sequence preparation completed. X shape: (4294, 624), y shape: (4294, 6, 1)
2025-03-08 21:44:39,769 - INFO - Sequence preparation took 0.02 seconds
2025-03-08 21:44:39,769 - INFO - Training model for step 1/6
2025-03-08 21:44:45,933 - INFO - Training model for step 2/6
2025-03-08 21:44:53,362 - INFO - Training model for step 3/6
2025-03-08 21:45:00,721 - INFO - Training model for step 4/6
2025-03-08 21:45:08,158 - INFO - Training model for step 5/6
2025-03-08 21:45:15,625 - INFO - Training model for step 6/6
2025-03-08 21:45:23,118 - INFO - Training completed in 43.37 seconds
2025-03-08 21:45:23,118 - INFO - Evaluating predictions for Kalyan
2025-03-08 21:45:23,119 - INFO - Preparing sequences from data with shape: (1081, 4)
2025-03-08 21:45:23,137 - INFO - Creating 1052 sequences...
2025-03-08 21:45:23,140 - INFO - Sequence preparation completed. X shape: (1052, 624), y shape: (1052, 6, 1)
2025-03-08 21:45:23,140 - INFO - Sequence preparation took 0.02 seconds
2025-03-08 21:45:23,163 - INFO - Evaluation completed in 0.04 seconds
2025-03-08 21:45:23,163 - INFO - Evaluation metrics - MAE: 55.55, RMSE: 62.67
2025-03-08 21:45:23,164 - INFO - Generating prediction plots for Kalyan
2025-03-08 21:45:23,954 - INFO - Saved prediction plot to predictions/xgboost_prediction_Kalyan.png
2025-03-08 21:45:24,321 - INFO - Saved error distribution plot to predictions/xgboost_error_distribution_Kalyan.png
2025-03-08 21:45:24,321 - INFO - 
Final Evaluation Results:
2025-03-08 21:45:24,321 - INFO - MAE: 55.55
2025-03-08 21:45:24,321 - INFO - RMSE: 62.67
2025-03-08 21:45:24,321 - INFO - Initializing Gradient Boosting Predictor for Worli
2025-03-08 21:45:24,321 - INFO - Sequence length: 24, Prediction horizon: 6
2025-03-08 21:45:24,322 - INFO - Loading cleaned data from cleaned_data/Worli_spatial_average.csv
2025-03-08 21:45:24,337 - INFO - Loaded cleaned data with shape: (5400, 4)
2025-03-08 21:45:24,337 - INFO - Features selected: ['PM10', 'RH', 'AT']
2025-03-08 21:45:24,337 - INFO - Starting model training with 4320 samples
2025-03-08 21:45:24,337 - INFO - Preparing sequences from data with shape: (4320, 4)
2025-03-08 21:45:24,346 - INFO - Creating 4291 sequences...
2025-03-08 21:45:24,355 - INFO - Sequence preparation completed. X shape: (4291, 624), y shape: (4291, 6, 1)
2025-03-08 21:45:24,355 - INFO - Sequence preparation took 0.02 seconds
2025-03-08 21:45:24,355 - INFO - Training model for step 1/6
2025-03-08 21:45:30,767 - INFO - Training model for step 2/6
2025-03-08 21:45:37,810 - INFO - Training model for step 3/6
2025-03-08 21:45:44,782 - INFO - Training model for step 4/6
2025-03-08 21:45:51,965 - INFO - Training model for step 5/6
2025-03-08 21:45:59,370 - INFO - Training model for step 6/6
2025-03-08 21:46:06,588 - INFO - Training completed in 42.25 seconds
2025-03-08 21:46:06,588 - INFO - Evaluating predictions for Worli
2025-03-08 21:46:06,589 - INFO - Preparing sequences from data with shape: (1080, 4)
2025-03-08 21:46:06,609 - INFO - Creating 1051 sequences...
2025-03-08 21:46:06,612 - INFO - Sequence preparation completed. X shape: (1051, 624), y shape: (1051, 6, 1)
2025-03-08 21:46:06,612 - INFO - Sequence preparation took 0.02 seconds
2025-03-08 21:46:06,636 - INFO - Evaluation completed in 0.05 seconds
2025-03-08 21:46:06,636 - INFO - Evaluation metrics - MAE: 43.76, RMSE: 45.80
2025-03-08 21:46:06,637 - INFO - Generating prediction plots for Worli
2025-03-08 21:46:07,413 - INFO - Saved prediction plot to predictions/xgboost_prediction_Worli.png
2025-03-08 21:46:07,749 - INFO - Saved error distribution plot to predictions/xgboost_error_distribution_Worli.png
2025-03-08 21:46:07,751 - INFO - 
Final Evaluation Results:
2025-03-08 21:46:07,751 - INFO - MAE: 43.76
2025-03-08 21:46:07,751 - INFO - RMSE: 45.80
2025-03-08 21:46:07,751 - INFO - Initializing Gradient Boosting Predictor for Kandivali
2025-03-08 21:46:07,751 - INFO - Sequence length: 24, Prediction horizon: 6
2025-03-08 21:46:07,752 - INFO - Loading cleaned data from cleaned_data/Kandivali_spatial_average.csv
2025-03-08 21:46:07,761 - INFO - Loaded cleaned data with shape: (4776, 4)
2025-03-08 21:46:07,761 - INFO - Features selected: ['PM10', 'RH', 'AT']
2025-03-08 21:46:07,762 - INFO - Starting model training with 3820 samples
2025-03-08 21:46:07,762 - INFO - Preparing sequences from data with shape: (3820, 4)
2025-03-08 21:46:07,771 - INFO - Creating 3791 sequences...
2025-03-08 21:46:07,778 - INFO - Sequence preparation completed. X shape: (3791, 624), y shape: (3791, 6, 1)
2025-03-08 21:46:07,778 - INFO - Sequence preparation took 0.02 seconds
2025-03-08 21:46:07,778 - INFO - Training model for step 1/6
2025-03-08 21:46:13,436 - INFO - Training model for step 2/6
2025-03-08 21:46:19,669 - INFO - Training model for step 3/6
2025-03-08 21:46:25,717 - INFO - Training model for step 4/6
2025-03-08 21:46:31,783 - INFO - Training model for step 5/6
2025-03-08 21:46:37,875 - INFO - Training model for step 6/6
2025-03-08 21:46:43,754 - INFO - Training completed in 35.99 seconds
2025-03-08 21:46:43,755 - INFO - Evaluating predictions for Kandivali
2025-03-08 21:46:43,755 - INFO - Preparing sequences from data with shape: (956, 4)
2025-03-08 21:46:43,771 - INFO - Creating 927 sequences...
2025-03-08 21:46:43,774 - INFO - Sequence preparation completed. X shape: (927, 624), y shape: (927, 6, 1)
2025-03-08 21:46:43,774 - INFO - Sequence preparation took 0.02 seconds
2025-03-08 21:46:43,792 - INFO - Evaluation completed in 0.04 seconds
2025-03-08 21:46:43,793 - INFO - Evaluation metrics - MAE: 29.59, RMSE: 32.83
2025-03-08 21:46:43,793 - INFO - Generating prediction plots for Kandivali
2025-03-08 21:46:44,579 - INFO - Saved prediction plot to predictions/xgboost_prediction_Kandivali.png
2025-03-08 21:46:44,928 - INFO - Saved error distribution plot to predictions/xgboost_error_distribution_Kandivali.png
2025-03-08 21:46:44,929 - INFO - 
Final Evaluation Results:
2025-03-08 21:46:44,929 - INFO - MAE: 29.59
2025-03-08 21:46:44,929 - INFO - RMSE: 32.83
2025-03-08 21:46:44,929 - INFO - Initializing Gradient Boosting Predictor for Nerul
2025-03-08 21:46:44,929 - INFO - Sequence length: 24, Prediction horizon: 6
2025-03-08 21:46:44,930 - INFO - Loading cleaned data from cleaned_data/Nerul_spatial_average.csv
2025-03-08 21:46:44,940 - INFO - Loaded cleaned data with shape: (5280, 4)
2025-03-08 21:46:44,940 - INFO - Features selected: ['PM10', 'RH', 'AT']
2025-03-08 21:46:44,940 - INFO - Starting model training with 4224 samples
2025-03-08 21:46:44,940 - INFO - Preparing sequences from data with shape: (4224, 4)
2025-03-08 21:46:44,949 - INFO - Creating 4195 sequences...
2025-03-08 21:46:44,956 - INFO - Sequence preparation completed. X shape: (4195, 624), y shape: (4195, 6, 1)
2025-03-08 21:46:44,956 - INFO - Sequence preparation took 0.02 seconds
2025-03-08 21:46:44,957 - INFO - Training model for step 1/6
2025-03-08 21:46:50,460 - INFO - Training model for step 2/6
2025-03-08 21:46:56,749 - INFO - Training model for step 3/6
2025-03-08 21:47:03,016 - INFO - Training model for step 4/6
2025-03-08 21:47:09,436 - INFO - Training model for step 5/6
2025-03-08 21:47:16,268 - INFO - Training model for step 6/6
2025-03-08 21:47:22,987 - INFO - Training completed in 38.05 seconds
2025-03-08 21:47:22,987 - INFO - Evaluating predictions for Nerul
2025-03-08 21:47:22,988 - INFO - Preparing sequences from data with shape: (1056, 4)
2025-03-08 21:47:23,006 - INFO - Creating 1027 sequences...
2025-03-08 21:47:23,009 - INFO - Sequence preparation completed. X shape: (1027, 624), y shape: (1027, 6, 1)
2025-03-08 21:47:23,009 - INFO - Sequence preparation took 0.02 seconds
2025-03-08 21:47:23,028 - INFO - Evaluation completed in 0.04 seconds
2025-03-08 21:47:23,028 - INFO - Evaluation metrics - MAE: 56.96, RMSE: 64.86
2025-03-08 21:47:23,029 - INFO - Generating prediction plots for Nerul
2025-03-08 21:47:23,819 - INFO - Saved prediction plot to predictions/xgboost_prediction_Nerul.png
2025-03-08 21:47:24,147 - INFO - Saved error distribution plot to predictions/xgboost_error_distribution_Nerul.png
2025-03-08 21:47:24,148 - INFO - 
Final Evaluation Results:
2025-03-08 21:47:24,148 - INFO - MAE: 56.96
2025-03-08 21:47:24,148 - INFO - RMSE: 64.86
2025-03-08 21:47:24,148 - INFO - Initializing Gradient Boosting Predictor for Mahape
2025-03-08 21:47:24,148 - INFO - Sequence length: 24, Prediction horizon: 6
2025-03-08 21:47:24,149 - INFO - Loading cleaned data from cleaned_data/Mahape_spatial_average.csv
2025-03-08 21:47:24,158 - INFO - Loaded cleaned data with shape: (5295, 4)
2025-03-08 21:47:24,158 - INFO - Features selected: ['PM10', 'RH', 'AT']
2025-03-08 21:47:24,158 - INFO - Starting model training with 4236 samples
2025-03-08 21:47:24,158 - INFO - Preparing sequences from data with shape: (4236, 4)
2025-03-08 21:47:24,168 - INFO - Creating 4207 sequences...
2025-03-08 21:47:24,176 - INFO - Sequence preparation completed. X shape: (4207, 624), y shape: (4207, 6, 1)
2025-03-08 21:47:24,176 - INFO - Sequence preparation took 0.02 seconds
2025-03-08 21:47:24,177 - INFO - Training model for step 1/6
2025-03-08 21:47:29,704 - INFO - Training model for step 2/6
2025-03-08 21:47:36,121 - INFO - Training model for step 3/6
2025-03-08 21:47:42,865 - INFO - Training model for step 4/6
2025-03-08 21:47:49,697 - INFO - Training model for step 5/6
2025-03-08 21:47:56,403 - INFO - Training model for step 6/6
2025-03-08 21:48:02,987 - INFO - Training completed in 38.83 seconds
2025-03-08 21:48:02,988 - INFO - Evaluating predictions for Mahape
2025-03-08 21:48:02,988 - INFO - Preparing sequences from data with shape: (1059, 4)
2025-03-08 21:48:03,006 - INFO - Creating 1030 sequences...
2025-03-08 21:48:03,009 - INFO - Sequence preparation completed. X shape: (1030, 624), y shape: (1030, 6, 1)
2025-03-08 21:48:03,009 - INFO - Sequence preparation took 0.02 seconds
2025-03-08 21:48:03,031 - INFO - Evaluation completed in 0.04 seconds
2025-03-08 21:48:03,031 - INFO - Evaluation metrics - MAE: 41.49, RMSE: 44.75
2025-03-08 21:48:03,031 - INFO - Generating prediction plots for Mahape
2025-03-08 21:48:03,809 - INFO - Saved prediction plot to predictions/xgboost_prediction_Mahape.png
2025-03-08 21:48:04,159 - INFO - Saved error distribution plot to predictions/xgboost_error_distribution_Mahape.png
2025-03-08 21:48:04,160 - INFO - 
Final Evaluation Results:
2025-03-08 21:48:04,160 - INFO - MAE: 41.49
2025-03-08 21:48:04,160 - INFO - RMSE: 44.75
2025-03-08 21:48:04,160 - INFO - Initializing Gradient Boosting Predictor for Kurla
2025-03-08 21:48:04,160 - INFO - Sequence length: 24, Prediction horizon: 6
2025-03-08 21:48:04,161 - INFO - Loading cleaned data from cleaned_data/Kurla_spatial_average.csv
2025-03-08 21:48:04,171 - INFO - Loaded cleaned data with shape: (5400, 4)
2025-03-08 21:48:04,171 - INFO - Features selected: ['PM10', 'RH', 'AT']
2025-03-08 21:48:04,171 - INFO - Starting model training with 4320 samples
2025-03-08 21:48:04,171 - INFO - Preparing sequences from data with shape: (4320, 4)
2025-03-08 21:48:04,180 - INFO - Creating 4291 sequences...
2025-03-08 21:48:04,188 - INFO - Sequence preparation completed. X shape: (4291, 624), y shape: (4291, 6, 1)
2025-03-08 21:48:04,188 - INFO - Sequence preparation took 0.02 seconds
2025-03-08 21:48:04,189 - INFO - Training model for step 1/6
2025-03-08 21:48:11,031 - INFO - Training model for step 2/6
2025-03-08 21:48:18,417 - INFO - Training model for step 3/6
2025-03-08 21:48:26,026 - INFO - Training model for step 4/6
2025-03-08 21:48:34,263 - INFO - Training model for step 5/6
2025-03-08 21:48:41,794 - INFO - Training model for step 6/6
2025-03-08 21:48:49,612 - INFO - Training completed in 45.44 seconds
2025-03-08 21:48:49,612 - INFO - Evaluating predictions for Kurla
2025-03-08 21:48:49,612 - INFO - Preparing sequences from data with shape: (1080, 4)
2025-03-08 21:48:49,628 - INFO - Creating 1051 sequences...
2025-03-08 21:48:49,632 - INFO - Sequence preparation completed. X shape: (1051, 624), y shape: (1051, 6, 1)
2025-03-08 21:48:49,632 - INFO - Sequence preparation took 0.02 seconds
2025-03-08 21:48:49,655 - INFO - Evaluation completed in 0.04 seconds
2025-03-08 21:48:49,656 - INFO - Evaluation metrics - MAE: 49.20, RMSE: 56.74
2025-03-08 21:48:49,656 - INFO - Generating prediction plots for Kurla
2025-03-08 21:48:50,436 - INFO - Saved prediction plot to predictions/xgboost_prediction_Kurla.png
2025-03-08 21:48:50,950 - INFO - Saved error distribution plot to predictions/xgboost_error_distribution_Kurla.png
2025-03-08 21:48:50,950 - INFO - 
Final Evaluation Results:
2025-03-08 21:48:50,950 - INFO - MAE: 49.20
2025-03-08 21:48:50,950 - INFO - RMSE: 56.74
2025-03-08 21:48:50,950 - INFO - Initializing Gradient Boosting Predictor for Mahape
2025-03-08 21:48:50,950 - INFO - Sequence length: 24, Prediction horizon: 6
2025-03-08 21:48:50,951 - INFO - Loading cleaned data from cleaned_data/Mahape_spatial_average.csv
2025-03-08 21:48:50,959 - INFO - Loaded cleaned data with shape: (5295, 4)
2025-03-08 21:48:50,959 - INFO - Features selected: ['PM10', 'RH', 'AT']
2025-03-08 21:48:50,959 - INFO - Starting model training with 4236 samples
2025-03-08 21:48:50,959 - INFO - Preparing sequences from data with shape: (4236, 4)
2025-03-08 21:48:50,967 - INFO - Creating 4207 sequences...
2025-03-08 21:48:50,975 - INFO - Sequence preparation completed. X shape: (4207, 624), y shape: (4207, 6, 1)
2025-03-08 21:48:50,975 - INFO - Sequence preparation took 0.02 seconds
2025-03-08 21:48:50,975 - INFO - Training model for step 1/6
2025-03-08 21:48:56,255 - INFO - Training model for step 2/6
2025-03-08 21:49:02,400 - INFO - Training model for step 3/6
2025-03-08 21:49:08,523 - INFO - Training model for step 4/6
2025-03-08 21:49:14,927 - INFO - Training model for step 5/6
2025-03-08 21:49:21,133 - INFO - Training model for step 6/6
2025-03-08 21:49:27,221 - INFO - Training completed in 36.26 seconds
2025-03-08 21:49:27,222 - INFO - Evaluating predictions for Mahape
2025-03-08 21:49:27,222 - INFO - Preparing sequences from data with shape: (1059, 4)
2025-03-08 21:49:27,239 - INFO - Creating 1030 sequences...
2025-03-08 21:49:27,243 - INFO - Sequence preparation completed. X shape: (1030, 624), y shape: (1030, 6, 1)
2025-03-08 21:49:27,243 - INFO - Sequence preparation took 0.02 seconds
2025-03-08 21:49:27,268 - INFO - Evaluation completed in 0.05 seconds
2025-03-08 21:49:27,268 - INFO - Evaluation metrics - MAE: 41.49, RMSE: 44.75
2025-03-08 21:49:27,269 - INFO - Generating prediction plots for Mahape
2025-03-08 21:49:28,049 - INFO - Saved prediction plot to predictions/xgboost_prediction_Mahape.png
2025-03-08 21:49:28,377 - INFO - Saved error distribution plot to predictions/xgboost_error_distribution_Mahape.png
2025-03-08 21:49:28,377 - INFO - 
Final Evaluation Results:
2025-03-08 21:49:28,377 - INFO - MAE: 41.49
2025-03-08 21:49:28,377 - INFO - RMSE: 44.75
2025-03-08 21:49:28,377 - INFO - Initializing Gradient Boosting Predictor for Kalyan
2025-03-08 21:49:28,377 - INFO - Sequence length: 24, Prediction horizon: 6
2025-03-08 21:49:28,378 - INFO - Loading cleaned data from cleaned_data/Kalyan_spatial_average.csv
2025-03-08 21:49:28,387 - INFO - Loaded cleaned data with shape: (5404, 4)
2025-03-08 21:49:28,387 - INFO - Features selected: ['PM10', 'RH', 'AT']
2025-03-08 21:49:28,388 - INFO - Starting model training with 4323 samples
2025-03-08 21:49:28,388 - INFO - Preparing sequences from data with shape: (4323, 4)
2025-03-08 21:49:28,396 - INFO - Creating 4294 sequences...
2025-03-08 21:49:28,404 - INFO - Sequence preparation completed. X shape: (4294, 624), y shape: (4294, 6, 1)
2025-03-08 21:49:28,404 - INFO - Sequence preparation took 0.02 seconds
2025-03-08 21:49:28,404 - INFO - Training model for step 1/6
2025-03-08 21:49:34,803 - INFO - Training model for step 2/6
2025-03-08 21:49:41,840 - INFO - Training model for step 3/6
2025-03-08 21:49:48,790 - INFO - Training model for step 4/6
2025-03-08 21:49:55,636 - INFO - Training model for step 5/6
2025-03-08 21:50:02,494 - INFO - Training model for step 6/6
2025-03-08 21:50:09,395 - INFO - Training completed in 41.01 seconds
2025-03-08 21:50:09,395 - INFO - Evaluating predictions for Kalyan
2025-03-08 21:50:09,395 - INFO - Preparing sequences from data with shape: (1081, 4)
2025-03-08 21:50:09,414 - INFO - Creating 1052 sequences...
2025-03-08 21:50:09,417 - INFO - Sequence preparation completed. X shape: (1052, 624), y shape: (1052, 6, 1)
2025-03-08 21:50:09,417 - INFO - Sequence preparation took 0.02 seconds
2025-03-08 21:50:09,438 - INFO - Evaluation completed in 0.04 seconds
2025-03-08 21:50:09,439 - INFO - Evaluation metrics - MAE: 55.55, RMSE: 62.67
2025-03-08 21:50:09,440 - INFO - Generating prediction plots for Kalyan
2025-03-08 21:50:10,180 - INFO - Saved prediction plot to predictions/xgboost_prediction_Kalyan.png
2025-03-08 21:50:10,540 - INFO - Saved error distribution plot to predictions/xgboost_error_distribution_Kalyan.png
2025-03-08 21:50:10,540 - INFO - 
Final Evaluation Results:
2025-03-08 21:50:10,540 - INFO - MAE: 55.55
2025-03-08 21:50:10,540 - INFO - RMSE: 62.67
2025-03-08 21:50:10,540 - INFO - Initializing Gradient Boosting Predictor for Mulund
2025-03-08 21:50:10,540 - INFO - Sequence length: 24, Prediction horizon: 6
2025-03-08 21:50:10,541 - INFO - Loading cleaned data from cleaned_data/Mulund_spatial_average.csv
2025-03-08 21:50:10,550 - INFO - Loaded cleaned data with shape: (5400, 4)
2025-03-08 21:50:10,550 - INFO - Features selected: ['PM10', 'RH', 'AT']
2025-03-08 21:50:10,550 - INFO - Starting model training with 4320 samples
2025-03-08 21:50:10,550 - INFO - Preparing sequences from data with shape: (4320, 4)
2025-03-08 21:50:10,559 - INFO - Creating 4291 sequences...
2025-03-08 21:50:10,566 - INFO - Sequence preparation completed. X shape: (4291, 624), y shape: (4291, 6, 1)
2025-03-08 21:50:10,566 - INFO - Sequence preparation took 0.02 seconds
2025-03-08 21:50:10,567 - INFO - Training model for step 1/6
2025-03-08 21:50:16,039 - INFO - Training model for step 2/6
2025-03-08 21:50:22,402 - INFO - Training model for step 3/6
2025-03-08 21:50:28,536 - INFO - Training model for step 4/6
2025-03-08 21:50:34,805 - INFO - Training model for step 5/6
2025-03-08 21:50:41,461 - INFO - Training model for step 6/6
2025-03-08 21:50:47,774 - INFO - Training completed in 37.22 seconds
2025-03-08 21:50:47,775 - INFO - Evaluating predictions for Mulund
2025-03-08 21:50:47,775 - INFO - Preparing sequences from data with shape: (1080, 4)
2025-03-08 21:50:47,792 - INFO - Creating 1051 sequences...
2025-03-08 21:50:47,795 - INFO - Sequence preparation completed. X shape: (1051, 624), y shape: (1051, 6, 1)
2025-03-08 21:50:47,795 - INFO - Sequence preparation took 0.02 seconds
2025-03-08 21:50:47,818 - INFO - Evaluation completed in 0.04 seconds
2025-03-08 21:50:47,818 - INFO - Evaluation metrics - MAE: 36.77, RMSE: 40.14
2025-03-08 21:50:47,819 - INFO - Generating prediction plots for Mulund
2025-03-08 21:50:48,575 - INFO - Saved prediction plot to predictions/xgboost_prediction_Mulund.png
2025-03-08 21:50:48,905 - INFO - Saved error distribution plot to predictions/xgboost_error_distribution_Mulund.png
2025-03-08 21:50:48,905 - INFO - 
Final Evaluation Results:
2025-03-08 21:50:48,906 - INFO - MAE: 36.77
2025-03-08 21:50:48,906 - INFO - RMSE: 40.14
2025-03-08 21:50:48,906 - INFO - Initializing Gradient Boosting Predictor for Mahape
2025-03-08 21:50:48,906 - INFO - Sequence length: 24, Prediction horizon: 6
2025-03-08 21:50:48,907 - INFO - Loading cleaned data from cleaned_data/Mahape_spatial_average.csv
2025-03-08 21:50:48,915 - INFO - Loaded cleaned data with shape: (5295, 4)
2025-03-08 21:50:48,915 - INFO - Features selected: ['PM10', 'RH', 'AT']
2025-03-08 21:50:48,915 - INFO - Starting model training with 4236 samples
2025-03-08 21:50:48,915 - INFO - Preparing sequences from data with shape: (4236, 4)
2025-03-08 21:50:48,923 - INFO - Creating 4207 sequences...
2025-03-08 21:50:48,931 - INFO - Sequence preparation completed. X shape: (4207, 624), y shape: (4207, 6, 1)
2025-03-08 21:50:48,931 - INFO - Sequence preparation took 0.02 seconds
2025-03-08 21:50:48,931 - INFO - Training model for step 1/6
2025-03-08 21:50:54,063 - INFO - Training model for step 2/6
2025-03-08 21:50:59,989 - INFO - Training model for step 3/6
2025-03-08 21:51:05,919 - INFO - Training model for step 4/6
2025-03-08 21:51:11,938 - INFO - Training model for step 5/6
2025-03-08 21:51:17,824 - INFO - Training model for step 6/6
2025-03-08 21:51:23,964 - INFO - Training completed in 35.05 seconds
2025-03-08 21:51:23,965 - INFO - Evaluating predictions for Mahape
2025-03-08 21:51:23,965 - INFO - Preparing sequences from data with shape: (1059, 4)
2025-03-08 21:51:23,983 - INFO - Creating 1030 sequences...
2025-03-08 21:51:23,986 - INFO - Sequence preparation completed. X shape: (1030, 624), y shape: (1030, 6, 1)
2025-03-08 21:51:23,986 - INFO - Sequence preparation took 0.02 seconds
2025-03-08 21:51:24,005 - INFO - Evaluation completed in 0.04 seconds
2025-03-08 21:51:24,005 - INFO - Evaluation metrics - MAE: 41.49, RMSE: 44.75
2025-03-08 21:51:24,006 - INFO - Generating prediction plots for Mahape
2025-03-08 21:51:24,758 - INFO - Saved prediction plot to predictions/xgboost_prediction_Mahape.png
2025-03-08 21:51:25,089 - INFO - Saved error distribution plot to predictions/xgboost_error_distribution_Mahape.png
2025-03-08 21:51:25,090 - INFO - 
Final Evaluation Results:
2025-03-08 21:51:25,090 - INFO - MAE: 41.49
2025-03-08 21:51:25,090 - INFO - RMSE: 44.75
2025-03-08 21:51:25,090 - INFO - Initializing Gradient Boosting Predictor for Borivali
2025-03-08 21:51:25,090 - INFO - Sequence length: 24, Prediction horizon: 6
2025-03-08 21:51:25,091 - INFO - Loading cleaned data from cleaned_data/Borivali_spatial_average.csv
2025-03-08 21:51:25,099 - INFO - Loaded cleaned data with shape: (5400, 4)
2025-03-08 21:51:25,099 - INFO - Features selected: ['PM10', 'RH', 'AT']
2025-03-08 21:51:25,100 - INFO - Starting model training with 4320 samples
2025-03-08 21:51:25,100 - INFO - Preparing sequences from data with shape: (4320, 4)
2025-03-08 21:51:25,108 - INFO - Creating 4291 sequences...
2025-03-08 21:51:25,115 - INFO - Sequence preparation completed. X shape: (4291, 624), y shape: (4291, 6, 1)
2025-03-08 21:51:25,115 - INFO - Sequence preparation took 0.02 seconds
2025-03-08 21:51:25,116 - INFO - Training model for step 1/6
2025-03-08 21:51:30,676 - INFO - Training model for step 2/6
2025-03-08 21:51:37,480 - INFO - Training model for step 3/6
2025-03-08 21:51:43,809 - INFO - Training model for step 4/6
2025-03-08 21:51:50,052 - INFO - Training model for step 5/6
2025-03-08 21:51:56,370 - INFO - Training model for step 6/6
2025-03-08 21:52:02,855 - INFO - Training completed in 37.76 seconds
2025-03-08 21:52:02,856 - INFO - Evaluating predictions for Borivali
2025-03-08 21:52:02,856 - INFO - Preparing sequences from data with shape: (1080, 4)
2025-03-08 21:52:02,874 - INFO - Creating 1051 sequences...
2025-03-08 21:52:02,877 - INFO - Sequence preparation completed. X shape: (1051, 624), y shape: (1051, 6, 1)
2025-03-08 21:52:02,877 - INFO - Sequence preparation took 0.02 seconds
2025-03-08 21:52:02,903 - INFO - Evaluation completed in 0.05 seconds
2025-03-08 21:52:02,903 - INFO - Evaluation metrics - MAE: 34.71, RMSE: 36.90
2025-03-08 21:52:02,905 - INFO - Generating prediction plots for Borivali
2025-03-08 21:52:03,662 - INFO - Saved prediction plot to predictions/xgboost_prediction_Borivali.png
2025-03-08 21:52:04,017 - INFO - Saved error distribution plot to predictions/xgboost_error_distribution_Borivali.png
2025-03-08 21:52:04,018 - INFO - 
Final Evaluation Results:
2025-03-08 21:52:04,018 - INFO - MAE: 34.71
2025-03-08 21:52:04,018 - INFO - RMSE: 36.90
2025-03-08 21:52:04,018 - INFO - Initializing Gradient Boosting Predictor for Mulund
2025-03-08 21:52:04,018 - INFO - Sequence length: 24, Prediction horizon: 6
2025-03-08 21:52:04,019 - INFO - Loading cleaned data from cleaned_data/Mulund_spatial_average.csv
2025-03-08 21:52:04,029 - INFO - Loaded cleaned data with shape: (5400, 4)
2025-03-08 21:52:04,029 - INFO - Features selected: ['PM10', 'RH', 'AT']
2025-03-08 21:52:04,029 - INFO - Starting model training with 4320 samples
2025-03-08 21:52:04,029 - INFO - Preparing sequences from data with shape: (4320, 4)
2025-03-08 21:52:04,037 - INFO - Creating 4291 sequences...
2025-03-08 21:52:04,045 - INFO - Sequence preparation completed. X shape: (4291, 624), y shape: (4291, 6, 1)
2025-03-08 21:52:04,045 - INFO - Sequence preparation took 0.02 seconds
2025-03-08 21:52:04,045 - INFO - Training model for step 1/6
2025-03-08 21:52:09,516 - INFO - Training model for step 2/6
2025-03-08 21:52:16,001 - INFO - Training model for step 3/6
2025-03-08 21:52:22,383 - INFO - Training model for step 4/6
2025-03-08 21:52:28,572 - INFO - Training model for step 5/6
2025-03-08 21:52:34,921 - INFO - Training model for step 6/6
2025-03-08 21:52:41,431 - INFO - Training completed in 37.40 seconds
2025-03-08 21:52:41,431 - INFO - Evaluating predictions for Mulund
2025-03-08 21:52:41,432 - INFO - Preparing sequences from data with shape: (1080, 4)
2025-03-08 21:52:41,449 - INFO - Creating 1051 sequences...
2025-03-08 21:52:41,453 - INFO - Sequence preparation completed. X shape: (1051, 624), y shape: (1051, 6, 1)
2025-03-08 21:52:41,453 - INFO - Sequence preparation took 0.02 seconds
2025-03-08 21:52:41,473 - INFO - Evaluation completed in 0.04 seconds
2025-03-08 21:52:41,473 - INFO - Evaluation metrics - MAE: 36.77, RMSE: 40.14
2025-03-08 21:52:41,474 - INFO - Generating prediction plots for Mulund
2025-03-08 21:52:42,235 - INFO - Saved prediction plot to predictions/xgboost_prediction_Mulund.png
2025-03-08 21:52:42,574 - INFO - Saved error distribution plot to predictions/xgboost_error_distribution_Mulund.png
2025-03-08 21:52:42,574 - INFO - 
Final Evaluation Results:
2025-03-08 21:52:42,574 - INFO - MAE: 36.77
2025-03-08 21:52:42,574 - INFO - RMSE: 40.14
2025-03-08 21:52:42,574 - INFO - Initializing Gradient Boosting Predictor for Kurla
2025-03-08 21:52:42,574 - INFO - Sequence length: 24, Prediction horizon: 6
2025-03-08 21:52:42,575 - INFO - Loading cleaned data from cleaned_data/Kurla_spatial_average.csv
2025-03-08 21:52:42,584 - INFO - Loaded cleaned data with shape: (5400, 4)
2025-03-08 21:52:42,584 - INFO - Features selected: ['PM10', 'RH', 'AT']
2025-03-08 21:52:42,585 - INFO - Starting model training with 4320 samples
2025-03-08 21:52:42,585 - INFO - Preparing sequences from data with shape: (4320, 4)
2025-03-08 21:52:42,593 - INFO - Creating 4291 sequences...
2025-03-08 21:52:42,601 - INFO - Sequence preparation completed. X shape: (4291, 624), y shape: (4291, 6, 1)
2025-03-08 21:52:42,601 - INFO - Sequence preparation took 0.02 seconds
2025-03-08 21:52:42,601 - INFO - Training model for step 1/6
2025-03-08 21:52:49,378 - INFO - Training model for step 2/6
2025-03-08 21:52:56,413 - INFO - Training model for step 3/6
2025-03-08 21:53:03,502 - INFO - Training model for step 4/6
2025-03-08 21:53:10,653 - INFO - Training model for step 5/6
2025-03-08 21:53:17,824 - INFO - Training model for step 6/6
2025-03-08 21:53:24,991 - INFO - Training completed in 42.41 seconds
2025-03-08 21:53:24,992 - INFO - Evaluating predictions for Kurla
2025-03-08 21:53:24,992 - INFO - Preparing sequences from data with shape: (1080, 4)
2025-03-08 21:53:25,008 - INFO - Creating 1051 sequences...
2025-03-08 21:53:25,011 - INFO - Sequence preparation completed. X shape: (1051, 624), y shape: (1051, 6, 1)
2025-03-08 21:53:25,011 - INFO - Sequence preparation took 0.02 seconds
2025-03-08 21:53:25,030 - INFO - Evaluation completed in 0.04 seconds
2025-03-08 21:53:25,030 - INFO - Evaluation metrics - MAE: 49.20, RMSE: 56.74
2025-03-08 21:53:25,030 - INFO - Generating prediction plots for Kurla
2025-03-08 21:53:25,874 - INFO - Saved prediction plot to predictions/xgboost_prediction_Kurla.png
2025-03-08 21:53:26,282 - INFO - Saved error distribution plot to predictions/xgboost_error_distribution_Kurla.png
2025-03-08 21:53:26,283 - INFO - 
Final Evaluation Results:
2025-03-08 21:53:26,283 - INFO - MAE: 49.20
2025-03-08 21:53:26,283 - INFO - RMSE: 56.74
2025-03-08 21:53:26,283 - INFO - Initializing Gradient Boosting Predictor for Airport
2025-03-08 21:53:26,283 - INFO - Sequence length: 24, Prediction horizon: 6
2025-03-08 21:53:26,284 - INFO - Loading cleaned data from cleaned_data/Airport_spatial_average.csv
2025-03-08 21:53:26,292 - INFO - Loaded cleaned data with shape: (5280, 4)
2025-03-08 21:53:26,292 - INFO - Features selected: ['PM10', 'RH', 'AT']
2025-03-08 21:53:26,293 - INFO - Starting model training with 4224 samples
2025-03-08 21:53:26,293 - INFO - Preparing sequences from data with shape: (4224, 4)
2025-03-08 21:53:26,302 - INFO - Creating 4195 sequences...
2025-03-08 21:53:26,310 - INFO - Sequence preparation completed. X shape: (4195, 624), y shape: (4195, 6, 1)
2025-03-08 21:53:26,310 - INFO - Sequence preparation took 0.02 seconds
2025-03-08 21:53:26,310 - INFO - Training model for step 1/6
2025-03-08 21:53:32,838 - INFO - Training model for step 2/6
2025-03-08 21:53:40,023 - INFO - Training model for step 3/6
2025-03-08 21:53:47,491 - INFO - Training model for step 4/6
2025-03-08 21:53:55,021 - INFO - Training model for step 5/6
2025-03-08 21:54:02,320 - INFO - Training model for step 6/6
2025-03-08 21:54:09,572 - INFO - Training completed in 43.28 seconds
2025-03-08 21:54:09,572 - INFO - Evaluating predictions for Airport
2025-03-08 21:54:09,572 - INFO - Preparing sequences from data with shape: (1056, 4)
2025-03-08 21:54:09,589 - INFO - Creating 1027 sequences...
2025-03-08 21:54:09,592 - INFO - Sequence preparation completed. X shape: (1027, 624), y shape: (1027, 6, 1)
2025-03-08 21:54:09,592 - INFO - Sequence preparation took 0.02 seconds
2025-03-08 21:54:09,613 - INFO - Evaluation completed in 0.04 seconds
2025-03-08 21:54:09,613 - INFO - Evaluation metrics - MAE: 15.39, RMSE: 17.48
2025-03-08 21:54:09,614 - INFO - Generating prediction plots for Airport
2025-03-08 21:54:10,377 - INFO - Saved prediction plot to predictions/xgboost_prediction_Airport.png
2025-03-08 21:54:10,705 - INFO - Saved error distribution plot to predictions/xgboost_error_distribution_Airport.png
2025-03-08 21:54:10,705 - INFO - 
Final Evaluation Results:
2025-03-08 21:54:10,705 - INFO - MAE: 15.39
2025-03-08 21:54:10,705 - INFO - RMSE: 17.48
2025-03-08 21:54:10,705 - INFO - Initializing Gradient Boosting Predictor for Vileparle
2025-03-08 21:54:10,705 - INFO - Sequence length: 24, Prediction horizon: 6
2025-03-08 21:54:10,707 - INFO - Loading cleaned data from cleaned_data/Vileparle_spatial_average.csv
2025-03-08 21:54:10,716 - INFO - Loaded cleaned data with shape: (5280, 4)
2025-03-08 21:54:10,716 - INFO - Features selected: ['PM10', 'RH', 'AT']
2025-03-08 21:54:10,716 - INFO - Starting model training with 4224 samples
2025-03-08 21:54:10,716 - INFO - Preparing sequences from data with shape: (4224, 4)
2025-03-08 21:54:10,724 - INFO - Creating 4195 sequences...
2025-03-08 21:54:10,732 - INFO - Sequence preparation completed. X shape: (4195, 624), y shape: (4195, 6, 1)
2025-03-08 21:54:10,732 - INFO - Sequence preparation took 0.02 seconds
2025-03-08 21:54:10,732 - INFO - Training model for step 1/6
2025-03-08 21:54:15,971 - INFO - Training model for step 2/6
2025-03-08 21:54:22,047 - INFO - Training model for step 3/6
2025-03-08 21:54:28,422 - INFO - Training model for step 4/6
2025-03-08 21:54:34,464 - INFO - Training model for step 5/6
2025-03-08 21:54:40,568 - INFO - Training model for step 6/6
2025-03-08 21:54:47,967 - INFO - Training completed in 37.25 seconds
2025-03-08 21:54:47,968 - INFO - Evaluating predictions for Vileparle
2025-03-08 21:54:47,968 - INFO - Preparing sequences from data with shape: (1056, 4)
2025-03-08 21:54:47,985 - INFO - Creating 1027 sequences...
2025-03-08 21:54:47,988 - INFO - Sequence preparation completed. X shape: (1027, 624), y shape: (1027, 6, 1)
2025-03-08 21:54:47,989 - INFO - Sequence preparation took 0.02 seconds
2025-03-08 21:54:48,005 - INFO - Evaluation completed in 0.04 seconds
2025-03-08 21:54:48,006 - INFO - Evaluation metrics - MAE: 34.02, RMSE: 38.37
2025-03-08 21:54:48,006 - INFO - Generating prediction plots for Vileparle
2025-03-08 21:54:48,750 - INFO - Saved prediction plot to predictions/xgboost_prediction_Vileparle.png
2025-03-08 21:54:49,101 - INFO - Saved error distribution plot to predictions/xgboost_error_distribution_Vileparle.png
2025-03-08 21:54:49,101 - INFO - 
Final Evaluation Results:
2025-03-08 21:54:49,101 - INFO - MAE: 34.02
2025-03-08 21:54:49,101 - INFO - RMSE: 38.37
2025-03-08 21:54:49,101 - INFO - Initializing Gradient Boosting Predictor for Powai
2025-03-08 21:54:49,101 - INFO - Sequence length: 24, Prediction horizon: 6
2025-03-08 21:54:49,103 - INFO - Loading cleaned data from cleaned_data/Powai_spatial_average.csv
2025-03-08 21:54:49,112 - INFO - Loaded cleaned data with shape: (5400, 4)
2025-03-08 21:54:49,112 - INFO - Features selected: ['PM10', 'RH', 'AT']
2025-03-08 21:54:49,112 - INFO - Starting model training with 4320 samples
2025-03-08 21:54:49,112 - INFO - Preparing sequences from data with shape: (4320, 4)
2025-03-08 21:54:49,121 - INFO - Creating 4291 sequences...
2025-03-08 21:54:49,128 - INFO - Sequence preparation completed. X shape: (4291, 624), y shape: (4291, 6, 1)
2025-03-08 21:54:49,128 - INFO - Sequence preparation took 0.02 seconds
2025-03-08 21:54:49,129 - INFO - Training model for step 1/6
2025-03-08 21:54:55,933 - INFO - Training model for step 2/6
2025-03-08 21:55:03,060 - INFO - Training model for step 3/6
2025-03-08 21:55:12,351 - INFO - Training model for step 4/6
2025-03-08 21:55:21,811 - INFO - Training model for step 5/6
2025-03-08 21:55:30,652 - INFO - Training model for step 6/6
2025-03-08 21:55:38,881 - INFO - Training completed in 49.77 seconds
2025-03-08 21:55:38,881 - INFO - Evaluating predictions for Powai
2025-03-08 21:55:38,882 - INFO - Preparing sequences from data with shape: (1080, 4)
2025-03-08 21:55:38,899 - INFO - Creating 1051 sequences...
2025-03-08 21:55:38,903 - INFO - Sequence preparation completed. X shape: (1051, 624), y shape: (1051, 6, 1)
2025-03-08 21:55:38,903 - INFO - Sequence preparation took 0.02 seconds
2025-03-08 21:55:38,925 - INFO - Evaluation completed in 0.04 seconds
2025-03-08 21:55:38,925 - INFO - Evaluation metrics - MAE: 35.76, RMSE: 38.10
2025-03-08 21:55:38,926 - INFO - Generating prediction plots for Powai
2025-03-08 21:55:39,715 - INFO - Saved prediction plot to predictions/xgboost_prediction_Powai.png
2025-03-08 21:55:40,060 - INFO - Saved error distribution plot to predictions/xgboost_error_distribution_Powai.png
2025-03-08 21:55:40,060 - INFO - 
Final Evaluation Results:
2025-03-08 21:55:40,060 - INFO - MAE: 35.76
2025-03-08 21:55:40,060 - INFO - RMSE: 38.10
2025-03-08 21:55:40,060 - INFO - Initializing Gradient Boosting Predictor for Worli
2025-03-08 21:55:40,060 - INFO - Sequence length: 24, Prediction horizon: 6
2025-03-08 21:55:40,062 - INFO - Loading cleaned data from cleaned_data/Worli_spatial_average.csv
2025-03-08 21:55:40,071 - INFO - Loaded cleaned data with shape: (5400, 4)
2025-03-08 21:55:40,071 - INFO - Features selected: ['PM10', 'RH', 'AT']
2025-03-08 21:55:40,071 - INFO - Starting model training with 4320 samples
2025-03-08 21:55:40,071 - INFO - Preparing sequences from data with shape: (4320, 4)
2025-03-08 21:55:40,081 - INFO - Creating 4291 sequences...
2025-03-08 21:55:40,089 - INFO - Sequence preparation completed. X shape: (4291, 624), y shape: (4291, 6, 1)
2025-03-08 21:55:40,089 - INFO - Sequence preparation took 0.02 seconds
2025-03-08 21:55:40,089 - INFO - Training model for step 1/6
2025-03-08 21:55:46,134 - INFO - Training model for step 2/6
2025-03-08 21:55:52,856 - INFO - Training model for step 3/6
2025-03-08 21:55:59,520 - INFO - Training model for step 4/6
2025-03-08 21:56:06,487 - INFO - Training model for step 5/6
2025-03-08 21:56:13,188 - INFO - Training model for step 6/6
2025-03-08 21:56:20,113 - INFO - Training completed in 40.04 seconds
2025-03-08 21:56:20,114 - INFO - Evaluating predictions for Worli
2025-03-08 21:56:20,115 - INFO - Preparing sequences from data with shape: (1080, 4)
2025-03-08 21:56:20,138 - INFO - Creating 1051 sequences...
2025-03-08 21:56:20,142 - INFO - Sequence preparation completed. X shape: (1051, 624), y shape: (1051, 6, 1)
2025-03-08 21:56:20,142 - INFO - Sequence preparation took 0.03 seconds
2025-03-08 21:56:20,163 - INFO - Evaluation completed in 0.05 seconds
2025-03-08 21:56:20,163 - INFO - Evaluation metrics - MAE: 43.76, RMSE: 45.80
2025-03-08 21:56:20,163 - INFO - Generating prediction plots for Worli
2025-03-08 21:56:20,937 - INFO - Saved prediction plot to predictions/xgboost_prediction_Worli.png
2025-03-08 21:56:21,267 - INFO - Saved error distribution plot to predictions/xgboost_error_distribution_Worli.png
2025-03-08 21:56:21,267 - INFO - 
Final Evaluation Results:
2025-03-08 21:56:21,267 - INFO - MAE: 43.76
2025-03-08 21:56:21,267 - INFO - RMSE: 45.80
2025-03-08 21:56:21,267 - INFO - Initializing Gradient Boosting Predictor for Bandra
2025-03-08 21:56:21,267 - INFO - Sequence length: 24, Prediction horizon: 6
2025-03-08 21:56:21,269 - INFO - Loading cleaned data from cleaned_data/Bandra_spatial_average.csv
2025-03-08 21:56:21,279 - INFO - Loaded cleaned data with shape: (5404, 4)
2025-03-08 21:56:21,279 - INFO - Features selected: ['PM10', 'RH', 'AT']
2025-03-08 21:56:21,280 - INFO - Starting model training with 4323 samples
2025-03-08 21:56:21,280 - INFO - Preparing sequences from data with shape: (4323, 4)
2025-03-08 21:56:21,289 - INFO - Creating 4294 sequences...
2025-03-08 21:56:21,297 - INFO - Sequence preparation completed. X shape: (4294, 624), y shape: (4294, 6, 1)
2025-03-08 21:56:21,297 - INFO - Sequence preparation took 0.02 seconds
2025-03-08 21:56:21,298 - INFO - Training model for step 1/6
2025-03-08 21:56:26,467 - INFO - Training model for step 2/6
2025-03-08 21:56:31,936 - INFO - Training model for step 3/6
2025-03-08 21:56:37,519 - INFO - Training model for step 4/6
2025-03-08 21:56:43,052 - INFO - Training model for step 5/6
2025-03-08 21:56:49,029 - INFO - Training model for step 6/6
2025-03-08 21:56:54,747 - INFO - Training completed in 33.47 seconds
2025-03-08 21:56:54,747 - INFO - Evaluating predictions for Bandra
2025-03-08 21:56:54,747 - INFO - Preparing sequences from data with shape: (1081, 4)
2025-03-08 21:56:54,768 - INFO - Creating 1052 sequences...
2025-03-08 21:56:54,772 - INFO - Sequence preparation completed. X shape: (1052, 624), y shape: (1052, 6, 1)
2025-03-08 21:56:54,772 - INFO - Sequence preparation took 0.02 seconds
2025-03-08 21:56:54,795 - INFO - Evaluation completed in 0.05 seconds
2025-03-08 21:56:54,795 - INFO - Evaluation metrics - MAE: 11.40, RMSE: 14.81
2025-03-08 21:56:54,796 - INFO - Generating prediction plots for Bandra
2025-03-08 21:56:55,557 - INFO - Saved prediction plot to predictions/xgboost_prediction_Bandra.png
2025-03-08 21:56:56,015 - INFO - Saved error distribution plot to predictions/xgboost_error_distribution_Bandra.png
2025-03-08 21:56:56,015 - INFO - 
Final Evaluation Results:
2025-03-08 21:56:56,015 - INFO - MAE: 11.40
2025-03-08 21:56:56,015 - INFO - RMSE: 14.81
2025-03-08 21:56:56,015 - INFO - Initializing Gradient Boosting Predictor for Borivali
2025-03-08 21:56:56,015 - INFO - Sequence length: 24, Prediction horizon: 6
2025-03-08 21:56:56,016 - INFO - Loading cleaned data from cleaned_data/Borivali_spatial_average.csv
2025-03-08 21:56:56,026 - INFO - Loaded cleaned data with shape: (5400, 4)
2025-03-08 21:56:56,026 - INFO - Features selected: ['PM10', 'RH', 'AT']
2025-03-08 21:56:56,026 - INFO - Starting model training with 4320 samples
2025-03-08 21:56:56,026 - INFO - Preparing sequences from data with shape: (4320, 4)
2025-03-08 21:56:56,036 - INFO - Creating 4291 sequences...
2025-03-08 21:56:56,046 - INFO - Sequence preparation completed. X shape: (4291, 624), y shape: (4291, 6, 1)
2025-03-08 21:56:56,046 - INFO - Sequence preparation took 0.02 seconds
2025-03-08 21:56:56,047 - INFO - Training model for step 1/6
2025-03-08 21:57:01,833 - INFO - Training model for step 2/6
2025-03-08 21:57:08,551 - INFO - Training model for step 3/6
2025-03-08 21:57:14,985 - INFO - Training model for step 4/6
2025-03-08 21:57:21,169 - INFO - Training model for step 5/6
2025-03-08 21:57:27,796 - INFO - Training model for step 6/6
2025-03-08 21:57:34,415 - INFO - Training completed in 38.39 seconds
2025-03-08 21:57:34,415 - INFO - Evaluating predictions for Borivali
2025-03-08 21:57:34,416 - INFO - Preparing sequences from data with shape: (1080, 4)
2025-03-08 21:57:34,433 - INFO - Creating 1051 sequences...
2025-03-08 21:57:34,436 - INFO - Sequence preparation completed. X shape: (1051, 624), y shape: (1051, 6, 1)
2025-03-08 21:57:34,436 - INFO - Sequence preparation took 0.02 seconds
2025-03-08 21:57:34,459 - INFO - Evaluation completed in 0.04 seconds
2025-03-08 21:57:34,459 - INFO - Evaluation metrics - MAE: 34.71, RMSE: 36.90
2025-03-08 21:57:34,460 - INFO - Generating prediction plots for Borivali
2025-03-08 21:57:35,215 - INFO - Saved prediction plot to predictions/xgboost_prediction_Borivali.png
2025-03-08 21:57:35,562 - INFO - Saved error distribution plot to predictions/xgboost_error_distribution_Borivali.png
2025-03-08 21:57:35,562 - INFO - 
Final Evaluation Results:
2025-03-08 21:57:35,562 - INFO - MAE: 34.71
2025-03-08 21:57:35,562 - INFO - RMSE: 36.90
2025-03-08 21:57:35,562 - INFO - Initializing Gradient Boosting Predictor for Vasai
2025-03-08 21:57:35,562 - INFO - Sequence length: 24, Prediction horizon: 6
2025-03-08 21:57:35,563 - INFO - Loading cleaned data from cleaned_data/Vasai_spatial_average.csv
2025-03-08 21:57:35,573 - INFO - Loaded cleaned data with shape: (5400, 4)
2025-03-08 21:57:35,573 - INFO - Features selected: ['PM10', 'RH', 'AT']
2025-03-08 21:57:35,573 - INFO - Starting model training with 4320 samples
2025-03-08 21:57:35,573 - INFO - Preparing sequences from data with shape: (4320, 4)
2025-03-08 21:57:35,582 - INFO - Creating 4291 sequences...
2025-03-08 21:57:35,590 - INFO - Sequence preparation completed. X shape: (4291, 624), y shape: (4291, 6, 1)
2025-03-08 21:57:35,590 - INFO - Sequence preparation took 0.02 seconds
2025-03-08 21:57:35,590 - INFO - Training model for step 1/6
2025-03-08 21:57:41,351 - INFO - Training model for step 2/6
2025-03-08 21:57:47,793 - INFO - Training model for step 3/6
2025-03-08 21:57:54,535 - INFO - Training model for step 4/6
2025-03-08 21:58:01,050 - INFO - Training model for step 5/6
2025-03-08 21:58:07,428 - INFO - Training model for step 6/6
2025-03-08 21:58:13,649 - INFO - Training completed in 38.08 seconds
2025-03-08 21:58:13,649 - INFO - Evaluating predictions for Vasai
2025-03-08 21:58:13,649 - INFO - Preparing sequences from data with shape: (1080, 4)
2025-03-08 21:58:13,665 - INFO - Creating 1051 sequences...
2025-03-08 21:58:13,668 - INFO - Sequence preparation completed. X shape: (1051, 624), y shape: (1051, 6, 1)
2025-03-08 21:58:13,668 - INFO - Sequence preparation took 0.02 seconds
2025-03-08 21:58:13,686 - INFO - Evaluation completed in 0.04 seconds
2025-03-08 21:58:13,687 - INFO - Evaluation metrics - MAE: 35.90, RMSE: 39.06
2025-03-08 21:58:13,687 - INFO - Generating prediction plots for Vasai
2025-03-08 21:58:14,448 - INFO - Saved prediction plot to predictions/xgboost_prediction_Vasai.png
2025-03-08 21:58:14,793 - INFO - Saved error distribution plot to predictions/xgboost_error_distribution_Vasai.png
2025-03-08 21:58:14,793 - INFO - 
Final Evaluation Results:
2025-03-08 21:58:14,793 - INFO - MAE: 35.90
2025-03-08 21:58:14,793 - INFO - RMSE: 39.06
2025-03-08 21:58:14,793 - INFO - Initializing Gradient Boosting Predictor for Kandivali
2025-03-08 21:58:14,793 - INFO - Sequence length: 24, Prediction horizon: 6
2025-03-08 21:58:14,795 - INFO - Loading cleaned data from cleaned_data/Kandivali_spatial_average.csv
2025-03-08 21:58:14,804 - INFO - Loaded cleaned data with shape: (4776, 4)
2025-03-08 21:58:14,804 - INFO - Features selected: ['PM10', 'RH', 'AT']
2025-03-08 21:58:14,804 - INFO - Starting model training with 3820 samples
2025-03-08 21:58:14,804 - INFO - Preparing sequences from data with shape: (3820, 4)
2025-03-08 21:58:14,811 - INFO - Creating 3791 sequences...
2025-03-08 21:58:14,818 - INFO - Sequence preparation completed. X shape: (3791, 624), y shape: (3791, 6, 1)
2025-03-08 21:58:14,818 - INFO - Sequence preparation took 0.01 seconds
2025-03-08 21:58:14,818 - INFO - Training model for step 1/6
2025-03-08 21:58:19,982 - INFO - Training model for step 2/6
2025-03-08 21:58:25,770 - INFO - Training model for step 3/6
2025-03-08 21:58:31,624 - INFO - Training model for step 4/6
2025-03-08 21:58:37,629 - INFO - Training model for step 5/6
2025-03-08 21:58:43,870 - INFO - Training model for step 6/6
2025-03-08 21:58:49,857 - INFO - Training completed in 35.05 seconds
2025-03-08 21:58:49,857 - INFO - Evaluating predictions for Kandivali
2025-03-08 21:58:49,857 - INFO - Preparing sequences from data with shape: (956, 4)
2025-03-08 21:58:49,874 - INFO - Creating 927 sequences...
2025-03-08 21:58:49,877 - INFO - Sequence preparation completed. X shape: (927, 624), y shape: (927, 6, 1)
2025-03-08 21:58:49,877 - INFO - Sequence preparation took 0.02 seconds
2025-03-08 21:58:49,896 - INFO - Evaluation completed in 0.04 seconds
2025-03-08 21:58:49,896 - INFO - Evaluation metrics - MAE: 29.59, RMSE: 32.83
2025-03-08 21:58:49,896 - INFO - Generating prediction plots for Kandivali
2025-03-08 21:58:50,679 - INFO - Saved prediction plot to predictions/xgboost_prediction_Kandivali.png
2025-03-08 21:58:51,033 - INFO - Saved error distribution plot to predictions/xgboost_error_distribution_Kandivali.png
2025-03-08 21:58:51,033 - INFO - 
Final Evaluation Results:
2025-03-08 21:58:51,033 - INFO - MAE: 29.59
2025-03-08 21:58:51,033 - INFO - RMSE: 32.83
2025-03-08 21:58:51,033 - INFO - Initializing Gradient Boosting Predictor for Vasai
2025-03-08 21:58:51,033 - INFO - Sequence length: 24, Prediction horizon: 6
2025-03-08 21:58:51,034 - INFO - Loading cleaned data from cleaned_data/Vasai_spatial_average.csv
2025-03-08 21:58:51,044 - INFO - Loaded cleaned data with shape: (5400, 4)
2025-03-08 21:58:51,045 - INFO - Features selected: ['PM10', 'RH', 'AT']
2025-03-08 21:58:51,045 - INFO - Starting model training with 4320 samples
2025-03-08 21:58:51,045 - INFO - Preparing sequences from data with shape: (4320, 4)
2025-03-08 21:58:51,053 - INFO - Creating 4291 sequences...
2025-03-08 21:58:51,062 - INFO - Sequence preparation completed. X shape: (4291, 624), y shape: (4291, 6, 1)
2025-03-08 21:58:51,062 - INFO - Sequence preparation took 0.02 seconds
2025-03-08 21:58:51,063 - INFO - Training model for step 1/6
2025-03-08 21:58:56,875 - INFO - Training model for step 2/6
2025-03-08 21:59:03,657 - INFO - Training model for step 3/6
2025-03-08 21:59:10,400 - INFO - Training model for step 4/6
2025-03-08 21:59:16,895 - INFO - Training model for step 5/6
2025-03-08 21:59:23,328 - INFO - Training model for step 6/6
2025-03-08 21:59:29,997 - INFO - Training completed in 38.95 seconds
2025-03-08 21:59:29,998 - INFO - Evaluating predictions for Vasai
2025-03-08 21:59:29,999 - INFO - Preparing sequences from data with shape: (1080, 4)
2025-03-08 21:59:30,017 - INFO - Creating 1051 sequences...
2025-03-08 21:59:30,020 - INFO - Sequence preparation completed. X shape: (1051, 624), y shape: (1051, 6, 1)
2025-03-08 21:59:30,020 - INFO - Sequence preparation took 0.02 seconds
2025-03-08 21:59:30,039 - INFO - Evaluation completed in 0.04 seconds
2025-03-08 21:59:30,039 - INFO - Evaluation metrics - MAE: 35.90, RMSE: 39.06
2025-03-08 21:59:30,040 - INFO - Generating prediction plots for Vasai
2025-03-08 21:59:30,808 - INFO - Saved prediction plot to predictions/xgboost_prediction_Vasai.png
2025-03-08 21:59:31,133 - INFO - Saved error distribution plot to predictions/xgboost_error_distribution_Vasai.png
2025-03-08 21:59:31,133 - INFO - 
Final Evaluation Results:
2025-03-08 21:59:31,133 - INFO - MAE: 35.90
2025-03-08 21:59:31,133 - INFO - RMSE: 39.06
2025-03-08 21:59:31,133 - INFO - Initializing Gradient Boosting Predictor for Sion
2025-03-08 21:59:31,133 - INFO - Sequence length: 24, Prediction horizon: 6
2025-03-08 21:59:31,135 - INFO - Loading cleaned data from cleaned_data/Sion_spatial_average.csv
2025-03-08 21:59:31,152 - INFO - Loaded cleaned data with shape: (5280, 4)
2025-03-08 21:59:31,152 - INFO - Features selected: ['PM10', 'RH', 'AT']
2025-03-08 21:59:31,153 - INFO - Starting model training with 4224 samples
2025-03-08 21:59:31,153 - INFO - Preparing sequences from data with shape: (4224, 4)
2025-03-08 21:59:31,161 - INFO - Creating 4195 sequences...
2025-03-08 21:59:31,169 - INFO - Sequence preparation completed. X shape: (4195, 624), y shape: (4195, 6, 1)
2025-03-08 21:59:31,169 - INFO - Sequence preparation took 0.02 seconds
2025-03-08 21:59:31,170 - INFO - Training model for step 1/6
2025-03-08 21:59:37,051 - INFO - Training model for step 2/6
2025-03-08 21:59:43,713 - INFO - Training model for step 3/6
2025-03-08 21:59:50,581 - INFO - Training model for step 4/6
2025-03-08 21:59:57,551 - INFO - Training model for step 5/6
2025-03-08 22:00:04,541 - INFO - Training model for step 6/6
2025-03-08 22:00:11,853 - INFO - Training completed in 40.70 seconds
2025-03-08 22:00:11,854 - INFO - Evaluating predictions for Sion
2025-03-08 22:00:11,854 - INFO - Preparing sequences from data with shape: (1056, 4)
2025-03-08 22:00:11,873 - INFO - Creating 1027 sequences...
2025-03-08 22:00:11,876 - INFO - Sequence preparation completed. X shape: (1027, 624), y shape: (1027, 6, 1)
2025-03-08 22:00:11,876 - INFO - Sequence preparation took 0.02 seconds
2025-03-08 22:00:11,900 - INFO - Evaluation completed in 0.05 seconds
2025-03-08 22:00:11,901 - INFO - Evaluation metrics - MAE: 36.59, RMSE: 38.69
2025-03-08 22:00:11,901 - INFO - Generating prediction plots for Sion
2025-03-08 22:00:12,658 - INFO - Saved prediction plot to predictions/xgboost_prediction_Sion.png
2025-03-08 22:00:12,995 - INFO - Saved error distribution plot to predictions/xgboost_error_distribution_Sion.png
2025-03-08 22:00:12,996 - INFO - 
Final Evaluation Results:
2025-03-08 22:00:12,996 - INFO - MAE: 36.59
2025-03-08 22:00:12,996 - INFO - RMSE: 38.69
2025-03-08 22:00:12,996 - INFO - Initializing Gradient Boosting Predictor for Colaba
2025-03-08 22:00:12,996 - INFO - Sequence length: 24, Prediction horizon: 6
2025-03-08 22:00:12,997 - INFO - Loading cleaned data from cleaned_data/Colaba_spatial_average.csv
2025-03-08 22:00:13,007 - INFO - Loaded cleaned data with shape: (4776, 4)
2025-03-08 22:00:13,007 - INFO - Features selected: ['PM10', 'RH', 'AT']
2025-03-08 22:00:13,008 - INFO - Starting model training with 3820 samples
2025-03-08 22:00:13,008 - INFO - Preparing sequences from data with shape: (3820, 4)
2025-03-08 22:00:13,015 - INFO - Creating 3791 sequences...
2025-03-08 22:00:13,022 - INFO - Sequence preparation completed. X shape: (3791, 624), y shape: (3791, 6, 1)
2025-03-08 22:00:13,022 - INFO - Sequence preparation took 0.01 seconds
2025-03-08 22:00:13,022 - INFO - Training model for step 1/6
2025-03-08 22:00:19,509 - INFO - Training model for step 2/6
2025-03-08 22:00:26,927 - INFO - Training model for step 3/6
2025-03-08 22:00:34,076 - INFO - Training model for step 4/6
2025-03-08 22:00:40,938 - INFO - Training model for step 5/6
2025-03-08 22:00:48,106 - INFO - Training model for step 6/6
2025-03-08 22:00:55,198 - INFO - Training completed in 42.19 seconds
2025-03-08 22:00:55,198 - INFO - Evaluating predictions for Colaba
2025-03-08 22:00:55,198 - INFO - Preparing sequences from data with shape: (956, 4)
2025-03-08 22:00:55,216 - INFO - Creating 927 sequences...
2025-03-08 22:00:55,219 - INFO - Sequence preparation completed. X shape: (927, 624), y shape: (927, 6, 1)
2025-03-08 22:00:55,219 - INFO - Sequence preparation took 0.02 seconds
2025-03-08 22:00:55,237 - INFO - Evaluation completed in 0.04 seconds
2025-03-08 22:00:55,237 - INFO - Evaluation metrics - MAE: 19.81, RMSE: 22.26
2025-03-08 22:00:55,238 - INFO - Generating prediction plots for Colaba
2025-03-08 22:00:56,010 - INFO - Saved prediction plot to predictions/xgboost_prediction_Colaba.png
2025-03-08 22:00:56,348 - INFO - Saved error distribution plot to predictions/xgboost_error_distribution_Colaba.png
2025-03-08 22:00:56,348 - INFO - 
Final Evaluation Results:
2025-03-08 22:00:56,348 - INFO - MAE: 19.81
2025-03-08 22:00:56,348 - INFO - RMSE: 22.26
2025-03-08 22:00:56,348 - INFO - Initializing Gradient Boosting Predictor for Worli
2025-03-08 22:00:56,348 - INFO - Sequence length: 24, Prediction horizon: 6
2025-03-08 22:00:56,350 - INFO - Loading cleaned data from cleaned_data/Worli_spatial_average.csv
2025-03-08 22:00:56,359 - INFO - Loaded cleaned data with shape: (5400, 4)
2025-03-08 22:00:56,359 - INFO - Features selected: ['PM10', 'RH', 'AT']
2025-03-08 22:00:56,360 - INFO - Starting model training with 4320 samples
2025-03-08 22:00:56,360 - INFO - Preparing sequences from data with shape: (4320, 4)
2025-03-08 22:00:56,369 - INFO - Creating 4291 sequences...
2025-03-08 22:00:56,376 - INFO - Sequence preparation completed. X shape: (4291, 624), y shape: (4291, 6, 1)
2025-03-08 22:00:56,376 - INFO - Sequence preparation took 0.02 seconds
2025-03-08 22:00:56,377 - INFO - Training model for step 1/6
2025-03-08 22:01:02,618 - INFO - Training model for step 2/6
2025-03-08 22:01:09,510 - INFO - Training model for step 3/6
2025-03-08 22:01:16,474 - INFO - Training model for step 4/6
2025-03-08 22:01:23,680 - INFO - Training model for step 5/6
2025-03-08 22:01:30,611 - INFO - Training model for step 6/6
2025-03-08 22:01:37,522 - INFO - Training completed in 41.16 seconds
2025-03-08 22:01:37,522 - INFO - Evaluating predictions for Worli
2025-03-08 22:01:37,523 - INFO - Preparing sequences from data with shape: (1080, 4)
2025-03-08 22:01:37,541 - INFO - Creating 1051 sequences...
2025-03-08 22:01:37,544 - INFO - Sequence preparation completed. X shape: (1051, 624), y shape: (1051, 6, 1)
2025-03-08 22:01:37,545 - INFO - Sequence preparation took 0.02 seconds
2025-03-08 22:01:37,568 - INFO - Evaluation completed in 0.05 seconds
2025-03-08 22:01:37,568 - INFO - Evaluation metrics - MAE: 43.76, RMSE: 45.80
2025-03-08 22:01:37,569 - INFO - Generating prediction plots for Worli
2025-03-08 22:01:38,349 - INFO - Saved prediction plot to predictions/xgboost_prediction_Worli.png
2025-03-08 22:01:38,808 - INFO - Saved error distribution plot to predictions/xgboost_error_distribution_Worli.png
2025-03-08 22:01:38,808 - INFO - 
Final Evaluation Results:
2025-03-08 22:01:38,809 - INFO - MAE: 43.76
2025-03-08 22:01:38,809 - INFO - RMSE: 45.80
2025-03-08 22:01:38,809 - INFO - Initializing Gradient Boosting Predictor for Colaba
2025-03-08 22:01:38,809 - INFO - Sequence length: 24, Prediction horizon: 6
2025-03-08 22:01:38,810 - INFO - Loading cleaned data from cleaned_data/Colaba_spatial_average.csv
2025-03-08 22:01:38,818 - INFO - Loaded cleaned data with shape: (4776, 4)
2025-03-08 22:01:38,818 - INFO - Features selected: ['PM10', 'RH', 'AT']
2025-03-08 22:01:38,818 - INFO - Starting model training with 3820 samples
2025-03-08 22:01:38,818 - INFO - Preparing sequences from data with shape: (3820, 4)
2025-03-08 22:01:38,825 - INFO - Creating 3791 sequences...
2025-03-08 22:01:38,832 - INFO - Sequence preparation completed. X shape: (3791, 624), y shape: (3791, 6, 1)
2025-03-08 22:01:38,832 - INFO - Sequence preparation took 0.01 seconds
2025-03-08 22:01:38,832 - INFO - Training model for step 1/6
2025-03-08 22:01:45,226 - INFO - Training model for step 2/6
2025-03-08 22:01:51,957 - INFO - Training model for step 3/6
2025-03-08 22:01:59,016 - INFO - Training model for step 4/6
2025-03-08 22:02:06,641 - INFO - Training model for step 5/6
2025-03-08 22:02:13,674 - INFO - Training model for step 6/6
2025-03-08 22:02:20,755 - INFO - Training completed in 41.94 seconds
2025-03-08 22:02:20,756 - INFO - Evaluating predictions for Colaba
2025-03-08 22:02:20,756 - INFO - Preparing sequences from data with shape: (956, 4)
2025-03-08 22:02:20,773 - INFO - Creating 927 sequences...
2025-03-08 22:02:20,776 - INFO - Sequence preparation completed. X shape: (927, 624), y shape: (927, 6, 1)
2025-03-08 22:02:20,776 - INFO - Sequence preparation took 0.02 seconds
2025-03-08 22:02:20,803 - INFO - Evaluation completed in 0.05 seconds
2025-03-08 22:02:20,804 - INFO - Evaluation metrics - MAE: 19.81, RMSE: 22.26
2025-03-08 22:02:20,804 - INFO - Generating prediction plots for Colaba
2025-03-08 22:02:21,566 - INFO - Saved prediction plot to predictions/xgboost_prediction_Colaba.png
2025-03-08 22:02:21,914 - INFO - Saved error distribution plot to predictions/xgboost_error_distribution_Colaba.png
2025-03-08 22:02:21,914 - INFO - 
Final Evaluation Results:
2025-03-08 22:02:21,914 - INFO - MAE: 19.81
2025-03-08 22:02:21,914 - INFO - RMSE: 22.26
2025-03-08 22:02:21,914 - INFO - Initializing Gradient Boosting Predictor for Sion
2025-03-08 22:02:21,914 - INFO - Sequence length: 24, Prediction horizon: 6
2025-03-08 22:02:21,916 - INFO - Loading cleaned data from cleaned_data/Sion_spatial_average.csv
2025-03-08 22:02:21,925 - INFO - Loaded cleaned data with shape: (5280, 4)
2025-03-08 22:02:21,925 - INFO - Features selected: ['PM10', 'RH', 'AT']
2025-03-08 22:02:21,925 - INFO - Starting model training with 4224 samples
2025-03-08 22:02:21,925 - INFO - Preparing sequences from data with shape: (4224, 4)
2025-03-08 22:02:21,935 - INFO - Creating 4195 sequences...
2025-03-08 22:02:21,944 - INFO - Sequence preparation completed. X shape: (4195, 624), y shape: (4195, 6, 1)
2025-03-08 22:02:21,944 - INFO - Sequence preparation took 0.02 seconds
2025-03-08 22:02:21,944 - INFO - Training model for step 1/6
2025-03-08 22:02:28,270 - INFO - Training model for step 2/6
2025-03-08 22:02:35,911 - INFO - Training model for step 3/6
2025-03-08 22:02:43,063 - INFO - Training model for step 4/6
2025-03-08 22:02:49,939 - INFO - Training model for step 5/6
2025-03-08 22:02:56,761 - INFO - Training model for step 6/6
2025-03-08 22:03:03,465 - INFO - Training completed in 41.54 seconds
2025-03-08 22:03:03,466 - INFO - Evaluating predictions for Sion
2025-03-08 22:03:03,466 - INFO - Preparing sequences from data with shape: (1056, 4)
2025-03-08 22:03:03,482 - INFO - Creating 1027 sequences...
2025-03-08 22:03:03,486 - INFO - Sequence preparation completed. X shape: (1027, 624), y shape: (1027, 6, 1)
2025-03-08 22:03:03,486 - INFO - Sequence preparation took 0.02 seconds
2025-03-08 22:03:03,504 - INFO - Evaluation completed in 0.04 seconds
2025-03-08 22:03:03,505 - INFO - Evaluation metrics - MAE: 36.59, RMSE: 38.69
2025-03-08 22:03:03,505 - INFO - Generating prediction plots for Sion
2025-03-08 22:03:04,256 - INFO - Saved prediction plot to predictions/xgboost_prediction_Sion.png
2025-03-08 22:03:04,564 - INFO - Saved error distribution plot to predictions/xgboost_error_distribution_Sion.png
2025-03-08 22:03:04,564 - INFO - 
Final Evaluation Results:
2025-03-08 22:03:04,564 - INFO - MAE: 36.59
2025-03-08 22:03:04,564 - INFO - RMSE: 38.69
2025-03-08 22:03:04,564 - INFO - Initializing Gradient Boosting Predictor for Colaba
2025-03-08 22:03:04,564 - INFO - Sequence length: 24, Prediction horizon: 6
2025-03-08 22:03:04,565 - INFO - Loading cleaned data from cleaned_data/Colaba_spatial_average.csv
2025-03-08 22:03:04,574 - INFO - Loaded cleaned data with shape: (4776, 4)
2025-03-08 22:03:04,574 - INFO - Features selected: ['PM10', 'RH', 'AT']
2025-03-08 22:03:04,575 - INFO - Starting model training with 3820 samples
2025-03-08 22:03:04,575 - INFO - Preparing sequences from data with shape: (3820, 4)
2025-03-08 22:03:04,583 - INFO - Creating 3791 sequences...
2025-03-08 22:03:04,590 - INFO - Sequence preparation completed. X shape: (3791, 624), y shape: (3791, 6, 1)
2025-03-08 22:03:04,590 - INFO - Sequence preparation took 0.01 seconds
2025-03-08 22:03:04,590 - INFO - Training model for step 1/6
2025-03-08 22:03:10,482 - INFO - Training model for step 2/6
2025-03-08 22:03:17,074 - INFO - Training model for step 3/6
2025-03-08 22:03:23,518 - INFO - Training model for step 4/6
2025-03-08 22:03:30,153 - INFO - Training model for step 5/6
2025-03-08 22:03:36,556 - INFO - Training model for step 6/6
2025-03-08 22:03:42,955 - INFO - Training completed in 38.38 seconds
2025-03-08 22:03:42,956 - INFO - Evaluating predictions for Colaba
2025-03-08 22:03:42,956 - INFO - Preparing sequences from data with shape: (956, 4)
2025-03-08 22:03:42,967 - INFO - Creating 927 sequences...
2025-03-08 22:03:42,970 - INFO - Sequence preparation completed. X shape: (927, 624), y shape: (927, 6, 1)
2025-03-08 22:03:42,970 - INFO - Sequence preparation took 0.01 seconds
2025-03-08 22:03:42,988 - INFO - Evaluation completed in 0.03 seconds
2025-03-08 22:03:42,988 - INFO - Evaluation metrics - MAE: 19.81, RMSE: 22.26
2025-03-08 22:03:42,989 - INFO - Generating prediction plots for Colaba
2025-03-08 22:03:43,743 - INFO - Saved prediction plot to predictions/xgboost_prediction_Colaba.png
2025-03-08 22:03:44,051 - INFO - Saved error distribution plot to predictions/xgboost_error_distribution_Colaba.png
2025-03-08 22:03:44,051 - INFO - 
Final Evaluation Results:
2025-03-08 22:03:44,051 - INFO - MAE: 19.81
2025-03-08 22:03:44,051 - INFO - RMSE: 22.26
2025-03-08 22:03:44,051 - INFO - Initializing Gradient Boosting Predictor for Borivali
2025-03-08 22:03:44,051 - INFO - Sequence length: 24, Prediction horizon: 6
2025-03-08 22:03:44,052 - INFO - Loading cleaned data from cleaned_data/Borivali_spatial_average.csv
2025-03-08 22:03:44,060 - INFO - Loaded cleaned data with shape: (5400, 4)
2025-03-08 22:03:44,060 - INFO - Features selected: ['PM10', 'RH', 'AT']
2025-03-08 22:03:44,060 - INFO - Starting model training with 4320 samples
2025-03-08 22:03:44,060 - INFO - Preparing sequences from data with shape: (4320, 4)
2025-03-08 22:03:44,068 - INFO - Creating 4291 sequences...
2025-03-08 22:03:44,076 - INFO - Sequence preparation completed. X shape: (4291, 624), y shape: (4291, 6, 1)
2025-03-08 22:03:44,076 - INFO - Sequence preparation took 0.02 seconds
2025-03-08 22:03:44,076 - INFO - Training model for step 1/6
2025-03-08 22:03:49,544 - INFO - Training model for step 2/6
2025-03-08 22:03:55,448 - INFO - Training model for step 3/6
2025-03-08 22:04:01,495 - INFO - Training model for step 4/6
2025-03-08 22:04:07,250 - INFO - Training model for step 5/6
2025-03-08 22:04:13,111 - INFO - Training model for step 6/6
2025-03-08 22:04:20,289 - INFO - Training completed in 36.23 seconds
2025-03-08 22:04:20,289 - INFO - Evaluating predictions for Borivali
2025-03-08 22:04:20,290 - INFO - Preparing sequences from data with shape: (1080, 4)
2025-03-08 22:04:20,308 - INFO - Creating 1051 sequences...
2025-03-08 22:04:20,312 - INFO - Sequence preparation completed. X shape: (1051, 624), y shape: (1051, 6, 1)
2025-03-08 22:04:20,312 - INFO - Sequence preparation took 0.02 seconds
2025-03-08 22:04:20,333 - INFO - Evaluation completed in 0.04 seconds
2025-03-08 22:04:20,333 - INFO - Evaluation metrics - MAE: 34.71, RMSE: 36.90
2025-03-08 22:04:20,334 - INFO - Generating prediction plots for Borivali
2025-03-08 22:04:21,087 - INFO - Saved prediction plot to predictions/xgboost_prediction_Borivali.png
2025-03-08 22:04:21,405 - INFO - Saved error distribution plot to predictions/xgboost_error_distribution_Borivali.png
2025-03-08 22:04:21,405 - INFO - 
Final Evaluation Results:
2025-03-08 22:04:21,406 - INFO - MAE: 34.71
2025-03-08 22:04:21,406 - INFO - RMSE: 36.90
2025-03-08 22:04:21,406 - INFO - Initializing Gradient Boosting Predictor for Vasai
2025-03-08 22:04:21,406 - INFO - Sequence length: 24, Prediction horizon: 6
2025-03-08 22:04:21,407 - INFO - Loading cleaned data from cleaned_data/Vasai_spatial_average.csv
2025-03-08 22:04:21,416 - INFO - Loaded cleaned data with shape: (5400, 4)
2025-03-08 22:04:21,416 - INFO - Features selected: ['PM10', 'RH', 'AT']
2025-03-08 22:04:21,416 - INFO - Starting model training with 4320 samples
2025-03-08 22:04:21,416 - INFO - Preparing sequences from data with shape: (4320, 4)
2025-03-08 22:04:21,424 - INFO - Creating 4291 sequences...
2025-03-08 22:04:21,432 - INFO - Sequence preparation completed. X shape: (4291, 624), y shape: (4291, 6, 1)
2025-03-08 22:04:21,432 - INFO - Sequence preparation took 0.02 seconds
2025-03-08 22:04:21,433 - INFO - Training model for step 1/6
2025-03-08 22:04:26,702 - INFO - Training model for step 2/6
2025-03-08 22:04:33,393 - INFO - Training model for step 3/6
2025-03-08 22:04:39,286 - INFO - Training model for step 4/6
2025-03-08 22:04:44,756 - INFO - Training model for step 5/6
2025-03-08 22:04:50,588 - INFO - Training model for step 6/6
2025-03-08 22:04:56,062 - INFO - Training completed in 34.65 seconds
2025-03-08 22:04:56,063 - INFO - Evaluating predictions for Vasai
2025-03-08 22:04:56,063 - INFO - Preparing sequences from data with shape: (1080, 4)
2025-03-08 22:04:56,077 - INFO - Creating 1051 sequences...
2025-03-08 22:04:56,079 - INFO - Sequence preparation completed. X shape: (1051, 624), y shape: (1051, 6, 1)
2025-03-08 22:04:56,079 - INFO - Sequence preparation took 0.02 seconds
2025-03-08 22:04:56,093 - INFO - Evaluation completed in 0.03 seconds
2025-03-08 22:04:56,093 - INFO - Evaluation metrics - MAE: 35.90, RMSE: 39.06
2025-03-08 22:04:56,094 - INFO - Generating prediction plots for Vasai
2025-03-08 22:04:56,823 - INFO - Saved prediction plot to predictions/xgboost_prediction_Vasai.png
2025-03-08 22:04:57,125 - INFO - Saved error distribution plot to predictions/xgboost_error_distribution_Vasai.png
2025-03-08 22:04:57,125 - INFO - 
Final Evaluation Results:
2025-03-08 22:04:57,125 - INFO - MAE: 35.90
2025-03-08 22:04:57,125 - INFO - RMSE: 39.06
2025-03-08 22:04:57,125 - INFO - Initializing Gradient Boosting Predictor for Bandra
2025-03-08 22:04:57,125 - INFO - Sequence length: 24, Prediction horizon: 6
2025-03-08 22:04:57,126 - INFO - Loading cleaned data from cleaned_data/Bandra_spatial_average.csv
2025-03-08 22:04:57,135 - INFO - Loaded cleaned data with shape: (5404, 4)
2025-03-08 22:04:57,135 - INFO - Features selected: ['PM10', 'RH', 'AT']
2025-03-08 22:04:57,135 - INFO - Starting model training with 4323 samples
2025-03-08 22:04:57,135 - INFO - Preparing sequences from data with shape: (4323, 4)
2025-03-08 22:04:57,143 - INFO - Creating 4294 sequences...
2025-03-08 22:04:57,151 - INFO - Sequence preparation completed. X shape: (4294, 624), y shape: (4294, 6, 1)
2025-03-08 22:04:57,151 - INFO - Sequence preparation took 0.02 seconds
2025-03-08 22:04:57,151 - INFO - Training model for step 1/6
2025-03-08 22:05:01,465 - INFO - Training model for step 2/6
2025-03-08 22:05:05,986 - INFO - Training model for step 3/6
2025-03-08 22:05:10,705 - INFO - Training model for step 4/6
2025-03-08 22:05:14,930 - INFO - Training model for step 5/6
2025-03-08 22:05:19,678 - INFO - Training model for step 6/6
2025-03-08 22:05:24,752 - INFO - Training completed in 27.62 seconds
2025-03-08 22:05:24,752 - INFO - Evaluating predictions for Bandra
2025-03-08 22:05:24,752 - INFO - Preparing sequences from data with shape: (1081, 4)
2025-03-08 22:05:24,766 - INFO - Creating 1052 sequences...
2025-03-08 22:05:24,769 - INFO - Sequence preparation completed. X shape: (1052, 624), y shape: (1052, 6, 1)
2025-03-08 22:05:24,769 - INFO - Sequence preparation took 0.02 seconds
2025-03-08 22:05:24,786 - INFO - Evaluation completed in 0.03 seconds
2025-03-08 22:05:24,786 - INFO - Evaluation metrics - MAE: 11.40, RMSE: 14.81
2025-03-08 22:05:24,787 - INFO - Generating prediction plots for Bandra
2025-03-08 22:05:25,435 - INFO - Saved prediction plot to predictions/xgboost_prediction_Bandra.png
2025-03-08 22:05:25,776 - INFO - Saved error distribution plot to predictions/xgboost_error_distribution_Bandra.png
2025-03-08 22:05:25,777 - INFO - 
Final Evaluation Results:
2025-03-08 22:05:25,777 - INFO - MAE: 11.40
2025-03-08 22:05:25,777 - INFO - RMSE: 14.81
2025-03-08 22:05:25,777 - INFO - Initializing Gradient Boosting Predictor for Mulund
2025-03-08 22:05:25,777 - INFO - Sequence length: 24, Prediction horizon: 6
2025-03-08 22:05:25,778 - INFO - Loading cleaned data from cleaned_data/Mulund_spatial_average.csv
2025-03-08 22:05:25,786 - INFO - Loaded cleaned data with shape: (5400, 4)
2025-03-08 22:05:25,786 - INFO - Features selected: ['PM10', 'RH', 'AT']
2025-03-08 22:05:25,786 - INFO - Starting model training with 4320 samples
2025-03-08 22:05:25,786 - INFO - Preparing sequences from data with shape: (4320, 4)
2025-03-08 22:05:25,793 - INFO - Creating 4291 sequences...
2025-03-08 22:05:25,800 - INFO - Sequence preparation completed. X shape: (4291, 624), y shape: (4291, 6, 1)
2025-03-08 22:05:25,800 - INFO - Sequence preparation took 0.01 seconds
2025-03-08 22:05:25,800 - INFO - Training model for step 1/6
2025-03-08 22:05:30,359 - INFO - Training model for step 2/6
2025-03-08 22:05:35,988 - INFO - Training model for step 3/6
2025-03-08 22:05:43,387 - INFO - Training model for step 4/6
2025-03-08 22:05:50,927 - INFO - Training model for step 5/6
2025-03-08 22:05:57,701 - INFO - Training model for step 6/6
2025-03-08 22:06:04,561 - INFO - Training completed in 38.77 seconds
2025-03-08 22:06:04,561 - INFO - Evaluating predictions for Mulund
2025-03-08 22:06:04,561 - INFO - Preparing sequences from data with shape: (1080, 4)
2025-03-08 22:06:04,578 - INFO - Creating 1051 sequences...
2025-03-08 22:06:04,581 - INFO - Sequence preparation completed. X shape: (1051, 624), y shape: (1051, 6, 1)
2025-03-08 22:06:04,581 - INFO - Sequence preparation took 0.02 seconds
2025-03-08 22:06:04,605 - INFO - Evaluation completed in 0.04 seconds
2025-03-08 22:06:04,605 - INFO - Evaluation metrics - MAE: 36.77, RMSE: 40.14
2025-03-08 22:06:04,605 - INFO - Generating prediction plots for Mulund
2025-03-08 22:06:05,337 - INFO - Saved prediction plot to predictions/xgboost_prediction_Mulund.png
2025-03-08 22:06:05,685 - INFO - Saved error distribution plot to predictions/xgboost_error_distribution_Mulund.png
2025-03-08 22:06:05,685 - INFO - 
Final Evaluation Results:
2025-03-08 22:06:05,685 - INFO - MAE: 36.77
2025-03-08 22:06:05,685 - INFO - RMSE: 40.14
2025-03-08 22:06:05,685 - INFO - Initializing Gradient Boosting Predictor for Bandra
2025-03-08 22:06:05,685 - INFO - Sequence length: 24, Prediction horizon: 6
2025-03-08 22:06:05,686 - INFO - Loading cleaned data from cleaned_data/Bandra_spatial_average.csv
2025-03-08 22:06:05,697 - INFO - Loaded cleaned data with shape: (5404, 4)
2025-03-08 22:06:05,697 - INFO - Features selected: ['PM10', 'RH', 'AT']
2025-03-08 22:06:05,697 - INFO - Starting model training with 4323 samples
2025-03-08 22:06:05,697 - INFO - Preparing sequences from data with shape: (4323, 4)
2025-03-08 22:06:05,706 - INFO - Creating 4294 sequences...
2025-03-08 22:06:05,714 - INFO - Sequence preparation completed. X shape: (4294, 624), y shape: (4294, 6, 1)
2025-03-08 22:06:05,714 - INFO - Sequence preparation took 0.02 seconds
2025-03-08 22:06:05,715 - INFO - Training model for step 1/6
2025-03-08 22:06:11,638 - INFO - Training model for step 2/6
2025-03-08 22:06:17,869 - INFO - Training model for step 3/6
2025-03-08 22:06:24,466 - INFO - Training model for step 4/6
2025-03-08 22:06:31,270 - INFO - Training model for step 5/6
2025-03-08 22:06:38,333 - INFO - Training model for step 6/6
2025-03-08 22:06:45,754 - INFO - Training completed in 40.06 seconds
2025-03-08 22:06:45,755 - INFO - Evaluating predictions for Bandra
2025-03-08 22:06:45,755 - INFO - Preparing sequences from data with shape: (1081, 4)
2025-03-08 22:06:45,777 - INFO - Creating 1052 sequences...
2025-03-08 22:06:45,780 - INFO - Sequence preparation completed. X shape: (1052, 624), y shape: (1052, 6, 1)
2025-03-08 22:06:45,780 - INFO - Sequence preparation took 0.03 seconds
2025-03-08 22:06:45,809 - INFO - Evaluation completed in 0.05 seconds
2025-03-08 22:06:45,809 - INFO - Evaluation metrics - MAE: 11.40, RMSE: 14.81
2025-03-08 22:06:45,810 - INFO - Generating prediction plots for Bandra
2025-03-08 22:06:46,783 - INFO - Saved prediction plot to predictions/xgboost_prediction_Bandra.png
2025-03-08 22:06:47,237 - INFO - Saved error distribution plot to predictions/xgboost_error_distribution_Bandra.png
2025-03-08 22:06:47,237 - INFO - 
Final Evaluation Results:
2025-03-08 22:06:47,237 - INFO - MAE: 11.40
2025-03-08 22:06:47,237 - INFO - RMSE: 14.81
2025-03-08 22:06:47,237 - INFO - Initializing Gradient Boosting Predictor for Sion
2025-03-08 22:06:47,237 - INFO - Sequence length: 24, Prediction horizon: 6
2025-03-08 22:06:47,239 - INFO - Loading cleaned data from cleaned_data/Sion_spatial_average.csv
2025-03-08 22:06:47,248 - INFO - Loaded cleaned data with shape: (5280, 4)
2025-03-08 22:06:47,248 - INFO - Features selected: ['PM10', 'RH', 'AT']
2025-03-08 22:06:47,248 - INFO - Starting model training with 4224 samples
2025-03-08 22:06:47,248 - INFO - Preparing sequences from data with shape: (4224, 4)
2025-03-08 22:06:47,259 - INFO - Creating 4195 sequences...
2025-03-08 22:06:47,268 - INFO - Sequence preparation completed. X shape: (4195, 624), y shape: (4195, 6, 1)
2025-03-08 22:06:47,268 - INFO - Sequence preparation took 0.02 seconds
2025-03-08 22:06:47,268 - INFO - Training model for step 1/6
2025-03-08 22:06:54,794 - INFO - Training model for step 2/6
2025-03-08 22:07:03,555 - INFO - Training model for step 3/6
2025-03-08 22:07:12,142 - INFO - Training model for step 4/6
2025-03-08 22:07:20,363 - INFO - Training model for step 5/6
2025-03-08 22:07:28,618 - INFO - Training model for step 6/6
2025-03-08 22:07:36,787 - INFO - Training completed in 49.54 seconds
2025-03-08 22:07:36,788 - INFO - Evaluating predictions for Sion
2025-03-08 22:07:36,789 - INFO - Preparing sequences from data with shape: (1056, 4)
2025-03-08 22:07:36,810 - INFO - Creating 1027 sequences...
2025-03-08 22:07:36,814 - INFO - Sequence preparation completed. X shape: (1027, 624), y shape: (1027, 6, 1)
2025-03-08 22:07:36,814 - INFO - Sequence preparation took 0.03 seconds
2025-03-08 22:07:36,835 - INFO - Evaluation completed in 0.05 seconds
2025-03-08 22:07:36,835 - INFO - Evaluation metrics - MAE: 36.59, RMSE: 38.69
2025-03-08 22:07:36,836 - INFO - Generating prediction plots for Sion
2025-03-08 22:07:37,644 - INFO - Saved prediction plot to predictions/xgboost_prediction_Sion.png
2025-03-08 22:07:38,027 - INFO - Saved error distribution plot to predictions/xgboost_error_distribution_Sion.png
2025-03-08 22:07:38,030 - INFO - 
Final Evaluation Results:
2025-03-08 22:07:38,030 - INFO - MAE: 36.59
2025-03-08 22:07:38,030 - INFO - RMSE: 38.69
2025-03-08 22:07:38,030 - INFO - Initializing Gradient Boosting Predictor for Mulund
2025-03-08 22:07:38,030 - INFO - Sequence length: 24, Prediction horizon: 6
2025-03-08 22:07:38,031 - INFO - Loading cleaned data from cleaned_data/Mulund_spatial_average.csv
2025-03-08 22:07:38,048 - INFO - Loaded cleaned data with shape: (5400, 4)
2025-03-08 22:07:38,048 - INFO - Features selected: ['PM10', 'RH', 'AT']
2025-03-08 22:07:38,048 - INFO - Starting model training with 4320 samples
2025-03-08 22:07:38,048 - INFO - Preparing sequences from data with shape: (4320, 4)
2025-03-08 22:07:38,057 - INFO - Creating 4291 sequences...
2025-03-08 22:07:38,065 - INFO - Sequence preparation completed. X shape: (4291, 624), y shape: (4291, 6, 1)
2025-03-08 22:07:38,066 - INFO - Sequence preparation took 0.02 seconds
2025-03-08 22:07:38,066 - INFO - Training model for step 1/6
2025-03-08 22:07:44,105 - INFO - Training model for step 2/6
2025-03-08 22:07:51,375 - INFO - Training model for step 3/6
2025-03-08 22:07:58,670 - INFO - Training model for step 4/6
2025-03-08 22:08:05,698 - INFO - Training model for step 5/6
2025-03-08 22:08:12,852 - INFO - Training model for step 6/6
2025-03-08 22:08:20,171 - INFO - Training completed in 42.12 seconds
2025-03-08 22:08:20,172 - INFO - Evaluating predictions for Mulund
2025-03-08 22:08:20,172 - INFO - Preparing sequences from data with shape: (1080, 4)
2025-03-08 22:08:20,197 - INFO - Creating 1051 sequences...
2025-03-08 22:08:20,200 - INFO - Sequence preparation completed. X shape: (1051, 624), y shape: (1051, 6, 1)
2025-03-08 22:08:20,201 - INFO - Sequence preparation took 0.03 seconds
2025-03-08 22:08:20,221 - INFO - Evaluation completed in 0.05 seconds
2025-03-08 22:08:20,221 - INFO - Evaluation metrics - MAE: 36.77, RMSE: 40.14
2025-03-08 22:08:20,222 - INFO - Generating prediction plots for Mulund
2025-03-08 22:08:21,008 - INFO - Saved prediction plot to predictions/xgboost_prediction_Mulund.png
2025-03-08 22:08:21,372 - INFO - Saved error distribution plot to predictions/xgboost_error_distribution_Mulund.png
2025-03-08 22:08:21,373 - INFO - 
Final Evaluation Results:
2025-03-08 22:08:21,373 - INFO - MAE: 36.77
2025-03-08 22:08:21,373 - INFO - RMSE: 40.14
2025-03-08 22:08:21,373 - INFO - Initializing Gradient Boosting Predictor for Bandra
2025-03-08 22:08:21,373 - INFO - Sequence length: 24, Prediction horizon: 6
2025-03-08 22:08:21,375 - INFO - Loading cleaned data from cleaned_data/Bandra_spatial_average.csv
2025-03-08 22:08:21,384 - INFO - Loaded cleaned data with shape: (5404, 4)
2025-03-08 22:08:21,384 - INFO - Features selected: ['PM10', 'RH', 'AT']
2025-03-08 22:08:21,385 - INFO - Starting model training with 4323 samples
2025-03-08 22:08:21,385 - INFO - Preparing sequences from data with shape: (4323, 4)
2025-03-08 22:08:21,394 - INFO - Creating 4294 sequences...
2025-03-08 22:08:21,402 - INFO - Sequence preparation completed. X shape: (4294, 624), y shape: (4294, 6, 1)
2025-03-08 22:08:21,402 - INFO - Sequence preparation took 0.02 seconds
2025-03-08 22:08:21,403 - INFO - Training model for step 1/6
2025-03-08 22:08:26,518 - INFO - Training model for step 2/6
2025-03-08 22:08:32,065 - INFO - Training model for step 3/6
2025-03-08 22:08:37,747 - INFO - Training model for step 4/6
2025-03-08 22:08:43,076 - INFO - Training model for step 5/6
2025-03-08 22:08:48,628 - INFO - Training model for step 6/6
2025-03-08 22:08:54,206 - INFO - Training completed in 32.82 seconds
2025-03-08 22:08:54,207 - INFO - Evaluating predictions for Bandra
2025-03-08 22:08:54,207 - INFO - Preparing sequences from data with shape: (1081, 4)
2025-03-08 22:08:54,224 - INFO - Creating 1052 sequences...
2025-03-08 22:08:54,228 - INFO - Sequence preparation completed. X shape: (1052, 624), y shape: (1052, 6, 1)
2025-03-08 22:08:54,228 - INFO - Sequence preparation took 0.02 seconds
2025-03-08 22:08:54,252 - INFO - Evaluation completed in 0.05 seconds
2025-03-08 22:08:54,252 - INFO - Evaluation metrics - MAE: 11.40, RMSE: 14.81
2025-03-08 22:08:54,253 - INFO - Generating prediction plots for Bandra
2025-03-08 22:08:55,017 - INFO - Saved prediction plot to predictions/xgboost_prediction_Bandra.png
2025-03-08 22:08:55,374 - INFO - Saved error distribution plot to predictions/xgboost_error_distribution_Bandra.png
2025-03-08 22:08:55,375 - INFO - 
Final Evaluation Results:
2025-03-08 22:08:55,375 - INFO - MAE: 11.40
2025-03-08 22:08:55,375 - INFO - RMSE: 14.81
2025-03-08 22:08:55,375 - INFO - Initializing Gradient Boosting Predictor for Mahape
2025-03-08 22:08:55,375 - INFO - Sequence length: 24, Prediction horizon: 6
2025-03-08 22:08:55,376 - INFO - Loading cleaned data from cleaned_data/Mahape_spatial_average.csv
2025-03-08 22:08:55,384 - INFO - Loaded cleaned data with shape: (5295, 4)
2025-03-08 22:08:55,384 - INFO - Features selected: ['PM10', 'RH', 'AT']
2025-03-08 22:08:55,385 - INFO - Starting model training with 4236 samples
2025-03-08 22:08:55,385 - INFO - Preparing sequences from data with shape: (4236, 4)
2025-03-08 22:08:55,393 - INFO - Creating 4207 sequences...
2025-03-08 22:08:55,400 - INFO - Sequence preparation completed. X shape: (4207, 624), y shape: (4207, 6, 1)
2025-03-08 22:08:55,401 - INFO - Sequence preparation took 0.02 seconds
2025-03-08 22:08:55,401 - INFO - Training model for step 1/6
2025-03-08 22:09:00,254 - INFO - Training model for step 2/6
2025-03-08 22:09:05,811 - INFO - Training model for step 3/6
2025-03-08 22:09:11,380 - INFO - Training model for step 4/6
2025-03-08 22:09:18,217 - INFO - Training model for step 5/6
2025-03-08 22:09:24,477 - INFO - Training model for step 6/6
2025-03-08 22:09:30,545 - INFO - Training completed in 35.16 seconds
2025-03-08 22:09:30,545 - INFO - Evaluating predictions for Mahape
2025-03-08 22:09:30,546 - INFO - Preparing sequences from data with shape: (1059, 4)
2025-03-08 22:09:30,565 - INFO - Creating 1030 sequences...
2025-03-08 22:09:30,568 - INFO - Sequence preparation completed. X shape: (1030, 624), y shape: (1030, 6, 1)
2025-03-08 22:09:30,569 - INFO - Sequence preparation took 0.02 seconds
2025-03-08 22:09:30,591 - INFO - Evaluation completed in 0.05 seconds
2025-03-08 22:09:30,591 - INFO - Evaluation metrics - MAE: 41.49, RMSE: 44.75
2025-03-08 22:09:30,592 - INFO - Generating prediction plots for Mahape
2025-03-08 22:09:31,336 - INFO - Saved prediction plot to predictions/xgboost_prediction_Mahape.png
2025-03-08 22:09:31,661 - INFO - Saved error distribution plot to predictions/xgboost_error_distribution_Mahape.png
2025-03-08 22:09:31,661 - INFO - 
Final Evaluation Results:
2025-03-08 22:09:31,661 - INFO - MAE: 41.49
2025-03-08 22:09:31,661 - INFO - RMSE: 44.75
2025-03-08 22:09:31,661 - INFO - Initializing Gradient Boosting Predictor for Kandivali
2025-03-08 22:09:31,661 - INFO - Sequence length: 24, Prediction horizon: 6
2025-03-08 22:09:31,662 - INFO - Loading cleaned data from cleaned_data/Kandivali_spatial_average.csv
2025-03-08 22:09:31,670 - INFO - Loaded cleaned data with shape: (4776, 4)
2025-03-08 22:09:31,670 - INFO - Features selected: ['PM10', 'RH', 'AT']
2025-03-08 22:09:31,671 - INFO - Starting model training with 3820 samples
2025-03-08 22:09:31,671 - INFO - Preparing sequences from data with shape: (3820, 4)
2025-03-08 22:09:31,679 - INFO - Creating 3791 sequences...
2025-03-08 22:09:31,686 - INFO - Sequence preparation completed. X shape: (3791, 624), y shape: (3791, 6, 1)
2025-03-08 22:09:31,686 - INFO - Sequence preparation took 0.01 seconds
2025-03-08 22:09:31,686 - INFO - Training model for step 1/6
2025-03-08 22:09:36,795 - INFO - Training model for step 2/6
2025-03-08 22:09:42,244 - INFO - Training model for step 3/6
2025-03-08 22:09:47,580 - INFO - Training model for step 4/6
2025-03-08 22:09:52,810 - INFO - Training model for step 5/6
2025-03-08 22:09:58,138 - INFO - Training model for step 6/6
2025-03-08 22:10:03,498 - INFO - Training completed in 31.83 seconds
2025-03-08 22:10:03,498 - INFO - Evaluating predictions for Kandivali
2025-03-08 22:10:03,498 - INFO - Preparing sequences from data with shape: (956, 4)
2025-03-08 22:10:03,516 - INFO - Creating 927 sequences...
2025-03-08 22:10:03,520 - INFO - Sequence preparation completed. X shape: (927, 624), y shape: (927, 6, 1)
2025-03-08 22:10:03,520 - INFO - Sequence preparation took 0.02 seconds
2025-03-08 22:10:03,539 - INFO - Evaluation completed in 0.04 seconds
2025-03-08 22:10:03,539 - INFO - Evaluation metrics - MAE: 29.59, RMSE: 32.83
2025-03-08 22:10:03,540 - INFO - Generating prediction plots for Kandivali
2025-03-08 22:10:04,271 - INFO - Saved prediction plot to predictions/xgboost_prediction_Kandivali.png
2025-03-08 22:10:04,580 - INFO - Saved error distribution plot to predictions/xgboost_error_distribution_Kandivali.png
2025-03-08 22:10:04,580 - INFO - 
Final Evaluation Results:
2025-03-08 22:10:04,580 - INFO - MAE: 29.59
2025-03-08 22:10:04,580 - INFO - RMSE: 32.83
2025-03-08 22:10:04,580 - INFO - Initializing Gradient Boosting Predictor for Airport
2025-03-08 22:10:04,580 - INFO - Sequence length: 24, Prediction horizon: 6
2025-03-08 22:10:04,581 - INFO - Loading cleaned data from cleaned_data/Airport_spatial_average.csv
2025-03-08 22:10:04,591 - INFO - Loaded cleaned data with shape: (5280, 4)
2025-03-08 22:10:04,591 - INFO - Features selected: ['PM10', 'RH', 'AT']
2025-03-08 22:10:04,591 - INFO - Starting model training with 4224 samples
2025-03-08 22:10:04,591 - INFO - Preparing sequences from data with shape: (4224, 4)
2025-03-08 22:10:04,599 - INFO - Creating 4195 sequences...
2025-03-08 22:10:04,607 - INFO - Sequence preparation completed. X shape: (4195, 624), y shape: (4195, 6, 1)
2025-03-08 22:10:04,607 - INFO - Sequence preparation took 0.02 seconds
2025-03-08 22:10:04,607 - INFO - Training model for step 1/6
2025-03-08 22:10:10,500 - INFO - Training model for step 2/6
2025-03-08 22:10:16,931 - INFO - Training model for step 3/6
2025-03-08 22:10:23,577 - INFO - Training model for step 4/6
2025-03-08 22:10:30,073 - INFO - Training model for step 5/6
2025-03-08 22:10:37,479 - INFO - Training model for step 6/6
2025-03-08 22:10:43,831 - INFO - Training completed in 39.24 seconds
2025-03-08 22:10:43,831 - INFO - Evaluating predictions for Airport
2025-03-08 22:10:43,831 - INFO - Preparing sequences from data with shape: (1056, 4)
2025-03-08 22:10:43,845 - INFO - Creating 1027 sequences...
2025-03-08 22:10:43,848 - INFO - Sequence preparation completed. X shape: (1027, 624), y shape: (1027, 6, 1)
2025-03-08 22:10:43,848 - INFO - Sequence preparation took 0.02 seconds
2025-03-08 22:10:43,869 - INFO - Evaluation completed in 0.04 seconds
2025-03-08 22:10:43,869 - INFO - Evaluation metrics - MAE: 15.39, RMSE: 17.48
2025-03-08 22:10:43,870 - INFO - Generating prediction plots for Airport
2025-03-08 22:10:44,601 - INFO - Saved prediction plot to predictions/xgboost_prediction_Airport.png
2025-03-08 22:10:45,018 - INFO - Saved error distribution plot to predictions/xgboost_error_distribution_Airport.png
2025-03-08 22:10:45,018 - INFO - 
Final Evaluation Results:
2025-03-08 22:10:45,018 - INFO - MAE: 15.39
2025-03-08 22:10:45,018 - INFO - RMSE: 17.48
2025-03-08 22:10:45,018 - INFO - Initializing Gradient Boosting Predictor for Nerul
2025-03-08 22:10:45,018 - INFO - Sequence length: 24, Prediction horizon: 6
2025-03-08 22:10:45,019 - INFO - Loading cleaned data from cleaned_data/Nerul_spatial_average.csv
2025-03-08 22:10:45,028 - INFO - Loaded cleaned data with shape: (5280, 4)
2025-03-08 22:10:45,028 - INFO - Features selected: ['PM10', 'RH', 'AT']
2025-03-08 22:10:45,028 - INFO - Starting model training with 4224 samples
2025-03-08 22:10:45,028 - INFO - Preparing sequences from data with shape: (4224, 4)
2025-03-08 22:10:45,036 - INFO - Creating 4195 sequences...
2025-03-08 22:10:45,043 - INFO - Sequence preparation completed. X shape: (4195, 624), y shape: (4195, 6, 1)
2025-03-08 22:10:45,043 - INFO - Sequence preparation took 0.02 seconds
2025-03-08 22:10:45,044 - INFO - Training model for step 1/6
2025-03-08 22:10:49,622 - INFO - Training model for step 2/6
2025-03-08 22:10:55,463 - INFO - Training model for step 3/6
2025-03-08 22:11:01,158 - INFO - Training model for step 4/6
2025-03-08 22:11:06,795 - INFO - Training model for step 5/6
2025-03-08 22:11:13,174 - INFO - Training model for step 6/6
2025-03-08 22:11:19,700 - INFO - Training completed in 34.67 seconds
2025-03-08 22:11:19,700 - INFO - Evaluating predictions for Nerul
2025-03-08 22:11:19,701 - INFO - Preparing sequences from data with shape: (1056, 4)
2025-03-08 22:11:19,719 - INFO - Creating 1027 sequences...
2025-03-08 22:11:19,722 - INFO - Sequence preparation completed. X shape: (1027, 624), y shape: (1027, 6, 1)
2025-03-08 22:11:19,722 - INFO - Sequence preparation took 0.02 seconds
2025-03-08 22:11:19,741 - INFO - Evaluation completed in 0.04 seconds
2025-03-08 22:11:19,741 - INFO - Evaluation metrics - MAE: 56.96, RMSE: 64.86
2025-03-08 22:11:19,742 - INFO - Generating prediction plots for Nerul
2025-03-08 22:11:20,602 - INFO - Saved prediction plot to predictions/xgboost_prediction_Nerul.png
2025-03-08 22:11:20,936 - INFO - Saved error distribution plot to predictions/xgboost_error_distribution_Nerul.png
2025-03-08 22:11:20,936 - INFO - 
Final Evaluation Results:
2025-03-08 22:11:20,936 - INFO - MAE: 56.96
2025-03-08 22:11:20,936 - INFO - RMSE: 64.86
2025-03-08 22:11:20,936 - INFO - Initializing Gradient Boosting Predictor for Colaba
2025-03-08 22:11:20,936 - INFO - Sequence length: 24, Prediction horizon: 6
2025-03-08 22:11:20,938 - INFO - Loading cleaned data from cleaned_data/Colaba_spatial_average.csv
2025-03-08 22:11:20,957 - INFO - Loaded cleaned data with shape: (4776, 4)
2025-03-08 22:11:20,957 - INFO - Features selected: ['PM10', 'RH', 'AT']
2025-03-08 22:11:20,958 - INFO - Starting model training with 3820 samples
2025-03-08 22:11:20,958 - INFO - Preparing sequences from data with shape: (3820, 4)
2025-03-08 22:11:20,966 - INFO - Creating 3791 sequences...
2025-03-08 22:11:20,972 - INFO - Sequence preparation completed. X shape: (3791, 624), y shape: (3791, 6, 1)
2025-03-08 22:11:20,972 - INFO - Sequence preparation took 0.01 seconds
2025-03-08 22:11:20,973 - INFO - Training model for step 1/6
2025-03-08 22:11:27,661 - INFO - Training model for step 2/6
2025-03-08 22:11:35,203 - INFO - Training model for step 3/6
2025-03-08 22:11:42,654 - INFO - Training model for step 4/6
2025-03-08 22:11:50,559 - INFO - Training model for step 5/6
2025-03-08 22:12:00,891 - INFO - Training model for step 6/6
2025-03-08 22:12:08,491 - INFO - Training completed in 47.53 seconds
2025-03-08 22:12:08,492 - INFO - Evaluating predictions for Colaba
2025-03-08 22:12:08,492 - INFO - Preparing sequences from data with shape: (956, 4)
2025-03-08 22:12:08,509 - INFO - Creating 927 sequences...
2025-03-08 22:12:08,512 - INFO - Sequence preparation completed. X shape: (927, 624), y shape: (927, 6, 1)
2025-03-08 22:12:08,512 - INFO - Sequence preparation took 0.02 seconds
2025-03-08 22:12:08,537 - INFO - Evaluation completed in 0.05 seconds
2025-03-08 22:12:08,537 - INFO - Evaluation metrics - MAE: 19.81, RMSE: 22.26
2025-03-08 22:12:08,538 - INFO - Generating prediction plots for Colaba
2025-03-08 22:12:09,331 - INFO - Saved prediction plot to predictions/xgboost_prediction_Colaba.png
2025-03-08 22:12:09,674 - INFO - Saved error distribution plot to predictions/xgboost_error_distribution_Colaba.png
2025-03-08 22:12:09,675 - INFO - 
Final Evaluation Results:
2025-03-08 22:12:09,675 - INFO - MAE: 19.81
2025-03-08 22:12:09,675 - INFO - RMSE: 22.26
2025-03-08 22:12:09,675 - INFO - Initializing Gradient Boosting Predictor for Worli
2025-03-08 22:12:09,675 - INFO - Sequence length: 24, Prediction horizon: 6
2025-03-08 22:12:09,678 - INFO - Loading cleaned data from cleaned_data/Worli_spatial_average.csv
2025-03-08 22:12:09,687 - INFO - Loaded cleaned data with shape: (5400, 4)
2025-03-08 22:12:09,687 - INFO - Features selected: ['PM10', 'RH', 'AT']
2025-03-08 22:12:09,688 - INFO - Starting model training with 4320 samples
2025-03-08 22:12:09,688 - INFO - Preparing sequences from data with shape: (4320, 4)
2025-03-08 22:12:09,697 - INFO - Creating 4291 sequences...
2025-03-08 22:12:09,705 - INFO - Sequence preparation completed. X shape: (4291, 624), y shape: (4291, 6, 1)
2025-03-08 22:12:09,705 - INFO - Sequence preparation took 0.02 seconds
2025-03-08 22:12:09,706 - INFO - Training model for step 1/6
2025-03-08 22:12:15,731 - INFO - Training model for step 2/6
2025-03-08 22:12:22,640 - INFO - Training model for step 3/6
2025-03-08 22:12:29,745 - INFO - Training model for step 4/6
2025-03-08 22:12:36,379 - INFO - Training model for step 5/6
2025-03-08 22:12:42,928 - INFO - Training model for step 6/6
2025-03-08 22:12:49,408 - INFO - Training completed in 39.72 seconds
2025-03-08 22:12:49,408 - INFO - Evaluating predictions for Worli
2025-03-08 22:12:49,408 - INFO - Preparing sequences from data with shape: (1080, 4)
2025-03-08 22:12:49,427 - INFO - Creating 1051 sequences...
2025-03-08 22:12:49,431 - INFO - Sequence preparation completed. X shape: (1051, 624), y shape: (1051, 6, 1)
2025-03-08 22:12:49,431 - INFO - Sequence preparation took 0.02 seconds
2025-03-08 22:12:49,452 - INFO - Evaluation completed in 0.04 seconds
2025-03-08 22:12:49,452 - INFO - Evaluation metrics - MAE: 43.76, RMSE: 45.80
2025-03-08 22:12:49,453 - INFO - Generating prediction plots for Worli
2025-03-08 22:12:50,212 - INFO - Saved prediction plot to predictions/xgboost_prediction_Worli.png
2025-03-08 22:12:50,508 - INFO - Saved error distribution plot to predictions/xgboost_error_distribution_Worli.png
2025-03-08 22:12:50,508 - INFO - 
Final Evaluation Results:
2025-03-08 22:12:50,508 - INFO - MAE: 43.76
2025-03-08 22:12:50,508 - INFO - RMSE: 45.80
2025-03-08 22:12:50,508 - INFO - Initializing Gradient Boosting Predictor for Vileparle
2025-03-08 22:12:50,508 - INFO - Sequence length: 24, Prediction horizon: 6
2025-03-08 22:12:50,509 - INFO - Loading cleaned data from cleaned_data/Vileparle_spatial_average.csv
2025-03-08 22:12:50,518 - INFO - Loaded cleaned data with shape: (5280, 4)
2025-03-08 22:12:50,518 - INFO - Features selected: ['PM10', 'RH', 'AT']
2025-03-08 22:12:50,518 - INFO - Starting model training with 4224 samples
2025-03-08 22:12:50,518 - INFO - Preparing sequences from data with shape: (4224, 4)
2025-03-08 22:12:50,526 - INFO - Creating 4195 sequences...
2025-03-08 22:12:50,534 - INFO - Sequence preparation completed. X shape: (4195, 624), y shape: (4195, 6, 1)
2025-03-08 22:12:50,534 - INFO - Sequence preparation took 0.02 seconds
2025-03-08 22:12:50,534 - INFO - Training model for step 1/6
2025-03-08 22:12:55,766 - INFO - Training model for step 2/6
2025-03-08 22:13:01,711 - INFO - Training model for step 3/6
2025-03-08 22:13:07,722 - INFO - Training model for step 4/6
2025-03-08 22:13:14,116 - INFO - Training model for step 5/6
2025-03-08 22:13:20,121 - INFO - Training model for step 6/6
2025-03-08 22:13:26,180 - INFO - Training completed in 35.66 seconds
2025-03-08 22:13:26,180 - INFO - Evaluating predictions for Vileparle
2025-03-08 22:13:26,180 - INFO - Preparing sequences from data with shape: (1056, 4)
2025-03-08 22:13:26,195 - INFO - Creating 1027 sequences...
2025-03-08 22:13:26,198 - INFO - Sequence preparation completed. X shape: (1027, 624), y shape: (1027, 6, 1)
2025-03-08 22:13:26,198 - INFO - Sequence preparation took 0.02 seconds
2025-03-08 22:13:26,214 - INFO - Evaluation completed in 0.03 seconds
2025-03-08 22:13:26,214 - INFO - Evaluation metrics - MAE: 34.02, RMSE: 38.37
2025-03-08 22:13:26,214 - INFO - Generating prediction plots for Vileparle
2025-03-08 22:13:26,957 - INFO - Saved prediction plot to predictions/xgboost_prediction_Vileparle.png
2025-03-08 22:13:27,306 - INFO - Saved error distribution plot to predictions/xgboost_error_distribution_Vileparle.png
2025-03-08 22:13:27,306 - INFO - 
Final Evaluation Results:
2025-03-08 22:13:27,306 - INFO - MAE: 34.02
2025-03-08 22:13:27,306 - INFO - RMSE: 38.37
2025-03-08 22:13:27,306 - INFO - Initializing Gradient Boosting Predictor for Borivali
2025-03-08 22:13:27,306 - INFO - Sequence length: 24, Prediction horizon: 6
2025-03-08 22:13:27,308 - INFO - Loading cleaned data from cleaned_data/Borivali_spatial_average.csv
2025-03-08 22:13:27,318 - INFO - Loaded cleaned data with shape: (5400, 4)
2025-03-08 22:13:27,318 - INFO - Features selected: ['PM10', 'RH', 'AT']
2025-03-08 22:13:27,319 - INFO - Starting model training with 4320 samples
2025-03-08 22:13:27,319 - INFO - Preparing sequences from data with shape: (4320, 4)
2025-03-08 22:13:27,329 - INFO - Creating 4291 sequences...
2025-03-08 22:13:27,338 - INFO - Sequence preparation completed. X shape: (4291, 624), y shape: (4291, 6, 1)
2025-03-08 22:13:27,338 - INFO - Sequence preparation took 0.02 seconds
2025-03-08 22:13:27,338 - INFO - Training model for step 1/6
2025-03-08 22:13:35,016 - INFO - Training model for step 2/6
2025-03-08 22:13:41,802 - INFO - Training model for step 3/6
2025-03-08 22:13:48,634 - INFO - Training model for step 4/6
2025-03-08 22:13:55,527 - INFO - Training model for step 5/6
2025-03-08 22:14:02,398 - INFO - Training model for step 6/6
2025-03-08 22:14:09,378 - INFO - Training completed in 42.06 seconds
2025-03-08 22:14:09,379 - INFO - Evaluating predictions for Borivali
2025-03-08 22:14:09,379 - INFO - Preparing sequences from data with shape: (1080, 4)
2025-03-08 22:14:09,397 - INFO - Creating 1051 sequences...
2025-03-08 22:14:09,401 - INFO - Sequence preparation completed. X shape: (1051, 624), y shape: (1051, 6, 1)
2025-03-08 22:14:09,401 - INFO - Sequence preparation took 0.02 seconds
2025-03-08 22:14:09,421 - INFO - Evaluation completed in 0.04 seconds
2025-03-08 22:14:09,422 - INFO - Evaluation metrics - MAE: 34.71, RMSE: 36.90
2025-03-08 22:14:09,422 - INFO - Generating prediction plots for Borivali
2025-03-08 22:14:10,217 - INFO - Saved prediction plot to predictions/xgboost_prediction_Borivali.png
2025-03-08 22:14:10,625 - INFO - Saved error distribution plot to predictions/xgboost_error_distribution_Borivali.png
2025-03-08 22:14:10,625 - INFO - 
Final Evaluation Results:
2025-03-08 22:14:10,625 - INFO - MAE: 34.71
2025-03-08 22:14:10,625 - INFO - RMSE: 36.90
2025-03-08 22:14:10,625 - INFO - Initializing Gradient Boosting Predictor for Airport
2025-03-08 22:14:10,625 - INFO - Sequence length: 24, Prediction horizon: 6
2025-03-08 22:14:10,626 - INFO - Loading cleaned data from cleaned_data/Airport_spatial_average.csv
2025-03-08 22:14:10,636 - INFO - Loaded cleaned data with shape: (5280, 4)
2025-03-08 22:14:10,636 - INFO - Features selected: ['PM10', 'RH', 'AT']
2025-03-08 22:14:10,637 - INFO - Starting model training with 4224 samples
2025-03-08 22:14:10,637 - INFO - Preparing sequences from data with shape: (4224, 4)
2025-03-08 22:14:10,646 - INFO - Creating 4195 sequences...
2025-03-08 22:14:10,655 - INFO - Sequence preparation completed. X shape: (4195, 624), y shape: (4195, 6, 1)
2025-03-08 22:14:10,655 - INFO - Sequence preparation took 0.02 seconds
2025-03-08 22:14:10,656 - INFO - Training model for step 1/6
2025-03-08 22:14:18,945 - INFO - Training model for step 2/6
2025-03-08 22:14:27,911 - INFO - Training model for step 3/6
2025-03-08 22:14:38,729 - INFO - Training model for step 4/6
2025-03-08 22:14:50,114 - INFO - Training model for step 5/6
2025-03-08 22:14:59,590 - INFO - Training model for step 6/6
2025-03-08 22:15:08,248 - INFO - Training completed in 57.61 seconds
2025-03-08 22:15:08,248 - INFO - Evaluating predictions for Airport
2025-03-08 22:15:08,249 - INFO - Preparing sequences from data with shape: (1056, 4)
2025-03-08 22:15:08,265 - INFO - Creating 1027 sequences...
2025-03-08 22:15:08,269 - INFO - Sequence preparation completed. X shape: (1027, 624), y shape: (1027, 6, 1)
2025-03-08 22:15:08,269 - INFO - Sequence preparation took 0.02 seconds
2025-03-08 22:15:08,294 - INFO - Evaluation completed in 0.05 seconds
2025-03-08 22:15:08,294 - INFO - Evaluation metrics - MAE: 15.39, RMSE: 17.48
2025-03-08 22:15:08,295 - INFO - Generating prediction plots for Airport
2025-03-08 22:15:09,091 - INFO - Saved prediction plot to predictions/xgboost_prediction_Airport.png
2025-03-08 22:15:09,442 - INFO - Saved error distribution plot to predictions/xgboost_error_distribution_Airport.png
2025-03-08 22:15:09,442 - INFO - 
Final Evaluation Results:
2025-03-08 22:15:09,442 - INFO - MAE: 15.39
2025-03-08 22:15:09,442 - INFO - RMSE: 17.48
2025-03-08 22:15:09,442 - INFO - Initializing Gradient Boosting Predictor for Vasai
2025-03-08 22:15:09,442 - INFO - Sequence length: 24, Prediction horizon: 6
2025-03-08 22:15:09,444 - INFO - Loading cleaned data from cleaned_data/Vasai_spatial_average.csv
2025-03-08 22:15:09,454 - INFO - Loaded cleaned data with shape: (5400, 4)
2025-03-08 22:15:09,454 - INFO - Features selected: ['PM10', 'RH', 'AT']
2025-03-08 22:15:09,454 - INFO - Starting model training with 4320 samples
2025-03-08 22:15:09,454 - INFO - Preparing sequences from data with shape: (4320, 4)
2025-03-08 22:15:09,464 - INFO - Creating 4291 sequences...
2025-03-08 22:15:09,472 - INFO - Sequence preparation completed. X shape: (4291, 624), y shape: (4291, 6, 1)
2025-03-08 22:15:09,472 - INFO - Sequence preparation took 0.02 seconds
2025-03-08 22:15:09,473 - INFO - Training model for step 1/6
2025-03-08 22:15:15,389 - INFO - Training model for step 2/6
2025-03-08 22:15:21,867 - INFO - Training model for step 3/6
2025-03-08 22:15:28,267 - INFO - Training model for step 4/6
2025-03-08 22:15:34,617 - INFO - Training model for step 5/6
2025-03-08 22:15:40,981 - INFO - Training model for step 6/6
2025-03-08 22:15:47,185 - INFO - Training completed in 37.73 seconds
2025-03-08 22:15:47,185 - INFO - Evaluating predictions for Vasai
2025-03-08 22:15:47,185 - INFO - Preparing sequences from data with shape: (1080, 4)
2025-03-08 22:15:47,197 - INFO - Creating 1051 sequences...
2025-03-08 22:15:47,201 - INFO - Sequence preparation completed. X shape: (1051, 624), y shape: (1051, 6, 1)
2025-03-08 22:15:47,201 - INFO - Sequence preparation took 0.02 seconds
2025-03-08 22:15:47,218 - INFO - Evaluation completed in 0.03 seconds
2025-03-08 22:15:47,218 - INFO - Evaluation metrics - MAE: 35.90, RMSE: 39.06
2025-03-08 22:15:47,219 - INFO - Generating prediction plots for Vasai
2025-03-08 22:15:47,951 - INFO - Saved prediction plot to predictions/xgboost_prediction_Vasai.png
2025-03-08 22:15:48,393 - INFO - Saved error distribution plot to predictions/xgboost_error_distribution_Vasai.png
2025-03-08 22:15:48,393 - INFO - 
Final Evaluation Results:
2025-03-08 22:15:48,393 - INFO - MAE: 35.90
2025-03-08 22:15:48,393 - INFO - RMSE: 39.06
2025-03-08 22:15:48,393 - INFO - Initializing Gradient Boosting Predictor for Powai
2025-03-08 22:15:48,393 - INFO - Sequence length: 24, Prediction horizon: 6
2025-03-08 22:15:48,394 - INFO - Loading cleaned data from cleaned_data/Powai_spatial_average.csv
2025-03-08 22:15:48,402 - INFO - Loaded cleaned data with shape: (5400, 4)
2025-03-08 22:15:48,402 - INFO - Features selected: ['PM10', 'RH', 'AT']
2025-03-08 22:15:48,402 - INFO - Starting model training with 4320 samples
2025-03-08 22:15:48,402 - INFO - Preparing sequences from data with shape: (4320, 4)
2025-03-08 22:15:48,410 - INFO - Creating 4291 sequences...
2025-03-08 22:15:48,418 - INFO - Sequence preparation completed. X shape: (4291, 624), y shape: (4291, 6, 1)
2025-03-08 22:15:48,418 - INFO - Sequence preparation took 0.02 seconds
2025-03-08 22:15:48,418 - INFO - Training model for step 1/6
2025-03-08 22:15:54,452 - INFO - Training model for step 2/6
2025-03-08 22:16:01,293 - INFO - Training model for step 3/6
2025-03-08 22:16:08,404 - INFO - Training model for step 4/6
2025-03-08 22:16:15,149 - INFO - Training model for step 5/6
2025-03-08 22:16:21,847 - INFO - Training model for step 6/6
2025-03-08 22:16:28,659 - INFO - Training completed in 40.26 seconds
2025-03-08 22:16:28,659 - INFO - Evaluating predictions for Powai
2025-03-08 22:16:28,659 - INFO - Preparing sequences from data with shape: (1080, 4)
2025-03-08 22:16:28,677 - INFO - Creating 1051 sequences...
2025-03-08 22:16:28,681 - INFO - Sequence preparation completed. X shape: (1051, 624), y shape: (1051, 6, 1)
2025-03-08 22:16:28,681 - INFO - Sequence preparation took 0.02 seconds
2025-03-08 22:16:28,702 - INFO - Evaluation completed in 0.04 seconds
2025-03-08 22:16:28,702 - INFO - Evaluation metrics - MAE: 35.76, RMSE: 38.10
2025-03-08 22:16:28,703 - INFO - Generating prediction plots for Powai
2025-03-08 22:16:29,462 - INFO - Saved prediction plot to predictions/xgboost_prediction_Powai.png
2025-03-08 22:16:29,806 - INFO - Saved error distribution plot to predictions/xgboost_error_distribution_Powai.png
2025-03-08 22:16:29,806 - INFO - 
Final Evaluation Results:
2025-03-08 22:16:29,806 - INFO - MAE: 35.76
2025-03-08 22:16:29,806 - INFO - RMSE: 38.10
2025-03-08 22:16:29,806 - INFO - Initializing Gradient Boosting Predictor for Kurla
2025-03-08 22:16:29,806 - INFO - Sequence length: 24, Prediction horizon: 6
2025-03-08 22:16:29,807 - INFO - Loading cleaned data from cleaned_data/Kurla_spatial_average.csv
2025-03-08 22:16:29,816 - INFO - Loaded cleaned data with shape: (5400, 4)
2025-03-08 22:16:29,816 - INFO - Features selected: ['PM10', 'RH', 'AT']
2025-03-08 22:16:29,816 - INFO - Starting model training with 4320 samples
2025-03-08 22:16:29,816 - INFO - Preparing sequences from data with shape: (4320, 4)
2025-03-08 22:16:29,825 - INFO - Creating 4291 sequences...
2025-03-08 22:16:29,833 - INFO - Sequence preparation completed. X shape: (4291, 624), y shape: (4291, 6, 1)
2025-03-08 22:16:29,833 - INFO - Sequence preparation took 0.02 seconds
2025-03-08 22:16:29,833 - INFO - Training model for step 1/6
2025-03-08 22:16:35,895 - INFO - Training model for step 2/6
2025-03-08 22:16:42,905 - INFO - Training model for step 3/6
2025-03-08 22:16:50,233 - INFO - Training model for step 4/6
2025-03-08 22:16:57,346 - INFO - Training model for step 5/6
2025-03-08 22:17:04,939 - INFO - Training model for step 6/6
2025-03-08 22:17:12,058 - INFO - Training completed in 42.24 seconds
2025-03-08 22:17:12,060 - INFO - Evaluating predictions for Kurla
2025-03-08 22:17:12,060 - INFO - Preparing sequences from data with shape: (1080, 4)
2025-03-08 22:17:12,083 - INFO - Creating 1051 sequences...
2025-03-08 22:17:12,087 - INFO - Sequence preparation completed. X shape: (1051, 624), y shape: (1051, 6, 1)
2025-03-08 22:17:12,088 - INFO - Sequence preparation took 0.03 seconds
2025-03-08 22:17:12,144 - INFO - Evaluation completed in 0.08 seconds
2025-03-08 22:17:12,144 - INFO - Evaluation metrics - MAE: 49.20, RMSE: 56.74
2025-03-08 22:17:12,145 - INFO - Generating prediction plots for Kurla
2025-03-08 22:17:12,948 - INFO - Saved prediction plot to predictions/xgboost_prediction_Kurla.png
2025-03-08 22:17:13,983 - INFO - Saved error distribution plot to predictions/xgboost_error_distribution_Kurla.png
2025-03-08 22:17:13,984 - INFO - 
Final Evaluation Results:
2025-03-08 22:17:13,984 - INFO - MAE: 49.20
2025-03-08 22:17:13,984 - INFO - RMSE: 56.74
2025-03-08 22:17:13,984 - INFO - Initializing Gradient Boosting Predictor for Vileparle
2025-03-08 22:17:13,984 - INFO - Sequence length: 24, Prediction horizon: 6
2025-03-08 22:17:13,997 - INFO - Loading cleaned data from cleaned_data/Vileparle_spatial_average.csv
2025-03-08 22:17:14,012 - INFO - Loaded cleaned data with shape: (5280, 4)
2025-03-08 22:17:14,012 - INFO - Features selected: ['PM10', 'RH', 'AT']
2025-03-08 22:17:14,013 - INFO - Starting model training with 4224 samples
2025-03-08 22:17:14,013 - INFO - Preparing sequences from data with shape: (4224, 4)
2025-03-08 22:17:14,027 - INFO - Creating 4195 sequences...
2025-03-08 22:17:14,039 - INFO - Sequence preparation completed. X shape: (4195, 624), y shape: (4195, 6, 1)
2025-03-08 22:17:14,039 - INFO - Sequence preparation took 0.03 seconds
2025-03-08 22:17:14,040 - INFO - Training model for step 1/6
2025-03-08 22:17:20,563 - INFO - Training model for step 2/6
2025-03-08 22:17:26,351 - INFO - Training model for step 3/6
2025-03-08 22:17:31,819 - INFO - Training model for step 4/6
2025-03-08 22:17:36,753 - INFO - Training model for step 5/6
2025-03-08 22:17:41,609 - INFO - Training model for step 6/6
2025-03-08 22:17:46,307 - INFO - Training completed in 32.29 seconds
2025-03-08 22:17:46,308 - INFO - Evaluating predictions for Vileparle
2025-03-08 22:17:46,308 - INFO - Preparing sequences from data with shape: (1056, 4)
2025-03-08 22:17:46,317 - INFO - Creating 1027 sequences...
2025-03-08 22:17:46,318 - INFO - Sequence preparation completed. X shape: (1027, 624), y shape: (1027, 6, 1)
2025-03-08 22:17:46,318 - INFO - Sequence preparation took 0.01 seconds
2025-03-08 22:17:46,329 - INFO - Evaluation completed in 0.02 seconds
2025-03-08 22:17:46,329 - INFO - Evaluation metrics - MAE: 34.02, RMSE: 38.37
2025-03-08 22:17:46,329 - INFO - Generating prediction plots for Vileparle
2025-03-08 22:17:46,799 - INFO - Saved prediction plot to predictions/xgboost_prediction_Vileparle.png
2025-03-08 22:17:47,031 - INFO - Saved error distribution plot to predictions/xgboost_error_distribution_Vileparle.png
2025-03-08 22:17:47,032 - INFO - 
Final Evaluation Results:
2025-03-08 22:17:47,032 - INFO - MAE: 34.02
2025-03-08 22:17:47,032 - INFO - RMSE: 38.37
2025-03-08 22:17:47,032 - INFO - Initializing Gradient Boosting Predictor for Kalyan
2025-03-08 22:17:47,032 - INFO - Sequence length: 24, Prediction horizon: 6
2025-03-08 22:17:47,033 - INFO - Loading cleaned data from cleaned_data/Kalyan_spatial_average.csv
2025-03-08 22:17:47,040 - INFO - Loaded cleaned data with shape: (5404, 4)
2025-03-08 22:17:47,040 - INFO - Features selected: ['PM10', 'RH', 'AT']
2025-03-08 22:17:47,040 - INFO - Starting model training with 4323 samples
2025-03-08 22:17:47,040 - INFO - Preparing sequences from data with shape: (4323, 4)
2025-03-08 22:17:47,046 - INFO - Creating 4294 sequences...
2025-03-08 22:17:47,052 - INFO - Sequence preparation completed. X shape: (4294, 624), y shape: (4294, 6, 1)
2025-03-08 22:17:47,052 - INFO - Sequence preparation took 0.01 seconds
2025-03-08 22:17:47,053 - INFO - Training model for step 1/6
2025-03-08 22:17:51,858 - INFO - Training model for step 2/6
2025-03-08 22:17:56,775 - INFO - Training model for step 3/6
2025-03-08 22:18:01,946 - INFO - Training model for step 4/6
2025-03-08 22:18:07,156 - INFO - Training model for step 5/6
2025-03-08 22:18:12,436 - INFO - Training model for step 6/6
2025-03-08 22:18:17,576 - INFO - Training completed in 30.54 seconds
2025-03-08 22:18:17,577 - INFO - Evaluating predictions for Kalyan
2025-03-08 22:18:17,577 - INFO - Preparing sequences from data with shape: (1081, 4)
2025-03-08 22:18:17,582 - INFO - Creating 1052 sequences...
2025-03-08 22:18:17,583 - INFO - Sequence preparation completed. X shape: (1052, 624), y shape: (1052, 6, 1)
2025-03-08 22:18:17,583 - INFO - Sequence preparation took 0.01 seconds
2025-03-08 22:18:17,593 - INFO - Evaluation completed in 0.02 seconds
2025-03-08 22:18:17,593 - INFO - Evaluation metrics - MAE: 55.55, RMSE: 62.67
2025-03-08 22:18:17,594 - INFO - Generating prediction plots for Kalyan
2025-03-08 22:18:18,040 - INFO - Saved prediction plot to predictions/xgboost_prediction_Kalyan.png
2025-03-08 22:18:18,279 - INFO - Saved error distribution plot to predictions/xgboost_error_distribution_Kalyan.png
2025-03-08 22:18:18,279 - INFO - 
Final Evaluation Results:
2025-03-08 22:18:18,279 - INFO - MAE: 55.55
2025-03-08 22:18:18,279 - INFO - RMSE: 62.67
2025-03-08 22:18:18,279 - INFO - Total execution time: 2431.46 seconds
