From Date,PM2.5,PM10,RH,AT
2020-11-01 00:00:00,33.0,36.0,90.39,19.73
2020-11-01 01:00:00,34.0,32.0,91.71,19.19
2020-11-01 02:00:00,35.0,26.82,92.56,19.13
2020-11-01 03:00:00,36.0,17.0,92.04,18.81
2020-11-01 04:00:00,37.0,14.72,92.8,18.57
2020-11-01 05:00:00,38.0,18.05,94.1,18.85
2020-11-01 06:00:00,39.0,26.77,92.16,19.0
2020-11-01 07:00:00,40.0,30.59,90.52,19.75
2020-11-01 08:00:00,41.0,35.32,86.31,22.54
2020-11-01 09:00:00,42.0,37.73,70.29,28.66
2020-11-01 10:00:00,43.0,55.28,51.12,33.52
2020-11-01 11:00:00,44.0,51.09,37.97,36.42
2020-11-01 12:00:00,45.0,38.77,34.24,37.03
2020-11-01 13:00:00,46.0,45.61,38.88,36.78
2020-11-01 14:00:00,47.0,74.64,45.13,35.36
2020-11-01 15:00:00,52.05,85.05,43.34,35.16
2020-11-01 16:00:00,50.168749999999996,64.4,54.43,32.34
2020-11-01 17:00:00,48.287499999999994,54.09,70.98,28.11
2020-11-01 18:00:00,46.40625,47.82,86.97,25.14
2020-11-01 19:00:00,44.525,62.56,92.22,23.61
2020-11-01 20:00:00,42.64375,58.67,93.0,23.05
2020-11-01 21:00:00,40.7625,46.36,92.06,22.53
2020-11-01 22:00:00,38.88125,44.56,89.85,22.12
2020-11-01 23:00:00,37.0,38.0,88.18,21.93
2020-11-02 00:00:00,35.93,36.22,89.86,21.6
2020-11-02 01:00:00,35.9475,35.73,91.51,21.29
2020-11-02 02:00:00,35.965,36.0,92.03,21.3
2020-11-02 03:00:00,35.9825,34.22,92.66,21.33
2020-11-02 04:00:00,36.0,38.0,93.02,21.58
2020-11-02 05:00:00,49.2,34.55,94.17,21.45
2020-11-02 06:00:00,62.4,37.45,95.06,21.43
2020-11-02 07:00:00,75.6,39.33,94.95,22.19
2020-11-02 08:00:00,88.8,73.66499999999999,90.29,25.2
2020-11-02 09:00:00,102.0,108.0,78.01,30.2
2020-11-02 10:00:00,81.87,95.91,62.42,33.68
2020-11-02 11:00:00,72.13,88.83,48.57,35.79
2020-11-02 12:00:00,76.89,110.46,45.27,36.07
2020-11-02 13:00:00,95.67,140.93,41.59,37.55
2020-11-02 14:00:00,100.68,151.86,46.33,37.18
2020-11-02 15:00:00,95.11,149.41,50.42,35.8
2020-11-02 16:00:00,98.21,141.22,63.66,32.94
2020-11-02 17:00:00,99.0,139.13,78.32,29.08
2020-11-02 18:00:00,103.19,121.78,86.86,26.32
2020-11-02 19:00:00,100.63,106.91,90.4,24.9
2020-11-02 20:00:00,99.29,101.0,92.55,24.41
2020-11-02 21:00:00,94.52666666666667,97.0,93.2,24.03
2020-11-02 22:00:00,89.76333333333334,93.0,92.58,23.62
2020-11-02 23:00:00,85.0,89.0,93.88,23.12
2020-11-03 00:00:00,85.36,86.30333333333333,95.0,22.75
2020-11-03 01:00:00,83.045,83.60666666666667,95.08,22.71
2020-11-03 02:00:00,80.73,80.91,94.32,22.8
2020-11-03 03:00:00,80.19714285714286,81.63714285714285,95.16,22.63
2020-11-03 04:00:00,79.66428571428571,82.36428571428571,95.93,22.36
2020-11-03 05:00:00,79.13142857142857,83.09142857142857,96.65,22.17
2020-11-03 06:00:00,78.59857142857143,83.81857142857143,96.94,21.9
2020-11-03 07:00:00,78.0657142857143,84.54571428571428,97.2,22.28
2020-11-03 08:00:00,77.53285714285714,85.27285714285715,86.12,25.24
2020-11-03 09:00:00,77.0,86.0,56.59,30.18
2020-11-03 10:00:00,77.84,97.23,47.52,32.84
2020-11-03 11:00:00,78.0,103.37,45.31,35.35
2020-11-03 12:00:00,89.78,144.74,41.07,36.51
2020-11-03 13:00:00,85.29,135.5,39.31,37.1
2020-11-03 14:00:00,76.45,126.09,40.94,38.01
2020-11-03 15:00:00,78.36,125.86,48.27,36.6
2020-11-03 16:00:00,75.63,112.22,60.72,33.75
2020-11-03 17:00:00,66.58,97.94,78.89,29.41
2020-11-03 18:00:00,92.68,103.75,88.03,26.59
2020-11-03 19:00:00,94.8,96.34,92.75,24.96
2020-11-03 20:00:00,93.0,94.255,95.0,24.09
2020-11-03 21:00:00,92.27,92.17,95.91,23.52
2020-11-03 22:00:00,89.13499999999999,90.08500000000001,95.46,23.16
2020-11-03 23:00:00,86.0,88.0,94.63,22.76
2020-11-04 00:00:00,85.31,86.22,94.96,22.37
2020-11-04 01:00:00,83.248,87.689,96.15,21.9
2020-11-04 02:00:00,81.186,89.158,96.37,21.72
2020-11-04 03:00:00,79.124,90.627,96.52,21.64
2020-11-04 04:00:00,77.062,92.096,96.97,21.69
2020-11-04 05:00:00,75.0,93.565,96.96,21.94
2020-11-04 06:00:00,65.0,95.03399999999999,96.83,22.05
2020-11-04 07:00:00,71.1125,96.503,95.35,22.77
2020-11-04 08:00:00,77.225,97.972,91.35,24.96
2020-11-04 09:00:00,83.3375,99.441,74.5,29.28
2020-11-04 10:00:00,89.45,100.91,56.68,32.89
2020-11-04 11:00:00,82.97,113.19,42.22,36.53
2020-11-04 12:00:00,80.32,100.36,36.25,38.17
2020-11-04 13:00:00,75.79,103.18,38.27,38.33
2020-11-04 14:00:00,79.21,106.58,41.67,37.98
2020-11-04 15:00:00,81.68,112.17,47.98,37.05
2020-11-04 16:00:00,82.84,120.75,62.43,33.02
2020-11-04 17:00:00,82.16,110.0,76.9,27.83
2020-11-04 18:00:00,82.84,103.11,88.34,25.06
2020-11-04 19:00:00,89.71,95.09,91.53,23.69
2020-11-04 20:00:00,85.97,88.83,93.62,22.81
2020-11-04 21:00:00,84.54571428571428,89.40357142857142,95.44,22.27
2020-11-04 22:00:00,83.12142857142857,89.97714285714285,95.7,22.05
2020-11-04 23:00:00,81.69714285714285,90.55071428571428,95.75,21.51
2020-11-05 00:00:00,80.27285714285715,91.12428571428572,96.12,21.04
2020-11-05 01:00:00,78.84857142857143,91.69785714285715,96.57,20.71
2020-11-05 02:00:00,77.42428571428572,92.27142857142857,96.91,20.54
2020-11-05 03:00:00,76.0,92.845,97.09,20.34
2020-11-05 04:00:00,64.0,93.41857142857143,97.33,20.25
2020-11-05 05:00:00,63.0,93.99214285714285,97.42,20.21
2020-11-05 06:00:00,66.244,94.56571428571428,97.41,20.33
2020-11-05 07:00:00,69.488,95.13928571428572,95.24,21.28
2020-11-05 08:00:00,72.732,95.71285714285715,89.83,24.06
2020-11-05 09:00:00,75.976,96.28642857142857,71.59,28.98
2020-11-05 10:00:00,79.22,96.86,50.61,32.58
2020-11-05 11:00:00,76.84,98.72,44.41,34.22
2020-11-05 12:00:00,87.07,115.36,43.44,35.61
2020-11-05 13:00:00,90.68,137.0,40.66,36.41
2020-11-05 14:00:00,86.81,145.0,39.04,37.31
2020-11-05 15:00:00,78.42,120.0,43.6,36.94
2020-11-05 16:00:00,67.77,98.47,59.28,32.67
2020-11-05 17:00:00,68.52,84.67,81.22,28.49
2020-11-05 18:00:00,82.42,85.59,89.41,25.5
2020-11-05 19:00:00,78.01666666666667,83.79083333333334,92.95,23.77
2020-11-05 20:00:00,73.61333333333333,81.99166666666667,94.34,22.57
2020-11-05 21:00:00,69.21000000000001,80.1925,94.01,21.4
2020-11-05 22:00:00,64.80666666666667,78.39333333333333,94.56,20.54
2020-11-05 23:00:00,60.403333333333336,76.59416666666667,94.78,19.96
2020-11-06 00:00:00,56.0,74.795,95.5,19.76
2020-11-06 01:00:00,57.0,72.99583333333334,96.03,19.84
2020-11-06 02:00:00,58.0,71.19666666666667,95.93,20.03
2020-11-06 03:00:00,59.0,69.39750000000001,95.18,20.06
2020-11-06 04:00:00,60.0,67.59833333333333,92.84,19.74
2020-11-06 05:00:00,61.0,65.79916666666666,92.54,19.56
2020-11-06 06:00:00,62.0,64.0,89.43,20.05
2020-11-06 07:00:00,67.87,69.01,82.69,21.83
2020-11-06 08:00:00,69.61,81.03,75.42,24.64
2020-11-06 09:00:00,72.2,79.41,52.79,29.61
2020-11-06 10:00:00,62.9,82.44,43.12,31.9
2020-11-06 11:00:00,68.55,107.19,40.85,34.03
2020-11-06 12:00:00,74.19,125.0,36.36,34.86
2020-11-06 13:00:00,65.77,108.64,32.67,36.24
2020-11-06 14:00:00,55.61,94.81,31.58,36.88
2020-11-06 15:00:00,48.13,85.25,34.44,36.85
2020-11-06 16:00:00,47.0,90.03,48.21,33.74
2020-11-06 17:00:00,48.68,92.72,71.8,28.11
2020-11-06 18:00:00,52.36,74.06,83.79,25.13
2020-11-06 19:00:00,84.88,92.53,90.32,23.15
2020-11-06 20:00:00,86.23,87.34,93.51,22.11
2020-11-06 21:00:00,74.0,81.61666666666667,94.98,21.56
2020-11-06 22:00:00,69.4,75.89333333333333,95.7,20.97
2020-11-06 23:00:00,64.8,70.17,95.97,20.39
2020-11-07 00:00:00,60.2,64.44666666666667,96.05,19.95
2020-11-07 01:00:00,55.6,58.723333333333336,96.06,19.5
2020-11-07 02:00:00,51.0,53.0,95.59,18.89
2020-11-07 03:00:00,51.36,51.67,95.92,18.7
2020-11-07 04:00:00,53.67,52.78,94.88,18.36
2020-11-07 05:00:00,55.98,53.89,95.77,17.99
2020-11-07 06:00:00,58.29,55.0,96.14,18.01
2020-11-07 07:00:00,60.599999999999994,56.11,93.25,19.02
2020-11-07 08:00:00,62.91,57.22,81.31,21.39
2020-11-07 09:00:00,69.19,90.0,74.28833333333334,23.948333333333334
2020-11-07 10:00:00,63.29,90.0,67.26666666666667,26.506666666666668
2020-11-07 11:00:00,71.23,111.0,60.245000000000005,29.065
2020-11-07 12:00:00,69.64,122.0,53.22333333333333,31.623333333333335
2020-11-07 13:00:00,74.03,127.0,46.20166666666667,34.18166666666667
2020-11-07 14:00:00,69.97,116.0,39.18,36.74
2020-11-07 15:00:00,72.37,109.97,40.64,37.01
2020-11-07 16:00:00,72.16,122.78,56.03,33.46
2020-11-07 17:00:00,79.55,253.31,75.07,29.0
2020-11-07 18:00:00,70.97,106.94,86.5,26.18
2020-11-07 19:00:00,74.02,77.84,90.39,24.45
2020-11-07 20:00:00,72.818,76.30909090909091,93.22,23.39
2020-11-07 21:00:00,71.616,74.77818181818182,92.96,22.88
2020-11-07 22:00:00,70.414,73.24727272727273,92.68,22.15
2020-11-07 23:00:00,69.212,71.71636363636364,93.69,21.45
2020-11-08 00:00:00,68.00999999999999,70.18545454545455,94.73,21.05
2020-11-08 01:00:00,66.80799999999999,68.65454545454546,94.4,20.82
2020-11-08 02:00:00,65.606,67.12363636363636,95.67,20.51
2020-11-08 03:00:00,64.404,65.59272727272727,96.28,20.3
2020-11-08 04:00:00,63.202,64.06181818181818,94.15,20.35
2020-11-08 05:00:00,62.0,62.53090909090909,92.25,20.25
2020-11-08 06:00:00,59.48,61.0,90.75,20.12
2020-11-08 07:00:00,72.42,80.0,82.66,21.67
2020-11-08 08:00:00,71.66,79.14,70.11,24.96
2020-11-08 09:00:00,73.52,88.47,53.15,29.27
2020-11-08 10:00:00,68.97,96.89,47.98,31.72
2020-11-08 11:00:00,73.87,115.22,44.18,33.63
2020-11-08 12:00:00,71.64,118.86,40.14,35.1
2020-11-08 13:00:00,69.32,116.42,38.27,36.54
2020-11-08 14:00:00,68.16,106.53,37.41,37.11
2020-11-08 15:00:00,70.52,99.84,39.17,37.83
2020-11-08 16:00:00,69.32,110.19,53.12,34.82
2020-11-08 17:00:00,66.47,103.34,72.51,29.99
2020-11-08 18:00:00,66.0,82.09,85.0,26.32
2020-11-08 19:00:00,68.52,74.14,88.37,24.38
2020-11-08 20:00:00,76.55,79.17,91.09,23.16
2020-11-08 21:00:00,73.84857142857143,79.65571428571428,93.0,22.34
2020-11-08 22:00:00,71.14714285714285,80.14142857142858,94.23,21.78
2020-11-08 23:00:00,68.44571428571429,80.62714285714286,95.0,21.36
2020-11-09 00:00:00,65.74428571428571,81.11285714285714,95.46,20.85
2020-11-09 01:00:00,63.042857142857144,81.59857142857143,96.27,20.37
2020-11-09 02:00:00,60.34142857142857,82.08428571428571,96.31,20.13
2020-11-09 03:00:00,57.64,82.57,95.87,19.77
2020-11-09 04:00:00,59.12428571428571,83.05571428571429,96.15,19.33
2020-11-09 05:00:00,60.60857142857143,83.54142857142857,96.75,19.06
2020-11-09 06:00:00,62.09285714285714,84.02714285714286,97.03,18.93
2020-11-09 07:00:00,63.57714285714286,84.51285714285714,95.09,19.9
2020-11-09 08:00:00,65.06142857142858,84.99857142857142,86.27,23.33
2020-11-09 09:00:00,66.54571428571428,85.48428571428572,59.8,29.21
2020-11-09 10:00:00,68.03,85.97,48.77,33.43
2020-11-09 11:00:00,72.36,90.86,39.43,35.1
2020-11-09 12:00:00,88.05,122.76,34.88,35.44
2020-11-09 13:00:00,75.06,120.25,32.55,36.63
2020-11-09 14:00:00,64.45,106.08,32.27,36.44
2020-11-09 15:00:00,57.15,76.53,35.75,36.51
2020-11-09 16:00:00,54.32,64.25,50.78,33.98
2020-11-09 17:00:00,46.48,67.31,72.94,28.02
2020-11-09 18:00:00,54.23,65.42,86.09,24.49
2020-11-09 19:00:00,61.03,63.28,89.39,22.61
2020-11-09 20:00:00,59.358333333333334,64.08142857142857,92.96,21.62
2020-11-09 21:00:00,57.68666666666667,64.88285714285715,95.0,21.08
2020-11-09 22:00:00,56.015,65.68428571428572,94.9,20.78
2020-11-09 23:00:00,54.343333333333334,66.48571428571428,94.74,20.29
2020-11-10 00:00:00,52.67166666666667,67.28714285714285,94.95,19.75
2020-11-10 01:00:00,51.0,68.08857142857143,95.1,19.38
2020-11-10 02:00:00,53.8375,68.89,95.86,19.02
2020-11-10 03:00:00,56.675,69.69142857142857,96.42,18.69
2020-11-10 04:00:00,59.5125,70.49285714285715,96.81,18.34
2020-11-10 05:00:00,62.35,71.29428571428572,96.99,17.83
2020-11-10 06:00:00,65.1875,72.09571428571428,96.41,17.44
2020-11-10 07:00:00,68.025,72.89714285714285,96.13,17.76
2020-11-10 08:00:00,70.86250000000001,73.69857142857143,94.38,20.69
2020-11-10 09:00:00,73.7,74.5,73.1,26.64
2020-11-10 10:00:00,79.34,89.02,44.1,31.69
2020-11-10 11:00:00,79.16,105.64,35.05,34.05
2020-11-10 12:00:00,89.91,128.22,34.22,34.56
2020-11-10 13:00:00,86.98,132.56,29.29,35.65
2020-11-10 14:00:00,81.81,114.78,28.09,36.11
2020-11-10 15:00:00,81.0,110.28,33.11,36.79
2020-11-10 16:00:00,73.45,116.03,50.49,32.7
2020-11-10 17:00:00,74.52,103.22,71.78,26.79
2020-11-10 18:00:00,92.56,105.29,83.8,23.17
2020-11-10 19:00:00,72.59,78.0,88.73,21.02
2020-11-10 20:00:00,67.16,73.71,93.06,20.42
2020-11-10 21:00:00,75.53,77.44,94.55,19.93
2020-11-10 22:00:00,75.10833333333333,77.2,94.65,19.37
2020-11-10 23:00:00,74.68666666666667,76.96,95.15,18.87
2020-11-11 00:00:00,74.265,76.72,95.48,18.56
2020-11-11 01:00:00,73.84333333333333,76.48,95.2,18.34
2020-11-11 02:00:00,73.42166666666667,76.24,95.61,17.64
2020-11-11 03:00:00,73.0,76.0,91.2,17.56
2020-11-11 04:00:00,76.36,81.17,86.91,17.85
2020-11-11 05:00:00,77.84,80.28,86.72,17.52
2020-11-11 06:00:00,76.08500000000001,79.655,76.18,18.84
2020-11-11 07:00:00,74.33,79.03,71.53,20.26
2020-11-11 08:00:00,86.4,92.76,56.19,23.74
2020-11-11 09:00:00,86.51,95.22,45.77,27.37
2020-11-11 10:00:00,75.29,93.86,37.17,31.12
2020-11-11 11:00:00,81.64500000000001,109.43,32.09,32.91
2020-11-11 12:00:00,88.0,125.0,29.96,33.8
2020-11-11 13:00:00,82.97,124.14,27.56,34.93
2020-11-11 14:00:00,77.82,119.71,26.97,35.62
2020-11-11 15:00:00,74.49,115.0,31.79,36.13
2020-11-11 16:00:00,71.49,105.53,45.28,32.34
2020-11-11 17:00:00,68.48,100.56,61.36,28.36
2020-11-11 18:00:00,85.56,106.03,81.17,24.05
2020-11-11 19:00:00,88.16,101.24,90.15,21.75
2020-11-11 20:00:00,78.77,85.22,93.14,20.23
2020-11-11 21:00:00,83.94,86.64,93.7,19.21
2020-11-11 22:00:00,85.69,86.57,94.38,18.49
2020-11-11 23:00:00,87.345,87.88,92.23,18.43
2020-11-12 00:00:00,89.0,89.19,86.23,18.65
2020-11-12 01:00:00,83.98,90.5,84.91,18.46
2020-11-12 02:00:00,83.0,88.71,75.8,19.04
2020-11-12 03:00:00,86.36,99.19,69.66,19.82
2020-11-12 04:00:00,91.19,104.44,68.47,20.07
2020-11-12 05:00:00,86.98,95.56,71.76,19.39
2020-11-12 06:00:00,82.64,92.28,74.49,18.82
2020-11-12 07:00:00,98.84,111.86,80.22,18.66
2020-11-12 08:00:00,108.2,116.73,71.57,22.06
2020-11-12 09:00:00,135.94,155.91,52.66,27.52
2020-11-12 10:00:00,82.98,112.22,38.66,31.57
2020-11-12 11:00:00,69.49,93.0,34.86,33.73
2020-11-12 12:00:00,76.245,98.33333333333333,33.86,34.91
2020-11-12 13:00:00,83.0,103.66666666666667,33.01,35.55
2020-11-12 14:00:00,76.29,109.0,31.04,36.39
2020-11-12 15:00:00,63.25,106.0,30.83,36.99
2020-11-12 16:00:00,50.96,93.08,47.31,32.35
2020-11-12 17:00:00,67.45,109.08,69.06,28.07
2020-11-12 18:00:00,91.9,104.28,85.48,24.41
2020-11-12 19:00:00,86.77,90.98,91.47,22.53
2020-11-12 20:00:00,80.82,90.72,93.35,21.4
2020-11-12 21:00:00,84.18,88.42,93.88,20.32
2020-11-12 22:00:00,82.59,89.21000000000001,94.05,19.55
2020-11-12 23:00:00,81.0,90.0,93.83,19.09
2020-11-13 00:00:00,80.16,82.28,93.94,18.8
2020-11-13 01:00:00,74.08,76.87,94.79,18.44
2020-11-13 02:00:00,68.0,71.46000000000001,95.11,18.27
2020-11-13 03:00:00,61.0,66.05,95.0,18.25
2020-11-13 04:00:00,55.8,60.64,95.61,18.13
2020-11-13 05:00:00,50.6,55.230000000000004,95.91,18.01
2020-11-13 06:00:00,45.4,49.82,96.36,18.01
2020-11-13 07:00:00,40.2,44.41,96.07,18.9
2020-11-13 08:00:00,35.0,39.0,91.61,22.67
2020-11-13 09:00:00,44.2,52.73,66.54,28.98
2020-11-13 10:00:00,42.66,60.15,51.87,32.46
2020-11-13 11:00:00,38.66,60.14,50.83,34.17
2020-11-13 12:00:00,38.33,61.07,47.68,36.05
2020-11-13 13:00:00,38.0,62.0,43.9,37.24
2020-11-13 14:00:00,38.0,65.0,35.9,37.78
2020-11-13 15:00:00,30.48,52.98,37.8,38.3
2020-11-13 16:00:00,29.0,47.57,53.48,33.41
2020-11-13 17:00:00,43.22,70.22,69.69,30.25
2020-11-13 18:00:00,52.71,82.58,85.6,27.13
2020-11-13 19:00:00,54.0,62.47,92.7,25.06
2020-11-13 20:00:00,57.91,58.56,94.41,23.94
2020-11-13 21:00:00,67.0,71.0,94.96,23.15
2020-11-13 22:00:00,65.97,67.48,94.91,22.41
2020-11-13 23:00:00,48.0,52.74,94.99,21.91
2020-11-14 00:00:00,34.0,38.0,95.8,21.54
2020-11-14 01:00:00,32.97,33.56,95.94,21.38
2020-11-14 02:00:00,34.247142857142855,35.19428571428572,96.15,21.28
2020-11-14 03:00:00,35.52428571428571,36.82857142857143,96.62,21.12
2020-11-14 04:00:00,36.80142857142857,38.462857142857146,96.79,21.09
2020-11-14 05:00:00,38.07857142857143,40.097142857142856,96.98,21.13
2020-11-14 06:00:00,39.355714285714285,41.73142857142857,97.08,21.33
2020-11-14 07:00:00,40.63285714285714,43.36571428571429,96.87,21.88
2020-11-14 08:00:00,41.91,45.0,92.39,25.55
2020-11-14 09:00:00,32.955,36.5,68.56,32.13
2020-11-14 10:00:00,24.0,28.0,56.38,34.6
2020-11-14 11:00:00,24.84,39.2,50.27,35.79
2020-11-14 12:00:00,27.42,37.6,48.37,35.99
2020-11-14 13:00:00,30.0,36.0,46.7,36.75
2020-11-14 14:00:00,34.18,48.88,47.95,36.57
2020-11-14 15:00:00,38.34,55.29,50.3,35.54
2020-11-14 16:00:00,39.84,53.85,53.8,34.12
2020-11-14 17:00:00,37.49,40.98,70.45,30.38
2020-11-14 18:00:00,46.2,52.0,83.82,27.38
2020-11-14 19:00:00,32.12,36.55,89.74,26.24
2020-11-14 20:00:00,35.69,39.57,92.53,25.38
2020-11-14 21:00:00,36.0,38.0,94.1,24.77
2020-11-14 22:00:00,44.0,45.5,94.79,24.57
2020-11-14 23:00:00,52.0,53.0,95.39,24.18
2020-11-15 00:00:00,47.5,49.0,95.71,23.7
2020-11-15 01:00:00,43.0,45.0,95.96,23.32
2020-11-15 02:00:00,35.5,37.5,96.31,22.86
2020-11-15 03:00:00,28.0,30.0,96.61,22.59
2020-11-15 04:00:00,27.0,29.0,96.9,22.3
2020-11-15 05:00:00,26.0,28.0,97.22,22.19
2020-11-15 06:00:00,26.0,27.0,97.26,22.12
2020-11-15 07:00:00,27.0,30.0,97.48,22.44
2020-11-15 08:00:00,28.0,33.0,95.66,24.87
2020-11-15 09:00:00,29.0,36.0,76.98,30.44
2020-11-15 10:00:00,30.0,39.0,60.6,34.15
2020-11-15 11:00:00,30.0,34.71,49.59,36.52
2020-11-15 12:00:00,38.5,44.855000000000004,47.74,36.98
2020-11-15 13:00:00,47.0,55.0,47.67,37.05
2020-11-15 14:00:00,48.68,62.73,52.57,36.22
2020-11-15 15:00:00,48.17,62.0,54.93,35.89
2020-11-15 16:00:00,50.51,65.43,61.11,33.68
2020-11-15 17:00:00,54.254999999999995,69.215,75.06,30.52
2020-11-15 18:00:00,58.0,73.0,87.01,27.82
2020-11-15 19:00:00,53.82,59.27,92.76,26.3
2020-11-15 20:00:00,53.256,56.391666666666666,94.33,25.44
2020-11-15 21:00:00,52.692,53.513333333333335,94.7,24.72
2020-11-15 22:00:00,52.128,50.635000000000005,94.78,24.19
2020-11-15 23:00:00,51.564,47.75666666666667,95.19,23.72
2020-11-16 00:00:00,51.0,44.87833333333333,95.59,23.46
2020-11-16 01:00:00,40.0,42.0,95.85,23.14
2020-11-16 02:00:00,42.77777777777778,45.55555555555556,96.27,22.88
2020-11-16 03:00:00,45.55555555555556,49.111111111111114,96.41,22.87
2020-11-16 04:00:00,48.33333333333333,52.666666666666664,96.65,22.78
2020-11-16 05:00:00,51.111111111111114,56.22222222222222,96.63,22.57
2020-11-16 06:00:00,53.888888888888886,59.77777777777778,96.87,22.32
2020-11-16 07:00:00,56.666666666666664,63.33333333333333,97.13,22.74
2020-11-16 08:00:00,59.44444444444444,66.88888888888889,93.56,25.44
2020-11-16 09:00:00,62.22222222222222,70.44444444444444,75.4,30.61
2020-11-16 10:00:00,65.0,74.0,56.33,34.73
2020-11-16 11:00:00,52.46,56.0,47.48,36.75
2020-11-16 12:00:00,48.230000000000004,60.0,43.7,37.31
2020-11-16 13:00:00,44.0,64.0,42.43,37.69
2020-11-16 14:00:00,44.0,68.29,40.38,38.14
2020-11-16 15:00:00,43.16,59.56,42.27,37.98
2020-11-16 16:00:00,45.51,64.87,57.59,33.34
2020-11-16 17:00:00,75.27,90.89,71.16,30.46
2020-11-16 18:00:00,84.34,101.87,84.86,27.58
2020-11-16 19:00:00,81.9,90.0,91.06,26.02
2020-11-16 20:00:00,79.0,85.92307692307692,93.31,25.33
2020-11-16 21:00:00,88.0,81.84615384615384,94.31,25.0
2020-11-16 22:00:00,82.934,77.76923076923077,95.0,24.52
2020-11-16 23:00:00,77.868,73.6923076923077,95.22,24.2
2020-11-17 00:00:00,72.80199999999999,69.61538461538461,95.17,23.6
2020-11-17 01:00:00,67.736,65.53846153846155,95.53,23.11
2020-11-17 02:00:00,62.67,61.46153846153847,95.68,22.84
2020-11-17 03:00:00,57.604,57.38461538461539,95.72,22.65
2020-11-17 04:00:00,52.538000000000004,53.30769230769231,95.58,22.88
2020-11-17 05:00:00,47.472,49.23076923076923,95.63,22.87
2020-11-17 06:00:00,42.406,45.15384615384616,96.06,22.59
2020-11-17 07:00:00,37.34,41.07692307692308,95.59,23.44
2020-11-17 08:00:00,35.0,37.0,90.94,26.24
2020-11-17 09:00:00,60.83,64.47,69.69,30.86
2020-11-17 10:00:00,40.92,47.54,56.13,34.23
2020-11-17 11:00:00,42.67,53.44,50.78,35.92
2020-11-17 12:00:00,37.335,53.22,48.73,36.48
2020-11-17 13:00:00,32.0,53.0,48.02,37.44
2020-11-17 14:00:00,40.33,71.94,46.27,38.29
2020-11-17 15:00:00,50.36,75.0,57.16,34.33
2020-11-17 16:00:00,62.07,86.16,62.16,32.55
2020-11-17 17:00:00,76.5,100.19,75.09,30.27
2020-11-17 18:00:00,99.83,113.61,88.2,27.68
2020-11-17 19:00:00,100.56,104.17,92.23,26.43
2020-11-17 20:00:00,96.73125,103.15866666666666,93.4,25.74
2020-11-17 21:00:00,92.9025,102.14733333333334,94.56,25.22
2020-11-17 22:00:00,89.07375,101.136,95.12,24.8
2020-11-17 23:00:00,85.245,100.12466666666667,95.6,24.35
2020-11-18 00:00:00,81.41625,99.11333333333333,95.87,24.06
2020-11-18 01:00:00,77.5875,98.102,96.09,23.78
2020-11-18 02:00:00,73.75875,97.09066666666666,96.36,23.5
2020-11-18 03:00:00,69.93,96.07933333333334,96.61,23.29
2020-11-18 04:00:00,70.94000000000001,95.068,96.72,23.06
2020-11-18 05:00:00,71.95,94.05666666666667,97.0,22.86
2020-11-18 06:00:00,72.96000000000001,93.04533333333333,97.24,22.79
2020-11-18 07:00:00,73.97,92.034,97.29,23.25
2020-11-18 08:00:00,74.98,91.02266666666667,94.64,25.23
2020-11-18 09:00:00,75.99000000000001,90.01133333333334,79.65,29.72
2020-11-18 10:00:00,77.0,89.0,60.25,34.11
2020-11-18 11:00:00,66.97,78.7,56.71,35.31
2020-11-18 12:00:00,66.985,93.85,51.15,36.34
2020-11-18 13:00:00,67.0,109.0,53.75,35.75
2020-11-18 14:00:00,88.74,132.18,53.63,35.48
2020-11-18 15:00:00,99.64,142.01,56.97,34.03
2020-11-18 16:00:00,89.3,113.82,61.94,32.42
2020-11-18 17:00:00,69.44,96.12,70.87,29.83
2020-11-18 18:00:00,62.67,82.84,84.61,27.11
2020-11-18 19:00:00,67.02,76.71,90.84,25.78
2020-11-18 20:00:00,65.59,68.63,93.08,25.04
2020-11-18 21:00:00,63.83,65.615,94.2,24.75
2020-11-18 22:00:00,62.07,62.6,94.54,24.59
2020-11-18 23:00:00,58.8025,68.66,94.7,24.52
2020-11-19 00:00:00,55.535,74.72,95.12,24.4
2020-11-19 01:00:00,52.2675,80.78,95.44,24.29
2020-11-19 02:00:00,49.0,86.84,95.45,24.19
2020-11-19 03:00:00,56.47875,92.9,95.39,24.31
2020-11-19 04:00:00,63.957499999999996,98.96000000000001,95.11,24.47
2020-11-19 05:00:00,71.43625,105.02,95.46,24.48
2020-11-19 06:00:00,78.91499999999999,111.08,95.5,24.4
2020-11-19 07:00:00,86.39375,117.14,95.92,24.42
2020-11-19 08:00:00,93.8725,123.19999999999999,93.56,25.69
2020-11-19 09:00:00,101.35125,129.26,82.14,28.94
2020-11-19 10:00:00,108.83,135.32,65.35,32.68
2020-11-19 11:00:00,109.66,162.17,61.52,33.03
2020-11-19 12:00:00,96.33,149.58499999999998,55.87,34.36
2020-11-19 13:00:00,83.0,137.0,53.44,34.76
2020-11-19 14:00:00,77.98,118.37,54.3,34.06
2020-11-19 15:00:00,87.83,122.99,55.16,33.36
2020-11-19 16:00:00,79.17,116.43,61.64,31.48
2020-11-19 17:00:00,77.0,131.31,67.39,29.5
2020-11-19 18:00:00,78.67,140.87,81.17,26.93
2020-11-19 19:00:00,83.2,102.52,87.89,25.36
2020-11-19 20:00:00,85.67,92.57,90.7,24.37
2020-11-19 21:00:00,86.84,92.86,92.13,23.72
2020-11-19 22:00:00,87.0,91.29,93.25,23.09
2020-11-19 23:00:00,79.5,85.01,93.89,22.68
2020-11-20 00:00:00,77.17,82.28,93.7,22.31
2020-11-20 01:00:00,74.0,75.07,93.99,22.09
2020-11-20 02:00:00,57.0,59.0,94.48,21.77
2020-11-20 03:00:00,56.16,58.14,94.12,21.72
2020-11-20 04:00:00,54.67,55.4,94.28,21.84
2020-11-20 05:00:00,53.11333333333334,54.266666666666666,94.2,21.76
2020-11-20 06:00:00,51.556666666666665,53.13333333333333,95.05,21.26
2020-11-20 07:00:00,50.0,52.0,93.65,21.9
2020-11-20 08:00:00,59.17,66.59,89.26,24.12
2020-11-20 09:00:00,61.83,69.0,72.04,28.59
2020-11-20 10:00:00,61.16,84.45,65.26,31.09
2020-11-20 11:00:00,46.0,63.05,57.56,33.61
2020-11-20 12:00:00,45.0,66.025,56.37,33.71
2020-11-20 13:00:00,44.0,69.0,51.06,34.74
2020-11-20 14:00:00,56.5,86.91,49.66,34.41
2020-11-20 15:00:00,54.83,82.86,51.08,32.75
2020-11-20 16:00:00,59.0,93.88,63.75,30.05
2020-11-20 17:00:00,70.0,108.85,75.43,28.35
2020-11-20 18:00:00,78.69,98.12,87.68,25.83
2020-11-20 19:00:00,80.0,85.7,91.05,24.29
2020-11-20 20:00:00,80.0,81.42,92.99,23.31
2020-11-20 21:00:00,88.33,89.56,93.98,22.54
2020-11-20 22:00:00,92.51,93.58,94.47,21.87
2020-11-20 23:00:00,91.33,86.17999999999999,95.21,21.34
2020-11-21 00:00:00,82.03999999999999,78.78,94.87,20.89
2020-11-21 01:00:00,72.75,71.38,94.77,20.32
2020-11-21 02:00:00,63.46,63.98,95.27,19.85
2020-11-21 03:00:00,54.17,56.58,95.94,19.55
2020-11-21 04:00:00,53.0,54.27,96.43,19.4
2020-11-21 05:00:00,56.33,58.01,96.66,19.31
2020-11-21 06:00:00,55.33,55.53,96.7,19.13
2020-11-21 07:00:00,46.0,56.61,96.88,19.36
2020-11-21 08:00:00,56.83,57.69,95.27,21.93
2020-11-21 09:00:00,59.0,62.58,73.24,28.12
2020-11-21 10:00:00,85.67,110.06,55.67,33.19
2020-11-21 11:00:00,76.83,118.86,51.92,33.97
2020-11-21 12:00:00,74.41499999999999,119.43,50.34,34.33
2020-11-21 13:00:00,72.0,120.0,51.1725,34.0975
2020-11-21 14:00:00,72.83,113.6,52.005,33.864999999999995
2020-11-21 15:00:00,62.97,90.22,52.837500000000006,33.6325
2020-11-21 16:00:00,53.5,77.23,53.67,33.4
2020-11-21 17:00:00,61.17,91.0,71.85,28.814999999999998
2020-11-21 18:00:00,61.33,78.0,90.03,24.23
2020-11-21 19:00:00,62.67,66.02,92.45,23.35
2020-11-21 20:00:00,63.335,65.50999999999999,94.45,22.4
2020-11-21 21:00:00,64.0,65.0,95.62,21.84
2020-11-21 22:00:00,76.5,63.6,96.21,21.29
2020-11-21 23:00:00,89.0,62.2,96.55,20.91
2020-11-22 00:00:00,83.0,60.8,96.91,20.66
2020-11-22 01:00:00,78.28571428571429,59.4,96.92,20.55
2020-11-22 02:00:00,73.57142857142857,58.0,96.91,20.2
2020-11-22 03:00:00,68.85714285714286,56.6,96.99,19.86
2020-11-22 04:00:00,64.14285714285714,55.2,97.14,19.46
2020-11-22 05:00:00,59.42857142857143,53.8,97.37,19.21
2020-11-22 06:00:00,54.714285714285715,52.4,97.48,18.96
2020-11-22 07:00:00,50.0,51.0,97.97,19.43
2020-11-22 08:00:00,56.0,64.0,97.37,22.46
2020-11-22 09:00:00,73.0,77.0,83.22,27.73
2020-11-22 10:00:00,82.2,90.69,57.97,33.5
2020-11-22 11:00:00,74.0,81.84,49.2,35.75
2020-11-22 12:00:00,92.0,135.61,52.31,35.16
2020-11-22 13:00:00,99.33,140.72,55.32,34.34
2020-11-22 14:00:00,90.83,116.01,54.08,34.64
2020-11-22 15:00:00,81.5,100.88,54.43,34.09
2020-11-22 16:00:00,78.33,105.87,61.39,31.54
2020-11-22 17:00:00,100.5,115.56,77.12,28.4
2020-11-22 18:00:00,86.67,98.12,88.12,25.39
2020-11-22 19:00:00,81.0,87.32,92.65,23.76
2020-11-22 20:00:00,77.5,84.69866666666665,94.39,22.64
2020-11-22 21:00:00,74.0,82.07733333333333,95.24,21.72
2020-11-22 22:00:00,66.6,79.45599999999999,91.7,20.52
2020-11-22 23:00:00,59.2,76.83466666666666,92.01,19.66
2020-11-23 00:00:00,51.8,74.21333333333332,93.98,18.96
2020-11-23 01:00:00,44.4,71.592,95.1,18.68
2020-11-23 02:00:00,37.0,68.97066666666666,95.57,18.54
2020-11-23 03:00:00,45.0,66.34933333333333,96.29499999999999,18.33
2020-11-23 04:00:00,50.0,63.727999999999994,97.02,18.12
2020-11-23 05:00:00,44.0,61.10666666666667,88.55714285714285,20.532857142857143
2020-11-23 06:00:00,39.0,58.48533333333333,80.09428571428572,22.945714285714285
2020-11-23 07:00:00,38.0,55.864,71.63142857142857,25.35857142857143
2020-11-23 08:00:00,43.34,53.242666666666665,63.168571428571425,27.771428571428572
2020-11-23 09:00:00,56.58,50.62133333333333,54.70571428571428,30.184285714285714
2020-11-23 10:00:00,43.0,48.0,46.24285714285714,32.597142857142856
2020-11-23 11:00:00,50.5,83.0,37.78,35.01
2020-11-23 12:00:00,31.17,67.0,34.2,34.72
2020-11-23 13:00:00,10.33,13.0,30.62,34.43
2020-11-23 14:00:00,6.17,13.0,27.04,34.14
2020-11-23 15:00:00,4.33,14.42,28.77,33.59
2020-11-23 16:00:00,6.49,22.82,34.86,31.41
2020-11-23 17:00:00,13.67,40.59,52.16,28.13
2020-11-23 18:00:00,24.13,43.86,70.98,24.57
2020-11-23 19:00:00,33.5,41.43,84.27,21.98
2020-11-23 20:00:00,26.67,35.01,89.62,20.9
2020-11-23 21:00:00,34.17,39.13,92.69,20.36
2020-11-23 22:00:00,39.54,40.84,94.44,20.05
2020-11-23 23:00:00,49.269999999999996,46.22666666666667,95.24,19.88
2020-11-24 00:00:00,59.0,51.61333333333334,95.81,19.65
2020-11-24 01:00:00,55.68,57.0,96.25,19.34
2020-11-24 02:00:00,56.47,57.875,96.74,19.18
2020-11-24 03:00:00,57.26,58.75,96.86,18.91
2020-11-24 04:00:00,58.05,59.625,96.56,18.49
2020-11-24 05:00:00,58.84,60.5,96.37,18.16
2020-11-24 06:00:00,59.63,61.375,96.51,17.82
2020-11-24 07:00:00,60.42,62.25,96.47,18.48
2020-11-24 08:00:00,61.21,63.125,92.67,21.31
2020-11-24 09:00:00,62.0,64.0,78.44,26.44
2020-11-24 10:00:00,79.5,91.38,53.89,32.05
2020-11-24 11:00:00,67.17,98.57,42.06,34.48
2020-11-24 12:00:00,58.085,91.785,39.36,34.99
2020-11-24 13:00:00,49.0,85.0,38.82,36.16
2020-11-24 14:00:00,53.17,77.0,39.36,36.61
2020-11-24 15:00:00,59.0,97.53,48.49,34.53
2020-11-24 16:00:00,90.83,123.32,57.89,31.71
2020-11-24 17:00:00,87.86,127.0,73.25,27.96
2020-11-24 18:00:00,83.51,99.62,81.83,24.79
2020-11-24 19:00:00,77.2,81.07,87.5,23.12
2020-11-24 20:00:00,70.935,74.71333333333332,89.74,22.48
2020-11-24 21:00:00,64.67,68.35666666666667,86.77,22.13
2020-11-24 22:00:00,61.02,62.0,85.39,21.57
2020-11-24 23:00:00,51.510000000000005,55.0,85.56,21.28
2020-11-25 00:00:00,42.0,48.0,88.1,20.9
2020-11-25 01:00:00,42.0,45.4,91.53,20.75
2020-11-25 02:00:00,46.17,47.13,93.36,20.74
2020-11-25 03:00:00,53.085,58.41125,93.93,20.95
2020-11-25 04:00:00,60.0,69.6925,94.72,20.68
2020-11-25 05:00:00,59.0,80.97375,95.59,20.42
2020-11-25 06:00:00,78.0,92.255,96.05,20.0
2020-11-25 07:00:00,97.0,103.53625,96.02,20.23
2020-11-25 08:00:00,106.25,114.8175,93.0,22.9
2020-11-25 09:00:00,115.125,126.09875,80.56,27.62
2020-11-25 10:00:00,124.0,137.38,55.63,32.43
2020-11-25 11:00:00,97.41,123.18,44.57,34.53
2020-11-25 12:00:00,98.67,129.41,41.59,35.64
2020-11-25 13:00:00,105.83,150.68,38.74,36.68
2020-11-25 14:00:00,81.25,109.51,50.59,34.37
2020-11-25 15:00:00,115.03,145.69,56.58,32.4
2020-11-25 16:00:00,129.67,162.41,63.03,30.41
2020-11-25 17:00:00,122.67,147.75,75.59,27.62
2020-11-25 18:00:00,110.2,121.97,85.38,24.57
2020-11-25 19:00:00,104.78,106.73,90.45,22.93
2020-11-25 20:00:00,97.0,99.784,92.31,22.15
2020-11-25 21:00:00,90.5,92.83800000000001,93.55,21.5
2020-11-25 22:00:00,84.0,85.892,93.09,21.19
2020-11-25 23:00:00,77.5,78.946,93.62,20.78
2020-11-26 00:00:00,71.0,72.0,94.32,20.41
2020-11-26 01:00:00,74.934,74.729,95.33,20.04
2020-11-26 02:00:00,78.868,77.458,96.07,19.82
2020-11-26 03:00:00,82.80199999999999,80.187,96.44,19.62
2020-11-26 04:00:00,86.736,82.916,96.66,19.71
2020-11-26 05:00:00,90.67,85.64500000000001,96.78,19.49
2020-11-26 06:00:00,85.5,88.374,96.97,19.31
2020-11-26 07:00:00,80.33,91.10300000000001,97.45,19.58
2020-11-26 08:00:00,82.02333333333333,93.83200000000001,96.21,21.92
2020-11-26 09:00:00,83.71666666666667,96.561,74.82,26.99
2020-11-26 10:00:00,85.41,99.29,49.89,31.45
2020-11-26 11:00:00,82.66,96.43,41.56,33.97
2020-11-26 12:00:00,91.31,107.38,38.41,34.58
2020-11-26 13:00:00,99.67,138.52,38.78,35.41
2020-11-26 14:00:00,98.51,136.99,38.39,35.74
2020-11-26 15:00:00,89.69,112.9,49.62,32.79
2020-11-26 16:00:00,99.63,130.32,60.69,30.57
2020-11-26 17:00:00,116.95,156.25,72.65,28.2
2020-11-26 18:00:00,129.13,158.29,86.72,25.34
2020-11-26 19:00:00,121.86,128.91,91.21,24.07
2020-11-26 20:00:00,132.0,136.24,91.28,23.44
2020-11-26 21:00:00,187.0,131.93,93.31,22.38
2020-11-26 22:00:00,174.45875,127.62,94.6,21.43
2020-11-26 23:00:00,161.9175,123.31,95.3,20.91
2020-11-27 00:00:00,149.37625,119.0,93.5,20.68
2020-11-27 01:00:00,136.835,114.69,94.16,19.93
2020-11-27 02:00:00,124.29375,110.38000000000001,95.09,19.4
2020-11-27 03:00:00,111.7525,106.07000000000001,95.95,19.13
2020-11-27 04:00:00,99.21125,101.76,81.13,21.61
2020-11-27 05:00:00,86.67,97.45,54.67,25.58
2020-11-27 06:00:00,75.33,111.12,56.97,24.67
2020-11-27 07:00:00,67.17,105.18,58.23,24.23
2020-11-27 08:00:00,70.98,107.13,52.73,26.45
2020-11-27 09:00:00,64.5,90.03,49.41,28.66
2020-11-27 10:00:00,68.0,104.06,47.82,30.88
2020-11-27 11:00:00,65.68,118.82,44.89,32.21
2020-11-27 12:00:00,50.83,95.39,41.21,33.91
2020-11-27 13:00:00,39.7,82.47,37.19,35.18
2020-11-27 14:00:00,38.0,68.17,35.59,35.4
2020-11-27 15:00:00,34.68,57.47,35.97,35.77
2020-11-27 16:00:00,36.49,52.59,42.66,32.71
2020-11-27 17:00:00,56.1,75.03,57.22,28.88
2020-11-27 18:00:00,63.32,73.03,71.89,24.84
2020-11-27 19:00:00,70.67,77.13,74.5,23.27
2020-11-27 20:00:00,62.86,72.0,60.68,24.73
2020-11-27 21:00:00,65.15,78.84,60.67,24.52
2020-11-27 22:00:00,74.31,86.84,63.48,24.16
2020-11-27 23:00:00,82.64,100.02,67.93,22.55
2020-11-28 00:00:00,80.68,92.59,68.8,22.24
2020-11-28 01:00:00,83.33,97.84,74.56,21.79
2020-11-28 02:00:00,88.98,99.86,76.88,20.86
2020-11-28 03:00:00,97.5,103.42,80.35,20.61
2020-11-28 04:00:00,93.17,98.01,70.22,22.26
2020-11-28 05:00:00,96.97,100.42,72.78,22.2
2020-11-28 06:00:00,88.86,93.18,80.36,21.61
2020-11-28 07:00:00,92.81,95.99,81.23,21.84
2020-11-28 08:00:00,97.31,104.7,70.58,24.6
2020-11-28 09:00:00,104.64,172.73,60.03,27.69
2020-11-28 10:00:00,75.27,100.16,51.24,30.27
2020-11-28 11:00:00,51.56,66.32,53.89,29.19
2020-11-28 12:00:00,46.34,60.12,53.71244897959184,29.343469387755103
2020-11-28 13:00:00,36.03,62.74666666666666,53.534897959183674,29.496938775510205
2020-11-28 14:00:00,35.66,65.37333333333333,53.357346938775514,29.650408163265308
2020-11-28 15:00:00,45.13,68.0,53.17979591836735,29.80387755102041
2020-11-28 16:00:00,47.0,67.68888888888888,53.00224489795919,29.957346938775512
2020-11-28 17:00:00,47.83,67.37777777777778,52.82469387755102,30.110816326530614
2020-11-28 18:00:00,48.0,67.06666666666666,52.64714285714286,30.264285714285716
2020-11-28 19:00:00,63.78,66.75555555555556,52.46959183673469,30.417755102040818
2020-11-28 20:00:00,57.0,66.44444444444444,52.292040816326534,30.57122448979592
2020-11-28 21:00:00,49.17,66.13333333333334,52.11448979591837,30.724693877551022
2020-11-28 22:00:00,43.02,65.82222222222222,51.93693877551021,30.878163265306124
2020-11-28 23:00:00,40.34,65.5111111111111,51.75938775510204,31.031632653061227
2020-11-29 00:00:00,51.63,65.2,51.58183673469388,31.18510204081633
2020-11-29 01:00:00,49.02,64.88888888888889,51.40428571428571,31.33857142857143
2020-11-29 02:00:00,48.0,64.57777777777778,51.22673469387755,31.492040816326533
2020-11-29 03:00:00,38.03,64.26666666666667,51.049183673469386,31.645510204081635
2020-11-29 04:00:00,32.68,63.955555555555556,50.871632653061226,31.798979591836737
2020-11-29 05:00:00,30.34,63.644444444444446,50.69408163265306,31.95244897959184
2020-11-29 06:00:00,34.17,63.333333333333336,50.5165306122449,32.10591836734694
2020-11-29 07:00:00,35.83,63.022222222222226,50.33897959183673,32.25938775510204
2020-11-29 08:00:00,39.32,62.71111111111111,50.16142857142857,32.41285714285714
2020-11-29 09:00:00,57.44,62.4,49.983877551020406,32.566326530612244
2020-11-29 10:00:00,56.85,62.08888888888889,49.806326530612246,32.719795918367346
2020-11-29 11:00:00,57.66,61.77777777777778,49.62877551020408,32.87326530612245
2020-11-29 12:00:00,49.67,61.46666666666667,49.45122448979592,33.02673469387755
2020-11-29 13:00:00,38.87,61.15555555555555,49.27367346938775,33.18020408163265
2020-11-29 14:00:00,28.61,60.84444444444444,49.09612244897959,33.333673469387755
2020-11-29 15:00:00,38.63,60.53333333333333,48.918571428571425,33.48714285714286
2020-11-29 16:00:00,32.7,60.22222222222222,48.741020408163266,33.64061224489796
2020-11-29 17:00:00,33.49,59.91111111111111,48.5634693877551,33.79408163265306
2020-11-29 18:00:00,29.83,59.6,48.38591836734694,33.94755102040816
2020-11-29 19:00:00,33.98,59.28888888888889,48.20836734693877,34.101020408163265
2020-11-29 20:00:00,38.32,58.977777777777774,48.03081632653061,34.25448979591837
2020-11-29 21:00:00,37.34,58.666666666666664,47.853265306122445,34.40795918367347
2020-11-29 22:00:00,40.32,58.355555555555554,47.675714285714285,34.56142857142857
2020-11-29 23:00:00,49.3,58.044444444444444,47.49816326530612,34.71489795918367
2020-11-30 00:00:00,46.86,57.733333333333334,47.32061224489796,34.868367346938776
2020-11-30 01:00:00,40.17,57.422222222222224,47.1430612244898,35.02183673469388
2020-11-30 02:00:00,34.03,57.111111111111114,46.96551020408163,35.17530612244898
2020-11-30 03:00:00,35.49,56.8,46.787959183673465,35.32877551020408
2020-11-30 04:00:00,35.17,56.48888888888889,46.610408163265305,35.482244897959184
2020-11-30 05:00:00,33.34,56.17777777777778,46.432857142857145,35.635714285714286
2020-11-30 06:00:00,38.0,55.86666666666667,46.25530612244898,35.78918367346939
2020-11-30 07:00:00,37.34,55.55555555555556,46.07775510204081,35.94265306122449
2020-11-30 08:00:00,38.66,55.24444444444444,45.90020408163265,36.09612244897959
2020-11-30 09:00:00,58.93,54.93333333333334,45.72265306122449,36.249591836734695
2020-11-30 10:00:00,63.83,54.62222222222222,45.545102040816325,36.4030612244898
2020-11-30 11:00:00,47.39,54.31111111111111,45.36755102040816,36.5565306122449
2020-11-30 12:00:00,47.33,54.0,45.19,36.71
2020-11-30 13:00:00,48.0,64.0,47.57,36.33
2020-11-30 14:00:00,57.13,81.11,51.65,35.16
2020-11-30 15:00:00,62.32,86.57,56.78,34.05
2020-11-30 16:00:00,69.64,92.97,59.21,32.17
2020-11-30 17:00:00,52.67,73.47,72.78,29.73
2020-11-30 18:00:00,49.83,67.43,82.54,27.05
2020-11-30 19:00:00,54.98,64.44,90.19,25.4
2020-11-30 20:00:00,56.0,58.72,92.44,24.55
2020-11-30 21:00:00,50.0,53.0,93.27,24.07
2020-11-30 22:00:00,51.29,52.59,94.01,23.71
2020-11-30 23:00:00,45.0,47.0,94.16,23.48
2020-12-01 00:00:00,36.0,38.0,94.08,23.29
2020-12-01 01:00:00,27.0,29.0,93.62,23.61
2020-12-01 02:00:00,28.29,29.42,94.01,23.46
2020-12-01 03:00:00,29.34,30.85,94.38,23.43
2020-12-01 04:00:00,33.14,36.99,94.17,23.73
2020-12-01 05:00:00,34.83,37.29,94.38,23.63
2020-12-01 06:00:00,38.11,39.06,95.18,23.0
2020-12-01 07:00:00,49.876666666666665,55.25,95.71,23.02
2020-12-01 08:00:00,61.64333333333333,71.44,91.91,25.53
2020-12-01 09:00:00,73.41,87.63,76.91,30.14
2020-12-01 10:00:00,62.39,87.33,56.86,35.01
2020-12-01 11:00:00,61.49,79.16,47.22,37.03
2020-12-01 12:00:00,69.47,81.42,44.0,37.86
2020-12-01 13:00:00,60.2,73.0,42.95,37.73
2020-12-01 14:00:00,60.49,87.5,47.35,36.56
2020-12-01 15:00:00,78.44,114.81,52.16,34.97
2020-12-01 16:00:00,75.36,107.05,59.55,32.89
2020-12-01 17:00:00,73.17,93.06,71.12,30.16
2020-12-01 18:00:00,75.49,94.42,82.86,27.47
2020-12-01 19:00:00,78.49,85.59,89.95,25.82
2020-12-01 20:00:00,79.66,79.48,92.39,24.94
2020-12-01 21:00:00,67.0,77.56666666666666,93.22,24.29
2020-12-01 22:00:00,66.2,75.65333333333334,94.39,23.68
2020-12-01 23:00:00,65.4,73.74000000000001,95.05,23.32
2020-12-02 00:00:00,64.6,71.82666666666667,95.4,23.07
2020-12-02 01:00:00,63.8,69.91333333333333,95.24,22.85
2020-12-02 02:00:00,63.0,68.0,95.36,22.57
2020-12-02 03:00:00,63.64,64.62,95.87,22.24
2020-12-02 04:00:00,62.88,66.096,96.08,22.01
2020-12-02 05:00:00,62.12,67.572,96.42,21.78
2020-12-02 06:00:00,61.36,69.048,96.77,21.73
2020-12-02 07:00:00,66.18,70.524,97.28,22.33
2020-12-02 08:00:00,71.0,72.0,90.5,25.74
2020-12-02 09:00:00,79.7,82.56,75.34,29.67
2020-12-02 10:00:00,85.54,97.0,55.81,33.46
2020-12-02 11:00:00,87.14,106.38,47.5,35.55
2020-12-02 12:00:00,89.66,127.61,43.16,36.45
2020-12-02 13:00:00,80.03,104.48,41.78,36.77
2020-12-02 14:00:00,70.53,90.62,48.32,35.98
2020-12-02 15:00:00,88.1,106.64,52.83,34.54
2020-12-02 16:00:00,87.02,110.58,60.45,31.5
2020-12-02 17:00:00,79.36,105.73,73.91,29.06
2020-12-02 18:00:00,82.14,103.29,85.35,26.36
2020-12-02 19:00:00,80.51,88.5,91.77,24.56
2020-12-02 20:00:00,76.69,80.88,94.03,23.61
2020-12-02 21:00:00,79.73,86.94,95.21,22.71
2020-12-02 22:00:00,91.0,93.0,95.65,22.17
2020-12-02 23:00:00,79.75,82.5,95.77,21.61
2020-12-03 00:00:00,68.5,72.0,95.58,21.03
2020-12-03 01:00:00,57.25,61.5,95.43,20.38
2020-12-03 02:00:00,46.0,51.0,95.55,20.02
2020-12-03 03:00:00,55.0,51.57142857142857,95.76,19.81
2020-12-03 04:00:00,55.6,52.142857142857146,95.74,19.32
2020-12-03 05:00:00,56.2,52.714285714285715,96.19,18.97
2020-12-03 06:00:00,56.8,53.285714285714285,96.09,18.7
2020-12-03 07:00:00,57.4,53.857142857142854,96.4,18.84
2020-12-03 08:00:00,58.0,54.42857142857143,94.94,21.52
2020-12-03 09:00:00,53.0,55.0,82.24,26.28
2020-12-03 10:00:00,68.73,78.88,52.2,33.02
2020-12-03 11:00:00,67.86,88.97,39.61,35.52
2020-12-03 12:00:00,62.85,84.35,36.89,36.23
2020-12-03 13:00:00,74.42,113.66,32.47,37.32
2020-12-03 14:00:00,59.56,91.62,34.41,36.67
2020-12-03 15:00:00,72.61,100.51,46.47,34.16
2020-12-03 16:00:00,103.41,134.23,53.2,31.43
2020-12-03 17:00:00,97.41,135.47,64.76,28.71
2020-12-03 18:00:00,86.69,111.83,81.11,25.18
2020-12-03 19:00:00,109.89,131.15,89.44,23.26
2020-12-03 20:00:00,87.0,92.0,92.03,22.16
2020-12-03 21:00:00,85.76,86.09,93.57,21.41
2020-12-03 22:00:00,77.0,84.83250000000001,93.56,20.89
2020-12-03 23:00:00,74.0,83.575,93.25,20.32
2020-12-04 00:00:00,73.1,82.3175,93.05,19.68
2020-12-04 01:00:00,72.2,81.06,93.15,19.23
2020-12-04 02:00:00,71.3,79.80250000000001,93.78,18.75
2020-12-04 03:00:00,70.4,78.545,94.59,18.36
2020-12-04 04:00:00,69.5,77.2875,95.22,18.1
2020-12-04 05:00:00,68.6,76.03,96.09,17.72
2020-12-04 06:00:00,67.7,74.77250000000001,96.69,17.64
2020-12-04 07:00:00,66.8,73.515,97.05,17.85
2020-12-04 08:00:00,65.9,72.2575,95.63,20.4
2020-12-04 09:00:00,65.0,71.0,84.16,25.58
2020-12-04 10:00:00,64.17,67.59,49.98,32.73
2020-12-04 11:00:00,62.34,78.94,38.91,34.14
2020-12-04 12:00:00,62.17,79.97,31.31,35.82
2020-12-04 13:00:00,62.0,81.0,28.62,37.3
2020-12-04 14:00:00,62.83,81.0,28.05,37.52
2020-12-04 15:00:00,58.86,95.0,42.32,33.75
2020-12-04 16:00:00,78.77,114.05,48.87,31.8
2020-12-04 17:00:00,83.83,130.53,69.28,27.6
2020-12-04 18:00:00,84.83,103.77,83.74,23.75
2020-12-04 19:00:00,84.17,88.77,87.64,21.64
2020-12-04 20:00:00,80.69,82.73,90.51,20.64
2020-12-04 21:00:00,80.31,81.18,90.83,19.94
2020-12-04 22:00:00,77.06,75.15,89.88,19.46
2020-12-04 23:00:00,70.248,69.12,90.37,19.02
2020-12-05 00:00:00,63.436,63.09,91.34,18.52
2020-12-05 01:00:00,56.624,57.06,91.89,18.2
2020-12-05 02:00:00,49.812,51.03,92.17,17.74
2020-12-05 03:00:00,43.0,45.0,93.68,17.24
2020-12-05 04:00:00,46.94,46.23,94.61,17.04
2020-12-05 05:00:00,49.0,51.141999999999996,95.19,16.67
2020-12-05 06:00:00,54.1475,56.054,95.77,16.47
2020-12-05 07:00:00,59.295,60.966,96.11,16.77
2020-12-05 08:00:00,64.4425,65.878,93.59,19.6
2020-12-05 09:00:00,69.59,70.79,76.46,25.71
2020-12-05 10:00:00,68.69,78.0,36.0,34.7
2020-12-05 11:00:00,54.76,64.35,31.7,35.82
2020-12-05 12:00:00,50.34,67.12,29.77,36.8
2020-12-05 13:00:00,63.29,99.55,27.89,37.17
2020-12-05 14:00:00,66.0,103.3,26.55,38.14
2020-12-05 15:00:00,58.55,94.47,34.97,36.14
2020-12-05 16:00:00,75.21,117.73,51.51,31.77
2020-12-05 17:00:00,101.42,216.66,71.63,27.76
2020-12-05 18:00:00,104.34,138.34,86.58,24.15
2020-12-05 19:00:00,94.03,98.12,91.14,22.15
2020-12-05 20:00:00,89.35333333333334,92.41333333333334,93.33,21.05
2020-12-05 21:00:00,84.67666666666666,86.70666666666666,94.52,20.35
2020-12-05 22:00:00,80.0,81.0,94.97,19.71
2020-12-05 23:00:00,71.72,74.16,94.56,19.06
2020-12-06 00:00:00,68.8,69.71,94.29,18.32
2020-12-06 01:00:00,53.0,59.806666666666665,95.36,17.62
2020-12-06 02:00:00,45.5,49.903333333333336,95.73,17.18
2020-12-06 03:00:00,38.0,40.0,96.02,16.68
2020-12-06 04:00:00,39.24,40.41,95.33,16.43
2020-12-06 05:00:00,37.02,41.0,95.23,16.3
2020-12-06 06:00:00,36.93,40.18,95.5,15.85
2020-12-06 07:00:00,35.69,36.44,95.61,15.99
2020-12-06 08:00:00,38.28,40.685,90.34,19.84
2020-12-06 09:00:00,43.87,44.93,47.8,27.55
2020-12-06 10:00:00,40.41,49.44,34.28,33.34
2020-12-06 11:00:00,43.81,60.12,30.53,35.26
2020-12-06 12:00:00,59.07,80.76,28.73,35.56
2020-12-06 13:00:00,57.03,95.94,25.54,36.55
2020-12-06 14:00:00,48.52,75.83,23.66,37.51
2020-12-06 15:00:00,41.2,62.65,26.64,37.43
2020-12-06 16:00:00,48.28,93.41,49.02,31.79
2020-12-06 17:00:00,59.11,122.03,68.12,27.98
2020-12-06 18:00:00,57.69,87.6,82.23,24.22
2020-12-06 19:00:00,61.97,68.21,89.94,21.92
2020-12-06 20:00:00,53.89,54.91,92.04,20.47
2020-12-06 21:00:00,55.31,60.0,92.81,19.25
2020-12-06 22:00:00,54.34,55.75,93.15,18.54
2020-12-06 23:00:00,52.34,53.3,93.05,18.09
2020-12-07 00:00:00,51.1,48.53333333333333,93.86,17.47
2020-12-07 01:00:00,42.55,43.766666666666666,94.72,17.18
2020-12-07 02:00:00,34.0,39.0,94.41,17.04
2020-12-07 03:00:00,38.97,40.7,94.81,16.78
2020-12-07 04:00:00,40.0,40.59,94.93,16.5
2020-12-07 05:00:00,49.25,49.472,95.79,16.27
2020-12-07 06:00:00,58.5,58.354,95.65,16.23
2020-12-07 07:00:00,67.75,67.236,93.5,16.82
2020-12-07 08:00:00,77.0,76.118,66.14,23.02
2020-12-07 09:00:00,65.41,85.0,41.89,29.12
2020-12-07 10:00:00,45.62,67.09,35.45,32.88
2020-12-07 11:00:00,53.59,75.9,33.78,34.01
2020-12-07 12:00:00,61.8,95.85,30.75,35.47
2020-12-07 13:00:00,53.0,91.08,29.19,35.73
2020-12-07 14:00:00,55.15,86.3,27.36,37.57
2020-12-07 15:00:00,50.24,76.61,26.92,37.84
2020-12-07 16:00:00,47.34,92.91,44.91,32.42
2020-12-07 17:00:00,47.83,66.0,61.44,28.16
2020-12-07 18:00:00,52.97,71.12,83.03,24.13
2020-12-07 19:00:00,48.19,54.95,89.24,22.23
2020-12-07 20:00:00,52.8,58.82,91.07,21.02
2020-12-07 21:00:00,61.42,65.97,91.86,20.08
2020-12-07 22:00:00,59.69,63.59,91.98,19.79
2020-12-07 23:00:00,68.1,61.6925,92.7,19.01
2020-12-08 00:00:00,68.33,59.795,92.08,18.72
2020-12-08 01:00:00,60.665,57.8975,92.77,18.23
2020-12-08 02:00:00,53.0,56.0,92.81,17.75
2020-12-08 03:00:00,51.34,54.59,93.21,17.3
2020-12-08 04:00:00,47.34,50.010000000000005,93.78,17.13
2020-12-08 05:00:00,43.34,45.43,94.45,16.87
2020-12-08 06:00:00,39.34,40.85,94.8,16.77
2020-12-08 07:00:00,44.445,57.31666666666666,91.84,18.2
2020-12-08 08:00:00,49.55,73.78333333333333,77.61,22.94
2020-12-08 09:00:00,64.55,90.25,54.65,27.95
2020-12-08 10:00:00,57.07,69.0,37.5,33.77
2020-12-08 11:00:00,51.69,68.84,35.325,35.125
2020-12-08 12:00:00,49.34,68.68,33.15,36.48
2020-12-08 13:00:00,54.81,87.0,31.52,37.71
2020-12-08 14:00:00,55.17,89.56,33.67,36.77
2020-12-08 15:00:00,55.83,90.86,42.49,34.85
2020-12-08 16:00:00,56.83,91.7,50.2,31.98
2020-12-08 17:00:00,53.69,85.18,65.12,28.1
2020-12-08 18:00:00,46.38,76.33,82.95,24.73
2020-12-08 19:00:00,51.61,58.0,89.44,22.66
2020-12-08 20:00:00,49.69,55.0,91.6,21.7
2020-12-08 21:00:00,50.56,53.8,92.99,21.07
2020-12-08 22:00:00,50.373333333333335,52.87166666666666,92.6,20.56
2020-12-08 23:00:00,50.18666666666667,51.94333333333333,91.49,20.25
2020-12-09 00:00:00,50.0,51.015,91.85,20.0
2020-12-09 01:00:00,48.04333333333334,50.086666666666666,92.59,19.76
2020-12-09 02:00:00,46.086666666666666,49.15833333333333,92.83,19.66
2020-12-09 03:00:00,44.13,48.23,94.0,19.4
2020-12-09 04:00:00,53.28,57.67,93.48,19.72
2020-12-09 05:00:00,57.62,57.04666666666667,93.36,20.064999999999998
2020-12-09 06:00:00,49.0,56.42333333333333,93.24,20.41
2020-12-09 07:00:00,53.95,55.8,92.12,20.7
2020-12-09 08:00:00,67.4,72.35,86.51,22.38
2020-12-09 09:00:00,95.75,95.3,57.45,27.65
2020-12-09 10:00:00,58.64,72.45,49.66,31.6
2020-12-09 11:00:00,42.55,75.5,38.73,35.9
2020-12-09 12:00:00,49.28,72.73,37.14,36.4
2020-12-09 13:00:00,48.52,87.3,37.2,36.7
2020-12-09 14:00:00,57.08,99.35,37.12,37.42
2020-12-09 15:00:00,74.73,132.45,47.19,33.8
2020-12-09 16:00:00,69.73,114.12,56.45,31.66
2020-12-09 17:00:00,71.31,111.7,71.55,29.12
2020-12-09 18:00:00,68.72,95.77,80.44,27.05
2020-12-09 19:00:00,66.17,78.77,83.61,26.19
2020-12-09 20:00:00,68.47,74.45,85.36,25.5
2020-12-09 21:00:00,67.71,69.07,84.11,25.13
2020-12-09 22:00:00,53.0,56.0,84.58,24.8
2020-12-09 23:00:00,50.51,50.66,86.59,24.48
2020-12-10 00:00:00,37.0,42.0,86.85,24.24
2020-12-10 01:00:00,37.93,39.12,88.09,23.91
2020-12-10 02:00:00,40.965,43.265,89.14,23.79
2020-12-10 03:00:00,44.0,47.41,90.28,23.91
2020-12-10 04:00:00,49.77,50.8,91.83,23.48
2020-12-10 05:00:00,50.96,52.15,93.44,22.98
2020-12-10 06:00:00,52.150000000000006,53.5,93.65,22.63
2020-12-10 07:00:00,53.34,54.85,92.9,22.56
2020-12-10 08:00:00,54.66,56.7,87.84,24.96
2020-12-10 09:00:00,60.8,81.73,71.81,28.81
2020-12-10 10:00:00,85.18,121.82,52.01,34.46
2020-12-10 11:00:00,59.37,89.62,43.06,35.99
2020-12-10 12:00:00,51.34,110.2,42.33,35.8
2020-12-10 13:00:00,68.33,131.2,45.84,35.19
2020-12-10 14:00:00,72.83,123.77,51.14,35.27
2020-12-10 15:00:00,73.0,125.0,59.97,33.52
2020-12-10 16:00:00,76.3,126.7,68.62,32.08
2020-12-10 17:00:00,91.07,139.79,76.21,30.06
2020-12-10 18:00:00,97.3,130.95,85.31,27.42
2020-12-10 19:00:00,92.15,109.475,86.595,26.765
2020-12-10 20:00:00,87.0,88.0,87.88,26.11
2020-12-10 21:00:00,88.1,87.3,90.03,25.94
2020-12-10 22:00:00,89.2,86.6,88.77,26.35
2020-12-10 23:00:00,104.38,114.0,89.5,26.18
2020-12-11 00:00:00,109.1,112.77,92.37,25.62
2020-12-11 01:00:00,109.28,112.416,93.38,25.34
2020-12-11 02:00:00,109.46,112.062,92.84,25.02
2020-12-11 03:00:00,109.64,111.708,90.12,25.01
2020-12-11 04:00:00,109.82,111.354,89.36,24.77
2020-12-11 05:00:00,110.0,111.0,90.28,24.42
2020-12-11 06:00:00,109.07,111.834,92.64,24.12
2020-12-11 07:00:00,108.14,112.668,93.75,24.0
2020-12-11 08:00:00,107.21,113.502,92.11,24.63
2020-12-11 09:00:00,106.28,114.336,88.01,25.32
2020-12-11 10:00:00,105.35,115.17,87.48,25.2
2020-12-11 11:00:00,94.75,104.19,84.39,25.9
2020-12-11 12:00:00,82.07,96.6,80.25,26.85
2020-12-11 13:00:00,79.18,89.18,71.67,28.87
2020-12-11 14:00:00,59.2,62.5,67.8,29.74
2020-12-11 15:00:00,49.2,55.45,66.09,30.55
2020-12-11 16:00:00,52.12,60.1,68.46,29.62
2020-12-11 17:00:00,54.66,62.7,76.44,27.97
2020-12-11 18:00:00,56.65,63.85,87.5,25.5
2020-12-11 19:00:00,62.77,69.1,92.16,24.17
2020-12-11 20:00:00,63.69,65.6,92.78,23.93
2020-12-11 21:00:00,62.845,68.86153846153846,92.92,23.97
2020-12-11 22:00:00,62.0,72.12307692307692,92.85,24.16
2020-12-11 23:00:00,63.53,75.38461538461539,93.12,24.27
2020-12-12 00:00:00,66.69333333333333,78.64615384615384,93.38,24.2
2020-12-12 01:00:00,69.85666666666667,81.9076923076923,94.64,23.72
2020-12-12 02:00:00,73.02,85.16923076923077,94.81,23.78
2020-12-12 03:00:00,76.18333333333334,88.43076923076923,95.0,23.7
2020-12-12 04:00:00,79.34666666666666,91.6923076923077,94.97,23.66
2020-12-12 05:00:00,82.50999999999999,94.95384615384614,95.09,23.73
2020-12-12 06:00:00,85.67333333333333,98.21538461538461,94.89,23.82
2020-12-12 07:00:00,88.83666666666667,101.47692307692307,95.01,23.93
2020-12-12 08:00:00,92.0,104.73846153846154,94.73,24.51
2020-12-12 09:00:00,105.0,108.0,90.66,25.46
2020-12-12 10:00:00,82.06,93.19,83.71,26.88
2020-12-12 11:00:00,82.0,107.0,79.73,27.56
2020-12-12 12:00:00,86.12,127.4,75.35,28.71
2020-12-12 13:00:00,75.41,116.89,68.92,30.34
2020-12-12 14:00:00,71.35,95.7,64.62,30.98
2020-12-12 15:00:00,81.72,121.14,66.8,29.55
2020-12-12 16:00:00,79.05,116.65,72.9,28.47
2020-12-12 17:00:00,80.47,106.5,77.69,27.17
2020-12-12 18:00:00,87.64,109.28,85.4,25.76
2020-12-12 19:00:00,89.83,104.9,89.34,25.09
2020-12-12 20:00:00,84.2,92.1,91.07,24.69
2020-12-12 21:00:00,87.95,95.1,90.71,24.52
2020-12-12 22:00:00,94.1,99.2,91.31,24.3
2020-12-12 23:00:00,101.04,108.25,90.89,24.29
2020-12-13 00:00:00,109.08,116.65,91.84,24.22
2020-12-13 01:00:00,107.7,112.05,92.46,24.03
2020-12-13 02:00:00,99.85,104.0,90.12,24.07
2020-12-13 03:00:00,93.6,92.5,94.16,23.47
2020-12-13 04:00:00,80.0,81.0,94.95,23.24
2020-12-13 05:00:00,80.6,81.4,95.3,23.21
2020-12-13 06:00:00,78.27499999999999,79.85000000000001,94.96,23.36
2020-12-13 07:00:00,75.94999999999999,78.30000000000001,93.27,23.62
2020-12-13 08:00:00,73.625,76.75,92.35,24.22
2020-12-13 09:00:00,71.3,75.2,93.0,24.36
2020-12-13 10:00:00,68.975,73.65,88.74,26.28
2020-12-13 11:00:00,66.65,72.1,80.66,27.59
2020-12-13 12:00:00,64.325,70.55,76.89,27.56
2020-12-13 13:00:00,62.0,69.0,74.78,27.79
2020-12-13 14:00:00,64.62,67.4,76.64,28.01
2020-12-13 15:00:00,62.7,76.05,84.71,26.34
2020-12-13 16:00:00,57.05,68.65,84.06,25.61
2020-12-13 17:00:00,69.2,72.95,85.68,25.16
2020-12-13 18:00:00,69.53,70.6,86.07,24.57
2020-12-13 19:00:00,70.95,70.4,83.67,24.58
2020-12-13 20:00:00,69.56,69.92,85.91,24.34
2020-12-13 21:00:00,68.17,69.44,89.5,23.93
2020-12-13 22:00:00,66.78,68.96000000000001,90.49,23.88
2020-12-13 23:00:00,65.39,68.48,90.39,23.73
2020-12-14 00:00:00,64.0,68.0,91.66,23.56
2020-12-14 01:00:00,64.3,64.4,91.97,23.53
2020-12-14 02:00:00,68.53333333333333,57.120000000000005,93.89,23.28
2020-12-14 03:00:00,72.76666666666667,49.84,96.28,23.05
2020-12-14 04:00:00,77.0,42.56,96.75,23.2
2020-12-14 05:00:00,52.0,35.28,97.06,23.31
2020-12-14 06:00:00,27.0,28.0,97.2,23.11
2020-12-14 07:00:00,45.15,34.99,97.17,23.04
2020-12-14 08:00:00,46.0,28.7425,97.26,23.19
2020-12-14 09:00:00,32.0,22.495,96.73,23.41
2020-12-14 10:00:00,18.0,16.247500000000002,96.3,23.97
2020-12-14 11:00:00,4.0,10.0,92.32,25.73
2020-12-14 12:00:00,9.21,11.23,86.66,27.0
2020-12-14 13:00:00,25.105,28.615,81.03,27.77
2020-12-14 14:00:00,41.0,46.0,79.31,27.4
2020-12-14 15:00:00,43.76,47.2,81.11,26.98
2020-12-14 16:00:00,50.0,51.54,82.66,27.18
2020-12-14 17:00:00,57.42,67.0,88.33,25.99
2020-12-14 18:00:00,51.58,66.15,93.98,24.09
2020-12-14 19:00:00,44.23,49.85,95.91,23.2
2020-12-14 20:00:00,38.88,41.9,96.79,22.63
2020-12-14 21:00:00,42.12,43.55,97.11,22.09
2020-12-14 22:00:00,43.83,50.78,97.5,21.87
2020-12-14 23:00:00,47.9,54.0,97.58,21.67
2020-12-15 00:00:00,53.7,55.3,97.63,21.56
2020-12-15 01:00:00,52.1,53.06,97.7,21.32
2020-12-15 02:00:00,55.77,61.05,97.78,21.05
2020-12-15 03:00:00,58.65,63.0,97.8,20.76
2020-12-15 04:00:00,60.65,59.8,97.9,20.57
2020-12-15 05:00:00,49.0,53.0,97.93,20.25
2020-12-15 06:00:00,48.4,49.4,97.97,19.98
2020-12-15 07:00:00,54.12,55.32,98.31,20.23
2020-12-15 08:00:00,59.84,61.239999999999995,98.94,22.23
2020-12-15 09:00:00,65.56,67.16,93.09,25.31
2020-12-15 10:00:00,71.28,73.08,73.11,29.5
2020-12-15 11:00:00,77.0,79.0,67.83,30.45
2020-12-15 12:00:00,100.92,116.4,66.65,30.97
2020-12-15 13:00:00,91.97,108.0,64.94,31.9
2020-12-15 14:00:00,93.8,106.8,65.14,31.96
2020-12-15 15:00:00,108.3,116.9,67.95,30.71
2020-12-15 16:00:00,123.03,131.75,74.36,28.86
2020-12-15 17:00:00,110.29,111.9,81.04,27.28
2020-12-15 18:00:00,103.7,107.15,90.15,25.18
2020-12-15 19:00:00,93.1,98.5,94.43,23.99
2020-12-15 20:00:00,91.0,93.4,95.48,23.55
2020-12-15 21:00:00,87.0,89.0,96.17,22.84
2020-12-15 22:00:00,90.73,90.94,96.85,22.27
2020-12-15 23:00:00,89.44166666666666,89.78333333333333,97.21,21.88
2020-12-16 00:00:00,88.15333333333334,88.62666666666667,97.37,21.5
2020-12-16 01:00:00,86.86500000000001,87.47,97.5,21.1
2020-12-16 02:00:00,85.57666666666667,86.31333333333333,97.69,20.87
2020-12-16 03:00:00,84.28833333333333,85.15666666666667,97.7,20.59
2020-12-16 04:00:00,83.0,84.0,97.88,20.69
2020-12-16 05:00:00,82.0,91.66666666666667,97.85,20.7
2020-12-16 06:00:00,81.0,99.33333333333333,97.92,20.56
2020-12-16 07:00:00,101.62,107.0,98.19,20.65
2020-12-16 08:00:00,109.6,110.29,98.83,22.42
2020-12-16 09:00:00,127.08,135.4,95.0,24.49
2020-12-16 10:00:00,156.32,180.65,76.76,28.88
2020-12-16 11:00:00,155.4,196.47,65.42,31.57
2020-12-16 12:00:00,92.95,113.85,60.04,32.64
2020-12-16 13:00:00,87.42,109.2,57.84,33.53
2020-12-16 14:00:00,92.3,120.03,62.16,32.32
2020-12-16 15:00:00,103.72,117.7,65.67,31.74
2020-12-16 16:00:00,106.0,117.54,74.73,28.89
2020-12-16 17:00:00,107.65,123.95,82.92,27.32
2020-12-16 18:00:00,123.67,131.8,91.42,25.23
2020-12-16 19:00:00,116.3,118.55,94.8,23.96
2020-12-16 20:00:00,123.41,115.275,96.0,23.14
2020-12-16 21:00:00,111.0,112.0,96.53,22.33
2020-12-16 22:00:00,105.22,108.6,97.09,21.93
2020-12-16 23:00:00,104.0,98.06666666666666,97.34,21.45
2020-12-17 00:00:00,101.69,87.53333333333333,97.47,21.13
2020-12-17 01:00:00,72.0,77.0,97.49,20.65
2020-12-17 02:00:00,69.53,71.9,97.6,20.23
2020-12-17 03:00:00,101.41999999999999,72.39666666666668,97.77,20.05
2020-12-17 04:00:00,104.75000000000001,72.89333333333333,97.91,20.01
2020-12-17 05:00:00,71.0,73.39,97.96,19.91
2020-12-17 06:00:00,69.36,79.1,98.13,19.93
2020-12-17 07:00:00,71.1,78.06,98.27,20.09
2020-12-17 08:00:00,78.47,79.25,98.75,21.67
2020-12-17 09:00:00,106.95,106.39,95.71,24.56
2020-12-17 10:00:00,108.06,122.25,67.43,30.12
2020-12-17 11:00:00,83.9,102.67,54.18,33.11
2020-12-17 12:00:00,102.1,132.0,49.41,34.68
2020-12-17 13:00:00,93.8,126.9,51.89,34.08
2020-12-17 14:00:00,97.6,131.6,58.67,33.02
2020-12-17 15:00:00,105.6,129.74,60.44,32.31
2020-12-17 16:00:00,111.94,121.35,72.41,29.3
2020-12-17 17:00:00,126.98,136.1,81.39,27.6
2020-12-17 18:00:00,148.97,152.6,90.11,25.41
2020-12-17 19:00:00,127.0,128.0,94.24,23.88
2020-12-17 20:00:00,122.88,127.15,95.73,22.98
2020-12-17 21:00:00,122.0,128.69,96.56,22.45
2020-12-17 22:00:00,111.28,118.8,96.88,21.94
2020-12-17 23:00:00,107.35,111.9,97.21,21.54
2020-12-18 00:00:00,103.71,110.15,97.31,21.07
2020-12-18 01:00:00,100.53,105.77,97.5,20.66
2020-12-18 02:00:00,98.5,101.11,97.59,20.27
2020-12-18 03:00:00,134.06,95.74,97.74,19.98
2020-12-18 04:00:00,90.0,90.37,97.82,19.71
2020-12-18 05:00:00,81.0,85.0,98.06,19.82
2020-12-18 06:00:00,80.42,80.6,98.11,19.89
2020-12-18 07:00:00,62.0,65.0,98.34,20.53
2020-12-18 08:00:00,91.7,94.75,92.49,22.72
2020-12-18 09:00:00,96.36,110.17,71.83,26.86
2020-12-18 10:00:00,90.25,95.9,56.26,31.27
2020-12-18 11:00:00,88.18,100.62,48.7,33.33
2020-12-18 12:00:00,85.53,108.8,44.63,35.18
2020-12-18 13:00:00,73.49,103.22,38.14,35.89
2020-12-18 14:00:00,59.45,75.0,35.52,36.47
2020-12-18 15:00:00,52.05,73.31,45.98,34.75
2020-12-18 16:00:00,85.53,108.58,59.97,31.05
2020-12-18 17:00:00,97.95,120.1,75.63,28.48
2020-12-18 18:00:00,102.3,124.4,89.59,25.5
2020-12-18 19:00:00,111.38,126.94,93.53,23.53
2020-12-18 20:00:00,90.0,95.0,95.04,22.24
2020-12-18 21:00:00,82.58,94.15,95.88,21.43
2020-12-18 22:00:00,82.29,89.6,96.45,20.99
2020-12-18 23:00:00,78.89,81.61,96.67,20.63
2020-12-19 00:00:00,72.25,73.38,96.96,20.25
2020-12-19 01:00:00,61.0,62.0,97.14,19.97
2020-12-19 02:00:00,58.52,61.15,97.38,19.75
2020-12-19 03:00:00,113.94,60.3625,97.54,19.6
2020-12-19 04:00:00,98.01,59.575,97.67,19.33
2020-12-19 05:00:00,76.31,58.7875,97.91,19.26
2020-12-19 06:00:00,54.0,58.0,97.56,19.3
2020-12-19 07:00:00,61.4,64.8,96.77,19.37
2020-12-19 08:00:00,65.47,67.7,92.35,21.3
2020-12-19 09:00:00,80.03,88.0,69.22,26.81
2020-12-19 10:00:00,81.34,92.25,52.7,30.52
2020-12-19 11:00:00,93.33,115.03,46.33,32.3
2020-12-19 12:00:00,86.95,117.3,42.39,33.12
2020-12-19 13:00:00,81.71,113.6,39.7,34.39
2020-12-19 14:00:00,80.17,104.5,36.94,35.13
2020-12-19 15:00:00,72.6,94.5,37.37,35.48
2020-12-19 16:00:00,69.36,92.15,50.83,31.8
2020-12-19 17:00:00,71.47,92.85,71.46,27.93
2020-12-19 18:00:00,71.17,96.39,84.76,24.79
2020-12-19 19:00:00,89.15,102.12,90.48,22.57
2020-12-19 20:00:00,80.62,85.21,93.48,21.78
2020-12-19 21:00:00,91.17,93.9,94.93,21.36
2020-12-19 22:00:00,89.05,96.0,95.64,20.93
2020-12-19 23:00:00,89.65,95.15,95.99,20.45
2020-12-20 00:00:00,84.25,90.14,95.85,20.34
2020-12-20 01:00:00,75.6,86.6,94.61,20.35
2020-12-20 02:00:00,69.05,74.98,94.72,19.86
2020-12-20 03:00:00,69.5,73.0,94.12,19.63
2020-12-20 04:00:00,73.0,73.0,93.16,19.4
2020-12-20 05:00:00,69.71,73.0,93.33,18.93
2020-12-20 06:00:00,73.2,74.94,92.75,18.77
2020-12-20 07:00:00,76.0,80.0,89.05,19.41
2020-12-20 08:00:00,85.87,91.02,84.96,21.61
2020-12-20 09:00:00,91.3,98.93,65.66,25.98
2020-12-20 10:00:00,83.78,91.53,47.59,30.34
2020-12-20 11:00:00,85.29,98.5,39.96,32.33
2020-12-20 12:00:00,83.53,106.8,36.02,33.12
2020-12-20 13:00:00,75.6,95.29,33.51,33.75
2020-12-20 14:00:00,66.6,88.77,31.71,34.68
2020-12-20 15:00:00,61.71,86.31,32.73,35.79
2020-12-20 16:00:00,61.82,97.05,47.68,31.16
2020-12-20 17:00:00,66.12,95.6,64.93,28.1
2020-12-20 18:00:00,78.51,101.0,79.56,24.33
2020-12-20 19:00:00,85.12,95.05,88.17,21.92
2020-12-20 20:00:00,75.28,79.6,92.5,20.55
2020-12-20 21:00:00,69.7,77.0,94.64,19.86
2020-12-20 22:00:00,71.02,74.2,95.76,19.44
2020-12-20 23:00:00,74.41999999999999,76.875,96.23,19.0
2020-12-21 00:00:00,77.82,79.55,96.5,18.52
2020-12-21 01:00:00,63.98,69.8,96.67,17.96
2020-12-21 02:00:00,60.71,63.2,97.07,17.55
2020-12-21 03:00:00,59.0,64.0,97.27,17.27
2020-12-21 04:00:00,59.82,62.61,97.29,16.95
2020-12-21 05:00:00,61.65,64.55,97.5,16.62
2020-12-21 06:00:00,70.22,75.17,97.32,16.77
2020-12-21 07:00:00,75.29,82.93,88.88,17.69
2020-12-21 08:00:00,63.67,71.4,76.71,20.43
2020-12-21 09:00:00,61.83,74.5,56.41,25.0
2020-12-21 10:00:00,60.36,76.0,37.2,29.42
2020-12-21 11:00:00,48.49,70.07,32.55,31.76
2020-12-21 12:00:00,46.83,75.78,30.8,32.66
2020-12-21 13:00:00,48.65,96.0,27.7,34.01
2020-12-21 14:00:00,41.6,81.6,26.9,34.68
2020-12-21 15:00:00,45.76,74.77,27.5,35.21
2020-12-21 16:00:00,45.36,75.69,41.53,31.16
2020-12-21 17:00:00,44.18,72.61,65.22,26.63
2020-12-21 18:00:00,67.02,92.33,77.57,23.6
2020-12-21 19:00:00,59.67,75.6,87.13,20.81
2020-12-21 20:00:00,54.53,61.59,91.66,19.49
2020-12-21 21:00:00,54.0,62.93,94.08,18.76
2020-12-21 22:00:00,58.93,64.0,94.52,18.02
2020-12-21 23:00:00,58.35,63.15,94.72,17.2
2020-12-22 00:00:00,52.24,55.38,95.16,16.61
2020-12-22 01:00:00,46.07,47.22,95.27,16.22
2020-12-22 02:00:00,45.83,49.4,95.73,15.73
2020-12-22 03:00:00,44.56,46.5,96.14,15.23
2020-12-22 04:00:00,53.12,44.0,96.46,14.69
2020-12-22 05:00:00,43.0,41.5,96.53,14.19
2020-12-22 06:00:00,38.89,39.0,96.87,13.96
2020-12-22 07:00:00,72.06,46.833333333333336,96.71,14.36
2020-12-22 08:00:00,73.94,54.666666666666664,92.38,16.92
2020-12-22 09:00:00,62.22,62.5,66.08,22.83
2020-12-22 10:00:00,46.0,64.0,34.52,29.57
2020-12-22 11:00:00,44.36,66.54,31.0,32.1
2020-12-22 12:00:00,43.18,89.1,28.99,33.58
2020-12-22 13:00:00,42.18,91.31,27.58,34.64
2020-12-22 14:00:00,42.0,89.0,25.55,35.89
2020-12-22 15:00:00,46.93,83.93,29.05,35.2
2020-12-22 16:00:00,46.36,81.31,49.84,30.17
2020-12-22 17:00:00,45.18,78.46,70.29,25.93
2020-12-22 18:00:00,56.51,83.08,83.5,21.96
2020-12-22 19:00:00,53.24,65.36,88.78,19.7
2020-12-22 20:00:00,55.3,61.15,92.44,18.38
2020-12-22 21:00:00,55.13,57.89,93.99,17.71
2020-12-22 22:00:00,79.12,52.945,94.26,17.02
2020-12-22 23:00:00,45.0,48.0,93.91,16.56
2020-12-23 00:00:00,47.0,46.75,93.69,16.14
2020-12-23 01:00:00,47.0,45.5,94.16,15.71
2020-12-23 02:00:00,62.0,44.25,94.62,15.4
2020-12-23 03:00:00,40.0,43.0,95.09,15.0
2020-12-23 04:00:00,40.0,41.8,95.59,14.8
2020-12-23 05:00:00,49.06,42.849999999999994,95.88,14.63
2020-12-23 06:00:00,63.11999999999999,43.9,96.23,14.48
2020-12-23 07:00:00,61.17,44.95,96.36,14.64
2020-12-23 08:00:00,45.0,46.0,95.65,16.56
2020-12-23 09:00:00,59.7,54.0,84.37,22.56
2020-12-23 10:00:00,97.6,120.0,44.72,30.8
2020-12-23 11:00:00,72.75,98.75,32.25,33.5
2020-12-23 12:00:00,56.9,77.06,28.27,34.53
2020-12-23 13:00:00,60.76,85.05,29.77,34.84
2020-12-23 14:00:00,73.51,114.11,30.06,35.09
2020-12-23 15:00:00,75.18,138.55,34.01,33.87
2020-12-23 16:00:00,67.6,111.5,42.74,30.55
2020-12-23 17:00:00,60.24,95.83,66.7,26.33
2020-12-23 18:00:00,60.64,92.61,82.66,22.61
2020-12-23 19:00:00,58.53,72.56,89.29,20.07
2020-12-23 20:00:00,62.55,63.6,92.89,18.73
2020-12-23 21:00:00,64.18,68.08,94.58,17.88
2020-12-23 22:00:00,66.8,69.0,95.56,17.4
2020-12-23 23:00:00,79.74,85.94,95.05,17.04
2020-12-24 00:00:00,75.25,77.14,94.84,16.37
2020-12-24 01:00:00,96.0,67.99333333333334,95.37,15.98
2020-12-24 02:00:00,90.35,58.846666666666664,95.44,15.62
2020-12-24 03:00:00,48.0,49.7,95.92,15.26
2020-12-24 04:00:00,49.92,50.275000000000006,96.32,15.07
2020-12-24 05:00:00,68.63,50.85,96.48,14.86
2020-12-24 06:00:00,55.88,51.425,96.85,14.73
2020-12-24 07:00:00,50.0,52.0,97.29,14.78
2020-12-24 08:00:00,53.47,55.11,97.47,16.96
2020-12-24 09:00:00,141.79,73.695,87.91,22.4
2020-12-24 10:00:00,87.78,92.28,51.52,30.31
2020-12-24 11:00:00,66.05,93.93,35.72,33.58
2020-12-24 12:00:00,63.29,96.39,33.16,34.43
2020-12-24 13:00:00,74.65,113.94,32.01,35.47
2020-12-24 14:00:00,79.46,144.0,29.77,36.28
2020-12-24 15:00:00,65.24,122.82,34.7,35.79
2020-12-24 16:00:00,73.51,124.93,57.36,29.77
2020-12-24 17:00:00,82.58,119.0,69.67,26.73
2020-12-24 18:00:00,79.9,130.01,85.56,23.31
2020-12-24 19:00:00,78.18,99.07,91.0,21.66
2020-12-24 20:00:00,74.7,83.68,92.88,20.46
2020-12-24 21:00:00,76.78,81.23,94.26,19.75
2020-12-24 22:00:00,119.95000000000002,88.61500000000001,94.84,19.4
2020-12-24 23:00:00,95.0,96.0,95.07,18.88
2020-12-25 00:00:00,81.0,91.71428571428571,95.52,18.41
2020-12-25 01:00:00,81.0,87.42857142857143,96.03,18.03
2020-12-25 02:00:00,106.44,83.14285714285714,96.17,17.73
2020-12-25 03:00:00,104.2,78.85714285714286,96.45,17.54
2020-12-25 04:00:00,91.80000000000001,74.57142857142857,96.66,17.36
2020-12-25 05:00:00,82.56,70.28571428571428,96.69,17.24
2020-12-25 06:00:00,65.0,66.0,96.97,17.19
2020-12-25 07:00:00,75.94,80.98666666666666,97.15,17.61
2020-12-25 08:00:00,93.75,95.97333333333333,91.37,20.27
2020-12-25 09:00:00,108.38,110.96,70.43,25.29
2020-12-25 10:00:00,103.16,135.49,47.63,30.5
2020-12-25 11:00:00,87.02,116.97,41.34,32.63
2020-12-25 12:00:00,86.47,128.3,37.66,34.25
2020-12-25 13:00:00,80.42,131.0,35.38,36.04
2020-12-25 14:00:00,79.0,123.38,33.43,37.45
2020-12-25 15:00:00,84.75,143.18,36.06,36.7
2020-12-25 16:00:00,84.36,173.25,50.19,32.69
2020-12-25 17:00:00,94.65,203.0,67.72,29.34
2020-12-25 18:00:00,93.71,159.11,82.66,25.42
2020-12-25 19:00:00,91.36,115.96,88.03,23.06
2020-12-25 20:00:00,91.82,104.9,91.01,21.83
2020-12-25 21:00:00,98.56,104.0,92.58,21.12
2020-12-25 22:00:00,99.44,101.67,93.53,20.59
2020-12-25 23:00:00,104.17,94.83500000000001,93.76,20.19
2020-12-26 00:00:00,87.0,88.0,94.06,19.86
2020-12-26 01:00:00,76.35,79.56,94.06,19.66
2020-12-26 02:00:00,72.36,79.0,94.4,19.31
2020-12-26 03:00:00,68.71,71.38,95.24,19.02
2020-12-26 04:00:00,79.85,76.81,95.81,18.84
2020-12-26 05:00:00,73.36,82.24,96.27,18.76
2020-12-26 06:00:00,78.0,87.67,96.28,18.59
2020-12-26 07:00:00,90.15,93.1,96.26,18.46
2020-12-26 08:00:00,112.59,98.53,94.82,20.27
2020-12-26 09:00:00,165.64,103.96000000000001,84.76,25.34
2020-12-26 10:00:00,97.89,109.39,53.62,31.81
2020-12-26 11:00:00,95.82,119.29,41.82,34.55
2020-12-26 12:00:00,92.71,124.39,36.15,36.39
2020-12-26 13:00:00,86.27,141.0,33.23,37.41
2020-12-26 14:00:00,81.71,119.82,37.8,36.16
2020-12-26 15:00:00,107.22,179.54,40.65,34.3
2020-12-26 16:00:00,99.06,179.14,46.36,31.88
2020-12-26 17:00:00,92.72,148.21,66.62,28.6
2020-12-26 18:00:00,93.64,152.32,83.31,25.06
2020-12-26 19:00:00,94.0,109.25,88.29,22.91
2020-12-26 20:00:00,89.89,92.53,91.53,22.02
2020-12-26 21:00:00,90.94,92.51,93.62,21.54
2020-12-26 22:00:00,107.0,92.05083333333334,94.96,21.34
2020-12-26 23:00:00,118.0,91.59166666666667,95.6,21.07
2020-12-27 00:00:00,125.73,91.13250000000001,96.07,20.83
2020-12-27 01:00:00,125.0,90.67333333333333,96.31,20.5
2020-12-27 02:00:00,117.47,90.21416666666667,96.24,20.12
2020-12-27 03:00:00,112.31,89.755,96.25,19.82
2020-12-27 04:00:00,92.28,89.29583333333333,96.36,19.65
2020-12-27 05:00:00,91.94,88.83666666666667,96.36,19.46
2020-12-27 06:00:00,95.74,88.3775,96.65,19.16
2020-12-27 07:00:00,96.0,87.91833333333334,96.83,19.3
2020-12-27 08:00:00,78.0,87.45916666666666,95.16,21.08
2020-12-27 09:00:00,82.93,87.0,85.14,25.65
2020-12-27 10:00:00,88.11,103.94,65.03,29.9
2020-12-27 11:00:00,134.89,207.49,56.46,31.84
2020-12-27 12:00:00,126.09,223.46,51.59,32.49
2020-12-27 13:00:00,123.64,199.28,51.17,32.84
2020-12-27 14:00:00,117.44,163.75,53.23,32.32
2020-12-27 15:00:00,134.91,184.26,55.73,31.83
2020-12-27 16:00:00,147.19,205.05,59.66,30.33
2020-12-27 17:00:00,128.44,213.08,69.35,28.32
2020-12-27 18:00:00,126.46,208.07,84.45,25.13
2020-12-27 19:00:00,127.82,159.78,91.49,23.09
2020-12-27 20:00:00,129.64,132.22,94.25,21.72
2020-12-27 21:00:00,112.48,125.90285714285714,95.23,20.71
2020-12-27 22:00:00,110.12,119.58571428571429,95.87,19.86
2020-12-27 23:00:00,108.12,113.26857142857142,96.31,19.11
2020-12-28 00:00:00,108.0,106.95142857142858,96.6,18.36
2020-12-28 01:00:00,111.74,100.63428571428571,96.8,17.7
2020-12-28 02:00:00,109.18,94.31714285714285,96.84,16.95
2020-12-28 03:00:00,83.0,88.0,97.14,16.3
2020-12-28 04:00:00,83.56,86.06,97.2,15.75
2020-12-28 05:00:00,76.0,79.0,97.35,15.19
2020-12-28 06:00:00,74.61,75.22,97.35,14.57
2020-12-28 07:00:00,83.31,86.87,97.68,14.36
2020-12-28 08:00:00,87.69,98.52,98.48,15.91
2020-12-28 09:00:00,83.3,110.16999999999999,88.74,20.03
2020-12-28 10:00:00,84.47,121.82,47.79,26.78
2020-12-28 11:00:00,59.68,112.12,39.1,29.7
2020-12-28 12:00:00,48.08,97.77,34.09,31.01
2020-12-28 13:00:00,49.47,111.4,32.02,31.57
2020-12-28 14:00:00,47.54,112.31,36.3,30.65
2020-12-28 15:00:00,42.9,154.22,41.43,29.93
2020-12-28 16:00:00,46.93,191.65,48.63,27.68
2020-12-28 17:00:00,53.73,237.53,54.33,25.69
2020-12-28 18:00:00,63.22,236.53,70.94,21.98
2020-12-28 19:00:00,74.02,176.73,86.35,18.8
2020-12-28 20:00:00,71.07,140.58,90.56,17.02
2020-12-28 21:00:00,69.18,130.09,92.32,16.06
2020-12-28 22:00:00,76.4,122.22,93.74,15.28
2020-12-28 23:00:00,76.36,121.0,94.24,14.74
2020-12-29 00:00:00,70.28,107.49,94.78,14.24
2020-12-29 01:00:00,66.54,94.83,95.22,13.89
2020-12-29 02:00:00,61.08,82.87,95.31,13.66
2020-12-29 03:00:00,52.62,78.46,95.74,13.31
2020-12-29 04:00:00,57.58,80.54,96.2,13.27
2020-12-29 05:00:00,61.46,83.09,96.33,13.21
2020-12-29 06:00:00,65.29,83.15,96.58,13.18
2020-12-29 07:00:00,66.0,79.61,96.56,13.37
2020-12-29 08:00:00,52.84,72.22,95.5,15.4
2020-12-29 09:00:00,68.85,82.02,81.23,21.01
2020-12-29 10:00:00,58.25,93.32,54.01,27.37
2020-12-29 11:00:00,102.53,220.82,41.18,29.56
2020-12-29 12:00:00,76.12,187.51,40.03,30.88
2020-12-29 13:00:00,80.29,169.6,38.23,32.55
2020-12-29 14:00:00,86.28,171.85,44.16,31.72
2020-12-29 15:00:00,87.0,161.87,51.72,30.88
2020-12-29 16:00:00,80.44,157.47,59.26,28.06
2020-12-29 17:00:00,79.0,159.54,69.62,26.07
2020-12-29 18:00:00,84.73,172.4,83.83,23.02
2020-12-29 19:00:00,82.72,129.02,91.13,20.63
2020-12-29 20:00:00,77.9,103.06,93.9,19.31
2020-12-29 21:00:00,92.57,111.02,94.91,18.52
2020-12-29 22:00:00,98.46,111.31,95.56,17.85
2020-12-29 23:00:00,108.83,122.82,96.07,17.43
2020-12-30 00:00:00,114.27,125.0,96.42,17.14
2020-12-30 01:00:00,108.47,114.83,96.6,16.83
2020-12-30 02:00:00,102.08,106.25,96.72,16.47
2020-12-30 03:00:00,98.42,101.98,96.94,16.19
2020-12-30 04:00:00,101.1,105.0,97.12,16.02
2020-12-30 05:00:00,102.0,108.39,97.16,15.75
2020-12-30 06:00:00,97.9,105.62,97.36,15.7
2020-12-30 07:00:00,96.18,105.84,97.55,15.82
2020-12-30 08:00:00,98.45,106.85,98.1,17.42
2020-12-30 09:00:00,118.67,121.4,92.66,21.48
2020-12-30 10:00:00,142.67,194.09,66.72,27.84
2020-12-30 11:00:00,130.61,217.33,54.08,30.88
2020-12-30 12:00:00,136.01,286.81,50.17,31.69
2020-12-30 13:00:00,110.96,241.58,49.44,32.22
2020-12-30 14:00:00,115.65,215.8,48.91,32.32
2020-12-30 15:00:00,104.84,207.92,56.45,30.56
2020-12-30 16:00:00,104.46,196.87,63.37,28.45
2020-12-30 17:00:00,101.72,196.69,75.58,26.25
2020-12-30 18:00:00,107.56,193.61,87.66,23.42
2020-12-30 19:00:00,104.1,141.49,92.6,21.56
2020-12-30 20:00:00,103.0,123.53,94.27,20.46
2020-12-30 21:00:00,106.27,117.78,95.23,19.69
2020-12-30 22:00:00,120.11,126.29,95.92,19.23
2020-12-30 23:00:00,148.4,150.77,96.33,18.88
2020-12-31 00:00:00,159.72,162.6,96.44,18.48
2020-12-31 01:00:00,146.0,146.8,96.72,18.17
2020-12-31 02:00:00,130.0,131.0,96.92,17.8
2020-12-31 03:00:00,157.49000000000004,129.66666666666666,97.12,17.57
2020-12-31 04:00:00,144.96,128.33333333333334,97.25,17.37
2020-12-31 05:00:00,124.0,127.0,97.49,17.28
2020-12-31 06:00:00,120.39,120.58,98.11,18.2
2020-12-31 07:00:00,92.14,103.22,97.38,18.47
2020-12-31 08:00:00,85.54,94.4,95.83,20.11
2020-12-31 09:00:00,121.9,136.0,65.97,26.19
2020-12-31 10:00:00,102.96,120.8,53.79,30.17
2020-12-31 11:00:00,107.65,138.27,48.53,32.49
2020-12-31 12:00:00,112.46,159.79,44.09,34.34
2020-12-31 13:00:00,99.89,143.58,41.05,35.71
2020-12-31 14:00:00,98.64,145.07,39.59,35.93
2020-12-31 15:00:00,107.17,148.78,41.61,35.58
2020-12-31 16:00:00,118.02,171.53,52.98,32.23
2020-12-31 17:00:00,120.0,184.38,68.6,28.82
2020-12-31 18:00:00,121.64,193.47,83.66,25.4
2020-12-31 19:00:00,117.92,136.73,89.47,23.37
2020-12-31 20:00:00,114.22,118.44,92.53,22.31
2020-12-31 21:00:00,150.66,112.22,93.6,21.74
2020-12-31 22:00:00,105.0,106.0,93.99,21.21
2020-12-31 23:00:00,109.1,110.22,94.49,20.82
2021-01-01 00:00:00,103.0,105.976,94.75,20.51
2021-01-01 01:00:00,104.67,101.732,95.19,20.21
2021-01-01 02:00:00,118.31,97.488,94.91,20.05
2021-01-01 03:00:00,125.54,93.244,95.65,19.74
2021-01-01 04:00:00,84.0,89.0,96.23,19.75
2021-01-01 05:00:00,85.64,87.31,95.76,20.12
2021-01-01 06:00:00,87.87,89.33,96.01,19.92
2021-01-01 07:00:00,98.0,108.4975,96.52,19.83
2021-01-01 08:00:00,89.0,127.66499999999999,96.25,21.16
2021-01-01 09:00:00,119.92,146.83249999999998,85.02,26.32
2021-01-01 10:00:00,158.0,166.0,62.41,31.75
2021-01-01 11:00:00,112.93,146.58,50.79,34.24
2021-01-01 12:00:00,98.08,121.89,48.05,34.67
2021-01-01 13:00:00,109.29,145.0,49.11,34.56
2021-01-01 14:00:00,124.29,177.93,50.05,33.64
2021-01-01 15:00:00,127.0,198.35,57.03,31.67
2021-01-01 16:00:00,131.92,227.18,63.81,30.61
2021-01-01 17:00:00,176.43,256.49,74.3,28.94
2021-01-01 18:00:00,221.24,254.25,81.98,26.89
2021-01-01 19:00:00,194.7,197.97,89.17,25.2
2021-01-01 20:00:00,160.87,202.135625,91.4,24.68
2021-01-01 21:00:00,167.52,206.30125,92.2,24.41
2021-01-01 22:00:00,171.0,210.466875,93.2,23.91
2021-01-01 23:00:00,160.0,214.6325,94.29,23.27
2021-01-02 00:00:00,169.28,218.798125,94.36,23.24
2021-01-02 01:00:00,160.57,222.96375,94.82,22.84
2021-01-02 02:00:00,150.64000000000001,227.129375,95.5,22.38
2021-01-02 03:00:00,155.61,231.29500000000002,96.05,22.14
2021-01-02 04:00:00,161.62,235.460625,95.99,22.45
2021-01-02 05:00:00,150.77,239.62625,95.78,22.44
2021-01-02 06:00:00,156.57,243.791875,96.22,22.17
2021-01-02 07:00:00,170.96999999999997,247.9575,96.38,22.39
2021-01-02 08:00:00,155.0,252.12312500000002,94.64,23.72
2021-01-02 09:00:00,162.6,256.28875,84.47,27.21
2021-01-02 10:00:00,210.78,260.454375,72.08,30.45
2021-01-02 11:00:00,254.97,264.62,66.47,31.11
2021-01-02 12:00:00,241.85,282.01,67.44,30.96
2021-01-02 13:00:00,244.56,279.78,65.66,31.05
2021-01-02 14:00:00,217.32,237.62,63.75,31.64
2021-01-02 15:00:00,191.33,224.09,65.7,30.19
2021-01-02 16:00:00,194.35,237.4,70.55,27.86
2021-01-02 17:00:00,150.27,220.64,76.71,26.67
2021-01-02 18:00:00,129.35,201.84,84.63,24.91
2021-01-02 19:00:00,117.98,156.16,90.86,23.49
2021-01-02 20:00:00,115.18,131.27,93.15,22.5
2021-01-02 21:00:00,117.45,131.38,94.31,21.93
2021-01-02 22:00:00,121.28,132.0,94.93,21.46
2021-01-02 23:00:00,123.63,127.78,95.24,21.07
2021-01-03 00:00:00,130.58,135.44,95.48,20.75
2021-01-03 01:00:00,133.44,136.24,95.86,20.47
2021-01-03 02:00:00,141.66,136.49142857142857,96.14,20.16
2021-01-03 03:00:00,130.28,136.74285714285716,96.57,19.94
2021-01-03 04:00:00,149.91,136.99428571428572,96.69,19.7
2021-01-03 05:00:00,139.82,137.24571428571429,96.83,19.44
2021-01-03 06:00:00,152.97,137.49714285714285,97.03,19.27
2021-01-03 07:00:00,156.78,137.74857142857144,97.25,19.23
2021-01-03 08:00:00,135.0,138.0,97.59,20.54
2021-01-03 09:00:00,116.15,121.95,88.93,24.22
2021-01-03 10:00:00,210.82,243.13,71.51,28.67
2021-01-03 11:00:00,270.69,355.51,65.01,30.43
2021-01-03 12:00:00,245.4,335.59,60.28,29.99
2021-01-03 13:00:00,184.56,273.2,56.19,30.57
2021-01-03 14:00:00,160.71,242.93,54.34,31.52
2021-01-03 15:00:00,159.63,272.06,55.95,30.39
2021-01-03 16:00:00,141.22,251.56,62.68,27.86
2021-01-03 17:00:00,126.35,208.98,69.27,25.8
2021-01-03 18:00:00,112.53,193.87,80.38,23.39
2021-01-03 19:00:00,114.92,143.87,89.02,21.46
2021-01-03 20:00:00,114.36,124.06,91.66,20.51
2021-01-03 21:00:00,112.36,118.62,92.9,20.06
2021-01-03 22:00:00,117.72,121.38,93.42,19.99
2021-01-03 23:00:00,125.53,130.44,92.42,20.5
2021-01-04 00:00:00,119.65,127.25,92.31,20.83
2021-01-04 01:00:00,116.37,118.25,92.3,20.93
2021-01-04 02:00:00,138.82,114.16666666666667,93.64,20.54
2021-01-04 03:00:00,122.23,110.08333333333333,93.78,20.51
2021-01-04 04:00:00,105.0,106.0,94.67,20.13
2021-01-04 05:00:00,106.94,107.51,95.82,20.02
2021-01-04 06:00:00,112.82,116.75,96.22,20.25
2021-01-04 07:00:00,112.18,114.62,95.97,20.6
2021-01-04 08:00:00,113.6,114.76,93.79,21.99
2021-01-04 09:00:00,152.0,151.38,86.02,23.86
2021-01-04 10:00:00,179.04,188.0,75.19,26.77
2021-01-04 11:00:00,212.04,249.65,65.13,28.15
2021-01-04 12:00:00,199.15,276.2,61.0,29.0
2021-01-04 13:00:00,177.03,239.31,59.53,28.91
2021-01-04 14:00:00,168.92,279.98,57.59,29.17
2021-01-04 15:00:00,147.58,211.31,54.01,31.18
2021-01-04 16:00:00,136.44,188.56,58.77,30.09
2021-01-04 17:00:00,158.68,354.4,69.41,26.37
2021-01-04 18:00:00,172.98,254.36,79.73,24.32
2021-01-04 19:00:00,186.47,210.99,87.66,22.7
2021-01-04 20:00:00,159.5,163.4,90.05,22.37
2021-01-04 21:00:00,153.8,154.62,87.84,22.29
2021-01-04 22:00:00,154.37,159.07,85.77,22.2
2021-01-04 23:00:00,149.92,160.0,88.92,21.8
2021-01-05 00:00:00,149.82,152.4,89.94,21.62
2021-01-05 01:00:00,144.28,147.62,91.21,21.32
2021-01-05 02:00:00,141.61,137.465,92.74,20.79
2021-01-05 03:00:00,114.0,127.31,93.47,20.06
2021-01-05 04:00:00,111.2,117.155,94.21,19.48
2021-01-05 05:00:00,106.0,107.0,95.0,18.97
2021-01-05 06:00:00,97.83,102.78,95.55,18.72
2021-01-05 07:00:00,97.39,99.73,95.66,19.01
2021-01-05 08:00:00,120.69,126.11,92.92,20.69
2021-01-05 09:00:00,124.81,152.49,80.81,24.23
2021-01-05 10:00:00,170.82,178.87,67.37,26.75
2021-01-05 11:00:00,199.97,268.25,60.13,29.66
2021-01-05 12:00:00,197.47,289.26,56.54,30.99
2021-01-05 13:00:00,191.1,277.53,55.27,30.64
2021-01-05 14:00:00,197.35,246.38,55.11,30.5
2021-01-05 15:00:00,201.45,249.42,57.92,28.98
2021-01-05 16:00:00,195.47,248.47,63.39,27.57
2021-01-05 17:00:00,195.63,233.0,73.08,25.76
2021-01-05 18:00:00,200.9,250.73,82.56,23.62
2021-01-05 19:00:00,202.0,220.33,89.46,22.23
2021-01-05 20:00:00,201.73,207.03,91.72,21.33
2021-01-05 21:00:00,179.62000000000003,200.726,93.13,21.04
2021-01-05 22:00:00,188.38,194.422,92.94,21.16
2021-01-05 23:00:00,196.43,188.118,93.74,20.67
2021-01-06 00:00:00,190.48,181.814,94.83,20.1
2021-01-06 01:00:00,174.45,175.51,95.2,20.02
2021-01-06 02:00:00,180.86,173.034,95.47,19.86
2021-01-06 03:00:00,164.16,170.558,95.89,19.56
2021-01-06 04:00:00,151.82,168.082,95.99,19.23
2021-01-06 05:00:00,145.41,165.606,93.77,18.83
2021-01-06 06:00:00,160.35,163.13,94.12,18.64
2021-01-06 07:00:00,161.47,163.17,93.81,19.08
2021-01-06 08:00:00,171.38,192.08499999999998,86.95,20.81
2021-01-06 09:00:00,208.95,221.0,70.72,24.05
2021-01-06 10:00:00,246.85,297.0,62.65,26.63
2021-01-06 11:00:00,258.9,329.93,57.62,29.19
2021-01-06 12:00:00,233.05,313.27,52.54,30.82
2021-01-06 13:00:00,213.12,296.38,51.29,31.57
2021-01-06 14:00:00,183.05,248.46,53.45,31.06
2021-01-06 15:00:00,177.82,235.87,54.13,30.62
2021-01-06 16:00:00,188.62,228.93,61.88,28.23
2021-01-06 17:00:00,201.62,226.62,70.04,26.36
2021-01-06 18:00:00,205.63,235.29,78.0,25.13
2021-01-06 19:00:00,195.38,216.73,85.58,24.07
2021-01-06 20:00:00,194.33,205.07,88.17,23.6
2021-01-06 21:00:00,190.0,192.0,87.99,23.12
2021-01-06 22:00:00,192.46,203.0,88.36,22.54
2021-01-06 23:00:00,186.47,201.31,88.19,22.5
2021-01-07 00:00:00,171.93,189.18,90.05,22.14
2021-01-07 01:00:00,172.27,182.78,92.24,21.35
2021-01-07 02:00:00,169.73,176.93,92.07,20.99
2021-01-07 03:00:00,169.8,173.8,93.06,20.39
2021-01-07 04:00:00,162.0,168.654,93.78,19.82
2021-01-07 05:00:00,160.25,163.508,94.48,19.46
2021-01-07 06:00:00,152.6,158.362,95.01,19.22
2021-01-07 07:00:00,160.38000000000002,153.216,95.25,19.46
2021-01-07 08:00:00,145.45,148.07,93.11,20.91
2021-01-07 09:00:00,156.4,159.2,83.44,24.4
2021-01-07 10:00:00,238.08,269.43,67.45,28.09
2021-01-07 11:00:00,296.55,358.78,61.16,31.12
2021-01-07 12:00:00,272.58,376.22,56.64,32.76
2021-01-07 13:00:00,198.85,307.61,52.54,34.31
2021-01-07 14:00:00,192.14,239.0,55.45,32.8
2021-01-07 15:00:00,180.12,209.44,57.82,31.97
2021-01-07 16:00:00,173.73,200.62,61.41,29.8
2021-01-07 17:00:00,159.12,181.48,69.44,27.95
2021-01-07 18:00:00,162.53,178.84,82.72,25.62
2021-01-07 19:00:00,163.73,171.82,88.59,24.39
2021-01-07 20:00:00,147.72,154.615,90.0,24.12
2021-01-07 21:00:00,133.14,137.41,89.88,24.2
2021-01-07 22:00:00,111.03,120.205,89.86,24.33
2021-01-07 23:00:00,102.0,103.0,91.25,24.18
2021-01-08 00:00:00,177.22,112.66666666666667,92.5,23.99
2021-01-08 01:00:00,173.4,122.33333333333333,93.15,23.83
2021-01-08 02:00:00,131.0,132.0,93.48,23.88
2021-01-08 03:00:00,145.0,133.7942857142857,93.07,24.1
2021-01-08 04:00:00,174.0,135.58857142857144,93.89,23.55
2021-01-08 05:00:00,204.72,137.38285714285715,95.28,23.08
2021-01-08 06:00:00,207.93,139.17714285714285,95.41,23.22
2021-01-08 07:00:00,213.59,140.97142857142856,95.08,23.43
2021-01-08 08:00:00,236.28,142.7657142857143,95.59,24.17
2021-01-08 09:00:00,143.87,144.56,91.47,26.09
2021-01-08 10:00:00,180.27,186.47,85.39,27.31
2021-01-08 11:00:00,289.9,300.65,80.41,28.67
2021-01-08 12:00:00,293.02,301.98,73.91,30.34
2021-01-08 13:00:00,275.48,278.42,74.81,29.66
2021-01-08 14:00:00,139.93,221.71,73.53,29.99
2021-01-08 15:00:00,150.0,165.0,74.0,29.52
2021-01-08 16:00:00,116.52,118.56,74.38,29.51
2021-01-08 17:00:00,104.92,120.1,77.85,28.77
2021-01-08 18:00:00,126.79,148.93,81.91,27.05
2021-01-08 19:00:00,156.5,161.51,87.27,25.44
2021-01-08 20:00:00,176.57,178.93,91.79,24.55
2021-01-08 21:00:00,187.93,172.01000000000002,92.95,24.53
2021-01-08 22:00:00,202.0,165.09,93.84,24.37
2021-01-08 23:00:00,200.22,158.17000000000002,94.31,24.14
2021-01-09 00:00:00,210.22,151.25,95.26,23.59
2021-01-09 01:00:00,194.2,144.33,96.04,23.23
2021-01-09 02:00:00,193.0,137.41000000000003,96.0,23.41
2021-01-09 03:00:00,125.6,130.49,95.23,23.82
2021-01-09 04:00:00,169.2,196.0,93.73,24.04
2021-01-09 05:00:00,172.28,181.69,94.53,23.85
2021-01-09 06:00:00,142.62,186.54500000000002,95.46,23.49
2021-01-09 07:00:00,133.64,191.4,95.79,23.12
2021-01-09 08:00:00,137.64,196.255,94.67,24.12
2021-01-09 09:00:00,193.47,201.11,84.36,26.84
2021-01-09 10:00:00,218.87,232.78,74.63,29.67
2021-01-09 11:00:00,250.86,294.49,68.59,31.67
2021-01-09 12:00:00,196.57,253.51,60.17,34.0
2021-01-09 13:00:00,111.13,156.83,58.04,34.36
2021-01-09 14:00:00,115.35,138.48,63.73,32.33
2021-01-09 15:00:00,131.39,146.93,68.84,30.81
2021-01-09 16:00:00,145.43,164.51,73.19,29.31
2021-01-09 17:00:00,167.53,188.88,77.24,28.55
2021-01-09 18:00:00,189.97,217.49,86.83,26.5
2021-01-09 19:00:00,190.73,201.8,91.96,25.12
2021-01-09 20:00:00,167.36,172.53333333333333,93.61,24.33
2021-01-09 21:00:00,173.63,143.26666666666668,94.64,23.85
2021-01-09 22:00:00,113.0,114.0,95.05,23.83
2021-01-09 23:00:00,114.63,119.0,94.9,23.84
2021-01-10 00:00:00,113.37,114.81,95.52,23.49
2021-01-10 01:00:00,160.73,121.1075,95.9,23.43
2021-01-10 02:00:00,159.07,127.405,96.07,23.28
2021-01-10 03:00:00,154.33,133.7025,96.26,23.02
2021-01-10 04:00:00,139.0,140.0,96.67,22.9
2021-01-10 05:00:00,141.44,151.78,96.62,22.71
2021-01-10 06:00:00,139.19,144.67,96.82,22.46
2021-01-10 07:00:00,125.0,142.44666666666666,97.09,22.41
2021-01-10 08:00:00,118.0,140.22333333333333,97.32,23.41
2021-01-10 09:00:00,136.0,138.0,86.66,27.95
2021-01-10 10:00:00,159.6,172.51,67.77,32.11
2021-01-10 11:00:00,71.0,107.22,57.33,34.92
2021-01-10 12:00:00,56.47,93.62,50.74,36.12
2021-01-10 13:00:00,55.3,71.12,48.84,36.49
2021-01-10 14:00:00,61.52,95.62,59.73,34.52
2021-01-10 15:00:00,132.78,175.91,62.63,33.31
2021-01-10 16:00:00,138.2,169.8,67.75,31.28
2021-01-10 17:00:00,149.02,176.96,75.14,29.45
2021-01-10 18:00:00,166.65,185.15,84.52,27.52
2021-01-10 19:00:00,163.47,167.8,89.87,26.32
2021-01-10 20:00:00,142.28,151.85000000000002,91.96,25.69
2021-01-10 21:00:00,143.0,135.9,93.28,25.28
2021-01-10 22:00:00,165.4,119.95,94.14,24.79
2021-01-10 23:00:00,103.0,104.0,94.64,24.45
2021-01-11 00:00:00,167.93,94.0,95.03,24.15
2021-01-11 01:00:00,83.0,84.0,95.51,23.76
2021-01-11 02:00:00,83.0,85.0,96.12,23.42
2021-01-11 03:00:00,87.08,88.37,96.35,23.16
2021-01-11 04:00:00,91.47,91.57,96.65,23.04
2021-01-11 05:00:00,146.78,91.475,96.77,22.8
2021-01-11 06:00:00,153.53,91.38,96.99,22.55
2021-01-11 07:00:00,144.69,91.285,97.27,22.63
2021-01-11 08:00:00,140.28,91.19,96.05,24.41
2021-01-11 09:00:00,102.0,91.095,85.72,27.81
2021-01-11 10:00:00,80.0,91.0,59.23,33.13
2021-01-11 11:00:00,68.57,87.63,47.02,35.8
2021-01-11 12:00:00,63.55,92.91,40.9,37.15
2021-01-11 13:00:00,45.03,79.69,39.98,38.33
2021-01-11 14:00:00,68.67,97.2,55.5,34.87
2021-01-11 15:00:00,93.78,124.57,55.73,34.39
2021-01-11 16:00:00,90.65,127.64,62.894999999999996,32.245000000000005
2021-01-11 17:00:00,113.5,142.99,70.06,30.1
2021-01-11 18:00:00,105.12,141.79,80.96,27.71
2021-01-11 19:00:00,97.93,121.64,88.51,25.84
2021-01-11 20:00:00,92.12,102.0,91.56,24.96
2021-01-11 21:00:00,88.55,91.9,92.84,24.48
2021-01-11 22:00:00,95.33,102.62,93.47,24.09
2021-01-11 23:00:00,85.57,92.38,94.1,23.8
2021-01-12 00:00:00,78.12,86.62,94.4,23.59
2021-01-12 01:00:00,77.0,79.28,94.97,23.27
2021-01-12 02:00:00,75.36,79.68,95.6,22.94
2021-01-12 03:00:00,79.08,84.21,96.0,22.75
2021-01-12 04:00:00,80.81,83.53,96.25,22.46
2021-01-12 05:00:00,114.0,80.265,96.66,22.27
2021-01-12 06:00:00,76.0,77.0,96.94,22.12
2021-01-12 07:00:00,67.0,68.0,97.17,22.56
2021-01-12 08:00:00,67.82,70.53,95.83,24.57
2021-01-12 09:00:00,99.85,102.98,76.5,28.86
2021-01-12 10:00:00,78.52,100.58,54.74,33.13
2021-01-12 11:00:00,56.53,84.69,39.74,36.7
2021-01-12 12:00:00,53.34,94.845,34.39,38.41
2021-01-12 13:00:00,53.0,105.0,31.95,38.77
2021-01-12 14:00:00,47.28,105.0,39.87,37.38
2021-01-12 15:00:00,67.23,119.31,54.72,33.82
2021-01-12 16:00:00,87.47,144.72,61.49,31.76
2021-01-12 17:00:00,95.07,149.0,70.35,30.27
2021-01-12 18:00:00,108.25,159.94,81.28,28.2
2021-01-12 19:00:00,106.92,159.53,88.72,26.09
2021-01-12 20:00:00,106.81,131.67,92.03,24.91
2021-01-12 21:00:00,122.52,144.68,93.78,24.28
2021-01-12 22:00:00,141.52,158.94,94.66,23.93
2021-01-12 23:00:00,122.13,151.74,95.21,23.61
2021-01-13 00:00:00,123.51,140.77,95.49,23.09
2021-01-13 01:00:00,107.09,121.38,96.03,22.71
2021-01-13 02:00:00,88.35,90.0,96.28,22.61
2021-01-13 03:00:00,102.0,121.0,96.35,22.44
2021-01-13 04:00:00,108.51,126.05,96.53,22.31
2021-01-13 05:00:00,97.18999999999998,121.95,96.48,21.85
2021-01-13 06:00:00,87.0,99.96,96.65,21.47
2021-01-13 07:00:00,60.95,71.59,96.95,21.4
2021-01-13 08:00:00,45.2,54.33,96.34,22.8
2021-01-13 09:00:00,47.08,62.1,84.34,27.74
2021-01-13 10:00:00,78.93,177.0,53.44,34.21
2021-01-13 11:00:00,60.68,138.28,37.58,37.0
2021-01-13 12:00:00,44.42,71.36,36.17,37.11
2021-01-13 13:00:00,45.26,82.65,46.31,35.56
2021-01-13 14:00:00,79.37,124.88,50.91,34.18
2021-01-13 15:00:00,79.65,127.79,49.06,34.33
2021-01-13 16:00:00,73.12,115.22,46.7,32.26
2021-01-13 17:00:00,54.85,111.32,54.72,29.72
2021-01-13 18:00:00,57.51,118.58,71.1,26.26
2021-01-13 19:00:00,65.51,99.8,83.57,23.16
2021-01-13 20:00:00,58.83,73.0,88.78,21.23
2021-01-13 21:00:00,58.63,76.0,91.72,20.32
2021-01-13 22:00:00,70.39,86.94,93.77,19.95
2021-01-13 23:00:00,92.53,104.94,94.93,19.52
2021-01-14 00:00:00,97.0,100.45,95.13,19.21
2021-01-14 01:00:00,79.91,89.74,95.21,18.86
2021-01-14 02:00:00,67.05,82.11,94.7,19.16
2021-01-14 03:00:00,59.28,79.32,94.86,19.09
2021-01-14 04:00:00,68.55,77.32,95.49,18.96
2021-01-14 05:00:00,59.61,66.9,95.07,18.56
2021-01-14 06:00:00,45.61,49.06,94.75,17.93
2021-01-14 07:00:00,38.93,43.07,94.94,17.58
2021-01-14 08:00:00,32.28,35.95,93.39,18.93
2021-01-14 09:00:00,44.02,54.32,79.92,24.39
2021-01-14 10:00:00,49.44,68.94,50.52,32.54
2021-01-14 11:00:00,71.97,143.38,48.19,33.62
2021-01-14 12:00:00,98.97,183.84,48.24,33.55
2021-01-14 13:00:00,90.98,167.16,49.85,33.34
2021-01-14 14:00:00,94.51,140.28,50.07,32.69
2021-01-14 15:00:00,74.03,106.54,51.16,32.88
2021-01-14 16:00:00,69.0,117.0,49.86,30.61
2021-01-14 17:00:00,58.42,91.83,55.76,28.63
2021-01-14 18:00:00,53.56,121.51,76.24,26.21
2021-01-14 19:00:00,60.33,107.0,86.85,23.26
2021-01-14 20:00:00,63.63,91.0,91.68,21.65
2021-01-14 21:00:00,74.58,90.16,94.03,20.91
2021-01-14 22:00:00,71.3,92.52,94.97,20.26
2021-01-14 23:00:00,74.07,90.47,95.03,19.38
2021-01-15 00:00:00,64.38,76.53,95.1,18.66
2021-01-15 01:00:00,53.86,63.06,95.72,18.18
2021-01-15 02:00:00,51.19,61.0,96.2,17.9
2021-01-15 03:00:00,55.07,65.21,96.61,17.8
2021-01-15 04:00:00,61.7,66.68,96.85,17.7
2021-01-15 05:00:00,63.81,66.31,97.01,17.67
2021-01-15 06:00:00,59.12,65.16,97.28,17.81
2021-01-15 07:00:00,55.57,61.64,97.44,17.91
2021-01-15 08:00:00,60.7,71.94,97.93,19.29
2021-01-15 09:00:00,50.61,59.69,90.33,23.5
2021-01-15 10:00:00,61.02,107.5,69.5,28.76
2021-01-15 11:00:00,77.84,119.53,56.47,31.64
2021-01-15 12:00:00,72.86,130.94,53.23,32.1
2021-01-15 13:00:00,66.12,117.01,55.52,30.99
2021-01-15 14:00:00,58.49,91.0,50.44,30.45
2021-01-15 15:00:00,47.23,73.0,55.22,30.52
2021-01-15 16:00:00,40.93,67.95,53.65,29.79
2021-01-15 17:00:00,40.81,89.72,61.66,27.46
2021-01-15 18:00:00,38.55,113.36,77.18,24.2
2021-01-15 19:00:00,43.7,80.93,88.02,21.06
2021-01-15 20:00:00,41.74,62.18,92.72,19.59
2021-01-15 21:00:00,41.81,53.29,94.11,18.76
2021-01-15 22:00:00,46.07,58.73,94.95,17.93
2021-01-15 23:00:00,46.19,63.37,95.12,17.22
2021-01-16 00:00:00,39.51,53.93,94.69,16.55
2021-01-16 01:00:00,31.51,49.29,94.58,16.09
2021-01-16 02:00:00,34.07,42.95,95.03,15.39
2021-01-16 03:00:00,35.0,42.84,95.68,15.03
2021-01-16 04:00:00,40.7,44.47,96.1,14.93
2021-01-16 05:00:00,46.07,50.055,96.485,15.39
2021-01-16 06:00:00,58.36,55.64,96.87,15.85
2021-01-16 07:00:00,69.95,61.225,97.255,16.31
2021-01-16 08:00:00,61.42,66.81,97.64,16.77
2021-01-16 09:00:00,50.05,69.36,85.98,22.08
2021-01-16 10:00:00,49.62,92.65,51.82,28.85
2021-01-16 11:00:00,60.62,135.0,40.49,31.13
2021-01-16 12:00:00,54.08,126.0,36.56,32.98
2021-01-16 13:00:00,64.21,146.2,34.04,34.45
2021-01-16 14:00:00,36.99,118.86,42.93,32.81
2021-01-16 15:00:00,43.84,97.85,47.34,31.85
2021-01-16 16:00:00,54.33,96.68,51.86,30.15
2021-01-16 17:00:00,55.19,126.36,63.82,27.32
2021-01-16 18:00:00,81.05,128.63,76.47,24.56
2021-01-16 19:00:00,75.61,117.06,88.28,21.86
2021-01-16 20:00:00,95.71,109.97,92.21,20.6
2021-01-16 21:00:00,100.19,108.16,90.76,19.77
2021-01-16 22:00:00,80.47,89.48,89.94,18.98
2021-01-16 23:00:00,71.12,77.61,87.49,18.18
2021-01-17 00:00:00,65.11,66.76,88.02,17.45
2021-01-17 01:00:00,31.0,36.0,88.84,17.05
2021-01-17 02:00:00,35.36,36.71,86.96,16.86
2021-01-17 03:00:00,28.23,35.0,88.87,16.42
2021-01-17 04:00:00,27.96,33.51,90.47,16.24
2021-01-17 05:00:00,38.07,45.26,92.35,16.2
2021-01-17 06:00:00,52.84,58.94,93.41,16.28
2021-01-17 07:00:00,68.17,71.1,94.64,16.54
2021-01-17 08:00:00,73.44,82.26,93.03,19.07
2021-01-17 09:00:00,83.77,91.58,75.6,24.94
2021-01-17 10:00:00,92.51,148.37,49.51,29.45
2021-01-17 11:00:00,79.35,158.16,43.27,31.98
2021-01-17 12:00:00,79.25,162.21,44.7,32.51
2021-01-17 13:00:00,70.23,143.64,46.44,32.42
2021-01-17 14:00:00,65.56,114.75,42.77,33.54
2021-01-17 15:00:00,63.38,112.52,40.9,34.01
2021-01-17 16:00:00,64.62,116.38,42.9,32.81
2021-01-17 17:00:00,54.45,108.61,55.16,28.8
2021-01-17 18:00:00,54.43,89.38,71.46,26.05
2021-01-17 19:00:00,46.05,80.53,81.82,24.09
2021-01-17 20:00:00,47.26,76.63,88.73,22.04
2021-01-17 21:00:00,54.51,70.97,90.97,20.98
2021-01-17 22:00:00,50.32,60.77,89.75,19.79
2021-01-17 23:00:00,45.68,50.82,91.42,19.11
2021-01-18 00:00:00,36.26,36.38,92.67,18.73
2021-01-18 01:00:00,34.57,39.52,93.47,18.42
2021-01-18 02:00:00,32.37,37.48,93.6,18.5
2021-01-18 03:00:00,27.93,32.79,93.44,18.45
2021-01-18 04:00:00,23.73,27.0,94.83,17.91
2021-01-18 05:00:00,24.22,26.64,95.28,17.96
2021-01-18 06:00:00,30.45,37.03,95.78,17.91
2021-01-18 07:00:00,32.53,37.58,96.44,18.32
2021-01-18 08:00:00,34.0,38.0,95.15,20.21
2021-01-18 09:00:00,23.45,44.71,83.3,24.68
2021-01-18 10:00:00,43.71,90.46,57.56,29.62
2021-01-18 11:00:00,49.0,125.09,48.55,31.44
2021-01-18 12:00:00,40.86,121.19,39.77,33.32
2021-01-18 13:00:00,43.05,111.97,37.62,33.306805555555556
2021-01-18 14:00:00,47.26,107.64,45.8,33.29361111111111
2021-01-18 15:00:00,42.32,85.16,45.35,33.28041666666667
2021-01-18 16:00:00,41.81,86.87,45.76,33.26722222222222
2021-01-18 17:00:00,34.7,132.46,53.96,33.25402777777778
2021-01-18 18:00:00,34.62,98.84,72.96,33.240833333333335
2021-01-18 19:00:00,39.88,85.73,82.99,33.22763888888889
2021-01-18 20:00:00,40.19,71.9,89.71,33.214444444444446
2021-01-18 21:00:00,48.95,64.79,90.7,33.20125
2021-01-18 22:00:00,48.57,65.68,88.14,33.18805555555556
2021-01-18 23:00:00,35.79,48.33,84.93,33.17486111111111
2021-01-19 00:00:00,24.89,34.13,86.01,33.16166666666667
2021-01-19 01:00:00,17.32,24.43,86.0,33.148472222222225
2021-01-19 02:00:00,16.0,23.84,86.53,33.13527777777778
2021-01-19 03:00:00,13.57,14.0,87.92,33.122083333333336
2021-01-19 04:00:00,10.56,16.0,88.85,33.10888888888889
2021-01-19 05:00:00,11.62,22.71,89.79,33.09569444444445
2021-01-19 06:00:00,22.57,34.1,91.19,33.082499999999996
2021-01-19 07:00:00,26.63,36.84,92.39,33.06930555555555
2021-01-19 08:00:00,31.07,45.39,90.08,33.05611111111111
2021-01-19 09:00:00,59.67,72.25,74.03,33.04291666666666
2021-01-19 10:00:00,68.43,97.97,51.13,33.02972222222222
2021-01-19 11:00:00,74.68,148.14,43.45,33.016527777777775
2021-01-19 12:00:00,81.68,155.64,42.55,33.00333333333333
2021-01-19 13:00:00,89.49,196.94,36.2,32.990138888888886
2021-01-19 14:00:00,65.05,141.25,40.23,32.97694444444444
2021-01-19 15:00:00,85.86,145.83,42.77,32.96375
2021-01-19 16:00:00,85.49,164.15,49.74,32.95055555555555
2021-01-19 17:00:00,101.91,180.47,56.83,32.93736111111111
2021-01-19 18:00:00,97.89,166.0,74.66,32.924166666666665
2021-01-19 19:00:00,99.25,135.8,85.27,32.91097222222222
2021-01-19 20:00:00,94.3,123.27,88.49,32.897777777777776
2021-01-19 21:00:00,87.3,107.69,90.66,32.88458333333333
2021-01-19 22:00:00,83.57,97.45,92.08,32.87138888888889
2021-01-19 23:00:00,74.89,87.61,93.22,32.85819444444444
2021-01-20 00:00:00,55.16,67.55,94.05,32.845
2021-01-20 01:00:00,45.32,55.58,93.93,32.831805555555555
2021-01-20 02:00:00,22.1,42.48,94.69,32.81861111111111
2021-01-20 03:00:00,25.92,33.63,95.12,32.805416666666666
2021-01-20 04:00:00,38.55,49.8,95.08,32.79222222222222
2021-01-20 05:00:00,49.11,58.87,95.43,32.77902777777778
2021-01-20 06:00:00,41.27,50.51,95.17,32.76583333333333
2021-01-20 07:00:00,39.0,48.0,95.4,32.75263888888889
2021-01-20 08:00:00,36.57,53.0,93.95,32.739444444444445
2021-01-20 09:00:00,50.6,66.42,79.71,32.72625
2021-01-20 10:00:00,96.18,139.7,55.92,32.713055555555556
2021-01-20 11:00:00,114.95,266.25,43.0,32.69986111111111
2021-01-20 12:00:00,77.25,194.88,38.0,32.68666666666667
2021-01-20 13:00:00,48.47,151.75,36.96,32.67347222222222
2021-01-20 14:00:00,33.43,116.7,40.33,32.66027777777778
2021-01-20 15:00:00,61.01,122.0,46.0,32.647083333333335
2021-01-20 16:00:00,76.14,143.0,42.39,32.63388888888889
2021-01-20 17:00:00,60.91,109.33,47.91,32.620694444444446
2021-01-20 18:00:00,58.62,105.51,64.87,32.6075
2021-01-20 19:00:00,57.38,88.38,80.17,32.59430555555555
2021-01-20 20:00:00,53.76,76.87,85.53,32.581111111111106
2021-01-20 21:00:00,57.88,76.36,89.65,32.56791666666666
2021-01-20 22:00:00,65.51,83.71,90.55,32.55472222222222
2021-01-20 23:00:00,81.6,96.75,89.98,32.54152777777777
2021-01-21 00:00:00,73.64,86.46,90.17,32.52833333333333
2021-01-21 01:00:00,53.97,62.19,90.98,32.515138888888885
2021-01-21 02:00:00,46.74,58.84,92.38,32.50194444444444
2021-01-21 03:00:00,44.38,49.77,92.76,32.488749999999996
2021-01-21 04:00:00,47.26,58.07,93.92,32.47555555555555
2021-01-21 05:00:00,51.24,64.22,94.58,32.46236111111111
2021-01-21 06:00:00,56.87,72.55,95.46,32.44916666666666
2021-01-21 07:00:00,66.92,79.05,96.2,32.43597222222222
2021-01-21 08:00:00,73.87,90.1,95.93,32.422777777777775
2021-01-21 09:00:00,121.23,143.0,82.1,32.40958333333333
2021-01-21 10:00:00,120.65,158.94,52.62,32.396388888888886
2021-01-21 11:00:00,127.77,211.5,44.86,32.38319444444444
2021-01-21 12:00:00,136.51,241.97,40.5,32.37
2021-01-21 13:00:00,118.53,195.67,39.25,32.91
2021-01-21 14:00:00,97.78,149.0,38.69,32.86
2021-01-21 15:00:00,94.81,138.93,39.88,32.47
2021-01-21 16:00:00,94.19,145.4,40.94,31.27
2021-01-21 17:00:00,90.75,150.35,56.52,27.84
2021-01-21 18:00:00,124.07,185.51,73.41,24.57
2021-01-21 19:00:00,121.45,167.67,85.53,21.23
2021-01-21 20:00:00,107.64,137.83,90.84,19.83
2021-01-21 21:00:00,112.33,130.97,93.31,19.05
2021-01-21 22:00:00,125.36,140.91,94.72,18.41
2021-01-21 23:00:00,135.3,147.19,95.25,17.99
2021-01-22 00:00:00,134.57,151.35,95.15,17.37
2021-01-22 01:00:00,118.59,134.38,94.84,16.87
2021-01-22 02:00:00,105.27,113.38,95.07,16.41
2021-01-22 03:00:00,85.11,102.42,95.13,16.12
2021-01-22 04:00:00,78.57,88.0,95.18,15.82
2021-01-22 05:00:00,68.27,85.48,95.63,15.5
2021-01-22 06:00:00,66.0,73.22,95.85,15.31
2021-01-22 07:00:00,64.37,81.1,96.35,15.22
2021-01-22 08:00:00,70.49,87.21,95.58,17.36
2021-01-22 09:00:00,84.98,111.0,80.75,23.35
2021-01-22 10:00:00,100.93,124.42,56.84,28.44
2021-01-22 11:00:00,119.41,203.34,49.45,31.08
2021-01-22 12:00:00,115.7,306.08,44.84,32.64
2021-01-22 13:00:00,114.0,253.37,42.64,33.93
2021-01-22 14:00:00,107.51,211.0,46.38,33.17
2021-01-22 15:00:00,106.81,196.0,53.74,32.13
2021-01-22 16:00:00,124.84,166.0,54.17,30.29
2021-01-22 17:00:00,124.13,176.91,63.62,28.12
2021-01-22 18:00:00,148.95,193.26,79.6,25.31
2021-01-22 19:00:00,162.3,194.32,88.94,22.91
2021-01-22 20:00:00,143.72,172.99,91.66,21.59
2021-01-22 21:00:00,105.75,143.64,91.68,20.42
2021-01-22 22:00:00,98.81,120.7,92.83,19.53
2021-01-22 23:00:00,104.68,113.64,93.15,18.82
2021-01-23 00:00:00,85.72,95.44,93.6,18.37
2021-01-23 01:00:00,75.32,83.61,93.89,17.96
2021-01-23 02:00:00,64.27,72.0,94.98,17.55
2021-01-23 03:00:00,66.04,72.84,95.85,17.44
2021-01-23 04:00:00,70.99,75.48,95.96,17.25
2021-01-23 05:00:00,80.92,90.26,96.38,16.95
2021-01-23 06:00:00,88.68,98.42,96.66,16.83
2021-01-23 07:00:00,99.72,115.23,96.97,16.8
2021-01-23 08:00:00,114.17,133.75,96.84,18.36
2021-01-23 09:00:00,149.44,166.2,87.56,22.46
2021-01-23 10:00:00,175.66,221.0,51.66,29.73
2021-01-23 11:00:00,170.27,288.11,46.01,32.57
2021-01-23 12:00:00,151.72,287.58,39.87,34.55
2021-01-23 13:00:00,92.03,144.0,35.03,35.73
2021-01-23 14:00:00,85.49,154.07,38.98,35.26
2021-01-23 15:00:00,114.58,184.52,42.79,34.5
2021-01-23 16:00:00,117.75,181.63,50.08,32.31
2021-01-23 17:00:00,122.68,184.19,60.89,28.65
2021-01-23 18:00:00,93.99,163.19,77.53,25.7
2021-01-23 19:00:00,87.0,137.19,88.03,22.82
2021-01-23 20:00:00,82.94,117.9,92.08,21.19
2021-01-23 21:00:00,67.0,97.0,93.26,20.14
2021-01-23 22:00:00,66.38,93.88,93.56,19.44
2021-01-23 23:00:00,57.0,74.0,94.28,18.2
2021-01-24 00:00:00,52.96,70.61,93.73,17.38
2021-01-24 01:00:00,38.21,62.29,93.31,16.8
2021-01-24 02:00:00,46.0,59.0,93.62,16.33
2021-01-24 03:00:00,74.72,58.9675,94.095,16.16
2021-01-24 04:00:00,45.0,58.935,94.57,15.989999999999998
2021-01-24 05:00:00,42.620000000000005,58.902499999999996,95.045,15.82
2021-01-24 06:00:00,40.24,58.87,95.52,15.65
2021-01-24 07:00:00,39.14,47.0,96.16,15.41
2021-01-24 08:00:00,45.24,57.94,90.24,19.125
2021-01-24 09:00:00,51.34,68.88,84.32,22.84
2021-01-24 10:00:00,83.33,136.88,57.8,28.84
2021-01-24 11:00:00,96.3,223.5,47.13,31.2
2021-01-24 12:00:00,80.16,185.99,39.64,32.96
2021-01-24 13:00:00,54.84,127.2,38.24,33.14
2021-01-24 14:00:00,37.02,98.13,49.48,32.49
2021-01-24 15:00:00,45.36,131.39,49.62,31.95
2021-01-24 16:00:00,43.15,134.65,47.53,30.88
2021-01-24 17:00:00,50.11,114.7,57.78,28.02
2021-01-24 18:00:00,54.42,126.89,73.91,24.98
2021-01-24 19:00:00,58.23,119.13,84.93,21.92
2021-01-24 20:00:00,47.66,88.48,90.11,20.32
2021-01-24 21:00:00,49.87,86.36,92.81,19.33
2021-01-24 22:00:00,58.3,95.39,94.14,18.37
2021-01-24 23:00:00,53.53,99.0,94.62,17.57
2021-01-25 00:00:00,59.27,107.39,94.99,16.82
2021-01-25 01:00:00,62.62,107.33,95.4,16.32
2021-01-25 02:00:00,54.08,104.47,95.61,15.84
2021-01-25 03:00:00,53.62,102.32,95.95,15.34
2021-01-25 04:00:00,50.76,96.13,96.42,14.9
2021-01-25 05:00:00,47.58,95.84,96.62,14.71
2021-01-25 06:00:00,51.87,96.0,96.62,14.37
2021-01-25 07:00:00,53.0,93.29,96.94,14.39
2021-01-25 08:00:00,65.93,102.88,97.16,15.78
2021-01-25 09:00:00,112.8,144.43,90.07,20.5
2021-01-25 10:00:00,96.23,203.17,57.47,27.63
2021-01-25 11:00:00,104.55,298.28,43.14,30.01
2021-01-25 12:00:00,76.47,272.22,36.42,31.93
2021-01-25 13:00:00,79.55,237.16,35.83,33.09
2021-01-25 14:00:00,65.03,216.95,38.91,31.96
2021-01-25 15:00:00,52.11,193.93,41.24,31.34
2021-01-25 16:00:00,54.05,194.19,45.72,29.45
2021-01-25 17:00:00,60.68,215.0,62.12,26.72
2021-01-25 18:00:00,74.2,228.42,74.81,24.07
2021-01-25 19:00:00,81.06,220.09,85.08,21.6
2021-01-25 20:00:00,78.75,169.34,90.59,19.89
2021-01-25 21:00:00,76.38,149.09,92.89,18.84
2021-01-25 22:00:00,90.55,151.18,94.03,17.95
2021-01-25 23:00:00,89.15,144.47,94.73,17.21
2021-01-26 00:00:00,92.04,148.03,94.81,16.54
2021-01-26 01:00:00,90.58,138.13,95.17,15.96
2021-01-26 02:00:00,92.43,134.63,95.56,15.52
2021-01-26 03:00:00,82.45,124.77,96.08,15.09
2021-01-26 04:00:00,67.02,108.78,96.16,14.82
2021-01-26 05:00:00,70.47,105.16,96.45,14.72
2021-01-26 06:00:00,67.94,104.16,96.55,14.55
2021-01-26 07:00:00,68.62,107.36,96.7,14.37
2021-01-26 08:00:00,61.73,97.97,96.87,15.85
2021-01-26 09:00:00,87.58,128.72,87.13,20.74
2021-01-26 10:00:00,99.68,184.5,55.31,27.56
2021-01-26 11:00:00,113.98,261.95,44.14,30.88
2021-01-26 12:00:00,95.98,276.67,39.53,32.12
2021-01-26 13:00:00,84.52,266.0,45.51,31.48
2021-01-26 14:00:00,67.59,266.84,43.66,31.07
2021-01-26 15:00:00,68.04,266.16,47.42,30.66
2021-01-26 16:00:00,77.11,278.58,51.83,28.74
2021-01-26 17:00:00,78.19,288.55,63.01,26.43
2021-01-26 18:00:00,79.62,229.6,75.45,23.87
2021-01-26 19:00:00,86.49,188.64,86.28,20.57
2021-01-26 20:00:00,89.62,151.23,91.46,18.68
2021-01-26 21:00:00,99.73,140.94,93.69,17.77
2021-01-26 22:00:00,102.81,140.68,94.6,17.02
2021-01-26 23:00:00,98.94,130.93,95.31,16.52
2021-01-27 00:00:00,100.42,131.5,95.51,15.83
2021-01-27 01:00:00,96.15,119.42,96.16,15.4
2021-01-27 02:00:00,88.53,117.84,96.18,14.81
2021-01-27 03:00:00,89.43,114.66,96.62,14.36
2021-01-27 04:00:00,78.64,106.45,96.89,14.09
2021-01-27 05:00:00,74.38,99.13,97.01,13.86
2021-01-27 06:00:00,69.96,98.0,97.37,13.99
2021-01-27 07:00:00,73.06,99.0,97.33,14.07
2021-01-27 08:00:00,70.75,97.32,98.03,15.35
2021-01-27 09:00:00,97.48,122.17,92.73,20.12
2021-01-27 10:00:00,91.02,196.63,61.11,27.06
2021-01-27 11:00:00,87.19,195.78,46.51,30.21
2021-01-27 12:00:00,113.67,258.22,43.66,31.34
2021-01-27 13:00:00,95.75,206.62,43.57,31.7
2021-01-27 14:00:00,81.92,179.88,43.81,31.93
2021-01-27 15:00:00,72.72,162.83,44.42,31.71
2021-01-27 16:00:00,67.19,149.25,49.59,30.03
2021-01-27 17:00:00,68.43,142.81,63.04,26.99
2021-01-27 18:00:00,81.98,155.38,77.13,23.88
2021-01-27 19:00:00,92.3,150.47,87.84,20.35
2021-01-27 20:00:00,85.89,116.0,91.39,18.45
2021-01-27 21:00:00,84.0,116.0,93.28,17.19
2021-01-27 22:00:00,74.28,101.74,94.28,16.59
2021-01-27 23:00:00,85.79,114.1,94.97,16.03
2021-01-28 00:00:00,94.66,121.19,95.76,15.78
2021-01-28 01:00:00,92.77,113.63,95.91,15.46
2021-01-28 02:00:00,86.34,107.82,96.08,14.9
2021-01-28 03:00:00,80.96,99.47,96.45,14.57
2021-01-28 04:00:00,79.19,98.0,96.82,14.3
2021-01-28 05:00:00,75.77,93.25,96.75,13.98
2021-01-28 06:00:00,75.81,88.49,97.13,13.86
2021-01-28 07:00:00,76.81,98.87,97.38,13.85
2021-01-28 08:00:00,84.3,109.39,98.1,15.69
2021-01-28 09:00:00,107.09,132.81,92.84,20.37
2021-01-28 10:00:00,133.82,195.57,64.94,26.4
2021-01-28 11:00:00,179.56,312.7,48.04,30.44
2021-01-28 12:00:00,122.72,271.09,42.19,31.79
2021-01-28 13:00:00,107.0,211.18,42.7,32.8
2021-01-28 14:00:00,113.47,200.33,43.4,31.63
2021-01-28 15:00:00,78.62,153.86,43.68,32.28
2021-01-28 16:00:00,78.86,150.02,51.83,30.34
2021-01-28 17:00:00,85.04,153.51,67.24,26.81
2021-01-28 18:00:00,94.08,162.36,78.78,23.81
2021-01-28 19:00:00,113.82,178.26,88.35,20.37
2021-01-28 20:00:00,106.68,137.52,92.83,18.51
2021-01-28 21:00:00,92.68,121.6,94.43,17.55
2021-01-28 22:00:00,95.66,121.34,95.36,16.73
2021-01-28 23:00:00,104.28,126.19,95.76,16.02
2021-01-29 00:00:00,97.94,116.97,95.93,15.31
2021-01-29 01:00:00,87.13,109.13,96.39,14.81
2021-01-29 02:00:00,81.75,106.33,96.47,14.25
2021-01-29 03:00:00,74.53,100.13,96.75,13.92
2021-01-29 04:00:00,75.42,95.66,96.92,13.58
2021-01-29 05:00:00,73.58,87.0,97.16,13.47
2021-01-29 06:00:00,71.38,89.51,97.12,13.21
2021-01-29 07:00:00,69.38,87.49,97.52,13.37
2021-01-29 08:00:00,66.58,83.64,98.28,15.33
2021-01-29 09:00:00,102.38,122.3,92.41,20.27
2021-01-29 10:00:00,92.41,152.59,58.23,27.51
2021-01-29 11:00:00,124.38,262.7,49.06,30.23
2021-01-29 12:00:00,119.26,279.64,41.63,32.23
2021-01-29 13:00:00,75.44,196.63,35.36,33.73
2021-01-29 14:00:00,68.42,166.78,41.79,33.55
2021-01-29 15:00:00,75.47,161.49,42.19,32.36
2021-01-29 16:00:00,72.15,145.12,49.96,30.54
2021-01-29 17:00:00,73.42,141.16,58.7,28.16
2021-01-29 18:00:00,74.81,140.16,75.16,24.44
2021-01-29 19:00:00,78.22,130.0,84.59,20.84
2021-01-29 20:00:00,74.15,112.43,89.25,19.29
2021-01-29 21:00:00,68.13,98.13,91.87,18.16
2021-01-29 22:00:00,70.23,96.84,93.95,17.4
2021-01-29 23:00:00,77.47,105.36,94.64,16.61
2021-01-30 00:00:00,78.19,101.98,95.33,16.09
2021-01-30 01:00:00,82.85,106.03,95.74,15.84
2021-01-30 02:00:00,84.0,102.3,95.7,15.32
2021-01-30 03:00:00,77.53,91.64,96.21,14.84
2021-01-30 04:00:00,67.92,84.15,96.62,14.72
2021-01-30 05:00:00,60.34,71.3,96.69,14.53
2021-01-30 06:00:00,56.58,70.67,96.89,14.36
2021-01-30 07:00:00,51.15,65.98,97.2,14.54
2021-01-30 08:00:00,52.42,68.35,97.52,16.43
2021-01-30 09:00:00,67.52,99.2,83.9,22.77
2021-01-30 10:00:00,99.29,143.46,52.37,30.46
2021-01-30 11:00:00,80.13,148.49,37.66,33.6
2021-01-30 12:00:00,61.88,124.59,33.94,34.48
2021-01-30 13:00:00,66.28,161.81,29.79,35.0
2021-01-30 14:00:00,53.45,134.99,27.22,35.16
2021-01-30 15:00:00,43.53,97.1,27.65,34.22
2021-01-30 16:00:00,33.11,90.49,35.24,32.54
2021-01-30 17:00:00,56.87,129.0,54.53,28.48
2021-01-30 18:00:00,65.42,134.02,68.64,25.12
2021-01-30 19:00:00,69.23,129.98,82.05,21.85
2021-01-30 20:00:00,70.0,103.08,87.42,19.96
2021-01-30 21:00:00,62.73,85.42,88.76,18.59
2021-01-30 22:00:00,58.57,81.33,89.45,17.52
2021-01-30 23:00:00,62.04,80.16,88.82,16.63
2021-01-31 00:00:00,47.7,59.17,86.94,15.91
2021-01-31 01:00:00,31.88,44.91,86.75,15.5
2021-01-31 02:00:00,31.43,36.66,88.25,15.02
2021-01-31 03:00:00,23.11,30.98,90.12,14.74
2021-01-31 04:00:00,25.04,32.51,91.59,14.59
2021-01-31 05:00:00,28.43,36.34,91.81,14.64
2021-01-31 06:00:00,31.43,42.02,92.1,14.59
2021-01-31 07:00:00,29.57,42.34,93.0,14.57
2021-01-31 08:00:00,38.7,69.59,90.41,16.88
2021-01-31 09:00:00,67.58,93.39,76.12,23.02
2021-01-31 10:00:00,86.12,135.59,48.6,29.73
2021-01-31 11:00:00,82.53,218.25,37.87,32.84
2021-01-31 12:00:00,76.96,202.9,36.07,33.91
2021-01-31 13:00:00,72.77,180.28,36.38,34.04
2021-01-31 14:00:00,68.77,157.77,39.31,33.69
2021-01-31 15:00:00,70.42,146.47,42.25,32.58
2021-01-31 16:00:00,62.08,140.0,43.59,31.11
2021-01-31 17:00:00,60.0,152.54,49.23,28.79
2021-01-31 18:00:00,61.61,165.04,66.78,25.64
2021-01-31 19:00:00,64.42,132.72,81.05,22.15
2021-01-31 20:00:00,60.15,98.41,85.57,20.23
2021-01-31 21:00:00,55.77,76.22,87.34,19.09
2021-01-31 22:00:00,49.35,68.0,89.31,18.45
2021-01-31 23:00:00,59.28,78.0,91.03,17.84
2021-02-01 00:00:00,58.78,77.49,92.17,17.58
2021-02-01 01:00:00,62.04,85.36,93.22,17.51
2021-02-01 02:00:00,79.94,99.54,93.7,17.44
2021-02-01 03:00:00,79.96,97.82,94.23,17.34
2021-02-01 04:00:00,71.75,88.64,94.34,17.44
2021-02-01 05:00:00,64.36,77.8,92.98,18.01
2021-02-01 06:00:00,56.55,74.32,90.14,18.74
2021-02-01 07:00:00,62.27,76.69,88.72,19.1
2021-02-01 08:00:00,107.65,123.04,82.86,21.06
2021-02-01 09:00:00,140.63,187.78,54.8,27.67
2021-02-01 10:00:00,91.03,136.63,45.85,31.5
2021-02-01 11:00:00,78.81,139.22,42.54,32.83
2021-02-01 12:00:00,79.81,156.22,39.66,34.62
2021-02-01 13:00:00,80.81,150.64,35.59,35.98
2021-02-01 14:00:00,71.33,131.38,30.84,37.03
2021-02-01 15:00:00,61.73,107.93,41.75,35.17
2021-02-01 16:00:00,72.08,156.0,51.97,33.0
2021-02-01 17:00:00,71.77,140.12,57.15,30.43
2021-02-01 18:00:00,73.42,137.0,72.11,26.92
2021-02-01 19:00:00,66.75,131.14,83.65,24.18
2021-02-01 20:00:00,72.28,114.11,88.34,22.68
2021-02-01 21:00:00,76.42,104.31,90.5,21.97
2021-02-01 22:00:00,83.44,111.36,90.47,21.75
2021-02-01 23:00:00,81.77,113.67,91.7,21.16
2021-02-02 00:00:00,83.42,111.49,92.84,20.5
2021-02-02 01:00:00,83.19,108.98,93.32,19.95
2021-02-02 02:00:00,74.94,97.13,93.28,19.82
2021-02-02 03:00:00,61.68,82.5,92.51,19.6
2021-02-02 04:00:00,53.34,68.3,92.47,19.02
2021-02-02 05:00:00,49.58,67.68,93.67,18.38
2021-02-02 06:00:00,51.42,69.0,92.53,18.56
2021-02-02 07:00:00,51.2,69.0,66.0,22.99
2021-02-02 08:00:00,60.7,89.9,52.53,26.38
2021-02-02 09:00:00,68.66,107.0,43.23,29.54
2021-02-02 10:00:00,63.53,107.84,36.14,32.67
2021-02-02 11:00:00,63.62,127.23,31.5,34.65
2021-02-02 12:00:00,55.11,141.87,27.63,35.97
2021-02-02 13:00:00,56.22,127.06,24.55,37.05
2021-02-02 14:00:00,44.07,98.16,18.91,37.63
2021-02-02 15:00:00,28.92,61.25,17.03,37.95
2021-02-02 16:00:00,22.77,50.15,19.71,37.55
2021-02-02 17:00:00,34.93,93.31,45.62,31.77
2021-02-02 18:00:00,64.58,127.08,55.7,27.77
2021-02-02 19:00:00,71.0,118.0,76.23,23.46
2021-02-02 20:00:00,66.15,101.28,84.14,21.54
2021-02-02 21:00:00,66.61,98.0,88.38,20.41
2021-02-02 22:00:00,70.22,101.34,90.55,19.68
2021-02-02 23:00:00,71.81,97.82,91.45,19.05
2021-02-03 00:00:00,72.81,97.83,92.15,18.39
2021-02-03 01:00:00,77.03,102.18,91.42,17.91
2021-02-03 02:00:00,73.17,95.66,90.7,17.66
2021-02-03 03:00:00,61.0,86.0,91.23,17.185000000000002
2021-02-03 04:00:00,63.0,79.0,91.76,16.71
2021-02-03 05:00:00,55.0,64.0,91.72,16.65
2021-02-03 06:00:00,55.65,66.25,92.47,16.43
2021-02-03 07:00:00,54.34,71.34,92.77,16.35
2021-02-03 08:00:00,54.66,76.41,89.77,18.05
2021-02-03 09:00:00,104.0,79.25,69.36,23.223333333333333
2021-02-03 10:00:00,89.76,82.09,48.949999999999996,28.39666666666667
2021-02-03 11:00:00,52.8,84.93,28.54,33.57
2021-02-03 12:00:00,49.1,109.0,24.14,35.71
2021-02-03 13:00:00,53.0,110.0,24.31,35.82
2021-02-03 14:00:00,53.0,131.48,24.75,36.27
2021-02-03 15:00:00,58.0,146.0,26.1,35.79
2021-02-03 16:00:00,55.52,139.45,29.55,34.69
2021-02-03 17:00:00,51.09,124.725,44.17333333333333,30.80333333333333
2021-02-03 18:00:00,46.0,110.0,58.79666666666667,26.916666666666668
2021-02-03 19:00:00,55.1,99.55,73.42,23.03
2021-02-03 20:00:00,50.0,81.0,81.2,21.19
2021-02-03 21:00:00,51.0,76.0,85.48,20.48
2021-02-03 22:00:00,53.2,75.56,86.7,20.28
2021-02-03 23:00:00,62.0,75.55,89.52,19.63
2021-02-04 00:00:00,65.0,74.25999999999999,90.04666666666667,19.003333333333334
2021-02-04 01:00:00,61.34,72.97,90.57333333333332,18.376666666666665
2021-02-04 02:00:00,44.0,67.0,91.1,17.75
2021-02-04 03:00:00,45.84,63.0,91.26,17.3
2021-02-04 04:00:00,44.58,60.49,91.75,17.0
2021-02-04 05:00:00,48.0,58.0,92.96,16.61
2021-02-04 06:00:00,54.0,63.0,93.72,16.23
2021-02-04 07:00:00,53.2,67.17,94.45,16.39
2021-02-04 08:00:00,58.66,73.86,93.86,17.23
2021-02-04 09:00:00,68.02,111.86000000000001,77.535,21.63
2021-02-04 10:00:00,72.38,149.86,61.21,26.03
2021-02-04 11:00:00,50.0,100.0,44.885000000000005,30.43
2021-02-04 12:00:00,47.55,89.0,28.56,34.83
2021-02-04 13:00:00,49.3,108.0,34.64,34.28
2021-02-04 14:00:00,69.0,155.0,40.72,33.73
2021-02-04 15:00:00,98.0,173.0,42.47,32.7
2021-02-04 16:00:00,96.05,171.64,42.85,32.44
2021-02-04 17:00:00,80.9,163.82,56.43000000000001,29.424999999999997
2021-02-04 18:00:00,81.0,156.0,70.01,26.41
2021-02-04 19:00:00,81.0,155.0,84.11,22.9
2021-02-04 20:00:00,85.66,142.91,88.7,21.3
2021-02-04 21:00:00,87.41,128.91,91.58,20.22
2021-02-04 22:00:00,82.75,111.03,92.66,19.44
2021-02-04 23:00:00,91.0,105.015,92.75,18.693333333333335
2021-02-05 00:00:00,80.31,99.0,92.84,17.946666666666665
2021-02-05 01:00:00,74.0,95.0,92.93,17.2
2021-02-05 02:00:00,69.34,86.34,93.52,16.8
2021-02-05 03:00:00,62.05,79.68,94.47,16.5
2021-02-05 04:00:00,69.0,86.0,95.27,16.23
2021-02-05 05:00:00,69.66,85.32,95.73,16.13
2021-02-05 06:00:00,63.0,83.66,96.315,16.16
2021-02-05 07:00:00,62.0,82.0,96.9,16.19
2021-02-05 08:00:00,59.36,84.56,96.3,18.31
2021-02-05 09:00:00,69.43,91.54,72.74,24.38
2021-02-05 10:00:00,83.86,134.0,51.79,28.48
2021-02-05 11:00:00,91.62,193.88,43.72,30.89
2021-02-05 12:00:00,55.0,157.0,34.37,33.72
2021-02-05 13:00:00,59.0,137.0,41.39,33.14
2021-02-05 14:00:00,71.0,145.0,39.38,32.41
2021-02-05 15:00:00,65.02,132.5,39.68,31.93
2021-02-05 16:00:00,50.43,120.0,39.98,31.45
2021-02-05 17:00:00,48.28,122.58,47.34,29.97
2021-02-05 18:00:00,59.11,144.12,57.75,26.33
2021-02-05 19:00:00,62.45,141.67,67.51,23.26
2021-02-05 20:00:00,53.0,112.335,74.79333333333334,21.39666666666667
2021-02-05 21:00:00,53.0,83.0,82.07666666666667,19.533333333333335
2021-02-05 22:00:00,55.42,83.83,89.36,17.67
2021-02-05 23:00:00,59.47,85.58,90.89,16.87
2021-02-06 00:00:00,56.04,79.9,91.45,16.29
2021-02-06 01:00:00,47.34,66.95,91.9,15.719999999999999
2021-02-06 02:00:00,41.5,54.0,92.35,15.15
2021-02-06 03:00:00,38.5,56.0,93.2,14.73
2021-02-06 04:00:00,36.0,55.0,93.62,14.82
2021-02-06 05:00:00,41.78,57.91,92.75,15.25
2021-02-06 06:00:00,42.41,65.84,91.91,14.98
2021-02-06 07:00:00,35.26,50.0,91.89,15.23
2021-02-06 08:00:00,29.94,51.25,87.23,17.99
2021-02-06 09:00:00,69.38,82.235,69.41,22.653333333333332
2021-02-06 10:00:00,46.0,113.22,51.59,27.316666666666666
2021-02-06 11:00:00,46.0,130.0,33.77,31.98
2021-02-06 12:00:00,50.0,151.0,29.25,34.78
2021-02-06 13:00:00,50.0,132.33,27.92,35.36
2021-02-06 14:00:00,48.39,116.31,25.52,36.04
2021-02-06 15:00:00,46.16,109.0,39.32,33.53
2021-02-06 16:00:00,53.86,156.5,42.87,32.11
2021-02-06 17:00:00,56.8,154.33,47.48,30.3
2021-02-06 18:00:00,67.39,165.33,58.28,27.2
2021-02-06 19:00:00,69.17,142.0,75.75,23.15
2021-02-06 20:00:00,66.39,107.57,83.3,21.09
2021-02-06 21:00:00,63.59,96.98,87.47,19.81
2021-02-06 22:00:00,76.69,90.87333333333333,80.47,20.3975
2021-02-06 23:00:00,63.02,84.76666666666667,73.47,20.985
2021-02-07 00:00:00,54.06,78.66,66.47,21.572499999999998
2021-02-07 01:00:00,41.0,62.0,59.47,22.16
2021-02-07 02:00:00,41.61,62.66,52.16,23.77
2021-02-07 03:00:00,40.39,80.5,41.95,25.76
2021-02-07 04:00:00,40.0,89.0,39.92,25.45
2021-02-07 05:00:00,38.0,89.0,40.05,24.77
2021-02-07 06:00:00,36.39,81.47,40.87,24.3
2021-02-07 07:00:00,40.28,81.34,46.81,22.98
2021-02-07 08:00:00,60.72,185.33,54.2,23.02
2021-02-07 09:00:00,70.5,168.67,38.55,26.63
2021-02-07 10:00:00,44.2,153.11333333333332,35.2375,28.8675
2021-02-07 11:00:00,49.0,137.55666666666667,31.924999999999997,31.104999999999997
2021-02-07 12:00:00,48.0,122.0,28.6125,33.3425
2021-02-07 13:00:00,49.61,121.17,25.3,35.58
2021-02-07 14:00:00,47.0,119.0,21.7,36.73
2021-02-07 15:00:00,41.0,95.0,21.75,36.7
2021-02-07 16:00:00,44.0,145.0,33.06,33.15
2021-02-07 17:00:00,40.0,159.0,43.34,30.5
2021-02-07 18:00:00,46.45,173.17,58.6,26.96
2021-02-07 19:00:00,43.97,107.67,71.79,23.1
2021-02-07 20:00:00,45.42,81.34,78.63,21.37
2021-02-07 21:00:00,52.45,82.17,81.00333333333333,20.18
2021-02-07 22:00:00,52.16,83.0,83.37666666666667,18.990000000000002
2021-02-07 23:00:00,57.45,83.83,85.75,17.8
2021-02-08 00:00:00,49.33,67.33,87.28,17.3
2021-02-08 01:00:00,40.0,56.0,89.83,16.54
2021-02-08 02:00:00,44.89,64.66,90.81,16.47
2021-02-08 03:00:00,52.0,77.0,88.26,16.91
2021-02-08 04:00:00,45.55,65.3,87.11,16.91
2021-02-08 05:00:00,40.95,60.33,87.19,16.07
2021-02-08 06:00:00,39.81,59.916799999999995,88.58,15.57
2021-02-08 07:00:00,37.55,59.5036,87.89,15.89
2021-02-08 08:00:00,62.58,59.090399999999995,60.18,22.18
2021-02-08 09:00:00,56.0,58.6772,38.3,27.93
2021-02-08 10:00:00,57.0,58.263999999999996,32.01,30.71
2021-02-08 11:00:00,49.0,57.8508,27.1,32.995000000000005
2021-02-08 12:00:00,44.11,57.437599999999996,22.19,35.28
2021-02-08 13:00:00,34.0,57.0244,21.02,35.98
2021-02-08 14:00:00,31.58,56.6112,20.42,36.05
2021-02-08 15:00:00,35.28,56.198,22.48,35.73
2021-02-08 16:00:00,34.95,55.7848,29.23,33.83
2021-02-08 17:00:00,36.0,55.3716,45.61,30.14
2021-02-08 18:00:00,44.03,54.9584,51.98,28.83
2021-02-08 19:00:00,47.84,54.5452,61.32,25.57
2021-02-08 20:00:00,60.61,54.132,70.66,22.31
2021-02-08 21:00:00,51.95,53.7188,80.0,19.05
2021-02-08 22:00:00,47.2,53.3056,81.1,18.23
2021-02-08 23:00:00,43.78,52.8924,81.3,17.59
2021-02-09 00:00:00,46.22,52.4792,82.04,17.08
2021-02-09 01:00:00,38.0,52.066,84.95,16.19
2021-02-09 02:00:00,37.0,51.6528,86.27,15.7
2021-02-09 03:00:00,39.0,51.239599999999996,89.31,15.0
2021-02-09 04:00:00,43.0,50.8264,89.55,14.82
2021-02-09 05:00:00,34.0,50.4132,89.87,14.594999999999999
2021-02-09 06:00:00,38.02,50.0,90.19,14.37
2021-02-09 07:00:00,36.55,52.0,89.78,14.46
2021-02-09 08:00:00,37.41,61.33,84.36,17.69
2021-02-09 09:00:00,45.0,67.0,63.64,26.59
2021-02-09 10:00:00,121.53,300.33,31.11,32.96
2021-02-09 11:00:00,61.05,148.67,20.78,36.14
2021-02-09 12:00:00,35.34,85.66,17.61,36.77
2021-02-09 13:00:00,26.18,73.83,22.599999999999998,36.07
2021-02-09 14:00:00,24.2,62.0,27.589999999999996,35.370000000000005
2021-02-09 15:00:00,65.0,187.0,32.58,34.67
2021-02-09 16:00:00,71.0,162.0,33.64,33.88
2021-02-09 17:00:00,65.38,144.44,39.38,30.62
2021-02-09 18:00:00,49.0,114.0,61.95,25.04
2021-02-09 19:00:00,40.0,90.0,71.15,22.6
2021-02-09 20:00:00,46.45,84.5,68.65866666666668,23.223333333333336
2021-02-09 21:00:00,53.0,79.0,66.16733333333333,23.846666666666668
2021-02-09 22:00:00,103.45,83.5,63.676,24.470000000000002
2021-02-09 23:00:00,108.67,88.0,61.18466666666667,25.093333333333334
2021-02-10 00:00:00,113.55,92.5,58.693333333333335,25.71666666666667
2021-02-10 01:00:00,86.33,97.0,56.202,26.34
2021-02-10 02:00:00,66.52,101.5,53.71066666666667,26.963333333333335
2021-02-10 03:00:00,53.12,106.0,51.21933333333334,27.586666666666666
2021-02-10 04:00:00,46.52,110.5,48.728,28.21
2021-02-10 05:00:00,47.84,115.0,46.236666666666665,28.833333333333332
2021-02-10 06:00:00,48.0,119.5,43.745333333333335,29.456666666666667
2021-02-10 07:00:00,58.12,124.0,41.254,30.08
2021-02-10 08:00:00,43.0,128.5,38.76266666666667,30.703333333333333
2021-02-10 09:00:00,61.0,133.0,36.27133333333333,31.326666666666668
2021-02-10 10:00:00,75.0,154.0,33.78,31.95
2021-02-10 11:00:00,69.36,156.51,31.47,33.78
2021-02-10 12:00:00,71.22,186.17,29.18,35.34
2021-02-10 13:00:00,70.39,195.33,33.66,35.28
2021-02-10 14:00:00,83.45,179.9975,37.559999999999995,34.480000000000004
2021-02-10 15:00:00,78.33000000000001,164.66500000000002,41.46,33.68
2021-02-10 16:00:00,80.76,149.3325,45.36,32.88
2021-02-10 17:00:00,73.0,134.0,59.86,29.58
2021-02-10 18:00:00,107.0,157.0,75.4,26.29
2021-02-10 19:00:00,119.22,180.33,81.43,24.3
2021-02-10 20:00:00,110.94,149.5,88.73,21.55
2021-02-10 21:00:00,111.0,141.0,90.75,19.74
2021-02-10 22:00:00,103.0,130.0,91.6,19.12
2021-02-10 23:00:00,115.08,135.83,89.66,18.26
2021-02-11 00:00:00,109.98,125.33,88.67,17.81
2021-02-11 01:00:00,54.0,76.0,87.44,16.41
2021-02-11 02:00:00,45.14,63.5,87.61,16.05
2021-02-11 03:00:00,45.0,60.0,89.93,15.66
2021-02-11 04:00:00,45.89,60.67,90.26,15.57
2021-02-11 05:00:00,48.2,67.0,92.88,15.04
2021-02-11 06:00:00,50.42,60.48,93.98,14.96
2021-02-11 07:00:00,58.0,82.0,93.91,15.23
2021-02-11 08:00:00,63.0,93.0,89.91,18.22
2021-02-11 09:00:00,84.8,113.5,73.25,23.79
2021-02-11 10:00:00,102.06,172.0,48.0,30.09
2021-02-11 11:00:00,95.97,198.0,32.51,33.08
2021-02-11 12:00:00,45.0,167.55666666666667,30.759999999999998,34.43333333333333
2021-02-11 13:00:00,43.39,137.11333333333334,29.01,35.78666666666667
2021-02-11 14:00:00,41.39,106.67,27.26,37.14
2021-02-11 15:00:00,73.0,161.0,36.43,35.31
2021-02-11 16:00:00,79.0,166.0,37.88,33.91
2021-02-11 17:00:00,74.2,168.01,38.85,31.24
2021-02-11 18:00:00,64.52,137.26,55.41,28.09
2021-02-11 19:00:00,53.36,111.83,77.08,23.01
2021-02-11 20:00:00,48.0,89.0,81.79,21.02
2021-02-11 21:00:00,55.0,83.0,84.77,19.85
2021-02-11 22:00:00,75.0,100.0,85.88,19.08
2021-02-11 23:00:00,75.6,102.66,86.58,18.09
2021-02-12 00:00:00,58.0,77.0,87.54,17.43
2021-02-12 01:00:00,56.0,72.0,88.85,17.11
2021-02-12 02:00:00,64.83,78.67,89.24,17.08
2021-02-12 03:00:00,71.0,93.0,89.31,16.9
2021-02-12 04:00:00,63.77,82.97,90.38,16.51
2021-02-12 05:00:00,62.0,81.0,90.45,16.38
2021-02-12 06:00:00,63.0,81.0,91.83,15.96
2021-02-12 07:00:00,60.0,79.0,92.6,15.9
2021-02-12 08:00:00,67.22,86.5,89.25,18.57
2021-02-12 09:00:00,93.89,117.9,69.19,24.89
2021-02-12 10:00:00,98.39,143.17,45.1,30.46
2021-02-12 11:00:00,97.0,172.0,37.9,33.67
2021-02-12 12:00:00,106.0,266.0,34.71,35.19
2021-02-12 13:00:00,103.59,230.17,41.98,34.61
2021-02-12 14:00:00,111.84,197.17,45.78,33.75
2021-02-12 15:00:00,81.0,154.0,43.59,33.77
2021-02-12 16:00:00,72.0,133.0,40.14,32.1
2021-02-12 17:00:00,50.0,108.0,54.79,29.75
2021-02-12 18:00:00,59.93,106.055,61.07333333333333,28.015
2021-02-12 19:00:00,76.0,104.11,67.35666666666667,26.28
2021-02-12 20:00:00,89.23999999999998,102.16499999999999,73.64,24.545
2021-02-12 21:00:00,70.0,100.22,79.92333333333333,22.81
2021-02-12 22:00:00,73.0,98.275,86.20666666666666,21.075
2021-02-12 23:00:00,73.0,96.33,92.49,19.34
2021-02-13 00:00:00,72.0,93.71,92.32,18.72
2021-02-13 01:00:00,66.0,80.0,91.39,17.62
2021-02-13 02:00:00,98.73,72.75,91.4625,17.1025
2021-02-13 03:00:00,73.42,65.5,91.535,16.585
2021-02-13 04:00:00,76.79000000000002,58.25,91.6075,16.067500000000003
2021-02-13 05:00:00,32.0,51.0,91.68,15.55
2021-02-13 06:00:00,69.0,49.526666666666664,90.5,15.903333333333334
2021-02-13 07:00:00,71.47,48.053333333333335,89.32000000000001,16.256666666666668
2021-02-13 08:00:00,28.27,46.58,88.14,16.61
2021-02-13 09:00:00,45.0,64.0,48.97,28.84
2021-02-13 10:00:00,51.42,91.5,36.47,31.1
2021-02-13 11:00:00,61.03,155.97,31.37,33.6
2021-02-13 12:00:00,69.06,195.76,30.42,33.75
2021-02-13 13:00:00,56.95,152.5,37.68,34.42
2021-02-13 14:00:00,49.79,120.17,39.75,33.92
2021-02-13 15:00:00,47.79,126.0,51.22,31.84
2021-02-13 16:00:00,42.98,141.83,54.54,31.49
2021-02-13 17:00:00,36.38,144.17,62.92,29.55
2021-02-13 18:00:00,40.0,115.0,75.76,27.57
2021-02-13 19:00:00,43.64,112.34,84.1,25.91
2021-02-13 20:00:00,39.0,95.0,89.66,23.74
2021-02-13 21:00:00,48.69,92.31,91.03,22.21
2021-02-13 22:00:00,43.0,83.0,92.73,20.75
2021-02-13 23:00:00,46.66,81.0,93.11,20.41
2021-02-14 00:00:00,48.39,75.37,92.94,19.57
2021-02-14 01:00:00,52.02,80.5,93.96,19.04
2021-02-14 02:00:00,53.8,73.69,94.66,18.54
2021-02-14 03:00:00,51.0,66.0,95.62,18.38
2021-02-14 04:00:00,48.59,64.33,95.72,18.27
2021-02-14 05:00:00,45.0,63.0,95.88,17.98
2021-02-14 06:00:00,35.37,56.36,96.18,17.69
2021-02-14 07:00:00,28.0,50.0,96.75,17.88
2021-02-14 08:00:00,31.21,48.33,96.11,20.26
2021-02-14 09:00:00,36.0,56.0,87.36,24.47
2021-02-14 10:00:00,52.0,114.14,59.03,29.43
2021-02-14 11:00:00,55.2,139.33,47.22,31.97
2021-02-14 12:00:00,70.0,194.0,42.87,33.79
2021-02-14 13:00:00,74.82,200.67,39.96,35.14
2021-02-14 14:00:00,54.0,154.0,49.77,33.72
2021-02-14 15:00:00,45.0,146.0,53.230000000000004,32.33
2021-02-14 16:00:00,46.61,146.83,56.69,30.94
2021-02-14 17:00:00,49.41,138.67,66.75,28.77
2021-02-14 18:00:00,62.0,160.0,74.31,26.66
2021-02-14 19:00:00,62.0,155.0,81.64,24.55
2021-02-14 20:00:00,72.0,118.0,88.47,22.54
2021-02-14 21:00:00,64.78,106.33,91.48,21.45
2021-02-14 22:00:00,63.0,94.83,92.9,20.66
2021-02-14 23:00:00,61.0,91.0,93.24,19.62
2021-02-15 00:00:00,53.8,80.17,93.13,18.77
2021-02-15 01:00:00,40.5,67.42,92.95,18.3
2021-02-15 02:00:00,36.21,61.17,93.59,17.95
2021-02-15 03:00:00,31.0,48.0,94.63,18.01
2021-02-15 04:00:00,21.37,38.75,95.31,18.05
2021-02-15 05:00:00,15.0,30.0,95.45,18.37
2021-02-15 06:00:00,13.0,23.0,95.8,18.27
2021-02-15 07:00:00,12.2,26.33,96.08,18.74
2021-02-15 08:00:00,12.0,29.0,94.78,20.34
2021-02-15 09:00:00,44.91,80.67,78.95,25.93
2021-02-15 10:00:00,56.64,119.43,61.95,29.03
2021-02-15 11:00:00,46.16,141.5,56.83,30.39
2021-02-15 12:00:00,43.0,115.75,55.91,31.36
2021-02-15 13:00:00,24.0,90.0,55.49,31.9
2021-02-15 14:00:00,13.0,84.0,57.62,31.8
2021-02-15 15:00:00,25.11,102.66,56.85,31.43
2021-02-15 16:00:00,58.0,129.0,63.05,29.19
2021-02-15 17:00:00,77.0,170.0,75.33,27.26
2021-02-15 18:00:00,60.0,131.0,79.53,26.09
2021-02-15 19:00:00,52.8,126.0,82.75,24.59
2021-02-15 20:00:00,49.0,116.0,88.68,22.5
2021-02-15 21:00:00,61.8,101.88,91.22,21.55
2021-02-15 22:00:00,47.0,79.0,93.43,20.29
2021-02-15 23:00:00,39.77,75.67,94.38,19.62
2021-02-16 00:00:00,42.0,68.0,94.95,19.13
2021-02-16 01:00:00,36.0,62.0,95.45,18.95
2021-02-16 02:00:00,42.0,61.0,95.85,19.05
2021-02-16 03:00:00,36.0,53.0,96.0,19.02
2021-02-16 04:00:00,26.37,42.17,96.16,18.96
2021-02-16 05:00:00,24.8,35.85,96.45,18.86
2021-02-16 06:00:00,16.0,25.0,96.59,18.79
2021-02-16 07:00:00,17.0,35.0,96.86,18.8
2021-02-16 08:00:00,11.38,32.34,97.27,21.2
2021-02-16 09:00:00,11.61,41.83,86.16,26.02
2021-02-16 10:00:00,18.0,83.0,69.33,28.92
2021-02-16 11:00:00,15.59,85.49,63.06,30.24
2021-02-16 12:00:00,16.61,100.17,59.84,31.34
2021-02-16 13:00:00,25.0,93.03,63.67,30.69
2021-02-16 14:00:00,25.79,83.0,62.7,30.94
2021-02-16 15:00:00,11.0,80.0,64.99,29.61
2021-02-16 16:00:00,12.0,82.0,68.22,28.66
2021-02-16 17:00:00,27.26,86.17,74.46,27.01
2021-02-16 18:00:00,25.0,88.0,81.86,25.43
2021-02-16 19:00:00,23.73,88.675,85.375,24.35
2021-02-16 20:00:00,20.21,89.35,88.89,23.27
2021-02-16 21:00:00,33.04,88.0,92.35,21.63
2021-02-16 22:00:00,40.0,68.0,93.85,20.71
2021-02-16 23:00:00,37.58,70.0,94.45,20.3
2021-02-17 00:00:00,48.84,72.66,95.16,19.67
2021-02-17 01:00:00,43.0,69.03,95.63,19.3
2021-02-17 02:00:00,39.0,67.0,95.99,18.86
2021-02-17 03:00:00,42.0,56.0,96.37,18.6
2021-02-17 04:00:00,33.0,56.0,96.48,18.24
2021-02-17 05:00:00,31.0,44.37,96.8,18.06
2021-02-17 06:00:00,19.11,38.68,97.01,17.93
2021-02-17 07:00:00,22.6,39.0,97.04,17.9
2021-02-17 08:00:00,25.39,42.67,97.74,20.2
2021-02-17 09:00:00,18.0,59.0,80.06,25.65
2021-02-17 10:00:00,17.2,96.38,60.56,28.86
2021-02-17 11:00:00,52.0,143.0,50.34,31.16
2021-02-17 12:00:00,44.77,143.83,54.51,31.2
2021-02-17 13:00:00,29.2,117.33,58.4,31.22
2021-02-17 14:00:00,24.82,89.83,60.35,30.78
2021-02-17 15:00:00,4.0,76.0,58.73,30.94
2021-02-17 16:00:00,8.2,79.54,60.34,30.18
2021-02-17 17:00:00,51.0,114.0,66.87,27.87
2021-02-17 18:00:00,66.0,137.0,72.19,26.91
2021-02-17 19:00:00,74.0,137.0,79.87,24.99
2021-02-17 20:00:00,50.0,120.0,87.02,23.02
2021-02-17 21:00:00,66.0,104.0,90.23,22.02
2021-02-17 22:00:00,71.6,98.19,92.37,21.21
2021-02-17 23:00:00,79.0,109.0,92.57,20.59
2021-02-18 00:00:00,76.0,114.29,92.57,20.05
2021-02-18 01:00:00,74.0,110.4,92.83,19.69
2021-02-18 02:00:00,61.89,95.0,92.08,19.45
2021-02-18 03:00:00,61.0,77.0,92.36,19.31
2021-02-18 04:00:00,46.0,73.0,92.94,19.0
2021-02-18 05:00:00,45.0,74.0,93.92,18.8
2021-02-18 06:00:00,48.0,78.63,94.05,18.6
2021-02-18 07:00:00,50.0,82.34,94.34,18.48
2021-02-18 08:00:00,54.0,85.0,93.05,20.12
2021-02-18 09:00:00,85.2,130.68,74.77,26.84
2021-02-18 10:00:00,97.8,197.51,55.35,31.07
2021-02-18 11:00:00,83.34,221.19,45.42,33.71
2021-02-18 12:00:00,59.0,157.0,37.31,35.17
2021-02-18 13:00:00,62.2,160.33,37.45,35.59
2021-02-18 14:00:00,83.4,186.0,49.35,33.73
2021-02-18 15:00:00,93.0,297.0,50.04,33.2
2021-02-18 16:00:00,82.8,243.66,53.7,32.17
2021-02-18 17:00:00,69.94,203.12,60.41,30.4
2021-02-18 18:00:00,72.0,170.22,68.31,28.73
2021-02-18 19:00:00,72.8,151.17,76.0,26.68
2021-02-18 20:00:00,81.0,147.0,78.36,26.24
2021-02-18 21:00:00,57.0,240.0,63.84,26.46
2021-02-18 22:00:00,39.0,138.0,75.31,24.78
2021-02-18 23:00:00,23.8,118.07,89.42,22.44
2021-02-19 00:00:00,20.0,61.0,93.06,21.95
2021-02-19 01:00:00,6.35,48.5,93.64,21.77
2021-02-19 02:00:00,5.42,37.0,94.5,21.47
2021-02-19 03:00:00,19.0,39.5,85.16,21.9
2021-02-19 04:00:00,14.78,44.98,75.05,23.12
2021-02-19 05:00:00,23.0,44.0,68.95,23.58
2021-02-19 06:00:00,29.0,48.0,64.76,24.17
2021-02-19 07:00:00,30.2,46.68,62.8,24.57
2021-02-19 08:00:00,30.2,55.17,60.65,25.65
2021-02-19 09:00:00,36.4,66.17,55.26,27.62
2021-02-19 10:00:00,35.59,76.31,48.57,30.23
2021-02-19 11:00:00,34.2,92.94,43.22,32.02
2021-02-19 12:00:00,29.8,92.69,38.24,33.47
2021-02-19 13:00:00,28.6,78.54,34.64,34.94
2021-02-19 14:00:00,24.2,69.0,32.34,35.75
2021-02-19 15:00:00,21.0,63.0,53.09,31.96
2021-02-19 16:00:00,31.2,80.34,56.05,31.34
2021-02-19 17:00:00,29.97,80.69,59.42,29.63
2021-02-19 18:00:00,41.0,85.0,63.35,28.54
2021-02-19 19:00:00,46.4,93.0,72.3,25.3
2021-02-19 20:00:00,43.6,97.15,79.07,23.9
2021-02-19 21:00:00,41.2,81.33,83.46,22.8
2021-02-19 22:00:00,32.0,72.0,86.47,21.95
2021-02-19 23:00:00,30.4,67.02,88.61,21.26
2021-02-20 00:00:00,37.2,62.68,90.34,20.47
2021-02-20 01:00:00,25.4,60.34,91.47,19.89
2021-02-20 02:00:00,33.0,71.0,92.53,19.06
2021-02-20 03:00:00,43.11,74.97,93.17,18.55
2021-02-20 04:00:00,36.0,68.0,94.21,17.87
2021-02-20 05:00:00,37.61,58.03,94.36,17.93
2021-02-20 06:00:00,32.4,51.37,89.0,19.0
2021-02-20 07:00:00,27.79,53.15,89.07,18.71
2021-02-20 08:00:00,27.0,68.12,74.21,22.81
2021-02-20 09:00:00,56.16,57.06,55.23,27.21
2021-02-20 10:00:00,23.0,46.0,36.25,31.61
2021-02-20 11:00:00,17.0,50.0,34.69,32.97
2021-02-20 12:00:00,24.2,69.17,33.31,33.41
2021-02-20 13:00:00,19.37,66.54,29.86,34.64
2021-02-20 14:00:00,17.0,64.83,27.83,35.47
2021-02-20 15:00:00,9.0,59.0,26.95,35.8
2021-02-20 16:00:00,19.4,54.02,39.52,33.23
2021-02-20 17:00:00,22.0,78.0,61.7,29.63
2021-02-20 18:00:00,22.0,74.0,66.07,28.55
2021-02-20 19:00:00,51.6,108.05,67.37,26.73
2021-02-20 20:00:00,56.0,98.0,81.75,22.83
2021-02-20 21:00:00,37.0,66.0,85.49,21.91
2021-02-20 22:00:00,33.8,65.17,87.38,21.08
2021-02-20 23:00:00,43.44,62.51,81.05,20.94
2021-02-21 00:00:00,40.0,67.0,74.23,21.72
2021-02-21 01:00:00,37.58,63.03,76.25,20.84
2021-02-21 02:00:00,29.6,50.17,75.73,20.36
2021-02-21 03:00:00,32.0,43.85,77.53,20.65
2021-02-21 04:00:00,26.0,38.0,81.63,20.28
2021-02-21 05:00:00,26.6,39.98,81.06,20.05
2021-02-21 06:00:00,37.0,50.0,75.85,21.02
2021-02-21 07:00:00,33.8,70.77,68.56,22.87
2021-02-21 08:00:00,47.0,105.0,53.72,26.91
2021-02-21 09:00:00,49.0,86.0,44.54,30.41
2021-02-21 10:00:00,40.97,71.05,37.39,33.03
2021-02-21 11:00:00,41.4,74.61,35.2,33.99
2021-02-21 12:00:00,35.0,88.0,33.13,35.15
2021-02-21 13:00:00,33.4,90.49,30.61,36.51
2021-02-21 14:00:00,22.6,81.86,28.82,36.9
2021-02-21 15:00:00,16.0,69.0,29.02,36.97
2021-02-21 16:00:00,23.18,111.0,41.4,33.52
2021-02-21 17:00:00,34.6,127.39,50.73,31.67
2021-02-21 18:00:00,44.6,119.47,57.41,29.08
2021-02-21 19:00:00,58.0,104.0,67.54,26.29
2021-02-21 20:00:00,98.0,158.82,75.88,24.16
2021-02-21 21:00:00,44.0,81.0,79.76,23.0
2021-02-21 22:00:00,48.0,79.34,83.43,21.84
2021-02-21 23:00:00,49.6,77.02,84.59,21.24
2021-02-22 00:00:00,46.0,69.0,83.93,20.93
2021-02-22 01:00:00,47.0,75.0,87.4,20.0
2021-02-22 02:00:00,41.4,70.85,88.72,19.66
2021-02-22 03:00:00,44.2,62.73,88.6,19.61
2021-02-22 04:00:00,35.0,56.51,88.31,19.59
2021-02-22 05:00:00,36.8,53.51,88.59,19.63
2021-02-22 06:00:00,36.8,57.63,87.75,19.89
2021-02-22 07:00:00,37.2,61.98,87.53,19.77
2021-02-22 08:00:00,39.6,65.48,74.98,24.52
2021-02-22 09:00:00,67.0,110.0,44.55,32.49
2021-02-22 10:00:00,51.0,87.0,40.01,34.91
2021-02-22 11:00:00,25.0,71.0,35.66,36.2
2021-02-22 12:00:00,17.8,83.42,33.46,36.92
2021-02-22 13:00:00,15.0,88.0,31.89,37.53
2021-02-22 14:00:00,17.0,84.0,37.78,36.57
2021-02-22 15:00:00,17.8,106.35,39.5,36.0
2021-02-22 16:00:00,30.0,101.0,42.95,34.35
2021-02-22 17:00:00,20.4,84.4,49.51,32.28
2021-02-22 18:00:00,23.58,79.68,56.04,31.09
2021-02-22 19:00:00,24.2,92.25,64.6,28.47
2021-02-22 20:00:00,38.4,100.81,74.42,25.78
2021-02-22 21:00:00,40.4,94.53,79.87,24.39
2021-02-22 22:00:00,31.0,78.0,82.66,23.43
2021-02-22 23:00:00,35.0,70.0,84.28,22.4
2021-02-23 00:00:00,25.0,62.0,85.52,21.71
2021-02-23 01:00:00,37.8,59.51,86.03,21.27
2021-02-23 02:00:00,32.6,56.36,86.09,20.97
2021-02-23 03:00:00,29.4,55.64,87.82,20.52
2021-02-23 04:00:00,30.2,55.03,87.72,20.3
2021-02-23 05:00:00,36.8,57.31,89.05,19.79
2021-02-23 06:00:00,44.6,58.83,89.73,19.48
2021-02-23 07:00:00,39.62,72.25,89.75,19.7
2021-02-23 08:00:00,45.2,83.31,83.95,22.66
2021-02-23 09:00:00,65.4,103.27,60.88,28.96
2021-02-23 10:00:00,68.4,131.83,43.79,33.7
2021-02-23 11:00:00,60.0,180.0,33.65,36.23
2021-02-23 12:00:00,47.2,126.19,36.04,36.89
2021-02-23 13:00:00,54.8,163.26,41.77,36.38
2021-02-23 14:00:00,73.0,176.06,39.695,36.785
2021-02-23 15:00:00,65.2,188.86,37.62,37.19
2021-02-23 16:00:00,65.58,186.13,43.51,35.0
2021-02-23 17:00:00,67.0,158.1,57.34,31.96
2021-02-23 18:00:00,77.1,152.66,56.5,30.12
2021-02-23 19:00:00,78.0,153.66,64.72,27.19
2021-02-23 20:00:00,63.8,140.12,75.69,24.88
2021-02-23 21:00:00,58.19,117.8,78.94,23.83
2021-02-23 22:00:00,48.0,99.0,82.97,22.82
2021-02-23 23:00:00,53.6,113.95,83.62,22.26
2021-02-24 00:00:00,44.89,89.94,83.63,21.77
2021-02-24 01:00:00,31.46,60.16,85.5,21.05
2021-02-24 02:00:00,17.43,48.69,85.72,20.81
2021-02-24 03:00:00,31.8,56.3,87.51,20.22
2021-02-24 04:00:00,41.0,65.0,88.81,19.7
2021-02-24 05:00:00,47.0,69.0,89.61,19.48
2021-02-24 06:00:00,38.0,76.0,91.72,19.3
2021-02-24 07:00:00,48.8,93.0,89.69,20.955
2021-02-24 08:00:00,68.0,115.0,87.66,22.61
2021-02-24 09:00:00,75.0,130.0,66.9,29.32
2021-02-24 10:00:00,108.0,261.0,44.72,35.08
2021-02-24 11:00:00,92.4,270.9,39.12,36.39
2021-02-24 12:00:00,51.0,197.0,30.68,37.62
2021-02-24 13:00:00,40.0,158.0,31.16,38.04
2021-02-24 14:00:00,56.0,154.0,36.3,37.3
2021-02-24 15:00:00,52.0,136.0,37.21,36.66
2021-02-24 16:00:00,57.6,136.0,36.23,35.9
2021-02-24 17:00:00,49.0,128.0,41.81,33.43
2021-02-24 18:00:00,62.0,147.0,56.0,30.51
2021-02-24 19:00:00,69.0,144.0,70.51,27.05
2021-02-24 20:00:00,72.0,142.0,77.3,24.37
2021-02-24 21:00:00,42.0,112.0,79.45,23.34
2021-02-24 22:00:00,60.34,120.28,80.31,22.59
2021-02-24 23:00:00,47.0,98.0,79.41,21.95
2021-02-25 00:00:00,42.22,64.0,79.66,21.42
2021-02-25 01:00:00,35.6,60.03,80.94,20.96
2021-02-25 02:00:00,31.0,51.0,83.58,20.12
2021-02-25 03:00:00,33.4,48.51,85.23,19.88
2021-02-25 04:00:00,37.0,58.49,87.6,19.64
2021-02-25 05:00:00,38.0,79.0,88.81,19.33
2021-02-25 06:00:00,43.4,71.73,89.65,18.92
2021-02-25 07:00:00,44.03,65.38,89.56,18.87
2021-02-25 08:00:00,40.4,74.83,81.39,22.55
2021-02-25 09:00:00,42.83,140.91500000000002,58.49,28.125
2021-02-25 10:00:00,57.0,207.0,35.59,33.7
2021-02-25 11:00:00,80.0,229.0,35.09,34.8
2021-02-25 12:00:00,60.5,192.5,36.215,35.75
2021-02-25 13:00:00,41.0,156.0,37.34,36.7
2021-02-25 14:00:00,39.2,148.0,38.23,36.22
2021-02-25 15:00:00,26.84,133.2,39.51,34.84
2021-02-25 16:00:00,36.75,125.75,44.93,34.08
2021-02-25 17:00:00,46.830000000000005,123.61500000000001,49.364999999999995,32.185
2021-02-25 18:00:00,31.4,121.48,53.8,30.29
2021-02-25 19:00:00,37.81,103.195,61.8,27.77
2021-02-25 20:00:00,23.4,84.91,69.8,25.25
2021-02-25 21:00:00,21.0,65.0,77.8,23.23
2021-02-25 22:00:00,21.0,60.02,81.45,22.14
2021-02-25 23:00:00,18.6,59.0,82.2,21.61
2021-02-26 00:00:00,14.0,44.34,83.25,20.73
2021-02-26 01:00:00,4.03,26.24,84.75,19.94
2021-02-26 02:00:00,39.91,15.0,88.58,19.68
2021-02-26 03:00:00,23.0,41.0,90.71,19.61
2021-02-26 04:00:00,48.83,45.5,83.31285714285714,21.585714285714285
2021-02-26 05:00:00,45.0,50.0,75.91571428571429,23.56142857142857
2021-02-26 06:00:00,54.98,54.5,68.51857142857142,25.537142857142854
2021-02-26 07:00:00,59.63,59.0,61.12142857142857,27.512857142857143
2021-02-26 08:00:00,57.28,63.5,53.72428571428571,29.488571428571426
2021-02-26 09:00:00,19.0,68.0,46.32714285714286,31.46428571428571
2021-02-26 10:00:00,38.8,140.11,38.93,33.44
2021-02-26 11:00:00,51.43,177.07,39.24,33.64
2021-02-26 12:00:00,17.8,136.09,35.89,35.45
2021-02-26 13:00:00,7.0,112.0,38.91,36.31
2021-02-26 14:00:00,6.4,109.38,37.52,36.36
2021-02-26 15:00:00,4.81,104.7,34.3,36.44
2021-02-26 16:00:00,14.0,107.0,36.09,33.61
2021-02-26 17:00:00,13.2,92.93,36.02,32.22
2021-02-26 18:00:00,10.0,87.14500000000001,49.53,29.015
2021-02-26 19:00:00,10.8,81.36,63.04,25.81
2021-02-26 20:00:00,36.6,95.78,75.69,23.09
2021-02-26 21:00:00,27.55,75.4,82.15,21.78
2021-02-26 22:00:00,10.62,62.17,88.16,20.74
2021-02-26 23:00:00,5.81,59.52,91.6,20.2
2021-02-27 00:00:00,8.0,61.0,93.97,19.89
2021-02-27 01:00:00,3.22,53.55,94.37,19.55
2021-02-27 02:00:00,37.37,75.93333333333334,88.83666666666667,21.103333333333335
2021-02-27 03:00:00,36.0,98.31666666666666,83.30333333333334,22.656666666666666
2021-02-27 04:00:00,42.0,120.7,77.77000000000001,24.21
2021-02-27 05:00:00,29.21,143.08333333333331,72.23666666666666,25.763333333333335
2021-02-27 06:00:00,21.0,165.46666666666664,66.70333333333333,27.31666666666667
2021-02-27 07:00:00,29.0,187.85000000000002,61.17,28.87
2021-02-27 08:00:00,41.18,210.23333333333335,55.63666666666666,30.423333333333336
2021-02-27 09:00:00,53.36,232.61666666666667,50.10333333333333,31.976666666666667
2021-02-27 10:00:00,1.0,255.0,44.57,33.53
2021-02-27 11:00:00,13.0,187.0,36.58,35.29
2021-02-27 12:00:00,13.0,187.0,40.03,36.5
2021-02-27 13:00:00,47.91,150.0,45.425,35.7
2021-02-27 14:00:00,44.0,113.0,50.82,34.9
2021-02-27 15:00:00,40.02,114.66,45.74,34.44
2021-02-27 16:00:00,41.0,121.0,43.31,34.03
2021-02-27 17:00:00,35.0,105.0,48.91,32.55
2021-02-27 18:00:00,37.0,113.0,59.93,29.93
2021-02-27 19:00:00,41.78,121.28,70.29,26.98
2021-02-27 20:00:00,46.98,99.9,78.88,24.28
2021-02-27 21:00:00,41.6,74.31,83.13,22.9
2021-02-27 22:00:00,42.0,78.0,85.04,21.91
2021-02-27 23:00:00,44.83,82.36,83.97,21.7
2021-02-28 00:00:00,55.0,87.0,85.27,20.55
2021-02-28 01:00:00,47.83,77.89,88.13,20.04
2021-02-28 02:00:00,51.35,76.0,90.64,19.65
2021-02-28 03:00:00,53.22,70.75,92.02,19.3
2021-02-28 04:00:00,40.6,55.0,92.81,18.77
2021-02-28 05:00:00,38.58,53.34,93.0,18.43
2021-02-28 06:00:00,30.43,50.52,92.73,18.08
2021-02-28 07:00:00,23.0,44.0,93.04,18.09
2021-02-28 08:00:00,26.19,57.24,85.93,21.82
2021-02-28 09:00:00,41.27,80.98,62.42,28.84
2021-02-28 10:00:00,65.35,169.81,34.92,36.13
2021-02-28 11:00:00,47.0,177.48,25.46,38.56
2021-02-28 12:00:00,40.86,164.87,31.635,38.085
2021-02-28 13:00:00,54.6,152.26,37.81,37.61
2021-02-28 14:00:00,48.0,135.0,41.42,36.94
2021-02-28 15:00:00,56.77,152.38,40.52,36.62
2021-02-28 16:00:00,77.34,173.0,43.81,34.98
2021-02-28 17:00:00,63.0,148.0,50.88,33.06
2021-02-28 18:00:00,70.17,150.48,57.29,31.19
2021-02-28 19:00:00,83.16,165.03,65.62,28.27
2021-02-28 20:00:00,79.62,139.03,75.4,25.36
2021-02-28 21:00:00,70.0,113.96,79.99,23.67
2021-02-28 22:00:00,61.0,94.0,82.21,22.85
2021-02-28 23:00:00,60.2,92.34,80.24,22.36
2021-03-01 00:00:00,44.85,65.6,80.2,21.34
2021-03-01 01:00:00,31.43,44.27,80.58,21.11
2021-03-01 02:00:00,25.02,37.69,80.79,21.52
2021-03-01 03:00:00,28.78,43.62,83.61,21.14
2021-03-01 04:00:00,36.36,50.81,85.8,20.69
2021-03-01 05:00:00,37.2,54.48,86.5,20.23
2021-03-01 06:00:00,37.0,55.83,88.57,19.34
2021-03-01 07:00:00,41.78,55.17,89.77,19.25
2021-03-01 08:00:00,44.59,59.14,84.97,22.52
2021-03-01 09:00:00,68.92,93.11,58.72,30.59
2021-03-01 10:00:00,90.15,229.13,41.92,35.28
2021-03-01 11:00:00,74.07,210.53,38.4,36.39
2021-03-01 12:00:00,56.25,156.0,38.54,37.47
2021-03-01 13:00:00,60.97,145.2,42.51,37.18
2021-03-01 14:00:00,69.38,147.97,42.6,37.2
2021-03-01 15:00:00,71.0,152.31,41.53,36.88
2021-03-01 16:00:00,70.2,164.59,45.4,35.17
2021-03-01 17:00:00,68.41,191.05,57.75,32.5
2021-03-01 18:00:00,65.61,177.51,66.81,30.26
2021-03-01 19:00:00,73.0,178.65,76.98,27.23
2021-03-01 20:00:00,68.6,149.27,83.48,24.99
2021-03-01 21:00:00,65.41,126.39,87.64,23.66
2021-03-01 22:00:00,63.41,123.0,90.44,22.8
2021-03-01 23:00:00,74.16,129.62,90.86,22.04
2021-03-02 00:00:00,110.26,144.6909090909091,84.7575,23.43
2021-03-02 01:00:00,113.76,159.76181818181817,78.655,24.82
2021-03-02 02:00:00,87.42,174.83272727272725,72.5525,26.21
2021-03-02 03:00:00,80.46,189.90363636363637,66.45,27.599999999999998
2021-03-02 04:00:00,72.76,204.97454545454545,60.3475,28.99
2021-03-02 05:00:00,72.0,220.04545454545453,54.245,30.38
2021-03-02 06:00:00,69.28,235.11636363636364,48.1425,31.769999999999996
2021-03-02 07:00:00,97.34,250.18727272727273,42.04,33.16
2021-03-02 08:00:00,131.5,265.2581818181818,35.9375,34.55
2021-03-02 09:00:00,120.39,280.3290909090909,29.835,35.94
2021-03-02 10:00:00,90.06,295.4,23.7325,37.33
2021-03-02 11:00:00,55.78,190.03,17.63,38.72
2021-03-02 12:00:00,27.0,155.015,26.83,38.91
2021-03-02 13:00:00,29.0,120.0,36.08,36.94
2021-03-02 14:00:00,32.18,122.47,31.37,37.04
2021-03-02 15:00:00,40.15,135.38,35.05,35.59
2021-03-02 16:00:00,36.42,129.75,41.59,34.41
2021-03-02 17:00:00,32.62,122.22,47.71,32.2
2021-03-02 18:00:00,43.96,139.21,48.25,30.3
2021-03-02 19:00:00,50.19,139.69,51.11,27.81
2021-03-02 20:00:00,41.43,109.1,63.7,24.28
2021-03-02 21:00:00,42.19,88.93,71.51,21.96
2021-03-02 22:00:00,35.03,76.07,73.75,20.56
2021-03-02 23:00:00,37.78,78.97,71.25,19.51
2021-03-03 00:00:00,33.11,58.55,68.82,18.82
2021-03-03 01:00:00,27.41,42.86,69.35,17.98
2021-03-03 02:00:00,23.02,34.55,72.37,17.38
2021-03-03 03:00:00,30.0,48.162499999999994,76.45,16.98
2021-03-03 04:00:00,37.97,61.775,79.33,16.69
2021-03-03 05:00:00,39.41,75.3875,80.91,16.48
2021-03-03 06:00:00,35.02,89.0,82.69,16.42
2021-03-03 07:00:00,35.7,91.0,83.42,16.43
2021-03-03 08:00:00,36.0,93.0,73.06,21.68
2021-03-03 09:00:00,47.0,95.0,39.56,33.07
2021-03-03 10:00:00,64.08,97.0,33.47,34.94
2021-03-03 11:00:00,101.47,99.0,20.34,39.05
2021-03-03 12:00:00,30.0,101.0,19.41,40.43
2021-03-03 13:00:00,52.32,153.15,34.37,39.15
2021-03-03 14:00:00,71.67,178.42,39.4,38.31
2021-03-03 15:00:00,80.41,181.41,34.4,37.7
2021-03-03 16:00:00,76.0,177.0,37.76,37.74
2021-03-03 17:00:00,81.35,184.87,53.19,33.11
2021-03-03 18:00:00,79.65,189.66,63.36,29.99
2021-03-03 19:00:00,64.04,176.75,71.28,27.9
2021-03-03 20:00:00,60.2,149.17,80.83,25.38
2021-03-03 21:00:00,108.46,161.32,86.46,23.84
2021-03-03 22:00:00,118.65,153.86,89.22,22.75
2021-03-03 23:00:00,103.33,134.35,90.72,21.9
2021-03-04 00:00:00,119.32,156.25,90.28,21.08
2021-03-04 01:00:00,131.42,167.12,90.48,20.19
2021-03-04 02:00:00,112.34,154.18,91.38,19.57
2021-03-04 03:00:00,95.84,120.13,92.32,19.09
2021-03-04 04:00:00,95.39,120.97,92.01,18.57
2021-03-04 05:00:00,81.0,106.0,91.31,18.13
2021-03-04 06:00:00,78.61,102.69,91.96,17.65
2021-03-04 07:00:00,72.65,98.06,91.31,17.66
2021-03-04 08:00:00,64.25,99.28,86.48,20.65
2021-03-04 09:00:00,71.33,119.15,62.35,30.21
2021-03-04 10:00:00,99.56,255.42,39.05,35.86
2021-03-04 11:00:00,113.0,316.0,18.61,39.54
2021-03-04 12:00:00,51.03,141.1,12.85,41.27
2021-03-04 13:00:00,26.75,76.47,12.05,41.7
2021-03-04 14:00:00,49.6,117.46,28.98,38.59
2021-03-04 15:00:00,53.0,140.59,27.77,37.82
2021-03-04 16:00:00,61.57,143.0,29.81,36.67
2021-03-04 17:00:00,65.19,150.87,47.06,33.46
2021-03-04 18:00:00,78.0,175.0,63.36,29.73
2021-03-04 19:00:00,94.49,193.2,71.72,27.45
2021-03-04 20:00:00,99.0,178.0,78.37,24.71
2021-03-04 21:00:00,88.3,143.55,81.37,23.45
2021-03-04 22:00:00,80.0,124.0,81.09,22.1
2021-03-04 23:00:00,75.23,108.33,81.09,20.88
2021-03-05 00:00:00,67.0,92.0,78.77,19.95
2021-03-05 01:00:00,58.0,85.0,79.15,19.48
2021-03-05 02:00:00,50.0,74.0,78.27,18.86
2021-03-05 03:00:00,45.0,58.0,78.38,18.44
2021-03-05 04:00:00,40.29,54.75,80.34,18.11
2021-03-05 05:00:00,50.55,59.62,81.99,17.85
2021-03-05 06:00:00,56.97,72.7,84.98,17.56
2021-03-05 07:00:00,65.0,86.0,85.41,17.78
2021-03-05 08:00:00,53.88,86.0,78.98,21.92
2021-03-05 09:00:00,53.39,98.42,55.79,31.25
2021-03-05 10:00:00,99.94,265.45,25.71,37.31
2021-03-05 11:00:00,115.57,287.11,17.98,38.78
2021-03-05 12:00:00,58.27,188.4,23.9,39.25
2021-03-05 13:00:00,69.18,187.7,29.36,38.44
2021-03-05 14:00:00,54.0,134.0,35.95,37.5
2021-03-05 15:00:00,46.94,138.55,35.48,37.38
2021-03-05 16:00:00,46.78,160.04,39.29,36.11
2021-03-05 17:00:00,48.59,141.71,45.69,33.66
2021-03-05 18:00:00,53.0,126.0,53.79,30.56
2021-03-05 19:00:00,48.88,120.75,64.51,27.36
2021-03-05 20:00:00,44.41,112.22,74.93,24.62
2021-03-05 21:00:00,44.8,91.0,79.82,23.13
2021-03-05 22:00:00,60.95,98.59,79.05,22.29
2021-03-05 23:00:00,70.0,108.0,77.88,21.12
2021-03-06 00:00:00,67.0,107.0,77.66,20.57
2021-03-06 01:00:00,65.41,102.05,80.31,20.62
2021-03-06 02:00:00,67.39,98.52,83.33,20.46
2021-03-06 03:00:00,67.11,98.0,86.63,20.36
2021-03-06 04:00:00,62.41,97.34,91.09,20.59
2021-03-06 05:00:00,56.0,77.0,93.09,20.7
2021-03-06 06:00:00,50.42,71.2,93.56,20.37
2021-03-06 07:00:00,49.0,70.66,93.93,20.23
2021-03-06 08:00:00,49.0,78.42,89.42,23.89
2021-03-06 09:00:00,61.71,100.67,74.15,30.7
2021-03-06 10:00:00,87.32,181.16,55.82,34.38
2021-03-06 11:00:00,99.54,270.45,56.27,34.82
2021-03-06 12:00:00,118.0,240.0,62.7,34.46
2021-03-06 13:00:00,96.0,201.0,59.58,34.97
2021-03-06 14:00:00,82.5,172.95,57.92,34.99
2021-03-06 15:00:00,72.62,171.14,49.37,35.06
2021-03-06 16:00:00,42.0,147.0,53.67,33.92
2021-03-06 17:00:00,35.62,125.48,61.18,31.41
2021-03-06 18:00:00,32.84,112.5,62.84,29.94
2021-03-06 19:00:00,28.0,102.0,77.18,26.53
2021-03-06 20:00:00,31.0,86.0,86.25,24.12
2021-03-06 21:00:00,39.74,81.88,89.18,23.21
2021-03-06 22:00:00,41.2,71.1,91.6,22.64
2021-03-06 23:00:00,35.11,68.34,91.05,21.77
2021-03-07 00:00:00,31.0,63.45,90.56,21.05
2021-03-07 01:00:00,35.12,63.6,88.82,20.26
2021-03-07 02:00:00,36.23,63.05,88.18,19.41
2021-03-07 03:00:00,38.97,66.12,88.31,18.58
2021-03-07 04:00:00,29.0,52.0,88.61,17.73
2021-03-07 05:00:00,24.88,46.77,87.95,17.56
2021-03-07 06:00:00,24.95,46.6,90.0,17.45
2021-03-07 07:00:00,30.97,57.08,89.84,18.1
2021-03-07 08:00:00,33.0,68.0,84.13,21.62
2021-03-07 09:00:00,46.0,123.0,42.97,33.18
2021-03-07 10:00:00,57.0,308.0,38.78,34.46
2021-03-07 11:00:00,58.78,237.2,36.9,34.95
2021-03-07 12:00:00,52.85,160.4,30.56,37.04
2021-03-07 13:00:00,39.05,122.2,34.32,37.25
2021-03-07 14:00:00,30.44,87.89,28.02,37.55
2021-03-07 15:00:00,29.0,95.2,30.31,37.01
2021-03-07 16:00:00,18.0,81.0,32.88,34.58
2021-03-07 17:00:00,18.59,100.5,38.3,32.71
2021-03-07 18:00:00,18.0,87.0,56.5,28.98
2021-03-07 19:00:00,19.0,85.0,69.79,25.97
2021-03-07 20:00:00,29.37,85.0,77.62,23.59
2021-03-07 21:00:00,40.84,82.38,81.26,21.88
2021-03-07 22:00:00,38.0,67.0,82.66,20.31
2021-03-07 23:00:00,29.0,59.0,82.19,19.3
2021-03-08 00:00:00,26.62,57.34,80.43,18.92
2021-03-08 01:00:00,30.12,56.35,81.64,18.28
2021-03-08 02:00:00,24.26,43.67,80.5,17.76
2021-03-08 03:00:00,18.46,39.69,79.66,17.38
2021-03-08 04:00:00,15.2,34.0,79.09,17.12
2021-03-08 05:00:00,16.24,35.8,79.38,16.9
2021-03-08 06:00:00,20.0,38.0,82.07,16.53
2021-03-08 07:00:00,20.8,35.52,82.14,17.29
2021-03-08 08:00:00,24.18,38.3,77.19,20.77
2021-03-08 09:00:00,45.73,83.7,52.45,29.07
2021-03-08 10:00:00,63.71,172.47,36.69,33.69
2021-03-08 11:00:00,65.41,188.18,37.52,35.14
2021-03-08 12:00:00,67.94,181.47,35.15,36.61
2021-03-08 13:00:00,43.71,130.15,42.56,37.05
2021-03-08 14:00:00,34.64,97.0,48.45,36.56
2021-03-08 15:00:00,40.15,99.47,47.98,35.48
2021-03-08 16:00:00,30.22,92.2,54.46,34.22
2021-03-08 17:00:00,22.0,86.7,57.53,32.28
2021-03-08 18:00:00,22.59,92.5,66.87,30.13
2021-03-08 19:00:00,31.73,101.78,75.41,28.07
2021-03-08 20:00:00,34.0,101.0,85.93,24.61
2021-03-08 21:00:00,36.36,91.82,88.34,23.52
2021-03-08 22:00:00,38.8,76.24,90.65,22.15
2021-03-08 23:00:00,39.0,66.58,91.19,21.28
2021-03-09 00:00:00,35.03,65.83,92.04,20.89
2021-03-09 01:00:00,35.59,68.48,93.59,20.91
2021-03-09 02:00:00,30.44,60.0,94.89,20.93
2021-03-09 03:00:00,27.17,52.5,95.305,20.535
2021-03-09 04:00:00,21.0,45.0,95.72,20.14
2021-03-09 05:00:00,21.0,45.0,95.66,19.71
2021-03-09 06:00:00,18.05,46.95,95.84,19.19
2021-03-09 07:00:00,19.0,47.0,95.7,19.14
2021-03-09 08:00:00,30.92,58.57,90.34,22.17
2021-03-09 09:00:00,46.71,90.7,63.66,29.74
2021-03-09 10:00:00,52.95,137.3,45.35,34.25
2021-03-09 11:00:00,55.0,218.15,36.69,35.69
2021-03-09 12:00:00,72.0,216.0,31.23,37.64
2021-03-09 13:00:00,65.64,195.85,40.67,36.51
2021-03-09 14:00:00,61.64,157.7,37.27,36.62
2021-03-09 15:00:00,55.23,148.8,38.67,36.64
2021-03-09 16:00:00,58.71,148.7,41.2,35.88
2021-03-09 17:00:00,57.23,152.97,45.37,33.99
2021-03-09 18:00:00,59.18,169.68,53.49,31.67
2021-03-09 19:00:00,60.0,171.0,67.96,27.04
2021-03-09 20:00:00,61.77,147.6,74.33,25.26
2021-03-09 21:00:00,61.81,116.15,78.44,23.7
2021-03-09 22:00:00,61.0,104.44,79.66,22.78
2021-03-09 23:00:00,71.33,110.9,79.5,21.54
2021-03-10 00:00:00,69.91,105.24,79.19,21.08
2021-03-10 01:00:00,65.41,93.55,79.73,20.52
2021-03-10 02:00:00,61.03,92.0,81.88,20.3
2021-03-10 03:00:00,58.41,87.88,85.57,20.15
2021-03-10 04:00:00,56.82,84.4,89.99,19.94
2021-03-10 05:00:00,45.69,70.62,92.56,19.82
2021-03-10 06:00:00,31.0,52.0,93.35,19.61
2021-03-10 07:00:00,26.23,47.88,92.86,19.87
2021-03-10 08:00:00,25.59,53.5,87.84,21.88
2021-03-10 09:00:00,35.0,72.0,57.91,30.8
2021-03-10 10:00:00,61.31,178.43,42.99,35.02
2021-03-10 11:00:00,70.94,224.0,35.45,36.11
2021-03-10 12:00:00,71.0,195.0,40.32,37.1
2021-03-10 13:00:00,64.67,171.85,46.55,36.5
2021-03-10 14:00:00,41.55,117.5,49.11,36.11
2021-03-10 15:00:00,37.0,107.0,48.07,35.52
2021-03-10 16:00:00,44.17,121.03,50.74,34.39
2021-03-10 17:00:00,42.82,120.7,59.91,31.72
2021-03-10 18:00:00,47.89,144.7,65.97,30.27
2021-03-10 19:00:00,60.74,153.05,72.92,28.24
2021-03-10 20:00:00,53.0,127.0,82.56,24.92
2021-03-10 21:00:00,63.33,117.92,84.72,23.91
2021-03-10 22:00:00,64.82,101.7,85.23,22.91
2021-03-10 23:00:00,66.94,102.45,86.31,21.95
2021-03-11 00:00:00,63.46,102.86,88.89,21.26
2021-03-11 01:00:00,67.89,105.25,90.49,20.94
2021-03-11 02:00:00,73.77,109.4,90.76,21.09
2021-03-11 03:00:00,69.46,100.15,91.47,21.52
2021-03-11 04:00:00,60.94,85.95,93.54,21.12
2021-03-11 05:00:00,50.44,70.1,94.58,20.4
2021-03-11 06:00:00,39.58,58.25,93.21,19.3
2021-03-11 07:00:00,25.94,54.95,90.04,19.23
2021-03-11 08:00:00,17.82,59.3,81.51,22.58
2021-03-11 09:00:00,64.67,115.16,61.61,30.15
2021-03-11 10:00:00,71.11,173.8,59.24,31.98
2021-03-11 11:00:00,52.86,159.35,52.19,34.0
2021-03-11 12:00:00,43.0,110.0,55.33,33.75
2021-03-11 13:00:00,34.0,104.24,58.47,33.5
2021-03-11 14:00:00,26.05,98.05,55.3,33.64
2021-03-11 15:00:00,23.21,104.42,50.99,33.92
2021-03-11 16:00:00,21.42,103.53,56.07,32.71
2021-03-11 17:00:00,24.96,112.9,63.69,30.57
2021-03-11 18:00:00,27.0,115.0,75.63,28.79
2021-03-11 19:00:00,28.59,109.22,81.63,27.83
2021-03-11 20:00:00,31.0,95.0,84.97,26.61
2021-03-11 21:00:00,36.0,88.0,89.9,24.27
2021-03-11 22:00:00,32.04,73.62,91.77,23.34
2021-03-11 23:00:00,27.84,57.2,93.21,22.01
2021-03-12 00:00:00,24.62,54.65,91.42,21.94
2021-03-12 01:00:00,25.0,57.0,89.72,21.51
2021-03-12 02:00:00,23.41,46.27,87.52,20.84
2021-03-12 03:00:00,19.46,41.4,86.84,20.51
2021-03-12 04:00:00,14.0,30.0,90.57,19.8
2021-03-12 05:00:00,17.0,35.0,93.02,19.55
2021-03-12 06:00:00,16.21,30.05,94.58,19.47
2021-03-12 07:00:00,14.42,33.95,95.45,20.34
2021-03-12 08:00:00,19.87,48.65,91.91,23.41
2021-03-12 09:00:00,36.0,75.0,69.995,27.955
2021-03-12 10:00:00,37.59,128.0,48.08,32.5
2021-03-12 11:00:00,52.3,155.0,39.885,34.275
2021-03-12 12:00:00,63.0,182.0,31.69,36.05
2021-03-12 13:00:00,42.42,133.32,50.34,35.23
2021-03-12 14:00:00,38.19,115.85,51.41,34.7
2021-03-12 15:00:00,27.88,101.28,52.56,34.81
2021-03-12 16:00:00,28.5,120.45,51.93,34.73
2021-03-12 17:00:00,40.0,128.0,59.03,32.01
2021-03-12 18:00:00,33.0,122.0,60.23,30.44
2021-03-12 19:00:00,39.0,134.0,65.7,27.48
2021-03-12 20:00:00,39.8,118.4,71.66,25.4
2021-03-12 21:00:00,33.0,69.0,75.81,22.78
2021-03-12 22:00:00,41.0,86.0,80.37,21.44
2021-03-12 23:00:00,49.74,87.65,82.02,20.98
2021-03-13 00:00:00,59.92,98.69,83.66,20.43
2021-03-13 01:00:00,69.15,105.12,85.44,20.4
2021-03-13 02:00:00,59.88,96.1,87.17,20.59
2021-03-13 03:00:00,64.06,106.35,90.28,20.4
2021-03-13 04:00:00,74.0,107.0,93.49,20.21
2021-03-13 05:00:00,71.0,101.0,94.44,19.89
2021-03-13 06:00:00,71.79,95.22,94.78,19.5
2021-03-13 07:00:00,73.0,101.0,95.31,19.69
2021-03-13 08:00:00,81.71,113.33,87.88,24.02
2021-03-13 09:00:00,99.09,204.28,58.19,30.91
2021-03-13 10:00:00,94.25,241.3,38.93,34.6
2021-03-13 11:00:00,65.68,204.05,22.91,37.95
2021-03-13 12:00:00,56.04,166.78,19.7,39.19
2021-03-13 13:00:00,37.0,130.0,17.41,40.49
2021-03-13 14:00:00,40.33,139.65,24.905,39.650000000000006
2021-03-13 15:00:00,45.98,149.3,32.4,38.81
2021-03-13 16:00:00,64.0,181.0,36.27,35.73
2021-03-13 17:00:00,67.18,181.0,55.28,32.34
2021-03-13 18:00:00,77.0,198.0,63.6,30.62
2021-03-13 19:00:00,75.84,193.45,63.89,29.63
2021-03-13 20:00:00,84.31,183.575,68.31,27.875
2021-03-13 21:00:00,73.59,173.7,72.73,26.12
2021-03-13 22:00:00,70.83,148.33,78.34,23.66
2021-03-13 23:00:00,67.83,137.51,78.62,22.63
2021-03-14 00:00:00,61.09,120.78,76.45,21.49
2021-03-14 01:00:00,71.92,116.53,77.21,20.48
2021-03-14 02:00:00,77.17,120.94,79.81,20.05
2021-03-14 03:00:00,70.96,121.35,81.82,19.81
2021-03-14 04:00:00,67.78,118.98,83.7,19.68
2021-03-14 05:00:00,67.29,104.92,84.55,19.61
2021-03-14 06:00:00,59.14,101.05,84.15,19.74
2021-03-14 07:00:00,63.74,109.9,84.11,20.47
2021-03-14 08:00:00,72.0,148.0,73.58,25.17
2021-03-14 09:00:00,68.03,152.12,44.58,31.36
2021-03-14 10:00:00,76.5,223.12,32.78,34.12
2021-03-14 11:00:00,80.58,267.7,29.87,36.43
2021-03-14 12:00:00,74.0,264.0,39.7,36.64
2021-03-14 13:00:00,70.0,236.0,35.45,36.39
2021-03-14 14:00:00,68.84,211.3,36.53,36.57
2021-03-14 15:00:00,68.0,217.73,34.69,36.52
2021-03-14 16:00:00,48.0,190.0,38.31,35.35
2021-03-14 17:00:00,49.16,189.35,48.47,33.4
2021-03-14 18:00:00,68.09,196.075,56.18,31.134999999999998
2021-03-14 19:00:00,66.0,202.8,63.89,28.87
2021-03-14 20:00:00,69.17,174.91,74.66,25.69
2021-03-14 21:00:00,68.42,143.78,77.82,24.36
2021-03-14 22:00:00,69.77,139.94,79.54,23.77
2021-03-14 23:00:00,77.0,140.0,73.91,23.77
2021-03-15 00:00:00,69.9,128.49,73.61,23.18
2021-03-15 01:00:00,56.0,90.0,74.49,21.64
2021-03-15 02:00:00,48.88,79.28,74.18,21.37
2021-03-15 03:00:00,56.5,90.0,78.1,20.62
2021-03-15 04:00:00,60.0,97.0,81.07,20.17
2021-03-15 05:00:00,60.47,97.29,84.98,19.98
2021-03-15 06:00:00,63.0,95.41,88.31,19.96
2021-03-15 07:00:00,64.0,98.0,88.06,20.45
2021-03-15 08:00:00,64.0,110.0,80.6,23.48
2021-03-15 09:00:00,69.0,150.0,52.99,31.77
2021-03-15 10:00:00,69.0,252.3,40.54,34.57
2021-03-15 11:00:00,75.41,277.22,35.16,36.15
2021-03-15 12:00:00,71.0,266.0,37.27,37.25
2021-03-15 13:00:00,64.04,226.35,33.58,36.79
2021-03-15 14:00:00,63.0,196.0,33.45,36.56
2021-03-15 15:00:00,61.41,189.42,38.78,36.19
2021-03-15 16:00:00,66.54,179.75,37.89,35.95
2021-03-15 17:00:00,56.34,168.98,40.29,34.17
2021-03-15 18:00:00,46.84,171.74,39.68,32.61
2021-03-15 19:00:00,46.71,177.2,43.42,30.74
2021-03-15 20:00:00,57.0,167.0,61.38,25.41
2021-03-15 21:00:00,68.08,148.85,64.0,24.18
2021-03-15 22:00:00,41.0,98.0,64.595,23.259999999999998
2021-03-15 23:00:00,37.53,80.97,65.19,22.34
2021-03-16 00:00:00,32.62,72.82,64.36,21.66
2021-03-16 01:00:00,41.5,74.65,66.61,20.93
2021-03-16 02:00:00,47.5,77.6,69.56,20.35
2021-03-16 03:00:00,55.56,91.38,72.26,19.94
2021-03-16 04:00:00,55.42,95.65,75.66,19.51
2021-03-16 05:00:00,47.0,82.0,80.53,19.05
2021-03-16 06:00:00,41.46,82.0,81.22,18.86
2021-03-16 07:00:00,36.47,75.56,79.68,19.36
2021-03-16 08:00:00,27.0,91.0,66.38,26.05
2021-03-16 09:00:00,35.16,181.87,49.28,30.55
2021-03-16 10:00:00,56.0,250.0,31.25,35.23
2021-03-16 11:00:00,68.62,240.93,33.1,36.23
2021-03-16 12:00:00,60.34,205.85,37.77,36.67
2021-03-16 13:00:00,48.83,178.17,41.75,36.75
2021-03-16 14:00:00,52.0,181.0,39.0,36.95
2021-03-16 15:00:00,62.29,203.28,36.17,36.57
2021-03-16 16:00:00,47.58,205.53,37.06,36.33
2021-03-16 17:00:00,40.63,180.0,42.8,33.84
2021-03-16 18:00:00,39.2,181.65,44.26,32.25
2021-03-16 19:00:00,40.73,200.75,49.82,29.49
2021-03-16 20:00:00,42.0,162.42,59.86,26.19
2021-03-16 21:00:00,43.59,127.33,66.49,24.21
2021-03-16 22:00:00,43.21,117.05,69.53,22.96
2021-03-16 23:00:00,66.56,136.62,66.72,22.29
2021-03-17 00:00:00,74.3,132.53,64.41,22.06
2021-03-17 01:00:00,61.0,107.0,72.72,21.42
2021-03-17 02:00:00,43.0,92.0,76.66,21.46
2021-03-17 03:00:00,41.42,92.0,83.46,21.02
2021-03-17 04:00:00,40.41,85.5,88.34,20.8
2021-03-17 05:00:00,42.0,86.0,88.76,20.47
2021-03-17 06:00:00,39.62,85.17,85.02,19.81
2021-03-17 07:00:00,37.0,96.0,82.6,20.08
2021-03-17 08:00:00,40.16,101.75,73.0,24.1
2021-03-17 09:00:00,49.75,129.65,54.44,31.07
2021-03-17 10:00:00,61.54,212.34,35.75,35.15
2021-03-17 11:00:00,65.31,258.2,29.34,36.92
2021-03-17 12:00:00,65.0,266.0,31.78,38.77
2021-03-17 13:00:00,59.0,209.0,39.74,37.15
2021-03-17 14:00:00,52.0,172.0,37.405,36.92
2021-03-17 15:00:00,49.0,188.0,35.07,36.69
2021-03-17 16:00:00,54.0,197.0,41.29,35.62
2021-03-17 17:00:00,44.0,183.0,48.62,33.92
2021-03-17 18:00:00,69.0,197.0,49.41,32.62
2021-03-17 19:00:00,76.92,224.95,59.27,30.0
2021-03-17 20:00:00,80.75,207.72,66.18,27.92
2021-03-17 21:00:00,93.0,178.36,71.33000000000001,26.045
2021-03-17 22:00:00,80.0,149.0,76.48,24.17
2021-03-17 23:00:00,78.0,135.0,73.05,23.22
2021-03-18 00:00:00,70.9,117.79,72.76,22.67
2021-03-18 01:00:00,59.09,101.0,73.9,22.3
2021-03-18 02:00:00,51.21,94.0,77.8,21.88
2021-03-18 03:00:00,63.0,116.0,82.75,21.48
2021-03-18 04:00:00,51.92,100.38,85.85,21.55
2021-03-18 05:00:00,51.38,89.6,87.16,21.49
2021-03-18 06:00:00,38.08,75.65,85.58,20.95
2021-03-18 07:00:00,32.0,72.0,83.57,21.39
2021-03-18 08:00:00,28.84,86.8,77.47,24.58
2021-03-18 09:00:00,58.0,113.0,46.95,33.23
2021-03-18 10:00:00,60.31,161.98,38.66,35.12
2021-03-18 11:00:00,62.59,212.2,36.25,35.95
2021-03-18 12:00:00,44.0,199.0,41.02,36.4
2021-03-18 13:00:00,54.0,196.0,44.47,36.23
2021-03-18 14:00:00,48.46,161.35,46.8,35.89
2021-03-18 15:00:00,47.0,172.05,48.52,35.35
2021-03-18 16:00:00,64.0,183.29,52.27,35.27
2021-03-18 17:00:00,56.33,162.64499999999998,61.245000000000005,32.46
2021-03-18 18:00:00,43.0,142.0,70.22,29.65
2021-03-18 19:00:00,42.0,135.0,71.73,28.02
2021-03-18 20:00:00,45.95,135.0,77.07,26.16
2021-03-18 21:00:00,50.17,116.85,82.52,24.52
2021-03-18 22:00:00,55.0,102.0,86.21,23.39
2021-03-18 23:00:00,57.31,102.65,87.44,22.9
2021-03-19 00:00:00,60.16,103.0,90.11,22.49
2021-03-19 01:00:00,67.0,92.0,92.39,22.2
2021-03-19 02:00:00,62.0,86.0,92.84,21.66
2021-03-19 03:00:00,53.25,78.27,92.8,21.27
2021-03-19 04:00:00,42.0,80.0,92.72,20.88
2021-03-19 05:00:00,39.62,90.69,93.56,20.55
2021-03-19 06:00:00,41.89,109.0,94.14,20.31
2021-03-19 07:00:00,40.0,118.0,94.28,20.9
2021-03-19 08:00:00,38.84,115.98,92.69,22.41
2021-03-19 09:00:00,42.0,148.0,48.31,31.89
2021-03-19 10:00:00,36.0,197.0,36.66,34.85
2021-03-19 11:00:00,36.0,195.5,41.29,34.93
2021-03-19 12:00:00,38.0,194.0,46.89,34.9
2021-03-19 13:00:00,44.94,200.44,44.17,34.38
2021-03-19 14:00:00,46.53,191.75,40.65,34.75
2021-03-19 15:00:00,38.8,186.29,36.55,35.45
2021-03-19 16:00:00,35.0,183.12,37.8,34.2
2021-03-19 17:00:00,30.25,186.75,43.86,32.4
2021-03-19 18:00:00,34.84,184.53,54.28,31.07
2021-03-19 19:00:00,41.37,201.78,69.1,28.77
2021-03-19 20:00:00,41.0,193.0,77.245,26.415
2021-03-19 21:00:00,44.95,171.62,85.39,24.06
2021-03-19 22:00:00,43.66,145.55,88.23,23.25
2021-03-19 23:00:00,44.31,124.98,90.97,22.66
2021-03-20 00:00:00,42.56,115.52,92.41,22.27
2021-03-20 01:00:00,39.0,101.0,93.87,21.86
2021-03-20 02:00:00,32.0,94.0,94.72,21.57
2021-03-20 03:00:00,31.21,91.53,95.02,21.44
2021-03-20 04:00:00,27.84,91.0,95.28,21.22
2021-03-20 05:00:00,29.0,91.0,95.72,20.93
2021-03-20 06:00:00,22.69,92.64,95.93,20.76
2021-03-20 07:00:00,22.58,127.712,86.132,23.244
2021-03-20 08:00:00,26.17,162.784,76.334,25.728
2021-03-20 09:00:00,53.0,197.856,66.536,28.212
2021-03-20 10:00:00,33.0,232.928,56.738,30.695999999999998
2021-03-20 11:00:00,33.0,268.0,46.94,33.18
2021-03-20 12:00:00,33.0,266.0,47.05,33.91
2021-03-20 13:00:00,36.0,288.0,45.76,34.66
2021-03-20 14:00:00,33.69,292.51,43.58,34.59
2021-03-20 15:00:00,35.0,297.0,40.95,33.74
2021-03-20 16:00:00,28.67,238.62,41.65,33.65
2021-03-20 17:00:00,52.52,226.935,51.7,31.72
2021-03-20 18:00:00,25.62,215.25,61.75,29.79
2021-03-20 19:00:00,26.58,211.53,73.51,27.41
2021-03-20 20:00:00,32.0,194.0,81.61,24.91
2021-03-20 21:00:00,31.21,159.47,85.16,24.25
2021-03-20 22:00:00,31.58,142.33,88.59,23.6
2021-03-20 23:00:00,28.0,114.0,91.87,22.96
2021-03-21 00:00:00,28.57,113.44,92.82,22.78
2021-03-21 01:00:00,26.64,100.4,93.37,22.11
2021-03-21 02:00:00,26.58,85.78,94.47,21.59
2021-03-21 03:00:00,26.84,83.12,95.05,21.37
2021-03-21 04:00:00,26.0,84.0,95.78,20.99
2021-03-21 05:00:00,27.0,82.0,96.12,20.91
2021-03-21 06:00:00,44.06,93.31666666666666,94.52666666666667,22.176666666666666
2021-03-21 07:00:00,53.45,104.63333333333334,92.93333333333334,23.443333333333335
2021-03-21 08:00:00,33.12,115.95,91.34,24.71
2021-03-21 09:00:00,44.5,135.98,75.43,29.69
2021-03-21 10:00:00,53.0,233.0,58.58500000000001,32.02
2021-03-21 11:00:00,45.9,223.13,41.74,34.35
2021-03-21 12:00:00,44.0,201.0,41.86,35.62
2021-03-21 13:00:00,44.0,200.18,41.72,35.98
2021-03-21 14:00:00,45.58,204.92,38.87,36.47
2021-03-21 15:00:00,50.06,200.2,37.5,36.67
2021-03-21 16:00:00,56.5,201.51,41.23,35.47
2021-03-21 17:00:00,57.0,194.0,53.8,32.39
2021-03-21 18:00:00,49.08,194.82,63.98,30.63
2021-03-21 19:00:00,44.11,178.89,74.08,28.6
2021-03-21 20:00:00,34.9,145.0,82.84,25.7
2021-03-21 21:00:00,35.37,130.25,87.31,24.56
2021-03-21 22:00:00,42.33,125.35,88.63,23.66
2021-03-21 23:00:00,39.25,107.71,87.61,22.98
2021-03-22 00:00:00,34.07,100.71,89.91,22.02
2021-03-22 01:00:00,35.31,94.2,91.75,21.62
2021-03-22 02:00:00,37.79,92.64,93.8,21.48
2021-03-22 03:00:00,38.0,92.13,94.19,21.64
2021-03-22 04:00:00,36.42,87.53,95.2,21.51
2021-03-22 05:00:00,36.79,86.18,95.76,21.33
2021-03-22 06:00:00,36.0,86.0,96.53,20.97
2021-03-22 07:00:00,38.0,85.0,96.53,21.89
2021-03-22 08:00:00,38.0,84.18,93.28,25.35
2021-03-22 09:00:00,46.71,117.71,68.99,30.89
2021-03-22 10:00:00,39.0,161.0,55.92,33.75
2021-03-22 11:00:00,48.47,181.56,44.04,35.62
2021-03-22 12:00:00,59.66,220.8,43.34,36.86
2021-03-22 13:00:00,51.75,189.84,47.47,36.57
2021-03-22 14:00:00,48.78,169.56,46.32,36.45
2021-03-22 15:00:00,53.0,150.12,42.63,36.86
2021-03-22 16:00:00,53.79,162.83,42.8,35.6
2021-03-22 17:00:00,38.0,139.0,53.62,32.55
2021-03-22 18:00:00,34.53,140.94,67.23,31.12
2021-03-22 19:00:00,32.79,146.1,78.9,28.87
2021-03-22 20:00:00,33.0,138.69,82.56,27.5
2021-03-22 21:00:00,37.73,125.81,86.67,25.8
2021-03-22 22:00:00,39.0,114.95,88.78,24.95
2021-03-22 23:00:00,43.62,107.2,89.13,24.34
2021-03-23 00:00:00,45.99,105.96,89.94,23.715
2021-03-23 01:00:00,40.58,100.05,90.75,23.09
2021-03-23 02:00:00,35.0,90.0,91.05,21.97
2021-03-23 03:00:00,35.31,88.84,91.3,21.66
2021-03-23 04:00:00,36.42,80.89,91.97,20.77
2021-03-23 05:00:00,41.0,83.0,91.95,20.35
2021-03-23 06:00:00,41.0,82.35,91.58,20.34
2021-03-23 07:00:00,43.0,92.0,88.99,21.58
2021-03-23 08:00:00,41.42,107.62,79.32,25.52
2021-03-23 09:00:00,71.77,153.61,53.9,32.47
2021-03-23 10:00:00,76.84,185.56,42.44,35.6
2021-03-23 11:00:00,69.0,192.0,38.16,36.7
2021-03-23 12:00:00,70.75,195.22,37.8,37.09
2021-03-23 13:00:00,58.0,150.0,37.18,37.42
2021-03-23 14:00:00,55.64,127.06,38.2,36.6
2021-03-23 15:00:00,44.71,117.89,38.23,35.91
2021-03-23 16:00:00,38.05,124.38,51.06,34.37
2021-03-23 17:00:00,51.95,164.65,48.96,33.02
2021-03-23 18:00:00,53.63,159.02,47.66,32.03
2021-03-23 19:00:00,56.0,166.0,52.84,29.62
2021-03-23 20:00:00,59.14,166.0,60.24,28.02
2021-03-23 21:00:00,64.62,162.13,65.12,27.06
2021-03-23 22:00:00,66.42,140.27,70.7,25.78
2021-03-23 23:00:00,58.0,124.0,73.36,25.14
2021-03-24 00:00:00,55.11,110.59,73.53,24.38
2021-03-24 01:00:00,53.0,92.69,73.26,23.75
2021-03-24 02:00:00,47.48,78.78,75.94,23.29
2021-03-24 03:00:00,51.2,93.75,79.27,22.82
2021-03-24 04:00:00,65.25,111.94,83.02,22.43
2021-03-24 05:00:00,68.79,119.47,84.57,22.0
2021-03-24 06:00:00,63.48,114.27,84.93,21.77
2021-03-24 07:00:00,62.79,117.93,83.78,22.76
2021-03-24 08:00:00,68.0,144.0,69.18,27.7
2021-03-24 09:00:00,88.88,241.31,53.29,32.51
2021-03-24 10:00:00,101.63,296.64,35.58,37.66
2021-03-24 11:00:00,74.42,176.25,31.3,39.5
2021-03-24 12:00:00,55.79,120.38,31.54,39.99
2021-03-24 13:00:00,62.31,156.71,39.69,38.92
2021-03-24 14:00:00,72.09,171.09,40.78,38.15
2021-03-24 15:00:00,78.0,167.6,39.94,37.86
2021-03-24 16:00:00,68.56,143.8,39.89,37.19
2021-03-24 17:00:00,66.79,143.93,47.2,34.67
2021-03-24 18:00:00,69.89,150.11,56.84,32.85
2021-03-24 19:00:00,84.71,196.82,69.18,30.18
2021-03-24 20:00:00,101.1,210.35,77.25,27.24
2021-03-24 21:00:00,96.12,177.71,80.56,25.8
2021-03-24 22:00:00,95.0,199.0,76.87,25.31
2021-03-24 23:00:00,74.0,162.0,79.95,23.71
2021-03-25 00:00:00,67.7,137.68,77.84,22.76
2021-03-25 01:00:00,47.0,79.0,76.78,21.69
2021-03-25 02:00:00,45.0,65.0,79.58,21.17
2021-03-25 03:00:00,45.0,79.06,80.12,21.06
2021-03-25 04:00:00,50.78,87.0,81.91,20.28
2021-03-25 05:00:00,45.0,83.0,79.12,20.33
2021-03-25 06:00:00,41.53,83.64,80.15,19.98
2021-03-25 07:00:00,46.0,92.0,79.18,22.02
2021-03-25 08:00:00,71.0,189.0,38.63,30.85
2021-03-25 09:00:00,48.47,171.75,26.55,35.48
2021-03-25 10:00:00,31.53,159.98,21.18,38.04
2021-03-25 11:00:00,28.42,139.64,16.18,40.92
2021-03-25 12:00:00,29.58,117.89,13.79,41.72
2021-03-25 13:00:00,22.49,100.31,13.8,41.76
2021-03-25 14:00:00,15.43,93.64,16.61,41.19
2021-03-25 15:00:00,29.08,130.0,15.14,41.07
2021-03-25 16:00:00,9.0,97.78,14.4,40.84
2021-03-25 17:00:00,9.0,72.97,20.46,38.41
2021-03-25 18:00:00,11.89,76.66,23.53,35.22
2021-03-25 19:00:00,24.0,71.0,36.47,29.04
2021-03-25 20:00:00,43.72,109.64,42.76,27.16
2021-03-25 21:00:00,39.57,91.78,50.05,25.03
2021-03-25 22:00:00,37.0,90.1,54.1,23.77
2021-03-25 23:00:00,45.65,113.2,56.02,22.78
2021-03-26 00:00:00,52.72,113.08,59.43,21.77
2021-03-26 01:00:00,47.64,104.91,62.34,21.19
2021-03-26 02:00:00,48.52,102.64,66.13,20.58
2021-03-26 03:00:00,47.63,96.44,67.5,20.52
2021-03-26 04:00:00,42.27,97.47,69.13,20.25
2021-03-26 05:00:00,43.36,91.44,70.72,19.69
2021-03-26 06:00:00,40.0,88.0,71.74,19.57
2021-03-26 07:00:00,48.0,116.0,70.6,21.06
2021-03-26 08:00:00,52.05,147.31,61.26,25.05
2021-03-26 09:00:00,64.47,175.0,35.43,35.11
2021-03-26 10:00:00,98.56,332.33,27.87,37.19
2021-03-26 11:00:00,93.59,302.26,20.18,39.63
2021-03-26 12:00:00,63.88,207.69,14.58,41.65
2021-03-26 13:00:00,45.99,140.01,20.71,41.49
2021-03-26 14:00:00,52.43,166.12,23.14,40.74
2021-03-26 15:00:00,52.0,164.0,25.17,39.26
2021-03-26 16:00:00,51.21,165.64,26.81,38.67
2021-03-26 17:00:00,39.0,146.0,32.97,36.53
2021-03-26 18:00:00,44.0,153.0,46.06,33.8
2021-03-26 19:00:00,43.21,162.83,57.9,30.07
2021-03-26 20:00:00,49.0,145.0,65.93,27.02
2021-03-26 21:00:00,50.16,126.47,69.97,25.69
2021-03-26 22:00:00,41.53,105.34,70.88,24.35
2021-03-26 23:00:00,42.93,100.44,69.5,23.16
2021-03-27 00:00:00,44.0,100.91,68.93,22.35
2021-03-27 01:00:00,41.11,98.13,67.73,21.51
2021-03-27 02:00:00,38.0,81.0,69.12,20.77
2021-03-27 03:00:00,48.0,96.0,70.79,20.3
2021-03-27 04:00:00,45.63,87.78,69.52,20.44
2021-03-27 05:00:00,51.32,88.47,70.89,20.42
2021-03-27 06:00:00,57.0,103.18,73.58,20.14
2021-03-27 07:00:00,62.89,121.22,73.91,20.81
2021-03-27 08:00:00,64.0,150.0,61.91,27.83
2021-03-27 09:00:00,74.25,173.84,47.38,34.17
2021-03-27 10:00:00,111.61,336.87,31.47,38.7
2021-03-27 11:00:00,111.75,340.06,22.45,40.66
2021-03-27 12:00:00,84.2,254.69,15.24,43.07
2021-03-27 13:00:00,66.26,196.72,16.69,43.15
2021-03-27 14:00:00,58.59,179.14,20.5,42.17
2021-03-27 15:00:00,63.0,185.0,29.17,40.0
2021-03-27 16:00:00,61.84,185.0,25.83,38.89
2021-03-27 17:00:00,53.56,156.25,26.8,36.75
2021-03-27 18:00:00,41.71,150.62,30.09,34.81
2021-03-27 19:00:00,43.47,156.87,39.62,31.28
2021-03-27 20:00:00,53.51,165.39,49.24,27.52
2021-03-27 21:00:00,84.5,136.85,53.05,25.965
2021-03-27 22:00:00,49.57,108.31,56.86,24.41
2021-03-27 23:00:00,49.22,100.0,56.8,23.44
2021-03-28 00:00:00,46.0,88.0,55.43,22.72
2021-03-28 01:00:00,42.82,78.0,54.06,22.0
2021-03-28 02:00:00,36.59,65.11,55.86,21.8
2021-03-28 03:00:00,51.79,97.0,59.74,21.15
2021-03-28 04:00:00,56.16,95.0,63.625,20.66
2021-03-28 05:00:00,65.0,93.0,67.51,20.17
2021-03-28 06:00:00,56.0,90.0,68.94,20.365000000000002
2021-03-28 07:00:00,39.0,87.0,70.37,20.56
2021-03-28 08:00:00,50.0,103.5,56.74,27.525
2021-03-28 09:00:00,58.0,120.0,43.11,34.49
2021-03-28 10:00:00,99.0,121.4,46.492,34.812000000000005
2021-03-28 11:00:00,109.0,122.8,49.874,35.134
2021-03-28 12:00:00,74.67,124.2,53.256,35.456
2021-03-28 13:00:00,51.0,125.6,56.638000000000005,35.778
2021-03-28 14:00:00,43.0,127.0,60.02,36.1
2021-03-28 15:00:00,42.42,128.28,59.75,35.77
2021-03-28 16:00:00,41.21,138.01,54.34,35.34
2021-03-28 17:00:00,38.0,128.0,63.38,32.57
2021-03-28 18:00:00,33.38,125.0,72.025,30.155
2021-03-28 19:00:00,30.0,116.0,80.67,27.74
2021-03-28 20:00:00,29.0,103.0,82.23666666666666,26.536666666666665
2021-03-28 21:00:00,36.89,92.0,83.80333333333334,25.333333333333332
2021-03-28 22:00:00,36.11,81.0,85.37,24.13
2021-03-28 23:00:00,37.14,85.92,83.27,23.68
2021-03-29 00:00:00,38.14,89.78,83.63,23.38
2021-03-29 01:00:00,40.3,96.72,86.37,22.89
2021-03-29 02:00:00,60.0,102.0,88.51,22.22
2021-03-29 03:00:00,76.0,109.5,89.61500000000001,22.32
2021-03-29 04:00:00,80.0,117.0,90.72,22.42
2021-03-29 05:00:00,81.58,105.49,92.68,22.31
2021-03-29 06:00:00,81.42,99.78,93.8,22.21
2021-03-29 07:00:00,70.0,96.36,93.67,23.35
2021-03-29 08:00:00,67.0,98.46,86.07,27.75
2021-03-29 09:00:00,73.31,118.73,56.48,33.8
2021-03-29 10:00:00,57.64,121.36,45.47,36.53
2021-03-29 11:00:00,57.62,137.11,39.92,37.97
2021-03-29 12:00:00,63.0,163.0,44.48,37.59
2021-03-29 13:00:00,65.36,150.71,47.14,36.52
2021-03-29 14:00:00,47.0,121.0,55.17,35.81
2021-03-29 15:00:00,38.99,105.53,46.25,36.18
2021-03-29 16:00:00,26.71,97.82,47.58,35.2
2021-03-29 17:00:00,20.0,100.0,57.45,33.11
2021-03-29 18:00:00,17.14,89.69,68.59,31.14
2021-03-29 19:00:00,18.46,76.27,82.83,29.71
2021-03-29 20:00:00,23.0,68.0,88.86,28.7
2021-03-29 21:00:00,23.0,63.9,91.02,27.09
2021-03-29 22:00:00,17.0,51.0,93.03,25.84
2021-03-29 23:00:00,19.0,38.0,92.4,24.23
2021-03-30 00:00:00,19.79,46.2,92.91,23.74
2021-03-30 01:00:00,19.21,51.28,94.26,23.19
2021-03-30 02:00:00,18.43,48.16,92.93,22.32
2021-03-30 03:00:00,18.0,45.36,91.86,21.64
2021-03-30 04:00:00,18.57,43.06,91.88,21.23
2021-03-30 05:00:00,15.6,37.56,89.9,20.59
2021-03-30 06:00:00,11.43,36.64,92.43,20.3
2021-03-30 07:00:00,17.27,43.53,92.23,21.31
2021-03-30 08:00:00,18.0,59.0,87.78,26.7
2021-03-30 09:00:00,20.46,68.17,79.41,30.13
2021-03-30 10:00:00,20.9,84.62,60.11,34.04
2021-03-30 11:00:00,21.58,88.81,57.655,34.44
2021-03-30 12:00:00,21.0,93.0,55.2,34.84
2021-03-30 13:00:00,15.5,76.61,48.03,35.15
2021-03-30 14:00:00,10.86,63.2,43.74,35.92
2021-03-30 15:00:00,10.0,54.0,42.28,35.56
2021-03-30 16:00:00,10.79,53.36,46.51,34.98
2021-03-30 17:00:00,14.14,63.62,54.13,32.28
2021-03-30 18:00:00,12.69,59.03,60.63,30.61
2021-03-30 19:00:00,9.43,60.11,71.86,28.25
2021-03-30 20:00:00,17.0,59.0,82.66,24.57
2021-03-30 21:00:00,11.0,43.0,88.85,23.03
2021-03-30 22:00:00,13.36,38.08,91.65,22.09
2021-03-30 23:00:00,11.65,37.82,91.99,21.31
2021-03-31 00:00:00,15.0,38.0,92.65,20.79
2021-03-31 01:00:00,15.0,37.0,94.11,20.65
2021-03-31 02:00:00,15.0,38.64,94.75,20.7
2021-03-31 03:00:00,10.0,33.0,95.2,20.63
2021-03-31 04:00:00,9.71,31.89,95.37,20.64
2021-03-31 05:00:00,6.43,29.82,95.89,20.66
2021-03-31 06:00:00,12.0,26.0,96.13,20.87
2021-03-31 07:00:00,14.0,33.0,95.69,22.83
2021-03-31 08:00:00,18.72,92.0,91.23,26.57
2021-03-31 09:00:00,18.0,69.0,67.4,32.0
2021-03-31 10:00:00,15.71,77.31,56.81,33.72
2021-03-31 11:00:00,14.58,83.28,53.86,34.47
2021-03-31 12:00:00,17.36,84.82,55.5,34.4
2021-03-31 13:00:00,14.56,79.89,47.64,35.03
2021-03-31 14:00:00,12.57,82.06,53.11,34.76
2021-03-31 15:00:00,15.0,83.0,57.12,34.86
2021-03-31 16:00:00,17.36,87.92,59.98,34.01
2021-03-31 17:00:00,14.07,83.28,70.15,31.58
2021-03-31 18:00:00,16.14,92.65,79.73,29.82
2021-03-31 19:00:00,19.29,95.0,85.67,28.39
2021-03-31 20:00:00,17.86,87.97,88.82,27.44
2021-03-31 21:00:00,17.79,77.44,92.61,25.21
2021-03-31 22:00:00,13.0,58.0,94.4,24.27
2021-03-31 23:00:00,11.43,61.27,93.8,23.95
2021-04-01 00:00:00,11.79,73.0,94.22,24.02
2021-04-01 01:00:00,14.34,66.2,94.47,24.25
2021-04-01 02:00:00,17.36,63.09,95.05,24.2
2021-04-01 03:00:00,14.07,57.08,95.47,24.06
2021-04-01 04:00:00,15.36,56.0,95.6,24.27
2021-04-01 05:00:00,16.0,64.98,95.49,24.46
2021-04-01 06:00:00,18.37,73.56,95.63,24.33
2021-04-01 07:00:00,22.93,93.85,95.44,25.24
2021-04-01 08:00:00,38.15,127.39,86.5,28.85
2021-04-01 09:00:00,30.25,154.65,71.71,31.65
2021-04-01 10:00:00,35.65,209.44,61.53,34.12
2021-04-01 11:00:00,34.86,215.26,58.32,34.97
2021-04-01 12:00:00,30.07,217.28,62.33,34.04
2021-04-01 13:00:00,26.64,207.38,61.53,34.29
2021-04-01 14:00:00,23.64,196.81,61.09,34.16
2021-04-01 15:00:00,19.86,195.0,59.86,34.48
2021-04-01 16:00:00,21.35,203.19,61.21,33.86
2021-04-01 17:00:00,24.36,201.73,70.42,31.58
2021-04-01 18:00:00,25.79,202.0,76.74,30.0
2021-04-01 19:00:00,25.22,196.28,81.09,29.09
2021-04-01 20:00:00,25.79,199.08,84.66,28.04
2021-04-01 21:00:00,30.72,192.65,88.16,26.53
2021-04-01 22:00:00,26.5,157.29,90.73,25.86
2021-04-01 23:00:00,21.07,144.26,90.81,26.06
2021-04-02 00:00:00,20.0,144.64,91.08,25.92
2021-04-02 01:00:00,21.57,141.73,91.58,25.68
2021-04-02 02:00:00,23.57,143.46,92.02,25.27
2021-04-02 03:00:00,24.0,132.53,92.95,24.55
2021-04-02 04:00:00,22.43,123.44,94.11,24.01
2021-04-02 05:00:00,19.64,111.38,94.65,23.48
2021-04-02 06:00:00,21.36,102.44,95.24,23.2
2021-04-02 07:00:00,21.21,110.02,94.72,24.17
2021-04-02 08:00:00,28.86,137.4,89.03,27.34
2021-04-02 09:00:00,29.43,201.8,67.59,31.37
2021-04-02 10:00:00,35.27,219.1,57.06,33.73
2021-04-02 11:00:00,34.64,226.56,58.27,34.24
2021-04-02 12:00:00,34.79,235.38,58.62,34.51
2021-04-02 13:00:00,27.93,222.3,57.99,34.45
2021-04-02 14:00:00,25.22,202.61,57.89,34.12
2021-04-02 15:00:00,21.86,201.46,57.43,34.09
2021-04-02 16:00:00,18.64,201.18,58.92,33.48
2021-04-02 17:00:00,20.36,198.55,66.06,31.29
2021-04-02 18:00:00,21.79,196.37,73.52,29.72
2021-04-02 19:00:00,23.57,214.78,78.07,28.56
2021-04-02 20:00:00,20.87,187.15,81.74,27.71
2021-04-02 21:00:00,20.79,159.58,85.74,26.19
2021-04-02 22:00:00,18.63,133.69,89.19,25.19
2021-04-02 23:00:00,18.0,114.3,91.84,24.31
2021-04-03 00:00:00,17.42,107.84,92.81,23.92
2021-04-03 01:00:00,20.93,101.08,94.0,23.39
2021-04-03 02:00:00,16.0,97.0,94.74,23.19
2021-04-03 03:00:00,15.0,95.0,95.05,22.89
2021-04-03 04:00:00,16.14,89.94,95.48,22.8
2021-04-03 05:00:00,17.14,87.0,95.62,22.75
2021-04-03 06:00:00,18.79,80.47,95.89,22.61
2021-04-03 07:00:00,24.0,92.0,96.01,23.59
2021-04-03 08:00:00,48.0,134.0,85.1,28.24
2021-04-03 09:00:00,28.35,147.93,70.78,31.38
2021-04-03 10:00:00,32.0,201.0,62.06,33.73
2021-04-03 11:00:00,35.13,216.57,65.12,32.92
2021-04-03 12:00:00,28.64,201.63,64.41,32.92
2021-04-03 13:00:00,21.86,182.13,63.77,32.85
2021-04-03 14:00:00,19.43,159.85,61.79,33.32
2021-04-03 15:00:00,16.73,144.6,62.09,33.04
2021-04-03 16:00:00,13.87,137.37,62.77,32.91
2021-04-03 17:00:00,14.57,134.55,70.06,30.71
2021-04-03 18:00:00,15.0,126.33,73.59,29.79
2021-04-03 19:00:00,15.78,124.46,78.34,28.82
2021-04-03 20:00:00,15.22,111.12,80.26,28.55
2021-04-03 21:00:00,16.57,97.35,82.3,28.04
2021-04-03 22:00:00,18.0,93.0,86.56,26.53
2021-04-03 23:00:00,13.0,71.0,89.27,25.76
2021-04-04 00:00:00,17.0,70.0,91.67,25.08
2021-04-04 01:00:00,16.44,62.34,91.97,24.9
2021-04-04 02:00:00,12.0,63.0,93.22,24.45
2021-04-04 03:00:00,14.35,63.82,93.84,24.16
2021-04-04 04:00:00,12.14,57.66,94.44,23.89
2021-04-04 05:00:00,13.0,57.0,94.33,24.33
2021-04-04 06:00:00,15.0,53.0,93.68,24.82
2021-04-04 07:00:00,24.0,70.0,93.16,25.8
2021-04-04 08:00:00,37.32,136.97,80.19,29.2
2021-04-04 09:00:00,24.98,141.14,65.76,32.46
2021-04-04 10:00:00,21.0,160.0,59.64,34.05
2021-04-04 11:00:00,21.0,164.0,57.74,34.2
2021-04-04 12:00:00,24.93,157.47,58.52,34.79
2021-04-04 13:00:00,21.99,142.7,59.25,34.66
2021-04-04 14:00:00,16.64,125.98,60.23,34.81
2021-04-04 15:00:00,15.43,122.61,59.28,34.73
2021-04-04 16:00:00,23.25,124.7075,64.47749999999999,33.3475
2021-04-04 17:00:00,26.749999999999996,126.805,69.675,31.964999999999996
2021-04-04 18:00:00,19.49,128.9025,74.8725,30.5825
2021-04-04 19:00:00,23.0,131.0,80.07,29.2
2021-04-04 20:00:00,20.64,112.97,83.35,28.56
2021-04-04 21:00:00,18.43,107.36,86.65,27.43
2021-04-04 22:00:00,22.72,96.0,91.5,25.79
2021-04-04 23:00:00,21.71,78.75,92.53,25.35
2021-04-05 00:00:00,16.04,67.73,93.81,24.7
2021-04-05 01:00:00,14.13,59.97,94.55,24.47
2021-04-05 02:00:00,15.0,54.73,95.06,24.27
2021-04-05 03:00:00,15.0,55.91,95.46,24.3
2021-04-05 04:00:00,12.0,48.0,95.85,23.97
2021-04-05 05:00:00,11.43,48.64,95.96,23.78
2021-04-05 06:00:00,12.57,44.53,96.07,23.49
2021-04-05 07:00:00,11.43,40.37,96.42,24.58
2021-04-05 08:00:00,42.0,76.0,87.31,28.6
2021-04-05 09:00:00,20.0,94.0,71.65,31.89
2021-04-05 10:00:00,22.0,123.0,62.92,33.91
2021-04-05 11:00:00,22.0,123.64,62.6,34.17
2021-04-05 12:00:00,25.13,116.62,62.93,34.37
2021-04-05 13:00:00,21.46,106.13,61.34,34.66
2021-04-05 14:00:00,13.3,95.3,58.47,34.89
2021-04-05 15:00:00,15.14,92.83,57.78,34.49
2021-04-05 16:00:00,12.07,100.35,57.86,33.64
2021-04-05 17:00:00,12.7,175.47,66.45,31.99
2021-04-05 18:00:00,17.0,90.0,73.16,30.54
2021-04-05 19:00:00,18.57,95.72,75.42,29.71
2021-04-05 20:00:00,15.0,94.0,78.36,28.89
2021-04-05 21:00:00,16.57,89.1,83.68,26.51
2021-04-05 22:00:00,19.27,76.6,87.47,25.36
2021-04-05 23:00:00,22.57,60.2,84.28,23.59
2021-04-06 00:00:00,21.44,60.45,85.64,22.81
2021-04-06 01:00:00,18.0,59.0,88.03,22.07
2021-04-06 02:00:00,18.0,56.55,89.4,21.52
2021-04-06 03:00:00,19.57,51.08,90.74,21.02
2021-04-06 04:00:00,24.0,53.0,91.56,20.42
2021-04-06 05:00:00,18.5,46.45,89.96,19.74
2021-04-06 06:00:00,17.4,45.0,89.51,19.5
2021-04-06 07:00:00,17.64,50.73,84.13,21.19
2021-04-06 08:00:00,20.9,65.88,68.95,26.85
2021-04-06 09:00:00,44.66,126.63,50.67,33.12
2021-04-06 10:00:00,54.92,224.52,41.88,36.75
2021-04-06 11:00:00,43.0,197.0,36.06,38.55
2021-04-06 12:00:00,46.97,197.64,38.97,39.3
2021-04-06 13:00:00,44.0,160.0,53.1,37.92
2021-04-06 14:00:00,29.0,117.0,49.44,38.05
2021-04-06 15:00:00,36.05,118.64,42.78,38.32
2021-04-06 16:00:00,32.5,103.0,29.14,38.11
2021-04-06 17:00:00,22.38,75.23,42.6,35.01
2021-04-06 18:00:00,24.0,93.0,66.72,31.96
2021-04-06 19:00:00,30.0,100.0,73.65,30.88
2021-04-06 20:00:00,32.84,119.63,77.63,30.03
2021-04-06 21:00:00,33.0,97.0,83.65,27.13
2021-04-06 22:00:00,23.0,80.0,85.73,25.85
2021-04-06 23:00:00,26.13,73.44,87.83,24.87
2021-04-07 00:00:00,26.22,60.57,89.44,24.16
2021-04-07 01:00:00,18.17,56.37,91.69,23.54
2021-04-07 02:00:00,21.0,47.0,93.31,22.99
2021-04-07 03:00:00,21.0,49.53,94.47,22.93
2021-04-07 04:00:00,22.0,56.0,95.36,22.73
2021-04-07 05:00:00,18.07,50.28,95.78,22.6
2021-04-07 06:00:00,14.0,49.0,96.1,22.42
2021-04-07 07:00:00,14.0,47.37,96.34,23.53
2021-04-07 08:00:00,18.7,75.58,88.34,27.71
2021-04-07 09:00:00,25.48,89.35,65.84,33.48
2021-04-07 10:00:00,33.23,141.03,57.63,34.94
2021-04-07 11:00:00,37.44,164.3,51.28,36.06
2021-04-07 12:00:00,39.0,169.0,55.89,36.36
2021-04-07 13:00:00,26.0,132.0,53.85,36.43
2021-04-07 14:00:00,36.07,131.77777777777777,53.870666666666665,36.38688888888889
2021-04-07 15:00:00,34.14,131.55555555555554,53.891333333333336,36.34377777777778
2021-04-07 16:00:00,34.94,131.33333333333334,53.912,36.300666666666665
2021-04-07 17:00:00,32.19,131.11111111111111,53.93266666666667,36.257555555555555
2021-04-07 18:00:00,28.25,130.88888888888889,53.95333333333333,36.214444444444446
2021-04-07 19:00:00,30.8,130.66666666666666,53.974000000000004,36.17133333333334
2021-04-07 20:00:00,30.06,130.44444444444446,53.99466666666667,36.12822222222222
2021-04-07 21:00:00,38.38,130.22222222222223,54.01533333333334,36.08511111111111
2021-04-07 22:00:00,39.0,130.0,54.036,36.042
2021-04-07 23:00:00,49.25,129.77777777777777,54.056666666666665,35.99888888888889
2021-04-08 00:00:00,38.86,129.55555555555554,54.077333333333335,35.955777777777776
2021-04-08 01:00:00,30.51,129.33333333333334,54.098,35.91266666666667
2021-04-08 02:00:00,26.27,129.11111111111111,54.11866666666667,35.86955555555556
2021-04-08 03:00:00,24.14,128.88888888888889,54.13933333333333,35.82644444444445
2021-04-08 04:00:00,23.07,128.66666666666666,54.160000000000004,35.78333333333333
2021-04-08 05:00:00,29.52,128.44444444444446,54.18066666666667,35.74022222222222
2021-04-08 06:00:00,24.38,128.22222222222223,54.20133333333334,35.69711111111111
2021-04-08 07:00:00,38.910000000000004,128.0,54.222,35.654
2021-04-08 08:00:00,43.73,127.77777777777777,54.242666666666665,35.61088888888889
2021-04-08 09:00:00,34.69,127.55555555555556,54.263333333333335,35.56777777777778
2021-04-08 10:00:00,34.93,127.33333333333333,54.284,35.52466666666667
2021-04-08 11:00:00,33.14,127.11111111111111,54.30466666666667,35.48155555555556
2021-04-08 12:00:00,24.62,126.88888888888889,54.32533333333333,35.43844444444444
2021-04-08 13:00:00,26.8,126.66666666666667,54.346000000000004,35.39533333333333
2021-04-08 14:00:00,33.52,126.44444444444444,54.36666666666667,35.352222222222224
2021-04-08 15:00:00,36.81,126.22222222222223,54.38733333333334,35.309111111111115
2021-04-08 16:00:00,26.749999999999996,126.0,54.408,35.266
2021-04-08 17:00:00,24.14,125.77777777777777,54.428666666666665,35.22288888888889
2021-04-08 18:00:00,24.93,125.55555555555556,54.449333333333335,35.17977777777778
2021-04-08 19:00:00,30.59,125.33333333333333,54.47,35.13666666666667
2021-04-08 20:00:00,24.48,125.11111111111111,54.49066666666667,35.093555555555554
2021-04-08 21:00:00,24.93,124.88888888888889,54.51133333333333,35.050444444444445
2021-04-08 22:00:00,34.31,124.66666666666667,54.532000000000004,35.007333333333335
2021-04-08 23:00:00,26.620000000000005,124.44444444444444,54.55266666666667,34.964222222222226
2021-04-09 00:00:00,28.8,124.22222222222223,54.57333333333334,34.92111111111111
2021-04-09 01:00:00,29.93,124.0,54.594,34.878
2021-04-09 02:00:00,30.93,123.77777777777777,54.614666666666665,34.83488888888889
2021-04-09 03:00:00,31.0,123.55555555555556,54.635333333333335,34.79177777777778
2021-04-09 04:00:00,25.41,123.33333333333333,54.656,34.748666666666665
2021-04-09 05:00:00,24.07,123.11111111111111,54.67666666666667,34.705555555555556
2021-04-09 06:00:00,24.93,122.88888888888889,54.69733333333333,34.662444444444446
2021-04-09 07:00:00,34.31,122.66666666666667,54.718,34.61933333333334
2021-04-09 08:00:00,35.94,122.44444444444444,54.73866666666667,34.57622222222223
2021-04-09 09:00:00,31.32,122.22222222222223,54.75933333333334,34.53311111111111
2021-04-09 10:00:00,21.0,122.0,54.78,34.49
2021-04-09 11:00:00,24.96,137.2,51.88,35.37
2021-04-09 12:00:00,28.0,145.18,59.95,34.96
2021-04-09 13:00:00,28.0,124.58,58.37,35.34
2021-04-09 14:00:00,28.0,130.0,59.13666666666666,34.95
2021-04-09 15:00:00,36.410000000000004,140.5,59.903333333333336,34.56
2021-04-09 16:00:00,21.0,151.0,60.67,34.17
2021-04-09 17:00:00,21.78,186.12,69.0,32.05
2021-04-09 18:00:00,25.12,189.1,75.09,30.58
2021-04-09 19:00:00,27.13,188.0,78.75,29.72
2021-04-09 20:00:00,31.13,186.37,83.9,28.25
2021-04-09 21:00:00,32.8,181.47,87.24,26.98
2021-04-09 22:00:00,27.0,131.0,91.99,25.57
2021-04-09 23:00:00,25.0,105.0,93.65,24.86
2021-04-10 00:00:00,23.0,90.0,94.86,24.68
2021-04-10 01:00:00,18.0,82.0,94.68,24.72
2021-04-10 02:00:00,22.68,78.73,95.51,24.26
2021-04-10 03:00:00,17.0,80.0,96.07,23.43
2021-04-10 04:00:00,20.0,84.545,94.66499999999999,22.165
2021-04-10 05:00:00,18.44,89.09,93.26,20.9
2021-04-10 06:00:00,20.35,87.28,93.88,20.52
2021-04-10 07:00:00,18.65,83.55,93.58,21.93
2021-04-10 08:00:00,17.44,79.2,88.5,26.12
2021-04-10 09:00:00,28.79,122.6,59.6,32.83
2021-04-10 10:00:00,38.0,195.55,51.12,34.85
2021-04-10 11:00:00,39.14,195.24,49.49,35.98
2021-04-10 12:00:00,40.78,192.25,52.73,35.91
2021-04-10 13:00:00,32.38,170.21,49.53,36.41
2021-04-10 14:00:00,28.3,154.87,51.59,36.16
2021-04-10 15:00:00,24.66,127.84,61.41,33.87
2021-04-10 16:00:00,17.0,121.0,62.46,33.43
2021-04-10 17:00:00,18.13,116.56,68.12,32.06
2021-04-10 18:00:00,19.0,115.9,74.94,30.9
2021-04-10 19:00:00,21.0,112.0,81.2,29.51
2021-04-10 20:00:00,23.27,105.03,83.67,28.84
2021-04-10 21:00:00,30.66,106.0,81.73,29.31
2021-04-10 22:00:00,31.07,105.37,82.97,28.39
2021-04-10 23:00:00,23.0,84.0,89.13,26.44
2021-04-11 00:00:00,23.56,75.77,89.01,24.88
2021-04-11 01:00:00,23.22,64.47,82.94,23.2
2021-04-11 02:00:00,21.87,61.11,83.85,22.36
2021-04-11 03:00:00,18.16,56.84,86.54,22.15
2021-04-11 04:00:00,16.0,53.0,90.44,22.62
2021-04-11 05:00:00,22.0,53.235,92.49000000000001,22.485
2021-04-11 06:00:00,23.69,53.47,94.54,22.35
2021-04-11 07:00:00,22.0,57.0,89.56,22.89
2021-04-11 08:00:00,20.44,78.97,74.37,27.21
2021-04-11 09:00:00,26.0,87.0,52.97,33.28
2021-04-11 10:00:00,35.73,147.8,43.44,36.14
2021-04-11 11:00:00,42.22,171.6,34.29,37.81
2021-04-11 12:00:00,37.3,146.95,40.13,38.08
2021-04-11 13:00:00,39.36,142.26,42.99,37.89
2021-04-11 14:00:00,30.0,129.0,46.19,37.72
2021-04-11 15:00:00,26.1,114.35,42.17,37.94
2021-04-11 16:00:00,22.73,108.49,43.2,37.54
2021-04-11 17:00:00,19.0,91.0,63.6,33.61
2021-04-11 18:00:00,14.0,87.0,76.85,31.49
2021-04-11 19:00:00,16.35,84.55,83.86,30.45
2021-04-11 20:00:00,22.0,82.0,89.39,28.82
2021-04-11 21:00:00,25.13,80.37,90.34,28.24
2021-04-11 22:00:00,22.1,74.28,88.29,25.95
2021-04-11 23:00:00,24.0,58.0,85.19,24.66
2021-04-12 00:00:00,22.31,57.37,87.67,23.74
2021-04-12 01:00:00,19.88,52.61,87.84,23.36
2021-04-12 02:00:00,20.56,45.93,89.28,23.85
2021-04-12 03:00:00,25.68,57.29,91.22,24.37
2021-04-12 04:00:00,29.0,63.0,93.64,24.68
2021-04-12 05:00:00,29.0,50.0,94.65,24.32
2021-04-12 06:00:00,27.44,56.51,95.75,24.16
2021-04-12 07:00:00,25.43,49.83,95.6,25.52
2021-04-12 08:00:00,30.0,71.0,84.33,30.59
2021-04-12 09:00:00,29.22,79.17,71.61,33.36
2021-04-12 10:00:00,28.22,82.63,62.13,35.37
2021-04-12 11:00:00,32.53,114.66,50.57,36.42
2021-04-12 12:00:00,35.0,135.0,47.33,37.34
2021-04-12 13:00:00,32.66,126.86,48.82,36.71
2021-04-12 14:00:00,34.0,111.0,53.25,36.33
2021-04-12 15:00:00,34.0,107.84,50.69,36.27
2021-04-12 16:00:00,27.83,109.77,53.02,35.48
2021-04-12 17:00:00,19.87,103.05,57.99,33.85
2021-04-12 18:00:00,19.13,101.51,58.14,33.37
2021-04-12 19:00:00,20.4,103.27,64.56,31.47
2021-04-12 20:00:00,33.0,146.0,52.41,33.04
2021-04-12 21:00:00,36.9,134.6,62.54,30.44
2021-04-12 22:00:00,40.35,105.87,71.32,27.74
2021-04-12 23:00:00,34.73,81.22,74.18,26.09
2021-04-13 00:00:00,32.0,64.0,76.81,25.47
2021-04-13 01:00:00,32.0,64.63,79.32,25.66
2021-04-13 02:00:00,28.86,60.92,82.7,26.3
2021-04-13 03:00:00,28.56,58.1,85.69,26.21
2021-04-13 04:00:00,25.1,56.0,89.24,26.06
2021-04-13 05:00:00,17.0,50.0,88.93,26.2
2021-04-13 06:00:00,20.4,53.8,89.28,25.66
2021-04-13 07:00:00,23.78,60.08,88.91,25.8
2021-04-13 08:00:00,29.05,67.73333333333333,82.62,28.23
2021-04-13 09:00:00,43.0,75.38666666666667,63.87,34.38
2021-04-13 10:00:00,49.8,83.03999999999999,49.14,36.88
2021-04-13 11:00:00,61.24,90.69333333333333,45.22,38.17
2021-04-13 12:00:00,46.55,98.34666666666666,56.79,36.9
2021-04-13 13:00:00,27.0,106.0,60.55,35.98
2021-04-13 14:00:00,34.3,107.25,52.5,37.5
2021-04-13 15:00:00,33.27,103.6,51.0,37.46
2021-04-13 16:00:00,24.0,100.8,56.055,36.004999999999995
2021-04-13 17:00:00,24.56,98.0,61.11,34.55
2021-04-13 18:00:00,25.78,98.0,65.84,33.17
2021-04-13 19:00:00,27.12,109.93,76.25,31.1
2021-04-13 20:00:00,29.69,106.33,82.58,29.02
2021-04-13 21:00:00,42.0,99.0,86.61,27.83
2021-04-13 22:00:00,36.0,88.0,88.63,27.34
2021-04-13 23:00:00,38.34,86.73,89.34,27.35
2021-04-14 00:00:00,36.66,77.05,91.01,27.48
2021-04-14 01:00:00,27.0,67.0,92.53,27.43
2021-04-14 02:00:00,23.88,53.98,91.61,28.04
2021-04-14 03:00:00,25.33,56.72,89.87,28.42
2021-04-14 04:00:00,24.44,57.19,91.62,27.68
2021-04-14 05:00:00,24.56,54.47,93.39,26.91
2021-04-14 06:00:00,27.27,54.9,94.44,26.38
2021-04-14 07:00:00,34.61,60.44,94.77,26.62
2021-04-14 08:00:00,36.2,69.97,79.51,30.71
2021-04-14 09:00:00,25.0,65.0,52.84,35.34
2021-04-14 10:00:00,25.56,73.87,46.79,36.6
2021-04-14 11:00:00,32.17,97.2,45.19,37.3
2021-04-14 12:00:00,38.12,108.63,45.22,37.94
2021-04-14 13:00:00,36.66,103.35,51.33,37.59
2021-04-14 14:00:00,36.78,107.33,51.35,37.65
2021-04-14 15:00:00,37.78,105.73,58.4,36.03
2021-04-14 16:00:00,35.0,99.0,63.21,34.77
2021-04-14 17:00:00,34.44,108.0,71.91,32.54
2021-04-14 18:00:00,25.02,78.0,76.83,31.22
2021-04-14 19:00:00,15.2,68.0,81.12,30.27
2021-04-14 20:00:00,19.0,64.0,83.67,29.56
2021-04-14 21:00:00,19.78,63.19,85.72,28.83
2021-04-14 22:00:00,22.24,61.73,87.44,28.29
2021-04-14 23:00:00,21.0,60.0,90.05,27.56
2021-04-15 00:00:00,18.0,51.0,92.62,26.41
2021-04-15 01:00:00,18.0,48.56,93.42,26.07
2021-04-15 02:00:00,20.0,45.0,94.47,25.52
2021-04-15 03:00:00,20.0,44.19,94.85,25.2
2021-04-15 04:00:00,21.0,41.0,95.52,24.67
2021-04-15 05:00:00,22.69,39.75,95.74,24.57
2021-04-15 06:00:00,22.44,45.53,96.15,24.54
2021-04-15 07:00:00,29.0,50.0,95.98,25.63
2021-04-15 08:00:00,36.8,58.17,85.16,29.77
2021-04-15 09:00:00,28.82,67.0,58.39,35.28
2021-04-15 10:00:00,33.37,80.94,50.83,36.69
2021-04-15 11:00:00,44.05,95.28,47.95,37.06
2021-04-15 12:00:00,51.0,130.0,54.85,36.35
2021-04-15 13:00:00,52.59,132.4,54.03,36.31
2021-04-15 14:00:00,58.95,127.07,47.4,36.62
2021-04-15 15:00:00,41.0,102.0,57.74,35.58
2021-04-15 16:00:00,33.2,94.67,65.49,34.42
2021-04-15 17:00:00,27.88,81.7,71.71,32.71
2021-04-15 18:00:00,27.0,79.9,77.01,31.07
2021-04-15 19:00:00,29.0,69.0,83.83,29.75
2021-04-15 20:00:00,33.0,68.0,88.22,28.31
2021-04-15 21:00:00,31.0,59.0,91.09,27.23
2021-04-15 22:00:00,31.56,54.61,92.6,26.58
2021-04-15 23:00:00,30.88,56.39,93.8,26.0
2021-04-16 00:00:00,43.64,52.195,94.64,25.494999999999997
2021-04-16 01:00:00,27.0,48.0,95.48,24.99
2021-04-16 02:00:00,32.0,52.0,95.80000000000001,24.665
2021-04-16 03:00:00,30.88,49.49,96.12,24.34
2021-04-16 04:00:00,29.0,48.0,96.42,23.9
2021-04-16 05:00:00,26.2,46.11,96.66,23.74
2021-04-16 06:00:00,26.34,44.19,96.78,23.41
2021-04-16 07:00:00,27.0,44.8,97.07,23.54
2021-04-16 08:00:00,35.59,56.77,86.6,28.45
2021-04-16 09:00:00,30.7,61.53,60.32,33.01
2021-04-16 10:00:00,25.78,87.5,46.66,35.11
2021-04-16 11:00:00,26.0,89.68,44.53,35.48
2021-04-16 12:00:00,25.44,81.9,58.34,35.41
2021-04-16 13:00:00,20.33,69.17,59.73,35.77
2021-04-16 14:00:00,16.2,63.49,59.44,36.14
2021-04-16 15:00:00,15.0,71.0,64.0,34.52
2021-04-16 16:00:00,16.56,70.19,62.94,34.51
2021-04-16 17:00:00,17.56,69.2,69.44,32.73
2021-04-16 18:00:00,19.999999999999996,71.3,69.3469696969697,32.76651515151515
2021-04-16 19:00:00,21.860000000000003,73.4,69.25393939393939,32.8030303030303
2021-04-16 20:00:00,17.35,75.5,69.16090909090909,32.83954545454545
2021-04-16 21:00:00,21.64,77.6,69.06787878787878,32.876060606060605
2021-04-16 22:00:00,21.07,79.7,68.97484848484848,32.91257575757575
2021-04-16 23:00:00,22.88,81.8,68.88181818181818,32.949090909090906
2021-04-17 00:00:00,20.21,83.9,68.78878787878787,32.98560606060606
2021-04-17 01:00:00,22.790000000000003,86.0,68.69575757575757,33.022121212121206
2021-04-17 02:00:00,11.860000000000001,88.1,68.60272727272726,33.05863636363636
2021-04-17 03:00:00,17.5,90.2,68.50969696969696,33.095151515151514
2021-04-17 04:00:00,6.86,92.3,68.41666666666666,33.13166666666666
2021-04-17 05:00:00,11.55,94.4,68.32363636363637,33.168181818181814
2021-04-17 06:00:00,10.14,96.5,68.23060606060606,33.20469696969697
2021-04-17 07:00:00,20.18,98.6,68.13757575757576,33.24121212121212
2021-04-17 08:00:00,22.869999999999997,100.69999999999999,68.04454545454546,33.27772727272727
2021-04-17 09:00:00,23.0,102.8,67.95151515151515,33.31424242424242
2021-04-17 10:00:00,26.71,104.9,67.85848484848485,33.35075757575758
2021-04-17 11:00:00,32.0,107.0,67.76545454545455,33.38727272727272
2021-04-17 12:00:00,25.83,101.8,67.67242424242424,33.42378787878788
2021-04-17 13:00:00,24.11,96.6,67.57939393939394,33.46030303030303
2021-04-17 14:00:00,22.66,91.4,67.48636363636363,33.49681818181818
2021-04-17 15:00:00,22.0,86.2,67.39333333333333,33.53333333333333
2021-04-17 16:00:00,22.0,81.0,67.30030303030303,33.569848484848485
2021-04-17 17:00:00,21.0,76.0,67.20727272727272,33.60636363636363
2021-04-17 18:00:00,22.55,77.63,67.11424242424242,33.642878787878786
2021-04-17 19:00:00,25.33,77.19,67.02121212121212,33.67939393939394
2021-04-17 20:00:00,24.44,69.67,66.92818181818181,33.715909090909086
2021-04-17 21:00:00,31.78,71.77,66.83515151515151,33.75242424242424
2021-04-17 22:00:00,28.0,60.0,66.7421212121212,33.788939393939394
2021-04-17 23:00:00,31.9,53.51,66.6490909090909,33.82545454545454
2021-04-18 00:00:00,31.45,63.36,66.5560606060606,33.861969696969695
2021-04-18 01:00:00,33.34,46.47,66.4630303030303,33.89848484848485
2021-04-18 02:00:00,30.0,48.0,66.37,33.935
2021-04-18 03:00:00,26.88,42.31,66.2769696969697,33.97151515151515
2021-04-18 04:00:00,23.66,33.67,66.1839393939394,34.0080303030303
2021-04-18 05:00:00,17.39,31.37,66.0909090909091,34.04454545454546
2021-04-18 06:00:00,17.68,28.56,65.99787878787879,34.0810606060606
2021-04-18 07:00:00,20.11,49.0,65.90484848484849,34.11757575757576
2021-04-18 08:00:00,24.9,50.63,65.81181818181818,34.15409090909091
2021-04-18 09:00:00,30.49,76.11,65.71878787878788,34.19060606060606
2021-04-18 10:00:00,37.89,127.62,65.62575757575758,34.22712121212121
2021-04-18 11:00:00,42.11,131.93,65.53272727272727,34.263636363636365
2021-04-18 12:00:00,43.0,136.65,65.43969696969697,34.30015151515151
2021-04-18 13:00:00,36.34,106.1,65.34666666666666,34.336666666666666
2021-04-18 14:00:00,28.0,79.0,65.25363636363636,34.37318181818182
2021-04-18 15:00:00,30.8,87.0,65.16060606060606,34.40969696969697
2021-04-18 16:00:00,38.0,110.0,65.06757575757575,34.44621212121212
2021-04-18 17:00:00,40.33,109.19,64.97454545454545,34.482727272727274
2021-04-18 18:00:00,47.0,120.0,64.88151515151515,34.51924242424242
2021-04-18 19:00:00,48.56,123.25,64.78848484848484,34.555757575757575
2021-04-18 20:00:00,42.0,108.0,64.69545454545454,34.59227272727273
2021-04-18 21:00:00,38.0,89.0,64.60242424242423,34.628787878787875
2021-04-18 22:00:00,39.55,89.81,64.50939393939393,34.66530303030303
2021-04-18 23:00:00,43.12,85.1,64.41636363636363,34.70181818181818
2021-04-19 00:00:00,46.33,91.3,64.32333333333332,34.73833333333333
2021-04-19 01:00:00,47.55,83.59,64.23030303030303,34.774848484848484
2021-04-19 02:00:00,42.0,69.0,64.13727272727273,34.81136363636364
2021-04-19 03:00:00,41.22,66.56,64.04424242424243,34.84787878787879
2021-04-19 04:00:00,30.0,50.0,63.951212121212116,34.88439393939394
2021-04-19 05:00:00,18.0,52.0,63.85818181818182,34.92090909090909
2021-04-19 06:00:00,20.34,48.74,63.765151515151516,34.957424242424246
2021-04-19 07:00:00,19.0,45.0,63.67212121212121,34.99393939393939
2021-04-19 08:00:00,38.0,134.0,63.57909090909091,35.030454545454546
2021-04-19 09:00:00,34.11,120.16,63.486060606060605,35.0669696969697
2021-04-19 10:00:00,30.67,125.95,63.3930303030303,35.10348484848485
2021-04-19 11:00:00,26.66,120.53,63.3,35.14
2021-04-19 12:00:00,24.0,110.0,61.61,35.27
2021-04-19 13:00:00,21.22,108.12,61.19,35.41
2021-04-19 14:00:00,14.0,86.0,61.36,35.54
2021-04-19 15:00:00,17.0,78.0,60.33,35.69
2021-04-19 16:00:00,18.56,78.0,59.5,35.56
2021-04-19 17:00:00,26.22,81.13,64.51,33.52
2021-04-19 18:00:00,22.67,78.12,72.45,31.45
2021-04-19 19:00:00,26.0,70.0,78.47,30.02
2021-04-19 20:00:00,18.0,66.0,81.4,29.16
2021-04-19 21:00:00,16.45,58.67,85.88,27.52
2021-04-19 22:00:00,19.0,49.0,90.44,26.2
2021-04-19 23:00:00,19.56,48.74,91.21,25.94
2021-04-20 00:00:00,20.0,47.49333333333333,92.45333333333333,25.773333333333333
2021-04-20 01:00:00,25.0,46.24666666666667,93.69666666666666,25.60666666666667
2021-04-20 02:00:00,25.0,45.0,94.94,25.44
2021-04-20 03:00:00,22.67,43.37,95.12,25.38
2021-04-20 04:00:00,20.31,39.23,95.2,25.23
2021-04-20 05:00:00,15.11,29.54,95.62,24.91
2021-04-20 06:00:00,13.55,28.25,96.07,24.94
2021-04-20 07:00:00,13.22,34.7,95.75,26.3
2021-04-20 08:00:00,23.11,57.16,81.04,30.28
2021-04-20 09:00:00,20.0,77.0,64.09,34.14
2021-04-20 10:00:00,21.12,82.02,59.9,34.33
2021-04-20 11:00:00,20.45,82.56,57.35,35.31
2021-04-20 12:00:00,21.56,86.88,62.3,34.59
2021-04-20 13:00:00,11.85,70.09,60.52,35.09
2021-04-20 14:00:00,11.33,59.49,57.23,35.64
2021-04-20 15:00:00,13.66,56.75,55.06,36.28
2021-04-20 16:00:00,17.33,62.51,57.37,35.43
2021-04-20 17:00:00,22.0,83.0,67.03,32.88
2021-04-20 18:00:00,22.0,70.0,75.19,31.15
2021-04-20 19:00:00,27.46,70.81,81.93,29.97
2021-04-20 20:00:00,29.78,66.0,85.02,29.41
2021-04-20 21:00:00,23.0,55.42,86.12,29.14
2021-04-20 22:00:00,20.0,55.0,88.0,28.28
2021-04-20 23:00:00,16.0,52.0,91.05,26.85
2021-04-21 00:00:00,16.78,40.64,93.39,26.08
2021-04-21 01:00:00,21.0,45.0,94.88,25.69
2021-04-21 02:00:00,15.55,39.3,94.96,25.46
2021-04-21 03:00:00,14.78,38.0,95.36,25.28
2021-04-21 04:00:00,21.0,32.0,95.73,25.35
2021-04-21 05:00:00,16.33,26.32,95.81,25.27
2021-04-21 06:00:00,14.0,28.0,96.22,25.18
2021-04-21 07:00:00,12.45,30.43,95.47,26.36
2021-04-21 08:00:00,21.33,39.92,80.66,30.62
2021-04-21 09:00:00,17.0,58.0,62.45,33.66
2021-04-21 10:00:00,21.0,97.0,57.33,34.62
2021-04-21 11:00:00,25.68,92.13,57.2,34.93
2021-04-21 12:00:00,26.0,102.0,62.11,35.0
2021-04-21 13:00:00,15.11,71.99,65.25,33.92
2021-04-21 14:00:00,14.22,61.23,62.21,34.92
2021-04-21 15:00:00,13.67,76.03,60.95,35.41
2021-04-21 16:00:00,17.45,80.0,62.64,34.91
2021-04-21 17:00:00,21.0,89.0,71.93,32.37
2021-04-21 18:00:00,24.11,89.0,77.29,30.98
2021-04-21 19:00:00,20.55,86.8,80.64,29.96
2021-04-21 20:00:00,22.55,81.25,85.59,28.57
2021-04-21 21:00:00,20.78,64.16,90.61,26.5
2021-04-21 22:00:00,14.0,45.0,93.1,25.68
2021-04-21 23:00:00,12.0,41.0,94.72,24.95
2021-04-22 00:00:00,11.0,39.0,95.12,24.77
2021-04-22 01:00:00,22.0,61.0,95.5,24.7
2021-04-22 02:00:00,19.0,44.0,95.64,24.73
2021-04-22 03:00:00,19.0,42.75,95.51,25.1
2021-04-22 04:00:00,20.0,39.0,95.47,25.05
2021-04-22 05:00:00,19.0,47.0,95.97,24.75
2021-04-22 06:00:00,21.22,36.34,96.22,24.5
2021-04-22 07:00:00,18.33,40.55,95.95,25.94
2021-04-22 08:00:00,18.0,48.0,74.08,30.91
2021-04-22 09:00:00,21.11,78.12,57.78,33.89
2021-04-22 10:00:00,25.88,106.97,51.19,34.4
2021-04-22 11:00:00,24.0,122.0,50.98,35.61
2021-04-22 12:00:00,31.0,133.39,57.45,35.15
2021-04-22 13:00:00,24.45,124.65,57.64,35.75
2021-04-22 14:00:00,23.66,109.56,58.38,36.26
2021-04-22 15:00:00,24.51,100.72,56.42,37.0
2021-04-22 16:00:00,34.0,90.86,61.245,34.97
2021-04-22 17:00:00,26.0,81.0,66.07,32.94
2021-04-22 18:00:00,25.22,92.39,74.93,31.45
2021-04-22 19:00:00,28.89,95.0,81.67,30.06
2021-04-22 20:00:00,26.89,87.7,85.01,28.53
2021-04-22 21:00:00,23.0,66.0,89.78,26.58
2021-04-22 22:00:00,18.55,54.8,92.61,25.29
2021-04-22 23:00:00,18.0,44.0,94.3,24.44
2021-04-23 00:00:00,17.45,39.64,95.12,24.2
2021-04-23 01:00:00,17.77,41.87,95.5,23.94
2021-04-23 02:00:00,21.36,45.51,95.97,23.74
2021-04-23 03:00:00,22.0,52.0,96.06,23.62
2021-04-23 04:00:00,23.12,51.38,96.2,23.4
2021-04-23 05:00:00,18.0,46.0,96.34,23.09
2021-04-23 06:00:00,14.11,37.0,96.66,23.02
2021-04-23 07:00:00,12.57,38.53,97.03,23.49
2021-04-23 08:00:00,19.11,53.55,79.95,29.47
2021-04-23 09:00:00,19.0,83.0,48.76,34.84
2021-04-23 10:00:00,18.22,87.87,38.43,36.29
2021-04-23 11:00:00,18.55,92.73,35.2,36.87
2021-04-23 12:00:00,17.775,90.21000000000001,36.705,36.495
2021-04-23 13:00:00,17.0,87.69,38.21,36.12
2021-04-23 14:00:00,13.1,65.31,35.92,36.83
2021-04-23 15:00:00,8.0,66.0,33.9,37.39
2021-04-23 16:00:00,10.0,67.0,40.51,36.66
2021-04-23 17:00:00,13.88,58.86,47.68,33.9
2021-04-23 18:00:00,16.0,65.0,57.19,31.66
2021-04-23 19:00:00,18.33,64.19,68.85,29.38
2021-04-23 20:00:00,19.0,64.62,75.78,27.11
2021-04-23 21:00:00,19.0,49.0,83.41,25.11
2021-04-23 22:00:00,17.45,40.08,86.72,24.55
2021-04-23 23:00:00,18.55,40.44,89.44,23.98
2021-04-24 00:00:00,18.45,41.0,90.57,23.69
2021-04-24 01:00:00,17.44,41.0,91.652,23.344
2021-04-24 02:00:00,24.0,41.0,92.734,22.998
2021-04-24 03:00:00,17.0,38.85666666666667,93.816,22.652
2021-04-24 04:00:00,20.11,36.71333333333333,94.898,22.306
2021-04-24 05:00:00,20.22,34.57,95.98,21.96
2021-04-24 06:00:00,17.0,26.0,96.0,22.18
2021-04-24 07:00:00,31.42,36.72,88.89500000000001,25.5
2021-04-24 08:00:00,23.67,47.44,81.79,28.82
2021-04-24 09:00:00,23.11,63.47,63.73,33.13
2021-04-24 10:00:00,23.89,93.14,55.74,34.72
2021-04-24 11:00:00,27.0,103.0,53.2,35.88
2021-04-24 12:00:00,17.0,98.0,59.72,34.91
2021-04-24 13:00:00,20.85,88.66,59.56,35.06
2021-04-24 14:00:00,18.0,75.0,58.61,35.53
2021-04-24 15:00:00,17.45,65.66,58.63,35.55
2021-04-24 16:00:00,13.89,64.0,63.46,33.87
2021-04-24 17:00:00,12.45,62.14,67.11,32.78
2021-04-24 18:00:00,17.45,76.41,75.79,30.84
2021-04-24 19:00:00,20.55,75.94,80.37,29.92
2021-04-24 20:00:00,21.0,75.0,84.22,28.8
2021-04-24 21:00:00,22.11,70.02,86.81,27.84
2021-04-24 22:00:00,26.11,59.67,89.53,27.04
2021-04-24 23:00:00,20.78,43.0,91.2,26.61
2021-04-25 00:00:00,19.0,43.0,92.65,25.98
2021-04-25 01:00:00,19.44,43.24,94.06,25.66
2021-04-25 02:00:00,21.0,46.0,95.0,24.92
2021-04-25 03:00:00,22.0,47.0,95.38,24.53
2021-04-25 04:00:00,20.45,42.13,95.81,24.32
2021-04-25 05:00:00,23.11,47.49,96.23,24.22
2021-04-25 06:00:00,18.0,40.0,96.41,24.62
2021-04-25 07:00:00,15.79,38.0,93.61,27.02
2021-04-25 08:00:00,32.0,66.0,77.94,30.65
2021-04-25 09:00:00,23.48,83.84,52.9,34.78
2021-04-25 10:00:00,25.65,124.5,47.87,35.96
2021-04-25 11:00:00,31.45,149.18,47.14,37.52
2021-04-25 12:00:00,34.0,146.0,54.03,37.37
2021-04-25 13:00:00,29.0,150.0,52.14,37.95
2021-04-25 14:00:00,27.0,159.0,57.09,37.27
2021-04-25 15:00:00,20.36,117.56,60.42,36.45
2021-04-25 16:00:00,17.33,86.51,62.53,36.27
2021-04-25 17:00:00,27.0,104.0,67.85,34.05
2021-04-25 18:00:00,31.65,122.72,74.88,32.95
2021-04-25 19:00:00,35.78,131.36,77.97,32.23
2021-04-25 20:00:00,50.0,144.0,78.0,31.0
2021-04-25 21:00:00,49.22,123.72,74.23,29.11
2021-04-25 22:00:00,42.89,99.09,64.96,28.52
2021-04-25 23:00:00,31.02,65.03,68.21,27.21
2021-04-26 00:00:00,32.1,60.81,68.75,27.0
2021-04-26 01:00:00,31.45,59.38,73.03,26.36
2021-04-26 02:00:00,32.11,60.86,77.95,26.18
2021-04-26 03:00:00,41.0,77.0,83.68,26.55
2021-04-26 04:00:00,43.0,74.0,88.04,26.53
2021-04-26 05:00:00,45.0,79.0,90.78,26.37
2021-04-26 06:00:00,43.0,79.0,93.03,26.49
2021-04-26 07:00:00,43.55,89.66,92.31,28.3
2021-04-26 08:00:00,45.65,130.84,79.42,32.2
2021-04-26 09:00:00,47.55,164.56,63.38,35.58
2021-04-26 10:00:00,48.0,163.89,58.23,36.78
2021-04-26 11:00:00,51.89,185.64,65.38,35.87
2021-04-26 12:00:00,48.0,182.09,66.02,35.99
2021-04-26 13:00:00,45.33,195.335,64.43,36.095
2021-04-26 14:00:00,39.45,208.58,62.84,36.2
2021-04-26 15:00:00,34.0,185.0,53.8,36.76
2021-04-26 16:00:00,34.77,169.59,56.56,36.2
2021-04-26 17:00:00,28.0,168.0,62.82,34.28
2021-04-26 18:00:00,27.0,151.0,72.65,32.3
2021-04-26 19:00:00,27.55,169.05,77.75,31.24
2021-04-26 20:00:00,33.0,205.0,84.23,30.48
2021-04-26 21:00:00,33.0,198.51,85.73,29.3
2021-04-26 22:00:00,35.2,170.96,87.4,28.57
2021-04-26 23:00:00,25.0,128.0,90.48,27.95
2021-04-27 00:00:00,23.45,124.77,91.73,27.74
2021-04-27 01:00:00,23.55,126.49,92.33,27.71
2021-04-27 02:00:00,26.32,128.81,92.53,27.74
2021-04-27 03:00:00,27.0,142.0,93.96,27.32
2021-04-27 04:00:00,31.0,136.0,94.48,26.7
2021-04-27 05:00:00,27.89,126.27,95.1,26.49
2021-04-27 06:00:00,23.89,123.19,95.64,26.28
2021-04-27 07:00:00,33.0,119.0,94.31,27.96
2021-04-27 08:00:00,25.0,133.0,84.38,31.04
2021-04-27 09:00:00,23.0,240.0,65.49,35.01
2021-04-27 10:00:00,34.0,239.0,56.84,36.27
2021-04-27 11:00:00,36.78,229.0,54.42,37.32
2021-04-27 12:00:00,41.33,237.11,61.34,36.31
2021-04-27 13:00:00,37.55,237.13,61.12,36.17
2021-04-27 14:00:00,31.67,227.08,51.74,36.67
2021-04-27 15:00:00,28.67,179.42,49.58,36.5
2021-04-27 16:00:00,23.6,155.31,51.34,35.87
2021-04-27 17:00:00,20.77,141.32,65.54,33.42
2021-04-27 18:00:00,21.78,136.89,73.17,32.1
2021-04-27 19:00:00,27.43,138.24,77.06,30.8
2021-04-27 20:00:00,32.0,133.0,79.35,30.07
2021-04-27 21:00:00,33.65,131.75,79.92,30.17
2021-04-27 22:00:00,33.0,139.0,84.1,29.01
2021-04-27 23:00:00,30.8,122.88,82.95,29.29
2021-04-28 00:00:00,24.35,102.49,85.41,28.41
2021-04-28 01:00:00,23.0,95.13,88.72,27.67
2021-04-28 02:00:00,22.45,90.89,90.22,27.59
2021-04-28 03:00:00,25.11,92.25,91.89,27.36
2021-04-28 04:00:00,29.9,92.19,93.27,27.0
2021-04-28 05:00:00,30.0,77.0,94.72,26.44
2021-04-28 06:00:00,32.0,74.0,95.73,26.5
2021-04-28 07:00:00,26.0,68.0,88.0,28.65
2021-04-28 08:00:00,32.6,126.49,79.09,31.39
2021-04-28 09:00:00,36.9,148.31,66.38,34.09
2021-04-28 10:00:00,37.1,144.0,54.93,36.8
2021-04-28 11:00:00,45.75,165.06,51.25,37.1
2021-04-28 12:00:00,41.0,165.13,56.19,36.23
2021-04-28 13:00:00,33.55,133.99,59.05,36.21
2021-04-28 14:00:00,30.0,122.0,62.12,35.78
2021-04-28 15:00:00,25.35,117.13,62.66,35.43
2021-04-28 16:00:00,20.13,90.86,63.39,34.97
2021-04-28 17:00:00,14.0,90.0,71.46,32.61
2021-04-28 18:00:00,16.0,104.0,75.71,31.43
2021-04-28 19:00:00,15.45,116.44,78.8,30.66
2021-04-28 20:00:00,19.95,128.98,82.43,29.79
2021-04-28 21:00:00,21.0,99.0,86.97,28.19
2021-04-28 22:00:00,24.88,86.04,88.74,27.52
2021-04-28 23:00:00,24.35,74.22,88.09,26.81
2021-04-29 00:00:00,16.4,62.84,87.15,26.02
2021-04-29 01:00:00,15.0,57.0,87.6,25.99
2021-04-29 02:00:00,17.0,59.0,89.39,25.88
2021-04-29 03:00:00,19.77,52.22,92.05,25.57
2021-04-29 04:00:00,22.0,54.49,93.5,25.33
2021-04-29 05:00:00,19.8,46.66,94.57,25.23
2021-04-29 06:00:00,17.0,53.42,94.19999999999999,26.05
2021-04-29 07:00:00,18.85,60.18,93.83,26.87
2021-04-29 08:00:00,20.35,53.2,87.11,29.8
2021-04-29 09:00:00,13.57,52.95,64.55,33.95
2021-04-29 10:00:00,23.0,119.0,53.89,35.8
2021-04-29 11:00:00,24.55,121.42,54.92,36.2
2021-04-29 12:00:00,22.68,117.15,61.03,35.5
2021-04-29 13:00:00,16.0,72.0,61.41,35.98
2021-04-29 14:00:00,17.55,68.75,59.52,36.15
2021-04-29 15:00:00,18.0,66.75,61.31,35.71
2021-04-29 16:00:00,9.47,55.49,67.89,34.42
2021-04-29 17:00:00,7.0,48.0,77.04,32.3
2021-04-29 18:00:00,9.72,51.7,81.12,31.38
2021-04-29 19:00:00,14.0,53.0,85.57,30.51
2021-04-29 20:00:00,20.2,58.68,86.03,30.22
2021-04-29 21:00:00,22.0,55.0,86.72,29.92
2021-04-29 22:00:00,24.75,55.61,88.78,29.24
2021-04-29 23:00:00,24.79,49.16,90.72,28.45
2021-04-30 00:00:00,16.81,31.21,92.86,27.5
2021-04-30 01:00:00,14.22,35.3,93.62,27.18
2021-04-30 02:00:00,16.0,35.0,94.48,26.71
2021-04-30 03:00:00,14.45,39.87,95.29,26.22
2021-04-30 04:00:00,15.11,42.25,95.84,26.12
2021-04-30 05:00:00,16.55,39.89,95.88,25.96
2021-04-30 06:00:00,16.45,36.75,95.7,25.69
2021-04-30 07:00:00,21.5,40.36,93.45,27.22
2021-04-30 08:00:00,30.0,63.0,76.07,32.23
2021-04-30 09:00:00,33.88,90.58,70.11,34.17
2021-04-30 10:00:00,38.3,126.25,66.42,34.82
2021-04-30 11:00:00,37.9,111.56,64.29,35.15
2021-04-30 12:00:00,29.0,91.0,60.72,35.76
2021-04-30 13:00:00,32.11,88.51,59.92,35.55
2021-04-30 14:00:00,28.35,83.75,56.82,36.18
2021-04-30 15:00:00,19.25,70.88,56.18,35.77
2021-04-30 16:00:00,13.12,84.97,60.34,34.38
2021-04-30 17:00:00,18.08,69.985,71.14,32.605000000000004
2021-04-30 18:00:00,12.0,55.0,81.94,30.83
2021-04-30 19:00:00,11.22,51.76,84.03,30.39
2021-04-30 20:00:00,14.88,55.04,85.29,29.76
2021-04-30 21:00:00,19.88,61.0,88.09,28.73
2021-04-30 22:00:00,18.23,52.16,88.19,28.16
2021-04-30 23:00:00,19.88,47.62,88.05,27.75
2021-05-01 00:00:00,18.68,45.58,89.37,27.12
2021-05-01 01:00:00,14.9,40.95,91.13,26.51
2021-05-01 02:00:00,17.89,40.81,91.92,26.41
2021-05-01 03:00:00,14.35,40.19,92.53,26.43
2021-05-01 04:00:00,13.78,38.38,92.82,26.59
2021-05-01 05:00:00,15.54,42.87,93.4,26.46
2021-05-01 06:00:00,18.32,35.92,94.01,26.56
2021-05-01 07:00:00,19.77,36.43,93.61,27.34
2021-05-01 08:00:00,33.17,55.66,86.22,30.01
2021-05-01 09:00:00,26.15,58.37,67.27,33.43
2021-05-01 10:00:00,26.87,66.92,56.47,35.12
2021-05-01 11:00:00,34.98,93.25,49.37,37.01
2021-05-01 12:00:00,39.33,100.62,50.23,37.29
2021-05-01 13:00:00,38.45,105.06,58.89,36.66
2021-05-01 14:00:00,29.48,83.29,58.37,36.31
2021-05-01 15:00:00,20.02,63.48,59.89,36.09
2021-05-01 16:00:00,16.45,60.0,64.76,34.13
2021-05-01 17:00:00,12.11,50.27,69.63,32.9
2021-05-01 18:00:00,15.63,56.08,72.82,31.95
2021-05-01 19:00:00,19.32,70.98,78.98,30.95
2021-05-01 20:00:00,20.0,61.83,81.36,30.08
2021-05-01 21:00:00,23.88,70.1,83.88,29.07
2021-05-01 22:00:00,23.45,60.02,87.62,27.88
2021-05-01 23:00:00,25.32,54.38,90.19,27.26
2021-05-02 00:00:00,29.88,54.81,91.9,26.79
2021-05-02 01:00:00,20.95,41.21,93.26,26.48
2021-05-02 02:00:00,16.45,31.0,93.51,26.56
2021-05-02 03:00:00,16.0,32.63,92.16,26.84
2021-05-02 04:00:00,20.63,38.67,91.98,26.81
2021-05-02 05:00:00,28.2,52.93,92.52,26.69
2021-05-02 06:00:00,29.23,49.53,93.12,26.59
2021-05-02 07:00:00,29.77,56.92,91.0,28.27
2021-05-02 08:00:00,44.73,69.51,82.53,31.84
2021-05-02 09:00:00,31.18,73.62,77.96,33.06
2021-05-02 10:00:00,21.35,66.72,75.53,33.37
2021-05-02 11:00:00,20.77,69.35,68.47,35.03
2021-05-02 12:00:00,18.68,76.04,59.62,36.31
2021-05-02 13:00:00,29.58,86.72,58.66,36.25
2021-05-02 14:00:00,28.35,78.49,58.17,35.8
2021-05-02 15:00:00,24.68,67.11,60.82,35.35
2021-05-02 16:00:00,17.8,67.0,63.66,35.0
2021-05-02 17:00:00,12.91,68.61,70.44,33.16
2021-05-02 18:00:00,12.78,68.19,76.07,31.93
2021-05-02 19:00:00,16.1,60.73,74.19,30.8
2021-05-02 20:00:00,23.98,73.55,67.53,29.45
2021-05-02 21:00:00,46.11,105.0,71.65,27.95
2021-05-02 22:00:00,49.67,88.87,73.32,27.33
2021-05-02 23:00:00,42.82,78.53,76.15,26.63
2021-05-03 00:00:00,43.32,70.53,78.71,26.13
2021-05-03 01:00:00,40.0,63.0,81.42,25.77
2021-05-03 02:00:00,40.0,56.0,83.77,25.59
2021-05-03 03:00:00,42.0,64.0,86.82,25.7
2021-05-03 04:00:00,39.0,63.0,89.53,25.77
2021-05-03 05:00:00,35.15,60.53,91.63,25.7
2021-05-03 06:00:00,32.0,54.96,92.09,25.58
2021-05-03 07:00:00,35.3,60.78,90.92,26.32
2021-05-03 08:00:00,41.1,69.87,71.23,31.94
2021-05-03 09:00:00,38.12,66.15,49.8,36.29
2021-05-03 10:00:00,35.45,61.77,46.75,37.41
2021-05-03 11:00:00,36.0,87.0,47.91,38.02
2021-05-03 12:00:00,46.08,103.17,52.07,37.45
2021-05-03 13:00:00,48.45,102.06,49.34,37.75
2021-05-03 14:00:00,47.23,92.53,50.03,37.53
2021-05-03 15:00:00,45.91,91.62,51.55,37.47
2021-05-03 16:00:00,39.59,82.3,60.86,35.73
2021-05-03 17:00:00,31.82,72.72,68.06,33.78
2021-05-03 18:00:00,27.68,70.38,71.45,32.63
2021-05-03 19:00:00,23.7,70.62,77.59,31.24
2021-05-03 20:00:00,19.45,62.92,81.32,30.06
2021-05-03 21:00:00,15.0,63.0,84.47,29.12
2021-05-03 22:00:00,24.0,61.0,86.72,28.37
2021-05-03 23:00:00,21.0,48.0,86.76,27.93
2021-05-04 00:00:00,23.18,48.61,87.56,27.32
2021-05-04 01:00:00,24.45,47.77,88.25,26.69
2021-05-04 02:00:00,20.7,42.06,90.4,26.29
2021-05-04 03:00:00,17.45,39.0,92.62,25.96
2021-05-04 04:00:00,20.86,39.81,93.42,26.03
2021-05-04 05:00:00,20.45,40.0,94.76,26.13
2021-05-04 06:00:00,19.23,40.81,95.36,25.94
2021-05-04 07:00:00,19.0,42.62,91.71,27.53
2021-05-04 08:00:00,32.0,47.0,71.66,32.03
2021-05-04 09:00:00,27.36,72.95,59.7,35.34
2021-05-04 10:00:00,29.0,90.155,53.43,36.650000000000006
2021-05-04 11:00:00,31.65,107.36,47.16,37.96
2021-05-04 12:00:00,26.0,93.0,56.86,36.73
2021-05-04 13:00:00,22.13,80.02,58.04,36.41
2021-05-04 14:00:00,17.91,75.39,55.27,37.09
2021-05-04 15:00:00,17.0,69.27,58.06,36.465
2021-05-04 16:00:00,18.09,63.15,60.85,35.84
2021-05-04 17:00:00,22.81,62.0,64.93,34.61
2021-05-04 18:00:00,17.0,61.56818181818182,75.4,32.73
2021-05-04 19:00:00,18.65,61.13636363636363,77.67,32.06
2021-05-04 20:00:00,22.2,60.70454545454545,80.92,30.87
2021-05-04 21:00:00,26.2,60.27272727272727,84.94,29.52
2021-05-04 22:00:00,32.0,59.84090909090909,87.35499999999999,28.490000000000002
2021-05-04 23:00:00,36.63,59.40909090909091,89.77,27.46
2021-05-05 00:00:00,35.68,58.97727272727273,90.94,26.75
2021-05-05 01:00:00,34.45,58.54545454545455,92.06,26.47
2021-05-05 02:00:00,30.19,58.11363636363637,92.91,26.28
2021-05-05 03:00:00,27.0,57.68181818181818,94.55,26.03
2021-05-05 04:00:00,23.73,57.25,94.97,25.95
2021-05-05 05:00:00,21.55,56.81818181818182,95.21,25.44
2021-05-05 06:00:00,22.0,56.38636363636364,92.06,24.74
2021-05-05 07:00:00,19.68,55.95454545454545,86.26,27.25
2021-05-05 08:00:00,19.0,55.52272727272727,72.59,32.37
2021-05-05 09:00:00,23.0,55.09090909090909,64.34,34.79
2021-05-05 10:00:00,20.68,54.65909090909091,57.19,36.54
2021-05-05 11:00:00,19.23,54.22727272727273,56.08,37.13
2021-05-05 12:00:00,17.91,53.79545454545455,63.78,36.45
2021-05-05 13:00:00,20.0,53.36363636363636,64.66,36.42
2021-05-05 14:00:00,22.72,52.93181818181818,65.0,36.51
2021-05-05 15:00:00,26.55,52.5,65.71,36.08
2021-05-05 16:00:00,26.45,52.06818181818182,67.32,35.44
2021-05-05 17:00:00,28.32,51.63636363636364,69.25,34.35
2021-05-05 18:00:00,27.45,51.20454545454545,75.89,32.83
2021-05-05 19:00:00,20.0,50.77272727272727,79.57,32.12
2021-05-05 20:00:00,28.0,50.34090909090909,83.25,31.41
2021-05-05 21:00:00,23.35,49.90909090909091,85.2,30.85
2021-05-05 22:00:00,22.18,49.47727272727273,86.86500000000001,30.22
2021-05-05 23:00:00,26.72,49.04545454545455,88.53,29.59
2021-05-06 00:00:00,22.0,48.61363636363636,91.37,28.24
2021-05-06 01:00:00,21.0,48.18181818181818,93.53,27.45
2021-05-06 02:00:00,19.0,47.75,94.3,27.19
2021-05-06 03:00:00,16.93,47.31818181818182,94.66,27.06
2021-05-06 04:00:00,18.84,46.88636363636364,94.84,26.84
2021-05-06 05:00:00,17.16,46.45454545454545,95.29,26.55
2021-05-06 06:00:00,9.64,46.02272727272727,96.1,26.47
2021-05-06 07:00:00,18.23,45.59090909090909,95.08,27.9
2021-05-06 08:00:00,19.92,45.15909090909091,77.15,32.33
2021-05-06 09:00:00,24.58,44.72727272727273,61.38,35.24
2021-05-06 10:00:00,26.82,44.29545454545455,56.29,36.63
2021-05-06 11:00:00,24.25,43.86363636363636,59.16,36.6
2021-05-06 12:00:00,17.56,43.43181818181818,62.24,35.91
2021-05-06 13:00:00,12.0,43.0,59.05,36.57
2021-05-06 14:00:00,12.36,45.33,57.94,36.97
2021-05-06 15:00:00,22.18,69.97,63.07,36.24
2021-05-06 16:00:00,23.0,67.0,68.29,34.81
2021-05-06 17:00:00,21.0,59.0,71.77,33.44
2021-05-06 18:00:00,18.82,79.35,78.03,31.77
2021-05-06 19:00:00,19.32,65.33,82.07,31.02
2021-05-06 20:00:00,17.0,47.0,85.71,29.86
2021-05-06 21:00:00,20.86,47.0,88.47,28.92
2021-05-06 22:00:00,19.28,42.69,90.95,28.15
2021-05-06 23:00:00,29.36,48.07,92.63,27.56
2021-05-07 00:00:00,31.91,41.825,93.56,27.185
2021-05-07 01:00:00,19.77,35.58,94.49,26.81
2021-05-07 02:00:00,20.0,34.0,95.14,26.41
2021-05-07 03:00:00,13.05,29.15,95.59,26.2
2021-05-07 04:00:00,7.0,30.0,95.81,26.32
2021-05-07 05:00:00,16.0,30.0,95.75,26.37
2021-05-07 06:00:00,12.0,32.0,95.86,26.47
2021-05-07 07:00:00,34.0,57.0,94.6,28.17
2021-05-07 08:00:00,34.77,51.36,75.24,32.62
2021-05-07 09:00:00,23.42,53.22,59.07,35.24
2021-05-07 10:00:00,19.0,75.0,49.9,36.81
2021-05-07 11:00:00,19.09,75.23,46.81,37.92
2021-05-07 12:00:00,21.65,73.53,61.56,36.1
2021-05-07 13:00:00,20.81,63.98,61.99,36.07
2021-05-07 14:00:00,20.63,61.45,59.84,36.41
2021-05-07 15:00:00,21.23,70.25,55.65,37.02
2021-05-07 16:00:00,19.0,59.0,65.98,35.16
2021-05-07 17:00:00,17.91,57.77,72.05,33.79
2021-05-07 18:00:00,26.0,64.0,77.37,32.06
2021-05-07 19:00:00,21.37,59.15,80.0,31.54
2021-05-07 20:00:00,22.0,52.0,82.35,30.84
2021-05-07 21:00:00,20.0,52.0,85.5,29.67
2021-05-07 22:00:00,16.0,45.0,88.82,28.73
2021-05-07 23:00:00,21.99,46.85,90.6,28.2
2021-05-08 00:00:00,26.46,43.72,92.39,27.66
2021-05-08 01:00:00,28.2,38.53,93.56,27.11
2021-05-08 02:00:00,24.55,33.3,94.62,26.73
2021-05-08 03:00:00,17.28,26.11,95.1,26.5
2021-05-08 04:00:00,11.19,24.84,95.31,26.29
2021-05-08 05:00:00,7.0,25.0,95.74,25.95
2021-05-08 06:00:00,13.95,25.81,96.13,25.99
2021-05-08 07:00:00,26.0,52.0,93.08,29.05
2021-05-08 08:00:00,45.3,55.23,75.72,32.36
2021-05-08 09:00:00,24.74,44.68,53.02,35.97
2021-05-08 10:00:00,24.0,78.0,46.0,37.85
2021-05-08 11:00:00,17.0,68.0,49.7,37.54
2021-05-08 12:00:00,18.09,56.9,59.41,36.76
2021-05-08 13:00:00,19.0,50.0,59.77,36.73
2021-05-08 14:00:00,19.0,47.58,59.45,36.8
2021-05-08 15:00:00,14.1,51.31,62.88,36.09
2021-05-08 16:00:00,15.45,60.78,63.6,35.9
2021-05-08 17:00:00,16.0,49.0,74.02,33.44
2021-05-08 18:00:00,21.0,50.0,80.51,31.86
2021-05-08 19:00:00,17.91,54.04,83.02,31.25
2021-05-08 20:00:00,8.0,42.0,85.02,30.64
2021-05-08 21:00:00,13.4,38.77,86.15,30.48
2021-05-08 22:00:00,14.080000000000002,39.385000000000005,87.02000000000001,30.115000000000002
2021-05-08 23:00:00,19.0,40.0,87.89,29.75
2021-05-09 00:00:00,21.31,40.89,89.11,29.33
2021-05-09 01:00:00,19.0,38.112,90.30199999999999,28.808
2021-05-09 02:00:00,17.45,35.334,91.494,28.285999999999998
2021-05-09 03:00:00,14.3,32.556,92.68599999999999,27.764
2021-05-09 04:00:00,7.0,29.778,93.878,27.241999999999997
2021-05-09 05:00:00,8.54,27.0,95.07,26.72
2021-05-09 06:00:00,9.77,23.77,95.57,26.74
2021-05-09 07:00:00,10.77,31.89,91.65,28.94
2021-05-09 08:00:00,19.62,46.95,76.34,32.8
2021-05-09 09:00:00,18.61,62.985,68.195,34.575
2021-05-09 10:00:00,15.36,79.02,60.05,36.35
2021-05-09 11:00:00,19.0,82.0,60.27,36.66
2021-05-09 12:00:00,17.0,78.0,62.99,36.01
2021-05-09 13:00:00,10.0,71.0,62.59,36.15
2021-05-09 14:00:00,12.18,63.6,62.59,35.86
2021-05-09 15:00:00,12.37,60.22,62.83,35.63
2021-05-09 16:00:00,14.27,64.7,63.12,35.11
2021-05-09 17:00:00,17.0,76.0,69.47,33.45
2021-05-09 18:00:00,16.45,74.77,75.97,32.25
2021-05-09 19:00:00,16.18,69.33,78.16,31.49
2021-05-09 20:00:00,20.0,44.0,83.35,30.83
2021-05-09 21:00:00,12.28,48.03,84.52,30.5
2021-05-09 22:00:00,10.0,45.78,86.8,29.79
2021-05-09 23:00:00,11.09,41.34,88.61,28.98
2021-05-10 00:00:00,15.86,40.62,91.45,28.16
2021-05-10 01:00:00,18.09,36.11,92.93,27.66
2021-05-10 02:00:00,23.0,30.0,93.6,27.5
2021-05-10 03:00:00,16.0,27.0,94.09,27.11
2021-05-10 04:00:00,13.28,20.28,94.55,26.98
2021-05-10 05:00:00,6.0,14.0,94.84,26.64
2021-05-10 06:00:00,5.46,17.0,91.765,28.185000000000002
2021-05-10 07:00:00,19.0,25.0,88.69,29.73
2021-05-10 08:00:00,19.0,42.0,73.75,32.51
2021-05-10 09:00:00,12.0,63.0,59.92,35.42
2021-05-10 10:00:00,13.39,63.82,54.965,36.260000000000005
2021-05-10 11:00:00,13.77,64.64,50.01,37.1
2021-05-10 12:00:00,12.37,59.22,55.74,36.62
2021-05-10 13:00:00,12.0,47.0,50.17,36.8
2021-05-10 14:00:00,12.0,47.0,52.44,36.62
2021-05-10 15:00:00,8.91,47.8,51.73,36.78
2021-05-10 16:00:00,11.85,53.474999999999994,58.075,35.325
2021-05-10 17:00:00,14.92,59.15,64.42,33.87
2021-05-10 18:00:00,14.54,50.6,72.75,31.94
2021-05-10 19:00:00,13.38,46.0,78.77,30.63
2021-05-10 20:00:00,18.16,41.97,81.93,29.75
2021-05-10 21:00:00,16.77,41.61,84.46,29.07
2021-05-10 22:00:00,15.08,36.5,87.98,27.85
2021-05-10 23:00:00,14.0,28.0,90.82,27.17
2021-05-11 00:00:00,14.54,34.72,91.5,27.02
2021-05-11 01:00:00,27.0,31.0,93.12,26.44
2021-05-11 02:00:00,13.150000000000002,27.5,94.23,25.98
2021-05-11 03:00:00,14.0,24.0,94.97,25.69
2021-05-11 04:00:00,13.92,23.07,95.26,25.68
2021-05-11 05:00:00,18.0,29.056,88.49600000000001,27.458
2021-05-11 06:00:00,17.07,35.042,81.732,29.236
2021-05-11 07:00:00,23.45,41.028,74.968,31.014
2021-05-11 08:00:00,21.23,47.013999999999996,68.20400000000001,32.792
2021-05-11 09:00:00,18.0,53.0,61.44,34.57
2021-05-11 10:00:00,18.77,44.14,59.27,35.3
2021-05-11 11:00:00,19.77,41.2,56.62,35.56
2021-05-11 12:00:00,18.46,36.97,57.2,35.42
2021-05-11 13:00:00,15.3,30.45,56.83,35.51
2021-05-11 14:00:00,13.0,31.87,54.18,36.24
2021-05-11 15:00:00,19.0,36.0,52.66,36.61
2021-05-11 16:00:00,20.09,37.84,54.95,35.62
2021-05-11 17:00:00,21.0,42.22,63.93,33.36
2021-05-11 18:00:00,20.23,43.0,72.58,31.46
2021-05-11 19:00:00,14.0,38.0,76.8,30.65
2021-05-11 20:00:00,14.54,34.91,79.66,30.01
2021-05-11 21:00:00,16.08,28.69,82.84,29.07
2021-05-11 22:00:00,11.62,27.61,87.1,27.59
2021-05-11 23:00:00,13.0,25.0,89.32,27.01
2021-05-12 00:00:00,12.23,22.57,91.09,26.62
2021-05-12 01:00:00,19.0,33.0,92.69,26.36
2021-05-12 02:00:00,20.0,22.0,93.32,26.1
2021-05-12 03:00:00,20.08,21.78,93.77,25.96
2021-05-12 04:00:00,13.0,15.0,94.54,25.94
2021-05-12 05:00:00,13.47,15.22,94.67,25.75
2021-05-12 06:00:00,7.0,20.0,94.66,26.19
2021-05-12 07:00:00,13.93,28.89,86.01,29.35
2021-05-12 08:00:00,20.0,34.0,69.35,33.3
2021-05-12 09:00:00,20.77,63.8,60.32,35.13
2021-05-12 10:00:00,18.84,59.0,59.53,35.27
2021-05-12 11:00:00,14.69,42.89,55.33,36.2
2021-05-12 12:00:00,13.46,44.5,57.92,35.52
2021-05-12 13:00:00,9.91,37.49,56.59,35.52
2021-05-12 14:00:00,8.0,42.0,53.64,35.8
2021-05-12 15:00:00,9.62,46.28,55.29,35.83
2021-05-12 16:00:00,13.0,57.0,59.97,34.75
2021-05-12 17:00:00,13.0,52.0,64.32,33.27
2021-05-12 18:00:00,13.54,46.45,68.38,32.02
2021-05-12 19:00:00,12.0,47.0,73.35,30.45
2021-05-12 20:00:00,18.0,46.0,75.67,30.15
2021-05-12 21:00:00,6.0,22.0,77.67,29.7
2021-05-12 22:00:00,5.23,30.86,76.92,29.96
2021-05-12 23:00:00,6.08,33.0,77.84,29.41
2021-05-13 00:00:00,7.0,29.0,84.37,27.56
2021-05-13 01:00:00,13.16,36.25,84.9,27.6
2021-05-13 02:00:00,16.0,29.0,85.63,27.4
2021-05-13 03:00:00,12.15,27.39,86.36,27.2
2021-05-13 04:00:00,12.08,25.78,89.16,26.57
2021-05-13 05:00:00,9.0,16.0,89.61,26.78
2021-05-13 06:00:00,10.54,20.04,89.83,27.11
2021-05-13 07:00:00,8.84,29.63,84.41,29.43
2021-05-13 08:00:00,12.93,41.11,72.41,32.31
2021-05-13 09:00:00,12.0,66.0,60.12,34.66
2021-05-13 10:00:00,15.08,67.84,57.6,34.82
2021-05-13 11:00:00,10.0,58.0,55.61,35.33
2021-05-13 12:00:00,10.0,70.88,55.34,35.56
2021-05-13 13:00:00,15.38,56.45,53.63,35.55
2021-05-13 14:00:00,7.0,45.0,55.66,35.37
2021-05-13 15:00:00,16.0,75.0,54.64,35.36
2021-05-13 16:00:00,13.68,62.92,58.42,34.55
2021-05-13 17:00:00,16.85,55.96,66.7,33.0
2021-05-13 18:00:00,16.0,54.0,74.03,31.1
2021-05-13 19:00:00,18.18,52.83,73.84,30.87
2021-05-13 20:00:00,17.82,51.45,77.28,29.7
2021-05-13 21:00:00,15.46,48.69,79.94,28.89
2021-05-13 22:00:00,11.0,41.0,84.72,27.52
2021-05-13 23:00:00,14.0,35.0,88.28,26.69
2021-05-14 00:00:00,14.54,30.72,89.77,26.43
2021-05-14 01:00:00,14.23,32.83,91.44,26.0
2021-05-14 02:00:00,17.85,36.42,92.5,25.65
2021-05-14 03:00:00,18.82,35.37,93.1,25.48
2021-05-14 04:00:00,15.46,27.58,94.18,25.06
2021-05-14 05:00:00,11.92,18.95,94.74,24.79
2021-05-14 06:00:00,12.09,21.31,95.06,24.66
2021-05-14 07:00:00,13.0,36.0,84.2,29.49
2021-05-14 08:00:00,16.0,43.0,69.79,32.42
2021-05-14 09:00:00,14.0,45.0,56.74,34.85
2021-05-14 10:00:00,16.0,73.0,51.22,35.98
2021-05-14 11:00:00,18.0,75.0,51.36,36.76
2021-05-14 12:00:00,22.0,74.0,56.49,36.22
2021-05-14 13:00:00,21.23,69.17,58.2,36.15
2021-05-14 14:00:00,18.0,61.0,57.31,36.16
2021-05-14 15:00:00,13.69,59.0,57.36,35.99
2021-05-14 16:00:00,13.23,60.78,58.99,35.46
2021-05-14 17:00:00,18.0,73.0,66.35,32.97
2021-05-14 18:00:00,18.0,73.0,71.26,32.09
2021-05-14 19:00:00,18.77,64.13,75.92,31.16
2021-05-14 20:00:00,19.54,56.0,77.54333333333334,31.036666666666665
2021-05-14 21:00:00,21.169999999999998,47.0,79.16666666666667,30.913333333333334
2021-05-14 22:00:00,12.0,38.0,80.79,30.79
2021-05-14 23:00:00,11.0,42.0,79.24,30.81
2021-05-15 00:00:00,9.0,44.0,81.68,30.06
2021-05-15 01:00:00,9.0,46.0,84.12,29.31
2021-05-15 02:00:00,13.85,46.61,86.1,28.83
2021-05-15 03:00:00,16.46,37.33,84.95,29.14
2021-05-15 04:00:00,18.16,34.39,85.69,29.03
2021-05-15 05:00:00,23.43,36.195,84.83500000000001,29.535
2021-05-15 06:00:00,11.0,38.0,83.98,30.04
2021-05-15 07:00:00,9.92,39.22,75.42,30.71
2021-05-15 08:00:00,9.0,49.0,61.38,32.47
2021-05-15 09:00:00,15.46,64.89,64.56,31.67
2021-05-15 10:00:00,31.0,180.0,58.535,33.05
2021-05-15 11:00:00,31.0,180.0,52.51,34.43
2021-05-15 12:00:00,69.58,180.0,46.49,36.97
2021-05-15 13:00:00,76.0,180.0,43.28,38.14
2021-05-15 14:00:00,88.4,180.62,42.68,38.73
2021-05-15 15:00:00,100.54,186.62,50.95,38.26
2021-05-15 16:00:00,87.2,171.08,67.29,35.79
2021-05-15 17:00:00,47.0,123.0,65.78,35.61
2021-05-15 18:00:00,53.16,148.78,69.38,34.98
2021-05-15 19:00:00,56.32,162.39,68.675,34.474999999999994
2021-05-15 20:00:00,105.0,176.0,67.97,33.97
2021-05-15 21:00:00,73.0,170.0,65.55,33.48
2021-05-15 22:00:00,71.92,162.6,58.41,34.05
2021-05-15 23:00:00,63.0,174.0,54.78,34.73
2021-05-16 00:00:00,58.4,231.8,77.78,32.06
2021-05-16 01:00:00,45.69,143.33,84.41,30.69
2021-05-16 02:00:00,48.0,64.0,84.71,30.29
2021-05-16 03:00:00,43.38,60.78,86.03,29.9
2021-05-16 04:00:00,37.0,66.0,86.91,28.31
2021-05-16 05:00:00,15.0,28.0,76.69,29.47
2021-05-16 06:00:00,11.23,17.61,85.83,28.13
2021-05-16 07:00:00,14.76,17.305,77.66499999999999,29.965
2021-05-16 08:00:00,8.0,17.0,69.5,31.8
2021-05-16 09:00:00,14.0,26.0,63.08,33.89
2021-05-16 10:00:00,18.85,42.5,56.0,35.86
2021-05-16 11:00:00,19.17,44.98,49.09,37.45
2021-05-16 12:00:00,16.92,39.39,47.11,37.89
2021-05-16 13:00:00,16.0,39.63,46.08,38.05
2021-05-16 14:00:00,11.52,39.988,48.67333333333333,37.343333333333334
2021-05-16 15:00:00,14.67,40.346000000000004,51.266666666666666,36.63666666666666
2021-05-16 16:00:00,11.32,40.704,53.86,35.93
2021-05-16 17:00:00,12.829999999999998,41.062000000000005,56.45333333333333,35.22333333333333
2021-05-16 18:00:00,31.270000000000003,41.42,59.04666666666667,34.516666666666666
2021-05-16 19:00:00,19.3,41.778,61.64,33.809999999999995
2021-05-16 20:00:00,10.689999999999998,42.136,64.23333333333333,33.10333333333333
2021-05-16 21:00:00,14.57,42.494,66.82666666666667,32.39666666666666
2021-05-16 22:00:00,13.17,42.852000000000004,69.42,31.689999999999998
2021-05-16 23:00:00,13.0,43.21,72.01333333333334,30.98333333333333
2021-05-17 00:00:00,11.18,43.568,74.60666666666667,30.276666666666664
2021-05-17 01:00:00,15.58,43.926,77.2,29.57
2021-05-17 02:00:00,10.48,44.284,79.79333333333334,28.86333333333333
2021-05-17 03:00:00,9.999999999999998,44.642,82.38666666666667,28.156666666666666
2021-05-17 04:00:00,13.0,45.0,84.98,27.45
2021-05-17 05:00:00,13.54,37.66,91.04,26.45
2021-05-17 06:00:00,10.15,27.36,92.44,26.37
2021-05-17 07:00:00,6.69,16.33,91.99,26.64
2021-05-17 08:00:00,4.46,14.8,90.6,27.03
2021-05-17 09:00:00,3.73,13.22,90.57,27.16
2021-05-17 10:00:00,8.66,12.0,97.42,26.12
2021-05-17 11:00:00,8.0,12.0,98.08,26.31
2021-05-17 12:00:00,7.23,12.8,98.18,26.25
2021-05-17 13:00:00,8.62,20.34,98.1,25.66
2021-05-17 14:00:00,9.77,20.11,98.56,25.48
2021-05-17 15:00:00,7.08,14.835,98.67,26.41
2021-05-17 16:00:00,7.77,9.56,98.81,26.61
2021-05-17 17:00:00,25.36,10.68042105263158,98.4001052631579,26.698736842105262
2021-05-17 18:00:00,14.12,11.800842105263158,97.99021052631579,26.787473684210525
2021-05-17 19:00:00,7.52,12.921263157894737,97.58031578947369,26.876210526315788
2021-05-17 20:00:00,20.7,14.041684210526316,97.17042105263158,26.96494736842105
2021-05-17 21:00:00,21.090000000000003,15.162105263157896,96.76052631578948,27.053684210526317
2021-05-17 22:00:00,21.91,16.282526315789475,96.35063157894737,27.14242105263158
2021-05-17 23:00:00,14.689999999999998,17.402947368421053,95.94073684210527,27.231157894736842
2021-05-18 00:00:00,12.17,18.52336842105263,95.53084210526316,27.319894736842105
2021-05-18 01:00:00,11.090000000000002,19.643789473684212,95.12094736842106,27.408631578947368
2021-05-18 02:00:00,12.829999999999998,20.764210526315793,94.71105263157895,27.49736842105263
2021-05-18 03:00:00,9.36,21.88463157894737,94.30115789473685,27.586105263157894
2021-05-18 04:00:00,11.73,23.00505263157895,93.89126315789474,27.674842105263156
2021-05-18 05:00:00,13.83,24.125473684210526,93.48136842105264,27.76357894736842
2021-05-18 06:00:00,16.74,25.245894736842104,93.07147368421053,27.852315789473685
2021-05-18 07:00:00,13.35,26.36631578947369,92.66157894736843,27.94105263157895
2021-05-18 08:00:00,18.48,27.486736842105266,92.25168421052632,28.02978947368421
2021-05-18 09:00:00,16.26,28.607157894736844,91.84178947368422,28.118526315789474
2021-05-18 10:00:00,10.52,29.72757894736842,91.43189473684211,28.207263157894737
2021-05-18 11:00:00,15.48,30.848,91.022,28.296
2021-05-18 12:00:00,19.64,31.968421052631584,90.6121052631579,28.384736842105262
2021-05-18 13:00:00,15.43,33.08884210526316,90.2022105263158,28.473473684210525
2021-05-18 14:00:00,26.03,34.20926315789474,89.79231578947369,28.562210526315788
2021-05-18 15:00:00,28.82,35.32968421052632,89.38242105263159,28.65094736842105
2021-05-18 16:00:00,20.73,36.450105263157894,88.97252631578948,28.739684210526313
2021-05-18 17:00:00,28.22,37.57052631578947,88.56263157894738,28.82842105263158
2021-05-18 18:00:00,27.17,38.69094736842106,88.15273684210527,28.917157894736842
2021-05-18 19:00:00,25.16,39.811368421052634,87.74284210526316,29.005894736842105
2021-05-18 20:00:00,25.0,40.93178947368421,87.33294736842106,29.094631578947368
2021-05-18 21:00:00,27.78,42.05221052631579,86.92305263157894,29.18336842105263
2021-05-18 22:00:00,21.61,43.172631578947374,86.51315789473685,29.272105263157894
2021-05-18 23:00:00,22.83,44.29305263157895,86.10326315789473,29.360842105263156
2021-05-19 00:00:00,26.66,45.41347368421053,85.69336842105264,29.44957894736842
2021-05-19 01:00:00,19.64,46.53389473684211,85.28347368421052,29.538315789473685
2021-05-19 02:00:00,12.61,47.654315789473685,84.87357894736843,29.627052631578948
2021-05-19 03:00:00,11.090000000000002,48.77473684210527,84.46368421052631,29.71578947368421
2021-05-19 04:00:00,11.0,49.89515789473685,84.05378947368422,29.804526315789474
2021-05-19 05:00:00,12.82,51.015578947368425,83.6438947368421,29.893263157894737
2021-05-19 06:00:00,16.66,52.136,83.234,29.982
2021-05-19 07:00:00,19.74,53.25642105263158,82.82410526315789,30.070736842105262
2021-05-19 08:00:00,16.34,54.376842105263165,82.4142105263158,30.159473684210525
2021-05-19 09:00:00,10.76,55.49726315789474,82.00431578947368,30.248210526315788
2021-05-19 10:00:00,10.912592592592592,56.61768421052632,81.59442105263157,30.33694736842105
2021-05-19 11:00:00,11.065185185185184,57.7381052631579,81.18452631578947,30.425684210526313
2021-05-19 12:00:00,11.217777777777778,58.858526315789476,80.77463157894736,30.51442105263158
2021-05-19 13:00:00,11.37037037037037,59.97894736842105,80.36473684210526,30.603157894736842
2021-05-19 14:00:00,11.522962962962962,61.09936842105264,79.95484210526315,30.691894736842105
2021-05-19 15:00:00,11.675555555555555,62.219789473684216,79.54494736842105,30.780631578947368
2021-05-19 16:00:00,11.828148148148149,63.34021052631579,79.13505263157894,30.86936842105263
2021-05-19 17:00:00,11.98074074074074,64.46063157894737,78.72515789473684,30.958105263157893
2021-05-19 18:00:00,12.133333333333333,65.58105263157894,78.31526315789473,31.046842105263156
2021-05-19 19:00:00,12.285925925925925,66.70147368421053,77.90536842105263,31.135578947368423
2021-05-19 20:00:00,12.438518518518519,67.82189473684211,77.49547368421052,31.224315789473685
2021-05-19 21:00:00,12.591111111111111,68.94231578947368,77.08557894736842,31.313052631578948
2021-05-19 22:00:00,12.743703703703703,70.06273684210527,76.67568421052631,31.40178947368421
2021-05-19 23:00:00,12.896296296296295,71.18315789473684,76.26578947368421,31.490526315789474
2021-05-20 00:00:00,13.04888888888889,72.30357894736842,75.8558947368421,31.579263157894736
2021-05-20 01:00:00,13.201481481481482,73.424,75.446,31.668
2021-05-20 02:00:00,13.354074074074074,74.54442105263158,75.03610526315789,31.756736842105262
2021-05-20 03:00:00,13.506666666666666,75.66484210526316,74.62621052631579,31.845473684210525
2021-05-20 04:00:00,13.659259259259258,76.78526315789475,74.21631578947368,31.934210526315788
2021-05-20 05:00:00,13.811851851851852,77.90568421052632,73.80642105263158,32.02294736842105
2021-05-20 06:00:00,13.964444444444444,79.0261052631579,73.39652631578947,32.11168421052631
2021-05-20 07:00:00,14.117037037037036,80.14652631578947,72.98663157894737,32.200421052631576
2021-05-20 08:00:00,14.26962962962963,81.26694736842106,72.57673684210526,32.28915789473684
2021-05-20 09:00:00,14.42222222222222,82.38736842105264,72.16684210526316,32.3778947368421
2021-05-20 10:00:00,14.574814814814815,83.50778947368421,71.75694736842105,32.46663157894737
2021-05-20 11:00:00,14.727407407407407,84.6282105263158,71.34705263157895,32.555368421052634
2021-05-20 12:00:00,14.879999999999999,85.74863157894737,70.93715789473684,32.6441052631579
2021-05-20 13:00:00,15.032592592592593,86.86905263157895,70.52726315789474,32.73284210526316
2021-05-20 14:00:00,15.185185185185185,87.98947368421054,70.11736842105263,32.82157894736842
2021-05-20 15:00:00,15.337777777777777,89.10989473684211,69.70747368421053,32.910315789473685
2021-05-20 16:00:00,15.490370370370371,90.23031578947369,69.29757894736842,32.99905263157895
2021-05-20 17:00:00,15.642962962962962,91.35073684210526,68.88768421052632,33.08778947368421
2021-05-20 18:00:00,15.795555555555556,92.47115789473685,68.47778947368421,33.176526315789474
2021-05-20 19:00:00,15.948148148148148,93.59157894736843,68.0678947368421,33.265263157894736
2021-05-20 20:00:00,16.10074074074074,94.712,67.658,33.354
2021-05-20 21:00:00,16.253333333333334,95.83242105263159,67.2481052631579,33.44273684210526
2021-05-20 22:00:00,16.405925925925924,96.95284210526316,66.83821052631579,33.531473684210525
2021-05-20 23:00:00,16.558518518518518,98.07326315789474,66.42831578947369,33.62021052631579
2021-05-21 00:00:00,16.71111111111111,99.19368421052633,66.01842105263158,33.70894736842105
2021-05-21 01:00:00,16.863703703703703,100.3141052631579,65.60852631578948,33.79768421052631
2021-05-21 02:00:00,17.016296296296296,101.43452631578948,65.19863157894736,33.886421052631576
2021-05-21 03:00:00,17.168888888888887,102.55494736842105,64.78873684210527,33.97515789473684
2021-05-21 04:00:00,17.32148148148148,103.67536842105264,64.37884210526315,34.0638947368421
2021-05-21 05:00:00,17.474074074074075,104.79578947368421,63.96894736842105,34.152631578947364
2021-05-21 06:00:00,17.626666666666665,105.9162105263158,63.55905263157894,34.24136842105263
2021-05-21 07:00:00,17.77925925925926,107.03663157894738,63.14915789473684,34.3301052631579
2021-05-21 08:00:00,17.931851851851853,108.15705263157895,62.73926315789473,34.41884210526316
2021-05-21 09:00:00,18.084444444444443,109.27747368421053,62.32936842105263,34.50757894736842
2021-05-21 10:00:00,18.237037037037037,110.3978947368421,61.91947368421052,34.596315789473685
2021-05-21 11:00:00,18.389629629629628,111.51831578947369,61.50957894736842,34.68505263157895
2021-05-21 12:00:00,18.54222222222222,112.63873684210527,61.09968421052631,34.77378947368421
2021-05-21 13:00:00,18.694814814814812,113.75915789473684,60.68978947368421,34.862526315789474
2021-05-21 14:00:00,18.847407407407406,114.87957894736843,60.2798947368421,34.951263157894736
2021-05-21 15:00:00,19.0,116.0,59.87,35.04
2021-05-21 16:00:00,20.06,108.73,62.26,34.47
2021-05-21 17:00:00,14.0,107.0,69.39,32.72
2021-05-21 18:00:00,16.3,101.38,75.6,31.39
2021-05-21 19:00:00,11.63,95.97,79.32,30.46
2021-05-21 20:00:00,19.0,94.0,85.73,29.14
2021-05-21 21:00:00,17.0,86.0,90.57,28.01
2021-05-21 22:00:00,19.3,74.72,92.81,27.47
2021-05-21 23:00:00,24.0,69.0,93.87,27.29
2021-05-22 00:00:00,20.0,63.0,95.34,27.01
2021-05-22 01:00:00,22.13,63.61,95.71,26.95
2021-05-22 02:00:00,20.0,54.0,96.38,26.72
2021-05-22 03:00:00,15.73,52.78,96.72,26.71
2021-05-22 04:00:00,11.46,47.75,96.64,26.86
2021-05-22 05:00:00,11.0,48.21,96.52,27.01
2021-05-22 06:00:00,14.07,52.21,96.92,26.89
2021-05-22 07:00:00,25.73,55.42,94.22,28.56
2021-05-22 08:00:00,26.34,60.84,77.97,32.14
2021-05-22 09:00:00,18.66,76.72,68.61,33.61
2021-05-22 10:00:00,14.77,84.19,61.53,35.35
2021-05-22 11:00:00,16.0,88.0,60.22,35.44
2021-05-22 12:00:00,16.77,85.59,61.52,35.34
2021-05-22 13:00:00,17.0,86.61,61.97,35.06
2021-05-22 14:00:00,15.0,84.0,60.94,35.36
2021-05-22 15:00:00,24.0,90.0,63.03,34.39
2021-05-22 16:00:00,24.0,88.89500000000001,68.45,33.25
2021-05-22 17:00:00,14.03,87.79,73.87,32.11
2021-05-22 18:00:00,18.0,84.0,75.76,31.46
2021-05-22 19:00:00,14.93,84.8,78.2,31.0
2021-05-22 20:00:00,17.83,81.78,79.77,30.7
2021-05-22 21:00:00,14.4,85.02,81.16,30.28
2021-05-22 22:00:00,13.53,83.47,81.75,30.14
2021-05-22 23:00:00,28.0,84.0,80.63,30.48
2021-05-23 00:00:00,26.4,80.97,82.66,30.21
2021-05-23 01:00:00,23.92,72.94,87.06,29.39
2021-05-23 02:00:00,15.0,56.0,90.5,28.57
2021-05-23 03:00:00,13.47,51.18,92.44,28.1
2021-05-23 04:00:00,10.87,45.16,94.3,27.54
2021-05-23 05:00:00,14.37,46.02,94.57,27.64
2021-05-23 06:00:00,13.36,45.18,95.94,27.86
2021-05-23 07:00:00,13.3,53.6,96.13,26.94
2021-05-23 08:00:00,19.0,33.0,91.57,29.91
2021-05-23 09:00:00,14.4,37.0,83.81,31.76
2021-05-23 10:00:00,18.37,59.75,69.03,34.32
2021-05-23 11:00:00,17.34,69.84,64.95,34.78
2021-05-23 12:00:00,14.23,69.79,63.83,34.66
2021-05-23 13:00:00,14.11,71.53,63.92,34.62
2021-05-23 14:00:00,23.0,70.0,62.16,35.18
2021-05-23 15:00:00,20.71,78.83,65.23,34.86
2021-05-23 16:00:00,16.0,70.0,64.55,34.7
2021-05-23 17:00:00,16.0,69.0,69.24,33.0
2021-05-23 18:00:00,15.46,67.79,72.88,32.2
2021-05-23 19:00:00,16.0,65.0,83.01,30.13
2021-05-23 20:00:00,16.77,60.18,88.79,29.05
2021-05-23 21:00:00,18.53,59.0,92.33,27.98
2021-05-23 22:00:00,15.93,49.37,94.99,27.26
2021-05-23 23:00:00,18.465,43.685,95.9,27.055
2021-05-24 00:00:00,21.0,38.0,96.81,26.85
2021-05-24 01:00:00,19.94,38.0,97.02,26.64
2021-05-24 02:00:00,17.47,38.8,97.34,26.53
2021-05-24 03:00:00,11.0,30.0,97.46,26.47
2021-05-24 04:00:00,10.0,29.0,97.71,26.51
2021-05-24 05:00:00,8.95,26.57,97.71,26.7
2021-05-24 06:00:00,6.47,26.61,97.7,26.59
2021-05-24 07:00:00,19.34,41.4,95.14,28.41
2021-05-24 08:00:00,13.0,46.0,75.23,33.45
2021-05-24 09:00:00,15.0,61.0,73.0,33.14
2021-05-24 10:00:00,15.0,71.0,69.16,34.12
2021-05-24 11:00:00,11.93,62.52,64.69,34.83
2021-05-24 12:00:00,15.0,68.0,66.8,34.67
2021-05-24 13:00:00,11.8,65.58,65.56,34.66
2021-05-24 14:00:00,11.66,62.16,63.97,35.05
2021-05-24 15:00:00,13.46,64.03,62.61,35.05
2021-05-24 16:00:00,15.3,69.16,66.76,34.21
2021-05-24 17:00:00,11.0,73.0,71.13,32.86
2021-05-24 18:00:00,12.05,69.37,76.19,31.88
2021-05-24 19:00:00,14.53,65.4,81.26,30.85
2021-05-24 20:00:00,17.3,65.0,84.58,30.31
2021-05-24 21:00:00,14.18,62.59,87.41,29.56
2021-05-24 22:00:00,12.0,57.0,91.21,28.78
2021-05-24 23:00:00,12.22,54.89,92.94,28.6
2021-05-25 00:00:00,25.17,51.02,91.46,29.0
2021-05-25 01:00:00,12.0,45.0,91.64,28.73
2021-05-25 02:00:00,16.58,45.0,92.88,28.23
2021-05-25 03:00:00,9.57,39.38,94.46,27.81
2021-05-25 04:00:00,12.0,33.0,95.63,27.48
2021-05-25 05:00:00,12.0,30.58,95.89,27.37
2021-05-25 06:00:00,11.46,26.58,96.84,27.06
2021-05-25 07:00:00,10.46,27.42,96.97,27.58
2021-05-25 08:00:00,24.0,51.0,82.9,31.84
2021-05-25 09:00:00,21.87,66.14,73.58,33.94
2021-05-25 10:00:00,18.0,72.0,74.03,33.33
2021-05-25 11:00:00,13.4,75.21,73.25,33.77
2021-05-25 12:00:00,15.16,71.16,71.37,34.23
2021-05-25 13:00:00,8.0,71.0,70.78,34.01
2021-05-25 14:00:00,8.53,69.79,65.66,35.25
2021-05-25 15:00:00,12.0,75.0,68.54,34.47
2021-05-25 16:00:00,15.83,83.03,68.59,34.48
2021-05-25 17:00:00,18.62,79.55,72.71,33.39
2021-05-25 18:00:00,16.95,73.59,79.17,31.58
2021-05-25 19:00:00,15.47,73.6,82.02,30.8
2021-05-25 20:00:00,10.0,67.0,83.44,30.41
2021-05-25 21:00:00,16.11,68.61,83.95,30.26
2021-05-25 22:00:00,13.73,64.16,85.53,29.98
2021-05-25 23:00:00,12.0,55.0,84.84,29.89
2021-05-26 00:00:00,14.0,50.0,86.51,29.2
2021-05-26 01:00:00,16.29,50.0,89.22,28.87
2021-05-26 02:00:00,16.23,40.4,87.55,29.19
2021-05-26 03:00:00,17.54,46.03,86.91,28.96
2021-05-26 04:00:00,10.36,40.8,92.4,27.66
2021-05-26 05:00:00,8.77,32.58,94.66,27.02
2021-05-26 06:00:00,9.0,31.8,95.68,26.88
2021-05-26 07:00:00,12.0,27.0,94.21,28.28
2021-05-26 08:00:00,13.53,35.03,82.75,31.06
2021-05-26 09:00:00,13.149999999999999,48.015,74.83500000000001,32.475
2021-05-26 10:00:00,12.77,61.0,66.92,33.89
2021-05-26 11:00:00,15.0,64.0,63.4,34.51
2021-05-26 12:00:00,11.95,56.77,63.02,34.52
2021-05-26 13:00:00,11.77,53.39,62.77,34.88
2021-05-26 14:00:00,11.23,55.4,60.57,35.18
2021-05-26 15:00:00,11.54,57.21,59.66,35.27
2021-05-26 16:00:00,14.0,65.0,61.7,34.97
2021-05-26 17:00:00,17.0,66.0,68.83,32.59
2021-05-26 18:00:00,14.0,67.0,72.47,31.57
2021-05-26 19:00:00,14.0,68.2,74.91,31.0
2021-05-26 20:00:00,11.0,60.0,76.83,30.67
2021-05-26 21:00:00,11.77,60.8,77.76,30.54
2021-05-26 22:00:00,11.47,62.2,78.56,30.48
2021-05-26 23:00:00,11.0,59.8,78.38,30.67
2021-05-27 00:00:00,13.29,70.24,79.95,30.41
2021-05-27 01:00:00,14.0,63.31,81.55,30.23
2021-05-27 02:00:00,13.23,52.98,80.85,30.28
2021-05-27 03:00:00,12.0,52.0,81.03,30.3
2021-05-27 04:00:00,11.8,50.73,81.37,30.36
2021-05-27 05:00:00,6.89,38.8,80.98,30.4
2021-05-27 06:00:00,6.05,41.27,81.39,30.38
2021-05-27 07:00:00,7.53,46.0,81.12,30.98
2021-05-27 08:00:00,11.0,56.0,83.19,31.28
2021-05-27 09:00:00,15.58,35.2,79.44,32.22
2021-05-27 10:00:00,11.0,51.0,71.43,33.66
2021-05-27 11:00:00,12.0,52.0,69.52,34.12
2021-05-27 12:00:00,10.0,49.0,68.69,34.11
2021-05-27 13:00:00,10.0,51.36,69.75,34.02
2021-05-27 14:00:00,9.23,52.8,65.86,34.74
2021-05-27 15:00:00,6.0,44.0,65.81,34.66
2021-05-27 16:00:00,7.06,48.89,68.69,33.8
2021-05-27 17:00:00,8.77,52.8,71.97,32.91
2021-05-27 18:00:00,10.53,52.2,75.72,32.0
2021-05-27 19:00:00,14.82,52.8,78.66,31.48
2021-05-27 20:00:00,14.355,53.099999999999994,79.875,31.145
2021-05-27 21:00:00,13.89,53.4,81.09,30.81
2021-05-27 22:00:00,9.0,41.0,82.78,30.68
2021-05-27 23:00:00,7.95,41.61,82.02,30.91
2021-05-28 00:00:00,7.0,46.0,84.67,30.4
2021-05-28 01:00:00,11.58,41.2,84.47,30.41
2021-05-28 02:00:00,14.07,40.0,85.87,30.14
2021-05-28 03:00:00,13.4,38.79,87.29,30.08
2021-05-28 04:00:00,9.0,26.0,88.72,29.36
2021-05-28 05:00:00,11.29,23.59,93.47,28.42
2021-05-28 06:00:00,9.89,17.0,95.1,28.18
2021-05-28 07:00:00,8.0,14.2,94.85,28.59
2021-05-28 08:00:00,8.0,26.2,82.89,32.06
2021-05-28 09:00:00,14.0,61.0,77.74,32.45
2021-05-28 10:00:00,11.71,58.0,72.18,33.99
2021-05-28 11:00:00,11.0,52.97,72.38,33.78
2021-05-28 12:00:00,10.24,55.84,68.03,34.67
2021-05-28 13:00:00,10.53,53.6,67.54,34.91
2021-05-28 14:00:00,6.0,50.0,67.43,34.79
2021-05-28 15:00:00,10.0,54.0,63.73,35.12
2021-05-28 16:00:00,8.93,52.79,67.13,34.68
2021-05-28 17:00:00,11.04,58.42,71.12,33.46
2021-05-28 18:00:00,17.37,61.6,76.94,32.04
2021-05-28 19:00:00,12.89,62.0,80.63,31.33
2021-05-28 20:00:00,17.11,61.2,83.01,31.05
2021-05-28 21:00:00,10.0,47.0,84.3,30.82
2021-05-28 22:00:00,10.0,47.6,86.2,30.58
2021-05-28 23:00:00,10.0,54.0,85.07,30.7
2021-05-29 00:00:00,11.0,48.0,87.01,30.06
2021-05-29 01:00:00,17.9,51.21,89.6,29.55
2021-05-29 02:00:00,11.6,41.6,92.76,29.2
2021-05-29 03:00:00,9.53,35.97,94.43,28.53
2021-05-29 04:00:00,10.0,27.95,95.44,28.09
2021-05-29 05:00:00,6.0,14.0,96.02,27.82
2021-05-29 06:00:00,5.24,17.2,95.74,28.19
2021-05-29 07:00:00,5.77,28.0,90.35,30.48
2021-05-29 08:00:00,7.53,33.6,79.43,32.64
2021-05-29 09:00:00,8.39,34.87407407407407,79.00222222222223,32.71296296296296
2021-05-29 10:00:00,8.7925,36.14814814814815,78.57444444444445,32.78592592592592
2021-05-29 11:00:00,9.195,37.422222222222224,78.14666666666668,32.85888888888889
2021-05-29 12:00:00,9.5975,38.696296296296296,77.7188888888889,32.93185185185185
2021-05-29 13:00:00,10.0,39.97037037037037,77.29111111111112,33.004814814814814
2021-05-29 14:00:00,11.59,41.24444444444445,76.86333333333334,33.077777777777776
2021-05-29 15:00:00,12.87,42.51851851851852,76.43555555555555,33.150740740740744
2021-05-29 16:00:00,11.0,43.79259259259259,76.00777777777778,33.223703703703706
2021-05-29 17:00:00,12.53,45.06666666666666,75.58,33.29666666666667
2021-05-29 18:00:00,13.28,46.34074074074074,75.15222222222222,33.36962962962963
2021-05-29 19:00:00,22.27,47.614814814814814,74.72444444444444,33.44259259259259
2021-05-29 20:00:00,38.22,48.888888888888886,74.29666666666667,33.51555555555556
2021-05-29 21:00:00,23.67,50.162962962962965,73.86888888888889,33.58851851851852
2021-05-29 22:00:00,9.6,51.43703703703704,73.44111111111111,33.66148148148148
2021-05-29 23:00:00,8.06,52.71111111111111,73.01333333333334,33.73444444444444
2021-05-30 00:00:00,9.0,53.98518518518519,72.58555555555556,33.80740740740741
2021-05-30 01:00:00,7.47,55.25925925925926,72.15777777777778,33.88037037037037
2021-05-30 02:00:00,16.93,56.53333333333333,71.73,33.95333333333333
2021-05-30 03:00:00,20.0,57.80740740740741,71.30222222222223,34.026296296296294
2021-05-30 04:00:00,19.0,59.081481481481475,70.87444444444444,34.099259259259256
2021-05-30 05:00:00,8.0,60.355555555555554,70.44666666666666,34.172222222222224
2021-05-30 06:00:00,10.29,61.629629629629626,70.01888888888888,34.245185185185186
2021-05-30 07:00:00,12.0,62.9037037037037,69.5911111111111,34.31814814814815
2021-05-30 08:00:00,13.53,64.17777777777778,69.16333333333333,34.39111111111111
2021-05-30 09:00:00,13.47,65.45185185185184,68.73555555555555,34.46407407407408
2021-05-30 10:00:00,16.16,66.72592592592592,68.30777777777777,34.53703703703704
2021-05-30 11:00:00,9.0,68.0,67.88,34.61
2021-05-30 12:00:00,15.0,72.0,65.01,34.92
2021-05-30 13:00:00,12.0,69.0,66.51,35.16
2021-05-30 14:00:00,14.0,53.0,68.25,34.7
2021-05-30 15:00:00,12.41,53.6,65.51,35.15
2021-05-30 16:00:00,8.0,55.0,65.87,34.6
2021-05-30 17:00:00,13.37,57.41,70.09,33.61
2021-05-30 18:00:00,14.0,64.0,73.94,32.58
2021-05-30 19:00:00,16.29,62.39,78.5,31.57
2021-05-30 20:00:00,20.7,59.0,82.8,31.02
2021-05-30 21:00:00,16.36,45.76,85.72,30.36
2021-05-30 22:00:00,13.23,47.02,80.61,30.02
2021-05-30 23:00:00,9.95,44.8,82.52,29.29
2021-05-31 00:00:00,12.0,40.0,86.34,28.76
2021-05-31 01:00:00,16.0,36.0,87.5,28.53
2021-05-31 02:00:00,19.2,37.8,88.51,28.24
2021-05-31 03:00:00,24.61,37.2,89.46,28.09
2021-05-31 04:00:00,30.8,38.4,90.97,27.84
2021-05-31 05:00:00,26.0,35.0,92.27,27.53
2021-05-31 06:00:00,20.0,27.0,92.94,27.59
2021-05-31 07:00:00,16.18,29.41,88.48,29.42
2021-05-31 08:00:00,16.53,46.0,78.59,32.58
2021-05-31 09:00:00,19.0,48.0,74.59,33.89
2021-05-31 10:00:00,29.0,65.0,74.64,33.33
2021-05-31 11:00:00,24.25,68.0,80.05,31.08
2021-05-31 12:00:00,17.89,46.0,71.98,33.61
2021-05-31 13:00:00,14.47,44.4,70.1,34.64
2021-05-31 14:00:00,12.47,52.0,70.38,34.51
2021-05-31 15:00:00,10.47,52.4,74.29,33.0
2021-05-31 16:00:00,7.0,56.0,78.53,32.24
2021-05-31 17:00:00,8.53,58.4,79.35,32.11
2021-05-31 18:00:00,13.75,65.66,79.42,31.9
2021-05-31 19:00:00,21.8,69.2,80.97,31.34
2021-05-31 20:00:00,22.23,65.0,82.62,30.87
2021-05-31 21:00:00,23.59,56.2,87.0,29.79
2021-05-31 22:00:00,18.89,53.4,92.42,28.95
2021-05-31 23:00:00,17.11,49.6,93.9,28.67
2021-06-01 00:00:00,19.77,45.0,94.15,28.39
2021-06-01 01:00:00,26.11,47.41,94.74,28.05
2021-06-01 02:00:00,28.76,55.2,94.42,28.0
2021-06-01 03:00:00,30.53,57.8,94.22,28.1
2021-06-01 04:00:00,28.71,43.6,93.58,28.2
2021-06-01 05:00:00,26.48,42.4,94.4,27.98
2021-06-01 06:00:00,22.2,34.2,94.15,28.23
2021-06-01 07:00:00,24.05,39.23,88.84,30.0
2021-06-01 08:00:00,18.91,50.63,81.54,32.11
2021-06-01 09:00:00,18.53,45.8,76.06,33.37
2021-06-01 10:00:00,25.11,50.4,73.29,33.5
2021-06-01 11:00:00,17.07,40.8,70.93,34.11
2021-06-01 12:00:00,10.95,38.0,68.66,34.64
2021-06-01 13:00:00,7.71,30.8,66.54,35.33
2021-06-01 14:00:00,9.28,29.0,65.8,35.56
2021-06-01 15:00:00,11.53,29.0,71.33,34.31
2021-06-01 16:00:00,7.42,34.6,72.4,33.97
2021-06-01 17:00:00,10.57,37.6,71.39,33.79
2021-06-01 18:00:00,12.77,43.6,77.39,32.45
2021-06-01 19:00:00,16.05,45.8,81.73,28.99
2021-06-01 20:00:00,17.0,43.6,96.1,26.43
2021-06-01 21:00:00,22.33,30.2,97.46,26.3
2021-06-01 22:00:00,23.69,24.4,97.89,26.61
2021-06-01 23:00:00,13.0,16.0,97.99,26.83
2021-06-02 00:00:00,11.48,17.6,97.89,26.66
2021-06-02 01:00:00,11.0,22.0,98.11,26.77
2021-06-02 02:00:00,15.58,31.8,98.16,26.89
2021-06-02 03:00:00,18.52,34.8,98.2,26.95
2021-06-02 04:00:00,16.72,35.0,98.21,26.91
2021-06-02 05:00:00,19.82,33.41,98.26,26.96
2021-06-02 06:00:00,17.18,29.0,98.38,27.09
2021-06-02 07:00:00,16.76,30.37,98.14,28.23
2021-06-02 08:00:00,16.23,28.6,90.83,30.3
2021-06-02 09:00:00,19.82,28.8,80.61,32.54
2021-06-02 10:00:00,24.8,50.0,78.39,32.67
2021-06-02 11:00:00,30.58,48.4,80.32,32.41
2021-06-02 12:00:00,17.48,40.0,76.22,33.26
2021-06-02 13:00:00,10.72,27.6,73.86,33.74
2021-06-02 14:00:00,9.24,17.03,74.77,33.29
2021-06-02 15:00:00,6.72,12.61,75.23,33.62
2021-06-02 16:00:00,2.18,11.2,72.26,34.26
2021-06-02 17:00:00,1.0,14.2,72.6,33.87
2021-06-02 18:00:00,4.07,20.6,77.12,32.59
2021-06-02 19:00:00,10.35,27.6,82.64,31.39
2021-06-02 20:00:00,11.24,21.0,84.66,30.44
2021-06-02 21:00:00,17.88,31.0,83.55,28.8
2021-06-02 22:00:00,12.39,26.8,85.14,28.34
2021-06-02 23:00:00,10.77,22.6,88.03,28.0
2021-06-03 00:00:00,9.48,21.2,87.14,27.98
2021-06-03 01:00:00,9.06,21.6,87.04,28.01
2021-06-03 02:00:00,12.0,28.0,89.82,27.82
2021-06-03 03:00:00,15.04,36.0,92.17,27.19
2021-06-03 04:00:00,11.43,25.2,94.82,26.48
2021-06-03 05:00:00,13.04,25.2,95.55,26.18
2021-06-03 06:00:00,17.05,28.4,95.9,26.37
2021-06-03 07:00:00,19.53,24.2,92.52,27.93
2021-06-03 08:00:00,14.0,24.0,78.44999999999999,31.21
2021-06-03 09:00:00,9.43,20.0,64.38,34.49
2021-06-03 10:00:00,7.24,25.42,63.7,35.35
2021-06-03 11:00:00,16.13,35.0,60.33,36.49
2021-06-03 12:00:00,14.0,33.0,66.4,35.11
2021-06-03 13:00:00,20.0,43.0,65.44,35.4
2021-06-03 14:00:00,23.0,50.0,64.51,35.52
2021-06-03 15:00:00,17.0,38.46666666666667,65.24333333333334,34.96333333333334
2021-06-03 16:00:00,11.0,26.933333333333334,65.97666666666666,34.406666666666666
2021-06-03 17:00:00,6.43,15.4,66.71,33.85
2021-06-03 18:00:00,4.0,11.0,75.96,32.05
2021-06-03 19:00:00,12.0,24.0,80.39,31.06
2021-06-03 20:00:00,12.0,18.6,76.59,29.92
2021-06-03 21:00:00,8.96,21.42,78.18,28.14
2021-06-03 22:00:00,11.04,19.0,84.77,27.18
2021-06-03 23:00:00,11.48,16.8,89.55,26.42
2021-06-04 00:00:00,7.96,12.8,90.21,26.25
2021-06-04 01:00:00,11.0,22.0,92.11,26.12
2021-06-04 02:00:00,10.24,22.0,94.2,25.95
2021-06-04 03:00:00,13.05,31.6,94.31,25.91
2021-06-04 04:00:00,16.28,27.6,95.2,25.88
2021-06-04 05:00:00,17.53,24.8,95.58,25.77
2021-06-04 06:00:00,20.28,27.2,95.61,26.13
2021-06-04 07:00:00,20.83,25.6,87.19,28.19
2021-06-04 08:00:00,13.0,15.0,75.2,32.68
2021-06-04 09:00:00,13.0,22.0,63.3,35.63
2021-06-04 10:00:00,10.39,19.03,64.09,34.78
2021-06-04 11:00:00,11.16,23.0,60.14,36.02
2021-06-04 12:00:00,20.88,47.8,62.18,35.34
2021-06-04 13:00:00,11.0,22.0,58.42,36.35
2021-06-04 14:00:00,7.96,19.6,63.36,35.75
2021-06-04 15:00:00,3.95,15.8,65.11,35.37
2021-06-04 16:00:00,3.18,13.2,65.53,35.13
2021-06-04 17:00:00,7.0,8.0,73.56,33.16
2021-06-04 18:00:00,6.91,8.0,76.63,32.47
2021-06-04 19:00:00,7.61,18.2,79.16,31.68
2021-06-04 20:00:00,15.0,34.0,79.16,29.88
2021-06-04 21:00:00,14.94,33.2,79.89,29.58
2021-06-04 22:00:00,17.8,33.98,84.59,28.27
2021-06-04 23:00:00,19.77,28.6,88.46,27.86
2021-06-05 00:00:00,17.41,26.4,89.98,27.76
2021-06-05 01:00:00,15.0,22.0,89.43,27.7
2021-06-05 02:00:00,21.88,34.8,90.32,27.46
2021-06-05 03:00:00,25.52,40.4,92.35,26.95
2021-06-05 04:00:00,24.48,35.4,91.09,27.07
2021-06-05 05:00:00,22.240000000000002,33.7,89.715,27.505000000000003
2021-06-05 06:00:00,20.0,32.0,88.34,27.94
2021-06-05 07:00:00,29.17,33.6,86.86,28.91
2021-06-05 08:00:00,23.63,32.4,82.17,29.91
2021-06-05 09:00:00,25.57,39.17,75.0,31.98
2021-06-05 10:00:00,31.58,50.6,72.71,33.05
2021-06-05 11:00:00,33.09,54.2,67.01,35.08
2021-06-05 12:00:00,33.44,66.14,67.48,34.14
2021-06-05 13:00:00,22.11,56.65,65.64,34.9
2021-06-05 14:00:00,16.72,41.0,68.57,33.44
2021-06-05 15:00:00,6.88,24.0,69.67,33.47
2021-06-05 16:00:00,3.0,17.0,79.84,31.84
2021-06-05 17:00:00,6.8,17.0,75.54,32.38
2021-06-05 18:00:00,7.24,25.0,76.55,32.0
2021-06-05 19:00:00,9.61,32.4,80.51,30.89
2021-06-05 20:00:00,16.57,36.0,83.72,29.55
2021-06-05 21:00:00,25.61,40.78,88.18,28.96
2021-06-05 22:00:00,27.48,39.03,88.12,28.88
2021-06-05 23:00:00,20.91,49.0,88.12,28.71
2021-06-06 00:00:00,22.43,49.2,85.595,28.134999999999998
2021-06-06 01:00:00,23.95,49.4,83.07,27.56
2021-06-06 02:00:00,2.0,6.0,92.14,26.01
2021-06-06 03:00:00,3.04,15.6,91.94,26.26
2021-06-06 04:00:00,14.0,26.0,96.89,25.74
2021-06-06 05:00:00,17.0,21.0,97.14,25.62
2021-06-06 06:00:00,17.13,20.58,97.45,25.66
2021-06-06 07:00:00,12.565,19.29,96.97,26.71
2021-06-06 08:00:00,8.0,18.0,92.47,27.84
2021-06-06 09:00:00,11.8,17.2,84.25,30.17
2021-06-06 10:00:00,16.0,21.0,76.58,31.59
2021-06-06 11:00:00,14.0,30.0,60.52,34.26
2021-06-06 12:00:00,12.48,26.81,59.3,35.1
2021-06-06 13:00:00,15.0,44.0,60.62,34.57
2021-06-06 14:00:00,21.85,47.2,60.05,34.41
2021-06-06 15:00:00,13.38,40.8,60.22,34.81
2021-06-06 16:00:00,9.23,41.4,64.16,34.26
2021-06-06 17:00:00,6.72,38.8,68.94,33.09
2021-06-06 18:00:00,8.29,33.2,76.4,31.46
2021-06-06 19:00:00,7.48,30.81,77.73,30.76
2021-06-06 20:00:00,13.27,36.6,81.94,29.87
2021-06-06 21:00:00,16.72,44.98,87.46,28.84
2021-06-06 22:00:00,15.24,36.4,91.24,28.11
2021-06-06 23:00:00,16.57,32.8,91.98,27.77
2021-06-07 00:00:00,10.36,20.04,89.14,27.82
2021-06-07 01:00:00,8.0,14.6,92.23,27.28
2021-06-07 02:00:00,8.0,18.0,94.5,26.98
2021-06-07 03:00:00,8.76,21.4,95.19,27.06
2021-06-07 04:00:00,11.0,31.0,94.47,27.47
2021-06-07 05:00:00,13.28,25.4,91.25,27.69
2021-06-07 06:00:00,9.0,23.0,91.86,26.96
2021-06-07 07:00:00,8.24,20.6,90.54,27.42
2021-06-07 08:00:00,8.52,18.2,87.95,28.09
2021-06-07 09:00:00,6.0,23.0,80.36,30.77
2021-06-07 10:00:00,7.0,26.0,93.91,26.28
2021-06-07 11:00:00,7.0,17.0,94.75,27.98
2021-06-07 12:00:00,7.76,20.2,88.41,30.17
2021-06-07 13:00:00,18.0,39.0,67.48,33.99
2021-06-07 14:00:00,13.43,40.6,66.43,33.86
2021-06-07 15:00:00,10.43,39.81,71.18,32.59
2021-06-07 16:00:00,7.43,33.65,74.53,31.48
2021-06-07 17:00:00,4.44,26.44,74.2,31.04
2021-06-07 18:00:00,4.04,31.8,76.07,30.84
2021-06-07 19:00:00,8.04,38.59,87.5,28.83
2021-06-07 20:00:00,13.57,39.0,92.74,27.59
2021-06-07 21:00:00,19.0,39.0,94.73,27.05
2021-06-07 22:00:00,12.0,38.0,95.41,26.99
2021-06-07 23:00:00,16.55,29.23,96.27,26.96
2021-06-08 00:00:00,14.0,29.0,94.37,27.41
2021-06-08 01:00:00,11.0,25.0,96.13,26.98
2021-06-08 02:00:00,10.87,24.24,96.4,27.0
2021-06-08 03:00:00,13.75,28.73,93.78,27.37
2021-06-08 04:00:00,17.48,51.54,94.51,26.93
2021-06-08 05:00:00,23.0,44.0,95.34,26.77
2021-06-08 06:00:00,20.0,42.0,93.86,27.29
2021-06-08 07:00:00,23.0,36.0,97.3,26.87
2021-06-08 08:00:00,16.15,20.8,94.25,29.64
2021-06-08 09:00:00,14.76,24.2,79.64,31.61
2021-06-08 10:00:00,9.0,17.1,88.97999999999999,29.1
2021-06-08 11:00:00,5.0,10.0,98.32,26.59
2021-06-08 12:00:00,3.0,7.0,98.67,27.37
2021-06-08 13:00:00,5.28,13.38,98.34,28.23
2021-06-08 14:00:00,7.52,11.8,87.45,31.77
2021-06-08 15:00:00,6.48,19.91,69.11,34.75
2021-06-08 16:00:00,6.76,23.6,72.88,33.11
2021-06-08 17:00:00,7.76,19.81,80.33,30.77
2021-06-08 18:00:00,7.24,17.41,85.91,29.81
2021-06-08 19:00:00,9.61,25.91,90.12,29.14
2021-06-08 20:00:00,15.0,38.0,94.06,28.2
2021-06-08 21:00:00,15.52,39.2,95.69,27.56
2021-06-08 22:00:00,10.0,24.0,97.64,27.0
2021-06-08 23:00:00,10.0,16.0,97.91,26.85
2021-06-09 00:00:00,14.55,20.78,98.12,26.78
2021-06-09 01:00:00,3.0,17.0,98.29,27.02
2021-06-09 02:00:00,9.0,24.0,98.33,27.04
2021-06-09 03:00:00,9.0,15.23,98.37,27.02
2021-06-09 04:00:00,8.48,12.0,98.47,27.01
2021-06-09 05:00:00,8.52,19.73,98.5,27.05
2021-06-09 06:00:00,6.72,23.41,98.48,27.04
2021-06-09 07:00:00,9.65,23.0,98.49,26.99
2021-06-09 08:00:00,15.0,23.0,98.31,26.59
2021-06-09 09:00:00,14.64,19.2,98.39,26.08
2021-06-09 10:00:00,1.0,4.0,98.63,26.29
2021-06-09 11:00:00,1.18,4.38,98.745,26.33
2021-06-09 12:00:00,2.726,5.104,98.86,26.37
2021-06-09 13:00:00,4.272,5.827999999999999,99.0,26.36
2021-06-09 14:00:00,5.818,6.552,98.92,25.89
2021-06-09 15:00:00,7.364,7.276,99.01,25.8
2021-06-09 16:00:00,8.91,8.0,99.12,26.4
2021-06-09 17:00:00,5.44,6.0,99.16,27.04
2021-06-09 18:00:00,4.54,10.06,98.91,26.62
2021-06-09 19:00:00,7.28,15.19,98.92,26.35
2021-06-09 20:00:00,6.48,15.41,98.91,25.97
2021-06-09 21:00:00,11.0,26.0,98.91,25.67
2021-06-09 22:00:00,11.0,28.0,99.05,25.4
2021-06-09 23:00:00,11.76,29.6,99.14,25.41
2021-06-10 00:00:00,16.0,24.0,99.08,25.3
2021-06-10 01:00:00,11.0,28.0,99.06,25.09
2021-06-10 02:00:00,13.28,24.81,99.12,25.16
2021-06-10 03:00:00,10.87,22.81,99.07,25.21
2021-06-10 04:00:00,14.82,33.16,99.19,25.85
2021-06-10 05:00:00,12.41,31.106666666666666,99.18333333333334,25.996666666666666
2021-06-10 06:00:00,10.0,29.05333333333333,99.17666666666666,26.143333333333334
2021-06-10 07:00:00,22.0,27.0,99.17,26.29
2021-06-10 08:00:00,15.93,21.05,98.28,26.71
2021-06-10 09:00:00,9.0,14.0,95.75,26.97
2021-06-10 10:00:00,4.0,14.0,94.59,27.62
2021-06-10 11:00:00,6.0,10.0,98.29,26.7
2021-06-10 12:00:00,6.0,9.41,98.73,27.77
2021-06-10 13:00:00,7.52,20.16,96.77,28.68
2021-06-10 14:00:00,11.8,28.58,85.98,30.36
2021-06-10 15:00:00,11.43,31.79,86.28,30.01
2021-06-10 16:00:00,8.0,23.0,98.84,25.87
2021-06-10 17:00:00,8.0,18.24,98.73,25.6
2021-06-10 18:00:00,16.0,20.0,99.05,25.95
2021-06-10 19:00:00,12.36,23.0,98.97,26.07
2021-06-10 20:00:00,10.04,23.2,99.03,26.14
2021-06-10 21:00:00,6.0,13.0,99.05,25.37
2021-06-10 22:00:00,6.07,13.4,99.04,25.24
2021-06-10 23:00:00,7.48,13.21,99.25,25.62
2021-06-11 00:00:00,8.52,19.95,99.14,25.77
2021-06-11 01:00:00,13.13,21.41,99.18,25.73
2021-06-11 02:00:00,9.25,18.62,99.21,25.73
2021-06-11 03:00:00,5.12,21.2,99.27,25.91
2021-06-11 04:00:00,10.0,22.0,99.25,26.05
2021-06-11 05:00:00,10.0,28.0,99.29,26.2
2021-06-11 06:00:00,13.8,33.58,99.23,26.12
2021-06-11 07:00:00,10.45,23.81,99.39,26.41
2021-06-11 08:00:00,10.52,20.78,99.34,27.28
2021-06-11 09:00:00,11.76,20.41,98.44,27.94
2021-06-11 10:00:00,10.48,20.8,91.32,29.91
2021-06-11 11:00:00,9.24,25.0,79.4,32.26
2021-06-11 12:00:00,7.0,28.0,75.12,33.73
2021-06-11 13:00:00,7.52,27.0,93.33,28.19
2021-06-11 14:00:00,9.52,27.0,96.5,27.83
2021-06-11 15:00:00,9.71,22.2,97.61,27.275
2021-06-11 16:00:00,9.9,17.4,98.72,26.72
2021-06-11 17:00:00,11.13,7.94,98.83,26.3
2021-06-11 18:00:00,11.565000000000001,13.469999999999999,99.03,26.51
2021-06-11 19:00:00,12.0,19.0,99.1,26.51
2021-06-11 20:00:00,10.5,18.0,99.05,26.57
2021-06-11 21:00:00,9.0,17.0,99.15,26.45
2021-06-11 22:00:00,17.0,24.0,99.25,26.54
2021-06-11 23:00:00,12.43,15.23,99.23,26.65
2021-06-12 00:00:00,14.215,18.615000000000002,99.27000000000001,26.61
2021-06-12 01:00:00,16.0,22.0,99.31,26.57
2021-06-12 02:00:00,5.0,11.0,99.31,26.76
2021-06-12 03:00:00,8.62,14.57,99.27,26.62
2021-06-12 04:00:00,9.72,17.8,99.32,26.68
2021-06-12 05:00:00,9.0,17.0,99.28,26.6
2021-06-12 06:00:00,9.5,14.5,99.33666666666667,26.560000000000002
2021-06-12 07:00:00,10.0,12.0,99.39333333333333,26.52
2021-06-12 08:00:00,5.0,9.0,99.45,26.48
2021-06-12 09:00:00,13.0,14.0,99.51,26.89
2021-06-12 10:00:00,9.333333333333334,13.333333333333334,99.31,27.67
2021-06-12 11:00:00,5.666666666666667,12.666666666666666,99.16,26.96
2021-06-12 12:00:00,2.0,12.0,99.37,27.09
2021-06-12 13:00:00,2.76,8.02,99.3,28.26
2021-06-12 14:00:00,2.0,21.0,91.805,29.745
2021-06-12 15:00:00,1.0,19.0,84.31,31.23
2021-06-12 16:00:00,4.0,18.0,76.66,32.96
2021-06-12 17:00:00,5.52,13.22,75.86,32.15
2021-06-12 18:00:00,6.0,15.98,86.88,29.7
2021-06-12 19:00:00,8.0,19.0,94.5,28.3
2021-06-12 20:00:00,9.04,21.97,94.62,28.29
2021-06-12 21:00:00,8.45,22.21,96.63,28.1
2021-06-12 22:00:00,7.0,24.2,98.13,27.81
2021-06-12 23:00:00,16.0,17.0,98.57,27.76
2021-06-13 00:00:00,12.0,19.0,98.67,27.63
2021-06-13 01:00:00,9.41,20.79,98.64,27.48
2021-06-13 02:00:00,6.48,24.4,98.78,27.48
2021-06-13 03:00:00,4.0,26.0,98.8,27.43
2021-06-13 04:00:00,3.4233333333333333,27.0,98.82,27.43
2021-06-13 05:00:00,2.8466666666666667,26.0,98.75,27.26
2021-06-13 06:00:00,2.27,33.97,98.97,27.49
2021-06-13 07:00:00,16.0,34.0,96.76,28.33
2021-06-13 08:00:00,10.0,32.0,96.48,28.85
2021-06-13 09:00:00,17.0,21.0,87.61,31.43
2021-06-13 10:00:00,26.1,33.75,84.75,31.26
2021-06-13 11:00:00,27.48,38.51,82.2,31.7
2021-06-13 12:00:00,14.0,34.0,80.96,32.08
2021-06-13 13:00:00,9.0,35.0,74.06,32.98
2021-06-13 14:00:00,10.0,28.0,75.05,33.31
2021-06-13 15:00:00,10.76,31.98,75.68,32.99
2021-06-13 16:00:00,14.0,43.0,80.11,32.33
2021-06-13 17:00:00,13.25,38.22,82.62,31.7
2021-06-13 18:00:00,10.93,33.44,84.49,31.07
2021-06-13 19:00:00,5.0,21.0,88.1,29.95
2021-06-13 20:00:00,4.24,24.98,90.82,29.78
2021-06-13 21:00:00,6.55,26.59,93.29,29.22
2021-06-13 22:00:00,10.52,32.58,95.97,28.51
2021-06-13 23:00:00,16.0,34.0,97.3,28.19
2021-06-14 00:00:00,9.96,32.0,96.84,28.57
2021-06-14 01:00:00,10.28,34.39,96.84,28.33
2021-06-14 02:00:00,13.07,35.59,97.25,28.08
2021-06-14 03:00:00,11.38,30.65,97.5,27.89
2021-06-14 04:00:00,4.96,27.8,97.55,27.76
2021-06-14 05:00:00,5.03,27.41,97.44,27.84
2021-06-14 06:00:00,5.0,31.0,97.09,27.96
2021-06-14 07:00:00,13.0,34.0,92.304,29.316000000000003
2021-06-14 08:00:00,15.5,35.25,87.518,30.672
2021-06-14 09:00:00,18.0,36.5,82.732,32.028000000000006
2021-06-14 10:00:00,20.5,37.75,77.946,33.384
2021-06-14 11:00:00,23.0,39.0,73.16,34.74
2021-06-14 12:00:00,12.0,51.905,71.57,34.725
2021-06-14 13:00:00,13.52,64.81,69.98,34.71
2021-06-14 14:00:00,15.55,66.97,67.34,35.3
2021-06-14 15:00:00,17.76,73.78,71.28,34.43
2021-06-14 16:00:00,15.41,75.0,69.88,34.57
2021-06-14 17:00:00,16.78,68.62,73.12,33.31
2021-06-14 18:00:00,20.27,73.38,80.52,31.52
2021-06-14 19:00:00,17.95,78.19,84.37,30.68
2021-06-14 20:00:00,14.0,68.0,88.76,29.99
2021-06-14 21:00:00,16.27,69.6,89.26,29.92
2021-06-14 22:00:00,14.0,69.0,91.24,29.37
2021-06-14 23:00:00,19.31,61.03,94.62,28.67
2021-06-15 00:00:00,19.98,50.09,96.22,28.47
