From Date,PM2.5,PM10,RH,AT
2020-11-01 00:00:00,77.7,454.74,64.12,24.7
2020-11-01 01:00:00,72.0,454.74,67.84,24.14
2020-11-01 02:00:00,72.36,454.74,69.59,23.78
2020-11-01 03:00:00,78.62,454.74,71.85,23.14
2020-11-01 04:00:00,70.43,454.74,69.98,23.24
2020-11-01 05:00:00,59.05,454.74,69.84,23.19
2020-11-01 06:00:00,60.95,454.74,76.07,22.52
2020-11-01 07:00:00,80.38,454.74,76.34,23.07
2020-11-01 08:00:00,87.95,454.74,62.88,25.64
2020-11-01 09:00:00,86.01,454.74,54.98,27.53
2020-11-01 10:00:00,65.75,454.74,43.18,30.4
2020-11-01 11:00:00,59.7,454.74,37.69,31.41
2020-11-01 12:00:00,34.86,454.74,37.0,32.44
2020-11-01 13:00:00,32.28,454.74,42.78,32.09
2020-11-01 14:00:00,37.95,454.74,45.43,31.81
2020-11-01 15:00:00,36.81,454.74,38.31,31.43
2020-11-01 16:00:00,32.86,454.74,39.26,30.5
2020-11-01 17:00:00,30.09,454.74,46.69,29.06
2020-11-01 18:00:00,32.05,454.74,56.6,27.75
2020-11-01 19:00:00,33.22,454.74,58.99,27.19
2020-11-01 20:00:00,38.64,454.74,66.37,26.63
2020-11-01 21:00:00,49.81,454.74,69.63,26.23
2020-11-01 22:00:00,48.05,454.74,67.33,25.87
2020-11-01 23:00:00,85.3,454.74,65.56,25.66
2020-11-02 00:00:00,70.58,454.74,66.81,25.02
2020-11-02 01:00:00,61.86,454.74,70.87,24.59
2020-11-02 02:00:00,59.23,454.74,70.5,24.76
2020-11-02 03:00:00,64.25,454.74,72.78,24.51
2020-11-02 04:00:00,68.24,454.74,73.34,24.3
2020-11-02 05:00:00,54.76,454.74,73.29,24.29
2020-11-02 06:00:00,69.53,454.74,73.79,24.49
2020-11-02 07:00:00,79.76,454.74,76.15,24.45
2020-11-02 08:00:00,75.0,454.74,73.58,25.58
2020-11-02 09:00:00,75.0,454.74,66.97,27.38
2020-11-02 10:00:00,76.05,454.74,61.23,28.54
2020-11-02 11:00:00,96.28,454.74,44.33,31.61
2020-11-02 12:00:00,100.49,454.74,38.81,32.8
2020-11-02 13:00:00,69.53,454.74,38.22,33.19
2020-11-02 14:00:00,60.66,454.74,37.73,33.34
2020-11-02 15:00:00,74.19,454.74,53.58,31.78
2020-11-02 16:00:00,77.95,454.74,49.26,31.25
2020-11-02 17:00:00,77.38,454.74,52.01,30.05
2020-11-02 18:00:00,85.19,454.74,63.82,28.78
2020-11-02 19:00:00,89.56,454.74,73.53,27.95
2020-11-02 20:00:00,101.18,454.74,74.28,27.49
2020-11-02 21:00:00,104.57,454.74,74.75,27.09
2020-11-02 22:00:00,97.15,454.74,74.97,26.86
2020-11-02 23:00:00,118.38,454.74,68.08,26.79
2020-11-03 00:00:00,104.47,454.74,68.92,26.44
2020-11-03 01:00:00,94.57,454.74,71.28,26.0
2020-11-03 02:00:00,105.76,454.74,72.34,25.6
2020-11-03 03:00:00,100.95,454.74,74.21,24.99
2020-11-03 04:00:00,99.43,454.74,75.53,24.7
2020-11-03 05:00:00,88.0,454.74,78.58,24.16
2020-11-03 06:00:00,88.15,454.74,81.11,23.82
2020-11-03 07:00:00,91.0,454.74,70.865,25.32
2020-11-03 08:00:00,90.5,454.74,60.62,26.82
2020-11-03 09:00:00,81.0,454.74,53.78,28.42
2020-11-03 10:00:00,81.71,454.74,46.21,30.91
2020-11-03 11:00:00,94.64,454.74,38.91,32.22
2020-11-03 12:00:00,88.0,454.74,39.45,32.7
2020-11-03 13:00:00,67.91357461962062,350.055,44.125,32.415000000000006
2020-11-03 14:00:00,64.99,245.37,48.8,32.13
2020-11-03 15:00:00,85.05,276.1,52.5,31.56
2020-11-03 16:00:00,86.09,332.43,57.36,30.64
2020-11-03 17:00:00,88.99,330.92,63.35,29.39
2020-11-03 18:00:00,108.01,351.7,63.34,28.29
2020-11-03 19:00:00,87.2,275.77,63.52,27.8
2020-11-03 20:00:00,71.86,209.31,69.2,26.96
2020-11-03 21:00:00,88.89,232.68,72.88,26.38
2020-11-03 22:00:00,107.52,264.34,71.53,26.32
2020-11-03 23:00:00,116.65,248.75,75.2,25.34
2020-11-04 00:00:00,91.85,246.44,78.52,25.14
2020-11-04 01:00:00,107.99,266.62,76.73,24.97
2020-11-04 02:00:00,88.67,200.71,76.65,24.78
2020-11-04 03:00:00,81.9,183.37,77.45,24.3
2020-11-04 04:00:00,80.15,170.74,76.55,24.31
2020-11-04 05:00:00,82.53,141.0,76.07,24.44
2020-11-04 06:00:00,73.0,144.28,75.91,24.19
2020-11-04 07:00:00,73.45,147.49,71.09,24.99
2020-11-04 08:00:00,81.39,174.97,62.75,26.8
2020-11-04 09:00:00,69.58,171.25,54.96,28.77
2020-11-04 10:00:00,61.8,184.53,44.67,30.72
2020-11-04 11:00:00,76.1,158.58,38.67,32.02
2020-11-04 12:00:00,58.44,146.3,36.18,33.41
2020-11-04 13:00:00,48.61,157.5,40.33,33.26
2020-11-04 14:00:00,60.28,248.0,41.81,32.92
2020-11-04 15:00:00,65.62,279.88,39.77,32.6
2020-11-04 16:00:00,58.71,245.0,41.58,31.74
2020-11-04 17:00:00,70.78,301.48,43.72,30.77
2020-11-04 18:00:00,48.71,326.24,52.135,29.22
2020-11-04 19:00:00,66.03,351.0,60.55,27.67
2020-11-04 20:00:00,127.09,344.36,63.51,27.01
2020-11-04 21:00:00,109.29,280.64,64.97,26.66
2020-11-04 22:00:00,95.75,249.77,65.88,26.17
2020-11-04 23:00:00,90.95,246.82,66.86,25.9
2020-11-05 00:00:00,89.67,224.58,64.18,25.8
2020-11-05 01:00:00,83.25,188.27,70.84,24.81
2020-11-05 02:00:00,87.7,188.8,72.46,24.24
2020-11-05 03:00:00,82.14,172.65,70.43,24.13
2020-11-05 04:00:00,84.48,165.51,72.47,23.77
2020-11-05 05:00:00,73.78,129.04,71.34,23.74
2020-11-05 06:00:00,69.7,121.0,69.22,23.98
2020-11-05 07:00:00,64.05,129.27,66.42,24.58
2020-11-05 08:00:00,65.33,133.44,61.5,26.11
2020-11-05 09:00:00,71.91,151.16,58.01,27.02
2020-11-05 10:00:00,71.16,166.0,50.06,29.26
2020-11-05 11:00:00,95.64,192.0,44.53,30.64
2020-11-05 12:00:00,91.74,181.42,38.31,32.0
2020-11-05 13:00:00,143.0,155.3,36.84,32.47
2020-11-05 14:00:00,68.0,144.29,34.27,32.62
2020-11-05 15:00:00,67.7,135.38,34.46,32.48
2020-11-05 16:00:00,61.77,135.44,36.46,31.86
2020-11-05 17:00:00,57.62,146.17,45.45,30.33
2020-11-05 18:00:00,70.23,200.31,52.47,28.66
2020-11-05 19:00:00,75.23,203.7,52.87,27.9
2020-11-05 20:00:00,80.0,190.0,45.17,27.49
2020-11-05 21:00:00,81.06,173.66,45.53,26.95
2020-11-05 22:00:00,99.94,186.61,55.42,25.43
2020-11-05 23:00:00,79.67,187.51,52.36,25.56
2020-11-06 00:00:00,73.05,145.0,56.82,24.41
2020-11-06 01:00:00,73.59,155.67,56.44,24.51
2020-11-06 02:00:00,66.42,130.21,58.65,24.04
2020-11-06 03:00:00,76.06,148.75,65.98,22.87
2020-11-06 04:00:00,94.63,166.26,64.02,22.86
2020-11-06 05:00:00,67.3,119.0,64.88,22.61
2020-11-06 06:00:00,73.25,119.0,61.99,22.98
2020-11-06 07:00:00,78.0,139.0,56.72,24.23
2020-11-06 08:00:00,78.09,141.49,52.61,25.38
2020-11-06 09:00:00,79.8,145.27,51.42,26.51
2020-11-06 10:00:00,75.86,159.05,45.88,28.37
2020-11-06 11:00:00,72.72,148.04,39.25,30.17
2020-11-06 12:00:00,66.7,132.65,36.23,30.99
2020-11-06 13:00:00,60.75,139.17,33.81,31.63
2020-11-06 14:00:00,55.75,114.03,31.66,32.07
2020-11-06 15:00:00,51.05,99.0,32.15,32.29
2020-11-06 16:00:00,51.8,111.26,34.61,31.59
2020-11-06 17:00:00,48.0,111.51,39.29,30.15
2020-11-06 18:00:00,48.96,137.16,54.66,28.17
2020-11-06 19:00:00,68.16,175.69,56.43,27.07
2020-11-06 20:00:00,89.05,205.07,60.04,26.26
2020-11-06 21:00:00,72.47,174.17,61.77,25.68
2020-11-06 22:00:00,102.05,214.41,65.74,24.84
2020-11-06 23:00:00,140.16,286.3,71.2,23.92
2020-11-07 00:00:00,89.64,239.69,69.98,23.82
2020-11-07 01:00:00,83.45,174.0,70.35,23.19
2020-11-07 02:00:00,91.34,169.85,71.41,22.64
2020-11-07 03:00:00,78.5,160.75,69.38,22.7
2020-11-07 04:00:00,68.7,132.43,64.86,22.63
2020-11-07 05:00:00,63.05,112.0,65.46,22.45
2020-11-07 06:00:00,63.95,128.34,63.1,22.45
2020-11-07 07:00:00,63.33,132.0,59.6,22.98
2020-11-07 08:00:00,70.05,132.57142857142858,56.667142857142856,24.388571428571428
2020-11-07 09:00:00,71.45,133.14285714285714,53.73428571428572,25.79714285714286
2020-11-07 10:00:00,79.24,133.71428571428572,50.80142857142857,27.205714285714286
2020-11-07 11:00:00,65.85,134.28571428571428,47.86857142857143,28.614285714285717
2020-11-07 12:00:00,82.55,134.85714285714286,44.93571428571428,30.022857142857145
2020-11-07 13:00:00,72.88,135.42857142857142,42.002857142857145,31.431428571428576
2020-11-07 14:00:00,52.86,136.0,39.07,32.84
2020-11-07 15:00:00,49.9,136.0,40.99,32.85
2020-11-07 16:00:00,49.06,275.76,44.65,31.54
2020-11-07 17:00:00,69.45,314.2,55.36,30.19
2020-11-07 18:00:00,77.9,448.0,61.56,28.26
2020-11-07 19:00:00,76.16,278.0,62.0,27.77
2020-11-07 20:00:00,79.11,276.0,64.29,27.11
2020-11-07 21:00:00,81.3,227.0,61.88,26.54
2020-11-07 22:00:00,87.75,237.4,64.1,26.02
2020-11-07 23:00:00,102.4,271.27,65.05,25.45
2020-11-08 00:00:00,90.06,211.77,63.43,25.03
2020-11-08 01:00:00,70.59,166.0,63.33,24.92
2020-11-08 02:00:00,62.75,130.09,62.27,24.58
2020-11-08 03:00:00,57.95,102.39,60.03,24.26
2020-11-08 04:00:00,57.23,105.14,59.28,24.06
2020-11-08 05:00:00,61.55,109.44,53.47,24.39
2020-11-08 06:00:00,53.25,103.12,51.36,24.47
2020-11-08 07:00:00,57.91,99.81,51.07,24.84
2020-11-08 08:00:00,55.8,109.77,49.42,25.68
2020-11-08 09:00:00,52.27,129.44,48.92,26.96
2020-11-08 10:00:00,57.45,146.26,45.94,28.76
2020-11-08 11:00:00,65.77,149.0,42.7,30.48
2020-11-08 12:00:00,60.8,139.9,39.64,31.78
2020-11-08 13:00:00,57.25,126.49,38.19,32.65
2020-11-08 14:00:00,62.0,122.76,37.3,33.12
2020-11-08 15:00:00,61.29,120.38,37.16,33.04
2020-11-08 16:00:00,48.71,105.89,39.51,32.38
2020-11-08 17:00:00,62.56,133.66,44.94,30.9
2020-11-08 18:00:00,74.5,178.32,53.04,28.76
2020-11-08 19:00:00,102.82,365.99,55.24,27.96
2020-11-08 20:00:00,133.55,285.86,56.69,27.44
2020-11-08 21:00:00,105.85,282.17,61.06,26.55
2020-11-08 22:00:00,103.0,249.55,62.41,26.18
2020-11-08 23:00:00,102.34,207.0,64.1,25.52
2020-11-09 00:00:00,89.2,184.8,64.13,25.24
2020-11-09 01:00:00,72.95,174.19,65.57,24.59
2020-11-09 02:00:00,72.3,140.44,68.95,23.79
2020-11-09 03:00:00,78.38,142.43,69.62,23.55
2020-11-09 04:00:00,85.72,139.72,67.9,23.45
2020-11-09 05:00:00,79.85,125.67,64.95,23.31
2020-11-09 06:00:00,77.05,124.63,65.24,22.96
2020-11-09 07:00:00,78.55,145.69,62.29,23.5
2020-11-09 08:00:00,89.11,159.0,53.64,25.62
2020-11-09 09:00:00,90.78,156.56,50.62,26.95
2020-11-09 10:00:00,87.45,173.38,45.17,28.62
2020-11-09 11:00:00,97.31,166.3,41.5,30.06
2020-11-09 12:00:00,119.7,172.0,34.89,31.3
2020-11-09 13:00:00,75.68,137.0,32.52,32.01
2020-11-09 14:00:00,68.72,126.23,32.13,32.13
2020-11-09 15:00:00,45.62,99.92,33.83,31.58
2020-11-09 16:00:00,39.7,99.89,36.69,30.9
2020-11-09 17:00:00,52.52,115.89,40.25,29.87
2020-11-09 18:00:00,62.75,139.69,45.44,28.26
2020-11-09 19:00:00,58.95,181.23,51.89,27.08
2020-11-09 20:00:00,78.66,234.0,60.74,26.26
2020-11-09 21:00:00,92.97,211.74,59.77,26.03
2020-11-09 22:00:00,108.5,202.03,58.63,25.52
2020-11-09 23:00:00,82.19,227.0,62.25,24.82
2020-11-10 00:00:00,85.43,174.2,62.92,24.29
2020-11-10 01:00:00,74.22,147.53,66.0,23.56
2020-11-10 02:00:00,78.9,152.33,69.99,22.87
2020-11-10 03:00:00,95.95,171.09,71.75,22.19
2020-11-10 04:00:00,94.14,151.83,71.81,21.93
2020-11-10 05:00:00,77.52,127.12,67.41,21.88
2020-11-10 06:00:00,69.0,115.55,69.63,21.0
2020-11-10 07:00:00,70.01,138.0,68.89,21.41
2020-11-10 08:00:00,89.0,185.16,60.07,23.56
2020-11-10 09:00:00,89.25,198.29,49.05,25.73
2020-11-10 10:00:00,93.25,183.32,41.01,27.77
2020-11-10 11:00:00,79.84,178.37,32.66,29.42
2020-11-10 12:00:00,76.55,168.88,30.08,30.43
2020-11-10 13:00:00,67.58,157.18,27.18,30.93
2020-11-10 14:00:00,58.85,124.6,24.92,31.66
2020-11-10 15:00:00,56.91,114.89,28.09,31.86
2020-11-10 16:00:00,74.0,191.26,37.63,30.37
2020-11-10 17:00:00,58.18073796189518,252.13,54.12,28.11
2020-11-10 18:00:00,54.02127945337589,313.0,52.28,26.86
2020-11-10 19:00:00,95.68,296.45,58.7,25.98
2020-11-10 20:00:00,90.22,213.22,59.5,25.43
2020-11-10 21:00:00,94.61,200.03,55.53,25.03
2020-11-10 22:00:00,106.95,225.34,59.03,24.11
2020-11-10 23:00:00,106.32,259.6,64.28,23.18
2020-11-11 00:00:00,111.09,240.35,63.77,22.68
2020-11-11 01:00:00,93.84,196.06,61.73,22.55
2020-11-11 02:00:00,91.32,174.76,60.64,22.36
2020-11-11 03:00:00,96.2,157.99,56.37,22.08
2020-11-11 04:00:00,82.2,138.45,53.2,21.98
2020-11-11 05:00:00,86.0,135.0,50.93,21.9
2020-11-11 06:00:00,86.45,140.79,52.24,21.36
2020-11-11 07:00:00,95.05,156.06,52.05,21.8
2020-11-11 08:00:00,95.7,194.58,44.14,23.99
2020-11-11 09:00:00,89.75,179.66,40.8,25.29
2020-11-11 10:00:00,85.11,194.86,37.87,26.8
2020-11-11 11:00:00,86.5,208.93,31.36,28.72
2020-11-11 12:00:00,76.29,194.61,28.77,29.57
2020-11-11 13:00:00,63.11,152.11,25.8,30.52
2020-11-11 14:00:00,64.7,119.18,25.99,30.83
2020-11-11 15:00:00,58.95,110.69,26.64,30.92
2020-11-11 16:00:00,58.95,115.79,29.5,30.42
2020-11-11 17:00:00,77.47,168.8,42.04,28.31
2020-11-11 18:00:00,68.3,192.41,53.02,26.15
2020-11-11 19:00:00,74.35,191.67,52.7,25.51
2020-11-11 20:00:00,82.47,219.05,54.62,24.96
2020-11-11 21:00:00,110.3,252.22,56.65,24.13
2020-11-11 22:00:00,115.3,262.12,51.47,24.56
2020-11-11 23:00:00,101.98,210.88,46.11,24.59
2020-11-12 00:00:00,83.39,168.65,43.3,24.22
2020-11-12 01:00:00,70.95,141.31,40.42,24.2
2020-11-12 02:00:00,70.36,123.81,39.87,23.72
2020-11-12 03:00:00,79.38,123.48,42.05,22.86
2020-11-12 04:00:00,121.59,132.28,42.5,22.58
2020-11-12 05:00:00,78.95,129.88,43.2,22.31
2020-11-12 06:00:00,78.2,128.17,44.92,21.98
2020-11-12 07:00:00,82.0,130.47,45.75,22.2
2020-11-12 08:00:00,82.1,142.58,43.47,23.63
2020-11-12 09:00:00,83.62,152.42,40.31,25.4
2020-11-12 10:00:00,77.64,153.18,39.02,27.07
2020-11-12 11:00:00,89.0,170.68,37.0,28.81
2020-11-12 12:00:00,60.67406360078174,146.34,34.91,30.01
2020-11-12 13:00:00,54.77966487262497,122.0,30.98,31.61
2020-11-12 14:00:00,64.21,111.35,36.13,31.48
2020-11-12 15:00:00,158.1,282.0,38.67,31.04
2020-11-12 16:00:00,83.62,255.0,45.11,29.93
2020-11-12 17:00:00,77.61,263.25,54.33,27.88
2020-11-12 18:00:00,88.89,219.93,56.95,26.6
2020-11-12 19:00:00,87.23,203.36,56.5,25.96
2020-11-12 20:00:00,93.12,221.78,57.41,25.59
2020-11-12 21:00:00,112.09,226.0,52.22,25.28
2020-11-12 22:00:00,99.22,196.22,57.45,24.16
2020-11-12 23:00:00,140.7,263.64,64.87,23.12
2020-11-13 00:00:00,135.0,278.0,66.38,22.61
2020-11-13 01:00:00,118.64,242.55,65.83,22.45
2020-11-13 02:00:00,112.31,214.31,68.82,21.97
2020-11-13 03:00:00,115.0,200.0,72.19,21.51
2020-11-13 04:00:00,116.0,204.12,69.38,21.55
2020-11-13 05:00:00,106.25,177.0,69.71,21.18
2020-11-13 06:00:00,100.0,163.0,65.14,21.75
2020-11-13 07:00:00,89.78,145.62,61.96,22.91
2020-11-13 08:00:00,86.0,165.36,55.34,25.76
2020-11-13 09:00:00,95.07,168.9,48.85,27.34
2020-11-13 10:00:00,61.0,124.28,48.02,28.8
2020-11-13 11:00:00,61.0,121.79,50.54,29.89
2020-11-13 12:00:00,60.0,123.0,49.33,31.3
2020-11-13 13:00:00,49.86351032244366,98.5,44.8,32.86
2020-11-13 14:00:00,37.0,74.0,42.8,33.55
2020-11-13 15:00:00,39.14,226.0,53.84,31.59
2020-11-13 16:00:00,61.29,259.0,56.18,30.32
2020-11-13 17:00:00,77.0,286.2,59.73,29.28
2020-11-13 18:00:00,74.43,204.0,66.09,27.53
2020-11-13 19:00:00,66.5,179.92,66.94,27.25
2020-11-13 20:00:00,93.16,201.4,64.74,26.99
2020-11-13 21:00:00,96.0,186.88,56.92,27.09
2020-11-13 22:00:00,65.0,147.97,59.74,26.03
2020-11-13 23:00:00,106.8,223.62,69.45,25.12
2020-11-14 00:00:00,170.14,335.0,67.76,25.1
2020-11-14 01:00:00,100.93,213.72,68.58,24.43
2020-11-14 02:00:00,79.67,151.59,68.82,24.19
2020-11-14 03:00:00,58.89,119.27,70.23,23.86
2020-11-14 04:00:00,57.89,101.64,71.59,23.57
2020-11-14 05:00:00,57.45,101.0,73.28,23.24
2020-11-14 06:00:00,67.61,115.82,76.34,22.7
2020-11-14 07:00:00,95.29,142.81,75.14,23.27
2020-11-14 08:00:00,79.61,131.56,64.86,26.44
2020-11-14 09:00:00,55.3,99.0,61.31,28.25
2020-11-14 10:00:00,58.0,115.0,57.1,29.94
2020-11-14 11:00:00,46.0,91.43,50.52,31.41
2020-11-14 12:00:00,22.0,79.0,47.89,32.4
2020-11-14 13:00:00,27.634702620699755,67.0,46.27,32.99
2020-11-14 14:00:00,27.0,55.0,46.04,33.36
2020-11-14 15:00:00,25.89,135.85,51.41,31.59
2020-11-14 16:00:00,24.0,95.0,54.23,30.53
2020-11-14 17:00:00,13.0,127.0,61.21,28.93
2020-11-14 18:00:00,37.89,106.0,67.12,27.68
2020-11-14 19:00:00,38.84,97.56,68.81,27.3
2020-11-14 20:00:00,71.59,149.54,70.33,27.02
2020-11-14 21:00:00,216.73,322.0,72.7,26.59
2020-11-14 22:00:00,264.36,339.0,71.06,26.46
2020-11-14 23:00:00,253.0,322.53499999999997,73.25,25.69
2020-11-15 00:00:00,228.86,306.07,73.26,25.63
2020-11-15 01:00:00,166.95,208.0,73.91,25.34
2020-11-15 02:00:00,113.0,167.75,76.78,24.71
2020-11-15 03:00:00,112.41,156.54,79.38,24.38
2020-11-15 04:00:00,102.0,127.67,80.22,24.32
2020-11-15 05:00:00,98.85,168.81,81.94,23.84
2020-11-15 06:00:00,114.59,154.27,82.51,23.91
2020-11-15 07:00:00,105.98,152.0,79.28,24.83
2020-11-15 08:00:00,88.32,142.9,73.36,26.45
2020-11-15 09:00:00,90.03,124.0,63.74,29.15
2020-11-15 10:00:00,55.93,97.0,57.86,30.09
2020-11-15 11:00:00,47.64,87.27,53.66,31.21
2020-11-15 12:00:00,53.0,81.17,47.36,32.66
2020-11-15 13:00:00,42.0,81.6,51.99,33.04
2020-11-15 14:00:00,59.0,139.88,55.38,31.91
2020-11-15 15:00:00,58.0,140.0,55.7,31.7
2020-11-15 16:00:00,58.0,144.12,55.5,31.31
2020-11-15 17:00:00,56.0,112.0,64.71,29.2
2020-11-15 18:00:00,49.53,115.9,71.42,27.88
2020-11-15 19:00:00,59.0,127.66,70.71,27.58
2020-11-15 20:00:00,120.61,192.36,69.45,27.38
2020-11-15 21:00:00,182.88,261.68,69.38,27.16
2020-11-15 22:00:00,163.0,254.53,71.66,26.87
2020-11-15 23:00:00,164.1,233.0,71.65,26.48
2020-11-16 00:00:00,147.0,206.76,68.91,26.29
2020-11-16 01:00:00,98.0,133.0,64.58,26.55
2020-11-16 02:00:00,72.0,102.88,65.19,26.05
2020-11-16 03:00:00,56.28,85.35,77.14,24.77
2020-11-16 04:00:00,91.47,135.81,76.07,24.74
2020-11-16 05:00:00,81.25,112.5,74.06,24.59
2020-11-16 06:00:00,68.22,102.41,74.81,24.29
2020-11-16 07:00:00,72.86,112.0,76.07,24.39
2020-11-16 08:00:00,88.0,141.0,66.87,26.82
2020-11-16 09:00:00,80.5,134.4,62.82,28.07
2020-11-16 10:00:00,67.03,116.51,56.73,29.56
2020-11-16 11:00:00,58.41,105.58,50.15,31.33
2020-11-16 12:00:00,48.0,104.0,47.42,32.16
2020-11-16 13:00:00,43.34798020156036,94.0,44.44,33.22
2020-11-16 14:00:00,37.86,84.0,45.16,33.79
2020-11-16 15:00:00,46.93,119.69,50.78,32.48
2020-11-16 16:00:00,37.67909259574401,183.76,56.43,30.974999999999998
2020-11-16 17:00:00,95.8,247.83,62.08,29.47
2020-11-16 18:00:00,110.0,252.0,63.36,28.55
2020-11-16 19:00:00,81.5,165.0,65.53,28.25
2020-11-16 20:00:00,148.0,248.56,70.12,27.62
2020-11-16 21:00:00,178.8,267.3,68.96,27.33
2020-11-16 22:00:00,194.0,292.0,70.93,26.69
2020-11-16 23:00:00,196.2,304.14,73.28,26.48
2020-11-17 00:00:00,261.0,381.64,70.25,26.35
2020-11-17 01:00:00,168.0,260.72,69.9,26.2
2020-11-17 02:00:00,163.61,247.66,74.2,25.24
2020-11-17 03:00:00,124.0,197.67,73.2,25.0
2020-11-17 04:00:00,71.0,126.61,73.09,24.91
2020-11-17 05:00:00,69.0,106.09,72.64,24.79
2020-11-17 06:00:00,66.0,103.35,74.36,24.32
2020-11-17 07:00:00,71.32,115.32,69.8,25.85
2020-11-17 08:00:00,74.0,127.33,63.65,27.48
2020-11-17 09:00:00,63.43,117.0,57.55,28.74
2020-11-17 10:00:00,54.11,122.0,55.94,29.92
2020-11-17 11:00:00,53.92,106.34,52.46,31.3
2020-11-17 12:00:00,34.0,103.0,50.38,32.15
2020-11-17 13:00:00,40.06134802962328,87.5,48.31,32.825
2020-11-17 14:00:00,31.43,72.0,46.24,33.5
2020-11-17 15:00:00,33.0,87.61,52.54,32.66
2020-11-17 16:00:00,61.07,235.0,58.06,30.81
2020-11-17 17:00:00,76.0,227.0,60.73,29.72
2020-11-17 18:00:00,79.0,252.07,63.84,28.56
2020-11-17 19:00:00,86.0,254.1,65.23,28.17
2020-11-17 20:00:00,121.62,233.42,68.3,27.78
2020-11-17 21:00:00,115.32,218.0,72.88,27.08
2020-11-17 22:00:00,121.0,261.53,72.61,27.04
2020-11-17 23:00:00,122.8,225.66,72.5,26.73
2020-11-18 00:00:00,119.91,220.93,75.3,26.22
2020-11-18 01:00:00,135.5,208.81,76.33,25.9
2020-11-18 02:00:00,108.81,207.94,76.72,25.5
2020-11-18 03:00:00,104.2,170.72,77.72,25.09
2020-11-18 04:00:00,88.0,135.0,78.51,24.65
2020-11-18 05:00:00,89.25,136.3,77.93,24.46
2020-11-18 06:00:00,76.45,132.88,76.7,24.23
2020-11-18 07:00:00,84.14,155.0,68.87,24.87
2020-11-18 08:00:00,81.1,159.5,65.72,25.94
2020-11-18 09:00:00,82.25,148.0,60.92,27.61
2020-11-18 10:00:00,69.53,148.0,55.18,30.07
2020-11-18 11:00:00,74.0,146.07,52.84,31.13
2020-11-18 12:00:00,67.0,145.0,50.72,32.9
2020-11-18 13:00:00,60.594190558043465,252.0,55.59,32.33
2020-11-18 14:00:00,62.5589120937415,359.0,57.33,31.66
2020-11-18 15:00:00,54.696026663486265,321.0,59.45,30.65
2020-11-18 16:00:00,85.91,322.91,59.96,30.23
2020-11-18 17:00:00,49.4,231.18,63.86,28.69
2020-11-18 18:00:00,57.8,223.0,68.33,27.43
2020-11-18 19:00:00,63.9,176.83,70.0,27.12
2020-11-18 20:00:00,87.9,280.0,70.61,26.93
2020-11-18 21:00:00,87.0,163.0,70.57,26.83
2020-11-18 22:00:00,78.64,145.75,71.95,26.62
2020-11-18 23:00:00,90.43,173.22,73.85,26.19
2020-11-19 00:00:00,92.98,165.22,72.21,25.98
2020-11-19 01:00:00,75.0,140.14,72.17,25.69
2020-11-19 02:00:00,69.0,127.35,73.12,25.43
2020-11-19 03:00:00,70.45,119.93,73.59,25.4
2020-11-19 04:00:00,73.78,119.0,73.09,25.56
2020-11-19 05:00:00,70.0,112.41,73.22,25.38
2020-11-19 06:00:00,73.0,120.82,75.15,25.02
2020-11-19 07:00:00,85.17,144.89,74.29,25.52
2020-11-19 08:00:00,60.501143031191845,148.40499999999997,69.91,26.7
2020-11-19 09:00:00,87.68,151.92,65.53,27.88
2020-11-19 10:00:00,82.0,153.56,59.59,29.81
2020-11-19 11:00:00,87.25,179.0,55.01,31.46
2020-11-19 12:00:00,74.0,211.0,54.63,32.25
2020-11-19 13:00:00,86.48,243.0,57.02,31.49
2020-11-19 14:00:00,95.0,261.5,55.74,31.165
2020-11-19 15:00:00,50.70948129819126,280.0,54.46,30.84
2020-11-19 16:00:00,59.0,273.43,56.53,30.05
2020-11-19 17:00:00,65.75,259.14,57.83,28.83
2020-11-19 18:00:00,72.0,229.105,60.39,27.46
2020-11-19 19:00:00,77.0,199.07,61.86,26.94
2020-11-19 20:00:00,102.0,211.15,61.97,26.76
2020-11-19 21:00:00,104.35,245.0,63.09,25.92
2020-11-19 22:00:00,99.75,231.03,64.77,25.64
2020-11-19 23:00:00,106.0,223.05,65.91,25.11
2020-11-20 00:00:00,105.41,225.22,67.63,24.76
2020-11-20 01:00:00,67.61011264263712,193.825,67.18,24.39
2020-11-20 02:00:00,66.97,162.43,66.73,24.02
2020-11-20 03:00:00,84.0,208.87,68.84,23.79
2020-11-20 04:00:00,84.36,218.64,66.49,23.88
2020-11-20 05:00:00,72.84,143.43,61.27,23.68
2020-11-20 06:00:00,70.0,121.85,62.36,23.6
2020-11-20 07:00:00,67.52,120.64,62.23,24.04
2020-11-20 08:00:00,58.4,116.46,59.29,25.62
2020-11-20 09:00:00,52.68,107.75,56.06,27.64
2020-11-20 10:00:00,50.64,104.0,54.45,29.05
2020-11-20 11:00:00,62.9,119.0,50.93,30.82
2020-11-20 12:00:00,80.0,184.0,53.07,30.6
2020-11-20 13:00:00,232.12,249.0,51.37,31.81
2020-11-20 14:00:00,84.0,314.0,51.62,31.29
2020-11-20 15:00:00,43.36368881454499,328.0,51.42,31.07
2020-11-20 16:00:00,68.0,212.0,55.02,28.86
2020-11-20 17:00:00,56.53,204.61,56.88,27.91
2020-11-20 18:00:00,61.0,193.2,56.39,27.26
2020-11-20 19:00:00,75.97,215.64,63.04,26.52
2020-11-20 20:00:00,94.72,220.0,65.17,25.89
2020-11-20 21:00:00,109.0,222.0,66.03,25.62
2020-11-20 22:00:00,130.39,300.0,68.64,24.87
2020-11-20 23:00:00,142.0,288.53,69.88,24.39
2020-11-21 00:00:00,136.0,295.0,71.33,23.78
2020-11-21 01:00:00,137.98,281.5,71.94,23.4
2020-11-21 02:00:00,119.73,238.68,73.79,22.96
2020-11-21 03:00:00,113.98,214.57,70.77,23.02
2020-11-21 04:00:00,96.0,186.57,70.42,22.73
2020-11-21 05:00:00,84.72,149.18,68.68,22.5
2020-11-21 06:00:00,74.22,121.95,73.45,22.09
2020-11-21 07:00:00,78.53,156.0,73.23,22.51
2020-11-21 08:00:00,87.47,174.0,60.06,25.74
2020-11-21 09:00:00,76.87,157.13,54.53,27.22
2020-11-21 10:00:00,58.1,135.0,50.08,29.88
2020-11-21 11:00:00,60.0,132.43,47.66,31.66
2020-11-21 12:00:00,98.2,180.51142857142858,49.79142857142857,30.92
2020-11-21 13:00:00,83.0,228.59285714285716,51.92285714285714,30.18
2020-11-21 14:00:00,80.0,276.6742857142857,54.05428571428571,29.44
2020-11-21 15:00:00,39.69334870034347,324.75571428571425,56.18571428571428,28.7
2020-11-21 16:00:00,56.35,372.83714285714285,58.317142857142855,27.96
2020-11-21 17:00:00,66.65,420.9185714285714,60.44857142857143,27.22
2020-11-21 18:00:00,98.25,469.0,62.58,26.48
2020-11-21 19:00:00,118.2,428.17,68.11,25.94
2020-11-21 20:00:00,103.47,217.0,71.0,25.37
2020-11-21 21:00:00,99.7,204.68,70.62,25.0
2020-11-21 22:00:00,111.32,211.0,76.79,24.11
2020-11-21 23:00:00,105.9,185.93,78.84,23.76
2020-11-22 00:00:00,104.55,208.0,79.65,23.44
2020-11-22 01:00:00,97.0,193.22,74.84,23.36
2020-11-22 02:00:00,99.27,174.39,75.31,22.89
2020-11-22 03:00:00,104.32,188.25,77.79,22.64
2020-11-22 04:00:00,110.0,175.57,78.56,22.26
2020-11-22 05:00:00,105.94,171.36,79.21,22.05
2020-11-22 06:00:00,105.0,168.53,79.19,21.94
2020-11-22 07:00:00,104.73,173.73,77.39,22.99
2020-11-22 08:00:00,100.75,179.93,68.6,25.59
2020-11-22 09:00:00,106.78,199.89,61.33,27.82
2020-11-22 10:00:00,101.45,171.14,57.41,29.0
2020-11-22 11:00:00,74.0,148.48,51.75,31.2
2020-11-22 12:00:00,74.0,148.32,53.88,31.3
2020-11-22 13:00:00,124.6,214.86,57.07,30.19
2020-11-22 14:00:00,138.0,345.0,56.86,30.3
2020-11-22 15:00:00,117.0,275.18,55.27,30.54
2020-11-22 16:00:00,108.47,277.74,56.23,29.86
2020-11-22 17:00:00,100.1,271.0,63.01,27.7
2020-11-22 18:00:00,119.93,304.56,68.49,26.38
2020-11-22 19:00:00,98.65,201.0,70.02,25.85
2020-11-22 20:00:00,80.28,195.0,69.77,25.05
2020-11-22 21:00:00,91.0,180.22,67.94,24.85
2020-11-22 22:00:00,98.15,194.0,68.73,23.84
2020-11-22 23:00:00,84.0,191.53,75.03,23.38
2020-11-23 00:00:00,135.58,237.65,78.8,22.73
2020-11-23 01:00:00,128.0,196.55,80.69,22.23
2020-11-23 02:00:00,105.0,170.35,77.41,22.29
2020-11-23 03:00:00,105.86,205.0,78.63,22.06
2020-11-23 04:00:00,69.88,131.89,83.49,21.57
2020-11-23 05:00:00,102.57,152.83,84.59,21.08
2020-11-23 06:00:00,99.0,161.0,83.61,20.98
2020-11-23 07:00:00,99.0,168.0,81.68,21.42
2020-11-23 08:00:00,108.0,179.57,70.75,24.27
2020-11-23 09:00:00,89.0,179.0,54.48,28.51
2020-11-23 10:00:00,87.28,166.68,47.59,29.98
2020-11-23 11:00:00,71.39,137.0,36.92,31.74
2020-11-23 12:00:00,44.24,135.72,34.27,31.94
2020-11-23 13:00:00,60.14,159.84,29.82,31.6
2020-11-23 14:00:00,22.0,213.0,28.59,31.44
2020-11-23 15:00:00,37.72,181.0,28.59,30.54
2020-11-23 16:00:00,28.07,202.28,32.35,29.6
2020-11-23 17:00:00,38.39,260.0,37.41,27.88
2020-11-23 18:00:00,50.0,244.0,42.5,26.93
2020-11-23 19:00:00,47.0,147.0,55.13,25.76
2020-11-23 20:00:00,45.75,121.0,60.83,25.26
2020-11-23 21:00:00,60.68,144.74,63.42,24.63
2020-11-23 22:00:00,72.32,174.0,65.44,24.09
2020-11-23 23:00:00,74.89,150.18,67.31,23.5
2020-11-24 00:00:00,73.0,135.36,70.09,22.98
2020-11-24 01:00:00,83.72,150.35,74.41,22.73
2020-11-24 02:00:00,80.18,129.77,76.86,22.39
2020-11-24 03:00:00,100.04,135.66,75.17,21.88
2020-11-24 04:00:00,84.0,142.0,77.22,21.73
2020-11-24 05:00:00,101.66,160.89,77.51,21.66
2020-11-24 06:00:00,98.83,144.65,76.97,21.47
2020-11-24 07:00:00,96.79,155.61,75.74,21.79
2020-11-24 08:00:00,112.18,228.0,63.92,24.18
2020-11-24 09:00:00,133.0,225.53,50.52,27.09
2020-11-24 10:00:00,104.0,212.79,46.05,28.0
2020-11-24 11:00:00,71.0,190.29,38.81,30.18
2020-11-24 12:00:00,74.0,141.0,38.26,31.26
2020-11-24 13:00:00,49.47837195268034,184.0,42.39,31.89
2020-11-24 14:00:00,74.7,227.0,45.33,30.82
2020-11-24 15:00:00,87.47,293.0,45.23,29.58
2020-11-24 16:00:00,78.0,296.19,46.51,29.56
2020-11-24 17:00:00,42.56124928938985,276.88,46.195,28.215
2020-11-24 18:00:00,77.89,257.57,45.88,26.87
2020-11-24 19:00:00,76.0,212.0,51.33,26.19
2020-11-24 20:00:00,82.4,217.14,55.6,25.97
2020-11-24 21:00:00,95.41,213.43,59.03,25.59
2020-11-24 22:00:00,119.21,260.0,59.38,25.18
2020-11-24 23:00:00,120.0,240.0,62.72,24.89
2020-11-25 00:00:00,118.82,271.92,66.31,24.43
2020-11-25 01:00:00,109.0,268.0,70.51,24.06
2020-11-25 02:00:00,129.0,305.0,70.56,23.44
2020-11-25 03:00:00,123.88,250.16,71.14,23.71
2020-11-25 04:00:00,121.88,251.38,68.94,23.54
2020-11-25 05:00:00,106.86,211.0,75.68,22.83
2020-11-25 06:00:00,125.05,238.83,76.36,22.73
2020-11-25 07:00:00,126.0,217.07,76.6,22.83
2020-11-25 08:00:00,145.0,270.0,69.49,25.41
2020-11-25 09:00:00,154.05,328.0,59.56,27.84
2020-11-25 10:00:00,149.7,300.0,48.44,29.1
2020-11-25 11:00:00,100.31,192.0,41.29,30.54
2020-11-25 12:00:00,85.47,175.68,38.63,31.38
2020-11-25 13:00:00,77.39,161.55,43.8,31.53
2020-11-25 14:00:00,102.96,308.0,51.18,30.06
2020-11-25 15:00:00,117.98,314.54,51.53,29.46
2020-11-25 16:00:00,109.84,265.15,51.5,28.57
2020-11-25 17:00:00,107.06,272.0,55.78,27.32
2020-11-25 18:00:00,107.52,286.0,55.8,26.59
2020-11-25 19:00:00,99.0,251.0,57.08,26.21
2020-11-25 20:00:00,101.0,244.11,59.77,25.83
2020-11-25 21:00:00,134.05,250.0,61.63,24.95
2020-11-25 22:00:00,117.0,248.0,62.91,24.67
2020-11-25 23:00:00,126.0,282.38,66.55,24.05
2020-11-26 00:00:00,125.0,229.17,68.04,23.8
2020-11-26 01:00:00,185.59,379.0,73.43,23.41
2020-11-26 02:00:00,150.09,310.6,73.45,23.08
2020-11-26 03:00:00,134.36,239.61,74.28,22.64
2020-11-26 04:00:00,129.53,202.22,76.07,22.19
2020-11-26 05:00:00,138.75,208.58,77.98,21.77
2020-11-26 06:00:00,132.93,215.09,77.73,21.86
2020-11-26 07:00:00,116.48,184.0,76.25,22.5
2020-11-26 08:00:00,125.91,223.07,68.59,24.7
2020-11-26 09:00:00,139.8,223.05,59.33,26.01
2020-11-26 10:00:00,104.78,210.27,53.59,26.94
2020-11-26 11:00:00,101.0,189.0,42.67,29.11
2020-11-26 12:00:00,82.57,147.0,38.38,30.59
2020-11-26 13:00:00,74.47,131.0,34.19,31.6
2020-11-26 14:00:00,70.0,129.0,34.34,31.86
2020-11-26 15:00:00,63.0,157.03,35.45,31.99
2020-11-26 16:00:00,90.25,258.0,55.74,28.53
2020-11-26 17:00:00,108.52,262.0,58.67,27.24
2020-11-26 18:00:00,100.0,243.53,62.31,26.66
2020-11-26 19:00:00,125.72,255.77,67.98,25.97
2020-11-26 20:00:00,156.0,266.75,66.06,25.56
2020-11-26 21:00:00,146.0,259.86,67.18,24.6
2020-11-26 22:00:00,142.72,304.46,67.2,24.21
2020-11-26 23:00:00,137.36,484.0,63.09,24.22
2020-11-27 00:00:00,129.68,239.0,60.42,24.41
2020-11-27 01:00:00,91.0,169.0,55.37,24.26
2020-11-27 02:00:00,78.53,140.0,56.19,23.9
2020-11-27 03:00:00,89.93,154.0,61.3,22.73
2020-11-27 04:00:00,96.04,152.12,52.48,23.97
2020-11-27 05:00:00,79.94,139.54,50.53,23.89
2020-11-27 06:00:00,79.0,134.81,47.42,24.27
2020-11-27 07:00:00,66.0,124.09,49.35,23.55
2020-11-27 08:00:00,70.0,136.84,46.85,24.61
2020-11-27 09:00:00,69.84,166.37,47.28,25.58
2020-11-27 10:00:00,76.61,192.0,45.49,27.14
2020-11-27 11:00:00,69.41,178.16,45.56,28.23
2020-11-27 12:00:00,58.38,157.0,42.23,29.51
2020-11-27 13:00:00,47.36,208.0,38.34,30.72
2020-11-27 14:00:00,41.32,159.0,35.17,31.12
2020-11-27 15:00:00,36.17,116.01,35.46,31.09
2020-11-27 16:00:00,39.39,93.0,38.32,30.32
2020-11-27 17:00:00,48.26,118.0,42.73,28.55
2020-11-27 18:00:00,66.0,153.0,42.28,27.7
2020-11-27 19:00:00,82.0,163.13,43.98,27.21
2020-11-27 20:00:00,86.27,194.39,41.32,26.77
2020-11-27 21:00:00,74.0,188.1,41.2,26.42
2020-11-27 22:00:00,67.0,150.79,43.3,25.75
2020-11-27 23:00:00,76.34,147.0,45.75,24.86
2020-11-28 00:00:00,82.0,152.0,45.78,24.44
2020-11-28 01:00:00,85.66,141.0,47.87,23.73
2020-11-28 02:00:00,83.17,138.49,47.79,23.8
2020-11-28 03:00:00,86.0,139.55,49.53,23.61
2020-11-28 04:00:00,85.83,132.05,49.8,23.52
2020-11-28 05:00:00,82.78,118.58,50.5,23.49
2020-11-28 06:00:00,79.0,114.12,52.25,23.45
2020-11-28 07:00:00,75.0,110.0,54.81,23.43
2020-11-28 08:00:00,69.27,121.39,54.16,24.18
2020-11-28 09:00:00,56.73,117.47,51.79,25.27
2020-11-28 10:00:00,52.0,106.18,47.78,26.75
2020-11-28 11:00:00,34.55482626253206,104.09,46.86,27.47
2020-11-28 12:00:00,34.29650878682906,102.0,46.81,28.06
2020-11-28 13:00:00,46.87,92.59,46.78,28.66
2020-11-28 14:00:00,28.34,73.0,47.9,29.06
2020-11-28 15:00:00,31.0,82.0,50.66,28.13
2020-11-28 16:00:00,44.0,97.66,52.5,27.91
2020-11-28 17:00:00,53.18,129.71,55.64,27.42
2020-11-28 18:00:00,75.5,165.7,61.41,26.97
2020-11-28 19:00:00,104.0,338.0,66.98,26.54
2020-11-28 20:00:00,104.0,329.57,65.18,26.69
2020-11-28 21:00:00,109.13,296.0,63.32,26.48
2020-11-28 22:00:00,111.36,290.3,66.27,26.15
2020-11-28 23:00:00,84.0,228.51,65.77,26.27
2020-11-29 00:00:00,44.5,121.62,63.63,26.08
2020-11-29 01:00:00,32.43,90.27,66.17,25.46
2020-11-29 02:00:00,39.77,98.39,68.12,24.93
2020-11-29 03:00:00,39.58,119.36000000000001,70.005,24.405
2020-11-29 04:00:00,45.0,140.33,71.89,23.88
2020-11-29 05:00:00,62.0,120.86,71.84,23.64
2020-11-29 06:00:00,45.0,75.0,74.77,23.33
2020-11-29 07:00:00,64.56,107.0,69.35,25.0
2020-11-29 08:00:00,69.0,118.24,65.95,26.08
2020-11-29 09:00:00,60.1,114.75,59.15,27.23
2020-11-29 10:00:00,42.75,95.95,56.23,28.23
2020-11-29 11:00:00,32.66,88.1,51.76,29.41
2020-11-29 12:00:00,27.05,96.73,46.19,30.98
2020-11-29 13:00:00,28.0,69.0,44.04,31.57
2020-11-29 14:00:00,22.36,62.49,51.47,30.69
2020-11-29 15:00:00,43.81,214.0,56.02,29.34
2020-11-29 16:00:00,58.0,244.76,52.74,29.38
2020-11-29 17:00:00,35.8,187.31,58.55,27.66
2020-11-29 18:00:00,43.0,161.21,63.23,26.65
2020-11-29 19:00:00,41.36,187.0,65.45,26.19
2020-11-29 20:00:00,37.02,125.35,69.53,25.69
2020-11-29 21:00:00,54.0,119.16,70.78,25.34
2020-11-29 22:00:00,37.620166490414775,121.30153846153846,69.77076923076923,25.62153846153846
2020-11-29 23:00:00,44.81721698967652,123.44307692307692,68.76153846153846,25.903076923076924
2020-11-30 00:00:00,54.80155487075432,125.58461538461538,67.7523076923077,26.184615384615384
2020-11-30 01:00:00,53.456823711298235,127.72615384615385,66.74307692307693,26.466153846153848
2020-11-30 02:00:00,47.33246128956484,129.8676923076923,65.73384615384616,26.747692307692308
2020-11-30 03:00:00,52.36137898064181,132.00923076923078,64.72461538461539,27.029230769230768
2020-11-30 04:00:00,45.67619798680189,134.15076923076924,63.715384615384615,27.310769230769232
2020-11-30 05:00:00,35.7087878921882,136.2923076923077,62.706153846153846,27.592307692307692
2020-11-30 06:00:00,51.742252219101815,138.43384615384616,61.69692307692307,27.873846153846152
2020-11-30 07:00:00,59.31968829858672,140.57538461538462,60.6876923076923,28.155384615384616
2020-11-30 08:00:00,61.915106878406945,142.71692307692308,59.678461538461534,28.436923076923076
2020-11-30 09:00:00,62.59744689427132,144.85846153846154,58.669230769230765,28.71846153846154
2020-11-30 10:00:00,84.0,147.0,57.66,29.0
2020-11-30 11:00:00,61.0,120.64,52.47,30.62
2020-11-30 12:00:00,41.0,91.12,48.9,31.77
2020-11-30 13:00:00,50.83,84.24,51.17,31.95
2020-11-30 14:00:00,73.0,300.0,55.76,30.66
2020-11-30 15:00:00,100.0,327.92,54.82,30.76
2020-11-30 16:00:00,51.38950332766335,338.96000000000004,56.95,29.645000000000003
2020-11-30 17:00:00,207.48,350.0,59.08,28.53
2020-11-30 18:00:00,81.43,324.86,63.21,27.61
2020-11-30 19:00:00,71.32,178.0,65.39,27.07
2020-11-30 20:00:00,60.23,172.0,65.09,26.93
2020-11-30 21:00:00,64.53,155.0,64.7,26.66
2020-11-30 22:00:00,74.86,190.0,67.2,26.19
2020-11-30 23:00:00,89.38,189.36,68.51,25.91
2020-12-01 00:00:00,79.96,193.87,70.69,25.66
2020-12-01 01:00:00,95.38,195.0,72.54,25.53
2020-12-01 02:00:00,84.49,203.95,74.23,25.28
2020-12-01 03:00:00,75.66,194.18,74.87,24.92
2020-12-01 04:00:00,69.89,148.2,73.08,24.79
2020-12-01 05:00:00,67.89,123.5,71.44,24.93
2020-12-01 06:00:00,66.48,132.17,73.4,24.44
2020-12-01 07:00:00,74.55,140.68,73.94,24.73
2020-12-01 08:00:00,67.11,127.36,72.07,25.66
2020-12-01 09:00:00,68.72,138.6,65.91,27.6
2020-12-01 10:00:00,64.11,141.19,58.84,29.67
2020-12-01 11:00:00,65.62,128.02,51.49,31.38
2020-12-01 12:00:00,58.94,126.62,47.07,32.88
2020-12-01 13:00:00,58.27,132.7,48.59,32.57
2020-12-01 14:00:00,64.7,173.0,54.72,31.63
2020-12-01 15:00:00,93.72,276.82,63.26,30.18
2020-12-01 16:00:00,105.11,316.41,65.17,29.37
2020-12-01 17:00:00,105.98,253.13,64.78,28.48
2020-12-01 18:00:00,88.84,252.68,69.05,27.44
2020-12-01 19:00:00,85.28,229.87,66.51,27.3
2020-12-01 20:00:00,74.39,175.07,64.44,27.12
2020-12-01 21:00:00,81.28,218.38,63.48,26.94
2020-12-01 22:00:00,85.62,221.08,66.6,26.38
2020-12-01 23:00:00,82.7,230.35,70.61,25.8
2020-12-02 00:00:00,145.45,373.87,72.05,25.51
2020-12-02 01:00:00,102.66,228.22,73.48,25.23
2020-12-02 02:00:00,97.37,187.18,75.81,24.67
2020-12-02 03:00:00,103.49,169.06,77.85,24.47
2020-12-02 04:00:00,95.63,179.6,75.56,24.27
2020-12-02 05:00:00,106.72,178.13,77.28,23.82
2020-12-02 06:00:00,101.67,177.0,77.93,23.77
2020-12-02 07:00:00,96.36,170.51,78.62,23.89
2020-12-02 08:00:00,101.94,177.92,75.26,25.0
2020-12-02 09:00:00,100.15,178.38,68.12,26.71
2020-12-02 10:00:00,86.06,172.29,59.47,28.8
2020-12-02 11:00:00,86.72,162.08,51.2,30.58
2020-12-02 12:00:00,81.38,149.49,48.19,31.35
2020-12-02 13:00:00,71.11,150.25,45.77,31.93
2020-12-02 14:00:00,74.25,151.0,51.03,31.58
2020-12-02 15:00:00,95.28,295.69,55.16,30.88
2020-12-02 16:00:00,99.48,371.59,58.11,29.69
2020-12-02 17:00:00,90.42,314.12,59.18,28.34
2020-12-02 18:00:00,79.94,222.0,62.07,27.25
2020-12-02 19:00:00,79.79,220.6,70.77,26.38
2020-12-02 20:00:00,92.82,213.27,73.58,25.85
2020-12-02 21:00:00,90.62,207.24,74.11,25.38
2020-12-02 22:00:00,101.97,233.39,77.1,24.32
2020-12-02 23:00:00,118.66,285.42,77.86,24.48
2020-12-03 00:00:00,126.8,278.02,71.61,24.33
2020-12-03 01:00:00,89.15,183.0,67.05,24.15
2020-12-03 02:00:00,75.17,143.61,69.05,23.45
2020-12-03 03:00:00,78.11,147.11,69.38,23.14
2020-12-03 04:00:00,79.83,145.74,67.39,23.0
2020-12-03 05:00:00,77.34,146.63,66.78,22.73
2020-12-03 06:00:00,83.0,151.08,64.26,22.83
2020-12-03 07:00:00,83.39,152.0,65.94,22.66
2020-12-03 08:00:00,90.56,187.69,62.59,24.17
2020-12-03 09:00:00,99.44,200.42,56.96,26.04
2020-12-03 10:00:00,88.81,182.61,47.19,28.42
2020-12-03 11:00:00,70.28,143.12,41.9,29.91
2020-12-03 12:00:00,76.06,153.93,40.23,30.98
2020-12-03 13:00:00,92.14,166.63,34.2,32.18
2020-12-03 14:00:00,61.91,120.77,42.71,31.48
2020-12-03 15:00:00,78.36,267.39,48.0,30.74
2020-12-03 16:00:00,101.11,302.19,48.39,29.84
2020-12-03 17:00:00,102.7,358.74,53.31,27.98
2020-12-03 18:00:00,97.11,299.1,56.05,26.61
2020-12-03 19:00:00,82.66,209.56,59.06,26.03
2020-12-03 20:00:00,77.78,192.11,62.01,25.48
2020-12-03 21:00:00,91.0,186.92,58.49,25.1
2020-12-03 22:00:00,91.06,170.56,61.91,24.42
2020-12-03 23:00:00,92.65,225.72,63.56,24.06
2020-12-04 00:00:00,104.83,220.77,64.27,23.66
2020-12-04 01:00:00,103.36,214.08,70.17,22.79
2020-12-04 02:00:00,124.59,209.34,67.65,22.96
2020-12-04 03:00:00,100.47,181.09,68.9,22.49
2020-12-04 04:00:00,91.89,164.4,72.14,21.56
2020-12-04 05:00:00,90.39,163.62,72.94,21.28
2020-12-04 06:00:00,96.1,151.83,73.03,21.37
2020-12-04 07:00:00,80.66,153.86,74.55,21.36
2020-12-04 08:00:00,91.17,172.12,65.34,23.7
2020-12-04 09:00:00,93.47,183.34,53.94,26.04
2020-12-04 10:00:00,84.5,167.06,44.93,27.78
2020-12-04 11:00:00,75.87,149.09,37.56,29.65
2020-12-04 12:00:00,73.38,142.0,34.11,30.73
2020-12-04 13:00:00,62.83,126.5,31.53,31.56
2020-12-04 14:00:00,61.25,117.29,36.73,31.45
2020-12-04 15:00:00,81.7,260.05,41.96,29.73
2020-12-04 16:00:00,77.51,302.1,44.99,29.16
2020-12-04 17:00:00,87.47,342.12,48.04,27.66
2020-12-04 18:00:00,112.85,542.45,51.04,26.49
2020-12-04 19:00:00,125.39,439.75,51.2,25.84
2020-12-04 20:00:00,100.36,323.64,55.13,25.05
2020-12-04 21:00:00,107.78,280.0,55.67,24.77
2020-12-04 22:00:00,137.05,237.75,54.15,24.34
2020-12-04 23:00:00,121.61,290.7,58.32,23.45
2020-12-05 00:00:00,115.28,297.67,62.65,22.83
2020-12-05 01:00:00,122.97,289.5,70.59,21.93
2020-12-05 02:00:00,167.32,257.0,70.15,21.62
2020-12-05 03:00:00,124.83,255.38,71.71,21.39
2020-12-05 04:00:00,120.25,225.75,67.68,21.67
2020-12-05 05:00:00,91.97,173.33,73.12,20.8
2020-12-05 06:00:00,109.17,189.77,77.29,20.24
2020-12-05 07:00:00,129.06,204.2,78.27,20.33
2020-12-05 08:00:00,129.09,230.12,65.06,23.46
2020-12-05 09:00:00,112.2,221.14,50.2,25.66
2020-12-05 10:00:00,80.06,173.97,44.38,27.78
2020-12-05 11:00:00,80.55,165.63,37.8,29.55
2020-12-05 12:00:00,72.83,161.69,34.3,30.66
2020-12-05 13:00:00,69.05,139.43,28.38,31.75
2020-12-05 14:00:00,50.98,101.86,24.3,33.54
2020-12-05 15:00:00,35.15,92.37,44.24,31.41
2020-12-05 16:00:00,71.96,235.22,47.75,30.11
2020-12-05 17:00:00,88.89,337.69,49.62,28.01
2020-12-05 18:00:00,104.18,350.15,51.35,26.65
2020-12-05 19:00:00,106.89,307.31,55.94,25.75
2020-12-05 20:00:00,104.38,266.69,61.7,25.19
2020-12-05 21:00:00,94.11,207.07,64.06,24.77
2020-12-05 22:00:00,96.36,222.0,63.72,23.87
2020-12-05 23:00:00,102.48,238.17,71.56,22.71
2020-12-06 00:00:00,109.36,237.96,70.02,22.65
2020-12-06 01:00:00,82.0,193.94,66.09,22.38
2020-12-06 02:00:00,82.06,162.1,62.94,22.24
2020-12-06 03:00:00,83.22,149.0,62.97,21.7
2020-12-06 04:00:00,86.26,149.81,57.41,21.8
2020-12-06 05:00:00,72.53,128.8,55.84,21.41
2020-12-06 06:00:00,63.77,117.5,51.04,22.11
2020-12-06 07:00:00,60.0,108.69,46.55,22.85
2020-12-06 08:00:00,59.44,121.0,42.17,24.46
2020-12-06 09:00:00,51.05,122.62,41.88,25.78
2020-12-06 10:00:00,69.41,149.81,38.73,27.7
2020-12-06 11:00:00,59.09,133.2,32.21,29.29
2020-12-06 12:00:00,44.21,111.75,28.99,30.59
2020-12-06 13:00:00,47.61,123.0,26.47,31.4
2020-12-06 14:00:00,40.88,103.43,23.52,32.46
2020-12-06 15:00:00,39.91,95.75,29.22,32.53
2020-12-06 16:00:00,55.85,199.81,37.45,30.55
2020-12-06 17:00:00,70.78,241.06,48.58,28.07
2020-12-06 18:00:00,82.49,339.0,57.41,26.0
2020-12-06 19:00:00,73.42,255.31,55.59,25.47
2020-12-06 20:00:00,64.01,193.75,53.36,24.94
2020-12-06 21:00:00,81.3,210.81,52.7,24.02
2020-12-06 22:00:00,105.06,301.0,58.23,23.28
2020-12-06 23:00:00,137.51,324.52,61.75,22.85
2020-12-07 00:00:00,112.45,269.88,62.18,22.54
2020-12-07 01:00:00,88.32,204.62,64.86,21.85
2020-12-07 02:00:00,94.11,182.45,65.82,21.5
2020-12-07 03:00:00,95.49,171.88,64.88,21.2
2020-12-07 04:00:00,87.34,148.18,69.56,20.27
2020-12-07 05:00:00,92.72,159.94,68.1,20.07
2020-12-07 06:00:00,87.5,152.28,59.33,20.91
2020-12-07 07:00:00,78.05,131.19,51.69,22.16
2020-12-07 08:00:00,63.39,127.19,47.57,23.59
2020-12-07 09:00:00,70.39,135.89,42.85,25.86
2020-12-07 10:00:00,76.44,146.94,38.36,27.83
2020-12-07 11:00:00,67.45,162.12,36.94,29.3
2020-12-07 12:00:00,70.72,166.76,34.97,30.46
2020-12-07 13:00:00,65.7,160.31,33.32,31.26
2020-12-07 14:00:00,60.23,147.58,28.34,32.25
2020-12-07 15:00:00,49.23,110.0,28.2,32.25
2020-12-07 16:00:00,52.94,111.62,31.15,31.69
2020-12-07 17:00:00,52.68,118.88,31.88,30.99
2020-12-07 18:00:00,64.45,179.19,41.735,28.74
2020-12-07 19:00:00,71.11,239.5,51.59,26.49
2020-12-07 20:00:00,77.94,212.0,47.26,26.14
2020-12-07 21:00:00,155.78,332.0,54.27,24.92
2020-12-07 22:00:00,149.11,364.19,55.39,24.77
2020-12-07 23:00:00,104.38,227.0,57.77,23.74
2020-12-08 00:00:00,94.24,229.57,61.75,23.17
2020-12-08 01:00:00,98.18,238.25,64.94,22.38
2020-12-08 02:00:00,100.82,226.57,66.09,21.48
2020-12-08 03:00:00,97.63,211.62,65.84,21.48
2020-12-08 04:00:00,90.5,157.0,62.27,21.18
2020-12-08 05:00:00,82.61,150.0,59.58,21.04
2020-12-08 06:00:00,75.22,132.18,53.39,21.895
2020-12-08 07:00:00,62.94,114.36,47.2,22.75
2020-12-08 08:00:00,62.11,146.0,44.53,24.92
2020-12-08 09:00:00,64.11,138.0,40.99,26.83
2020-12-08 10:00:00,66.17,138.0,39.36,28.369999999999997
2020-12-08 11:00:00,68.72,138.0,37.73,29.91
2020-12-08 12:00:00,63.72,143.69,35.48,31.59
2020-12-08 13:00:00,58.32,116.56,34.47,32.15
2020-12-08 14:00:00,46.84,103.12,33.45,32.8
2020-12-08 15:00:00,45.78,124.19,39.96,31.73
2020-12-08 16:00:00,76.03,273.0,42.78,30.52
2020-12-08 17:00:00,108.57,329.56,47.74,28.4
2020-12-08 18:00:00,85.22,283.81,52.74,26.95
2020-12-08 19:00:00,72.76,260.75,58.94,26.04
2020-12-08 20:00:00,69.47,205.25,60.79,25.5
2020-12-08 21:00:00,80.5,203.73,64.98,24.4
2020-12-08 22:00:00,138.05,388.68,67.28,24.1
2020-12-08 23:00:00,123.97,366.19,69.55,24.01
2020-12-09 00:00:00,138.47,322.0,65.78,23.8
2020-12-09 01:00:00,115.22,257.0,69.6,23.3
2020-12-09 02:00:00,152.08,257.44,69.67,23.13
2020-12-09 03:00:00,107.72,237.44,71.5,22.5
2020-12-09 04:00:00,132.85,255.75,64.64,22.83
2020-12-09 05:00:00,96.53,175.28,61.56,23.19
2020-12-09 06:00:00,88.09,140.0,61.76,23.17
2020-12-09 07:00:00,72.94,139.44,60.33,23.4
2020-12-09 08:00:00,72.22,148.09,56.12,24.18
2020-12-09 09:00:00,76.18,168.0,49.99,26.74
2020-12-09 10:00:00,79.47,165.57,46.06,28.56
2020-12-09 11:00:00,85.93,166.62,41.05,30.15
2020-12-09 12:00:00,68.55,139.47,38.06,31.95
2020-12-09 13:00:00,60.21,147.67,39.7,32.07
2020-12-09 14:00:00,47.0,135.06,39.16,32.55
2020-12-09 15:00:00,46.89,131.62,40.17,32.3
2020-12-09 16:00:00,47.06,229.5,49.39,29.92
2020-12-09 17:00:00,80.61,345.44,57.2,27.91
2020-12-09 18:00:00,74.11,247.0,58.38,27.45
2020-12-09 19:00:00,76.45,238.09,58.84,27.02
2020-12-09 20:00:00,84.51,231.14,57.91,26.87
2020-12-09 21:00:00,94.32,220.25,57.5,26.75
2020-12-09 22:00:00,118.97,304.62,58.46,26.74
2020-12-09 23:00:00,133.69,384.31,61.14,26.39
2020-12-10 00:00:00,111.7,318.67,67.12,26.04
2020-12-10 01:00:00,106.11,168.0,73.66,25.41
2020-12-10 02:00:00,92.91,138.9,72.95,25.47
2020-12-10 03:00:00,107.87,146.0,72.28,25.22
2020-12-10 04:00:00,89.44,147.24,71.91,25.09
2020-12-10 05:00:00,80.06,129.98,74.95,24.52
2020-12-10 06:00:00,81.17,140.94,75.37,24.15
2020-12-10 07:00:00,84.24,156.53,70.27,24.36
2020-12-10 08:00:00,89.31,186.53,66.38,25.53
2020-12-10 09:00:00,109.15,216.36,57.13,27.43
2020-12-10 10:00:00,93.45,170.93,50.88,29.09
2020-12-10 11:00:00,68.76,147.67,46.88,30.45
2020-12-10 12:00:00,65.12,145.0,43.7,30.85
2020-12-10 13:00:00,66.41,123.25,43.16,31.51
2020-12-10 14:00:00,58.67,194.09,54.6,29.78
2020-12-10 15:00:00,85.53,290.52,55.76,29.73
2020-12-10 16:00:00,94.72,310.62,65.83,28.85
2020-12-10 17:00:00,91.07,333.0,66.27,28.27
2020-12-10 18:00:00,108.62,372.67,70.4,27.08
2020-12-10 19:00:00,119.0,377.66,70.3,26.68
2020-12-10 20:00:00,120.28,476.0,72.92,26.41
2020-12-10 21:00:00,140.89,397.19,76.09,26.15
2020-12-10 22:00:00,121.7,280.0,76.55,25.98
2020-12-10 23:00:00,115.51,211.19,78.47,25.36
2020-12-11 00:00:00,92.0,200.64,79.4,24.98
2020-12-11 01:00:00,92.3,188.26,78.69,24.88
2020-12-11 02:00:00,97.24,183.38,79.51,24.45
2020-12-11 03:00:00,100.88,158.0,80.83,23.91
2020-12-11 04:00:00,99.18,149.91,80.14,23.72
2020-12-11 05:00:00,101.7,149.62,78.91,23.61
2020-12-11 06:00:00,96.88,145.95,78.63,23.51
2020-12-11 07:00:00,94.68,149.95,81.58,22.98
2020-12-11 08:00:00,89.53,153.81,81.7,23.01
2020-12-11 09:00:00,98.39,162.12,81.1,23.18
2020-12-11 10:00:00,103.41,164.0,81.58,23.02
2020-12-11 11:00:00,93.22,153.46,80.81,23.49
2020-12-11 12:00:00,97.06,141.25,78.28,23.87
2020-12-11 13:00:00,95.86,153.0,71.83,24.59
2020-12-11 14:00:00,61.88,113.53,68.8,25.26
2020-12-11 15:00:00,60.28,109.67,67.59,25.78
2020-12-11 16:00:00,64.88,126.0,69.15,25.84
2020-12-11 17:00:00,63.38,130.05,70.01,25.59
2020-12-11 18:00:00,70.12,151.14,73.29,24.78
2020-12-11 19:00:00,88.41,193.24,75.44,24.38
2020-12-11 20:00:00,113.56,229.5,76.54,24.12
2020-12-11 21:00:00,135.67,247.0,75.13,24.54
2020-12-11 22:00:00,112.22,213.81,74.84,24.65
2020-12-11 23:00:00,98.65,243.24,75.25,24.54
2020-12-12 00:00:00,92.41,224.47,77.7,24.09
2020-12-12 01:00:00,82.53,173.0,80.55,23.55
2020-12-12 02:00:00,74.83,131.72,82.12,23.31
2020-12-12 03:00:00,71.94,107.38,83.12,23.05
2020-12-12 04:00:00,71.42,98.31,84.76,22.71
2020-12-12 05:00:00,77.94,92.66,85.07,22.71
2020-12-12 06:00:00,76.34,90.81,84.26,22.7
2020-12-12 07:00:00,65.53,87.76,82.87,22.81
2020-12-12 08:00:00,58.48,87.0,82.54,23.17
2020-12-12 09:00:00,67.23,120.88,80.88,23.76
2020-12-12 10:00:00,71.52,136.26,78.83,23.99
2020-12-12 11:00:00,80.11,147.72,75.3,24.78
2020-12-12 12:00:00,81.47,163.0,68.0,26.16
2020-12-12 13:00:00,72.76,167.83,65.02,27.36
2020-12-12 14:00:00,69.48,145.53,59.73,28.23
2020-12-12 15:00:00,77.94,131.09,63.18,27.4
2020-12-12 16:00:00,76.76,165.43,67.7,26.23
2020-12-12 17:00:00,73.0,180.97500000000002,69.545,25.65
2020-12-12 18:00:00,73.46,196.52,71.39,25.07
2020-12-12 19:00:00,81.22,205.26,74.6,24.43
2020-12-12 20:00:00,86.25,214.0,77.81,23.79
2020-12-12 21:00:00,106.12,219.67,78.12,23.73
2020-12-12 22:00:00,108.17,216.14,78.5,23.71
2020-12-12 23:00:00,109.99,193.25,76.13,23.65
2020-12-13 00:00:00,91.15,150.0,73.94,23.6
2020-12-13 01:00:00,77.66,126.25,75.41,23.23
2020-12-13 02:00:00,74.76,103.0,76.31,22.89
2020-12-13 03:00:00,71.3,101.78,77.16,22.79
2020-12-13 04:00:00,76.0,106.0,75.12,23.0
2020-12-13 05:00:00,76.24,112.0,74.62,23.02
2020-12-13 06:00:00,80.0,115.09,76.86,22.75
2020-12-13 07:00:00,83.94,128.33,77.55,22.98
2020-12-13 08:00:00,83.39,135.05,78.8,22.97
2020-12-13 09:00:00,89.22,140.28,81.85,22.52
2020-12-13 10:00:00,81.33,114.0,79.69,23.46
2020-12-13 11:00:00,54.64,82.0,75.63,24.06
2020-12-13 12:00:00,52.78,101.0,71.22,24.84
2020-12-13 13:00:00,58.89,94.81,70.88,24.95
2020-12-13 14:00:00,57.76,93.43,72.13,24.81
2020-12-13 15:00:00,54.34,96.0,73.09,24.62
2020-12-13 16:00:00,57.0,129.0,76.74,24.1
2020-12-13 17:00:00,52.0,110.0,80.65,22.7
2020-12-13 18:00:00,59.86,109.0,77.79,22.87
2020-12-13 19:00:00,39.21801873306365,124.0,78.775,22.605
2020-12-13 20:00:00,91.0,139.0,79.76,22.34
2020-12-13 21:00:00,99.0,142.09,81.2,22.29
2020-12-13 22:00:00,50.74712576086402,146.04500000000002,80.33,22.47
2020-12-13 23:00:00,98.05,150.0,79.46,22.65
2020-12-14 00:00:00,90.58,139.53,80.75,22.35
2020-12-14 01:00:00,84.0,125.12,88.91,21.02
2020-12-14 02:00:00,80.94,98.0,90.41,20.96
2020-12-14 03:00:00,80.0,91.53,89.85,21.19
2020-12-14 04:00:00,67.0,73.0,90.83,21.38
2020-12-14 05:00:00,51.99,63.09,92.46,21.09
2020-12-14 06:00:00,34.57,43.51,95.05,20.46
2020-12-14 07:00:00,11.64277199697116,39.754999999999995,94.88,20.69
2020-12-14 08:00:00,31.43,36.0,96.54,20.52
2020-12-14 09:00:00,42.0,49.0,96.76,20.49
2020-12-14 10:00:00,42.07,47.0,93.15,21.61
2020-12-14 11:00:00,50.0,63.95,89.03,22.36
2020-12-14 12:00:00,44.62,68.0,85.42,22.95
2020-12-14 13:00:00,49.85,75.28,82.09,23.83
2020-12-14 14:00:00,63.89,81.0,78.94,24.45
2020-12-14 15:00:00,63.48,93.91,79.93,24.34
2020-12-14 16:00:00,70.47,98.19,79.32,24.44
2020-12-14 17:00:00,62.34,103.82,79.19,24.35
2020-12-14 18:00:00,65.47,189.0,86.72,22.9
2020-12-14 19:00:00,66.38,168.76,86.87,22.59
2020-12-14 20:00:00,47.0,112.0,87.19,22.38
2020-12-14 21:00:00,69.72,125.71,88.13,22.09
2020-12-14 22:00:00,81.0,159.0,89.91,21.7
2020-12-14 23:00:00,109.0,201.09,90.38,21.82
2020-12-15 00:00:00,95.0,201.19,90.03,21.82
2020-12-15 01:00:00,96.0,172.09,90.67,21.39
2020-12-15 02:00:00,57.52825390867765,166.70375,88.93625,21.73375
2020-12-15 03:00:00,60.68228145157741,161.3175,87.2025,22.0775
2020-12-15 04:00:00,48.72952760406544,155.93125,85.46875,22.42125
2020-12-15 05:00:00,48.7033315923545,150.54500000000002,83.735,22.765
2020-12-15 06:00:00,53.272400441023464,145.15875,82.00125,23.10875
2020-12-15 07:00:00,56.73292341725302,139.7725,80.2675,23.4525
2020-12-15 08:00:00,53.55308722544275,134.38625000000002,78.53375,23.79625
2020-12-15 09:00:00,90.0,129.0,76.8,24.14
2020-12-15 10:00:00,89.0,125.94,72.45,25.37
2020-12-15 11:00:00,79.0,120.0,65.36,28.09
2020-12-15 12:00:00,98.0,214.72,67.69,27.92
2020-12-15 13:00:00,120.06,247.47,66.09,28.32
2020-12-15 14:00:00,120.88,244.0,65.63,28.68
2020-12-15 15:00:00,120.0,252.87,65.92,28.63
2020-12-15 16:00:00,128.28,285.76,70.16,27.34
2020-12-15 17:00:00,121.74,263.16,73.59,25.75
2020-12-15 18:00:00,101.0,238.62,76.55,24.76
2020-12-15 19:00:00,82.78,174.13,80.12,24.12
2020-12-15 20:00:00,112.22,216.0,82.98,23.81
2020-12-15 21:00:00,133.0,233.0,82.86,23.58
2020-12-15 22:00:00,139.36,227.0,84.77,23.0
2020-12-15 23:00:00,141.72,229.42,86.72,22.55
2020-12-16 00:00:00,137.0,212.0,88.24,22.22
2020-12-16 01:00:00,152.86,203.94,89.0,21.84
2020-12-16 02:00:00,137.67,205.22,89.23,21.58
2020-12-16 03:00:00,143.0,198.03,89.54,21.4
2020-12-16 04:00:00,134.0,186.0,89.41,21.22
2020-12-16 05:00:00,123.31,167.0,87.29,21.44
2020-12-16 06:00:00,113.42,154.0,89.18,20.98
2020-12-16 07:00:00,120.0,200.0,90.77,20.76
2020-12-16 08:00:00,120.48,191.91,86.17,22.41
2020-12-16 09:00:00,127.34,217.0,76.31,24.36
2020-12-16 10:00:00,115.81,186.35,70.93,25.53
2020-12-16 11:00:00,97.0,167.35,65.08,27.27
2020-12-16 12:00:00,98.35,161.24,55.98,29.27
2020-12-16 13:00:00,101.25,153.0,63.66,28.8
2020-12-16 14:00:00,103.24,214.93,63.84,28.96
2020-12-16 15:00:00,106.52,249.16,64.55,28.67
2020-12-16 16:00:00,99.0,222.62,66.62,27.75
2020-12-16 17:00:00,93.18,239.0,74.2,25.88
2020-12-16 18:00:00,96.0,221.0,78.53,24.89
2020-12-16 19:00:00,109.0,213.0,81.38,24.34
2020-12-16 20:00:00,123.83,223.43,82.19,24.07
2020-12-16 21:00:00,137.0,235.65,82.16,23.69
2020-12-16 22:00:00,163.17,275.08,85.0,23.02
2020-12-16 23:00:00,150.0,298.57,86.37,22.57
2020-12-17 00:00:00,149.88,323.71,87.46,22.06
2020-12-17 01:00:00,149.0,321.33,88.75,21.79
2020-12-17 02:00:00,148.41,266.77,89.23,21.66
2020-12-17 03:00:00,137.22,237.87,89.52,21.31
2020-12-17 04:00:00,124.0,211.0,87.4,21.66
2020-12-17 05:00:00,115.78,194.0,89.84,20.89
2020-12-17 06:00:00,126.93,201.65,86.91,21.28
2020-12-17 07:00:00,110.66,159.0,84.69,21.5
2020-12-17 08:00:00,119.97,197.5,78.53,23.03
2020-12-17 09:00:00,103.17,163.36,69.69,24.79
2020-12-17 10:00:00,90.0,150.62,65.57,25.93
2020-12-17 11:00:00,101.0,175.0,60.45,27.6
2020-12-17 12:00:00,75.64275980927631,169.5,52.15,30.09
2020-12-17 13:00:00,75.5681086753134,164.0,63.98,28.64
2020-12-17 14:00:00,111.19,245.0,58.67,29.55
2020-12-17 15:00:00,121.43,320.0,62.16,28.61
2020-12-17 16:00:00,126.0,282.0,62.14,27.95
2020-12-17 17:00:00,104.12,228.77,71.64,26.02
2020-12-17 18:00:00,105.78,208.64,75.56,25.03
2020-12-17 19:00:00,118.53,228.2,80.01,24.3
2020-12-17 20:00:00,127.0,237.24,83.24,23.85
2020-12-17 21:00:00,149.95,248.45,86.02,23.18
2020-12-17 22:00:00,164.66,286.49,85.75,23.15
2020-12-17 23:00:00,162.72,269.0,87.67,22.53
2020-12-18 00:00:00,174.18,287.48,88.93,22.26
2020-12-18 01:00:00,177.0,276.06,89.31,22.08
2020-12-18 02:00:00,165.0,242.7,89.76,21.8
2020-12-18 03:00:00,144.76,180.0,87.88,21.29
2020-12-18 04:00:00,105.0,158.22,85.34,21.52
2020-12-18 05:00:00,96.88,141.71,81.19,21.82
2020-12-18 06:00:00,96.97,133.35,80.32,21.67
2020-12-18 07:00:00,53.950568954157696,141.19,77.38499999999999,22.375
2020-12-18 08:00:00,105.37,149.03,74.45,23.08
2020-12-18 09:00:00,107.7,152.37,66.85,24.8
2020-12-18 10:00:00,103.0,155.62,60.3,26.32
2020-12-18 11:00:00,99.19,166.0,55.02,28.2
2020-12-18 12:00:00,102.0,166.62,49.2,29.52
2020-12-18 13:00:00,82.03,143.61,45.93,31.01
2020-12-18 14:00:00,70.55,181.55,52.6,30.46
2020-12-18 15:00:00,95.0,250.88,55.11,29.97
2020-12-18 16:00:00,106.19,344.0,60.25,29.16
2020-12-18 17:00:00,113.78,330.29,61.93,27.65
2020-12-18 18:00:00,105.42,257.11,66.1,26.22
2020-12-18 19:00:00,113.78,245.5,75.83,24.92
2020-12-18 20:00:00,127.0,255.0,77.19,24.53
2020-12-18 21:00:00,130.81,258.0,71.87,24.42
2020-12-18 22:00:00,122.0,217.82,68.44,24.55
2020-12-18 23:00:00,103.17,166.0,69.38,24.13
2020-12-19 00:00:00,90.0,171.0,76.96,22.83
2020-12-19 01:00:00,102.0,173.0,78.22,22.63
2020-12-19 02:00:00,99.76,148.8,77.5,22.59
2020-12-19 03:00:00,96.12,130.9,77.72,22.12
2020-12-19 04:00:00,96.5,126.16,74.48,22.13
2020-12-19 05:00:00,75.07,109.67,74.65,21.89
2020-12-19 06:00:00,83.56,113.97,74.78,21.59
2020-12-19 07:00:00,92.44,132.65,71.16,21.87
2020-12-19 08:00:00,99.0,147.0,66.02,23.12
2020-12-19 09:00:00,99.5,158.0,58.63,25.23
2020-12-19 10:00:00,101.12,160.45,55.27,26.14
2020-12-19 11:00:00,102.0,167.52,51.18,27.45
2020-12-19 12:00:00,93.0,163.0,47.04,28.66
2020-12-19 13:00:00,84.22,203.94,40.8,30.09
2020-12-19 14:00:00,71.0,124.47,36.89,30.91
2020-12-19 15:00:00,61.0,97.36,37.97,30.69
2020-12-19 16:00:00,74.0,111.94,39.36,30.11
2020-12-19 17:00:00,71.0,129.47,47.92,28.4
2020-12-19 18:00:00,73.55,147.0,56.48,26.69
2020-12-19 19:00:00,99.19,237.0,69.23,25.3
2020-12-19 20:00:00,115.81,225.33333333333334,67.31666666666666,25.046666666666667
2020-12-19 21:00:00,107.0,213.66666666666666,65.40333333333334,24.793333333333333
2020-12-19 22:00:00,103.82,202.0,63.49,24.54
2020-12-19 23:00:00,130.59,231.03,67.78,23.8
2020-12-20 00:00:00,109.28,179.0,66.93,23.63
2020-12-20 01:00:00,97.76,150.0,66.93,23.07
2020-12-20 02:00:00,96.25,145.71,65.84,22.9
2020-12-20 03:00:00,98.12,138.0,65.36,22.52
2020-12-20 04:00:00,99.52,134.15,62.33,22.54
2020-12-20 05:00:00,91.4,126.0,63.52,21.71
2020-12-20 06:00:00,86.88,114.0,64.68,21.35
2020-12-20 07:00:00,86.25,123.0,64.44,21.57
2020-12-20 08:00:00,95.0,134.65,62.31,22.12
2020-12-20 09:00:00,102.06,144.0,54.94,24.46
2020-12-20 10:00:00,100.85,143.0,42.46,26.94
2020-12-20 11:00:00,83.0,125.36,40.79,27.700000000000003
2020-12-20 12:00:00,67.18,107.72,39.12,28.46
2020-12-20 13:00:00,67.86,103.14666666666666,37.33333333333333,29.323333333333334
2020-12-20 14:00:00,61.0,98.57333333333334,35.54666666666667,30.186666666666667
2020-12-20 15:00:00,58.0,94.0,33.76,31.05
2020-12-20 16:00:00,71.57,248.0,38.73,28.42
2020-12-20 17:00:00,94.72,268.0,52.96,26.31
2020-12-20 18:00:00,71.73,227.33333333333334,58.71,25.41
2020-12-20 19:00:00,77.0,186.66666666666669,64.46,24.509999999999998
2020-12-20 20:00:00,81.44,146.0,70.21,23.61
2020-12-20 21:00:00,93.17,148.14,72.82,23.35
2020-12-20 22:00:00,98.33,161.09333333333333,72.38333333333333,22.833333333333336
2020-12-20 23:00:00,105.53,174.04666666666665,71.94666666666667,22.316666666666666
2020-12-21 00:00:00,102.0,187.0,71.51,21.8
2020-12-21 01:00:00,102.0,162.0,72.91,21.3
2020-12-21 02:00:00,107.44,153.0,74.53,20.68
2020-12-21 03:00:00,115.0,154.0,73.14,20.57
2020-12-21 04:00:00,104.06,144.0,75.77,20.1
2020-12-21 05:00:00,105.53,145.0,77.02,19.62
2020-12-21 06:00:00,112.62,146.71,75.5,19.51
2020-12-21 07:00:00,103.0,137.85500000000002,62.79,20.875
2020-12-21 08:00:00,83.39,129.0,50.08,22.24
2020-12-21 09:00:00,73.0,123.46,48.36,22.87
2020-12-21 10:00:00,79.0,125.0,43.18,25.36
2020-12-21 11:00:00,73.09,131.75,37.07,26.98
2020-12-21 12:00:00,58.16,124.19,31.77,28.04
2020-12-21 13:00:00,52.0,111.21,29.37,28.85
2020-12-21 14:00:00,35.88,76.47,28.62,29.48
2020-12-21 15:00:00,36.01,67.0,28.28,29.95
2020-12-21 16:00:00,50.88,87.0,29.77,29.67
2020-12-21 17:00:00,43.0,90.22,33.09,28.51
2020-12-21 18:00:00,73.75,141.88,41.89,26.35
2020-12-21 19:00:00,71.22,180.68,58.7,24.48
2020-12-21 20:00:00,59.0,176.86,61.42,23.89
2020-12-21 21:00:00,77.22,149.41,60.08,23.28
2020-12-21 22:00:00,101.0,185.0,59.47,22.7
2020-12-21 23:00:00,98.0,269.5,64.12,21.32
2020-12-22 00:00:00,131.0,354.0,68.2,20.31
2020-12-22 01:00:00,132.12,265.0,68.19,20.51
2020-12-22 02:00:00,103.82,199.11,65.17,20.19
2020-12-22 03:00:00,100.7,157.28,65.38,19.63
2020-12-22 04:00:00,95.34,140.07,67.3,19.04
2020-12-22 05:00:00,85.47,145.05,68.81,18.71
2020-12-22 06:00:00,92.42,141.25,60.38,19.09
2020-12-22 07:00:00,84.0,128.13,55.11,19.37
2020-12-22 08:00:00,71.94,134.0,47.14,21.6
2020-12-22 09:00:00,71.18,146.04,41.14,23.74
2020-12-22 10:00:00,73.72,136.0,35.43,25.37
2020-12-22 11:00:00,69.47,137.61,33.6,26.71
2020-12-22 12:00:00,72.19,142.84,31.93,28.04
2020-12-22 13:00:00,65.44,144.8,28.37,29.37
2020-12-22 14:00:00,57.0,123.14,26.27,30.84
2020-12-22 15:00:00,42.051915795756535,110.48,35.19,29.24
2020-12-22 16:00:00,55.45257456395414,192.5,49.36,27.15
2020-12-22 17:00:00,75.81,286.8,42.81,26.32
2020-12-22 18:00:00,88.0,287.55,43.83,24.89
2020-12-22 19:00:00,87.0,329.75,60.56,23.98
2020-12-22 20:00:00,87.56,275.0,65.74,22.84
2020-12-22 21:00:00,78.94,167.0,63.29,22.28
2020-12-22 22:00:00,78.0,168.22,64.0,21.31
2020-12-22 23:00:00,113.47,219.0,65.18,20.87
2020-12-23 00:00:00,104.7,241.0,66.93,20.5
2020-12-23 01:00:00,100.56,216.0,70.09,19.62
2020-12-23 02:00:00,110.0,202.34,71.08,19.63
2020-12-23 03:00:00,123.58,196.59,74.07,18.86
2020-12-23 04:00:00,117.18,190.0,76.54,18.42
2020-12-23 05:00:00,120.06,186.0,76.45,17.96
2020-12-23 06:00:00,119.95,183.03,74.7,17.88
2020-12-23 07:00:00,102.38,166.0,71.41,18.19
2020-12-23 08:00:00,87.4325267058613,181.5,61.28,21.005000000000003
2020-12-23 09:00:00,108.19,197.0,51.15,23.82
2020-12-23 10:00:00,96.0,201.0,43.6,26.3
2020-12-23 11:00:00,96.88,184.0,35.2,27.55
2020-12-23 12:00:00,78.5,141.0,31.57,29.21
2020-12-23 13:00:00,74.12,141.8,30.95,29.48
2020-12-23 14:00:00,75.75,135.0,32.77,30.18
2020-12-23 15:00:00,81.0,196.88,39.13,29.16
2020-12-23 16:00:00,80.28,303.0,38.46,27.8
2020-12-23 17:00:00,70.0,253.18,40.91,26.93
2020-12-23 18:00:00,85.17,433.98,48.33,25.08
2020-12-23 19:00:00,151.88,307.0,59.62,23.75
2020-12-23 20:00:00,90.0,236.0,59.55,23.23
2020-12-23 21:00:00,98.0,208.0,61.18,22.77
2020-12-23 22:00:00,99.06,206.39,60.51,22.02
2020-12-23 23:00:00,114.38,231.5,67.11,20.84
2020-12-24 00:00:00,110.44,258.0,71.06,20.15
2020-12-24 01:00:00,117.0,205.0,71.45,20.29
2020-12-24 02:00:00,116.0,190.53,70.61,19.91
2020-12-24 03:00:00,118.12,184.59,70.09,19.33
2020-12-24 04:00:00,112.0,172.8,74.0,18.68
2020-12-24 05:00:00,116.12,192.5,75.12,18.46
2020-12-24 06:00:00,118.75,191.32,75.44,18.14
2020-12-24 07:00:00,127.14,202.0,65.75,20.01
2020-12-24 08:00:00,117.5,188.0,57.4,22.17
2020-12-24 09:00:00,111.75,204.0,51.55,23.62
2020-12-24 10:00:00,81.94,161.41,47.3,24.8
2020-12-24 11:00:00,81.0,163.01,42.73,26.38
2020-12-24 12:00:00,89.06,175.61,37.38,28.26
2020-12-24 13:00:00,81.06,154.7,34.91,29.39
2020-12-24 14:00:00,66.75,126.5,31.89,31.06
2020-12-24 15:00:00,65.0,150.0,46.12,29.31
2020-12-24 16:00:00,93.12,229.53,50.23,28.15
2020-12-24 17:00:00,80.0,295.57,58.59,26.28
2020-12-24 18:00:00,85.81,254.0,62.92,24.75
2020-12-24 19:00:00,98.0,249.93,59.69,24.14
2020-12-24 20:00:00,109.25,298.0,65.41,23.4
2020-12-24 21:00:00,136.81,309.96,69.1,22.49
2020-12-24 22:00:00,208.44,507.0,72.13,21.96
2020-12-24 23:00:00,197.58,593.78,72.61,22.02
2020-12-25 00:00:00,163.0,337.0,72.63,21.71
2020-12-25 01:00:00,161.0,299.4,77.47,21.27
2020-12-25 02:00:00,152.88,297.28,80.6,20.94
2020-12-25 03:00:00,136.0,299.57,82.08,20.4
2020-12-25 04:00:00,136.92,269.0,79.62,20.24
2020-12-25 05:00:00,149.82,258.0,78.36,20.13
2020-12-25 06:00:00,145.93,229.0,75.73,20.03
2020-12-25 07:00:00,138.0,221.0,67.55,21.07
2020-12-25 08:00:00,115.94,187.25,59.03,22.75
2020-12-25 09:00:00,100.0,166.95,52.6,24.22
2020-12-25 10:00:00,98.0,174.93,48.81,25.86
2020-12-25 11:00:00,101.0,198.0,46.22,27.55
2020-12-25 12:00:00,103.12,199.59,42.59,29.31
2020-12-25 13:00:00,88.88,186.0,37.89,30.56
2020-12-25 14:00:00,71.88,135.0,34.25,32.2
2020-12-25 15:00:00,69.5,150.0,33.07,32.89
2020-12-25 16:00:00,66.75,130.0,42.39,30.59
2020-12-25 17:00:00,101.19,288.12,47.71,28.64
2020-12-25 18:00:00,119.0,402.64,55.94,26.84
2020-12-25 19:00:00,104.56,326.25,63.58,25.92
2020-12-25 20:00:00,114.72,294.0,62.92,25.48
2020-12-25 21:00:00,140.67,323.0,67.63,24.77
2020-12-25 22:00:00,130.62,323.8,64.89,24.62
2020-12-25 23:00:00,140.0,299.35,65.02,23.91
2020-12-26 00:00:00,162.25,424.47,69.28,23.03
2020-12-26 01:00:00,151.78,389.15,70.62,22.92
2020-12-26 02:00:00,160.38,288.93,71.2,22.41
2020-12-26 03:00:00,142.0,244.82,73.63,21.8
2020-12-26 04:00:00,156.0,241.07,74.28,21.67
2020-12-26 05:00:00,135.0,228.77,76.53,21.06
2020-12-26 06:00:00,125.73,203.53,77.09,20.43
2020-12-26 07:00:00,131.0,209.6,78.04,20.26
2020-12-26 08:00:00,131.3,230.41,69.12,22.8
2020-12-26 09:00:00,124.0,256.62,56.55,25.34
2020-12-26 10:00:00,110.0,197.0,49.72,26.91
2020-12-26 11:00:00,108.93,189.8,46.78,28.75
2020-12-26 12:00:00,124.0,229.0,38.11,30.65
2020-12-26 13:00:00,91.57,156.0,36.92,31.14
2020-12-26 14:00:00,69.56,160.8,35.64,32.51
2020-12-26 15:00:00,78.0,176.43,37.1,32.14
2020-12-26 16:00:00,87.53,284.6,41.19,30.05
2020-12-26 17:00:00,84.0,342.19,49.48,28.37
2020-12-26 18:00:00,99.62,336.39,57.9,26.32
2020-12-26 19:00:00,131.26,430.19,63.56,25.69
2020-12-26 20:00:00,119.62,348.29,73.58,25.02
2020-12-26 21:00:00,111.28,252.75,76.02,24.57
2020-12-26 22:00:00,131.0,237.6,76.98,24.25
2020-12-26 23:00:00,131.82,223.4,74.08,23.92
2020-12-27 00:00:00,129.0,213.19,75.12,23.49
2020-12-27 01:00:00,156.12,247.47,75.43,22.99
2020-12-27 02:00:00,158.0,256.14,77.58,22.49
2020-12-27 03:00:00,157.38,252.0,73.96,22.58
2020-12-27 04:00:00,145.94,218.94,71.5,22.43
2020-12-27 05:00:00,115.0,336.3,75.29,21.77
2020-12-27 06:00:00,82.2688436251326,845.0,73.5,21.88
2020-12-27 07:00:00,217.0,385.36,75.68,22.09
2020-12-27 08:00:00,176.19,275.4,72.1,23.2
2020-12-27 09:00:00,148.88,275.0,65.75,25.32
2020-12-27 10:00:00,145.0,265.0,49.79,28.21
2020-12-27 11:00:00,124.38,230.57,52.59,28.8
2020-12-27 12:00:00,130.0,265.11,52.97,29.07
2020-12-27 13:00:00,113.5,252.34,52.88,29.16
2020-12-27 14:00:00,117.0,280.05,52.06,29.38
2020-12-27 15:00:00,110.85,267.0,54.23,28.87
2020-12-27 16:00:00,123.0,318.1,53.45,28.71
2020-12-27 17:00:00,143.25,417.0,58.89,26.51
2020-12-27 18:00:00,131.52,352.95,62.82,25.54
2020-12-27 19:00:00,129.31,328.0,70.77,24.54
2020-12-27 20:00:00,145.25,319.0,73.88,23.44
2020-12-27 21:00:00,119.0,227.0,72.98,22.87
2020-12-27 22:00:00,126.38,240.55,73.33,22.15
2020-12-27 23:00:00,118.93,260.0,74.61,21.6
2020-12-28 00:00:00,132.0,256.8,74.72,21.39
2020-12-28 01:00:00,120.5,226.0,70.2,20.68
2020-12-28 02:00:00,98.0,218.77,71.95,20.13
2020-12-28 03:00:00,95.29,160.0,71.77,19.53
2020-12-28 04:00:00,100.0,155.8,78.06,18.58
2020-12-28 05:00:00,95.28,145.0,70.72,18.67
2020-12-28 06:00:00,68.0,117.34,60.0,19.15
2020-12-28 07:00:00,56.0,98.4,55.28,19.41
2020-12-28 08:00:00,57.25,109.89,51.22,20.99
2020-12-28 09:00:00,76.75,155.0,46.41,23.79
2020-12-28 10:00:00,80.97,161.62,41.69,24.56
2020-12-28 11:00:00,64.6,143.41,36.2,25.54
2020-12-28 12:00:00,43.0,96.0,36.09,27.4
2020-12-28 13:00:00,43.44,108.8,36.93,27.59
2020-12-28 14:00:00,50.0,248.9,37.05,27.53
2020-12-28 15:00:00,50.38,353.8,38.72,27.06
2020-12-28 16:00:00,55.69,418.24,42.6,25.94
2020-12-28 17:00:00,51.19,360.45,46.36,24.3
2020-12-28 18:00:00,54.0,302.0,51.01,22.78
2020-12-28 19:00:00,78.62,290.0,53.17,21.89
2020-12-28 20:00:00,90.35,305.89,55.28,21.13
2020-12-28 21:00:00,106.0,323.0,57.74,20.35
2020-12-28 22:00:00,106.0,320.6,56.39,19.88
2020-12-28 23:00:00,90.0,247.0,54.92,19.55
2020-12-29 00:00:00,90.0,230.0,57.24,18.85
2020-12-29 01:00:00,83.12,230.8,61.75,18.04
2020-12-29 02:00:00,91.25,229.22,63.53,17.62
2020-12-29 03:00:00,95.0,226.2,65.94,17.19
2020-12-29 04:00:00,100.0,228.59,66.55,17.39
2020-12-29 05:00:00,103.5,221.97,68.28,16.91
2020-12-29 06:00:00,106.81,214.13,70.12,17.03
2020-12-29 07:00:00,103.62,226.22,67.78,17.06
2020-12-29 08:00:00,101.0,248.6,59.78,19.16
2020-12-29 09:00:00,71.13119939334378,237.8,50.41,22.490000000000002
2020-12-29 10:00:00,106.38,227.0,41.04,25.82
2020-12-29 11:00:00,81.0,234.49,40.52,26.51
2020-12-29 12:00:00,108.88,298.0,43.07,27.42
2020-12-29 13:00:00,101.5,331.29,45.72,27.44
2020-12-29 14:00:00,104.25,366.81,46.16,27.63
2020-12-29 15:00:00,99.0,373.98,47.41,27.5
2020-12-29 16:00:00,90.25,340.99,54.265,25.939999999999998
2020-12-29 17:00:00,92.5,308.0,61.12,24.38
2020-12-29 18:00:00,102.69,352.64,64.43,23.21
2020-12-29 19:00:00,98.0,339.28,67.64,22.48
2020-12-29 20:00:00,120.85,383.44,70.47,21.92
2020-12-29 21:00:00,133.62,354.0,72.86,21.39
2020-12-29 22:00:00,143.06,349.23,74.25,20.7
2020-12-29 23:00:00,144.0,347.0,76.64,20.04
2020-12-30 00:00:00,157.0,357.01,77.59,19.77
2020-12-30 01:00:00,147.62,317.0,80.29,18.94
2020-12-30 02:00:00,157.0,381.08,79.73,19.16
2020-12-30 03:00:00,170.88,405.78,77.09,18.88
2020-12-30 04:00:00,121.0,244.0,78.52,18.3
2020-12-30 05:00:00,126.0,244.0,78.55,18.18
2020-12-30 06:00:00,114.75,243.0,78.28,18.23
2020-12-30 07:00:00,134.0,242.41,75.23,18.09
2020-12-30 08:00:00,105.0,246.78,67.68,19.87
2020-12-30 09:00:00,99.0,245.03,58.7,22.64
2020-12-30 10:00:00,91.38,232.89,54.34,24.38
2020-12-30 11:00:00,97.06,221.88,49.95,26.55
2020-12-30 12:00:00,98.25,241.25,48.15,28.52
2020-12-30 13:00:00,102.0,258.76,53.37,27.47
2020-12-30 14:00:00,102.62,331.52,54.43,28.05
2020-12-30 15:00:00,107.62,333.0,54.03,27.77
2020-12-30 16:00:00,112.0,341.77,56.95,26.96
2020-12-30 17:00:00,92.0,311.31,62.37,25.53
2020-12-30 18:00:00,100.0,310.0,65.43,23.99
2020-12-30 19:00:00,119.05,310.78,70.27,23.27
2020-12-30 20:00:00,136.5,332.0,72.33,22.66
2020-12-30 21:00:00,155.09,354.32,72.62,22.24
2020-12-30 22:00:00,171.0,382.85,75.41,21.46
2020-12-30 23:00:00,204.0,404.8,77.16,21.29
2020-12-31 00:00:00,145.0,294.95,72.65,21.41
2020-12-31 01:00:00,143.88,268.0,77.03,20.75
2020-12-31 02:00:00,183.53,357.31,80.72,20.12
2020-12-31 03:00:00,173.62,317.0,81.94,19.76
2020-12-31 04:00:00,180.88,324.18,75.96,20.05
2020-12-31 05:00:00,122.0,200.0,74.66,20.09
2020-12-31 06:00:00,106.62,199.2,74.59,20.29
2020-12-31 07:00:00,104.7,196.0,72.65,20.8
2020-12-31 08:00:00,110.38,205.53,66.53,22.36
2020-12-31 09:00:00,113.19,200.94,61.74,23.59
2020-12-31 10:00:00,116.0,211.15,57.09,25.07
2020-12-31 11:00:00,131.0,232.08,53.64,26.6
2020-12-31 12:00:00,121.0,229.12,48.62,28.46
2020-12-31 13:00:00,103.12,185.0,44.04,30.27
2020-12-31 14:00:00,89.69,187.39,41.22,31.54
2020-12-31 15:00:00,85.62,181.65,42.88,31.45
2020-12-31 16:00:00,98.93,374.0,48.34,29.16
2020-12-31 17:00:00,125.75,393.13,51.44,27.94
2020-12-31 18:00:00,137.0,471.35,60.78,26.16
2020-12-31 19:00:00,127.94,323.0,68.1,24.96
2020-12-31 20:00:00,128.44,317.44,68.47,24.54
2020-12-31 21:00:00,150.0,307.26,65.32,24.43
2020-12-31 22:00:00,134.41,284.27,62.89,24.2
2020-12-31 23:00:00,127.36,316.0,65.63,23.33
2021-01-01 00:00:00,153.6,381.05,71.34,22.79
2021-01-01 01:00:00,209.29,671.29,81.91,21.95
2021-01-01 02:00:00,213.28,506.02,83.28,21.48
2021-01-01 03:00:00,202.51,358.0,79.99,21.73
2021-01-01 04:00:00,194.75,323.84,78.29,21.69
2021-01-01 05:00:00,189.25,303.85,77.78,21.69
2021-01-01 06:00:00,162.12,251.55,77.55,21.67
2021-01-01 07:00:00,149.2,237.41,77.85,21.71
2021-01-01 08:00:00,151.19,249.71,71.18,23.46
2021-01-01 09:00:00,138.63,237.85,64.25,25.43
2021-01-01 10:00:00,132.69,223.67,59.37,27.04
2021-01-01 11:00:00,127.41,202.73,55.82,28.38
2021-01-01 12:00:00,117.23,191.62,50.67,30.18
2021-01-01 13:00:00,92.06,190.0,49.46,30.5
2021-01-01 14:00:00,95.22,282.48,51.07,30.56
2021-01-01 15:00:00,125.33,348.4,54.11,29.12
2021-01-01 16:00:00,102.38,308.64,62.65,27.27
2021-01-01 17:00:00,123.5,306.1,67.65,26.36
2021-01-01 18:00:00,147.12,290.93,73.38,25.55
2021-01-01 19:00:00,163.75,300.34,75.22,24.99
2021-01-01 20:00:00,159.34,297.0,74.77,24.52
2021-01-01 21:00:00,150.69,265.22,74.85,24.38
2021-01-01 22:00:00,161.25,268.15,74.72,24.39
2021-01-01 23:00:00,166.31,288.48,75.73,24.37
2021-01-02 00:00:00,187.05,342.39,78.03,23.85
2021-01-02 01:00:00,200.94,416.42,80.57,23.3
2021-01-02 02:00:00,184.67,363.44,81.32,23.24
2021-01-02 03:00:00,180.5,293.96,83.56,22.65
2021-01-02 04:00:00,185.78,364.62,84.06,22.26
2021-01-02 05:00:00,153.38,200.0,84.79,21.98
2021-01-02 06:00:00,145.38,215.89,84.32,22.08
2021-01-02 07:00:00,173.28,267.67,83.94,22.25
2021-01-02 08:00:00,299.14,658.15,81.67,23.16
2021-01-02 09:00:00,187.69,306.0,79.28,24.27
2021-01-02 10:00:00,198.29,340.28,75.28,25.84
2021-01-02 11:00:00,201.17,388.88,67.25,27.8
2021-01-02 12:00:00,173.03,295.72,65.75,27.55
2021-01-02 13:00:00,146.17,309.08,67.56,27.34
2021-01-02 14:00:00,167.06,476.3,66.45,27.36
2021-01-02 15:00:00,196.88,471.72,66.44,27.0
2021-01-02 16:00:00,194.34,421.87,67.49,25.95
2021-01-02 17:00:00,179.96,431.14,71.36,24.37
2021-01-02 18:00:00,110.42,287.0,71.6,23.77
2021-01-02 19:00:00,146.25,317.98,72.74,23.36
2021-01-02 20:00:00,164.75,388.4,75.26,22.88
2021-01-02 21:00:00,159.0,314.23,72.3,22.91
2021-01-02 22:00:00,129.44,261.61,71.97,22.77
2021-01-02 23:00:00,136.29,265.12,74.3,22.34
2021-01-03 00:00:00,142.5,277.53,76.68,21.91
2021-01-03 01:00:00,164.0,305.42,78.63,21.5
2021-01-03 02:00:00,164.69,358.87,79.85,21.31
2021-01-03 03:00:00,173.5,356.0,79.92,20.98
2021-01-03 04:00:00,150.41,270.2,81.09,20.57
2021-01-03 05:00:00,142.12,228.07,80.05,20.63
2021-01-03 06:00:00,144.38,217.4,82.76,20.56
2021-01-03 07:00:00,150.06,231.15,83.92,20.38
2021-01-03 08:00:00,151.33,250.16,77.79,21.74
2021-01-03 09:00:00,155.81,276.0,69.09,24.14
2021-01-03 10:00:00,152.94,260.1,65.91,25.45
2021-01-03 11:00:00,152.0,241.06,60.74,27.39
2021-01-03 12:00:00,151.82,266.12,63.06,26.1
2021-01-03 13:00:00,147.69,296.13,58.89,26.66
2021-01-03 14:00:00,129.62,276.58,57.61,27.1
2021-01-03 15:00:00,156.49,385.19,58.51,26.86
2021-01-03 16:00:00,186.76,399.85,59.85,25.47
2021-01-03 17:00:00,121.81,327.4,61.52,24.5
2021-01-03 18:00:00,133.81,385.77,68.49,22.66
2021-01-03 19:00:00,129.5,341.99,68.47,22.15
2021-01-03 20:00:00,108.45,276.53,67.99,21.78
2021-01-03 21:00:00,116.0,233.22,68.22,21.56
2021-01-03 22:00:00,133.31,256.43,68.71,22.11
2021-01-03 23:00:00,164.96,265.39,67.12,22.35
2021-01-04 00:00:00,132.33,244.5,68.91,21.92
2021-01-04 01:00:00,122.38,227.08,70.54,21.48
2021-01-04 02:00:00,128.25,221.61,72.26,21.46
2021-01-04 03:00:00,134.38,228.14,74.82,21.21
2021-01-04 04:00:00,167.51,397.63,76.74,20.72
2021-01-04 05:00:00,131.41,258.35,76.73,20.6
2021-01-04 06:00:00,124.12,204.03,80.62,20.42
2021-01-04 07:00:00,141.2,227.42,81.63,20.42
2021-01-04 08:00:00,144.59,243.57,78.95,20.65
2021-01-04 09:00:00,153.44,280.95,74.56,21.71
2021-01-04 10:00:00,161.17,312.25,64.73,24.84
2021-01-04 11:00:00,178.66,368.85,59.96,25.78
2021-01-04 12:00:00,157.0,410.3,58.065,25.96
2021-01-04 13:00:00,198.16,451.75,56.17,26.14
2021-01-04 14:00:00,129.56,358.0,56.7,26.12
2021-01-04 15:00:00,140.22,414.33,54.14,26.97
2021-01-04 16:00:00,171.15,460.9,55.8,26.73
2021-01-04 17:00:00,157.44,345.37,65.43,24.14
2021-01-04 18:00:00,134.5,329.83,70.38,22.86
2021-01-04 19:00:00,142.2,290.0,74.42,22.14
2021-01-04 20:00:00,145.0,290.0,71.57,22.15
2021-01-04 21:00:00,144.5,256.62,61.73,22.23
2021-01-04 22:00:00,135.75,248.79,66.39,21.75
2021-01-04 23:00:00,117.81,208.47,67.16,21.7
2021-01-05 00:00:00,114.61,200.38,69.99,21.42
2021-01-05 01:00:00,109.13,180.26,70.55,21.31
2021-01-05 02:00:00,111.0,174.2,70.41,21.08
2021-01-05 03:00:00,110.75,177.96,70.33,20.77
2021-01-05 04:00:00,106.8,164.64,71.16,20.55
2021-01-05 05:00:00,103.62,158.62,70.9,20.49
2021-01-05 06:00:00,97.8,156.41,70.37,20.38
2021-01-05 07:00:00,96.12,165.53,70.05,20.52
2021-01-05 08:00:00,114.03,197.51,68.83,21.01
2021-01-05 09:00:00,129.44,234.0,63.43,23.07
2021-01-05 10:00:00,151.66,267.37,61.16,24.23
2021-01-05 11:00:00,161.0,283.95,56.48,26.66
2021-01-05 12:00:00,159.43,302.75,52.41,28.57
2021-01-05 13:00:00,140.14,272.83,57.83,27.13
2021-01-05 14:00:00,185.41,393.04,56.01,27.56
2021-01-05 15:00:00,190.36,396.69,58.05,26.68
2021-01-05 16:00:00,166.8,344.33,58.86,25.82
2021-01-05 17:00:00,165.05,394.75,63.33,24.51
2021-01-05 18:00:00,179.47,389.47,68.53,23.16
2021-01-05 19:00:00,172.53,361.67,70.47,22.55
2021-01-05 20:00:00,180.06,323.42,70.17,22.24
2021-01-05 21:00:00,181.06,307.05,69.8,22.28
2021-01-05 22:00:00,182.19,315.33,69.34,22.39
2021-01-05 23:00:00,186.06,320.86,71.71,22.13
2021-01-06 00:00:00,201.94,318.17400000000004,75.79,21.32
2021-01-06 01:00:00,201.06,315.488,75.44666666666667,21.14666666666667
2021-01-06 02:00:00,200.75,312.802,75.10333333333334,20.973333333333333
2021-01-06 03:00:00,181.5,310.116,74.76,20.8
2021-01-06 04:00:00,159.26,307.43,73.408,20.68
2021-01-06 05:00:00,162.28,304.744,72.056,20.56
2021-01-06 06:00:00,152.39,302.058,70.70400000000001,20.44
2021-01-06 07:00:00,158.75,299.372,69.352,20.32
2021-01-06 08:00:00,169.92,296.686,68.0,20.2
2021-01-06 09:00:00,183.26,294.0,61.79,23.2
2021-01-06 10:00:00,185.5,309.15,59.77,24.34
2021-01-06 11:00:00,162.48,278.83,55.45,26.59
2021-01-06 12:00:00,138.38,242.08,51.65,28.66
2021-01-06 13:00:00,145.5,355.0,51.87,28.39
2021-01-06 14:00:00,167.39,340.7,52.65,28.32
2021-01-06 15:00:00,173.53,396.6,54.27,27.83
2021-01-06 16:00:00,181.46,423.12,58.56,26.42
2021-01-06 17:00:00,186.83,451.52,62.72,25.06
2021-01-06 18:00:00,170.03,450.02,64.81,24.01
2021-01-06 19:00:00,199.13,457.57,66.87,23.73
2021-01-06 20:00:00,199.3,383.43,68.71,23.5
2021-01-06 21:00:00,175.88,336.19,71.34,22.89
2021-01-06 22:00:00,189.0,343.0,74.28,22.24
2021-01-06 23:00:00,188.38,323.13,74.01,21.93
2021-01-07 00:00:00,177.75,286.94,74.29,21.64
2021-01-07 01:00:00,159.25,255.95,73.97,21.31
2021-01-07 02:00:00,148.93,237.5,74.06,21.21
2021-01-07 03:00:00,163.25,247.42857142857142,72.83571428571429,21.67857142857143
2021-01-07 04:00:00,153.83,257.35714285714283,71.61142857142858,22.147142857142857
2021-01-07 05:00:00,178.89,267.2857142857143,70.38714285714286,22.615714285714287
2021-01-07 06:00:00,162.69,277.2142857142857,69.16285714285713,23.084285714285713
2021-01-07 07:00:00,160.04,287.14285714285717,67.93857142857142,23.552857142857142
2021-01-07 08:00:00,192.31,297.07142857142856,66.71428571428571,24.021428571428572
2021-01-07 09:00:00,181.89,307.0,65.49,24.49
2021-01-07 10:00:00,167.03,282.37,57.64,27.35
2021-01-07 11:00:00,177.92,315.73,52.01,29.65
2021-01-07 12:00:00,137.47,274.95,56.57,27.75
2021-01-07 13:00:00,186.45,341.17,55.73,28.71
2021-01-07 14:00:00,177.64,363.6,56.7,28.45
2021-01-07 15:00:00,170.82,342.55,56.81,28.57
2021-01-07 16:00:00,152.95,321.11,59.45,27.66
2021-01-07 17:00:00,134.44,297.13,62.12,26.36
2021-01-07 18:00:00,111.64,257.83,65.55,25.34
2021-01-07 19:00:00,123.23,240.26,66.45,25.13
2021-01-07 20:00:00,139.54,274.55,66.27,25.22
2021-01-07 21:00:00,133.12,271.5,67.45,25.11
2021-01-07 22:00:00,136.28,261.41,69.59,25.03
2021-01-07 23:00:00,168.83,346.63,73.91,24.68
2021-01-08 00:00:00,344.8,714.96,86.6,22.79
2021-01-08 01:00:00,238.64,416.0,85.28,23.14
2021-01-08 02:00:00,186.74,316.67,83.41,23.5
2021-01-08 03:00:00,181.62,310.07,83.38,23.3
2021-01-08 04:00:00,161.22,284.66,83.93,23.14
2021-01-08 05:00:00,151.25,297.77333333333337,84.13333333333334,23.093333333333334
2021-01-08 06:00:00,171.34,310.88666666666666,84.33666666666667,23.046666666666667
2021-01-08 07:00:00,192.26,324.0,84.54,23.0
2021-01-08 08:00:00,193.84,327.18,83.91,23.5
2021-01-08 09:00:00,161.03,255.69,81.29,24.36
2021-01-08 10:00:00,135.49,279.91,79.17,25.11
2021-01-08 11:00:00,171.18,369.67,76.37,25.94
2021-01-08 12:00:00,169.24,309.74,72.14,26.6
2021-01-08 13:00:00,101.11,240.53,74.86,25.84
2021-01-08 14:00:00,114.97,227.2,73.41,26.27
2021-01-08 15:00:00,87.7,202.37,71.91,26.46
2021-01-08 16:00:00,112.31,311.22,73.39,26.09
2021-01-08 17:00:00,116.88,268.37,75.63,25.78
2021-01-08 18:00:00,115.72,228.12,77.66,25.25
2021-01-08 19:00:00,126.44,242.12,79.83,24.48
2021-01-08 20:00:00,132.82,245.0,79.69,24.27
2021-01-08 21:00:00,128.5,230.7,78.97,24.19
2021-01-08 22:00:00,106.66,211.9,80.13,23.98
2021-01-08 23:00:00,102.0,169.86,82.37,23.56
2021-01-09 00:00:00,104.88,516.78,84.31,23.37
2021-01-09 01:00:00,148.36,384.32,84.93,23.3
2021-01-09 02:00:00,185.93,410.86,85.59,23.11
2021-01-09 03:00:00,238.12,650.38,86.2,22.89
2021-01-09 04:00:00,185.56,369.18,86.98,22.7
2021-01-09 05:00:00,163.88,267.72,87.64,22.63
2021-01-09 06:00:00,161.57,257.44,88.41,22.38
2021-01-09 07:00:00,154.61,242.58,88.44,22.19
2021-01-09 08:00:00,149.53,239.36,84.62,23.66
2021-01-09 09:00:00,154.75,286.3,77.28,25.48
2021-01-09 10:00:00,118.27,185.16,72.51,26.53
2021-01-09 11:00:00,65.66,133.25,67.5,27.76
2021-01-09 12:00:00,75.0,130.48,58.8,30.21
2021-01-09 13:00:00,79.32,166.58,63.23,29.36
2021-01-09 14:00:00,140.46,297.71,69.58,27.61
2021-01-09 15:00:00,132.13,306.0,69.53,27.32
2021-01-09 16:00:00,132.84,279.78,67.91,27.43
2021-01-09 17:00:00,115.26,244.6,70.31,26.39
2021-01-09 18:00:00,120.31,263.07,73.43,25.59
2021-01-09 19:00:00,140.18,343.9,75.94,25.13
2021-01-09 20:00:00,156.45,345.52,78.0,24.79
2021-01-09 21:00:00,148.55,344.96,80.6,24.41
2021-01-09 22:00:00,157.43,351.54,79.46,24.64
2021-01-09 23:00:00,173.23,344.26,81.02,24.31
2021-01-10 00:00:00,299.76,852.95,84.09,23.71
2021-01-10 01:00:00,221.99,572.54,84.15,23.59
2021-01-10 02:00:00,178.82,336.54,85.7,23.34
2021-01-10 03:00:00,175.08,295.85,86.28,23.44
2021-01-10 04:00:00,161.54,281.75,86.44,23.26
2021-01-10 05:00:00,155.0,238.96,85.49,23.31
2021-01-10 06:00:00,92.09429962119107,192.0,86.22,22.99
2021-01-10 07:00:00,86.64328701514327,180.41,86.62,22.92
2021-01-10 08:00:00,89.10727263921737,186.33,81.55,24.36
2021-01-10 09:00:00,81.79070308301529,167.0,75.17,25.85
2021-01-10 10:00:00,61.72223171787362,164.62,69.85,27.58
2021-01-10 11:00:00,70.99578528227508,171.92,62.97,29.55
2021-01-10 12:00:00,69.1264513605125,165.26,56.96,31.19
2021-01-10 13:00:00,51.53974535125953,141.78,59.62,30.68
2021-01-10 14:00:00,63.76535385012793,217.59,63.27,30.28
2021-01-10 15:00:00,73.58783113005525,318.88,65.21,29.05
2021-01-10 16:00:00,71.71143115520299,343.77,65.08,28.9
2021-01-10 17:00:00,66.5362392030769,331.49,68.86,27.5
2021-01-10 18:00:00,70.98956544679187,354.0,72.51,26.39
2021-01-10 19:00:00,73.70603497364802,243.17,71.83,26.55
2021-01-10 20:00:00,70.5948258777131,210.05,71.71,26.61
2021-01-10 21:00:00,70.86481538054902,221.67,72.14,26.33
2021-01-10 22:00:00,78.87522937639389,250.0,75.08,25.74
2021-01-10 23:00:00,81.350253853031,315.16,81.33,24.96
2021-01-11 00:00:00,95.49536853826164,326.46,84.82,24.37
2021-01-11 01:00:00,80.80611271088178,302.01,86.58,23.93
2021-01-11 02:00:00,85.63997190674063,314.09,85.62,23.94
2021-01-11 03:00:00,75.463697446943,268.2,83.91,24.08
2021-01-11 04:00:00,85.7244104020984,232.42,83.19,24.04
2021-01-11 05:00:00,74.66624063045529,192.96,84.64,23.56
2021-01-11 06:00:00,69.89683219338635,208.72,86.24,23.3
2021-01-11 07:00:00,81.66285409182821,196.72,85.77,23.59
2021-01-11 08:00:00,59.35168894573598,198.36,80.26,25.11
2021-01-11 09:00:00,64.20614817802793,174.67,72.62,27.01
2021-01-11 10:00:00,56.069384459679675,167.21,58.61,29.57
2021-01-11 11:00:00,60.19471681997674,141.0,51.82,31.35
2021-01-11 12:00:00,67.78,156.1,49.01,33.01
2021-01-11 13:00:00,80.89,205.12,61.88,30.22
2021-01-11 14:00:00,110.85,279.78,61.68,29.88
2021-01-11 15:00:00,122.8,340.33,56.6,30.65
2021-01-11 16:00:00,119.02,296.16499999999996,59.565,29.255
2021-01-11 17:00:00,103.68,252.0,62.53,27.86
2021-01-11 18:00:00,82.8,231.0,63.59,27.29
2021-01-11 19:00:00,80.49,194.62,63.35,27.09
2021-01-11 20:00:00,88.7,211.2,65.23,26.77
2021-01-11 21:00:00,99.82,228.88,67.2,26.16
2021-01-11 22:00:00,112.05,427.54,71.0,25.92
2021-01-11 23:00:00,127.49,448.36,79.11,24.9
2021-01-12 00:00:00,135.13,320.92,81.14,24.43
2021-01-12 01:00:00,136.87,327.83,79.19,24.49
2021-01-12 02:00:00,135.07,302.96,79.89,24.2
2021-01-12 03:00:00,134.78,284.49,80.4,23.9
2021-01-12 04:00:00,116.53,247.23,81.07,23.76
2021-01-12 05:00:00,122.95,208.7,81.15,23.55
2021-01-12 06:00:00,107.02,184.42,82.13,23.3
2021-01-12 07:00:00,91.7,168.71,81.73,23.47
2021-01-12 08:00:00,88.1,194.5,75.19,25.33
2021-01-12 09:00:00,103.96,203.17,64.72,27.45
2021-01-12 10:00:00,87.51,184.13,56.27,29.25
2021-01-12 11:00:00,79.51,169.0,44.21,31.56
2021-01-12 12:00:00,71.27,148.42,38.81,33.02
2021-01-12 13:00:00,59.88,132.67,37.08,33.56
2021-01-12 14:00:00,59.65,173.0,49.52,32.47
2021-01-12 15:00:00,84.88,324.21,54.41,30.55
2021-01-12 16:00:00,83.0,298.29,55.82,29.83
2021-01-12 17:00:00,83.83,326.12,59.81,28.65
2021-01-12 18:00:00,95.61,289.0,59.59,27.81
2021-01-12 19:00:00,91.16,256.33,61.66,27.45
2021-01-12 20:00:00,111.62,277.79,70.24,26.6
2021-01-12 21:00:00,150.9,297.25,72.96,26.14
2021-01-12 22:00:00,179.05,323.25,74.6,25.59
2021-01-12 23:00:00,201.58,401.0,76.47,25.25
2021-01-13 00:00:00,307.85,379.55555555555554,76.32,24.97833333333333
2021-01-13 01:00:00,173.94,358.1111111111111,76.17,24.706666666666667
2021-01-13 02:00:00,317.82,336.6666666666667,76.02,24.435000000000002
2021-01-13 03:00:00,142.66,315.22222222222223,75.86999999999999,24.163333333333334
2021-01-13 04:00:00,120.08,293.77777777777777,75.72,23.891666666666666
2021-01-13 05:00:00,92.96,272.33333333333337,75.57,23.62
2021-01-13 06:00:00,76.67,250.8888888888889,71.98,23.65
2021-01-13 07:00:00,72.73,229.44444444444446,66.475,25.16
2021-01-13 08:00:00,82.89,208.0,60.97,26.67
2021-01-13 09:00:00,67.12,159.53,57.84,27.45
2021-01-13 10:00:00,68.8,139.88,50.94,29.35
2021-01-13 11:00:00,65.45,150.69,41.31,32.05
2021-01-13 12:00:00,56.39,133.0,35.97,32.71
2021-01-13 13:00:00,48.1,124.29,42.56,32.3
2021-01-13 14:00:00,66.89,218.58,48.09,31.48
2021-01-13 15:00:00,94.95,384.12,45.35,30.96
2021-01-13 16:00:00,78.72,370.51,42.14,30.26
2021-01-13 17:00:00,58.81,294.37,41.66,29.18
2021-01-13 18:00:00,56.19,222.58,40.3,27.36
2021-01-13 19:00:00,59.06,234.92,39.56,26.37
2021-01-13 20:00:00,61.28,211.12,45.35,25.37
2021-01-13 21:00:00,84.41,225.0,64.3,24.37
2021-01-13 22:00:00,132.88,230.54,69.83,23.62
2021-01-13 23:00:00,133.38,219.33,66.47,22.9
2021-01-14 00:00:00,169.0,866.0,68.04,22.5
2021-01-14 01:00:00,237.48,723.0,69.21,22.85
2021-01-14 02:00:00,168.0,708.63,73.88,22.56
2021-01-14 03:00:00,143.0,417.65,65.7,23.3
2021-01-14 04:00:00,103.22,192.0,68.17,23.0
2021-01-14 05:00:00,92.0,158.75,65.44,22.79
2021-01-14 06:00:00,81.0,144.46,65.1,22.23
2021-01-14 07:00:00,81.0,144.24,64.49,22.38
2021-01-14 08:00:00,97.44,209.0,61.38,24.3
2021-01-14 09:00:00,107.0,212.04,56.51,25.46
2021-01-14 10:00:00,80.34,180.88,46.34,28.46
2021-01-14 11:00:00,70.89,160.25,44.66,30.68
2021-01-14 12:00:00,100.2,359.06,55.36,28.59
2021-01-14 13:00:00,103.0,414.0,57.21,28.88
2021-01-14 14:00:00,96.40983964210079,362.0,55.07,28.8
2021-01-14 15:00:00,75.22532335672368,310.0,50.87,29.14
2021-01-14 16:00:00,86.25,301.0,49.82,28.09
2021-01-14 17:00:00,84.08,308.0,45.41,27.06
2021-01-14 18:00:00,56.51,261.12,57.49,25.34
2021-01-14 19:00:00,53.98,209.0,71.17,23.95
2021-01-14 20:00:00,69.0,196.17,72.66,23.57
2021-01-14 21:00:00,84.81,181.17,72.33,23.0
2021-01-14 22:00:00,90.18,179.0,72.47,22.79
2021-01-14 23:00:00,146.0,565.0,71.42,22.4
2021-01-15 00:00:00,159.72,905.0,79.67,21.63
2021-01-15 01:00:00,114.45,594.74,81.06,21.34
2021-01-15 02:00:00,106.0,274.66,81.44,21.13
2021-01-15 03:00:00,83.59,158.92,77.06,21.05
2021-01-15 04:00:00,63.13,136.08,81.25,20.74
2021-01-15 05:00:00,64.02,126.04,82.28,20.485
2021-01-15 06:00:00,62.16,116.0,83.31,20.23
2021-01-15 07:00:00,81.22,151.62,81.35,20.23
2021-01-15 08:00:00,99.75,191.0,73.22,22.36
2021-01-15 09:00:00,97.61,229.79,70.06,23.47
2021-01-15 10:00:00,91.27,242.31,64.29,25.37
2021-01-15 11:00:00,80.0,238.0,49.54,27.58
2021-01-15 12:00:00,50.0,155.0,55.75,27.74
2021-01-15 13:00:00,54.12,186.0,55.69,26.91
2021-01-15 14:00:00,56.0,202.62,54.1,27.01
2021-01-15 15:00:00,46.0,187.17,48.86,27.1
2021-01-15 16:00:00,75.89,280.0,44.34,27.25
2021-01-15 17:00:00,57.8,253.27,43.76,26.76
2021-01-15 18:00:00,43.34,146.0,49.03,25.3
2021-01-15 19:00:00,64.0,157.17,58.66,23.82
2021-01-15 20:00:00,73.0,228.63,65.96,22.96
2021-01-15 21:00:00,91.0,240.65,68.63,22.35
2021-01-15 22:00:00,65.0,197.25,64.13,21.98
2021-01-15 23:00:00,65.97,166.46,64.34,21.29
2021-01-16 00:00:00,79.0,158.84,64.86,20.82
2021-01-16 01:00:00,74.0,284.67,69.84,19.62
2021-01-16 02:00:00,184.0,697.0,70.68,19.76
2021-01-16 03:00:00,88.56,384.33,64.69,20.07
2021-01-16 04:00:00,67.67,116.05,70.22,19.93
2021-01-16 05:00:00,62.75,101.06,71.56,19.34
2021-01-16 06:00:00,61.0,96.12,71.07,19.12
2021-01-16 07:00:00,87.35,150.0,73.69,18.96
2021-01-16 08:00:00,101.95,225.0,68.15,20.92
2021-01-16 09:00:00,94.27,212.3,50.91,24.35
2021-01-16 10:00:00,82.02,153.0,42.14,27.52
2021-01-16 11:00:00,73.9,168.0,38.42,29.33
2021-01-16 12:00:00,66.73,221.0,40.44,28.8
2021-01-16 13:00:00,71.63,256.62,42.25,28.65
2021-01-16 14:00:00,24.751942883583368,255.185,44.415,28.28
2021-01-16 15:00:00,45.0,253.75,46.58,27.91
2021-01-16 16:00:00,60.0,195.0,51.18,26.64
2021-01-16 17:00:00,56.0,156.35,54.29,25.54
2021-01-16 18:00:00,69.99,207.0,61.78,23.69
2021-01-16 19:00:00,113.32,273.5,67.76,23.15
2021-01-16 20:00:00,118.12,246.0,69.54,22.74
2021-01-16 21:00:00,119.15,217.0,66.91,22.4
2021-01-16 22:00:00,113.0,218.0,70.64,21.81
2021-01-16 23:00:00,125.0,341.0,71.67,21.48
2021-01-17 00:00:00,130.0,352.9,77.24,20.9
2021-01-17 01:00:00,142.14,458.0,77.52,20.23
2021-01-17 02:00:00,159.0,368.9,75.06,20.38
2021-01-17 03:00:00,140.08,271.09,76.69,20.19
2021-01-17 04:00:00,134.64,233.0,75.44,20.46
2021-01-17 05:00:00,139.0,221.45,76.47,20.25
2021-01-17 06:00:00,111.0,195.0,81.7,19.66
2021-01-17 07:00:00,111.0,201.0,84.04,19.26
2021-01-17 08:00:00,129.02,222.37,76.79,21.9
2021-01-17 09:00:00,95.19,163.0,62.93,23.96
2021-01-17 10:00:00,76.0,129.0,46.2,27.27
2021-01-17 11:00:00,66.0,135.0,43.71,28.79
2021-01-17 12:00:00,76.0,185.0,53.29,27.66
2021-01-17 13:00:00,94.0,393.0,49.09,28.03
2021-01-17 14:00:00,81.0,258.0,44.66,28.49
2021-01-17 15:00:00,64.6,234.0,41.59,28.9
2021-01-17 16:00:00,81.0,361.77,43.13,28.48
2021-01-17 17:00:00,66.02,250.0,52.48,26.89
2021-01-17 18:00:00,51.0,237.5,56.51,25.41
2021-01-17 19:00:00,49.19,158.0,70.53,23.62
2021-01-17 20:00:00,53.34,158.0,72.57,23.2
2021-01-17 21:00:00,73.43,155.12,71.8,22.9
2021-01-17 22:00:00,77.83,289.44,71.64,22.79
2021-01-17 23:00:00,60.34,226.25,75.03,22.11
2021-01-18 00:00:00,44.96,142.37,77.99,21.61
2021-01-18 01:00:00,71.44,196.16,80.0,21.2
2021-01-18 02:00:00,54.69,173.87,78.56,21.55
2021-01-18 03:00:00,63.68,127.0,77.62,21.36
2021-01-18 04:00:00,59.2,113.72,74.78,21.31
2021-01-18 05:00:00,59.45,117.63,75.88,21.09
2021-01-18 06:00:00,42.49,121.53999999999999,78.25,21.11
2021-01-18 07:00:00,45.87,125.45,83.12,21.34
2021-01-18 08:00:00,45.64,129.36,79.44,22.39
2021-01-18 09:00:00,54.81,133.27,65.84,25.04
2021-01-18 10:00:00,52.0,137.18,54.11,26.69
2021-01-18 11:00:00,54.0,141.09,42.42,28.21
2021-01-18 12:00:00,53.0,145.0,43.56,28.205205479452054
2021-01-18 13:00:00,60.76,246.0,54.6,28.20041095890411
2021-01-18 14:00:00,56.55,242.44,55.71,28.195616438356165
2021-01-18 15:00:00,50.89,270.0,53.48,28.19082191780822
2021-01-18 16:00:00,64.0,278.68,53.51,28.186027397260276
2021-01-18 17:00:00,35.0,201.32,43.31,28.18123287671233
2021-01-18 18:00:00,35.0,134.92,50.7,28.176438356164383
2021-01-18 19:00:00,55.27,175.53,68.54,28.17164383561644
2021-01-18 20:00:00,50.0,140.0,60.61,28.166849315068493
2021-01-18 21:00:00,50.19,151.0,54.38,28.16205479452055
2021-01-18 22:00:00,57.86,141.0,51.86,28.157260273972604
2021-01-18 23:00:00,72.0,186.62,54.9,28.152465753424657
2021-01-19 00:00:00,127.57,421.0,58.34,28.147671232876714
2021-01-19 01:00:00,92.0,331.93,61.99,28.142876712328768
2021-01-19 02:00:00,81.0,242.86,65.64,28.13808219178082
2021-01-19 03:00:00,111.89,312.93,65.32,28.13328767123288
2021-01-19 04:00:00,81.0,237.16,66.34,28.128493150684932
2021-01-19 05:00:00,85.66,178.04,65.59,28.123698630136985
2021-01-19 06:00:00,70.28,292.2,67.74,28.118904109589042
2021-01-19 07:00:00,125.47,358.14,68.83,28.114109589041096
2021-01-19 08:00:00,77.75,213.0,56.41,28.10931506849315
2021-01-19 09:00:00,76.0,171.0,50.89,28.104520547945206
2021-01-19 10:00:00,93.11,177.35,48.74,28.09972602739726
2021-01-19 11:00:00,82.31,159.0,41.26,28.094931506849317
2021-01-19 12:00:00,109.0,168.85714285714286,43.73,28.09013698630137
2021-01-19 13:00:00,103.13,178.71428571428572,46.199999999999996,28.085342465753424
2021-01-19 14:00:00,110.0,188.57142857142858,48.669999999999995,28.08054794520548
2021-01-19 15:00:00,98.0,198.42857142857144,51.14,28.075753424657535
2021-01-19 16:00:00,85.0,208.28571428571428,53.61,28.070958904109588
2021-01-19 17:00:00,61.37142191719167,218.14285714285714,56.08,28.066164383561645
2021-01-19 18:00:00,73.0,228.0,58.55,28.0613698630137
2021-01-19 19:00:00,99.88,258.0,57.75,28.056575342465752
2021-01-19 20:00:00,99.0,274.16,58.25,28.05178082191781
2021-01-19 21:00:00,113.38,273.3,62.59,28.046986301369863
2021-01-19 22:00:00,115.27,309.0,64.12,28.042191780821916
2021-01-19 23:00:00,112.18,308.21,62.41,28.037397260273973
2021-01-20 00:00:00,101.28,213.0,64.27,28.032602739726027
2021-01-20 01:00:00,119.36,265.84,66.89,28.027808219178084
2021-01-20 02:00:00,109.45,272.11,68.33,28.023013698630137
2021-01-20 03:00:00,102.91,302.0,73.48,28.01821917808219
2021-01-20 04:00:00,114.72,216.82,71.14,28.013424657534248
2021-01-20 05:00:00,95.87,177.44,71.52,28.0086301369863
2021-01-20 06:00:00,96.16,182.24,74.81,28.003835616438355
2021-01-20 07:00:00,114.0,202.57,76.62,27.999041095890412
2021-01-20 08:00:00,94.39,236.0,59.94,27.994246575342466
2021-01-20 09:00:00,85.0,200.0,52.19,27.98945205479452
2021-01-20 10:00:00,66.23565179940361,268.0,44.55,27.984657534246576
2021-01-20 11:00:00,132.0,276.0,39.59,27.97986301369863
2021-01-20 12:00:00,67.0,175.05,37.21,27.975068493150683
2021-01-20 13:00:00,62.0,156.05,43.54,27.97027397260274
2021-01-20 14:00:00,89.19,242.86,43.04,27.965479452054794
2021-01-20 15:00:00,50.23,181.5,42.91,27.96068493150685
2021-01-20 16:00:00,81.81,260.11,44.86,27.955890410958904
2021-01-20 17:00:00,79.06,286.0,44.91,27.951095890410958
2021-01-20 18:00:00,81.5,332.09,46.77,27.946301369863015
2021-01-20 19:00:00,98.16,299.49,48.1,27.94150684931507
2021-01-20 20:00:00,72.0,239.28,53.15,27.936712328767122
2021-01-20 21:00:00,93.25,206.86,53.47,27.93191780821918
2021-01-20 22:00:00,96.02,220.2,54.05,27.927123287671233
2021-01-20 23:00:00,103.61,273.69,51.94,27.922328767123286
2021-01-21 00:00:00,108.38,304.0,55.29,27.917534246575343
2021-01-21 01:00:00,114.0,295.0,60.5,27.912739726027397
2021-01-21 02:00:00,123.68,293.43,58.47,27.90794520547945
2021-01-21 03:00:00,102.22,203.09,59.52,27.903150684931507
2021-01-21 04:00:00,120.36,214.8,60.97,27.89835616438356
2021-01-21 05:00:00,111.0,170.0,62.62,27.893561643835618
2021-01-21 06:00:00,91.0,167.14,66.54,27.88876712328767
2021-01-21 07:00:00,112.0,172.08,65.38,27.883972602739725
2021-01-21 08:00:00,113.64,191.86,61.3,27.879178082191782
2021-01-21 09:00:00,118.0,213.83,52.64,27.874383561643835
2021-01-21 10:00:00,105.38,197.37,46.59,27.86958904109589
2021-01-21 11:00:00,112.5,291.05,41.09,27.864794520547946
2021-01-21 12:00:00,122.27,283.0,44.31,27.86
2021-01-21 13:00:00,126.0,297.2,43.25,27.75
2021-01-21 14:00:00,117.0,310.0,41.2,27.83
2021-01-21 15:00:00,85.67,312.37,36.42,28.31
2021-01-21 16:00:00,65.34,160.0,32.92,27.99
2021-01-21 17:00:00,62.9,201.64,42.54,26.52
2021-01-21 18:00:00,92.56,301.0,56.54,24.05
2021-01-21 19:00:00,130.0,309.65,64.16,23.09
2021-01-21 20:00:00,150.0,295.25,74.27,22.5
2021-01-21 21:00:00,127.72,200.0,75.78,21.92
2021-01-21 22:00:00,110.84,206.93,75.89,21.49
2021-01-21 23:00:00,135.0,228.75,74.1,21.18
2021-01-22 00:00:00,132.75,271.0,72.38,20.56
2021-01-22 01:00:00,133.94,312.52,73.87,20.32
2021-01-22 02:00:00,178.33,400.5,74.58,20.07
2021-01-22 03:00:00,192.24,454.0,77.71,19.1
2021-01-22 04:00:00,107.0,190.0,74.73,19.5
2021-01-22 05:00:00,130.57,215.0,76.63,19.16
2021-01-22 06:00:00,123.94,238.0,78.13,18.98
2021-01-22 07:00:00,123.0,265.0,80.39,18.91
2021-01-22 08:00:00,160.97,290.24,71.06,20.8
2021-01-22 09:00:00,131.44,288.34,60.94,22.79
2021-01-22 10:00:00,132.4,283.57,52.02,25.79
2021-01-22 11:00:00,96.89,256.0,44.27,28.77
2021-01-22 12:00:00,110.25,260.72,44.67,29.21
2021-01-22 13:00:00,114.0,403.0,50.57,28.65
2021-01-22 14:00:00,110.61,361.36,51.55,28.91
2021-01-22 15:00:00,62.98,327.14,52.27,28.75
2021-01-22 16:00:00,90.63,405.0,56.46,27.76
2021-01-22 17:00:00,72.32,267.0,60.39,26.03
2021-01-22 18:00:00,79.05,255.21,65.98,24.69
2021-01-22 19:00:00,93.77,267.77,62.85,24.17
2021-01-22 20:00:00,104.75,297.0,60.4,23.72
2021-01-22 21:00:00,103.51,280.55,62.27,23.3
2021-01-22 22:00:00,114.08,370.28,65.03,22.62
2021-01-22 23:00:00,162.41,378.72,69.67,21.93
2021-01-23 00:00:00,212.33,566.83,72.42,21.54
2021-01-23 01:00:00,151.05,651.36,76.72,20.91
2021-01-23 02:00:00,202.81,839.0,80.6,20.5
2021-01-23 03:00:00,179.56,678.43,79.2,20.52
2021-01-23 04:00:00,170.0,471.53,76.42,20.52
2021-01-23 05:00:00,147.31,307.36,74.69,20.36
2021-01-23 06:00:00,145.56,267.14,73.18,20.07
2021-01-23 07:00:00,163.89,275.0,72.09,19.91
2021-01-23 08:00:00,173.56,370.86,66.31,22.0
2021-01-23 09:00:00,185.6,355.0,58.08,25.41
2021-01-23 10:00:00,158.07,297.0,54.0,26.99
2021-01-23 11:00:00,153.3,282.86,46.73,28.92
2021-01-23 12:00:00,111.56,243.57,39.59,30.93
2021-01-23 13:00:00,81.26,188.0,46.73,30.13
2021-01-23 14:00:00,128.11,267.36,46.77,30.73
2021-01-23 15:00:00,112.83,325.0,41.12,31.04
2021-01-23 16:00:00,84.97,318.0,46.11,29.05
2021-01-23 17:00:00,110.0,292.07,53.02,27.59
2021-01-23 18:00:00,132.0,381.0,61.2,25.27
2021-01-23 19:00:00,120.0,418.72,59.74,24.45
2021-01-23 20:00:00,56.59714051978688,312.36,59.905,24.18
2021-01-23 21:00:00,69.0,206.0,60.07,23.91
2021-01-23 22:00:00,49.253526912010294,210.76923076923077,59.15384615384615,24.176923076923078
2021-01-23 23:00:00,59.07923440849517,215.53846153846155,58.237692307692306,24.443846153846152
2021-01-24 00:00:00,61.7840766284215,220.30769230769232,57.32153846153846,24.71076923076923
2021-01-24 01:00:00,79.80200364513938,225.07692307692307,56.40538461538461,24.97769230769231
2021-01-24 02:00:00,84.11599704399954,229.84615384615384,55.489230769230765,25.244615384615383
2021-01-24 03:00:00,56.63045511502184,234.6153846153846,54.573076923076925,25.51153846153846
2021-01-24 04:00:00,63.47275848428994,239.3846153846154,53.65692307692308,25.77846153846154
2021-01-24 05:00:00,42.129746411924046,244.15384615384616,52.74076923076923,26.045384615384613
2021-01-24 06:00:00,27.819999999999997,248.9230769230769,51.824615384615385,26.31230769230769
2021-01-24 07:00:00,66.70741021123939,253.69230769230768,50.90846153846154,26.57923076923077
2021-01-24 08:00:00,96.3537051056197,258.46153846153845,49.99230769230769,26.846153846153847
2021-01-24 09:00:00,126.0,263.2307692307692,49.076153846153844,27.11307692307692
2021-01-24 10:00:00,128.67,268.0,48.16,27.38
2021-01-24 11:00:00,107.89,216.0,42.2,28.57
2021-01-24 12:00:00,73.4,149.0,39.98,29.39
2021-01-24 13:00:00,49.87,228.33333333333331,43.79,28.976666666666667
2021-01-24 14:00:00,52.06,307.66666666666663,47.599999999999994,28.563333333333333
2021-01-24 15:00:00,73.0,387.0,51.41,28.15
2021-01-24 16:00:00,71.28,376.45454545454544,53.04454545454545,27.37272727272727
2021-01-24 17:00:00,47.58,365.90909090909093,54.67909090909091,26.595454545454544
2021-01-24 18:00:00,68.17,355.3636363636364,56.31363636363636,25.818181818181817
2021-01-24 19:00:00,55.62,344.8181818181818,57.948181818181816,25.04090909090909
2021-01-24 20:00:00,51.34,334.27272727272725,59.58272727272727,24.263636363636365
2021-01-24 21:00:00,58.5,323.72727272727275,61.21727272727273,23.486363636363635
2021-01-24 22:00:00,49.0,313.1818181818182,62.85181818181818,22.70909090909091
2021-01-24 23:00:00,63.0,302.6363636363636,64.48636363636363,21.931818181818183
2021-01-25 00:00:00,89.42,292.0909090909091,66.1209090909091,21.154545454545456
2021-01-25 01:00:00,81.0,281.54545454545456,67.75545454545454,20.37727272727273
2021-01-25 02:00:00,91.0,271.0,69.39,19.6
2021-01-25 03:00:00,95.09,358.73,72.93,18.8
2021-01-25 04:00:00,123.0,363.0,74.53,18.22
2021-01-25 05:00:00,92.0,207.0,75.84,17.74
2021-01-25 06:00:00,94.09,224.5,71.955,18.259999999999998
2021-01-25 07:00:00,97.47,242.0,68.07,18.78
2021-01-25 08:00:00,104.82,273.0,60.989999999999995,20.83
2021-01-25 09:00:00,116.0,304.0,53.91,22.88
2021-01-25 10:00:00,126.23,307.98,46.71,25.24
2021-01-25 11:00:00,120.52,302.72,42.99,27.35
2021-01-25 12:00:00,112.84,299.43,39.77,28.48
2021-01-25 13:00:00,97.0,288.04,43.03,28.0
2021-01-25 14:00:00,108.36,325.07,41.62,28.33
2021-01-25 15:00:00,86.0,301.0,38.95,27.59
2021-01-25 16:00:00,63.06,330.0,42.27,26.73
2021-01-25 17:00:00,64.87,270.62,47.1,25.13
2021-01-25 18:00:00,82.75,260.0,63.41,22.86
2021-01-25 19:00:00,98.0,294.28,66.36,22.52
2021-01-25 20:00:00,92.34,283.21,70.12,21.86
2021-01-25 21:00:00,112.0,288.0,64.31,21.62
2021-01-25 22:00:00,99.44,285.64,65.27,20.98
2021-01-25 23:00:00,119.0,280.0,70.74,20.3
2021-01-26 00:00:00,72.55881372689385,281.07,71.56,19.87
2021-01-26 01:00:00,120.97,282.14,72.38,19.44
2021-01-26 02:00:00,106.21,252.57,73.16,18.82
2021-01-26 03:00:00,94.0,220.38,75.56,18.44
2021-01-26 04:00:00,66.02596838637854,231.81666666666666,72.39,19.330000000000002
2021-01-26 05:00:00,64.057365912341,243.25333333333333,69.22,20.220000000000002
2021-01-26 06:00:00,63.181040028342984,254.69,66.05,21.11
2021-01-26 07:00:00,66.66779967958088,266.12666666666667,62.88,22.0
2021-01-26 08:00:00,74.3263245470783,277.56333333333333,59.71,22.89
2021-01-26 09:00:00,136.39,289.0,56.54,23.78
2021-01-26 10:00:00,149.7,296.86,51.33,25.23
2021-01-26 11:00:00,110.51,273.86,44.66,27.46
2021-01-26 12:00:00,114.0,272.5,45.78,27.2
2021-01-26 13:00:00,91.83,247.15,47.22,26.69
2021-01-26 14:00:00,58.36,204.0,44.87,27.14
2021-01-26 15:00:00,47.86,147.0,45.52,26.7
2021-01-26 16:00:00,47.0,164.28,52.1,25.62
2021-01-26 17:00:00,35.47,179.28,54.68,24.31
2021-01-26 18:00:00,45.55,191.0,67.36,22.31
2021-01-26 19:00:00,49.0,190.0,69.24,21.66
2021-01-26 20:00:00,71.07,206.0,73.78,20.75
2021-01-26 21:00:00,80.0,207.69,74.8,20.4
2021-01-26 22:00:00,80.0,222.36,77.54,19.38
2021-01-26 23:00:00,115.92,245.0,79.82,18.46
2021-01-27 00:00:00,160.0,259.09,80.38,18.77
2021-01-27 01:00:00,113.68,239.81,80.32,18.31
2021-01-27 02:00:00,110.98,220.87,82.33,17.76
2021-01-27 03:00:00,134.13,215.28,80.01,17.78
2021-01-27 04:00:00,109.32,190.43,75.92,17.81
2021-01-27 05:00:00,115.09,192.0,81.66,17.12
2021-01-27 06:00:00,122.13,194.83,80.82,17.24
2021-01-27 07:00:00,120.95,199.0,76.75,17.49
2021-01-27 08:00:00,107.0,204.09,70.6,18.77
2021-01-27 09:00:00,102.0,206.0,57.48,22.4
2021-01-27 10:00:00,102.15,222.44,49.83,25.05
2021-01-27 11:00:00,114.22,230.91,44.69,27.12
2021-01-27 12:00:00,103.72,251.64,48.1,26.57
2021-01-27 13:00:00,100.0,299.0,49.33,26.4
2021-01-27 14:00:00,75.0,216.0,45.43,27.41
2021-01-27 15:00:00,69.0,221.0,43.44,27.86
2021-01-27 16:00:00,65.31,223.0,48.26,26.84
2021-01-27 17:00:00,57.03,181.36,52.89,25.39
2021-01-27 18:00:00,71.0,233.0,64.45,23.26
2021-01-27 19:00:00,122.72,300.86,65.08,22.19
2021-01-27 20:00:00,114.0,273.1,64.88,21.68
2021-01-27 21:00:00,120.72,250.0,74.03,20.74
2021-01-27 22:00:00,115.57,285.0,76.36,20.38
2021-01-27 23:00:00,155.84,281.0,79.3,19.42
2021-01-28 00:00:00,248.11,486.72,79.06,19.32
2021-01-28 01:00:00,213.27,442.0,79.75,18.77
2021-01-28 02:00:00,153.0,295.0,81.13,18.43
2021-01-28 03:00:00,160.17,226.0,78.67,18.09
2021-01-28 04:00:00,136.28,213.56,81.29,17.55
2021-01-28 05:00:00,139.04,222.78,82.1,17.22
2021-01-28 06:00:00,126.0,265.89,81.78999999999999,17.265
2021-01-28 07:00:00,159.0,309.0,81.48,17.31
2021-01-28 08:00:00,162.0,302.45,80.57,18.36
2021-01-28 09:00:00,162.44,266.02,59.55,23.31
2021-01-28 10:00:00,138.91,232.88,48.89,26.23
2021-01-28 11:00:00,122.93,339.0,44.2,27.61
2021-01-28 12:00:00,107.93,289.24,46.1,27.96
2021-01-28 13:00:00,106.47,277.52,52.34,27.06
2021-01-28 14:00:00,94.75,261.0,47.7,27.62
2021-01-28 15:00:00,67.93,197.0,41.55,28.23
2021-01-28 16:00:00,67.0,184.09,45.39,27.37
2021-01-28 17:00:00,71.07,199.07,58.37,24.96
2021-01-28 18:00:00,72.0,213.86,66.99,22.84
2021-01-28 19:00:00,72.51778760970066,208.93,70.91999999999999,21.735
2021-01-28 20:00:00,103.55,204.0,74.85,20.63
2021-01-28 21:00:00,107.0,206.35,74.9,20.31
2021-01-28 22:00:00,108.64,212.0,73.75,19.86
2021-01-28 23:00:00,117.0,212.73,74.02,19.52
2021-01-29 00:00:00,118.84,221.91,76.98,18.36
2021-01-29 01:00:00,145.0,269.0,80.4,17.35
2021-01-29 02:00:00,137.18,253.0,80.59,17.09
2021-01-29 03:00:00,132.0,231.68,80.82,17.05
2021-01-29 04:00:00,131.18,285.25,80.58,16.84
2021-01-29 05:00:00,124.22,185.0,80.6,16.46
2021-01-29 06:00:00,113.0,188.8,80.73,16.66
2021-01-29 07:00:00,115.0,206.17,79.31,16.75
2021-01-29 08:00:00,131.0,222.51,72.12,18.7
2021-01-29 09:00:00,125.43,247.0,55.73,22.19
2021-01-29 10:00:00,115.39,259.0,48.24,25.27
2021-01-29 11:00:00,105.78,199.0,42.52,27.64
2021-01-29 12:00:00,87.18,187.0,38.05,28.99
2021-01-29 13:00:00,81.2,162.0,47.24,28.16
2021-01-29 14:00:00,113.02,323.07,49.62,27.97
2021-01-29 15:00:00,86.0,317.65,49.78,28.4
2021-01-29 16:00:00,80.77,313.0,48.48,27.04
2021-01-29 17:00:00,63.73,241.34,51.76,26.12
2021-01-29 18:00:00,62.78,191.86,54.2,24.59
2021-01-29 19:00:00,99.0,310.4,64.14,22.91
2021-01-29 20:00:00,107.28,281.4,72.29,21.72
2021-01-29 21:00:00,152.0,273.0,71.54,21.24
2021-01-29 22:00:00,138.0,352.62,75.23,20.34
2021-01-29 23:00:00,181.57,384.29,80.34,20.21
2021-01-30 00:00:00,178.06,551.0,81.9,19.45
2021-01-30 01:00:00,191.41,451.83,83.47,18.93
2021-01-30 02:00:00,191.53,347.0,82.03,19.0
2021-01-30 03:00:00,157.0,198.0,83.16,18.52
2021-01-30 04:00:00,154.95,233.0,75.09,18.82
2021-01-30 05:00:00,124.95,192.68,68.29,19.07
2021-01-30 06:00:00,95.96,143.0,72.18,18.44
2021-01-30 07:00:00,102.6,160.11,75.71,18.16
2021-01-30 08:00:00,111.0,184.22,69.78,20.33
2021-01-30 09:00:00,143.0,233.41,53.11,24.3
2021-01-30 10:00:00,113.67,196.17,48.36,25.19
2021-01-30 11:00:00,95.0,180.66,40.84,27.47
2021-01-30 12:00:00,85.0,146.0,33.75,30.23
2021-01-30 13:00:00,78.0,140.54,25.72,31.09
2021-01-30 14:00:00,46.0,290.0,34.67,30.46
2021-01-30 15:00:00,96.0,326.0,25.98,30.37
2021-01-30 16:00:00,46.17,205.0,32.46,29.12
2021-01-30 17:00:00,61.0,282.49,46.61,27.04
2021-01-30 18:00:00,84.0,275.73,55.0,24.79
2021-01-30 19:00:00,72.0,248.5,55.78,24.04
2021-01-30 20:00:00,78.07,205.04,51.53,23.1
2021-01-30 21:00:00,92.0,210.98,50.95,22.87
2021-01-30 22:00:00,91.56,193.05,48.25,22.63
2021-01-30 23:00:00,109.0,225.0,51.91,21.33
2021-01-31 00:00:00,141.53,392.0,59.83,20.23
2021-01-31 01:00:00,241.8,558.0,64.11,20.11
2021-01-31 02:00:00,171.0,557.78,67.18,19.43
2021-01-31 03:00:00,166.12,468.46,67.21,19.18
2021-01-31 04:00:00,190.59,633.38,65.19,19.47
2021-01-31 05:00:00,124.43,186.0,60.2,19.51
2021-01-31 06:00:00,74.89580987852169,166.0,60.38,19.41
2021-01-31 07:00:00,87.23,146.0,60.56,19.31
2021-01-31 08:00:00,95.07,181.12,55.75,20.87
2021-01-31 09:00:00,94.0,176.97,47.07,23.12
2021-01-31 10:00:00,67.25,137.0,40.76,25.6
2021-01-31 11:00:00,57.0,119.77,36.06,28.29
2021-01-31 12:00:00,54.0,110.51,33.98,30.97
2021-01-31 13:00:00,49.28,149.0,41.2,29.31
2021-01-31 14:00:00,65.18,232.11,39.36,29.52
2021-01-31 15:00:00,52.91,189.0,40.25,29.12
2021-01-31 16:00:00,45.73,207.0,45.6,27.41
2021-01-31 17:00:00,42.22,263.78,47.5,26.48
2021-01-31 18:00:00,45.25,196.0,51.1,24.57
2021-01-31 19:00:00,47.55,197.13,50.73,24.18
2021-01-31 20:00:00,51.0,147.0,46.67,23.76
2021-01-31 21:00:00,53.64,148.56,50.64,22.99
2021-01-31 22:00:00,62.0,240.0,58.39,21.96
2021-01-31 23:00:00,77.0,290.5,66.16,21.17
2021-02-01 00:00:00,173.95,447.78,70.29,20.64
2021-02-01 01:00:00,144.36,366.53,72.36,20.23
2021-02-01 02:00:00,120.84,259.61,70.21,20.65
2021-02-01 03:00:00,104.0,240.38000000000002,59.85,21.31
2021-02-01 04:00:00,89.43,221.15,60.04,21.08
2021-02-01 05:00:00,68.07,201.92000000000002,57.03,21.44
2021-02-01 06:00:00,56.77,182.69,54.43,22.259999999999998
2021-02-01 07:00:00,67.52,163.46,51.83,23.08
2021-02-01 08:00:00,60.8,144.23000000000002,49.75,24.365
2021-02-01 09:00:00,58.69,125.0,47.67,25.65
2021-02-01 10:00:00,69.23,149.89,46.55,26.91
2021-02-01 11:00:00,85.57,158.56,45.02,28.41
2021-02-01 12:00:00,79.5,155.1,42.92,30.15
2021-02-01 13:00:00,73.07,150.88,38.36,31.78
2021-02-01 14:00:00,73.18,122.0,37.37,32.68
2021-02-01 15:00:00,63.72,178.98,48.49,29.91
2021-02-01 16:00:00,85.93,244.18,48.68,29.53
2021-02-01 17:00:00,84.36,205.89,52.89,27.98
2021-02-01 18:00:00,76.86,188.22,59.08,26.21
2021-02-01 19:00:00,91.28,236.69,61.74,25.34
2021-02-01 20:00:00,134.55,305.58,67.42,24.34
2021-02-01 21:00:00,139.86,253.33,65.59,24.55
2021-02-01 22:00:00,112.5,242.59,64.43,24.28
2021-02-01 23:00:00,119.61,246.34,65.52,23.77
2021-02-02 00:00:00,127.78,269.22,68.97,22.93
2021-02-02 01:00:00,124.04,245.68,67.18,22.69
2021-02-02 02:00:00,109.91,178.11,66.12,22.43
2021-02-02 03:00:00,94.43,159.89,62.26,22.62
2021-02-02 04:00:00,86.18,135.44,53.35,23.89
2021-02-02 05:00:00,74.57,109.88,53.16,23.55
2021-02-02 06:00:00,68.72,106.77,51.45,23.52
2021-02-02 07:00:00,66.09,107.44,50.78,23.41
2021-02-02 08:00:00,80.64,111.68,47.74,24.51
2021-02-02 09:00:00,75.36,133.28,42.42,26.21
2021-02-02 10:00:00,66.64,177.0,38.82,28.0
2021-02-02 11:00:00,73.57,182.44,34.52,29.75
2021-02-02 12:00:00,54.31,163.0,29.16,31.35
2021-02-02 13:00:00,44.22,153.89,27.19,31.97
2021-02-02 14:00:00,33.8,77.0,24.7,33.02
2021-02-02 15:00:00,31.29,95.0,20.3,33.52
2021-02-02 16:00:00,35.96,81.69,34.51,31.57
2021-02-02 17:00:00,51.43,332.2,51.75,28.3
2021-02-02 18:00:00,84.78,415.0,52.66,25.77
2021-02-02 19:00:00,106.84,331.78,52.31,25.45
2021-02-02 20:00:00,91.75,292.4,57.76,24.74
2021-02-02 21:00:00,102.22,245.22,63.12,23.74
2021-02-02 22:00:00,105.43,262.56,68.85,23.04
2021-02-02 23:00:00,111.55,253.11,60.75,23.3
2021-02-03 00:00:00,122.64,272.08,59.07,22.56
2021-02-03 01:00:00,165.48,390.22,64.97,21.86
2021-02-03 02:00:00,104.96,293.0,69.42,21.31
2021-02-03 03:00:00,118.64,203.33,72.17,21.02
2021-02-03 04:00:00,127.72,191.2,79.56,20.75
2021-02-03 05:00:00,135.15,228.44,78.51,20.46
2021-02-03 06:00:00,110.57,243.56,79.63,19.98
2021-02-03 07:00:00,119.86,251.89,78.0,20.33
2021-02-03 08:00:00,143.93,281.88,67.66,22.37
2021-02-03 09:00:00,141.28,293.0,47.35,25.35
2021-02-03 10:00:00,117.28,248.11,40.81,26.61
2021-02-03 11:00:00,92.6,192.72,34.23,28.8
2021-02-03 12:00:00,58.18,164.44,27.55,30.88
2021-02-03 13:00:00,46.93,159.67,26.2,31.75
2021-02-03 14:00:00,46.64,185.89,27.39,32.28
2021-02-03 15:00:00,55.28,287.22,28.73,31.05
2021-02-03 16:00:00,58.87,372.11,32.5,29.93
2021-02-03 17:00:00,57.36,375.11,38.39,28.62
2021-02-03 18:00:00,61.5,347.62,50.7,26.23
2021-02-03 19:00:00,55.86,371.78,56.96,25.3
2021-02-03 20:00:00,67.0,262.98,54.98,24.73
2021-02-03 21:00:00,67.27,242.27,58.9,23.96
2021-02-03 22:00:00,71.14,285.0,57.45,24.09
2021-02-03 23:00:00,74.57,228.94,57.45,23.71
2021-02-04 00:00:00,94.67,198.97,55.94,23.4
2021-02-04 01:00:00,89.22,166.82,58.26,22.39
2021-02-04 02:00:00,80.16,172.89,60.17,21.9
2021-02-04 03:00:00,97.28,219.78,65.01,21.23
2021-02-04 04:00:00,114.14,242.47,65.92,20.96
2021-02-04 05:00:00,113.43,367.33,66.19,21.08
2021-02-04 06:00:00,81.57,198.48,68.16,20.76
2021-02-04 07:00:00,102.55,157.33,67.69,20.28
2021-02-04 08:00:00,110.5,217.03,59.94,22.52
2021-02-04 09:00:00,116.8,238.0,52.45,24.77
2021-02-04 10:00:00,111.93,226.41,42.52,26.33
2021-02-04 11:00:00,82.8,174.56,35.6,27.99
2021-02-04 12:00:00,78.66,158.67,27.52,31.21
2021-02-04 13:00:00,63.0,218.76,29.31,31.54
2021-02-04 14:00:00,77.3,278.85,45.3,29.57
2021-02-04 15:00:00,94.04,267.5,40.96,29.18
2021-02-04 16:00:00,83.22,240.15,42.65,28.5
2021-02-04 17:00:00,109.72,379.25,47.31,27.08
2021-02-04 18:00:00,80.43,298.7,54.84,25.34
2021-02-04 19:00:00,86.57,242.56,59.61,24.18
2021-02-04 20:00:00,94.77,257.0,65.53,23.27
2021-02-04 21:00:00,104.5,244.53,65.37,23.16
2021-02-04 22:00:00,98.93,256.6,66.11,22.29
2021-02-04 23:00:00,112.78,277.23,67.02,21.87
2021-02-05 00:00:00,141.68,296.22,70.28,21.11
2021-02-05 01:00:00,215.86,833.7,70.66,21.07
2021-02-05 02:00:00,168.22,491.41,68.62,21.29
2021-02-05 03:00:00,78.42,146.0,71.34,20.77
2021-02-05 04:00:00,57.14,108.46,76.95,20.42
2021-02-05 05:00:00,57.72,85.56,78.32,20.13
2021-02-05 06:00:00,43.12,109.0,72.89,19.88
2021-02-05 07:00:00,72.72,145.65,73.53,19.46
2021-02-05 08:00:00,82.5,222.28,61.45,22.13
2021-02-05 09:00:00,88.07,236.56,51.43,24.27
2021-02-05 10:00:00,75.57,221.38,42.69,26.77
2021-02-05 11:00:00,68.28,168.0,35.62,28.33
2021-02-05 12:00:00,46.93,135.45,40.63,29.1
2021-02-05 13:00:00,60.0,262.46,41.53,29.06
2021-02-05 14:00:00,60.22,323.53,40.24,29.14
2021-02-05 15:00:00,62.43,338.31,37.86,28.91
2021-02-05 16:00:00,53.91,423.75,36.67,28.21
2021-02-05 17:00:00,38.86,339.17,40.01,27.07
2021-02-05 18:00:00,37.14,215.43,41.56,25.68
2021-02-05 19:00:00,38.72,156.0,45.38,24.62
2021-02-05 20:00:00,36.14,166.88,49.72,23.85
2021-02-05 21:00:00,51.87,183.25,50.99,23.32
2021-02-05 22:00:00,63.22,185.33,47.92,23.01
2021-02-05 23:00:00,52.5,166.76,44.56,22.46
2021-02-06 00:00:00,46.36,136.26,43.57,22.07
2021-02-06 01:00:00,52.5,118.68,47.62,20.38
2021-02-06 02:00:00,70.36,252.0,51.94,19.8
2021-02-06 03:00:00,48.6,148.29,53.4,19.72
2021-02-06 04:00:00,56.72,111.2,53.88,19.41
2021-02-06 05:00:00,52.28,111.0,53.29,19.28
2021-02-06 06:00:00,44.43,115.68,52.59,19.31
2021-02-06 07:00:00,62.87,142.63,51.53,19.5
2021-02-06 08:00:00,60.2,155.59,46.22,21.45
2021-02-06 09:00:00,49.22,154.0,40.95,23.89
2021-02-06 10:00:00,51.78,160.24,39.91,24.8
2021-02-06 11:00:00,48.36,196.13,37.83,26.59
2021-02-06 12:00:00,40.0,223.0,36.0,28.24
2021-02-06 13:00:00,40.0,604.0,32.19,30.05
2021-02-06 14:00:00,39.83452728875271,985.0,29.38,31.26
2021-02-06 15:00:00,985.0,684.0,32.5,31.26
2021-02-06 16:00:00,78.53,383.0,39.76,29.82
2021-02-06 17:00:00,58.22,351.15,44.19,28.13
2021-02-06 18:00:00,59.43,260.9,45.64,26.54
2021-02-06 19:00:00,41.72,246.86,48.55,25.81
2021-02-06 20:00:00,78.22,282.85,49.39,25.39
2021-02-06 21:00:00,93.11,247.5,46.62,25.22
2021-02-06 22:00:00,80.78,221.8,42.63,25.18
2021-02-06 23:00:00,62.86,155.0,39.02,25.32
2021-02-07 00:00:00,35.28,136.31,39.04,24.88
2021-02-07 01:00:00,39.36,121.66,38.94,24.46
2021-02-07 02:00:00,43.5,111.23,39.85,23.84
2021-02-07 03:00:00,37.28,106.0,40.58,23.14
2021-02-07 04:00:00,40.92,107.935,41.175,22.47
2021-02-07 05:00:00,39.43,109.87,41.77,21.8
2021-02-07 06:00:00,32.55,107.31,41.00666666666667,21.97
2021-02-07 07:00:00,40.34,104.75,40.24333333333333,22.14
2021-02-07 08:00:00,44.0,102.19,39.48,22.31
2021-02-07 09:00:00,47.86,154.0,36.92,24.17
2021-02-07 10:00:00,58.57,183.0,35.9,25.24
2021-02-07 11:00:00,52.57,182.88888888888889,36.458888888888886,25.31888888888889
2021-02-07 12:00:00,48.14,182.77777777777777,37.01777777777777,25.397777777777776
2021-02-07 13:00:00,62.23,182.66666666666666,37.57666666666667,25.476666666666667
2021-02-07 14:00:00,53.0,182.55555555555554,38.135555555555555,25.555555555555554
2021-02-07 15:00:00,41.07,182.44444444444446,38.69444444444444,25.634444444444444
2021-02-07 16:00:00,42.0,182.33333333333334,39.25333333333333,25.71333333333333
2021-02-07 17:00:00,74.15,182.22222222222223,39.81222222222222,25.79222222222222
2021-02-07 18:00:00,52.0,182.11111111111111,40.37111111111111,25.87111111111111
2021-02-07 19:00:00,118.87,182.0,40.93,25.95
2021-02-07 20:00:00,42.606923029792036,185.88,42.2,25.63
2021-02-07 21:00:00,46.14634662634339,177.41666666666666,43.84,24.826666666666664
2021-02-07 22:00:00,48.25263371811188,168.95333333333335,45.48,24.023333333333333
2021-02-07 23:00:00,44.80577627126603,160.49,47.12,23.22
2021-02-08 00:00:00,172.72,157.69333333333333,46.06666666666666,23.169999999999998
2021-02-08 01:00:00,52.32517689152782,154.89666666666668,45.013333333333335,23.12
2021-02-08 02:00:00,53.090915199278065,152.1,43.96,23.07
2021-02-08 03:00:00,3.56,98.0,47.52,21.66
2021-02-08 04:00:00,34.95,107.0,46.9,21.59
2021-02-08 05:00:00,61.54,108.5,47.099999999999994,21.18
2021-02-08 06:00:00,34.53,110.0,47.3,20.77
2021-02-08 07:00:00,44.3747798274394,111.5,44.0475,22.3175
2021-02-08 08:00:00,40.137419660847584,113.0,40.795,23.865000000000002
2021-02-08 09:00:00,18.46,114.5,37.5425,25.4125
2021-02-08 10:00:00,59.78,116.0,34.29,26.96
2021-02-08 11:00:00,56.43,117.5,31.59,28.27
2021-02-08 12:00:00,49.07,119.0,26.62,29.98
2021-02-08 13:00:00,49.86,120.5,23.66,30.95
2021-02-08 14:00:00,47.93,122.0,22.69,31.62
2021-02-08 15:00:00,46.28,123.5,22.01,32.01
2021-02-08 16:00:00,38.28,125.0,28.12,30.78
2021-02-08 17:00:00,55.28,126.5,34.23,28.49
2021-02-08 18:00:00,57.8,128.0,37.27,26.57
2021-02-08 19:00:00,41.72,129.5,39.76,25.18
2021-02-08 20:00:00,51.0,131.0,37.69,24.64
2021-02-08 21:00:00,51.72,132.5,38.2,24.11
2021-02-08 22:00:00,60.86,134.0,37.63,23.74
2021-02-08 23:00:00,59.5,135.5,42.36,22.19
2021-02-09 00:00:00,68.38,137.0,48.26,21.04
2021-02-09 01:00:00,96.78,138.5,54.61,21.24
2021-02-09 02:00:00,82.28,140.0,56.31,20.84
2021-02-09 03:00:00,98.22,141.5,51.62,20.62
2021-02-09 04:00:00,87.72,143.0,54.02,19.86
2021-02-09 05:00:00,84.36,144.5,56.49,19.25
2021-02-09 06:00:00,89.36,146.0,55.7,19.31
2021-02-09 07:00:00,94.28,157.65,55.4,19.54
2021-02-09 08:00:00,98.86,207.5,51.02,21.95
2021-02-09 09:00:00,108.22,248.97,39.76,25.1
2021-02-09 10:00:00,83.22,183.98,32.78,27.38
2021-02-09 11:00:00,59.93,168.0,27.8,29.37
2021-02-09 12:00:00,58.0,174.99,21.6,31.22
2021-02-09 13:00:00,43.14,114.86,17.93,32.8
2021-02-09 14:00:00,21.07,90.35,29.98,31.6
2021-02-09 15:00:00,48.14,233.03,37.64,29.71
2021-02-09 16:00:00,48.93,270.56,37.79,29.01
2021-02-09 17:00:00,35.36,276.77,37.88,28.09
2021-02-09 18:00:00,40.0,308.52,40.0,26.26
2021-02-09 19:00:00,41.07,249.16,43.74,25.1
2021-02-09 20:00:00,55.07,207.47,41.78,24.62
2021-02-09 21:00:00,56.35,187.02,43.9,23.9
2021-02-09 22:00:00,64.42,167.47,45.45,22.71
2021-02-09 23:00:00,108.87,360.3,51.22,21.79
2021-02-10 00:00:00,134.67,288.05,54.12,20.92
2021-02-10 01:00:00,134.86,459.48,60.01,20.34
2021-02-10 02:00:00,197.72,326.25,62.24,19.99
2021-02-10 03:00:00,189.43,431.57,61.57,20.22
2021-02-10 04:00:00,126.92,283.03,64.33,19.77
2021-02-10 05:00:00,86.14,203.78,70.41,19.48
2021-02-10 06:00:00,100.5,203.99,72.62,19.02
2021-02-10 07:00:00,94.86,230.03,65.89,19.24
2021-02-10 08:00:00,105.2,231.56,47.97,21.82
2021-02-10 09:00:00,93.43,165.0,39.27,25.09
2021-02-10 10:00:00,84.36,178.13,33.86,28.01
2021-02-10 11:00:00,63.28,185.11,29.16,30.55
2021-02-10 12:00:00,68.07,232.43,32.93,31.04
2021-02-10 13:00:00,81.0,255.32,39.1,29.27
2021-02-10 14:00:00,68.13,225.0,39.34,29.12
2021-02-10 15:00:00,70.64,285.59,45.0,28.58
2021-02-10 16:00:00,78.2,263.53,47.16,28.08
2021-02-10 17:00:00,65.57,306.81,49.95,27.35
2021-02-10 18:00:00,48.0,293.52,64.47,25.01
2021-02-10 19:00:00,63.27,211.9,65.05,24.04
2021-02-10 20:00:00,96.36,219.41,59.56,23.76
2021-02-10 21:00:00,115.04,241.67,67.57,22.82
2021-02-10 22:00:00,130.78,315.13,70.71,21.78
2021-02-10 23:00:00,166.07,401.0,69.58,21.6
2021-02-11 00:00:00,156.28,340.55,65.88,21.25
2021-02-11 01:00:00,188.57,291.81,72.37,20.06
2021-02-11 02:00:00,218.78,342.58,77.16,19.94
2021-02-11 03:00:00,175.14,312.39,74.75,20.06
2021-02-11 04:00:00,149.93,253.0,74.01,19.8
2021-02-11 05:00:00,135.22,249.9,74.08,19.36
2021-02-11 06:00:00,126.0,226.56,69.77,19.55
2021-02-11 07:00:00,140.19,239.42,68.75,19.55
2021-02-11 08:00:00,155.78,338.0,55.53,23.42
2021-02-11 09:00:00,161.46,288.58,46.49,25.14
2021-02-11 10:00:00,103.28,229.98,39.55,27.22
2021-02-11 11:00:00,80.22,213.67,34.92,28.57
2021-02-11 12:00:00,67.5,182.38,34.27333333333333,29.776666666666667
2021-02-11 13:00:00,38.35,151.09,33.626666666666665,30.98333333333333
2021-02-11 14:00:00,81.4,119.8,32.98,32.19
2021-02-11 15:00:00,98.14,335.31,48.33,29.5
2021-02-11 16:00:00,62.19,343.3,40.29,29.54
2021-02-11 17:00:00,75.36,303.19,41.44,28.27
2021-02-11 18:00:00,55.22,277.0,47.06,26.36
2021-02-11 19:00:00,65.93,283.99,47.74,25.28
2021-02-11 20:00:00,72.14631792250003,338.82,54.78,24.51
2021-02-11 21:00:00,91.25336671873598,320.02,56.86,23.71
2021-02-11 22:00:00,97.0446308273777,440.5,59.31,22.68
2021-02-11 23:00:00,85.71,793.0,65.86,21.85
2021-02-12 00:00:00,290.55,906.92,75.04,21.55
2021-02-12 01:00:00,170.47,575.53,70.58,21.34
2021-02-12 02:00:00,137.66,352.75,68.74,21.04
2021-02-12 03:00:00,121.67,288.0,69.17,21.08
2021-02-12 04:00:00,128.14,280.02,71.98,20.64
2021-02-12 05:00:00,105.64,268.75,75.37,20.23
2021-02-12 06:00:00,126.64,308.88,70.73,19.97
2021-02-12 07:00:00,123.0,301.07,69.13,19.82
2021-02-12 08:00:00,134.66,336.0,57.99,22.3
2021-02-12 09:00:00,119.56,282.4,52.73,24.59
2021-02-12 10:00:00,138.03,305.69,47.96,26.45
2021-02-12 11:00:00,124.96,279.86,39.87,29.19
2021-02-12 12:00:00,104.0,244.14,36.02,30.95
2021-02-12 13:00:00,73.43,312.0,50.81,28.89
2021-02-12 14:00:00,262.5,277.25,53.31,28.19
2021-02-12 15:00:00,71.4653134805942,266.71500000000003,44.53,29.14
2021-02-12 16:00:00,245.36,256.18,43.46,28.6
2021-02-12 17:00:00,244.93,309.0,51.11,27.02
2021-02-12 18:00:00,12.0,203.0,56.37,25.22
2021-02-12 19:00:00,35.28,222.34,64.41,24.26
2021-02-12 20:00:00,55.221318557342784,202.81,67.57,23.89
2021-02-12 21:00:00,54.63041067633157,214.54,67.55666666666666,23.47
2021-02-12 22:00:00,66.65889480356401,226.27,67.54333333333334,23.05
2021-02-12 23:00:00,64.36372140266938,238.0,67.53,22.63
2021-02-13 00:00:00,68.2248091326683,234.91,59.72,22.66
2021-02-13 01:00:00,25.0,216.97,57.79,22.09
2021-02-13 02:00:00,82.96,207.0,56.79,20.84
2021-02-13 03:00:00,69.03,215.51,49.82,21.41
2021-02-13 04:00:00,57.64,113.38,56.08,21.58
2021-02-13 05:00:00,67.32,127.88,60.11,20.63
2021-02-13 06:00:00,85.21,143.19,57.4,20.57
2021-02-13 07:00:00,88.43,155.88,54.23,20.82
2021-02-13 08:00:00,95.04,198.47,50.24,22.51
2021-02-13 09:00:00,105.92,213.87,42.2,24.93
2021-02-13 10:00:00,77.85,162.49,32.49,28.51
2021-02-13 11:00:00,76.15,157.88,30.38,29.4
2021-02-13 12:00:00,78.28,250.0,35.75,29.67
2021-02-13 13:00:00,80.0,251.55,41.99,29.57
2021-02-13 14:00:00,53.53,220.28,48.02,28.48
2021-02-13 15:00:00,47.3,268.35,55.11,27.45
2021-02-13 16:00:00,47.2,277.26,59.89,26.83
2021-02-13 17:00:00,10.42,237.86,61.62,26.25
2021-02-13 18:00:00,32.67,192.18,72.52,24.64
2021-02-13 19:00:00,262.67,284.14,76.91,23.84
2021-02-13 20:00:00,39.101246548985316,196.97,73.92,23.55
2021-02-13 21:00:00,41.89113839118032,152.0,73.45,23.02
2021-02-13 22:00:00,36.8,152.0,75.09,22.77
2021-02-13 23:00:00,129.97,167.51,76.75,22.56
2021-02-14 00:00:00,40.86,161.93,75.12,22.36
2021-02-14 01:00:00,48.956735993676624,160.22500000000002,74.68,22.23
2021-02-14 02:00:00,37.628972583776836,158.52,76.1,21.82
2021-02-14 03:00:00,36.807896469112684,127.0,77.03,21.4
2021-02-14 04:00:00,39.07874194470371,134.67,78.1,21.18
2021-02-14 05:00:00,38.267076799199245,169.71,78.62,20.8
2021-02-14 06:00:00,38.1604694033212,120.49,76.69,20.66
2021-02-14 07:00:00,30.46,101.32,74.44,20.8
2021-02-14 08:00:00,56.3,173.19,68.12,22.53
2021-02-14 09:00:00,60.0,196.19,65.59,23.91
2021-02-14 10:00:00,32.15,135.0,54.9,26.06
2021-02-14 11:00:00,34.0,172.14,49.61,28.31
2021-02-14 12:00:00,33.36,166.03,44.33,29.66
2021-02-14 13:00:00,38.72,196.71,56.16,28.51
2021-02-14 14:00:00,43.0,238.47,56.38,28.45
2021-02-14 15:00:00,36.73,221.07,60.17,27.88
2021-02-14 16:00:00,23.43,208.22,57.03,27.56
2021-02-14 17:00:00,38.0,213.51,59.27,26.1
2021-02-14 18:00:00,48.48,218.8,62.09,25.06
2021-02-14 19:00:00,40.0,225.63,67.84,24.17
2021-02-14 20:00:00,37.93544308925992,226.0,59.83,23.85
2021-02-14 21:00:00,39.71161409193248,176.0,64.82,23.21
2021-02-14 22:00:00,35.42070001264613,152.78,66.21,22.89
2021-02-14 23:00:00,30.163863896545145,124.0,60.84,22.7
2021-02-15 00:00:00,27.83059208481519,132.48,58.73,22.5
2021-02-15 01:00:00,30.39345568404695,121.84,63.85,22.22
2021-02-15 02:00:00,26.19083428071337,79.0,68.98,21.66
2021-02-15 03:00:00,19.405608920032822,72.47,72.42,21.23
2021-02-15 04:00:00,20.31805070062125,66.24,75.87,21.04
2021-02-15 05:00:00,20.586504269474634,65.03,77.34,21.07
2021-02-15 06:00:00,24.087729988942467,56.0,77.83,20.88
2021-02-15 07:00:00,23.624723685917964,102.0,77.33,21.34
2021-02-15 08:00:00,22.638300234145696,100.25,76.6,21.84
2021-02-15 09:00:00,18.902797286606624,108.86,67.4,23.91
2021-02-15 10:00:00,19.540877198869502,129.09,55.73,25.94
2021-02-15 11:00:00,19.826587220809536,149.32,55.93,27.12
2021-02-15 12:00:00,29.705730447626152,189.18,56.19,27.26
2021-02-15 13:00:00,19.43,183.0,61.59,27.3
2021-02-15 14:00:00,16.0,163.0,61.74,27.35
2021-02-15 15:00:00,15.0,165.86,64.31,27.0
2021-02-15 16:00:00,32.61,178.76,57.4,26.75
2021-02-15 17:00:00,59.45,307.0,66.72,24.82
2021-02-15 18:00:00,65.0,224.97,71.32,23.88
2021-02-15 19:00:00,69.0,244.94,74.6,23.1
2021-02-15 20:00:00,56.0,196.33,70.97,22.94
2021-02-15 21:00:00,47.87,157.19,73.0,22.46
2021-02-15 22:00:00,46.45,168.82,76.28,22.19
2021-02-15 23:00:00,51.07,142.28,79.84,21.84
2021-02-16 00:00:00,38.86,99.0,82.01,21.66
2021-02-16 01:00:00,37.0,89.25,83.39,21.41
2021-02-16 02:00:00,22.75,71.72,85.5,21.17
2021-02-16 03:00:00,31.18,63.0,87.57,20.98
2021-02-16 04:00:00,22.71,66.0,89.19,20.75
2021-02-16 05:00:00,32.55,70.85,90.04,20.66
2021-02-16 06:00:00,27.36,68.5,89.75,20.67
2021-02-16 07:00:00,31.78,76.0,90.02,20.48
2021-02-16 08:00:00,29.0,84.12,87.1,21.51
2021-02-16 09:00:00,37.5,96.0,77.11,23.77
2021-02-16 10:00:00,31.47,123.0,65.64,25.51
2021-02-16 11:00:00,37.7,121.75,63.25,27.18
2021-02-16 12:00:00,36.23,175.0,67.67,26.18
2021-02-16 13:00:00,49.0,155.0,67.63,26.3
2021-02-16 14:00:00,34.78,130.0,66.66,26.08
2021-02-16 15:00:00,32.07,218.0,67.62,25.68
2021-02-16 16:00:00,35.23,192.0,70.28,24.7
2021-02-16 17:00:00,48.0,219.0,72.25,23.88
2021-02-16 18:00:00,48.0,181.0,77.07,22.78
2021-02-16 19:00:00,37.15,114.0,79.66,22.46
2021-02-16 20:00:00,39.0,135.0,79.4,22.37
2021-02-16 21:00:00,47.67,143.76,77.14,22.33
2021-02-16 22:00:00,56.0,149.0,75.1,22.17
2021-02-16 23:00:00,41.142928255241806,147.0,76.815,21.815
2021-02-17 00:00:00,48.03,145.0,78.53,21.46
2021-02-17 01:00:00,42.0,112.5,80.525,21.200000000000003
2021-02-17 02:00:00,30.0,80.0,82.52,20.94
2021-02-17 03:00:00,30.88,56.06,84.51,20.71
2021-02-17 04:00:00,13.0,38.0,85.83,20.6
2021-02-17 05:00:00,8.6,53.71,86.37,20.41
2021-02-17 06:00:00,16.0,68.62,86.49,20.03
2021-02-17 07:00:00,41.89,117.0,85.5,20.27
2021-02-17 08:00:00,45.96,157.0,78.12,21.81
2021-02-17 09:00:00,33.0,120.08,69.405,23.215
2021-02-17 10:00:00,8.0,83.16,60.69,24.62
2021-02-17 11:00:00,27.04,105.0,50.14,28.64
2021-02-17 12:00:00,33.0,139.5,56.230000000000004,27.83
2021-02-17 13:00:00,29.07,174.0,62.32,27.02
2021-02-17 14:00:00,29.93,180.03,61.14,27.0
2021-02-17 15:00:00,28.2,194.25,63.92,26.4
2021-02-17 16:00:00,18.0,174.79,64.49,26.12
2021-02-17 17:00:00,36.0,158.38,65.57,25.63
2021-02-17 18:00:00,49.34,177.21,67.15,24.34
2021-02-17 19:00:00,66.0,203.0,70.56,23.74
2021-02-17 20:00:00,58.0,208.125,71.575,23.475
2021-02-17 21:00:00,76.0,213.25,72.59,23.21
2021-02-17 22:00:00,95.0,239.45,73.34,22.73
2021-02-17 23:00:00,100.15,274.27,76.07,21.84
2021-02-18 00:00:00,113.0,273.57,76.67,21.89
2021-02-18 01:00:00,113.0,317.33,78.78,22.02
2021-02-18 02:00:00,123.72,326.42,81.51,21.62
2021-02-18 03:00:00,101.69,196.39,84.95,21.19
2021-02-18 04:00:00,77.22,199.12,85.45,20.81
2021-02-18 05:00:00,129.64,522.81,83.34,20.99
2021-02-18 06:00:00,98.52,319.46,80.97,20.97
2021-02-18 07:00:00,105.15,231.0,78.89,21.22
2021-02-18 08:00:00,109.43,251.58,72.56,22.25
2021-02-18 09:00:00,118.05,278.31,64.94,23.69
2021-02-18 10:00:00,84.0,260.0,51.96,27.21
2021-02-18 11:00:00,71.0,172.0,45.86,29.3
2021-02-18 12:00:00,65.57,186.78,43.95,30.18
2021-02-18 13:00:00,73.0,190.52,47.71,30.12
2021-02-18 14:00:00,70.43572329824832,241.26,50.07,29.884999999999998
2021-02-18 15:00:00,93.15,292.0,52.43,29.65
2021-02-18 16:00:00,93.66,292.33,56.22,28.7
2021-02-18 17:00:00,75.81,292.0,61.12,27.28
2021-02-18 18:00:00,62.14,304.33,66.4,26.09
2021-02-18 19:00:00,70.67,260.21,68.53,25.59
2021-02-18 20:00:00,87.0,213.0,69.84,21.65
2021-02-18 21:00:00,53.0,318.08,75.25,21.13
2021-02-18 22:00:00,29.0,59.0,71.57,21.41
2021-02-18 23:00:00,22.79,55.92,63.72,22.45
2021-02-19 00:00:00,20.0,54.57,60.67,22.68
2021-02-19 01:00:00,24.0,59.0,65.56,22.41
2021-02-19 02:00:00,26.0,89.0,68.92,21.91
2021-02-19 03:00:00,54.0,102.85,68.18,21.64
2021-02-19 04:00:00,39.0,82.33,68.92,21.14
2021-02-19 05:00:00,30.48,71.23,69.6,20.94
2021-02-19 06:00:00,36.48,75.6,65.58,21.28
2021-02-19 07:00:00,30.89,78.92,62.96,21.62
2021-02-19 08:00:00,42.0,104.46000000000001,59.86,22.740000000000002
2021-02-19 09:00:00,41.0,130.0,56.76,23.86
2021-02-19 10:00:00,40.3,122.29,51.91,25.68
2021-02-19 11:00:00,43.33,127.0,47.19,27.43
2021-02-19 12:00:00,34.93,110.21,42.21,28.86
2021-02-19 13:00:00,34.0,89.83,39.69,29.97
2021-02-19 14:00:00,32.45,83.66,37.2,31.1
2021-02-19 15:00:00,38.74,180.0,47.25,29.2
2021-02-19 16:00:00,50.78,261.79,52.22,28.18
2021-02-19 17:00:00,63.24,249.0,59.39,26.57
2021-02-19 18:00:00,36.52,194.0,59.86,25.7
2021-02-19 19:00:00,43.0,190.92,59.61,25.3
2021-02-19 20:00:00,50.34,158.0,56.67,25.11
2021-02-19 21:00:00,58.36,182.0,56.03,24.72
2021-02-19 22:00:00,63.0,275.0,59.78,24.42
2021-02-19 23:00:00,72.86,235.69,66.68,23.69
2021-02-20 00:00:00,71.0,217.0,69.95,23.06
2021-02-20 01:00:00,66.0,202.92,71.75,22.59
2021-02-20 02:00:00,70.75,179.44,74.39,21.96
2021-02-20 03:00:00,79.22,168.0,67.84,21.72
2021-02-20 04:00:00,68.7,154.0,64.75,21.63
2021-02-20 05:00:00,68.0,129.33,65.09,21.38
2021-02-20 06:00:00,58.0,117.38,61.84,21.66
2021-02-20 07:00:00,43.57,100.29,56.81,22.07
2021-02-20 08:00:00,39.04,102.565,53.14,23.36
2021-02-20 09:00:00,45.0,104.84,49.86,24.46
2021-02-20 10:00:00,25.7,112.93,41.0,26.64
2021-02-20 11:00:00,22.0,100.62,37.66,28.02
2021-02-20 12:00:00,27.0,116.0,35.89,28.88
2021-02-20 13:00:00,29.43,97.59,34.5,29.66
2021-02-20 14:00:00,31.11,68.0,31.57,30.53
2021-02-20 15:00:00,25.93,67.23,33.06,31.09
2021-02-20 16:00:00,25.0,166.0,49.87,27.59
2021-02-20 17:00:00,32.0,219.19,52.27,26.73
2021-02-20 18:00:00,28.82,201.96,55.95,26.07
2021-02-20 19:00:00,38.55,176.31,57.56,25.46
2021-02-20 20:00:00,38.06,155.0,59.47,24.78
2021-02-20 21:00:00,67.0,192.0,59.09,24.77
2021-02-20 22:00:00,70.27,227.46,51.47,24.99
2021-02-20 23:00:00,86.0,224.9,45.33,25.34
2021-02-21 00:00:00,53.91,141.0,45.21,25.16
2021-02-21 01:00:00,40.14,123.27,45.48,24.78
2021-02-21 02:00:00,29.0,90.38,43.05,25.36
2021-02-21 03:00:00,28.0,75.69,46.224999999999994,24.575
2021-02-21 04:00:00,26.82,61.0,49.4,23.79
2021-02-21 05:00:00,38.64,80.5,51.54,23.18
2021-02-21 06:00:00,58.7,117.0,52.8,22.91
2021-02-21 07:00:00,57.78,107.02,52.12,23.24
2021-02-21 08:00:00,68.0,122.41,50.55,24.02
2021-02-21 09:00:00,48.0,122.29,46.3,25.86
2021-02-21 10:00:00,45.96,118.0,42.37,27.98
2021-02-21 11:00:00,32.89,126.0,37.76,30.23
2021-02-21 12:00:00,37.63,117.88,36.6,30.74
2021-02-21 13:00:00,33.0,99.0,33.23,31.73
2021-02-21 14:00:00,35.3,91.0,31.46,32.29
2021-02-21 15:00:00,39.14,78.0,34.75,32.73
2021-02-21 16:00:00,39.11,94.79,38.44,31.59
2021-02-21 17:00:00,34.43,143.0,45.02,29.26
2021-02-21 18:00:00,40.37,147.0,46.815,28.04
2021-02-21 19:00:00,45.0,151.0,48.61,26.82
2021-02-21 20:00:00,50.0,156.5,47.275,26.59
2021-02-21 21:00:00,56.33,162.0,45.94,26.36
2021-02-21 22:00:00,52.0,187.04666666666665,49.589999999999996,25.566666666666666
2021-02-21 23:00:00,59.0,212.09333333333333,53.24,24.773333333333333
2021-02-22 00:00:00,87.0,237.14,56.89,23.98
2021-02-22 01:00:00,77.0,213.0,55.47,24.02
2021-02-22 02:00:00,72.3,177.0,52.11,24.04
2021-02-22 03:00:00,61.36,142.5,52.03,24.115000000000002
2021-02-22 04:00:00,52.0,108.0,51.95,24.19
2021-02-22 05:00:00,64.45,108.93,53.22,23.85
2021-02-22 06:00:00,69.77,131.0,52.39,23.86
2021-02-22 07:00:00,66.92,117.0,53.28,23.69
2021-02-22 08:00:00,66.0,163.0,50.5,25.56
2021-02-22 09:00:00,80.0,163.79,48.23,26.6
2021-02-22 10:00:00,62.75,148.0,43.26,29.72
2021-02-22 11:00:00,32.0,93.0,41.76,30.52
2021-02-22 12:00:00,27.0,113.04,40.14,31.54
2021-02-22 13:00:00,43.39,123.62,37.3,32.52
2021-02-22 14:00:00,48.89,134.0,44.63,31.24
2021-02-22 15:00:00,52.22,276.5,44.42,30.92
2021-02-22 16:00:00,42.0,294.0,47.96,30.1
2021-02-22 17:00:00,45.04,313.0,49.98,29.06
2021-02-22 18:00:00,48.47,294.78,53.86,27.91
2021-02-22 19:00:00,34.0,185.0,58.7,26.91
2021-02-22 20:00:00,37.57,140.0,55.42,26.3
2021-02-22 21:00:00,47.34,142.31,53.78,26.06
2021-02-22 22:00:00,55.21,145.0,51.91,26.1
2021-02-22 23:00:00,58.0,181.03,53.44,25.55
2021-02-23 00:00:00,39.594247358726015,180.28,54.445,24.995
2021-02-23 01:00:00,72.22,179.53,55.45,24.44
2021-02-23 02:00:00,125.0,350.0,57.4,24.0
2021-02-23 03:00:00,127.0,440.0,59.16,23.41
2021-02-23 04:00:00,70.0,228.94,63.31,22.89
2021-02-23 05:00:00,70.0,147.71,64.88,22.55
2021-02-23 06:00:00,86.0,286.55,67.62,22.43
2021-02-23 07:00:00,91.97,193.0,65.87,23.46
2021-02-23 08:00:00,141.0,280.0,55.92,25.02
2021-02-23 09:00:00,109.7,228.0,48.9,27.32
2021-02-23 10:00:00,106.03,205.0,49.42,28.52
2021-02-23 11:00:00,87.66,204.0,43.32,30.73
2021-02-23 12:00:00,67.43,208.0,33.74,33.14
2021-02-23 13:00:00,63.91,169.61,43.05,32.45
2021-02-23 14:00:00,98.0,280.805,43.334999999999994,31.955000000000002
2021-02-23 15:00:00,132.07,392.0,43.62,31.46
2021-02-23 16:00:00,129.44,361.47,40.27,31.66
2021-02-23 17:00:00,86.69,288.16,49.95,29.9
2021-02-23 18:00:00,81.37,267.57,53.19,28.04
2021-02-23 19:00:00,72.0,235.12,45.7,27.53
2021-02-23 20:00:00,67.63,205.03,43.88,27.57
2021-02-23 21:00:00,78.11,199.93,46.28,26.98
2021-02-23 22:00:00,92.44,245.0,51.45,26.08
2021-02-23 23:00:00,94.85,257.32,52.69,25.91
2021-02-24 00:00:00,96.01,277.22,56.67,25.03
2021-02-24 01:00:00,123.23,336.0,62.78,23.75
2021-02-24 02:00:00,136.0,327.43,63.87,23.69
2021-02-24 03:00:00,162.84,486.0,65.53,23.77
2021-02-24 04:00:00,133.18,274.0,71.59,22.96
2021-02-24 05:00:00,116.55,280.0,71.81,22.84
2021-02-24 06:00:00,112.19,239.14,71.28,22.92
2021-02-24 07:00:00,127.59,280.57,66.38,24.325000000000003
2021-02-24 08:00:00,134.09,322.0,61.48,25.73
2021-02-24 09:00:00,151.37,338.12,54.24,27.32
2021-02-24 10:00:00,145.78,313.0,41.69,29.91
2021-02-24 11:00:00,87.84,210.48,34.26,32.33
2021-02-24 12:00:00,60.85,129.0,31.06,34.05
2021-02-24 13:00:00,59.0,134.71,38.98,33.02
2021-02-24 14:00:00,94.92,287.0,38.98,32.34
2021-02-24 15:00:00,92.73,317.72,38.26,32.31
2021-02-24 16:00:00,77.0,264.8,34.63,32.48
2021-02-24 17:00:00,83.81,262.12,36.61,31.09
2021-02-24 18:00:00,77.0,258.0,39.57,29.62
2021-02-24 19:00:00,66.0,230.25,42.12,28.59
2021-02-24 20:00:00,64.34,219.14,42.38,28.3
2021-02-24 21:00:00,81.0,190.03,43.25,27.73
2021-02-24 22:00:00,99.0,234.0,45.7,26.64
2021-02-24 23:00:00,97.15,276.23,50.47,25.51
2021-02-25 00:00:00,135.57,358.11,48.31,25.9
2021-02-25 01:00:00,103.0,233.0,53.81,24.84
2021-02-25 02:00:00,136.0,515.0,64.48,24.0
2021-02-25 03:00:00,115.24,250.0,59.2,24.27
2021-02-25 04:00:00,88.0,166.0,60.53,23.52
2021-02-25 05:00:00,88.0,152.46,61.8,22.98
2021-02-25 06:00:00,70.38690436356691,177.73000000000002,62.175,23.16
2021-02-25 07:00:00,101.1,203.0,62.55,23.34
2021-02-25 08:00:00,98.01,220.63,53.25,25.61
2021-02-25 09:00:00,106.77,266.0,41.32,28.36
2021-02-25 10:00:00,93.71,213.78,36.04,30.77
2021-02-25 11:00:00,90.0,198.21,33.54,31.37
2021-02-25 12:00:00,78.0,201.0,37.87,32.64
2021-02-25 13:00:00,74.94,205.0,38.03,32.48
2021-02-25 14:00:00,63.0,245.0,37.5,32.56
2021-02-25 15:00:00,54.61,300.72,41.13,31.5
2021-02-25 16:00:00,49.7,249.0,42.33,30.54
2021-02-25 17:00:00,48.62,225.0,45.83,29.12
2021-02-25 18:00:00,52.0,242.66,46.58,28.22
2021-02-25 19:00:00,34.32,144.0,43.64,27.35
2021-02-25 20:00:00,28.0,127.0,45.62,27.05
2021-02-25 21:00:00,32.53,123.0,46.12,26.81
2021-02-25 22:00:00,44.47,135.24,46.39,26.01
2021-02-25 23:00:00,30.77,147.0,50.72,24.81
2021-02-26 00:00:00,41.0,189.86,54.56,24.56
2021-02-26 01:00:00,76.68,255.39,73.96,24.01
2021-02-26 02:00:00,49.0,226.97,78.86,23.69
2021-02-26 03:00:00,53.55,107.0,81.15,23.12
2021-02-26 04:00:00,46.91,100.57,82.53,22.8
2021-02-26 05:00:00,41.0,83.48,82.37,22.54
2021-02-26 06:00:00,46.47,89.0,62.48,22.95
2021-02-26 07:00:00,49.54,101.33,56.04,23.1
2021-02-26 08:00:00,56.77,141.0,58.37,25.48
2021-02-26 09:00:00,64.37,143.57,42.9,27.05
2021-02-26 10:00:00,50.45,169.0,33.26,30.43
2021-02-26 11:00:00,55.11,151.34,30.39,31.16
2021-02-26 12:00:00,40.43,213.0,32.44,32.21
2021-02-26 13:00:00,32.45,181.75,39.25,32.04
2021-02-26 14:00:00,35.0,191.0,38.66,31.91
2021-02-26 15:00:00,35.0,199.0,32.91,32.15
2021-02-26 16:00:00,25.58,205.0,38.02,30.62
2021-02-26 17:00:00,32.69,190.53,38.36,29.78
2021-02-26 18:00:00,31.0,180.65,43.32,28.05
2021-02-26 19:00:00,31.62,176.09,52.61,26.19
2021-02-26 20:00:00,38.7,153.27,59.61,25.3
2021-02-26 21:00:00,35.0,151.77,68.61,24.61
2021-02-26 22:00:00,33.16,152.0,73.28,24.07
2021-02-26 23:00:00,32.81,132.72,74.47,23.77
2021-02-27 00:00:00,26.0,104.48,74.85,23.55
2021-02-27 01:00:00,26.16,97.0,78.26,22.72
2021-02-27 02:00:00,23.159524433427798,103.6,74.00777777777779,23.60222222222222
2021-02-27 03:00:00,24.158276508978606,110.2,69.75555555555556,24.484444444444442
2021-02-27 04:00:00,26.726118710039284,116.8,65.50333333333333,25.366666666666667
2021-02-27 05:00:00,22.96536901075659,123.4,61.251111111111115,26.24888888888889
2021-02-27 06:00:00,23.420044027884803,130.0,56.99888888888889,27.13111111111111
2021-02-27 07:00:00,38.45973607906225,136.6,52.74666666666667,28.013333333333332
2021-02-27 08:00:00,41.01798773864644,143.2,48.49444444444445,28.895555555555553
2021-02-27 09:00:00,49.560423436995244,149.8,44.242222222222225,29.77777777777778
2021-02-27 10:00:00,59.78,156.4,39.99,30.66
2021-02-27 11:00:00,56.38,163.0,49.18,30.98
2021-02-27 12:00:00,52.33,186.65,52.4,30.44
2021-02-27 13:00:00,43.92,201.18,57.16,30.2
2021-02-27 14:00:00,43.16,202.38,52.21,30.49
2021-02-27 15:00:00,43.55,235.48,50.13,30.7
2021-02-27 16:00:00,40.48,224.42,42.42,30.93
2021-02-27 17:00:00,33.46,175.28,41.56,30.38
2021-02-27 18:00:00,27.37,169.85333333333332,43.11,29.46
2021-02-27 19:00:00,31.78,164.42666666666668,44.660000000000004,28.54
2021-02-27 20:00:00,34.06,159.0,46.21,27.62
2021-02-27 21:00:00,47.05,176.0,44.86,27.55
2021-02-27 22:00:00,60.31,177.0,48.97,25.88
2021-02-27 23:00:00,64.0,160.26749999999998,53.9975,25.335
2021-02-28 00:00:00,58.79,143.535,59.025,24.79
2021-02-28 01:00:00,29.0,126.8025,64.0525,24.244999999999997
2021-02-28 02:00:00,23.0,110.07,69.08,23.7
2021-02-28 03:00:00,21.1,110.91636363636363,66.63545454545455,24.537272727272725
2021-02-28 04:00:00,31.44,111.76272727272726,64.19090909090909,25.374545454545455
2021-02-28 05:00:00,12.0,112.60909090909091,61.74636363636363,26.21181818181818
2021-02-28 06:00:00,39.52,113.45545454545454,59.30181818181818,27.049090909090907
2021-02-28 07:00:00,84.94,114.30181818181818,56.85727272727272,27.886363636363633
2021-02-28 08:00:00,96.0,115.14818181818181,54.41272727272727,28.723636363636363
2021-02-28 09:00:00,85.0,115.99454545454545,51.96818181818182,29.56090909090909
2021-02-28 10:00:00,67.15,116.84090909090908,49.523636363636356,30.398181818181815
2021-02-28 11:00:00,66.02,117.68727272727273,47.07909090909091,31.235454545454544
2021-02-28 12:00:00,36.0,118.53363636363636,44.634545454545446,32.07272727272727
2021-02-28 13:00:00,51.24,119.38,42.19,32.91
2021-02-28 14:00:00,66.0,193.19,40.69,32.974999999999994
2021-02-28 15:00:00,72.0,267.0,39.19,33.04
2021-02-28 16:00:00,57.84,229.0,40.7,32.195
2021-02-28 17:00:00,56.0,191.0,42.21,31.35
2021-02-28 18:00:00,41.18,174.33499999999998,43.260000000000005,30.060000000000002
2021-02-28 19:00:00,23.35,157.67,44.31,28.77
2021-02-28 20:00:00,40.16,181.89166666666665,45.678333333333335,28.235
2021-02-28 21:00:00,41.47,206.11333333333332,47.04666666666667,27.7
2021-02-28 22:00:00,73.31,230.33499999999998,48.415000000000006,27.165
2021-02-28 23:00:00,132.0,254.55666666666667,49.78333333333334,26.63
2021-03-01 00:00:00,209.75,278.7783333333333,51.15166666666667,26.095
2021-03-01 01:00:00,136.36,303.0,52.52,25.56
2021-03-01 02:00:00,57.69,277.8957142857143,52.892857142857146,25.555714285714284
2021-03-01 03:00:00,42.31,252.79142857142858,53.26571428571429,25.55142857142857
2021-03-01 04:00:00,44.63,227.68714285714285,53.63857142857143,25.547142857142855
2021-03-01 05:00:00,20.79,202.58285714285714,54.011428571428574,25.542857142857144
2021-03-01 06:00:00,16.1,177.47857142857143,54.38428571428572,25.53857142857143
2021-03-01 07:00:00,54.55,152.3742857142857,54.75714285714286,25.534285714285716
2021-03-01 08:00:00,85.37,127.27,55.13,25.53
2021-03-01 09:00:00,90.0,217.0,40.87,30.67
2021-03-01 10:00:00,105.74,226.75,36.28,32.19
2021-03-01 11:00:00,42.69,164.73,36.66,33.8
2021-03-01 12:00:00,41.92,240.07,44.47,33.33
2021-03-01 13:00:00,79.12,310.16,42.87,33.37
2021-03-01 14:00:00,55.0,379.85,40.4,33.56
2021-03-01 15:00:00,55.39,254.38,39.24,33.4
2021-03-01 16:00:00,60.16,278.55,40.98,32.72
2021-03-01 17:00:00,61.85,250.05,45.64,31.13
2021-03-01 18:00:00,59.92,221.81,46.55,29.74
2021-03-01 19:00:00,58.41,240.47,52.63,28.29
2021-03-01 20:00:00,52.5,297.42,60.67,27.45
2021-03-01 21:00:00,71.0,237.14,60.72,27.08
2021-03-01 22:00:00,71.78,216.3,61.3,26.17
2021-03-01 23:00:00,83.83,291.0,63.72,25.24
2021-03-02 00:00:00,121.83,539.39,64.51,25.09
2021-03-02 01:00:00,154.95,546.49,67.68,24.63
2021-03-02 02:00:00,122.32,430.15,67.31,24.6
2021-03-02 03:00:00,87.06,304.41,67.34,23.94
2021-03-02 04:00:00,70.89,198.9,69.53,23.21
2021-03-02 05:00:00,146.5,294.73,70.94,22.62
2021-03-02 06:00:00,71.24,220.45,69.97,22.59
2021-03-02 07:00:00,100.08,218.56,70.88,23.2
2021-03-02 08:00:00,102.7,246.0,51.82,28.25
2021-03-02 09:00:00,122.46,265.17,46.95,29.91
2021-03-02 10:00:00,114.14,267.94,37.56,32.38
2021-03-02 11:00:00,85.42,211.24,18.96,34.31
2021-03-02 12:00:00,10.38,154.27,37.86,33.24
2021-03-02 13:00:00,50.84,200.08,34.59,33.65
2021-03-02 14:00:00,37.08,195.17,31.41,33.64
2021-03-02 15:00:00,38.08,266.21,30.53,33.21
2021-03-02 16:00:00,38.53,280.27,33.19,32.34
2021-03-02 17:00:00,32.78,219.4,34.48,31.0
2021-03-02 18:00:00,30.8,186.53,36.2,29.07
2021-03-02 19:00:00,40.15,182.8,37.61,27.58
2021-03-02 20:00:00,29.38,147.28,31.3,27.25
2021-03-02 21:00:00,22.77,109.59,30.67,26.66
2021-03-02 22:00:00,33.7,136.72,32.5,25.31
2021-03-02 23:00:00,45.87,183.43,36.61,25.08
2021-03-03 00:00:00,95.04,219.38,41.06,24.36
2021-03-03 01:00:00,105.45,365.28,42.73,23.97
2021-03-03 02:00:00,72.64,262.89,42.59,23.99
2021-03-03 03:00:00,45.16,124.16,39.35,23.63
2021-03-03 04:00:00,46.07,94.6,38.61,23.31
2021-03-03 05:00:00,38.5,96.58,41.55,22.68
2021-03-03 06:00:00,79.99,129.0,49.84,21.5
2021-03-03 07:00:00,58.31,135.88,44.45,22.73
2021-03-03 08:00:00,88.48,163.97,37.84,25.36
2021-03-03 09:00:00,93.71,187.28,32.33,28.55
2021-03-03 10:00:00,87.92,199.63,26.59,30.9
2021-03-03 11:00:00,62.08,146.0,25.5,33.97
2021-03-03 12:00:00,61.84,159.7,21.18,35.62
2021-03-03 13:00:00,50.02,134.21,30.83,35.14
2021-03-03 14:00:00,75.93,205.21,28.7,36.55
2021-03-03 15:00:00,74.61,307.58,37.19,35.03
2021-03-03 16:00:00,69.84,302.9,40.48,32.73
2021-03-03 17:00:00,68.83,335.0,48.3,29.96
2021-03-03 18:00:00,78.86,280.45,59.74,27.43
2021-03-03 19:00:00,76.17,230.5,64.2,26.15
2021-03-03 20:00:00,66.31,219.39,65.27,25.83
2021-03-03 21:00:00,70.3,210.12,65.34,25.5
2021-03-03 22:00:00,73.63,209.52,66.44,25.05
2021-03-03 23:00:00,68.55,205.43,70.81,24.21
2021-03-04 00:00:00,62.92,235.6,72.73,23.71
2021-03-04 01:00:00,65.66,230.0,64.86,24.04
2021-03-04 02:00:00,121.44,410.38,56.26,23.96
2021-03-04 03:00:00,67.62,225.73,57.18,23.19
2021-03-04 04:00:00,74.77,144.65,61.2,22.44
2021-03-04 05:00:00,71.85,146.06,64.66,22.63
2021-03-04 06:00:00,71.7,163.81,67.28,22.73
2021-03-04 07:00:00,93.47,200.97,62.78,23.07
2021-03-04 08:00:00,111.85,223.22,52.64,25.18
2021-03-04 09:00:00,120.14,242.0,34.46,29.99
2021-03-04 10:00:00,94.22,216.01,24.43,33.48
2021-03-04 11:00:00,39.52,140.0,20.35,35.25
2021-03-04 12:00:00,45.69,130.07,17.98,36.95
2021-03-04 13:00:00,44.4,128.53,35.56,34.3
2021-03-04 14:00:00,72.38,220.33,32.09,33.54
2021-03-04 15:00:00,64.7,265.0,30.96,33.42
2021-03-04 16:00:00,60.41,271.11,29.54,33.06
2021-03-04 17:00:00,52.3,202.91,31.93,31.92
2021-03-04 18:00:00,46.24,174.89,35.55,30.58
2021-03-04 19:00:00,75.17,214.25,43.38,28.91
2021-03-04 20:00:00,100.15,315.0,52.23,27.36
2021-03-04 21:00:00,92.17,272.38,55.63,26.59
2021-03-04 22:00:00,120.9,296.43,57.69,26.28
2021-03-04 23:00:00,134.07,293.54,63.88,25.01
2021-03-05 00:00:00,134.0,329.34,67.95,24.93
2021-03-05 01:00:00,118.67,269.06,75.01,24.26
2021-03-05 02:00:00,80.52,181.63,80.39,23.88
2021-03-05 03:00:00,100.23,176.21,80.55,23.17
2021-03-05 04:00:00,104.61,165.54,81.06,22.55
2021-03-05 05:00:00,124.08,297.0,80.0,22.3
2021-03-05 06:00:00,135.84,277.9,78.77,22.02
2021-03-05 07:00:00,124.47,240.76,75.87,22.9
2021-03-05 08:00:00,154.37,266.01,59.86,26.83
2021-03-05 09:00:00,158.0,276.5,44.87,31.02
2021-03-05 10:00:00,137.88,223.86,20.92,33.29
2021-03-05 11:00:00,40.85,132.08,18.65,34.55
2021-03-05 12:00:00,41.18,111.82,27.96,34.79
2021-03-05 13:00:00,75.01,194.74,38.73,33.15
2021-03-05 14:00:00,89.47,228.0,37.94,31.87
2021-03-05 15:00:00,54.49,264.53,38.93,32.37
2021-03-05 16:00:00,46.23,270.67,38.73,32.34
2021-03-05 17:00:00,35.23,194.41,51.25,30.06
2021-03-05 18:00:00,38.62,234.17,51.04,28.71
2021-03-05 19:00:00,46.3,252.05,52.71,27.51
2021-03-05 20:00:00,50.72,239.64,58.62,26.34
2021-03-05 21:00:00,61.02,213.62,64.41,25.74
2021-03-05 22:00:00,76.31,197.67,70.16,25.4
2021-03-05 23:00:00,79.55,189.91,78.42,24.88
2021-03-06 00:00:00,73.25,107.0,83.36,24.47
2021-03-06 01:00:00,63.92,154.24,82.59,24.38
2021-03-06 02:00:00,61.92,169.0,86.71,23.98
2021-03-06 03:00:00,49.39,169.76,88.77,23.64
2021-03-06 04:00:00,53.61,141.28,90.02,23.45
2021-03-06 05:00:00,50.08,119.57,90.32,22.97
2021-03-06 06:00:00,62.93,119.48,90.67,22.94
2021-03-06 07:00:00,64.86,124.35,90.76,23.29
2021-03-06 08:00:00,98.77,149.65,88.0,24.25
2021-03-06 09:00:00,93.11,157.39,76.83,26.62
2021-03-06 10:00:00,57.62,131.15,65.63,28.99
2021-03-06 11:00:00,77.15,162.14,58.45,30.69
2021-03-06 12:00:00,79.0,176.52,54.81,31.68
2021-03-06 13:00:00,70.19004906146495,197.62,61.81,30.37
2021-03-06 14:00:00,67.61,155.0,63.91,29.58
2021-03-06 15:00:00,61.46,168.0,59.29,29.7
2021-03-06 16:00:00,53.74,156.57,59.76,29.04
2021-03-06 17:00:00,38.55,172.79,60.07,28.59
2021-03-06 18:00:00,32.32,174.43,58.52,27.58
2021-03-06 19:00:00,37.22,146.0,72.5,26.02
2021-03-06 20:00:00,40.19,129.97,79.38,25.29
2021-03-06 21:00:00,43.0,140.22,83.03,24.78
2021-03-06 22:00:00,43.38,141.96,85.34,24.13
2021-03-06 23:00:00,48.54,140.24,86.85,23.8
2021-03-07 00:00:00,55.16,178.0,86.96,23.23
2021-03-07 01:00:00,57.31,149.81,86.63,23.22
2021-03-07 02:00:00,61.16,150.9,85.98,23.18
2021-03-07 03:00:00,62.74,130.32,88.06,22.57
2021-03-07 04:00:00,62.09,125.64,85.8,22.09
2021-03-07 05:00:00,95.98,193.53,87.09,22.25
2021-03-07 06:00:00,59.69,147.78,90.93,22.02
2021-03-07 07:00:00,57.94,140.68,84.1,22.44
2021-03-07 08:00:00,84.25,180.81,69.43,26.2
2021-03-07 09:00:00,109.3,204.57,47.12,29.26
2021-03-07 10:00:00,97.54,152.07,33.21,31.57
2021-03-07 11:00:00,55.61,126.65,26.16,33.27
2021-03-07 12:00:00,38.1,112.0,20.73,33.86
2021-03-07 13:00:00,27.6,86.69,26.41,33.96
2021-03-07 14:00:00,34.94,151.76,24.58,34.19
2021-03-07 15:00:00,33.69,153.76,24.95,33.41
2021-03-07 16:00:00,29.84,115.72,27.51,32.43
2021-03-07 17:00:00,27.42,120.66,30.89,30.64
2021-03-07 18:00:00,20.31,158.12,38.11,28.76
2021-03-07 19:00:00,24.54,155.91,42.66,27.23
2021-03-07 20:00:00,31.46,138.67,46.1,26.09
2021-03-07 21:00:00,37.8,144.62,49.22,25.4
2021-03-07 22:00:00,47.81,150.79,51.98,24.89
2021-03-07 23:00:00,45.23,129.96,51.93,24.46
2021-03-08 00:00:00,46.92,120.38,47.67,24.4
2021-03-08 01:00:00,35.55,97.43,48.36,23.99
2021-03-08 02:00:00,52.38,91.76,47.05,23.3
2021-03-08 03:00:00,38.99,145.33,49.63,22.58
2021-03-08 04:00:00,110.66,410.38,50.27,22.44
2021-03-08 05:00:00,47.56,93.0,56.63,21.82
2021-03-08 06:00:00,55.08,98.36,54.84,21.61
2021-03-08 07:00:00,71.47,130.47,53.0,22.72
2021-03-08 08:00:00,114.22,216.95,44.13,26.49
2021-03-08 09:00:00,90.06,210.75,39.39,27.64
2021-03-08 10:00:00,55.0,175.21,33.9,30.9
2021-03-08 11:00:00,59.38,140.0,29.88,32.4
2021-03-08 12:00:00,50.73,129.38,47.37,32.23
2021-03-08 13:00:00,35.08,143.57,50.6,32.5
2021-03-08 14:00:00,35.93,206.0,49.96,32.58
2021-03-08 15:00:00,35.23,193.81,46.14,32.5
2021-03-08 16:00:00,37.62,193.03,47.4,31.57
2021-03-08 17:00:00,31.93,167.81,56.6,30.02
2021-03-08 18:00:00,31.58,170.64,57.05,28.14
2021-03-08 19:00:00,39.87,165.28,63.63,26.69
2021-03-08 20:00:00,38.47,161.0,66.19,26.2
2021-03-08 21:00:00,44.72,150.33,69.0,25.31
2021-03-08 22:00:00,55.91,285.27,71.16,25.09
2021-03-08 23:00:00,79.03,306.68,73.15,24.63
2021-03-09 00:00:00,64.83,180.28,76.34,24.52
2021-03-09 01:00:00,38.36,118.24,83.43,23.98
2021-03-09 02:00:00,28.68,75.36,83.12,23.69
2021-03-09 03:00:00,23.92,64.0,76.93,23.63
2021-03-09 04:00:00,23.0,64.0,75.13,23.54
2021-03-09 05:00:00,23.6,67.05,76.03,23.02
2021-03-09 06:00:00,31.77,93.91,80.56,22.42
2021-03-09 07:00:00,42.61,111.3,82.82,22.34
2021-03-09 08:00:00,64.16,166.47,67.05,24.71
2021-03-09 09:00:00,66.95,152.16,55.21,26.45
2021-03-09 10:00:00,83.08,167.38,44.86,29.65
2021-03-09 11:00:00,96.92,203.08,36.13,32.44
2021-03-09 12:00:00,93.88,194.19,34.3,33.0
2021-03-09 13:00:00,69.72,294.12,41.95,33.13
2021-03-09 14:00:00,76.74,303.68,38.55,33.24
2021-03-09 15:00:00,62.54,211.28,35.25,33.06
2021-03-09 16:00:00,68.6,284.94,34.49,32.99
2021-03-09 17:00:00,63.12,242.15,37.63,31.75
2021-03-09 18:00:00,53.0,186.05,42.14,29.79
2021-03-09 19:00:00,53.38,184.28,45.52,28.45
2021-03-09 20:00:00,60.78,179.67,45.43,28.22
2021-03-09 21:00:00,84.59,183.69,46.31,27.66
2021-03-09 22:00:00,114.69,269.0,48.05,26.72
2021-03-09 23:00:00,111.85,296.27,53.33,25.27
2021-03-10 00:00:00,129.39,348.27,56.99,24.52
2021-03-10 01:00:00,207.23,699.57,64.2,24.77
2021-03-10 02:00:00,99.51,328.5,72.91,24.62
2021-03-10 03:00:00,45.23,129.0,77.45,24.27
2021-03-10 04:00:00,33.52,79.53,73.69,24.23
2021-03-10 05:00:00,27.77,54.0,65.92,23.95
2021-03-10 06:00:00,26.47,62.38,68.7,23.41
2021-03-10 07:00:00,45.28,99.28,72.65,23.6
2021-03-10 08:00:00,65.16,157.81,63.59,25.45
2021-03-10 09:00:00,78.74,160.1,51.66,27.55
2021-03-10 10:00:00,75.32,166.0,42.05,30.84
2021-03-10 11:00:00,79.74,183.53,42.06,31.68
2021-03-10 12:00:00,74.14,208.05,47.81,31.61
2021-03-10 13:00:00,46.76,200.34,54.61,31.51
2021-03-10 14:00:00,43.62,196.18,57.81,30.89
2021-03-10 15:00:00,38.0,367.07,59.73,30.59
2021-03-10 16:00:00,38.8,269.9,52.17,30.59
2021-03-10 17:00:00,49.62,193.28,50.93,29.82
2021-03-10 18:00:00,74.47,259.07,54.61,28.35
2021-03-10 19:00:00,102.18,281.95,61.4,26.98
2021-03-10 20:00:00,75.76,232.43,58.23,26.7
2021-03-10 21:00:00,61.13,185.12,55.19,26.45
2021-03-10 22:00:00,65.4,193.22,59.61,25.56
2021-03-10 23:00:00,93.84,281.28,63.89,25.16
2021-03-11 00:00:00,91.06,256.0,68.75,24.94
2021-03-11 01:00:00,79.61,169.48,74.56,24.49
2021-03-11 02:00:00,73.51,126.82,80.37,24.24
2021-03-11 03:00:00,55.03,100.75,81.54,24.11
2021-03-11 04:00:00,43.6,86.38,77.46,23.65
2021-03-11 05:00:00,41.32,135.0,71.79,22.92
2021-03-11 06:00:00,67.59,217.28,67.78,22.92
2021-03-11 07:00:00,48.7,138.27,67.09,23.55
2021-03-11 08:00:00,68.44,142.04,59.77,26.33
2021-03-11 09:00:00,62.31,154.04,49.58,28.62
2021-03-11 10:00:00,65.56,172.45,42.23,30.65
2021-03-11 11:00:00,57.4,175.72,61.14,29.66
2021-03-11 12:00:00,34.26,155.98,65.59,29.11
2021-03-11 13:00:00,37.07,166.68,63.13,29.07
2021-03-11 14:00:00,26.38,132.0,53.19,29.89
2021-03-11 15:00:00,32.4,160.84,48.08,30.05
2021-03-11 16:00:00,36.86,149.51,52.4,29.48
2021-03-11 17:00:00,35.7,179.43,56.34,28.15
2021-03-11 18:00:00,45.15,196.31,62.87,26.61
2021-03-11 19:00:00,35.32,139.0,73.01,25.36
2021-03-11 20:00:00,39.53,130.65,73.5,25.02
2021-03-11 21:00:00,34.06,122.69,73.09,24.73
2021-03-11 22:00:00,35.0,122.52,73.64,24.45
2021-03-11 23:00:00,35.08,111.6,75.66,24.2
2021-03-12 00:00:00,35.84,107.0,74.17,23.74
2021-03-12 01:00:00,34.47,106.24,75.56,23.66
2021-03-12 02:00:00,40.49,96.89,73.6,23.87
2021-03-12 03:00:00,34.0,103.86,75.63,23.41
2021-03-12 04:00:00,33.61,76.0,77.34,22.71
2021-03-12 05:00:00,28.84,79.8,79.35,22.39
2021-03-12 06:00:00,27.38,80.24,81.43,22.37
2021-03-12 07:00:00,33.0,87.59,81.56,22.92
2021-03-12 08:00:00,34.22,90.54,73.64,23.67
2021-03-12 09:00:00,51.84,120.94,52.24,28.13
2021-03-12 10:00:00,48.84,129.03,38.08,29.74
2021-03-12 11:00:00,34.66,132.28,32.42,31.36
2021-03-12 12:00:00,30.48,106.36,32.3,32.78
2021-03-12 13:00:00,36.24,121.0,47.77,31.84
2021-03-12 14:00:00,39.78,206.96,52.76,31.14
2021-03-12 15:00:00,47.45,209.72,47.16,31.26
2021-03-12 16:00:00,30.21,155.7,45.53,31.32
2021-03-12 17:00:00,47.24,206.62,46.74,30.45
2021-03-12 18:00:00,49.93,234.0,47.78,28.9
2021-03-12 19:00:00,48.94,232.48,43.42,28.13
2021-03-12 20:00:00,48.16,186.47,47.35,27.39
2021-03-12 21:00:00,53.91,200.08,54.71,26.71
2021-03-12 22:00:00,108.84,342.81,59.81,26.18
2021-03-12 23:00:00,79.67,269.0,64.07,25.38
2021-03-13 00:00:00,86.8,233.33,62.92,25.19
2021-03-13 01:00:00,73.0,191.64,69.91,24.76
2021-03-13 02:00:00,72.3,150.12,78.39,24.13
2021-03-13 03:00:00,62.54,128.61,79.11,23.82
2021-03-13 04:00:00,69.07,124.86,78.32,23.55
2021-03-13 05:00:00,70.45,139.14,75.6,23.09
2021-03-13 06:00:00,76.94,183.82,73.85,22.79
2021-03-13 07:00:00,77.45,184.1,71.33,23.22
2021-03-13 08:00:00,93.55,187.68,61.2,25.39
2021-03-13 09:00:00,86.53,210.24,44.04,28.44
2021-03-13 10:00:00,80.3,199.13,33.87,30.8
2021-03-13 11:00:00,70.92,175.8,28.75,32.62
2021-03-13 12:00:00,57.84,157.86,24.7,34.28
2021-03-13 13:00:00,55.11,156.0,20.95,36.28
2021-03-13 14:00:00,42.41,171.17,33.91,34.68
2021-03-13 15:00:00,60.48,223.05,33.9,34.32
2021-03-13 16:00:00,81.39,238.0,36.35,32.74
2021-03-13 17:00:00,85.99,238.27868852459017,40.34,30.46
2021-03-13 18:00:00,69.73,238.55737704918033,50.76,28.41
2021-03-13 19:00:00,65.53,238.8360655737705,50.79,28.01
2021-03-13 20:00:00,59.62,239.11475409836066,48.18,27.7
2021-03-13 21:00:00,55.22,239.39344262295083,46.03,27.6
2021-03-13 22:00:00,73.16,239.672131147541,46.36,26.66
2021-03-13 23:00:00,77.01,239.95081967213116,52.94,25.37
2021-03-14 00:00:00,105.25,240.2295081967213,56.8,24.58
2021-03-14 01:00:00,147.66,240.50819672131146,51.95,24.66
2021-03-14 02:00:00,92.72,240.78688524590163,51.47,24.7
2021-03-14 03:00:00,73.84,241.0655737704918,53.43,24.36
2021-03-14 04:00:00,73.0,241.34426229508196,51.39,24.67
2021-03-14 05:00:00,63.19,241.62295081967213,49.54,24.79
2021-03-14 06:00:00,56.95,241.9016393442623,52.66,24.7
2021-03-14 07:00:00,45.0,242.18032786885246,50.86,24.77
2021-03-14 08:00:00,58.61,242.45901639344262,42.52,28.22
2021-03-14 09:00:00,83.66,242.7377049180328,37.69,29.43
2021-03-14 10:00:00,79.0,243.01639344262296,37.28,30.82
2021-03-14 11:00:00,82.0,243.29508196721312,30.01,33.41
2021-03-14 12:00:00,79.0,243.5737704918033,37.03,33.0
2021-03-14 13:00:00,62.0,243.85245901639345,40.9,33.0
2021-03-14 14:00:00,62.61,244.13114754098362,37.34,33.27
2021-03-14 15:00:00,71.0,244.40983606557376,33.36,33.16
2021-03-14 16:00:00,58.86,244.68852459016392,32.89,32.63
2021-03-14 17:00:00,43.52,244.9672131147541,36.31,31.55
2021-03-14 18:00:00,51.45,245.24590163934425,41.28,30.01
2021-03-14 19:00:00,58.24,245.52459016393442,43.75,28.77
2021-03-14 20:00:00,61.74,245.80327868852459,49.11,27.93
2021-03-14 21:00:00,73.89,246.08196721311475,52.89,27.23
2021-03-14 22:00:00,103.37,246.36065573770492,55.13,26.29
2021-03-14 23:00:00,125.0,246.63934426229508,54.32,26.63
2021-03-15 00:00:00,145.05,246.91803278688525,61.72,25.68
2021-03-15 01:00:00,114.21,247.19672131147541,70.59,24.86
2021-03-15 02:00:00,89.0,247.47540983606558,68.48,24.67
2021-03-15 03:00:00,119.89,247.75409836065575,66.37,24.48
2021-03-15 04:00:00,83.62,248.0327868852459,68.38,24.44
2021-03-15 05:00:00,47.0,248.31147540983608,67.45,23.99
2021-03-15 06:00:00,38.12,248.59016393442624,63.84,23.97
2021-03-15 07:00:00,46.41,248.86885245901638,63.27,24.26
2021-03-15 08:00:00,51.2,249.14754098360655,56.53,26.72
2021-03-15 09:00:00,49.56,249.4262295081967,42.89,29.56
2021-03-15 10:00:00,85.97,249.70491803278688,34.38,32.05
2021-03-15 11:00:00,79.0,249.98360655737704,33.68,33.37
2021-03-15 12:00:00,68.0,250.2622950819672,44.97,32.68
2021-03-15 13:00:00,75.97,250.54098360655738,39.51,33.55
2021-03-15 14:00:00,62.02,250.81967213114754,34.52,33.56
2021-03-15 15:00:00,68.66,251.0983606557377,32.87,33.05
2021-03-15 16:00:00,64.0,251.37704918032787,32.98,33.13
2021-03-15 17:00:00,58.51,251.65573770491804,31.08,31.9
2021-03-15 18:00:00,41.13,251.9344262295082,32.11,30.34
2021-03-15 19:00:00,41.92,252.21311475409837,30.75,29.54
2021-03-15 20:00:00,43.05,252.49180327868854,34.23,28.78
2021-03-15 21:00:00,75.56,252.77049180327867,30.88,28.9
2021-03-15 22:00:00,92.0,253.04918032786884,34.79,27.31
2021-03-15 23:00:00,110.45,253.327868852459,40.46,26.23
2021-03-16 00:00:00,130.0,253.60655737704917,42.61,25.7
2021-03-16 01:00:00,148.0,253.88524590163934,53.58,24.99
2021-03-16 02:00:00,102.51,254.1639344262295,49.28,24.91
2021-03-16 03:00:00,80.82,254.44262295081967,52.25,24.75
2021-03-16 04:00:00,55.54,254.72131147540983,58.87,24.53
2021-03-16 05:00:00,32.0,255.0,59.53,24.03
2021-03-16 06:00:00,39.66,255.27868852459017,54.13,23.7
2021-03-16 07:00:00,58.41,255.55737704918033,46.18,25.99
2021-03-16 08:00:00,75.55,255.8360655737705,43.01,27.29
2021-03-16 09:00:00,58.05,256.11475409836066,37.24,29.39
2021-03-16 10:00:00,43.0,256.39344262295083,30.96,31.48
2021-03-16 11:00:00,45.0,256.672131147541,32.765,32.7
2021-03-16 12:00:00,65.19,256.95081967213116,34.57,33.92
2021-03-16 13:00:00,59.19,257.2295081967213,40.23,33.22
2021-03-16 14:00:00,55.89,257.5081967213115,38.82,33.14
2021-03-16 15:00:00,68.34,257.78688524590166,37.87,32.443333333333335
2021-03-16 16:00:00,65.0727030695968,258.0655737704918,36.92,31.746666666666666
2021-03-16 17:00:00,51.94,258.344262295082,35.97,31.05
2021-03-16 18:00:00,51.0,258.62295081967216,35.019999999999996,30.353333333333335
2021-03-16 19:00:00,46.0,258.9016393442623,34.07,29.656666666666666
2021-03-16 20:00:00,41.22,259.1803278688525,33.12,28.96
2021-03-16 21:00:00,46.69,259.4590163934426,35.055,28.15
2021-03-16 22:00:00,84.0,259.73770491803276,36.99,27.34
2021-03-16 23:00:00,97.89,260.0163934426229,41.16,25.91
2021-03-17 00:00:00,136.94,260.2950819672131,44.77,25.74
2021-03-17 01:00:00,111.31,260.57377049180326,50.27333333333333,25.523333333333333
2021-03-17 02:00:00,49.0,260.8524590163934,55.77666666666667,25.306666666666665
2021-03-17 03:00:00,32.83,261.1311475409836,61.28,25.09
2021-03-17 04:00:00,50.39,261.40983606557376,60.695,24.715
2021-03-17 05:00:00,44.95,261.6885245901639,60.11,24.34
2021-03-17 06:00:00,50.14,261.9672131147541,61.3,23.93
2021-03-17 07:00:00,52.75,262.24590163934425,62.49,23.52
2021-03-17 08:00:00,80.34,262.5245901639344,59.61857142857143,24.964285714285715
2021-03-17 09:00:00,97.23,262.8032786885246,56.74714285714286,26.408571428571427
2021-03-17 10:00:00,76.5,263.08196721311475,53.87571428571429,27.852857142857143
2021-03-17 11:00:00,91.0,263.3606557377049,51.004285714285714,29.29714285714286
2021-03-17 12:00:00,73.0,263.6393442622951,48.13285714285715,30.74142857142857
2021-03-17 13:00:00,50.66,263.91803278688525,45.261428571428574,32.18571428571428
2021-03-17 14:00:00,61.0,264.1967213114754,42.39,33.63
2021-03-17 15:00:00,66.0,264.4754098360656,39.83,32.78
2021-03-17 16:00:00,65.23,264.75409836065575,38.97,32.255
2021-03-17 17:00:00,60.0,265.0327868852459,38.11,31.73
2021-03-17 18:00:00,55.48,265.3114754098361,43.01,30.16
2021-03-17 19:00:00,65.0,265.59016393442624,45.06,29.71
2021-03-17 20:00:00,70.0,265.8688524590164,48.230000000000004,28.996000000000002
2021-03-17 21:00:00,78.39474983824269,266.1475409836066,51.4,28.282
2021-03-17 22:00:00,92.52018854764395,266.42622950819674,54.57,27.568
2021-03-17 23:00:00,109.0,266.7049180327869,57.739999999999995,26.854
2021-03-18 00:00:00,109.31,266.9836065573771,60.91,26.14
2021-03-18 01:00:00,110.52,267.2622950819672,64.71,26.19
2021-03-18 02:00:00,64.77,267.54098360655735,61.489999999999995,26.16
2021-03-18 03:00:00,39.44,267.8196721311475,58.269999999999996,26.13
2021-03-18 04:00:00,33.0,268.0983606557377,55.05,26.1
2021-03-18 05:00:00,27.12,268.37704918032784,51.83,26.07
2021-03-18 06:00:00,28.0,268.655737704918,48.61,26.04
2021-03-18 07:00:00,34.0,268.9344262295082,51.525,25.77
2021-03-18 08:00:00,62.09,269.21311475409834,54.44,25.5
2021-03-18 09:00:00,89.0,269.4918032786885,51.64333333333333,27.473333333333333
2021-03-18 10:00:00,83.0,269.7704918032787,48.846666666666664,29.44666666666667
2021-03-18 11:00:00,74.2,270.04918032786884,46.05,31.42
2021-03-18 12:00:00,67.0,270.327868852459,47.23,31.78
2021-03-18 13:00:00,42.89,270.60655737704917,50.14,31.615000000000002
2021-03-18 14:00:00,67.68,270.88524590163934,53.05,31.45
2021-03-18 15:00:00,77.0,271.1639344262295,49.12,31.17
2021-03-18 16:00:00,70.56,271.44262295081967,50.114999999999995,30.565
2021-03-18 17:00:00,75.52,271.72131147540983,51.11,29.96
2021-03-18 18:00:00,55.0,272.0,62.5,27.58
2021-03-18 19:00:00,48.0,219.08,60.08,26.98
2021-03-18 20:00:00,51.27,196.0,57.19,26.62
2021-03-18 21:00:00,52.31,200.53,60.42,26.43
2021-03-18 22:00:00,56.3,212.0,70.97,25.83
2021-03-18 23:00:00,44.75,158.0,73.77,25.55
2021-03-19 00:00:00,38.0,147.35,74.52,25.29
2021-03-19 01:00:00,32.0,102.98,72.11,24.91
2021-03-19 02:00:00,32.0,92.75,65.9,24.48
2021-03-19 03:00:00,34.39,127.0,65.12,24.38
2021-03-19 04:00:00,37.61,207.0,66.64,24.06
2021-03-19 05:00:00,46.0,195.22,70.33,23.55
2021-03-19 06:00:00,61.3,302.69,72.65,23.17
2021-03-19 07:00:00,50.46,281.11,66.3,24.57
2021-03-19 08:00:00,47.12,210.39,56.29,26.45
2021-03-19 09:00:00,48.0,197.0,47.48,27.98
2021-03-19 10:00:00,57.55,203.66,40.3,30.14
2021-03-19 11:00:00,50.0,234.06,33.92,31.58
2021-03-19 12:00:00,47.73,281.0,52.85,30.79
2021-03-19 13:00:00,44.0,274.0,49.38,31.27
2021-03-19 14:00:00,45.47,242.38,42.3,31.48
2021-03-19 15:00:00,52.48,228.93,42.13,31.66
2021-03-19 16:00:00,58.0,255.18,40.95,31.07
2021-03-19 17:00:00,50.0,283.02,32.95,30.64
2021-03-19 18:00:00,52.8,283.54,47.2,28.95
2021-03-19 19:00:00,49.87,229.0,61.56,26.43
2021-03-19 20:00:00,48.0,235.0,67.95,25.79
2021-03-19 21:00:00,54.83,205.0,71.68,25.32
2021-03-19 22:00:00,70.41,301.0,74.12,24.98
2021-03-19 23:00:00,53.180012634765085,246.76999999999998,76.39,24.675
2021-03-20 00:00:00,51.0,192.54,78.66,24.37
2021-03-20 01:00:00,38.0,177.48,76.08,24.24
2021-03-20 02:00:00,37.73,221.0,82.16,23.8
2021-03-20 03:00:00,34.0,194.0,83.24,23.59
2021-03-20 04:00:00,34.46,192.0,84.1,23.16
2021-03-20 05:00:00,33.0,161.88,84.58,22.96
2021-03-20 06:00:00,30.0,152.29,84.46,22.84
2021-03-20 07:00:00,33.38,164.232,79.014,24.118
2021-03-20 08:00:00,39.0,176.174,73.568,25.396
2021-03-20 09:00:00,38.0,188.11599999999999,68.12199999999999,26.674
2021-03-20 10:00:00,39.48,200.058,62.675999999999995,27.951999999999998
2021-03-20 11:00:00,41.92,212.0,57.23,29.23
2021-03-20 12:00:00,42.34,276.75,52.87,29.83
2021-03-20 13:00:00,61.74,348.0,47.14,30.43
2021-03-20 14:00:00,72.0,382.02,48.68,30.09
2021-03-20 15:00:00,46.83,379.0,44.34,29.86
2021-03-20 16:00:00,59.0,353.7,38.79,29.63
2021-03-20 17:00:00,78.0,425.0,47.0,28.53
2021-03-20 18:00:00,72.0,398.0,57.03,27.15
2021-03-20 19:00:00,79.41,398.0,66.03,25.92
2021-03-20 20:00:00,71.0,369.0,73.23,25.38
2021-03-20 21:00:00,79.59,310.0,77.16,24.98
2021-03-20 22:00:00,58.62,279.13,78.63,24.78
2021-03-20 23:00:00,48.84,208.0,80.84,24.31
2021-03-21 00:00:00,46.06,192.0,82.97,24.0
2021-03-21 01:00:00,40.12,172.0,84.24,23.74
2021-03-21 02:00:00,40.22,178.57,85.56,23.52
2021-03-21 03:00:00,35.75,174.42,86.95,23.22
2021-03-21 04:00:00,32.0,149.16,88.15,22.88
2021-03-21 05:00:00,34.88,137.47,89.06,22.6
2021-03-21 06:00:00,48.69,156.0,88.68,22.39
2021-03-21 07:00:00,70.0,174.43,85.02,23.18
2021-03-21 08:00:00,70.0,190.0,76.91,25.04
2021-03-21 09:00:00,65.54,209.0,62.34,27.89
2021-03-21 10:00:00,69.0,245.0,57.43,29.48
2021-03-21 11:00:00,53.0,236.72,47.37,30.44
2021-03-21 12:00:00,60.15,234.73,43.36,31.06
2021-03-21 13:00:00,87.0,355.0,43.78,31.13
2021-03-21 14:00:00,112.0,358.01,41.58,32.19
2021-03-21 15:00:00,55.93,284.62,42.86,31.59
2021-03-21 16:00:00,55.0,226.68,47.49,30.74
2021-03-21 17:00:00,82.0,286.93,58.8,28.62
2021-03-21 18:00:00,78.77,324.0,66.94,26.9
2021-03-21 19:00:00,34.0,179.0,71.8,26.18
2021-03-21 20:00:00,33.62,181.05,73.36,25.73
2021-03-21 21:00:00,45.42,189.03,76.42,25.05
2021-03-21 22:00:00,51.47,204.16,78.51,24.59
2021-03-21 23:00:00,58.0,216.71,78.87,24.76
2021-03-22 00:00:00,52.0,203.5,80.72,24.27
2021-03-22 01:00:00,70.0,202.44,82.15,24.37
2021-03-22 02:00:00,41.41,149.81,85.98,23.88
2021-03-22 03:00:00,33.14,118.0,86.93,23.62
2021-03-22 04:00:00,34.0,190.57,87.78,23.34
2021-03-22 05:00:00,59.0,149.0,88.34,22.98
2021-03-22 06:00:00,55.99,182.28,87.59,23.07
2021-03-22 07:00:00,42.0,158.0,86.98,23.37
2021-03-22 08:00:00,63.34,185.0,76.89,25.76
2021-03-22 09:00:00,67.38,183.0,64.85,27.53
2021-03-22 10:00:00,59.0,170.2,58.24,29.95
2021-03-22 11:00:00,49.44,166.0,48.83,31.54
2021-03-22 12:00:00,71.0,182.69,48.27,32.62
2021-03-22 13:00:00,57.0,283.67,54.68,31.44
2021-03-22 14:00:00,45.27,268.5,50.73,32.11
2021-03-22 15:00:00,49.0,205.0,49.5,32.42
2021-03-22 16:00:00,48.52,199.0,43.59,31.72
2021-03-22 17:00:00,52.0,205.0,51.47,30.09
2021-03-22 18:00:00,43.14,217.0,63.3,27.74
2021-03-22 19:00:00,44.0,216.67,65.24,27.38
2021-03-22 20:00:00,48.44,188.0,69.38,26.84
2021-03-22 21:00:00,42.67,184.99,71.03,26.5
2021-03-22 22:00:00,52.13,209.7,72.47,26.14
2021-03-22 23:00:00,53.38,212.0,73.13,25.83
2021-03-23 00:00:00,49.27,189.42,73.25,25.57
2021-03-23 01:00:00,53.82,281.0,68.92,25.24
2021-03-23 02:00:00,71.0,231.0,67.07,24.81
2021-03-23 03:00:00,59.42,208.74,69.66,24.19
2021-03-23 04:00:00,59.61211086504678,188.495,68.745,24.075000000000003
2021-03-23 05:00:00,62.14,168.25,67.83,23.96
2021-03-23 06:00:00,64.41,165.72,74.59,23.65
2021-03-23 07:00:00,85.14,205.08,68.39,24.5
2021-03-23 08:00:00,100.73,231.58,52.72,27.54
2021-03-23 09:00:00,97.13,239.5,44.14,30.36
2021-03-23 10:00:00,91.54,203.86,36.56,32.54
2021-03-23 11:00:00,50.0,192.0,34.91,33.57
2021-03-23 12:00:00,51.34,179.0,38.09,32.71
2021-03-23 13:00:00,60.0,299.0,40.17,32.96
2021-03-23 14:00:00,116.91065251639716,259.235,40.635000000000005,32.55
2021-03-23 15:00:00,54.0,219.47,41.1,32.14
2021-03-23 16:00:00,50.28,298.0,42.04,31.41
2021-03-23 17:00:00,65.0,313.0,47.81,29.91
2021-03-23 18:00:00,55.81,256.0,45.19,29.49
2021-03-23 19:00:00,53.0,181.68,42.17,29.08
2021-03-23 20:00:00,56.99,194.0,42.48,28.86
2021-03-23 21:00:00,70.27,184.0,45.94,27.84
2021-03-23 22:00:00,73.19,220.5,48.85,27.16
2021-03-23 23:00:00,107.39,426.0,51.28,26.77
2021-03-24 00:00:00,112.02,330.0,54.02,26.17
2021-03-24 01:00:00,126.92,326.97,56.5,26.16
2021-03-24 02:00:00,147.06,464.77,63.55,25.63
2021-03-24 03:00:00,141.0,502.0,59.46,25.78
2021-03-24 04:00:00,78.58587560578668,343.5,58.305,25.435000000000002
2021-03-24 05:00:00,88.0,185.0,57.15,25.09
2021-03-24 06:00:00,89.08,192.0,59.22,24.7
2021-03-24 07:00:00,90.48,219.75,58.27,25.36
2021-03-24 08:00:00,96.0,285.0,54.18,26.84
2021-03-24 09:00:00,97.0,309.25,45.75,29.93
2021-03-24 10:00:00,107.39,215.96,41.08,31.95
2021-03-24 11:00:00,85.0,184.5,38.18,33.43
2021-03-24 12:00:00,82.0,165.87,33.59,34.88
2021-03-24 13:00:00,82.0,245.935,41.04,34.9
2021-03-24 14:00:00,62.7913867785614,326.0,39.64,34.46
2021-03-24 15:00:00,87.0,330.5,39.75,34.16
2021-03-24 16:00:00,86.26,315.31,41.37,33.11
2021-03-24 17:00:00,75.86,304.27,42.47,31.97
2021-03-24 18:00:00,76.49,268.35,45.17,30.8
2021-03-24 19:00:00,93.41,312.25,50.21,29.63
2021-03-24 20:00:00,96.0,283.0,48.8,29.37
2021-03-24 21:00:00,74.75,240.0,49.67,28.99
2021-03-24 22:00:00,99.0,229.38,49.11,28.51
2021-03-24 23:00:00,103.16,285.0,56.12,27.28
2021-03-25 00:00:00,104.25,311.0,61.21,25.93
2021-03-25 01:00:00,104.4,277.0,60.38,25.89
2021-03-25 02:00:00,119.0,286.11,57.66,26.07
2021-03-25 03:00:00,78.58216867051974,274.18,55.791999999999994,26.054
2021-03-25 04:00:00,63.99433878121733,262.25,53.924,26.038
2021-03-25 05:00:00,61.46050185649183,250.32,52.056,26.022
2021-03-25 06:00:00,63.92521489852895,238.39000000000001,50.188,26.006
2021-03-25 07:00:00,92.83,226.46,48.32,25.99
2021-03-25 08:00:00,99.42,261.4,32.74,29.97
2021-03-25 09:00:00,66.47,231.0,28.48,32.22
2021-03-25 10:00:00,45.0,190.12,26.05,32.9
2021-03-25 11:00:00,56.17,187.2,22.98,35.07
2021-03-25 12:00:00,85.66501964509236,189.4086956521739,22.935652173913045,35.03173913043478
2021-03-25 13:00:00,90.57838880553622,191.61739130434782,22.891304347826086,34.993478260869566
2021-03-25 14:00:00,84.23714210343697,193.82608695652172,22.84695652173913,34.955217391304345
2021-03-25 15:00:00,63.541717106347846,196.03478260869565,22.802608695652175,34.91695652173913
2021-03-25 16:00:00,45.85282638667868,198.24347826086955,22.758260869565216,34.87869565217391
2021-03-25 17:00:00,25.15275433778743,200.45217391304348,22.71391304347826,34.840434782608696
2021-03-25 18:00:00,22.96127893727293,202.66086956521738,22.669565217391305,34.802173913043475
2021-03-25 19:00:00,31.09680446717015,204.8695652173913,22.62521739130435,34.76391304347826
2021-03-25 20:00:00,42.07465110480945,207.0782608695652,22.58086956521739,34.72565217391304
2021-03-25 21:00:00,57.74448377549281,209.2869565217391,22.536521739130436,34.68739130434783
2021-03-25 22:00:00,68.26028444324422,211.49565217391304,22.49217391304348,34.649130434782606
2021-03-25 23:00:00,79.5055924051538,213.70434782608694,22.44782608695652,34.61086956521739
2021-03-26 00:00:00,86.60256315356222,215.91304347826087,22.403478260869566,34.57260869565217
2021-03-26 01:00:00,100.57499049104702,218.12173913043478,22.35913043478261,34.53434782608696
2021-03-26 02:00:00,101.5701340976047,220.33043478260868,22.31478260869565,34.49608695652174
2021-03-26 03:00:00,123.25527630172292,222.5391304347826,22.270434782608696,34.45782608695652
2021-03-26 04:00:00,110.72959550194773,224.74782608695654,22.22608695652174,34.4195652173913
2021-03-26 05:00:00,107.68309007144464,226.95652173913044,22.181739130434785,34.38130434782609
2021-03-26 06:00:00,112.0882156029357,229.16521739130434,22.137391304347826,34.34304347826087
2021-03-26 07:00:00,118.20053420132359,231.37391304347827,22.09304347826087,34.30478260869565
2021-03-26 08:00:00,106.87069249695514,233.58260869565217,22.048695652173915,34.26652173913043
2021-03-26 09:00:00,91.35574161112262,235.7913043478261,22.004347826086956,34.22826086956522
2021-03-26 10:00:00,82.39,238.0,21.96,34.19
2021-03-26 11:00:00,61.0,196.75,19.47,35.81
2021-03-26 12:00:00,66.0,158.0,20.31,36.88
2021-03-26 13:00:00,92.39394306357535,158.375,20.19875,36.94083333333334
2021-03-26 14:00:00,78.42168807271786,158.75,20.0875,37.00166666666667
2021-03-26 15:00:00,69.76310080275142,159.125,19.97625,37.0625
2021-03-26 16:00:00,67.5412396431028,159.5,19.865,37.123333333333335
2021-03-26 17:00:00,64.26127495929484,159.875,19.75375,37.18416666666667
2021-03-26 18:00:00,58.76642676271295,160.25,19.6425,37.245000000000005
2021-03-26 19:00:00,57.374646918150454,160.625,19.53125,37.30583333333334
2021-03-26 20:00:00,61.419944773258074,161.0,19.419999999999998,37.36666666666667
2021-03-26 21:00:00,66.43328110792723,161.375,19.30875,37.4275
2021-03-26 22:00:00,73.82071550313768,161.75,19.197499999999998,37.48833333333334
2021-03-26 23:00:00,77.32482023206464,162.125,19.08625,37.54916666666667
2021-03-27 00:00:00,80.14271696103835,162.5,18.975,37.61
2021-03-27 01:00:00,82.45557984077037,162.875,18.86375,37.670833333333334
2021-03-27 02:00:00,86.83375401588638,163.25,18.7525,37.73166666666667
2021-03-27 03:00:00,81.43815321470645,163.625,18.64125,37.792500000000004
2021-03-27 04:00:00,81.28744186911689,164.0,18.53,37.85333333333334
2021-03-27 05:00:00,72.48930065282558,164.375,18.41875,37.91416666666667
2021-03-27 06:00:00,75.73067435417494,164.75,18.3075,37.975
2021-03-27 07:00:00,80.3239040858475,165.125,18.19625,38.035833333333336
2021-03-27 08:00:00,84.71866180160372,165.5,18.085,38.09666666666667
2021-03-27 09:00:00,74.03896998243573,165.875,17.97375,38.157500000000006
2021-03-27 10:00:00,68.96384564893138,166.25,17.8625,38.218333333333334
2021-03-27 11:00:00,58.902451066745705,166.625,17.75125,38.27916666666667
2021-03-27 12:00:00,41.76,167.0,17.64,38.34
2021-03-27 13:00:00,58.00537625655692,177.4,18.971,37.419000000000004
2021-03-27 14:00:00,58.03224286022189,187.8,20.302,36.498000000000005
2021-03-27 15:00:00,66.99368742239209,198.2,21.633,35.577
2021-03-27 16:00:00,64.8613028297431,208.6,22.964,34.656
2021-03-27 17:00:00,58.92906699448887,219.0,24.295,33.735
2021-03-27 18:00:00,56.271621399992085,229.4,25.626,32.814
2021-03-27 19:00:00,55.87940267950719,239.8,26.957,31.893
2021-03-27 20:00:00,56.04582418159112,250.2,28.288,30.972
2021-03-27 21:00:00,53.76420588935633,260.6,29.619,30.051
2021-03-27 22:00:00,86.93,271.0,30.95,29.13
2021-03-27 23:00:00,86.0,471.25,33.72,28.3
2021-03-28 00:00:00,99.36,301.0,39.89,26.77
2021-03-28 01:00:00,131.46,393.5,42.34,26.41
2021-03-28 02:00:00,128.0,295.0,43.62,26.05
2021-03-28 03:00:00,123.82,373.0,61.55,25.36
2021-03-28 04:00:00,105.3,459.51,68.87,24.84
2021-03-28 05:00:00,69.69,269.25,67.82,24.49
2021-03-28 06:00:00,74.56,297.0,67.91,24.29
2021-03-28 07:00:00,83.69,309.0,60.42,25.57
2021-03-28 08:00:00,94.0,321.0,58.1,27.2
2021-03-28 09:00:00,102.0,245.0,63.65,28.98
2021-03-28 10:00:00,68.29,176.0,50.49,31.21
2021-03-28 11:00:00,82.81,187.25,51.28,32.6
2021-03-28 12:00:00,79.33,263.75,53.51,32.92
2021-03-28 13:00:00,65.48,245.5,55.81,32.16
2021-03-28 14:00:00,39.88,286.25,59.81,31.5
2021-03-28 15:00:00,65.25,277.5,62.14,30.88
2021-03-28 16:00:00,60.61,247.0,63.99,30.33
2021-03-28 17:00:00,69.0,206.25,67.34,29.01
2021-03-28 18:00:00,37.81,196.5,74.61,27.63
2021-03-28 19:00:00,48.73,249.55,77.53,26.73
2021-03-28 20:00:00,45.0,205.5,76.36,26.49
2021-03-28 21:00:00,58.33,180.75,73.23,26.73
2021-03-28 22:00:00,128.99,265.0,78.52,26.17
2021-03-28 23:00:00,116.75,250.81,81.39,25.51
2021-03-29 00:00:00,125.91,239.28,84.19,25.15
2021-03-29 01:00:00,95.46,310.0,87.88,24.67
2021-03-29 02:00:00,85.23,261.0,89.66,24.66
2021-03-29 03:00:00,45.01,148.0,91.09,24.63
2021-03-29 04:00:00,59.0,167.5,91.21,24.55
2021-03-29 05:00:00,25.59,141.13,90.08,24.46
2021-03-29 06:00:00,20.0,130.0,89.61,24.36
2021-03-29 07:00:00,25.24,108.0,87.65,24.9
2021-03-29 08:00:00,45.0,134.0,83.43,25.75
2021-03-29 09:00:00,98.0,171.25,74.09,27.81
2021-03-29 10:00:00,64.0,164.5,64.73,29.95
2021-03-29 11:00:00,87.0,162.71,47.36,33.98
2021-03-29 12:00:00,80.08,172.0,47.64,33.26
2021-03-29 13:00:00,68.0,173.0,48.77,32.26
2021-03-29 14:00:00,52.0,152.0,66.47,30.36
2021-03-29 15:00:00,35.0,152.0,47.76,32.21
2021-03-29 16:00:00,28.95,141.5,52.33,31.09
2021-03-29 17:00:00,17.0,125.0,52.51,30.05
2021-03-29 18:00:00,14.65,106.25,66.98,28.11
2021-03-29 19:00:00,10.0,89.0,77.38,26.71
2021-03-29 20:00:00,10.49,86.0,79.58,26.37
2021-03-29 21:00:00,17.2,92.0,79.1,25.96
2021-03-29 22:00:00,20.2,108.5,83.19,25.64
2021-03-29 23:00:00,22.52,105.0,84.77,25.18
2021-03-30 00:00:00,16.28,93.0,86.5,24.45
2021-03-30 01:00:00,19.93,78.81,87.12,24.25
2021-03-30 02:00:00,19.0,75.0,88.56,23.95
2021-03-30 03:00:00,20.77,72.0,89.81,23.64
2021-03-30 04:00:00,21.358391202917716,65.5,90.53,23.655
2021-03-30 05:00:00,11.0,59.0,91.25,23.67
2021-03-30 06:00:00,12.0,69.0,92.7,23.17
2021-03-30 07:00:00,9.49,72.0,91.86,24.47
2021-03-30 08:00:00,16.63,80.5,80.42,27.11
2021-03-30 09:00:00,24.57,115.25,64.75,28.96
2021-03-30 10:00:00,22.0,117.0,61.83,30.34
2021-03-30 11:00:00,26.58,111.5,61.85,30.69
2021-03-30 12:00:00,21.0,158.82,60.1,30.66
2021-03-30 13:00:00,11.38,111.0,54.97,30.7
2021-03-30 14:00:00,17.0,109.0,52.75,30.68
2021-03-30 15:00:00,17.0,195.66,49.71,30.76
2021-03-30 16:00:00,12.85,207.0,54.93,29.92
2021-03-30 17:00:00,11.0,198.0,58.88,29.12
2021-03-30 18:00:00,24.5650444835305,153.125,65.45,27.555
2021-03-30 19:00:00,8.32,108.25,72.02,25.99
2021-03-30 20:00:00,12.14,110.98,74.92,25.45
2021-03-30 21:00:00,14.71,120.94,77.19,24.91
2021-03-30 22:00:00,18.33,166.0,79.08,24.43
2021-03-30 23:00:00,9.0,141.97,77.63,24.32
2021-03-31 00:00:00,7.0,161.64,80.5,23.63
2021-03-31 01:00:00,6.94,106.5,82.46,23.05
2021-03-31 02:00:00,6.0,150.0,84.47,22.88
2021-03-31 03:00:00,6.08,141.0,85.62,22.66
2021-03-31 04:00:00,7.0,77.31,85.66,22.55
2021-03-31 05:00:00,16.69,61.25,86.81,22.53
2021-03-31 06:00:00,12.0,67.0,86.11,22.66
2021-03-31 07:00:00,40.31,186.0,83.4,24.3
2021-03-31 08:00:00,30.0,178.05,77.28,25.98
2021-03-31 09:00:00,30.0,162.31,64.12,28.72
2021-03-31 10:00:00,24.06,135.0,57.26,30.0
2021-03-31 11:00:00,25.0,157.23,59.52,30.16
2021-03-31 12:00:00,20.88,206.25,52.51,30.5
2021-03-31 13:00:00,18.57,231.44,51.53,30.92
2021-03-31 14:00:00,16.07,247.5,60.55,30.42
2021-03-31 15:00:00,17.14,236.0,62.69,30.29
2021-03-31 16:00:00,19.0,219.0,57.45,30.1
2021-03-31 17:00:00,21.0,159.99,63.27,29.15
2021-03-31 18:00:00,20.58,193.68,74.93,26.95
2021-03-31 19:00:00,15.0,122.0,82.36,25.66
2021-03-31 20:00:00,22.31,168.31,83.39,25.28
2021-03-31 21:00:00,25.59,172.0,84.51,24.87
2021-03-31 22:00:00,17.0,154.0,86.66,24.66
2021-03-31 23:00:00,18.0,166.0,87.63,24.65
2021-04-01 00:00:00,10.0,154.05,85.61,24.67
2021-04-01 01:00:00,10.85,171.66,85.75,24.63
2021-04-01 02:00:00,22.5,242.0,84.82,24.71
2021-04-01 03:00:00,29.51,244.32,84.95,24.62
2021-04-01 04:00:00,23.0,202.14,84.19,24.58
2021-04-01 05:00:00,22.65,192.99,84.71,24.38
2021-04-01 06:00:00,17.93,175.32,86.35,24.27
2021-04-01 07:00:00,17.7,151.82,86.01,24.75
2021-04-01 08:00:00,27.49,174.39,79.88,26.35
2021-04-01 09:00:00,33.61,176.5,72.1,27.78
2021-04-01 10:00:00,29.06,182.95,65.05,29.84
2021-04-01 11:00:00,42.74,236.05,60.88,31.05
2021-04-01 12:00:00,38.66,240.25,62.81,30.61
2021-04-01 13:00:00,34.44,239.74,63.17,30.42
2021-04-01 14:00:00,27.21,243.99,60.8,30.6
2021-04-01 15:00:00,30.33,260.69,61.01,30.28
2021-04-01 16:00:00,34.79,253.3,63.28,29.89
2021-04-01 17:00:00,32.33,254.97,68.59,28.46
2021-04-01 18:00:00,37.14,233.09,74.5,26.92
2021-04-01 19:00:00,39.56,232.95,78.27,26.16
2021-04-01 20:00:00,46.8,255.5,79.97,25.78
2021-04-01 21:00:00,44.14,263.81,80.73,25.5
2021-04-01 22:00:00,45.3,253.77,80.84,25.37
2021-04-01 23:00:00,35.54,257.23,78.13,25.41
2021-04-02 00:00:00,29.0,230.61,77.3,25.38
2021-04-02 01:00:00,28.72,231.46,76.29,25.18
2021-04-02 02:00:00,25.49,212.59,77.18,24.89
2021-04-02 03:00:00,32.34,208.74,79.05,24.48
2021-04-02 04:00:00,36.41,222.7,79.53,24.24
2021-04-02 05:00:00,29.49,219.53,80.52,23.91
2021-04-02 06:00:00,36.21,209.0,83.1,23.87
2021-04-02 07:00:00,39.2,209.0,84.59,24.25
2021-04-02 08:00:00,42.0,220.0,74.28,26.48
2021-04-02 09:00:00,41.48,225.25,66.15,27.82
2021-04-02 10:00:00,34.66,240.39,57.26,29.94
2021-04-02 11:00:00,43.86,245.5,58.31,30.42
2021-04-02 12:00:00,43.2,311.22,59.31,30.46
2021-04-02 13:00:00,57.25,328.44,58.19,30.51
2021-04-02 14:00:00,37.66,334.0,58.92,30.23
2021-04-02 15:00:00,34.88,280.0,59.27,29.93
2021-04-02 16:00:00,61.0,378.63,61.6,29.21
2021-04-02 17:00:00,34.84,358.22,63.97,28.38
2021-04-02 18:00:00,45.01,285.47,70.75,26.81
2021-04-02 19:00:00,32.06,232.21,74.72,25.91
2021-04-02 20:00:00,33.99,232.75,75.74,25.55
2021-04-02 21:00:00,46.16,292.76,77.47,25.14
2021-04-02 22:00:00,34.8,240.08,78.37,24.82
2021-04-02 23:00:00,32.55,248.8,79.23,24.52
2021-04-03 00:00:00,39.26,230.32,79.77,24.31
2021-04-03 01:00:00,28.16,218.77,80.31,24.18
2021-04-03 02:00:00,17.0,198.4,80.7,24.06
2021-04-03 03:00:00,18.76,186.5,82.39,23.76
2021-04-03 04:00:00,40.08,317.9,82.74,23.69
2021-04-03 05:00:00,17.07,217.09,83.28,23.48
2021-04-03 06:00:00,18.67,164.01,83.65,23.35
2021-04-03 07:00:00,27.48,173.46,80.59,24.45
2021-04-03 08:00:00,21.27,166.06,74.95,26.12
2021-04-03 09:00:00,40.12,211.53,72.84,27.11
2021-04-03 10:00:00,65.53,279.29,65.47,29.23
2021-04-03 11:00:00,33.07,248.61,63.72,29.48
2021-04-03 12:00:00,33.16,347.61,64.36,29.08
2021-04-03 13:00:00,22.28,295.99,63.8,29.18
2021-04-03 14:00:00,25.72,319.83,62.86,29.51
2021-04-03 15:00:00,22.0,263.78,63.75,29.07
2021-04-03 16:00:00,22.39,232.56,64.42,28.82
2021-04-03 17:00:00,28.63,231.5,66.64,28.09
2021-04-03 18:00:00,35.45,292.51,71.96,26.74
2021-04-03 19:00:00,15.47,211.41,76.09,25.86
2021-04-03 20:00:00,21.72,167.33,77.34,25.71
2021-04-03 21:00:00,18.49,158.77,78.0,25.63
2021-04-03 22:00:00,24.66,176.41,78.73,25.44
2021-04-03 23:00:00,20.0,159.09,79.42,25.2
2021-04-04 00:00:00,19.65,153.24,79.56,25.04
2021-04-04 01:00:00,14.22,118.14,79.75,24.91
2021-04-04 02:00:00,4.28,123.18,79.38,24.91
2021-04-04 03:00:00,8.14,120.03,79.18,24.92
2021-04-04 04:00:00,9.67,120.73,80.45,24.91
2021-04-04 05:00:00,5.35,115.3,81.67,24.7
2021-04-04 06:00:00,10.21,120.95,81.39,24.68
2021-04-04 07:00:00,14.32,125.48,80.99,24.91
2021-04-04 08:00:00,28.79,169.0,74.66,26.47
2021-04-04 09:00:00,25.93,139.53,67.16,28.05
2021-04-04 10:00:00,24.93,148.71,62.36,29.56
2021-04-04 11:00:00,24.14,164.7,60.3,30.39
2021-04-04 12:00:00,24.94,173.97,61.18,30.29
2021-04-04 13:00:00,11.17,158.31,61.64,30.35
2021-04-04 14:00:00,13.49,177.65,62.02,30.2
2021-04-04 15:00:00,19.93,238.29,62.93,29.69
2021-04-04 16:00:00,19.49,187.75,65.09,28.98
2021-04-04 17:00:00,27.2,310.67,67.55,28.31
2021-04-04 18:00:00,41.24,254.34,71.25,27.08
2021-04-04 19:00:00,17.5,159.93,77.09,26.28
2021-04-04 20:00:00,12.46,134.77,79.1,25.96
2021-04-04 21:00:00,19.08,132.25,81.5,25.67
2021-04-04 22:00:00,20.58,128.26,82.65,25.45
2021-04-04 23:00:00,27.07,124.5,83.38,25.26
2021-04-05 00:00:00,27.21,122.0,84.67,25.11
2021-04-05 01:00:00,16.23,124.97,85.26,24.89
2021-04-05 02:00:00,19.2,143.11,85.81,24.63
2021-04-05 03:00:00,21.21,135.55,85.98,24.45
2021-04-05 04:00:00,9.79,95.89,85.67,24.48
2021-04-05 05:00:00,7.59,80.28,85.71,24.38
2021-04-05 06:00:00,15.58,84.97,86.59,24.21
2021-04-05 07:00:00,11.96,90.0,84.29,25.06
2021-04-05 08:00:00,24.34,104.91,76.52,26.52
2021-04-05 09:00:00,15.08,99.33,68.61,28.56
2021-04-05 10:00:00,16.52,115.34,65.88,29.52
2021-04-05 11:00:00,23.87,171.11,66.51,29.57
2021-04-05 12:00:00,21.48,224.46,65.4,30.14
2021-04-05 13:00:00,14.59,201.14,64.03,30.41
2021-04-05 14:00:00,22.54,276.33,62.38,30.56
2021-04-05 15:00:00,16.13,264.95,60.53,30.28
2021-04-05 16:00:00,18.27,271.83,59.32,29.98
2021-04-05 17:00:00,22.59,233.43,59.21,29.31
2021-04-05 18:00:00,30.45,238.09,63.55,28.12
2021-04-05 19:00:00,23.25,195.0,67.58,27.37
2021-04-05 20:00:00,25.48,142.01,72.13,26.74
2021-04-05 21:00:00,17.93,129.84,71.69,26.3
2021-04-05 22:00:00,17.34,128.97,68.54,25.97
2021-04-05 23:00:00,22.13,147.11,70.88,25.63
2021-04-06 00:00:00,24.3,157.46,75.1,25.3
2021-04-06 01:00:00,27.8,162.72,74.9,25.12
2021-04-06 02:00:00,24.93,151.35,67.43,25.23
2021-04-06 03:00:00,24.72,116.5,62.77,24.67
2021-04-06 04:00:00,36.19,184.91,64.17,23.84
2021-04-06 05:00:00,52.95,197.12,64.46,23.5
2021-04-06 06:00:00,38.14,169.59,64.84,23.37
2021-04-06 07:00:00,40.84,166.47,57.39,25.49
2021-04-06 08:00:00,51.28,188.83,46.25,28.83
2021-04-06 09:00:00,41.06,174.33,38.79,31.66
2021-04-06 10:00:00,43.9,187.83,35.34,34.03
2021-04-06 11:00:00,69.66,211.34,32.59,35.43
2021-04-06 12:00:00,51.03,201.19,55.81,33.74
2021-04-06 13:00:00,38.24,256.8,61.16,33.03
2021-04-06 14:00:00,55.18,331.8,54.29,33.51
2021-04-06 15:00:00,44.66,304.12,41.84,33.84
2021-04-06 16:00:00,53.08,331.48,33.2,33.95
2021-04-06 17:00:00,40.92,340.19,42.06,32.4
2021-04-06 18:00:00,52.5,319.1,53.89,29.99
2021-04-06 19:00:00,30.13,203.06,64.1,28.48
2021-04-06 20:00:00,31.54,166.5,63.96,27.9
2021-04-06 21:00:00,25.0,150.63,64.12,27.57
2021-04-06 22:00:00,24.43,130.07,70.82,26.86
2021-04-06 23:00:00,16.93,117.56,75.22,26.43
2021-04-07 00:00:00,16.74,119.94,76.4,26.23
2021-04-07 01:00:00,25.25,116.28,78.15,25.77
2021-04-07 02:00:00,16.8,96.4,80.57,25.35
2021-04-07 03:00:00,13.65,85.53,82.53,24.84
2021-04-07 04:00:00,8.94,82.03,83.19,24.75
2021-04-07 05:00:00,9.12,127.39,83.12,24.62
2021-04-07 06:00:00,22.77,114.61,84.05,24.52
2021-04-07 07:00:00,43.52,227.51,80.85,25.67
2021-04-07 08:00:00,24.92,171.53,69.12,28.36
2021-04-07 09:00:00,37.77,149.16,56.48,30.29
2021-04-07 10:00:00,35.46,181.28,48.92,32.47
2021-04-07 11:00:00,44.21,296.65,60.76,31.72
2021-04-07 12:00:00,70.59,334.98,62.05,31.79
2021-04-07 13:00:00,50.22,331.28,59.69,32.19
2021-04-07 14:00:00,26.27,252.62,51.7,32.53
2021-04-07 15:00:00,32.5,276.6,45.31,32.63
2021-04-07 16:00:00,60.58,401.7,47.24,32.14
2021-04-07 17:00:00,53.17,361.33,49.95,30.66
2021-04-07 18:00:00,27.72,288.72,52.61,29.3
2021-04-07 19:00:00,37.74,235.38,58.31,28.25
2021-04-07 20:00:00,33.76,211.35,58.84,27.84
2021-04-07 21:00:00,32.38,184.68,62.24,27.38
2021-04-07 22:00:00,50.09,165.83,65.97,27.05
2021-04-07 23:00:00,24.32,154.0,72.07,26.87
2021-04-08 00:00:00,14.93,134.09,75.25,26.55
2021-04-08 01:00:00,14.08,98.0,75.84,26.18
2021-04-08 02:00:00,15.34,116.76,77.81,25.93
2021-04-08 03:00:00,19.63,111.0,79.23,25.48
2021-04-08 04:00:00,16.32,100.95,81.58,24.61
2021-04-08 05:00:00,31.53,175.92,83.15,24.44
2021-04-08 06:00:00,25.8,163.8,82.96,24.71
2021-04-08 07:00:00,22.73,116.78,80.59,25.87
2021-04-08 08:00:00,18.61,147.43,75.77,27.37
2021-04-08 09:00:00,13.0,150.86,68.34,29.28
2021-04-08 10:00:00,13.42,150.72,66.8,29.39
2021-04-08 11:00:00,19.66,167.56,63.2,31.13
2021-04-08 12:00:00,28.41,187.14,66.08,30.82
2021-04-08 13:00:00,20.2,180.09,70.85,29.5
2021-04-08 14:00:00,23.07,175.26,69.59,30.1
2021-04-08 15:00:00,22.83,164.58,68.08,29.92
2021-04-08 16:00:00,9.0,178.11,68.18,29.23
2021-04-08 17:00:00,10.78,250.22,70.48,28.59
2021-04-08 18:00:00,35.0,255.14,75.43,27.19
2021-04-08 19:00:00,34.45,225.94,77.73,26.44
2021-04-08 20:00:00,27.0,152.53,78.54,26.17
2021-04-08 21:00:00,26.21,123.3,81.42,25.68
2021-04-08 22:00:00,16.49,127.67,83.34,25.44
2021-04-08 23:00:00,37.9,181.0,85.45,25.09
2021-04-09 00:00:00,48.25,252.01,87.19,24.95
2021-04-09 01:00:00,14.33,181.62,87.65,24.66
2021-04-09 02:00:00,45.11,263.63,88.07,24.13
2021-04-09 03:00:00,31.3,204.28,88.58,23.96
2021-04-09 04:00:00,10.33,100.31,89.77,23.6
2021-04-09 05:00:00,15.26,101.94,89.94,23.74
2021-04-09 06:00:00,18.8,93.22,89.86,23.8
2021-04-09 07:00:00,16.16,101.09,88.02,24.56
2021-04-09 08:00:00,18.57,119.75,81.71,26.27
2021-04-09 09:00:00,25.61,112.56,68.66,28.84
2021-04-09 10:00:00,20.85,133.16,58.48,30.63
2021-04-09 11:00:00,33.34,154.34,58.53,31.15
2021-04-09 12:00:00,38.0,206.31,64.23,30.29
2021-04-09 13:00:00,27.87,224.05,63.56,30.09
2021-04-09 14:00:00,27.11,225.53,63.86,30.43
2021-04-09 15:00:00,41.73,285.0,64.53,30.5
2021-04-09 16:00:00,50.37,353.42,66.23,29.72
2021-04-09 17:00:00,41.61,329.26,68.29,28.85
2021-04-09 18:00:00,36.96,259.73,72.57,27.6
2021-04-09 19:00:00,50.75,293.5,76.29,26.89
2021-04-09 20:00:00,59.37,326.42,79.08,26.54
2021-04-09 21:00:00,37.0,236.68,82.07,26.21
2021-04-09 22:00:00,38.21,207.26,84.11,25.9
2021-04-09 23:00:00,52.23,308.19,85.87,25.61
2021-04-10 00:00:00,52.5,269.41,85.18,25.56
2021-04-10 01:00:00,23.32,186.94,84.18,25.31
2021-04-10 02:00:00,14.14,172.19,85.24,24.86
2021-04-10 03:00:00,16.42,167.3,86.1,24.35
2021-04-10 04:00:00,21.67,148.31,87.79,23.92
2021-04-10 05:00:00,18.05,153.22,88.86,23.84
2021-04-10 06:00:00,33.88,168.37,89.41,23.8
2021-04-10 07:00:00,45.61,191.57,87.08,24.67
2021-04-10 08:00:00,40.55,195.5,79.51,26.43
2021-04-10 09:00:00,47.94,181.84,59.14,30.01
2021-04-10 10:00:00,48.13,236.59,49.22,31.98
2021-04-10 11:00:00,62.02,285.9,61.23,30.88
2021-04-10 12:00:00,47.11,250.69,63.94,30.5
2021-04-10 13:00:00,35.41,215.28,60.57,31.33
2021-04-10 14:00:00,40.11,273.78,63.84,30.03
2021-04-10 15:00:00,29.57,234.47,66.06,29.89
2021-04-10 16:00:00,49.82,285.43,64.44,29.56
2021-04-10 17:00:00,33.29,281.1,65.29,28.88
2021-04-10 18:00:00,38.37,316.95,74.37,27.75
2021-04-10 19:00:00,58.55,289.28,79.7,26.96
2021-04-10 20:00:00,75.1,282.92,80.83,26.26
2021-04-10 21:00:00,22.08,114.07,84.02,26.14
2021-04-10 22:00:00,23.49,118.67,85.47,25.72
2021-04-10 23:00:00,30.0,135.08,85.49,25.52
2021-04-11 00:00:00,29.18,122.16,86.97,25.14
2021-04-11 01:00:00,18.0,109.3,88.5,24.73
2021-04-11 02:00:00,18.14,94.4,88.15,24.55
2021-04-11 03:00:00,19.86,86.3,87.67,24.41
2021-04-11 04:00:00,17.93,86.48,86.62,24.52
2021-04-11 05:00:00,16.83,97.38,86.6,24.54
2021-04-11 06:00:00,15.21,98.03,88.67,24.09
2021-04-11 07:00:00,19.05,108.89,87.21,24.55
2021-04-11 08:00:00,34.72,128.56,80.17,26.17
2021-04-11 09:00:00,44.52,141.44,68.9,27.6
2021-04-11 10:00:00,37.73,130.65,49.21,31.44
2021-04-11 11:00:00,34.0,137.88,32.12,34.66
2021-04-11 12:00:00,35.41,168.68,46.11,33.63
2021-04-11 13:00:00,52.91,195.78,48.59,32.91
2021-04-11 14:00:00,37.74,161.95,53.03,32.31
2021-04-11 15:00:00,33.45,152.45,56.96,31.82
2021-04-11 16:00:00,26.2,144.37,60.65,30.98
2021-04-11 17:00:00,16.93,120.99,70.36,29.44
2021-04-11 18:00:00,16.27,96.95,73.03,28.52
2021-04-11 19:00:00,19.87,93.97,78.6,27.65
2021-04-11 20:00:00,18.15,94.0,81.58,27.2
2021-04-11 21:00:00,20.2,100.41,82.01,26.72
2021-04-11 22:00:00,23.27,107.45,83.53,26.56
2021-04-11 23:00:00,27.75,113.45,85.7,26.12
2021-04-12 00:00:00,37.59,152.05,87.42,26.15
2021-04-12 01:00:00,29.84,126.5,89.16,26.01
2021-04-12 02:00:00,14.14,77.62,89.47,25.73
2021-04-12 03:00:00,15.93,68.81,88.13,25.59
2021-04-12 04:00:00,14.8,63.3,87.98,25.39
2021-04-12 05:00:00,12.0,68.67,89.12,25.13
2021-04-12 06:00:00,12.21,76.93,89.82,24.94
2021-04-12 07:00:00,16.11,90.09,88.35,25.68
2021-04-12 08:00:00,30.89,107.34,82.01,27.21
2021-04-12 09:00:00,43.24,120.15,74.25,28.96
2021-04-12 10:00:00,46.59,118.55,65.57,30.93
2021-04-12 11:00:00,54.66,146.76,55.15,32.96
2021-04-12 12:00:00,49.02,172.62,59.68,32.6
2021-04-12 13:00:00,34.5,149.1,53.59,32.47
2021-04-12 14:00:00,27.73,156.84,54.5,32.29
2021-04-12 15:00:00,24.75,190.5,54.19,32.25
2021-04-12 16:00:00,34.67,232.53,50.09,32.11
2021-04-12 17:00:00,30.13,233.66,50.01,31.37
2021-04-12 18:00:00,31.74,267.53,49.83,30.74
2021-04-12 19:00:00,28.14,227.86,57.84,29.6
2021-04-12 20:00:00,29.93,157.12,62.33,28.92
2021-04-12 21:00:00,29.28,129.37,64.65,28.2
2021-04-12 22:00:00,34.55,137.12,65.55,27.52
2021-04-12 23:00:00,52.78,236.6,70.09,27.57
2021-04-13 00:00:00,34.94,198.41,72.8,27.46
2021-04-13 01:00:00,20.52,121.66,74.87,27.27
2021-04-13 02:00:00,13.61,86.95,77.06,26.89
2021-04-13 03:00:00,8.42,89.15,77.89,26.65
2021-04-13 04:00:00,13.69,79.4,75.91,26.55
2021-04-13 05:00:00,10.34,77.22,76.87,26.18
2021-04-13 06:00:00,15.63,96.6,77.52,25.94
2021-04-13 07:00:00,25.5,121.54,70.25,27.02
2021-04-13 08:00:00,46.16,147.5,62.52,29.14
2021-04-13 09:00:00,61.14,190.62,53.78,31.42
2021-04-13 10:00:00,51.79,167.85,37.81,34.28
2021-04-13 11:00:00,47.66,146.65,55.19,33.42
2021-04-13 12:00:00,129.05,143.0,63.08,32.39
2021-04-13 13:00:00,663.0,219.0,61.77,32.61
2021-04-13 14:00:00,19.46,295.0,56.86,32.29
2021-04-13 15:00:00,24.91,265.44,63.68,31.34
2021-04-13 16:00:00,10.86,260.19,67.62,30.49
2021-04-13 17:00:00,21.48,216.02,69.31,29.71
2021-04-13 18:00:00,28.83,246.5,73.53,28.87
2021-04-13 19:00:00,37.66,226.69,77.24,27.94
2021-04-13 20:00:00,32.25,231.78,80.39,27.4
2021-04-13 21:00:00,21.59,160.87,83.22,27.03
2021-04-13 22:00:00,16.37,124.41,85.07,26.91
2021-04-13 23:00:00,21.29,144.73,84.62,26.88
2021-04-14 00:00:00,24.45,116.74,83.98,26.68
2021-04-14 01:00:00,21.0,114.0,82.91,26.63
2021-04-14 02:00:00,32.0,130.5,83.06,26.69
2021-04-14 03:00:00,23.0,99.36,83.78,26.56
2021-04-14 04:00:00,26.59,159.1,83.81,26.27
2021-04-14 05:00:00,76.31,226.0,84.47,25.95
2021-04-14 06:00:00,67.0,214.93,84.19,25.68
2021-04-14 07:00:00,18.0,168.19,82.52,26.41
2021-04-14 08:00:00,12.0,83.0,75.32,28.1
2021-04-14 09:00:00,22.0,85.5,71.73,29.07
2021-04-14 10:00:00,27.07,87.26,57.02,31.94
2021-04-14 11:00:00,29.41,100.66,54.53,33.03
2021-04-14 12:00:00,47.08,161.53,56.28,33.29
2021-04-14 13:00:00,33.66,183.74,56.58,33.36
2021-04-14 14:00:00,28.61,196.69,57.04,33.09
2021-04-14 15:00:00,28.70254676331878,193.743,57.76533333333333,32.88333333333334
2021-04-14 16:00:00,28.893355122878763,190.796,58.49066666666666,32.67666666666667
2021-04-14 17:00:00,28.99682302101176,187.849,59.216,32.470000000000006
2021-04-14 18:00:00,24.97472393956218,184.902,59.94133333333333,32.263333333333335
2021-04-14 19:00:00,22.434145758900353,181.95499999999998,60.666666666666664,32.05666666666667
2021-04-14 20:00:00,24.135272849136893,179.00799999999998,61.391999999999996,31.85
2021-04-14 21:00:00,19.944331113841777,176.061,62.117333333333335,31.643333333333338
2021-04-14 22:00:00,24.69679904119264,173.114,62.842666666666666,31.43666666666667
2021-04-14 23:00:00,24.466836293969934,170.167,63.568,31.230000000000004
2021-04-15 00:00:00,27.440562494583776,167.22,64.29333333333334,31.023333333333337
2021-04-15 01:00:00,29.97924565231492,164.273,65.01866666666666,30.81666666666667
2021-04-15 02:00:00,25.411152171972308,161.326,65.744,30.610000000000003
2021-04-15 03:00:00,23.928245795379063,158.379,66.46933333333334,30.403333333333336
2021-04-15 04:00:00,25.972934497205852,155.432,67.19466666666666,30.19666666666667
2021-04-15 05:00:00,26.127936821605637,152.485,67.92,29.990000000000002
2021-04-15 06:00:00,27.944082461099125,149.538,68.64533333333333,29.783333333333335
2021-04-15 07:00:00,27.94536887775028,146.591,69.37066666666666,29.576666666666668
2021-04-15 08:00:00,28.854198386143523,143.644,70.096,29.37
2021-04-15 09:00:00,32.63301921614872,140.697,70.82133333333333,29.163333333333334
2021-04-15 10:00:00,36.56942717309124,137.75,71.54666666666667,28.95666666666667
2021-04-15 11:00:00,31.60191426053883,134.803,72.27199999999999,28.75
2021-04-15 12:00:00,33.02712469399254,131.856,72.99733333333333,28.543333333333337
2021-04-15 13:00:00,33.41158911712218,128.909,73.72266666666667,28.336666666666666
2021-04-15 14:00:00,30.17433612587874,125.96199999999999,74.448,28.130000000000003
2021-04-15 15:00:00,27.716371121853392,123.015,75.17333333333333,27.923333333333336
2021-04-15 16:00:00,27.381156488832705,120.068,75.89866666666666,27.71666666666667
2021-04-15 17:00:00,25.889895595599953,117.121,76.624,27.51
2021-04-15 18:00:00,25.330217619444948,114.17399999999999,77.34933333333333,27.303333333333335
2021-04-15 19:00:00,31.89525122684854,111.22699999999999,78.07466666666667,27.096666666666668
2021-04-15 20:00:00,32.0,108.28,78.8,26.89
2021-04-15 21:00:00,29.66,100.5,80.54,26.65
2021-04-15 22:00:00,29.03,111.0,82.03,26.2
2021-04-15 23:00:00,35.0,111.0,82.67,26.05
2021-04-16 00:00:00,31.08,100.0,84.61500000000001,25.875
2021-04-16 01:00:00,29.39,89.0,86.56,25.7
2021-04-16 02:00:00,47.16,154.5,87.36,25.42
2021-04-16 03:00:00,24.27,141.5,87.66,25.09
2021-04-16 04:00:00,27.93,60.0,86.77,24.58
2021-04-16 05:00:00,27.0,69.0,84.56,24.39
2021-04-16 06:00:00,22.57,68.31,86.06,24.53
2021-04-16 07:00:00,29.0,64.31,83.59,25.49
2021-04-16 08:00:00,28.0,66.81,75.74,26.92
2021-04-16 09:00:00,21.12,59.2,47.86,30.58
2021-04-16 10:00:00,10.88,78.53,46.39,31.2
2021-04-16 11:00:00,21.7,148.72,60.63,30.76
2021-04-16 12:00:00,20.0,158.5,64.25,30.79
2021-04-16 13:00:00,27.93,166.25,63.3,31.25
2021-04-16 14:00:00,27.0,156.0,66.16,30.22
2021-04-16 15:00:00,18.0,182.57,67.58,29.76
2021-04-16 16:00:00,29.86,147.0,67.09,29.66
2021-04-16 17:00:00,26.86,134.43,71.47,28.85
2021-04-16 18:00:00,14.1,122.8225,73.705,28.17
2021-04-16 19:00:00,19.59,111.215,75.94,27.490000000000002
2021-04-16 20:00:00,14.14,99.6075,78.175,26.81
2021-04-16 21:00:00,19.42,88.0,80.41,26.13
2021-04-16 22:00:00,30.91,120.47,81.1,26.05
2021-04-16 23:00:00,37.0,132.0,81.69,25.94
2021-04-17 00:00:00,48.0,147.72,81.38,25.79
2021-04-17 01:00:00,14.84,115.0,83.1,25.5
2021-04-17 02:00:00,9.07,91.0,84.29,25.24
2021-04-17 03:00:00,10.28,46.99,85.05,24.55
2021-04-17 04:00:00,11.86,47.81,82.42,24.55
2021-04-17 05:00:00,11.29,45.78,83.48,24.04
2021-04-17 06:00:00,15.0,45.0,84.94,24.14
2021-04-17 07:00:00,24.91,66.34,82.5,25.31
2021-04-17 08:00:00,31.0,72.95,74.98,27.04
2021-04-17 09:00:00,17.52,62.0,68.44,28.81
2021-04-17 10:00:00,12.16,64.78,59.02,31.24
2021-04-17 11:00:00,28.0,70.0,57.14,31.7
2021-04-17 12:00:00,20.0,104.0,64.42,31.76
2021-04-17 13:00:00,8.34,116.5,63.09,31.61
2021-04-17 14:00:00,10.34,129.0,61.760000000000005,31.46
2021-04-17 15:00:00,11.79,141.5,60.43,31.310000000000002
2021-04-17 16:00:00,10.64,154.0,59.1,31.16
2021-04-17 17:00:00,19.79,159.0,60.93,30.13
2021-04-17 18:00:00,15.7,155.5,65.0,29.11
2021-04-17 19:00:00,38.24,146.83,74.59,27.82
2021-04-17 20:00:00,16.0,95.89,79.84,27.27
2021-04-17 21:00:00,18.0,84.22,82.85,26.95
2021-04-17 22:00:00,23.34,85.5,84.15,26.76
2021-04-17 23:00:00,26.43,80.7,86.1,26.41
2021-04-18 00:00:00,17.0,75.9,86.95,26.21
2021-04-18 01:00:00,17.0,81.88,87.46,25.98
2021-04-18 02:00:00,16.0,88.84,88.22,25.71
2021-04-18 03:00:00,9.72,69.72,88.78,25.56
2021-04-18 04:00:00,7.79,46.74,88.79,25.43
2021-04-18 05:00:00,5.29,45.43,87.1,25.25
2021-04-18 06:00:00,7.82,48.48,86.42,25.16
2021-04-18 07:00:00,19.75,73.0,85.1,26.16
2021-04-18 08:00:00,29.87,73.98,69.57,29.44
2021-04-18 09:00:00,29.0,80.0,58.02,31.02
2021-04-18 10:00:00,29.0,86.0,48.13,32.4
2021-04-18 11:00:00,34.31,79.0,59.34,33.31
2021-04-18 12:00:00,27.12,115.81,66.75,32.06
2021-04-18 13:00:00,11.07,122.5,66.86,32.31
2021-04-18 14:00:00,22.93,129.0,63.22,32.46
2021-04-18 15:00:00,22.0,144.87,59.53,33.19
2021-04-18 16:00:00,33.0,142.84,54.53,33.16
2021-04-18 17:00:00,21.62,98.95,63.96,31.59
2021-04-18 18:00:00,30.13,109.0,65.42,30.2
2021-04-18 19:00:00,31.3,124.52,69.77,29.23
2021-04-18 20:00:00,36.18,125.0,72.15,28.62
2021-04-18 21:00:00,43.0,123.34,73.04,28.38
2021-04-18 22:00:00,42.82,126.26,80.23,27.64
2021-04-18 23:00:00,48.0,146.5,83.14,27.16
2021-04-19 00:00:00,34.07,121.5,85.36,26.76
2021-04-19 01:00:00,35.74,91.0,85.94,26.45
2021-04-19 02:00:00,43.17,117.61,85.8,26.15
2021-04-19 03:00:00,20.08,59.0,87.0,25.75
2021-04-19 04:00:00,20.66,57.0,87.4,25.56
2021-04-19 05:00:00,19.95,65.0,87.12,25.59
2021-04-19 06:00:00,25.82,67.5,86.98,25.71
2021-04-19 07:00:00,19.62,70.5,84.94,26.58
2021-04-19 08:00:00,28.0,88.0,74.45,29.56
2021-04-19 09:00:00,28.54,83.0,68.66,30.49
2021-04-19 10:00:00,34.18,88.03,68.96,30.43
2021-04-19 11:00:00,29.27,115.0,65.02,31.07
2021-04-19 12:00:00,32.38,149.47,65.09,31.13
2021-04-19 13:00:00,25.17,142.33,64.36,31.2
2021-04-19 14:00:00,26.12,132.0,64.22,30.95
2021-04-19 15:00:00,14.59,150.0,65.38,30.5
2021-04-19 16:00:00,13.64,118.97,64.62,30.49
2021-04-19 17:00:00,35.0,172.78,66.55,29.74
2021-04-19 18:00:00,18.77,112.08,72.33,28.22
2021-04-19 19:00:00,11.0,89.5,75.91,27.5
2021-04-19 20:00:00,20.11,81.48,76.63,27.17
2021-04-19 21:00:00,8.43,70.15,77.14,26.94
2021-04-19 22:00:00,14.0,71.47,80.85,26.67
2021-04-19 23:00:00,18.73,72.0,82.41,26.4
2021-04-20 00:00:00,15.43,81.66666666666667,82.43333333333334,26.196666666666665
2021-04-20 01:00:00,21.22,91.33333333333333,82.45666666666666,25.993333333333332
2021-04-20 02:00:00,23.38,101.0,82.48,25.79
2021-04-20 03:00:00,20.0,60.16,83.16,25.41
2021-04-20 04:00:00,16.51,52.0,83.77,25.3
2021-04-20 05:00:00,9.72,32.36,85.94,25.11
2021-04-20 06:00:00,8.41,46.72,86.91,24.97
2021-04-20 07:00:00,14.14,49.05,80.09,26.64
2021-04-20 08:00:00,15.72,62.72,72.7,27.79
2021-04-20 09:00:00,14.0,75.06,67.53,28.98
2021-04-20 10:00:00,19.0,83.0,63.69,30.03
2021-04-20 11:00:00,21.531022076199026,115.43,63.885,30.259999999999998
2021-04-20 12:00:00,24.18,147.86,64.08,30.49
2021-04-20 13:00:00,19.59,154.09,63.49,30.86
2021-04-20 14:00:00,23.16,153.0,63.11,30.86
2021-04-20 15:00:00,1.0,135.5,62.22,30.75
2021-04-20 16:00:00,11.44,134.5,64.3,30.33
2021-04-20 17:00:00,17.0,143.0,68.81,29.52
2021-04-20 18:00:00,17.0,120.5,74.68,28.06
2021-04-20 19:00:00,16.74,75.39,81.05,27.03
2021-04-20 20:00:00,13.56,61.0,81.98,26.73
2021-04-20 21:00:00,10.85,54.35,82.02,26.58
2021-04-20 22:00:00,20.74837257765807,58.06357142857143,80.72642857142857,26.86642857142857
2021-04-20 23:00:00,18.31981934726591,61.777142857142856,79.43285714285715,27.15285714285714
2021-04-21 00:00:00,18.615092779637713,65.49071428571429,78.1392857142857,27.439285714285713
2021-04-21 01:00:00,17.283707493842375,69.20428571428572,76.84571428571428,27.725714285714286
2021-04-21 02:00:00,18.4604741853187,72.91785714285714,75.55214285714285,28.012142857142855
2021-04-21 03:00:00,16.165543062941634,76.63142857142857,74.25857142857143,28.298571428571428
2021-04-21 04:00:00,18.952956411172256,80.345,72.965,28.585
2021-04-21 05:00:00,20.540436864448058,84.05857142857143,71.67142857142856,28.87142857142857
2021-04-21 06:00:00,19.244240502673406,87.77214285714285,70.37785714285714,29.157857142857143
2021-04-21 07:00:00,23.941028153190146,91.4857142857143,69.08428571428571,29.444285714285712
2021-04-21 08:00:00,23.353776515102513,95.19928571428571,67.79071428571429,29.730714285714285
2021-04-21 09:00:00,22.60843336695544,98.91285714285715,66.49714285714285,30.017142857142858
2021-04-21 10:00:00,24.00389329841561,102.62642857142856,65.20357142857142,30.303571428571427
2021-04-21 11:00:00,24.48,106.34,63.91,30.59
2021-04-21 12:00:00,17.8,103.09,64.5,30.56
2021-04-21 13:00:00,15.08,130.5,66.03,29.93
2021-04-21 14:00:00,16.23,138.5,64.98,30.2
2021-04-21 15:00:00,18.48,146.22,65.38,30.38
2021-04-21 16:00:00,12.44,138.0,67.02,30.03
2021-04-21 17:00:00,20.46,162.5,72.47,28.74
2021-04-21 18:00:00,26.27,187.0,76.89,27.59
2021-04-21 19:00:00,21.27,159.78,79.59,26.89
2021-04-21 20:00:00,16.86,125.5,80.72,26.63
2021-04-21 21:00:00,15.0,82.09,81.73,26.38
2021-04-21 22:00:00,13.93,89.0,82.9,26.09
2021-04-21 23:00:00,12.12,66.0,83.19,25.82
2021-04-22 00:00:00,9.59,63.0,83.44,25.62
2021-04-22 01:00:00,7.0,51.27,83.95,25.41
2021-04-22 02:00:00,7.0,49.57,84.18,25.41
2021-04-22 03:00:00,16.27,54.62,84.77,25.3
2021-04-22 04:00:00,12.29,56.27,84.55,25.28
2021-04-22 05:00:00,14.0,50.18,84.31,25.26
2021-04-22 06:00:00,10.54,50.95,83.97,25.17
2021-04-22 07:00:00,18.79,56.86,80.6,25.89
2021-04-22 08:00:00,16.0,58.06,73.51,27.2
2021-04-22 09:00:00,14.14,57.0,62.42,29.52
2021-04-22 10:00:00,16.0,57.0,58.43,30.45
2021-04-22 11:00:00,25.16,99.2,45.83,33.15
2021-04-22 12:00:00,36.7,113.0,49.68,33.01
2021-04-22 13:00:00,35.0,113.0,58.51,31.84
2021-04-22 14:00:00,23.93749858663912,130.75,58.724999999999994,31.994999999999997
2021-04-22 15:00:00,35.0,148.5,58.94,32.15
2021-04-22 16:00:00,21.14785385250111,166.25,58.89,31.325
2021-04-22 17:00:00,32.89,184.0,58.84,30.5
2021-04-22 18:00:00,22.77,178.0,68.41,28.93
2021-04-22 19:00:00,26.34,154.36,79.06,27.38
2021-04-22 20:00:00,18.16,116.0,79.18,27.03
2021-04-22 21:00:00,19.59,80.33,78.85,26.77
2021-04-22 22:00:00,14.88,103.5,80.94,26.49
2021-04-22 23:00:00,25.16,123.5,83.34,26.07
2021-04-23 00:00:00,15.82,64.0,81.43,25.75
2021-04-23 01:00:00,21.0,70.61,79.69,25.51
2021-04-23 02:00:00,60.64,81.75,78.5,25.5
2021-04-23 03:00:00,31.0,82.0,81.03,25.34
2021-04-23 04:00:00,26.89,76.0,82.34,25.09
2021-04-23 05:00:00,29.38,77.88,84.34,24.79
2021-04-23 06:00:00,20.13,67.38,85.47,24.26
2021-04-23 07:00:00,21.0,67.0,83.37,25.07
2021-04-23 08:00:00,28.32,90.5,57.09,29.88
2021-04-23 09:00:00,19.0,92.18,47.24,31.1
2021-04-23 10:00:00,10.18,74.5,40.65,32.8
2021-04-23 11:00:00,13.62,92.78,51.78,32.05
2021-04-23 12:00:00,28.0,179.0,54.87,31.77
2021-04-23 13:00:00,30.13,180.0,47.31,31.96
2021-04-23 14:00:00,29.71,181.5,50.39,31.58
2021-04-23 15:00:00,14.69,181.5,49.7,31.62
2021-04-23 16:00:00,10.78,179.0,52.31,30.84
2021-04-23 17:00:00,8.27,265.0,56.26,29.57
2021-04-23 18:00:00,9.0,203.5,60.14,28.64
2021-04-23 19:00:00,7.54,147.78,66.39,27.49
2021-04-23 20:00:00,14.0,135.38,68.09,26.98
2021-04-23 21:00:00,15.18,135.0,69.8,26.75
2021-04-23 22:00:00,25.71,98.0,73.67,26.3
2021-04-23 23:00:00,48.0,141.26,73.91,26.12
2021-04-24 00:00:00,32.77,176.82,76.06,25.69
2021-04-24 01:00:00,17.08,56.54,78.34,25.13
2021-04-24 02:00:00,30.0,57.7,78.56,25.0
2021-04-24 03:00:00,18.0,60.0,80.41,24.64
2021-04-24 04:00:00,32.75,51.88,82.64,24.07
2021-04-24 05:00:00,17.15,52.2,83.67,23.92
2021-04-24 06:00:00,20.31,67.56,83.14,23.79
2021-04-24 07:00:00,36.31,79.72,77.22,25.52
2021-04-24 08:00:00,36.82,95.0,60.62,29.03
2021-04-24 09:00:00,28.46,76.0,54.22,30.89
2021-04-24 10:00:00,25.77,91.5,57.4,30.79
2021-04-24 11:00:00,35.0,129.5,59.14,31.29
2021-04-24 12:00:00,38.0,215.14,61.79,30.61
2021-04-24 13:00:00,39.0,248.5,62.23,30.73
2021-04-24 14:00:00,13.71,219.89,60.78,31.16
2021-04-24 15:00:00,11.93,160.79,65.98,29.85
2021-04-24 16:00:00,11.07,191.26,65.65,29.73
2021-04-24 17:00:00,12.08,169.0,67.9,28.92
2021-04-24 18:00:00,12.38,168.22,74.81,27.51
2021-04-24 19:00:00,9.69,107.22,78.02,26.92
2021-04-24 20:00:00,13.0,82.0,79.39,26.71
2021-04-24 21:00:00,13.08,68.0,81.35,26.61
2021-04-24 22:00:00,15.1,111.93,82.0,26.55
2021-04-24 23:00:00,22.0,94.14,83.14,26.38
2021-04-25 00:00:00,16.0,87.34,83.99,26.16
2021-04-25 01:00:00,16.23,84.9,85.63,25.78
2021-04-25 02:00:00,7.0,66.43,85.88,25.7
2021-04-25 03:00:00,6.0,40.58,87.32,25.32
2021-04-25 04:00:00,6.29,47.09,87.97,25.15
2021-04-25 05:00:00,10.0,52.91,88.55,24.91
2021-04-25 06:00:00,10.0,51.53,88.88,24.77
2021-04-25 07:00:00,18.0,60.0,86.44,25.68
2021-04-25 08:00:00,20.0,70.47,71.27,28.42
2021-04-25 09:00:00,20.0,86.83500000000001,60.19,31.04
2021-04-25 10:00:00,25.62,103.2,50.35,32.55
2021-04-25 11:00:00,33.63,176.64,56.86,32.53
2021-04-25 12:00:00,29.59,130.49,60.77,32.39
2021-04-25 13:00:00,32.12,206.61,60.26,32.77
2021-04-25 14:00:00,27.0,218.07,60.84,32.42
2021-04-25 15:00:00,11.38,171.91,65.73,31.7
2021-04-25 16:00:00,18.46,189.0,64.7,31.72
2021-04-25 17:00:00,21.62,180.5,66.49,30.89
2021-04-25 18:00:00,25.0,175.88,69.72,29.9
2021-04-25 19:00:00,39.0,176.0,70.77,29.82
2021-04-25 20:00:00,38.16,142.0,47.49,30.8
2021-04-25 21:00:00,50.81,135.75,46.89,29.5
2021-04-25 22:00:00,61.0,157.0,51.15,28.87
2021-04-25 23:00:00,49.85088926963504,268.5,66.3,28.405
2021-04-26 00:00:00,138.0,380.0,81.45,27.94
2021-04-26 01:00:00,75.38,404.5,86.75,27.58
2021-04-26 02:00:00,37.0,112.0,87.32,27.37
2021-04-26 03:00:00,34.44,116.5,87.41,27.11
2021-04-26 04:00:00,36.92,132.72,88.06,26.91
2021-04-26 05:00:00,35.73,156.85,87.75,26.78
2021-04-26 06:00:00,34.0,151.0,87.58,26.48
2021-04-26 07:00:00,35.69,149.37,85.62,27.43
2021-04-26 08:00:00,43.92,147.74,81.32,28.53
2021-04-26 09:00:00,42.78,141.38,69.94,30.67
2021-04-26 10:00:00,41.23,128.0,60.6,33.07
2021-04-26 11:00:00,44.15,176.0,67.29,31.76
2021-04-26 12:00:00,45.0,238.0,70.84,31.2
2021-04-26 13:00:00,33.38,221.98,70.06,31.33
2021-04-26 14:00:00,38.0,248.5,67.5,31.57
2021-04-26 15:00:00,61.84,312.0,63.28,31.71
2021-04-26 16:00:00,51.57,342.12,60.7,31.7
2021-04-26 17:00:00,60.04,316.97,68.31,30.31
2021-04-26 18:00:00,47.78,247.0,75.97,28.91
2021-04-26 19:00:00,45.0,251.0,79.1,28.06
2021-04-26 20:00:00,42.66,248.8,81.88,27.73
2021-04-26 21:00:00,58.0,238.3,82.8,27.52
2021-04-26 22:00:00,40.0,222.62,83.59,27.31
2021-04-26 23:00:00,38.46,238.22,83.51,27.18
2021-04-27 00:00:00,32.86,236.5,83.58,27.15
2021-04-27 01:00:00,37.47,234.0,84.77,27.09
2021-04-27 02:00:00,35.0,204.13,84.98,26.78
2021-04-27 03:00:00,33.0,212.36,85.18,26.64
2021-04-27 04:00:00,31.0,213.5,85.38,26.42
2021-04-27 05:00:00,44.89,310.86,86.17,26.14
2021-04-27 06:00:00,55.84,349.0,86.58,26.11
2021-04-27 07:00:00,40.0,299.77,82.78,27.24
2021-04-27 08:00:00,40.43,276.43,70.72,30.1
2021-04-27 09:00:00,37.72,250.0,64.24,31.45
2021-04-27 10:00:00,41.0,230.0,60.36,31.94
2021-04-27 11:00:00,44.04553496816097,237.83333333333334,59.725,31.770000000000003
2021-04-27 12:00:00,43.48583207726496,245.66666666666666,59.089999999999996,31.6
2021-04-27 13:00:00,43.194996071789305,253.5,58.455,31.43
2021-04-27 14:00:00,37.47824084850073,261.3333333333333,57.82,31.26
2021-04-27 15:00:00,35.85618647988123,269.1666666666667,57.184999999999995,31.090000000000003
2021-04-27 16:00:00,37.3,277.0,56.55,30.92
2021-04-27 17:00:00,39.0,249.0,67.57,29.68
2021-04-27 18:00:00,47.0,260.5,73.08,28.8
2021-04-27 19:00:00,33.69,210.5,75.57,28.02
2021-04-27 20:00:00,29.13,152.12,76.08,27.99
2021-04-27 21:00:00,25.0,130.22,75.23,28.02
2021-04-27 22:00:00,16.0,215.59,75.09,27.88
2021-04-27 23:00:00,48.0,248.0,76.89,27.94
2021-04-28 00:00:00,25.0,143.5,81.21,27.55
2021-04-28 01:00:00,28.16,154.0,84.78,27.05
2021-04-28 02:00:00,28.69,147.5,85.9,26.8
2021-04-28 03:00:00,27.0,113.8,85.05,26.76
2021-04-28 04:00:00,20.0,92.4,84.54,26.33
2021-04-28 05:00:00,30.23,113.5,85.36,26.06
2021-04-28 06:00:00,63.37,195.0,82.81,26.07
2021-04-28 07:00:00,26.0,168.0,83.74,26.29
2021-04-28 08:00:00,24.44,126.64,75.14,28.81
2021-04-28 09:00:00,30.37,124.03,65.31,30.63
2021-04-28 10:00:00,35.0,161.255,58.58,31.839999999999996
2021-04-28 11:00:00,40.84,198.48,51.85,33.05
2021-04-28 12:00:00,42.21,267.11,53.22,32.85
2021-04-28 13:00:00,66.16,328.27,62.05,31.73
2021-04-28 14:00:00,21.08,207.55,64.4,31.34
2021-04-28 15:00:00,34.0,222.0,64.32,31.26
2021-04-28 16:00:00,59.0,273.0,68.64,30.58
2021-04-28 17:00:00,45.08,248.5,71.07,29.32
2021-04-28 18:00:00,30.84,200.43,75.72,28.05
2021-04-28 19:00:00,53.0,161.39,77.47,27.5
2021-04-28 20:00:00,24.38,139.5,77.45,27.33
2021-04-28 21:00:00,17.44,124.68,76.48,27.26
2021-04-28 22:00:00,23.0,119.0,75.57,26.91
2021-04-28 23:00:00,13.38,126.32,73.19,26.99
2021-04-29 00:00:00,21.0,101.03,76.25,26.87
2021-04-29 01:00:00,24.0,195.33,83.12,26.9
2021-04-29 02:00:00,18.16,134.82,84.32,26.51
2021-04-29 03:00:00,8.52,85.5,84.42,26.34
2021-04-29 04:00:00,10.85,63.0,84.89,26.24
2021-04-29 05:00:00,9.0,47.0,85.64,25.91
2021-04-29 06:00:00,9.0,48.47,85.17,26.09
2021-04-29 07:00:00,13.0,66.42,81.26,27.02
2021-04-29 08:00:00,12.0,73.1,72.94,29.2
2021-04-29 09:00:00,21.0,87.35,62.36,30.74
2021-04-29 10:00:00,26.0,121.2,45.72,33.08
2021-04-29 11:00:00,17.0,116.88,56.45,32.98
2021-04-29 12:00:00,28.0,151.0,59.36,32.02
2021-04-29 13:00:00,14.0,151.5,59.71,32.03
2021-04-29 14:00:00,18.414230449686393,159.0,57.03,31.92
2021-04-29 15:00:00,15.687344324285991,141.78,63.855000000000004,30.965000000000003
2021-04-29 16:00:00,16.246770888788653,124.56,70.68,30.01
2021-04-29 17:00:00,16.534596980307217,143.0,76.06,28.88
2021-04-29 18:00:00,15.010107406643783,155.5,79.82,28.21
2021-04-29 19:00:00,18.13077423628375,113.38,82.85,27.48
2021-04-29 20:00:00,19.104573368695,97.82,81.22,27.45
2021-04-29 21:00:00,19.751425256414475,93.0,80.84,27.56
2021-04-29 22:00:00,22.091029228912085,155.0,82.30000000000001,27.38
2021-04-29 23:00:00,22.174927022216554,217.0,83.76,27.2
2021-04-30 00:00:00,23.736428640224226,249.95,84.34,27.04
2021-04-30 01:00:00,23.887260582985103,194.5,86.33,26.88
2021-04-30 02:00:00,22.856297581629285,161.54500000000002,87.19999999999999,26.564999999999998
2021-04-30 03:00:00,16.48999906402528,128.59,88.07,26.25
2021-04-30 04:00:00,17.155485632778507,85.5,88.22,26.16
2021-04-30 05:00:00,20.291421934233224,51.66,87.31,25.92
2021-04-30 06:00:00,25.63434069618591,94.0,82.54,25.77
2021-04-30 07:00:00,35.89498234945697,121.71,80.41,26.68
2021-04-30 08:00:00,39.79004481327631,130.5,79.88,27.8
2021-04-30 09:00:00,34.591313708958104,128.03,70.53,30.33
2021-04-30 10:00:00,33.65314733486659,268.57,70.23,30.63
2021-04-30 11:00:00,25.642719435406637,320.0,68.77,31.12
2021-04-30 12:00:00,20.1449688150394,184.0,67.15,31.42
2021-04-30 13:00:00,19.449055103095773,161.5,66.48,31.5
2021-04-30 14:00:00,18.712284234503475,191.72,66.13,31.11
2021-04-30 15:00:00,17.739158193766162,171.5,65.22,31.0
2021-04-30 16:00:00,17.346431906235196,166.41,66.47,30.19
2021-04-30 17:00:00,18.023501631756567,125.55,75.57,28.56
2021-04-30 18:00:00,17.532822720894178,101.0,79.83,27.82
2021-04-30 19:00:00,17.757056055775,80.62,81.7,27.29
2021-04-30 20:00:00,20.89948952745393,167.5,79.47,27.23
2021-04-30 21:00:00,21.642003813021322,109.58,79.41,27.22
2021-04-30 22:00:00,20.435880163008175,105.0,79.81,27.21
2021-04-30 23:00:00,24.095932340423733,121.54,75.78,27.21
2021-05-01 00:00:00,24.078693823845253,157.43,77.51,26.99
2021-05-01 01:00:00,20.268859243079792,173.93,80.49,26.92
2021-05-01 02:00:00,18.897708711296932,175.47,82.48,26.82
2021-05-01 03:00:00,18.337966513840172,167.53625,83.20666666666666,26.733333333333334
2021-05-01 04:00:00,16.56101781316096,159.6025,83.93333333333334,26.646666666666665
2021-05-01 05:00:00,17.962015929823153,151.66875,84.66,26.56
2021-05-01 06:00:00,17.765884060200314,143.735,83.31,26.6
2021-05-01 07:00:00,18.46195218620715,135.80124999999998,79.33,27.43
2021-05-01 08:00:00,21.017265168663528,127.8675,75.35000000000001,28.26
2021-05-01 09:00:00,25.45131125304509,119.93375,71.37,29.09
2021-05-01 10:00:00,27.00042398867695,112.0,56.47,31.97
2021-05-01 11:00:00,26.968304251106925,87.21,45.59,34.03
2021-05-01 12:00:00,25.817145667342384,85.0,48.53,34.05
2021-05-01 13:00:00,26.284813304483556,101.04,63.04,32.25
2021-05-01 14:00:00,21.817191095917952,88.7,63.2,31.8
2021-05-01 15:00:00,19.675339162908045,79.8,69.16,30.73
2021-05-01 16:00:00,18.262115484900267,74.18,60.09,31.27
2021-05-01 17:00:00,16.02655063954583,74.0,67.46,30.11
2021-05-01 18:00:00,17.549758911259637,76.93,69.7,29.12
2021-05-01 19:00:00,19.104497457489526,83.83,74.06,28.34
2021-05-01 20:00:00,20.343411386989036,86.0,73.14,28.11
2021-05-01 21:00:00,21.380834135099597,90.38,74.63,27.97
2021-05-01 22:00:00,23.596995856734775,84.68,79.44,27.68
2021-05-01 23:00:00,20.186053920261074,76.87,82.19,27.38
2021-05-02 00:00:00,23.479002399706708,73.09,83.78,27.14
2021-05-02 01:00:00,21.40787108265016,65.71,83.63,26.94
2021-05-02 02:00:00,20.688155007071966,65.92,83.14,26.93
2021-05-02 03:00:00,18.573407090315353,56.75,80.56,27.2
2021-05-02 04:00:00,20.603332333464433,56.0,78.12,27.05
2021-05-02 05:00:00,21.307225303442813,61.93,76.01,27.08
2021-05-02 06:00:00,25.317683563075583,65.91,75.07,26.94
2021-05-02 07:00:00,23.55142058116113,133.35,79.8,28.22
2021-05-02 08:00:00,23.24389770558382,128.11,78.24,29.05
2021-05-02 09:00:00,21.868841347982922,98.79,77.51,29.24
2021-05-02 10:00:00,21.913173858400373,125.71,71.85,30.52
2021-05-02 11:00:00,19.208025361385218,128.71,67.05,31.36
2021-05-02 12:00:00,20.433636340572107,118.69,64.47,32.22
2021-05-02 13:00:00,19.19767720581627,188.92,63.04,31.97
2021-05-02 14:00:00,18.182879867134485,189.75,61.8,31.34
2021-05-02 15:00:00,18.39165762605985,163.23,65.25,30.74
2021-05-02 16:00:00,16.454352449233767,140.3,67.67,30.11
2021-05-02 17:00:00,15.43945347651502,126.71,72.03,29.24
2021-05-02 18:00:00,18.324767562092344,98.48,74.84,28.56
2021-05-02 19:00:00,23.05664464843479,80.25,73.0,28.3
2021-05-02 20:00:00,23.98549850328024,107.62,56.77,28.37
2021-05-02 21:00:00,37.57653823559572,127.02,56.6,27.94
2021-05-02 22:00:00,36.437619229846305,136.56,58.44,27.7
2021-05-02 23:00:00,37.55057029850989,163.76,67.57,27.31
2021-05-03 00:00:00,36.796552739649336,150.42,84.82,27.04
2021-05-03 01:00:00,23.08413330151371,117.91,85.49,26.73
2021-05-03 02:00:00,21.568405843810048,74.46,82.13,26.51
2021-05-03 03:00:00,29.028718849932908,93.62,70.83,26.56
2021-05-03 04:00:00,29.517623771842878,98.63,72.84,26.37
2021-05-03 05:00:00,32.87268430841923,100.73,74.53,26.17
2021-05-03 06:00:00,35.74308975083094,104.64,76.16,26.12
2021-05-03 07:00:00,34.23724958062917,109.62,71.49,26.81
2021-05-03 08:00:00,36.66179617895685,144.62,66.58,28.77
2021-05-03 09:00:00,36.52808335403967,122.46,57.76,30.95
2021-05-03 10:00:00,31.689241875891835,83.77,48.94,33.15
2021-05-03 11:00:00,30.67560128422426,97.33,44.91,34.82
2021-05-03 12:00:00,37.059294706398326,144.44,57.11,32.84
2021-05-03 13:00:00,34.576526459714046,193.4,59.15,32.42
2021-05-03 14:00:00,32.36933013697968,273.71,58.06,32.63
2021-05-03 15:00:00,31.763155404383287,364.81,59.08,32.14
2021-05-03 16:00:00,28.53837934547793,311.57,66.06,30.94
2021-05-03 17:00:00,23.637225965731805,309.71,73.18,29.84
2021-05-03 18:00:00,25.65642886715134,304.69,75.14,28.85
2021-05-03 19:00:00,24.785871735766847,220.25,77.34,28.26
2021-05-03 20:00:00,24.789128202249344,187.36,76.37,28.01
2021-05-03 21:00:00,21.52209469265149,165.67,76.27,27.74
2021-05-03 22:00:00,21.664498320181494,114.25,75.93,27.64
2021-05-03 23:00:00,26.07647850107018,421.02,76.23,27.61
2021-05-04 00:00:00,26.26061187638131,436.81,75.89,27.55
2021-05-04 01:00:00,21.5793298295561,227.0,78.99,27.28
2021-05-04 02:00:00,17.21092871815895,132.28,80.46,27.07
2021-05-04 03:00:00,19.466542663969243,77.23,84.43,26.75
2021-05-04 04:00:00,22.15005550310808,57.61,85.4,26.59
2021-05-04 05:00:00,18.931516541449792,53.73,85.62,26.32
2021-05-04 06:00:00,21.51376395004085,50.36,85.9,26.4
2021-05-04 07:00:00,22.35015903202688,57.02,81.04,27.45
2021-05-04 08:00:00,25.008600649450734,67.26,72.97,28.78
2021-05-04 09:00:00,25.624827840594758,83.86,63.83,30.95
2021-05-04 10:00:00,30.172521421119356,100.0,52.02,33.47
2021-05-04 11:00:00,29.084647753058473,105.83,53.05,33.64
2021-05-04 12:00:00,28.791865223357842,317.6,59.81,32.44
2021-05-04 13:00:00,24.45796096690875,262.56,60.2,32.16
2021-05-04 14:00:00,17.71722962436024,192.5,62.33,31.77
2021-05-04 15:00:00,17.195377884878496,206.13,58.89,32.17
2021-05-04 16:00:00,16.733503019721887,267.12,61.39,31.73
2021-05-04 17:00:00,18.615958007224563,273.38,62.11,31.45
2021-05-04 18:00:00,17.300116833172762,262.44,67.79,30.14
2021-05-04 19:00:00,19.11248746795545,214.97,72.75,29.23
2021-05-04 20:00:00,25.81215977251969,179.12,75.71,28.7
2021-05-04 21:00:00,25.71544797864035,139.19,77.39,28.3
2021-05-04 22:00:00,26.095202824463613,156.9,79.04,27.94
2021-05-04 23:00:00,28.046199118561542,250.39,81.06,27.77
2021-05-05 00:00:00,23.856611475459275,179.5,82.95,27.65
2021-05-05 01:00:00,22.78562827130747,100.17,84.5,27.27
2021-05-05 02:00:00,19.367542815066756,75.52,85.14,27.07
2021-05-05 03:00:00,22.24577018719665,78.5,86.29,26.7
2021-05-05 04:00:00,19.93601708521104,137.5,86.5,26.56
2021-05-05 05:00:00,17.514322880459684,102.53,87.65,26.21
2021-05-05 06:00:00,19.89545614887453,79.09,88.34,26.19
2021-05-05 07:00:00,25.343131804429056,70.5,83.5,27.84
2021-05-05 08:00:00,27.49294757595756,73.21,71.7,30.3
2021-05-05 09:00:00,22.43300968540328,86.44,52.52,32.15
2021-05-05 10:00:00,24.698980807470672,73.96,56.7,32.97
2021-05-05 11:00:00,19.42201595211168,106.91,63.88,32.32
2021-05-05 12:00:00,19.88532031693874,161.62,66.07,32.03
2021-05-05 13:00:00,21.337415353566882,233.0,69.2,31.68
2021-05-05 14:00:00,20.951263144467273,236.63,70.54,31.25
2021-05-05 15:00:00,19.441437160751725,200.24,71.25,31.16
2021-05-05 16:00:00,18.279520689808237,174.33,70.74,30.94
2021-05-05 17:00:00,17.674034565704886,220.47,70.84,30.53
2021-05-05 18:00:00,19.094026604370562,193.83,75.4,29.62
2021-05-05 19:00:00,18.735012943719607,220.26,79.43,28.77
2021-05-05 20:00:00,20.708423242964855,188.06,81.21,28.35
2021-05-05 21:00:00,19.73603561833067,189.96,82.56,28.02
2021-05-05 22:00:00,20.529594272755382,204.28,83.13,27.74
2021-05-05 23:00:00,19.524242332723833,286.88,83.99,27.39
2021-05-06 00:00:00,18.017898827463323,182.88,84.12,27.09
2021-05-06 01:00:00,15.624608977182731,297.57,84.87,26.91
2021-05-06 02:00:00,18.38419526238887,159.48,85.92,26.7
2021-05-06 03:00:00,13.718461981019534,49.65,86.31,26.53
2021-05-06 04:00:00,16.084913766197097,83.58,86.48,26.33
2021-05-06 05:00:00,14.240779930439716,71.48,86.62,26.25
2021-05-06 06:00:00,16.141755223476537,50.34,86.92,26.41
2021-05-06 07:00:00,21.277789437371297,51.08,81.88,27.6
2021-05-06 08:00:00,22.031975249626434,53.0,73.25,29.62
2021-05-06 09:00:00,28.068317760834788,62.95,65.84,31.34
2021-05-06 10:00:00,30.088898499352915,128.74,65.92,31.66
2021-05-06 11:00:00,22.6549077030822,200.77,66.38,32.0
2021-05-06 12:00:00,20.1398850033805,260.67,66.78,31.41
2021-05-06 13:00:00,20.25005765383834,144.71,61.53,31.89
2021-05-06 14:00:00,18.954254564225465,235.58,63.91,31.51
2021-05-06 15:00:00,16.68726089984672,234.81,68.96,31.17
2021-05-06 16:00:00,17.551116999140664,199.12,72.98,30.3
2021-05-06 17:00:00,20.32792546291089,177.0,74.84,29.51
2021-05-06 18:00:00,21.731584953584623,181.07,76.24,28.96
2021-05-06 19:00:00,19.924302724047475,217.35,81.52,27.89
2021-05-06 20:00:00,20.113421916175167,198.67,82.77,27.63
2021-05-06 21:00:00,18.546327602515337,180.83,83.22,27.39
2021-05-06 22:00:00,18.147191620072192,206.17,83.45,27.25
2021-05-06 23:00:00,17.54393968080512,356.27,84.7,27.05
2021-05-07 00:00:00,22.723486543587708,402.2,85.96,26.82
2021-05-07 01:00:00,21.9862659917012,229.34,86.26,26.59
2021-05-07 02:00:00,22.651784601743827,103.28,85.87,26.61
2021-05-07 03:00:00,19.117934292624213,152.38,85.18,26.57
2021-05-07 04:00:00,19.89913501753255,100.81,84.57,26.58
2021-05-07 05:00:00,18.81271833025656,86.58,84.42,26.63
2021-05-07 06:00:00,17.827932109911018,62.8,85.54,26.42
2021-05-07 07:00:00,21.585136512034055,55.91,82.28,27.47
2021-05-07 08:00:00,25.76237909076746,71.53,73.39,29.35
2021-05-07 09:00:00,24.925487387126903,77.0,67.08,29.9
2021-05-07 10:00:00,25.20352755107649,70.0,48.49,34.1
2021-05-07 11:00:00,21.286683907791396,135.0,59.71,32.71
2021-05-07 12:00:00,20.708381547192527,158.61,67.17,31.56
2021-05-07 13:00:00,21.315759636659987,158.5,67.11,31.49
2021-05-07 14:00:00,17.910601015023136,189.97,65.92,31.45
2021-05-07 15:00:00,16.81397438528551,249.74,62.91,31.51
2021-05-07 16:00:00,19.15318403881123,288.88,66.73,30.99
2021-05-07 17:00:00,17.01952875109062,355.05,74.15,30.02
2021-05-07 18:00:00,18.610879934802636,321.69,76.32,29.08
2021-05-07 19:00:00,19.316409885571964,207.78,79.25,28.37
2021-05-07 20:00:00,22.12950147858098,258.96,79.99,28.11
2021-05-07 21:00:00,18.411258079461305,256.0,80.74,27.89
2021-05-07 22:00:00,20.17001820994008,327.17,81.41,27.75
2021-05-07 23:00:00,18.712522198781528,202.33,82.67,27.52
2021-05-08 00:00:00,18.171016972641347,121.35,83.34,27.22
2021-05-08 01:00:00,18.669897300838173,127.0,84.78,26.93
2021-05-08 02:00:00,18.707452173282604,67.45,82.22,26.83
2021-05-08 03:00:00,16.231345128333885,109.63,83.41,26.61
2021-05-08 04:00:00,18.699683651534926,75.91,84.85,26.31
2021-05-08 05:00:00,15.386374690765466,46.5,84.16,26.38
2021-05-08 06:00:00,17.621914425030685,57.16,85.17,26.42
2021-05-08 07:00:00,16.305881338304296,55.98,79.9,27.68
2021-05-08 08:00:00,20.875334950953313,54.45,72.06,29.49
2021-05-08 09:00:00,26.233934200006125,57.25,60.94,31.93
2021-05-08 10:00:00,26.141592433011947,72.0,54.91,33.09
2021-05-08 11:00:00,23.79765739676902,115.1,60.39,32.71
2021-05-08 12:00:00,22.350064662508974,199.62,63.97,32.27
2021-05-08 13:00:00,20.037947688688,262.0,65.83,31.78
2021-05-08 14:00:00,16.567494283640244,211.31,64.86,31.73
2021-05-08 15:00:00,15.938366023343054,226.12,66.2,31.59
2021-05-08 16:00:00,14.490290784132982,249.81,70.17,30.99
2021-05-08 17:00:00,15.7220711764638,199.0,72.92,30.2
2021-05-08 18:00:00,19.08175250461571,126.0,79.05,28.67
2021-05-08 19:00:00,15.968424769285592,155.5,81.3,28.19
2021-05-08 20:00:00,15.120692170192234,162.49,82.61,27.96
2021-05-08 21:00:00,12.498635491595289,111.88,82.78,27.88
2021-05-08 22:00:00,14.585124205110324,127.95,83.01,27.76
2021-05-08 23:00:00,15.989224168786215,142.85,83.14,27.74
2021-05-09 00:00:00,16.530968901538735,143.0,82.8,27.55
2021-05-09 01:00:00,16.289912077730445,132.488,83.114,27.310000000000002
2021-05-09 02:00:00,12.66041750209573,121.976,83.428,27.07
2021-05-09 03:00:00,15.908555709782627,111.464,83.742,26.830000000000002
2021-05-09 04:00:00,18.730005889052425,100.952,84.056,26.59
2021-05-09 05:00:00,13.627698675731706,90.44,84.37,26.35
2021-05-09 06:00:00,16.754961795736744,54.1,83.92,26.64
2021-05-09 07:00:00,18.968135590988705,54.0,76.88,28.37
2021-05-09 08:00:00,19.680424982559856,76.89,65.08,30.96
2021-05-09 09:00:00,19.89511216830662,100.61,63.37,31.67
2021-05-09 10:00:00,21.928205262544026,153.56,63.23,32.32
2021-05-09 11:00:00,24.4302598948882,144.86,63.96,32.4
2021-05-09 12:00:00,24.675081217152563,200.97,64.64,32.06
2021-05-09 13:00:00,17.90880415715546,230.36,64.09,32.11
2021-05-09 14:00:00,14.692749119806411,247.97,64.88,31.82
2021-05-09 15:00:00,18.302214413282766,209.16,67.57,31.2
2021-05-09 16:00:00,17.871012399424842,192.72,67.66,30.91
2021-05-09 17:00:00,20.646940928330586,188.64,70.46,30.09
2021-05-09 18:00:00,28.222694759550492,187.5,76.8,28.83
2021-05-09 19:00:00,18.265298678592817,201.8,79.41,28.19
2021-05-09 20:00:00,16.637735972849924,139.74,79.87,27.99
2021-05-09 21:00:00,15.784429641396793,72.05,80.91,27.73
2021-05-09 22:00:00,15.203019375468891,56.0,82.09,27.51
2021-05-09 23:00:00,14.239887406982069,62.53,82.49,27.27
2021-05-10 00:00:00,16.14191403125556,58.49,83.02,27.06
2021-05-10 01:00:00,17.556178104390508,53.0,82.97,26.92
2021-05-10 02:00:00,16.07437536996506,64.62,83.29,26.89
2021-05-10 03:00:00,11.053268401958201,132.64,82.75,26.7
2021-05-10 04:00:00,17.69352029187882,78.17,82.65,26.59
2021-05-10 05:00:00,10.537781289349534,43.65,82.65,26.44
2021-05-10 06:00:00,11.79387689222008,40.55,82.04,26.64
2021-05-10 07:00:00,13.315238087899512,46.51,73.89,28.54
2021-05-10 08:00:00,16.023146131832917,51.9,68.88,29.6
2021-05-10 09:00:00,17.300211694449473,64.57,60.46,31.37
2021-05-10 10:00:00,21.727447775210383,69.0,55.53,33.04
2021-05-10 11:00:00,19.424759507958594,100.22,58.64,32.65
2021-05-10 12:00:00,19.117844435988005,139.55,60.15,32.49
2021-05-10 13:00:00,19.354921957023922,164.5,56.17,32.55
2021-05-10 14:00:00,15.883615122179261,201.82,54.69,32.12
2021-05-10 15:00:00,17.110157929289638,339.84,56.89,31.79
2021-05-10 16:00:00,15.166086304787703,436.66,57.2,31.34
2021-05-10 17:00:00,13.248503144553315,497.0,65.17,30.15
2021-05-10 18:00:00,659.84,374.0,72.38,28.74
2021-05-10 19:00:00,46.26,251.0,76.82,27.7
2021-05-10 20:00:00,95.72,351.0,78.91,27.37
2021-05-10 21:00:00,61.8,189.92,80.55,27.15
2021-05-10 22:00:00,20.2,175.34,81.04,27.01
2021-05-10 23:00:00,33.76,192.09,82.02,26.9
2021-05-11 00:00:00,31.32,109.15,81.82,26.77
2021-05-11 01:00:00,35.23,183.42,81.36,26.69
2021-05-11 02:00:00,37.62,152.85,81.23,26.52
2021-05-11 03:00:00,32.28,113.7,81.48,26.34
2021-05-11 04:00:00,24.0,88.0,81.54,26.31
2021-05-11 05:00:00,17.92,53.5,81.74,26.23
2021-05-11 06:00:00,17.5,43.62,82.37,26.33
2021-05-11 07:00:00,22.82,42.09,76.5,27.95
2021-05-11 08:00:00,21.23,67.03,69.74,29.05
2021-05-11 09:00:00,24.69,82.08,64.77,30.05
2021-05-11 10:00:00,35.0,144.28,61.03,31.14
2021-05-11 11:00:00,70.08,299.35,58.58,31.48
2021-05-11 12:00:00,57.08,256.175,58.51,31.46
2021-05-11 13:00:00,33.77,213.0,58.44,31.44
2021-05-11 14:00:00,19.56,148.12,57.06,31.71
2021-05-11 15:00:00,26.8,201.89,59.62,31.47
2021-05-11 16:00:00,35.18,230.5,60.81,30.9
2021-05-11 17:00:00,25.08,155.22,65.37,29.88
2021-05-11 18:00:00,26.0,241.91,70.21,28.72
2021-05-11 19:00:00,25.84,162.44,75.06,27.7
2021-05-11 20:00:00,24.0,72.05,77.12,27.41
2021-05-11 21:00:00,24.23,50.92,78.0,27.17
2021-05-11 22:00:00,27.0,104.19,79.18,27.03
2021-05-11 23:00:00,26.62,135.85,79.79,26.98
2021-05-12 00:00:00,21.92,100.03,79.63,26.85
2021-05-12 01:00:00,21.92,118.35,79.3,26.8
2021-05-12 02:00:00,32.52,52.0,78.82,26.71
2021-05-12 03:00:00,29.8,84.62,78.11,26.64
2021-05-12 04:00:00,59.77,123.03,78.88,26.47
2021-05-12 05:00:00,31.54,124.32,78.62,26.34
2021-05-12 06:00:00,14.4,79.5,78.37,26.55
2021-05-12 07:00:00,18.92,35.09,72.35,28.37
2021-05-12 08:00:00,18.24,33.28,66.9,29.32
2021-05-12 09:00:00,20.68,60.48,61.57,30.55
2021-05-12 10:00:00,18.92,102.5,58.08,31.36
2021-05-12 11:00:00,41.23,113.03,55.71,31.95
2021-05-12 12:00:00,33.12,139.72,57.59,31.69
2021-05-12 13:00:00,45.04,144.32,57.88,31.89
2021-05-12 14:00:00,33.92,138.32,58.86,31.46
2021-05-12 15:00:00,33.96,140.06,58.8,31.51
2021-05-12 16:00:00,42.84,151.4,63.4,30.8
2021-05-12 17:00:00,17.52,143.38,65.26,29.93
2021-05-12 18:00:00,24.16,145.51,68.37,28.71
2021-05-12 19:00:00,25.92,140.0,73.36,27.64
2021-05-12 20:00:00,24.52,136.38,73.89,27.39
2021-05-12 21:00:00,19.08,76.42,73.95,27.31
2021-05-12 22:00:00,20.25,93.78,73.45,27.29
2021-05-12 23:00:00,21.92,112.0,73.07,26.93
2021-05-13 00:00:00,10.52,66.44,74.46,26.74
2021-05-13 01:00:00,16.0,53.7,75.92,26.59
2021-05-13 02:00:00,18.7,65.5,76.41,26.48
2021-05-13 03:00:00,17.23,55.5,76.81,26.46
2021-05-13 04:00:00,19.52,33.0,76.72,26.54
2021-05-13 05:00:00,17.0,35.19,76.88499999999999,26.54
2021-05-13 06:00:00,17.0,37.38,77.05,26.54
2021-05-13 07:00:00,21.2,76.1,76.05,27.4
2021-05-13 08:00:00,17.0,61.24,70.07,28.93
2021-05-13 09:00:00,12.0,38.7,60.36,30.73
2021-05-13 10:00:00,19.96,58.97,58.67,31.0
2021-05-13 11:00:00,32.2,85.6,55.75,31.67
2021-05-13 12:00:00,44.62,148.0,57.52,31.18
2021-05-13 13:00:00,26.88,149.45,57.47,31.22
2021-05-13 14:00:00,21.79,150.0,58.41,31.16
2021-05-13 15:00:00,35.28,159.0,58.55,31.04
2021-05-13 16:00:00,34.49,165.0,59.53,30.58
2021-05-13 17:00:00,22.07,186.19,63.15,30.13
2021-05-13 18:00:00,39.0,192.0,68.35,28.98
2021-05-13 19:00:00,38.49,139.6,71.97,27.75
2021-05-13 20:00:00,47.0,122.98,72.57,27.44
2021-05-13 21:00:00,46.88,65.0,75.1,27.21
2021-05-13 22:00:00,26.0,102.85,76.62,27.05
2021-05-13 23:00:00,29.0,110.4,78.46,26.82
2021-05-14 00:00:00,21.85,66.5,79.47,26.59
2021-05-14 01:00:00,19.36,68.0,80.17,26.44
2021-05-14 02:00:00,12.55,53.5,80.78,26.28
2021-05-14 03:00:00,18.0,38.6,81.07,26.13
2021-05-14 04:00:00,18.0,34.22,81.21,25.97
2021-05-14 05:00:00,18.32,33.0,81.72,25.77
2021-05-14 06:00:00,22.0,33.5,81.84,25.77
2021-05-14 07:00:00,19.24,36.57,77.46,26.92
2021-05-14 08:00:00,21.44,30.66,68.05,28.86
2021-05-14 09:00:00,16.12,30.0,59.45,30.36
2021-05-14 10:00:00,22.0,45.24,54.58,31.86
2021-05-14 11:00:00,27.84,62.67,58.07,31.92
2021-05-14 12:00:00,45.08,109.69,61.81,31.79
2021-05-14 13:00:00,29.0,127.99,62.4,31.75
2021-05-14 14:00:00,29.0,127.0,59.91,31.88
2021-05-14 15:00:00,24.32,134.23,62.72,31.24
2021-05-14 16:00:00,25.45,145.0,62.62,30.84
2021-05-14 17:00:00,19.76,129.23,65.0,29.71
2021-05-14 18:00:00,17.0,140.98,67.9,29.13
2021-05-14 19:00:00,20.8,164.16,74.17,28.01
2021-05-14 20:00:00,24.08,86.72,76.63,27.81
2021-05-14 21:00:00,15.44,49.4,77.45,27.75
2021-05-14 22:00:00,23.0,44.98,77.52,27.75
2021-05-14 23:00:00,17.31,41.45,76.86,27.72
2021-05-15 00:00:00,19.0,37.5,76.22,27.73
2021-05-15 01:00:00,16.34,46.0,77.58,27.68
2021-05-15 02:00:00,12.91,44.55,79.4,27.62
2021-05-15 03:00:00,12.08,37.0,81.08,27.33
2021-05-15 04:00:00,12.78,29.28,79.8,27.41
2021-05-15 05:00:00,11.04,30.89,80.08,27.3
2021-05-15 06:00:00,17.0,28.83,75.33,27.36
2021-05-15 07:00:00,17.83,37.47,74.51,27.41
2021-05-15 08:00:00,26.48,41.5,66.56,28.41
2021-05-15 09:00:00,30.86,60.0,60.17,28.93
2021-05-15 10:00:00,42.96,90.0,51.49,30.87
2021-05-15 11:00:00,45.0,73.85,46.47,32.36
2021-05-15 12:00:00,45.28,71.0,42.63,33.94
2021-05-15 13:00:00,48.64,76.78,40.19,34.69
2021-05-15 14:00:00,56.83,79.72,37.71,36.01
2021-05-15 15:00:00,65.0,98.0,44.22,35.31
2021-05-15 16:00:00,99.27,120.0,57.65,33.38
2021-05-15 17:00:00,91.0,174.0,64.09,32.23
2021-05-15 18:00:00,55.0,138.25,68.28,31.56
2021-05-15 19:00:00,55.4,102.5,72.47,30.89
2021-05-15 20:00:00,60.61,101.0,65.68,31.28
2021-05-15 21:00:00,51.972742694556835,113.5,55.400000000000006,32.36
2021-05-15 22:00:00,67.08,126.0,45.12,33.44
2021-05-15 23:00:00,62.0,125.235,67.66,29.765
2021-05-16 00:00:00,57.0,124.47,90.2,26.09
2021-05-16 01:00:00,39.36,44.0,84.72,26.7
2021-05-16 02:00:00,35.1,38.5,83.38499999999999,26.465
2021-05-16 03:00:00,26.36,33.0,82.05,26.23
2021-05-16 04:00:00,23.0,33.0,78.07,26.43
2021-05-16 05:00:00,3.0,30.0,76.26666666666667,26.69
2021-05-16 06:00:00,7.156455569705754,27.0,74.46333333333332,26.95
2021-05-16 07:00:00,11.0,24.0,72.66,27.21
2021-05-16 08:00:00,13.0,21.0,71.25,27.93
2021-05-16 09:00:00,13.32,18.0,66.3,29.77
2021-05-16 10:00:00,16.36,20.75,63.22,30.575
2021-05-16 11:00:00,12.958370988695542,23.5,60.14,31.380000000000003
2021-05-16 12:00:00,13.8,26.25,57.059999999999995,32.185
2021-05-16 13:00:00,17.91,29.0,53.98,32.99
2021-05-16 14:00:00,17.0,29.0,52.58,33.05
2021-05-16 15:00:00,16.54,32.0,51.07,33.58
2021-05-16 16:00:00,21.26,39.0,52.2,33.14
2021-05-16 17:00:00,24.0,46.0,53.33,32.7
2021-05-16 18:00:00,17.0,46.0,51.59,32.64
2021-05-16 19:00:00,18.0,49.0,53.88,31.5
2021-05-16 20:00:00,8.0,39.0,56.07,30.94
2021-05-16 21:00:00,4.33,41.5,59.265,30.240000000000002
2021-05-16 22:00:00,5.32,44.0,62.46,29.54
2021-05-16 23:00:00,6.92,31.0,60.33,29.62
2021-05-17 00:00:00,7.39,36.74,60.77,29.51
2021-05-17 01:00:00,12.0,34.870000000000005,63.57000000000001,28.765
2021-05-17 02:00:00,9.0,33.0,66.37,28.02
2021-05-17 03:00:00,7.0,22.0,68.42,27.56
2021-05-17 04:00:00,6.76,26.33,80.06,25.13
2021-05-17 05:00:00,2.59,18.93,87.38499999999999,23.965
2021-05-17 06:00:00,11.793663983940148,11.53,94.71,22.8
2021-05-17 07:00:00,2.46,7.0,94.99,22.89
2021-05-17 08:00:00,5.24,7.0,94.77,23.15
2021-05-17 09:00:00,8.0,26.0,93.6,23.36
2021-05-17 10:00:00,7.2,57.0,96.26,22.79
2021-05-17 11:00:00,9.63,40.0,98.15,22.76
2021-05-17 12:00:00,6.0,23.0,97.5,22.62
2021-05-17 13:00:00,11.0,23.17391304347826,98.295,22.65
2021-05-17 14:00:00,6.0,23.347826086956523,99.09,22.68
2021-05-17 15:00:00,17.0,23.52173913043478,98.43238095238095,22.89952380952381
2021-05-17 16:00:00,14.06005217309245,23.695652173913043,97.7747619047619,23.11904761904762
2021-05-17 17:00:00,21.68362881147667,23.869565217391305,97.11714285714287,23.338571428571427
2021-05-17 18:00:00,12.435218974474289,24.043478260869566,96.45952380952382,23.558095238095238
2021-05-17 19:00:00,9.29740332317878,24.217391304347828,95.80190476190477,23.777619047619048
2021-05-17 20:00:00,20.109471749862326,24.391304347826086,95.14428571428572,23.997142857142858
2021-05-17 21:00:00,13.103257332591928,24.565217391304348,94.48666666666666,24.216666666666665
2021-05-17 22:00:00,14.013344317957557,24.73913043478261,93.82904761904763,24.436190476190475
2021-05-17 23:00:00,16.906270374424082,24.91304347826087,93.17142857142858,24.655714285714286
2021-05-18 00:00:00,14.540197353226693,25.08695652173913,92.51380952380953,24.875238095238096
2021-05-18 01:00:00,8.950944033287517,25.26086956521739,91.85619047619048,25.094761904761903
2021-05-18 02:00:00,10.546726379908666,25.434782608695652,91.19857142857143,25.314285714285713
2021-05-18 03:00:00,16.17096670684378,25.608695652173914,90.54095238095238,25.533809523809524
2021-05-18 04:00:00,14.914575796267583,25.782608695652172,89.88333333333334,25.753333333333334
2021-05-18 05:00:00,10.429202028946706,25.956521739130434,89.22571428571429,25.972857142857144
2021-05-18 06:00:00,14.726490722230363,26.130434782608695,88.56809523809524,26.19238095238095
2021-05-18 07:00:00,18.109301293836353,26.304347826086957,87.91047619047619,26.41190476190476
2021-05-18 08:00:00,12.182726567398195,26.47826086956522,87.25285714285714,26.63142857142857
2021-05-18 09:00:00,15.601280170277576,26.652173913043477,86.5952380952381,26.85095238095238
2021-05-18 10:00:00,14.28340172828433,26.82608695652174,85.93761904761905,27.07047619047619
2021-05-18 11:00:00,12.81,27.0,85.28,27.29
2021-05-18 12:00:00,16.82,27.0,84.74,27.65
2021-05-18 13:00:00,14.68,26.28,82.82,28.29
2021-05-18 14:00:00,10.68,26.0,82.49,28.48
2021-05-18 15:00:00,9.59,24.0,83.25,28.25
2021-05-18 16:00:00,13.5,34.25,84.53999999999999,27.96
2021-05-18 17:00:00,16.32,44.5,85.83,27.67
2021-05-18 18:00:00,18.0,54.75,87.12,27.38
2021-05-18 19:00:00,27.47,65.0,88.41,27.09
2021-05-18 20:00:00,19.61,46.11,89.34,26.83
2021-05-18 21:00:00,15.0,48.6,89.83,26.5
2021-05-18 22:00:00,14.85,24.35,90.89,26.49
2021-05-18 23:00:00,14.0,23.95,92.15,25.75
2021-05-19 00:00:00,14.55,22.5,98.28,24.69
2021-05-19 01:00:00,15.65,22.34,98.28,24.59
2021-05-19 02:00:00,8.0,24.0,97.62,24.49
2021-05-19 03:00:00,13.91,19.72,92.29,25.5
2021-05-19 04:00:00,12.68,32.28,88.63,25.7
2021-05-19 05:00:00,9.0,25.5,88.56,25.79
2021-05-19 06:00:00,9.0,22.31,88.16,25.84
2021-05-19 07:00:00,6.0,11.0,94.65,22.78
2021-05-19 08:00:00,8.16,11.72,96.87,22.62
2021-05-19 09:00:00,10.0,18.0,96.59,23.49
2021-05-19 10:00:00,12.75,19.5,96.08,24.01
2021-05-19 11:00:00,21.0,28.02,93.56,25.03
2021-05-19 12:00:00,32.68,41.28,83.11,27.47
2021-05-19 13:00:00,30.16,41.0,79.49,28.34
2021-05-19 14:00:00,20.16,42.5,77.28,29.23
2021-05-19 15:00:00,21.64,41.39,73.81,29.57
2021-05-19 16:00:00,29.0,65.9,72.87,29.95
2021-05-19 17:00:00,29.08,130.0,73.81,29.16
2021-05-19 18:00:00,53.0,154.5,77.57,28.12
2021-05-19 19:00:00,31.72,115.62,85.21,26.7
2021-05-19 20:00:00,24.66,66.51,88.54,26.19
2021-05-19 21:00:00,20.84,44.05,93.44,25.37
2021-05-19 22:00:00,19.18,35.4,91.89,25.44
2021-05-19 23:00:00,19.93,41.39,90.82,25.43
2021-05-20 00:00:00,14.0,33.86,90.71,25.2
2021-05-20 01:00:00,20.93,50.65,90.21,25.04
2021-05-20 02:00:00,32.0,60.64,90.02,25.01
2021-05-20 03:00:00,33.0,64.45,90.96,24.62
2021-05-20 04:00:00,58.0,85.69,91.54,24.19
2021-05-20 05:00:00,53.19,85.11,91.21,24.16
2021-05-20 06:00:00,44.0,69.17,91.42,24.4
2021-05-20 07:00:00,34.31,71.42,86.84,25.83
2021-05-20 08:00:00,26.58,76.33,81.75,27.79
2021-05-20 09:00:00,22.16,81.6,73.89,29.74
2021-05-20 10:00:00,24.0,124.01,69.44,30.7
2021-05-20 11:00:00,34.83,138.0,66.78,31.13
2021-05-20 12:00:00,34.34,177.31,63.88,31.2
2021-05-20 13:00:00,39.36,180.0,64.06,31.19
2021-05-20 14:00:00,34.56,164.0,64.59,31.29
2021-05-20 15:00:00,48.0,172.93,66.27,30.77
2021-05-20 16:00:00,36.0,173.87,68.5,30.66
2021-05-20 17:00:00,26.0,180.82,69.91,29.95
2021-05-20 18:00:00,79.0,212.5,74.02,28.75
2021-05-20 19:00:00,32.17,161.56,79.15,27.65
2021-05-20 20:00:00,24.55,135.35,81.08,27.35
2021-05-20 21:00:00,33.08,130.82,82.17,27.06
2021-05-20 22:00:00,34.0,141.11,82.47,26.9
2021-05-20 23:00:00,35.88,153.64,84.06,26.56
2021-05-21 00:00:00,23.0,106.75,85.2,26.3
2021-05-21 01:00:00,26.0,80.0,86.75,26.03
2021-05-21 02:00:00,19.0,76.0,89.45,25.72
2021-05-21 03:00:00,21.41,78.7,90.63,25.48
2021-05-21 04:00:00,27.67,85.0,91.59,25.14
2021-05-21 05:00:00,36.48,97.0,91.56,25.02
2021-05-21 06:00:00,42.76,115.06,91.13,25.22
2021-05-21 07:00:00,40.0,110.78,86.68,26.38
2021-05-21 08:00:00,42.0,113.0,81.34,28.08
2021-05-21 09:00:00,30.55,108.0,71.52,29.34
2021-05-21 10:00:00,23.0,109.5,67.55,30.215
2021-05-21 11:00:00,46.12,111.0,63.58,31.09
2021-05-21 12:00:00,51.68,111.0,62.68,31.45
2021-05-21 13:00:00,47.6,146.93,61.36,31.52
2021-05-21 14:00:00,43.0,123.06,60.34,31.66
2021-05-21 15:00:00,34.81,181.0,62.58,30.92
2021-05-21 16:00:00,34.0,130.07,65.11,30.44
2021-05-21 17:00:00,34.0,110.0,67.27,29.94
2021-05-21 18:00:00,32.0,112.0,72.01,29.11
2021-05-21 19:00:00,33.94,150.13,76.55,27.92
2021-05-21 20:00:00,56.26,167.31,78.53,27.51
2021-05-21 21:00:00,48.44,119.08,79.92,27.27
2021-05-21 22:00:00,42.0,96.84,80.94,27.07
2021-05-21 23:00:00,99.68,195.52,80.69,27.07
2021-05-22 00:00:00,74.2,185.5,81.56,26.96
2021-05-22 01:00:00,77.95,170.0,83.02,26.77
2021-05-22 02:00:00,31.91,171.0,83.74,26.71
2021-05-22 03:00:00,22.92,55.67,83.52,26.77
2021-05-22 04:00:00,22.0,51.09,83.78,26.62
2021-05-22 05:00:00,21.74,56.8,84.02,26.46
2021-05-22 06:00:00,25.0,78.75,83.88,26.4
2021-05-22 07:00:00,31.48,89.35,78.25,27.83
2021-05-22 08:00:00,25.0,78.9,70.41,29.28
2021-05-22 09:00:00,24.45,61.0,61.97,31.34
2021-05-22 10:00:00,22.62,68.89,58.73,31.88
2021-05-22 11:00:00,32.6,91.0,60.73,31.64
2021-05-22 12:00:00,41.84,99.0,60.98,31.64
2021-05-22 13:00:00,29.91,114.17,60.73,31.82
2021-05-22 14:00:00,31.17,119.81,65.5,30.92
2021-05-22 15:00:00,55.0,146.155,72.63,29.66
2021-05-22 16:00:00,55.0,172.5,72.8,29.62
2021-05-22 17:00:00,55.76,150.33333333333334,74.67333333333333,29.003333333333334
2021-05-22 18:00:00,57.0,128.16666666666666,76.54666666666667,28.386666666666667
2021-05-22 19:00:00,27.75,106.0,78.42,27.77
2021-05-22 20:00:00,25.4,89.0,79.26,27.81
2021-05-22 21:00:00,29.07,88.06,77.47,27.77
2021-05-22 22:00:00,25.0,92.0,77.53,27.64
2021-05-22 23:00:00,40.23,129.3,79.37,27.38
2021-05-23 00:00:00,30.26,96.0,81.48,27.22
2021-05-23 01:00:00,25.33,88.75,81.445,27.125
2021-05-23 02:00:00,22.0,81.5,81.41,27.03
2021-05-23 03:00:00,29.45,97.75,82.53999999999999,26.87
2021-05-23 04:00:00,24.0,114.0,83.67,26.71
2021-05-23 05:00:00,27.0,89.5,84.75,26.63
2021-05-23 06:00:00,34.86,221.99,84.21,26.94
2021-05-23 07:00:00,25.24,89.48,83.7,27.3
2021-05-23 08:00:00,31.0,48.88,86.88,25.96
2021-05-23 09:00:00,22.66,33.8,76.32,29.31
2021-05-23 10:00:00,37.61,49.0,71.78,29.56
2021-05-23 11:00:00,66.0,121.13,69.31,30.48
2021-05-23 12:00:00,32.0,119.0,64.93,31.27
2021-05-23 13:00:00,26.16,71.78,61.69,30.98
2021-05-23 14:00:00,27.0,110.0,61.17,31.75
2021-05-23 15:00:00,35.0,99.0,64.38,31.22
2021-05-23 16:00:00,36.91,104.75,63.92,30.99
2021-05-23 17:00:00,27.26,45.0,66.06,30.11
2021-05-23 18:00:00,24.0,48.04,68.89,29.46
2021-05-23 19:00:00,22.55,69.22,77.22,27.98
2021-05-23 20:00:00,17.07,45.95,79.78,27.61
2021-05-23 21:00:00,12.82,47.59,80.73,27.45
2021-05-23 22:00:00,11.6,43.0,81.38,27.35
2021-05-23 23:00:00,18.89,52.33,82.42,27.2
2021-05-24 00:00:00,28.08,78.86,83.38,27.1
2021-05-24 01:00:00,18.34,65.5,84.17,26.84
2021-05-24 02:00:00,19.72,68.82,83.72,26.79
2021-05-24 03:00:00,16.11,36.68,83.94,26.75
2021-05-24 04:00:00,12.34,33.0,84.02,26.63
2021-05-24 05:00:00,14.69,43.0,84.03,26.57
2021-05-24 06:00:00,18.0,66.37,83.81,26.62
2021-05-24 07:00:00,18.81,42.18,79.07,28.05
2021-05-24 08:00:00,18.86,34.0,74.63,29.12
2021-05-24 09:00:00,27.0,36.0,70.86,29.9
2021-05-24 10:00:00,28.68,78.0,66.21,31.04
2021-05-24 11:00:00,28.0,81.59,64.26,31.27
2021-05-24 12:00:00,20.08,68.98,64.37,31.45
2021-05-24 13:00:00,20.05,90.0,64.25,31.62
2021-05-24 14:00:00,19.32,114.0,62.32,31.88
2021-05-24 15:00:00,33.81,132.65,63.96,31.43
2021-05-24 16:00:00,31.75,163.67,65.97,30.91
2021-05-24 17:00:00,31.77,137.0,69.25,30.02
2021-05-24 18:00:00,43.27,111.5,73.87,29.06
2021-05-24 19:00:00,35.16,97.61,78.97,27.98
2021-05-24 20:00:00,36.38,88.0,80.97,27.7
2021-05-24 21:00:00,39.67,111.14,81.64,27.5
2021-05-24 22:00:00,36.0,108.5,83.31,27.37
2021-05-24 23:00:00,23.06,97.0,83.17,27.36
2021-05-25 00:00:00,40.84,140.93,83.37,27.25
2021-05-25 01:00:00,35.31,95.0,83.27,27.15
2021-05-25 02:00:00,19.48,49.74,83.18,27.04
2021-05-25 03:00:00,23.43,44.5,83.88,26.85
2021-05-25 04:00:00,16.81,37.0,82.45,26.69
2021-05-25 05:00:00,15.32,39.87,84.22,26.52
2021-05-25 06:00:00,17.0,41.0,84.79,26.57
2021-05-25 07:00:00,18.0,50.34,81.55,27.58
2021-05-25 08:00:00,18.16,52.43,75.76,28.98
2021-05-25 09:00:00,19.32,43.67,70.62,29.91
2021-05-25 10:00:00,24.81,73.43,70.92,30.15
2021-05-25 11:00:00,41.75,89.0,71.65,30.38
2021-05-25 12:00:00,28.0,120.0,70.4,30.62
2021-05-25 13:00:00,41.0,137.75,68.56,31.02
2021-05-25 14:00:00,25.0,83.87,65.37,31.73
2021-05-25 15:00:00,38.81,111.43,68.45,31.0
2021-05-25 16:00:00,38.25,136.0,70.01,30.36
2021-05-25 17:00:00,40.81,112.86,74.64,29.38
2021-05-25 18:00:00,40.98,122.46,77.69,28.62
2021-05-25 19:00:00,62.0,135.34,80.38,27.89
2021-05-25 20:00:00,18.02858834392279,95.455,80.625,27.72
2021-05-25 21:00:00,20.62,55.57,80.87,27.55
2021-05-25 22:00:00,19.0,51.15,81.13,27.43
2021-05-25 23:00:00,18.56,55.5,80.69,27.33
2021-05-26 00:00:00,22.76,69.5,81.72,27.13
2021-05-26 01:00:00,14.737224674757666,68.81,81.52,26.97
2021-05-26 02:00:00,26.89,68.12,81.32,26.81
2021-05-26 03:00:00,22.0,67.43,81.4,26.88
2021-05-26 04:00:00,22.0,64.0,80.91,26.81
2021-05-26 05:00:00,24.38,41.77,82.38,26.39
2021-05-26 06:00:00,28.0,81.23,82.72,26.32
2021-05-26 07:00:00,23.0,76.14,79.73,27.2
2021-05-26 08:00:00,13.76,45.28,73.6,28.5
2021-05-26 09:00:00,11.29,45.72,69.86,29.52
2021-05-26 10:00:00,14.0,76.0,67.17,30.02
2021-05-26 11:00:00,33.0,106.28,64.17,31.07
2021-05-26 12:00:00,38.0,107.24,62.9,30.88
2021-05-26 13:00:00,35.86,128.72,61.76,31.38
2021-05-26 14:00:00,43.43,152.57,60.95,31.34
2021-05-26 15:00:00,38.0,165.86,62.63,31.1
2021-05-26 16:00:00,34.65,195.17,64.78,30.61
2021-05-26 17:00:00,30.36,174.76,66.91,29.85
2021-05-26 18:00:00,26.29,166.0,69.42,29.19
2021-05-26 19:00:00,38.41,131.43,73.64,28.18
2021-05-26 20:00:00,48.62,150.36,74.55,28.01
2021-05-26 21:00:00,26.0,82.0,75.43,27.84
2021-05-26 22:00:00,26.0,85.91,76.37,27.78
2021-05-26 23:00:00,25.82,94.72,76.6,27.66
2021-05-27 00:00:00,23.36,77.14,77.62,27.53
2021-05-27 01:00:00,21.34,58.57,80.95,27.05
2021-05-27 02:00:00,44.0,70.53,80.49000000000001,27.045
2021-05-27 03:00:00,29.0,82.49,80.03,27.04
2021-05-27 04:00:00,14.14,40.0,78.67,27.41
2021-05-27 05:00:00,18.24,43.0,79.47,27.18
2021-05-27 06:00:00,14.67,49.43,79.97,27.37
2021-05-27 07:00:00,11.0,52.0,76.65,28.35
2021-05-27 08:00:00,19.83,64.07,89.15,26.12
2021-05-27 09:00:00,9.23,32.0,77.2,28.98
2021-05-27 10:00:00,13.29,67.0,72.2,30.3
2021-05-27 11:00:00,16.27,86.62,71.0,30.36
2021-05-27 12:00:00,20.87,93.74,70.49,30.46
2021-05-27 13:00:00,40.0,128.5,69.57,30.75
2021-05-27 14:00:00,38.23,100.2,66.99,31.09
2021-05-27 15:00:00,29.74,113.78,66.22,31.18
2021-05-27 16:00:00,29.38,129.0,69.06,30.43
2021-05-27 17:00:00,19.4,126.43,69.71,30.11
2021-05-27 18:00:00,43.0,147.47,75.9,28.9
2021-05-27 19:00:00,32.38,123.89,77.64,28.27
2021-05-27 20:00:00,17.67,95.35,78.18,28.12
2021-05-27 21:00:00,23.42,66.57,79.55,27.87
2021-05-27 22:00:00,21.0,60.14,79.23,27.96
2021-05-27 23:00:00,16.0,50.28,79.78,27.82
2021-05-28 00:00:00,15.57,50.28,80.15,27.79
2021-05-28 01:00:00,17.52,131.11,82.43,27.4
2021-05-28 02:00:00,13.09,78.14,83.14,27.3
2021-05-28 03:00:00,16.29,62.14,82.25,27.45
2021-05-28 04:00:00,26.0,86.5,83.13,27.34
2021-05-28 05:00:00,17.42,66.43,83.76,27.24
2021-05-28 06:00:00,22.83,55.0,83.89,27.38
2021-05-28 07:00:00,29.55,69.14,80.25,28.17
2021-05-28 08:00:00,16.84,58.5,76.46,29.39
2021-05-28 09:00:00,21.0,53.41,72.47,30.05
2021-05-28 10:00:00,12.05,57.64,70.61,30.61
2021-05-28 11:00:00,41.0,90.57,67.68,31.43
2021-05-28 12:00:00,32.52,129.72,66.9,31.32
2021-05-28 13:00:00,22.0,128.0,70.26,30.88
2021-05-28 14:00:00,22.19,154.14,67.38,31.43
2021-05-28 15:00:00,25.14,140.86,67.42,31.08
2021-05-28 16:00:00,26.06,121.57333333333334,70.15,30.456666666666667
2021-05-28 17:00:00,19.67,102.28666666666666,72.88,29.833333333333332
2021-05-28 18:00:00,16.16,83.0,75.61,29.21
2021-05-28 19:00:00,18.74,75.5,78.75,28.61
2021-05-28 20:00:00,21.62,70.57,79.81,28.3
2021-05-28 21:00:00,18.0,69.47,80.83500000000001,28.175
2021-05-28 22:00:00,17.66,68.37,81.86,28.05
2021-05-28 23:00:00,28.03,68.72,82.78,28.05
2021-05-29 00:00:00,17.25,54.0,83.28,27.73
2021-05-29 01:00:00,20.76,51.62,83.50333333333333,27.62
2021-05-29 02:00:00,20.67,49.24,83.72666666666667,27.509999999999998
2021-05-29 03:00:00,6.95,46.86,83.95,27.4
2021-05-29 04:00:00,16.07,71.0,84.22,27.17
2021-05-29 05:00:00,12.19,61.25,84.215,27.225
2021-05-29 06:00:00,14.52,51.5,84.21,27.28
2021-05-29 07:00:00,19.71,56.78,79.1,28.89
2021-05-29 08:00:00,17.33,45.0,76.55,29.23
2021-05-29 09:00:00,17.211693381795264,47.07692307692308,76.27423076923077,29.290769230769232
2021-05-29 10:00:00,16.21573409762743,49.15384615384615,75.99846153846154,29.35153846153846
2021-05-29 11:00:00,18.067623015371684,51.23076923076923,75.7226923076923,29.412307692307692
2021-05-29 12:00:00,15.53301734557487,53.30769230769231,75.44692307692307,29.473076923076924
2021-05-29 13:00:00,14.326761477406592,55.38461538461539,75.17115384615384,29.533846153846152
2021-05-29 14:00:00,31.96,57.46153846153847,74.89538461538461,29.594615384615384
2021-05-29 15:00:00,37.0,59.53846153846154,74.61961538461539,29.655384615384616
2021-05-29 16:00:00,28.43,61.61538461538461,74.34384615384614,29.716153846153848
2021-05-29 17:00:00,33.72,63.69230769230769,74.06807692307692,29.776923076923076
2021-05-29 18:00:00,31.57,65.76923076923077,73.79230769230769,29.837692307692308
2021-05-29 19:00:00,33.17,67.84615384615384,73.51653846153846,29.89846153846154
2021-05-29 20:00:00,23.91,69.92307692307693,73.24076923076923,29.959230769230768
2021-05-29 21:00:00,23.0,72.0,72.965,30.02
2021-05-29 22:00:00,23.0,74.07692307692308,72.68923076923076,30.08076923076923
2021-05-29 23:00:00,21.0,76.15384615384616,72.41346153846153,30.14153846153846
2021-05-30 00:00:00,21.0,78.23076923076923,72.1376923076923,30.20230769230769
2021-05-30 01:00:00,21.0,80.30769230769232,71.86192307692308,30.263076923076923
2021-05-30 02:00:00,17.0,82.38461538461539,71.58615384615385,30.32384615384615
2021-05-30 03:00:00,16.08,84.46153846153847,71.3103846153846,30.384615384615383
2021-05-30 04:00:00,17.0,86.53846153846155,71.03461538461538,30.445384615384615
2021-05-30 05:00:00,17.0,88.61538461538461,70.75884615384615,30.506153846153843
2021-05-30 06:00:00,14.42,90.6923076923077,70.48307692307692,30.566923076923075
2021-05-30 07:00:00,29.63,92.76923076923077,70.2073076923077,30.627692307692307
2021-05-30 08:00:00,27.91,94.84615384615385,69.93153846153845,30.68846153846154
2021-05-30 09:00:00,27.0,96.92307692307693,69.65576923076922,30.749230769230767
2021-05-30 10:00:00,32.0,99.0,69.38,30.81
2021-05-30 11:00:00,43.0,100.84,64.3,31.78
2021-05-30 12:00:00,24.0,107.32333333333334,64.47,31.935000000000002
2021-05-30 13:00:00,36.0,113.80666666666667,64.64,32.09
2021-05-30 14:00:00,34.0,120.29,65.4,32.15
2021-05-30 15:00:00,17.0,148.645,67.815,31.36
2021-05-30 16:00:00,50.05,177.0,70.23,30.57
2021-05-30 17:00:00,39.58,124.5,71.025,30.125
2021-05-30 18:00:00,23.62,72.0,71.82,29.68
2021-05-30 19:00:00,20.0,63.0,74.695,29.134999999999998
2021-05-30 20:00:00,19.64,54.0,77.57,28.59
2021-05-30 21:00:00,15.66,44.665,79.205,27.564999999999998
2021-05-30 22:00:00,14.0,35.33,80.84,26.54
2021-05-30 23:00:00,17.0,33.14,81.38,26.71
2021-05-31 00:00:00,20.0,29.57,82.66,26.380000000000003
2021-05-31 01:00:00,25.23,26.0,83.94,26.05
2021-05-31 02:00:00,18.75,26.5,82.35,25.93
2021-05-31 03:00:00,25.73,27.0,82.33,25.69
2021-05-31 04:00:00,22.58,39.0,82.85,25.77
2021-05-31 05:00:00,18.29,40.666666666666664,82.3625,26.29
2021-05-31 06:00:00,21.0,42.333333333333336,81.875,26.810000000000002
2021-05-31 07:00:00,24.84,44.0,81.3875,27.330000000000002
2021-05-31 08:00:00,24.12,45.666666666666664,80.9,27.85
2021-05-31 09:00:00,35.0,47.333333333333336,77.52,28.97
2021-05-31 10:00:00,23.0,49.0,71.56,30.64
2021-05-31 11:00:00,19.81,56.5,84.96,26.21
2021-05-31 12:00:00,17.54,40.44,97.0,24.6
2021-05-31 13:00:00,14.219679415593188,71.22,86.59,27.285
2021-05-31 14:00:00,34.0,102.0,76.18,29.97
2021-05-31 15:00:00,35.91,85.52,79.13,28.55
2021-05-31 16:00:00,33.75,106.5,79.38,28.56
2021-05-31 17:00:00,31.0,91.74,76.72,28.88
2021-05-31 18:00:00,29.0,82.78333333333333,78.38333333333333,28.29
2021-05-31 19:00:00,37.0,73.82666666666667,80.04666666666667,27.7
2021-05-31 20:00:00,27.0,64.87,81.71,27.11
2021-05-31 21:00:00,26.86,57.0,84.8,26.73
2021-05-31 22:00:00,22.0,57.0,85.64,26.68
2021-05-31 23:00:00,31.85,65.5,85.85,26.54
2021-06-01 00:00:00,28.95,51.0,86.27,26.35
2021-06-01 01:00:00,19.0,45.93,87.16,26.19
2021-06-01 02:00:00,19.29,41.0,87.95,26.0
2021-06-01 03:00:00,21.52,53.98,88.02,25.98
2021-06-01 04:00:00,17.67,46.65,88.2,25.97
2021-06-01 05:00:00,24.0,27.55,89.28,25.76
2021-06-01 06:00:00,23.52,51.0,88.09,26.23
2021-06-01 07:00:00,19.09,35.0,84.42,27.3
2021-06-01 08:00:00,19.67,33.57,79.65,28.7
2021-06-01 09:00:00,15.53,34.0,73.62,30.18
2021-06-01 10:00:00,13.89,39.0,73.23,30.1
2021-06-01 11:00:00,24.83,114.0,69.94,31.13
2021-06-01 12:00:00,33.54,83.41,69.67,31.11
2021-06-01 13:00:00,27.84,67.44,67.58,31.69
2021-06-01 14:00:00,14.1,65.0,67.33,31.77
2021-06-01 15:00:00,15.59,57.6,68.48,31.62
2021-06-01 16:00:00,21.19,83.67,71.31,31.08
2021-06-01 17:00:00,22.24,85.51473684210526,74.15,30.34
2021-06-01 18:00:00,15.54,87.35947368421053,74.51666666666667,30.25777777777778
2021-06-01 19:00:00,22.45,89.20421052631579,74.88333333333334,30.175555555555555
2021-06-01 20:00:00,26.43,91.04894736842105,75.25,30.093333333333334
2021-06-01 21:00:00,20.63,92.89368421052632,75.61666666666667,30.01111111111111
2021-06-01 22:00:00,17.19,94.73842105263158,75.98333333333333,29.92888888888889
2021-06-01 23:00:00,18.33,96.58315789473684,76.35000000000001,29.846666666666668
2021-06-02 00:00:00,12.33,98.4278947368421,76.71666666666667,29.764444444444443
2021-06-02 01:00:00,16.86,100.27263157894737,77.08333333333334,29.682222222222222
2021-06-02 02:00:00,25.58,102.11736842105263,77.45,29.6
2021-06-02 03:00:00,32.0,103.9621052631579,77.81666666666666,29.517777777777777
2021-06-02 04:00:00,31.0,105.80684210526316,78.18333333333334,29.435555555555556
2021-06-02 05:00:00,20.38,107.65157894736842,78.55,29.35333333333333
2021-06-02 06:00:00,23.91,109.49631578947368,78.91666666666667,29.27111111111111
2021-06-02 07:00:00,23.57,111.34105263157895,79.28333333333333,29.18888888888889
2021-06-02 08:00:00,28.7,113.18578947368421,79.65,29.106666666666666
2021-06-02 09:00:00,25.58,115.03052631578947,80.01666666666667,29.024444444444445
2021-06-02 10:00:00,21.0,116.87526315789474,80.38333333333334,28.94222222222222
2021-06-02 11:00:00,41.57,118.72,80.75,28.86
2021-06-02 12:00:00,64.4,134.28,72.22,30.91
2021-06-02 13:00:00,46.4,138.0,70.93,30.25
2021-06-02 14:00:00,30.76,133.44444444444446,70.43666666666667,30.60333333333333
2021-06-02 15:00:00,36.33,128.88888888888889,69.94333333333334,30.956666666666667
2021-06-02 16:00:00,17.25,124.33333333333333,69.45,31.31
2021-06-02 17:00:00,9.48,119.77777777777777,71.42,30.78
2021-06-02 18:00:00,15.0,115.22222222222223,73.39,30.25
2021-06-02 19:00:00,15.69,110.66666666666667,77.75,28.57
2021-06-02 20:00:00,21.58,106.11111111111111,82.11,26.89
2021-06-02 21:00:00,16.81,101.55555555555556,86.47,25.21
2021-06-02 22:00:00,15.38,97.0,86.3225,25.205000000000002
2021-06-02 23:00:00,18.62,92.44444444444444,86.175,25.200000000000003
2021-06-03 00:00:00,14.52,87.88888888888889,86.0275,25.195
2021-06-03 01:00:00,9.81,83.33333333333334,85.88,25.19
2021-06-03 02:00:00,8.19,78.77777777777777,85.7325,25.185000000000002
2021-06-03 03:00:00,10.47,74.22222222222223,85.58500000000001,25.18
2021-06-03 04:00:00,15.47,69.66666666666667,85.4375,25.175
2021-06-03 05:00:00,21.08,65.11111111111111,85.29,25.17
2021-06-03 06:00:00,33.76,60.55555555555556,82.935,25.990000000000002
2021-06-03 07:00:00,40.74,56.0,80.58,26.81
2021-06-03 08:00:00,36.25,55.07,71.02,28.43
2021-06-03 09:00:00,17.0,39.78,62.91,31.16
2021-06-03 10:00:00,21.38,36.0,60.98,32.02
2021-06-03 11:00:00,22.38,37.42,58.76,32.87
2021-06-03 12:00:00,26.19,55.0,58.89,32.9
2021-06-03 13:00:00,29.04,73.42,63.54,32.06
2021-06-03 14:00:00,41.03,94.46,62.04,32.24
2021-06-03 15:00:00,21.95,103.56,60.21,32.24
2021-06-03 16:00:00,12.49,79.39,61.99,31.91
2021-06-03 17:00:00,16.42,92.03,67.43,30.54
2021-06-03 18:00:00,11.43,105.38,72.74,29.38
2021-06-03 19:00:00,24.32,93.71,77.9,28.61
2021-06-03 20:00:00,17.91,52.86,73.04,27.97
2021-06-03 21:00:00,18.12,37.58,69.31,27.03
2021-06-03 22:00:00,30.43,60.47,73.66,27.09
2021-06-03 23:00:00,25.25,75.67,74.51,26.99
2021-06-04 00:00:00,27.83,60.23,72.93,26.38
2021-06-04 01:00:00,26.08,40.96,74.06,25.92
2021-06-04 02:00:00,26.42,35.0,76.13,25.31
2021-06-04 03:00:00,19.13,24.29,77.12,25.14
2021-06-04 04:00:00,15.34,20.0,78.12,25.06
2021-06-04 05:00:00,19.57,25.02,78.65,25.09
2021-06-04 06:00:00,25.19,31.27,79.81,25.2
2021-06-04 07:00:00,27.57,37.25,78.61,26.12
2021-06-04 08:00:00,32.43,42.54,73.28,28.6
2021-06-04 09:00:00,25.38,38.09,69.45,30.31
2021-06-04 10:00:00,9.9,25.04,63.58,31.59
2021-06-04 11:00:00,9.29,27.98,60.2,32.42
2021-06-04 12:00:00,12.98,51.34,60.38,32.47
2021-06-04 13:00:00,21.7,77.78,63.99,31.72
2021-06-04 14:00:00,18.81,75.84,61.51,32.75
2021-06-04 15:00:00,16.48,84.25,62.83,32.14
2021-06-04 16:00:00,11.75,74.54,65.8,31.36
2021-06-04 17:00:00,19.74,88.2,71.12,30.09
2021-06-04 18:00:00,16.58,72.53,71.99,29.62
2021-06-04 19:00:00,11.71,58.41,76.36,27.0
2021-06-04 20:00:00,9.19,41.58,80.31,25.9
2021-06-04 21:00:00,11.58,27.89,79.68,25.9
2021-06-04 22:00:00,18.09,32.13,79.06,26.2
2021-06-04 23:00:00,18.82,37.5,77.42,26.38
2021-06-05 00:00:00,16.67,33.6,77.99,25.91
2021-06-05 01:00:00,13.69,31.71,81.09,25.58
2021-06-05 02:00:00,20.18,45.52,79.19,25.64
2021-06-05 03:00:00,21.8,42.89,80.72,25.47
2021-06-05 04:00:00,20.85,39.82,82.39,25.37
2021-06-05 05:00:00,31.59,43.71,82.77,25.45
2021-06-05 06:00:00,37.17,46.13,84.68,25.24
2021-06-05 07:00:00,38.43,44.88,81.89,25.85
2021-06-05 08:00:00,33.38,44.0,76.58,26.92
2021-06-05 09:00:00,37.09,44.71,75.38,27.64
2021-06-05 10:00:00,37.05,46.5,68.34,29.51
2021-06-05 11:00:00,27.0,48.71,66.65,30.52
2021-06-05 12:00:00,27.43,93.06,65.8,30.68
2021-06-05 13:00:00,32.34,106.02,64.29,31.35
2021-06-05 14:00:00,35.52,105.84,66.22,31.14
2021-06-05 15:00:00,31.47,106.0,71.12,29.65
2021-06-05 16:00:00,44.91,144.96,74.57,29.07
2021-06-05 17:00:00,41.92,97.71,70.28,27.75
2021-06-05 18:00:00,19.27,40.73,72.21,27.28
2021-06-05 19:00:00,21.83,39.33,76.02,26.95
2021-06-05 20:00:00,20.92,56.04,78.15,26.91
2021-06-05 21:00:00,30.75,71.66,80.28,26.57
2021-06-05 22:00:00,28.0,63.91,81.09,26.5
2021-06-05 23:00:00,28.1,56.25,81.73,26.36
2021-06-06 00:00:00,29.4,62.38,83.15,25.97
2021-06-06 01:00:00,34.1,147.51,84.87,23.68
2021-06-06 02:00:00,32.05,83.25,96.72,22.16
2021-06-06 03:00:00,4.0,43.0,97.96,21.9
2021-06-06 04:00:00,15.28,43.83,98.38,21.65
2021-06-06 05:00:00,25.36,86.75,98.5,21.68
2021-06-06 06:00:00,8.52,103.0,98.77,21.94
2021-06-06 07:00:00,12.33,59.5,98.52,22.41
2021-06-06 08:00:00,15.0,16.0,95.69,23.93
2021-06-06 09:00:00,17.92,31.69,90.45,24.99
2021-06-06 10:00:00,16.51,26.62,75.31,28.12
2021-06-06 11:00:00,12.4,27.56,63.47,29.66
2021-06-06 12:00:00,16.21,20.43,59.63,30.99
2021-06-06 13:00:00,13.98,36.9,58.18,31.81
2021-06-06 14:00:00,23.09,90.33,57.9,31.91
2021-06-06 15:00:00,23.62,105.0,60.76,31.54
2021-06-06 16:00:00,21.52,95.31,65.26,30.69
2021-06-06 17:00:00,35.52,89.46,68.86,29.85
2021-06-06 18:00:00,31.69,75.25,71.67,29.01
2021-06-06 19:00:00,38.64,68.58,76.06,27.75
2021-06-06 20:00:00,43.03,105.83,77.45,27.47
2021-06-06 21:00:00,24.02,67.11,78.41,27.36
2021-06-06 22:00:00,15.17,43.62,78.89,27.34
2021-06-06 23:00:00,19.43,50.92,84.44,25.54
2021-06-07 00:00:00,42.07,55.0,84.36,26.5
2021-06-07 01:00:00,19.71,44.67,83.94,26.44
2021-06-07 02:00:00,18.35,71.08,83.02,26.4
2021-06-07 03:00:00,29.17,56.21,85.17,25.75
2021-06-07 04:00:00,9.16,29.94,88.75,24.88
2021-06-07 05:00:00,9.66,11.66,97.6,22.02
2021-06-07 06:00:00,6.17,9.15,98.29,22.37
2021-06-07 07:00:00,9.513415739347833,15.100000000000001,98.27,22.6
2021-06-07 08:00:00,9.865534494875789,21.05,96.37,24.81
2021-06-07 09:00:00,13.0,27.0,83.53,27.09
2021-06-07 10:00:00,24.0,36.92,92.06,23.23
2021-06-07 11:00:00,24.17,33.21,85.47,26.43
2021-06-07 12:00:00,25.29,36.42,70.65,29.7
2021-06-07 13:00:00,17.33,38.29,70.97,29.94
2021-06-07 14:00:00,10.49,45.34,62.79,31.23
2021-06-07 15:00:00,15.26,46.0,65.94,30.23
2021-06-07 16:00:00,18.0,55.96,73.46,28.45
2021-06-07 17:00:00,18.78,57.17,68.9,29.61
2021-06-07 18:00:00,26.71,56.0,70.72,28.76
2021-06-07 19:00:00,24.76,59.42,76.18,27.53
2021-06-07 20:00:00,31.14,80.62,79.15,27.08
2021-06-07 21:00:00,22.61,73.58,83.65,26.51
2021-06-07 22:00:00,17.51,39.79,84.0,26.22
2021-06-07 23:00:00,12.83,31.13,84.49,26.2
2021-06-08 00:00:00,11.09,24.21,86.07,25.87
2021-06-08 01:00:00,12.32,20.29,87.7,25.48
2021-06-08 02:00:00,16.83,24.25,89.28,25.07
2021-06-08 03:00:00,25.8,42.0,91.36,24.44
2021-06-08 04:00:00,23.57,32.1,92.5,24.27
2021-06-08 05:00:00,19.0,37.92,91.06,24.33
2021-06-08 06:00:00,18.66,28.54,92.56,24.26
2021-06-08 07:00:00,14.58,20.5,94.76,24.1
2021-06-08 08:00:00,10.0,18.0,90.86,25.89
2021-06-08 09:00:00,10.61,16.75,84.06,27.14
2021-06-08 10:00:00,18.33,31.4,87.33,25.9
2021-06-08 11:00:00,32.43,80.21,95.81,24.77
2021-06-08 12:00:00,25.75,68.47333333333333,87.79666666666667,26.506666666666668
2021-06-08 13:00:00,10.91,56.736666666666665,79.78333333333333,28.243333333333332
2021-06-08 14:00:00,9.35,45.0,71.77,29.98
2021-06-08 15:00:00,12.9,52.79,69.6,30.48
2021-06-08 16:00:00,13.04,64.43,78.06,28.44
2021-06-08 17:00:00,23.31,64.67,84.06,26.47
2021-06-08 18:00:00,16.92,59.29,83.61,26.5
2021-06-08 19:00:00,27.0,54.73,85.59,26.02
2021-06-08 20:00:00,27.49,63.62,88.72,25.58
2021-06-08 21:00:00,30.27,57.02,95.95,23.77
2021-06-08 22:00:00,11.28,13.59,98.08,23.79
2021-06-08 23:00:00,7.83,10.29,98.37,23.8
2021-06-09 00:00:00,6.43,11.41,98.57,23.89
2021-06-09 01:00:00,11.29,16.25,98.59,23.71
2021-06-09 02:00:00,14.5,18.0,98.74,23.34
2021-06-09 03:00:00,19.31,23.66,98.98,23.16
2021-06-09 04:00:00,13.0,24.29,99.03,23.18
2021-06-09 05:00:00,12.81,24.0,99.18,23.15
2021-06-09 06:00:00,11.0,24.0,99.32,23.53
2021-06-09 07:00:00,18.0,16.375,99.27,23.31
2021-06-09 08:00:00,5.74,8.75,99.28,22.72
2021-06-09 09:00:00,3.0,7.0,99.47,22.57
2021-06-09 10:00:00,5.0,5.67,99.61,23.06
2021-06-09 11:00:00,8.0,10.59,99.61,23.11
2021-06-09 12:00:00,13.063212180771268,10.64125,99.61125,23.01125
2021-06-09 13:00:00,7.974405890303162,10.692499999999999,99.6125,22.9125
2021-06-09 14:00:00,11.678362013439692,10.74375,99.61375,22.81375
2021-06-09 15:00:00,10.467667611650633,10.795,99.61500000000001,22.715
2021-06-09 16:00:00,5.072673209547512,10.84625,99.61625000000001,22.61625
2021-06-09 17:00:00,11.851336973134867,10.8975,99.6175,22.5175
2021-06-09 18:00:00,12.347888693570273,10.94875,99.61875,22.41875
2021-06-09 19:00:00,7.0,11.0,99.62,22.32
2021-06-09 20:00:00,14.187138148999452,15.886666666666667,99.72,22.0
2021-06-09 21:00:00,2.42,20.773333333333333,99.81,22.4
2021-06-09 22:00:00,6.91,25.66,99.67,22.35
2021-06-09 23:00:00,15.222044209220373,29.70125,99.2,22.55
2021-06-10 00:00:00,14.047093903718897,33.7425,97.846,22.88266666666667
2021-06-10 01:00:00,20.55,37.78375,96.492,23.215333333333334
2021-06-10 02:00:00,30.703972220221885,41.825,95.138,23.548000000000002
2021-06-10 03:00:00,31.395523916401164,45.866249999999994,93.784,23.880666666666666
2021-06-10 04:00:00,21.331824212421783,49.9075,92.43,24.213333333333335
2021-06-10 05:00:00,30.005357526146863,53.948750000000004,91.07600000000001,24.546
2021-06-10 06:00:00,29.700159329809956,57.989999999999995,89.72200000000001,24.878666666666668
2021-06-10 07:00:00,14.463604940935912,62.03125,88.368,25.211333333333332
2021-06-10 08:00:00,31.474568721872075,66.07249999999999,87.01400000000001,25.544
2021-06-10 09:00:00,30.841081055316458,70.11375,85.66,25.876666666666665
2021-06-10 10:00:00,15.419202714464793,74.155,84.306,26.209333333333333
2021-06-10 11:00:00,18.256730752454864,78.19624999999999,82.952,26.541999999999998
2021-06-10 12:00:00,29.669592501277457,82.2375,81.598,26.874666666666666
2021-06-10 13:00:00,17.33,86.27875,80.244,27.20733333333333
2021-06-10 14:00:00,24.67,90.32,78.89,27.54
2021-06-10 15:00:00,29.93,54.17,86.67,25.87
2021-06-10 16:00:00,19.62,70.96,98.11,22.41
2021-06-10 17:00:00,18.32,68.66,99.18,21.93
2021-06-10 18:00:00,43.91,83.0,99.53,22.46
2021-06-10 19:00:00,24.59,95.83,99.45,22.67
2021-06-10 20:00:00,30.78,113.22,99.58,22.16
2021-06-10 21:00:00,37.53,65.57,99.53,21.59
2021-06-10 22:00:00,21.63,27.83,99.73,21.93
2021-06-10 23:00:00,19.27,22.0,99.8,22.14
2021-06-11 00:00:00,11.83,17.76,99.81,22.42
2021-06-11 01:00:00,10.09,19.54,99.82,22.59
2021-06-11 02:00:00,11.46,18.18,99.84,22.8
2021-06-11 03:00:00,16.0,17.0,99.69,22.99
2021-06-11 04:00:00,18.66,31.66,99.32,22.98
2021-06-11 05:00:00,14.83,22.38,99.27,22.69
2021-06-11 06:00:00,12.83,18.0,99.83,22.48
2021-06-11 07:00:00,11.0,14.63,99.89,22.56
2021-06-11 08:00:00,9.31229037950687,16.78,99.9,23.0
2021-06-11 09:00:00,11.74,18.93,99.7,23.68
2021-06-11 10:00:00,9.0,14.59,98.91,24.91
2021-06-11 11:00:00,7.83,17.02,88.15,27.87
2021-06-11 12:00:00,6.52,23.69,88.76,26.27
2021-06-11 13:00:00,12.15,24.58,99.15,24.41
2021-06-11 14:00:00,14.1,33.92,99.25,23.64
2021-06-11 15:00:00,16.1,39.41,99.31,23.49
2021-06-11 16:00:00,25.23,34.51,99.29,23.38
2021-06-11 17:00:00,13.3,24.88,99.84,22.87
2021-06-11 18:00:00,24.74,37.66,99.89,22.97
2021-06-11 19:00:00,4.26,17.75,99.9,23.14
2021-06-11 20:00:00,7.09,11.12,99.9,23.01
2021-06-11 21:00:00,8.0,13.0,99.9,22.9
2021-06-11 22:00:00,8.26,13.29,99.9,23.07
2021-06-11 23:00:00,11.42,13.71,99.9,22.9
2021-06-12 00:00:00,29.476725796395655,14.883333333333335,99.9,22.91
2021-06-12 01:00:00,12.27,16.05666666666667,99.9,22.91
2021-06-12 02:00:00,9.29,17.23,99.9,23.32
2021-06-12 03:00:00,12.2,19.0,99.9,23.05
2021-06-12 04:00:00,14.0,17.5,99.9,23.05
2021-06-12 05:00:00,14.0,16.0,99.9,22.71
2021-06-12 06:00:00,9.0,13.775,99.9,22.96
2021-06-12 07:00:00,8.95,11.55,99.9,23.07
2021-06-12 08:00:00,6.914907302523196,12.66,99.9,23.33
2021-06-12 09:00:00,17.37,13.77,99.9,23.64
2021-06-12 10:00:00,30.922399600466875,19.884999999999998,99.9,22.92
2021-06-12 11:00:00,11.0,26.0,99.9,22.74
2021-06-12 12:00:00,29.328060365526504,18.125,99.9,23.74
2021-06-12 13:00:00,2.09,10.25,99.89,24.16
2021-06-12 14:00:00,3.0,16.48,99.31,25.07
2021-06-12 15:00:00,3.87,20.53,94.77,26.67
2021-06-12 16:00:00,13.36,28.37,80.84,28.43
2021-06-12 17:00:00,20.2,65.56,80.08,28.2
2021-06-12 18:00:00,50.45,83.53,93.79,25.21
2021-06-12 19:00:00,12.92,54.54,94.77,25.19
2021-06-12 20:00:00,11.91,29.3,94.99,25.38
2021-06-12 21:00:00,10.65,26.12,93.48,25.48
2021-06-12 22:00:00,7.53,23.45,91.68,25.56
2021-06-12 23:00:00,13.2,28.32,90.14,25.77
2021-06-13 00:00:00,15.0,33.0,89.22,25.79
2021-06-13 01:00:00,12.66,31.5,90.23,26.0
2021-06-13 02:00:00,11.09,26.59,91.25,25.84
2021-06-13 03:00:00,11.02,26.0,92.56,25.72
2021-06-13 04:00:00,6.84,21.06,96.28,24.89
2021-06-13 05:00:00,5.0,16.0,96.94,24.12
2021-06-13 06:00:00,9.59,15.0,97.17,24.11
2021-06-13 07:00:00,15.0,19.5,96.81,24.23
2021-06-13 08:00:00,17.52,21.0,99.28,24.45
2021-06-13 09:00:00,22.54,28.76,98.45,25.33
2021-06-13 10:00:00,32.23,40.16,93.0,26.88
2021-06-13 11:00:00,17.94,34.0,84.64,28.18
2021-06-13 12:00:00,7.0,27.0,80.1,28.76
2021-06-13 13:00:00,4.0,14.0,78.95,29.22
2021-06-13 14:00:00,5.61,25.29,72.37,30.33
2021-06-13 15:00:00,12.47,32.12,74.7,30.09
2021-06-13 16:00:00,18.21,45.0,77.94,29.3
2021-06-13 17:00:00,30.66,66.0,80.59,28.61
2021-06-13 18:00:00,30.58,69.36,83.02,27.83
2021-06-13 19:00:00,45.21,79.7,85.93,27.04
2021-06-13 20:00:00,14.57,55.84,88.34,26.83
2021-06-13 21:00:00,9.31,25.0,89.84,26.69
2021-06-13 22:00:00,6.26,27.0,89.34,26.68
2021-06-13 23:00:00,9.2,26.0,90.62,26.38
2021-06-14 00:00:00,10.69,35.89,90.19,26.32
2021-06-14 01:00:00,14.0,39.185,88.44999999999999,26.34
2021-06-14 02:00:00,17.82,42.48,86.71,26.36
2021-06-14 03:00:00,17.0,71.75,91.34,25.35
2021-06-14 04:00:00,25.13,43.8,92.05,25.26
2021-06-14 05:00:00,16.0,31.52,86.77,25.63
2021-06-14 06:00:00,3.0,37.18,87.87,25.62
2021-06-14 07:00:00,13.530182344993168,47.944,84.69800000000001,26.636
2021-06-14 08:00:00,19.10251087097691,58.708,81.52600000000001,27.652
2021-06-14 09:00:00,34.01968146585649,69.47200000000001,78.35400000000001,28.668
2021-06-14 10:00:00,29.315565726972885,80.23599999999999,75.182,29.683999999999997
2021-06-14 11:00:00,26.13,91.0,72.01,30.7
2021-06-14 12:00:00,102.25,91.0,70.6,30.94
2021-06-14 13:00:00,19.03622033897202,139.70499999999998,68.21,31.23
2021-06-14 14:00:00,24.78589379546256,188.41,68.59,31.61
2021-06-14 15:00:00,9.92,118.82,69.42,31.06
2021-06-14 16:00:00,20.0,125.75,69.81,30.86
2021-06-14 17:00:00,26.68,139.72,72.71,30.14
2021-06-14 18:00:00,64.18,220.86,76.58,29.06
2021-06-14 19:00:00,65.31,319.3,81.88,28.09
2021-06-14 20:00:00,52.11,141.67,84.06,27.67
2021-06-14 21:00:00,24.0,122.0,84.6,27.58
2021-06-14 22:00:00,25.62,107.66,85.16,27.41
2021-06-14 23:00:00,19.2,99.25,85.82,27.39
2021-06-15 00:00:00,21.0,137.85,86.45,27.22
