From Date,PM2.5,PM10,RH,AT
2020-11-01 00:00:00,62.66,103.2,87.03,23.4
2020-11-01 01:00:00,51.91,85.78,87.32,22.74
2020-11-01 02:00:00,42.95,69.28,85.86,22.64
2020-11-01 03:00:00,54.33,84.33,87.48,22.88
2020-11-01 04:00:00,56.0,73.97,90.66,22.25
2020-11-01 05:00:00,37.51,49.55,93.4,22.2
2020-11-01 06:00:00,36.76,45.0,86.77,22.11
2020-11-01 07:00:00,39.64,54.08,87.25,23.3
2020-11-01 08:00:00,66.5,100.7,80.92,25.93
2020-11-01 09:00:00,76.16,108.7,63.16,30.61
2020-11-01 10:00:00,55.8,98.1,50.79,34.57
2020-11-01 11:00:00,58.3,101.78,44.72,36.35
2020-11-01 12:00:00,57.24,94.75,41.44,37.3
2020-11-01 13:00:00,45.52,93.0,42.67,35.92
2020-11-01 14:00:00,50.16,110.33,47.99,36.12
2020-11-01 15:00:00,56.3,110.7,48.74,35.6
2020-11-01 16:00:00,46.43,85.0,50.92,34.11
2020-11-01 17:00:00,37.08,69.33,60.8,29.85
2020-11-01 18:00:00,40.4,63.52,70.25,26.52
2020-11-01 19:00:00,33.95,54.75,73.0,25.49
2020-11-01 20:00:00,27.73,47.23,82.81,24.97
2020-11-01 21:00:00,41.09,57.55,84.4,24.92
2020-11-01 22:00:00,46.52,68.25,87.17,24.63
2020-11-01 23:00:00,44.36,66.7,90.18,24.16
2020-11-02 00:00:00,51.9,79.2,90.68,24.05
2020-11-02 01:00:00,41.52,58.03,85.72,23.64
2020-11-02 02:00:00,34.7,51.35,90.43,23.75
2020-11-02 03:00:00,41.04,54.31,91.28,23.87
2020-11-02 04:00:00,36.72,50.05,87.38,24.24
2020-11-02 05:00:00,53.61,75.49,92.3,23.98
2020-11-02 06:00:00,76.24,104.92,90.6,24.62
2020-11-02 07:00:00,83.4,123.2,86.72,25.87
2020-11-02 08:00:00,85.76,120.22,82.87,27.39
2020-11-02 09:00:00,78.1,119.83,73.39,31.23
2020-11-02 10:00:00,87.57,146.4,60.09,33.98
2020-11-02 11:00:00,89.88,158.0,51.5,35.77
2020-11-02 12:00:00,90.0,161.0,48.91,36.31
2020-11-02 13:00:00,89.12,159.35,48.3,36.94
2020-11-02 14:00:00,88.12,155.69,48.08,37.05
2020-11-02 15:00:00,83.58,157.47,54.65,36.17
2020-11-02 16:00:00,84.76,150.57,63.08,33.25
2020-11-02 17:00:00,85.0,140.75,73.81,29.34
2020-11-02 18:00:00,91.16,157.15,81.43,27.26
2020-11-02 19:00:00,87.6,137.82,85.6,26.54
2020-11-02 20:00:00,79.93,118.15,88.72,26.05
2020-11-02 21:00:00,88.72,128.2,92.78,25.87
2020-11-02 22:00:00,90.0,120.25,90.36,25.8
2020-11-02 23:00:00,99.68,151.0,86.08,25.98
2020-11-03 00:00:00,108.02,173.62,85.84,25.81
2020-11-03 01:00:00,101.08,159.68,86.18,25.6
2020-11-03 02:00:00,98.24,154.35,84.84,25.97
2020-11-03 03:00:00,103.28,152.35,85.12,25.66
2020-11-03 04:00:00,93.43,138.75,87.12,25.25
2020-11-03 05:00:00,81.4,114.0,87.53,25.49
2020-11-03 06:00:00,81.76,115.65,88.96,25.07
2020-11-03 07:00:00,84.64,120.12,82.99,25.77
2020-11-03 08:00:00,90.3,141.56,74.52,27.35
2020-11-03 09:00:00,91.0,140.22,61.97,30.93
2020-11-03 10:00:00,96.28,154.68,52.56,33.9
2020-11-03 11:00:00,94.36,176.97,45.63,35.8
2020-11-03 12:00:00,83.43,164.1,43.39,36.95
2020-11-03 13:00:00,80.25,159.12,43.22,37.48
2020-11-03 14:00:00,74.72,143.56,44.49,37.65
2020-11-03 15:00:00,74.88,128.0,51.75,36.8
2020-11-03 16:00:00,75.88,131.31,59.86,34.68
2020-11-03 17:00:00,74.24,125.4,75.47,30.13
2020-11-03 18:00:00,64.31,109.2,83.53,27.32
2020-11-03 19:00:00,69.16,113.42,89.04,26.5
2020-11-03 20:00:00,72.63,115.0,89.68,26.15
2020-11-03 21:00:00,76.52,109.84,91.41,25.2
2020-11-03 22:00:00,77.0,106.17,90.88,25.05
2020-11-03 23:00:00,78.77,108.47,94.79,24.81
2020-11-04 00:00:00,83.4,119.72,95.7,24.5
2020-11-04 01:00:00,87.52,123.66,96.02,24.36
2020-11-04 02:00:00,97.66,135.55,93.73,24.44
2020-11-04 03:00:00,101.64,147.0,87.05,25.32
2020-11-04 04:00:00,87.91,121.0,85.02,25.47
2020-11-04 05:00:00,76.31,111.1,88.55,24.9
2020-11-04 06:00:00,77.64,113.12,84.24,25.32
2020-11-04 07:00:00,81.52,118.93,85.06,25.07
2020-11-04 08:00:00,82.0,120.0,75.85,27.59
2020-11-04 09:00:00,87.28,134.03,62.78,31.66
2020-11-04 10:00:00,93.28,159.28,53.34,34.56
2020-11-04 11:00:00,96.64,171.43,47.51,36.12
2020-11-04 12:00:00,87.31,163.07,41.53,37.25
2020-11-04 13:00:00,82.48,139.55,41.6,37.84
2020-11-04 14:00:00,74.08,120.12,43.78,37.6
2020-11-04 15:00:00,76.52,130.2,44.73,36.25
2020-11-04 16:00:00,70.84,119.35,53.55,35.03
2020-11-04 17:00:00,69.12,111.0,73.37,29.37
2020-11-04 18:00:00,70.75,117.5,79.16,27.17
2020-11-04 19:00:00,65.7,102.85,84.28,25.74
2020-11-04 20:00:00,68.52,106.42,85.74,25.66
2020-11-04 21:00:00,75.16,115.4,84.93,25.23
2020-11-04 22:00:00,82.16,121.14,88.36,24.71
2020-11-04 23:00:00,96.21,134.38,89.52,24.15
2020-11-05 00:00:00,96.25,137.0,86.33,24.13
2020-11-05 01:00:00,85.43,121.33,87.15,23.68
2020-11-05 02:00:00,76.08,103.18,87.77,23.86
2020-11-05 03:00:00,86.45,118.11,86.03,24.16
2020-11-05 04:00:00,87.12,126.95,84.13,24.52
2020-11-05 05:00:00,93.16,128.0,84.39,23.89
2020-11-05 06:00:00,79.03,115.55,82.84,24.06
2020-11-05 07:00:00,80.51,118.05,79.29,25.03
2020-11-05 08:00:00,75.7,118.35,74.4,26.76
2020-11-05 09:00:00,72.36,111.4,61.88,30.64
2020-11-05 10:00:00,76.42,125.64,53.2,33.67
2020-11-05 11:00:00,98.13,161.89,46.89,34.97
2020-11-05 12:00:00,90.43,164.86,41.74,35.94
2020-11-05 13:00:00,74.08,145.09,40.3,36.95
2020-11-05 14:00:00,65.84,125.36,37.33,37.48
2020-11-05 15:00:00,60.61,115.42,44.21,37.31
2020-11-05 16:00:00,57.36,100.77,53.26,34.95
2020-11-05 17:00:00,56.12,88.13,72.38,29.41
2020-11-05 18:00:00,58.64,83.4,82.25,26.73
2020-11-05 19:00:00,60.76,87.75,80.4,25.7
2020-11-05 20:00:00,55.72,92.29,72.58,25.25
2020-11-05 21:00:00,53.24,74.09,70.85,24.24
2020-11-05 22:00:00,45.08,64.22,75.0,23.97
2020-11-05 23:00:00,66.89,111.67,79.29,23.14
2020-11-06 00:00:00,62.98,102.27,80.04,22.9
2020-11-06 01:00:00,62.88,95.0,79.27,23.25
2020-11-06 02:00:00,63.88,89.0,68.84,24.92
2020-11-06 03:00:00,56.08,81.59,68.25,24.97
2020-11-06 04:00:00,68.21,89.87,73.02,23.95
2020-11-06 05:00:00,73.51,103.55,72.27,23.91
2020-11-06 06:00:00,63.4,96.9,72.24,23.88
2020-11-06 07:00:00,66.39,105.16,66.7,24.93
2020-11-06 08:00:00,66.12,113.76,62.66,26.63
2020-11-06 09:00:00,68.64,112.53,53.58,30.75
2020-11-06 10:00:00,75.16,133.38,46.35,33.06
2020-11-06 11:00:00,74.24,136.35,41.64,34.78
2020-11-06 12:00:00,68.72,123.65,38.19,35.8
2020-11-06 13:00:00,63.6,117.7,37.35,36.52
2020-11-06 14:00:00,56.84,121.12,37.26,36.93
2020-11-06 15:00:00,55.12,101.38,38.23,36.81
2020-11-06 16:00:00,41.79,82.15,43.62,35.65
2020-11-06 17:00:00,39.12,66.62,63.04,30.2
2020-11-06 18:00:00,42.53,79.67,73.04,26.96
2020-11-06 19:00:00,49.14,87.11,62.8,28.3
2020-11-06 20:00:00,52.64,89.65,78.38,25.32
2020-11-06 21:00:00,64.45,99.05,83.14,24.36
2020-11-06 22:00:00,86.25,139.78,89.7,23.97
2020-11-06 23:00:00,95.16,147.18,90.78,23.26
2020-11-07 00:00:00,82.83,120.69,89.93,22.99
2020-11-07 01:00:00,88.92,131.5,88.06,22.63
2020-11-07 02:00:00,72.39,106.95,79.16,23.79
2020-11-07 03:00:00,70.88,102.65,76.56,24.06
2020-11-07 04:00:00,68.36,103.83,73.4,23.71
2020-11-07 05:00:00,69.76,99.05,74.98,23.68
2020-11-07 06:00:00,79.69,116.15,69.16,24.15
2020-11-07 07:00:00,83.64,120.0,66.66,24.44
2020-11-07 08:00:00,86.64,132.0,65.62,25.98
2020-11-07 09:00:00,87.88,151.0,54.73,29.97
2020-11-07 10:00:00,91.52,145.0,50.175,32.099999999999994
2020-11-07 11:00:00,88.48,139.0,45.62,34.23
2020-11-07 12:00:00,76.55,133.0,41.12,35.72
2020-11-07 13:00:00,61.8,127.0,40.82,36.39
2020-11-07 14:00:00,67.05,125.7,42.1,36.86
2020-11-07 15:00:00,63.61,125.0,47.01,36.69
2020-11-07 16:00:00,67.39,119.25,59.92,33.84
2020-11-07 17:00:00,64.48,108.1,74.31,29.53
2020-11-07 18:00:00,57.84,99.42,76.98,27.06
2020-11-07 19:00:00,59.64,93.88,83.31,26.18
2020-11-07 20:00:00,69.69,97.95,82.56,25.81
2020-11-07 21:00:00,67.49,93.25,81.31,25.2
2020-11-07 22:00:00,59.08,94.47,85.74,24.51
2020-11-07 23:00:00,82.66,137.9,85.54,24.67
2020-11-08 00:00:00,98.33,182.35,78.19,25.25
2020-11-08 01:00:00,83.32,151.35,71.67,25.89
2020-11-08 02:00:00,73.08,118.33,67.59,26.29
2020-11-08 03:00:00,67.6,108.89,65.09,26.05
2020-11-08 04:00:00,61.72,95.62,62.3,26.09
2020-11-08 05:00:00,62.76,91.36,57.79,26.34
2020-11-08 06:00:00,60.37,93.47,55.5,26.45
2020-11-08 07:00:00,60.88,90.71,56.12,26.71
2020-11-08 08:00:00,61.88,100.72,55.77,27.81
2020-11-08 09:00:00,61.12,106.29,52.52,30.52
2020-11-08 10:00:00,75.97,128.45,49.02,32.85
2020-11-08 11:00:00,78.0,148.0,44.88,34.69
2020-11-08 12:00:00,67.47,129.91,41.16,35.76
2020-11-08 13:00:00,54.59,106.27,39.54,36.37
2020-11-08 14:00:00,53.88,92.95,40.35,37.69
2020-11-08 15:00:00,55.76,98.42,42.59,37.8
2020-11-08 16:00:00,56.0,92.6,52.43,34.94
2020-11-08 17:00:00,57.76,100.87,68.68,29.91
2020-11-08 18:00:00,62.4,103.0,81.92,26.96
2020-11-08 19:00:00,62.12,93.92,80.45,25.9
2020-11-08 20:00:00,56.73,87.45,82.77,25.37
2020-11-08 21:00:00,48.1,68.56,85.56,24.64
2020-11-08 22:00:00,51.4,67.47,84.7,24.48
2020-11-08 23:00:00,76.66,117.5,82.1,24.93
2020-11-09 00:00:00,86.14,132.1,82.46,24.37
2020-11-09 01:00:00,77.31,114.03,85.21,23.55
2020-11-09 02:00:00,72.48,110.0,86.47,23.44
2020-11-09 03:00:00,87.84,129.73,86.35,23.57
2020-11-09 04:00:00,92.63,131.53,76.43,24.68
2020-11-09 05:00:00,85.1,127.0,76.47,23.68
2020-11-09 06:00:00,84.0,111.0,73.52,23.59
2020-11-09 07:00:00,77.84,114.29,69.29,24.43
2020-11-09 08:00:00,77.88,116.65,66.22,26.03
2020-11-09 09:00:00,85.05,131.0,55.73,30.34
2020-11-09 10:00:00,96.57,161.13,45.8,33.27
2020-11-09 11:00:00,94.48,168.65,42.41,34.12
2020-11-09 12:00:00,86.08,156.67,39.83,36.06
2020-11-09 13:00:00,73.59,139.2,35.16,36.91
2020-11-09 14:00:00,60.55,133.4,36.09,37.22
2020-11-09 15:00:00,48.43,93.36,38.77,36.9
2020-11-09 16:00:00,44.36,71.84,48.17,34.93
2020-11-09 17:00:00,43.12,78.9,69.78,28.89
2020-11-09 18:00:00,46.51,67.02,80.2,25.6
2020-11-09 19:00:00,43.48,70.58,80.79,24.6
2020-11-09 20:00:00,52.69,76.93,82.91,24.4
2020-11-09 21:00:00,54.88,72.25,79.68,23.81
2020-11-09 22:00:00,45.31,54.55,77.2,23.88
2020-11-09 23:00:00,53.66,88.0,82.22,23.52
2020-11-10 00:00:00,76.07,118.2,83.18,23.31
2020-11-10 01:00:00,82.51,127.11,85.48,22.63
2020-11-10 02:00:00,79.49,123.49,78.47,23.93
2020-11-10 03:00:00,89.56,141.56,80.0,23.21
2020-11-10 04:00:00,76.08,115.58,74.39,23.76
2020-11-10 05:00:00,64.34,99.92,71.79,23.52
2020-11-10 06:00:00,70.9,106.22,70.82,22.93
2020-11-10 07:00:00,79.02,112.11,70.91,22.94
2020-11-10 08:00:00,88.81,133.56,66.22,24.88
2020-11-10 09:00:00,94.39,149.55,51.82,29.86
2020-11-10 10:00:00,90.6,155.29,41.84,32.05
2020-11-10 11:00:00,90.0,162.0,37.91,33.55
2020-11-10 12:00:00,83.84,153.77,36.71,34.33
2020-11-10 13:00:00,78.61,139.67,29.55,35.25
2020-11-10 14:00:00,61.27,110.69,29.94,36.33
2020-11-10 15:00:00,59.88,98.42,34.61,36.6
2020-11-10 16:00:00,59.12,89.6,45.87,33.23
2020-11-10 17:00:00,59.0,89.64,67.4,27.84
2020-11-10 18:00:00,59.88,94.11,78.33,24.77
2020-11-10 19:00:00,59.12,92.53,79.65,24.34
2020-11-10 20:00:00,72.21,115.02,73.45,25.11
2020-11-10 21:00:00,76.64,114.25,75.5,23.43
2020-11-10 22:00:00,77.88,116.0,78.61,22.71
2020-11-10 23:00:00,94.68,152.18,79.64,22.85
2020-11-11 00:00:00,99.62,160.82,71.68,23.59
2020-11-11 01:00:00,83.32,128.11,70.26,23.42
2020-11-11 02:00:00,87.14,127.58,64.41,23.8
2020-11-11 03:00:00,81.84,123.18,60.3,23.82
2020-11-11 04:00:00,80.12,116.71,57.33,23.7
2020-11-11 05:00:00,75.6,114.35,56.58,23.29
2020-11-11 06:00:00,76.76,112.36,59.6,22.49
2020-11-11 07:00:00,84.05,113.64,64.49,21.71
2020-11-11 08:00:00,88.52,131.27,58.21,24.29
2020-11-11 09:00:00,81.95,134.18,46.5,28.8
2020-11-11 10:00:00,82.75,143.9,37.93,31.73
2020-11-11 11:00:00,86.51,158.33,36.9,31.91
2020-11-11 12:00:00,79.98,157.13,33.77,33.9
2020-11-11 13:00:00,65.27745807006409,123.565,29.32,34.64
2020-11-11 14:00:00,59.0,90.0,30.78,35.66
2020-11-11 15:00:00,57.24,108.15,32.73,35.56
2020-11-11 16:00:00,60.51,111.18,42.96,32.94
2020-11-11 17:00:00,57.49,109.36,59.64,29.11
2020-11-11 18:00:00,62.27,104.07,63.34,27.2
2020-11-11 19:00:00,65.63,127.0,64.81,26.01
2020-11-11 20:00:00,72.14,116.31,72.55,23.49
2020-11-11 21:00:00,65.95,106.6,73.29,23.02
2020-11-11 22:00:00,83.49,147.75,71.36,23.55
2020-11-11 23:00:00,93.05,170.98,73.03,23.22
2020-11-12 00:00:00,101.0,174.0,60.72,23.39
2020-11-12 01:00:00,84.44,141.0,55.07,23.63
2020-11-12 02:00:00,76.72,118.38,52.08,23.86
2020-11-12 03:00:00,80.39,117.47,53.48,23.19
2020-11-12 04:00:00,81.0,119.64,51.73,23.34
2020-11-12 05:00:00,78.37,116.13,52.03,23.31
2020-11-12 06:00:00,75.37,115.64,51.53,23.52
2020-11-12 07:00:00,75.0,113.54,53.27,23.6
2020-11-12 08:00:00,82.92,124.55,51.98,25.35
2020-11-12 09:00:00,74.31,122.07,44.84,29.49
2020-11-12 10:00:00,71.24,125.1,40.07,31.74
2020-11-12 11:00:00,76.27,144.91,38.04,33.61
2020-11-12 12:00:00,74.36,139.13,37.33,34.3
2020-11-12 13:00:00,52.75429269333976,134.065,36.99,35.43
2020-11-12 14:00:00,59.0,129.0,35.77,36.34
2020-11-12 15:00:00,53.73,108.44,36.72,35.67
2020-11-12 16:00:00,45.1,94.13,42.35,35.02
2020-11-12 17:00:00,41.37,82.13,61.81,29.37
2020-11-12 18:00:00,53.27,98.91,77.25,25.71
2020-11-12 19:00:00,62.9,110.4,84.16,24.57
2020-11-12 20:00:00,67.51,104.6,83.72,23.82
2020-11-12 21:00:00,71.51,96.42,77.05,23.41
2020-11-12 22:00:00,67.6,99.0,84.57,22.52
2020-11-12 23:00:00,85.49,134.36,90.25,22.05
2020-11-13 00:00:00,86.25,129.71,86.3,21.92
2020-11-13 01:00:00,93.9,141.8,84.22,21.4
2020-11-13 02:00:00,81.83,109.77,84.73,21.13
2020-11-13 03:00:00,62.45,83.09,84.54,21.13
2020-11-13 04:00:00,57.36,79.82,83.76,21.31
2020-11-13 05:00:00,66.69,84.47,81.33,21.77
2020-11-13 06:00:00,68.0,101.82,78.57,22.75
2020-11-13 07:00:00,74.16,114.93,71.58,24.11
2020-11-13 08:00:00,75.0,127.51,65.3,26.5
2020-11-13 09:00:00,67.95,122.97,54.25,30.73
2020-11-13 10:00:00,49.45,99.27,48.13,34.23
2020-11-13 11:00:00,57.57,119.67,49.58,35.17
2020-11-13 12:00:00,59.0,118.44,50.7,35.91
2020-11-13 13:00:00,47.33484468104409,89.72,47.67,37.43
2020-11-13 14:00:00,25.0,61.0,44.6,38.04
2020-11-13 15:00:00,27.63,61.0,44.61,37.54
2020-11-13 16:00:00,29.75,51.95,47.97,36.34
2020-11-13 17:00:00,24.7,56.55,63.1,32.12
2020-11-13 18:00:00,34.47,79.86,73.95,29.15
2020-11-13 19:00:00,51.85,84.35,75.95,28.43
2020-11-13 20:00:00,50.49,84.82,76.73,27.2
2020-11-13 21:00:00,42.1,59.51,78.87,25.71
2020-11-13 22:00:00,38.37,49.89,80.44,24.78
2020-11-13 23:00:00,31.86,47.36,84.75,24.45
2020-11-14 00:00:00,55.58,89.61,87.53,24.25
2020-11-14 01:00:00,86.21,129.42,84.39,24.24
2020-11-14 02:00:00,52.16,86.02,81.67,24.58
2020-11-14 03:00:00,46.12,75.82,80.06,25.13
2020-11-14 04:00:00,38.08,56.33,78.91,25.41
2020-11-14 05:00:00,36.12,62.65,77.63,25.7
2020-11-14 06:00:00,49.17,82.27,82.78,24.79
2020-11-14 07:00:00,70.37,108.12,85.06,24.86
2020-11-14 08:00:00,81.81,127.76,74.83,28.34
2020-11-14 09:00:00,62.81,98.11,65.05,31.31
2020-11-14 10:00:00,61.76,100.83,58.27,34.26
2020-11-14 11:00:00,37.42,72.58,52.88,34.7
2020-11-14 12:00:00,19.95,38.87,50.88,35.65
2020-11-14 13:00:00,28.0,44.935,47.8,37.22
2020-11-14 14:00:00,22.0,51.0,47.83,37.58
2020-11-14 15:00:00,23.75,51.0,54.27,34.95
2020-11-14 16:00:00,22.24,51.82,56.9,33.71
2020-11-14 17:00:00,14.98,46.24,64.92,31.2
2020-11-14 18:00:00,43.64,46.44,76.45,28.77
2020-11-14 19:00:00,33.13,51.64,76.25,28.8
2020-11-14 20:00:00,30.63,52.82,82.37,27.32
2020-11-14 21:00:00,43.29,62.87,87.55,26.37
2020-11-14 22:00:00,74.84,92.88,88.06,26.19
2020-11-14 23:00:00,59.69,76.8,91.7,25.61
2020-11-15 00:00:00,112.12,132.64,93.67,25.12
2020-11-15 01:00:00,62.25,78.81,95.0,24.94
2020-11-15 02:00:00,32.93,40.98,93.05,24.64
2020-11-15 03:00:00,24.72,35.18,95.42,24.55
2020-11-15 04:00:00,46.75,57.95,95.63,24.11
2020-11-15 05:00:00,93.01,110.69,96.36,24.21
2020-11-15 06:00:00,83.15,96.33,96.7,24.21
2020-11-15 07:00:00,53.79,65.51,96.41,24.61
2020-11-15 08:00:00,54.39,69.05,86.17,27.9
2020-11-15 09:00:00,68.21,104.6,66.06,33.27
2020-11-15 10:00:00,45.42,68.0,58.12,35.0
2020-11-15 11:00:00,44.63,80.33,54.26,35.8
2020-11-15 12:00:00,47.63,90.38,49.66,37.05
2020-11-15 13:00:00,43.61,74.73,48.49,37.41
2020-11-15 14:00:00,40.37,71.82,52.67,36.94
2020-11-15 15:00:00,46.14,82.69,58.07,34.9
2020-11-15 16:00:00,41.73,74.31,62.9,33.47
2020-11-15 17:00:00,43.63,76.93,70.72,31.58
2020-11-15 18:00:00,53.68,88.22,79.91,29.19
2020-11-15 19:00:00,55.88,100.58,74.77,29.1
2020-11-15 20:00:00,48.1,73.32,80.59,27.89
2020-11-15 21:00:00,73.33,93.22,83.55,27.18
2020-11-15 22:00:00,96.31,129.32,88.27,26.38
2020-11-15 23:00:00,157.81,197.88,85.94,26.03
2020-11-16 00:00:00,89.39,121.68,84.77,25.71
2020-11-16 01:00:00,64.92,83.15,84.19,25.48
2020-11-16 02:00:00,62.12,76.53,83.69,25.48
2020-11-16 03:00:00,44.45,60.43,85.55,25.19
2020-11-16 04:00:00,65.78,79.2,88.75,24.76
2020-11-16 05:00:00,66.37,83.18,88.59,24.71
2020-11-16 06:00:00,66.88,85.47,90.86,24.23
2020-11-16 07:00:00,59.1,76.13,91.59,24.64
2020-11-16 08:00:00,84.42,118.25,80.77,27.97
2020-11-16 09:00:00,84.48,124.71,64.14,32.4
2020-11-16 10:00:00,71.71,114.98,56.8,34.22
2020-11-16 11:00:00,62.1,113.0,50.83,36.0
2020-11-16 12:00:00,45.16,83.4,48.05,36.87
2020-11-16 13:00:00,41.85102294853774,81.2,45.2,37.63
2020-11-16 14:00:00,32.0,79.0,44.25,38.48
2020-11-16 15:00:00,26.73,69.98,45.26,38.83
2020-11-16 16:00:00,33.9,58.95,56.92,35.48
2020-11-16 17:00:00,56.07,93.06,64.03,32.85
2020-11-16 18:00:00,55.49,91.0,70.05,30.1
2020-11-16 19:00:00,55.88,90.18,75.68,29.41
2020-11-16 20:00:00,78.82,112.2,78.12,28.83
2020-11-16 21:00:00,91.66,131.8,84.1,27.23
2020-11-16 22:00:00,95.64,116.15,86.23,26.36
2020-11-16 23:00:00,67.91,89.06,85.61,25.97
2020-11-17 00:00:00,64.88,87.27,83.98,25.67
2020-11-17 01:00:00,68.52,85.53,86.24,25.17
2020-11-17 02:00:00,57.59,72.71,88.62,24.83
2020-11-17 03:00:00,48.98,64.25,88.83,24.73
2020-11-17 04:00:00,48.0,65.47,89.27,24.81
2020-11-17 05:00:00,46.24,66.0,84.51,25.42
2020-11-17 06:00:00,41.61,60.24,83.55,25.54
2020-11-17 07:00:00,46.27,68.87,78.89,26.53
2020-11-17 08:00:00,49.63,76.74,71.32,29.09
2020-11-17 09:00:00,45.6,72.25,60.31,32.31
2020-11-17 10:00:00,52.02,99.0,54.86,34.76
2020-11-17 11:00:00,47.73,102.19,52.68,35.76
2020-11-17 12:00:00,39.1,72.86,50.5,36.93
2020-11-17 13:00:00,30.156638225196872,66.93,49.03,37.48
2020-11-17 14:00:00,31.0,61.0,47.87,38.48
2020-11-17 15:00:00,25.74,56.07,47.95,38.21
2020-11-17 16:00:00,25.88,59.93,57.86,35.47
2020-11-17 17:00:00,40.05,71.69,64.66,31.74
2020-11-17 18:00:00,51.66,78.11,69.16,30.03
2020-11-17 19:00:00,48.61,77.36,72.34,29.96
2020-11-17 20:00:00,70.82,108.14,81.62,28.21
2020-11-17 21:00:00,87.17,120.73,84.37,27.51
2020-11-17 22:00:00,77.59,105.56,88.16,26.83
2020-11-17 23:00:00,80.39,101.18,92.08,26.26
2020-11-18 00:00:00,77.5,97.72,94.14,25.96
2020-11-18 01:00:00,88.41,113.39,91.02,26.09
2020-11-18 02:00:00,84.73,117.82,91.47,25.39
2020-11-18 03:00:00,62.93,90.96,91.99,25.03
2020-11-18 04:00:00,65.27,89.92,94.31,24.67
2020-11-18 05:00:00,58.1,85.27,95.54,24.51
2020-11-18 06:00:00,58.76,84.0,93.89,24.14
2020-11-18 07:00:00,66.9,98.75,85.92,25.15
2020-11-18 08:00:00,71.51,117.57,75.76,27.74
2020-11-18 09:00:00,69.37,123.46,65.58,31.36
2020-11-18 10:00:00,79.55,146.94,56.34,34.91
2020-11-18 11:00:00,74.84,148.12,53.41,35.22
2020-11-18 12:00:00,64.34,136.17,55.3,34.89
2020-11-18 13:00:00,59.00000000000001,117.085,56.98,35.23
2020-11-18 14:00:00,48.0,98.0,56.75,35.31
2020-11-18 15:00:00,62.05,118.56,61.63,33.9
2020-11-18 16:00:00,68.39,118.07,63.78,32.86
2020-11-18 17:00:00,55.83,94.8,69.77,31.05
2020-11-18 18:00:00,53.12,94.1,76.65,28.76
2020-11-18 19:00:00,50.37,84.35,82.75,27.54
2020-11-18 20:00:00,49.12,68.07,87.8,26.6
2020-11-18 21:00:00,48.12,65.82,88.83,26.34
2020-11-18 22:00:00,52.39,73.66,89.43,26.3
2020-11-18 23:00:00,62.66,99.38,89.41,26.48
2020-11-19 00:00:00,64.0,104.0,87.82,26.26
2020-11-19 01:00:00,63.12,92.53,87.54,25.92
2020-11-19 02:00:00,63.88,87.54,87.42,25.78
2020-11-19 03:00:00,64.0,87.0,87.49,25.92
2020-11-19 04:00:00,60.49,84.54,87.53,26.05
2020-11-19 05:00:00,65.28,89.73,88.75,25.47
2020-11-19 06:00:00,67.75,91.82,89.33,25.55
2020-11-19 07:00:00,68.0,92.82,88.83,26.24
2020-11-19 08:00:00,77.66,115.2,82.58,27.99
2020-11-19 09:00:00,74.61,108.49,70.05,31.42
2020-11-19 10:00:00,78.4,120.8,61.71,33.67
2020-11-19 11:00:00,63.2,105.09,58.96,35.18
2020-11-19 12:00:00,56.61,90.35,56.18,36.43
2020-11-19 13:00:00,73.44249858989808,98.175,55.59,36.38
2020-11-19 14:00:00,59.0,106.0,53.73,35.97
2020-11-19 15:00:00,66.9,129.02,53.89,35.88
2020-11-19 16:00:00,53.08,105.22,58.46,33.51
2020-11-19 17:00:00,54.5,100.64,63.67,31.13
2020-11-19 18:00:00,64.66,112.47,72.15,28.64
2020-11-19 19:00:00,69.52,116.91,78.23,27.23
2020-11-19 20:00:00,74.38,112.27,82.2,26.13
2020-11-19 21:00:00,74.12,115.11,85.8,25.49
2020-11-19 22:00:00,74.88,116.0,87.93,25.08
2020-11-19 23:00:00,73.25,107.83,86.04,24.5
2020-11-20 00:00:00,77.38,112.56,86.7,24.28
2020-11-20 01:00:00,72.73,103.34,82.21,24.42
2020-11-20 02:00:00,58.83,72.0,84.16,23.64
2020-11-20 03:00:00,45.59,59.71,86.56,23.76
2020-11-20 04:00:00,72.0,98.93,85.27,23.91
2020-11-20 05:00:00,59.32,94.07,81.84,23.59
2020-11-20 06:00:00,71.05,104.11,78.95,23.51
2020-11-20 07:00:00,51.93,77.5,76.91,24.39
2020-11-20 08:00:00,40.22,72.28,69.72,27.2
2020-11-20 09:00:00,48.66,77.92,61.05,31.0
2020-11-20 10:00:00,42.98,77.36,58.41,32.27
2020-11-20 11:00:00,48.1,99.0,59.12,32.9
2020-11-20 12:00:00,57.77,118.67,57.07,33.9
2020-11-20 13:00:00,177.13958765347968,109.33500000000001,53.89,36.3
2020-11-20 14:00:00,48.0,100.0,52.33,35.42
2020-11-20 15:00:00,50.62,97.54,53.11,34.93
2020-11-20 16:00:00,48.37,99.46,57.17,32.55
2020-11-20 17:00:00,48.0,90.98,61.56,29.89
2020-11-20 18:00:00,55.9,105.39,61.38,28.97
2020-11-20 19:00:00,56.12,93.42,76.12,26.54
2020-11-20 20:00:00,61.27,96.56,81.5,25.47
2020-11-20 21:00:00,66.39,101.28,82.49,24.94
2020-11-20 22:00:00,74.02,111.83,89.53,24.12
2020-11-20 23:00:00,72.37,100.89,89.95,23.5
2020-11-21 00:00:00,69.37,95.55,92.28,23.22
2020-11-21 01:00:00,69.0,95.0,92.41,22.93
2020-11-21 02:00:00,60.22,85.17,92.75,22.56
2020-11-21 03:00:00,52.86,69.07,93.84,22.34
2020-11-21 04:00:00,46.73,61.08,91.8,22.02
2020-11-21 05:00:00,46.88,62.46,92.2,21.86
2020-11-21 06:00:00,52.27,63.0,93.76,21.66
2020-11-21 07:00:00,60.02,86.84,94.23,22.06
2020-11-21 08:00:00,63.63,94.46,80.7,26.16
2020-11-21 09:00:00,79.8,147.0,57.44,32.47
2020-11-21 10:00:00,68.8,124.8,50.48,34.57
2020-11-21 11:00:00,54.71,108.53,48.87,36.1
2020-11-21 12:00:00,49.5,97.06,47.75,37.08
2020-11-21 13:00:00,75.33635731311391,101.56,48.86,36.16
2020-11-21 14:00:00,56.0,106.06,47.36,37.08
2020-11-21 15:00:00,51.62,110.56,50.61,35.33
2020-11-21 16:00:00,47.49,101.04,51.45,34.45
2020-11-21 17:00:00,36.47,91.52,63.73,30.14
2020-11-21 18:00:00,43.78,82.0,70.05,27.51
2020-11-21 19:00:00,45.88,85.28,69.06,25.98
2020-11-21 20:00:00,39.84,69.61,78.43,25.62
2020-11-21 21:00:00,66.21,83.25,80.19,24.98
2020-11-21 22:00:00,60.34,88.08,85.95,23.7
2020-11-21 23:00:00,66.9,91.92,90.03,23.21
2020-11-22 00:00:00,69.76,95.46,91.19,23.12
2020-11-22 01:00:00,69.12,96.82,92.75,22.79
2020-11-22 02:00:00,79.53,118.0,94.44,22.55
2020-11-22 03:00:00,90.66,136.03,92.68,22.73
2020-11-22 04:00:00,92.0,128.0,92.88,22.16
2020-11-22 05:00:00,83.22,106.69,90.76,22.76
2020-11-22 06:00:00,74.1,103.64,88.8,23.22
2020-11-22 07:00:00,74.75,100.16,92.51,22.61
2020-11-22 08:00:00,69.73,98.82,82.72,26.57
2020-11-22 09:00:00,86.56,121.12,62.02,32.43
2020-11-22 10:00:00,82.86,134.19,53.77,34.05
2020-11-22 11:00:00,64.44,115.52,50.76,35.9
2020-11-22 12:00:00,67.27,116.75,50.6,35.8
2020-11-22 13:00:00,71.52,127.83,54.69,34.86
2020-11-22 14:00:00,82.53,134.1,55.99,34.23
2020-11-22 15:00:00,80.49,131.13,58.02,33.89
2020-11-22 16:00:00,88.78,139.65,60.28,32.8
2020-11-22 17:00:00,98.75,161.67,69.88,30.07
2020-11-22 18:00:00,87.75,147.15,78.14,27.35
2020-11-22 19:00:00,78.12,118.42,80.47,26.16
2020-11-22 20:00:00,57.69,85.14,81.59,24.64
2020-11-22 21:00:00,45.34,62.67,85.21,23.83
2020-11-22 22:00:00,52.78,64.73,91.5,23.29
2020-11-22 23:00:00,56.63,72.53,92.79,22.86
2020-11-23 00:00:00,43.0,53.52,92.82,22.59
2020-11-23 01:00:00,42.76,57.98,94.53,21.94
2020-11-23 02:00:00,40.37,59.18,95.26,21.72
2020-11-23 03:00:00,41.76,56.54,96.4,21.49
2020-11-23 04:00:00,55.15,71.57,96.8,21.1
2020-11-23 05:00:00,63.14,85.65,96.15,21.07
2020-11-23 06:00:00,68.39,87.0,92.03,21.9
2020-11-23 07:00:00,73.39,93.56,91.19,22.25
2020-11-23 08:00:00,74.88,99.1,79.06,26.45
2020-11-23 09:00:00,57.45,86.07,56.45,32.44
2020-11-23 10:00:00,60.26,104.31,47.72,34.67
2020-11-23 11:00:00,51.34,102.61,41.02,36.49
2020-11-23 12:00:00,35.08,70.32,34.79,36.4
2020-11-23 13:00:00,19.88,41.95,32.36,35.87
2020-11-23 14:00:00,17.12,28.7,32.17,35.55
2020-11-23 15:00:00,8.22,18.27,31.32,35.45
2020-11-23 16:00:00,7.0,17.82,34.37,33.07
2020-11-23 17:00:00,10.51,25.38,41.53,30.0
2020-11-23 18:00:00,12.75,36.84,53.44,27.73
2020-11-23 19:00:00,19.12,43.1,61.28,26.77
2020-11-23 20:00:00,31.38,48.92,73.2,24.49
2020-11-23 21:00:00,40.02,53.28,72.2,23.97
2020-11-23 22:00:00,35.74,51.54,79.91,22.96
2020-11-23 23:00:00,45.53,60.83,86.14,22.78
2020-11-24 00:00:00,63.66,81.78,90.99,22.46
2020-11-24 01:00:00,58.1,72.07,90.83,22.27
2020-11-24 02:00:00,58.75,69.82,94.05,22.0
2020-11-24 03:00:00,66.0,72.46,94.59,21.5
2020-11-24 04:00:00,65.25,75.46,95.29,21.28
2020-11-24 05:00:00,60.62,76.0,94.12,21.19
2020-11-24 06:00:00,60.88,73.54,93.25,20.91
2020-11-24 07:00:00,78.56,101.68,89.97,21.63
2020-11-24 08:00:00,96.8,135.04,81.99,24.63
2020-11-24 09:00:00,98.12,142.63,61.83,30.34
2020-11-24 10:00:00,84.0,135.62,47.72,33.5
2020-11-24 11:00:00,53.62,121.56,41.36,34.52
2020-11-24 12:00:00,50.0,97.03,38.91,36.0
2020-11-24 13:00:00,44.72,82.35,40.62,36.14
2020-11-24 14:00:00,55.41,103.68,43.27,36.37
2020-11-24 15:00:00,57.0,105.72,47.89,34.38
2020-11-24 16:00:00,67.53,119.76,54.13,32.45
2020-11-24 17:00:00,69.0,127.1,65.22,29.76
2020-11-24 18:00:00,76.02,132.92,77.46,26.44
2020-11-24 19:00:00,69.12,112.69,75.78,24.93
2020-11-24 20:00:00,55.71,89.15,79.72,24.53
2020-11-24 21:00:00,91.7,133.0,76.88,24.46
2020-11-24 22:00:00,73.3,104.42,81.32,24.57
2020-11-24 23:00:00,73.51,105.38,84.19,24.36
2020-11-25 00:00:00,74.0,106.37,83.48,23.75
2020-11-25 01:00:00,74.88,111.73,83.44,24.05
2020-11-25 02:00:00,96.88,143.22,88.92,23.73
2020-11-25 03:00:00,79.0,124.6,88.39,23.76
2020-11-25 04:00:00,76.0,117.37,90.3,23.38
2020-11-25 05:00:00,80.38,113.72,93.18,22.75
2020-11-25 06:00:00,93.29,124.43,93.08,22.2
2020-11-25 07:00:00,99.38,136.01,95.09,22.37
2020-11-25 08:00:00,112.29,156.03,82.4,26.03
2020-11-25 09:00:00,116.62,170.65,66.01,30.91
2020-11-25 10:00:00,107.34,173.0,51.77,33.86
2020-11-25 11:00:00,93.75,167.87,46.78,33.34
2020-11-25 12:00:00,79.71,140.5,39.6,34.86
2020-11-25 13:00:00,61.32,107.23,36.94,35.76
2020-11-25 14:00:00,48.5,94.44,45.08,35.1
2020-11-25 15:00:00,83.98,153.64,57.75,32.19
2020-11-25 16:00:00,113.5,186.6,60.7,31.38
2020-11-25 17:00:00,105.59,171.4,65.11,29.21
2020-11-25 18:00:00,97.0,153.06,72.08,26.66
2020-11-25 19:00:00,130.12,188.0,67.51,26.35
2020-11-25 20:00:00,93.75,123.0,73.99,25.11
2020-11-25 21:00:00,73.95,106.67,77.66,24.3
2020-11-25 22:00:00,83.41,125.94,85.27,23.7
2020-11-25 23:00:00,86.75,122.0,88.6,23.27
2020-11-26 00:00:00,93.14,140.78,92.03,22.91
2020-11-26 01:00:00,72.12,101.72,90.2,22.93
2020-11-26 02:00:00,68.12,90.37,90.23,22.49
2020-11-26 03:00:00,91.62,118.58,90.5,22.22
2020-11-26 04:00:00,103.78,138.11,91.25,22.36
2020-11-26 05:00:00,106.75,149.17,91.83,22.16
2020-11-26 06:00:00,110.5,150.18,94.09,21.53
2020-11-26 07:00:00,92.57,124.68,92.04,22.45
2020-11-26 08:00:00,90.0,133.75,78.66,26.39
2020-11-26 09:00:00,93.51,139.0,62.71,29.9
2020-11-26 10:00:00,86.98,142.27,49.87,33.12
2020-11-26 11:00:00,96.5,161.78,44.93,33.62
2020-11-26 12:00:00,86.59,148.0,37.08,35.03
2020-11-26 13:00:00,66.57,120.96,36.66,35.77
2020-11-26 14:00:00,64.0,120.73,39.73,36.06
2020-11-26 15:00:00,73.66,134.29,42.13,35.53
2020-11-26 16:00:00,66.25,109.96,52.26,33.73
2020-11-26 17:00:00,78.17,121.97,63.51,29.92
2020-11-26 18:00:00,88.75,135.0,75.74,27.53
2020-11-26 19:00:00,99.66,161.22,76.77,27.11
2020-11-26 20:00:00,108.01,169.45,82.17,25.44
2020-11-26 21:00:00,109.88,149.51,85.88,24.17
2020-11-26 22:00:00,100.38,138.47,79.1,24.48
2020-11-26 23:00:00,80.57,122.25,64.75,26.46
2020-11-27 00:00:00,72.75,117.37,69.19,25.04
2020-11-27 01:00:00,76.38,112.92,76.34,23.24
2020-11-27 02:00:00,76.12,102.98,67.65,23.95
2020-11-27 03:00:00,68.1,98.54,60.74,25.0
2020-11-27 04:00:00,70.5,109.47,55.3,25.98
2020-11-27 05:00:00,78.88,117.72,55.5,25.69
2020-11-27 06:00:00,73.88,113.27,54.45,25.45
2020-11-27 07:00:00,68.61,105.47,51.94,25.8
2020-11-27 08:00:00,60.12,103.18,51.58,27.3
2020-11-27 09:00:00,65.14,114.43,48.96,29.74
2020-11-27 10:00:00,68.63,131.56,46.89,31.43
2020-11-27 11:00:00,58.5,123.0,45.57,32.68
2020-11-27 12:00:00,50.22,103.0,41.71,34.75
2020-11-27 13:00:00,41.37169312565282,91.0,39.08,34.68
2020-11-27 14:00:00,32.0,79.0,37.59,35.64
2020-11-27 15:00:00,39.02,75.72,36.5,35.31
2020-11-27 16:00:00,28.62,68.47,39.71,33.77
2020-11-27 17:00:00,37.5,72.73,47.13,30.44
2020-11-27 18:00:00,47.78,83.02,48.9,28.46
2020-11-27 19:00:00,53.38,93.98,47.4,28.3
2020-11-27 20:00:00,60.12,98.45,46.95,27.9
2020-11-27 21:00:00,63.63,110.47,48.4,27.34
2020-11-27 22:00:00,74.5,119.53,50.13,26.87
2020-11-27 23:00:00,76.88,129.19,52.94,25.81
2020-11-28 00:00:00,79.63,122.0,51.86,25.88
2020-11-28 01:00:00,85.25,131.8,52.7,25.53
2020-11-28 02:00:00,85.12,131.54,55.54,24.83
2020-11-28 03:00:00,85.0,122.83,57.66,24.77
2020-11-28 04:00:00,81.49,112.83,56.37,24.94
2020-11-28 05:00:00,80.12,110.18,57.7,24.93
2020-11-28 06:00:00,72.12,105.92,59.35,25.09
2020-11-28 07:00:00,70.12,96.83,61.6,25.21
2020-11-28 08:00:00,65.61,100.7,59.25,26.83
2020-11-28 09:00:00,53.62,92.57,57.46,27.69
2020-11-28 10:00:00,52.88,92.45,52.92,29.93
2020-11-28 11:00:00,46.86,99.56,51.45,31.32
2020-11-28 12:00:00,37.22,76.5,46.42,33.47
2020-11-28 13:00:00,22.0,69.37,45.65,33.82
2020-11-28 14:00:00,23.5,55.12,52.52,32.17
2020-11-28 15:00:00,30.12,49.55,58.51,30.9
2020-11-28 16:00:00,36.25,62.0,66.18,29.3
2020-11-28 17:00:00,35.25,72.65,72.39,27.81
2020-11-28 18:00:00,37.62,70.1,75.62,27.05
2020-11-28 19:00:00,41.5,74.73,78.54,26.66
2020-11-28 20:00:00,52.53,81.73,79.03,26.75
2020-11-28 21:00:00,55.76,100.15,80.09,26.64
2020-11-28 22:00:00,69.12,131.77,82.42,26.61
2020-11-28 23:00:00,69.25,124.93,82.69,26.42
2020-11-29 00:00:00,66.38,119.47,75.72,26.91
2020-11-29 01:00:00,40.55,80.43,77.94,26.1
2020-11-29 02:00:00,35.24,57.3,82.0,25.52
2020-11-29 03:00:00,30.62,53.18,86.5,24.58
2020-11-29 04:00:00,32.62,57.9,88.89,24.13
2020-11-29 05:00:00,32.12,53.28,90.43,23.81
2020-11-29 06:00:00,37.25,54.45,90.9,23.37
2020-11-29 07:00:00,45.88,62.38,90.7,23.74
2020-11-29 08:00:00,54.88,78.0,75.59,28.45
2020-11-29 09:00:00,67.38,114.0,59.12,32.12
2020-11-29 10:00:00,55.83,91.06,56.1,32.61
2020-11-29 11:00:00,44.38,86.0,52.19,33.5
2020-11-29 12:00:00,24.57,55.68,49.44,33.86
2020-11-29 13:00:00,24.62,58.8,46.97,34.87
2020-11-29 14:00:00,20.61,48.75,48.98,34.56
2020-11-29 15:00:00,18.25,50.9,52.4,33.91
2020-11-29 16:00:00,22.36,60.17,57.03,32.43
2020-11-29 17:00:00,30.02,62.82,62.87,30.12
2020-11-29 18:00:00,26.62,53.2,74.04,27.18
2020-11-29 19:00:00,31.25,63.25,75.08,27.05
2020-11-29 20:00:00,32.0,61.92,80.64,26.35
2020-11-29 21:00:00,37.25,58.55,82.89,25.62
2020-11-29 22:00:00,37.12,48.0,85.29,24.78
2020-11-29 23:00:00,33.49,44.73,89.38,24.5
2020-11-30 00:00:00,43.5,59.52,91.8,24.06
2020-11-30 01:00:00,42.37,54.8,93.24,23.84
2020-11-30 02:00:00,30.62,44.02,93.23,23.7
2020-11-30 03:00:00,36.88,52.0,93.72,23.79
2020-11-30 04:00:00,38.88,52.0,93.55,23.44
2020-11-30 05:00:00,35.5,43.83,93.39,23.27
2020-11-30 06:00:00,35.88,42.0,92.1,23.15
2020-11-30 07:00:00,57.8,66.5,90.16,23.74
2020-11-30 08:00:00,68.02,105.48,77.69,27.59
2020-11-30 09:00:00,94.45,145.67,64.62,31.07
2020-11-30 10:00:00,95.38,162.8,55.76,34.5
2020-11-30 11:00:00,102.9,146.22,50.98,35.33
2020-11-30 12:00:00,49.58,86.28,50.5,35.45
2020-11-30 13:00:00,58.68,82.98,48.86,36.89
2020-11-30 14:00:00,56.62,93.98,54.2,35.12
2020-11-30 15:00:00,69.17,113.97,57.95,33.75
2020-11-30 16:00:00,69.49,116.72,59.65,33.84
2020-11-30 17:00:00,87.6365138459354,98.36,59.38444444444444,33.92166666666667
2020-11-30 18:00:00,59.0,80.0,59.11888888888889,34.00333333333334
2020-11-30 19:00:00,51.44413292583843,67.5,58.85333333333333,34.085
2020-11-30 20:00:00,35.0,55.0,58.587777777777774,34.16666666666667
2020-11-30 21:00:00,37.62,63.17,58.32222222222222,34.248333333333335
2020-11-30 22:00:00,32.73,46.97,58.056666666666665,34.330000000000005
2020-11-30 23:00:00,45.12,69.13,57.79111111111111,34.41166666666667
2020-12-01 00:00:00,49.62,75.0,57.525555555555556,34.49333333333334
2020-12-01 01:00:00,54.38,81.53,57.26,34.575
2020-12-01 02:00:00,47.12,74.83,56.99444444444444,34.656666666666666
2020-12-01 03:00:00,51.27,86.11,56.72888888888889,34.73833333333334
2020-12-01 04:00:00,58.12,89.0,56.46333333333333,34.82
2020-12-01 05:00:00,55.5,81.65,56.19777777777777,34.90166666666667
2020-12-01 06:00:00,60.25,88.17,55.93222222222222,34.983333333333334
2020-12-01 07:00:00,65.38,92.44,55.666666666666664,35.065000000000005
2020-12-01 08:00:00,57.25,81.57,55.401111111111106,35.14666666666667
2020-12-01 09:00:00,75.31,123.92,55.135555555555555,35.22833333333334
2020-12-01 10:00:00,87.0,145.4,54.87,35.31
2020-12-01 11:00:00,63.75,120.15,52.42,35.49
2020-12-01 12:00:00,63.51,108.1,48.47,36.78
2020-12-01 13:00:00,55.25,102.1,46.88,37.22
2020-12-01 14:00:00,58.65211794861175,108.05,48.52,36.8
2020-12-01 15:00:00,61.0,114.0,57.41,34.48
2020-12-01 16:00:00,68.88,122.98,63.02,32.94
2020-12-01 17:00:00,64.75,109.48,70.87,30.92
2020-12-01 18:00:00,71.0,114.98,75.87,29.11
2020-12-01 19:00:00,65.0,104.75,78.65,27.79
2020-12-01 20:00:00,57.0,88.93,71.45,28.64
2020-12-01 21:00:00,54.25,80.28,70.19,28.95
2020-12-01 22:00:00,60.12,96.91,80.28,26.9
2020-12-01 23:00:00,68.0,99.36,86.15,25.61
2020-12-02 00:00:00,66.38,87.53,91.4,25.32
2020-12-02 01:00:00,68.62,87.45,91.77,24.9
2020-12-02 02:00:00,65.5,90.45,94.07,24.59
2020-12-02 03:00:00,71.12,95.88,91.93,24.68
2020-12-02 04:00:00,84.29,128.85,90.75,24.77
2020-12-02 05:00:00,90.38,139.27,87.72,24.95
2020-12-02 06:00:00,88.38,124.48,84.32,25.63
2020-12-02 07:00:00,75.75,117.75,84.77,25.96
2020-12-02 08:00:00,91.44,140.68,79.72,27.71
2020-12-02 09:00:00,99.25,161.52,67.81,31.12
2020-12-02 10:00:00,98.25,159.28,58.43,33.33
2020-12-02 11:00:00,80.5,149.02,52.06,35.16
2020-12-02 12:00:00,76.25,128.22,48.57,36.18
2020-12-02 13:00:00,76.88,132.17,45.58,37.07
2020-12-02 14:00:00,60.38,108.68,46.08,36.55
2020-12-02 15:00:00,49.25,81.77,51.3,35.62
2020-12-02 16:00:00,61.12,113.75,58.33,33.76
2020-12-02 17:00:00,71.75,110.57,64.06,30.88
2020-12-02 18:00:00,60.75,94.98,71.79,28.82
2020-12-02 19:00:00,59.88,96.9,79.77,27.67
2020-12-02 20:00:00,67.02,105.35,87.44,25.83
2020-12-02 21:00:00,70.62,107.0,88.91,24.9
2020-12-02 22:00:00,75.38,110.27,91.56,24.26
2020-12-02 23:00:00,76.88,115.0,89.96,24.62
2020-12-03 00:00:00,92.75,152.69,89.97,24.13
2020-12-03 01:00:00,85.38,141.47,87.06,23.82
2020-12-03 02:00:00,69.12,114.95,82.84,23.66
2020-12-03 03:00:00,62.62,93.67,75.2,24.48
2020-12-03 04:00:00,57.62,86.75,77.08,24.34
2020-12-03 05:00:00,73.62,116.22,73.28,24.04
2020-12-03 06:00:00,57.62,96.87,71.06,23.96
2020-12-03 07:00:00,62.88,98.35,72.81,23.77
2020-12-03 08:00:00,68.38,110.62,68.07,26.6
2020-12-03 09:00:00,78.62,127.7,55.69,31.77
2020-12-03 10:00:00,82.62,140.77,48.62,33.57
2020-12-03 11:00:00,76.86,152.8,46.07,34.4
2020-12-03 12:00:00,83.88,153.37,41.67,35.58
2020-12-03 13:00:00,74.47,132.65,38.61,36.66
2020-12-03 14:00:00,67.75,126.37,36.2,36.85
2020-12-03 15:00:00,48.57,99.4,44.39,35.57
2020-12-03 16:00:00,67.0,133.82,51.31,33.78
2020-12-03 17:00:00,70.0,151.53,59.5,31.02
2020-12-03 18:00:00,79.66,139.12,67.58,27.84
2020-12-03 19:00:00,62.62,104.97,60.07,27.86
2020-12-03 20:00:00,56.5,84.93,67.52,26.76
2020-12-03 21:00:00,65.62,90.95,70.78,25.12
2020-12-03 22:00:00,56.5,80.0,78.16,24.05
2020-12-03 23:00:00,75.12,111.85,85.67,23.43
2020-12-04 00:00:00,71.02,105.98,87.89,22.81
2020-12-04 01:00:00,63.89,98.93,87.62,22.01
2020-12-04 02:00:00,58.62,80.03,89.74,21.8
2020-12-04 03:00:00,58.88,76.82,81.37,22.66
2020-12-04 04:00:00,59.88,82.72,78.59,23.17
2020-12-04 05:00:00,74.0,116.0,76.85,23.64
2020-12-04 06:00:00,79.5,113.56,78.53,23.4
2020-12-04 07:00:00,73.86,114.63,80.66,23.24
2020-12-04 08:00:00,73.87,119.08,73.46,26.1
2020-12-04 09:00:00,85.38,132.25,57.31,31.09
2020-12-04 10:00:00,85.25,148.07,49.16,32.33
2020-12-04 11:00:00,78.94,143.93,43.32,33.91
2020-12-04 12:00:00,76.25,148.79,38.66,34.99
2020-12-04 13:00:00,71.62,122.0,35.33,36.45
2020-12-04 14:00:00,63.12,106.48,32.95,37.09
2020-12-04 15:00:00,54.15,97.3,39.59,34.22
2020-12-04 16:00:00,67.0,134.38,42.73,32.51
2020-12-04 17:00:00,76.88,144.63,51.86,29.19
2020-12-04 18:00:00,73.62,135.23,61.93,26.34
2020-12-04 19:00:00,73.88,122.38,63.79,24.91
2020-12-04 20:00:00,57.38,88.26,71.43,23.49
2020-12-04 21:00:00,62.88,84.25,75.0,23.34
2020-12-04 22:00:00,53.5,72.79,80.5,22.73
2020-12-04 23:00:00,71.25,101.74,86.03,22.09
2020-12-05 00:00:00,55.68,66.0,84.25,21.77
2020-12-05 01:00:00,54.75,76.58,82.35,21.58
2020-12-05 02:00:00,52.38,69.2,85.86,20.81
2020-12-05 03:00:00,67.75,85.84,86.83,21.02
2020-12-05 04:00:00,100.62,140.28,89.57,20.41
2020-12-05 05:00:00,96.25,132.85,91.22,19.97
2020-12-05 06:00:00,86.25,110.22,91.53,19.8
2020-12-05 07:00:00,69.25,96.2,84.89,21.1
2020-12-05 08:00:00,68.75,105.39,68.06,25.2
2020-12-05 09:00:00,62.02,111.27,51.93,29.82
2020-12-05 10:00:00,63.62,120.17,44.67,32.75
2020-12-05 11:00:00,78.88,161.07,39.73,34.16
2020-12-05 12:00:00,77.5,161.86,35.75,35.82
2020-12-05 13:00:00,63.0,132.23,32.67,36.68
2020-12-05 14:00:00,54.89,108.09,31.15,37.23
2020-12-05 15:00:00,47.0,95.02,33.99,37.77
2020-12-05 16:00:00,50.38,109.33,53.2,33.17
2020-12-05 17:00:00,85.12,149.42,65.08,30.24
2020-12-05 18:00:00,96.12,178.17,70.06,27.45
2020-12-05 19:00:00,90.0,155.58,77.43,25.28
2020-12-05 20:00:00,70.68,105.0,81.8,23.54
2020-12-05 21:00:00,63.64,87.85,81.98,23.11
2020-12-05 22:00:00,59.5,85.63,87.47,22.42
2020-12-05 23:00:00,73.0,107.23,91.23,21.8
2020-12-06 00:00:00,77.62,123.43,88.77,22.14
2020-12-06 01:00:00,85.86,136.13,80.98,22.66
2020-12-06 02:00:00,80.86,133.83,79.72,22.2
2020-12-06 03:00:00,85.23,127.93,77.17,22.0
2020-12-06 04:00:00,77.25,122.93,65.05,23.23
2020-12-06 05:00:00,60.25,93.52,62.5,23.16
2020-12-06 06:00:00,56.25,77.0,59.23,23.33
2020-12-06 07:00:00,49.88,73.73,55.54,23.73
2020-12-06 08:00:00,48.13,77.88,51.94,26.36
2020-12-06 09:00:00,58.5,97.78,47.9,30.64
2020-12-06 10:00:00,70.5,129.77,39.45,32.53
2020-12-06 11:00:00,65.0,129.47,37.19,33.72
2020-12-06 12:00:00,55.28,106.84,32.36,34.66
2020-12-06 13:00:00,48.75,95.49,27.67,35.67
2020-12-06 14:00:00,33.12,65.52,26.85,36.38
2020-12-06 15:00:00,29.25,58.19,27.25,36.91
2020-12-06 16:00:00,33.36,61.0,34.71,35.75
2020-12-06 17:00:00,40.12,87.86,55.5,30.51
2020-12-06 18:00:00,55.88,119.32,69.74,26.98
2020-12-06 19:00:00,56.25,105.4,77.13,24.53
2020-12-06 20:00:00,49.0,78.13,70.74,23.83
2020-12-06 21:00:00,39.25,64.05,70.42,22.95
2020-12-06 22:00:00,40.62,65.25,76.07,22.53
2020-12-06 23:00:00,55.0,92.95,85.88,21.88
2020-12-07 00:00:00,65.73,111.2,80.71,21.61
2020-12-07 01:00:00,69.62,107.47,78.54,22.08
2020-12-07 02:00:00,76.98,134.49,78.71,21.82
2020-12-07 03:00:00,76.25,132.05,80.99,20.83
2020-12-07 04:00:00,70.75,98.0,71.52,22.35
2020-12-07 05:00:00,60.38,95.56,64.66,23.21
2020-12-07 06:00:00,58.12,94.19,60.48,23.4
2020-12-07 07:00:00,54.5,82.61,57.24,23.96
2020-12-07 08:00:00,51.37,83.27,53.86,25.85
2020-12-07 09:00:00,50.12,89.7,45.97,29.5
2020-12-07 10:00:00,61.38,114.6,41.39,32.48
2020-12-07 11:00:00,69.99,150.93,38.68,34.23
2020-12-07 12:00:00,60.5,138.0,36.29,35.22
2020-12-07 13:00:00,58.13,129.0,34.78,36.63
2020-12-07 14:00:00,57.13,117.61,32.86,37.44
2020-12-07 15:00:00,42.97,92.21,33.01,37.48
2020-12-07 16:00:00,38.38,82.93,39.85,35.39
2020-12-07 17:00:00,35.38,80.37,56.62,30.12
2020-12-07 18:00:00,35.88,71.83,71.88,26.08
2020-12-07 19:00:00,38.62,81.39,73.57,26.11
2020-12-07 20:00:00,46.88,92.14,70.93,24.66
2020-12-07 21:00:00,43.64,72.84,78.06,23.56
2020-12-07 22:00:00,57.0,91.68,65.77,24.88
2020-12-07 23:00:00,60.74,105.14,65.78,24.17
2020-12-08 00:00:00,63.62,101.3,72.32,22.69
2020-12-08 01:00:00,68.38,102.44,73.61,22.33
2020-12-08 02:00:00,73.38,116.02,69.16,22.4
2020-12-08 03:00:00,65.25,101.09,61.26,23.42
2020-12-08 04:00:00,47.43,79.11,59.12,23.54
2020-12-08 05:00:00,37.15,62.79,56.5,23.78
2020-12-08 06:00:00,36.0,55.12,53.45,24.36
2020-12-08 07:00:00,38.63,58.88,55.7,24.31
2020-12-08 08:00:00,48.59,78.78,51.96,26.75
2020-12-08 09:00:00,50.0,93.62,44.79,30.34
2020-12-08 10:00:00,56.12,113.97,40.11,33.14
2020-12-08 11:00:00,58.75,127.77,39.22,34.79
2020-12-08 12:00:00,66.89,135.02,38.42,35.71
2020-12-08 13:00:00,58.28,123.22,36.33,36.43
2020-12-08 14:00:00,49.15,90.6,35.33,37.39
2020-12-08 15:00:00,38.41,75.86,40.81,36.11
2020-12-08 16:00:00,57.96,101.87,46.5,34.18
2020-12-08 17:00:00,48.75,104.12,53.74,30.88
2020-12-08 18:00:00,45.26,89.61,59.25,28.09
2020-12-08 19:00:00,37.15,76.38,68.57,26.26
2020-12-08 20:00:00,43.85,74.81,79.04,24.54
2020-12-08 21:00:00,55.47,86.39,77.27,24.27
2020-12-08 22:00:00,50.88,83.3,81.67,23.76
2020-12-08 23:00:00,73.55,111.3,85.01,23.48
2020-12-09 00:00:00,67.38,107.42,85.43,23.36
2020-12-09 01:00:00,66.0,98.0,88.67,22.84
2020-12-09 02:00:00,59.02,92.3,88.28,22.45
2020-12-09 03:00:00,59.75,92.63,86.53,22.51
2020-12-09 04:00:00,51.25,79.98,78.66,23.29
2020-12-09 05:00:00,72.68,107.93,71.91,24.51
2020-12-09 06:00:00,62.0,98.72,68.94,25.12
2020-12-09 07:00:00,63.5,104.77,68.37,25.05
2020-12-09 08:00:00,68.36,107.0,65.21,26.09
2020-12-09 09:00:00,62.88,102.93,52.43,30.79
2020-12-09 10:00:00,56.75,120.72,48.03,32.93
2020-12-09 11:00:00,66.47,151.05,44.73,34.7
2020-12-09 12:00:00,72.38,165.14,42.16,35.66
2020-12-09 13:00:00,73.88,164.56,42.48,35.6
2020-12-09 14:00:00,54.81,132.97,42.08,36.03
2020-12-09 15:00:00,40.66,91.12,43.93,35.43
2020-12-09 16:00:00,37.26,92.77,52.38,32.59
2020-12-09 17:00:00,40.49,80.35,64.2,29.93
2020-12-09 18:00:00,56.7,103.05,68.07,28.85
2020-12-09 19:00:00,63.38,102.49,73.47,27.96
2020-12-09 20:00:00,59.64,105.88,75.13,27.05
2020-12-09 21:00:00,50.25,85.84,77.63,26.81
2020-12-09 22:00:00,55.11,94.07,82.37,26.53
2020-12-09 23:00:00,56.87,88.86,88.06,25.62
2020-12-10 00:00:00,57.87,98.36,93.13,24.79
2020-12-10 01:00:00,77.19,129.49,95.21,24.59
2020-12-10 02:00:00,69.53,108.33,94.09,24.93
2020-12-10 03:00:00,72.36,105.25,91.81,25.27
2020-12-10 04:00:00,69.51,105.18,88.63,25.09
2020-12-10 05:00:00,58.52,84.72,89.75,24.73
2020-12-10 06:00:00,75.38,98.2,89.64,24.53
2020-12-10 07:00:00,65.75,100.86,83.6,25.21
2020-12-10 08:00:00,82.38,147.02,78.62,27.11
2020-12-10 09:00:00,104.19,178.35,64.24,31.43
2020-12-10 10:00:00,89.56,148.82,53.87,33.92
2020-12-10 11:00:00,79.12,139.37,48.41,35.44
2020-12-10 12:00:00,71.02,135.75,47.53,35.0
2020-12-10 13:00:00,60.38,104.89,45.93,35.16
2020-12-10 14:00:00,51.12,98.81,51.38,33.96
2020-12-10 15:00:00,53.49,99.81,56.57,34.0
2020-12-10 16:00:00,63.59,106.51,68.86,31.84
2020-12-10 17:00:00,79.05,140.56,76.48,30.19
2020-12-10 18:00:00,89.75,157.77,84.89,28.28
2020-12-10 19:00:00,96.87,163.83,88.71,27.39
2020-12-10 20:00:00,106.0,172.0,85.45,27.7
2020-12-10 21:00:00,117.34,180.79,87.13,27.24
2020-12-10 22:00:00,102.38,151.0,86.29,27.41
2020-12-10 23:00:00,109.59,167.42,84.35,27.49
2020-12-11 00:00:00,90.94,134.07,87.33,26.87
2020-12-11 01:00:00,82.75,116.86,90.74,26.3
2020-12-11 02:00:00,90.75,114.19,91.89,25.95
2020-12-11 03:00:00,90.25,120.51,91.19,25.66
2020-12-11 04:00:00,93.5,123.63,90.99,25.48
2020-12-11 05:00:00,92.25,122.37,90.42,25.25
2020-12-11 06:00:00,92.0,119.0,91.64,24.98
2020-12-11 07:00:00,78.92,105.98,90.55,24.83
2020-12-11 08:00:00,80.49,116.02,88.7,25.2
2020-12-11 09:00:00,80.13,112.49,90.04,25.2
2020-12-11 10:00:00,71.28,104.49,93.26,25.03
2020-12-11 11:00:00,74.36,100.56,88.32,26.57
2020-12-11 12:00:00,74.13,102.44,84.99,26.84
2020-12-11 13:00:00,76.62,111.14,76.56,27.69
2020-12-11 14:00:00,50.83,86.95,72.79,28.69
2020-12-11 15:00:00,46.12,79.37,72.65,29.06
2020-12-11 16:00:00,51.23,87.95,74.17,28.8
2020-12-11 17:00:00,58.98,101.39,75.03,28.28
2020-12-11 18:00:00,59.13,105.63,85.58,25.62
2020-12-11 19:00:00,63.38,101.12,91.06,24.55
2020-12-11 20:00:00,66.62,104.0,91.66,24.5
2020-12-11 21:00:00,75.72,108.88,91.26,24.87
2020-12-11 22:00:00,74.38,94.53,91.41,25.11
2020-12-11 23:00:00,65.28,78.79,92.64,25.23
2020-12-12 00:00:00,60.51,77.62,91.87,25.21
2020-12-12 01:00:00,61.76,81.25,90.64,25.07
2020-12-12 02:00:00,65.5,83.62,91.75,24.93
2020-12-12 03:00:00,68.62,92.95,92.95,24.66
2020-12-12 04:00:00,69.0,81.98,93.63,24.51
2020-12-12 05:00:00,63.75,75.75,93.12,24.57
2020-12-12 06:00:00,57.75,69.3,90.45,24.79
2020-12-12 07:00:00,52.62,63.12,89.08,24.92
2020-12-12 08:00:00,44.15,57.93,89.39,25.39
2020-12-12 09:00:00,51.72,71.65,87.26,26.45
2020-12-12 10:00:00,58.25,81.51,84.61,26.8
2020-12-12 11:00:00,57.26,98.47,80.78,27.86
2020-12-12 12:00:00,72.75,115.01,71.03,30.09
2020-12-12 13:00:00,61.96,103.0,63.25,31.87
2020-12-12 14:00:00,61.74,90.02,62.4,32.05
2020-12-12 15:00:00,70.73,87.81,67.9,30.21
2020-12-12 16:00:00,70.25,105.09,74.45,28.71
2020-12-12 17:00:00,73.5,120.39,80.4,27.27
2020-12-12 18:00:00,70.51,114.08,87.28,26.05
2020-12-12 19:00:00,92.68,129.09,89.86,25.39
2020-12-12 20:00:00,77.68,112.65,90.65,25.25
2020-12-12 21:00:00,75.87,112.07,89.85,25.07
2020-12-12 22:00:00,86.47,132.53,90.53,24.87
2020-12-12 23:00:00,90.62,129.65,83.76,25.27
2020-12-13 00:00:00,73.56,106.03,82.59,25.3
2020-12-13 01:00:00,72.75,96.12,82.06,25.32
2020-12-13 02:00:00,73.0,92.57,82.61,25.19
2020-12-13 03:00:00,67.77,91.19,82.07,25.05
2020-12-13 04:00:00,73.12,90.19,82.67,24.97
2020-12-13 05:00:00,72.25,86.75,83.26,24.87
2020-12-13 06:00:00,71.13,89.25,86.91,24.41
2020-12-13 07:00:00,70.13,87.56,87.34,24.39
2020-12-13 08:00:00,71.75,88.87,85.17,25.16
2020-12-13 09:00:00,76.38,100.67,86.74,25.32
2020-12-13 10:00:00,58.68,84.29,82.99,26.8
2020-12-13 11:00:00,46.41,66.79,77.57,27.57
2020-12-13 12:00:00,41.51,68.07,76.67,27.98
2020-12-13 13:00:00,46.23,57.61,75.42,28.19
2020-12-13 14:00:00,38.28,55.0,77.95,27.72
2020-12-13 15:00:00,42.23,62.33,82.75,26.61
2020-12-13 16:00:00,43.0,59.95,84.24,26.03
2020-12-13 17:00:00,45.62,54.13,87.05,25.19
2020-12-13 18:00:00,53.85,74.16,84.38,24.98
2020-12-13 19:00:00,60.23,99.35,84.98,24.75
2020-12-13 20:00:00,62.74,94.2,86.25,24.56
2020-12-13 21:00:00,70.85,100.92,86.89,24.62
2020-12-13 22:00:00,83.34,116.02,86.49,24.63
2020-12-13 23:00:00,80.62,105.17,85.73,24.69
2020-12-14 00:00:00,71.28,95.16,87.97,24.44
2020-12-14 01:00:00,65.64,89.38,92.39,23.77
2020-12-14 02:00:00,72.0,97.92,97.73,22.94
2020-12-14 03:00:00,74.75,94.32,99.38,22.89
2020-12-14 04:00:00,59.35,74.34,99.75,23.15
2020-12-14 05:00:00,49.14,59.42,99.59,23.3
2020-12-14 06:00:00,33.82,46.52,99.72,22.91
2020-12-14 07:00:00,5.04,7.02,99.81,22.82
2020-12-14 08:00:00,20.465408975354368,23.68,99.84,23.07
2020-12-14 09:00:00,24.006015954189905,40.34,99.86,23.3
2020-12-14 10:00:00,40.03,57.0,99.4,23.98
2020-12-14 11:00:00,55.08,73.22,96.05,24.67
2020-12-14 12:00:00,48.28,65.61,87.2,26.84
2020-12-14 13:00:00,51.36,71.14,83.49,27.61
2020-12-14 14:00:00,38.0,64.86,81.03,27.53
2020-12-14 15:00:00,38.62,61.37,83.91,27.08
2020-12-14 16:00:00,47.75,70.77,83.88,27.4
2020-12-14 17:00:00,34.17,71.37,81.72,27.47
2020-12-14 18:00:00,43.34,76.68,92.82,24.56
2020-12-14 19:00:00,48.5,81.25,98.05,23.68
2020-12-14 20:00:00,39.41,58.41,98.79,23.35
2020-12-14 21:00:00,44.98,65.21,99.12,23.09
2020-12-14 22:00:00,52.98,68.81,99.77,22.9
2020-12-14 23:00:00,50.5,74.68,99.88,22.95
2020-12-15 00:00:00,55.23,79.25,99.88,23.0
2020-12-15 01:00:00,46.41,66.16,99.91,22.78
2020-12-15 02:00:00,70.3,90.67,99.75,22.9
2020-12-15 03:00:00,67.89,95.37,99.35,22.76
2020-12-15 04:00:00,69.62,97.44,98.18,22.71
2020-12-15 05:00:00,78.72,99.63,98.39,22.35
2020-12-15 06:00:00,75.64,99.19,98.05,22.38
2020-12-15 07:00:00,81.09,105.49,97.62,22.47
2020-12-15 08:00:00,91.59,117.0,91.11,24.78
2020-12-15 09:00:00,88.65,111.32,79.15,28.15
2020-12-15 10:00:00,76.66,100.23,67.62,31.53
2020-12-15 11:00:00,68.02,96.37,60.41,33.62
2020-12-15 12:00:00,63.51,98.43,59.7,34.03
2020-12-15 13:00:00,69.98,110.36,60.04,33.96
2020-12-15 14:00:00,71.0,110.57,60.48,34.35
2020-12-15 15:00:00,78.85,118.92,62.55,33.68
2020-12-15 16:00:00,88.75,129.92,66.38,32.12
2020-12-15 17:00:00,97.85,135.25,74.84,28.51
2020-12-15 18:00:00,78.07,112.98,82.75,26.81
2020-12-15 19:00:00,75.0,102.25,89.81,25.88
2020-12-15 20:00:00,96.88,129.05,90.62,25.76
2020-12-15 21:00:00,112.21,148.84,90.46,25.33
2020-12-15 22:00:00,106.12,140.6,93.23,24.34
2020-12-15 23:00:00,104.13,134.75,96.48,23.59
2020-12-16 00:00:00,117.92,146.17,98.21,23.18
2020-12-16 01:00:00,123.5,149.0,98.16,23.08
2020-12-16 02:00:00,111.79,135.21,97.69,22.93
2020-12-16 03:00:00,101.28,124.7,96.34,22.93
2020-12-16 04:00:00,92.15,118.94,95.76,22.97
2020-12-16 05:00:00,93.62,125.3,95.68,22.95
2020-12-16 06:00:00,95.75,122.94,96.07,22.66
2020-12-16 07:00:00,89.89,114.67,98.6,22.06
2020-12-16 08:00:00,95.98,115.43,94.71,24.09
2020-12-16 09:00:00,114.44,149.37,79.84,27.87
2020-12-16 10:00:00,107.38,145.61,70.3,29.85
2020-12-16 11:00:00,89.38,132.45,63.26,32.27
2020-12-16 12:00:00,90.49,154.33,58.39,33.66
2020-12-16 13:00:00,95.36,166.22,54.66,34.63
2020-12-16 14:00:00,84.66,148.84,58.33,33.6
2020-12-16 15:00:00,86.49,150.49,65.83,32.42
2020-12-16 16:00:00,87.88,149.57,71.23,30.66
2020-12-16 17:00:00,84.51,135.21,77.37,28.47
2020-12-16 18:00:00,79.63,118.23,86.52,26.38
2020-12-16 19:00:00,84.23,116.63,93.38,25.07
2020-12-16 20:00:00,86.75,117.81,93.96,24.71
2020-12-16 21:00:00,98.34,136.66,95.48,23.95
2020-12-16 22:00:00,100.87,138.57,97.85,23.65
2020-12-16 23:00:00,106.23,139.62,98.1,22.9
2020-12-17 00:00:00,84.32,103.0,98.91,22.59
2020-12-17 01:00:00,77.51,94.89,99.14,22.16
2020-12-17 02:00:00,81.36,97.0,99.63,22.11
2020-12-17 03:00:00,77.64,90.0,99.31,22.17
2020-12-17 04:00:00,79.62,98.11,97.57,22.49
2020-12-17 05:00:00,78.25,98.13,98.0,22.16
2020-12-17 06:00:00,83.25,109.17,96.6,22.63
2020-12-17 07:00:00,98.88,128.22,93.65,22.99
2020-12-17 08:00:00,94.02,121.45,85.13,25.1
2020-12-17 09:00:00,84.56,119.0,70.42,28.82
2020-12-17 10:00:00,87.37,133.6,64.64,30.8
2020-12-17 11:00:00,95.0,152.56,61.22,32.39
2020-12-17 12:00:00,92.51,159.72,53.05,34.21
2020-12-17 13:00:00,77.03,123.0,49.53,34.8
2020-12-17 14:00:00,73.25,123.0,56.81,34.05
2020-12-17 15:00:00,94.88,132.78,60.77,32.65
2020-12-17 16:00:00,98.0,133.47578947368422,60.444500000000005,32.6645
2020-12-17 17:00:00,80.78173589096852,134.17157894736843,60.119,32.679
2020-12-17 18:00:00,83.60132806552133,134.86736842105265,59.7935,32.6935
2020-12-17 19:00:00,94.91654911924589,135.56315789473683,59.468,32.708
2020-12-17 20:00:00,98.07316222212702,136.25894736842105,59.1425,32.7225
2020-12-17 21:00:00,112.64461592974268,136.95473684210526,58.817,32.736999999999995
2020-12-17 22:00:00,123.48465639141213,137.65052631578948,58.4915,32.7515
2020-12-17 23:00:00,122.72139297572883,138.3463157894737,58.166000000000004,32.766
2020-12-18 00:00:00,127.57835497868902,139.0421052631579,57.8405,32.780499999999996
2020-12-18 01:00:00,127.67122995496936,139.7378947368421,57.515,32.795
2020-12-18 02:00:00,122.2294121614683,140.4336842105263,57.1895,32.8095
2020-12-18 03:00:00,103.62909925251596,141.12947368421052,56.864,32.824
2020-12-18 04:00:00,87.003712660544,141.82526315789474,56.5385,32.838499999999996
2020-12-18 05:00:00,76.2318425905074,142.52105263157895,56.213,32.852999999999994
2020-12-18 06:00:00,71.21520104313603,143.21684210526317,55.8875,32.8675
2020-12-18 07:00:00,66.28861888017975,143.91263157894736,55.562,32.882
2020-12-18 08:00:00,76.86879968438822,144.60842105263157,55.2365,32.896499999999996
2020-12-18 09:00:00,79.94743661924345,145.30421052631579,54.911,32.911
2020-12-18 10:00:00,96.0,146.0,54.585499999999996,32.9255
2020-12-18 11:00:00,99.0,171.0,54.26,32.94
2020-12-18 12:00:00,82.43,158.02,50.87,33.94
2020-12-18 13:00:00,75.64,143.65,44.14,36.2
2020-12-18 14:00:00,59.3,111.8,40.13,36.51
2020-12-18 15:00:00,43.03,79.05,43.09,35.52
2020-12-18 16:00:00,42.74,74.62,55.31,33.68
2020-12-18 17:00:00,59.59,89.64,64.36,30.61
2020-12-18 18:00:00,64.62,117.33,82.57,25.95
2020-12-18 19:00:00,71.11,112.42,90.43,24.55
2020-12-18 20:00:00,80.72,106.27,92.81,23.74
2020-12-18 21:00:00,76.77,97.52,89.28,23.38
2020-12-18 22:00:00,82.96,122.77,83.34,24.45
2020-12-18 23:00:00,84.0,117.64,86.79,23.67
2020-12-19 00:00:00,70.05,100.45,91.32,22.85
2020-12-19 01:00:00,79.34,105.95,92.71,22.89
2020-12-19 02:00:00,88.85,118.55,85.99,24.03
2020-12-19 03:00:00,82.15,109.64,85.54,23.56
2020-12-19 04:00:00,78.38,93.21,83.0,23.63
2020-12-19 05:00:00,73.64,89.19,80.47,23.69
2020-12-19 06:00:00,73.0,97.92,77.62,23.7
2020-12-19 07:00:00,71.25,104.06,77.25,23.69
2020-12-19 08:00:00,74.48,116.32,73.69,25.15
2020-12-19 09:00:00,85.47,123.07,64.2,28.16
2020-12-19 10:00:00,90.49,141.03,57.23,30.76
2020-12-19 11:00:00,99.72,173.39,50.5,32.32
2020-12-19 12:00:00,89.66,159.75,46.83,33.45
2020-12-19 13:00:00,77.53,136.34,42.41,34.29
2020-12-19 14:00:00,60.35,105.23,40.86,35.09
2020-12-19 15:00:00,58.0,93.34,42.79,34.9
2020-12-19 16:00:00,60.61,100.11,47.44,33.22
2020-12-19 17:00:00,59.26,93.89,64.27,29.27
2020-12-19 18:00:00,56.38,88.75,74.52,25.53
2020-12-19 19:00:00,56.88,85.8,79.64,24.51
2020-12-19 20:00:00,67.47,90.2,84.87,24.2
2020-12-19 21:00:00,77.72,97.0,84.78,23.46
2020-12-19 22:00:00,68.53,85.18,83.22,23.82
2020-12-19 23:00:00,100.04,180.0,82.09,24.3
2020-12-20 00:00:00,103.25,170.75,80.72,24.12
2020-12-20 01:00:00,93.44,125.0,81.04,23.25
2020-12-20 02:00:00,76.34,116.89,79.92,22.82
2020-12-20 03:00:00,76.62,115.62,76.35,23.09
2020-12-20 04:00:00,74.38,108.7,73.52,23.18
2020-12-20 05:00:00,73.13,99.7,75.12,22.76
2020-12-20 06:00:00,87.0,112.6,76.8,22.16
2020-12-20 07:00:00,88.12,120.06,79.64,21.64
2020-12-20 08:00:00,88.0,121.81,71.38,24.18
2020-12-20 09:00:00,87.13,134.17,60.83,28.0
2020-12-20 10:00:00,92.23,144.32,49.69,30.72
2020-12-20 11:00:00,83.38,133.0,44.0,31.54
2020-12-20 12:00:00,71.53,116.8,41.06,33.58
2020-12-20 13:00:00,70.0,123.55,38.04,33.64
2020-12-20 14:00:00,63.02,103.29,37.47,34.6
2020-12-20 15:00:00,59.38,99.62,37.5,34.76
2020-12-20 16:00:00,56.38,91.08,40.06,33.36
2020-12-20 17:00:00,56.0,93.87,51.45,29.6
2020-12-20 18:00:00,58.62,98.7,65.12,26.82
2020-12-20 19:00:00,55.52,92.08,66.76,25.82
2020-12-20 20:00:00,66.34,91.62,80.41,24.16
2020-12-20 21:00:00,71.5,103.36,81.3,23.73
2020-12-20 22:00:00,71.13,100.32,85.42,22.51
2020-12-20 23:00:00,70.13,94.94,89.02,21.75
2020-12-21 00:00:00,84.83,124.01,87.42,22.13
2020-12-21 01:00:00,93.11,142.35,83.74,22.26
2020-12-21 02:00:00,86.15,127.16,83.56,21.95
2020-12-21 03:00:00,78.02,122.19,82.96,22.0
2020-12-21 04:00:00,86.59,129.3,84.79,21.53
2020-12-21 05:00:00,115.04,163.4,85.72,20.98
2020-12-21 06:00:00,107.66,147.48,78.49,21.2
2020-12-21 07:00:00,78.09,109.0,69.34,21.9
2020-12-21 08:00:00,71.38,110.87,61.8,23.84
2020-12-21 09:00:00,71.0,116.06,50.32,27.58
2020-12-21 10:00:00,69.25,123.49,42.61,30.21
2020-12-21 11:00:00,60.28,125.81,38.36,31.17
2020-12-21 12:00:00,53.76,121.65,33.78,32.52
2020-12-21 13:00:00,36.43,82.5,30.94,33.87
2020-12-21 14:00:00,31.38,65.89,30.65,34.43
2020-12-21 15:00:00,37.95,70.49,31.9,34.63
2020-12-21 16:00:00,42.48,74.43,37.57,33.77
2020-12-21 17:00:00,43.87,79.0,57.2,28.29
2020-12-21 18:00:00,61.5,98.47,68.85,24.91
2020-12-21 19:00:00,44.0,78.67,67.42,24.8
2020-12-21 20:00:00,45.38,73.81,69.53,24.17
2020-12-21 21:00:00,47.74,82.11,72.31,23.38
2020-12-21 22:00:00,53.22,86.43,79.23,21.65
2020-12-21 23:00:00,71.39,125.8,85.67,20.64
2020-12-22 00:00:00,86.18,144.7,85.29,19.95
2020-12-22 01:00:00,70.56,120.86,85.03,19.98
2020-12-22 02:00:00,72.36,117.98,74.33,21.02
2020-12-22 03:00:00,66.02,104.78,69.45,21.06
2020-12-22 04:00:00,58.02,95.32,71.65,20.23
2020-12-22 05:00:00,63.09,99.68,66.94,20.52
2020-12-22 06:00:00,55.3,87.26,59.38,21.16
2020-12-22 07:00:00,48.77,82.38,57.61,21.35
2020-12-22 08:00:00,54.95,94.93,56.52,22.59
2020-12-22 09:00:00,66.47,109.32,44.35,26.93
2020-12-22 10:00:00,54.96,103.11,39.27,29.58
2020-12-22 11:00:00,66.95,142.37,36.35,32.09
2020-12-22 12:00:00,55.92,137.4,32.15,33.01
2020-12-22 13:00:00,45.3,127.51,30.59,34.43
2020-12-22 14:00:00,42.26,103.29,29.88,34.67
2020-12-22 15:00:00,38.52,86.64,32.62,34.54
2020-12-22 16:00:00,36.26,78.32,43.86,31.37
2020-12-22 17:00:00,42.95,91.19,56.46,27.95
2020-12-22 18:00:00,45.74,100.81,67.54,23.84
2020-12-22 19:00:00,46.87,91.27,80.06,21.92
2020-12-22 20:00:00,46.13,73.59,85.41,21.56
2020-12-22 21:00:00,46.87,80.51,81.64,20.86
2020-12-22 22:00:00,40.89,63.6,75.48,20.41
2020-12-22 23:00:00,52.21,90.63,83.14,19.95
2020-12-23 00:00:00,46.17,76.1,86.67,19.51
2020-12-23 01:00:00,53.72,76.68,87.5,18.94
2020-12-23 02:00:00,48.02,59.0,90.41,18.75
2020-12-23 03:00:00,51.36,65.49,89.11,18.61
2020-12-23 04:00:00,67.65,96.2,88.37,18.36
2020-12-23 05:00:00,70.87,107.06,90.15,17.77
2020-12-23 06:00:00,74.49,109.62,85.17,18.46
2020-12-23 07:00:00,77.61,115.68,76.68,19.96
2020-12-23 08:00:00,78.0,118.62,68.19,22.53
2020-12-23 09:00:00,80.62,129.55,51.49,28.51
2020-12-23 10:00:00,84.49,148.22,42.72,31.44
2020-12-23 11:00:00,78.91,159.28,36.05,32.35
2020-12-23 12:00:00,71.05,150.45,33.63,33.47
2020-12-23 13:00:00,71.75,161.74,32.38,34.89
2020-12-23 14:00:00,58.05,110.66,31.81,34.99
2020-12-23 15:00:00,51.64,98.0,33.03,35.14
2020-12-23 16:00:00,53.61,102.06,39.72,32.2
2020-12-23 17:00:00,57.49,110.28,50.73,28.75
2020-12-23 18:00:00,56.26,109.57,68.1,24.31
2020-12-23 19:00:00,56.87,93.59,74.79,22.93
2020-12-23 20:00:00,56.13,84.4,78.72,21.73
2020-12-23 21:00:00,56.0,85.87,83.37,21.18
2020-12-23 22:00:00,65.59,97.55,78.65,20.98
2020-12-23 23:00:00,75.72,125.14,84.86,20.26
2020-12-24 00:00:00,75.26,116.4,90.46,19.73
2020-12-24 01:00:00,75.0,112.19,92.93,19.58
2020-12-24 02:00:00,89.83,135.52,90.7,19.17
2020-12-24 03:00:00,86.77,128.02,87.97,19.12
2020-12-24 04:00:00,92.09,138.83,82.06,19.6
2020-12-24 05:00:00,77.3,108.86,75.16,21.05
2020-12-24 06:00:00,82.85,127.77,75.94,21.06
2020-12-24 07:00:00,109.3,159.95,77.97,20.58
2020-12-24 08:00:00,116.48,167.62,72.62,22.66
2020-12-24 09:00:00,95.12,148.53,56.93,27.15
2020-12-24 10:00:00,89.39,148.31,48.94,29.37
2020-12-24 11:00:00,78.53,149.13,42.97,31.38
2020-12-24 12:00:00,88.3,173.11,39.11,33.01
2020-12-24 13:00:00,82.17,172.53,35.25,35.1
2020-12-24 14:00:00,63.61,127.35,33.98,36.45
2020-12-24 15:00:00,58.38,111.34,33.64,37.3
2020-12-24 16:00:00,61.44,119.57,49.88,32.89
2020-12-24 17:00:00,68.09,139.78,63.95,28.94
2020-12-24 18:00:00,77.72,140.77,66.92,26.37
2020-12-24 19:00:00,71.15,112.42,69.58,24.49
2020-12-24 20:00:00,60.44,88.22,81.02,22.78
2020-12-24 21:00:00,72.04,100.22,83.57,22.54
2020-12-24 22:00:00,82.72,124.28,87.46,22.26
2020-12-24 23:00:00,92.69,142.74,88.64,21.97
2020-12-25 00:00:00,101.83,160.55,89.3,21.65
2020-12-25 01:00:00,109.09,174.51,91.85,21.19
2020-12-25 02:00:00,111.74,163.21,94.25,20.85
2020-12-25 03:00:00,123.34,178.66,94.22,20.33
2020-12-25 04:00:00,134.56,180.57,93.96,20.38
2020-12-25 05:00:00,139.49,196.22,87.9,21.24
2020-12-25 06:00:00,117.39,171.71,81.14,22.13
2020-12-25 07:00:00,113.13,166.62,73.23,23.05
2020-12-25 08:00:00,85.18,137.8,64.04,25.12
2020-12-25 09:00:00,74.89,122.92,53.76,28.24
2020-12-25 10:00:00,80.11,135.19,49.61,30.41
2020-12-25 11:00:00,94.91,178.76,45.0,32.52
2020-12-25 12:00:00,85.7,174.02,41.66,34.08
2020-12-25 13:00:00,78.78,161.3,39.36,35.18
2020-12-25 14:00:00,71.05,143.59,37.8,36.1
2020-12-25 15:00:00,63.91,129.45,37.12,37.1
2020-12-25 16:00:00,63.0,104.0,44.69,35.36
2020-12-25 17:00:00,69.98,133.0,59.67,30.43
2020-12-25 18:00:00,103.17,184.73,74.16,26.59
2020-12-25 19:00:00,136.69,218.09,79.28,24.82
2020-12-25 20:00:00,138.38,213.3,80.78,23.96
2020-12-25 21:00:00,100.61,152.8,84.53,23.39
2020-12-25 22:00:00,80.17,117.94,82.96,23.52
2020-12-25 23:00:00,105.82,159.88,86.62,22.94
2020-12-26 00:00:00,106.52,162.92,87.62,22.47
2020-12-26 01:00:00,86.0,123.69,87.69,22.17
2020-12-26 02:00:00,83.0,116.62,91.35,22.04
2020-12-26 03:00:00,86.48,133.0,87.93,21.94
2020-12-26 04:00:00,103.57,143.55,85.0,22.05
2020-12-26 05:00:00,91.22,130.64,77.69,22.98
2020-12-26 06:00:00,76.79,114.07,79.76,22.33
2020-12-26 07:00:00,77.61,111.0,83.42,21.58
2020-12-26 08:00:00,85.83,123.98,76.42,24.3
2020-12-26 09:00:00,99.17,158.0,57.24,29.69
2020-12-26 10:00:00,101.87,175.03,49.72,32.02
2020-12-26 11:00:00,99.38,188.7,45.44,33.38
2020-12-26 12:00:00,105.22,191.0,42.34,34.71
2020-12-26 13:00:00,104.26,194.23,42.08,35.66
2020-12-26 14:00:00,98.78,178.83,38.53,35.97
2020-12-26 15:00:00,67.57,129.73,40.13,35.82
2020-12-26 16:00:00,77.78,152.95,45.2,33.01
2020-12-26 17:00:00,71.31,131.0,54.25,30.23
2020-12-26 18:00:00,75.22,141.51,65.2,26.99
2020-12-26 19:00:00,85.56,149.67,72.63,25.98
2020-12-26 20:00:00,98.3,160.7,80.89,25.37
2020-12-26 21:00:00,112.18,158.15,88.96,24.54
2020-12-26 22:00:00,120.93,154.57,91.73,23.98
2020-12-26 23:00:00,122.87,156.47,91.48,23.73
2020-12-27 00:00:00,136.04,179.02,92.13,23.19
2020-12-27 01:00:00,156.26,198.55,92.4,22.84
2020-12-27 02:00:00,126.83,163.2,88.39,22.78
2020-12-27 03:00:00,102.81,139.45,85.94,22.89
2020-12-27 04:00:00,96.51,135.19,85.54,23.01
2020-12-27 05:00:00,109.91,152.01,84.68,23.25
2020-12-27 06:00:00,124.21,168.12,87.37,22.46
2020-12-27 07:00:00,108.6,145.94,89.62,22.3
2020-12-27 08:00:00,90.35,123.03,85.77,24.32
2020-12-27 09:00:00,108.93,159.42,71.9,28.16
2020-12-27 10:00:00,122.43,198.91,56.35,31.88
2020-12-27 11:00:00,103.13,178.52,55.04,32.43
2020-12-27 12:00:00,129.66,211.69,53.94,33.13
2020-12-27 13:00:00,107.92,191.09,51.33,33.87
2020-12-27 14:00:00,99.65,172.9,50.86,34.04
2020-12-27 15:00:00,90.31,163.57,53.51,33.6
2020-12-27 16:00:00,98.59,165.42,52.72,33.5
2020-12-27 17:00:00,111.3,173.28,55.13,31.13
2020-12-27 18:00:00,95.61,156.41,71.34,26.25
2020-12-27 19:00:00,88.64,139.88,82.8,25.13
2020-12-27 20:00:00,108.87,174.31,82.95,25.34
2020-12-27 21:00:00,125.95,184.62,85.65,23.74
2020-12-27 22:00:00,115.83,165.6,91.88,22.19
2020-12-27 23:00:00,111.38,144.03,95.12,21.36
2020-12-28 00:00:00,104.05,127.11,95.26,20.74
2020-12-28 01:00:00,97.8,127.23,95.06,20.29
2020-12-28 02:00:00,96.13,124.77,96.43,20.09
2020-12-28 03:00:00,85.57,119.15,95.55,19.41
2020-12-28 04:00:00,78.77,117.19,91.16,18.67
2020-12-28 05:00:00,64.09,91.94,72.84,19.77
2020-12-28 06:00:00,47.22,73.88,65.04,20.33
2020-12-28 07:00:00,49.36,73.43,64.16,20.16
2020-12-28 08:00:00,51.74,78.94,61.45,21.76
2020-12-28 09:00:00,47.65,90.08,49.09,27.16
2020-12-28 10:00:00,43.52,88.77,39.23,29.34
2020-12-28 11:00:00,36.91,83.96,36.56,31.02
2020-12-28 12:00:00,31.65,85.42,36.43,32.44
2020-12-28 13:00:00,32.75,64.17,36.09,33.54
2020-12-28 14:00:00,34.74,92.95,35.37,33.12
2020-12-28 15:00:00,42.83,117.97,37.96,32.66
2020-12-28 16:00:00,41.36,134.14,40.77,31.31
2020-12-28 17:00:00,46.22,170.25,50.69,27.66
2020-12-28 18:00:00,59.21,197.0,61.31,24.14
2020-12-28 19:00:00,61.87,190.53,70.81,21.69
2020-12-28 20:00:00,73.3,188.19,71.77,20.77
2020-12-28 21:00:00,69.78,171.03,77.98,19.7
2020-12-28 22:00:00,75.09,172.68,82.82,18.7
2020-12-28 23:00:00,77.75,169.97,84.32,18.28
2020-12-29 00:00:00,67.57,139.19,84.96,18.11
2020-12-29 01:00:00,66.87,130.38,87.86,17.85
2020-12-29 02:00:00,73.11,134.83,88.63,17.43
2020-12-29 03:00:00,66.17,130.45,90.88,17.41
2020-12-29 04:00:00,58.91,118.92,90.73,17.36
2020-12-29 05:00:00,54.52,102.4,90.59,17.17
2020-12-29 06:00:00,52.26,98.19,88.48,16.55
2020-12-29 07:00:00,60.7,110.12,89.37,16.31
2020-12-29 08:00:00,75.91,140.48,80.94,19.55
2020-12-29 09:00:00,86.69,180.95,56.2,27.44
2020-12-29 10:00:00,97.56,205.17,44.42,29.85
2020-12-29 11:00:00,62.48,135.44,41.53,31.58
2020-12-29 12:00:00,61.33,134.0,41.02,32.07
2020-12-29 13:00:00,70.69,156.63,40.05,33.32
2020-12-29 14:00:00,92.87,203.22,43.75,32.6
2020-12-29 15:00:00,75.13,194.41,48.78,31.93
2020-12-29 16:00:00,74.62,164.13,55.06,30.52
2020-12-29 17:00:00,73.26,160.43,62.98,27.85
2020-12-29 18:00:00,76.48,169.08,74.84,24.25
2020-12-29 19:00:00,72.65,144.32,85.52,22.21
2020-12-29 20:00:00,71.13,131.22,92.38,21.27
2020-12-29 21:00:00,79.69,135.91,94.25,21.0
2020-12-29 22:00:00,88.83,155.78,95.28,20.48
2020-12-29 23:00:00,95.22,156.77,96.38,20.06
2020-12-30 00:00:00,92.52,146.3,97.41,19.98
2020-12-30 01:00:00,96.35,148.83,97.39,19.46
2020-12-30 02:00:00,97.87,151.62,95.12,19.07
2020-12-30 03:00:00,82.3,132.0,95.14,18.88
2020-12-30 04:00:00,81.74,135.22,93.92,18.45
2020-12-30 05:00:00,69.83,124.68,92.06,18.0
2020-12-30 06:00:00,63.65,121.19,94.17,18.0
2020-12-30 07:00:00,63.0,114.53,88.99,18.72
2020-12-30 08:00:00,69.95,140.48,76.48,21.88
2020-12-30 09:00:00,81.43,164.78,63.95,26.03
2020-12-30 10:00:00,77.78,169.81,55.04,28.89
2020-12-30 11:00:00,85.69,199.91,51.94,30.48
2020-12-30 12:00:00,101.78,231.67,48.69,32.44
2020-12-30 13:00:00,104.0,234.07,46.46,33.53
2020-12-30 14:00:00,101.39,205.22,48.55,33.38
2020-12-30 15:00:00,97.52,215.97,54.41,31.93
2020-12-30 16:00:00,95.26,217.57,60.01,30.32
2020-12-30 17:00:00,93.25,195.18,66.03,27.8
2020-12-30 18:00:00,93.0,189.19,71.76,25.65
2020-12-30 19:00:00,86.05,160.71,84.13,23.29
2020-12-30 20:00:00,93.69,158.04,86.42,22.98
2020-12-30 21:00:00,111.52,174.36,88.47,22.18
2020-12-30 22:00:00,111.39,178.81,91.04,21.76
2020-12-30 23:00:00,131.0,215.38,89.38,21.83
2020-12-31 00:00:00,145.27,229.64,88.94,21.17
2020-12-31 01:00:00,115.7,176.66,91.53,20.55
2020-12-31 02:00:00,95.35,143.86,91.62,20.44
2020-12-31 03:00:00,96.49,141.0,84.0,21.73
2020-12-31 04:00:00,92.65,147.47,81.68,22.05
2020-12-31 05:00:00,91.13,150.61,81.61,22.2
2020-12-31 06:00:00,91.0,149.38,81.54,22.38
2020-12-31 07:00:00,95.36,153.03,80.02,22.86
2020-12-31 08:00:00,99.48,154.81,73.36,24.48
2020-12-31 09:00:00,96.52,154.19,63.96,27.13
2020-12-31 10:00:00,102.11,170.92,56.95,29.85
2020-12-31 11:00:00,121.26,207.33,50.8,32.1
2020-12-31 12:00:00,105.74,194.65,48.31,33.21
2020-12-31 13:00:00,90.83,173.94,45.02,34.61
2020-12-31 14:00:00,82.05,150.18,42.74,35.3
2020-12-31 15:00:00,74.05,131.26,42.62,36.09
2020-12-31 16:00:00,65.17,117.49,46.89,34.65
2020-12-31 17:00:00,89.22,169.16,55.25,30.52
2020-12-31 18:00:00,89.52,159.37,70.45,27.28
2020-12-31 19:00:00,113.34,192.8,76.2,25.98
2020-12-31 20:00:00,112.65,172.9,79.44,24.6
2020-12-31 21:00:00,98.09,133.0,84.88,23.77
2020-12-31 22:00:00,94.26,126.53,81.94,23.51
2020-12-31 23:00:00,84.44,120.17,80.89,23.19
2021-01-01 00:00:00,76.05,109.33,82.28,22.8
2021-01-01 01:00:00,77.6,108.61,87.61,22.67
2021-01-01 02:00:00,79.74,108.19,90.98,22.39
2021-01-01 03:00:00,122.6,169.43,92.63,22.04
2021-01-01 04:00:00,133.35,171.92,94.59,21.93
2021-01-01 05:00:00,114.07,147.98,88.29,23.09
2021-01-01 06:00:00,116.22,155.33,83.85,23.8
2021-01-01 07:00:00,128.3,173.51,84.11,23.7
2021-01-01 08:00:00,124.78,174.38,78.47,25.55
2021-01-01 09:00:00,116.17,174.0,69.08,28.62
2021-01-01 10:00:00,126.3,195.02,60.31,31.39
2021-01-01 11:00:00,140.18,223.44,53.95,33.6
2021-01-01 12:00:00,131.57,217.71,53.28,33.6
2021-01-01 13:00:00,102.18,166.6,51.98,33.72
2021-01-01 14:00:00,78.87,140.5,53.9,33.39
2021-01-01 15:00:00,85.56,147.0,58.63,31.88
2021-01-01 16:00:00,83.52,142.17,62.85,30.42
2021-01-01 17:00:00,89.95,140.19,71.55,28.9
2021-01-01 18:00:00,131.0,190.12,79.78,27.45
2021-01-01 19:00:00,156.13,220.53,82.06,26.86
2021-01-01 20:00:00,160.74,218.53,87.3,25.49
2021-01-01 21:00:00,141.0,182.24,88.17,25.28
2021-01-01 22:00:00,141.47,180.44,88.36,25.12
2021-01-01 23:00:00,147.2,185.22,91.03,25.21
2021-01-02 00:00:00,136.73,181.17,91.74,24.94
2021-01-02 01:00:00,123.7,165.45,93.16,24.2
2021-01-02 02:00:00,126.36,158.77,94.83,23.95
2021-01-02 03:00:00,117.47,145.92,95.75,23.56
2021-01-02 04:00:00,122.09,146.22,96.05,23.32
2021-01-02 05:00:00,145.6,172.78,96.92,23.06
2021-01-02 06:00:00,151.61,179.81,97.6,23.27
2021-01-02 07:00:00,154.61,186.47,96.55,23.76
2021-01-02 08:00:00,154.13,190.0,92.8,25.38
2021-01-02 09:00:00,172.26,223.95,85.44,26.77
2021-01-02 10:00:00,199.34,275.5,76.96,28.95
2021-01-02 11:00:00,201.26,302.98,71.09,30.45
2021-01-02 12:00:00,159.27,275.48,63.81,31.47
2021-01-02 13:00:00,126.05,213.03,65.85,31.27
2021-01-02 14:00:00,136.73,202.43,64.91,31.15
2021-01-02 15:00:00,119.93,180.37,64.53,31.12
2021-01-02 16:00:00,137.8,198.36,71.27,28.97
2021-01-02 17:00:00,141.87,216.08,75.0,26.95
2021-01-02 18:00:00,107.22,188.17,78.85,25.8
2021-01-02 19:00:00,109.83,160.14,84.72,24.43
2021-01-02 20:00:00,116.22,171.69,87.75,23.9
2021-01-02 21:00:00,124.83,187.93,87.03,23.61
2021-01-02 22:00:00,115.6,162.0,88.65,23.21
2021-01-02 23:00:00,109.67,144.53,89.94,22.71
2021-01-03 00:00:00,112.45,151.0,92.95,22.42
2021-01-03 01:00:00,106.91,136.5,94.31,22.14
2021-01-03 02:00:00,105.13,133.0,96.07,22.02
2021-01-03 03:00:00,97.17,127.36,96.18,21.63
2021-01-03 04:00:00,118.62,156.61,96.42,21.39
2021-01-03 05:00:00,125.48,158.34,97.48,21.14
2021-01-03 06:00:00,129.48,157.81,98.01,21.14
2021-01-03 07:00:00,131.74,164.47,96.99,21.12
2021-01-03 08:00:00,145.91,190.17,90.56,23.33
2021-01-03 09:00:00,162.79,206.47,75.28,27.52
2021-01-03 10:00:00,149.35,221.12,67.7,29.38
2021-01-03 11:00:00,151.35,231.25,60.5,31.4
2021-01-03 12:00:00,149.39,239.45,60.23,31.85
2021-01-03 13:00:00,162.91,260.33,59.07,31.72
2021-01-03 14:00:00,145.87,246.41,56.48,31.65
2021-01-03 15:00:00,132.57,227.0,57.02,31.35
2021-01-03 16:00:00,126.65,220.53,64.3,28.51
2021-01-03 17:00:00,113.79,202.03,65.27,27.72
2021-01-03 18:00:00,112.87,203.64,72.09,25.2
2021-01-03 19:00:00,95.61,166.33,77.63,23.89
2021-01-03 20:00:00,99.09,153.78,83.83,22.58
2021-01-03 21:00:00,101.74,147.36,84.26,22.42
2021-01-03 22:00:00,109.8,155.78,83.51,22.63
2021-01-03 23:00:00,124.0,193.42,75.96,23.74
2021-01-04 00:00:00,114.7,180.93,75.97,23.48
2021-01-04 01:00:00,103.44,155.79,80.25,22.84
2021-01-04 02:00:00,105.47,154.22,86.21,22.4
2021-01-04 03:00:00,132.08,197.84,89.92,22.27
2021-01-04 04:00:00,125.57,189.47,91.89,21.87
2021-01-04 05:00:00,123.13,168.08,92.3,21.79
2021-01-04 06:00:00,113.44,161.57,90.7,21.79
2021-01-04 07:00:00,137.13,186.87,93.03,21.53
2021-01-04 08:00:00,135.78,189.77,92.96,21.82
2021-01-04 09:00:00,138.48,190.61,91.09,23.11
2021-01-04 10:00:00,145.95,228.86,75.53,26.665
2021-01-04 11:00:00,131.35,200.01,59.97,30.22
2021-01-04 12:00:00,116.0,181.33,60.73,29.58
2021-01-04 13:00:00,168.78,291.93,61.27,29.89
2021-01-04 14:00:00,146.67,252.0,62.35,29.05
2021-01-04 15:00:00,142.87,252.0,59.6,30.54
2021-01-04 16:00:00,143.0,240.72,58.91,30.11
2021-01-04 17:00:00,133.27,229.05,68.03,27.37
2021-01-04 18:00:00,133.73,207.67,76.07,25.2
2021-01-04 19:00:00,131.39,203.0,81.35,24.06
2021-01-04 20:00:00,135.35,197.36,80.29,24.2
2021-01-04 21:00:00,131.67,189.56,74.06,24.46
2021-01-04 22:00:00,117.96,170.28,66.94,24.1
2021-01-04 23:00:00,110.78,161.17,75.94,23.39
2021-01-05 00:00:00,109.13,156.79,77.13,23.39
2021-01-05 01:00:00,107.26,151.15,81.13,23.1
2021-01-05 02:00:00,105.27,145.18,82.45,22.41
2021-01-05 03:00:00,101.53,135.14,85.03,21.63
2021-01-05 04:00:00,97.52,137.84,87.79,21.25
2021-01-05 05:00:00,98.74,135.78,86.22,21.33
2021-01-05 06:00:00,94.65,128.58,85.86,21.08
2021-01-05 07:00:00,91.39,122.97,86.88,21.52
2021-01-05 08:00:00,97.09,130.89,83.88,22.49
2021-01-05 09:00:00,118.0,163.72,74.66,25.64
2021-01-05 10:00:00,134.87,213.0,63.94,28.38
2021-01-05 11:00:00,140.47,222.67,58.61,30.7
2021-01-05 12:00:00,136.65,225.0,55.91,31.47
2021-01-05 13:00:00,115.36,191.62,54.98,32.32
2021-01-05 14:00:00,133.67,212.81,59.06,30.59
2021-01-05 15:00:00,160.47,249.81,61.85,30.11
2021-01-05 16:00:00,169.22,256.19,62.14,29.22
2021-01-05 17:00:00,158.7,239.89,66.16,26.92
2021-01-05 18:00:00,157.0,228.06,74.55,25.27
2021-01-05 19:00:00,149.18,226.22,76.83,24.64
2021-01-05 20:00:00,165.33,234.22,81.7,23.56
2021-01-05 21:00:00,163.67,232.78,82.14,23.73
2021-01-05 22:00:00,163.0,221.53,84.22,23.48
2021-01-05 23:00:00,157.8,220.61,88.13,22.92
2021-01-06 00:00:00,159.6,221.81,90.33,22.15
2021-01-06 01:00:00,148.7,189.78,90.77,22.04
2021-01-06 02:00:00,154.8,194.08,90.73996610169492,22.041661016949153
2021-01-06 03:00:00,163.8,207.0,90.70993220338983,22.043322033898303
2021-01-06 04:00:00,165.0,211.85,90.67989830508475,22.044983050847456
2021-01-06 05:00:00,153.73,207.34,90.64986440677966,22.04664406779661
2021-01-06 06:00:00,144.18,189.03,90.61983050847458,22.048305084745763
2021-01-06 07:00:00,141.26,182.58,90.58979661016949,22.049966101694913
2021-01-06 08:00:00,143.6,190.06,90.55976271186441,22.051627118644067
2021-01-06 09:00:00,151.82,203.32,90.52972881355932,22.05328813559322
2021-01-06 10:00:00,146.91,203.58,90.49969491525424,22.05494915254237
2021-01-06 11:00:00,141.96,209.4,90.46966101694915,22.056610169491524
2021-01-06 12:00:00,134.07,206.96,90.43962711864407,22.058271186440678
2021-01-06 13:00:00,114.8,190.64,90.40959322033898,22.05993220338983
2021-01-06 14:00:00,92.93,163.64,90.3795593220339,22.06159322033898
2021-01-06 15:00:00,135.07,221.64,90.3495254237288,22.063254237288135
2021-01-06 16:00:00,145.47,232.97,90.31949152542373,22.064915254237288
2021-01-06 17:00:00,150.35,235.22,90.28945762711864,22.066576271186438
2021-01-06 18:00:00,155.33,235.19,90.25942372881356,22.06823728813559
2021-01-06 19:00:00,158.6,235.81,90.22938983050847,22.069898305084745
2021-01-06 20:00:00,167.67,229.53,90.19935593220339,22.0715593220339
2021-01-06 21:00:00,176.8,234.44,90.1693220338983,22.07322033898305
2021-01-06 22:00:00,179.74,252.13,90.13928813559322,22.074881355932202
2021-01-06 23:00:00,177.4,245.53,90.10925423728813,22.076542372881356
2021-01-07 00:00:00,164.87,231.76,90.07922033898305,22.07820338983051
2021-01-07 01:00:00,157.78,214.5,90.04918644067796,22.07986440677966
2021-01-07 02:00:00,155.27,198.11,90.01915254237288,22.081525423728813
2021-01-07 03:00:00,145.47,187.75,89.98911864406779,22.083186440677967
2021-01-07 04:00:00,144.0,179.0,89.95908474576271,22.084847457627117
2021-01-07 05:00:00,143.13,181.42,89.92905084745762,22.08650847457627
2021-01-07 06:00:00,135.2,170.72,89.89901694915254,22.088169491525424
2021-01-07 07:00:00,135.74,167.19,89.86898305084745,22.089830508474577
2021-01-07 08:00:00,149.08,200.74,89.83894915254237,22.091491525423727
2021-01-07 09:00:00,189.25,271.66,89.80891525423728,22.09315254237288
2021-01-07 10:00:00,166.31,242.69,89.7788813559322,22.094813559322034
2021-01-07 11:00:00,150.7,236.03,89.74884745762712,22.096474576271184
2021-01-07 12:00:00,145.52,251.5,89.71881355932203,22.098135593220338
2021-01-07 13:00:00,136.33,233.18,89.68877966101695,22.09979661016949
2021-01-07 14:00:00,146.27,257.91,89.65874576271186,22.101457627118645
2021-01-07 15:00:00,160.13,259.36,89.62871186440678,22.103118644067795
2021-01-07 16:00:00,151.6,254.78,89.59867796610169,22.10477966101695
2021-01-07 17:00:00,135.0,234.0,89.56864406779661,22.106440677966102
2021-01-07 18:00:00,132.4,219.5,89.53861016949152,22.108101694915252
2021-01-07 19:00:00,117.22,161.0,89.50857627118644,22.109762711864406
2021-01-07 20:00:00,113.27,154.56,89.47854237288135,22.11142372881356
2021-01-07 21:00:00,94.8,129.64,89.44850847457627,22.113084745762713
2021-01-07 22:00:00,133.0,200.63,89.41847457627118,22.114745762711863
2021-01-07 23:00:00,131.2,198.86,89.3884406779661,22.116406779661016
2021-01-08 00:00:00,124.8,190.78,89.35840677966101,22.11806779661017
2021-01-08 01:00:00,142.2,205.31,89.32837288135593,22.11972881355932
2021-01-08 02:00:00,153.67,225.03,89.29833898305084,22.121389830508473
2021-01-08 03:00:00,141.09,200.36,89.26830508474576,22.123050847457627
2021-01-08 04:00:00,136.4,193.61,89.23827118644067,22.12471186440678
2021-01-08 05:00:00,129.07,174.67,89.20823728813559,22.12637288135593
2021-01-08 06:00:00,121.07,159.49,89.1782033898305,22.128033898305084
2021-01-08 07:00:00,123.47,164.25,89.14816949152542,22.129694915254237
2021-01-08 08:00:00,130.07,174.08,89.11813559322033,22.13135593220339
2021-01-08 09:00:00,105.87,154.98,89.08810169491525,22.13301694915254
2021-01-08 10:00:00,107.13,150.61,89.05806779661016,22.134677966101695
2021-01-08 11:00:00,114.48,168.34,89.02803389830508,22.136338983050848
2021-01-08 12:00:00,139.27,209.73,88.99799999999999,22.137999999999998
2021-01-08 13:00:00,121.33,196.8,88.96796610169491,22.13966101694915
2021-01-08 14:00:00,128.4,188.64,88.93793220338982,22.141322033898305
2021-01-08 15:00:00,97.07,144.89,88.90789830508474,22.14298305084746
2021-01-08 16:00:00,103.27,155.75,88.87786440677965,22.14464406779661
2021-01-08 17:00:00,104.13,159.39,88.84783050847457,22.146305084745762
2021-01-08 18:00:00,92.73,137.25,88.81779661016948,22.147966101694916
2021-01-08 19:00:00,91.87,139.25,88.7877627118644,22.149627118644066
2021-01-08 20:00:00,95.47,135.5,88.75772881355931,22.15128813559322
2021-01-08 21:00:00,113.39,136.82,88.72769491525423,22.152949152542373
2021-01-08 22:00:00,99.53,119.52,88.69766101694916,22.154610169491527
2021-01-08 23:00:00,79.67,95.73,88.66762711864406,22.156271186440677
2021-01-09 00:00:00,62.31,78.96,88.63759322033899,22.15793220338983
2021-01-09 01:00:00,81.67,101.69,88.6075593220339,22.159593220338984
2021-01-09 02:00:00,89.33,118.47,88.57752542372882,22.161254237288134
2021-01-09 03:00:00,99.53,125.83,88.54749152542372,22.162915254237287
2021-01-09 04:00:00,126.13,163.25,88.51745762711865,22.16457627118644
2021-01-09 05:00:00,141.27,170.39,88.48742372881355,22.166237288135594
2021-01-09 06:00:00,120.47,138.58,88.45738983050848,22.167898305084744
2021-01-09 07:00:00,83.2,94.0,88.42735593220338,22.169559322033898
2021-01-09 08:00:00,93.6,112.53,88.3973220338983,22.17122033898305
2021-01-09 09:00:00,100.35,131.5,88.36728813559321,22.1728813559322
2021-01-09 10:00:00,77.6,114.06,88.33725423728814,22.174542372881355
2021-01-09 11:00:00,64.44,109.8,88.30722033898304,22.17620338983051
2021-01-09 12:00:00,75.13,134.2,88.27718644067797,22.177864406779662
2021-01-09 13:00:00,68.33,115.03,88.24715254237287,22.179525423728812
2021-01-09 14:00:00,65.27,114.64,88.2171186440678,22.181186440677966
2021-01-09 15:00:00,107.00383201229506,177.81,88.1870847457627,22.18284745762712
2021-01-09 16:00:00,95.0,183.83,88.15705084745763,22.184508474576273
2021-01-09 17:00:00,91.55,175.58,88.12701694915253,22.186169491525423
2021-01-09 18:00:00,93.6,161.31,88.09698305084746,22.187830508474576
2021-01-09 19:00:00,88.8,144.35,88.06694915254236,22.18949152542373
2021-01-09 20:00:00,74.96,116.83,88.03691525423729,22.19115254237288
2021-01-09 21:00:00,72.13,102.14,88.0068813559322,22.192813559322033
2021-01-09 22:00:00,72.87,100.8,87.97684745762712,22.194474576271187
2021-01-09 23:00:00,95.53,125.08,87.94681355932202,22.19613559322034
2021-01-10 00:00:00,106.8,143.04,87.91677966101695,22.19779661016949
2021-01-10 01:00:00,118.37,166.0,87.88674576271185,22.199457627118644
2021-01-10 02:00:00,125.2,173.22,87.85671186440678,22.201118644067797
2021-01-10 03:00:00,142.47,216.75,87.82667796610168,22.202779661016947
2021-01-10 04:00:00,150.22,228.61,87.7966440677966,22.2044406779661
2021-01-10 05:00:00,126.73,176.64,87.76661016949151,22.206101694915255
2021-01-10 06:00:00,103.93,135.81,87.73657627118644,22.207762711864408
2021-01-10 07:00:00,102.73,131.41,87.70654237288136,22.209423728813558
2021-01-10 08:00:00,94.33,127.72,87.67650847457627,22.21108474576271
2021-01-10 09:00:00,80.0,116.94,87.64647457627119,22.212745762711865
2021-01-10 10:00:00,77.13,134.33,87.6164406779661,22.214406779661015
2021-01-10 11:00:00,90.0,163.97,87.58640677966102,22.21606779661017
2021-01-10 12:00:00,82.47,157.96,87.55637288135593,22.217728813559322
2021-01-10 13:00:00,67.09,130.92,87.52633898305085,22.219389830508476
2021-01-10 14:00:00,48.48,96.81,87.49630508474576,22.221050847457626
2021-01-10 15:00:00,73.82,140.57,87.46627118644068,22.22271186440678
2021-01-10 16:00:00,104.87,175.56,87.43623728813559,22.224372881355933
2021-01-10 17:00:00,102.07,167.0,87.40620338983051,22.226033898305083
2021-01-10 18:00:00,98.39,161.38,87.37616949152542,22.227694915254236
2021-01-10 19:00:00,82.35,128.69,87.34613559322034,22.22935593220339
2021-01-10 20:00:00,65.27,104.89,87.31610169491525,22.231016949152544
2021-01-10 21:00:00,74.3,114.69,87.28606779661017,22.232677966101694
2021-01-10 22:00:00,69.93,101.14,87.25603389830508,22.234338983050847
2021-01-10 23:00:00,82.0,113.86,87.226,22.236
2021-01-11 00:00:00,84.0,111.34,87.1959661016949,22.237661016949154
2021-01-11 01:00:00,66.67,91.69,87.16593220338983,22.239322033898304
2021-01-11 02:00:00,70.93,99.24,87.13589830508474,22.240983050847458
2021-01-11 03:00:00,78.93,111.64,87.10586440677966,22.24264406779661
2021-01-11 04:00:00,99.13,142.1,87.07583050847457,22.24430508474576
2021-01-11 05:00:00,98.52,140.17,87.04579661016949,22.245966101694915
2021-01-11 06:00:00,92.82,130.78,87.0157627118644,22.24762711864407
2021-01-11 07:00:00,85.05,122.58,86.98572881355932,22.249288135593222
2021-01-11 08:00:00,89.22,127.43,86.95569491525423,22.250949152542372
2021-01-11 09:00:00,87.39,133.0,86.92566101694915,22.252610169491525
2021-01-11 10:00:00,91.33,149.06,86.89562711864406,22.25427118644068
2021-01-11 11:00:00,90.27,162.67,86.86559322033898,22.25593220338983
2021-01-11 12:00:00,67.47,155.37,86.83555932203389,22.257593220338983
2021-01-11 13:00:00,58.8,122.39,86.80552542372881,22.259254237288136
2021-01-11 14:00:00,61.48,133.47,86.77549152542372,22.26091525423729
2021-01-11 15:00:00,85.33,158.94,86.74545762711864,22.26257627118644
2021-01-11 16:00:00,79.47,143.0,86.71542372881356,22.264237288135593
2021-01-11 17:00:00,80.6,152.0,86.68538983050847,22.265898305084747
2021-01-11 18:00:00,74.07,137.47,86.65535593220339,22.267559322033897
2021-01-11 19:00:00,60.87,109.53,86.6253220338983,22.26922033898305
2021-01-11 20:00:00,58.13,105.8,86.59528813559322,22.270881355932204
2021-01-11 21:00:00,58.87,93.96,86.56525423728813,22.272542372881357
2021-01-11 22:00:00,50.33,78.11,86.53522033898305,22.274203389830507
2021-01-11 23:00:00,61.13,92.66,86.50518644067796,22.27586440677966
2021-01-12 00:00:00,63.87,91.38,86.47515254237288,22.277525423728815
2021-01-12 01:00:00,74.4,123.03,86.44511864406779,22.279186440677964
2021-01-12 02:00:00,89.82,145.45,86.41508474576271,22.280847457627118
2021-01-12 03:00:00,84.2,135.35,86.38505084745762,22.28250847457627
2021-01-12 04:00:00,86.47,119.11,86.35501694915254,22.284169491525425
2021-01-12 05:00:00,89.61,126.47,86.32498305084745,22.285830508474575
2021-01-12 06:00:00,77.87,104.0,86.29494915254237,22.28749152542373
2021-01-12 07:00:00,73.4,106.41,86.26491525423728,22.289152542372882
2021-01-12 08:00:00,99.0,147.94,86.2348813559322,22.290813559322036
2021-01-12 09:00:00,90.87,152.36,86.20484745762711,22.292474576271186
2021-01-12 10:00:00,79.47,145.36,86.17481355932203,22.29413559322034
2021-01-12 11:00:00,70.2,145.0,86.14477966101694,22.295796610169493
2021-01-12 12:00:00,79.4,157.72,86.11474576271186,22.297457627118643
2021-01-12 13:00:00,62.8,178.89,86.08471186440677,22.299118644067796
2021-01-12 14:00:00,50.47,123.19,86.05467796610169,22.30077966101695
2021-01-12 15:00:00,44.67,96.11,86.0246440677966,22.302440677966104
2021-01-12 16:00:00,77.8,142.14,85.99461016949152,22.304101694915254
2021-01-12 17:00:00,89.93,162.03,85.96457627118643,22.305762711864407
2021-01-12 18:00:00,73.61,123.86,85.93454237288135,22.30742372881356
2021-01-12 19:00:00,71.0,108.36,85.90450847457626,22.30908474576271
2021-01-12 20:00:00,85.78,132.0,85.87447457627118,22.310745762711864
2021-01-12 21:00:00,115.64,161.7,85.8444406779661,22.312406779661018
2021-01-12 22:00:00,119.13,163.36,85.81440677966101,22.31406779661017
2021-01-12 23:00:00,116.4,186.88,85.78437288135592,22.31572881355932
2021-01-13 00:00:00,117.73,170.52,85.75433898305084,22.317389830508475
2021-01-13 01:00:00,99.8,137.7,85.72430508474577,22.31905084745763
2021-01-13 02:00:00,74.47,103.61,85.69427118644067,22.32071186440678
2021-01-13 03:00:00,63.2,90.56,85.6642372881356,22.322372881355932
2021-01-13 04:00:00,57.67,80.17,85.6342033898305,22.324033898305085
2021-01-13 05:00:00,60.48,81.21,85.60416949152543,22.32569491525424
2021-01-13 06:00:00,61.87,90.84,85.57413559322033,22.32735593220339
2021-01-13 07:00:00,72.4,94.61,85.54410169491526,22.329016949152543
2021-01-13 08:00:00,80.07,115.07,85.51406779661016,22.330677966101696
2021-01-13 09:00:00,81.87,130.44,85.48403389830509,22.332338983050846
2021-01-13 10:00:00,73.31,125.77,85.454,22.334
2021-01-13 11:00:00,76.33,138.45,85.42396610169492,22.335661016949153
2021-01-13 12:00:00,66.57,146.01,85.39393220338982,22.337322033898307
2021-01-13 13:00:00,44.43,135.0,85.36389830508475,22.338983050847457
2021-01-13 14:00:00,30.6,77.81,85.33386440677965,22.34064406779661
2021-01-13 15:00:00,52.54,77.20666666666666,85.30383050847458,22.342305084745764
2021-01-13 16:00:00,55.00820198354782,76.60333333333334,85.27379661016948,22.343966101694917
2021-01-13 17:00:00,44.0,76.0,85.2437627118644,22.345627118644067
2021-01-13 18:00:00,31.0,59.95,85.21372881355931,22.34728813559322
2021-01-13 19:00:00,29.87,54.39,85.18369491525424,22.348949152542374
2021-01-13 20:00:00,36.07,65.24,85.15366101694914,22.350610169491524
2021-01-13 21:00:00,53.47,91.0,85.12362711864407,22.352271186440678
2021-01-13 22:00:00,83.73,113.48,85.09359322033897,22.35393220338983
2021-01-13 23:00:00,87.14,121.41,85.0635593220339,22.355593220338985
2021-01-14 00:00:00,91.32,138.06,85.0335254237288,22.357254237288135
2021-01-14 01:00:00,88.55,117.92,85.00349152542373,22.35891525423729
2021-01-14 02:00:00,67.27,96.25,84.97345762711863,22.360576271186442
2021-01-14 03:00:00,61.4,80.5,84.94342372881356,22.362237288135592
2021-01-14 04:00:00,50.57,64.16,84.91338983050846,22.363898305084746
2021-01-14 05:00:00,66.28,86.69,84.88335593220339,22.3655593220339
2021-01-14 06:00:00,78.53,115.49,84.85332203389831,22.367220338983053
2021-01-14 07:00:00,88.64,138.66,84.82328813559322,22.368881355932203
2021-01-14 08:00:00,90.87,155.05,84.79325423728812,22.370542372881356
2021-01-14 09:00:00,88.4,149.94,84.76322033898305,22.37220338983051
2021-01-14 10:00:00,103.6,206.0,84.73318644067797,22.37386440677966
2021-01-14 11:00:00,85.2,180.31,84.70315254237288,22.375525423728813
2021-01-14 12:00:00,62.93,143.5,84.6731186440678,22.377186440677967
2021-01-14 13:00:00,86.78,164.9,84.6430847457627,22.37884745762712
2021-01-14 14:00:00,93.6,165.58,84.61305084745763,22.38050847457627
2021-01-14 15:00:00,87.93,156.78,84.58301694915254,22.382169491525424
2021-01-14 16:00:00,74.87,150.18,84.55298305084746,22.383830508474578
2021-01-14 17:00:00,71.27,135.35,84.52294915254237,22.385491525423728
2021-01-14 18:00:00,46.73,89.45,84.49291525423729,22.38715254237288
2021-01-14 19:00:00,53.4,103.08,84.4628813559322,22.388813559322035
2021-01-14 20:00:00,66.27,109.0,84.43284745762712,22.39047457627119
2021-01-14 21:00:00,55.0,82.51,84.40281355932203,22.39213559322034
2021-01-14 22:00:00,65.13,88.84,84.37277966101695,22.393796610169492
2021-01-14 23:00:00,74.8,97.6,84.34274576271186,22.395457627118645
2021-01-15 00:00:00,67.36,89.37,84.31271186440678,22.397118644067795
2021-01-15 01:00:00,59.95,85.39,84.28267796610169,22.39877966101695
2021-01-15 02:00:00,70.27,97.0,84.25264406779661,22.400440677966102
2021-01-15 03:00:00,71.13,93.79,84.22261016949152,22.402101694915256
2021-01-15 04:00:00,66.67,92.2,84.19257627118644,22.403762711864406
2021-01-15 05:00:00,72.93,92.0,84.16254237288135,22.40542372881356
2021-01-15 06:00:00,61.87,90.27272727272727,84.13250847457627,22.407084745762713
2021-01-15 07:00:00,66.93,88.54545454545455,84.10247457627118,22.408745762711867
2021-01-15 08:00:00,94.0,86.81818181818181,84.0724406779661,22.410406779661017
2021-01-15 09:00:00,99.73,85.0909090909091,84.04240677966101,22.41206779661017
2021-01-15 10:00:00,90.47,83.36363636363636,84.01237288135593,22.413728813559324
2021-01-15 11:00:00,72.53,81.63636363636364,83.98233898305084,22.415389830508474
2021-01-15 12:00:00,62.2,79.9090909090909,83.95230508474576,22.417050847457627
2021-01-15 13:00:00,63.59,78.18181818181819,83.92227118644067,22.41871186440678
2021-01-15 14:00:00,54.47,76.45454545454545,83.89223728813559,22.420372881355934
2021-01-15 15:00:00,39.13,74.72727272727272,83.86220338983051,22.422033898305084
2021-01-15 16:00:00,39.6,73.0,83.83216949152542,22.423694915254238
2021-01-15 17:00:00,39.13,64.97,83.80213559322033,22.42535593220339
2021-01-15 18:00:00,27.73,55.77,83.77210169491525,22.42701694915254
2021-01-15 19:00:00,38.13,84.0,83.74206779661017,22.428677966101695
2021-01-15 20:00:00,45.2,74.33,83.71203389830508,22.43033898305085
2021-01-15 21:00:00,40.8,55.89,83.682,22.432000000000002
2021-01-15 22:00:00,44.33,58.42,83.65196610169491,22.433661016949152
2021-01-15 23:00:00,48.47,68.86,83.62193220338983,22.435322033898306
2021-01-16 00:00:00,51.59,82.24,83.59189830508474,22.43698305084746
2021-01-16 01:00:00,44.2,59.31,83.56186440677966,22.43864406779661
2021-01-16 02:00:00,33.47,44.0,83.53183050847457,22.440305084745763
2021-01-16 03:00:00,27.65,33.98,83.50179661016949,22.441966101694916
2021-01-16 04:00:00,43.47,49.8,83.4717627118644,22.44362711864407
2021-01-16 05:00:00,46.0,55.6,83.44172881355932,22.44528813559322
2021-01-16 06:00:00,72.87,81.69,83.41169491525423,22.446949152542373
2021-01-16 07:00:00,73.53,86.79,83.38166101694915,22.448610169491527
2021-01-16 08:00:00,73.0,92.42,83.35162711864406,22.45027118644068
2021-01-16 09:00:00,79.07,118.97,83.32159322033898,22.45193220338983
2021-01-16 10:00:00,67.87,115.37,83.29155932203389,22.453593220338984
2021-01-16 11:00:00,61.68,111.39,83.26152542372881,22.455254237288138
2021-01-16 12:00:00,57.53,98.96,83.23149152542372,22.456915254237288
2021-01-16 13:00:00,65.67,125.7,83.20145762711864,22.45857627118644
2021-01-16 14:00:00,53.18,100.0,83.17142372881355,22.460237288135595
2021-01-16 15:00:00,43.2,79.93,83.14138983050847,22.46189830508475
2021-01-16 16:00:00,49.8,82.22,83.11135593220338,22.4635593220339
2021-01-16 17:00:00,49.27,80.79,83.0813220338983,22.465220338983052
2021-01-16 18:00:00,62.87,101.67,83.05128813559321,22.466881355932205
2021-01-16 19:00:00,78.0,123.86,83.02125423728813,22.468542372881355
2021-01-16 20:00:00,105.13,135.22,82.99122033898304,22.47020338983051
2021-01-16 21:00:00,97.73,120.14,82.96118644067796,22.471864406779662
2021-01-16 22:00:00,93.4,109.6,82.93115254237287,22.473525423728816
2021-01-16 23:00:00,97.32,106.79,82.9011186440678,22.475186440677966
2021-01-17 00:00:00,63.45,74.0,82.87108474576272,22.47684745762712
2021-01-17 01:00:00,49.36,63.59,82.84105084745762,22.478508474576273
2021-01-17 02:00:00,55.8,75.04,82.81101694915253,22.480169491525423
2021-01-17 03:00:00,64.78,87.63,82.78098305084745,22.481830508474577
2021-01-17 04:00:00,58.2,75.55,82.75094915254238,22.48349152542373
2021-01-17 05:00:00,63.91,84.84,82.72091525423728,22.485152542372884
2021-01-17 06:00:00,84.93,120.91,82.6908813559322,22.486813559322034
2021-01-17 07:00:00,83.67,104.1,82.66084745762711,22.488474576271187
2021-01-17 08:00:00,84.73,113.0,82.63081355932204,22.49013559322034
2021-01-17 09:00:00,97.13,124.24,82.60077966101694,22.49179661016949
2021-01-17 10:00:00,82.53,97.3,82.57074576271187,22.493457627118644
2021-01-17 11:00:00,73.93,105.26,82.54071186440677,22.495118644067798
2021-01-17 12:00:00,89.47,141.13,82.5106779661017,22.49677966101695
2021-01-17 13:00:00,90.27,152.2,82.4806440677966,22.4984406779661
2021-01-17 14:00:00,76.13,127.31,82.45061016949153,22.500101694915255
2021-01-17 15:00:00,66.2,104.65,82.42057627118643,22.50176271186441
2021-01-17 16:00:00,63.27,98.82,82.39054237288136,22.50342372881356
2021-01-17 17:00:00,58.68,103.21,82.36050847457626,22.505084745762712
2021-01-17 18:00:00,58.87,104.0,82.33047457627119,22.506745762711866
2021-01-17 19:00:00,52.07,95.97,82.3004406779661,22.50840677966102
2021-01-17 20:00:00,46.67,69.11,82.27040677966102,22.51006779661017
2021-01-17 21:00:00,43.4,58.18,82.24037288135592,22.511728813559323
2021-01-17 22:00:00,48.18,65.83,82.21033898305085,22.513389830508476
2021-01-17 23:00:00,42.95,50.4,82.18030508474575,22.51505084745763
2021-01-18 00:00:00,40.27,49.2,82.15027118644068,22.51671186440678
2021-01-18 01:00:00,35.67,41.17,82.12023728813558,22.518372881355933
2021-01-18 02:00:00,35.87,39.8,82.0902033898305,22.520033898305087
2021-01-18 03:00:00,34.13,36.8,82.06016949152541,22.521694915254237
2021-01-18 04:00:00,27.0,40.0,82.03013559322034,22.52335593220339
2021-01-18 05:00:00,27.0,38.39,82.00010169491524,22.525016949152544
2021-01-18 06:00:00,30.27,37.16,81.97006779661017,22.526677966101698
2021-01-18 07:00:00,39.0,43.0,81.94003389830507,22.528338983050848
2021-01-18 08:00:00,46.77,56.65,81.91,22.53
2021-01-18 09:00:00,67.07,92.09,81.88800134138162,22.537753185781355
2021-01-18 10:00:00,47.47,69.65,81.86600268276324,22.54550637156271
2021-01-18 11:00:00,50.91,85.04,81.84400402414487,22.553259557344067
2021-01-18 12:00:00,45.95,86.0,81.8220053655265,22.56101274312542
2021-01-18 13:00:00,36.33,67.55,81.8000067069081,22.568765928906775
2021-01-18 14:00:00,33.27,94.5,81.77800804828973,22.57651911468813
2021-01-18 15:00:00,37.32,85.2,81.75600938967136,22.584272300469486
2021-01-18 16:00:00,43.2,88.22,81.73401073105298,22.59202548625084
2021-01-18 17:00:00,46.59,85.0,81.7120120724346,22.599778672032194
2021-01-18 18:00:00,34.04,79.38,81.69001341381623,22.607531857813548
2021-01-18 19:00:00,37.18,68.37,81.66801475519785,22.615285043594906
2021-01-18 20:00:00,31.09,44.25,81.64601609657947,22.62303822937626
2021-01-18 21:00:00,31.73,45.42,81.6240174379611,22.630791415157613
2021-01-18 22:00:00,32.87,51.82,81.60201877934271,22.638544600938967
2021-01-18 23:00:00,31.27,46.58,81.58002012072434,22.64629778672032
2021-01-19 00:00:00,26.68,39.0,81.55802146210597,22.65405097250168
2021-01-19 01:00:00,20.8,28.58,81.53602280348758,22.661804158283033
2021-01-19 02:00:00,22.6,26.2,81.51402414486921,22.669557344064387
2021-01-19 03:00:00,25.59,32.42,81.49202548625084,22.67731052984574
2021-01-19 04:00:00,18.2,26.77,81.47002682763245,22.6850637156271
2021-01-19 05:00:00,30.0,44.27,81.44802816901408,22.692816901408452
2021-01-19 06:00:00,37.18,57.8,81.42602951039571,22.700570087189806
2021-01-19 07:00:00,33.67,49.0,81.40403085177732,22.70832327297116
2021-01-19 08:00:00,33.87,42.58,81.38203219315895,22.716076458752518
2021-01-19 09:00:00,41.77,59.47,81.36003353454058,22.723829644533872
2021-01-19 10:00:00,80.15,131.2,81.33803487592219,22.731582830315226
2021-01-19 11:00:00,92.07,157.63,81.31603621730382,22.73933601609658
2021-01-19 12:00:00,83.47,139.93,81.29403755868545,22.747089201877934
2021-01-19 13:00:00,72.5,129.5,81.27203890006706,22.75484238765929
2021-01-19 14:00:00,77.91,145.99,81.25004024144869,22.762595573440645
2021-01-19 15:00:00,69.47,132.6,81.22804158283031,22.770348759222
2021-01-19 16:00:00,66.27,115.0,81.20604292421193,22.778101945003353
2021-01-19 17:00:00,74.67,137.48,81.18404426559356,22.78585513078471
2021-01-19 18:00:00,79.47,141.79,81.16204560697518,22.793608316566065
2021-01-19 19:00:00,98.2,151.4,81.1400469483568,22.80136150234742
2021-01-19 20:00:00,88.0,129.92,81.11804828973843,22.809114688128773
2021-01-19 21:00:00,62.67,95.9,81.09604963112005,22.81686787391013
2021-01-19 22:00:00,52.95,76.16,81.07405097250167,22.824621059691484
2021-01-19 23:00:00,41.63,68.76,81.0520523138833,22.83237424547284
2021-01-20 00:00:00,39.13,61.18,81.03005365526492,22.840127431254192
2021-01-20 01:00:00,51.13,89.6,81.00805499664654,22.847880617035546
2021-01-20 02:00:00,79.78,133.93,80.98605633802816,22.855633802816904
2021-01-20 03:00:00,80.53,120.52,80.96405767940979,22.863386988598258
2021-01-20 04:00:00,70.5,100.6,80.94205902079142,22.87114017437961
2021-01-20 05:00:00,70.73,105.83,80.92006036217303,22.878893360160966
2021-01-20 06:00:00,60.6,86.33,80.89806170355466,22.886646545942323
2021-01-20 07:00:00,53.82,81.0,80.87606304493629,22.894399731723677
2021-01-20 08:00:00,42.6,76.98,80.8540643863179,22.90215291750503
2021-01-20 09:00:00,55.73,96.0,80.83206572769953,22.909906103286385
2021-01-20 10:00:00,105.67,190.91,80.81006706908116,22.917659289067743
2021-01-20 11:00:00,107.8,208.99,80.78806841046277,22.925412474849097
2021-01-20 12:00:00,65.4,130.4,80.7660697518444,22.93316566063045
2021-01-20 13:00:00,52.95,108.58,80.74407109322603,22.940918846411805
2021-01-20 14:00:00,53.73,104.37,80.72207243460764,22.94867203219316
2021-01-20 15:00:00,34.99,67.48,80.70007377598927,22.956425217974516
2021-01-20 16:00:00,44.96,95.8,80.6780751173709,22.96417840375587
2021-01-20 17:00:00,51.32,96.17,80.65607645875251,22.971931589537224
2021-01-20 18:00:00,45.95,90.79,80.63407780013414,22.979684775318578
2021-01-20 19:00:00,42.4,80.37,80.61207914151576,22.987437961099936
2021-01-20 20:00:00,54.09,92.45,80.59008048289738,22.99519114688129
2021-01-20 21:00:00,54.27,82.0,80.568081824279,23.002944332662643
2021-01-20 22:00:00,69.6,97.2,80.54608316566063,23.010697518443997
2021-01-20 23:00:00,73.73,113.8,80.52408450704225,23.018450704225355
2021-01-21 00:00:00,63.64,94.6,80.50208584842387,23.02620389000671
2021-01-21 01:00:00,40.33,65.0,80.4800871898055,23.033957075788063
2021-01-21 02:00:00,39.6,59.8,80.45808853118712,23.041710261569417
2021-01-21 03:00:00,35.68,55.18,80.43608987256874,23.04946344735077
2021-01-21 04:00:00,47.09,66.72,80.41409121395037,23.05721663313213
2021-01-21 05:00:00,58.5,83.0,80.39209255533198,23.064969818913482
2021-01-21 06:00:00,69.53,89.0,80.37009389671361,23.072723004694836
2021-01-21 07:00:00,77.93,106.8,80.34809523809524,23.08047619047619
2021-01-21 08:00:00,87.67,127.86,80.32609657947685,23.088229376257548
2021-01-21 09:00:00,95.05,151.2,80.30409792085848,23.095982562038902
2021-01-21 10:00:00,110.69,196.8,80.28209926224011,23.103735747820256
2021-01-21 11:00:00,125.96,219.0,80.26010060362172,23.11148893360161
2021-01-21 12:00:00,98.53,174.63,80.23810194500335,23.119242119382967
2021-01-21 13:00:00,121.64,231.8,80.21610328638498,23.12699530516432
2021-01-21 14:00:00,112.18,197.8,80.19410462776659,23.134748490945675
2021-01-21 15:00:00,91.86,149.0,80.17210596914822,23.14250167672703
2021-01-21 16:00:00,80.36,141.8,80.15010731052985,23.150254862508383
2021-01-21 17:00:00,83.32,134.2,80.12810865191146,23.15800804828974
2021-01-21 18:00:00,80.55,134.4,80.10610999329309,23.165761234071095
2021-01-21 19:00:00,95.55,141.4,80.08411133467472,23.17351441985245
2021-01-21 20:00:00,117.0,156.65,80.06211267605633,23.181267605633803
2021-01-21 21:00:00,116.53,149.63,80.04011401743796,23.18902079141516
2021-01-21 22:00:00,120.33,152.6,80.01811535881959,23.196773977196514
2021-01-21 23:00:00,132.27,162.03,79.9961167002012,23.204527162977868
2021-01-22 00:00:00,130.55,160.0,79.97411804158283,23.212280348759222
2021-01-22 01:00:00,108.4,146.4,79.95211938296445,23.22003353454058
2021-01-22 02:00:00,96.33,133.37,79.93012072434607,23.227786720321934
2021-01-22 03:00:00,82.0,113.34,79.9081220657277,23.235539906103288
2021-01-22 04:00:00,86.05,113.82,79.88612340710932,23.24329309188464
2021-01-22 05:00:00,110.33,136.68,79.86412474849094,23.251046277665996
2021-01-22 06:00:00,133.0,158.2,79.84212608987256,23.258799463447353
2021-01-22 07:00:00,137.73,179.4,79.82012743125419,23.266552649228707
2021-01-22 08:00:00,138.0,182.8,79.7981287726358,23.27430583501006
2021-01-22 09:00:00,170.93,239.8,79.77613011401743,23.282059020791415
2021-01-22 10:00:00,169.05,246.8,79.75413145539906,23.289812206572773
2021-01-22 11:00:00,141.22,241.79,79.73213279678068,23.297565392354127
2021-01-22 12:00:00,137.87,241.0,79.7101341381623,23.30531857813548
2021-01-22 13:00:00,109.4,197.15,79.68813547954393,23.313071763916835
2021-01-22 14:00:00,82.47,131.0,79.66613682092554,23.320824949698192
2021-01-22 15:00:00,107.51,189.6,79.64413816230717,23.328578135479546
2021-01-22 16:00:00,111.14,192.8,79.6221395036888,23.3363313212609
2021-01-22 17:00:00,108.41,177.2,79.60014084507041,23.344084507042254
2021-01-22 18:00:00,114.93,185.2,79.57814218645204,23.351837692823608
2021-01-22 19:00:00,122.05,174.4,79.55614352783367,23.359590878604966
2021-01-22 20:00:00,112.63,155.0,79.53414486921528,23.36734406438632
2021-01-22 21:00:00,119.67,154.03,79.51214621059691,23.375097250167673
2021-01-22 22:00:00,103.72,131.2,79.49014755197854,23.382850435949027
2021-01-22 23:00:00,113.17,149.0,79.46814889336015,23.390603621730385
2021-01-23 00:00:00,104.67,125.4,79.44615023474178,23.39835680751174
2021-01-23 01:00:00,80.54,98.8,79.4241515761234,23.406109993293093
2021-01-23 02:00:00,70.93,85.2,79.40215291750502,23.413863179074447
2021-01-23 03:00:00,73.47,100.0,79.38015425888665,23.421616364855804
2021-01-23 04:00:00,87.87,116.8,79.35815560026828,23.42936955063716
2021-01-23 05:00:00,104.69,125.02,79.33615694164989,23.437122736418512
2021-01-23 06:00:00,108.73,132.06,79.31415828303152,23.444875922199866
2021-01-23 07:00:00,116.8,134.4,79.29215962441315,23.45262910798122
2021-01-23 08:00:00,119.73,149.31,79.27016096579476,23.460382293762578
2021-01-23 09:00:00,129.5,198.76,79.24816230717639,23.468135479543932
2021-01-23 10:00:00,184.73,258.8,79.22616364855801,23.475888665325286
2021-01-23 11:00:00,168.73,264.0,79.20416498993964,23.48364185110664
2021-01-23 12:00:00,126.0,220.65,79.18216633132126,23.491395036887997
2021-01-23 13:00:00,100.13,167.6,79.16016767270288,23.49914822266935
2021-01-23 14:00:00,105.64,169.8,79.1381690140845,23.506901408450705
2021-01-23 15:00:00,92.31,152.2,79.11617035546612,23.51465459423206
2021-01-23 16:00:00,76.18,131.0,79.09417169684775,23.522407780013417
2021-01-23 17:00:00,75.73,121.4,79.07217303822938,23.53016096579477
2021-01-23 18:00:00,94.14,142.4,79.050174379611,23.537914151576125
2021-01-23 19:00:00,65.9,108.8,79.02817572099262,23.54566733735748
2021-01-23 20:00:00,39.4,67.0,79.00617706237425,23.553420523138833
2021-01-23 21:00:00,32.36,52.4,78.98417840375586,23.56117370892019
2021-01-23 22:00:00,34.45,48.0,78.96217974513749,23.568926894701544
2021-01-23 23:00:00,32.09,48.0,78.94018108651912,23.576680080482898
2021-01-24 00:00:00,43.05,60.8,78.91818242790073,23.584433266264252
2021-01-24 01:00:00,51.0,87.0,78.89618376928236,23.59218645204561
2021-01-24 02:00:00,38.04,51.68,78.87418511066399,23.599939637826964
2021-01-24 03:00:00,36.0,48.4,78.8521864520456,23.607692823608318
2021-01-24 04:00:00,33.41,48.4,78.83018779342723,23.61544600938967
2021-01-24 05:00:00,41.0,54.0,78.80818913480886,23.623199195171026
2021-01-24 06:00:00,45.83378532847991,66.5,78.78619047619047,23.630952380952383
2021-01-24 07:00:00,73.16640686279702,79.0,78.7641918175721,23.638705566733737
2021-01-24 08:00:00,126.0,91.5,78.74219315895373,23.64645875251509
2021-01-24 09:00:00,66.0,104.0,78.72019450033534,23.654211938296445
2021-01-24 10:00:00,119.73,224.0,78.69819584171697,23.661965124077803
2021-01-24 11:00:00,125.41,213.6,78.6761971830986,23.669718309859157
2021-01-24 12:00:00,90.44,170.2,78.65419852448021,23.67747149564051
2021-01-24 13:00:00,58.22,109.6,78.63219986586184,23.685224681421865
2021-01-24 14:00:00,48.82,90.58,78.61020120724346,23.692977867203222
2021-01-24 15:00:00,47.13,95.4,78.58820254862508,23.700731052984576
2021-01-24 16:00:00,55.64,102.6,78.5662038900067,23.70848423876593
2021-01-24 17:00:00,49.23,87.94,78.54420523138833,23.716237424547284
2021-01-24 18:00:00,47.13,82.2,78.52220657276995,23.72399061032864
2021-01-24 19:00:00,40.93,81.8,78.50020791415157,23.731743796109996
2021-01-24 20:00:00,53.0,90.0,78.4782092555332,23.73949698189135
2021-01-24 21:00:00,61.91,125.6,78.45621059691481,23.747250167672703
2021-01-24 22:00:00,66.45,132.41,78.43421193829644,23.755003353454057
2021-01-24 23:00:00,69.6,136.82,78.41221327967807,23.762756539235415
2021-01-25 00:00:00,76.04,150.75,78.39021462105968,23.77050972501677
2021-01-25 01:00:00,70.95,142.0,78.36821596244131,23.778262910798123
2021-01-25 02:00:00,72.59,140.6,78.34621730382294,23.786016096579477
2021-01-25 03:00:00,76.45,149.0,78.32421864520455,23.793769282360834
2021-01-25 04:00:00,70.09,133.8,78.30221998658618,23.80152246814219
2021-01-25 05:00:00,69.86,128.4,78.28022132796781,23.809275653923542
2021-01-25 06:00:00,76.05,134.4,78.25822266934942,23.817028839704896
2021-01-25 07:00:00,82.2,165.6,78.23622401073105,23.82478202548625
2021-01-25 08:00:00,98.55,206.72,78.21422535211268,23.832535211267608
2021-01-25 09:00:00,113.96,232.54,78.19222669349429,23.840288397048962
2021-01-25 10:00:00,125.5,281.0,78.17022803487592,23.848041582830316
2021-01-25 11:00:00,107.13,262.94,78.14822937625755,23.85579476861167
2021-01-25 12:00:00,91.04,232.0,78.12623071763916,23.863547954393027
2021-01-25 13:00:00,89.0,205.0,78.10423205902079,23.87130114017438
2021-01-25 14:00:00,96.8,234.6,78.08223340040242,23.879054325955735
2021-01-25 15:00:00,76.4,213.0,78.06023474178403,23.88680751173709
2021-01-25 16:00:00,66.07,219.0,78.03823608316566,23.894560697518447
2021-01-25 17:00:00,63.27,162.0,78.01623742454728,23.9023138832998
2021-01-25 18:00:00,65.59,183.5,77.9942387659289,23.910067069081155
2021-01-25 19:00:00,75.53,205.0,77.97224010731053,23.91782025486251
2021-01-25 20:00:00,88.23,202.59,77.95024144869215,23.925573440643866
2021-01-25 21:00:00,86.55,167.6,77.92824279007377,23.93332662642522
2021-01-25 22:00:00,79.09,156.6,77.9062441314554,23.941079812206574
2021-01-25 23:00:00,104.0,192.0,77.88424547283702,23.948832997987928
2021-01-26 00:00:00,108.86,190.6,77.86224681421864,23.956586183769282
2021-01-26 01:00:00,96.91,170.0,77.84024815560026,23.96433936955064
2021-01-26 02:00:00,93.27,142.0,77.81824949698189,23.972092555331994
2021-01-26 03:00:00,92.13,149.96,77.7962508383635,23.979845741113348
2021-01-26 04:00:00,89.41,141.0,77.77425217974513,23.9875989268947
2021-01-26 05:00:00,99.37,142.01,77.75225352112676,23.99535211267606
2021-01-26 06:00:00,103.6,149.4,77.73025486250837,24.003105298457413
2021-01-26 07:00:00,106.59,150.2,77.70825620389,24.010858484238767
2021-01-26 08:00:00,107.0,146.0,77.68625754527163,24.01861167002012
2021-01-26 09:00:00,104.41,159.4,77.66425888665324,24.026364855801475
2021-01-26 10:00:00,116.09,205.4,77.64226022803487,24.034118041582833
2021-01-26 11:00:00,138.73,266.4,77.6202615694165,24.041871227364187
2021-01-26 12:00:00,134.22,277.4,77.59826291079811,24.04962441314554
2021-01-26 13:00:00,108.81,217.0,77.57626425217974,24.057377598926895
2021-01-26 14:00:00,91.18,182.0,77.55426559356137,24.065130784708252
2021-01-26 15:00:00,80.36,153.8,77.53226693494298,24.072883970489606
2021-01-26 16:00:00,66.04,143.2,77.51026827632461,24.08063715627096
2021-01-26 17:00:00,67.45,144.4,77.48826961770624,24.088390342052314
2021-01-26 18:00:00,74.05,152.22,77.46627095908786,24.09614352783367
2021-01-26 19:00:00,76.73,152.4,77.44427230046948,24.103896713615026
2021-01-26 20:00:00,87.37,144.8,77.4222736418511,24.11164989939638
2021-01-26 21:00:00,96.78,147.8,77.40027498323272,24.119403085177733
2021-01-26 22:00:00,117.87,149.8,77.37827632461435,24.12715627095909
2021-01-26 23:00:00,106.31,135.6,77.35627766599598,24.134909456740445
2021-01-27 00:00:00,115.23,144.0,77.3342790073776,24.1426626425218
2021-01-27 01:00:00,108.36,140.8,77.31228034875922,24.150415828303153
2021-01-27 02:00:00,101.82,124.4,77.29028169014084,24.158169014084507
2021-01-27 03:00:00,101.0,129.8,77.26828303152246,24.165922199865864
2021-01-27 04:00:00,114.81,145.6,77.24628437290409,24.17367538564722
2021-01-27 05:00:00,107.5,138.56,77.22428571428571,24.181428571428572
2021-01-27 06:00:00,92.18,113.6,77.20228705566734,24.189181757209926
2021-01-27 07:00:00,83.93,107.2,77.18028839704895,24.196934942991284
2021-01-27 08:00:00,109.78,147.0,77.15828973843058,24.204688128772638
2021-01-27 09:00:00,119.2,155.8,77.13629107981221,24.212441314553992
2021-01-27 10:00:00,103.59,178.8,77.11429242119382,24.220194500335346
2021-01-27 11:00:00,98.41,168.85,77.09229376257545,24.2279476861167
2021-01-27 12:00:00,104.91,200.88,77.07029510395708,24.235700871898057
2021-01-27 13:00:00,114.64,215.58,77.04829644533869,24.24345405767941
2021-01-27 14:00:00,91.81,159.4,77.02629778672032,24.251207243460765
2021-01-27 15:00:00,87.14,156.4,77.00429912810195,24.25896042924212
2021-01-27 16:00:00,74.91,148.0,76.98230046948356,24.266713615023477
2021-01-27 17:00:00,66.09,134.43,76.96030181086519,24.27446680080483
2021-01-27 18:00:00,64.14,114.46,76.93830315224682,24.282219986586185
2021-01-27 19:00:00,72.64,128.4,76.91630449362843,24.28997317236754
2021-01-27 20:00:00,82.64,116.26,76.89430583501006,24.297726358148896
2021-01-27 21:00:00,77.09,105.6,76.87230717639169,24.30547954393025
2021-01-27 22:00:00,69.95,100.81,76.8503085177733,24.313232729711604
2021-01-27 23:00:00,87.86,136.0,76.82830985915493,24.320985915492958
2021-01-28 00:00:00,104.43,133.2,76.80631120053656,24.328739101274316
2021-01-28 01:00:00,89.19,98.08,76.78431254191817,24.33649228705567
2021-01-28 02:00:00,87.45,116.0,76.7623138832998,24.344245472837024
2021-01-28 03:00:00,78.5,105.2,76.74031522468142,24.351998658618378
2021-01-28 04:00:00,95.94,133.8,76.71831656606304,24.35975184439973
2021-01-28 05:00:00,106.75,135.6,76.69631790744467,24.36750503018109
2021-01-28 06:00:00,98.5,128.6,76.6743192488263,24.375258215962443
2021-01-28 07:00:00,113.41,153.0,76.6523205902079,24.383011401743797
2021-01-28 08:00:00,122.05,160.8,76.63032193158953,24.39076458752515
2021-01-28 09:00:00,143.73,201.8,76.60832327297116,24.39851777330651
2021-01-28 10:00:00,128.92,192.8,76.58632461435278,24.406270959087863
2021-01-28 11:00:00,145.07,258.95,76.5643259557344,24.414024144869217
2021-01-28 12:00:00,119.49,239.4,76.54232729711603,24.42177733065057
2021-01-28 13:00:00,108.95,214.06,76.52032863849765,24.429530516431925
2021-01-28 14:00:00,102.82,197.25,76.49832997987927,24.437283702213282
2021-01-28 15:00:00,89.04,161.2,76.4763313212609,24.445036887994636
2021-01-28 16:00:00,72.27,142.2,76.45433266264251,24.45279007377599
2021-01-28 17:00:00,73.45,135.8,76.43233400402414,24.460543259557344
2021-01-28 18:00:00,74.0,139.2,76.41033534540577,24.4682964453387
2021-01-28 19:00:00,94.67,159.13,76.38833668678738,24.476049631120055
2021-01-28 20:00:00,96.27,155.2,76.36633802816901,24.48380281690141
2021-01-28 21:00:00,98.59,145.8,76.34433936955064,24.491556002682763
2021-01-28 22:00:00,101.59,151.0,76.32234071093225,24.49930918846412
2021-01-28 23:00:00,112.36,144.0,76.30034205231388,24.507062374245475
2021-01-29 00:00:00,98.45,139.22,76.27834339369551,24.51481556002683
2021-01-29 01:00:00,92.55,128.4,76.25634473507712,24.522568745808183
2021-01-29 02:00:00,89.4,130.8,76.23434607645875,24.53032193158954
2021-01-29 03:00:00,94.18,120.76,76.21234741784038,24.538075117370894
2021-01-29 04:00:00,69.95,101.2,76.19034875922199,24.54582830315225
2021-01-29 05:00:00,66.0,100.98,76.16835010060362,24.553581488933602
2021-01-29 06:00:00,66.0,94.8,76.14635144198525,24.561334674714956
2021-01-29 07:00:00,71.17,97.8,76.12435278336686,24.569087860496314
2021-01-29 08:00:00,71.14,121.32,76.10235412474849,24.576841046277668
2021-01-29 09:00:00,94.33,158.09,76.08035546613011,24.584594232059022
2021-01-29 10:00:00,131.69,232.6,76.05835680751173,24.592347417840376
2021-01-29 11:00:00,123.22,246.6,76.03635814889336,24.600100603621733
2021-01-29 12:00:00,92.49,199.0,76.01435949027498,24.607853789403087
2021-01-29 13:00:00,93.18,193.0,75.9923608316566,24.61560697518444
2021-01-29 14:00:00,80.18,157.2,75.97036217303823,24.623360160965795
2021-01-29 15:00:00,88.37,173.51,75.94836351441985,24.63111334674715
2021-01-29 16:00:00,84.83,165.6,75.92636485580147,24.638866532528507
2021-01-29 17:00:00,72.81,142.87,75.9043661971831,24.64661971830986
2021-01-29 18:00:00,71.86,126.84,75.88236753856472,24.654372904091215
2021-01-29 19:00:00,76.32,144.73,75.86036887994634,24.662126089872572
2021-01-29 20:00:00,77.0,124.4,75.83837022132796,24.669879275653926
2021-01-29 21:00:00,73.56,116.41,75.81637156270959,24.67763246143528
2021-01-29 22:00:00,77.31,127.96,75.7943729040912,24.685385647216634
2021-01-29 23:00:00,86.61,136.6,75.77237424547283,24.693138832997988
2021-01-30 00:00:00,84.55,127.8,75.75037558685446,24.700892018779346
2021-01-30 01:00:00,82.27,123.39,75.72837692823607,24.7086452045607
2021-01-30 02:00:00,93.23,125.59,75.7063782696177,24.716398390342054
2021-01-30 03:00:00,100.18,132.4,75.68437961099933,24.724151576123408
2021-01-30 04:00:00,101.0,147.55,75.66238095238094,24.731904761904765
2021-01-30 05:00:00,96.69,149.4,75.64038229376257,24.73965794768612
2021-01-30 06:00:00,91.68,141.8,75.6183836351442,24.747411133467473
2021-01-30 07:00:00,79.77,116.0,75.59638497652583,24.755164319248827
2021-01-30 08:00:00,84.04,131.15,75.57438631790744,24.76291750503018
2021-01-30 09:00:00,84.14,154.2,75.55238765928907,24.77067069081154
2021-01-30 10:00:00,81.41,155.0,75.53038900067068,24.778423876592893
2021-01-30 11:00:00,86.17,174.73,75.50839034205231,24.786177062374247
2021-01-30 12:00:00,115.49,225.6,75.48639168343394,24.7939302481556
2021-01-30 13:00:00,91.49,191.4,75.46439302481556,24.801683433936958
2021-01-30 14:00:00,69.73,145.06,75.44239436619718,24.809436619718312
2021-01-30 15:00:00,54.08,122.66,75.4203957075788,24.817189805499666
2021-01-30 16:00:00,36.5,82.92,75.39839704896042,24.82494299128102
2021-01-30 17:00:00,34.0,76.4,75.37639839034205,24.832696177062374
2021-01-30 18:00:00,63.37,120.2,75.35439973172367,24.84044936284373
2021-01-30 19:00:00,72.32,132.59,75.3324010731053,24.848202548625085
2021-01-30 20:00:00,53.99,101.91,75.31040241448692,24.85595573440644
2021-01-30 21:00:00,51.0,85.23,75.28840375586854,24.863708920187797
2021-01-30 22:00:00,54.45,88.58,75.26640509725017,24.87146210596915
2021-01-30 23:00:00,43.77,78.8,75.24440643863178,24.879215291750505
2021-01-31 00:00:00,50.61,85.57,75.22240778001341,24.88696847753186
2021-01-31 01:00:00,45.09,70.46,75.20040912139504,24.894721663313213
2021-01-31 02:00:00,33.63,48.46,75.17841046277665,24.90247484909457
2021-01-31 03:00:00,29.41,46.0,75.15641180415828,24.910228034875924
2021-01-31 04:00:00,28.13,46.8,75.13441314553991,24.91798122065728
2021-01-31 05:00:00,59.1,94.2,75.11241448692152,24.925734406438632
2021-01-31 06:00:00,85.67,137.89,75.09041582830315,24.93348759221999
2021-01-31 07:00:00,85.55,134.04,75.06841716968478,24.941240778001344
2021-01-31 08:00:00,65.14,111.98,75.04641851106639,24.948993963782698
2021-01-31 09:00:00,87.05,157.4,75.02441985244802,24.956747149564052
2021-01-31 10:00:00,93.58,171.2,75.00242119382965,24.964500335345406
2021-01-31 11:00:00,79.31,151.87,74.98042253521126,24.972253521126763
2021-01-31 12:00:00,77.0,160.55,74.95842387659289,24.980006706908117
2021-01-31 13:00:00,77.0,150.4,74.93642521797452,24.98775989268947
2021-01-31 14:00:00,83.03,148.6,74.91442655935613,24.995513078470825
2021-01-31 15:00:00,68.4,133.0,74.89242790073776,25.003266264252183
2021-01-31 16:00:00,60.82,122.63,74.87042924211939,25.011019450033537
2021-01-31 17:00:00,50.47,112.83,74.848430583501,25.01877263581489
2021-01-31 18:00:00,54.17,107.81,74.82643192488263,25.026525821596245
2021-01-31 19:00:00,52.41,93.4,74.80443326626425,25.0342790073776
2021-01-31 20:00:00,43.36,74.8,74.78243460764587,25.042032193158956
2021-01-31 21:00:00,50.64,75.16,74.7604359490275,25.04978537894031
2021-01-31 22:00:00,57.18,90.75,74.73843729040912,25.057538564721664
2021-01-31 23:00:00,61.45,110.74,74.71643863179074,25.06529175050302
2021-02-01 00:00:00,60.28,98.26,74.69443997317236,25.073044936284376
2021-02-01 01:00:00,92.83,151.4,74.67244131455399,25.08079812206573
2021-02-01 02:00:00,79.86,132.52,74.6504426559356,25.088551307847084
2021-02-01 03:00:00,90.78,133.6,74.62844399731723,25.096304493628438
2021-02-01 04:00:00,80.91,122.0,74.60644533869886,25.104057679409795
2021-02-01 05:00:00,68.67,106.85,74.58444668008048,25.11181086519115
2021-02-01 06:00:00,68.72,106.98,74.5624480214621,25.119564050972503
2021-02-01 07:00:00,73.31,115.97,74.54044936284373,25.127317236753857
2021-02-01 08:00:00,69.68,121.19,74.51845070422534,25.135070422535215
2021-02-01 09:00:00,78.47,138.74,74.49645204560697,25.14282360831657
2021-02-01 10:00:00,81.73,155.8,74.4744533869886,25.150576794097923
2021-02-01 11:00:00,88.89,175.05,74.45245472837021,25.158329979879277
2021-02-01 12:00:00,98.61,204.4,74.43045606975184,25.16608316566063
2021-02-01 13:00:00,83.64,179.5,74.40845741113347,25.173836351441988
2021-02-01 14:00:00,76.68,215.85,74.38645875251508,25.181589537223342
2021-02-01 15:00:00,63.04,126.55,74.36446009389671,25.189342723004696
2021-02-01 16:00:00,68.78,127.31,74.34246143527834,25.19709590878605
2021-02-01 17:00:00,78.61,159.51,74.32046277665995,25.204849094567408
2021-02-01 18:00:00,75.68,155.63,74.29846411804158,25.21260228034876
2021-02-01 19:00:00,75.0,122.0,74.2764654594232,25.220355466130115
2021-02-01 20:00:00,81.91,130.77,74.25446680080482,25.22810865191147
2021-02-01 21:00:00,80.41,129.8,74.23246814218645,25.235861837692823
2021-02-01 22:00:00,74.82,108.2,74.21046948356808,25.24361502347418
2021-02-01 23:00:00,76.59,106.19,74.18847082494969,25.251368209255535
2021-02-02 00:00:00,87.33,128.4,74.16647216633132,25.25912139503689
2021-02-02 01:00:00,90.73,143.8,74.14447350771295,25.266874580818246
2021-02-02 02:00:00,85.83,134.4,74.12247484909456,25.2746277665996
2021-02-02 03:00:00,77.22,110.47,74.10047619047619,25.282380952380954
2021-02-02 04:00:00,66.5,99.42,74.07847753185781,25.29013413816231
2021-02-02 05:00:00,65.0,99.59,74.05647887323943,25.297887323943662
2021-02-02 06:00:00,66.72,99.0,74.03448021462106,25.30564050972502
2021-02-02 07:00:00,67.86,111.75,74.01248155600268,25.313393695506374
2021-02-02 08:00:00,76.64,134.93,73.9904828973843,25.321146881287728
2021-02-02 09:00:00,104.87,161.6,73.96848423876592,25.328900067069082
2021-02-02 10:00:00,89.13,151.06,73.94648558014755,25.33665325285044
2021-02-02 11:00:00,82.56,164.54,73.92448692152917,25.344406438631793
2021-02-02 12:00:00,70.81,150.57,73.9024882629108,25.352159624413147
2021-02-02 13:00:00,50.01,118.07,73.88048960429242,25.3599128101945
2021-02-02 14:00:00,45.27,94.66,73.85849094567405,25.367665995975855
2021-02-02 15:00:00,38.93,108.4,73.83649228705566,25.375419181757213
2021-02-02 16:00:00,31.97,57.0,73.81449362843729,25.383172367538567
2021-02-02 17:00:00,38.75,88.0,73.7924949698189,25.39092555331992
2021-02-02 18:00:00,66.69,136.63,73.77049631120053,25.398678739101275
2021-02-02 19:00:00,75.32,154.58,73.74849765258216,25.406431924882632
2021-02-02 20:00:00,78.58,152.44,73.72649899396379,25.414185110663986
2021-02-02 21:00:00,84.17,146.01,73.7045003353454,25.42193829644534
2021-02-02 22:00:00,83.28,137.82,73.68250167672703,25.429691482226694
2021-02-02 23:00:00,95.96,159.12,73.66050301810864,25.437444668008048
2021-02-03 00:00:00,87.67,125.94,73.63850435949027,25.445197853789406
2021-02-03 01:00:00,81.69,130.35,73.6165057008719,25.45295103957076
2021-02-03 02:00:00,100.81,160.0,73.59450704225353,25.460704225352114
2021-02-03 03:00:00,100.55,152.82,73.57250838363514,25.46845741113347
2021-02-03 04:00:00,96.56,146.2,73.55050972501677,25.476210596914825
2021-02-03 05:00:00,92.55,132.25,73.52851106639838,25.48396378269618
2021-02-03 06:00:00,87.68,120.2,73.50651240778001,25.491716968477533
2021-02-03 07:00:00,98.19,145.9,73.48451374916164,25.499470154258887
2021-02-03 08:00:00,118.08,167.86,73.46251509054326,25.507223340040245
2021-02-03 09:00:00,133.92,210.69,73.44051643192488,25.5149765258216
2021-02-03 10:00:00,104.03,197.93,73.4185177733065,25.522729711602953
2021-02-03 11:00:00,95.56,183.0,73.39651911468812,25.530482897384307
2021-02-03 12:00:00,72.54,149.0,73.37452045606975,25.538236083165664
2021-02-03 13:00:00,50.05,125.9,73.35252179745137,25.545989268947018
2021-02-03 14:00:00,49.59,105.65,73.330523138833,25.553742454728372
2021-02-03 15:00:00,51.73,112.1,73.30852448021461,25.561495640509726
2021-02-03 16:00:00,60.61,117.22,73.28652582159624,25.56924882629108
2021-02-03 17:00:00,49.91,98.46,73.26452716297787,25.577002012072438
2021-02-03 18:00:00,51.45,99.94,73.24252850435948,25.58475519785379
2021-02-03 19:00:00,70.08,131.2,73.22052984574111,25.592508383635145
2021-02-03 20:00:00,79.03,120.0,73.19853118712274,25.6002615694165
2021-02-03 21:00:00,73.97,97.0,73.17653252850435,25.608014755197857
2021-02-03 22:00:00,55.72,80.0,73.15453386988598,25.61576794097921
2021-02-03 23:00:00,70.22,124.64,73.13253521126761,25.623521126760565
2021-02-04 00:00:00,71.28,112.08,73.11053655264922,25.63127431254192
2021-02-04 01:00:00,67.55,98.87,73.08853789403085,25.639027498323273
2021-02-04 02:00:00,63.55,87.62,73.06653923541248,25.64678068410463
2021-02-04 03:00:00,57.83,77.2,73.04454057679409,25.654533869885984
2021-02-04 04:00:00,51.82,74.2,73.02254191817572,25.66228705566734
2021-02-04 05:00:00,64.78,86.75,73.00054325955735,25.670040241448696
2021-02-04 06:00:00,60.11,83.0,72.97854460093896,25.67779342723005
2021-02-04 07:00:00,67.64,85.39,72.95654594232059,25.685546613011404
2021-02-04 08:00:00,75.03,110.72,72.93454728370222,25.693299798792758
2021-02-04 09:00:00,83.75,129.75,72.91254862508383,25.701052984574112
2021-02-04 10:00:00,85.86,158.51,72.89054996646546,25.70880617035547
2021-02-04 11:00:00,70.3,141.56,72.86855130784708,25.716559356136823
2021-02-04 12:00:00,67.14,141.94,72.8465526492287,25.724312541918177
2021-02-04 13:00:00,62.7,135.89,72.82455399061033,25.73206572769953
2021-02-04 14:00:00,53.36,101.0,72.80255533199195,25.73981891348089
2021-02-04 15:00:00,76.97,162.0,72.78055667337357,25.747572099262243
2021-02-04 16:00:00,89.61,162.0,72.7585580147552,25.755325285043597
2021-02-04 17:00:00,90.14,162.8,72.73655935613682,25.76307847082495
2021-02-04 18:00:00,83.95,157.06,72.71456069751844,25.770831656606305
2021-02-04 19:00:00,76.09,147.65,72.69256203890006,25.778584842387662
2021-02-04 20:00:00,84.47,161.48,72.67056338028169,25.786338028169016
2021-02-04 21:00:00,79.11,147.6,72.6485647216633,25.79409121395037
2021-02-04 22:00:00,78.86,127.85,72.62656606304493,25.801844399731724
2021-02-04 23:00:00,80.72,133.42,72.60456740442656,25.80959758551308
2021-02-05 00:00:00,82.72,135.29,72.58256874580817,25.817350771294436
2021-02-05 01:00:00,88.17,118.145,72.5605700871898,25.82510395707579
2021-02-05 02:00:00,82.17,101.0,72.53857142857143,25.832857142857144
2021-02-05 03:00:00,76.56,113.07,72.51657276995304,25.840610328638498
2021-02-05 04:00:00,65.67,108.06,72.49457411133467,25.848363514419855
2021-02-05 05:00:00,59.68,96.43,72.4725754527163,25.85611670020121
2021-02-05 06:00:00,65.91,97.98,72.45057679409791,25.863869885982563
2021-02-05 07:00:00,63.55,99.0,72.42857813547954,25.871623071763917
2021-02-05 08:00:00,71.61,118.93,72.40657947686117,25.879376257545275
2021-02-05 09:00:00,74.7,127.0,72.38458081824278,25.88712944332663
2021-02-05 10:00:00,73.28,145.0,72.36258215962441,25.894882629107983
2021-02-05 11:00:00,84.22,159.86,72.34058350100604,25.902635814889337
2021-02-05 12:00:00,59.3,122.0,72.31858484238765,25.910389000670694
2021-02-05 13:00:00,43.8,95.0,72.29658618376928,25.918142186452048
2021-02-05 14:00:00,53.2,125.0,72.2745875251509,25.925895372233402
2021-02-05 15:00:00,52.42,112.0,72.25258886653252,25.933648558014756
2021-02-05 16:00:00,39.95,98.53,72.23059020791415,25.941401743796114
2021-02-05 17:00:00,39.72,85.06,72.20859154929578,25.949154929577467
2021-02-05 18:00:00,40.86,83.27,72.18659289067739,25.95690811535882
2021-02-05 19:00:00,42.74,91.41,72.16459423205902,25.964661301140175
2021-02-05 20:00:00,53.33,93.39,72.14259557344064,25.97241448692153
2021-02-05 21:00:00,55.86,90.02,72.12059691482227,25.980167672702887
2021-02-05 22:00:00,66.33,99.4,72.09859825620389,25.98792085848424
2021-02-05 23:00:00,50.78,82.87,72.07659959758551,25.995674044265595
2021-02-06 00:00:00,37.24,61.0,72.05460093896713,26.00342723004695
2021-02-06 01:00:00,35.72,64.56,72.03260228034875,26.011180415828306
2021-02-06 02:00:00,50.62,71.78,72.01060362173038,26.01893360160966
2021-02-06 03:00:00,40.08,62.64,71.98860496311201,26.026686787391014
2021-02-06 04:00:00,35.41,54.0,71.96660630449362,26.03443997317237
2021-02-06 05:00:00,41.89,65.16,71.94460764587525,26.042193158953722
2021-02-06 06:00:00,45.58,81.55,71.92260898725687,26.04994634473508
2021-02-06 07:00:00,52.91,118.69999999999999,71.90061032863849,26.057699530516434
2021-02-06 08:00:00,61.547538817450665,155.85,71.87861167002012,26.065452716297788
2021-02-06 09:00:00,83.22,193.0,71.85661301140175,26.073205902079142
2021-02-06 10:00:00,69.46,184.12,71.83461435278336,26.0809590878605
2021-02-06 11:00:00,67.0,173.74666666666667,71.81261569416499,26.088712273641853
2021-02-06 12:00:00,48.15406869360591,163.37333333333333,71.7906170355466,26.096465459423207
2021-02-06 13:00:00,58.0,153.0,71.76861837692823,26.10421864520456
2021-02-06 14:00:00,52.83,115.66,71.74661971830986,26.11197183098592
2021-02-06 15:00:00,43.39,94.04,71.72462105969149,26.119725016767273
2021-02-06 16:00:00,37.7,79.84,71.7026224010731,26.127478202548627
2021-02-06 17:00:00,48.2,109.0,71.68062374245473,26.13523138832998
2021-02-06 18:00:00,50.87,102.62,71.65862508383634,26.14298457411134
2021-02-06 19:00:00,59.6,110.56,71.63662642521797,26.150737759892692
2021-02-06 20:00:00,61.0,114.59,71.6146277665996,26.158490945674046
2021-02-06 21:00:00,54.97,95.87,71.59262910798122,26.1662441314554
2021-02-06 22:00:00,54.86,92.59,71.57063044936284,26.173997317236754
2021-02-06 23:00:00,55.86,94.59,71.54863179074447,26.18175050301811
2021-02-07 00:00:00,48.27,91.82,71.52663313212608,26.189503688799466
2021-02-07 01:00:00,42.7,83.83,71.5046344735077,26.19725687458082
2021-02-07 02:00:00,42.86,82.8,71.48263581488933,26.205010060362174
2021-02-07 03:00:00,43.87,84.18,71.46063715627096,26.21276324614353
2021-02-07 04:00:00,47.44,88.98,71.43863849765258,26.220516431924885
2021-02-07 05:00:00,48.86,85.25,71.4166398390342,26.22826961770624
2021-02-07 06:00:00,49.86,83.18,71.39464118041583,26.236022803487593
2021-02-07 07:00:00,50.0,89.35,71.37264252179745,26.243775989268947
2021-02-07 08:00:00,43.13,85.03,71.35064386317907,26.251529175050305
2021-02-07 09:00:00,48.89,96.54,71.3286452045607,26.25928236083166
2021-02-07 10:00:00,49.14,109.57,71.30664654594231,26.267035546613013
2021-02-07 11:00:00,52.45,136.72,71.28464788732394,26.274788732394367
2021-02-07 12:00:00,52.14,124.0,71.26264922870557,26.282541918175724
2021-02-07 13:00:00,55.48,133.57,71.24065057008718,26.290295103957078
2021-02-07 14:00:00,49.11,116.07,71.21865191146881,26.298048289738432
2021-02-07 15:00:00,41.11,89.21,71.19665325285044,26.305801475519786
2021-02-07 16:00:00,40.0,81.17,71.17465459423205,26.313554661301144
2021-02-07 17:00:00,44.3,97.3,71.15265593561368,26.321307847082497
2021-02-07 18:00:00,46.72,97.02,71.13065727699531,26.32906103286385
2021-02-07 19:00:00,43.55,82.46,71.10865861837692,26.336814218645205
2021-02-07 20:00:00,49.03,94.0,71.08665995975855,26.344567404426563
2021-02-07 21:00:00,55.18,92.41,71.06466130114018,26.352320590207917
2021-02-07 22:00:00,46.5,83.26,71.04266264252179,26.36007377598927
2021-02-07 23:00:00,45.87,79.41,71.02066398390342,26.367826961770625
2021-02-08 00:00:00,53.75,94.89,70.99866532528505,26.37558014755198
2021-02-08 01:00:00,58.45,101.94,70.97666666666666,26.383333333333336
2021-02-08 02:00:00,54.7,93.64,70.95466800804829,26.39108651911469
2021-02-08 03:00:00,48.82,90.2,70.93266934942991,26.398839704896044
2021-02-08 04:00:00,57.47,92.39,70.91067069081153,26.4065928906774
2021-02-08 05:00:00,52.95,93.59,70.88867203219316,26.414346076458756
2021-02-08 06:00:00,53.72,94.96640000000001,70.86667337357478,26.42209926224011
2021-02-08 07:00:00,61.77,96.3428,70.8446747149564,26.429852448021464
2021-02-08 08:00:00,69.88,97.7192,70.82267605633803,26.437605633802818
2021-02-08 09:00:00,73.58,99.0956,70.80067739771965,26.445358819584172
2021-02-08 10:00:00,82.61,100.47200000000001,70.77867873910127,26.45311200536553
2021-02-08 11:00:00,75.39,101.8484,70.7566800804829,26.460865191146883
2021-02-08 12:00:00,67.11,103.2248,70.73468142186452,26.468618376928237
2021-02-08 13:00:00,59.97,104.6012,70.71268276324614,26.47637156270959
2021-02-08 14:00:00,48.7,105.9776,70.69068410462776,26.48412474849095
2021-02-08 15:00:00,59.05,107.354,70.66868544600939,26.491877934272303
2021-02-08 16:00:00,42.92,108.7304,70.646686787391,26.499631120053657
2021-02-08 17:00:00,40.0,110.10679999999999,70.62468812877263,26.50738430583501
2021-02-08 18:00:00,36.55,111.4832,70.60268947015426,26.51513749161637
2021-02-08 19:00:00,35.14,112.8596,70.58069081153587,26.522890677397722
2021-02-08 20:00:00,34.14,114.236,70.5586921529175,26.530643863179076
2021-02-08 21:00:00,39.17,115.61240000000001,70.53669349429913,26.53839704896043
2021-02-08 22:00:00,44.3,116.9888,70.51469483568074,26.546150234741788
2021-02-08 23:00:00,45.0,118.3652,70.49269617706237,26.55390342052314
2021-02-09 00:00:00,49.29,119.7416,70.470697518444,26.561656606304496
2021-02-09 01:00:00,68.2,121.118,70.44869885982561,26.56940979208585
2021-02-09 02:00:00,87.36,122.4944,70.42670020120724,26.577162977867204
2021-02-09 03:00:00,83.11,123.8708,70.40470154258887,26.58491616364856
2021-02-09 04:00:00,74.28,125.24719999999999,70.38270288397048,26.592669349429915
2021-02-09 05:00:00,66.97,126.6236,70.36070422535211,26.60042253521127
2021-02-09 06:00:00,76.37,128.0,70.33870556673374,26.608175720992623
2021-02-09 07:00:00,89.19,143.15,70.31670690811535,26.61592890677398
2021-02-09 08:00:00,85.83,152.56,70.29470824949698,26.623682092555335
2021-02-09 09:00:00,97.06,175.0,70.2727095908786,26.63143527833669
2021-02-09 10:00:00,93.83,194.07,70.25071093226023,26.639188464118043
2021-02-09 11:00:00,78.36,171.0,70.22871227364185,26.646941649899397
2021-02-09 12:00:00,74.28,173.53,70.20671361502347,26.654694835680754
2021-02-09 13:00:00,53.28,131.51,70.18471495640509,26.662448021462108
2021-02-09 14:00:00,37.96,95.85,70.16271629778672,26.670201207243462
2021-02-09 15:00:00,46.33,102.12,70.14071763916834,26.67795439302482
2021-02-09 16:00:00,57.36,127.57,70.11871898054997,26.685707578806174
2021-02-09 17:00:00,55.55,130.06,70.09672032193158,26.693460764587527
2021-02-09 18:00:00,70.5,143.0,70.07472166331321,26.70121395036888
2021-02-09 19:00:00,62.67,132.63,70.05272300469483,26.708967136150235
2021-02-09 20:00:00,53.27,106.96,70.03072434607645,26.71672032193159
2021-02-09 21:00:00,41.67,85.11,70.00872568745808,26.724473507712947
2021-02-09 22:00:00,39.14,76.23,69.98672702883971,26.7322266934943
2021-02-09 23:00:00,51.05,90.89,69.96472837022132,26.739979879275655
2021-02-10 00:00:00,55.58,100.56,69.94272971160295,26.747733065057012
2021-02-10 01:00:00,51.7,106.78,69.92073105298456,26.755486250838366
2021-02-10 02:00:00,53.58,101.0,69.89873239436619,26.76323943661972
2021-02-10 03:00:00,50.55,86.7,69.87673373574782,26.770992622401074
2021-02-10 04:00:00,56.89,100.0,69.85473507712945,26.77874580818243
2021-02-10 05:00:00,60.58,106.38,69.83273641851106,26.786498993963786
2021-02-10 06:00:00,77.34,130.25,69.81073775989269,26.79425217974514
2021-02-10 07:00:00,81.72,125.64,69.7887391012743,26.802005365526494
2021-02-10 08:00:00,88.89,158.88,69.76674044265593,26.809758551307848
2021-02-10 09:00:00,107.2,202.95,69.74474178403756,26.817511737089205
2021-02-10 10:00:00,91.92,183.74,69.72274312541919,26.82526492287056
2021-02-10 11:00:00,69.19,156.85,69.7007444668008,26.833018108651913
2021-02-10 12:00:00,78.06,170.89,69.67874580818243,26.840771294433267
2021-02-10 13:00:00,63.6,146.0,69.65674714956404,26.84852448021462
2021-02-10 14:00:00,71.52,179.0,69.63474849094567,26.85627766599598
2021-02-10 15:00:00,84.19,182.99,69.6127498323273,26.864030851777333
2021-02-10 16:00:00,95.47,182.82,69.59075117370892,26.871784037558687
2021-02-10 17:00:00,80.64,162.0,69.56875251509054,26.879537223340044
2021-02-10 18:00:00,76.28,144.0,69.54675385647217,26.8872904091214
2021-02-10 19:00:00,90.69,165.0,69.52475519785379,26.895043594902752
2021-02-10 20:00:00,91.28,141.88,69.5027565392354,26.902796780684106
2021-02-10 21:00:00,100.47,159.04,69.48075788061703,26.91054996646546
2021-02-10 22:00:00,102.86,149.11,69.45875922199866,26.918303152246814
2021-02-10 23:00:00,89.22,137.06,69.43676056338028,26.92605633802817
2021-02-11 00:00:00,99.88,142.94,69.4147619047619,26.933809523809526
2021-02-11 01:00:00,89.08,127.52,69.39276324614353,26.94156270959088
2021-02-11 02:00:00,71.5,113.47,69.37076458752514,26.949315895372237
2021-02-11 03:00:00,58.67,97.45,69.34876592890677,26.95706908115359
2021-02-11 04:00:00,63.89,105.92,69.3267672702884,26.964822266934945
2021-02-11 05:00:00,94.28,153.0,69.30476861167001,26.9725754527163
2021-02-11 06:00:00,121.39,196.0,69.28276995305164,26.980328638497653
2021-02-11 07:00:00,150.83,227.09,69.26077129443327,26.98808182427901
2021-02-11 08:00:00,130.89,209.58,69.23877263581488,26.995835010060365
2021-02-11 09:00:00,133.89,208.94,69.21677397719651,27.00358819584172
2021-02-11 10:00:00,110.03,201.04,69.19477531857814,27.011341381623073
2021-02-11 11:00:00,88.78,170.99,69.17277665995975,27.01909456740443
2021-02-11 12:00:00,85.14,158.84,69.15077800134138,27.026847753185784
2021-02-11 13:00:00,80.69,146.69,69.128779342723,27.034600938967138
2021-02-11 14:00:00,56.75,134.54,69.10678068410462,27.042354124748492
2021-02-11 15:00:00,46.11,102.14,69.08478202548625,27.050107310529846
2021-02-11 16:00:00,68.25,146.25,69.06278336686788,27.057860496311203
2021-02-11 17:00:00,84.06,173.3,69.04078470824949,27.065613682092557
2021-02-11 18:00:00,87.72,169.08,69.01878604963112,27.07336686787391
2021-02-11 19:00:00,62.17,132.05,68.99678739101275,27.08112005365527
2021-02-11 20:00:00,59.72,114.2,68.97478873239436,27.088873239436623
2021-02-11 21:00:00,64.31,111.18,68.95279007377599,27.096626425217977
2021-02-11 22:00:00,66.72,127.0,68.93079141515761,27.10437961099933
2021-02-11 23:00:00,72.15,132.56,68.90879275653923,27.112132796780685
2021-02-12 00:00:00,76.44,118.11,68.88679409792086,27.11988598256204
2021-02-12 01:00:00,71.83,112.82,68.86479543930248,27.127639168343396
2021-02-12 02:00:00,62.39,96.91,68.8427967806841,27.13539235412475
2021-02-12 03:00:00,60.14,94.18,68.82079812206572,27.143145539906104
2021-02-12 04:00:00,70.33,104.0,68.79879946344735,27.150898725687462
2021-02-12 05:00:00,86.64,113.07,68.77680080482897,27.158651911468816
2021-02-12 06:00:00,90.72,158.0,68.7548021462106,27.16640509725017
2021-02-12 07:00:00,82.4,131.0,68.73280348759222,27.174158283031524
2021-02-12 08:00:00,79.28,141.0,68.71080482897383,27.181911468812878
2021-02-12 09:00:00,90.1,192.95999999999998,68.68880617035546,27.189664654594235
2021-02-12 10:00:00,147.8,244.92,68.66680751173709,27.19741784037559
2021-02-12 11:00:00,138.5,273.86,68.6448088531187,27.205171026156943
2021-02-12 12:00:00,121.36,243.46,68.62281019450033,27.212924211938297
2021-02-12 13:00:00,109.53,240.8,68.60081153588196,27.220677397719655
2021-02-12 14:00:00,120.02,263.25,68.57881287726357,27.22843058350101
2021-02-12 15:00:00,113.42,235.63,68.5568142186452,27.236183769282363
2021-02-12 16:00:00,83.58,185.19,68.53481556002683,27.243936955063717
2021-02-12 17:00:00,59.2,125.81,68.51281690140844,27.25169014084507
2021-02-12 18:00:00,51.7,118.0,68.49081824279007,27.259443326626428
2021-02-12 19:00:00,61.33,131.0,68.4688195841717,27.267196512407782
2021-02-12 20:00:00,64.72,122.0,68.44682092555331,27.274949698189136
2021-02-12 21:00:00,63.28,117.5,68.42482226693494,27.282702883970494
2021-02-12 22:00:00,66.44,113.0,68.40282360831657,27.290456069751848
2021-02-12 23:00:00,77.33,118.56,68.3808249496982,27.2982092555332
2021-02-13 00:00:00,74.69,116.03,68.35882629107981,27.305962441314556
2021-02-13 01:00:00,58.5,85.5,68.33682763246144,27.31371562709591
2021-02-13 02:00:00,47.39,72.44,68.31482897384305,27.321468812877264
2021-02-13 03:00:00,46.86,62.16,68.29283031522468,27.32922199865862
2021-02-13 04:00:00,42.7,60.77,68.2708316566063,27.336975184439975
2021-02-13 05:00:00,59.22,92.98,68.24883299798793,27.34472837022133
2021-02-13 06:00:00,88.69,135.95,68.22683433936955,27.352481556002687
2021-02-13 07:00:00,82.67,132.29,68.20483568075117,27.36023474178404
2021-02-13 08:00:00,95.59,162.37,68.18283702213279,27.367987927565395
2021-02-13 09:00:00,97.14,186.04,68.16083836351442,27.37574111334675
2021-02-13 10:00:00,81.55,159.02,68.13883970489604,27.383494299128103
2021-02-13 11:00:00,64.38,115.38,68.11684104627767,27.39124748490946
2021-02-13 12:00:00,64.58,168.0,68.09484238765928,27.399000670690814
2021-02-13 13:00:00,84.81,197.4,68.07284372904091,27.406753856472168
2021-02-13 14:00:00,64.75,162.1,68.05084507042253,27.414507042253522
2021-02-13 15:00:00,53.25,127.96,68.02884641180415,27.42226022803488
2021-02-13 16:00:00,40.82,106.11,68.00684775318578,27.430013413816233
2021-02-13 17:00:00,39.0,98.82,67.98484909456741,27.437766599597587
2021-02-13 18:00:00,44.17,117.86,67.96285043594902,27.44551978537894
2021-02-13 19:00:00,47.58,108.7,67.94085177733065,27.453272971160295
2021-02-13 20:00:00,48.0,98.52,67.91885311871226,27.461026156941653
2021-02-13 21:00:00,48.86,94.0,67.89685446009389,27.468779342723007
2021-02-13 22:00:00,55.89,97.97,67.87485580147552,27.47653252850436
2021-02-13 23:00:00,65.61,96.62,67.85285714285715,27.48428571428572
2021-02-14 00:00:00,63.57,91.23,67.83085848423876,27.492038900067072
2021-02-14 01:00:00,59.55,91.59,67.80885982562039,27.499792085848426
2021-02-14 02:00:00,56.42,84.06,67.786861167002,27.50754527162978
2021-02-14 03:00:00,56.0,84.38,67.76486250838363,27.515298457411134
2021-02-14 04:00:00,49.97,69.0,67.74286384976526,27.52305164319249
2021-02-14 05:00:00,44.71,61.0,67.72086519114688,27.530804828973846
2021-02-14 06:00:00,30.22,51.47,67.6988665325285,27.5385580147552
2021-02-14 07:00:00,45.28,76.01,67.67686787391013,27.546311200536554
2021-02-14 08:00:00,77.18,111.6,67.65486921529175,27.55406438631791
2021-02-14 09:00:00,75.11,119.0,67.63287055667337,27.561817572099265
2021-02-14 10:00:00,73.14,116.65,67.610871898055,27.56957075788062
2021-02-14 11:00:00,42.0,86.15,67.58887323943662,27.577323943661973
2021-02-14 12:00:00,42.15,82.74,67.56687458081824,27.585077129443327
2021-02-14 13:00:00,66.22,130.69,67.54487592219986,27.592830315224685
2021-02-14 14:00:00,64.83,154.71,67.52287726358149,27.60058350100604
2021-02-14 15:00:00,56.25,121.45,67.5008786049631,27.608336686787393
2021-02-14 16:00:00,50.71,111.2,67.47887994634473,27.616089872568747
2021-02-14 17:00:00,54.29,112.59,67.45688128772636,27.623843058350104
2021-02-14 18:00:00,56.72,115.38,67.43488262910797,27.631596244131458
2021-02-14 19:00:00,66.47,127.16,67.4128839704896,27.639349429912812
2021-02-14 20:00:00,72.31,126.0,67.39088531187123,27.647102615694166
2021-02-14 21:00:00,66.11,118.85,67.36888665325284,27.65485580147552
2021-02-14 22:00:00,59.83,104.33,67.34688799463447,27.662608987256878
2021-02-14 23:00:00,52.97,89.08,67.3248893360161,27.67036217303823
2021-02-15 00:00:00,40.84,80.45,67.30289067739771,27.678115358819586
2021-02-15 01:00:00,31.25,61.58,67.28089201877934,27.685868544600943
2021-02-15 02:00:00,17.98,37.21,67.25889336016097,27.693621730382297
2021-02-15 03:00:00,17.72,25.64,67.23689470154258,27.70137491616365
2021-02-15 04:00:00,17.14,20.5,67.21489604292421,27.709128101945005
2021-02-15 05:00:00,14.42,19.59,67.19289738430584,27.71688128772636
2021-02-15 06:00:00,22.58,27.15,67.17089872568745,27.724634473507713
2021-02-15 07:00:00,27.43,36.95,67.14890006706908,27.73238765928907
2021-02-15 08:00:00,15.95,35.03,67.1269014084507,27.740140845070425
2021-02-15 09:00:00,20.89,49.89,67.10490274983232,27.74789403085178
2021-02-15 10:00:00,40.02,76.25,67.08290409121395,27.755647216633136
2021-02-15 11:00:00,38.71,87.54,67.06090543259558,27.76340040241449
2021-02-15 12:00:00,42.3,92.5,67.03890677397719,27.771153588195844
2021-02-15 13:00:00,38.7,96.18,67.01690811535882,27.778906773977198
2021-02-15 14:00:00,42.3,108.92,66.99490945674044,27.786659959758552
2021-02-15 15:00:00,52.47,100.08,66.97291079812206,27.79441314553991
2021-02-15 16:00:00,52.28,109.71,66.95091213950369,27.802166331321263
2021-02-15 17:00:00,75.17,134.42,66.92891348088531,27.809919517102617
2021-02-15 18:00:00,72.13,128.12,66.90691482226693,27.81767270288397
2021-02-15 19:00:00,57.18,111.54,66.88491616364855,27.82542588866533
2021-02-15 20:00:00,57.58,101.0,66.86291750503018,27.833179074446683
2021-02-15 21:00:00,61.43,96.23,66.8409188464118,27.840932260228037
2021-02-15 22:00:00,58.57,86.26,66.81892018779342,27.84868544600939
2021-02-15 23:00:00,49.39,76.06,66.79692152917505,27.856438631790745
2021-02-16 00:00:00,43.71,61.33,66.77492287055667,27.864191817572102
2021-02-16 01:00:00,30.12,42.11,66.75292421193829,27.871945003353456
2021-02-16 02:00:00,24.57,34.04,66.73092555331992,27.87969818913481
2021-02-16 03:00:00,24.86,33.0,66.70892689470153,27.887451374916168
2021-02-16 04:00:00,21.57,28.29,66.68692823608316,27.895204560697522
2021-02-16 05:00:00,18.42,26.59,66.66492957746479,27.902957746478876
2021-02-16 06:00:00,21.45,26.2,66.6429309188464,27.91071093226023
2021-02-16 07:00:00,22.0,32.36,66.62093226022803,27.918464118041584
2021-02-16 08:00:00,40.08,53.0,66.59893360160966,27.926217303822938
2021-02-16 09:00:00,60.22,75.42,66.57693494299127,27.933970489604295
2021-02-16 10:00:00,32.9,58.55,66.5549362843729,27.94172367538565
2021-02-16 11:00:00,24.55,51.41,66.53293762575453,27.949476861167003
2021-02-16 12:00:00,30.89,64.46,66.51093896713616,27.95723004694836
2021-02-16 13:00:00,36.3,79.08,66.48894030851777,27.964983232729715
2021-02-16 14:00:00,39.58,92.29,66.4669416498994,27.97273641851107
2021-02-16 15:00:00,33.11,68.03,66.44494299128101,27.980489604292423
2021-02-16 16:00:00,36.3,68.62,66.42294433266264,27.988242790073777
2021-02-16 17:00:00,33.57,61.29,66.40094567404427,27.995995975855134
2021-02-16 18:00:00,37.3,76.34,66.3789470154259,28.003749161636488
2021-02-16 19:00:00,36.28,73.85,66.35694835680751,28.011502347417842
2021-02-16 20:00:00,42.87,73.59,66.33494969818913,28.019255533199196
2021-02-16 21:00:00,46.58,74.8,66.31295103957075,28.027008718980554
2021-02-16 22:00:00,61.59,78.96,66.29095238095238,28.034761904761908
2021-02-16 23:00:00,59.71,83.18,66.268953722334,28.04251509054326
2021-02-17 00:00:00,51.27,67.0,66.24695506371563,28.050268276324616
2021-02-17 01:00:00,47.42,59.85,66.22495640509725,28.05802146210597
2021-02-17 02:00:00,40.13,50.85,66.20295774647887,28.065774647887327
2021-02-17 03:00:00,30.39,35.54,66.18095908786049,28.07352783366868
2021-02-17 04:00:00,29.0,31.5,66.15896042924211,28.081281019450035
2021-02-17 05:00:00,22.12,31.91,66.13696177062374,28.089034205231393
2021-02-17 06:00:00,39.88,47.51,66.11496311200537,28.096787391012747
2021-02-17 07:00:00,38.71,42.29,66.09296445338698,28.1045405767941
2021-02-17 08:00:00,47.44,67.01,66.07096579476861,28.112293762575455
2021-02-17 09:00:00,61.02,92.27,66.04896713615022,28.12004694835681
2021-02-17 10:00:00,39.75,66.81,66.02696847753185,28.127800134138162
2021-02-17 11:00:00,46.3,74.83,66.00496981891348,28.13555331991952
2021-02-17 12:00:00,62.64,116.0,65.98297116029511,28.143306505700874
2021-02-17 13:00:00,58.99,100.11,65.96097250167672,28.151059691482228
2021-02-17 14:00:00,42.52,103.15,65.93897384305835,28.158812877263586
2021-02-17 15:00:00,38.28,72.43,65.91697518443998,28.16656606304494
2021-02-17 16:00:00,35.42,69.56,65.89497652582159,28.174319248826293
2021-02-17 17:00:00,41.03,71.79,65.87297786720322,28.182072434607647
2021-02-17 18:00:00,60.88,98.5,65.85097920858485,28.189825620389
2021-02-17 19:00:00,70.01,113.04,65.82898054996646,28.19757880617036
2021-02-17 20:00:00,74.44,107.25,65.80698189134809,28.205331991951713
2021-02-17 21:00:00,82.72,103.62,65.7849832327297,28.213085177733067
2021-02-17 22:00:00,93.44,113.33,65.76298457411133,28.22083836351442
2021-02-17 23:00:00,120.83,139.83,65.74098591549296,28.22859154929578
2021-02-18 00:00:00,97.53,111.0,65.71898725687458,28.236344735077132
2021-02-18 01:00:00,102.44,126.04,65.6969885982562,28.244097920858486
2021-02-18 02:00:00,107.44,122.08,65.67498993963783,28.25185110663984
2021-02-18 03:00:00,108.86,122.38,65.65299128101944,28.259604292421194
2021-02-18 04:00:00,109.0,135.71,65.63099262240107,28.267357478202552
2021-02-18 05:00:00,111.58,130.26,65.6089939637827,28.275110663983906
2021-02-18 06:00:00,108.57,120.34,65.58699530516432,28.28286384976526
2021-02-18 07:00:00,122.64,153.87,65.56499664654594,28.290617035546617
2021-02-18 08:00:00,125.0,177.49,65.54299798792756,28.29837022132797
2021-02-18 09:00:00,161.05,245.92,65.52099932930919,28.306123407109325
2021-02-18 10:00:00,152.41,232.12,65.4990006706908,28.31387659289068
2021-02-18 11:00:00,119.0,193.92,65.47700201207243,28.321629778672033
2021-02-18 12:00:00,99.41,166.17,65.45500335345406,28.329382964453387
2021-02-18 13:00:00,100.44,160.21,65.43300469483567,28.337136150234745
2021-02-18 14:00:00,84.69,180.0,65.4110060362173,28.3448893360161
2021-02-18 15:00:00,100.94,178.0,65.38900737759893,28.352642521797453
2021-02-18 16:00:00,98.85,170.88,65.36700871898054,28.36039570757881
2021-02-18 17:00:00,91.97,149.93,65.34501006036217,28.368148893360164
2021-02-18 18:00:00,81.56,133.89,65.3230114017438,28.375902079141518
2021-02-18 19:00:00,88.58,138.94,65.30101274312541,28.383655264922872
2021-02-18 20:00:00,84.85,130.67,65.27901408450704,28.391408450704226
2021-02-18 21:00:00,57.44,222.5,65.25701542588867,28.399161636485584
2021-02-18 22:00:00,42.7,105.54,65.23501676727028,28.406914822266938
2021-02-18 23:00:00,41.86,52.25,65.21301810865191,28.41466800804829
2021-02-19 00:00:00,34.3,48.62,65.19101945003354,28.422421193829646
2021-02-19 01:00:00,36.45,52.75,65.16902079141515,28.430174379611003
2021-02-19 02:00:00,45.6,72.21,65.14702213279678,28.437927565392357
2021-02-19 03:00:00,47.0,73.82,65.1250234741784,28.44568075117371
2021-02-19 04:00:00,36.7,50.83,65.10302481556002,28.453433936955065
2021-02-19 05:00:00,51.36,66.0,65.08102615694165,28.46118712273642
2021-02-19 06:00:00,39.31,61.27,65.05902749832327,28.468940308517777
2021-02-19 07:00:00,43.03,57.62,65.0370288397049,28.47669349429913
2021-02-19 08:00:00,44.0,65.74,65.01503018108652,28.484446680080485
2021-02-19 09:00:00,47.45,87.0,64.99303152246814,28.492199865861842
2021-02-19 10:00:00,55.73,110.27,64.97103286384976,28.499953051643196
2021-02-19 11:00:00,57.86,109.45,64.94903420523138,28.50770623742455
2021-02-19 12:00:00,54.57,101.0,64.92703554661301,28.515459423205904
2021-02-19 13:00:00,43.67,79.32,64.90503688799464,28.523212608987258
2021-02-19 14:00:00,42.0,72.62,64.88303822937625,28.530965794768612
2021-02-19 15:00:00,36.85,65.67,64.86103957075788,28.53871898054997
2021-02-19 16:00:00,43.73,74.29,64.8390409121395,28.546472166331323
2021-02-19 17:00:00,46.72,93.74,64.81704225352112,28.554225352112677
2021-02-19 18:00:00,48.72,90.85,64.79504359490275,28.561978537894035
2021-02-19 19:00:00,47.28,93.75,64.77304493628438,28.56973172367539
2021-02-19 20:00:00,52.15,93.41,64.75104627766599,28.577484909456743
2021-02-19 21:00:00,42.7,75.52,64.72904761904762,28.585238095238097
2021-02-19 22:00:00,47.01,68.62,64.70704896042923,28.59299128101945
2021-02-19 23:00:00,45.42,67.2,64.68505030181086,28.60074446680081
2021-02-20 00:00:00,69.03,126.38,64.66305164319249,28.608497652582162
2021-02-20 01:00:00,80.75,138.83,64.64105298457412,28.616250838363516
2021-02-20 02:00:00,82.86,140.38,64.61905432595573,28.62400402414487
2021-02-20 03:00:00,65.83,118.83,64.59705566733736,28.631757209926228
2021-02-20 04:00:00,57.83,103.47,64.57505700871897,28.639510395707582
2021-02-20 05:00:00,57.0,101.59,64.5530583501006,28.647263581488936
2021-02-20 06:00:00,56.14,90.08,64.53105969148223,28.65501676727029
2021-02-20 07:00:00,51.7,76.69,64.50906103286385,28.662769953051644
2021-02-20 08:00:00,45.85,76.38,64.48706237424547,28.670523138833
2021-02-20 09:00:00,50.17,88.88,64.4650637156271,28.678276324614355
2021-02-20 10:00:00,44.11,91.0,64.44306505700871,28.68602951039571
2021-02-20 11:00:00,36.13,79.0,64.42106639839034,28.693782696177067
2021-02-20 12:00:00,22.12,68.71,64.39906773977197,28.70153588195842
2021-02-20 13:00:00,29.47,58.86,64.37706908115359,28.709289067739775
2021-02-20 14:00:00,27.57,62.56,64.3550704225352,28.71704225352113
2021-02-20 15:00:00,32.17,55.25,64.33307176391683,28.724795439302483
2021-02-20 16:00:00,27.85,54.54,64.31107310529845,28.732548625083837
2021-02-20 17:00:00,27.86,70.25,64.28907444668008,28.740301810865194
2021-02-20 18:00:00,30.57,70.82,64.2670757880617,28.748054996646548
2021-02-20 19:00:00,31.86,62.08,64.24507712944333,28.755808182427902
2021-02-20 20:00:00,42.33,66.0,64.22307847082494,28.76356136820926
2021-02-20 21:00:00,42.28,79.0,64.20107981220657,28.771314553990614
2021-02-20 22:00:00,48.01,86.92,64.17908115358819,28.779067739771968
2021-02-20 23:00:00,73.03,111.96,64.15708249496981,28.78682092555332
2021-02-21 00:00:00,60.75,93.46,64.13508383635144,28.794574111334676
2021-02-21 01:00:00,47.7,71.17,64.11308517773307,28.802327297116033
2021-02-21 02:00:00,35.7,53.54,64.09108651911468,28.810080482897387
2021-02-21 03:00:00,35.72,56.41,64.06908786049631,28.81783366867874
2021-02-21 04:00:00,38.58,61.59,64.04708920187792,28.825586854460095
2021-02-21 05:00:00,49.33,78.68,64.02509054325955,28.833340040241453
2021-02-21 06:00:00,64.73,105.96,64.00309188464118,28.841093226022807
2021-02-21 07:00:00,66.14,106.46,63.9810932260228,28.84884641180416
2021-02-21 08:00:00,69.43,110.54,63.95909456740442,28.856599597585515
2021-02-21 09:00:00,63.13,103.0,63.93709590878605,28.86435278336687
2021-02-21 10:00:00,63.72,115.0,63.91509725016767,28.872105969148226
2021-02-21 11:00:00,55.42,111.04,63.89309859154929,28.87985915492958
2021-02-21 12:00:00,47.13,98.12,63.87109993293092,28.887612340710934
2021-02-21 13:00:00,39.99,79.17,63.84910127431254,28.89536552649229
2021-02-21 14:00:00,34.71,70.91,63.82710261569416,28.903118712273645
2021-02-21 15:00:00,34.86,62.46,63.80510395707579,28.910871898055
2021-02-21 16:00:00,39.29,63.38,63.78310529845741,28.918625083836353
2021-02-21 17:00:00,47.73,82.27,63.76110663983903,28.926378269617707
2021-02-21 18:00:00,53.29,106.07,63.739107981220656,28.93413145539906
2021-02-21 19:00:00,45.39,94.41,63.71710932260228,28.94188464118042
2021-02-21 20:00:00,51.73,90.79,63.6951106639839,28.949637826961773
2021-02-21 21:00:00,49.57,82.29,63.673112005365525,28.957391012743127
2021-02-21 22:00:00,42.97,71.29,63.65111334674715,28.965144198524484
2021-02-21 23:00:00,40.28,73.75,63.629114688128766,28.97289738430584
2021-02-22 00:00:00,46.84,72.62,63.607116029510394,28.980650570087192
2021-02-22 01:00:00,48.86,72.0,63.58511737089202,28.988403755868546
2021-02-22 02:00:00,62.73,117.0,63.563118712273635,28.9961569416499
2021-02-22 03:00:00,62.42,102.7,63.54112005365526,29.003910127431258
2021-02-22 04:00:00,64.58,92.67,63.51912139503689,29.011663313212612
2021-02-22 05:00:00,62.42,96.54,63.497122736418504,29.019416498993966
2021-02-22 06:00:00,72.3,107.5,63.47512407780013,29.02716968477532
2021-02-22 07:00:00,64.56,100.47,63.45312541918176,29.034922870556677
2021-02-22 08:00:00,69.01,109.88,63.43112676056337,29.04267605633803
2021-02-22 09:00:00,71.72,118.25,63.409128101945,29.050429242119385
2021-02-22 10:00:00,79.75,154.46,63.38712944332663,29.05818242790074
2021-02-22 11:00:00,67.27,134.4,63.36513078470824,29.065935613682093
2021-02-22 12:00:00,63.28,127.8,63.34313212608987,29.07368879946345
2021-02-22 13:00:00,60.42,131.96,63.3211334674715,29.081441985244805
2021-02-22 14:00:00,55.71,119.54,63.29913480885311,29.08919517102616
2021-02-22 15:00:00,74.81,122.33,63.27713615023474,29.096948356807516
2021-02-22 16:00:00,58.2,115.0,63.25513749161637,29.10470154258887
2021-02-22 17:00:00,47.25,96.0,63.23313883299799,29.112454728370224
2021-02-22 18:00:00,45.14,91.8,63.21114017437961,29.120207914151578
2021-02-22 19:00:00,43.28,82.5,63.189141515761236,29.127961099932932
2021-02-22 20:00:00,49.87,80.79,63.167142857142856,29.135714285714286
2021-02-22 21:00:00,43.27,68.75,63.14514419852448,29.143467471495644
2021-02-22 22:00:00,42.86,67.93,63.123145539906105,29.151220657276998
2021-02-22 23:00:00,39.57,61.29,63.101146881287725,29.15897384305835
2021-02-23 00:00:00,33.87,59.79,63.079148222669346,29.16672702883971
2021-02-23 01:00:00,41.58,52.08,63.057149564050974,29.174480214621063
2021-02-23 02:00:00,42.14,55.0,63.035150905432594,29.182233400402417
2021-02-23 03:00:00,40.28,50.23,63.013152246814215,29.18998658618377
2021-02-23 04:00:00,43.45,56.12,62.99115358819584,29.197739771965125
2021-02-23 05:00:00,46.58,62.75,62.96915492957746,29.205492957746483
2021-02-23 06:00:00,56.44,77.46,62.947156270959084,29.213246143527837
2021-02-23 07:00:00,57.14,78.0,62.92515761234071,29.22099932930919
2021-02-23 08:00:00,61.29,100.17,62.90315895372233,29.228752515090545
2021-02-23 09:00:00,94.62,157.64,62.88116029510395,29.236505700871902
2021-02-23 10:00:00,123.17,213.75,62.85916163648558,29.244258886653256
2021-02-23 11:00:00,127.0,225.0,62.8371629778672,29.25201207243461
2021-02-23 12:00:00,65.86623664636794,171.5,62.81516431924882,29.259765258215964
2021-02-23 13:00:00,68.0,118.0,62.79316566063045,29.267518443997318
2021-02-23 14:00:00,54.27,89.5,62.77116700201207,29.275271629778675
2021-02-23 15:00:00,94.92,170.67,62.74916834339369,29.28302481556003
2021-02-23 16:00:00,102.86,186.08,62.72716968477532,29.290778001341383
2021-02-23 17:00:00,100.42,172.12,62.70517102615694,29.29853118712274
2021-02-23 18:00:00,83.69,159.67,62.68317236753856,29.306284372904095
2021-02-23 19:00:00,81.0,128.46,62.66117370892019,29.31403755868545
2021-02-23 20:00:00,67.27,100.62,62.63917505030181,29.321790744466803
2021-02-23 21:00:00,67.58,98.17,62.61717639168343,29.329543930248157
2021-02-23 22:00:00,61.97,107.71,62.59517773306506,29.33729711602951
2021-02-23 23:00:00,67.01,106.82,62.57317907444668,29.34505030181087
2021-02-24 00:00:00,69.72,107.58,62.5511804158283,29.352803487592222
2021-02-24 01:00:00,78.58,123.0,62.529181757209926,29.360556673373576
2021-02-24 02:00:00,82.58,132.5,62.50718309859155,29.368309859154934
2021-02-24 03:00:00,72.7,113.7,62.48518443997317,29.376063044936288
2021-02-24 04:00:00,83.88,119.08,62.463185781354795,29.383816230717642
2021-02-24 05:00:00,92.87,135.46,62.441187122736416,29.391569416498996
2021-02-24 06:00:00,85.42,131.42,62.41918846411804,29.39932260228035
2021-02-24 07:00:00,93.44,132.33,62.397189805499664,29.407075788061707
2021-02-24 08:00:00,102.72,150.62,62.375191146881285,29.41482897384306
2021-02-24 09:00:00,107.43,168.46,62.353192488262906,29.422582159624415
2021-02-24 10:00:00,124.36,227.42,62.33119382964453,29.43033534540577
2021-02-24 11:00:00,114.94,223.0,62.309195171026154,29.438088531187127
2021-02-24 12:00:00,83.91,134.0,62.287196512407775,29.44584171696848
2021-02-24 13:00:00,69.59,117.38,62.2651978537894,29.453594902749835
2021-02-24 14:00:00,76.58,138.33,62.24319919517102,29.46134808853119
2021-02-24 15:00:00,86.61,155.29,62.221200536552644,29.469101274312543
2021-02-24 16:00:00,76.02,133.46,62.19920187793427,29.4768544600939
2021-02-24 17:00:00,67.13,127.0,62.17720321931589,29.484607645875254
2021-02-24 18:00:00,66.86,121.75,62.15520456069751,29.492360831656608
2021-02-24 19:00:00,60.99,99.79,62.13320590207914,29.500114017437966
2021-02-24 20:00:00,55.71,90.34,62.11120724346076,29.50786720321932
2021-02-24 21:00:00,67.88,100.41,62.08920858484238,29.515620389000674
2021-02-24 22:00:00,64.85,104.79,62.06720992622401,29.523373574782028
2021-02-24 23:00:00,81.17,126.38,62.04521126760563,29.53112676056338
2021-02-25 00:00:00,61.68,89.4,62.02321260898725,29.538879946344736
2021-02-25 01:00:00,46.84,68.5,62.00121395036888,29.546633132126093
2021-02-25 02:00:00,45.0,59.69,61.9792152917505,29.554386317907447
2021-02-25 03:00:00,56.16,83.33,61.95721663313212,29.5621395036888
2021-02-25 04:00:00,62.29,82.88,61.93521797451375,29.56989268947016
2021-02-25 05:00:00,54.42,65.17,61.91321931589537,29.577645875251513
2021-02-25 06:00:00,54.72,67.31,61.89122065727699,29.585399061032867
2021-02-25 07:00:00,59.29,72.48,61.86922199865862,29.59315224681422
2021-02-25 08:00:00,70.3,113.0,61.847223340040244,29.600905432595574
2021-02-25 09:00:00,79.74,135.62,61.82522468142186,29.608658618376932
2021-02-25 10:00:00,90.44,141.38,61.803226022803486,29.616411804158286
2021-02-25 11:00:00,101.41,166.54,61.78122736418511,29.62416498993964
2021-02-25 12:00:00,77.25,161.92,61.75922870556673,29.631918175720994
2021-02-25 13:00:00,85.88,144.5,61.737230046948355,29.63967136150235
2021-02-25 14:00:00,68.3,127.8,61.71523138832998,29.647424547283705
2021-02-25 15:00:00,67.58,112.12,61.693232729711596,29.65517773306506
2021-02-25 16:00:00,59.42,86.0,61.671234071093224,29.662930918846413
2021-02-25 17:00:00,42.52,68.0,61.64923541247485,29.670684104627767
2021-02-25 18:00:00,36.57,64.83,61.627236753856465,29.678437290409125
2021-02-25 19:00:00,35.14,56.08,61.60523809523809,29.68619047619048
2021-02-25 20:00:00,33.28,42.12,61.58323943661972,29.693943661971833
2021-02-25 21:00:00,33.60343927969712,49.06,61.561240778001334,29.70169684775319
2021-02-25 22:00:00,48.0,56.0,61.53924211938296,29.709450033534544
2021-02-25 23:00:00,35.43,50.09,61.51724346076459,29.7172032193159
2021-02-26 00:00:00,19.0,22.0,61.4952448021462,29.724956405097252
2021-02-26 01:00:00,23.3,31.5,61.47324614352783,29.732709590878606
2021-02-26 02:00:00,47.13,75.17,61.45124748490946,29.74046277665996
2021-02-26 03:00:00,44.13,81.67,61.42924882629108,29.748215962441318
2021-02-26 04:00:00,39.57,52.0,61.4072501676727,29.755969148222672
2021-02-26 05:00:00,41.17,47.02,61.38525150905433,29.763722334004026
2021-02-26 06:00:00,39.773520186362646,48.12666666666667,61.36325285043595,29.771475519785383
2021-02-26 07:00:00,42.79869553672782,49.233333333333334,61.34125419181757,29.779228705566737
2021-02-26 08:00:00,35.99,50.34,61.3192555331992,29.78698189134809
2021-02-26 09:00:00,54.74,111.0,61.29725687458082,29.794735077129445
2021-02-26 10:00:00,46.84,94.38,61.27525821596244,29.8024882629108
2021-02-26 11:00:00,46.72,90.59,61.253259557344066,29.810241448692157
2021-02-26 12:00:00,35.84,82.31,61.23126089872569,29.81799463447351
2021-02-26 13:00:00,39.15,90.29,61.20926224010731,29.825747820254865
2021-02-26 14:00:00,41.72,97.0,61.187263581488935,29.83350100603622
2021-02-26 15:00:00,37.7,101.0,61.165264922870556,29.841254191817576
2021-02-26 16:00:00,33.57,89.17,61.143266264252176,29.84900737759893
2021-02-26 17:00:00,35.57,90.73,61.121267605633804,29.856760563380284
2021-02-26 18:00:00,30.85,81.71,61.099268947015425,29.864513749161638
2021-02-26 19:00:00,46.31,119.0,61.077270288397045,29.872266934942992
2021-02-26 20:00:00,47.28,113.46,61.05527162977867,29.88002012072435
2021-02-26 21:00:00,43.57,93.79,61.033272971160294,29.887773306505704
2021-02-26 22:00:00,54.16,100.83,61.011274312541914,29.895526492287058
2021-02-26 23:00:00,48.27,90.0,60.98927565392354,29.903279678068415
2021-02-27 00:00:00,35.88,55.0,60.96727699530516,29.91103286384977
2021-02-27 01:00:00,26.27,49.48,60.94527833668678,29.918786049631123
2021-02-27 02:00:00,24.14,47.21,60.92327967806841,29.926539235412477
2021-02-27 03:00:00,23.14,50.95,60.90128101945003,29.93429242119383
2021-02-27 04:00:00,24.72,47.34,60.87928236083165,29.942045606975185
2021-02-27 05:00:00,18.13,36.0,60.85728370221328,29.949798792756543
2021-02-27 06:00:00,33.36,55.72,60.8352850435949,29.957551978537897
2021-02-27 07:00:00,47.16,68.92,60.81328638497652,29.96530516431925
2021-02-27 08:00:00,59.3,107.42,60.79128772635815,29.973058350100608
2021-02-27 09:00:00,61.86,129.0,60.76928906773977,29.980811535881962
2021-02-27 10:00:00,72.3,168.58,60.74729040912139,29.988564721663316
2021-02-27 11:00:00,73.11,172.03,60.72529175050302,29.99631790744467
2021-02-27 12:00:00,70.42,168.0,60.70329309188464,30.004071093226024
2021-02-27 13:00:00,48.54,102.0,60.68129443326626,30.01182427900738
2021-02-27 14:00:00,47.58,102.0,60.65929577464789,30.019577464788735
2021-02-27 15:00:00,40.27,88.0,60.63729711602951,30.02733065057009
2021-02-27 16:00:00,39.0,105.42,60.61529845741113,30.035083836351443
2021-02-27 17:00:00,37.28,84.75,60.593299798792756,30.0428370221328
2021-02-27 18:00:00,32.71,77.21,60.57130114017438,30.050590207914155
2021-02-27 19:00:00,36.28,78.0,60.549302481556,30.05834339369551
2021-02-27 20:00:00,39.58,70.08,60.527303822937625,30.066096579476863
2021-02-27 21:00:00,41.71,83.78,60.505305164319246,30.073849765258217
2021-02-27 22:00:00,41.14,79.32,60.48330650570087,30.081602951039574
2021-02-27 23:00:00,47.0,91.2,60.461307847082495,30.08935613682093
2021-02-28 00:00:00,60.88,105.25,60.439309188464115,30.097109322602282
2021-02-28 01:00:00,57.86,87.42,60.417310529845736,30.10486250838364
2021-02-28 02:00:00,44.12,63.51,60.395311871227364,30.112615694164994
2021-02-28 03:00:00,37.71,54.73,60.373313212608984,30.120368879946348
2021-02-28 04:00:00,33.57,55.21,60.351314553990605,30.128122065727702
2021-02-28 05:00:00,33.86,62.1,60.32931589537223,30.135875251509056
2021-02-28 06:00:00,40.87,56.11,60.30731723675385,30.14362843729041
2021-02-28 07:00:00,37.71,47.67,60.285318578135474,30.151381623071767
2021-02-28 08:00:00,44.73,68.17,60.2633199195171,30.15913480885312
2021-02-28 09:00:00,56.3,103.0,60.24132126089872,30.166887994634475
2021-02-28 10:00:00,81.17,153.67,60.21932260228034,30.174641180415833
2021-02-28 11:00:00,68.69,137.71,60.19732394366197,30.182394366197187
2021-02-28 12:00:00,60.85,137.92,60.17532528504359,30.19014755197854
2021-02-28 13:00:00,37.68,90.23,60.15332662642521,30.197900737759895
2021-02-28 14:00:00,50.36,109.39,60.13132796780684,30.20565392354125
2021-02-28 15:00:00,53.0,119.16,60.10932930918846,30.213407109322606
2021-02-28 16:00:00,59.87,128.68,60.08733065057008,30.22116029510396
2021-02-28 17:00:00,73.88,126.27,60.06533199195171,30.228913480885314
2021-02-28 18:00:00,119.63,162.08,60.04333333333334,30.236666666666668
2021-02-28 19:00:00,90.95,123.09,60.02133467471495,30.244419852448026
2021-02-28 20:00:00,47.23,72.79,59.99933601609658,30.25217303822938
2021-02-28 21:00:00,37.57,64.58,59.977337357478206,30.259926224010734
2021-02-28 22:00:00,32.71,64.21,59.95533869885982,30.267679409792088
2021-02-28 23:00:00,50.88,84.51,59.93334004024145,30.27543259557344
2021-03-01 00:00:00,46.3,83.0,59.911341381623075,30.2831857813548
2021-03-01 01:00:00,59.59,67.0,59.88934272300469,30.290938967136153
2021-03-01 02:00:00,41.4,52.01,59.867344064386316,30.298692152917507
2021-03-01 03:00:00,43.15,55.92,59.845345405767944,30.306445338698865
2021-03-01 04:00:00,47.42,61.95,59.82334674714956,30.31419852448022
2021-03-01 05:00:00,52.28,66.94,59.801348088531185,30.321951710261573
2021-03-01 06:00:00,50.43,67.21,59.77934942991281,30.329704896042927
2021-03-01 07:00:00,55.13,72.52,59.757350771294426,30.33745808182428
2021-03-01 08:00:00,63.73,100.12,59.735352112676054,30.345211267605634
2021-03-01 09:00:00,99.33,130.69,59.71335345405768,30.352964453386992
2021-03-01 10:00:00,93.88,147.21,59.691354795439295,30.360717639168346
2021-03-01 11:00:00,54.23,118.5,59.66935613682092,30.3684708249497
2021-03-01 12:00:00,42.01,94.0,59.64735747820255,30.376224010731057
2021-03-01 13:00:00,32.42,86.88,59.625358819584164,30.38397719651241
2021-03-01 14:00:00,69.7,146.0,59.60336016096579,30.391730382293765
2021-03-01 15:00:00,68.3,127.07,59.58136150234742,30.39948356807512
2021-03-01 16:00:00,72.13,133.05,59.55936284372904,30.407236753856473
2021-03-01 17:00:00,83.27,136.79,59.53736418511066,30.41498993963783
2021-03-01 18:00:00,90.15,138.58,59.51536552649229,30.422743125419185
2021-03-01 19:00:00,74.69,131.11,59.49336686787391,30.43049631120054
2021-03-01 20:00:00,72.86,131.31,59.47136820925553,30.438249496981893
2021-03-01 21:00:00,80.7,141.75,59.44936955063716,30.44600268276325
2021-03-01 22:00:00,75.99,136.21,59.42737089201878,30.453755868544604
2021-03-01 23:00:00,59.6,118.8,59.4053722334004,30.46150905432596
2021-03-02 00:00:00,61.28,103.95,59.38337357478203,30.469262240107312
2021-03-02 01:00:00,53.43,97.07,59.36137491616365,30.477015425888666
2021-03-02 02:00:00,62.27,101.52,59.33937625754527,30.484768611670024
2021-03-02 03:00:00,70.01,119.57,59.317377598926896,30.492521797451378
2021-03-02 04:00:00,84.73,137.0,59.29537894030852,30.500274983232732
2021-03-02 05:00:00,71.6,121.17,59.27338028169014,30.50802816901409
2021-03-02 06:00:00,53.6,95.67,59.251381623071765,30.515781354795443
2021-03-02 07:00:00,49.29,90.79,59.229382964453386,30.523534540576797
2021-03-02 08:00:00,72.95,135.97,59.207384305835006,30.53128772635815
2021-03-02 09:00:00,73.58,147.21,59.185385647216634,30.539040912139505
2021-03-02 10:00:00,113.21,221.16,59.163386988598255,30.54679409792086
2021-03-02 11:00:00,71.08,147.12,59.141388329979875,30.554547283702217
2021-03-02 12:00:00,32.1,85.6,59.1193896713615,30.56230046948357
2021-03-02 13:00:00,27.86,54.27,59.097391012743124,30.570053655264925
2021-03-02 14:00:00,54.56,98.75,59.075392354124745,30.577806841046282
2021-03-02 15:00:00,59.0,97.59,59.05339369550637,30.585560026827636
2021-03-02 16:00:00,48.7,111.36,59.03139503688799,30.59331321260899
2021-03-02 17:00:00,29.83,72.61,59.009396378269614,30.601066398390344
2021-03-02 18:00:00,33.85,67.0,58.98739771965124,30.608819584171698
2021-03-02 19:00:00,51.31,76.47,58.96539906103286,30.616572769953052
2021-03-02 20:00:00,39.45,61.64,58.94340040241448,30.62432595573441
2021-03-02 21:00:00,33.58,47.5,58.92140174379611,30.632079141515764
2021-03-02 22:00:00,37.29,46.58,58.89940308517773,30.63983232729712
2021-03-02 23:00:00,46.58,69.09,58.87740442655935,30.647585513078475
2021-03-03 00:00:00,48.0,73.43,58.85540576794098,30.65533869885983
2021-03-03 01:00:00,53.13,66.06,58.8334071093226,30.663091884641183
2021-03-03 02:00:00,62.58,83.09,58.81140845070422,30.670845070422537
2021-03-03 03:00:00,58.01,92.16,58.78940979208585,30.67859825620389
2021-03-03 04:00:00,45.02,61.45,58.76741113346747,30.686351441985245
2021-03-03 05:00:00,40.42,56.16,58.74541247484909,30.694104627766603
2021-03-03 06:00:00,64.89,96.44,58.72341381623072,30.701857813547957
2021-03-03 07:00:00,69.0,104.62,58.70141515761234,30.709610999329314
2021-03-03 08:00:00,81.02,123.67,58.67941649899396,30.717364185110668
2021-03-03 09:00:00,98.45,163.0,58.65741784037559,30.725117370892022
2021-03-03 10:00:00,89.84,155.08,58.63541918175721,30.732870556673376
2021-03-03 11:00:00,67.47,126.0,58.61342052313883,30.74062374245473
2021-03-03 12:00:00,81.97,151.25,58.591421864520456,30.748376928236084
2021-03-03 13:00:00,70.41,126.33,58.569423205902076,30.75613011401744
2021-03-03 14:00:00,56.84,110.88,58.5474245472837,30.763883299798795
2021-03-03 15:00:00,80.75,123.2,58.525425888665325,30.77163648558015
2021-03-03 16:00:00,87.58,179.85,58.503427230046945,30.779389671361507
2021-03-03 17:00:00,88.0,175.85,58.481428571428566,30.78714285714286
2021-03-03 18:00:00,93.13,166.0,58.459429912810194,30.794896042924215
2021-03-03 19:00:00,78.6,150.96,58.437431254191814,30.80264922870557
2021-03-03 20:00:00,73.43,139.11,58.415432595573435,30.810402414486923
2021-03-03 21:00:00,80.72,133.06,58.39343393695506,30.818155600268277
2021-03-03 22:00:00,79.42,130.42,58.37143527833668,30.825908786049634
2021-03-03 23:00:00,86.72,129.22,58.349436619718304,30.83366197183099
2021-03-04 00:00:00,97.41,148.06,58.32743796109993,30.841415157612346
2021-03-04 01:00:00,81.83,124.13,58.30543930248155,30.8491683433937
2021-03-04 02:00:00,82.42,114.0,58.28344064386317,30.856921529175054
2021-03-04 03:00:00,84.72,118.73,58.2614419852448,30.864674714956408
2021-03-04 04:00:00,82.43,116.06,58.23944332662642,30.87242790073776
2021-03-04 05:00:00,100.88,142.61,58.21744466800804,30.880181086519116
2021-03-04 06:00:00,101.42,153.94,58.19544600938967,30.88793427230047
2021-03-04 07:00:00,116.45,156.0,58.1734473507713,30.895687458081827
2021-03-04 08:00:00,124.99,174.21,58.15144869215291,30.90344064386318
2021-03-04 09:00:00,144.88,235.01,58.12945003353454,30.91119382964454
2021-03-04 10:00:00,103.37,166.0,58.10745137491617,30.918947015425893
2021-03-04 11:00:00,79.69,154.15,58.08545271629778,30.926700201207247
2021-03-04 12:00:00,62.41,134.25,58.06345405767941,30.9344533869886
2021-03-04 13:00:00,61.71,118.07,58.041455399061036,30.942206572769955
2021-03-04 14:00:00,56.87,120.16,58.01945674044265,30.94995975855131
2021-03-04 15:00:00,67.12,127.33,57.99745808182428,30.957712944332666
2021-03-04 16:00:00,58.7,127.43,57.975459423205905,30.96546613011402
2021-03-04 17:00:00,60.45,106.49,57.95346076458752,30.973219315895374
2021-03-04 18:00:00,43.89,85.22,57.931462105969146,30.98097250167673
2021-03-04 19:00:00,42.69,81.0,57.909463447350774,30.988725687458086
2021-03-04 20:00:00,67.89,108.61,57.88746478873239,30.99647887323944
2021-03-04 21:00:00,92.53,140.45,57.865466130114015,31.004232059020794
2021-03-04 22:00:00,102.87,180.13,57.84346747149564,31.011985244802148
2021-03-04 23:00:00,95.42,174.85,57.82146881287726,31.0197384305835
2021-03-05 00:00:00,106.02,171.78,57.799470154258884,31.02749161636486
2021-03-05 01:00:00,95.98,153.07,57.77747149564051,31.035244802146213
2021-03-05 02:00:00,82.84,136.56,57.75547283702213,31.04299798792757
2021-03-05 03:00:00,83.58,134.29,57.73347417840375,31.050751173708925
2021-03-05 04:00:00,71.17,119.43,57.71147551978538,31.05850435949028
2021-03-05 05:00:00,81.88,134.72,57.689476861167,31.066257545271633
2021-03-05 06:00:00,71.17,110.02,57.66747820254862,31.074010731052987
2021-03-05 07:00:00,67.29,110.68,57.64547954393025,31.08176391683434
2021-03-05 08:00:00,91.89,153.12,57.62348088531187,31.089517102615694
2021-03-05 09:00:00,131.19,203.44,57.60148222669349,31.097270288397052
2021-03-05 10:00:00,124.15,207.67,57.57948356807512,31.105023474178406
2021-03-05 11:00:00,71.46,147.0,57.55748490945674,31.112776659959763
2021-03-05 12:00:00,48.44,119.39,57.53548625083836,31.120529845741117
2021-03-05 13:00:00,69.1,177.0,57.51348759221999,31.12828303152247
2021-03-05 14:00:00,97.81,204.0,57.49148893360161,31.136036217303825
2021-03-05 15:00:00,67.78,160.61,57.46949027498323,31.14378940308518
2021-03-05 16:00:00,49.98,134.01,57.44749161636486,31.151542588866533
2021-03-05 17:00:00,42.85,122.92,57.42549295774648,31.15929577464789
2021-03-05 18:00:00,46.29,131.25,57.4034942991281,31.167048960429245
2021-03-05 19:00:00,75.33,152.31,57.381495640509726,31.1748021462106
2021-03-05 20:00:00,56.9,137.6,57.35949698189135,31.182555331991956
2021-03-05 21:00:00,52.14,122.9,57.33749832327297,31.19030851777331
2021-03-05 22:00:00,82.8,188.06,57.315499664654595,31.198061703554664
2021-03-05 23:00:00,86.29,181.55,57.293501006036216,31.20581488933602
2021-03-06 00:00:00,77.47,153.78,57.27150234741784,31.213568075117372
2021-03-06 01:00:00,77.71,144.06,57.249503688799464,31.221321260898726
2021-03-06 02:00:00,73.72,142.0,57.227505030181085,31.229074446680084
2021-03-06 03:00:00,68.71,130.92,57.205506371562706,31.236827632461438
2021-03-06 04:00:00,62.87,114.91,57.18350771294433,31.244580818242795
2021-03-06 05:00:00,65.42,105.84,57.161509054325954,31.25233400402415
2021-03-06 06:00:00,59.13,97.9,57.139510395707575,31.260087189805503
2021-03-06 07:00:00,61.43,96.58,57.1175117370892,31.267840375586857
2021-03-06 08:00:00,80.82,134.0,57.09551307847082,31.27559356136821
2021-03-06 09:00:00,81.43,152.15,57.073514419852444,31.283346747149565
2021-03-06 10:00:00,69.84,148.91,57.05151576123407,31.29109993293092
2021-03-06 11:00:00,68.86,137.47,57.02951710261569,31.298853118712277
2021-03-06 12:00:00,67.29,162.03,57.00751844399731,31.30660630449363
2021-03-06 13:00:00,96.18,210.08,56.98551978537894,31.314359490274988
2021-03-06 14:00:00,75.33,183.27,56.96352112676056,31.322112676056342
2021-03-06 15:00:00,71.0,155.65,56.94152246814218,31.329865861837696
2021-03-06 16:00:00,68.42,139.95,56.91952380952381,31.33761904761905
2021-03-06 17:00:00,41.39,114.0,56.89752515090543,31.345372233400404
2021-03-06 18:00:00,38.72,124.25,56.87552649228705,31.353125419181758
2021-03-06 19:00:00,36.43,131.73,56.85352783366868,31.360878604963116
2021-03-06 20:00:00,47.98,148.73,56.8315291750503,31.36863179074447
2021-03-06 21:00:00,52.57,153.0,56.80953051643192,31.376384976525824
2021-03-06 22:00:00,50.43,127.58,56.78753185781355,31.38413816230718
2021-03-06 23:00:00,54.29,109.0,56.76553319919517,31.391891348088535
2021-03-07 00:00:00,55.86,104.27,56.74353454057679,31.39964453386989
2021-03-07 01:00:00,62.84,106.15,56.72153588195842,31.407397719651243
2021-03-07 02:00:00,73.41,119.62,56.69953722334004,31.415150905432597
2021-03-07 03:00:00,62.98,105.58,56.67753856472166,31.42290409121395
2021-03-07 04:00:00,47.31,102.0,56.655539906103286,31.43065727699531
2021-03-07 05:00:00,49.29,101.0,56.63354124748491,31.438410462776663
2021-03-07 06:00:00,50.0,98.0,56.61154258886653,31.44616364855802
2021-03-07 07:00:00,47.43,88.57,56.589543930248155,31.453916834339374
2021-03-07 08:00:00,64.11,107.3,56.567545271629776,31.461670020120728
2021-03-07 09:00:00,90.17,162.7,56.545546613011396,31.469423205902082
2021-03-07 10:00:00,82.84,169.64,56.523547954393024,31.477176391683436
2021-03-07 11:00:00,67.29,145.28,56.501549295774645,31.48492957746479
2021-03-07 12:00:00,48.69,103.05,56.479550637156265,31.492682763246144
2021-03-07 13:00:00,32.31,85.13,56.45755197853789,31.5004359490275
2021-03-07 14:00:00,26.58,57.75,56.435553319919514,31.508189134808855
2021-03-07 15:00:00,18.3,53.31,56.413554661301134,31.515942320590213
2021-03-07 16:00:00,22.13,54.42,56.39155600268276,31.523695506371567
2021-03-07 17:00:00,21.29,61.12,56.36955734406439,31.53144869215292
2021-03-07 18:00:00,19.29,53.18,56.347558685446,31.539201877934275
2021-03-07 19:00:00,20.71,59.37,56.32556002682763,31.54695506371563
2021-03-07 20:00:00,41.53,66.94,56.30356136820926,31.554708249496983
2021-03-07 21:00:00,32.12,64.83,56.28156270959087,31.56246143527834
2021-03-07 22:00:00,28.28,59.0,56.2595640509725,31.570214621059694
2021-03-07 23:00:00,35.73,66.0,56.23756539235413,31.57796780684105
2021-03-08 00:00:00,31.03,52.63,56.21556673373574,31.585720992622406
2021-03-08 01:00:00,27.43,36.41,56.19356807511737,31.59347417840376
2021-03-08 02:00:00,27.0,36.14,56.171569416499,31.601227364185114
2021-03-08 03:00:00,16.73,23.59,56.14957075788061,31.608980549966468
2021-03-08 04:00:00,19.28,23.46,56.12757209926224,31.61673373574782
2021-03-08 05:00:00,17.43,24.84,56.105573440643866,31.624486921529176
2021-03-08 06:00:00,21.28,35.0,56.08357478202548,31.632240107310533
2021-03-08 07:00:00,23.71,29.35,56.06157612340711,31.639993293091887
2021-03-08 08:00:00,15.45,49.88,56.039577464788735,31.647746478873245
2021-03-08 09:00:00,62.92,89.83,56.01757880617035,31.6554996646546
2021-03-08 10:00:00,84.69,158.0,55.995580147551976,31.663252850435953
2021-03-08 11:00:00,88.69,132.0,55.973581488933604,31.671006036217307
2021-03-08 12:00:00,66.68,120.99,55.95158283031522,31.67875922199866
2021-03-08 13:00:00,50.12,104.64,55.929584171696845,31.686512407780015
2021-03-08 14:00:00,48.0,104.93,55.90758551307847,31.69426559356137
2021-03-08 15:00:00,13.67,77.11,55.885586854460094,31.702018779342726
2021-03-08 16:00:00,14.85,54.84,55.863588195841714,31.70977196512408
2021-03-08 17:00:00,17.71,78.37,55.84158953722334,31.717525150905438
2021-03-08 18:00:00,23.15,71.59,55.81959087860496,31.72527833668679
2021-03-08 19:00:00,12.02,79.05,55.79759221998658,31.733031522468146
2021-03-08 20:00:00,20.27,78.07,55.77559356136821,31.7407847082495
2021-03-08 21:00:00,33.98,65.17,55.75359490274983,31.748537894030854
2021-03-08 22:00:00,30.85,69.08,55.73159624413145,31.756291079812208
2021-03-08 23:00:00,40.27,73.37,55.70959758551308,31.764044265593565
2021-03-09 00:00:00,45.41,84.0,55.6875989268947,31.77179745137492
2021-03-09 01:00:00,27.12,43.0,55.66560026827632,31.779550637156273
2021-03-09 02:00:00,20.57,33.53,55.64360160965795,31.78730382293763
2021-03-09 03:00:00,11.45,34.95,55.62160295103957,31.795057008718985
2021-03-09 04:00:00,11.71,37.58,55.59960429242119,31.80281019450034
2021-03-09 05:00:00,15.42,43.5,55.57760563380282,31.810563380281693
2021-03-09 06:00:00,34.88,77.46,55.55560697518444,31.818316566063046
2021-03-09 07:00:00,43.13,77.32,55.53360831656606,31.8260697518444
2021-03-09 08:00:00,39.71,75.57,55.51160965794769,31.833822937625758
2021-03-09 09:00:00,64.67,125.7,55.48961099932931,31.841576123407112
2021-03-09 10:00:00,81.83,157.87,55.46761234071093,31.84932930918847
2021-03-09 11:00:00,100.28,202.31,55.44561368209256,31.857082494969823
2021-03-09 12:00:00,86.69,183.13,55.42361502347418,31.864835680751177
2021-03-09 13:00:00,40.37,93.75,55.4016163648558,31.87258886653253
2021-03-09 14:00:00,49.26,108.95,55.379617706237426,31.880342052313885
2021-03-09 15:00:00,55.42,125.29,55.357619047619046,31.88809523809524
2021-03-09 16:00:00,56.0,114.0,55.33562038900067,31.895848423876593
2021-03-09 17:00:00,46.59,123.43,55.313621730382295,31.90360160965795
2021-03-09 18:00:00,50.13,121.27,55.291623071763915,31.911354795439305
2021-03-09 19:00:00,56.13,112.92,55.269624413145536,31.919107981220662
2021-03-09 20:00:00,58.71,108.63,55.247625754527164,31.926861167002016
2021-03-09 21:00:00,63.28,111.94,55.225627095908784,31.93461435278337
2021-03-09 22:00:00,69.99,114.58,55.203628437290405,31.942367538564724
2021-03-09 23:00:00,85.55,123.01,55.18162977867203,31.95012072434608
2021-03-10 00:00:00,79.44,121.9,55.15963112005365,31.957873910127432
2021-03-10 01:00:00,79.71,115.38,55.137632461435274,31.96562709590879
2021-03-10 02:00:00,81.71,113.0,55.1156338028169,31.973380281690144
2021-03-10 03:00:00,64.03,90.0,55.09363514419852,31.981133467471498
2021-03-10 04:00:00,44.74,66.33,55.07163648558014,31.988886653252855
2021-03-10 05:00:00,30.01,49.78,55.04963782696177,31.99663983903421
2021-03-10 06:00:00,36.55,63.02,55.02763916834339,32.00439302481556
2021-03-10 07:00:00,72.22,153.0,55.00564050972501,32.01214621059692
2021-03-10 08:00:00,72.01,143.0,54.98364185110664,32.01989939637827
2021-03-10 09:00:00,81.27,155.62,54.96164319248826,32.027652582159625
2021-03-10 10:00:00,90.7,179.44,54.93964453386988,32.035405767940986
2021-03-10 11:00:00,88.58,180.28,54.91764587525151,32.04315895372234
2021-03-10 12:00:00,87.14,183.72,54.89564721663313,32.050912139503694
2021-03-10 13:00:00,61.33,152.75,54.87364855801475,32.05866532528505
2021-03-10 14:00:00,44.17,117.97,54.85164989939638,32.0664185110664
2021-03-10 15:00:00,34.3,90.55,54.829651240778,32.074171696847756
2021-03-10 16:00:00,34.71,97.02,54.80765258215962,32.08192488262911
2021-03-10 17:00:00,40.13,111.72,54.78565392354125,32.089678068410464
2021-03-10 18:00:00,41.86,109.71,54.76365526492287,32.09743125419182
2021-03-10 19:00:00,54.83,115.86,54.74165660630449,32.10518443997317
2021-03-10 20:00:00,51.87,100.7,54.719657947686116,32.112937625754526
2021-03-10 21:00:00,46.72,82.64,54.69765928906774,32.12069081153589
2021-03-10 22:00:00,43.43,82.94,54.67566063044936,32.12844399731724
2021-03-10 23:00:00,55.83,95.0,54.653661971830985,32.136197183098595
2021-03-11 00:00:00,53.72,101.93,54.631663313212606,32.14395036887995
2021-03-11 01:00:00,68.4,108.0,54.609664654594226,32.1517035546613
2021-03-11 02:00:00,49.61,85.99,54.587665995975854,32.15945674044266
2021-03-11 03:00:00,37.45,61.86,54.565667337357475,32.16720992622402
2021-03-11 04:00:00,34.29,52.28,54.543668678739095,32.17496311200537
2021-03-11 05:00:00,27.99,51.79,54.52167002012072,32.182716297786726
2021-03-11 06:00:00,26.14,54.36,54.49967136150235,32.19046948356808
2021-03-11 07:00:00,25.14,58.14,54.477672702883964,32.198222669349434
2021-03-11 08:00:00,38.69,114.81,54.45567404426559,32.20597585513079
2021-03-11 09:00:00,52.09,127.64,54.43367538564722,32.21372904091214
2021-03-11 10:00:00,55.7,116.7,54.41167672702883,32.221482226693496
2021-03-11 11:00:00,45.73,114.5,54.38967806841046,32.22923541247485
2021-03-11 12:00:00,32.02,100.28,54.36767940979209,32.236988598256204
2021-03-11 13:00:00,29.14,89.71,54.3456807511737,32.24474178403756
2021-03-11 14:00:00,24.72,80.11,54.32368209255533,32.25249496981892
2021-03-11 15:00:00,24.86,81.93,54.30168343393696,32.26024815560027
2021-03-11 16:00:00,23.29,77.5,54.27968477531857,32.26800134138163
2021-03-11 17:00:00,21.29,94.09,54.2576861167002,32.27575452716298
2021-03-11 18:00:00,26.99,82.0,54.23568745808183,32.283507712944335
2021-03-11 19:00:00,46.82,81.0,54.21368879946344,32.29126089872569
2021-03-11 20:00:00,31.18,68.42,54.19169014084507,32.29901408450704
2021-03-11 21:00:00,23.72,61.07,54.169691482226696,32.306767270288404
2021-03-11 22:00:00,55.51,78.14,54.14769282360831,32.31452045606976
2021-03-11 23:00:00,33.62,59.33,54.12569416498994,32.32227364185111
2021-03-12 00:00:00,29.0,49.08,54.103695506371565,32.330026827632466
2021-03-12 01:00:00,23.87,42.5,54.081696847753186,32.33778001341382
2021-03-12 02:00:00,17.87,44.14,54.05969818913481,32.345533199195174
2021-03-12 03:00:00,17.86,43.84,54.037699530516434,32.35328638497653
2021-03-12 04:00:00,18.0,40.14,54.015700871898055,32.36103957075788
2021-03-12 05:00:00,17.14,36.43,53.993702213279676,32.368792756539236
2021-03-12 06:00:00,22.13,37.57,53.9717035546613,32.37654594232059
2021-03-12 07:00:00,15.3,29.32,53.949704896042924,32.384299128101944
2021-03-12 08:00:00,18.28,48.23,53.927706237424545,32.392052313883305
2021-03-12 09:00:00,57.5,107.64,53.90570757880617,32.39980549966466
2021-03-12 10:00:00,55.45,99.2,53.88370892018779,32.40755868544601
2021-03-12 11:00:00,37.8,84.35,53.861710261569414,32.41531187122737
2021-03-12 12:00:00,39.28,92.0,53.83971160295104,32.42306505700872
2021-03-12 13:00:00,37.44,87.28,53.81771294433266,32.430818242790075
2021-03-12 14:00:00,34.43,86.0,53.79571428571428,32.438571428571436
2021-03-12 15:00:00,25.47,81.28,53.77371562709591,32.44632461435279
2021-03-12 16:00:00,23.14,70.57,53.75171696847753,32.454077800134144
2021-03-12 17:00:00,23.0,83.72,53.72971830985915,32.4618309859155
2021-03-12 18:00:00,23.86,85.14,53.70771965124078,32.46958417169685
2021-03-12 19:00:00,30.82,78.42,53.6857209926224,32.477337357478206
2021-03-12 20:00:00,29.43,67.9,53.66372233400402,32.48509054325956
2021-03-12 21:00:00,26.44,52.63,53.64172367538565,32.492843729040914
2021-03-12 22:00:00,23.44,44.28,53.61972501676727,32.50059691482227
2021-03-12 23:00:00,31.55,50.1,53.59772635814889,32.50835010060362
2021-03-13 00:00:00,36.42,63.75,53.57572769953052,32.516103286384975
2021-03-13 01:00:00,47.27,84.3,53.55372904091214,32.52385647216634
2021-03-13 02:00:00,59.27,110.0,53.53173038229376,32.53160965794769
2021-03-13 03:00:00,60.14,115.0,53.50973172367539,32.539362843729045
2021-03-13 04:00:00,60.86,106.35,53.48773306505701,32.5471160295104
2021-03-13 05:00:00,58.43,111.08,53.46573440643863,32.55486921529175
2021-03-13 06:00:00,59.71,95.7,53.443735747820256,32.56262240107311
2021-03-13 07:00:00,60.0,89.42,53.421737089201876,32.57037558685447
2021-03-13 08:00:00,64.28,115.73,53.3997384305835,32.57812877263582
2021-03-13 09:00:00,93.23,170.5,53.377739771965125,32.585881958417175
2021-03-13 10:00:00,101.42,205.22,53.355741113346745,32.59363514419853
2021-03-13 11:00:00,78.05,187.7,53.333742454728366,32.60138832997988
2021-03-13 12:00:00,57.75,154.7,53.311743796109994,32.60914151576124
2021-03-13 13:00:00,62.7,149.0,53.289745137491614,32.61689470154259
2021-03-13 14:00:00,35.86,83.0,53.267746478873235,32.624647887323945
2021-03-13 15:00:00,39.55,117.59,53.24574782025486,32.6324010731053
2021-03-13 16:00:00,53.02,136.43,53.22374916163648,32.64015425888665
2021-03-13 17:00:00,62.7,177.52,53.201750503018104,32.64790744466801
2021-03-13 18:00:00,62.29,163.63,53.17975184439973,32.65566063044937
2021-03-13 19:00:00,56.87,137.35,53.15775318578135,32.66341381623072
2021-03-13 20:00:00,54.29,137.5,53.13575452716297,32.671167002012076
2021-03-13 21:00:00,51.43,135.07,53.1137558685446,32.67892018779343
2021-03-13 22:00:00,56.12,132.3,53.09175720992622,32.686673373574784
2021-03-13 23:00:00,64.7,140.43,53.06975855130784,32.69442655935614
2021-03-14 00:00:00,66.0,129.68,53.04775989268947,32.70217974513749
2021-03-14 01:00:00,62.59,139.37,53.02576123407109,32.70993293091885
2021-03-14 02:00:00,74.83,142.22,53.00376257545271,32.71768611670021
2021-03-14 03:00:00,63.36,121.56,52.98176391683434,32.72543930248156
2021-03-14 04:00:00,53.3,103.42,52.95976525821596,32.733192488262915
2021-03-14 05:00:00,51.14,101.57,52.93776659959758,32.74094567404427
2021-03-14 06:00:00,53.57,102.0,52.91576794097921,32.74869885982562
2021-03-14 07:00:00,46.3,96.0,52.89376928236083,32.75645204560698
2021-03-14 08:00:00,69.81,136.88,52.87177062374245,32.76420523138833
2021-03-14 09:00:00,76.57,178.0,52.84977196512408,32.771958417169685
2021-03-14 10:00:00,94.11,189.79,52.8277733065057,32.77971160295104
2021-03-14 11:00:00,132.08,229.16,52.80577464788732,32.78746478873239
2021-03-14 12:00:00,103.78,206.77,52.783775989268946,32.795217974513754
2021-03-14 13:00:00,81.75,180.83,52.76177733065057,32.80297116029511
2021-03-14 14:00:00,61.95,169.57,52.73977867203219,32.81072434607646
2021-03-14 15:00:00,64.13,136.98,52.717780013413815,32.818477531857816
2021-03-14 16:00:00,59.01,118.57,52.69578135479544,32.82623071763917
2021-03-14 17:00:00,50.3,126.22,52.67378269617706,32.833983903420524
2021-03-14 18:00:00,57.55,129.78,52.651784037558684,32.841737089201885
2021-03-14 19:00:00,61.56,132.36,52.62978537894031,32.84949027498324
2021-03-14 20:00:00,67.97,139.0,52.607786720321926,32.85724346076459
2021-03-14 21:00:00,78.41,152.37,52.58578806170355,32.86499664654595
2021-03-14 22:00:00,58.61,109.62,52.56378940308518,32.8727498323273
2021-03-14 23:00:00,49.01,94.65,52.541790744466795,32.880503018108655
2021-03-15 00:00:00,55.67,100.27,52.51979208584842,32.88825620389001
2021-03-15 01:00:00,76.68,134.12,52.49779342723005,32.89600938967136
2021-03-15 02:00:00,61.18,106.97,52.475794768611664,32.90376257545272
2021-03-15 03:00:00,58.0,90.2,52.45379610999329,32.91151576123407
2021-03-15 04:00:00,65.7,105.4,52.43179745137492,32.919268947015425
2021-03-15 05:00:00,49.89,98.28,52.40979879275653,32.927022132796786
2021-03-15 06:00:00,43.58,78.64,52.38780013413816,32.93477531857814
2021-03-15 07:00:00,44.72,81.29,52.36580147551979,32.942528504359494
2021-03-15 08:00:00,47.57,106.5,52.3438028169014,32.95028169014085
2021-03-15 09:00:00,55.7,123.22,52.32180415828303,32.9580348759222
2021-03-15 10:00:00,74.97,146.37,52.29980549966466,32.965788061703556
2021-03-15 11:00:00,75.44,150.43,52.27780684104627,32.97354124748492
2021-03-15 12:00:00,78.41,161.44,52.2558081824279,32.98129443326627
2021-03-15 13:00:00,67.91,164.28,52.233809523809526,32.989047619047625
2021-03-15 14:00:00,59.16,143.48,52.21181086519115,32.99680080482898
2021-03-15 15:00:00,68.23,149.18,52.18981220657277,33.00455399061033
2021-03-15 16:00:00,63.16,152.79,52.167813547954395,33.01230717639169
2021-03-15 17:00:00,47.45,156.15,52.145814889336016,33.02006036217304
2021-03-15 18:00:00,40.72,115.34,52.12381623071764,33.027813547954395
2021-03-15 19:00:00,33.17,93.0,52.101817572099264,33.03556673373575
2021-03-15 20:00:00,29.43,70.35,52.079818913480885,33.0433199195171
2021-03-15 21:00:00,44.35,103.0,52.057820254862506,33.05107310529846
2021-03-15 22:00:00,43.59,81.07,52.03582159624413,33.05882629107982
2021-03-15 23:00:00,44.71,75.0,52.013822937625754,33.06657947686117
2021-03-16 00:00:00,44.15,56.98,51.991824279007375,33.074332662642526
2021-03-16 01:00:00,47.42,66.1,51.969825620389,33.08208584842388
2021-03-16 02:00:00,53.99,79.43,51.94782696177062,33.089839034205234
2021-03-16 03:00:00,46.45,75.71,51.925828303152244,33.09759221998659
2021-03-16 04:00:00,31.31,67.71,51.90382964453387,33.10534540576794
2021-03-16 05:00:00,27.29,67.57,51.88183098591549,33.1130985915493
2021-03-16 06:00:00,30.41,63.3,51.85983232729711,33.12085177733066
2021-03-16 07:00:00,54.1,60.43,51.83783366867874,33.12860496311201
2021-03-16 08:00:00,36.68,78.87,51.81583501006036,33.136358148893365
2021-03-16 09:00:00,33.86,74.0,51.79383635144198,33.14411133467472
2021-03-16 10:00:00,36.56,76.36,51.77183769282361,33.15186452045607
2021-03-16 11:00:00,47.27,96.65,51.74983903420523,33.15961770623743
2021-03-16 12:00:00,49.0,104.27,51.72784037558685,33.16737089201878
2021-03-16 13:00:00,42.16,109.16,51.70584171696848,33.175124077800135
2021-03-16 14:00:00,47.84,117.86,51.6838430583501,33.18287726358149
2021-03-16 15:00:00,49.86,132.53,51.66184439973172,33.19063044936284
2021-03-16 16:00:00,64.56,133.65,51.63984574111335,33.198383635144204
2021-03-16 17:00:00,50.74,151.0,51.61784708249497,33.20613682092556
2021-03-16 18:00:00,37.73,125.06,51.59584842387659,33.21389000670691
2021-03-16 19:00:00,40.27,111.0,51.57384976525822,33.221643192488266
2021-03-16 20:00:00,30.77,96.06,51.55185110663984,33.22939637826962
2021-03-16 21:00:00,37.55,100.62,51.52985244802146,33.23714956405097
2021-03-16 22:00:00,51.83,105.37,51.507853789403086,33.244902749832335
2021-03-16 23:00:00,46.3,102.56,51.48585513078471,33.25265593561369
2021-03-17 00:00:00,50.12,112.53,51.46385647216633,33.26040912139504
2021-03-17 01:00:00,49.29,104.25,51.441857813547955,33.2681623071764
2021-03-17 02:00:00,28.53,79.78,51.419859154929576,33.27591549295775
2021-03-17 03:00:00,27.56,66.17,51.397860496311196,33.283668678739105
2021-03-17 04:00:00,31.42,76.58,51.375861837692824,33.29142186452046
2021-03-17 05:00:00,32.85,87.0,51.353863179074445,33.29917505030181
2021-03-17 06:00:00,33.0,72.12,51.331864520456065,33.306928236083166
2021-03-17 07:00:00,38.99,105.73,51.30986586183769,33.31468142186452
2021-03-17 08:00:00,54.5,216.27,51.287867203219314,33.322434607645874
2021-03-17 09:00:00,49.3,175.85,51.265868544600934,33.330187793427235
2021-03-17 10:00:00,59.09,151.28,51.24386988598256,33.33794097920859
2021-03-17 11:00:00,86.67,195.57,51.22187122736418,33.34569416498994
2021-03-17 12:00:00,63.71,170.47,51.1998725687458,33.3534473507713
2021-03-17 13:00:00,85.52,130.13,51.17787391012743,33.36120053655265
2021-03-17 14:00:00,46.51,118.08,51.15587525150905,33.368953722334005
2021-03-17 15:00:00,44.12,143.0,51.13387659289067,33.376706908115366
2021-03-17 16:00:00,52.7,136.0,51.1118779342723,33.38446009389672
2021-03-17 17:00:00,52.3,152.45,51.08987927565392,33.392213279678074
2021-03-17 18:00:00,53.71,144.42,51.06788061703554,33.39996646545943
2021-03-17 19:00:00,59.97,144.15,51.04588195841717,33.40771965124078
2021-03-17 20:00:00,69.58,166.22,51.02388329979879,33.415472837022136
2021-03-17 21:00:00,78.7,155.55,51.00188464118041,33.42322602280349
2021-03-17 22:00:00,80.0,147.07,50.97988598256204,33.430979208584844
2021-03-17 23:00:00,86.82,150.0,50.95788732394366,33.4387323943662
2021-03-18 00:00:00,96.53,158.1,50.93588866532528,33.44648558014755
2021-03-18 01:00:00,73.25,129.77,50.91389000670691,33.454238765928906
2021-03-18 02:00:00,75.84,133.53,50.89189134808853,33.46199195171027
2021-03-18 03:00:00,30.8,75.9,50.86989268947015,33.46974513749162
2021-03-18 04:00:00,28.12,57.43,50.847894030851776,33.477498323272975
2021-03-18 05:00:00,26.44,71.15,50.825895372233404,33.48525150905433
2021-03-18 06:00:00,28.56,62.42,50.80389671361502,33.49300469483568
2021-03-18 07:00:00,33.28,71.0,50.781898054996645,33.50075788061704
2021-03-18 08:00:00,56.17,127.0,50.75989939637827,33.50851106639839
2021-03-18 09:00:00,89.85,181.83,50.73790073775989,33.51626425217975
2021-03-18 10:00:00,95.0,209.53,50.715902079141514,33.524017437961106
2021-03-18 11:00:00,84.77,215.36,50.69390342052314,33.53177062374246
2021-03-18 12:00:00,72.77,198.7,50.671904761904756,33.539523809523814
2021-03-18 13:00:00,61.59,179.06,50.64990610328638,33.54727699530517
2021-03-18 14:00:00,46.36,151.2,50.62790744466801,33.55503018108652
2021-03-18 15:00:00,49.99,133.0,50.605908786049625,33.562783366867876
2021-03-18 16:00:00,56.97,154.93,50.58391012743125,33.57053655264923
2021-03-18 17:00:00,60.56,153.95,50.56191146881288,33.578289738430584
2021-03-18 18:00:00,48.21,123.8,50.539912810194494,33.58604292421194
2021-03-18 19:00:00,42.58,114.43,50.51791415157612,33.59379610999329
2021-03-18 20:00:00,42.0,106.0,50.49591549295775,33.60154929577465
2021-03-18 21:00:00,45.43,109.0,50.47391683433936,33.60930248155601
2021-03-18 22:00:00,50.28,116.0,50.45191817572099,33.61705566733736
2021-03-18 23:00:00,46.73,102.68,50.42991951710262,33.624808853118715
2021-03-19 00:00:00,29.8,75.42,50.40792085848424,33.63256203890007
2021-03-19 01:00:00,31.27,69.0,50.38592219986586,33.64031522468142
2021-03-19 02:00:00,30.3,59.6,50.36392354124749,33.648068410462784
2021-03-19 03:00:00,28.3,97.73,50.34192488262911,33.65582159624414
2021-03-19 04:00:00,39.94,146.6,50.31992622401073,33.66357478202549
2021-03-19 05:00:00,34.3,149.0,50.29792756539236,33.671327967806846
2021-03-19 06:00:00,32.15,128.63,50.27592890677398,33.6790811535882
2021-03-19 07:00:00,34.56,112.82,50.2539302481556,33.686834339369554
2021-03-19 08:00:00,34.14,119.43,50.231931589537226,33.69458752515091
2021-03-19 09:00:00,66.51,175.45,50.209932930918846,33.70234071093226
2021-03-19 10:00:00,80.56,193.0,50.18793427230047,33.710093896713616
2021-03-19 11:00:00,58.12,174.2,50.165935613682095,33.71784708249497
2021-03-19 12:00:00,54.0,169.0,50.143936955063715,33.725600268276324
2021-03-19 13:00:00,57.583510079171845,175.5,50.121938296445336,33.733353454057685
2021-03-19 14:00:00,43.0,182.0,50.099939637826964,33.74110663983904
2021-03-19 15:00:00,45.57,160.0,50.077940979208584,33.74885982562039
2021-03-19 16:00:00,49.41,164.0,50.055942320590205,33.75661301140175
2021-03-19 17:00:00,44.01,160.85,50.03394366197183,33.7643661971831
2021-03-19 18:00:00,45.56,160.78,50.01194500335345,33.772119382964455
2021-03-19 19:00:00,45.14,160.22,49.989946344735074,33.779872568745816
2021-03-19 20:00:00,51.82,171.0,49.9679476861167,33.78762575452717
2021-03-19 21:00:00,52.15,181.97,49.94594902749832,33.795378940308524
2021-03-19 22:00:00,53.71,171.68,49.92395036887994,33.80313212608988
2021-03-19 23:00:00,47.18,156.67,49.90195171026157,33.81088531187123
2021-03-20 00:00:00,45.14,141.26,49.87995305164319,33.818638497652586
2021-03-20 01:00:00,44.15,129.73,49.85795439302481,33.82639168343394
2021-03-20 02:00:00,46.56,132.7,49.83595573440644,33.834144869215294
2021-03-20 03:00:00,41.87,139.48,49.81395707578806,33.84189805499665
2021-03-20 04:00:00,34.18,132.38,49.79195841716968,33.849651240778
2021-03-20 05:00:00,28.73,125.3,49.76995975855131,33.857404426559356
2021-03-20 06:00:00,30.56,143.0,49.74796109993293,33.86515761234072
2021-03-20 07:00:00,29.29,163.5,49.72596244131455,33.87291079812207
2021-03-20 08:00:00,34.97,184.0,49.70396378269618,33.880663983903425
2021-03-20 09:00:00,54.76,204.5,49.6819651240778,33.88841716968478
2021-03-20 10:00:00,65.7,225.0,49.65996646545942,33.89617035546613
2021-03-20 11:00:00,59.33,215.0,49.63796780684105,33.90392354124749
2021-03-20 12:00:00,48.59,215.0,49.61596914822267,33.91167672702884
2021-03-20 13:00:00,55.53,218.97,49.59397048960429,33.9194299128102
2021-03-20 14:00:00,58.7,253.74,49.571971830985916,33.927183098591556
2021-03-20 15:00:00,54.72,268.6,49.54997317236754,33.93493628437291
2021-03-20 16:00:00,54.85,249.55,49.52797451374916,33.942689470154264
2021-03-20 17:00:00,49.01,213.67,49.505975855130785,33.95044265593562
2021-03-20 18:00:00,48.86,197.14,49.483977196512406,33.95819584171697
2021-03-20 19:00:00,47.3,190.3,49.461978537894026,33.965949027498326
2021-03-20 20:00:00,42.72,186.64,49.439979879275654,33.97370221327968
2021-03-20 21:00:00,47.12,201.0,49.417981220657275,33.98145539906103
2021-03-20 22:00:00,48.85,179.07,49.395982562038895,33.98920858484239
2021-03-20 23:00:00,58.41,166.73,49.37398390342052,33.99696177062374
2021-03-21 00:00:00,49.77,149.33,49.351985244802144,34.0047149564051
2021-03-21 01:00:00,39.47,119.93,49.329986586183765,34.01246814218646
2021-03-21 02:00:00,34.58,106.73,49.30798792756539,34.02022132796781
2021-03-21 03:00:00,31.44,99.52,49.28598926894701,34.027974513749164
2021-03-21 04:00:00,35.28,97.73,49.26399061032864,34.03572769953052
2021-03-21 05:00:00,38.57,103.44,49.24199195171026,34.04348088531187
2021-03-21 06:00:00,48.39,114.47,49.21999329309188,34.05123407109323
2021-03-21 07:00:00,50.0,119.97,49.19799463447351,34.05898725687459
2021-03-21 08:00:00,57.67,136.32,49.17599597585513,34.06674044265594
2021-03-21 09:00:00,75.2,199.53,49.15399731723675,34.074493628437295
2021-03-21 10:00:00,72.01,206.0,49.13199865861838,34.08224681421865
2021-03-21 11:00:00,66.72,212.27,49.11,34.09
2021-03-21 12:00:00,64.3,212.43,45.04,34.68
2021-03-21 13:00:00,58.88,203.99,42.57,35.41
2021-03-21 14:00:00,58.85,199.57,40.2,35.64
2021-03-21 15:00:00,59.0,181.2,37.39,35.95
2021-03-21 16:00:00,61.56,172.08,41.75,35.35
2021-03-21 17:00:00,63.7,176.48,53.62,31.91
2021-03-21 18:00:00,60.59,176.43,66.05,29.9
2021-03-21 19:00:00,51.45,164.0,75.47,28.18
2021-03-21 20:00:00,53.41,168.7,81.21,26.8
2021-03-21 21:00:00,62.53,166.87,85.97,25.79
2021-03-21 22:00:00,52.91,147.98,89.52,25.25
2021-03-21 23:00:00,46.72,127.33,91.86,24.9
2021-03-22 00:00:00,52.82,121.44,92.32,24.41
2021-03-22 01:00:00,49.73,128.05,90.91,24.89
2021-03-22 02:00:00,58.41,139.63,90.56,25.03
2021-03-22 03:00:00,54.88,135.22,93.69,24.34
2021-03-22 04:00:00,48.03,114.25,91.33,23.16
2021-03-22 05:00:00,43.59,98.51,85.46857142857142,24.787142857142857
2021-03-22 06:00:00,54.12,99.7,79.60714285714286,26.414285714285715
2021-03-22 07:00:00,49.16,93.17,73.74571428571429,28.04142857142857
2021-03-22 08:00:00,55.68,97.25,67.88428571428571,29.668571428571425
2021-03-22 09:00:00,65.53,162.0,62.02285714285714,31.295714285714283
2021-03-22 10:00:00,65.29,151.0,56.16142857142857,32.92285714285714
2021-03-22 11:00:00,75.23,175.28,50.3,34.55
2021-03-22 12:00:00,79.57,174.17,50.306696969696965,34.550446969696964
2021-03-22 13:00:00,80.85,151.63,50.31339393939394,34.55089393939394
2021-03-22 14:00:00,63.03,135.03,50.32009090909091,34.551340909090904
2021-03-22 15:00:00,53.16,127.3,50.326787878787876,34.55178787878788
2021-03-22 16:00:00,58.82,131.66,50.333484848484844,34.552234848484844
2021-03-22 17:00:00,63.41,122.68,50.34018181818182,34.55268181818182
2021-03-22 18:00:00,46.95,112.73,50.34687878787879,34.553128787878784
2021-03-22 19:00:00,44.0,138.42,50.353575757575754,34.55357575757576
2021-03-22 20:00:00,44.85,107.62,50.36027272727272,34.554022727272724
2021-03-22 21:00:00,48.42,115.8,50.3669696969697,34.5544696969697
2021-03-22 22:00:00,51.56,110.82,50.373666666666665,34.554916666666664
2021-03-22 23:00:00,51.15,95.0,50.38036363636363,34.55536363636363
2021-03-23 00:00:00,48.44,95.78,50.3870606060606,34.555810606060604
2021-03-23 01:00:00,45.44,103.05,50.393757575757576,34.55625757575757
2021-03-23 02:00:00,46.7,92.47,50.400454545454544,34.556704545454544
2021-03-23 03:00:00,49.57,88.22,50.40715151515151,34.55715151515151
2021-03-23 04:00:00,50.0,79.38,50.41384848484848,34.557598484848484
2021-03-23 05:00:00,46.59,78.7,50.420545454545454,34.55804545454545
2021-03-23 06:00:00,51.97,96.51,50.42724242424242,34.558492424242424
2021-03-23 07:00:00,75.17,129.2,50.43393939393939,34.55893939393939
2021-03-23 08:00:00,91.83,149.53,50.44063636363636,34.559386363636364
2021-03-23 09:00:00,82.1,149.87,50.44733333333333,34.55983333333333
2021-03-23 10:00:00,74.03,146.65,50.4540303030303,34.560280303030304
2021-03-23 11:00:00,62.73,112.0,50.46072727272727,34.56072727272727
2021-03-23 12:00:00,55.88,110.43,50.46742424242424,34.56117424242424
2021-03-23 13:00:00,58.41,109.22,50.47412121212121,34.56162121212121
2021-03-23 14:00:00,59.0,105.07,50.48081818181818,34.56206818181818
2021-03-23 15:00:00,55.59,112.62,50.48751515151515,34.56251515151515
2021-03-23 16:00:00,47.33,98.55,50.494212121212115,34.56296212121212
2021-03-23 17:00:00,41.73,100.8,50.50090909090909,34.56340909090909
2021-03-23 18:00:00,50.38,117.75,50.50760606060606,34.56385606060606
2021-03-23 19:00:00,50.3,115.52,50.514303030303026,34.56430303030303
2021-03-23 20:00:00,43.18,83.45,50.521,34.56475
2021-03-23 21:00:00,49.7,97.64,50.52769696969697,34.56519696969697
2021-03-23 22:00:00,59.5,106.35,50.53439393939394,34.56564393939394
2021-03-23 23:00:00,53.3,84.0,50.541090909090904,34.5660909090909
2021-03-24 00:00:00,49.44,79.0,50.54778787878788,34.56653787878788
2021-03-24 01:00:00,53.27,73.0,50.55448484848485,34.56698484848484
2021-03-24 02:00:00,57.4,86.32,50.561181818181815,34.56743181818182
2021-03-24 03:00:00,66.53,106.45,50.56787878787878,34.56787878787878
2021-03-24 04:00:00,79.12,132.93,50.57457575757576,34.56832575757576
2021-03-24 05:00:00,85.27,129.6,50.581272727272726,34.56877272727272
2021-03-24 06:00:00,71.55,117.94,50.587969696969694,34.5692196969697
2021-03-24 07:00:00,75.82,129.8,50.59466666666666,34.56966666666666
2021-03-24 08:00:00,79.56,132.65,50.60136363636364,34.57011363636364
2021-03-24 09:00:00,90.24,171.03,50.608060606060604,34.5705606060606
2021-03-24 10:00:00,88.59,182.0,50.61475757575757,34.57100757575758
2021-03-24 11:00:00,87.15,172.0,50.62145454545454,34.57145454545454
2021-03-24 12:00:00,84.44,173.57,50.628151515151515,34.57190151515151
2021-03-24 13:00:00,77.18,145.02,50.63484848484848,34.57234848484848
2021-03-24 14:00:00,72.58,139.25,50.64154545454545,34.57279545454545
2021-03-24 15:00:00,78.84,153.34,50.64824242424242,34.57324242424242
2021-03-24 16:00:00,70.62,160.47,50.654939393939394,34.57368939393939
2021-03-24 17:00:00,69.0,135.38,50.66163636363636,34.57413636363636
2021-03-24 18:00:00,63.87,126.73,50.66833333333333,34.57458333333333
2021-03-24 19:00:00,71.53,139.1,50.6750303030303,34.5750303030303
2021-03-24 20:00:00,72.15,121.0,50.68172727272727,34.57547727272727
2021-03-24 21:00:00,63.47,108.0,50.68842424242424,34.57592424242424
2021-03-24 22:00:00,72.23,133.07,50.69512121212121,34.57637121212121
2021-03-24 23:00:00,86.83,175.12,50.701818181818176,34.576818181818176
2021-03-25 00:00:00,95.82,185.0,50.70851515151515,34.57726515151515
2021-03-25 01:00:00,87.62,154.56,50.71521212121212,34.577712121212116
2021-03-25 02:00:00,68.09,126.17,50.72190909090909,34.57815909090909
2021-03-25 03:00:00,58.18,94.55,50.728606060606054,34.578606060606056
2021-03-25 04:00:00,39.95,76.68,50.73530303030303,34.57905303030303
2021-03-25 05:00:00,38.7,79.27,50.742,34.579499999999996
2021-03-25 06:00:00,44.97,95.1,50.748696969696965,34.57994696969697
2021-03-25 07:00:00,59.69,125.0,50.75539393939394,34.580393939393936
2021-03-25 08:00:00,60.3,121.87,50.76209090909091,34.58084090909091
2021-03-25 09:00:00,48.06,129.62,50.768787878787876,34.581287878787876
2021-03-25 10:00:00,51.97,157.07,50.775484848484844,34.58173484848484
2021-03-25 11:00:00,67.51,189.85,50.78218181818182,34.582181818181816
2021-03-25 12:00:00,57.21,132.0,50.78887878787879,34.58262878787878
2021-03-25 13:00:00,54.15,131.44,50.795575757575754,34.583075757575756
2021-03-25 14:00:00,39.5,113.6,50.80227272727272,34.58352272727272
2021-03-25 15:00:00,24.21,98.0,50.8089696969697,34.583969696969696
2021-03-25 16:00:00,16.87,73.0,50.815666666666665,34.58441666666666
2021-03-25 17:00:00,11.73,62.03,50.82236363636363,34.584863636363636
2021-03-25 18:00:00,6.72,28.0,50.8290606060606,34.5853106060606
2021-03-25 19:00:00,6.0,31.37,50.835757575757576,34.585757575757576
2021-03-25 20:00:00,11.12,23.03,50.842454545454544,34.58620454545454
2021-03-25 21:00:00,48.67,99.9,50.84915151515151,34.586651515151516
2021-03-25 22:00:00,54.15,114.19,50.85584848484848,34.58709848484848
2021-03-25 23:00:00,47.18,112.0,50.862545454545455,34.58754545454545
2021-03-26 00:00:00,49.4,103.41,50.86924242424242,34.58799242424242
2021-03-26 01:00:00,62.75,119.0,50.87593939393939,34.58843939393939
2021-03-26 02:00:00,62.44,119.78,50.88263636363636,34.58888636363636
2021-03-26 03:00:00,70.53,148.2,50.88933333333333,34.58933333333333
2021-03-26 04:00:00,64.35,131.72,50.8960303030303,34.5897803030303
2021-03-26 05:00:00,53.62,103.14,50.90272727272727,34.59022727272727
2021-03-26 06:00:00,57.97,102.61,50.90942424242424,34.59067424242424
2021-03-26 07:00:00,66.67,220.18,50.91612121212121,34.59112121212121
2021-03-26 08:00:00,54.36,163.02,50.92281818181818,34.59156818181818
2021-03-26 09:00:00,86.11,204.35,50.92951515151515,34.59201515151515
2021-03-26 10:00:00,86.03,196.37,50.936212121212115,34.592462121212115
2021-03-26 11:00:00,60.27,164.72,50.94290909090909,34.59290909090909
2021-03-26 12:00:00,46.65,129.9,50.94960606060606,34.593356060606055
2021-03-26 13:00:00,65.47,129.81,50.956303030303026,34.59380303030303
2021-03-26 14:00:00,41.71,111.7,50.962999999999994,34.594249999999995
2021-03-26 15:00:00,55.76,138.9,50.96969696969697,34.59469696969697
2021-03-26 16:00:00,63.27,144.88,50.97639393939394,34.595143939393935
2021-03-26 17:00:00,48.65,121.0,50.983090909090905,34.59559090909091
2021-03-26 18:00:00,40.88,131.97,50.98978787878788,34.596037878787875
2021-03-26 19:00:00,61.32,182.0,50.99648484848485,34.59648484848485
2021-03-26 20:00:00,42.83,110.19,51.003181818181815,34.596931818181815
2021-03-26 21:00:00,42.41,106.39,51.00987878787878,34.59737878787879
2021-03-26 22:00:00,44.7,100.85,51.01657575757576,34.597825757575755
2021-03-26 23:00:00,54.41,100.84,51.023272727272726,34.59827272727272
2021-03-27 00:00:00,61.12,117.05,51.029969696969694,34.598719696969695
2021-03-27 01:00:00,55.18,96.02,51.03666666666666,34.59916666666666
2021-03-27 02:00:00,63.38,100.71,51.04336363636364,34.599613636363635
2021-03-27 03:00:00,55.59,95.38,51.050060606060605,34.6000606060606
2021-03-27 04:00:00,62.53,98.0,51.05675757575757,34.600507575757575
2021-03-27 05:00:00,79.35,143.0,51.06345454545454,34.60095454545454
2021-03-27 06:00:00,70.06,126.55,51.070151515151515,34.601401515151515
2021-03-27 07:00:00,76.53,150.98,51.07684848484848,34.60184848484848
2021-03-27 08:00:00,84.82,158.44,51.08354545454545,34.602295454545455
2021-03-27 09:00:00,73.21,154.03,51.09024242424242,34.60274242424242
2021-03-27 10:00:00,73.86,170.02,51.096939393939394,34.60318939393939
2021-03-27 11:00:00,64.70870598618649,186.01,51.10363636363636,34.60363636363636
2021-03-27 12:00:00,80.0,202.0,51.11033333333333,34.60408333333333
2021-03-27 13:00:00,69.77,171.56,51.1170303030303,34.6045303030303
2021-03-27 14:00:00,55.21,130.22,51.12372727272727,34.60497727272727
2021-03-27 15:00:00,54.7,172.0,51.13042424242424,34.60542424242424
2021-03-27 16:00:00,68.64,199.42,51.13712121212121,34.60587121212121
2021-03-27 17:00:00,65.03,190.61,51.143818181818176,34.60631818181818
2021-03-27 18:00:00,53.77,149.97,51.15051515151515,34.60676515151515
2021-03-27 19:00:00,46.03,128.25,51.15721212121212,34.60721212121212
2021-03-27 20:00:00,41.59,119.95,51.16390909090909,34.60765909090909
2021-03-27 21:00:00,42.7,123.81,51.170606060606055,34.608106060606055
2021-03-27 22:00:00,66.03,148.63,51.17730303030303,34.60855303030303
2021-03-27 23:00:00,118.61,201.22,51.184,34.608999999999995
2021-03-28 00:00:00,119.35,197.61,51.190696969696965,34.60944696969697
2021-03-28 01:00:00,144.44,210.17,51.19739393939394,34.609893939393935
2021-03-28 02:00:00,118.2,182.22,51.20409090909091,34.61034090909091
2021-03-28 03:00:00,88.27,133.0,51.210787878787876,34.610787878787875
2021-03-28 04:00:00,87.41,155.72,51.217484848484844,34.61123484848485
2021-03-28 05:00:00,94.82,158.1,51.22418181818182,34.611681818181815
2021-03-28 06:00:00,96.0,153.88,51.23087878787879,34.61212878787879
2021-03-28 07:00:00,86.62,161.59,51.237575757575755,34.612575757575755
2021-03-28 08:00:00,85.0,180.39,51.24427272727272,34.61302272727273
2021-03-28 09:00:00,119.97,260.98,51.2509696969697,34.613469696969695
2021-03-28 10:00:00,124.3,287.0,51.257666666666665,34.61391666666666
2021-03-28 11:00:00,98.33,236.08,51.26436363636363,34.614363636363635
2021-03-28 12:00:00,76.09,197.06,51.2710606060606,34.6148106060606
2021-03-28 13:00:00,65.33,175.74,51.277757575757576,34.615257575757575
2021-03-28 14:00:00,54.62,136.53,51.284454545454544,34.61570454545454
2021-03-28 15:00:00,49.59,121.32,51.29115151515151,34.616151515151515
2021-03-28 16:00:00,50.71,124.7,51.29784848484848,34.61659848484848
2021-03-28 17:00:00,42.47,123.0,51.304545454545455,34.617045454545455
2021-03-28 18:00:00,41.0,123.78,51.31124242424242,34.61749242424242
2021-03-28 19:00:00,38.43,124.56,51.31793939393939,34.617939393939395
2021-03-28 20:00:00,41.4,125.0,51.32463636363636,34.61838636363636
2021-03-28 21:00:00,45.41,115.6,51.33133333333333,34.61883333333333
2021-03-28 22:00:00,55.38,120.83,51.3380303030303,34.6192803030303
2021-03-28 23:00:00,72.35,131.62,51.34472727272727,34.61972727272727
2021-03-29 00:00:00,86.09,150.38,51.35142424242424,34.62017424242424
2021-03-29 01:00:00,110.17,171.39,51.35812121212121,34.62062121212121
2021-03-29 02:00:00,117.4,185.0,51.36481818181818,34.62106818181818
2021-03-29 03:00:00,119.7,177.97,51.37151515151515,34.62151515151515
2021-03-29 04:00:00,119.15,173.66,51.378212121212115,34.62196212121212
2021-03-29 05:00:00,95.9,146.46,51.38490909090909,34.62240909090909
2021-03-29 06:00:00,82.65,118.7,51.39160606060606,34.62285606060606
2021-03-29 07:00:00,66.55,102.07,51.398303030303026,34.62330303030303
2021-03-29 08:00:00,65.7,110.71,51.405,34.62375
2021-03-29 09:00:00,110.34,163.3,51.41169696969697,34.62419696969697
2021-03-29 10:00:00,112.05,204.9,51.41839393939394,34.624643939393934
2021-03-29 11:00:00,106.73,205.22,51.425090909090905,34.62509090909091
2021-03-29 12:00:00,96.62,188.61,51.43178787878788,34.625537878787874
2021-03-29 13:00:00,99.27,186.35,51.43848484848485,34.62598484848485
2021-03-29 14:00:00,66.85,156.56,51.445181818181815,34.626431818181814
2021-03-29 15:00:00,51.62,130.0,51.45187878787878,34.62687878787879
2021-03-29 16:00:00,43.16,122.17,51.45857575757576,34.627325757575754
2021-03-29 17:00:00,27.55,109.07,51.465272727272726,34.62777272727273
2021-03-29 18:00:00,25.0,88.06,51.471969696969694,34.628219696969694
2021-03-29 19:00:00,23.3,86.9,51.47866666666666,34.62866666666667
2021-03-29 20:00:00,25.56,82.52,51.48536363636364,34.629113636363634
2021-03-29 21:00:00,24.3,75.39,51.492060606060605,34.6295606060606
2021-03-29 22:00:00,21.45,60.85,51.49875757575757,34.630007575757574
2021-03-29 23:00:00,27.82,63.48,51.50545454545454,34.63045454545454
2021-03-30 00:00:00,27.3,65.0,51.512151515151515,34.630901515151514
2021-03-30 01:00:00,26.15,57.2,51.51884848484848,34.63134848484848
2021-03-30 02:00:00,24.3,51.1,51.52554545454545,34.631795454545454
2021-03-30 03:00:00,24.0,50.0,51.53224242424242,34.63224242424242
2021-03-30 04:00:00,23.15,53.13,51.538939393939394,34.632689393939394
2021-03-30 05:00:00,20.44,48.95,51.54563636363636,34.63313636363636
2021-03-30 06:00:00,20.0,41.88,51.55233333333333,34.633583333333334
2021-03-30 07:00:00,24.27,41.78,51.5590303030303,34.6340303030303
2021-03-30 08:00:00,25.0,62.0,51.56572727272727,34.63447727272727
2021-03-30 09:00:00,32.67,93.0,51.57242424242424,34.63492424242424
2021-03-30 10:00:00,33.15,93.0,51.57912121212121,34.63537121212121
2021-03-30 11:00:00,24.47,90.66,51.585818181818176,34.63581818181818
2021-03-30 12:00:00,27.25,94.68,51.59251515151515,34.63626515151515
2021-03-30 13:00:00,22.88,88.63,51.59921212121212,34.63671212121212
2021-03-30 14:00:00,20.3,76.2,51.60590909090909,34.63715909090909
2021-03-30 15:00:00,16.59,62.38,51.612606060606055,34.63760606060606
2021-03-30 16:00:00,15.15,56.1,51.61930303030303,34.63805303030303
2021-03-30 17:00:00,10.75,51.88,51.626,34.6385
2021-03-30 18:00:00,15.95,51.78,51.632696969696966,34.63894696969697
2021-03-30 19:00:00,15.29,71.0,51.63939393939394,34.63939393939394
2021-03-30 20:00:00,20.95,72.56,51.64609090909091,34.63984090909091
2021-03-30 21:00:00,22.85,69.1,51.652787878787876,34.64028787878787
2021-03-30 22:00:00,26.41,71.9,51.659484848484844,34.64073484848485
2021-03-30 23:00:00,21.05,59.73,51.66618181818182,34.64118181818181
2021-03-31 00:00:00,17.45,51.32,51.67287878787879,34.64162878787879
2021-03-31 01:00:00,23.82,46.88,51.679575757575755,34.64207575757575
2021-03-31 02:00:00,14.8,38.98,51.68627272727272,34.64252272727273
2021-03-31 03:00:00,13.0,38.0,51.6929696969697,34.64296969696969
2021-03-31 04:00:00,15.55,35.75,51.699666666666666,34.64341666666667
2021-03-31 05:00:00,14.29,34.0,51.70636363636363,34.64386363636363
2021-03-31 06:00:00,14.0,33.44,51.7130606060606,34.64431060606061
2021-03-31 07:00:00,13.15,35.34,51.719757575757576,34.64475757575757
2021-03-31 08:00:00,17.25,46.93,51.726454545454544,34.64520454545454
2021-03-31 09:00:00,23.97,75.0,51.73315151515151,34.64565151515151
2021-03-31 10:00:00,24.15,78.12,51.73984848484848,34.64609848484848
2021-03-31 11:00:00,26.56,98.0,51.746545454545455,34.64654545454545
2021-03-31 12:00:00,24.43,100.0,51.75324242424242,34.64699242424242
2021-03-31 13:00:00,20.92384273541515,97.75,51.75993939393939,34.64743939393939
2021-03-31 14:00:00,18.17874535420152,92.1,51.76663636363636,34.64788636363636
2021-03-31 15:00:00,19.0,91.78,51.77333333333333,34.64833333333333
2021-03-31 16:00:00,20.7,95.9,51.7800303030303,34.6487803030303
2021-03-31 17:00:00,25.25,98.0,51.78672727272727,34.64922727272727
2021-03-31 18:00:00,24.3,96.44,51.79342424242424,34.64967424242424
2021-03-31 19:00:00,25.7,97.69,51.80012121212121,34.650121212121206
2021-03-31 20:00:00,30.27,104.46,51.80681818181818,34.65056818181818
2021-03-31 21:00:00,28.44,99.75,51.81351515151515,34.651015151515146
2021-03-31 22:00:00,31.4,90.06,51.820212121212116,34.65146212121212
2021-03-31 23:00:00,27.75,81.66,51.82690909090909,34.651909090909086
2021-04-01 00:00:00,23.6,81.0,51.83360606060606,34.65235606060606
2021-04-01 01:00:00,25.55,79.0,51.840303030303026,34.652803030303026
2021-04-01 02:00:00,26.0,77.0,51.846999999999994,34.65325
2021-04-01 03:00:00,49.02,107.44,51.85369696969697,34.653696969696966
2021-04-01 04:00:00,37.0,112.0,51.86039393939394,34.65414393939394
2021-04-01 05:00:00,38.7,121.37,51.867090909090905,34.654590909090906
2021-04-01 06:00:00,35.59,115.41,51.87378787878788,34.65503787878788
2021-04-01 07:00:00,31.59,111.44,51.88048484848485,34.655484848484846
2021-04-01 08:00:00,42.09,131.2,51.887181818181816,34.65593181818181
2021-04-01 09:00:00,41.45,148.13,51.89387878787878,34.656378787878786
2021-04-01 10:00:00,50.38,168.44,51.90057575757576,34.65682575757575
2021-04-01 11:00:00,50.3,201.95,51.907272727272726,34.657272727272726
2021-04-01 12:00:00,55.97,214.28,51.913969696969694,34.65771969696969
2021-04-01 13:00:00,48.47,214.0,51.92066666666666,34.658166666666666
2021-04-01 14:00:00,45.8,207.0,51.92736363636364,34.65861363636363
2021-04-01 15:00:00,41.0,200.0,51.934060606060605,34.659060606060606
2021-04-01 16:00:00,44.4,201.0,51.94075757575757,34.65950757575757
2021-04-01 17:00:00,42.44,207.0,51.94745454545454,34.659954545454546
2021-04-01 18:00:00,47.1,200.83,51.954151515151516,34.66040151515151
2021-04-01 19:00:00,48.85,208.49,51.96084848484848,34.66084848484848
2021-04-01 20:00:00,51.55,205.75,51.96754545454545,34.66129545454545
2021-04-01 21:00:00,50.3,200.88,51.97424242424242,34.66174242424242
2021-04-01 22:00:00,45.73,188.0,51.980939393939394,34.66218939393939
2021-04-01 23:00:00,49.25,197.0,51.98763636363636,34.66263636363636
2021-04-02 00:00:00,45.75,195.44,51.99433333333333,34.66308333333333
2021-04-02 01:00:00,43.3,179.44,52.0010303030303,34.6635303030303
2021-04-02 02:00:00,43.86,168.75,52.00772727272727,34.66397727272727
2021-04-02 03:00:00,43.15,163.1,52.01442424242424,34.66442424242424
2021-04-02 04:00:00,40.44,147.22,52.02112121212121,34.66487121212121
2021-04-02 05:00:00,40.0,141.33,52.027818181818176,34.66531818181818
2021-04-02 06:00:00,34.03,136.11,52.03451515151515,34.66576515151515
2021-04-02 07:00:00,43.23,155.56,52.04121212121212,34.66621212121212
2021-04-02 08:00:00,56.05,232.25,52.04790909090909,34.666659090909086
2021-04-02 09:00:00,55.45,229.37,52.054606060606055,34.66710606060606
2021-04-02 10:00:00,52.44,212.08,52.06130303030303,34.667553030303026
2021-04-02 11:00:00,57.95,212.11,52.068,34.668
2021-04-02 12:00:00,57.3,223.89,52.074696969696966,34.668446969696966
2021-04-02 13:00:00,47.62,212.18,52.081393939393934,34.66889393939394
2021-04-02 14:00:00,43.44,197.11,52.08809090909091,34.669340909090906
2021-04-02 15:00:00,37.9,202.56,52.094787878787876,34.66978787878788
2021-04-02 16:00:00,39.56,202.67,52.101484848484844,34.670234848484846
2021-04-02 17:00:00,38.3,202.78,52.10818181818182,34.67068181818182
2021-04-02 18:00:00,38.85,199.1,52.11487878787879,34.671128787878786
2021-04-02 19:00:00,37.3,190.7,52.121575757575755,34.67157575757575
2021-04-02 20:00:00,36.15,181.63,52.12827272727272,34.672022727272726
2021-04-02 21:00:00,36.85,168.82,52.1349696969697,34.67246969696969
2021-04-02 22:00:00,37.85,155.07,52.141666666666666,34.672916666666666
2021-04-02 23:00:00,34.6,139.51,52.148363636363634,34.67336363636363
2021-04-03 00:00:00,34.0,132.0,52.1550606060606,34.673810606060606
2021-04-03 01:00:00,30.59,126.53,52.161757575757576,34.67425757575757
2021-04-03 02:00:00,31.7,129.68,52.168454545454544,34.674704545454546
2021-04-03 03:00:00,33.7,129.44,52.17515151515151,34.67515151515151
2021-04-03 04:00:00,31.45,121.19,52.18184848484848,34.675598484848486
2021-04-03 05:00:00,37.84,118.0,52.188545454545455,34.67604545454545
2021-04-03 06:00:00,38.15,115.65,52.19524242424242,34.67649242424242
2021-04-03 07:00:00,33.73,112.66,52.20193939393939,34.67693939393939
2021-04-03 08:00:00,33.86,116.7,52.20863636363636,34.67738636363636
2021-04-03 09:00:00,43.38,181.0,52.215333333333334,34.67783333333333
2021-04-03 10:00:00,66.25,217.56,52.2220303030303,34.6782803030303
2021-04-03 11:00:00,74.25,249.07,52.22872727272727,34.67872727272727
2021-04-03 12:00:00,46.01,185.0,52.23542424242424,34.67917424242424
2021-04-03 13:00:00,35.9,174.9,52.24212121212121,34.67962121212121
2021-04-03 14:00:00,35.0,160.26,52.24881818181818,34.68006818181818
2021-04-03 15:00:00,28.2,148.75,52.25551515151515,34.68051515151515
2021-04-03 16:00:00,27.0,139.0,52.262212121212116,34.68096212121212
2021-04-03 17:00:00,28.7,126.51,52.26890909090909,34.68140909090909
2021-04-03 18:00:00,25.59,112.07,52.27560606060606,34.68185606060606
2021-04-03 19:00:00,22.44,106.0,52.28230303030303,34.682303030303025
2021-04-03 20:00:00,24.55,104.44,52.289,34.68275
2021-04-03 21:00:00,21.6,97.75,52.29569696969697,34.683196969696965
2021-04-03 22:00:00,22.7,91.32,52.30239393939394,34.68364393939394
2021-04-03 23:00:00,18.73,88.44,52.309090909090905,34.684090909090905
2021-04-04 00:00:00,23.95,91.34,52.31578787878787,34.68453787878788
2021-04-04 01:00:00,26.7,92.88,52.32248484848485,34.684984848484845
2021-04-04 02:00:00,23.59,88.1,52.329181818181816,34.68543181818182
2021-04-04 03:00:00,26.4,89.0,52.335878787878784,34.685878787878785
2021-04-04 04:00:00,19.32,78.08,52.34257575757576,34.68632575757576
2021-04-04 05:00:00,34.2,96.0,52.34927272727273,34.686772727272725
2021-04-04 06:00:00,34.45,116.78,52.355969696969694,34.68721969696969
2021-04-04 07:00:00,29.73,157.69,52.36266666666666,34.687666666666665
2021-04-04 08:00:00,31.55,160.22,52.36936363636364,34.68811363636363
2021-04-04 09:00:00,36.25,146.22,52.376060606060605,34.688560606060605
2021-04-04 10:00:00,36.15,137.0,52.38275757575757,34.68900757575757
2021-04-04 11:00:00,32.59,142.46,52.38945454545454,34.689454545454545
2021-04-04 12:00:00,37.1,160.39,52.396151515151516,34.68990151515151
2021-04-04 13:00:00,32.88,144.72,52.402848484848484,34.690348484848485
2021-04-04 14:00:00,26.9,127.29,52.40954545454545,34.69079545454545
2021-04-04 15:00:00,26.85,127.4,52.41624242424242,34.691242424242425
2021-04-04 16:00:00,24.45,123.75,52.422939393939394,34.69168939393939
2021-04-04 17:00:00,23.15,126.68,52.42963636363636,34.692136363636365
2021-04-04 18:00:00,27.27,123.32,52.43633333333333,34.69258333333333
2021-04-04 19:00:00,24.59,117.32,52.4430303030303,34.6930303030303
2021-04-04 20:00:00,23.15,108.19,52.44972727272727,34.69347727272727
2021-04-04 21:00:00,26.41,101.32,52.45642424242424,34.69392424242424
2021-04-04 22:00:00,26.15,90.63,52.46312121212121,34.69437121212121
2021-04-04 23:00:00,26.85,86.88,52.46981818181818,34.69481818181818
2021-04-05 00:00:00,22.75,80.0,52.47651515151515,34.69526515151515
2021-04-05 01:00:00,22.85,78.44,52.48321212121212,34.69571212121212
2021-04-05 02:00:00,18.73,71.0,52.48990909090909,34.69615909090909
2021-04-05 03:00:00,16.3,65.0,52.496606060606055,34.69660606060606
2021-04-05 04:00:00,16.0,60.0,52.50330303030303,34.69705303030303
2021-04-05 05:00:00,18.58,58.87,52.51,34.6975
2021-04-05 06:00:00,22.4,54.11,52.516696969696966,34.697946969696964
2021-04-05 07:00:00,23.0,52.22,52.52339393939394,34.69839393939394
2021-04-05 08:00:00,19.59,67.6,52.53009090909091,34.698840909090904
2021-04-05 09:00:00,22.4,79.03,52.53678787878788,34.69928787878788
2021-04-05 10:00:00,22.15,90.0,52.543484848484844,34.699734848484844
2021-04-05 11:00:00,29.65,109.44,52.55018181818182,34.70018181818182
2021-04-05 12:00:00,31.0,120.49,52.55687878787879,34.700628787878784
2021-04-05 13:00:00,24.2,108.74,52.563575757575755,34.70107575757576
2021-04-05 14:00:00,23.0,104.22,52.57027272727272,34.701522727272724
2021-04-05 15:00:00,22.15,109.46,52.5769696969697,34.7019696969697
2021-04-05 16:00:00,18.6,119.0,52.583666666666666,34.702416666666664
2021-04-05 17:00:00,19.7,118.22,52.590363636363634,34.70286363636363
2021-04-05 18:00:00,18.3,101.67,52.5970606060606,34.703310606060604
2021-04-05 19:00:00,18.0,95.34,52.60375757575758,34.70375757575757
2021-04-05 20:00:00,19.7,89.32,52.610454545454544,34.704204545454544
2021-04-05 21:00:00,22.55,96.59,52.61715151515151,34.70465151515151
2021-04-05 22:00:00,25.55,89.64,52.62384848484848,34.705098484848484
2021-04-05 23:00:00,32.8,87.78,52.630545454545455,34.70554545454545
2021-04-06 00:00:00,28.05,78.67,52.63724242424242,34.705992424242424
2021-04-06 01:00:00,25.3,73.0,52.64393939393939,34.70643939393939
2021-04-06 02:00:00,24.15,73.0,52.65063636363636,34.706886363636364
2021-04-06 03:00:00,24.85,80.03,52.657333333333334,34.70733333333333
2021-04-06 04:00:00,21.59,71.85,52.6640303030303,34.707780303030304
2021-04-06 05:00:00,22.7,60.0,52.67072727272727,34.70822727272727
2021-04-06 06:00:00,27.25,60.78,52.67742424242424,34.70867424242424
2021-04-06 07:00:00,31.4,78.95,52.68412121212121,34.70912121212121
2021-04-06 08:00:00,29.44,79.0,52.69081818181818,34.70956818181818
2021-04-06 09:00:00,34.12,95.33,52.69751515151515,34.71001515151515
2021-04-06 10:00:00,38.4,121.0,52.704212121212116,34.71046212121212
2021-04-06 11:00:00,56.05,162.78,52.71090909090909,34.71090909090909
2021-04-06 12:00:00,57.3,165.0,52.71760606060606,34.71135606060606
2021-04-06 13:00:00,49.35,349.21,52.72430303030303,34.71180303030303
2021-04-06 14:00:00,37.8,191.81,52.730999999999995,34.71225
2021-04-06 15:00:00,39.4,140.78,52.73769696969697,34.71269696969697
2021-04-06 16:00:00,50.23,145.32,52.74439393939394,34.71314393939394
2021-04-06 17:00:00,31.6,89.0,52.751090909090905,34.713590909090904
2021-04-06 18:00:00,25.45,98.0,52.75778787878788,34.71403787878788
2021-04-06 19:00:00,24.15,107.37,52.76448484848485,34.714484848484844
2021-04-06 20:00:00,30.82,106.89,52.771181818181816,34.71493181818182
2021-04-06 21:00:00,26.9,84.92,52.777878787878784,34.715378787878784
2021-04-06 22:00:00,20.9,68.85,52.78457575757576,34.71582575757576
2021-04-06 23:00:00,26.8,71.0,52.79127272727273,34.716272727272724
2021-04-07 00:00:00,32.25,76.56,52.797969696969695,34.7167196969697
2021-04-07 01:00:00,23.62,72.33,52.80466666666666,34.717166666666664
2021-04-07 02:00:00,26.25,67.88,52.81136363636364,34.71761363636364
2021-04-07 03:00:00,19.35,68.56,52.818060606060605,34.718060606060604
2021-04-07 04:00:00,21.4,63.0,52.82475757575757,34.71850757575758
2021-04-07 05:00:00,20.3,67.67,52.83145454545454,34.718954545454544
2021-04-07 06:00:00,16.61,64.0,52.838151515151516,34.71940151515151
2021-04-07 07:00:00,18.55,59.33,52.844848484848484,34.719848484848484
2021-04-07 08:00:00,30.9,87.66,52.85154545454545,34.72029545454545
2021-04-07 09:00:00,44.9,110.05,52.85824242424242,34.720742424242424
2021-04-07 10:00:00,34.21,100.0,52.864939393939395,34.72118939393939
2021-04-07 11:00:00,35.4,121.0,52.87163636363636,34.721636363636364
2021-04-07 12:00:00,46.2,166.0,52.87833333333333,34.72208333333333
2021-04-07 13:00:00,38.65,143.0,52.8850303030303,34.722530303030304
2021-04-07 14:00:00,32.75,138.33,52.89172727272727,34.72297727272727
2021-04-07 15:00:00,34.55,130.78,52.89842424242424,34.723424242424244
2021-04-07 16:00:00,38.4,132.0,52.90512121212121,34.72387121212121
2021-04-07 17:00:00,32.2,126.44,52.91181818181818,34.72431818181818
2021-04-07 18:00:00,28.45,112.56,52.91851515151515,34.72476515151515
2021-04-07 19:00:00,29.7,110.44,52.92521212121212,34.72521212121212
2021-04-07 20:00:00,26.6,98.0,52.93190909090909,34.72565909090909
2021-04-07 21:00:00,29.4,90.89,52.93860606060606,34.72610606060606
2021-04-07 22:00:00,35.95,88.44,52.94530303030303,34.72655303030303
2021-04-07 23:00:00,37.0,102.0,52.952,34.727
2021-04-08 00:00:00,31.05,98.89,52.958696969696966,34.72744696969697
2021-04-08 01:00:00,30.0,80.83,52.965393939393934,34.72789393939394
2021-04-08 02:00:00,23.2,64.0,52.97209090909091,34.72834090909091
2021-04-08 03:00:00,23.7,65.11,52.97878787878788,34.72878787878788
2021-04-08 04:00:00,22.3,61.0,52.985484848484845,34.72923484848484
2021-04-08 05:00:00,22.85,63.22,52.99218181818182,34.72968181818182
2021-04-08 06:00:00,23.0,59.55,52.99887878787879,34.73012878787878
2021-04-08 07:00:00,23.0,67.37,53.005575757575755,34.73057575757576
2021-04-08 08:00:00,25.55,73.9,53.01227272727272,34.73102272727272
2021-04-08 09:00:00,36.2,113.25,53.0189696969697,34.7314696969697
2021-04-08 10:00:00,33.75,133.33,53.025666666666666,34.73191666666666
2021-04-08 11:00:00,37.25,141.47,53.032363636363634,34.73236363636364
2021-04-08 12:00:00,36.3,148.47,53.0390606060606,34.7328106060606
2021-04-08 13:00:00,30.9,141.58,53.04575757575758,34.73325757575758
2021-04-08 14:00:00,27.44,120.17,53.052454545454545,34.73370454545454
2021-04-08 15:00:00,28.7,125.37,53.05915151515151,34.73415151515152
2021-04-08 16:00:00,25.6,104.58,53.06584848484848,34.73459848484848
2021-04-08 17:00:00,30.95,105.0,53.072545454545455,34.73504545454545
2021-04-08 18:00:00,27.75,113.0,53.07924242424242,34.73549242424242
2021-04-08 19:00:00,29.55,106.0,53.08593939393939,34.73593939393939
2021-04-08 20:00:00,33.4,107.56,53.09263636363636,34.73638636363636
2021-04-08 21:00:00,33.15,101.0,53.099333333333334,34.73683333333333
2021-04-08 22:00:00,38.95,101.78,53.1060303030303,34.7372803030303
2021-04-08 23:00:00,32.33,97.4,53.11272727272727,34.73772727272727
2021-04-09 00:00:00,32.7,77.24,53.11942424242424,34.73817424242424
2021-04-09 01:00:00,29.6,75.34,53.12612121212121,34.73862121212121
2021-04-09 02:00:00,28.15,72.11,53.13281818181818,34.73906818181818
2021-04-09 03:00:00,23.75,61.67,53.13951515151515,34.73951515151515
2021-04-09 04:00:00,17.9,47.0,53.146212121212116,34.739962121212116
2021-04-09 05:00:00,17.85,45.0,53.15290909090909,34.74040909090909
2021-04-09 06:00:00,15.45,52.78,53.15960606060606,34.740856060606056
2021-04-09 07:00:00,20.95,50.32,53.16630303030303,34.74130303030303
2021-04-09 08:00:00,21.15,53.45,53.173,34.741749999999996
2021-04-09 09:00:00,32.9,100.71,53.17969696969697,34.74219696969697
2021-04-09 10:00:00,38.4,119.66,53.18639393939394,34.742643939393936
2021-04-09 11:00:00,33.05,118.0,53.193090909090905,34.74309090909091
2021-04-09 12:00:00,43.02,133.22,53.19978787878787,34.743537878787876
2021-04-09 13:00:00,36.5,140.0,53.20648484848485,34.74398484848485
2021-04-09 14:00:00,31.6,139.0,53.213181818181816,34.744431818181816
2021-04-09 15:00:00,34.4,145.25,53.219878787878784,34.74487878787879
2021-04-09 16:00:00,35.0,159.44,53.22657575757576,34.745325757575756
2021-04-09 17:00:00,35.85,177.0,53.23327272727273,34.74577272727272
2021-04-09 18:00:00,35.15,188.67,53.239969696969695,34.746219696969696
2021-04-09 19:00:00,67.3,229.22,53.24666666666666,34.74666666666666
2021-04-09 20:00:00,50.05,218.56,53.25336363636364,34.747113636363636
2021-04-09 21:00:00,49.41,201.44,53.260060606060605,34.7475606060606
2021-04-09 22:00:00,38.06,179.3,53.26675757575757,34.748007575757576
2021-04-09 23:00:00,37.7,167.5,53.27345454545454,34.74845454545454
2021-04-10 00:00:00,37.15,136.0,53.280151515151516,34.748901515151516
2021-04-10 01:00:00,33.6,139.89,53.286848484848484,34.74934848484848
2021-04-10 02:00:00,33.85,152.67,53.29354545454545,34.749795454545456
2021-04-10 03:00:00,34.0,145.0,53.30024242424242,34.75024242424242
2021-04-10 04:00:00,28.9,128.0,53.306939393939395,34.75068939393939
2021-04-10 05:00:00,37.35,132.0,53.31363636363636,34.75113636363636
2021-04-10 06:00:00,44.1,133.0,53.32033333333333,34.75158333333333
2021-04-10 07:00:00,42.45,128.33,53.3270303030303,34.7520303030303
2021-04-10 08:00:00,42.0,144.94,53.33372727272727,34.75247727272727
2021-04-10 09:00:00,57.3,182.67,53.34042424242424,34.75292424242424
2021-04-10 10:00:00,55.73,186.56,53.34712121212121,34.75337121212121
2021-04-10 11:00:00,60.1,205.22,53.35381818181818,34.75381818181818
2021-04-10 12:00:00,64.46,220.03,53.36051515151515,34.75426515151515
2021-04-10 13:00:00,52.25,201.33,53.36721212121212,34.75471212121212
2021-04-10 14:00:00,43.18,175.33,53.37390909090909,34.75515909090909
2021-04-10 15:00:00,31.8,153.67,53.380606060606056,34.755606060606056
2021-04-10 16:00:00,30.0,138.07,53.38730303030303,34.75605303030303
2021-04-10 17:00:00,27.45,122.56,53.394,34.756499999999996
2021-04-10 18:00:00,24.45,117.0,53.400696969696966,34.75694696969697
2021-04-10 19:00:00,34.2,135.67,53.40739393939394,34.757393939393936
2021-04-10 20:00:00,39.4,134.78,53.41409090909091,34.75784090909091
2021-04-10 21:00:00,31.5,118.22,53.42078787878788,34.758287878787876
2021-04-10 22:00:00,33.4,115.55,53.427484848484845,34.75873484848485
2021-04-10 23:00:00,39.95,110.58,53.43418181818182,34.759181818181816
2021-04-11 00:00:00,38.46,102.03,53.44087878787879,34.75962878787879
2021-04-11 01:00:00,31.2,91.75,53.447575757575756,34.760075757575756
2021-04-11 02:00:00,29.15,82.25,53.45427272727272,34.76052272727273
2021-04-11 03:00:00,28.15,69.11,53.4609696969697,34.760969696969696
2021-04-11 04:00:00,27.15,80.0,53.467666666666666,34.76141666666666
2021-04-11 05:00:00,26.15,73.0,53.474363636363634,34.761863636363636
2021-04-11 06:00:00,31.1,70.22,53.4810606060606,34.7623106060606
2021-04-11 07:00:00,32.85,74.66,53.48775757575758,34.762757575757576
2021-04-11 08:00:00,38.08,100.98,53.494454545454545,34.76320454545454
2021-04-11 09:00:00,46.65,128.22,53.50115151515151,34.763651515151516
2021-04-11 10:00:00,53.1,154.22,53.50784848484848,34.76409848484848
2021-04-11 11:00:00,45.5,143.33,53.514545454545456,34.764545454545456
2021-04-11 12:00:00,36.35,113.89,53.52124242424242,34.76499242424242
2021-04-11 13:00:00,39.23,114.22,53.52793939393939,34.765439393939396
2021-04-11 14:00:00,49.35,156.11,53.53463636363636,34.76588636363636
2021-04-11 15:00:00,40.8,127.0,53.541333333333334,34.76633333333333
2021-04-11 16:00:00,33.05,123.0,53.5480303030303,34.7667803030303
2021-04-11 17:00:00,27.75,111.29,53.55472727272727,34.76722727272727
2021-04-11 18:00:00,20.2,104.89,53.56142424242424,34.76767424242424
2021-04-11 19:00:00,23.25,104.0,53.56812121212121,34.76812121212121
2021-04-11 20:00:00,23.15,101.67,53.57481818181818,34.76856818181818
2021-04-11 21:00:00,29.8,94.79,53.58151515151515,34.76901515151515
2021-04-11 22:00:00,25.05,90.67,53.588212121212116,34.76946212121212
2021-04-11 23:00:00,26.55,88.67,53.59490909090909,34.76990909090909
2021-04-12 00:00:00,27.85,90.83500000000001,53.60160606060606,34.77035606060606
2021-04-12 01:00:00,34.8,93.0,53.60830303030303,34.77080303030303
2021-04-12 02:00:00,36.0,84.0,53.614999999999995,34.771249999999995
2021-04-12 03:00:00,30.05,74.0,53.62169696969697,34.77169696969697
2021-04-12 04:00:00,24.75,74.0,53.62839393939394,34.772143939393935
2021-04-12 05:00:00,24.85,62.33,53.635090909090906,34.77259090909091
2021-04-12 06:00:00,23.3,56.8,53.64178787878788,34.773037878787875
2021-04-12 07:00:00,21.3,53.89,53.64848484848485,34.77348484848485
2021-04-12 08:00:00,20.15,57.65,53.655181818181816,34.773931818181815
2021-04-12 09:00:00,44.65,91.22,53.661878787878784,34.77437878787879
2021-04-12 10:00:00,54.1,127.85,53.66857575757576,34.774825757575755
2021-04-12 11:00:00,57.54,137.22,53.67527272727273,34.77527272727273
2021-04-12 12:00:00,58.0,142.89,53.681969696969695,34.775719696969695
2021-04-12 13:00:00,49.5,140.11,53.68866666666666,34.77616666666667
2021-04-12 14:00:00,37.8,124.28,53.69536363636364,34.776613636363635
2021-04-12 15:00:00,34.3,126.0,53.702060606060606,34.7770606060606
2021-04-12 16:00:00,34.0,118.0,53.70875757575757,34.777507575757575
2021-04-12 17:00:00,28.9,115.22,53.71545454545454,34.77795454545454
2021-04-12 18:00:00,22.9,102.92,53.722151515151516,34.778401515151515
2021-04-12 19:00:00,31.35,142.0,53.728848484848484,34.77884848484848
2021-04-12 20:00:00,33.0,157.0,53.73554545454545,34.779295454545455
2021-04-12 21:00:00,41.47,145.11,53.74224242424242,34.77974242424242
2021-04-12 22:00:00,59.15,130.44,53.748939393939395,34.780189393939395
2021-04-12 23:00:00,55.2,118.47,53.75563636363636,34.78063636363636
2021-04-13 00:00:00,51.46,110.9,53.76233333333333,34.781083333333335
2021-04-13 01:00:00,36.55,94.44,53.7690303030303,34.7815303030303
2021-04-13 02:00:00,28.9,79.89,53.77572727272727,34.78197727272727
2021-04-13 03:00:00,21.22,70.0,53.78242424242424,34.78242424242424
2021-04-13 04:00:00,21.7,61.0,53.78912121212121,34.78287121212121
2021-04-13 05:00:00,25.4,64.11,53.79581818181818,34.78331818181818
2021-04-13 06:00:00,27.7,75.89,53.80251515151515,34.78376515151515
2021-04-13 07:00:00,38.2,95.28,53.80921212121212,34.78421212121212
2021-04-13 08:00:00,47.65,113.95,53.81590909090909,34.78465909090909
2021-04-13 09:00:00,49.85,120.22,53.82260606060606,34.78510606060606
2021-04-13 10:00:00,52.55,128.97,53.82930303030303,34.78555303030303
2021-04-13 11:00:00,58.97,149.67,53.836,34.786
2021-04-13 12:00:00,59.15,163.56,53.842696969696966,34.78644696969697
2021-04-13 13:00:00,38.6,136.44,53.849393939393934,34.78689393939394
2021-04-13 14:00:00,37.56,124.11,53.85609090909091,34.78734090909091
2021-04-13 15:00:00,38.85,123.0,53.86278787878788,34.787787878787874
2021-04-13 16:00:00,32.2,105.11,53.869484848484845,34.78823484848485
2021-04-13 17:00:00,31.85,103.88,53.87618181818182,34.788681818181814
2021-04-13 18:00:00,32.85,105.78,53.88287878787879,34.78912878787879
2021-04-13 19:00:00,30.46,114.2,53.889575757575756,34.789575757575754
2021-04-13 20:00:00,27.45,112.11,53.896272727272724,34.79002272727273
2021-04-13 21:00:00,38.9,113.33,53.9029696969697,34.790469696969694
2021-04-13 22:00:00,29.95,96.89,53.909666666666666,34.79091666666667
2021-04-13 23:00:00,30.55,85.0,53.916363636363634,34.791363636363634
2021-04-14 00:00:00,29.3,81.0,53.9230606060606,34.79181060606061
2021-04-14 01:00:00,29.0,71.0,53.92975757575758,34.792257575757574
2021-04-14 02:00:00,23.05,72.55,53.936454545454545,34.79270454545454
2021-04-14 03:00:00,24.55,69.89,53.94315151515151,34.793151515151514
2021-04-14 04:00:00,25.85,72.12,53.94984848484848,34.79359848484848
2021-04-14 05:00:00,21.75,69.12,53.956545454545456,34.794045454545454
2021-04-14 06:00:00,26.95,56.33,53.963242424242424,34.79449242424242
2021-04-14 07:00:00,23.75,53.33,53.96993939393939,34.794939393939394
2021-04-14 08:00:00,28.1,56.7,53.97663636363636,34.79538636363636
2021-04-14 09:00:00,35.8,75.17,53.983333333333334,34.795833333333334
2021-04-14 10:00:00,37.85,85.0,53.9900303030303,34.7962803030303
2021-04-14 11:00:00,38.85,97.44,53.99672727272727,34.796727272727274
2021-04-14 12:00:00,43.25,105.65,54.00342424242424,34.79717424242424
2021-04-14 13:00:00,50.78,136.0,54.01012121212121,34.79762121212121
2021-04-14 14:00:00,50.3,140.65,54.01681818181818,34.79806818181818
2021-04-14 15:00:00,44.05,135.78,54.02351515151515,34.79851515151515
2021-04-14 16:00:00,38.75,112.0,54.03021212121212,34.79896212121212
2021-04-14 17:00:00,32.05,108.9,54.03690909090909,34.79940909090909
2021-04-14 18:00:00,31.85,101.89,54.04360606060606,34.79985606060606
2021-04-14 19:00:00,29.91,95.34,54.05030303030303,34.80030303030303
2021-04-14 20:00:00,22.23,83.36,54.057,34.80075
2021-04-14 21:00:00,21.85,80.0,54.06369696969697,34.80119696969697
2021-04-14 22:00:00,25.4,82.33,54.07039393939394,34.80164393939394
2021-04-14 23:00:00,26.85,79.89,54.077090909090906,34.80209090909091
2021-04-15 00:00:00,24.46,64.0,54.083787878787874,34.80253787878788
2021-04-15 01:00:00,24.0,61.0,54.09048484848485,34.80298484848485
2021-04-15 02:00:00,29.1,64.88,54.09718181818182,34.803431818181814
2021-04-15 03:00:00,29.15,59.0,54.103878787878784,34.80387878787879
2021-04-15 04:00:00,31.55,46.0,54.11057575757576,34.804325757575754
2021-04-15 05:00:00,21.8,49.1,54.11727272727273,34.80477272727273
2021-04-15 06:00:00,23.4,48.89,54.123969696969695,34.805219696969694
2021-04-15 07:00:00,24.0,48.78,54.13066666666666,34.80566666666667
2021-04-15 08:00:00,27.39,67.6,54.13736363636364,34.806113636363634
2021-04-15 09:00:00,38.2,83.11,54.144060606060606,34.80656060606061
2021-04-15 10:00:00,44.27,107.0,54.150757575757574,34.807007575757574
2021-04-15 11:00:00,45.86,104.66,54.15745454545454,34.80745454545455
2021-04-15 12:00:00,47.7,115.62,54.16415151515152,34.807901515151514
2021-04-15 13:00:00,48.85,122.11,54.170848484848484,34.80834848484848
2021-04-15 14:00:00,43.07,114.75,54.17754545454545,34.808795454545454
2021-04-15 15:00:00,41.15,101.95,54.18424242424242,34.80924242424242
2021-04-15 16:00:00,33.35,89.22,54.190939393939395,34.809689393939394
2021-04-15 17:00:00,26.9,83.12,54.19763636363636,34.81013636363636
2021-04-15 18:00:00,26.85,76.58,54.20433333333333,34.810583333333334
2021-04-15 19:00:00,33.8,81.97,54.2110303030303,34.8110303030303
2021-04-15 20:00:00,34.15,87.11,54.217727272727274,34.811477272727274
2021-04-15 21:00:00,36.55,84.89,54.22442424242424,34.81192424242424
2021-04-15 22:00:00,38.7,80.11,54.23112121212121,34.812371212121214
2021-04-15 23:00:00,33.9,72.8,54.23781818181818,34.81281818181818
2021-04-16 00:00:00,30.45,71.0,54.24451515151515,34.813265151515154
2021-04-16 01:00:00,34.25,58.0,54.25121212121212,34.81371212121212
2021-04-16 02:00:00,42.65,72.78,54.25790909090909,34.81415909090909
2021-04-16 03:00:00,45.7,70.8,54.264606060606056,34.81460606060606
2021-04-16 04:00:00,34.95,57.33,54.27130303030303,34.81505303030303
2021-04-16 05:00:00,28.75,49.35,54.278,34.8155
2021-04-16 06:00:00,28.85,46.45,54.28469696969697,34.81594696969697
2021-04-16 07:00:00,23.92,54.55,54.29139393939394,34.81639393939394
2021-04-16 08:00:00,26.4,63.2,54.29809090909091,34.81684090909091
2021-04-16 09:00:00,30.4,66.65,54.30478787878788,34.81728787878788
2021-04-16 10:00:00,26.77,66.9,54.311484848484845,34.81773484848485
2021-04-16 11:00:00,25.15,76.08,54.31818181818181,34.81818181818182
2021-04-16 12:00:00,26.7,82.11,54.32487878787879,34.81862878787879
2021-04-16 13:00:00,27.0,81.45,54.331575757575756,34.81907575757575
2021-04-16 14:00:00,17.65,76.35,54.338272727272724,34.81952272727273
2021-04-16 15:00:00,15.15,73.45,54.3449696969697,34.81996969696969
2021-04-16 16:00:00,18.4,72.22,54.35166666666667,34.82041666666667
2021-04-16 17:00:00,20.7,70.45,54.358363636363634,34.82086363636363
2021-04-16 18:00:00,20.15,70.7,54.3650606060606,34.82131060606061
2021-04-16 19:00:00,24.23,69.46666666666667,54.37175757575758,34.82175757575757
2021-04-16 20:00:00,22.45,68.23333333333333,54.378454545454545,34.82220454545455
2021-04-16 21:00:00,22.0,67.0,54.38515151515151,34.82265151515151
2021-04-16 22:00:00,22.0,61.58,54.39184848484848,34.82309848484849
2021-04-16 23:00:00,24.55,63.1,54.398545454545456,34.82354545454545
2021-04-17 00:00:00,24.15,60.9,54.405242424242424,34.82399242424242
2021-04-17 01:00:00,19.73,56.11,54.41193939393939,34.82443939393939
2021-04-17 02:00:00,14.75,48.8,54.41863636363636,34.82488636363636
2021-04-17 03:00:00,14.85,40.01,54.425333333333334,34.82533333333333
2021-04-17 04:00:00,15.85,34.68,54.4320303030303,34.8257803030303
2021-04-17 05:00:00,13.45,31.23,54.43872727272727,34.82622727272727
2021-04-17 06:00:00,13.0,36.42,54.44542424242424,34.82667424242424
2021-04-17 07:00:00,14.7,41.88,54.45212121212121,34.82712121212121
2021-04-17 08:00:00,32.0,74.89,54.45881818181818,34.82756818181818
2021-04-17 09:00:00,24.8,63.85,54.46551515151515,34.82801515151515
2021-04-17 10:00:00,18.75,53.33,54.472212121212124,34.82846212121212
2021-04-17 11:00:00,22.23,59.15,54.47890909090909,34.82890909090909
2021-04-17 12:00:00,32.35,101.0,54.48560606060606,34.82935606060606
2021-04-17 13:00:00,30.61,97.75,54.49230303030303,34.829803030303026
2021-04-17 14:00:00,23.2,94.5,54.498999999999995,34.83025
2021-04-17 15:00:00,22.85,91.25,54.50569696969697,34.830696969696966
2021-04-17 16:00:00,25.55,88.0,54.51239393939394,34.83114393939394
2021-04-17 17:00:00,24.3,86.44,54.519090909090906,34.831590909090906
2021-04-17 18:00:00,18.05,78.22,54.52578787878788,34.83203787878788
2021-04-17 19:00:00,22.95,77.65,54.53248484848485,34.832484848484846
2021-04-17 20:00:00,28.25,78.45,54.53918181818182,34.83293181818182
2021-04-17 21:00:00,30.7,79.65,54.545878787878785,34.833378787878786
2021-04-17 22:00:00,36.95,85.65,54.55257575757575,34.83382575757576
2021-04-17 23:00:00,38.0,88.55,54.55927272727273,34.834272727272726
2021-04-18 00:00:00,30.4,77.38,54.565969696969695,34.83471969696969
2021-04-18 01:00:00,27.3,62.38,54.57266666666666,34.835166666666666
2021-04-18 02:00:00,22.77,57.45,54.57936363636364,34.83561363636363
2021-04-18 03:00:00,21.15,51.59,54.586060606060606,34.836060606060606
2021-04-18 04:00:00,19.3,48.0,54.592757575757574,34.83650757575757
2021-04-18 05:00:00,19.0,44.0,54.59945454545454,34.836954545454546
2021-04-18 06:00:00,21.55,44.0,54.60615151515152,34.83740151515151
2021-04-18 07:00:00,30.5,53.3,54.612848484848485,34.837848484848486
2021-04-18 08:00:00,30.3,64.56,54.61954545454545,34.83829545454545
2021-04-18 09:00:00,35.1,87.15,54.62624242424242,34.838742424242426
2021-04-18 10:00:00,35.15,98.42,54.632939393939395,34.83918939393939
2021-04-18 11:00:00,49.45,125.63,54.63963636363636,34.839636363636366
2021-04-18 12:00:00,51.15,132.22,54.64633333333333,34.84008333333333
2021-04-18 13:00:00,42.53,119.22,54.6530303030303,34.8405303030303
2021-04-18 14:00:00,33.38,91.14,54.659727272727274,34.84097727272727
2021-04-18 15:00:00,32.85,98.4,54.66642424242424,34.84142424242424
2021-04-18 16:00:00,35.54,105.1,54.67312121212121,34.84187121212121
2021-04-18 17:00:00,41.95,111.42,54.67981818181818,34.84231818181818
2021-04-18 18:00:00,44.7,119.2,54.68651515151515,34.84276515151515
2021-04-18 19:00:00,46.7,139.6,54.69321212121212,34.84321212121212
2021-04-18 20:00:00,49.55,134.93,54.69990909090909,34.84365909090909
2021-04-18 21:00:00,53.4,121.0,54.70660606060606,34.84410606060606
2021-04-18 22:00:00,50.6,117.0,54.71330303030303,34.84455303030303
2021-04-18 23:00:00,56.8,130.95,54.72,34.845
2021-04-19 00:00:00,50.38,118.01,54.72669696969697,34.845446969696965
2021-04-19 01:00:00,40.5,93.0,54.733393939393935,34.84589393939394
2021-04-19 02:00:00,33.07,86.03,54.74009090909091,34.846340909090905
2021-04-19 03:00:00,36.23,75.44,54.74678787878788,34.84678787878788
2021-04-19 04:00:00,34.46,73.0,54.753484848484845,34.847234848484845
2021-04-19 05:00:00,34.85,71.35,54.76018181818182,34.84768181818182
2021-04-19 06:00:00,35.0,70.78,54.76687878787879,34.848128787878785
2021-04-19 07:00:00,41.8,80.3,54.773575757575756,34.84857575757576
2021-04-19 08:00:00,43.85,97.72,54.780272727272724,34.849022727272725
2021-04-19 09:00:00,42.3,105.88,54.7869696969697,34.8494696969697
2021-04-19 10:00:00,39.45,117.85,54.79366666666667,34.849916666666665
2021-04-19 11:00:00,38.15,121.78,54.800363636363635,34.85036363636363
2021-04-19 12:00:00,32.05,117.0,54.8070606060606,34.850810606060605
2021-04-19 13:00:00,27.61,113.0,54.81375757575758,34.85125757575757
2021-04-19 14:00:00,27.0,107.58,54.820454545454545,34.851704545454545
2021-04-19 15:00:00,20.22,95.89,54.82715151515151,34.85215151515151
2021-04-19 16:00:00,21.54,93.0,54.83384848484848,34.852598484848485
2021-04-19 17:00:00,25.4,86.8,54.840545454545456,34.85304545454545
2021-04-19 18:00:00,23.46,85.0,54.847242424242424,34.853492424242425
2021-04-19 19:00:00,22.15,81.91,54.85393939393939,34.85393939393939
2021-04-19 20:00:00,26.25,78.8,54.86063636363636,34.854386363636365
2021-04-19 21:00:00,25.3,78.1,54.867333333333335,34.85483333333333
2021-04-19 22:00:00,29.25,71.3,54.8740303030303,34.855280303030305
2021-04-19 23:00:00,30.0,78.2,54.88072727272727,34.85572727272727
2021-04-20 00:00:00,39.32,71.88333333333334,54.88742424242424,34.85617424242424
2021-04-20 01:00:00,30.8,65.56666666666666,54.89412121212121,34.85662121212121
2021-04-20 02:00:00,23.9,59.25,54.90081818181818,34.85706818181818
2021-04-20 03:00:00,19.61,50.02,54.90751515151515,34.85751515151515
2021-04-20 04:00:00,22.39,42.55,54.91421212121212,34.85796212121212
2021-04-20 05:00:00,18.77,40.22,54.92090909090909,34.85840909090909
2021-04-20 06:00:00,26.5,59.0,54.92760606060606,34.85885606060606
2021-04-20 07:00:00,27.15,56.0,54.93430303030303,34.85930303030303
2021-04-20 08:00:00,25.3,79.25,54.941,34.85975
2021-04-20 09:00:00,25.0,78.25,54.94769696969697,34.86019696969697
2021-04-20 10:00:00,25.85,74.35,54.95439393939394,34.86064393939394
2021-04-20 11:00:00,23.46,80.1,54.961090909090906,34.861090909090905
2021-04-20 12:00:00,25.55,92.97,54.967787878787874,34.86153787878788
2021-04-20 13:00:00,25.15,84.15,54.97448484848485,34.861984848484845
2021-04-20 14:00:00,22.46,71.7,54.98118181818182,34.86243181818182
2021-04-20 15:00:00,22.85,69.0,54.987878787878785,34.862878787878785
2021-04-20 16:00:00,23.85,67.45,54.99457575757576,34.86332575757576
2021-04-20 17:00:00,24.0,72.42,55.00127272727273,34.863772727272725
2021-04-20 18:00:00,22.3,77.0,55.007969696969695,34.8642196969697
2021-04-20 19:00:00,23.7,75.0,55.01466666666666,34.864666666666665
2021-04-20 20:00:00,20.61,74.22,55.02136363636364,34.86511363636364
2021-04-20 21:00:00,20.0,62.38,55.028060606060606,34.865560606060605
2021-04-20 22:00:00,22.54,55.91,55.034757575757574,34.86600757575758
2021-04-20 23:00:00,18.75,51.9,55.04145454545454,34.866454545454545
2021-04-21 00:00:00,18.85,44.82,55.04815151515152,34.86690151515151
2021-04-21 01:00:00,19.0,41.0,55.054848484848485,34.867348484848485
2021-04-21 02:00:00,16.46,37.15,55.06154545454545,34.86779545454545
2021-04-21 03:00:00,14.3,33.23,55.06824242424242,34.868242424242425
2021-04-21 04:00:00,17.4,39.98,55.074939393939395,34.86868939393939
2021-04-21 05:00:00,17.15,33.48,55.08163636363636,34.869136363636365
2021-04-21 06:00:00,16.15,34.11,55.08833333333333,34.86958333333333
2021-04-21 07:00:00,19.39,39.65,55.0950303030303,34.870030303030305
2021-04-21 08:00:00,23.39,51.85,55.101727272727274,34.87047727272727
2021-04-21 09:00:00,22.3,61.0,55.10842424242424,34.870924242424245
2021-04-21 10:00:00,17.75,59.0,55.11512121212121,34.87137121212121
2021-04-21 11:00:00,21.23,77.0,55.121818181818185,34.87181818181818
2021-04-21 12:00:00,24.55,95.6,55.12851515151515,34.87226515151515
2021-04-21 13:00:00,19.92,86.31,55.13521212121212,34.87271212121212
2021-04-21 14:00:00,24.1,76.58,55.14190909090909,34.87315909090909
2021-04-21 15:00:00,19.9,74.22,55.148606060606056,34.87360606060606
2021-04-21 16:00:00,21.54,78.4,55.15530303030303,34.87405303030303
2021-04-21 17:00:00,22.85,82.55,55.162,34.8745
2021-04-21 18:00:00,24.7,84.55,55.16869696969697,34.87494696969697
2021-04-21 19:00:00,21.61,88.1,55.17539393939394,34.87539393939394
2021-04-21 20:00:00,22.7,85.12,55.18209090909091,34.87584090909091
2021-04-21 21:00:00,24.7,84.0,55.18878787878788,34.87628787878788
2021-04-21 22:00:00,17.38,72.38,55.195484848484845,34.876734848484844
2021-04-21 23:00:00,18.54,68.0,55.20218181818181,34.87718181818182
2021-04-22 00:00:00,23.22,64.0,55.20887878787879,34.877628787878784
2021-04-22 01:00:00,21.46,62.45,55.215575757575756,34.87807575757576
2021-04-22 02:00:00,21.0,54.27,55.222272727272724,34.878522727272724
2021-04-22 03:00:00,23.54,57.42,55.2289696969697,34.8789696969697
2021-04-22 04:00:00,19.77,65.2,55.23566666666667,34.879416666666664
2021-04-22 05:00:00,16.45,64.78,55.242363636363635,34.87986363636364
2021-04-22 06:00:00,21.08,63.0,55.2490606060606,34.880310606060604
2021-04-22 07:00:00,26.23,68.41,55.25575757575758,34.88075757575758
2021-04-22 08:00:00,27.85,73.09,55.262454545454545,34.881204545454544
2021-04-22 09:00:00,25.46,77.1,55.26915151515151,34.88165151515152
2021-04-22 10:00:00,33.47,94.28,55.27584848484848,34.882098484848484
2021-04-22 11:00:00,28.2,99.0,55.282545454545456,34.88254545454545
2021-04-22 12:00:00,32.95,102.09,55.289242424242424,34.882992424242424
2021-04-22 13:00:00,32.3,112.35,55.29593939393939,34.88343939393939
2021-04-22 14:00:00,36.23,120.78,55.30263636363636,34.883886363636364
2021-04-22 15:00:00,35.3,118.68,55.309333333333335,34.88433333333333
2021-04-22 16:00:00,33.6,116.91,55.3160303030303,34.884780303030304
2021-04-22 17:00:00,30.91,101.0,55.32272727272727,34.88522727272727
2021-04-22 18:00:00,30.0,101.55,55.32942424242424,34.885674242424244
2021-04-22 19:00:00,27.46,96.01,55.33612121212121,34.88612121212121
2021-04-22 20:00:00,33.78,87.12,55.34281818181818,34.886568181818184
2021-04-22 21:00:00,25.68,74.42,55.34951515151515,34.88701515151515
2021-04-22 22:00:00,24.0,77.97,55.356212121212124,34.88746212121212
2021-04-22 23:00:00,23.15,73.8,55.36290909090909,34.88790909090909
2021-04-23 00:00:00,19.61,61.19,55.36960606060606,34.88835606060606
2021-04-23 01:00:00,19.0,55.67,55.37630303030303,34.88880303030303
2021-04-23 02:00:00,25.78,53.0,55.382999999999996,34.88925
2021-04-23 03:00:00,21.07,56.1,55.38969696969697,34.88969696969697
2021-04-23 04:00:00,21.7,58.55,55.39639393939394,34.89014393939394
2021-04-23 05:00:00,16.07,62.88,55.403090909090906,34.89059090909091
2021-04-23 06:00:00,18.4,76.4,55.40978787878788,34.89103787878788
2021-04-23 07:00:00,19.85,69.92,55.41648484848485,34.89148484848485
2021-04-23 08:00:00,20.0,77.08,55.42318181818182,34.89193181818182
2021-04-23 09:00:00,22.55,83.28,55.429878787878785,34.89237878787878
2021-04-23 10:00:00,29.8,96.34,55.43657575757575,34.89282575757576
2021-04-23 11:00:00,31.85,108.88,55.44327272727273,34.89327272727272
2021-04-23 12:00:00,24.38,96.05,55.449969696969696,34.8937196969697
2021-04-23 13:00:00,25.54,92.0,55.45666666666666,34.89416666666666
2021-04-23 14:00:00,21.77,76.56,55.46336363636364,34.89461363636364
2021-04-23 15:00:00,17.61,68.9,55.470060606060606,34.8950606060606
2021-04-23 16:00:00,17.85,71.1,55.476757575757574,34.89550757575758
2021-04-23 17:00:00,18.0,65.0,55.48345454545454,34.89595454545454
2021-04-23 18:00:00,17.15,69.0,55.49015151515152,34.89640151515152
2021-04-23 19:00:00,22.1,75.97,55.496848484848485,34.89684848484848
2021-04-23 20:00:00,23.85,79.55,55.50354545454545,34.89729545454546
2021-04-23 21:00:00,29.08,76.91,55.51024242424242,34.89774242424242
2021-04-23 22:00:00,29.15,75.23,55.516939393939396,34.89818939393939
2021-04-23 23:00:00,23.92,68.8,55.52363636363636,34.89863636363636
2021-04-24 00:00:00,20.47,56.19,55.53033333333333,34.89908333333333
2021-04-24 01:00:00,16.61,49.9,55.5370303030303,34.8995303030303
2021-04-24 02:00:00,17.7,49.0,55.543727272727274,34.89997727272727
2021-04-24 03:00:00,21.4,45.9,55.55042424242424,34.90042424242424
2021-04-24 04:00:00,21.15,38.8,55.55712121212121,34.90087121212121
2021-04-24 05:00:00,18.46,37.0,55.56381818181818,34.90131818181818
2021-04-24 06:00:00,17.15,42.0,55.57051515151515,34.90176515151515
2021-04-24 07:00:00,26.32,59.79,55.57721212121212,34.90221212121212
2021-04-24 08:00:00,41.6,87.39,55.58390909090909,34.90265909090909
2021-04-24 09:00:00,43.16,104.04,55.59060606060606,34.903106060606056
2021-04-24 10:00:00,29.45,222.06,55.59730303030303,34.90355303030303
2021-04-24 11:00:00,31.23,137.43,55.604,34.903999999999996
2021-04-24 12:00:00,37.08,126.94,55.61069696969697,34.90444696969697
2021-04-24 13:00:00,32.92,116.58,55.617393939393935,34.904893939393936
2021-04-24 14:00:00,25.22,95.4,55.62409090909091,34.90534090909091
2021-04-24 15:00:00,22.3,107.76,55.63078787878788,34.905787878787876
2021-04-24 16:00:00,16.92,83.66,55.637484848484846,34.90623484848485
2021-04-24 17:00:00,16.0,74.23,55.64418181818182,34.906681818181816
2021-04-24 18:00:00,14.31,71.68,55.65087878787879,34.90712878787879
2021-04-24 19:00:00,18.25,66.37,55.657575757575756,34.907575757575756
2021-04-24 20:00:00,20.7,60.37,55.664272727272724,34.90802272727273
2021-04-24 21:00:00,19.3,57.45,55.6709696969697,34.908469696969696
2021-04-24 22:00:00,20.7,62.0,55.67766666666667,34.90891666666666
2021-04-24 23:00:00,17.61,53.0,55.684363636363635,34.909363636363636
2021-04-25 00:00:00,14.47,53.77,55.6910606060606,34.9098106060606
2021-04-25 01:00:00,15.7,46.0,55.69775757575758,34.910257575757576
2021-04-25 02:00:00,12.61,41.37,55.704454545454546,34.91070454545454
2021-04-25 03:00:00,14.54,44.63,55.71115151515151,34.911151515151516
2021-04-25 04:00:00,15.0,45.23,55.71784848484848,34.91159848484848
2021-04-25 05:00:00,19.23,44.45,55.724545454545456,34.912045454545456
2021-04-25 06:00:00,18.3,46.72,55.731242424242424,34.91249242424242
2021-04-25 07:00:00,21.4,52.86,55.73793939393939,34.912939393939396
2021-04-25 08:00:00,19.46,64.04,55.74463636363636,34.91338636363636
2021-04-25 09:00:00,35.95,101.1,55.751333333333335,34.91383333333333
2021-04-25 10:00:00,34.77,110.22,55.7580303030303,34.9142803030303
2021-04-25 11:00:00,35.69,127.76,55.76472727272727,34.91472727272727
2021-04-25 12:00:00,41.1,146.13,55.77142424242424,34.91517424242424
2021-04-25 13:00:00,37.77,132.24,55.77812121212121,34.91562121212121
2021-04-25 14:00:00,31.92,122.0,55.78481818181818,34.91606818181818
2021-04-25 15:00:00,27.61,108.0,55.79151515151515,34.91651515151515
2021-04-25 16:00:00,24.46,104.91,55.79821212121212,34.91696212121212
2021-04-25 17:00:00,34.16,115.58,55.80490909090909,34.91740909090909
2021-04-25 18:00:00,39.39,130.54,55.81160606060606,34.91785606060606
2021-04-25 19:00:00,42.54,134.0,55.81830303030303,34.91830303030303
2021-04-25 20:00:00,38.77,129.37,55.825,34.91875
2021-04-25 21:00:00,39.7,94.02,55.83169696969697,34.91919696969697
2021-04-25 22:00:00,44.23,91.08,55.83839393939394,34.919643939393936
2021-04-25 23:00:00,50.93,94.69,55.84509090909091,34.92009090909091
2021-04-26 00:00:00,56.23,106.36,55.851787878787874,34.920537878787876
2021-04-26 01:00:00,53.61,126.17,55.85848484848485,34.92098484848485
2021-04-26 02:00:00,53.0,124.04,55.86518181818182,34.921431818181816
2021-04-26 03:00:00,41.1,123.55,55.871878787878785,34.92187878787879
2021-04-26 04:00:00,46.62,154.89,55.87857575757576,34.922325757575756
2021-04-26 05:00:00,48.0,170.97,55.88527272727273,34.92277272727273
2021-04-26 06:00:00,46.3,156.01,55.891969696969696,34.923219696969696
2021-04-26 07:00:00,48.53,140.96,55.898666666666664,34.92366666666667
2021-04-26 08:00:00,49.85,183.0,55.90536363636364,34.924113636363636
2021-04-26 09:00:00,54.22,172.19,55.91206060606061,34.9245606060606
2021-04-26 10:00:00,62.62,177.5,55.918757575757574,34.925007575757576
2021-04-26 11:00:00,68.23,178.45,55.92545454545454,34.92545454545454
2021-04-26 12:00:00,58.83,194.99,55.93215151515152,34.925901515151516
2021-04-26 13:00:00,54.47,204.63,55.938848484848485,34.92634848484848
2021-04-26 14:00:00,54.0,203.68,55.94554545454545,34.926795454545456
2021-04-26 15:00:00,58.23,202.45,55.95224242424242,34.92724242424242
2021-04-26 16:00:00,52.22,194.92,55.958939393939396,34.927689393939396
2021-04-26 17:00:00,50.15,185.15,55.965636363636364,34.92813636363636
2021-04-26 18:00:00,43.22,172.38,55.97233333333333,34.928583333333336
2021-04-26 19:00:00,38.61,172.09,55.9790303030303,34.9290303030303
2021-04-26 20:00:00,37.16,183.81,55.985727272727274,34.92947727272727
2021-04-26 21:00:00,47.98,205.53,55.99242424242424,34.92992424242424
2021-04-26 22:00:00,42.4,194.01,55.99912121212121,34.93037121212121
2021-04-26 23:00:00,46.08,181.28,56.005818181818185,34.93081818181818
2021-04-27 00:00:00,49.54,196.0,56.01251515151515,34.93126515151515
2021-04-27 01:00:00,49.15,196.0,56.01921212121212,34.93171212121212
2021-04-27 02:00:00,45.6,212.0,56.02590909090909,34.93215909090909
2021-04-27 03:00:00,41.61,208.91,56.03260606060606,34.93260606060606
2021-04-27 04:00:00,38.46,188.62,56.03930303030303,34.93305303030303
2021-04-27 05:00:00,37.15,189.95,56.046,34.9335
2021-04-27 06:00:00,39.54,194.32,56.05269696969697,34.93394696969697
2021-04-27 07:00:00,44.23,171.06,56.05939393939394,34.93439393939394
2021-04-27 08:00:00,44.15,199.52,56.06609090909091,34.93484090909091
2021-04-27 09:00:00,48.23,233.1,56.07278787878788,34.935287878787875
2021-04-27 10:00:00,54.93,262.89,56.079484848484846,34.93573484848485
2021-04-27 11:00:00,65.32,297.57,56.086181818181814,34.936181818181815
2021-04-27 12:00:00,65.31,286.47,56.09287878787879,34.93662878787879
2021-04-27 13:00:00,58.2,273.25,56.09957575757576,34.937075757575755
2021-04-27 14:00:00,46.83,218.3,56.106272727272724,34.93752272727273
2021-04-27 15:00:00,45.85,183.69,56.1129696969697,34.937969696969695
2021-04-27 16:00:00,39.24,165.65,56.11966666666667,34.93841666666667
2021-04-27 17:00:00,32.92,154.28,56.126363636363635,34.938863636363635
2021-04-27 18:00:00,33.7,132.0,56.1330606060606,34.93931060606061
2021-04-27 19:00:00,34.0,138.18,56.13975757575758,34.939757575757575
2021-04-27 20:00:00,33.16,141.55,56.146454545454546,34.94020454545454
2021-04-27 21:00:00,36.39,145.86,56.153151515151514,34.940651515151515
2021-04-27 22:00:00,32.75,140.82,56.15984848484848,34.94109848484848
2021-04-27 23:00:00,36.23,146.72,56.16654545454546,34.941545454545455
2021-04-28 00:00:00,37.84,151.31,56.173242424242424,34.94199242424242
2021-04-28 01:00:00,29.53,126.61,56.17993939393939,34.942439393939395
2021-04-28 02:00:00,31.4,116.28,56.18663636363636,34.94288636363636
2021-04-28 03:00:00,27.78,103.19,56.193333333333335,34.943333333333335
2021-04-28 04:00:00,29.54,98.45,56.2000303030303,34.9437803030303
2021-04-28 05:00:00,27.46,89.5,56.20672727272727,34.944227272727275
2021-04-28 06:00:00,31.22,81.59,56.21342424242424,34.94467424242424
2021-04-28 07:00:00,43.02,133.28,56.220121212121214,34.94512121212121
2021-04-28 08:00:00,45.84,179.22,56.22681818181818,34.94556818181818
2021-04-28 09:00:00,46.0,164.06,56.23351515151515,34.94601515151515
2021-04-28 10:00:00,52.8,166.0,56.240212121212124,34.94646212121212
2021-04-28 11:00:00,51.46,176.0,56.24690909090909,34.94690909090909
2021-04-28 12:00:00,44.22,161.33,56.25360606060606,34.94735606060606
2021-04-28 13:00:00,43.0,153.91,56.26030303030303,34.94780303030303
2021-04-28 14:00:00,36.22,133.69,56.266999999999996,34.94825
2021-04-28 15:00:00,29.92,118.73,56.27369696969697,34.94869696969697
2021-04-28 16:00:00,25.6,116.0,56.28039393939394,34.94914393939394
2021-04-28 17:00:00,19.92,101.84,56.28709090909091,34.94959090909091
2021-04-28 18:00:00,24.93,93.81,56.29378787878788,34.95003787878788
2021-04-28 19:00:00,22.61,115.53,56.30048484848485,34.95048484848485
2021-04-28 20:00:00,25.39,124.1,56.30718181818182,34.950931818181814
2021-04-28 21:00:00,20.07,104.15,56.313878787878785,34.95137878787879
2021-04-28 22:00:00,24.08,94.91,56.32057575757575,34.951825757575754
2021-04-28 23:00:00,25.0,91.69,56.32727272727273,34.95227272727273
2021-04-29 00:00:00,24.15,89.46,56.333969696969696,34.952719696969694
2021-04-29 01:00:00,25.7,89.0,56.340666666666664,34.95316666666667
2021-04-29 02:00:00,26.85,89.0,56.34736363636364,34.953613636363634
2021-04-29 03:00:00,16.87,65.75,56.35406060606061,34.95406060606061
2021-04-29 04:00:00,18.38,56.68,56.360757575757575,34.954507575757575
2021-04-29 05:00:00,14.77,49.05,56.36745454545454,34.95495454545455
2021-04-29 06:00:00,15.7,41.59,56.37415151515152,34.955401515151515
2021-04-29 07:00:00,16.0,53.13,56.380848484848485,34.95584848484848
2021-04-29 08:00:00,30.4,88.66,56.38754545454545,34.956295454545455
2021-04-29 09:00:00,28.77,88.7,56.39424242424242,34.95674242424242
2021-04-29 10:00:00,27.15,88.18,56.400939393939396,34.957189393939395
2021-04-29 11:00:00,32.93,107.76,56.407636363636364,34.95763636363636
2021-04-29 12:00:00,34.85,121.5,56.41433333333333,34.958083333333335
2021-04-29 13:00:00,34.15,102.45,56.4210303030303,34.9585303030303
2021-04-29 14:00:00,23.02,85.96,56.427727272727275,34.958977272727275
2021-04-29 15:00:00,21.0,73.0,56.43442424242424,34.95942424242424
2021-04-29 16:00:00,17.61,68.45,56.44112121212121,34.959871212121215
2021-04-29 17:00:00,16.15,64.15,56.44781818181818,34.96031818181818
2021-04-29 18:00:00,20.23,66.0,56.45451515151515,34.960765151515155
2021-04-29 19:00:00,20.16,62.0,56.46121212121212,34.96121212121212
2021-04-29 20:00:00,14.92,56.62,56.46790909090909,34.96165909090909
2021-04-29 21:00:00,17.39,55.77,56.474606060606064,34.96210606060606
2021-04-29 22:00:00,19.7,56.0,56.48130303030303,34.96255303030303
2021-04-29 23:00:00,28.45,55.23,56.488,34.963
2021-04-30 00:00:00,24.93,63.49,56.49469696969697,34.96344696969697
2021-04-30 01:00:00,20.61,59.82,56.501393939393935,34.96389393939394
2021-04-30 02:00:00,26.78,54.91,56.50809090909091,34.96434090909091
2021-04-30 03:00:00,27.16,54.0,56.51478787878788,34.96478787878788
2021-04-30 04:00:00,23.62,50.92,56.521484848484846,34.96523484848485
2021-04-30 05:00:00,29.75,60.04,56.52818181818182,34.96568181818182
2021-04-30 06:00:00,38.6,79.22,56.53487878787879,34.96612878787879
2021-04-30 07:00:00,53.51,114.89,56.54157575757576,34.966575757575754
2021-04-30 08:00:00,66.13,151.8,56.548272727272725,34.96702272727273
2021-04-30 09:00:00,57.87,153.07,56.5549696969697,34.967469696969694
2021-04-30 10:00:00,56.85,152.0,56.56166666666667,34.96791666666667
2021-04-30 11:00:00,55.3,135.0,56.568363636363635,34.968363636363634
2021-04-30 12:00:00,36.36,109.61,56.5750606060606,34.96881060606061
2021-04-30 13:00:00,29.61,91.19,56.58175757575758,34.969257575757574
2021-04-30 14:00:00,22.22,75.64,56.588454545454546,34.96970454545455
2021-04-30 15:00:00,18.47,68.91,56.595151515151514,34.970151515151514
2021-04-30 16:00:00,17.16,62.59,56.60184848484848,34.97059848484849
2021-04-30 17:00:00,17.85,57.15,56.60854545454546,34.971045454545454
2021-04-30 18:00:00,12.93,57.55,56.615242424242425,34.97149242424242
2021-04-30 19:00:00,21.29,60.18,56.62193939393939,34.971939393939394
2021-04-30 20:00:00,21.31,60.92,56.62863636363636,34.97238636363636
2021-04-30 21:00:00,23.54,66.16,56.635333333333335,34.972833333333334
2021-04-30 22:00:00,24.0,57.19,56.6420303030303,34.9732803030303
2021-04-30 23:00:00,19.75,54.0,56.64872727272727,34.973727272727274
2021-05-01 00:00:00,25.78,64.0,56.65542424242424,34.97417424242424
2021-05-01 01:00:00,24.46,66.23,56.662121212121214,34.974621212121214
2021-05-01 02:00:00,24.0,56.0,56.66881818181818,34.97506818181818
2021-05-01 03:00:00,21.46,53.68,56.67551515151515,34.975515151515154
2021-05-01 04:00:00,18.46,45.3,56.68221212121212,34.97596212121212
2021-05-01 05:00:00,17.15,50.72,56.68890909090909,34.976409090909094
2021-05-01 06:00:00,16.16,44.51,56.69560606060606,34.97685606060606
2021-05-01 07:00:00,10.09,44.32,56.70230303030303,34.97730303030303
2021-05-01 08:00:00,20.02,59.7,56.709,34.97775
2021-05-01 09:00:00,24.54,82.34,56.71569696969697,34.97819696969697
2021-05-01 10:00:00,32.62,86.65,56.72239393939394,34.97864393939394
2021-05-01 11:00:00,33.15,77.01,56.72909090909091,34.97909090909091
2021-05-01 12:00:00,27.09,68.92,56.735787878787875,34.97953787878788
2021-05-01 13:00:00,36.25,89.58,56.74248484848485,34.97998484848485
2021-05-01 14:00:00,32.07,89.05,56.74918181818182,34.98043181818182
2021-05-01 15:00:00,27.61,81.61,56.755878787878785,34.98087878787879
2021-05-01 16:00:00,21.07,73.82,56.76257575757576,34.98132575757576
2021-05-01 17:00:00,18.3,62.0,56.76927272727273,34.98177272727273
2021-05-01 18:00:00,18.0,58.9,56.775969696969696,34.98221969696969
2021-05-01 19:00:00,18.85,64.95,56.782666666666664,34.98266666666667
2021-05-01 20:00:00,21.54,66.23,56.78936363636364,34.98311363636363
2021-05-01 21:00:00,27.08,68.32,56.79606060606061,34.98356060606061
2021-05-01 22:00:00,29.7,71.32,56.802757575757575,34.98400757575757
2021-05-01 23:00:00,24.09,61.96,56.80945454545454,34.98445454545455
2021-05-02 00:00:00,22.16,56.69,56.81615151515152,34.98490151515151
2021-05-02 01:00:00,21.16,52.23,56.822848484848485,34.98534848484849
2021-05-02 02:00:00,24.39,49.0,56.82954545454545,34.98579545454545
2021-05-02 03:00:00,23.3,47.46,56.83624242424242,34.98624242424243
2021-05-02 04:00:00,26.39,52.41,56.842939393939396,34.98668939393939
2021-05-02 05:00:00,29.54,50.92,56.849636363636364,34.98713636363637
2021-05-02 06:00:00,35.93,77.9,56.85633333333333,34.98758333333333
2021-05-02 07:00:00,31.07,79.03,56.8630303030303,34.9880303030303
2021-05-02 08:00:00,33.38,85.5,56.869727272727275,34.98847727272727
2021-05-02 09:00:00,35.69,89.0,56.87642424242424,34.98892424242424
2021-05-02 10:00:00,31.77,75.0,56.88312121212121,34.98937121212121
2021-05-02 11:00:00,31.0,78.86,56.889818181818185,34.98981818181818
2021-05-02 12:00:00,29.31,86.95,56.89651515151515,34.99026515151515
2021-05-02 13:00:00,28.16,78.19,56.90321212121212,34.99071212121212
2021-05-02 14:00:00,27.16,74.46,56.90990909090909,34.99115909090909
2021-05-02 15:00:00,31.23,73.45,56.91660606060606,34.99160606060606
2021-05-02 16:00:00,23.53,72.23,56.92330303030303,34.99205303030303
2021-05-02 17:00:00,18.62,64.28,56.93,34.9925
2021-05-02 18:00:00,23.08,67.41,56.93669696969697,34.992946969696966
2021-05-02 19:00:00,24.0,79.77,56.94339393939394,34.99339393939394
2021-05-02 20:00:00,39.2,121.47,56.95009090909091,34.993840909090906
2021-05-02 21:00:00,44.53,109.06,56.95678787878788,34.99428787878788
2021-05-02 22:00:00,45.85,96.61,56.963484848484846,34.994734848484846
2021-05-02 23:00:00,50.23,101.92,56.970181818181814,34.99518181818182
2021-05-03 00:00:00,46.77,83.0,56.97687878787879,34.995628787878786
2021-05-03 01:00:00,47.7,93.0,56.98357575757576,34.99607575757576
2021-05-03 02:00:00,46.31,88.38,56.990272727272725,34.996522727272726
2021-05-03 03:00:00,51.07,99.31,56.9969696969697,34.9969696969697
2021-05-03 04:00:00,62.13,97.61,57.00366666666667,34.997416666666666
2021-05-03 05:00:00,51.29,91.15,57.010363636363635,34.99786363636363
2021-05-03 06:00:00,40.53,77.75,57.0170606060606,34.998310606060606
2021-05-03 07:00:00,49.98,91.55,57.02375757575758,34.99875757575757
2021-05-03 08:00:00,63.82,124.16,57.030454545454546,34.999204545454546
2021-05-03 09:00:00,60.07,125.05,57.037151515151514,34.99965151515151
2021-05-03 10:00:00,47.18,99.06,57.04384848484848,35.000098484848486
2021-05-03 11:00:00,49.23,98.92,57.05054545454546,35.00054545454545
2021-05-03 12:00:00,49.15,104.85,57.057242424242425,35.000992424242426
2021-05-03 13:00:00,54.98,125.0,57.06393939393939,35.00143939393939
2021-05-03 14:00:00,54.3,118.05,57.07063636363636,35.001886363636366
2021-05-03 15:00:00,54.84,118.31,57.077333333333335,35.00233333333333
2021-05-03 16:00:00,43.18,102.07,57.0840303030303,35.002780303030306
2021-05-03 17:00:00,31.68,87.77,57.09072727272727,35.00322727272727
2021-05-03 18:00:00,31.7,83.46,57.09742424242424,35.00367424242424
2021-05-03 19:00:00,30.3,81.45,57.104121212121214,35.00412121212121
2021-05-03 20:00:00,29.16,77.92,57.11081818181818,35.00456818181818
2021-05-03 21:00:00,29.0,75.37,57.11751515151515,35.00501515151515
2021-05-03 22:00:00,24.77,67.52,57.124212121212125,35.00546212121212
2021-05-03 23:00:00,24.85,63.54,57.13090909090909,35.00590909090909
2021-05-04 00:00:00,25.0,67.83,57.13760606060606,35.00635606060606
2021-05-04 01:00:00,29.22,72.08,57.14430303030303,35.00680303030303
2021-05-04 02:00:00,30.0,65.31,57.150999999999996,35.00725
2021-05-04 03:00:00,24.93,55.3,57.15769696969697,35.00769696969697
2021-05-04 04:00:00,19.78,42.0,57.16439393939394,35.00814393939394
2021-05-04 05:00:00,20.69,40.0,57.17109090909091,35.008590909090906
2021-05-04 06:00:00,13.38,39.23,57.17778787878788,35.00903787878788
2021-05-04 07:00:00,17.07,47.0,57.18448484848485,35.009484848484846
2021-05-04 08:00:00,34.89,78.55,57.19118181818182,35.00993181818182
2021-05-04 09:00:00,38.0,78.73,57.197878787878786,35.010378787878786
2021-05-04 10:00:00,43.91,91.39,57.20457575757575,35.01082575757576
2021-05-04 11:00:00,43.28,108.68,57.21127272727273,35.011272727272726
2021-05-04 12:00:00,43.0,113.07,57.217969696969696,35.0117196969697
2021-05-04 13:00:00,37.1,96.69,57.224666666666664,35.012166666666666
2021-05-04 14:00:00,27.53,73.92,57.23136363636364,35.01261363636364
2021-05-04 15:00:00,20.09,67.69,57.23806060606061,35.013060606060606
2021-05-04 16:00:00,13.93,71.62,57.244757575757575,35.01350757575757
2021-05-04 17:00:00,22.32,93.0,57.25145454545454,35.013954545454546
2021-05-04 18:00:00,27.38,78.0,57.25815151515152,35.01440151515151
2021-05-04 19:00:00,25.47,79.54,57.264848484848486,35.014848484848486
2021-05-04 20:00:00,23.31,71.53,57.27154545454545,35.01529545454545
2021-05-04 21:00:00,33.17,75.16,57.27824242424242,35.015742424242426
2021-05-04 22:00:00,29.92,73.15,57.284939393939396,35.01618939393939
2021-05-04 23:00:00,34.07,69.69,57.291636363636364,35.016636363636366
2021-05-05 00:00:00,27.4,61.0,57.29833333333333,35.01708333333333
2021-05-05 01:00:00,32.75,71.81,57.3050303030303,35.017530303030306
2021-05-05 02:00:00,23.02,54.23,57.311727272727275,35.01797727272727
2021-05-05 03:00:00,18.47,44.92,57.31842424242424,35.018424242424246
2021-05-05 04:00:00,18.0,40.14,57.32512121212121,35.01887121212121
2021-05-05 05:00:00,18.85,37.46,57.33181818181818,35.01931818181818
2021-05-05 06:00:00,22.38,33.91,57.33851515151515,35.01976515151515
2021-05-05 07:00:00,23.0,38.0,57.34521212121212,35.02021212121212
2021-05-05 08:00:00,25.53,42.0,57.35190909090909,35.02065909090909
2021-05-05 09:00:00,26.0,56.62,57.358606060606064,35.02110606060606
2021-05-05 10:00:00,22.61,62.54,57.36530303030303,35.02155303030303
2021-05-05 11:00:00,26.22,63.0,57.372,35.022
2021-05-05 12:00:00,27.85,78.39,57.37869696969697,35.02244696969697
2021-05-05 13:00:00,24.62,72.23,57.385393939393936,35.02289393939394
2021-05-05 14:00:00,27.38,69.0,57.39209090909091,35.02334090909091
2021-05-05 15:00:00,28.85,69.77,57.39878787878788,35.02378787878788
2021-05-05 16:00:00,23.09,70.0,57.405484848484846,35.024234848484845
2021-05-05 17:00:00,22.84,74.63,57.41218181818182,35.02468181818182
2021-05-05 18:00:00,30.62,89.9,57.41887878787879,35.025128787878785
2021-05-05 19:00:00,26.09,84.0,57.42557575757576,35.02557575757576
2021-05-05 20:00:00,27.54,73.28,57.432272727272725,35.026022727272725
2021-05-05 21:00:00,31.39,68.28,57.4389696969697,35.0264696969697
2021-05-05 22:00:00,30.31,64.38,57.44566666666667,35.026916666666665
2021-05-05 23:00:00,20.71,62.45,57.452363636363636,35.02736363636364
2021-05-06 00:00:00,19.84,53.53,57.4590606060606,35.027810606060605
2021-05-06 01:00:00,22.54,46.15,57.46575757575758,35.02825757575758
2021-05-06 02:00:00,21.31,42.77,57.472454545454546,35.028704545454545
2021-05-06 03:00:00,17.62,37.62,57.479151515151514,35.02915151515152
2021-05-06 04:00:00,14.46,35.23,57.48584848484848,35.029598484848485
2021-05-06 05:00:00,19.91,35.0,57.49254545454546,35.03004545454545
2021-05-06 06:00:00,17.62,28.0,57.499242424242425,35.030492424242425
2021-05-06 07:00:00,20.38,38.0,57.50593939393939,35.03093939393939
2021-05-06 08:00:00,26.93,48.77,57.51263636363636,35.031386363636365
2021-05-06 09:00:00,34.75,69.7,57.519333333333336,35.03183333333333
2021-05-06 10:00:00,32.61,75.0,57.5260303030303,35.032280303030305
2021-05-06 11:00:00,30.3,83.09,57.53272727272727,35.03272727272727
2021-05-06 12:00:00,24.09,82.31,57.53942424242424,35.033174242424245
2021-05-06 13:00:00,19.61,68.42,57.546121212121214,35.03362121212121
2021-05-06 14:00:00,22.38,65.0,57.55281818181818,35.034068181818185
2021-05-06 15:00:00,17.92,64.23,57.55951515151515,35.03451515151515
2021-05-06 16:00:00,21.23,71.72,57.56621212121212,35.03496212121212
2021-05-06 17:00:00,21.16,75.0,57.57290909090909,35.03540909090909
2021-05-06 18:00:00,21.85,63.0,57.57960606060606,35.03585606060606
2021-05-06 19:00:00,22.84,70.69,57.58630303030303,35.03630303030303
2021-05-06 20:00:00,17.09,69.14,57.593,35.03675
2021-05-06 21:00:00,25.29,67.23,57.59969696969697,35.03719696969697
2021-05-06 22:00:00,22.78,65.46,57.60639393939394,35.03764393939394
2021-05-06 23:00:00,36.36,76.54,57.61309090909091,35.03809090909091
2021-05-07 00:00:00,26.35,63.9,57.619787878787875,35.03853787878788
2021-05-07 01:00:00,26.54,54.69,57.62648484848485,35.03898484848485
2021-05-07 02:00:00,21.09,49.36,57.63318181818182,35.03943181818182
2021-05-07 03:00:00,23.39,52.6,57.639878787878786,35.03987878787879
2021-05-07 04:00:00,24.85,51.69,57.64657575757576,35.04032575757576
2021-05-07 05:00:00,23.31,44.82,57.65327272727273,35.040772727272724
2021-05-07 06:00:00,17.07,42.23,57.659969696969696,35.0412196969697
2021-05-07 07:00:00,17.69,42.0,57.666666666666664,35.041666666666664
2021-05-07 08:00:00,29.02,68.16,57.67336363636364,35.04211363636364
2021-05-07 09:00:00,29.31,77.55,57.68006060606061,35.042560606060604
2021-05-07 10:00:00,34.08,88.0,57.686757575757575,35.04300757575758
2021-05-07 11:00:00,31.61,90.0,57.69345454545454,35.043454545454544
2021-05-07 12:00:00,32.68,103.85,57.70015151515152,35.04390151515152
2021-05-07 13:00:00,28.78,93.38,57.706848484848486,35.044348484848484
2021-05-07 14:00:00,29.69,83.61,57.713545454545454,35.04479545454546
2021-05-07 15:00:00,25.78,78.91,57.72024242424242,35.045242424242424
2021-05-07 16:00:00,24.16,66.46,57.726939393939396,35.04568939393939
2021-05-07 17:00:00,20.61,61.46,57.733636363636364,35.046136363636364
2021-05-07 18:00:00,23.38,65.62,57.74033333333333,35.04658333333333
2021-05-07 19:00:00,24.84,67.54,57.7470303030303,35.047030303030304
2021-05-07 20:00:00,24.16,69.08,57.753727272727275,35.04747727272727
2021-05-07 21:00:00,28.22,66.14,57.76042424242424,35.047924242424244
2021-05-07 22:00:00,32.38,71.95,57.76712121212121,35.04837121212121
2021-05-07 23:00:00,29.61,68.61,57.773818181818186,35.048818181818184
2021-05-08 00:00:00,29.84,69.3,57.780515151515154,35.04926515151515
2021-05-08 01:00:00,31.69,66.15,57.78721212121212,35.049712121212124
2021-05-08 02:00:00,25.25,48.0,57.79390909090909,35.05015909090909
2021-05-08 03:00:00,27.38,44.0,57.80060606060606,35.05060606060606
2021-05-08 04:00:00,28.0,48.62,57.80730303030303,35.05105303030303
2021-05-08 05:00:00,19.55,41.53,57.814,35.0515
2021-05-08 06:00:00,18.84,42.08,57.82069696969697,35.05194696969697
2021-05-08 07:00:00,19.84,45.31,57.82739393939394,35.05239393939394
2021-05-08 08:00:00,20.84,49.85,57.83409090909091,35.05284090909091
2021-05-08 09:00:00,23.54,60.27,57.84078787878788,35.05328787878788
2021-05-08 10:00:00,22.3,60.7,57.84748484848485,35.05373484848485
2021-05-08 11:00:00,26.22,69.23,57.854181818181814,35.05418181818182
2021-05-08 12:00:00,32.07,93.55,57.86087878787879,35.05462878787879
2021-05-08 13:00:00,25.4,87.69,57.86757575757576,35.05507575757576
2021-05-08 14:00:00,22.31,66.0,57.874272727272725,35.05552272727273
2021-05-08 15:00:00,19.47,57.0,57.8809696969697,35.0559696969697
2021-05-08 16:00:00,20.69,59.31,57.88766666666667,35.056416666666664
2021-05-08 17:00:00,15.92,62.31,57.894363636363636,35.05686363636364
2021-05-08 18:00:00,22.6,63.0,57.901060606060604,35.057310606060604
2021-05-08 19:00:00,21.47,63.77,57.90775757575758,35.05775757575758
2021-05-08 20:00:00,21.0,57.84,57.91445454545455,35.058204545454544
2021-05-08 21:00:00,15.09,52.15,57.921151515151514,35.05865151515152
2021-05-08 22:00:00,17.38,55.85,57.92784848484848,35.059098484848484
2021-05-08 23:00:00,22.22,62.16,57.93454545454546,35.05954545454546
2021-05-09 00:00:00,17.11,63.07,57.941242424242425,35.059992424242424
2021-05-09 01:00:00,16.84,57.5125,57.94793939393939,35.0604393939394
2021-05-09 02:00:00,17.0,51.955,57.95463636363636,35.060886363636364
2021-05-09 03:00:00,17.0,46.3975,57.961333333333336,35.06133333333333
2021-05-09 04:00:00,14.47,40.84,57.968030303030304,35.061780303030304
2021-05-09 05:00:00,17.38,39.0,57.97472727272727,35.06222727272727
2021-05-09 06:00:00,13.78,39.77,57.98142424242424,35.062674242424244
2021-05-09 07:00:00,13.85,33.0,57.988121212121214,35.06312121212121
2021-05-09 08:00:00,17.38,52.0,57.99481818181818,35.063568181818184
2021-05-09 09:00:00,19.69,73.62,58.00151515151515,35.06401515151515
2021-05-09 10:00:00,26.75,96.93,58.008212121212125,35.064462121212124
2021-05-09 11:00:00,25.47,94.31,58.01490909090909,35.06490909090909
2021-05-09 12:00:00,25.0,90.46,58.02160606060606,35.065356060606064
2021-05-09 13:00:00,19.09,83.84,58.02830303030303,35.06580303030303
2021-05-09 14:00:00,19.69,73.53,58.035,35.06625
2021-05-09 15:00:00,19.16,68.31,58.04169696969697,35.06669696969697
2021-05-09 16:00:00,13.92,65.47,58.04839393939394,35.06714393939394
2021-05-09 17:00:00,16.41,65.0,58.05509090909091,35.06759090909091
2021-05-09 18:00:00,17.0,61.15,58.06178787878788,35.06803787878788
2021-05-09 19:00:00,17.0,56.15,58.06848484848485,35.06848484848485
2021-05-09 20:00:00,17.0,58.07,58.07518181818182,35.06893181818182
2021-05-09 21:00:00,17.85,51.33,58.081878787878786,35.06937878787879
2021-05-09 22:00:00,13.78,48.23,58.088575757575754,35.06982575757576
2021-05-09 23:00:00,14.69,51.08,58.09527272727273,35.07027272727273
2021-05-10 00:00:00,10.78,48.0,58.1019696969697,35.0707196969697
2021-05-10 01:00:00,14.22,41.0,58.108666666666664,35.07116666666667
2021-05-10 02:00:00,5.71,37.93,58.11536363636364,35.07161363636364
2021-05-10 03:00:00,9.91,37.77,58.12206060606061,35.0720606060606
2021-05-10 04:00:00,8.47,35.69,58.128757575757575,35.07250757575758
2021-05-10 05:00:00,10.53,28.1,58.13545454545454,35.07295454545454
2021-05-10 06:00:00,11.0,26.0,58.14215151515152,35.07340151515152
2021-05-10 07:00:00,11.0,32.13,58.148848484848486,35.07384848484848
2021-05-10 08:00:00,11.0,38.31,58.155545454545454,35.07429545454546
2021-05-10 09:00:00,14.38,46.85,58.16224242424242,35.07474242424242
2021-05-10 10:00:00,11.62,49.46,58.1689393939394,35.0751893939394
2021-05-10 11:00:00,16.91,52.07,58.175636363636364,35.07563636363636
2021-05-10 12:00:00,21.38,72.23,58.18233333333333,35.07608333333334
2021-05-10 13:00:00,16.92,68.0,58.1890303030303,35.0765303030303
2021-05-10 14:00:00,12.61,65.77,58.195727272727275,35.07697727272727
2021-05-10 15:00:00,13.69,56.77,58.20242424242424,35.07742424242424
2021-05-10 16:00:00,14.0,55.0,58.20912121212121,35.07787121212121
2021-05-10 17:00:00,14.85,58.09,58.21581818181818,35.07831818181818
2021-05-10 18:00:00,15.85,56.69,58.222515151515154,35.07876515151515
2021-05-10 19:00:00,15.15,50.63,58.22921212121212,35.07921212121212
2021-05-10 20:00:00,18.38,53.62,58.23590909090909,35.07965909090909
2021-05-10 21:00:00,16.48,49.62,58.242606060606064,35.08010606060606
2021-05-10 22:00:00,16.84,43.69,58.24930303030303,35.08055303030303
2021-05-10 23:00:00,18.69,40.77,58.256,35.081
2021-05-11 00:00:00,17.32,39.47,58.26269696969697,35.08144696969697
2021-05-11 01:00:00,16.16,29.77,58.269393939393936,35.08189393939394
2021-05-11 02:00:00,16.84,28.0,58.27609090909091,35.08234090909091
2021-05-11 03:00:00,15.31,25.84,58.28278787878788,35.082787878787876
2021-05-11 04:00:00,17.53,27.08,58.28948484848485,35.08323484848485
2021-05-11 05:00:00,18.84,26.92,58.29618181818182,35.083681818181816
2021-05-11 06:00:00,22.38,28.0,58.30287878787879,35.08412878787879
2021-05-11 07:00:00,18.78,33.0,58.30957575757576,35.084575757575756
2021-05-11 08:00:00,23.07,44.54,58.316272727272725,35.08502272727273
2021-05-11 09:00:00,19.77,81.98,58.32296969696969,35.085469696969696
2021-05-11 10:00:00,20.69,44.0,58.32966666666667,35.08591666666667
2021-05-11 11:00:00,21.0,40.17,58.336363636363636,35.086363636363636
2021-05-11 12:00:00,18.47,39.0,58.343060606060604,35.08681060606061
2021-05-11 13:00:00,18.0,40.53,58.34975757575758,35.087257575757576
2021-05-11 14:00:00,14.62,37.15,58.35645454545455,35.08770454545454
2021-05-11 15:00:00,14.0,38.3,58.363151515151515,35.088151515151516
2021-05-11 16:00:00,13.15,36.69,58.36984848484848,35.08859848484848
2021-05-11 17:00:00,14.69,37.53,58.37654545454546,35.089045454545456
2021-05-11 18:00:00,14.15,39.0,58.383242424242425,35.08949242424242
2021-05-11 19:00:00,19.07,37.0,58.38993939393939,35.089939393939396
2021-05-11 20:00:00,14.09,37.0,58.39663636363636,35.09038636363636
2021-05-11 21:00:00,17.22,35.46,58.403333333333336,35.090833333333336
2021-05-11 22:00:00,16.32,38.85,58.410030303030304,35.0912803030303
2021-05-11 23:00:00,17.69,36.15,58.41672727272727,35.091727272727276
2021-05-12 00:00:00,13.79,33.46,58.42342424242425,35.09217424242424
2021-05-12 01:00:00,16.38,33.0,58.430121212121215,35.092621212121216
2021-05-12 02:00:00,17.0,35.31,58.43681818181818,35.09306818181818
2021-05-12 03:00:00,16.16,32.17,58.44351515151515,35.09351515151515
2021-05-12 04:00:00,33.73,34.44777777777778,58.45021212121212,35.09396212121212
2021-05-12 05:00:00,30.24,36.72555555555556,58.45690909090909,35.09440909090909
2021-05-12 06:00:00,18.87,39.00333333333334,58.46360606060606,35.09485606060606
2021-05-12 07:00:00,15.31,41.281111111111116,58.47030303030303,35.09530303030303
2021-05-12 08:00:00,15.0,43.55888888888889,58.477000000000004,35.09575
2021-05-12 09:00:00,13.32,45.836666666666666,58.48369696969697,35.09619696969697
2021-05-12 10:00:00,14.69,48.114444444444445,58.49039393939394,35.09664393939394
2021-05-12 11:00:00,15.85,50.39222222222222,58.49709090909091,35.09709090909091
2021-05-12 12:00:00,18.52,52.67,58.503787878787875,35.09753787878788
2021-05-12 13:00:00,19.0,51.15,58.51048484848485,35.09798484848485
2021-05-12 14:00:00,14.79,44.0,58.51718181818182,35.098431818181815
2021-05-12 15:00:00,14.85,42.0,58.523878787878786,35.09887878787879
2021-05-12 16:00:00,14.15,38.15,58.53057575757576,35.099325757575755
2021-05-12 17:00:00,14.85,41.62,58.53727272727273,35.09977272727273
2021-05-12 18:00:00,12.47,46.07,58.5439696969697,35.100219696969695
2021-05-12 19:00:00,8.62,53.9,58.550666666666665,35.10066666666667
2021-05-12 20:00:00,11.38,45.23,58.55736363636363,35.101113636363635
2021-05-12 21:00:00,14.53,42.77,58.56406060606061,35.10156060606061
2021-05-12 22:00:00,14.15,37.62,58.570757575757575,35.102007575757575
2021-05-12 23:00:00,15.69,53.0,58.57745454545454,35.10245454545455
2021-05-13 00:00:00,8.43,42.0,58.58415151515152,35.102901515151515
2021-05-13 01:00:00,8.69,49.7,58.590848484848486,35.10334848484848
2021-05-13 02:00:00,15.75,100.3,58.597545454545454,35.103795454545455
2021-05-13 03:00:00,16.16,88.07,58.60424242424243,35.10424242424242
2021-05-13 04:00:00,11.77,67.69,58.6109393939394,35.104689393939395
2021-05-13 05:00:00,17.75,55.53,58.617636363636365,35.10513636363636
2021-05-13 06:00:00,18.15,45.33,58.62433333333333,35.105583333333335
2021-05-13 07:00:00,18.0,59.93,58.6310303030303,35.1060303030303
2021-05-13 08:00:00,18.0,63.94,58.637727272727275,35.106477272727275
2021-05-13 09:00:00,19.68,58.2,58.64442424242424,35.10692424242424
2021-05-13 10:00:00,12.4,57.85,58.65112121212121,35.107371212121215
2021-05-13 11:00:00,15.22,67.47,58.657818181818186,35.10781818181818
2021-05-13 12:00:00,17.69,66.17,58.664515151515154,35.108265151515155
2021-05-13 13:00:00,18.0,65.0,58.67121212121212,35.10871212121212
2021-05-13 14:00:00,10.4,54.27,58.67790909090909,35.10915909090909
2021-05-13 15:00:00,14.07,54.07,58.68460606060606,35.10960606060606
2021-05-13 16:00:00,15.85,49.0,58.69130303030303,35.11005303030303
2021-05-13 17:00:00,16.0,53.0,58.698,35.1105
2021-05-13 18:00:00,16.0,56.07,58.70469696969697,35.11094696969697
2021-05-13 19:00:00,22.75,62.37,58.71139393939394,35.11139393939394
2021-05-13 20:00:00,14.74,62.47,58.71809090909091,35.11184090909091
2021-05-13 21:00:00,19.75,62.77,58.72478787878788,35.11228787878788
2021-05-13 22:00:00,17.62,56.08,58.73148484848485,35.11273484848485
2021-05-13 23:00:00,22.07,59.37,58.738181818181815,35.11318181818182
2021-05-14 00:00:00,22.16,53.33,58.74487878787879,35.11362878787879
2021-05-14 01:00:00,22.84,44.6,58.75157575757576,35.114075757575755
2021-05-14 02:00:00,19.63,40.53,58.758272727272725,35.11452272727273
2021-05-14 03:00:00,15.63,36.38,58.7649696969697,35.114969696969695
2021-05-14 04:00:00,16.69,35.77,58.77166666666667,35.11541666666667
2021-05-14 05:00:00,15.31,38.3,58.778363636363636,35.115863636363635
2021-05-14 06:00:00,13.31,32.87,58.785060606060604,35.11631060606061
2021-05-14 07:00:00,21.45,125.3,58.79175757575757,35.116757575757575
2021-05-14 08:00:00,19.61,83.16,58.79845454545455,35.11720454545455
2021-05-14 09:00:00,19.0,58.0,58.805151515151515,35.117651515151515
2021-05-14 10:00:00,18.16,61.07,58.81184848484848,35.11809848484849
2021-05-14 11:00:00,19.69,60.46,58.81854545454546,35.118545454545455
2021-05-14 12:00:00,20.84,76.1,58.825242424242425,35.11899242424242
2021-05-14 13:00:00,21.0,76.38,58.83193939393939,35.119439393939395
2021-05-14 14:00:00,23.53,75.77,58.83863636363637,35.11988636363636
2021-05-14 15:00:00,17.25,69.84,58.845333333333336,35.120333333333335
2021-05-14 16:00:00,16.0,88.7,58.852030303030304,35.1207803030303
2021-05-14 17:00:00,16.84,82.06,58.85872727272727,35.121227272727275
2021-05-14 18:00:00,15.31,65.66,58.86542424242424,35.12167424242424
2021-05-14 19:00:00,19.21,57.17,58.872121212121215,35.122121212121215
2021-05-14 20:00:00,15.79,54.47,58.87881818181818,35.12256818181818
2021-05-14 21:00:00,13.31,50.93,58.88551515151515,35.123015151515155
2021-05-14 22:00:00,12.15,43.87,58.892212121212125,35.12346212121212
2021-05-14 23:00:00,12.85,43.53,58.89890909090909,35.123909090909095
2021-05-15 00:00:00,11.32,48.6,58.90560606060606,35.12435606060606
2021-05-15 01:00:00,14.37,40.8,58.91230303030303,35.12480303030303
2021-05-15 02:00:00,14.16,39.0,58.919,35.12525
2021-05-15 03:00:00,25.02,46.0,58.92569696969697,35.12569696969697
2021-05-15 04:00:00,18.55,40.63,58.93239393939394,35.12614393939394
2021-05-15 05:00:00,27.17,46.67,58.93909090909091,35.12659090909091
2021-05-15 06:00:00,27.31,44.4,58.94578787878788,35.12703787878788
2021-05-15 07:00:00,19.43,57.62,58.95248484848485,35.12748484848485
2021-05-15 08:00:00,25.6,72.73,58.95918181818182,35.12793181818182
2021-05-15 09:00:00,43.89,83.47,58.965878787878786,35.12837878787879
2021-05-15 10:00:00,47.0,115.6,58.972575757575754,35.12882575757576
2021-05-15 11:00:00,61.36,141.07,58.97927272727273,35.12927272727273
2021-05-15 12:00:00,58.09,139.69,58.9859696969697,35.129719696969694
2021-05-15 13:00:00,56.16,145.13,58.992666666666665,35.13016666666667
2021-05-15 14:00:00,59.38,134.73,58.99936363636364,35.130613636363634
2021-05-15 15:00:00,61.68,139.43,59.00606060606061,35.13106060606061
2021-05-15 16:00:00,80.58,176.5,59.012757575757576,35.131507575757574
2021-05-15 17:00:00,74.71,161.79,59.01945454545454,35.13195454545455
2021-05-15 18:00:00,56.95,144.0,59.02615151515151,35.132401515151514
2021-05-15 19:00:00,55.69,139.38,59.032848484848486,35.13284848484849
2021-05-15 20:00:00,55.16,132.63,59.039545454545454,35.133295454545454
2021-05-15 21:00:00,57.52,131.0,59.04624242424242,35.13374242424243
2021-05-15 22:00:00,48.71,131.0,59.0529393939394,35.134189393939394
2021-05-15 23:00:00,55.42,153.0,59.059636363636365,35.13463636363636
2021-05-16 00:00:00,60.37,186.85,59.06633333333333,35.135083333333334
2021-05-16 01:00:00,37.43,124.79,59.07303030303031,35.1355303030303
2021-05-16 02:00:00,30.46,61.4,59.079727272727276,35.135977272727274
2021-05-16 03:00:00,34.22,56.93,59.08642424242424,35.13642424242424
2021-05-16 04:00:00,29.95,45.27,59.09312121212121,35.136871212121214
2021-05-16 05:00:00,9.58,20.53,59.09981818181818,35.13731818181818
2021-05-16 06:00:00,4.31,11.87,59.106515151515154,35.137765151515154
2021-05-16 07:00:00,5.68,14.8,59.11321212121212,35.13821212121212
2021-05-16 08:00:00,5.16,19.77,59.11990909090909,35.138659090909094
2021-05-16 09:00:00,10.89,35.28,59.126606060606065,35.13910606060606
2021-05-16 10:00:00,11.15,35.4,59.13330303030303,35.139553030303034
2021-05-16 11:00:00,11.85,37.83,59.14,35.14
2021-05-16 12:00:00,12.0,42.07,60.303939393939395,34.89424242424243
2021-05-16 13:00:00,9.47,45.3,61.46787878787879,34.64848484848485
2021-05-16 14:00:00,14.91,40.0,62.63181818181818,34.402727272727276
2021-05-16 15:00:00,16.0,45.0,63.79575757575758,34.156969696969696
2021-05-16 16:00:00,10.95,41.93,64.95969696969696,33.911212121212124
2021-05-16 17:00:00,16.415204422962272,42.53,66.12363636363636,33.665454545454544
2021-05-16 18:00:00,14.442990721257996,41.47,67.28757575757575,33.41969696969697
2021-05-16 19:00:00,16.45523251057085,50.6,68.45151515151515,33.17393939393939
2021-05-16 20:00:00,14.562920859800963,51.0,69.61545454545454,32.92818181818182
2021-05-16 21:00:00,9.54536066811479,60.2,70.77939393939394,32.68242424242425
2021-05-16 22:00:00,12.031735813478484,40.0,71.94333333333333,32.43666666666667
2021-05-16 23:00:00,9.154852259859497,35.3,73.10727272727273,32.190909090909095
2021-05-17 00:00:00,9.334912731771801,37.59,74.27121212121212,31.945151515151515
2021-05-17 01:00:00,8.05004982180159,43.0,75.43515151515152,31.69939393939394
2021-05-17 02:00:00,8.995195808464752,38.4,76.5990909090909,31.453636363636363
2021-05-17 03:00:00,7.821448879613909,30.87,77.7630303030303,31.20787878787879
2021-05-17 04:00:00,8.930947451313934,32.83,78.92696969696969,30.96212121212121
2021-05-17 05:00:00,7.465090963068505,30.8,80.0909090909091,30.71636363636364
2021-05-17 06:00:00,9.516451072783697,19.0,81.25484848484848,30.470606060606062
2021-05-17 07:00:00,5.612193638435947,12.1,82.41878787878788,30.224848484848486
2021-05-17 08:00:00,6.0653696949116185,9.23,83.58272727272727,29.97909090909091
2021-05-17 09:00:00,6.874786978025977,10.53,84.74666666666667,29.733333333333334
2021-05-17 10:00:00,7.961017395634037,17.0,85.91060606060606,29.487575757575758
2021-05-17 11:00:00,6.595665722788527,12.73,87.07454545454544,29.241818181818182
2021-05-17 12:00:00,7.514534732369626,14.34,88.23848484848484,28.996060606060606
2021-05-17 13:00:00,12.66745121501855,18.23,89.40242424242425,28.75030303030303
2021-05-17 14:00:00,9.21738314556559,8.03,90.56636363636363,28.504545454545458
2021-05-17 15:00:00,17.28555837150783,18.03,91.73030303030302,28.258787878787878
2021-05-17 16:00:00,16.033989783347703,32.73,92.89424242424242,28.013030303030305
2021-05-17 17:00:00,21.737657194657277,41.37,94.05818181818182,27.76727272727273
2021-05-17 18:00:00,10.350602452595954,28.43,95.22212121212121,27.521515151515153
2021-05-17 19:00:00,7.4503195962179705,18.62,96.3860606060606,27.275757575757577
2021-05-17 20:00:00,18.433427493877197,41.0,97.55,27.03
2021-05-17 21:00:00,13.201870103346401,38.0,97.55,27.03
2021-05-17 22:00:00,16.510898679703313,34.18,97.55,27.03
2021-05-17 23:00:00,16.631000530936525,27.62,97.55,27.03
2021-05-18 00:00:00,13.14607112431787,28.29,97.55,27.03
2021-05-18 01:00:00,10.17375568764245,26.7,97.55,27.03
2021-05-18 02:00:00,11.97929259205211,27.53,97.55,27.03
2021-05-18 03:00:00,12.987630972242684,28.77,97.55,27.03
2021-05-18 04:00:00,12.208093916709482,30.06,97.55,27.03
2021-05-18 05:00:00,11.074266906003166,35.8,97.55,27.03
2021-05-18 06:00:00,12.8953549543328,33.89,97.55,27.03
2021-05-18 07:00:00,14.887120327396289,38.9,97.55,27.03
2021-05-18 08:00:00,13.21694398161517,34.87,97.55,27.03
2021-05-18 09:00:00,15.305972474849051,31.47,97.55,27.03
2021-05-18 10:00:00,11.378889160633678,38.67,97.55,27.03
2021-05-18 11:00:00,12.075936889368247,52.5,97.55,27.03
2021-05-18 12:00:00,18.159111374821016,59.07,97.55,27.03
2021-05-18 13:00:00,16.585874599924903,66.0,97.55,27.03
2021-05-18 14:00:00,12.28584006126071,65.0,97.55,27.03
2021-05-18 15:00:00,12.011786357394373,69.0,97.55,27.03
2021-05-18 16:00:00,13.496035331527077,70.53,97.55,27.03
2021-05-18 17:00:00,15.677140176839242,62.0,97.55,27.03
2021-05-18 18:00:00,18.175979505365785,58.8,97.55,27.03
2021-05-18 19:00:00,19.229060166080803,59.7,97.55,27.03
2021-05-18 20:00:00,17.100478213212764,69.13,97.55,27.03
2021-05-18 21:00:00,20.26378658711716,64.1,97.55,27.03
2021-05-18 22:00:00,19.814737208639386,58.95,97.55,27.03
2021-05-18 23:00:00,17.739442647300702,58.0,97.55,27.03
2021-05-19 00:00:00,15.118310259989183,57.2,97.55,27.03
2021-05-19 01:00:00,13.166051970559307,40.14,97.55,27.03
2021-05-19 02:00:00,12.268511077831073,30.4,97.55,27.03
2021-05-19 03:00:00,15.26422689561793,29.0,97.55,27.03
2021-05-19 04:00:00,10.528831179437852,29.9390243902439,97.55,27.03
2021-05-19 05:00:00,13.452530456427874,30.878048780487806,97.55,27.03
2021-05-19 06:00:00,14.491767050572308,31.817073170731707,97.55,27.03
2021-05-19 07:00:00,10.488914337116869,32.75609756097561,97.55,27.03
2021-05-19 08:00:00,8.622310216361006,33.69512195121951,97.55,27.03
2021-05-19 09:00:00,8.649668345379236,34.63414634146341,97.55,27.03
2021-05-19 10:00:00,12.961503420151406,35.573170731707314,97.55,27.03
2021-05-19 11:00:00,16.546384898415024,36.51219512195122,97.55,27.03
2021-05-19 12:00:00,24.51074455538149,37.451219512195124,97.55,27.03
2021-05-19 13:00:00,23.502595833088126,38.390243902439025,97.55,27.03
2021-05-19 14:00:00,17.675112425090223,39.329268292682926,97.55,27.03
2021-05-19 15:00:00,16.789117941847103,40.26829268292683,97.55,27.03
2021-05-19 16:00:00,20.71858391286141,41.20731707317073,97.55,27.03
2021-05-19 17:00:00,17.518924585990643,42.14634146341463,97.55,27.03
2021-05-19 18:00:00,26.427779219444112,43.08536585365854,97.55,27.03
2021-05-19 19:00:00,20.646953243799494,44.02439024390244,97.55,27.03
2021-05-19 20:00:00,17.028392315748334,44.96341463414634,97.55,27.03
2021-05-19 21:00:00,19.56261875035419,45.90243902439025,97.55,27.03
2021-05-19 22:00:00,19.039078167380918,46.84146341463415,97.55,27.03
2021-05-19 23:00:00,25.604616903374623,47.78048780487805,97.55,27.03
2021-05-20 00:00:00,22.541419009827678,48.71951219512195,97.55,27.03
2021-05-20 01:00:00,22.64232296200348,49.65853658536585,97.55,27.03
2021-05-20 02:00:00,30.194124892313226,50.59756097560975,97.55,27.03
2021-05-20 03:00:00,27.53050480029172,51.536585365853654,97.55,27.03
2021-05-20 04:00:00,36.819446161187116,52.475609756097555,97.55,27.03
2021-05-20 05:00:00,39.069916850529886,53.41463414634146,97.55,27.03
2021-05-20 06:00:00,37.43581088602013,54.353658536585364,97.55,27.03
2021-05-20 07:00:00,35.466931296314954,55.292682926829265,97.55,27.03
2021-05-20 08:00:00,31.866996364908907,56.23170731707317,97.55,27.03
2021-05-20 09:00:00,29.210822619805636,57.170731707317074,97.55,27.03
2021-05-20 10:00:00,34.22832939403724,58.109756097560975,97.55,27.03
2021-05-20 11:00:00,41.196871559691466,59.048780487804876,97.55,27.03
2021-05-20 12:00:00,42.20069138702342,59.98780487804878,97.55,27.03
2021-05-20 13:00:00,40.00045735484985,60.92682926829268,97.55,27.03
2021-05-20 14:00:00,37.85927957390747,61.86585365853659,97.55,27.03
2021-05-20 15:00:00,41.54461216192993,62.80487804878049,97.55,27.03
2021-05-20 16:00:00,39.979705492973146,63.74390243902439,97.55,27.03
2021-05-20 17:00:00,35.2563008338572,64.6829268292683,97.55,27.03
2021-05-20 18:00:00,43.88799220580947,65.6219512195122,97.55,27.03
2021-05-20 19:00:00,28.18360073384932,66.5609756097561,97.55,27.03
2021-05-20 20:00:00,25.700410746004355,67.5,97.55,27.03
2021-05-20 21:00:00,29.7501924390562,68.4390243902439,97.55,27.03
2021-05-20 22:00:00,29.44981678157528,69.3780487804878,97.55,27.03
2021-05-20 23:00:00,28.429672319507183,70.3170731707317,97.55,27.03
2021-05-21 00:00:00,27.808751228697528,71.2560975609756,97.55,27.03
2021-05-21 01:00:00,29.226244147248188,72.1951219512195,97.55,27.03
2021-05-21 02:00:00,26.42463469891057,73.1341463414634,97.55,27.03
2021-05-21 03:00:00,27.791135787503887,74.07317073170731,97.55,27.03
2021-05-21 04:00:00,31.55218588351973,75.01219512195121,97.55,27.03
2021-05-21 05:00:00,37.13464967329007,75.95121951219511,97.55,27.03
2021-05-21 06:00:00,41.68539803868046,76.89024390243902,97.55,27.03
2021-05-21 07:00:00,42.73269872336977,77.82926829268293,97.55,27.03
2021-05-21 08:00:00,45.516783372994816,78.76829268292683,97.55,27.03
2021-05-21 09:00:00,36.37422604526631,79.70731707317073,97.55,27.03
2021-05-21 10:00:00,26.94716773400281,80.64634146341463,97.55,27.03
2021-05-21 11:00:00,29.58043183404783,81.58536585365853,97.55,27.03
2021-05-21 12:00:00,32.42504987992112,82.52439024390245,97.55,27.03
2021-05-21 13:00:00,33.32087121668071,83.46341463414635,97.55,27.03
2021-05-21 14:00:00,30.158139378753145,84.40243902439025,97.55,27.03
2021-05-21 15:00:00,30.37286702721676,85.34146341463415,97.55,27.03
2021-05-21 16:00:00,29.96101247864084,86.28048780487805,97.55,27.03
2021-05-21 17:00:00,28.77355678778958,87.21951219512195,97.55,27.03
2021-05-21 18:00:00,28.2644717876627,88.15853658536585,97.55,27.03
2021-05-21 19:00:00,31.483516225866598,89.09756097560975,97.55,27.03
2021-05-21 20:00:00,36.26281642608215,90.03658536585365,97.55,27.03
2021-05-21 21:00:00,34.6482470907996,90.97560975609755,97.55,27.03
2021-05-21 22:00:00,31.277697639588443,91.91463414634146,97.55,27.03
2021-05-21 23:00:00,44.74451231284854,92.85365853658536,97.55,27.03
2021-05-22 00:00:00,38.82011171620121,93.79268292682926,97.55,27.03
2021-05-22 01:00:00,39.226703232327026,94.73170731707317,97.55,27.03
2021-05-22 02:00:00,26.012493537654947,95.67073170731707,97.55,27.03
2021-05-22 03:00:00,21.493897036502023,96.60975609756098,97.55,27.03
2021-05-22 04:00:00,21.587474481229354,97.54878048780488,97.55,27.03
2021-05-22 05:00:00,23.94715931454918,98.48780487804878,97.55,27.03
2021-05-22 06:00:00,27.906871808537005,99.42682926829268,97.55,27.03
2021-05-22 07:00:00,28.253803642727906,100.36585365853658,97.55,27.03
2021-05-22 08:00:00,26.503673001272663,101.30487804878048,97.55,27.03
2021-05-22 09:00:00,22.26538298225965,102.24390243902438,97.55,27.03
2021-05-22 10:00:00,20.700368643563323,103.18292682926828,97.55,27.03
2021-05-22 11:00:00,26.866885147507357,104.1219512195122,97.55,27.03
2021-05-22 12:00:00,27.10827333599639,105.0609756097561,97.55,27.03
2021-05-22 13:00:00,34.0,106.0,97.55,27.03
2021-05-22 14:00:00,27.27,99.12,97.55,27.03
2021-05-22 15:00:00,28.52,102.0,97.55,27.03
2021-05-22 16:00:00,30.68,122.0,97.55,27.03
2021-05-22 17:00:00,27.62,105.9,97.55,27.03
2021-05-22 18:00:00,23.61,106.35,97.55,27.03
2021-05-22 19:00:00,32.26,109.53,97.55,27.03
2021-05-22 20:00:00,31.48,108.47,97.55,27.03
2021-05-22 21:00:00,33.52,106.94,97.55,27.03
2021-05-22 22:00:00,27.27,95.87,97.55,27.03
2021-05-22 23:00:00,27.68,88.53,97.55,27.03
2021-05-23 00:00:00,22.11,85.95,97.55,27.03
2021-05-23 01:00:00,24.37,85.77,97.55,27.03
2021-05-23 02:00:00,27.52,82.18,97.55,27.03
2021-05-23 03:00:00,23.79,76.4,97.55,27.03
2021-05-23 04:00:00,19.62,67.0,97.55,27.03
2021-05-23 05:00:00,23.21,65.47,97.55,27.03
2021-05-23 06:00:00,23.16,61.84,97.55,27.03
2021-05-23 07:00:00,21.32,58.47,97.55,27.03
2021-05-23 08:00:00,21.84,48.0,97.55,27.03
2021-05-23 09:00:00,21.16,60.98,97.55,27.03
2021-05-23 10:00:00,26.89,76.46,97.55,27.03
2021-05-23 11:00:00,25.48,75.42,97.55,27.03
2021-05-23 12:00:00,29.22,85.0,97.55,27.03
2021-05-23 13:00:00,25.78,85.0,97.55,27.03
2021-05-23 14:00:00,22.48,77.33,97.55,27.03
2021-05-23 15:00:00,26.21,82.64,97.55,27.03
2021-05-23 16:00:00,27.0,75.83,97.55,27.03
2021-05-23 17:00:00,27.0,76.06,97.55,27.03
2021-05-23 18:00:00,22.79,79.0,97.55,27.03
2021-05-23 19:00:00,23.68,80.0,97.55,27.03
2021-05-23 20:00:00,26.52,82.29,97.55,27.03
2021-05-23 21:00:00,25.32,80.71,97.55,27.03
2021-05-23 22:00:00,26.68,78.47,97.55,27.03
2021-05-23 23:00:00,25.32,71.12,97.55,27.03
2021-05-24 00:00:00,26.68,67.47,97.55,27.03
2021-05-24 01:00:00,20.27,59.0,97.55,27.03
2021-05-24 02:00:00,17.32,52.0,97.55,27.03
2021-05-24 03:00:00,17.84,48.0,97.55,27.03
2021-05-24 04:00:00,18.84,45.71,97.55,27.03
2021-05-24 05:00:00,21.52,48.83,97.55,27.03
2021-05-24 06:00:00,17.79,48.47,97.55,27.03
2021-05-24 07:00:00,14.47,48.0,97.55,27.03
2021-05-24 08:00:00,19.05,57.6,97.55,27.03
2021-05-24 09:00:00,27.6,61.42,97.55,27.03
2021-05-24 10:00:00,25.63,69.17,97.55,27.03
2021-05-24 11:00:00,26.68,74.29,97.55,27.03
2021-05-24 12:00:00,23.62,74.47,97.55,27.03
2021-05-24 13:00:00,22.16,76.0,97.55,27.03
2021-05-24 14:00:00,22.84,74.0,97.55,27.03
2021-05-24 15:00:00,23.84,77.06,97.55,27.03
2021-05-24 16:00:00,20.63,74.18,97.55,27.03
2021-05-24 17:00:00,21.68,76.82,97.55,27.03
2021-05-24 18:00:00,22.0,75.71,97.55,27.03
2021-05-24 19:00:00,22.0,76.59,97.55,27.03
2021-05-24 20:00:00,22.84,75.89,97.55,27.03
2021-05-24 21:00:00,26.37,77.06,97.55,27.03
2021-05-24 22:00:00,27.84,76.47,97.55,27.03
2021-05-24 23:00:00,22.93,73.36,97.55,27.03
2021-05-25 00:00:00,21.16,65.25,97.55,27.03
2021-05-25 01:00:00,16.79,62.11,97.55,27.03
2021-05-25 02:00:00,20.21,62.47,97.55,27.03
2021-05-25 03:00:00,21.0,58.84,97.55,27.03
2021-05-25 04:00:00,33.62,70.52,97.55,27.03
2021-05-25 05:00:00,42.73,85.0,97.55,27.03
2021-05-25 06:00:00,35.57,74.0,97.55,27.03
2021-05-25 07:00:00,23.9,60.0,97.55,27.03
2021-05-25 08:00:00,22.84,71.0,97.55,27.03
2021-05-25 09:00:00,26.37,79.43,97.55,27.03
2021-05-25 10:00:00,27.69,80.0,97.55,27.03
2021-05-25 11:00:00,22.95,86.0,97.55,27.03
2021-05-25 12:00:00,22.0,91.37,97.55,27.03
2021-05-25 13:00:00,22.0,86.87,97.55,27.03
2021-05-25 14:00:00,24.52,86.59,97.55,27.03
2021-05-25 15:00:00,21.63,84.84,97.55,27.03
2021-05-25 16:00:00,26.05,85.16,97.55,27.03
2021-05-25 17:00:00,26.16,86.47,97.55,27.03
2021-05-25 18:00:00,21.78,81.42,97.55,27.03
2021-05-25 19:00:00,22.68,80.0,97.55,27.03
2021-05-25 20:00:00,20.48,81.53,97.55,27.03
2021-05-25 21:00:00,24.21,75.89,97.55,27.03
2021-05-25 22:00:00,24.16,71.0,97.55,27.03
2021-05-25 23:00:00,24.0,72.53,97.55,27.03
2021-05-26 00:00:00,20.63,69.95,97.55,27.03
2021-05-26 01:00:00,19.16,58.27,97.55,27.03
2021-05-26 02:00:00,14.79,55.77,97.55,27.03
2021-05-26 03:00:00,17.37,56.53,97.55,27.03
2021-05-26 04:00:00,18.0,55.44,97.55,27.03
2021-05-26 05:00:00,21.37,57.82,97.55,27.03
2021-05-26 06:00:00,23.68,57.47,97.55,27.03
2021-05-26 07:00:00,20.63,60.82,97.55,27.03
2021-05-26 08:00:00,18.32,65.82,97.55,27.03
2021-05-26 09:00:00,17.16,60.12,97.55,27.03
2021-05-26 10:00:00,17.84,62.58,97.55,27.03
2021-05-26 11:00:00,20.52,61.0,97.55,27.03
2021-05-26 12:00:00,21.84,66.0,97.55,27.03
2021-05-26 13:00:00,19.48,69.06,97.55,27.03
2021-05-26 14:00:00,22.37,72.29,97.55,27.03
2021-05-26 15:00:00,22.16,76.82,97.55,27.03
2021-05-26 16:00:00,23.68,78.0,97.55,27.03
2021-05-26 17:00:00,22.32,77.23,97.55,27.03
2021-05-26 18:00:00,24.52,75.4,97.55,27.03
2021-05-26 19:00:00,20.79,74.0,97.55,27.03
2021-05-26 20:00:00,17.47,73.23,97.55,27.03
2021-05-26 21:00:00,22.05,70.71,97.55,27.03
2021-05-26 22:00:00,23.0,73.06,97.55,27.03
2021-05-26 23:00:00,20.48,70.18,97.55,27.03
2021-05-27 00:00:00,19.16,74.33,97.55,27.03
2021-05-27 01:00:00,13.95,68.36,97.55,27.03
2021-05-27 02:00:00,17.22,61.0,97.55,27.03
2021-05-27 03:00:00,16.31,57.0,97.55,27.03
2021-05-27 04:00:00,15.16,55.47,97.55,27.03
2021-05-27 05:00:00,14.16,47.36,97.55,27.03
2021-05-27 06:00:00,13.16,49.58,97.55,27.03
2021-05-27 07:00:00,17.21,54.82,97.55,27.03
2021-05-27 08:00:00,20.52,59.82,97.55,27.03
2021-05-27 09:00:00,15.95,56.78,97.55,27.03
2021-05-27 10:00:00,16.7,55.65,97.55,27.03
2021-05-27 11:00:00,15.32,64.88,97.55,27.03
2021-05-27 12:00:00,19.21,60.89,97.55,27.03
2021-05-27 13:00:00,16.63,59.0,97.55,27.03
2021-05-27 14:00:00,14.32,54.0,97.55,27.03
2021-05-27 15:00:00,16.52,61.0,97.55,27.03
2021-05-27 16:00:00,18.69,59.47,97.55,27.03
2021-05-27 17:00:00,19.0,62.82,97.55,27.03
2021-05-27 18:00:00,11.43,58.65,97.55,27.03
2021-05-27 19:00:00,16.73,60.82,97.55,27.03
2021-05-27 20:00:00,20.52,59.89,97.55,27.03
2021-05-27 21:00:00,20.16,54.86,97.55,27.03
2021-05-27 22:00:00,15.79,49.71,97.55,27.03
2021-05-27 23:00:00,15.0,49.0,97.55,27.03
2021-05-28 00:00:00,15.84,45.95,97.55,27.03
2021-05-28 01:00:00,15.16,48.82,97.55,27.03
2021-05-28 02:00:00,16.68,48.47,97.55,27.03
2021-05-28 03:00:00,13.63,46.0,97.55,27.03
2021-05-28 04:00:00,9.63,47.0,97.55,27.03
2021-05-28 05:00:00,10.68,50.82,97.55,27.03
2021-05-28 06:00:00,16.05,49.71,97.55,27.03
2021-05-28 07:00:00,15.32,56.64,97.55,27.03
2021-05-28 08:00:00,18.37,63.22,97.55,27.03
2021-05-28 09:00:00,15.63,64.89,97.55,27.03
2021-05-28 10:00:00,15.84,64.06,97.55,27.03
2021-05-28 11:00:00,19.37,65.77,97.55,27.03
2021-05-28 12:00:00,17.48,67.53,97.55,27.03
2021-05-28 13:00:00,19.52,68.0,97.55,27.03
2021-05-28 14:00:00,20.84,65.0,97.55,27.03
2021-05-28 15:00:00,15.95,61.0,97.55,27.03
2021-05-28 16:00:00,20.87,67.0,97.55,27.03
2021-05-28 17:00:00,19.48,66.23,97.55,27.03
2021-05-28 18:00:00,19.84,69.16,97.55,27.03
2021-05-28 19:00:00,23.36,70.41,97.55,27.03
2021-05-28 20:00:00,19.8,67.48,97.55,27.03
2021-05-28 21:00:00,17.32,59.36,97.55,27.03
2021-05-28 22:00:00,17.0,63.09,97.55,27.03
2021-05-28 23:00:00,14.47,62.72,97.55,27.03
2021-05-29 00:00:00,13.16,53.0,97.55,27.03
2021-05-29 01:00:00,16.37,53.0,97.55,27.03
2021-05-29 02:00:00,13.63,55.29,97.55,27.03
2021-05-29 03:00:00,17.2,48.36,97.55,27.03
2021-05-29 04:00:00,12.97,48.0,97.55,27.03
2021-05-29 05:00:00,15.37,46.94,97.55,27.03
2021-05-29 06:00:00,16.84,45.24,97.55,27.03
2021-05-29 07:00:00,15.32,38.0,97.55,27.03
2021-05-29 08:00:00,16.68,45.31,97.55,27.03
2021-05-29 09:00:00,17.84,61.93,97.55,27.03
2021-05-29 10:00:00,18.84,68.82,97.55,27.03
2021-05-29 11:00:00,22.36,69.91,97.55,27.03
2021-05-29 12:00:00,23.0,71.0,97.55,27.03
2021-05-29 13:00:00,22.16,70.83333333333333,97.55,27.03
2021-05-29 14:00:00,19.48,70.66666666666667,97.55,27.03
2021-05-29 15:00:00,19.0,70.5,97.55,27.03
2021-05-29 16:00:00,23.21,70.33333333333333,97.55,27.03
2021-05-29 17:00:00,18.97,70.16666666666667,97.55,27.03
2021-05-29 18:00:00,18.0,70.0,97.55,27.03
2021-05-29 19:00:00,25.55,74.75,97.55,27.03
2021-05-29 20:00:00,21.95,75.31,97.55,27.03
2021-05-29 21:00:00,21.84,71.96,97.55,27.03
2021-05-29 22:00:00,21.16,69.568,97.55,27.03
2021-05-29 23:00:00,18.48,67.176,97.55,27.03
2021-05-30 00:00:00,22.21,64.78399999999999,97.55,27.03
2021-05-30 01:00:00,17.95,62.391999999999996,97.55,27.03
2021-05-30 02:00:00,22.87,60.0,97.55,27.03
2021-05-30 03:00:00,24.84,59.0,97.55,27.03
2021-05-30 04:00:00,26.69,55.0,97.55,27.03
2021-05-30 05:00:00,22.79,63.4,97.55,27.03
2021-05-30 06:00:00,18.64,71.8,97.55,27.03
2021-05-30 07:00:00,18.0,80.2,97.55,27.03
2021-05-30 08:00:00,31.52,88.6,97.55,27.03
2021-05-30 09:00:00,38.21,97.0,97.55,27.03
2021-05-30 10:00:00,36.48,102.0,97.55,27.03
2021-05-30 11:00:00,29.27,73.0,97.55,27.03
2021-05-30 12:00:00,20.43,82.0,97.55,27.03
2021-05-30 13:00:00,18.16,77.43,97.55,27.03
2021-05-30 14:00:00,22.2,67.63,97.55,27.03
2021-05-30 15:00:00,20.47,69.57,97.55,27.03
2021-05-30 16:00:00,20.0,69.44,97.55,27.03
2021-05-30 17:00:00,19.16,68.53,97.55,27.03
2021-05-30 18:00:00,23.21,72.82,97.55,27.03
2021-05-30 19:00:00,20.63,73.23,97.55,27.03
2021-05-30 20:00:00,25.03,69.95,97.55,27.03
2021-05-30 21:00:00,25.16,67.48,97.55,27.03
2021-05-30 22:00:00,18.29,60.15,97.55,27.03
2021-05-30 23:00:00,17.84,45.78,97.55,27.03
2021-05-31 00:00:00,18.0,40.0,97.55,27.03
2021-05-31 01:00:00,16.32,40.0,97.55,27.03
2021-05-31 02:00:00,26.94,52.94,97.55,27.03
2021-05-31 03:00:00,31.52,50.91,97.55,27.03
2021-05-31 04:00:00,31.16,49.76,97.55,27.03
2021-05-31 05:00:00,31.0,54.58,97.55,27.03
2021-05-31 06:00:00,30.16,49.91,97.55,27.03
2021-05-31 07:00:00,25.79,50.64,97.55,27.03
2021-05-31 08:00:00,31.72,61.37,97.55,27.03
2021-05-31 09:00:00,30.48,67.05,97.55,27.03
2021-05-31 10:00:00,31.68,75.64,97.55,27.03
2021-05-31 11:00:00,24.45,67.34,97.55,27.03
2021-05-31 12:00:00,17.13,38.81,97.55,27.03
2021-05-31 13:00:00,19.37,34.0,97.55,27.03
2021-05-31 14:00:00,22.52,53.0,97.55,27.03
2021-05-31 15:00:00,17.12,58.33,97.55,27.03
2021-05-31 16:00:00,16.84,63.05,97.55,27.03
2021-05-31 17:00:00,17.0,60.18,97.55,27.03
2021-05-31 18:00:00,19.52,56.72,97.55,27.03
2021-05-31 19:00:00,23.38,64.37,97.55,27.03
2021-05-31 20:00:00,25.68,77.44,97.55,27.03
2021-05-31 21:00:00,31.89,82.3,97.55,27.03
2021-05-31 22:00:00,33.0,82.18,97.55,27.03
2021-05-31 23:00:00,30.48,80.67,97.55,27.03
2021-06-01 00:00:00,35.87,85.09,97.55,27.03
2021-06-01 01:00:00,31.95,80.15,97.55,27.03
2021-06-01 02:00:00,24.29,64.3,97.55,27.03
2021-06-01 03:00:00,19.63,54.0,97.55,27.03
2021-06-01 04:00:00,23.21,54.0,97.55,27.03
2021-06-01 05:00:00,20.63,56.29,97.55,27.03
2021-06-01 06:00:00,27.59,62.33,97.55,27.03
2021-06-01 07:00:00,18.93,57.15,97.55,27.03
2021-06-01 08:00:00,17.84,51.0,97.55,27.03
2021-06-01 09:00:00,18.0,48.91,97.55,27.03
2021-06-01 10:00:00,26.42,55.0,97.55,27.03
2021-06-01 11:00:00,26.32,53.47,97.55,27.03
2021-06-01 12:00:00,20.11,49.2,97.55,27.03
2021-06-01 13:00:00,19.0,47.23,97.55,27.03
2021-06-01 14:00:00,15.63,44.71,97.55,27.03
2021-06-01 15:00:00,11.62,42.0,97.55,27.03
2021-06-01 16:00:00,12.68,40.0,97.55,27.03
2021-06-01 17:00:00,16.36,40.0,97.55,27.03
2021-06-01 18:00:00,12.79,36.95,97.55,27.03
2021-06-01 19:00:00,17.05,39.05,97.55,27.03
2021-06-01 20:00:00,23.03,46.88,97.55,27.03
2021-06-01 21:00:00,21.48,41.42,97.55,27.03
2021-06-01 22:00:00,21.0,38.48,97.55,27.03
2021-06-01 23:00:00,18.48,36.95,97.55,27.03
2021-06-02 00:00:00,23.03,40.58,97.55,27.03
2021-06-02 01:00:00,27.36,41.24,97.55,27.03
2021-06-02 02:00:00,32.2,41.0,97.55,27.03
2021-06-02 03:00:00,34.68,48.0,97.55,27.03
2021-06-02 04:00:00,35.0,50.28,97.55,27.03
2021-06-02 05:00:00,24.9,41.0,97.55,27.03
2021-06-02 06:00:00,26.37,44.0,97.55,27.03
2021-06-02 07:00:00,26.16,47.8,97.55,27.03
2021-06-02 08:00:00,27.68,53.57,97.55,27.03
2021-06-02 09:00:00,31.36,61.85,97.55,27.03
2021-06-02 10:00:00,31.16,59.0,97.55,27.03
2021-06-02 11:00:00,23.43,51.39,97.55,27.03
2021-06-02 12:00:00,19.48,42.73,97.55,27.03
2021-06-02 13:00:00,12.29,37.52,97.55,27.03
2021-06-02 14:00:00,10.16,28.08,97.55,27.03
2021-06-02 15:00:00,8.32,22.05,97.55,27.03
2021-06-02 16:00:00,6.32,28.33,97.55,27.03
2021-06-02 17:00:00,8.53,24.65,97.55,27.03
2021-06-02 18:00:00,11.53,26.8,97.55,27.03
2021-06-02 19:00:00,10.32,28.0,97.55,27.03
2021-06-02 20:00:00,17.57,31.0,97.55,27.03
2021-06-02 21:00:00,15.63,35.0,97.55,27.03
2021-06-02 22:00:00,16.68,44.0,97.55,27.03
2021-06-02 23:00:00,22.87,55.42,97.55,27.03
2021-06-03 00:00:00,21.48,51.39,97.55,27.03
2021-06-03 01:00:00,14.29,44.43,97.55,27.03
2021-06-03 02:00:00,18.05,55.18,97.55,27.03
2021-06-03 03:00:00,14.8,56.91,97.55,27.03
2021-06-03 04:00:00,17.37,51.3,97.55,27.03
2021-06-03 05:00:00,28.91,57.1,97.55,27.03
2021-06-03 06:00:00,37.73,65.33,97.55,27.03
2021-06-03 07:00:00,36.48,58.63,97.55,27.03
2021-06-03 08:00:00,31.8,52.86,97.55,27.03
2021-06-03 09:00:00,31.84,52.28,97.55,27.03
2021-06-03 10:00:00,14.38,21.0,97.55,27.03
2021-06-03 11:00:00,14.37,23.28,97.55,27.03
2021-06-03 12:00:00,20.05,41.0,97.55,27.03
2021-06-03 13:00:00,20.16,50.89,97.55,27.03
2021-06-03 14:00:00,28.39,57.05,97.55,27.03
2021-06-03 15:00:00,18.97,44.38,97.55,27.03
2021-06-03 16:00:00,10.27,25.15,97.55,27.03
2021-06-03 17:00:00,7.32,24.52,97.55,27.03
2021-06-03 18:00:00,7.0,21.2,97.55,27.03
2021-06-03 19:00:00,11.2,22.28,97.55,27.03
2021-06-03 20:00:00,10.32,23.76,97.55,27.03
2021-06-03 21:00:00,11.68,42.33,97.55,27.03
2021-06-03 22:00:00,19.55,54.0,97.55,27.03
2021-06-03 23:00:00,28.56,59.0,97.55,27.03
2021-06-04 00:00:00,26.64,49.0,97.55,27.03
2021-06-04 01:00:00,31.05,60.38,97.55,27.03
2021-06-04 02:00:00,30.32,60.2,97.55,27.03
2021-06-04 03:00:00,23.29,48.34,97.55,27.03
2021-06-04 04:00:00,24.52,45.52,97.55,27.03
2021-06-04 05:00:00,28.37,47.56,97.55,27.03
2021-06-04 06:00:00,26.48,44.78,97.55,27.03
2021-06-04 07:00:00,26.0,47.85,97.55,27.03
2021-06-04 08:00:00,31.03,59.13,97.55,27.03
2021-06-04 09:00:00,35.36,65.82,97.55,27.03
2021-06-04 10:00:00,23.38,49.0,97.55,27.03
2021-06-04 11:00:00,21.0,41.0,97.55,27.03
2021-06-04 12:00:00,20.16,49.0,97.55,27.03
2021-06-04 13:00:00,12.43,39.87,97.55,27.03
2021-06-04 14:00:00,11.0,24.06,97.55,27.03
2021-06-04 15:00:00,8.48,20.0,97.55,27.03
2021-06-04 16:00:00,5.47,16.0,97.55,27.03
2021-06-04 17:00:00,5.0,16.52,97.55,27.03
2021-06-04 18:00:00,4.16,17.76,97.55,27.03
2021-06-04 19:00:00,5.68,15.72,97.55,27.03
2021-06-04 20:00:00,14.39,29.62,97.55,27.03
2021-06-04 21:00:00,17.68,45.11,97.55,27.03
2021-06-04 22:00:00,15.48,41.67,97.55,27.03
2021-06-04 23:00:00,20.03,52.0,97.55,27.03
2021-06-05 00:00:00,18.48,45.0,97.55,27.03
2021-06-05 01:00:00,18.0,45.0,97.55,27.03
2021-06-05 02:00:00,20.52,45.0,97.55,27.03
2021-06-05 03:00:00,31.91,45.0,97.55,27.03
2021-06-05 04:00:00,34.0,45.0,97.55,27.03
2021-06-05 05:00:00,42.42,45.0,97.55,27.03
2021-06-05 06:00:00,44.0,45.0,97.55,27.03
2021-06-05 07:00:00,35.58,45.0,97.55,27.03
2021-06-05 08:00:00,34.0,45.0,97.55,27.03
2021-06-05 09:00:00,39.87,45.0,97.55,27.03
2021-06-05 10:00:00,38.48,45.0,97.55,27.03
2021-06-05 11:00:00,29.61,45.0,97.55,27.03
2021-06-05 12:00:00,32.2,45.0,97.55,27.03
2021-06-05 13:00:00,22.93,45.0,97.55,27.03
2021-06-05 14:00:00,15.95,45.0,97.55,27.03
2021-06-05 15:00:00,12.47,45.0,97.55,27.03
2021-06-05 16:00:00,12.0,45.0,97.55,27.03
2021-06-05 17:00:00,16.2,45.0,97.55,27.03
2021-06-05 18:00:00,16.16,45.0,97.55,27.03
2021-06-05 19:00:00,24.42,45.0,97.55,27.03
2021-06-05 20:00:00,26.84,45.0,97.55,27.03
2021-06-05 21:00:00,32.89,45.0,97.55,27.03
2021-06-05 22:00:00,28.11,45.0,97.55,27.03
2021-06-05 23:00:00,26.15,45.0,97.55,27.03
2021-06-06 00:00:00,35.23,45.0,97.55,27.03
2021-06-06 01:00:00,42.04,45.0,97.55,27.03
2021-06-06 02:00:00,16.91,45.0,97.55,27.03
2021-06-06 03:00:00,11.16,45.0,97.55,27.03
2021-06-06 04:00:00,11.84,45.0,97.55,27.03
2021-06-06 05:00:00,16.2,45.0,97.55,27.03
2021-06-06 06:00:00,15.32,45.0,97.55,27.03
2021-06-06 07:00:00,10.8,45.0,97.55,27.03
2021-06-06 08:00:00,15.02,45.0,97.55,27.03
2021-06-06 09:00:00,21.03,45.0,97.55,27.03
2021-06-06 10:00:00,20.32,45.0,97.55,27.03
2021-06-06 11:00:00,14.97,45.0,97.55,27.03
2021-06-06 12:00:00,9.8,45.0,97.55,27.03
2021-06-06 13:00:00,13.2,45.0,97.55,27.03
2021-06-06 14:00:00,23.26,45.0,97.55,27.03
2021-06-06 15:00:00,20.8,45.0,97.55,27.03
2021-06-06 16:00:00,16.63,45.0,97.55,27.03
2021-06-06 17:00:00,17.68,45.0,97.55,27.03
2021-06-06 18:00:00,18.0,45.0,97.55,27.03
2021-06-06 19:00:00,15.47,45.0,97.55,27.03
2021-06-06 20:00:00,15.84,45.0,97.55,27.03
2021-06-06 21:00:00,19.36,45.0,97.55,27.03
2021-06-06 22:00:00,17.48,45.0,97.55,27.03
2021-06-06 23:00:00,19.52,45.0,97.55,27.03
2021-06-07 00:00:00,19.16,45.0,97.55,27.03
2021-06-07 01:00:00,16.48,45.0,97.55,27.03
2021-06-07 02:00:00,15.16,45.0,97.55,27.03
2021-06-07 03:00:00,16.68,45.0,97.55,27.03
2021-06-07 04:00:00,14.48,45.0,97.55,27.03
2021-06-07 05:00:00,17.36,45.0,97.55,27.03
2021-06-07 06:00:00,15.48,45.0,97.55,27.03
2021-06-07 07:00:00,12.48,45.0,97.55,27.03
2021-06-07 08:00:00,13.68,45.0,97.55,27.03
2021-06-07 09:00:00,19.03,45.0,97.55,27.03
2021-06-07 10:00:00,17.48,45.0,97.55,27.03
2021-06-07 11:00:00,17.0,45.0,97.55,27.03
2021-06-07 12:00:00,18.68,45.0,97.55,27.03
2021-06-07 13:00:00,24.87,45.0,97.55,27.03
2021-06-07 14:00:00,26.84,45.0,97.55,27.03
2021-06-07 15:00:00,18.61,45.0,97.55,27.03
2021-06-07 16:00:00,15.32,45.0,97.55,27.03
2021-06-07 17:00:00,15.0,45.0,97.55,27.03
2021-06-07 18:00:00,15.0,45.0,97.55,27.03
2021-06-07 19:00:00,13.32,45.0,97.55,27.03
2021-06-07 20:00:00,22.23,45.0,97.55,27.03
2021-06-07 21:00:00,17.27,45.0,97.55,27.03
2021-06-07 22:00:00,21.03,45.0,97.55,27.03
2021-06-07 23:00:00,16.13,45.0,97.55,27.03
2021-06-08 00:00:00,15.84,45.0,97.55,27.03
2021-06-08 01:00:00,14.32,45.0,97.55,27.03
2021-06-08 02:00:00,24.07,45.0,97.55,27.03
2021-06-08 03:00:00,36.07,45.0,97.55,27.03
2021-06-08 04:00:00,24.58,45.0,97.55,27.03
2021-06-08 05:00:00,24.52,45.0,97.55,27.03
2021-06-08 06:00:00,26.68,45.0,97.55,27.03
2021-06-08 07:00:00,25.33,45.0,97.55,27.03
2021-06-08 08:00:00,25.0,45.0,97.55,27.03
2021-06-08 09:00:00,19.97,45.0,97.55,27.03
2021-06-08 10:00:00,22.37,45.0,97.55,27.03
2021-06-08 11:00:00,24.68,45.0,97.55,27.03
2021-06-08 12:00:00,9.94,45.0,97.55,27.03
2021-06-08 13:00:00,8.68,45.0,97.55,27.03
2021-06-08 14:00:00,7.32,45.0,97.55,27.03
2021-06-08 15:00:00,12.87,45.0,97.55,27.03
2021-06-08 16:00:00,14.84,45.0,97.55,27.03
2021-06-08 17:00:00,21.73,45.0,97.55,27.03
2021-06-08 18:00:00,17.13,45.0,97.55,27.03
2021-06-08 19:00:00,16.0,45.0,97.55,27.03
2021-06-08 20:00:00,24.39,45.0,97.55,27.03
2021-06-08 21:00:00,27.68,45.0,97.55,27.03
2021-06-08 22:00:00,16.25,45.0,97.55,27.03
2021-06-08 23:00:00,13.16,45.0,97.55,27.03
2021-06-09 00:00:00,12.16,45.0,97.55,27.03
2021-06-09 01:00:00,14.52,45.0,97.55,27.03
2021-06-09 02:00:00,13.32,45.0,97.55,27.03
2021-06-09 03:00:00,11.32,45.0,97.55,27.03
2021-06-09 04:00:00,16.87,45.0,97.55,27.03
2021-06-09 05:00:00,13.79,45.0,97.55,27.03
2021-06-09 06:00:00,9.65,45.0,97.55,27.03
2021-06-09 07:00:00,9.0,45.0,97.55,27.03
2021-06-09 08:00:00,11.52,45.0,97.55,27.03
2021-06-09 09:00:00,8.64,45.0,97.55,27.03
2021-06-09 10:00:00,10.52,45.0,97.55,27.03
2021-06-09 11:00:00,11.0,45.0,97.55,27.03
2021-06-09 12:00:00,15.2,45.0,97.55,27.03
2021-06-09 13:00:00,10.13,45.0,97.55,27.03
2021-06-09 14:00:00,9.0,45.0,97.55,27.03
2021-06-09 15:00:00,8.16,45.0,97.55,27.03
2021-06-09 16:00:00,9.68,45.0,97.55,27.03
2021-06-09 17:00:00,8.32,45.0,97.55,27.03
2021-06-09 18:00:00,16.36,45.0,97.55,27.03
2021-06-09 19:00:00,17.16,45.0,97.55,27.03
2021-06-09 20:00:00,13.64,45.0,97.55,27.03
2021-06-09 21:00:00,16.36,45.0,97.55,27.03
2021-06-09 22:00:00,20.36,45.0,97.55,27.03
2021-06-09 23:00:00,19.32,45.0,97.55,27.03
2021-06-10 00:00:00,13.98,45.0,97.55,27.03
2021-06-10 01:00:00,20.55,45.0,97.55,27.03
2021-06-10 02:00:00,17.8,45.0,97.55,27.03
2021-06-10 03:00:00,19.52,45.0,97.55,27.03
2021-06-10 04:00:00,26.71,45.0,97.55,27.03
2021-06-10 05:00:00,13.69,45.0,97.55,27.03
2021-06-10 06:00:00,12.68,45.0,97.55,27.03
2021-06-10 07:00:00,18.87,45.0,97.55,27.03
2021-06-10 08:00:00,20.84,45.0,97.55,27.03
2021-06-10 09:00:00,17.64,45.0,97.55,27.03
2021-06-10 10:00:00,17.84,45.0,97.55,27.03
2021-06-10 11:00:00,21.36,45.0,97.55,27.03
2021-06-10 12:00:00,11.93,45.0,97.55,27.03
2021-06-10 13:00:00,11.68,45.0,97.55,27.03
2021-06-10 14:00:00,14.51,45.0,97.55,27.03
2021-06-10 15:00:00,16.68,45.0,97.55,27.03
2021-06-10 16:00:00,15.32,45.0,97.55,27.03
2021-06-10 17:00:00,9.97,45.0,97.55,27.03
2021-06-10 18:00:00,9.84,45.0,97.55,27.03
2021-06-10 19:00:00,14.18,45.0,97.55,27.03
2021-06-10 20:00:00,24.26,45.0,97.55,27.03
2021-06-10 21:00:00,11.74,45.0,97.55,27.03
2021-06-10 22:00:00,9.0,45.0,97.55,27.03
2021-06-10 23:00:00,11.52,45.0,97.55,27.03
2021-06-11 00:00:00,12.84,45.0,97.55,27.03
2021-06-11 01:00:00,16.36,45.0,97.55,27.03
2021-06-11 02:00:00,14.48,45.0,97.55,27.03
2021-06-11 03:00:00,17.37,45.0,97.55,27.03
2021-06-11 04:00:00,18.84,45.0,97.55,27.03
2021-06-11 05:00:00,13.96,45.0,97.55,27.03
2021-06-11 06:00:00,11.33,45.0,97.55,27.03
2021-06-11 07:00:00,8.48,45.0,97.55,27.03
2021-06-11 08:00:00,8.84,45.0,97.55,27.03
2021-06-11 09:00:00,8.16,45.0,97.55,27.03
2021-06-11 10:00:00,10.53,45.0,97.55,27.03
2021-06-11 11:00:00,17.71,45.0,97.55,27.03
2021-06-11 12:00:00,18.16,45.0,97.55,27.03
2021-06-11 13:00:00,16.32,45.0,97.55,27.03
2021-06-11 14:00:00,13.49,45.0,97.55,27.03
2021-06-11 15:00:00,16.36,45.0,97.55,27.03
2021-06-11 16:00:00,16.16,45.0,97.55,27.03
2021-06-11 17:00:00,16.84,45.0,97.55,27.03
2021-06-11 18:00:00,13.64,45.0,97.55,27.03
2021-06-11 19:00:00,15.52,45.0,97.55,27.03
2021-06-11 20:00:00,13.48,45.0,97.55,27.03
2021-06-11 21:00:00,13.84,45.0,97.55,27.03
2021-06-11 22:00:00,13.16,45.0,97.55,27.03
2021-06-11 23:00:00,13.0,45.0,97.55,27.03
2021-06-12 00:00:00,11.33,45.0,97.55,27.03
2021-06-12 01:00:00,8.48,45.0,97.55,27.03
2021-06-12 02:00:00,6.33,45.0,97.55,27.03
2021-06-12 03:00:00,16.91,45.0,97.55,27.03
2021-06-12 04:00:00,17.33,45.0,97.55,27.03
2021-06-12 05:00:00,17.0,45.0,97.55,27.03
2021-06-12 06:00:00,9.45,45.0,97.55,27.03
2021-06-12 07:00:00,7.16,45.0,97.55,27.03
2021-06-12 08:00:00,5.32,45.0,97.55,27.03
2021-06-12 09:00:00,8.34,45.0,97.55,27.03
2021-06-12 10:00:00,17.39,45.0,97.55,27.03
2021-06-12 11:00:00,10.58,45.0,97.55,27.03
2021-06-12 12:00:00,10.67,45.0,97.55,27.03
2021-06-12 13:00:00,9.32,45.0,97.55,27.03
2021-06-12 14:00:00,7.33,45.0,97.55,27.03
2021-06-12 15:00:00,9.52,45.0,97.55,27.03
2021-06-12 16:00:00,7.48,45.0,97.55,27.03
2021-06-12 17:00:00,11.2,45.0,97.55,27.03
2021-06-12 18:00:00,11.16,45.0,97.55,27.03
2021-06-12 19:00:00,9.32,45.0,97.55,27.03
2021-06-12 20:00:00,9.0,45.0,97.55,27.03
2021-06-12 21:00:00,9.84,45.0,97.55,27.03
2021-06-12 22:00:00,7.49,45.0,97.55,27.03
2021-06-12 23:00:00,8.68,45.0,97.55,27.03
2021-06-13 00:00:00,7.33,45.0,97.55,27.03
2021-06-13 01:00:00,5.32,45.0,97.55,27.03
2021-06-13 02:00:00,7.51,45.0,97.55,27.03
2021-06-13 03:00:00,13.03,45.0,97.55,27.03
2021-06-13 04:00:00,15.68,45.0,97.55,27.03
2021-06-13 05:00:00,18.52,45.0,97.55,27.03
2021-06-13 06:00:00,13.98,45.0,97.55,27.03
2021-06-13 07:00:00,13.0,45.0,97.55,27.03
2021-06-13 08:00:00,15.52,45.0,97.55,27.03
2021-06-13 09:00:00,18.51,45.0,97.55,27.03
2021-06-13 10:00:00,20.68,45.0,97.55,27.03
2021-06-13 11:00:00,19.32,45.0,97.55,27.03
2021-06-13 12:00:00,18.16,45.0,97.55,27.03
2021-06-13 13:00:00,14.64,45.0,97.55,27.03
2021-06-13 14:00:00,13.16,45.0,97.55,27.03
2021-06-13 15:00:00,18.87,45.0,97.55,27.03
2021-06-13 16:00:00,17.48,45.0,97.55,27.03
2021-06-13 17:00:00,16.16,45.0,97.55,27.03
2021-06-13 18:00:00,16.0,45.0,97.55,27.03
2021-06-13 19:00:00,8.47,45.0,97.55,27.03
2021-06-13 20:00:00,7.0,45.0,97.55,27.03
2021-06-13 21:00:00,7.84,45.0,97.55,27.03
2021-06-13 22:00:00,13.89,45.0,97.55,27.03
2021-06-13 23:00:00,15.84,45.0,97.55,27.03
2021-06-14 00:00:00,12.64,45.0,97.55,27.03
2021-06-14 01:00:00,13.67,45.0,97.55,27.03
2021-06-14 02:00:00,14.0,45.0,97.55,27.03
2021-06-14 03:00:00,11.48,45.0,97.55,27.03
2021-06-14 04:00:00,16.87,45.0,97.55,27.03
2021-06-14 05:00:00,19.68,45.0,97.55,27.03
2021-06-14 06:00:00,14.98,45.0,97.55,27.03
2021-06-14 07:00:00,14.0,45.0,97.55,27.03
2021-06-14 08:00:00,20.69,45.0,97.55,27.03
2021-06-14 09:00:00,26.18,45.0,97.55,27.03
2021-06-14 10:00:00,31.18,45.0,97.55,27.03
2021-06-14 11:00:00,24.48,45.0,97.55,27.03
2021-06-14 12:00:00,24.67,45.0,97.55,27.03
2021-06-14 13:00:00,20.96,45.0,97.55,27.03
2021-06-14 14:00:00,27.36,45.0,97.55,27.03
2021-06-14 15:00:00,23.95,45.0,97.55,27.03
2021-06-14 16:00:00,28.03,45.0,97.55,27.03
2021-06-14 17:00:00,27.32,45.0,97.55,27.03
2021-06-14 18:00:00,28.68,45.0,97.55,27.03
2021-06-14 19:00:00,29.0,45.0,97.55,27.03
2021-06-14 20:00:00,29.84,45.0,97.55,27.03
2021-06-14 21:00:00,28.32,45.0,97.55,27.03
2021-06-14 22:00:00,24.64,45.0,97.55,27.03
2021-06-14 23:00:00,31.52,45.0,97.55,27.03
2021-06-15 00:00:00,26.95,45.0,97.55,27.03
