From Date,PM2.5,PM10,RH,AT
2020-11-01 00:00:00,83.69,,,
2020-11-01 01:00:00,83.69,,,
2020-11-01 02:00:00,83.69,,,
2020-11-01 03:00:00,83.69,,70.99,26.27
2020-11-01 04:00:00,83.69,,70.18,26.47
2020-11-01 05:00:00,54.82,,68.13,26.25
2020-11-01 06:00:00,60.98,,66.61,25.98
2020-11-01 07:00:00,86.22,,68.84,26.7
2020-11-01 08:00:00,94.0,,67.35,28.62
2020-11-01 09:00:00,72.48,,56.26,31.6
2020-11-01 10:00:00,66.0,,47.38,34.01
2020-11-01 11:00:00,71.51,,41.3,35.29
2020-11-01 12:00:00,65.05,,46.94,34.86
2020-11-01 13:00:00,58.23,,54.95,33.99
2020-11-01 14:00:00,47.32,,47.63,34.65
2020-11-01 15:00:00,38.86,,47.94,34.71
2020-11-01 16:00:00,36.31,,54.53,34.0
2020-11-01 17:00:00,38.08,,61.64,32.64
2020-11-01 18:00:00,55.53,,74.26,30.87
2020-11-01 19:00:00,71.95,,78.64,30.14
2020-11-01 20:00:00,69.78,,76.27,30.23
2020-11-01 21:00:00,80.73,,74.37,29.9
2020-11-01 22:00:00,90.45,,82.07,28.83
2020-11-01 23:00:00,95.84,,76.49,28.85
2020-11-02 00:00:00,96.72,,75.21,28.05
2020-11-02 01:00:00,79.4,,72.07,27.84
2020-11-02 02:00:00,87.84,,72.88,27.63
2020-11-02 03:00:00,79.78,,73.14,27.43
2020-11-02 04:00:00,83.73,,75.46,27.41
2020-11-02 05:00:00,63.9,,75.25,27.55
2020-11-02 06:00:00,72.09,,76.74,27.7
2020-11-02 07:00:00,70.36,,79.78,27.8
2020-11-02 08:00:00,76.68,,77.07,28.79
2020-11-02 09:00:00,85.86,,69.84,30.95
2020-11-02 10:00:00,80.42,,58.95,33.67
2020-11-02 11:00:00,80.46,,48.07,35.5
2020-11-02 12:00:00,70.24,,42.13,36.13
2020-11-02 13:00:00,61.55,,41.7,36.5
2020-11-02 14:00:00,64.84,,42.63,36.85
2020-11-02 15:00:00,69.75,,48.62,36.11
2020-11-02 16:00:00,71.69,,52.23,35.34
2020-11-02 17:00:00,67.87,,59.23,34.08
2020-11-02 18:00:00,81.84,,66.08,32.4
2020-11-02 19:00:00,89.0,,75.03,31.27
2020-11-02 20:00:00,89.3711111111111,,78.47,30.63
2020-11-02 21:00:00,89.74222222222222,,78.69,30.22
2020-11-02 22:00:00,90.11333333333333,,80.66,29.62
2020-11-02 23:00:00,90.48444444444445,,78.47,29.42
2020-11-03 00:00:00,90.85555555555555,,80.7,28.73
2020-11-03 01:00:00,91.22666666666667,,80.7,28.65
2020-11-03 02:00:00,91.59777777777778,,82.46,28.27
2020-11-03 03:00:00,91.9688888888889,,79.97,28.41
2020-11-03 04:00:00,92.34,,80.15,28.24
2020-11-03 05:00:00,90.31,,79.13,28.24
2020-11-03 06:00:00,92.08,,78.34,28.54
2020-11-03 07:00:00,89.54,,78.2,29.02
2020-11-03 08:00:00,93.66,,72.44,30.0
2020-11-03 09:00:00,89.99333333333333,,66.05,31.57
2020-11-03 10:00:00,86.32666666666667,,47.78,34.49
2020-11-03 11:00:00,82.66,,39.16,35.96
2020-11-03 12:00:00,66.93,,37.14,36.4
2020-11-03 13:00:00,57.17,,36.14,36.85
2020-11-03 14:00:00,58.45,,37.37,37.43
2020-11-03 15:00:00,58.62,,53.66,36.03
2020-11-03 16:00:00,61.45,,57.61,34.8
2020-11-03 17:00:00,71.27,,71.8,32.88
2020-11-03 18:00:00,83.27,,76.55,31.47
2020-11-03 19:00:00,80.8,,81.39,30.75
2020-11-03 20:00:00,90.45,,80.06,30.38
2020-11-03 21:00:00,98.07,,80.23,29.97
2020-11-03 22:00:00,95.56,,81.62,29.47
2020-11-03 23:00:00,94.0,,82.01,29.36
2020-11-04 00:00:00,92.996,,83.28,29.21
2020-11-04 01:00:00,91.992,,80.71,28.77
2020-11-04 02:00:00,90.988,,80.8,28.51
2020-11-04 03:00:00,89.98400000000001,,80.22,28.31
2020-11-04 04:00:00,88.98,,79.39,28.34
2020-11-04 05:00:00,88.38,,78.98,28.43
2020-11-04 06:00:00,92.45,,81.09,27.99
2020-11-04 07:00:00,98.15,,78.57,28.66
2020-11-04 08:00:00,98.62,,70.4,30.49
2020-11-04 09:00:00,82.78,,58.61,32.5
2020-11-04 10:00:00,76.69,,43.23,34.85
2020-11-04 11:00:00,68.01,,38.68,35.62
2020-11-04 12:00:00,62.62,,37.69,36.13
2020-11-04 13:00:00,62.0,,45.02,35.97
2020-11-04 14:00:00,63.38,,44.38,36.31
2020-11-04 15:00:00,61.93,,43.01,36.7
2020-11-04 16:00:00,64.44,,46.97,35.73
2020-11-04 17:00:00,72.2,,63.08,33.59
2020-11-04 18:00:00,79.15,,73.63,31.65
2020-11-04 19:00:00,94.14,,69.92,30.86
2020-11-04 20:00:00,96.54,,65.58,31.03
2020-11-04 21:00:00,95.69,,64.99,30.7
2020-11-04 22:00:00,93.23,,65.38,30.07
2020-11-04 23:00:00,92.69,,69.36,29.49
2020-11-05 00:00:00,93.0,,73.89,28.99
2020-11-05 01:00:00,93.24,,74.47,28.45
2020-11-05 02:00:00,93.48,,77.57,27.61
2020-11-05 03:00:00,93.72,,85.78,26.08
2020-11-05 04:00:00,93.96000000000001,,78.26,27.34
2020-11-05 05:00:00,94.2,,77.96,26.86
2020-11-05 06:00:00,91.31,,77.64,26.58
2020-11-05 07:00:00,91.0,,75.64,27.06
2020-11-05 08:00:00,93.33333333333333,,66.32,29.78
2020-11-05 09:00:00,95.66666666666667,,55.82,32.51
2020-11-05 10:00:00,98.0,,47.35,34.88
2020-11-05 11:00:00,79.4,,39.1,36.07
2020-11-05 12:00:00,59.93,,34.23,36.59
2020-11-05 13:00:00,54.31,,31.98,37.02
2020-11-05 14:00:00,52.62,,30.94,37.19
2020-11-05 15:00:00,50.62,,35.35,36.81
2020-11-05 16:00:00,50.0,,45.12,35.83
2020-11-05 17:00:00,49.31,,53.9,33.85
2020-11-05 18:00:00,51.76,,52.44,31.78
2020-11-05 19:00:00,59.87,,45.94,31.57
2020-11-05 20:00:00,54.7,,43.81,31.33
2020-11-05 21:00:00,50.31,,47.69,30.17
2020-11-05 22:00:00,57.58,,45.14,30.48
2020-11-05 23:00:00,52.76,,47.71,30.1
2020-11-06 00:00:00,51.08,,55.95,29.08
2020-11-06 01:00:00,56.82,,61.32,28.17
2020-11-06 02:00:00,56.93,,52.83,29.34
2020-11-06 03:00:00,50.47,,47.94,30.04
2020-11-06 04:00:00,43.18,,49.81,29.5
2020-11-06 05:00:00,43.07,,50.34,29.1
2020-11-06 06:00:00,50.89,,55.53,28.37
2020-11-06 07:00:00,63.64,,57.64,28.7
2020-11-06 08:00:00,67.31,,52.13,31.23
2020-11-06 09:00:00,74.58,,44.81,33.89
2020-11-06 10:00:00,73.87,,36.5,35.18
2020-11-06 11:00:00,54.09,,33.25,35.74
2020-11-06 12:00:00,48.76,,33.55,35.7
2020-11-06 13:00:00,47.24,,35.05,36.07
2020-11-06 14:00:00,46.0,,32.83,36.43
2020-11-06 15:00:00,46.69,,33.07,36.67
2020-11-06 16:00:00,43.55,,33.93,36.11
2020-11-06 17:00:00,40.62,,61.96,32.54
2020-11-06 18:00:00,44.15,,67.39,30.79
2020-11-06 19:00:00,51.53,,70.57,29.79
2020-11-06 20:00:00,52.62,,66.74,29.51
2020-11-06 21:00:00,58.89,,61.98,29.92
2020-11-06 22:00:00,58.55,,58.55,30.06
2020-11-06 23:00:00,54.92,,59.5,29.64
2020-11-07 00:00:00,46.42,,60.31,29.51
2020-11-07 01:00:00,59.47,,60.37,29.05
2020-11-07 02:00:00,67.0,,65.74,27.85
2020-11-07 03:00:00,79.0,,67.0,27.27
2020-11-07 04:00:00,91.0,,68.02,27.03
2020-11-07 05:00:00,91.0,,68.85,26.53
2020-11-07 06:00:00,87.5,,73.27,25.77
2020-11-07 07:00:00,84.0,,69.73,26.27
2020-11-07 08:00:00,84.0,,61.61,28.52
2020-11-07 09:00:00,74.19,,51.97,31.04
2020-11-07 10:00:00,64.38,,38.84,33.4
2020-11-07 11:00:00,52.11,,34.49,34.8
2020-11-07 12:00:00,48.31,,34.89,35.3
2020-11-07 13:00:00,46.62,,37.3,36.14
2020-11-07 14:00:00,45.31,,37.95,36.45
2020-11-07 15:00:00,49.13,,37.49,37.43
2020-11-07 16:00:00,52.38,,47.24,35.76
2020-11-07 17:00:00,55.08,,63.47,32.95
2020-11-07 18:00:00,63.58,,69.1,31.13
2020-11-07 19:00:00,66.31,,68.52,30.8
2020-11-07 20:00:00,70.13,,63.58,30.74
2020-11-07 21:00:00,74.75,,63.3,30.17
2020-11-07 22:00:00,79.44,,58.25,30.37
2020-11-07 23:00:00,76.18,,62.63,29.34
2020-11-08 00:00:00,84.98,,68.35,28.42
2020-11-08 01:00:00,90.0,,74.79,27.52
2020-11-08 02:00:00,91.91,,77.92,26.81
2020-11-08 03:00:00,83.18,,81.89,26.18
2020-11-08 04:00:00,85.84,,78.84,26.82
2020-11-08 05:00:00,88.0,,73.86,26.84
2020-11-08 06:00:00,90.25,,70.4,26.69
2020-11-08 07:00:00,92.5,,63.31,27.61
2020-11-08 08:00:00,94.75,,54.68,30.51
2020-11-08 09:00:00,97.0,,42.99,33.19
2020-11-08 10:00:00,68.07,,39.84,34.31
2020-11-08 11:00:00,48.77,,39.14,35.08
2020-11-08 12:00:00,48.76,,40.54,35.63
2020-11-08 13:00:00,47.93,,41.21,36.11
2020-11-08 14:00:00,45.62,,40.51,36.88
2020-11-08 15:00:00,49.82,,39.13,37.48
2020-11-08 16:00:00,49.93,,40.33,37.04
2020-11-08 17:00:00,50.38,,45.5,35.64
2020-11-08 18:00:00,65.47,,56.67,33.08
2020-11-08 19:00:00,78.2,,78.02,30.57
2020-11-08 20:00:00,71.36,,81.3,29.7
2020-11-08 21:00:00,71.82,,80.77,29.4
2020-11-08 22:00:00,79.51,,78.61,29.14
2020-11-08 23:00:00,82.0,,77.14,28.63
2020-11-09 00:00:00,84.695,,74.53,28.2
2020-11-09 01:00:00,87.39,,76.47,27.52
2020-11-09 02:00:00,81.82,,76.53,26.93
2020-11-09 03:00:00,90.8,,73.47,27.16
2020-11-09 04:00:00,86.9,,75.08,26.76
2020-11-09 05:00:00,83.0,,77.71,26.17
2020-11-09 06:00:00,83.0,,77.13,26.11
2020-11-09 07:00:00,82.825,,74.58,26.45
2020-11-09 08:00:00,82.65,,63.5,29.27
2020-11-09 09:00:00,82.475,,50.28,32.59
2020-11-09 10:00:00,82.3,,35.7,33.76
2020-11-09 11:00:00,62.22,,34.59,34.66
2020-11-09 12:00:00,54.62,,36.37,35.21
2020-11-09 13:00:00,53.31,,35.77,35.8
2020-11-09 14:00:00,44.05,,35.12,36.08
2020-11-09 15:00:00,40.69,,35.46,36.17
2020-11-09 16:00:00,38.92,,38.96,35.47
2020-11-09 17:00:00,44.2,,54.08,33.41
2020-11-09 18:00:00,61.47,,74.56,30.57
2020-11-09 19:00:00,72.82,,77.77,29.84
2020-11-09 20:00:00,70.87,,73.5,29.92
2020-11-09 21:00:00,89.67,,69.83,29.67
2020-11-09 22:00:00,99.0,,71.87,28.73
2020-11-09 23:00:00,95.075,,67.23,28.98
2020-11-10 00:00:00,91.15,,75.11,27.23
2020-11-10 01:00:00,87.225,,73.35,27.12
2020-11-10 02:00:00,83.3,,72.04,26.83
2020-11-10 03:00:00,72.18,,70.53,26.75
2020-11-10 04:00:00,71.38,,72.93,26.11
2020-11-10 05:00:00,72.0,,72.25,25.62
2020-11-10 06:00:00,96.0,,67.58,25.81
2020-11-10 07:00:00,87.08,,65.29,26.45
2020-11-10 08:00:00,88.51,,54.45,28.59
2020-11-10 09:00:00,79.93,,42.25,31.29
2020-11-10 10:00:00,67.42,,34.21,32.82
2020-11-10 11:00:00,59.18,,31.02,33.9
2020-11-10 12:00:00,59.76,,29.52,34.5
2020-11-10 13:00:00,61.0,,27.77,34.99
2020-11-10 14:00:00,53.42,,27.25,35.56
2020-11-10 15:00:00,50.69,,25.1,36.15
2020-11-10 16:00:00,52.38,,25.71,36.09
2020-11-10 17:00:00,54.38,,53.93,32.33
2020-11-10 18:00:00,67.4,,68.77,29.52
2020-11-10 19:00:00,75.08,,71.83,28.82
2020-11-10 20:00:00,91.16,,69.53,28.68
2020-11-10 21:00:00,98.0,,67.0,28.38
2020-11-10 22:00:00,99.35,,71.21,27.21
2020-11-10 23:00:00,99.0,,75.44,26.93
2020-11-11 00:00:00,97.14714285714285,,73.65,26.5
2020-11-11 01:00:00,95.29428571428572,,70.03,26.16
2020-11-11 02:00:00,93.44142857142857,,69.62,25.8
2020-11-11 03:00:00,91.58857142857143,,63.97,25.97
2020-11-11 04:00:00,89.73571428571428,,60.0,25.75
2020-11-11 05:00:00,87.88285714285715,,59.95,25.35
2020-11-11 06:00:00,86.03,,57.46,25.16
2020-11-11 07:00:00,75.11,,54.8,25.96
2020-11-11 08:00:00,82.33,,52.45,27.91
2020-11-11 09:00:00,75.29,,35.51,31.12
2020-11-11 10:00:00,59.67,,30.03,32.7
2020-11-11 11:00:00,55.0,,29.04,33.48
2020-11-11 12:00:00,51.0,,28.28,34.04
2020-11-11 13:00:00,51.69,,28.17,34.55
2020-11-11 14:00:00,53.38,,26.62,35.38
2020-11-11 15:00:00,49.2,,25.63,35.81
2020-11-11 16:00:00,50.45,,45.08,33.31
2020-11-11 17:00:00,57.51,,56.28,31.03
2020-11-11 18:00:00,68.93,,65.47,29.3
2020-11-11 19:00:00,66.11,,65.28,28.98
2020-11-11 20:00:00,80.22,,59.76,29.21
2020-11-11 21:00:00,90.06,,52.37,29.55
2020-11-11 22:00:00,82.7,,50.51,29.16
2020-11-11 23:00:00,79.0,,41.56,29.22
2020-11-12 00:00:00,93.84,,36.8,29.39
2020-11-12 01:00:00,87.2,,38.15,28.66
2020-11-12 02:00:00,92.58,,41.34,27.81
2020-11-12 03:00:00,96.0,,46.16,26.82
2020-11-12 04:00:00,92.27,,51.11,26.01
2020-11-12 05:00:00,88.54,,54.46,25.38
2020-11-12 06:00:00,84.81,,64.37,23.58
2020-11-12 07:00:00,82.0,,65.85,23.47
2020-11-12 08:00:00,78.7625,,56.98,27.44
2020-11-12 09:00:00,75.525,,47.38,31.04
2020-11-12 10:00:00,72.2875,,34.89,33.61
2020-11-12 11:00:00,69.05,,32.25,34.49
2020-11-12 12:00:00,51.36,,33.26,34.39
2020-11-12 13:00:00,44.24,,33.79,35.03
2020-11-12 14:00:00,43.0,,36.91,34.99
2020-11-12 15:00:00,45.08,,48.57,34.04
2020-11-12 16:00:00,51.51,,53.87,33.17
2020-11-12 17:00:00,56.07,,59.27,31.89
2020-11-12 18:00:00,76.29,,61.46,30.21
2020-11-12 19:00:00,85.0,,62.48,29.14
2020-11-12 20:00:00,92.44,,63.77,28.09
2020-11-12 21:00:00,96.89,,63.79,27.5
2020-11-12 22:00:00,90.32,,57.99,27.82
2020-11-12 23:00:00,87.38,,60.62,27.37
2020-11-13 00:00:00,88.0,,67.28,26.44
2020-11-13 01:00:00,86.563,,72.58,25.52
2020-11-13 02:00:00,85.126,,74.14,24.88
2020-11-13 03:00:00,83.689,,70.81,25.43
2020-11-13 04:00:00,82.252,,70.07,25.44
2020-11-13 05:00:00,80.815,,71.54,25.19
2020-11-13 06:00:00,79.378,,72.61,25.19
2020-11-13 07:00:00,77.941,,70.38,26.05
2020-11-13 08:00:00,76.50399999999999,,57.17,30.14
2020-11-13 09:00:00,75.067,,49.26,33.41
2020-11-13 10:00:00,73.63,,46.91,35.09
2020-11-13 11:00:00,45.78,,48.88,35.31
2020-11-13 12:00:00,33.87,,49.57,35.61
2020-11-13 13:00:00,32.0,,47.3,36.48
2020-11-13 14:00:00,27.18,,47.19,36.47
2020-11-13 15:00:00,29.13,,57.54,35.28
2020-11-13 16:00:00,31.69,,60.02,34.72
2020-11-13 17:00:00,40.95,,62.49,33.3
2020-11-13 18:00:00,45.69,,66.62,31.66
2020-11-13 19:00:00,46.69,,69.78,30.72
2020-11-13 20:00:00,60.78,,68.15,30.46
2020-11-13 21:00:00,69.75,,67.78,29.74
2020-11-13 22:00:00,63.45,,63.55,29.99
2020-11-13 23:00:00,43.47,,63.75,29.74
2020-11-14 00:00:00,33.94,,64.37,29.54
2020-11-14 01:00:00,32.31,,66.67,29.25
2020-11-14 02:00:00,63.69,,70.94,28.63
2020-11-14 03:00:00,78.0,,72.97,28.16
2020-11-14 04:00:00,81.9275,,75.69,27.77
2020-11-14 05:00:00,85.85499999999999,,75.43,27.78
2020-11-14 06:00:00,89.7825,,76.76,27.74
2020-11-14 07:00:00,93.71,,77.27,28.13
2020-11-14 08:00:00,86.49,,70.35,30.47
2020-11-14 09:00:00,84.0,,62.59,33.25
2020-11-14 10:00:00,54.29,,56.47,35.02
2020-11-14 11:00:00,28.44,,53.73,35.72
2020-11-14 12:00:00,26.51,,50.88,36.23
2020-11-14 13:00:00,20.73,,50.99,36.48
2020-11-14 14:00:00,19.77,,51.44,36.82
2020-11-14 15:00:00,23.07,,53.87,35.69
2020-11-14 16:00:00,16.42,,57.99,34.71
2020-11-14 17:00:00,16.45,,65.69,33.44
2020-11-14 18:00:00,33.84,,74.99,31.64
2020-11-14 19:00:00,40.31,,77.83,31.22
2020-11-14 20:00:00,42.07,,77.63,30.84
2020-11-14 21:00:00,75.38,,76.24,30.82
2020-11-14 22:00:00,90.0,,74.67,30.96
2020-11-14 23:00:00,88.2911111111111,,75.11,30.73
2020-11-15 00:00:00,86.58222222222223,,78.84,30.11
2020-11-15 01:00:00,84.87333333333333,,83.98,28.83
2020-11-15 02:00:00,83.16444444444444,,87.65,27.91
2020-11-15 03:00:00,81.45555555555556,,84.89,28.37
2020-11-15 04:00:00,79.74666666666667,,88.08,27.48
2020-11-15 05:00:00,78.03777777777778,,88.91,27.42
2020-11-15 06:00:00,76.3288888888889,,88.03,27.65
2020-11-15 07:00:00,74.62,,85.1,28.23
2020-11-15 08:00:00,64.87,,75.22,31.03
2020-11-15 09:00:00,51.34,,64.15,33.44
2020-11-15 10:00:00,38.42,,57.42,34.92
2020-11-15 11:00:00,31.55,,53.32,36.0
2020-11-15 12:00:00,26.57,,54.57,36.09
2020-11-15 13:00:00,27.75,,64.11,35.29
2020-11-15 14:00:00,34.51,,63.12,35.41
2020-11-15 15:00:00,35.62,,59.05,35.73
2020-11-15 16:00:00,34.31,,64.84,34.64
2020-11-15 17:00:00,44.29,,70.94,33.28
2020-11-15 18:00:00,63.47,,75.8,31.73
2020-11-15 19:00:00,74.12,,78.98,30.91
2020-11-15 20:00:00,83.58,,72.31,30.98
2020-11-15 21:00:00,87.0,,68.3,31.37
2020-11-15 22:00:00,85.38,,67.26,31.31
2020-11-15 23:00:00,80.0,,71.3,30.55
2020-11-16 00:00:00,77.4675,,68.96,30.49
2020-11-16 01:00:00,74.935,,72.34,30.16
2020-11-16 02:00:00,72.4025,,77.95,28.71
2020-11-16 03:00:00,69.87,,80.12,28.41
2020-11-16 04:00:00,52.98,,75.73,29.02
2020-11-16 05:00:00,50.76,,76.92,28.31
2020-11-16 06:00:00,49.25,,79.61,27.82
2020-11-16 07:00:00,50.74,,77.38,28.8
2020-11-16 08:00:00,63.07,,69.84,31.21
2020-11-16 09:00:00,78.33,,62.16,33.2
2020-11-16 10:00:00,72.71,,56.43,34.79
2020-11-16 11:00:00,58.36,,51.92,35.92
2020-11-16 12:00:00,45.08,,47.28,36.17
2020-11-16 13:00:00,29.29,,43.45,36.97
2020-11-16 14:00:00,26.06,,53.82,35.98
2020-11-16 15:00:00,35.27,,57.74,35.74
2020-11-16 16:00:00,53.47,,61.79,34.9
2020-11-16 17:00:00,68.27,,68.17,33.75
2020-11-16 18:00:00,87.84,,77.2,31.92
2020-11-16 19:00:00,91.56,,75.31,31.34
2020-11-16 20:00:00,91.37,,74.35,30.9
2020-11-16 21:00:00,89.93,,68.0,31.43
2020-11-16 22:00:00,84.18,,68.35,30.98
2020-11-16 23:00:00,78.56,,69.23,30.55
2020-11-17 00:00:00,66.02,,69.16,30.43
2020-11-17 01:00:00,56.87,,65.01,31.12
2020-11-17 02:00:00,44.67,,65.2,30.9
2020-11-17 03:00:00,38.62,,65.19,30.71
2020-11-17 04:00:00,36.63,,68.01,29.98
2020-11-17 05:00:00,36.0,,65.76,30.41
2020-11-17 06:00:00,38.77,,66.22,30.19
2020-11-17 07:00:00,40.0,,67.0,30.1
2020-11-17 08:00:00,36.55,,61.23,31.73
2020-11-17 09:00:00,35.0,,56.78,33.53
2020-11-17 10:00:00,43.95,,52.86,35.89
2020-11-17 11:00:00,39.07,,49.15,36.99
2020-11-17 12:00:00,28.11,,51.75,36.53
2020-11-17 13:00:00,26.38,,60.47,35.59
2020-11-17 14:00:00,39.35,,63.26,34.87
2020-11-17 15:00:00,51.86,,62.21,35.05
2020-11-17 16:00:00,60.51,,63.83,34.39
2020-11-17 17:00:00,69.17,,68.78,33.19
2020-11-17 18:00:00,76.82,,77.26,31.63
2020-11-17 19:00:00,85.2,,77.61,30.96
2020-11-17 20:00:00,79.77,,78.46,30.35
2020-11-17 21:00:00,74.62,,81.18,29.85
2020-11-17 22:00:00,76.75,,82.38,29.53
2020-11-17 23:00:00,73.88,,74.74,29.8
2020-11-18 00:00:00,54.09,,69.38,29.84
2020-11-18 01:00:00,41.18,,65.74,29.78
2020-11-18 02:00:00,47.27,,65.69,29.53
2020-11-18 03:00:00,48.25,,67.66,28.83
2020-11-18 04:00:00,42.88,,71.24,27.79
2020-11-18 05:00:00,41.69,,65.36,28.16
2020-11-18 06:00:00,46.81,,62.43,28.38
2020-11-18 07:00:00,54.51,,64.1,28.62
2020-11-18 08:00:00,65.27,,61.04,29.92
2020-11-18 09:00:00,61.42,,59.68,31.3
2020-11-18 10:00:00,60.06,,58.05,33.05
2020-11-18 11:00:00,63.74,,57.15,34.59
2020-11-18 12:00:00,65.0,,57.31,35.49
2020-11-18 13:00:00,58.11,,59.77,34.69
2020-11-18 14:00:00,55.69,,60.79,34.27
2020-11-18 15:00:00,57.37,,61.33,34.22
2020-11-18 16:00:00,56.62,,60.88,33.94
2020-11-18 17:00:00,49.83,,67.31,32.77
2020-11-18 18:00:00,55.27,,78.05,30.96
2020-11-18 19:00:00,77.6,,81.16,30.26
2020-11-18 20:00:00,82.57,,80.97,29.62
2020-11-18 21:00:00,78.93,,82.52,29.0
2020-11-18 22:00:00,71.11,,78.67,29.37
2020-11-18 23:00:00,65.93,,66.89,30.2
2020-11-19 00:00:00,53.98,,64.87,30.14
2020-11-19 01:00:00,48.31,,66.85,29.85
2020-11-19 02:00:00,47.31,,66.33,29.37
2020-11-19 03:00:00,42.2,,66.81,29.14
2020-11-19 04:00:00,41.38,,67.61,29.24
2020-11-19 05:00:00,43.37,,72.82,28.29
2020-11-19 06:00:00,42.62,,75.73,27.95
2020-11-19 07:00:00,46.12,,74.98,28.08
2020-11-19 08:00:00,48.69,,68.31,29.73
2020-11-19 09:00:00,68.29,,63.75,31.21
2020-11-19 10:00:00,71.51,,60.77,32.08
2020-11-19 11:00:00,64.18,,57.84,33.09
2020-11-19 12:00:00,60.63,,57.45,34.09
2020-11-19 13:00:00,59.31,,56.22,34.69
2020-11-19 14:00:00,57.62,,56.17,34.67
2020-11-19 15:00:00,52.2,,56.27,34.13
2020-11-19 16:00:00,54.12,,57.25,33.24
2020-11-19 17:00:00,60.13,,58.28,32.02
2020-11-19 18:00:00,61.31,,60.04,30.9
2020-11-19 19:00:00,65.12,,66.6,29.64
2020-11-19 20:00:00,68.37,,71.93,28.54
2020-11-19 21:00:00,64.87,,73.0,27.96
2020-11-19 22:00:00,62.31,,61.74,28.51
2020-11-19 23:00:00,45.53,,57.02,28.75
2020-11-20 00:00:00,42.13,,55.84,28.8
2020-11-20 01:00:00,41.94,,63.21,27.56
2020-11-20 02:00:00,49.23,,69.69,26.34
2020-11-20 03:00:00,55.07,,69.06,26.24
2020-11-20 04:00:00,49.8,,66.51,26.45
2020-11-20 05:00:00,44.94,,60.22,27.37
2020-11-20 06:00:00,49.51,,65.6,26.44
2020-11-20 07:00:00,48.55,,65.99,26.84
2020-11-20 08:00:00,49.06,,56.81,29.33
2020-11-20 09:00:00,47.93,,53.64,30.45
2020-11-20 10:00:00,47.0,,51.88,32.29
2020-11-20 11:00:00,53.2,,49.9,33.99
2020-11-20 12:00:00,44.36,,50.96,34.62
2020-11-20 13:00:00,39.69,,54.57,34.23
2020-11-20 14:00:00,42.07,,51.81,34.27
2020-11-20 15:00:00,43.0,,50.9,34.32
2020-11-20 16:00:00,50.55,,57.26,33.27
2020-11-20 17:00:00,61.58,,61.55,31.9
2020-11-20 18:00:00,62.24,,68.69,30.07
2020-11-20 19:00:00,74.73,,71.36,29.25
2020-11-20 20:00:00,88.58,,70.09,28.84
2020-11-20 21:00:00,86.51,,67.12,28.8
2020-11-20 22:00:00,75.77,,76.63,26.98
2020-11-20 23:00:00,78.17,,78.79,26.5
2020-11-21 00:00:00,72.8,,69.85,27.19
2020-11-21 01:00:00,60.77,,69.41,26.79
2020-11-21 02:00:00,70.03,,71.4,26.32
2020-11-21 03:00:00,74.62,,74.37,25.73
2020-11-21 04:00:00,54.77,,74.18,25.39
2020-11-21 05:00:00,51.49,,68.99,26.0
2020-11-21 06:00:00,64.29,,69.99,25.75
2020-11-21 07:00:00,68.31,,69.68,26.3
2020-11-21 08:00:00,80.35,,65.16,28.82
2020-11-21 09:00:00,80.51,,55.46,31.38
2020-11-21 10:00:00,84.2,,50.58,33.39
2020-11-21 11:00:00,66.33,,49.23,34.27
2020-11-21 12:00:00,51.49,,52.15,34.45
2020-11-21 13:00:00,47.62,,54.41,34.8
2020-11-21 14:00:00,49.76,,56.48,34.49
2020-11-21 15:00:00,44.8,,55.43,34.48
2020-11-21 16:00:00,43.38,,54.84,34.1
2020-11-21 17:00:00,44.69,,65.97,31.67
2020-11-21 18:00:00,67.66,,76.19,29.66
2020-11-21 19:00:00,86.92,,78.71,28.9
2020-11-21 20:00:00,97.2,,81.78,28.01
2020-11-21 21:00:00,94.49,,84.49,27.65
2020-11-21 22:00:00,92.0,,86.59,27.21
2020-11-21 23:00:00,91.63499999999999,,88.84,26.61
2020-11-22 00:00:00,91.27,,83.84,26.9
2020-11-22 01:00:00,76.65,,79.34,26.81
2020-11-22 02:00:00,84.98,,83.98,26.22
2020-11-22 03:00:00,85.14875,,86.44,25.45
2020-11-22 04:00:00,85.3175,,86.21,25.45
2020-11-22 05:00:00,85.48625,,85.53,25.11
2020-11-22 06:00:00,85.655,,87.83,24.71
2020-11-22 07:00:00,85.82375,,86.53,25.26
2020-11-22 08:00:00,85.9925,,75.33,28.57
2020-11-22 09:00:00,86.16125,,62.22,32.19
2020-11-22 10:00:00,86.33,,60.27,33.46
2020-11-22 11:00:00,65.34,,58.39,34.28
2020-11-22 12:00:00,65.51,,61.98,33.29
2020-11-22 13:00:00,68.0,,62.6,33.37
2020-11-22 14:00:00,63.23,,59.47,33.52
2020-11-22 15:00:00,54.14,,57.84,33.58
2020-11-22 16:00:00,52.37,,59.79,33.06
2020-11-22 17:00:00,59.2,,65.84,31.73
2020-11-22 18:00:00,63.38,,74.32,30.03
2020-11-22 19:00:00,85.27,,78.73,29.09
2020-11-22 20:00:00,95.0,,84.18,28.34
2020-11-22 21:00:00,94.9575,,87.34,27.43
2020-11-22 22:00:00,94.91499999999999,,88.41,26.72
2020-11-22 23:00:00,94.8725,,90.12,26.06
2020-11-23 00:00:00,94.83,,85.44,26.0
2020-11-23 01:00:00,94.7875,,88.29,24.91
2020-11-23 02:00:00,94.745,,86.49,24.95
2020-11-23 03:00:00,94.7025,,84.47,25.27
2020-11-23 04:00:00,94.66,,82.72,24.82
2020-11-23 05:00:00,95.75,,79.51,24.66
2020-11-23 06:00:00,97.0,,83.74,24.1
2020-11-23 07:00:00,93.35,,83.8,23.61
2020-11-23 08:00:00,89.7,,75.37,27.62
2020-11-23 09:00:00,86.05,,60.63,30.99
2020-11-23 10:00:00,82.4,,47.94,34.1
2020-11-23 11:00:00,78.75,,33.94,35.03
2020-11-23 12:00:00,30.46,,31.58,34.7
2020-11-23 13:00:00,9.62,,30.29,34.6
2020-11-23 14:00:00,15.86,,30.41,34.73
2020-11-23 15:00:00,22.43,,31.33,34.61
2020-11-23 16:00:00,16.39,,35.9,33.47
2020-11-23 17:00:00,15.07,,50.41,31.54
2020-11-23 18:00:00,49.65,,63.09,29.58
2020-11-23 19:00:00,69.13,,67.62,28.64
2020-11-23 20:00:00,73.06,,68.96,28.25
2020-11-23 21:00:00,69.87,,73.06,27.57
2020-11-23 22:00:00,74.2,,74.16,27.37
2020-11-23 23:00:00,81.13,,76.94,26.95
2020-11-24 00:00:00,85.06,,80.81,26.04
2020-11-24 01:00:00,86.0,,79.11,26.42
2020-11-24 02:00:00,86.82714285714286,,80.52,25.4
2020-11-24 03:00:00,87.65428571428572,,82.1,24.91
2020-11-24 04:00:00,88.48142857142858,,81.72,24.54
2020-11-24 05:00:00,89.30857142857143,,82.45,24.35
2020-11-24 06:00:00,90.13571428571429,,81.83,24.2
2020-11-24 07:00:00,90.96285714285715,,77.09,24.55
2020-11-24 08:00:00,91.79,,66.62,27.8
2020-11-24 09:00:00,89.31,,60.16,30.25
2020-11-24 10:00:00,89.0,,51.65,31.89
2020-11-24 11:00:00,69.45,,47.7,33.09
2020-11-24 12:00:00,57.26,,45.72,34.12
2020-11-24 13:00:00,53.94,,54.64,33.98
2020-11-24 14:00:00,69.47,,55.01,33.89
2020-11-24 15:00:00,73.57,,56.61,33.13
2020-11-24 16:00:00,72.0,,54.32,32.94
2020-11-24 17:00:00,66.51,,66.7,31.16
2020-11-24 18:00:00,78.52,,73.15,29.62
2020-11-24 19:00:00,78.07764705882353,,76.38,28.95
2020-11-24 20:00:00,77.63529411764705,,77.39,28.63
2020-11-24 21:00:00,77.19294117647058,,76.64,28.53
2020-11-24 22:00:00,76.75058823529412,,72.62,28.7
2020-11-24 23:00:00,76.30823529411765,,78.29,27.98
2020-11-25 00:00:00,75.86588235294117,,79.61,27.53
2020-11-25 01:00:00,75.4235294117647,,78.67,27.38
2020-11-25 02:00:00,74.98117647058824,,80.35,26.99
2020-11-25 03:00:00,74.53882352941176,,79.87,27.3
2020-11-25 04:00:00,74.09647058823529,,81.62,26.72
2020-11-25 05:00:00,73.65411764705883,,81.43,26.88
2020-11-25 06:00:00,73.21176470588236,,82.22,26.58
2020-11-25 07:00:00,72.76941176470588,,82.66,26.64
2020-11-25 08:00:00,72.32705882352941,,77.73,28.61
2020-11-25 09:00:00,71.88470588235295,,68.06,31.16
2020-11-25 10:00:00,71.44235294117647,,54.06,33.3
2020-11-25 11:00:00,71.0,,44.35,34.48
2020-11-25 12:00:00,58.65,,41.35,34.96
2020-11-25 13:00:00,55.74,,50.2,34.61
2020-11-25 14:00:00,79.64,,58.35,33.85
2020-11-25 15:00:00,94.91,,61.0,33.2
2020-11-25 16:00:00,97.76,,57.34,32.79
2020-11-25 17:00:00,84.64,,57.84,31.99
2020-11-25 18:00:00,83.8,,69.05,29.78
2020-11-25 19:00:00,94.95,,74.44,29.16
2020-11-25 20:00:00,99.0,,80.97,28.27
2020-11-25 21:00:00,98.13214285714285,,80.95,28.04
2020-11-25 22:00:00,97.26428571428572,,77.05,28.14
2020-11-25 23:00:00,96.39642857142857,,82.16,26.93
2020-11-26 00:00:00,95.52857142857142,,85.03,26.55
2020-11-26 01:00:00,94.66071428571428,,83.6,26.57
2020-11-26 02:00:00,93.79285714285714,,80.17,26.89
2020-11-26 03:00:00,92.925,,83.39,26.08
2020-11-26 04:00:00,92.05714285714285,,83.68,25.93
2020-11-26 05:00:00,91.18928571428572,,84.47,25.57
2020-11-26 06:00:00,90.32142857142857,,84.26,25.44
2020-11-26 07:00:00,89.45357142857142,,81.87,25.82
2020-11-26 08:00:00,88.58571428571429,,73.77,27.87
2020-11-26 09:00:00,87.71785714285714,,62.66,30.4
2020-11-26 10:00:00,86.85,,51.28,33.05
2020-11-26 11:00:00,79.93,,39.31,34.75
2020-11-26 12:00:00,74.2,,39.52,35.19
2020-11-26 13:00:00,69.94,,42.46,35.19
2020-11-26 14:00:00,59.36,,47.27,34.9
2020-11-26 15:00:00,70.09,,53.31,33.74
2020-11-26 16:00:00,84.55,,59.61,32.85
2020-11-26 17:00:00,94.86,,64.85,31.82
2020-11-26 18:00:00,98.0,,66.64,30.43
2020-11-26 19:00:00,99.0,,67.52,29.66
2020-11-26 20:00:00,99.0,,72.61,28.64
2020-11-26 21:00:00,97.0,,74.22,28.13
2020-11-26 22:00:00,95.0,,63.84,29.52
2020-11-26 23:00:00,86.08,,58.42,29.77
2020-11-27 00:00:00,76.53,,61.24,28.65
2020-11-27 01:00:00,74.0,,67.73,27.06
2020-11-27 02:00:00,73.31,,67.84,27.11
2020-11-27 03:00:00,72.31,,56.94,28.39
2020-11-27 04:00:00,68.57,,45.96,29.95
2020-11-27 05:00:00,67.0,,42.66,29.93
2020-11-27 06:00:00,64.94,,42.03,29.67
2020-11-27 07:00:00,61.26,,46.52,28.77
2020-11-27 08:00:00,64.12,,45.14,30.42
2020-11-27 09:00:00,68.06,,42.31,32.61
2020-11-27 10:00:00,50.48,,42.8,33.41
2020-11-27 11:00:00,40.63,,42.83,34.06
2020-11-27 12:00:00,38.63,,41.65,34.45
2020-11-27 13:00:00,40.06,,39.79,35.1
2020-11-27 14:00:00,45.12,,36.97,35.65
2020-11-27 15:00:00,43.55,,35.09,35.64
2020-11-27 16:00:00,42.69,,35.73,34.92
2020-11-27 17:00:00,48.49,,35.69,33.8
2020-11-27 18:00:00,57.2,,38.32,32.49
2020-11-27 19:00:00,68.92,,37.83,32.15
2020-11-27 20:00:00,62.71,,39.09,31.52
2020-11-27 21:00:00,56.63,,38.74,31.24
2020-11-27 22:00:00,56.69,,39.32,30.87
2020-11-27 23:00:00,59.74,,40.91,30.13
2020-11-28 00:00:00,67.15,,45.36,28.79
2020-11-28 01:00:00,72.75,,44.7,28.83
2020-11-28 02:00:00,78.8,,47.11,27.95
2020-11-28 03:00:00,77.57,,50.69,27.09
2020-11-28 04:00:00,72.57,,51.59,27.02
2020-11-28 05:00:00,69.63,,50.43,27.56
2020-11-28 06:00:00,67.63,,51.43,27.04
2020-11-28 07:00:00,68.37,,52.55,27.44
2020-11-28 08:00:00,63.51,,55.39,28.1
2020-11-28 09:00:00,58.93,,53.66,29.34
2020-11-28 10:00:00,53.2,,48.69,30.79
2020-11-28 11:00:00,42.12,,46.06,32.06
2020-11-28 12:00:00,29.77,,47.04,32.14
2020-11-28 13:00:00,27.37,,47.88,32.49
2020-11-28 14:00:00,25.94,,48.05,33.01
2020-11-28 15:00:00,27.06,,49.38,33.34
2020-11-28 16:00:00,30.06,,50.68,33.46
2020-11-28 17:00:00,32.37,,52.89,33.0
2020-11-28 18:00:00,37.8,,54.24,32.44
2020-11-28 19:00:00,38.63,,55.24,32.05
2020-11-28 20:00:00,53.11,,54.89,31.99
2020-11-28 21:00:00,49.71,,56.74,31.64
2020-11-28 22:00:00,39.51,,59.27,31.28
2020-11-28 23:00:00,37.0,,62.18,30.87
2020-11-29 00:00:00,35.63,,63.95,30.66
2020-11-29 01:00:00,34.31,,65.18,30.41
2020-11-29 02:00:00,36.05,,68.81,29.72
2020-11-29 03:00:00,38.37,,69.98,29.52
2020-11-29 04:00:00,39.0,,72.49,28.76
2020-11-29 05:00:00,41.06,,74.19,28.41
2020-11-29 06:00:00,69.55,,75.53,28.09
2020-11-29 07:00:00,76.75,,75.87,28.23
2020-11-29 08:00:00,84.72,,67.17,30.74
2020-11-29 09:00:00,91.0,,58.5,32.88
2020-11-29 10:00:00,50.22,,55.0,33.53
2020-11-29 11:00:00,35.2,,53.33,34.34
2020-11-29 12:00:00,28.88,,51.59,34.48
2020-11-29 13:00:00,25.63,,50.04,35.2
2020-11-29 14:00:00,42.15,,52.47,34.84
2020-11-29 15:00:00,38.34,,50.39,34.61
2020-11-29 16:00:00,24.08,,55.59,33.5
2020-11-29 17:00:00,25.49,,62.1,32.31
2020-11-29 18:00:00,28.68,,71.95,30.54
2020-11-29 19:00:00,39.98,,78.34,29.53
2020-11-29 20:00:00,47.07,,77.72,29.32
2020-11-29 21:00:00,53.49,,75.72,29.26
2020-11-29 22:00:00,55.31,,74.96,29.04
2020-11-29 23:00:00,55.69,,73.72,28.97
2020-11-30 00:00:00,56.68,,73.22,28.72
2020-11-30 01:00:00,54.94,,75.65,28.16
2020-11-30 02:00:00,54.0,,72.64,28.56
2020-11-30 03:00:00,46.45,,73.1,28.4
2020-11-30 04:00:00,47.8,,78.55,27.48
2020-11-30 05:00:00,59.61,,82.35,26.76
2020-11-30 06:00:00,63.31,,81.58,26.76
2020-11-30 07:00:00,83.58,,81.24,27.12
2020-11-30 08:00:00,93.0,,75.06,28.93
2020-11-30 09:00:00,70.88,,64.88,32.11
2020-11-30 10:00:00,65.0,,54.73,34.94
2020-11-30 11:00:00,57.45,,51.96,35.51
2020-11-30 12:00:00,42.34,,52.31,35.54
2020-11-30 13:00:00,37.0,,60.53,34.5
2020-11-30 14:00:00,40.35,,58.23,34.87
2020-11-30 15:00:00,41.0825,,,
2020-11-30 16:00:00,41.815,,,
2020-11-30 17:00:00,42.5475,,,
2020-11-30 18:00:00,43.28,,,
2020-11-30 19:00:00,44.0125,,,
2020-11-30 20:00:00,44.745000000000005,,,
2020-11-30 21:00:00,45.4775,,,
2020-11-30 22:00:00,46.21,,,
2020-11-30 23:00:00,46.9425,,,
2020-12-01 00:00:00,47.675,,,
2020-12-01 01:00:00,48.4075,,,
2020-12-01 02:00:00,49.14,,,
2020-12-01 03:00:00,49.8725,,,
2020-12-01 04:00:00,50.605000000000004,,,
2020-12-01 05:00:00,51.3375,,,
2020-12-01 06:00:00,52.07,,,
2020-12-01 07:00:00,52.8025,,,
2020-12-01 08:00:00,53.535,,,
2020-12-01 09:00:00,54.2675,,,
2020-12-01 10:00:00,55.0,,55.14,35.57
2020-12-01 11:00:00,49.51,,52.34,35.72
2020-12-01 12:00:00,41.51,,50.73,36.32
2020-12-01 13:00:00,42.43,,52.45,36.41
2020-12-01 14:00:00,50.83,,53.2,36.0
2020-12-01 15:00:00,55.37,,57.04,35.1
2020-12-01 16:00:00,49.83,,59.88,34.35
2020-12-01 17:00:00,50.43,,63.51,33.27
2020-12-01 18:00:00,60.92,,68.54,31.77
2020-12-01 19:00:00,64.31,,73.24,30.87
2020-12-01 20:00:00,68.8,,76.78,30.22
2020-12-01 21:00:00,68.25,,75.38,29.91
2020-12-01 22:00:00,69.06,,78.04,29.07
2020-12-01 23:00:00,78.23,,81.07,28.38
2020-12-02 00:00:00,79.93,,80.59,28.59
2020-12-02 01:00:00,74.2,,79.89,28.61
2020-12-02 02:00:00,71.31,,81.54,28.01
2020-12-02 03:00:00,76.49,,81.29,27.96
2020-12-02 04:00:00,79.0,,81.69,28.06
2020-12-02 05:00:00,91.73,,83.12,27.51
2020-12-02 06:00:00,82.2,,84.06,27.27
2020-12-02 07:00:00,80.0,,80.85,27.89
2020-12-02 08:00:00,83.47,,71.85,30.57
2020-12-02 09:00:00,86.94,,64.86,32.56
2020-12-02 10:00:00,81.25,,57.15,34.57
2020-12-02 11:00:00,73.17,,49.55,35.47
2020-12-02 12:00:00,57.65,,49.2,35.8
2020-12-02 13:00:00,63.66,,55.13,35.09
2020-12-02 14:00:00,64.9,,60.25,34.53
2020-12-02 15:00:00,64.37,,59.14,34.66
2020-12-02 16:00:00,62.94,,60.52,33.75
2020-12-02 17:00:00,58.57,,69.06,32.04
2020-12-02 18:00:00,62.49,,72.73,30.7
2020-12-02 19:00:00,68.43,,74.52,29.6
2020-12-02 20:00:00,69.31,,75.51,28.57
2020-12-02 21:00:00,72.43,,75.68,28.27
2020-12-02 22:00:00,72.63,,65.84,29.56
2020-12-02 23:00:00,61.02,,62.86,29.43
2020-12-03 00:00:00,60.12,,68.78,28.21
2020-12-03 01:00:00,68.86,,69.16,27.96
2020-12-03 02:00:00,73.37,,76.8,26.33
2020-12-03 03:00:00,84.98,,73.23,26.87
2020-12-03 04:00:00,89.31,,77.66,26.47
2020-12-03 05:00:00,75.97,,73.86,26.44
2020-12-03 06:00:00,65.2,,71.47,26.5
2020-12-03 07:00:00,79.47,,73.91,26.06
2020-12-03 08:00:00,85.63,,65.06,28.22
2020-12-03 09:00:00,79.51,,56.95,30.84
2020-12-03 10:00:00,66.02,,48.03,33.16
2020-12-03 11:00:00,62.37,,41.19,34.61
2020-12-03 12:00:00,56.83,,39.46,35.2
2020-12-03 13:00:00,56.05,,44.67,35.11
2020-12-03 14:00:00,63.18,,49.97,34.31
2020-12-03 15:00:00,65.31,,53.16,33.66
2020-12-03 16:00:00,65.0,,55.78,33.23
2020-12-03 17:00:00,65.0,,59.69,31.93
2020-12-03 18:00:00,65.0,,72.52,29.74
2020-12-03 19:00:00,71.15,,75.15,29.02
2020-12-03 20:00:00,71.94,,73.89,28.26
2020-12-03 21:00:00,73.73,,62.4,29.45
2020-12-03 22:00:00,75.69,,62.34,28.93
2020-12-03 23:00:00,67.08,,62.69,28.57
2020-12-04 00:00:00,82.13,,72.26,26.87
2020-12-04 01:00:00,87.57,,73.09,26.85
2020-12-04 02:00:00,86.0,,75.31,25.7
2020-12-04 03:00:00,85.98,,74.74,25.53
2020-12-04 04:00:00,85.96,,73.64,25.57
2020-12-04 05:00:00,85.94,,74.97,25.46
2020-12-04 06:00:00,77.51,,77.66,24.7
2020-12-04 07:00:00,75.0,,76.88,24.73
2020-12-04 08:00:00,78.97749999999999,,70.59,26.91
2020-12-04 09:00:00,82.955,,61.34,30.04
2020-12-04 10:00:00,86.9325,,47.34,32.8
2020-12-04 11:00:00,90.91,,39.98,33.7
2020-12-04 12:00:00,67.05,,35.42,34.6
2020-12-04 13:00:00,57.0,,32.42,35.45
2020-12-04 14:00:00,51.51,,41.22,34.86
2020-12-04 15:00:00,57.92,,40.39,34.88
2020-12-04 16:00:00,52.39,,45.57,34.0
2020-12-04 17:00:00,54.83,,55.42,32.07
2020-12-04 18:00:00,66.23,,64.57,30.11
2020-12-04 19:00:00,85.03,,72.18,28.94
2020-12-04 20:00:00,87.2,,69.27,28.3
2020-12-04 21:00:00,85.0,,71.03,27.64
2020-12-04 22:00:00,87.14285714285714,,70.72,27.64
2020-12-04 23:00:00,89.28571428571429,,72.52,26.58
2020-12-05 00:00:00,91.42857142857143,,69.17,26.23
2020-12-05 01:00:00,93.57142857142857,,71.29,25.5
2020-12-05 02:00:00,95.71428571428571,,75.5,24.66
2020-12-05 03:00:00,97.85714285714286,,72.67,24.63
2020-12-05 04:00:00,100.0,,74.22,24.29
2020-12-05 05:00:00,100.0,,74.22,24.14
2020-12-05 06:00:00,95.0,,75.17,23.8
2020-12-05 07:00:00,92.94,,75.67,23.83
2020-12-05 08:00:00,92.0,,65.22,27.11
2020-12-05 09:00:00,86.67,,57.33,29.74
2020-12-05 10:00:00,81.34,,44.16,32.94
2020-12-05 11:00:00,61.53,,34.34,34.54
2020-12-05 12:00:00,51.95,,32.43,35.22
2020-12-05 13:00:00,50.31,,26.59,36.18
2020-12-05 14:00:00,41.08,,22.88,36.78
2020-12-05 15:00:00,34.27,,42.08,35.61
2020-12-05 16:00:00,43.33,,54.22,33.62
2020-12-05 17:00:00,54.86,,59.99,31.95
2020-12-05 18:00:00,75.08,,72.82,29.51
2020-12-05 19:00:00,71.38,,79.16,28.43
2020-12-05 20:00:00,67.37,,79.86,27.59
2020-12-05 21:00:00,83.72,,78.93,27.23
2020-12-05 22:00:00,90.31,,75.0,26.89
2020-12-05 23:00:00,90.0,,71.34,27.02
2020-12-06 00:00:00,91.845,,72.85,26.25
2020-12-06 01:00:00,93.69,,77.46,25.15
2020-12-06 02:00:00,97.15,,77.09,24.68
2020-12-06 03:00:00,100.0,,77.31,24.98
2020-12-06 04:00:00,92.4,,80.86,23.99
2020-12-06 05:00:00,92.05,,74.14,23.98
2020-12-06 06:00:00,93.0,,79.18,22.91
2020-12-06 07:00:00,91.66666666666667,,75.5,23.56
2020-12-06 08:00:00,90.33333333333333,,53.84,28.37
2020-12-06 09:00:00,89.0,,45.4,30.56
2020-12-06 10:00:00,67.73,,33.37,33.3
2020-12-06 11:00:00,43.59,,31.09,33.96
2020-12-06 12:00:00,39.05,,28.74,34.61
2020-12-06 13:00:00,37.94,,27.5,35.38
2020-12-06 14:00:00,32.2,,25.87,35.94
2020-12-06 15:00:00,27.25,,24.0,37.13
2020-12-06 16:00:00,26.69,,51.44,33.42
2020-12-06 17:00:00,37.93,,58.21,31.56
2020-12-06 18:00:00,45.74,,64.99,29.25
2020-12-06 19:00:00,57.98,,66.97,28.25
2020-12-06 20:00:00,62.32,,56.19,28.86
2020-12-06 21:00:00,71.57,,53.5,28.34
2020-12-06 22:00:00,82.17,,59.14,27.29
2020-12-06 23:00:00,81.57,,60.62,26.95
2020-12-07 00:00:00,80.0,,63.2,26.44
2020-12-07 01:00:00,75.37,,67.83,25.92
2020-12-07 02:00:00,64.53,,70.09,24.92
2020-12-07 03:00:00,80.61,,69.63,24.82
2020-12-07 04:00:00,83.888,,68.5,24.37
2020-12-07 05:00:00,87.166,,67.21,24.65
2020-12-07 06:00:00,90.444,,63.18,24.95
2020-12-07 07:00:00,93.722,,60.78,25.37
2020-12-07 08:00:00,97.0,,53.89,27.9
2020-12-07 09:00:00,77.1,,40.42,31.7
2020-12-07 10:00:00,46.05,,31.61,34.03
2020-12-07 11:00:00,33.95,,29.2,35.23
2020-12-07 12:00:00,35.73,,29.3,35.38
2020-12-07 13:00:00,34.26,,27.12,35.95
2020-12-07 14:00:00,33.68,,26.29,36.28
2020-12-07 15:00:00,32.63,,26.41,37.33
2020-12-07 16:00:00,32.68,,48.34,34.61
2020-12-07 17:00:00,43.29,,58.77,32.12
2020-12-07 18:00:00,49.37,,64.03,29.93
2020-12-07 19:00:00,50.68,,62.91,29.44
2020-12-07 20:00:00,63.3,,63.49,28.93
2020-12-07 21:00:00,77.23,,66.03,28.1
2020-12-07 22:00:00,81.0,,68.45,27.39
2020-12-07 23:00:00,88.83,,68.11,26.84
2020-12-08 00:00:00,96.66,,73.1,25.47
2020-12-08 01:00:00,95.0,,67.69,25.89
2020-12-08 02:00:00,87.45,,77.19,24.29
2020-12-08 03:00:00,94.93,,69.68,24.98
2020-12-08 04:00:00,100.0,,72.87,23.98
2020-12-08 05:00:00,97.42666666666666,,73.09,24.17
2020-12-08 06:00:00,94.85333333333334,,65.71,24.55
2020-12-08 07:00:00,92.28,,60.38,25.67
2020-12-08 08:00:00,91.0,,55.41,28.38
2020-12-08 09:00:00,76.59,,43.9,31.88
2020-12-08 10:00:00,62.18,,34.21,33.99
2020-12-08 11:00:00,43.02,,33.66,34.89
2020-12-08 12:00:00,37.31,,34.58,35.71
2020-12-08 13:00:00,37.68,,32.5,36.53
2020-12-08 14:00:00,30.48,,39.74,35.97
2020-12-08 15:00:00,31.12,,47.84,34.57
2020-12-08 16:00:00,33.69,,50.32,33.67
2020-12-08 17:00:00,33.31,,54.74,32.17
2020-12-08 18:00:00,37.12,,64.22,29.93
2020-12-08 19:00:00,56.84,,69.76,28.91
2020-12-08 20:00:00,75.93,,69.83,28.31
2020-12-08 21:00:00,81.69,,64.78,28.11
2020-12-08 22:00:00,70.38,,57.1,28.69
2020-12-08 23:00:00,53.38,,54.23,28.93
2020-12-09 00:00:00,45.27,,62.44,28.01
2020-12-09 01:00:00,58.41,,74.62,27.04
2020-12-09 02:00:00,69.8,,72.19,26.59
2020-12-09 03:00:00,72.0,,69.41,26.14
2020-12-09 04:00:00,96.0,,69.97,26.05
2020-12-09 05:00:00,96.0,,70.9,25.98
2020-12-09 06:00:00,88.48,,69.67,26.39
2020-12-09 07:00:00,85.0,,68.42,26.85
2020-12-09 08:00:00,79.53,,62.46,29.11
2020-12-09 09:00:00,81.8,,52.5,31.52
2020-12-09 10:00:00,93.57,,46.21,32.55
2020-12-09 11:00:00,65.2,,38.94,34.32
2020-12-09 12:00:00,35.59,,40.3,35.51
2020-12-09 13:00:00,34.47,,40.77,36.16
2020-12-09 14:00:00,38.37,,42.16,35.66
2020-12-09 15:00:00,51.98,,54.75,33.51
2020-12-09 16:00:00,48.39,,57.37,32.95
2020-12-09 17:00:00,47.42,,63.17,31.58
2020-12-09 18:00:00,58.61,,64.52,30.8
2020-12-09 19:00:00,66.42,,63.51,30.4
2020-12-09 20:00:00,75.55,,61.22,30.85
2020-12-09 21:00:00,90.62,,58.98,30.83
2020-12-09 22:00:00,93.27,,66.44,29.79
2020-12-09 23:00:00,92.0,,71.6,29.25
2020-12-10 00:00:00,91.99142857142857,,73.5,29.47
2020-12-10 01:00:00,91.98285714285714,,73.33,29.25
2020-12-10 02:00:00,91.97428571428571,,74.05,28.67
2020-12-10 03:00:00,91.96571428571428,,74.6,28.49
2020-12-10 04:00:00,91.95714285714286,,74.09,28.3
2020-12-10 05:00:00,91.94857142857143,,67.97,29.25
2020-12-10 06:00:00,91.94,,67.16,28.98
2020-12-10 07:00:00,93.78,,72.4,28.55
2020-12-10 08:00:00,83.02,,70.6,29.46
2020-12-10 09:00:00,80.43,,57.17,32.37
2020-12-10 10:00:00,88.83,,49.25,33.68
2020-12-10 11:00:00,70.73,,43.45,34.8
2020-12-10 12:00:00,48.02,,44.73,35.27
2020-12-10 13:00:00,50.2,,44.69,35.75
2020-12-10 14:00:00,49.2,,53.24,35.18
2020-12-10 15:00:00,53.86,,69.17,33.04
2020-12-10 16:00:00,61.12,,64.32,33.45
2020-12-10 17:00:00,69.83,,67.84,32.72
2020-12-10 18:00:00,87.41,,74.82,31.24
2020-12-10 19:00:00,94.0,,77.31,30.8
2020-12-10 20:00:00,92.73333333333333,,77.74,30.59
2020-12-10 21:00:00,91.46666666666667,,77.13,30.33
2020-12-10 22:00:00,90.2,,79.77,29.88
2020-12-10 23:00:00,82.88,,78.13,29.48
2020-12-11 00:00:00,78.94,,80.02,28.98
2020-12-11 01:00:00,83.47,,81.39,28.46
2020-12-11 02:00:00,86.0,,82.06,28.13
2020-12-11 03:00:00,77.12,,82.27,27.92
2020-12-11 04:00:00,62.07,,81.59,27.78
2020-12-11 05:00:00,48.12,,78.24,27.68
2020-12-11 06:00:00,42.63,,77.63,27.58
2020-12-11 07:00:00,38.58,,76.57,27.59
2020-12-11 08:00:00,45.92,,80.36,27.13
2020-12-11 09:00:00,50.68,,90.39,25.78
2020-12-11 10:00:00,53.05,,88.03,26.12
2020-12-11 11:00:00,45.12,,85.87,26.44
2020-12-11 12:00:00,39.63,,81.57,27.79
2020-12-11 13:00:00,34.9,,75.7,29.16
2020-12-11 14:00:00,36.45,,70.2,30.2
2020-12-11 15:00:00,37.31,,70.1,30.23
2020-12-11 16:00:00,39.06,,68.73,30.8
2020-12-11 17:00:00,53.72,,68.06,30.51
2020-12-11 18:00:00,51.8,,72.61,29.5
2020-12-11 19:00:00,56.2,,77.05,28.91
2020-12-11 20:00:00,60.0,,78.28,28.82
2020-12-11 21:00:00,75.12,,80.31,28.55
2020-12-11 22:00:00,90.24,,82.4,28.29
2020-12-11 23:00:00,74.71,,85.61,27.98
2020-12-12 00:00:00,63.17,,87.59,27.61
2020-12-12 01:00:00,54.53,,88.22,27.25
2020-12-12 02:00:00,53.37,,89.45,27.01
2020-12-12 03:00:00,56.06,,88.42,26.87
2020-12-12 04:00:00,47.39,,88.45,26.55
2020-12-12 05:00:00,39.58,,87.84,26.61
2020-12-12 06:00:00,30.48,,86.55,26.73
2020-12-12 07:00:00,23.57,,86.45,26.82
2020-12-12 08:00:00,36.35,,87.38,26.83
2020-12-12 09:00:00,31.34,,87.45,27.06
2020-12-12 10:00:00,28.73,,84.25,27.86
2020-12-12 11:00:00,30.0,,80.48,28.48
2020-12-12 12:00:00,32.05,,74.37,29.56
2020-12-12 13:00:00,40.52,,69.94,30.38
2020-12-12 14:00:00,46.05,,68.06,30.73
2020-12-12 15:00:00,52.49,,68.63,30.47
2020-12-12 16:00:00,53.63,,74.42,29.9
2020-12-12 17:00:00,52.32,,72.8,29.25
2020-12-12 18:00:00,57.47,,74.72,28.54
2020-12-12 19:00:00,63.42,,80.13,27.91
2020-12-12 20:00:00,69.8,,83.17,27.45
2020-12-12 21:00:00,69.95,,83.8,27.09
2020-12-12 22:00:00,62.17,,83.97,26.81
2020-12-12 23:00:00,60.37,,82.58,26.93
2020-12-13 00:00:00,56.22,,81.88,26.96
2020-12-13 01:00:00,58.1,,81.36,26.99
2020-12-13 02:00:00,60.69,,80.21,27.05
2020-12-13 03:00:00,60.31,,81.61,26.92
2020-12-13 04:00:00,68.23,,90.58,25.7
2020-12-13 05:00:00,72.0,,91.82,25.57
2020-12-13 06:00:00,67.9,,93.58,25.36
2020-12-13 07:00:00,59.14,,93.24,25.5
2020-12-13 08:00:00,51.9,,94.42,25.37
2020-12-13 09:00:00,39.02,,93.43,25.34
2020-12-13 10:00:00,39.47,,90.06,26.16
2020-12-13 11:00:00,41.32,,86.07,27.0
2020-12-13 12:00:00,40.32,,83.47,27.85
2020-12-13 13:00:00,41.37,,78.89,28.66
2020-12-13 14:00:00,42.0,,77.42,28.82
2020-12-13 15:00:00,42.0,,88.95,26.97
2020-12-13 16:00:00,39.26,,93.23,25.93
2020-12-13 17:00:00,42.78,,92.33,25.85
2020-12-13 18:00:00,46.37,,90.0,25.98
2020-12-13 19:00:00,53.17,,85.26,26.49
2020-12-13 20:00:00,66.98,,83.43,26.91
2020-12-13 21:00:00,78.17,,85.62,26.56
2020-12-13 22:00:00,66.59,,85.08,26.58
2020-12-13 23:00:00,54.51,,86.11,26.58
2020-12-14 00:00:00,64.98,,87.46,26.44
2020-12-14 01:00:00,79.88,,86.9,26.4
2020-12-14 02:00:00,73.71,,87.71,26.27
2020-12-14 03:00:00,64.88,,88.31,26.29
2020-12-14 04:00:00,64.37,,90.5,26.05
2020-12-14 05:00:00,59.53,,94.62,25.36
2020-12-14 06:00:00,43.28,,96.75,25.0
2020-12-14 07:00:00,52.72,,97.82,24.88
2020-12-14 08:00:00,61.37,,98.09,25.14
2020-12-14 09:00:00,55.83,,97.98,25.14
2020-12-14 10:00:00,29.77,,97.59,25.33
2020-12-14 11:00:00,19.68,,96.77,26.02
2020-12-14 12:00:00,18.63,,95.3,26.91
2020-12-14 13:00:00,26.88,,94.29,27.43
2020-12-14 14:00:00,30.32,,89.72,28.28
2020-12-14 15:00:00,24.53,,80.54,29.89
2020-12-14 16:00:00,19.94,,79.95,29.28
2020-12-14 17:00:00,19.68,,81.01,28.92
2020-12-14 18:00:00,29.57,,87.07,27.58
2020-12-14 19:00:00,60.65,,90.68,26.57
2020-12-14 20:00:00,77.1,,90.9,26.36
2020-12-14 21:00:00,79.0,,91.6,26.1
2020-12-14 22:00:00,88.50999999999999,,92.91,25.44
2020-12-14 23:00:00,98.02,,93.85,25.03
2020-12-15 00:00:00,92.88,,93.75,24.8
2020-12-15 01:00:00,81.39,,91.17,25.2
2020-12-15 02:00:00,78.37,,90.72,25.04
2020-12-15 03:00:00,81.73,,90.51,25.01
2020-12-15 04:00:00,80.94,,90.19,24.87
2020-12-15 05:00:00,80.69,,90.78,24.63
2020-12-15 06:00:00,83.05,,90.27,24.81
2020-12-15 07:00:00,94.93,,91.24,24.79
2020-12-15 08:00:00,100.0,,88.09,26.48
2020-12-15 09:00:00,94.0,,78.92,28.8
2020-12-15 10:00:00,95.37,,74.87,29.88
2020-12-15 11:00:00,79.6,,73.6,30.5
2020-12-15 12:00:00,73.37,,73.09,31.12
2020-12-15 13:00:00,77.42,,73.48,31.59
2020-12-15 14:00:00,82.42,,72.86,31.97
2020-12-15 15:00:00,90.97,,72.88,31.54
2020-12-15 16:00:00,93.47,,74.07,30.64
2020-12-15 17:00:00,81.07,,80.24,29.68
2020-12-15 18:00:00,83.55,,84.37,28.44
2020-12-15 19:00:00,87.0,,87.19,27.76
2020-12-15 20:00:00,88.768,,90.26,26.74
2020-12-15 21:00:00,90.536,,91.96,26.41
2020-12-15 22:00:00,92.304,,91.27,26.41
2020-12-15 23:00:00,94.072,,91.29,26.16
2020-12-16 00:00:00,95.84,,91.43,25.83
2020-12-16 01:00:00,93.63,,91.48,25.23
2020-12-16 02:00:00,93.0,,92.2,24.54
2020-12-16 03:00:00,86.85,,91.39,24.63
2020-12-16 04:00:00,84.0,,89.81,24.73
2020-12-16 05:00:00,81.95,,90.88,24.3
2020-12-16 06:00:00,81.0,,91.45,23.97
2020-12-16 07:00:00,83.05,,92.63,23.68
2020-12-16 08:00:00,84.68,,88.56,25.73
2020-12-16 09:00:00,85.0,,78.66,28.02
2020-12-16 10:00:00,78.83,,73.34,29.33
2020-12-16 11:00:00,77.37,,68.57,30.95
2020-12-16 12:00:00,76.63,,65.67,32.09
2020-12-16 13:00:00,69.85,,67.97,32.38
2020-12-16 14:00:00,73.17,,71.19,32.02
2020-12-16 15:00:00,76.0,,71.48,31.7
2020-12-16 16:00:00,79.42,,75.25,30.83
2020-12-16 17:00:00,81.0,,78.42,30.07
2020-12-16 18:00:00,87.17,,81.5,28.7
2020-12-16 19:00:00,92.75,,83.61,27.73
2020-12-16 20:00:00,91.95,,86.23,26.95
2020-12-16 21:00:00,90.32,,86.98,26.66
2020-12-16 22:00:00,87.95,,87.53,26.45
2020-12-16 23:00:00,87.68,,84.93,26.96
2020-12-17 00:00:00,83.23,,90.58,25.18
2020-12-17 01:00:00,75.53,,91.74,24.82
2020-12-17 02:00:00,75.73,,91.56,24.5
2020-12-17 03:00:00,72.22,,92.17,24.09
2020-12-17 04:00:00,67.27,,92.52,23.69
2020-12-17 05:00:00,68.04,,93.0,23.32
2020-12-17 06:00:00,67.63,,94.1,23.1
2020-12-17 07:00:00,72.47,,93.97,23.39
2020-12-17 08:00:00,87.47,,92.16,24.73
2020-12-17 09:00:00,89.06,,82.82,27.94
2020-12-17 10:00:00,93.52,,69.27,30.79
2020-12-17 11:00:00,98.47,,59.36,32.97
2020-12-17 12:00:00,85.4,,51.54,34.17
2020-12-17 13:00:00,62.5,,55.37,34.08
2020-12-17 14:00:00,68.09,,65.9,32.47
2020-12-17 15:00:00,80.47,,71.71,31.67
2020-12-17 16:00:00,91.2,,75.64,30.56
2020-12-17 17:00:00,95.0,,80.32,29.53
2020-12-17 18:00:00,95.0,,85.34,28.34
2020-12-17 19:00:00,95.57142857142857,,88.15,27.51
2020-12-17 20:00:00,96.14285714285714,,89.22,26.83
2020-12-17 21:00:00,96.71428571428571,,91.39,26.31
2020-12-17 22:00:00,97.28571428571429,,89.87,26.46
2020-12-17 23:00:00,97.85714285714286,,87.62,26.3
2020-12-18 00:00:00,98.42857142857143,,90.24,25.51
2020-12-18 01:00:00,99.0,,91.3,24.97
2020-12-18 02:00:00,94.9,,92.08,24.57
2020-12-18 03:00:00,88.9,,93.05,24.21
2020-12-18 04:00:00,85.63,,94.16,23.98
2020-12-18 05:00:00,87.73,,90.98,24.95
2020-12-18 06:00:00,94.47,,89.12,25.27
2020-12-18 07:00:00,99.06,,87.49,25.49
2020-12-18 08:00:00,98.63,,82.83,26.68
2020-12-18 09:00:00,98.68,,71.35,29.61
2020-12-18 10:00:00,99.68,,54.97,32.32
2020-12-18 11:00:00,71.98,,49.4,33.19
2020-12-18 12:00:00,57.63,,48.67,33.8
2020-12-18 13:00:00,65.17,,53.62,33.95
2020-12-18 14:00:00,73.78,,61.57,33.26
2020-12-18 15:00:00,80.78,,67.78,32.84
2020-12-18 16:00:00,87.78,,65.43,33.31
2020-12-18 17:00:00,86.57,,62.7,32.59
2020-12-18 18:00:00,84.32,,76.37,29.51
2020-12-18 19:00:00,84.0,,80.06,28.32
2020-12-18 20:00:00,87.16666666666667,,74.28,28.9
2020-12-18 21:00:00,90.33333333333333,,74.82,28.59
2020-12-18 22:00:00,93.5,,73.02,29.1
2020-12-18 23:00:00,84.85,,72.73,28.62
2020-12-19 00:00:00,77.22,,74.08,27.93
2020-12-19 01:00:00,75.68,,75.44,27.52
2020-12-19 02:00:00,82.15,,80.19,26.73
2020-12-19 03:00:00,90.87,,87.02,24.91
2020-12-19 04:00:00,94.02,,90.57,24.12
2020-12-19 05:00:00,92.32,,91.37,24.07
2020-12-19 06:00:00,96.12,,90.78,24.05
2020-12-19 07:00:00,98.0,,90.86,23.89
2020-12-19 08:00:00,98.0,,81.67,26.22
2020-12-19 09:00:00,98.0,,63.38,30.05
2020-12-19 10:00:00,98.0,,50.48,32.19
2020-12-19 11:00:00,74.18,,47.05,32.86
2020-12-19 12:00:00,60.27,,45.22,33.36
2020-12-19 13:00:00,59.68,,43.52,34.11
2020-12-19 14:00:00,60.68,,40.33,34.66
2020-12-19 15:00:00,51.43,,36.25,35.48
2020-12-19 16:00:00,46.32,,44.84,34.6
2020-12-19 17:00:00,63.77,,64.65,31.37
2020-12-19 18:00:00,76.78,,73.49,29.2
2020-12-19 19:00:00,92.67,,76.63,28.4
2020-12-19 20:00:00,99.0,,79.22,27.95
2020-12-19 21:00:00,99.0,,80.74,27.56
2020-12-19 22:00:00,99.0,,75.31,28.0
2020-12-19 23:00:00,88.07,,75.07,27.52
2020-12-20 00:00:00,90.59,,76.84,27.03
2020-12-20 01:00:00,88.06,,71.46,26.91
2020-12-20 02:00:00,85.53,,67.43,27.06
2020-12-20 03:00:00,91.85,,69.53,26.6
2020-12-20 04:00:00,84.38,,70.28,26.03
2020-12-20 05:00:00,75.58,,70.17,25.65
2020-12-20 06:00:00,71.95,,70.48,25.36
2020-12-20 07:00:00,77.83,,69.2,25.39
2020-12-20 08:00:00,89.06,,62.37,27.56
2020-12-20 09:00:00,83.06,,50.99,30.77
2020-12-20 10:00:00,69.75,,43.73,32.13
2020-12-20 11:00:00,58.17,,39.0,32.7
2020-12-20 12:00:00,55.0,,36.37,33.1
2020-12-20 13:00:00,48.85,,34.53,33.58
2020-12-20 14:00:00,51.47,,33.88,34.05
2020-12-20 15:00:00,52.63,,34.02,34.43
2020-12-20 16:00:00,46.53,,54.46,32.02
2020-12-20 17:00:00,52.88,,61.01,30.27
2020-12-20 18:00:00,61.1,,71.94,28.46
2020-12-20 19:00:00,69.81,,81.82,27.39
2020-12-20 20:00:00,72.32,,77.44,27.1
2020-12-20 21:00:00,69.27,,76.53,26.2
2020-12-20 22:00:00,72.1,,76.29,25.88
2020-12-20 23:00:00,71.95,,76.28,25.18
2020-12-21 00:00:00,73.72,,77.75,24.74
2020-12-21 01:00:00,88.67,,83.52,23.61
2020-12-21 02:00:00,83.38,,84.38,23.77
2020-12-21 03:00:00,88.25,,82.51,23.55
2020-12-21 04:00:00,95.94,,80.85,23.48
2020-12-21 05:00:00,96.66,,84.55,22.01
2020-12-21 06:00:00,96.0,,86.3,21.99
2020-12-21 07:00:00,91.35333333333334,,77.17,23.3
2020-12-21 08:00:00,86.70666666666666,,64.89,25.62
2020-12-21 09:00:00,82.06,,48.45,28.68
2020-12-21 10:00:00,53.97,,38.24,30.74
2020-12-21 11:00:00,40.88,,32.1,32.14
2020-12-21 12:00:00,36.64,,29.91,32.96
2020-12-21 13:00:00,30.53,,28.1,33.55
2020-12-21 14:00:00,25.27,,26.15,33.98
2020-12-21 15:00:00,28.12,,25.42,34.86
2020-12-21 16:00:00,30.68,,35.67,34.06
2020-12-21 17:00:00,35.1,,60.0,30.44
2020-12-21 18:00:00,46.57,,69.44,28.2
2020-12-21 19:00:00,53.04,,75.94,26.91
2020-12-21 20:00:00,63.57,,71.73,26.33
2020-12-21 21:00:00,58.43,,70.37,25.76
2020-12-21 22:00:00,59.47,,69.98,25.3
2020-12-21 23:00:00,64.04,,66.71,24.8
2020-12-22 00:00:00,79.09,,69.34,24.29
2020-12-22 01:00:00,89.545,,71.37,23.97
2020-12-22 02:00:00,100.0,,74.55,23.12
2020-12-22 03:00:00,82.23,,75.55,22.41
2020-12-22 04:00:00,74.0,,75.52,22.3
2020-12-22 05:00:00,85.0,,72.36,22.01
2020-12-22 06:00:00,88.34,,73.23,21.73
2020-12-22 07:00:00,88.005,,71.62,21.97
2020-12-22 08:00:00,87.67,,61.97,25.11
2020-12-22 09:00:00,87.33500000000001,,44.14,28.94
2020-12-22 10:00:00,87.0,,30.83,30.97
2020-12-22 11:00:00,50.1,,26.86,31.97
2020-12-22 12:00:00,29.58,,27.97,32.84
2020-12-22 13:00:00,26.63,,26.37,33.56
2020-12-22 14:00:00,32.83,,27.59,34.15
2020-12-22 15:00:00,37.37,,29.01,33.55
2020-12-22 16:00:00,35.27,,42.82,31.9
2020-12-22 17:00:00,32.63,,61.09,29.8
2020-12-22 18:00:00,46.41,,70.87,27.76
2020-12-22 19:00:00,65.3,,77.41,26.25
2020-12-22 20:00:00,58.7,,78.84,25.92
2020-12-22 21:00:00,68.03,,73.41,25.54
2020-12-22 22:00:00,85.93,,79.89,24.37
2020-12-22 23:00:00,91.0,,82.18,23.74
2020-12-23 00:00:00,91.74,,77.09,23.51
2020-12-23 01:00:00,92.48,,77.68,22.9
2020-12-23 02:00:00,93.22,,79.07,22.21
2020-12-23 03:00:00,91.0,,76.15,22.18
2020-12-23 04:00:00,90.0,,74.74,21.75
2020-12-23 05:00:00,89.0,,75.66,21.63
2020-12-23 06:00:00,88.0,,75.37,21.76
2020-12-23 07:00:00,87.0,,75.89,21.17
2020-12-23 08:00:00,87.0,,75.19,22.46
2020-12-23 09:00:00,80.9325,,59.89,27.32
2020-12-23 10:00:00,74.865,,47.0,29.7
2020-12-23 11:00:00,68.7975,,38.87,31.97
2020-12-23 12:00:00,62.73,,31.59,32.49
2020-12-23 13:00:00,47.45,,32.34,33.24
2020-12-23 14:00:00,43.32,,34.53,33.43
2020-12-23 15:00:00,42.32,,32.15,33.72
2020-12-23 16:00:00,44.05,,47.22,31.96
2020-12-23 17:00:00,51.15,,54.9,30.53
2020-12-23 18:00:00,56.06,,65.28,28.07
2020-12-23 19:00:00,63.83,,70.33,26.78
2020-12-23 20:00:00,70.4,,73.26,25.94
2020-12-23 21:00:00,78.83,,73.94,25.53
2020-12-23 22:00:00,90.85,,75.66,24.8
2020-12-23 23:00:00,97.72,,71.66,24.69
2020-12-24 00:00:00,99.0,,77.46,22.96
2020-12-24 01:00:00,96.96923076923076,,76.75,22.8
2020-12-24 02:00:00,94.93846153846154,,81.4,22.16
2020-12-24 03:00:00,92.9076923076923,,78.21,22.28
2020-12-24 04:00:00,90.87692307692308,,82.6,21.15
2020-12-24 05:00:00,88.84615384615384,,82.69,21.37
2020-12-24 06:00:00,86.81538461538462,,78.31,21.98
2020-12-24 07:00:00,84.78461538461538,,77.88,22.05
2020-12-24 08:00:00,82.75384615384615,,72.85,23.96
2020-12-24 09:00:00,80.72307692307692,,60.6,27.68
2020-12-24 10:00:00,78.6923076923077,,49.23,30.66
2020-12-24 11:00:00,76.66153846153846,,41.9,32.61
2020-12-24 12:00:00,74.63076923076923,,40.63,33.0
2020-12-24 13:00:00,72.6,,42.92,33.51
2020-12-24 14:00:00,62.22,,52.44,32.34
2020-12-24 15:00:00,60.68,,56.35,31.94
2020-12-24 16:00:00,64.42,,56.26,31.37
2020-12-24 17:00:00,59.88,,60.95,29.96
2020-12-24 18:00:00,67.93,,67.29,27.94
2020-12-24 19:00:00,87.35,,71.81,26.6
2020-12-24 20:00:00,98.08,,73.18,26.09
2020-12-24 21:00:00,100.0,,77.25,25.14
2020-12-24 22:00:00,97.97214285714286,,79.11,25.35
2020-12-24 23:00:00,95.94428571428571,,81.66,24.53
2020-12-25 00:00:00,93.91642857142857,,85.72,23.66
2020-12-25 01:00:00,91.88857142857142,,87.46,23.75
2020-12-25 02:00:00,89.86071428571428,,89.14,23.05
2020-12-25 03:00:00,87.83285714285714,,85.93,23.38
2020-12-25 04:00:00,85.805,,81.33,23.68
2020-12-25 05:00:00,83.77714285714285,,80.1,23.42
2020-12-25 06:00:00,81.74928571428572,,79.37,23.75
2020-12-25 07:00:00,79.72142857142856,,78.05,24.12
2020-12-25 08:00:00,77.69357142857143,,72.3,26.12
2020-12-25 09:00:00,75.66571428571429,,57.39,29.88
2020-12-25 10:00:00,73.63785714285714,,44.6,32.58
2020-12-25 11:00:00,71.61,,37.86,33.71
2020-12-25 12:00:00,55.72,,38.53,34.03
2020-12-25 13:00:00,55.64,,37.55,34.93
2020-12-25 14:00:00,52.27,,36.6,35.46
2020-12-25 15:00:00,55.08,,36.34,36.22
2020-12-25 16:00:00,55.64,,42.19,35.58
2020-12-25 17:00:00,67.3,,54.6,32.54
2020-12-25 18:00:00,75.04,,63.86,30.69
2020-12-25 19:00:00,92.33,,71.65,29.42
2020-12-25 20:00:00,100.0,,76.59,28.31
2020-12-25 21:00:00,98.46153846153847,,78.92,27.56
2020-12-25 22:00:00,96.92307692307692,,80.0,27.22
2020-12-25 23:00:00,95.38461538461539,,80.04,26.54
2020-12-26 00:00:00,93.84615384615384,,82.53,25.64
2020-12-26 01:00:00,92.3076923076923,,78.69,25.87
2020-12-26 02:00:00,90.76923076923077,,82.05,24.79
2020-12-26 03:00:00,89.23076923076923,,82.28,24.71
2020-12-26 04:00:00,87.6923076923077,,80.23,24.98
2020-12-26 05:00:00,86.15384615384616,,79.37,24.93
2020-12-26 06:00:00,84.61538461538461,,78.53,24.8
2020-12-26 07:00:00,83.07692307692308,,75.49,25.18
2020-12-26 08:00:00,81.53846153846153,,65.25,27.17
2020-12-26 09:00:00,80.0,,52.63,30.4
2020-12-26 10:00:00,65.71,,42.24,32.62
2020-12-26 11:00:00,56.95,,40.7,33.78
2020-12-26 12:00:00,57.37,,40.91,34.53
2020-12-26 13:00:00,58.68,,38.53,35.24
2020-12-26 14:00:00,57.63,,41.71,35.28
2020-12-26 15:00:00,74.02,,45.66,34.32
2020-12-26 16:00:00,91.57,,50.9,33.3
2020-12-26 17:00:00,96.0,,59.42,32.11
2020-12-26 18:00:00,95.62473684210526,,72.18,30.11
2020-12-26 19:00:00,95.24947368421053,,78.56,28.72
2020-12-26 20:00:00,94.87421052631579,,78.21,28.32
2020-12-26 21:00:00,94.49894736842106,,78.45,27.94
2020-12-26 22:00:00,94.12368421052632,,81.92,27.16
2020-12-26 23:00:00,93.74842105263158,,79.12,27.38
2020-12-27 00:00:00,93.37315789473685,,78.75,27.09
2020-12-27 01:00:00,92.99789473684211,,79.01,26.74
2020-12-27 02:00:00,92.62263157894738,,82.21,25.77
2020-12-27 03:00:00,92.24736842105264,,81.91,25.48
2020-12-27 04:00:00,91.87210526315789,,85.67,24.3
2020-12-27 05:00:00,91.49684210526316,,85.16,24.61
2020-12-27 06:00:00,91.12157894736842,,80.92,25.07
2020-12-27 07:00:00,90.74631578947368,,81.21,24.97
2020-12-27 08:00:00,90.37105263157895,,77.12,26.63
2020-12-27 09:00:00,89.99578947368421,,68.32,28.88
2020-12-27 10:00:00,89.62052631578948,,60.4,30.53
2020-12-27 11:00:00,89.24526315789474,,56.0,31.63
2020-12-27 12:00:00,88.87,,58.84,32.11
2020-12-27 13:00:00,91.23,,60.62,32.61
2020-12-27 14:00:00,93.82000000000001,,61.4,32.39
2020-12-27 15:00:00,96.41,,55.52,32.77
2020-12-27 16:00:00,99.0,,58.97,32.38
2020-12-27 17:00:00,99.0,,65.31,31.14
2020-12-27 18:00:00,96.97,,71.67,28.93
2020-12-27 19:00:00,94.94,,73.3,27.35
2020-12-27 20:00:00,80.02,,73.17,26.34
2020-12-27 21:00:00,69.22,,72.27,26.01
2020-12-27 22:00:00,67.0,,70.85,25.16
2020-12-27 23:00:00,67.69,,71.07,24.2
2020-12-28 00:00:00,61.85,,64.56,24.78
2020-12-28 01:00:00,50.8,,62.14,24.34
2020-12-28 02:00:00,49.05,,59.56,23.95
2020-12-28 03:00:00,44.55,,55.52,23.79
2020-12-28 04:00:00,43.37,,59.36,22.5
2020-12-28 05:00:00,40.6,,58.49,22.38
2020-12-28 06:00:00,39.68,,51.64,23.23
2020-12-28 07:00:00,37.27,,48.81,23.28
2020-12-28 08:00:00,35.32,,47.37,23.92
2020-12-28 09:00:00,32.95,,39.76,26.06
2020-12-28 10:00:00,23.83,,37.22,27.31
2020-12-28 11:00:00,27.52,,35.66,28.93
2020-12-28 12:00:00,24.2,,33.22,30.02
2020-12-28 13:00:00,23.05,,31.63,31.02
2020-12-28 14:00:00,26.04,,37.3,30.68
2020-12-28 15:00:00,36.53,,42.77,30.08
2020-12-28 16:00:00,38.28,,46.13,29.54
2020-12-28 17:00:00,49.3,,48.68,28.33
2020-12-28 18:00:00,60.45,,56.11,25.66
2020-12-28 19:00:00,60.96,,59.31,23.99
2020-12-28 20:00:00,61.36,,64.94,22.57
2020-12-28 21:00:00,57.22,,66.69,22.02
2020-12-28 22:00:00,52.96,,69.2,21.26
2020-12-28 23:00:00,53.37,,72.32,20.51
2020-12-29 00:00:00,57.4,,65.24,20.6
2020-12-29 01:00:00,52.17,,62.57,20.48
2020-12-29 02:00:00,52.42,,67.16,19.64
2020-12-29 03:00:00,43.79,,67.59,19.21
2020-12-29 04:00:00,44.45,,66.34,19.21
2020-12-29 05:00:00,60.03,,60.81,19.79
2020-12-29 06:00:00,55.11,,67.75,18.49
2020-12-29 07:00:00,74.2,,70.33,19.07
2020-12-29 08:00:00,86.6,,70.13,20.49
2020-12-29 09:00:00,99.0,,58.17,24.27
2020-12-29 10:00:00,99.0,,47.57,27.8
2020-12-29 11:00:00,82.06,,42.94,29.75
2020-12-29 12:00:00,50.54,,42.29,30.7
2020-12-29 13:00:00,41.37,,46.95,31.45
2020-12-29 14:00:00,61.05,,56.35,30.66
2020-12-29 15:00:00,61.15,,56.11,30.38
2020-12-29 16:00:00,59.73,,55.6,30.2
2020-12-29 17:00:00,61.0,,61.15,29.06
2020-12-29 18:00:00,67.81,,67.55,26.96
2020-12-29 19:00:00,81.89,,72.44,25.29
2020-12-29 20:00:00,82.22,,76.38,24.12
2020-12-29 21:00:00,69.11,,77.5,23.57
2020-12-29 22:00:00,63.32,,75.42,23.59
2020-12-29 23:00:00,61.64,,66.77,24.08
2020-12-30 00:00:00,58.96,,69.48,23.05
2020-12-30 01:00:00,58.0,,70.89,21.9
2020-12-30 02:00:00,54.6,,69.77,21.44
2020-12-30 03:00:00,51.64,,73.59,20.75
2020-12-30 04:00:00,53.72,,73.85,21.01
2020-12-30 05:00:00,55.0,,73.05,20.77
2020-12-30 06:00:00,69.35,,70.98,21.51
2020-12-30 07:00:00,75.32,,72.63,21.48
2020-12-30 08:00:00,75.0,,70.63,23.19
2020-12-30 09:00:00,78.8175,,62.48,26.29
2020-12-30 10:00:00,82.63499999999999,,54.33,28.8
2020-12-30 11:00:00,86.4525,,51.34,30.27
2020-12-30 12:00:00,90.27,,51.93,31.03
2020-12-30 13:00:00,75.85,,55.44,31.37
2020-12-30 14:00:00,78.44,,58.4,31.12
2020-12-30 15:00:00,77.58,,58.94,30.53
2020-12-30 16:00:00,73.96,,60.28,30.44
2020-12-30 17:00:00,79.15,,64.89,29.66
2020-12-30 18:00:00,92.25,,69.77,27.79
2020-12-30 19:00:00,97.0,,73.05,26.23
2020-12-30 20:00:00,96.79666666666667,,77.09,25.22
2020-12-30 21:00:00,96.59333333333333,,78.08,24.84
2020-12-30 22:00:00,96.39,,74.0,25.47
2020-12-30 23:00:00,91.58,,73.27,25.13
2020-12-31 00:00:00,93.4,,78.69,23.88
2020-12-31 01:00:00,97.04,,80.48,23.0
2020-12-31 02:00:00,97.32,,78.59,22.76
2020-12-31 03:00:00,86.07,,79.53,22.5
2020-12-31 04:00:00,90.39,,82.23,22.04
2020-12-31 05:00:00,91.4,,83.22,21.65
2020-12-31 06:00:00,84.23,,85.96,21.75
2020-12-31 07:00:00,82.0,,84.19,22.33
2020-12-31 08:00:00,83.2425,,81.35,24.3
2020-12-31 09:00:00,84.485,,64.98,28.87
2020-12-31 10:00:00,85.72749999999999,,51.92,31.5
2020-12-31 11:00:00,86.97,,46.9,32.77
2020-12-31 12:00:00,73.28,,47.87,33.38
2020-12-31 13:00:00,72.0,,46.49,34.37
2020-12-31 14:00:00,70.64,,45.31,34.87
2020-12-31 15:00:00,78.17,,47.72,34.78
2020-12-31 16:00:00,83.36,,57.38,32.71
2020-12-31 17:00:00,86.04,,64.38,31.18
2020-12-31 18:00:00,87.0,,71.3,29.18
2020-12-31 19:00:00,86.70588235294117,,74.95,28.24
2020-12-31 20:00:00,86.41176470588235,,79.53,27.37
2020-12-31 21:00:00,86.11764705882354,,82.13,26.58
2020-12-31 22:00:00,85.82352941176471,,84.59,26.16
2020-12-31 23:00:00,85.52941176470588,,86.17,25.62
2021-01-01 00:00:00,85.23529411764706,,88.29,25.0
2021-01-01 01:00:00,84.94117647058823,,88.71,25.13
2021-01-01 02:00:00,84.6470588235294,,90.2,24.62
2021-01-01 03:00:00,84.3529411764706,,91.8,24.35
2021-01-01 04:00:00,84.05882352941177,,92.91,24.18
2021-01-01 05:00:00,83.76470588235294,,91.81,24.29
2021-01-01 06:00:00,83.47058823529412,,91.5,24.26
2021-01-01 07:00:00,83.17647058823529,,89.14,24.25
2021-01-01 08:00:00,82.88235294117646,,88.55,25.28
2021-01-01 09:00:00,82.58823529411765,,73.94,29.07
2021-01-01 10:00:00,82.29411764705883,,60.31,31.88
2021-01-01 11:00:00,82.0,,55.52,32.96
2021-01-01 12:00:00,83.36,,54.62,33.83
2021-01-01 13:00:00,83.32,,53.74,34.68
2021-01-01 14:00:00,89.5,,60.15,32.8
2021-01-01 15:00:00,89.49481481481482,,68.36,31.55
2021-01-01 16:00:00,89.48962962962963,,71.95,30.75
2021-01-01 17:00:00,89.48444444444445,,73.2,30.24
2021-01-01 18:00:00,89.47925925925927,,74.73,29.71
2021-01-01 19:00:00,89.47407407407407,,75.55,28.96
2021-01-01 20:00:00,89.46888888888888,,76.28,28.68
2021-01-01 21:00:00,89.4637037037037,,78.67,28.22
2021-01-01 22:00:00,89.45851851851852,,82.11,27.45
2021-01-01 23:00:00,89.45333333333333,,84.23,27.09
2021-01-02 00:00:00,89.44814814814815,,85.84,26.73
2021-01-02 01:00:00,89.44296296296297,,87.11,26.08
2021-01-02 02:00:00,89.43777777777778,,89.12,25.68
2021-01-02 03:00:00,89.4325925925926,,90.71,25.62
2021-01-02 04:00:00,89.4274074074074,,89.53,25.57
2021-01-02 05:00:00,89.42222222222222,,87.01,25.69
2021-01-02 06:00:00,89.41703703703703,,85.52,26.01
2021-01-02 07:00:00,89.41185185185185,,85.61,25.86
2021-01-02 08:00:00,89.40666666666667,,86.47,26.67
2021-01-02 09:00:00,89.40148148148148,,83.82,28.15
2021-01-02 10:00:00,89.3962962962963,,74.09,30.31
2021-01-02 11:00:00,89.39111111111112,,70.74,31.4
2021-01-02 12:00:00,89.38592592592593,,71.61,30.8
2021-01-02 13:00:00,89.38074074074073,,69.64,30.52
2021-01-02 14:00:00,89.37555555555555,,68.34,30.84
2021-01-02 15:00:00,89.37037037037037,,68.85,29.97
2021-01-02 16:00:00,89.36518518518518,,71.24,29.2
2021-01-02 17:00:00,89.36,,72.67,28.58
2021-01-02 18:00:00,92.47,,77.06,27.32
2021-01-02 19:00:00,94.32,,78.08,26.53
2021-01-02 20:00:00,94.0,,75.84,26.02
2021-01-02 21:00:00,95.08,,77.65,25.25
2021-01-02 22:00:00,96.16,,78.82,24.93
2021-01-02 23:00:00,97.24000000000001,,80.35,24.58
2021-01-03 00:00:00,98.32000000000001,,81.57,24.55
2021-01-03 01:00:00,99.4,,83.91,24.08
2021-01-03 02:00:00,99.0,,83.63,23.98
2021-01-03 03:00:00,98.47571428571429,,84.37,23.65
2021-01-03 04:00:00,97.95142857142856,,85.11,23.78
2021-01-03 05:00:00,97.42714285714285,,85.09,23.71
2021-01-03 06:00:00,96.90285714285714,,82.64,24.2
2021-01-03 07:00:00,96.37857142857143,,83.71,23.73
2021-01-03 08:00:00,95.85428571428571,,83.35,24.29
2021-01-03 09:00:00,95.33,,75.71,26.61
2021-01-03 10:00:00,94.80571428571429,,67.84,28.75
2021-01-03 11:00:00,94.28142857142856,,63.99,29.11
2021-01-03 12:00:00,93.75714285714285,,58.36,29.48
2021-01-03 13:00:00,93.23285714285714,,55.58,30.05
2021-01-03 14:00:00,92.70857142857142,,55.9,30.57
2021-01-03 15:00:00,92.1842857142857,,58.6,30.02
2021-01-03 16:00:00,91.66,,60.21,29.4
2021-01-03 17:00:00,87.28,,65.49,27.6
2021-01-03 18:00:00,83.97,,68.56,26.34
2021-01-03 19:00:00,92.53,,69.96,25.45
2021-01-03 20:00:00,89.52,,71.45,24.99
2021-01-03 21:00:00,81.22,,72.6,24.77
2021-01-03 22:00:00,82.4,,65.23,25.65
2021-01-03 23:00:00,81.28,,67.59,25.44
2021-01-04 00:00:00,87.59,,70.62,25.24
2021-01-04 01:00:00,96.66,,72.27,24.63
2021-01-04 02:00:00,82.39,,73.94,24.17
2021-01-04 03:00:00,76.68,,73.38,24.02
2021-01-04 04:00:00,81.77,,74.27,23.81
2021-01-04 05:00:00,87.4,,73.07,24.1
2021-01-04 06:00:00,89.68,,74.13,24.18
2021-01-04 07:00:00,94.08,,75.9,23.84
2021-01-04 08:00:00,96.0,,70.59,24.92
2021-01-04 09:00:00,96.125,,67.75,25.52
2021-01-04 10:00:00,96.25,,61.79,26.82
2021-01-04 11:00:00,96.375,,58.88,27.8
2021-01-04 12:00:00,96.5,,57.72,28.48
2021-01-04 13:00:00,96.625,,53.4,30.52
2021-01-04 14:00:00,96.75,,51.31,31.86
2021-01-04 15:00:00,96.875,,56.23,31.13
2021-01-04 16:00:00,97.0,,63.4,29.12
2021-01-04 17:00:00,97.125,,70.53,27.66
2021-01-04 18:00:00,97.25,,75.94,26.5
2021-01-04 19:00:00,97.375,,75.45,26.03
2021-01-04 20:00:00,97.5,,72.5,25.71
2021-01-04 21:00:00,97.625,,73.56,25.81
2021-01-04 22:00:00,97.75,,75.25,25.66
2021-01-04 23:00:00,97.875,,74.53,25.62
2021-01-05 00:00:00,98.0,,74.95,25.38
2021-01-05 01:00:00,98.0,,74.87,25.32
2021-01-05 02:00:00,92.39,,76.01,25.03
2021-01-05 03:00:00,92.36,,76.78,24.65
2021-01-05 04:00:00,88.22,,76.74,24.46
2021-01-05 05:00:00,81.9,,76.33,24.34
2021-01-05 06:00:00,88.17,,75.83,24.25
2021-01-05 07:00:00,93.36,,78.38,23.68
2021-01-05 08:00:00,94.0,,79.05,24.49
2021-01-05 09:00:00,93.8395061728395,,72.7,25.82
2021-01-05 10:00:00,93.67901234567901,,64.84,27.66
2021-01-05 11:00:00,93.51851851851852,,59.15,29.34
2021-01-05 12:00:00,93.35802469135803,,57.13,30.32
2021-01-05 13:00:00,93.19753086419753,,57.34,30.67
2021-01-05 14:00:00,93.03703703703704,,58.61,30.37
2021-01-05 15:00:00,92.87654320987654,,58.86,29.83
2021-01-05 16:00:00,92.71604938271605,,62.98,29.12
2021-01-05 17:00:00,92.55555555555556,,66.98,27.85
2021-01-05 18:00:00,92.39506172839506,,70.48,26.77
2021-01-05 19:00:00,92.23456790123457,,72.83,26.05
2021-01-05 20:00:00,92.07407407407408,,75.27,25.27
2021-01-05 21:00:00,91.91358024691358,,77.59,24.65
2021-01-05 22:00:00,91.75308641975309,,76.96,24.8
2021-01-05 23:00:00,91.5925925925926,,76.69,24.76
2021-01-06 00:00:00,91.4320987654321,,78.76,24.11
2021-01-06 01:00:00,91.27160493827161,,78.15,23.93
2021-01-06 02:00:00,91.11111111111111,,74.17,23.91
2021-01-06 03:00:00,90.95061728395062,,68.94,23.75
2021-01-06 04:00:00,90.79012345679013,,68.2,23.65
2021-01-06 05:00:00,90.62962962962963,,67.79,23.99
2021-01-06 06:00:00,90.46913580246914,,68.89,23.87
2021-01-06 07:00:00,90.30864197530865,,68.55,24.1
2021-01-06 08:00:00,90.14814814814815,,67.4,24.5
2021-01-06 09:00:00,89.98765432098766,,64.41,25.45
2021-01-06 10:00:00,89.82716049382717,,59.69,26.8
2021-01-06 11:00:00,89.66666666666667,,56.04,28.57
2021-01-06 12:00:00,89.50617283950618,,53.58,30.27
2021-01-06 13:00:00,89.34567901234568,,52.33,31.53
2021-01-06 14:00:00,89.18518518518519,,58.2,30.88
2021-01-06 15:00:00,89.0246913580247,,59.25,30.48
2021-01-06 16:00:00,88.8641975308642,,62.85,29.41
2021-01-06 17:00:00,88.70370370370371,,66.0,28.44
2021-01-06 18:00:00,88.54320987654322,,68.58,27.65
2021-01-06 19:00:00,88.38271604938272,,70.65,27.02
2021-01-06 20:00:00,88.22222222222223,,73.9,26.34
2021-01-06 21:00:00,88.06172839506173,,73.85,25.9
2021-01-06 22:00:00,87.90123456790124,,72.31,25.87
2021-01-06 23:00:00,87.74074074074075,,71.75,25.49
2021-01-07 00:00:00,87.58024691358025,,70.96,24.93
2021-01-07 01:00:00,87.41975308641975,,67.37,25.24
2021-01-07 02:00:00,87.25925925925927,,65.81,25.29
2021-01-07 03:00:00,87.09876543209876,,67.2,24.98
2021-01-07 04:00:00,86.93827160493828,,68.43,24.75
2021-01-07 05:00:00,86.77777777777777,,69.78,24.3
2021-01-07 06:00:00,86.61728395061728,,72.06,23.83
2021-01-07 07:00:00,86.45679012345678,,73.12,23.81
2021-01-07 08:00:00,86.29629629629629,,72.68,24.46
2021-01-07 09:00:00,86.1358024691358,,66.69,26.67
2021-01-07 10:00:00,85.9753086419753,,61.61,28.91
2021-01-07 11:00:00,85.81481481481481,,57.77,31.09
2021-01-07 12:00:00,85.65432098765432,,55.03,33.26
2021-01-07 13:00:00,85.49382716049382,,59.4,32.16
2021-01-07 14:00:00,85.33333333333333,,60.35,32.04
2021-01-07 15:00:00,85.17283950617283,,60.78,31.66
2021-01-07 16:00:00,85.01234567901234,,61.19,31.5
2021-01-07 17:00:00,84.85185185185185,,,
2021-01-07 18:00:00,84.69135802469135,,70.46,29.29
2021-01-07 19:00:00,84.53086419753086,,74.06,28.61
2021-01-07 20:00:00,84.37037037037037,,77.91,28.02
2021-01-07 21:00:00,84.20987654320987,,78.11,28.16
2021-01-07 22:00:00,84.04938271604938,,79.97,27.62
2021-01-07 23:00:00,83.88888888888889,,81.64,27.2
2021-01-08 00:00:00,83.72839506172839,,81.66,26.93
2021-01-08 01:00:00,83.5679012345679,,82.4,26.54
2021-01-08 02:00:00,83.4074074074074,,82.47,26.35
2021-01-08 03:00:00,83.24691358024691,,83.94,26.28
2021-01-08 04:00:00,83.08641975308642,,90.11,25.34
2021-01-08 05:00:00,82.92592592592592,,94.44,24.89
2021-01-08 06:00:00,82.76543209876543,,95.19,24.97
2021-01-08 07:00:00,82.60493827160494,,95.7,25.1
2021-01-08 08:00:00,82.44444444444444,,95.39,25.45
2021-01-08 09:00:00,82.28395061728395,,91.46,26.6
2021-01-08 10:00:00,82.12345679012346,,85.15,28.26
2021-01-08 11:00:00,81.96296296296296,,81.09,29.22
2021-01-08 12:00:00,81.80246913580247,,,
2021-01-08 13:00:00,81.64197530864197,,,
2021-01-08 14:00:00,81.48148148148148,,,
2021-01-08 15:00:00,81.32098765432099,,,
2021-01-08 16:00:00,81.1604938271605,,,
2021-01-08 17:00:00,81.0,,78.12,29.77
2021-01-08 18:00:00,81.0,,83.03,27.97
2021-01-08 19:00:00,82.12363636363636,,84.21,27.6
2021-01-08 20:00:00,83.24727272727273,,85.63,27.31
2021-01-08 21:00:00,84.3709090909091,,87.07,26.95
2021-01-08 22:00:00,85.49454545454546,,87.44,26.81
2021-01-08 23:00:00,86.61818181818182,,88.8,26.21
2021-01-09 00:00:00,87.74181818181818,,89.77,26.0
2021-01-09 01:00:00,88.86545454545454,,90.11,25.89
2021-01-09 02:00:00,89.9890909090909,,90.05,26.25
2021-01-09 03:00:00,91.11272727272727,,88.4,26.29
2021-01-09 04:00:00,92.23636363636363,,88.4,25.95
2021-01-09 05:00:00,93.36,,87.44,26.09
2021-01-09 06:00:00,91.0,,86.72,25.71
2021-01-09 07:00:00,91.722,,88.17,25.23
2021-01-09 08:00:00,92.444,,86.59,26.4
2021-01-09 09:00:00,93.166,,80.89,28.35
2021-01-09 10:00:00,93.888,,76.03,30.0
2021-01-09 11:00:00,94.61,,67.99,32.42
2021-01-09 12:00:00,85.58,,66.24,33.26
2021-01-09 13:00:00,93.21,,67.86,33.14
2021-01-09 14:00:00,98.0,,71.14,31.85
2021-01-09 15:00:00,96.73,,71.33,31.41
2021-01-09 16:00:00,95.46,,71.32,31.19
2021-01-09 17:00:00,94.19,,72.53,31.0
2021-01-09 18:00:00,92.92,,78.55,29.62
2021-01-09 19:00:00,91.65,,82.68,28.67
2021-01-09 20:00:00,90.38,,83.77,28.11
2021-01-09 21:00:00,89.11,,84.48,27.48
2021-01-09 22:00:00,87.84,,84.36,27.45
2021-01-09 23:00:00,86.57000000000001,,84.94,27.08
2021-01-10 00:00:00,85.3,,85.56,26.79
2021-01-10 01:00:00,84.03,,86.41,26.5
2021-01-10 02:00:00,82.76,,86.97,26.5
2021-01-10 03:00:00,81.49000000000001,,87.85,26.21
2021-01-10 04:00:00,80.22,,89.53,25.91
2021-01-10 05:00:00,78.95,,89.63,26.06
2021-01-10 06:00:00,77.68,,90.05,25.62
2021-01-10 07:00:00,76.41,,91.19,25.66
2021-01-10 08:00:00,75.14,,89.32,26.93
2021-01-10 09:00:00,73.87,,77.52,30.78
2021-01-10 10:00:00,72.60000000000001,,68.7,33.28
2021-01-10 11:00:00,71.33000000000001,,60.39,35.06
2021-01-10 12:00:00,70.06,,61.95,34.88
2021-01-10 13:00:00,71.96,,60.48,35.33
2021-01-10 14:00:00,89.89,,65.47,34.12
2021-01-10 15:00:00,95.0,,69.21,32.91
2021-01-10 16:00:00,95.00450000000001,,70.02,32.39
2021-01-10 17:00:00,95.009,,71.45,32.04
2021-01-10 18:00:00,95.0135,,74.25,31.29
2021-01-10 19:00:00,95.018,,77.95,30.45
2021-01-10 20:00:00,95.02250000000001,,78.57,29.95
2021-01-10 21:00:00,95.027,,81.52,29.07
2021-01-10 22:00:00,95.0315,,82.72,28.64
2021-01-10 23:00:00,95.036,,83.88,28.3
2021-01-11 00:00:00,95.04050000000001,,84.09,28.14
2021-01-11 01:00:00,95.045,,85.24,27.72
2021-01-11 02:00:00,95.0495,,86.12,27.58
2021-01-11 03:00:00,95.054,,87.32,27.41
2021-01-11 04:00:00,95.05850000000001,,87.15,27.29
2021-01-11 05:00:00,95.063,,87.74,27.05
2021-01-11 06:00:00,95.0675,,87.35,27.45
2021-01-11 07:00:00,95.072,,87.53,27.66
2021-01-11 08:00:00,95.07650000000001,,84.78,29.02
2021-01-11 09:00:00,95.081,,76.25,31.34
2021-01-11 10:00:00,95.0855,,63.06,34.53
2021-01-11 11:00:00,95.09,,52.8,36.23
2021-01-11 12:00:00,65.78,,55.78,35.45
2021-01-11 13:00:00,78.08,,66.92,33.41
2021-01-11 14:00:00,90.0,,64.69,33.83
2021-01-11 15:00:00,83.9,,62.28,34.08
2021-01-11 16:00:00,82.36,,62.37,33.37
2021-01-11 17:00:00,80.28,,62.88,32.83
2021-01-11 18:00:00,79.68,,69.99,31.3
2021-01-11 19:00:00,87.59,,71.94,30.71
2021-01-11 20:00:00,86.36,,69.0,30.61
2021-01-11 21:00:00,94.89,,74.82,29.67
2021-01-11 22:00:00,100.0,,77.53,29.23
2021-01-11 23:00:00,99.5625,,79.4,28.96
2021-01-12 00:00:00,99.125,,81.53,28.41
2021-01-12 01:00:00,98.6875,,84.06,27.93
2021-01-12 02:00:00,98.25,,86.94,27.17
2021-01-12 03:00:00,93.6,,87.65,27.01
2021-01-12 04:00:00,87.92,,86.88,27.16
2021-01-12 05:00:00,85.32,,86.91,27.25
2021-01-12 06:00:00,91.14,,88.07,26.3
2021-01-12 07:00:00,100.0,,88.92,26.64
2021-01-12 08:00:00,100.0,,80.21,29.09
2021-01-12 09:00:00,91.61333333333333,,68.06,31.91
2021-01-12 10:00:00,83.22666666666667,,56.34,34.37
2021-01-12 11:00:00,74.84,,49.75,35.96
2021-01-12 12:00:00,70.36,,47.73,36.18
2021-01-12 13:00:00,63.55,,59.57,34.44
2021-01-12 14:00:00,70.21,,61.94,33.91
2021-01-12 15:00:00,83.17,,62.42,33.52
2021-01-12 16:00:00,87.0,,62.02,33.48
2021-01-12 17:00:00,87.0,,63.64,33.37
2021-01-12 18:00:00,89.6,,73.03,31.44
2021-01-12 19:00:00,92.2,,77.77,30.01
2021-01-12 20:00:00,94.8,,78.58,29.41
2021-01-12 21:00:00,97.4,,80.02,28.73
2021-01-12 22:00:00,100.0,,71.35,29.74
2021-01-12 23:00:00,82.98,,65.64,29.83
2021-01-13 00:00:00,65.51,,70.12,28.61
2021-01-13 01:00:00,64.4,,70.3,28.58
2021-01-13 02:00:00,65.32,,73.96,27.81
2021-01-13 03:00:00,64.32,,71.49,28.45
2021-01-13 04:00:00,55.15,,70.57,28.49
2021-01-13 05:00:00,53.04,,73.3,28.04
2021-01-13 06:00:00,56.04,,75.32,27.27
2021-01-13 07:00:00,74.02,,77.43,26.8
2021-01-13 08:00:00,88.12,,74.16,28.63
2021-01-13 09:00:00,91.0,,63.09,31.5
2021-01-13 10:00:00,76.47,,55.19,33.39
2021-01-13 11:00:00,71.0,,45.41,35.29
2021-01-13 12:00:00,59.72,,47.21,35.61
2021-01-13 13:00:00,66.27,,57.15,34.53
2021-01-13 14:00:00,76.72,,55.69,34.3
2021-01-13 15:00:00,71.22,,44.77,34.81
2021-01-13 16:00:00,55.75,,36.8,34.82
2021-01-13 17:00:00,41.83,,43.36,33.2
2021-01-13 18:00:00,66.92,,63.22,29.55
2021-01-13 19:00:00,81.0,,82.6,27.66
2021-01-13 20:00:00,83.23166666666667,,85.66,26.98
2021-01-13 21:00:00,85.46333333333334,,81.61,26.52
2021-01-13 22:00:00,87.695,,83.89,25.83
2021-01-13 23:00:00,89.92666666666666,,85.59,25.27
2021-01-14 00:00:00,92.15833333333333,,87.13,24.72
2021-01-14 01:00:00,94.39,,88.83,24.3
2021-01-14 02:00:00,88.92,,89.31,24.05
2021-01-14 03:00:00,84.97,,90.43,23.68
2021-01-14 04:00:00,84.0,,87.76,23.94
2021-01-14 05:00:00,85.31285714285714,,89.11,23.16
2021-01-14 06:00:00,86.62571428571428,,91.28,22.99
2021-01-14 07:00:00,87.93857142857142,,84.18,24.09
2021-01-14 08:00:00,89.25142857142858,,74.65,25.89
2021-01-14 09:00:00,90.56428571428572,,60.5,29.62
2021-01-14 10:00:00,91.87714285714286,,47.65,32.63
2021-01-14 11:00:00,93.19,,48.31,32.75
2021-01-14 12:00:00,75.72,,58.99,31.35
2021-01-14 13:00:00,89.33,,57.07,31.51
2021-01-14 14:00:00,71.89,,53.71,32.16
2021-01-14 15:00:00,60.36,,53.06,32.47
2021-01-14 16:00:00,59.64,,48.1,32.45
2021-01-14 17:00:00,48.79,,55.93,31.15
2021-01-14 18:00:00,65.1,,75.7,28.33
2021-01-14 19:00:00,86.38,,84.54,26.8
2021-01-14 20:00:00,85.59,,86.47,26.02
2021-01-14 21:00:00,84.8,,88.04,25.5
2021-01-14 22:00:00,83.12,,89.31,25.03
2021-01-14 23:00:00,93.45,,90.26,24.98
2021-01-15 00:00:00,97.0,,92.5,24.12
2021-01-15 01:00:00,99.0,,93.26,24.24
2021-01-15 02:00:00,96.29,,89.25,24.61
2021-01-15 03:00:00,92.29,,89.37,24.41
2021-01-15 04:00:00,86.23,,88.91,24.22
2021-01-15 05:00:00,84.0,,86.93,24.06
2021-01-15 06:00:00,84.728,,86.33,23.82
2021-01-15 07:00:00,85.456,,86.39,22.98
2021-01-15 08:00:00,86.184,,86.44,24.35
2021-01-15 09:00:00,86.912,,76.2,27.73
2021-01-15 10:00:00,87.64,,70.79,29.12
2021-01-15 11:00:00,69.79,,61.17,31.18
2021-01-15 12:00:00,65.0,,65.88,30.26
2021-01-15 13:00:00,65.27380952380952,,67.7,29.79
2021-01-15 14:00:00,65.54761904761905,,,
2021-01-15 15:00:00,65.82142857142857,,,
2021-01-15 16:00:00,66.0952380952381,,,
2021-01-15 17:00:00,66.36904761904762,,,
2021-01-15 18:00:00,66.64285714285714,,,
2021-01-15 19:00:00,66.91666666666667,,,
2021-01-15 20:00:00,67.19047619047619,,,
2021-01-15 21:00:00,67.46428571428571,,,
2021-01-15 22:00:00,67.73809523809524,,,
2021-01-15 23:00:00,68.01190476190476,,,
2021-01-16 00:00:00,68.28571428571429,,,
2021-01-16 01:00:00,68.55952380952381,,,
2021-01-16 02:00:00,68.83333333333333,,,
2021-01-16 03:00:00,69.10714285714286,,,
2021-01-16 04:00:00,69.38095238095238,,,
2021-01-16 05:00:00,69.6547619047619,,,
2021-01-16 06:00:00,69.92857142857143,,,
2021-01-16 07:00:00,70.20238095238095,,,
2021-01-16 08:00:00,70.47619047619048,,,
2021-01-16 09:00:00,70.75,,,
2021-01-16 10:00:00,71.02380952380952,,,
2021-01-16 11:00:00,71.29761904761905,,,
2021-01-16 12:00:00,71.57142857142857,,,
2021-01-16 13:00:00,71.8452380952381,,,
2021-01-16 14:00:00,72.11904761904762,,,
2021-01-16 15:00:00,72.39285714285714,,,
2021-01-16 16:00:00,72.66666666666667,,,
2021-01-16 17:00:00,72.94047619047619,,,
2021-01-16 18:00:00,73.21428571428572,,,
2021-01-16 19:00:00,73.48809523809524,,,
2021-01-16 20:00:00,73.76190476190476,,,
2021-01-16 21:00:00,74.03571428571429,,,
2021-01-16 22:00:00,74.30952380952381,,,
2021-01-16 23:00:00,74.58333333333333,,,
2021-01-17 00:00:00,74.85714285714286,,,
2021-01-17 01:00:00,75.13095238095238,,,
2021-01-17 02:00:00,75.4047619047619,,,
2021-01-17 03:00:00,75.67857142857143,,,
2021-01-17 04:00:00,75.95238095238095,,,
2021-01-17 05:00:00,76.22619047619048,,,
2021-01-17 06:00:00,76.5,,,
2021-01-17 07:00:00,76.77380952380952,,,
2021-01-17 08:00:00,77.04761904761905,,,
2021-01-17 09:00:00,77.32142857142857,,,
2021-01-17 10:00:00,77.5952380952381,,,
2021-01-17 11:00:00,77.86904761904762,,,
2021-01-17 12:00:00,78.14285714285714,,,
2021-01-17 13:00:00,78.41666666666667,,,
2021-01-17 14:00:00,78.69047619047619,,,
2021-01-17 15:00:00,78.96428571428572,,,
2021-01-17 16:00:00,79.23809523809524,,,
2021-01-17 17:00:00,79.51190476190476,,,
2021-01-17 18:00:00,79.78571428571429,,,
2021-01-17 19:00:00,80.05952380952381,,,
2021-01-17 20:00:00,80.33333333333334,,,
2021-01-17 21:00:00,80.60714285714286,,,
2021-01-17 22:00:00,80.88095238095238,,,
2021-01-17 23:00:00,81.1547619047619,,,
2021-01-18 00:00:00,81.42857142857143,,,
2021-01-18 01:00:00,81.70238095238095,,,
2021-01-18 02:00:00,81.97619047619048,,,
2021-01-18 03:00:00,82.25,,,
2021-01-18 04:00:00,82.52380952380952,,,
2021-01-18 05:00:00,82.79761904761905,,,
2021-01-18 06:00:00,83.07142857142857,,,
2021-01-18 07:00:00,83.3452380952381,,,
2021-01-18 08:00:00,83.61904761904762,,,
2021-01-18 09:00:00,83.89285714285714,,,
2021-01-18 10:00:00,84.16666666666667,,,
2021-01-18 11:00:00,84.44047619047619,,,
2021-01-18 12:00:00,84.71428571428572,,,
2021-01-18 13:00:00,84.98809523809524,,,
2021-01-18 14:00:00,85.26190476190476,,,
2021-01-18 15:00:00,85.53571428571429,,,
2021-01-18 16:00:00,85.80952380952381,,,
2021-01-18 17:00:00,86.08333333333334,,,
2021-01-18 18:00:00,86.35714285714286,,,
2021-01-18 19:00:00,86.63095238095238,,,
2021-01-18 20:00:00,86.9047619047619,,,
2021-01-18 21:00:00,87.17857142857143,,,
2021-01-18 22:00:00,87.45238095238096,,,
2021-01-18 23:00:00,87.72619047619048,,,
2021-01-19 00:00:00,88.0,,,
2021-01-19 01:00:00,88.27380952380952,,,
2021-01-19 02:00:00,88.54761904761905,,,
2021-01-19 03:00:00,88.82142857142857,,,
2021-01-19 04:00:00,89.0952380952381,,,
2021-01-19 05:00:00,89.36904761904762,,,
2021-01-19 06:00:00,89.64285714285714,,,
2021-01-19 07:00:00,89.91666666666667,,,
2021-01-19 08:00:00,90.19047619047619,,,
2021-01-19 09:00:00,90.46428571428572,,,
2021-01-19 10:00:00,90.73809523809524,,,
2021-01-19 11:00:00,91.01190476190476,,,
2021-01-19 12:00:00,91.28571428571429,,,
2021-01-19 13:00:00,91.55952380952381,,,
2021-01-19 14:00:00,91.83333333333334,,,
2021-01-19 15:00:00,92.10714285714286,,,
2021-01-19 16:00:00,92.38095238095238,,,
2021-01-19 17:00:00,92.65476190476191,,58.92,
2021-01-19 18:00:00,92.92857142857143,,65.53,
2021-01-19 19:00:00,93.20238095238096,,71.57,
2021-01-19 20:00:00,93.47619047619048,,70.02,
2021-01-19 21:00:00,93.75,,68.49,
2021-01-19 22:00:00,89.64,,70.0,
2021-01-19 23:00:00,87.64,,72.53,
2021-01-20 00:00:00,87.0,,74.52,
2021-01-20 01:00:00,94.02,,70.22,
2021-01-20 02:00:00,70.99,,67.57,
2021-01-20 03:00:00,58.96,,69.11,
2021-01-20 04:00:00,75.62,,73.07,
2021-01-20 05:00:00,93.53,,76.02,
2021-01-20 06:00:00,76.31,,76.89,
2021-01-20 07:00:00,80.94,,75.15,
2021-01-20 08:00:00,86.35499999999999,,69.02,
2021-01-20 09:00:00,91.77,,54.73,
2021-01-20 10:00:00,78.19,,45.91,
2021-01-20 11:00:00,68.58,,41.95,
2021-01-20 12:00:00,68.71,,39.86,
2021-01-20 13:00:00,53.73,,43.6,
2021-01-20 14:00:00,53.45,,47.75,
2021-01-20 15:00:00,66.49,,44.02,
2021-01-20 16:00:00,54.0,,38.57,
2021-01-20 17:00:00,43.29,,41.63,
2021-01-20 18:00:00,60.3,,52.85,
2021-01-20 19:00:00,82.0,,56.58,
2021-01-20 20:00:00,89.6,,54.46,
2021-01-20 21:00:00,79.52,,54.52,
2021-01-20 22:00:00,91.59,,57.7,
2021-01-20 23:00:00,93.58,,62.91,
2021-01-21 00:00:00,91.0,,67.84,
2021-01-21 01:00:00,96.44,,70.51,
2021-01-21 02:00:00,99.0,,75.31,
2021-01-21 03:00:00,99.0,,76.78,
2021-01-21 04:00:00,95.75,,72.47,
2021-01-21 05:00:00,95.71,,72.92,
2021-01-21 06:00:00,98.36,,74.8,
2021-01-21 07:00:00,95.61,,76.16,
2021-01-21 08:00:00,94.0,,71.18,
2021-01-21 09:00:00,95.5,,59.4,
2021-01-21 10:00:00,97.0,,51.72,
2021-01-21 11:00:00,98.5,,46.98,
2021-01-21 12:00:00,100.0,,43.82,31.76
2021-01-21 13:00:00,92.55,,48.1,31.53
2021-01-21 14:00:00,87.64,,46.21,31.4
2021-01-21 15:00:00,79.58,,41.54,31.82
2021-01-21 16:00:00,70.56,,45.13,31.45
2021-01-21 17:00:00,89.1,,56.92,29.84
2021-01-21 18:00:00,99.0,,72.91,27.55
2021-01-21 19:00:00,98.91,,79.55,25.96
2021-01-21 20:00:00,98.82,,81.29,25.11
2021-01-21 21:00:00,98.73,,81.11,24.77
2021-01-21 22:00:00,98.64,,81.83,24.52
2021-01-21 23:00:00,98.55,,84.08,24.1
2021-01-22 00:00:00,98.46,,84.34,23.7
2021-01-22 01:00:00,98.37,,87.61,22.59
2021-01-22 02:00:00,98.28,,84.09,22.75
2021-01-22 03:00:00,98.19,,83.52,22.08
2021-01-22 04:00:00,98.1,,87.2,21.68
2021-01-22 05:00:00,98.00999999999999,,83.06,22.18
2021-01-22 06:00:00,97.92,,81.41,22.02
2021-01-22 07:00:00,97.83,,81.09,22.11
2021-01-22 08:00:00,97.74,,75.43,23.96
2021-01-22 09:00:00,97.64999999999999,,62.07,27.31
2021-01-22 10:00:00,97.56,,54.28,29.74
2021-01-22 11:00:00,97.47,,49.21,31.34
2021-01-22 12:00:00,97.38,,47.6,32.34
2021-01-22 13:00:00,97.28999999999999,,53.9,32.06
2021-01-22 14:00:00,97.2,,58.52,31.85
2021-01-22 15:00:00,97.11,,58.01,31.86
2021-01-22 16:00:00,97.02,,60.75,31.2
2021-01-22 17:00:00,95.0,,63.94,29.97
2021-01-22 18:00:00,95.21052631578948,,69.98,28.45
2021-01-22 19:00:00,95.42105263157895,,71.8,27.31
2021-01-22 20:00:00,95.63157894736842,,78.69,26.26
2021-01-22 21:00:00,95.84210526315789,,81.23,25.72
2021-01-22 22:00:00,96.05263157894737,,82.59,25.19
2021-01-22 23:00:00,96.26315789473684,,84.1,24.53
2021-01-23 00:00:00,96.47368421052632,,86.7,24.16
2021-01-23 01:00:00,96.6842105263158,,87.94,23.66
2021-01-23 02:00:00,96.89473684210526,,88.64,23.83
2021-01-23 03:00:00,97.10526315789474,,85.27,23.7
2021-01-23 04:00:00,97.3157894736842,,86.37,22.66
2021-01-23 05:00:00,97.52631578947368,,79.75,22.82
2021-01-23 06:00:00,97.73684210526315,,76.01,22.97
2021-01-23 07:00:00,97.94736842105263,,76.17,22.96
2021-01-23 08:00:00,98.15789473684211,,73.54,24.83
2021-01-23 09:00:00,98.36842105263158,,61.84,27.55
2021-01-23 10:00:00,98.57894736842105,,50.1,30.45
2021-01-23 11:00:00,98.78947368421052,,44.56,32.62
2021-01-23 12:00:00,99.0,,42.05,34.08
2021-01-23 13:00:00,82.73,,44.2,34.33
2021-01-23 14:00:00,86.02,,51.94,33.52
2021-01-23 15:00:00,93.00999999999999,,51.25,33.14
2021-01-23 16:00:00,100.0,,54.03,32.03
2021-01-23 17:00:00,84.41,,59.01,30.77
2021-01-23 18:00:00,77.0,,75.71,28.3
2021-01-23 19:00:00,71.56,,83.8,26.76
2021-01-23 20:00:00,79.21,,86.34,25.93
2021-01-23 21:00:00,97.69,,88.16,25.27
2021-01-23 22:00:00,100.0,,90.12,24.7
2021-01-23 23:00:00,99.0,,91.66,24.05
2021-01-24 00:00:00,99.0,,92.5,23.46
2021-01-24 01:00:00,97.0,,93.78,23.44
2021-01-24 02:00:00,92.66666666666667,,,
2021-01-24 03:00:00,88.33333333333333,,,
2021-01-24 04:00:00,84.0,,94.46,22.03
2021-01-24 05:00:00,79.31,,,
2021-01-24 06:00:00,74.62,,96.09,21.17
2021-01-24 07:00:00,71.956,,,
2021-01-24 08:00:00,69.292,,,
2021-01-24 09:00:00,66.628,,73.67,27.65
2021-01-24 10:00:00,63.964,,57.28,29.91
2021-01-24 11:00:00,61.3,,48.27,31.43
2021-01-24 12:00:00,40.19,,46.12,32.05
2021-01-24 13:00:00,36.68,,54.75,31.84
2021-01-24 14:00:00,49.88,,57.87,31.55
2021-01-24 15:00:00,54.64,,49.84,31.93
2021-01-24 16:00:00,45.87,,50.27,31.37
2021-01-24 17:00:00,44.03,,55.72,30.36
2021-01-24 18:00:00,47.71,,68.94,27.84
2021-01-24 19:00:00,55.78,,72.41,26.3
2021-01-24 20:00:00,69.84,,67.42,25.42
2021-01-24 21:00:00,73.64,,65.88,24.5
2021-01-24 22:00:00,66.88,,67.24,24.01
2021-01-24 23:00:00,66.71,,69.25,23.32
2021-01-25 00:00:00,66.64,,72.49,22.48
2021-01-25 01:00:00,58.55,,70.75,22.8
2021-01-25 02:00:00,63.13,,71.66,22.45
2021-01-25 03:00:00,66.32,,73.53,21.58
2021-01-25 04:00:00,63.29,,72.31,21.26
2021-01-25 05:00:00,62.0,,72.34,20.86
2021-01-25 06:00:00,67.42,,68.26,21.42
2021-01-25 07:00:00,70.0,,67.98,21.66
2021-01-25 08:00:00,75.66666666666667,,68.96,22.59
2021-01-25 09:00:00,81.33333333333333,,53.92,26.29
2021-01-25 10:00:00,87.0,,40.4,29.07
2021-01-25 11:00:00,66.67,,36.3,30.85
2021-01-25 12:00:00,54.97,,37.2,31.54
2021-01-25 13:00:00,50.61,,44.48,31.16
2021-01-25 14:00:00,50.36,,45.79,30.93
2021-01-25 15:00:00,51.0,,43.33,30.93
2021-01-25 16:00:00,57.0,,49.48,30.02
2021-01-25 17:00:00,63.0,,58.49,28.69
2021-01-25 18:00:00,69.78,,66.36,26.88
2021-01-25 19:00:00,76.39,,71.36,25.49
2021-01-25 20:00:00,86.89,,72.8,24.49
2021-01-25 21:00:00,89.55666666666667,,77.42,23.59
2021-01-25 22:00:00,92.22333333333333,,80.28,22.99
2021-01-25 23:00:00,94.89,,80.55,22.98
2021-01-26 00:00:00,84.58,,80.5,22.81
2021-01-26 01:00:00,74.88,,82.73,22.13
2021-01-26 02:00:00,72.0,,83.97,21.09
2021-01-26 03:00:00,63.87,,82.91,21.26
2021-01-26 04:00:00,57.29,,79.63,21.44
2021-01-26 05:00:00,65.45,,69.78,21.76
2021-01-26 06:00:00,80.17,,74.16,20.51
2021-01-26 07:00:00,91.1,,76.89,20.08
2021-01-26 08:00:00,94.0,,75.65,21.88
2021-01-26 09:00:00,93.0,,61.05,25.9
2021-01-26 10:00:00,92.0,,51.96,28.72
2021-01-26 11:00:00,91.0,,43.05,30.83
2021-01-26 12:00:00,90.0,,49.17,30.16
2021-01-26 13:00:00,72.31,,54.83,29.91
2021-01-26 14:00:00,67.39,,52.78,29.98
2021-01-26 15:00:00,66.29,,53.05,30.19
2021-01-26 16:00:00,65.68,,52.11,29.64
2021-01-26 17:00:00,63.97,,63.09,28.38
2021-01-26 18:00:00,82.66,,68.55,26.78
2021-01-26 19:00:00,92.0,,77.57,25.05
2021-01-26 20:00:00,89.375,,77.45,24.37
2021-01-26 21:00:00,86.75,,76.02,23.81
2021-01-26 22:00:00,82.32,,77.74,22.8
2021-01-26 23:00:00,82.68,,79.53,22.45
2021-01-27 00:00:00,83.67,,78.91,22.37
2021-01-27 01:00:00,87.39,,78.17,22.1
2021-01-27 02:00:00,88.32,,82.06,20.54
2021-01-27 03:00:00,69.7,,81.5,20.28
2021-01-27 04:00:00,67.08,,77.36,20.63
2021-01-27 05:00:00,86.94,,71.69,20.77
2021-01-27 06:00:00,95.0,,79.02,19.39
2021-01-27 07:00:00,92.54,,81.36,18.41
2021-01-27 08:00:00,90.08,,74.21,21.87
2021-01-27 09:00:00,87.62,,60.27,26.2
2021-01-27 10:00:00,85.16,,54.25,28.65
2021-01-27 11:00:00,82.7,,48.45,30.19
2021-01-27 12:00:00,80.24,,53.19,29.95
2021-01-27 13:00:00,77.78,,52.15,29.85
2021-01-27 14:00:00,61.88,,54.07,30.27
2021-01-27 15:00:00,59.04,,52.07,30.91
2021-01-27 16:00:00,66.78,,57.59,29.98
2021-01-27 17:00:00,74.75,,60.96,29.15
2021-01-27 18:00:00,87.17,,69.38,27.12
2021-01-27 19:00:00,95.39,,76.64,25.43
2021-01-27 20:00:00,97.0,,79.86,24.05
2021-01-27 21:00:00,96.9675,,82.27,23.25
2021-01-27 22:00:00,96.935,,84.12,22.75
2021-01-27 23:00:00,96.9025,,85.12,22.12
2021-01-28 00:00:00,96.87,,85.95,21.71
2021-01-28 01:00:00,91.25,,85.39,21.49
2021-01-28 02:00:00,95.08,,84.03,21.06
2021-01-28 03:00:00,93.25,,85.92,20.49
2021-01-28 04:00:00,93.03,,87.28,20.24
2021-01-28 05:00:00,94.68,,86.86,20.05
2021-01-28 06:00:00,95.67,,84.89,19.65
2021-01-28 07:00:00,96.0,,85.92,19.43
2021-01-28 08:00:00,95.496,,79.16,21.82
2021-01-28 09:00:00,94.992,,63.17,25.29
2021-01-28 10:00:00,94.488,,53.25,28.41
2021-01-28 11:00:00,93.98400000000001,,46.52,30.69
2021-01-28 12:00:00,93.48,,51.77,30.93
2021-01-28 13:00:00,87.65,,53.56,30.88
2021-01-28 14:00:00,85.64,,51.91,31.09
2021-01-28 15:00:00,75.55,,53.34,31.02
2021-01-28 16:00:00,76.4,,58.16,29.93
2021-01-28 17:00:00,79.0,,64.72,28.69
2021-01-28 18:00:00,88.25,,72.88,26.58
2021-01-28 19:00:00,90.45,,75.77,24.9
2021-01-28 20:00:00,92.75,,77.13,23.9
2021-01-28 21:00:00,86.87,,77.65,23.16
2021-01-28 22:00:00,80.97,,79.35,22.54
2021-01-28 23:00:00,81.36,,74.38,22.86
2021-01-29 00:00:00,71.16,,71.21,22.44
2021-01-29 01:00:00,65.33,,76.92,20.99
2021-01-29 02:00:00,58.9,,72.89,21.0
2021-01-29 03:00:00,78.28,,70.21,20.86
2021-01-29 04:00:00,87.64,,72.71,19.92
2021-01-29 05:00:00,85.65,,75.56,19.55
2021-01-29 06:00:00,89.07,,77.7,18.73
2021-01-29 07:00:00,94.39,,77.44,19.03
2021-01-29 08:00:00,96.0,,69.99,21.71
2021-01-29 09:00:00,93.462,,54.91,26.28
2021-01-29 10:00:00,90.924,,47.39,29.46
2021-01-29 11:00:00,88.386,,44.34,31.09
2021-01-29 12:00:00,85.848,,45.49,31.7
2021-01-29 13:00:00,83.31,,49.23,31.6
2021-01-29 14:00:00,73.61,,48.22,31.36
2021-01-29 15:00:00,67.25,,53.41,31.1
2021-01-29 16:00:00,67.71,,49.78,31.03
2021-01-29 17:00:00,61.5,,50.66,30.84
2021-01-29 18:00:00,54.0,,,
2021-01-29 19:00:00,76.5,,,
2021-01-29 20:00:00,99.0,,,
2021-01-29 21:00:00,99.0,,,
2021-01-29 22:00:00,88.34,,,
2021-01-29 23:00:00,77.22,,,
2021-01-30 00:00:00,90.27,,,
2021-01-30 01:00:00,79.78,,,
2021-01-30 02:00:00,76.42,,,
2021-01-30 03:00:00,73.58,,,
2021-01-30 04:00:00,71.0,,,
2021-01-30 05:00:00,71.8475,,,
2021-01-30 06:00:00,72.695,,,
2021-01-30 07:00:00,73.5425,,,
2021-01-30 08:00:00,74.39,,,
2021-01-30 09:00:00,75.2375,,,
2021-01-30 10:00:00,76.08500000000001,,45.4,31.45
2021-01-30 11:00:00,76.9325,,43.13,32.44
2021-01-30 12:00:00,77.78,,38.3,33.69
2021-01-30 13:00:00,63.87,,40.74,33.67
2021-01-30 14:00:00,57.98,,41.26,33.22
2021-01-30 15:00:00,51.58,,38.0,33.34
2021-01-30 16:00:00,53.74,,38.62,32.96
2021-01-30 17:00:00,79.72,,49.42,30.46
2021-01-30 18:00:00,72.7,,53.4,28.36
2021-01-30 19:00:00,80.88,,60.04,26.55
2021-01-30 20:00:00,95.08,,63.92,25.9
2021-01-30 21:00:00,98.0,,67.23,25.17
2021-01-30 22:00:00,97.0,,71.16,24.13
2021-01-30 23:00:00,96.0,,76.09,23.41
2021-01-31 00:00:00,96.0,,80.07,22.19
2021-01-31 01:00:00,94.075,,83.74,22.36
2021-01-31 02:00:00,92.15,,86.48,21.54
2021-01-31 03:00:00,90.225,,88.16,21.3
2021-01-31 04:00:00,88.3,,80.52,21.62
2021-01-31 05:00:00,86.375,,72.83,21.81
2021-01-31 06:00:00,84.45,,72.83,21.23
2021-01-31 07:00:00,82.525,,74.56,20.82
2021-01-31 08:00:00,80.60000000000001,,66.28,23.34
2021-01-31 09:00:00,78.67500000000001,,52.66,27.37
2021-01-31 10:00:00,76.75,,43.24,30.56
2021-01-31 11:00:00,74.825,,36.71,33.15
2021-01-31 12:00:00,72.9,,42.0,33.1
2021-01-31 13:00:00,70.07,,45.47,32.39
2021-01-31 14:00:00,64.58,,45.8,31.77
2021-01-31 15:00:00,64.39,,46.58,32.14
2021-01-31 16:00:00,59.22,,41.31,32.34
2021-01-31 17:00:00,51.93,,46.1,30.92
2021-01-31 18:00:00,50.67,,53.65,28.73
2021-01-31 19:00:00,59.1,,66.67,26.72
2021-01-31 20:00:00,87.4,,72.76,25.77
2021-01-31 21:00:00,99.0,,67.82,25.64
2021-01-31 22:00:00,99.0,,64.85,25.63
2021-01-31 23:00:00,95.61,,65.85,25.37
2021-02-01 00:00:00,94.0,,68.5,24.76
2021-02-01 01:00:00,91.95,,73.45,24.03
2021-02-01 02:00:00,94.55,,77.98,23.17
2021-02-01 03:00:00,94.44,,79.96,23.12
2021-02-01 04:00:00,93.0,,75.39,24.14
2021-02-01 05:00:00,92.16666666666667,,65.42,25.39
2021-02-01 06:00:00,91.33333333333333,,66.17,24.71
2021-02-01 07:00:00,90.5,,73.47,23.67
2021-02-01 08:00:00,89.66666666666667,,71.97,24.54
2021-02-01 09:00:00,88.83333333333333,,54.69,29.66
2021-02-01 10:00:00,88.0,,43.92,33.12
2021-02-01 11:00:00,72.41,,41.54,34.5
2021-02-01 12:00:00,63.64,,39.45,35.35
2021-02-01 13:00:00,64.36,,35.05,36.25
2021-02-01 14:00:00,59.58,,34.26,36.44
2021-02-01 15:00:00,60.39,,49.74,33.95
2021-02-01 16:00:00,57.26,,53.15,32.83
2021-02-01 17:00:00,64.49,,56.4,31.57
2021-02-01 18:00:00,75.08,,62.17,30.03
2021-02-01 19:00:00,86.53,,67.9,28.66
2021-02-01 20:00:00,89.92666666666666,,68.79,27.87
2021-02-01 21:00:00,93.32333333333334,,70.9,27.09
2021-02-01 22:00:00,96.72,,73.41,26.72
2021-02-01 23:00:00,96.0,,73.99,26.38
2021-02-02 00:00:00,94.382,,74.73,26.11
2021-02-02 01:00:00,92.764,,76.94,26.14
2021-02-02 02:00:00,91.146,,78.78,25.29
2021-02-02 03:00:00,89.52799999999999,,78.75,24.79
2021-02-02 04:00:00,87.91,,79.39,25.31
2021-02-02 05:00:00,86.292,,81.8,24.9
2021-02-02 06:00:00,84.67399999999999,,82.08,24.23
2021-02-02 07:00:00,83.056,,71.16,25.29
2021-02-02 08:00:00,81.43799999999999,,57.54,27.97
2021-02-02 09:00:00,79.82,,40.04,31.86
2021-02-02 10:00:00,63.25,,35.64,33.12
2021-02-02 11:00:00,54.58,,32.02,34.58
2021-02-02 12:00:00,50.64,,30.2,35.61
2021-02-02 13:00:00,50.0,,26.06,36.29
2021-02-02 14:00:00,41.9,,21.77,36.78
2021-02-02 15:00:00,29.9,,27.75,36.7
2021-02-02 16:00:00,53.11,,43.69,34.27
2021-02-02 17:00:00,57.2,,47.66,32.23
2021-02-02 18:00:00,63.84,,56.64,30.07
2021-02-02 19:00:00,73.07,,55.75,28.75
2021-02-02 20:00:00,75.0,,60.06,27.45
2021-02-02 21:00:00,100.0,,63.46,27.02
2021-02-02 22:00:00,96.62,,65.09,26.82
2021-02-02 23:00:00,96.35,,66.43,26.22
2021-02-03 00:00:00,96.33,,69.31,25.01
2021-02-03 01:00:00,94.64,,72.2,25.21
2021-02-03 02:00:00,94.0,,78.22,24.08
2021-02-03 03:00:00,94.0,,80.12,23.26
2021-02-03 04:00:00,94.0,,81.82,22.95
2021-02-03 05:00:00,94.0,,75.61,23.63
2021-02-03 06:00:00,94.0,,72.88,23.71
2021-02-03 07:00:00,94.0,,73.2,23.55
2021-02-03 08:00:00,94.0,,65.87,25.18
2021-02-03 09:00:00,94.0,,54.98,28.44
2021-02-03 10:00:00,94.0,,41.64,32.09
2021-02-03 11:00:00,70.95,,31.97,33.64
2021-02-03 12:00:00,48.52,,29.86,34.59
2021-02-03 13:00:00,48.4,,28.5,34.88
2021-02-03 14:00:00,46.27,,29.96,34.55
2021-02-03 15:00:00,41.29,,29.25,34.35
2021-02-03 16:00:00,37.3,,30.72,33.86
2021-02-03 17:00:00,50.23,,39.69,32.55
2021-02-03 18:00:00,56.32,,48.38,30.81
2021-02-03 19:00:00,63.45,,63.0,29.14
2021-02-03 20:00:00,67.0,,68.39,28.08
2021-02-03 21:00:00,68.83214285714286,,61.34,27.92
2021-02-03 22:00:00,70.66428571428571,,63.62,27.2
2021-02-03 23:00:00,72.49642857142857,,64.54,26.26
2021-02-04 00:00:00,74.32857142857144,,65.49,25.67
2021-02-04 01:00:00,76.16071428571429,,65.78,25.42
2021-02-04 02:00:00,77.99285714285715,,71.52,23.61
2021-02-04 03:00:00,79.825,,74.47,23.53
2021-02-04 04:00:00,81.65714285714286,,74.0,24.06
2021-02-04 05:00:00,83.48928571428571,,73.88,23.4
2021-02-04 06:00:00,85.32142857142858,,71.31,23.53
2021-02-04 07:00:00,87.15357142857144,,69.41,23.78
2021-02-04 08:00:00,88.9857142857143,,60.19,25.78
2021-02-04 09:00:00,90.81785714285715,,48.36,29.09
2021-02-04 10:00:00,92.65,,39.64,31.55
2021-02-04 11:00:00,74.48,,35.65,32.71
2021-02-04 12:00:00,60.23,,38.91,33.19
2021-02-04 13:00:00,62.78,,50.44,32.13
2021-02-04 14:00:00,79.5,,44.11,32.95
2021-02-04 15:00:00,86.0,,45.25,32.48
2021-02-04 16:00:00,81.28,,48.72,31.81
2021-02-04 17:00:00,73.6,,53.4,30.96
2021-02-04 18:00:00,70.32,,65.12,28.65
2021-02-04 19:00:00,80.15,,71.59,27.19
2021-02-04 20:00:00,76.22,,64.91,26.93
2021-02-04 21:00:00,63.23,,61.25,26.39
2021-02-04 22:00:00,73.85,,64.98,25.79
2021-02-04 23:00:00,71.51,,60.16,26.43
2021-02-05 00:00:00,67.0,,62.97,25.55
2021-02-05 01:00:00,83.88,,71.14,23.89
2021-02-05 02:00:00,67.03,,76.94,23.73
2021-02-05 03:00:00,69.85,,78.07,23.64
2021-02-05 04:00:00,77.68,,83.38,23.61
2021-02-05 05:00:00,83.41,,85.54,23.68
2021-02-05 06:00:00,64.31,,85.81,23.2
2021-02-05 07:00:00,64.1,,84.13,22.48
2021-02-05 08:00:00,63.6,,75.47,24.61
2021-02-05 09:00:00,65.75,,51.38,28.3
2021-02-05 10:00:00,54.45,,39.64,30.96
2021-02-05 11:00:00,43.27,,35.92,32.24
2021-02-05 12:00:00,37.61,,35.66,32.88
2021-02-05 13:00:00,41.4,,42.04,32.98
2021-02-05 14:00:00,52.81,,45.36,32.57
2021-02-05 15:00:00,57.0,,40.2,32.52
2021-02-05 16:00:00,47.57,,40.06,32.26
2021-02-05 17:00:00,43.67,,42.75,31.51
2021-02-05 18:00:00,41.98,,53.16,29.46
2021-02-05 19:00:00,53.83,,66.22,26.79
2021-02-05 20:00:00,60.0,,66.01,25.69
2021-02-05 21:00:00,61.35,,66.56,24.66
2021-02-05 22:00:00,60.65,,68.38,24.47
2021-02-05 23:00:00,64.05,,60.12,24.57
2021-02-06 00:00:00,54.52,,48.77,24.8
2021-02-06 01:00:00,40.9,,49.63,24.54
2021-02-06 02:00:00,41.74,,48.36,24.56
2021-02-06 03:00:00,39.26,,45.2,24.87
2021-02-06 04:00:00,37.0,,43.78,25.07
2021-02-06 05:00:00,34.29,,43.65,25.2
2021-02-06 06:00:00,36.38,,44.42,25.12
2021-02-06 07:00:00,39.36,,45.88,24.71
2021-02-06 08:00:00,57.55,,49.57,25.33
2021-02-06 09:00:00,51.15,,39.51,29.19
2021-02-06 10:00:00,50.75,,36.62,31.78
2021-02-06 11:00:00,46.56,,31.12,33.32
2021-02-06 12:00:00,36.22,,30.63,33.89
2021-02-06 13:00:00,38.4,,29.9,34.6
2021-02-06 14:00:00,41.67,,35.88,34.54
2021-02-06 15:00:00,42.0,,43.11,33.47
2021-02-06 16:00:00,46.74,,44.82,32.51
2021-02-06 17:00:00,51.7,,47.35,32.1
2021-02-06 18:00:00,69.2,,58.09,29.99
2021-02-06 19:00:00,76.33,,58.85,28.78
2021-02-06 20:00:00,86.12,,53.64,28.39
2021-02-06 21:00:00,64.57,,41.33,29.88
2021-02-06 22:00:00,44.55,,40.73,29.31
2021-02-06 23:00:00,44.38,,42.45,28.14
2021-02-07 00:00:00,48.7,,42.34,28.26
2021-02-07 01:00:00,59.45,,45.01,27.32
2021-02-07 02:00:00,51.85,,42.07,27.82
2021-02-07 03:00:00,46.0,,41.54,27.42
2021-02-07 04:00:00,41.27,,41.77,26.76
2021-02-07 05:00:00,37.65,,41.27,26.46
2021-02-07 06:00:00,49.15,,45.54,25.5
2021-02-07 07:00:00,55.0,,43.49,25.77
2021-02-07 08:00:00,91.0,,40.04,27.34
2021-02-07 09:00:00,77.44,,33.09,30.94
2021-02-07 10:00:00,58.82,,28.74,32.79
2021-02-07 11:00:00,35.45,,27.3,33.91
2021-02-07 12:00:00,29.02,,27.13,34.62
2021-02-07 13:00:00,32.71,,26.27,34.99
2021-02-07 14:00:00,44.84,,27.87,35.43
2021-02-07 15:00:00,46.62,,36.14,34.64
2021-02-07 16:00:00,40.95,,33.67,33.92
2021-02-07 17:00:00,39.0,,35.91,33.16
2021-02-07 18:00:00,52.25,,45.12,30.88
2021-02-07 19:00:00,65.5,,52.09,29.0
2021-02-07 20:00:00,78.75,,52.46,27.75
2021-02-07 21:00:00,92.0,,57.77,26.02
2021-02-07 22:00:00,91.33,,53.09,26.99
2021-02-07 23:00:00,91.0,,49.69,26.99
2021-02-08 00:00:00,65.45,,49.41,26.87
2021-02-08 01:00:00,68.15,,52.18,25.82
2021-02-08 02:00:00,74.0,,58.63,25.18
2021-02-08 03:00:00,73.06875,,63.37,23.63
2021-02-08 04:00:00,72.1375,,66.92,22.27
2021-02-08 05:00:00,71.20625,,66.12,22.52
2021-02-08 06:00:00,70.275,,64.4,23.37
2021-02-08 07:00:00,69.34375,,62.43,23.73
2021-02-08 08:00:00,68.4125,,56.76,26.04
2021-02-08 09:00:00,67.48125,,35.29,30.53
2021-02-08 10:00:00,66.55,,29.22,32.08
2021-02-08 11:00:00,43.0,,26.43,33.59
2021-02-08 12:00:00,35.58,,25.34,34.35
2021-02-08 13:00:00,38.08,,25.08,35.19
2021-02-08 14:00:00,55.17,,27.49,34.95
2021-02-08 15:00:00,57.95,,31.15,34.66
2021-02-08 16:00:00,70.85,,35.55,33.7
2021-02-08 17:00:00,78.0,,40.13,32.17
2021-02-08 18:00:00,70.2,,45.89,29.97
2021-02-08 19:00:00,49.58,,50.43,27.77
2021-02-08 20:00:00,47.35,,52.09,27.08
2021-02-08 21:00:00,52.05,,48.42,27.44
2021-02-08 22:00:00,47.92,,52.86,26.62
2021-02-08 23:00:00,50.4,,58.53,25.31
2021-02-09 00:00:00,57.05,,61.12,24.68
2021-02-09 01:00:00,83.3,,61.3,24.21
2021-02-09 02:00:00,95.0,,60.23,23.94
2021-02-09 03:00:00,98.0,,58.03,23.91
2021-02-09 04:00:00,98.0,,60.36,23.22
2021-02-09 05:00:00,98.16666666666667,,64.85,23.0
2021-02-09 06:00:00,98.33333333333333,,63.89,22.59
2021-02-09 07:00:00,98.5,,63.66,22.71
2021-02-09 08:00:00,98.66666666666667,,63.44,23.52
2021-02-09 09:00:00,98.83333333333333,,44.09,29.04
2021-02-09 10:00:00,99.0,,26.77,32.75
2021-02-09 11:00:00,54.27,,23.13,34.35
2021-02-09 12:00:00,32.33,,21.68,35.62
2021-02-09 13:00:00,30.64,,23.54,35.86
2021-02-09 14:00:00,42.77,,34.71,34.24
2021-02-09 15:00:00,47.65,,35.99,33.66
2021-02-09 16:00:00,51.73,,34.22,33.76
2021-02-09 17:00:00,54.68,,39.16,32.6
2021-02-09 18:00:00,57.7,,46.15,30.49
2021-02-09 19:00:00,79.92,,50.31,28.69
2021-02-09 20:00:00,84.6,,56.93,27.31
2021-02-09 21:00:00,82.0,,44.31,27.55
2021-02-09 22:00:00,82.5,,46.12,26.46
2021-02-09 23:00:00,83.0,,54.89,25.36
2021-02-10 00:00:00,83.5,,62.1,23.82
2021-02-10 01:00:00,84.0,,70.36,23.12
2021-02-10 02:00:00,84.5,,71.3,22.5
2021-02-10 03:00:00,85.0,,73.2,21.2
2021-02-10 04:00:00,90.6,,71.86,22.35
2021-02-10 05:00:00,91.35714285714285,,68.0,22.37
2021-02-10 06:00:00,92.11428571428571,,70.34,21.78
2021-02-10 07:00:00,92.87142857142857,,67.99,21.81
2021-02-10 08:00:00,93.62857142857143,,55.81,25.02
2021-02-10 09:00:00,94.38571428571429,,44.09,28.3
2021-02-10 10:00:00,95.14285714285715,,36.16,31.21
2021-02-10 11:00:00,95.9,,31.58,33.66
2021-02-10 12:00:00,76.02,,29.93,34.61
2021-02-10 13:00:00,66.32,,36.59,34.39
2021-02-10 14:00:00,70.07,,39.32,34.13
2021-02-10 15:00:00,63.23,,47.77,32.88
2021-02-10 16:00:00,69.12,,57.27,31.88
2021-02-10 17:00:00,83.45,,60.38,30.66
2021-02-10 18:00:00,84.2775,,65.02,29.12
2021-02-10 19:00:00,85.105,,68.4,27.54
2021-02-10 20:00:00,85.9325,,76.24,26.15
2021-02-10 21:00:00,86.76,,77.29,25.71
2021-02-10 22:00:00,87.5875,,79.54,25.05
2021-02-10 23:00:00,88.415,,82.49,24.47
2021-02-11 00:00:00,89.2425,,84.65,23.95
2021-02-11 01:00:00,90.07000000000001,,84.4,23.09
2021-02-11 02:00:00,90.89750000000001,,87.92,22.19
2021-02-11 03:00:00,91.725,,87.46,21.57
2021-02-11 04:00:00,92.55250000000001,,87.3,21.81
2021-02-11 05:00:00,93.38,,84.1,21.88
2021-02-11 06:00:00,94.2075,,82.39,21.93
2021-02-11 07:00:00,95.035,,77.94,21.95
2021-02-11 08:00:00,95.8625,,71.81,24.47
2021-02-11 09:00:00,96.69,,55.03,28.91
2021-02-11 10:00:00,97.5175,,43.64,31.64
2021-02-11 11:00:00,98.345,,36.47,34.26
2021-02-11 12:00:00,99.1725,,42.05,34.43
2021-02-11 13:00:00,100.0,,41.74,33.92
2021-02-11 14:00:00,83.8,,40.28,34.09
2021-02-11 15:00:00,76.0,,37.3,34.93
2021-02-11 16:00:00,72.62,,37.16,33.8
2021-02-11 17:00:00,58.85,,40.28,32.72
2021-02-11 18:00:00,80.0,,47.22,30.65
2021-02-11 19:00:00,93.0,,62.34,28.46
2021-02-11 20:00:00,92.55833333333334,,70.31,27.02
2021-02-11 21:00:00,92.11666666666666,,69.36,26.09
2021-02-11 22:00:00,91.675,,70.09,25.56
2021-02-11 23:00:00,91.23333333333333,,71.01,25.23
2021-02-12 00:00:00,90.79166666666667,,71.99,25.13
2021-02-12 01:00:00,90.35,,72.12,25.27
2021-02-12 02:00:00,89.90833333333333,,72.5,24.91
2021-02-12 03:00:00,89.46666666666667,,78.03,22.96
2021-02-12 04:00:00,89.025,,72.43,23.8
2021-02-12 05:00:00,88.58333333333333,,72.28,23.7
2021-02-12 06:00:00,88.14166666666667,,70.46,23.85
2021-02-12 07:00:00,87.7,,71.83,23.52
2021-02-12 08:00:00,87.25833333333333,,70.14,25.01
2021-02-12 09:00:00,86.81666666666666,,58.11,27.93
2021-02-12 10:00:00,86.375,,45.75,31.17
2021-02-12 11:00:00,85.93333333333334,,38.91,33.55
2021-02-12 12:00:00,85.49166666666666,,46.51,33.46
2021-02-12 13:00:00,85.05,,53.55,32.5
2021-02-12 14:00:00,70.88,,56.28,31.64
2021-02-12 15:00:00,63.98,,57.4,31.84
2021-02-12 16:00:00,62.33,,51.23,32.1
2021-02-12 17:00:00,62.67,,49.84,31.31
2021-02-12 18:00:00,73.12,,66.55,29.43
2021-02-12 19:00:00,83.4,,75.72,27.74
2021-02-12 20:00:00,86.0,,80.43,27.2
2021-02-12 21:00:00,86.78571428571429,,81.13,26.41
2021-02-12 22:00:00,87.57142857142857,,76.76,26.44
2021-02-12 23:00:00,88.35714285714286,,76.4,25.88
2021-02-13 00:00:00,89.14285714285714,,81.35,24.57
2021-02-13 01:00:00,89.92857142857143,,83.87,24.18
2021-02-13 02:00:00,90.71428571428571,,85.84,23.1
2021-02-13 03:00:00,91.5,,70.86,24.94
2021-02-13 04:00:00,92.28571428571429,,65.16,24.72
2021-02-13 05:00:00,93.07142857142857,,66.82,24.11
2021-02-13 06:00:00,93.85714285714286,,67.62,23.86
2021-02-13 07:00:00,94.64285714285714,,65.86,24.05
2021-02-13 08:00:00,95.42857142857143,,66.91,24.91
2021-02-13 09:00:00,96.21428571428571,,53.92,27.76
2021-02-13 10:00:00,97.0,,41.08,30.81
2021-02-13 11:00:00,71.35,,34.08,33.36
2021-02-13 12:00:00,61.02,,42.36,32.92
2021-02-13 13:00:00,57.27,,44.95,32.8
2021-02-13 14:00:00,44.85,,52.47,32.27
2021-02-13 15:00:00,37.98,,59.95,31.51
2021-02-13 16:00:00,32.95,,63.04,31.15
2021-02-13 17:00:00,36.4,,70.29,30.37
2021-02-13 18:00:00,39.67,,77.75,28.95
2021-02-13 19:00:00,46.75,,83.34,27.66
2021-02-13 20:00:00,51.35,,85.13,26.84
2021-02-13 21:00:00,56.7,,86.53,26.23
2021-02-13 22:00:00,69.8,,86.92,26.06
2021-02-13 23:00:00,64.83,,87.41,25.52
2021-02-14 00:00:00,62.02,,87.62,25.32
2021-02-14 01:00:00,69.08,,87.83,25.05
2021-02-14 02:00:00,72.67,,85.38,24.94
2021-02-14 03:00:00,77.72,,87.48,24.34
2021-02-14 04:00:00,80.0,,86.97,24.29
2021-02-14 05:00:00,82.69,,87.19,24.05
2021-02-14 06:00:00,84.0,,88.82,23.42
2021-02-14 07:00:00,80.25,,85.57,23.84
2021-02-14 08:00:00,76.5,,80.69,24.75
2021-02-14 09:00:00,72.75,,71.07,28.29
2021-02-14 10:00:00,69.0,,65.78,29.73
2021-02-14 11:00:00,53.48,,53.41,32.48
2021-02-14 12:00:00,46.0,,44.3,33.86
2021-02-14 13:00:00,56.17,,60.17,32.59
2021-02-14 14:00:00,50.2,,67.62,31.12
2021-02-14 15:00:00,58.45,,65.1,31.38
2021-02-14 16:00:00,52.17,,62.86,31.08
2021-02-14 17:00:00,56.84,,66.96,30.04
2021-02-14 18:00:00,65.38,,73.53,28.75
2021-02-14 19:00:00,62.95,,76.22,27.77
2021-02-14 20:00:00,63.7,,76.19,27.09
2021-02-14 21:00:00,60.93,,77.57,26.51
2021-02-14 22:00:00,52.9,,76.27,26.49
2021-02-14 23:00:00,53.38,,77.49,25.97
2021-02-15 00:00:00,53.65,,75.88,25.67
2021-02-15 01:00:00,55.02,,73.91,25.7
2021-02-15 02:00:00,50.6,,77.0,24.99
2021-02-15 03:00:00,45.3,,78.48,24.82
2021-02-15 04:00:00,33.92,,78.5,24.82
2021-02-15 05:00:00,27.66,,80.46,24.08
2021-02-15 06:00:00,32.4,,81.79,23.99
2021-02-15 07:00:00,59.3,,78.29,24.18
2021-02-15 08:00:00,71.0,,76.97,25.59
2021-02-15 09:00:00,95.0,,72.54,27.82
2021-02-15 10:00:00,49.29,,63.21,29.46
2021-02-15 11:00:00,25.65,,59.4,30.75
2021-02-15 12:00:00,25.67,,65.29,30.64
2021-02-15 13:00:00,26.0,,68.94,30.38
2021-02-15 14:00:00,31.38,,65.22,30.62
2021-02-15 15:00:00,44.08,,62.09,31.06
2021-02-15 16:00:00,69.25,,65.77,30.27
2021-02-15 17:00:00,71.58,,72.43,29.13
2021-02-15 18:00:00,55.8,,76.4,28.16
2021-02-15 19:00:00,51.34,,78.12,27.11
2021-02-15 20:00:00,47.95,,80.86,26.64
2021-02-15 21:00:00,46.0,,83.43,25.85
2021-02-15 22:00:00,46.0,,85.13,25.76
2021-02-15 23:00:00,46.0,,86.64,25.21
2021-02-16 00:00:00,52.05,,88.37,25.24
2021-02-16 01:00:00,43.52,,88.83,25.16
2021-02-16 02:00:00,41.38,,89.79,24.89
2021-02-16 03:00:00,45.7,,90.06,24.99
2021-02-16 04:00:00,40.92,,91.1,24.9
2021-02-16 05:00:00,39.34,,92.8,24.24
2021-02-16 06:00:00,39.33,,93.33,24.15
2021-02-16 07:00:00,59.25,,93.89,24.13
2021-02-16 08:00:00,88.58,,89.73,25.81
2021-02-16 09:00:00,68.18,,81.09,28.18
2021-02-16 10:00:00,43.2,,72.58,29.41
2021-02-16 11:00:00,47.41,,69.35,30.09
2021-02-16 12:00:00,34.45,,72.5,29.68
2021-02-16 13:00:00,26.68,,72.76,29.51
2021-02-16 14:00:00,27.68,,72.45,29.39
2021-02-16 15:00:00,31.38,,71.2,29.63
2021-02-16 16:00:00,30.98,,72.99,29.14
2021-02-16 17:00:00,38.1,,74.83,28.6
2021-02-16 18:00:00,40.65,,78.19,27.82
2021-02-16 19:00:00,43.38,,79.66,26.93
2021-02-16 20:00:00,56.48,,78.87,26.16
2021-02-16 21:00:00,68.78,,80.1,26.05
2021-02-16 22:00:00,74.03,,80.96,25.8
2021-02-16 23:00:00,68.92,,82.16,25.61
2021-02-17 00:00:00,84.15,,83.27,25.67
2021-02-17 01:00:00,97.72,,83.14,25.24
2021-02-17 02:00:00,93.92,,86.97,24.22
2021-02-17 03:00:00,82.22,,88.2,24.46
2021-02-17 04:00:00,65.17,,88.16,24.51
2021-02-17 05:00:00,59.67,,90.44,23.92
2021-02-17 06:00:00,46.5,,91.55,23.88
2021-02-17 07:00:00,44.73,,90.42,23.93
2021-02-17 08:00:00,47.0,,85.05,25.79
2021-02-17 09:00:00,45.0,,76.88,27.62
2021-02-17 10:00:00,33.57,,64.72,29.38
2021-02-17 11:00:00,33.4,,56.15,30.83
2021-02-17 12:00:00,44.1,,63.43,30.94
2021-02-17 13:00:00,44.62,,68.92,30.31
2021-02-17 14:00:00,33.51,,65.7,30.74
2021-02-17 15:00:00,29.68,,63.71,30.95
2021-02-17 16:00:00,49.58,,62.59,30.54
2021-02-17 17:00:00,67.1,,63.83,30.19
2021-02-17 18:00:00,71.67,,67.58,29.27
2021-02-17 19:00:00,80.07,,71.23,28.21
2021-02-17 20:00:00,90.65,,74.84,27.48
2021-02-17 21:00:00,89.196875,,75.3,26.92
2021-02-17 22:00:00,87.74375,,78.09,26.27
2021-02-17 23:00:00,86.290625,,81.05,25.66
2021-02-18 00:00:00,84.8375,,82.39,25.58
2021-02-18 01:00:00,83.384375,,83.28,25.27
2021-02-18 02:00:00,81.93125,,84.2,24.09
2021-02-18 03:00:00,80.478125,,77.3,25.08
2021-02-18 04:00:00,79.025,,78.73,25.0
2021-02-18 05:00:00,77.571875,,80.23,24.55
2021-02-18 06:00:00,76.11875,,84.06,23.18
2021-02-18 07:00:00,74.665625,,83.91,23.78
2021-02-18 08:00:00,73.2125,,77.25,25.86
2021-02-18 09:00:00,71.759375,,67.84,28.8
2021-02-18 10:00:00,70.30625,,54.09,32.13
2021-02-18 11:00:00,68.853125,,43.8,34.04
2021-02-18 12:00:00,67.4,,40.26,34.81
2021-02-18 13:00:00,61.02,,39.63,35.48
2021-02-18 14:00:00,62.67,,50.19,33.8
2021-02-18 15:00:00,79.81,,53.34,32.83
2021-02-18 16:00:00,85.3,,57.78,32.17
2021-02-18 17:00:00,75.93,,60.89,31.67
2021-02-18 18:00:00,80.07,,62.81,30.86
2021-02-18 19:00:00,80.64,,59.22,30.61
2021-02-18 20:00:00,91.15,,60.34,30.14
2021-02-18 21:00:00,79.45,,63.75,28.3
2021-02-18 22:00:00,52.1,,79.02,25.87
2021-02-18 23:00:00,49.08,,81.5,25.43
2021-02-19 00:00:00,52.67,,77.48,26.07
2021-02-19 01:00:00,44.23,,75.2,26.08
2021-02-19 02:00:00,40.67,,75.0,25.72
2021-02-19 03:00:00,34.95,,75.09,25.41
2021-02-19 04:00:00,41.41,,75.51,25.14
2021-02-19 05:00:00,40.6,,68.33,25.74
2021-02-19 06:00:00,29.26,,66.85,25.72
2021-02-19 07:00:00,29.73,,65.49,26.07
2021-02-19 08:00:00,33.35,,60.06,27.81
2021-02-19 09:00:00,30.62,,53.69,29.61
2021-02-19 10:00:00,30.34,,47.8,31.56
2021-02-19 11:00:00,31.0,,43.73,32.58
2021-02-19 12:00:00,33.02,,41.58,33.5
2021-02-19 13:00:00,34.0,,40.06,34.11
2021-02-19 14:00:00,32.66,,48.95,33.52
2021-02-19 15:00:00,32.0,,56.53,32.28
2021-02-19 16:00:00,36.7,,55.41,31.85
2021-02-19 17:00:00,41.02,,55.88,31.32
2021-02-19 18:00:00,54.83,,60.15,30.05
2021-02-19 19:00:00,59.65,,71.63,28.57
2021-02-19 20:00:00,57.65,,73.79,28.46
2021-02-19 21:00:00,57.0,,75.53,27.91
2021-02-19 22:00:00,77.3,,73.12,27.94
2021-02-19 23:00:00,74.08,,66.29,28.25
2021-02-20 00:00:00,61.48,,63.68,27.95
2021-02-20 01:00:00,50.64,,59.67,28.07
2021-02-20 02:00:00,44.3,,59.73,27.79
2021-02-20 03:00:00,44.7,,63.6,26.77
2021-02-20 04:00:00,36.59,,67.99,25.89
2021-02-20 05:00:00,36.05,,73.64,23.98
2021-02-20 06:00:00,42.05,,72.3,24.31
2021-02-20 07:00:00,36.58,,70.13,24.23
2021-02-20 08:00:00,68.63,,65.06,26.84
2021-02-20 09:00:00,65.16,,50.16,30.54
2021-02-20 10:00:00,35.42,,39.35,32.67
2021-02-20 11:00:00,23.98,,34.39,33.97
2021-02-20 12:00:00,18.27,,32.05,34.46
2021-02-20 13:00:00,18.7,,32.09,34.59
2021-02-20 14:00:00,20.68,,39.48,33.97
2021-02-20 15:00:00,19.66,,47.27,33.02
2021-02-20 16:00:00,18.33,,50.69,32.46
2021-02-20 17:00:00,24.72,,52.4,32.08
2021-02-20 18:00:00,29.34,,57.36,30.68
2021-02-20 19:00:00,34.71,,63.39,29.29
2021-02-20 20:00:00,45.1,,68.97,27.88
2021-02-20 21:00:00,59.1,,68.6,27.51
2021-02-20 22:00:00,59.27,,70.07,27.01
2021-02-20 23:00:00,60.36,,73.05,26.44
2021-02-21 00:00:00,83.51,,62.34,27.41
2021-02-21 01:00:00,81.17,,51.31,28.87
2021-02-21 02:00:00,56.1,,47.18,29.61
2021-02-21 03:00:00,40.25,,47.32,29.31
2021-02-21 04:00:00,38.35,,48.01,28.99
2021-02-21 05:00:00,35.62,,50.66,28.34
2021-02-21 06:00:00,55.6,,52.79,27.75
2021-02-21 07:00:00,59.28,,54.69,27.57
2021-02-21 08:00:00,62.75,,53.37,29.43
2021-02-21 09:00:00,81.53,,47.08,31.94
2021-02-21 10:00:00,68.8,,38.6,34.23
2021-02-21 11:00:00,45.55,,36.19,35.0
2021-02-21 12:00:00,42.37,,35.4,35.59
2021-02-21 13:00:00,41.31,,34.37,36.31
2021-02-21 14:00:00,35.97,,42.43,35.26
2021-02-21 15:00:00,40.05,,44.34,34.7
2021-02-21 16:00:00,41.65,,46.57,34.22
2021-02-21 17:00:00,44.38,,47.56,33.1
2021-02-21 18:00:00,46.67,,53.41,31.69
2021-02-21 19:00:00,53.08,,63.3,29.79
2021-02-21 20:00:00,56.67,,65.53,29.22
2021-02-21 21:00:00,56.33,,57.54,29.6
2021-02-21 22:00:00,57.35,,63.77,28.1
2021-02-21 23:00:00,64.75,,69.16,27.45
2021-02-22 00:00:00,76.7,,72.12,27.04
2021-02-22 01:00:00,81.0,,66.73,27.12
2021-02-22 02:00:00,81.0375,,68.98,26.27
2021-02-22 03:00:00,81.075,,62.65,27.36
2021-02-22 04:00:00,81.11250000000001,,61.96,27.41
2021-02-22 05:00:00,81.15,,63.02,27.14
2021-02-22 06:00:00,65.95,,60.92,27.24
2021-02-22 07:00:00,70.41,,63.18,26.81
2021-02-22 08:00:00,83.45,,62.05,28.42
2021-02-22 09:00:00,84.63,,46.28,33.16
2021-02-22 10:00:00,54.05,,41.95,34.38
2021-02-22 11:00:00,37.98,,40.18,35.36
2021-02-22 12:00:00,43.75,,36.1,36.7
2021-02-22 13:00:00,46.33,,38.66,36.59
2021-02-22 14:00:00,46.67,,42.86,35.63
2021-02-22 15:00:00,42.95,,43.95,35.18
2021-02-22 16:00:00,38.98,,48.86,34.55
2021-02-22 17:00:00,34.62,,53.49,33.47
2021-02-22 18:00:00,41.74,,58.53,31.75
2021-02-22 19:00:00,54.07,,56.46,30.52
2021-02-22 20:00:00,58.0,,54.94,30.23
2021-02-22 21:00:00,58.875,,56.25,29.86
2021-02-22 22:00:00,59.75,,56.75,29.54
2021-02-22 23:00:00,60.625,,60.25,28.9
2021-02-23 00:00:00,61.5,,64.57,27.68
2021-02-23 01:00:00,62.375,,66.7,27.35
2021-02-23 02:00:00,63.25,,68.27,26.95
2021-02-23 03:00:00,64.125,,70.03,26.52
2021-02-23 04:00:00,65.0,,74.52,25.62
2021-02-23 05:00:00,65.875,,76.69,25.44
2021-02-23 06:00:00,66.75,,77.2,25.2
2021-02-23 07:00:00,67.625,,75.5,25.7
2021-02-23 08:00:00,68.5,,69.09,27.42
2021-02-23 09:00:00,69.375,,50.45,31.56
2021-02-23 10:00:00,70.25,,45.01,33.87
2021-02-23 11:00:00,71.125,,42.94,35.36
2021-02-23 12:00:00,72.0,,40.02,36.41
2021-02-23 13:00:00,71.33,,43.31,36.2
2021-02-23 14:00:00,68.31,,39.51,36.86
2021-02-23 15:00:00,60.25,,49.23,35.2
2021-02-23 16:00:00,66.43,,52.22,34.11
2021-02-23 17:00:00,72.35,,46.17,33.69
2021-02-23 18:00:00,74.35,,51.87,32.61
2021-02-23 19:00:00,89.79,,64.97,30.66
2021-02-23 20:00:00,97.0,,70.13,29.72
2021-02-23 21:00:00,97.0,,68.98,29.52
2021-02-23 22:00:00,96.89375,,70.1,28.96
2021-02-23 23:00:00,96.7875,,70.75,28.75
2021-02-24 00:00:00,96.68125,,72.99,27.7
2021-02-24 01:00:00,96.575,,65.02,28.53
2021-02-24 02:00:00,96.46875,,62.17,28.38
2021-02-24 03:00:00,96.36250000000001,,69.64,26.89
2021-02-24 04:00:00,96.25625000000001,,72.02,27.15
2021-02-24 05:00:00,96.15,,71.86,26.69
2021-02-24 06:00:00,93.0,,75.78,25.58
2021-02-24 07:00:00,92.64,,76.85,25.39
2021-02-24 08:00:00,92.28,,70.38,28.21
2021-02-24 09:00:00,91.92,,52.27,32.27
2021-02-24 10:00:00,91.56,,44.88,34.51
2021-02-24 11:00:00,91.2,,35.68,36.72
2021-02-24 12:00:00,90.84,,39.52,37.15
2021-02-24 13:00:00,77.92,,45.34,35.81
2021-02-24 14:00:00,68.95,,43.09,35.69
2021-02-24 15:00:00,70.7,,36.44,36.69
2021-02-24 16:00:00,67.6,,34.75,36.48
2021-02-24 17:00:00,52.85,,39.12,35.53
2021-02-24 18:00:00,63.13,,47.79,33.28
2021-02-24 19:00:00,86.46,,56.31,31.27
2021-02-24 20:00:00,97.38,,60.93,30.47
2021-02-24 21:00:00,99.0,,58.37,30.08
2021-02-24 22:00:00,96.94,,59.16,29.77
2021-02-24 23:00:00,96.0,,61.65,28.91
2021-02-25 00:00:00,90.78999999999999,,67.7,27.68
2021-02-25 01:00:00,85.58,,65.94,27.55
2021-02-25 02:00:00,79.98,,67.43,27.94
2021-02-25 03:00:00,83.03,,75.46,27.07
2021-02-25 04:00:00,87.03,,75.2,26.28
2021-02-25 05:00:00,90.02,,73.26,26.31
2021-02-25 06:00:00,93.7,,71.58,25.89
2021-02-25 07:00:00,95.0,,67.83,26.2
2021-02-25 08:00:00,93.71,,59.56,28.75
2021-02-25 09:00:00,92.67,,46.33,31.81
2021-02-25 10:00:00,81.57,,38.45,33.81
2021-02-25 11:00:00,56.42,,35.57,35.38
2021-02-25 12:00:00,51.03,,40.03,36.19
2021-02-25 13:00:00,55.02,,47.26,35.47
2021-02-25 14:00:00,62.08,,45.39,35.37
2021-02-25 15:00:00,51.55,,41.52,35.37
2021-02-25 16:00:00,32.85,,43.13,34.88
2021-02-25 17:00:00,37.12,,45.12,34.36
2021-02-25 18:00:00,35.28,,45.08,32.8
2021-02-25 19:00:00,36.03,,51.32,30.86
2021-02-25 20:00:00,45.39,,50.32,30.16
2021-02-25 21:00:00,48.33,,48.96,29.8
2021-02-25 22:00:00,62.79,,52.55,29.36
2021-02-25 23:00:00,67.98,,60.98,26.99
2021-02-26 00:00:00,65.66,,70.0,26.97
2021-02-26 01:00:00,65.0,,85.36,26.88
2021-02-26 02:00:00,48.87,,87.55,26.61
2021-02-26 03:00:00,40.33,,88.49,26.49
2021-02-26 04:00:00,41.34,,89.51,26.11
2021-02-26 05:00:00,48.05,,86.66,25.92
2021-02-26 06:00:00,57.72,,88.08,25.02
2021-02-26 07:00:00,57.64,,82.86,25.48
2021-02-26 08:00:00,60.7,,66.12,28.71
2021-02-26 09:00:00,66.36,,47.64,31.6
2021-02-26 10:00:00,51.2,,40.97,32.77
2021-02-26 11:00:00,28.15,,37.52,34.36
2021-02-26 12:00:00,26.38,,38.28,35.61
2021-02-26 13:00:00,31.7,,45.75,35.17
2021-02-26 14:00:00,28.27,,41.27,35.55
2021-02-26 15:00:00,38.1,,40.82,34.81
2021-02-26 16:00:00,35.26,,35.13,34.92
2021-02-26 17:00:00,25.62,,36.84,33.96
2021-02-26 18:00:00,28.38,,49.77,31.53
2021-02-26 19:00:00,43.77,,64.97,29.56
2021-02-26 20:00:00,61.48,,75.04,28.02
2021-02-26 21:00:00,78.43,,81.68,27.28
2021-02-26 22:00:00,83.33,,84.66,27.03
2021-02-26 23:00:00,56.0,,84.4,27.25
2021-02-27 00:00:00,36.95,,86.22,26.37
2021-02-27 01:00:00,47.45,,87.73,25.7
2021-02-27 02:00:00,62.32,,89.12,25.25
2021-02-27 03:00:00,78.0,,90.63,24.94
2021-02-27 04:00:00,70.33500000000001,,,
2021-02-27 05:00:00,62.67,,85.94,26.45
2021-02-27 06:00:00,58.0,,83.99,26.31
2021-02-27 07:00:00,63.0,,79.0,25.86
2021-02-27 08:00:00,63.0,,72.31,28.06
2021-02-27 09:00:00,93.7,,63.09,30.62
2021-02-27 10:00:00,68.94,,46.06,33.77
2021-02-27 11:00:00,40.08,,36.5,35.73
2021-02-27 12:00:00,30.0,,53.04,34.73
2021-02-27 13:00:00,33.36,,59.5,33.88
2021-02-27 14:00:00,30.97,,53.39,34.59
2021-02-27 15:00:00,31.02,,43.23,35.57
2021-02-27 16:00:00,32.0,,39.03,36.08
2021-02-27 17:00:00,44.77,,40.46,35.55
2021-02-27 18:00:00,46.3,,44.54,34.37
2021-02-27 19:00:00,52.07,,55.79,31.27
2021-02-27 20:00:00,62.75,,57.32,30.24
2021-02-27 21:00:00,74.78,,,
2021-02-27 22:00:00,69.59,,57.47,29.07
2021-02-27 23:00:00,53.55,,,
2021-02-28 00:00:00,48.0,,,
2021-02-28 01:00:00,54.08,,,
2021-02-28 02:00:00,46.92,,,
2021-02-28 03:00:00,38.65,,79.46,26.19
2021-02-28 04:00:00,36.33,,79.38,25.9
2021-02-28 05:00:00,35.33,,78.22,25.66
2021-02-28 06:00:00,39.05,,80.71,24.79
2021-02-28 07:00:00,50.41,,80.82,24.97
2021-02-28 08:00:00,67.1,,60.44,29.77
2021-02-28 09:00:00,73.0,,44.26,33.54
2021-02-28 10:00:00,83.445,,39.61,36.2
2021-02-28 11:00:00,93.89,,45.02,35.87
2021-02-28 12:00:00,70.42,,46.02,35.6
2021-02-28 13:00:00,58.31,,48.56,35.16
2021-02-28 14:00:00,61.05,,47.76,35.92
2021-02-28 15:00:00,68.38,,42.98,36.35
2021-02-28 16:00:00,59.61,,40.28,36.47
2021-02-28 17:00:00,51.98,,45.15,35.44
2021-02-28 18:00:00,64.44,,55.78,33.09
2021-02-28 19:00:00,71.67,,63.24,31.08
2021-02-28 20:00:00,77.38,,67.19,30.31
2021-02-28 21:00:00,86.05,,64.46,29.73
2021-02-28 22:00:00,93.13,,66.27,28.94
2021-02-28 23:00:00,99.31,,61.21,29.07
2021-03-01 00:00:00,81.52,,63.64,28.47
2021-03-01 01:00:00,81.74,,66.38,28.07
2021-03-01 02:00:00,83.31,,69.16,27.15
2021-03-01 03:00:00,94.15,,70.06,26.85
2021-03-01 04:00:00,98.66,,68.39,26.88
2021-03-01 05:00:00,92.6,,,
2021-03-01 06:00:00,61.12,,57.38,27.89
2021-03-01 07:00:00,50.92,,,
2021-03-01 08:00:00,66.82,,,
2021-03-01 09:00:00,65.9,,,
2021-03-01 10:00:00,47.55,,37.31,35.99
2021-03-01 11:00:00,37.64,,36.9,37.55
2021-03-01 12:00:00,46.76,,47.11,37.06
2021-03-01 13:00:00,57.38,,48.16,36.68
2021-03-01 14:00:00,62.02,,49.2,36.49
2021-03-01 15:00:00,68.38,,47.87,36.41
2021-03-01 16:00:00,59.57,,45.05,36.3
2021-03-01 17:00:00,51.98,,50.84,35.05
2021-03-01 18:00:00,51.0,,59.59,33.15
2021-03-01 19:00:00,55.03,,69.08,30.94
2021-03-01 20:00:00,63.73,,64.6,30.62
2021-03-01 21:00:00,70.36,,53.04,32.03
2021-03-01 22:00:00,51.16,,49.25,31.7
2021-03-01 23:00:00,74.61,,47.27,31.85
2021-03-02 00:00:00,55.52,,46.68,31.34
2021-03-02 01:00:00,38.0,,52.02,29.77
2021-03-02 02:00:00,36.66,,61.13,28.11
2021-03-02 03:00:00,41.4,,61.82,27.57
2021-03-02 04:00:00,49.38,,63.88,27.06
2021-03-02 05:00:00,54.69,,67.97,26.09
2021-03-02 06:00:00,58.69,,69.57,25.97
2021-03-02 07:00:00,66.05,,73.24,24.95
2021-03-02 08:00:00,73.69,,59.24,29.72
2021-03-02 09:00:00,73.32,,41.46,33.83
2021-03-02 10:00:00,57.88,,24.34,37.1
2021-03-02 11:00:00,25.45,,16.17,38.92
2021-03-02 12:00:00,11.65,,31.86,37.76
2021-03-02 13:00:00,34.53,,42.0,36.47
2021-03-02 14:00:00,43.31,,43.29,36.27
2021-03-02 15:00:00,41.33,,38.51,36.17
2021-03-02 16:00:00,34.28,,37.85,35.47
2021-03-02 17:00:00,35.03,,42.61,34.16
2021-03-02 18:00:00,46.41,,39.23,32.51
2021-03-02 19:00:00,44.95,,45.46,30.48
2021-03-02 20:00:00,43.34,,43.66,29.36
2021-03-02 21:00:00,40.64,,36.6,29.47
2021-03-02 22:00:00,48.41,,38.66,28.99
2021-03-02 23:00:00,50.98,,43.16,27.73
2021-03-03 00:00:00,45.31,,44.96,27.01
2021-03-03 01:00:00,40.98,,46.2,26.43
2021-03-03 02:00:00,44.03,,46.38,26.43
2021-03-03 03:00:00,57.43,,48.01,26.12
2021-03-03 04:00:00,54.26,,49.39,26.3
2021-03-03 05:00:00,54.7,,53.58,26.04
2021-03-03 06:00:00,44.9,,58.85,25.15
2021-03-03 07:00:00,39.67,,63.37,25.04
2021-03-03 08:00:00,43.38,,54.83,28.27
2021-03-03 09:00:00,45.0,,40.64,32.2
2021-03-03 10:00:00,62.755,,31.98,35.81
2021-03-03 11:00:00,80.51,,26.46,37.66
2021-03-03 12:00:00,76.0,,38.31,37.27
2021-03-03 13:00:00,65.49,,39.73,37.31
2021-03-03 14:00:00,59.36,,37.69,37.17
2021-03-03 15:00:00,62.34,,40.31,36.6
2021-03-03 16:00:00,62.33,,43.48,36.47
2021-03-03 17:00:00,68.05,,50.63,34.97
2021-03-03 18:00:00,59.57,,64.18,31.75
2021-03-03 19:00:00,53.33,,66.61,30.34
2021-03-03 20:00:00,59.72,,64.69,29.74
2021-03-03 21:00:00,65.68,,60.98,29.12
2021-03-03 22:00:00,60.28,,61.18,28.3
2021-03-03 23:00:00,65.1,,57.95,28.23
2021-03-04 00:00:00,74.38,,54.39,28.24
2021-03-04 01:00:00,68.26,,53.3,28.23
2021-03-04 02:00:00,58.62,,64.67,26.93
2021-03-04 03:00:00,58.01,,69.82,25.65
2021-03-04 04:00:00,64.38,,68.64,25.73
2021-03-04 05:00:00,66.33,,68.56,25.27
2021-03-04 06:00:00,65.33,,70.2,25.31
2021-03-04 07:00:00,80.46,,67.13,26.52
2021-03-04 08:00:00,88.0,,59.24,28.98
2021-03-04 09:00:00,85.61333333333333,,42.95,33.07
2021-03-04 10:00:00,83.22666666666667,,29.09,36.69
2021-03-04 11:00:00,80.84,,22.37,38.95
2021-03-04 12:00:00,66.59,,26.55,39.13
2021-03-04 13:00:00,57.97,,30.8,38.44
2021-03-04 14:00:00,47.93,,30.05,38.42
2021-03-04 15:00:00,48.03,,27.95,38.07
2021-03-04 16:00:00,48.66,,36.0,36.71
2021-03-04 17:00:00,70.4,,49.77,34.78
2021-03-04 18:00:00,77.535,,60.32,32.66
2021-03-04 19:00:00,84.67,,65.16,30.78
2021-03-04 20:00:00,85.38,,58.64,30.28
2021-03-04 21:00:00,92.48,,54.12,30.08
2021-03-04 22:00:00,98.47,,57.44,29.39
2021-03-04 23:00:00,98.0,,63.05,27.4
2021-03-05 00:00:00,95.3725,,66.0,27.59
2021-03-05 01:00:00,92.745,,68.58,26.76
2021-03-05 02:00:00,90.1175,,70.47,26.01
2021-03-05 03:00:00,87.49,,73.52,26.63
2021-03-05 04:00:00,84.8625,,73.7,26.48
2021-03-05 05:00:00,82.235,,75.92,25.34
2021-03-05 06:00:00,79.6075,,80.05,24.89
2021-03-05 07:00:00,76.98,,80.18,24.52
2021-03-05 08:00:00,74.35249999999999,,67.74,28.45
2021-03-05 09:00:00,71.725,,41.07,34.86
2021-03-05 10:00:00,69.0975,,24.46,38.03
2021-03-05 11:00:00,66.47,,15.81,39.73
2021-03-05 12:00:00,38.16,,20.43,40.15
2021-03-05 13:00:00,39.43,,31.16,38.64
2021-03-05 14:00:00,42.98,,30.88,38.22
2021-03-05 15:00:00,42.0,,30.26,38.08
2021-03-05 16:00:00,49.09,,36.16,36.94
2021-03-05 17:00:00,34.67,,45.63,35.05
2021-03-05 18:00:00,41.05,,51.04,33.36
2021-03-05 19:00:00,50.72,,56.8,31.24
2021-03-05 20:00:00,64.08,,52.92,31.13
2021-03-05 21:00:00,78.41,,51.25,30.66
2021-03-05 22:00:00,83.0,,62.79,30.26
2021-03-05 23:00:00,87.06,,67.86,29.83
2021-03-06 00:00:00,76.31,,76.56,27.77
2021-03-06 01:00:00,74.0,,86.36,28.09
2021-03-06 02:00:00,74.49,,84.44,28.01
2021-03-06 03:00:00,62.98,,87.25,26.97
2021-03-06 04:00:00,64.7,,89.2,25.73
2021-03-06 05:00:00,64.66,,92.37,26.86
2021-03-06 06:00:00,77.44,,91.38,26.7
2021-03-06 07:00:00,91.39,,87.01,26.93
2021-03-06 08:00:00,95.0,,82.53,28.66
2021-03-06 09:00:00,91.35,,74.16,31.23
2021-03-06 10:00:00,87.7,,55.8,34.19
2021-03-06 11:00:00,76.31,,64.53,33.71
2021-03-06 12:00:00,69.64,,71.47,33.19
2021-03-06 13:00:00,61.62,,69.08,33.34
2021-03-06 14:00:00,52.98,,56.72,33.94
2021-03-06 15:00:00,33.87,,58.45,33.63
2021-03-06 16:00:00,21.97,,66.69,32.99
2021-03-06 17:00:00,17.31,,66.31,32.58
2021-03-06 18:00:00,20.02,,71.62,31.52
2021-03-06 19:00:00,28.05,,82.28,30.13
2021-03-06 20:00:00,47.73,,85.47,29.39
2021-03-06 21:00:00,62.05,,87.72,28.61
2021-03-06 22:00:00,61.64,,89.73,28.61
2021-03-06 23:00:00,49.24,,89.58,28.44
2021-03-07 00:00:00,45.34,,89.93,27.96
2021-03-07 01:00:00,56.08,,91.36,26.93
2021-03-07 02:00:00,65.03,,92.88,26.07
2021-03-07 03:00:00,87.17,,91.34,25.35
2021-03-07 04:00:00,97.0,,82.46,25.39
2021-03-07 05:00:00,94.4,,82.09,24.95
2021-03-07 06:00:00,91.8,,74.3,25.33
2021-03-07 07:00:00,89.2,,73.59,25.91
2021-03-07 08:00:00,86.6,,66.05,28.71
2021-03-07 09:00:00,84.0,,53.22,32.73
2021-03-07 10:00:00,71.9,,43.64,33.93
2021-03-07 11:00:00,44.58,,33.55,35.81
2021-03-07 12:00:00,27.28,,32.87,36.79
2021-03-07 13:00:00,21.32,,41.25,36.3
2021-03-07 14:00:00,18.66,,32.17,36.84
2021-03-07 15:00:00,14.65,,26.3,36.65
2021-03-07 16:00:00,11.66,,27.58,36.16
2021-03-07 17:00:00,9.66,,34.52,34.61
2021-03-07 18:00:00,8.33,,49.89,32.33
2021-03-07 19:00:00,14.72,,63.92,30.32
2021-03-07 20:00:00,34.8,,66.46,29.43
2021-03-07 21:00:00,44.34,,68.83,28.48
2021-03-07 22:00:00,56.43,,73.24,27.86
2021-03-07 23:00:00,44.59,,75.64,27.14
2021-03-08 00:00:00,40.02,,79.34,26.14
2021-03-08 01:00:00,42.0,,75.58,26.1
2021-03-08 02:00:00,39.9,,80.58,24.51
2021-03-08 03:00:00,37.8,,81.06,24.13
2021-03-08 04:00:00,35.7,,80.54,23.83
2021-03-08 05:00:00,33.6,,81.0,23.57
2021-03-08 06:00:00,31.5,,73.16,24.06
2021-03-08 07:00:00,29.4,,68.97,24.16
2021-03-08 08:00:00,27.299999999999997,,59.74,27.94
2021-03-08 09:00:00,25.2,,54.82,31.4
2021-03-08 10:00:00,23.099999999999998,,45.63,33.53
2021-03-08 11:00:00,21.0,,37.38,35.84
2021-03-08 12:00:00,23.02,,53.67,35.32
2021-03-08 13:00:00,35.39,,56.83,34.99
2021-03-08 14:00:00,39.66,,63.09,33.95
2021-03-08 15:00:00,23.54,,58.11,34.72
2021-03-08 16:00:00,16.67,,56.27,34.73
2021-03-08 17:00:00,18.34,,53.36,34.48
2021-03-08 18:00:00,18.33,,62.26,32.43
2021-03-08 19:00:00,26.07,,71.5,30.27
2021-03-08 20:00:00,42.77,,75.5,29.42
2021-03-08 21:00:00,44.98,,74.46,28.91
2021-03-08 22:00:00,40.31,,77.4,28.23
2021-03-08 23:00:00,36.32,,81.3,27.62
2021-03-09 00:00:00,29.64,,86.1,27.53
2021-03-09 01:00:00,22.97,,88.3,27.51
2021-03-09 02:00:00,23.02,,89.36,27.46
2021-03-09 03:00:00,19.32,,89.17,27.08
2021-03-09 04:00:00,23.05,,87.55,26.89
2021-03-09 05:00:00,21.98,,85.67,26.59
2021-03-09 06:00:00,21.34,,84.31,26.27
2021-03-09 07:00:00,38.88,,84.41,26.13
2021-03-09 08:00:00,76.45,,78.35,28.0
2021-03-09 09:00:00,84.95,,56.97,31.94
2021-03-09 10:00:00,57.13,,33.98,35.66
2021-03-09 11:00:00,37.61,,28.13,37.59
2021-03-09 12:00:00,31.31,,43.92,36.5
2021-03-09 13:00:00,35.38,,41.55,36.54
2021-03-09 14:00:00,49.43,,36.87,36.78
2021-03-09 15:00:00,49.64,,38.01,36.81
2021-03-09 16:00:00,44.31,,40.43,36.45
2021-03-09 17:00:00,45.01,,38.72,36.2
2021-03-09 18:00:00,43.31,,44.71,34.02
2021-03-09 19:00:00,43.35,,52.46,31.64
2021-03-09 20:00:00,46.69,,49.59,31.08
2021-03-09 21:00:00,48.67,,50.6,30.05
2021-03-09 22:00:00,51.01,,44.7,31.3
2021-03-09 23:00:00,54.68,,48.17,30.23
2021-03-10 00:00:00,58.69,,56.67,28.79
2021-03-10 01:00:00,47.9,,73.81,28.08
2021-03-10 02:00:00,31.92,,83.61,27.61
2021-03-10 03:00:00,27.67,,86.81,27.53
2021-03-10 04:00:00,32.7,,88.53,26.74
2021-03-10 05:00:00,31.65,,88.27,26.23
2021-03-10 06:00:00,32.69,,80.91,27.04
2021-03-10 07:00:00,41.42,,74.55,27.51
2021-03-10 08:00:00,71.52,,68.75,29.74
2021-03-10 09:00:00,66.995,,49.13,33.53
2021-03-10 10:00:00,62.47,,41.48,34.9
2021-03-10 11:00:00,55.0,,32.43,36.86
2021-03-10 12:00:00,42.27,,50.28,36.05
2021-03-10 13:00:00,25.92,,55.03,35.19
2021-03-10 14:00:00,29.07,,57.93,34.98
2021-03-10 15:00:00,28.3,,60.31,34.73
2021-03-10 16:00:00,28.02,,57.58,34.48
2021-03-10 17:00:00,41.1,,50.81,34.29
2021-03-10 18:00:00,46.33,,59.47,32.64
2021-03-10 19:00:00,50.71,,69.44,30.64
2021-03-10 20:00:00,55.69,,71.78,29.86
2021-03-10 21:00:00,62.38,,72.09,29.52
2021-03-10 22:00:00,77.72,,75.39,28.49
2021-03-10 23:00:00,88.03,,78.21,28.01
2021-03-11 00:00:00,90.0,,80.75,27.89
2021-03-11 01:00:00,80.63,,83.58,27.65
2021-03-11 02:00:00,66.63,,84.93,27.95
2021-03-11 03:00:00,49.28,,86.65,27.03
2021-03-11 04:00:00,40.99,,87.84,26.77
2021-03-11 05:00:00,32.61,,81.11,27.15
2021-03-11 06:00:00,39.08,,86.44,25.92
2021-03-11 07:00:00,53.37,,85.15,26.41
2021-03-11 08:00:00,56.66,,75.76,29.11
2021-03-11 09:00:00,46.59,,68.47,31.27
2021-03-11 10:00:00,31.96,,62.34,32.89
2021-03-11 11:00:00,25.66,,66.67,33.04
2021-03-11 12:00:00,25.67,,69.92,32.61
2021-03-11 13:00:00,24.66,,67.22,32.4
2021-03-11 14:00:00,19.98,,62.74,32.79
2021-03-11 15:00:00,14.65,,60.9,33.05
2021-03-11 16:00:00,16.36,,61.29,32.98
2021-03-11 17:00:00,21.36,,64.15,32.08
2021-03-11 18:00:00,24.34,,76.06,30.5
2021-03-11 19:00:00,22.32,,81.0,29.42
2021-03-11 20:00:00,22.34,,81.05,28.65
2021-03-11 21:00:00,27.7,,81.26,28.13
2021-03-11 22:00:00,27.31,,81.89,28.13
2021-03-11 23:00:00,28.68,,82.04,27.89
2021-03-12 00:00:00,42.72,,83.6,27.15
2021-03-12 01:00:00,43.64,,86.06,26.23
2021-03-12 02:00:00,76.63,,86.38,26.5
2021-03-12 03:00:00,66.44,,82.07,26.54
2021-03-12 04:00:00,78.55,,76.65,26.59
2021-03-12 05:00:00,86.98,,81.05,25.62
2021-03-12 06:00:00,76.97,,82.91,25.59
2021-03-12 07:00:00,91.08,,81.38,25.48
2021-03-12 08:00:00,100.0,,73.48,28.64
2021-03-12 09:00:00,71.68,,63.44,30.86
2021-03-12 10:00:00,43.36,,57.61,32.05
2021-03-12 11:00:00,23.97,,38.45,34.41
2021-03-12 12:00:00,20.67,,36.28,35.83
2021-03-12 13:00:00,26.38,,63.36,34.05
2021-03-12 14:00:00,18.29,,62.19,34.24
2021-03-12 15:00:00,14.34,,54.63,35.14
2021-03-12 16:00:00,22.39,,47.54,35.72
2021-03-12 17:00:00,26.0,,47.86,34.95
2021-03-12 18:00:00,30.02,,53.46,33.54
2021-03-12 19:00:00,46.79,,65.36,31.17
2021-03-12 20:00:00,53.33,,73.5,29.8
2021-03-12 21:00:00,61.71,,75.78,29.06
2021-03-12 22:00:00,61.98,,76.39,28.43
2021-03-12 23:00:00,66.72,,77.01,28.13
2021-03-13 00:00:00,67.99,,79.5,27.85
2021-03-13 01:00:00,63.65,,85.06,28.04
2021-03-13 02:00:00,57.31,,84.86,28.03
2021-03-13 03:00:00,52.99,,81.7,27.7
2021-03-13 04:00:00,43.97,,77.17,27.6
2021-03-13 05:00:00,40.67,,77.75,27.01
2021-03-13 06:00:00,41.0,,73.72,26.96
2021-03-13 07:00:00,51.71,,71.61,27.15
2021-03-13 08:00:00,61.03,,63.04,29.55
2021-03-13 09:00:00,56.98,,46.63,33.0
2021-03-13 10:00:00,49.97,,24.15,37.51
2021-03-13 11:00:00,41.95,,20.15,39.06
2021-03-13 12:00:00,36.99,,21.39,39.78
2021-03-13 13:00:00,53.48,,38.31,37.22
2021-03-13 14:00:00,62.0,,38.12,37.04
2021-03-13 15:00:00,62.0,,39.98,36.83
2021-03-13 16:00:00,74.0,,41.16,36.02
2021-03-13 17:00:00,74.0,,50.2,34.37
2021-03-13 18:00:00,64.0,,57.48,32.91
2021-03-13 19:00:00,62.66,,62.51,31.27
2021-03-13 20:00:00,58.65,,57.81,30.93
2021-03-13 21:00:00,60.35,,49.79,30.87
2021-03-13 22:00:00,68.03,,44.64,30.84
2021-03-13 23:00:00,59.62,,41.23,31.16
2021-03-14 00:00:00,56.69,,50.22,29.16
2021-03-14 01:00:00,53.31,,58.83,28.28
2021-03-14 02:00:00,46.31,,63.42,28.74
2021-03-14 03:00:00,42.66,,57.91,28.97
2021-03-14 04:00:00,50.74,,64.52,27.26
2021-03-14 05:00:00,48.3,,62.42,27.63
2021-03-14 06:00:00,42.99,,64.17,27.87
2021-03-14 07:00:00,43.34,,65.56,27.57
2021-03-14 08:00:00,44.67,,51.47,30.42
2021-03-14 09:00:00,53.07,,35.49,33.77
2021-03-14 10:00:00,61.69,,30.52,35.47
2021-03-14 11:00:00,59.97,,25.79,37.49
2021-03-14 12:00:00,55.99,,39.49,36.79
2021-03-14 13:00:00,59.02,,36.07,36.95
2021-03-14 14:00:00,70.37,,32.72,37.41
2021-03-14 15:00:00,56.18,,32.48,37.41
2021-03-14 16:00:00,43.65,,37.24,36.96
2021-03-14 17:00:00,48.05,,44.24,35.66
2021-03-14 18:00:00,57.02,,52.42,33.4
2021-03-14 19:00:00,53.95,,57.1,31.71
2021-03-14 20:00:00,52.34,,57.57,31.0
2021-03-14 21:00:00,54.34,,50.2,30.98
2021-03-14 22:00:00,59.69,,50.28,30.5
2021-03-14 23:00:00,65.35,,55.01,29.98
2021-03-15 00:00:00,75.03,,59.01,29.14
2021-03-15 01:00:00,62.87,,60.46,28.86
2021-03-15 02:00:00,70.46,,57.78,29.17
2021-03-15 03:00:00,63.27,,68.76,28.27
2021-03-15 04:00:00,45.29,,72.39,27.33
2021-03-15 05:00:00,32.61,,72.79,27.48
2021-03-15 06:00:00,40.38,,73.13,27.34
2021-03-15 07:00:00,48.02,,76.59,27.3
2021-03-15 08:00:00,47.66,,67.91,30.1
2021-03-15 09:00:00,40.3,,53.48,32.48
2021-03-15 10:00:00,42.36,,32.76,35.58
2021-03-15 11:00:00,43.66,,23.94,37.69
2021-03-15 12:00:00,45.68,,38.28,37.27
2021-03-15 13:00:00,51.02,,37.93,37.17
2021-03-15 14:00:00,53.67,,35.4,37.19
2021-03-15 15:00:00,50.64,,34.54,37.12
2021-03-15 16:00:00,46.32,,35.7,37.06
2021-03-15 17:00:00,36.93,,38.29,35.9
2021-03-15 18:00:00,37.02,,41.75,34.26
2021-03-15 19:00:00,42.36,,49.94,32.04
2021-03-15 20:00:00,52.07,,47.95,31.45
2021-03-15 21:00:00,64.03,,46.76,30.85
2021-03-15 22:00:00,67.33,,48.46,30.24
2021-03-15 23:00:00,60.98,,49.88,29.67
2021-03-16 00:00:00,61.35,,52.44,29.25
2021-03-16 01:00:00,58.31,,54.91,28.47
2021-03-16 02:00:00,54.66,,55.74,28.3
2021-03-16 03:00:00,42.57,,65.44,27.93
2021-03-16 04:00:00,32.95,,70.01,27.13
2021-03-16 05:00:00,46.4,,72.25,26.57
2021-03-16 06:00:00,45.97,,66.34,27.14
2021-03-16 07:00:00,52.04,,67.53,26.64
2021-03-16 08:00:00,76.29,,54.81,30.31
2021-03-16 09:00:00,73.57,,43.1,33.19
2021-03-16 10:00:00,53.23,,32.82,35.35
2021-03-16 11:00:00,42.31,,35.94,36.17
2021-03-16 12:00:00,40.0,,46.98,36.12
2021-03-16 13:00:00,41.34,,46.92,36.47
2021-03-16 14:00:00,48.72,,43.07,36.77
2021-03-16 15:00:00,56.02,,33.65,37.64
2021-03-16 16:00:00,45.23,,35.07,37.02
2021-03-16 17:00:00,37.66,,38.49,36.07
2021-03-16 18:00:00,41.02,,43.39,34.37
2021-03-16 19:00:00,38.31,,51.21,32.12
2021-03-16 20:00:00,40.69,,54.92,31.25
2021-03-16 21:00:00,57.12,,49.7,31.38
2021-03-16 22:00:00,67.35,,52.86,30.4
2021-03-16 23:00:00,69.67,,53.89,29.52
2021-03-17 00:00:00,61.33,,66.98,28.89
2021-03-17 01:00:00,79.09,,79.04,28.82
2021-03-17 02:00:00,49.67,,78.01,28.35
2021-03-17 03:00:00,34.02,,77.91,28.1
2021-03-17 04:00:00,38.01,,67.63,28.48
2021-03-17 05:00:00,49.04,,74.3,26.98
2021-03-17 06:00:00,60.72,,79.09,26.52
2021-03-17 07:00:00,58.64,,75.71,27.07
2021-03-17 08:00:00,73.56,,61.93,30.05
2021-03-17 09:00:00,60.02,,46.3,33.35
2021-03-17 10:00:00,55.69,,31.85,36.04
2021-03-17 11:00:00,63.38,,25.11,38.2
2021-03-17 12:00:00,41.9,,39.57,37.43
2021-03-17 13:00:00,39.41,,49.93,36.44
2021-03-17 14:00:00,37.92,,39.11,37.6
2021-03-17 15:00:00,46.38,,35.83,37.59
2021-03-17 16:00:00,43.97,,38.44,37.04
2021-03-17 17:00:00,48.03,,46.72,35.8
2021-03-17 18:00:00,62.76,,50.75,34.43
2021-03-17 19:00:00,60.63,,53.87,32.77
2021-03-17 20:00:00,57.0,,46.86,32.1
2021-03-17 21:00:00,50.98,,42.86,31.94
2021-03-17 22:00:00,58.04,,44.74,31.71
2021-03-17 23:00:00,67.02,,48.25,30.78
2021-03-18 00:00:00,63.0,,53.39,30.59
2021-03-18 01:00:00,47.95,,68.5,29.56
2021-03-18 02:00:00,35.33,,76.1,28.76
2021-03-18 03:00:00,27.32,,77.28,28.67
2021-03-18 04:00:00,28.35,,73.69,29.0
2021-03-18 05:00:00,31.34,,73.25,28.29
2021-03-18 06:00:00,37.36,,75.57,27.39
2021-03-18 07:00:00,42.02,,71.56,27.98
2021-03-18 08:00:00,51.03,,54.19,31.93
2021-03-18 09:00:00,45.59,,40.51,35.11
2021-03-18 10:00:00,42.34,,31.64,36.51
2021-03-18 11:00:00,37.64,,41.9,35.95
2021-03-18 12:00:00,43.7,,47.29,35.78
2021-03-18 13:00:00,39.97,,48.76,35.82
2021-03-18 14:00:00,48.1,,53.09,35.03
2021-03-18 15:00:00,58.69,,56.69,34.83
2021-03-18 16:00:00,46.27,,52.3,34.57
2021-03-18 17:00:00,37.0,,59.12,33.07
2021-03-18 18:00:00,27.3,,66.23,31.83
2021-03-18 19:00:00,35.72,,68.43,30.79
2021-03-18 20:00:00,45.35,,72.56,30.13
2021-03-18 21:00:00,46.33,,75.76,29.59
2021-03-18 22:00:00,43.31,,80.19,29.41
2021-03-18 23:00:00,41.33,,83.55,29.12
2021-03-19 00:00:00,39.66,,83.46,28.91
2021-03-19 01:00:00,40.34,,79.54,28.91
2021-03-19 02:00:00,59.08,,78.98,28.55
2021-03-19 03:00:00,78.04,,82.11,27.09
2021-03-19 04:00:00,74.3,,83.22,27.33
2021-03-19 05:00:00,54.6,,84.62,26.42
2021-03-19 06:00:00,44.99,,86.91,26.03
2021-03-19 07:00:00,56.05,,85.2,26.79
2021-03-19 08:00:00,81.41,,69.65,30.23
2021-03-19 09:00:00,64.22,,45.81,33.05
2021-03-19 10:00:00,42.97,,36.06,34.67
2021-03-19 11:00:00,39.0,,57.93,33.3
2021-03-19 12:00:00,39.0,,,
2021-03-19 13:00:00,39.0,,,
2021-03-19 14:00:00,39.0,,38.95,35.42
2021-03-19 15:00:00,39.0,,39.58,35.3
2021-03-19 16:00:00,25.0,,37.89,35.04
2021-03-19 17:00:00,26.34,,44.73,34.13
2021-03-19 18:00:00,34.37,,57.63,32.11
2021-03-19 19:00:00,40.68,,66.96,30.25
2021-03-19 20:00:00,50.03,,72.62,29.71
2021-03-19 21:00:00,53.33,,76.44,28.85
2021-03-19 22:00:00,47.64,,79.73,28.34
2021-03-19 23:00:00,43.66,,82.8,28.35
2021-03-20 00:00:00,34.33,,84.06,27.96
2021-03-20 01:00:00,33.35,,85.68,27.52
2021-03-20 02:00:00,31.65,,86.72,27.04
2021-03-20 03:00:00,25.98,,87.87,27.08
2021-03-20 04:00:00,21.99,,88.98,26.76
2021-03-20 05:00:00,17.64,,89.02,26.28
2021-03-20 06:00:00,16.67,,88.93,26.55
2021-03-20 07:00:00,20.35,,87.63,26.97
2021-03-20 08:00:00,23.34,,81.1,28.64
2021-03-20 09:00:00,19.98,,72.55,30.12
2021-03-20 10:00:00,22.02,,56.22,32.41
2021-03-20 11:00:00,28.68,,41.94,33.97
2021-03-20 12:00:00,34.35,,53.92,33.2
2021-03-20 13:00:00,36.0,,52.04,33.7
2021-03-20 14:00:00,36.67,,48.94,33.83
2021-03-20 15:00:00,29.63,,46.98,33.89
2021-03-20 16:00:00,22.65,,52.64,33.19
2021-03-20 17:00:00,20.33,,59.41,32.21
2021-03-20 18:00:00,25.36,,69.23,31.09
2021-03-20 19:00:00,23.32,,73.69,30.2
2021-03-20 20:00:00,34.39,,77.83,29.34
2021-03-20 21:00:00,51.67,,81.76,28.9
2021-03-20 22:00:00,55.66,,84.18,28.46
2021-03-20 23:00:00,43.62,,86.54,28.04
2021-03-21 00:00:00,34.65,,87.06,28.22
2021-03-21 01:00:00,37.02,,85.78,27.78
2021-03-21 02:00:00,41.0,,90.12,26.13
2021-03-21 03:00:00,37.98,,92.09,26.09
2021-03-21 04:00:00,42.7,,91.88,26.15
2021-03-21 05:00:00,72.11,,88.78,26.28
2021-03-21 06:00:00,76.33,,90.08,26.09
2021-03-21 07:00:00,76.02,,88.74,26.63
2021-03-21 08:00:00,74.65,,81.18,29.22
2021-03-21 09:00:00,70.99,,62.41,32.19
2021-03-21 10:00:00,68.66,,45.83,33.65
2021-03-21 11:00:00,43.23,,51.7,34.1
2021-03-21 12:00:00,33.01,,47.36,34.83
2021-03-21 13:00:00,34.67,,42.24,35.63
2021-03-21 14:00:00,37.01,,44.17,35.73
2021-03-21 15:00:00,38.67,,46.47,35.31
2021-03-21 16:00:00,35.65,,53.65,34.39
2021-03-21 17:00:00,35.34,,59.56,33.34
2021-03-21 18:00:00,35.33,,69.26,31.89
2021-03-21 19:00:00,34.33,,73.47,30.79
2021-03-21 20:00:00,60.78,,76.98,29.96
2021-03-21 21:00:00,59.94,,79.12,29.51
2021-03-21 22:00:00,59.02,,79.84,29.43
2021-03-21 23:00:00,61.33,,79.53,28.82
2021-03-22 00:00:00,67.67,,83.05,27.63
2021-03-22 01:00:00,70.33,,84.58,27.28
2021-03-22 02:00:00,71.34,,83.14,27.67
2021-03-22 03:00:00,82.16,,83.81,27.72
2021-03-22 04:00:00,71.8,,85.21,27.24
2021-03-22 05:00:00,66.67,,85.34,26.51
2021-03-22 06:00:00,70.35,,86.9,26.46
2021-03-22 07:00:00,90.75,,84.48,27.49
2021-03-22 08:00:00,100.0,,79.08,29.51
2021-03-22 09:00:00,56.54,,65.63,31.94
2021-03-22 10:00:00,39.3,,47.12,34.96
2021-03-22 11:00:00,43.7,,42.34,36.39
2021-03-22 12:00:00,43.98,,52.98,35.83
2021-03-22 13:00:00,41.33,,51.99,35.38
2021-03-22 14:00:00,42.34,,49.08,35.73
2021-03-22 15:00:00,43.0,,50.19,35.65
2021-03-22 16:00:00,38.98,,54.37,35.02
2021-03-22 17:00:00,29.63,,59.05,34.03
2021-03-22 18:00:00,31.33,,69.51,32.47
2021-03-22 19:00:00,32.66,,76.28,31.27
2021-03-22 20:00:00,32.67,,73.82,30.9
2021-03-22 21:00:00,38.36,,77.73,29.95
2021-03-22 22:00:00,38.32,,78.97,29.58
2021-03-22 23:00:00,35.0,,76.52,29.03
2021-03-23 00:00:00,34.0,,73.6,28.91
2021-03-23 01:00:00,35.166666666666664,,75.03,28.64
2021-03-23 02:00:00,36.333333333333336,,72.72,28.85
2021-03-23 03:00:00,37.5,,71.3,28.59
2021-03-23 04:00:00,38.666666666666664,,67.68,28.2
2021-03-23 05:00:00,39.833333333333336,,66.28,28.29
2021-03-23 06:00:00,41.0,,68.01,27.98
2021-03-23 07:00:00,42.16666666666667,,72.38,26.92
2021-03-23 08:00:00,43.333333333333336,,61.92,30.4
2021-03-23 09:00:00,44.5,,45.23,33.97
2021-03-23 10:00:00,45.66666666666667,,37.34,36.63
2021-03-23 11:00:00,46.833333333333336,,37.45,37.39
2021-03-23 12:00:00,48.0,,42.42,36.12
2021-03-23 13:00:00,52.03,,42.26,36.15
2021-03-23 14:00:00,45.93,,42.62,36.28
2021-03-23 15:00:00,42.67,,39.62,36.38
2021-03-23 16:00:00,44.34,,55.98,34.59
2021-03-23 17:00:00,51.7,,44.1,35.32
2021-03-23 18:00:00,53.66,,47.55,34.13
2021-03-23 19:00:00,61.03,,58.77,32.44
2021-03-23 20:00:00,65.67,,62.84,31.98
2021-03-23 21:00:00,70.03,,58.91,31.76
2021-03-23 22:00:00,75.33,,60.65,30.96
2021-03-23 23:00:00,81.67,,63.9,30.35
2021-03-24 00:00:00,85.34,,66.28,28.78
2021-03-24 01:00:00,75.92,,68.16,29.4
2021-03-24 02:00:00,81.71,,59.65,30.19
2021-03-24 03:00:00,70.93,,55.86,29.63
2021-03-24 04:00:00,60.32,,62.69,28.05
2021-03-24 05:00:00,62.35,,64.75,28.13
2021-03-24 06:00:00,61.32,,64.31,28.48
2021-03-24 07:00:00,62.68,,60.25,29.52
2021-03-24 08:00:00,57.98,,53.05,31.85
2021-03-24 09:00:00,55.67,,46.66,34.54
2021-03-24 10:00:00,74.08,,40.18,37.52
2021-03-24 11:00:00,69.67,,34.23,38.92
2021-03-24 12:00:00,59.67,,43.2,38.2
2021-03-24 13:00:00,61.35,,44.2,37.62
2021-03-24 14:00:00,65.01,,42.67,37.87
2021-03-24 15:00:00,66.0,,41.67,37.89
2021-03-24 16:00:00,66.67,,41.89,37.71
2021-03-24 17:00:00,64.99,,44.55,36.97
2021-03-24 18:00:00,73.37,,53.68,34.94
2021-03-24 19:00:00,71.31,,57.95,33.04
2021-03-24 20:00:00,70.01,,54.63,32.58
2021-03-24 21:00:00,68.32,,54.84,31.62
2021-03-24 22:00:00,65.66,,53.86,31.39
2021-03-24 23:00:00,82.41,,47.31,31.87
2021-03-25 00:00:00,74.19,,49.41,31.29
2021-03-25 01:00:00,70.0,,54.98,29.65
2021-03-25 02:00:00,80.03,,51.62,30.61
2021-03-25 03:00:00,84.0,,52.41,29.62
2021-03-25 04:00:00,97.25,,57.48,28.14
2021-03-25 05:00:00,63.67,,62.49,28.42
2021-03-25 06:00:00,56.03,,54.96,28.72
2021-03-25 07:00:00,72.72,,53.33,29.23
2021-03-25 08:00:00,72.97,,40.67,33.25
2021-03-25 09:00:00,54.67,,24.15,37.15
2021-03-25 10:00:00,41.64,,20.0,38.99
2021-03-25 11:00:00,33.64,,16.36,40.42
2021-03-25 12:00:00,24.3,,14.13,41.35
2021-03-25 13:00:00,18.32,,13.41,41.86
2021-03-25 14:00:00,18.33,,14.34,41.72
2021-03-25 15:00:00,14.31,,11.63,41.91
2021-03-25 16:00:00,9.98,,12.54,41.47
2021-03-25 17:00:00,7.0,,12.71,40.68
2021-03-25 18:00:00,17.38,,22.61,38.05
2021-03-25 19:00:00,41.67,,32.79,34.18
2021-03-25 20:00:00,49.66,,28.33,33.53
2021-03-25 21:00:00,51.68,,37.49,31.63
2021-03-25 22:00:00,52.33,,44.6,31.38
2021-03-25 23:00:00,51.33,,36.79,32.29
2021-03-26 00:00:00,44.3,,35.88,32.05
2021-03-26 01:00:00,39.66,,33.78,31.97
2021-03-26 02:00:00,38.33,,33.35,31.17
2021-03-26 03:00:00,41.33,,41.82,28.92
2021-03-26 04:00:00,39.64,,43.17,28.58
2021-03-26 05:00:00,40.68,,44.67,28.54
2021-03-26 06:00:00,44.0,,49.25,27.89
2021-03-26 07:00:00,67.76,,46.57,28.49
2021-03-26 08:00:00,79.0,,34.61,32.4
2021-03-26 09:00:00,72.41,,24.85,35.96
2021-03-26 10:00:00,65.82,,19.26,38.86
2021-03-26 11:00:00,49.66,,17.48,40.42
2021-03-26 12:00:00,63.0,,24.54,40.28
2021-03-26 13:00:00,63.3,,26.55,39.55
2021-03-26 14:00:00,60.0,,25.96,39.36
2021-03-26 15:00:00,53.98,,25.91,39.76
2021-03-26 16:00:00,42.3,,26.42,39.35
2021-03-26 17:00:00,39.34,,30.4,38.9
2021-03-26 18:00:00,37.99,,39.92,36.8
2021-03-26 19:00:00,36.33,,45.08,34.22
2021-03-26 20:00:00,42.02,,35.49,33.94
2021-03-26 21:00:00,47.68,,36.66,32.98
2021-03-26 22:00:00,58.37,,39.28,32.09
2021-03-26 23:00:00,54.97,,41.56,30.87
2021-03-27 00:00:00,60.41,,41.8,30.59
2021-03-27 01:00:00,62.33,,44.07,29.5
2021-03-27 02:00:00,52.3,,45.89,28.75
2021-03-27 03:00:00,52.02,,44.41,29.14
2021-03-27 04:00:00,53.33,,44.97,29.07
2021-03-27 05:00:00,65.05,,49.84,28.59
2021-03-27 06:00:00,79.0,,52.28,28.36
2021-03-27 07:00:00,83.0,,54.09,27.69
2021-03-27 08:00:00,97.0,,43.2,31.15
2021-03-27 09:00:00,97.0,,30.17,36.17
2021-03-27 10:00:00,82.06,,22.05,39.8
2021-03-27 11:00:00,75.34,,18.07,41.37
2021-03-27 12:00:00,51.23,,16.38,42.58
2021-03-27 13:00:00,40.34,,22.14,41.6
2021-03-27 14:00:00,49.03,,26.4,40.02
2021-03-27 15:00:00,46.98,,24.7,40.02
2021-03-27 16:00:00,44.67,,25.14,39.52
2021-03-27 17:00:00,40.31,,24.28,38.75
2021-03-27 18:00:00,41.33,,30.35,36.75
2021-03-27 19:00:00,49.67,,35.42,34.58
2021-03-27 20:00:00,64.38,,42.06,33.06
2021-03-27 21:00:00,70.67,,43.28,32.68
2021-03-27 22:00:00,78.39,,47.49,31.69
2021-03-27 23:00:00,88.44,,51.45,30.73
2021-03-28 00:00:00,85.6125,,52.53,29.93
2021-03-28 01:00:00,82.785,,51.19,30.23
2021-03-28 02:00:00,79.9575,,46.25,30.49
2021-03-28 03:00:00,77.13,,50.54,29.19
2021-03-28 04:00:00,74.3025,,55.75,28.73
2021-03-28 05:00:00,71.475,,62.45,27.21
2021-03-28 06:00:00,68.6475,,62.87,27.51
2021-03-28 07:00:00,65.82,,54.66,28.83
2021-03-28 08:00:00,62.99249999999999,,47.36,31.64
2021-03-28 09:00:00,60.16499999999999,,38.47,34.72
2021-03-28 10:00:00,57.33749999999999,,51.71,35.61
2021-03-28 11:00:00,54.51,,66.37,34.64
2021-03-28 12:00:00,53.74,,66.9,34.43
2021-03-28 13:00:00,53.31,,68.06,34.5
2021-03-28 14:00:00,46.98,,66.95,34.5
2021-03-28 15:00:00,36.97,,59.37,35.06
2021-03-28 16:00:00,30.99,,61.72,34.41
2021-03-28 17:00:00,27.99,,69.02,33.75
2021-03-28 18:00:00,51.2,,80.55,32.42
2021-03-28 19:00:00,74.38,,86.54,31.41
2021-03-28 20:00:00,48.0,,88.83,31.02
2021-03-28 21:00:00,55.43,,89.96,30.88
2021-03-28 22:00:00,60.98,,91.3,30.06
2021-03-28 23:00:00,53.98,,91.28,29.7
2021-03-29 00:00:00,58.05,,93.7,29.16
2021-03-29 01:00:00,77.07,,92.74,29.59
2021-03-29 02:00:00,93.67,,92.22,28.3
2021-03-29 03:00:00,98.0,,94.04,28.45
2021-03-29 04:00:00,87.0,,94.77,29.07
2021-03-29 05:00:00,76.0,,94.75,28.63
2021-03-29 06:00:00,72.34,,94.35,28.64
2021-03-29 07:00:00,82.83,,91.94,29.05
2021-03-29 08:00:00,81.155,,83.53,30.65
2021-03-29 09:00:00,79.48,,66.55,33.6
2021-03-29 10:00:00,67.31,,48.97,36.48
2021-03-29 11:00:00,66.67,,43.35,37.38
2021-03-29 12:00:00,61.98,,55.94,35.56
2021-03-29 13:00:00,59.67,,64.25,34.43
2021-03-29 14:00:00,42.0,,62.36,34.71
2021-03-29 15:00:00,27.64,,51.39,35.38
2021-03-29 16:00:00,22.33,,54.98,34.77
2021-03-29 17:00:00,17.67,,65.15,33.85
2021-03-29 18:00:00,20.02,,73.9,32.7
2021-03-29 19:00:00,21.33,,84.75,31.34
2021-03-29 20:00:00,27.02,,88.36,30.65
2021-03-29 21:00:00,33.35,,89.8,30.06
2021-03-29 22:00:00,30.33,,90.71,29.74
2021-03-29 23:00:00,22.64,,90.89,29.73
2021-03-30 00:00:00,33.33,,91.0,29.81
2021-03-30 01:00:00,27.33,,91.39,29.04
2021-03-30 02:00:00,27.67,,92.35,28.91
2021-03-30 03:00:00,29.0,,92.4,28.15
2021-03-30 04:00:00,30.67,,93.45,27.16
2021-03-30 05:00:00,36.02,,93.41,26.52
2021-03-30 06:00:00,50.67,,92.2,26.27
2021-03-30 07:00:00,57.0,,88.65,27.53
2021-03-30 08:00:00,57.42,,77.55,30.56
2021-03-30 09:00:00,57.84,,72.71,32.57
2021-03-30 10:00:00,23.33,,69.12,33.11
2021-03-30 11:00:00,12.67,,68.4,33.33
2021-03-30 12:00:00,11.0,,62.26,33.63
2021-03-30 13:00:00,13.68,,59.37,34.0
2021-03-30 14:00:00,11.67,,51.6,34.66
2021-03-30 15:00:00,8.66,,53.68,34.35
2021-03-30 16:00:00,9.34,,54.46,34.22
2021-03-30 17:00:00,9.33,,57.89,33.46
2021-03-30 18:00:00,11.67,,61.99,32.48
2021-03-30 19:00:00,11.67,,70.9,30.89
2021-03-30 20:00:00,22.38,,76.92,29.45
2021-03-30 21:00:00,29.33,,79.77,28.97
2021-03-30 22:00:00,65.33,,83.38,28.41
2021-03-30 23:00:00,50.87,,84.71,27.42
2021-03-31 00:00:00,46.28,,84.62,27.71
2021-03-31 01:00:00,52.67,,84.5,27.34
2021-03-31 02:00:00,81.78,,85.16,26.49
2021-03-31 03:00:00,75.25,,83.73,26.66
2021-03-31 04:00:00,50.27,,80.13,26.84
2021-03-31 05:00:00,36.97,,82.64,26.52
2021-03-31 06:00:00,32.0,,86.31,26.68
2021-03-31 07:00:00,42.33,,84.07,28.56
2021-03-31 08:00:00,49.34,,74.14,31.99
2021-03-31 09:00:00,25.33,,70.93,32.24
2021-03-31 10:00:00,13.0,,64.48,33.24
2021-03-31 11:00:00,11.66,,63.99,33.51
2021-03-31 12:00:00,11.0,,61.14,33.82
2021-03-31 13:00:00,13.68,,65.73,33.41
2021-03-31 14:00:00,13.0,,69.3,33.43
2021-03-31 15:00:00,12.0,,71.78,33.17
2021-03-31 16:00:00,14.68,,71.6,33.12
2021-03-31 17:00:00,12.65,,75.0,32.7
2021-03-31 18:00:00,15.02,,79.7,31.5
2021-03-31 19:00:00,17.67,,84.48,30.45
2021-03-31 20:00:00,23.36,,86.46,29.81
2021-03-31 21:00:00,26.0,,89.49,29.3
2021-03-31 22:00:00,22.0,,89.23,28.92
2021-03-31 23:00:00,25.36,,90.66,29.3
2021-04-01 00:00:00,20.67,,90.03,29.34
2021-04-01 01:00:00,19.67,,89.66,29.2
2021-04-01 02:00:00,16.98,,90.12,29.37
2021-04-01 03:00:00,18.33,,89.74,29.36
2021-04-01 04:00:00,22.67,,89.77,29.24
2021-04-01 05:00:00,27.33,,89.53,29.11
2021-04-01 06:00:00,29.67,,89.61,29.0
2021-04-01 07:00:00,33.33,,87.85,29.53
2021-04-01 08:00:00,39.67,,82.3,31.16
2021-04-01 09:00:00,35.33,,74.0,32.6
2021-04-01 10:00:00,27.33,,69.58,33.38
2021-04-01 11:00:00,26.34,,69.06,33.57
2021-04-01 12:00:00,27.67,,68.38,33.64
2021-04-01 13:00:00,26.66,,68.81,33.44
2021-04-01 14:00:00,30.0,,69.09,33.45
2021-04-01 15:00:00,29.32,,70.41,33.34
2021-04-01 16:00:00,32.02,,71.33,33.17
2021-04-01 17:00:00,31.99,,74.03,32.55
2021-04-01 18:00:00,33.01,,77.45,31.73
2021-04-01 19:00:00,36.67,,81.18,30.93
2021-04-01 20:00:00,40.0,,83.12,30.45
2021-04-01 21:00:00,41.67,,83.6,30.19
2021-04-01 22:00:00,40.67,,84.13,30.04
2021-04-01 23:00:00,31.97,,83.65,30.03
2021-04-02 00:00:00,30.67,,83.09,29.86
2021-04-02 01:00:00,30.67,,82.5,29.73
2021-04-02 02:00:00,26.67,,82.92,29.53
2021-04-02 03:00:00,21.65,,83.34,29.53
2021-04-02 04:00:00,33.33,,84.92,29.16
2021-04-02 05:00:00,40.0,,85.34,28.94
2021-04-02 06:00:00,36.0,,85.05,28.7
2021-04-02 07:00:00,34.0,,83.79,29.19
2021-04-02 08:00:00,43.33,,78.62,30.7
2021-04-02 09:00:00,41.3,,70.2,32.24
2021-04-02 10:00:00,36.0,,66.51,33.39
2021-04-02 11:00:00,31.0,,66.83,33.33
2021-04-02 12:00:00,31.0,,67.24,33.11
2021-04-02 13:00:00,26.67,,66.47,33.35
2021-04-02 14:00:00,24.67,,66.33,33.22
2021-04-02 15:00:00,22.33,,67.35,33.13
2021-04-02 16:00:00,25.67,,66.24,33.03
2021-04-02 17:00:00,26.67,,69.5,32.27
2021-04-02 18:00:00,26.67,,73.91,31.48
2021-04-02 19:00:00,23.0,,77.29,30.8
2021-04-02 20:00:00,24.33,,78.84,30.31
2021-04-02 21:00:00,28.01,,80.78,29.91
2021-04-02 22:00:00,27.0,,81.54,29.57
2021-04-02 23:00:00,30.0,,83.14,28.9
2021-04-03 00:00:00,36.0,,84.91,27.99
2021-04-03 01:00:00,33.35,,87.41,27.94
2021-04-03 02:00:00,35.0,,87.68,27.84
2021-04-03 03:00:00,31.67,,87.56,27.86
2021-04-03 04:00:00,30.33,,89.07,27.77
2021-04-03 05:00:00,33.0,,88.04,28.17
2021-04-03 06:00:00,32.66,,87.53,28.14
2021-04-03 07:00:00,27.98,,84.37,29.21
2021-04-03 08:00:00,30.0,,76.17,31.19
2021-04-03 09:00:00,29.99,,71.74,32.41
2021-04-03 10:00:00,27.67,,70.81,32.64
2021-04-03 11:00:00,27.0,,71.43,32.85
2021-04-03 12:00:00,24.42,,73.06,32.12
2021-04-03 13:00:00,23.0,,72.09,32.26
2021-04-03 14:00:00,25.67,,71.2,32.37
2021-04-03 15:00:00,27.67,,71.44,32.23
2021-04-03 16:00:00,23.33,,72.17,32.13
2021-04-03 17:00:00,17.0,,73.16,31.79
2021-04-03 18:00:00,15.67,,,
2021-04-03 19:00:00,23.33,,79.47,30.46
2021-04-03 20:00:00,25.67,,,
2021-04-03 21:00:00,21.65,,81.9,30.11
2021-04-03 22:00:00,22.67,,82.15,30.09
2021-04-03 23:00:00,19.98,,82.95,29.98
2021-04-04 00:00:00,19.33,,83.45,29.98
2021-04-04 01:00:00,15.33,,84.48,29.74
2021-04-04 02:00:00,20.33,,84.17,29.52
2021-04-04 03:00:00,23.33,,84.33,29.48
2021-04-04 04:00:00,23.67,,84.19,29.37
2021-04-04 05:00:00,22.66,,84.48,29.35
2021-04-04 06:00:00,20.0,,83.79,29.35
2021-04-04 07:00:00,22.33,,82.27,29.87
2021-04-04 08:00:00,24.0,,72.67,31.95
2021-04-04 09:00:00,18.67,,68.31,32.64
2021-04-04 10:00:00,19.33,,65.16,33.8
2021-04-04 11:00:00,23.68,,66.32,33.74
2021-04-04 12:00:00,22.33,,68.31,33.58
2021-04-04 13:00:00,18.33,,68.53,33.52
2021-04-04 14:00:00,17.67,,67.38,33.76
2021-04-04 15:00:00,18.0,,65.65,33.62
2021-04-04 16:00:00,18.67,,65.72,33.42
2021-04-04 17:00:00,18.34,,71.52,32.6
2021-04-04 18:00:00,20.0,,76.29,31.74
2021-04-04 19:00:00,19.0,,80.08,31.05
2021-04-04 20:00:00,21.33,,81.33,30.56
2021-04-04 21:00:00,27.0,,83.81,29.99
2021-04-04 22:00:00,26.33,,85.8,29.83
2021-04-04 23:00:00,20.33,,86.89,29.68
2021-04-05 00:00:00,18.67,,88.24,29.34
2021-04-05 01:00:00,17.0,,89.86,29.07
2021-04-05 02:00:00,18.01,,90.84,28.68
2021-04-05 03:00:00,29.71,,90.7,28.66
2021-04-05 04:00:00,67.8,,91.19,28.16
2021-04-05 05:00:00,90.34,,91.14,28.38
2021-04-05 06:00:00,76.16,,91.07,28.19
2021-04-05 07:00:00,63.0,,88.29,29.57
2021-04-05 08:00:00,53.0,,82.31,31.18
2021-04-05 09:00:00,32.67,,75.04,31.78
2021-04-05 10:00:00,19.33,,70.08,33.47
2021-04-05 11:00:00,17.67,,70.32,33.62
2021-04-05 12:00:00,24.67,,70.4,33.53
2021-04-05 13:00:00,17.33,,66.64,33.81
2021-04-05 14:00:00,20.0,,65.32,33.91
2021-04-05 15:00:00,23.34,,67.6,33.7
2021-04-05 16:00:00,32.33,,64.6,33.95
2021-04-05 17:00:00,21.73,,68.39,33.39
2021-04-05 18:00:00,17.33,,72.26,32.61
2021-04-05 19:00:00,17.67,,75.58,31.56
2021-04-05 20:00:00,19.67,,77.23,30.86
2021-04-05 21:00:00,19.0,,78.65,30.31
2021-04-05 22:00:00,20.0,,81.22,29.65
2021-04-05 23:00:00,19.67,,81.33,29.29
2021-04-06 00:00:00,25.0,,80.27,29.12
2021-04-06 01:00:00,38.0,,82.66,28.89
2021-04-06 02:00:00,37.69,,83.06,28.56
2021-04-06 03:00:00,42.33,,87.47,27.04
2021-04-06 04:00:00,36.67,,86.48,26.87
2021-04-06 05:00:00,29.33,,85.09,27.13
2021-04-06 06:00:00,35.33,,85.43,26.25
2021-04-06 07:00:00,34.98,,83.61,27.73
2021-04-06 08:00:00,46.33,,63.06,32.36
2021-04-06 09:00:00,70.34,,53.8,34.5
2021-04-06 10:00:00,53.34,,40.06,38.02
2021-04-06 11:00:00,58.34,,55.15,37.09
2021-04-06 12:00:00,45.33,,65.9,35.92
2021-04-06 13:00:00,28.97,,64.94,35.78
2021-04-06 14:00:00,31.67,,58.36,36.98
2021-04-06 15:00:00,35.0,,38.91,38.54
2021-04-06 16:00:00,26.33,,34.78,38.27
2021-04-06 17:00:00,25.35,,40.78,36.79
2021-04-06 18:00:00,29.0,,61.91,34.48
2021-04-06 19:00:00,35.33,,72.11,32.64
2021-04-06 20:00:00,40.0,,75.71,31.53
2021-04-06 21:00:00,31.67,,77.92,31.1
2021-04-06 22:00:00,25.0,,79.44,31.04
2021-04-06 23:00:00,23.33,,81.42,30.36
2021-04-07 00:00:00,29.64,,83.46,29.76
2021-04-07 01:00:00,27.0,,,
2021-04-07 02:00:00,25.0,,87.6,29.23
2021-04-07 03:00:00,20.67,,86.9,28.98
2021-04-07 04:00:00,19.67,,88.93,28.12
2021-04-07 05:00:00,20.0,,87.12,28.72
2021-04-07 06:00:00,23.33,,87.08,28.23
2021-04-07 07:00:00,33.0,,86.61,28.25
2021-04-07 08:00:00,48.38,,76.07,31.82
2021-04-07 09:00:00,38.67,,65.9,33.6
2021-04-07 10:00:00,31.0,,56.14,35.42
2021-04-07 11:00:00,29.67,,63.34,35.08
2021-04-07 12:00:00,27.0,,64.12,35.26
2021-04-07 13:00:00,26.67,,61.07,35.55
2021-04-07 14:00:00,28.33,,57.18,35.6
2021-04-07 15:00:00,27.67,,52.08,35.69
2021-04-07 16:00:00,23.0,,54.25,35.51
2021-04-07 17:00:00,21.0,,50.62,35.19
2021-04-07 18:00:00,21.0,,58.38,33.8
2021-04-07 19:00:00,33.0,,68.01,32.25
2021-04-07 20:00:00,41.0,,71.92,31.51
2021-04-07 21:00:00,38.67,,73.63,31.04
2021-04-07 22:00:00,38.33,,76.08,30.53
2021-04-07 23:00:00,37.0,,78.92,30.15
2021-04-08 00:00:00,36.66,,80.64,29.87
2021-04-08 01:00:00,26.33,,81.77,29.87
2021-04-08 02:00:00,21.67,,83.21,29.56
2021-04-08 03:00:00,25.33,,,
2021-04-08 04:00:00,30.33,,86.11,28.62
2021-04-08 05:00:00,36.67,,85.49,29.17
2021-04-08 06:00:00,51.0,,84.19,29.23
2021-04-08 07:00:00,47.67,,82.12,29.92
2021-04-08 08:00:00,41.0,,77.02,31.88
2021-04-08 09:00:00,35.33,,71.23,33.77
2021-04-08 10:00:00,31.0,,68.8,34.31
2021-04-08 11:00:00,24.69,,72.46,33.72
2021-04-08 12:00:00,23.33,,76.47,32.98
2021-04-08 13:00:00,22.0,,78.0,32.93
2021-04-08 14:00:00,21.0,,76.06,33.11
2021-04-08 15:00:00,17.0,,74.41,32.85
2021-04-08 16:00:00,15.67,,71.59,33.09
2021-04-08 17:00:00,20.0,,70.86,32.91
2021-04-08 18:00:00,22.0,,75.31,32.1
2021-04-08 19:00:00,22.0,,77.91,31.31
2021-04-08 20:00:00,23.33,,79.76,30.84
2021-04-08 21:00:00,31.33,,82.22,30.1
2021-04-08 22:00:00,37.67,,83.17,29.94
2021-04-08 23:00:00,33.0,,85.45,28.94
2021-04-09 00:00:00,29.33,,87.76,29.09
2021-04-09 01:00:00,31.0,,87.72,29.51
2021-04-09 02:00:00,26.67,,88.42,29.15
2021-04-09 03:00:00,21.33,,88.57,28.48
2021-04-09 04:00:00,24.67,,91.12,27.87
2021-04-09 05:00:00,30.33,,91.98,28.15
2021-04-09 06:00:00,58.67,,90.9,28.14
2021-04-09 07:00:00,42.67,,87.73,28.91
2021-04-09 08:00:00,27.33,,82.31,31.06
2021-04-09 09:00:00,23.67,,67.83,33.11
2021-04-09 10:00:00,24.67,,64.59,34.14
2021-04-09 11:00:00,19.3,,69.92,33.67
2021-04-09 12:00:00,19.33,,70.14,33.79
2021-04-09 13:00:00,18.34,,68.55,34.04
2021-04-09 14:00:00,19.67,,69.07,33.91
2021-04-09 15:00:00,19.67,,68.88,33.94
2021-04-09 16:00:00,22.33,,67.58,34.11
2021-04-09 17:00:00,27.09,,,
2021-04-09 18:00:00,30.0,,,
2021-04-09 19:00:00,33.25,,77.3,31.67
2021-04-09 20:00:00,43.03,,82.21,30.55
2021-04-09 21:00:00,39.75,,,
2021-04-09 22:00:00,36.06,,86.75,30.14
2021-04-09 23:00:00,32.46,,,
2021-04-10 00:00:00,30.62,,90.74,29.1
2021-04-10 01:00:00,27.36,,,
2021-04-10 02:00:00,22.77,,89.63,29.43
2021-04-10 03:00:00,35.55,,90.34,28.42
2021-04-10 04:00:00,30.0,,,
2021-04-10 05:00:00,37.95,,91.16,27.84
2021-04-10 06:00:00,39.31,,90.39,27.72
2021-04-10 07:00:00,43.75,,,
2021-04-10 08:00:00,48.36,,86.75,30.36
2021-04-10 09:00:00,47.33,,66.59,33.77
2021-04-10 10:00:00,55.33,,60.72,34.72
2021-04-10 11:00:00,50.04,,60.27,34.63
2021-04-10 12:00:00,41.02,,59.89,34.92
2021-04-10 13:00:00,26.33,,64.02,34.41
2021-04-10 14:00:00,20.0,,66.39,34.35
2021-04-10 15:00:00,19.33,,66.93,34.23
2021-04-10 16:00:00,17.67,,68.09,33.96
2021-04-10 17:00:00,18.33,,71.69,33.5
2021-04-10 18:00:00,23.65,,74.97,32.84
2021-04-10 19:00:00,28.0,,76.91,32.22
2021-04-10 20:00:00,32.33,,79.19,31.81
2021-04-10 21:00:00,33.33,,81.64,31.65
2021-04-10 22:00:00,31.67,,83.09,31.27
2021-04-10 23:00:00,29.0,,83.74,31.07
2021-04-11 00:00:00,24.68,,84.64,30.25
2021-04-11 01:00:00,22.33,,87.18,29.45
2021-04-11 02:00:00,21.33,,86.85,29.49
2021-04-11 03:00:00,26.33,,87.44,29.21
2021-04-11 04:00:00,27.0,,88.79,29.35
2021-04-11 05:00:00,22.68,,89.15,29.29
2021-04-11 06:00:00,34.33,,86.9,28.77
2021-04-11 07:00:00,42.33,,80.65,29.5
2021-04-11 08:00:00,40.33,,69.42,31.93
2021-04-11 09:00:00,43.67,,55.7,34.84
2021-04-11 10:00:00,43.34,,46.94,35.93
2021-04-11 11:00:00,42.0,,42.5,37.27
2021-04-11 12:00:00,35.33,,48.45,36.83
2021-04-11 13:00:00,32.67,,54.73,36.48
2021-04-11 14:00:00,27.67,,50.54,36.41
2021-04-11 15:00:00,22.33,,54.5,36.09
2021-04-11 16:00:00,14.33,,58.98,35.68
2021-04-11 17:00:00,14.33,,68.24,34.53
2021-04-11 18:00:00,17.99,,79.0,33.1
2021-04-11 19:00:00,23.0,,84.08,32.18
2021-04-11 20:00:00,27.67,,85.95,31.34
2021-04-11 21:00:00,30.33,,86.87,31.48
2021-04-11 22:00:00,32.33,,87.94,30.45
2021-04-11 23:00:00,32.34,,89.65,29.48
2021-04-12 00:00:00,35.98,,92.07,29.45
2021-04-12 01:00:00,42.0,,93.6,29.72
2021-04-12 02:00:00,36.67,,92.15,30.02
2021-04-12 03:00:00,30.33,,90.24,29.77
2021-04-12 04:00:00,32.98,,89.8,29.85
2021-04-12 05:00:00,33.0,,90.33,29.73
2021-04-12 06:00:00,31.33,,91.5,29.42
2021-04-12 07:00:00,33.0,,90.05,30.39
2021-04-12 08:00:00,31.34,,79.97,32.69
2021-04-12 09:00:00,25.98,,70.09,34.72
2021-04-12 10:00:00,26.66,,58.62,35.93
2021-04-12 11:00:00,32.67,,57.5,36.29
2021-04-12 12:00:00,29.67,,57.38,35.64
2021-04-12 13:00:00,27.67,,62.16,35.35
2021-04-12 14:00:00,29.33,,61.36,35.63
2021-04-12 15:00:00,28.67,,62.29,35.55
2021-04-12 16:00:00,22.0,,52.71,36.4
2021-04-12 17:00:00,20.33,,53.98,35.89
2021-04-12 18:00:00,20.34,,62.74,34.37
2021-04-12 19:00:00,24.0,,67.66,33.24
2021-04-12 20:00:00,32.0,,61.34,33.83
2021-04-12 21:00:00,37.67,,62.33,33.56
2021-04-12 22:00:00,31.0,,73.48,32.44
2021-04-12 23:00:00,25.67,,76.87,30.93
2021-04-13 00:00:00,25.66,,78.36,30.61
2021-04-13 01:00:00,26.0,,81.5,30.45
2021-04-13 02:00:00,23.33,,81.86,30.69
2021-04-13 03:00:00,16.0,,82.4,30.98
2021-04-13 04:00:00,21.0,,82.37,30.64
2021-04-13 05:00:00,47.67,,83.77,29.22
2021-04-13 06:00:00,41.67,,87.13,29.05
2021-04-13 07:00:00,42.3,,85.33,30.41
2021-04-13 08:00:00,43.0,,74.84,33.29
2021-04-13 09:00:00,47.67,,59.38,35.91
2021-04-13 10:00:00,38.38,,54.67,36.49
2021-04-13 11:00:00,43.38,,46.95,38.1
2021-04-13 12:00:00,43.02,,65.91,36.29
2021-04-13 13:00:00,40.67,,68.28,35.1
2021-04-13 14:00:00,29.05,,65.12,35.11
2021-04-13 15:00:00,23.67,,48.36,37.53
2021-04-13 16:00:00,23.34,,47.25,37.81
2021-04-13 17:00:00,30.33,,45.07,37.91
2021-04-13 18:00:00,36.67,,57.57,35.59
2021-04-13 19:00:00,53.33,,72.12,33.66
2021-04-13 20:00:00,51.67,,79.04,32.72
2021-04-13 21:00:00,45.01,,83.95,32.09
2021-04-13 22:00:00,42.67,,84.98,31.85
2021-04-13 23:00:00,40.0,,86.65,31.6
2021-04-14 00:00:00,34.35,,88.03,31.44
2021-04-14 01:00:00,29.34,,88.7,31.38
2021-04-14 02:00:00,25.33,,88.03,31.37
2021-04-14 03:00:00,26.66,,87.98,31.37
2021-04-14 04:00:00,25.99,,88.52,30.93
2021-04-14 05:00:00,23.0,,88.7,30.72
2021-04-14 06:00:00,27.33,,88.68,30.55
2021-04-14 07:00:00,51.42,,85.27,31.59
2021-04-14 08:00:00,50.0,,73.88,33.47
2021-04-14 09:00:00,34.04,,59.8,35.51
2021-04-14 10:00:00,31.67,,49.87,36.86
2021-04-14 11:00:00,36.33,,52.63,37.11
2021-04-14 12:00:00,34.02,,62.95,36.35
2021-04-14 13:00:00,31.34,,60.41,36.81
2021-04-14 14:00:00,32.99,,65.16,35.72
2021-04-14 15:00:00,32.67,,67.52,35.31
2021-04-14 16:00:00,30.67,,68.05,34.86
2021-04-14 17:00:00,24.67,,71.0,34.13
2021-04-14 18:00:00,18.0,,73.39,33.36
2021-04-14 19:00:00,18.0,,80.78,32.44
2021-04-14 20:00:00,20.33,,83.07,32.03
2021-04-14 21:00:00,24.32,,83.69,32.04
2021-04-14 22:00:00,35.96,,85.33,31.83
2021-04-14 23:00:00,26.39,,85.2,31.68
2021-04-15 00:00:00,21.66,,86.75,31.17
2021-04-15 01:00:00,23.0,,88.04,31.02
2021-04-15 02:00:00,21.67,,88.97,30.0
2021-04-15 03:00:00,20.33,,91.41,29.98
2021-04-15 04:00:00,18.0,,91.52,30.01
2021-04-15 05:00:00,22.33,,91.01,29.71
2021-04-15 06:00:00,45.67,,91.83,29.67
2021-04-15 07:00:00,71.66,,88.85,30.72
2021-04-15 08:00:00,65.5,,79.42,32.71
2021-04-15 09:00:00,41.4,,63.98,34.79
2021-04-15 10:00:00,34.33,,53.3,36.56
2021-04-15 11:00:00,34.33,,50.99,36.37
2021-04-15 12:00:00,34.67,,51.11,36.65
2021-04-15 13:00:00,34.33,,49.57,36.41
2021-04-15 14:00:00,35.99,,54.3,36.12
2021-04-15 15:00:00,31.02,,69.67,34.75
2021-04-15 16:00:00,33.33,,72.79,33.94
2021-04-15 17:00:00,30.02,,74.74,33.49
2021-04-15 18:00:00,29.0,,79.98,32.63
2021-04-15 19:00:00,28.0,,82.81,32.01
2021-04-15 20:00:00,27.0,,84.67,31.62
2021-04-15 21:00:00,37.62,,85.89,31.4
2021-04-15 22:00:00,34.37,,86.03,30.96
2021-04-15 23:00:00,35.33,,87.78,30.19
2021-04-16 00:00:00,41.98,,89.77,29.51
2021-04-16 01:00:00,47.33,,91.81,29.12
2021-04-16 02:00:00,47.01,,92.68,28.89
2021-04-16 03:00:00,36.7,,91.77,28.6
2021-04-16 04:00:00,48.0,,92.12,28.65
2021-04-16 05:00:00,82.56,,92.92,28.03
2021-04-16 06:00:00,80.07,,90.29,28.22
2021-04-16 07:00:00,72.0,,85.58,29.73
2021-04-16 08:00:00,80.0,,73.89,32.66
2021-04-16 09:00:00,60.59,,62.09,33.85
2021-04-16 10:00:00,27.67,,63.09,34.14
2021-04-16 11:00:00,16.0,,72.02,33.73
2021-04-16 12:00:00,12.67,,72.31,33.76
2021-04-16 13:00:00,12.33,,71.94,34.15
2021-04-16 14:00:00,12.33,,71.64,34.02
2021-04-16 15:00:00,11.34,,71.93,33.79
2021-04-16 16:00:00,17.0,,71.29,33.79
2021-04-16 17:00:00,16.67,,73.93,33.15
2021-04-16 18:00:00,16.33,,77.19,32.24
2021-04-16 19:00:00,17.66,,79.53,31.4
2021-04-16 20:00:00,22.65,,80.55,30.8
2021-04-16 21:00:00,26.33,,81.25,30.05
2021-04-16 22:00:00,31.65,,82.73,30.17
2021-04-16 23:00:00,24.67,,84.33,29.65
2021-04-17 00:00:00,19.34,,85.31,29.53
2021-04-17 01:00:00,17.0,,87.25,29.63
2021-04-17 02:00:00,14.01,,88.09,29.61
2021-04-17 03:00:00,18.98,,88.1,29.45
2021-04-17 04:00:00,28.67,,88.72,28.89
2021-04-17 05:00:00,34.0,,89.88,28.5
2021-04-17 06:00:00,51.6,,87.7,28.16
2021-04-17 07:00:00,51.37,,81.11,29.96
2021-04-17 08:00:00,39.0,,73.71,32.52
2021-04-17 09:00:00,32.34,,72.66,32.98
2021-04-17 10:00:00,23.7,,66.65,34.51
2021-04-17 11:00:00,40.0,,71.03,34.77
2021-04-17 12:00:00,26.0,,72.82,34.83
2021-04-17 13:00:00,19.98,,73.9,34.8
2021-04-17 14:00:00,20.34,,72.6,35.25
2021-04-17 15:00:00,16.34,,67.59,35.2
2021-04-17 16:00:00,18.32,,63.78,35.52
2021-04-17 17:00:00,18.67,,66.22,34.79
2021-04-17 18:00:00,22.0,,72.96,33.64
2021-04-17 19:00:00,26.66,,79.42,32.45
2021-04-17 20:00:00,37.96,,83.98,31.56
2021-04-17 21:00:00,39.0,,86.5,31.28
2021-04-17 22:00:00,39.67,,87.82,31.06
2021-04-17 23:00:00,37.02,,89.31,30.58
2021-04-18 00:00:00,30.37,,90.62,30.35
2021-04-18 01:00:00,26.01,,91.81,29.98
2021-04-18 02:00:00,25.0,,92.27,29.8
2021-04-18 03:00:00,19.67,,92.24,29.5
2021-04-18 04:00:00,18.99,,92.71,29.24
2021-04-18 05:00:00,21.33,,91.68,29.62
2021-04-18 06:00:00,22.66,,89.24,29.35
2021-04-18 07:00:00,30.97,,87.35,30.24
2021-04-18 08:00:00,39.65,,81.78,32.3
2021-04-18 09:00:00,42.0,,73.55,34.19
2021-04-18 10:00:00,35.33,,58.04,36.56
2021-04-18 11:00:00,40.0,,63.71,36.41
2021-04-18 12:00:00,37.33,,73.64,35.1
2021-04-18 13:00:00,30.0,,72.18,35.59
2021-04-18 14:00:00,30.0,,63.67,36.72
2021-04-18 15:00:00,32.99,,63.1,37.25
2021-04-18 16:00:00,37.32,,66.76,36.65
2021-04-18 17:00:00,43.0,,64.37,36.37
2021-04-18 18:00:00,43.0,,65.99,35.38
2021-04-18 19:00:00,47.28,,74.22,33.73
2021-04-18 20:00:00,55.31,,80.13,32.66
2021-04-18 21:00:00,58.66,,83.98,32.29
2021-04-18 22:00:00,53.69,,85.88,31.68
2021-04-18 23:00:00,45.0,,88.18,30.89
2021-04-19 00:00:00,41.34,,89.57,30.58
2021-04-19 01:00:00,35.02,,91.4,30.14
2021-04-19 02:00:00,30.0,,91.55,30.09
2021-04-19 03:00:00,27.67,,90.77,30.2
2021-04-19 04:00:00,31.65,,90.85,30.06
2021-04-19 05:00:00,37.33,,91.2,29.84
2021-04-19 06:00:00,36.33,,89.47,29.66
2021-04-19 07:00:00,38.98,,84.18,30.98
2021-04-19 08:00:00,41.67,,78.09,33.14
2021-04-19 09:00:00,34.03,,73.5,34.02
2021-04-19 10:00:00,26.02,,70.53,34.59
2021-04-19 11:00:00,36.0,,71.07,34.33
2021-04-19 12:00:00,27.39,,71.28,34.51
2021-04-19 13:00:00,20.0,,70.78,34.65
2021-04-19 14:00:00,18.0,,70.4,34.62
2021-04-19 15:00:00,14.35,,69.14,34.66
2021-04-19 16:00:00,16.98,,66.83,34.61
2021-04-19 17:00:00,16.33,,67.87,34.15
2021-04-19 18:00:00,16.33,,71.56,33.15
2021-04-19 19:00:00,17.66,,75.43,32.39
2021-04-19 20:00:00,22.67,,77.32,31.71
2021-04-19 21:00:00,22.33,,79.11,31.42
2021-04-19 22:00:00,21.67,,82.88,30.89
2021-04-19 23:00:00,20.01,,,
2021-04-20 00:00:00,19.67,,87.41,30.31
2021-04-20 01:00:00,19.33,,87.13,30.58
2021-04-20 02:00:00,16.33,,86.49,30.38
2021-04-20 03:00:00,22.97,,87.06,30.05
2021-04-20 04:00:00,25.67,,87.92,29.99
2021-04-20 05:00:00,26.99,,88.25,29.38
2021-04-20 06:00:00,29.33,,89.05,29.57
2021-04-20 07:00:00,27.33,,86.0,30.8
2021-04-20 08:00:00,22.68,,76.13,32.76
2021-04-20 09:00:00,17.68,,71.62,33.09
2021-04-20 10:00:00,23.3,,68.32,34.12
2021-04-20 11:00:00,21.69,,70.13,33.92
2021-04-20 12:00:00,17.67,,70.03,33.97
2021-04-20 13:00:00,15.01,,68.42,34.47
2021-04-20 14:00:00,14.0,,67.04,34.61
2021-04-20 15:00:00,40.55,,65.68,34.68
2021-04-20 16:00:00,41.38,,68.04,34.22
2021-04-20 17:00:00,21.72,,71.62,33.67
2021-04-20 18:00:00,15.67,,76.29,32.75
2021-04-20 19:00:00,15.34,,80.73,32.03
2021-04-20 20:00:00,16.33,,81.39,31.71
2021-04-20 21:00:00,18.33,,82.95,31.39
2021-04-20 22:00:00,18.33,,84.66,31.0
2021-04-20 23:00:00,14.02,,86.51,30.42
2021-04-21 00:00:00,13.98,,87.89,30.23
2021-04-21 01:00:00,15.0,,87.61,30.27
2021-04-21 02:00:00,15.67,,87.93,30.07
2021-04-21 03:00:00,16.66,,88.38,29.63
2021-04-21 04:00:00,21.65,,88.57,29.86
2021-04-21 05:00:00,25.33,,88.77,29.77
2021-04-21 06:00:00,25.33,,89.0,29.78
2021-04-21 07:00:00,26.33,,87.66,30.27
2021-04-21 08:00:00,32.98,,82.13,31.6
2021-04-21 09:00:00,30.0,,74.94,33.22
2021-04-21 10:00:00,22.35,,68.55,33.99
2021-04-21 11:00:00,41.24,,70.0,33.95
2021-04-21 12:00:00,26.75,,71.57,33.59
2021-04-21 13:00:00,17.82,,70.51,33.67
2021-04-21 14:00:00,16.81,,70.9,34.02
2021-04-21 15:00:00,13.89,,71.69,33.92
2021-04-21 16:00:00,16.0,,73.61,33.72
2021-04-21 17:00:00,14.71,,74.47,33.49
2021-04-21 18:00:00,13.36,,76.86,32.67
2021-04-21 19:00:00,17.65,,80.13,31.66
2021-04-21 20:00:00,22.46,,80.98,31.32
2021-04-21 21:00:00,22.36,,83.03,30.46
2021-04-21 22:00:00,24.67,,84.72,30.14
2021-04-21 23:00:00,21.89,,,
2021-04-22 00:00:00,17.0,,86.52,29.55
2021-04-22 01:00:00,19.67,,86.68,29.44
2021-04-22 02:00:00,22.67,,85.27,29.34
2021-04-22 03:00:00,14.87,,85.5,30.16
2021-04-22 04:00:00,12.69,,85.21,30.06
2021-04-22 05:00:00,17.98,,86.0,29.88
2021-04-22 06:00:00,20.34,,87.37,29.54
2021-04-22 07:00:00,20.0,,83.92,30.51
2021-04-22 08:00:00,20.66,,76.65,32.07
2021-04-22 09:00:00,19.67,,63.28,34.02
2021-04-22 10:00:00,20.33,,62.49,34.16
2021-04-22 11:00:00,25.0,,62.19,34.84
2021-04-22 12:00:00,25.68,,70.1,34.26
2021-04-22 13:00:00,25.66,,,
2021-04-22 14:00:00,26.0,,71.8,34.52
2021-04-22 15:00:00,25.34,,67.08,35.63
2021-04-22 16:00:00,21.34,,66.25,34.82
2021-04-22 17:00:00,16.0,,,
2021-04-22 18:00:00,17.99,,,
2021-04-22 19:00:00,20.33,,77.98,32.23
2021-04-22 20:00:00,23.64,,79.07,31.04
2021-04-22 21:00:00,30.31,,,
2021-04-22 22:00:00,31.67,,84.63,30.46
2021-04-22 23:00:00,24.36,,,
2021-04-23 00:00:00,23.64,,88.11,29.64
2021-04-23 01:00:00,41.6,,,
2021-04-23 02:00:00,52.66,,,
2021-04-23 03:00:00,52.01,,88.06,28.95
2021-04-23 04:00:00,54.32,,,
2021-04-23 05:00:00,66.67,,86.71,27.95
2021-04-23 06:00:00,62.7,,86.44,27.92
2021-04-23 07:00:00,66.67,,82.83,29.71
2021-04-23 08:00:00,67.02,,71.99,32.53
2021-04-23 09:00:00,42.43,,64.15,33.59
2021-04-23 10:00:00,32.99,,48.14,35.3
2021-04-23 11:00:00,37.32,,45.78,36.57
2021-04-23 12:00:00,26.33,,45.37,36.14
2021-04-23 13:00:00,16.02,,39.88,36.41
2021-04-23 14:00:00,12.67,,41.86,35.99
2021-04-23 15:00:00,11.34,,44.47,35.88
2021-04-23 16:00:00,9.67,,50.19,35.07
2021-04-23 17:00:00,11.65,,56.87,34.26
2021-04-23 18:00:00,13.0,,63.04,33.17
2021-04-23 19:00:00,13.0,,67.52,32.52
2021-04-23 20:00:00,18.98,,69.65,31.75
2021-04-23 21:00:00,26.67,,73.18,30.63
2021-04-23 22:00:00,38.96,,,
2021-04-23 23:00:00,32.72,,79.25,29.99
2021-04-24 00:00:00,22.35,,80.54,29.6
2021-04-24 01:00:00,29.96,,81.82,28.93
2021-04-24 02:00:00,52.33,,81.8,28.73
2021-04-24 03:00:00,70.3,,82.44,28.52
2021-04-24 04:00:00,86.47,,85.05,27.46
2021-04-24 05:00:00,72.75,,84.68,27.72
2021-04-24 06:00:00,71.64,,84.64,27.54
2021-04-24 07:00:00,43.67,,80.14,28.49
2021-04-24 08:00:00,28.66,,,
2021-04-24 09:00:00,27.67,,,
2021-04-24 10:00:00,25.0,,,
2021-04-24 11:00:00,24.67,,69.52,33.85
2021-04-24 12:00:00,23.01,,68.46,34.19
2021-04-24 13:00:00,18.02,,69.0,34.07
2021-04-24 14:00:00,14.01,,69.06,34.11
2021-04-24 15:00:00,12.34,,68.69,34.15
2021-04-24 16:00:00,10.67,,70.97,33.65
2021-04-24 17:00:00,11.33,,75.17,32.75
2021-04-24 18:00:00,11.34,,77.89,32.38
2021-04-24 19:00:00,14.33,,79.19,31.94
2021-04-24 20:00:00,19.98,,80.21,31.3
2021-04-24 21:00:00,22.67,,83.76,30.98
2021-04-24 22:00:00,20.34,,84.35,31.0
2021-04-24 23:00:00,16.34,,85.33,30.96
2021-04-25 00:00:00,15.0,,85.31,30.91
2021-04-25 01:00:00,18.33,,87.42,30.05
2021-04-25 02:00:00,16.02,,88.27,30.14
2021-04-25 03:00:00,19.31,,89.21,29.57
2021-04-25 04:00:00,14.03,,90.58,29.41
2021-04-25 05:00:00,13.32,,90.34,29.46
2021-04-25 06:00:00,30.93,,90.36,29.02
2021-04-25 07:00:00,42.33,,85.97,30.71
2021-04-25 08:00:00,44.67,,73.21,33.03
2021-04-25 09:00:00,32.33,,57.95,34.96
2021-04-25 10:00:00,27.33,,46.6,36.72
2021-04-25 11:00:00,36.0,,60.5,36.5
2021-04-25 12:00:00,30.7,,63.88,35.82
2021-04-25 13:00:00,25.34,,65.22,35.98
2021-04-25 14:00:00,19.67,,69.68,35.88
2021-04-25 15:00:00,15.01,,72.07,35.69
2021-04-25 16:00:00,20.64,,66.39,36.2
2021-04-25 17:00:00,30.64,,69.49,35.76
2021-04-25 18:00:00,32.0,,72.6,35.42
2021-04-25 19:00:00,45.0,,77.97,34.54
2021-04-25 20:00:00,56.65,,72.01,34.63
2021-04-25 21:00:00,57.67,,74.5,34.02
2021-04-25 22:00:00,62.98,,76.91,33.64
2021-04-25 23:00:00,60.69,,71.78,33.03
2021-04-26 00:00:00,50.03,,74.79,32.76
2021-04-26 01:00:00,40.67,,79.81,32.45
2021-04-26 02:00:00,34.68,,87.98,32.02
2021-04-26 03:00:00,31.01,,88.92,31.73
2021-04-26 04:00:00,32.66,,89.96,31.46
2021-04-26 05:00:00,38.67,,87.55,31.15
2021-04-26 06:00:00,51.62,,87.13,31.07
2021-04-26 07:00:00,54.34,,84.66,31.96
2021-04-26 08:00:00,57.65,,80.37,33.65
2021-04-26 09:00:00,54.0,,67.5,35.79
2021-04-26 10:00:00,51.0,,76.55,34.6
2021-04-26 11:00:00,40.38,,76.18,34.86
2021-04-26 12:00:00,36.99,,73.29,35.21
2021-04-26 13:00:00,36.01,,67.96,35.45
2021-04-26 14:00:00,36.33,,63.96,35.82
2021-04-26 15:00:00,33.7,,65.31,35.7
2021-04-26 16:00:00,31.34,,65.43,35.53
2021-04-26 17:00:00,30.35,,,
2021-04-26 18:00:00,29.17,,,
2021-04-26 19:00:00,29.0,,,
2021-04-26 20:00:00,27.02,,,
2021-04-26 21:00:00,27.5,,82.1,32.61
2021-04-26 22:00:00,31.03,,84.25,32.1
2021-04-26 23:00:00,31.34,,85.65,32.11
2021-04-27 00:00:00,27.68,,87.58,31.88
2021-04-27 01:00:00,22.68,,88.64,31.55
2021-04-27 02:00:00,21.66,,88.88,31.08
2021-04-27 03:00:00,25.98,,88.53,31.51
2021-04-27 04:00:00,24.02,,89.04,31.11
2021-04-27 05:00:00,25.98,,89.46,30.85
2021-04-27 06:00:00,31.3,,90.14,30.46
2021-04-27 07:00:00,38.31,,87.76,31.79
2021-04-27 08:00:00,42.32,,79.4,33.73
2021-04-27 09:00:00,46.98,,68.13,35.48
2021-04-27 10:00:00,41.03,,64.83,36.26
2021-04-27 11:00:00,34.34,,68.65,35.8
2021-04-27 12:00:00,30.34,,63.31,35.86
2021-04-27 13:00:00,29.66,,56.59,36.12
2021-04-27 14:00:00,31.32,,52.7,36.08
2021-04-27 15:00:00,28.7,,57.09,35.84
2021-04-27 16:00:00,23.68,,64.6,34.92
2021-04-27 17:00:00,23.33,,72.28,34.03
2021-04-27 18:00:00,25.98,,71.72,33.47
2021-04-27 19:00:00,22.35,,73.69,32.94
2021-04-27 20:00:00,37.92,,76.54,32.71
2021-04-27 21:00:00,35.05,,80.69,32.48
2021-04-27 22:00:00,36.97,,80.76,32.27
2021-04-27 23:00:00,30.38,,81.53,32.06
2021-04-28 00:00:00,25.66,,83.45,32.09
2021-04-28 01:00:00,24.01,,84.25,31.43
2021-04-28 02:00:00,22.34,,85.69,30.9
2021-04-28 03:00:00,17.35,,86.16,31.23
2021-04-28 04:00:00,20.31,,86.83,31.11
2021-04-28 05:00:00,27.65,,87.06,30.74
2021-04-28 06:00:00,36.64,,85.05,30.34
2021-04-28 07:00:00,40.66,,81.76,31.15
2021-04-28 08:00:00,47.61,,73.85,32.78
2021-04-28 09:00:00,51.0,,74.09,34.1
2021-04-28 10:00:00,52.33,,67.19,35.6
2021-04-28 11:00:00,42.38,,67.41,35.3
2021-04-28 12:00:00,28.37,,71.07,34.87
2021-04-28 13:00:00,22.01,,70.71,34.85
2021-04-28 14:00:00,21.0,,70.43,34.66
2021-04-28 15:00:00,18.34,,67.93,34.74
2021-04-28 16:00:00,19.64,,68.89,34.5
2021-04-28 17:00:00,18.34,,70.01,34.07
2021-04-28 18:00:00,18.33,,74.08,33.3
2021-04-28 19:00:00,20.32,,80.06,32.44
2021-04-28 20:00:00,19.67,,82.61,31.84
2021-04-28 21:00:00,18.34,,79.44,32.07
2021-04-28 22:00:00,20.64,,81.16,31.54
2021-04-28 23:00:00,20.01,,82.65,31.37
2021-04-29 00:00:00,17.67,,84.18,31.21
2021-04-29 01:00:00,18.33,,85.91,30.95
2021-04-29 02:00:00,19.0,,86.07,30.91
2021-04-29 03:00:00,22.33,,84.92,30.8
2021-04-29 04:00:00,37.28,,85.95,30.48
2021-04-29 05:00:00,43.34,,86.66,29.98
2021-04-29 06:00:00,39.68,,86.43,29.98
2021-04-29 07:00:00,36.01,,82.62,31.15
2021-04-29 08:00:00,22.38,,74.41,33.66
2021-04-29 09:00:00,17.33,,60.88,35.06
2021-04-29 10:00:00,18.66,,50.5,36.13
2021-04-29 11:00:00,24.98,,66.01,35.71
2021-04-29 12:00:00,20.7,,70.32,34.82
2021-04-29 13:00:00,15.01,,63.59,35.68
2021-04-29 14:00:00,12.02,,68.31,35.17
2021-04-29 15:00:00,13.0,,71.71,34.55
2021-04-29 16:00:00,15.32,,74.23,34.37
2021-04-29 17:00:00,13.36,,78.35,33.75
2021-04-29 18:00:00,14.65,,82.2,32.83
2021-04-29 19:00:00,19.32,,85.49,32.26
2021-04-29 20:00:00,17.03,,85.56,32.23
2021-04-29 21:00:00,19.63,,84.7,32.36
2021-04-29 22:00:00,23.33,,85.09,32.16
2021-04-29 23:00:00,20.02,,,
2021-04-30 00:00:00,18.0,,,
2021-04-30 01:00:00,15.36,,,
2021-04-30 02:00:00,14.5,,88.43,31.11
2021-04-30 03:00:00,14.31,,89.9,30.6
2021-04-30 04:00:00,17.98,,90.35,30.75
2021-04-30 05:00:00,15.36,,90.04,30.48
2021-04-30 06:00:00,20.3,,87.62,30.28
2021-04-30 07:00:00,35.28,,77.34,30.74
2021-04-30 08:00:00,42.33,,70.27,33.19
2021-04-30 09:00:00,32.42,,70.16,34.6
2021-04-30 10:00:00,22.36,,74.67,33.64
2021-04-30 11:00:00,13.36,,70.71,34.36
2021-04-30 12:00:00,14.63,,66.54,34.89
2021-04-30 13:00:00,15.01,,66.42,34.68
2021-04-30 14:00:00,13.34,,65.33,34.95
2021-04-30 15:00:00,13.66,,65.23,34.8
2021-04-30 16:00:00,13.34,,70.91,34.31
2021-04-30 17:00:00,13.66,,79.17,33.12
2021-04-30 18:00:00,14.66,,80.16,32.63
2021-04-30 19:00:00,15.66,,77.25,32.6
2021-04-30 20:00:00,17.33,,76.46,32.45
2021-04-30 21:00:00,20.64,,76.23,32.41
2021-04-30 22:00:00,20.02,,76.69,32.45
2021-04-30 23:00:00,16.34,,79.16,32.0
2021-05-01 00:00:00,15.0,,81.2,31.38
2021-05-01 01:00:00,16.98,,,
2021-05-01 02:00:00,17.18,,,
2021-05-01 03:00:00,14.2,,,
2021-05-01 04:00:00,17.96,,,
2021-05-01 05:00:00,13.05,,85.81,31.21
2021-05-01 06:00:00,15.31,,85.56,31.12
2021-05-01 07:00:00,24.64,,83.72,31.64
2021-05-01 08:00:00,31.98,,77.31,32.47
2021-05-01 09:00:00,28.02,,69.46,34.13
2021-05-01 10:00:00,33.0,,53.93,36.34
2021-05-01 11:00:00,37.66,,50.1,37.52
2021-05-01 12:00:00,42.67,,59.76,36.83
2021-05-01 13:00:00,28.4,,69.66,35.52
2021-05-01 14:00:00,14.03,,69.28,35.44
2021-05-01 15:00:00,16.31,,69.3,34.99
2021-05-01 16:00:00,15.68,,70.84,34.36
2021-05-01 17:00:00,14.66,,68.7,34.33
2021-05-01 18:00:00,18.32,,71.88,33.89
2021-05-01 19:00:00,22.66,,74.63,32.95
2021-05-01 20:00:00,26.67,,77.81,32.58
2021-05-01 21:00:00,24.02,,81.8,32.2
2021-05-01 22:00:00,19.34,,82.99,32.01
2021-05-01 23:00:00,15.36,,83.11,31.5
2021-05-02 00:00:00,16.64,,81.92,31.55
2021-05-02 01:00:00,18.66,,82.37,31.18
2021-05-02 02:00:00,22.98,,83.31,31.13
2021-05-02 03:00:00,21.03,,82.47,31.35
2021-05-02 04:00:00,26.93,,83.84,31.08
2021-05-02 05:00:00,31.0,,84.53,31.09
2021-05-02 06:00:00,38.97,,85.6,31.03
2021-05-02 07:00:00,42.34,,82.38,32.06
2021-05-02 08:00:00,38.02,,81.53,33.33
2021-05-02 09:00:00,26.04,,78.26,34.34
2021-05-02 10:00:00,24.98,,74.98,34.7
2021-05-02 11:00:00,29.64,,72.43,35.21
2021-05-02 12:00:00,32.99,,68.28,35.14
2021-05-02 13:00:00,26.7,,67.0,35.03
2021-05-02 14:00:00,40.25,,68.3,34.63
2021-05-02 15:00:00,23.77,,69.96,34.81
2021-05-02 16:00:00,14.32,,73.25,34.24
2021-05-02 17:00:00,19.32,,77.89,33.74
2021-05-02 18:00:00,19.67,,78.73,33.54
2021-05-02 19:00:00,21.64,,80.13,33.1
2021-05-02 20:00:00,33.62,,66.22,32.6
2021-05-02 21:00:00,51.62,,61.47,32.29
2021-05-02 22:00:00,54.03,,62.98,32.16
2021-05-02 23:00:00,44.73,,63.53,31.79
2021-05-03 00:00:00,42.32,,66.37,30.93
2021-05-03 01:00:00,43.66,,68.76,30.33
2021-05-03 02:00:00,45.33,,69.2,30.27
2021-05-03 03:00:00,61.27,,69.64,30.71
2021-05-03 04:00:00,68.34,,70.38,30.7
2021-05-03 05:00:00,57.38,,,
2021-05-03 06:00:00,55.32,,,
2021-05-03 07:00:00,57.67,,69.26,31.39
2021-05-03 08:00:00,58.66,,,
2021-05-03 09:00:00,78.92,,58.37,35.57
2021-05-03 10:00:00,50.33,,48.67,36.46
2021-05-03 11:00:00,36.29,,,
2021-05-03 12:00:00,39.0,,,
2021-05-03 13:00:00,52.94,,51.49,37.08
2021-05-03 14:00:00,40.75,,,
2021-05-03 15:00:00,33.66,,63.27,36.21
2021-05-03 16:00:00,34.34,,70.84,35.22
2021-05-03 17:00:00,27.37,,72.85,34.54
2021-05-03 18:00:00,22.02,,75.18,34.16
2021-05-03 19:00:00,19.67,,75.98,33.6
2021-05-03 20:00:00,22.32,,,
2021-05-03 21:00:00,19.37,,,
2021-05-03 22:00:00,22.29,,80.33,32.5
2021-05-03 23:00:00,22.34,,,
2021-05-04 00:00:00,19.01,,81.35,30.86
2021-05-04 01:00:00,21.98,,84.34,31.2
2021-05-04 02:00:00,16.07,,,
2021-05-04 03:00:00,13.99,,86.44,30.89
2021-05-04 04:00:00,17.66,,87.23,30.9
2021-05-04 05:00:00,31.56,,86.23,30.98
2021-05-04 06:00:00,36.67,,86.78,30.6
2021-05-04 07:00:00,29.39,,84.15,31.75
2021-05-04 08:00:00,22.02,,,
2021-05-04 09:00:00,20.35,,,
2021-05-04 10:00:00,18.68,,,
2021-05-04 11:00:00,17.009999999999998,,,
2021-05-04 12:00:00,15.34,,63.62,35.66
2021-05-04 13:00:00,13.67,,65.17,35.53
2021-05-04 14:00:00,12.0,,66.22,35.52
2021-05-04 15:00:00,11.34,,65.44,36.12
2021-05-04 16:00:00,15.0,,65.02,36.19
2021-05-04 17:00:00,20.14,,,
2021-05-04 18:00:00,22.07,,,
2021-05-04 19:00:00,24.0,,,
2021-05-04 20:00:00,27.98,,,
2021-05-04 21:00:00,35.31,,,
2021-05-04 22:00:00,34.68,,,
2021-05-04 23:00:00,33.66,,,
2021-05-05 00:00:00,30.03,,,
2021-05-05 01:00:00,29.99,,,
2021-05-05 02:00:00,25.02,,,
2021-05-05 03:00:00,22.66,,,
2021-05-05 04:00:00,25.66,,,
2021-05-05 05:00:00,34.97,,,
2021-05-05 06:00:00,46.27,,,
2021-05-05 07:00:00,59.92,,,
2021-05-05 08:00:00,81.11,,,
2021-05-05 09:00:00,56.62,,,
2021-05-05 10:00:00,28.74,,,
2021-05-05 11:00:00,26.98,,,
2021-05-05 12:00:00,19.42,,,
2021-05-05 13:00:00,14.66,,,
2021-05-05 14:00:00,18.32,,,
2021-05-05 15:00:00,18.02,,,
2021-05-05 16:00:00,18.33,,,
2021-05-05 17:00:00,21.66,,,
2021-05-05 18:00:00,23.66,,,
2021-05-05 19:00:00,29.29,,,
2021-05-05 20:00:00,28.68,,,
2021-05-05 21:00:00,25.01,,,
2021-05-05 22:00:00,22.68,,,
2021-05-05 23:00:00,16.69,,,
2021-05-06 00:00:00,13.34,,,
2021-05-06 01:00:00,18.31,,,
2021-05-06 02:00:00,17.02,,,
2021-05-06 03:00:00,14.34,,,
2021-05-06 04:00:00,16.66,,,
2021-05-06 05:00:00,24.64,,,
2021-05-06 06:00:00,27.34,,,
2021-05-06 07:00:00,25.01,,,
2021-05-06 08:00:00,25.33,,,
2021-05-06 09:00:00,24.02,,,
2021-05-06 10:00:00,21.67,,,
2021-05-06 11:00:00,16.35,,,
2021-05-06 12:00:00,15.99,,,
2021-05-06 13:00:00,18.33,,,
2021-05-06 14:00:00,16.34,,,
2021-05-06 15:00:00,16.99,,,
2021-05-06 16:00:00,18.0,,,
2021-05-06 17:00:00,18.0,,,
2021-05-06 18:00:00,18.0,,,
2021-05-06 19:00:00,18.0,,,
2021-05-06 20:00:00,18.0,,,
2021-05-06 21:00:00,18.0,,,
2021-05-06 22:00:00,18.0,,,
2021-05-06 23:00:00,18.0,,,
2021-05-07 00:00:00,18.0,,,
2021-05-07 01:00:00,18.0,,,
2021-05-07 02:00:00,18.0,,,
2021-05-07 03:00:00,18.0,,,
2021-05-07 04:00:00,18.0,,,
2021-05-07 05:00:00,18.0,,,
2021-05-07 06:00:00,18.0,,,
2021-05-07 07:00:00,18.0,,,
2021-05-07 08:00:00,18.0,,,
2021-05-07 09:00:00,18.0,,,
2021-05-07 10:00:00,18.0,,65.44,35.45
2021-05-07 11:00:00,18.0,,68.44,35.36
2021-05-07 12:00:00,29.0,,68.64,35.56
2021-05-07 13:00:00,40.0,,,
2021-05-07 14:00:00,43.43,,66.64,35.66
2021-05-07 15:00:00,17.13,,69.31,35.35
2021-05-07 16:00:00,16.29,,75.17,34.91
2021-05-07 17:00:00,18.33,,74.85,34.6
2021-05-07 18:00:00,19.0,,76.56,33.98
2021-05-07 19:00:00,21.63,,79.31,33.31
2021-05-07 20:00:00,25.95,,80.32,33.0
2021-05-07 21:00:00,26.02,,81.93,32.62
2021-05-07 22:00:00,31.75,,82.26,32.42
2021-05-07 23:00:00,38.58,,82.61,32.17
2021-05-08 00:00:00,33.67,,84.16,31.63
2021-05-08 01:00:00,24.7,,85.19,31.32
2021-05-08 02:00:00,21.66,,86.22,31.18
2021-05-08 03:00:00,22.66,,87.26,31.09
2021-05-08 04:00:00,23.0,,87.76,30.93
2021-05-08 05:00:00,23.0,,88.01,30.81
2021-05-08 06:00:00,38.27,,88.4,30.79
2021-05-08 07:00:00,35.42,,84.44,32.0
2021-05-08 08:00:00,31.32,,75.86,34.0
2021-05-08 09:00:00,25.36,,62.39,35.92
2021-05-08 10:00:00,24.66,,61.86,36.38
2021-05-08 11:00:00,20.05,,69.42,35.59
2021-05-08 12:00:00,17.66,,71.7,35.33
2021-05-08 13:00:00,16.01,,72.24,35.18
2021-05-08 14:00:00,15.66,,71.78,35.47
2021-05-08 15:00:00,16.66,,74.7,34.88
2021-05-08 16:00:00,18.32,,75.55,34.83
2021-05-08 17:00:00,17.37,,79.15,34.04
2021-05-08 18:00:00,11.25,,80.53,33.52
2021-05-08 19:00:00,13.25,,81.1,33.17
2021-05-08 20:00:00,17.3,,82.05,33.02
2021-05-08 21:00:00,14.08,,83.69,32.75
2021-05-08 22:00:00,14.98,,84.53,32.53
2021-05-08 23:00:00,21.94,,84.63,32.42
2021-05-09 00:00:00,35.97,,84.47,32.22
2021-05-09 01:00:00,50.0,,83.72,32.11
2021-05-09 02:00:00,24.68,,83.48,31.88
2021-05-09 03:00:00,14.08,,84.71,31.58
2021-05-09 04:00:00,23.55,,85.74,31.68
2021-05-09 05:00:00,21.08,,86.0,31.59
2021-05-09 06:00:00,17.98,,85.98,31.34
2021-05-09 07:00:00,16.35,,83.82,32.21
2021-05-09 08:00:00,15.66,,76.94,34.35
2021-05-09 09:00:00,15.34,,69.44,35.37
2021-05-09 10:00:00,13.68,,71.5,35.32
2021-05-09 11:00:00,13.66,,71.89,35.37
2021-05-09 12:00:00,12.02,,72.79,35.09
2021-05-09 13:00:00,10.34,,72.54,35.05
2021-05-09 14:00:00,33.14,,72.38,34.97
2021-05-09 15:00:00,22.52,,72.21,34.83
2021-05-09 16:00:00,10.34,,72.5,34.78
2021-05-09 17:00:00,11.32,,75.91,34.23
2021-05-09 18:00:00,14.64,,80.37,33.41
2021-05-09 19:00:00,14.68,,82.09,33.0
2021-05-09 20:00:00,18.63,,83.24,32.75
2021-05-09 21:00:00,15.05,,83.64,32.52
2021-05-09 22:00:00,10.68,,84.81,32.21
2021-05-09 23:00:00,11.99,,85.97,32.06
2021-05-10 00:00:00,21.56,,85.63,31.88
2021-05-10 01:00:00,12.78,,85.38,31.63
2021-05-10 02:00:00,11.27,,84.61,31.58
2021-05-10 03:00:00,12.01,,85.03,31.2
2021-05-10 04:00:00,8.36,,85.73,30.96
2021-05-10 05:00:00,7.66,,85.51,30.69
2021-05-10 06:00:00,8.66,,85.42,30.91
2021-05-10 07:00:00,25.53,,81.97,32.29
2021-05-10 08:00:00,29.37,,71.72,34.29
2021-05-10 09:00:00,19.07,,60.34,35.75
2021-05-10 10:00:00,38.14,,65.17,35.52
2021-05-10 11:00:00,40.08,,65.5,35.3
2021-05-10 12:00:00,25.75,,63.53,35.55
2021-05-10 13:00:00,11.75,,62.8,35.4
2021-05-10 14:00:00,7.66,,62.14,35.46
2021-05-10 15:00:00,8.66,,63.98,35.16
2021-05-10 16:00:00,12.97,,67.48,34.69
2021-05-10 17:00:00,12.36,,71.19,34.03
2021-05-10 18:00:00,9.67,,74.82,33.27
2021-05-10 19:00:00,11.64,,77.86,32.5
2021-05-10 20:00:00,17.63,,79.0,32.1
2021-05-10 21:00:00,23.3,,81.18,31.61
2021-05-10 22:00:00,23.67,,83.23,31.63
2021-05-10 23:00:00,18.37,,83.62,31.57
2021-05-11 00:00:00,13.36,,84.25,31.21
2021-05-11 01:00:00,13.32,,84.14,31.3
2021-05-11 02:00:00,14.66,,84.46,30.86
2021-05-11 03:00:00,15.66,,85.56,30.6
2021-05-11 04:00:00,14.68,,85.28,30.73
2021-05-11 05:00:00,13.34,,85.1,30.61
2021-05-11 06:00:00,13.66,,85.08,30.86
2021-05-11 07:00:00,33.14,,81.97,32.02
2021-05-11 08:00:00,37.71,,73.32,33.61
2021-05-11 09:00:00,23.06,,69.74,33.84
2021-05-11 10:00:00,15.67,,64.74,34.7
2021-05-11 11:00:00,18.3,,65.08,34.73
2021-05-11 12:00:00,14.71,,66.65,34.65
2021-05-11 13:00:00,15.97,,64.81,35.02
2021-05-11 14:00:00,10.73,,64.95,34.95
2021-05-11 15:00:00,7.66,,64.7,34.83
2021-05-11 16:00:00,11.97,,67.25,34.54
2021-05-11 17:00:00,12.02,,69.18,34.01
2021-05-11 18:00:00,14.32,,72.73,33.33
2021-05-11 19:00:00,22.61,,76.56,32.63
2021-05-11 20:00:00,22.7,,77.53,32.21
2021-05-11 21:00:00,13.73,,78.15,31.86
2021-05-11 22:00:00,14.63,,80.32,31.59
2021-05-11 23:00:00,14.36,,80.35,31.55
2021-05-12 00:00:00,11.03,,80.89,31.29
2021-05-12 01:00:00,10.0,,81.91,31.19
2021-05-12 02:00:00,8.68,,80.82,31.25
2021-05-12 03:00:00,10.64,,80.27,31.18
2021-05-12 04:00:00,10.68,,80.58,31.08
2021-05-12 05:00:00,10.0,,80.47,31.21
2021-05-12 06:00:00,31.12,,81.95,31.06
2021-05-12 07:00:00,45.3,,78.97,32.1
2021-05-12 08:00:00,39.07,,70.21,34.14
2021-05-12 09:00:00,24.42,,71.0,33.56
2021-05-12 10:00:00,13.71,,66.42,34.38
2021-05-12 11:00:00,8.36,,64.8,34.74
2021-05-12 12:00:00,6.33,,64.55,34.76
2021-05-12 13:00:00,8.64,,62.04,35.15
2021-05-12 14:00:00,10.0,,63.7,34.82
2021-05-12 15:00:00,10.66,,64.71,34.6
2021-05-12 16:00:00,9.67,,66.46,34.27
2021-05-12 17:00:00,9.66,,68.06,33.92
2021-05-12 18:00:00,27.19,,70.34,33.27
2021-05-12 19:00:00,36.0,,73.41,32.53
2021-05-12 20:00:00,39.89,,73.83,32.3
2021-05-12 21:00:00,43.78,,75.06,32.05
2021-05-12 22:00:00,47.67,,75.68,31.95
2021-05-12 23:00:00,51.56,,76.3,31.85
2021-05-13 00:00:00,55.45,,76.82,31.91
2021-05-13 01:00:00,43.0,,77.07,31.59
2021-05-13 02:00:00,75.39,,77.45,31.53
2021-05-13 03:00:00,44.87,,78.15,31.06
2021-05-13 04:00:00,23.64,,79.44,30.82
2021-05-13 05:00:00,30.98,,80.41,30.72
2021-05-13 06:00:00,34.0,,80.76,30.87
2021-05-13 07:00:00,24.75,,76.58,32.27
2021-05-13 08:00:00,20.66,,69.6,33.76
2021-05-13 09:00:00,17.03,,65.95,34.21
2021-05-13 10:00:00,12.36,,65.42,34.4
2021-05-13 11:00:00,12.32,,63.03,34.96
2021-05-13 12:00:00,49.96,,61.75,34.78
2021-05-13 13:00:00,35.14,,61.48,34.93
2021-05-13 14:00:00,12.71,,61.88,34.77
2021-05-13 15:00:00,11.99,,62.57,34.71
2021-05-13 16:00:00,12.34,,67.44,34.11
2021-05-13 17:00:00,9.36,,69.56,33.69
2021-05-13 18:00:00,9.98,,71.84,33.04
2021-05-13 19:00:00,11.66,,73.7,32.5
2021-05-13 20:00:00,19.93,,75.7,31.94
2021-05-13 21:00:00,23.34,,77.38,31.55
2021-05-13 22:00:00,19.03,,78.78,31.37
2021-05-13 23:00:00,18.98,,78.91,31.09
2021-05-14 00:00:00,18.68,,80.76,30.91
2021-05-14 01:00:00,14.03,,81.38,30.73
2021-05-14 02:00:00,11.34,,82.55,30.19
2021-05-14 03:00:00,14.3,,83.81,30.3
2021-05-14 04:00:00,14.67,,83.36,30.44
2021-05-14 05:00:00,18.63,,83.44,30.38
2021-05-14 06:00:00,21.0,,83.69,30.33
2021-05-14 07:00:00,21.0,,82.39,30.79
2021-05-14 08:00:00,18.37,,73.44,33.02
2021-05-14 09:00:00,18.98,,65.12,34.36
2021-05-14 10:00:00,22.64,,57.97,35.79
2021-05-14 11:00:00,22.68,,62.85,35.71
2021-05-14 12:00:00,18.03,,67.79,35.08
2021-05-14 13:00:00,21.95,,67.89,35.06
2021-05-14 14:00:00,19.73,,65.67,35.07
2021-05-14 15:00:00,14.36,,66.62,34.98
2021-05-14 16:00:00,11.68,,64.42,35.06
2021-05-14 17:00:00,12.32,,64.69,34.59
2021-05-14 18:00:00,11.68,,71.74,33.73
2021-05-14 19:00:00,15.62,,76.27,32.95
2021-05-14 20:00:00,16.02,,78.6,32.6
2021-05-14 21:00:00,16.32,,80.51,32.19
2021-05-14 22:00:00,13.03,,80.45,32.34
2021-05-14 23:00:00,11.0,,79.72,32.3
2021-05-15 00:00:00,13.63,,79.6,32.21
2021-05-15 01:00:00,9.71,,79.89,32.1
2021-05-15 02:00:00,14.27,,81.16,31.84
2021-05-15 03:00:00,11.39,,80.89,32.2
2021-05-15 04:00:00,11.32,,80.62,32.12
2021-05-15 05:00:00,40.11,,81.07,31.96
2021-05-15 06:00:00,30.86,,81.44,32.14
2021-05-15 07:00:00,20.32,,74.54,32.84
2021-05-15 08:00:00,21.66,,62.34,34.18
2021-05-15 09:00:00,29.3,,55.86,34.76
2021-05-15 10:00:00,47.55,,60.73,34.79
2021-05-15 11:00:00,55.0,,57.83,35.36
2021-05-15 12:00:00,92.0,,56.35,36.48
2021-05-15 13:00:00,94.64,,50.41,37.84
2021-05-15 14:00:00,90.73,,44.37,39.22
2021-05-15 15:00:00,95.27,,59.84,38.32
2021-05-15 16:00:00,65.42,,65.0,37.47
2021-05-15 17:00:00,45.36,,64.43,37.41
2021-05-15 18:00:00,45.32,,69.03,36.72
2021-05-15 19:00:00,47.33,,72.23,35.36
2021-05-15 20:00:00,59.51,,70.28,35.25
2021-05-15 21:00:00,61.18,,54.59,37.08
2021-05-15 22:00:00,71.0,,50.61,37.63
2021-05-15 23:00:00,66.08,,44.21,38.33
2021-05-16 00:00:00,58.36,,78.03,33.66
2021-05-16 01:00:00,34.5,,83.55,32.38
2021-05-16 02:00:00,30.0,,,
2021-05-16 03:00:00,28.36,,87.27,31.59
2021-05-16 04:00:00,30.48,,,
2021-05-16 05:00:00,22.39,,79.06,31.5
2021-05-16 06:00:00,14.25,,78.26,31.69
2021-05-16 07:00:00,12.34,,71.88,32.75
2021-05-16 08:00:00,18.6,,70.86,33.63
2021-05-16 09:00:00,23.66,,64.26,34.57
2021-05-16 10:00:00,35.9,,61.09,35.6
2021-05-16 11:00:00,33.44,,55.15,37.42
2021-05-16 12:00:00,19.95,,,
2021-05-16 13:00:00,17.34,,49.32,39.26
2021-05-16 14:00:00,13.7,,46.19,39.31
2021-05-16 15:00:00,9.36,,46.84,39.23
2021-05-16 16:00:00,8.0,,45.73,39.64
2021-05-16 17:00:00,11.29,,43.39,39.93
2021-05-16 18:00:00,8.88,,43.34,39.59
2021-05-16 19:00:00,9.65,,45.85,38.7
2021-05-16 20:00:00,10.66,,51.61,37.12
2021-05-16 21:00:00,10.34,,53.09,36.71
2021-05-16 22:00:00,6.7,,53.39,36.57
2021-05-16 23:00:00,4.34,,56.95,35.53
2021-05-17 00:00:00,4.66,,56.26,35.5
2021-05-17 01:00:00,4.34,,57.07,35.04
2021-05-17 02:00:00,6.64,,57.34,34.92
2021-05-17 03:00:00,6.02,,61.58,33.92
2021-05-17 04:00:00,3.02,,66.3,32.84
2021-05-17 05:00:00,3.58125,,,
2021-05-17 06:00:00,4.1425,,,
2021-05-17 07:00:00,4.70375,,,
2021-05-17 08:00:00,5.265000000000001,,,
2021-05-17 09:00:00,5.82625,,,
2021-05-17 10:00:00,6.3875,,,
2021-05-17 11:00:00,6.94875,,,
2021-05-17 12:00:00,7.51,,,
2021-05-17 13:00:00,8.071250000000001,,,
2021-05-17 14:00:00,8.6325,,,
2021-05-17 15:00:00,9.19375,,,
2021-05-17 16:00:00,9.755,,,
2021-05-17 17:00:00,10.31625,,,
2021-05-17 18:00:00,10.8775,,,
2021-05-17 19:00:00,11.43875,,,
2021-05-17 20:00:00,12.0,,,
2021-05-17 21:00:00,10.755714285714285,,,
2021-05-17 22:00:00,9.51142857142857,,,
2021-05-17 23:00:00,8.267142857142858,,,
2021-05-18 00:00:00,7.022857142857142,,,
2021-05-18 01:00:00,5.778571428571428,,98.66,27.61
2021-05-18 02:00:00,4.534285714285714,,98.66,28.1
2021-05-18 03:00:00,3.29,,98.66,28.67
2021-05-18 04:00:00,5.98,,98.66,28.55
2021-05-18 05:00:00,7.0,,98.66,28.36
2021-05-18 06:00:00,5.02,,98.66,28.88
2021-05-18 07:00:00,3.34,,98.58,28.13
2021-05-18 08:00:00,3.0,,98.66,27.63
2021-05-18 09:00:00,5.64,,98.66,28.98
2021-05-18 10:00:00,6.34,,98.66,28.88
2021-05-18 11:00:00,5.34,,98.66,29.66
2021-05-18 12:00:00,18.22,,98.58,30.46
2021-05-18 13:00:00,18.42,,91.17,32.3
2021-05-18 14:00:00,20.95,,85.47,33.05
2021-05-18 15:00:00,29.95,,84.97,33.02
2021-05-18 16:00:00,30.36,,86.51,32.77
2021-05-18 17:00:00,27.67,,88.35,32.46
2021-05-18 18:00:00,23.03,,89.82,32.21
2021-05-18 19:00:00,21.0,,90.88,31.98
2021-05-18 20:00:00,18.36,,91.53,31.88
2021-05-18 21:00:00,20.97,,90.71,31.85
2021-05-18 22:00:00,30.27,,93.05,30.4
2021-05-18 23:00:00,18.8,,98.64,28.03
2021-05-19 00:00:00,11.0,,98.65,27.59
2021-05-19 01:00:00,7.03,,98.66,27.45
2021-05-19 02:00:00,2.35,,98.66,27.39
2021-05-19 03:00:00,2.98,,98.66,28.73
2021-05-19 04:00:00,4.66,,98.66,29.11
2021-05-19 05:00:00,6.32,,98.66,29.11
2021-05-19 06:00:00,8.98,,98.66,27.76
2021-05-19 07:00:00,7.36,,98.66,26.81
2021-05-19 08:00:00,4.01,,98.66,27.2
2021-05-19 09:00:00,3.0,,98.66,27.63
2021-05-19 10:00:00,3.0,,,
2021-05-19 11:00:00,7.3,,94.43,30.69
2021-05-19 12:00:00,12.29,,86.22,32.4
2021-05-19 13:00:00,18.63,,80.49,32.66
2021-05-19 14:00:00,9.67,,72.8,33.44
2021-05-19 15:00:00,4.66,,68.81,33.66
2021-05-19 16:00:00,15.53,,72.5,33.77
2021-05-19 17:00:00,15.06,,73.08,33.38
2021-05-19 18:00:00,17.95,,77.46,32.77
2021-05-19 19:00:00,21.66,,83.58,32.05
2021-05-19 20:00:00,20.68,,86.53,31.62
2021-05-19 21:00:00,31.85,,88.55,31.4
2021-05-19 22:00:00,27.47,,90.98,31.33
2021-05-19 23:00:00,18.7,,93.18,31.11
2021-05-20 00:00:00,14.38,,92.35,31.19
2021-05-20 01:00:00,15.63,,93.34,31.01
2021-05-20 02:00:00,16.34,,93.62,30.91
2021-05-20 03:00:00,14.68,,92.91,30.52
2021-05-20 04:00:00,15.97,,93.43,30.23
2021-05-20 05:00:00,20.95,,93.6,30.07
2021-05-20 06:00:00,22.34,,93.25,30.07
2021-05-20 07:00:00,22.66,,91.1,30.68
2021-05-20 08:00:00,22.34,,85.53,32.38
2021-05-20 09:00:00,20.02,,77.7,33.48
2021-05-20 10:00:00,27.56,,72.11,33.76
2021-05-20 11:00:00,37.95,,73.97,33.91
2021-05-20 12:00:00,30.47,,73.29,33.76
2021-05-20 13:00:00,24.34,,74.53,33.79
2021-05-20 14:00:00,20.03,,76.28,33.63
2021-05-20 15:00:00,17.34,,73.99,33.95
2021-05-20 16:00:00,14.37,,76.19,33.77
2021-05-20 17:00:00,12.34,,76.95,33.59
2021-05-20 18:00:00,12.0,,79.75,33.02
2021-05-20 19:00:00,11.34,,82.04,32.5
2021-05-20 20:00:00,13.62,,83.51,32.24
2021-05-20 21:00:00,13.68,,84.51,31.97
2021-05-20 22:00:00,11.68,,85.38,31.9
2021-05-20 23:00:00,12.98,,86.86,31.69
2021-05-21 00:00:00,13.34,,89.14,31.36
2021-05-21 01:00:00,18.29,,90.27,31.17
2021-05-21 02:00:00,22.32,,90.66,30.86
2021-05-21 03:00:00,18.39,,91.78,30.62
2021-05-21 04:00:00,17.98,,91.25,30.63
2021-05-21 05:00:00,17.68,,91.81,30.53
2021-05-21 06:00:00,20.95,,92.4,30.44
2021-05-21 07:00:00,27.63,,88.88,31.54
2021-05-21 08:00:00,26.04,,80.88,32.71
2021-05-21 09:00:00,25.98,,74.29,33.28
2021-05-21 10:00:00,23.71,,70.16,33.95
2021-05-21 11:00:00,20.02,,69.54,33.95
2021-05-21 12:00:00,13.73,,69.56,34.01
2021-05-21 13:00:00,12.32,,69.47,33.7
2021-05-21 14:00:00,15.63,,71.4,34.1
2021-05-21 15:00:00,12.39,,71.28,34.01
2021-05-21 16:00:00,11.32,,73.58,33.8
2021-05-21 17:00:00,11.34,,74.27,33.57
2021-05-21 18:00:00,14.29,,76.88,33.08
2021-05-21 19:00:00,16.66,,79.82,32.52
2021-05-21 20:00:00,21.63,,80.67,32.32
2021-05-21 21:00:00,20.05,,82.05,32.2
2021-05-21 22:00:00,18.0,,82.66,32.04
2021-05-21 23:00:00,18.0,,82.85,31.98
2021-05-22 00:00:00,14.71,,83.23,31.95
2021-05-22 01:00:00,14.32,,84.06,31.71
2021-05-22 02:00:00,16.98,,85.02,31.48
2021-05-22 03:00:00,15.37,,87.98,31.21
2021-05-22 04:00:00,17.29,,88.91,31.01
2021-05-22 05:00:00,18.34,,89.88,30.84
2021-05-22 06:00:00,18.0,,89.42,30.84
2021-05-22 07:00:00,20.64,,85.84,31.87
2021-05-22 08:00:00,23.32,,76.13,33.92
2021-05-22 09:00:00,18.73,,72.67,33.86
2021-05-22 10:00:00,15.34,,69.5,34.48
2021-05-22 11:00:00,13.68,,68.18,34.68
2021-05-22 12:00:00,13.0,,70.88,34.25
2021-05-22 13:00:00,14.98,,70.26,34.4
2021-05-22 14:00:00,12.7,,68.05,34.6
2021-05-22 15:00:00,14.29,,71.14,34.17
2021-05-22 16:00:00,14.68,,73.6,34.11
2021-05-22 17:00:00,15.98,,75.47,33.81
2021-05-22 18:00:00,15.03,,76.04,33.41
2021-05-22 19:00:00,16.62,,,
2021-05-22 20:00:00,18.72,,,
2021-05-22 21:00:00,17.01,,78.28,32.61
2021-05-22 22:00:00,17.29,,79.62,32.54
2021-05-22 23:00:00,16.68,,80.08,32.47
2021-05-23 00:00:00,15.34,,81.32,32.35
2021-05-23 01:00:00,13.68,,81.34,32.28
2021-05-23 02:00:00,11.68,,82.26,32.11
2021-05-23 03:00:00,13.63,,83.88,31.87
2021-05-23 04:00:00,10.37,,84.38,31.77
2021-05-23 05:00:00,13.93,,83.42,31.03
2021-05-23 06:00:00,15.68,,97.24,25.66
2021-05-23 07:00:00,13.68,,96.72,26.83
2021-05-23 08:00:00,17.64,,91.97,29.53
2021-05-23 09:00:00,16.7,,88.96,31.19
2021-05-23 10:00:00,18.3,,84.5,33.16
2021-05-23 11:00:00,17.37,,72.25,34.48
2021-05-23 12:00:00,14.68,,72.34,34.33
2021-05-23 13:00:00,12.68,,72.53,34.48
2021-05-23 14:00:00,13.32,,73.13,34.56
2021-05-23 15:00:00,12.68,,72.88,34.54
2021-05-23 16:00:00,12.0,,73.75,34.4
2021-05-23 17:00:00,12.66,,75.6,34.02
2021-05-23 18:00:00,13.66,,77.18,33.54
2021-05-23 19:00:00,14.0,,80.45,32.87
2021-05-23 20:00:00,13.34,,81.71,32.62
2021-05-23 21:00:00,11.02,,83.73,32.3
2021-05-23 22:00:00,10.66,,84.11,32.39
2021-05-23 23:00:00,10.34,,84.52,32.23
2021-05-24 00:00:00,8.68,,84.91,32.1
2021-05-24 01:00:00,7.34,,85.61,31.88
2021-05-24 02:00:00,8.97,,86.15,31.89
2021-05-24 03:00:00,8.68,,86.47,31.73
2021-05-24 04:00:00,7.34,,87.39,31.55
2021-05-24 05:00:00,6.34,,87.67,31.43
2021-05-24 06:00:00,7.32,,88.84,31.17
2021-05-24 07:00:00,13.93,,85.72,31.92
2021-05-24 08:00:00,22.95,,81.25,32.98
2021-05-24 09:00:00,17.41,,77.82,33.69
2021-05-24 10:00:00,11.68,,73.69,34.16
2021-05-24 11:00:00,11.66,,72.87,34.45
2021-05-24 12:00:00,10.68,,76.97,34.23
2021-05-24 13:00:00,8.68,,73.21,34.46
2021-05-24 14:00:00,6.68,,,
2021-05-24 15:00:00,12.62,,73.2,34.68
2021-05-24 16:00:00,12.03,,74.34,34.43
2021-05-24 17:00:00,10.66,,76.4,34.08
2021-05-24 18:00:00,9.68,,78.4,33.37
2021-05-24 19:00:00,10.32,,83.22,32.66
2021-05-24 20:00:00,13.63,,84.81,32.43
2021-05-24 21:00:00,10.39,,85.97,32.3
2021-05-24 22:00:00,7.34,,86.38,32.24
2021-05-24 23:00:00,6.34,,86.05,32.17
2021-05-25 00:00:00,7.31,,86.28,32.06
2021-05-25 01:00:00,7.34,,86.16,31.94
2021-05-25 02:00:00,8.98,,86.97,31.79
2021-05-25 03:00:00,8.69,,87.25,31.66
2021-05-25 04:00:00,8.0,,87.55,31.5
2021-05-25 05:00:00,8.0,,89.12,31.2
2021-05-25 06:00:00,8.66,,89.07,31.22
2021-05-25 07:00:00,9.66,,86.97,32.02
2021-05-25 08:00:00,12.63,,83.42,32.92
2021-05-25 09:00:00,10.71,,80.67,33.51
2021-05-25 10:00:00,10.32,,79.56,33.72
2021-05-25 11:00:00,9.68,,76.6,34.16
2021-05-25 12:00:00,9.66,,77.06,34.25
2021-05-25 13:00:00,8.02,,75.31,34.18
2021-05-25 14:00:00,9.61,,75.35,34.25
2021-05-25 15:00:00,10.34,,75.99,34.12
2021-05-25 16:00:00,10.66,,78.04,33.92
2021-05-25 17:00:00,12.32,,78.84,33.52
2021-05-25 18:00:00,12.34,,82.03,32.93
2021-05-25 19:00:00,11.34,,82.95,32.48
2021-05-25 20:00:00,11.0,,83.0,32.35
2021-05-25 21:00:00,10.34,,83.31,32.15
2021-05-25 22:00:00,7.37,,84.23,32.08
2021-05-25 23:00:00,5.34,,84.52,32.02
2021-05-26 00:00:00,6.32,,83.74,31.96
2021-05-26 01:00:00,5.68,,83.41,31.81
2021-05-26 02:00:00,4.34,,82.65,31.8
2021-05-26 03:00:00,4.0,,83.18,31.72
2021-05-26 04:00:00,4.0,,83.92,31.59
2021-05-26 05:00:00,4.0,,84.81,31.41
2021-05-26 06:00:00,7.29,,,
2021-05-26 07:00:00,9.66,,82.84,31.69
2021-05-26 08:00:00,13.3,,78.37,32.59
2021-05-26 09:00:00,11.04,,76.15,33.22
2021-05-26 10:00:00,9.0,,73.73,33.72
2021-05-26 11:00:00,7.03,,72.44,33.79
2021-05-26 12:00:00,7.32,,73.83,33.65
2021-05-26 13:00:00,8.66,,71.53,34.2
2021-05-26 14:00:00,9.0,,70.25,34.21
2021-05-26 15:00:00,8.34,,71.05,34.04
2021-05-26 16:00:00,9.32,,72.48,34.02
2021-05-26 17:00:00,10.0,,73.23,33.67
2021-05-26 18:00:00,13.36,,76.09,33.02
2021-05-26 19:00:00,16.98,,77.53,32.55
2021-05-26 20:00:00,12.73,,78.7,32.45
2021-05-26 21:00:00,11.97,,78.37,32.42
2021-05-26 22:00:00,9.71,,78.44,32.37
2021-05-26 23:00:00,6.68,,78.76,32.32
2021-05-27 00:00:00,5.34,,80.11,32.16
2021-05-27 01:00:00,5.0,,80.06,32.09
2021-05-27 02:00:00,5.66,,80.87,32.01
2021-05-27 03:00:00,6.0,,81.26,31.95
2021-05-27 04:00:00,6.66,,83.97,31.67
2021-05-27 05:00:00,5.02,,84.7,31.56
2021-05-27 06:00:00,7.29,,83.32,31.77
2021-05-27 07:00:00,10.98,,82.33,32.39
2021-05-27 08:00:00,8.7,,81.03,33.09
2021-05-27 09:00:00,6.34,,78.92,33.41
2021-05-27 10:00:00,9.95,,79.23,33.57
2021-05-27 11:00:00,10.68,,77.99,33.8
2021-05-27 12:00:00,8.68,,77.69,33.89
2021-05-27 13:00:00,6.03,,75.3,34.34
2021-05-27 14:00:00,4.34,,75.36,34.38
2021-05-27 15:00:00,6.63,,74.66,34.33
2021-05-27 16:00:00,8.0,,74.92,34.16
2021-05-27 17:00:00,7.9772727272727275,,76.65,33.72
2021-05-27 18:00:00,7.954545454545454,,78.51,33.22
2021-05-27 19:00:00,7.931818181818182,,80.54,32.84
2021-05-27 20:00:00,7.909090909090909,,80.63,32.64
2021-05-27 21:00:00,7.886363636363637,,82.53,32.41
2021-05-27 22:00:00,7.863636363636363,,83.3,32.41
2021-05-27 23:00:00,7.840909090909091,,84.41,32.27
2021-05-28 00:00:00,7.818181818181818,,83.86,32.33
2021-05-28 01:00:00,7.795454545454546,,84.99,32.26
2021-05-28 02:00:00,7.7727272727272725,,84.44,32.19
2021-05-28 03:00:00,7.75,,85.37,31.96
2021-05-28 04:00:00,7.7272727272727275,,85.15,31.88
2021-05-28 05:00:00,7.704545454545454,,85.54,31.82
2021-05-28 06:00:00,7.681818181818182,,85.1,31.84
2021-05-28 07:00:00,7.659090909090909,,83.73,32.66
2021-05-28 08:00:00,7.636363636363637,,81.37,33.28
2021-05-28 09:00:00,7.613636363636363,,80.68,33.48
2021-05-28 10:00:00,7.590909090909091,,80.01,33.61
2021-05-28 11:00:00,7.568181818181818,,77.82,34.06
2021-05-28 12:00:00,7.545454545454545,,76.94,34.25
2021-05-28 13:00:00,7.5227272727272725,,76.39,34.43
2021-05-28 14:00:00,7.5,,74.66,34.47
2021-05-28 15:00:00,7.4772727272727275,,74.31,34.52
2021-05-28 16:00:00,7.454545454545455,,77.55,34.11
2021-05-28 17:00:00,7.431818181818182,,77.33,33.99
2021-05-28 18:00:00,7.409090909090909,,79.24,33.46
2021-05-28 19:00:00,7.386363636363637,,81.59,32.99
2021-05-28 20:00:00,7.363636363636363,,83.47,32.75
2021-05-28 21:00:00,7.340909090909091,,84.19,32.62
2021-05-28 22:00:00,7.318181818181818,,84.81,32.52
2021-05-28 23:00:00,7.295454545454545,,85.55,32.44
2021-05-29 00:00:00,7.2727272727272725,,85.91,32.27
2021-05-29 01:00:00,7.25,,86.05,32.16
2021-05-29 02:00:00,7.2272727272727275,,86.8,31.93
2021-05-29 03:00:00,7.204545454545454,,86.91,31.82
2021-05-29 04:00:00,7.181818181818182,,86.92,31.79
2021-05-29 05:00:00,7.159090909090909,,86.58,31.72
2021-05-29 06:00:00,7.136363636363637,,86.58,31.97
2021-05-29 07:00:00,7.113636363636363,,83.92,32.94
2021-05-29 08:00:00,7.090909090909091,,79.98,33.84
2021-05-29 09:00:00,7.068181818181818,,76.57,33.88
2021-05-29 10:00:00,7.045454545454545,,74.79,34.37
2021-05-29 11:00:00,7.0227272727272725,,71.92,34.75
2021-05-29 12:00:00,7.0,,72.06,34.93
2021-05-29 13:00:00,6.34,,72.01,34.95
2021-05-29 14:00:00,5.34,,71.47,35.02
2021-05-29 15:00:00,8.94,,74.22,34.35
2021-05-29 16:00:00,9.68,,75.77,34.38
2021-05-29 17:00:00,7.68,,77.61,33.94
2021-05-29 18:00:00,7.0,,80.09,33.52
2021-05-29 19:00:00,10.29,,81.35,33.16
2021-05-29 20:00:00,12.65,,81.93,32.97
2021-05-29 21:00:00,16.29,,82.08,32.89
2021-05-29 22:00:00,17.34,,,
2021-05-29 23:00:00,17.0,,84.43,32.54
2021-05-30 00:00:00,13.05,,85.05,32.63
2021-05-30 01:00:00,9.68,,84.91,32.53
2021-05-30 02:00:00,16.9,,73.7,31.64
2021-05-30 03:00:00,16.37,,74.55,31.38
2021-05-30 04:00:00,14.66,,75.88,31.26
2021-05-30 05:00:00,15.66,,77.14,31.2
2021-05-30 06:00:00,18.63,,80.84,31.25
2021-05-30 07:00:00,20.66,,80.5,32.3
2021-05-30 08:00:00,15.73,,76.48,34.48
2021-05-30 09:00:00,14.32,,74.07,34.8
2021-05-30 10:00:00,12.37,,74.18,34.61
2021-05-30 11:00:00,9.68,,73.18,34.69
2021-05-30 12:00:00,7.68,,71.95,34.77
2021-05-30 13:00:00,7.0,,74.2,34.67
2021-05-30 14:00:00,8.32,,73.52,34.64
2021-05-30 15:00:00,7.68,,73.59,34.59
2021-05-30 16:00:00,6.34,,75.18,34.27
2021-05-30 17:00:00,6.66,,76.14,33.94
2021-05-30 18:00:00,8.31,,78.97,33.6
2021-05-30 19:00:00,12.29,,80.44,33.22
2021-05-30 20:00:00,17.28,,80.4,33.13
2021-05-30 21:00:00,13.73,,81.27,32.99
2021-05-30 22:00:00,10.34,,82.59,32.82
2021-05-30 23:00:00,8.68,,80.77,32.21
2021-05-31 00:00:00,13.25,,80.98,31.62
2021-05-31 01:00:00,15.34,,82.31,31.12
2021-05-31 02:00:00,16.98,,83.67,30.52
2021-05-31 03:00:00,16.02,,84.04,30.35
2021-05-31 04:00:00,16.31,,83.67,30.26
2021-05-31 05:00:00,15.69,,84.09,30.1
2021-05-31 06:00:00,16.32,,84.84,30.14
2021-05-31 07:00:00,17.0,,84.7,30.69
2021-05-31 08:00:00,16.34,,80.66,32.43
2021-05-31 09:00:00,17.32,,74.82,34.69
2021-05-31 10:00:00,15.37,,75.57,34.66
2021-05-31 11:00:00,15.97,,76.98,34.29
2021-05-31 12:00:00,14.37,,75.03,34.26
2021-05-31 13:00:00,10.37,,77.63,33.93
2021-05-31 14:00:00,8.34,,76.59,34.37
2021-05-31 15:00:00,8.0,,75.72,34.41
2021-05-31 16:00:00,10.62,,78.17,33.82
2021-05-31 17:00:00,12.66,,78.84,33.72
2021-05-31 18:00:00,23.56,,80.19,33.44
2021-05-31 19:00:00,25.06,,81.9,32.99
2021-05-31 20:00:00,25.63,,82.59,32.92
2021-05-31 21:00:00,40.77,,82.4,32.98
2021-05-31 22:00:00,60.45,,83.76,32.79
2021-05-31 23:00:00,30.79,,84.47,32.47
2021-06-01 00:00:00,20.56,,,
2021-06-01 01:00:00,26.32,,86.62,31.62
2021-06-01 02:00:00,25.02,,88.01,31.45
2021-06-01 03:00:00,20.05,,88.14,31.28
2021-06-01 04:00:00,22.61,,88.39,31.18
2021-06-01 05:00:00,20.39,,89.0,31.08
2021-06-01 06:00:00,19.98,,88.95,31.2
2021-06-01 07:00:00,18.37,,87.33,31.7
2021-06-01 08:00:00,17.66,,84.95,32.49
2021-06-01 09:00:00,19.32,,81.54,33.41
2021-06-01 10:00:00,18.02,,76.33,34.68
2021-06-01 11:00:00,13.07,,76.15,34.59
2021-06-01 12:00:00,9.03,,77.22,34.51
2021-06-01 13:00:00,6.03,,76.81,34.72
2021-06-01 14:00:00,8.95,,76.86,34.68
2021-06-01 15:00:00,9.03,,76.8,34.72
2021-06-01 16:00:00,6.68,,76.45,34.48
2021-06-01 17:00:00,6.66,,79.18,34.05
2021-06-01 18:00:00,10.95,,79.47,33.91
2021-06-01 19:00:00,20.24,,77.02,31.39
2021-06-01 20:00:00,13.47,,95.97,27.49
2021-06-01 21:00:00,9.32,,98.41,27.62
2021-06-01 22:00:00,10.67,,98.28,28.05
2021-06-01 23:00:00,10.34,,98.56,28.25
2021-06-02 00:00:00,10.66,,98.66,28.29
2021-06-02 01:00:00,11.66,,98.66,28.24
2021-06-02 02:00:00,10.68,,98.66,28.3
2021-06-02 03:00:00,11.97,,98.63,28.24
2021-06-02 04:00:00,10.37,,98.59,28.23
2021-06-02 05:00:00,9.0,,98.62,28.28
2021-06-02 06:00:00,9.66,,98.64,28.45
2021-06-02 07:00:00,11.32,,97.84,29.37
2021-06-02 08:00:00,15.95,,95.11,30.49
2021-06-02 09:00:00,16.02,,85.36,33.22
2021-06-02 10:00:00,18.29,,79.12,34.1
2021-06-02 11:00:00,18.02,,79.75,33.92
2021-06-02 12:00:00,9.76,,75.82,34.37
2021-06-02 13:00:00,7.32,,75.22,34.23
2021-06-02 14:00:00,6.68,,75.91,34.31
2021-06-02 15:00:00,4.1,,77.6,34.04
2021-06-02 16:00:00,3.28,,80.81,33.77
2021-06-02 17:00:00,2.46,,79.85,33.92
2021-06-02 18:00:00,1.64,,79.92,33.72
2021-06-02 19:00:00,2.66,,82.57,33.14
2021-06-02 20:00:00,4.32,,84.45,32.93
2021-06-02 21:00:00,10.27,,86.14,32.71
2021-06-02 22:00:00,23.53,,81.71,32.25
2021-06-02 23:00:00,18.42,,83.18,32.14
2021-06-03 00:00:00,16.93,,83.36,31.41
2021-06-03 01:00:00,21.63,,82.81,31.05
2021-06-03 02:00:00,29.58,,83.63,30.92
2021-06-03 03:00:00,31.03,,86.92,30.9
2021-06-03 04:00:00,28.68,,82.78,30.68
2021-06-03 05:00:00,27.34,,84.0,30.27
2021-06-03 06:00:00,23.72,,85.47,30.33
2021-06-03 07:00:00,29.9,,84.62,30.95
2021-06-03 08:00:00,28.73,,77.67,32.71
2021-06-03 09:00:00,22.71,,74.11,34.22
2021-06-03 10:00:00,16.37,,70.7,35.16
2021-06-03 11:00:00,14.0,,71.8,35.19
2021-06-03 12:00:00,13.35,,71.59,35.43
2021-06-03 13:00:00,15.64,,72.11,35.41
2021-06-03 14:00:00,13.5,,72.36,35.2
2021-06-03 15:00:00,10.5,,74.74,35.04
2021-06-03 16:00:00,9.5,,71.82,34.86
2021-06-03 17:00:00,5.37,,69.41,34.47
2021-06-03 18:00:00,3.34,,73.56,33.95
2021-06-03 19:00:00,5.0,,76.2,33.56
2021-06-03 20:00:00,10.14,,70.95,31.62
2021-06-03 21:00:00,11.35,,72.98,31.21
2021-06-03 22:00:00,10.34,,73.43,31.33
2021-06-03 23:00:00,16.5,,75.33,30.91
2021-06-04 00:00:00,25.63,,75.91,30.75
2021-06-04 01:00:00,21.07,,77.86,30.22
2021-06-04 02:00:00,15.38,,79.44,29.95
2021-06-04 03:00:00,15.0,,78.33,29.76
2021-06-04 04:00:00,16.66,,80.76,29.45
2021-06-04 05:00:00,16.0,,82.65,29.36
2021-06-04 06:00:00,16.32,,82.07,29.56
2021-06-04 07:00:00,15.03,,78.79,30.44
2021-06-04 08:00:00,14.66,,71.84,32.57
2021-06-04 09:00:00,9.73,,67.71,34.58
2021-06-04 10:00:00,5.68,,65.97,35.38
2021-06-04 11:00:00,4.34,,67.06,35.52
2021-06-04 12:00:00,9.93,,66.44,35.55
2021-06-04 13:00:00,9.05,,67.66,35.16
2021-06-04 14:00:00,3.05,,70.78,34.99
2021-06-04 15:00:00,0.69,,75.24,34.88
2021-06-04 16:00:00,1.57,,76.87,34.44
2021-06-04 17:00:00,2.45,,78.11,34.09
2021-06-04 18:00:00,5.62,,80.02,33.64
2021-06-04 19:00:00,9.63,,81.82,33.28
2021-06-04 20:00:00,16.93,,81.94,32.96
2021-06-04 21:00:00,16.05,,93.88,28.36
2021-06-04 22:00:00,11.36,,98.42,27.47
2021-06-04 23:00:00,8.03,,98.27,27.91
2021-06-05 00:00:00,8.97,,98.01,28.32
2021-06-05 01:00:00,11.32,,96.6,28.36
2021-06-05 02:00:00,15.29,,96.22,28.46
2021-06-05 03:00:00,13.71,,95.84,28.49
2021-06-05 04:00:00,17.27,,94.63,28.66
2021-06-05 05:00:00,18.68,,89.78,29.21
2021-06-05 06:00:00,23.27,,85.69,29.6
2021-06-05 07:00:00,18.76,,87.41,29.59
2021-06-05 08:00:00,16.32,,85.29,30.8
2021-06-05 09:00:00,14.37,,78.84,32.03
2021-06-05 10:00:00,13.65,,78.18,32.5
2021-06-05 11:00:00,21.21,,76.32,33.54
2021-06-05 12:00:00,25.66,,71.4,34.58
2021-06-05 13:00:00,20.75,,74.24,34.01
2021-06-05 14:00:00,10.76,,75.37,33.55
2021-06-05 15:00:00,4.37,,75.05,33.36
2021-06-05 16:00:00,1.68,,76.93,33.15
2021-06-05 17:00:00,4.29,,74.81,33.71
2021-06-05 18:00:00,5.34,,79.22,33.05
2021-06-05 19:00:00,5.66,,,
2021-06-05 20:00:00,13.24,,82.92,32.29
2021-06-05 21:00:00,9.74,,,
2021-06-05 22:00:00,18.48,,,
2021-06-05 23:00:00,29.61,,,
2021-06-06 00:00:00,28.72,,89.87,27.83
2021-06-06 01:00:00,16.47,,98.6,26.56
2021-06-06 02:00:00,9.03,,98.66,26.65
2021-06-06 03:00:00,6.69,,,
2021-06-06 04:00:00,7.31,,98.58,27.4
2021-06-06 05:00:00,8.66,,98.66,27.21
2021-06-06 06:00:00,8.34,,98.66,27.52
2021-06-06 07:00:00,7.34,,98.43,28.05
2021-06-06 08:00:00,7.0,,96.19,28.75
2021-06-06 09:00:00,6.34,,92.89,29.56
2021-06-06 10:00:00,8.62,,88.56,30.52
2021-06-06 11:00:00,10.66,,70.34,33.53
2021-06-06 12:00:00,11.0,,67.66,34.23
2021-06-06 13:00:00,19.54,,67.97,34.48
2021-06-06 14:00:00,16.73,,69.04,33.98
2021-06-06 15:00:00,11.03,,,
2021-06-06 16:00:00,8.0,,74.22,33.68
2021-06-06 17:00:00,7.66,,74.72,33.59
2021-06-06 18:00:00,8.0,,79.37,32.82
2021-06-06 19:00:00,8.0,,81.85,32.18
2021-06-06 20:00:00,11.29,,82.22,32.03
2021-06-06 21:00:00,10.37,,82.69,32.01
2021-06-06 22:00:00,7.68,,86.22,29.81
2021-06-06 23:00:00,5.68,,95.06,28.96
2021-06-07 00:00:00,3.69,,93.94,29.41
2021-06-07 01:00:00,4.31,,93.38,29.31
2021-06-07 02:00:00,7.63,,94.41,29.31
2021-06-07 03:00:00,9.0,,94.21,29.38
2021-06-07 04:00:00,8.34,,94.58,29.31
2021-06-07 05:00:00,9.97,,94.86,29.19
2021-06-07 06:00:00,10.35,,94.52,29.35
2021-06-07 07:00:00,10.0,,93.32,29.37
2021-06-07 08:00:00,8.03,,90.5,30.23
2021-06-07 09:00:00,7.66,,91.05,29.07
2021-06-07 10:00:00,8.66,,96.28,27.85
2021-06-07 11:00:00,8.34,,94.13,28.88
2021-06-07 12:00:00,11.28,,89.41,30.16
2021-06-07 13:00:00,15.62,,87.17,31.36
2021-06-07 14:00:00,20.95,,79.0,32.99
2021-06-07 15:00:00,15.76,,76.36,33.3
2021-06-07 16:00:00,10.03,,73.52,32.55
2021-06-07 17:00:00,6.38,,68.75,33.56
2021-06-07 18:00:00,3.68,,74.37,32.68
2021-06-07 19:00:00,15.51,,78.86,31.97
2021-06-07 20:00:00,10.15,,80.97,31.54
2021-06-07 21:00:00,12.56,,87.08,31.21
2021-06-07 22:00:00,13.07,,86.13,31.17
2021-06-07 23:00:00,8.37,,86.48,31.12
2021-06-08 00:00:00,6.34,,87.55,30.96
2021-06-08 01:00:00,11.27,,88.59,30.62
2021-06-08 02:00:00,12.68,,91.47,29.96
2021-06-08 03:00:00,9.38,,96.72,28.94
2021-06-08 04:00:00,9.97,,96.19,28.73
2021-06-08 05:00:00,9.03,,95.49,28.76
2021-06-08 06:00:00,15.21,,95.45,28.95
2021-06-08 07:00:00,13.75,,94.45,29.69
2021-06-08 08:00:00,10.34,,89.91,31.13
2021-06-08 09:00:00,8.69,,94.79,29.44
2021-06-08 10:00:00,5.37,,98.64,27.91
2021-06-08 11:00:00,2.02,,98.66,28.14
2021-06-08 12:00:00,1.0,,98.66,28.36
2021-06-08 13:00:00,1.0,,98.66,28.98
2021-06-08 14:00:00,1.66,,97.95,30.31
2021-06-08 15:00:00,1.38,,94.4,31.16
2021-06-08 16:00:00,0.81,,88.25,32.33
2021-06-08 17:00:00,1.66,,91.84,30.52
2021-06-08 18:00:00,1.34,,94.75,30.26
2021-06-08 19:00:00,2.32,,94.87,30.42
2021-06-08 20:00:00,8.25,,96.09,30.4
2021-06-08 21:00:00,10.34,,94.91,30.41
2021-06-08 22:00:00,7.38,,92.87,30.59
2021-06-08 23:00:00,4.69,,95.78,29.84
2021-06-09 00:00:00,5.97,,96.14,29.91
2021-06-09 01:00:00,6.35,,95.6,30.22
2021-06-09 02:00:00,4.69,,92.01,31.05
2021-06-09 03:00:00,2.02,,87.59,31.55
2021-06-09 04:00:00,1.66,,90.01,30.45
2021-06-09 05:00:00,2.66,,91.07,29.99
2021-06-09 06:00:00,3.66,,91.4,30.4
2021-06-09 07:00:00,4.0,,95.33,29.43
2021-06-09 08:00:00,5.97,,96.35,28.98
2021-06-09 09:00:00,7.0,,96.52,28.61
2021-06-09 10:00:00,5.03,,97.81,28.31
2021-06-09 11:00:00,2.03,,98.66,27.7
2021-06-09 12:00:00,2.97,,98.66,27.6
2021-06-09 13:00:00,4.0,,98.66,27.86
2021-06-09 14:00:00,11.21,,98.66,27.68
2021-06-09 15:00:00,7.76,,98.66,27.69
2021-06-09 16:00:00,2.03,,98.66,27.92
2021-06-09 17:00:00,0.69,,97.29,28.71
2021-06-09 18:00:00,0.81,,96.54,28.55
2021-06-09 19:00:00,1.0,,95.65,28.55
2021-06-09 20:00:00,0.69,,93.13,28.23
2021-06-09 21:00:00,0.81,,92.19,28.32
2021-06-09 22:00:00,3.62,,93.51,28.21
2021-06-09 23:00:00,8.29,,93.76,28.11
2021-06-10 00:00:00,8.03,,95.1,27.84
2021-06-10 01:00:00,12.93,,95.09,27.73
2021-06-10 02:00:00,20.59,,94.78,27.7
2021-06-10 03:00:00,19.05,,94.18,27.91
2021-06-10 04:00:00,13.07,,96.98,27.55
2021-06-10 05:00:00,7.71,,98.66,27.27
2021-06-10 06:00:00,4.13,,98.66,27.41
2021-06-10 07:00:00,3.285,,98.66,27.23
2021-06-10 08:00:00,2.44,,98.66,27.71
2021-06-10 09:00:00,3.66,,98.44,28.44
2021-06-10 10:00:00,2.75,,95.96,28.95
2021-06-10 11:00:00,2.265,,96.14,29.09
2021-06-10 12:00:00,1.78,,92.01,30.17
2021-06-10 13:00:00,1.295,,83.81,31.47
2021-06-10 14:00:00,0.81,,86.11,31.07
2021-06-10 15:00:00,0.69,,96.38,27.81
2021-06-10 16:00:00,1.0,,98.66,27.11
2021-06-10 17:00:00,1.31,,98.66,27.77
2021-06-10 18:00:00,1.62,,98.66,27.23
2021-06-10 19:00:00,3.31,,98.66,27.37
2021-06-10 20:00:00,6.62,,98.66,27.29
2021-06-10 21:00:00,17.19,,98.66,27.39
2021-06-10 22:00:00,9.54,,98.66,26.99
2021-06-10 23:00:00,3.0,,98.66,27.11
2021-06-11 00:00:00,3.65,,98.66,27.39
2021-06-11 01:00:00,5.97,,98.66,27.48
2021-06-11 02:00:00,10.28,,98.66,27.25
2021-06-11 03:00:00,10.69,,98.66,27.06
2021-06-11 04:00:00,11.3,,98.66,27.08
2021-06-11 05:00:00,11.34,,98.66,27.26
2021-06-11 06:00:00,10.35,,98.21,28.33
2021-06-11 07:00:00,8.03,,96.53,28.47
2021-06-11 08:00:00,7.0,,96.69,28.75
2021-06-11 09:00:00,5.03,,94.29,29.24
2021-06-11 10:00:00,11.87,,89.52,30.65
2021-06-11 11:00:00,16.0,,83.92,31.43
2021-06-11 12:00:00,15.797297297297296,,86.49,31.11
2021-06-11 13:00:00,15.594594594594595,,96.23,28.59
2021-06-11 14:00:00,15.391891891891891,,98.66,27.86
2021-06-11 15:00:00,15.18918918918919,,98.66,27.37
2021-06-11 16:00:00,14.986486486486486,,98.66,27.58
2021-06-11 17:00:00,14.783783783783784,,98.66,27.5
2021-06-11 18:00:00,14.58108108108108,,98.66,27.41
2021-06-11 19:00:00,14.378378378378379,,98.66,27.43
2021-06-11 20:00:00,14.175675675675675,,98.66,27.65
2021-06-11 21:00:00,13.972972972972972,,98.66,27.43
2021-06-11 22:00:00,13.77027027027027,,98.66,27.4
2021-06-11 23:00:00,13.567567567567568,,98.66,27.66
2021-06-12 00:00:00,13.364864864864865,,98.66,27.59
2021-06-12 01:00:00,13.162162162162161,,98.66,27.58
2021-06-12 02:00:00,12.95945945945946,,98.66,27.75
2021-06-12 03:00:00,12.756756756756756,,98.66,27.15
2021-06-12 04:00:00,12.554054054054054,,98.66,26.92
2021-06-12 05:00:00,12.35135135135135,,98.66,26.88
2021-06-12 06:00:00,12.14864864864865,,98.66,26.68
2021-06-12 07:00:00,11.945945945945946,,98.66,26.66
2021-06-12 08:00:00,11.743243243243242,,98.66,26.72
2021-06-12 09:00:00,11.54054054054054,,98.66,26.82
2021-06-12 10:00:00,11.337837837837839,,98.66,27.49
2021-06-12 11:00:00,11.135135135135135,,98.35,28.25
2021-06-12 12:00:00,10.932432432432432,,98.59,27.54
2021-06-12 13:00:00,10.72972972972973,,98.43,27.9
2021-06-12 14:00:00,10.527027027027026,,95.76,28.8
2021-06-12 15:00:00,10.324324324324323,,89.16,29.76
2021-06-12 16:00:00,10.121621621621621,,82.2,30.6
2021-06-12 17:00:00,9.91891891891892,,80.83,30.86
2021-06-12 18:00:00,9.716216216216216,,88.73,29.7
2021-06-12 19:00:00,9.513513513513512,,96.16,28.6
2021-06-12 20:00:00,9.31081081081081,,95.71,28.9
2021-06-12 21:00:00,9.108108108108109,,94.28,29.06
2021-06-12 22:00:00,8.905405405405405,,91.95,29.43
2021-06-12 23:00:00,8.702702702702702,,88.29,29.91
2021-06-13 00:00:00,8.5,,88.88,29.9
2021-06-13 01:00:00,8.297297297297296,,90.94,29.74
2021-06-13 02:00:00,8.094594594594593,,90.6,29.77
2021-06-13 03:00:00,7.891891891891891,,90.62,29.78
2021-06-13 04:00:00,7.6891891891891895,,91.37,29.69
2021-06-13 05:00:00,7.486486486486486,,91.31,29.71
2021-06-13 06:00:00,7.283783783783782,,92.52,29.43
2021-06-13 07:00:00,7.081081081081081,,95.57,28.9
2021-06-13 08:00:00,6.878378378378377,,97.24,29.27
2021-06-13 09:00:00,6.675675675675675,,91.65,30.8
2021-06-13 10:00:00,6.472972972972972,,90.87,31.0
2021-06-13 11:00:00,6.27027027027027,,88.55,31.25
2021-06-13 12:00:00,6.067567567567567,,84.2,31.77
2021-06-13 13:00:00,5.864864864864865,,80.07,32.43
2021-06-13 14:00:00,5.662162162162161,,80.33,32.45
2021-06-13 15:00:00,5.45945945945946,,80.99,32.51
2021-06-13 16:00:00,5.256756756756756,,82.27,32.28
2021-06-13 17:00:00,5.054054054054053,,84.58,31.86
2021-06-13 18:00:00,4.851351351351351,,85.81,31.35
2021-06-13 19:00:00,4.648648648648647,,88.03,30.91
2021-06-13 20:00:00,4.445945945945946,,89.04,30.81
2021-06-13 21:00:00,4.243243243243242,,89.67,30.84
2021-06-13 22:00:00,4.04054054054054,,89.82,30.75
2021-06-13 23:00:00,3.837837837837837,,90.5,30.58
2021-06-14 00:00:00,3.635135135135135,,89.95,30.67
2021-06-14 01:00:00,3.4324324324324316,,88.53,30.65
2021-06-14 02:00:00,3.22972972972973,,87.3,30.63
2021-06-14 03:00:00,3.0270270270270263,,86.32,30.62
2021-06-14 04:00:00,2.824324324324323,,87.03,30.57
2021-06-14 05:00:00,2.621621621621621,,90.34,30.25
2021-06-14 06:00:00,2.4189189189189175,,90.9,30.34
2021-06-14 07:00:00,2.216216216216216,,88.05,31.4
2021-06-14 08:00:00,2.0135135135135123,,83.78,32.0
2021-06-14 09:00:00,1.8108108108108105,,81.27,32.49
2021-06-14 10:00:00,1.608108108108107,,77.27,32.95
2021-06-14 11:00:00,1.4054054054054053,,78.58,32.88
2021-06-14 12:00:00,1.2027027027027017,,78.42,32.99
2021-06-14 13:00:00,1.0,,78.59,32.99
2021-06-14 14:00:00,1.0,,76.2,33.19
2021-06-14 15:00:00,2.98,,77.25,33.45
2021-06-14 16:00:00,4.66,,76.51,33.3
2021-06-14 17:00:00,7.62,,80.69,32.74
2021-06-14 18:00:00,7.69,,81.49,32.4
2021-06-14 19:00:00,8.97,,84.55,31.74
2021-06-14 20:00:00,10.65,,86.69,31.49
2021-06-14 21:00:00,28.05,,87.21,31.47
2021-06-14 22:00:00,35.02,,87.87,31.34
2021-06-14 23:00:00,24.82,,87.73,31.38
2021-06-15 00:00:00,21.53,,86.95,31.46
